/*--------------------------------*- C++ -*----------------------------------*\
  =========                 |
  \\      /  F ield         | OpenFOAM: The Open Source CFD Toolbox
   \\    /   O peration     | Website:  https://openfoam.org
    \\  /    A nd           | Version:  13
     \\/     M anipulation  |
\*---------------------------------------------------------------------------*/
FoamFile
{
    format      ascii;
    class       labelList;
    note        "nPoints:32843  nCells:98658  nFaces:229783  nInternalFaces:164849";
    location    "constant/solid_pipes/polyMesh";
    object      neighbour;
}
// * * * * * * * * * * * * * * * * * * * * * * * * * * * * * * * * * * * * * //


164849
(
4808
8953
9523
5831
8869
9515
1321
3634
4275
214
1763
7923
7937
8539
9937
90
2395
7678
9
8244
8788
8721
9518
9587
2399
4477
5016
8956
9046
7657
8676
9507
3014
3131
4566
859
1833
2357
1673
6270
6457
4010
5474
9598
297
3264
9057
2729
3653
7133
3235
3850
3999
724
2555
5229
4101
8906
9579
2281
5770
6120
2965
5027
5968
820
4698
4950
2563
3277
3718
2212
5276
6099
171
3416
8364
3326
4082
5117
2542
3958
4450
2724
3408
3669
1976
3156
7478
2637
3345
3723
1023
3232
6601
2769
3089
4577
2241
3066
5290
3674
3939
5217
3261
3500
5855
2974
3438
4109
2574
3198
4006
2798
2830
4307
5033
6467
9560
2715
3720
5714
2831
3074
5404
1525
6428
6696
2337
2733
5199
2839
2925
5443
2942
3441
3629
2028
4693
6343
1979
6264
6568
3106
3492
4500
2225
2847
4734
2652
3379
5014
2576
3930
5859
2620
3471
6019
2531
2572
4795
1104
6324
6797
2581
4461
5064
2557
5393
5886
8869
9553
9927
2549
3833
5780
2863
5449
9644
3842
4040
4817
2707
2913
5651
2843
3311
3626
2924
5964
6214
3446
5122
7382
2368
3800
6371
2206
5081
6419
567
1533
9162
2680
3132
3353
2004
4539
6569
3240
4718
4801
3001
3451
5612
2528
4155
6015
1912
4163
6790
3059
4041
6295
2012
4176
6679
3199
3259
4870
2454
3380
6412
1975
8574
9542
2400
5065
7121
3085
6376
7591
2636
2813
5716
2547
3083
6420
2242
4228
6730
2860
5584
7506
3321
6280
6396
2077
3019
6929
2835
3432
5244
862
6199
8466
2594
3141
4754
8181
8396
3390
9031
9528
2685
6068
6571
134
3584
8267
2920
2981
6165
2339
5974
9618
4904
5848
6742
2558
2829
6422
2404
3820
3975
3037
4158
7269
2603
3205
4328
2589
3804
6643
5386
8643
9575
1086
6411
7205
2629
5774
5860
2604
3188
6452
2784
6882
8091
1824
2907
6904
2463
5604
6572
2667
3941
7224
3230
3585
7855
2993
5234
8494
2301
4436
4665
2293
3445
6680
207
7457
8629
2585
2851
6065
1933
5655
6866
6112
6715
7598
3417
4499
7247
1957
5418
7278
5068
6485
6614
3549
5464
6839
3341
5596
6980
3617
3667
6255
2073
4067
6986
769
859
1809
4656
5050
5840
2298
4073
7455
1484
4949
7149
2755
2953
7938
1968
4927
7180
2479
6056
6260
2389
8226
9557
1540
5446
6160
6989
8968
2616
3260
5500
1651
5207
7139
2538
3484
6998
1211
2466
7929
1440
6336
7021
3175
3936
7537
346
5229
8279
2511
2795
5678
2032
3590
7125
1918
4115
6088
2394
5231
7891
3182
3744
6885
1479
4918
7117
3986
6072
7013
3121
5082
5638
1723
6116
8271
6613
6843
7779
2189
4603
5581
2252
4084
4598
2822
5420
6266
3116
4175
5707
4448
5384
6959
1116
1728
9581
197
9047
9123
3356
5561
5598
163
9027
9646
1846
4140
7110
5302
8136
9740
1590
1692
1658
6647
7884
7447
8852
9866
1398
6888
8279
1364
7378
7885
3925
6325
7964
4063
6147
6354
2438
3023
7015
1984
8324
6981
9534
9535
2042
4314
5806
2063
5189
5817
2348
7480
9707
539
7952
8871
1240
1379
8973
2386
5698
6573
1178
6779
8424
1380
6229
7322
1731
5975
7618
2413
6726
9645
340
7642
8836
2747
4686
5099
1145
3295
7396
2473
2778
6792
1033
6944
7329
2659
5070
6413
2355
4638
8777
2808
3352
5626
2354
2955
9685
1265
5213
8464
1620
4889
7499
1696
4160
7430
2326
4226
9659
2757
3858
5272
5944
8617
2885
9058
9547
3510
3992
7965
729
7790
8254
5477
5597
7563
4421
7223
9617
3300
3995
4529
2331
4490
6836
2134
4799
5751
1584
6443
8062
998
1193
6380
9003
9655
3735
3847
6058
1328
5824
7441
1165
7346
8154
2799
7813
9069
3587
3813
6558
8095
9073
1071
6337
7252
560
6710
8761
2518
2522
6503
5313
5408
7420
5205
5274
7194
966
7482
8183
1880
6047
6095
1629
8159
9570
5742
6228
6465
6801
7080
8051
232
2340
5958
3287
5735
9633
3427
4519
4680
4668
5219
7946
1667
5653
7512
1404
6294
7658
770
7525
8561
3574
3681
2022
5750
9126
1177
5926
6834
652
6198
7948
3894
5187
5917
1259
5249
7257
5648
5904
7028
2295
4270
5608
1312
5965
7737
1785
3156
5665
5141
5196
7415
4003
5600
8087
2411
5150
7030
1754
4178
7255
1652
3872
7369
2351
3978
7625
3004
3502
7287
2894
6218
7691
1226
5533
7365
2866
4792
7783
4021
6564
6788
4644
6414
8497
6462
8326
8437
1987
3733
8621
4781
8012
8027
3313
3455
7126
2265
3134
7443
5536
6707
7311
2000
4850
9059
1202
5805
8025
4197
5987
9632
7245
8240
8478
1551
8068
9567
7829
9568
9854
3372
5005
7243
3296
3459
5131
1006
6321
7154
1320
5286
7119
3139
5692
6649
6113
6600
7753
1261
6662
7292
3878
3898
5573
5340
5519
6945
1805
5542
6338
2296
5261
6459
1946
4664
7514
5221
6133
6978
2695
4208
7187
3104
6107
7310
2304
5610
6632
1840
4868
6426
4347
4543
4712
2741
4272
8028
1750
3888
7183
2499
5481
8103
3061
4128
7240
3035
3358
6892
1496
6450
8036
2561
3351
7019
1029
7473
7934
2284
3679
7864
2821
2990
5887
6654
6656
7305
2515
2682
7071
1969
4560
7511
7177
9671
3228
4957
6939
1705
5177
7421
3304
6663
7114
2133
7236
9711
2961
4588
7137
1065
8044
8124
915
8181
9785
2123
3550
7015
407
1833
8091
897
1904
5305
947
7488
8059
1385
6556
7241
1076
7675
9029
3562
5921
7894
4667
6531
7764
3377
4828
7096
3043
3513
5040
1019
7998
8267
6586
8896
9608
5223
5910
6242
2100
5319
6176
606
1983
6533
2333
3421
5345
1393
7916
9574
1369
6567
6637
1013
8396
8927
794
9043
9779
6240
7165
8333
1828
5424
7867
4955
6201
6254
1326
5174
7468
5461
7027
7413
2486
3236
9725
3124
5657
5810
2353
3111
7894
4611
6335
6607
5983
6889
8020
1244
8679
9572
1902
4130
7796
1541
4453
7253
2081
5948
6946
2336
3996
9701
9048
9171
2054
5086
6817
2840
4561
7078
2309
5407
8100
1394
6167
6560
3369
3780
7089
8192
8210
872
4964
8368
2619
2639
9718
2490
3206
7364
2007
6105
6756
3143
7889
8468
1241
5797
7640
1322
7078
7315
8194
8324
9025
1820
6612
6653
5710
5756
6707
3258
4295
9072
1473
5369
7126
1115
5764
7288
828
5266
5805
394
5424
7715
3238
6108
7588
609
4135
7548
1680
6651
6688
3075
6022
8390
6850
8213
9094
2370
5266
6488
2457
5412
7562
3991
4325
9559
3310
6879
8970
2987
3223
7689
1780
3533
7421
4337
6526
6978
2957
5929
8903
1262
7094
8334
945
6766
7600
1564
2395
8530
1342
7038
7346
2185
5472
7738
1452
7171
7353
2249
5905
7489
5346
6166
7358
6981
8550
8837
1922
4993
9672
4732
4825
6351
6640
6908
7705
3211
6134
8209
3507
4536
8147
2311
3054
6528
1803
4159
7262
780
4390
6919
2764
6898
8374
8977
9325
9590
6411
7889
3469
5339
5685
880
6304
7068
1636
6809
8268
2020
3948
5803
2485
4974
8566
1595
6358
7046
1126
6554
7467
1196
7768
7781
997
5383
6802
1139
6795
8368
1559
3632
7764
1333
3576
7433
7926
8963
2555
6803
9561
2408
4304
9691
3086
3136
7232
5888
5924
7990
6493
8172
8286
3960
6736
7662
1198
7138
7819
1958
7137
7721
7395
7500
8076
2509
3845
5799
1221
1379
5582
1594
2763
8376
2117
4354
8007
982
7477
7582
842
6432
7861
750
820
8985
2318
4126
6211
1036
8043
8791
1368
6992
7470
809
1222
7259
1160
5439
7020
2484
5039
6390
1692
3709
7663
4151
4367
5687
4321
7933
8039
2414
2420
6590
3450
5949
7770
2908
3805
8251
1747
5647
7388
4926
8543
9564
2282
3957
9850
2792
3305
7427
3436
5019
7357
1130
5317
7033
812
6317
6897
1365
6553
7074
1804
5991
7576
1774
4222
7840
1098
6772
6897
1597
7185
7808
1419
1517
3279
1298
6366
8433
3334
6891
6957
7525
9101
9526
5786
8380
8405
2730
4829
7677
3257
4020
7572
1761
3622
7362
1497
6722
7402
1565
5772
6281
5136
5725
6138
2035
4984
8714
841
6849
7477
4094
5868
6171
7081
7514
8189
1277
4853
8133
1310
6729
6744
2661
3133
7111
4677
5956
7209
2696
3072
7427
1488
4414
6495
807
7406
8563
2167
6370
6490
1383
4546
6556
3859
8056
9107
2423
5582
7658
1446
4104
6904
1679
6399
6838
783
6823
7154
2113
2687
4984
902
5719
8321
4857
6372
9845
1230
5814
7376
3658
3942
4549
5458
7052
7724
3195
4719
8158
1399
7265
7377
1167
6694
6872
648
9067
9635
2166
2844
8012
922
6093
8516
1192
5912
6939
1892
5409
8177
1205
7112
7222
2488
4194
7520
4196
4324
6012
1604
7182
8449
3569
4515
7988
2815
2994
6442
1329
7175
7355
1279
6498
7120
1082
6045
6482
3418
3537
4044
1272
5670
7615
7531
8681
9146
1786
3860
7333
5572
5700
9656
1801
5358
6377
1687
5092
6782
1235
7426
7513
1267
6689
7851
3405
3467
3576
1628
7268
7694
1363
8164
8341
814
6129
6500
7176
7631
9057
1593
3837
6988
651
1689
9894
2880
7370
7501
862
3171
4671
988
6704
7068
1726
6975
7189
1710
7235
7868
1096
7381
7587
2789
4341
8718
5083
6306
6609
1193
1392
9099
3115
4181
6223
712
6516
6744
5524
8055
8357
7839
8265
8675
1441
7452
8205
1641
5066
7367
3522
4774
4820
6645
8597
9616
1897
4315
7375
1735
2285
2763
1052
8307
8388
1990
4914
5902
1487
7036
7479
553
6944
8464
4275
7121
1306
5776
7165
931
7600
7715
2436
7523
8720
777
6198
7957
2139
3987
5620
632
3750
8803
1291
5864
6997
1915
7545
8004
918
6480
6691
1233
2950
6872
4368
4977
6042
1015
6453
6802
601
7641
8763
6450
7582
858
4657
5213
4062
4120
5822
3489
4121
5676
1529
6009
6299
4816
7350
7713
1451
6298
7770
2161
7691
1465
5342
6360
624
6849
7252
864
5779
7264
973
7051
8065
1773
2891
6839
1056
6883
7181
8891
9698
2045
4935
6141
1917
7327
9048
603
6436
7428
1460
5243
7873
836
8059
8468
1169
6375
6993
1693
7897
8058
789
2340
9117
7152
7392
8835
1978
5501
6308
1123
6499
7494
893
6480
6759
971
6221
6545
1512
5215
7420
1146
7630
8381
1421
3045
7074
2187
5592
6393
1053
6548
7300
2005
5631
6538
4231
5851
6008
3398
4340
6831
1384
7044
7571
1633
6007
7686
1770
5686
6075
1585
6162
7085
716
6644
9684
3981
6124
8978
3129
6564
8125
8192
9563
9609
1749
8184
9028
2026
5347
7689
2597
4205
8361
3151
8168
8944
1785
8740
2805
3057
7012
6161
7423
2646
2926
6878
2038
5726
6447
6409
8373
1107
5257
7224
1297
6023
6948
6324
7241
1049
5841
6724
2096
7537
9623
2194
4466
6386
627
8210
8791
1468
6775
7376
2102
7462
7504
7350
8071
8262
1080
7284
7332
683
8321
9752
2570
2819
4882
6924
8018
8701
2856
3602
8482
3843
4035
4127
2749
2893
6546
6167
6704
5804
6585
9654
6948
7475
8514
7044
8973
1100
3496
7746
990
6220
7206
2184
2273
6607
2135
6093
8771
8124
9003
2203
6349
7303
2307
4269
6776
2425
2503
5984
1043
7198
7981
1733
3118
5908
2369
5127
8660
1122
2154
8719
3068
4048
8872
8768
8924
9267
1252
9018
9938
1977
5754
6353
1155
7440
7493
4960
7648
8451
3309
5875
8657
2612
3525
9576
7835
7843
8148
8472
8552
929
7291
7697
3593
9578
9834
7482
8268
1853
4435
7357
2094
2787
5774
3612
4504
5748
808
5967
6994
1838
4989
6415
1118
4901
5941
748
6009
6243
2759
7003
7755
1763
2402
2609
2971
3325
7572
946
6823
7292
2401
3771
5538
3724
4594
6226
984
6104
8208
4653
5321
7105
1215
7548
7640
839
6516
7288
709
5772
6287
1417
7002
7277
6318
7621
8443
4657
7245
9772
802
5146
7264
5015
5130
9293
3905
4917
7534
2691
3571
5499
711
3621
6488
3246
8233
8940
4392
7379
9741
1415
6829
7484
928
7370
8206
7158
8379
2006
7102
8155
3503
5532
7644
6545
7599
9580
3568
3734
9299
1195
5055
6364
879
7320
7337
6135
6935
8101
797
6349
7737
1247
7366
7603
6905
7436
8196
2128
4473
7920
3415
7215
9533
1375
7211
8323
1106
5541
6611
3128
4424
7152
856
6454
7310
1042
6287
7020
1458
7785
8032
1657
3579
7348
1199
7086
7831
1684
5728
8158
1346
7678
7811
1519
2072
4642
1200
7486
7729
3349
4783
6209
6317
7257
1035
6554
7031
4857
8597
6766
7441
1109
7851
8053
1189
7450
7559
1888
2543
6398
5029
5063
909
5472
6612
5156
6952
7566
833
6037
6500
7544
7585
8887
2285
2663
8855
1225
6477
7306
1179
3852
4964
6843
7591
866
8445
9108
2151
8753
8961
2877
4348
6449
1319
6755
8314
4222
7781
1907
4039
9643
2841
5549
9085
1362
6423
6937
3592
8497
8799
1216
6286
7108
1418
4440
7240
4909
5895
8455
1695
3998
7410
1031
4853
6105
1218
7528
7857
1947
3520
6890
2047
3561
7250
882
7698
7832
751
5656
8922
746
7140
7256
948
6942
7918
7210
7317
1068
7619
7669
6304
7365
1408
4269
6233
3634
6203
6942
7198
3665
3952
7495
1535
7554
8087
1113
7463
7643
1924
2466
3546
2390
3621
6638
7437
7665
8289
782
8339
8594
1057
6598
7615
2224
5652
9034
957
6108
6499
1332
6433
6724
1256
6369
7857
5392
6061
7645
2213
2480
6340
8503
8659
8955
1268
4971
8338
1248
6734
8851
5504
8957
8648
9082
1090
7590
8118
1366
6621
6916
2322
5930
7855
2128
7757
9548
3294
6203
8547
1108
6243
7033
5647
7528
2409
6787
7574
5611
6931
8851
877
8879
1313
7206
7416
1867
5543
5542
6772
837
6773
8223
2126
5836
7635
3725
6057
6510
1301
6593
7610
1345
2492
8551
825
3291
8033
7931
7990
8263
1449
3424
8100
5922
6699
8131
3299
3452
5057
8450
8552
1210
7172
7726
1337
3498
7686
8110
8178
959
6104
6114
992
6225
6621
1273
5788
9882
6583
8690
9600
6145
6436
899
3415
8466
2067
2931
6614
1913
3494
6796
1062
2170
8648
7449
8352
5635
6487
3480
6999
7371
8392
8784
2590
5324
6059
6321
7149
1560
6094
6364
5635
7492
1294
6224
8571
963
7048
7123
2363
3949
8017
2119
8129
9743
2650
3938
6742
7709
7983
3284
3955
8837
1152
5344
5932
1183
7143
7869
2161
5309
5939
8672
9102
933
7181
7300
3137
6739
6799
6645
6662
3399
4406
5535
2711
5169
7294
1147
7226
8303
1026
5836
6756
4782
6994
1288
6799
7059
6030
7129
8573
3733
7867
6916
7643
2915
4814
7415
5358
6433
3208
5759
6185
7021
7329
6773
7832
5609
5757
5843
3389
3776
7495
1474
6258
6611
1509
6950
7966
1511
3584
8765
3278
6928
8041
3961
8281
8846
3528
7550
9123
1589
6164
7644
3519
4193
4974
3765
5456
8779
1217
6469
6807
969
8164
8516
5488
7467
5815
5879
7762
4421
8036
5193
8298
1911
5368
5771
1411
3365
6937
7168
7227
972
7150
7805
6055
6161
1717
6481
6602
7868
8266
1010
6205
6883
937
5864
7086
3176
4856
8250
3088
4773
7028
1284
5547
7546
6646
8983
1066
3295
3891
994
6901
7800
4413
5570
6718
1454
3312
8313
6919
7943
8842
1034
6598
7462
8132
8201
6337
7139
2533
3263
5871
7123
7463
1286
7140
7383
1129
7435
7593
3081
6524
8049
3213
3934
8657
932
6075
6997
989
6341
7738
1182
5880
7794
1170
6205
7633
1740
6252
6577
1085
6132
6731
5967
7712
1121
6274
8576
1618
4666
9818
1094
6990
7260
5184
8736
1367
4977
6464
3118
8660
1088
7317
7320
1788
3541
6394
7129
8343
955
7782
8130
6530
6667
8250
1028
6360
6653
5744
8095
8925
3852
8968
9186
1494
6187
7017
7810
7890
2491
3214
7705
1637
7532
8844
1894
5932
5990
1973
2681
5855
2607
4092
9069
1333
4808
942
5125
6715
1845
5943
7214
4893
6487
1486
6594
6717
1021
8871
8985
1397
1459
9855
1979
3139
1102
6353
6548
3633
6032
7409
1743
3803
7287
1325
7316
7965
1077
2327
3906
4726
6056
7926
7059
7337
1292
2566
6959
5905
6729
6807
6993
7958
8093
1161
5569
6577
1311
4600
7949
1745
5323
7133
6375
7396
3318
7358
7405
7881
7911
8558
1163
6524
6901
1105
6529
7588
6246
7013
2914
8732
8866
1986
3904
4600
6866
7205
7322
8025
2819
7618
6824
7782
1176
8456
9032
2317
3197
7947
2687
4338
8901
1760
5747
7566
3754
7134
8410
2111
5641
9797
8208
8356
1051
8426
8714
7993
8097
1190
5603
6602
7836
7847
6622
7361
8411
4327
8608
8806
2999
4910
8585
7347
7974
2089
4847
5642
1305
6221
7468
8445
8449
2328
2771
4784
1285
3657
7946
8053
8254
1011
1283
9668
5797
7430
2771
8528
8678
9847
4623
6109
9130
1062
1551
2088
2993
7118
9586
3496
8983
9240
2259
2442
3793
1370
6912
7184
1619
5560
6257
2938
6748
6801
4868
6560
3170
3343
6822
8554
9022
1772
8903
9611
2314
3146
5660
1556
6780
7488
3948
6299
7385
7780
6689
7576
2153
5746
5877
6808
7660
2272
3290
7243
7276
8127
2391
2451
3674
3552
4085
5138
4893
7228
1552
3273
7539
2740
5325
7598
1087
7117
7630
5606
9088
9107
1162
6762
6826
2472
7103
8813
1941
5282
8345
7942
8147
9610
6229
6569
7888
8111
9141
1336
3315
6396
1270
2419
4507
7825
7871
9671
9860
1224
1983
3527
8953
9108
1998
3160
6266
6175
6691
1054
4258
7546
1133
5352
5746
1171
6775
6984
4115
6120
7075
7897
8742
5549
7038
4367
8211
9800
1356
5986
8283
3970
5907
8633
6492
7215
9714
7930
8138
1355
5663
6225
7759
7961
6031
7916
1065
1688
5804
8082
8235
1673
3909
5228
6572
6779
8206
8433
5779
7570
6419
6888
2230
5337
6118
1311
6806
7839
1164
6585
7494
2267
5264
5605
4102
5357
7563
3987
6094
7847
8130
1388
2044
5464
1442
2570
5342
1061
1704
8610
1419
4546
5703
5834
8583
8829
5764
7255
6532
7261
7895
7256
8201
6848
8285
3304
4801
4331
6657
1184
3546
9013
2953
4718
5592
6258
2199
2980
6297
1077
2389
6268
2621
2902
7027
3613
3778
1877
8088
2090
6846
7887
5901
6076
7285
7647
8245
6826
7831
7345
7451
8778
7172
7276
4534
5509
5593
4860
6529
9127
6336
6343
1258
8266
9524
3076
5783
6945
4036
4230
8523
6764
8015
9172
1201
3264
8404
2933
3251
6573
1587
6180
6648
7780
7890
4206
8689
8757
5521
8222
4597
7446
8521
1527
5431
7004
5619
6381
6980
7885
8475
9058
8662
8665
2137
6107
6576
7810
7961
1935
5251
5539
1704
8610
9601
9604
6984
9546
9770
6404
7048
1663
8376
8470
8082
8138
1140
8203
8562
3421
6281
1181
5094
5264
6795
7499
6245
6971
7395
7690
7827
8102
1869
2699
7653
6116
7247
7734
7807
5670
7183
5477
7419
3771
5990
7416
7768
1826
3988
9824
1314
5741
7869
2198
3431
7067
8589
8605
1389
3774
6042
5824
6986
1727
3889
8170
1127
6090
6404
3482
7055
5378
6803
8945
1470
4114
6305
7800
8143
1251
6603
7115
2965
6613
1982
5915
6641
2605
3113
8140
6055
6576
6241
6289
8361
9023
9041
6717
7061
5533
7110
2421
3025
5897
2520
3332
6634
5841
7333
4379
6288
7511
2065
3049
5863
2120
3082
3500
1601
3689
7105
1992
3769
5848
6443
6730
7210
7267
1232
7061
8247
1249
7359
7929
2011
5361
6739
5695
8101
8708
5692
7933
6294
6679
8618
9191
1149
7214
8133
7731
7761
1400
8085
8528
3422
5632
6091
5317
7253
4901
5522
8134
1335
8987
9682
7717
7759
2207
3638
5217
1721
2390
5754
2245
2387
6113
3219
4502
7534
5249
7125
6220
7375
7122
7769
7454
8819
8198
8434
7891
7952
1830
3660
9052
6145
6437
2975
5343
5913
4272
8039
1918
7938
7119
8475
2587
5795
6071
1224
4472
9519
2030
4942
7535
2147
5574
6929
5910
7254
3289
8906
4082
6380
7998
8062
1903
5336
6776
5541
6988
8418
8580
6497
8259
8566
9638
7745
8184
8295
1626
7607
9089
6563
8326
8710
2676
3145
5444
7518
7930
6369
7367
7634
7744
9502
6453
6745
1552
8926
1223
5393
6725
5439
7369
2484
6538
3663
4099
5498
4642
8032
7985
8113
6477
7861
1768
7866
9167
6428
7114
2957
6977
9662
1462
5354
5663
7827
8093
1759
3521
5388
1906
2826
6280
4551
7340
7529
7166
9073
9627
8143
8247
8707
8817
6062
6886
8593
2164
4005
5737
5318
6216
6762
5926
7599
6733
7385
2894
8028
4935
6481
2367
8153
8398
5961
8327
9727
7884
8043
1309
1331
2392
3804
5718
3040
8301
6808
8223
5207
6371
2200
6620
6733
1281
7425
7518
3915
3927
9130
5286
7480
2211
4119
7409
7985
8640
5146
7188
2103
3442
6780
7284
7590
1302
7524
7966
5659
6698
7774
2424
2918
6389
1257
7285
7383
2097
3340
7037
6797
7455
1492
6458
8655
1759
5694
7652
1774
6390
1767
5398
6413
6126
7680
9620
7761
8235
3229
7762
7792
8546
2799
7144
7858
9132
1914
5699
1393
7840
3418
5759
6185
1341
4908
5251
1401
4878
5698
7948
8177
7267
7896
7808
8789
4949
6412
4035
4127
4549
3358
6338
7843
9037
1561
4748
7424
1629
6741
9882
8424
8803
3138
3879
7394
8341
8455
2259
8813
7249
8940
9019
2556
9799
3185
4277
8146
6366
7625
5128
5459
9881
1718
7282
7792
2179
4659
6783
3568
5847
9352
1540
6144
9597
7340
7431
8790
6286
7332
4268
5473
6818
6283
7635
7544
9033
9534
3404
8145
9669
7007
7390
4931
7413
5038
9134
1409
4847
5890
8479
8682
8642
8744
8801
1659
5313
7188
6274
8640
6654
7706
2082
8647
8795
5965
6998
4211
5015
9305
2884
5777
8872
5785
7406
6015
6260
2461
8390
9688
3907
4839
7379
6282
6497
6132
7876
2171
6824
8459
1464
5886
6388
8492
8655
5152
6414
1642
8989
9128
3292
8204
8912
1429
5621
3845
6377
6194
4927
6019
5631
6252
4393
7610
1797
2852
6829
1506
3709
5686
2751
7682
9843
4864
7811
7957
6990
7698
4918
6420
2399
3446
6454
7281
2497
3157
9536
2286
2573
7361
7315
7842
4160
6422
3547
6448
6884
5655
5859
7493
8118
1352
6825
8691
1334
7666
3571
5877
3449
6275
1429
8439
2320
8971
7001
7209
4425
6482
3650
7671
8500
1995
7923
9168
1598
6657
9653
5569
6890
9030
9171
1454
1510
8275
3797
4024
5565
7746
8205
4829
7388
3095
3636
9047
1678
2000
3298
1572
7282
7389
3267
3522
4774
3614
7650
8616
7955
8460
3368
4231
6008
1481
4848
5337
7775
7823
9156
9540
1591
2602
5860
2631
3411
9756
2970
8978
9678
1860
3405
8961
4452
5071
5336
5966
6731
1957
6264
5016
5964
6037
7008
8638
8776
8568
8582
7366
7381
7112
7353
7065
7731
3204
7910
8325
2761
5311
9636
3398
5535
8358
7294
7556
7978
6432
8314
3625
6580
7992
3468
5792
5840
2192
5795
7433
5602
6761
6295
6696
1646
8902
9728
1945
7270
7633
8846
8951
1444
2343
3340
5446
8271
1582
3517
5943
2492
9225
9328
4561
5488
6985
7408
5392
8488
9313
2237
4135
8951
8863
8948
5869
8019
2333
5803
7409
7469
7879
2058
6101
7685
3060
9891
5064
6376
8097
8198
7836
8325
6571
6965
1784
3939
6154
5619
6731
6937
5714
6647
3725
8579
9356
3774
6168
6961
3084
6348
9100
7766
8153
5055
7362
1837
5094
6394
5619
7799
4584
5911
9015
1520
6439
6911
1457
3925
6136
6282
6328
4489
4671
7520
7435
7726
6553
6940
6758
7822
1809
6283
7155
4782
7289
2883
8901
9120
2832
8348
9628
3090
3179
6125
1762
8408
8855
6132
6381
7966
1852
5407
7289
1878
6083
8806
5077
5246
1665
5352
6796
1714
5344
7410
1463
5585
7979
5547
7007
7067
3329
6474
7239
3487
3671
4410
4525
6936
8116
6542
9349
9650
1475
6610
6649
2617
4865
5942
4450
5604
4889
6680
7717
7752
4294
5136
6057
1984
2653
3817
4062
5822
5369
7124
4638
8567
9739
3297
7977
8513
5252
6644
1629
4053
9882
6694
7173
7825
7958
2108
6289
6932
3639
8874
5973
8190
8731
3649
4504
5748
5458
6625
6755
7887
2297
7164
6896
7142
1686
5903
7270
6505
6604
2072
9690
3585
6016
1731
6214
1606
9120
9668
2879
4962
9892
6852
7394
1550
2165
7947
7681
7766
3627
4121
5676
6657
7390
7546
5912
7258
3452
5605
8539
8771
2202
4702
9635
5635
6500
6994
1502
5037
6216
4176
5443
3558
5105
7032
5603
7250
1842
8377
8591
1618
2412
5901
4539
5290
2720
3406
4729
7122
8113
7734
7993
5431
7559
3825
4594
6226
8042
9342
9651
2609
7510
9062
8084
8653
5967
6480
6487
5560
7306
5557
7220
8380
3035
6426
7450
7587
8976
9844
9872
6282
6593
6829
1850
3567
6485
2568
3508
5307
5181
6455
1765
5890
7348
3898
4420
5573
1873
6789
8600
5309
6469
2948
3624
4196
6368
6682
8723
5823
6381
9591
9594
1686
7791
7922
5742
7442
2951
5725
6223
2051
3046
5420
2018
6841
7067
1755
7273
9812
3606
7865
1899
4341
4837
5388
6846
4912
6090
3409
8076
8540
2997
3735
3847
2531
2584
2932
4598
4680
4879
3240
3850
3199
3673
3995
6219
7425
3320
4487
8873
2139
5538
1975
3648
7728
4308
5585
5785
2507
4065
4865
1634
7053
8860
3138
4097
9770
6228
7579
1952
5699
8707
2651
2848
5278
4893
6691
6802
2241
2972
3242
9598
4140
6452
6919
8365
9036
1851
4441
5354
3924
6950
7534
2337
2887
2930
2225
3002
3931
3514
4436
4665
5146
6145
6872
1831
7456
8935
6053
8312
1877
2106
7664
3067
8063
8982
2373
2667
6189
2483
6341
8670
7829
8621
2860
3363
6444
6161
6436
7264
6112
6768
2401
5642
2793
5571
6184
3205
3311
3388
2734
3997
4110
1667
7677
2020
5620
2779
2885
4614
4161
8579
8779
3312
5577
8743
2694
2769
3900
4782
6037
7074
3353
3975
9619
7967
8284
3001
3114
3788
2118
3686
4826
2233
3255
3442
2264
3345
3863
2478
3462
8051
2720
2910
3580
1888
4605
9615
2652
3166
3652
3640
8220
8684
6697
7065
2155
3198
4029
5770
5780
6912
7603
5954
7964
9651
4659
6594
4239
5319
6176
6461
7484
2015
3324
7569
4957
6175
3141
3619
3626
3888
6503
8614
8628
6498
7513
1896
8627
8713
9068
9169
7390
8252
2655
2830
3897
5521
6482
7686
5904
6811
1898
6316
7157
3894
5339
5685
6632
7235
5779
6055
6554
7631
8933
1799
5949
6437
3662
8435
8766
4350
5987
9632
3727
3759
4543
6385
6896
7873
5125
5937
6189
2190
5944
7733
3352
4408
4870
3292
6873
7160
2049
3277
4245
4511
6007
7003
6549
7018
6505
7660
4228
5404
2637
3723
4189
3021
7688
8790
3959
4783
6209
2306
2496
2526
6004
6718
6928
7291
8662
1843
4114
8363
8832
9136
2083
2324
4809
5863
6311
7319
9121
4332
8016
8657
4511
5521
2979
9163
7163
7446
9100
7030
7182
6224
8251
3079
7157
8190
2014
4595
5274
1821
8486
9037
5409
7019
7347
8605
3459
3884
5707
4254
4603
5581
2471
2963
7134
7951
8535
6672
6770
8454
2983
6640
7629
2103
2564
4882
4797
6891
6957
4693
5014
3590
5974
2141
3669
4602
2563
3718
4580
4334
5189
5817
2942
3629
4395
3622
7071
4109
5081
5177
7570
2846
2974
4513
4314
4380
5806
2129
3986
8186
8496
8795
2835
5657
5810
4024
4809
2724
3408
4522
4028
5563
5376
7265
7377
4979
6047
6095
4533
7102
8155
4216
4347
4712
6698
7774
9656
3690
5950
1928
4908
6297
4142
4327
8829
6128
7708
8554
2549
3491
3828
2022
3209
6470
7277
7619
7355
7426
2434
8422
8459
2574
4006
4505
7575
7978
9912
5776
7816
4084
5261
6459
6088
5641
7120
8123
8150
7483
8135
1972
4750
4975
3747
8393
8760
2015
6302
6806
8976
2446
4017
4705
4453
7443
4073
5651
2847
4542
4734
6764
8015
8718
3115
5170
8779
2572
4652
4795
5907
6367
8034
3495
5741
7495
3089
4577
4873
6265
8052
5083
6609
2634
6241
7974
5292
5361
7530
3473
8074
8731
5575
7756
8337
6171
7185
3642
5509
5593
3428
3997
6372
2929
3441
3926
4099
5942
2798
4307
4811
2542
3504
4387
2691
6118
8861
9062
4331
4586
7358
4656
4813
9742
7636
7714
5566
6567
6637
3014
4010
2967
3106
4451
6497
7610
7869
7486
8323
8800
9581
5507
8856
3121
4385
5638
1917
6659
7960
6110
7676
3427
5700
9657
5174
7864
3492
4500
4938
8568
8647
2647
4181
6255
8110
8178
9595
4550
6553
7240
7817
8980
9699
3299
5539
2790
3142
7003
4322
6453
6939
6166
7384
3132
3260
3896
5983
7434
4757
6414
7165
2509
6141
7937
8918
9876
5666
6201
3978
6065
2093
6119
6284
4556
6399
6838
3379
5014
5123
4067
6165
2177
8308
2955
4328
9686
5609
5843
8720
5406
6011
6630
6066
6592
4337
8169
3872
6836
7408
8582
7286
8276
4221
6423
7357
3663
5457
3066
4961
5290
5519
6307
3264
5723
3994
5948
6946
7454
8576
2581
3523
4711
6114
8881
6600
8383
3486
4278
1849
1912
6628
2335
4548
4912
2029
5003
7742
4755
7484
7644
3438
4109
5145
5223
6626
2733
4959
5199
4306
5610
6632
2431
4497
4826
2077
6236
7802
7987
4178
6792
2839
5010
5443
3837
6590
4236
4270
4529
3820
4226
9658
3265
3692
4725
5006
7310
7467
4947
5742
7420
3322
6099
7783
2777
3091
5903
2795
4183
4754
6593
7975
2115
6002
6219
2698
5219
7338
9125
9607
2045
5499
7444
7897
8428
4414
7402
5895
6558
1840
5345
4697
7041
7437
7552
8587
9699
2809
4390
8346
5193
7860
3996
5735
9702
4304
5131
9692
2474
3694
5050
2707
4876
5651
2352
7279
8817
3074
4956
5404
5090
6992
7470
2677
4448
5483
4662
7413
7946
4336
4792
5099
2924
5122
8127
8914
2188
2685
2896
4342
7244
7314
2207
3266
4946
5253
8140
8194
1861
5291
6705
5812
5854
8074
5653
7489
4611
5025
7894
8913
8974
4942
8562
3858
5244
9708
8009
8298
5063
6644
8100
7129
7158
8321
2664
6521
7595
3487
4497
6180
7593
2033
3180
3246
7128
2781
4026
4692
5150
7030
8227
8409
5411
8211
5556
6651
6688
5703
6160
3800
5199
4872
5243
7361
4828
5024
7096
3261
6941
3455
6745
5634
6263
4667
7712
6423
7174
5183
6975
7189
4444
5177
5313
3644
4425
6945
5980
7652
9690
3451
5349
5612
2747
4626
4686
8304
9522
8022
8312
3833
5283
5780
4615
5912
7126
3961
4663
7865
3194
8812
9595
2510
4356
5278
1868
3654
6584
6852
8129
7696
9068
4969
6722
7402
6868
8437
8659
2460
7304
8806
6855
8839
2130
3631
6318
2294
7244
8160
4386
6164
7572
3855
5807
7304
4324
4383
6012
6722
6992
4730
4799
5751
4459
4953
7436
3720
5054
5714
8327
8902
9727
3923
5169
7495
2565
5730
8280
8541
8566
9013
5516
9613
3182
6222
6655
5089
6694
7770
2465
5457
6634
6809
7187
3930
5072
5859
2089
5498
2400
3594
4871
8356
8759
5991
7232
5287
8034
3653
7932
4859
5449
9644
5401
7545
8004
3445
5449
6131
7681
3007
7971
4397
4781
5875
3992
7281
3145
6495
5483
8736
8917
2751
6347
6751
7141
5298
7525
8561
7239
7807
3434
5255
3860
6528
7359
8284
7211
7785
4041
5062
6295
6765
6902
7266
8108
5152
5776
8158
7203
8998
9026
7150
7805
8454
5726
7222
5408
6609
6699
8988
9065
3850
3999
5490
2540
6215
9794
2297
6158
9516
3671
4356
3882
4330
6884
4057
7381
7587
3783
7619
7669
4213
5147
5276
4500
5596
7095
8589
8605
2267
4410
2993
5234
7745
2117
3962
8530
3958
4450
5329
5394
6370
6490
5830
6976
8278
7981
8085
4960
6254
6978
3410
3676
7025
5151
7755
8051
8453
8502
7565
8835
4315
6442
5872
6358
7046
5027
7907
8013
2585
4762
6065
5086
5626
6817
4432
7988
4818
6600
6839
5218
5974
9618
5380
5561
5598
3015
3235
5530
3167
5045
7316
7806
2810
3375
5285
1996
8713
8863
4159
4846
7262
3279
3517
6830
2981
5171
6165
4610
5681
6740
2569
2595
4174
4085
5138
7584
5588
6112
7764
4577
5231
5257
6236
7469
8070
9351
6710
8577
8697
5628
5952
2438
7124
3471
5332
6019
5233
7039
2268
3738
8212
2370
6663
6187
7729
3701
4319
7577
8873
9215
5436
7756
9015
6821
7752
3040
3786
2343
6251
3617
7160
9680
4126
7236
4354
7512
6092
9015
9684
2849
8488
8720
4989
7002
5508
7294
7667
5584
8182
5502
5910
9032
6201
8184
8369
8398
8988
3482
6732
4575
4732
6351
5384
7735
2823
5262
9625
2022
3387
4571
6166
7287
3131
3319
5448
3380
5165
6412
3669
4041
2187
2928
3876
7669
8486
3037
5474
4043
5119
7862
6010
8522
9032
4331
4661
5414
8109
8545
3718
3720
4208
5030
7187
5070
7735
7334
4914
5902
9691
3196
8074
8816
5885
7007
4664
5242
8723
2943
4287
3581
3613
8676
5397
5412
7562
5470
7094
8334
4771
6335
9130
6298
7481
5184
5305
8012
2974
3958
3157
6279
7941
6623
7896
2216
5059
6168
3380
4734
8940
9251
2949
8126
8734
8443
9059
4058
6454
7078
2254
4848
6389
7636
8102
7083
7544
7767
5234
6983
8451
4311
5037
5049
4159
6047
4759
5815
7537
3533
7031
3070
4263
5083
5223
7421
5066
7111
7378
7740
7885
2337
2563
4235
5868
6171
4128
7008
4155
5254
6015
2557
2583
2935
5092
7046
4693
4900
6343
3201
4422
4858
5272
7036
7479
6520
6985
3918
7456
8851
4946
5369
6904
3830
8900
9152
4431
5762
8978
5412
6567
2469
4729
8044
3494
6546
4995
7621
8929
5302
6941
5114
6952
8829
4719
6484
8250
3800
5085
6371
7342
8982
9733
5400
9689
3930
4307
4993
9659
9673
7029
7350
8550
4772
6298
7689
3237
4830
2236
3922
4441
3083
5514
6420
4457
7002
7277
6358
6688
8617
9197
5816
7931
3813
5200
6558
5081
5334
6419
4279
7366
7603
8420
8694
8917
6905
8818
4072
4361
6439
7260
3164
4570
8878
5327
5596
6980
7116
7197
3941
6154
3445
5139
6680
5815
7609
2343
5646
2500
8521
8624
2829
5110
6422
6399
7102
2490
4634
5678
5039
6393
5782
6402
4389
4435
7427
3851
6215
9044
5232
6905
3768
5378
8945
5203
8353
2165
7573
7880
3688
5343
5913
6521
7108
4299
4440
7427
8132
8682
4696
7191
7968
6591
7155
3643
4119
7534
7225
7336
3541
6340
5814
8209
4163
7932
5811
7175
7355
4539
4739
6569
4104
6016
2990
4886
5716
2882
3350
9776
2357
7269
5599
7514
8835
6798
6934
4151
6840
4338
8933
5105
5287
7100
5231
5485
7891
2413
5500
6162
7470
7790
9018
3596
4996
6070
2919
3936
3547
4081
6448
3220
4310
4461
5064
5969
2241
2724
2801
8078
9004
2389
5789
7665
5808
6715
7013
3946
5519
6413
3136
4527
7232
4560
7526
4636
9005
9712
2539
6976
8257
4050
6431
6770
8589
8638
4228
4990
6730
2230
5565
6179
7109
2531
2574
6586
8700
9107
2384
4883
6378
7881
8010
8683
9204
4055
7284
7332
4572
6162
7085
6519
8014
2619
9685
9717
3762
5632
6091
3508
6257
3333
6028
5184
6344
8150
8434
5299
7426
7513
3012
4905
8454
8148
8620
8759
9099
2580
2678
4111
3323
3324
4297
8073
6850
9277
9809
3533
4089
5464
2244
6673
7458
7991
8913
9811
7733
7936
9157
5181
7769
4073
5076
7455
5350
7171
7353
2433
5422
6206
4067
4752
6986
2902
5921
3294
7382
4890
8198
8434
5057
5786
7579
4799
6095
8496
9031
4176
4867
6679
6263
7775
5925
8652
9079
5915
7440
2325
4141
5023
4064
5473
6818
5501
6308
9701
5547
7975
3520
5984
8536
8670
4555
8651
8717
6363
6595
9634
7180
8154
4980
5727
7990
7360
8076
8168
2542
4461
7258
5953
8662
8665
4464
4667
5407
2934
3954
9637
6597
7879
6898
7783
2761
4375
9642
3945
5895
8455
5042
7211
8323
6014
6520
2233
3442
6402
5637
8688
9014
5179
6062
8593
3226
6511
7551
5257
5586
7511
3719
5252
7028
3213
4401
6485
8304
8789
2264
2863
4376
7584
8358
2633
7977
8220
8513
9390
9722
2844
3661
5420
4076
4767
2657
5999
7656
3474
4943
6573
3691
4590
3100
7207
7557
4335
7993
8097
4517
4547
5697
6834
4684
7825
7871
4967
8492
8655
5568
9090
9126
2831
3408
3833
2340
5958
9304
6013
6697
3549
6626
4851
7958
8093
5440
7112
7222
3937
5141
7243
2730
5799
3728
5095
8829
5190
5615
8911
4828
5261
5092
5551
6782
3797
4528
8106
8679
9572
2832
6291
8156
4063
5045
7849
4770
5302
6614
5011
7464
5405
6976
8411
3978
4655
7625
4124
5384
6266
4499
6052
7247
2637
3188
5716
5807
6083
7134
3479
3867
3636
7982
4103
7233
8291
3484
5208
6998
2516
5691
7873
5141
7870
2621
6109
2858
3794
7335
4476
5655
6866
3043
5500
6232
3632
4090
5860
6024
9043
9044
5012
8083
8784
5800
8586
9141
2755
3235
9034
9169
3859
7853
8142
2829
4754
5381
6921
5243
7876
6137
6860
9015
6041
6131
6737
4717
7157
8034
6040
6787
8654
4583
7590
8118
5080
5904
7105
3074
3723
3972
8410
3236
6651
6975
7545
7331
7906
4006
4499
2766
3428
6638
5484
7452
8205
4314
4603
4104
4991
7015
3981
4116
4623
4712
5868
5531
8836
9048
2374
3485
7422
4230
8777
3326
3929
6100
5063
6342
5785
6023
8790
2778
5608
4866
6643
8063
3562
4009
5219
3411
6648
3395
8082
8235
2496
2526
6212
2363
5613
5778
4130
6726
7295
9047
9123
6115
9110
9681
2725
8599
8737
3550
7434
4479
4927
7180
3655
4088
2673
2973
5048
4993
6637
2389
4262
6119
7910
3703
4332
8904
5666
6036
8393
2515
2624
9658
4629
6498
7120
2714
4484
5210
6989
8968
6932
7034
5501
7189
2925
7718
8905
9113
2847
3353
3291
8126
8733
9696
5237
5770
6120
4582
4989
6415
4560
4830
6929
4607
5698
6571
5604
5705
6572
3083
5244
2497
9300
9536
3188
5884
6452
4155
4795
3126
4379
9639
4611
5894
2619
5806
3044
9627
3842
4040
6383
7213
8238
2838
2934
3868
3875
3351
5495
7019
6920
8881
8903
5008
5347
7572
5461
5475
8978
6782
4177
4296
4601
6020
6687
8707
8817
2750
2853
3347
8541
9013
3277
3379
3679
5678
6660
7921
6213
8280
8760
5328
5474
9597
2629
6768
2898
4117
3014
4566
5985
3190
7810
7890
4714
4796
7894
4625
7182
8449
2673
3686
5311
4765
6428
6696
2518
4821
6503
3744
5717
6885
4736
8350
8786
5480
7530
4506
5122
7382
2896
4607
4943
5750
7254
5324
6315
8703
6750
6913
3019
6725
6701
7075
4002
4975
7967
3106
5065
6143
7833
4034
5088
6591
3236
5608
9726
3819
7249
8940
2892
3100
3102
3341
3623
4514
8546
9065
2778
4877
6792
4226
5189
4978
7450
7559
3357
5023
9640
3862
5854
7294
4914
6838
8654
9158
3529
7172
7726
5573
5610
6623
7016
2495
3896
2518
9685
4179
6336
7021
6578
6825
7955
4293
7435
7593
2873
7800
8143
3288
4628
9766
2480
3149
9717
3692
6641
5511
6045
6564
8964
9146
3561
5871
2608
2815
4582
6400
8709
9069
7321
8467
8473
5477
6172
7224
4337
4951
7566
4378
4949
7149
2510
3595
4819
5922
6228
8087
6073
7136
6400
8709
5726
6447
9672
3842
5609
8318
8756
9920
2954
4991
4743
5584
5848
4569
5207
7139
4407
8385
8615
2751
5011
6751
7473
7679
7882
2658
2941
3192
3464
3915
8166
9621
4643
6002
6067
7716
9091
3941
4488
5774
3590
5182
7125
3476
7930
8138
2907
6388
2827
3485
4027
4117
5978
6654
6959
3066
3345
3781
3891
8893
2989
3164
5258
6501
7103
7171
2940
4952
6742
5124
7486
7729
5777
8608
9747
6625
7080
6948
7406
7449
2581
5117
2597
6989
9189
2617
4832
4526
7161
5719
8215
8912
5255
6790
8925
6970
7417
4271
5691
8250
6083
8259
7871
8453
2981
4529
3004
5414
2644
4014
5322
3932
4049
6682
3757
4931
7415
6352
7755
5612
6882
9718
5594
8445
9108
6848
7233
9821
8547
9012
2992
4845
6305
8541
4466
7175
2895
9105
9162
3206
3457
4572
4122
5991
7576
2511
4730
3960
7806
3796
5476
5781
6898
8374
3715
4605
5071
5259
6726
4688
7683
5567
6279
6955
7565
8835
2713
3258
5953
6022
6930
4171
8684
9370
5018
7080
8390
3146
6415
4134
8412
8857
4283
4368
7478
6819
7226
9805
3998
6878
8058
8976
9842
2962
4562
4141
5581
2991
4776
6013
7694
7853
8171
4168
6819
8290
9659
4271
6385
4212
5125
7563
9686
4482
4918
7117
3579
7012
4449
7346
8154
2585
4328
3885
5840
8357
3392
7210
7317
2618
4065
6125
2898
4833
5821
7244
8410
3198
3451
6786
7662
7721
4140
5159
7110
2913
7314
8614
8628
4005
7017
4910
6675
8780
5625
6318
7506
6181
7379
8740
6789
6855
7005
3471
4870
3458
8411
3542
6204
6303
3822
5980
9690
3523
5720
7212
6270
9165
9677
4971
5040
8338
3462
3777
7409
2839
3441
5065
6555
7121
3015
3059
7739
8638
8776
3543
4088
4174
3525
8069
8078
4147
5409
8177
3804
3985
5393
7597
8003
3831
6330
9801
3985
4346
2707
3626
4107
8355
8382
5838
7480
9707
4208
5735
8107
8316
9764
2925
6821
6835
2596
7685
3554
4536
5739
3218
7276
8127
4547
6604
3049
5897
5993
6357
4923
5983
7133
2584
2851
5019
5966
2913
3035
5389
6721
2769
3492
5466
8447
8830
2611
7045
8512
4921
7827
8102
3018
3107
3381
3929
5004
7734
7807
3230
9793
3311
3388
4001
4392
5050
3962
6706
9786
3952
4538
7566
2935
3985
4866
8703
9148
3051
6457
6794
6293
7315
7965
6157
8020
8769
2795
4436
2870
3944
4079
5452
5767
6273
7466
8371
5945
8373
8710
3983
4722
8012
6424
6882
8091
4411
7235
7868
3632
6759
2955
4665
2733
3629
6703
8194
4843
6668
9024
7918
8709
4478
6442
5835
8276
6401
8213
9079
9043
9044
8078
9004
4999
8123
8150
3321
3407
7609
2897
3123
6961
3043
5817
4480
5429
3058
3578
4846
2830
3089
6124
3305
3829
6945
4157
7985
8640
5576
6836
3466
7782
8130
6761
7037
9146
7607
9072
9089
4223
4674
8079
4090
4488
2782
5205
7179
4422
6783
4049
6331
9814
7968
8954
8685
9140
6921
8104
8628
2835
2942
2863
3480
5945
6999
4039
7262
6523
8203
8562
7577
8905
9468
4405
7578
8322
3175
5833
5894
4756
5049
4281
7698
7832
3090
6449
3115
3617
3488
8543
8749
4160
4737
7430
2961
7842
2980
5660
2715
2846
6581
6746
4619
5965
7737
2798
3199
3914
6229
7322
5665
9878
3483
9641
2782
3559
3946
3483
3557
3954
3263
6308
3971
5824
7441
2884
7474
6620
7136
5954
9735
9736
5031
6912
7184
4488
6172
3570
7385
7780
4348
5887
6449
4371
8337
8919
4374
6755
8314
5100
8964
9146
3557
2755
3235
3956
3749
5280
6778
4017
7004
2822
6344
3381
4316
3668
7759
7961
3260
3975
2710
3313
3511
2805
3472
9673
3111
3836
3936
7400
8232
9915
4607
6322
3147
8057
9137
8112
8527
3550
4804
7855
2947
9213
9897
3578
4832
5285
3435
5209
5230
5252
7393
3073
6643
7945
2830
3089
5150
5987
4435
6811
5385
7194
9761
3562
7428
2879
9850
3478
6077
6361
4802
7533
8397
8112
8479
8682
8296
8641
9909
5513
5575
7195
6629
8905
9376
3583
8127
8914
2932
3225
6031
9940
3680
6773
8223
2900
2931
7556
7788
3556
4728
8657
3229
8103
4026
5180
3438
3224
7463
7643
6996
8136
9627
4889
4934
7499
6640
6876
8156
5614
8934
6478
7662
8423
6079
7138
7819
3282
3892
5415
6735
2831
3808
8674
2890
5875
7228
4691
7592
8584
3845
4815
5799
3320
4713
4923
3152
4483
7064
7642
9171
5316
5543
7992
2930
3580
8240
4604
7845
8378
4364
5248
6606
2767
7317
7320
4284
8315
8785
4492
8384
8444
6342
6531
3182
6147
5119
5934
7862
3803
5263
7689
5035
6809
8268
2748
5933
9724
4868
5020
6426
3410
5418
6210
6440
3025
6386
3973
4095
3013
5371
7246
9841
4082
5117
5798
4220
8144
8650
3647
7040
7347
7974
7036
7377
5683
6902
8812
4511
6748
4681
5323
7015
9643
5437
8486
9037
4854
6921
6218
6885
6130
7785
8032
6320
6483
7256
8201
2794
5667
8498
9903
2967
4414
5197
6495
6334
6427
6199
9091
9535
5211
9787
9935
4931
5149
6539
3144
7505
8688
3607
8500
9369
4836
6489
6859
4236
7297
8681
3536
3769
4351
5036
5195
6973
9307
9376
9539
3131
4158
5441
6703
8681
5060
6126
8932
3228
3638
3434
3500
4163
4487
6764
6007
7799
7161
8817
9639
4440
6307
6421
7568
3013
7496
8491
4254
3628
7462
7504
6068
6322
8380
2920
7695
3303
3543
9624
7650
7671
3599
7320
7337
3943
7185
7808
5039
5773
6390
9672
7682
8058
8615
3655
4528
5262
5086
6946
5952
7389
3332
5696
5809
3382
7061
8247
4983
8653
9273
2990
5657
4178
4948
7255
5902
3421
4928
5345
8304
8753
8961
4425
4486
6973
6373
7727
7296
8977
9320
4348
6490
3661
4124
2918
5737
2832
6034
8046
5711
7537
9622
3104
9623
3586
4034
2878
7347
8605
3619
9664
3967
6396
7209
6695
9183
9630
2929
3263
4635
7111
4587
8616
9387
2853
3864
2887
2891
3938
7249
7642
3548
8142
8335
3141
3205
3046
3983
3888
4640
7183
3438
3002
3357
9756
5275
7523
9219
4812
7956
8077
3311
4258
7405
2941
3712
3745
6366
8433
5771
8209
9744
8226
8289
3698
8427
8828
3131
4158
6356
6681
9130
4743
5625
6896
7274
7639
3075
4021
7344
4391
6432
7861
3611
7836
7847
3744
5099
6067
7251
7888
3696
7731
7761
4925
5858
6605
4725
9776
4039
9642
9718
3402
5763
7828
7172
7276
2916
8132
8682
3456
7048
7123
3172
6901
7800
7417
8123
7123
7463
5192
9849
7504
8679
3160
3499
6266
4675
4694
8109
8479
5680
7380
3024
7439
3840
6274
8576
3441
4249
8637
8805
7101
7436
7483
4781
7492
2940
3186
3102
6547
3054
9725
6102
6655
8884
9055
7442
4283
5970
6001
3973
3228
3638
4054
4215
5855
7191
7968
8602
4668
4502
5079
8158
2906
8589
8638
7084
9183
9630
6916
7643
3193
4608
3484
5626
4466
6386
9725
3873
5614
7042
6827
8701
9121
7280
8352
8866
8317
8352
4020
7481
7059
7337
5399
7440
7493
4510
5432
3111
7423
3199
3960
4838
7705
5403
7915
8733
4768
5905
7489
7557
7581
3134
5887
4274
6284
7217
4845
4966
2942
3629
3150
3313
3626
2987
7173
4705
7693
7259
8265
8742
3545
6646
8983
3075
3509
3870
6294
7658
3938
4014
4484
4916
5026
5356
8806
3895
5968
6312
3155
4351
8689
5697
8281
3427
4324
7596
8727
3251
5215
3735
4181
4515
4915
6643
4790
8272
3700
5855
4380
6086
7589
8767
5595
8366
5585
6169
7979
3776
3787
7067
3689
4253
7357
3823
6574
4483
5486
5532
6328
4343
5542
6338
8013
8822
5074
7952
8871
3492
3072
4475
7028
3519
4382
5411
5461
6794
5347
7384
3066
3345
3557
4564
3504
5137
6091
5190
7461
7924
9075
6116
6661
8271
3498
4238
7686
7697
9071
4234
4565
3673
3948
4426
5803
8156
8821
6787
7956
9737
4761
5087
7105
3798
6824
7782
3122
4772
4273
5533
7365
4570
7950
5394
5793
6830
4278
5333
3062
3136
9691
3616
3981
4241
3756
8143
8247
3121
3894
5324
5870
9709
8780
9124
6876
6908
7623
7912
3319
3417
3353
7268
7553
9760
3532
4571
4277
5421
7520
3301
4646
7287
3420
4360
6018
4243
5592
6393
4100
5137
5918
8401
9061
9885
4467
6477
7306
5321
8257
8826
9666
3794
3999
6570
7103
8813
3119
3335
7318
7487
3460
9819
3092
4944
4020
4545
7415
6023
7151
4229
5249
7257
3082
5323
4614
5387
3684
5306
3338
7001
7705
3335
6670
9928
3729
6337
7252
3112
5438
7243
3802
5028
6413
4532
7140
7256
8379
8784
9751
4315
4418
7375
5656
8278
8922
5036
3877
4631
8689
6441
7335
3846
5398
7240
3697
6167
6560
4086
5681
6842
8802
3169
6808
8223
5397
4012
5465
9626
3424
4773
6129
5372
7636
7714
3949
6043
8251
4710
4898
3502
3532
5840
3372
6539
7051
7533
9758
5681
5856
9901
3249
9726
4130
5909
7796
5710
6086
8098
8200
3343
6447
3271
3969
4280
3999
6971
8221
9890
3160
5398
4139
9585
3534
3854
3961
4400
4581
6906
5512
8153
8398
7693
8512
6101
8408
3181
4917
7003
4562
4844
6106
8554
9022
3088
4299
4515
7109
3242
5018
3305
7174
5743
7553
8241
3559
5070
5274
4683
4717
5973
5279
6286
7108
8914
9067
3497
3700
3926
7446
9016
3326
5027
3813
5131
3303
4068
4394
9775
6940
5162
5433
7352
7527
3237
3674
5957
7902
8405
8695
9448
9648
3430
8763
4763
6180
6648
4735
7852
8509
5641
5778
9798
6048
8132
8201
3446
3293
6689
7851
4477
3134
5607
7443
4880
9622
3119
6670
9918
9927
3594
3460
4733
6363
8083
8642
3637
6524
8049
4162
6084
9675
4714
3290
3972
5441
5590
7920
3198
3451
3765
3121
3894
6825
7400
9258
5989
6362
8921
9475
5664
8901
9120
3575
6573
5248
6355
6370
7265
3890
6411
7205
5239
7511
4723
5631
6538
7081
9556
6045
7179
7392
7710
8552
3931
9645
3351
9701
4886
3585
4346
5886
9692
9055
9071
6491
9769
4319
5715
3228
4261
5774
3514
4917
5823
5975
7378
5972
6960
4188
5303
3275
4763
6478
8986
4638
7242
8885
4708
6590
3779
6614
7360
8244
5563
5931
3288
4199
6840
4247
4996
6070
3877
4907
7802
8745
7404
4884
7482
8183
5305
7971
7973
3802
4503
7198
7981
3877
4596
4907
8677
5410
7016
7325
7458
4381
5856
8442
3277
3379
6359
7278
5900
6647
7884
6621
6916
6483
7714
5127
7364
7454
8576
4839
7379
9652
4251
8893
8918
3836
4759
4719
8021
3687
8164
8341
3340
7044
8973
5416
6970
6575
8868
6352
7755
7025
4246
5312
7764
3989
6942
7918
6673
7184
4313
6839
3872
5374
7369
4395
4749
5174
7468
7284
7590
5273
7584
8067
4014
4968
3266
3674
7960
8178
4913
5152
3917
5972
6960
3988
6864
9798
3339
7926
8963
5322
6455
4910
6060
9899
5362
6187
7017
6920
8881
3514
5751
9096
9844
9871
7977
8220
8426
9134
3638
3832
5217
5771
7479
7803
8803
9771
3556
3567
3338
3510
3572
3753
6532
6667
5964
6142
7676
4509
5203
5763
7669
8486
6950
8021
4287
4937
6527
7268
8832
4227
7425
7518
3803
4878
6773
7832
4688
7683
9667
6361
7498
6664
7762
8851
4295
8300
4346
6285
4326
6056
6260
3548
8142
5132
7768
7781
3482
4225
4901
5811
3939
5378
7779
4032
5358
6377
4025
4641
3706
5935
6550
3723
3299
3876
4679
4206
7054
8182
3835
4944
6929
8856
4573
7087
7498
4670
6324
6797
5314
6528
3385
6824
8459
3474
4266
6051
6376
7591
6249
6924
9095
3443
7122
8113
5044
9854
3308
6104
8208
6164
7870
7607
3352
3995
4334
3434
4215
3682
7210
7267
5362
5527
5222
6835
5217
3398
3418
3801
7985
8113
3367
6729
6744
4911
4935
6141
3578
4192
5435
7696
9068
8090
8422
4563
5215
7420
4234
5984
6765
9030
9171
5907
6718
6758
7771
3784
4608
6904
4217
7524
7966
8588
9599
4288
7044
7571
8852
8887
3286
6375
6993
5864
6997
3996
6459
4507
8965
4798
7363
9217
3439
3503
4138
5185
9680
7206
7416
5758
8440
4210
6777
4304
6176
5759
5847
5768
9059
4468
4270
5948
3803
4878
3761
6270
9678
4517
4933
8176
4389
3827
3915
6931
5098
8375
8692
7847
8130
4332
4397
5235
8894
6123
9856
5268
5930
8020
3338
3425
3510
7604
8802
8828
3394
9208
9899
3325
6461
4566
8452
3967
4574
3847
4792
7060
7622
5939
3354
4386
3895
3933
5764
7288
7403
8324
8364
8824
9127
3997
4110
6720
3717
9716
9841
6822
6053
7880
8155
8334
8796
9242
4143
6808
7660
6147
6354
7651
7370
7501
4477
3691
5044
5959
4807
5372
4540
4941
7421
5639
6846
7887
3864
3973
4152
5835
7792
8546
5343
5748
3861
3990
4694
9702
3994
4599
7358
3452
4682
5057
4686
5638
4963
9755
4366
5195
3657
5377
7946
4050
6672
6967
7195
3865
5772
6281
4136
5137
5918
4904
8383
6089
7051
8678
3498
5783
5434
6990
7260
6766
7600
3522
3568
6021
6053
6514
8675
8778
9411
9521
9588
3937
4446
6574
7137
7316
5857
8084
8653
4218
6320
4559
7810
7961
7819
8004
3666
6321
7154
3863
3518
9862
7435
7726
3810
5870
8175
6855
7845
9921
7918
8709
3460
3919
5410
6951
7753
4328
5169
7459
8900
9152
3922
4329
5622
8203
8665
3679
6362
7864
6060
8947
7366
7381
4706
6044
7208
4881
7780
7890
3399
3418
5235
8970
9032
8224
8580
9038
6403
7034
4902
6128
8554
6378
8545
7739
8038
3750
9772
4677
6471
3491
3879
5650
6491
4063
4301
5330
4384
7790
8254
4591
6594
6717
4372
8082
8138
5078
6472
3565
5606
6746
4566
3911
7960
8178
5690
7971
4916
5935
6818
3866
5670
7615
3646
3719
4585
6396
4574
6280
9623
4817
6720
6828
6779
6899
8424
7026
7295
8114
3776
4393
3858
5810
3501
3516
7159
7230
4263
5007
3458
3689
4895
8376
8470
5017
7644
3571
4745
5499
8438
6826
7831
8382
8678
9796
4189
7104
4810
8568
8647
3987
4630
5620
4080
4808
3657
4814
4553
3580
5979
7042
4445
8496
9031
3779
4615
6990
7698
6417
7364
3677
4761
4175
4239
4620
3902
7825
7958
4456
6032
6025
8759
9099
3483
3712
7308
8861
9062
6942
7198
7823
8776
3502
6965
5319
6891
5818
6935
8718
3897
5701
7071
5854
6719
5215
5066
5164
7367
7450
7587
4683
6367
7575
5918
6605
4410
4455
6409
7259
3764
3979
4581
6239
4564
4408
7934
5869
9573
4248
4455
7596
8727
3547
4543
4399
4633
7873
3833
3860
4824
7333
5142
5314
3776
4393
4986
6814
4131
5323
3644
4128
5420
3700
3560
7170
7238
4646
3972
3958
5102
5286
7119
3899
6006
6537
5001
5293
5385
5240
5247
4021
8222
4887
7126
4520
7662
8423
4971
7562
6789
8641
9224
4458
6406
5832
7049
4748
6379
4102
4232
3716
4478
4250
6911
3537
4461
3620
4244
6837
9210
6133
7648
5775
7724
9687
7451
8931
4056
7834
9008
7277
7619
3986
6589
8186
5301
6978
7429
5050
4540
8281
9213
3677
5019
7361
6192
8689
3568
3601
3993
5623
4453
5706
7253
4597
6565
8390
4617
4708
6157
9538
4068
5238
6186
7454
8819
9432
9461
3980
7161
3882
8050
8283
4089
4818
4681
5537
6443
8062
4996
5593
3609
6252
6577
5994
8147
3589
6225
6621
5383
4496
5913
6077
5205
4458
9161
9267
4153
4635
4796
4808
6408
8953
4465
6985
7408
6027
8364
3848
5888
6532
5383
5574
5718
6286
7332
4753
5510
7965
6462
6707
7186
4535
7747
8658
4878
5698
7351
8038
4222
6097
7840
5555
4932
5701
7687
4198
8613
9916
3606
6407
7865
6524
6901
8195
8592
4804
4643
4922
5598
5707
5467
5926
6834
7823
8776
4542
3645
6241
7974
8159
8263
5951
7483
5065
4141
5048
5280
7113
3811
6944
7329
4892
8109
8479
7291
8662
4123
6277
7062
3764
9232
8068
8196
3782
6009
6299
4854
8647
8795
4897
7761
8235
7771
8080
7429
8069
4456
6309
8051
6220
7206
3791
5797
7640
7981
8085
5632
6226
6785
9865
4035
4211
6063
8085
8528
6507
9706
3765
3752
7194
9761
4754
4364
5059
7547
8505
4470
5576
4310
5000
3898
4680
5933
6474
4062
5843
7370
8206
3748
8097
8198
4144
7506
4246
7469
8070
6197
7024
8165
9045
9705
8212
9116
8631
8819
6541
8071
6185
6542
3655
4088
5238
4085
4774
4502
6597
5783
6404
7048
4987
8100
6781
8108
8190
8349
4549
4783
4127
6004
4312
5783
6937
3718
3720
5391
5712
5543
6771
5413
4091
4276
4521
9829
3757
4035
4211
3837
4703
6988
4416
7196
7765
6344
9084
9098
5320
5375
5386
8643
8827
5741
8151
6772
6897
6957
7160
7493
8118
3828
3880
4654
9223
4396
4433
6559
9082
9361
4529
6262
7734
7993
3744
5099
8411
6909
8396
8927
4183
6477
7861
4138
7674
8726
7140
7383
5552
5560
6257
4710
6546
5424
7229
7867
4700
4899
7851
8053
5105
6209
4761
4446
5005
4694
5144
5704
6207
6848
8307
4392
9653
5515
6374
8994
6912
7603
6849
7477
7604
9310
3808
7886
8737
6080
6264
3740
5836
7635
5515
5765
5995
3839
7827
8093
7215
7692
9532
5137
6091
3771
4650
5538
4437
4773
7074
6186
7334
5306
5915
6641
4167
5439
7020
3868
4023
6114
8881
7690
8172
9703
6041
9730
4678
6890
5755
9748
4773
3925
4622
6136
5280
6039
6778
5473
5822
3734
4294
4780
6888
8279
4196
4347
4327
7143
6704
7068
4432
5574
7988
4355
6090
6404
7850
8202
8274
6496
7809
4231
5187
8000
8721
9587
4531
5647
7388
6121
8399
6603
6812
7988
7518
7930
7286
8988
9065
5226
7122
7769
6618
7941
8273
6598
7615
6877
8583
8760
4423
5666
6499
7494
4996
5593
8609
9771
7540
7596
8126
5205
7179
6530
7895
8854
5807
7324
6277
6702
7062
6274
8640
4814
4699
8090
8422
4121
6012
5368
6474
7239
6457
6794
5343
5748
5517
7267
7896
4075
4891
5656
6562
8510
4674
7561
8937
6529
7588
4074
4588
4003
4416
9007
5198
6707
6805
7794
3951
6198
7948
5745
7349
5163
6562
7639
4119
6352
6785
6954
9144
6485
7101
9833
6610
8918
6304
7068
6399
7102
4104
6016
4438
7342
8723
6533
7451
6841
7459
4006
4499
5338
6620
6733
4779
5300
6628
7166
6545
7599
5029
5325
6137
7527
8502
4010
3892
6196
9121
6814
9378
5107
5204
8356
8759
3816
5944
8617
4245
6717
7061
5398
4915
3949
6817
7282
7389
7751
4005
4510
5871
6003
7000
5032
7717
7752
4087
9709
7477
7582
7053
9055
9071
3884
3826
6369
7857
4106
4161
9679
8496
8795
4594
5392
5184
6344
8736
8233
9085
4490
9619
4463
6799
7059
5585
7148
4074
6742
4393
4862
7610
4504
5015
6481
6602
3927
5611
8001
4041
5519
6307
7608
8116
9766
9864
3939
6154
8122
8982
9780
5574
5718
5894
4821
4760
4893
7228
6548
7300
6075
6997
5303
5431
7004
4383
7650
7671
4454
6597
7879
4844
4440
6307
5082
4156
7261
4494
6323
6948
4025
7045
9794
5601
6098
4206
9029
9660
4663
5769
6005
8030
8148
8329
8384
9823
5677
6571
6965
5376
8359
8915
4877
4329
5959
5169
7459
4734
4922
6317
6897
6258
6611
4468
4553
3954
5578
8687
9551
8381
8964
3964
6733
7385
5218
5416
5662
5326
8167
9209
4705
4715
5057
9774
4196
4347
8594
4613
4747
9231
4071
7193
8312
4543
3993
7178
9218
5131
4656
5524
4609
4814
7770
4985
6807
6993
4762
6206
8536
7600
7715
4008
6777
9600
4632
6697
7065
5027
5500
4870
4197
4309
5906
3930
4307
8490
9338
9365
6883
7181
7063
7168
9141
4636
9872
4119
6352
8189
8409
8740
9014
5853
8047
8672
7608
8116
4357
5317
7033
6349
7303
6622
7142
8510
5296
7319
7724
6823
7154
6681
4173
5321
8454
4201
5885
6931
8935
9818
9820
4038
7282
7792
7802
8212
8763
4861
5471
3952
7788
4917
5823
4849
5244
6335
4746
4782
7289
5117
9644
6179
6368
6433
6724
4401
8016
3938
5946
7078
5711
6539
5956
6152
9072
4589
4504
5015
7868
8266
4725
5144
6689
7576
6973
5950
6270
9178
4937
5551
4674
6927
8079
7528
7857
5747
4219
6505
7660
4496
8262
8313
4025
8272
8685
9128
5907
6718
6786
8075
9785
4687
5223
6626
6341
8670
4046
4195
8504
5381
8568
8582
4677
3980
8398
8988
4537
5662
5105
6209
6516
7288
4724
4833
8218
8227
8377
4334
4965
6458
8655
4523
5600
6010
8131
4652
4113
4203
9013
5762
8732
8839
9585
6129
8415
8517
8954
4118
5000
9797
5656
6562
4329
9775
7968
8954
4585
6293
5813
9236
3995
5183
8748
4740
5607
5813
5906
7828
4656
9741
8719
9814
4523
7765
4132
5823
6381
5552
5275
7151
9346
4013
8893
4668
5921
5002
4255
5251
5539
7312
8777
6762
6826
4095
4659
5330
6783
7758
8512
8982
5167
5173
4022
5793
8077
4794
7933
8039
5008
5511
4776
8175
7836
8325
5245
5496
5345
4034
7722
6248
7225
4155
4795
4636
7236
9711
6983
7648
9576
6516
6744
4252
5257
6236
5927
8162
8885
4258
4658
7546
7359
8284
5197
4551
9657
5653
6496
7512
5473
5822
5759
5847
4858
4968
9641
4259
4320
8495
4829
6143
7677
6853
8255
9746
4508
9813
5911
4524
6829
7405
5722
7724
9687
8060
8392
4778
6939
6498
7513
5734
8952
6722
6992
4561
5488
4172
5264
5605
4707
5260
8836
4091
4462
9676
6061
5418
5632
6226
5866
6182
4319
6568
8179
4811
4077
5520
6790
8898
5118
7955
8460
6021
6053
4514
5198
4505
5848
4113
9239
4753
5209
4079
9776
4869
7549
8172
4174
8038
9522
5119
5676
6312
4166
5886
6388
4879
9633
4340
8373
8955
5046
5919
8175
5216
6626
6768
5206
6562
7639
4203
4706
4894
6884
7696
4756
4412
5966
6731
6953
7757
5549
7983
9085
5022
6000
6537
6550
9273
9417
9443
5411
7073
9821
8347
8385
9093
7620
9306
7793
9796
5058
5277
7197
4387
4323
5979
4733
5738
6880
4614
8381
8964
4257
5214
5896
6261
6272
6781
6109
6124
4152
4151
4940
5119
5676
5757
6220
7375
5935
6818
4448
5051
6556
7241
4501
5259
5570
4550
5021
6790
8898
4859
5712
7133
5619
7799
7351
7775
7823
7720
9826
5051
5467
5913
6077
5069
6856
7234
9360
8317
8732
4959
4764
8583
9745
5560
7306
5882
6117
7772
4404
5805
8025
4148
4187
8511
6369
7367
4190
8532
6767
7681
7766
4359
6305
8541
6854
4922
5093
7250
5173
5444
9637
5752
5924
6684
5864
7086
4403
4969
4876
5456
9188
4738
5428
9674
5520
4180
6469
6807
6316
6856
7728
5393
6725
6094
6364
6982
9805
5111
6397
8690
4616
7871
8453
6314
7191
5541
6611
4653
6770
5216
5685
4580
7099
8331
5171
6849
7252
5686
6075
5187
7935
8415
8954
5678
4198
4786
8553
8989
9034
9128
5504
7882
8882
4190
4214
8431
5444
9643
5449
4495
8485
4240
5746
5877
4537
4701
6288
7419
4277
7085
4259
8534
4680
4568
9865
5643
8337
7313
7577
8873
6841
8074
5995
8885
9114
4400
4554
4210
7086
7831
4223
8984
6192
4429
5146
7188
4350
7371
8060
8302
9571
7396
8969
5357
6246
5725
6099
8144
8291
6941
5573
5610
6950
8021
4323
4701
6082
5663
6225
8008
9768
5019
5966
5333
7561
8237
4305
7181
7300
8627
8713
5566
5431
7559
4522
6287
7020
5971
7242
4294
6387
7563
5644
8450
8552
5660
6632
7235
5608
4430
6119
7910
6007
7799
5685
5841
6724
4623
7680
4521
8232
8318
6598
7462
5794
9923
5199
6759
5138
6397
4497
4819
7776
9831
5112
6592
8214
5318
7874
9876
4589
7224
4435
6811
4436
5569
6577
7596
8061
8749
4554
5396
4586
4474
8569
5479
5699
8707
4957
5860
8189
8229
5499
4353
8350
8666
5194
5307
9624
4970
6872
4724
5532
7134
6277
7862
6767
7312
5556
5468
6530
4985
7651
6243
7033
4606
5236
5288
6197
6547
4690
9830
5031
6390
6162
7470
5250
5662
6432
8314
4285
4286
4485
8448
7656
7844
9803
4289
8533
4289
4998
8463
5620
8192
8210
8538
7129
8343
9721
4292
4352
8548
4353
8537
4989
7002
6471
5304
8584
5939
8014
4627
6216
6762
6940
4648
6201
7521
5660
9756
5335
7818
8457
7852
8307
9753
4556
4718
4801
7030
7182
7431
8790
4834
5636
6202
5538
8332
9875
6423
7174
4561
5464
4979
4527
4748
8165
4986
6795
8368
4530
4847
5642
8315
8322
6354
6568
4957
6175
4537
4817
4696
6858
8799
8206
8433
5026
4861
4712
5868
5346
7944
6943
8237
9023
7036
7377
4686
5638
5301
5664
7605
6754
8906
9579
4774
5391
5818
4525
8614
6823
7292
6285
6303
7855
5364
6431
6770
4999
5820
5935
6550
5735
4588
5955
4353
6170
8484
8487
6248
6712
6439
7260
4396
4777
5932
5990
7814
8631
8744
7766
8153
7190
8694
5375
5498
4648
4951
5550
6526
4592
7717
7759
5633
5794
5078
6199
9533
6551
6892
5168
6230
8187
8399
6179
8719
9813
5247
6505
6604
5553
5575
6105
6756
5702
5862
7436
7211
7785
4700
6340
6127
8067
9736
5583
8648
9082
6317
7257
9638
4665
9222
9901
4974
6261
5609
6093
8516
5598
5707
6461
5081
5719
7835
8916
7174
8365
8598
7486
8323
9652
4517
4861
5716
4819
7973
8027
6098
6434
6646
5691
7524
4706
5068
8219
8812
9295
9377
8009
8238
6662
7292
6857
9816
6185
6542
9093
9097
5626
5084
6311
8261
4433
8445
8449
6132
7876
4549
4783
4978
5562
8211
8363
9886
7939
8069
8078
5569
6890
5753
6069
7437
5150
5987
5497
6721
5126
5487
4800
6877
7521
8472
9566
5340
6167
6704
8630
9414
9514
5293
5348
8147
4621
7264
6920
7116
5962
9678
6687
7526
4741
6466
7408
8582
6553
6940
6368
9734
7694
8236
9354
5419
5471
5433
6970
7417
8288
8435
9084
5408
6609
8470
8900
6457
6987
8309
8980
5978
7303
9030
4711
4577
5231
8523
8646
5884
7816
9318
4758
6136
4914
6838
7741
7089
7101
5980
8458
8563
4690
6332
9906
7697
9071
6342
6531
6101
8408
5399
6187
7729
5539
4509
4834
5148
6863
6122
7362
4760
5635
7492
8955
9160
6815
7272
8290
8355
5904
6811
6766
7441
4649
5984
6349
7737
4832
5555
7987
9014
9877
7119
8475
5799
5803
8412
8632
4512
6482
4713
4920
8586
9141
9618
5331
6282
6328
5382
9731
4567
6129
6500
6023
7151
8375
8457
5176
4842
4541
5603
6602
4871
5893
6211
5728
5282
8922
5651
5472
6612
6840
6468
6682
9750
5737
6445
6045
7179
4693
5014
5642
6812
4548
6502
8296
5194
5505
7845
9584
4598
5700
7721
8086
5206
8595
5404
9007
6461
7484
4895
6292
4647
7929
6442
5204
5640
5055
6364
7811
7957
8426
9134
5319
6891
4732
6778
7373
8726
4595
5979
6952
8151
4602
7031
5337
6118
5974
4863
7143
7869
5141
7870
7515
7822
5194
5297
5104
7821
7008
9656
4750
6747
8316
5605
9250
7099
7261
6176
5713
6486
7653
4988
6314
7165
6612
6653
5239
6141
5313
7188
5073
4777
6297
6037
7008
4793
8739
9715
6304
7365
5800
7130
5414
5751
5858
6906
7609
5509
6008
5518
8266
9524
4852
5383
6802
4704
4975
7967
5443
4891
6418
5902
7355
7426
6431
9684
6280
7405
6323
8825
6154
4694
5222
6180
7593
5342
6360
5462
5992
7514
5130
5739
5923
6517
8086
5947
9688
5024
6166
7384
5893
7330
6060
8865
5290
4979
9256
9921
6582
7328
4628
6054
6388
6298
7481
8802
9142
5540
5463
5739
6959
6208
9906
5100
6745
6205
7633
4842
6394
8047
8121
9396
8110
8571
5410
8932
5779
7570
7964
8070
6356
5491
9368
9925
7482
8268
5561
7278
5181
7769
5288
9765
5092
7046
5772
6287
8757
9774
6673
7184
5243
7876
5127
7364
5871
9871
5521
6445
8222
6996
4933
6353
6548
5541
6988
7659
8176
5400
5639
4715
5839
4980
5043
7200
7589
8767
9629
6965
8546
9065
6254
5016
7750
6009
6243
6077
6361
6511
6065
5080
5364
6250
7060
5670
7183
7617
7803
5547
7975
5226
5602
8043
8791
6657
9653
4668
7027
7574
4997
5462
8894
9886
5312
5167
6002
6219
7548
7640
6417
7168
8786
8832
9839
4924
6623
7016
5708
4725
5222
6382
8846
8951
6152
4908
6297
5631
6252
7434
5592
6258
6719
7103
7171
6224
8571
8844
5910
7254
8332
5153
6073
8444
5587
8090
8367
6809
7187
5507
8370
8868
8333
8289
8482
7709
8248
9582
6400
7592
5311
5285
5012
9752
5094
6394
5952
7389
5173
7201
7249
7642
6340
6021
7193
7437
5897
5604
5391
7423
4922
8654
8857
9826
6367
8272
5079
7380
8408
8855
5212
6179
7109
4781
7492
7416
7768
8410
4831
8404
4919
7552
8958
5875
7228
6903
7812
5581
5535
6933
9651
5179
6887
5428
9753
8035
9839
6221
7468
5936
8704
6321
7149
5846
7410
4908
5251
4746
5967
7712
4904
8650
9023
9768
5358
6433
6994
6208
8253
6184
5908
8492
4806
7838
6070
7043
7156
5764
7255
5877
5532
6328
4833
6276
8333
8497
5094
5264
5879
6487
6503
6415
4963
5023
7322
8025
4912
6090
6791
5107
5565
5424
7715
4822
6175
6691
8735
9740
6109
6607
7173
4790
6205
6883
5559
8207
5278
5912
7258
4841
8136
8210
8791
5513
5669
6427
6041
6131
7023
9272
9715
5245
5352
5746
4827
5354
5663
6146
7271
7498
7938
5867
6347
8830
5082
6300
9042
9614
6375
7396
7428
5339
6255
8906
9417
5090
5550
5834
8176
5801
9758
5674
9072
9143
6016
5009
7065
7731
4975
9814
6822
7012
5390
5496
6464
9197
6165
5919
9737
5524
8114
5905
6729
6067
8550
6113
5509
6008
6590
6480
6759
6666
9067
9634
5352
6796
5276
8593
4842
4899
6263
7775
5401
5486
6236
5289
7578
5709
6844
5367
6852
8129
8937
8941
6135
8898
6640
7629
5637
8252
5545
6073
7136
5302
6941
4874
8577
8607
6377
6538
5806
5445
5053
5093
5134
5458
7753
8929
7112
7353
6453
6745
4897
5328
8376
6059
6475
7251
5691
7524
6760
6972
5126
9640
6726
8945
9129
6593
7975
5741
8151
8183
8927
5846
6182
7693
7117
7630
5180
6815
7272
5596
6622
7142
4927
6019
6410
8849
6014
6837
8442
6422
6528
9632
5161
7310
5472
7738
5782
5993
5341
7014
8045
6198
7957
4906
5211
8421
8990
5887
5369
7124
5308
6145
6437
4956
6370
7265
4945
6739
6799
9252
9837
8614
5758
6341
7738
8133
5216
5863
5048
6337
7139
6963
6104
6114
5460
7636
8102
4952
7805
8345
4929
6599
9151
8086
5561
7278
6227
5647
7528
5104
6479
6484
6749
5718
6281
5010
9261
9416
9488
5616
6764
5726
7222
8452
6267
7535
6006
6917
8727
8944
5542
6772
5188
7969
8303
9050
9338
5196
5852
7348
6663
7746
8205
5007
5214
8378
8427
6299
5655
5859
6059
6813
7350
6246
7013
5177
7570
5517
6922
7442
6725
5623
6917
7258
5408
6699
5841
7333
4961
8233
9085
5156
8383
8196
8482
5933
6017
6474
4960
8369
6680
5696
6320
6483
6452
6133
6412
8353
9140
5278
5537
6098
6221
6545
5039
6393
8084
9713
5322
6047
6694
7173
6570
6710
7626
8761
5697
6834
7363
5454
5267
7556
7788
6121
6466
7402
5888
7612
8107
8377
5149
5461
6794
6458
9579
6048
8527
8028
8983
5407
7289
5776
7816
6795
7499
7124
5891
7394
9769
5440
7216
7239
7807
8443
9059
6956
8591
8637
8728
6490
6094
5923
7194
7432
9598
6676
7941
5771
7479
5228
5438
6107
6576
6481
7481
5943
7214
6420
7555
6363
9751
5101
6579
7502
7207
6164
7870
6801
6450
7582
6345
8925
5115
5498
5073
5700
5921
6607
7143
5070
7735
6092
6140
5409
7019
7085
5915
7440
6601
8686
9541
5601
7998
8267
7948
8177
6426
5075
5450
5693
5976
8391
6232
9712
5958
9011
9041
6975
7545
6414
6479
6339
9853
6264
5056
9710
7079
8150
8434
5450
6276
8951
8703
8805
9831
5107
5337
6294
6679
5374
5919
9738
8141
9663
6837
7050
6267
9620
5720
7132
8619
6229
6569
6140
6100
5495
5281
6055
6576
8735
6511
7100
7023
7328
5824
6986
9641
7038
7346
6216
7874
5797
7430
6845
8439
8466
8021
7393
6242
7052
9735
5533
7110
5872
5321
8257
5504
7882
5949
6437
6095
5241
5742
7442
6389
6952
8151
6355
7507
7654
5704
6821
6835
8054
9807
8681
7391
7672
7797
6775
7376
8756
8780
9291
5112
5120
6148
8724
9694
6210
8241
9723
5282
5819
8345
5174
7864
6070
7043
6911
6504
7043
9869
5156
5834
5344
5932
5140
5492
6038
7875
8793
8810
9154
7472
8738
7177
8185
8388
7557
5207
6371
5501
7189
5597
9755
5658
5360
7400
5238
5262
9624
5392
8053
8254
8010
8048
8659
7052
9735
5233
8731
9543
5147
5851
5273
7452
7796
5845
7883
5390
6796
5158
6219
7425
5897
5714
6647
6351
6271
9749
7413
6748
6801
6479
5422
8397
6217
7652
7908
7266
7270
7633
5550
8385
8830
9790
6283
7155
5317
7253
6313
6847
7457
6454
7281
5866
6878
6896
7142
5603
7250
5249
7125
8101
8520
8598
7004
5357
7093
6057
6223
6792
8663
8749
8892
6692
6932
7034
5311
9637
7090
7305
8481
9662
6778
6560
5186
5439
7369
6459
6515
9679
5487
6455
5211
8217
8996
5566
5849
5525
6554
7031
7653
9893
7213
6338
6539
7262
5990
5991
7232
7757
9549
9770
7418
7601
8242
8639
6692
8564
5413
8712
6224
8251
6118
9186
9189
9314
7699
6368
9734
5721
7803
5396
8693
6836
5377
5669
6119
6284
7429
8069
6544
6334
7910
8325
6847
7309
7457
6594
6259
7990
8585
8160
6051
7597
6644
9683
8068
8196
8190
8295
8152
8522
5359
6284
7998
8062
7279
5307
5737
6228
7579
7342
7565
5565
7311
8418
6257
5633
6159
5416
6125
5648
9025
9382
6366
7625
5744
5379
6206
8536
5559
7458
7236
9321
9436
5401
5640
5347
7384
6804
8653
9271
8029
8119
8169
9336
5983
7434
5690
9001
9612
8040
8234
8260
8508
5363
6277
7862
6134
9708
6397
5923
8180
5781
5359
6054
6557
5641
7120
6410
6161
7423
5830
6443
6730
8065
9339
9847
5709
5514
5883
8633
8919
8227
8409
6627
9823
8674
8884
7708
7204
8825
9004
5933
7992
9724
6311
7052
5419
6604
9101
9407
9457
6358
6688
5365
5744
8169
6495
7099
8717
8027
6386
9625
6436
7428
6139
8006
5722
8018
9016
7712
6546
6673
7458
8146
8294
8733
8893
5429
5457
5370
6475
6072
7491
9276
6866
7205
6105
6336
6343
6648
6497
8259
5965
6998
7781
7884
8043
6870
9828
6588
7023
6521
7108
5917
6973
5528
8509
6357
5706
5414
6128
9610
6015
6260
5412
6567
5634
5920
9777
6889
7313
7718
8578
5419
5962
6617
8531
9115
6083
8259
5687
7197
6825
8691
5889
6326
6308
6509
8471
7393
8095
9073
8685
9140
9849
5814
7376
6580
9744
5450
6455
8491
9661
9748
6447
8359
9107
9241
7362
5445
5810
5949
8716
6620
7136
5895
6558
8855
5801
5826
9732
5463
5850
6713
8106
5430
9058
6451
6678
6892
9617
5863
5657
7578
8227
9816
8722
5817
7175
6714
9106
9320
9439
9495
6301
9696
6622
8278
7447
8993
9788
6619
7093
5496
7418
8588
6476
6521
7595
9797
8146
8586
6456
7940
6194
8535
8778
7943
8026
8842
8967
5940
9282
9316
9374
7128
9251
9339
5936
9754
6000
7630
8381
5640
6389
6449
6755
7887
6171
7185
5575
5911
8155
8334
8160
6637
7297
8896
9562
9608
9636
5890
5630
7432
5908
8492
9713
5612
6882
6429
7057
9863
5856
8387
5649
6151
6319
9782
6288
6658
6439
6451
6911
9679
5852
5775
7398
8524
5754
6353
8591
7735
6233
9168
6927
9790
7548
6639
8854
6677
7113
8607
6957
7160
6907
7335
6124
7027
6508
8551
6387
7856
8480
9601
7359
7929
5528
7058
7925
8203
8665
7107
7338
8711
9880
6656
8551
9727
7180
8154
7388
6783
5525
6566
8357
9039
6295
6696
8188
9063
6716
8476
7127
8040
8117
8782
6650
8635
8658
7111
7223
7617
6010
6242
6306
8384
8435
9731
7860
6855
8839
6238
6278
7897
7954
8170
5854
6719
7316
7806
8222
6233
9168
5553
7480
8162
6582
7057
8562
8953
9108
7932
8627
9022
5589
9131
9157
6156
7467
5815
6074
7609
7893
9057
8704
8386
8642
8858
5770
5780
7327
9371
9471
6599
7199
8421
9650
6563
7186
7928
8368
5618
5894
6193
7387
8669
9583
7595
9823
6623
6974
7896
7114
7921
8119
7064
6817
7017
5669
7217
6713
8413
8963
6182
5948
6068
9039
5745
6520
6985
6013
8402
9802
7677
6600
6910
8383
8425
9847
5750
7254
6004
5731
7568
6698
7096
7071
8671
8673
9458
9410
9930
7401
8404
8611
5649
6237
9781
5900
6761
8620
9337
5661
6288
7419
5733
6332
9720
6531
7598
7936
9681
5740
8140
5738
6126
7680
8183
8927
7942
7999
6189
7081
7152
5922
8968
8973
6586
6878
7976
6028
8017
6903
9036
9182
6636
8873
5975
7618
8889
6335
8001
7311
7928
5920
6339
5813
6665
8599
8762
9851
7621
6101
6853
7685
6747
6995
8011
6935
7167
8879
7515
7543
8764
6907
7560
5906
8064
7505
8032
7756
8186
8148
8620
7723
8762
9665
7037
7531
7564
7393
8193
8750
6327
8594
8753
8989
5931
5667
5796
8515
8526
7227
8660
7138
7979
6117
8182
7042
8933
7892
9877
7521
5828
8549
6218
6915
7691
6850
7070
9774
6020
7707
8367
6624
6674
8784
5956
8972
7647
9118
9654
6068
9039
5842
7449
8908
7474
8246
9017
6269
7158
8302
9020
7327
9372
9377
7466
9041
9345
6186
6246
5937
6112
6768
7045
7693
8512
6374
6862
8179
9153
9201
7908
8600
8346
8861
6822
6382
6603
7012
7483
8135
7543
7580
6641
7021
7329
7410
7221
8937
5809
7794
6107
7932
6448
6509
6649
7386
6898
7783
7476
6398
8141
5996
8464
7319
7177
9302
6861
7508
8559
6058
8263
8497
6597
8213
8725
9049
5767
6033
6213
6617
8895
7743
8811
9061
7290
9719
7936
9682
7544
7585
9033
6507
6815
9353
5865
9760
6628
6168
7788
5898
7937
8539
6951
6227
8585
7193
8766
6750
6300
9661
6462
7589
6012
8547
5761
5849
8911
8316
9763
9706
6692
6863
6374
7944
6290
8914
9067
7602
8426
8714
9213
9317
7504
8679
6625
8246
6782
8593
7727
8285
8388
9335
7148
5957
6322
6757
7304
9017
8392
8691
8226
8289
6859
7352
8447
5896
6131
7681
8357
9039
6463
8430
6947
7863
8570
5928
8260
6572
6779
7888
6177
9757
6159
7507
7797
7079
7647
8119
6757
6072
7598
6634
6651
6841
7459
5838
8159
8263
6135
6976
8257
6844
7062
7314
7324
6972
9617
9846
6177
8444
5832
6013
6697
5928
6518
8864
6685
8068
9567
8922
7487
8921
9147
6830
5879
7976
6877
9062
7702
6014
6273
6520
8209
5927
6002
8352
9555
6061
8202
8270
8956
9046
5982
8787
9374
5942
9080
7461
9763
7708
8134
6351
6634
9401
9462
7602
6492
9271
6894
7146
6241
6289
7583
6905
8818
5916
6301
8241
6125
8385
8615
7840
6501
7950
6946
5947
7446
9016
7597
8192
9563
6430
7835
7843
5885
5997
7007
6664
6752
8200
9038
5976
7285
7383
6587
7176
7100
8432
7443
5972
7200
5981
6739
6122
6775
6984
6029
8821
8986
7949
8363
6610
8918
8587
9288
9444
7658
6974
7018
6256
6489
6665
5989
6211
8327
7195
6041
8402
9730
6244
9759
6255
6512
8077
6800
6907
6465
8585
8558
9423
6754
6591
8243
8537
6920
7116
6157
6303
7489
6448
6509
8509
6715
8729
9277
9447
9491
8006
5960
5982
6446
8125
9762
6000
7049
8319
6409
7315
7842
9687
7608
7101
9834
6995
7607
6127
6325
7137
7700
6969
7579
7747
6339
6038
7875
8462
7452
7796
7069
9677
7464
8453
8502
7207
6709
9655
6419
6888
7275
7656
6588
8523
6719
6142
9201
6407
6787
7574
6656
6217
8884
9055
6038
8533
6116
7247
6440
8824
7414
8535
8902
6472
8189
8409
6096
7706
7942
8162
6450
8036
7390
7505
6561
8475
9058
7275
7654
7725
6961
8187
7886
7925
9051
6494
7574
6425
6683
7585
8993
8387
6440
8824
8694
9612
8584
7041
6565
7344
8450
9835
8713
8863
7748
8208
8356
9270
9440
7947
6478
7629
7158
7935
7091
7980
6136
6700
8393
9665
9698
6103
8767
9628
6700
9028
8489
6062
8849
9737
9826
6466
7349
7532
8017
9837
9889
6292
7244
8160
8714
7668
9158
9606
6204
7135
9539
8279
6797
7455
7789
6424
6138
6099
7713
8331
7626
7805
8345
6924
9095
9631
6678
7652
8111
7665
9098
6706
7077
9778
6589
8329
7762
8300
6879
9201
6751
7352
7527
6698
7096
8164
8516
7115
7967
8284
6320
6720
7711
8704
8057
8875
8986
9852
6861
9605
9606
7266
7922
9758
9796
6137
7386
6821
7752
7790
9018
6376
6139
6519
8762
9664
7708
8134
6262
6966
6357
6373
7675
8256
9810
6951
9131
9150
7506
6781
6464
7348
8313
9867
6887
6933
9611
7819
8004
9707
6615
6589
6223
6469
6342
7378
7678
6160
6438
6579
7391
7551
7025
7744
9413
9502
6184
7273
9812
7509
7694
7853
7616
8193
9605
6471
7010
7606
8778
6532
6749
7200
7550
7834
8286
8995
6355
7543
6522
6583
7703
8067
7050
7431
7774
8892
8936
6189
6960
8688
9544
6256
7527
8502
8397
6472
7215
9713
7641
9741
8636
8888
9880
7411
8362
8389
8859
6483
6913
7714
7417
8123
8245
8182
6669
8733
6514
7414
6848
6958
8493
6311
8261
6753
7063
8109
8545
8557
6832
6844
6867
7024
6215
6456
9753
9821
6895
7106
6810
8400
7448
6276
8332
8393
7581
7676
7162
8458
6222
6885
8331
6854
9800
7605
8443
8527
9711
7312
6462
7589
7919
6237
9220
9282
9905
9139
7075
9097
6732
8966
6314
7191
6301
9695
7360
7637
8304
8789
9525
7512
8018
9016
6668
7622
8253
7541
8324
7272
8172
9704
6526
7270
7931
9124
6305
7588
7560
6954
7299
7325
7820
7665
9098
6700
7602
6844
7062
7922
8195
7685
7863
9786
8058
8615
9848
7412
9794
6791
7843
9037
8348
8821
8116
7281
6608
7170
9267
9343
9715
7915
7066
8631
8131
6625
7080
7674
9335
9360
6380
7707
8367
9149
9709
9831
8349
8432
7605
7302
8560
9139
8514
9078
6661
9735
6405
7530
8339
8406
8540
7730
7760
8730
9061
9730
9864
7838
8107
7106
6525
7231
9324
9421
8528
6800
7510
8708
7912
8891
8972
7682
8629
9095
6613
6966
7779
7849
7275
7680
8341
8455
8066
6926
8660
7132
8481
9663
8041
6760
8748
7618
7971
6405
7014
9812
9862
8228
8281
7340
8180
7620
8343
8942
6639
7274
7419
6858
8159
9570
8299
8825
9004
7283
8439
8622
6522
7057
7877
7813
9094
9480
6544
6502
7178
9211
8545
6473
9324
9381
7956
8181
8396
8702
7113
7740
8188
8336
8768
7520
6894
6917
7273
9150
7926
6512
6537
6967
7659
6728
7877
9864
7094
8204
9683
9362
9438
6584
6852
7394
7214
8133
6810
7269
7702
7621
8929
6748
6564
7055
6846
8170
9580
7476
7835
9635
6830
7771
7982
6699
8056
8896
6535
8107
8391
9126
8300
6525
9460
7950
6903
6970
6736
6667
6884
7696
7547
8029
7791
6708
7153
7692
6971
7690
8221
7804
9317
7867
6966
8207
7034
6677
7290
8016
8219
9114
6880
9705
7951
9328
7962
8579
8779
7032
6605
6591
7155
7860
7839
7620
8912
8005
8677
6642
8549
7691
8690
7456
8103
7011
9454
9760
9839
7216
7345
8702
7765
8087
8974
8377
8591
7226
7924
9191
6832
7639
7695
9069
8262
8313
8946
6845
8418
8580
6835
7121
6619
9818
6832
6645
6662
7116
7197
8366
7891
7952
7515
7789
8141
7525
9526
6984
9546
6999
8521
7220
8055
8877
7849
7562
7842
7372
8065
9083
9258
9268
7271
9743
7571
9608
9729
8261
8594
7079
8644
6746
7631
8933
6776
6631
8642
8801
7473
7722
7934
9254
9540
7146
6947
7502
7797
9324
9381
9434
7169
8013
6874
8898
7231
8747
8888
9508
9045
6819
8290
7016
8083
8460
6727
8384
9113
9539
8852
8887
6635
8641
7219
8005
8725
9137
6789
8600
9347
9467
6828
6913
9132
7127
8040
8508
7368
9198
7169
7233
8291
6723
8804
9485
8066
7090
8028
8473
8566
9638
7303
9030
6750
7547
7241
7921
7976
6683
8049
8801
6749
8697
8126
8734
9180
9393
6738
7745
9142
7150
8392
8691
9291
9899
6819
7047
7156
7354
9689
9620
6956
6917
7099
7261
8226
9557
8167
8588
8797
7279
8437
8683
9135
8860
8891
8972
6847
6851
6740
7259
8742
8471
9749
7531
7564
6864
8312
7336
7500
8076
8822
9654
8465
7627
8372
9326
9386
7485
7538
7501
7138
7979
7516
8698
8036
6938
8572
8923
8435
8766
7789
9765
8624
9054
7456
8103
8639
9121
7629
8363
8402
8184
9028
9028
7931
9124
8995
9327
9517
8911
7611
7886
8871
8985
7599
7702
7324
7580
8505
6771
8129
9743
9048
6776
7148
7406
8563
7992
7634
8403
9433
9594
6862
7984
8438
8420
8694
9613
7798
7806
6930
7055
6932
7833
8181
9785
7272
7453
8173
8003
8328
9266
9273
9459
7311
8418
7326
7444
8283
7109
8071
9148
7746
6865
8348
8416
9628
8140
9353
9395
7319
8018
8505
7584
8358
9435
9496
9932
6854
7604
9901
7907
8099
7818
9631
7460
7707
8947
8280
7777
8432
6925
6982
9815
9558
8937
7756
8186
7293
8518
7169
8064
7947
9053
9353
7709
8581
8326
8710
8362
8859
9386
7073
7237
9827
8880
9545
9878
7094
8204
8101
8708
7818
8580
9828
8960
7970
8699
8165
8762
8767
9852
8374
8761
8932
8452
9616
7668
9317
9415
6906
7354
9024
6944
8464
7830
7916
9574
7960
7201
7001
7678
7811
7753
8929
6918
6949
8866
8374
8761
7908
8600
8890
7535
8935
8636
8770
9448
9513
7841
7035
8504
7146
7498
7221
9789
9366
9912
7344
8966
8166
8358
7297
7439
8520
8470
8900
7657
9207
9391
8079
9768
9888
8732
8839
7500
9704
9344
7392
9780
8723
7233
7373
8344
8764
7517
7883
9904
8134
9762
7866
8149
9809
7150
7107
8888
9592
9911
7407
8972
8597
7285
7706
7942
7006
9493
9910
7750
7716
7767
7035
9806
9554
9101
9398
9466
8371
9068
9169
9850
8365
9740
7928
7058
8674
7623
9224
9921
7011
9911
8785
9084
9803
7951
8535
8758
8145
7970
7536
9034
9169
7104
7641
8763
8262
8837
7100
8534
7064
7586
8574
8685
9128
7089
7145
9793
7226
7872
7580
8764
7372
9162
7772
9029
8966
7296
8033
8163
7530
8073
9235
9091
8744
9027
9115
9706
8213
8677
9131
9157
9530
7445
9822
7666
7624
9152
9528
8570
9777
8229
7107
7131
8711
8850
8837
8887
8242
9209
7208
7271
7664
8422
8459
8482
7706
7916
8019
7824
7850
8696
9040
8211
8753
8989
7646
8625
9591
8015
8026
9330
8440
7290
9245
7156
7659
8719
7745
9142
7848
8065
7251
7888
8840
9911
8141
9307
9835
8781
8830
8651
8717
8258
9869
7291
7307
7697
8360
7710
8975
9033
8349
7170
9381
9474
9044
9835
8521
8634
7331
7732
7743
8136
8718
8967
9426
7772
7893
8775
7828
8326
8736
8917
7637
8788
9890
8022
9052
9887
7230
8555
9311
7208
8152
8894
9886
7904
9481
9792
8908
9576
7374
7407
8420
8619
7412
9127
8919
8536
8670
8800
8057
8652
8987
8447
8478
9846
8530
8466
7889
8468
9253
8758
9202
7391
7551
7777
7445
8485
8555
9248
9933
8777
7617
8680
8739
9603
9614
7363
9465
9897
7713
8634
8948
9100
7509
8238
7374
8807
7695
7526
8458
8563
7818
8457
7923
7354
8560
9605
7550
9106
9510
7920
8601
8674
8884
7900
8052
8236
9070
9212
9332
9473
9784
9904
8246
7321
9089
9163
7510
8708
8629
9095
8452
8216
7465
8774
9242
8481
8619
8692
9093
9807
8216
8932
7330
8976
7341
9872
8199
8006
8007
9879
8157
8484
9857
7688
8646
9001
8122
8838
8993
9233
8675
8187
7433
8781
7438
7655
8783
9403
7395
8029
8597
8379
8370
8658
9889
8872
8440
8771
7845
8378
9779
7539
8090
8367
7400
8232
8596
9018
9938
7578
8322
9025
9392
7742
8490
9329
7623
7744
9427
7635
7949
8167
7934
7980
8165
9045
8939
7529
8271
7863
7487
8774
9147
9548
7839
8431
9787
8327
8705
7475
7606
7757
9704
7539
9773
9810
9806
8813
9472
9475
8361
9247
8446
8814
9537
9700
9487
9792
7830
8104
8908
7673
8399
8745
7829
8621
8796
7984
8231
7519
7614
8841
8843
8797
9830
8644
7856
8864
7736
8549
9903
9703
8106
9889
8298
8413
8963
8252
7586
7672
7613
8560
8632
8335
8862
7875
8907
8139
9316
7616
8850
8886
8031
8088
8561
8180
7774
7573
7778
7954
8370
7820
7808
8789
8007
9568
8061
9696
7564
8194
7959
8812
9596
8286
8995
8114
7817
9206
8050
8335
7902
8974
8338
9096
9074
7592
7858
8584
8570
8984
8122
8414
9031
9529
8239
9512
8073
9646
9609
8017
7667
8041
7718
8066
8353
9140
8269
7728
7907
7813
7850
8519
9884
9824
7841
8701
9298
8931
9081
7711
9038
9675
8218
8556
9764
8787
9139
7616
9782
8847
8215
8697
8895
9178
8849
7646
8754
8877
8987
9682
8876
8863
8948
9054
8859
8244
8089
8405
8649
9742
8488
8720
8656
8728
7655
7670
8794
8834
8299
8039
7962
8574
7743
8811
7892
8572
9104
7859
9119
9133
8631
8819
9099
9097
7978
7804
8024
7730
8730
7939
8249
8321
9752
8285
7866
9660
8643
8882
9842
7980
7972
8543
9066
8240
8680
8180
9033
9132
8990
8998
7721
8086
7749
8168
8406
8261
9736
8332
8506
9875
8865
8472
7886
8550
8471
9749
9893
7776
8072
9825
7882
8599
9105
7901
8574
7984
8249
7732
7743
9868
8319
8414
8137
8526
8961
7889
9202
9267
9324
7872
8808
8627
9022
8727
8944
7885
8346
8861
8162
8523
8646
9043
9780
7773
9060
9885
8721
9357
9441
9534
7824
9868
9884
8128
9832
8249
7787
8094
8716
7908
8458
8866
8401
9064
9883
7880
9834
7877
8765
7844
7913
9795
8200
8197
8404
8785
8676
9070
7997
8388
8775
9158
8231
8621
8044
8609
8049
8801
8120
8301
8721
8981
8958
9621
8214
8296
8115
9056
9855
8797
9720
9830
8064
8092
8643
8530
8952
8696
8833
9056
8316
9630
7953
9804
8328
9541
9560
8037
9322
7878
8525
8883
8359
7899
8008
8511
8666
8826
8717
8305
8606
8075
8303
9875
9316
8407
8519
8696
8751
9833
8848
9316
9374
8745
9029
8651
9160
9380
9520
8054
8532
9344
9354
9545
9878
8264
8297
7989
8980
9700
8962
9487
7996
9481
9791
9792
8221
8286
7991
8089
8264
8308
8057
8652
8960
7953
8569
8362
8394
8417
8294
9723
8483
8664
9861
8437
9076
8507
9805
8704
8174
8756
9881
8179
9020
9559
9008
8506
8108
8500
7954
8397
8436
8879
7973
8063
9734
8705
8792
8495
8793
8080
8135
9295
8471
8228
8424
8803
8042
7996
8081
8217
8894
8749
8892
8001
8517
9221
9197
8985
8561
9331
9457
8740
9363
9452
8823
8319
9008
9123
8891
8960
9698
8330
8307
8883
8903
9610
9325
9429
9441
8996
9483
9866
8099
8423
9569
8054
9767
8091
8558
8911
9036
8465
8967
8904
9939
8578
8766
8305
8342
9111
9119
8752
9607
8991
8472
9567
8818
9331
8672
8633
8157
9840
9857
8508
8979
8243
8070
8245
8509
8525
8156
8960
9166
9511
8955
9160
8400
9136
9808
8952
8686
8700
8231
8889
9570
8663
9858
9733
8275
8128
8448
8115
8430
9767
8430
8998
9026
9151
8386
9714
8648
8971
8438
9854
8844
9578
8096
8276
8862
8737
9852
8716
8277
9017
8772
9719
9720
9870
8499
9091
8901
8846
8191
9006
9322
8931
9357
8977
9589
8609
9118
9761
8463
8999
8515
9902
9282
9905
8915
8511
8635
9860
8878
9319
9431
9007
8487
8629
8926
9100
9384
9456
8935
8242
8540
8746
9241
9354
8603
9777
8780
9124
8207
9302
9335
8715
9265
8234
9087
9133
8886
8267
9084
9098
9147
9516
9040
8916
8641
8343
8277
8998
9481
9816
8735
8602
9675
9828
8695
8924
9513
9003
9557
8265
8675
8702
8712
8340
8979
9136
8361
8755
9530
9077
8400
8260
8548
8469
8340
9581
9024
8280
9170
8757
9773
8690
9600
8405
8428
8993
9181
8274
8292
9000
8355
8382
8282
8407
9148
8628
8510
8342
9873
8493
8592
8765
8984
9731
9803
8534
8431
8306
8461
9565
8782
9006
9066
9724
8369
9227
8823
8974
8616
9519
8379
8490
9112
9873
8342
8575
9111
8971
8958
9526
8876
9057
9671
8565
8828
9583
8495
8611
8494
9555
8524
8595
8699
8970
9090
8504
8815
8444
9026
9792
8799
8695
8924
8965
9005
8734
8856
8816
9543
8598
9790
9807
8959
8480
8487
8372
8394
8698
8564
8583
9170
9745
8569
9078
9346
9010
9663
8451
8592
8403
8656
8503
8532
8622
8693
8649
8436
8460
8442
8394
8403
9400
9134
8543
8575
9155
9086
9801
8859
8734
9000
9874
8448
8559
8827
8957
9157
8573
9722
9076
9174
8698
8907
8997
8439
8441
8692
8467
8555
9936
9137
9300
9339
8669
8722
8742
8555
8943
9248
9311
8529
9093
9097
9214
8590
9228
8781
9836
8970
9090
8485
9035
9112
8489
9389
8637
8697
8619
8889
8798
8944
8917
9079
9418
9423
8489
8754
9326
8875
8959
8986
9845
8786
8913
9052
8892
9179
8538
8498
8726
9554
8515
9902
8571
9895
9309
8507
9073
9626
8710
9667
9168
8526
8517
9301
8825
8612
8857
8833
8879
9007
8756
9860
8549
8678
9848
8895
9165
8787
8864
8754
8596
8847
9605
9607
8618
9182
9191
8581
8782
9728
8613
8623
8920
9763
9815
9120
9669
8853
8857
9892
8802
9142
8885
9114
8676
9721
9564
8849
9113
9196
9012
8878
8590
9412
8772
9699
9315
8771
8601
9105
8684
9568
9853
9410
9414
9552
9087
9112
9024
9745
9603
8785
8654
9158
8923
9917
9341
8667
8870
9050
9109
8692
8804
9234
8634
8637
8805
8664
9052
9820
8869
9552
8787
9054
8650
9508
9879
8701
8822
8950
9207
9391
9435
8994
8987
8809
8854
9049
9593
8809
8683
8703
8845
9148
9857
9819
9862
8864
9116
9197
8673
8724
9413
8828
8724
8962
9694
9511
9693
9856
8725
8934
9281
8915
9070
9212
9507
8880
9278
9649
9021
9326
9201
8896
8902
8741
8786
9601
8847
9260
8768
9509
9312
8738
8754
9431
9809
9064
9086
8816
9739
9851
9791
8820
9716
8832
9136
8962
9866
8858
8939
9336
8938
9421
9077
8841
9781
9782
9247
9318
9125
9415
9131
9150
9660
8888
9170
8941
9161
9113
9538
9420
9430
8797
9109
9307
9836
8783
9670
8936
8834
9364
9040
9891
8928
9328
9083
8811
9086
9262
9403
8956
9564
9012
8923
9476
8845
9110
9150
8910
9041
8910
9027
9205
9255
9329
9536
8945
9129
9122
9603
9865
8959
8913
9009
9602
8882
9105
9162
9697
9883
9238
9194
8897
9063
8843
8850
9334
8886
9292
8870
9237
9941
9591
8875
9204
9229
9867
9164
9423
8868
9154
9163
8925
8947
9396
9411
9589
8921
8991
9746
9002
9594
9174
9668
8952
9014
8957
9859
9185
9036
9182
9512
9788
9935
8909
9492
9917
9114
9453
9389
9577
8923
9207
9476
9023
8916
8965
9234
9272
9917
9202
8948
8931
9357
9327
9355
9514
9772
9066
9493
9592
9369
8984
9159
9306
8990
9308
9281
9349
9230
9380
9405
9521
9180
9496
9565
9527
9483
9305
9341
9110
9181
9271
9510
9133
9138
9149
9318
9151
9050
9375
9104
9391
9927
9931
9001
9053
9787
9326
9386
9389
9122
9295
9021
9035
9615
9433
9856
9118
9096
9087
9092
9127
9156
9392
9440
9304
9345
9582
9251
9321
9558
9046
9367
9154
9874
9046
9343
9916
9115
9116
9079
9309
9366
9327
9885
9064
9883
9884
9086
9175
9509
9155
9221
9336
9182
9191
9135
9629
9845
9387
9301
9352
9152
9178
9177
9176
9241
9270
9143
9153
9103
9111
9155
9277
9383
9843
9360
9401
9119
9322
9550
9456
9337
9112
9304
9384
9331
9358
9879
9153
9156
9540
9322
9204
9452
9466
9220
9163
9332
9344
9300
9363
9537
9370
9308
9390
9721
9164
9933
9380
9178
9462
9477
9302
9319
9330
9347
9183
9208
9209
9204
9233
9925
9195
9205
9647
9337
9399
9219
9313
9927
9233
9230
9328
9357
9482
9229
9292
9362
9336
9369
9913
9196
9306
9345
9327
9353
9478
9295
9331
9479
9287
9346
9387
9436
9471
9223
9268
9356
9438
9461
9284
9307
9337
9264
9318
9370
9263
9306
9390
9646
9412
9488
9230
9898
9276
9214
9924
9218
9227
9930
9896
9222
9467
9468
9233
9266
9271
9465
9500
9236
9908
9346
9374
9904
9913
9900
9924
9231
9235
9259
9909
9378
9482
9380
9423
9484
9908
9288
9329
9365
9245
9334
9907
9236
9239
9256
9492
9647
9292
9334
9262
9364
9278
9378
9432
9286
9364
9472
9252
9837
9924
9285
9338
9350
9592
9317
9408
9896
9351
9426
9275
9296
9339
9252
9312
9275
9310
9311
9474
9308
9311
9262
9403
9278
9922
9286
9354
9388
9915
9908
9922
9676
9915
9361
9527
9352
9356
9349
9351
9368
9649
9925
9914
9274
9304
9384
9286
9394
9343
9314
9345
9321
9289
9919
9340
9429
9482
9290
9297
9335
9370
9372
9407
9479
9376
9486
9330
9347
9305
9313
9350
9315
9829
9302
9319
9294
9920
9305
9313
9898
9919
9300
9363
9360
9401
9310
9900
9352
9356
9390
9373
9480
9484
9369
9312
9362
9919
9419
9494
9425
9373
9396
9497
9494
9375
9437
9361
9416
9486
9910
9375
9378
9432
9387
9349
9351
9388
9422
9379
9382
9478
9365
9455
9414
9478
9415
9420
9446
9465
9897
9399
9463
9442
9403
9913
9382
9489
9385
9926
9372
9450
9411
9490
9479
9410
9414
9503
9395
9480
9491
9464
9501
9648
9437
9485
9449
9489
9496
9918
9928
9437
9440
9478
9477
9436
9452
9499
9407
9450
9486
9427
9433
9470
9444
9451
9467
9428
9445
9465
9411
9484
9438
9439
9456
9415
9446
9431
9447
9462
9929
9444
9427
9693
9504
9500
9480
9484
9431
9470
9446
9434
9454
9455
9467
9440
9449
9473
9436
9442
9474
9430
9446
9494
9448
9469
9498
9693
9503
9476
9485
9473
9463
9461
9482
9452
9459
9505
9455
9500
9501
9497
9930
9499
9468
9504
9490
9506
9460
9493
9464
9479
9502
9694
9926
9503
9498
9470
9464
9499
9506
9501
9648
9499
9928
9918
9492
9497
9483
9791
9932
9490
9694
9504
9929
9497
9495
9498
9505
9505
9693
9506
9550
9513
9934
9511
9531
9515
9517
9516
9517
9519
9521
9520
9521
9523
9525
9524
9525
9527
9529
9531
9530
9531
9533
9534
9535
9537
9539
9541
9543
9545
9544
9545
9547
9549
9548
9549
9551
9553
9552
9553
9555
9577
9557
9566
9559
9571
9561
9562
9563
9563
9565
9567
9569
9778
9571
9573
9575
9574
9575
9577
9894
9580
9582
9584
9586
9585
9586
9588
9590
9589
9590
9593
9910
9594
9596
9895
9894
9598
9600
9870
9602
9604
9604
9607
9609
9611
9613
9615
9661
9617
9619
9621
9623
9625
9627
9629
9631
9633
9635
9637
9639
9641
9643
9645
9647
9649
9651
9653
9655
9657
9659
9663
9665
9697
9841
9903
9940
9669
9671
9859
9673
9675
9827
9907
9678
9680
9682
9684
9686
9688
9690
9692
9696
9858
9698
9700
9702
9704
9706
9708
9710
9832
9712
9714
9716
9718
9869
9722
9724
9726
9728
9730
9863
9732
9804
9734
9738
9825
9740
9742
9744
9747
9747
9841
9902
9750
9892
9752
9754
9822
9756
9758
9795
9760
9840
9762
9764
9766
9768
9770
9772
9774
9776
9778
9780
9783
9784
9784
9905
9786
9788
9790
9808
9794
9796
9798
9800
9801
9802
9802
9804
9806
9808
9810
9812
9861
9814
9816
9818
9820
9887
9820
9822
9824
9826
9828
9830
9832
9834
9836
9838
9888
9923
9840
9844
9844
9846
9848
9850
9852
9854
9868
9891
9858
9860
9862
9864
9867
9870
9872
9874
9876
9878
9880
9882
9885
9887
9889
9891
9893
9941
9941
9897
9899
9901
9903
9905
9907
9914
9909
9911
9913
9915
9917
9931
9920
9922
9924
9926
9930
9932
9934
9936
9935
9936
9938
9940
9939
9940
15868
19231
19615
18931
19280
19595
18983
19678
19815
10637
11921
13121
19416
19463
19606
17651
18979
19593
19399
19451
19607
9951
12995
18430
9961
18076
18875
18344
19260
12686
13230
15008
9969
10898
17422
9956
16663
19030
19453
19656
19693
19639
19914
10569
10939
19382
10180
15117
17852
11997
15866
15883
12863
14873
14910
12297
19125
14627
16939
19713
11200
12796
17025
10134
13576
19052
11691
19465
19687
19230
19676
19691
12606
13848
17159
10482
10637
13430
19307
19430
11084
13753
16846
12275
14228
19832
12182
15377
16185
12287
14328
14336
12441
14011
15109
12814
13511
13972
10556
13275
13576
14004
14059
14246
12581
13192
13951
12123
13432
13938
12513
14107
15761
12752
13553
13640
13440
13449
15953
13163
14331
16010
15053
16805
18376
12538
14354
16981
16130
19231
19635
13505
13813
16169
12246
13923
15297
10986
16279
16944
12283
13039
15384
12834
13093
15516
13986
14079
15697
12942
13387
13821
12699
15675
16131
13448
13602
13770
12884
14481
16036
12263
16336
17017
12471
12571
14919
11861
19337
19917
13027
13282
15483
12932
14988
15806
12077
14726
16232
12691
12875
15738
12815
13301
13635
12351
15152
16431
12784
13022
15038
10664
13702
19107
16001
17502
19667
12531
13837
16970
12381
13011
16730
11999
15263
16593
11950
14580
16807
12877
13600
15717
11857
14063
17704
12456
14256
16174
12400
13608
16808
13060
14389
16288
12551
13410
16454
12994
13877
16337
12181
14267
16641
13044
16092
17951
14135
15654
16034
11871
13994
17444
11910
14674
16794
13565
14442
16141
11556
16995
17541
12763
14507
16529
12952
13789
15658
12227
15639
16493
11225
12258
17862
10915
18562
19172
12232
12279
15911
11321
16344
17136
10792
16286
18691
12570
13098
14825
12635
14376
17095
12413
13909
19722
12539
13439
15999
12159
14660
17515
10169
17684
18803
12745
14016
16397
13626
15437
16919
12540
12802
16489
12592
13149
14385
13091
14558
15286
12488
13367
16558
10143
17418
18881
14250
14908
16218
12559
15191
16732
11365
15770
17100
12872
13548
16412
12285
14445
14723
12264
15204
17441
12655
15992
19644
12588
12803
16156
13355
13730
18219
17948
18696
19659
14807
14854
17412
11836
12857
17155
13401
14564
17260
15299
16496
16688
12419
13688
16904
11625
16113
17387
13331
16772
18316
19463
19464
19620
11285
14899
15144
12269
16100
16207
14912
15134
16378
14321
14744
16038
12239
14147
17512
13606
13639
16342
13204
14003
17134
13110
16008
16149
10678
11091
18067
12560
16189
16383
17282
18956
19634
13013
14301
17769
11472
15098
17334
12706
14105
17964
14099
14172
18101
12480
12766
15758
11565
14719
16405
12144
14821
15622
13108
13569
16879
12825
14672
17335
14603
16567
16864
14055
16502
17817
10662
17546
18403
12653
14170
17650
12100
13633
17026
13099
15148
15734
14014
15348
16512
12861
13388
18502
15951
16604
17555
12839
15404
16409
12129
14629
15683
12378
13767
19746
10661
14570
18267
13069
14200
15809
11518
15164
17370
11650
14569
17278
15107
15542
16933
12321
17799
17864
16098
16253
16389
13335
15667
15691
13290
15190
17616
10111
19362
19738
14262
15214
17307
12424
12867
17231
12698
13926
18119
11558
11658
12368
12641
16554
12859
19119
19901
10544
13545
16249
11045
11133
15906
11984
14343
15879
15248
18187
19813
14285
17044
17446
14189
14374
17514
12292
15743
17059
11158
15807
18388
14714
16122
16756
11097
13241
17454
12116
14454
17569
12993
16094
16543
12703
14463
16509
17680
18936
19629
15477
16728
17042
11843
18402
18935
15870
16511
16552
13960
14704
14992
11829
18218
19654
11647
14205
17500
18956
19257
12343
12886
14013
11464
16258
17830
10896
15448
18599
12712
13429
18306
11024
18361
19731
13619
16414
19311
11211
16290
17874
12493
15163
16968
10920
11042
10682
18037
18449
13856
17189
17397
13330
15551
17014
10951
16623
17285
10545
17298
17667
14031
17847
19717
12705
14194
17408
13759
14058
16483
12038
14909
15839
15446
16501
18719
12396
14716
17898
16712
16872
18246
13591
13822
16666
15405
16799
17089
10505
16419
19003
12240
15591
18170
13729
13907
16191
15224
15458
16898
12508
16570
19761
11028
16862
17784
12630
17734
19392
11810
16136
16199
13940
14614
17589
12370
12695
17242
14862
16542
17398
10852
11080
13146
19396
19689
15290
15696
16921
12817
13673
17294
11686
16175
16278
12828
15298
16029
11876
12838
17568
15473
17882
18910
11721
16841
18363
12109
14061
15824
12386
14162
16068
13248
17786
12023
17142
17451
13489
16564
18222
17062
19627
19628
11925
16533
18213
14178
15991
18078
13925
15253
16025
12820
16060
17658
11137
16009
16884
15203
15808
17596
11709
15442
18767
13963
15984
16588
15840
16875
16949
18093
19614
19670
12290
14021
17685
15646
16648
17729
10224
18619
19370
11082
15952
17519
13081
13667
18496
13424
14020
17691
12782
13420
17218
11922
13812
17242
14731
18116
18764
11212
15557
17484
14355
15588
17912
12852
13937
19079
11795
13674
17284
12385
13914
17571
10502
18068
18611
11599
18473
19651
12345
16804
16941
13130
19176
19621
16738
19177
19724
13268
13457
15180
12584
13997
18377
15416
15625
17116
12289
17509
19783
13185
14680
17918
10773
18249
19323
12786
15811
17287
12598
14460
18073
16460
17673
17776
10590
14960
18909
10859
16498
17540
14018
18722
15309
16259
17346
15357
16555
17752
12428
13981
19765
15288
16830
17496
13915
15782
16990
11947
14503
15383
10762
15548
16915
16157
16362
16646
13771
14037
17954
11341
17820
19052
14319
15921
17768
11353
17890
19229
11711
13885
17256
13614
16164
17631
14179
16400
16422
13216
14209
17319
12230
18354
18681
15948
19271
19681
12420
12597
16950
12256
13680
17969
11453
15826
17196
12880
15244
17631
10301
17011
18068
11634
15261
17770
13113
15440
17571
12943
14457
17045
12756
13536
16445
12189
13868
15257
13903
15495
16877
16139
17053
18484
10646
16776
17140
11547
14932
16553
15149
16822
17511
10643
15013
17710
12033
15407
16270
15035
15917
17892
11422
14813
17464
14690
17689
18573
13004
16892
17377
15021
17129
19034
13067
15453
17236
13254
13280
19155
10993
15394
17970
10671
15049
16469
16668
17261
17573
16144
17035
18142
11298
15231
17547
11655
15562
17922
11485
17314
18662
13629
13886
16870
12111
13726
17231
16438
17621
17916
11368
18055
19660
10342
11921
18316
12885
15124
17099
10291
11277
15742
17977
18176
19707
11230
16678
18238
10471
15412
19258
12347
15679
15886
10292
11920
16692
15893
16305
17855
12601
12616
14428
11665
15798
18130
13202
13728
17825
11286
16267
17045
14166
17771
14137
18884
12461
13177
17433
14222
17641
18933
11161
15892
17707
11641
16050
17083
10554
14130
17603
10983
17592
17889
11864
17363
18797
11193
18963
19662
11947
13044
12917
13917
17898
12318
13352
15836
11438
15480
17218
12649
18097
19203
10865
17306
18136
12563
14310
17196
14026
14339
19642
13778
16117
16806
10979
15730
16901
11099
17442
18724
11813
12919
17397
12868
14556
17638
10954
18743
18765
11582
16392
19705
11343
16423
17055
16911
17344
17818
11340
15144
16835
17246
17299
18790
11223
17177
18530
10629
19343
19695
10697
16827
16993
13138
16743
18908
10905
11378
14025
12147
16160
17057
11761
19255
19399
14114
14684
17557
16182
16387
16569
12975
13982
17800
10853
16776
17359
18318
19329
19605
12680
18092
19415
11403
16197
18140
13443
13879
17917
11874
13850
16198
11771
14121
17332
10849
15819
16991
13078
16974
18608
14762
14962
16450
11293
18417
19103
13309
16064
17533
18099
19296
18783
19282
19648
13441
15410
15763
10919
15366
16865
17097
18123
19160
11447
15746
16672
12822
14591
18572
12736
16291
16370
13285
16242
18577
11451
16725
16825
11002
16816
16889
11171
17888
17891
12371
14153
14363
14330
15131
18443
13054
17313
19767
12768
13831
17143
11470
16838
17245
11429
14024
17270
10675
16615
16889
14155
17383
18534
11540
15320
18064
11038
16811
17036
11638
13690
17768
10794
11965
17993
11324
15459
16813
15379
16715
19791
10958
17907
19216
11207
17996
19316
13318
14158
19083
11522
17974
18722
10968
12710
18269
11080
11124
19400
10901
16236
17027
12765
13363
17494
11272
16424
16608
11296
17106
17550
17404
18011
19213
10433
14965
18512
11658
13718
17736
16391
16817
17432
11333
16690
17156
14734
18792
19650
10857
16886
16993
10841
17077
18136
12435
15153
16645
16980
18626
19631
16364
17067
17172
11752
16070
17653
15994
16308
16522
12167
15748
19071
11181
17961
18683
13033
13239
17539
14528
14816
16959
11774
17430
18277
11767
14296
17927
11886
16478
17716
11337
17133
17456
14954
19411
19709
13297
16986
17038
15113
16601
19210
11254
16442
18644
12143
15556
17856
12030
15002
18537
15267
15816
16247
14138
14368
15856
11433
16289
18627
11384
14624
16992
13520
16154
19198
11817
15511
18369
11454
16809
17420
11323
16183
17346
16576
18066
18231
10578
13001
19387
11042
11150
19397
11151
17030
17341
13396
15147
17938
10822
15764
18512
11988
13954
15950
11317
14372
17142
10885
16594
16763
11434
14347
17155
12667
13016
17494
11631
16477
16930
13538
14920
17538
11493
14461
16695
10912
15975
17243
11134
11975
19870
14625
17167
19344
11728
12312
19349
10804
16411
16594
15455
15563
16436
17175
17304
14767
16504
18278
12070
12816
18116
11172
16074
17099
12452
14218
17587
11523
16152
18292
11476
16121
16597
11255
15739
17696
10740
16227
16563
15616
16696
16925
13402
13521
14048
11213
16659
17079
12779
16500
19768
11269
16792
18000
14971
16280
18107
11439
18355
18566
11443
14408
16028
12164
18847
19084
12876
14041
19249
11065
14997
18064
11380
15679
17906
11573
13852
17054
13247
15605
17578
15469
17937
18432
10792
13132
14711
11455
16622
17578
11160
15954
18688
11261
15707
17053
12474
12783
17134
11029
17459
17671
13018
14204
16346
12302
17457
18384
16729
16818
18168
11307
15967
17137
11693
17326
17467
13992
17393
19278
13510
14849
14917
10541
17672
17874
10821
11943
16766
11840
14346
17435
15197
17848
18723
12114
13708
15857
11551
13455
17954
11428
17102
18682
10547
16406
17037
12681
12866
17415
14186
15479
19265
12724
17443
17463
14745
17499
18708
16895
19276
11392
16073
17323
12218
14504
17539
11942
15100
16067
10735
17275
17540
10888
15970
16877
11367
13970
17770
10950
16568
16865
10836
16561
16790
13834
18275
18552
12443
17912
19735
11846
16617
17244
11504
15611
17234
10540
16197
17359
12926
18488
19077
10934
12094
18987
10523
15050
17677
16781
17380
19622
10558
17140
17285
11210
14434
16904
14201
17592
11077
17022
17243
10666
18335
18336
12067
17658
10722
11920
12482
10791
16561
16834
13662
16176
16588
11743
14061
17986
10895
16311
16632
11120
16457
17103
11128
14109
19608
10873
17910
18611
11643
16231
17812
12012
15159
17825
13472
15780
19090
11398
12978
17156
14280
15934
16108
11446
14201
18105
11622
16801
17343
13382
14388
16913
14433
16101
17086
16660
16917
11963
15700
16602
11495
16413
18614
12117
15740
16467
11559
16281
17190
12072
16468
17662
11144
14925
17833
10709
17672
19107
12758
14421
15002
12973
17870
18591
14599
17356
19031
11720
15771
16190
13362
18385
19218
17062
19117
19310
18021
18590
18675
14583
15055
16806
11733
13625
16730
17667
17784
17077
17430
11478
12203
19166
11363
16935
17458
11684
18746
17541
17546
12393
17650
19740
15965
17374
12079
16732
19720
11290
12510
19669
11831
16887
17935
12352
15649
15692
11389
17092
19273
10591
17275
17889
16279
17451
13023
18369
18500
15190
17799
11656
16037
18450
16423
16886
12180
18769
19055
10910
17298
18167
12473
13942
18180
16831
17545
18754
12045
17544
17640
10975
16611
16901
11400
13894
17922
10576
16221
17248
11018
16647
16811
12058
17220
17309
19108
19115
11258
15318
17236
11179
14899
15331
17272
18285
19259
12688
13487
19674
10928
16303
17283
11112
16973
17602
16322
17473
11017
16693
17027
17835
17859
11133
14372
15827
11689
13079
16002
11238
16052
17079
17235
17869
18413
12337
15178
18911
13275
13922
18677
13299
15914
18886
16847
18477
18681
10781
12661
19350
12433
12499
16158
11347
15391
18292
12973
17515
17830
17910
10790
15736
17291
10741
16097
17046
11229
19125
19341
11054
17378
19245
11830
14562
17538
11900
12162
12230
16301
11852
15635
18059
11256
16774
18496
11952
13162
16100
13888
17367
19419
17537
17777
19737
12722
17206
17840
10949
17241
18110
10832
15875
16990
12888
14184
17257
12938
18719
19022
11575
13924
16874
11508
16172
16365
11168
17603
17707
12912
18736
18859
11785
13116
18870
11364
17114
17318
13916
15184
17612
11090
14860
16831
11164
16004
18054
11496
14765
17148
10933
16296
18426
10621
16221
16461
12670
13220
17800
15623
16896
10647
15746
16611
16129
17785
18228
16632
17668
19677
12654
13723
19421
11928
17195
18298
13551
13742
19551
12958
15524
18443
18590
19861
10650
16121
16693
11188
17153
17934
10834
17463
18352
12593
18173
19658
12293
14548
18231
11096
17406
18403
14145
14839
16122
18296
18995
10691
15603
17291
13407
17290
19626
11058
15624
16713
11239
17058
17678
10700
17049
17241
13304
19284
11215
17477
17687
11712
15451
16532
16862
17136
16615
17484
11596
15838
18278
10972
15924
16172
16827
17519
11894
14378
15858
17197
18961
19084
17756
19254
19431
11427
16220
17307
10672
16322
16918
11154
15793
18059
11143
17527
17654
10749
16104
16563
12216
14822
15947
11442
14408
18771
13550
15959
12216
16981
11010
17627
17681
10773
18277
15536
18224
18997
17857
18255
11224
17848
18802
12391
16118
18101
12286
15841
16631
11739
15956
16325
15033
15272
15573
16896
10964
14925
15459
11911
14076
19756
16498
17370
14979
15995
18673
11887
13504
16955
16151
18831
11644
16095
16669
17641
17765
18395
15303
18524
18931
14296
17891
11386
14472
17319
11699
12466
15255
11956
16289
19067
11847
12258
13314
18205
18228
18505
12657
15311
17555
10994
13827
17095
11775
15814
18807
16406
16432
10835
17049
18103
11356
13244
17892
11399
14184
16820
11430
12095
16864
11284
18660
18741
16623
17100
11387
15337
19265
10860
15956
16355
15682
19268
11004
16697
17696
10722
12383
18731
11199
17192
17806
11332
15122
18603
10939
11595
11841
12465
15674
18476
10978
16073
16424
13922
15942
16960
17387
17907
17717
18180
18472
10984
11983
18852
11295
17283
17623
11055
18000
18252
15666
19297
19638
13712
16193
16559
14220
19198
19752
10963
11156
13829
16700
13214
18693
18858
11966
13205
14197
16788
16829
17923
13483
15823
17939
12762
18049
13201
14612
17855
12089
15969
17749
10991
16708
17955
11325
13749
17812
12140
13494
16688
13259
13452
15185
11335
15356
16216
11541
12796
18624
10812
17360
18066
11654
13101
16970
10878
16296
16472
11524
18398
19027
16050
16816
10869
18070
18599
15125
17478
18476
10751
11966
13702
10818
13407
18691
15661
17525
15661
16524
11088
13266
17596
11482
13801
16502
11858
13935
16968
13124
13695
17638
11087
15549
17543
11146
16464
17385
13277
17983
18832
14830
17046
13727
14326
19317
19216
19257
16133
17600
18265
13769
14198
18048
11279
16607
17141
12067
15415
16035
13386
14443
15627
10962
15969
16813
11435
19185
19507
17121
18529
18642
15489
16448
16958
11127
11730
14508
14843
15990
17837
11651
17138
17905
11022
15611
16608
10915
10988
13619
11359
16021
17141
12249
14590
16646
16093
17203
18811
13159
15873
16271
16775
18450
18838
11448
16347
16713
11247
11326
12859
16215
16851
11253
17173
17361
15552
18549
18574
10846
16887
17602
14283
18232
19244
11516
17131
18150
13781
15530
19032
11175
16536
16914
17599
18717
13645
18741
18854
14972
16033
18411
12257
12600
16529
12015
14018
19195
11787
18309
19425
11201
11757
14399
14911
10823
11848
16604
13075
14926
16921
15965
16007
16097
17759
17252
17308
10861
15967
17153
11896
19180
13169
14975
18419
11008
13241
13896
17624
18328
19205
11424
13284
18514
13215
17302
18974
12274
15998
18854
12172
14146
16141
12810
13197
17716
10980
16697
17544
15623
17468
11824
14234
17557
10908
17123
17995
18202
19477
19727
11780
13547
19082
10858
16190
17137
13148
13887
18886
12910
17098
19784
19333
19728
11477
12476
19865
10874
16468
17935
10876
13010
18706
11706
16332
16680
15295
17858
19436
13079
18911
12567
15800
17689
12132
13368
14528
11626
12572
17203
18555
16452
17446
10875
17880
18284
13085
13501
15465
11626
13374
19011
12773
15213
17884
11704
13648
16421
15024
17755
18124
10940
18252
18449
12013
13418
17343
15849
17036
11073
17498
17764
16189
18099
16924
17880
15015
16524
11797
16039
17301
11888
12856
15953
11053
16453
18826
11397
15852
17406
12966
15448
13583
16375
17802
13596
16116
17483
11162
16710
17063
12710
13513
19657
18091
18203
17122
19192
19225
10890
17063
17944
14949
17582
16430
16544
18419
12406
15380
19392
11299
17695
19706
14932
17055
11092
16310
16911
13905
17092
19309
10999
16740
16859
13850
16597
16914
17103
16258
16794
16236
17464
16457
17454
12404
15855
17647
11119
15648
16680
11059
15759
17673
16290
16807
11070
17047
17331
11116
16670
16784
17827
18303
18579
17306
17334
11414
16616
16796
11934
15629
16909
14387
15103
16650
17017
17951
17866
17894
18210
18426
17009
17831
12272
18341
19210
17794
17947
12970
16710
18183
10887
12527
18700
12731
18041
19099
11698
16075
16099
11273
16311
17547
17442
18548
18750
15862
16461
12680
16821
17558
15998
19293
16112
16763
10917
14378
15912
17316
18198
10984
11599
11837
12575
13556
16746
14368
16793
18174
12268
12621
16036
15892
17500
11353
18983
16505
18642
19719
12835
14759
17963
11948
13031
17294
15501
15798
18860
15952
17278
11653
15713
17159
10914
18256
19190
11418
18896
19087
11443
19719
11334
17010
17262
12509
13234
19203
17865
18521
11091
18469
19715
15807
18140
11069
16321
17323
15573
17611
14050
18528
18671
19017
19442
17617
18274
11142
16853
16883
15924
17270
12115
16619
17618
15015
17268
11371
13227
17490
11500
12855
16805
11176
12550
16836
14100
14905
17884
11336
17680
19862
11330
15367
17533
13454
15331
19370
11072
14503
16973
16792
17653
14702
16636
19059
12617
16574
16872
12005
18659
18775
13560
14095
15086
19279
19393
11220
15993
16779
12353
13428
16062
17725
18652
18980
14038
14795
17412
14981
17904
19023
14617
16262
18355
18627
12160
14481
16440
18004
18254
19484
11929
15782
16294
14634
15301
18048
11057
12704
14005
15513
12068
13117
16409
11183
13314
19299
10976
14995
17543
17947
18284
16300
16790
16344
16593
14500
15584
19773
10968
11728
14499
17016
18655
16654
18318
19181
13248
15436
18155
12542
13764
17938
16493
17820
16521
17290
19785
11003
14054
16992
11766
12432
16567
18056
18272
11421
12082
18201
18416
11373
16355
17148
12325
13300
15916
16072
18463
19348
11815
12307
11009
16233
17608
17993
18307
18523
18551
19379
19414
15730
17284
12951
13025
16941
11012
16321
17626
13954
16365
16059
17047
16314
18389
18614
18365
18455
15557
17026
18352
18644
12184
12714
13986
11903
12637
15325
12768
17083
11849
18172
12225
15321
15703
16533
17260
11841
17052
19339
17462
18442
18279
18624
19725
11388
16610
16905
11061
13946
16441
12163
13582
19315
15927
18055
14854
16912
11608
17240
17865
11931
18697
18735
15663
16054
18242
16203
16745
19118
15211
17295
11005
13761
13762
16492
17088
17929
13352
16672
13393
17458
15740
16347
11640
18846
11637
17537
18071
14586
15613
15680
16883
17934
17087
17123
17192
17316
12014
13010
14215
14574
16960
12846
17791
19279
11732
12178
12987
11574
14046
19083
12161
13036
16369
13708
16325
15736
17698
11491
15912
16874
16348
16842
18115
12826
15756
19139
18286
18468
18240
18283
18384
13280
15266
12156
15149
19048
17381
18191
19115
18308
18883
18919
16131
16995
18201
18272
11032
11352
18686
16579
16741
18871
11958
13891
15000
11350
13877
14491
11497
15644
17213
11301
18289
19315
11884
15270
15638
11782
15307
18475
16007
16294
11554
18247
18772
12078
17450
18928
13103
13419
17116
11371
18609
11140
15192
15321
11057
12655
17112
16947
19808
18070
18238
19679
15420
17181
18780
11896
18303
18456
11408
13678
16124
11328
16257
17377
19089
19700
19702
12438
14253
15563
15580
17944
18301
17676
18981
17623
17888
11562
13649
17086
18779
15739
17256
13143
17042
11104
18589
18964
11145
13116
14618
15157
17647
13186
17699
18553
12259
17007
17985
15449
16182
11567
13556
16349
12281
15732
17939
12224
12311
16253
17908
18127
15920
18089
11184
17076
17862
17973
18501
16796
17150
11549
18628
19047
11338
18114
18706
11182
16784
18002
16439
16918
11591
13961
14507
12850
14783
18766
11299
18895
16416
18330
19697
15770
16641
14027
16162
17452
18230
19278
11108
19427
19510
11629
15495
15862
15671
15920
15014
16915
11128
11277
12445
16679
17729
18634
19016
16552
17311
16653
17193
17756
17778
12149
12911
13449
14110
15281
19310
16619
18167
16825
18275
11885
13228
16580
17950
19096
11291
14822
17234
12643
16010
17979
11103
17301
17833
17807
17838
18341
18647
11444
13533
16094
13430
15655
17896
14017
15800
19173
19131
19875
12718
15285
18604
11862
13163
13692
13797
15305
18796
15437
16092
11127
11829
16815
17872
18700
19775
12188
12809
15697
17295
17355
11870
12666
17699
13135
16743
17217
16303
17435
14460
18552
12569
13344
15760
13152
14565
17612
14474
15173
19160
18942
19292
13156
18982
19189
11619
13444
17089
18631
11348
18294
11393
16422
16722
14455
16717
18242
11194
17150
18434
11202
16506
18705
18305
18481
14960
19317
11394
13107
15383
11835
16228
17662
13156
19230
11850
15521
17257
12255
18220
18880
15624
17054
14131
16609
18171
17194
17819
17583
18056
11565
13813
11388
13547
15684
16360
11498
16531
16707
11718
17950
19618
12251
15120
18957
18825
19313
17866
18091
11895
17462
18797
14906
16126
17589
15754
16506
12323
13095
16483
12082
17401
16985
18828
19772
11446
17143
13212
18964
19345
15748
18662
16944
17512
17605
19097
17648
17949
19049
15360
17375
12939
13092
17573
15393
16241
16853
12273
18373
18896
16009
17668
12767
13677
17847
16166
17503
19329
12435
16602
16568
16910
12555
13838
18918
11280
14512
15473
12820
18073
11661
13638
17529
11506
12451
15191
14722
18299
18778
17974
18363
12812
16728
17315
19519
19895
16859
18090
14420
18537
17804
19012
12982
16848
17964
11980
17636
19455
11201
11843
16515
18120
18211
11833
16518
16752
11951
19171
19247
15126
18396
18907
11251
17526
17583
11767
16645
18120
18904
17996
18060
19256
12170
14160
17691
12294
15430
18974
12154
14115
17483
18301
18434
18868
19477
18584
15964
17690
11471
16519
18906
12150
13250
18879
13757
15606
18669
12265
18385
18799
11361
19106
16205
17126
17952
19444
12590
13080
16543
15826
17111
15761
16113
15164
16412
16432
16595
17012
18035
18756
17838
18416
13402
15873
16271
11231
18131
18503
11594
13517
17261
11632
16014
16228
11696
15120
12630
17006
18026
19487
11736
15845
16509
17859
19359
16306
16648
18957
19015
13269
16458
19512
11590
17058
17517
11306
14942
15270
11368
17927
15098
16454
16957
18782
12694
13962
16034
12497
18816
19192
11612
12082
19294
12528
12537
19226
15665
15767
19017
17427
17437
18864
15603
17559
16523
17087
11349
15859
16309
19305
13551
15936
19583
18522
19001
19098
12436
19173
19413
17609
18729
19114
11672
17366
17804
13145
14323
18290
17624
18945
18990
19307
19796
15266
17581
19074
11452
14277
17408
15655
17749
11460
16354
16431
16153
18610
16174
16383
16442
17685
16267
17358
12491
13683
17244
16659
17019
12649
16711
19763
14373
17726
19555
16501
17269
13050
14073
15013
13107
15643
15889
12780
12946
15737
12271
18247
18850
12103
13522
19270
12112
16924
18668
18815
19040
19122
18566
18673
11823
12573
16799
12596
18085
19190
13290
13355
18720
18906
12295
16663
19301
13267
18366
19214
12900
16583
18572
11348
12427
13030
13574
16511
15172
17385
15053
17151
13307
13659
14908
11486
13718
15771
12362
18982
19093
18850
18988
14283
19453
15970
17264
11416
18152
18870
12966
16742
18538
12996
16316
17383
14446
16473
18739
17873
17877
12047
14744
16132
12083
12119
13322
14239
18383
19776
15700
16332
17459
17477
12002
14963
16840
14205
16489
17065
13446
18571
18653
17852
19206
16192
19090
19408
11529
17366
17940
11609
12608
16207
12372
15643
17011
15648
16955
16453
18904
13612
17760
18747
11424
11492
18453
18031
19191
19497
11412
17733
18150
13353
14280
16108
13231
13510
14849
12920
18545
18558
12051
15906
17460
17621
19236
19242
19055
19266
14738
15390
15521
11484
14321
16484
11404
16364
16463
14336
15675
13109
17972
18404
15494
17246
13013
16169
14404
16436
11354
14989
19135
12788
13442
16585
16238
16798
12476
12995
17193
16481
17678
11342
18263
18517
11699
18928
16104
17068
17147
17807
15396
18313
18041
18656
18365
18468
17794
18404
12486
12940
13151
16841
17441
15286
17864
12106
16846
12318
16198
11550
12051
16039
11578
19232
19293
11530
16395
17317
16216
17590
14797
12682
19698
15152
17382
13382
15627
18592
12593
16490
15617
16032
18569
19611
17489
18868
19430
14638
16959
11798
13950
15693
11927
15654
19741
15684
18020
11801
15192
16421
12487
14300
19601
12661
13463
19695
14156
15579
17498
17806
15263
15297
12201
14130
19266
15994
17426
16020
18216
11566
16037
18071
17351
17647
18327
17149
15920
17047
17543
13501
15905
13712
18813
19585
13211
15223
18107
17483
17562
17994
16249
17510
17872
16225
16598
19444
17796
19443
19869
15325
19150
13541
15867
18382
11772
15035
17321
16179
16673
17066
14156
15817
12236
16725
17021
16690
16975
16308
17495
15067
16485
18639
19511
12595
14017
19048
14530
14711
17587
15942
17616
16149
17597
17188
17901
13470
17425
18306
16784
16859
17295
11463
17085
18194
14830
17321
17751
18220
14961
16469
12133
17363
18025
14479
17999
19253
13831
16553
13926
16444
13447
19102
19451
11490
15081
16241
12589
12637
19013
17635
17751
13481
13669
14462
12197
17205
19415
16633
19580
19742
16464
18310
12179
18880
19410
17194
18211
12486
19473
19770
18442
19082
16705
17488
18855
18279
18573
13249
18118
18744
14324
15267
16193
13068
13506
14569
16558
11512
15562
17559
13642
19143
16961
18604
18917
16233
17058
17087
16391
17453
19008
19469
13674
16554
16098
17781
16664
17832
19354
11746
14331
18163
11451
12861
15480
17249
19233
19352
15051
15718
16755
12009
13874
16808
16074
17379
12292
13388
11954
17823
19166
15661
16563
17046
18544
18757
17987
19718
16008
17399
15965
16406
17291
15066
18414
11874
15950
13452
15703
16360
16464
18150
12017
17265
18109
11786
15810
16240
16804
15875
17184
17527
17671
17022
17324
15684
17141
17385
14257
17128
19015
12987
17913
19460
18328
19357
19627
14099
16486
13318
16951
17279
11694
14305
14442
12004
15947
16288
16336
16221
16322
16896
12088
14672
16754
11755
13678
18516
18162
19578
19743
12719
13568
19851
17973
18203
18223
18908
14580
15384
17376
17904
19907
14156
16992
17458
15549
15671
17244
11988
15857
12301
17075
12707
15776
19707
14972
15370
17228
15964
16506
18059
12204
17700
18256
16389
17810
16097
16524
16561
12381
15943
12952
14016
15415
16536
14103
16436
17812
15623
16461
16594
15676
17625
19520
15282
16402
13085
15712
19683
19685
15644
17654
12408
13175
15224
16678
17569
14813
17509
16331
17526
14963
16616
11791
13571
16496
14853
18261
11981
12999
15404
15370
15932
17228
12471
12587
12901
12538
18219
12790
13711
17496
14457
16112
12985
15693
15905
12114
15858
18382
18820
19269
12105
15357
18492
11776
14041
16394
15261
17698
12740
16497
18497
13007
13729
13907
15579
16935
17138
16111
16360
13245
14464
19113
14674
15483
12957
16828
17776
15211
16740
17343
12913
15816
16346
15883
16392
14284
15396
18289
18771
13602
13909
19723
13062
14083
15134
13149
13301
13371
15015
16790
16865
18045
18372
17209
17626
15603
16432
17079
16451
18465
18604
11597
14079
16852
12283
12960
13251
13497
14445
14723
12702
15712
16580
14830
16104
17156
15736
16007
16811
13284
15825
19900
14737
15616
18373
18692
14139
17131
17612
14237
18813
19032
16625
17145
19035
14072
14570
19438
13604
18399
18925
11641
12980
14241
12894
13387
14053
16781
17350
16777
17147
15819
17607
11714
15400
15987
17989
12016
13826
15105
13753
19376
11750
18657
19359
14354
14873
14265
15407
16270
11953
13294
17628
17010
17687
12700
12873
15593
12877
13188
13788
15696
16854
13098
13635
13636
12439
13180
18246
15723
17069
18785
19245
18517
18772
14763
16376
19366
15846
18119
19743
14412
16990
17036
11923
12219
19602
12110
13192
14104
13885
16570
16472
19363
14024
16950
13925
15410
15763
14595
18411
19253
18622
18955
13789
13980
15658
11763
12484
15808
11982
19290
19333
12072
19832
18544
18757
18777
12581
13951
14492
14327
16659
17236
12280
12475
12485
14698
17022
17578
13267
16962
17253
14192
16763
16877
16233
18126
14726
17629
12864
12956
16875
11679
15453
16595
16933
17712
19087
19336
15707
17824
12400
15101
12026
14031
17783
11849
12195
12752
13553
14501
12417
18646
18668
14294
18166
18886
12246
13609
13809
12153
13640
14632
13457
13901
15809
15059
15983
17074
12992
13048
16370
16180
17608
15124
16300
14298
14629
15683
14982
16136
16199
17786
19144
12745
13206
13397
12426
15381
16949
11796
13440
16778
14633
16670
17884
14343
14422
15879
14538
17195
18298
16512
17330
12807
13703
19882
14869
16986
17038
16740
17082
15573
16918
17243
14219
14821
15622
13972
15639
11943
16885
14284
16152
18974
13937
18948
19814
12397
14170
12123
13938
14694
17318
17627
12015
19381
19704
16701
17375
18054
15075
15489
12333
13582
18204
11914
13094
17138
18524
18973
15951
17165
14575
16231
17206
16320
17988
19701
15836
12553
19180
19234
14103
14575
17901
18501
11878
14942
16369
12784
15298
16029
14147
15738
11908
14924
15080
15242
16652
19253
14267
15516
15103
15579
15396
16216
18292
16144
17455
14716
17347
15075
15272
15957
18123
18726
18918
19066
11953
16433
12571
14647
14919
13018
15274
19032
11939
18909
14994
16209
19455
12932
14437
14988
12214
14285
18276
16379
18151
13660
15613
15680
12000
16244
16264
11682
14037
17611
14475
15113
18409
19655
12615
12635
15497
17123
17608
17865
19330
19460
12284
14361
14630
13725
18320
19287
17841
17937
19778
13886
15038
15668
13190
16382
18770
19116
12774
12814
14870
12721
15163
14334
16617
17938
15369
16175
16278
13856
17468
12585
14204
16342
12457
12502
18776
13315
17335
17757
16838
17030
12001
18735
18942
16781
19047
19623
15231
17969
12441
13607
14221
19011
19353
15418
17133
17456
17877
18286
12419
17184
14510
16568
17099
17076
18372
14546
16690
17319
17317
18127
16385
17630
15360
16004
17699
11805
18659
18825
12886
14385
19762
13511
13972
15130
13852
16715
13099
14430
15734
13259
15638
12791
18660
19376
12374
13432
14653
19302
19385
14995
16059
17716
14021
16156
16531
17764
15206
17042
17673
12928
16014
15056
16959
17892
11779
18239
18418
13039
15036
15384
18570
19297
12147
16401
19104
17605
18826
15109
15866
13770
14162
14555
14183
15970
17045
13001
15344
19733
12287
13621
14509
14637
16477
16930
16013
17797
18510
11815
18749
12792
16356
19034
11829
13969
12859
16773
17624
19012
19447
13812
17347
16983
17051
18593
12447
14679
15105
15625
16388
15616
16182
18064
12043
15985
16331
11894
15465
14712
16501
17053
13008
15265
18358
12766
14199
14825
16349
18949
18076
19215
19906
13093
15068
15516
12531
16334
12691
14934
15738
15103
16646
17905
13767
19722
19747
18198
19212
14804
16277
19495
15995
16666
12602
13579
16972
15112
17106
17550
14772
18174
12842
13086
17206
11843
13661
14949
15819
17954
14363
15180
15544
14067
15875
17196
18189
18258
18993
16648
16818
17848
15605
16439
14485
15701
17265
13282
15189
15483
14310
15849
13549
14550
13243
16223
17999
13923
15236
15297
17175
17203
18512
14461
17420
14319
17759
14816
16272
19366
18538
19193
16413
18377
13848
18052
12624
13565
15460
12942
13821
14857
17919
18877
19049
19172
11875
18471
18970
18110
18114
15601
15694
17560
16419
18716
18856
18726
19066
12861
15502
14627
19457
15208
15556
17856
13091
13450
15227
18988
19179
19688
13420
16910
15272
16469
17922
15005
16809
17420
18537
18952
19299
13633
15911
11871
17663
15827
16405
14765
17098
12301
14827
19616
14930
15446
17641
13481
14679
12851
13411
14014
14881
16801
17557
14243
16607
17538
13304
13597
14095
15086
17254
14785
14909
15839
13626
17643
18001
15489
15994
17770
16809
17106
17906
19150
19339
13600
15632
15717
12085
14745
12953
13731
15576
12207
12907
13110
14161
17403
19350
15217
15707
18278
11857
13705
16539
12544
14262
17066
15494
16183
17939
15075
15261
15562
16064
16523
16801
17438
15702
18733
19295
14745
14828
17397
12562
15020
16556
14764
16074
17218
11959
16607
17395
12275
16919
17986
18949
19396
16582
18839
13772
17627
17681
18667
18689
12188
13416
15310
16775
18973
11892
14517
15385
14452
14680
14992
16070
17313
14032
14617
14107
15179
15761
11973
16757
18818
19211
14328
14336
15592
15671
17239
19410
19447
12190
14807
16744
14060
16200
17635
12664
12687
13330
15136
15964
13260
16185
17918
12708
13047
16218
12579
14482
15593
13804
15094
17959
13853
16603
15870
17813
14254
15225
15377
14997
15449
17776
17899
18504
13837
17629
15555
17533
17678
18224
19311
14342
14731
15914
13749
14404
17116
12139
18567
19382
16870
17220
17309
14216
17240
18048
16004
18310
13743
15949
14937
16283
17817
17009
17831
18593
13104
14438
18209
18742
12268
13445
15445
12715
18304
19375
13669
14482
17726
17779
18730
12217
12912
15504
12588
14831
16156
15428
17326
17467
16577
16915
17596
12225
13482
13878
13924
17415
16059
17657
14346
16500
12424
17249
12232
15006
15911
13064
13294
14152
18351
15243
16552
16911
14664
15701
14054
14651
17638
13713
14176
18095
19029
16628
17871
15895
16838
17245
14121
14877
17332
13108
15971
16998
12322
18544
13606
17253
19760
15472
15667
15691
18649
18692
15486
16604
17446
15659
17030
17341
15088
15826
16904
12952
14578
14695
16150
17163
12974
13570
19715
13938
14389
13344
16695
18281
19346
19731
14848
16478
17294
16935
17903
16579
18165
19249
14650
16123
17631
17562
18192
19581
15136
15635
17573
12807
16759
19882
12762
12887
18257
18995
14434
15943
12566
14722
18013
14030
17459
17671
13230
13505
12744
16137
19793
13081
17264
17681
18657
12671
13204
13868
15999
16081
18085
18812
14642
16946
17648
12655
15992
17827
16920
17873
17775
19279
19393
12523
15768
17014
13548
15057
16412
15084
17514
17814
16601
19227
13529
14638
16921
14770
15318
17539
15451
17114
14673
15409
15951
17768
13761
18543
18979
14613
14762
16450
16976
17740
16478
17286
17304
17937
19777
13640
14107
17567
19113
14376
16852
17389
18812
19400
14541
15733
18769
18037
19341
13739
19516
19710
12593
14432
15792
17765
14007
14319
15035
15565
17177
18530
14259
18685
19062
12117
12991
13948
11967
15788
16746
19094
19386
12777
16260
15801
18263
17676
18785
19245
15940
17580
19353
15463
17797
19366
14767
14968
18419
15292
17840
18246
15888
17717
13894
14961
16941
13542
13795
14799
14267
14987
16641
14153
15100
16067
16831
17634
17729
17386
19221
19610
16660
18317
14209
17068
15294
15769
17090
18021
18656
14121
16136
14558
15286
15498
14357
14991
15081
14621
15050
17571
13222
14444
14389
15835
16288
14011
15109
15938
13614
15388
15808
12736
15528
16291
14291
14883
18242
18401
19083
19363
15511
15829
19035
12395
16774
16814
14059
14228
12259
12564
16769
12814
14328
17132
18251
13550
14089
15282
17819
15022
16788
18443
16719
16920
18210
18893
14256
15277
16174
14837
15263
16593
13537
15107
17191
13940
17706
15692
16361
18303
12351
12430
13049
16622
17566
15211
17903
16244
17972
19705
13648
16631
18250
18622
15618
15823
18974
15493
17254
18592
15769
18066
19333
13518
13856
14037
16275
17183
19366
14719
18213
13822
15262
16666
12684
14374
18195
14806
15676
14600
17114
17318
12686
13394
15815
13123
14609
19148
16124
18952
15510
18230
19671
15029
16691
18898
16477
17195
15049
15102
17912
15957
16037
19245
12802
15155
16489
12454
12821
14195
16281
17550
12756
15160
16068
12377
17013
18412
15475
16214
18787
17117
19477
19726
16755
17896
12461
14676
15758
15153
16467
14598
15391
16799
13011
17151
14299
14472
17494
15196
15639
16493
12152
12392
13342
17060
17429
16179
17432
18032
13433
13960
17005
12314
16164
16696
15022
17402
18368
14639
17210
18106
13970
15259
16567
17908
18455
13644
14115
17612
12077
12611
12747
16839
17130
19287
14786
16622
17825
13785
14248
17795
14498
15870
16968
14564
15896
17260
14808
15855
18048
16404
18040
15214
17744
14202
16512
17089
15501
16341
12601
14013
19792
17902
19831
14674
14943
16794
16209
16660
19455
13410
15590
16454
14042
16008
16094
13735
13807
17894
18689
16555
18546
16153
16219
17361
14322
17477
17687
17753
12527
14777
14562
14655
17494
12105
13696
13750
14922
15651
19434
17314
18591
18662
16232
18148
13121
17769
15337
15765
17817
14269
15696
17086
13336
15348
18160
13873
17003
17051
16114
16791
12563
13029
13806
13773
14186
14355
14553
17313
19767
15310
15480
17155
12734
18264
19331
13548
14988
14580
14938
16807
14120
16137
19361
12468
13949
19667
15769
16576
17090
17815
12559
12610
17434
19149
14727
18619
18767
16620
18341
18964
13256
14937
12471
12581
14347
16486
18893
19397
12748
18783
19217
13474
14582
17513
18388
13410
15038
15185
14854
15347
17095
12527
16168
14147
14969
17512
14080
15213
18242
13254
18873
19384
12374
13027
16140
16308
19265
14571
16281
17190
15864
16389
16502
12205
16771
17531
12640
12754
14912
14909
16199
14873
14910
15882
15496
16098
16864
12657
15917
18637
19270
12180
16340
16947
14737
15320
16154
13899
15625
16509
13032
14554
14835
14559
18891
19007
18613
19503
15248
16778
14016
16195
16397
16049
16980
18488
17341
17450
15556
16175
14429
16804
17408
13148
14640
16496
19132
19324
16752
18081
19491
13994
18052
18329
18601
14529
18286
18468
12437
12904
17686
12283
12752
16704
17994
14561
14704
14823
18154
19413
14977
15675
16131
13569
16000
16879
12736
13770
14063
17783
13504
16158
15466
17520
18873
19384
18743
18746
12899
17163
17940
15850
16030
17013
15204
16397
15614
16359
18858
13367
15822
16558
16305
17339
15449
15546
17315
13688
16484
12812
15244
16569
18744
19592
19800
12545
14668
16830
16127
16542
17398
14956
16933
17261
14345
17879
19605
18648
19499
15443
18380
13553
13923
16974
17918
15954
16601
19227
13608
17382
14434
15023
17242
14166
17771
19903
13113
13437
15163
17379
15629
17467
14077
17412
12638
18118
18399
13455
14341
16543
17350
18231
18628
14999
18720
18906
15645
16775
12919
13750
15191
18025
19513
14021
14721
17685
16762
19526
19856
12270
18955
19482
15733
16884
14117
15995
18673
18820
19269
18849
19226
16105
16777
15960
18417
19224
17121
18996
12816
13783
15404
14852
17897
17982
13557
17849
18549
12735
14268
14587
17920
19193
19338
12399
14754
16708
14138
17139
17585
18171
19013
15135
17479
14135
17482
15318
17164
12566
12596
16082
13981
19746
19766
13484
14122
18670
17442
17950
18570
13014
13327
15930
17915
14055
17495
14462
14002
15080
18045
12287
14558
14078
15348
19419
12591
12793
13271
14025
17320
17506
17895
12641
19723
13942
14588
18787
13735
14672
16232
13161
15197
18168
19644
18875
19067
14141
15285
17884
16045
16267
18496
13951
14564
12855
16132
15339
16075
18377
16128
16200
16789
15358
16117
16830
15517
18962
19247
12682
13105
18154
12513
12774
16030
17013
18553
15887
18821
19484
17297
17905
14057
14402
14626
16043
13862
17917
15335
15542
18287
16932
19061
19392
16171
16991
18476
18952
19299
12802
14825
12370
17111
14423
17113
12968
17337
16315
17680
18041
14729
15704
19265
15757
18289
19315
13626
14246
13432
14011
19352
19431
14451
18091
18203
13224
15872
17992
17358
12615
14646
14718
19006
19465
18949
19396
16620
17204
17649
19150
19339
19179
19482
13115
18540
17868
18327
19565
13153
17181
18574
16987
17016
17354
12932
13602
12331
13477
17384
16183
18315
15345
18365
18455
12834
14657
15985
14343
14629
12780
14683
19755
13450
14289
18766
19151
13367
15999
14256
14919
12475
12485
16274
13264
13523
18628
18996
16152
18521
18504
18967
13633
14990
17026
14012
18237
19758
12651
16892
18658
15027
16305
17691
16351
16599
19322
17322
17980
17796
18335
16095
16669
19765
14753
15367
17800
15007
16798
17377
15445
16774
17568
16373
17121
15376
19185
19352
13814
14294
19200
12398
15889
16006
14603
17426
17869
18589
13030
15440
16917
15203
17837
12438
15455
16588
12880
13611
14170
12392
13342
16785
13083
14736
12368
15304
16554
14776
15451
16532
12863
13730
16643
18777
14556
17164
12760
15387
15726
13568
16707
14208
17709
17818
17881
18605
19575
14155
15229
17134
17246
17346
18044
17845
19194
19462
12829
14044
14376
14718
16100
15117
18207
18441
19343
19361
15039
15248
16688
16447
17537
18524
13680
15758
13690
14646
16207
16723
18957
19015
12661
17403
19350
17599
18369
19350
14892
16555
16732
12601
15879
15637
16149
16422
14961
17349
14771
18554
19046
15341
16828
13827
14165
15101
17746
19108
19115
13471
18201
18416
13943
15043
15992
16923
15885
17188
13915
14593
17134
13427
17192
17806
15356
15408
18918
16671
18028
18245
13203
14330
14714
16245
16712
18572
14948
16570
19761
13840
15542
19436
19301
19489
14941
17527
17654
15273
16451
18604
13812
14666
16730
17715
18385
19431
14004
14246
16655
12420
19747
14312
17145
19894
13114
15023
15100
16930
14019
18105
12764
12918
13137
19823
12745
16237
18255
18413
14347
15143
17231
13575
18553
13981
16278
14957
17214
18845
12529
13826
15737
13002
14666
14094
14556
16483
19414
19470
17354
17466
18446
12565
12671
14929
12756
15622
18421
19203
19420
12759
13477
14044
15861
15046
16157
18443
13827
14700
17589
13726
17455
13217
14810
15477
17482
14279
19411
19708
17293
17568
15359
16334
12880
17248
15885
16621
15313
16610
13189
14622
13697
15014
17855
12898
18418
18567
12490
17689
18573
17351
17711
12863
13987
15963
18103
19061
13816
14248
17502
14463
17744
12757
12821
13820
14039
12421
15848
18054
16167
17790
19440
14966
19024
19507
13767
14821
15764
18381
19214
14416
14504
17638
13348
13866
18376
16932
19061
14608
15055
16949
13830
15088
19746
16612
16701
16475
18398
19027
15329
15477
17650
12947
15143
12955
13123
15322
16573
12817
17657
15742
18652
16095
17245
14589
14929
17571
12994
17774
12594
15397
19824
13970
16647
12622
12779
14776
14619
14853
16805
12983
14951
17919
18613
13217
14858
13963
16396
17840
15254
17985
19271
12969
13060
13953
14677
18116
15049
17064
12969
14059
15401
18652
19423
13835
13896
19154
12579
13736
15138
16533
17445
18213
13052
17316
18198
15977
18210
18426
12919
16411
13177
13451
14571
16618
16957
18131
12946
14380
15246
15363
18085
19190
13192
13600
16163
18383
13485
18056
18272
13024
13351
14186
14440
15770
17100
12480
14785
15642
17181
17492
14116
18925
19588
14384
15979
17199
18730
16991
18762
12602
16385
17154
17652
18515
18862
16229
19666
18528
18625
19375
14090
18556
19065
12875
13243
13544
17779
16826
17097
14155
15460
14766
17697
14918
18408
14149
16070
17653
15754
15793
19034
13734
15390
15978
15683
14217
17498
17764
18729
19449
13143
13623
17514
13614
17473
12829
14867
15711
17043
13134
18100
13093
13821
14814
16113
17387
19087
19336
15549
18126
12963
14850
16105
13030
13437
14498
13797
15312
18788
14581
14947
17631
14569
15194
17278
18682
19328
13296
17949
19873
13300
16532
12654
13257
18260
16591
18963
19662
16163
18784
13369
13589
13595
15394
17976
19844
17078
18766
19718
13140
15501
18116
15714
16770
18796
12588
14385
17700
19420
12899
16473
19458
14576
15098
17334
16665
18123
18450
13511
14453
15164
17370
13932
14933
17938
14409
15214
16409
19167
19330
19460
12758
13952
14772
14249
17743
19101
15204
16019
17441
14638
14755
17135
13940
14622
16808
14058
15205
12660
16317
18541
16545
17097
18180
13180
13787
17483
18159
18078
18710
12735
13546
13144
14936
18593
13719
15249
18314
18902
18938
17615
17802
19512
14101
15053
15473
17102
17584
19819
18526
19134
19703
12720
15863
19680
16186
17992
12784
12942
12691
13635
18474
18924
18985
16617
17826
15848
16612
18419
12839
16341
15147
17239
16091
16899
19078
17613
18580
19912
13653
15475
18585
14946
19094
19386
17469
18647
13039
13387
14234
14841
17539
19164
19479
18024
18328
18489
15356
17576
13589
15788
15973
15294
19077
19290
18976
19446
19485
13750
14892
15717
16772
13174
17944
18301
16377
16736
12600
18329
18879
13204
14128
12737
19336
19503
12740
12798
14131
14361
17213
12766
14445
12587
12803
18109
19006
15391
17995
14523
16344
17136
13256
17093
13453
14688
18886
13184
17113
19015
14151
19055
19266
14268
15560
16013
18161
12875
15226
16652
19138
12775
15458
16703
14454
16870
13018
13606
18347
18596
19836
13301
13371
15341
17585
13728
17324
13930
13995
12886
14723
15773
14703
14991
13869
16133
12737
12681
13111
19766
13108
16542
15159
15375
17800
13029
13686
14877
13221
16731
19164
19234
14371
17866
17894
12686
13279
14301
13245
14573
15111
13179
16319
17209
13690
16834
13487
18259
18264
12974
19673
12825
17810
14338
15541
17335
16155
16907
17489
18492
14395
18120
18904
17165
14076
17332
12822
14253
13703
16026
18074
19881
15672
17600
19153
13321
17880
18284
12943
13858
19721
14605
16500
15949
17444
19181
12786
16979
14314
17604
18420
13877
13943
15152
13726
15071
18101
13200
14292
16483
14205
14798
17500
18158
16761
17287
19709
17567
19171
19194
12650
12705
17349
17105
18538
19193
14718
15347
15111
16144
17159
16196
16721
18106
19267
13467
14058
17014
13424
16298
19722
14502
18510
19219
16242
18916
15901
16974
18608
15245
16316
16800
17677
18014
18228
19117
13488
18792
18998
13764
14514
17647
17747
18508
14250
17064
17110
18522
16386
17745
17773
12812
13611
15329
15252
17364
12704
15106
17010
17262
15921
14844
15136
17191
13166
13546
14195
19343
19361
19694
16810
18936
19194
14068
18693
19211
13759
17813
13369
14351
17521
14920
15172
14562
16854
16391
16768
17307
15490
18657
19359
15159
17286
17374
16304
18142
19085
14985
17723
18908
13748
13982
17855
13774
15811
16141
16661
16772
18316
15583
18081
19057
13363
13836
17116
14301
18257
18645
17020
19360
19765
15859
19394
14320
19295
19591
18207
18736
18400
18968
19459
13331
12706
17311
18264
19331
13421
17794
17947
13853
14063
14481
12901
13650
14247
15021
15439
17356
19176
18204
18859
13101
13961
16953
18750
19338
12865
15914
17268
15846
18193
13091
14910
13036
15916
14015
15301
17939
12985
14836
12775
13373
13899
13161
13434
14429
13272
15104
17230
19706
14178
18890
12807
15978
17867
16063
18349
16582
17881
19563
13175
16220
13807
14507
14726
12857
16354
19023
19303
13434
14194
14908
13993
14902
17397
16961
17816
14554
16840
13610
19681
13113
17037
14575
16574
14624
15327
16122
17640
18963
13580
15636
19736
13346
14836
15576
16133
16603
17704
14756
18849
19226
16286
19440
19628
13400
14587
19754
17272
18293
14520
17953
18793
13272
14105
15551
17760
18733
13308
15238
12992
12811
18778
14258
16671
17255
17553
18444
18937
13399
15233
12811
18085
18812
15122
16445
18603
18319
18897
19051
13572
16048
16541
13027
14475
17204
19210
12763
17781
19221
19378
16032
19665
19815
14374
14761
18736
13688
13830
16141
12834
18178
18533
18578
15548
19752
15016
18988
19179
15208
12793
13832
13671
14038
13540
15718
16181
16319
14223
16036
19721
15708
13807
15342
13166
19753
14472
16388
14298
18281
19346
15461
15571
15235
16965
17057
15662
17509
19783
13016
14163
16921
13865
13935
16968
16670
17493
13511
17024
13847
17172
17832
13702
16851
13867
14747
17954
16067
19756
13029
15342
16529
12856
13494
13915
14305
12894
15834
17057
19132
13774
16761
14716
15249
16970
12910
15333
16065
15014
15529
16298
16636
18658
13992
16640
19708
15793
18002
12918
13593
17857
18335
18384
13647
17807
17838
17117
19367
14076
14428
19755
18497
18865
14842
16863
19077
16425
17444
19145
13885
14645
17256
13636
13301
14565
15123
18278
18350
18378
19886
14732
16995
17541
17161
14461
15425
16695
12885
13514
14150
14995
17517
17823
14019
14689
17513
13621
13098
13149
12999
13953
13142
14848
14454
16634
17569
14404
14419
17024
16086
16998
14630
13509
16245
12860
15479
16958
18083
18274
18685
13735
15541
19078
19467
19518
19537
19557
19918
17133
17326
13930
13283
14330
16650
13796
16442
18644
16167
17329
18004
14974
15713
17231
17422
17478
15762
16892
18522
13592
13785
14735
13677
16440
13783
14409
14353
16264
17288
16582
16752
16844
16231
18020
13287
14879
17294
13656
18198
19212
13101
15004
17242
12972
13470
17157
14257
15582
17589
15866
15883
17267
17210
18106
18833
14548
15287
17078
15405
17590
16166
16727
15142
15601
19146
14543
17367
18396
13100
14859
12869
13476
13345
14577
15319
16676
18382
14989
15033
15588
15698
13653
13883
15350
17072
13224
13673
17399
14731
17525
13428
16669
12911
15713
14054
15205
12944
13494
12874
16337
18678
14889
16336
17017
13282
13789
13400
15271
19852
13443
16791
14464
16579
13394
13401
14349
17832
17893
13031
15145
17825
14581
17882
19026
19300
19485
12997
13305
13966
14085
14847
17973
18501
13705
13853
14223
13162
14422
16692
18729
15606
19079
13216
13499
16409
16225
18681
19274
13516
17150
18434
14023
16453
18826
15266
17581
19730
12942
15469
17327
18177
19653
13870
15768
17014
13599
17544
17640
19112
19294
19174
16463
16712
13635
16727
17440
19079
14967
19011
19353
13037
17618
13598
19335
19388
13264
15743
18135
12993
17607
16957
17604
19445
13643
14484
17812
16909
13704
13777
13912
14761
13729
14204
16166
17369
18187
13649
14281
17538
13373
14463
15224
13625
14512
19824
13993
19398
19417
16458
16551
17968
18375
12979
18210
18893
14040
18747
19590
13342
14689
16006
13843
16258
17830
14805
15294
17850
13489
14185
18144
17219
17532
15990
19198
19751
15361
16337
18678
14140
14277
17557
13048
17948
18696
19054
16284
17102
19008
15054
17912
19734
15193
17381
17514
13269
16266
16720
18338
18218
18395
14684
17082
15711
17212
18506
14965
19732
19778
19720
14348
15953
18022
18230
19278
15760
13777
15953
13189
13608
13986
15527
19017
19442
15741
15828
17821
19072
13894
16052
13397
13228
16062
16107
16698
18017
14609
18084
13723
17597
14997
17933
13557
16788
15153
16031
16645
13039
13387
12997
13950
16585
14226
14439
18540
15476
17460
13033
14069
16941
15233
16497
18121
13055
15070
13741
16862
17784
16769
17119
14004
19212
19387
14323
15512
17587
14046
15820
15528
15844
19149
19714
15367
17339
13142
13673
16875
13229
14305
14442
13244
14926
16924
17880
15210
15571
17504
19516
19710
13234
14682
18467
14550
15507
16528
18976
19282
14318
15328
16598
17952
18642
17879
18520
16858
17450
18928
15072
15220
17408
13426
17110
18522
14951
15064
13770
14042
14341
13943
15361
17702
19612
14003
17661
13346
14346
14448
17435
16227
15774
16999
18224
16243
19732
13289
14321
17276
18534
19671
15762
18460
13792
14335
19187
13183
17063
17944
13099
13925
15387
16395
13359
14900
17650
15931
16147
13289
15346
14188
15557
17484
14394
18104
16076
19073
15041
17457
17796
13075
14299
14315
15740
16467
13781
13654
13926
16364
16252
16534
18486
19202
14493
15161
17768
13886
15298
17599
18268
14355
18601
13033
17019
15121
17335
17580
13990
14794
17770
13202
13287
15397
16402
14770
13509
14591
15984
15812
17584
18422
14480
14779
13096
14858
16083
15536
17364
19421
13674
14958
17284
14466
15591
18009
13443
14175
16337
13518
17333
17801
16976
18047
13824
16623
17285
16153
17613
18851
13250
19735
13602
14172
19794
17775
18143
18214
15828
19594
19611
17681
18657
14097
15952
17519
13822
15180
15090
18538
13352
15212
15836
16835
19071
19655
14099
15043
16431
13581
16154
17560
14004
13902
14020
15134
16564
18160
15778
19173
19413
17258
17683
13871
14113
17319
15218
17908
18127
13095
13935
16643
17782
13099
13925
13125
18152
19029
13131
13277
19897
13722
16218
19735
15537
17873
17877
14065
19154
19215
16975
13087
13625
14512
14193
16290
17874
16060
16879
16079
16429
13455
15975
14112
16045
16656
18332
19909
14241
15462
13912
16034
18859
14418
15076
15184
16111
15346
16730
14238
17858
18299
16367
16504
17269
13921
18301
18434
13987
15635
18090
13251
14100
17355
13200
13389
13833
15852
16566
16829
19495
13497
15913
18170
13191
14098
14198
17244
13363
17395
14736
15275
16556
18877
15198
15700
16602
16856
17486
17005
18401
19363
14042
15637
16096
16950
13398
16378
18182
14589
14043
16529
14840
19831
13946
15791
13216
15845
15558
18469
19614
13850
14708
16198
13854
16430
16492
17675
18645
15899
19131
19510
17531
14504
17438
17462
18442
13762
17273
19225
13136
16396
17840
13625
15784
17898
13449
13743
13994
15439
18440
18869
13190
15961
19116
15178
17433
16487
17841
18815
15538
16953
18124
18945
15184
17206
13166
13593
13709
17723
17758
13496
15591
16038
15798
18764
14701
14702
19056
16949
14189
17277
14433
18412
16771
17262
17986
18950
17752
18023
19727
13453
13571
13497
14815
15231
17547
19441
19524
17131
18169
15420
17340
13584
18120
18211
13175
13199
15224
14769
16470
13535
17194
18211
14741
16279
16944
18118
18399
15226
15926
18528
18723
13207
13514
13681
15688
16667
17621
19242
13512
14684
17573
14596
13592
14383
18121
14213
17526
17583
14767
18169
13915
14305
14544
18590
18717
19694
15510
15874
16979
18022
15438
16671
18364
17192
17316
15487
13917
13945
18977
15839
13190
13466
18770
19409
18758
19073
14379
16116
15959
16122
18267
13514
14231
15697
17605
18826
14257
14420
13569
14992
15360
16702
18619
18713
19370
13192
13600
14079
16130
13461
13961
14297
16732
19720
13494
13855
16688
15424
16103
18292
13597
18825
19313
13220
16481
13484
16202
18358
13429
16898
13935
13982
17566
13533
15131
16756
17402
14593
15787
16260
19634
13282
13789
14144
16100
14285
17665
18276
14497
15368
17086
13695
14390
17343
19174
19330
16620
17693
18440
13220
14410
17716
13650
14490
16359
15618
18069
14113
14661
13317
15536
17205
14317
18152
18870
14753
14959
17154
17839
14438
15158
13291
14895
18030
13730
13244
14549
17892
13500
14811
17691
18225
18646
15045
15129
13565
15460
13375
13765
13382
13402
13768
16710
18183
13444
14584
17089
15665
18767
19114
19302
14033
14585
17922
17674
18701
19787
14875
14932
16553
14234
16240
15040
16531
16707
14240
16869
14813
14928
17464
14479
19137
13529
18661
16871
18594
19840
13266
14612
17018
17588
15873
15936
15127
19734
13821
14118
14335
18491
15330
17888
17891
13281
15898
16201
18955
19482
13326
14273
18997
19004
13936
17847
19346
13263
14506
13907
14680
13354
16457
17103
15427
15615
16806
13948
14751
13388
15095
16715
19791
13697
13751
15264
19760
14363
16270
17802
13613
15458
16703
13832
13930
14029
13330
15682
17407
18034
13347
18808
19697
17127
18262
13884
16101
17051
13466
15352
14245
14853
19454
13765
18104
14034
16475
16814
17465
14714
15817
16213
19889
13692
18148
13723
15252
16875
13533
14212
15845
16509
14744
14251
18134
15030
18322
19277
14062
16280
19249
18917
19457
19579
16035
15518
16329
16808
19049
19172
18298
18530
14160
14489
17533
14294
18036
13378
15040
13338
14426
17139
13558
14920
17699
16326
16843
13346
14136
13706
16792
18000
15991
18287
13546
14596
13444
14160
18082
19353
19686
13349
18497
18718
13670
19162
19748
13329
16296
18426
13776
17113
14338
15824
16058
14252
16189
16383
18445
19421
16575
19033
14707
17890
18164
13406
13533
16094
17049
17241
14894
18170
17416
18812
19400
15018
16220
18306
14707
15336
17105
17920
14937
16102
18452
18629
14590
15175
17101
19712
17947
18284
13467
14301
15314
16118
18142
17931
17982
18410
17272
19099
19275
14704
15734
19159
19419
13679
15313
15670
14500
19283
19773
15443
15780
18769
13962
14112
16034
13464
16492
17591
18113
15201
18581
19139
13908
15317
13416
13986
15470
14788
19123
19696
18910
19100
17933
18865
14904
14916
19881
17002
19788
15275
13510
13551
15967
17137
14459
18134
15907
17619
19507
14477
15654
19740
13985
16423
17055
13903
19740
15968
18223
18908
13828
15962
18325
17715
18430
14655
15682
18676
19268
13679
14051
18057
17735
18649
19795
14857
15311
16275
14468
18179
14505
15798
18151
14385
16677
18079
18129
15458
18577
19238
15008
17238
14191
14577
17155
14118
18487
19888
14480
16158
13680
16429
17969
13395
15459
16813
13564
16924
18668
13386
15727
16636
17496
15257
15629
16909
13396
14362
17496
13402
15698
14340
17236
13452
14758
15185
16907
18868
19477
13954
14891
15950
13418
13460
14651
15008
18201
18272
13711
14933
14016
14912
19752
14131
17394
19851
15008
15168
17866
18091
16366
19248
19557
14086
19244
19693
13728
16543
15115
16535
16965
18827
19804
18217
18410
19790
14053
13888
17576
15341
15705
16828
16282
16850
18858
15688
16010
16242
14467
17241
18110
15697
13677
17568
18387
13695
13749
16021
13855
14764
18110
18114
14006
17049
18103
16392
18156
19705
13902
15027
15009
18232
19196
18393
19098
17318
17627
14108
15137
15110
16357
16417
18296
13489
13543
16378
13607
13569
14992
14250
14400
17733
18150
14838
17511
19520
15440
13928
15739
17696
13868
16029
13743
14348
15407
16986
14970
16719
16971
13500
13666
16036
19374
19437
18285
18819
13909
14162
13777
14558
16479
17433
14592
15366
18713
19196
13867
15028
18637
19270
14200
14265
17400
18893
19397
13920
16038
18901
14288
17458
15640
16970
15251
17735
17844
17828
19287
14261
17088
17575
17773
19476
18832
19898
13759
17928
19526
19856
13775
14908
15991
14046
17459
17477
16160
16340
15519
18321
18528
14444
15091
14669
15117
17852
14998
17218
17970
13531
13587
16882
14675
18355
18566
15097
15165
18059
14375
14496
14462
14470
15494
15618
13983
17179
17527
17671
17199
17726
19562
16259
18236
18915
18926
17476
16434
16627
19198
15790
18731
18919
14082
17777
18976
14705
15063
18064
15572
18817
19124
14744
16132
17361
18008
18378
14209
15404
14160
14545
15234
14105
16330
17237
15666
18864
19637
13740
14605
13765
14391
13744
16700
18560
15674
15929
17166
15853
17410
18962
13963
13521
13517
17261
17235
18323
18349
15398
16379
19319
17498
17806
14114
15220
13771
17189
13898
16498
17540
14737
15990
13551
18222
18920
16943
17059
13799
14624
15768
14132
15746
16672
14627
15239
18309
14916
15689
16466
14276
17823
19166
14926
15993
16971
17917
13601
15291
17761
13893
16121
16597
15137
17188
17901
16883
17934
15122
17856
13684
15295
13575
13649
14155
15460
15874
14657
14812
18299
18820
18773
19869
15134
16564
14479
14595
17214
19454
19521
14473
15067
15842
13980
16020
19661
14537
14901
18012
18285
19451
13609
13586
17297
17905
15176
15340
17632
15722
16517
15552
17263
13575
18553
13813
15534
16169
15680
17074
13918
17302
17705
18523
15612
16009
16884
13808
15892
17707
18103
19061
13774
14345
19410
19447
14860
16089
16831
14519
15600
15422
15801
15366
16304
19630
16246
17605
19097
17344
18317
14497
16587
17127
13675
16332
16680
16806
18302
19062
14959
15041
15602
14636
16393
16658
15320
18718
14669
17601
17615
18894
16796
17150
13708
14898
15857
14100
17138
13601
17221
18786
13618
14925
17833
14468
14880
18189
19399
19610
15691
15809
18485
19853
14039
14379
15915
18246
14567
15422
17562
18192
18394
19298
14326
16445
17463
18352
15467
15597
15283
18207
18736
16271
16633
16588
17710
17809
13781
14011
15518
13923
17505
18078
15244
14373
15370
16898
18429
14947
14660
17515
17548
13984
17973
18203
16833
18743
19084
17838
18416
16106
18274
14601
14804
15884
17368
14328
14024
15232
17270
15084
15759
15426
16214
18863
14226
16587
17799
17864
13900
13944
19536
17220
17456
18139
19102
19247
15166
15491
18035
18756
13926
14792
16444
14437
16257
16446
17377
14825
16005
17222
17521
16836
17449
17038
17253
13809
14907
15104
17964
16629
18205
13749
16021
14565
16704
19103
19411
13802
17919
18613
17010
17687
14752
15095
14497
16306
15478
17346
17682
13717
14434
15943
17836
17172
18193
13852
14774
17054
16710
17063
15831
18847
19217
17336
19303
19375
14194
17712
14095
14849
18268
18500
15455
16703
15317
15644
17213
13937
16997
19239
18241
18545
19398
14481
16440
13962
16495
14296
16565
17927
14470
14536
13974
19141
15695
17412
15289
16050
17083
14879
15006
16303
17283
16125
16841
18363
14435
15656
16069
14542
19528
14199
13719
13837
18095
19029
19429
14198
16180
15867
17690
15338
16698
18017
15151
17196
15341
15679
16721
14663
17621
17778
19254
14493
13873
16861
16983
18161
15688
16251
13919
14803
19534
15308
15567
18413
14651
14745
16155
14612
14224
15371
18620
19037
18229
18653
19374
15515
17254
18297
17290
17766
19625
15604
16184
14230
15713
18546
17283
17623
16455
19454
19521
15073
14978
19690
14356
14641
17543
16257
13742
14324
14582
15073
18304
18506
19441
13733
14125
14648
15687
14532
17305
17375
14663
16904
16246
17389
14331
13733
13900
16119
15958
17843
19253
14250
17064
15585
13889
18549
19713
17774
18541
14974
14660
16068
14786
15253
15343
14604
16621
14458
14926
17156
15569
15830
16128
14268
15238
16215
19193
19325
13805
17076
18372
16295
19530
14685
16955
16776
17359
14280
16024
17782
15699
16211
18486
18491
16299
18373
18896
13831
16940
17143
16305
17339
14607
17596
13760
15969
17749
13872
19285
15620
16313
18439
18569
14539
16021
17141
14352
17772
18564
18513
19239
14415
15359
16334
14292
17583
18056
16890
19402
16890
17094
13965
15730
16901
13932
14618
15174
17194
17819
15369
18923
19097
15855
17826
14949
16477
17195
15479
15588
14178
16218
15454
19299
15358
18302
15256
16505
18642
14126
17058
17517
15355
16232
16251
16341
16466
19774
19797
14383
15237
15359
16658
17898
14115
16396
13951
14564
16743
17758
18124
13859
18960
19290
16724
19183
14563
17794
18404
18133
18783
19221
13910
17990
16697
17696
16418
16966
17737
17755
19337
14820
16992
14143
16717
19571
14338
15087
15824
18418
18567
13956
16652
18941
15945
15955
19745
17366
17804
14074
16864
16632
17668
14107
14882
18225
18646
15156
16845
17743
19064
15004
17069
15398
15937
16352
14019
14689
18196
17522
18527
15595
18247
18850
16099
16395
17317
14096
14237
19759
14630
14649
13901
15860
16836
17469
16886
16993
14419
15455
16703
14996
15199
14614
13967
19782
16736
18239
14442
15210
14812
14970
15653
17398
18502
17021
19215
15625
16388
15640
18396
18726
15258
17592
17889
15107
15295
14715
15086
16217
14560
16354
16431
17275
17540
14612
14693
17578
13971
17524
19140
19141
15633
18114
18706
16664
17067
15500
15735
13862
13874
17917
15158
14309
17908
18455
14948
16544
17929
19157
16496
14902
13872
18517
18772
15429
17045
19333
19728
13978
18365
18468
14358
18757
19206
16723
17706
14495
16704
17994
14490
18343
18693
15163
15453
14245
15468
15975
15428
17704
19306
15551
19010
14472
16388
16846
16376
13879
16329
15099
16616
16796
14782
15015
17268
14175
14506
14592
14491
14164
16839
19035
14154
17295
17355
14868
16914
17103
15475
16687
14433
18593
14831
15418
14640
18166
14078
14543
16939
18574
14249
19076
19169
18477
18610
15044
15446
17591
16827
16993
14033
14644
14830
17321
13989
16869
14662
16777
17147
16816
16889
17024
14092
15796
15180
14912
14829
19741
17391
18937
19131
18060
18816
14893
14984
18054
15148
15760
19756
14219
14799
15860
16836
18440
19345
19624
14135
17160
17252
19484
15050
17661
14115
16396
15636
16658
18069
18307
13944
14781
19539
14321
16484
16453
18904
17639
18262
14743
16096
15421
18590
19861
16347
16713
15146
16512
17330
14867
14927
15172
17385
16238
16054
16686
19034
18200
18209
18471
18490
19395
19717
17369
14221
15728
18078
18710
15582
17452
18208
19372
15011
15187
15660
14512
15473
15729
17461
17469
18413
15185
17476
18222
15060
15598
15002
16069
16227
15091
14471
17003
17051
15226
17492
16343
18220
18880
17574
18285
18819
14435
15753
17847
14561
14862
14043
15966
14253
17963
18708
19430
16172
16365
15332
15653
14897
18325
19803
14089
18942
19292
18177
18432
13990
14124
16011
19162
14509
14800
18275
18552
18075
19140
16581
17031
17714
19840
14871
18109
19006
18616
18760
19267
16424
16608
15382
17181
17492
14988
15895
15375
14122
16684
16973
17602
16776
17140
14910
14084
15078
17535
19902
14075
19154
16647
15017
16519
18906
19709
16411
15755
14703
19824
14287
15270
15638
16075
17309
14378
14606
15858
17392
17635
17751
19070
19251
19868
16077
18222
18920
16657
18987
14128
15229
18723
18839
15682
17407
15917
15921
18174
18516
19817
14129
18099
19296
14760
16238
16798
18752
19757
15379
19762
14078
14202
15823
18233
15647
15778
18156
18509
17124
14083
14811
14647
14081
16124
18952
16190
17137
15304
16225
16301
18106
19267
19372
19490
16047
16349
18949
14044
14812
16809
17106
14667
15753
16022
19339
16052
15898
17293
14850
15433
18325
14835
15181
19753
14747
14772
14195
17682
18259
14062
15500
14507
15150
16413
18614
18311
15120
15596
18957
15873
15936
14656
18582
18855
18304
19375
14980
19532
17000
17296
18393
15038
14820
15765
15864
15677
16114
16791
14819
18793
14094
14439
18021
18248
14273
16058
14971
15447
15269
17042
17277
15393
17984
19906
15501
16341
16673
14310
15849
18817
18858
16240
16804
15003
15222
17132
14182
15321
15703
18697
19442
18775
19393
14310
16567
16853
16883
15425
14795
16452
14231
16054
17493
17751
18220
19222
19737
17330
14124
17524
17563
14661
15653
14283
19453
14088
14174
18789
14173
18795
18654
19240
19371
19582
17424
17567
19113
14125
19538
18181
18682
19192
15205
14388
17703
19554
16693
17027
16617
17826
15071
14633
18376
18910
14359
16670
17493
15563
15580
14256
14919
17345
17209
17570
17626
15129
17415
18961
19378
19119
19205
14755
14816
17003
15654
15845
14277
16187
17210
16792
17653
15699
16026
16638
18074
16317
19793
15005
14611
14966
14725
17067
18542
19089
19750
15293
16481
17678
14190
14224
17428
17448
17661
17443
17463
15083
15612
17767
16615
16889
14214
16111
16360
16868
16954
18635
14477
14661
14845
15903
16929
18946
14478
17029
15184
16111
14234
16240
15213
17816
15539
16375
18572
16961
17816
15124
16207
14624
15768
15811
18901
14492
16639
18721
19059
16303
17435
15031
17099
15733
18769
16035
18040
15544
19768
15211
17903
15731
14783
15287
18066
18251
18401
17787
18541
19287
14179
18762
14219
15696
16854
16625
17130
15228
17095
16443
19904
14171
14274
18751
16065
16719
16920
14818
17877
18286
14900
14278
18768
15043
15523
14174
14350
18674
14377
18738
14491
14418
15465
14940
17067
18542
17505
15637
15929
15302
15356
17576
15362
19027
19151
15624
16713
14457
16112
17392
17440
16378
18182
15704
14233
15956
16325
16611
16901
15504
14263
17247
17506
14347
16486
15495
15862
17077
18136
15072
14473
14667
15119
19716
15365
16380
19600
14216
15758
15763
16250
17958
15405
14207
15771
16190
15253
14934
14406
16233
18126
16536
16914
17344
18317
14546
17997
18616
19267
16160
16340
17028
14463
17744
15644
17654
15684
18020
15560
15686
15931
16180
15451
17114
14323
17190
16434
18182
14389
15446
17591
18546
14263
15110
16898
18429
14246
14955
18037
18449
14439
17084
18258
18931
19280
15735
17159
16852
14531
16008
17399
16236
17027
16560
17894
18689
15221
18852
19099
15530
19498
15295
15867
15385
18250
14286
17454
15836
14266
15389
18235
18788
14920
15172
17016
17031
18765
14619
16455
15663
16679
15237
15599
19075
15052
17616
18352
18644
15816
16185
14557
15442
18199
19184
14906
18028
18981
18083
18302
17107
17646
18929
15414
17040
18933
14409
16768
14308
17853
16114
16657
18987
15763
17844
18390
14501
14886
16101
17135
15585
18445
19421
17203
18555
19799
16931
18702
19550
16517
14278
15805
18666
17890
18005
19229
18299
18820
15220
14344
18732
18660
18741
14324
14562
16854
15011
15988
18180
14369
16714
17302
14478
17153
17934
15648
16680
16935
17903
14783
17581
16377
16537
18350
14860
16717
17813
16895
19126
19844
18029
18250
18462
18622
15507
14457
15191
14445
16975
18185
19316
15431
18131
18503
14469
15920
18089
14396
18554
18922
14483
16241
16853
14713
16052
17079
15371
17075
19020
16073
17323
15766
18076
18875
16114
16625
14817
16187
17053
19445
19553
16697
17544
14983
15049
17064
18396
18726
14836
15470
15161
16089
19081
16281
17550
15106
16285
16678
18238
15160
16328
15453
16595
16206
18081
19121
15046
15804
14333
14393
18786
14396
18774
15147
17239
18479
19888
15227
14352
14449
15976
17688
14639
16797
19022
15318
17164
17607
18036
18764
14982
18319
18580
18648
14553
16778
17172
18193
18444
18446
14567
16358
14401
17227
14620
15230
15399
15154
15872
15054
14995
17517
18531
19905
18289
18771
16784
18002
14890
16933
17712
15019
15182
15147
16830
14637
17652
18209
18690
14515
15010
18187
19008
19046
19871
18683
19379
19895
15141
16276
16465
16747
18112
18259
18264
17341
17450
18305
18464
14957
18934
15193
14679
15138
15228
18474
18515
15485
16444
15019
15760
15764
17835
19223
15865
16244
17972
19146
18117
18898
14427
16740
17082
15579
15731
14849
16801
17438
17069
17274
15523
16541
18101
14396
16226
18709
14615
17769
15967
17153
18714
16055
17820
19052
14859
14874
16805
18500
18742
17131
18169
14533
19252
18581
19130
17380
18346
18919
15416
17432
19088
19243
16180
17608
14826
15573
17611
15362
17987
16478
17286
15115
16286
19626
15782
16294
14648
18420
18556
14617
17998
19115
17676
18981
14556
17164
14782
15661
17525
15485
16436
14906
16459
16126
16912
14723
15923
17862
14773
17047
17331
14826
15623
17468
15843
18510
16859
18090
15841
19792
17349
15691
15809
15506
15772
18450
18173
18477
15368
16440
17413
19104
19476
15911
15950
16827
17519
17178
18828
19772
16271
16633
15857
19407
19668
15128
15726
18217
15648
16955
14465
18972
19649
17588
19112
19294
16838
17030
14704
15734
16615
17484
15668
15213
17816
14719
17762
18464
16690
16975
15786
18219
14868
16127
14941
14496
14573
14597
14533
18806
18853
16038
18901
15307
19268
18701
15671
17239
14730
16101
17135
15246
18402
18472
19656
18975
19297
19618
17482
15200
15916
14536
15202
15282
17819
16231
18020
17836
19258
16819
19230
19676
14699
15846
18193
18626
19486
19520
15367
17339
15021
16329
15738
16834
17648
17728
19059
17824
19564
14888
16511
17869
18349
17139
15516
15869
16013
16758
17096
14841
18860
18929
15638
18432
18782
15639
15124
16300
14526
15603
17559
14963
15600
16840
15855
17826
16488
17503
17663
16163
18704
19880
16381
16590
18312
14544
15875
17184
15916
19852
18225
18597
15890
18354
18681
15819
15981
17607
17140
17285
15002
16126
16459
17617
18442
19082
14728
17291
15119
17542
19716
15056
16272
17133
17326
18821
19484
16149
17597
15380
17215
18466
18612
14535
16227
16563
16104
17068
15138
14570
16110
15407
16986
16607
17395
15323
18400
18605
15780
19093
14610
15313
17576
16990
15465
15578
17068
14552
17306
18136
16505
15035
17321
16645
15077
17865
18521
15448
18599
16500
15326
15526
14660
16068
14923
15094
17088
17447
15152
17382
15743
16472
19363
15838
15032
15366
16865
16936
17610
15899
16928
18857
19830
15068
18270
15839
17470
18347
18471
15500
14717
17570
17854
15586
18070
18238
16354
16291
17314
17960
18923
19040
14632
17248
15858
14608
19062
16064
16799
15562
17559
14762
18017
14851
14886
16826
18364
17037
16451
15539
16613
15703
15782
15080
16578
18045
14972
14851
15626
16579
15405
17590
15439
17015
17738
15100
16930
14625
19711
14652
14706
16726
16780
15259
15496
14810
14845
16208
16158
15924
16172
15605
15808
15840
18374
15887
17223
14754
18526
16494
19185
15613
16108
15101
15969
16813
14913
16828
17776
16238
18376
16135
16372
15440
16917
15101
15471
16321
17323
15884
18944
17447
18581
15079
15647
18265
19058
14982
15019
14710
16007
16294
15384
17355
17240
18233
17738
18232
19031
16161
18785
16270
15290
18484
15299
18753
15549
18126
18038
19059
14664
16381
18533
14801
17046
15624
17054
17165
16156
15293
18842
14657
14812
15244
16569
14733
16842
18727
15204
16397
17965
19095
19419
17395
17993
19094
15935
16372
17508
19774
18013
18947
19436
14810
16771
17262
16484
15372
17966
16972
17713
17971
19335
15943
15676
16117
18089
19315
16071
16307
17937
17200
18780
19344
15121
18337
18577
14694
18000
18252
15178
17433
14731
17525
15396
16714
18313
15069
15148
14937
15087
17817
15514
15665
14996
16631
14881
14942
16369
15651
19434
19589
16705
17552
18918
15914
17268
18113
18265
19177
14768
15849
17036
17999
18186
18734
16622
17566
15483
15658
16370
16769
17222
18329
18968
19164
19576
15605
16439
15493
19833
16126
16912
17949
19873
15727
17728
14867
16293
14997
17933
14733
16313
16742
16423
16886
15813
18498
19037
15965
17374
16479
17252
18484
18719
16659
17019
15327
15983
17074
15784
16812
18758
17274
17303
19453
19656
15739
17256
17858
16151
17528
17932
16364
16463
15355
18713
19114
15736
17698
15337
17001
14942
15270
17667
17784
18569
19288
18926
19218
16040
19854
16198
16925
18669
18903
15933
16056
18384
14878
16411
16594
17603
17707
14864
15325
19150
15296
16874
15631
18672
19529
17611
16146
16867
19530
15511
16855
18970
14834
14895
16945
16977
15700
16332
15069
16421
16481
14872
17900
16959
18710
18947
18148
18577
19238
15740
16347
16934
18273
15979
17868
15504
17178
14816
17003
16910
14790
15662
18531
19757
15123
16647
16811
15065
19230
17019
18065
19871
16637
16059
17657
15192
16421
14787
16432
16595
16067
18170
18437
15748
18409
19071
15202
16369
15182
15985
16331
15660
18425
16524
17360
16691
18460
19770
15683
17324
16406
17037
16287
18808
19065
19078
19371
15048
17148
14824
16561
16834
18119
18192
17511
18342
19474
15261
17698
15141
15856
14846
15862
16461
18664
18961
16311
17547
15116
16457
17454
16097
17759
15627
16994
19743
16204
17258
18803
17090
18340
16822
19306
15497
15301
17711
15723
17301
17833
17330
15822
17672
17874
16002
18720
15707
17824
15611
17234
17447
19007
15205
15369
16630
16802
15667
17059
16300
16790
16896
17916
19096
17189
17499
17801
14964
16877
16570
17850
18488
18883
15313
16115
16610
15001
16988
17061
15326
19754
15300
16623
17100
15676
16822
18267
19010
16468
17935
17438
15119
18626
15062
18631
15964
17690
15576
16221
17248
16095
17245
17657
15652
18371
19753
18915
18926
17487
15695
15034
16552
17311
16128
16200
17328
15999
15653
16132
16046
14924
16499
18596
15743
15061
17147
17807
18373
18692
16324
16495
18496
16072
16080
18428
18498
18073
15410
16342
15263
15297
18622
18955
16265
16708
15872
15053
17151
16197
17359
15464
16523
17087
15879
16112
16763
17399
14887
15788
17082
16932
17953
15663
16679
15966
17601
19384
18967
18982
19301
15271
15422
15801
15192
15321
17830
17910
15542
18287
15746
16611
15357
15848
17733
15591
18417
15030
15788
16746
17093
15894
19781
16121
16693
16125
16465
15495
17808
19240
17468
15522
17351
17711
15909
17508
15285
17297
16310
16848
15112
15392
18584
15759
17673
15187
15475
18787
17961
18989
19878
17593
19882
15613
16108
19612
19865
17362
17780
19764
18309
18411
15945
19404
15093
17956
15534
16464
18310
16355
17148
17374
18395
18719
15085
17700
18256
15462
16257
16489
15214
15650
17744
17831
18475
17306
17334
16162
16540
17329
16664
16720
17420
16498
17370
16923
18236
19674
18447
19308
19385
16265
18602
17473
16715
17333
15962
17452
19782
16602
16352
19239
19468
15601
16516
17560
17287
19224
16289
18627
15107
17191
15370
15924
17270
16339
17548
17990
15919
15377
18828
15174
15970
17264
17622
19777
19185
15940
19238
16430
16504
15892
17500
15332
15996
16394
16897
17214
16734
18817
19211
17455
15848
17733
15885
16062
16621
16862
17136
15024
17899
15667
17059
15306
17669
18304
19441
15919
16469
16004
18310
16519
19676
17694
18248
18675
19652
15952
17278
19288
15730
17284
15545
16293
16162
16903
18228
18469
19614
15737
15480
17249
18223
19786
15247
18686
15030
18197
19380
16764
18074
17347
16136
16554
16691
18460
19031
19449
15248
16778
18571
15387
16090
16395
16326
18143
15893
18741
18854
16311
16632
17425
17453
15423
16537
17180
16686
15131
17923
17111
17737
17758
15132
18397
19183
19802
16488
18318
19329
16298
18920
19095
16223
19769
19281
16074
17379
16568
16910
15102
16880
15870
17813
15098
16454
15175
16157
17849
19036
19813
16532
19443
15884
17167
19358
16501
17269
15300
16580
16650
16736
17171
18239
15693
15905
16800
16895
19844
16073
16424
18601
15381
15427
15917
15557
17026
16166
16727
19201
16698
16868
15470
15693
16039
17301
15745
17604
15320
18718
15153
16467
18834
19189
19691
15461
17143
17945
16558
15105
15448
15617
16486
17712
16325
15880
16826
17097
16448
15328
15712
17240
18233
15186
15315
17594
15492
19457
15093
15139
15545
16249
17487
19454
16051
19266
15607
15886
15665
19017
15515
16502
17184
16462
18872
19197
17077
17430
16365
15574
16066
18369
17679
15442
16335
16631
16160
19090
19324
15793
18002
16531
17764
15588
16362
17311
15199
17190
15804
16010
18245
15401
18214
18661
16199
15954
15474
15975
17243
18691
17461
18336
18243
15456
16322
17473
17625
15993
15940
16858
18169
17422
19422
17367
19429
16751
18879
16181
18422
16062
15761
16113
18379
18391
18406
16592
17145
19893
16186
16981
16668
16669
16241
17984
15755
17444
19145
16637
15694
17741
19405
17249
16125
17303
15159
17286
15348
18160
17023
19228
18807
19024
15826
17111
16922
16981
15231
17969
19191
19390
17868
18327
16597
16445
17759
15482
16109
16599
15189
15635
18090
15353
18282
19780
15222
15230
17132
16887
17935
18291
19415
19513
15540
17287
19224
15575
17266
17684
18473
18838
16616
16646
15750
16674
17472
16368
16908
17418
15749
16290
16807
15397
19823
17213
18980
19427
19875
15291
17549
17660
18571
19221
19378
19609
16412
16681
18063
18191
16236
17464
16605
17430
18277
17387
17907
16818
17623
17888
15238
16452
17446
16091
16366
19522
15593
15388
16577
16728
17315
16837
18998
19163
15622
15566
15951
17165
16553
16050
16816
15741
17834
18576
15247
16153
18610
16504
17269
16075
17309
17423
19081
19331
18041
18656
15909
16135
16138
17798
19167
15267
16450
15519
15675
16852
17383
16264
15912
16874
17632
15328
15905
15834
16338
19804
15770
16641
18015
16939
18941
16331
16584
17526
15450
17380
18340
17999
19138
16511
17344
16209
18636
15737
17613
16334
15413
16389
17810
18171
19013
18260
15948
16751
17007
17219
18667
17121
18996
16081
19784
17910
18611
17426
16217
18330
19834
16070
17313
16572
19759
15814
16099
16475
15934
15385
15531
18250
15477
17482
15593
16880
15285
17297
16193
16346
16672
15584
16276
16793
19798
16442
17685
15756
16302
17641
15904
18567
19382
15411
16308
17495
18505
18514
15434
18204
18859
16745
18108
18665
15963
18231
15358
19056
17275
17889
17135
15467
16574
16872
18965
15712
16580
15418
19036
15576
15732
16216
17590
16447
17390
18258
16950
15312
17032
19915
16088
16996
19547
15609
15850
17869
18589
17682
18259
17379
17044
16674
16144
17455
15467
16589
19127
15795
18217
19789
19790
16695
15867
17690
15652
17531
15851
16018
19039
15441
19396
19689
16721
19851
15817
16728
18252
18449
16465
17312
16585
15598
17098
17259
18433
19519
19136
19436
15403
18750
16283
16109
19772
15814
16099
16674
19853
17781
18063
18134
16748
19387
17220
17456
17151
15497
17266
17368
17684
15372
17836
16147
17972
18404
18791
18822
19898
16753
18339
15447
17704
19306
17629
18023
18482
16161
16503
17774
18771
18697
19442
15686
16244
16264
15787
18215
18412
18415
19021
15701
15733
16470
16884
17871
18307
18456
17566
16494
18799
15901
17035
17424
17845
18841
19761
17407
17331
17104
18574
16758
17486
16590
16771
17531
18290
15794
16164
16418
18990
17328
17793
15424
15902
17652
19154
17491
17692
15569
15631
18525
15581
18513
16372
19219
19404
19744
15866
16788
16969
17263
17442
18164
16928
19356
19481
16705
18313
15921
17555
16025
15994
17426
17485
18916
16098
17781
15756
19139
16212
18132
17024
16660
16917
18317
17599
17694
19646
15751
17200
18021
18656
16936
15859
16556
17995
17332
17485
18916
17331
16029
16267
17358
15823
18233
19053
19092
19494
15513
15799
17881
15476
18827
15526
16402
16399
18855
19094
17018
17746
18195
17643
18809
18245
18863
18850
18988
16340
16084
16115
16946
19209
17358
17783
16460
16781
17815
16803
18983
19678
18880
19410
16439
16918
17300
18779
18878
15534
16250
17055
16013
16376
17123
17995
16982
18354
18774
18451
19647
17304
15942
16960
15995
16666
17022
17324
17388
18448
16183
18315
16140
17485
17836
19258
16698
16868
15705
17933
18865
15912
17044
17555
15650
16220
15508
15577
16510
19161
16522
18298
18530
15508
18153
19779
17101
19713
15922
18297
16857
16253
16744
16493
17820
17480
19158
19524
18461
18502
17366
17936
17940
17277
18003
18822
18991
16037
18071
17891
17620
15885
16856
17188
18534
15574
18290
18821
18779
17345
17964
16217
19102
19423
17382
17492
15657
16321
17626
17004
17328
18315
19570
19793
16157
17849
16102
17001
17674
16840
15767
19438
17515
15548
16915
19759
15701
17265
16223
18898
19137
17175
17327
19334
15604
17907
19216
16999
15629
17467
17924
18570
18894
15811
18901
17810
17536
18631
18781
19767
15581
16182
16569
15606
17004
18669
19751
17396
18584
18823
16330
17340
16002
18720
19786
15599
16001
16428
19405
16064
16523
15659
19673
19714
16393
16787
19737
15869
17280
18178
18653
16018
18295
19908
17038
17253
16604
16744
17469
18647
16900
18844
19904
15687
18086
16203
17962
18543
17083
17271
19060
18970
17565
17977
16644
17012
19779
15956
16355
15586
16402
17128
19491
19542
19797
17597
16574
17957
18703
19700
15825
18756
19780
16678
17569
16344
16593
17271
17565
17977
18660
19376
17076
17862
16589
16739
17761
16585
17502
16707
16235
17457
18558
19107
16997
15679
16353
15721
15828
17739
15747
18475
16060
17187
17658
15786
17603
16282
18802
16117
18089
16387
16526
17481
16194
17848
18802
15721
18576
19613
16390
17219
18667
16562
19113
19742
16400
17048
17558
17925
17186
18686
18892
19569
16174
16383
17831
18475
18589
18964
19347
18977
17629
18360
18815
19147
18780
19435
18196
18680
18473
18838
16818
17634
16133
18044
18236
17307
15702
16033
16105
16584
18188
15681
18516
17317
18127
15806
16175
15928
16508
17098
16686
17630
18667
18689
17437
18651
16870
15982
17298
17667
18057
19209
18265
19177
16825
16869
17572
15714
17474
16596
16625
16280
16350
19028
16107
16200
17635
18746
18847
19521
15869
19572
15830
16759
16134
16628
18303
18579
18790
16434
16912
18042
18487
19075
17228
19788
17585
16043
17722
18597
18884
19414
16148
19212
19387
16317
17774
18541
19769
17166
15716
19356
19829
18596
19835
15815
15861
17152
16931
18532
18687
16419
19003
19771
18583
18598
16746
17169
16405
15820
16296
16472
16434
17741
18182
15794
18518
19056
15991
18287
17224
19066
15817
17711
18052
19613
16443
17725
16044
18329
18601
16957
18782
17013
18412
16195
17308
18911
17394
18390
16408
17340
16758
17901
18501
17783
16480
17129
18052
18933
18398
18873
15886
17860
19001
17405
17495
17021
19215
17237
17345
16246
16775
18973
17842
18283
17363
18025
17197
17771
18655
17822
19269
15854
16612
19157
19048
16937
18451
19648
18125
16061
18328
19357
17971
19388
19869
17347
18271
18331
19296
16608
19633
16015
16313
16726
18439
18883
19470
15842
18870
18218
18395
18358
16188
18190
15928
16119
16503
17375
18466
16582
18839
19058
19326
18094
15803
18594
19839
18533
19821
18028
18332
19111
16370
16940
18058
16725
17233
19789
19819
16513
18620
16210
16772
16191
16474
17835
17859
19279
18305
18380
19055
17509
18226
19890
17579
17762
19613
16839
17403
16017
16420
18451
19521
15980
16217
18330
17127
18900
18956
17413
16258
16794
16012
18507
18638
16704
18260
19791
19082
17797
18276
17158
18909
15922
16016
16072
18428
18463
19268
16403
19014
16083
18194
15989
18871
19365
16701
19487
16452
17461
19843
15897
19226
16253
18251
18401
18463
19262
19488
17288
15944
17752
19153
18534
16078
16306
16648
15961
16072
19846
17899
18504
18699
16709
18123
16802
16920
17873
16131
16995
16750
18004
18402
18472
16520
16856
18477
18610
16538
17780
18016
16298
16338
19803
16278
16944
17512
17700
19420
16814
17391
16105
16777
17060
18828
18209
18742
17109
19304
19108
19112
17730
18481
16314
19678
16120
19213
19354
18074
17996
18060
19314
18261
18437
16463
16712
17919
18836
18877
17349
16994
19012
19447
17857
18323
19364
18671
19138
17198
18098
19758
16978
18762
17584
18588
16861
17760
18733
17457
18558
16450
15985
17152
19208
16379
18029
16841
17441
18623
19303
19859
16754
16239
16379
18151
18565
16555
18546
19744
18271
18995
19296
16802
17085
18890
16654
18409
18266
19841
16709
17378
16652
18941
16756
17808
19103
19411
16130
16573
18084
17864
16495
16521
16743
16060
16879
16181
16319
17915
18701
19340
16779
18045
18372
17772
18344
19260
18775
19393
16759
17793
16642
18359
15983
18129
16991
18762
16197
18140
17419
16318
17809
17883
18397
18978
16014
19381
17717
19437
16741
19120
19289
16600
18579
16719
18194
16048
16878
19629
16201
18986
16974
17918
18144
16079
17414
18095
18637
16548
16769
16520
16785
16819
18999
19133
19749
17985
19271
16390
16292
18598
16130
16382
19262
16128
19818
16403
18370
16835
19071
17927
18896
19087
16146
18295
18623
16407
18378
16342
19088
16150
16473
17163
18766
19151
16702
18676
17640
18963
18983
17228
18132
17429
16626
17372
18015
17996
18641
19106
17092
18816
18971
18793
17002
17222
17264
16717
17348
18247
18772
16137
18883
19470
17142
17451
19111
19308
19828
16356
19216
19257
18283
19417
18997
19004
19241
16824
17624
18945
17365
18269
16909
18500
18742
16124
17841
18503
18452
19091
16564
18160
16679
17729
16535
18438
19846
19783
16087
18849
18800
18038
19461
17282
17325
18677
16212
16404
18256
19190
19559
19907
18754
19128
16319
17209
19139
16142
17643
17175
17997
17415
17093
16152
18521
16255
19311
17074
18716
19771
18697
18735
16905
16444
16304
16541
16614
16894
16664
17404
16164
16696
18552
16167
19117
17827
19479
17508
17050
16897
18107
16187
17210
16958
16976
17096
17357
18314
18545
16885
19006
19465
19577
18706
17859
19359
16499
17846
17780
17967
16627
18708
16727
16820
19499
17676
17785
19879
16339
18545
18558
18254
18986
19103
18104
16177
16211
19075
19076
17478
17582
16282
16514
16752
17710
18429
16252
19064
19101
16823
19452
19461
16817
17107
18588
17646
19088
16191
16630
19401
19789
19820
16661
16401
19324
19439
16247
18723
18839
18662
17887
19013
19293
18410
18518
18077
18665
16351
17683
18425
18269
18529
17271
19124
16621
16785
17677
17179
18807
16252
16536
18514
19899
18585
19426
18277
18008
18851
18861
17710
18143
18429
18734
17041
18818
19269
19163
19246
16390
16967
17342
19270
17312
17974
18722
17431
18374
19062
16323
19146
17461
18336
17926
19373
18337
17405
17835
16872
16346
16367
16492
17591
18776
17592
18148
16749
16535
17290
19786
17462
18797
16857
17246
17299
18044
16860
16480
16506
18253
17371
19382
16266
16375
18542
17955
19038
17802
16868
16954
17419
18047
18068
18611
16275
18379
18984
19183
19187
16293
18531
17665
17029
16829
19358
17445
18586
16518
17001
19819
19871
16314
18614
17160
18663
19123
16655
17233
17870
16683
18583
16867
17731
18267
18270
19010
18279
18624
17071
17765
19467
16359
18432
18782
19492
19699
16711
17118
17532
17989
18938
16683
19679
18293
18936
18093
19794
16613
19284
17094
17122
16497
18121
16774
16814
17144
16635
18808
19354
19317
19388
19010
18654
19292
19495
17959
19385
16655
19864
18314
16820
19499
18831
19016
19455
16649
18727
19809
16517
18165
19249
18856
18513
17906
19204
17493
17157
17791
16786
17417
17610
17299
18456
16650
16530
17310
17909
18581
16430
17722
18597
17724
17861
18978
19773
18269
18529
16391
17207
17453
16583
18161
16964
18763
16851
18249
18594
18438
16782
19465
19687
17713
19191
19390
16696
16750
18785
19145
18698
19028
19668
17488
18602
17166
19416
17811
17658
17762
16982
17361
17167
19358
18075
18108
18128
19748
16634
18685
19004
17849
18549
19712
17893
19834
16694
16895
19422
18606
16466
19797
17048
17798
19181
17154
17219
17532
17703
18555
18889
17741
18144
18911
17289
18923
17982
18914
18915
19391
19514
19883
17193
17778
18408
16485
16708
19876
16892
18658
17777
16880
17926
18151
18929
17101
18451
16908
17418
17968
18881
18537
17315
18051
18848
17593
16560
16767
19081
19110
19331
17177
18366
16491
16510
18679
18687
17587
18343
17528
17803
18814
19764
16610
19733
19778
16654
18283
19417
16624
18632
18702
17229
17897
17465
16516
19356
18034
17078
17956
18347
19893
16525
19322
16644
19021
19348
18081
19124
17717
19437
16675
18802
19677
18196
17217
17766
16958
16954
16978
16742
17890
16797
18218
19654
19446
19648
16586
17883
17238
18487
19101
19391
16786
17417
17600
19153
17452
18084
17005
16612
18472
19160
16547
17745
19277
17748
19281
16786
17119
17521
18897
18958
19398
16687
18571
18653
18011
18338
17171
16619
18058
18167
18813
19032
17662
18962
19247
18037
19341
17923
18368
18654
18394
19313
19512
17703
19214
18371
17425
18311
17350
17837
17163
17940
18765
19496
18542
17896
17739
17861
19052
17594
18704
17443
17948
16685
18347
17130
18678
19719
18635
18716
16925
17837
17529
17600
17672
19107
16737
18402
19645
17585
18865
18894
18086
18547
19445
19566
16651
16644
17829
19685
16948
19854
17560
19180
18505
18514
17234
18887
18377
17832
17893
16639
18174
16764
19243
18658
19278
19285
16798
18117
17520
18007
19321
18737
19000
17618
18800
17702
17715
17663
18989
19878
17679
19894
18099
18364
18787
19426
18728
19207
18838
19160
17916
19096
17191
16989
18860
17032
18497
18718
16757
17041
18705
16954
16978
18262
18565
18613
19326
19503
18576
17229
18410
18471
18970
18178
17002
17146
18701
18117
16929
17609
16755
17896
16929
19199
19302
16964
17305
18034
17436
17162
17735
17844
17255
16848
17705
16780
18727
19809
19810
18507
18508
18638
17404
16821
18445
17128
19170
19887
17572
16842
18115
17634
19237
19531
19561
19576
17118
17818
18814
18818
19060
17033
18777
19144
16964
18473
19651
17752
19153
17221
18493
18165
17105
18075
18232
19196
18183
19122
19202
19428
17084
18890
18737
19809
19238
17152
18253
17061
17701
18632
19550
17393
17554
19529
16951
19033
18335
18336
18773
17226
19258
18982
19093
17066
16832
16948
18707
19119
19205
18987
17886
19179
19482
18899
18985
19374
17516
17537
18071
18516
19817
16971
19817
17722
17928
19248
19641
17661
18070
18599
19462
19629
17251
17325
18740
17765
19467
17066
17668
17440
17048
17732
17633
17110
18038
17986
18950
18461
17056
16969
17925
18362
17197
18655
17303
17125
19891
17828
19263
19284
19298
19491
19563
16876
16891
19567
17434
18173
19274
17747
18525
18672
19123
18817
19124
17145
19035
17481
17856
18956
19257
17009
16980
18488
18166
18753
19468
16902
17008
19496
19880
17950
19096
19617
16888
17743
19169
17680
17885
17504
17565
19057
17115
17174
17216
19011
18618
17878
18030
18010
17081
18322
19390
17644
17656
18568
16978
18547
19145
19371
19522
17354
18446
18623
19859
18205
19490
16946
18643
18938
19745
19841
18202
17928
19855
17118
17254
18592
17373
17644
18557
18540
18809
17541
17546
19643
17529
17595
19210
17615
18894
19298
19829
18679
17734
17499
17801
17963
18966
18783
19217
16977
17061
18532
19550
17104
18140
17034
19134
19386
18566
18673
16988
17978
18334
18380
19807
19915
19243
17911
18789
19849
18548
19601
18915
18998
19891
17854
18829
17177
18366
18125
18587
19090
18061
18480
18157
19422
17662
17902
19358
19443
17096
17876
17393
18539
17173
17782
17009
17043
19098
19524
18608
19003
17031
17466
19858
17805
18197
17056
17255
18592
17376
17669
19079
18073
17205
17669
19158
17530
19787
17257
18891
19007
18879
17731
19860
18405
18680
17829
19161
18869
19068
17250
18001
18243
17732
19264
17572
17633
19048
17353
17586
19796
17057
18061
17139
19854
18757
19206
19180
19234
18661
17804
18520
19012
17088
17447
18382
19473
17665
17885
19361
17906
19204
18364
17460
17523
17790
18489
17230
19400
18815
19122
19733
17987
18544
17966
18178
17692
18055
19660
17322
17853
18302
18482
19874
17556
18043
19832
17479
17108
17216
18607
19546
18386
19340
19225
18357
18941
18860
17115
18921
19197
18946
19878
18721
17827
19479
18184
18624
17516
17401
18239
18418
17988
18181
18105
18414
17292
18065
19892
19156
19274
17706
18343
18320
18457
18464
18659
18775
17222
18179
17185
19397
18306
18591
19227
19440
17645
17926
18235
19795
17925
17200
17352
17788
18564
19866
18263
18517
17356
18049
18431
18877
18354
17761
17763
18493
18874
19070
19372
18017
18358
19305
19391
17721
18876
19683
17797
18276
18646
18668
17613
18580
18608
19003
18664
18055
18216
18359
17409
18291
18527
17296
18057
19461
19693
19264
17432
19243
17439
19596
19895
18625
19435
19860
18186
18671
18158
19392
17221
18493
19357
19041
17329
18004
17488
18602
17991
18674
19857
17265
18109
17688
18568
18927
17982
19166
17281
19271
19681
19067
18255
19438
17260
17320
17373
18557
17664
18655
17639
18677
17378
17392
18351
19543
18087
18759
18805
17340
17504
19711
17974
18363
18176
17574
17427
19256
18213
17383
18093
17425
17453
18229
18578
19822
18421
18638
17475
18900
19219
19040
19362
18212
18709
18361
18387
19452
19508
17742
18206
17881
18605
17327
18158
18691
17739
17834
18583
19370
17870
18227
18559
18353
19483
17785
17582
18625
19859
17507
17985
17564
17660
17875
18025
19513
19128
19571
17815
19086
17720
18563
18568
17914
18868
17664
19598
18241
18902
19842
17581
18016
18507
17414
18997
19156
19657
17965
18803
19813
19336
19503
17522
18707
17448
18227
19158
18308
17814
17998
17970
18098
18133
18189
18694
17460
17730
18132
18427
18993
17553
19838
18022
17632
17652
18515
18135
18659
18825
19294
17808
17828
18338
17622
18800
19220
18466
17502
19666
18407
18980
17872
18159
18437
17575
19864
18797
18735
18942
17967
17490
18129
17879
18318
18951
18748
19237
19674
18661
18641
19412
17506
17895
18620
17579
18685
19004
18062
18313
18885
19106
18175
19699
19896
18331
17451
17719
17990
18909
19384
19857
18200
18684
19836
17853
18557
19865
18390
18788
18157
18796
17792
19633
18144
18273
19220
18393
19098
18069
18585
17740
18261
17552
18708
17501
17970
19843
18147
18695
19084
18225
18597
18187
18890
19020
18016
18507
17593
18261
18437
18615
18356
18536
18016
18291
19513
19666
17782
18179
18015
18575
17805
18532
18630
17535
17780
17674
19788
18940
17659
17786
19144
17549
19916
17604
18420
19077
19312
17634
19237
18621
19317
17875
18513
18669
18903
19066
19837
18561
18672
17981
19567
18362
17637
18385
18799
19533
17957
19127
17594
19902
19121
17845
18758
18293
19863
18421
19420
19680
18481
17757
18082
18273
18629
19367
19795
17786
17660
18341
18647
18172
18244
18931
18204
18618
18391
18392
19801
19914
19302
18067
19177
19456
19725
18394
18565
19172
17686
19233
19815
18035
19161
18512
18626
18351
19738
18928
18485
19306
17709
18831
18926
19218
17854
18700
19232
19293
18564
17646
18929
18032
18643
17693
19692
18832
18888
19409
18345
19125
19341
18227
18563
17852
19206
17761
19903
17953
18026
18793
19508
17930
18294
19451
19340
18188
18296
19893
18932
18856
17695
18536
17720
17727
19058
18696
18869
18717
17708
18098
19757
17721
19380
18430
18381
18582
17977
19706
17803
17932
18603
19839
19858
17756
18531
18752
19905
17895
18227
18344
18905
19368
19130
19690
18391
18953
19919
19875
18845
18927
18972
17949
19808
18019
18650
18445
17953
17887
18923
19097
17899
19244
17821
18680
18167
18621
17748
19129
18191
18467
18111
19142
18188
18102
18792
19403
18007
19144
19134
19234
19531
19188
19594
18950
18112
17942
18184
19357
18171
18939
18645
18664
17788
18031
19129
17791
18427
18845
19137
19343
19695
18344
19612
17872
18776
19002
19117
18214
18639
19511
18018
19146
19405
18773
17913
18063
17818
17978
19284
19568
19907
19204
17834
18882
18818
19060
18778
18943
18702
17909
18314
18940
18360
18240
19364
19658
18309
18411
18939
18739
19356
18340
18221
19192
19424
18240
18013
18460
19473
17883
18882
18326
19250
19431
17926
19373
18359
17993
19916
17978
18532
17981
19169
18977
19806
18441
19862
18115
19809
18649
19833
18799
18526
18640
19704
18027
19332
19806
18795
19837
18951
19167
19307
19430
19073
17980
18750
18837
18946
19877
18651
19297
18891
19102
19423
18190
18914
19790
18831
19174
19330
17943
17975
17983
19063
18493
19546
17962
18543
19812
18643
19049
18006
18751
19828
18331
18001
18047
18529
18602
18596
18922
19089
18105
18405
18266
18447
18183
19122
18433
19005
18003
19811
19429
18533
18067
18881
19443
18822
18824
19845
18696
19126
18245
18863
18408
18334
18003
18822
19905
19469
19744
18738
19847
18219
18435
19334
19642
19204
18164
19242
18768
19825
18777
19886
18417
19224
18979
19412
18375
18600
19259
19399
18505
19310
18903
19373
18300
19344
18202
19205
19310
19007
19023
19908
18163
18036
18322
18334
19476
19088
19346
19395
19729
18676
18130
18721
18280
18686
18897
18606
18355
18627
18197
18322
18334
18790
18069
18206
18307
18731
18511
18628
18996
18867
18921
18199
18509
18619
19508
18388
18221
19807
18230
19672
18212
19872
18634
18405
18077
18108
18665
18761
19118
18752
18128
18535
18141
18547
18357
18682
19328
18950
18562
19874
18525
19320
19883
18333
18584
18985
18291
18527
18636
18263
19149
19603
19492
19519
19896
18421
18638
18651
19106
18998
19163
18794
19251
19368
18747
18536
18760
18162
18485
18550
18779
18968
18499
19093
18999
19118
18348
18764
19053
19282
18502
18330
18348
19696
18436
18631
19065
18819
19171
18348
18454
19696
18841
18452
18798
19273
18743
18784
19182
18847
19217
18324
18745
19114
18907
18282
19890
18836
19394
19108
19112
18722
18476
19487
18700
18192
18981
18724
19289
19200
19643
18852
19156
18804
19043
19060
19654
19469
19197
18249
19323
19138
19892
18195
18767
18690
18492
18453
18456
18243
18874
19782
18714
18386
19309
18237
18518
18816
19785
19241
18282
19000
19780
18899
18740
18758
19073
18990
19125
18958
18524
18973
19651
19600
18457
18705
19235
19440
18323
18316
18374
19827
18935
19646
19438
19054
19276
18461
19456
19398
19417
18361
18387
18339
19178
19407
19510
19148
19018
19608
18370
19389
19834
18780
19435
18340
19083
18594
19880
18367
18768
18892
18678
18625
19435
18713
19196
18371
19233
19352
19515
18666
19877
19374
19437
18916
19810
19486
19520
18866
18875
19067
19176
19622
18459
18763
19488
19616
18388
18414
18629
18503
18707
19360
19223
18932
19570
19240
19584
19855
18560
18392
18555
18704
19002
18639
19024
19507
18939
19802
18984
19913
19452
18406
19155
18833
18878
19014
18621
19220
19805
18652
19423
18424
19019
19348
18965
18588
19789
19207
19301
19489
18463
19009
19488
19322
19272
18438
19009
18712
19031
19449
18989
19533
19564
19078
19467
18598
19263
19861
18795
18844
18674
19828
18480
18827
19383
19490
18547
18715
19033
18459
19391
19883
19886
19232
19776
18917
19457
19203
19016
19332
19441
19524
18738
18823
18479
18486
19165
19888
18491
19175
19808
19056
18607
19041
19403
19022
18487
19627
18960
19716
18561
18755
19213
18539
18617
19379
19019
19348
18945
19188
18728
18671
19763
19195
19283
18749
19047
18789
19186
19439
19463
19460
18582
18715
19535
18575
18543
18761
19402
19632
18570
19164
19479
18683
18884
18703
18714
18781
18842
19866
18563
19866
18763
18663
19291
19873
18568
19263
19456
19360
18583
19821
18732
18885
18794
19028
19408
19489
18688
18792
18806
19493
19291
19856
19335
19039
18856
18835
18921
18912
19313
18848
18853
18872
19228
19474
18811
19800
19414
19470
18809
19021
19389
18632
18687
18905
18803
18895
19495
18966
19322
19614
19604
19633
19038
19134
19256
19472
19605
18801
18944
19344
18672
19811
19109
18807
19024
18717
18900
18702
19161
19005
19835
19850
19227
18862
19850
18801
18866
18993
19369
18961
19378
18930
19289
18834
18967
19046
19163
19136
19195
19381
19404
19045
19218
19123
19242
18727
19000
19286
19810
19639
18745
18898
19597
19042
19110
19769
19780
19481
19091
18760
19552
19449
18784
19556
19327
19422
19349
19111
19036
19081
18808
19354
19779
18989
19909
19812
19182
18830
19127
19065
19041
18830
19897
19458
19915
19091
19511
19367
19486
19632
19884
19910
19650
18840
19129
19863
19799
19502
19763
19261
19148
18985
19063
19898
19803
19544
19571
19898
19063
18925
19690
18843
18853
19493
19413
19111
19308
19142
19867
19462
19587
18872
19546
18937
19133
19701
18867
19252
19602
19912
19595
18867
18986
18885
19481
19510
19885
19911
19849
19426
19412
19593
19235
18972
18962
19155
18959
19868
19070
19251
18968
18912
18953
19806
19304
19545
19580
18979
19063
19433
19554
19157
18897
19292
18924
19848
19841
19319
19684
19029
19300
19512
19105
19372
19490
19891
19544
19597
19159
19127
19847
19545
19252
19120
19178
19668
19590
19555
19556
19645
19018
19050
18940
19401
19564
19710
19475
19136
19602
19239
19468
19181
19805
19920
18994
19046
19700
19051
19826
19781
19867
19312
19395
19560
19715
19189
19165
19464
19506
19273
19328
19231
19638
19272
19026
19802
19365
19168
19170
19327
19811
19845
19025
19030
19913
19008
19469
19080
19748
19900
19473
19776
19304
19019
19586
19406
19037
19021
19466
19464
19620
19222
19074
19669
19207
19619
19814
19386
19574
19147
19246
19109
19912
19474
19699
19064
19076
19567
19260
19650
19599
19152
19904
19825
19432
19126
19121
19558
19523
19244
19692
19120
19365
19427
19105
19337
19920
19151
19101
19133
19402
19462
19630
19515
19570
19483
19362
19527
19159
19604
19595
19446
19647
19132
19478
19683
19909
19295
19846
19897
19749
19899
19276
19591
19248
19152
19702
19188
19611
19749
19162
19916
19251
19321
19685
19494
19876
19332
19750
19168
19175
19464
19887
19567
19183
19801
19261
19326
19458
19187
19598
19427
19496
19195
19404
19408
19620
19523
19406
19546
19385
19475
19468
19329
19472
19506
19606
19552
19583
19461
19235
19291
19223
19283
19485
19736
19424
19394
19663
19665
19262
19775
19816
19254
19663
19675
19311
19403
19537
19254
19664
19259
19280
19424
19275
19649
19406
19415
19369
19383
19444
19280
19390
19380
19369
19376
19288
19901
19312
19589
19446
19466
19514
19327
19475
19314
19318
19316
19318
19600
19373
19514
19519
19889
19325
19342
19338
19383
19641
19594
19342
19601
19347
19351
19349
19351
19599
19371
19582
19918
19494
19657
19380
19418
19563
19573
19596
19870
19466
19588
19493
19481
19471
19636
19439
19480
19574
19575
19577
19434
19579
19497
19523
19603
19509
19566
19592
19799
19548
19448
19553
19566
19459
19559
19561
19576
19586
19506
19489
19619
19499
19698
19478
19480
19497
19511
19631
19573
19514
19879
19606
19502
19554
19548
19571
19591
19549
19570
19590
19585
19541
19564
19588
19540
19554
19592
19525
19527
19739
19565
19517
19558
19530
19542
19526
19529
19557
19918
19534
19566
19537
19738
19532
19535
19569
19577
19703
19547
19682
19581
19539
19543
19703
19538
19539
19553
19560
19583
19585
19580
19581
19558
19573
19739
19579
19588
19559
19579
19555
19565
19583
19585
19592
19560
19562
19590
19568
19682
19565
19575
19586
19572
19582
19587
19584
19584
19580
19581
19587
19591
19636
19632
19598
19624
19604
19608
19610
19609
19610
19613
19616
19618
19617
19618
19620
19622
19624
19623
19624
19626
19627
19628
19630
19632
19634
19636
19638
19637
19638
19640
19917
19914
19919
19642
19653
19644
19675
19646
19652
19648
19650
19652
19654
19656
19658
19660
19662
19661
19662
19664
19665
19816
19667
19669
19671
19673
19672
19673
19675
19677
19679
19681
19703
19684
19685
19687
19689
19688
19689
19691
19693
19695
19697
19699
19701
19702
19705
19707
19709
19711
19713
19715
19717
19719
19721
19723
19725
19727
19726
19727
19729
19730
19731
19731
19733
19735
19737
19739
19741
19743
19745
19747
19902
19752
19754
19756
19758
19760
19762
19764
19766
19768
19770
19772
19774
19776
19778
19890
19782
19784
19786
19788
19792
19794
19796
19798
19818
19800
19802
19804
19806
19808
19812
19845
19814
19816
19818
19820
19872
19822
19839
19848
19824
19826
19827
19842
19828
19830
19835
19838
19832
19834
19836
19838
19849
19840
19842
19844
19848
19857
19850
19852
19854
19856
19858
19860
19862
19864
19867
19866
19868
19870
19872
19874
19876
19878
19880
19882
19884
19885
19886
19888
19890
19892
19894
19896
19901
19901
19916
19904
19906
19908
19910
19911
19912
19914
19919
19920
26594
29002
29555
24216
27648
29570
22550
29101
29607
22404
29131
29586
23527
28392
29583
23411
28198
29629
28973
29047
29563
24714
28928
29589
20870
20896
29545
23962
28538
29591
26760
28832
29851
20020
27739
29082
27392
28582
29609
20059
27533
29115
20372
20915
29151
20560
21609
25207
27391
29145
29587
26918
28439
29603
22821
23005
25975
22272
24065
26309
23066
23620
25604
22512
25961
27260
22206
25003
25576
22059
24821
26048
22301
25100
25758
19993
27269
27710
22480
25276
28630
22884
24533
26195
21735
27184
27839
20131
28257
29155
20378
28816
29076
21254
23369
24085
22442
23050
27207
22944
23290
26788
22963
23650
26611
23425
23431
27203
24765
24964
26467
22445
24807
26493
26969
27429
28413
24701
25147
26256
22277
25090
26174
21925
25298
25937
22705
22946
26746
20030
25810
28892
22368
25512
25933
22552
25950
27273
22818
25049
27698
20632
28884
29733
22398
24221
25527
23840
25164
26498
27592
29761
29868
20097
23842
25666
23920
24043
26297
22250
22822
26820
24158
25193
27933
21794
25501
25820
21582
25065
27761
21344
28724
29721
23129
26063
26582
23507
24455
25550
25671
26495
27501
25283
26150
26415
22692
26377
26443
23367
25054
26098
22456
24946
26546
22525
26074
26870
22541
24502
26249
24152
24605
25239
23781
23878
27751
25025
25907
27004
21612
22528
26855
22718
22988
26679
20769
20860
24137
24738
27180
23026
23960
26481
23277
24040
27296
25575
25822
26407
22457
22676
27077
22005
26647
27559
22917
23987
26254
24601
25200
26071
23591
24663
27400
21497
25986
26865
20741
25304
28574
24131
25972
27144
24965
25303
26988
23100
23794
26437
25186
26148
26280
24090
25487
26812
20822
26937
28854
22690
24882
26095
23809
25922
27637
26411
27097
27965
21562
26284
27407
24925
27511
29599
24025
25555
27135
28897
29250
29637
21700
24541
25786
25726
25752
25930
21188
21490
24589
26219
26222
22990
23300
25867
20203
20561
28482
20860
21392
28595
20319
27303
27851
21447
25819
26172
23148
25460
26484
21690
24934
26689
24794
26225
26380
28452
29634
22030
26200
26896
22372
23686
28047
21820
25559
27506
23714
25187
26530
26355
28243
28248
22278
22783
25608
24302
25613
27570
24871
25748
27157
24734
25660
27396
22395
23231
27021
21560
24507
27040
21195
24760
26163
22415
23040
27077
21249
25585
26367
25600
26118
27111
20825
28240
29742
23151
23944
27163
22060
24679
27667
20842
26176
27832
22544
22726
27040
25059
26516
27074
21192
24852
29593
20602
25404
27796
23467
24862
27515
20739
26376
28154
21917
23976
26859
24046
25717
26855
21832
25947
27748
20825
21014
23733
25572
26767
23211
23766
26791
22300
24753
27406
21384
25629
27039
21533
24723
26128
20280
28973
29604
21127
26372
26483
25882
28982
29651
20483
25561
26134
21862
25539
26177
25301
25453
26406
21190
26553
26608
22054
28928
29559
24488
27387
28867
21661
25503
25976
21080
25543
29054
20628
25628
27953
24739
24977
28321
21314
27418
27427
23273
24868
27240
21580
25623
27323
23206
25648
26161
21581
25940
27957
20729
26649
26753
22048
26955
27262
20927
24682
27423
25109
25709
27571
20093
21601
25866
23032
24621
28173
24824
25666
28604
20874
21446
28860
26617
28692
28903
21504
24953
26307
24562
28707
24598
24743
27483
25031
25803
26343
20344
27161
28157
28816
29108
22224
23462
26458
21268
25135
26873
21235
25112
27021
23685
25757
28913
20725
23716
27480
22393
23815
27581
22071
23509
26127
21640
22902
26136
21421
22770
28747
21643
26489
27177
22947
23103
27424
22860
25145
28241
20120
21304
25551
21033
26259
26740
21946
26446
27608
21981
25432
27793
25771
25955
26857
21818
25203
27574
22100
25729
27206
23047
25591
27056
20203
20432
28265
24619
24914
27167
24042
27912
22794
25556
28169
22011
25683
27103
23715
25079
27857
21067
26232
26605
23468
23854
28038
21958
23752
26820
21439
25692
27401
20716
24483
28843
22214
23679
25983
20896
22279
28822
21005
21828
22556
25103
28362
24268
25695
27523
21038
23610
27749
20878
23288
27866
21380
25668
26514
22610
27955
28956
21043
28488
28969
25013
26573
27769
21018
24954
27454
24586
27034
28843
21720
26485
26813
21101
26881
27762
27541
27711
27829
23921
24905
27609
21877
24721
28579
23342
25028
27857
22064
27904
29654
22153
23555
25452
20982
26325
26849
20937
27190
28156
20358
23533
25478
23488
26248
27659
21260
24798
27476
21340
23868
27609
21189
25256
26691
22366
25528
28379
22273
28440
28829
25701
27628
29674
22729
24708
25483
22385
24109
27740
22450
23284
26245
24141
24344
29691
20852
26720
26802
24326
25649
26435
21255
26294
27138
23012
23212
27413
25887
26895
28531
23122
23246
27733
22614
24492
27515
20195
21640
28642
24446
25979
26231
21106
26566
27239
20581
24772
28626
23228
24653
29680
21828
22859
28855
22310
23776
29671
22533
23145
26746
20388
27000
27320
23414
24494
28038
20962
27045
27079
22894
25105
27885
22572
27121
29684
20256
24447
27114
22313
22511
26223
20862
25229
26900
22009
24281
27311
21636
23578
26182
20963
27236
27399
24392
25284
27864
26260
26419
27602
21134
22652
28045
23691
25471
27004
22746
29786
29803
28504
28718
20808
27306
28314
21553
23278
27570
22458
24263
28650
22854
26799
27271
21001
26054
26659
21859
25129
27381
21861
26269
27589
27456
27803
25841
26340
27655
20843
27101
27246
20991
26464
26919
21910
27185
28170
20703
26847
28341
24385
24550
26919
20664
28311
29016
26982
29285
29631
23677
23711
24054
27038
27517
28397
23209
24331
27154
27671
27758
28406
23793
24983
27985
21389
26653
27513
21579
25521
27661
21698
24234
26025
21490
27243
28387
20475
24897
29161
22414
23702
28253
21659
23689
28927
21550
21959
24930
21135
24204
29610
22825
23718
27144
20243
20814
24075
21983
26241
29656
22668
22843
27400
20707
26938
26944
24391
29567
29853
21990
25081
27363
21042
26556
27843
21424
25107
26534
23505
26465
27718
21184
24031
27476
20784
24564
26023
21328
26504
27905
20714
27816
28450
23899
25362
26487
23109
24223
27261
21776
23744
27005
23165
24547
26516
28498
29831
21670
22523
27296
20715
26858
27014
20939
25738
26347
21182
24126
26711
21066
21374
29090
22334
26333
27870
20794
26786
26986
21247
26718
27551
25407
26108
26816
26860
27286
27768
21232
26523
27834
27934
28578
20979
23727
27157
23243
24097
28024
21824
22172
24212
22193
25718
27322
21062
27755
27814
23210
27452
28356
27300
27840
27876
21378
23438
27387
23595
25463
27313
21310
25114
26392
26005
26975
28021
27842
28271
28737
23500
23661
25440
21286
24219
27841
22681
24674
27770
21641
22340
27270
20776
26868
26936
21154
28368
28518
20523
26257
26461
20813
26569
27017
20539
20697
22064
22717
25398
27319
27799
28349
28441
20296
27538
27639
21475
27496
27546
21185
27371
27768
22801
23830
27378
25861
26169
29846
22784
23322
27406
22281
23722
26700
20781
26939
28657
22563
23421
26411
26123
26686
28092
21246
27896
28108
21534
23150
27396
23851
24667
25377
26091
26727
27154
21215
27646
28140
20945
26094
26681
20625
28334
20948
26250
26885
25437
25791
27409
21909
24249
27926
21650
26758
27932
23457
23471
25857
21848
26204
27207
22335
26009
27856
22443
22982
27740
21216
25058
26155
22115
29122
29681
20985
25705
26809
21332
25001
26425
24089
28115
29219
26625
27441
28442
21785
26578
28215
21721
25252
27836
25724
27879
28309
22768
27051
27223
23258
23486
26711
20791
26846
28880
22444
27019
28033
20783
26810
27148
20934
25019
20889
22895
27138
22739
26473
29685
24490
24585
27167
22622
26103
26467
21991
28145
28357
21552
25858
26883
26033
27492
27645
22007
23608
28335
24288
26814
28150
23701
25999
26872
20801
27229
27357
25784
26694
28184
20355
20816
29074
27668
27709
28101
26311
28539
28736
23240
26301
27150
22286
23577
27733
21409
22601
27180
22390
22479
27203
22232
24681
28455
23666
25175
28523
21179
24936
26423
21124
23159
26824
20996
26510
27412
20642
22372
20970
25727
28216
21075
25402
26920
20953
26027
26985
23548
27505
28325
27951
28309
28367
21163
26947
27142
26688
29121
29690
20900
27764
28310
22139
26609
27474
20713
26598
26900
27073
28199
20877
26285
26877
21730
23285
24282
23863
25426
21606
26832
29598
21045
27801
28025
22487
25856
28517
21864
25236
27742
21034
27462
27784
21648
21733
26343
22964
23124
26498
21108
26550
27054
20668
27568
27849
25010
25646
29675
20774
28279
28389
21312
25737
28513
21375
23062
29816
20688
24831
25570
21194
26274
26751
21823
25772
29702
20620
26826
26871
22720
24873
27985
20448
26371
27373
20475
21398
28839
29619
29661
24442
25045
25607
20972
28121
28323
24976
27853
27885
20577
26116
26395
21693
22008
25013
25965
27457
28015
21086
22941
27551
23902
27234
29164
20619
21374
21265
23923
28779
26382
26957
28186
20592
23707
29054
22156
24318
26788
23791
25277
25769
21932
23396
26137
22662
24740
28311
20603
26787
27082
20881
25516
27666
23097
24383
28317
22912
25523
28890
21313
26386
27617
21807
27273
29676
20738
26569
27162
22918
25874
28453
21464
25880
26654
20950
26583
27256
22869
25545
28604
25675
25938
29765
24247
25509
28346
20809
24846
25929
22130
22777
24865
22165
27557
28667
22460
24080
27859
20543
25620
26997
20976
27134
27521
23362
24552
24688
23096
24082
24495
21100
26807
28131
21370
25991
28243
20709
21143
28713
20940
27811
28064
21845
25651
27556
21532
23241
26806
20956
25535
26767
21921
26281
27799
23511
24654
24995
20957
20990
22961
25967
22508
22779
26894
21590
26289
27842
20904
22347
28742
20540
27137
27586
21222
25184
26966
27584
27980
21896
22453
26932
20605
24858
28910
20629
27806
28058
20555
27757
27774
25875
28818
28939
20909
22548
26407
20731
23537
27111
20450
25610
26749
24443
25751
27134
24904
27449
29206
21405
27230
28419
20831
27626
27863
20891
27259
27814
23549
25886
26618
24714
26522
27253
26114
27471
22441
25419
27261
26114
26701
20499
27338
27674
22160
27174
27482
20686
28696
29103
21168
27721
28212
22863
23586
26401
21019
26650
27637
23422
29564
29622
21888
26080
26150
22593
24307
27094
23293
26452
29794
20661
27433
27522
20670
26698
27660
21211
26036
27334
22641
23627
29781
21203
26502
27510
21759
25451
27397
20848
27882
28224
21016
25318
27218
26931
27018
28806
22536
26277
29693
21170
25212
27472
26175
27463
27504
25579
27292
27576
21300
26373
26985
21208
26526
20901
26579
27245
21354
25762
28004
21569
23484
26607
24410
27290
27376
21548
27091
27219
20596
27871
27954
22835
25506
28455
21165
26539
21788
21895
26406
20554
26022
26257
20733
27172
27257
21429
28175
28615
20526
27295
27673
24642
25733
29716
23386
23444
27915
22665
25592
29112
25308
25827
27504
21231
23404
26955
20677
25402
25738
21436
27025
27712
21274
27793
29704
21011
26339
28621
21138
27259
27562
27003
27434
20766
24769
25072
24529
28113
28540
21040
22215
29556
21803
24924
27011
26527
28032
28053
22629
23856
27491
20709
21555
21601
21758
27670
27677
26829
27966
28352
22560
24465
28035
22083
22490
26449
25960
28757
29133
22703
23064
27864
20849
27681
27686
20604
26371
26391
21683
22113
25975
20943
27670
27676
26705
27932
28661
26535
28744
29177
21897
27369
27845
22180
25457
26676
25258
27732
28426
25446
25491
27966
25590
27459
22025
23535
24917
20942
27998
28260
26708
27117
23643
25123
27472
21945
23693
26595
23259
24293
28448
22546
28384
28589
21010
27830
28052
22792
26828
27608
21913
24761
28322
22217
23759
28024
20954
27681
28010
21517
23017
27770
21596
23605
26614
20810
27074
28196
25429
26008
27117
27434
21096
25554
28192
20946
26433
29128
25590
26405
21571
22397
25758
20669
26924
27087
23000
25825
26812
27952
28344
28577
20665
26633
26708
21556
26988
29668
21047
25949
26278
26394
27118
28491
21936
23152
27712
20660
27719
28058
25185
26997
27338
27673
26154
29657
29758
21435
28860
29135
21355
26655
28044
21336
22764
27736
24288
29151
25171
27436
27892
20567
27755
27896
22785
26663
27230
22592
25005
28484
20746
26612
26655
20941
26147
26545
28416
28472
26497
27780
27893
21454
24468
26935
20869
20957
23802
22737
25363
25561
21445
28477
28642
20845
27044
27053
25978
27644
27897
25796
27760
29873
23135
28502
28580
24636
26701
20989
27975
28136
21303
23172
26611
21063
27422
27931
23923
28033
23368
26540
27424
22621
25050
28167
20894
22955
24925
21240
24694
28413
21609
25702
26077
20821
24211
26415
22416
24198
28919
21995
23811
26002
21301
25157
26434
21506
24880
26562
26834
28983
20751
27120
29729
20690
26715
27519
20650
27087
27686
27806
27863
20820
21421
23689
21618
26246
26318
23221
24104
27563
20827
22377
28610
21291
28036
28045
27236
28136
24358
26877
25089
26749
21000
24135
25968
21102
27822
28018
21133
25249
27056
21311
24732
26028
21315
24848
26782
22527
26038
28542
21804
23372
28868
20871
27112
27624
20919
27057
27359
20802
26155
26347
21545
24241
24521
21646
23587
27927
20816
20838
24002
21599
26213
28810
21005
21125
27312
26571
27003
21434
27910
29051
23218
24440
28979
21602
22141
27711
22956
24590
27501
27826
28464
21652
26617
27090
24445
26453
26529
25325
25631
27435
27757
27882
21347
22422
25003
20931
27818
28480
27869
28963
21766
24813
28321
20710
26941
28181
21309
24201
25761
21653
23762
27135
21515
21616
27262
21228
26895
27867
21516
26450
27438
25429
25499
27020
21771
25241
26630
20992
21283
27788
22438
23069
27749
21593
27114
28722
20999
25815
27804
21292
26398
28057
22106
27174
27451
23617
27860
28643
22423
28624
28634
28018
28341
23111
23799
27696
21833
23538
26393
21422
27225
29092
20827
21304
21904
22953
28191
28784
21341
24296
26309
24622
27787
29717
22223
22845
26312
22492
23961
28755
27599
27809
26941
27412
21793
22985
25604
22793
26513
28887
28934
29134
27046
27210
20684
27215
27454
21850
27629
27923
26533
29050
27255
28006
27442
27854
21566
27247
27672
22608
26905
28147
22624
28235
29712
24861
29028
29649
21559
23831
25773
24203
24719
25793
27809
27871
20986
25469
27509
22080
25233
27287
21911
22942
24020
21251
28530
28584
22299
23315
26320
22229
23716
27281
27185
27751
20803
25900
26920
25191
25518
26417
21280
28318
28442
20903
25782
22535
26408
28628
26285
27358
20701
25411
27015
21135
28199
28972
21152
27510
28010
21458
23915
27376
23056
25851
27783
24736
26525
26987
21212
23019
28350
20974
28160
28711
23076
26326
28540
21087
25586
28572
24375
26706
22017
22701
26679
24721
26813
21171
23242
27489
22989
24843
25644
22881
26385
28366
27095
27699
21077
25504
26898
22208
28104
26534
28621
20750
26801
26924
22587
23192
25495
24102
27017
28133
28351
26826
27137
26825
27278
22181
23618
23811
22331
28397
28703
24207
25770
28523
23059
28402
28627
22143
25396
28122
21068
22853
27409
22489
22509
26897
21180
24964
25997
26753
27405
21070
26400
26933
21402
22723
26297
28023
28378
28866
24622
28353
21369
26641
27698
24931
26380
21250
24378
27163
25318
26510
21012
29614
29623
20749
27521
28102
20756
26571
27302
21469
23450
25720
25620
27582
26281
26641
20840
26640
27393
28453
29004
20984
27353
28127
21169
26703
27562
21999
24756
28425
21210
26050
27512
27801
28173
20906
27719
27993
22294
23155
27492
27581
28861
26671
27822
26624
27765
23543
25030
26809
21960
23023
26546
23123
23158
27483
21162
22777
25058
26934
27280
21365
25947
29858
26119
26164
28650
21514
25363
28569
21930
25310
26217
22378
23402
28805
20890
25939
26796
21902
22158
26280
22403
22679
29776
20977
26875
27029
25291
27797
21961
23886
25270
24834
26156
28122
21202
23137
27307
23217
26500
27478
24206
27956
29119
21258
27640
28729
20789
22405
26195
26578
27427
22174
24291
27541
27247
27433
22026
23299
23798
22626
23063
28380
20856
27464
27731
22791
23318
27361
27631
28958
20921
24347
26048
27210
27586
23947
25513
22480
29323
29615
20790
28062
28339
22464
23160
28956
21688
21782
26200
25907
26323
28194
28940
25782
28953
22328
23291
25328
21589
25863
27096
27172
27522
23769
25616
25817
21637
27873
29014
22823
25351
25859
21976
22798
25576
21306
24255
27240
21263
28777
28880
26579
27796
27830
27954
27076
27599
21398
24867
28962
21334
24999
29125
23036
23432
26585
21243
22903
26896
27744
28618
21727
29847
27833
28616
21806
26759
28005
21120
26989
27110
23765
26405
20969
21006
22342
23262
24519
27962
21297
26843
25954
27178
29106
23919
27564
28148
21668
25088
29108
27215
28239
22241
26256
26879
28398
23430
28889
29720
23516
23967
26601
21242
27827
21412
27651
28881
21737
27983
21044
27646
28518
20893
27737
28116
24997
25271
29647
27142
27774
22359
27924
28467
26781
28380
29791
21171
21869
22978
21007
25376
27571
24612
29030
29664
23024
24129
28277
21297
25450
25690
21595
26671
26833
26366
27509
21489
23587
27920
27684
28671
26786
26868
22455
26922
28617
28279
28368
20922
27811
28416
21379
23036
28147
27280
27674
28492
28605
22077
23292
28535
20944
25972
27026
26810
26858
21321
24848
26890
20868
26129
26189
21264
26016
26493
27370
27699
21729
22639
22997
21157
26744
26998
20966
26632
26951
21202
27158
26760
29229
29628
23765
24745
21003
26612
28134
22606
24678
26853
22177
22700
26582
21248
25452
26246
20993
27771
27993
26165
26801
22961
29192
29594
21285
23994
28343
27062
27370
23424
25346
25626
21227
23886
26502
27893
28830
21521
27488
28428
21009
26447
29098
26796
27342
20914
27475
27908
21885
28302
28720
22318
25961
29677
24118
28479
21588
27060
28445
20892
25586
28779
21412
27641
28881
21957
26064
26945
21051
28097
29002
23043
24892
29023
21513
25921
28905
25185
27453
26715
27831
28264
28400
27031
27520
27978
28389
25857
26230
22547
24701
26972
21285
27237
21773
27769
28210
26825
27238
28902
28635
29283
29636
28946
29075
26898
27975
21230
26652
27411
22990
25702
20913
21205
28068
22136
28232
28806
28192
28224
23865
24752
24985
21092
25835
25994
24854
26148
23287
27775
28443
22120
29701
29784
21128
26879
29096
21192
21432
22900
24867
27277
28857
22465
24258
25011
21027
28462
28802
27619
28666
29062
28400
28472
22820
23289
24526
25164
26087
28227
28512
22237
26780
29139
25016
26660
28889
21270
23315
26312
21139
25646
26282
22204
23397
26052
21456
22334
26447
21746
25064
28804
21333
24216
24621
25237
27132
21886
26442
26777
22802
22980
29658
21543
24401
25887
21608
22684
25100
21488
29596
29661
24148
25245
24125
25347
27748
24953
26556
26504
28108
26454
27046
25404
27378
28794
28823
26921
27184
25949
27229
23707
28263
21088
25451
28064
26147
27148
22288
24730
26442
25755
26279
21331
27165
27354
23644
26870
27561
25237
27500
26847
27589
21053
25330
26064
26457
26464
28976
21762
29034
29783
24523
27531
29595
22196
27798
29144
21507
22033
24846
27357
27998
24772
27322
26209
29703
29756
21763
23709
25589
26428
26637
22238
24447
25750
25098
26124
26268
21040
21971
27308
28505
23196
24409
25879
21486
25536
21699
24340
25066
28738
28777
21081
23527
23878
26650
27560
26637
27062
25655
27743
28258
24884
25803
27736
27790
27952
24372
24988
28953
26094
27045
21238
27275
27446
27095
28593
26598
26642
26014
26469
22081
23259
23326
23572
27516
28963
27520
28626
26387
28246
26116
27035
21210
23372
26314
27076
21253
26101
26833
22539
29673
29707
26339
27474
21393
26963
28955
21935
23477
23620
23865
26279
27907
28910
26036
27014
22662
22874
25954
28765
23402
24999
23566
27251
29067
21689
28521
21040
24086
25659
26857
21156
26051
26249
23411
29084
25184
27626
27044
28116
28493
29612
21474
24573
24709
21242
21522
27325
21478
25330
26562
23318
26609
22006
24155
29000
28655
28927
26653
27460
22627
23308
27264
22037
25727
26383
22144
26228
28997
21780
25653
26443
21366
22239
28744
22112
25010
26890
21484
23946
27841
27150
28584
26793
27066
28466
23006
23348
27299
21095
25241
28140
21058
28795
29050
23678
24162
28979
26054
26720
26944
27624
21993
26916
28066
21324
24550
24636
21275
24493
27579
22698
23080
25612
24077
27294
28353
28071
21094
25807
25918
23369
25937
28813
29033
28110
28565
23608
24892
26662
27518
27849
25918
27245
21159
25922
26735
22488
23476
27956
23984
25571
28773
25162
26656
22653
26783
28558
27480
27742
22150
22531
25930
21059
25511
27855
25956
27920
29735
22240
26395
27263
24381
27132
24534
29775
21671
22821
24499
21187
21791
25303
25729
26647
27776
28129
21944
24709
24962
21357
28233
28340
28456
28954
26250
26802
24231
26487
26856
28943
28999
25835
26633
25292
27023
27999
24177
27891
28422
21132
27181
28792
23339
24370
24920
27440
27843
21842
23771
25201
27031
27289
21226
27082
28704
21098
24740
27817
29077
29092
24954
28182
21757
24645
27166
21406
24860
25388
27635
29008
29643
22197
25744
26314
25089
27820
27110
27359
27213
27942
21245
23629
28346
21412
22268
27989
22413
22977
26098
25798
26454
21544
24715
26049
23660
25504
26531
26690
26792
26934
22117
23068
25362
21535
27178
23104
27375
27747
26398
26986
25503
26865
25737
28579
21307
26491
26984
22022
23048
26437
22580
28080
28940
26386
27246
21658
23981
24810
26951
27112
22926
28444
28522
21457
21461
23263
27937
22868
26410
27070
21199
23050
26636
24383
25440
27622
23690
25804
26233
23677
24082
24495
24138
25132
28493
21257
28047
28170
21914
26011
27097
23779
28005
28078
28229
28264
21965
23697
26364
22805
23202
26530
22337
22994
29653
25755
28176
21374
27497
28700
29066
29158
26325
26523
28624
28848
24654
24667
24995
22699
23037
26481
21494
28375
28384
27677
28822
26584
26718
25469
27902
24256
27164
26416
27833
29554
27767
28473
28749
23292
27206
22536
25644
21557
28676
28727
21420
28347
28856
21262
27676
28853
28441
28710
21507
23789
29061
21460
22939
26528
21161
28129
28516
25992
27379
28803
21244
27978
28663
21191
25852
26824
21237
22268
24085
21708
22493
25822
28509
28761
22122
27326
29031
24679
27418
25045
25607
25793
25227
26222
26429
28500
22058
24472
26781
22747
25950
27934
28466
28578
27659
28582
27275
28052
26933
27295
25152
26099
27622
22478
25417
25838
22211
23130
26377
21821
27534
29047
26938
27060
27585
28229
24507
26893
25842
26096
21751
24573
25773
22429
25512
27817
22131
25572
27035
21353
28619
28758
22305
28075
28690
21867
22272
22463
25378
26863
27703
24201
26681
28198
28938
22386
22616
25464
25112
26915
21718
23894
25554
24202
25478
28619
29012
21293
24258
25482
24331
24358
21430
21847
27231
24936
26849
26232
26259
27256
27344
21205
21830
21770
26899
28276
26181
27628
23289
28212
21621
23250
26791
25680
28446
28575
22105
23042
29778
27238
27487
24719
25277
25769
23108
23363
27452
26892
24678
26269
22307
26950
28296
23611
26324
27305
28342
21554
26315
26394
21398
27252
21289
24340
26002
25467
26544
26871
26916
22064
28234
21573
25706
26254
23636
27165
27354
25457
27667
24281
26307
22284
23443
26063
22147
22175
29806
21892
27947
28992
21614
27565
27900
26994
29813
29843
23605
26947
22353
27876
28844
21826
27455
27612
26672
28583
29644
26283
27342
27481
27547
28097
28831
22609
25266
29048
27061
29039
27832
29032
27079
27401
22239
25207
28799
21298
25732
25906
25705
26995
22930
26588
27260
27440
28123
25311
26966
21727
24083
24279
26091
28222
22621
28235
29712
26350
26071
27182
27904
28215
22282
26517
26881
27559
26391
26558
26586
27063
25256
26483
26349
26446
28516
28833
23823
25465
26320
24932
26165
21375
27957
26022
27329
23193
28448
28837
28239
28868
25960
28814
22789
28460
29770
23863
24405
21792
24669
25720
26965
29161
27277
27598
24663
26615
27057
28512
23304
23769
25616
23676
27227
28171
26807
27101
26846
29646
29749
23472
24962
23362
24688
29734
21317
26528
29736
22230
22884
26819
25979
27425
26747
26989
21607
26185
28391
22934
28266
28893
23508
23682
27523
27146
28916
28987
27403
27640
27141
27716
28378
29566
22244
23251
27903
22372
27388
23556
27544
27573
26568
24244
27633
23232
25000
25005
21817
27835
28855
23831
26449
25815
26279
26583
24352
26469
26899
27257
24730
26607
24708
25483
26618
22018
24493
28572
21941
25202
25328
27346
25656
25696
22146
26230
26889
27356
28480
25906
26632
25888
26409
27405
25528
26946
21737
22561
22119
22120
24865
26294
26359
25696
26428
25590
26257
26997
23981
26278
23693
26659
24860
26545
24760
27103
26936
27556
25090
26284
21354
23917
24173
23004
26368
27689
28460
29653
23914
26487
27409
23792
28020
28734
22057
27663
28194
23262
26777
21962
25098
28119
22997
28552
28717
22010
24738
25202
26379
26994
21784
26074
27590
23399
26703
27724
23462
27762
21455
27374
28365
22296
27680
28245
27544
27573
24732
26885
28044
28904
27070
29073
27537
28772
28912
21686
29643
24127
27488
28428
23787
26872
28186
21956
26583
27408
23744
27005
22946
26821
21801
22065
29542
23597
24736
26525
26743
28871
22032
23260
26389
25755
26824
27256
24821
27248
26670
27838
27874
25610
26395
26701
21459
24734
27500
23734
24722
25148
22697
24601
27168
27194
27234
23830
28929
29125
21977
23067
24967
27255
28605
26306
27610
28195
23918
25563
25856
23816
28332
28746
27227
28171
29172
21839
22675
24946
28062
28339
28667
22323
24424
27179
27910
28879
27300
28811
21673
23990
24176
22226
26129
28006
27251
28710
24046
26821
28462
28517
28802
21381
28134
28595
21682
26747
27049
27889
26133
26153
23607
26116
26919
23947
26023
27770
25453
27349
24737
28303
25001
26605
28025
28676
26014
27393
27509
23863
25478
27476
25539
26372
22225
27493
28922
21879
24844
25311
26285
26715
26796
22195
28716
29074
26735
27568
21446
28506
29682
25592
28063
28451
28805
28951
26758
28210
25742
27738
28048
27565
27900
29711
21928
24655
24932
26429
26744
27096
24826
22175
23742
27654
29807
23303
26652
26716
22955
24875
29787
25103
26831
21850
25635
26648
22872
28470
28967
26965
29132
24872
25798
21627
22599
25555
27132
27188
28795
25186
27085
28484
28504
28718
21460
22740
29771
27555
25620
26405
26569
25237
26985
28480
26517
28346
28759
26114
26371
26749
24420
26718
27056
23765
26900
27017
22147
24974
29806
28853
28962
25664
27187
27988
28918
27924
28467
28542
27053
28565
21466
26083
27602
23144
24176
24780
23453
26787
27154
25072
25291
28455
29046
29842
28290
28376
23429
25049
26149
26527
28648
23660
24193
24838
25379
25387
25779
28937
29057
25198
26640
23736
24949
28056
21662
23071
28049
28004
28260
26387
27753
28246
27369
27845
28918
26922
28426
28617
22360
22914
24605
25162
27536
29002
27181
28794
21835
23912
25129
26213
22474
25900
28585
21684
22674
29701
25185
26022
27138
22024
28905
29760
23744
23760
27609
22069
24937
27006
24405
25352
25934
28290
28144
28166
21753
28322
25487
27861
22086
24302
23635
27109
27489
29699
25934
27022
27498
21519
27995
28916
26875
27464
22070
23349
24919
25037
27655
23455
25625
26389
22846
25580
27006
23241
26241
21530
27081
29876
24445
25979
27793
22043
27694
29122
25484
26842
28179
22845
26473
26550
27462
21584
25175
27453
22218
22861
24189
22465
25625
21529
25791
27938
23776
26161
29671
21482
25502
25847
22802
27397
23174
27244
28684
27869
28487
24286
27091
27219
21882
24441
25059
25314
28083
28263
25652
25784
29660
26599
27741
21847
25831
21870
24811
25479
26590
26652
29039
25326
26971
28439
26436
29121
23865
27804
28321
26034
27493
28620
25585
25629
23139
23823
29740
21538
22203
27666
25749
27452
28266
25623
26170
27323
21535
27268
28598
25263
27379
28926
23976
25298
23269
28918
29600
25236
27563
25565
27216
24553
29813
29844
28094
29000
29694
24717
25525
25717
21843
23849
25270
21972
22059
22332
26029
28291
21545
25359
26039
24039
28519
24532
27048
26023
27473
28379
28559
28975
23425
27735
26047
26183
28470
27353
28216
28119
28741
27776
28130
29590
28737
28858
29632
24463
25803
27157
24018
27523
28015
24910
28805
28951
25089
26391
27551
26957
27902
23299
28057
24215
27319
27763
22340
26458
23578
26367
25301
27450
25818
27221
21809
22445
24459
26981
28354
28992
28449
29066
25387
27785
29051
22326
25637
29813
24004
25791
26957
22049
24366
25774
27851
28531
25447
26189
28066
25257
25819
26172
26598
26809
27368
27731
28127
23529
26816
28092
22150
24905
24484
25301
27396
25157
27054
25031
26619
23290
26548
26497
28879
25726
27611
26950
28335
25469
26469
28045
22739
26223
25535
27012
27234
28758
29163
24221
25820
21735
22118
25040
26624
27120
27174
24405
24798
25600
28181
28804
23719
27096
27850
21748
24509
28186
21909
23407
24720
26191
26699
27747
24533
27196
24370
29043
29832
25187
25917
26076
27074
27833
21996
23990
25351
23936
24305
24744
23563
24066
28083
26732
28655
29820
25114
26740
24882
25819
25521
26608
29077
29128
28362
28920
28961
24440
27582
26706
27015
28003
22002
23818
24615
25453
25894
27387
27308
28593
26744
27657
27306
28285
23874
28829
29695
23283
26357
29696
28075
28144
25928
28098
28701
24761
28513
23709
26400
28069
28994
29624
23403
29614
29624
26566
26873
25921
28291
29171
22208
22613
23537
25471
25014
26433
29128
22389
23928
25097
21696
23178
27579
27761
27988
28923
29810
23231
26642
26575
26839
21736
27426
28930
23198
25766
28575
28070
29018
26186
28547
29859
27305
28342
26846
28953
29749
23727
26080
22021
28020
28734
25310
27931
22092
25239
25640
22198
24748
25342
26370
27271
26264
26536
28841
24649
26256
26415
25018
25585
26367
23494
23963
28348
21827
24115
24460
25591
26558
25288
26464
26767
28523
28730
29713
23502
26038
26639
21696
27986
29662
25892
27313
28318
26789
26962
28639
26656
26895
28097
24029
26373
27608
23535
26691
24118
28706
22001
24040
24745
24617
26294
27240
26730
27632
21759
25190
27304
23804
24048
27857
25668
26553
27386
27703
28036
25501
25820
27078
24275
28114
24468
26380
27111
21788
25748
27838
28137
29281
25746
28488
22936
25297
25800
28329
28657
25752
27653
21820
23553
23879
25048
28265
28627
22129
25509
27820
28277
28456
28954
23784
25807
28768
28949
24544
26372
26483
24234
27039
22969
27831
24446
24461
27985
22489
24477
29262
26140
27713
28815
24005
24564
27864
24031
24202
26200
24014
29696
24574
24884
26972
24794
26505
24065
27665
24577
25065
27761
23450
26154
22227
23582
24844
25629
26208
27039
23204
25238
26795
25109
25612
27749
25099
26213
28810
24511
25031
27570
22588
23778
26041
23868
24214
25822
27360
27585
22676
26893
23889
23930
29700
25067
26553
26608
23119
26499
29642
23533
24351
27515
24031
26998
21828
27990
24306
25343
26971
22658
25701
27281
24879
26148
26407
26573
28736
22135
22710
23960
21860
28112
28320
29663
29755
26052
27423
27457
22172
26177
21996
24006
25354
23679
26172
24174
26071
26896
23900
26737
27009
22416
27558
29861
28833
28944
29606
23078
27524
28689
26212
27849
29050
25193
25295
26031
22969
26103
21712
24069
26806
25062
28492
28605
24435
25726
26988
24563
24669
22297
27544
27900
25880
26654
29670
23397
24682
25955
25579
27808
28755
25219
25314
28263
27771
28013
24221
25527
27317
25858
27496
23300
26095
24723
26128
27700
23922
24884
26150
24610
25705
27021
23165
25587
26974
23532
27930
28533
22570
29848
22539
24393
27529
29672
23650
27665
22130
24984
25829
28812
28933
29585
21926
28121
28659
21895
25613
22233
27573
29393
24122
25293
23215
27524
27351
24546
24794
27296
24070
28121
28749
21872
26158
27635
22088
22165
28026
26236
27844
28291
26366
26640
27712
23785
23921
25303
24541
24926
25786
25107
26452
26021
27513
27568
26872
27149
24536
26566
27239
22734
22833
23507
23144
25066
21808
24531
25302
26101
26184
24341
26232
26605
21849
23139
26630
25542
25836
27140
22992
27202
28055
29045
29132
27905
25171
28482
28580
22102
24928
27763
25345
27936
24115
25994
24327
25203
25432
25556
27426
28930
25006
27804
22228
22736
28128
22638
27592
28971
25379
25947
27910
26897
27218
22299
26676
23465
27261
27680
28502
28942
24832
25186
27180
22343
29024
29089
24048
25385
22698
23610
24268
24587
26259
26740
24931
25273
26819
26484
27669
24480
25907
26195
24223
24453
24408
25752
27135
24119
28696
25145
27407
24402
26523
27834
25986
26112
26865
24488
24915
25129
27381
25561
26539
27286
23921
27358
21944
24780
22250
26915
24541
25623
22480
28316
29438
23826
26720
26802
24635
24681
26975
22008
25788
27208
25245
27574
28156
24530
26140
27649
22555
26034
28786
28233
28340
29092
21823
26127
28701
28747
24186
24295
28466
27438
27580
25147
27293
22379
26124
23066
27196
25194
27051
27733
24702
25112
26711
23589
27464
27731
26479
27675
28955
27623
28711
29562
24095
24871
25255
28867
25746
26758
28955
28673
29090
24327
25245
23671
24302
24734
25963
26214
28000
28464
24387
26219
29705
23634
25405
22453
29693
24147
26325
26849
28601
28663
24007
24872
27704
25914
29673
29707
25414
26527
25210
27303
28348
25325
25379
25477
23771
26434
24398
25535
27040
24009
29683
27214
28735
28841
23472
23945
24563
28345
28865
28874
24868
27329
23528
28820
29254
25020
27602
27655
24205
25732
25225
25787
24416
25252
27836
27672
27783
28490
28629
29234
26665
23040
26946
25154
29724
22890
27540
22495
23073
26975
23325
24465
28348
21855
25413
27870
24650
27251
27698
25454
26604
23366
24674
26686
25537
26489
27177
22004
27324
29665
26245
27239
26962
28887
24080
26485
26932
27834
21875
25382
25767
25851
26409
25286
26408
28024
25325
25628
27748
23005
27248
25069
27449
27690
22820
29831
22823
26277
22358
22501
22999
23553
28102
23345
27353
28127
23946
27167
28487
23020
27022
23758
27045
27079
25683
27546
22276
25482
27264
23818
26614
23132
28438
28685
22111
25550
26240
26516
28323
25258
25779
29272
23081
24158
26928
28080
28673
21957
25011
23738
26601
28436
23404
23421
22396
23218
25626
27094
27299
28278
24112
26881
27762
26289
27561
23986
24600
26530
22326
22830
25837
25660
24843
25692
28492
28509
23675
24854
26498
25244
28334
28643
24882
25053
26095
27988
28918
29601
25575
27005
22611
22852
23576
26705
28942
22051
28376
29101
24285
26857
27571
23992
26222
26249
22221
24069
25138
25718
27873
28449
23042
26028
22666
27760
29620
22978
26163
25119
28943
22503
26621
28092
23980
25017
26651
23509
27177
24813
25876
27747
23715
23788
24738
25712
29094
29764
26775
28450
23699
24273
28021
25938
27411
28731
24136
27101
27246
25940
26489
28323
28754
24699
27462
27784
25447
25924
23022
23339
29781
27328
28130
24374
25164
26048
22942
26425
22773
24429
29715
26168
27333
28639
24807
28060
26366
27938
26188
28873
29109
23213
25933
26925
26322
27496
27546
25520
28685
28913
25580
26596
26855
28070
28850
23772
25200
26546
23974
26030
24241
27334
26373
27318
23041
26979
29829
24158
27037
28035
26737
27543
28575
28065
28423
29667
22410
23025
25999
24507
24658
27472
24690
25256
26691
25055
26550
27054
23530
27112
27624
25815
28288
23892
24107
24126
26548
22531
25028
25200
27658
23928
26853
28041
28183
24064
24231
27483
25124
28098
28773
22861
25761
26520
28048
29048
23812
26467
26486
22188
27441
28814
24219
24244
27864
25344
25668
26514
26175
28831
23840
24374
26914
25781
26515
29714
23777
23899
27749
25852
28272
28784
22544
26457
22389
29776
22031
24205
24228
24496
26284
27407
27694
29122
29679
24327
24445
23641
25460
26063
22224
22766
24921
22282
23972
26812
27435
27953
28684
24113
24571
28979
25191
26074
28696
25104
27838
29341
24993
26446
27163
22014
28431
28690
28812
22264
28115
28745
27302
28027
24833
26340
26646
24473
26751
24731
22524
24956
27328
23546
26858
27014
26832
27413
24363
24440
25175
23467
27459
22852
25589
24785
24916
25509
27593
29664
24723
25986
24753
28107
22414
27516
26311
27088
24924
26859
23715
27471
27721
27784
22595
28149
28342
23942
24375
27406
22448
25367
28398
24737
28303
28380
23829
24722
25148
24914
27414
27289
27899
23387
26938
26944
23377
25407
28755
27767
28473
24598
27080
23166
23467
24040
27506
28861
23697
26423
23248
28276
24543
25528
26611
25518
27517
29103
22121
22187
27139
29659
24202
27168
24278
24336
24880
27696
25827
27867
23586
24951
27413
22335
24626
27469
24349
27424
28191
28332
28746
25514
27223
27314
23866
24889
25436
25539
25566
26177
24338
26054
26659
28299
28320
28887
28402
28648
25788
28539
29690
23446
26868
26936
22267
23092
24305
24091
27190
27718
27684
27726
24278
25656
22321
28020
28171
28532
29117
24742
29077
29092
23639
26786
26986
28729
29834
24257
25103
26297
22333
23301
23684
28625
29028
23678
27162
23721
24374
22572
26174
23961
24392
27777
22809
22952
27161
23438
23916
26582
28600
22555
22580
25802
27048
27438
28005
22590
27393
29710
25872
27025
28122
23291
25772
22713
24651
25415
23396
26514
23533
24260
24576
22149
23307
29798
24188
24931
27004
23481
26810
27148
24265
26250
26885
22337
24052
25073
22643
23378
29803
23342
23551
25555
26491
27029
23920
28060
23857
24533
25758
22511
23373
24792
29448
29637
29730
22654
22750
23901
24381
27518
25678
25683
27103
23024
29710
22247
24862
25426
23311
27095
28593
24011
27244
28684
22988
25312
22169
28414
29110
22123
27647
27724
22329
23544
27647
23679
24749
25983
23749
24914
26679
23976
25265
26859
25503
25976
26811
22508
26128
24888
28206
28887
26079
27319
24126
24816
26820
22908
23417
29739
23301
25388
25514
27120
25106
25298
25937
25340
27891
28422
22329
28039
29747
24042
25493
27912
23794
26253
22989
25762
22417
22726
23010
25518
26417
27028
27038
26276
26490
26704
22919
24015
26799
22410
25437
22512
27293
26512
27446
25703
26261
22632
29658
27374
28532
26537
27360
24464
28812
28933
25946
26791
27271
27171
27292
28702
22209
23235
23849
22574
24627
25489
24916
28437
27311
24724
26793
26955
27684
27832
25271
29647
29875
23721
24821
25003
24455
27310
25419
27414
22614
23185
24946
24859
26131
28465
27455
27737
22405
24421
27400
25488
27577
28274
29121
29688
27025
27821
27513
29011
22923
23832
28755
25787
27481
22504
26508
23678
24342
26781
23637
23664
24965
23433
23701
27523
22601
23883
25576
27422
28530
25824
28414
29110
24489
25249
27740
23752
26831
24252
26386
27617
24137
25385
23574
27229
27357
24833
26624
27598
28711
28777
23512
25413
25783
25704
27721
28212
26399
27841
27869
25381
26266
24074
26875
27029
24001
24255
27424
23133
27433
27522
28741
29131
24971
25459
29000
23128
27137
27586
23034
25423
22241
23131
27144
25366
28939
26976
26276
26854
29681
23438
26450
23343
25187
26254
26760
28832
29449
22223
27121
22490
25733
22436
24985
26686
25195
25808
27429
22419
25622
29208
27741
27920
29735
24769
25360
27985
22336
24294
25341
24391
25861
22649
27330
27753
22646
22819
23148
22293
23344
24967
23305
24502
26098
23386
27019
24057
25487
27376
28904
28986
23919
29879
28457
28585
22655
24248
29779
25645
26650
27134
22910
27757
27774
24624
24679
27667
22420
22541
22573
27106
28358
28700
22738
24481
27226
27337
28813
22332
23721
23883
22630
25744
26878
23882
22600
25097
23578
24791
26182
23944
27318
27894
28308
28791
25523
26460
28890
24642
27381
27758
28616
24575
25138
29744
26408
28496
22585
24810
24243
28075
28690
22246
22702
24838
22980
27270
27098
27542
29153
23337
26521
25976
25977
26013
27033
27678
25549
26512
26211
28935
24519
26945
22301
26505
24289
27550
28098
24635
25291
27165
27227
22257
27616
28478
22523
23517
25100
24218
24753
29000
23859
24039
26604
28166
26348
26610
25610
28437
24131
26929
25584
25974
27070
26244
28295
29847
25885
28522
22888
26840
28749
23784
24078
23277
26935
24081
27998
28260
24196
26094
26681
22745
24816
23190
23793
26465
24438
26106
26140
22262
22701
22903
23257
23653
26108
23891
26443
26484
25266
28293
29048
26324
27622
27187
28219
28768
23275
23582
29769
23070
28432
29078
22612
22782
22870
22951
24235
26679
22480
23393
29616
26814
28811
24982
25001
26425
24134
25105
27606
23454
23970
25206
24513
27641
26978
27936
29034
23632
27977
28262
24234
24921
26025
23053
23696
22906
28236
24846
25827
25929
24426
25838
25933
23455
23483
22783
25501
22313
25786
25875
27679
23734
23773
25238
26905
28477
24090
26949
23008
27662
27913
25460
27723
23728
27037
28360
27051
28107
25642
27945
29017
26782
27926
22453
25423
26932
22374
22848
23932
28419
29045
29132
23692
24663
26493
22660
23018
23903
22668
26323
24473
24731
25479
24453
27657
27305
27354
25316
27542
28878
25942
26882
24375
25945
23517
23857
25121
28226
28993
24887
26937
27963
28680
23474
26826
26871
29098
29145
27593
27649
29664
26244
28253
23614
24598
26437
26610
28385
29177
25880
27091
22831
27308
28593
22746
26733
29687
22430
24749
22889
24781
27866
22391
23567
24322
25910
27073
28199
25863
27657
28245
22393
27560
24817
25212
27077
24355
26481
29669
27767
29367
22408
22725
22813
24593
26217
23988
24766
27515
25673
26653
27637
22878
29812
23973
28046
28079
23285
24364
25131
23619
29746
23087
24326
27718
27844
27949
28567
27085
23341
24007
27421
27868
22860
24416
22581
24575
26894
23150
23803
26377
25114
25156
26392
24828
27828
25570
27277
28880
24075
26175
28016
28793
29181
23420
27338
27674
22908
25346
28395
26131
28225
28278
27668
28375
23940
26556
27843
23009
27308
28505
23224
25366
27492
22655
22870
22993
22996
23358
23512
28452
28946
25910
25941
26601
23536
28412
28689
23052
27370
27699
25147
25192
27273
22735
22911
29825
28145
28325
23987
27658
28581
28829
29147
23091
28129
28516
22513
26227
27457
28214
28956
29095
24000
27295
27673
28611
28975
24685
24802
27857
22478
25838
26291
22502
22776
23090
24306
26689
28329
24114
25016
27763
26942
23977
25987
26219
23349
23910
24773
25004
27060
28445
26664
27664
28053
27879
28848
24910
25584
25682
26823
27341
23278
24512
25950
25940
26305
27957
24784
25991
26746
22945
27003
27434
24298
27167
28232
25249
27080
22403
24581
25324
22434
25658
28545
25689
25718
27322
26683
29777
23145
26087
24937
26209
28141
29042
29884
24329
26910
25234
25672
27606
22397
22985
23666
29714
22731
22970
25252
27323
22946
23696
26309
26721
28384
29121
23869
26795
27722
23040
24360
27207
26393
28240
28987
23591
26378
22695
26411
26804
26246
26318
27063
22721
23382
25075
27419
28320
26382
23186
24166
26437
23541
27172
27257
24502
27723
23439
27372
25212
26636
23492
28877
22422
22743
22647
24875
28086
22575
25984
29072
24589
27425
23735
23946
25312
22726
23271
27153
27980
24764
28455
29728
24672
26783
28843
23801
29144
29371
24019
27255
28006
26501
27769
28502
27644
28699
24827
25608
22454
26535
27020
27840
22905
23987
24605
22579
22917
23114
25559
29005
29156
26877
27082
27342
24674
28176
23844
24109
27483
25109
27310
22915
24162
29790
22911
23409
24787
24770
27680
23116
24013
25115
25396
27861
27942
28227
23149
23692
24477
26466
29403
26704
28402
29122
25081
29152
23039
27117
27434
27294
27617
27656
27930
28101
23409
23845
25588
29692
27300
28744
26477
27911
28599
22697
23185
23772
23172
24499
23326
26016
24474
28324
28789
23538
26883
23993
24347
26746
25998
26485
26813
22705
23696
26072
27663
29095
24222
25259
22505
22597
22790
24803
27194
27768
28619
22600
23344
23391
23814
27181
28792
22898
23794
25550
23602
26872
27149
25816
27695
28312
23365
28044
28904
28123
29064
25813
26435
28021
23107
24238
27273
28252
28862
29578
27332
22964
23302
23893
28728
29015
29892
23125
26416
27775
28373
24010
24409
29781
24892
25667
29023
23099
24229
27718
25970
28509
28761
23555
28462
25977
28551
23332
27297
23835
24883
22931
24534
29774
24558
27777
27808
23868
27519
24022
27016
28418
25854
26419
23795
26079
27319
25953
28530
28584
24184
25376
28038
24714
28928
29835
26289
27128
28992
22911
25806
23067
25464
26816
27588
26075
26430
23567
24748
27274
28311
28934
25231
25506
26799
22510
24791
27288
27361
24052
27795
25983
24122
24337
27423
27848
28000
28397
28637
23294
28734
28746
25233
26401
27287
22864
22988
25239
25903
28532
29117
27372
28884
28963
28587
28838
29423
23523
28080
28940
23577
24418
27406
22684
23405
23936
28538
22966
25191
26017
28388
28781
29529
22881
28467
22639
24296
24161
24378
27733
24039
27262
27404
24025
25115
26672
27207
25991
27735
25853
28206
28689
27272
27580
24520
24698
25322
25844
28736
24864
25174
26435
28959
24568
26036
27334
23305
23992
24733
28852
29157
22758
27255
28605
23253
24398
23509
25337
26127
26721
27436
27627
22552
26619
22622
23675
23911
22628
27095
27699
28387
28999
23937
28717
28736
24512
25192
25041
25692
27401
23172
24815
27077
22625
28709
28920
23141
23996
25804
23893
27058
27203
28220
28623
29070
23325
27037
26705
27823
23732
25727
28216
22825
24211
23215
24377
27524
29872
23203
23960
24455
22971
27062
27370
23149
23620
24807
23824
26632
26951
22676
23754
25975
24083
28788
24139
26687
27747
23490
26059
23367
26763
25601
26878
24580
25812
23017
24190
27770
25521
26153
27661
23346
28492
28509
24152
27160
22625
22998
25936
29741
23371
24983
26529
23103
23388
26530
27156
27923
28982
23485
23959
24092
23090
23177
23576
22629
25052
25524
23748
29766
23733
24818
28466
26014
28798
23314
27738
29430
23722
28718
28225
28278
23657
28833
28944
27565
29361
23313
27046
27210
23194
23615
22790
23562
24919
23342
27373
25684
26117
22798
22933
23571
27247
27672
23652
23819
25637
23746
25404
27796
28871
28889
29721
22679
27859
22987
25239
25640
28792
28882
27214
28841
22817
28471
22771
24460
22721
22748
22866
25866
26497
22675
23988
25497
26807
28131
22750
25201
22846
29687
29840
25858
26082
26883
26759
27580
28420
24570
25545
27400
23287
27536
23124
25293
25972
27184
27544
27900
23060
28620
26700
28303
23484
27915
27731
28127
27287
28013
28128
24345
27145
28231
23780
25230
27133
29723
29727
23880
25135
26873
23752
25274
26788
22723
24320
26820
22984
23544
23619
27075
27945
29017
22991
23604
23441
25653
26443
23062
23550
25156
26996
28458
29772
23562
24992
22807
26419
26975
22960
23866
28163
22692
27450
23652
26889
24874
24936
26423
25315
27486
26780
27726
28606
26188
27113
28806
23430
24509
28041
28414
23085
24228
29778
26943
29212
29665
27960
28202
29902
26649
27200
27564
28012
29890
23177
29768
23405
24990
27296
27274
24181
26044
26795
26281
26775
28154
23998
25488
27534
28703
23134
28149
28360
24421
24918
23580
23783
23796
24098
24217
25049
25398
25598
26814
28115
24839
28505
28659
24191
25110
26511
25133
29843
26461
24817
24451
28453
29004
26041
27642
28256
25253
26346
23002
24593
27461
23947
27596
23221
25851
25881
23273
23521
26546
25229
27714
28110
28565
22783
26059
26422
23835
24642
24792
25538
29244
29873
24337
25961
29676
27891
28810
23157
25550
26240
23803
23891
23187
27181
28794
23997
28655
28927
23404
23421
22867
23211
27877
24576
25695
23468
28222
24097
27272
22849
23109
24819
25558
26010
24564
27160
23082
24940
28137
24347
23154
26941
28181
23075
28347
28823
22740
25811
26364
23215
25905
26552
29872
23854
24609
26543
22821
23053
24065
26107
28639
29030
23077
25495
22731
24030
25604
23061
25647
26581
22771
22812
22813
24215
24217
26381
22864
22914
24235
22862
27210
27586
24446
26763
22725
22851
24068
28100
28883
22822
25046
22794
22865
24949
27447
22812
23418
25363
26313
28470
24668
25157
26434
27219
27488
23958
24953
26307
22985
28709
28920
29678
23306
26065
26075
23026
27611
23141
23581
23392
25141
26961
27286
28968
24035
25771
24356
24827
23635
25199
26226
26829
28309
24067
26147
26545
24444
25975
28270
29443
29638
23461
25604
26471
29686
23278
26662
22753
22851
23871
26621
28092
24101
24783
24760
26163
26817
28247
28754
29830
22848
23415
23774
25818
28022
29106
23060
28080
28673
28188
28677
29059
25372
27640
28442
27087
27686
23041
26293
27630
29828
24140
24462
27609
26861
27105
28764
23178
24759
25740
29755
23747
23762
27135
26301
27326
25488
27711
27898
24656
26458
25865
26622
28791
25514
27002
27193
27213
27942
23924
28219
23825
24034
28611
28975
29689
23268
23518
29722
22837
27280
27674
23168
25541
27514
22922
22975
23520
25339
25985
23853
24847
27396
22789
26182
23833
24999
29125
24384
25671
26567
22866
22993
24926
23577
26349
27645
28267
26013
28922
29140
24657
26687
29094
23534
26571
27302
24987
25232
23194
25800
27612
23322
25411
25556
28299
22924
24694
25893
28038
22938
27592
29017
23468
24609
26481
24385
25396
25723
27740
27235
28227
28512
24249
27399
28177
28537
23943
26988
29668
24292
25206
25260
23103
27192
22996
24754
27717
26260
28021
26403
28566
29386
25462
27512
23279
26510
27412
23724
26579
27245
23341
22922
23295
24924
25829
27011
23072
25054
25670
24432
26248
26302
27525
26300
26496
26779
23504
24217
24650
23129
27349
24806
29830
23754
23477
24551
25043
23143
26637
27062
23131
24978
23092
24588
25206
23770
25706
26254
23290
23720
26394
25243
26400
26933
22878
25280
25759
27353
28216
23915
25134
28122
23100
27653
25353
27236
27399
25072
25231
23092
25068
29788
26571
27003
26060
28449
29066
23782
27975
28136
26531
26690
29794
24036
28056
28087
28945
24051
24532
27387
25545
28267
27952
28528
28864
24906
25707
25753
29839
24799
25086
28362
24336
24239
27261
23286
23827
28503
23085
25150
25694
23121
23152
24064
25231
27877
23093
25333
28889
24087
24772
28626
23396
25405
26137
25224
25871
26245
28922
29140
25527
24771
24778
26708
27117
25233
26654
24605
22924
22932
23415
25054
25670
25584
27408
26164
26615
23684
23080
24481
25695
26047
28028
23265
23875
26440
24740
27178
26266
28302
28720
23055
23964
26465
23176
27809
27871
26596
26766
28269
28687
24505
25770
28523
25609
25840
26736
27737
28116
25911
28347
28856
23857
24480
27390
28757
29133
24412
27812
29109
23501
23766
26098
26383
28473
25577
28051
26648
26757
23723
24448
27452
24322
24992
29840
23353
26219
26326
27478
28678
23516
25770
23055
25813
26005
26852
24296
24630
26855
23100
23507
23199
27670
27676
28511
28681
23275
24812
29799
28347
28823
23109
23142
25281
25651
27556
22917
24152
26480
26492
26838
26017
26870
27860
24758
29738
24332
27215
28239
27806
27863
24120
27081
28131
22993
23194
23932
27182
23424
23647
23708
26816
27588
23343
22956
23813
26090
23122
27002
23759
26018
28540
24684
24732
26028
23901
25407
27566
22934
23089
26669
27131
29752
24424
26318
23642
27223
27314
22982
24825
26812
25621
26186
27748
27839
28971
23959
24429
22934
23736
25749
23011
24385
25939
27831
28049
27315
27444
27254
27873
29014
29137
29867
23031
23595
26193
23436
26533
29050
23629
25825
23370
24684
24849
28379
28644
24491
28508
26826
27137
24784
24255
25917
25068
26511
29797
24269
25949
26278
23050
24013
27238
23418
23684
27024
27201
27212
25852
27192
23629
24423
28346
25944
26141
27026
25419
27702
28806
25904
27703
28591
24353
27076
27599
23690
28695
23561
23693
24793
26595
23665
24344
24543
25997
24623
24833
25854
26417
26696
23122
23876
26799
24142
25021
27570
23812
24943
23569
25758
26875
27464
23102
27972
28179
24299
26016
28650
27159
28403
28669
23090
23295
24909
26934
27280
23766
27669
25548
26092
25262
25275
25484
29037
26412
26509
24923
28424
28469
23000
24489
24146
26612
28134
27638
28329
23272
25849
27019
28033
24152
27160
23749
23949
24428
23731
24996
23579
24296
24751
28674
23615
25073
26547
29773
24698
24843
29692
24346
28059
23604
24271
23113
29740
23141
25420
26584
24153
27776
28130
24956
25553
23543
24145
25000
25632
28988
23053
24444
27094
28304
24197
26384
27501
24279
28296
28247
28445
24768
27040
24425
27180
25065
26161
23188
25262
26906
23663
26924
27087
23466
25738
26347
24763
24989
28979
23159
24600
23177
24187
27444
28601
25745
26776
27232
24155
25240
27223
28022
29106
23273
25706
26266
29709
23068
24268
23203
24355
25840
28145
28357
26058
27418
27427
23654
26428
26637
24032
24942
28035
24837
28399
29023
29109
24591
28702
29733
24842
29759
24149
26269
27589
26078
26089
23209
23905
29669
23503
25581
29846
27338
27673
24815
29751
24316
24638
25890
28607
26910
27521
27581
23588
24231
26253
23554
26633
26708
23048
23762
23186
23413
25526
26270
28604
24360
26730
28794
28823
26944
27624
25204
26479
28070
25649
23221
25064
24169
25128
26791
24209
26655
28044
25048
26704
27327
27835
25958
26537
27661
23543
25000
24219
25640
24157
24400
27476
23149
24030
24407
24434
23610
23899
26240
29418
29492
23621
26486
27528
23367
26763
24681
27765
26554
26599
29094
27676
28853
23759
25227
23378
28475
27426
28206
24274
25781
28261
24035
24929
28035
24858
25968
28162
25070
28120
28339
26083
26252
27602
23382
23989
25211
27097
28943
25649
26465
23535
24987
26275
28893
29157
24187
27422
28530
24853
23430
24509
23604
28717
29018
25228
26647
27559
27165
27227
27305
27354
24934
27432
29737
27173
27190
24166
23713
26808
28266
25262
25406
24349
24813
26928
24088
28400
28472
28069
28994
29644
23809
29676
26808
28266
24562
25902
28775
25154
26531
23248
24477
26466
23351
24417
23714
27473
23363
26439
28773
24154
27477
24756
27491
28425
25557
27422
27931
23419
28802
25401
25600
27577
23941
27409
25194
24109
27821
23675
24896
26594
29554
23525
27173
27190
25529
27023
27999
26810
26858
23641
23916
23150
26027
24211
28681
28856
26786
26868
25193
27616
25171
26501
27355
23499
23927
27240
27662
28727
23384
27440
28123
28084
28447
25496
28308
28885
26344
23558
26896
26951
27112
24497
25408
23406
23993
23368
24501
26601
23897
27874
29043
23641
23891
23853
23250
25653
23158
25222
25567
28675
27247
27433
23224
23691
24579
25193
25498
27375
24455
27310
23191
24064
23202
24410
28120
26414
28477
28642
23522
26129
28006
23710
26339
28621
23695
24171
28024
25805
28697
23277
24862
23243
23613
26063
27352
29774
23250
23929
27163
23188
28211
29052
29861
24319
24721
28579
23473
25085
25430
28184
27953
28126
24901
25049
26376
27806
28058
23631
27209
28001
28701
28747
23894
27917
28935
24419
24890
27472
23284
25909
27294
23647
23867
24487
25494
24646
26241
29657
24576
23762
27670
27677
29037
27033
27678
29054
23505
24983
24788
27712
24366
26984
24293
26854
23888
25747
27541
28939
23395
26595
25158
25184
26966
24704
28735
26965
29132
23459
25402
26920
26673
27468
28184
23704
24600
23507
23734
24899
24287
29228
29870
23776
25483
23536
26157
27683
23233
23486
26315
29668
23348
23452
24448
23501
25946
23586
29671
24098
24348
24426
25418
27793
29704
27383
27578
28040
28586
29025
29143
24363
24571
23452
27301
28356
24578
27044
27053
25473
23531
27882
28224
27819
28973
29562
24291
23949
25710
28004
24325
24509
28186
27639
28464
29047
24293
26854
24494
25901
27956
26903
28529
29886
23569
24610
23258
26995
27499
28484
23843
27682
27687
28421
23359
23664
24703
27436
27456
28589
27298
27583
28977
23469
24288
29151
23336
27851
28370
28944
29117
24656
25823
26830
28196
23443
24171
26748
27505
28325
23786
24150
26711
24378
26370
24415
25318
27218
24836
26869
25662
26409
27405
24169
24026
25319
26321
23338
23356
26166
26196
23271
25576
26879
27153
28624
24486
26315
26394
26203
29212
29665
26123
27596
23680
24702
23487
24716
23351
24893
29725
23333
27302
28027
25176
25830
27929
29698
24104
26216
27563
24181
26049
25136
25863
28435
24786
26609
27474
23485
24078
23471
27845
27803
27980
28634
25003
24676
27021
23927
24365
24769
25670
25845
29708
28438
28511
28681
24546
24142
27172
27522
25533
26398
28057
23515
27031
27520
23487
24263
28448
23288
29076
25224
29717
27011
26761
28750
26594
26061
28497
24806
25004
25274
24277
25390
25765
27795
26690
28110
26383
28473
23825
24466
27677
28822
26105
29098
29145
26162
27932
28488
26040
26992
23822
25340
24538
24637
24809
26498
26590
28288
23362
23677
23367
24998
25454
23464
23637
24979
23780
25502
23542
23616
29275
24281
25985
27311
26938
27060
25614
27114
28722
26147
27148
24859
27009
28679
26734
28151
23538
26346
26393
24975
27626
27863
25149
27276
23609
26454
27046
23798
25510
26992
24254
25236
27742
23389
23942
25512
26291
27644
28238
28691
29904
23728
29719
23487
23948
23672
25037
27655
23965
25955
28551
27233
28763
29158
24350
25456
29149
23861
25617
28154
24477
26319
26792
26934
24916
26327
27936
25279
26905
28147
27303
27566
25942
26734
23385
26303
29358
26923
29780
25888
26666
28353
23418
24310
24685
23714
24800
25170
27219
27488
27681
28010
23608
26085
28335
26083
25774
26669
26926
29853
29724
23356
23385
25595
29476
25227
26222
25594
28229
28264
25571
25743
26067
29495
24144
25133
29844
24754
24998
23637
25681
24333
26051
26249
24876
25391
27783
23500
23723
23984
24683
28487
29041
28716
28929
26123
27596
23967
24001
23559
26305
24476
29757
23505
24148
25467
25776
25167
26223
24330
27896
28108
23483
24417
25230
23379
23790
24224
24567
23961
26108
25415
29802
23442
24413
24201
24903
25761
25977
26251
27956
23901
28452
28844
29634
25900
26920
28208
29179
23763
27193
27721
27784
25187
25917
24123
27608
24189
24771
25541
23435
25684
29798
26211
28254
28180
29442
25890
29023
29109
23796
24439
25481
24982
25771
24933
25733
29716
28213
28535
25775
29077
29128
23815
24376
26602
29760
23877
25974
27984
29385
24396
25229
25247
27203
25349
27926
25473
26452
29795
24120
25127
23852
24449
24470
26057
23593
28588
24487
25346
28395
24386
27056
24694
25821
23932
25492
25588
28570
25781
28261
27083
28517
27757
27882
23860
26694
28160
28385
29177
29655
24113
24487
24670
25247
26792
27878
28028
28041
28183
28558
25488
27577
28719
26227
26376
23821
24397
25606
27058
23647
25494
26089
24268
25999
23864
25289
25828
24800
29799
28795
29003
23745
26228
26533
24051
25181
28253
24518
25835
25994
23944
26377
23616
24966
26051
25847
27213
25685
26732
28655
26386
27246
24450
25444
27376
25087
27547
28761
27276
27455
27612
24646
24991
26132
28724
29762
27299
24331
24358
25260
25553
24059
26445
25524
26491
26984
27547
28761
26504
27197
27905
27599
27809
24954
25226
27454
23477
23620
24592
26811
26333
29167
29630
24324
29708
24223
24453
27871
27954
24766
25893
28150
28857
24391
25861
26045
24689
25970
24616
26330
23659
24499
26036
27014
24728
25732
25906
24494
25659
25046
25785
26165
26801
24878
25046
26297
26707
28652
29618
26250
26802
27306
27744
27842
24059
24955
24963
26980
24429
23839
24150
24037
25172
29591
24072
24929
28321
27121
27685
25076
28247
28754
24198
29860
24692
26368
27621
27303
27566
23875
24049
24382
29232
25345
26215
26793
24262
26129
26189
24437
24966
29850
24255
25917
23677
25054
25123
27012
25220
26625
25916
26381
24091
27584
27963
27980
28015
28153
25344
25064
25428
28804
28020
28171
24346
25208
25386
25617
28154
24704
27567
28735
26898
27975
23738
24133
26505
24078
24819
25409
27916
29846
23901
24783
24868
24946
26801
26924
28062
28302
24527
25310
26217
26739
28156
24506
27374
28532
28255
28300
23556
28443
29160
26108
26123
26550
27462
27719
28058
26592
29116
24492
26871
26916
24874
25853
26709
23750
24188
24668
24212
24551
29693
24128
25856
26586
26398
26986
23739
25912
25047
29130
26091
26888
28413
26054
26720
25480
27064
27717
28933
29110
24708
25277
29780
29816
24025
25028
26841
28607
29041
27316
28307
26933
27295
24128
25953
28235
23739
24049
29263
24223
26200
24085
25327
26837
27911
29067
28103
29417
24394
24561
24719
25314
24647
28041
28414
23725
25696
26428
24650
25916
27911
24028
24457
24259
26329
26620
29470
25100
27241
27516
28607
26936
27556
28607
29041
25336
28713
29067
26094
27045
23733
23969
26639
23631
23825
24161
24690
25146
26309
24521
24597
25834
29825
25795
25845
26007
27057
27359
23806
23858
25912
24110
25123
26038
29670
26130
26554
23681
26487
25880
27091
28737
28892
29633
24459
28524
28550
29406
27792
27868
25162
25285
28629
25161
26363
27709
27815
29592
23769
24667
24981
25196
26573
26620
29470
29477
29517
25768
29103
29137
24194
25798
26454
23701
26079
24275
28114
29869
25243
26152
25627
28491
28508
24550
24636
27241
25835
26633
23777
27668
27815
26981
28088
29004
24097
26582
23794
26253
24248
23753
24390
25244
26017
26696
24933
25443
26317
29036
24765
29630
23656
24259
26032
29465
24026
27129
29706
24754
25980
26125
25434
25686
27671
26500
27950
29025
24409
26392
24964
26069
28198
23972
24628
27493
28922
25150
29359
29490
23830
25476
27378
24277
25131
26235
24082
24383
26066
24043
24293
24716
26807
27101
25502
25847
27915
24155
29821
24110
24890
25474
27860
28858
27799
28133
28450
24590
26138
27144
26750
26832
29598
24046
25530
28243
24271
25125
27893
28860
28937
25294
25951
23673
23961
26491
27029
27126
27184
28228
26151
26620
29445
27150
28584
26488
27277
28857
25125
26611
25320
25507
24082
24383
25094
28101
28957
27822
28018
25684
24271
28552
24363
29713
25729
25957
27206
26690
27084
28110
24675
26310
29294
27906
28175
29046
25613
25660
25571
26340
24392
25513
26298
28641
28693
24495
24654
24763
24915
23839
25005
23899
26240
23701
26079
26488
27819
29605
24637
25627
28976
29014
29069
24233
24291
27541
24359
25656
25696
23755
27187
26930
27147
24291
24459
24568
23735
24219
25640
23759
25227
24903
25348
25809
26228
28997
24707
26435
23771
25201
25324
27023
28884
25707
26521
29684
24309
26824
27504
28615
29842
25215
26074
27590
25775
26342
25407
27566
24518
25278
26941
27412
24495
24654
24899
25421
26440
28885
28893
23986
24802
25534
25932
26356
28070
29018
24590
26011
25036
25289
25517
28491
28508
24454
26414
25037
25949
27229
25906
26632
24641
28120
28339
23922
24105
29718
24226
26071
27182
26547
27075
27638
29166
24988
26097
28332
28428
24295
23806
27841
28356
28185
28609
29900
25770
25421
29293
23907
25900
28585
25182
27013
28053
24079
27043
25358
28181
28804
25012
25885
29003
27357
27998
25555
25591
25092
27818
25312
24482
27111
25693
27278
27924
24320
23790
29287
24499
25093
28927
24261
25825
27551
25577
28051
29822
26325
26523
24905
24930
24895
25627
28491
24720
26980
23934
26484
27669
24729
25128
23842
23896
27363
27587
27660
27854
24054
23987
27658
24728
24601
24722
25616
23989
24336
24934
25343
29602
24286
25362
23956
27642
24264
25110
27007
24648
24835
29066
29158
26579
27796
24348
24521
24789
25364
24905
24965
24126
26548
25999
26382
24137
25385
27189
28207
24912
28332
28428
24995
25045
23964
25360
25398
28153
28268
24247
26976
28759
28827
24776
24836
24104
29794
23948
25038
26493
27389
27798
29815
29595
29823
27450
24930
25028
26218
27885
28132
24899
25154
27696
29725
25058
25569
26155
24373
29677
24098
26925
28268
25443
25713
26103
25169
27501
26905
28477
26588
25607
25769
26911
27053
28565
25560
26459
25225
25389
25915
26947
27142
24599
28045
24996
26631
26768
27553
25157
27054
26232
26259
26692
26912
27549
27538
27971
29219
24688
27140
24173
24850
25167
25579
28370
26612
26655
24584
27189
28207
25733
23864
25517
29824
25618
27313
27514
24446
24644
26763
28484
24854
24058
24774
24910
26119
27242
23846
23935
24598
27080
25828
28638
24094
26353
29357
26264
26623
28841
25873
28846
29291
24703
25633
25923
27044
28116
24995
25045
25179
27690
26027
25376
27015
27642
28223
24756
26401
24437
25148
24264
28078
29058
23908
26150
26775
27745
24422
26599
26977
25352
25734
29825
24977
25214
25657
24782
28395
24140
25238
26525
24638
24860
25388
24985
26686
26090
26921
28453
25747
28451
29083
28182
29147
25924
26370
27271
24267
28805
25226
28255
25316
25380
27891
28810
26130
27140
27927
28441
28707
27085
26239
27942
28227
26778
28673
29090
25877
26551
26759
28420
29796
23932
24773
24324
25549
26295
28094
28236
24222
25011
25997
27047
27336
28454
29057
29135
25081
29108
26670
29832
27764
27876
28946
27738
28048
25978
28250
28281
24800
24812
25544
28015
28153
25574
27154
24574
25031
26619
26314
27076
24211
26415
24508
26578
28215
24686
25774
24314
26407
27428
28547
24300
25006
27804
25362
25437
24834
25444
27349
25663
25762
24443
27460
25384
27728
24716
24878
24462
26080
24877
27235
25743
26135
28001
25993
26916
28066
25596
27057
28512
25706
25969
26770
24378
26370
24979
25133
24677
26048
26072
28143
28708
28772
25460
27723
24094
28138
28817
26953
28090
28539
28552
27918
28255
29158
28016
28721
29244
25402
25738
25791
27938
25411
24331
25303
24993
25465
26330
29745
24619
25449
26016
25762
25973
28874
29140
24175
24564
27160
25731
28610
28634
24240
25812
27269
24224
28231
28324
24404
24715
28983
26828
27356
24696
25807
25918
26155
26347
24189
24609
27786
28671
24465
27588
27797
24682
27888
27620
27852
28352
26359
24948
26183
27606
24280
26767
24305
26953
24794
25273
26505
25825
29349
29906
24780
25408
24877
27520
28626
25537
25516
27106
29705
24454
25000
25005
25578
27238
27487
27754
28327
24485
24696
26887
28576
28635
26792
27047
28028
25037
24266
24899
26440
27473
26461
24228
24857
25143
25357
25772
29703
24589
26087
28882
28911
26835
28865
29150
24889
25420
28949
29820
25036
27850
28719
24514
24627
28202
27142
27774
26359
27340
29065
26168
26331
27703
25437
26382
24392
25513
24731
25331
24310
24711
25754
27455
27737
28095
28547
25879
28022
28225
29331
24108
26583
27408
28902
25532
26818
27951
25506
29729
24130
24232
24631
29270
25078
25777
28413
25695
25965
27678
28340
24316
25342
29757
24297
25403
27649
28825
29288
24385
24911
26919
24452
25504
26898
24408
27179
26039
28027
28967
24322
24803
26828
27356
27196
24157
24465
27588
26238
28574
29004
24310
24460
25709
28446
28633
26176
28671
27145
27854
29753
24380
24990
25485
27070
29073
25551
28597
24257
24653
24047
24596
24935
28483
25735
25895
27504
24630
24938
28562
25012
25079
26440
26861
28037
28732
26450
26894
24443
25416
25856
24667
24639
28079
28100
24317
26191
26652
24750
27290
25584
27408
24820
24061
24640
28656
24639
28665
24710
26195
26378
25744
25790
26314
25146
24736
25793
24732
26885
28613
29375
25756
26613
25536
29188
25461
27481
27547
24813
26928
27211
28354
28753
25233
26654
25805
27463
28293
28599
28617
25651
25888
24789
25282
27654
25763
26082
27079
27401
25679
27706
26142
28144
28166
24513
24547
27758
27236
28136
27755
27814
24103
25598
27971
24750
24148
24789
24810
24566
28589
28742
26352
26798
24488
25748
25116
25561
26134
25286
24323
27063
28997
24801
24894
25056
24515
25201
24472
24549
27368
27847
29605
29795
27157
28519
25173
27258
27423
24973
25176
26410
27256
25723
28542
24210
28093
29173
29437
26504
28108
24162
28808
29345
24537
24741
24424
25319
28522
24757
25089
27820
24939
25490
25399
28574
25734
26043
28432
28486
24498
26349
26446
26570
28916
29743
25628
27173
24708
25277
25452
28456
28720
24607
25462
25040
25780
28625
29028
24804
27138
28678
29805
25489
28457
26566
26873
24832
25302
28183
26977
27375
27519
28539
28552
26662
24173
24249
26638
26066
26068
24664
26809
27801
28025
25256
26483
26845
27510
28010
26315
24615
25150
29768
25310
27931
28902
29625
24971
25458
27110
27359
26998
25498
24393
25261
27529
24689
24925
29600
26349
24342
24195
28374
29334
29894
26675
28178
28834
25332
27290
28471
27653
24168
24932
26165
25447
26189
25653
25932
26649
26753
26051
24287
24413
28029
24601
27168
26023
27473
25143
25323
25135
28890
24531
27341
28226
24726
25469
27902
24388
24453
27657
24266
24404
25939
27343
29809
25250
26850
29588
24494
25659
24371
24432
26856
28366
28578
24434
25471
26243
24674
28176
24744
26908
26964
28019
28117
28314
27209
27899
24860
26545
29893
29895
24936
26849
24590
26011
24700
28948
26474
28075
28144
26293
27211
28563
29751
24269
25639
25607
25769
28716
28929
24458
24515
26034
26251
28786
28436
28730
24361
27976
29264
24621
28173
24230
28099
29006
25859
29759
26581
27049
29662
25575
27005
26420
27812
27982
25945
28094
24823
25185
27453
26170
24747
24912
28603
25432
25508
28479
25200
27658
26519
28591
28724
24515
24326
28126
26685
28355
29021
24743
25462
27024
25471
27711
25566
27182
24321
25752
27653
24500
25237
27500
25922
25950
25419
27414
24620
27913
24597
25993
24758
25346
25626
28357
28722
25284
27119
26830
27489
29699
25577
26713
28388
24785
24748
25689
24565
25096
27936
27813
28309
29096
26245
27239
25109
25180
27310
25330
26562
26093
29610
28709
24557
25638
26628
25478
25639
26584
26718
24715
27033
24545
27746
29139
25001
26605
26795
28134
28595
26681
26194
26830
27671
26698
27442
27671
26260
28304
27340
29065
25715
26554
25090
26174
28306
25772
24478
24686
26482
27996
25535
27012
25265
24364
26379
29785
28115
28745
29255
24956
25032
27328
25709
25771
25483
29326
25371
25865
28773
27284
28929
29125
24845
25913
27125
24575
25183
26639
25378
26140
24914
27414
26164
26615
25815
28288
25939
28197
29808
25021
26365
28155
28845
29309
24379
27953
28126
26908
27090
24707
27244
26345
26620
29477
29889
25852
27192
26500
26903
29235
25350
27697
28439
25505
25789
26565
26673
25822
26103
26035
27922
28628
28687
29779
27411
27901
25086
27486
28018
28341
26831
25726
27611
25862
26586
29011
24979
25060
26957
27902
25174
26453
26267
27776
28129
25961
27503
27811
28416
27185
28170
24502
27723
25119
26667
28943
24602
25282
26496
24686
27293
25114
26740
24660
28524
28566
25335
25468
25668
26553
29790
24706
26478
27467
28611
29316
29753
28326
26072
26134
27192
29286
29897
24862
25426
24438
24632
27386
27719
27993
24390
24437
25912
27611
25599
26473
24740
25472
27817
24433
24366
26984
26636
26697
29055
24503
25301
27450
25113
25072
27069
24805
25022
26186
26739
24857
26154
29758
27274
28415
29294
26923
27439
27965
29032
25523
29749
25989
27637
25117
27581
28861
24727
27595
29871
25628
27173
26351
29058
24500
26212
24427
25924
27739
29750
25249
27080
24589
27425
26744
26998
25847
27213
27890
24966
26503
28748
24919
25415
27363
27746
28650
24687
26955
24670
27146
26457
24666
25127
26891
24798
28500
25019
25285
25539
26372
27390
28424
28469
28888
26049
26118
25676
27116
29243
24581
25464
25930
24793
24450
25332
24517
27969
29223
29321
26188
27648
24567
27485
25326
25624
27253
26899
27257
25527
24820
25936
24753
28107
25212
26636
25591
26558
26323
27741
28478
25509
27820
24527
24550
24738
26134
24655
28418
25644
25721
24534
28009
28193
29029
24870
25229
26900
27392
24902
26877
24967
24965
25930
25609
26038
26639
25542
25378
25879
28268
24989
25536
27607
28734
28746
25645
27248
26231
26142
27402
26083
26518
29723
28120
25874
28753
25918
27245
26700
24841
26828
27642
24748
24767
24478
25732
26378
24741
24983
26529
27358
25748
26343
28145
28325
27679
29045
24537
24872
25798
26118
26225
24726
26366
27938
25061
28203
25565
29061
29847
25030
25057
25331
29364
29413
24735
25186
27085
26137
29703
25656
24757
25610
28437
26819
25965
25600
27577
26783
27505
25660
26406
24778
24810
27118
29111
25894
26584
28487
29041
24797
26178
27330
24576
26738
26970
26578
27427
25066
25354
27260
27839
27132
25910
29009
25453
27349
24632
26014
28798
25175
27453
28290
28376
24768
27978
28389
24655
24932
27065
25613
26343
26619
26133
25601
28529
26404
27502
28351
26769
29242
26400
24973
25383
25039
26277
25359
25026
26450
27438
25757
28438
27164
28716
29074
25664
28239
28868
28247
28445
26318
24606
25117
26706
27233
28392
27846
28815
24718
27883
25029
28867
24710
27855
25708
28516
28833
25129
26213
25994
24711
25388
27542
28917
29089
24542
26257
26461
25257
26022
27329
28611
25585
25629
25919
28431
26935
26974
28406
25139
27107
27574
25111
27017
26277
24722
25616
25637
26068
26342
26764
28983
26078
28882
28911
26999
28475
29802
24560
25011
26451
27099
26698
27345
29698
24730
26442
24803
24992
26805
28507
25698
26262
25345
27263
28375
28384
29336
26659
24811
26181
26282
24663
26615
25626
28160
28711
29565
25599
25797
25803
26886
26832
27413
26534
28621
25982
27004
25938
28731
29776
24703
25225
25389
24998
25208
25454
25579
28370
28232
28947
26205
29625
25521
26608
25913
29788
27023
28884
24828
27304
25032
26234
26867
27072
28768
25035
28252
28262
28587
28743
25481
28036
28043
26517
26949
24790
25590
27459
26939
28996
29261
25261
26838
27894
28468
24795
27710
28731
26642
26077
26839
27856
25403
27649
24956
25553
26953
25737
26006
28513
25560
29769
24962
26030
24868
27329
27059
27360
27585
25312
26600
27800
28172
27812
25909
26468
26624
27765
27646
28518
26738
26989
27110
27856
28385
25964
28031
27835
28855
25271
25505
26960
26821
24945
27894
26469
25291
26852
27797
25447
25924
26049
26005
26852
24957
29778
26028
24640
28612
25368
28664
24886
28667
25871
24678
26551
26853
25979
27425
24908
27202
29789
26154
28119
28741
24955
27264
24701
26972
24805
25495
26046
26125
29807
28709
27701
26241
26599
26977
25123
27012
24671
29203
29332
25439
25475
28769
24662
25034
28770
25035
28723
25705
26995
26288
28781
29594
24782
24787
25307
26883
25698
26081
28916
27991
29223
29814
27034
28558
26779
27199
27654
27274
28765
25112
26915
24821
27248
27756
28306
25647
26004
28141
24764
25173
27869
28963
26425
27373
26080
27262
25956
25857
26367
24752
25755
28176
25382
28365
25216
28149
28342
25078
24823
25620
27582
26278
24707
27094
28304
25644
25683
27546
24976
29012
25192
26995
25680
28840
25023
25420
29739
25144
25315
24864
24891
25797
27196
24872
26040
26899
28276
25136
25868
29824
29127
26834
25204
28646
24980
25302
25886
25718
26322
25018
25345
27263
24840
27320
27324
27509
25439
27946
26434
24745
24790
25349
24994
28885
28893
24847
26148
26914
25377
27385
29791
24929
26621
25694
27761
27988
26253
28337
24990
25375
27133
29726
25330
26064
25786
25290
26949
26726
28733
26279
27027
26164
27242
28604
24951
26749
25007
25061
26010
25704
26463
26817
25017
25044
26634
26651
27162
27765
26069
26486
27459
26209
29756
26893
24873
25300
26306
27702
26364
25849
24919
26590
28288
25361
25489
28457
25510
26565
24978
26011
27097
25761
25095
26391
26558
25323
26438
26713
26901
26891
25464
26821
26327
28827
25318
26510
25806
27025
27821
26405
26128
25983
26392
25812
27269
25787
25877
27481
26788
27486
25401
25103
26831
29320
29871
27471
26294
26359
25774
25548
25038
26158
27134
27961
25164
26087
25039
26160
29768
25679
26697
27706
28172
26946
26915
26893
25572
26793
28203
24893
25313
27574
27752
26997
24897
26270
26526
25487
27861
27475
28497
26223
26458
24935
28423
28760
28193
28352
29268
26575
29151
26280
25841
24886
25502
28537
25466
26528
29736
25320
25558
25727
26383
27000
27593
25411
27015
26025
29657
25710
25795
25801
25792
29672
25565
27500
25027
25663
25528
26946
25335
25773
25568
28510
29306
29309
25414
26100
28543
25068
26390
26914
24923
25044
28469
29792
26070
27683
28152
28189
25351
28137
27543
26969
28863
24886
25381
28667
27244
25339
25703
26728
27120
29729
25925
27475
24923
25017
29793
26598
26642
28519
25670
26691
25944
27143
25851
26409
28779
28060
25575
26280
25445
26216
26104
27031
27289
25099
25713
26449
25283
27081
29748
29876
25444
26190
28298
26157
26962
25023
25214
27487
24906
24962
27241
26389
24945
25583
29310
27118
28913
25832
26467
26663
26335
26674
28407
24943
26715
27519
26641
27698
26285
27358
26423
25009
27122
27186
26312
25435
25728
27799
29788
29826
28192
28224
25952
26457
26464
28739
25154
26531
27958
26172
25096
25348
26275
29771
27100
27492
27989
29816
25976
26756
28724
29763
26286
25337
26141
25501
25030
25047
26781
25016
27149
24942
25012
25025
27787
26198
24938
28548
25357
25962
29864
28479
28914
25126
27960
24970
26256
26929
26621
27831
27016
27660
28825
29301
28074
28310
29075
26047
28520
28633
26202
26283
28560
26401
25137
26050
26622
28468
25106
25685
25230
24972
26701
25494
26891
28891
27205
28003
28223
28959
27391
27720
29084
25641
28520
28935
26427
26607
25832
25990
25170
27028
27826
28464
27189
27750
28531
25147
27293
29820
26114
27471
26945
25980
26075
27830
27954
28132
28948
24985
26411
28493
29612
25322
26356
26963
26514
25703
29785
25665
26726
27202
26182
25867
26460
27582
25323
25720
26375
27318
25043
25479
25702
26960
28738
25980
25974
25944
26230
26889
28212
25876
26716
25781
29714
25443
26274
26751
26822
29663
25721
26220
26501
27088
25065
26161
26725
27893
28830
25333
29142
25986
25210
29227
25854
26419
27518
28095
28547
28261
26616
28966
29881
26819
27272
27580
25306
26782
25255
26572
27368
26217
25083
27681
27686
25035
25074
28590
28596
29112
28060
26282
25293
26929
26932
27834
28706
29014
29069
25351
28797
29561
28380
27584
25162
28629
25750
26065
29782
25495
25650
25252
27323
25858
27496
25496
25583
26552
26287
26751
25985
26076
25549
25845
25179
28405
27369
28233
25507
27289
27899
25473
25335
25940
26489
27650
29206
29415
27663
28194
25300
28245
28985
28158
28403
28458
28299
28840
28505
28659
25410
27320
27324
25821
25385
26363
29335
29575
25088
25736
28772
29069
26847
28341
26468
26649
27200
26960
28738
25144
25500
26502
27510
26818
27078
25151
27382
27383
28594
27188
29007
29767
27215
27454
27668
28375
26371
27373
28437
26117
26770
26880
28369
25819
25102
26042
28817
26043
28809
26310
26670
25234
26218
26556
25358
27714
27833
28616
29557
29139
26569
27162
25202
25328
27477
25359
25363
25945
25580
25753
26596
26384
27243
27525
27659
28582
29292
29887
26668
27171
28207
25571
25928
27665
29440
29486
25588
27669
26141
27511
28258
27011
27034
28558
26066
25396
27861
25497
25834
27613
25462
27512
25183
25756
25203
27782
25454
25619
26604
26903
28315
25741
27578
28645
25354
27486
25959
27317
27665
25542
25272
27361
25250
27321
27384
25440
29735
28986
29063
29572
25166
27727
28419
27661
27275
28052
25925
28681
28856
26756
27333
28112
25438
28399
29603
25742
26597
28426
25264
26867
27174
27230
27645
26449
25534
26064
26945
25671
25874
26683
26267
29590
27970
28126
26777
26591
27664
28715
26541
28912
29068
27449
26543
27571
26950
28335
26527
28648
26412
25915
25225
25294
25787
25821
28372
29119
26509
28177
27002
26727
26888
27339
27769
28210
28040
28586
28636
29878
25593
25872
28026
25348
26364
26907
25508
27675
28850
25251
26027
26985
26348
26839
25413
28670
29016
29134
29189
26856
27965
25425
27903
29767
27147
26870
27561
26324
27616
26139
28391
29115
26602
28085
29761
26433
26618
25375
25511
29845
25317
26116
27035
29329
29461
27266
28554
28697
29716
27751
27755
27896
27139
27069
26012
26894
27371
26360
27279
27932
25881
25817
27051
28107
27958
28557
26904
28651
28751
26947
27826
26845
25665
25913
29789
27735
25711
27979
28618
28594
29878
26373
27318
25969
29777
26617
27631
28657
26351
25623
25387
26597
25625
26445
26475
27125
26354
26492
27972
26850
29086
26884
27072
27482
26307
26536
29216
25370
27897
28573
25896
25991
27735
25356
26492
27529
25633
25877
25510
26897
27218
26380
26548
25406
26842
27267
27130
28316
29202
25589
26459
26700
28303
28086
29686
27294
27617
26593
26779
26972
26451
26656
27272
26542
28690
28812
25572
27035
29112
27290
28471
27171
28702
26889
26977
27375
25810
26940
28970
25441
25677
27825
25537
25467
27507
28701
27680
25309
26921
27945
25540
25554
28192
26442
26777
25369
28395
25929
28615
26880
28183
25801
26574
26739
28156
25886
26478
27753
26214
27098
26395
27263
27179
25364
25661
28046
29617
26573
26393
25350
28313
27440
27843
25390
26959
27605
28660
29838
25468
28956
27149
28669
29075
29376
27251
28710
26859
26121
28902
29625
26866
26095
25936
27139
29756
28439
27177
26186
26739
26607
27253
25426
25404
27378
27976
28175
28974
25665
26726
26209
26534
27797
25744
26878
25807
25884
28991
29256
26033
27858
26909
28431
28675
28693
25806
29738
27644
28699
26348
26626
27441
28814
25870
28990
29312
25519
26158
27083
27855
26543
25793
27386
28344
29008
26156
25725
26629
25883
26774
29144
29451
26227
26376
25681
26068
26197
25651
25888
26424
27122
29042
26694
29621
29660
25582
28283
28396
27872
27922
29827
27108
27760
29619
26149
25603
25642
25768
26181
26338
27628
28500
26107
26863
26127
26723
27283
25797
27729
29726
25889
28257
25597
26735
27568
27347
28032
27083
28517
25899
26539
25432
28479
26242
25912
25676
27946
28412
26177
26532
26747
26989
25885
29003
25455
26478
27664
27672
27783
26535
28244
26694
28160
25878
27267
28297
29551
25532
26829
28230
26830
28196
26281
26641
27340
28261
25463
26918
26053
28105
29734
25800
26952
25647
26581
27151
26562
26643
26086
26958
26429
28500
28719
25513
27596
25657
27340
27197
27890
25557
28807
29313
26674
28407
26332
27685
28264
28400
26732
29694
25857
26230
25892
26221
29744
25562
26466
26002
25674
27013
28188
28715
26088
28311
25693
27487
26053
28787
28004
28260
25631
25779
26160
26126
26648
26595
25638
26427
27050
27972
26410
28272
25800
26635
27612
25964
27666
28501
25724
27912
26891
28891
26958
28597
28852
28890
26928
26008
28774
28362
28961
26208
25507
25510
29728
28740
26625
27052
26728
26836
28277
29709
29704
28089
27635
29642
25757
28438
28934
29123
29315
29748
27287
26355
26954
25545
28267
26244
28253
25717
26355
27713
28277
28682
29697
27081
28131
27480
29224
25796
29220
27771
27993
25811
26243
27678
28340
26227
27457
27558
28764
29838
25767
26776
28691
26163
27092
26024
27823
26930
27610
28571
26475
27047
28377
26246
25740
29027
29081
25795
28485
29317
26586
29011
27107
27782
28912
27039
26086
26958
26506
27791
28826
27830
28052
25782
26604
27421
28166
26091
28222
28284
26825
27278
26197
25861
27441
27923
28982
29091
26007
26104
26702
28697
26472
25694
27898
28364
26110
26640
27259
27562
28623
29049
28416
28472
26662
27849
28150
25773
25898
28315
27583
28310
29238
29017
29137
27729
29085
29344
27720
28938
26422
29685
28366
27994
28096
29428
29437
25709
28366
28578
25701
26192
27628
26835
27848
27352
28318
25750
26065
25947
29859
25812
27800
28903
29086
26643
28017
26561
26672
28644
29298
27689
28894
29186
26770
25714
26663
27230
28328
28704
28338
28999
29609
25951
26445
27168
26211
29805
28574
25843
26867
27314
27460
25721
26290
28125
26433
26618
25813
27491
28475
26462
27468
26055
27513
29011
27511
28425
28163
25921
29176
26143
29454
29473
27480
27742
26890
28747
26144
27242
28118
27801
28173
26939
28408
28536
27875
26183
28968
25922
26735
26591
27467
29059
27411
27901
29353
27545
28728
25737
28579
26482
27734
26066
25700
28991
28182
27758
28616
26334
26923
29106
26274
26317
27200
27399
28163
29063
27679
28476
29045
25710
28542
26973
27141
27155
29099
26030
28336
28546
28874
25884
26237
27594
26774
26575
27103
26473
28582
29608
26996
28019
29311
26687
27901
26002
26965
29161
29094
29764
27705
29013
29346
29425
28850
27664
28936
29313
26081
26794
27663
29095
27821
26226
28859
25767
26967
28441
28710
27700
26136
26167
28685
28624
28848
25828
26175
28831
26754
28706
27478
27881
27885
27209
26848
27944
28331
28666
29097
25928
27928
28966
27925
28007
27829
28818
28356
27402
26158
27083
25759
27978
28663
26262
27448
29687
27129
27205
29707
27756
27859
25967
26178
26387
26790
28535
26737
27214
28417
28696
29054
27388
28868
26969
28863
27032
28221
28249
29001
28863
29087
26097
28326
29026
27468
26671
26833
26311
26688
26960
28184
27771
28013
25913
26144
25899
27234
28250
27108
27725
27858
28034
28939
26019
25927
28625
26344
27147
29841
26242
25882
28932
25885
28522
28751
28980
27514
25935
27371
27768
27981
28242
26525
27178
26170
25901
26081
26806
26783
27505
26714
28944
29117
25895
28411
27311
26220
27962
26495
27875
25997
26771
28148
29505
28390
27927
29850
25951
28086
28029
28114
29849
28467
25854
26179
29831
28768
28949
28717
29018
26258
27977
28635
28474
28559
29116
27322
26303
29428
29456
26157
26581
27049
27198
29758
27089
27594
28969
25962
29839
25868
25945
28094
28236
26439
26576
26805
27780
28422
28089
26743
28808
28871
26592
27930
27381
26156
28872
28925
29040
26567
27237
28034
26191
26842
28553
28598
27563
27156
28686
27962
29674
27089
26656
27597
28301
28756
26841
28873
28284
28781
29823
27403
28222
26406
27867
27995
28243
26844
27115
28037
28649
26878
26961
27194
29119
27502
28507
26301
27326
28036
28043
26587
28852
25982
27233
27532
28540
28353
28972
26136
28685
26475
27461
27626
26477
28448
29124
26357
28895
29697
29156
28279
28389
28962
26441
26729
27431
28430
28194
28940
28001
28788
26173
27478
28678
27281
26273
26991
28383
27286
28968
26305
25984
27073
28436
26676
26003
27802
27807
28826
27877
25977
28551
28931
26590
27794
28462
26304
27036
27140
27259
27814
26004
26115
28386
28081
28241
28824
29080
27006
27316
28828
25968
26052
26603
27517
28896
28017
26853
27845
26846
27055
29647
26138
26013
28694
27332
27606
28520
29805
26323
26201
26326
28358
26003
27068
27802
26650
27560
27485
29850
27170
28692
29088
27334
27285
28152
28639
28029
28114
29870
26847
27589
26199
29068
29682
26102
28745
28844
27071
27535
28609
26671
27822
28779
27964
28350
26077
27836
28203
28460
29653
28931
26020
26032
27959
27974
28113
28496
26512
27446
26159
27968
27991
26228
26533
28661
29033
29656
26111
27403
27640
26603
29866
27616
28478
26159
27727
26408
28496
27477
28069
29626
28066
28057
28989
29766
26043
26337
28782
28785
27722
28983
26169
29853
26374
26456
27309
27550
27595
26653
27460
26979
27232
29829
28203
29722
28279
28368
26174
27185
27751
26357
26438
29368
29577
29772
27204
26340
26646
29629
26203
27116
26361
26658
28556
27204
26416
27607
26631
28147
26485
26328
26994
29843
28025
28676
27620
29461
28699
29016
27385
27026
26096
27937
28072
28784
27489
28953
27741
28478
27130
29593
27065
27362
26555
27876
28572
27391
29084
27713
28798
26168
28721
29053
29176
27393
29710
28729
29834
26881
27559
26221
26918
28073
26537
28039
26683
27363
28527
28987
29587
26825
28843
27908
28051
28511
26823
26880
27027
29806
26374
26757
27717
27920
28014
28679
26264
26743
29817
26884
28219
27632
29702
27026
27533
28923
27114
26857
27036
27529
28641
28813
29395
27123
28933
29110
28153
26159
29363
29879
26574
26614
27957
28026
27285
29880
26287
28661
29033
29462
29523
28494
28913
26863
26926
27916
26844
27105
28714
29640
26500
28254
26248
26302
28508
26516
26680
27816
28407
29897
26287
26313
27065
27929
28011
26237
27594
29811
27810
29262
29414
26931
28837
28854
26716
26274
27200
26235
27313
26698
29699
26303
29456
29538
27006
29602
29736
29185
29857
26431
28363
29765
26956
27064
29809
29243
26672
28644
28008
28359
29623
26815
28636
28698
28926
26518
27729
29344
26865
28274
28559
28847
29804
27518
29081
29022
29783
27696
27371
26890
27403
26969
28686
29649
26935
27966
26576
28791
29118
26529
28390
28571
27179
27461
27514
27914
28964
29171
26341
26981
27590
27811
28064
29739
29774
26263
27410
27542
29153
27493
26260
28304
26301
26499
27150
29453
29468
27092
29700
29745
27996
29848
26993
26970
27209
27899
27659
28391
29115
27756
26663
27020
27625
27764
28200
29358
29428
29437
27052
27221
29770
28298
26290
26470
28328
27078
28427
28430
29792
29444
29484
26421
26338
27332
26421
26772
27842
27603
28829
29694
26780
26964
29139
29387
29395
26675
29374
29418
28283
28396
27887
28208
26334
28765
29833
27018
26388
26625
28442
26369
29126
26734
28968
28149
28360
29222
27787
26869
26897
27553
28151
27129
27903
26813
28317
27532
26978
29701
29784
26345
29500
28151
27333
28591
26676
28557
27792
28091
29832
27837
28549
27632
28504
29111
28834
28886
29674
26736
26823
28391
28263
28390
28109
29888
27859
27030
28240
28519
26353
26358
28809
27692
26706
28748
27943
26479
28106
26717
29049
29476
26758
28210
28499
28553
26956
28326
29808
27656
26538
26560
28165
26967
27250
26670
29833
27027
27249
26733
29840
29784
29165
26495
28357
28722
27330
27352
28318
26643
26511
26908
27816
27987
28514
27618
28602
28950
27633
29733
26561
26592
29116
26404
27502
27987
29322
27344
29659
28789
29046
29413
28718
27328
28130
28289
26710
29165
29257
27561
29684
29206
29467
26950
27479
28296
27264
27850
26978
29034
29205
29870
26568
28792
28882
28274
28957
27866
26808
27394
27417
27458
28272
28784
29611
26474
27868
26577
27384
29169
27119
27777
27714
26845
26580
26702
27854
27654
27772
26614
28422
29379
29597
27362
28322
29209
27787
27342
27343
27143
29786
28570
29800
29098
27526
27930
29312
29299
26591
26963
26726
28733
26600
27598
27327
28680
26761
28699
29016
27243
28471
26725
28802
26551
29010
29568
26538
26560
27754
28361
29855
26978
28827
27270
27007
27092
27426
28206
28730
29065
26593
27690
28043
29721
26737
27214
27121
27697
28073
29835
27689
28851
29819
28118
27109
27585
28229
29239
27198
29300
29309
26860
28191
29009
27107
28095
29145
29584
27512
27788
28515
26747
27049
27986
28852
27300
28811
27921
29545
29801
28112
28320
29763
28562
29019
29644
26983
28803
28960
28978
29455
29487
28485
28753
28822
28240
28987
27048
29058
26966
26808
27383
27919
26974
27442
28891
28911
28930
29157
26602
27503
27982
28904
28986
29645
27043
27536
26913
26784
27913
28042
29865
28109
28155
28165
29863
27276
28744
26806
27828
27437
27928
28688
28280
27550
27567
28735
26814
28811
27395
28597
28672
29470
29533
26991
28365
27958
28084
27836
28361
28797
29142
27444
28601
26782
27926
26805
28622
28937
26729
27420
28424
26884
27482
27700
28560
29560
29854
27299
27301
29035
28544
28752
28808
28871
27258
27970
28865
28032
28936
27465
28387
26753
27405
28387
28999
27999
29061
26695
29852
28485
28301
28549
29319
29360
26678
26682
28249
28259
26692
28294
28312
27074
28196
26692
27032
27042
28541
28958
28093
29894
26699
27208
27432
27638
28330
28838
29025
29398
28190
29853
27826
28974
27901
27145
26790
27059
27279
28046
28079
27116
28412
27763
29345
27786
28090
28337
29029
29101
29606
26798
27886
27695
28139
28259
27208
27336
28013
28128
26842
28179
28556
27291
28507
28653
28879
26787
27002
27417
28394
28642
27306
27331
28285
29695
29803
27474
28572
27224
28704
28932
27807
28510
29306
26993
26755
28374
29893
27278
27924
27511
28425
26762
28434
28450
27537
28740
28914
27131
28866
28591
27249
27470
27176
28573
28670
27816
28407
27722
28083
28234
28601
28663
28113
28496
26886
29741
26785
28139
28237
27564
28065
28737
28858
27613
28571
28985
27281
28434
28966
28456
28720
27404
29097
29252
29272
27981
28242
29223
27339
27333
28112
27562
29028
29648
27343
28348
29189
29719
27805
29357
26803
28698
29020
29141
26851
29013
27965
29032
27762
26848
27265
28513
28367
29152
27122
27151
28381
27007
27470
28005
27951
27362
27033
27258
27713
28798
26922
27785
28236
28121
28659
28947
27073
27766
27071
27124
28698
28849
27415
29877
27705
28331
28614
28338
27194
28660
27175
27216
28531
26902
27195
28495
28499
27275
27446
27451
28276
27155
28023
28835
27001
28214
28396
27992
27553
28084
29744
27977
28262
27429
27941
28595
27175
28106
29029
26927
27569
29071
28254
27979
28458
27600
27636
28211
26913
26994
28398
28854
27560
28368
28518
28221
28312
29812
27315
27444
28350
27697
27126
27732
27221
27268
29038
27549
28077
28780
28695
27648
27153
27935
27979
28751
27010
29069
27324
28756
27402
27934
29022
27288
27361
27533
28984
28059
27395
27636
28135
28128
27285
28337
29818
27158
27710
29039
27579
27090
27458
28404
27043
27498
28287
27915
27947
28745
28844
28541
28834
27722
28083
28326
28668
29808
27022
29875
29175
27979
28258
29786
27846
28319
28982
29650
27759
28205
28643
27543
28157
28772
27694
28011
28796
27702
28941
27193
27232
28846
28000
28741
29131
27549
28161
28008
28551
27933
28000
27159
29359
29388
28178
28408
29319
28759
28078
28187
29052
27817
27217
28880
28938
27724
27710
28731
28444
28560
27934
29022
27517
27949
28042
27124
27634
27877
27086
28776
28219
29130
27224
27646
28140
27115
27807
27355
27337
29200
28280
27346
28986
29063
28089
28344
27292
28275
27645
28267
28182
28300
29147
27641
28123
29064
27124
27666
27752
28839
27380
28232
28947
27398
27683
28494
27633
29131
29585
28037
29673
27945
27155
27716
28800
28835
27603
28285
28989
29574
27707
28355
27855
29715
27540
27772
28283
27183
28404
28086
27266
27720
28527
29662
27597
28251
28549
29155
27963
28932
28951
29376
29377
27201
27788
28199
27872
29827
27431
28394
29099
27631
28958
27576
27867
28200
29628
28378
28394
29099
27449
28405
27818
27216
27298
29388
29891
27220
28297
28553
28064
27360
27772
28283
27572
27591
28256
27795
27627
29750
28846
28925
28738
28777
27283
28544
28556
27252
28853
28962
27339
27369
28233
29200
29395
28923
29138
29810
28383
29082
27918
28033
27921
27772
27348
27790
29161
29127
28047
28170
27848
27503
27578
28586
28231
27939
29201
28268
27307
27828
28942
27907
28457
28585
27939
29073
29610
27297
28662
27502
28566
27808
27810
29238
29302
28056
28087
27905
28401
27917
28028
27320
28521
27451
27545
28525
28102
27407
27350
29330
29588
28369
29115
27789
27584
28314
28688
28250
28104
28111
29051
28935
28969
28991
28272
27660
28796
29074
27870
28091
27952
28988
27382
28327
27879
28859
29775
27892
27430
27983
28082
28580
28002
28567
29873
27715
28068
28627
28214
29095
29650
27516
28273
27853
29143
29639
28201
29088
28460
29770
27919
27384
27508
29790
28047
29113
29259
27394
27420
28527
27525
28338
28888
28675
27890
28177
27634
27865
27726
29089
29187
28640
29086
27420
29133
29568
27420
28404
28306
27567
29763
27870
28830
29859
28686
27818
28480
27458
29166
29146
28314
29215
27555
29043
28406
27991
29814
29880
28161
28752
29001
28377
28633
28976
29595
28265
29706
29842
28376
29101
27730
29250
29596
28961
27614
28241
29655
29797
28583
27662
28727
27539
27837
29150
28029
28379
28644
29060
27743
27781
29193
29452
27744
28618
28970
27990
29090
29082
28504
29111
28828
29027
27550
28098
28040
29878
27961
29114
27656
29335
27569
28221
29001
27554
28049
27605
28204
28876
28051
28511
28763
27943
28061
28637
27618
28819
27782
28334
28251
28549
27923
28726
28977
27558
27605
28211
29838
28221
28133
28351
28775
28668
29167
27989
28062
28302
28876
27652
29218
29762
28499
28157
29185
29221
27872
28055
28269
28207
27986
27964
28774
28825
29753
27947
29034
29783
28085
27846
29343
28257
27623
27972
28135
28187
27704
28336
28874
27630
28683
27614
28485
29317
27636
28373
28941
29544
28390
29379
27976
29264
29407
28743
28776
28048
29048
27966
27790
29031
28317
27819
28310
28774
27892
28704
28932
28285
28692
29732
28037
28307
28973
28446
28726
28945
28039
28371
28382
29797
29826
27874
29043
27728
29889
27709
28401
27685
29138
28034
29347
29357
29410
28631
29346
29425
27886
28208
29476
29538
29818
28429
28684
29146
29331
29495
29534
28950
29639
29640
28188
28249
28011
28418
29140
27944
28974
27716
28190
28800
28786
29087
29119
28402
28648
28866
28059
28371
28839
29226
28631
27858
28476
29879
29727
28839
29661
27785
28067
28124
28840
27789
28864
29233
27875
28305
28475
28271
27837
29150
28431
27851
28370
28095
28766
29142
27860
28858
28002
27840
27862
28436
29290
28163
28632
29063
28820
27940
28071
29002
28343
28891
28911
28937
28851
29471
28740
29541
28463
28606
28705
28705
27802
29405
29629
28951
29039
29814
29055
27865
28482
28138
29410
27865
29015
27879
28848
29593
29604
28661
28550
29057
29356
28662
28728
27943
29742
28451
27887
28620
28434
27884
28228
27914
28150
28857
29268
29461
27881
28778
28799
28730
29065
29405
27908
28687
28501
27973
28027
28967
27925
28488
28969
29143
28226
29613
27973
28137
29339
29032
27970
28694
28319
28954
29091
28581
28733
28790
28281
29552
28451
29766
28081
28234
27976
29413
29064
27948
28175
28974
28111
28859
28401
28567
29874
29085
28520
28392
29855
28818
29083
28420
29811
29849
29829
28796
28360
27967
28996
28322
28297
28097
28831
28676
28727
28849
28105
29044
28615
28788
28397
29235
29354
29398
28214
28396
27968
29465
29510
28162
29435
28102
29675
28525
28657
29036
29332
29363
27974
27991
28345
29605
28898
29303
29328
28139
29214
29573
28610
28990
28994
28351
29817
28855
28393
28398
28050
29507
29523
28248
29743
28296
28209
28883
29618
28295
28703
28748
28555
29810
28493
28142
29268
28065
28423
28465
29035
29297
28976
28618
28598
29099
28159
28459
28862
28162
28202
28543
28645
28291
29720
29378
28197
29437
29447
29462
28715
28875
29113
29815
28674
28164
29047
28638
29801
29472
28446
28633
28742
28583
29556
28191
29009
29834
29238
29376
29388
28793
29187
29193
28161
28495
28612
28215
28502
28942
28971
28465
28354
28753
28538
29167
28096
29334
29271
28374
29173
28652
28665
28533
28246
28807
28713
29365
28193
28146
29500
28879
28433
29215
29311
29368
28816
28369
28299
28377
28141
28381
29012
28349
28174
28421
28952
29296
28557
29289
29269
29355
29898
28157
29185
29477
29501
29526
29451
29489
29030
28168
28213
28535
28635
29636
29564
29622
29300
29864
28490
29712
29260
29500
28930
29157
29055
28187
29838
28541
28630
29178
29575
28996
29747
28211
29030
29666
29566
28895
28571
28985
28668
28481
29006
28647
28926
29282
28660
28732
29837
29285
29632
29483
29496
28286
28515
28421
29013
29020
29346
29013
29347
29410
28432
29078
28256
29284
29277
28971
28352
28895
28739
28443
28259
28294
28851
29819
29654
28294
28875
28600
29177
28435
28766
29742
28312
28336
28576
28596
28989
28521
29787
28723
29548
28433
29543
28897
29105
29597
28892
28365
29031
28474
28702
29732
29035
28313
29093
28619
28842
29012
28388
28371
29130
28305
29082
28538
29590
28383
28952
28960
29020
29062
29183
28906
29061
29079
28614
28680
29580
29149
29750
29008
29091
29118
28903
28529
29383
28815
28498
28554
28603
29854
29855
28560
29036
28503
28906
28564
28698
28613
29375
29899
29540
29155
28606
28570
28528
28694
28707
28563
28374
29894
28763
29625
29626
29351
29764
29869
28411
29112
29096
28863
29087
28820
29042
28941
29570
28799
28609
29747
29249
28410
29096
29152
29602
28651
28770
29569
29755
28958
28767
28924
29078
28433
29583
28638
29044
28934
29315
28691
29819
29258
28476
28628
29410
28548
28430
28666
28461
29793
29344
29348
28888
28785
28985
28581
28733
28997
29724
29740
28501
28980
29217
29356
29394
28590
29488
29498
28797
29792
28631
28671
28945
28791
28907
28569
28957
28588
28938
29549
28587
29396
28623
29049
28836
29108
29696
29107
29711
29111
28544
28752
29076
28754
28752
28670
29553
28860
28869
28534
28826
28845
29322
29897
29130
28653
28787
28977
28581
29147
29581
29008
29240
28957
28550
28622
29261
29319
29374
29658
28803
28592
28878
29053
28865
29150
29373
28653
28556
28789
28955
29138
29060
28654
28813
29033
28819
28683
28636
28645
28769
28608
28838
28950
28967
29545
28750
28726
28862
28988
29153
29549
28594
28602
29084
29547
29342
28936
29202
29399
28654
29279
29655
28838
29400
29025
29143
29266
29546
29352
29439
29479
28837
29062
29057
29179
29542
29548
29253
29574
28695
29572
29546
28658
28703
29800
29127
29589
28654
28672
29540
28984
29138
28803
29141
28714
28732
28669
28883
28675
29333
28926
29877
28764
29015
28693
29390
29380
29026
28821
28693
28790
29543
28920
29678
29804
29159
28815
28954
28992
29828
29114
29273
28931
29544
28801
28763
29031
28914
28775
28912
29068
28928
29120
29560
29539
28762
29837
29024
29195
29338
28946
28980
28981
29241
28824
29327
29547
28819
28959
28901
28780
29552
28821
29149
28899
28907
28842
29550
29863
29864
29890
28877
29641
29837
28807
29478
29481
29350
29377
28801
29046
29841
28921
28919
28948
29071
29458
28834
29360
28825
29288
29754
29420
29392
28801
29581
29089
29007
29895
29100
29412
29049
29080
28836
28952
29019
29274
28981
28899
29019
28861
29858
28870
29154
28866
29893
29076
29124
29860
29019
29265
28975
29689
29168
29366
29124
29450
29643
28872
29135
29424
29852
29857
28947
28906
29553
28877
29837
28917
29005
28898
28908
29439
29118
28952
28960
29792
28970
28909
29187
29103
29104
29596
28910
29558
28905
29761
29866
29188
29290
28998
29148
29558
28910
29064
28988
29153
29292
29836
29887
29053
29639
29641
28950
29640
28984
29070
29628
29856
29295
29821
29141
29059
29176
29195
28978
29612
29614
29251
29009
29302
28993
29075
29129
29174
29278
29433
29613
29129
29144
29371
29382
29746
29086
29088
29007
29081
29021
29851
29080
29133
29307
29168
29752
29782
29053
29167
29148
29269
29052
29201
29085
29424
29135
29217
29411
29114
29541
29862
29304
29071
29102
29552
29116
29539
29683
29179
29627
29079
29205
29208
29611
29369
29102
29801
29305
29542
29102
29164
29233
29207
29313
29551
29137
29867
29314
29379
29218
29234
29123
29136
29330
29589
29134
29230
29294
29645
29136
29553
29793
29252
29298
29156
29318
29397
29424
29284
29430
29221
29254
29163
29180
29201
29550
29164
29180
29299
29773
29346
29330
29351
29220
29244
29297
29176
29367
29393
29334
29447
29210
29312
29239
29412
29245
29335
29551
29297
29427
29237
29361
29718
29216
29279
29236
29367
29393
29856
29187
29193
29224
29236
29227
29237
29305
29344
29512
29239
29257
29345
29417
29444
29464
29317
29379
29516
29225
29312
29335
29515
29219
29285
29540
29252
29331
29430
29295
29313
29513
29256
29340
29383
29214
29223
29321
29208
29228
29264
29228
29402
29417
29513
29304
29317
29491
29385
29515
29294
29324
29511
29213
29318
29243
29286
29296
29881
29239
29291
29361
29255
29226
29325
29393
29361
29718
29274
29244
29874
29246
29253
29326
29449
29478
29341
29511
29448
29508
29731
29258
29263
29430
29237
29253
29886
29254
29282
29886
29302
29891
29296
29321
29353
29442
29515
29250
29731
29442
29454
29616
29297
29325
29508
29269
29898
29730
29273
29881
29274
29285
29280
29279
29288
29315
29371
29309
29525
29900
29403
29446
29288
29293
29304
29270
29291
29289
29900
29385
29455
29614
29355
29301
29334
29507
29298
29904
29287
29293
29316
29291
29301
29394
29278
29292
29280
29299
29292
29340
29341
29440
29902
29443
29453
29331
29318
29896
29327
29883
29367
29383
29526
29310
29321
29510
29424
29405
29414
29514
29448
29488
29635
29320
29772
29443
29516
29324
29327
29754
29343
29401
29386
29537
29438
29483
29371
29731
29336
29364
29468
29490
29333
29375
29535
29854
29510
29380
29400
29383
29438
29513
29359
29377
29357
29534
29389
29372
29399
29772
29392
29412
29425
29415
29512
29352
29387
29836
29365
29576
29854
29855
29390
29365
29576
29429
29885
29535
29406
29462
29627
29531
29420
29404
29421
29513
29445
29400
29407
29471
29518
29882
29481
29492
29372
29475
29511
29440
29396
29667
29901
29380
29473
29906
29384
29408
29515
29475
29511
29385
29455
29576
29389
29390
29395
29416
29443
29453
29406
29401
29423
29449
29512
29423
29578
29406
29415
29494
29426
29417
29444
29413
29442
29454
29432
29452
29508
29467
29520
29457
29499
29419
29426
29516
29420
29536
29422
29512
29438
29483
29449
29478
29429
29446
29491
29464
29508
29579
29479
29484
29496
29448
29488
29487
29887
29480
29486
29505
29486
29519
29473
29474
29487
29496
29469
29471
29482
29498
29485
29465
29517
29499
29507
29498
29532
29475
29463
29464
29506
29497
29493
29523
29466
29468
29484
29509
29460
29467
29481
29492
29520
29535
29471
29502
29533
29490
29514
29494
29506
29486
29504
29501
29505
29530
29497
29887
29906
29489
29495
29522
29509
29519
29527
29530
29522
29518
29528
29532
29503
29485
29503
29493
29502
29504
29531
29516
29536
29497
29522
29538
29503
29502
29506
29501
29525
29505
29529
29899
29524
29892
29533
29904
29902
29521
29884
29536
29883
29531
29891
29526
29579
29903
29577
29905
29898
29667
29578
29538
29576
29896
29541
29582
29571
29549
29548
29862
29555
29557
29556
29557
29559
29561
29560
29561
29563
29565
29564
29565
29567
29569
29568
29569
29571
29573
29572
29573
29575
29592
29578
29667
29581
29583
29582
29583
29585
29587
29586
29587
29589
29591
29593
29823
29822
29597
29599
29601
29600
29601
29603
29605
29607
29608
29609
29609
29611
29613
29616
29618
29617
29618
29620
29621
29622
29622
29624
29626
29628
29630
29632
29634
29633
29634
29636
29637
29638
29638
29641
29643
29645
29647
29876
29649
29650
29651
29651
29653
29737
29773
29655
29657
29659
29661
29663
29666
29666
29669
29671
29673
29675
29677
29679
29680
29681
29681
29683
29857
29685
29687
29689
29690
29691
29691
29693
29695
29697
29699
29701
29703
29705
29707
29798
29710
29712
29714
29723
29717
29719
29721
29723
29725
29727
29845
29729
29731
29733
29735
29737
29739
29741
29743
29745
29747
29749
29751
29851
29852
29754
29757
29759
29761
29763
29765
29767
29769
29771
29775
29777
29779
29781
29783
29785
29787
29789
29791
29795
29797
29827
29799
29801
29803
29805
29807
29809
29811
29813
29815
29817
29819
29821
29823
29825
29827
29829
29831
29833
29835
29906
29840
29842
29844
29846
29848
29850
29857
29859
29861
29862
29888
29866
29867
29868
29868
29870
29872
29874
29876
29878
29880
29882
29905
29884
29901
29886
29903
29889
29890
29892
29895
29897
29899
29901
29903
29905
37897
39166
39179
30560
38645
39205
35157
37489
39240
35199
35983
39114
38700
38821
39125
36908
38141
39105
38597
38886
39143
31145
38497
39176
33377
37606
39173
32806
33156
34678
38215
39163
39167
38564
38810
39088
31665
34599
35835
33756
37699
39180
30075
38771
38836
35843
38051
39106
34198
36051
39118
38687
39188
39394
39172
39199
39407
33704
33804
33817
32982
35045
35506
32984
33284
33633
32385
33204
35082
31584
33492
38575
33108
33565
33812
32756
33571
35328
32699
33124
34353
31002
31512
34141
38696
39129
39238
32407
33463
33626
33127
33389
33567
32536
33445
33681
33191
33337
33677
32769
32907
34224
32276
33410
35032
31918
35256
36620
32588
34018
35107
33478
34306
35239
32762
33420
35436
30176
31224
38384
32841
33104
34637
32059
34056
35236
32614
34520
35172
33221
33474
33541
32591
32936
34999
38582
39200
39376
32543
33352
34439
32297
32538
34537
35577
36463
37357
32348
34021
34614
33051
33210
35002
36139
38669
39122
32811
33119
33825
32998
33012
34244
32887
32926
35743
32378
33451
35301
32898
33761
34059
30049
34335
38364
33170
33569
33651
32291
32589
35115
32609
33381
35847
31954
34473
34786
32730
33006
34266
32183
34340
36020
31475
35691
37068
32421
33430
34851
32602
33582
33927
32755
33041
34392
33061
34628
34840
33238
33503
34008
32184
35197
35374
32481
33705
33849
33031
33334
34080
32740
33751
39225
31798
35670
35882
32617
33568
39231
32166
32716
34958
32283
33762
36126
31778
34859
36367
33080
33414
37516
32834
32934
35432
32467
34177
34451
35180
37114
37773
32738
33581
35872
34284
34390
35306
32689
32712
35005
32881
32915
35812
32018
34976
36164
30853
37605
38140
32429
34924
35084
31960
34568
36227
32549
33485
36109
31902
34988
36277
30865
35204
38436
37861
38822
39110
31841
35346
36483
32776
33249
33995
32616
33477
33523
30615
38401
38778
32159
34053
36439
33186
33832
34030
32892
39262
39266
34087
35524
35762
31974
34577
36468
32133
35147
35215
32464
33365
36089
32446
33056
33493
31702
35541
36395
31716
35429
36178
33093
34234
35134
30083
36710
37334
30737
36858
37930
31999
35782
38076
32882
35729
39264
32719
32827
35848
33018
34621
36467
34428
34717
35129
32486
33576
33627
32119
35332
35711
32485
33691
34871
32566
33498
36517
32313
33446
33698
32293
33600
33886
32179
35758
36460
32361
35616
39256
32637
34153
36212
30140
37367
38670
32660
33116
34834
31668
34665
36877
32618
33155
36346
32939
33168
37244
31162
36796
37570
36496
38651
39153
32471
33372
36450
31481
36070
36626
32432
34954
36551
33034
36133
39271
31610
33558
38580
32404
35456
39221
33746
36031
39316
32666
32828
35363
32051
34772
34826
34238
38979
31623
36062
36079
32694
35900
39300
30132
33258
33327
32836
34221
36542
32245
34530
34740
32216
33438
36804
31945
34731
35313
32645
34074
37696
31349
37406
37412
31209
36552
36851
31491
35088
36907
32147
35819
39284
32201
35594
36604
31327
35757
36875
32000
35829
37235
31589
35216
36872
31346
36795
38018
32088
33538
36761
33013
33057
34721
32885
36637
39234
32081
34592
35018
31368
36231
37407
32260
33749
35227
35631
37203
39270
35905
36648
39317
31606
35979
32039
35923
36472
32635
33355
37349
32177
33697
36529
31441
36802
37592
31246
35887
36994
31576
32946
38237
31367
35836
37111
37498
38410
32952
35994
39274
30961
37278
37334
34296
35449
39165
32258
33307
39308
32277
33125
36374
32503
33071
36311
31873
32068
34529
31567
34890
36997
31531
36859
37324
31905
35049
37245
32137
34062
35598
37398
38236
39419
32410
33580
34148
31638
35756
35935
32686
33448
36695
32252
33254
36752
32066
34165
37695
30108
33180
36942
31188
35358
38118
32269
33266
35381
32342
34250
36095
32008
34624
35643
32207
33225
34015
33205
33945
37634
36545
38639
31935
33899
36922
32807
33304
35343
32044
34611
35857
31548
36105
36246
31254
36399
36515
30539
35183
38476
31341
36446
37133
32030
33860
35310
31837
38077
39150
32871
33320
37288
31260
36486
37490
32134
36326
37206
32290
33146
35271
34251
36313
39292
31870
35409
35932
30417
34469
38731
31963
34643
37328
32399
34213
36966
31115
36478
36967
31913
36442
39232
31080
36785
37372
31955
34378
36247
34105
35220
35969
38874
38878
31357
35006
37273
31633
35534
36057
35369
37736
39189
32586
34076
39223
32468
35366
37139
33383
33699
38864
32731
34293
35511
38487
39159
31901
33397
36792
32038
37649
39418
32751
36766
36903
31070
38356
39380
31033
35951
37143
31358
35771
37762
31713
35612
36528
31415
36033
36436
31421
36433
37797
31310
36547
37109
31453
37352
37423
32164
34078
36069
31733
36355
37669
32710
35418
37439
31282
37270
37659
31249
32298
38622
31941
35171
37902
30917
36567
37493
31267
35269
37078
31767
35571
38386
33846
34366
36165
30774
36593
37189
36035
39222
39304
33207
35416
36307
31843
34907
37430
31143
37003
37792
31539
35832
36256
30255
37398
37412
34108
34600
34714
32417
33920
34167
31006
36066
37264
30987
37185
37519
32497
35430
37172
31469
36229
37555
32281
33496
35181
36858
38124
31975
33977
35669
33563
34848
37904
33092
36099
39235
30381
34691
38183
30447
31605
31949
31274
32651
38351
30220
36587
38234
33374
33435
39414
31471
36239
37537
30929
36094
37008
31614
33799
37030
30371
37667
38739
30550
38025
38579
36879
38671
39158
32522
34419
35833
30557
38393
38719
32814
34100
37486
36371
36763
39168
32345
35972
36408
30693
36051
38175
32735
33409
37102
32875
33000
37378
31001
35869
37141
31192
37982
38802
32058
35824
37965
32966
36556
37037
31906
35926
39342
32585
33091
36656
31645
35195
36234
31842
34283
36381
32510
32736
35399
30849
38107
38630
31608
34404
37656
31784
34598
37220
32677
36799
37260
32156
33393
39382
31972
36305
37259
31129
34882
38877
32649
34566
36687
31781
36287
36370
30807
36569
37091
31708
37504
37556
31291
35286
37340
35302
37407
30993
35408
37251
30806
36471
37159
30757
35846
37866
31731
33695
35768
32074
33553
35395
31773
33628
36782
32715
36162
36540
31083
37050
37291
31863
35708
36380
31381
36633
37497
32122
34672
37428
30367
31957
31973
31459
35820
36171
31705
34295
36977
32983
34677
37810
31002
31508
37485
32675
35744
36636
31376
35014
37204
31223
37188
37626
30883
37086
37140
32106
33150
37032
31689
36013
36769
32261
35068
37479
31156
36469
36610
32801
37507
39326
31029
36506
36764
31479
36653
37041
31755
36758
36926
31618
33487
37874
31039
37646
37755
31325
34879
37134
31022
37100
37895
32547
36841
39301
33344
35141
37542
35199
38106
31222
34798
36968
32287
35740
37081
31522
36427
36500
32223
35023
37321
31378
33319
37303
32121
35769
36982
30628
36868
37140
33137
35546
36625
31991
33394
35661
37426
37595
39178
31324
36491
37123
30501
35843
37435
31577
34017
36991
31332
36580
37115
32309
34228
36959
31091
36958
36975
31986
34877
37384
32389
32733
34138
31880
33298
36837
31305
36285
36572
30922
36579
37484
30381
33765
38073
32613
33787
39277
35305
36401
39253
32102
35287
36835
33149
38044
39134
31959
34036
35587
30609
36990
37484
31823
37180
37830
31413
35502
39133
34403
36304
36972
34000
34084
36375
31400
36273
37346
30855
35358
37076
31771
38145
38383
32355
32460
36390
33248
35371
36466
31949
33329
37256
31674
35421
36084
31340
35888
36953
32774
36430
36890
35865
37089
39198
32978
33139
36960
30701
36747
37159
32449
32496
34601
32096
34305
36996
30651
37753
38506
31186
35314
37458
31815
35073
37232
38479
38629
39355
31027
36712
36742
30881
36022
36862
31117
36957
37019
31553
35818
36238
33288
36817
38422
33133
35883
36187
33267
33269
37900
31323
36085
37571
34997
37060
37267
30334
31231
36328
32744
32987
36723
31643
35008
36992
31541
34265
37056
31690
36402
36973
33214
33292
37499
30726
36198
36830
30526
36871
37109
31862
34593
36159
31158
37885
38016
31116
36663
36682
30761
37063
37091
30697
36567
37403
33850
34176
36665
31451
35793
37582
31687
33521
34516
32027
35126
36397
31154
36896
36979
32516
35176
37331
37498
38722
31775
34453
38328
34256
37869
38310
31468
35721
36791
31174
35622
36153
31272
35719
37832
30618
36518
36712
30499
36998
37455
31501
35686
37243
30610
31257
33180
31350
37132
37725
30555
36534
36764
30770
36130
36449
31515
35483
36297
30997
37347
38050
35324
36319
36646
31347
36781
37301
32711
35345
38085
31388
37173
37594
36321
39305
39320
32929
36629
37392
30473
34260
38312
30838
35180
38349
31067
36449
36536
31230
37094
37095
31551
36028
37399
34125
35690
36653
31571
34187
38100
32077
36000
37064
31395
37295
37837
31500
36183
37113
30630
36937
37189
32012
33951
36925
33482
38738
32339
37609
37713
31333
37464
37827
31221
36310
36756
37560
38719
35626
38271
39508
30812
36871
37188
30561
35369
36963
33302
34720
38736
30535
38095
38619
30566
37491
37497
31124
36476
37036
37615
38402
39131
31105
35651
36577
37478
37623
32469
32852
39117
31059
35463
36485
31247
35020
36702
30582
37564
37854
32083
36432
37410
31205
37496
37563
30562
36469
36690
31126
37026
37985
30642
36690
37008
31439
35489
36191
31266
35815
36836
31600
33870
37069
32247
33776
38004
31624
34315
35731
30829
36003
36609
31431
31484
38654
32526
33424
35190
31151
36384
36832
30670
31566
35459
31803
32405
35953
31558
33689
36612
36658
39275
39318
30931
36387
36862
31097
37088
37327
30769
37126
38230
32211
36932
37614
30977
36686
36917
33404
36908
39146
31182
38138
38302
31014
36249
37236
30415
36868
36967
31228
35911
36734
34240
35629
37460
36515
36747
32195
38451
39367
31604
33558
31390
35908
36144
31406
36110
36570
31025
37285
37416
31692
34933
37129
32959
36646
37750
31524
35531
36985
33147
35979
38494
32200
33781
35624
38708
38997
39544
31031
36750
37377
30775
37100
37676
37956
38502
39420
32136
36589
39219
31355
34756
36707
31839
34663
36315
30962
36631
36888
31682
33755
36849
31308
35861
36492
30859
36457
37019
31120
36949
37144
30713
36477
37112
30503
37688
37929
33312
33980
37923
37376
38346
38885
31700
35041
36812
31731
32636
37938
32143
34288
37119
30911
37120
37279
37077
38015
38108
36786
37257
31768
37374
37691
31454
37167
39400
30657
37596
38001
32197
34040
34359
33038
36143
38184
31179
37193
37482
30546
36534
37143
32150
33550
37576
31032
36914
37358
37487
38058
38244
31461
34837
37065
33245
38652
39005
31632
38239
38571
31359
38001
38106
31552
35265
37814
31300
31973
38774
30878
37059
37118
31384
36235
37057
31429
36054
36107
31127
37474
38412
30601
36937
37050
33228
36058
36905
30867
35916
36566
31210
34972
35858
32375
32937
36042
35122
39192
31034
36345
36777
31003
36361
36664
37829
38187
38775
35335
35837
37648
32084
36055
38751
31153
36348
36609
33509
35066
36337
30960
37939
38476
37048
37896
38203
38097
39050
39208
30685
36457
37141
31279
35678
36538
30795
36910
36921
30868
35697
37151
32188
33480
36082
32098
32548
36288
30519
37099
37537
38512
38776
39278
30800
38689
39505
31119
37454
38350
31759
34843
36127
33674
36214
37870
32372
33063
37517
31302
32884
38636
31607
33495
36385
36038
37706
31005
36987
37125
30571
36221
37612
31087
36623
36830
36532
37924
30781
36931
37196
32418
33052
35767
30842
37519
37596
33889
33906
38675
31307
35863
37216
32206
39310
39422
31040
36671
36961
31550
37452
38136
33257
33369
37011
34431
38013
38211
31711
34462
37943
30940
37038
37118
31697
35561
36300
31719
32289
37473
37785
38611
39193
36785
37063
31495
36156
37215
37424
38445
38772
31362
35965
36936
32120
33830
35713
30565
38264
38400
30586
31865
37452
35865
36579
30560
31211
35690
31063
37183
37362
30888
37255
37315
31373
34934
37666
31016
37678
37758
32423
33437
35476
32408
33974
35795
30647
36518
37264
38201
38706
31417
34035
36839
31180
35495
37096
31518
31525
31979
32066
38645
32406
33922
36086
31321
37491
38418
30841
37283
37336
31256
36192
36407
31699
36708
37616
30892
37130
37385
35820
36387
31335
35799
36146
31686
36975
38384
33023
35992
38341
30632
35094
37841
30964
37966
38353
30906
36509
36779
32520
35348
36856
31183
36153
36494
36471
36875
32271
33743
37325
34153
36859
30992
36790
37038
37104
38663
38757
35699
36275
36552
36958
36569
36994
31146
37368
37505
30694
35697
37550
37847
38101
36796
37086
34973
36710
38185
30820
36054
36163
30644
35183
35596
30706
37101
37157
35481
38204
31900
32265
38268
31212
37028
38591
30799
36850
37013
31547
37099
38193
30686
36906
37071
31657
37922
38347
31929
36376
37975
31370
37468
37559
33014
38401
38797
30674
36860
36929
37995
38427
32320
37218
38902
31535
35665
37187
30712
31783
32996
34319
34469
31049
36864
37309
32439
33766
37233
31035
36700
37022
32857
32910
38079
32073
33348
36558
34429
37524
39319
31804
36484
37721
32109
32634
32874
31513
37421
37639
31072
36228
36577
31537
37425
37761
31467
37807
38182
37799
38446
38570
35302
35440
36368
37133
37493
32729
34493
36522
32338
34113
37073
31627
36073
36954
31344
36479
36767
32519
35568
39236
31020
35404
36005
31662
33857
38123
36460
36547
30666
34362
37729
33442
33826
38379
31444
32387
35839
31538
35206
35997
32023
35658
37981
36496
38732
31419
35682
36597
31850
35671
35955
36593
37111
31971
35117
35737
30969
38355
38472
32403
36204
39321
30914
37079
37480
30933
36827
37059
31533
35026
36309
31175
36699
36746
30804
36718
36906
30645
37010
37024
36062
36633
35388
36444
38293
36033
36742
31738
38252
38534
32816
37861
33209
33976
39291
31995
35573
37766
30719
35561
36150
30856
36751
37513
30768
36720
36726
31606
34196
38650
30703
38434
38876
31484
34254
38343
30665
35483
36228
35195
36536
31112
36531
36790
36990
37792
36865
36882
30766
35719
37321
35818
36623
32437
33231
39121
32249
33757
35417
30700
36912
36920
37028
38630
32777
33838
38103
30872
37560
38595
31497
36005
36064
37708
38293
38307
30779
33204
36884
36626
37406
31082
35203
35781
31619
36207
36578
31544
35121
36741
30708
37344
37488
32504
37959
38861
36080
36754
39405
30908
36473
36883
36130
37078
31102
38304
31673
35908
36494
30824
37221
37383
30727
36649
36783
36587
38705
36521
36711
38664
31046
36243
36681
30990
36400
36721
36825
36948
32019
33777
34182
31185
36544
37165
31104
36150
36485
31042
37539
37835
31271
36732
37070
32581
39220
39360
32079
37051
37394
35500
37267
37627
31543
38309
38365
31044
36708
37830
35421
36348
36865
36938
31458
37808
37914
31701
34540
36581
30970
35860
37456
30965
34837
34934
31058
36613
36989
31170
34448
36869
36427
37592
37642
38616
34471
37413
39252
32374
35901
38198
36229
37291
32754
33309
35574
30793
37287
38258
36824
36901
35756
36506
32034
32714
38435
37257
38389
32353
32900
36108
31397
33048
39400
36901
36948
30866
37208
37411
37382
37471
32553
36144
36754
30984
37970
38155
31816
34395
36969
30971
31322
32725
34798
37328
37886
37951
38113
31675
33100
38744
31635
35614
36453
31147
38050
38175
31061
35966
36702
36198
37340
35597
35613
38929
37330
37850
38198
30787
35966
36073
31392
38014
38438
31706
33884
36475
31366
37955
38252
36066
36872
36606
36938
30904
36722
36988
30890
35710
36207
30958
37654
37728
30954
35489
35495
31252
35948
36488
31382
35768
39479
31640
35298
37359
32306
34454
36775
32185
36846
37124
36055
37439
33285
36866
39214
32442
33088
34326
32244
34662
36266
31103
35468
37832
31696
36601
38272
31243
38519
38577
31877
35237
37446
31142
38739
39142
36574
38310
38467
31318
35830
36334
31010
37046
37873
30920
37023
37058
31202
34770
35589
31528
33811
35928
33831
34515
37138
31779
36902
37284
32684
32916
33001
31555
35746
35781
31311
35750
36857
37816
38508
30939
36554
38171
30803
31433
32884
30991
37287
38373
35612
36610
32678
34135
35533
31330
35879
36537
32571
34239
35687
30783
36003
37134
36821
38516
33024
37739
38845
36493
36825
37712
38032
36094
36907
31189
32701
34152
34218
35787
38566
32524
32773
35971
35882
36446
35534
36957
31924
36557
39315
32977
33332
37968
38849
38870
39325
37347
37490
30894
37057
37113
36783
37010
31203
36827
37640
35671
35875
31079
35162
35650
32413
34690
34963
31278
36947
37046
36477
37204
32288
33070
35852
31724
33840
35727
31356
38165
38230
32004
34377
35547
32110
37067
38407
37314
37539
31086
37492
37503
36912
36929
30973
32197
33857
31629
34447
36113
31428
36970
37210
36519
37024
38415
38720
31445
34354
36930
30816
37026
37639
33411
38555
37153
37314
31110
37153
37434
36178
36478
36239
36395
30828
36112
36718
31068
38500
39251
35991
37565
38053
31852
33915
35558
37426
38118
35323
38238
38609
31015
36255
36284
31017
37637
37853
37437
37742
31794
35650
35894
30995
35858
36183
33661
34370
37294
36022
37273
32843
36322
39218
31193
36174
36639
31435
35248
36335
37360
37488
31859
34583
36176
30854
37684
37752
30968
36588
36634
36173
36606
35869
36997
30848
36519
36650
30845
37047
37317
31150
35710
36707
31195
35816
36743
31412
35884
36672
32849
36715
37699
32559
33878
35232
31064
34354
36235
31687
36466
32111
37147
39332
38267
39057
39212
37444
37758
33156
36728
31296
32299
33900
34962
36369
36595
37151
36983
37005
30996
35026
36191
31108
33306
38357
37004
37202
34234
35829
30860
37401
37567
38081
38608
38905
31434
36487
38257
33227
38687
37873
37944
37135
37626
36882
37202
32050
34180
35280
31371
36683
37112
37895
37965
37420
37456
31443
34560
36814
31714
35826
36829
31244
32982
33817
31092
34560
35860
34370
36187
38546
38888
36192
37036
36437
37270
32204
33822
36071
33111
36026
39297
37984
38257
39161
37185
37324
30974
37312
37457
33324
34759
37999
33459
38693
38869
31066
35890
37852
31710
35581
35589
36491
36580
31166
35752
36112
31206
31389
32265
35951
36877
32063
34511
37308
35923
36399
32199
38139
38344
32225
38489
38616
31217
37167
38236
37470
38893
39174
36726
37101
31155
34485
37957
35622
36977
31178
37801
38158
37282
37471
34671
38275
39388
37173
37496
31704
37703
38267
36139
37905
39170
37653
38162
38433
30924
37650
37970
33604
37198
38858
33232
34117
36015
32294
36455
38057
31546
33482
34432
35350
36416
39365
36415
36824
33462
36885
38460
36255
36860
33227
38110
38806
36197
36920
30915
33661
35840
30998
36076
37096
36850
36931
31167
36163
37458
31078
36188
36194
35816
36751
35237
37056
33019
38398
38477
35256
36795
31822
35059
36660
32480
36336
38265
36943
37360
33668
38499
39196
38416
38499
33184
33960
39244
36641
38247
31306
33746
35306
32534
32832
35570
30955
37420
37469
31290
35945
36531
35887
36227
32373
32435
35897
34036
36107
35462
38101
39115
37419
37567
35523
38550
38710
33380
33594
38194
30963
35944
36415
37252
38174
38212
31013
31313
37768
34315
36476
37312
37401
37655
38791
39536
31038
31788
39182
34979
34993
39185
31534
35368
37029
33075
35024
39237
31121
38363
39156
37988
38087
38641
31634
34916
35813
33036
34409
38601
31489
36776
36947
31616
33663
35529
31176
37310
37433
37686
38126
38883
37728
37742
35916
38123
31380
35875
36767
37440
38474
38880
37808
37985
32190
35450
38165
36367
37003
35172
35837
36473
36910
36197
36217
37474
37762
37700
37752
30979
35614
37421
31499
35918
37463
36503
36918
37180
37609
36554
36566
31364
34961
34198
38588
39423
36306
37670
37469
37670
32273
37403
38592
32327
33733
35855
36509
36921
32093
35540
37738
37146
37186
31108
31413
31947
31354
32645
35045
30999
37468
37922
31396
35259
35899
37598
37700
31094
37575
37617
32189
36120
38705
35374
36070
34335
37879
38845
31077
35997
37065
35868
36649
37944
38155
35531
37115
37454
37902
31219
37222
37787
37492
37563
37186
37437
36483
36802
36970
37654
37087
37177
31486
37371
38722
35824
36468
36199
38007
36722
37157
32007
33601
35550
37058
37382
35836
36164
31630
35477
36874
31827
36037
37170
31476
37409
37756
37132
38258
31407
38169
38853
31488
32602
33704
31038
33268
38694
36361
37315
36386
36493
37526
37744
38344
38417
36801
37518
38712
32572
32831
36124
35651
37030
31530
35840
38158
32494
37244
31532
34292
37697
31283
34098
34972
36987
37130
31437
35601
36516
33977
36238
31993
34458
34968
33860
36171
31979
32239
37553
35314
37428
38488
38699
35757
36020
36588
37385
36188
37013
32330
33726
35725
32428
32820
35619
31313
35793
36085
36400
37196
31168
36092
36140
37071
37513
31581
35329
35945
38214
38299
33198
33644
37909
36044
36720
31236
37228
37534
31432
32038
36031
37317
37744
32638
33700
34777
31872
37007
38250
32456
32794
35490
33732
36497
38430
31554
33170
34284
31313
38181
39113
32845
36757
38716
31525
34589
35253
36174
37383
35286
36922
33027
33114
35461
33830
35746
32017
32889
37840
36918
37282
36541
37594
31425
36145
37450
35656
38119
33553
36297
38506
39126
33153
38124
38754
38297
38524
33933
34383
37304
33781
36064
31806
35952
36615
31783
35214
39107
33103
34535
35250
32800
38712
39156
37495
37684
36096
36650
35463
36991
32875
36528
31983
38105
38128
35020
36782
34378
36436
31504
31665
35157
31089
35404
36849
35826
37215
33394
36300
31149
31460
33224
34377
35431
37921
38135
38232
37068
37930
37323
37419
31096
35203
36612
38138
38145
32739
36541
38324
34180
35090
37183
37344
31987
32019
38164
31196
36044
36213
33570
33740
36393
32853
34449
37438
38163
38203
31129
38816
33437
35894
35269
36761
31405
33075
35206
31249
32775
38654
31749
37790
32148
33232
37446
36641
38373
31227
37585
37730
37045
37457
31621
36076
37580
31338
37300
37400
34473
36079
36631
36686
33496
36084
32759
36068
37720
35771
36439
37005
37678
32360
37175
39157
34634
38815
38868
37355
38262
38907
36249
37368
32897
37554
38542
37352
37691
36277
36851
31285
35507
35663
35667
36260
31436
37076
38351
31224
33736
38768
31207
37598
37730
32448
33211
34985
31592
37514
37525
33529
36103
39216
31184
33147
36817
31304
35692
35961
31253
35868
36647
31334
36362
37377
31767
38957
39289
31982
33606
35251
33449
38370
35239
35758
38564
38779
38792
31188
33178
33468
36243
37255
32437
35082
31840
34435
35880
32010
33022
36166
33757
35581
36732
37336
31280
37893
38143
33424
35955
36949
37283
35085
39503
33266
36234
31474
36308
36312
33749
36057
37581
38170
39135
31301
35864
37577
31374
36441
38322
33269
36472
31510
37276
39185
38274
38287
38947
31580
35090
35928
36516
37434
35117
36362
36006
36503
31239
38157
38160
31719
38079
31937
34246
37441
31298
37676
38016
32850
32866
35641
34305
36529
35830
36664
38299
38355
33327
37414
38621
34265
36792
37237
37444
33974
34877
31393
37105
37160
35345
37206
33922
36578
37351
37630
36140
37362
35006
36804
31849
38560
38738
33414
31536
38027
39203
31588
33819
34497
38378
38646
38794
38520
38617
36030
36943
38048
38747
38824
35188
37004
36060
36386
31213
36030
36205
31715
34722
35902
31235
37892
38536
31270
34770
36385
31962
33272
35081
34756
36837
36484
37123
31331
35188
36091
36156
36246
31777
33175
37042
37666
37738
31447
38148
38589
34840
35691
34511
36000
37797
37939
36486
37235
35985
36181
31426
36088
36093
31854
33932
35443
36728
38595
39144
35983
36409
31805
38083
38614
38347
38422
31791
34375
35413
36700
37279
32110
39342
33377
37089
36891
37804
33853
35735
38715
31418
37555
38136
37577
37650
35750
36888
31559
32239
35540
36671
37120
31258
34486
37020
33517
33897
34806
32625
34803
38086
35468
35703
37748
37208
38359
38083
38302
31564
37201
38129
37795
38313
39299
38356
38389
31387
34968
36309
32107
33554
36685
35348
35965
37668
35926
37713
37958
38117
33526
34050
39353
35107
35541
35014
36752
31292
34995
39228
36259
36504
35947
38182
38780
32254
38534
38602
36181
37023
36173
36548
33691
35935
33085
35184
36768
36746
37236
36595
38423
37265
38468
37784
38683
39306
35236
35346
31542
37154
38663
31404
37719
37980
31316
36037
37559
32124
37035
37227
31936
33880
35207
35799
36917
35088
36109
32176
34434
35398
38336
38758
38917
33700
34684
37237
37395
35068
36089
31976
36148
39248
38771
38787
31837
35471
39484
31764
35431
36475
31519
34375
36453
36956
37495
35368
36777
34117
37616
31527
34246
37210
38637
38653
36312
37503
37169
38173
38220
33740
35731
31978
36350
36691
31909
35148
36024
38606
38612
38866
38375
38598
38940
33822
36985
35216
36126
37501
39227
32286
33173
35360
35627
35893
38335
31676
38008
38555
31520
38242
31375
36106
36211
33168
38343
32256
33708
35792
31383
35038
38361
35427
37240
31326
35242
37963
32097
34497
34594
34728
35944
36384
36896
37776
37973
35948
37125
35879
37144
31729
34753
34967
36371
37595
36093
36883
31610
32108
35835
35609
32356
33200
34911
31411
35162
36969
35726
36591
31391
37045
37467
35692
36988
31967
34684
35529
32652
34098
35645
33651
36766
31364
33473
36345
37416
35815
36663
34890
36450
32257
33582
34451
35429
32198
35184
36968
31965
32015
39310
35988
36983
35331
36096
35911
36682
34283
36273
34535
35885
35952
36779
31996
33925
35235
32540
34850
37919
38239
38383
32001
34301
35742
35861
36979
35215
36620
31496
38206
39098
32397
33524
35514
34879
36959
31385
37535
39477
34599
36463
37482
37526
32284
35001
36887
35524
35905
37079
37835
34086
38262
38510
37629
38470
39228
38500
38631
38721
37664
37871
34295
36374
38109
38148
34665
35847
34988
35328
32469
34678
31671
33504
38359
31364
36470
39100
32034
38664
31521
34753
36776
37604
35963
38649
39137
36328
38766
34614
35670
34240
35002
32470
33714
35425
33766
37614
34454
36954
32169
35272
35638
38926
36432
37325
36179
38529
35745
35988
34643
36346
31888
37371
37656
33285
36416
31946
33885
34443
33103
36154
35711
36903
33604
38463
32529
33569
34453
36604
33960
37517
32542
32805
34121
36904
37146
35658
36105
32461
34281
32306
36086
36306
37842
37704
38089
38668
38143
38214
31615
34416
36675
37221
37327
34953
36194
38891
38986
32387
33096
36170
32135
36822
37097
36310
37095
31788
37432
39182
33993
37602
38425
33317
36154
37305
38472
38519
36598
36956
35682
36756
34116
39428
32032
33696
34675
33425
33711
33961
31510
35240
38509
39187
33517
35330
36106
37047
31749
33179
32789
37520
38901
32269
35669
31540
38418
38774
31675
38566
38592
38731
35259
37022
32398
32664
34928
34859
35032
31438
37669
38066
38071
38421
39415
32865
33398
37475
36880
37395
36160
36217
31889
38141
38600
37284
37914
32526
35737
36018
38615
38787
37504
37885
37313
37754
32203
33750
37972
38400
38670
35148
36721
37516
38650
37240
38247
36963
38412
34187
37384
31793
35752
36378
35084
35782
31460
32532
38317
35507
38171
31546
35535
37289
34540
38328
31659
32989
38829
37712
39102
37764
38703
38814
35448
35998
39406
31951
34478
35329
35863
37285
32187
32792
34935
37646
37761
31565
38202
38638
34290
37662
38840
35057
35821
38399
31625
34334
37305
37374
37525
32281
35587
32010
36674
33487
37410
32552
33356
34964
32951
34887
39437
32103
36265
36930
33848
38228
38629
31760
32181
33981
37248
37982
36110
37346
33000
36247
32565
32767
35714
36467
36799
32241
34813
35601
32206
32620
37696
33714
36829
33832
35418
34916
36699
31740
36582
38797
31834
32662
36393
36433
36517
31613
34728
35266
33334
35762
31661
32231
37051
35606
37586
37637
35569
36805
31529
37372
38008
37278
37486
31575
34953
35273
38112
38134
34662
37725
31885
35615
37239
34568
34851
36618
38504
38517
31808
37640
38268
38261
38441
39241
35665
37430
37541
38170
32423
35547
32192
36216
36814
35615
36681
35594
37064
36613
37837
32438
38897
38924
31769
33616
33768
38052
38325
32214
32669
34604
36175
37824
39258
32873
36080
37552
32897
34027
33699
36333
37718
39186
37999
38678
39273
36689
39141
35176
37423
33196
33616
34201
31991
35624
31985
35977
37174
37175
37988
38709
33342
38000
36134
36904
33459
35990
35942
36598
34074
38076
32538
32997
39226
34447
36734
35688
36809
32627
35956
36819
37397
37580
33689
36390
38193
38636
35883
38651
33761
35197
36750
38341
33870
38100
35977
36634
33052
36992
31549
37223
35678
37571
34288
37874
35888
36285
37570
38560
34076
36133
37807
38545
32062
33615
38485
33733
36538
32291
39263
39267
38237
33927
37260
34907
35049
38388
39202
31676
37378
36544
37088
33397
35900
32074
35661
37934
38082
32249
35280
33006
33429
33705
31898
35487
37501
33628
36095
37117
37585
33329
33508
39414
33627
39225
39265
36356
39243
39296
32101
33537
39218
37554
38696
32859
37649
32071
33987
35639
34577
35436
33187
33503
33747
38015
38298
39194
32022
33445
33827
35686
36926
33898
34592
35018
31917
33463
34103
32128
34031
39191
34977
35331
37148
38582
33899
35994
31726
33621
35738
31946
32315
34458
32638
34594
36811
37467
32378
33313
33489
31943
33737
34054
33080
38211
32474
33158
34724
32421
33235
33242
33015
38217
38445
33811
36288
34976
35301
33859
34530
34740
32026
33794
36933
32866
36741
36068
38250
39201
34151
34772
34826
32699
32798
33869
32276
33277
33533
34097
35633
38613
35289
37211
38801
32530
32907
33693
35298
37243
33001
33659
37535
34323
36651
38710
33491
33600
34648
32604
34424
38281
32560
32770
38680
38040
38522
33298
36035
34100
35812
33477
33568
39257
38028
38449
33012
33064
33315
33097
33353
39230
34536
36160
33538
35729
35283
37909
33495
36321
34167
34959
39266
35721
37464
32120
35417
32895
33108
34139
35795
38317
32317
33666
34578
33031
35332
35918
37505
36479
38103
32407
33626
34144
32406
35713
32358
33337
34373
34722
36857
34301
36639
33446
33849
39285
33209
37349
32030
35181
33880
36334
32874
37331
32700
36784
38396
32998
34107
34244
32260
35310
35590
36364
38887
35477
36989
34293
35511
39262
32570
35925
38097
34843
36953
31874
33706
34172
31975
35395
33056
34533
39231
32811
33825
33901
33916
35633
38000
32716
33104
33903
33116
33730
33751
32576
34328
37701
32303
34276
34810
32824
33507
35359
32836
33839
33887
34496
34731
35313
36884
38591
39124
36932
38575
32467
33640
33948
31976
39249
37234
38828
38887
32285
32422
37033
36407
37756
34842
35409
35932
33127
33567
34504
37786
38395
34574
34624
35643
32450
33389
34484
34340
34353
33124
34353
34664
32379
37449
37621
38600
38846
32348
33590
33999
33976
36996
31959
35190
36735
37370
35805
38278
35596
37624
38416
31845
38615
38836
33284
33633
34660
32359
33457
34478
33238
34008
34140
33799
36313
32950
33119
33439
32326
33552
34322
34571
34611
35857
37605
37736
34554
36289
32658
32984
34591
35740
36402
34848
36143
32169
38410
39280
35248
36961
31930
34054
35081
36659
37776
37973
32059
33718
33807
33393
36375
32200
35476
32717
33669
34255
31877
36661
39224
35884
37309
32079
36311
33541
34621
31760
34459
34769
38620
38790
33697
35848
33755
36401
34062
34285
35598
32485
35227
32297
34437
34537
32050
34777
33480
37399
36038
36998
38897
31955
35381
32773
37187
35376
36088
32898
34786
34809
36287
36370
32536
33681
34495
35907
35974
33933
34516
34707
32769
34224
34787
33307
33523
39309
32381
34310
35360
33932
36488
33430
34774
34851
33163
36645
32391
38160
38233
37015
38432
39427
32805
36266
32523
35057
38715
35521
37671
32514
32919
34386
37440
38484
36561
37934
38082
32589
34538
35115
32404
34122
34266
32898
33161
34561
37541
37747
33191
33677
34854
34622
38156
31984
33321
33490
31789
33540
36103
38465
38995
39526
32554
35674
38009
31837
33454
39484
31865
33411
33923
32072
34815
36265
33005
33186
34775
34667
34016
37164
37893
32591
34999
35113
38283
38666
38822
36945
37222
37787
33449
38259
39280
36028
37295
32196
33310
33416
35010
36013
36769
33576
33580
39293
33915
36492
34845
35859
33474
33541
35031
33451
34819
35301
33041
33597
36717
33897
36223
32802
33715
33795
32701
39490
39617
31891
32173
35121
37425
33663
36204
32577
34472
34552
32635
36326
33289
33737
33805
33254
35616
33410
34992
35032
32503
37139
34720
36807
37767
32265
37588
33389
34306
33440
37514
34177
34451
34741
35708
35972
32755
34392
34413
31844
36770
34593
36572
32310
32451
35024
33571
34857
35328
35143
36442
39233
33518
37878
33289
34310
33146
33698
33873
32109
39216
33225
33886
35225
36548
36645
32004
34806
33565
33812
35123
33420
34990
35436
36245
37958
38117
33186
35147
31934
33819
36124
32346
33444
34279
32080
34719
35376
34021
34614
34783
32496
39214
35059
36836
37256
38085
36284
36709
32029
33981
37842
37323
38067
33164
36223
36887
33416
33490
33958
34522
36430
36890
32267
33801
34336
32712
34479
35005
34939
36285
36572
36145
37193
34017
36658
32958
35330
36819
32847
32954
36025
35657
35832
36256
38370
38532
38634
32133
34130
34282
33554
36146
32586
35631
34296
35019
35449
36733
37942
38238
38843
31954
33969
34407
32759
37233
33832
34030
35039
36965
37522
38979
36624
37184
38817
33506
34589
37438
33449
37667
38739
35186
36908
38141
31925
32377
36452
32543
34439
34685
35579
38346
38528
32065
34221
34763
36542
32937
36381
34276
36092
33221
34924
34933
37094
35008
36256
33871
36744
38771
38787
32600
33115
34815
32818
33345
38086
33264
34356
35779
32946
37900
31971
35250
32978
34325
34834
33925
36537
32764
33221
35046
34104
35985
34056
34841
35236
32436
32648
35136
37529
31998
34689
36216
32202
34104
34863
33606
36597
32054
37586
38164
32167
33574
36424
34963
36832
34677
37037
34078
34612
36069
34143
36774
35717
37424
38948
32166
34487
34958
35414
38652
38703
32104
37164
37613
35769
36013
34979
39507
39552
32439
39382
34551
38436
32951
36026
38183
38336
39008
31911
37117
37683
39223
33381
35015
35847
34165
35455
38871
33125
35456
32915
34894
35812
32585
33493
34051
33796
37866
39119
36590
37351
37630
35779
36213
31942
35739
36308
34733
36162
36540
38360
38766
35186
37892
32451
34268
39436
33821
39288
32396
36919
37249
35382
36039
37799
32205
33358
33724
35397
36663
36682
36170
37148
37720
33592
34108
35264
34552
36691
36165
37313
37754
33907
37721
33034
34958
33633
34628
34018
34876
35107
34306
34758
35239
34598
35832
31963
35537
39233
32003
38820
39349
32799
35885
37697
35738
36647
36307
37087
37177
33262
35864
36808
37644
38277
33155
34637
33498
35105
36517
36398
38481
39149
38459
38589
39147
32291
32407
34108
37357
38506
39250
39430
32334
32965
35425
36462
36781
37301
35843
38051
38951
33761
34059
35198
34583
36570
32040
36271
35191
36402
36973
34358
37208
38546
32970
34400
34441
34113
37220
32381
33154
35532
33485
34811
36109
37632
38416
38499
38073
38606
39003
33196
34364
33762
35115
33801
35961
32436
35505
36049
34628
34840
34908
34721
35546
36625
34732
35729
39264
34053
34999
35645
35917
32470
35971
34609
37379
37543
34078
35409
35441
35647
35500
38456
33328
38849
38860
32770
38397
32489
33169
33299
39336
32214
36071
33210
35002
35353
35204
36673
38596
39356
32184
33252
32967
34091
34340
34655
36020
33109
34391
38657
36161
38261
38441
32670
34019
33337
34018
32580
33270
34689
32524
35767
39232
34744
36675
37171
38873
38875
34738
35126
36397
32097
34201
32308
36120
37032
34559
35616
39256
35161
35769
36982
33595
34120
36864
37301
33109
38457
33567
34221
32457
34069
32989
38234
34836
37558
39270
37316
38542
35688
36523
35912
38052
38325
32180
32390
33645
33552
35899
38371
38807
33173
35619
36006
36293
34462
36758
34505
37001
37353
32736
34001
39308
35372
35708
36380
33249
35220
35969
32862
34348
36543
38112
38134
32889
37069
33121
36739
38683
36350
37201
34298
35745
35656
36257
37092
35663
35822
35129
35506
33677
34056
35119
36205
33608
37263
38425
32461
33240
33702
33875
34141
37316
37338
32386
33768
35461
33356
36335
35126
36370
32512
32583
33250
34450
36834
33334
34080
35294
32559
36972
34422
35744
36636
34426
34577
36468
33471
38563
39311
32193
33081
34604
32534
37359
32984
34021
36533
37941
35593
38044
38139
33372
34764
36450
32536
32538
36376
37245
34548
35456
39221
35279
37952
38460
32029
35152
35909
33369
36380
33787
34629
39276
34040
32229
33979
33031
33252
35262
32606
37174
34590
34976
36164
36915
37727
38173
39197
39410
33851
34637
37436
34867
37285
37416
38003
38063
32522
34871
32377
33673
34480
32260
34070
34676
35277
38159
38375
32719
34930
35848
35287
36287
34423
36629
37392
33762
34923
36126
34919
35994
39274
32707
32869
35413
34457
34568
36227
33855
33881
34611
34624
32212
34210
34298
32279
33574
35316
32684
38194
37749
37911
38761
35146
35656
35890
37712
38148
38230
36542
37937
32588
32764
32429
33975
34605
33618
35764
36193
35626
39013
32794
37576
35605
38105
38371
35644
37252
34544
35497
34720
38708
38961
32148
36505
38146
34473
34786
34868
34853
35819
39284
34693
37694
35498
36581
33840
37216
32626
34262
37575
37617
37822
32535
32640
33316
33550
36966
34520
35172
35260
36396
36619
34498
34536
35744
36162
35147
35215
35261
34663
37827
34600
38402
33352
33835
36419
36821
38516
38849
32419
32781
32963
33485
34537
32708
32819
39385
34954
36168
36551
34234
35134
35755
32791
32833
34191
33743
35253
33440
34326
34483
34920
35888
36953
33355
35872
33561
34468
32460
35399
34264
37637
38344
34937
36637
39235
32944
37950
39217
33951
36408
37391
38324
32906
36015
32834
35385
35432
32735
34834
32172
36615
37780
38030
35027
39215
36077
39343
32338
34716
35428
33843
35408
35627
33818
36686
36917
33212
35594
36604
33735
36631
36888
35607
35972
36408
32955
34157
39242
34808
37966
38353
32926
34087
33928
34219
35371
36973
33438
35363
33013
35416
36002
37067
38577
35276
39346
39563
34445
34859
36367
32458
32785
33559
38859
39207
34965
35287
36835
35760
35911
36734
32441
33017
33983
35402
38886
38902
32710
33592
32738
34954
36455
38571
33198
38379
33787
35932
35366
37139
37166
33914
36059
38093
34200
36896
36979
34600
34714
35029
32796
33299
39336
36557
36791
38465
38741
38790
32796
32925
33557
39337
32509
33425
34077
32712
33849
37294
35354
35740
37081
32900
36812
34053
35981
36439
32323
32612
33072
35440
38107
38630
33995
34366
39327
36032
37778
38901
32211
35168
37213
36753
37664
37871
34232
35429
36178
33571
33626
34885
35197
35374
37542
37638
37994
34327
35670
35882
34945
38730
38776
34601
36769
32934
34331
37025
32694
39230
32279
37239
33954
35608
37829
38468
34849
36371
36763
33438
35130
36804
33939
35554
35617
37811
38977
32682
33246
34967
32268
32546
32727
34661
33666
36743
33581
34439
35815
35842
36836
34296
36763
32542
34393
35135
36098
36811
32733
34015
35466
33108
34177
34080
38380
38855
33155
35341
39232
32435
34421
34754
34435
37165
36231
37102
35459
38337
34874
36384
36832
37798
38067
32518
33058
34502
33691
34871
35069
35543
38528
33272
35897
35867
36447
35448
36683
35593
38122
33090
34217
34213
35366
34178
35119
32884
37963
33200
36113
33110
34977
38282
38557
32733
35643
33123
34364
35792
35226
37088
37327
35515
37094
37095
38013
34596
34679
35392
35418
37439
36342
36740
34086
35811
38510
33381
34244
34626
38296
38840
37228
37534
37806
34586
34988
36277
34760
35900
39300
35317
36028
37399
32987
34215
35271
33365
35005
34489
37376
38847
36437
38381
35041
36129
36812
33339
36910
36921
32274
33579
37441
34093
34713
32869
33540
33790
35498
37587
34505
37586
38164
34513
35691
37068
32575
37386
38156
35450
35962
38165
36125
38393
38719
34026
37120
37279
36102
36179
36441
35808
37039
32735
34927
37102
34615
36378
32618
34862
36346
38849
39190
39322
34434
37480
34062
34731
36121
37018
38735
35171
36637
32902
32906
34625
36252
33620
34229
34847
38231
38801
35702
36846
38380
32618
34392
34302
38793
38879
38206
38826
37719
37980
38094
32831
36866
37863
37915
32736
35313
33920
35066
36611
34093
33374
35432
32546
33321
34928
33980
36950
37288
35043
35861
36492
38064
35809
36864
37309
33813
35266
33310
34935
32582
34363
34351
34665
36877
34449
36315
32965
33805
39364
38018
38580
36021
36513
35697
36437
38616
32450
32762
32719
34266
32496
34601
35054
33373
35749
36169
37201
38129
32420
34321
33749
34892
35227
33451
33463
33884
37413
32676
39335
33529
35852
38184
38430
32634
33675
35355
32547
36656
32987
35857
32936
32419
32533
32904
33450
33225
34772
32553
39291
32370
32972
33455
35728
36305
37259
32882
39226
35833
37556
33459
33810
34240
35308
37460
34494
36310
36756
34087
34654
34996
35257
36293
36336
38265
39245
38051
38403
38697
35131
35937
33344
35363
36727
38337
39469
33372
35343
35229
35942
37310
37433
38178
35109
36671
36961
33146
34826
33034
35230
36133
35653
36134
33921
36987
37125
33358
36091
32692
32708
33505
39384
32325
34055
39329
32806
33151
35402
32364
33366
33395
34028
35758
36460
32795
32923
33778
33860
34460
35310
33211
34318
35976
33877
35273
34675
37029
35698
37135
38746
34000
35137
37213
32448
36082
35680
38401
38896
35086
38821
38861
34766
36313
39292
34639
35739
35901
35939
36784
33365
35318
36089
33130
33295
33305
36159
36442
37203
32402
35586
38315
34153
35828
36212
32354
32355
39309
33304
35343
36550
36870
37646
37755
36304
36556
32985
34719
37105
37160
38675
33005
33061
34563
35541
36395
37974
38062
38535
32366
38551
38669
35680
36657
38048
33524
36672
34710
36095
39308
33444
35902
35486
36105
36246
32421
33191
34898
36098
38387
38665
32755
33568
34100
35071
37486
34621
35677
36467
32919
34474
34668
34181
36345
36777
38677
38798
32842
35998
39458
32886
35659
38213
33699
36262
38512
32792
34137
34695
32554
37147
39209
32649
35271
32418
34064
34984
37917
38087
33601
37129
32868
33081
33457
33868
32658
32756
38486
38614
34767
38702
38888
33958
33316
33385
33645
34170
37283
37336
32647
34205
37171
32504
38700
33123
33458
35111
35676
37591
34214
35088
36907
32581
36397
32986
33464
33783
38487
38524
34638
38499
39196
32721
32917
33836
36179
36900
39390
35704
38254
39109
37414
38494
34679
36211
32428
34595
34606
35041
37259
35442
35633
36444
32817
37017
38761
38300
38334
39583
33114
39360
32730
33491
32510
32517
35054
34699
35672
32936
33726
37943
35652
36758
36926
34176
36540
33970
35050
38868
32506
32793
33847
36059
37070
32485
33997
35222
32890
33176
33754
33911
37255
37315
35066
36890
36127
33033
33347
33979
34751
33093
32676
36599
33433
34470
33824
35757
36875
33360
37101
37157
34192
35756
35935
33374
35522
39414
35727
33018
33263
34168
38332
38648
32783
33635
39377
32934
33352
34283
35080
36381
33029
33500
37415
35558
36902
34101
34565
36038
37782
33340
39381
35726
36591
37499
32664
34523
34917
36353
38451
34050
34374
35427
36236
39172
39199
35173
38631
38915
32585
34740
34034
36403
39165
35163
35444
35350
37081
33127
35469
35761
33538
34681
36761
32673
35151
38785
32635
36119
37349
34089
37312
37457
32514
36108
34363
34897
32702
39386
35339
36273
37346
33087
34001
36755
38149
34257
35216
36872
37092
37881
39392
32834
33825
33496
34508
35181
33174
36860
36929
32637
33161
35430
36305
33423
34024
35017
36438
33420
34008
32886
32953
34983
39211
34165
36001
38994
32543
33119
35047
35346
36483
33105
37010
37024
37969
38475
38785
33809
36070
36626
35312
35863
37216
35023
35819
33446
33600
33893
35836
37111
35245
37295
37837
35924
38215
39163
34070
33580
34592
32502
37356
37767
33125
34975
36374
33336
33476
34012
36949
37144
33741
37401
37567
36919
37249
37923
33605
36850
37013
33101
35924
39095
33630
36476
37036
39213
35073
36781
36445
37425
37761
37962
38068
38538
34169
37610
38132
34761
35837
37648
35753
37074
33084
36600
34146
35086
34427
37828
38023
33002
33494
33655
38387
38632
39157
37455
37706
38293
32565
35550
36069
37892
38359
38600
32821
33823
34148
34176
36665
35063
35249
33266
34796
35381
34493
37755
34308
35399
33385
34970
33111
39315
36410
36594
37511
33899
34680
36922
33938
33997
37952
38460
34521
34982
33551
37130
37385
32971
34584
34598
36730
37220
35101
36085
37571
37638
37994
32769
33012
35747
36520
37959
32804
35725
32955
33545
33647
35856
35957
32795
33469
33519
33051
36928
37566
37615
33051
33037
33194
39283
37074
37450
34368
34890
36997
35398
32827
33759
36509
36779
33180
36595
36942
33222
33054
34051
32572
33738
34308
33430
33445
38688
38823
39505
35905
36648
37890
33412
36024
36986
39290
35544
35683
33369
35482
37011
33656
36931
37196
36139
38669
38677
34022
35534
36057
34372
37402
37876
38486
33246
39371
39384
33462
35920
36302
34797
36432
37410
34701
36035
39304
34309
35766
33410
33503
33007
36060
37207
37986
38518
39466
35564
38009
38858
38456
38758
38573
38804
35953
32904
32917
33548
33729
34551
38619
39356
35265
36841
36869
37304
34230
37338
34084
35384
36375
33254
34922
36752
34776
35445
35915
32914
35482
34091
35202
34172
36356
33803
35824
37965
34285
34545
37558
34795
35721
36791
33474
32952
39267
35078
36055
38751
32885
39263
35790
36344
38543
32803
33476
35917
34280
37526
37744
32639
35453
37049
33985
36900
37880
34593
36159
36316
36053
39164
39168
34278
36062
36079
35051
35509
35772
36594
37955
38252
37431
37888
34924
35084
36270
33558
38449
35960
36299
37688
33135
33279
35949
34328
35401
36964
33671
36473
36883
32907
33124
32787
32890
33065
35208
38295
38613
32923
33042
33043
33521
36982
32699
33565
34825
34877
37384
33307
34530
33056
33477
33597
33596
36361
36664
38022
38286
36337
37780
38030
35636
36498
38573
34711
35771
37762
35890
37828
39357
37251
38004
34069
34794
34395
37524
33625
38735
39544
33189
35922
37307
34408
36552
36851
35336
37193
37482
32822
35801
37683
33220
36912
36920
36522
37839
33992
37975
34059
34115
34189
33096
37170
32669
34911
32878
33017
33978
34060
32985
33162
33341
33977
34528
35669
32945
36825
36948
37945
38133
36927
38458
38876
33708
37303
33088
37337
32788
33873
32850
34888
35337
35393
38489
38746
34255
37308
32787
33790
39364
34404
35153
37656
32935
33002
33037
33172
37241
38116
39370
35011
38162
38579
33284
37300
37400
37992
32978
35018
35563
35829
37235
35822
37422
36748
38087
38198
35443
33427
36720
36726
32998
33249
35613
36187
36267
35524
35762
36771
33815
34507
34321
34755
33688
36249
37236
37869
38070
38331
38475
38610
33421
37344
37488
37871
37958
34082
34900
33804
34717
38543
38852
35008
36354
36992
35332
35711
35715
34843
36127
36303
34220
35229
32823
36901
36948
35705
36242
32843
38415
38851
35307
35736
36719
38013
38211
34918
37368
37505
32811
33006
33937
35865
37089
34332
36700
37022
32868
33255
33936
35887
36994
39231
32851
33128
33244
33488
32785
33208
33325
33078
36824
36901
37961
39456
39545
32895
35901
37852
33515
39549
32785
33379
34071
34493
36522
36778
34816
37539
37835
35430
36600
37172
36459
37464
37827
34503
35653
39383
34929
35678
36538
34714
33435
36551
33429
38893
39175
39408
34404
37507
38112
38117
32841
33097
32793
35490
35793
36151
37582
33439
36320
37863
37915
32954
34259
35149
34081
38320
38559
33397
34799
36792
33951
35844
36925
32996
34302
34735
36110
36570
33222
34184
32849
35590
36574
33348
37582
33705
36430
36629
33546
36649
36783
34738
35940
36275
38888
33730
34612
35497
37695
39205
35582
36419
37938
37981
33116
33627
32747
33391
33813
33066
33481
33549
32829
34046
39283
33380
36835
37541
38206
38534
35285
35686
37243
33522
34498
33621
35491
39345
33027
33274
35166
35327
33638
37386
38156
32887
34390
33652
37382
37471
32893
36865
36882
33071
33767
36568
33353
33284
33222
33455
33983
35352
36052
37440
36549
36565
38480
38894
39058
34501
37221
37383
33127
36411
37897
39166
33474
33553
34534
35395
35405
35923
36472
32853
34271
35100
32782
37873
37944
32881
37967
35151
36739
37197
34226
35750
36857
36341
36844
38325
38441
37007
38272
34366
35220
34228
37499
38500
39016
39127
35780
36544
37165
33526
35446
36889
37075
33347
33549
37287
38258
32791
35570
33150
37032
39468
33643
35689
36556
37037
33303
39363
35155
36687
34345
37001
37843
32870
32909
33049
33311
35196
35364
35235
34875
35575
35555
36280
34279
33176
33697
35464
36529
32907
33124
33317
33890
35620
39273
32915
33995
33794
37475
33669
33806
35494
36372
36674
36206
36724
38597
33013
33238
34737
36613
36989
34428
34717
37110
35297
38204
38313
32950
33682
37700
37752
35388
35442
36167
37528
34224
34520
32861
36865
36938
39041
39519
37911
38561
34382
38470
33255
33453
39386
33070
33990
35074
33795
36025
36339
37553
36912
36929
34046
35742
33909
37426
37595
33891
36722
36988
33119
33344
35969
34166
34178
33384
36539
36670
34541
35133
33507
36874
32863
35359
33158
33163
33621
35288
33478
34034
33581
35872
36118
36632
38310
38798
32844
33110
33549
36253
36582
38797
33041
36177
37544
37848
37800
39259
33347
33877
37041
37288
32909
32972
33223
33716
32865
34910
35797
33617
36478
36967
33676
34673
35855
33208
35662
33798
36078
36425
36042
32963
33003
33522
33265
36906
37071
33603
36399
36515
33091
33129
34629
35023
35492
37321
38005
38218
34036
34289
35587
36783
37010
34262
34824
33037
33535
34575
34111
36033
36436
35813
35380
36101
34270
34643
37328
33505
36047
35927
36806
33195
33902
33498
34721
36951
39018
39036
33384
38358
38800
35027
36778
35419
36392
38370
38998
39142
34205
34465
34864
32909
33311
33799
34658
37030
37182
39169
39178
33012
39225
35021
36859
37324
38292
39262
36685
33073
34726
35906
38021
39176
35510
35774
33303
33513
34237
37495
37684
34167
34293
37071
37513
33614
35951
37143
33565
35139
35682
36597
33912
37548
33969
34076
35648
39223
34202
35603
33690
36751
37513
34529
37093
33190
36493
36825
33033
34199
36243
36681
36867
37864
33728
35820
36171
33417
34383
34477
39276
33377
35406
37606
39018
39065
39540
34610
35006
37273
34138
39360
33315
33063
36723
34336
34663
34906
36315
35514
34694
35799
36146
34290
37511
39307
35059
36429
36660
32986
33924
36446
37133
33720
33885
32941
34726
32930
36882
37202
37248
37807
38663
38129
38261
36519
37024
34300
37237
37444
34531
36983
37005
33829
37023
37058
34724
33194
33426
33422
35552
32940
37312
37401
36214
38215
37420
37469
34005
34087
33224
33986
36166
37448
35315
36143
38184
39031
39123
36726
37101
36863
37387
34858
35035
38879
34462
35964
37943
33628
34572
36782
33006
34670
35465
39266
33413
35659
35207
34322
33788
34094
39336
33414
35124
37516
33164
39303
33950
37481
38667
36854
37079
37480
38220
38666
39032
34187
34969
38100
33391
33739
37282
37471
36621
36789
37534
37575
35258
35419
34800
36622
38448
34745
35948
36488
37919
39261
34019
34773
34210
38697
39207
39502
33842
35421
36084
33348
35355
36558
35620
38973
39074
33776
36099
34422
34891
35665
37187
34788
35612
36528
33262
39269
39353
37342
38200
37300
37617
33590
34349
34415
34578
34965
36326
37206
37332
35309
37694
35114
37474
38412
34580
37733
38374
34619
36156
37215
34090
35195
36234
34291
36699
36746
36388
38634
39516
33871
38793
33210
33751
33064
34447
36113
36608
35258
35694
35705
36004
34386
33066
33162
33549
33611
35233
35450
34030
36709
38144
36784
37363
38448
34963
35428
39333
38697
39047
39206
34007
35014
37204
33187
35680
37931
38646
38701
33486
36606
36938
34863
34428
37512
37530
37907
34405
35350
39213
34014
36998
38916
36513
37397
34672
37542
38331
38830
34213
36966
37247
36635
38072
38817
36589
37861
39041
39111
33892
35299
35467
33973
35269
37078
34654
33237
33280
34769
33391
33903
37361
37765
38520
35786
36823
37219
37035
37980
35503
36355
37669
33245
38159
38850
33097
33341
33724
33724
34627
33695
36980
37391
37253
38131
38212
34933
35552
37129
34113
36286
37073
33996
38759
39399
33195
33366
33789
34356
35048
35913
33585
36303
33213
37420
37456
34971
36841
36525
38687
39188
33859
35416
35546
33385
34241
35603
35884
36672
33721
35818
36238
34030
33281
36547
37109
34215
34287
33249
33790
35927
33341
34549
38806
39393
34295
34446
36977
34554
35371
36358
36558
37172
33341
34349
33764
34390
33424
34630
35190
35474
35718
38631
38656
39028
33709
36066
37264
36722
37157
34539
36732
37070
36853
38249
34129
35112
35447
37514
37525
34378
35379
36247
35396
36311
33189
38404
38795
34037
36580
37115
34833
36390
35136
36422
33350
37058
37382
34348
34989
35598
35573
37392
33191
35263
39286
39448
34042
36325
38200
37889
38704
33402
36519
36650
33216
36506
36764
33150
36960
35871
37937
38493
39269
39354
34006
35941
33851
39271
36850
36931
33779
36239
37537
33394
34514
35661
33640
38361
33481
34828
35519
39314
33138
34744
34822
34188
35289
38012
34491
39359
34488
36980
33898
36923
38597
39144
38254
38634
39043
38115
38477
38653
37784
38482
38157
38389
38434
34465
34122
34032
35286
37340
33208
34887
35907
36656
33452
33665
33717
36846
37733
39373
33298
34669
36837
35613
38732
33178
38249
38497
35736
37080
35658
36027
37981
37630
37787
33319
38432
34218
36636
35256
35851
36620
34227
36588
36634
33461
36094
37008
34406
37323
37419
34602
36554
38171
34622
34747
39153
34571
37831
38586
33593
37728
37742
35593
37732
34325
34024
36078
34075
37004
37202
38574
38751
33958
35028
36717
33436
36923
35094
38822
39022
33825
33253
36415
36824
33599
35869
37141
34059
33522
33260
35585
36527
39302
33934
36491
37123
34802
37658
38341
33459
37518
37921
33432
36330
33476
35362
37679
37791
37982
38182
38617
33535
33655
34581
35060
36509
36921
36555
37798
33513
33326
36593
37189
33414
35500
35502
34362
35898
39426
39460
33362
35596
38416
33837
36918
37282
36336
36687
33931
36255
36284
34130
33238
33823
33836
34157
38407
36255
36860
35298
35774
37359
36152
38135
38678
33395
39282
33395
34273
34706
33915
34984
35558
37121
38084
35506
37707
38133
34110
34666
34448
36869
37701
36418
38589
39102
34025
34879
37134
34252
37176
35288
37562
34801
35879
36537
37177
37222
33643
36911
37836
33409
35880
37057
37113
35916
36566
33304
36307
33501
36641
38247
36471
37159
33400
36469
36610
33991
37183
37362
33537
38467
38551
36473
36910
33975
34179
33417
33455
38396
34574
34061
36188
36194
34549
35223
33415
34083
37199
35121
36264
36741
35833
37116
39375
35784
36324
36520
37734
38039
35814
36048
38450
34316
38169
39287
33681
35134
33622
36192
36407
33953
34898
35573
36099
37766
35096
35167
36319
33781
34402
35624
33430
33445
34677
35724
37810
34567
34752
37506
38036
34955
36276
34932
38880
39071
33906
37904
33823
34827
34987
35368
37029
34080
36197
36920
34413
33953
33411
33923
37972
33442
37810
35079
35980
38752
33653
37678
37758
35288
36406
37936
38490
39379
36840
39268
34428
35349
36333
37207
37314
37539
34897
34419
39376
33518
38862
35849
35889
36029
36555
33863
33974
35795
34784
34861
37306
38679
38823
39039
34864
35283
36221
39040
39109
33793
35483
36297
33410
33503
35386
38287
38304
33696
35736
33559
33643
34981
36579
37484
37545
38170
39098
34688
35830
36334
34405
34746
34017
34698
36991
33808
34641
34700
35393
33492
34196
34618
35720
34931
37886
38671
33867
35369
37736
36591
37087
34673
35590
36995
34642
36486
37490
33717
33806
34094
33706
33715
34567
38160
38356
38524
34548
33754
36914
37267
38488
35984
36557
39315
34299
35938
39012
33760
36002
33847
35575
38244
38701
34496
37077
37564
38427
34850
37232
34112
34500
34166
37249
37351
33451
33463
36344
37209
38749
39295
33995
33519
34241
34338
36564
33516
36386
36493
37106
38029
33980
36625
34020
34350
33841
35495
37096
34582
38387
38991
34382
37865
34887
35231
36712
36742
35980
38186
38265
38516
38397
39413
33910
36653
37041
33393
36343
39382
35487
37766
35210
35290
37376
34996
34672
37345
37428
33760
34639
33718
33703
37317
37744
36631
36686
36549
37447
33713
36523
37533
38446
38791
39030
36561
33843
37483
39441
35518
38360
38766
34249
35312
36427
36500
37711
37360
37488
37887
37942
38053
34724
33568
33406
34934
37666
33649
35125
35052
35520
33550
36128
37576
34627
35102
33504
34385
39453
36361
37315
34013
37598
37730
36990
37484
35217
37045
37467
34253
36400
36721
33901
34596
33976
37723
39290
33534
36957
37019
35724
33587
35489
36191
33840
35074
35727
34140
33679
35048
34331
33502
36633
37497
33771
37188
37626
36236
33542
35860
37456
33660
34268
33955
35844
33693
37801
37814
39152
34659
34757
37258
38057
34242
36331
36658
39318
33527
36054
36107
33775
34837
37065
33887
34329
37047
37317
34106
35782
37319
38076
35137
34989
33426
35588
36433
37797
34487
34359
34886
35164
36157
36401
39252
36569
37091
35748
37269
39578
36188
37013
33961
35473
39444
35186
36815
33487
34895
37874
37598
37700
37048
37816
37866
34814
36174
36639
33751
37856
34957
35478
36222
36420
39212
37268
39180
34112
35028
33978
34228
36959
37320
36441
37610
39361
33533
37221
37327
35716
36042
36423
39117
34915
35473
35791
34668
36243
37255
37643
38779
39012
33849
36532
37929
38058
35512
37244
34217
34817
36461
37535
39476
35178
37025
34678
34943
33560
34873
34107
34266
36831
37932
34045
37186
37437
34174
37992
33780
36197
36217
34653
34936
34151
35068
35673
37479
34247
34489
36039
36278
33548
33647
33847
34191
33559
33953
37682
38307
34184
33922
35604
36086
36047
36132
34465
35296
36259
37504
37556
36449
36536
35675
36941
34578
34880
34865
36321
39320
34281
36501
36755
34527
36943
37360
36797
39177
34279
34653
33679
34579
35048
36559
37280
35931
37177
37222
34302
38417
35037
37374
37691
35630
33859
35449
34750
37003
37792
33942
35780
33724
34792
37891
33499
35868
36649
34236
36088
36093
33827
36718
36906
36459
34387
34567
33571
33626
34020
35009
33705
33905
35274
34533
39301
34386
35249
33930
34701
34755
33949
35944
36415
33747
36173
36606
35982
38452
36516
37434
37086
37140
36040
39452
35112
38295
38613
35434
35989
38458
38876
38030
38052
36116
37017
37263
33648
35960
36298
39370
34778
38757
38768
33720
34208
34512
36023
37789
34152
39489
36044
36720
34067
35400
36762
33778
38539
38648
39396
33797
36358
34978
34250
39257
35156
35247
34886
34916
35813
38275
36022
36862
34541
35953
39214
34564
35344
33786
37444
37758
33752
35561
36300
36795
36848
38018
34008
37100
37895
34191
35995
38394
39295
37234
34437
33816
36496
38732
35108
35876
34605
37419
37567
35097
35952
36615
37402
37449
37621
34249
34322
36400
37196
34848
36043
37904
33836
36129
36345
37416
34616
34765
34824
35097
35118
33717
33788
39377
33945
35608
38948
39011
33885
35103
38205
34397
35476
34201
34706
34303
34553
37573
37433
37719
37623
38378
39009
33961
34014
36016
33839
35038
37679
36424
37463
35467
35560
39338
36646
37481
37703
34780
35934
37335
37389
38095
34251
39265
36007
36376
37975
35248
35493
36335
36019
37453
37572
34733
33835
35242
37431
37358
37388
38699
36340
36435
37198
34521
36844
33612
36306
37670
37437
37742
33755
34697
36849
33967
37050
37291
34021
33970
34693
35528
38676
34714
37026
37985
33777
36925
34584
34915
36746
37236
34392
33686
33756
37494
36348
36609
34151
34444
35493
34077
34964
39421
36868
37140
36435
37818
36700
37279
34066
34998
37151
37270
38637
37602
38284
33668
35055
35455
37632
33623
37964
38142
38337
39469
37045
37457
37774
38187
38612
36387
36862
34158
35626
34398
34736
36747
37159
35067
37876
35092
36858
37930
34219
34702
39344
35916
38123
36946
37613
33802
36030
36943
35679
38708
33898
34559
33814
37153
37314
36554
36566
33864
34409
36553
36083
36880
37395
33999
34998
35259
35899
34443
35103
36014
35903
36304
36972
35176
36190
37331
34269
36582
36456
36932
37614
34177
34907
36698
37430
33956
35671
35955
36539
37097
33783
34242
37296
37478
38564
34157
37241
37688
36511
37836
36447
37409
37756
36713
37960
36987
37130
36949
37283
33776
36219
38004
33847
36671
37120
37404
38995
39527
34319
34469
38281
36461
37853
34220
39386
35212
35347
34009
36096
36650
34613
34865
36214
36330
37870
34191
35364
34880
35351
33689
34532
36612
38173
34225
35946
33845
35651
36577
35750
36888
34583
36176
39314
34261
34597
34084
37897
34564
39215
34905
36141
33807
34657
35868
36647
35316
35933
36237
36350
36691
35629
37944
38155
34412
38001
38106
34380
36044
36213
33733
35855
36101
36905
37931
34163
36060
36386
36192
37036
34710
37079
37835
34676
34785
36076
37580
34244
36788
37662
37784
35521
37343
33808
34641
34685
34566
39285
36793
34204
34603
36487
38101
38400
34470
34873
37005
37678
36810
37888
34038
34387
37002
38929
39010
35378
35896
36623
36830
34899
35034
38198
34014
38502
35562
35918
37463
35087
38000
36725
36847
34161
34231
33789
34210
34018
34960
35985
36181
34503
36518
36712
34832
36503
36918
36546
36802
37592
34135
38547
38749
35730
35987
36464
37682
37708
39151
36534
36764
34106
34336
34834
37176
38700
39125
37227
37307
34987
37620
37854
37995
35911
36682
37154
38140
34904
35696
34742
36288
37183
37344
35278
35562
37059
37118
33782
38484
38510
34088
35789
33929
37185
37519
34831
35453
38103
37009
37759
34721
35646
36421
39261
34713
36701
37326
36198
36830
36701
37326
37413
33760
34766
36995
37268
33865
34748
34940
37237
37395
35799
36917
34647
34407
34103
35810
38517
39539
36440
37759
39009
39035
35407
37417
36292
36396
34398
35042
36131
37191
37924
33904
35659
39349
35358
38118
33774
36112
36718
34666
34722
35902
37153
37434
37684
37752
34937
35496
35892
33783
37063
37091
36093
36883
34817
37669
38066
34119
35020
36702
38048
38734
39036
37482
37526
35161
39337
39378
34596
35876
34265
34686
37056
36530
37352
37423
36130
36449
35542
36097
34231
35224
37048
38635
35649
39277
38562
39116
34732
34343
35212
35883
34914
34946
36181
37023
36457
37141
34042
34401
35696
35866
34225
35362
34056
35426
37519
37596
37850
38869
34344
34833
33948
35335
34106
35003
37287
38373
34110
34911
35883
38651
36810
38200
35815
36663
34742
34768
35140
36379
37862
37782
38924
35919
36608
34587
36534
37143
36822
37400
34537
34525
35117
35737
35948
37125
33982
34702
35962
36592
38012
34282
34312
37642
38616
35904
37609
37713
34439
34587
36588
37385
35453
35726
34221
34745
37654
37728
36457
37019
39440
34810
35013
39329
36005
36064
37754
37776
35085
39247
37915
38134
39270
34365
38110
38545
36757
37923
33994
37808
37914
34229
34748
35391
36269
38135
34002
36447
34222
34756
36707
34751
34633
35458
39459
34218
36960
37370
36076
37096
36823
38875
34645
35417
35193
36092
36140
36958
36975
34597
34780
35934
34224
34520
34233
35285
39501
34079
35463
36485
35271
37234
38904
39218
34156
34806
34804
35692
35961
34249
34966
36193
37621
34790
36173
36548
34376
34804
34189
34777
37184
38059
38830
36350
36703
37201
35179
36157
35647
34648
39222
34306
34901
34972
35858
37160
37310
34338
34903
35625
35830
36664
37415
39447
36518
37264
35759
36598
36956
36023
37424
37562
34274
34377
35547
34156
35862
34538
37850
38119
35005
34166
39282
34958
38213
38820
37641
38575
35201
38178
35910
36429
38064
34288
35718
37119
36871
37109
38702
38716
36249
37368
34027
34154
34599
38028
38091
36880
37356
34801
36444
38322
37506
38081
38969
35089
38817
38845
37771
37903
38053
34959
39275
35863
37285
35394
36694
36798
36937
37189
34367
35300
34033
38245
39313
37000
37538
34699
35394
36728
38595
34636
36385
35952
36779
34195
34960
34277
35649
36827
37059
34305
36955
36996
36690
37008
36871
37188
34419
35849
36224
38730
36225
36391
39174
35300
35745
35988
35730
36082
34286
35026
36309
35929
37565
39185
33954
35717
34985
35163
36622
34315
34417
35731
36212
35692
36988
34152
38620
35903
34239
38625
38784
34569
35610
36242
36723
36003
36609
36425
37218
39298
35009
35326
35646
38970
35155
36838
39445
35777
36904
37146
35610
36379
37829
37442
39074
39272
37579
37685
38469
34483
35641
39368
36567
37493
38345
38880
39038
34786
37126
38338
38371
38518
34337
36207
36578
36228
36577
35964
34924
36511
34794
33983
35181
36590
34845
35591
34632
35713
34179
34173
36183
37113
36431
39390
34855
38396
35459
36596
35631
37203
37329
35049
36993
37245
34581
35852
36544
37088
35383
36286
37671
34188
35499
35895
36970
37654
36898
37815
34871
35526
37184
38539
34628
34431
38021
35399
34183
38123
34362
38203
38639
34829
36235
37057
35743
36759
34866
35250
35966
36702
35188
37004
34011
34039
38229
38276
39463
35861
36979
37650
37970
35807
35225
39305
38260
38444
34919
35190
34661
37676
38016
36416
38029
39365
34678
35875
36767
36310
37095
37290
39084
36990
37792
35243
37132
37725
38860
39244
36150
36485
34102
34136
38255
35449
35361
35592
39347
34773
37038
37118
34172
34450
34118
38216
39462
35152
35867
35403
35821
38546
34717
34085
35206
35997
35345
36283
38085
37421
37639
35138
35158
34700
35290
37948
36591
36939
37087
34126
38062
38248
34379
36036
36656
34220
34955
39385
34144
34904
35275
35263
35611
39287
36589
39219
39359
34543
34771
34813
34863
35254
35259
37022
34842
35073
36568
37232
34784
35767
35926
38074
39343
34463
35251
34510
34806
34974
37949
38212
35395
35227
34268
35231
34793
36006
36503
37098
37630
37787
36360
37707
35816
36751
34836
34193
35791
35010
35650
35894
37680
39454
34644
34781
34448
39181
35906
36956
37495
34808
35221
34696
37325
36790
37038
36469
36690
35381
36891
37605
38140
35310
35362
36145
36220
37450
34616
35251
39242
35208
35442
36167
34739
35707
35881
35925
37267
34787
36680
39121
37881
37986
35115
35281
35420
37934
37973
35363
36928
34120
34535
35076
36342
36937
37050
34661
36316
35122
38780
39192
34468
34594
36122
39328
39429
37275
38037
37880
38068
35746
35781
35250
34970
35135
39372
35456
35171
36081
37902
34275
35331
36096
38702
38888
34127
34128
38189
34131
38285
34131
34585
38208
34604
36740
35147
38288
35559
35816
36743
34134
34506
38300
34509
38289
34480
35790
38318
39312
34925
35235
35466
39321
34340
34353
35343
36199
38367
37035
37227
38102
36669
36798
34999
34180
34461
35280
34565
36324
34856
35627
35893
35305
39293
34354
35765
36930
37745
39133
39499
38667
35198
38190
39129
34690
36059
38093
35004
34827
38271
39053
34649
34705
39553
34384
36160
36217
34567
35542
37333
37390
37524
36284
36709
35213
35719
37832
36138
35254
34522
37935
39396
35411
39361
36384
36896
37300
37617
37918
35841
37496
37563
35572
38379
35477
35856
36874
36543
35254
35340
34917
34709
35678
37571
35232
39425
37469
37670
34695
37103
37433
37719
35554
36709
38144
35652
38459
34709
35975
37135
38746
36515
36747
34964
35052
34725
35314
37458
34595
35443
34518
35274
35891
36231
37407
37711
38569
35918
37505
35888
36285
34736
36108
36280
36317
37903
38053
34519
34777
34956
37192
35098
38357
38378
35322
35531
36985
34503
35927
38381
38489
38787
34925
36822
37097
38084
37311
37534
37575
35728
36130
37078
36723
34743
35988
36983
35476
36753
35417
35968
35581
35589
35205
37494
38824
35575
34447
36734
35368
36777
36550
35280
37178
38096
38111
34450
36471
36875
35370
37069
34854
34320
38299
38355
34722
36857
37046
37873
37114
38125
39139
34900
35636
34495
34507
35135
34434
35398
36206
35175
36971
37077
36638
37016
35382
35530
34260
34821
38681
39256
39264
34555
35082
35248
36961
36601
37870
35785
35946
38331
38798
36198
37340
35778
37470
37550
34914
35207
37927
38154
34480
37903
35661
36654
37454
38350
35606
38122
35230
34466
34560
36814
35469
36058
37199
38368
36477
37204
35424
37438
37894
37949
38212
34364
35111
35404
36005
34953
36194
34839
35013
35583
37304
36868
36967
34349
36864
37301
37042
38041
35418
35515
36655
37791
34740
37146
37186
36004
37517
34795
35820
36387
36410
36788
36407
37756
34802
35284
35732
34522
38609
38682
39067
34930
36053
34762
35864
37577
34640
34925
36240
38956
36732
37336
35295
35435
34858
35307
35736
36021
37453
38023
36118
35268
35437
39584
35953
34444
35550
34618
35451
37342
37871
37958
38489
38746
35036
37541
37747
34950
36011
37376
34918
34420
36934
39286
36738
36794
38607
35013
35880
36669
37131
37180
37830
35587
34616
38077
38174
34394
36333
37207
36960
36172
36244
36593
37111
34687
35583
35884
37309
38078
38445
38646
35432
35682
36756
34472
37178
37961
34831
35016
35053
34846
38572
34914
35622
36153
35083
35569
37885
38016
34483
35380
35641
35325
35703
38434
34370
36187
34573
35928
37353
37757
35675
36885
37911
35922
36497
37307
35624
34606
34928
36022
37273
37241
37987
39269
36584
35174
35540
37738
34556
36886
35667
38877
39324
35403
38536
37409
35234
35826
36829
36009
36514
38429
35669
35377
38608
38691
36659
34421
35235
36003
37134
38633
38647
39608
39609
34683
38380
38559
39454
35232
35892
34568
34851
34543
34813
36586
37043
34910
35207
35004
35202
37677
39353
35615
36681
35584
36545
38711
36210
39441
39277
34728
35944
37695
39204
34668
35465
35159
37278
37334
37507
37727
39326
34902
37476
37658
34880
35398
36241
38144
34951
36331
36135
38220
38959
35561
36150
35111
38098
38550
39068
35574
37394
37000
37888
35483
36228
37228
37449
34894
36416
36827
37640
35197
36963
38412
35846
36404
37044
38061
38419
35058
39341
39573
37406
37412
35616
34442
36339
38132
34719
34978
34633
35950
35996
35507
38171
35096
35324
37763
39348
39375
35390
37724
35558
35018
35511
39235
37333
37390
34979
34993
37872
35869
36997
35219
39357
37333
37780
38233
38487
39159
38497
34792
35838
37769
35504
37040
38715
35559
34452
35193
35978
36881
38523
35729
35827
37579
38549
36765
37160
37310
36045
39260
39334
35801
38116
37840
35100
37797
37939
35710
36707
37152
35365
35716
34561
35444
35880
35334
37166
36258
37293
37983
38099
39066
36318
37277
38508
36094
36907
35433
35441
34752
35662
35722
35756
36506
35203
35781
35317
36176
39296
34822
35458
35898
34956
37323
38067
34765
34953
35273
34603
38168
35547
37326
37863
34652
37578
35262
35389
35514
34839
36006
36293
37913
38632
38833
36571
38079
36132
36290
35023
35819
35533
35505
36638
37284
34779
38301
39474
36172
34859
35032
38219
38526
38583
36328
36603
35900
37380
37466
37883
35210
35194
38262
38993
35042
36204
38776
39073
39212
36151
36110
37346
35002
34530
34573
34768
34978
35030
35895
38425
39148
34754
34935
36613
37837
34656
35112
36115
34577
35436
35606
34509
34883
38342
34604
35534
36957
34830
38348
35162
35650
34782
36128
35288
37562
36552
36958
35818
36623
35517
37297
39347
35649
36289
34687
35806
36715
36964
38040
38586
34770
35589
35767
35281
35443
35803
36201
37829
36054
36163
35253
35688
37039
36174
37383
36033
36742
36252
37107
35879
37144
35090
35928
39300
35195
36536
35693
34704
35030
35994
34963
36832
35396
36230
36866
35590
35640
36574
36036
39387
36090
36138
37162
39224
37532
38444
38979
35499
37211
37602
36035
38687
35188
35351
36091
36673
37107
34652
35128
37803
39429
36466
37347
38050
35048
38933
37009
37754
37776
35435
36030
36205
36095
34602
35429
35712
37356
37767
36569
36994
35852
35082
39284
34898
36047
34810
35257
37573
34826
35203
36612
34594
34772
35138
35359
37841
38287
39520
34627
38933
39014
35192
39373
35619
38632
38833
35139
35737
38320
38455
37474
37762
35149
36810
38112
38117
36731
36809
36066
36872
34976
35301
34733
34874
35727
35389
37771
34939
37698
37566
35354
35860
34684
34621
35619
37489
37698
38395
38095
38854
39411
35165
35238
36063
36163
37458
34809
35313
34736
35529
34775
34771
35578
36406
36662
39417
39588
39611
35532
37492
37563
36000
36676
37064
36495
39152
35182
36216
36814
34809
34631
37864
37662
37855
35598
35421
36348
37093
37751
38017
35966
36073
36670
35050
35311
35993
34938
38081
38611
34684
35529
36717
35865
36579
34647
36111
34870
35745
36695
36884
38591
35341
34900
37949
35710
36207
34719
34936
35376
36621
39221
39404
39554
37530
38760
38874
34728
34946
35266
34948
34911
35332
35951
36877
39371
39384
35148
36721
35404
36849
38126
38881
34988
35328
35538
36854
35080
34665
35847
36113
38010
38244
34770
36385
35519
36026
37910
38217
36727
37699
35156
36106
36211
35426
35999
35935
37822
34870
35389
35463
36991
35651
37030
34727
37970
38155
36505
38436
35848
35840
38158
36913
34916
36699
35338
35445
36121
39333
37296
39062
37687
38063
39316
37126
35059
36836
34935
37666
37738
35431
36475
35162
36969
35713
35210
36321
35746
36353
37465
38427
34896
36160
39351
39555
34768
35401
37773
36655
37934
37973
35090
36390
38350
38353
36272
36514
37620
37673
36057
35148
35520
36024
35544
36233
35200
39559
39565
39616
35938
34921
35967
36819
36362
37377
37230
36641
38373
36098
36290
36811
34846
37964
38072
34842
36313
37228
37449
37546
36557
36791
35298
37243
35643
35645
35958
35757
36020
36124
36106
37047
35484
37845
37216
35896
36866
36413
38797
35581
37249
37351
37831
35183
38476
36171
36933
36281
36294
35897
36084
34975
36793
38933
36367
37003
37250
39434
35265
36841
36710
37334
37117
37585
35824
36468
34879
36959
35899
36401
35821
38546
34981
35859
37789
36107
35088
36109
35670
35460
38394
37154
38663
36008
36524
37693
36666
37894
39335
35707
37308
35836
36164
35897
36970
37210
35812
36785
37063
34913
36060
37207
35752
36112
37779
38110
38608
38657
35977
36634
36238
37874
35612
36610
34837
34934
36180
38210
37801
37814
37363
39448
36492
37476
34995
36219
37663
36334
35276
38767
39564
38022
38286
38566
35893
39328
35269
36761
35267
38191
39568
36981
35477
36989
35367
35509
37132
38258
36064
38257
38670
39160
35216
36126
35697
35877
37550
37927
38413
35484
35804
38005
38218
38664
36297
35489
35495
35666
34966
34977
37173
37594
38332
38533
37049
36140
37362
36288
35453
35726
37857
36133
36230
36265
36930
36092
35039
36486
37235
35043
34869
35472
35553
36232
35909
38364
37211
37636
38094
36460
36547
36136
36220
35246
36487
38562
36336
36687
35829
35516
37828
39435
39440
35771
36439
38417
36513
37016
37397
35028
35081
35014
36752
35281
35296
36976
36204
35671
35875
35793
36085
36178
36478
35320
36250
36211
36038
36464
39155
35894
36572
35249
35490
35887
36227
35964
36601
36805
38272
36678
38242
38327
36745
36952
37521
38419
38426
35221
38262
39435
37185
37324
37409
35465
35426
35855
37520
37843
38475
34990
35826
37215
37504
37885
35439
38899
39330
37507
35997
37065
35376
36088
36234
36182
35901
37852
35687
37492
37503
36713
37791
36575
36892
35532
35806
36715
37459
36432
37325
35657
36277
36851
35488
36023
39388
35813
35597
36895
38240
35779
36213
35955
34928
36476
36658
35008
36256
37137
39303
35020
36782
35286
36922
35104
37226
39302
36120
37032
35121
37425
36374
37951
38819
37440
38484
35109
35902
36099
38608
38691
35832
36145
37193
36012
38430
39366
38254
39108
39512
37596
38001
34962
35470
37092
36241
38512
35961
37502
38129
38261
37501
39227
35167
36373
37124
35290
39367
36202
36969
35654
37487
38010
39132
36419
39383
35378
34964
37862
39274
36488
36770
38480
38242
35857
35273
36276
36281
35370
35433
35026
36191
39371
37386
37473
35707
37648
38393
37252
38804
36837
35007
37908
35543
36353
38451
35662
35275
35971
35617
36685
36127
35976
36512
35348
36410
38840
36538
36300
36450
37363
37917
39449
36433
36517
35929
36733
38015
38312
39195
37968
35762
36914
38463
36597
37266
38279
38706
35557
36701
35030
35266
35431
35015
35102
35331
35060
35409
37653
39042
35326
35753
37515
36804
35599
37049
35971
36341
35239
35758
37560
38719
35925
36340
36684
35474
35761
35764
36193
39424
36586
36055
37439
35107
35541
36329
38514
39483
37850
38119
36461
37853
37581
38170
37808
37985
37960
35691
35996
36539
37909
35809
35461
36953
37741
38665
39066
37342
38133
35236
35346
37347
37490
35657
38032
37466
38452
35550
35083
37305
36069
35132
38173
38627
38656
39111
36417
37675
36050
39574
35360
37920
38538
38573
36787
38105
39545
35247
36108
35119
35420
36205
35150
35411
38132
35912
38035
38150
38698
35385
35923
36399
36757
37675
38716
37371
37656
35798
37074
37450
35336
36558
35077
36116
38568
35117
36362
36117
38576
36858
38124
37040
37813
37827
35275
36575
35854
35270
38354
38700
35093
37610
37184
38830
35165
35219
38023
36975
38384
36441
38322
37861
38047
38267
38790
39349
36146
38646
38701
35551
36269
37629
38011
36042
37646
37761
36091
39378
35557
36887
37041
37288
37712
38032
39103
36103
37072
37094
35850
38739
39145
35171
36637
37966
38066
36799
37260
37568
35681
36685
35340
35752
36185
36378
35947
38154
35172
35837
35358
37076
35582
35872
35372
35801
37683
39268
36691
37246
35349
36325
35314
37428
35672
36086
38220
38959
35377
36124
35629
36244
36375
39283
36570
35610
39345
37994
38082
35960
36131
36881
39443
35926
37713
35244
38917
39062
35291
36900
38147
36257
39357
36025
38116
39369
38649
38658
35164
38360
38435
38206
38826
39099
37517
36672
37593
38395
35340
35742
37498
38722
35834
38143
38214
35932
35494
36097
38743
36589
37121
36755
37417
39381
37044
37266
37389
37898
36863
38582
39376
38656
38968
37585
37730
38015
38298
36870
38202
38207
39418
38049
39413
36426
36475
36332
37540
35507
35663
36090
37292
38019
37860
38535
38543
36705
38866
38946
39035
35653
36134
37043
35769
36013
35373
38374
39294
37165
37250
39435
35570
35989
36859
35595
36423
38179
39615
36466
38253
36436
36895
36861
38048
35718
39444
36463
36614
37357
36695
36705
37892
38536
35840
36821
38816
38894
39512
35264
35945
36531
37664
37945
38286
35238
39358
36659
35893
35833
37556
36365
36434
35797
36025
39304
36028
37295
38097
38243
38758
35342
35968
36792
39436
39424
37138
37297
38729
36312
37503
35333
35648
37379
38225
39397
37429
39569
39621
37538
36947
37046
39023
39050
35686
36926
37984
38257
35514
39243
38772
39011
39060
35789
36268
38683
39136
36614
35751
37080
36247
37278
37486
35882
36446
36079
35976
36620
35387
37590
39569
35472
36232
38655
38045
39247
38075
38468
36853
39565
38940
39034
35637
36393
36885
37735
37786
38030
38052
36944
36976
35625
37697
38100
35607
35499
36592
36482
36179
38529
35414
37976
38976
35764
37778
38698
35374
36070
35434
35742
35327
37795
39055
36704
38452
36537
35308
35733
37925
38692
39046
39473
35548
37240
38247
39292
36655
37759
35485
36039
37407
35528
38786
38032
39183
37582
35740
36402
36074
36758
35719
37321
37593
38325
38441
35437
38507
39627
36803
38147
38311
36531
36790
36074
37122
37887
37703
38157
38808
36421
38956
35461
36203
36290
35400
36202
35347
37446
36584
38328
36212
36781
35641
37948
35986
36216
35721
37464
36346
35942
36281
35451
36103
36168
37294
37084
35854
36012
36743
36355
39188
36231
37102
36769
36522
35357
37686
38365
38126
39061
35989
35451
36046
36559
39377
35789
36731
35728
36265
37194
35503
36309
36043
36370
36749
39374
39047
39191
39322
35792
35792
36229
37291
36831
38570
38971
38056
38858
36601
37870
36089
38163
38274
36495
37814
37455
38169
38954
37921
38807
37068
37930
37948
36578
38328
36491
36580
36527
35583
36061
38597
36302
36941
36796
37086
37135
37626
37155
37233
36654
37014
36822
37400
38478
39362
39369
37105
37812
38444
36806
37043
38814
39005
37313
38003
38218
36945
36528
35985
37147
38735
39332
37612
37817
37886
35714
38295
36725
36789
37635
37677
36159
36462
35853
36874
36639
35472
38285
35748
38060
39579
37858
39340
39576
37753
39431
35510
36082
35525
37910
38275
37284
37914
36041
36363
37138
36962
38438
39438
38036
39044
39536
37624
38791
38920
39535
35775
38172
36562
36029
38374
36487
38562
35622
36977
39320
36704
39339
35673
36873
35968
35656
38119
37252
38804
38673
35766
35873
38042
38346
38598
35491
36024
35741
35965
36898
36828
39130
39239
39040
39055
36397
35775
37799
37803
37173
37496
36237
36716
36186
37424
35555
35738
38265
38516
37129
35725
36533
38194
38645
35566
36878
35881
36642
37844
39024
39064
37627
37745
36963
37813
37952
36902
36325
38736
39023
39033
35566
37840
39234
37100
37676
38656
38968
39112
36273
35890
37852
36592
38801
36158
37955
35568
36335
38088
37479
38458
35845
37350
38131
36759
35822
37422
36624
39396
35700
36548
36645
37694
38847
38943
38971
35760
37903
37769
37946
35739
36308
36725
36180
39342
36266
36294
38090
38333
38554
37039
36933
36971
37465
37147
36040
37208
37411
36945
37577
37650
36490
37644
38674
36210
38470
36381
36693
38659
36615
35785
36120
36562
38705
36451
36694
37480
36899
38748
35731
37028
38630
35674
37198
36706
36710
38185
37587
35635
38163
38203
37339
39437
38343
35957
35930
36651
37811
37011
39219
36169
36136
36292
38818
39053
39067
37489
37615
35585
36378
38298
38598
36351
36909
38293
37839
37277
37825
36645
36984
37702
39583
35690
36653
35823
37842
36735
37297
37651
37247
35983
37600
36090
36267
38227
35839
36575
36646
37124
37142
36185
36981
35841
36026
39296
36812
35908
36494
36787
38054
38338
36560
36287
38775
35993
38815
37634
36122
39329
37002
35777
36190
35684
38730
38034
38446
39007
37916
39272
36484
36696
37721
35886
37028
38591
36892
38742
36654
36766
36903
37793
35917
36111
37558
36559
38022
38282
37217
36786
36842
37257
37048
38635
38784
35663
35822
39281
39515
37034
37694
36617
38887
35645
35917
35946
38077
38174
35709
37633
36115
37056
37384
36115
36532
37924
37916
38632
38973
36993
39348
35804
38432
39426
38043
39063
39452
36354
36356
39242
38816
35937
36775
39405
36258
37832
35683
36893
37749
35839
38704
36239
36395
35712
36807
37018
36861
36660
38213
36563
36137
37239
35959
36394
39554
39557
37949
35708
35972
36275
35885
36564
37378
37427
35977
35999
37174
36438
37606
37642
35817
38645
35738
36647
37035
37980
38192
39373
39454
36873
36927
39040
39043
36338
36359
37770
38618
35845
39260
37230
38093
35766
36383
36062
36633
36315
37562
35866
35876
35909
36933
38388
38483
39202
36380
35987
37943
35838
37476
36148
39431
35761
37339
39236
36919
37040
36111
37815
38296
36440
39317
36245
38163
38274
39580
35913
37239
35949
36293
36352
36421
37431
37915
38134
37460
38107
36776
36947
37115
38014
38438
38552
37901
36541
38324
37451
37818
35867
36306
37842
38452
38684
36232
36693
38209
37069
35950
36454
36772
39628
36453
38423
38433
35913
37399
35854
36329
37197
38658
38635
39120
37308
37574
38873
37664
38286
36200
36914
38463
38749
36607
36218
37371
38722
35970
37149
37996
38313
37475
36880
37356
38307
38529
39485
37987
37998
38421
38981
39416
36379
39420
35898
36392
37378
39494
35831
38502
36692
37553
37259
38504
39065
37966
38066
37690
38391
38473
37939
38476
36417
36811
37467
35877
36595
38423
37685
38369
37648
38393
37956
38912
38916
36708
37616
37786
38028
36892
37946
36356
36484
37123
36221
36835
38550
36553
36472
37560
38595
37133
37493
36134
36904
37359
36676
36182
36223
36527
36840
39364
36913
37699
39180
37895
37965
35942
36598
36349
38495
39491
37151
38187
38411
38918
38456
37200
38506
39126
37900
38033
36587
38705
36925
38459
37303
38544
36408
38472
38519
36759
37897
38079
37723
37978
38820
36890
36474
36962
38301
38394
38690
36071
36203
36815
37749
37917
38087
38641
36428
39427
37244
37060
35991
36697
39154
37922
38347
38609
38980
37122
36172
38451
39367
38409
37515
37363
37917
37411
39205
36154
36564
38105
38128
39547
36203
38617
37174
36675
37679
37994
38082
35967
37390
36014
36308
36312
39553
39555
39636
38109
36739
38683
37262
37054
37131
36561
35987
38317
37137
37226
39303
37152
37473
37076
38351
36131
37191
36347
38040
38587
37454
37902
38625
38784
37645
37119
39236
36555
37798
37921
38807
36733
37942
37638
37658
39182
38547
38749
36670
36177
37906
37029
36128
37695
39453
36307
37535
37938
37981
37061
38301
36272
38413
39433
36189
38166
39524
39635
38346
38528
37081
37840
36867
37275
36998
37528
36104
37403
38592
37027
38381
37085
38743
36114
38176
36855
36541
37594
36576
38352
37009
38063
36940
37520
36479
36767
37090
36248
37155
37857
38359
36177
37292
36973
37366
39335
37280
38231
37710
39470
37529
37572
39340
39575
36680
37711
38474
38987
39394
36763
36458
36477
37112
36582
36083
37354
37773
36628
38743
38924
38985
39288
36935
37801
38158
37447
38567
36342
37531
38017
38733
36458
38609
37745
38488
38521
38019
38404
37218
37242
38453
37251
38004
37070
36750
37200
37377
37475
36182
37872
38271
38843
36741
39361
39390
36229
37555
36993
36166
36513
36117
38513
36274
38541
36529
38239
38383
39332
38169
37358
38753
39338
37667
38185
36966
36299
36740
38666
39017
37919
36424
37463
37624
37318
37145
37869
36508
38668
38986
38094
37723
38409
37227
37307
38727
38234
36952
38113
38877
37755
37865
37999
36955
37090
36382
38276
39442
36698
37413
36856
37084
38762
36430
36629
36245
36521
39327
39445
37206
37392
37591
37788
36668
38428
39551
39297
37328
36676
38590
39509
39573
36516
38217
38445
36394
36677
39636
37421
36261
36894
37838
38058
36630
37799
37803
37548
37358
38753
38187
38918
36819
36266
36940
37569
37778
37470
37589
38433
37865
36411
36898
38005
38638
36328
38766
37968
37232
37862
39345
36426
36241
38144
37470
37550
37729
37826
38162
36581
39628
37073
38009
36584
37089
37766
38695
38932
39012
37718
38194
37932
36698
38275
39388
36454
39627
39628
36539
37097
38714
38146
36905
37931
37671
37818
38858
36583
39392
36954
38654
36745
36873
37621
37990
38837
38864
39278
36405
36796
37570
37374
37525
36895
37581
39306
38128
36483
36802
37422
38547
37854
38607
38618
36724
36688
39281
36339
36523
37553
37576
37716
37971
38747
38890
38083
38302
37975
36332
36510
36816
38290
37394
36776
36919
37040
38587
36714
38321
39634
39369
39443
37924
36667
39570
39624
38536
36992
37806
36462
36396
36338
37637
37853
37220
37565
38852
36794
37445
39464
37124
36665
39252
37716
37800
38904
37472
38330
38388
37959
37839
38227
38504
38929
37820
38755
38343
37524
37773
36886
36611
39319
37586
38241
36893
37060
36847
37007
38272
37860
38553
38836
36480
38318
36444
38322
36820
37074
36422
37430
39189
37269
39398
39581
39631
36982
37254
38377
38390
37477
38557
36683
37293
37494
38824
38110
38545
38994
39063
39453
37460
38107
36942
38637
37182
36622
38448
36501
36846
36730
37705
38228
38240
37163
36431
38229
38295
39444
38254
39512
36605
37099
38193
37606
37642
37536
36452
37940
38842
37263
38425
36542
37937
37445
38280
37491
38418
37789
37645
38153
38540
38215
37583
38069
39058
36496
38401
36603
38534
38602
37272
36908
39147
37763
38267
36443
38106
36666
38562
36887
37319
38795
39426
37721
39389
39442
37154
38140
38463
36652
36789
39316
37436
36999
38427
37352
37691
37333
37780
38449
36701
37972
36666
36586
39048
38713
38714
37468
37922
36954
37410
37846
37698
37706
37599
37959
38274
37110
38480
38826
39438
39482
37320
37561
38462
38626
36627
36642
38983
39019
37948
39368
36916
38526
38672
36808
38834
36955
38156
37015
39366
37415
37920
36524
38006
38670
37477
39423
37733
38440
39310
39422
36852
38622
37294
37348
37527
39632
37933
38014
38245
39391
36996
36622
39448
36816
38635
39326
37367
37605
37736
36689
38007
38757
37026
37639
37487
38164
36762
38862
39063
36543
37825
38251
38050
38175
37233
37499
37025
37365
38556
36576
37806
36839
37353
38122
38337
36684
39208
37788
37889
36848
37172
36869
37304
36596
37126
38230
37145
37946
37042
36878
39358
39391
37804
38124
38754
37034
36625
37747
38165
37587
38625
37139
37229
39202
39346
39566
38252
37166
36785
37372
38502
39420
36985
39318
36795
38886
38974
39001
37234
38467
38228
38240
36878
37051
39363
36635
36876
36771
36643
38982
38984
37085
38805
38446
39007
38467
38551
37212
36753
37210
38201
38619
39355
36643
38742
39013
36974
37128
38838
38839
37687
39419
38750
37150
37557
38896
39036
37978
37734
38037
39610
39613
39614
39253
37429
39623
37006
39509
39574
37137
38800
38436
37461
38222
38090
38642
37092
37881
37443
37854
38413
38175
37731
38097
37181
38370
37104
39140
37117
37683
38461
37226
37640
38268
38077
39150
37554
38542
38748
36815
38410
39280
37162
37313
38218
36766
37190
37702
39583
37501
37968
36932
38575
39372
37542
36923
38421
38975
39578
37245
37438
38744
37588
37798
38067
37167
38540
39400
38195
39464
38594
37508
39107
38808
37988
38709
37209
39294
37345
38409
38453
36950
37722
37740
38606
37878
38043
38214
38299
37292
37544
39461
38894
37406
38060
39629
38827
38899
39340
37452
38278
37293
39406
37331
37326
37863
37963
37381
37709
38002
39456
39306
36886
37277
37426
38118
37226
37110
36833
38459
38589
38678
39273
36900
37880
38654
37072
38708
37569
38424
37062
37164
37275
37893
38340
37673
39391
37098
38586
37485
37953
38754
37919
39261
38870
38873
38844
39541
39615
37489
37615
36847
37514
38109
38148
37052
38317
39244
39477
38022
37677
38389
38414
37150
37659
38760
38903
37187
37663
38470
39228
37403
37007
38250
37396
37725
37789
39387
37955
37931
37900
38039
37423
37231
39395
38233
38819
39442
37176
37689
37375
39354
38384
37769
37198
37910
38217
38596
37190
38527
39548
39583
36936
38753
39478
37932
37230
37268
38307
38529
38713
39291
37701
37262
38435
38279
38419
37298
37702
37746
38434
37357
37724
38641
38651
39153
38005
37468
37559
37859
38424
37272
38251
37121
37909
37737
37751
38294
37923
38720
38734
37951
37061
38552
39493
38349
38675
38019
38210
38528
37402
37341
38841
39562
38222
37299
37795
38902
37194
37380
37635
37298
39432
38358
38453
37494
37995
38805
37260
37717
38732
37824
39486
39220
38246
39570
39572
39624
37251
37483
39365
37441
38481
38568
38093
37156
38468
38821
39021
39037
37557
38447
38903
37601
38120
39402
37051
37366
38234
37822
37271
38704
37397
37580
37638
37658
38361
37390
38281
37816
38508
38711
38264
37217
38613
37247
37274
38574
38751
38074
38727
39216
38056
37929
38127
37465
37573
37341
37714
38910
39082
37685
38466
38802
37262
37337
37529
37305
38854
38422
37568
38355
38472
37248
37522
37303
37845
37868
38750
38977
39068
37731
39138
38622
39200
39237
37771
37271
37875
38342
37997
38962
37137
37849
38157
38808
37750
38855
38310
37851
37989
37984
39299
37270
37199
37559
37498
38410
37601
38065
39586
37179
38500
39251
37830
37862
39421
38121
38207
37257
38397
38876
39032
39410
37857
37889
37192
37845
38665
38549
38631
38915
37329
38634
39515
37595
37746
37369
39500
38222
37391
38679
38685
38688
39472
37820
38594
37697
37436
37579
38469
39457
39451
37672
37231
37281
38584
38013
37549
38055
38375
38000
37299
37636
38601
37750
38855
38231
38801
39347
37500
37807
38545
38065
39184
39255
37261
37277
37322
38607
37635
38493
37805
37906
37316
37338
38420
37442
38914
38174
38710
38653
39498
37967
38049
38781
38958
37281
39412
38513
38075
38602
37335
38061
39630
37898
37935
38460
38402
39131
37565
38852
38491
38563
37531
38733
37851
38567
39200
37989
38237
37899
38574
38792
39020
38191
39299
38273
38785
39137
38884
39092
39522
38138
38302
38623
38431
39170
37592
38103
37825
38377
37609
38709
38869
38138
38145
38706
38805
38096
39436
37997
38950
37380
37451
38341
39523
39633
37836
37894
39334
39138
39493
38484
38510
38469
39491
38837
38881
38989
37726
37866
37394
37693
38763
37647
38523
38566
37536
38362
38385
38648
37884
37929
37620
37673
37461
38396
38368
37891
38237
39338
39470
39411
38501
37933
38101
38316
37516
38650
37600
37890
38046
38883
38989
37472
38530
39052
38020
38071
39417
39204
37890
38553
38587
38784
37614
37644
37709
39380
38690
37555
38136
38769
37802
39104
38951
39056
37572
37999
37564
38681
38508
37734
38250
37828
38176
39478
38339
38743
37528
37869
38406
38448
37597
39025
39026
39598
38748
38455
38483
38368
38657
39422
38073
37748
38620
38086
37899
38007
37793
37793
37809
38182
38696
39238
38159
37584
38051
37510
37961
39456
37579
38549
37747
38177
38878
37767
38232
38693
37859
37622
38808
38444
38351
38522
38771
39524
39634
38878
39411
38260
38364
37610
38241
38008
37568
38221
38125
38349
37995
38805
39460
38044
39135
38083
38614
37790
37912
38336
38623
38298
38598
37794
38666
39017
37805
38800
39459
38190
38381
38520
39491
38108
38402
38834
38033
39429
37636
38491
37961
39546
39307
38075
38602
38697
39501
38684
38268
37653
38893
38728
39570
37989
39240
39027
39064
39531
38861
38947
38236
38767
38130
37631
38256
39599
39601
37796
39100
38919
38971
39030
38496
39518
39607
37631
39530
39531
39598
38204
37737
38121
38037
37802
38600
38846
37705
38596
39355
37951
38819
38183
37632
37628
38147
39484
38488
37977
38538
38128
38498
39532
38550
38939
39344
37672
38347
38422
38736
39033
39379
38316
38473
39500
38003
38202
37732
38122
38905
38976
39070
38942
39030
39044
38726
38833
39534
38477
38340
38761
39149
38367
38369
39141
37772
38086
37971
38442
38720
38259
38296
38840
38130
37739
38376
38406
38715
37991
39450
39455
37927
38462
39433
39150
37765
38046
39083
39418
37884
37735
38319
38699
39470
38020
39416
39417
39613
39475
37945
38557
39181
39632
37763
37833
38891
38629
37708
38076
38674
37926
39446
39471
37997
39532
39601
38366
38811
39474
38828
37941
38901
38512
37788
38567
38612
38985
37983
39069
38569
39119
38664
38304
38210
37757
38273
38041
37907
38177
37864
38070
38707
38810
39288
38387
38991
39415
39552
39588
38031
38458
38340
38027
38733
39430
37969
37796
38344
38417
37979
38345
38999
38802
37794
39113
38578
39498
37887
37855
38197
38775
38866
37834
38564
38810
39002
39589
39610
37901
38806
38905
39006
39495
39592
38386
39155
37982
38420
38802
38197
38691
38780
38357
38822
38949
38139
38442
38141
39428
38768
39458
38691
38780
37992
38750
37893
38143
38624
38752
38599
38759
37896
38113
39056
38685
38688
39607
39482
38024
38242
38518
38498
39027
39599
39351
38390
38423
38433
38494
37855
38599
38779
39078
38244
38701
38579
37969
38224
39027
38879
38892
37933
38014
38172
38544
38160
38644
38582
38089
38278
38555
39031
39575
38640
37974
39451
38011
37993
38195
38541
38188
38619
39508
37935
38348
37990
38150
37926
38216
39446
38846
38072
38817
38229
38245
38297
38811
39475
38748
39478
38493
39080
38738
38131
38639
39412
38754
38080
38178
38677
38990
39405
38398
38718
39612
38127
38319
38456
38758
38973
38999
39156
38145
38383
37962
39447
38724
39004
38450
38626
37967
38486
38614
38153
39395
38277
39481
39095
38088
39524
39554
39425
38756
38992
39597
38439
39122
38624
38757
38768
37991
38189
39450
38918
38354
38479
38583
38408
39446
38294
38584
38273
38734
39450
38987
39038
38573
38804
38213
38152
38703
38641
39298
38255
38327
38116
38099
38486
38208
38284
38513
38671
39161
38020
38161
38967
38674
38680
38264
38400
38270
38056
39133
38135
38109
38854
38091
38497
38176
38371
38807
39022
39042
38527
38672
39049
38667
38432
38191
39548
39571
38560
38791
38920
38674
38834
38652
38363
38709
38869
38146
38352
38885
38940
38846
39096
39504
39603
38809
39057
39059
38085
39457
39467
38611
39194
38358
38714
38127
38539
38990
39048
39630
38279
38189
38225
38149
38767
39346
38216
38311
38480
38826
38406
38161
38584
39088
38577
38978
38772
39060
38901
39425
39081
38379
38501
38581
38533
38842
38580
38548
38620
38790
38188
38367
38710
38750
38665
38184
38430
38366
38628
39481
38312
38369
38549
38882
38201
38583
38706
38398
39498
38209
38461
38492
38260
38979
38781
38284
38241
38339
38605
38880
39071
39096
38260
38364
39485
38820
38680
38457
38560
38738
38833
39534
38986
38662
39085
38421
39580
39091
38263
38321
39634
38520
38626
38662
38339
38731
39458
38624
38565
39561
38769
39602
39621
39625
38815
38968
39086
38259
38447
38615
38854
38696
39432
38519
38577
38221
38284
39465
38205
38592
38731
38482
38825
38879
39502
38479
39090
38580
38236
38320
39585
38249
38372
39503
38636
38331
38471
38830
38996
39026
38535
38482
38594
39439
38240
38382
38491
38678
38644
38450
38473
39463
38682
38478
38917
39050
39568
39569
39626
38507
39397
38661
38349
38675
38537
38756
39000
39598
38315
39632
39633
38552
38306
38610
38658
38329
38388
38559
38292
38555
38818
38523
38424
39480
38526
38601
39464
39311
39022
39032
38507
39089
38530
38673
38334
38642
38429
39313
38323
38561
38568
38636
38733
38599
38305
38490
38527
39483
38740
39019
39051
39089
38524
38763
38628
38755
38824
38887
38890
39053
39061
38538
38681
39090
38382
39093
39247
38334
39115
38443
38558
38561
38330
38334
38642
38576
38578
38501
38565
38643
38832
39562
38518
38380
38855
38559
38333
38348
38648
38350
38353
39086
39466
38419
38605
38374
38629
38414
39087
38762
38539
38990
38712
38485
39083
38755
38466
38526
38848
39085
39138
39493
38618
39087
38517
38554
39170
39154
38454
38521
39499
38509
38543
38852
39294
39497
38702
38716
38951
39047
38407
38827
39340
39341
39576
39494
38727
38418
38774
38612
38985
39380
38442
39505
39140
38527
38672
38590
39403
39509
39312
39433
38593
39556
38762
38782
38928
39495
39593
38581
38551
38669
38588
38875
38462
39312
38874
39462
38653
38661
38530
38774
39077
39254
39203
39549
39566
38548
39079
39141
39492
38585
38798
39038
38640
38760
38571
38761
38723
39184
39531
38763
38811
39077
39585
39586
38553
38558
39467
39492
38960
39608
39531
38720
38944
39018
38911
38770
38831
38868
39398
38535
38531
39551
39574
39575
38755
39474
39187
39397
39581
39094
38699
38650
39463
38531
38590
39123
39551
38659
39031
39573
39001
39043
38642
38558
39466
38986
38607
38623
39460
38690
39489
38842
39171
38588
38875
38578
38873
38660
38844
38588
39030
38713
38707
39139
39084
38618
39497
39091
38723
38677
38990
38593
39122
39465
38813
39495
39606
38718
39185
39186
38941
38999
39088
38628
38640
39081
38621
38662
38836
39201
38684
39028
39041
39480
39472
39506
38661
39399
38711
38841
39072
38819
38851
39506
39607
38785
39097
38673
39585
38673
39077
38839
39072
38891
39080
38848
38786
38868
38692
39046
38818
38843
38692
39473
38740
39590
39611
39506
38823
38944
39092
38724
38712
38862
39017
38779
39078
38834
39097
38845
38851
39330
39609
38981
39021
39028
39438
39521
38740
38872
38982
39591
38920
38991
39049
39432
38744
39469
38865
38747
39543
38961
39029
39521
39592
39595
39002
38995
39059
39510
39468
38827
39517
39518
39587
38878
39479
39026
39599
38891
38964
39024
39025
39064
39351
39403
39404
39486
39255
39513
39623
38786
38915
38948
39058
39511
39516
38946
38865
38788
38803
39514
39604
38896
39010
39061
38789
39029
39596
38835
38897
38912
38829
38796
38813
39513
38803
39487
39496
39033
39502
39009
39060
39461
39604
39623
38803
39093
39246
39593
39070
39527
39529
39289
39481
38922
38925
39063
39593
39038
38831
38870
39016
38892
39207
38890
38904
38915
38968
39560
39561
38924
38985
39076
38841
38966
39072
38844
38910
39562
38885
39572
39034
39044
39558
38954
39007
38941
38952
39074
38896
38936
39010
38892
39477
39190
39245
39037
38922
38909
38938
39066
38881
39211
39003
38911
38929
39010
38959
38994
38984
39051
38903
38988
38883
38988
39056
38906
39029
39039
38943
38998
38950
39541
39560
39562
39476
39054
39511
39009
39035
39060
38916
38930
38932
39068
39517
38965
38967
39579
39580
38974
38969
39487
39538
38993
39071
38927
39022
39042
38954
39007
39600
39065
38918
38931
38951
39056
38993
39074
39008
39034
39044
38938
38934
39021
39028
39017
38945
39014
39067
38959
38994
38978
39516
39032
39409
39006
39594
38977
39078
39047
39323
38970
38958
39041
39519
38937
39040
39055
38963
39036
39001
39043
38991
38970
39068
38972
38973
39042
39054
38972
39540
39053
39061
39011
38953
39520
38974
39055
39525
38993
39071
39037
39519
39069
38989
38995
39059
38970
38977
39078
39014
39517
39609
38997
38966
39597
39601
39018
39065
38984
39013
38975
39578
39581
38992
39600
38981
38976
39034
38981
39186
39005
39058
39014
39067
39002
39589
38984
39024
39051
39393
39324
39000
39024
39025
39023
39075
39001
39600
39019
39035
39045
39595
39595
39062
39064
39507
39589
39591
39614
39021
39033
39062
39027
39594
39577
39521
39046
39522
39472
39582
39631
39548
39572
39075
39077
39184
39586
39408
39073
39279
39279
39069
39393
39076
39210
39278
39279
39488
39525
39090
39085
39528
39529
39530
39128
39087
39091
39537
39094
39487
39538
39162
39101
39533
39099
39101
39100
39101
39103
39105
39104
39105
39183
39107
39109
39108
39109
39111
39113
39112
39113
39115
39117
39116
39117
39119
39121
39120
39121
39123
39125
39126
39127
39127
39129
39131
39130
39131
39133
39500
39135
39137
39136
39137
39139
39141
39143
39145
39144
39145
39147
39149
39148
39149
39151
39154
39153
39155
39157
39159
39161
39160
39161
39163
39165
39164
39165
39167
39169
39168
39169
39171
39557
39173
39175
39174
39175
39177
39179
39178
39179
39181
39183
39254
39187
39189
39191
39206
39193
39195
39194
39195
39197
39198
39199
39199
39201
39203
39205
39207
39209
39210
39543
39544
39212
39214
39216
39218
39331
39220
39222
39224
39226
39229
39546
39229
39547
39231
39233
39235
39237
39239
39241
39240
39241
39243
39245
39247
39604
39249
39250
39430
39251
39251
39253
39402
39402
39567
39257
39351
39401
39403
39331
39558
39261
39263
39265
39267
39269
39271
39273
39275
39277
39281
39283
39285
39287
39449
39289
39291
39293
39295
39297
39299
39301
39303
39305
39307
39309
39311
39313
39315
39317
39319
39321
39323
39325
39324
39325
39327
39329
39517
39587
39577
39333
39335
39337
39339
39471
39577
39343
39345
39349
39559
39563
39617
39550
39564
39565
39618
39354
39356
39358
39360
39362
39389
39364
39366
39368
39370
39372
39374
39455
39376
39378
39380
39382
39384
39386
39388
39390
39392
39394
39396
39398
39400
39555
39557
39556
39556
39406
39408
39410
39409
39410
39412
39414
39416
39417
39612
39419
39421
39423
39425
39427
39429
39431
39548
39435
39440
39437
39439
39482
39441
39443
39445
39447
39449
39451
39453
39455
39457
39459
39461
39463
39465
39467
39469
39471
39473
39608
39475
39477
39479
39481
39483
39485
39509
39490
39560
39490
39542
39492
39494
39596
39596
39605
39498
39500
39502
39504
39624
39622
39506
39508
39510
39589
39512
39514
39606
39602
39605
39516
39558
39520
39594
39524
39553
39635
39526
39528
39527
39528
39530
39532
39534
39536
39535
39536
39538
39540
39539
39540
39542
39560
39620
39544
39546
39547
39619
39563
39566
39619
39612
39614
39554
39557
39587
39561
39620
39565
39567
39567
39571
39570
39572
39574
39577
39587
39580
39582
39582
39627
39628
39629
39590
39614
39591
39596
39595
39599
39601
39603
39604
39625
39606
39608
39611
39613
39616
39618
39620
39619
39620
39619
39626
39624
39625
39626
39625
39631
39630
39631
39634
39635
39636
46536
48397
48765
46036
48137
48785
48494
48671
48766
48202
48299
48769
47647
48256
48792
43447
48588
48819
41126
41192
42678
42680
42940
45451
40199
44271
48340
48496
48758
49258
43030
47649
48916
48641
48688
48777
47399
48023
48376
42423
42597
47092
48677
48703
48773
48668
48843
48918
47788
48023
48829
48326
48913
48921
43887
47869
48799
39657
48511
48656
48553
48695
41914
48689
48856
39741
43207
48495
42665
44268
46081
40407
47275
48318
42287
43794
47294
43150
48611
48869
45313
48249
48822
48873
48883
48887
40261
45425
48681
41606
42890
48952
42440
47853
48846
41814
45774
45854
45049
46131
48795
41781
45343
45465
41628
45395
46556
42658
42798
43631
43950
46174
48810
46567
48531
48859
45160
46743
48876
41142
43622
47493
48029
48924
48969
40590
47539
48813
41329
45258
46637
41883
45977
46238
43347
43528
44493
41917
44965
45918
41542
44980
45839
42064
45415
45777
42765
43037
44461
40249
42229
48003
40921
46644
47545
42808
43190
43566
41193
44247
44845
42954
43051
43591
42472
43239
43470
42966
43098
43579
42081
43250
43664
42764
43144
43355
40618
46947
48403
42236
43397
44812
42306
43025
44613
41103
46118
47161
42727
43391
43635
42246
43942
44054
43129
44515
44621
43176
43493
48931
42786
43121
44061
42257
43604
44257
44905
46624
48603
42102
43028
44805
42514
43571
45291
42265
43684
44694
43077
43671
48939
43170
43242
43389
42742
43109
43525
42237
42774
44605
41878
48512
48830
41762
44523
45889
42814
43728
44336
41920
45289
45475
42117
44337
45400
42694
43416
45320
42725
43287
43545
42291
42656
44233
42308
43435
44717
42617
42828
45024
42128
43258
44841
42509
44763
45019
43221
44022
46214
43163
43995
48947
42378
44018
45204
41887
43168
44435
43074
43224
45414
43058
43561
44108
42258
42851
44078
42793
42837
43983
42459
45141
45398
42279
44751
45152
44948
45425
48845
42338
46773
48972
43818
43923
45565
42143
44432
45572
42029
44101
44715
44836
47047
42885
42979
44237
42622
43206
45762
42263
44447
48927
42305
42552
44907
41638
45835
48987
41701
43078
48131
41858
44678
45900
42406
45034
48983
40364
48776
48898
41843
44416
44507
42797
42817
45275
40058
42542
43207
41837
45155
45976
44575
45538
48944
42561
43523
46058
42310
42986
44050
42532
43113
46212
42913
42996
45470
42169
44127
45817
42572
42778
42835
42716
42810
45430
41869
44362
46187
42785
43067
45662
42530
43066
45840
42444
42753
44966
42497
43155
48968
43087
43322
43360
42153
42264
44850
42473
43018
45944
42824
43233
44293
41950
43914
46328
42364
43727
45641
43270
45569
49011
42232
42300
44957
42525
42807
48997
39947
42678
48022
42507
43011
46260
42179
43649
46060
42634
44075
44169
41439
46119
47014
42871
46321
47041
42537
43399
46086
42830
43717
45811
41830
47870
48854
41836
45984
49132
41907
44409
46318
41749
44431
46229
42211
44937
45512
42789
43910
48990
42317
43562
48961
41377
44942
46350
41126
46029
46281
42337
43331
46002
41580
45246
45894
43012
43616
44413
43100
45331
46461
43047
44271
48853
42756
43120
44212
42396
43073
44303
42163
42206
45509
43301
43319
49064
41266
45546
46225
40902
44168
47822
43275
43476
45524
42873
42916
44996
39841
43480
47633
43340
43996
47042
41900
43767
45706
41490
46750
47342
41350
45539
46193
40334
47531
48364
42685
42728
45550
42964
44732
44768
40745
46131
47914
42560
45318
45930
42553
43880
48956
42323
43185
46162
42221
44666
45989
42177
43994
44308
42644
42833
45500
40929
46863
47284
42222
42234
45437
41331
46502
47057
41274
46156
46398
42498
43329
43707
42430
45573
48979
42630
43045
46399
42242
43679
46591
42132
43885
44720
39907
48027
48229
43234
44531
45002
42471
45044
45781
41401
44733
46592
48088
48268
48816
41366
45247
46347
40673
47087
47271
41611
44356
46643
42735
43068
48934
42752
44728
45648
40958
47873
43148
45625
45853
42595
42937
46218
42524
43324
46261
42353
42886
43460
43615
43876
48936
42090
43656
46714
41608
45640
46164
41301
44917
46651
42373
43110
49035
43063
46779
46893
42870
43587
44412
42374
43577
46077
43466
43821
44381
42346
43686
48938
42567
43850
48965
41559
46007
46803
41461
44026
46629
40870
46397
47312
41386
45632
46702
44876
45730
48948
40066
46143
48077
42682
46044
48963
42037
43981
44878
42410
43512
45901
43488
43541
45454
42130
43490
46630
41179
45652
46733
42322
42568
45207
41885
43969
45107
42460
42819
44960
42529
43183
44667
42301
44833
45108
43128
43420
43515
42120
43478
46425
41993
43280
46459
41155
45574
46607
48134
48825
49351
41897
43189
46482
42960
46001
48940
42441
43304
43353
42225
43356
43931
42864
43315
47588
42078
43537
43897
42165
42967
43690
43097
46010
49039
42205
43748
46869
42432
42606
45832
41892
43427
46627
41288
44747
46784
42415
43103
46586
41967
44044
45236
41581
47079
47610
41671
45084
45133
41522
44264
46585
44093
45791
48945
43164
45590
46826
42546
45805
49027
41133
45610
46830
42626
43912
44172
42687
42782
46182
42487
43101
46696
41719
43846
46608
42547
44579
46400
41510
45172
48335
42087
45221
46034
48088
48455
41297
43377
48533
41047
45751
46833
42187
43723
49038
43747
46128
49023
42813
48428
48543
41750
44193
46685
44656
45790
49102
41968
43966
44995
43065
45769
47608
41657
44658
47068
42073
48064
48851
41007
45863
46944
42860
43060
46210
41551
44329
47073
41825
45192
45471
41414
44578
46915
45307
45786
49198
42558
46440
49025
40916
46916
47357
42063
44901
44921
40709
46366
46711
40819
46402
47227
41544
45969
47298
42108
45638
48255
41026
41149
41336
46949
48954
48977
43595
45658
48991
45952
48946
49021
40740
46315
46316
42249
46020
48949
40828
45987
46745
41736
45673
45699
42057
43403
45356
42397
43517
45052
41216
44868
48328
40878
46202
46843
41172
46273
47380
40367
41073
48417
41194
45905
47769
47858
48199
41931
43305
47704
40837
45903
46703
41557
44755
45729
42039
45980
47186
42594
43434
46453
41140
45329
46887
41314
44430
46929
42458
42784
48942
41427
45394
45635
42140
46610
48022
42056
43225
43750
41875
44651
46909
42637
46856
49054
41783
45349
45484
40901
45819
46800
44979
45904
47975
40643
41806
48778
41478
45563
45618
40983
46329
47123
41801
43382
46464
48671
48687
48804
44353
47757
49047
41767
43585
45602
41450
44918
45927
41230
46431
46664
45655
46547
47717
42053
43374
45325
41888
43072
47226
40055
41933
46402
41365
47843
48860
42545
44799
47414
41069
46360
47509
42503
43406
45828
41902
43085
46410
42089
43421
48198
42618
42745
46248
41068
45057
46718
41473
46532
47518
41005
46884
47315
41909
43601
47104
41147
44981
46935
41117
45583
46788
41523
45845
47772
42377
46905
49115
41674
43594
46684
42166
43646
48570
43663
44808
46395
44370
46568
47245
41539
43965
44285
41592
43799
46742
40369
48641
48858
41846
43419
46561
43071
45577
49057
40801
46006
46851
41166
46997
47741
41253
45861
46019
41060
45243
46879
40875
47421
48045
41000
42270
45915
41603
43964
45868
42228
43430
45552
42508
43104
45917
41842
42718
43745
42447
44498
46272
40650
48703
48904
40110
46652
48523
40994
46938
48141
40496
42365
44984
41645
45728
46787
43913
46337
47189
42366
42587
45195
44838
46088
49041
42136
43901
46301
41394
45571
46308
41940
44066
45967
41942
45120
47779
42411
43243
45112
43866
45770
45994
42088
46655
47512
41672
43492
46765
40741
46004
46898
41634
44346
45999
40684
46174
47936
40934
46401
46424
40608
46296
46834
41720
45541
47707
40074
47983
48110
42710
44240
45592
40550
46391
46707
40598
47024
47278
40283
45336
48449
41808
44317
45701
40892
46821
47564
42867
42908
46958
48781
48782
49205
41658
44440
47540
41705
46868
47086
41035
47388
48321
41891
43857
47259
43882
45601
46841
41465
44822
47171
42501
44173
46859
44627
48158
48840
40594
45953
47197
46956
47389
48922
40663
46634
46641
41549
42987
47978
47823
48465
41831
46327
46494
40328
48067
48553
46769
48429
41081
45720
47034
42021
45872
47267
41536
44775
46091
41576
46583
48824
42591
42801
45797
41455
44514
45932
42183
42522
43922
44727
47014
42280
42920
46490
44940
47878
49197
40976
41365
47400
41017
45715
47127
41646
45815
47737
42207
42977
46468
41075
45804
47255
48229
48558
42016
43808
46704
42674
43033
45849
41009
46570
46814
41273
46370
46792
40826
46495
47313
41114
44450
46823
43613
45557
48525
42173
42565
46451
42220
43845
47476
42230
46524
46757
41200
45508
46197
40553
46257
46582
42581
45287
48359
42244
48734
49077
42149
43107
45220
40845
44441
46863
42457
46435
49028
41912
45755
46541
42079
43873
46554
41655
42219
47083
41199
45990
46486
40817
46332
46582
43154
44406
46780
46959
47820
49126
42872
48551
48806
41502
44177
47334
42853
44671
45746
45360
45826
45935
42933
45392
46183
42899
47213
47801
41966
42133
42935
41269
44088
46708
41006
42273
43380
44940
47842
48141
40786
46761
47309
46928
47195
47556
47794
47911
41129
45985
46357
42071
43716
46526
42210
42510
46791
41748
42273
44441
41308
45723
46244
41620
46491
46588
40558
46762
46832
42091
42943
49050
40484
46653
47126
42773
48631
48812
41456
43836
46936
41222
46223
47345
43216
47019
47631
40584
46525
46834
41652
46474
46533
44777
45947
48871
42856
42862
47165
41577
45707
46735
41619
46259
46457
41327
46973
46982
40733
45943
46722
40468
40997
44905
40637
48079
48369
41250
45418
47283
41982
44200
46983
42065
43332
45584
41275
46333
47641
40507
46437
46473
40635
46849
47126
41115
45846
46393
41203
45086
47240
41211
46384
46937
42012
43693
45554
45503
47494
48915
41571
46356
47832
41354
44623
46306
45534
46902
48884
40948
45149
46527
41043
47311
47814
43249
44821
47619
41983
44157
45025
42284
42843
46534
42427
43560
46295
42604
43522
47575
42948
43764
47214
41575
44497
47419
41360
46634
47648
40294
47153
49075
40444
45489
48463
40796
46437
46661
41939
44446
45370
42755
44987
48434
41423
46130
46539
42945
43889
46185
43306
43342
47237
41271
43860
46657
41420
45792
46211
40888
47132
47912
42538
43424
46825
45758
45898
48908
46720
47360
47811
40599
46254
46695
40607
46471
46474
41112
45132
47021
42295
42951
45345
41210
44830
47064
41357
48013
49070
44596
45551
47566
40587
46972
47328
40875
42440
43563
41021
46616
46756
41824
46331
46670
45353
46066
48045
40906
41391
48511
42577
46710
48964
46028
48719
48862
46441
49022
49059
41570
45714
47093
41499
46217
47682
42474
42478
47027
40639
46025
46619
40458
46697
47159
41392
44492
47276
41189
47805
47937
42838
42926
47604
43254
45682
46325
41740
45848
47740
41924
48277
41508
46179
46543
43330
43692
47672
42146
43174
47795
41197
46691
47703
41884
43825
45543
41390
43721
46421
41408
45671
46390
40935
41830
43502
40328
40871
47809
42315
46207
47273
40955
45308
46654
41540
44465
46288
40439
46424
46476
40910
42581
44944
44778
47349
48973
40827
46509
46695
42868
42927
45529
40891
46363
46376
43979
46136
46144
41704
42229
47183
40424
46471
46745
41051
44583
49278
40473
46835
47307
40238
43925
48996
43774
46177
49097
40936
46517
46603
40900
44247
46606
44383
44633
48405
44836
46941
48609
41344
46454
46854
41319
46227
48002
41355
45350
46027
41444
45890
47425
42281
44073
46501
40480
48134
48252
42048
45480
47113
41380
48454
48523
41578
46886
47326
43733
44950
40701
46832
47406
40534
46492
46898
40352
46843
46846
41951
48123
48571
42766
44010
46458
41375
46035
46090
40950
47562
47784
41218
45787
46003
41632
43542
46689
41239
47047
48473
43141
46568
41635
43236
46241
41689
45719
47105
41832
44181
47011
40627
46048
46363
40603
46749
47967
41861
45560
47669
40620
46446
46596
40547
46375
46851
41338
46566
48458
48133
48815
48970
42402
42702
46600
42816
49172
40800
45928
47155
41364
44542
46153
43680
44002
47207
46594
47647
48848
40342
47345
47642
42189
44439
47572
41165
48272
48351
40944
45191
46574
41533
45823
47128
41277
46278
46546
40634
46846
47311
41184
45189
47004
40401
46711
46762
41625
43346
46660
41195
46380
46672
41656
47178
48986
41790
45630
47338
40980
44944
47740
41190
46700
46940
41428
44285
45724
42387
42846
46781
47288
48599
40763
46334
46722
41287
45856
47589
40731
43246
47921
41058
46293
46632
40915
46596
46681
42640
43503
48926
42649
44877
47681
42018
45237
47918
41370
44695
46740
45779
45933
48953
46405
47324
41031
46056
46692
41604
43506
46650
41484
45665
48082
41945
43395
47383
41844
43743
45365
40813
46126
46622
41721
44008
47102
40391
46375
46507
42204
44384
46465
42119
42386
46096
40649
46938
47406
40879
45443
46403
43621
47179
49015
42794
47989
48391
41298
45548
46420
42788
45517
46284
42147
43895
49090
42267
42635
46499
41779
43886
45639
41482
44719
46335
42269
42450
49092
44727
46993
47434
41409
45838
48241
40371
46492
46570
40571
41443
45181
42334
43939
48039
43157
45874
49079
43526
47378
48103
41157
46061
46145
41712
45768
46074
40394
42278
46937
40369
41255
47297
41903
44019
47050
47118
47224
42892
44974
46727
41061
47296
47743
40614
43909
47150
42691
45604
47723
40996
46194
48148
41701
47342
47353
47638
48464
48568
42168
42214
46280
42734
43151
45488
41932
44932
48069
41829
45568
47402
41345
45453
46041
40887
46448
46619
44307
47106
41755
44680
47010
41664
41754
44642
41226
46507
47711
40632
47123
47328
40431
46473
46703
42292
43689
44894
41279
44530
47385
42663
43106
46038
41082
47322
47522
46431
46525
40821
45966
46354
47215
47347
47812
40595
44967
48071
41717
45410
45922
46559
48734
48752
40593
47024
48043
41680
47721
48408
44388
46974
48974
42217
43007
45405
41289
45346
46413
42395
43963
48232
40442
42874
47829
40665
45237
47196
40857
46877
47309
40392
45078
47665
47611
47664
48460
46577
47432
40998
44657
46079
46653
46944
41669
45785
46682
41621
45153
47840
40378
46641
46830
41198
46319
47282
42751
43827
47279
40877
46699
46954
46877
47290
40490
46476
46800
45963
48135
48875
40555
45671
46147
40728
46397
47840
40935
47693
48104
41596
45348
46014
40968
46555
46847
40962
46370
46973
41054
46213
48514
40809
46738
46926
41091
47077
47410
40481
46353
48364
46707
46833
40568
46036
40642
46145
46251
47232
48211
41023
45796
46355
42201
42419
46930
46723
48380
48399
41028
47620
48463
48309
48584
48999
41039
46449
47390
45583
46661
42506
42584
45562
42446
48116
48544
41208
46720
47343
43142
46141
46387
42289
43644
46609
40494
46919
47072
41752
42980
44973
40516
47106
48472
40618
41567
46381
41963
44305
46498
41242
46103
46305
41941
43352
46171
40659
47518
48003
41821
46728
47002
41248
47668
48026
41594
47804
48152
41985
43491
48762
49315
45164
47637
48292
41119
46914
47445
40876
45888
46266
40885
46542
46688
43719
45027
48452
45534
46332
42274
43141
46934
41547
47266
48503
41026
43858
45371
41741
46353
47745
40572
45548
46016
40971
45568
46792
45508
46448
41217
43971
46151
40988
47721
47801
45510
46281
47848
42602
46228
47584
42559
47188
47239
42621
47314
48114
42196
43834
47660
46296
46607
43408
43500
47857
41027
45422
46103
40545
43480
40723
46433
48006
43298
48403
47500
47789
48276
41181
44568
47469
47636
47638
49185
41215
44203
46715
42161
42275
46304
41107
44252
46377
41174
44120
46426
41371
47382
47503
42574
43020
48807
41092
46099
47273
41566
46599
46612
41093
47981
48041
41387
45764
46362
44728
46207
41514
46817
47617
47403
47671
48271
41282
46315
47474
42175
46117
47894
41235
47473
48634
40842
46697
47485
42827
43872
46671
42481
47451
48708
41325
43878
47032
40495
45893
47667
46835
47543
48870
41785
44802
46112
45493
46505
47404
47637
47661
49162
46225
46329
42241
42729
46569
41442
42612
47150
40692
47351
48100
42612
43091
43199
41079
46994
47510
41077
47373
48108
48054
48372
43167
47144
41003
45081
45880
42247
43596
45231
46532
46702
40760
46016
46527
41088
45983
46758
41531
45950
47496
40851
45995
46654
41906
44382
46631
45823
46334
41084
45953
46477
43032
47009
47274
41732
45526
48162
43031
45403
41078
48244
46143
48587
40552
47159
47425
40539
45453
45885
40869
47155
47196
41433
45203
46531
42741
44123
48281
41555
44475
45501
40939
45322
45773
42072
47290
48068
48575
49318
49347
41219
47955
48495
46366
46733
42414
45135
46552
41261
47777
48653
40913
46391
47868
42314
47164
47875
41724
44062
47680
40780
43397
46511
40798
45604
47050
42944
43599
45578
48255
48503
41201
47598
47659
42984
43000
47535
41944
43024
48530
40604
46433
47255
40525
46048
46718
41089
46199
46770
47067
47440
48126
43278
46829
47223
45350
45995
40625
47859
48920
42990
43495
47481
41929
47066
47882
42171
42768
46579
40947
46379
48381
43339
47300
48405
40986
46175
46709
41002
47863
47962
44775
46376
41305
44481
47670
41317
41429
49103
41270
45812
47366
41802
49116
49222
46025
46879
40542
47642
48449
42452
42771
48930
46347
46761
41223
43976
47301
41784
42219
47918
48348
48594
41249
44897
46297
45571
46509
41923
45016
47889
40754
44506
44845
46193
46884
42401
44545
45776
45630
46681
45987
46350
40564
46257
47509
46254
46887
40829
45667
47151
40588
45348
46178
46398
46916
41159
45915
46982
40675
45758
47034
42676
47461
48892
41244
46173
46266
41066
46290
46403
45489
46986
42564
43625
46084
44307
46161
48599
40890
43808
44530
46824
49087
40600
48500
49205
43298
46782
48976
44967
48162
45928
46935
42076
45612
46445
42050
47645
48784
40924
47233
47462
41207
46862
47257
41306
43756
46040
47264
47663
47744
40989
46882
47184
42861
43167
46000
40946
45885
46574
46904
48488
48632
41372
45773
45803
45221
46401
46769
47927
48739
41014
42894
48235
45258
47284
46446
47127
41180
46037
46354
42338
42766
41278
43965
44021
41316
45880
46115
47531
47814
46959
47619
44497
47540
42981
43130
46264
41402
43795
47553
42597
47042
46006
46592
47392
47679
41296
48429
48471
42847
42936
44500
47401
47502
44627
47350
41404
46291
48248
42809
44926
47094
47769
47858
45894
46202
41309
44640
46598
41175
47020
47209
40756
46251
47064
47529
47584
47803
41065
47000
48158
41754
48281
43801
46549
48704
41343
46515
46705
42469
46190
48587
46808
47121
41236
46436
47628
48880
45890
46164
45313
45442
48864
40895
44002
45787
42831
47489
48149
42542
45072
47841
47623
47956
41688
48277
48361
46004
46784
41030
46726
46740
47521
48385
48510
42554
43950
48581
42673
45881
47236
43622
47543
42044
47211
48063
47267
47278
44822
46814
41178
45010
47330
46566
48321
42256
42479
45916
45903
46651
41252
47571
48170
47088
47941
47944
45943
46929
40680
41398
47594
42124
45731
45982
41361
44064
46628
41840
45162
45523
43734
48175
48177
41205
46801
47117
47357
47784
40772
43111
47523
42097
45784
48193
43481
49032
49127
40914
47361
48157
40765
46355
46670
41711
43172
45340
42042
43017
43934
40918
48040
48084
45202
46911
48120
46849
47522
41339
44600
46962
41729
44506
48796
40953
43976
45392
47186
47312
42907
43289
44864
47178
47703
40987
43157
44200
41238
44236
46932
41158
45614
46079
41033
44986
45788
42932
43737
45353
41579
44709
45233
40802
40902
43692
43305
46868
40959
42274
45189
45800
46037
41156
46099
49009
40928
43817
48248
40782
45162
45223
41492
43507
45285
41022
41576
41154
41177
42813
45965
48411
48488
45049
46485
48357
45815
47057
40797
46757
47326
41010
44674
46477
41072
46178
46622
41649
43513
44756
40823
46211
46331
40755
46547
47655
41041
41213
41681
47833
48425
41695
46298
47015
41122
46240
47824
40696
47197
47283
46290
46515
43267
43582
47305
42973
43217
47082
41221
44367
46411
40704
44802
45614
44651
46788
41281
45328
46723
40714
47149
47280
45966
46823
46412
47474
48104
41905
43564
44976
41185
47373
47868
42192
44089
48837
45475
46156
40972
43764
46003
42987
43543
48811
45337
46763
47908
40926
44064
45667
47136
47151
42816
43563
48387
40920
48004
48026
40952
44236
45796
41104
46777
47003
41547
45040
45205
42095
44187
45222
41062
45768
46758
41015
46147
47021
46316
47073
42160
43439
45855
41341
46005
47412
42796
43737
46553
41795
42534
45754
47421
47648
41874
42840
46802
42408
46326
46822
42044
46949
41106
48117
48385
45819
46643
40816
47059
47200
40964
45010
46524
41291
47774
49234
46029
47413
49200
40905
47983
48347
41383
44739
47293
45839
46541
45863
46229
42040
48124
48455
41132
46679
47081
43712
44961
48391
45120
45977
43289
47358
47837
42523
43602
45567
40807
44475
45441
41182
47199
47468
40867
46327
47004
47048
47706
48481
41324
47307
47564
40992
45665
46494
47741
47914
46298
46809
45973
45982
41744
47499
48472
41789
45783
45788
43858
46659
47669
43886
46173
43633
47933
48562
47203
47617
48171
44073
46061
40858
47912
47936
47387
47408
40777
46970
47252
42429
43182
46528
41469
44111
48202
40941
48040
48193
41953
42950
44890
40806
47184
47239
41011
43887
41144
45441
46151
48266
48537
49186
40923
45016
47207
41067
46726
47468
47863
48041
41049
41459
44074
46245
40981
41059
44220
47132
47380
40880
46183
46983
45443
46708
41167
48802
48878
41258
43449
47680
40804
47136
47182
45610
46187
40974
47917
47981
43075
46233
48014
41682
44434
45173
42941
44792
49125
45836
46662
48688
47327
47948
48340
42325
43212
46766
41741
47630
48131
42854
47618
48222
43964
46197
47429
47713
44545
46305
42344
46093
49083
46691
47068
45751
45989
46121
47416
42697
43544
47463
45394
47672
40927
46822
46886
47530
47586
45422
46657
40846
45377
46176
47059
47149
42049
43219
46602
40984
44877
46882
40963
45360
47188
45715
46915
42947
43140
44351
43235
47488
49281
47182
47416
48194
48319
41234
44949
46785
48772
42478
45918
41389
44818
47723
45720
46585
41294
46033
47826
47256
47281
45456
47688
47818
46374
46895
49060
48507
48621
43406
46390
45572
45905
45635
45838
40843
43340
45826
41152
47382
47998
41256
44537
45115
40949
44434
44787
41204
45897
46074
45708
46772
47433
45842
47179
48382
45652
45900
41908
47743
48334
40943
44709
45179
40991
44157
46704
41378
47399
47891
43174
47338
47144
48043
41285
45983
46715
48454
48585
46126
47240
40966
45090
46224
46320
48911
49215
41867
46538
47053
41369
48395
48507
43743
45803
41148
45279
47735
43607
48073
48339
47359
47717
47907
42438
48004
49280
41094
43611
44168
45336
47602
42574
44812
41521
45240
45866
41823
42971
46050
41788
45022
45115
41501
47253
49073
41118
43564
45792
44342
47109
49065
41998
45800
46015
48121
48330
48332
47546
47778
45359
48677
49195
43560
46420
42680
45853
44852
47036
47511
45069
47175
47856
41376
42108
43822
40937
46795
47589
46122
46268
45149
46684
47256
47408
44416
45872
45418
46685
47601
47845
48017
48164
48175
43022
45300
47107
42491
43321
46752
41303
47244
47693
47054
47280
46051
47749
48111
43825
46041
45976
46502
42180
44267
45798
47760
47762
43107
46027
45400
45546
41163
47195
48270
41464
43855
44866
47698
47819
40965
47270
47520
42139
42803
43449
41803
47557
48173
42287
42528
47614
46803
46997
45574
45817
47229
47287
44655
45698
46544
42198
44801
48206
46807
47143
40940
41034
47685
42876
48416
48978
41000
41241
48908
41138
47859
48786
46821
47298
41264
42534
44739
44170
47659
48521
46333
47711
47374
47686
43332
46014
45395
46644
40995
45322
46650
48419
48509
42490
42748
46462
47114
47557
42948
47041
43386
45416
48460
47323
47344
45560
46629
41171
43392
44060
47028
47054
47238
47690
42050
48318
45307
45774
41008
47332
47352
43380
46367
48264
41322
45223
46377
41424
46155
46220
45728
47128
46135
47813
46542
46738
46319
47259
42145
45683
46224
45308
46765
41051
41123
47454
47800
42794
43729
49141
45081
46689
45243
46608
41315
42861
45935
43596
45783
43642
48369
44981
46459
44657
46421
42788
47545
41280
42941
45025
47250
47277
47471
47526
41397
44968
45875
45057
46627
41311
47433
48517
42019
47953
48789
43641
48153
48592
47593
47612
47185
48468
48748
41059
47397
48305
48051
48060
47443
47839
47427
47573
47629
47754
45888
47276
41096
46969
47469
47250
47387
41041
43293
48788
42181
42223
43658
47764
47892
47591
47739
44179
46918
48715
48024
48166
42924
48299
48409
44932
45984
42394
42777
45750
47472
47994
48750
43516
48256
48442
48554
48634
44198
47660
41915
43245
45053
45512
46637
47148
47446
47208
47500
49141
46741
47200
47346
47450
47754
47917
45786
47608
43682
44670
48571
47484
47596
47348
47770
45566
47794
48740
42935
46909
44187
45373
47205
48129
46867
48290
44450
46464
41053
47300
47750
46349
48907
47441
47785
48330
45881
47757
44695
46561
41777
47362
48719
45781
47161
44496
46434
45204
45632
47293
47385
42784
46091
44166
47820
47015
48251
43502
45657
47555
47813
45782
47569
48774
41462
41640
47528
45785
46969
41100
41845
42451
45581
45640
45889
41167
41334
47720
42650
43546
44325
43056
44255
45898
46555
46699
48489
48532
43421
46214
47699
47923
48239
41590
42691
47236
42698
48161
44019
46742
46328
46360
41268
45179
46426
45203
46115
46175
46926
41272
45897
45929
45191
46936
41051
43905
42537
45318
41838
42278
47930
41074
42141
48227
41120
47153
48800
47332
47760
42495
43385
46107
41654
46046
41233
42796
45874
46664
46750
42779
43023
46030
41049
41549
47577
43815
45403
46974
44715
45539
44722
46867
47514
47890
41239
41527
46326
42359
41733
45287
48398
47440
47885
46273
46318
42073
45239
49240
41432
44787
46040
41111
46159
46706
46199
46954
44254
46896
44917
46060
47722
48080
47892
48060
43118
47381
48744
43080
43392
45297
45804
46482
43625
45523
47822
47857
44747
46002
44942
45291
44206
44429
45439
41417
41650
47052
48890
43599
45448
47905
47977
45672
47478
44329
45944
41913
43122
48388
47271
47641
48096
48103
47450
47845
41251
45517
47214
42270
46400
42133
47171
43705
47415
48038
44355
46705
41261
43573
44729
41938
47449
48610
41921
47083
49007
47361
48228
46894
47281
47269
48270
48594
47471
47601
46538
47485
44353
47213
47199
47513
42110
46883
48217
45612
45914
41318
47623
48381
41442
44380
45906
45354
46392
49323
42141
43654
42172
44060
45340
46798
48637
48868
43476
46081
46920
47352
41970
45938
48958
47850
48351
44088
46410
41530
47815
48558
41517
45466
46372
41260
45962
46548
46811
47962
45329
46630
42080
42697
44203
44264
46162
45812
46603
43365
48410
48684
42458
45868
46875
46894
47596
47762
48170
48903
42776
44021
48465
48676
48754
47327
48001
41817
45020
46275
41568
45284
46411
47590
47678
41259
48745
48753
41183
46741
47170
46056
46517
41757
48334
48959
43010
46356
47263
46900
47346
45641
45980
41139
44868
48609
42579
46493
48005
41911
43930
45215
41505
46713
46812
47091
47905
47955
48108
44733
45762
42844
44220
48206
43377
48611
41933
43620
48065
42936
45022
42971
43849
48421
43794
43849
45176
47961
44658
45840
42181
48217
43848
46656
42086
45448
46176
42888
44869
47851
48442
48600
45080
45144
49004
47048
48283
44257
45246
41679
47367
48902
42734
45731
42847
45173
48061
48245
41224
46623
46824
43047
43514
48116
41543
44006
44183
47606
47805
47439
48469
48747
47355
47985
45152
46238
43993
48877
41320
43546
44102
41291
41330
47790
41804
47663
47874
44252
46660
44694
45155
45689
47924
48780
43542
46088
46976
47526
42738
42930
45280
41232
44602
48589
41942
48335
44054
45289
43106
46112
45132
47104
42588
46531
46121
47420
44370
44575
47315
48328
42496
43432
45008
41981
42931
47053
42451
43674
44278
48626
48733
47698
47739
43898
44571
45556
45904
46779
43801
48689
44169
46610
47593
47778
41716
44866
45068
45777
46010
45848
46591
46293
46616
42149
45543
47953
48595
48091
48380
48826
44578
46714
47747
47764
46922
47484
41220
45549
47301
47396
48086
47618
48365
43002
43720
46252
44430
46586
41721
49064
43611
44244
47420
43102
44288
48420
48748
48995
47465
47929
46118
47631
43860
46272
42871
44979
47087
48471
46676
46976
44120
46727
45247
46212
42637
48434
47722
48137
42919
45367
45929
44439
46308
41637
43817
46611
42379
44183
44368
43554
44256
44997
43767
46034
42002
45371
47402
48390
49275
46480
46900
41870
47843
41733
44077
45555
41334
45194
43660
43752
49145
42474
48198
47776
48224
45079
47109
47288
47846
47902
42663
45501
41739
43782
47736
42944
45683
44003
44948
45557
46379
47495
49215
41413
43059
45596
48324
48705
45240
46709
44821
45811
47111
47180
45067
46405
45846
45985
41807
46925
48227
44512
47212
43971
46671
42647
47140
48544
45708
48421
48107
49172
46724
47889
47137
47268
42418
42836
45139
42790
45452
48209
46839
46920
41424
42034
44244
43391
44937
41283
44206
44522
43140
45284
44193
46218
46688
46925
43799
46128
47138
48086
42735
45141
45002
46556
47086
47572
41346
47131
47230
47573
47713
47227
47707
46177
46841
46836
46922
41663
47911
47870
47991
45973
47553
41412
45521
47125
48051
48245
42791
43626
46250
44170
48584
44431
44805
45466
47020
42662
45100
45675
43418
48453
44139
48366
48695
44153
44843
47960
46213
48002
42231
47504
47629
43078
47704
42475
43722
45241
42065
45639
41304
45949
47587
42390
45914
46462
44678
44717
46799
47316
49309
41383
44971
45525
41966
49197
43963
47682
43721
46451
43310
47294
48881
45950
46756
44968
46770
42667
46226
49119
47891
48722
41987
46116
47330
42069
45675
46628
44356
45662
47191
47470
42564
45233
42624
43320
44306
47091
47626
44409
44841
44537
46498
46385
48700
49104
42947
45297
42020
46330
46932
48359
48637
44492
46791
42199
44348
44674
44579
45398
41633
47947
48525
43821
45854
48894
48896
44763
45835
46795
47535
49000
42258
43353
44164
45664
48880
42588
44355
47071
42698
43890
48236
41363
46367
47681
45930
46007
45086
47226
42661
42712
45651
46548
47323
46813
48213
48836
41433
46084
47164
47686
41844
45231
46934
47089
41438
43334
43544
42657
42997
44495
41469
42773
43268
43242
45044
46055
47645
47931
42541
46655
47512
41887
42829
48984
44382
46393
41884
45365
43014
45629
48144
41971
42084
43454
42953
44114
45856
41979
44793
48073
47853
48068
44008
48241
42291
42912
48967
46636
47012
44897
46692
45879
46188
44362
44613
42128
42938
43114
42426
46485
46939
48150
47636
48030
43500
46210
47833
48286
42247
45222
42815
43077
43456
42436
43508
44226
47446
47586
46161
48549
43566
44432
47560
47748
41780
44189
44248
45468
46434
47606
41872
44102
45556
42263
48928
48998
43774
43155
43562
48962
42593
44649
49216
44108
45331
47230
47612
42690
47096
49259
43192
45776
43382
45832
47347
47971
43594
46182
42589
43287
43496
41842
45828
41800
43091
46930
41436
47800
48712
45899
46875
41576
44273
42046
46917
48082
43146
48319
48886
44621
44666
44830
47165
42308
43226
43448
44177
46440
42329
43051
43462
41859
41921
44976
43176
43739
48932
43693
46682
43319
46826
47329
48341
49234
42709
42885
43891
47639
47964
41970
48957
44523
45320
42525
43850
48966
42305
42761
42762
48604
48732
43773
43981
44878
43885
44720
44915
41656
47934
49040
43336
43741
47855
43761
44044
45236
47238
47429
46216
46759
46618
48185
48233
42472
43470
44143
42507
45590
45541
46869
43246
48416
43493
43928
48931
44665
46700
46940
42650
44368
44726
46597
42725
43545
43715
42603
42916
43619
48249
48419
41438
44705
47423
44140
46575
43591
43979
42778
43686
48937
42116
42593
46284
45151
42137
43924
45245
45465
45648
41952
43239
44001
42306
42921
43603
44738
45723
46244
43969
44004
45107
43147
44901
44921
44623
46019
42716
42758
43228
41984
43184
47836
48910
43378
43994
44308
46405
47153
48170
44542
46357
43846
46044
43108
43240
45713
42742
43525
43868
41549
44213
44361
45084
45133
43068
44605
42872
43366
42696
43144
44134
44367
46569
41875
48942
42764
43355
44222
44397
44808
46395
42265
43428
43662
42949
47802
42310
42983
43125
42765
42911
43040
42917
43050
45547
46461
47245
42986
43961
44050
43360
44240
45592
42609
43109
43533
46036
46824
48137
46454
46491
43995
44315
48947
41826
43437
46047
46137
42786
42822
44079
45020
46801
43887
47015
47869
41646
48644
48988
41725
43178
46690
47988
43322
44671
45746
42740
43163
43535
42979
44237
44364
42237
42720
43038
41931
45706
42257
43137
44029
42160
45257
46850
44906
46278
46546
43668
47658
48050
43488
43880
48955
43399
44235
46086
43483
43589
43923
42803
47436
48211
42960
43541
44046
46298
46547
44587
45623
46344
43189
45509
43671
43919
48939
41986
47504
47658
47457
47929
42342
43098
44165
43966
44995
48956
47348
47546
44211
45349
45484
42230
42665
42886
44509
48968
43537
43665
48950
43695
45549
48901
46385
47664
43707
44277
45323
41735
43484
43549
45611
46676
42704
45831
48557
42178
42763
45479
41934
45373
46802
46452
47170
42547
45275
43914
45024
42837
43120
43358
44501
45563
45618
42646
42808
44280
47243
47260
42685
43983
44372
43517
44144
44293
47414
48124
46847
46883
42272
45266
47022
43716
46501
43168
44099
44435
44093
45483
46359
41603
45220
43401
45205
47481
42743
44707
49120
43607
48668
44640
46632
41738
47109
47360
43250
43315
43756
46304
44061
44337
42922
43841
46144
43912
46035
46090
46396
46933
42656
44059
44233
42152
44377
45192
45471
44980
45470
41822
44986
46766
42819
43768
48997
44255
45170
47119
41785
43501
43557
46294
48489
48681
44514
45861
42246
43414
43974
43170
44751
43233
44172
49012
42839
43133
45622
45479
47089
47183
41949
45128
45962
42967
43329
44772
43190
43566
44468
47111
47591
47620
47772
43080
45068
43129
44556
44621
47077
47209
44587
45357
45387
48153
48395
48897
42966
43579
44411
42085
43061
46913
46227
46261
42681
46914
47117
43216
44268
41840
43409
43669
42727
44507
43024
47882
42727
43001
44338
43243
44182
45500
43356
48961
49026
42166
48531
48772
42029
43661
43907
42835
43183
43574
42617
44920
45024
42428
43606
44229
45485
46811
43028
44476
44805
43071
45573
44574
44918
45927
48674
49207
44536
44755
45729
41779
45578
42552
44692
44907
42833
44078
44290
43073
43420
49024
43121
44061
44590
45067
45806
47571
44510
45861
46019
42526
43867
43492
46248
42954
43591
45018
42016
43614
44567
43435
44581
44717
45343
45565
42075
46917
48909
43170
43389
44505
44127
44237
45313
46417
48249
44512
47297
48222
42081
43250
44725
42444
43810
44336
43258
44618
44841
45039
46819
48550
42913
44474
45470
47443
47530
47257
47374
41982
43148
43484
43627
49017
44698
45719
47105
43025
44613
45089
43085
45805
44766
45770
45994
44317
45701
48938
43063
46321
42634
43223
44456
42403
43664
44028
44447
48927
49133
43419
46020
47942
48725
44465
46486
42771
46306
46343
48537
49187
47000
47334
41831
48944
43391
43635
44570
42872
45259
43577
44303
48980
44908
45707
46735
47351
47503
47833
43604
44257
44520
43745
46526
48987
43723
48965
49037
42105
44956
46330
41802
46198
46908
44083
48889
42335
46506
47491
45160
46902
42190
44353
47757
41681
47634
41867
46995
47976
49039
45415
45430
43324
45034
42813
46274
47048
42375
46239
48347
42416
44198
48388
41843
43778
44092
42746
46028
48303
42175
46958
41972
42259
46000
44712
45673
45699
42254
42389
44792
42858
45199
48169
43151
46445
42774
44605
44641
44755
44918
43427
45437
43942
44054
44608
43280
45207
44232
44321
44412
44084
48148
48809
44587
47253
47832
44479
46805
48435
48565
46247
48901
46117
47512
42664
43592
41788
43518
43819
43425
45801
47855
43889
44212
46712
41708
41951
49002
43403
44087
45356
42610
43820
44135
48720
49233
46449
47445
44401
45034
48983
41857
43752
44249
43515
43724
44010
42810
44489
45430
44101
44469
44715
47869
47907
45052
45410
45922
41854
45377
46962
42817
44619
45275
43206
44750
45762
44804
45480
47113
45825
46621
46623
47722
47743
42864
43261
43333
45949
47322
41900
45790
43074
44611
45414
43796
46942
48989
42657
44849
43037
44461
44786
42154
43929
46553
43346
46435
47396
48157
43585
44323
45602
42153
44217
44850
42671
43242
44548
42172
44839
49018
47470
47839
46606
48458
48855
43649
44907
44965
45414
45597
49063
42300
44318
44957
43901
44272
46301
43522
45952
42896
45765
43818
44827
45565
44852
47809
48149
44269
45985
46357
46139
47621
46379
47495
48369
46720
47618
47915
44440
45901
49016
42389
44063
44166
43855
46093
45723
45990
46263
46504
48935
43393
44342
41747
44952
46267
45969
46058
48220
48716
41793
43627
43814
41935
48183
48625
46223
46425
43571
44835
45291
43541
44037
45933
42384
46687
42649
49198
43355
44018
43717
44461
42155
43960
45754
47243
47690
43416
45037
45320
44597
46070
46777
47390
41889
46789
47333
47826
48818
45212
46380
46672
45183
45714
47093
42686
43823
49003
43684
44648
44694
43579
43818
46243
46723
47911
44470
46914
47445
43188
46077
47192
42978
43058
44451
43236
45927
47091
47623
47859
43110
46368
49036
41910
46793
47095
43104
44788
45550
43781
46755
48115
48125
48173
48865
42750
43096
43639
43727
44526
45641
43192
44174
49153
47400
48120
43225
43897
49042
42958
44324
43122
46673
43615
43631
44018
44566
45204
46179
46380
41905
48986
44500
44913
46728
47002
42515
43532
44743
44325
42095
44997
42427
45584
42054
44675
45128
42459
44311
47725
43172
46280
44764
45573
48979
42744
46255
47116
43102
44288
49271
49273
42322
44798
45207
44075
44169
44883
43423
44833
45108
46755
48115
43185
44957
48014
48324
48821
48159
48409
42158
43910
44934
48510
48647
47028
47807
45764
46672
45462
46179
46543
44242
45846
46393
42129
44006
45750
42235
48317
48468
44514
44557
45932
42272
42423
42787
45531
47991
48006
43561
44108
44814
45691
46836
43374
43986
49038
42805
43169
43869
44417
45791
48945
47344
47819
43554
44009
44062
46441
43097
44022
45707
45719
43099
45100
43162
43466
44609
45503
45919
47494
41861
47492
48933
46135
47371
42405
48943
46679
47510
42708
43069
44956
45417
45990
46486
45703
47647
48256
43101
44447
43058
45019
42662
45996
47246
44795
46259
46457
44351
42904
45367
45808
42368
44297
42211
43162
43049
44033
42141
46820
43060
44966
43113
44639
46212
44066
44460
45967
44876
45076
45730
42249
44462
44966
43587
45370
45988
42279
44142
44199
42234
44797
45437
43660
44551
43655
44114
47473
43649
44490
46060
45090
47032
42808
43942
45742
45899
43152
43631
44988
48934
43430
43931
45552
43331
44716
46002
44127
44606
45817
44349
44432
45572
43839
46517
46603
47795
42594
45103
46453
43098
43727
47233
48069
42163
44912
45509
42379
43820
44337
44539
45400
43506
46600
43699
48941
43018
44697
45944
43067
45175
45662
47431
47748
45075
47989
48175
42591
43460
44051
45824
46595
47503
43066
44760
45840
43275
45172
42804
44067
43585
45084
44359
47077
47410
42406
48932
43656
45730
46276
46839
44946
46130
46539
43679
45569
43331
44435
47090
47524
47631
44326
44666
45989
42789
44780
48990
47142
48492
48680
43018
44233
42350
42518
42821
44058
46616
46756
42629
44098
45005
45682
46325
42937
44850
42673
49057
42873
44770
44996
47828
48985
45672
47366
43144
43684
46623
48138
43490
45550
46012
46480
43606
45875
45601
47588
41999
48305
47626
48520
43508
45866
44399
44678
45900
42089
48990
41927
42237
42459
45251
46454
46854
42634
44531
46565
47210
43784
43975
48936
43813
47848
43502
44262
44457
44842
46994
47510
46986
47154
48194
44167
47708
44415
45950
47496
47252
48024
47449
48610
49190
42536
44112
44026
46696
46489
47780
44256
44654
46190
46905
43979
45304
46136
42280
44103
49035
48117
48527
43503
46244
44384
46854
42930
46335
46963
48698
42073
45366
47203
47270
48166
44799
47189
44826
45764
46362
44531
44701
45002
42522
43690
45298
47006
47218
43470
43571
46466
49001
42305
42472
42997
48930
42073
43505
49240
44631
44937
45512
47066
47610
47882
44579
44660
46062
44623
44629
46306
42980
44973
45917
43528
44493
45558
45810
46519
47767
45468
47362
48719
43872
47539
42382
42571
43256
45698
47247
47519
47062
49196
44066
45618
44346
45673
42587
44011
44960
43059
48071
42051
42690
43092
45048
47792
42658
42798
45294
44287
46449
47390
43833
44383
48368
48844
42937
44494
46218
44214
44431
46229
42297
43549
45144
47971
48623
43234
43789
44936
42243
44994
49008
42976
45477
42501
48952
43053
48909
43266
49314
49316
47883
47982
48018
48036
44416
44507
44687
44834
46491
46588
44136
46056
46692
45822
47500
49140
47388
47434
48321
43066
44050
44643
45044
45781
42868
43054
45529
42655
44522
46250
44895
46044
48964
42401
46038
43486
45121
45609
44380
45528
48115
42537
44891
44972
47747
48267
45101
46782
48070
43185
44513
46162
44362
44478
46187
44592
48490
48725
42638
42848
42931
49010
42509
44043
45582
46615
47519
48199
43101
45054
46696
44135
44706
45095
42281
42443
44105
45006
45160
46743
44724
47530
47586
45637
47300
47440
43882
42993
44179
46625
46906
42146
46295
48231
48615
47834
47943
43466
47092
44800
46293
46632
45357
46356
47489
44176
44346
45999
42210
45435
46182
44327
48440
48673
44523
44673
45889
43717
44899
45811
42560
42671
46749
47401
48488
44005
45246
45894
42199
42893
47071
44923
46599
46612
45925
46452
43861
46699
46954
42365
44721
47040
43901
45192
44148
46555
46847
42658
45451
47389
48133
43304
43873
46554
43245
46297
43384
47601
47845
44543
45892
43914
45031
46328
47909
48184
48590
48615
48849
46994
47410
43930
46598
45690
46123
43783
48114
45327
48316
48744
43424
46588
45516
46065
44521
46128
49023
42951
45729
42943
45994
44423
47698
47819
43519
46738
46926
44224
44356
46643
46217
47682
48063
44582
45155
45976
46130
46278
43221
43910
42875
44448
45051
45343
45465
44751
44953
45152
42769
45963
48527
47643
47807
43390
47760
47762
42332
42503
44000
48490
48725
45122
46227
48002
42554
47737
42124
43412
44806
44989
47898
48462
43225
45133
45346
47093
47902
48061
42403
42996
43523
45326
46058
46033
47826
48960
42690
48327
42256
45562
42145
49145
44656
46787
42867
46077
44032
48989
43416
43995
42584
46325
43480
47633
48594
42673
44646
47317
45202
45645
48120
43787
43999
44360
45289
45475
44984
48183
44396
47429
47713
44577
47404
49075
47275
48659
48782
43324
44880
46261
42128
42764
45172
46903
46963
44409
44730
46318
43620
47027
44098
44656
45000
42951
43750
43973
44299
47187
42674
45064
46399
47277
47943
43767
45316
45706
42549
42563
42684
45911
47374
47686
45669
47744
48885
48030
48737
49161
45936
46032
42257
43635
43656
45389
46714
43432
46413
43113
44078
43131
45947
48491
44543
45779
48953
42292
44283
48682
45439
43002
44039
45647
47369
45375
46567
48570
42482
45526
46468
42696
42610
43713
43206
43983
48492
48727
48781
43403
44808
46148
47062
43427
44466
46627
42363
42792
43559
44719
46735
46125
47221
42500
44249
46226
46384
47575
43234
46893
46635
43280
44433
46459
42246
44075
42960
45511
46001
44117
49144
44963
45234
46159
46970
45318
45631
45930
42598
44149
42943
44184
49049
42823
43210
49085
45385
48164
42546
48967
45520
46012
45382
46276
42410
44735
45901
45538
47291
47689
42716
42789
44343
45728
46787
48005
42394
43937
49091
44549
46020
48949
42558
48962
44071
44942
46350
42522
45107
43209
45375
45611
45704
48902
42457
45797
42786
43604
43361
45041
47179
42183
42550
44385
49017
42606
44960
46059
48004
49282
44588
44910
45033
45346
46413
43537
43969
45991
46221
43239
43435
46032
47180
43678
46562
47557
48026
48324
45602
44328
47546
47778
43103
45721
46586
43503
44446
48926
43374
45563
44637
45805
49027
42718
49102
47863
48041
44402
44680
47010
47520
47883
42513
42660
42985
43920
46775
47830
42531
45487
48606
42926
45325
42521
42573
42592
44554
43834
46825
45043
46286
43615
43876
45717
42479
43165
49049
44702
44980
45839
44481
44633
48602
46713
47875
43074
43671
42656
43155
42410
44667
43306
44667
45299
46580
47314
47556
42687
44176
44381
43236
44385
46241
43102
45478
47370
49273
42661
44663
45167
42864
42890
44373
43821
44381
45802
43017
46153
47392
47637
48500
48215
48502
43478
45500
43399
44101
42778
43168
43002
43678
45647
42867
44910
47507
43430
45471
44289
46385
47746
44542
44644
46153
44680
47105
48477
48528
42739
46317
43719
48408
42263
42742
46511
48514
48820
42745
48937
47804
48648
42481
48588
42797
46076
48117
48610
43853
45539
46193
44186
45812
47366
42892
45345
43523
44996
46967
49007
47996
48317
43640
46542
46688
43223
43296
44151
44540
47537
48189
42753
43665
43218
44551
44743
42286
45485
45599
43275
44025
46300
45686
47617
47664
45333
45691
43990
45980
47186
44159
44445
43001
42740
48948
46292
46470
43090
47387
47408
42606
44909
45832
43899
45632
46702
42609
42291
42725
42378
42978
47382
48286
48442
42510
43195
45627
45931
47215
47731
43385
46465
46062
46078
43637
43713
44155
43065
47965
48363
46184
47906
42565
45195
44914
46777
47003
42739
43629
44268
45450
45735
42471
44025
42373
44087
45488
44227
47591
47739
45012
45678
47381
42386
46554
43274
46142
46773
45514
46140
43441
45176
46905
49115
49222
42414
44124
46169
44129
44733
46592
42589
48504
48694
44696
47238
47690
43745
45099
49101
43007
45932
42999
47149
47280
42347
43191
44784
47443
47839
45077
46801
47117
42432
48998
45480
45714
44053
44917
46651
46256
46862
47257
42347
43814
45651
42828
42342
42694
45569
45654
49011
42514
42646
45527
45774
45854
42815
48940
44130
44439
47572
44844
48194
48319
43447
45009
48708
47465
48228
43695
49054
43770
45546
46225
43356
43981
45352
47148
47446
47549
47652
48545
45082
46970
47252
42461
43672
47448
42782
48955
42817
43525
44333
47910
48360
43836
46710
44221
44658
47068
42569
42686
43529
43758
43628
45574
46607
42837
42954
45459
47925
48536
43716
44366
46526
44297
44713
42659
42792
43565
43608
45845
46399
47544
48534
43063
45213
45593
43028
43176
42493
43274
45440
46956
47389
45300
47454
48219
42367
48099
48540
42966
45003
46980
47699
42729
45405
43189
44467
46482
44317
45349
42850
44789
44194
47008
47969
48030
48507
48737
42659
43269
49086
43060
45267
46210
43688
47471
47526
42591
44878
43011
45515
46530
43985
47253
48841
43967
44747
46784
44810
47427
47573
43972
45221
46034
44583
47327
46381
47124
48039
43785
45652
46733
43490
45330
46630
42743
44205
44598
42798
43923
45494
45709
42450
45967
45516
46724
42718
44779
44626
45952
49021
47659
47953
48231
44040
45111
45808
45401
46039
47403
44720
43110
44303
47383
47815
42458
45168
48941
42594
44212
43561
43584
44442
47679
48492
49204
45738
46343
49187
42480
43194
47800
48040
48419
43061
46030
45338
47913
48750
43083
45033
43601
45917
43735
46175
46709
45254
45603
44429
45570
44818
45599
46981
44965
45339
45918
45165
46831
47451
49092
43748
46001
43420
43885
45410
46457
44502
47516
48020
42702
45324
46248
45669
47816
48888
45413
47576
43602
46362
42765
46736
47337
48465
44585
48988
48931
42705
47626
48381
46941
47019
44405
48055
49106
43574
44181
47113
46513
48029
48971
43729
46947
48613
47649
43067
44293
46141
47604
43035
46520
48570
42823
44106
44767
42920
43117
44184
44030
46156
46398
43007
44081
45345
42573
43532
45139
43065
43150
45140
48533
46109
47079
48915
45765
46116
43809
44250
44332
45742
43072
46534
42964
43577
43567
43978
45035
48997
44931
48052
48396
43376
47256
47281
44007
47593
47612
44410
45925
44174
44664
46341
45181
49242
43646
45305
47996
46268
47730
43873
45108
45858
47076
48613
44000
44562
42814
43378
42688
46139
47514
45623
46648
47799
42619
42827
43724
45445
47655
48867
43792
47783
48279
42693
44993
42732
43510
46631
44983
48554
48634
47920
48370
48389
43831
47454
48193
44147
44329
47073
43204
44051
44503
42797
42587
45236
46813
48838
45376
46679
47081
44752
45813
48484
47335
47706
49001
43459
45751
46833
44181
45112
47011
44990
45790
49102
45815
47139
47304
46119
46453
45227
46228
46371
45524
42828
42913
43287
46845
47376
46928
49194
42557
46972
48585
43679
45895
46591
45378
45795
49050
42571
43193
43807
43547
45009
49237
49242
45858
47292
47472
44193
44263
46685
43536
47484
47596
46923
47808
48174
42774
43109
45073
45984
49132
42985
43191
43823
44568
46781
45514
46706
43846
44676
46608
48814
48972
45766
47963
48715
45711
46812
43639
46372
42886
43562
42967
43994
43208
47332
47352
43218
43706
45775
48951
43229
47059
47200
45554
44719
45217
46335
42858
43438
44158
45131
42779
46552
43539
47426
44973
46539
43100
43736
45999
43780
45905
47769
43097
44156
49040
42767
42988
43251
43190
44600
46528
44879
45557
46662
46351
48285
48847
43630
43906
45623
47140
48544
47009
47018
48284
43706
44707
44323
46221
47131
43258
43493
42927
48928
44503
44610
44437
47944
48417
46050
46895
43306
45484
42810
43077
44711
48540
43025
43163
44978
46440
49025
45364
45737
43352
44663
45797
46230
46621
43907
44926
46862
45833
47108
47157
43725
45571
46308
47721
47801
48223
48739
43693
44783
45554
47386
47584
48123
46956
47494
48968
42795
44311
45117
47020
47209
42569
42767
43400
43922
46579
45276
46340
48525
42682
42761
43966
44412
47139
48143
43647
46333
47641
43748
45575
46869
46652
47493
48961
43996
45769
43389
42885
43121
44253
46406
47756
43194
43711
44239
44261
42806
44011
43798
44892
47223
43723
44044
42986
43488
43081
45135
45143
46552
43367
43698
43183
43686
43093
44274
45278
47274
48623
48656
43382
44403
46464
44267
46612
44773
45963
47924
47770
48184
42832
43567
44155
44425
45942
44578
45177
46915
45331
45961
46461
43036
45143
43311
47346
47450
43740
44312
44376
44460
45695
46731
42725
44026
44487
46629
44272
43093
43765
46172
47729
43358
43037
43545
43553
45610
46830
44012
46951
43867
44622
47195
47606
48523
43597
48255
48503
43082
45570
45622
46371
48123
42873
43233
43301
45791
44192
44264
46585
43768
44662
46868
47086
46626
47433
47891
42742
43431
44945
43424
45325
45668
46052
47135
44309
47323
47344
43093
43210
43559
43085
44516
46410
44119
48520
48704
42630
42762
42702
45701
44612
46272
46406
46819
49099
45566
46580
47156
43051
43129
43478
45747
46425
42627
46324
43980
47026
47791
46035
46259
44306
45209
47461
45083
46007
46803
44112
45532
43322
44458
48319
48886
45849
46005
47412
44472
44799
47414
43789
43219
46288
44041
47248
48497
46504
48466
48102
49009
42964
44732
44813
45279
47496
43068
45934
48934
43790
45534
46902
43763
47250
47277
43243
44833
46778
48326
48923
43190
48190
48673
46026
48873
48883
43578
49199
43977
44180
43895
47189
49089
43014
43793
45085
45472
44408
44430
46929
42763
43457
47587
43082
43257
42912
44298
45219
43975
43325
42712
45280
46171
47102
44386
45434
43278
48080
42739
46861
45171
47566
48919
43878
46499
43151
44105
44757
43429
45035
45711
44382
44875
46631
43389
44535
45247
46347
49058
43045
44913
47078
47688
48512
46408
47750
44691
46088
49041
47505
47590
46361
48024
48166
42715
45537
46583
48489
43360
44465
45627
46288
43081
43194
43255
42793
43147
44226
44995
47824
48798
46767
48334
48817
48678
44646
48350
43406
44436
45828
45195
49091
42966
46563
48230
48863
42764
46497
47193
48221
43173
46202
46843
43856
46431
46664
42784
45196
48942
44826
42704
43854
43904
45094
47333
43642
48856
44357
47666
47949
44633
48602
48891
45404
45620
45702
42916
42979
46599
46700
43497
45823
47128
44302
44647
42863
45624
46991
44073
44121
46501
45451
45617
43224
44559
45957
48991
49101
42859
46108
46365
42774
43109
44400
48359
48637
46913
48982
49020
43848
47732
48237
42800
44654
45547
43833
46852
48405
43778
43104
44921
43588
44081
44485
45640
46164
44782
47892
48060
43043
45581
47694
43964
44275
45868
42781
44449
43187
47708
43859
47033
48529
43107
44374
45220
43169
46275
48947
42908
49035
45215
45657
47244
48938
43281
48861
44330
45872
47267
42839
45210
49128
43012
44413
45793
44241
45704
46636
47148
43876
46856
44308
43726
45863
46944
42940
45409
48935
43889
44901
44616
44897
46297
42810
43077
43419
44632
46561
43594
45457
46684
43360
43322
45951
46522
42996
42975
43274
43869
42950
46241
47924
48647
46785
48531
48859
43273
44875
43064
44479
48710
42949
44824
43180
43487
44759
45449
44793
45945
47337
42832
46107
42829
43843
45351
43482
47028
47054
44428
45488
48956
44384
44993
46465
44610
42916
42979
43137
45734
46022
47490
48614
43224
43030
43034
45580
43795
46264
44229
43120
47076
49140
44617
46400
46872
46998
43152
45755
46541
47016
42880
43171
44681
43352
46301
44763
45019
46215
44266
46269
44149
44547
43775
45333
44769
46451
42819
43850
43414
47138
47242
46891
47502
47699
42842
47136
47182
44602
43707
48939
47876
49173
43038
44049
45258
46637
43761
45065
47191
47470
43316
43325
43630
42885
43121
45008
43517
44172
43948
44775
46091
43509
45819
46800
46458
43168
43528
43664
44852
45357
46840
45142
45732
42851
43423
43492
44734
46765
43512
48984
43182
46096
43434
43012
49038
49127
42917
44207
44480
47899
48019
48075
47059
47149
43304
44876
47441
48653
43601
45460
47104
42980
49032
43534
44279
43630
43771
43202
45987
46745
43191
44109
43353
43171
44009
45713
46728
46940
44512
47915
44607
45738
46895
43103
45052
45521
46647
46912
47218
45072
48473
43011
44336
46388
47609
43130
45922
46167
48264
43347
47355
48351
48385
43408
47254
47287
46368
43616
48966
44358
47190
47752
45370
45699
45772
47767
44322
43270
43480
43641
44250
45102
43570
48926
44651
44975
46909
43307
45658
47569
43062
43070
46155
42992
43883
43825
44209
45543
45491
45969
47298
46978
48914
48921
46783
48924
48969
43773
43379
46371
48721
46789
47003
44230
45329
46887
43347
44042
43048
46401
46424
43105
43973
46220
47513
47671
47885
45843
47933
48330
46642
46680
46858
48611
48869
44679
47348
47770
44768
46655
44831
48189
48850
43444
45903
46703
43395
44832
47383
45708
47220
48421
46747
47242
43359
44705
45066
43857
45201
47259
47731
47823
43046
49036
43217
44538
47481
47506
47755
48545
42913
43287
43155
43241
46366
46711
44281
45848
47740
45567
43319
45447
49063
48139
48267
45356
43025
43163
43051
43129
43908
45057
46718
47222
48378
45279
47735
48925
43309
43986
48927
43884
45243
46879
44565
44821
47619
44188
45265
43771
47177
47904
48387
44987
45625
45261
48051
48245
45390
46101
43659
44301
43715
43028
43176
44095
44981
46935
48936
45293
46231
46493
47237
48005
45005
43865
45116
46233
46546
48135
48874
48888
43852
44345
43057
47080
44688
44052
44809
44557
43130
44820
47165
47282
48554
43434
43302
46006
46851
44645
45510
47848
45078
47905
48786
44448
44593
43465
45508
46197
42983
43998
47136
47151
47243
47260
49031
43555
48484
48604
43188
43701
45418
47283
44004
44267
44796
46710
45605
48076
49044
43548
46397
47312
45760
46523
43799
45332
46742
46793
47081
43071
46323
49057
45827
46458
43148
43805
43019
43439
45299
43561
49031
46470
47191
45415
45777
46085
43541
43741
47279
42988
44109
43125
46601
47497
43400
44905
46624
46867
43217
47011
43592
44288
46829
43171
43610
43657
44100
47266
43500
44076
47857
43583
47290
48068
45282
48929
44744
46273
47380
46542
46738
43857
46780
43635
44791
47111
47180
43440
46507
47711
43677
47602
48490
44886
47131
47230
44644
43111
48800
48903
44393
46199
46770
47489
48664
43291
49037
45314
46369
47223
47095
47636
47968
48395
45601
46483
49098
43052
44616
43496
45855
46468
45778
45964
46831
45977
46238
46414
43513
49082
43338
46609
44586
46361
45395
46132
46556
44173
46859
47536
45182
47138
48086
47079
46291
47349
48553
48656
46005
47002
46169
48209
45337
48091
44159
49050
43040
43525
45555
45942
48634
43545
46185
46233
48014
43746
46741
47170
43674
45113
44175
46884
47315
45746
46070
46958
45851
46265
46296
46834
44067
44584
44034
45991
45405
49084
46423
46878
44413
45202
44424
45824
48033
46015
49153
45088
47490
44043
45178
47221
43810
44389
46069
43256
43367
46428
45810
45032
48686
43398
43456
43619
44167
46439
46521
43760
44410
44813
43351
45076
43747
48980
43228
47427
48018
45886
46265
48544
46230
46469
45540
47947
48525
44296
44464
43760
43166
44599
44828
46534
45974
46782
48975
44217
43840
47471
47601
44240
44671
44228
47256
47408
46127
46166
47566
46555
46699
45727
46052
44390
47745
43879
46827
48397
48993
44088
44094
46708
43829
43906
49086
47295
43483
45993
46008
45538
43533
44144
44946
44837
46727
45198
46209
44547
43212
45798
44915
43887
43297
46004
46898
43535
43258
43493
45634
47288
48599
43476
45524
46438
45727
46490
45678
48659
44319
46223
47345
43147
43486
44189
43996
45561
48136
44072
45785
46682
43488
47805
48270
48626
44208
47607
48044
44010
46395
45065
48355
48414
43836
45180
46936
44133
46108
47663
48378
48409
43332
44925
45584
46897
48189
49137
43604
44869
45319
46974
43667
45350
46027
43918
44499
46725
46964
44248
45645
45780
47194
49160
49192
43428
46180
47945
49114
44518
47744
46237
43743
44270
45365
45445
46613
45344
43923
43345
46329
47123
43827
46090
47878
49139
49165
44234
46246
43209
45948
49077
45595
46610
48022
43648
48339
48918
46799
47597
48569
48586
44381
43728
44093
44683
46930
43257
44223
46990
48718
44635
44731
44199
44888
44903
46525
46834
46222
46842
46675
46856
49054
44068
45715
47127
48713
48728
43186
45667
47151
43457
49139
43210
43269
49085
44828
44848
44211
48686
48710
43868
47054
47280
45909
48933
43577
44059
44023
46067
47992
43436
44063
43436
45384
46791
43279
47332
47760
44614
45672
47478
43618
43870
44115
44123
46490
47695
48252
48740
47541
48615
48789
46332
46582
43455
45671
46390
44903
46435
43335
46061
46145
43462
47821
48223
46777
47390
46890
43879
43602
44480
46600
44690
44796
43580
43618
45074
46674
47562
47784
45559
48208
48761
47525
48448
45376
43806
44615
44873
45159
44884
46441
49059
43796
45127
43560
45197
46295
44075
44536
43239
43435
46159
46706
49090
43671
46175
46926
45663
46059
47190
47488
43882
45649
46841
43860
44420
46657
43270
45213
43507
49030
44629
45469
47238
47429
45507
47108
48717
44091
45936
46437
46661
44142
44804
46018
47578
48219
43623
44541
46324
46467
43621
44077
47473
45374
45594
48462
44173
44493
43333
43869
44635
44320
44830
47064
44926
45677
46825
45135
48326
43256
43760
43652
44555
45902
47747
47764
43776
47596
47762
43528
43664
45369
48173
48821
43580
43704
46140
46118
46503
47161
43637
45342
45913
47030
47897
43939
45849
47705
47789
43565
45636
46686
46918
44138
46676
46976
44809
48930
44684
47018
47118
48126
45541
45576
47707
43592
44892
44530
47385
43961
45328
46567
43341
47250
47387
43685
45348
46014
44391
45705
47699
47407
48641
48780
45879
48719
48862
46092
46883
48217
46701
48608
47578
48462
49109
43463
44336
43670
46315
46316
44596
48920
43576
45453
46041
45619
46072
47566
44033
44553
46363
46376
45971
45978
44197
44450
46823
44541
45240
45866
44045
45483
46509
46695
45860
48090
48479
49343
44164
44771
45532
45462
43595
45782
46828
47649
48913
45692
47604
47818
48283
46679
47510
44086
46875
46894
45616
47164
47875
43982
45149
46527
43333
44110
43952
44994
44640
45159
46598
46919
47045
48744
46359
47847
49104
43395
49090
43596
44225
45231
43928
43952
45926
47753
48338
45784
48183
48666
45979
47252
48024
44277
48946
43408
46260
43739
44593
45170
47846
45943
46722
46991
47012
45421
48111
48244
45363
45446
45882
45637
46790
46852
48136
48393
45796
46355
46493
46543
47036
47224
48695
43468
46474
46533
46835
47543
43802
44637
47103
48329
49006
44027
45890
47425
43781
45029
49020
44930
47226
45217
43423
44484
46997
47741
43662
44377
43396
47025
49220
44212
43572
43936
45397
45655
49015
47038
47812
48011
49279
43542
44488
46689
47163
48020
49159
44283
48504
48627
47534
47671
44348
44020
46839
46920
44568
44765
47469
43952
44332
49008
47804
48468
49207
44893
48133
48815
45436
46360
47509
44834
45337
45920
48570
46199
46954
43453
45140
43707
43464
44298
44495
48363
48743
43886
44292
45639
44318
43722
45359
48533
46994
47410
44035
45986
48064
48171
43875
45583
46788
46819
47483
48624
46449
47445
44092
44438
44693
44625
47811
48548
44100
45003
47967
49089
43757
44202
45242
46955
46951
48130
43661
43758
47963
48715
44962
48637
48868
44766
43407
46121
47416
47752
48396
49095
44783
46741
47200
46530
43918
44351
44016
46849
47126
46888
47595
47639
44449
45344
45844
47443
47530
43942
45921
46119
47014
43603
44125
46836
46922
46098
47529
44462
44397
44825
46942
46303
47286
49246
46256
47549
48545
44440
45859
47540
44099
43684
46011
47893
44698
43713
45042
44335
44951
43968
47450
47845
43775
48555
49264
45063
45199
47237
46391
46707
46170
47614
46314
47539
48813
44659
45158
49180
46448
46619
46506
47544
47552
45423
47344
47819
46767
47627
43470
43571
44266
45877
44532
45290
47832
43524
46986
48194
43622
44483
47493
45241
46346
47156
48114
46254
46695
44050
44759
48269
48129
48374
49208
46375
46851
44509
49028
43939
45588
48039
43983
43728
47426
44295
48560
46437
46473
46022
45696
47521
48021
48823
47858
48199
43872
45126
46671
43721
44638
46421
46157
46636
47012
45972
47348
47546
44427
44475
45501
46577
47222
48299
45883
46475
47178
48986
44290
44508
46480
46900
46365
47260
46688
46925
43727
44141
44700
43609
43687
46124
46816
44034
44414
44425
46821
47564
44372
46053
47030
48436
44797
43881
45214
48207
43845
45112
44233
46424
46476
47568
47960
48607
44375
45560
47669
45515
43659
44500
44415
44091
44171
49164
47661
47728
43830
45324
45257
49029
44371
44477
46334
46722
44132
44614
44846
43827
46780
47279
48983
46198
49081
48001
48366
44498
49024
45703
48286
44795
44180
44325
46056
46517
43797
45308
46654
44369
44753
47403
43941
44417
43891
46257
46582
47205
48438
45613
47087
47271
44191
44226
44133
44150
44202
44107
45720
47034
44924
45110
44447
44421
44500
44078
46914
47117
44361
43694
47698
47739
46260
46518
43845
46415
47476
44549
45965
47453
47497
44140
47193
44260
44379
45278
45964
46634
47648
44141
44504
43572
43618
43870
43936
43772
44695
46740
46302
47349
48974
46877
47309
44162
44313
45138
49051
45046
46549
47621
44386
45198
44286
47270
48166
43565
43765
45102
43773
46957
47876
44927
47650
43974
44511
46043
45873
48094
48211
45505
47361
48228
43676
45486
48925
43958
44801
47094
44667
47645
48337
48783
46025
46619
46068
48363
43589
44115
45763
44968
45118
45875
47006
47412
46634
46641
43820
44945
44574
43946
46570
46814
44321
48954
44898
46569
43818
46159
46558
46970
43841
45013
46894
47281
44798
45957
46796
44887
45638
47266
45263
45912
49284
44118
44714
44052
44890
46343
44788
44886
43995
45091
45962
46548
44703
44741
43648
44854
44229
44258
43978
44331
49117
44171
44414
46206
46208
47532
48038
48622
44879
45540
46013
46665
48952
43784
48965
46906
46933
48715
46604
44293
47085
47428
43655
45412
46858
43934
45053
47862
47881
47985
44459
45130
44659
46292
44024
44958
46476
46800
46757
47326
43828
43784
45087
45132
47021
48119
48496
43691
45162
45523
45098
47993
48505
45042
45232
44872
48020
48866
44781
44803
45812
46603
48897
45852
48855
46965
48689
48856
47448
48209
44429
44806
44933
45920
46890
47373
47868
48668
44001
43835
44019
47050
43714
44868
48328
44202
45158
43874
47593
47778
45993
47643
47598
44315
44171
44454
46521
47834
44746
44922
45940
44101
44018
45770
46773
44308
44122
45191
46574
46048
46363
44376
48452
44239
44459
47991
48006
44947
45125
49122
45412
46289
47179
45227
45358
45426
47033
47537
48499
48651
46877
47290
47051
44770
45510
47975
45141
45398
45752
48428
48481
45209
46408
47461
46446
46596
44211
43708
45225
47077
47209
44840
47999
48711
44772
49022
45443
46403
45530
47287
44757
45787
46003
46247
49053
46081
47331
47525
44711
47100
48307
44348
45174
46101
46148
46955
48588
48819
46290
46403
45590
46826
47134
46114
46394
47404
43811
48402
48622
48730
43806
44482
43870
43958
46975
43769
45928
47155
47625
48361
48720
43775
43869
47978
48017
44885
47373
48108
44850
44562
44028
44056
44709
45233
43915
48168
44039
44289
44624
44909
49195
44501
46458
46375
46507
46492
46898
45323
48976
43731
43804
48081
43803
48089
46775
47837
49202
46129
47583
48300
45858
47989
44897
46692
45538
46404
44847
48201
46110
47573
47713
44435
43791
45260
48475
45676
46157
46467
46949
48977
44553
46564
46750
47342
44713
45240
46709
48979
43919
45097
47248
47516
44974
49042
47799
48116
48366
44955
45312
45036
45931
47215
46779
46893
47505
46396
47499
48472
44339
44769
44150
48028
49221
43823
44534
45731
45982
44191
43850
45272
46613
48533
46847
46883
46383
46950
44598
46502
46693
47057
45000
44960
45548
46420
47307
47564
44994
45880
46115
44971
45759
45249
43808
46704
44577
44970
45458
46729
44507
45986
46713
46812
46471
46745
45528
46760
47613
47998
48119
48121
46473
46703
48384
48516
49213
44151
44887
44146
47446
47586
44531
46471
46474
48431
49143
47133
49148
45629
47700
46669
43812
44820
43910
45773
45803
44231
47296
44764
47765
48073
48623
43984
44119
45011
46660
43804
45269
47979
43927
48049
45625
46106
44554
44063
47043
45649
45234
46222
44966
46239
46752
45193
47553
45490
47676
47922
44024
45519
48316
48744
44728
44985
45648
44855
45896
44279
44301
44378
45734
46980
47343
44023
45845
46638
47772
44584
45017
45804
47255
45352
44241
49010
44803
49085
44858
46650
45300
45784
45724
48232
48844
48843
45092
45668
46103
46305
44895
43838
43917
48074
43916
48083
45846
45985
45392
46183
43979
45893
48103
48438
44389
45562
44042
44173
44493
44182
44692
45878
46916
47357
47697
48236
48010
43992
46761
47309
44351
44398
46707
46833
46647
47673
44723
44898
46846
47311
45654
47831
48161
48151
48253
44521
46293
46616
46268
46873
47853
44552
45612
46445
48252
48322
48380
44324
45059
45682
48029
45220
44957
44669
46433
48006
45827
45183
45189
47004
46762
46832
46263
43971
44104
46151
45384
45544
44767
44232
45454
44529
45399
46550
44567
44414
44603
45885
46574
44397
45059
47258
47590
48199
44906
47031
48139
44996
43900
46976
47526
45835
47482
48987
45837
46925
48227
43913
45082
44305
44682
46498
44838
48950
44422
45095
46242
46653
46944
43976
47301
44908
44840
48410
48504
45876
47047
48223
45831
46647
47347
48011
44241
45318
45995
46654
44597
44652
49123
44392
47396
48157
44406
49012
47066
44143
44865
48452
43917
43940
47984
44080
48053
44444
46001
46892
49202
43944
45663
48396
45298
49060
45181
46605
46089
47185
47583
45263
45757
49342
47783
47808
45034
45114
45288
46443
45118
45270
44778
49026
45273
47465
48228
46442
48094
48410
45080
49084
43957
44739
47293
45694
45105
46304
44371
45053
49003
45064
47646
47830
45877
47575
47798
47995
48733
47488
49030
47883
47982
48835
46653
47126
46383
47111
47591
46492
46570
44426
48126
48235
47304
48561
44661
47361
48157
44258
45106
46922
47484
45960
47917
47981
43956
44069
48095
44070
48087
46920
47352
44331
44916
45086
47240
44628
44749
46683
45207
45028
47465
47929
44928
45511
44622
45553
45576
44712
46048
46718
44200
46983
44361
45530
47182
47416
44612
46431
46525
45345
44432
45451
45818
44368
44442
46124
46146
49155
44377
46173
46266
46054
46236
44532
47832
45325
47212
47432
48688
45381
45850
48545
44017
44657
46079
46641
46830
47129
47942
48725
45336
48449
47547
47720
44004
48130
44070
47910
48212
45394
45635
44748
44997
45554
44907
45423
48046
46662
48532
46296
46607
45060
45105
45764
46672
45447
46165
44162
44829
46142
45195
45642
47092
46117
47894
48168
44177
45896
47334
44187
44473
45222
46532
47518
44434
45173
46323
46789
47003
45553
45726
44546
47295
44580
44789
45524
44641
46596
46681
44461
44061
44337
46711
46762
45292
47637
48292
45378
47376
45231
44603
45473
46107
49092
45937
46322
48875
45779
46217
44675
46150
47756
45718
46786
47031
47932
47957
48951
45019
44501
45476
49064
47717
47907
44677
45838
48241
46924
49069
49071
49177
47123
47328
45797
45317
46025
46879
44456
44477
45925
46452
45081
45880
44951
45466
46372
45723
45990
45509
44693
45011
44626
44867
45254
44218
44677
47514
47824
48676
45251
45365
46178
46622
44070
46113
48048
48056
46257
47509
45671
46147
44428
44594
47890
46726
46740
49015
44127
44237
47791
47920
45405
46789
47333
47851
47592
48050
47378
48501
44218
47028
47807
44968
46770
44720
44494
45452
45820
46262
45020
45265
46275
44454
45393
44937
45323
45223
46377
46016
46527
45998
48454
48585
47294
47554
47818
45790
45437
45638
44379
44682
44123
46490
45022
45115
45488
44335
45008
46037
46354
45582
44647
46844
47588
47789
48159
45706
46342
46548
47323
44983
45007
48402
44234
46900
47346
44714
45116
44774
45578
48689
44145
44691
45823
46334
45783
45788
45722
45351
46609
45020
46801
45379
47430
47895
49006
49243
49309
49311
49312
46254
46887
46333
47711
45211
46500
47969
48371
48560
44882
45871
44409
44841
44378
45283
44542
46357
46253
47982
48889
45466
47020
47036
47799
47958
47581
44789
45044
45024
45052
44653
46426
46882
47184
46433
47255
45950
46756
45543
47841
45222
46264
46292
46470
48607
48693
45852
46566
48458
44885
46043
46211
46331
45106
46665
46406
47579
45562
45798
45936
46032
45038
47427
48018
44681
45218
45536
49111
44876
44362
44613
46838
47043
44605
46208
47864
44936
45071
46649
45959
44795
45467
47992
46391
47868
44995
44912
47872
48568
49185
45636
44533
44842
45112
44589
45060
45356
45757
46516
49330
49345
44382
46393
44856
44302
46171
45062
44857
48511
48656
44410
45966
46823
44786
48355
48414
46881
47461
48892
44251
47277
47943
45614
46079
45692
46698
44751
46246
45908
46691
47703
44223
45533
46497
47205
47378
48148
44703
45215
44982
45268
44935
46802
45301
49093
45508
46448
46721
47356
47692
47497
48411
46004
46784
47121
47321
48750
44252
44438
46377
45805
46628
46108
46365
49127
44254
46848
45928
46935
44431
44805
44882
45943
46929
45453
45885
44371
46599
46700
46331
46670
44703
46147
47021
44811
45178
45596
45933
45874
44621
44666
44251
44736
45274
47319
47773
49014
45233
44665
45829
44623
46019
45208
47024
47278
46216
46537
44246
45093
48257
45097
48273
44484
46965
47362
45312
46154
45584
46932
44516
44964
49099
47146
48101
48439
44748
44807
44338
44332
46793
47082
47095
44325
44395
44726
45355
44271
47371
45443
46708
44619
44276
45119
48243
48297
45744
44791
47525
44514
45861
45350
45995
45851
44878
48021
48510
46203
48807
45583
46661
45753
48314
48343
48945
48593
48721
45173
44678
44717
47282
48554
47781
48582
49062
48494
46184
47230
47612
45576
46748
47754
47917
44680
47105
48461
48700
45500
47026
47639
49155
45548
46016
46389
46408
47403
48593
48721
44345
44499
45828
48306
46980
47063
45456
46669
47431
45022
45280
44915
45567
45991
46221
44571
46314
44365
45946
46666
46005
47002
44367
44761
46411
45275
44790
49161
44672
44997
46636
47148
47475
45730
44741
45742
45899
45212
45832
47106
48472
45973
47553
48953
47759
48680
45107
45578
46006
46592
47140
49074
46179
46380
44474
46843
46846
49118
45749
47866
49226
44794
44849
49002
46096
45246
44589
46040
44504
46093
49083
48253
48529
48563
45540
48548
45221
46401
47665
48111
49088
45297
45417
46781
49032
49128
45043
45987
46350
48277
48340
49233
47775
48483
49269
48683
45605
45679
46506
45615
46138
44364
44943
49108
47163
48125
45480
45714
46366
46733
47417
48606
49188
45662
46389
47611
45728
47128
44837
44589
46408
47750
47689
48423
45550
44567
47653
44775
46376
47462
48685
48475
48564
44422
44442
44904
45806
44481
45616
45602
45501
47163
47285
47752
44869
47010
46030
44561
47559
49181
46980
47343
47257
47374
44640
46632
45690
47275
48784
44537
45115
46130
46278
45162
45223
45903
46651
45287
48398
44440
45901
45552
48974
44657
46421
45464
48076
49043
46647
46912
49011
47661
47964
49239
46251
47064
45644
44523
45320
44712
46387
45449
46244
44609
45952
44727
45733
45956
45111
46578
47781
45441
46151
44802
45614
45556
46728
46940
44947
46595
48308
48359
47440
47885
45422
46103
46061
45306
45175
45149
46684
44533
45571
46509
47088
47977
45297
44779
47761
47965
44731
45333
45691
44709
45179
44817
45916
45988
48978
45639
45731
44513
44694
45155
45120
46971
47779
45235
45983
46758
45713
44486
46228
47415
45289
47555
48214
45534
46332
45523
45236
46020
46923
47544
47928
44839
45068
44800
45308
46765
47000
47334
44942
45291
45751
45989
45707
45719
47368
48703
48774
47383
47815
45322
45773
45944
44746
44747
46002
45866
46347
46761
44954
45567
48368
44707
45643
46972
47328
44845
46446
47127
46339
47584
47233
48069
45179
46426
44658
45840
45243
46608
47097
47137
48582
44544
45435
46410
48560
46545
47167
48743
44880
45169
49023
45284
47341
49159
45868
45144
45930
46007
44911
46054
46793
47081
49027
44755
44918
45035
45145
48057
46464
46086
46144
46660
44689
44802
46112
44844
44859
48070
45425
47730
47876
45574
45817
46272
45193
45268
46644
47517
47545
45904
47678
48443
45610
46187
44528
45426
48313
45428
48258
47037
48207
45649
46055
47120
44787
46145
46251
47345
47642
45133
45126
47082
47963
46821
47298
47174
49137
46297
46949
45564
47276
46429
47035
45188
46214
46027
44715
45539
46088
44987
45818
48434
44922
45841
45785
46969
45803
44924
45158
45186
44733
45762
45729
45495
46817
47617
47313
49124
46008
46137
47949
49180
49220
46501
45335
47905
47977
44710
45516
46724
47197
47283
45863
46229
45460
46010
47299
49039
45400
45546
48268
44781
45611
45704
45001
48480
49290
45084
45745
47689
45757
46516
49225
47324
45037
47725
45144
49003
44917
46060
47132
47380
45383
47948
46041
45665
46494
45580
48530
44642
47377
45969
46058
44811
45314
45361
46125
47947
49066
46014
44762
46923
45242
47132
47912
46046
48919
49193
44707
45268
45306
44930
45302
46444
48469
48639
48542
45547
45274
47319
48694
45819
46643
47614
49187
45652
45900
45872
46091
45541
46869
46671
46631
44922
45312
46153
45720
46585
46227
46261
46162
46568
46857
47245
46197
44843
45482
47746
47915
48057
46441
45017
45424
44699
48044
45927
46921
47520
47883
46225
46329
45081
46689
46407
44955
45090
46224
45280
44819
45619
48911
46435
44787
46040
46223
46425
46696
47551
49193
46193
46884
45932
45016
47207
47236
45651
46273
46318
44704
48447
49165
47654
47726
49306
45168
45295
49124
45284
46411
44807
44935
46743
47449
45099
45186
45688
45915
46982
45768
46758
47271
47641
46171
45074
46418
46604
44671
45869
46863
47284
47350
48440
47774
47803
44986
45788
45715
46915
45174
46678
45271
47579
45191
46936
45667
46493
46543
44807
45556
45916
46755
45172
46861
45520
46443
48076
45056
45683
46224
45894
46202
48239
48365
45966
46354
44829
46766
46727
46044
44839
45267
44973
46539
45804
46482
45471
45382
48055
44723
49018
45475
46156
46316
47073
46172
49164
45397
46575
45283
45342
46815
47987
48216
48643
45128
45962
45487
46797
46526
45448
45057
46627
47065
48555
49014
45077
46072
48084
46624
48676
44866
46035
46259
44980
45470
46084
45304
46675
45496
45674
47137
46213
48002
46275
45577
49048
45322
46650
45526
46468
44825
45796
44932
46188
48069
45370
45699
45737
46330
46845
46932
45875
45404
46439
47899
44924
45841
46511
48514
44991
46991
47855
45441
44856
45754
47116
45329
46630
47498
48100
47671
47885
46724
47676
47889
46680
48036
46682
47308
48651
49104
45951
44981
46459
44866
45068
47544
48534
45870
46128
45914
46462
44808
45139
47112
47192
46304
45569
46270
47704
49021
45689
48135
45348
46178
47753
48152
49150
48355
48562
49025
46308
44965
45414
46372
46370
46792
46390
45410
46457
45759
47293
47385
46218
45917
45321
48620
49160
46612
45293
45603
45931
46472
48537
45798
46248
46182
45919
46486
45677
46083
45008
44833
45439
46241
46233
46546
47223
45242
45278
45573
45204
45632
46095
48685
48752
45334
47243
47690
46913
49020
46234
48486
46072
47040
46264
45558
45047
45196
45726
46402
47227
47919
48239
48198
45701
45640
45889
46096
45713
45721
46897
48590
46239
46752
45563
46328
46360
48242
48667
46569
48949
46442
47113
46817
47154
46054
48560
48929
45114
47904
45110
46528
45219
48665
45518
46319
47282
45335
47626
48520
45553
45945
46123
46611
45373
47971
48623
45373
46802
45712
47744
47153
48801
49076
47006
47218
47305
45820
47270
47520
45281
46623
48138
45379
48577
47504
47658
45760
47680
47524
44914
45725
46168
48332
47201
47470
47839
47163
48125
46499
46602
45821
47829
48677
46306
46764
47475
47852
47540
46349
47902
48061
45622
45572
45905
46050
46895
45142
46362
45783
44958
45340
45021
45768
46074
45282
46948
46086
46144
48080
48088
48455
45274
48711
46710
47498
48213
48890
46093
45418
46685
47422
47578
48612
44906
47881
48106
48331
46280
46052
48115
45893
45192
46451
46958
46487
48796
46440
45746
47010
45377
46962
44982
45973
45982
45845
46399
44946
45592
48964
45630
46681
45182
44976
45109
48232
48368
45514
46140
46752
46528
46287
49095
45054
45612
45914
45415
45430
45547
46610
45674
47094
47242
46748
48668
48843
48432
48679
46666
47187
48255
45137
47949
49013
45491
45942
45060
45882
46340
47903
45939
45948
45753
46129
49244
46413
46069
47736
46803
46997
45438
46287
48565
49144
45513
45620
49017
45958
48025
48260
48276
48631
46835
47307
46995
48215
45229
49100
49113
45859
46746
46701
47215
47358
47324
48981
46984
46136
47388
49041
46938
47406
46565
46252
47051
47308
48499
46291
47349
47767
47986
45439
47473
45494
46751
47159
47425
45180
47701
45343
45565
46550
49109
47086
47572
45624
47549
45619
47956
48911
45967
46190
46751
48587
46818
47890
48122
46034
46899
49291
45593
46891
47063
45015
46298
46809
45994
45698
46533
45856
46649
48588
45038
46885
45340
45809
48292
45792
46211
47318
48009
48300
47015
48251
46342
48158
46119
46453
47764
47892
47854
48097
48407
49174
45106
46231
47932
48497
48612
45799
47894
46713
47875
45916
46755
46232
48181
48200
47620
47772
45396
46805
46554
46080
47347
47971
46714
47330
48624
48751
47476
47499
45842
47717
45283
47865
45224
46697
47159
47941
48290
45830
47171
46000
48718
46971
48278
45650
49176
49353
45890
46164
49004
45984
46240
48207
48546
45888
46266
45094
45382
46276
46173
45187
47026
47974
45780
48388
45684
46406
45849
45922
45419
47119
45528
47533
48506
49067
49334
47859
48787
48920
48584
48619
45876
47877
47400
48120
46981
48017
48391
46534
46735
46036
47360
48549
49083
47066
46606
48458
45420
47095
45389
46969
47469
45517
47214
45247
46212
45564
47006
47412
46848
47660
45097
46149
48210
47333
48027
45206
46126
46622
48246
47480
49208
46787
46047
46152
45712
45974
47874
46420
46190
46905
45993
46152
47643
45750
45183
45899
46875
45139
46045
47835
45391
47666
46553
45683
45346
47093
46598
49243
49311
46903
45725
48305
46033
47419
46772
47560
48010
45264
48159
48409
45363
47448
46498
46249
47295
45271
47666
48038
49108
45693
46084
45271
47218
45330
46897
47181
47755
46828
48289
49047
49058
46479
49107
46345
49052
49170
48611
47708
45750
46325
45711
45732
48118
48474
49157
46057
48016
49295
49354
45611
46481
46676
47084
48190
48673
45295
45884
48992
46300
45427
46066
49080
45658
45924
48749
46012
46480
46998
46642
47898
47988
47025
46288
46026
45685
47655
48398
46419
47251
48563
45678
48500
47749
48096
45941
46423
47909
45519
46280
46788
45938
47419
47005
48427
45619
47956
47043
46586
46523
46126
47240
45361
46766
49241
46862
45458
47613
47736
45559
47860
49301
46250
47639
47964
46355
46670
47906
47017
47974
48128
46250
46505
48877
46814
45237
47196
46112
45338
46837
47431
47560
47748
46795
47535
46387
45355
46191
46415
46933
45448
46176
47311
47814
46389
45433
46462
45407
47777
47785
45349
46893
47901
48713
45270
45514
45739
46706
46301
45464
49043
49112
45282
45630
47338
46807
47143
45910
47396
48086
48721
45229
47945
49113
47756
46135
47870
48062
45913
46195
46295
48051
48060
46475
45670
47208
47500
47203
48693
46928
46242
48088
48268
46746
47221
45897
45929
46310
45254
45333
48681
48745
49172
45618
45253
45301
48044
48055
49105
47924
48647
48779
46299
48584
48999
48098
45527
48664
48680
46158
49142
46973
46982
45442
46018
48712
49225
49344
48202
48299
46335
45786
47608
46561
47286
48331
45680
45359
48251
45983
46715
46277
47942
48845
47325
47960
48075
46092
46824
49087
46423
47909
45633
47706
48882
45555
48333
48672
46356
47931
47661
47964
45362
45641
45980
47150
46908
48018
48036
49059
47237
45374
49094
49105
45841
46962
46201
48124
48455
47014
45920
46763
46865
45570
47022
47997
46658
47770
48184
46614
48329
49005
46434
46545
48522
45369
47668
46163
47815
48558
46664
46750
45738
46579
47851
48316
45799
47551
46600
45848
46591
45831
47381
45461
46520
47104
45582
45422
46657
46326
46822
47091
45756
45368
47472
47227
47707
45506
45711
46812
48110
46445
47622
48483
49045
46552
46090
48201
48311
48404
49046
49324
46115
46228
47415
47166
45561
47201
47221
45691
46836
46609
45402
45754
48064
48171
45666
46313
46427
48091
48865
48221
48467
45377
45940
46176
49082
48531
47011
45918
47103
48608
47856
48390
49305
45801
48999
47673
49232
49247
46499
47978
48017
47430
47837
48608
46344
46840
46469
46769
48429
47226
48432
49196
47415
48038
45818
45936
46172
46518
46774
46194
47657
47888
49118
47725
46732
48713
46389
47611
46276
46839
46302
46919
48329
46269
46384
46937
47441
48653
46221
47131
47662
45537
47701
47289
48415
49328
47598
45434
46038
48271
48551
45673
45694
46307
46341
45520
46012
47749
48096
47207
46447
47350
47903
45428
48254
47303
47840
45585
48259
46032
47145
47180
46452
46537
47170
46405
47324
47533
45570
45622
46429
46791
45489
48463
46717
48710
47414
48124
46417
47827
46205
46213
48514
46809
46030
48033
48241
49138
47232
47930
48530
45933
45526
48162
49241
47078
47554
45888
47276
48981
47356
48692
46781
45497
46723
45484
46388
46470
47191
48672
45717
46341
49152
46673
46886
47326
45605
47861
45951
45991
47603
47667
47944
46384
47575
46246
49080
45551
46046
46522
47662
46878
47836
48052
45718
47960
45791
45739
46968
48416
48651
47340
47417
46870
48099
49201
47740
45675
46165
46628
48878
49075
46804
47203
48693
46747
48630
48091
48380
47462
48685
49078
45628
47454
48219
46590
48309
48662
46109
46337
45865
47679
48636
47164
47686
46011
47457
48042
49210
48443
47682
45802
45545
46330
46210
46952
47145
45856
47589
45651
47861
45809
46888
46680
47458
48036
45737
46255
47284
46911
49133
47672
48440
48673
46868
46557
46715
45782
48775
48899
48498
48672
45853
48491
48526
48697
46154
47032
46521
47834
46481
47719
46166
47370
48973
46340
45811
48182
45934
47188
47032
48013
45902
45909
45724
48232
49047
45600
45884
48991
47079
45816
47987
48154
46100
47074
47825
46571
48191
49298
49348
47305
47913
46611
46910
48839
47426
46506
47372
47700
48963
46556
47578
48219
47769
47858
47296
45735
47246
45624
46167
48025
46968
48323
45658
48749
47653
47455
47317
48519
47700
45607
48125
48173
47114
47557
45659
46133
49305
49333
47556
47675
47955
48108
46597
46705
46854
47186
47312
47085
45923
47710
49055
47710
47701
47570
48152
48674
45999
47800
48712
45766
46806
46566
48321
47048
48283
46161
48549
47134
46625
46904
48284
47063
47267
47278
46226
49120
45925
46759
47362
46730
47451
47749
46087
45717
46716
49354
46731
47199
47513
46780
45685
49016
45971
46947
48976
47219
47724
49307
46642
46680
49081
46514
46549
47941
47752
46999
48382
46658
45687
45929
46825
47264
48887
47789
48159
45837
46747
46152
46336
47535
47094
48356
47552
47966
49044
46602
49120
46618
47464
48896
49300
46778
46819
47013
46547
48171
48460
47138
47242
46292
47792
46455
47407
48318
47660
46290
46515
46768
46531
46597
46996
47355
45800
46037
46209
46615
46196
47008
48582
48329
48508
46594
48345
45829
48239
48365
45744
46810
47040
47166
47523
48677
47663
47316
48569
49310
48075
47165
47135
48281
46748
47397
47675
48465
46930
46107
47434
47495
45854
46937
48058
48274
48654
49114
46374
46811
47453
47502
48657
46850
47909
48184
45749
46646
47418
47817
46017
46386
48943
47476
47499
46562
47834
47943
47210
46370
46973
49134
49243
46412
49098
46478
47602
45992
48349
46177
48421
46855
48016
49296
46140
48323
46690
47458
46918
46625
46749
47967
48130
48566
46513
46966
47144
48043
46950
47080
47022
46231
47225
46067
47035
46249
48501
48808
47211
46141
46438
46581
47107
46456
48046
45946
47642
48449
47650
46141
47604
46593
47781
49061
49062
46489
47428
47377
48620
47173
46336
49000
46637
45906
47871
49143
49185
46045
46313
47069
47125
46321
46419
48425
46015
47576
49153
47482
45993
46008
48530
48348
49195
48276
48391
46267
46687
47565
48220
47714
48136
47539
47367
46849
47522
47069
48469
48639
46928
47195
48263
45870
47212
47852
47366
47134
46844
46999
47359
48119
48121
47188
47239
47205
47375
48794
47755
48309
46031
48369
46237
48098
49237
48107
48498
49111
47994
48162
46516
49328
46181
47058
47479
47683
47198
47873
48592
47392
49163
46311
46867
48290
46972
48585
46404
46108
47877
46442
47232
46872
48473
47680
46832
47406
47400
48289
48702
48033
46081
46861
45906
48190
48853
47001
48186
49314
46551
47360
48549
46338
47921
46319
47259
48248
45910
48349
48439
47402
46519
46737
46538
46842
47485
47155
47196
46792
46074
46454
46491
47580
49286
46271
46677
46349
47189
46143
48587
46075
48025
47569
48905
49061
49150
47337
46629
47201
47609
46743
47449
48071
47233
47462
49145
46917
48909
48073
48599
47393
47600
48772
49078
45968
47115
47130
47734
46365
47260
48224
46432
48394
49219
48077
49215
48621
46075
49146
49138
49164
47213
47801
46532
46702
46322
47451
47401
47062
47322
46423
46878
49029
48403
46327
46494
47208
46160
47000
48158
46215
46903
46111
46870
47981
48041
46635
47643
47807
46465
48977
46078
47034
46047
46633
47982
48294
48889
46652
48523
46388
46950
48205
47216
48529
48847
46249
47463
47581
47852
48548
47173
47433
48517
48612
46024
47157
48539
47092
47169
47594
48688
47160
48541
46902
46673
46992
47258
46985
48340
47158
46209
48271
48460
46927
48551
48805
46195
46747
46540
47382
47998
46523
46730
47046
49088
46189
49315
46910
46587
49229
47114
46400
47611
47664
47847
46146
47029
48074
46150
46952
48167
49079
47576
46367
47681
46913
48281
46123
46910
47645
46127
46571
48598
49320
49055
49147
47718
47850
46368
48907
47893
49117
47953
48595
48790
47268
48206
46691
47068
46439
46521
48748
48996
47496
46392
49046
49325
48734
49077
47856
48377
49334
49336
47774
47803
48102
48552
47646
48192
46909
48367
48389
48607
46407
46880
48405
46808
47620
48463
46183
46983
47610
46524
46757
46782
47154
48526
48556
46505
48600
47458
48140
47507
47331
46991
47012
47786
46535
46957
48311
46195
46271
47668
48084
46283
46487
46971
46398
46916
47715
48353
49306
46649
47598
47659
46993
48555
46286
46678
47249
48797
46395
46810
47074
49154
47171
48505
48536
47945
46226
46428
46759
47279
48642
49161
46611
48839
47187
47983
48347
47102
48509
47884
48457
47314
47716
47649
47294
48881
46203
47304
46483
47100
48654
46358
47501
46934
46712
49116
48090
48479
48675
47843
46645
47241
47900
46416
46531
47320
47881
48331
46805
48240
48487
49062
49223
48279
48624
49148
48229
48558
47936
46419
48354
48425
47826
48818
46216
47147
46675
47972
47229
46942
46502
47211
47098
48723
48761
49303
47147
47865
47338
47704
46775
47830
46418
47992
46753
48606
49201
46549
47621
47886
46300
46422
47152
48629
48027
47794
48740
48411
48534
48552
48700
48213
48836
47244
46588
48360
48674
49226
46530
46488
48837
46856
48116
46540
48211
47087
48471
47143
48428
48481
47065
48711
46321
46774
47041
47678
48293
46754
47378
48501
48300
48379
47145
47729
47442
48182
48185
47071
46717
49096
48382
48595
46348
46583
48745
46795
47589
46974
47980
48661
49268
46429
47119
48101
48682
48717
49210
47747
48267
47249
47514
46515
46705
47130
47056
48268
47016
46885
48335
46379
46876
48527
46742
46881
47776
46386
47855
47610
48063
48602
47529
48730
46768
47889
46948
46648
47787
48604
46652
47493
47072
48248
47537
48189
48414
48491
48583
47565
48288
48650
48652
48690
46826
47882
47262
48081
49166
47786
46829
48705
48306
46953
47241
47302
46579
47896
49131
49256
49286
46638
47121
46478
47109
49066
47214
47847
47004
49326
47613
47998
48503
47886
46489
48944
48892
48358
48824
49267
49097
47741
47914
47481
46726
47468
48712
46981
46989
46573
48347
47908
48827
47865
46497
47457
47929
47597
48569
49313
46943
46505
48600
47161
48280
47999
48672
48415
48645
49331
46510
48841
46605
47668
48026
48072
48857
46764
49199
46744
46775
48200
47291
47088
47977
48172
48123
48306
48416
48131
46871
48266
48882
47918
46678
47734
47288
47773
49013
48901
46841
46912
47595
48031
49106
47779
47914
47448
48209
46620
48737
47070
47398
47409
47456
47933
47315
48328
48434
46663
47860
48731
47253
49074
46955
46815
48027
48229
46773
47088
48704
49343
47672
46779
46567
48441
46885
47384
48175
48550
46615
47229
47420
48093
48655
49318
47420
46907
47503
46844
47247
49191
48302
46732
49110
46720
47343
46998
48061
48245
47863
47962
46656
48648
48310
48384
48622
48217
47516
48020
47531
47814
47828
46964
49347
47306
47979
49168
46807
48402
48427
46786
47031
48236
47297
46786
48338
47794
46796
48899
48358
47110
48178
48894
48007
49298
47351
48100
48308
47563
47755
47447
48240
48756
47351
47044
47978
49119
46768
48004
46965
46809
47899
49129
46876
47623
47956
48208
47194
47313
49192
47342
48485
46772
47560
47930
49264
48227
48039
47322
47522
48477
47289
48735
49329
48301
46774
47302
47939
47060
47654
49307
47958
47192
47732
47810
48082
48685
48752
47169
47058
47176
46704
47106
46988
48187
48652
48139
48221
48267
47554
47961
48303
46938
48141
46719
47143
48044
48336
46806
47372
48632
48033
46939
47912
47936
47955
48242
48495
46853
46896
48388
47731
49115
49326
49355
48052
47983
48110
47379
47696
48047
46960
48528
47404
47613
48708
47071
47898
47624
47722
48080
47731
47823
47571
48749
47561
48492
48727
47038
47837
48071
46904
48183
48099
48540
48096
48103
47533
49019
48420
46882
48138
47630
47838
48092
48410
47220
47175
49067
49335
48029
47389
48133
47843
48225
48284
48917
47460
47491
48488
48621
47100
47405
47655
48398
46827
46866
48193
48567
46918
46975
48403
48077
48147
48265
49122
48110
46987
47556
47746
46923
47808
47478
48593
48105
47597
49312
48326
48461
48501
47292
47472
47455
47820
47511
47795
47027
48206
48005
48918
47485
47972
46924
49354
49355
47518
48003
47543
47225
49126
46864
47296
47743
47761
48334
48959
48420
48741
48040
48084
46986
47706
49002
46961
47421
47648
48397
48573
48993
48381
48362
47300
47750
47921
48105
46912
47199
47468
47864
47996
47967
47122
49182
49203
48305
47563
48218
49292
48034
48107
48753
47266
47177
48102
48014
47120
49132
48156
47504
47629
47172
49353
48064
48851
48301
48462
49082
46960
48707
47049
47090
47965
48454
47176
47860
48723
49304
47394
47528
48149
47321
48665
47042
48307
48480
49283
46978
48387
47235
47536
47089
48201
49079
48335
48423
47531
48364
47083
47976
48350
48402
46979
47685
48695
47494
48001
48366
48323
48291
49097
47327
48001
47911
48303
47409
48763
48484
49051
47144
47714
48293
49201
47388
47795
47985
48059
47720
48392
49315
47141
47846
47318
48196
48436
47097
47162
48067
48325
47292
48550
47474
47026
47791
47067
48067
47090
48448
47985
48058
48482
47487
49180
47428
47074
48083
47935
48087
47056
48285
48313
48519
47508
48579
47358
47174
47768
48254
48912
47080
48393
48631
48811
47275
48659
48032
49087
48667
47776
48667
47317
47735
47651
48604
47177
47976
48343
49033
49317
48139
47482
47398
48652
47354
47687
49299
47442
47464
49302
49264
48284
47381
47501
48639
48690
48318
48145
47152
47824
47940
47989
47431
48144
48502
47870
47991
48065
47662
48437
49218
49324
47969
47110
48628
47442
47635
48163
49339
48167
48586
48598
49219
47246
48577
48666
47439
48444
48197
48618
48683
49048
47190
47587
48441
47219
47809
48427
48842
47733
47984
47913
48750
48292
47853
48068
47197
47306
49149
49168
47150
47737
49073
48439
48908
47679
47759
47441
47656
47513
48546
48070
48013
47160
48444
47419
48958
47477
48451
48414
48487
48251
47884
48302
48317
48648
48734
48532
47766
48155
49296
48349
47844
49136
49333
47567
47299
47506
49137
48441
48528
48282
49207
47926
48737
48474
49156
47821
48429
48471
47379
47692
48374
47825
48192
48720
47874
49007
48112
48683
48563
48756
47695
48013
49070
47574
48336
48010
48160
48858
48553
49125
47341
47364
48246
47272
47336
48616
49252
47999
47592
48050
48475
47734
47820
48702
48282
48344
49314
48180
47291
47413
49189
48230
48273
47621
48253
49051
47822
47857
47519
47547
47869
47907
48089
49245
47931
48727
48378
47435
47712
48389
48653
47633
48626
47775
49253
47972
48552
47765
48325
49095
49159
48089
49268
49330
48177
48769
47703
47719
48760
47421
48045
48169
48049
48700
47844
47950
48109
49123
47675
49034
48212
48379
49210
49266
49268
48613
47568
48019
49130
47727
48493
49338
48140
47631
48481
48571
47438
49230
49308
47970
48048
49250
47718
47850
47480
49158
48446
48142
49156
47418
48635
47521
48047
48536
47517
47812
47720
47867
48258
49248
47480
48210
48238
48572
48830
49009
47569
48905
48075
48280
48509
48853
47491
48129
48374
48198
47894
48793
48164
48751
47803
48571
47616
47890
48279
49162
47632
48669
47489
48664
47996
48085
48317
48332
47479
47567
48000
48597
47453
48467
48272
48654
48857
48652
48690
48362
48396
49030
47519
47718
48407
47932
49109
47893
49118
47486
48286
48345
49202
48641
48079
47974
49240
48094
48517
48496
48562
48617
47466
48008
48872
48717
47538
48231
48662
49061
49151
47527
47571
48749
49125
48355
48562
47463
48428
48543
49255
48411
48534
47635
48580
48275
48591
48616
48324
48705
49270
48062
47681
48516
48618
48371
47501
47605
49209
49099
49148
47833
48425
48043
48393
49282
47545
48632
47831
48467
48079
48234
48732
48539
47923
48022
47652
49056
47512
47925
48413
48470
47958
47878
48188
49139
48246
47784
48703
48609
48170
48906
48235
47790
48310
49108
48271
48551
47619
48254
48590
48615
47647
48849
47780
48065
48577
48802
47636
48642
49184
47710
47567
47605
48628
48723
49192
47928
47574
48356
48500
49205
47745
48716
48664
48680
47842
49217
48590
48364
48367
49150
49226
48574
48164
48751
47756
49224
49287
47893
48535
49067
49341
49206
47827
48497
48863
48269
47653
47651
48431
48778
49155
48578
47618
47702
48365
48275
48746
48146
47941
48290
47683
48541
48522
47738
48336
48574
48566
47714
49186
47891
48597
48722
48624
48751
47674
48459
47634
48137
47825
49093
48032
48138
48015
48791
48195
47927
48491
48526
48596
48788
48233
49338
47968
47879
48419
48509
47657
48561
48809
48083
48181
47934
48638
49055
47817
49299
48330
48332
48148
48294
48417
47694
48244
47831
48063
48602
48055
48445
49046
48099
47771
48203
48385
48731
48107
48699
49173
48511
47724
49277
48386
48764
47887
47903
48681
47993
48505
48180
48291
48205
48054
48485
48793
47753
48225
47802
48222
48276
48631
47904
48387
48699
48607
48693
48390
49277
49305
48114
48121
48165
48466
48663
48486
48519
49305
49276
49277
49299
48233
48515
48851
49163
48614
48845
48691
48053
49182
48499
48982
48644
48361
49093
47788
49256
49287
48288
48000
47927
48716
49220
48237
48195
48289
47796
48257
48579
48636
48806
47997
48200
48605
49247
48339
48054
48372
47844
48259
48117
48527
49211
49255
48633
49308
47969
48150
47823
47835
47806
48152
48237
48049
48122
47933
48264
48638
49170
48742
49257
48730
48074
49181
47854
48097
49257
49262
47957
48273
47938
48352
48669
48109
49146
48202
47806
48113
48691
48081
48768
48161
48752
47915
48180
48160
48378
48724
47849
48495
47864
48145
48612
48502
48776
47984
48630
48710
48094
48517
47886
47877
48028
49216
48298
47926
47922
48283
48386
48295
48557
48112
49175
49263
49333
48706
48076
48058
48106
49169
47970
49227
49250
48151
48313
47872
48401
49171
47973
48474
48596
48679
48249
49272
47896
48097
49131
48059
48025
48489
48532
48581
48686
49005
49203
48831
49257
47935
48344
48301
48280
47935
47939
48344
48546
48728
47926
48333
48423
48573
48765
48009
48056
48169
48214
48361
48574
48215
47923
48657
48812
48053
48128
48891
48293
48579
49221
48174
49167
49265
48337
48450
48985
48095
47995
48113
48729
48218
48893
49294
48352
48893
48278
48798
48846
48770
48167
47952
48007
49298
49352
49065
49233
48205
48154
48422
48015
48442
48600
47959
49231
49351
47959
48016
49295
49296
48450
48579
48757
49228
48010
48147
48144
49043
49167
48153
48464
48056
48142
48643
49249
49239
47986
48443
48331
48226
48753
48046
48258
49157
48713
48023
48247
48742
48374
48613
48456
49198
48832
48477
48016
49230
49292
48360
49278
48109
48422
48733
48256
49129
48824
48832
48739
48642
49105
49154
48708
48226
49111
48406
48627
48671
48066
48078
49329
49330
48262
49211
49212
48311
48692
48526
48294
48362
49069
48112
49266
48104
48508
48090
49328
49331
48135
48888
49214
48090
49345
48156
48468
48741
48436
48684
48722
48397
48578
48352
48346
49236
48234
49152
48291
48448
49168
48298
48771
48522
48154
48422
48315
48279
48767
48186
48392
48430
49135
48389
48567
48220
48833
49176
49325
49326
48322
48757
48698
48432
48216
48568
48670
48910
49094
48490
49066
48702
48768
48698
48513
49248
48259
49295
49353
48644
48857
48185
48233
49178
48610
49190
48408
48520
48704
49166
48320
48507
48621
48550
48384
48516
48638
49143
49171
48192
48208
49302
49316
48650
48735
48269
49197
48854
48342
49320
49349
48605
48663
48314
48762
49317
48895
49303
49279
48510
48647
48426
48622
48730
48413
49300
48505
48436
48265
48277
49156
49121
48769
48473
48338
48418
49246
48497
48521
48265
48767
48512
49276
49251
48609
48304
49135
48771
48287
48376
48263
48348
48594
48399
48513
48536
48302
48456
48687
48755
49289
48296
48444
48270
48457
48881
48295
48482
49113
49169
48871
48357
48566
48529
48687
48804
48718
48351
48451
49212
48343
49033
49034
49147
48373
48729
48314
48392
48540
49122
48619
48383
49213
48382
48595
48879
48379
48496
48678
48557
48395
48900
48826
48576
48437
49072
48498
48727
49061
48576
48518
48543
49231
49350
49134
49283
48756
48572
48724
49194
48486
48556
48377
49336
48563
48756
48659
48375
48707
48476
48373
48370
49183
49182
48593
48757
49296
48400
48546
48728
48597
48803
48390
48542
49107
49212
48426
48589
48762
48578
49322
48740
48674
49206
49170
49249
48437
48833
49327
48684
48804
48635
48724
48663
48606
49189
49200
48629
48646
48770
49112
49245
48573
48701
48605
48720
49232
48894
48762
49316
49317
48638
48485
48649
48676
48567
49208
49045
48603
48794
48446
48559
49324
49074
48679
49216
49110
48516
48564
48580
48896
48729
49146
48743
48483
48559
48633
48705
48592
49053
48759
48692
48754
48701
48696
48745
48633
49253
49319
48755
48766
48760
49121
48654
49218
48732
48583
48515
48518
49179
48627
48726
48699
48518
48535
48577
48764
49052
48535
49178
48524
48662
48834
49068
49334
48665
48658
48701
48733
48639
48628
48834
48834
48575
48578
49318
49322
49013
48669
49218
49254
48581
48620
49209
49219
48709
49262
48586
48598
48917
49235
48670
48630
48697
49251
49274
48601
49292
49294
48658
49322
48616
49290
49291
48793
49217
48758
48871
48628
48662
48666
49222
48658
48754
49297
48709
49263
48805
48994
49244
49312
49248
48646
48690
48763
48650
48735
48691
48692
48754
49103
48828
49350
48811
48684
48722
48803
48696
49267
49223
48746
48686
48755
48747
48759
49259
48694
48714
49288
48753
49250
48723
48731
48761
48728
48724
49299
49265
48717
48726
48747
48763
48738
48742
49287
49288
48831
49284
49286
48748
48831
49294
48766
48872
49261
49331
48893
49293
49332
49274
48828
48768
48771
48774
48776
48775
48776
48778
48780
48779
48780
48783
49204
48784
48784
48786
48788
48787
48788
48790
48792
48791
48792
48879
48794
48796
48798
48797
48798
48800
48802
48801
48802
48804
48806
48852
48808
48810
48809
48810
48812
48814
48816
48815
48816
48818
48819
48820
48820
48822
49270
49271
48824
49266
48826
48828
48827
48828
48830
49262
48832
49071
49323
48836
48837
48838
48838
48840
48842
48841
48842
48844
48846
48848
48850
48849
48850
48852
49163
48854
48856
48858
48860
48861
48862
48862
48864
48866
48865
48866
48868
48869
48870
48870
48872
48874
48876
48875
48876
48878
49076
48880
48882
48884
48885
48886
48886
48888
48890
48892
49121
48895
48896
48898
48900
48899
48900
48902
48904
48906
48905
48906
48908
48910
48912
49214
48914
48916
48915
48916
48918
48920
48922
48923
48924
48924
48926
48928
48930
48932
48934
48936
48938
48940
48942
48944
48946
48948
48950
48952
48954
48956
48958
48959
48960
48960
48962
48964
48966
48968
48970
48971
48972
48972
48974
48976
49141
48978
48980
48982
49019
48984
48986
48988
48990
48992
49124
48994
48995
48996
48996
48998
49000
49002
49004
49006
49129
49008
49010
49012
49014
49016
49018
49020
49022
49024
49026
49028
49030
49032
49135
49309
49311
49036
49038
49040
49042
49044
49327
49327
49048
49050
49052
49054
49056
49136
49058
49060
49064
49066
49337
49337
49340
49070
49072
49072
49176
49074
49076
49078
49080
49082
49084
49086
49088
49090
49092
49094
49096
49158
49098
49100
49149
49102
49104
49106
49108
49110
49112
49114
49116
49118
49120
49283
49124
49126
49128
49130
49183
49174
49133
49309
49137
49139
49141
49143
49184
49145
49147
49149
49151
49227
49153
49155
49157
49159
49161
49163
49165
49167
49245
49169
49171
49173
49175
49256
49323
49355
49179
49341
49339
49340
49181
49183
49185
49187
49189
49190
49191
49191
49193
49195
49197
49199
49201
49203
49205
49207
49209
49211
49213
49215
49217
49321
49221
49223
49225
49288
49346
49227
49229
49231
49295
49252
49319
49298
49233
49235
49255
49338
49237
49238
49281
49242
49280
49240
49242
49244
49246
49278
49249
49251
49253
49291
49260
49297
49257
49259
49260
49321
49261
49321
49269
49308
49263
49265
49267
49321
49271
49272
49273
49275
49276
49277
49279
49281
49282
49285
49289
49344
49287
49289
49346
49293
49292
49294
49308
49319
49302
49303
49302
49304
49304
49307
49311
49313
49313
49315
49349
49322
49326
49327
49330
49332
49332
49336
49337
49336
49337
49339
49341
49344
49345
49345
49346
49346
49348
49349
49352
49350
49351
49352
49354
56339
58183
58541
58050
58100
58547
55830
57939
58558
57455
58040
58564
52921
58336
58602
52164
58407
58586
54267
58266
58618
56866
58578
58607
56715
58634
58975
58286
58533
58961
58450
58455
58554
50655
51155
52934
50948
52444
58577
57331
58104
58576
50416
56353
58342
54223
56820
58641
52857
58423
58571
53940
58418
58595
53663
57686
58568
52520
52991
54157
55794
58060
58986
58265
58648
58655
52608
53444
54817
52076
55197
55591
54982
55454
58588
50199
54171
57616
51183
55088
56212
58210
58640
58681
54327
56694
58867
51156
53799
57670
49877
51811
57872
58642
58688
58742
50704
54859
56455
52315
53646
55755
51598
56285
57139
50458
57146
57502
56174
57660
58651
52123
53106
54521
51108
55130
56888
52648
52949
53551
52964
53048
53122
52391
52649
53673
52558
52950
53145
52134
53094
53566
52361
52737
54093
52718
52954
53598
49456
55314
57782
52707
52786
53624
52721
52876
53498
52182
53666
55221
52109
53717
53795
51996
52966
53262
51775
53442
58781
52750
52922
53295
52222
52999
53063
51834
53508
54215
51102
55280
57222
52456
53038
54097
52663
53545
54445
51897
52808
54646
52302
53199
53968
52395
52666
53947
51828
53692
54297
52582
52890
53462
52401
53464
55154
52780
52948
53269
52526
53905
58684
51940
53495
54466
52276
53697
55638
51938
52946
53263
52040
54053
55030
52068
53547
54648
52573
52836
53512
51606
53993
54704
52464
52505
54209
51859
54280
56057
53366
54697
56124
52479
53876
56398
52411
52720
55211
51930
53046
54686
51635
55053
55236
52133
53207
54656
52768
53956
55369
52199
53765
55049
54458
56328
57242
52415
52984
55227
52714
52745
54917
52316
53365
55373
52965
54221
58687
52935
54801
54989
52658
52834
54275
52723
53280
53601
52260
53625
55600
51190
56012
57086
52205
54774
55791
52338
52951
53833
52155
53436
55483
51689
54340
54491
51428
56567
57336
52063
54295
54700
58115
58491
52284
56120
57177
52120
54211
54923
52010
54409
55424
52167
52642
55019
49464
57121
58333
52019
54843
55900
51550
54336
54454
55666
57386
50229
53256
57595
51672
54548
55686
52568
54867
58723
52764
53151
54905
52351
52636
54768
52370
53704
55649
51086
55415
56472
51820
54642
54650
51127
56256
56838
51571
54555
54654
52386
52577
52610
52591
53223
54913
51877
54754
54862
52548
54759
58739
52641
53863
56271
51706
54915
55461
51720
54238
55874
51778
53696
54676
51805
54016
55740
52910
55296
55941
52389
53061
55593
51979
54487
54516
50326
55286
56836
52287
52782
54749
52358
52630
52854
52245
52904
55724
52443
53054
53760
52354
52700
54084
55641
55713
58714
52348
52563
54910
52633
52856
54244
51772
57833
58610
51339
56365
58036
52452
53862
53986
53170
56010
56537
52184
54133
56268
52005
55151
58708
51564
54006
57738
52014
53388
55870
52394
53012
53068
51129
57066
57683
51115
56535
56551
52015
54423
54831
51379
54870
56056
50888
53194
56639
52463
54077
54437
50950
55400
57183
51500
54723
56530
52701
53162
53702
53875
54155
54467
52175
53018
53313
51663
55106
56138
50230
50623
58553
52491
53128
55698
52600
55189
57199
51724
54194
56101
51547
54206
56018
52045
54411
55397
52138
53141
55790
52359
53474
53713
50513
54560
57734
52277
52913
55815
52454
53043
53657
51705
54847
55050
51295
55258
56043
53296
54188
58700
53098
53332
54849
51215
55329
55734
52602
53404
56363
51209
56709
56787
52696
52816
55965
50066
55023
57156
52838
53481
58722
52676
54739
58811
51356
55893
56281
54674
56925
58744
52585
54288
55930
51423
55222
56184
52221
52365
54977
52544
52702
55468
51284
55717
55937
51410
54651
56504
51482
53761
56219
51219
55248
55922
51251
55466
55566
51327
55107
55811
52319
53132
54226
49996
51772
54171
52917
53385
54424
51648
54938
54985
53169
53791
56313
52333
55340
55728
52031
52897
56006
50768
53268
57343
52152
53303
56203
51192
55325
56289
51206
55436
56228
52278
53764
53822
51989
53138
56065
51032
55514
55991
51117
55919
56155
52017
55218
58692
52176
52839
54610
51539
54023
56417
53157
55886
57501
52647
56226
58592
51807
55161
56707
52082
52981
55905
51343
55358
55998
52280
54289
54421
51949
53745
54748
51533
54950
55305
51709
56674
57132
51283
54589
56430
50835
56748
57811
50572
56378
57672
49741
52934
57856
51835
53511
56369
52323
53136
56080
51554
54317
56394
52185
55131
56612
51063
54914
55087
51238
55604
55966
52195
52813
55935
51258
55478
55652
51798
53253
56063
51157
54796
56474
51716
53706
54767
52117
53109
58746
52141
53479
53707
52180
54566
55276
52671
54307
54633
51710
54525
56421
51545
54452
56590
52267
52575
54653
52471
53406
55388
51041
55395
56527
52531
53347
56464
51365
54392
56989
51184
55403
56581
51969
53351
54693
53567
53955
58233
52047
53619
54932
51134
55382
55668
52266
53289
55837
55239
57775
58865
51634
53528
55344
50504
50688
51641
49653
52971
57678
51902
53254
54931
53486
54013
54840
52324
52979
54667
51113
55180
56500
51011
55209
56646
53739
56492
58788
50938
55846
56033
57928
58614
59082
53309
53679
57348
51305
54419
57075
50473
53982
58055
51308
54103
56562
51900
54562
55033
52248
55730
56829
53297
53635
55133
50958
55839
55996
52233
53857
55507
51324
56224
56291
52156
55352
57505
50891
55622
56744
52617
52937
56111
50963
55386
56489
51690
53210
56429
50884
55378
56528
51524
54925
55328
51255
54933
56885
51130
54586
56600
52219
53618
55738
51657
56098
57128
53526
55223
56737
50893
55598
56691
51819
55492
55722
51135
55627
57291
51914
53523
54201
52751
53171
57096
51089
55865
57089
52799
53127
56478
51786
53778
54007
52308
55602
58740
56825
57431
51465
56470
58290
52296
52466
55744
52270
53912
58727
50975
56630
58064
52346
55974
58717
53052
58197
58623
51112
55849
56344
51262
52901
57439
51590
55013
55100
52864
55498
57171
50558
56645
56971
52414
55035
55089
51562
53694
56434
51837
55537
58729
51014
55792
56118
52596
58216
58956
50855
55990
56721
51429
54116
56580
50900
56279
56397
51734
55568
55643
54079
56152
58604
52169
53006
56544
52194
55101
56807
52398
56229
58337
54164
57887
58767
50530
56139
56495
53577
54266
55315
52066
53361
54598
50774
56047
56618
52044
53490
53593
51751
55045
56964
52288
52957
56565
50843
55651
56749
50556
55086
57503
51980
54998
58086
51338
54946
55832
51015
55716
57090
51174
54505
57024
51487
54855
57114
51052
54829
56733
50499
51586
55379
50725
55847
56642
51075
56048
57209
50944
55931
57062
51172
56660
56801
54941
57162
57620
52429
52986
56622
50644
56079
56558
51450
54643
58904
52503
53144
57397
50068
55032
57665
52790
53348
54916
50819
55177
56557
51584
53172
56623
53391
54085
57278
51613
54301
55501
51883
55078
55140
51257
55496
55751
51886
53228
54978
51476
53437
58079
51259
55079
55843
51066
55685
57645
51374
54612
55439
50715
56096
56675
51516
53154
56248
51942
54008
57151
52261
53221
54970
50092
50581
58038
51697
53286
56720
50672
55684
56505
50828
56085
56427
51762
56103
56115
54408
54794
58736
51527
55763
58046
50857
56566
56643
50775
56053
56436
50570
56241
56576
50079
55023
57665
50781
56117
56871
52151
52502
57825
52879
55571
56808
50977
55970
56688
51683
52907
54136
51167
55749
55834
50486
57107
57184
51543
55260
55497
51572
55146
55268
57790
57991
51161
54037
56719
50792
56105
56428
56347
58701
58774
52328
52497
55084
52905
53758
56067
51889
56451
57856
50584
56093
57022
52149
56086
57660
52166
53969
57023
50991
55277
56414
50127
51268
55666
52307
52748
58720
50915
56582
56850
51800
52973
53614
51126
56781
56947
56762
57349
58105
53244
53678
56893
52016
53368
55094
52139
55505
58659
50682
56676
57124
51000
55549
57627
50351
51149
58255
52413
56040
58693
51197
55526
56345
50477
56100
56501
50297
58455
58665
51863
53867
55762
58412
58459
58631
51593
54699
55371
50916
54872
56520
50790
56207
56405
52803
54524
58045
50316
56484
56524
51116
56661
57282
53834
54897
55777
50753
56732
57252
51256
55181
57586
50053
57781
58343
51076
55213
57239
52189
55032
55661
50734
55760
56786
53363
54846
55170
50510
56443
57381
50462
56678
57016
51506
53101
56352
51301
56845
58345
52013
53209
54936
51587
55669
57334
51095
55607
55799
50793
56215
56591
50923
55070
56687
50439
56191
56579
51352
54611
56992
51407
53773
55519
51119
55081
57170
50848
56387
57673
50766
56735
56750
50996
56728
57575
52313
55572
57109
50971
56863
58008
49893
54982
57818
50657
57701
58073
51494
53275
56588
50564
55805
56696
51047
55673
57543
51273
51636
57710
54441
55924
58760
50833
56125
56336
50922
56968
57479
50831
55524
57007
54255
56320
56431
52756
53389
55836
51565
54688
57179
51597
54119
55449
51463
54451
57345
51688
55628
55914
50698
56042
56679
51907
54106
55758
52796
53181
56793
52001
53325
55574
50871
55056
56518
50953
55695
57105
50406
56368
56766
51967
52613
55097
52186
53261
58273
50395
57619
58275
51155
55457
56575
51020
56054
56250
50154
57582
57777
51956
57350
57885
50712
56288
56395
50365
56245
56595
50361
56259
57074
51340
54620
55896
50407
56214
56747
51261
54316
55702
50455
56323
56553
50493
55671
57302
50854
56226
57318
50664
56599
57353
51551
58180
58574
50308
56235
56501
52142
53023
56331
52861
54903
56089
53066
54625
56928
53049
55732
57316
52172
53226
55217
50566
56573
56951
50332
56484
56722
50233
56152
57764
51158
55471
55890
50786
57088
57201
52623
54575
56084
51929
52976
57347
51953
52405
56137
50342
56497
56747
54164
56360
58064
50625
53982
56153
50461
56252
56595
52484
52639
57427
52071
56402
58834
51088
55531
56903
51852
53456
57921
50877
56303
57480
50419
56977
56982
53025
55594
57207
51051
55285
55972
51334
53212
57766
50954
55670
57150
51959
52892
55018
50816
55642
57017
50411
56444
56516
50838
56384
56442
50480
56066
56773
52655
52712
57098
53591
55223
50870
55241
56702
51870
55838
55879
50743
55532
56508
51794
52612
54980
50984
55736
56119
50445
55112
56865
50864
56112
57314
57271
57513
58778
50363
56454
56553
50926
55889
57687
51523
54735
56883
53129
53161
57737
51240
55561
55804
50658
57010
57616
51529
53826
57476
56709
57066
52669
58394
58582
51797
54325
57690
51499
51811
57472
50608
57373
58147
50053
50939
57643
50485
56052
56813
51568
53926
58097
53346
53878
57300
52627
52695
56922
51021
54324
56602
52798
53277
56490
50288
55567
58299
50788
56243
56513
51556
56014
56202
49945
58068
58347
54696
55720
58637
50714
56441
56773
50858
56831
57640
50694
56130
57165
51068
56258
57703
50327
56476
56477
51964
54937
55596
51826
57406
58608
50675
57782
57791
50377
56615
56977
51367
54195
55287
53198
55953
57704
52291
56990
58715
50409
56259
58055
50990
55587
56135
51992
56009
57534
51468
56188
56324
51316
53885
56821
50320
56221
56272
54012
54734
56343
49938
51123
54153
52293
52522
54884
51055
55743
56211
50369
56367
56766
55322
56731
58654
50976
54920
56932
53605
57403
58789
49975
54102
57922
51973
52710
55779
53288
57133
51417
54881
56800
50482
56035
56778
52687
56610
57978
52474
52908
57568
52970
54041
55377
51489
55408
56132
56889
57255
56816
58240
58635
52249
55076
57136
50145
58073
58345
51776
53922
55398
50615
56746
57817
50646
56221
56473
51415
54197
57298
49970
56297
57971
50845
57280
57356
50565
56476
57153
51488
53326
56817
53112
53173
56276
50173
56634
57016
51228
55552
55997
50352
56458
56579
53020
54770
57008
51790
54407
55867
54235
55632
57427
51200
57821
59001
51212
55193
56514
50674
56943
57677
50413
56294
56324
50548
56543
56893
50593
54918
57612
50992
56254
51210
53341
56236
52887
58077
58938
51244
56479
57519
51357
55247
56162
52655
55352
50898
56247
56554
50472
55814
56438
52371
55291
58254
50254
56436
56481
51208
55825
56954
51034
54666
56433
51990
53659
56774
51189
54649
57160
50619
55964
57044
52634
55826
58711
50614
54914
57583
50549
56607
57503
50526
52901
55087
50878
57054
57602
51307
55969
56391
51685
53607
55317
50800
55119
56446
51422
54014
56144
50216
56481
56558
56325
57499
58174
56674
57775
50741
56150
56179
52251
54170
57436
51222
54876
55658
55595
55856
55952
53064
56076
58250
51235
53398
56312
51666
55473
55621
54918
56772
58757
52161
54879
55932
50844
57077
58114
50874
55605
56425
50039
53700
58732
50160
56599
56722
50783
56340
56426
51046
56611
57108
52191
52733
56482
51620
56677
58861
52588
55769
57557
50987
56598
57439
50189
57025
57314
50452
56371
56813
52061
55152
55909
50088
55286
57302
50569
57307
57692
50241
56185
56513
50567
56386
57225
51178
54159
55765
51170
56051
57815
50875
55545
58879
50139
56634
56675
51377
54332
56552
55224
56244
57566
51203
55124
55813
53984
55787
57719
50718
56841
57612
51313
55985
56359
50290
57928
58039
50251
56294
56642
50571
55603
55928
50234
56196
56395
50978
56282
57494
52968
54741
56366
53521
59011
51010
56896
58908
50111
56207
56458
50092
56292
57279
50765
56496
56711
51276
55708
55927
50729
57506
57760
50343
56283
56696
51067
56900
56988
50515
55917
56611
51223
54193
55888
56410
56624
56875
51009
55198
56839
51611
52960
57377
56944
57137
50208
50583
57882
50453
55827
56150
50082
56297
58035
52197
52488
56372
54742
56962
57494
57240
57455
58622
53192
55520
56488
51393
56362
56536
51165
55069
57669
50637
57984
58061
50724
55112
56975
50791
55001
56400
56103
56863
50257
56186
56554
57183
58008
51802
53055
57309
56205
56356
58077
50227
56316
56336
52300
52392
56668
51045
56192
56483
50375
57005
57734
51058
55249
57484
51171
55864
56317
50203
56477
56495
51033
54709
56389
53278
56947
51042
57082
57122
50543
57714
57740
55889
57543
50802
56770
56841
50885
55868
56422
55085
56689
58639
55880
56592
57500
55522
57335
58351
52974
57108
56875
57388
58828
52215
55688
58587
51402
53264
56983
56571
57422
50911
56165
56307
51585
54512
56419
50573
57282
57872
50103
56367
56428
51518
54248
55676
51432
53279
56460
51638
53504
55127
56142
58572
58793
51793
54546
57243
50860
56775
57870
56427
56454
50442
56163
57013
52075
53092
54040
50170
56283
56384
52515
52644
57417
52410
57099
58743
50347
55605
56108
55538
56761
57161
56524
56618
50345
54606
56540
50354
56614
56801
53568
56131
58168
50205
56235
56781
51830
52427
55467
51138
55297
56637
52372
53900
58491
50965
56576
57478
51887
55445
57094
50226
56630
57353
50244
58327
58436
50211
51771
56250
51916
53853
55307
52690
55123
57865
50912
57346
57421
50212
56503
57036
52046
52561
56071
50333
57120
57210
52661
55934
58726
50380
55911
56307
50892
55768
56651
52334
57048
58798
56267
56628
57104
52364
53467
57848
52265
57437
58213
52769
56022
57930
51439
54929
57675
56497
56566
50738
56246
56438
51185
55362
55845
53371
53810
55746
50722
56126
56778
51194
55235
55819
58371
58928
58518
59032
59074
51264
55295
55958
51747
52514
56950
50243
56272
56505
50941
57461
57976
50692
57364
58795
50258
55233
57244
52091
53473
55072
54806
57336
52065
53846
54883
50465
51362
54975
50268
55917
56557
50301
56196
56786
56659
58316
58705
56279
57107
50951
56123
56280
50947
55986
56295
50999
55279
56923
50303
54082
58232
50772
55679
56471
50259
56031
57135
54752
55525
56025
51483
55129
55693
50447
56606
56869
56615
56749
51987
55031
55613
52077
52420
55434
56344
56661
53554
56884
57154
50973
57692
57818
51586
56728
58695
50311
56851
56894
50535
57598
57704
50532
57218
57457
55862
56099
57053
51426
57445
57823
51096
55573
58497
50680
55517
57259
50716
56539
56673
50336
57813
58647
52143
52823
55194
53339
56920
57864
53438
56242
58694
55991
56100
53392
54383
57850
56032
56752
57690
50497
54448
58699
50904
55980
58304
50330
56215
57074
50837
54771
55923
51341
54812
58248
50238
56775
57153
54976
58335
58644
57373
57406
50869
55823
56238
50866
55366
55984
51166
56529
56578
55277
56473
53175
58148
58924
56688
57156
50823
56851
57105
50746
56502
56672
53307
56360
57708
51375
54293
56420
50764
55798
55928
57051
57986
50917
57681
50219
57025
57124
54033
55725
58923
51359
54993
55741
56118
56252
52487
52911
54761
50509
52053
52398
53064
55086
51968
56153
56748
50300
56316
57022
50723
56750
57583
51712
56517
56976
51461
56158
57013
55794
57432
58627
57184
57882
56245
56744
51922
54040
54271
52330
56431
50333
52891
57352
50995
53523
56015
50755
56396
56877
56378
56535
56214
56489
52028
53591
56966
56310
57157
58868
53035
53747
56337
56971
57582
50389
56185
56951
51054
57597
57949
56368
56721
51890
52400
55976
55285
56246
53728
58324
50972
56110
57448
50754
56346
56559
52207
52330
56301
50631
55503
55818
52425
57155
57905
50853
56311
56869
55322
56441
51696
56044
57449
51278
56023
56330
55996
56735
50815
56516
58110
51436
54665
56257
56191
56691
55510
56392
57409
58679
55475
56941
58358
50936
54374
57188
55447
57547
58497
50563
56758
58320
50702
56585
56745
57500
57572
58025
50355
56871
57005
51225
55523
56154
55085
55913
51559
54983
55068
52682
57000
58716
57064
58360
58364
51822
53880
56315
51159
53550
55699
50341
55749
57010
51097
55818
55840
50708
52787
54626
50668
55440
55782
50780
54626
57484
50798
54966
55616
51031
55913
57225
50767
55709
55953
50337
50397
58651
51741
53188
56542
50808
56985
57085
51831
54773
57198
50414
55911
56702
51243
54731
57402
52634
58342
54724
56181
56654
57851
58149
50397
52079
57545
50730
51522
58136
51073
56757
57971
50547
56108
56508
50416
53340
55759
50697
55767
56446
50328
54908
57332
50423
57978
57999
51693
52529
55727
55561
56013
55471
56126
50436
56679
56770
56901
58293
50985
56917
57123
51812
54775
56713
57119
58013
58146
52059
53380
55020
55526
56112
51708
56265
58299
55383
56415
57954
56607
56646
50488
56033
56543
50356
55235
55654
50463
56186
57165
52624
53156
57442
55329
56397
50656
55800
57308
50777
55160
55541
50821
57221
57374
56139
56527
51082
56031
57110
53669
53869
57874
51566
55433
57985
50634
53106
56321
50895
55803
56471
55763
56612
56155
56645
50676
55830
55116
57144
58244
56323
56850
50335
55827
56520
55180
56405
53799
50896
56024
56467
55124
55767
56716
57678
53134
54741
51583
53930
57315
50504
54089
55661
52023
58026
58806
57657
58147
54946
56288
54620
56179
52388
54919
57158
56823
56883
53722
58169
58361
56042
56528
51160
56390
56844
53393
54806
55973
50720
56823
58232
50469
52893
57413
55079
56247
51364
53416
57046
56444
57291
53213
57174
55814
56687
51401
52375
52687
56828
56884
57797
50559
56617
58111
51114
53589
55706
55628
56746
50778
57195
57742
55382
56591
51845
57769
58775
55922
56079
50882
56013
57044
51289
57026
58100
50449
57252
57307
55496
56243
51628
54388
55540
55327
57094
58915
51106
55616
55639
50933
54945
56867
51139
54464
56299
55966
56968
52660
54504
57102
56303
56581
51535
55108
55542
51372
53938
55263
56052
56733
55405
58271
58350
55413
55441
55796
51002
56114
57599
53459
57277
58236
50935
55783
56284
52236
55367
55989
51700
55406
57952
51667
57955
58218
55408
56327
50942
56041
57117
51229
55541
55579
50842
53268
53719
51785
54094
55401
50396
56371
57054
51816
56649
57334
57595
56593
58650
51816
56942
57492
50805
57079
57424
51092
55637
57392
55489
57115
57957
50797
55654
56400
52473
58049
58921
51195
53513
54431
53527
57780
58682
55566
56085
55811
56096
52638
52912
55853
56098
56582
50773
56374
56433
56043
56241
52477
52987
58603
57645
57790
54248
55803
52475
57320
57635
55812
57550
50427
57201
57657
52409
55420
58668
54611
56442
51908
52490
55067
51403
55844
55908
50512
55281
57777
56540
58170
50592
56982
57506
50509
52814
58065
50824
56109
56164
51465
53244
50665
53264
54876
51186
53256
55884
53200
53214
56468
50728
53758
54699
53236
56685
58310
52668
55671
56494
57794
58137
58215
50469
56665
57667
54881
56425
51109
54240
57492
50578
55567
56423
55998
56047
50626
57290
57454
52208
55281
56699
55642
56562
51069
56811
57367
50645
55648
58360
55545
56807
57389
57449
57630
56035
57170
50969
52146
56978
52991
56290
50711
57325
58253
51121
57533
57976
54014
56165
55805
56600
50696
54993
55776
55652
56105
54769
57731
57902
50909
57459
57575
53878
56120
50794
57174
57740
50630
55778
55844
54925
56125
55045
56643
54407
55958
50964
55379
58051
54448
57985
52915
53213
58366
51173
54783
55690
50937
53548
58930
53663
50531
57479
57791
54418
57694
57958
55684
56474
57817
58371
50661
56163
57150
52616
52659
54459
51233
56327
57308
54847
55970
52852
55484
58832
52787
55992
58016
55847
56504
51217
56810
57259
55760
56430
52159
54401
56020
50779
52207
54709
55669
56590
55130
57146
50747
57677
57764
57478
57711
51180
53677
56644
50603
55984
56238
55314
57540
58373
50622
57017
57459
56838
58046
50576
53052
56300
52108
54090
56842
54684
56382
57721
54197
57345
50960
57576
58074
56314
57940
50994
55346
55729
52029
55162
56220
50740
54929
55838
50640
55440
55823
53331
57676
51509
55925
56665
50748
55247
55279
50876
54798
55551
50804
52712
55856
53246
57515
53392
57139
50710
55572
56310
57218
57870
56022
58366
50739
53659
55658
56836
56885
50636
55879
56389
50524
55798
56023
50889
52410
54773
51528
56638
57999
51636
58581
58829
50945
55341
55923
51012
51044
52596
50580
55108
55341
56865
57007
50763
52050
57932
53567
54846
50813
54293
55371
50840
52028
55198
51434
56627
56873
55236
55919
53900
54560
51700
58079
50812
55295
56953
52188
56475
57276
56858
58283
50908
55224
57260
54888
57564
58707
50801
53677
55366
51035
56705
57068
50910
51028
51411
51871
53992
55006
52480
53087
55721
56117
56289
52686
52995
57112
51074
53541
58050
51099
54981
57359
54159
55840
54950
57088
56056
56676
51285
57461
58211
51466
55732
57071
52647
53027
58339
50726
54383
57053
50919
55594
57125
50719
55210
56067
56009
58301
51684
52614
56609
55088
56567
56779
58285
51110
51876
54752
51133
52878
57596
50671
55862
56877
56228
56732
55651
56018
54688
56414
55990
56281
55177
56219
51528
54517
55132
55937
56787
54862
55846
55524
56580
52364
57501
56678
57356
51418
57925
57949
50856
56374
57123
56518
57062
52214
52376
55863
56066
57586
52579
56091
58591
55603
56602
56957
57639
50733
55503
56637
53192
57502
55622
55874
50713
55952
56295
54083
54511
58245
51744
57092
58170
50832
53467
55986
52309
53401
55333
52565
56833
57103
56892
57549
58270
57480
57922
54368
58908
51686
53071
55293
57555
58139
58787
56712
57532
58669
52114
55166
55656
51517
57299
58089
50789
55691
57587
50952
52579
54201
51093
56682
58509
51803
53092
53384
57147
57211
50902
51213
53797
53868
51903
54463
57888
53413
58353
58922
50678
53938
55095
56366
58290
53060
53439
56348
50736
56280
56839
50763
51123
51442
51057
55675
56975
51588
55508
55551
56012
58233
52696
56845
55406
57760
58763
51236
56019
57144
52969
53088
57544
56093
57075
50730
50936
51038
52003
53179
56635
55615
56158
57593
57631
50846
53346
56162
55189
57128
57360
57399
57610
58242
58398
51433
57421
58106
50983
55544
58569
56606
57160
55532
56719
50894
51797
55709
51122
55121
55675
56943
57209
54943
56377
58503
57173
57322
55645
56795
51394
54311
54911
50929
56556
56948
57091
57138
51061
53849
54834
52037
52070
54111
57104
57593
58117
54650
55839
56628
57623
53773
55972
51457
54778
55636
53000
54590
57297
55416
55788
58172
55995
57511
58119
50834
57385
58509
50968
57296
58563
50897
54981
56123
50756
54888
56983
55730
56537
56573
57627
50799
57292
58088
54301
57132
51145
55869
57654
52303
57833
58328
54082
57574
51039
55095
55699
53017
54534
58450
54317
56500
57399
57434
51730
57409
58557
50787
58151
58205
50768
54903
51245
56608
57002
54652
58189
58244
57351
57490
55395
55686
51592
57959
58040
55900
56551
55415
57381
56239
58782
50691
57286
57411
54966
56236
57394
57913
58049
55964
57090
51743
52580
55396
54700
55514
52835
57120
57130
50931
51960
58023
50859
54311
54721
50795
55981
56923
52626
54628
55389
54410
58005
56587
58401
58884
50852
55210
56751
57117
57198
55876
57909
50879
56377
57109
55598
56184
50827
54442
57162
55679
56817
53504
55579
55865
56138
51711
53660
54428
56685
57553
58263
57152
57513
57688
57093
57173
50907
53363
56396
52690
58265
55538
56058
56122
57937
52193
57251
58862
52292
53716
55617
56386
57239
51563
51838
57829
57295
57578
56758
58114
53228
55890
57370
57600
57894
58164
54487
55849
57138
57211
58220
58228
58494
53212
56800
56785
57203
55670
56063
51736
57697
58527
54195
56311
56053
56530
53930
56330
55424
55685
57187
57371
51521
53752
58012
57395
57785
51476
56992
51080
57419
56381
57885
58115
55334
56715
58495
54094
55672
55386
55740
51591
54834
54969
57527
57537
52802
58178
58753
53607
55819
57230
57360
57081
57093
52892
55813
51675
53499
56526
55378
56417
52586
56145
57713
50807
55160
56460
57254
57322
52477
54521
57522
57641
54577
55111
57321
55026
57562
58193
54606
55697
58293
50865
56041
56242
54654
55717
56963
57147
53955
54774
56912
57264
50982
56498
57143
50964
51378
53438
51351
55981
57477
51462
55040
55479
51132
52299
54192
51239
57320
57606
51511
57319
52823
55542
56502
56585
55722
57086
57694
57998
56891
56933
51153
57431
57475
51087
56655
57915
50914
54376
55588
55241
56720
54665
55639
53696
55734
54831
55792
53762
57716
58174
55119
56588
58258
58319
57129
57254
56025
58223
54336
55604
51767
52501
55200
56346
56539
56466
57545
58324
50787
51128
55117
53351
55834
55065
56234
53368
56132
55003
57717
53528
55843
55070
56434
53706
55751
53254
55914
52971
58321
57073
57483
51270
55055
55556
53380
55508
54666
56352
51484
55796
54872
56429
56908
56963
56896
57089
51146
55776
56542
57414
57438
57264
57434
52628
57056
57925
53992
55187
57249
57411
50943
55441
57157
51639
53041
58776
50983
51271
57569
56130
57024
57447
57498
52234
54544
55672
56142
56660
56057
56291
50956
51983
57933
51490
54541
55356
54933
55483
50910
53174
58559
57116
57286
51491
53585
56619
56574
58303
56899
57230
57030
58276
58519
50873
51960
52983
57450
58220
53745
55668
53470
54500
58351
55457
57214
58913
55101
56363
57194
57611
53361
55804
56450
57248
50976
57199
52512
52518
56326
54324
56248
52497
55896
52225
52980
55429
57458
57589
51008
56953
57402
55516
56917
55049
55403
54923
55436
52151
56964
57344
57489
51269
56255
56335
55030
55325
55027
56332
58842
52549
53160
54127
50986
55031
56774
56480
57396
53846
55908
53826
56707
54340
55466
57343
57436
52839
55832
56110
57082
54771
56312
53437
57179
53191
53278
58425
55330
57620
58512
52067
56270
56526
58250
58308
57116
57541
53456
55276
50957
55454
58133
51204
54721
55706
54566
56089
54829
56065
56387
56989
52637
52819
55939
51723
52035
55575
52522
55765
51195
56601
56984
55001
56821
55941
57505
51334
56144
57058
57382
53149
57579
58807
51551
53319
55570
55906
53922
56810
51764
55640
58303
55106
55221
56024
56673
51450
57453
58930
56698
57603
57789
58447
52475
58210
57249
57387
50902
51273
55881
54297
55248
55783
56672
54704
55358
57671
58168
52911
55741
56794
57091
57126
57418
53209
55867
51551
55203
55906
56499
55035
56888
51005
55710
56239
57705
50946
51750
52294
55318
56048
56101
53224
56575
57396
51187
57385
58624
57148
57581
57026
57911
56224
56343
51388
55816
52293
55676
57410
57979
51148
57269
57445
55961
57778
54938
55478
54586
55790
58441
58460
51062
55563
56146
57119
57941
50987
51480
55170
51027
57271
57960
54562
56472
54796
55870
56097
57141
58771
51538
55939
56172
56421
57077
51090
53393
56420
51994
55955
58327
56146
56785
51941
52820
54755
56560
57648
51083
55624
58180
55249
56623
51198
53630
54039
56671
57129
51080
52320
54165
55029
58929
52951
55305
58334
58397
51471
57967
58410
58413
56308
57655
52799
54734
57628
57682
54392
55649
52616
54911
51983
53374
53157
56398
51370
55342
57948
51771
52259
57720
50999
56328
51980
55755
57318
57703
55209
56464
54103
55724
51175
58101
58934
55851
57304
55060
57683
53054
55492
51118
51202
58848
58261
58522
55060
56273
56670
53412
56693
58137
54215
55107
55994
56510
58110
58423
56550
57191
58555
51395
54939
58271
56308
58015
51087
56331
51858
52858
55113
53863
57242
56109
57454
52215
54157
51569
55500
58106
52502
56394
56935
58490
53132
56115
56058
56122
57803
56049
57563
58766
52158
54469
56980
52974
52993
58465
56286
56912
53872
58646
55868
56340
51583
56257
56657
56899
57256
57601
51458
58253
58615
55687
58001
58411
55637
56426
52328
55519
51026
54805
56469
51050
53160
53957
55055
56164
56258
57114
56131
58332
53123
56078
58738
51412
56911
58023
53115
55240
55893
56124
51325
55821
56286
56745
56911
51162
55520
57300
52746
53942
57950
57410
57939
54664
55294
58417
52317
56375
57924
55367
55657
52315
53526
51987
57222
54648
54870
56892
58092
57268
58259
58517
53043
55328
54419
55930
53719
54038
57041
55292
55339
58649
51024
55782
57041
52294
53356
54485
51611
56492
54116
55905
51133
51179
57647
51030
54628
54708
56794
57192
51361
56269
56511
56835
57956
55925
57469
52758
58676
52397
56205
57702
55778
57046
58016
58066
52890
55050
54255
54467
54170
56565
57100
57541
53953
58045
58605
52385
53537
55004
55995
58058
52659
54969
51059
58157
58460
53795
55053
57290
57424
52056
52344
54711
51144
54397
58378
57414
57600
53194
56689
54525
55373
51311
53513
57099
52670
53418
57916
53849
55727
51959
55317
54452
55227
52085
54039
54328
58030
58468
56114
56711
51515
56076
58194
53579
58879
55213
56006
57984
58333
51619
56652
57933
53550
55932
56751
56921
54723
55498
52545
54833
55535
51271
57542
58656
53986
56451
57395
57498
55161
55600
57203
57785
55608
58057
58218
52104
58370
58433
52281
57223
58076
55673
56369
51354
51958
57376
54466
54843
53761
55211
53330
54030
54838
58238
58519
58731
51604
54769
56329
53790
51331
53906
58675
58159
58691
52300
58793
51164
56650
56671
51176
54544
56172
52276
56285
53482
56195
55768
56496
55197
55280
56919
57009
54005
56649
57916
56559
56652
56300
58101
51605
56408
57675
55587
55736
56987
57944
52487
55401
53153
55619
58702
51129
58086
52640
53011
55817
51455
54143
58308
51990
58811
51623
53137
54132
51269
51825
54038
51670
54919
55521
52143
55263
57729
58252
58365
52641
57177
56614
58097
54742
57125
51188
56999
57190
53162
55728
52176
55344
53398
56137
55369
55886
55340
56737
54633
56212
52645
55426
58846
54589
55593
51193
56972
57055
56254
58427
52043
57315
51511
52457
51347
54945
56677
51898
55657
56326
54223
56345
51402
58714
56574
58026
56856
57728
54206
54646
52845
58060
58258
51502
53377
54098
53202
58251
51969
54931
55258
55397
52421
52632
55207
56253
56795
58589
54037
56622
54778
56467
53153
58698
58702
52933
55848
56725
51769
52244
55613
51748
56952
57850
57768
58991
55980
57815
55656
56463
51664
53957
55396
57944
58276
57475
57512
52244
54368
58814
54897
55473
55621
52556
55505
58939
57813
58567
57904
58015
58621
56902
57618
58396
58562
54548
54656
52013
55287
53341
55924
57009
57447
54023
55698
56658
57061
52717
54961
55557
56301
56759
55716
57397
57483
57641
51902
55501
55494
56952
58670
56290
58320
58617
54194
54686
53880
56135
56668
56942
54541
56284
55222
56268
55931
57151
55297
56468
51623
54453
54725
51518
52738
53488
58660
58662
52960
57921
52084
52430
53579
52715
53276
56187
52248
56365
53601
55296
54783
56651
56448
57602
57959
58502
56966
56973
55081
56544
53697
55791
55500
57037
58703
52922
54454
57098
57435
51638
55020
56925
52262
55472
56697
51455
58742
53589
55976
52595
58687
58724
51768
51873
53239
51849
55557
56644
57927
58357
51685
55127
52549
54328
55633
56973
57472
52948
54555
52341
54079
58028
56985
57221
54915
54998
53101
55537
52361
52498
53501
55362
56903
51273
53690
51930
52729
52899
52319
55089
52464
52470
53118
53371
56270
52542
53429
58684
52750
54642
51723
53516
56861
52854
53313
58709
52676
55641
54464
56422
52930
53337
53764
57055
57438
53068
53670
54398
52072
52667
55284
57187
57490
52059
55006
52167
52581
52831
54937
55596
58722
54916
56529
56578
53810
57158
52472
56930
58962
53154
55602
57299
58059
53742
55797
57749
52443
55033
57731
58096
52016
55398
52878
55075
58955
52946
53238
58685
54505
57096
56873
57640
57375
57387
52423
52836
53281
56448
57466
58756
52966
53538
58686
53296
55859
55977
52322
52666
53556
52338
54748
52882
58164
58652
52133
53033
53428
52577
53479
54225
53968
55131
54651
55154
52066
55094
52454
54767
51886
54936
51880
57103
57848
54193
56119
54920
57171
51996
53262
53725
52065
55989
51938
53263
53627
54031
55260
55497
53474
53778
58718
58227
58477
56036
56586
55897
56657
54963
58645
51824
56463
56619
51821
52478
52950
53914
51358
54792
55494
57418
57527
53348
53635
53814
51436
55194
52134
53094
53756
52538
52718
53879
52237
53400
54118
52469
52707
53494
54016
54093
52701
55461
57296
58504
51946
52208
55973
53151
53406
54835
51834
53093
53617
56046
56957
52354
53243
53713
52558
53145
53974
52709
52828
55313
53663
56665
57686
51806
56267
57064
57274
52999
54754
52916
53045
55474
52459
52721
53929
53484
53619
54932
51844
52074
54644
52302
52830
53604
54327
55413
53724
55925
57271
51940
53186
53449
51828
53255
53767
54097
54238
55830
56239
57939
57194
57370
54280
55019
52796
54640
54905
55459
55743
56211
56692
57375
51891
52774
55633
56608
57085
51737
55187
56609
51892
56757
57347
53694
56111
52597
53021
55114
52856
53912
58728
52068
53410
53882
52553
53036
53311
57223
57330
58076
52573
53512
53802
53970
55146
55268
53127
54817
56708
57564
52489
57487
58845
52780
54516
51770
54804
56408
53593
53822
58730
52456
52998
54200
51917
58430
58674
52391
53673
54115
54308
55013
55100
54567
57028
52221
53731
54437
52287
53481
58721
55708
55927
58727
51634
54978
51593
53170
51407
55018
54855
55815
52526
53871
53905
52582
54676
56031
57409
58159
52954
53598
54232
52419
52648
54104
53893
57857
52965
53883
54221
53966
57027
57661
54382
55105
58315
54089
55400
51565
52507
53709
51512
52462
54804
52669
52942
53018
53109
58745
53063
54491
52284
54458
52789
55404
57841
51785
55166
52575
52630
53443
57200
57477
52083
53839
54668
53164
53537
56932
54649
56922
53598
54053
53048
53122
54743
51790
52387
53535
51625
54798
56635
51450
53445
58930
58535
58580
53973
54408
58735
51535
53240
53336
52907
53012
55455
54316
55607
51428
58036
53221
53976
54244
56705
57374
56991
57100
52964
54295
54091
55291
56742
51629
53362
55858
55899
52109
53242
53936
53223
54185
54913
51763
55042
55563
52975
55288
55769
51606
53580
53701
52737
54093
54389
51411
57467
53226
55217
55388
52603
52780
54169
53446
58165
58227
52876
53498
54360
57344
57522
51591
53267
53699
55445
57606
52642
54241
55019
51648
53557
53689
55710
57410
57421
53111
56487
56906
53366
54178
55437
55697
57787
52985
58713
52236
55389
51689
53792
53805
52378
52834
53726
51933
52792
57779
52418
53647
52808
54250
54646
52500
52964
54334
53551
54409
52534
53383
57081
57788
52084
52264
54431
56814
58242
58942
56051
56080
54299
54612
55439
51422
54884
58370
58381
52610
52979
53447
52129
56273
57359
52452
53007
54095
52739
53532
53122
53993
52949
53551
54270
54277
55607
55799
58448
58902
52505
54183
54209
56847
56887
53404
54917
54463
54488
56231
54369
57014
58402
53275
56040
55710
57792
55346
57448
52948
53269
54264
53629
53804
53046
54513
54686
53207
54370
54656
51529
57738
53799
57120
57670
53199
53968
54413
55327
58096
52466
54556
54910
51571
53655
53751
52922
53295
54319
52643
52750
54258
52041
54048
54528
58035
58673
58738
53707
54119
55449
51725
54591
56173
58330
52776
55453
57992
53674
57981
58869
51550
53687
53705
51869
58741
53542
55552
55997
56260
57192
53123
57960
52786
53624
54619
52000
53630
55200
58283
58390
55831
56692
53136
54867
52611
53332
54056
53345
54685
57115
58058
52700
54084
54615
54859
56731
57895
58195
58222
53280
53601
54345
57656
58964
52888
53063
55488
54501
56762
57316
52582
52673
54373
55224
56046
57026
55011
56059
53508
54215
54263
52596
56064
56892
54041
54465
55777
57045
57060
52201
52489
56488
53436
53673
57190
57589
57215
57481
52273
52649
53769
54719
56617
56875
53625
54209
53286
55744
51776
55746
55609
56650
53188
56071
53015
53190
55384
52351
54768
54959
53210
55218
55780
57144
57299
55220
57195
58386
54581
55825
56954
54970
55129
55693
56049
57280
52917
54423
53495
54466
54636
51560
53841
52658
54275
54422
53717
53795
54432
52984
54379
55227
52957
54977
52149
54816
56987
54064
54759
58739
57686
57688
54378
54867
58723
56934
53219
56293
57015
53385
54424
55987
54724
57279
58089
51992
52220
52981
54759
54724
55780
54761
53098
54456
54849
51778
53640
53971
51711
58245
56282
57941
53253
55151
51716
54598
54716
57643
57957
54800
55078
55140
54989
55713
56193
56341
57771
58281
53389
54864
55133
52720
54436
55211
54054
55736
56119
51949
54693
52890
53462
54400
54459
52745
54807
54917
56416
56423
57894
52545
54630
53624
53666
55794
58060
58062
52454
52873
54303
52917
53284
54571
55825
56359
53692
54297
54493
53791
54275
54644
55884
56759
53145
53765
56450
57385
57959
52395
53947
54530
51820
52923
52973
53490
58761
55759
56570
57442
51751
53089
53409
52338
53009
54427
57458
57537
56517
56976
58736
53321
55384
55664
57061
57489
51975
54192
56909
54442
57545
58113
53388
54768
52644
57008
51870
52202
55381
55084
54451
55837
55009
56192
56483
55627
57348
57654
58599
54802
55985
56359
51979
52898
55969
56192
52662
52723
54750
53487
56362
56536
52369
53019
53891
53384
56959
57986
53547
54648
54904
52365
54060
54977
54815
55594
57119
53325
55574
58746
54307
54446
54633
54123
54188
58700
54756
56461
52897
55315
56556
57367
57931
58346
56313
56320
51871
54838
53993
54399
54704
54612
55078
54127
55450
56450
52064
55355
54211
54601
54923
54265
55151
58708
53436
54292
55483
55523
56483
52205
56099
54411
55397
55963
53043
53657
54290
52132
53781
54711
51783
53566
54015
51949
53654
54121
57781
57902
57607
57788
52063
52673
51864
54616
55042
52671
53468
54617
54839
55003
55691
52043
55516
56335
55363
55432
54316
54347
55702
51688
52049
54789
55237
55969
56391
52255
52377
53135
54026
55587
56135
52591
53233
53390
53661
54230
54677
56908
57636
53172
56084
54518
56014
56202
52613
53801
54653
56509
58442
52663
53056
54607
53330
53771
53038
54097
54944
52250
54630
55284
56511
57073
52826
54961
53594
53857
55507
56167
57162
58220
54780
55732
57115
55510
55904
56358
51893
53643
52452
54307
56541
57446
55450
57455
58040
52812
53782
53400
55636
51716
53682
54059
52543
53331
57805
52719
52902
56833
53388
54313
55870
54764
56884
57794
54053
54552
55030
57366
57553
58495
55791
56626
57470
52015
52873
54655
55218
58692
55111
56804
57321
52951
53833
54673
54340
54491
54604
54772
55568
55643
53666
54533
55221
53765
54561
55049
55251
56811
57367
53385
54985
54145
54336
54454
53054
53760
54344
51761
56939
57354
54106
54181
55758
53633
56340
56426
54849
55591
52085
53781
53141
54554
55790
57578
57628
56506
57576
57110
58691
58741
53128
54956
55698
55800
57309
51718
54176
54289
52648
53717
56308
57296
57461
52319
53291
54632
55517
57669
54553
57397
58726
54592
56900
56988
53061
54962
55593
54295
54391
54700
51900
53740
54479
52443
52923
54638
53862
53986
54992
51747
52192
58735
53279
56372
52598
53836
52858
55729
53486
56479
57519
55965
51877
53009
53141
54221
54641
55864
56317
54861
57628
57682
52161
54980
53625
54795
55600
54342
54423
54831
57335
57804
53138
54910
56506
57955
58076
54333
54859
56455
57860
58438
52280
54331
54421
52904
54596
55724
54013
54105
54266
52701
52898
54842
51778
54226
52025
52333
52572
54205
54487
54516
55181
56203
52816
56694
53498
54211
54593
57496
52142
55140
54016
54477
55740
55027
57248
58160
54543
55826
57609
53475
55443
58150
58797
52167
52280
53920
58298
58794
52718
53692
53696
54199
54676
56780
57972
59062
52832
52950
53495
54643
58252
52305
52352
52422
53962
55938
57460
54813
54938
54985
53162
53702
54680
58159
58664
53365
54948
55373
52978
54762
56364
54212
54548
55686
55531
55743
55321
57014
57871
55857
57786
54030
54460
55068
55836
58799
54257
54555
54654
53745
54242
54748
53326
55779
53123
57325
58253
52529
55467
54735
55738
54238
54720
55874
54186
54642
54650
58736
57765
57980
53347
55559
56464
51983
56596
54610
54663
55523
56154
56266
56804
57991
51969
53520
54380
54575
54766
55315
55615
56647
58332
53706
54024
54767
54233
54754
54862
54960
55531
56903
53472
55076
57136
56726
56991
52414
56271
56837
56965
55220
58205
53995
56985
57085
54782
57295
57578
52400
55434
51842
52472
55719
55897
53027
57476
55214
55228
57006
57591
52356
52806
54070
52176
53409
55103
52180
53143
54600
52402
54878
53132
54226
54536
53291
54409
54858
55424
53861
56894
58301
52436
53133
56670
54267
55028
58273
52134
52287
53934
55868
56422
53423
53844
53867
55643
53138
54810
56065
53985
54206
56018
55171
55193
56514
54883
52444
55447
58130
58392
52748
54749
58720
52913
54084
52427
55702
54052
55053
55236
53022
55787
57512
54184
56178
52904
53905
52913
55062
55815
52612
55439
52733
54713
56111
55549
57023
56054
57403
56296
56333
58257
52721
53508
56628
58360
54006
54445
52681
54809
55114
52981
54305
55905
52544
54670
55468
58344
58429
56560
57599
54742
54752
55250
54529
57527
57537
52222
52999
55148
55051
55229
55152
55909
57348
53901
54870
56056
51900
55638
53760
55002
56828
55851
57392
52765
54325
57244
54833
54957
55700
56260
52968
58705
54998
56856
57523
52040
52643
54332
54430
56552
52490
55888
56478
56808
56761
58204
58365
54484
57864
58038
52120
52603
53365
53947
53860
55325
56289
52365
53822
52037
55625
55665
52935
54251
54974
54150
57221
57374
52248
54128
55041
53549
57905
54217
56496
56711
54995
55609
52514
58884
54208
57290
57454
54280
54393
56057
53908
54847
55050
57429
57636
53714
55107
55811
53292
56539
56673
53739
57278
54510
54651
56504
52313
53502
58328
54652
57588
58683
52066
53475
54335
52710
54480
55744
53036
55556
53444
54289
54463
55462
58033
55764
58196
58212
52355
55521
56187
54775
56211
55409
55714
53875
56629
57407
55533
56831
57640
53464
55154
55226
54198
57522
57641
54158
58308
54155
53560
53785
55250
55350
56962
57083
52472
58098
55416
57598
57704
52414
53944
54483
55992
57592
53833
52342
53273
58697
54420
55088
56212
57693
58019
52612
53614
53621
52692
53735
54224
55799
55864
53956
55184
55369
54220
55537
58729
51905
53645
57437
57531
53729
56762
56901
52671
56829
52405
55097
55940
56070
58427
58949
53999
54404
54139
55390
57207
53848
55358
55998
55059
56051
57815
51930
52558
52626
54809
53006
55428
56544
54349
55064
55768
56651
51926
54058
58033
58439
54023
54366
56417
53643
54406
52390
54725
57701
54401
55985
53041
56299
53821
55248
55922
55359
56475
57982
52758
58676
58985
52367
54708
55817
54442
55419
56583
52588
58407
55500
55869
57654
56498
57079
57435
58762
54194
54559
56101
57031
57661
57727
55308
57351
57490
52678
53206
58824
53605
56347
56834
58369
58822
54133
55463
56268
52929
55720
58278
53721
54402
53351
54498
54693
52219
54744
55738
53511
55468
52478
52091
53251
58458
53303
55739
56203
54175
58375
53136
54645
56080
52476
52760
53182
58759
53704
55476
55649
53210
54274
56429
52548
58685
55034
55961
55978
52199
52662
53019
55356
53704
54905
52897
54901
56006
53668
55478
55652
55326
57077
58114
55611
55795
54685
56206
58436
57148
57581
58725
53520
53987
57272
57511
51974
52551
58814
53288
55495
57379
52308
54653
55339
57566
58653
53404
54449
56363
57920
58501
53342
56502
56672
52669
52781
52404
53923
52035
56216
54021
57894
58164
52368
52674
52699
52070
52541
54405
56844
56900
57431
57678
57813
53091
53612
58845
52420
55758
54453
58928
53721
54298
57978
57999
54866
56390
56844
53000
53964
56149
57247
52561
56514
53069
54323
58815
52703
57804
52768
53514
55139
53972
54452
56590
53981
54589
56430
53702
55895
57926
56233
57923
58330
55772
56002
58675
56403
54386
55106
56138
52308
54569
55602
55577
56086
56533
56355
58208
54968
57079
57424
52984
53512
52896
58810
53761
54231
56219
52684
55204
53732
54925
55328
52857
54219
57629
58257
58791
52568
58686
57949
58030
58370
54733
58001
58778
54080
57370
57600
52132
53274
54332
56954
53028
55105
57736
53885
56482
53772
54517
57000
52526
52854
57195
58258
58377
54392
54692
56989
53515
57395
57785
53780
55466
55566
52109
53862
52968
54662
56366
54417
55258
56043
52125
53937
53094
53207
53657
52087
54109
52577
52965
54941
56385
57155
52723
53956
55377
57215
57481
54011
54843
55900
56694
57755
58866
55695
57737
54222
54525
56421
54315
54886
54001
55637
57392
55460
57364
58593
56522
57845
53071
56627
53738
54950
55305
52720
54013
55261
57925
58191
56321
58304
58601
52957
54757
56565
56753
53426
56346
56559
57544
53361
54256
54598
54193
54433
55888
53295
55821
56060
55578
57082
57122
54519
55942
52973
55100
52222
53366
52376
55845
54106
55497
54268
55035
55089
54058
54439
56752
57998
54322
57368
57981
52535
54957
55207
58057
58476
55618
58642
58742
55573
55748
57660
52580
55067
53037
57286
57411
54811
58139
58786
53107
53888
53173
54667
58835
57058
57295
57744
58178
58753
53462
53170
53287
52740
54856
53909
52388
55664
52184
52500
54629
57458
57589
54152
55665
52266
54667
52819
55293
55873
56325
57500
52481
55093
55560
53236
58418
52935
54739
52980
56020
55271
57681
57874
56533
56538
58113
53066
55631
56928
54697
55102
56124
52745
53263
55947
56913
55016
55120
53469
54509
54893
55131
56612
53909
54285
54512
56419
58719
54801
54989
55754
54535
57344
57489
58300
58466
52778
57147
57211
53867
54007
55762
56682
58101
58934
53534
56585
56745
54429
58124
58497
56365
56887
57520
53528
54348
55344
54008
55757
57151
54885
57733
58315
54572
57073
57483
54227
55769
56415
55530
57248
58509
58030
58597
52552
53164
56598
55694
58324
58327
53838
54796
56474
56725
57382
53007
52839
54610
55092
53234
55123
58322
53228
54149
54978
56145
56793
57713
52234
55535
52266
54890
55837
56655
57915
58883
53325
55260
53442
55682
58781
54120
57722
58131
53269
52433
52449
54051
54032
55123
56920
52371
58336
53768
55526
56345
53645
54276
54223
55485
56820
52431
57866
58383
52875
54928
56726
57758
57891
53626
55604
55966
55715
57320
57731
52824
54634
52401
52419
52636
53960
55436
56228
53582
56024
56467
53989
57714
57740
52808
52966
52869
54075
58190
53455
55514
55991
54119
55146
52190
54641
53312
54063
53791
55610
56313
52736
57173
57322
52299
54098
56061
53874
58250
58308
56353
57786
58710
55324
55748
54090
55274
58097
55946
56895
53464
53566
53741
54586
56600
53373
55685
57645
52707
53199
52479
55595
57632
57965
58116
54812
57243
55040
57002
53552
55395
56527
53013
53621
53511
55612
56369
55136
57793
58527
52458
56958
57571
53253
54425
56063
54697
55777
52714
55003
56262
56738
53061
54244
55208
57126
57418
54694
55222
56184
57148
57351
55196
58417
58893
58469
58494
58613
53109
53619
53999
53387
55386
56489
53368
54022
55094
53581
55382
55668
54085
53969
55481
57023
52302
53098
53254
54475
54931
53048
53332
54801
52520
53072
55028
53555
55919
56155
57982
58505
58364
58425
53482
54727
53716
56390
52514
54136
54048
57143
54674
56928
55162
57519
53505
55117
57579
53401
56154
52488
55083
56040
53280
53533
55792
56118
55534
55960
53949
57738
58335
58643
58689
52921
54658
58254
53775
54786
55540
55589
57737
55269
57521
56393
57404
53209
54146
54936
54562
55033
55304
56727
56738
57613
52297
55951
56462
53748
55329
55734
52820
55690
53715
55301
52298
55275
55773
53910
57462
57966
53422
55598
56691
52291
58745
52484
57135
52463
52930
52888
54971
55974
58717
53450
55849
56344
53735
55479
53636
54741
56470
54035
56114
57599
54288
55930
56277
56157
56685
57770
54415
57447
57498
53310
57901
58392
53545
54445
55493
55193
55568
53755
54110
53800
54946
55832
53497
54973
54177
55700
55096
55173
57702
53776
57414
57438
55629
55857
57697
55855
57164
57185
54419
54730
57075
53546
55496
55751
55278
57172
52642
52946
56358
57452
58841
54532
57187
57371
55592
56811
56988
52535
53082
54660
52861
58781
53530
55839
55996
53897
54103
56562
54401
54991
56020
52743
53062
53558
54219
57711
58349
54034
56364
56410
55564
57175
57549
52717
55761
57306
52834
53545
55129
56202
52961
57354
54546
57243
57417
55458
55831
58454
58462
53447
52613
54932
53014
57091
57138
56058
57161
57494
55708
56014
54514
55233
55510
53220
57116
57541
52391
52591
54317
55098
56394
56961
57624
58069
53086
55775
52505
52836
53593
54408
56792
57759
58237
52714
57955
58322
55091
57058
57382
53889
54933
56885
56121
57650
53286
54681
56720
52497
53709
54523
52636
53442
54437
53493
55079
55843
54873
57840
58150
58746
55611
56919
52727
54260
52506
54896
56044
56190
52710
55507
55527
56198
55159
56060
57950
56855
58792
54147
55627
57291
52611
52313
55239
57715
58175
58896
53180
53664
56765
57464
58488
54512
57136
53443
56002
56972
54874
56556
56948
55116
56181
56958
57571
54947
55492
55722
54046
53963
55209
56646
54394
57551
52361
52876
57611
58019
55319
58283
58390
53944
55995
58235
55666
57386
58227
52395
52856
53046
53262
53173
55268
53880
54387
56315
56133
58071
58619
53853
56084
56418
52650
54112
52986
55399
56622
55954
56547
52776
53483
53950
54857
56653
57691
58311
53646
53171
55836
53826
56914
57021
56003
56383
57511
52608
54557
57032
53654
52774
53105
57563
53104
57249
57387
52565
57672
53225
58768
52679
52806
53285
53843
52356
54565
58777
52976
55273
57347
52700
53474
55586
56936
56998
52354
52573
54547
56608
57002
54526
55717
55937
52617
58721
52587
52955
53372
57212
57335
57449
52423
53270
53321
58776
52592
55433
56402
52575
53313
53778
53857
56156
56231
57577
52459
54486
55403
56581
54306
56705
57068
53114
57473
53337
53712
54829
56733
52681
52926
53225
53540
53408
54995
52456
52954
54156
54658
54282
58457
52420
54172
55097
53095
57129
57254
57071
57272
53519
54661
52501
55429
52464
52658
53135
53274
54070
54775
55061
56713
53395
55846
56033
53773
54047
55519
55340
55683
55728
53100
56047
56618
54132
57811
52979
53479
53937
54434
53662
55178
52666
52737
56741
56777
52411
52473
58275
53140
57546
58237
52907
53764
52702
53154
54190
56248
56941
58092
52815
53246
56780
59037
59075
53672
54172
52949
54109
54880
53694
54669
56434
53647
54381
52620
53801
54723
54942
56530
53529
55622
56744
53674
54050
55105
53000
55005
56149
54214
55705
52591
57104
57255
58068
52488
55449
55418
52464
52658
52972
55482
58066
55197
55591
55786
54112
54602
52949
54991
53585
55863
52870
53058
53180
52573
53306
55651
56749
55330
56385
56994
56521
57283
57650
52448
54433
54469
54652
57588
53128
54913
53032
56764
58769
57384
58141
53235
53920
58440
52632
54755
54312
55924
58760
53034
57399
57434
52557
56304
57653
52772
58586
58980
52578
54976
57623
53492
55322
56731
53994
54116
56580
55953
57694
58230
53966
54099
55443
53740
53310
53803
55749
55834
53648
55378
56528
57652
58388
58962
58964
54087
54980
52955
53130
53671
54915
55461
56491
53099
56085
56427
53468
53047
56105
56428
53682
54563
55081
57170
52538
55327
55511
54148
57557
52876
53121
57081
57093
54623
58016
58066
56151
56177
53068
57069
57130
58437
52563
53594
52840
53917
54664
53959
54037
56719
52649
52786
52505
52836
55217
55552
58453
56855
57176
53303
54749
54490
54955
52546
52551
55052
54738
56555
52558
53079
53813
56939
57068
57466
58758
53338
55787
57930
54137
57497
57746
52684
54986
56605
58106
58600
54300
57865
58649
52928
54291
54663
56370
57763
53116
54502
52649
52786
54261
56103
56115
52903
53184
56878
58821
55469
56022
56147
56870
57011
57615
55975
58265
58655
54602
52666
52737
55885
57535
58994
53048
53961
54515
54710
55653
54288
55388
54151
55783
56284
52821
55318
57514
55771
56059
56659
56827
58704
53101
54247
56352
53600
55990
56721
56882
57533
57976
52597
55071
58833
54986
57427
58678
58883
54546
55974
53208
55970
56688
52861
56891
56897
54731
57048
52971
56319
56825
58266
55663
55893
56281
52657
54462
53265
57711
58349
52892
54163
55018
53386
55561
55804
52542
52584
54460
55313
53841
55522
57285
53807
54087
54495
54591
57691
53547
53635
53632
56860
58311
54591
55487
58160
53459
57979
53414
54583
56858
58283
54760
58164
58652
52954
53454
56785
57203
52686
54269
57442
52978
57440
52854
56462
57200
52798
58728
53990
54984
53182
54323
53407
55471
55890
58684
53870
54002
53369
56279
56397
56772
56004
56027
54113
55719
53935
55017
57277
54464
54502
56299
55405
57531
58185
58524
52887
53334
58435
53941
54195
55287
52622
55585
54999
56387
57673
53713
56168
57960
58615
57530
58420
53282
56117
56871
52641
55418
55502
58687
53206
53414
54051
53739
55363
55518
52885
56241
56576
53646
55063
52881
56079
56558
53484
52784
57230
57360
52595
57191
57631
55126
55231
53827
54537
52642
52946
53640
55204
55442
56009
52652
52963
54503
53038
53151
57371
57980
53058
54294
54114
54148
54279
56333
57759
55357
56347
58774
58424
58971
54887
56999
57190
53005
56207
56405
52965
54397
58832
53923
54330
53304
56908
56963
52864
54424
54388
56269
56511
53066
54421
53269
54227
55383
56654
57019
54855
55232
57114
52607
55878
56073
55634
56161
52879
54677
54695
56099
58037
53289
58724
53098
54347
54181
52709
53977
54252
53275
54539
56588
53544
54029
58722
53370
56025
58223
53189
56053
56436
54468
56137
55691
57462
58839
55145
55779
53853
57122
52686
56419
53103
53517
55156
58765
53565
54595
52912
55693
54975
58971
57180
57866
58400
53429
58740
52936
56215
56591
53939
55044
53221
53912
55910
56026
52963
53771
55474
53214
56220
56070
56999
52866
53434
55993
53416
55853
56521
53295
54971
55361
53893
57251
53343
53869
58273
57021
58229
53242
55037
55084
53922
53951
55398
52770
53644
52762
58820
58882
55362
55585
55845
58043
58135
53344
55177
56557
54787
54884
53602
54108
55022
56882
57736
57045
57581
53280
52833
53169
52783
56112
57314
53746
54620
55896
52678
53997
54714
58350
58465
54455
54240
56842
54128
52850
53139
55499
56306
53462
53097
53225
53272
54076
55482
58066
54935
57460
53607
53980
55317
55113
52699
53097
55597
58049
58922
53010
53958
53087
56552
54717
55296
55941
52866
55934
57045
57060
54874
53427
55950
53241
55684
56505
53829
54170
57436
54300
54894
53367
55760
56786
53606
55458
53196
56096
56675
55961
56706
56870
53006
54970
53766
56898
54682
57981
58620
53435
55847
56642
52743
53609
53243
54315
52856
56190
56909
58498
54301
55402
55501
53003
56125
56336
53864
57719
58255
52830
53863
55394
56271
55333
55171
53171
55569
57096
55956
56318
53685
54872
56520
53055
56337
53096
56139
56495
57377
53255
55349
55793
57767
53390
53093
55445
56095
58271
53514
53057
57534
58118
53524
54407
55867
53535
53846
54321
53532
54384
55043
55549
57627
52808
52966
52967
56288
56395
54066
56582
56850
53571
55085
56689
52937
54866
53326
54576
56817
52912
54635
56922
56502
56585
54260
54462
54567
55375
54609
54883
53257
55285
55972
53697
55638
56632
54224
54504
55022
58315
52831
53978
56315
53415
57930
58102
52782
53472
54983
56658
57061
53705
54133
55133
54101
55180
56500
53167
56423
57894
54499
57194
57611
54908
58557
58664
55068
56536
53651
56794
57192
55238
57938
53681
55070
56687
57798
58758
54296
55346
55729
53259
55752
58881
53832
56109
56164
52796
53406
53568
57940
54732
55628
55914
53172
54882
56623
52910
53111
53338
55168
56147
52963
53394
53431
55486
56668
58792
56958
58244
54924
55826
58712
56160
56852
56205
56525
56941
56965
54228
55101
56807
56346
56539
56475
57497
58831
53655
58059
58195
53481
56100
56501
56109
57454
57885
57920
58165
54131
55354
52893
57475
58567
56519
56955
56362
56529
54722
56972
57055
56424
57275
58877
53124
54514
55828
58785
53194
55465
56639
54661
54783
55690
53542
57004
57550
58527
58727
54068
57617
52827
55823
56238
54490
57635
58681
57673
57714
54218
57069
58447
52868
56247
56554
52889
56243
56513
54118
53352
55277
56414
53294
56912
57264
53840
56942
57492
56276
56375
57924
53836
54355
53223
53486
58361
58464
56229
58057
52989
55957
55323
56194
57277
53611
56012
57086
54549
54765
54003
54141
53356
54934
55580
56110
57448
53379
54318
53274
54191
53583
55524
57007
55718
55733
57138
57211
53815
55772
56402
57532
58834
53199
53263
53471
55575
57235
53875
55174
53056
57670
58437
56223
58433
58597
54937
55076
54404
53650
56638
53402
55408
56132
53878
55216
57842
53683
57078
59002
55692
58210
58640
58377
58534
56768
58266
58617
53711
54976
57191
55307
56498
57143
56011
56627
56873
53105
58859
52891
57593
58396
55534
56658
55351
57908
58751
53360
54086
56716
53044
55635
53933
54356
54365
55040
55479
53184
55752
58820
58780
54216
54649
57160
54926
56919
57009
53284
56862
53216
56188
56324
57534
54376
57536
58126
56191
56579
55773
56708
53686
54323
53087
57000
58894
53507
58872
59007
53657
54062
54534
55291
56604
58051
55993
56107
57427
55414
58936
54625
53102
55805
56696
56252
56595
53592
57566
54715
56048
57209
58183
58733
59037
56516
58110
54674
56601
57040
53569
55948
53366
56368
56766
53971
53799
54330
53663
53828
54324
56602
54684
55324
56086
54712
56355
54105
53702
53046
53262
53716
54639
56482
57934
58456
56189
56664
53290
56699
53238
53224
56010
53595
56130
57165
53973
53156
58720
53730
56093
57022
53876
53053
54637
54887
53281
56714
56896
58908
56825
58102
53179
55617
53557
53180
53408
58759
58180
58573
58793
54014
54367
56144
56605
57229
53687
53760
53504
54043
55127
54282
58115
58491
53010
53375
54018
56795
57984
58157
53488
54496
57384
58141
53068
56261
57663
58856
53448
55124
55813
58201
58503
56763
56902
53962
56323
56553
55596
53064
53509
58250
53628
57338
58077
57294
58134
58886
54187
56678
57016
57416
57610
55409
55747
56921
54735
54921
56883
52994
57116
57286
53890
55475
58412
53751
53186
54121
55162
55310
55935
55182
56901
58293
53891
54281
57093
57173
53731
53743
56863
58008
55415
56411
56472
55518
56104
53695
55191
55255
53770
56781
56947
53701
56214
56747
58704
54758
56713
57481
57682
55842
57207
57592
54299
55465
55810
56415
58464
53752
54670
57861
58371
58928
53675
54111
53970
53308
54365
53627
55181
56092
57586
56151
57607
53118
54435
55110
53200
54185
54160
56169
56742
53002
55366
55984
54789
56512
53215
54876
55658
53258
56768
53444
54817
55185
54939
56639
56041
57117
56837
56948
57357
58015
58563
53401
54252
56372
53038
53151
53805
54860
55916
58330
56963
57147
56245
56595
54338
58350
58465
56484
56524
53976
53862
54473
55851
57304
53833
54055
54125
55940
53670
58701
54346
55932
56024
56673
53499
56348
56936
58140
58487
54062
55012
58783
53618
58709
54249
54326
53088
55762
54027
55960
57930
58102
53942
56317
53622
56384
56442
54815
55390
58032
54672
57014
58994
56914
57634
53674
57904
53525
55642
57017
55077
55931
57062
53042
53796
54177
55016
58768
53094
53207
57290
57424
53969
55377
54447
54788
56985
57221
53946
56566
56643
53892
56692
57375
53575
54329
53293
56255
54059
53195
54219
53887
55795
56454
56553
54501
54780
57819
56826
56944
58013
53203
55669
57334
53649
56799
54253
54761
54479
54580
55481
53545
56009
58301
53686
55595
55956
58135
55069
55934
53556
53135
53609
53792
55442
53341
54071
56236
53661
57137
57958
58397
53686
54113
53417
53841
57285
53476
54296
53715
56209
54471
55615
58332
54799
57373
58147
53831
54159
55765
53108
57254
57322
57576
58218
58261
53261
56263
58121
53876
56859
53597
54077
54600
53783
54248
55676
53414
54213
54329
54778
55636
54940
56649
58400
57525
58039
58512
54349
55270
54306
53823
55061
55653
55946
53354
55235
55819
57887
58859
54703
55662
53508
55783
56672
56221
56473
53796
56367
56766
56458
56579
54060
56150
56179
54246
57857
56608
57085
55499
58274
54262
56754
53782
54362
54709
56389
54031
53855
56650
56671
53876
56375
56391
55161
56532
56707
54036
57530
55264
56328
53827
55467
54006
56631
57771
53512
53967
57395
57498
54017
56732
57252
56745
56911
53580
55806
55233
58243
56392
57216
57690
53510
55532
56508
54557
55332
53769
55540
56578
53891
54249
55696
57538
57834
54483
56534
56597
53728
56470
54210
53725
53553
56509
57245
53802
54125
54797
56792
57709
53538
55865
55883
57089
57034
58780
53226
58726
53449
53380
53988
55020
55705
56232
56808
53213
54057
58366
56198
56269
53596
56894
58301
57679
58400
58837
54898
56913
54064
55978
56843
58126
58751
54138
58719
55789
56906
54174
55294
56756
55910
56353
58711
54067
54337
53347
54916
54886
53206
53372
58824
56633
56918
53642
56709
56787
55876
57364
58169
56066
56773
57445
58276
58902
53875
54814
54864
54766
55237
54235
58679
54008
56793
53854
56676
57124
57892
58279
58809
55039
55213
57239
54476
54639
53182
55997
56145
53786
55241
56702
53932
53205
57249
57411
53495
54951
57906
58754
53894
55145
56735
56750
54492
56027
55648
56820
57842
58474
53355
56311
56869
55692
55546
58423
56497
56747
53810
54671
55746
55416
58230
55935
53650
53987
57499
55891
57389
56371
56813
53885
55135
56821
54773
57198
54213
56235
56501
54434
53883
53563
56657
56899
55074
55375
56319
53811
55310
57360
57399
57790
57991
54254
54881
56800
53231
55440
55782
58295
58440
56705
57374
54518
53398
54372
56312
53233
55080
56437
53463
58725
56937
58452
58461
54276
56030
56451
57856
57539
58048
58356
56794
57091
56571
56957
58100
53486
56920
58476
57065
58295
53615
55506
55104
56560
57648
53905
56994
57905
54063
54318
56246
56438
53717
53474
53902
54685
55259
55673
57543
53865
55774
56224
56291
53250
56052
56813
53693
57194
57370
56165
56307
55026
58367
57846
57879
57909
53871
54439
53692
57608
57983
56221
56272
54157
54871
53815
54189
56754
58336
58602
53343
56209
54162
57638
56543
56893
54472
54731
57402
54002
54127
56354
57257
53703
53779
54683
53931
56991
57100
53273
53796
53293
54210
54655
55021
56777
54511
55927
53302
55485
53457
55083
54084
57174
57740
53536
54666
56433
54424
53945
54118
54556
56010
56569
54153
58143
58723
53887
53932
54226
55868
56340
56577
58696
56498
57079
53391
54398
53348
53389
54505
55312
57024
54141
54541
55356
53451
56660
56801
56275
57310
57914
54096
58425
54015
56559
56652
53794
56042
56679
56283
56696
56459
57882
53961
55434
54411
54897
57355
57948
54100
54294
58825
53804
54584
53484
55730
56763
56829
56193
57092
58170
53991
56767
58273
54356
55055
55556
53433
56163
57013
54941
55539
55425
58427
58949
53453
53703
54085
57278
57288
53564
58349
58436
55713
56723
58714
54581
54480
55689
57187
57490
53665
55695
57105
55014
55443
55802
53918
54142
57844
54251
53590
55119
56446
58401
58938
54162
57264
57434
53602
54459
53822
53984
53983
54032
54484
56265
57568
54220
55768
56496
53669
55913
57225
55348
58290
57018
57238
53814
53487
53915
56023
56330
55058
55763
58046
54402
56476
56477
54196
57203
57785
55814
56438
56035
56778
54896
55143
55464
55860
58644
54259
55563
56146
53382
54566
55276
57744
58752
54285
58338
58969
56594
57118
56443
57381
57748
53501
56126
56778
54880
56484
56722
55525
58764
53616
55353
53671
56294
56642
55718
57429
54239
54797
53416
54726
57046
53841
58240
54004
57344
57522
54506
55194
54678
54451
55882
57345
55984
56238
53459
55238
54703
56074
53689
56316
56336
56196
56786
53756
53487
54013
54077
57800
58037
57042
57326
53932
54189
56576
57478
54180
57148
57351
56264
57094
57437
54569
55660
57867
57986
54161
54314
54722
56185
56513
54853
56573
56951
54331
55130
55912
56888
53542
56196
56395
53664
54824
54610
53547
53635
53425
55648
58360
57710
57797
57910
58286
54363
56022
58366
54635
55173
58240
55634
55848
54659
55670
57150
53916
57458
57537
53899
54094
55401
56186
57165
54291
54637
54643
57937
58905
58364
58425
55637
56426
56563
57272
53464
53566
58739
55848
56725
56842
53932
54243
55303
57414
57600
57574
58390
55179
57742
56441
56773
53494
55771
56007
54573
55994
56004
57060
56178
56788
57690
53884
55001
56400
53597
54653
54230
57507
57572
57386
57920
54667
55827
56150
53765
56634
56675
56444
56516
53605
55662
57403
55178
55620
56556
57367
57025
57124
53806
57288
54564
56460
53568
54184
54325
55017
55915
56990
58716
54941
55419
55906
53606
58768
55202
56860
57368
56805
57058
57295
56718
56872
54307
53781
54634
58216
58270
54851
56861
53481
54822
56062
57774
54598
54549
56220
53478
53573
57814
53576
57862
53970
55280
57039
57222
56331
55225
55453
57202
58455
58555
54761
55266
56303
57480
54441
58730
55345
55726
58222
56294
56324
56207
56458
53673
55220
55407
58205
54622
54856
53617
55331
56028
53506
56146
56785
53947
56377
57109
53620
55108
55542
54362
57723
58257
55210
56751
57113
59008
57025
57314
55818
55840
54530
55137
55336
53956
56811
56988
54762
58405
53763
58764
54625
55571
56342
54841
56071
54693
55918
57398
58078
54132
56798
57245
55677
56782
56186
56554
56158
57013
57551
58142
54705
56019
54406
56316
57022
56481
56558
56457
57422
57954
54884
56436
56481
56114
56711
54883
55616
55639
53623
58368
54221
56761
58314
58773
53606
54224
57610
57911
53774
54958
58506
54272
54459
56367
56428
57572
57778
57910
57913
53727
54312
53936
56272
56505
55021
55576
55857
57794
56477
56495
54244
54423
54224
54679
56039
58538
59042
53888
54678
55364
58166
58305
53877
55286
56836
55055
56164
54219
58327
54907
54973
57474
57561
56305
58435
58636
55614
56911
58023
55917
56611
56485
57994
58628
53576
54889
57855
53612
54027
54239
55067
58777
53708
57868
54575
56831
53911
53938
55263
56764
58880
53993
56427
56454
54464
56422
55798
55928
53902
57088
57201
54273
54841
54131
56386
57225
54068
57117
57198
55007
55640
58303
54042
54468
55541
55579
56412
56589
54021
54443
57609
54308
53713
55295
55958
56607
57503
54437
53767
53820
54705
57780
56185
56951
55139
54341
54374
57188
58903
58906
53624
53666
54123
55149
54355
53610
53637
57828
53843
53641
57873
56750
57583
56227
58844
54395
57213
58492
59014
54879
58761
54540
58418
54878
55169
54211
58708
54031
55603
55928
54980
56615
56977
55004
56633
53726
56871
57005
54759
58595
58938
54756
54909
54507
54624
54988
55166
55656
56653
57837
55587
55736
58039
58095
58494
56366
58290
53641
53656
57816
57182
57604
58242
55163
56899
57230
54676
53818
57832
57692
57818
54978
54189
54396
54936
54608
55018
56108
56508
54173
58197
56610
54778
56467
54092
57578
57628
56015
58248
58585
54748
54516
57452
57632
55716
56083
57090
55163
56218
53928
55988
58817
54421
55353
56739
53891
56574
58026
55269
56671
57129
56323
56850
55271
56263
58700
54051
54624
55976
54682
55410
58493
54822
58193
58300
54020
54675
58349
58436
55152
55621
53812
57483
57641
55654
56400
54767
58917
58925
59003
53819
54771
55923
55767
56446
54100
54454
56832
57871
58175
54985
57388
57446
57006
57406
58609
55986
56295
54959
55472
57536
54632
56182
55265
57081
57788
54029
54108
55875
57030
57398
54295
54358
54200
54642
54335
54225
58693
57613
57624
55084
54869
56645
56971
56550
58335
55911
56702
56214
56489
54157
54926
57342
58306
59012
55892
56354
54990
55057
57494
54931
55876
58021
55611
55617
55795
57513
57688
54867
54209
53996
55699
56206
56736
57316
57787
56013
57044
54977
56118
56252
53734
53858
57886
53859
57881
54542
54679
54967
55921
57094
57384
57835
58278
56033
56543
55859
55033
55827
56520
53927
54832
58805
55023
57665
55477
56652
57933
54380
56283
56384
56741
57215
56524
56618
54489
56511
57073
54135
55821
56286
54555
56490
55430
56909
58475
54025
57418
57527
53844
54793
54768
55309
57932
57958
54196
56569
56176
57867
58193
54115
58025
58903
56867
58223
53973
55164
55965
54053
56235
56781
54913
55023
57156
53918
54701
58417
58893
54381
58352
58822
55775
56182
55523
56483
53859
57722
58006
54772
54930
55576
56368
56721
54627
55020
55911
56307
56480
58362
58914
54588
54838
55803
56471
54450
55517
57259
54310
57908
58750
57176
57619
57822
58921
56282
57803
54607
54491
55159
55444
57535
55605
56425
54095
53945
57388
57717
56874
58033
58069
56497
56566
55097
54910
57201
57657
55194
54754
54675
57921
54747
55727
55254
56492
58788
54527
56674
57132
56739
55025
56468
55279
56923
55595
58083
54916
54396
55244
54012
56343
56432
55337
56286
56912
57615
57715
54311
54911
54152
54405
55372
56245
56744
55625
57008
55138
57954
58065
55999
56746
57817
56631
55067
55341
55923
56374
56433
55183
55964
57044
55605
56108
55346
57448
54041
55473
54587
55297
56637
55127
53992
54414
55006
55814
56687
54975
56724
56614
56801
54611
55678
56992
54070
55166
54314
55700
56260
54622
55853
55940
56070
56191
56691
54203
54346
58111
58222
58285
55176
55800
57308
54616
56404
57577
54968
55086
57503
54541
56284
56320
56409
56431
54772
53859
55901
57847
57852
57673
57714
55640
58118
57283
55787
57512
58021
58361
54827
55046
57511
55459
54371
57705
53991
56789
54328
54509
55151
57312
57569
55147
55249
57484
56076
58194
56611
57108
57726
54097
54238
54001
54237
57009
57447
54133
55133
55218
55508
55551
54713
53924
55844
55908
54243
55262
55006
55917
56557
57284
58358
55040
57002
55283
55907
54781
56542
53896
54784
58027
54785
57987
56163
57150
55283
56677
58861
55503
55818
55469
55902
56607
56646
56893
53942
56061
56331
54020
56908
57636
57952
58882
55490
56617
57440
55991
56100
55094
55451
58839
54966
55616
54518
53920
55451
58298
54194
54686
55112
56865
55198
56839
54174
55320
56592
54503
54875
55246
56875
54706
54729
57475
57512
55169
55317
56606
56869
55745
56142
58572
54090
55909
56523
58804
54504
57231
54016
54093
54909
57186
56939
57068
53997
55293
54193
56119
54545
57346
54409
55287
54341
54003
54755
54540
57338
58508
55471
56126
54387
54262
56943
57677
55089
54177
56634
57016
55677
56258
57703
54929
55838
56231
57415
55561
56013
54166
54903
56089
57130
58291
54124
54993
55741
55647
56626
54337
54747
54595
54965
55503
56637
56758
58114
55429
54739
56851
57105
54353
57297
55223
56545
56737
55014
55601
54699
55371
54056
54465
55050
56052
56733
54206
54646
55242
56884
57888
54970
54751
56609
54473
55543
55753
55354
55504
56025
55285
56246
56035
57170
55898
57861
57390
57639
56134
57642
55805
56600
54617
56383
56563
55235
55654
58321
58753
54630
54660
57667
54746
55603
56602
55825
56359
54834
54969
55113
55534
55960
58832
55344
57982
58166
58911
56135
54361
55863
55247
56162
57679
58400
54416
54770
58718
54640
54044
56968
57479
54447
55719
55897
56943
57209
54065
58695
54384
54749
56290
58320
54728
54797
55721
56939
57354
56644
56416
55496
56243
54619
55652
56105
56123
56280
55799
55864
54689
55711
54687
58013
58136
54911
54588
54599
57865
55427
56005
58843
54762
56861
54775
56211
57103
57848
54956
56036
56439
54352
54507
55662
56690
54861
54352
55706
55124
55767
54560
57734
55060
56304
58167
55239
56087
55277
56473
54135
55380
56318
57055
57438
54382
58869
54363
56139
56527
54316
55607
54239
54689
55131
57005
57734
55501
55328
55537
54522
55347
58663
58254
55263
55602
55158
58694
56259
57074
54127
54203
56478
55240
55981
56923
54191
55095
55699
55069
56028
57669
55333
55772
56002
55645
58288
58754
58082
58659
55085
55913
54398
54538
55710
57792
56857
57369
55969
56192
57972
58154
59063
54659
55141
57126
57758
54600
54811
55584
56201
55467
54326
54995
55609
57699
57844
55091
54534
57210
56310
57157
54793
55053
55032
57665
56704
57027
58797
54113
56599
56722
54826
55548
58763
54241
54548
54656
55315
54802
55850
56535
56551
54969
55398
54984
55535
58493
55519
55267
55231
55877
55211
54807
56864
58826
59017
54161
55009
57646
58919
55305
54779
57671
58168
56347
55679
56471
54728
55446
56329
56826
58404
56829
57538
57823
58849
56572
57807
57826
58016
57237
57594
58388
59047
57143
55455
58775
55073
58831
57111
57568
55482
58640
54825
55367
55989
55690
54508
54838
57110
58194
54630
54765
55284
56117
56289
55079
56247
56614
58097
58407
54946
56288
54332
56954
54783
56651
57780
55511
58916
55289
57107
57184
54953
55381
54738
56169
55526
56112
54496
58291
58606
58776
56983
54620
56179
58317
58499
54763
56870
55440
55823
54492
54930
55004
56410
56861
57587
54215
55107
55682
54527
57006
55434
55056
56518
54664
57181
57275
58899
54280
55019
55393
54411
54897
55045
55630
56964
56396
56877
54932
56407
58074
58484
54855
55815
58168
55935
55922
56079
56661
57282
55977
58789
55752
54771
56312
54565
58475
54321
56067
54645
54891
56362
56529
55998
56047
54905
55231
55677
55219
57207
57592
54834
55036
55588
57500
55811
56096
55784
57593
57631
56110
57082
54515
55684
56474
54714
54286
57099
55778
57046
55531
55743
54828
55797
55924
55889
57543
55618
58692
57557
56865
57007
57048
58798
58833
54289
56386
57239
54392
55649
56043
56241
54511
56490
58245
55816
58678
55527
56198
57579
54293
56420
56227
55274
55298
55724
55566
56085
55474
54958
57350
57859
58153
57927
58773
54966
56236
54253
54755
54586
55790
54801
55333
55803
56770
56841
57407
57838
54925
56125
56228
56732
54297
55248
56837
56948
55676
56688
57156
54521
55386
55740
54923
55436
54735
55738
54840
55533
56168
56767
55329
56397
57112
57793
54651
55154
55357
55376
56690
55108
55341
54339
56619
55119
56588
54607
55890
54612
55078
56890
57371
57980
56296
56792
55838
55879
56381
58372
54660
54833
54957
55042
55563
55967
55804
57375
57387
55733
55899
57746
54835
54831
55792
55401
55177
56219
55929
58824
56627
56610
56638
55100
58265
56512
54304
55201
58960
54938
55478
55202
58091
54324
56248
56552
54408
55623
57126
57758
58399
58784
54361
55932
55070
56434
55636
55461
55103
55542
55030
55325
54359
56044
57276
56311
57303
58869
57216
55356
54790
55547
54352
56299
55813
54917
55111
56188
54648
54870
55751
54638
54509
54939
58271
54957
55207
54427
55095
56053
56530
55387
55450
57324
54650
55839
55049
55403
55727
55439
55180
56405
55638
57191
57631
58556
55581
58269
59022
55118
58150
54394
56280
56839
55819
55729
57332
58450
58783
54930
55153
56183
57449
54525
55373
54721
55579
55044
54657
57169
57698
58749
56020
55532
56719
56371
57054
57812
58907
57871
58532
54796
55870
54605
56738
54721
55706
54704
55358
57716
58235
56004
56027
56348
55034
55109
55121
56082
58697
54451
55837
54829
56065
55668
55972
54885
56000
54695
56890
56165
57149
57839
59027
59079
56042
56528
56317
55589
58807
54589
55593
56522
57190
57589
56056
56676
55642
56562
55755
58259
58408
55313
58329
55598
56184
54700
55514
54547
55834
54784
57546
57727
55832
55490
55843
54609
55047
57033
57805
54618
56703
59038
59068
54933
55483
55160
55541
56844
56900
54445
55174
56444
57291
58230
58397
54944
56155
56645
54452
55227
56823
56883
55072
57169
58466
55466
56597
57891
55573
56659
55574
58716
55120
55137
55395
55686
55702
55867
54888
56983
55213
56006
55828
58243
58399
55914
56088
58184
58518
59033
58729
56466
55282
57566
54912
55192
55323
55947
55236
55919
55556
55882
56531
55524
56580
56270
56526
58442
58927
57664
58195
55106
55221
56230
56575
57263
55264
57650
54599
54751
54573
57100
57541
55765
55704
55377
54750
54953
57407
55976
58189
58981
54542
55458
55831
57459
57575
55657
56326
56315
56904
58338
58749
55382
56591
54701
56635
55760
56430
57813
58570
58647
55492
55779
56782
58407
58586
56837
56965
57112
56115
57639
58387
58498
56615
56749
54680
55462
56156
58803
55981
57477
58210
55153
56017
55622
55874
54928
55650
57908
56173
56653
55840
54729
56825
58102
54950
57088
56375
56391
57596
57630
58172
55888
54599
57363
55463
55798
56023
54634
54798
55551
56066
57586
55208
55251
56051
56080
55904
55200
55915
56341
55121
57772
54791
55778
55844
54738
56351
57253
57689
54611
56442
55797
58260
57252
57307
57616
54922
56445
58847
55708
56014
55468
54868
55634
57916
55997
56145
55378
56417
56217
55068
56536
54847
55970
54627
55396
56239
58782
55160
56460
58310
55479
54924
55282
57260
54587
55606
54898
54912
55619
54615
55985
55293
56349
58231
58900
58316
58608
58705
56387
56989
55069
55934
54872
56429
55744
54817
54863
55773
56708
55980
57815
55469
55651
56018
55270
56606
57160
55187
56609
54711
57034
56144
54833
55392
55535
56137
56208
56341
58417
54723
55498
55540
56578
56242
57018
57061
57489
55578
55776
56542
56455
57223
56538
57660
58650
56337
56741
56777
56094
57309
55260
55898
56098
57128
55615
56158
54665
55639
56456
56604
58051
55672
54746
57056
58944
55916
54937
55076
58012
58817
56915
57333
58347
54809
55670
56063
54665
55731
56257
56421
57077
55896
54806
56393
58000
55990
56281
55003
57717
56237
56641
56886
57551
55958
55290
56814
58242
55536
56198
56269
55974
55165
57415
56451
57167
59067
55698
54631
55925
57469
55908
55992
57592
55200
54677
55039
55354
54711
54791
54965
55129
56202
56665
57667
55734
55041
55853
56048
56101
55741
55604
55617
56793
55140
57729
55560
56926
57345
54740
56151
57607
55428
56140
54842
56040
55072
58482
58336
58232
55845
57373
57406
55449
56208
54757
56531
56913
55001
56821
56490
55408
56327
55321
55885
58819
54862
55846
56342
55366
55508
55429
55849
55679
56817
57904
54895
55576
55150
55577
57119
57941
54737
55037
55114
56824
57765
57980
55253
55527
57629
56518
57062
56130
57024
57053
58141
58353
55437
58433
58449
58630
56569
55474
55756
57316
57787
55506
55726
57166
56102
58440
55871
58026
58806
54726
54965
57521
57095
58317
55031
56774
56482
55284
56321
58304
55489
58334
56303
56581
55812
56265
58299
56779
58828
56093
57075
56154
56292
56809
57585
55817
56517
56655
55817
57431
55964
57090
55569
56215
57074
55687
57513
55158
57617
55080
55210
56067
55659
57179
55115
54804
56408
56827
54990
55222
56268
56990
57092
57281
57481
57682
55187
55396
54843
55313
55504
55229
55298
57916
56257
56352
55104
55480
55735
55322
56441
55410
55961
57778
57797
58137
55939
56084
55715
58292
58717
55705
56626
58385
58184
59030
59072
58171
58826
59059
56131
58332
55489
56463
56619
55152
55621
54785
58034
55144
58041
56099
58385
54881
56425
55113
58825
55965
55957
56898
55389
58352
58506
55672
55013
56976
56258
57114
56306
55135
57010
57616
55013
56976
55497
55889
55943
57687
56293
56254
56656
58052
55905
55350
56761
58772
55215
55241
56720
56716
55062
55582
56098
56582
55592
55936
58404
55324
56382
56729
55634
55766
55848
55188
57927
58773
56621
57705
57912
56287
57878
58143
56176
55252
57559
57956
54995
55093
55295
56953
58043
58762
57071
57272
57528
57603
55189
57199
57752
56166
57749
55388
57036
57642
57719
55897
56116
56657
56262
58839
56479
55863
55717
54972
57026
57911
57159
57824
58078
56993
57561
56440
56799
58509
54974
55833
55971
56613
56663
55134
57462
58935
59050
59055
56327
57308
55500
56710
58702
55989
55165
56965
55847
56504
55975
55027
58842
55473
55821
56060
55836
55024
57035
57942
59079
55596
56161
57679
56476
57153
57307
57692
56166
58797
56419
56410
57587
57638
55718
55903
57429
55746
58760
56132
54945
56677
56278
55728
55693
55337
58134
58196
55433
56402
57298
58699
57409
58560
58679
56836
56885
55781
56159
55021
56187
58498
55192
54900
58279
58808
57577
58802
55249
56623
54945
55156
56867
56891
55209
56464
55671
55810
57302
55367
55657
55830
56330
57277
54942
55801
56213
57849
58132
55176
55620
56740
56776
56540
58170
55159
56060
56814
56390
57432
57433
58534
55230
57372
55265
56798
55167
57497
56218
58810
55066
57866
58383
57583
58289
58328
55930
55996
56735
55673
56369
55099
56031
57135
55528
56278
58755
56725
57127
57382
55452
56189
57327
57693
55066
56075
56622
56834
56111
55193
55568
55858
55903
55081
56544
57555
58646
56201
58197
58626
55445
57606
57122
57008
58050
58100
55389
55591
58972
55860
56217
57352
58450
55300
55623
57196
57383
55484
58799
55606
57135
57045
57118
57581
54993
55776
55938
57125
55758
55424
55685
55611
56919
57326
56848
57065
58152
58795
56177
57015
57966
56213
55056
58178
56039
57680
59043
57710
57797
56798
57043
58668
56851
56894
55737
56795
57880
55146
56210
56519
57765
56960
57860
56148
58782
58449
55601
57661
58629
55149
57979
56376
55105
58978
59078
55939
56172
58003
58300
55530
58266
56815
57919
56116
57863
58126
55502
57572
57778
56414
56969
57384
57866
57484
56212
55165
55800
57309
55207
55092
55995
58058
58011
58177
56503
58333
58460
56069
58275
56772
57706
55640
56171
58118
55979
56282
57941
55286
57302
55869
57298
58022
55762
57243
56213
57926
55362
56903
55117
56449
56639
55215
56326
56062
55206
57746
58748
56938
57849
57917
59069
59071
56300
58101
57396
55515
57120
57210
56372
55442
55801
57934
57520
55629
55704
57888
55909
56643
58758
55412
57549
56630
57353
57110
58194
55631
55549
57023
56500
56713
55588
56756
56256
58707
56266
57140
55215
55835
58811
55780
55871
55443
56700
56984
58696
55534
56658
57565
56159
57493
58003
58104
55655
58591
55435
58853
59047
56986
56990
57092
55691
57587
56635
55453
57697
55234
56415
58464
55296
55959
57574
56853
57809
58858
56044
57276
57826
57914
56071
56867
58223
55258
55397
55458
56222
58469
55384
56997
57839
59028
57857
56889
58011
58434
55299
57659
55493
56011
56774
55628
56746
56475
57276
56134
58457
56810
57118
57256
55507
56070
56999
57745
55841
56816
55381
56054
56074
56250
57158
55664
57534
58118
55226
55697
57787
56810
57259
55900
56551
56057
56291
55948
56783
58077
58099
58314
58357
55987
55866
56002
56972
55230
57354
56913
56338
57945
58182
55294
55472
55835
57845
55609
56650
56926
55202
56452
58009
58042
55955
56583
56076
55272
57663
58855
56486
58830
55927
56260
56439
57192
55432
56250
55520
57300
55308
55594
57125
56171
56589
55282
55704
56231
56203
57051
57720
56649
56726
56015
58248
56769
55831
56692
55268
58236
58200
55400
56828
58439
55336
56925
58743
55772
57258
55980
55982
58304
57388
57717
55583
55525
57136
55681
55962
58673
55951
57883
56054
57403
57372
57536
56872
57611
58019
55368
58253
58616
56297
57971
57056
57297
55795
57404
55583
57675
56977
56982
55278
55719
56301
56472
58441
57535
58818
58012
58949
56842
55444
56830
57973
57288
58815
55583
55835
58000
58422
57251
56091
58225
56599
57353
57610
57911
56169
56046
57482
56791
55399
57492
56041
56242
55895
56123
57383
58587
55876
57070
58584
55856
55952
55966
56968
58278
58312
58951
56418
58862
55552
57694
57998
56220
55950
56641
57978
56953
57402
57748
58087
57146
57491
57502
55558
56636
57598
56325
57499
56832
57597
57325
57687
55921
57821
55448
56526
57226
57617
57317
58521
56007
57218
57870
57099
57564
56237
56823
58232
56244
58648
56886
56073
58201
55793
56664
57840
58059
58195
56351
58323
58987
57657
58147
58272
58804
57161
57536
58126
57943
58135
56270
55929
58036
57769
58831
58911
56879
58411
58645
56180
57829
56492
57961
58911
55632
55816
58676
56758
58320
56487
55505
58190
58940
55929
57166
58111
55433
57985
58972
56800
57769
58596
56456
58346
56445
57251
56457
55448
56789
57413
57874
55512
56450
58681
57393
57823
58448
55656
56463
55700
56586
56103
56863
56468
57699
55749
57010
55494
56210
56095
57757
56960
58081
58151
58386
58421
55626
55967
58405
55599
56308
57655
56892
58092
55547
55550
57596
58957
57465
58105
56822
57780
58682
56271
57162
56189
57693
57496
57758
57891
55557
56104
56644
56949
57693
58019
56931
57533
55907
57927
56519
56955
56922
58387
58498
55988
56534
57733
57306
57266
59048
55777
57769
58401
58884
57281
58309
57663
55940
56160
57269
55664
57240
56102
58838
55879
56389
56846
57196
57662
58774
56779
58285
58391
56230
57029
55643
58169
58225
56874
57096
55648
56820
57108
55750
56034
57704
56791
58192
58550
55931
57151
55851
57392
58179
58493
56337
58639
58798
56947
56142
56660
57324
57691
55893
56124
58176
58111
56298
56929
58048
58864
55600
58513
56175
58143
56274
56160
56888
55992
57757
55824
56171
57195
57742
56357
58915
57248
58160
56216
57607
57788
57130
58291
55667
57428
56083
57921
57565
55620
56094
55562
55564
57083
57723
56784
58524
57213
57342
59013
56682
56479
56462
57200
58204
57155
57918
58112
58475
58647
58787
56127
57040
57478
57711
58473
57189
57922
57292
58526
55842
56716
57678
56333
57433
58515
55878
56161
57834
55903
55718
55733
55695
57737
57996
57335
57804
57285
55575
56151
56177
56092
57012
57048
56379
58180
56232
58744
56683
56805
56174
58715
57245
58469
56831
56873
57640
57178
59023
58248
58981
58139
58626
56514
58259
58408
55880
58806
56568
56757
57971
56365
57910
57913
57904
58015
58449
56172
56229
58261
55669
56590
56757
57347
56116
57172
56560
57599
56345
57346
57359
56379
57365
57394
57544
55714
56797
55963
56846
57154
56678
57356
56363
56107
57003
56852
57745
56499
58574
57289
57460
56741
57215
58088
55737
57340
56131
56305
57931
56594
57561
56604
58399
56394
56226
57318
56218
56775
57153
56176
57051
57676
57863
56573
57627
56822
56503
56461
56917
57106
56955
57841
57923
56082
57408
56982
57506
55784
56628
57623
56924
58778
56565
56344
56661
56879
57152
56038
56209
58121
55862
57053
56689
55955
56583
56302
58849
55950
56149
56189
56664
57050
57558
58001
57509
58139
58625
56034
56178
55960
56370
58395
58501
58858
55938
56404
57776
57635
56277
57228
57430
56697
58894
56632
56917
57123
57257
56519
57765
56019
55936
56374
57123
55756
57990
57544
58493
58288
56265
57568
56403
57429
57636
58110
58423
57779
58362
56987
56858
57671
57950
58475
55763
56612
57926
57071
58148
58934
57111
57550
55858
56322
58044
58120
58187
56073
58201
55877
55861
56380
57883
57179
56830
57017
57459
56285
56181
56455
57223
56465
57104
56373
56981
58979
59052
55865
56138
57234
58230
56718
57473
56182
58804
56223
57281
57292
57205
57474
56700
58381
56225
58737
55809
56998
58323
57052
58311
58619
57001
58325
58465
58342
56690
58418
58595
56004
57060
57601
56685
58263
56249
58784
56357
56392
57379
58017
58489
57285
57549
58321
57677
57764
56380
57674
58897
56378
57369
57672
58897
58931
55956
58031
57278
57623
57629
58790
58234
57435
58674
57037
57579
55959
56636
56762
58025
58174
58519
58732
56091
56453
57743
56756
56828
58439
57985
56679
56770
57608
57996
58818
56487
56681
56981
57425
59053
57596
57630
56036
57428
57296
58504
58566
58086
58055
58338
58312
58341
56037
58491
56077
58841
57857
58342
56279
57107
57000
58160
56072
59011
56510
56726
56991
58096
56113
57873
58873
56049
56895
57280
56537
56491
56859
56461
57315
58035
58738
56328
57242
57964
57155
57548
57918
56964
57597
58635
56195
57915
58435
56129
57718
58004
56034
56431
57838
56499
56694
56901
58737
58779
57348
56921
58267
58432
58446
56309
56447
56393
57326
56731
58788
56706
57741
58178
57654
58599
57269
57944
58497
56718
57128
56597
57742
56667
56259
58055
56278
58870
56927
58538
58863
59045
58119
58174
57087
58842
58079
56597
57854
57891
56437
57519
57470
56782
57936
58116
58462
56027
56633
56695
57014
58402
58996
56249
57012
56348
57761
58213
58462
57645
57790
56392
57133
57782
57791
58530
58590
59044
56902
57029
57991
56244
57080
56819
57761
57993
58856
58131
58448
58919
56992
57950
58482
58216
58270
56197
56981
57337
58935
56668
56942
58078
58158
56453
57986
57320
57606
58785
58840
57325
57687
56704
58240
58635
56764
57669
56538
56683
58865
57301
58416
59036
57034
57756
58267
58432
59004
58123
58299
56187
57531
56970
57893
58219
57966
57377
58080
58458
58487
58319
57828
58840
56907
57726
57238
57726
57067
57140
58879
56584
56971
57582
56462
57805
57368
57981
58477
56656
57461
58211
56361
58682
57463
57515
57864
57078
57897
58925
58457
57229
58254
56734
57369
57752
57861
58802
58310
58521
58322
57784
57238
56523
58796
57620
58512
57469
56494
56967
58659
56233
58813
56659
56357
56358
57774
57977
57417
57588
57389
58505
56266
57804
57999
58236
58468
56978
58056
59084
57218
57457
58422
56314
57724
57940
57744
56802
57059
59031
56783
56470
56638
56952
58023
57210
57721
58612
58630
57226
56648
57960
57021
58860
58093
58914
58743
58812
56251
58205
58293
57293
58093
58583
56416
56574
58303
58157
58530
56568
56577
56586
57876
58706
58478
58940
56727
58892
58441
58454
58915
57255
57193
57854
57171
57934
57806
58953
56712
58835
57397
56784
57962
56358
57452
56768
56457
57634
58004
56399
58791
56818
56945
57685
56799
56413
56640
58836
58850
56670
57940
58860
56546
57241
58129
56683
56629
56456
57038
57098
57174
56629
56754
57720
58969
56592
58292
58343
56682
58933
56812
56448
57028
57602
57428
57772
57333
57826
57884
58431
59032
56928
57226
57214
57321
57311
57822
58922
57232
57707
57004
56933
57222
56525
57338
57637
57487
56695
58244
56624
57440
58844
57425
57875
56777
56809
57127
56880
57918
58790
58898
58165
58238
57499
57620
56940
57963
58660
56594
56906
58083
57405
58790
56507
56546
57420
57933
58279
57576
57644
57953
57567
58072
58809
57495
57334
57595
57479
57791
56881
58429
56547
56759
57609
58861
57042
57012
56797
58878
56728
57575
56945
57889
58333
57730
57041
57385
58624
57540
58671
58846
57145
57241
57267
56603
56812
58257
57539
58959
57948
56654
56630
58064
56933
57041
56583
56818
57956
57032
57263
58318
57661
57727
57698
58748
57565
57763
56787
56684
57862
58891
57106
58658
57181
57953
56613
56663
58007
56809
58051
57132
56541
58394
58581
56950
57177
56966
57840
58358
58698
57318
57703
57450
57653
58063
56880
57730
56641
57710
57282
57872
56613
57886
57608
57649
57877
58193
57236
57582
57777
57202
57935
56734
58603
57437
57531
57898
56610
57280
57356
58344
56584
57520
58427
57793
58527
57279
57233
58931
57618
57772
57336
57915
58435
58142
56736
57545
57304
58387
56918
57601
56925
57466
57996
57412
57792
58047
57410
57444
57979
56624
58161
58452
58461
58977
56738
57613
57794
58031
58215
56707
57086
57349
58428
56686
57834
56858
57671
57271
58779
57329
56950
57976
57923
58812
58823
57267
59031
58084
58183
58354
58733
58346
58694
57134
57145
57267
57854
57755
56724
57597
57949
56880
57501
57814
58885
57784
58837
58394
58398
57144
58893
58287
58479
56878
57404
57297
58191
58188
58330
58843
57141
57858
58771
56978
57011
58874
57485
57523
56730
58106
58834
56841
57612
57518
58523
56771
57605
59008
59009
56838
58046
57925
58891
57931
58238
58514
57346
57421
57764
58324
56886
57158
56932
58297
58291
57020
57680
58863
59046
57752
58280
57265
56788
56934
57648
58405
57141
57890
58219
56791
56926
56952
57800
57850
57856
58326
58876
59041
57469
57244
57724
56996
57573
59007
58132
57236
56862
57171
58829
58154
59064
57702
58063
57998
57667
56910
58520
58539
57405
56905
57680
58816
57779
58489
58989
57208
57419
57957
57029
57214
57109
56956
57159
58226
57040
57032
58515
57260
56870
57615
57702
58035
58213
58478
57829
57713
58923
58146
58343
58651
58190
56868
58896
57327
57767
57350
57570
57559
58211
57876
56956
57626
57969
58989
58750
58874
56898
58363
57697
57042
58052
57220
57364
57488
58237
58628
58294
58395
58959
57319
57400
57902
57365
58086
57735
57831
57505
58071
58091
56935
57341
59018
57547
58316
58819
58895
57848
56961
58852
57287
57376
58089
58234
58422
57569
56966
56973
57655
58036
57185
57441
57850
57825
57039
57343
57436
58482
58969
57020
57253
56986
57177
57063
58672
57476
57164
57807
58931
57233
57510
57987
58297
57463
57265
57559
58001
56940
58403
57508
58061
57652
58471
59051
57102
57363
58950
58368
57133
57199
57268
58239
58444
58854
59051
57766
58757
57997
58393
57696
57643
57121
58369
58812
58822
57924
58668
58188
56996
57605
57482
57867
58263
57760
58851
57161
57757
58350
57180
57580
57835
58217
59042
57745
57142
57651
57846
57140
57408
58636
57200
57477
57844
57417
57588
59055
58880
57146
57313
57256
58456
57821
57843
58375
58914
58158
58747
57035
57246
59079
57001
58239
57305
58246
58319
58677
57786
58873
58440
57300
57557
57571
57380
57031
58801
57766
58902
58800
57718
58011
57168
59080
57681
57298
57412
58243
57089
57532
58944
58224
58968
59033
57525
57821
59001
57559
58211
57774
57324
57691
57401
58943
57695
58034
58800
58075
58988
58306
58507
58005
58794
57523
57995
57188
57803
58906
58045
57846
57909
57312
57686
57688
58030
58468
58598
58198
57563
58294
58764
57131
57855
58947
58148
58923
57825
58767
57098
57435
58043
57747
57847
58951
57533
57327
57876
57442
57992
58173
59009
57208
57685
58202
58503
57868
58851
57379
58269
58997
57781
57962
58037
57204
57294
58134
58537
57556
58966
57569
57888
58309
58006
58158
57426
58175
58929
58347
58222
58876
59039
58472
58999
59000
58080
58208
58270
58351
58275
58010
59024
58837
58241
58215
58942
57262
57964
57491
58434
57315
57408
57506
57760
57359
57728
57995
57303
57328
58042
58666
57293
57651
58187
58260
58805
57684
58099
58365
58058
57630
58351
58500
57244
58072
58120
58212
58948
58444
58461
58977
58999
58229
58593
57443
57705
58069
57341
58107
58826
59019
57456
58443
57792
57733
58315
57253
57358
57380
57709
58932
58334
58397
57462
57977
57870
57811
58280
57324
57420
58958
57283
58161
58472
58084
58150
57480
57922
57943
58672
57441
57343
58675
58881
57337
57768
58935
58992
57699
57863
57396
58318
58854
59049
57420
58487
58024
58286
58353
58389
57323
57816
58887
57441
58177
57953
58547
57625
58376
58459
57299
58059
57638
58713
58044
57846
57423
58518
59032
57762
58870
58112
58305
58393
57377
58287
58479
58141
58353
58569
57929
57944
57518
58376
58459
57932
57330
57832
58895
57762
58009
57837
58813
58900
57366
57493
57666
58455
57807
58182
58052
57516
58979
57464
57516
57768
58020
58053
59020
59015
57598
58553
57538
57743
57455
58621
58520
58987
57391
57823
57901
57952
58438
58882
58817
58049
57562
58042
57908
58050
57457
58438
58820
57658
57465
57818
58202
57647
57865
58649
57445
58024
58849
58919
57918
58901
57731
58096
57602
57983
57709
58399
58255
57577
58394
58398
58136
58997
58038
57989
58431
59082
59054
57871
58532
58067
58516
57488
58062
57759
58297
58456
58033
58439
57467
57939
58828
57783
58113
57676
58005
58364
57828
58252
58532
58278
58312
58821
58476
58355
58379
57962
57798
58559
57836
58565
58656
58233
57508
57668
58053
58356
58294
58429
57501
58233
58281
57639
57564
58082
57685
57907
58864
57708
58307
57759
57882
57562
57675
58281
58245
57514
57842
57887
58209
58859
57943
58025
58904
58020
58048
57555
58502
57709
58027
57990
58065
58056
57524
57584
58380
58413
58634
57838
57552
58486
58982
57851
58452
58463
58854
57749
58953
57560
57809
58960
57672
58424
57659
57901
58009
58864
58670
57555
58502
57994
58027
58124
58130
57905
57913
57594
58983
57770
57877
57947
58302
58632
57827
58968
58411
58504
57837
58091
57877
58274
58808
58948
58163
58501
58945
59010
59011
58428
58836
58952
57633
58029
58638
57701
58264
57851
58149
59080
57833
58200
57967
58413
57983
58479
58137
58398
57626
57849
57862
57817
58363
58371
57873
57730
58383
57753
58129
58443
57700
58258
58319
57868
57912
57637
58358
58075
58988
57723
57816
57878
58067
58480
58486
58296
58470
58508
58477
58545
58074
58484
57747
58920
58952
58505
58179
57867
58263
58583
57656
59047
58524
57736
59048
59049
57707
58403
58863
58995
57880
58133
57973
57895
58391
58582
58018
58576
57762
58755
58414
57883
58085
57784
58531
58543
57995
58022
58252
58532
58481
57707
58816
57806
58041
58092
58192
58910
58060
58984
58088
57798
58757
58325
58474
57754
57827
58968
59081
58924
57832
57919
58119
57883
58542
58970
58354
58541
57824
57852
58243
58159
58667
58690
58034
58022
58204
57900
58441
58460
58063
58045
58605
57771
57836
57959
58502
57744
58197
57834
57990
57852
57782
58954
58090
58169
58225
58068
58347
58561
58010
58958
59026
57820
58967
59082
57775
57897
59013
57936
58356
58474
58756
58420
57975
58495
57903
57988
58218
58200
58279
58878
58000
57843
58544
57796
58220
58031
58414
58437
57992
57951
58433
58449
58469
58494
57967
58410
58983
58671
57820
57839
59027
59028
58127
58414
58562
58800
58954
57920
58202
58313
57837
58857
58087
58115
58153
58490
58132
58814
58134
58172
58176
58528
58965
58383
58131
58766
57987
57839
58683
58374
58488
58876
58028
58260
57896
58951
58040
58084
58352
58362
58142
58312
59000
57890
57893
58206
58219
58196
57890
58770
59070
58373
58506
58079
58540
57875
58302
59052
59056
58344
58543
58207
59054
58116
58014
58125
58886
58589
58047
58226
58183
59073
58153
58129
58499
57984
58061
58484
58878
58221
58770
58285
58070
58109
58198
59004
58213
58478
57946
58165
58372
58157
58530
58544
58057
58476
58511
58524
58395
58959
58138
58094
58069
57945
58041
58771
59038
58175
58188
58669
58095
58528
58276
58514
58548
58277
58666
57965
58888
58204
58236
58468
59027
59080
58287
58227
58477
58412
59083
58370
58381
58081
58546
57988
58673
58545
58548
58144
58909
58912
58166
58305
58008
58887
57977
59048
58093
58261
58382
57974
58017
58489
58377
58421
58534
58173
58940
58007
58075
59031
58329
58379
58529
58002
58322
58416
58967
58855
58888
58237
58661
59045
58214
58505
58367
58083
58177
58226
58047
58976
58085
58950
58549
58298
58885
58047
58226
58523
58975
58061
58337
58584
58392
58272
58420
58380
59024
58404
58680
58540
58228
58382
58754
58525
58576
59057
58355
58534
58317
58546
58637
58117
58579
58610
58311
58249
58264
58526
58249
58241
58145
58140
58910
58430
58707
58434
58373
58547
58361
58464
58286
58453
58613
58471
58998
58402
58128
58918
58974
59061
58525
58551
58172
58155
58256
59021
58326
58955
59040
59071
58289
58328
58387
58262
58396
58235
58522
58530
58144
58239
58909
58225
58594
58316
58138
58298
58182
58287
58171
58917
58926
58341
58578
58145
58167
58348
58549
58794
58909
58262
58246
58186
58404
58933
58528
59028
58515
58295
58339
58889
59066
58162
58827
58974
58262
58454
58462
59078
58633
58975
58369
58858
58214
58185
59019
58871
59062
58334
58405
59029
59036
59073
58562
59036
59074
58348
58511
58448
58901
58196
58980
58381
58378
59005
59015
58203
58206
59043
59044
58467
58217
59042
59045
58221
58282
59020
58907
58274
58767
58947
58660
58941
58957
58221
58662
59044
58359
58518
59081
58512
58339
58375
58913
58385
58354
58900
58305
58373
58506
58513
58522
58359
58662
58542
58268
58282
59020
58536
58272
58927
58525
58552
58284
59017
59018
58537
58976
58335
58689
58442
58302
58632
58302
59056
58348
58511
58535
58580
58470
58296
58339
58500
58539
58499
58845
58473
58384
58481
58501
58365
58362
58752
58408
58403
59039
58331
58956
59040
58583
58748
58374
58875
58876
59041
58443
58363
58526
58823
58451
58488
58402
58936
58496
58551
58490
58857
58457
58451
58899
58521
58386
58991
58451
59041
58410
58982
58522
58508
58521
58963
58533
58637
58428
58581
58403
58481
58561
58937
58411
58504
58657
58987
58734
58946
59035
58550
58963
58419
58426
59012
59015
59033
58432
59013
59014
58515
58944
58432
59005
58762
58611
58897
58447
58516
58445
58471
58463
58853
58854
58517
58536
58529
58962
58916
58466
58485
58472
58977
58503
58535
58680
58853
58867
58939
58953
58483
59024
59026
58970
58486
59022
59023
58877
58487
58496
59031
58500
58510
58539
58523
58517
58507
58663
58520
58663
58987
58670
58519
59026
58552
58672
59084
58538
58816
58863
58638
58963
59014
58958
59025
59016
58546
58611
58543
58548
58549
58990
58552
58554
58556
58555
58556
58558
58560
58559
58560
58562
58564
58566
58565
58566
58657
58568
58570
58569
58570
58572
58574
58573
58574
58576
58973
59061
58578
58580
58579
58580
58582
58584
58586
58980
58588
58590
58589
58590
58592
58594
58593
58594
58596
58937
58598
58986
58985
58600
58601
58602
58602
58604
58606
58605
58606
58608
58610
58609
58610
58612
58614
58613
58614
58616
58618
58617
58618
58620
58622
58621
58622
58624
58626
58625
58626
58628
58630
58629
58630
58632
58634
58633
58634
58636
58638
58640
58642
58644
58643
58644
58656
58787
58786
58649
58651
58653
58654
58655
58655
58657
58659
58706
58661
58662
58672
58665
58667
58666
58667
58669
58671
58675
58677
58984
58679
58681
58683
58685
58687
58689
58691
58690
58691
58693
58695
58697
58769
58699
58703
58701
58703
58705
58707
58709
58711
58941
58712
58942
58714
58716
58718
58720
58722
58724
58726
58728
58730
58732
58733
58734
58734
58736
58738
58740
58742
58744
58746
58989
59007
58749
58751
58784
58753
58755
58757
58759
58761
58763
58765
58772
58767
58769
58771
59069
58773
58775
58777
58779
58781
58783
58785
58787
58789
58791
58793
58795
58797
58801
58799
58801
58803
58808
58852
58805
58807
58809
58811
58813
58815
58819
58855
58821
58823
58825
59021
59021
59058
58829
58831
58912
58833
58835
58837
58839
58892
58841
58873
58843
58845
58848
58848
58995
58996
58850
58920
58852
58947
58856
58858
58860
58862
58866
58868
58867
58868
58870
58872
59063
59065
58945
58874
59040
59067
58878
58880
58882
58884
58886
58891
58888
58895
58890
59030
59075
59029
59034
59076
58892
58894
58896
58898
58932
58900
58902
58904
58905
58906
58908
58910
58912
58914
58916
58918
59059
59006
59058
58920
58922
58924
58926
59060
59061
58928
58930
58932
58934
59084
59069
58938
58940
58942
58944
58971
58946
59065
59011
58948
58950
58952
58954
58956
58957
58976
58960
58962
58964
58964
58966
58967
59027
58968
58970
58972
58974
58975
59019
58997
58978
58999
58993
58981
58983
59023
58985
58986
58989
59008
58991
58993
58992
58993
59050
59083
58995
58996
58999
59001
59001
59003
59005
59006
59060
59005
59060
59057
59008
59010
59062
59016
59015
59016
59021
59020
59054
59025
59024
59026
59080
59030
59077
59035
59066
59037
59064
59077
59076
59039
59071
59041
59044
59046
59046
59048
59051
59083
59055
59083
59055
59056
59056
59060
59061
59059
59065
59066
59065
59066
59068
59070
59071
59070
59074
59075
59076
59077
59077
59076
59079
59082
66558
67641
68312
62859
63553
68418
67659
68315
68624
62433
68014
68373
61214
68076
68366
62830
65228
68411
68083
68360
68437
61677
61867
66842
60878
62570
62631
62090
67310
67466
67636
68117
68363
59744
66856
67633
67038
68112
68741
63304
64518
68413
65436
65713
68352
60974
62093
66464
67939
67947
68375
61521
64346
65014
63480
64446
68420
61162
64780
65504
61216
63715
65179
60265
62206
68334
62226
64616
64712
62739
62835
64342
62131
64696
65450
59873
61816
64038
62401
63582
63700
61812
62577
62911
61835
63010
63596
59284
62664
67305
59775
67893
68473
59195
68090
68120
63096
63139
63512
61944
62643
62948
62696
62909
68427
62236
62437
64273
60680
65337
65593
62018
62556
63333
62135
62560
62938
62679
63652
68451
62241
62576
63309
62583
63238
64913
60458
62028
67327
61136
65533
65576
61779
62854
62989
62574
62713
63144
62340
62523
64494
62143
62211
63318
61611
62183
64368
62061
62819
64788
63107
64395
65851
64403
65607
65626
61940
62279
63420
61991
62393
64382
61800
62748
64768
61650
61946
64134
62177
62250
64495
62103
62203
64488
61333
63638
65330
61817
63692
68423
62104
62461
62955
62024
62787
65050
61264
62727
68633
62434
62705
62856
62178
62726
63266
62114
62159
64746
59302
66481
67406
61662
62106
63752
62160
62725
63642
67790
68165
68331
61737
62105
63402
61964
62608
64030
61729
62435
64964
63020
63092
63192
62067
62531
63112
61834
63430
64104
61555
64538
65572
61489
64462
64709
66556
67610
68471
61617
62227
64397
61888
62023
68441
61935
62404
63472
61538
63881
65407
61609
61643
64473
61815
62999
64929
62009
62585
68462
61545
61690
64865
61550
61730
64423
61916
62049
64603
61695
62961
65385
61902
62197
63678
62030
62512
64363
62640
62829
65069
60169
65371
66406
61347
63364
65622
62097
62109
64144
62436
63428
65891
61287
63239
65693
62022
62325
65348
61506
62626
68459
61598
63187
65547
61943
62995
68455
61986
62078
64092
62321
63393
63583
62129
65696
68481
61809
62503
65399
62041
62112
65175
62650
62947
65468
61704
62962
65513
61584
63344
65764
67613
67803
61838
62474
65404
61741
63206
63282
62081
62308
64791
62547
62628
65585
61957
62951
65311
61631
63100
65536
61495
65818
66237
61710
62814
62862
61355
64812
65480
60324
63035
67146
68120
68347
68701
62099
62245
65019
61898
62003
64341
61547
65089
68449
61528
64911
68457
61122
63175
65869
61745
62766
63049
62137
62468
64440
62596
63830
64969
61402
63637
63967
61721
63039
63801
62145
64296
65630
61734
62307
65497
61698
62452
62827
62051
62121
65307
62266
62952
65328
62475
62636
65799
62192
62889
65172
60273
62522
65983
61500
63725
63937
61864
61994
64843
61868
62151
64701
61987
62182
65340
61647
64515
67061
65021
65312
66452
61849
63416
64344
61842
63201
68436
62210
63162
66026
61624
62595
65676
62366
62735
65439
61708
62877
64230
61998
63316
63947
61993
63468
66325
61426
63320
64283
60083
63495
67282
61512
62921
64405
61705
61966
65026
61357
63815
64260
61635
63519
66387
60981
67415
68511
61819
62348
64389
61597
63291
64581
60775
63827
66110
60780
65253
65981
62361
65140
65984
62015
65261
68497
63053
63315
65248
60897
64078
66098
62330
62612
68568
61936
62064
65453
60105
63071
68604
61732
61795
64803
61211
63505
64764
62069
62122
65682
61407
63724
64519
62044
62048
65565
60115
66497
67072
61549
62329
64352
60633
66278
66340
61389
63214
64562
61284
62788
66033
61328
63805
64740
60649
65688
67254
61586
62191
65793
61446
67149
67369
61620
62275
65628
61343
62431
65841
60737
63882
66074
62566
62658
66201
61520
64367
66487
61527
62396
63198
59483
64038
67138
62507
62872
68490
60665
64381
66346
61164
63488
66324
61307
63485
66141
61313
63137
66193
62289
62711
66843
67268
68392
61892
61962
65402
61772
62944
68478
60984
64757
64798
60534
60973
62922
61914
63348
66444
60904
65556
66833
61673
63330
65373
61221
63786
64870
61308
63176
66468
61583
67371
68342
62222
63878
65520
61324
64804
64910
66462
67776
67913
61464
62886
63606
62195
66725
68325
64161
67187
68419
61541
63998
68463
61261
65076
61250
63023
66140
59655
61059
67728
60517
65843
67138
60180
65794
66115
60415
63352
66803
60409
65213
65938
62014
63086
66598
62433
62587
68512
61578
63027
66427
61890
65301
68433
60617
66562
67911
68320
68321
68602
62042
63855
65457
62127
64002
66199
60746
65023
66347
61707
63289
65235
61075
64945
66674
60700
63648
64022
61669
61917
65687
61514
66132
66416
61519
65258
68453
61089
63857
66676
61855
61900
65269
61042
64463
65188
62161
65866
68513
61157
63426
66157
61222
64857
65198
60907
63812
66572
61560
63367
65744
62225
63863
66756
60803
64755
65136
60768
64651
67318
61452
62548
65861
61839
61845
65558
61142
62807
66052
60170
65262
66651
59777
67547
67997
62230
65493
68503
59596
60637
67393
61005
63627
66151
61901
63024
65665
61878
65663
67216
61831
62033
65018
61006
61585
64228
63713
66706
68412
62139
68023
68336
60976
64185
66256
60537
63659
64879
60928
65226
65416
60848
64527
65272
60836
65387
67069
61362
62908
63465
62220
63926
66528
60613
64987
66235
60305
65278
66224
61150
63441
65157
63121
63447
67677
59486
66858
67537
61406
64890
65118
60437
65187
65935
62464
67695
68467
59452
66956
67451
61053
64617
65379
62185
63408
66654
63167
65360
67595
61435
62633
63611
60787
64529
65477
61062
63963
64714
61101
63089
65126
60691
65244
66626
60559
68377
68661
60871
63286
66206
61622
62400
66184
60972
65137
65293
60567
66420
66681
63422
63993
66515
60528
64172
66241
61960
63856
65637
61769
64835
67305
61172
61740
66659
61515
62539
65958
61722
62298
66000
61614
61808
65492
62581
64880
66917
60491
64575
66320
60846
62957
66380
62234
66356
68458
60410
64654
66289
61630
61861
64968
59609
66876
68199
61604
61978
65553
61400
63319
65161
61395
62281
65807
61201
62845
65389
60773
65904
66911
61816
64982
68353
60220
65469
65931
60786
63623
66363
59607
60520
67417
61453
65409
68475
60677
67201
68371
60657
65653
65806
61256
63253
65142
60612
65393
65599
61203
65267
67177
59882
66575
66816
62450
64719
65964
61118
63910
65423
60310
65238
66131
60566
64048
66086
60842
66765
68369
60926
65325
65971
62694
65825
67091
61591
63108
65072
61019
63389
66581
61026
64836
66869
63489
64775
66982
62304
63034
67186
60936
63723
66565
60752
65298
65916
61664
62420
65711
61443
63368
64497
63080
63371
64876
60912
65546
66885
62568
64105
64959
60092
66392
66972
61797
66014
68429
61780
61893
65087
62276
63165
66275
61225
66225
66552
60882
64856
65986
61043
63913
65698
60652
64647
66728
60925
63103
65991
60506
65929
66304
62128
62645
68552
61799
62380
66209
61097
62885
66642
63889
66310
68401
60761
64322
65521
61008
64605
65376
62293
62466
66047
60651
65738
66277
62322
64821
66124
66284
67293
68588
61325
65523
68495
60508
66048
66634
60963
65957
67671
61288
62515
66016
62904
68010
61546
61919
68522
62374
64889
65939
60538
64299
66191
59607
60424
67085
65552
67807
68404
62768
65138
67243
63851
67389
68445
59591
64681
67198
60568
65616
66061
62179
64334
65154
60598
63894
66306
61462
62724
66908
61243
66635
67923
59665
63116
66392
61368
63419
65309
59915
61172
67617
62443
64834
64946
59478
67126
67944
61092
62247
68031
60849
64721
65691
59925
66753
67053
61603
62681
64478
61247
65292
66175
61176
62965
66727
60194
65418
66608
61877
66420
62445
64142
65338
61135
62771
66119
62056
65604
67294
60312
64934
66003
67092
67100
60472
65571
65871
60492
65461
66211
62570
67061
61199
63095
66691
60599
67094
67268
62120
65195
65876
61579
62946
65232
60743
65624
65928
61445
64915
65155
60233
66948
67346
60906
63157
66243
60498
64457
66510
61093
62698
66740
61444
65828
67617
60501
65854
66135
61180
65989
66353
61411
61441
66314
62383
65945
66742
60068
64183
67351
60869
64895
65913
60736
63302
66114
61925
62983
67410
59594
63604
67517
61433
63568
67283
60769
63017
66023
61095
65358
67298
60653
65164
65575
61073
64008
66006
60880
64795
68526
60693
65475
66966
60241
65613
66732
60467
65355
65897
59519
66367
68015
60968
65447
66999
60733
64261
65810
65422
67346
60920
66068
67290
61654
65872
68454
61342
64331
67509
61728
64125
66440
64000
65815
68487
60914
63405
67051
60723
64644
66743
60374
64664
66996
60569
65918
66351
59596
60302
67223
61625
62488
66647
62781
63106
67109
60439
61006
67763
61374
64532
65725
61928
63019
67039
60983
65002
65103
61558
62621
68536
60018
65418
66405
61048
65159
66585
60887
63708
66827
61996
62439
68544
65129
66770
67176
60427
65901
66421
60499
66316
66564
60453
63405
65858
61436
61523
62133
60394
66099
66125
60579
65707
66698
60995
63656
66257
60085
65222
66050
62861
64009
67078
60614
65044
65621
60500
60617
64687
63355
66770
67071
67467
67518
68502
61440
63666
65722
60572
63908
66161
59865
62931
63763
60578
65812
66432
66563
67153
67504
63161
65704
66450
60255
65130
65887
60576
63323
66279
60729
64022
65463
61790
65919
68504
60443
65353
68348
60687
65564
66578
60462
65838
67351
61276
63128
64873
64131
67843
68380
62284
62346
65206
60245
66383
67763
61224
66315
67521
60221
66954
67702
61471
63091
66607
60416
64502
65944
60552
65998
66078
62036
65051
66566
64201
64583
68402
60455
65832
66638
60263
66031
66084
61190
62704
66121
60604
63496
65951
62286
65940
66718
60191
65016
66122
61338
65020
67280
60145
66192
66200
60738
65915
66884
60235
65987
66060
60747
65978
66582
60272
65994
66341
64551
67009
60423
66328
66821
60155
60560
60981
66276
67824
61280
62408
66754
66597
66895
61616
62280
66285
60707
65074
66215
60031
65282
65898
66616
67475
68386
60171
66426
66489
60911
65980
68507
60521
65824
66332
60377
64470
66021
65338
65868
65895
59804
66403
67163
66480
66834
60940
63772
66270
67649
67983
63111
65194
67406
60852
63808
65641
60921
65419
66535
61000
62809
66246
60953
66497
68328
61792
62053
65363
60894
64805
66831
60711
64249
65617
62356
64052
66093
61369
61738
64220
60719
66103
68356
65011
67752
67854
60996
62729
65730
61750
64068
65598
60076
65798
66426
60019
65076
66360
63104
63200
65403
61801
62118
66741
61217
65943
65977
60311
65771
65898
61412
65331
66108
61803
61976
66012
59650
60228
62552
60602
65096
67281
60199
66062
66174
60477
66294
66335
61109
65099
65702
59901
65632
65824
61854
63683
65673
60447
64972
66198
60785
64868
65308
60539
65881
66095
60559
61569
68604
62111
62394
63839
62209
66290
67508
60828
64054
66589
63109
66778
68086
59655
59788
66876
61111
63560
66625
61100
63410
66361
61697
66165
61566
62273
66130
60967
63196
66357
67017
67117
67328
61694
62427
66291
66182
67077
60369
65590
66126
61536
65573
65800
60512
65080
67709
59891
66402
66652
60411
64222
65857
61129
63403
68518
59895
65469
66996
60993
63620
65867
60006
62111
66452
65999
67894
60134
66229
66496
60918
63727
65031
61735
63982
67650
61671
61755
65625
61689
64687
66626
60645
66216
66443
66653
67195
67594
60379
66228
66601
63745
67103
67709
62019
63736
66203
60271
62213
67447
63528
64620
66144
64542
64835
67079
60792
65314
67614
62152
67241
67638
59781
61788
66351
62553
65551
65740
60504
67572
68157
61159
62616
66045
62054
64726
66065
60266
65782
66365
60868
65858
65883
59959
65820
66131
60573
65860
66318
60402
65413
66362
60218
65039
68073
61064
64291
66133
60414
64641
66063
60315
65147
66002
61120
62609
65910
60814
67866
68122
60674
64018
66848
60487
61430
63677
60872
66046
66185
61350
62460
62661
60714
64792
65432
60666
64879
65119
60319
65345
65796
61535
61851
65529
61020
64407
65319
60217
66096
66445
64734
66780
67443
61010
64561
65620
60033
65332
65874
60181
65705
66050
60320
64772
65773
61751
63061
67295
59730
65794
67282
60298
61676
67715
59949
66340
67051
60357
66001
66567
61299
64413
66549
61032
65083
66295
60279
64503
65548
61726
63099
65359
60765
66307
67197
60753
65304
65902
62848
63762
64358
62932
63181
66704
61234
64489
66660
62611
68075
68359
61460
62667
63504
60401
65462
67125
60964
62776
66013
65475
66489
61353
62968
65778
60359
65415
65720
60672
64855
65830
61380
63141
64671
60751
66425
66678
60431
65874
66539
60289
66546
66679
60227
65124
65903
65160
66521
67072
65116
68033
68662
60130
66159
66358
63259
65474
66661
62597
62779
67423
59785
66400
66530
66729
66807
67421
60172
65982
66111
61344
62783
66748
60162
66092
66303
60317
66160
66247
60767
65012
65279
60285
66573
66627
60391
65559
66509
60297
65597
65887
60450
65149
66205
60420
66550
67317
60400
65896
66838
62673
63183
67246
61937
67207
67821
64351
64885
66344
59803
65798
66224
61169
64313
65334
60232
66188
66372
60174
66571
66627
60150
66190
66334
60182
65656
65761
67089
67407
67493
59917
65051
65546
61160
64688
65816
61272
63208
63834
60176
66473
66547
61029
62732
66053
60886
64903
65823
60229
66010
66149
66024
68394
68405
61915
66866
60470
65888
67093
64457
67677
60306
65466
67365
60474
64233
65544
60708
65287
65728
66586
67590
60685
63271
65925
62631
64387
68376
60482
64212
65230
62533
64678
61024
65580
67380
67092
68355
68403
64597
65737
66059
62896
63925
66094
66658
60294
66732
66969
60702
64974
65972
60225
65878
66168
60210
63495
65848
60586
65324
66630
59800
67100
67702
60165
64825
65424
66814
67798
67934
60631
63585
65592
61956
68012
68365
66024
67911
61490
66359
66591
60140
66251
66368
65164
65705
65709
67484
65789
66305
68133
60975
64578
66138
60716
65734
66198
63974
66962
67294
60434
66512
66902
66599
67108
68041
60069
65494
65860
59874
65632
66289
61858
62693
64263
62775
64926
66655
61417
65541
68483
61252
65003
66148
61798
65921
68539
60296
66612
66932
67333
67980
68053
65990
67088
67651
60558
64830
66173
62593
63768
64973
60664
65985
67066
60375
66486
66531
60527
61587
62394
60036
63021
66405
60338
66571
66582
60405
62973
66854
60216
65777
66679
60313
65820
66304
60788
65783
66080
59948
66479
66493
59947
66395
66409
60698
64736
67271
60383
65356
66557
60104
65494
66003
60600
62587
66635
62000
62315
66745
59988
66197
66287
60718
65655
67042
62305
66263
68430
60299
66633
66664
61882
66398
68333
60562
63494
65768
67667
67844
67846
61231
63968
66083
60059
65250
65287
60332
63352
67011
60066
60719
60832
65438
65808
65955
59964
65012
65215
62269
62546
64198
60205
64047
66312
60155
67032
67303
59913
64868
65252
61210
62494
66254
61131
66139
68564
60395
64303
65339
61717
65690
68557
60448
66693
66988
60676
63292
66156
61408
62893
66893
61556
63118
65969
60336
66850
66961
66220
67207
61102
66466
67117
60340
65667
66163
62770
66299
67632
60642
65306
65424
63513
67370
67778
60445
65629
65932
60628
63648
63918
63993
66237
64532
65597
60489
66089
66183
61219
63126
65285
61727
62866
64759
61305
61675
65435
60663
65294
66861
61699
63001
64546
63047
65152
68486
62698
66425
60542
65216
65548
60268
65246
65498
60161
65131
66656
61072
63603
67068
61567
62180
66043
62448
67353
67380
60804
64794
66296
60480
65829
66819
66525
66721
62618
66891
67516
60656
64685
65774
64190
64530
67651
63410
66318
60662
64399
65739
60349
65591
66146
66556
67249
68608
60128
66299
66786
60257
63656
64018
65613
66346
61615
66811
67528
60223
63323
63368
61823
62232
65557
60259
65252
65944
61814
64937
66167
60093
64052
65149
60661
66506
67107
60690
66166
66469
60417
66359
66539
60459
66456
67143
67510
67951
68602
65282
66241
60610
61009
67477
63067
66566
60696
63295
67429
65828
65929
61524
67027
68323
64742
67237
67555
61714
61961
66015
60519
65511
66186
61720
62343
65449
62405
67609
67665
67198
67248
68527
61436
66911
64487
67424
67659
60570
63579
65224
61870
62209
67441
61070
64250
65022
61058
66799
66894
65755
66866
66949
60360
64311
64950
62316
62691
65186
61361
63337
65081
60948
61125
64281
60565
64998
66369
62496
67139
68383
66644
67722
67736
60621
66041
67517
59987
63604
66964
62392
66313
67536
64900
66724
67522
61151
62657
66412
61052
65189
67587
65636
66991
67733
60051
65621
65656
66505
66548
66262
66548
66753
66969
66823
67681
67843
67222
67730
67927
60131
64413
65147
61636
62987
66941
60632
61320
63825
60944
64570
65909
60843
64062
64863
60011
65151
66192
61688
63067
65543
64605
65771
60148
65304
65559
60585
63122
64183
60025
65875
66022
60362
66007
66264
65222
66320
63825
66147
66790
59982
67502
67992
62931
67937
68097
60096
65777
66191
60091
65720
65796
60554
67610
67877
61034
63859
66019
60496
63325
64664
60309
66200
67118
61434
61915
67196
60352
65215
66021
60548
65642
65773
63690
63932
67485
59985
65332
66306
60864
62028
66815
60908
64549
65731
60321
63035
63119
61082
64584
65151
66434
68528
60066
60799
67506
64407
65173
60759
63562
66079
65466
66728
66076
66262
61408
66631
68337
60438
65173
65857
66482
66955
67203
61293
63511
64694
61197
63414
67356
61170
65570
67001
66596
66901
67842
61294
66017
68532
61458
62495
68547
60097
65903
66002
60777
65230
65321
60605
65938
66649
60629
64285
66524
62214
62524
67063
62132
64290
67026
61665
65852
66931
60249
62408
65044
67714
67821
60098
66168
66353
61165
62534
63641
60754
65088
65339
60138
60324
63106
65154
66104
61113
65561
65940
60389
62609
64497
60063
61009
61424
60507
62251
67543
60052
66146
66557
67512
67583
67937
63050
66080
65549
67845
60655
65478
65544
60505
66308
66846
60146
65250
66161
60408
64325
64918
60188
64549
65591
65914
66076
63741
64852
67195
61336
62876
67127
63211
63543
67412
60185
63552
65878
60726
63487
65908
65238
66110
61619
64444
65535
65852
66151
60048
66621
66762
60720
62784
67000
66555
67293
60247
63059
67587
61537
62302
65537
60254
63658
66093
61311
62749
66107
60927
64950
64980
60481
66222
66438
60328
66057
66270
61764
65299
65780
61934
62079
65212
60286
64285
65415
60658
63437
66965
66636
66656
60292
63562
65131
60246
64665
65124
66687
66859
66670
66808
60398
66573
67028
60213
61840
67526
60269
65334
65345
60551
66057
66988
60701
67238
67313
60454
65539
66240
65016
66363
60667
66283
68421
60977
65498
66433
60213
61583
61763
60946
62571
66936
60202
63768
65356
61561
61658
64056
61384
67049
65530
65884
67531
65808
67903
65931
66235
61317
62651
64904
60156
66523
66689
60909
64512
64887
60183
65761
65780
66798
66878
67334
60248
62522
66504
65981
66115
60646
66100
66696
60783
64284
66789
63728
67325
67529
60764
64228
66444
61853
63901
65849
61568
62148
64995
67254
67547
60106
66608
66743
65278
66098
60192
64512
64553
60619
65762
66600
61869
62304
63763
61463
63048
64917
60547
68124
68570
66844
66918
63408
65626
66837
66871
60230
64062
64574
61302
64548
64756
64578
65216
66892
66904
66896
67015
61580
66371
67009
61781
62670
66055
62709
64667
64854
61116
64893
64918
60386
61090
63861
66204
63727
65306
64133
67166
68448
65642
65783
60341
65939
65989
60465
66122
66998
63888
67154
67980
60343
64998
66279
61804
63149
66868
60625
66649
67303
62287
65411
67881
61539
63122
68015
68182
68703
60256
65888
66998
60591
67080
67777
60856
63332
65640
60142
66636
66684
60127
66799
67489
63841
67473
67649
60601
65853
67227
61552
63552
66945
62370
64301
68587
60741
62972
67068
60634
67447
68383
66816
67093
66891
67300
60224
60478
68624
66523
66621
66759
66763
60682
66378
67556
61348
67342
67489
66197
66409
61767
64793
65452
60732
64514
66088
67697
67890
68611
65589
66900
60370
64928
65902
66465
66670
60526
62164
63659
64755
67109
62415
62449
64356
60433
64412
64548
61411
66148
63099
65321
60251
64825
65951
66986
67057
61036
66978
68010
66714
66808
61115
64533
65646
60368
65924
66453
61774
67170
68034
62207
65660
67510
65297
67081
66684
66900
62212
65481
67772
67221
67322
67584
62263
63788
67236
67780
68216
68763
65136
65314
66522
66687
63163
67250
67626
61292
63934
64577
64934
66206
61050
64357
65273
60594
66704
67455
60366
64201
66257
63167
64712
64185
64462
63913
65575
65875
66479
61298
62565
65208
66328
66552
60811
66309
67310
66763
66904
62235
63325
66460
66774
67720
67876
60367
66575
67877
65630
65688
63128
65279
63528
65172
66522
66862
60592
63619
64952
66734
66857
61983
67185
67778
61594
64029
65015
66465
66498
60371
65815
66205
61117
65063
65586
65187
66324
64772
66114
60426
65960
66231
66284
67078
60622
60868
64973
60705
62722
66781
61762
63278
64298
60282
65246
66357
66190
66251
61660
65859
66376
61108
61246
63599
66714
66905
61366
65514
67638
60899
64748
65364
66505
66629
60487
61775
66925
60498
60861
63560
61346
62334
65757
61016
64391
65488
64331
66966
60347
65474
66800
64978
67108
67887
62205
67060
60449
65734
65975
63303
66171
68560
66651
66869
65924
66395
66953
67777
62379
62718
64866
65371
66487
65407
65843
60308
66074
66550
66990
67044
61446
66208
62872
65851
60461
64732
68086
63061
64880
60403
60466
64437
66561
66762
64503
66023
62034
66536
66890
66771
66859
65337
65450
62072
64665
66116
66010
66159
66702
66829
66994
60623
65262
66371
62447
62799
64920
66943
67742
67948
61316
64845
65347
66278
66756
60327
61571
67627
60529
66604
67113
60835
61097
64000
66858
67671
66492
66705
61524
67633
65570
66565
66697
66771
63757
64432
66924
63511
64676
61349
65078
65276
61646
63873
66179
66692
66713
64654
66141
65935
66894
67174
67193
62460
65623
66923
63141
65088
60298
60418
60443
61027
63044
64485
62244
62825
63836
66092
66188
60740
61675
64313
60609
65052
67261
65629
66334
60432
66509
66625
65130
66581
66738
67021
63208
65327
66979
61615
66598
65979
65982
62770
67947
60745
66383
67194
60668
61934
64284
60959
65170
66929
62973
65201
67903
60284
62963
62969
64299
66052
61134
65241
65694
61185
62252
65562
63901
65166
60884
64676
65224
60890
67520
66915
66990
66767
66825
63204
63445
67744
61491
62513
65219
61441
66138
62417
63341
64878
60511
62090
67753
66491
66561
60382
66822
66826
65904
66332
60683
61571
62659
66871
66957
65083
66433
60479
67048
66705
66892
60820
65652
66258
60399
61641
64171
66348
67779
67990
62082
62296
64878
60636
61572
68410
65253
65330
65213
66468
60689
64574
65592
67378
68023
62179
62568
65023
65622
62681
65308
64987
65869
66347
66885
62046
63050
66511
65663
66917
60686
62370
64583
66825
66918
61677
61912
67124
64002
65551
64644
66157
66458
66693
62188
65138
66860
66064
67713
68194
66671
66801
67759
67969
68054
60710
63973
65593
65618
67244
64974
65478
61600
64775
66863
62342
65890
68484
62164
63013
67894
66048
66676
60446
63788
66285
61468
62527
64573
63231
64580
67948
66713
66837
67747
68395
68397
67037
67044
61563
66234
67608
66195
66689
66845
67025
63116
67133
68728
66929
67037
60717
67537
68378
61876
63418
65045
60798
65166
65640
66780
67240
61492
61941
62972
63851
66706
60486
61137
61836
65058
60873
65119
65991
63001
64893
60364
60842
67631
62001
62378
67071
62941
66315
67562
65975
68339
68577
66089
66601
60490
66312
66493
62464
66199
64222
66119
62332
62414
63048
66446
66759
60760
61434
65299
60441
67414
61301
62740
64704
66942
67058
67342
67893
66629
66975
65667
66358
66700
67022
66957
67181
61692
65035
65442
61488
63452
67975
66139
66406
65539
66111
60590
62709
65170
64575
66140
61533
63918
67944
66738
66844
62059
62154
65254
64387
66242
67957
66789
66848
63713
66528
65583
68070
68166
61606
66173
66781
60675
67339
62904
65826
66189
60673
62752
63515
66852
66915
63136
64678
66203
62583
63422
61653
67785
68088
65953
67783
68054
65782
66174
64502
66380
60900
61688
64889
64504
65959
67341
66821
67113
60703
67386
66826
67174
65099
66341
65511
66303
60507
64117
60833
64553
65768
65838
66572
60475
61542
67588
61738
66956
68549
64470
66243
63855
65179
64381
65513
63894
65861
62639
63058
64327
61749
66085
67664
63723
65841
63034
68076
64172
66033
64830
66931
66064
67500
62193
63021
65459
65244
65693
61186
64993
66036
60735
67032
68510
65074
66277
64278
66467
67802
60429
64311
66013
66037
66498
65829
66062
62528
67189
68061
63278
64064
63973
65864
65865
62284
65319
67145
67355
64233
66121
67058
67193
60513
62661
66741
63658
65440
68042
64945
65547
62693
64980
63326
63574
60531
60541
68703
60994
63240
64192
62484
66761
68170
60479
62231
60709
65892
66873
66611
66905
64537
67106
64048
66427
62046
65972
66086
67378
62401
65825
61837
64035
64717
61394
61775
65155
66042
67053
66022
66036
64903
65901
62871
65133
67854
60692
66823
67630
67737
68026
63103
66184
60838
65848
66506
63231
64542
65387
65764
60523
66167
66549
61096
66527
67627
64290
65728
60507
61644
65294
66060
60606
65217
65241
61337
64035
65910
66678
67026
60851
67062
67567
65590
65987
61788
68432
68716
63772
65958
65150
66916
60731
65797
66460
66007
66547
60982
61416
68623
64050
65960
66368
66374
66822
63908
66124
66698
67011
68367
61107
65604
67390
60647
64412
65925
61542
63090
64819
67036
60795
64989
65672
66791
67021
65979
67817
64078
65385
65413
66084
61143
67028
67477
60557
63934
64897
66063
66504
68374
62524
66361
66227
67171
67387
65941
66390
66096
66229
66833
66954
66160
66228
65148
66913
68783
62252
66937
67771
65717
67964
66429
66942
62293
65376
67007
65014
65312
61637
62649
65615
61887
66910
68072
66768
67143
65303
67535
66790
67270
61832
62162
62540
65073
68000
68479
60583
66195
66677
64104
65818
65645
65743
68581
66501
66862
67673
67946
62845
65725
61414
64907
64952
66446
66544
61081
64749
65540
62274
64046
67274
66972
67298
63376
68574
63827
65399
64432
66215
60748
64325
66019
60697
62837
68702
61784
63685
64020
61877
63213
67708
62932
68117
61332
62763
68565
65414
67115
68569
62286
67881
64836
66201
66845
67015
62747
62752
64623
60677
67324
62269
64863
63102
65165
66377
61873
62960
65490
60730
63549
63685
61938
62187
64572
67670
67805
62691
64887
60831
65914
66477
68132
68346
68685
67146
67246
66734
66896
62358
66864
68067
62133
66740
61194
63515
64904
62012
64631
68426
64303
66246
60983
65195
66373
68603
60922
68408
61323
66659
68545
63302
65807
62297
65759
66265
61553
64558
65831
66610
67356
63882
65404
64805
65504
65655
66031
61471
65585
63496
66016
67153
67933
68739
63623
65866
62346
65031
61965
62409
64428
61069
62928
65392
63414
65447
61067
63279
64837
66473
66633
63857
65536
60701
60750
67967
66874
67828
68179
66878
68051
68320
65589
66847
60999
61759
62686
63369
66948
67069
65892
66445
62644
67267
67923
60875
63572
64735
61836
63120
63755
66129
66369
66403
67224
63585
66130
64612
64771
68431
65372
67131
60611
64824
65731
63119
63771
66847
60620
63821
66824
63627
65497
64318
66394
67433
67325
67865
64358
65702
65324
66564
62967
65411
67480
63286
65628
67364
67415
64212
66291
61257
63059
66282
61791
64735
65097
67847
68334
65647
66604
65608
66037
65355
65571
64367
65050
61264
62889
60715
65695
65911
60774
64641
66827
64692
65809
60924
64604
65908
65911
66492
62689
66434
64647
65793
66484
66611
66546
67248
61223
62654
66983
63200
65457
61771
62966
66311
61051
64551
65434
66681
67177
62185
67695
62848
62934
68362
63017
65637
65580
66863
62220
62830
67996
68380
61183
65912
66754
60704
65346
68409
64554
67902
62390
62833
66930
61551
67164
68090
60973
62934
66958
61315
64064
65208
61858
64694
61228
62559
66910
61207
65865
66945
67057
67145
66265
66692
62825
64604
61237
62834
64114
63447
63512
66113
67850
68041
65462
65928
63176
65175
61603
64873
61173
66386
67588
62316
64756
64391
65932
65461
65616
63341
66630
67232
67942
68061
65247
66177
67027
61740
67509
64748
66163
66149
66386
66378
66496
63863
64494
65358
66193
61232
62319
66301
66374
60820
61439
63771
60896
64897
66156
62256
64624
66605
64749
66308
63494
66045
65403
65964
61956
64589
62809
66014
60697
61359
62543
65485
66459
64982
66087
67676
61552
68490
62689
64681
66155
66287
66707
61554
62430
65412
62063
64837
65156
62704
65409
66239
66429
66512
66846
65223
66708
68014
62447
64907
66881
67181
64788
65556
67237
67859
62466
65698
62723
66842
68384
61381
65743
66524
60948
67608
63135
63982
67290
61678
64377
64485
63259
68083
62858
67794
60788
63628
65110
62611
67121
67453
67883
61305
65103
61051
61505
64937
65853
67125
61353
65359
66453
66605
65422
67523
64399
66126
60916
63190
67553
61476
62294
64622
64685
66365
65581
66116
65822
66377
61092
67194
66372
66527
61384
61910
61246
67664
61465
64771
66079
62124
65194
67757
64009
65328
65733
67694
67936
61544
62332
63895
63271
66065
61880
62520
62992
61933
65296
65392
65267
66387
63579
66053
62382
67063
64867
66231
63968
65897
61202
67164
67176
60783
63758
64673
63426
65682
63239
64488
66125
66421
62426
67103
67952
66733
66791
64978
67771
62589
65003
65122
65994
66531
62162
62701
66255
61261
63574
65468
65533
66171
66225
63058
65156
61285
65672
66610
68388
68391
61201
65722
66001
66135
66087
66515
61699
64577
61554
63290
64777
65039
66029
68073
61363
61712
67107
61807
62353
68423
63091
67614
66501
66750
64249
65871
62311
63206
63282
62585
63049
68450
67611
68133
63812
65676
61872
63339
64156
61380
64546
64620
65572
62807
65261
61729
62462
62521
62868
63320
64283
62160
62418
68442
61093
65389
66923
67255
63364
64368
61847
63002
63710
63337
65694
61634
62279
62823
62139
62150
63675
63596
64296
62404
62531
62635
61662
62259
68461
63104
61949
62926
62998
61276
64671
63488
65402
64261
65599
65186
63641
66532
67856
61370
61559
64667
63248
63637
63967
62547
65984
67313
67448
67660
61385
62854
63558
65362
66129
61761
65831
65886
61667
61982
64036
62379
65296
67512
67684
62141
62211
62622
61650
62165
62186
62397
63039
63801
62129
65140
64357
66264
61880
62382
62722
62197
62461
62750
61964
62453
62805
61737
62995
68456
61611
62168
62459
61632
63078
63668
67250
67734
61356
62082
66152
62021
62560
63022
67484
68324
65554
67768
68197
62696
63497
68428
64024
67518
67954
62095
62812
63416
62023
62862
63635
65716
66249
61507
62870
63976
63166
63815
64260
62283
62705
63226
62078
62955
63009
61254
65438
67112
61991
62083
63030
64434
65699
67535
65762
66664
62905
66788
67067
61849
63336
64344
66707
67658
65703
67679
62244
64623
63224
63724
64519
66817
66881
64696
64929
61944
62643
63614
66179
67997
61279
62577
63284
63066
63725
63937
62976
66933
68749
60994
61321
61463
63005
63154
61278
64468
65912
61510
63707
64044
62788
65089
61800
62730
62756
64322
65393
64792
66099
61941
64173
67590
66309
66783
64570
66567
61390
62802
65883
62153
62754
63607
61812
62911
63639
63196
66012
63505
63608
64764
62115
65237
67931
62135
62938
63297
63951
64757
64798
67054
67083
62452
68441
68498
61896
62049
62416
66854
67197
62921
63076
64405
61370
63821
68596
65727
67639
68606
66123
66540
64794
66335
61248
67192
68033
63175
65019
66700
66986
62287
66768
61382
62948
63747
65217
66412
63701
64857
65198
61617
63316
63947
62694
65891
63315
63998
68464
64561
66211
61049
61859
64355
65952
65832
66884
61269
62786
63197
61762
64020
61898
63112
63113
64514
66819
62431
64911
62930
64928
67853
63214
63335
64562
65255
67888
68396
62194
63824
66219
61590
64559
65757
62143
63318
63657
61280
68633
62052
62241
63618
62639
64559
63638
64030
63695
63805
64740
65954
66677
66577
66835
62877
63070
68455
61940
63420
63751
61277
63343
67170
63309
63881
61240
61857
64624
63023
65340
63344
64495
63839
67389
61302
62874
63168
63201
64894
68435
63683
66061
65576
66416
62151
63269
63472
62593
63926
64981
66319
68452
62294
67556
62994
63291
64581
61020
62357
63127
62348
62982
68462
62735
63053
65896
66902
67440
68372
68407
61779
62989
63561
62747
64377
63137
65307
65812
66294
61293
64298
65419
65564
62945
64622
66169
61835
62637
63450
61041
62074
64468
62138
62760
62797
62321
63583
63919
62137
64834
64946
62512
64160
64363
64812
66026
62088
62713
63847
64479
65102
66428
63981
64856
65986
62673
65520
62576
63309
64091
64202
65137
65293
62886
63262
64691
64845
66183
63943
64463
65188
61009
66248
62574
63144
63984
64960
66518
65703
67882
68217
64099
68472
68631
61450
67856
68579
64188
65226
65416
65923
67912
64248
65325
65971
67035
67304
68444
62725
63527
63642
63849
64804
64910
62048
64397
64439
62779
65978
62909
64401
68427
61916
63826
64603
61334
61523
68608
64382
64515
62771
65492
62065
62272
65864
61815
62706
63051
63389
65711
65985
66316
66655
67470
67620
61610
63549
65219
62396
64393
68436
65881
65998
65588
66117
60995
63299
66058
61252
62728
63075
61299
62619
67385
63118
65849
63289
63704
65235
62406
62486
64239
66690
67620
67934
65297
66500
67353
67819
63411
66054
64527
64529
63143
65868
67694
62097
62726
62979
61864
63402
63484
61484
62556
63775
62282
64023
64114
61817
63692
63868
62106
63752
63760
64516
65127
65706
65078
66166
63625
64719
62232
65810
62103
64021
64488
62163
62806
64717
62499
63649
62957
65744
62766
62944
68477
61200
63329
65263
65443
63024
64440
64602
64120
64527
65272
62711
64746
65669
65791
61732
63366
63678
61043
64478
67482
64250
66362
64111
64529
65477
61834
62638
63961
62327
62425
64509
62018
63333
63473
64093
65004
67187
65833
66484
61674
62976
66933
68620
64523
65298
65916
63485
65565
64263
63966
65393
65599
65388
67376
67567
64278
67085
67529
66652
66784
61946
64032
64134
64446
64709
63487
65921
62329
62814
63069
62515
65553
62393
64232
64382
62608
64030
64227
62968
65969
62183
64094
64368
63157
66209
61550
63794
64423
65020
65453
63718
63786
64870
61705
63644
64092
65856
67890
68612
61824
62969
66943
64931
65180
66354
64008
65416
62075
63249
64741
66216
66443
64318
67071
67094
62030
62790
62813
64984
65388
67376
66850
66932
61628
64301
65550
66544
65381
66488
62965
65558
64489
65854
63957
66360
67294
64195
65812
66432
62554
63976
64157
62352
62612
62683
66674
67318
66919
67264
62250
63986
64495
62626
63026
68424
64795
65806
62523
64302
64494
66222
66838
64196
65604
66521
64398
65881
66095
63859
66015
63330
64883
66154
63332
65537
64029
66186
65980
68433
68508
63019
65493
64855
66578
62434
62856
63535
64538
65069
61270
66267
66809
63987
64125
66440
64221
66878
68601
61927
64465
68556
62829
64506
65069
65115
66239
61106
62838
65639
62435
64200
64964
62731
62802
63245
61846
62365
65645
64166
66536
67243
61691
63393
64364
61690
64011
64865
64346
64964
61956
63159
61655
61913
63875
68505
65751
66401
63621
64168
64163
67103
67336
64403
65799
66697
67349
66232
66472
63391
66512
66902
63010
63596
64505
61490
64066
65067
62729
65477
67594
67639
63501
66770
67515
63441
63753
65157
62420
64366
65565
65822
67127
66521
67991
62358
62477
65270
67120
67817
62819
64110
64788
63121
64913
62033
62827
63460
66724
67500
62236
64242
64273
63824
65823
61292
64327
66459
67022
64054
66432
62096
63631
66178
63437
67281
61982
64420
68465
62787
63420
63682
65571
65871
63225
64890
65118
61510
64960
66404
61540
63361
65212
63253
63592
65142
62076
62831
63261
66100
66961
62085
63199
68425
62885
67595
64714
68463
68514
62099
64017
65019
62718
65097
62548
65026
63652
64395
61542
66269
64539
65419
66535
63089
63887
65126
63902
63910
65423
66497
67072
67643
62658
64423
66852
67462
65080
67321
67535
64130
65331
66108
62633
63461
68496
63108
63774
64230
62908
63610
68476
62195
62299
67135
63808
65916
62427
65620
62601
62675
64564
64499
65943
65977
64626
65159
66585
65108
65596
68636
67403
67748
68088
62952
64273
62958
66473
66547
62281
65258
66577
67025
64213
65788
67730
62727
63192
62999
64493
64929
63187
64363
65327
66840
64396
65854
66135
64339
64617
65379
62841
63197
63802
65002
65740
64915
65480
65464
67844
68493
67693
68005
66491
67204
61643
63939
64473
63733
66612
66932
62191
64701
62787
64164
65050
62136
62395
64372
61640
62520
65435
61514
63107
63304
64518
64733
64597
66876
68199
67199
67349
63319
63898
65161
63603
65919
66477
67134
61852
62152
68494
61696
62651
65690
61519
63766
64341
62539
65269
63464
66031
66084
63430
64104
64455
64743
65998
66078
61678
62986
64610
64448
65564
66578
64087
64322
65521
63190
67066
62196
62580
63294
62595
64473
62545
64612
62270
64006
61232
66450
64768
64780
61446
64596
66798
61358
64916
67134
61900
63850
64144
67395
67418
67223
67522
67549
67400
67417
67733
62118
64968
63089
64798
65665
66046
66185
62159
64345
64746
62506
66327
66888
63343
65120
65983
62330
62556
66469
66612
62822
63536
68418
62409
65830
63688
65355
65897
63319
65226
65159
65977
62494
65363
65259
65827
66327
65738
66175
65596
65784
68636
62636
64568
65799
61760
65061
66323
62961
64208
65385
64554
67393
67555
65150
66861
61958
64373
62653
67467
68147
66085
66247
64851
66299
66891
62963
67641
67837
63619
66055
62748
64768
64778
63349
65896
66838
66560
68524
64362
65301
68434
65200
65653
65806
65098
65190
67644
61419
64597
65259
65970
62492
66181
68173
62477
66436
65152
65624
66971
67757
63193
65987
66060
62961
64134
64155
65089
68449
64198
62041
64244
65175
66807
67679
62084
63230
68575
63620
65943
66041
66727
65259
66315
66977
64161
64225
68419
61818
62998
66642
62058
62324
62503
64151
65399
61673
63975
65373
63171
66393
63711
64131
67607
68361
61830
64867
66688
63881
64057
65407
64670
67611
68133
63044
65452
65756
66301
67755
67765
68753
61450
68532
64059
65624
65928
62210
64205
66026
61845
64053
64701
62240
63392
64530
66786
63213
66831
61650
61812
66628
68634
63638
63884
65330
62679
63652
64769
63419
65309
68478
62503
63752
67162
67553
63169
63995
68413
62819
62911
62275
64843
62092
63192
64453
63131
64933
66993
61950
62525
63150
63124
63276
63040
63274
65646
66638
61962
64400
65402
61857
63243
68523
63499
64891
67584
62776
65625
67216
63935
64911
68457
63002
65364
63836
65821
65962
68467
63242
66220
66803
64141
65839
64143
65895
67609
62962
64397
63715
64603
62176
65408
68460
62946
64791
65232
63339
66600
61614
64132
65026
62636
63692
61752
64106
65054
61784
64157
65817
66733
62616
65872
64703
65915
66884
63207
65994
66341
64128
65623
65218
67748
64376
64721
65691
61480
66451
67070
64617
65298
61420
61795
63461
66562
67964
68393
62307
64108
65497
63910
65325
64118
66486
66531
63825
64977
65580
61424
61887
66974
67148
62831
64989
62241
63010
62731
66042
62859
63553
64988
64972
67410
67213
67462
63348
64865
66823
67237
67662
61604
64247
64843
63053
64082
65800
61444
66047
62210
63642
62400
64803
64498
66294
66335
63292
66263
62947
62948
64651
66949
65965
66817
63708
66356
63730
66633
66664
64659
67645
68170
62717
63958
63533
63895
65937
62383
62859
62038
62917
64966
63786
64463
62096
63087
64207
67322
64587
65461
66211
61853
62815
63503
62621
65272
62710
68545
61646
61806
66510
63689
67145
67355
67667
68050
64563
65616
66061
64688
66095
67390
67832
64954
65603
61820
61865
61953
61534
67327
67670
62962
64297
65513
63666
66295
62381
66104
66824
64310
64775
66991
64700
65655
67042
61506
63988
68459
65194
66814
67724
62482
63363
67308
67343
61611
61944
63480
64446
64699
63972
61779
62030
61919
63198
68521
62595
64337
65676
63355
64318
67433
67532
62908
64757
65251
65833
67692
68003
68537
64153
64261
65810
61861
63525
64352
68034
68119
62122
64341
64288
66099
66125
61502
64190
65770
65988
65292
65715
66175
63189
64783
66662
64291
66535
63482
65590
66126
63289
63805
64375
66850
66961
61754
61886
62472
67115
68124
68569
64721
65915
64125
65137
65781
65930
64236
65138
67424
65552
67599
68086
64640
64923
67054
67355
62436
62878
63378
61761
63173
64531
61657
66979
67825
61446
62901
61755
63003
64660
63925
64019
66955
66977
68199
63778
64803
61923
63572
65254
63828
66160
66247
64489
64639
66660
62801
62121
64442
65307
63253
64857
64898
66403
67777
65079
65372
66704
64008
64662
66006
62068
64819
67345
63364
64148
65622
63622
63863
66756
63100
65348
65631
65772
62315
65379
65814
67005
62739
64342
65000
63985
65261
68497
65397
65954
62132
62818
64274
63605
64858
62947
64410
65468
65096
66999
64276
64882
61751
66742
61502
63677
68561
63000
66188
66372
62388
63096
64511
66407
68531
61687
67120
67683
62307
64092
61509
61855
63610
62122
64043
65682
63239
63915
65693
63963
64795
68525
61766
62834
64572
62740
65739
65143
65738
66277
62495
65617
62658
64224
66201
61669
64389
64920
62439
65188
67065
67204
62128
64389
68551
64496
65940
66724
62797
65273
62079
65128
68510
61932
63236
63668
64860
65231
66856
68063
68321
62900
66092
66303
62439
63606
68543
62849
66159
66358
63087
67658
63927
64291
66133
65152
65153
68486
61686
62786
64631
61918
65543
63139
63512
64871
63109
66731
67132
64320
66166
66469
62018
62049
63187
64598
65547
62474
64590
65404
64663
64895
65913
66975
67031
61878
64161
65206
62732
65529
65918
67039
62621
63465
68535
62258
66258
66458
63096
63238
61952
61954
62102
61810
65007
68451
64076
64296
65630
64426
65462
67125
63214
63505
63312
66896
67015
61774
63038
66228
66601
63285
63813
64567
65527
65550
62114
68424
62565
65541
64441
65474
66780
63929
65269
62914
63715
64797
65179
62633
64910
62440
67023
68417
61638
65606
62222
64144
64216
66316
66564
63427
66062
66174
62182
64758
65340
62003
63262
63144
64616
63304
63393
61658
62755
63228
67005
68607
64991
65714
62599
67174
67193
63175
63876
65869
61919
64764
62023
62725
64312
66001
66567
65053
67192
68033
62428
63129
63500
62836
65982
66111
65569
66800
67473
67977
61978
62007
64096
61649
62014
68434
62649
65774
61835
63430
66424
67112
64874
65756
64714
65301
66077
63344
64611
65764
62799
65886
61737
62143
61567
65126
62106
62585
62625
67930
67974
61861
64740
62015
68442
67515
68132
64474
68489
63533
64916
62518
62192
63020
61726
62620
63524
62685
66520
66901
62667
65521
64965
65362
61684
61797
68477
62213
67744
66398
67601
68073
66857
67418
62952
64600
65328
61725
61989
62386
61960
65018
62035
63930
62486
65276
65440
67982
68447
63403
65072
68518
62430
66027
64537
66941
64736
67996
68380
62796
66190
66334
65098
66635
67325
64063
64249
65617
61706
62282
63236
62474
64440
64444
66108
61814
66503
67598
66580
66790
67270
62064
64430
65453
61742
62205
62643
62999
65957
66325
62041
63472
61626
64607
67460
62735
65289
65439
63830
66145
68468
62063
63936
63403
66585
64792
64938
65432
66788
67067
68485
65790
66750
63949
66986
67057
63848
66222
66438
63441
64804
62829
62854
66933
68290
68294
66991
67819
62489
66837
66871
65040
65985
67066
61997
63602
61994
63592
64521
65438
66807
62214
66591
64333
66525
66829
62623
66479
66493
61662
62135
62554
63784
62177
64054
64218
66589
63808
64295
65641
61966
63753
64461
65357
62298
65072
62022
68428
62093
62612
63077
66543
67083
62099
63402
62222
64720
65520
62121
63678
63348
64179
66444
62250
62938
61773
61839
63898
64824
65786
62988
66010
66149
64806
65115
63351
65979
67817
61792
65423
62435
62909
61989
63691
68566
66331
67230
68691
61940
62211
62748
62989
62966
66696
62754
65488
63386
65906
61822
62156
62331
65322
65817
62611
62940
62490
63285
68519
61917
68461
65223
67865
66068
67290
67528
66602
67052
62713
63428
64326
64367
66487
64461
65573
62203
64715
66049
68481
62276
64760
65348
66181
67413
61717
62867
68543
62720
62847
62275
64189
65628
65707
67283
63184
65870
64766
67421
67728
61790
68522
62729
63930
65730
62021
63720
65832
66638
61976
65691
65876
66843
62602
62687
63449
64747
62449
64458
64828
63761
66229
66496
62004
62982
64346
64645
65014
61782
61808
64295
63798
67287
67703
62230
68435
67454
68619
65132
65428
66644
67240
62902
64702
63802
63566
66990
67044
62175
66328
66821
62403
66621
66762
62191
64107
65793
62915
66738
67021
64544
65744
63415
65936
67302
61922
62564
64047
67975
65712
67319
67905
68157
61936
68456
61729
62321
64068
66908
63597
65294
66861
62322
68526
62577
62608
62841
63451
61739
62552
67592
62033
63967
62875
63559
66297
67117
67594
62451
66687
66859
65275
67484
67866
61980
62085
62970
63138
62523
62696
61986
62994
64558
66178
64895
65971
63108
65198
62821
66844
66918
62329
63637
63673
64078
66098
64475
66470
68399
63748
67411
68642
61873
65535
62277
66670
66808
64846
65413
66362
68544
62788
64234
66033
62499
62686
64593
64905
62527
66296
62886
63815
62064
64230
63574
66383
67763
66398
66794
68073
62147
62479
62487
65081
62783
65523
66078
66234
62340
61849
62160
62920
66395
66409
61902
63076
61922
63451
64465
62159
62955
63519
65439
63804
65782
66365
62141
63942
66574
65758
66165
66802
67558
62921
63291
64807
66482
61911
64565
66040
63023
63999
66140
62944
63724
65141
67364
67365
63014
66251
66368
63643
63827
66110
66767
67343
63095
65687
65163
65185
65146
65509
63317
67236
67451
62257
62398
64112
65641
62551
66892
66904
66652
66721
67380
62890
66957
67181
66475
67907
62922
67988
64023
63356
63457
66482
67859
65755
66144
64948
65447
66999
61932
62677
62012
63862
68548
64265
65258
68453
64630
65963
66394
62667
68536
68540
65509
65759
63419
65293
64282
65558
65770
66370
63110
67036
63468
65445
66325
63938
66007
66264
63020
63092
65094
62366
62343
65913
62273
65087
63971
65492
63636
66845
67025
63493
63734
63531
66734
66857
62701
65243
65747
66210
63469
67405
67615
64424
65225
63620
64096
65867
62772
68521
61933
63759
64520
61975
64218
62330
65066
68568
64459
65600
66982
64405
63488
63912
66324
68478
62054
68536
62182
64791
62092
62640
62234
64352
62431
64081
65841
62302
65432
62414
66326
64538
65036
65572
65795
66543
61817
62461
65157
62183
62560
61815
62679
63712
67159
67545
62203
63665
63882
66074
66256
62650
65584
67087
62051
65495
65965
62128
64519
62060
62147
62826
63176
64211
66468
62184
62399
62604
63028
66083
65884
67079
62548
64127
65861
63216
66197
66287
63150
63164
63784
65190
67267
67923
62596
64969
65458
65608
66040
61893
65235
62866
66344
64827
66307
67197
62145
62388
62638
62173
66339
66965
62103
62705
64870
67407
67734
62582
66523
66689
62396
63725
64177
65493
68503
62331
62564
63199
61868
63718
62692
65775
66422
63928
65397
62020
65178
65790
62095
65076
65549
67406
62148
65867
65035
65082
64866
65618
67042
64562
63233
67331
67741
64051
65193
62676
63617
63008
66555
62315
63611
66745
63902
64508
65866
68513
62304
64957
66313
62105
62868
62309
62387
62648
61906
64810
65525
66300
68098
64260
66313
67684
65080
67321
63210
67205
67647
65525
65695
64471
64997
61893
63672
65018
63577
65253
65981
65638
66835
66330
67158
64093
64445
62830
65228
65933
63301
65455
63519
65009
66387
66615
66794
67391
62761
62791
68439
64800
65862
67008
63100
65433
65536
62257
62480
62929
66665
62452
62862
62400
64324
66184
65653
65980
62233
63645
68764
68767
62512
63315
64663
67250
67310
67943
63234
66692
66713
61916
62531
62255
62715
63164
62067
62397
62386
62677
63230
62109
63335
66046
66443
63282
63795
64945
66674
62358
63205
65270
67033
65182
65856
68612
65046
65595
62615
66822
66826
62140
62546
64917
64536
65901
66421
65703
67593
65017
65786
65562
66376
65797
68491
63318
63468
65650
67172
62112
68462
65174
65638
63887
63322
65667
66163
62573
66714
66905
62385
64280
63342
63813
62428
62852
66983
63027
65665
62674
63936
64564
62156
63287
63703
62628
65373
64616
64712
65670
63683
65673
68507
67327
67473
68026
62363
64306
64567
64862
65162
62151
63039
68455
65370
68574
62084
63338
64123
64176
67905
68157
62245
63471
65735
63858
66787
67569
62877
63320
62177
64415
65829
66819
61987
62165
64693
65809
68157
67030
67619
68223
62235
68564
62513
64995
62828
66942
67058
61980
62184
62778
62648
63331
62662
63172
66554
67413
68088
63781
62289
62485
68460
62319
67226
63844
66096
66445
62253
63460
62254
62380
64369
62161
68464
65181
68089
68251
62052
62061
62580
65540
64581
62807
63829
66052
65792
68406
68751
63570
65629
65932
63426
63903
66157
63478
64381
66346
64417
66466
67639
63615
65005
68541
62733
67475
67655
63865
64968
62100
64938
63485
64668
66141
65142
63996
66852
66915
62526
64543
64688
65816
63679
64724
63273
65496
65514
65320
66640
66666
65202
66761
68130
63206
62856
63654
66448
67220
68565
64380
66456
67143
62024
62088
62798
66522
66862
62279
62393
64283
66478
67184
68258
63126
66006
63249
64065
64856
65118
63640
66329
67314
62784
66660
65717
67094
62985
66326
67278
63801
65489
65687
65538
65704
68501
63575
64836
66869
64042
65553
62803
66697
66771
62348
63049
63627
63709
66151
63819
66590
67288
68547
63232
67200
67586
68433
68441
64586
65312
66452
63328
66767
66825
62437
62488
63006
63927
64099
67196
62135
68427
62418
62574
63137
64655
66193
63295
67429
68552
65096
65104
67281
63288
63874
63641
65801
67080
62366
62293
64882
65524
62318
66262
66548
63704
64166
65190
67542
66043
68522
62374
66132
62039
64016
64999
62082
67013
65233
65444
62547
64860
65134
62635
62450
68568
64374
64584
66930
62420
64890
62115
63191
63345
64601
64847
66272
64467
64794
66296
62227
63225
62437
64210
65409
68475
62461
62576
62749
66589
62532
68535
62073
63188
67106
63957
64196
67548
63404
64987
66235
66401
66481
62657
65022
62387
63671
62576
62759
65875
66022
63883
64949
63070
64083
65341
66568
62248
66076
66262
62404
65581
65595
62236
63112
64595
64855
65830
64561
64750
68526
66925
67295
63317
64343
68500
65802
65900
64231
64257
63467
64965
63065
66492
66705
62104
62311
66260
68509
62192
65361
66435
62137
62434
66350
62279
62393
64573
63710
67229
67377
68206
63598
66181
67785
62574
64609
66308
66846
62967
63750
63215
67104
67563
63092
62835
63412
63613
65099
65702
62160
63879
64902
62178
63066
64454
65717
67572
62622
64813
65711
62671
66759
66763
62526
62662
62719
62186
62197
62995
62259
63347
65539
66240
63286
63676
66206
63937
66171
66777
68560
66701
67597
62531
64421
66230
67709
68423
66809
63666
64006
64481
63812
64510
66572
62899
63525
62208
67635
67707
62553
62647
65207
62750
63113
63968
64406
66083
66814
68059
67167
67180
68229
63860
67076
67347
62951
63830
63987
62993
66711
62281
64085
65807
62507
68451
65778
65526
65726
65108
66274
67163
62154
64088
64238
62283
63983
65527
62301
66417
65122
66868
62143
63266
66711
68482
62539
64254
65958
63139
62446
66505
66548
63261
62863
64728
63857
64524
66676
66281
67572
63166
66668
68493
63770
65251
65015
62942
65808
67903
64428
64656
64958
67825
64403
64782
65626
62353
68463
64137
65024
65942
65946
64309
66128
62856
63835
65023
66347
62957
64015
66380
62183
62560
66367
66424
68015
64226
67075
67110
63428
65891
66345
66381
67467
68070
62432
65058
67123
65779
66234
67608
66573
66627
62596
62626
63201
63699
63989
62415
65730
64975
65063
67410
63535
63294
65821
66603
62705
62670
65449
67424
68144
62910
66491
66561
63452
64822
67975
63269
62491
62258
63779
65329
63649
66088
62511
65221
63263
64806
62311
63098
65244
66626
64725
65511
66186
64241
67856
68579
64438
67640
68529
64194
64399
65739
68107
68591
68737
63697
62857
67132
67149
67334
67336
68182
64025
64818
62812
62245
63149
66788
65870
66286
65382
66920
63183
66735
66801
62857
67132
67251
62845
64808
65389
62537
62674
63272
63790
65688
67254
62880
62925
63711
66410
67843
62979
62347
62712
68533
62229
66636
66684
63583
65228
62436
63582
63316
64515
65169
67061
66523
66621
68436
65353
66064
62804
64406
67082
68163
68706
62508
63069
66804
68563
62416
62319
62832
67803
65116
65145
68274
63414
63545
67356
63602
64010
62637
64780
65504
66180
63033
66276
66536
63481
63749
66100
66696
68517
66481
67192
65875
66479
66431
67108
68589
62459
65990
67300
65210
66035
64767
65637
64986
66209
62870
65890
67031
67441
62268
66511
62585
63889
66310
66673
63283
66327
67521
62681
64139
64478
66000
66978
64833
66326
67278
64570
64660
65909
62739
63333
64046
64643
66203
62525
64239
62916
63871
63621
64486
62298
64484
66000
66143
66399
63267
63672
66267
66438
63484
62325
63981
66190
66251
62343
64492
65087
62987
68518
63766
63401
64770
62434
63537
64307
63645
66879
67024
63721
64646
63387
65907
63375
64172
66241
68459
64436
67054
67083
64479
66305
66526
63623
63737
66363
64257
66158
66447
66218
67951
68054
66339
66694
67816
68042
63774
62349
66853
62673
63739
67246
63675
64477
62606
64252
62510
62544
65652
64658
63418
65816
63016
65278
66224
63009
62946
64834
62927
63891
63855
64939
65457
63027
65577
66427
63153
64654
66289
63063
67120
67817
64639
63258
63806
62630
66799
66894
66197
66409
68722
66276
66619
67824
62340
62478
68525
64419
65324
66630
67059
67292
63947
64801
66494
67157
63571
65322
62347
68520
68533
63695
62352
62399
63444
63809
64888
63389
64270
66581
62601
64206
64466
65610
67714
67821
64084
65523
68495
64996
65556
66833
62703
65914
66076
64371
66242
67957
63018
63181
67636
62425
65347
64467
62402
66522
66687
64174
65182
66376
63394
63773
62575
64240
63224
63837
65221
68007
63185
67306
68186
64983
65818
66237
62556
62955
67253
67427
68660
64170
67120
67683
66242
67091
63773
64307
66024
67911
68750
63128
63630
64873
63266
63330
64237
66700
67022
62677
63373
65421
65533
65576
65844
66090
64630
64835
66355
62450
64906
65997
64696
64784
65450
64765
65501
62926
66804
68491
63746
64605
65376
63569
64575
66320
65906
67700
62853
65862
68139
66385
67218
68669
62954
63541
64450
68632
64454
64635
66893
63383
64841
65232
64854
67423
66389
66709
62440
63946
63776
65083
66295
62564
63444
62487
63373
62927
63139
63435
66636
66656
62876
65586
65496
67241
67778
64957
66018
66059
64607
67597
63305
65178
63608
62404
62715
64509
62778
63366
64992
66993
65656
65761
66010
66159
65895
67335
63670
65495
65384
65853
67227
64695
65736
63990
64526
62992
65455
68505
62975
65164
65575
63721
65411
66718
65502
66923
67255
64550
65318
63653
64340
63112
66560
66873
62725
63007
64290
67026
64376
63645
66907
68764
63970
66311
68410
64978
67771
67984
62762
66465
66498
63969
65125
67336
68196
63816
64750
62736
64817
64369
64444
65535
66397
63527
63120
64675
64585
66162
62521
63131
62481
65356
66557
64662
62859
64582
66089
66183
62470
65924
66395
65331
66216
62493
65591
66146
65277
68516
66312
66493
63439
64379
66721
67043
65557
68567
66092
66188
63248
62577
62608
63095
65090
66691
63326
65791
68133
64705
66014
68430
66736
68414
68446
63434
65100
67471
62938
65093
65209
62523
62696
63530
66817
66881
64314
66145
63913
64184
65698
62971
64231
63209
65924
66453
63024
64946
64719
64781
65964
66505
66629
63584
64555
67243
63590
63655
65243
66379
67493
63226
62596
62626
63681
65960
66231
66333
64689
66124
63261
64101
63581
63684
66714
66808
63392
63962
62795
65794
66115
65202
68063
65207
66722
64080
64147
62826
65161
66850
66932
62928
65615
63020
63145
62755
63634
64056
66465
66670
63865
64129
62541
64194
66940
67630
64576
65074
66215
62557
65147
66002
66688
66394
67268
67305
64384
65618
67244
64182
66956
67451
63022
63241
64644
66743
63223
66484
66611
63687
67186
62514
68452
65236
66356
63433
67003
68754
63227
63928
63273
67185
62813
63743
64679
66044
68490
62529
64247
63350
63727
65031
62848
62934
64955
63573
65412
66849
64831
65762
66600
65184
65483
62909
64814
65877
65534
66685
63398
63538
63227
63388
64657
65862
67752
64443
66016
62614
66738
66844
64319
66065
65189
66647
67080
67562
63219
66195
66677
63463
63894
66306
63279
65490
63126
63854
68544
63850
63062
68606
63504
68548
65448
67034
68715
67739
67853
62761
65948
68440
65467
65472
62792
63950
66154
63644
64026
66979
67825
67259
67752
68061
66473
66633
65742
67915
65311
63719
64535
62563
65149
66205
66763
66904
67925
68155
68614
63888
67455
64731
67833
68087
62771
64335
66119
66871
66957
63395
64086
64245
63480
64344
63257
64532
65725
63476
63699
65569
67126
67944
66212
66345
65942
67213
65614
67826
68156
65629
66334
63342
64372
63502
66425
66678
62919
65238
66131
63956
64072
65945
67187
65667
66358
64146
67190
62968
64274
64661
63897
66225
66552
66020
66162
62654
66107
68443
67118
67772
62927
63237
63983
63235
65187
65935
63390
66024
68405
62897
64186
63696
66146
66557
63297
64334
68560
64113
66501
66750
65896
66902
63723
63991
66565
65045
63742
63770
65199
67930
68032
63294
64072
64089
64250
65620
64321
66012
64903
65352
65823
63744
65104
62907
66734
66896
63783
62835
63872
64048
66086
65345
65796
66222
66838
63477
64265
62642
65131
66656
67706
67946
63520
66256
63958
64275
64087
63402
65979
65982
66480
67516
67946
62724
68552
64039
66733
66791
63459
64883
62937
66771
66859
65888
67093
66212
66223
63769
66713
66837
64339
64009
65144
67078
63472
63026
63010
63430
64253
64305
63092
65684
65852
66931
66561
66762
62706
67637
68003
63295
66440
63157
64199
66243
63411
65893
62652
68585
63508
64776
62679
64853
64919
63467
68586
63102
64722
65410
64013
65395
63073
64868
65308
62714
66826
67174
63221
64089
63336
65802
67199
63118
63838
65969
65209
65236
62791
62903
63302
63738
66114
62824
64732
65792
65140
65984
66384
62744
65124
65903
64063
64102
65150
66916
62931
65370
67207
63803
64492
66007
66547
63017
63800
66023
64715
63036
64653
63462
65174
63127
63914
63539
63661
65213
65938
64252
64685
65774
64010
64361
66577
66835
62739
63333
63141
63717
64671
65011
68466
66959
63245
68572
62925
66981
68412
65885
66202
63380
66301
66374
63547
63920
67922
68131
62843
63978
63321
64933
63526
66446
66544
63152
65704
65899
62840
64486
62990
68586
68596
65507
65594
67016
66653
63909
64748
65364
66287
66707
62767
63929
62999
64805
66330
66739
64961
66666
68135
65545
66244
63516
64392
68546
63988
64838
63088
63706
62878
64018
66848
63791
63917
66343
68034
68119
64348
65778
63081
64067
62761
63227
63581
68491
63222
66661
68438
63301
66682
66170
67208
64786
68551
63878
68482
62882
65643
64640
64858
64153
62748
62989
64823
67404
63407
64042
68108
68239
64462
64709
65700
62790
63500
65227
66323
67988
68072
65669
65957
67671
63114
63909
62800
68169
68263
63787
64128
66982
62954
63088
63305
66705
66892
67496
67531
68345
65199
66836
67363
63940
64034
62820
64831
63678
64812
65480
65633
64097
64350
63385
64299
66191
64482
65105
67245
62829
62854
65749
68444
68615
63699
64959
68559
65539
66111
63601
63671
68576
65960
66368
62945
63624
64850
63546
65551
65740
63941
65759
66265
63367
68450
64159
66121
64166
64236
66710
64004
65843
67138
63425
65032
64132
64418
65919
63237
63518
63891
65767
63130
64934
66003
65372
67470
63220
63971
64728
65078
65276
63138
64269
66777
65192
65371
66406
63183
65696
62816
67037
67044
62923
63778
63123
65649
62906
65012
65279
63780
63893
63030
63760
64235
65288
67876
63053
68597
63944
64198
62851
66915
66990
62949
67058
67193
66426
66489
65782
66174
63852
64055
65511
66303
64416
64579
67795
67810
63084
66880
66936
64932
66120
66372
66527
64340
65557
62819
62911
64628
65091
66025
63794
63080
63499
65837
67311
63576
64544
66232
67150
68487
66182
66919
67649
63642
63315
63635
68458
63524
64203
63323
66279
62864
65415
65720
64154
65722
64013
65363
66160
66228
63416
63553
63318
63468
65085
67305
63564
64071
63132
63856
68498
66512
66846
62925
64101
64138
66796
66984
68778
64999
65485
64061
64427
65994
66531
67665
67991
64584
65746
62850
65589
66900
64849
66740
63177
64383
64044
66650
67974
68032
63832
64263
64839
66845
67015
64481
65803
66875
68389
63590
68505
64135
65590
65987
66195
66689
63368
64497
63129
67304
62912
63679
64036
63425
67632
67939
66997
67261
65560
67942
63418
64206
66263
63889
64342
63248
63743
65529
66825
66918
66400
66533
68170
64084
64491
64853
65872
62995
66597
66782
67443
64677
64877
67776
67842
66319
67622
63353
63772
66270
63481
63836
63363
63965
64975
65819
63701
63428
65605
67635
68182
63926
66066
63742
64483
68533
63145
63192
65840
67973
68253
65108
66475
68635
67150
67538
63943
66895
67626
67990
63496
63669
65951
63101
66393
66469
66612
63633
63908
66161
67577
67818
68025
65129
65719
64357
64657
65273
66170
68142
68698
63228
65974
63926
67140
63337
64251
65081
64636
66741
65413
66084
67043
67353
65658
67124
63263
68597
63892
65365
66240
67278
65222
66050
65878
66168
64120
66149
66386
63842
67938
64651
65380
67318
63507
66404
66720
66089
66601
63075
64098
64136
67383
66467
66834
67659
65771
65898
66096
66229
63849
65061
65588
64642
66748
64181
65300
67651
65171
68492
63601
63952
64414
63581
63590
67676
68038
64119
63018
65476
65349
66853
67263
66117
64666
65999
67894
62981
65287
65728
65044
65621
63043
65860
66318
67137
67927
66977
67391
65955
68171
64187
66858
67537
64202
67162
64130
63051
63051
63656
66257
63046
67057
67145
63945
65408
63473
62978
65613
66732
68631
63001
63767
64546
64155
65812
66294
65204
65267
67177
64145
65795
63284
63497
65811
68752
63313
66700
66986
63280
64053
63941
64829
65907
64275
65811
65995
63698
63710
65479
66047
63471
65335
64180
66106
65463
67650
68361
65798
66426
66056
63686
65761
65780
65824
66332
64144
63694
65903
66002
65016
66122
64389
65063
66185
63556
66239
66429
64993
65937
63802
64383
63270
68517
65294
66060
63264
63518
66034
65584
67092
68355
65184
68506
65696
66137
63206
63708
65093
66827
63036
63272
63680
68626
65171
67014
65655
66031
63980
63885
64069
64245
65625
63568
65976
67283
63439
64920
65518
66647
65888
66998
63521
66476
68598
64092
65649
66085
67664
63340
64502
65944
64666
65561
65685
65829
66062
63180
65130
65887
65705
66050
63985
68117
63595
63975
67006
67432
63752
64032
64741
64394
67506
67536
63692
64602
63764
64102
64449
63167
66172
67595
63420
63281
64407
65319
64391
64776
65488
63584
67243
63687
64167
65668
66830
63357
64075
65695
65911
66001
66135
63166
63617
63978
63129
63822
66411
63149
64682
67772
65469
65931
64289
64329
64279
67869
68555
68760
65559
66509
66486
67067
64888
64979
63224
64921
66075
64145
68400
68625
66059
67077
67536
63653
64356
65856
63099
63799
65359
65109
66527
67627
63820
65060
64447
65302
66132
66416
66776
63924
67152
64277
65290
68605
64047
66312
67807
68354
68404
65762
66664
63201
65724
67546
63156
66022
66036
64352
64230
64300
67726
63533
64615
64916
65282
65898
66712
67027
68322
64198
63282
66058
68567
63631
66169
67618
68059
68748
63243
63503
63992
63571
63590
68506
64329
65921
68539
66974
67579
63204
64255
64384
65342
63445
63705
68508
64902
65211
64450
68534
64111
65467
67065
65134
65666
65974
66940
66955
63244
65720
65796
63939
63189
63103
63818
65991
67317
67905
64251
64401
63456
65172
67502
64442
63758
64730
63581
63670
68492
65001
66801
64802
65606
64626
67239
67827
65155
65163
65549
67724
64341
64704
68547
65037
65375
67590
66134
66624
63509
63511
64694
64203
65531
65668
64800
67904
65056
66662
65505
66699
65106
67000
63559
63980
65485
65586
66459
64595
64263
63962
63438
65306
65424
63582
63230
68575
64943
65892
66873
64647
64729
66728
66865
67665
67645
68170
63868
63199
63406
64470
66021
63965
64140
66333
67813
68067
65338
68516
63378
66393
64909
66940
67139
63148
63254
67437
63256
67392
64833
63398
64293
64220
64985
67294
65129
65719
65597
65887
63871
63950
63440
64222
65857
65914
66477
64758
64300
67344
67726
67004
67969
65055
67729
67875
64024
65101
65538
63416
63553
67943
67990
63791
64566
65986
66017
64751
63806
63920
63304
63393
63196
63740
66357
65736
68634
63263
63294
64023
64591
63677
67345
68562
63751
63826
63451
64280
65568
66424
67882
63277
63360
67446
65498
66433
65079
67940
64332
67130
67394
66049
63228
67139
67379
68138
63268
66732
66969
63558
65277
67453
63238
63923
65506
63748
67102
65355
65571
64530
65770
67170
66726
67381
68184
64813
63780
64411
64393
68504
63395
64906
66419
64404
66446
66759
64718
65283
67696
65673
64264
66864
65462
65928
65976
66407
65892
66445
67669
68663
66765
67403
65387
65471
67069
66739
67900
63951
67624
68630
66378
66496
65470
67151
67846
63327
64062
64863
64748
66163
64259
66013
64197
66412
63259
68083
64391
65932
63316
64440
63698
64909
65877
67947
68375
63539
64365
64464
67646
68657
67675
68679
66100
66961
66122
66998
63401
64229
65434
64304
63639
67017
67379
65642
65773
66634
67714
65193
65837
64002
66199
63449
67404
63845
64549
65591
65020
65365
67280
64478
63900
66048
66634
63846
66629
66975
65116
67726
68274
64499
63256
63506
67428
65704
65719
66101
64711
67438
65632
65824
63628
64534
63904
66810
67099
68727
63331
63801
64787
63891
68585
65646
68531
68580
64894
64796
66130
66278
66340
64701
64618
66285
63589
64210
68625
66725
63457
64298
64997
65795
66543
64305
64327
63423
63490
67434
63667
64040
64359
64588
65302
66727
65332
65874
64958
68366
64134
64243
64501
64017
63990
64428
66102
66815
64248
63573
63598
66639
63849
63997
64705
63324
63534
67435
65779
64695
66697
67349
64473
63664
64549
65731
65510
66464
63429
65911
66492
65839
64043
64959
65292
63706
64925
66017
66275
68532
63308
63400
67452
63396
67465
63450
63901
64041
65849
63807
66129
66369
65881
65998
65304
65902
63381
64512
64887
68499
64539
63701
66223
67511
64399
66126
64948
63446
63567
67358
66070
66298
65789
66428
64503
65548
66085
66247
67848
67962
64894
63467
63586
64321
64128
64832
66982
63937
64423
63992
63388
64573
64075
65070
65088
65339
64943
65158
64012
64058
65191
66343
63614
65237
66032
63675
67317
67905
66486
67067
63657
64291
66535
65494
65860
65099
66341
63900
66352
65478
65544
64336
65003
66148
67515
63734
64020
63680
63916
65033
66611
66905
63422
63674
66515
63490
67476
64074
64266
66112
64258
67342
67489
64546
63747
64354
67338
68681
64803
68449
64948
65879
66475
63409
66374
66822
64944
67156
63458
64548
64756
63691
65396
66631
68578
65252
65944
65377
66657
67460
65256
66386
67588
64616
64141
65002
65428
66267
66438
64772
65773
65506
66378
67556
64621
64866
63437
64328
66965
65216
65548
65939
65989
65034
67881
65449
64366
67092
67100
65419
65564
64671
64066
65135
64175
63400
63436
67384
63492
67287
67582
64112
64526
64749
65540
63587
67419
64306
64375
65494
66003
67557
67972
64893
64918
64370
66053
65962
66418
64284
66789
65135
65578
65195
63532
66388
64614
65466
67365
65040
67315
68694
63853
65017
67130
64361
64398
64810
65038
67075
67190
67205
67220
64525
65850
66829
67947
64242
66125
66421
64665
66116
63432
63491
67472
63492
67463
68667
68672
68755
66245
68617
64755
65136
67104
67230
64419
66402
66411
64027
64950
64980
64523
65555
66349
68202
64962
65358
67298
63703
68507
67099
67247
64763
64783
65001
66684
66900
64932
63881
64594
64434
65242
65657
66020
67923
66466
66864
67306
64029
65015
65022
65621
65656
64005
64233
65544
64963
65585
65018
64405
63516
63916
64927
65173
65857
65461
65616
64726
68476
63888
65369
66910
65048
66813
68639
64845
64930
65347
65220
64273
64557
64998
66369
64090
64650
67406
65481
65855
64886
66045
65632
66289
64031
67473
67977
63536
63964
64249
65871
63626
65241
65694
64843
64439
64246
67443
67715
63793
64319
64160
64310
65600
67056
64892
67501
63492
65183
67399
67402
64157
64535
63814
64085
65305
66886
64189
64397
67621
68090
68132
64876
65609
66580
67164
67176
66816
67093
64866
64793
68540
63951
67200
67314
63707
65400
64414
65537
64825
65424
65344
66265
66692
64005
64783
67241
67363
64514
65041
66088
64350
64886
63680
65112
65546
66885
66155
63561
66167
66549
65952
68597
65417
66857
67418
63885
64704
68425
65081
64968
64357
66264
64911
63686
66435
64215
65314
67614
65078
66166
66078
66234
63889
64342
65291
63567
67530
64791
64344
65206
66909
64080
64239
64123
63729
63934
64577
67249
68572
65920
67976
68164
67203
67371
63959
66767
67343
64998
66279
65334
65345
64744
65186
63921
65608
66037
64060
64370
66267
66809
67274
64308
66429
66942
65417
67373
63933
65569
67736
66162
66870
68014
64749
66308
63716
66491
67204
64363
64577
64683
65941
65439
63716
64215
63632
65299
65780
63836
63948
64692
66954
67702
66571
66627
63593
67422
63834
64760
65215
66021
64685
66365
63655
64942
63954
64197
64480
67059
65777
66191
64809
66246
65798
66224
64191
64578
66138
63833
64443
64069
65397
65954
63869
63995
65247
66619
63797
64767
64435
65640
67184
67331
64338
67526
67626
64271
65925
64185
66408
66503
64283
67167
67302
65923
67252
67934
65335
67039
63961
63968
65897
68173
65844
67308
65027
65783
66080
63983
64873
64177
64556
64729
64779
64908
65323
64691
68454
64483
64652
68520
63725
64914
65051
66566
64562
64885
68496
63873
67503
68399
65853
67125
64495
66396
67848
66170
66842
67029
64694
63638
64030
64716
64796
64320
65389
65613
66346
64400
66169
68566
67017
67285
64212
65230
64345
65186
66514
67773
68189
68700
65164
65705
64844
65582
66501
66862
65230
65321
64799
68141
68457
64688
66095
63695
64488
67276
68689
65627
65282
66241
65026
63754
64482
65251
65833
64180
65838
67351
65204
65266
65579
65879
64697
65484
67117
63744
66852
67462
64981
64820
67269
68684
64509
64781
64865
64371
65344
64309
64962
66620
67168
68048
67364
67365
63923
66610
67356
66584
67917
68174
66037
66498
66086
67378
64661
63870
64298
63691
64229
64676
65224
63684
65059
68575
65087
65222
66320
65304
65559
64176
64825
65951
66370
67672
64392
64514
66819
64322
65393
64700
64239
63922
64060
66144
68076
64261
65599
65331
66216
67201
67221
64420
64425
68466
64880
66917
63713
66706
67040
67407
63928
63869
65360
68488
63811
64313
65334
64465
63967
66286
66598
64372
65522
67279
63935
65332
66306
63885
68360
66773
68645
66981
66029
66280
66317
68050
63775
66079
64868
65252
64260
63784
64566
65986
66017
67881
66352
68076
68366
64205
64202
64055
65527
65550
63914
64278
65098
67731
64303
65339
64054
66432
65406
66881
67181
64672
66266
67713
65159
65977
64040
63809
65318
65937
64046
66133
65250
66161
64553
65768
66057
66270
65166
65640
67328
68368
64747
68534
64995
65910
64163
66230
67366
65820
66304
64368
66032
67478
63940
64623
65310
67753
65019
64581
65677
67474
68767
67963
68139
64991
66856
68323
66958
67227
66419
64223
64567
65089
65985
66316
65699
67683
64119
64658
67710
67938
65847
67893
68473
65258
65012
65215
65033
67284
64052
66093
64483
64774
65716
66069
64720
65031
65072
64603
64532
65597
64569
65563
67736
65523
65459
67497
64280
66606
66994
66413
68029
68055
66897
67936
64293
65426
65505
65808
64188
65661
67255
64219
64484
64464
67481
67948
65794
67282
64112
63931
65146
67229
64360
65908
65261
65935
66894
66266
67256
67713
64698
65592
67745
68709
65250
65287
64574
65592
64411
64061
66055
64792
66099
64248
64756
65672
66610
64312
63895
64049
66655
67898
66791
67021
63986
64012
64223
64097
65768
63943
64815
66291
64073
65165
68577
66768
67143
66695
68644
64124
64327
66142
66818
64649
67304
67329
67504
67628
64625
65041
64924
65175
64094
64489
65854
64503
66023
65408
64147
65495
65965
64407
65173
63922
65224
66275
65820
66131
64967
66853
65083
66433
66867
67234
65917
66577
67025
66919
68026
67963
68139
63953
65217
65241
65324
66564
63851
67389
64047
67975
64382
64515
64046
66133
65269
66736
64573
68576
64565
67471
65285
68557
65066
68497
64200
66839
68649
64684
64986
66293
68628
63979
67339
63893
65452
63919
64620
66097
66938
65363
64385
64993
66036
64256
67516
67543
65307
64751
64311
64950
64863
65734
66198
67052
68400
66106
67737
65797
66389
64934
66206
64003
64641
66063
68481
64916
65619
65596
66532
67224
64021
63936
64653
65278
66098
67738
67766
68298
64764
65697
63969
65322
65817
66164
66189
64631
64108
65291
64915
65155
66752
66571
66582
64870
65006
65663
67216
66803
64621
64740
64772
66114
65266
65692
64475
68399
68626
65185
65945
67152
64272
65837
67508
64508
65739
64195
63956
64806
65115
65016
66363
64065
65306
66074
66550
64564
64509
65125
65266
66338
64494
64887
64867
66231
64020
67553
64014
67295
65974
65161
65121
65409
65126
64106
67288
67222
68075
67126
68000
64286
66356
64738
64794
66335
65687
64071
66696
66529
67832
65003
65122
65311
67209
65446
66742
63981
64412
64548
66046
66443
64917
64501
65392
64735
65097
64223
64735
64683
67054
67355
65540
67845
65359
64285
66524
66005
67833
68267
64296
65279
64821
68514
64512
64553
65088
64527
64529
65347
67307
67377
65625
67492
67512
67191
67449
64479
66360
65493
64677
64723
64158
66721
68351
64980
64638
66478
64893
64292
65289
65284
64367
65050
65637
65676
64519
64746
65154
65721
65285
66063
66504
65694
65845
66772
67834
67841
68240
65228
66573
67028
64971
66156
64362
65248
64470
66243
65406
66232
64999
65064
65485
67209
65661
67255
67100
67702
64676
65722
65425
65973
66955
64448
65000
65308
65020
65453
64240
66107
64665
65124
64303
66246
64317
64936
68530
65628
64781
67203
67412
65404
65204
66150
64770
66283
65080
65644
65327
66840
64062
64574
64864
67453
68515
64113
67649
67983
65340
65713
67561
68334
64377
64610
64328
64619
67938
64634
65509
65759
64983
65584
64845
66183
64064
65246
65498
65529
65807
66836
64528
65895
67335
64590
64926
66613
68104
66644
67286
64624
65947
66992
65558
65273
68141
66833
66954
64238
64372
65738
66175
64535
64572
65521
64259
65575
65206
64520
65097
65489
65532
65364
64850
64989
65672
64604
64428
64935
66377
64103
67405
66600
65981
66115
65221
68122
68324
64227
66402
66652
66784
64995
64641
66827
65573
66068
67791
67891
66344
66045
64723
65208
65272
64162
65015
65022
66481
67192
64788
65556
64161
65399
66614
66978
68010
65142
64623
64578
65216
65197
65611
65113
66410
68438
68565
66083
64874
67411
64511
65481
68486
65265
66828
66041
66727
65861
64146
66509
66625
65244
65693
64798
66186
64427
64591
64386
64928
65902
65263
65472
67347
65990
66495
65152
65624
66038
64757
64285
64314
65415
65045
65174
65638
64572
64325
64918
64743
64936
65233
67157
64222
66119
65502
64817
66254
64834
64736
65492
65054
67816
65679
65699
64944
67156
66073
68606
64178
64989
64605
65771
65727
68605
65103
65956
68550
65338
65956
64608
65047
64913
65276
65238
66110
67110
67173
68616
67828
67897
68024
64172
66033
64625
66219
68636
65477
66678
67026
65744
64315
66039
68616
64723
66525
67949
64412
65925
65402
65178
65790
67707
64987
65869
65146
65509
66311
64658
65437
65726
65814
66150
68083
68360
64358
65702
64545
67386
65037
66599
67124
68612
64631
68425
67572
65919
64965
65362
67280
67611
67903
64530
66786
68499
68549
65471
65505
65475
66489
65313
66123
67972
66383
67194
64463
66016
67768
65777
66679
64433
67414
65769
67655
67811
65617
65325
65160
65254
64325
66019
65536
64308
65510
65849
65956
67609
67832
65841
65045
67201
67221
64575
66140
67554
68235
68770
66065
65466
66728
64689
67222
67485
66447
66707
67658
65131
65096
66999
65195
65785
65876
65423
64343
67236
65880
66962
67334
67510
64299
66052
64446
64709
66593
68653
65385
65445
65791
64844
65698
65957
66325
64254
64502
66380
65037
66599
64487
65063
66185
65254
64243
65596
66532
65682
68519
64647
65793
65541
66780
67240
65553
64725
65321
65432
64559
64949
66121
67806
68141
66891
67300
65376
66575
66816
65208
67751
67765
68555
65028
67253
65872
65212
66260
65168
65707
66698
66631
68338
68577
65545
67258
65246
66357
64604
65908
66290
67265
67311
65778
65969
66802
67693
64753
66344
65499
67968
66143
67395
65189
66647
65162
64305
64897
65160
67548
67912
64721
65915
64411
64485
64348
67607
67650
64679
64730
66789
66848
65157
64654
66141
66841
67166
64355
64765
64381
65513
66772
67190
64427
65319
64583
64646
65636
64335
65916
65428
67695
64810
65525
64674
65822
67127
64999
66930
65921
65943
65537
65697
67131
67980
66456
66748
65931
66235
65910
65452
64476
65525
65695
65479
66490
66519
68665
66402
66411
66944
68559
66013
66200
67118
66307
66691
67250
67734
64910
65730
67106
65497
64364
64456
65802
67199
65728
65636
67056
67673
64610
64753
66745
64429
66975
67031
67212
67717
67688
64828
66415
64955
64653
64837
64377
64485
65816
65800
64964
67239
68086
65711
65232
65219
66093
65101
66450
67640
68530
66585
64890
66553
67574
67918
64531
64907
65388
67753
64919
65673
66240
67278
66087
67676
66223
67855
64432
65086
66924
66212
67537
68378
64475
68503
66313
67684
64981
65431
64617
65298
65293
65866
65348
66158
67162
67553
65458
64413
66549
65810
65262
65378
66651
64737
64824
65786
65023
65622
65006
65615
64903
65901
64531
65886
65727
66864
65562
66376
67281
64724
68071
65303
68363
64745
66176
67493
66586
68717
65996
67890
65074
66277
66453
66605
66000
66978
64601
64874
65756
65384
65030
66329
67321
65296
65392
64444
66108
65223
65742
66973
68599
65565
64734
66661
66184
66053
65313
67385
65714
66282
65416
64458
67938
68571
64477
66550
67317
65753
66371
67009
64768
64780
66281
65407
65843
64468
65912
66595
67442
65557
65661
68375
65775
68581
68728
66598
65313
64542
64594
64738
65757
65913
64931
65043
67686
68142
64588
66015
65500
66840
67521
65350
67191
65581
65595
68023
65789
65084
67159
65725
65488
66285
66425
66467
67352
64565
64905
66040
64759
65024
65449
65387
65764
64900
66718
65104
64895
65971
64857
64718
66839
68222
64567
65123
68398
68779
65253
65330
64945
65547
66292
67386
67494
66124
66854
67197
65818
64900
67779
67831
66462
67955
68592
65336
67805
68124
65021
68446
64841
65955
66729
66615
67420
68199
64804
66698
67011
66994
68057
65830
65868
67985
64625
65784
68580
64974
65478
65832
66884
64618
65708
65094
65226
64974
65401
65972
65748
67539
67592
65085
65309
68430
66014
64739
66448
66812
67396
68395
64979
66868
66337
67591
64924
65209
66790
64742
67885
65138
66177
65210
67068
65170
66929
64884
65619
64971
66872
67886
68340
68759
64846
65653
65980
64738
66963
64677
65358
66193
65569
66800
64582
66518
67395
67418
66821
67113
64888
64920
66731
67841
66567
65501
65239
66500
67440
66634
67714
64795
65806
65490
66994
68057
66427
64716
64994
65326
67380
65100
66963
64912
66006
67149
67334
65187
66324
65398
66878
68051
64644
66157
66809
65665
67887
68048
68095
66867
65490
68625
64855
66578
65838
66572
65443
65776
65574
67333
68743
68744
66964
67692
65214
67134
66941
64708
64717
65361
65166
65343
66158
65260
65198
66143
66928
67395
65010
67696
64761
64928
67853
65530
65451
65703
67679
65158
66339
66965
65054
67816
64811
67071
66254
67270
65467
65776
67065
68069
68204
65379
66148
64759
67376
67274
67645
66048
66676
65685
65367
67337
68415
65850
66423
67035
65194
67757
66097
65105
68519
65119
65991
66840
67521
66296
65237
66761
65641
66295
65188
65235
65427
66298
66266
65603
66244
65130
66581
65750
67576
68718
66189
66305
66064
67500
65162
68509
64972
66198
64901
67076
65518
66400
65219
65650
65755
65772
67116
67458
65122
66868
66625
65405
66019
65037
67468
67876
64996
65809
66291
66499
67339
67488
68453
67911
66562
67964
66754
65007
66466
67306
64907
64952
64836
66201
66061
66035
66300
64856
65118
68426
66263
64967
68066
68128
65844
66622
67308
65942
67213
65550
66008
66544
67016
67717
64751
64877
65541
68484
65200
65520
64952
65091
65664
67147
66058
65958
65374
67502
64828
66362
68475
65747
66783
67567
65867
67517
65403
65993
67296
67797
65552
65014
65312
66782
67242
67607
65608
66040
68060
68116
64946
67662
65137
65642
65783
66309
66783
68571
65620
65295
65516
67474
65106
65290
65900
66354
67545
66137
66209
66136
66275
66459
67022
65833
66484
66540
66011
67677
64881
66729
67264
66130
65468
65533
64884
65107
65776
66090
66422
67427
64932
65251
64832
65774
68036
68173
65267
66387
65390
66964
66972
67298
66948
67069
67171
68107
68769
66908
67930
64806
65952
65280
66475
67589
67316
67795
68028
68539
66055
65213
66468
68036
68173
68139
66737
68637
64953
65851
65723
67203
67371
65904
66332
64897
66156
67173
65129
66770
64988
66012
64872
65983
65217
66412
65968
66284
67293
66983
65947
67508
66672
65182
66043
68513
65699
67683
66042
67409
65482
65395
67304
68444
66815
68569
64970
66941
65785
66766
66589
66863
66788
65085
65405
66463
66843
65989
66353
65671
65904
66911
65296
64862
65756
66301
66178
66211
65110
65972
65912
66628
66754
66575
67877
67162
67632
67706
67089
68343
65690
67233
67258
66138
66117
68117
68363
65585
66236
67414
67525
65212
67602
67678
67883
65491
67618
68278
68748
65630
65688
65570
67001
67102
66596
66901
68385
65788
67485
65890
65158
66152
64962
65034
67152
65115
66239
66047
65373
65831
68495
64904
65917
67319
67221
67485
67034
67766
65139
65602
68769
68793
65039
65709
65804
66765
68369
67549
67904
68237
65343
64919
66688
65457
66314
68527
65974
65690
68557
66662
65828
67617
65446
64979
65110
66080
65091
66339
66694
65662
66314
65623
65178
65197
67849
65174
67070
65007
65909
68484
67900
65891
65734
65975
68529
66008
66488
65691
65938
66649
66866
66949
67160
66081
66553
67096
68470
65184
65322
66630
64966
68523
65295
66984
67784
65060
65954
66069
66677
66168
66353
65048
68595
66250
66646
67139
68383
67186
65168
68367
65153
66650
67889
68695
65918
67039
65048
68524
65936
65607
68468
66311
68410
65757
65577
65033
66123
65586
66091
67350
68712
66147
66784
65220
67087
67687
67138
66456
66748
65604
67390
66015
66026
67156
67383
67730
67633
65383
68488
65214
65580
66863
66626
65535
65328
67109
65893
65663
66917
66293
67142
67848
65147
67724
67740
67970
65463
67650
65946
67569
65961
68465
66588
67637
68003
65234
67277
68445
66255
66032
67289
68181
65418
66608
67306
68186
65709
67484
68327
67379
68138
65191
65754
65119
65391
66366
66674
67318
65046
67218
65229
65447
65823
66027
67199
67349
67565
68698
65736
66517
67519
65795
67052
65362
66129
66244
66776
65444
67739
68031
68662
65265
67906
68704
65941
67442
65400
67917
68174
65271
65171
65495
65156
65476
65297
66336
67415
65444
67739
65735
65918
66351
65179
65382
65534
65211
66477
67134
65094
66039
66107
65651
67378
68023
67960
68175
65372
65574
67470
67292
66214
66946
68775
67849
65336
66366
67814
68056
68227
65647
66604
65598
67115
66457
66731
67841
66923
65132
65817
66733
66959
67682
66283
66360
67292
66054
65615
66745
65666
66079
65280
65618
67042
66214
68609
68774
65929
66304
67662
67885
66436
67308
67343
67860
66139
66298
68563
67001
68119
65397
66249
65765
67332
68780
65890
66596
67955
66516
68408
65435
67232
67238
67614
66318
66384
67552
68771
66711
67692
68003
66328
66552
66608
66743
66971
68033
67307
66072
67585
68784
66992
65256
65662
66502
65292
66273
65405
67643
66855
65410
68578
65965
66472
66817
67825
66858
67671
65545
66435
66248
67213
67462
67382
68348
68711
67918
68469
68084
68244
65859
67811
67868
66742
65675
65983
65469
66996
67508
66104
66502
66824
68631
65391
65442
65301
67737
68171
65953
67698
65967
66213
67178
68077
65803
66109
68382
65311
67771
67658
65937
66765
67403
65456
66870
65231
66351
66254
67270
65709
66280
66455
65813
67330
65786
67460
66741
66508
65701
67640
65412
65802
65900
65368
67321
66653
65260
66560
66873
66302
65800
67171
68100
68795
68797
65995
67742
66861
66338
66420
66681
66605
66408
67848
67808
67895
68029
68055
67166
65341
66399
67619
65567
65467
65472
68101
68238
68269
66274
67163
68500
68515
66274
67084
68620
68621
67808
67895
65381
65527
68556
66701
67234
68445
67720
68041
67290
67813
65922
66960
65772
65990
67300
67587
65679
68362
65763
67282
68429
66309
67310
66384
66534
67268
68392
65631
65790
66750
66699
66948
67346
66326
67828
68024
66546
67248
67353
67819
65627
66075
66511
66143
66399
66404
67068
68494
66044
67257
67791
67744
68141
65582
68042
65708
67453
65936
67302
65865
66945
65741
66041
67517
65646
66638
67382
68194
66271
67072
68702
67284
65927
67447
68487
65572
68010
65710
68012
68364
68590
68780
67031
67441
66665
67154
65441
68097
65670
67992
68021
68147
66586
67468
67804
68573
66546
66679
66799
67489
65434
66591
65815
66205
66215
67736
67960
68000
67062
65654
66276
67979
65942
65946
66936
66983
66101
68502
66798
68144
67030
66057
66988
65997
65815
65718
67999
66307
66691
66945
65968
65639
65822
66377
66347
66885
66507
66637
66940
67630
65438
67112
65578
66996
66514
67787
68190
66403
67163
67224
65606
65905
65707
67283
65767
65483
66778
67807
66220
66803
67957
67920
68573
67930
65729
65813
66444
65480
67533
68158
68621
66044
65512
67882
66077
67065
67204
66389
66599
67108
65799
65934
68440
65501
66716
68401
66150
67638
67667
65638
65712
66835
66398
68333
67351
67571
66282
66302
67824
65692
65763
65842
66966
68485
65731
66867
65839
67017
67379
65487
66640
67908
66643
67910
66908
65579
66688
67638
67787
68761
66315
67562
65623
67668
68281
68609
65723
67066
68006
68146
68723
66753
67053
67557
66257
66424
67112
66725
65749
67381
68184
68745
68782
67713
67810
68169
66203
67846
67977
68332
65836
66836
65828
65929
67513
68607
65674
68062
68788
67496
68686
65716
67235
65598
66366
66361
67518
66390
66543
67083
65712
66451
66776
67740
67209
65792
67989
68152
67439
67750
68177
67232
67238
66266
66035
66644
67240
66887
67361
67612
68775
65844
66090
66367
67818
65633
66811
67131
65905
67410
66361
66088
66004
66169
67790
67954
67357
67651
67768
65889
66082
67191
67257
67652
68725
66517
66749
67939
65714
66302
67027
67551
68099
68770
67233
66497
68328
68467
66147
66784
66220
67207
67172
67196
67459
67719
68014
68192
68247
66178
65962
65634
67196
66565
66407
67856
67818
67882
68085
67400
67502
65723
68633
66028
67709
65775
66622
66592
67482
65848
66490
66506
66660
66866
65975
68339
65948
66249
66536
68538
67637
68512
66842
68384
65797
66460
66804
67759
68012
68374
66192
67111
67696
66607
66671
67763
66487
66753
66969
66105
67792
68800
66530
67587
66879
68765
65743
66524
66603
67535
67755
67765
68246
68613
65999
66624
67316
67297
67838
68013
68064
65874
66539
65940
66693
66830
66988
66454
67843
68381
66800
66049
67455
66651
66869
68115
68248
67776
67842
67106
67149
68350
67097
68335
66171
66225
66485
67467
68502
65781
66192
66200
66566
67700
66740
68067
68432
68716
66375
67201
68371
65868
66897
67590
65970
66018
65893
66282
67824
66708
66622
67901
67937
68089
65819
66930
66255
66331
67230
67110
67045
67247
68031
68379
66952
67733
68623
67198
67248
66299
66786
66938
66439
67592
66913
67585
68785
66966
65959
68781
66439
67989
68152
67591
67372
68720
66440
66449
68579
66931
65885
67116
68527
67156
66532
67224
68266
67371
68342
66051
68111
68191
66851
67261
66911
67127
67695
66764
66993
67280
67611
65970
66888
65922
66594
66719
68273
68806
66703
67212
67717
67363
67370
68058
68243
66704
67455
67087
67374
66587
66757
67609
67610
67877
66886
67381
66319
66463
67118
67772
66415
67409
67972
66043
67672
67837
67869
68760
68762
66568
66928
66928
66646
66959
67976
68164
66722
66504
67373
66219
66526
66574
66030
67921
67924
68792
66120
66540
66355
68046
66434
65922
66950
66958
66042
67005
67053
66450
67176
67560
66416
66132
66768
68483
65939
68066
68128
67798
67970
66760
67265
67584
67528
67996
66281
66417
66278
66756
67432
68439
67408
67023
67534
67441
67497
66152
66560
68524
67038
67309
67878
67951
67830
66529
68782
67672
67752
67433
68686
65997
66461
66889
68096
67050
67791
66405
66482
67859
66979
66777
66970
66154
67727
67768
66272
66458
66693
67852
68087
66943
66009
67697
68385
67256
66116
66672
66774
67690
66167
66901
68466
67254
67547
66899
66635
67696
67998
67627
67103
67952
67601
66226
67461
67925
66155
66202
66288
67937
68615
67377
68409
66442
67454
68053
68744
66340
67051
66935
67480
67943
66811
66847
66460
66685
66617
67540
68388
67782
67986
66207
67639
67006
67588
66773
68242
66671
66847
67374
67642
67045
67247
67245
67413
66949
66449
68501
67327
67670
66118
67073
67593
66273
66797
68799
66854
66875
68235
68771
67405
67657
66620
68112
68356
68719
67409
67625
67973
67980
66268
67894
66392
66418
67376
67851
67109
66172
66824
67233
66938
66199
66580
66463
67648
68111
68191
67458
66574
66956
66495
66669
66832
66406
66442
66766
67407
67734
66712
66860
67503
67822
66681
67177
67245
66876
66194
68047
68732
68791
66430
66226
66471
68792
66253
67028
67477
66818
67969
68069
66653
67594
66798
68144
66783
67493
68255
68647
68773
66283
67966
68421
67510
67759
68635
66906
67048
67522
67747
68730
68068
68794
67636
67297
67514
67623
68200
66329
67314
66772
66414
66953
67777
67511
66519
66545
68618
67477
66958
67227
66929
66970
67037
66604
67113
67851
66503
67235
67497
67003
68672
68756
66516
66785
66976
67844
66392
66972
66916
67963
66521
67991
66511
66944
67397
68326
66893
66673
67744
67512
67684
67952
66448
67220
66322
67347
67195
67328
66570
66937
66619
66430
66716
68588
68528
66725
68326
67141
68131
68202
67142
68627
66910
67606
66420
66439
67262
67000
66649
67303
67009
67598
67944
66364
66391
67812
67858
67170
67061
67927
68060
67896
68131
66694
67895
67011
68469
67079
66909
67299
66483
67815
67840
67577
66538
66408
67855
68377
68075
68358
67089
67195
67518
67954
67499
68084
68244
67950
68562
66464
68401
66510
66483
66872
67852
67962
68035
67244
68036
67564
67194
67006
67681
68437
66423
68060
68116
67080
67562
68071
68337
66654
67129
68131
66829
67059
66526
67887
68048
66502
67664
67360
67479
68175
67060
67074
67555
66781
67556
67524
66631
67546
66701
66823
67630
66607
68432
67251
68240
67235
67544
67874
68591
68402
66683
67107
66812
67781
66642
67272
68732
68788
66555
67432
66499
67978
67085
67490
67886
66534
67964
67598
67509
66997
67251
68027
67088
67184
68512
66683
67217
67577
66761
68130
66602
67286
67360
67722
68349
67780
67374
66717
67657
67345
67608
66758
68666
67842
67854
66702
66962
66981
67140
68549
67633
66856
68063
67094
66541
66792
67961
67987
67036
68034
66909
66719
67782
67986
67049
67136
67421
66758
67471
67527
68106
68237
68469
67403
67412
66995
67513
68022
67550
68045
68216
67583
68084
68357
68750
67628
67850
67857
67449
67426
68389
68775
68095
68098
67673
67706
67946
67761
67762
68292
66970
67122
67210
67730
68185
68225
67797
67390
67832
67364
67415
66841
67344
68280
67299
67464
68072
66820
68654
68670
66617
68016
66602
67822
67208
67223
68582
66702
67949
68365
68431
67739
67847
67853
67635
68329
67236
67451
66977
68108
68166
67566
68001
66947
68026
68078
68094
68589
68340
68415
68734
68729
66831
66719
66792
68193
67257
67346
67785
68056
66643
67786
67805
67844
68494
67014
66934
67793
66927
67475
68037
67447
66751
67126
67158
67429
67133
68582
66690
67277
67394
67412
67413
66686
68005
67871
67219
67249
68572
66974
67047
66874
67786
67344
68285
68295
67241
67979
67088
67989
66925
67078
67175
67678
67694
67541
68193
68803
66781
66920
67503
67063
67558
68545
67898
67998
66882
68643
68655
68015
68710
68723
66736
67459
67915
66920
67063
67352
67542
68051
67105
67388
67866
68587
66922
68407
67831
67566
67030
67564
66843
67579
68058
68243
66906
68057
68230
67155
67007
67119
67529
67239
67146
67246
66775
66973
67157
66831
66922
67826
68156
66747
66813
67405
67411
68641
67115
67814
68000
68480
67001
68119
67046
67659
68624
67665
67991
67130
67322
68196
66992
67091
67299
66820
67218
68669
67064
68646
67329
68201
66939
68638
67561
67599
67841
67948
68011
67902
67846
67977
66880
67579
68039
68081
67635
67707
68104
66953
67260
67323
68088
66907
66960
66985
67456
68213
67509
67469
68091
68594
68798
67320
67354
68054
67136
67576
67788
68224
67582
67747
68640
68641
66980
68570
68596
67075
66841
67288
67146
67955
68040
67417
68032
67111
68650
67159
67560
67641
68046
66883
66925
67295
68051
67335
68371
67865
67010
68734
68135
67498
68218
67436
67686
67878
68189
67534
66914
67288
66912
67180
67086
67444
68773
68774
66899
66989
67018
67718
67267
68538
67393
67985
68359
68074
68127
68415
68622
67186
67698
67951
68602
67500
67474
68745
68185
68225
68786
67229
68655
67710
68078
67144
67339
67741
67615
66950
67464
67776
67913
68688
67655
67811
68278
67875
68001
67779
67990
68095
66973
68600
67481
67423
67612
68609
68776
67737
68171
67988
67019
68182
68703
66991
67819
67391
67474
67829
67471
67867
67291
67505
67778
67320
67416
68181
67762
68268
68529
67670
67805
67101
68059
67206
68722
67829
67862
68764
67183
67386
67647
67055
67959
68807
67293
67688
67330
67813
67169
67414
67586
68757
67759
68012
67543
67189
67904
67812
68733
68759
67189
67604
68061
67383
68029
67538
67438
68723
67956
68803
67336
68196
67816
68042
68447
67187
67082
68189
68707
68098
68698
67758
67129
67273
67253
67642
67476
68621
67381
67041
67935
67089
68342
67168
68094
67369
68351
67499
68126
67424
68144
67154
68058
67715
67506
67619
68647
67557
67767
67908
68096
68416
67526
67753
67545
68470
68546
68217
68238
67237
67859
67173
67123
68052
67728
67481
67273
68408
67756
68701
67738
67766
68318
67547
67997
67357
67884
68178
68270
68678
67511
68109
68191
68232
67823
68242
67687
68352
67597
67821
68574
67435
67576
67359
67934
67411
67465
67539
67589
67976
67558
67580
67569
67486
67704
67837
68752
67198
67325
67865
67936
68203
67383
68029
67571
68611
67708
67900
67918
67303
67277
67333
67827
68581
67185
68185
67679
67222
68075
67284
67427
68659
68542
68057
68230
67864
68222
67482
68072
67595
67601
67667
67634
67857
67625
67264
67830
67330
67708
68043
67342
67893
68121
68184
68230
67809
67212
68175
68681
67263
67530
67309
67398
68214
68260
68793
68474
67936
68203
67791
68583
67296
67876
68201
67263
67600
68159
68178
68200
68270
68203
68232
67452
67505
67533
67873
68253
67527
67437
67525
68018
68056
68227
67434
67494
67341
67784
68398
67955
67927
68060
67864
68116
68143
67479
67452
67605
68673
67699
68037
68302
67385
67523
68584
67519
67404
68608
67446
68309
67361
67935
67981
67803
67809
68138
68151
68186
67307
67384
68123
68128
68164
67259
67389
68688
67871
67902
67806
67358
68022
67898
68328
67800
67810
67423
67854
67748
68214
68152
68208
68078
67952
67297
67514
68017
68678
68537
67301
68683
68714
67528
67996
68261
68789
68510
67931
67387
68594
68796
67368
67652
68690
67370
67917
67328
68369
68348
67396
67402
67320
68130
67370
67917
67468
68270
67348
67446
67422
67436
67584
68134
68174
68225
67666
68688
67428
67350
67430
68693
67810
67700
67783
67324
67785
68056
68196
67475
67490
68168
67690
67419
67488
67337
68554
68370
68687
67367
67646
68682
67362
68049
68772
68778
68782
67571
67476
68714
67483
68713
67802
67969
68069
67989
67483
67620
68747
67960
67426
67444
67472
68065
68800
67979
67674
67707
67392
67663
67428
67735
68350
67445
67745
68721
67622
67860
68603
68662
67685
67796
67495
68793
68066
68122
67717
68314
67804
68198
67703
67589
67866
67565
68048
67445
67811
67673
67705
67790
68166
67801
68128
68694
68069
68204
68315
67774
67983
68333
68311
67430
67450
68080
68558
68786
67491
67981
67642
67974
67483
67448
67450
68080
68091
67732
67581
67565
67663
67735
67795
67896
68373
67677
68310
68093
67801
68129
68677
67523
67469
68136
67873
67792
68299
67532
68132
68685
67591
68192
67656
67914
67916
67781
68065
67988
67605
67480
67943
67797
68558
67507
67699
68181
68205
68710
67999
67721
67869
67880
68294
68300
67741
68386
68093
68218
68389
67583
68356
67647
67774
68691
68685
67552
68735
68718
67711
67766
68195
68316
68185
68308
67620
68743
67610
68249
68757
67532
68317
68562
67914
68396
68309
67891
68116
68684
67586
68313
67904
68318
67603
68046
68312
68619
67569
68308
68564
67563
67729
67875
68236
68804
67644
68317
67718
68262
67560
68005
67845
67779
67641
68762
68107
68738
68769
68769
67575
68738
68314
67857
68112
68741
67827
67689
67754
67619
68697
68390
67851
67804
67920
68251
68330
68421
68622
67760
68241
68259
67823
68480
67716
68218
68735
67629
67654
67933
68668
68184
68653
67603
68727
67781
67901
67961
68787
68105
67907
67689
68217
68118
68156
68247
67807
68225
68228
68050
67694
68516
68651
67942
68241
67624
68138
68689
67661
68777
67862
68163
68764
67657
67863
67653
67703
68395
67693
67761
68272
68120
68346
68489
68013
68756
68629
68673
68058
68313
67720
67668
68667
68671
67748
68214
67775
68195
68768
67674
68511
67836
67912
67731
67931
67663
68658
67749
68203
68232
67735
68724
68234
68265
67661
68739
68776
68149
67743
67746
68614
67913
68794
68610
68740
67681
67953
68129
68776
67732
68664
68675
67940
67774
68680
68692
67725
68111
67790
67954
67966
68164
68617
68162
68191
67716
68319
67725
68587
67691
68140
68316
68192
68247
67867
68384
68063
67868
68799
68165
68331
68340
68148
67721
67746
68753
68165
68386
67775
67870
67963
67732
68675
68002
68672
68755
68768
68310
67981
68804
68807
67826
68373
67850
67751
68555
67960
67968
68187
68762
67798
68038
67860
67950
68197
68311
67760
68154
67802
68315
67880
68279
67845
67769
67888
68011
67914
68752
67801
68708
67755
68613
68232
68663
68202
68724
68613
68247
68630
67916
68189
68699
68706
67762
68103
68174
68388
68059
67770
67773
68216
68700
68742
68807
68230
68679
68045
68699
68701
67780
68707
68416
68062
67961
68110
68130
68781
68782
67994
68187
68763
68009
68719
67799
68108
68166
68772
68789
67875
68008
67953
68391
67993
68092
68169
68021
68070
68145
68186
67862
68036
67864
68090
67815
68305
68124
68277
68304
68101
67840
67858
68213
67997
68004
68479
68372
68221
68767
68171
67999
68201
68271
68234
68265
67950
68161
68197
68248
68599
68553
68017
68030
68022
68472
68632
68168
68302
68038
67940
68104
68717
67982
68288
67874
67897
68096
68422
68156
68639
68055
68538
68037
67968
67918
68480
68438
68040
68592
68737
67973
67884
68276
67981
68181
68204
68210
68620
68111
67892
67902
68277
68387
67984
68234
67906
67994
68696
68071
68583
67897
68221
68270
67998
67922
68028
68159
68329
68150
68152
68197
68084
68008
68705
67976
68024
68209
68227
68260
67959
68016
67970
68341
68397
68192
67921
68100
68341
68591
68089
68246
68728
67925
68155
68731
68730
68207
68244
68251
68215
68237
68259
68421
68590
68722
67941
67945
68804
68805
68671
68768
68740
68416
67956
68273
68803
67967
67959
68807
68364
68561
67971
67959
68016
67982
68167
68211
68269
67965
68716
68081
68110
68331
68241
67986
67987
68784
68053
68204
68254
68332
68095
68358
68391
68787
68115
68177
68263
68008
68002
68017
68754
68757
68016
68030
68756
68175
68180
68092
68711
68066
68122
68238
68269
68234
68030
68307
68214
68260
68115
68176
68248
68074
68127
68766
68115
68096
68167
68584
68240
68637
68729
68195
68661
68087
68541
68168
68335
68243
68649
68142
68589
68227
68645
68047
68049
68789
68790
68344
68062
68788
68065
68237
68628
68065
68179
68221
68079
68091
68594
68147
68554
68687
68188
68211
68080
68593
68677
68172
68087
68212
68271
68217
68238
68097
68794
68263
68266
68382
68112
68697
68100
68797
68107
68167
68226
68240
68265
68134
68223
68648
68260
68657
68241
68259
68176
68162
68663
68806
68125
68136
68785
68786
68239
68245
68248
68630
68639
68163
68653
68679
68617
68694
68129
68783
68784
68244
68712
68330
68340
68136
68228
68137
68153
68140
68267
68179
68319
68222
68684
68151
68220
68660
68263
68725
68265
68709
68239
68720
68161
68208
68219
68689
68267
68695
68259
68704
68246
68252
68253
68422
68233
68243
68253
68669
68206
68656
68387
68188
68194
68193
68231
68236
68239
68725
68250
68276
68307
68242
68681
68187
68216
68762
68763
68190
68583
68700
68273
68251
68665
68249
68659
68210
68256
68642
68655
68665
68712
68691
68645
68657
68254
68255
68257
68541
68695
68306
68802
68628
68704
68235
68670
68692
68659
68690
68683
68647
68257
68269
68637
68709
68229
68652
68651
68273
68805
68806
68252
68649
68382
68805
68682
68599
68720
68250
68678
68264
68715
68258
68674
68726
68641
68674
68727
68673
68731
68790
68276
68742
68650
68714
68389
68773
68271
68282
68292
68290
68292
68282
68285
68283
68286
68292
68422
68759
68290
68297
68300
68295
68644
68289
68667
68283
68285
68291
68293
68295
68300
68290
68294
68687
68733
68766
68305
68802
68610
68668
68295
68301
68297
68644
68301
68302
68303
68304
68298
68676
68675
68801
68802
68301
68306
68306
68801
68802
68305
68799
68316
68311
68310
68344
68314
68318
68736
68322
68601
68323
68323
68325
68327
68326
68327
68329
68331
68333
68335
68337
68339
68338
68339
68795
68343
68368
68345
68347
68346
68347
68349
68710
68351
68364
68353
68354
68355
68355
68357
68718
68359
68370
68361
68363
68365
68367
68369
68371
68373
68375
68377
68378
68379
68379
68381
68383
68385
68387
68390
68391
68393
68751
68394
68750
68751
68396
68397
68590
68780
68400
68402
68404
68405
68406
68406
68408
68410
68412
68413
68414
68414
68687
68418
68419
68420
68420
68742
68424
68426
68428
68430
68432
68434
68436
68438
68440
68598
68442
68444
68615
68446
68448
68604
68450
68452
68454
68456
68458
68460
68462
68464
68466
68468
68470
68472
68473
68474
68474
68476
68478
68480
68482
68484
68486
68488
68490
68492
68494
68496
68498
68500
68550
68502
68504
68506
68508
68510
68512
68514
68516
68518
68520
68522
68524
68526
68528
68530
68532
68534
68536
68538
68540
68542
68696
68544
68546
68548
68550
68552
68753
68760
68779
68753
68557
68593
68560
68562
68564
68566
68568
68570
68572
68574
68576
68578
68580
68582
68584
68586
68595
68588
68622
68592
68594
68596
68598
68600
68721
68602
68604
68606
68608
68777
68777
68612
68614
68616
68618
68693
68620
68779
68624
68626
68628
68705
68630
68640
68632
68634
68636
68638
68708
68640
68642
68644
68676
68646
68658
68648
68652
68650
68652
68726
68654
68680
68656
68664
68658
68660
68662
68664
68666
68713
68668
68758
68670
68672
68674
68676
68783
68680
68682
68684
68686
68690
68692
68694
68696
68698
68700
68707
68703
68705
68765
68709
68711
68713
68715
68717
68719
68721
68725
68727
68729
68732
68732
68791
68734
68736
68738
68737
68738
68741
68741
68746
68746
68778
68747
68749
68748
68749
68755
68758
68757
68768
68766
68761
68763
68767
68771
68800
68801
68775
68777
68781
68786
68787
68787
68789
68791
68792
68797
68795
68798
68797
68798
68800
68804
77224
77416
78392
68820
77533
77824
68825
77483
77950
77835
77877
78423
69895
70087
77611
68936
76199
78026
77216
77754
78431
69355
70441
75671
68996
77126
77850
70147
70753
78002
69355
69590
70943
71639
77867
78497
76715
78500
68989
76274
78570
73703
75061
75086
72036
77408
78465
68827
68879
78463
77897
77977
69131
70681
78632
69455
78531
71822
72737
74137
69151
69590
76588
77112
77313
78435
71611
72326
74337
70637
73774
74085
69468
69934
74525
77783
78015
78495
72458
72930
73645
72397
73926
74530
75844
78076
78441
75194
77816
78767
68887
74825
76647
72344
72966
74041
71159
72202
75216
70816
73878
75257
69175
76509
77315
71631
72959
74431
70880
74034
74438
70792
71879
75271
72157
72293
74688
72523
72969
74065
70943
76025
78419
74519
75124
78055
68972
76526
77322
70783
71892
75620
70913
72301
75182
76000
78058
78471
71420
74148
74555
70692
72094
75177
70659
72905
75054
68886
75978
77164
69030
77483
78278
71472
72678
75220
70257
72909
77463
72055
72670
76375
72149
76274
76890
71575
73743
74905
74704
75882
78508
74489
74667
75306
72751
74269
74932
71813
74193
75171
71366
71771
75514
72659
74229
74605
72399
77871
78442
76380
78481
78759
72291
72541
74465
70640
72974
75022
76175
77053
78503
71312
72471
74943
72710
72937
75263
70979
77556
78590
69329
78462
78532
73669
74790
75647
70914
75670
75993
72245
72855
74406
71025
71383
75751
70245
73269
77220
70882
72153
75650
77467
77799
73484
77790
78400
73184
74474
75419
77985
78006
78399
73414
74888
75002
70169
77958
78420
77715
77779
78235
71165
74328
74814
72576
74770
75099
69128
69211
77598
71067
73429
75398
73745
74636
75026
72342
72700
75365
74497
74786
75644
72228
74754
74785
70655
77037
78455
70547
77613
77805
69151
71174
71196
73714
75034
75361
71986
72303
75767
77537
78457
78717
69053
70784
74375
71730
71749
75865
72148
72214
75873
70771
74554
75399
72806
74357
75500
73968
74860
75256
74138
77957
78554
72602
73491
75482
71680
72059
72264
71882
72464
75663
71569
71659
75577
73536
75569
75708
71253
72359
75230
73055
75330
75905
72192
72618
75975
71449
71656
76269
72442
72641
75276
70525
76654
76863
73568
74633
74750
75576
76559
77252
73510
74093
75434
69338
75772
77247
69467
77674
78529
69285
70161
76774
74595
75293
75695
69070
70748
71194
70701
74310
78467
71718
74377
76476
71912
72470
75646
68966
77096
77577
71271
73364
76678
73859
74163
75654
70310
75210
76897
71594
71940
75746
70351
76494
78479
73319
73792
75070
70345
76287
78474
70429
73357
75531
71651
76284
78589
73084
74318
75391
69030
76677
76923
71788
72283
76272
72339
74298
75522
74200
74756
76296
73032
73284
75561
74204
74710
75254
68955
71350
77419
69302
71059
77987
69893
76475
69156
74183
76887
70306
73556
75142
70383
71009
78049
69059
74319
75134
74912
76530
76711
74083
75681
75947
71354
71461
75531
69171
77835
78763
70260
71964
76697
69862
70397
77873
77100
78401
70539
74452
77854
69303
73671
74575
71452
75277
77529
72374
75476
75675
70154
74178
76078
69548
69862
69298
74445
76253
71003
71467
75663
74604
74808
75719
71652
73953
78021
77815
77910
78451
71424
72332
75840
72566
73158
76835
69285
70644
72225
69602
73000
75190
70728
75297
77689
74944
75747
75881
72257
73376
76880
71049
75255
75585
69144
72963
74324
73337
73650
75362
71527
71993
75729
77598
78070
75414
77119
78591
69982
74840
75253
74333
75827
78586
72461
75107
75953
71439
72489
75833
73901
75341
75372
77810
77840
70069
74866
75940
69799
75386
77425
70820
73570
76284
69479
74105
75432
70341
73350
76170
74226
75004
75447
70001
71349
77420
70221
74022
75374
70042
74171
76064
73932
75521
76688
72239
74079
75698
73089
73703
74696
71314
73412
75721
69616
73948
76348
70214
73448
76543
70420
74695
75770
74420
75854
76981
72893
75020
76398
70134
75139
75352
69954
75481
75983
70425
76698
78648
73955
73972
76327
69373
74926
78584
72061
72378
75843
73821
75289
75622
71724
72429
76466
70086
75916
77525
72832
74073
76862
73984
77998
78553
71610
71717
76729
69698
74509
75056
71719
73304
75830
70177
74084
76164
76074
76560
71625
73402
76796
70628
75609
75918
72482
74739
76833
76539
77659
78292
73074
76208
76653
69965
74828
75477
73176
73432
77843
74477
74525
76112
71090
72712
75884
71296
75906
76057
70950
72826
75927
72298
76933
77916
72949
73874
76416
69974
74242
75721
75485
76181
76976
71410
76836
78580
76481
77066
78498
71809
73220
76709
71456
74701
76622
69888
75769
75867
70223
72645
78492
69718
75564
75774
74982
76609
72405
74567
74661
74024
75833
78711
71562
73047
76320
73265
73274
77042
70584
74847
75270
74607
75543
69997
75092
75495
69372
73680
74374
71535
72459
75654
72883
75503
75859
74385
76701
77350
74689
77041
77718
71080
71903
75865
70988
73066
75954
70844
75233
75247
72178
74449
76658
74856
76772
76836
78568
78619
73967
77909
78533
72444
76998
77473
69412
73950
74773
69785
75203
75734
69923
76245
76651
69658
75716
75831
73329
74619
75219
70472
73496
77340
72804
76884
77284
71094
74635
74780
70885
75200
75518
73711
76419
77775
71821
72924
75777
70307
72911
74437
71136
72109
75967
74046
76088
77023
70285
72575
76170
70096
70997
78035
72213
73052
75973
71459
75650
78575
70215
74372
75777
69760
74962
75624
70229
70838
76333
70022
73784
75577
69189
69338
69455
74803
76220
76832
69681
74993
75969
70916
71962
75220
72722
74506
77204
69966
73076
76064
71214
77586
77603
69763
74049
76111
74541
74606
76079
70516
74665
77855
70181
74430
75179
70099
75578
75841
69124
72842
75857
70350
73449
74797
69637
74983
75246
70459
75367
76225
71339
71540
75967
72701
72810
75362
71932
72605
77817
71335
74759
77306
70079
73332
75449
69532
75472
75631
70060
75928
76087
69964
75870
75885
69171
76924
77919
72315
73137
76374
69142
74435
75193
74198
74885
75988
75301
75753
74468
75814
77482
69661
74029
75209
71263
71365
75927
70024
71694
75766
70797
74384
76746
69623
75955
76006
71841
77931
78405
69890
74618
75551
70722
72921
78566
70395
72995
77017
74726
76683
77681
71429
76599
78470
71474
76959
78482
70827
71844
74955
69989
75138
75336
71904
74873
77471
72079
73839
75941
74013
75084
69671
75079
75405
73098
74176
69489
74154
75241
76191
76573
76999
74736
74801
77647
70757
72758
73129
70046
75018
75400
69581
75491
75657
76308
77225
74297
74492
74562
71203
75025
77155
72001
75512
76955
70318
74484
75699
73537
74977
74239
77155
78646
69612
76010
76020
70182
75752
75787
70108
73575
75825
69521
74656
75314
69172
71663
74316
69986
73634
75253
69224
74086
75264
69392
75754
77605
69768
75596
77115
70912
71847
75171
69343
74876
74935
74630
75015
76240
69728
70029
77520
76134
76408
74444
75317
73685
77489
78582
77480
78019
78458
76902
77869
69694
75965
76142
69526
75540
75778
71185
71667
76729
71665
71671
77881
69601
74407
75680
74189
74712
75566
70707
71401
76272
69665
74764
75498
70178
71660
75399
71980
74782
77686
70052
74272
75612
74436
75877
76227
69598
73826
75837
77078
77887
69705
75445
75662
70418
75238
75635
69554
75322
75706
71041
72168
75514
70893
74003
75026
69564
75981
76023
71560
75215
76573
74114
76719
77067
69748
69895
77336
70033
73603
76414
69391
75682
75696
70311
75412
77787
71650
71668
75884
71126
76417
77298
70875
76907
77320
74995
75553
76686
69714
73578
76111
69445
75829
75832
70193
76503
76541
69618
73881
75837
77516
77723
77883
71059
78069
69314
71600
75451
69801
75083
75757
69898
74922
75127
69219
74205
74906
70303
72269
75271
70389
75515
76678
69927
71234
74743
73043
74140
70050
75279
76296
73457
74237
76790
74588
76039
76821
70920
71842
77673
72794
74481
69916
72599
76078
69394
75653
75813
69387
75826
75880
75687
76499
77013
71906
72931
77780
69591
74441
75190
71174
73824
78513
72145
72740
77830
69838
76055
76244
69858
74858
75827
70136
70192
77967
72479
74122
76406
70375
73299
75891
76212
72081
76656
76865
69491
75380
75626
71982
74626
75853
75355
76782
77852
69761
74659
75269
69754
72441
77786
72522
77266
77666
76582
76584
77311
71518
74663
78477
69634
74983
75019
69823
75952
76431
69404
75930
76053
71930
72940
77728
71463
72152
77692
70665
74459
76719
70005
71503
75336
72173
73230
76859
70155
71303
75206
70157
73697
75350
69667
76136
77088
71609
73770
75954
69499
69538
70920
74613
75669
77407
69863
75396
75466
71541
76183
77117
69536
73898
77414
70620
78676
78728
70172
74043
75305
69452
74160
75520
69707
72486
77497
71079
76746
77248
72017
75797
77042
72693
77812
78539
69975
74549
74891
73152
74900
76155
69530
75296
75496
69664
73489
75365
69887
72493
76164
73167
74784
76775
69405
75672
75802
70664
72388
76235
70684
76854
77518
72182
73887
76658
71022
77658
78769
70293
72492
77012
69735
70011
77897
71674
76325
76840
76068
76219
75820
76934
77257
70183
73938
74744
69318
75554
75651
72013
74077
76614
69642
71816
75719
69919
76196
77379
69830
74103
78608
69306
75700
75743
70446
76905
77291
69437
75393
75452
69422
76186
76230
69713
71801
74290
76149
76583
70923
71035
75182
70540
72465
75729
70116
74361
76141
70837
78629
73513
75606
69715
72046
75256
70600
70750
77212
75748
75768
71116
73842
76571
74997
75359
75394
70774
72690
75973
70551
72510
75840
69850
74287
75855
69932
75956
76210
69582
76608
76618
70423
77892
70109
76696
76788
69945
70616
75172
70448
75186
76516
75556
75625
71853
74766
75788
69899
74746
75004
72513
74713
77489
69638
75945
76763
70437
73427
76621
69753
76071
76684
70574
74303
76386
69738
76781
76872
70824
71837
75699
69341
75598
75599
71196
77309
69336
73103
76447
69734
74904
75407
73628
76485
77202
69773
75578
75870
70812
77132
77394
75507
77233
78007
77802
78528
76464
77031
77504
70813
76005
69522
75501
76020
69574
75418
75749
75623
75668
69610
74325
75209
74275
75997
70063
73384
75830
72600
76389
77807
69739
71649
75770
69996
74428
75130
70948
71071
74688
70461
76600
77928
69608
74578
76209
72031
74907
76890
70241
74892
75971
69692
73575
73603
70681
75248
76467
76508
76592
69361
76043
76205
70015
74462
75873
69464
75431
75608
69918
72100
75054
69364
75602
75619
75609
75928
69403
73509
75520
72838
74380
77811
75490
75592
69971
72853
76871
76420
77193
77510
70588
75381
75715
69381
73301
75680
73034
74649
74990
72329
72606
76653
70097
75281
75636
73256
74923
73865
75874
71288
76612
77388
70468
72916
75941
70669
73584
74890
69776
76147
78594
70129
75795
76880
70287
71180
75139
72251
74713
77061
74145
74926
75201
76582
76734
74751
76124
77357
69985
71124
76671
69772
75129
75524
70053
74336
74599
75599
75625
69457
72512
77080
71252
73523
75434
69512
75137
75413
75651
75668
76909
77847
71849
73959
77660
75592
75743
73900
74658
76386
72390
73071
76192
70020
74637
75092
69579
75302
77072
70039
71971
76240
72318
75574
75946
71653
71767
77846
75639
75775
76765
74478
74876
75802
75829
75530
75748
70975
75260
77555
69632
77146
77836
73344
73528
75958
69539
72630
75391
70841
75077
76119
72286
72820
75979
77372
78354
70227
70452
74860
75097
76487
77531
69891
74532
76644
74480
76737
78022
69567
74764
75656
69926
75501
76459
71708
76427
76917
72698
76198
77632
69487
75387
75455
75965
76010
75344
76327
76359
70328
73420
75661
70599
73151
76644
69607
70757
72492
69994
74074
75951
77021
69859
74949
75637
70388
75270
76692
69726
74657
74805
69783
74604
75475
71504
76418
76755
69764
73551
75522
71298
71498
74431
70148
73883
75013
72767
72948
77484
75164
75556
70422
77091
77276
69712
76131
76137
69668
70395
71349
69444
74626
75918
69778
71429
73402
69835
76808
77166
75613
75895
75619
75768
70603
71162
74905
69956
75153
75841
70008
72863
75635
71169
73021
78520
71755
75076
75153
76243
76990
77087
74275
74673
69504
75709
76087
69517
76200
76541
70813
73674
70179
70721
75412
76524
76947
74798
75869
76555
70835
73990
76971
69477
77001
77055
69844
74621
74987
69804
70071
70750
69848
71488
77936
75109
75623
71553
71769
75767
73894
74635
78588
77264
77699
70051
74538
70762
70772
75002
70494
71370
75216
74069
75063
77558
71938
74719
78677
70114
73213
75528
70688
72539
75094
70469
71493
78571
70949
76928
77064
76091
76200
71026
71589
75646
70145
78603
69855
73268
75698
71070
75088
76646
69821
70087
72522
72801
72902
75942
74741
75858
76610
69496
76230
76349
73426
73846
78318
78376
75252
75530
69655
74966
75031
73677
74454
71052
71613
75254
75387
75700
71219
71337
74651
72627
73894
75552
74539
75459
77149
69731
73213
74578
76184
76209
70487
71510
74034
73282
75451
75913
70012
71465
76849
69656
70188
78025
69897
71536
78515
69597
74326
75129
77701
78184
78544
76211
76290
73373
73877
78443
70427
72523
76407
70656
72211
75081
69963
71954
74888
71072
71322
75746
70730
71311
74438
69659
75945
77189
74901
75490
75804
76374
77217
70309
71158
77879
69626
74809
75136
70073
71928
75500
76324
76791
77802
77849
78262
70233
70354
74489
69609
75956
76186
74922
75734
76189
76349
72477
76883
77801
69883
73617
76892
72265
73995
77504
75431
75696
71221
73935
77637
74622
76106
76882
72569
74367
77007
75031
75554
74528
76671
78541
75380
75653
70196
73732
76366
71573
76732
77961
70344
73495
74592
75911
76712
70021
74625
75273
73549
74089
73852
75447
75866
77521
77571
70881
71138
75644
71315
72634
75230
71290
72841
76622
70544
72391
74041
69900
75987
77639
69584
74793
74945
70269
72043
75177
69970
71616
76703
70848
76375
76873
75907
76571
77530
72085
74633
75009
71244
71761
75882
70953
71595
75566
75137
75813
71666
72272
75561
77158
78487
78557
69826
72028
73427
70855
73134
76669
69630
73433
74636
71318
73346
75946
70253
71632
73767
70140
73516
74640
70419
76652
77658
75393
75826
69755
75642
76299
70510
76876
77770
74407
76001
69588
76184
76229
69650
76965
77085
69822
74961
75128
76534
77297
77921
71200
74767
75694
71975
72231
77891
75136
75598
69941
76478
76604
69677
76024
76503
78067
78523
78551
73978
74984
76031
72911
75203
71531
71597
78056
75296
75682
77760
77995
72411
74259
76326
74300
75581
69725
76515
77786
70642
73470
76537
74827
76944
77206
74656
77012
69829
75506
75764
76508
77225
74515
75246
77075
77130
77987
70186
74498
76202
69809
70511
73278
73518
70298
71261
77332
71644
71927
75293
73017
75581
73049
74316
71872
74405
76742
70055
73606
77660
73865
74572
72563
73992
72135
74276
74398
69654
75885
76662
71427
73897
77159
71965
72874
75979
75049
76472
75302
75314
76229
76472
73643
75498
74443
76484
77323
75481
75955
69631
75575
75796
71173
77780
78620
70098
73419
75812
69782
75096
76143
70481
73747
75343
72840
74444
72307
73241
77536
70088
75895
76205
73686
74147
75875
75762
76971
77614
75445
75774
74059
76819
76948
71036
74849
75669
74941
75109
69928
74463
75677
69789
74744
75825
70047
75298
75616
71150
74555
76325
76905
77266
77572
74881
75234
76952
74160
76045
69701
76624
76763
75645
77681
78600
72563
74673
76477
76940
74144
77661
77789
76807
76809
77069
70199
75534
76368
73446
74750
69929
76981
77858
70118
76161
76561
71823
72126
75958
70488
75151
76009
76252
77260
77961
77474
77647
78011
70367
73663
77019
76136
77189
70120
70733
74485
71608
77962
78490
69707
71027
72441
75959
76871
75135
75164
77124
78754
69825
76353
77306
75322
75472
76053
76684
70182
70394
72853
73585
76037
70798
74301
74318
70743
72034
76009
74822
74840
73585
74572
71047
72998
75398
75930
75952
71474
74759
70863
72316
75971
70800
73040
75761
75418
75880
71348
75090
77889
71470
72592
75942
69691
76363
76624
72353
75288
76862
69872
72823
77627
76133
76455
69779
74988
75634
72752
73465
77666
70100
75163
76271
75079
76023
70610
76353
77756
71341
75433
77510
75468
76403
76904
70469
73190
77379
69695
70351
76046
72139
75709
76988
76574
77357
77360
70018
76662
76993
71176
77055
77548
76100
76372
76940
77085
69824
71680
77064
75018
76006
69807
77180
69735
70655
72498
70163
75406
78512
74061
76552
69708
70345
76856
69710
74986
75308
76071
76471
74308
77563
77635
69924
74193
75259
69973
74286
74795
74949
75778
71098
73922
76893
75456
75901
69819
77171
69880
76645
77136
74393
75640
70084
71219
73732
77132
77291
69896
71683
75648
73080
74435
74667
75892
74540
74908
77738
70876
72117
75325
78556
75491
75540
71423
76461
76688
73910
75692
75723
71977
73143
77824
77416
78182
78560
70745
71142
74333
69781
76531
77904
76133
76791
75307
76002
72236
72288
75148
75537
77327
69933
75065
76058
69803
76372
76477
76044
76189
69949
73951
75857
76338
77454
78573
74703
75452
70789
76558
69879
74703
74964
74099
75710
76992
76043
76211
73490
75070
73355
74164
74979
70078
74234
74702
69940
74129
74418
76112
76185
77332
70478
76879
77921
69955
74695
75908
70317
75703
77917
70074
74023
76892
71536
77057
73993
74089
75629
69777
70770
72250
73678
70104
71632
73938
75118
75686
78634
75065
75672
76079
77138
75602
75634
73338
73965
75761
70352
71792
75247
71332
71509
77632
71355
74221
77846
74659
75631
74463
75626
70747
71777
73941
73315
74013
74559
75352
71875
76655
77214
69777
70701
75011
70393
76579
77711
77585
77964
70239
76565
77860
69927
70363
72844
71212
74631
75569
74945
76841
77250
77404
73263
74476
76685
77257
70449
74700
75315
73602
76278
77251
76511
76621
74829
74901
70126
71969
75975
74587
74863
71042
73102
74049
75894
75948
76490
78601
74993
76055
69809
70525
74690
70674
73102
77161
70690
75442
77729
76604
76965
70364
73560
74137
70837
73712
78628
70187
75055
76970
71097
75485
78563
73653
75126
77589
71342
75113
75824
72164
74409
76790
75162
77102
78635
71240
71477
75585
75421
77622
70086
70474
76779
74621
75706
75417
76446
78702
76366
76414
70370
71911
75929
70059
73871
75438
70497
70720
74357
70467
72860
73441
72201
72321
75275
77036
75628
76982
78087
70629
74959
75636
74564
78637
78639
69865
74683
74835
74288
75214
75961
72535
76187
76961
69843
76091
77170
71469
76564
77447
77045
77496
77813
70460
72141
73430
70748
72818
77406
70359
70546
75282
73668
75316
75642
75832
76578
77304
76777
77420
76796
76876
71040
72108
76192
70037
74596
75022
74625
76431
74951
76270
75740
77449
78356
70433
73966
75076
69920
74961
76156
70589
73817
77202
75102
75737
76462
76567
77840
72514
75114
77435
74904
75981
77750
77872
78480
71720
74830
75482
70192
70997
74244
73989
77070
78703
76075
77161
74446
75413
70612
72319
73947
70837
71246
74895
70149
70194
77891
75509
75948
70168
70335
75570
75534
76777
70899
72458
75850
75410
75838
77675
70398
71048
74497
69876
76754
77232
74382
75495
72773
72839
78036
70117
75924
76139
76721
77206
75098
75608
73114
75060
75419
70207
73921
74732
69970
77546
74428
75405
71588
74075
77627
74641
75853
70479
71914
74943
73454
73531
76992
75196
75605
76165
70169
73109
76649
70027
72331
77092
70319
72394
75843
77442
77531
70240
76752
76814
72447
76754
76932
69976
74832
75098
76956
76969
72261
73741
75788
69907
71391
75988
74718
75135
75735
76290
71856
74091
76709
72529
76072
78526
72857
74805
70266
75735
75846
70861
72149
75839
77052
69962
75964
76511
73087
74661
74962
75716
71738
73258
77119
74549
75657
73512
75241
74432
77126
78693
73048
75791
76188
73192
73283
74390
75480
76030
70738
76753
71351
72494
72718
75396
75969
73826
75994
77937
78054
75666
76395
77795
70825
74298
74669
72778
75267
76885
77707
69977
72301
73530
70980
72072
72397
75243
76367
76433
71783
75219
70682
71611
72815
70723
71348
77498
69960
75257
76069
75478
75780
77699
71238
71822
71898
72888
75689
76667
73205
76350
77558
69952
76271
76412
74575
75904
70113
76454
77397
74163
75266
76135
77904
75616
76315
72395
74913
76585
70411
74835
75613
73556
74866
75185
75993
70957
72005
76082
75186
75983
74745
75464
74733
75455
72844
77619
72068
73841
73966
69990
76822
77387
73697
76142
75252
75872
77087
78047
69999
74442
74446
69948
71588
75121
70294
73453
77019
70832
72790
76543
70734
72154
75327
72236
74437
75764
77088
70102
75691
78025
76864
77016
77611
69978
71768
76141
72480
78365
73049
73217
74301
71759
74327
75518
71815
74932
74336
78688
70163
73952
77514
78511
71526
73348
77047
74986
76682
70545
76474
77441
74618
75564
74171
75894
77294
77333
70312
72336
75859
70786
72194
74296
70903
71109
73714
72678
74996
70023
75924
76210
71427
78522
74770
75943
76656
76787
75083
75831
74324
75458
70147
74054
76708
71170
71552
76227
71572
71635
77692
76691
72479
77640
69983
77237
77365
73335
74809
74441
75454
74700
75496
74941
75133
73774
75508
73652
76147
70141
76390
77697
70000
74178
75994
75239
75262
77669
74145
75384
76314
76368
72851
74059
74096
74873
74870
76179
77226
73301
75390
70348
72557
78079
70887
75647
75919
74478
75143
75959
77250
72395
74913
76367
70414
73425
74506
70223
74365
75113
74751
78716
70557
73372
77749
74286
75749
72840
73963
72063
73645
74220
74594
74829
74084
76081
77373
77902
71748
74535
77908
71396
74466
74641
70280
72670
73195
73509
75848
70636
72741
76155
71274
71468
72966
73083
75449
75824
76437
78494
71600
73179
77354
77013
77777
70920
77020
71944
76920
78380
71775
72060
75372
74046
76107
70384
72959
78576
71532
77517
77743
75331
77827
70080
74694
74877
73881
76081
74234
76299
74242
75794
75049
76679
71059
74354
71758
76528
76536
72137
73926
76012
71531
78759
72889
73315
75009
70151
73162
78537
70268
73335
74180
74650
74689
77859
70254
71159
73172
75367
76235
70288
73925
74814
76065
76312
76326
71455
71895
76233
74093
74583
70336
72700
75384
72710
73876
73713
78488
78555
77590
77878
78079
73098
73504
71186
71814
74328
75761
75817
76562
70272
73713
75964
73883
75662
72270
75316
70687
73589
74465
70340
74792
76058
76234
77128
70204
71229
75189
73420
75624
74893
75301
73985
74664
75119
74374
75936
71742
75007
77156
72922
75914
77335
71358
71511
73597
75074
77453
76417
76579
70582
74554
75390
74961
75316
75616
75138
75326
70428
73130
73969
73627
74015
75276
76073
76798
78654
77210
77270
77836
72702
74887
76998
74828
75769
74805
75307
76892
71110
72762
71279
77295
77804
75034
76396
73818
75307
75416
76465
77385
70874
75443
76066
72917
76355
76789
72782
74988
73497
75467
74823
76840
71204
71907
72981
71305
72622
76917
71199
71500
74229
75834
76100
73109
74722
75158
70356
70984
74737
75375
77929
77952
70291
73628
75848
73602
76141
76147
70243
74970
75510
75942
76334
76354
75471
77451
77972
70376
75363
77216
70315
72059
76655
77529
78610
74536
75308
74679
77281
76699
76865
73468
75640
70402
70769
72655
74390
77397
76430
77505
78624
75510
76478
70858
73963
74079
72724
75150
76362
70247
76246
77335
71964
76225
76075
76324
70446
70581
70942
72009
72666
72697
76398
73936
77051
77176
77394
77806
74129
77072
70279
76124
77729
72786
73602
73664
75350
73495
75466
70505
74885
75678
70343
75132
70981
78078
78526
70415
71163
75148
75144
76664
77228
72351
76428
76899
74945
75129
75581
74710
75184
72792
75077
75233
70211
76214
77811
75264
76080
74275
74876
75520
70451
76459
77212
70883
73398
74406
72248
74420
74882
73080
74669
70533
72930
74475
75279
77105
72209
73310
76059
72786
74361
74885
70580
74213
75968
73130
74987
77091
77867
70775
74938
75528
72238
72484
75465
71293
71827
75715
72448
76204
78604
70356
70474
71147
76805
73775
77008
73921
75637
70257
72791
78473
76474
76859
77441
74768
78538
74407
74572
74764
70443
72782
73845
73394
73513
70347
75323
75707
73585
75209
75498
72211
75400
74316
74444
75837
77318
77582
78536
74986
75640
76271
71125
77689
72953
76819
77558
78510
74160
74673
74983
73865
74926
75680
74300
74793
76009
70795
70914
73252
70526
72324
78701
73811
74789
73668
75128
75971
74013
74435
76111
73516
75757
72543
75298
75946
74236
75105
78027
76497
77986
78538
70407
73601
78365
73034
73394
74200
75045
74384
76118
71225
73615
77536
74043
75477
74634
75051
72921
76697
74454
75241
76644
73818
74023
75788
74213
75407
76341
76811
73831
76318
78387
73509
74478
75336
72963
73365
74295
74393
75308
75636
75415
75504
77548
77582
73247
76835
73636
74157
76108
72388
72484
71075
76269
76449
70634
73201
76711
77619
77756
70361
73669
76249
73017
74326
75699
72840
73881
75092
72314
74960
76546
74126
74538
72563
75190
75246
70996
71420
75333
74416
74832
70278
77318
77673
70421
74533
76416
72620
75381
76192
73935
77493
72468
72532
73055
71356
72647
75341
73106
74680
74325
75674
73039
75238
75715
74399
74650
76947
74629
75639
76155
71985
74605
78692
74018
76776
77629
74430
75940
73049
73826
75004
76050
76172
70624
72502
75559
71604
73946
76749
73034
74661
76164
73076
75475
70251
76641
76804
70737
77292
77300
75586
75995
76326
76337
76521
77098
72200
74192
75846
73932
74295
72420
75131
76347
70637
71329
71387
70803
73616
73664
74638
76196
77379
72367
75163
75979
77147
77170
76310
76799
75103
75128
74427
76246
77335
74573
75506
72857
73617
75518
77578
77859
73513
74575
76078
75579
77847
73080
73578
75139
70386
76357
77908
76669
77373
77902
76631
76972
73099
75495
75698
70620
78566
72326
75601
70865
72576
72748
75131
76347
77102
78472
71111
71700
72291
73150
73663
77536
74022
76245
70598
72214
76190
73315
74049
74604
73301
74145
75253
70504
72354
73029
71057
71752
73046
76639
76988
73050
75219
75988
73215
75133
73357
75758
73124
75352
75522
76983
77776
78529
75048
76599
73113
75391
75447
76113
76491
78577
71454
72779
72928
78595
73033
74527
74915
73289
75070
75770
76024
76972
77160
77537
74269
76007
71338
71364
74344
70622
77133
77970
73264
74750
75719
73121
75827
77206
74086
75816
76602
77477
77588
73578
75908
74754
75519
74898
75517
78239
70365
73731
75255
73274
76045
73256
74374
77660
75127
76561
73081
75278
73056
76336
77202
71538
73923
77887
72279
74325
75777
76699
77842
72113
75547
77637
70362
74427
78598
74490
77999
78754
70553
74530
76054
73570
76120
70932
72331
76959
75875
76798
77745
74272
75867
74498
76244
76577
76857
77019
74858
76851
71104
71633
76003
70376
74391
76926
74595
75225
70703
73525
73789
74140
74906
77658
76593
77372
70516
71597
72595
75330
77821
74326
75889
74806
75200
72097
77077
77605
73203
74283
76610
73464
77204
77659
70534
71727
73429
73038
75138
75830
76591
76666
78064
73106
76119
76543
71189
72352
72591
73946
75269
70547
72650
78570
70378
74073
75809
73878
73927
76480
70843
72855
72978
70856
76363
76632
70911
71336
75077
70526
70631
75093
71320
72293
71313
71407
72228
72630
73243
73994
72794
74086
76170
76471
76895
72794
73149
70910
72244
73223
70733
75664
78733
72319
75130
70460
70760
70360
74585
75024
71412
75718
75457
77813
70402
73188
73554
71844
75142
70467
71157
75681
76028
73394
74084
74178
73968
75458
70633
74337
75630
73317
71289
71485
74796
70943
73997
78418
75375
78515
75328
76215
75260
76251
73919
76626
76195
76314
71025
75557
75580
75723
73497
75449
75635
73150
76577
70410
72344
74467
71570
74823
76339
70750
76489
73351
77101
77671
77348
77481
78329
73370
74840
75365
70631
71848
75348
72315
76346
76663
77163
78018
78468
71870
75020
71525
71729
74931
75980
76742
77209
71233
73607
74192
73504
74171
74695
72415
78650
71569
75454
71556
76544
77244
73568
75274
76816
76952
77498
75134
76300
73784
75557
73062
75553
76398
70562
76140
76487
71033
74980
76784
70728
73828
78540
76694
76993
73809
75167
72435
75228
77345
77665
77804
73412
74515
73361
77103
77703
70642
70934
75703
75507
77555
77973
73593
74615
76879
76992
77721
70700
74068
74683
74297
74412
74562
72493
73087
75254
75855
77237
72769
73652
75958
71081
77985
78650
70659
73994
77857
77923
72658
74701
75394
70731
73821
74730
73743
76128
70554
70936
75106
73208
77075
77423
74607
75134
75270
73039
73497
74134
74140
73289
73504
72466
77482
77295
77517
72623
75014
77845
76288
77244
77435
71453
77924
73798
74405
75958
75099
76264
73492
74442
73489
74731
70437
77282
78522
73308
75281
75941
71175
74344
75196
76756
76837
70784
74810
76584
70660
72655
76679
70937
71106
73767
71278
78521
72071
72389
76559
73081
73453
75585
73149
73350
74554
74403
75806
76592
70922
77276
77873
72263
74594
70529
73505
74416
72617
73274
73628
72839
77381
77850
78574
73747
75551
74966
75426
72886
73888
75954
76044
76951
71816
74003
73104
74441
75721
75232
75718
76694
75512
76767
77915
70484
72197
73841
72478
73043
76658
73733
75589
76903
73449
76651
72615
73498
77740
70646
73475
74938
70626
76632
77065
73951
76238
77855
72822
74627
77632
74016
76214
77811
72579
75281
75896
73303
75460
73015
75200
75843
72732
72786
74254
70727
72695
78465
75165
76296
77128
78424
73098
74324
76064
70756
72568
73095
77340
77626
78504
73654
74422
73284
75240
73368
74242
75577
72154
74891
73858
74052
76701
72992
75255
75723
73016
73300
70523
72248
76268
77356
70829
72900
74573
75277
76817
74793
75809
73480
75034
75500
70562
73972
75820
73069
74372
75840
74061
75056
77972
75097
77531
77627
71882
76120
70851
72803
74651
70940
72192
75300
72924
73643
70711
72193
73616
76822
77387
77830
70955
75712
76492
70654
73579
75877
72439
73446
75026
70586
74410
76057
71511
74719
74361
76285
71169
72831
78152
73618
73680
76272
73214
76321
77816
76193
76603
77505
77648
77966
70525
72609
73285
74484
75729
73940
74035
77265
75145
76131
76137
71774
71791
74784
71652
73651
71713
71718
74609
70593
73008
74466
70819
72080
75032
72575
73059
74357
73119
74892
75973
72633
76629
77336
71234
74886
70971
74733
76706
70698
74317
71842
71880
76850
77409
70860
72074
77065
73215
73757
72350
72630
75654
71974
72954
74396
73624
74667
75256
70692
74731
73304
75143
73750
76610
76732
72970
74710
75975
74248
77145
78603
76187
76525
78666
74462
75935
74484
75856
76150
76428
77572
72593
75044
77426
71106
71414
72977
72905
75601
76437
77697
77974
78514
70884
78569
74384
74391
75412
74104
76923
77491
72462
73268
75884
74372
75974
71061
73915
77864
70792
75313
70677
75006
73405
73446
75333
70993
71024
71803
73481
76411
77235
78406
72179
73490
75434
71055
72153
73992
72105
76452
77740
73101
73491
74845
72399
72035
73132
75293
73076
73552
74860
70623
77953
78659
75048
77143
78524
71078
72242
78684
70783
71359
75587
70999
71017
78614
70816
73482
75378
72314
78063
78347
72463
77543
78613
73565
74319
76729
73842
76572
75159
75286
76394
77475
73934
77418
77936
71083
71855
73475
73187
76465
76709
74956
76980
77128
74396
74964
76013
77907
73350
76001
76705
78160
78360
74527
74607
72567
73551
75927
74085
76569
70661
70880
75045
72620
73039
76336
77095
74315
74918
76499
72850
73489
75531
71490
72174
72900
73819
74068
75112
75775
78634
71980
73945
78743
72371
73040
75979
74330
76036
77216
72157
73312
73581
74454
72476
76516
76924
77434
78283
71696
72659
74379
76566
76990
73367
74163
75054
70655
74028
77210
73512
74532
76227
74199
74802
77692
74804
77477
77532
74336
75301
75857
77509
77903
70826
72080
73954
72244
74795
70970
74254
74619
73380
74555
74636
72862
73384
75967
72515
73181
74755
75933
78298
78657
77263
77467
77799
70717
72263
78615
74544
78565
76528
76696
76788
77570
77996
71110
71851
70660
73763
74602
70947
71331
78561
75211
75834
74249
77250
77404
75090
77298
74393
76778
73636
75247
75681
76749
72963
74176
77155
71656
75931
74981
75359
72958
73006
77489
74647
75639
72674
72715
71375
73342
75600
73299
74100
76374
70822
72500
72714
72082
73440
77426
75888
76311
72863
73083
75561
76726
77927
73870
75088
77118
74418
74450
72599
73613
75002
73913
77965
78512
73919
77426
78597
72125
72622
76192
72558
74917
76622
73438
75151
76862
72485
74754
74814
73657
76809
70789
72194
75013
73151
73581
77119
73003
74346
77846
72409
73367
72758
71452
77105
73671
73701
77846
77483
77950
78739
73348
74797
74944
76033
72714
74093
75022
72564
76326
76738
73287
75264
76880
72539
75179
71272
74111
75171
72877
73332
76622
71275
76391
77719
72474
77264
77699
76767
77915
71518
74944
76719
71732
76021
78606
70936
72347
73207
72379
73650
75020
71375
71832
74224
74232
73769
73935
77811
71841
75422
72202
76128
73417
73955
77871
75796
76137
73592
75289
75767
71551
72178
73220
72359
75181
71777
75305
72017
73725
74497
77569
78005
71034
71297
72066
71802
73245
72834
76976
78438
77370
77452
77690
73709
75210
76897
73838
75769
75867
74056
77370
77492
74173
75804
73251
74770
74888
76289
76994
70770
70834
70749
71312
71368
74623
74837
73143
73949
76095
77725
72753
74595
75859
73389
73568
77908
73680
75545
74376
77401
77976
73483
74866
75940
73596
73900
77536
73893
74612
76447
77802
78033
73087
73231
75300
71134
71991
76882
77559
78047
78220
73245
73357
75177
71919
73492
73237
73440
74798
71464
71732
76706
72575
75656
73103
75780
74890
75374
71541
72171
74608
76823
78022
71325
71390
72176
72787
75398
75675
74593
78464
78539
73914
77443
78027
71354
74822
71481
71986
72896
75716
75831
72413
78753
70755
75315
71384
75424
77524
73123
75564
75774
75439
77413
72467
74792
73898
75536
77039
72473
72592
75946
74676
76357
77908
75667
76454
77397
74300
76285
72405
73979
77780
71695
71771
70776
71788
76037
71752
74640
72065
76615
72602
75493
76918
73557
74321
76742
74999
76390
77697
73109
74722
74046
74517
75873
72750
74268
74351
71943
73505
74586
75160
71044
71045
71721
72300
72790
75942
74057
77016
75226
75575
75796
72459
73852
76334
76748
77424
72422
77442
77531
73717
74193
75993
73610
74083
75566
74445
74516
76573
73325
74034
75277
74612
76139
72994
73149
74386
72599
74746
73726
77820
77883
74892
76040
76657
76951
71749
75874
76620
77460
78742
71415
71783
75646
72325
75472
75631
71910
75955
76006
73309
75527
77807
72916
73145
75967
71973
74048
71310
71378
71521
75357
75527
72568
74732
74742
76113
76520
73061
76836
78579
72357
76206
76917
77425
73566
75579
77335
72042
73390
72503
75491
75657
73477
73849
77660
71813
75892
71660
73800
74438
76663
77937
71086
71366
76562
77459
78198
75283
75817
71053
71444
72574
73922
74120
77144
72242
75081
71509
72062
74784
71667
72088
73429
72562
75540
75778
73656
76536
77854
76964
77849
78221
73358
74147
76284
74044
74476
76327
75747
76130
76571
75262
78036
75244
74071
76680
77728
72295
75995
77803
72781
72828
73498
77941
78018
72795
73066
75746
70826
75968
74147
75313
73161
76350
76874
77323
71933
75529
72812
74259
75788
73017
75678
71463
78581
72039
74413
72005
75612
73137
74107
77313
71204
75273
73718
73842
76386
75371
76313
77474
74851
76119
76149
76253
76971
74310
75547
74203
76253
73576
73606
75708
77108
75741
76018
77435
77509
77903
72891
75877
76809
72792
73106
73051
75067
78014
74739
75992
72792
73636
71874
72274
72723
72738
72826
75646
71158
71665
71867
72489
76276
76578
77070
77304
72926
73346
76386
74262
75211
72370
73284
74943
72265
72854
77265
73199
78414
78588
74287
77373
76895
77678
71244
71300
71510
72303
78567
74161
76075
77161
74488
77951
71694
76842
71077
71489
72550
73668
76660
70879
71398
72846
74458
73414
75904
73084
73236
75514
77787
77876
78433
76242
76611
77809
72100
72382
73172
74074
75267
77357
72672
75759
76886
74723
75306
76688
73677
77681
78599
77195
78627
76131
76454
74825
74957
72129
73831
77235
78387
74510
76845
77051
74664
77082
73325
73800
71314
72114
78564
71132
71658
73519
71912
75364
73524
77058
72857
73827
74503
74847
77321
76983
77776
73539
75509
76190
74576
74618
75551
73200
74611
77610
75987
76746
77937
71536
72718
77057
71847
72046
73419
74679
74752
71150
71945
75220
72201
73319
76653
73390
73570
75271
72661
75779
76891
72094
76007
72690
72996
75884
77066
77550
78629
72339
72899
77692
72806
75816
72368
75322
75706
74222
76515
77786
71619
71960
72374
71073
76611
77800
74150
77791
77837
73469
77431
78743
72289
74180
75233
76660
70916
73433
71387
72715
73637
73259
73717
72717
76962
77564
71945
72195
71529
73137
76893
71620
71749
71788
75149
76255
77071
77409
73204
74962
75624
77263
77467
71467
75266
71401
72340
74328
71447
74017
74058
71878
75653
75813
74740
76245
76651
72943
75644
76776
73340
74905
76990
72108
72346
75761
72095
76043
76205
77017
77194
73396
75865
78583
74738
76409
73333
74828
75477
72665
74231
74970
70956
74908
75863
73400
73569
76389
71930
73395
74020
75865
78601
73073
77907
73070
72712
72745
75230
73871
74854
75074
72819
77135
78768
71406
71476
72278
72342
74475
77626
77970
73551
75364
71871
75682
75696
73784
74155
76678
74083
76410
72699
73288
76729
75488
76195
74367
74540
71848
75661
72641
73142
75492
76705
77918
78174
72262
76211
76290
76375
77035
77113
73522
75445
75662
75792
76866
78751
74264
75754
77847
72100
73275
75663
71406
71489
72322
72381
74094
77007
77693
72075
75826
75880
72510
72975
75954
71725
73220
75872
76753
71262
74184
75746
72684
75981
76023
75299
75596
77585
73064
75507
74143
75923
77745
75010
75470
76755
72314
75062
77516
72722
76539
71879
75508
76505
78115
73270
73490
75529
72523
73487
75099
74383
75344
73519
74509
75650
73343
76324
76791
74348
75948
77936
73888
75989
72456
73996
75488
71206
71922
72101
72465
73097
75927
71264
71599
78622
71166
72581
73730
74123
77780
71011
72160
72472
71214
75274
75335
75415
71554
73739
74165
71208
71641
71754
73334
73460
75230
72016
72303
78568
72497
72741
76543
72269
73530
73886
74024
75882
71756
72252
76775
73556
73641
75142
76444
77003
77141
78715
72810
73782
75341
77104
77649
73494
74664
77082
71445
71995
78671
71610
71658
72153
73619
75367
76225
73951
74491
74730
76860
77672
77793
71555
77903
77969
71168
71641
71987
73785
75036
77528
78190
71226
71544
73595
78547
77177
77464
77506
75074
75730
78147
74906
76979
73134
73371
74469
73029
74931
71577
73696
72826
75856
76455
76804
72505
72707
77728
72528
73290
77632
71380
77770
77917
72698
76280
77563
71430
72152
73685
76932
77406
71257
72000
71201
71535
71961
75687
78454
76950
77554
77677
73092
74148
77586
71220
72052
72193
75381
75502
73084
74467
77145
77147
74858
77579
77879
71220
78684
71245
72518
73875
72557
73776
77789
75675
77203
72017
75019
72950
73081
71548
72174
78678
72246
75203
75734
72493
74637
71476
72169
72260
71575
71753
77131
71610
75997
72643
76538
77603
72115
73969
73276
76658
78593
77261
72628
75515
76500
72028
77976
75730
76770
77557
76634
77871
78444
73692
74785
75569
72874
73198
76992
73393
75514
78585
71619
72088
72787
71780
73959
77418
72483
75672
75802
77118
78053
72148
74220
73066
75974
77101
77103
73383
74022
75374
71261
72824
76163
72146
72166
73406
74975
71485
72982
73918
71325
74296
75987
76973
73312
78601
74201
77454
71882
72805
75216
73550
74151
74591
72159
75380
75626
77703
78257
78660
71663
78580
71624
75700
75743
72296
75079
75405
73638
74430
75179
73268
75181
76740
77572
77978
71201
73637
75182
72343
75063
76554
76567
76645
76781
71521
72430
74115
74127
74737
74921
77611
71271
75794
77144
77930
72239
72720
75767
71243
71440
76765
73064
73141
78549
74134
74803
76652
72451
73525
76641
73031
73500
73696
75515
75751
74128
74520
76231
77575
78408
78642
71390
71641
72254
72454
72444
76080
75607
76974
72442
76410
71850
75748
75768
72940
73147
78621
71691
73260
77563
74934
76124
77537
75747
76803
71284
71579
71804
72003
73125
74550
77230
74681
75192
77760
71826
73488
75650
71442
75208
76668
72437
73329
76709
76266
77314
77878
74190
76097
78045
71638
74070
76068
77117
77812
71519
74308
75037
72678
72828
75257
71248
71670
78611
75124
77042
78446
71684
75554
75651
71268
76552
72667
74377
74431
76935
77561
71825
72855
74739
73384
75240
71328
72234
72289
76776
77646
74863
76135
77904
72294
72707
77728
74277
77812
78540
73121
74827
76769
77053
77071
78464
72109
72603
75561
74679
75759
77494
74452
74462
74716
77248
77662
72014
74148
77785
71544
74194
77093
71472
75221
71881
72182
76559
72394
72525
75840
71714
74718
75912
71578
75556
75625
71673
76768
77393
72311
73316
76272
75401
76574
71747
73854
71728
72805
71653
71906
71988
74235
74272
75612
71449
71807
73943
74450
76194
71723
75598
75599
71407
72340
72485
72591
74796
71737
75906
77830
71922
72053
72490
72287
76968
74532
76682
72997
76656
76865
72824
73956
76269
72405
73395
75704
76308
77413
78017
77909
78035
72110
73398
74406
73025
75658
77319
73041
73980
76995
71649
73523
71829
71912
74406
72106
75393
75452
72674
74085
76057
73421
76680
76960
74319
75852
71424
75674
72342
72731
74688
73532
74766
76790
72502
76233
72366
75296
75496
72269
73529
75663
71811
72940
78620
76511
76621
78521
72065
73445
77004
71410
71710
71771
76273
76445
72587
73743
74506
71918
72078
74110
74299
71940
75989
74877
75575
71954
72091
72359
74465
72090
74176
75358
75448
71590
71943
72098
71907
73293
73443
72409
72905
74041
72098
73166
72373
74993
75969
72531
77671
78242
77280
77687
78698
74785
77114
72586
74550
76484
72643
73092
72572
75288
76742
73740
76055
76244
74682
75442
77569
73891
75089
78143
74253
74579
73377
78685
73769
76934
74527
74847
77451
72976
73989
76775
71411
77087
78047
73663
76315
71984
74194
72217
75431
75608
71969
72703
75973
74030
76424
71721
72101
72176
71601
71909
71929
78675
74457
76882
76935
75782
76861
72248
76171
72144
73053
78616
71669
72931
74649
72205
72466
76155
71892
76249
71687
75623
75668
73453
76156
73564
75083
75757
72848
75655
77208
72434
74900
71461
71773
71721
72648
71570
76401
77364
73347
74741
76559
71950
73462
71297
71662
71897
72152
74496
78764
73165
74362
75708
71263
74559
71700
72091
73334
76839
77513
77816
72632
76953
78091
74201
77985
78006
71297
71970
72739
72301
72715
73774
72305
76737
78164
71689
74329
76850
73653
71322
71928
71618
72567
72000
72552
72057
75959
76871
72231
73247
77891
77289
77592
78776
71717
75543
74116
76958
77493
74218
75550
77519
72561
74155
71847
72046
75012
77699
78530
71724
76851
76738
77166
73799
75359
76711
72121
76043
76211
71885
77278
73537
77591
75040
76645
77136
72148
72625
74688
72571
76777
77420
74815
75521
78647
71662
74271
71968
75959
77250
74552
75372
76039
71541
74048
75620
71815
75850
71455
73621
74352
73332
75493
71950
72607
73635
72312
73611
74798
75238
76778
71316
75599
75625
73772
76403
78748
71329
72674
73988
72220
74377
77086
73279
76486
76739
73816
75882
76853
77567
78727
73990
74207
76790
76744
77706
72656
77340
77626
74861
77425
72639
75418
75749
75386
75421
78743
73461
76183
77956
71568
73923
75430
71977
77704
71660
73634
71808
72370
73536
75936
78563
72712
76040
75651
75668
77648
77928
77966
75298
76259
72616
75647
77776
71903
78584
72225
76639
76861
71715
71821
73211
74659
75269
74483
76417
77298
73796
74211
72621
75509
77023
73973
77326
77584
72054
73757
76264
71458
71653
74979
71909
72956
74627
76093
72545
76689
77380
73949
75765
76084
77392
77872
77969
72270
75574
73503
75465
72124
75239
71507
71644
72862
71857
72959
78575
74473
78054
71608
77152
73586
74164
77600
76725
76877
77319
71690
75490
75592
72146
73940
77097
72408
72946
75729
71908
75195
72980
75167
75560
75791
76720
75949
78515
71637
76193
76276
77989
76723
77368
77644
72076
72850
73671
76261
71993
75889
71467
72984
75182
71414
78728
72737
77086
71887
76702
77880
73043
73086
74727
72377
73528
76610
72489
72882
76375
77806
78038
72465
74583
71710
73236
71918
74174
76884
72370
73032
75392
73658
76909
77847
71651
71996
72276
71506
72283
74923
74769
75090
77889
71402
75619
75768
71457
72949
74189
76059
72249
77333
77404
74169
77081
77176
71772
71977
71601
71909
72115
77401
77976
74009
75444
77149
72426
73716
74221
71898
72147
73673
71526
73857
75960
73537
74183
74187
74415
75088
76581
75943
72670
73146
74269
72500
72974
76701
73095
71415
71837
72030
72804
77026
78385
78517
74153
76488
77621
73428
75361
76998
72937
74240
75914
74485
77526
74166
75324
78442
71422
73991
71736
72052
78622
71949
72993
74943
71814
72311
75592
75743
73771
76836
78618
72372
76135
76590
71621
73164
73326
78562
75545
75523
77266
77836
73620
75883
77473
71695
73771
76243
76896
77559
75621
75752
72419
75534
76777
73981
78729
71589
72299
73589
74465
74599
74893
76986
76957
78631
78670
72043
73630
75833
73092
73380
71902
74543
75810
74164
77600
75306
77751
71833
73069
71488
73837
77936
72884
77941
77966
73386
76432
71978
75602
75619
73688
75652
71463
78582
72588
75930
76053
76667
78100
78412
73863
76904
77102
74038
75588
75944
78162
72208
72222
72407
73609
73174
74748
76939
72126
72536
76009
74350
75485
78564
72043
73195
73229
75162
73419
74699
77716
76224
77287
73326
75702
75782
71525
73941
71621
78670
72449
74889
76711
73949
74011
76098
71971
75558
76862
72815
75150
76362
77056
74950
75334
75516
73325
76852
74569
77544
78649
76522
78596
74592
72658
73057
73874
74712
71906
75119
74509
76429
73866
75276
77452
71510
72736
72985
77058
72899
73399
76101
74837
76631
73002
74904
75407
73275
72168
78586
76863
77217
76354
76435
72852
73690
75723
73482
72689
75613
75895
74762
76218
72355
72998
75398
73046
73052
75103
72578
75829
75832
73259
75419
75670
72306
73201
76917
72842
78619
71508
75530
75748
72781
73878
76982
75766
75839
76274
73947
71534
71716
73835
73916
75144
76367
77528
72421
72621
73223
72644
74231
76581
77275
78696
74774
75893
77269
76531
77810
72253
75137
75413
76789
78260
78724
71955
76184
76229
73983
76331
76525
71659
73560
75453
77505
78624
72427
72445
74587
76539
76670
78268
75871
76476
78539
71927
73817
75893
78680
77186
78333
78361
71730
72215
72849
75293
75387
75700
71791
72528
72151
73369
74132
73094
73955
76847
72507
75007
76213
71603
71903
72293
72542
75580
75975
72906
74949
75637
72927
73100
76892
74114
75881
77456
77635
72799
73300
76756
76492
71808
72471
73491
72550
72574
72581
71659
72338
74431
72861
73861
74955
71775
71858
72946
71790
72234
78561
77313
77911
77104
77796
78049
76704
78758
74183
77982
72710
73042
76240
71598
73846
73929
71954
75480
73988
75906
77906
75430
77078
72131
76136
77088
72916
75225
71908
73303
76468
77719
72392
76091
77170
75327
72600
73241
77875
72267
74080
78578
71709
72541
72641
72323
73899
78622
74200
74386
75399
72045
72949
74680
71809
74727
73839
74536
75289
77234
74775
76339
76353
77306
71595
74015
76661
77158
78487
71582
74571
75869
71656
72876
74337
74445
75736
73045
75396
75466
71689
75210
71739
75164
75556
72056
75534
76368
72150
74065
74221
73801
74420
74468
73378
73449
74797
74291
75207
72338
73368
77191
72031
73153
75220
74802
76482
73750
74862
72190
72557
75772
72587
73340
73055
74912
75291
72147
74137
75393
75826
71662
73597
71991
74355
76882
73999
74043
75305
74798
75015
74050
77901
77957
74689
75876
77033
72735
73321
77042
72711
75895
76205
74597
76781
76872
72631
73311
71634
71837
71929
72054
72111
73645
76612
71819
71891
73554
73795
75185
76890
71696
72934
74184
73160
73527
72292
72429
74041
71652
74136
73426
78299
71736
72000
72816
74456
74553
71919
71794
76184
76209
72157
73312
75677
76101
74698
77683
77715
73746
73987
75362
72259
72482
75550
74113
76319
72510
74806
73288
71705
72876
72685
76416
77482
71668
74382
73508
74549
74891
72723
73998
77661
75978
77367
73747
75183
75343
72646
75434
75852
71730
72283
72472
73847
71809
74727
75822
72033
76075
76324
75380
75653
77941
78018
73799
76056
76540
72856
77228
78241
72026
72168
72966
71937
73052
75585
73871
74426
77720
71713
71857
72667
74191
74387
72537
74704
72965
75699
72339
73398
72052
73377
78623
77513
77746
75717
77972
77672
77743
71838
76379
77051
71967
76230
76349
72989
76827
77793
75326
75691
78025
78754
72516
72666
76398
72944
73183
76170
72780
76787
77827
72179
72327
72690
75184
73425
74346
73673
75751
76282
73407
75302
77072
73956
76700
77375
77790
78421
71717
72232
71820
73622
76403
77738
72220
73217
78579
75141
75617
77126
73854
74025
72109
75896
71727
72699
71707
72462
71767
75606
71950
72050
72887
71701
76466
75353
76833
76933
77290
77762
77907
77943
73882
74099
77119
72044
72820
75715
72029
74419
75833
72837
75481
75983
72073
73657
75859
75525
75864
75268
75476
78554
72257
77337
78612
71801
76076
75296
75682
72058
75105
75569
72496
73770
75518
75431
75696
71822
71892
71973
74021
78398
75137
75813
72698
76002
72336
72873
75941
73118
74621
74987
75839
77726
75753
76396
74263
75025
75900
72040
74381
76945
72064
75252
75530
76028
72585
74994
75931
72132
76071
76684
74967
76928
77064
72304
73078
76619
71728
72202
76837
77294
78472
72626
75254
71991
73201
72291
72442
78580
72954
74027
74670
72218
75482
76602
76429
75426
77015
73128
75777
76509
77310
78299
73565
72667
75871
71914
72998
72105
72841
72538
71914
72669
75830
75418
75880
72292
75986
72178
76278
72398
75387
75455
74935
72326
71938
75094
74020
71858
71993
75341
75739
78605
72835
73160
75276
73432
76702
77253
71768
72554
76141
72334
74410
76057
73151
76412
75031
75554
72937
73410
75223
72416
75957
77591
75061
76606
72274
73296
76920
73063
73817
77202
71778
75109
75623
71799
71806
75159
75175
71951
77879
72085
72952
73389
73396
75037
75614
77456
73189
76044
76189
73544
73672
77204
77682
72098
78615
77472
77842
72061
75519
73883
74131
75013
76515
76788
73617
76343
75806
76907
77320
74024
75758
71939
74981
75359
73778
74092
74692
73887
74205
74724
72069
74426
76996
74101
74533
76416
71988
73701
72034
72769
72239
73589
71802
72094
72458
73393
76584
77755
73451
75531
72378
73827
74596
71919
78615
78675
73330
73830
75136
75598
74067
74561
78076
71849
73934
76434
72501
76372
76477
72990
77035
77746
72470
75033
71981
74647
75639
72085
72513
75084
74385
76518
77870
75740
77449
78664
73316
73889
76131
76454
71929
72054
74657
72310
72316
73460
72834
72888
74471
74656
75314
72952
74535
74713
73695
74428
75130
73085
73738
76644
72533
76214
77246
71831
75214
76595
77332
77472
77842
74522
78606
72930
72581
73744
73314
73455
72230
74922
75127
71831
77475
73721
76269
72602
73187
73457
74007
77563
71930
73395
72369
74699
77541
73717
74111
74029
72452
74063
72439
72597
73512
73614
74972
72187
74739
75992
72334
73893
71876
73634
71928
72147
74405
76267
73302
73363
77736
72245
72482
73000
78575
72820
73468
74890
75785
78565
72855
72978
71890
73679
75271
74686
77822
73342
76690
71877
74328
73018
73560
74137
71873
72021
76138
76152
71886
74851
76119
74622
77176
77909
78035
78609
74694
74767
74877
77808
77552
74021
76003
78533
71920
74235
72002
74055
78721
73573
76956
77133
72385
74179
74684
73256
75802
75829
73813
75003
76122
72663
76496
77083
77947
73818
76469
76182
76637
77187
74818
75173
73329
75992
76429
75372
73111
74337
75630
72610
74966
75031
72907
73126
77019
72479
74045
75051
76102
76485
77679
73810
75726
76884
72352
72354
73314
75652
78018
78469
76787
77827
75544
75600
77456
74570
77761
77983
73650
76841
75491
75540
72521
75980
72138
76167
78146
72869
73998
74215
74980
76969
73249
75399
73925
74814
75322
75472
72049
73679
76823
78022
73887
75576
73529
72679
73404
75843
75504
76565
77860
76404
77864
75077
75574
76355
76664
75167
77127
77902
74080
76129
77738
72269
73530
72066
72220
73661
73766
72204
76215
77545
74929
75312
77555
73129
73599
73908
72015
72061
76775
73597
73981
75919
71964
73542
76697
73311
74541
77627
73381
74423
77007
76008
77092
78583
72818
75295
76615
72123
73764
76104
74123
74702
74563
78561
75965
76010
75173
76657
72738
73780
77553
77605
71949
75427
75740
76773
76191
76583
78478
72103
73645
74220
76994
73640
74156
74955
72224
75135
75164
73845
72184
74901
75490
74522
78606
78638
74258
75459
77128
72807
73773
75177
72035
72386
72165
78674
72294
74097
75065
76058
76611
77800
74385
76518
73766
75620
77389
72488
76024
76503
77523
77760
78709
73731
75255
73957
74421
75394
76793
72551
72795
76335
76629
77865
73273
76667
78100
73166
73577
73739
74694
73433
75595
77141
77702
72216
74578
76209
74994
77589
77881
72998
74674
75331
77827
72235
73603
76414
73697
74001
75350
72393
76186
76230
73420
73862
75661
76228
77448
78705
72607
74653
76008
72675
74809
75136
74138
76300
73466
75654
72031
75259
73436
74255
77283
74740
75163
76795
75484
75539
77816
76010
76020
75870
75885
72213
72542
72256
72977
71976
72832
72762
75342
75607
72737
74960
75912
77333
77404
72032
72666
77782
75642
75832
75055
76341
76373
74644
78742
75775
76748
77623
77889
73913
75866
78512
75376
78548
72461
76495
72016
73592
72053
72254
72931
73815
74969
77388
73735
74201
76495
72449
73254
74463
75677
73285
73375
75478
77787
72160
72450
73323
74241
76284
76310
76342
76752
74202
75642
76299
73140
73575
75825
72256
74452
76528
72403
72517
74090
73156
73314
72276
73961
75216
72499
73862
72634
73291
75971
73271
76699
77842
76074
77224
78738
72839
77029
72189
72602
75493
75217
75796
76137
72410
73158
73926
73954
74878
77586
77896
72378
74784
78619
72735
72544
72682
77667
72461
73879
74605
72050
72887
73091
74526
72156
74811
77288
77813
78079
73802
76390
77263
75279
76820
77967
76218
77872
78483
72344
74467
74323
76481
77866
72728
76404
78624
78711
72333
75988
73795
73409
76240
76091
76200
72126
73817
75879
77219
73228
77629
78076
73219
76195
76314
73954
74027
74225
78662
72440
77814
77978
72049
74530
72807
75381
75502
74189
76108
72589
76336
76382
76649
74066
74609
75684
75717
72397
78744
72258
73250
76164
74499
72101
73687
77113
77747
75855
77237
77387
77640
74236
75708
75525
76527
76039
77330
73404
73167
76093
75935
76612
75065
75672
77398
72816
72285
73134
73601
76424
77597
77720
78107
73723
75735
76290
72182
78594
72566
76569
72336
73579
72559
72673
76096
75079
76023
72151
74438
75250
75287
76582
74174
76613
72336
73579
73676
74646
77589
77881
76224
76919
75741
75900
78608
73120
74596
75022
73272
77388
77854
74344
78017
78038
75852
76527
76956
76969
72321
73074
73583
72291
72133
75402
78673
72162
72443
75698
73773
76872
77929
74600
75339
77076
75150
75754
78674
73843
75965
76142
72464
72648
72167
77551
78600
72930
74475
72822
73422
77549
72558
74334
74904
75981
77144
77554
78151
72125
73338
73145
72245
76482
72458
75850
76498
77835
78422
74310
77594
72817
75644
72956
73506
76242
76611
77437
73660
78555
73971
74835
75613
73515
76133
76791
74119
76462
77620
75928
76087
72445
74060
74229
72221
72237
72967
73169
77656
74861
72769
72436
73255
76078
72339
72361
73398
73192
77826
72987
76837
77294
76604
76965
75945
76763
72455
73485
73779
73154
74956
76153
77829
78004
74154
75584
78600
73158
77296
72156
75902
77818
76774
77711
74599
75080
76986
76464
76799
72888
74417
76678
72266
74941
75109
74685
77386
72231
76822
75910
72692
75185
72969
76261
74034
74199
73488
73855
73982
72226
74027
75538
74133
77609
72625
73629
74284
78110
74659
75631
77615
72530
75416
76439
72239
73589
76898
78078
78526
73990
76352
72524
75500
73940
74927
73915
77864
78585
73046
73672
77345
77676
78149
74196
75620
72763
74832
75098
74134
76439
73899
75212
72232
73354
75577
72254
72538
73090
74959
75636
73276
73523
72539
73584
73957
72925
73803
76903
78593
73070
76025
76731
76758
75602
75634
76440
76927
78231
73736
75049
76472
76833
77700
73473
74683
74835
72841
75482
75938
78079
74856
75727
78092
72294
72970
74358
74499
73431
74117
73297
75171
72221
72743
74512
74212
74655
75800
75760
77152
77441
73495
73599
74592
76716
77960
73074
73792
73961
72704
76427
77622
75068
75328
72741
74533
75208
76224
77426
74802
76910
78765
74002
74088
77241
75922
76784
75052
76560
77977
74131
74831
76943
77412
78286
73731
72625
74517
76490
76493
76189
76349
74949
75778
73491
77477
75864
77133
77970
72520
72793
72341
74088
77197
72335
73839
76227
74703
75452
76219
76358
73954
74878
77380
77569
77710
72485
73692
74546
76392
77829
74656
77012
74249
73560
73107
73427
76621
73117
78562
76477
76940
73890
74274
72349
72520
74109
72494
74707
74971
76408
77877
78285
74293
76196
76343
74230
75050
75102
75737
76874
73600
73667
72259
75302
75314
75160
76161
76561
75578
75841
76420
76811
74535
78026
73989
77114
74621
75706
73022
73580
76064
72644
75066
76747
72493
74637
76482
72278
72574
74023
76060
76645
76781
73328
73906
76956
77133
73035
73698
75098
75608
74510
78749
73410
73785
77209
78044
72543
72608
72729
77669
77994
72863
74959
72484
74579
75465
72869
76297
72918
74571
75869
73425
75792
76341
77433
72381
72924
73643
73075
75033
75219
76741
78070
78569
76134
77022
78279
73618
75411
76738
77719
74287
75855
73040
75502
73021
78251
75032
76202
73117
73742
74274
74498
76202
72966
72731
76362
78212
75396
75969
73855
74700
75315
75550
77519
72541
77234
72592
74851
72984
72651
77055
77548
72720
73670
74197
77185
74480
75629
77120
72622
74981
73150
76792
73516
73830
74640
72519
74638
76060
73232
75247
74029
73440
78598
74118
76904
77767
75532
73299
74107
72634
72624
76455
76804
72592
74851
73001
73642
74838
76722
76985
74639
73117
73223
73479
78623
73379
73493
74962
75716
73111
73155
75770
73854
75986
76466
74425
76270
73239
74703
74964
75513
77038
72394
73925
74885
75678
72816
73753
73579
75877
72676
75283
75817
72959
75545
72407
74788
72726
74119
76462
72409
72691
75616
76315
73040
75502
72960
73359
74505
74980
76784
72582
75245
72459
73852
73803
76150
77157
72866
73027
75151
76267
72895
73156
73304
73429
74778
76286
76877
76717
77013
75638
77098
78003
72745
72540
73017
75678
72590
75522
74501
75834
76100
72491
73411
75635
73642
74286
74795
72692
72746
75873
74549
75657
72820
73468
75083
75831
77716
78103
72874
75283
72886
73864
74327
74922
75734
72787
75268
73442
75735
75846
74000
74988
75634
74741
76400
73015
72893
73337
76942
72596
73489
74731
72550
73535
75054
76934
77594
77637
74954
75594
75911
72868
75026
73014
75336
73026
73301
75390
72660
74534
74741
76400
72620
76793
72429
75630
77001
77860
72487
74888
72679
72724
72948
73808
76941
77060
72410
74463
75626
73417
75324
76958
77140
77687
72407
74281
74869
77562
76812
76933
77255
73896
74055
76201
78252
78541
73336
77196
77272
78266
77243
72465
74583
72566
75586
77179
77048
77998
78551
75755
78752
76547
76686
77125
74302
74848
78651
77665
77804
73788
75433
77510
73431
73921
74732
76353
77756
74297
75517
73980
74529
76140
76487
73035
73836
77504
72434
73229
74540
72921
74387
78566
73355
74092
72939
74863
73136
76147
78594
73318
75357
76640
75779
76310
78756
72912
74718
75135
72768
73523
75139
74367
73302
77676
72599
74746
73220
74619
72764
75252
75872
74003
76740
77664
77705
74691
75456
72835
73268
75181
73428
73620
74432
72584
74829
74901
77796
78049
75985
76348
73201
74209
77503
76517
77497
76855
77388
73138
76869
77688
73095
73166
74214
78136
74743
78330
72504
72507
74897
76213
72487
75683
77543
78613
74581
74382
75198
77544
73172
73152
73235
74206
75648
76568
73470
77992
74422
76630
77921
72978
72993
73101
74687
73346
76435
75478
78034
72495
72504
77654
74973
75183
76918
74519
76766
73887
74205
74920
73181
76145
78372
73012
73313
76111
75353
76053
76684
74534
76869
77688
75002
77318
77582
74419
73328
73845
72863
74959
72657
75160
77047
72507
77485
77819
74806
75200
72790
74647
77210
77991
73857
76082
74385
76624
76763
74250
74839
74618
75564
75469
77005
72852
76680
75008
76446
78702
73754
72573
72598
74933
74948
73047
74456
76320
72525
73912
76628
76835
77040
77100
77890
72952
72958
75494
77244
75527
77772
74073
75020
73629
74624
73377
73479
76448
76468
78138
72942
73203
73798
74737
74940
73986
72924
74357
74806
74995
76263
78014
74696
76418
78680
74657
73711
78048
76794
76859
76242
77153
74912
77561
73339
74504
75292
74095
75537
77327
77893
78009
75151
76267
76897
78508
73796
73999
72825
75581
73142
73731
75574
72612
73812
73853
77710
78183
73501
77844
77849
72880
74872
78690
73178
73779
78123
75525
77304
77798
73401
72934
74229
72644
73899
73418
75695
77095
74361
76285
72932
73499
78720
72742
74637
75092
74144
72841
75536
76733
73116
74536
75308
73218
75485
75445
75774
73797
74259
76448
75388
76039
77330
73912
74559
73533
73691
74094
75863
73467
74035
77545
74287
77373
74405
76267
72601
74952
74984
73744
72944
73251
73487
73088
77659
77918
75930
75952
76617
76999
73221
73585
76037
73401
77628
78135
74363
74470
76327
74446
75413
73318
76466
74443
77109
77204
76136
77189
72933
75256
73551
75364
73027
74014
75208
75984
76486
76752
78712
74349
77855
72726
75365
73277
75719
72601
77725
73210
73400
73143
77704
73284
75240
74267
77661
78463
74557
76564
77809
73319
76518
73462
74590
72686
75316
75897
77067
74700
75496
72911
73186
74437
76256
76948
73520
73943
74905
72932
73178
76520
76464
76636
74790
78093
78550
76485
77679
72707
75580
76393
77118
77592
74227
73980
73071
73281
77892
76024
76972
74710
75184
76872
77929
75751
75771
73084
73243
74467
73859
72708
74932
76716
77136
77865
78041
73460
73010
73509
75848
72638
77093
77953
72903
73381
77007
74194
78659
74428
75405
72723
73824
75685
73866
74427
75909
78598
75274
74208
75248
77488
78507
74093
74583
72810
75524
73443
74821
75018
75400
76345
77058
76200
76541
76780
77619
77756
76094
77405
77683
72734
75103
75128
73593
74309
76928
77443
72914
77012
74997
76056
72934
73879
73541
76235
76332
78756
72664
72771
77273
76475
77396
72774
77293
73359
73676
74646
72832
74883
74980
76969
73384
75240
72882
72901
75588
76966
77494
78150
73755
75536
74286
75749
77540
78194
76925
77407
77504
73153
73925
72687
73134
73910
72957
73468
75640
73058
77190
73324
73634
75253
74993
76055
73874
75814
73668
76660
76669
76762
72858
76605
77762
77857
77952
72703
75298
76259
74220
76476
77956
73322
73680
75545
76548
78027
72821
75299
76637
78731
73409
75553
73290
74935
72731
73370
72938
76887
75361
77831
75184
74622
76659
72706
72756
77229
72754
77240
73690
72751
73877
74977
75362
76887
74124
75609
75918
72996
77510
77639
78054
75529
74925
75161
75621
76830
78772
74971
72811
72845
75875
74079
75844
78441
78447
72808
73464
74267
72917
73221
73865
75874
74475
73185
74941
75133
74182
77976
75262
78036
75116
75553
76123
73602
76278
72951
75307
76002
74961
76156
75019
74996
76345
73018
75364
72977
73981
73247
74410
73448
74382
75495
72793
77223
72829
73163
74012
75181
74462
75935
75803
76860
77982
72969
76261
74877
75575
76180
75042
77820
73146
73373
76287
76864
72883
75695
72756
72785
77099
72881
75392
75449
73131
77178
75286
76394
76512
73763
74586
72875
77648
77821
73016
74212
76739
74543
75810
76066
75929
76889
73921
75637
74733
75455
74381
75055
78662
73179
76737
78112
76355
76664
74559
75352
73493
75204
76903
72774
72988
77123
72793
76689
76886
74474
77994
73004
77200
75836
77517
77743
73011
74029
75209
73212
74085
76569
76494
77360
75087
75397
75885
76662
75628
73734
74112
73262
74442
74446
72867
76962
78682
76723
76891
74198
74919
77910
78066
73938
74404
74744
72801
76322
76835
74157
77107
74395
75989
76104
76668
77287
72936
73874
74087
73659
75721
78563
75910
77463
73729
76271
76412
74647
72831
72901
77154
77501
73562
73748
75627
78516
73172
73059
73480
73195
75178
78589
73823
76971
78725
73746
74147
75313
74766
77179
73825
74657
74805
73096
73108
75837
72876
73943
73412
74497
77838
76979
78736
75596
76182
75950
76198
74541
76869
73653
74300
76285
73097
73669
74366
75260
73482
74103
74951
74322
75332
76800
75597
76966
73459
74635
74780
73218
73364
76410
73030
75129
75524
75501
76020
73769
76140
74304
73937
74491
78618
73388
73732
76366
73514
74745
74345
76054
73844
73991
76364
76582
77590
75373
78718
74595
75225
74822
76948
77471
73421
75692
73182
75051
75068
76681
77253
77668
73825
73933
74725
78451
73737
74319
75852
76999
77281
73330
73941
75326
75096
75982
77915
74581
75953
78052
73314
74250
72870
72871
77116
73433
74636
75693
72872
77241
72872
73362
77137
77243
72916
75225
73531
77770
77917
74701
75467
73759
76940
77085
75572
75820
76934
75027
77382
73332
75493
73195
73418
75618
76796
76876
75776
75999
77489
73770
74654
73364
74013
75084
76397
76958
77834
74972
76807
77113
77747
78445
76547
74525
75057
77087
73029
73481
74828
75769
73292
74145
75384
73452
74861
77425
74298
75212
75218
72913
74038
76334
76748
77693
77868
73078
74429
74939
73535
73883
75662
73663
76315
73819
74146
76945
75823
77296
75319
75402
76491
73740
74966
75426
75563
78139
76229
76472
73986
74065
76236
72948
77752
76419
77944
73019
73852
75447
75069
76730
77521
73383
74240
74427
74786
77049
78449
73493
76899
73900
76259
73617
76343
73607
74757
74233
75614
75821
73979
73547
74003
74860
76216
77145
77147
75814
77076
74486
73782
75236
76254
73888
75989
74071
73521
74754
75519
73077
75980
74018
74786
75656
73307
77909
78534
74596
73415
76770
76950
74101
72992
74469
74868
73818
76469
74059
74069
76402
73216
75573
73632
73694
73756
77349
73046
74393
76778
75084
73207
76730
73604
73671
76261
74488
77006
77951
74239
73405
73568
75274
74484
75856
75239
75249
76926
77787
78433
73487
75300
74963
77112
78591
74280
75474
76964
76470
77566
77681
73120
73858
73066
75974
73167
77070
74128
75033
77238
78250
78557
74502
77420
73443
73875
78679
73600
73947
73499
74090
78128
73530
73345
76069
77172
77690
78480
75076
75153
76853
76866
74588
76860
76634
77351
73115
73643
75498
73910
77203
76420
77027
77127
77195
76040
75578
75870
73892
74063
74932
73079
78576
73621
73947
74498
76244
73355
74221
76943
76985
73175
73213
75528
75193
78582
73626
75410
75838
78640
74146
75120
75487
73891
74076
77006
73068
75520
74325
75674
73578
75908
74165
75038
76331
75138
75326
73827
73574
76426
77086
74746
75004
73688
75964
76511
77733
78098
73076
75475
73270
73319
76518
74086
74167
75816
76978
77866
78499
73280
75680
73481
75818
77984
78362
74343
74326
75889
73967
78610
73083
74607
75543
74567
76814
75479
75984
76743
74787
75473
76643
73304
75143
74307
77023
77376
75015
75828
74449
74734
77023
77376
75127
76561
73282
73709
76826
77920
74226
74254
74619
77322
78048
73119
74705
78617
78697
73724
74537
77110
75441
76382
76485
74917
76056
76083
73853
74884
77173
75816
73996
76996
78330
75317
78568
76547
76686
73628
75848
74280
74366
73206
73233
73635
73762
76413
77840
77850
74160
76045
75674
76592
74981
74978
75102
77558
76325
76905
73329
75992
77617
78203
73704
75227
73171
75190
74479
74868
74268
75426
77015
75392
73151
76412
74140
74648
74204
77979
78292
78381
77862
78680
75281
75896
74643
75206
76508
76854
77518
77461
77871
73533
73826
75994
75856
74448
73963
74079
74023
76060
77203
74278
75096
73502
75012
73412
74515
76222
77432
77800
74195
73402
76796
73881
76081
77478
73224
75681
76028
75601
74834
75451
76603
74301
74318
75117
75670
74764
75656
74986
76682
73516
75757
75103
77330
74333
74910
74928
75080
78745
75481
75955
74298
74669
75984
76743
73453
76156
73937
74444
75317
74372
75974
76161
73148
73262
77272
77283
75695
77095
73194
74478
75143
73352
75982
77376
73652
76400
73708
74016
77442
73331
74793
75809
76965
77085
76964
77981
77234
74238
75690
76207
76589
77094
75896
77747
73872
78627
73544
73969
76173
76751
73381
74996
73376
74481
74695
75908
74132
73210
73241
73295
76322
73246
74275
75997
74015
74443
77926
76458
77045
73561
74159
74487
74687
74757
74236
77219
73486
73538
77221
77859
74930
75521
75292
77497
77688
74441
75454
73677
73768
76768
75798
78709
76044
76951
76702
77880
76555
76919
77213
73437
76824
74553
74608
73244
76354
76435
76099
74130
76871
73350
76001
73252
73259
73720
73335
74809
74129
77072
75416
73455
74271
74364
75501
76459
74638
76468
73227
74960
75912
75016
76178
74747
75996
76132
78146
74876
74935
73891
77490
78209
75957
77665
78014
74099
76795
76415
76831
75433
77068
75926
77167
78205
73528
74272
75867
76819
77926
73248
74543
74276
74398
77191
77943
74519
76766
77032
76033
73420
75624
73774
75508
73407
78243
78289
78767
73447
73807
73408
74027
74316
76976
75712
77365
74572
74435
74479
75193
73600
74083
76410
73895
76571
78661
74556
76226
76589
75001
77015
74018
75844
75468
74803
76474
73336
74661
75233
76660
74543
74590
74627
76093
78735
73381
73873
74318
76555
76919
75329
77957
78552
74213
75407
73919
75318
77230
73596
73734
74594
74829
75391
76572
78215
74731
73797
74673
76628
76984
77082
74554
75390
74084
76081
73414
77751
73300
74472
76756
73946
75269
74178
75994
74817
73391
73525
76641
74099
76795
73457
76469
74708
76097
76618
74987
75916
76359
74633
75009
75124
77679
75643
77259
77449
74389
75037
75736
74008
74841
74902
75070
75153
75841
75935
76612
75689
77894
73321
75266
76278
74604
75475
73728
77036
74871
78712
74407
76001
78325
78766
75453
78017
78038
75889
74560
75953
77946
73376
74481
75997
73792
75275
76002
74892
76040
74926
78584
74112
74702
73335
73667
74180
74658
76803
76525
76764
74193
75259
73382
74983
75019
73574
73397
75429
78571
75799
77313
77764
74068
74683
74714
77548
77582
73839
74536
75357
76389
73950
74172
74505
75121
78602
74049
75894
74808
76037
76973
77248
75630
74445
74547
75736
76045
74374
75936
74209
78770
74822
74840
73847
75450
73904
75647
75919
78614
75094
74945
76841
74430
75940
76028
73395
74977
74861
76217
76517
77131
77411
77444
77521
75140
75544
76515
76788
73652
76400
73474
75207
77680
74303
75858
77252
78546
73832
74156
74188
76625
78770
74562
76620
75461
76995
74036
75675
77203
73784
75557
73586
74368
76304
76650
77129
73451
75923
78589
76727
73707
74555
75221
74297
75517
77289
77458
76072
76526
74324
75458
73371
74868
75278
77794
73994
75454
74158
74719
75384
73601
73416
74875
74985
77747
73856
75827
78586
75412
75780
75187
75367
76235
75204
78700
75333
74515
75246
76697
76705
76896
77918
75711
78489
73781
75073
76333
76100
76372
74633
75313
74837
76631
73534
76321
77351
74333
74990
75874
75340
77736
75739
75756
78701
76033
73918
75652
73777
74938
75528
75519
74750
73574
75910
74578
73758
75538
76844
74630
75116
73557
75238
76778
74969
76079
77138
73613
73547
73783
77469
76411
77359
73972
74722
74800
76762
76198
76280
77455
75460
76531
77904
75456
75731
76079
75178
73517
78316
76404
73714
73625
77171
75013
77260
77607
74371
76496
77935
73835
76509
78318
76160
78774
73907
78126
74073
75809
73447
74416
74832
78597
73546
77180
76716
77136
74675
77883
78548
75860
75922
73745
75133
74533
73641
73571
76115
77446
75758
75386
77459
76879
77540
75559
73720
74474
77994
73532
76187
76283
77893
77954
78588
77117
77812
76105
76319
77010
77962
76539
77037
77270
74163
75266
75823
77296
75386
77459
75441
75526
73778
75621
75752
75287
75742
77353
76289
77923
73705
74291
74026
74151
73514
76314
76368
73606
75713
74164
74458
74979
78678
73714
75221
74022
76245
74825
77732
75402
76824
76093
76710
73992
73510
73640
73868
74317
73985
76728
76984
73695
77443
78027
74378
77024
77163
73791
78721
74704
76817
77802
78528
74245
76447
73787
73911
75425
75483
73572
73577
73640
73969
73931
74894
76505
76894
73747
75551
75529
73649
74944
76033
74436
75176
77619
76503
76541
73545
78261
77067
77453
76552
73743
76128
74785
77114
75018
76006
77034
77613
73675
74103
76575
78608
73851
75566
73798
76120
75283
76469
74211
76847
78186
75601
73576
73692
75174
74650
77899
75948
78602
74185
77195
78626
76366
76414
74744
75825
74234
74702
75448
74640
75563
75934
78249
73567
75759
73791
73907
75168
77160
77345
73993
76456
76849
74005
77386
73968
75458
74347
77907
77943
73661
74615
73751
78545
78717
73838
74486
77209
75934
75998
77167
78082
73694
73710
77655
77984
73781
74103
73588
77177
73814
75289
77234
74043
75477
75543
75914
76433
74679
77281
74459
75349
77595
74241
73896
74624
76385
73691
74416
77232
77996
73619
75936
73687
74171
75894
75280
75414
75916
76016
78484
75025
76208
75785
78677
74092
73699
74718
75912
74262
77208
74603
77740
77928
74192
75745
75846
73821
74602
75422
75801
77886
74351
75327
74658
74132
76460
78192
78558
76161
74285
73619
74575
75904
73820
74323
75849
78705
74362
73902
74772
74846
77526
77623
73631
74281
77197
74189
76108
75015
75828
73666
75198
75883
75904
74154
75241
73900
76259
74358
74439
74923
76080
74592
74540
75468
73678
73689
75792
73968
74489
73683
75779
74662
76545
77452
77757
74090
78134
74024
75758
74002
77207
76015
78367
78369
75028
76115
77631
74674
75947
75943
74890
75374
75339
76981
77858
76651
75130
73976
75111
75985
75823
75910
77463
74205
74906
76979
74691
76133
76455
75747
76803
73987
75622
76292
74819
75546
76212
77721
73739
74694
75890
74452
76528
75503
76977
75318
76246
74242
75794
77074
77143
74271
77395
77436
77880
74439
75258
74500
76352
78236
74569
77544
74795
73904
73704
75432
73941
75919
77078
78531
73789
76517
75370
74726
77251
75508
74015
75494
77244
73896
74457
76379
76310
76799
76570
76702
77253
74496
75999
75923
77745
73757
76599
76341
76811
75580
74732
74335
75506
75764
76015
77758
75466
75557
74821
74062
76814
74396
74964
74432
75632
77126
75606
75034
75122
76396
74451
77773
75111
76782
77034
76535
77408
78644
74148
77785
73722
76893
75453
73756
75808
75285
78525
74895
77848
74760
75711
74755
75712
76492
74065
76236
74658
76803
74257
74701
75467
77751
76449
76566
74210
76374
75709
76988
74039
74529
75878
74786
78449
75001
77516
74518
76499
78656
74142
75730
75163
76795
76330
78620
74579
78211
78253
78302
74988
78006
78052
75956
76210
75134
76300
74532
76682
74121
75203
74259
76448
73807
74180
73861
75333
75524
73787
74651
75415
76852
77529
75790
75858
75576
78457
74064
76694
76993
73893
74499
77862
78028
74488
77784
78222
73807
75532
78063
75945
77189
74066
74509
76429
73805
75161
77600
73844
77082
73908
74170
74512
77139
73974
74623
77187
76249
74191
74520
74454
75280
75572
74327
75753
74080
77738
76007
75618
76708
75457
77192
74129
74418
75787
77744
78136
76484
76909
74159
76086
73901
73907
77403
78193
73903
74770
75943
74867
76420
76811
73974
76598
75847
76241
78105
78137
74398
77581
77851
75195
77623
77889
75259
78684
73992
74997
76530
75045
75814
77076
77091
77276
78148
75330
75441
75888
73991
74654
74339
76465
77700
75784
76302
74762
77017
74174
77610
76649
76931
75294
77667
77955
78659
75622
77492
77383
77854
74704
76817
74141
76802
76228
76481
76292
76146
76798
77959
73990
76352
74267
75704
73827
77222
77689
74218
74802
76482
75305
75887
74534
74707
73946
74684
76749
74262
75211
76096
73846
78364
76464
76799
77110
77418
74866
74251
75824
76437
74472
74655
73895
75956
76186
74674
74112
78363
78747
73959
76773
77231
73959
76773
75409
77036
77303
74712
76544
76707
74891
74858
76851
74955
77330
73994
74424
77615
78668
74931
75612
75162
75468
74108
76135
77370
73928
76471
76895
73906
74442
74556
76586
78130
74415
75463
76393
74813
74071
76421
78626
76248
77482
78678
74124
74321
75558
74075
74166
75100
75107
73916
73929
76975
78232
75710
78591
75457
76377
77813
74859
75812
76573
78508
78711
76590
77132
77394
74342
75148
75976
74269
76007
75437
74597
76415
76572
74991
76443
78489
74950
75722
74552
76254
74757
75450
75099
76264
76249
76144
76579
77711
74594
74839
75075
75438
76719
74469
74971
75465
76569
77571
78010
75105
76446
74376
75645
76017
78177
75284
77251
77361
74796
75044
74152
77472
77597
74721
75110
74291
77625
76436
77412
77585
74843
76982
78531
76363
76624
78154
75421
77003
77622
74170
78115
74723
74815
75231
78450
76493
74270
74169
74510
73963
74387
75091
77180
77363
74062
77017
77194
77195
77372
78354
78734
76444
78715
75461
75982
74058
77214
74665
75937
77169
75622
77492
74363
75126
75094
76388
77165
77986
74256
76395
77946
76128
75733
77094
78162
75771
77264
77894
76562
77459
74152
74472
76003
78609
75157
77171
77347
74626
75853
74044
76596
77384
77280
74200
75045
75146
77000
77450
75089
76062
77414
74982
75793
74649
75188
74370
75327
75242
78666
75476
77532
76330
76406
76841
76264
75008
74937
77512
76681
77407
74098
76797
76445
77225
77789
75179
74234
76299
75924
76210
74577
78683
74011
74017
77391
78320
74818
77275
74231
74970
75218
74237
74308
75205
76910
74248
76216
76642
75196
76165
77300
77392
77533
74487
75346
74352
74796
74380
77246
74042
77182
77049
74667
75043
75892
76490
75210
76258
77881
74523
74938
77037
77270
74126
74824
76858
74072
78270
78335
74033
74778
77612
74781
77609
77097
78074
75476
77532
76806
77395
77880
77501
78139
77000
78349
77432
77568
77800
77349
78208
75820
74122
74692
75787
74734
76655
77214
77372
76183
74138
76300
74288
75005
75473
76633
75388
77419
77237
77365
78365
75420
77159
75046
77073
77690
78021
76287
76864
75115
75765
74605
78693
74915
75471
77265
75850
75331
78003
75056
74780
76953
74141
74119
75684
77689
77224
77416
74751
75097
74488
75089
75010
76666
77411
74102
74976
77534
78577
74613
76681
77407
74458
74664
75119
74712
77062
76177
74480
76900
76465
77700
77744
75224
75535
76609
77565
76237
76402
76071
76471
74115
75488
77217
77447
74680
74125
77060
77427
76677
78284
78379
76168
78778
75229
77294
77333
77112
76196
76343
74514
75245
74141
76994
75892
76050
78491
75897
76492
77834
77963
74296
75050
76403
78748
76402
77939
78127
78151
74165
76920
76236
75119
74486
76914
77325
78125
77374
74426
76797
74208
76662
76993
75400
74811
76279
77612
74648
76241
77657
78672
78021
78758
75268
74865
76287
78474
75074
77453
75933
76073
77556
75772
76939
74853
77233
78039
78732
76877
77319
74223
75076
75593
78072
78499
78599
75794
74797
74195
78676
78728
76277
76696
76767
75513
75810
77194
76764
75097
75264
76080
77399
77872
77969
75595
78749
78159
74879
76059
76863
77217
77428
75285
76419
77944
74639
74765
76555
77775
74292
75348
74384
74628
76118
76876
77770
76360
76396
76960
77127
76727
76730
77521
77295
77517
74209
77074
75697
77316
75125
74772
78658
74680
74881
75868
77389
75432
75683
74254
78765
76085
74625
76431
74207
74547
74601
75300
74792
74864
74237
74231
75533
75804
77930
74296
77382
74414
76241
78672
77192
77789
75347
75952
76431
75332
75489
75838
76910
77104
77129
77649
76536
77138
74450
76194
74699
77638
74388
75798
78663
74301
74307
76793
74880
77077
77803
74358
78685
74313
76059
75037
75736
75142
76548
74601
74984
76095
74295
75263
75909
76120
76149
76583
78453
77001
77860
76118
78175
75301
75753
76769
74677
77295
77804
77149
76822
75559
77152
77441
74253
75211
75834
74651
74954
75594
75666
78043
75394
76793
74539
76665
76980
76608
77995
78229
77862
78028
78681
76733
75741
76018
77142
74913
75579
75879
76535
77408
74390
76735
77397
75315
74461
77493
74345
75024
77959
74437
76730
76417
76579
74911
77161
74461
75547
77963
75507
75428
76451
76460
77499
78486
76732
77617
76115
76301
77794
78372
75180
74870
78202
78542
77490
77912
76782
76082
76158
74638
76060
76337
77206
78694
74815
74381
76802
75744
78049
76435
77256
78036
75029
75047
77506
74377
74620
77086
74378
74389
75763
76679
77009
74402
74577
75807
78145
75879
77219
78665
75860
75922
75261
75512
76107
75669
75687
76899
75925
76807
77551
75288
74574
76785
75658
76320
76823
75726
77754
74855
77059
78571
74616
74733
76706
77024
77740
75510
76478
75505
75208
75984
76370
76812
77010
77385
75442
77345
78037
74625
74761
75273
74418
74450
74421
74931
77656
74585
76146
74979
76013
77423
76490
76493
76291
78056
76181
77646
77820
76233
78094
78283
78314
78378
77726
77987
74622
76427
76014
76798
78655
74402
76177
77583
74953
75562
76755
75713
76847
74602
75559
77920
78015
78549
74423
76237
77620
75186
75565
76516
75343
77093
76580
76843
76712
77414
78233
74810
76609
77314
77566
75467
75107
77831
77442
76613
75916
76359
74756
76022
75898
76945
74601
76178
76663
77226
78202
78229
75978
77367
78016
74481
76173
74670
75383
76302
78156
74546
77359
77899
74738
76409
77748
74580
76447
78175
76512
77286
76758
77999
76478
76604
76072
76257
76526
74766
77179
76628
74899
76090
76484
76347
77686
74670
75968
74874
75968
78696
75515
75689
76430
76171
74719
75891
76212
74900
74825
74957
75366
77083
77870
76640
75111
77000
74587
75435
78457
78736
75055
76613
77068
74972
74749
75053
75905
76307
75851
75811
76494
78479
74639
75483
74727
74696
77971
77341
77613
77805
75146
75279
77105
75451
76106
76385
75438
74510
76845
78578
77637
75987
76946
78485
74714
75120
74882
76248
75344
77945
76381
76667
74611
75021
75363
77029
76359
76449
76566
74669
74600
75339
75724
75609
75928
75755
76760
75963
77886
74723
75691
77320
75857
77101
77103
75726
76036
77610
74791
75872
76753
76294
76809
76977
77718
75586
77179
76363
76632
74759
77306
78631
78746
74771
76214
77214
75178
75461
75985
76348
75017
78255
78331
74586
75049
76679
78157
75901
76641
76804
76104
76668
76191
76583
76190
77013
77777
74521
74544
77593
77801
77912
75173
76657
76594
77454
78650
75189
75206
76109
75471
76201
77853
78032
77110
74693
75175
75473
75961
74676
75591
78356
74736
77043
78778
75731
74763
75025
77142
78729
74800
75812
75821
77851
76253
74593
77053
78503
74899
75423
76177
76912
77197
77207
74588
75014
77094
75059
78460
77567
77709
77834
75107
77831
77629
77954
74782
77002
77117
75204
78700
74777
75039
76442
75793
76648
76757
77565
74649
76946
77027
77193
78466
77924
74774
78216
74630
75116
74761
75218
75793
76825
75186
75983
76177
77207
78033
78185
78351
76495
74687
75087
78669
74745
76171
76981
76054
74735
74747
76441
76497
78653
76008
77386
77771
77340
74635
77368
77560
77865
74910
76288
77062
76307
76452
74969
75121
76737
75297
75446
76904
77767
76036
74749
75437
74918
76815
76005
77353
77887
75437
75677
76101
75783
76154
77357
76476
77956
74807
76991
76115
74769
76623
74857
76746
74900
76765
75105
76446
77307
77468
77902
75251
75752
74714
74846
74878
75562
76755
74654
75161
77686
78714
74862
77832
77961
76614
76439
75876
75100
75257
76069
76105
77162
74937
74824
75021
76663
77937
74720
78652
76130
78461
74730
75660
75953
77946
75464
75488
76195
75707
77098
77706
77043
78047
78220
74937
77739
78353
78026
77276
77873
76102
76766
77958
74812
78709
77710
78037
75661
77581
77851
75549
76329
78510
77641
74717
75804
77930
77786
76236
74843
76054
76591
76463
77897
77950
77390
78338
76690
76049
77386
74781
77326
77685
77047
74812
74838
75192
74850
75905
76540
76903
78148
78302
75776
76631
76972
77020
75512
76107
74820
77718
78641
78653
76893
77470
75618
75576
78456
76409
77874
76768
74747
76868
78653
75883
76916
77473
76292
76107
76254
76921
76937
75235
78389
76225
75402
76491
74886
75464
77737
77523
78752
76139
74934
77494
77716
75395
77186
78636
75527
76153
75087
75939
77796
77838
76218
74958
78555
75506
76959
77155
78646
75869
76419
77430
78380
77045
78009
75918
76070
77687
75000
74879
77267
77549
74953
78068
75038
76457
76675
76726
77927
78746
76067
77449
74781
77457
75085
76607
77156
75040
77462
76620
76112
76163
76449
75005
76607
74833
77352
77735
78420
78549
74792
76058
76437
76938
77697
77149
78603
78778
76690
76035
77374
74999
77588
77998
74837
76849
75009
77311
74976
76722
78707
76640
77595
75410
76497
76545
74923
76434
75156
77334
76745
77589
77578
77859
76142
75890
76761
76424
76148
77292
77636
74893
76602
77708
75081
75258
74869
76226
78130
76839
77892
76203
76629
77506
76097
76233
77220
77914
75286
76340
77286
76215
76117
77885
78648
77477
77532
75853
75842
77232
77996
77031
78475
76083
76307
76580
76826
78506
78007
78213
78280
77720
78147
77810
77840
77004
78121
77248
77662
76999
77281
75951
77021
76590
76895
77678
77037
78455
75029
75425
77527
75197
76151
76671
74872
75320
78713
75321
78691
76237
75032
76202
77359
78633
75010
75600
75737
77166
76251
77868
76754
76932
76089
77109
78308
76395
77946
74912
77561
76769
76041
77942
76401
77642
75014
78272
78303
76017
76975
77511
75131
78634
77230
76910
77519
75860
77004
77541
74996
76345
75319
76129
74940
75282
77572
75505
77147
77170
75243
74920
76406
77906
76552
74927
76752
76814
76452
76004
75110
77470
77815
77640
76864
77666
76103
76345
76890
77600
77744
76486
76109
78744
75260
76251
75605
77410
78647
74984
76031
76513
78717
77499
78192
78233
75039
75227
78349
77266
74948
76757
77769
77135
77268
78736
76113
76520
78720
75582
77039
75583
77935
74982
77704
77769
75893
75516
78774
75165
75187
75325
77503
75048
77143
75573
77249
78435
76307
77573
77928
76578
78702
76501
77552
78536
76855
75125
76875
76834
77953
75003
75101
76646
76426
76486
76279
77684
76915
75063
75555
76808
77565
75170
76148
76399
77668
77961
75176
77008
78002
76537
77089
78450
75126
75067
76123
75113
75824
77134
76474
77960
78595
75042
76546
75607
76606
76194
77581
75147
77485
77114
75547
77963
75780
77445
77826
77022
77701
78054
75046
75108
78720
75328
77245
76035
77374
76301
77089
77057
76030
76157
77611
75370
75526
76537
77089
75223
76433
77448
78356
76953
76066
76728
78627
77015
75306
77751
77230
76845
76629
77336
76438
75081
76677
78259
78295
75330
77821
75717
76566
76990
75085
75123
76309
76863
78476
76013
77423
75123
75548
77723
78288
78347
76542
77446
77992
75187
77337
77944
76281
77781
75866
78004
76232
77011
77301
75249
76688
77669
76148
76277
77067
77453
77054
77929
77952
76744
76596
77584
77893
77654
75180
77965
75101
77784
77002
75759
76886
75348
77664
77038
78482
78759
75430
75342
76350
76188
76580
76826
75148
75370
76113
78578
77939
75590
75162
76765
76050
77903
77969
77725
78163
76061
76842
77601
75775
76748
75755
76855
75361
77831
77485
77773
77032
75510
75931
78635
75234
76687
75614
75821
77850
78573
77484
78050
76854
76907
76296
77005
77156
77654
75666
78043
76585
75571
77626
77970
75666
76255
77774
75234
76760
76952
75173
75929
75779
76891
75497
76649
75214
75961
75191
76153
75436
76238
78689
75442
77729
75213
75473
76633
76643
76277
77833
75712
77365
76915
77591
75213
75606
76595
76633
76516
77052
75878
76995
77421
75323
75621
76618
78581
76839
77892
77498
77410
76169
76550
78130
75795
76275
75436
76105
76291
77247
77590
76912
77207
78145
75589
77578
78765
75323
76069
75358
76595
76329
75812
75821
76905
77291
75270
75842
77188
75914
77205
78672
75694
77518
76442
77160
77268
77891
78473
76311
76409
77098
78003
75312
76510
77401
76360
76887
75277
76328
76817
75272
75354
76331
78704
75579
75772
77712
75351
76250
78506
75521
76584
77755
75718
76694
75350
77538
77915
75272
75828
77564
77829
78772
77360
77236
75448
75483
76857
77249
77978
75792
76866
78048
75377
76734
75558
76110
76976
78438
75905
76540
76517
75727
77990
76650
77838
75684
75871
76436
75337
75338
75845
78210
75694
76308
77430
75310
77177
78722
75373
77208
76032
76756
76837
76687
78567
76090
76626
75863
75321
76739
77382
76487
75533
76281
76718
78067
76027
75440
77675
78718
78774
76048
78035
78206
78240
78258
75368
77618
78416
75854
77135
77268
76581
76834
76779
76724
77916
78490
76843
77935
75764
77088
77705
75357
76389
77279
77604
75550
75665
78667
77341
78191
76489
76657
76951
78679
76223
77153
77921
76036
75583
76270
75369
76881
77331
75383
76052
75649
78690
78719
78722
75480
75604
78230
78023
78191
75628
77785
77201
77588
78468
76351
77115
78218
78210
75511
77346
78087
76821
77168
75440
75542
76674
77675
78253
78305
78361
76323
76522
77766
76494
77360
75993
76061
77052
77063
77375
78421
75866
78004
76411
76524
76947
75730
76770
75542
76448
76468
77249
75822
76928
77443
76176
76294
76383
77742
76444
76467
76743
77109
76082
76158
77057
75713
78664
76151
76908
76898
77676
76480
76204
76970
76316
77537
76506
77595
77636
77826
75489
76736
75810
77194
75459
76820
77102
77211
75782
77574
76961
76234
77379
77450
75593
76978
77837
78697
78777
76975
78133
76418
76666
78008
78324
77876
77190
77279
77513
77746
76067
76535
77258
76939
78752
78640
77370
77492
77399
77757
76336
77095
76744
77706
78695
76708
77967
78689
76088
77896
78418
77092
75911
77587
77270
77666
77992
75573
77074
75863
78673
75655
76609
77520
75562
76321
77351
75648
75976
77006
76523
78640
75614
75710
78592
76309
76606
76633
76317
76394
77475
76415
77054
78395
76391
76554
77168
77419
76844
75998
76459
77212
75568
77280
78698
77187
78730
75756
76749
77570
78505
76140
76031
76785
77947
76875
77551
77938
76183
77956
75733
77515
78637
75985
76204
75740
76773
77621
75990
77050
78748
76092
75944
77501
77267
75649
77196
77474
77955
78227
78646
75978
76691
77467
76231
77797
77801
76761
77191
77943
76338
78693
77177
77527
77346
76121
76531
77810
75990
77050
77344
76337
77579
75725
76207
76576
78518
76067
76535
77566
76713
78266
77039
76725
78761
76646
77122
78224
76265
78052
76116
76687
75849
78704
75691
77320
76925
76061
76854
76907
76199
76538
76810
77227
76428
76899
77664
76529
77053
77071
76168
76297
78513
77424
78239
76717
76828
77164
77658
76500
75725
75733
76762
76038
76525
76588
76097
76985
75807
75937
78683
76726
78746
75888
76510
76273
76143
77145
78604
75718
76144
77721
75964
78665
77066
78072
78223
76034
76927
77238
77402
77414
77784
77435
77913
77487
77515
77284
76772
77863
75906
76922
77906
76869
76122
78113
78224
75862
77342
77391
78367
78700
76575
76782
78191
76754
77232
76639
76861
76289
76425
76994
76585
76101
76794
76859
76149
76806
75924
76139
77182
78163
77598
76282
77674
77979
78268
78292
78344
77041
76219
76774
76829
76450
76124
77729
76913
77427
78676
75972
76632
77065
77500
77598
78070
77021
78546
77724
76785
75883
78446
78449
75898
78708
77393
78435
76858
77382
77833
78632
77672
77743
77753
77779
78320
78501
77999
76317
76512
75917
77980
78244
77607
78452
77422
77672
78497
77695
77980
78244
78345
77074
77143
77400
76439
77097
75909
76438
78058
78470
77091
77867
78631
77049
75886
75899
76870
76305
77415
78308
78761
77173
77926
77076
77638
77120
78164
78218
77077
77624
77064
76952
77498
76146
76947
77000
77259
76130
77980
78240
78459
76178
78025
76339
77447
78681
76654
78477
76939
75917
78210
76208
77497
76029
76167
76168
76665
78778
76130
76222
76451
76603
77505
75922
76784
77398
78144
76703
77367
77736
77999
78099
78755
78590
77069
77278
77501
78342
76549
76558
77977
76670
78205
78316
77539
78682
77247
77590
76932
77406
77515
78065
76108
75960
77524
76623
78354
76885
76263
77125
77047
76867
77629
77954
76843
78000
76041
76224
76919
76868
76888
77576
78652
77678
77951
77490
77792
78034
78100
78012
77538
76851
77283
76268
77693
77868
76312
78118
76388
77818
77154
77718
77588
77998
76014
76042
76815
77247
76672
76167
76868
77044
76215
77545
76176
77959
77342
78362
77009
78467
76126
77305
76165
77823
78293
78323
78336
76076
76706
76153
76173
77828
76479
77146
77836
77630
78003
76279
76387
77684
77336
77463
78472
77158
78011
76313
78690
76187
77192
77287
76499
78655
76574
78005
76467
77417
78506
77001
77055
77275
78696
77277
77309
78087
76302
76881
76941
78143
78233
76707
76819
77926
76738
77166
76984
76117
76504
76958
77493
76898
77745
76923
76753
77825
78006
78502
76452
76095
78161
76365
76495
76333
76575
76144
76190
76743
77190
76909
76121
77512
78264
78269
76513
77065
77533
77824
76577
76751
76382
76274
78570
77139
76506
76379
76744
76181
78414
77421
76160
76818
77229
78039
78733
76442
77650
77115
76646
77944
76289
77923
78516
76174
78177
77135
77882
78768
76491
76441
76888
76924
76888
77576
76348
76577
76857
77749
77146
76226
76557
76167
77044
77684
76574
78005
77016
78041
76260
77653
76395
76616
76998
78686
78775
76953
77606
78076
77332
77142
76533
76673
78771
78612
76232
77562
77175
78507
76213
78176
76265
76529
77825
77029
76608
76618
76325
76840
76344
76456
77512
77472
77597
76475
76617
76430
77771
77480
77621
78274
76357
78301
76335
77464
78723
76427
77622
76550
76586
78607
77005
76565
76598
77687
76652
77799
77199
77910
78450
77817
78461
76879
77540
77352
77642
77848
78596
77458
77502
76820
76650
77299
78688
76596
77384
78667
77415
76534
77131
76626
76848
78245
78319
77868
76370
77279
77389
77253
77668
76698
78645
77471
77990
77322
78048
76656
76787
77524
77814
76937
78187
78231
76686
78043
77496
77520
77657
76963
78462
76747
76880
76430
77898
77325
77635
76681
76983
76596
78666
77768
77791
76544
77162
77299
76771
77985
78651
77069
77011
77030
78518
76920
76371
77186
77933
77199
78141
76913
76317
76340
78145
77104
77602
78102
78330
77075
77423
77601
76607
76643
76537
77803
77647
77160
77268
77539
77040
77124
77152
77354
76638
77296
76647
78669
77529
78610
76394
76728
78621
76764
76597
78281
78757
77292
78140
77560
76721
76365
78692
76457
77475
78712
78756
77646
78415
77112
78592
77211
77964
78301
77274
77714
77436
76603
76839
77989
76538
76450
76726
77982
78279
78294
78370
78763
78247
77311
77878
77454
77484
76387
76914
77312
76668
78275
78333
77433
78662
76514
76714
77491
77045
78009
76532
77200
78706
77150
77690
78021
78412
78439
76931
76432
77159
77776
78093
78527
76587
77325
77685
77737
76832
76808
77741
78616
78772
78776
77140
77328
77709
76732
77617
76457
76551
76805
77877
76407
77906
77835
76462
77381
76591
76680
76960
76967
76997
77667
76720
76827
77793
77542
76884
78516
76739
76740
78522
77528
76493
76813
78286
76599
76937
77647
76545
78652
77885
78391
78488
77309
76861
76712
76615
77471
77990
76991
77496
77520
78487
77669
77994
77777
78246
78000
76683
77748
78389
77285
77408
78464
76496
77210
77991
77078
77355
77235
77636
77826
78223
78274
77212
76523
78294
78312
78763
77894
77318
77673
76801
77036
77554
76601
77972
77942
77239
78611
77084
77180
77380
76906
77917
77725
78161
78254
78328
76676
77171
77368
76824
77706
78694
77797
77495
78641
77040
78406
76703
76655
78043
76540
77123
78750
77188
77901
77153
77383
76935
77561
77062
77516
76942
77219
77991
78195
76557
77502
77662
78199
77995
78213
78732
77059
77066
77355
78628
76589
77897
77483
78131
78230
78353
78548
77297
76642
77059
77006
77694
76664
77228
77652
76586
78065
78703
77417
76889
77094
76935
77446
77518
77798
78734
77649
78573
78762
77099
77148
77280
77941
77966
77451
77927
77201
77634
77764
76607
77226
76727
77473
77795
78479
77046
77185
77885
77691
78734
76718
78067
77090
78119
78224
77297
77447
77121
77461
77945
78256
78425
77031
78474
78730
78186
78289
76829
76693
77839
78668
76674
76825
77327
76828
76963
78476
77081
77176
77050
77111
77337
77444
77307
77556
77698
78032
76704
77092
76957
78671
78770
76736
77633
77448
77642
77865
78041
77290
77009
77594
77759
77223
77363
77873
77188
77901
76820
77967
77030
77090
78053
76955
78644
76745
78400
78420
77643
78056
77559
76948
76977
77070
77371
77499
78281
78691
77416
78559
77522
77895
78020
77547
78455
77900
78771
77783
77579
78706
77240
77347
76933
77962
78760
77411
77362
77828
77208
77353
77806
78038
76800
77805
78234
76865
78613
76911
77603
77828
76792
76785
76800
78099
76768
77393
78434
77526
76840
77307
77063
76955
77403
77570
77996
77990
77222
76867
77945
77509
77858
77014
77251
77567
77857
77952
78426
77436
78238
77772
77875
77010
77385
76996
77144
77930
76945
78424
77843
78453
76875
77603
77828
77962
78290
78731
77245
77526
77623
77240
78686
76827
77354
77675
77175
77168
77799
76988
77174
78773
78777
77663
78393
78395
77263
77255
77093
76846
76881
78013
78125
77130
77417
77476
77073
76914
76941
77439
77242
77434
77552
77105
77273
77361
77016
78041
77794
77374
76921
77123
77646
78146
78417
78458
77035
77746
77553
77457
77596
78271
78282
76913
77375
77797
77832
77107
78146
77334
77099
77139
77287
77131
77670
77409
78022
77768
77791
78125
77348
77975
78293
78082
78299
78316
77197
77352
77586
77896
77583
77618
77060
76942
77795
77924
76974
77982
77830
77841
78392
78384
77031
77216
78011
77655
77715
77753
77755
78020
78226
77958
77457
77507
78760
77043
77867
78496
77293
77316
76986
78694
77639
77663
77734
78428
77303
77469
77466
77584
77993
77188
77038
77468
77192
77116
77169
78607
77934
76968
77515
77190
77279
77487
77068
77525
78485
77953
77319
78737
77337
77277
77674
77200
78695
76997
77628
78092
77028
77273
78727
77187
77450
78097
77604
77863
77298
77081
78176
77159
77025
77254
77834
77963
77977
78195
78295
77673
78042
78383
77708
77502
78518
77763
77988
78467
77293
78290
78520
77679
77041
77080
77680
77852
77121
78718
77061
77576
77338
77884
78058
78523
78486
77150
78427
77077
77803
77680
78572
77534
77080
77958
77428
77742
77285
77150
77183
78218
78252
78301
77890
77141
77350
77569
78005
77199
77122
77508
77227
78401
77124
77437
77568
77124
78401
78755
78168
77183
77987
77173
77231
77196
77343
78024
77120
77174
77308
78024
78053
77591
77468
77381
77601
77726
77256
78015
78494
77215
77289
77383
78698
77157
77178
78281
77877
78199
78297
78031
77167
78152
77922
77238
78056
77708
78016
78769
77326
77584
78059
77564
77452
77750
77215
77920
77272
77775
77942
78525
77391
78208
77364
77186
77912
78638
77543
77364
77639
77344
77218
77405
77655
78386
77708
77657
77693
77686
77775
77942
78776
77984
78459
77221
77271
77262
77711
78180
78084
77362
78204
77283
77418
77973
77394
77806
78689
78745
78683
77701
78543
77562
77959
77688
78434
78545
77308
77592
77700
77291
77594
78644
78648
78664
77832
78188
78629
77271
77899
77931
77535
77781
78046
77761
78028
78405
77344
77948
78236
77334
78532
77282
78388
77742
77754
78645
77583
78145
77496
77878
77301
77748
77874
77809
77855
77413
77592
77765
77857
77923
77554
77371
77310
77317
77511
78053
78407
77315
77314
77534
77684
77317
77975
77412
78409
77451
77927
77479
77553
77329
77339
78304
78311
77768
77462
77633
78699
78726
77341
77856
77731
78416
77543
77544
77341
78090
78320
77474
78011
77785
77368
77869
77758
77396
77870
77461
77625
77848
77415
77657
77393
77762
77764
77905
77567
78099
77380
77390
78338
78366
77882
77465
77523
77760
77798
77788
77538
77983
78216
78336
77514
77829
78004
77620
77507
78760
77841
77932
78273
77392
77614
78724
77643
77406
77750
78067
78523
78390
78231
78250
78171
78458
77656
77440
77445
77643
77542
77783
77793
77429
78140
78125
77610
78083
78239
78513
77460
78198
77530
78660
77616
78751
78094
78384
77671
77440
77585
77964
77949
78186
78045
78064
78017
77631
78704
77635
78046
78046
77562
77691
78169
77507
78722
77995
78733
77893
78009
78197
77634
78063
78068
77735
78002
77546
78014
78040
78417
77596
78030
78382
77654
77494
77713
78150
78519
77808
78492
77933
78101
78392
77633
78537
78248
78287
77615
77527
77733
78520
77913
77727
77989
77564
77778
78334
78500
78753
78514
78484
78661
78501
77894
78001
78511
77888
77638
78122
77597
78074
77665
77960
78091
78354
78188
78223
78388
78398
77624
77759
77599
78147
77644
78687
77769
78390
77703
78399
78064
77648
77821
77670
78625
77960
78596
77890
78026
78764
77630
77732
78488
78556
77771
78219
78239
78055
78440
78447
78251
78123
78167
78171
77796
77838
77628
77624
78091
78643
77707
77628
78096
78135
77818
77768
77852
78725
77641
78663
78750
77717
78206
78402
77887
77879
77992
77815
77911
77749
77841
78669
78686
77677
78127
78128
78574
78071
78175
77822
78510
78512
77997
78215
77705
77814
77682
77712
78071
78437
77863
77861
78509
78200
78114
78151
78197
77694
77918
77932
78386
77818
78200
77951
78131
78194
77710
78095
78183
78298
78337
78383
77767
78715
78219
77832
78727
78463
77716
78103
78140
78215
78386
77861
78203
77741
77722
78107
78167
77739
77730
77783
77761
78028
77920
78015
77837
78013
78397
78119
77988
78411
78397
77882
77986
78288
78371
78572
77757
78238
78247
77758
77763
78023
78320
77973
78409
77874
78430
77911
78426
78517
77788
77839
78714
77807
77819
77795
77924
78062
77914
77916
78500
78074
77824
78020
77797
77839
78013
78410
78432
78735
78408
77856
77875
78404
77974
78460
77862
78029
78762
77975
77983
78052
77898
78633
78402
78452
77981
78093
78550
78303
78325
77981
78616
77964
78301
78366
77913
78241
78388
78498
78082
78382
78034
78029
77885
78649
77898
78000
78031
78194
78226
78304
78419
77905
77901
77957
77968
78108
77933
78404
78403
78285
78359
78086
78148
78256
78312
78422
77968
78269
78324
78357
77947
78118
78236
78066
77950
78246
78332
77949
78260
78725
78256
78587
78113
78658
77971
78762
78632
78010
78039
77978
78315
77984
78409
77993
78385
78394
78086
78538
78257
78661
78034
78100
78391
78008
78280
78300
78064
78044
78203
78768
78264
78274
78226
78445
78547
78282
78341
78242
78045
78262
78095
78149
78402
78416
78331
78352
78193
78190
78204
78202
78245
78543
78446
78070
78234
78287
78524
78152
78382
78066
78110
78127
78062
78298
78657
78246
78106
78162
78108
78216
78188
78248
78199
78498
78193
78203
78241
78186
78256
78355
78192
78254
78559
78104
78114
78175
78185
78199
78169
78194
78242
78215
78257
78335
78340
78212
78236
78260
78195
78407
78158
78246
78298
78148
78195
78343
78191
78226
78642
78096
78319
78109
78103
78121
78102
78107
78119
78271
78401
78328
78379
78111
78122
78109
78115
78111
78136
78216
78350
78111
78141
78114
78149
78134
78141
78120
78164
78272
78227
78159
78214
78224
78227
78225
78227
78230
78212
78214
78123
78136
78122
78126
78165
78173
78233
78171
78134
78137
78230
78237
78282
78198
78178
78181
78231
78176
78232
78138
78150
78197
78168
78342
78188
78189
78248
78165
78209
78258
78346
78167
78168
78251
78288
78323
78350
78232
78363
78211
78259
78343
78206
78258
78159
78180
78332
78337
78183
78181
78220
78163
78166
78275
78207
78272
78198
78196
78229
78280
78243
78294
78355
78192
78254
78360
78381
78232
78364
78250
78270
78189
78264
78274
78183
78187
78317
78250
78270
78252
78255
78358
78220
78223
78193
78202
78245
78242
78207
78252
78255
78241
78249
78327
78218
78367
78275
78258
78305
78247
78229
78271
78269
78273
78287
78257
78262
78357
78244
78369
78271
78282
78285
78358
78359
78273
78366
78334
78338
78353
78375
78260
78345
78766
78346
78339
78291
78261
78342
78637
78307
78321
78284
78376
78267
78335
78360
78374
78326
78328
78333
78373
78281
78351
78368
78337
78326
78306
78310
78296
78314
78319
78324
78303
78309
78331
78738
78741
78352
78359
78313
78297
78290
78291
78355
78726
78326
78329
78343
78307
78333
78358
78324
78339
78343
78310
78334
78313
78317
78335
78328
78330
78325
78352
78321
78334
78338
78355
78373
78357
78374
78740
78318
78360
78327
78339
78331
78323
78329
78375
78377
78376
78341
78348
78739
78350
78344
78374
78738
78375
78348
78346
78350
78741
78356
78358
78370
78371
78368
78378
78373
78369
78364
78372
78378
78377
78375
78379
78381
78766
78513
78384
78429
78406
78390
78397
78414
78436
78411
78430
78428
78408
78440
78642
78400
78535
78505
78404
78493
78405
78418
78411
78412
78413
78413
78437
78415
78587
78417
78419
78421
78423
78425
78424
78425
78427
78429
78428
78429
78431
78432
78433
78433
78435
78437
78438
78439
78439
78441
78643
78443
78444
78445
78445
78448
78448
78449
78451
78453
78478
78455
78475
78457
78737
78459
78461
78476
78463
78465
78467
78484
78469
78471
78470
78471
78473
78475
78477
78479
78481
78483
78482
78483
78485
78487
78489
78491
78493
78492
78493
78495
78496
78497
78497
78499
78501
78503
78505
78504
78505
78507
78509
78710
78511
78515
78517
78519
78520
78522
78524
78526
78528
78529
78530
78530
78532
78534
78535
78536
78536
78538
78540
78542
78544
78543
78544
78546
78716
78548
78550
78552
78553
78554
78554
78556
78558
78560
78559
78560
78562
78564
78566
78568
78570
78572
78574
78576
78578
78580
78582
78584
78586
78588
78590
78592
78594
78596
78598
78600
78602
78604
78606
78639
78608
78610
78744
78613
78615
78617
78773
78619
78621
78623
78625
78710
78627
78629
78631
78670
78747
78633
78635
78637
78638
78639
78641
78643
78645
78647
78649
78651
78653
78655
78657
78656
78657
78659
78661
78663
78665
78667
78669
78671
78673
78675
78677
78679
78681
78683
78685
78687
78723
78689
78691
78693
78695
78697
78699
78730
78701
78703
78705
78707
78750
78708
78709
78711
78713
78757
78715
78717
78719
78775
78721
78723
78725
78727
78729
78731
78733
78735
78737
78740
78741
78741
78743
78745
78747
78749
78751
78753
78755
78757
78759
78761
78765
78767
78769
78771
78773
78775
78777
78781
79208
79914
87428
78800
79128
88066
78818
88401
84464
87879
88406
87040
88204
88366
88396
84475
88424
88429
87017
87970
88091
79140
80772
88388
78799
85882
87979
85405
88024
88202
88115
88400
88410
86245
87615
88377
79091
80566
86361
78795
87012
87676
78797
88089
88475
86830
87683
88231
86924
87913
78798
87376
87834
88035
88133
87229
87969
79328
80188
81518
88131
88396
80935
88212
88386
79944
82986
88019
81085
82489
86584
81265
82585
88427
79462
85472
88161
79877
86311
87481
79812
86257
87424
79336
79699
83917
87580
88476
88508
80654
83323
84805
85157
88139
88431
81371
81945
82766
81681
81876
83843
81971
82779
84081
81343
82646
84573
81618
83187
84347
81328
82061
82924
78863
88008
80268
87879
88450
81714
82459
86920
81531
81837
84992
81605
82207
82842
78946
86355
88381
88384
85989
88378
88428
81472
82000
82659
81389
81782
83043
80535
84184
84608
80499
87970
88027
79732
80500
88159
81314
81425
84257
81897
83790
83913
79096
81984
87548
80758
82516
85388
81502
81972
87188
81506
81522
83810
81444
81487
84785
81555
85296
88586
81158
81775
86828
81939
82825
84848
84498
85652
88182
82009
82100
85167
81175
82063
85410
81623
82499
84811
84640
85358
88581
81183
81381
82498
80575
83090
85147
81275
83252
83978
79787
82575
86972
81033
82856
83626
81284
81428
84157
81986
84481
85774
82780
83971
84658
80624
84467
88081
80960
83724
85156
81521
83916
84899
82210
83748
85807
85528
88129
88454
80926
83371
83617
81240
82767
88548
84496
84505
84788
80980
81228
85593
80775
82032
87604
79208
86575
88591
81281
82076
84745
81015
85351
86504
79592
84486
86891
81794
84729
85604
81527
83287
85502
80151
81090
83463
83703
86110
88644
81745
82794
85688
81476
81558
85266
81036
84383
85216
80649
83124
84387
80956
82530
88543
80933
81648
85359
81030
82960
85577
83137
84042
85431
80822
82783
84192
80880
87165
88457
81131
85331
88013
79226
79733
82550
80944
81834
82763
84633
85686
85861
82626
84802
85792
84269
84615
84759
82955
84903
85134
85207
85419
85888
81277
83934
85119
80433
84380
84406
81080
82925
84973
80677
82834
86139
78902
80777
85461
80355
86311
87661
81682
81690
86096
78928
80841
87052
81645
83553
85106
81180
82083
85802
79041
82334
87438
80707
80965
84852
79768
84953
85479
84517
87449
85154
88136
88390
82234
82323
85630
79024
82192
88468
82260
82313
84999
82460
83921
84074
82430
84336
86182
81130
82044
84769
80838
81606
84916
82240
82903
86085
79156
85537
87617
83413
84209
84818
80845
81133
85648
81820
82820
85260
84867
88226
88441
81253
81311
84877
82163
84077
85006
81319
82445
86193
81903
84849
84904
81831
83337
85947
80591
83008
85777
82375
84599
84804
87403
87571
88286
83648
84739
85129
81634
82285
85679
80981
81173
85952
80771
81265
80246
84379
84722
83026
83899
84441
82497
84091
84718
80806
84189
86210
81316
82885
85280
81657
85083
88601
81832
84069
87136
81012
81748
86238
81419
85031
88588
85184
86022
87472
83799
84093
85733
80299
84154
84879
79330
85262
85866
79046
80322
88481
80795
82431
88585
80740
81777
85078
83416
84155
86536
88268
88510
82279
83726
85621
82761
83139
86087
81722
84967
85495
80203
84229
88465
81433
83595
85131
81585
83304
85641
84806
86757
87220
80236
84156
85065
80536
82630
84705
86846
87770
88630
80059
83305
85620
84396
84862
84910
80653
84837
85204
82730
83907
86138
84869
85270
85390
79142
87652
88196
79192
85805
87639
80937
81997
85572
79140
84884
88193
81662
86538
88720
81340
83406
85576
79451
85444
88571
83299
83500
86247
84922
85749
86326
82201
82265
86292
84595
84703
85846
79305
84371
84384
81654
81870
85727
82322
84763
86480
83474
83909
85776
80847
81766
85437
81702
87575
88472
84284
84579
85603
84575
84857
86321
88284
88288
88421
81625
82558
86309
80851
80878
85004
84273
86295
86312
79330
85912
88410
80045
84994
85183
80628
85160
86657
80195
83671
87041
79985
81299
87532
87543
88021
88555
84177
85180
85294
85193
86331
86644
85135
86857
88648
79194
87092
87942
79547
88267
88425
79546
87219
87496
81000
84745
86361
81492
82014
85679
81203
83711
86703
80877
82671
84926
80034
84610
84968
79007
79085
85101
86800
82599
83151
85712
81843
83407
85546
79691
80417
87665
81127
85219
88553
80581
87637
80044
83851
87327
80281
85328
86941
85303
86017
86776
82653
84345
86528
83503
84419
85538
84219
85824
86792
81350
83220
86607
81520
81921
86607
81431
86257
87517
81961
82160
85776
80209
83976
85115
81970
82490
85873
80043
81449
87585
80976
81338
83021
81974
83959
86271
84465
86206
88561
87881
88031
83833
84432
86716
80510
82778
86366
79673
84969
86258
82287
82504
86328
80010
84105
87206
81891
84104
86271
82188
83430
85935
84040
84987
86196
82536
83653
85772
79260
88099
88152
83069
83517
85434
83397
87906
88382
81774
86536
88625
79915
85150
85489
82474
83868
85797
80223
84712
86538
84576
85374
80234
83400
85952
83600
84443
86217
82090
85062
86682
79905
84673
85546
87383
88151
84061
86785
88589
79344
84353
86116
85476
86660
88437
83385
85292
87497
79804
80537
87949
81236
85826
86557
81943
83809
87496
80162
82886
85744
80057
84534
88458
80143
84982
86122
84226
86120
86443
79909
84955
85517
81481
81910
85970
83329
83777
86484
82215
84435
85938
84001
84292
85455
83912
84793
86450
79766
86551
88483
82310
82900
86613
80159
83918
85417
79906
82175
86569
79999
85467
85997
80251
84887
86342
84704
84932
86412
81752
85617
88538
80150
84231
86459
85099
87255
88449
80675
80995
87254
82754
83484
84741
83354
83427
84431
80008
85536
85976
83082
83238
86713
80750
84871
85781
82270
82655
86938
79705
83264
86594
81357
82548
86827
79511
84969
86003
80988
82097
88632
85398
86224
83312
83599
85997
83987
84178
84584
84446
86255
86943
83176
84900
85692
80833
82148
86096
87106
87774
80481
81917
86138
80244
84653
86002
81093
81256
85205
81644
82011
86697
87686
88180
85505
86518
87531
79328
84195
88199
81738
82379
85628
80196
83433
86453
85425
85906
86914
79317
87579
88078
81028
84541
85920
85535
88602
88617
80207
82967
86217
82986
86332
88551
81046
83016
86164
82576
84539
87443
80804
80938
87193
79479
83865
86019
80952
82348
86458
83013
83560
86440
79696
83153
86667
80900
82637
86302
80763
83619
86340
79676
84696
85055
80295
84736
85772
80629
82184
85761
82831
83467
88030
81683
81768
86182
79756
82229
87908
80906
81327
86292
81946
86181
88375
88436
79711
85608
85685
83158
85189
85329
82684
83256
86731
84261
85072
86495
87557
88739
79310
85622
87161
86116
86370
86982
80764
82713
85593
80678
85375
87261
85810
87408
88460
80827
86147
86387
81102
86193
88567
80341
82801
85628
84737
84933
86037
82648
83632
87633
80381
83429
85893
83266
87754
79164
80004
83014
79483
80178
83175
84203
87160
80212
82731
86528
80178
80292
87981
80302
83857
86238
85284
85497
86148
85162
86543
86720
80235
84732
87940
79973
85527
86552
83133
83801
86212
79925
81886
85532
80136
83924
85318
80070
84558
86530
84027
86362
86702
79504
80675
80438
82209
85327
79541
84591
85477
80843
87391
87616
82574
84421
86426
79892
85734
85962
80493
87071
88758
79485
84208
84543
81639
82233
79181
79685
82298
79932
85705
85757
82335
88239
88522
79820
82121
87882
80391
83003
86582
80444
85338
85648
79204
84427
84850
82065
85342
88552
79895
83968
86453
79651
85152
85526
82918
83698
86655
81468
84714
86447
85587
85919
86555
79970
83346
85227
85345
86695
86946
82307
86272
86291
81525
84991
81118
83789
86673
80326
85817
85994
83083
84162
86684
80027
84560
85538
84053
84173
85244
87504
88276
88497
79807
85171
85769
79896
84321
85941
80005
85972
86127
81139
84340
87398
79614
80804
80679
81949
85541
81958
85472
81530
83217
85926
80317
82437
85863
88138
88167
88516
82501
84855
86301
80238
84925
87577
79904
83983
85446
81957
84918
87554
79290
81185
85976
81037
82785
86650
83007
83914
81078
81478
85694
80724
82859
85970
82975
86119
86470
85615
79850
84296
85630
86372
87200
88453
83904
85549
86201
80113
83891
85949
82453
87741
88214
79960
85242
86198
79912
84344
86085
79699
81460
86147
80773
88260
88445
79311
86587
86624
79689
85691
87190
79810
85086
85446
81914
82685
86002
80534
82738
85926
82589
88244
88532
79620
85263
85311
80794
83265
87241
80065
87093
88391
79780
84391
85371
85093
86863
88623
79786
84986
85797
80055
85055
85530
83302
85636
87783
80343
85051
86682
82473
87470
87747
81143
83510
87194
82562
84966
85827
79767
85353
85836
85568
86797
87053
80101
84223
85935
79274
88079
88241
88385
82081
82303
86697
80541
82116
85743
84148
86364
86460
82219
86581
87130
79972
81640
87703
80799
87631
87943
80015
81597
85445
81182
86530
87087
81869
82381
85733
83933
84656
86910
79530
85152
85295
80303
81802
86247
80907
82256
88616
79616
85808
85991
84029
85491
86699
80387
82218
85655
79728
84860
86158
82947
83608
85061
84690
86401
86560
80020
83948
86652
80865
87807
88394
80398
85884
86018
79579
84196
85425
80135
84522
86094
80130
85234
86946
81198
84606
86752
81790
83678
86094
80698
85029
86665
87542
88487
88751
79749
85236
85263
82147
82751
87095
81402
82675
85539
82010
84554
85918
83232
86546
87393
87820
88510
80515
85058
87541
80727
86055
86194
80759
85577
88565
80384
80911
84584
79963
85192
85962
88095
88111
88531
81151
84809
86134
79856
84913
86206
81526
85807
88575
85039
86457
86458
79717
85634
85798
79672
85387
85925
79919
83892
85117
84089
85681
87905
79823
85286
87122
86286
87544
80118
82854
85540
79567
84649
85444
79974
87484
88505
84580
85168
86439
83397
85631
88107
84742
84800
87893
85128
85881
86793
79627
80604
87573
80131
84566
85594
83353
87909
88394
80600
83535
86833
79662
85456
85862
85767
86628
88693
84509
87264
87908
83390
84085
81197
82466
83354
84092
82641
85221
86433
83370
85503
86199
80601
85787
86498
85190
87411
85274
87247
80598
81088
85156
81955
87494
88112
79331
84822
85964
79494
84243
87805
81365
82001
86309
79545
81138
85669
85214
85509
86852
79523
82513
86003
79936
81435
84452
83438
85411
85842
86359
81213
81229
85590
80829
81987
85919
79774
86421
86479
80726
86087
88569
80713
85869
87148
80205
84158
84930
81614
87312
80232
85389
85718
86129
88411
84876
85921
80230
87127
88636
81354
81616
85664
82410
82583
86033
87435
87878
88495
85040
86744
79803
84000
85226
82030
85057
86713
81018
83716
87150
80670
83650
85710
80001
83170
85369
83353
85484
87432
80056
81810
84978
87118
88129
79958
84893
86834
79898
87816
88055
80904
82987
83122
86088
80274
85315
86348
82806
84309
86676
79588
85116
85430
82058
85948
87358
82534
83961
87706
85118
87601
87966
79887
86410
86754
80930
85447
87432
79519
85430
85932
79652
86030
86474
79876
84474
84825
79924
82239
87332
84452
85723
85916
81511
86910
87160
84752
84915
86520
79791
85252
85825
80410
81678
87536
81010
81883
86650
84472
84972
87223
82465
84119
86259
79469
84876
85308
84956
85397
87882
79746
86609
86689
86824
87258
88595
80574
81749
84992
79789
85911
85974
80109
84906
86611
79793
85892
86057
81159
83377
87188
79587
80004
81624
80064
84952
86988
80640
86855
86903
81040
85969
87500
80826
85009
87441
79648
84711
86365
80504
83244
86876
80998
81610
85658
81192
81879
87297
81339
81577
84848
84031
85975
88477
80288
84645
86110
86767
87606
87753
79450
86081
86106
80487
84786
86239
82273
84524
86276
82173
87155
87158
81814
82059
86667
80047
85054
87007
82068
86982
87043
84480
85862
86933
86888
88183
88525
83129
84044
87785
80123
81665
85270
84730
86871
87606
81220
81658
85140
82261
85676
86380
80099
84071
85365
79644
83891
83948
79448
84031
84774
79430
80943
86121
80852
87000
87178
79536
84931
85477
79939
83965
84540
79874
84328
85428
79467
84425
85684
79754
86177
86496
79996
85730
88071
83616
86345
86837
80546
85508
86387
79781
80786
87643
81598
83466
87373
86508
87621
88635
80709
86577
86815
85842
85889
87253
85200
85728
88071
82974
86795
87534
80562
81015
84027
82350
86265
87050
81283
86063
86489
86517
86856
87007
86730
86983
88473
79713
84504
85148
80173
87070
79619
87681
88656
81995
83977
85950
80003
84131
85938
79454
83214
86552
81741
82186
84789
84535
86262
86752
79882
86266
86930
79624
85353
86169
79460
85770
85852
79671
86299
86903
79949
84404
86108
80577
83675
86560
81134
87598
87983
79964
81591
83196
80405
85792
88560
86472
86539
87536
81149
81667
86326
84696
85620
83262
87089
88533
86428
86500
82977
84423
80379
84325
85757
80385
83917
87112
84626
85455
80077
80955
88133
80179
85945
86185
79969
81933
85134
79923
84974
85796
85837
86445
87325
85899
86060
80440
84774
85941
79966
82120
79654
80044
81299
80165
84338
86480
79982
85232
85371
80140
86040
88691
84567
85032
79563
86782
87049
84886
86417
79927
85726
85758
81508
84935
87153
80119
83055
85873
79976
81181
85147
80042
83029
85388
80849
85222
85933
79783
82575
82665
81723
83185
87554
80204
83190
85711
84896
86074
79800
83196
86833
81569
81703
85502
85146
85971
87429
79848
81807
86192
81278
84286
88442
83078
84959
80147
87322
87716
79641
83306
85390
84700
87029
87569
83050
87047
88523
79543
85662
85682
80105
81358
85846
80812
81440
82134
84475
86863
87300
86107
86269
82166
85215
85600
80570
82349
86070
80432
85194
86550
79559
87156
87174
79974
84681
87097
79520
87057
87245
79524
86993
87139
79693
80010
81449
79622
79787
82655
79946
81547
86064
79967
85531
85674
85386
86323
87668
83497
87321
87898
80694
82041
85947
79771
83103
86108
80233
87030
87591
82590
85718
79694
84835
86099
80756
83009
86834
79566
87141
87201
80092
85060
85117
80339
81710
85410
84770
87401
87452
81113
81966
85781
84567
86554
85883
86057
79587
81932
87419
81503
82327
86988
86184
86857
85741
85974
80126
81559
86321
80152
83186
85533
79538
86322
86509
85742
88165
88218
83276
85664
87277
84425
86319
84683
85794
86294
79637
84473
86417
79784
85671
85893
85228
85800
87282
80710
82622
85850
85449
86158
84139
84331
87636
86334
86365
80249
84990
87657
79759
83190
84711
84499
86456
85981
86235
87891
86000
86054
81264
86089
88365
79959
80537
87315
88216
79898
87604
83035
84101
84118
79983
85671
86754
82131
84507
85943
87382
88171
88707
81885
85818
86157
80370
84099
84494
85504
87476
88650
79645
87422
87731
79657
87179
87498
79642
86209
86405
80517
85429
87837
85758
85911
80129
82227
85141
80623
82962
86460
79627
80240
80880
85480
86985
80452
84479
85361
80040
80171
88734
85674
85892
84370
85526
81049
81383
85043
81561
81911
86569
80186
85624
86362
79675
84099
84193
79599
86258
86459
82347
84754
85656
82046
82226
87785
79935
81258
81984
82881
83965
87660
79593
86577
86855
85178
86811
86914
87415
88139
80068
85748
86666
80122
82670
87150
81218
83373
85184
80800
85848
87378
80744
84174
84377
81387
81714
84996
81544
82454
86328
80525
86670
83949
85684
79602
84006
85530
80349
82373
85727
79625
87624
87645
83824
84011
85297
85858
86009
84216
86623
87997
84581
85601
86523
80308
82888
84573
80488
84215
86040
85239
87843
87938
85232
85389
81072
83187
83255
80985
85350
87286
85479
85508
80556
81617
83913
80835
81517
84903
87739
87937
88423
79781
80057
80633
81924
83822
85392
79626
86334
86403
81799
83947
88647
80301
87234
87366
80170
82493
86876
80248
81803
86673
79988
83706
87319
80071
81842
86452
80347
84196
85160
86209
86322
79772
85720
85874
80599
87297
87497
87576
88225
84359
85308
87762
87918
88714
85170
86646
84197
85562
85984
84835
86595
85682
86106
84379
86938
81022
86806
81852
81893
84005
82442
82880
86210
81676
81999
85402
79870
84046
84174
79649
87739
87852
82598
85759
86511
80198
85126
87667
80133
82250
85448
87513
87934
88200
84822
85064
80797
83085
84864
79674
85883
86912
80834
85001
87114
83538
85129
86403
86646
85246
85995
86352
86717
86722
86060
86081
80547
82818
87404
81038
81341
85419
84722
84925
86299
86629
82038
82191
88756
82977
85032
83216
85400
80817
84548
86772
83262
84990
80402
82446
86684
80307
80737
85375
85852
86500
80182
85871
87142
82640
87795
87830
81927
83579
85686
79757
84930
85949
83735
86099
85085
86590
88331
81864
84825
87651
81650
83094
85774
81307
82206
87412
79710
85741
86849
82643
86223
87931
87420
87852
87858
81342
82395
87706
87224
87299
84888
86335
85135
86785
86076
87241
84391
85744
84953
86139
86135
86656
86692
86523
87407
87860
80325
86418
87172
85402
85721
87048
87725
88083
88373
84405
87079
87738
85154
87134
88216
81958
86651
87664
79822
79938
81162
80281
80446
83265
83501
84070
86600
81593
82867
84658
85813
86922
85469
86011
88618
79750
80498
87066
81609
82760
86920
83050
85126
83742
86278
80342
84385
84961
81536
81934
84430
80500
88503
88518
81199
86801
86963
87280
87811
79922
83667
86543
83542
88490
88495
80692
81414
85098
80846
81579
85509
80532
85782
86444
84920
86333
80046
86715
87838
80414
87076
88015
80338
84607
86443
81017
84739
85616
86032
87194
85634
85808
85099
85482
88484
84466
86080
80783
84347
88544
87209
87621
88727
80725
81969
85119
86241
86509
80472
82568
84249
81613
83098
86968
82294
84246
86550
82965
83386
86340
81591
85028
87355
80699
81303
85294
81004
82569
84681
82231
85824
88706
81674
82325
83529
79839
87862
88658
84499
84878
84489
86475
87601
80815
82338
86450
80520
81841
84081
80618
88540
79765
80065
83147
79813
85527
86622
79766
80077
82853
83637
85405
87758
80125
86327
87818
81455
82237
85712
81052
82597
86259
79752
82475
82488
80792
86101
88034
80155
82056
86426
80185
83679
85358
80160
80377
84922
80089
85321
86317
86564
86722
80626
81679
85143
81258
85784
87728
84886
86338
79928
80777
83119
87270
88273
80336
87456
81318
86196
87027
86054
86428
84740
85661
88622
85971
87213
86446
86545
81725
81789
86788
86167
86241
80195
80608
83510
82340
83327
86164
83314
86862
87678
80436
81817
84806
80267
85237
85879
86847
87158
80177
80873
84502
86278
84383
84805
81652
81896
85641
79978
84608
85013
83662
85148
84872
86329
81454
82590
86176
86545
86717
80062
81799
84158
85317
86014
87121
81085
81329
86954
80085
84794
85228
79806
84677
84989
84231
85777
80484
86919
80350
84941
85108
86111
86410
84566
85060
80999
85584
86601
85310
85311
86384
86547
85293
87456
88527
87414
88043
81519
82494
85303
85834
86405
87123
87332
87906
87392
87965
81947
82604
85128
80915
81363
82493
80615
82812
84247
79869
86564
86771
81465
81709
84849
79933
80569
81231
84638
85723
87553
80753
82257
84372
84453
87745
88599
85855
86991
87006
88093
79824
86651
87436
84872
87168
85252
85991
79811
86168
88409
79844
84927
85027
85116
85122
83512
87200
81638
87059
87733
84860
86420
84669
87558
87861
79977
83621
86294
81184
85108
85726
80486
87017
87605
80950
83326
85207
81430
81872
87633
85800
87212
86955
87774
87889
79972
83126
87836
87982
85027
85662
80632
81502
86686
81926
87707
87832
84073
87769
88123
80183
82284
83916
80282
84193
85369
81862
85783
88181
81025
81417
81971
80039
82152
83198
82472
85500
85826
81759
84685
85603
80049
86168
87859
80164
83868
84359
87726
88065
88376
80479
84697
84820
85683
85770
83448
84037
86431
80939
81330
87261
81429
84820
85531
79913
80973
87540
85091
85130
82765
83241
88037
80958
83137
86287
79953
83744
86431
80178
85845
82271
84671
86406
84673
85586
86220
87402
87716
80749
80869
82045
86059
83222
85381
88306
81818
83236
86418
80035
86629
87636
85383
85734
81628
82513
82782
87162
87988
88435
79861
86958
87657
83826
88158
88190
87064
87532
82608
85349
87184
80023
80992
84802
79903
82246
86665
80106
84677
85940
87729
87808
88391
88392
84498
85987
87944
80458
85488
85884
86652
86772
83892
85761
81104
81252
84269
79879
87069
87585
82036
84947
87513
86045
86958
80514
82997
86276
85839
87069
82398
86202
87005
79984
87474
87551
86991
87667
84586
85516
86189
84958
85519
85940
85414
86671
82398
85292
85386
81201
81747
84899
85937
86664
87339
80780
83790
88564
81454
85594
82128
85289
87441
86995
87533
88619
80237
80385
84548
81161
82087
85621
84799
85836
80802
81496
84910
81082
85492
86254
83588
84427
83305
85359
80819
83877
87319
87138
87767
83768
85012
87175
88183
80990
81838
83915
83620
86021
86370
86714
81243
87196
87726
83435
85863
83949
86043
84649
85583
81373
82698
82769
85565
87013
88068
80935
87271
88525
84906
85685
82739
86701
88143
80013
86144
86777
85467
86573
84717
86680
84713
88402
85171
85608
79997
81096
83724
81185
87991
88547
80407
84311
84623
83429
85572
79926
85839
87251
86861
87945
88205
85434
85457
85751
86446
80705
84642
88094
84868
86232
85855
87254
87622
87717
86517
87612
80074
84046
85540
82140
82803
85193
80088
86596
87837
85064
85515
80973
82632
82492
84439
87564
86777
87097
84558
86407
83194
84179
87142
79972
82572
85660
87064
80203
86866
88110
82152
82189
84322
81021
83866
87276
79991
88102
88232
80172
86558
87677
81145
86489
87953
80675
85206
80367
81375
84633
81679
83127
87771
82938
84466
79971
85660
87185
80019
88175
88255
80318
80492
84575
83396
88178
83212
86854
88447
80018
85834
86392
80585
87345
87737
80127
83030
84904
85600
86934
80775
85429
85041
85412
85421
80174
82066
85146
85248
85677
86494
84502
86588
84321
86366
80032
84998
86815
80006
80463
82197
87566
87653
80927
85130
86000
84759
85942
83012
85442
86045
87193
86918
83035
84878
83589
83668
82489
83127
84327
87230
84093
85736
84199
86018
83287
85022
80853
84664
86312
80717
85589
88236
81550
84191
88604
82186
84494
86972
87095
86177
87498
88105
88215
80647
83198
84247
80768
83144
84999
83815
84885
80969
85901
87178
80394
81531
82353
86076
87392
80356
87455
87841
83512
84134
86894
84960
85552
86741
87382
80450
84595
85795
84826
85931
83407
84370
80028
84421
86779
84626
85666
80228
87535
87651
82886
85437
81434
84927
85391
85267
85705
80525
81882
84974
86479
87436
87624
80201
85414
87898
80900
85167
82331
83059
86171
84422
85212
81713
85683
86662
82387
85197
86203
80773
87484
80172
87976
88260
80388
85637
85695
80129
80187
87892
86621
87842
88234
85170
86586
86032
87414
84741
84967
80091
83746
86943
82799
82802
87028
84465
84799
81231
82673
83405
83116
84215
86082
80294
86732
88082
84986
85564
84044
86338
84233
84389
88546
82665
83432
86586
80358
84281
85533
85301
85485
83097
85222
85350
82930
85438
87186
87822
80478
85937
87932
80373
84672
85280
82274
85851
87968
83170
85541
82015
87946
82305
86719
86835
84189
85998
88057
88198
84268
85332
84955
85150
86912
86996
87490
87940
80527
81963
84539
87061
88226
85521
86485
86893
83061
83458
86702
86970
87223
88018
82035
82627
87443
83559
85522
86676
81090
85975
80560
85306
85441
80484
81964
85575
86197
87529
87631
82834
84785
81792
87776
88640
82364
85132
88213
85609
85751
81125
85483
85511
85818
87341
87729
81780
85292
85386
80312
84540
88105
86354
86771
85317
86837
87121
84514
85556
80804
85416
82367
84057
86557
80316
83711
84353
82325
84281
80439
82688
85918
80203
82691
88110
80177
86774
80751
83833
84462
81109
81823
84599
80967
81343
81930
82276
82857
85782
80869
81490
86175
81416
83212
86144
80104
82718
85681
82210
85229
84466
85148
86108
80621
86029
87540
87126
87949
84012
88147
80793
81466
88005
84818
85910
81741
84377
82202
84078
88199
83466
86656
87373
80762
81868
86033
84282
87417
87650
80395
82903
85666
80353
87430
87660
84385
85825
82483
86853
88041
85086
85667
80462
85443
88668
87006
87541
88093
84474
88057
84862
86146
85720
87311
80114
82234
85583
80267
80861
83432
85798
86029
81280
83128
88744
84725
87722
88120
81570
81778
85992
81158
85495
81441
82648
81315
86608
87961
80346
82724
86104
81006
84033
84249
82184
85004
84653
85766
84478
85931
87357
85483
87396
87530
83536
85061
83968
85874
82031
83165
85511
86849
86882
85180
86279
85006
85547
84058
85125
85802
82376
87806
86377
87805
80232
83273
84687
80276
84398
87993
83328
86949
81121
81482
83506
85456
85614
84071
85769
81217
84588
88058
81475
85291
86027
82401
83873
86041
84888
86386
82371
84809
84935
87107
87854
88143
84479
85972
80891
84389
85711
80596
86601
87324
85516
86661
87153
85112
87616
81251
83020
83396
80284
82319
85743
84061
84811
81283
87580
82854
85694
86200
87843
88627
84707
86123
87003
83020
87289
81912
82049
86608
82787
85743
86439
80732
82096
82910
83650
85517
82685
85449
85676
85760
86033
83008
85266
84822
84876
86417
81023
82960
84155
85877
83300
86584
88506
84886
85263
85308
87435
87440
87878
87638
87844
88120
84581
87771
81045
85581
88144
84068
84531
85853
81986
84720
83953
86550
87999
80728
86776
87025
81769
85166
83334
84127
82904
84289
85305
84425
85032
85152
81778
83866
84184
86141
85360
85539
86199
85009
85426
86853
87582
88512
88514
81074
81614
87603
80335
84435
85515
80818
84706
87089
87225
87786
88520
83582
85436
85880
85906
82840
85521
87286
80448
84014
84069
86153
86408
83914
85860
82757
84395
86317
87396
87530
81737
81739
85848
84567
85430
85684
84293
88279
86756
87668
88136
80745
82637
87577
81419
86828
84230
85254
86187
83987
85804
82017
83930
84800
83924
85489
85595
86282
88273
80908
83384
86966
84178
85907
81178
84250
86699
80968
82355
86716
82003
84660
88193
84198
88132
88267
81077
81805
83934
80369
85151
85570
85627
85655
86123
83949
85116
85446
81246
82540
83356
84835
85353
86278
85005
85966
81782
82000
82085
81773
82029
84718
80319
82660
86913
84365
85862
86099
87211
87251
87542
87684
88751
88022
88114
82938
84404
87178
84789
83660
85638
84560
86100
87761
88014
83918
85183
86285
86354
82009
85604
81754
82498
82631
85837
87688
81075
81398
83718
82797
85456
86094
81137
85513
86041
84931
86249
83012
85227
86673
81555
84729
80721
82154
86199
85227
86062
87478
87547
82733
86260
87725
86421
86609
85513
87478
87547
80748
83854
84941
83418
86415
87113
83180
85029
85168
83932
86066
87554
83019
85918
86134
80397
84194
85827
81396
83766
84012
87645
87731
88498
81294
83528
84697
82054
83409
86348
82879
84431
87297
80386
82779
85806
81312
81425
81854
80509
84788
86503
85319
85876
82297
85960
86925
80836
86928
87981
81767
83888
86956
83035
85455
86552
80946
86742
86759
81611
83335
83413
84660
88175
80854
82470
86447
85849
88137
83106
86474
86699
83861
86684
87236
83152
85244
86196
82776
84110
87598
85946
86023
81674
84322
82662
85329
86447
82636
86439
83078
84543
86650
82804
82815
88210
83103
83662
85781
85871
86497
82977
85444
85526
82605
83371
83617
80549
80799
88583
86970
88018
84473
85064
85757
85447
86369
84913
85887
85020
85936
86593
82342
82625
86655
82556
82856
83626
83976
84994
81363
86798
87544
86928
87126
84736
86424
84371
85983
82324
88026
88140
80739
82831
87036
84502
85836
85962
83214
83312
81682
85559
83124
83247
84387
81275
82618
82659
83638
84380
84406
85920
88033
81013
84550
87047
81014
84706
87009
83315
83595
85131
86862
87287
83272
84738
83678
83735
82622
85342
83222
86433
86966
83334
86185
86759
82119
82204
86881
83914
84427
86453
83501
85061
87150
81924
87841
83257
84239
85500
83093
86194
86276
84499
85477
86158
80476
81257
83993
85567
83272
85863
86665
82783
82940
84192
86444
87474
87551
83080
86301
87727
80885
87816
88126
81380
83337
84861
86283
88528
82841
85311
85797
84968
86394
83220
86109
80582
85394
85897
83400
85559
85563
86392
84712
85809
81484
84227
88059
83054
83987
86217
85068
85643
87076
87781
80613
84351
87168
84871
85697
87094
87609
81525
84334
87119
80619
83299
86043
87146
87185
82227
84493
87565
87921
88066
86993
87156
82767
84500
88549
82189
84033
81428
82823
83043
83296
83588
85616
83428
84931
86002
82818
87404
87441
81376
81936
84441
83179
85434
86543
83390
84384
86910
84885
86068
87319
83503
85310
82657
87354
87776
84350
87311
80744
82394
82695
83974
84293
85783
82736
84432
85890
84579
84589
83882
86426
87289
83208
86793
87747
82238
83789
84714
83706
86420
83904
85549
86549
84473
86779
83319
85086
85935
82147
85106
80422
83854
84019
83569
85129
85390
80699
84443
86086
86527
81175
85080
84351
85795
81575
85752
82432
86839
88065
81801
82037
83037
85748
86689
81381
82044
84769
80816
82069
85562
82646
85958
82825
88566
80671
82780
86303
82518
86148
84127
85377
82712
84649
85546
81328
82924
82972
84208
84476
86713
83766
87236
86597
87912
88071
83781
84837
85204
84615
86448
83544
85705
85938
84688
85609
81239
82623
84232
87024
83104
86071
88015
83276
86638
85149
86215
86471
83877
84780
85375
80722
85485
86009
83104
84624
84695
82895
85827
86148
81952
87725
88083
87043
87287
81314
83530
84257
85698
86223
86336
87345
87378
87737
83649
86495
86776
83661
84064
81834
84021
88548
83357
84862
85846
83660
86224
87591
84860
84878
85527
84295
85600
86834
82268
88009
88035
83771
84887
86342
83992
87181
87417
85041
86198
86956
85803
87999
84154
84156
82530
82944
88542
81506
82207
82502
84640
86398
84079
86524
87354
81658
85417
84285
86134
87267
87355
80637
82921
84873
85030
83791
84154
84879
84127
85884
85945
84296
86389
82666
83291
88034
86944
86996
81922
82910
83308
84496
86132
82315
84626
85997
83433
86329
83779
84156
85065
84311
85796
81302
82254
86055
80474
83742
86933
83654
84994
85183
86024
88089
88238
80831
82061
83468
85945
86860
83935
84371
86247
83449
84986
85538
84588
84622
88058
80966
87302
82120
83394
81215
84550
86867
84103
86018
86294
83498
85215
85497
80779
84652
85260
85462
87918
88715
81411
82308
84804
81878
87106
87959
82086
83912
84029
83186
85590
83182
85759
87632
80482
84162
81032
84040
86369
81039
83947
83646
84673
85630
87013
88076
86950
87444
82726
83963
86301
83865
85346
83961
86588
84053
84430
86667
83644
84451
85524
86662
84528
85453
86367
85234
85624
85925
86675
84752
85002
86520
81990
87257
87789
83953
84276
87285
83600
86595
85858
87224
82847
86212
87000
83402
85180
86321
82385
82785
84933
82925
84495
85790
80777
84056
84528
86385
86937
81953
88502
83485
83865
86138
85257
87082
87574
83331
84178
86528
82548
85083
82850
86676
87764
83884
85933
86259
83706
83815
84922
80544
83067
83528
82733
85986
81648
84157
81325
87726
88065
83070
83433
84595
85194
85803
86752
84470
86194
82904
84289
81045
84016
88407
88055
88181
84971
85574
86173
84868
85532
86601
80980
85809
80593
84300
84998
82874
85881
86655
84006
87985
88697
86326
86820
86884
83470
83052
84818
86943
83430
85122
81215
81251
84632
86083
81629
82091
84091
81779
84956
87360
83588
83968
85270
81995
87551
83687
85431
88107
83857
86109
80545
82863
82957
82209
85065
81138
84654
82321
85692
86412
83866
87142
87276
83241
86513
88037
82787
84808
83007
83095
86271
84170
87533
87999
83197
83525
81326
81351
83484
85216
85951
87525
86747
87909
88265
81398
84060
80648
86175
86813
83345
85150
85489
88130
88187
88757
80575
80813
85087
80975
81491
82762
85300
85937
87013
83090
85958
83251
84177
86087
81776
86677
87128
87172
87455
87841
81908
85625
83051
84871
85727
85351
86702
81424
82163
84574
82466
83427
86292
81014
81396
85019
86357
83597
83636
85102
82630
83556
84705
84329
87278
87759
80973
85902
83128
86666
84498
85652
86963
84112
84398
85849
81681
83843
83896
81634
85877
82517
83507
82920
83600
84575
84893
86152
85745
88689
88691
81840
86407
87393
83414
84759
85134
84364
86704
84235
84866
82431
83248
88584
82676
84040
84261
87057
87141
85208
87727
87789
84351
84945
85655
83136
84610
86450
84263
85818
86988
84050
84227
88164
82499
83843
80742
84256
85391
84928
86277
85321
88119
88147
80880
84200
85837
84868
86386
84228
86055
86157
84042
85961
82879
84129
82778
84852
84078
88102
83541
84522
86340
82930
84968
86443
87087
87450
85210
86871
87648
85646
87453
87486
84181
85851
87263
86840
86882
82293
87291
87765
83216
86030
87783
84397
86445
87934
83835
85831
87785
87003
87260
82987
87778
88405
81949
85205
85012
86888
88693
80965
83457
84157
84757
86310
88502
82730
86319
83252
83465
83978
86167
87060
82049
88343
88721
84952
86297
81143
86186
85406
88072
88178
83244
85535
86013
87046
87584
84083
84695
85412
81997
84877
83564
86609
86689
83820
84653
85873
87180
88081
85178
87781
84011
86773
86891
84506
86489
87030
82771
83536
85603
82006
84233
83962
84989
86904
83772
83976
85115
87162
87937
83673
85734
86206
80848
83139
86232
82250
85127
86916
81311
83531
83810
85556
85889
86530
86116
86714
88129
81006
82343
84015
84518
85091
82630
84406
83180
84361
84418
83336
84223
85970
84851
85254
87278
84887
86127
81745
82061
80711
85185
87650
85993
86380
88639
83339
84955
85517
81945
82766
84137
87438
88228
88411
84272
86376
87706
82296
85189
85335
84303
85972
86127
83211
84396
85947
81647
83129
84937
84259
86759
87268
82383
83616
85114
83230
86412
87507
82661
83716
84704
85234
86239
86377
84717
86611
81243
86637
82860
83346
86569
83803
85467
86085
82475
86044
87615
84829
82221
87868
88134
83323
84257
84780
85640
81766
84916
80909
81621
87128
80767
82812
85098
81444
83793
84785
82671
84926
88543
85592
86027
87648
83939
86787
87261
82756
85608
85685
82947
83134
86667
84452
84514
84558
81148
82430
84423
81680
82127
82873
80971
81939
84381
81256
82735
83928
81139
82681
88141
84396
86347
82403
82730
83299
81080
83664
84973
84921
86504
87038
83180
83272
84857
80717
80918
88166
81114
87162
87988
83200
86421
86479
83893
84893
86560
82769
83517
86569
81978
84203
84280
87443
87460
81086
81127
88542
83491
85686
86929
87145
87988
83535
85219
84282
85339
83499
84913
85772
88084
88142
83279
87632
88054
84388
84982
86122
82320
82413
87038
82463
85573
82067
84230
86616
81423
81437
82804
87709
81977
86874
88083
84911
85539
85934
87083
82893
84904
85006
84223
85875
84209
86402
84177
86049
84228
84841
86495
86605
83404
83538
85087
83488
84985
88573
83733
84560
85952
82568
85043
84217
85349
87294
85425
85880
88139
84576
86277
87145
84024
87776
88640
83877
86622
80772
87609
87622
81618
85961
83085
86122
83512
86168
88226
84253
84518
82968
84131
86164
83529
86735
87638
81554
83549
88127
81214
81686
84928
86901
87467
81490
85687
83662
85838
80758
85158
80953
86484
86799
82540
84961
82196
83158
86655
83423
83648
85577
84295
86822
84677
84872
85720
82263
83543
83648
85542
81548
81797
82460
80889
83907
86074
84592
85676
84522
86050
85051
86625
83720
84296
85648
84123
86331
86484
81922
82549
82599
85717
82077
83538
85733
84730
85210
86753
86791
81176
84755
86992
83266
87720
85265
87669
86228
88099
88156
86156
86534
81745
84437
85688
81168
83309
85339
85503
83726
84817
80981
85564
85968
87740
88210
83167
86027
87648
80845
85586
82656
84209
85119
84751
85431
87463
86695
87582
81205
82743
85516
84128
85562
87740
82076
84757
86240
80962
85226
87257
82595
84077
86312
82666
84122
84260
81858
85199
85908
81131
86851
82097
84879
81802
82851
84849
81838
85361
81322
85787
86899
85578
88582
82347
87737
83970
85085
86581
84703
85860
84888
85925
86040
85213
84460
84952
86460
84344
85158
83507
84093
85147
82118
82653
83139
82314
82917
86783
85501
88237
88299
88318
86291
87576
88656
82257
85365
81897
85542
81338
82763
84434
84610
86467
84897
87740
81460
82754
87327
87526
84780
86068
83224
84042
85156
82768
85934
86797
82431
84380
83171
86037
86644
83821
83918
85417
82175
82698
82918
82191
82818
87983
87985
83502
84615
85792
82014
85736
82146
86788
87099
81328
81425
81981
83234
85712
82801
85229
87186
87299
82731
85387
87868
88134
83120
85171
85769
81381
83252
86013
86379
86968
86765
87407
87605
80923
87990
88419
83979
87130
87575
88176
88251
83824
84486
86557
82072
83720
82558
85875
81558
83978
82653
86335
83097
85348
82946
85185
87650
81078
81462
88584
82938
83728
84077
86358
85329
85415
83264
83705
86193
82358
86455
87323
81196
82549
83506
83966
86872
86986
84344
84834
86210
83400
83692
85628
84993
85563
83382
84044
84421
83747
85207
87215
81095
82300
82313
87334
87712
84149
85969
88112
81917
82553
83724
81017
83959
84850
86905
81558
83727
85266
81055
82096
84191
82567
84744
84905
87296
84244
85767
81276
81290
81706
83815
84164
84224
83906
84736
86238
83003
86342
80936
81253
83248
81238
88265
88430
81022
81883
82434
84804
82476
86692
88321
81891
82101
83337
82551
83621
86309
88055
88181
83154
88467
88487
80951
85428
87291
84544
87641
88061
83500
84085
82395
83527
85419
86870
87060
82329
82961
83416
82062
82675
87038
81346
84214
87666
87358
87539
88754
85496
87427
87536
82731
83138
84903
82729
83435
86328
84373
84728
87760
84469
84830
84896
86019
87332
82368
85808
85991
82680
84579
85280
83017
88202
88405
85242
85412
86657
83427
85281
82134
85318
82864
86433
81740
83574
85347
81962
82319
86033
81303
84345
85379
86703
86829
83454
83675
86164
80928
82245
83304
85536
86827
81688
85879
86111
87434
88057
88198
81068
85343
81974
82157
82960
81771
85085
87960
82097
88585
88631
84695
85160
87076
88379
88418
83323
84264
84805
84833
86362
86853
82783
83124
85496
87427
83921
85747
82499
84175
84811
83549
88152
81355
84051
85497
83783
85051
85593
81444
83043
83023
86017
86440
86917
88524
83604
84877
81645
83810
87291
87765
83977
86787
82692
85481
87153
81150
88159
88171
82861
85802
86119
83929
84531
86112
81338
84387
82181
83176
86440
83334
84946
82889
87634
88006
82755
85833
87286
81174
82561
85521
83822
87215
82293
84113
82713
85022
86237
86331
82800
85036
86731
86272
87901
82671
84837
81643
83277
85641
80960
85346
82967
83028
84802
82553
83224
83098
86966
88593
81990
84207
82226
83169
84633
82145
83696
85621
81284
82944
82846
84964
88669
81837
86398
82516
86132
84404
86860
81619
87644
88207
81943
87397
87489
87890
88112
85704
81327
82082
83934
81550
83195
83811
80998
84705
83676
86895
87026
83513
85570
86920
82937
84204
87278
81863
83783
82138
83733
86801
87888
88582
85885
87062
87590
81536
83153
83560
82633
83097
82864
84951
86212
85112
87322
87961
82256
85115
84984
87764
87765
82127
84623
81772
82534
88605
82967
86169
81408
81436
81542
83185
83570
84539
87257
87789
83576
86089
87413
85943
86216
88595
81451
83606
84508
85532
85338
87290
83031
83152
85209
85063
87697
87772
83130
86114
87374
87548
88223
84491
85752
86944
83308
84920
86594
87668
82458
82936
86650
82777
83007
84753
84543
86635
81254
81296
81791
81201
81596
83906
87206
87475
88244
83960
84921
81909
86717
86722
81030
83501
86600
81566
84035
84300
83424
84606
86697
86281
87644
82455
81974
85921
81777
83750
85078
82063
86141
83483
86081
86106
81720
81749
81817
83719
88638
86873
87125
87740
82157
83423
81180
81538
82484
84261
87425
82530
83595
83834
83924
85318
82487
83109
86440
81722
85688
83078
84859
82536
85383
84399
84688
85309
86730
81250
82445
84118
82333
84250
86699
82545
82997
86259
86227
87478
88535
85864
86572
84131
85717
81645
84339
85106
82438
86623
86731
81440
88604
81407
82515
84147
84426
85626
87333
85933
86079
81167
87459
88248
81751
84509
88488
81196
81996
85898
86781
87530
84111
85382
86703
83003
83797
86582
81901
82339
84933
82904
87234
87366
81279
81288
86058
81324
81820
81925
82369
83238
83777
82560
85634
85798
84335
85668
88586
83543
84189
85388
83603
85698
87486
82463
83522
86190
83545
86254
87188
85095
86239
86592
82209
83606
85327
83467
86303
82896
85812
87034
87444
87566
81893
84086
84442
81233
83796
85502
82490
86249
88585
87143
87689
88763
81657
88549
84354
84590
88006
84708
86675
81648
83778
85359
84979
86546
88478
82428
84327
83798
84852
82485
87632
88097
81700
81843
88545
84712
84997
86682
82139
85014
82280
82599
84999
82220
86613
87029
81115
81606
83750
82437
82594
86450
84074
85791
81917
85295
81864
84333
87905
85010
88273
88455
83225
84906
86611
83598
83961
84162
81165
83746
84058
83264
84381
84398
85602
86012
82955
85907
82700
82914
85521
84248
86327
87818
85519
85940
87311
82957
83287
84608
83406
86358
82615
83925
86292
84640
84806
88580
82579
84067
86193
83103
85488
86577
86855
83807
84916
81401
81491
82506
82716
83619
83775
86328
82238
83012
82795
83116
88689
86712
88046
88554
81296
82719
83434
82869
84554
84882
82039
84951
86212
85545
88226
88440
84000
87396
81598
84122
87560
88543
81379
83899
85026
81742
85892
86057
81777
85131
82344
86897
82171
82562
86447
81593
83255
81599
84356
86561
81937
86322
86509
81292
82380
86891
84328
87547
82935
87897
88169
87091
87662
88731
81821
85911
85974
82180
82378
83284
82663
86137
83016
83274
85712
87030
88179
87465
87908
88741
82230
83726
85260
81957
86554
86820
87721
87866
88158
82371
84882
87136
87159
87521
82136
83406
84599
82210
82481
85228
84447
84453
87633
81871
86757
87694
88111
83079
85576
87534
83561
86585
81569
81933
81691
87472
87687
88167
82287
86050
84520
87209
85857
86269
88325
82537
83931
85402
83303
85802
83969
85576
86400
85899
87900
85461
86517
81635
85174
86845
84316
86593
87048
87021
87173
88685
82112
83950
87684
81617
82888
85833
87286
82024
84125
81265
87233
82441
85899
86060
86046
86474
83717
84338
85679
81835
82861
81377
82285
83533
85889
86892
82044
82856
87465
88741
84063
84815
84227
86437
88725
85981
86039
87637
82834
83548
86139
82088
82154
86199
86990
87114
87745
81948
82266
83958
88600
84812
86253
83351
87422
87459
82558
82638
85509
81239
85139
85247
81786
83577
81269
82265
85194
86124
85652
87888
81828
82201
82445
85887
82373
83141
85970
83629
84111
84279
85315
88175
88255
85481
87153
82793
83672
85774
84239
85994
87490
82962
83776
86340
84456
86715
87838
82448
88105
88215
84218
88288
88422
82859
83612
86309
81383
82617
88615
81812
82510
85196
88239
84698
85453
86523
87181
88577
83703
85806
83184
86608
87961
82559
85710
86498
88102
88232
84155
84490
86480
83419
83439
86271
82514
84718
88568
82801
83689
86096
83055
83858
86697
82994
86638
87474
81417
82443
83614
81478
88632
81301
81685
85168
81601
82996
83784
86336
81569
81933
81612
84180
86644
81791
81996
82762
81661
83824
84260
83701
85858
86009
85484
87425
88108
81834
83371
83844
85083
88601
82759
85516
85868
84130
85463
83508
86470
87483
83792
84937
87210
83622
84993
82055
86209
86405
82775
86460
87077
84260
85826
86101
82201
86456
88088
82626
85804
84192
81573
81824
82156
82835
84507
86956
85078
86184
88698
83420
86052
82517
83090
83913
81760
83304
83921
82256
88615
88632
87732
88214
88629
83589
86777
87097
81345
85989
88624
88220
85378
86839
88442
87686
88021
88180
81630
83238
86671
81319
86333
82796
83809
84848
83711
84279
86862
85145
85760
86683
82934
83602
87435
82007
82782
88557
81472
81754
81819
81941
82503
81611
82082
82656
86839
87196
81446
82908
87810
86263
86285
82017
83997
85198
82688
84324
86301
83827
84923
83626
83832
86544
88042
82278
86564
86771
83857
84617
85926
81446
85738
87406
82467
83001
86891
81941
82882
84412
85475
86351
82427
86773
82248
82302
88557
87240
88736
87509
87840
88207
83915
84760
85931
88071
84989
87168
87260
83155
85332
82292
82336
84900
84524
84841
84309
84463
82761
83703
85184
88643
82363
83302
83755
84226
82635
83144
84999
87930
88271
85869
86356
87439
87972
88214
88629
84152
84478
86182
81522
82940
81314
82000
83258
83383
86731
81487
87322
87960
81379
81724
82680
84616
85625
86840
85244
86810
81828
83705
84766
85462
88715
81687
82820
84091
85385
85587
85678
86719
88006
82497
86049
86839
87196
81521
86448
81805
82615
81876
85143
86011
81960
82621
83599
85927
86012
86978
84287
87163
87659
82228
83256
85641
84826
87186
87822
83602
85807
88574
84428
87478
88535
86187
87750
87996
83556
82240
84462
81721
82136
83079
82395
85192
83527
86376
81900
82582
84333
86720
86724
85362
86089
84512
88086
83220
84125
85410
81560
84734
86263
82741
84658
86955
84645
85080
81527
85942
81941
82141
83943
82099
82168
84666
88536
82160
85998
84855
85815
83355
87037
88154
82100
84973
81643
82218
82439
85195
87333
87773
84436
86967
88150
81724
82885
84441
84374
86182
88570
83092
85337
81868
82587
86276
82859
85697
84836
85144
86657
82581
84911
85539
83998
84197
87931
82701
82705
85827
82317
85770
85852
81501
81775
83037
87258
87931
88594
82027
82604
83008
83572
85777
82226
85236
82885
86402
83767
85679
82241
86446
86545
85645
81891
85964
82631
82703
84657
87486
88616
83142
84194
85918
82167
85726
85758
81874
82042
82541
85523
88013
82104
85883
86912
81428
82498
82966
85252
85825
82213
87408
87647
81636
82313
84074
82715
83187
83467
85691
87384
88673
82236
82287
85621
88160
81489
83162
85577
83330
84348
82380
83388
85743
84929
86343
86378
81408
81998
82062
85360
82628
85253
86114
83018
86437
87256
82143
85741
86849
82449
87827
88117
81923
82114
83307
81573
82288
81682
82582
84573
82215
82845
85947
81654
85838
82486
83790
88565
81803
82970
86673
81482
83875
83964
81762
82427
86773
87728
87766
85013
85159
87862
88658
84527
86205
85403
85627
87337
85859
86900
88665
81467
86060
86081
85623
85811
81903
85983
81876
83024
86783
87081
81493
86076
87392
82556
84072
87503
82323
83930
87821
88271
81822
85969
88148
84982
85204
82331
87664
85028
86204
82170
82722
85466
88262
84356
86508
87598
81634
82932
84992
81715
88603
81768
88571
81608
84966
85474
82047
82825
88567
82085
84797
85360
86505
82984
84190
82863
83916
84184
81524
86171
88007
83341
85212
83033
84347
88545
83021
85658
81825
84004
85664
84556
85662
85682
84458
85895
83016
86152
83318
84065
85661
88622
82009
84469
84715
83348
86368
87977
83456
83474
87136
85841
85955
81798
83899
85026
83872
85004
82547
84064
87094
83362
83691
86528
81481
85667
85506
86346
85852
86500
82238
85335
82449
88236
88285
84402
86781
87530
82674
86428
86500
81782
81483
86032
87414
86883
87487
87597
81509
84801
85395
81681
82659
82788
84652
85260
82005
88631
81600
84721
86037
83462
85792
88560
81873
83336
84864
85741
85974
88164
88170
85622
87161
87169
83161
83536
85645
82000
81975
84902
86578
82474
88565
84516
88162
83356
84338
85385
85883
86057
82105
84003
84899
81510
82531
87468
81831
84753
81895
86325
88150
84745
85198
85338
81735
83215
85727
82544
85758
85911
84096
86205
82792
85494
84263
86948
83395
84974
85796
85599
87641
88620
81605
82605
81523
86054
86428
82371
82402
87826
88626
85701
87964
83390
85142
83999
88130
88530
84317
86565
86613
85832
86612
86687
88011
82597
83640
86676
82423
82636
86439
83377
84708
87040
88738
85072
85209
82738
84720
82863
84003
83617
85682
86106
83059
84641
85191
82298
87499
82148
85426
82957
83796
82660
86070
88521
82571
85329
85415
82066
84845
81696
82932
81602
88017
88042
82069
85394
85897
83174
85182
86455
82983
83527
86075
83013
81835
82083
84441
83026
86225
84100
87069
87585
81970
82193
85119
84645
84856
86607
81998
82170
82212
83650
84036
85710
83619
86297
81913
82302
82464
88699
82240
82852
84848
87056
87211
82260
86347
84018
85522
88195
84372
86305
86658
88215
83540
86889
87228
82161
83376
86247
82569
88156
82522
86435
82709
83498
85474
81809
84793
85438
82618
81790
82145
82194
85548
87112
83517
85747
86878
88195
88536
82842
86435
88587
81997
83910
85572
83242
86560
86743
84790
85341
85271
87016
87249
84072
87503
87882
83937
83688
88644
81578
84245
87164
87187
82388
86167
86241
82873
83131
85692
86728
85799
86941
82495
85531
85674
83809
85890
81916
85293
87222
81595
82021
82188
84525
87064
87532
82399
85674
85892
85490
86162
86675
82743
85493
85759
85313
85484
88265
81760
81797
83277
85349
86889
88659
81630
85010
87321
83852
84071
85365
82738
83984
86607
82953
85336
86431
83625
84551
86095
86386
87324
82057
82064
81766
83869
85437
81758
82035
82232
84899
86868
87331
82666
84307
85725
86744
83801
84933
81875
84638
86953
87539
88754
81694
82900
84091
83863
84302
84938
86360
82767
84769
82295
84885
86915
82496
84714
81869
83306
81852
85327
85281
84721
86037
86379
88593
84865
82140
83082
84959
81825
82442
82770
81919
82013
82715
83033
87901
88238
82943
83709
86138
83897
88151
85632
87871
88012
81945
82924
87402
88173
83621
85471
84092
84129
85635
81644
82346
85603
81688
83443
84936
82820
86467
83777
82148
83761
85807
81761
81870
84599
82263
82516
86716
83717
86391
87009
82260
82460
83774
87137
87600
84642
88470
82135
85233
87777
87753
88076
82751
86462
86547
82911
84235
85811
81896
81759
83424
82502
82928
85163
87919
82574
87035
82823
81659
86334
86403
81921
86497
83936
84742
86576
83256
86427
83486
83679
86096
81761
83051
83199
85723
87553
84307
86549
87373
88548
82318
84036
86209
86322
83338
86005
86188
84122
85297
81841
83373
81846
82372
86380
82440
87304
87773
82760
84350
84366
85626
88172
81914
82351
82537
82717
86000
86054
84513
87126
87949
83739
84414
86287
87123
82246
82693
86665
86887
88109
88642
87616
87716
88251
83086
83471
82323
83173
87633
82303
85766
84519
86783
86852
86496
87427
84803
85654
82821
84399
81854
83689
84478
86315
84707
88177
88562
85029
86948
82334
88610
81820
82497
86176
82586
86412
88012
81930
83679
86022
87431
88138
85414
86266
87400
81957
82258
82430
82310
84718
83963
83994
88150
81900
82646
85552
85824
88706
82912
88221
88281
81851
82829
84252
87833
82941
85156
82980
83358
83487
86729
83979
86998
87702
82348
86686
83029
84275
85776
81826
83912
84738
82791
83091
87338
84382
86703
87118
83056
86991
87667
81802
83983
81748
82002
82142
81874
82180
85007
83064
83525
86950
87900
88077
82683
84702
82134
88616
83178
86196
86732
82639
83373
85184
81743
85855
86991
82357
84273
87528
83585
84992
82328
82535
83539
84477
86066
87151
83899
81968
86469
87014
82108
86539
87682
84323
87671
88088
82147
83391
87095
82931
83614
85593
84069
84496
88611
84243
87846
88277
81795
85660
87064
81976
82007
85237
81935
84074
85791
82373
83030
83752
84508
87885
82379
86100
81861
82828
83267
81918
82748
84419
84449
87846
82832
83480
87057
87141
85839
87069
82669
83204
87440
81801
83967
86337
86877
82105
83680
88561
82284
81774
82275
82355
82790
86716
85370
87429
86180
87205
86170
87008
87189
81782
83257
85817
86557
82001
82998
85781
83250
86885
88225
85261
85509
86124
82460
84804
86683
88342
87108
87365
88198
81986
82409
85146
84390
85748
86666
83465
86198
86541
81815
88570
85767
87886
83842
84766
86011
86581
88173
83083
88713
82310
85985
81817
82794
86643
87056
84388
83280
85591
85954
87282
84129
87497
85930
87496
88216
83410
85839
87251
81866
87186
87299
81951
84592
85676
81996
83071
83669
86087
88569
82897
84672
85280
85633
88031
82087
81824
83071
82657
85993
82670
83730
87150
82842
82925
86045
86958
83436
87267
87355
86146
83026
86225
84376
84618
84251
85979
88214
82061
82161
81981
83009
84061
84665
86785
84591
84045
85219
88552
86602
87592
82370
85475
88192
85400
85491
86923
87207
86230
88039
88140
84088
87439
82959
86471
87617
84053
86225
82129
82648
83049
86334
86365
82386
83217
86424
83157
84613
82230
86993
87156
87890
88112
81870
85547
82288
83322
84029
84808
83399
84664
86312
82265
83332
86958
87657
84212
85858
87224
82101
83211
87159
88612
82214
82518
86148
83247
83026
82078
84285
86134
81900
83585
83363
83908
82348
83695
85502
87450
87861
82417
82878
87015
87146
88544
82160
83490
85664
84234
86458
87180
84119
85348
83389
86928
87126
84819
87106
87774
82978
83169
86464
82447
82985
85873
81916
84245
86142
83289
83990
82561
86047
86719
82659
84581
86117
87771
82449
87743
88678
82678
83029
84014
85529
87984
83952
86468
86593
87376
87462
88053
82613
84794
86266
88126
82443
84081
87171
84201
84479
85361
86299
86629
86379
86807
88592
81962
82273
82077
83922
83215
86548
87220
88095
84453
86576
82225
84849
82505
82875
82673
84288
83279
87364
88296
82231
85545
86038
82299
84431
83038
87525
88187
86346
88005
88322
83014
87402
82308
82458
82702
86234
86504
84228
84263
82029
88569
82658
85523
85919
82150
84326
88749
83806
83985
86217
83209
83305
85620
83419
83143
84501
85576
85140
82192
87099
87430
85149
88493
82218
82690
82486
82517
82988
84148
86041
82060
86031
88061
83728
83801
84693
86886
88195
82851
82893
83121
83732
84970
88606
84144
85660
87185
83263
83647
87785
85857
87620
87813
85588
87041
86421
86609
82373
83030
83346
85791
83184
85005
88557
88698
81999
85005
85384
86538
87735
88598
82943
83040
83579
82138
83913
82794
84477
86585
81988
84856
82686
84028
82677
85870
84529
85829
82279
86279
84588
84752
84754
86929
82028
85534
88761
82103
82133
86617
82582
85518
83685
84113
86041
87966
88148
82528
82494
83031
83921
85747
82083
85910
85634
85808
81989
85899
87900
82047
82796
82133
82508
87271
84840
82819
84231
86459
82796
85930
87681
88140
88225
82037
87092
88259
82473
83511
83044
86913
83065
83807
84909
87224
87299
84119
86380
86260
86874
82384
88519
86256
87919
88280
83447
84149
86951
82914
83223
87759
84145
85891
87310
86821
87640
88286
82857
82902
83848
84271
82636
83185
85932
84534
85178
86514
87872
88010
82001
84199
84312
87480
88493
85320
87098
81970
84672
82985
82169
82443
86254
87505
82454
83714
86988
83439
86214
86867
82807
83622
86105
86951
87293
85142
87160
83132
83267
85628
82888
83505
85952
82237
82992
86565
86613
83719
84541
86443
83084
86052
84108
85169
87351
83945
82122
82381
82658
83945
85774
85683
85770
85208
86451
83148
86968
87169
82817
85834
86392
84383
85216
85277
82098
87539
88046
84600
85525
82956
83531
82807
82532
82537
82551
84094
86238
87717
88043
83478
84207
85511
84022
85694
85056
85059
82248
85566
87229
87834
88061
85790
82154
84194
83055
84589
82013
83177
84573
82888
82345
83767
84960
86997
87947
84962
86475
86518
86389
84866
87712
88017
82397
87222
88608
83658
84145
87554
83352
85935
83183
85571
86317
82865
83579
85686
82169
82779
84052
84918
86409
83547
83601
86453
83069
83511
82416
83618
85819
83333
88568
84208
86841
84207
88029
82585
85929
88463
83472
85849
87021
85257
86787
88657
82188
82259
87165
87325
82924
82479
88581
85957
87000
82652
83311
88744
82215
83144
82875
84206
82052
85903
88069
88315
83315
85719
88170
83169
85831
84381
82963
85222
86886
85177
85384
83010
85050
87258
82894
85633
87490
82075
85856
85909
82303
83749
85402
85039
86625
85252
85991
82392
82953
84325
83550
85648
82069
86031
82947
85026
87358
87641
84797
88652
82169
84378
82316
83255
82349
86582
82979
83741
84329
86406
86624
87449
83808
82215
82244
83144
84949
86493
88041
82126
84347
84413
86928
87981
83201
86395
87734
85044
88315
83957
86310
83306
84809
86967
82862
86042
87934
87301
87504
88559
84606
86769
85281
83303
85626
87659
88702
83043
84793
85491
82145
82750
84554
85503
82144
83848
84271
83193
84997
87054
82900
86394
82111
84711
86365
82142
84378
85410
82417
82721
84081
84450
87639
88537
83408
83492
83772
86544
88042
84761
86627
83074
84495
84753
83005
86046
86474
83474
87318
87245
87838
88560
83753
84967
85495
82826
84470
86194
84271
87277
84666
84761
87691
82524
86061
86793
86241
86509
82290
82793
83194
85443
87198
88572
82677
86961
82382
84282
86189
82380
84250
82199
85316
87055
88315
82761
84345
86436
88481
85364
88387
87201
87503
84097
85733
85822
85913
86368
82886
83381
85744
82488
84023
87938
83187
83255
83665
83831
82669
88575
83632
86315
82463
86633
87634
82835
86216
83563
87441
88575
83459
85302
83852
86028
87045
82375
84729
85604
86015
83790
84440
88696
83329
82882
82933
83464
82284
87139
87818
83879
88064
86668
87015
84335
83486
83827
86063
88508
82546
83847
84552
84511
87057
87245
83817
83840
83659
84385
84961
82705
83757
84717
86680
82873
83831
83959
86105
86874
87571
82195
86564
86722
84275
83983
82200
85328
87876
82595
82893
83172
84485
86936
82203
86795
88128
83498
84295
87174
87465
87955
88350
82302
82464
84714
84966
85069
87056
87211
82355
86503
82237
83788
86834
82390
82860
82379
82828
85848
82211
86545
86717
82412
84544
85599
85724
87840
88051
88516
82505
83227
83560
84900
84819
87742
88443
86221
86306
86820
82255
83604
82707
82917
86294
83168
83583
84098
85568
87893
83677
83682
84559
86378
88188
82555
84957
83437
85202
82490
83934
83482
86321
83948
86652
82918
85189
85680
85891
85002
85501
87121
88231
88252
85331
87670
83925
87653
87965
82974
86841
86677
87535
84095
85108
85726
87217
87218
88661
83553
88587
82386
87562
88625
83821
83761
83891
85949
82248
82807
85913
88100
84855
85497
84604
87768
88160
82341
85130
86000
83970
83979
84314
82310
85985
84293
88279
82295
83364
84164
84258
87476
88452
82364
82407
85084
85132
83030
84904
83263
85070
88515
82684
83304
87174
87465
82279
87061
82284
83916
83470
85118
87045
83173
83646
84941
85108
88740
83726
84817
83009
84716
84896
85142
82948
84974
86479
83327
83744
86431
84318
85759
86977
83253
85938
82684
85457
82327
82729
83862
85851
87249
84565
87141
87201
84635
85459
82713
84847
86458
82629
84690
85511
82740
86204
86546
86157
88067
83829
85761
83834
82742
83659
84336
84918
82939
87443
82635
85145
85760
84055
85535
88617
83833
86983
88035
88474
82466
86794
88646
84600
87179
87498
86983
87812
84487
85395
86536
82751
85296
86379
86807
85618
85824
87061
82636
87263
88257
84409
86536
82880
86573
84238
86076
87241
85748
86689
83696
82313
83151
82603
83189
86108
83526
87983
87985
82641
83580
86433
82353
83859
84820
85531
83775
82716
84054
86756
86908
87397
82461
87684
84756
87156
87174
84932
86600
83880
84984
82670
84685
83111
83207
82390
82918
82354
82407
85923
84520
88726
83271
83335
85423
83151
86062
86986
87117
87250
83858
84278
86113
87646
82561
84204
82602
83326
85207
86688
88656
84504
83285
86285
86354
87362
88158
88171
83635
87267
88479
85471
86852
83214
83312
83415
84658
87179
87862
83990
85140
82410
83388
86234
86504
84900
84932
82329
84490
86939
82578
86885
88225
83202
83818
83476
84786
86702
82454
82375
86635
84908
85101
86704
88068
84680
87935
83096
84041
87706
84029
84808
87078
88609
88072
88178
82451
83560
82708
83930
84800
82437
84652
82785
86080
83675
85544
85027
85662
85881
86610
83308
84028
86023
87237
84315
85919
84579
84589
84511
84881
84234
82816
84390
85016
86760
88634
83240
86326
85447
85653
88082
82932
83533
82377
86925
88189
84187
82366
85170
86646
84656
86295
87952
85182
88716
83310
84006
87985
84529
86993
87139
83317
83808
85562
82411
85986
86847
85636
86120
88060
82377
85746
82511
85226
87257
85834
86405
85817
86761
85171
85608
83082
83329
82429
83330
83718
84748
84186
85993
82995
85006
85547
82434
87854
87951
88662
82552
83227
83558
83692
82467
84996
84586
85339
84622
86837
86515
88159
84737
84859
84806
87894
87996
85798
86029
84639
84674
86657
85442
82971
83429
85893
83639
86426
86490
87148
87843
83086
83529
83096
82570
85993
86893
83593
87187
87350
87653
87965
85014
87580
88476
84113
88067
83874
84748
86661
83500
83907
83523
83667
86543
83738
84953
85479
84312
84417
87602
85905
87917
86359
87253
88123
85370
87429
82427
86503
87158
87533
87749
82675
85415
84863
86713
86930
83573
85943
87871
84213
84546
83373
83236
83326
83350
83156
85309
86730
83927
84052
87357
85076
85642
86869
86877
83264
84054
84381
84524
85168
82563
84432
85890
83236
84038
85772
82457
82588
83578
83713
83388
85240
86954
83515
87956
84374
83791
85378
86183
86942
83971
84130
87196
86635
82446
83729
86684
82961
85592
87100
88254
82710
83256
86427
83298
85846
85195
87090
87422
87459
83322
85121
86233
88180
84067
83183
84480
83055
84589
86658
88033
84461
82687
82734
82765
85579
83153
84070
83181
87534
88003
83278
84251
86942
82729
86892
87087
83271
83427
85281
83759
83856
85814
84504
85570
87670
83672
87542
84483
86614
87132
82821
82997
84592
84250
82576
84912
87151
82916
86216
86672
82562
84911
85424
85982
86268
88189
86101
87612
83208
86639
83100
88564
85418
88074
86513
86656
82710
83762
85863
83068
85609
85751
86548
87220
88580
83229
85553
86442
85954
87282
84136
84746
88676
84833
85999
86493
82975
86810
83338
86188
85542
86017
86831
85418
85610
85924
83820
85814
88001
88027
88404
86260
86874
83092
84939
83013
87201
87503
83789
86822
82514
82556
82972
82778
84749
86366
82518
82688
83810
83091
83157
83435
84817
83048
83356
83361
85812
86922
88722
83848
88064
82795
82901
83116
87823
88098
88610
85855
87254
82947
83161
85026
86758
87330
86049
85706
86949
84007
83142
83787
86495
86605
86430
87015
87146
85136
87415
88139
85296
85773
82737
83671
87920
85881
86610
83533
83785
85147
83819
83887
86337
86869
86406
86807
88149
83032
85134
82644
84199
86018
83781
83736
85124
86296
83894
86002
85003
86579
88312
83598
84272
82974
86841
82602
83499
83213
86198
86541
82607
82949
87453
83571
83723
82951
83048
84970
84602
86368
88109
84866
88017
88755
87717
88043
82597
84470
84424
85786
87666
88080
83228
83664
82686
83663
86907
87219
84199
83802
86391
85346
86672
87028
88104
82818
84401
83745
87558
87573
83612
83411
83757
84075
84906
85685
82700
82701
83833
84462
84946
85175
87223
86163
86944
86996
83897
84076
88151
87113
88518
83954
84002
82870
86723
82657
87244
83158
86234
87209
88179
82601
86590
88516
83382
83882
85250
86566
83570
84280
83741
83885
85146
82892
83930
84292
88567
83504
86239
86592
82675
85415
85760
86683
84360
84429
86291
88462
84704
88053
82997
84592
86687
88011
88119
88147
84523
85709
83908
84311
84623
83289
84005
85462
84289
85377
85794
83912
84738
84273
85407
85681
87905
82806
82743
84657
83274
83034
84141
86185
87884
88331
85419
83103
85488
83698
82767
86691
88414
88497
84657
87486
87294
88274
83041
84031
85975
83699
84794
85228
85913
86738
87647
85637
87026
87331
84853
87378
83297
85994
87308
84591
83967
86890
87831
83954
85590
83978
82727
85428
87291
85885
86985
87266
82774
87261
83365
84045
86845
87526
83217
83656
86418
83158
86234
83028
83502
83479
87460
84761
87691
85483
87039
83779
83252
85056
86870
82840
83218
84186
83085
83875
83928
86347
84715
85251
85471
86852
87610
88720
83241
83904
84180
85382
86207
87263
87662
83784
86336
85488
85884
83495
84704
87950
83177
83814
87894
87996
83173
85737
87329
87574
85097
86539
87277
86730
86818
87500
82913
88521
88745
83691
82711
82728
84631
84655
84605
86547
83413
87723
84996
84171
85089
84932
86600
85189
85335
86153
87623
84614
86188
86511
85111
85250
84975
87275
87544
87453
87628
88576
82934
88574
82771
83771
83700
85683
86662
84412
87801
86177
87498
85072
85209
83737
84912
84007
85388
84121
85379
86644
85645
84405
88020
85121
86052
88180
84583
88013
83258
83240
83428
83577
84621
88149
83142
86149
86361
87774
83846
85655
86734
87769
84935
88716
85029
86948
85301
85485
87083
83480
83583
86288
86840
86882
87026
87101
87242
83698
83651
85091
85130
84204
84911
85351
86610
85698
86511
86768
88120
88200
84194
85034
87205
87574
83621
85471
84742
86576
84295
86822
84652
82798
84735
84773
83407
84370
82931
84768
86032
87194
82831
82762
86496
87427
85077
87361
87434
83363
83915
85413
86470
87976
82779
85806
82821
82873
83380
84037
85757
84821
85663
87110
84636
87714
87907
86654
87727
86045
87193
82809
84049
83709
83362
86951
87494
88083
83444
85768
82907
88149
84305
85205
86907
87155
84467
87505
83150
85475
87943
87267
88479
83971
87742
84372
88603
82759
84571
85020
86752
84697
84820
88737
85813
87190
87601
82927
85227
86062
83674
85538
85591
85871
86110
83867
86094
85668
82890
87226
87363
83108
84818
85910
85023
85841
85350
88719
84955
85150
83386
85614
85859
86236
87049
84657
83313
83513
83251
82956
84021
88602
83115
85587
85787
86524
84096
88589
87053
87083
83069
84291
86210
84685
86419
86800
87558
86470
87320
87483
83312
85375
82962
85104
83463
88697
83914
85860
83457
83415
84130
83231
84809
86191
83443
88556
83638
86959
87694
87826
88111
82936
85040
86744
87252
84361
84580
82820
86467
83769
85546
88544
84432
87155
83901
87646
85088
88081
83094
83037
84568
84942
83678
83735
82809
86804
88056
86216
86672
83383
84089
85077
83132
83784
88595
84737
84859
85623
87125
83076
84614
86223
84470
83361
85307
86719
87105
83900
87929
83484
85841
86195
84140
87238
88610
84159
84305
84393
86204
86546
84151
87419
87500
85990
88097
84171
85342
84385
85825
85232
85371
84369
85657
87621
88636
84157
85031
86160
88588
82852
84309
86055
82829
82908
84299
84438
87378
82969
84510
83739
83865
85346
87538
83273
84161
83836
83841
87319
83530
82916
88579
84394
87701
88712
85480
86782
87606
83328
83927
86409
83047
84263
86948
86893
83868
84359
84500
84889
85276
85799
86957
87177
87678
83337
84435
83292
86306
83728
83801
86998
88089
88475
84243
84943
86269
84309
84463
85983
82903
86272
86280
83226
83872
82905
83662
85838
83315
83599
84221
83118
85434
85457
83141
85442
82975
86976
88200
83133
83580
83503
84633
83632
86315
87010
86955
87290
84461
87065
88236
82871
85503
82982
88156
83874
85339
83396
84632
88178
83698
85128
83707
84448
83455
83983
85446
87529
87943
88143
84265
86538
83354
84092
84834
84944
85756
88638
86487
82884
82926
87371
82923
87380
82897
83727
85262
85463
87726
84445
86633
83655
85174
84492
84845
87172
83368
85630
85994
87308
84966
85474
86006
88722
86402
86105
86694
87293
87403
83535
84304
86833
82992
86082
87313
85525
85782
83803
84472
84504
85148
83146
83197
86900
87203
87759
82984
83645
83949
86043
83408
84009
82928
87724
85322
87098
85138
88520
85939
86485
83962
86879
88676
88578
83024
84683
87294
87714
88752
84443
84857
87867
87995
83850
85222
87625
82926
82945
87243
84500
82952
87316
83346
85791
85235
87563
83006
84099
84494
83000
84226
85022
84444
86214
87440
86477
88093
86080
85254
86835
83712
83430
84539
83617
83407
83724
85224
85485
86009
85295
83626
86883
87062
86520
88353
83919
84462
84415
85868
86388
84135
87684
88746
83732
87701
86978
87091
84037
83712
84466
86080
83138
83414
83811
85659
86112
86961
83994
85537
86215
83162
85291
82965
85933
86079
83281
86068
87673
85104
84071
85769
83806
83327
85267
82984
85110
87794
83789
86822
85060
85117
83843
83084
84681
87097
83079
83508
83461
86253
87557
84355
85831
87757
83150
85926
85153
88490
84343
87399
88030
86544
88223
86376
87695
87389
84672
85137
88004
86073
86078
85513
87274
84894
86029
87540
83015
85751
86446
83075
84174
84377
86394
83722
87255
87945
83322
86444
84077
86358
85646
87028
84871
85697
83207
87205
87673
83755
85438
84486
86046
83825
84590
88748
83564
84590
85273
86574
86030
86761
84391
85371
84104
83896
86097
87931
84012
85019
88147
84787
83023
85233
86220
84158
84930
83454
86645
87340
85801
88725
84554
84882
84323
85336
84434
88618
83114
87143
87524
85303
84792
83036
85025
86740
84875
86126
86173
85804
83909
84173
84430
83377
84903
85961
85945
86860
84001
83122
85569
87850
87688
87891
84609
84792
87541
84881
85848
84696
85055
83243
83987
85804
87225
88646
83046
83113
87406
83114
87389
84228
84841
87307
84379
84722
83926
84402
85838
83413
84446
84605
86403
86646
84443
84584
84000
87396
83094
84455
87142
85096
86299
86903
87942
84090
85190
87178
85351
86610
83630
84350
87311
87596
88268
88510
87468
87979
84242
85541
87159
87588
88612
83146
83951
86510
84311
85796
83179
84703
85860
83434
83518
84685
86550
86231
86664
86959
88531
84561
85167
83892
85117
85984
86005
83453
84608
85013
84662
84855
85815
86597
87912
88500
84476
83598
83861
87548
84201
83686
83089
83219
87493
85785
86010
88072
83221
87502
83785
85008
84814
84524
84841
83194
83959
84850
85192
83218
83148
83384
87295
88207
88238
83812
85797
83567
84187
84788
83301
84645
85080
83616
83155
84990
87657
85400
85491
85441
86986
87207
84209
86402
83176
86541
83306
83313
85390
85304
86180
86533
87116
88458
83114
84767
87303
87314
86498
87348
83147
86907
87155
83517
85747
85506
88103
83924
85489
83514
86923
84183
87936
83584
85254
87559
83638
83188
84968
86394
84991
87753
87147
83285
84310
83382
83835
85253
88719
83176
86541
85229
84721
83153
84070
84301
85633
88031
84793
85438
83224
83687
85907
83669
83341
85126
87667
85697
83406
86358
83881
84925
87577
87016
87158
84951
84468
84890
85448
84720
83234
84173
84987
88026
88750
87532
86694
86983
83286
84701
85510
87738
87897
83229
83235
84564
86375
85061
83868
83625
84321
85941
83229
84924
88125
84690
86934
83795
84790
86887
86871
87932
84368
84789
85861
83524
83869
84737
85193
84132
84150
87390
84312
87602
83576
87517
85958
84040
86369
85162
84580
86795
88132
86188
86511
84395
85729
88217
83658
83552
84022
84610
86467
84404
86860
83359
83881
83359
86167
87060
85920
86208
88638
84169
85966
83571
84372
84551
84749
83828
86591
83817
84242
85916
86794
88600
84887
86127
87800
88339
83529
83634
84957
85009
85358
86042
87835
84253
85038
87037
87200
87614
88409
86180
85128
84774
85941
83723
84993
85563
84910
85042
85722
85242
86831
83657
85547
83302
84062
84617
85348
83221
83422
87279
83984
83855
87347
85221
88118
84204
87278
83650
85517
83975
85540
86642
84939
86827
84710
85692
86728
84935
88717
84294
84979
87096
83268
85244
86810
86062
83260
87269
88461
83653
84578
85389
85718
84863
83260
84901
84934
87086
84922
84079
83675
86091
84178
85907
83844
84185
84392
85917
87996
83360
83555
84902
83371
84192
85041
85582
88300
88308
87576
88746
85294
84131
85717
86035
87867
88597
85826
85457
86584
86817
87758
84924
87426
83404
83648
85542
83607
84428
85236
84839
86023
84411
84794
84053
86225
83596
87886
88009
83349
86977
87323
84431
84418
84789
85717
85468
86133
87435
84004
85097
86146
86183
88649
83349
84318
83866
84963
84780
85640
83379
83392
84562
87527
83878
84338
85385
83655
85007
86666
84668
85445
83695
83492
85043
88604
84433
83534
85449
86158
83466
87177
84964
86221
83294
84371
85983
84384
87528
84107
87703
88068
84427
84850
85817
86761
84595
85795
83376
87758
88157
84237
86110
85910
83793
84147
84563
84009
85185
86505
85508
86387
87011
87021
85270
84279
84874
86957
83321
84396
86347
84197
87619
83379
85700
88621
83430
85122
83445
86354
86771
84862
86146
85046
83468
86850
87349
87978
83902
86172
86348
83653
83448
84727
85275
84123
87658
84345
84584
84328
87547
85532
86843
85249
84446
85667
85968
88145
83918
85183
83551
84836
86776
87585
83378
84543
86635
84483
85044
87120
84060
84066
88583
83976
84994
84488
84619
88673
85913
88100
88296
85829
86418
88270
88276
84223
85875
85313
87807
84620
88675
83571
84703
84910
87240
88491
85711
83431
83943
84126
83622
85387
84864
85304
85739
85894
83958
85850
83645
84425
86319
87812
88009
88286
84296
86389
83940
87331
87757
85360
86505
83737
86961
87386
86935
88030
88402
86862
87287
87675
86043
83545
84208
86841
85357
85267
85705
84193
85369
83667
84951
83461
87661
83412
83541
83441
88104
88577
86596
88134
84810
85671
85893
84627
84740
88621
83420
86144
86777
84782
88498
84479
85972
85336
84341
87235
84020
86521
87031
88597
87715
88623
83505
83613
83854
84941
84857
85294
86914
87122
87836
85129
87994
88192
83577
83902
84211
85062
84825
87651
87699
87956
83980
86317
84269
86303
84487
84490
84235
84866
87718
85301
85341
85964
87728
85282
85820
88129
87034
87137
84739
86124
85033
86910
87413
86624
86982
87247
85449
84339
83464
84902
85319
85696
83547
83506
83762
85028
86204
86056
88031
85512
85556
85921
85090
85588
85650
88058
88362
84358
87275
87738
87437
83566
84788
84548
86772
85951
87404
87835
85309
87293
85267
83503
85310
83756
83839
86417
84734
86263
88744
83611
84649
85583
84184
86141
86152
85086
85667
84014
84069
84852
84786
86061
85376
87271
83587
84177
86049
85172
85258
84465
84802
84923
88696
86214
84916
86135
84343
84257
84039
84626
85666
87966
83682
84322
84112
85715
88685
83848
85302
85776
85302
83760
84822
85964
85624
86362
84734
84891
87173
84000
85226
84895
85261
86685
84377
85005
85729
85966
83678
84575
87645
87731
84954
83907
86074
85426
83951
87240
84526
88204
88417
83615
85236
85263
84271
87277
86464
86895
84191
83525
83743
86950
86395
87800
88014
83716
84276
84839
86912
86996
83911
88256
85284
85383
83935
83608
84269
84786
86061
85559
83663
85087
86810
83586
83735
86099
85393
86153
85162
84867
84350
87207
87695
87994
88192
84306
85358
85518
85194
86124
83737
84280
84912
85551
84646
87328
88693
84290
87643
88041
84545
84723
84777
86720
83840
85369
83828
87598
88697
85888
83743
83951
84785
84877
85099
87018
88039
84860
86420
83798
84284
84493
86808
88622
83799
84954
86789
84142
88659
85614
87073
87722
85158
84435
85515
84708
86578
87475
88563
86329
84696
85620
85653
86228
85338
87290
86017
86831
84102
85533
88586
86273
87548
88223
86879
87369
84387
83715
85430
85932
83592
86391
87084
87764
83794
86828
83593
85677
86494
88607
85009
85426
86342
83956
84759
85942
84505
86260
84496
86132
86942
87741
88065
84739
85616
87151
84391
85744
84507
86728
83897
86542
84518
85091
85454
84533
85033
83751
88729
84419
84721
84758
85325
86914
85157
87817
84494
86187
86896
86398
84835
86595
85180
86279
84869
87484
86229
86515
87977
88519
84087
85387
85925
83655
85174
87164
84019
85435
87163
83781
87328
88286
86038
87911
83985
83968
85874
83748
86133
85646
86336
85004
84150
85703
87359
84705
84268
87089
84070
85729
87595
87973
88217
84106
85561
85909
85444
88571
85875
84064
87094
85013
85310
85311
84663
84213
84266
87593
83776
85528
88103
84699
86171
87384
88687
83704
84876
85921
87355
85721
87110
87721
85212
87853
88198
84874
85381
85720
85874
83883
85456
85614
84447
83754
85315
87578
84046
84174
84031
84774
87567
88540
86736
86817
86937
84421
86779
85522
86079
83800
84567
86554
83725
84591
85477
83989
85050
87376
86695
87074
85684
85583
84044
86338
85072
85303
85496
86813
84048
84530
86445
84154
84156
84386
84845
87172
84569
86552
85932
85365
85398
85427
85435
85597
86980
83964
85083
83721
84623
83898
86177
86496
84089
84659
88504
86232
87392
87599
87965
87623
87864
84481
85778
84465
84799
84560
86100
84491
86163
86844
84015
84033
85518
84117
86206
83734
84370
85526
83818
85724
87285
87626
87969
85298
85787
86899
84328
85428
84099
84193
85631
87472
87687
88643
85559
85393
86849
86882
86335
86100
84340
86521
88169
86202
86311
87661
85022
86279
84643
85301
85341
85800
87212
87082
88658
85934
87071
83919
84344
85158
84237
84359
85308
86333
83836
84978
85094
85816
86850
87127
86319
84502
84637
86588
84382
83728
83856
88613
88614
84952
86297
85116
85122
83730
85877
87956
86120
87589
85586
84399
84688
85099
88484
84961
84931
86249
85437
84162
86933
84276
87225
87501
88645
88605
85564
85152
85295
85701
87109
85055
85530
86019
83773
85192
85962
84845
84365
84637
84697
85406
85544
87450
87861
84308
86332
86075
86872
85954
86769
87048
84769
83759
86645
87922
84013
85584
83891
83948
85039
86348
84062
84473
86779
85710
84026
85431
87903
87340
87778
85064
85515
85229
84817
85399
87619
87834
85778
87542
88489
84010
86012
87115
84604
85571
85736
86551
86628
84673
85586
85476
85768
87725
84837
84879
85383
85734
87051
88704
86050
86297
84612
84321
86366
84406
84509
84570
87429
85451
87783
88023
85809
88594
85958
84873
85059
87228
84261
87425
84893
86152
84380
83901
83940
85008
85359
84930
85949
84035
87008
85942
84926
88552
85219
85087
84355
85032
86642
86775
85666
83854
84019
84302
84956
85173
87282
86169
85205
86031
84585
84191
84986
85564
85258
86253
87297
86013
86616
85749
83837
84585
87496
84015
84281
87842
88062
86249
85065
84248
85829
84143
87253
87356
87105
87374
87012
87362
87580
86296
84046
85540
86281
86291
87032
83915
88099
88156
85115
84937
86420
86907
87219
86310
87001
87893
84886
86338
84322
83877
86622
86954
88715
85535
84084
84326
86114
85627
86427
84277
84424
87587
86281
86927
87276
85350
88718
88002
88028
85318
87488
87647
87825
87256
87304
86559
88728
84094
85766
87444
87566
84101
84499
86456
88712
84181
85271
88671
87467
88466
85174
86845
87024
84522
86050
85541
87102
87891
88187
87007
87761
87940
85694
84148
87341
84586
84864
84905
86229
88109
84883
86480
85580
87682
84463
84651
84711
86113
84395
85862
84119
85348
85971
87213
85154
86908
88136
83938
87958
88329
84507
86728
85135
85498
86857
84914
84985
88417
83910
84690
86934
84653
85766
84267
84351
85795
85266
85095
86638
87474
84049
87756
87927
84937
84884
85172
87557
88066
84079
84116
84603
86530
85887
85361
84014
85761
86282
87552
87656
85753
87811
86085
85275
85706
86949
84702
86920
87096
87393
87861
86456
84422
87047
85728
85078
86476
86848
85721
87721
84918
85823
84384
87528
84085
86797
87183
85494
87188
84032
86337
87831
85257
85640
86868
84358
86286
87398
85023
86652
86772
84840
84241
84799
85836
84720
84454
84563
85732
87941
83993
84376
86927
88746
85020
87568
84246
87626
85043
84313
84478
86315
84615
86448
83997
87893
86913
85011
88297
84041
84684
87192
84324
84436
85098
84144
86208
84616
86288
86488
86911
84501
84838
85093
86590
84286
85869
86812
88084
84517
84555
87874
86596
88134
84281
85533
85159
85525
85104
85321
84068
87070
87719
87438
88228
88609
86109
86595
84902
86562
86578
84813
85959
88669
88012
88053
85327
84870
85464
86173
87216
84588
84752
87387
86654
86507
87127
88114
87602
88328
88760
84800
85984
86223
86537
88757
84118
84009
84249
86448
86638
84442
86067
84440
86132
85850
87553
88600
84398
87993
88227
85571
85139
85247
87885
86792
87859
87788
88205
88524
84450
87084
86786
84340
86035
88601
85590
85504
87972
85549
88338
86819
87469
87683
84042
85961
84833
85011
84159
85706
85823
86066
86620
87815
84102
85177
85330
88331
84630
86809
85417
84325
84736
86424
84292
85455
86588
84124
85735
86946
85342
85472
86181
88161
85951
87525
86620
88675
88725
85215
88029
84336
86594
85143
86011
87043
87449
84486
86046
85137
86332
86042
86880
87440
84348
88135
84137
85400
86286
87992
85597
84166
85708
86808
85612
87918
84118
87022
85397
88737
87253
87356
84086
87956
86592
87383
85298
87599
85332
88002
88215
84133
84236
87423
88311
84624
85421
87691
88332
84810
85140
84708
86675
85196
86170
86809
85622
87000
84097
86109
87609
87622
88588
85736
84742
86797
84474
88057
84878
84249
85377
85794
84753
87853
87998
85903
88708
87013
88076
85255
88694
84706
85452
87009
86508
87953
85381
85602
84651
86502
88119
88534
86519
86985
87049
84558
86407
84913
85887
84133
86058
88000
86237
86331
85193
85234
85624
85080
85211
86879
85368
85984
86005
86323
84919
85617
87698
87925
86372
87200
86885
88751
84958
87782
84811
85414
86671
87104
85742
86525
88501
86846
88228
84940
85901
87268
84319
87228
88596
85889
87454
87660
86554
87370
87817
88052
84274
84454
84460
85309
84919
87635
85969
88148
84336
87357
86025
87115
87367
84409
84618
84247
84214
86159
87630
84566
85060
84545
84747
86425
84885
85401
87471
87777
84719
85740
84551
84772
85723
84566
85000
85594
86674
87595
85803
86995
86070
85299
87482
87499
84231
85777
86556
87298
88527
86927
87276
85379
86207
87681
87933
88655
86078
87050
84803
86876
86893
86503
86058
87797
87810
88032
84291
85110
85268
87810
84763
86899
84674
84758
86097
87300
88003
87165
87325
86122
86561
87280
87983
84642
87059
85867
86995
88619
84978
86923
84557
84938
85187
87659
84783
86682
86855
86903
87572
85854
86571
85179
85490
85627
86427
88659
88752
87739
87852
84960
85552
86997
86725
87557
88739
85165
85997
84927
85027
85922
85749
85944
86884
85601
86367
87147
84403
84947
85290
86735
84851
87750
85139
86516
85030
85372
86686
84459
85738
86058
88032
85806
86851
88232
85054
88048
88078
88462
85353
86169
84247
86226
86551
86628
84252
84276
87215
88650
84299
87856
84597
86969
85056
85372
86870
85089
87225
88520
84357
85038
86084
86372
88650
86203
87411
86107
86946
87805
84953
86139
84712
85809
87620
87697
84457
87168
87327
84771
86061
86793
88605
84574
84468
84977
85998
87734
87760
86487
87671
87537
86069
87822
87912
85645
84324
84436
87742
85256
88702
84503
86889
84609
86853
87582
85998
88566
87400
87379
88509
84611
86751
87925
86783
87022
87458
87814
84630
84643
87308
87881
87467
84982
85204
85850
87553
85098
84640
86398
87560
84689
86943
86070
88745
84471
84682
85931
86636
87702
85385
85587
85721
86166
87029
87227
87632
85605
88660
84744
84790
85341
87289
84552
86411
85654
84851
87203
84675
84888
86335
87820
87858
84707
85403
87337
88177
84777
87171
85543
87499
85106
84550
85432
86867
85572
85611
84414
87906
84675
84868
86232
86303
85067
87100
87964
88254
84442
86748
88284
88590
85486
86658
87029
84382
84980
84747
87634
84423
85725
84680
85391
84975
85510
86281
87644
84808
85324
86567
86643
85725
85904
88636
86039
87368
87457
86933
87333
88264
85579
85939
87759
85232
85389
84399
85567
84482
87508
88759
84423
85286
86256
88240
84515
86141
85773
84437
85188
87226
85131
84676
85372
86582
85197
88679
86407
87393
86642
87768
84480
87325
87513
86155
87377
87586
85333
88757
85126
84776
88059
87469
87897
84648
85215
88029
84612
86484
86799
85877
84521
86623
87365
84594
88193
88192
86970
87366
85631
85821
87453
85300
86231
87457
88335
88493
84738
85274
86346
88229
87206
87583
85195
88702
84990
86272
87901
84766
85658
88617
84805
84510
87627
87810
84505
88612
85530
86487
86921
85678
87063
87559
85423
87745
84764
85015
85094
85347
86514
87873
85334
85805
84679
85034
88539
84772
85433
84468
85871
86497
84754
86929
84872
86329
84687
85594
84532
85811
87341
88679
84984
85132
87917
88209
85088
87623
88313
85167
85182
87480
84946
85407
87344
87971
84959
85688
85370
86587
87796
87080
86048
88244
88532
85617
86180
85291
87281
88044
84962
87190
87026
87213
87455
85689
88529
84973
86242
86567
86643
85651
84664
85349
87801
88611
85638
86063
84700
86843
87309
85110
86143
87737
86571
86960
87973
87006
87234
85512
85916
84688
85609
84597
86175
86864
87802
84597
85214
87022
88727
86681
87108
87997
84687
85718
84540
88105
88396
88416
84618
86034
84582
87841
85837
87688
86906
85394
86873
84553
87517
86533
86811
85020
87568
84538
84562
86532
86570
84541
85344
86565
84577
86482
86579
86208
84607
86156
87138
88055
87229
88316
88333
88761
85563
85696
86392
86527
85675
86494
87516
86154
88336
86089
87821
86864
87508
87436
87624
86451
88029
87336
88743
85536
86827
84627
84983
86442
86924
87913
87212
87345
84781
88688
85527
86622
85971
87908
84606
86769
84613
84746
84765
87528
86780
87078
84627
85702
88514
84969
86258
84814
87017
87970
85331
87670
85890
86661
86154
88239
88522
85307
86551
86803
88483
87622
87717
85691
86563
86922
86104
87728
87766
87551
84650
87978
88680
84798
85822
88642
87087
87450
87236
86938
86565
85794
86373
86750
85010
84668
84995
85698
86986
86424
84620
84778
88672
84779
88674
88037
88359
87707
88155
84663
84813
87514
88668
87980
84980
85264
86982
87414
87902
88043
86529
84670
87899
88239
86026
86624
87874
84727
86916
87375
88752
86278
84880
84836
87415
84962
86778
84998
85238
85248
86044
85767
87886
85337
85536
85976
85600
86934
87173
88684
88067
85045
87949
84773
87848
87963
87413
86723
88127
86172
87902
85071
86708
88709
84859
84959
88307
85093
86258
86459
88327
85440
87323
88716
85276
86419
87379
84735
87326
88312
86013
86616
85160
86386
85251
85711
86218
84948
86801
88507
86001
86662
88686
86723
84826
86990
84792
85283
88677
87473
87477
88539
86255
88551
85151
87042
87793
87876
85003
86570
87326
85522
86079
86531
88219
88438
87407
87605
84993
85876
85985
85445
86868
84996
86048
85191
87092
88259
85555
86375
88153
87538
88030
87577
84787
85335
84894
86805
88634
86015
85343
85755
88320
85201
87364
88295
86976
88200
86086
86263
86285
85728
87796
88326
86435
86782
85185
86505
88287
85320
86007
84865
87566
87653
87011
85690
86438
85702
87527
85023
86789
85272
86617
87521
87113
86240
84762
84995
86190
86574
84882
86833
87466
87487
88114
88107
88250
84881
86476
86848
87213
87455
88541
85425
85728
87357
85066
85211
88676
84883
87312
84844
84942
85276
87782
85469
87825
87895
86137
88255
87103
87921
87747
87865
85028
86399
86804
85259
85273
85786
88749
86437
87377
87905
84779
88044
87037
84942
85188
87624
87645
85051
86625
84795
84875
85107
86126
85442
87195
85480
85520
87119
85550
84816
86130
86151
86917
87271
88064
88651
85164
88305
84831
86027
87771
85956
86674
88086
85980
84907
86725
86931
87390
87519
85048
84830
85976
84870
87216
87889
87959
86166
87748
84824
85255
87351
85256
87163
85407
85001
85345
86422
87074
88459
86203
86763
87411
86270
87789
86115
85355
87339
86615
87383
87747
86573
87025
85788
86863
87241
84995
85211
84843
86900
88664
87016
88670
85090
87823
87093
87219
87259
85039
86625
87212
87345
85164
86887
88642
88682
86497
85752
85946
86944
85239
85610
86671
88199
86894
85616
84875
86441
87867
87058
85581
85056
85059
86899
85062
87754
87782
87887
86710
88313
85548
87978
85042
87198
87766
86611
85214
85853
85487
85394
86873
86597
86916
87033
84917
86721
86745
88519
85423
86255
85882
88124
87114
88758
85460
87519
87417
87650
84934
86750
86751
86790
85635
86323
88258
85241
84934
86015
88553
85454
86529
87442
87842
88062
86749
85709
86176
88467
86876
85190
87411
85015
88277
88319
88325
85046
85782
86123
87003
85305
87844
86963
88157
85317
86071
85923
85960
86268
85216
87124
88581
85109
86598
88007
85465
87509
85739
85894
85492
87129
87752
87920
86789
85498
86923
85464
86219
88201
86970
87366
86286
85625
86408
86840
85448
86949
85306
88508
86116
85967
86284
86668
86449
86961
85354
87514
85209
85424
86307
87791
85283
86767
87119
85966
86940
85671
86754
86990
87832
88237
86532
85015
85188
86868
85595
85999
86628
85975
86805
87779
85476
86150
88436
85145
88269
88640
88244
85074
86760
88633
88634
85374
86213
88115
85074
85082
85569
85326
86034
88648
87160
88538
87600
88176
88704
86623
87361
85507
86784
86922
88044
85753
86413
86854
86614
87055
85429
87837
86444
86575
87451
88421
86523
87860
88004
88551
88738
85399
85632
85092
86157
88067
85704
86870
87060
85422
85500
86930
88128
87006
87234
87518
86499
87705
87708
85253
86627
85701
86414
87198
87766
86677
87535
85141
88186
85217
88614
85075
86343
87927
85896
86349
87929
85639
86890
86911
85681
85138
85849
88137
86764
87850
88182
86265
87050
87176
85123
85746
86103
85330
87505
86913
85094
85314
85818
87341
86377
87739
87937
87536
85201
85534
88296
86224
86298
88541
85206
87211
87251
86178
85153
85851
87968
85113
86118
88213
85843
88677
85319
87085
86960
87166
85132
86103
88209
88155
88300
88307
85813
87300
87971
88267
85977
86468
85905
88663
85859
86591
86119
88144
87926
88165
87052
87828
88419
86160
86605
88431
86558
87021
88028
85575
87951
85980
85654
85242
86831
88639
85973
88492
85519
87249
87283
86393
87543
87713
88620
85880
86222
86787
86371
86930
88128
86639
86256
87370
88641
85467
86573
87170
88018
86159
87974
85714
87661
85800
87882
86432
86742
87827
85354
85443
88668
86608
85325
86040
88691
86540
87208
87324
88717
85629
85951
86445
85626
88172
85901
87942
86526
86529
86077
88678
86389
85218
87984
86597
86916
88341
86522
88468
85225
85557
88201
87254
85815
86414
86473
87765
85261
86612
86669
85506
87270
85286
86619
87982
85381
85376
86888
88525
86577
86815
85555
86244
85246
85439
86267
86352
85238
85439
86044
86320
88253
85466
87919
85566
85876
85458
88666
86283
86490
86584
88506
86489
87953
85713
87374
88719
86257
87059
87517
85458
87791
85584
85673
87516
85305
85368
86384
86302
88718
85256
88695
88703
85737
87497
86425
88337
86129
88376
87043
87287
85722
88446
85738
88032
86091
86743
88072
88670
86339
87167
87680
88748
85900
86264
85823
85409
85479
85508
86129
87770
87787
85642
87855
88116
86799
88454
86218
85474
87003
87140
87260
86016
86410
86566
86754
85548
85753
87112
87404
87835
85915
88465
85592
86202
87152
87649
85668
88227
88199
85885
87062
85565
86664
86936
85314
88006
87555
87689
88084
87909
85588
88025
85903
86945
86345
85322
86733
86178
86007
85447
86145
86369
86471
87617
87781
87991
88547
87237
87512
87960
87237
87525
88187
86128
88195
87544
85416
87146
87185
87388
85920
88033
86107
86242
86178
87077
88119
88573
85937
87932
86533
87780
87836
85661
87527
87413
87952
85574
86211
88201
87808
88413
88141
88188
88743
85870
86066
87151
85377
85778
87070
88048
88078
86780
88383
86617
86894
85382
85433
87071
88758
88720
88016
85454
87139
87818
87194
88625
86598
87793
87887
88736
86419
87376
85812
87034
86123
86168
87859
88408
86102
87857
86091
86524
87354
87723
85695
85799
87232
88646
86119
88144
87193
86589
85573
88166
88278
88308
86131
87007
85995
85638
86964
86156
86578
87475
86576
87351
86016
87122
87495
87711
85481
86977
85625
85828
85695
85459
85687
88164
88170
86030
86761
86845
87526
85601
85560
85878
87246
87359
86856
87802
86067
86637
85514
86161
87644
88207
85811
87360
88495
85658
86455
87506
88761
85891
85514
86441
88734
87658
88373
86553
87206
87475
86767
85493
88039
88264
85898
85965
86305
87381
87569
85980
86074
86082
86162
86977
86686
86585
86472
86003
85830
85882
88124
86014
85979
88092
86475
87890
85596
85812
86028
87398
86794
86227
88243
88735
87793
85543
86985
86555
87522
87082
87574
86714
87343
87388
87652
85819
88266
86654
85885
86091
87061
86979
88302
86647
87541
87386
87460
85555
85693
86244
86516
87327
87526
85716
85842
85716
86219
85598
85639
87080
87132
87791
88667
85856
88709
86704
87437
88699
87001
87144
86760
87050
87042
88236
86243
87107
87658
87943
86524
86059
86905
87239
85864
86441
86956
88579
86540
86125
86632
87958
86698
86633
87570
88644
87321
88103
88121
87630
85613
87055
87120
87533
86117
85927
88711
85790
87031
88596
85895
86111
86410
86151
86324
87869
87938
87398
87877
85844
87762
88507
85642
85771
87855
87272
87463
85779
86792
87859
87038
88258
88652
85957
86873
86640
87934
86287
87258
86469
86333
87672
85752
86826
85642
85737
85663
85828
87302
86603
87371
88710
87628
85673
85675
86004
87516
88026
88172
88467
87823
87962
87850
87944
87556
88127
87245
87838
88022
88727
86449
86848
86308
85673
85677
87649
88607
86534
88078
86981
87783
87881
86888
87680
88692
86008
88607
87152
86835
86651
87436
88154
85708
86808
87779
86293
86482
88312
86390
85716
86461
88735
86586
86314
87485
88512
85708
88529
86753
86579
86790
87292
87540
85870
88085
88231
88315
85740
86758
85833
87105
86384
86586
88684
88711
86404
85872
86486
88386
86144
87229
88635
87822
87912
86290
87676
87947
86449
88168
86695
87582
87685
85944
88633
88500
86095
87204
88690
87869
88663
86031
86051
88061
86846
87238
88627
85908
87388
86522
88469
88637
86898
87019
87621
85981
86700
86806
86670
86802
87130
86825
87002
87606
85986
86877
87120
86938
86641
86737
88123
86746
88538
86904
87140
87192
87369
87400
87549
85977
86104
86781
88522
88340
87300
88003
86357
86391
87009
87928
87954
88701
86165
86006
86036
88724
86262
87084
88100
88190
86784
88011
88728
86451
86507
87349
88681
88347
86237
87118
87181
88577
86738
86409
87198
87468
87979
87210
85847
86580
86669
86047
87433
87696
88176
85847
87870
88091
85940
86218
86801
88583
87157
87981
88069
88708
87022
86020
86159
86599
86251
86481
87109
86464
86932
87769
87993
88122
86637
86935
87568
88021
86189
86304
86059
88212
86710
87926
87085
87437
86939
86973
87395
87738
86075
85959
86176
86265
88634
85948
88755
87039
86021
88121
86680
87994
85909
87127
87252
85923
87122
88005
86614
86935
88403
85960
85982
86268
86352
87165
88456
86187
87561
86651
87664
88189
86736
86817
87230
88710
87313
87752
87962
87604
88426
87134
87183
86769
87048
87244
86824
86221
86941
88754
87179
87862
86693
88089
88133
86133
86527
87811
87666
88080
87169
86936
88087
87945
88059
88485
86145
87425
87639
88101
86005
86275
86471
86465
86284
86668
87464
87972
88364
85995
86925
86843
86660
86963
88157
86083
86214
86867
88063
87364
88283
87509
88045
86064
86643
87056
87273
87473
88077
86758
86008
86320
86246
88723
86984
88185
86044
88074
86743
87039
86025
86493
87273
88052
87123
87391
87974
87247
87610
86859
86998
87295
86978
86587
87508
87777
88647
87877
87995
86246
87347
87106
86235
86640
87105
87089
87619
87834
86186
88025
88255
86788
87099
86826
87617
86705
86795
88128
88135
86915
87636
88501
86345
88368
86350
86823
88120
86088
87265
87922
87117
86136
86203
87176
86162
88088
88044
88687
87112
86645
86740
86113
87289
87671
87767
87816
88132
86184
87330
88698
88691
87619
87388
87652
88166
86381
86937
87608
86118
87748
86422
87085
87386
87035
86411
86302
88547
87147
86151
87869
86476
88048
87849
88329
86130
86706
87955
88536
88537
86243
86324
86517
87612
87177
86759
87743
86186
86476
87233
88048
86556
87794
87627
87833
87432
86195
87280
86955
87290
87531
87755
87047
86437
87256
86980
86785
86211
88201
88243
87752
86715
86941
87512
86478
87110
87439
88686
88193
86243
86381
87066
88034
86274
86252
86773
88342
87092
86894
86383
87268
87416
86388
87634
86967
87480
86739
87652
86387
87556
87888
87148
87238
87354
87776
86828
86250
88731
87216
87438
88410
88150
88735
88251
86884
86678
87817
88369
86926
87846
87274
88152
86368
87018
87681
88530
87568
88021
87102
87368
86519
87111
88665
86829
86298
87128
87216
88243
86352
87495
88087
87279
86269
86422
86481
88671
88730
86330
87620
88227
88317
86725
87129
86931
88052
87023
87072
87303
88310
86995
86587
86653
86371
86307
87711
87791
86307
86654
87727
87686
88554
86434
86813
86567
88010
87442
87654
86688
88483
87270
88142
87613
87784
86327
86486
87075
88205
86741
87012
86314
88056
87715
87468
86361
86469
86733
87490
88546
86707
87439
88002
86308
87302
86397
86396
86975
87243
88732
87511
88040
86602
87592
87656
86842
86919
88015
86816
88666
86706
86967
87480
86488
87306
87705
86821
87088
87916
86732
87149
87483
86349
87798
86681
87853
87998
88121
86696
87804
87722
87968
86701
87801
86690
87408
88075
86748
86971
86812
87189
88683
88160
87232
86786
87659
86701
87288
88143
87077
87274
86385
87247
88126
88649
86745
87698
86710
87217
88324
86404
86454
86796
86542
86621
87798
87612
86604
87115
88110
86857
87387
86736
87537
86618
87384
88046
88554
87744
87880
87479
87921
86820
87721
86438
87848
87534
88003
86743
87039
86924
87203
87041
87491
86850
86979
86753
87989
87053
87083
86950
87444
87603
86964
86452
86668
87015
86574
88354
86947
87262
87773
87099
87430
87223
87803
86539
87682
86718
87171
86466
87326
86461
86631
87639
87269
88153
88760
87180
87578
86924
87676
86972
87095
87094
87609
87720
87101
86468
86478
87748
86482
86570
86813
87084
87764
86648
87081
87719
86593
87306
87511
86780
87967
88435
87244
88170
87338
86875
88142
86766
87422
87731
86966
88118
88351
87986
87982
88304
87236
87768
88712
87077
87274
87181
87417
87537
87466
86898
86729
87016
86649
87886
88009
87830
88224
87846
87866
88028
86778
87755
87266
88293
88743
87492
87820
88241
87090
88703
87044
87939
88389
86579
87527
88463
87797
88032
88311
86548
88095
88756
86601
86926
86712
87795
88073
87998
88174
87348
87524
87735
88144
87778
88613
86744
88070
88563
88673
88722
86972
87873
86791
87049
87109
87166
86792
86997
88008
86708
88708
88709
86802
86847
87729
88437
87615
88092
86636
86900
87865
86756
86679
87782
86669
88069
87157
88393
87380
88653
86858
87662
88430
87655
87669
88260
88614
88728
86945
87470
88481
87750
87680
87190
88007
88240
88304
88314
87756
87963
88188
86864
87744
88759
86878
87625
86962
86648
87197
87601
86848
86992
86804
87756
87963
87063
86755
86918
87591
88517
87399
87847
87835
87501
88137
87307
87081
88093
87890
86774
88035
87796
88229
87830
87227
86901
87309
87467
86847
87088
87159
87588
88709
87419
88050
87054
88388
86709
88265
88431
87549
87837
87699
87337
88346
86906
87460
86708
88614
88482
88655
87647
87825
87284
87504
86957
87058
87901
88238
87812
87907
88040
87041
87864
87688
87891
87184
87457
87214
88132
88213
87148
88098
86881
87128
87218
87020
87459
88248
88223
86844
87535
87651
87847
86726
87423
88222
87470
88480
86751
88311
87843
88163
88628
87249
87027
87940
87356
88465
87844
87769
87993
87488
88305
87592
87984
87265
87362
87743
86750
87086
86790
87477
87370
87817
87235
88382
86750
87086
88125
87030
88179
87562
86764
87180
87416
87578
87161
87894
87779
88633
86830
87079
88276
88496
87513
87844
87124
87240
88736
88133
87768
88160
88259
88523
86791
87045
87163
87464
87202
87695
88606
87275
87860
88455
87637
88173
88113
88448
86808
87573
88106
87008
87836
87555
87432
87807
88152
86940
87711
88667
87575
88473
86830
87079
87328
87638
88257
87871
86871
87932
88509
87118
87221
87053
87113
87144
87559
86869
86890
88329
87707
86989
87131
88140
87076
87781
86965
87787
87252
86897
86909
86987
88572
87761
87263
88257
87702
88038
87255
87788
87924
87880
87381
88002
88028
87638
88257
88272
86875
87117
87215
86911
86886
87192
86976
87878
88151
87380
87482
88750
87625
87195
86953
87454
88457
86965
87101
87561
87570
87133
87953
87264
88740
86952
87051
87493
87260
87682
87386
87134
87986
88232
87080
87673
88212
87703
87643
87671
88088
87805
88747
86965
88550
88209
88407
87399
87390
87312
87654
87055
87132
87377
88484
87090
87502
87518
88714
87339
87975
87636
87819
87379
87046
87037
88162
88206
88284
87275
87860
87343
88273
88454
87316
88730
87073
87371
87978
87351
87672
88468
86994
88014
88090
88573
88026
88172
87010
87052
87800
88185
87004
87322
87960
88503
87753
88076
87546
87716
87067
87350
88682
87745
87173
87305
87098
87464
88245
87933
88449
87209
88179
87372
88270
87418
88271
88108
87415
87483
87628
88742
87576
88747
88165
88500
87279
87646
87428
87538
87903
88197
87670
87473
88077
87169
87090
88705
88168
87754
88321
87243
87570
87561
87570
87665
87481
87736
87423
87685
88075
87579
87183
87314
88762
87878
88458
87945
88059
87442
87395
87120
87458
88657
87269
87167
87316
87367
88415
87379
87784
88124
88130
87292
87704
87915
87321
87898
87529
87951
87853
88664
88733
88599
88122
87306
87708
87832
87360
88210
87505
88374
88039
88264
87522
88013
87397
87758
87857
88157
87318
87471
87493
87604
88070
87298
87314
88503
87654
87967
87230
87346
88082
87164
87761
87802
87839
87868
87584
88249
87421
87521
88117
88278
88480
87788
88113
87265
88371
87235
88107
88250
87801
87222
87856
88682
87408
87426
88222
87296
87966
88148
87352
88159
88540
87401
87477
87324
87845
87329
87250
87845
88108
87757
87816
88126
87928
87926
87550
88231
88598
87700
88688
88033
87518
87246
87679
87704
88036
88645
88462
88098
88064
88212
87331
87757
87723
87915
88416
87677
88019
88445
87695
88113
87347
87284
87315
87333
88264
88741
87590
88733
87552
88250
88591
88318
87384
88687
87611
88559
87301
88415
87462
87854
88274
87401
87520
87840
88109
87689
87315
87825
87502
87586
87693
88190
88459
87701
88023
88488
87935
87942
87823
87611
87342
87410
88211
88390
87521
87976
88184
87506
87899
87916
87673
88556
88094
87353
88099
87370
87563
87909
87375
87594
88742
87997
87646
87826
88404
88405
87394
88558
88103
87924
88428
88184
88504
87522
87986
88680
87410
88211
87567
88171
88017
88042
88464
87829
87635
87915
88494
87365
87382
87845
88108
88054
87434
87662
88049
88070
87385
87394
87795
87491
87629
88753
88485
87885
87865
87409
87736
88439
88647
87794
87421
87696
87409
88270
87407
88146
87546
87812
87722
87968
88490
87685
87410
87418
87446
88661
88081
87424
88372
88268
88288
87616
87698
87446
87447
88460
87463
87492
87610
87884
88694
88704
88249
88423
88434
88385
87733
88079
87452
87481
88389
87874
88284
88591
87479
88146
88456
87730
88528
87719
87857
87944
88202
87950
87969
87903
87597
88654
88020
87847
87600
87515
88092
88377
87515
87481
87487
87669
87714
87907
87663
88310
87494
87531
88748
87660
87510
87615
87663
88372
87786
88036
87910
88266
87871
88012
88051
87531
88373
88513
87887
87519
87939
88666
87635
87763
88274
87863
88008
88433
87794
88203
88619
88242
88418
88701
88173
88181
88091
88245
87914
87746
88763
88186
88370
88291
88298
88679
87694
88626
87724
87571
87588
87779
88182
87911
88707
87885
87640
87620
88334
88370
88374
88025
87719
87642
87689
88526
87760
88330
87894
87773
87734
88352
87640
88060
88637
88732
88369
87914
87697
88349
87629
87798
88086
87820
87858
88653
88102
87904
88361
87979
88245
87618
88100
88190
88024
88027
88404
88721
88216
88101
88221
87879
88453
87866
88158
87749
87814
87804
87666
87888
88364
87713
88084
88142
88367
87989
87730
88608
87976
88184
88256
87674
87935
87675
87690
88016
88060
88469
88022
88114
87678
87946
88260
87690
88131
88416
88252
88397
87895
88555
88045
88371
88360
87712
87724
88394
87913
88460
87974
87705
87994
87845
88690
88713
88363
87896
87780
88262
88283
88118
88230
88306
88323
87718
87829
87763
87952
88624
87724
88080
88074
87741
87770
88471
87744
88527
88438
87751
87889
87827
88683
88762
87999
87770
88376
88259
87958
88759
88506
88512
88267
87775
88304
88349
88314
88341
87904
87922
87982
88221
88137
88228
88183
87796
88275
88326
87904
88176
88253
88000
87800
88339
88348
88018
88117
87907
87980
88514
88161
87898
88256
88279
87824
88325
88334
87856
87831
87849
87852
87858
88294
88365
88319
88328
87941
87948
88203
88329
87856
88598
87880
88014
88038
88272
87899
87963
87926
88165
88208
87892
88252
88398
88115
88400
87962
87977
88596
88399
88213
87970
88001
87883
88277
88301
88010
87910
88270
88276
87887
87992
87917
88023
88319
88335
88138
88343
88274
88075
87921
88303
88096
88175
87923
88558
88706
88461
87984
88692
88135
88290
87962
88729
88094
88470
88063
88000
88311
88062
87930
88056
88233
88701
88448
87944
88202
88249
88163
88146
88047
88168
87947
88734
87954
88047
88700
88053
88324
88101
88154
88164
88675
88062
88440
87975
88124
87988
88425
88163
88086
88694
88217
88515
88016
88136
88211
88254
88220
88429
87992
87995
88177
88011
88197
88289
88380
88301
88368
88197
88366
88194
88397
88726
88405
88371
88123
88356
88517
88056
88367
88051
88167
88203
88313
88130
88530
88104
88358
88097
88344
88623
88303
88363
88085
88562
88291
88302
88222
88096
88511
88388
88395
88091
88451
88204
88447
88219
88145
88537
88576
88149
88357
88122
88383
88234
88272
88285
88153
88395
88303
88169
88191
88210
88162
88344
88392
88196
88177
88563
88186
88505
88281
88348
88191
88662
88194
88234
88278
88386
88268
88288
88218
88661
88241
88385
88248
88427
88309
88323
88356
88298
88275
88322
88355
88359
88271
88294
88398
88317
88338
88342
88293
88280
88294
88378
88299
88353
88651
88300
88362
88578
88439
88590
88253
88393
88297
88299
88263
88280
88314
88263
88290
88295
88296
88338
88346
88282
88285
88399
88290
88292
88289
88316
88322
88295
88353
88651
88320
88317
88309
88327
88348
88353
88341
88318
88317
88345
88338
88310
88321
88308
88350
88762
88324
88320
88354
88323
88330
88337
88350
88360
88333
88361
88340
88343
88336
88339
88360
88334
88345
88361
88352
88340
88354
88352
88347
88346
88362
88492
88349
88355
88593
88357
88592
88359
88359
88362
88578
88369
88370
88378
88444
88368
88374
88392
88437
88451
88379
88429
88420
88433
88382
88470
88432
88471
88511
88413
88499
88438
88559
88412
88399
88504
88398
88401
88403
88402
88403
88407
88409
88408
88409
88411
88413
88415
88414
88415
88417
88419
88700
88421
88423
88422
88423
88425
88427
88426
88427
88429
88431
88433
88435
88434
88435
88437
88439
88441
88443
88442
88443
88445
88447
88446
88447
88449
88482
88451
88453
88452
88453
88455
88457
88464
88459
88461
88463
88465
88467
88486
88469
88471
88473
88475
88474
88475
88477
88478
88479
88479
88481
88483
88485
88487
88488
88489
88489
88491
88494
88493
88495
88497
88498
88499
88499
88501
88503
88505
88507
88509
88511
88513
88514
88529
88517
88519
88521
88523
88525
88527
88528
88621
88531
88533
88534
88535
88535
88539
88541
88543
88545
88547
88549
88551
88739
88553
88555
88557
88559
88561
88563
88565
88567
88569
88571
88573
88575
88577
88579
88581
88583
88585
88587
88589
88591
88593
88595
88597
88758
88602
88604
88606
88608
88610
88612
88729
88616
88618
88620
88622
88624
88626
88628
88630
88629
88630
88632
88636
88638
88640
88682
88683
88644
88646
88648
88650
88652
88654
88710
88681
88656
88658
88660
88753
88663
88665
88670
88667
88669
88671
88673
88723
88675
88724
88677
88679
88681
88684
88685
88687
88689
88690
88693
88695
88705
88697
88699
88701
88703
88705
88707
88711
88713
88715
88717
88719
88721
88723
88725
88727
88731
88732
88733
88735
88737
88739
88741
88743
88745
88747
88749
88751
88753
88755
88757
88761
88763
95201
97123
98043
89524
97150
98082
88935
90129
96889
88779
90316
95860
91407
98575
98642
89790
93110
96620
89524
97170
98109
97656
98034
98077
98623
88781
97660
98047
96885
97506
98128
88818
92764
97352
89142
89744
97695
97150
97638
98605
88875
97133
98604
90844
95643
98241
96791
97511
88803
97688
98101
96367
98161
97567
97585
98602
97198
97283
98084
93483
97451
98196
88788
89897
93682
90005
95685
96845
89228
96756
97515
96464
97551
88808
97522
98188
89446
94404
98156
88798
97134
97528
92359
94226
98246
96980
98175
98215
89758
90016
98057
89897
93015
96123
89852
90525
96428
89283
91700
96585
91672
95466
91483
91546
93757
93108
94837
98248
94565
97555
98179
91438
91843
92260
90711
96497
91118
91357
93326
89986
91205
94728
91605
91898
92766
92169
93213
98228
97412
97428
91094
91344
92607
92349
95944
98136
89153
93427
96943
91504
93794
94284
91191
91401
94179
90483
93684
94360
88936
95771
95832
91171
92102
98262
91018
91696
98257
89318
96385
98071
89894
91186
94851
89738
97112
97256
91023
94057
98229
90781
93514
94413
91382
91495
94419
91739
91833
94647
91661
97380
98494
91140
92938
94363
91362
91567
92354
91016
92423
95079
91227
92526
93066
90711
97606
98117
92048
92881
95452
88838
92094
96700
88943
88994
98509
89964
89971
97276
91077
92131
95859
91643
92361
94872
91029
93987
98232
89752
96496
91547
91804
94894
96887
98047
98088
90878
93860
94337
92267
94128
94608
91166
93744
98230
97635
98169
98409
91927
92648
94435
97580
98162
98578
89522
94300
95100
90774
92609
95356
91051
91816
92074
90752
93635
94830
91193
92858
92981
91849
93501
94575
91198
92399
93221
91073
91698
94879
96568
97671
98091
91604
91656
95135
90527
93786
95589
91443
94591
95856
91276
91348
94092
91390
92977
95514
89337
89966
91905
90720
93385
93616
90780
91728
94992
95878
95944
98134
91950
93689
95043
92300
93817
94829
91907
91913
95415
93931
97615
98144
93910
93913
94866
90834
92346
95403
91223
94658
98294
90297
92838
95188
93746
94042
98308
92184
92559
92758
89790
91777
92115
92438
94518
91766
94429
95717
91712
92057
92779
91695
94225
94909
89324
90046
98582
89877
90301
95808
91470
96821
98249
89154
97207
97495
95396
97446
98209
91512
91724
93812
90888
94618
98233
93715
94247
94516
91988
92012
93667
97154
97348
98392
91040
92331
95667
89772
90171
96875
93279
94040
98173
90568
92694
95729
89450
95976
96738
90736
92216
97444
96285
97238
98131
88898
92101
95770
94961
96918
92459
92912
94350
89425
93087
97369
93520
94037
95122
91582
94770
94824
90455
93243
94242
90524
93936
97088
90461
93590
94431
93961
94447
94560
92687
94917
98271
91212
92340
95679
93413
95052
96521
91602
92992
93317
93171
93791
95395
90933
92297
92909
90947
91623
93887
89318
94519
95619
98071
89322
90079
97570
91678
92490
95539
91078
93060
94584
95997
97558
98110
91205
91356
95919
93320
93387
95209
90016
95440
96992
92849
94370
96060
91737
91899
95427
89102
92352
93456
90801
92440
94155
90292
94740
95604
89012
97691
98094
91111
91980
95610
91511
93601
98292
92787
93826
95538
90695
92595
95364
90667
91788
95046
90973
94109
94327
94009
94388
94391
93049
97478
89525
89772
90193
94558
94628
91611
91688
92617
88964
96022
97364
90130
96842
97104
91289
94838
95942
91065
92433
95675
93789
97613
98279
89425
95492
97090
90372
92507
95421
90268
90913
90922
91043
93187
93798
90271
91186
96122
92005
93044
95443
90690
92229
95700
93327
96822
98165
92173
96710
97011
90002
93001
95295
89756
95291
97153
90220
91573
95315
93573
94681
95657
91474
93299
95616
91666
92782
95170
90828
94702
95364
90218
94544
95190
93485
94898
96826
91502
91645
92509
90126
96364
98166
92596
97002
95564
95706
96546
89655
95051
95848
91052
96954
98296
90904
92111
94671
94277
94954
95140
91221
94978
98295
89845
95691
95710
92026
92584
95740
90921
95237
98277
92774
94308
94869
90063
93646
96672
89090
90950
95051
92227
97181
98185
91974
95540
96590
89982
93990
95451
91162
92014
96747
89783
90191
98092
90489
94387
96100
90893
94928
98330
90909
92757
94260
90636
95277
96862
89723
94265
96394
90343
95334
95668
90597
94686
95383
92870
92974
93126
89604
93379
94759
91432
91554
95439
92218
92572
95629
92485
93716
95932
95902
97633
98098
90471
91104
94953
92519
94385
95097
93725
96828
98299
91887
93728
95244
91530
93489
94133
90248
93505
94854
90905
94478
95133
94550
95103
96715
91136
91540
96138
89385
95748
96718
92077
92900
95496
90245
93513
95439
91616
91760
93575
90868
92604
92897
92491
98118
98608
91910
93185
98352
89777
93129
94977
93931
97245
91946
93177
96797
90903
94819
95424
90359
93982
96204
91460
91993
95418
90377
92734
95875
90554
90811
95952
89029
95876
97396
92003
95349
95775
91772
92536
96757
89944
94726
95145
90149
93840
97316
90020
94485
95177
90302
93203
94639
90006
96531
96639
90067
93047
95242
93456
95959
96923
95252
97468
90079
97264
98627
91923
92950
95559
91007
94923
98311
90639
94139
94796
91669
93709
94334
95712
96099
97725
90978
91346
94405
90963
94062
95876
91238
92454
95539
91921
94651
95749
92750
92885
95369
92671
93865
95823
89048
90500
94820
94662
97928
98149
89874
95458
96823
93960
96393
96754
89559
90150
98274
94376
96227
96878
93424
96905
90281
93416
94983
89947
94772
95050
90684
93800
96529
90518
92439
95833
90869
92770
93858
90508
91636
96337
94416
94899
95126
93314
95429
97173
90052
94329
95536
90605
90616
96289
89382
89971
92024
89231
92764
95368
89942
93714
97107
89425
97090
98064
94693
95186
96358
91687
93471
97456
91809
92821
95554
91909
93029
98265
90105
92695
95371
91087
92684
95551
91939
93393
94985
89614
95772
95884
89294
89869
92101
91782
92834
96148
92021
92032
95647
94013
95760
96000
91024
92484
96075
90403
94871
95557
89405
97619
98070
98184
92527
93668
95833
94005
94502
98641
92325
95222
96729
90696
91216
95791
92792
94382
95406
90914
95631
96378
94390
95474
96275
92514
94358
96953
91041
94253
96559
89830
93643
96532
90096
91551
96782
90465
92512
95823
96389
97132
90044
95118
96076
89209
91147
97284
92664
93452
96023
89712
96324
96618
95928
96505
96945
90895
95011
95733
89793
94204
95632
90873
92374
94194
89768
95083
96120
90196
93855
94574
93588
94713
96138
97207
97626
89637
92537
92992
90660
91535
94986
91372
91453
95209
89492
96192
98301
89115
92722
98267
89739
91152
95378
95867
96442
96829
89159
94027
94346
91965
92809
98285
89729
95243
95301
90668
91839
95683
89889
95139
95552
92530
98146
91748
91781
96858
91143
91761
95288
89370
93136
97618
92189
93402
95036
95507
95899
97076
92626
95393
96987
91222
91233
97411
89946
90689
93281
95998
96299
97172
97202
89684
96360
97032
91004
93795
94952
96989
98182
98237
93150
93751
95991
89941
95434
97618
89710
95258
95436
92913
98081
98588
90507
95958
96630
90115
95055
95991
92483
92563
93784
90451
93585
94876
95198
96251
96362
90369
94742
96475
91295
91713
94786
91455
95309
95552
92464
93524
95794
89202
96568
98086
95268
98390
89960
90602
98462
95659
96299
97752
90907
94433
94802
93768
95197
96453
89921
94379
94748
90446
92436
95223
89713
94241
95262
89667
94311
94696
90385
90401
93784
89872
94112
96050
96170
97553
89652
89686
89833
93612
95722
89931
92681
94994
89346
89951
94535
91144
91374
94700
94074
98253
89568
94810
97408
92613
92807
92948
90037
95028
95030
90257
94635
95521
92383
95048
98331
94239
96250
98282
93906
95545
97084
92038
92130
92901
91129
95736
96771
89838
94723
95203
91812
93517
96710
93930
96661
96755
89748
95808
96623
89682
92927
98189
90795
92771
96068
92321
92581
92621
91334
93396
96689
91124
93425
94506
89791
93438
95722
94325
95862
96709
89799
94361
95925
92042
96297
98151
94734
96734
98649
91439
93644
94343
89214
91679
95617
95401
97113
98153
91054
91163
94555
92097
94773
94823
89923
91722
94169
92185
92614
95102
92086
95647
97157
90124
92776
95102
91446
92121
94369
90310
93195
94643
89846
94578
95381
90980
91919
95679
90068
94256
96182
90453
91147
93276
89901
90096
95915
90062
96017
97635
91767
92195
96283
90721
94598
96293
96280
96707
90321
94215
95034
92132
96081
96848
89948
93477
95320
90266
94335
95889
92594
92922
93026
91079
93038
96048
96785
96959
94545
96323
96377
90681
95459
95845
90176
95938
96535
91692
92081
97414
94300
95733
90960
92356
94129
94775
95703
98325
95205
96428
96580
92888
93837
96105
89796
97203
97316
90647
95325
97607
91874
95231
95465
90653
92897
93996
90368
92841
96094
90078
91957
95742
90472
92848
94850
89489
89841
96928
89726
95251
95478
89806
90005
90451
95580
98198
89886
94143
95503
89646
96235
96908
90679
93673
95213
89664
92751
96975
91590
91775
95551
89662
95385
95502
89639
95917
97626
89912
93153
94789
89647
94144
95027
91396
92284
98259
89276
96024
96684
93075
94842
96808
89873
91135
97328
90537
93572
95358
91067
91784
94482
91200
93286
95740
91199
96259
98245
92831
93265
94091
94169
94320
95684
90356
93321
95707
90216
93511
95068
90148
93042
95395
90848
92124
92223
90275
94595
95500
89652
96676
97066
92415
94563
96774
89932
94310
96424
89546
95384
95587
90741
91612
94283
91127
95227
96098
91989
96788
98220
90289
91292
95767
91168
91572
94829
89294
89970
96759
91109
91771
96933
89406
95372
95903
91520
96409
98320
90951
94947
96195
91318
91507
95667
91214
92628
96118
89617
90728
96965
90121
95262
95617
92295
94619
95208
89594
96152
98088
90424
96379
97359
90065
91762
96001
89324
92094
91381
93966
96362
94275
95652
96359
92345
92545
95043
90122
95450
96704
90024
92904
95001
89554
94668
94867
94598
96324
92730
92918
93803
92486
95196
96925
95269
96648
97311
90459
94997
95790
89498
95330
95858
91924
95677
95698
91906
92531
92603
89566
94966
95662
91613
93895
95036
93802
94711
96664
93255
96093
91160
91262
94667
91288
94081
95829
89489
90500
90536
90001
95814
96139
89850
96474
96508
91117
91515
94069
90655
92891
98323
89528
94922
95632
91237
94982
96923
90250
94830
98234
90521
96374
96770
89347
89449
97497
89444
93398
96382
90745
92751
95915
90619
91664
94808
93720
96562
97358
91101
91479
95427
90776
94892
95794
93816
94330
96445
89981
94780
96355
92601
95279
96713
92788
94470
95549
91516
95960
96162
96033
89332
94668
95641
90319
90966
95140
89702
95923
96320
90106
97533
98033
92333
92844
94629
91821
96407
97680
98102
98133
90087
90103
96463
90673
92800
95554
95891
96042
97362
91599
96950
97159
89827
94696
94746
89808
96243
96583
94853
96030
92200
94199
96646
90209
95311
95541
96009
96283
96605
89867
94814
95218
89519
94951
96500
90156
95014
95101
89882
95946
96466
91300
95119
97345
92466
94638
95423
91161
93219
95566
90450
93724
94490
94153
96031
96146
89854
91492
95122
89698
91598
93352
95000
96339
89366
95568
95618
91793
92129
94756
89706
94257
95054
93622
95350
98174
89770
93025
95190
91250
94933
97634
91060
93162
94930
90118
92240
96575
91006
94186
94682
89483
94679
94932
91197
93234
96783
89394
93622
94353
89940
90689
95673
90748
93114
96378
91142
92970
95415
90726
94900
95391
94401
95614
96118
90448
93455
94722
95486
95597
89760
95874
95957
91195
96002
96507
90555
93110
93327
95111
97457
91642
93497
95011
89703
94050
95536
91364
96895
97242
89617
94525
97604
98065
96301
96477
97565
89810
91449
95624
90320
94878
96045
89972
94745
95027
89939
92937
95035
93609
94383
98423
91934
92379
95133
96904
97511
96509
97599
98395
90040
94119
94868
94617
95818
89934
91298
92726
93188
94273
98368
90049
94374
97517
90172
94135
94688
90092
94839
95285
89659
93045
96050
89907
94612
95115
95306
96852
98348
94241
95295
89449
90060
94744
90134
93378
94630
91424
94182
95854
90318
93157
94293
89765
95134
95624
90400
97283
98643
95374
96988
98508
90686
95388
96501
92842
93144
93848
89487
94679
95847
96792
98152
96012
97104
90541
90974
94647
89632
93477
93855
96018
97224
98163
89640
94460
94746
90011
92843
96577
93717
96431
97247
89782
94888
95151
91690
93364
93639
90241
90855
91592
92460
94008
94281
90968
94665
94741
90022
94878
95081
92320
97094
98436
92103
93533
95612
95495
96296
96525
90354
94749
95620
89929
92726
96094
90200
94673
95141
97423
89693
94594
95578
91292
97453
98120
90984
91819
96055
90570
96572
97433
89954
93216
95866
90725
91770
95500
91562
93655
97006
92143
92307
96432
92480
96839
97099
89653
90814
97590
97111
97130
98079
91707
93828
95936
95109
96371
96960
89661
93216
94379
89969
95759
96552
91564
95266
95496
89789
89848
91873
91337
91484
94486
95372
95746
90080
93096
95130
96638
97573
89621
90219
92421
89624
93847
95087
90589
94727
93838
94264
96015
90316
95069
97597
91351
93311
96835
91558
94828
95736
89462
95310
95363
90195
95782
96603
90768
94556
97496
93834
96372
97414
89855
95758
97040
98127
90898
93377
96532
92495
93659
96634
91875
96936
97137
95175
95276
94949
95851
98324
90340
97015
97071
89763
91104
93416
90178
90999
94899
90804
96797
96816
89680
93511
94574
90723
91869
93833
90582
91052
91250
91714
94785
96020
89682
96339
97366
91158
93948
95940
91824
95212
96915
89599
94748
94983
93036
94174
95503
90635
92214
95538
90229
93484
94631
90023
95886
96343
92194
94980
95803
96600
96671
98186
89598
93724
94178
93898
95476
91591
97466
98339
90767
97192
97281
91670
92386
96526
94966
95890
91070
95037
96955
91122
96237
92709
92804
96398
90206
93644
93798
90471
94770
96357
98427
98591
90053
95032
95241
91305
95112
95841
90709
94891
95603
89510
95286
95574
95276
95618
89613
94804
95571
93296
96345
96776
89696
94261
96459
90143
92138
94917
90583
93233
96119
93086
96032
97038
89574
93157
94158
89572
95989
96175
90433
96726
97354
92338
92348
96217
91057
92521
95612
95916
96225
90734
97607
98240
93310
94282
96022
89610
97043
97115
92513
92830
98197
92868
96479
96517
89520
90264
91287
90088
94849
95462
96680
97102
97128
93497
95671
90138
91731
94451
89563
93613
94954
94742
95514
90706
93187
93482
95816
96817
89905
91629
95498
97230
97710
98580
92152
93356
96347
92891
94745
89778
90899
93035
97747
93478
94188
96148
90107
94795
97641
90203
91870
92604
91202
91956
96023
91369
94710
96215
91526
94461
95260
91723
93905
95717
90599
94065
96806
90064
92079
98343
89747
93048
95097
93116
96218
96648
90298
94460
95319
90612
93350
94102
91141
91324
94645
90075
91819
93038
89952
93333
93350
95286
95568
91853
95811
97085
89903
97166
98172
92336
92651
95352
89936
95639
95734
89822
95310
95597
90122
90129
90744
90975
94959
95626
92344
95662
90473
91740
97555
90613
92470
98261
92159
97676
98286
90671
92252
95992
94939
95482
98049
90370
94353
95925
90444
91962
95657
96116
96424
97227
93226
94866
89962
94922
95814
91743
91847
93500
94853
95476
90833
96303
96401
97042
97331
90632
92434
92537
92100
92116
94938
91627
91768
96896
96245
96535
95187
97539
98244
94144
95371
90548
96300
96845
89591
95914
96245
95828
95903
97212
89899
95014
96048
90596
92864
98351
90885
91576
94337
93526
96726
98206
89728
94654
94889
96007
97362
98266
89955
91871
98239
92498
92845
94522
91139
94733
98431
91179
91929
95559
89900
95646
95761
95205
95468
96406
96645
89812
93951
97288
97270
97358
90174
91458
93860
90112
93037
95231
97410
98046
98089
90055
94544
95003
89920
95367
97472
93205
94004
94021
94311
95242
96010
96209
89837
90956
96991
91231
91563
94363
91219
96477
96751
93687
97096
98410
93034
94848
91322
91497
94597
89699
96795
97621
92369
96611
97448
90787
90810
94560
89692
95312
96395
96090
96227
90961
93748
95061
90051
94178
94789
95120
95799
96772
98422
90350
95897
97377
91063
96191
97377
93609
90008
95994
96091
90144
91835
96195
91555
92020
96818
89803
90173
95308
89868
95110
95446
95389
96331
96623
89847
94342
95887
89776
94670
94877
95163
97480
98625
90288
95842
97650
89734
94172
95320
90267
93446
97581
92625
94620
95066
92615
94016
94614
96185
96239
95982
97013
97091
90231
92121
94343
90390
92252
96390
90329
94168
94926
97012
97144
96335
98216
98593
95136
98358
94335
95451
90003
94158
95001
91093
92419
97108
91022
92308
94088
90491
95361
97451
91787
96212
96796
90033
97247
94204
95421
91047
94078
94593
89851
93596
94977
91522
95082
98251
91294
91402
94646
89722
94970
96470
97179
95466
96330
98414
91216
95356
90286
94012
94632
90415
96069
96502
89764
95838
95996
93145
94594
93331
95973
96016
95931
95945
95931
96010
90168
94688
94995
91193
91288
89864
95598
96405
94660
94941
95582
93990
95188
91203
94247
95020
91774
95072
96615
96544
96680
98139
91421
95469
96540
90091
96764
96803
95997
97742
98194
90185
97259
97610
89723
90481
92843
90396
92058
95675
90188
94017
95749
89813
93160
93817
94991
96034
96896
96154
96207
91053
91958
92709
91588
95692
90476
90782
98611
96200
96433
93192
97489
98326
89722
90226
97048
95585
97094
97254
90917
91895
96039
91831
96487
96716
90405
96215
96441
91389
94856
96706
96328
96577
93769
96193
89803
91049
93628
89861
95081
96388
93594
95588
89902
93618
93819
94450
97260
95548
97425
89909
94654
95858
91410
96644
96717
96207
96239
93184
94759
96621
98321
98350
89755
93020
95200
91603
97521
89930
95256
95840
90514
94642
95793
89739
91510
92240
95330
95384
90457
92122
94984
91024
95703
95100
95729
90170
95101
95683
91340
92063
95404
95562
95716
96760
89913
94656
95283
90532
95157
95940
90779
91302
94476
90463
96102
96515
91185
93936
94313
96703
95485
96038
90212
96025
97344
91044
93482
96202
96097
96209
89910
95323
96014
94428
95175
95251
95385
91660
96965
97337
89963
94826
95658
93682
94882
96880
90436
90554
96782
95517
95905
89903
91839
92693
90307
95373
95453
90098
97005
97280
89805
96228
96927
94207
94784
95080
96836
98584
89875
90956
91718
89743
94569
95799
94623
95861
97410
97663
98046
95099
96344
96489
90050
96104
96942
91541
95126
94840
95277
89828
94329
95529
93650
95225
96858
90969
97029
97363
92409
96824
97390
91976
96367
97513
90578
93618
93925
94944
95547
95332
96763
89797
96961
97080
90114
91517
97131
92756
95107
95353
95905
96185
90648
94596
95047
90378
95031
96205
95974
96097
94882
95938
91571
97146
90982
93910
94539
90657
94172
95937
95053
95604
91298
94409
96598
94516
95270
91838
94523
96037
89905
95150
89896
93188
95068
90861
95660
98364
91596
95480
97306
93287
95164
93752
94624
90029
96631
94192
94502
96746
90094
92557
92938
89792
93689
93854
95229
95574
96377
96946
91182
95811
96954
91762
92231
98445
90743
95198
95766
94165
95098
95335
90716
95680
96258
90025
91125
91937
96282
92982
94074
91245
94413
93982
95403
91366
92585
94306
98062
90546
93357
94235
95238
96353
94775
95157
90414
96540
96669
93001
94992
89844
96798
97284
89916
94122
94428
91883
92660
96734
96285
89826
95693
96698
91167
92514
89823
90194
91343
90814
92854
97066
95486
96225
89968
95289
98415
89935
94981
95560
91475
92432
98242
96840
97208
94360
95166
90139
93754
94297
89878
96592
97426
95224
96728
98645
94538
95789
96627
90411
95950
97344
91286
94031
95417
89888
92463
95521
89996
90036
98346
97053
97098
97293
97376
90394
95222
96462
91098
93285
93418
95914
96953
91784
94490
94112
95682
89965
92945
95164
94569
96473
90285
95636
95806
94815
96465
97890
93179
94027
94404
95179
95239
89839
97264
97620
89842
96575
96592
95220
96626
94888
95587
95210
97609
90747
91609
91885
96771
96966
96045
96602
90650
92556
96459
95312
96803
94256
95118
94612
95478
90442
93544
89984
91499
94691
90347
94474
94575
95693
95989
90344
96644
94550
96321
90192
96381
96574
94447
95445
97536
98599
91399
97418
98334
90214
93322
95271
91246
95238
96024
91597
93657
97102
90339
93111
97018
92419
93446
90440
92305
97489
91411
93730
94136
94988
95363
94604
96373
97239
91765
96400
97349
95718
96154
95509
95522
95828
97129
90646
96240
98224
92245
92523
96672
93225
93769
96624
97175
90844
94065
90513
91315
94650
90820
91801
93349
89986
90287
97342
97634
91534
97070
97622
94212
95947
97509
90269
95457
95877
94638
96502
91810
92434
93389
90674
93818
95106
90526
95686
96173
94967
95139
90057
92627
94693
92724
95406
94867
94886
94714
96090
97417
90408
95714
96991
93959
94684
97160
91621
93241
93548
90525
92363
90106
93429
97024
98033
95558
95718
96670
97255
93576
95860
96027
97043
97280
95824
96035
94081
94182
93153
95223
94279
95138
90110
96330
97169
95073
93431
94344
96390
95402
95974
92531
92603
96539
97033
97452
95313
95699
94263
96198
97193
93047
95046
94697
95229
92615
94016
96628
92948
93748
95061
94988
95010
90025
93876
97428
90397
94613
95375
90296
96210
96315
92173
96128
92014
95452
90935
95537
95846
94310
95954
90204
94284
94803
90998
95124
96780
91153
94385
94562
89961
93180
96139
90829
92682
95170
94320
97086
94908
95517
93194
95263
93970
95471
89967
94901
95742
94361
95875
95425
96807
95870
96061
90045
94721
94949
91597
92234
95899
90640
95067
95594
94955
95105
97545
97621
97206
98420
91034
91744
93771
94780
95243
91131
91320
91504
95191
96479
94723
95258
90639
92267
90945
98358
98468
90540
91027
94910
95128
95619
95774
98048
92904
94986
90769
92358
93065
90696
96747
90519
92108
98238
90085
94826
95319
91145
91297
94388
90162
96328
97388
90634
92134
94068
92829
96412
90886
98301
96192
96204
90001
98323
96789
97597
95555
96187
96101
98371
95475
95571
90382
96614
98284
90487
98475
97354
97378
90967
94530
91067
94293
91468
91983
95244
96149
97216
97639
96326
97472
97475
93685
94627
96455
92059
92959
97179
90701
95155
95986
90107
90166
97968
90004
93699
97446
95502
95714
93786
94872
91103
91482
93781
93938
98113
91730
96267
96687
90202
94709
94147
94248
96471
90158
91604
94130
92016
95930
96313
90123
96986
97080
90482
93628
95338
89994
90572
93791
90531
96441
96663
92344
95309
90512
91075
94681
96735
97976
90077
93751
93898
92418
93331
96016
90238
93498
95652
96442
97492
98600
96121
98322
92694
94419
91743
94102
90736
97272
90194
96714
93388
93878
94303
91571
91830
96653
96395
96610
90249
93096
95048
90279
96528
96976
91661
96924
90413
94533
94908
90133
95495
96156
90993
91080
94180
90664
93508
93565
90114
96917
90136
94082
97218
90299
93333
94808
96580
96824
97087
94578
95301
93553
94849
95967
97426
97440
95596
95870
92695
94978
90623
94061
93639
96847
98307
92583
92625
95066
90034
90678
93826
92042
97753
95215
97305
97565
92856
95636
95806
91789
95154
97405
96295
97710
93524
93739
90474
95300
95866
91416
94003
98347
94673
95845
91225
91832
98140
90586
91833
93353
94012
95218
94670
95164
95555
92107
95457
95877
93339
96042
98178
95874
95923
96955
96975
97087
97141
92207
95373
95453
90152
95555
95922
95744
96724
94656
95916
91847
93925
93225
94848
95596
95699
91870
93519
97132
93612
95682
90798
92721
94369
95052
95382
95785
96153
97778
95211
95930
96114
90589
92188
93881
92451
92460
94629
97395
97642
93070
93228
95217
91918
96900
90268
96585
90656
91139
94273
92838
94879
94814
96320
90353
94031
95994
90778
94715
95109
90666
94698
95532
91007
91553
97062
91278
93250
94518
95562
96146
96760
96596
97005
90812
95881
96202
90872
94734
95120
96616
94058
95984
92841
94928
92842
94665
94741
92918
94959
95626
92321
94186
94682
90588
94467
95932
94275
95889
93173
93670
97076
90929
94295
94503
94944
95272
93030
93956
97028
97152
97169
98115
97388
97582
95509
95824
91679
97371
98408
93684
95534
90435
93219
96049
95129
95228
90626
93267
93548
96878
97152
92191
93811
94481
91945
96398
97056
91361
94406
94616
90201
95376
95402
96618
96961
94573
96221
97536
92507
94658
96288
92166
97195
93016
94083
94382
90819
91849
95085
96274
96596
92295
95388
96501
94366
96402
96448
97425
98199
96203
94932
95297
92009
95591
96087
94351
95053
97670
93483
97391
92130
94461
95260
90523
91954
98498
91573
95350
92769
94655
90646
98224
93513
95357
91116
94885
98406
90133
90180
90691
91988
93029
98264
91688
92974
93126
92769
95132
97180
97265
91020
93508
93819
92772
94635
94749
90191
93754
95151
94957
95411
97122
96801
97642
90797
95023
96692
93581
94661
93989
94697
95686
96173
96471
91879
96399
96688
94582
95062
98317
94253
95359
93347
94994
92840
92980
98239
93258
96071
97382
92634
94754
95230
93961
95477
97320
97393
97523
97528
92265
92661
96558
98060
94670
96593
92877
92982
94562
92945
95612
96187
90633
95535
95911
96706
96914
94623
94804
95799
93794
96380
92839
93882
95775
92414
96052
97016
90384
96388
96875
97590
97672
93594
95620
96459
92282
96216
97233
92617
92757
94260
98210
98213
92134
92330
95006
91374
95047
95535
95622
95911
97115
97211
97108
97322
95083
96068
90219
98275
93514
95648
93816
94891
95603
96123
96562
91586
94817
95515
93438
95529
92199
96489
97133
90191
92366
93026
94199
96455
93287
94877
95500
92012
93364
93795
94027
94074
95722
94621
97529
91287
96265
98302
91218
91625
93820
95055
95377
92192
95732
96229
93145
93577
94539
95980
96061
96257
94485
94726
95908
93378
95203
91470
94608
92895
94997
95790
95456
96779
96847
90842
95780
97520
95416
97309
94953
95910
90287
91908
95848
96529
92331
94716
92768
95406
95521
97182
97281
92286
95754
96021
92645
95946
96466
96035
96269
90950
92543
96573
92057
92702
92779
94257
97036
92275
92285
96590
94865
95737
91712
91727
91975
91077
96821
94759
94848
95536
93179
95020
92740
97022
91219
96980
91094
92102
98263
94021
94785
96020
91383
92137
93368
91092
92711
95437
90643
93801
95300
93544
97290
91549
91843
92000
91605
91745
98231
93357
95115
91755
94412
97122
97015
97192
92505
95794
96401
94920
97050
97641
92110
92399
93221
93425
94506
98265
91118
91279
91685
92714
93385
93616
91674
95658
94308
96210
96315
94384
95680
96258
91490
94692
91617
91763
92169
94847
96300
97516
91512
92577
93812
94143
95366
91959
92522
94711
90328
96847
98306
93673
95145
92874
96560
93715
95433
92982
93438
94899
90792
92526
92662
93340
96114
96318
92856
93814
93929
92564
92831
94091
92894
95097
95126
92772
94083
90940
91954
95239
92037
96063
96136
90325
95493
96055
91362
92758
92903
91248
91503
93801
94257
96025
97521
94354
94690
93225
94112
94329
94390
95589
95515
97535
93923
94603
95732
96229
90549
93640
95096
95103
95369
93311
95789
96835
94489
96268
96750
91691
96078
97146
94877
95341
91332
91927
94494
94218
94546
96087
93769
94594
96050
97231
97290
91438
92260
92562
91582
92048
94679
94966
95476
92828
94773
94823
96335
96633
97620
96063
96136
94883
95558
91930
95528
94133
97313
92096
95964
96869
91750
97411
97549
91974
95540
98309
94591
95616
96947
98388
98390
93072
95549
96507
94769
96115
97164
96047
96206
92361
93757
90655
94482
94136
94163
90407
93952
94122
94898
95250
93195
95177
91816
93105
98262
95280
96130
96838
92876
93213
98228
90345
94635
95688
95754
96021
90392
92829
97353
91528
96671
96977
93484
95381
93828
95112
95841
96785
96959
97006
92802
95527
96472
96622
97203
97402
93131
94867
95552
96338
96652
93194
94994
96195
90450
92296
92398
93045
95003
97251
97581
95110
95761
92902
94932
95991
91316
93853
94435
90551
93565
94646
95155
96274
95556
96662
98474
91644
95546
96000
92151
96779
94946
95313
91725
94957
95411
91227
92993
93066
93381
94109
94327
92630
97055
98303
90513
92560
95572
91838
94523
94985
90883
94800
98317
96246
96688
97122
91276
92554
92607
92018
94317
93576
96987
91790
93655
94835
93009
95897
96400
94900
95710
91719
95822
96520
94749
95573
92483
92591
95823
92340
95316
96559
97289
97360
93475
97108
97322
94724
96977
91964
96047
96206
93217
93243
94242
96476
96481
92772
93594
92156
92333
94619
95256
95957
90391
96430
96880
93179
93612
94544
94824
95079
91898
92729
92766
96426
97677
98606
92184
93601
98293
92458
96437
96804
94944
95200
95462
92297
92696
93954
93345
97300
97688
92503
92563
95833
92734
94618
94128
94837
96598
96673
90417
96002
96473
92346
94057
92750
93319
95369
92991
94215
95034
91357
93197
93326
92853
96347
96527
91728
93987
97363
97376
95677
96827
98312
93174
94516
95190
94755
95230
97383
97237
98283
90912
91081
92499
96890
97336
90810
93865
93006
95639
95734
93049
97239
97478
93367
93590
94431
90925
95842
97650
95379
95909
96495
96576
94068
96205
92431
96437
96460
95947
96966
90506
96170
96879
94478
95180
95645
95935
90447
93442
93989
94668
94853
95662
97532
97638
90787
93668
92777
94708
98357
95028
96100
90916
96456
97464
95780
97422
90781
91013
91207
95024
95273
95945
96696
91165
97501
97680
93437
94558
94628
97323
97657
92440
92610
94155
94834
95937
95210
97586
96269
96722
95224
96478
96728
94947
96616
91658
92595
95746
92540
93356
94281
91107
92704
95137
92374
92509
94194
92539
97417
97615
91719
94462
97562
92229
94109
92965
94595
95554
90881
96267
96594
91696
92354
98256
93697
96444
97016
92140
92151
96779
90468
96602
96873
93714
96777
97737
92153
93593
97326
96718
96918
93045
93145
95140
90936
93044
93956
95854
92376
94364
94913
91514
93271
98315
91475
97607
98242
91033
92960
94585
94323
95481
97288
95494
95613
94810
96886
97408
94391
95863
91948
96190
96460
91788
94584
94395
94552
94613
95446
94855
94962
98392
93500
94469
95970
93614
96840
97208
96528
96764
94315
94996
96358
93203
94628
93538
94866
94954
91664
94555
92449
96269
96722
95646
96069
90851
90977
95099
93505
94558
94147
96381
96574
96257
96408
94111
95311
95541
92483
95413
92964
95334
95668
90575
94804
96308
96964
97497
90654
92127
93874
90483
90910
90995
94884
96143
92100
95030
90524
97547
96513
96696
93248
93582
95092
97304
97633
98036
94822
96107
96968
91263
96021
96063
92926
94013
96023
91291
94950
95230
96518
96610
94889
95273
92370
92759
98515
98571
98639
93142
93961
95395
91546
93512
93757
91194
94534
98477
91130
92626
96987
95459
96212
93603
94772
95050
94892
96419
92990
93744
98230
91451
96047
96136
91701
96206
96408
92034
93452
93959
93421
94895
96708
93396
93470
96689
91595
96895
98407
96095
97433
98312
91122
91448
94617
96967
97732
92394
93184
95133
90763
94596
96001
91623
92074
92592
92415
93663
96774
91702
95760
95195
95660
92314
96667
92430
95646
95761
92941
94839
95285
90991
92438
93359
94651
95297
92017
95522
95645
90983
93495
94035
93624
96073
96783
93298
94726
95145
92563
93654
91789
98225
93300
96808
97445
95996
96175
95018
98237
98486
91422
92477
93404
92812
94164
90552
94198
96206
96408
92131
94226
94569
95861
96532
93175
94447
95122
92860
94009
95538
95630
97031
92498
93633
91126
95732
95754
94054
95691
95710
91023
93284
94057
96331
97429
96091
96798
92104
95462
96232
91845
93716
95217
90682
91242
91678
95357
94039
94686
95383
94433
94802
97496
96706
96914
97315
91323
93426
94991
94421
95376
91647
91894
95143
97261
97548
93883
95010
92356
93575
94129
91514
92817
92363
96165
94331
94637
95460
94705
95004
97182
97436
93124
93778
95214
93752
94977
96644
93675
96391
97448
94270
94370
94407
90753
93712
95491
93926
96950
97159
91655
92674
98506
91345
93245
96358
96734
97093
98384
91011
92162
92923
91963
96257
96408
91547
93251
94852
92977
93326
93896
95520
98247
95979
96280
94246
96018
98164
92671
95890
93858
94071
98292
93793
96804
96876
94623
96658
90590
97293
97548
95120
95571
95742
90612
92448
92971
93980
96102
96515
91092
91406
94425
91284
91912
94301
96890
97440
92771
94786
93970
94169
94310
95961
97398
97408
93501
96135
92497
93533
95930
95185
96639
95694
96889
97431
91746
94847
96713
93878
96622
97203
93200
93987
98232
92920
95032
95241
93228
95326
96672
90704
92538
94292
94387
94909
91786
93893
95165
90613
97306
92774
94487
98306
94131
94819
95424
95820
98454
91089
96519
96697
90976
92674
96027
93454
95885
92707
95258
95436
93203
93450
94639
94196
94979
95779
95191
95327
98379
93435
95139
95503
91365
96365
97661
93730
94299
95948
92573
94037
96248
92487
92671
93791
90785
97205
97374
93930
94161
96755
94929
96687
97200
91535
94405
95548
97425
98200
94219
96147
97414
93032
96148
96936
91125
96163
92997
95243
95301
92280
92439
93826
91522
94667
91347
91752
92459
93906
94377
95349
95537
95846
97315
91277
93623
94549
91495
93420
94419
93640
96405
96130
96838
95852
97029
94009
95883
97297
97531
94104
97240
97373
94038
94366
95231
93351
95121
92955
94937
90836
93079
93815
91589
93048
95551
92543
95791
91191
93580
94179
93091
95405
96019
90929
94295
91475
98299
90913
98277
92339
96617
96876
94718
95620
92469
94976
95661
98449
92574
93811
94481
93800
95610
94151
94378
93537
94861
94791
94883
94796
95671
93459
94485
95177
91380
91862
92732
91221
93887
92359
93924
94226
93505
93542
94854
90685
91412
92442
94720
92436
94756
95259
96279
96412
93722
95488
91698
93744
91687
94856
91674
93180
95060
91804
91951
92571
92639
96066
93756
94947
96002
94595
95633
93874
95935
93299
93950
95616
91370
92482
98337
92094
96024
96700
92439
95547
95220
96355
97263
97394
97542
97037
97067
91490
97018
93669
95936
96040
92609
94179
93389
98218
95627
96216
91993
92985
95418
91910
92909
98353
94860
94914
92111
95424
93721
95495
92511
92576
98246
93054
94143
95439
92849
95182
96432
91192
92544
93566
95016
95953
93057
94478
95675
93226
93238
94581
90702
94721
96217
94710
97421
98597
90769
94034
98413
92845
94907
93965
95989
96175
91486
92553
92127
93328
94041
97334
97436
92775
95783
96416
93206
94391
95657
96047
96136
90756
94500
95549
95015
97194
92045
93247
94829
91025
94350
94577
92697
96138
98252
92396
93292
95930
95527
96472
91878
96742
97254
93014
93715
94830
92126
95211
96632
93243
93590
91551
92899
93703
92031
95824
96035
91885
94868
93384
93746
98308
93287
95688
94119
96182
93235
94993
96688
91342
97401
98061
91776
92724
95559
95171
96368
97677
93838
95976
96729
91203
93588
94346
92652
96069
96502
95631
96578
92284
95629
98259
92504
93785
91358
95332
97530
94090
94871
95557
90936
94192
97198
91820
97465
98456
91160
94671
91518
94907
95143
95278
97380
96992
97261
92484
95851
92485
94303
98338
92137
94632
93320
96569
94960
95250
95808
91349
95773
96114
92819
94723
95203
91203
92039
93014
91832
94793
96319
91302
91444
94938
91138
91693
92065
92963
96507
95775
96968
98443
92248
93226
95209
94053
95118
96076
94253
94917
98270
90848
92223
94092
91738
96190
96472
94135
96119
90997
91289
94890
92556
92633
96672
92883
93455
94722
92626
96822
93136
96040
98414
92759
93817
94360
90857
94406
96394
91083
91319
91947
95329
96295
97710
91162
92533
94852
93736
95055
95749
96401
97430
93606
94591
95856
91907
95232
91262
92720
93443
91495
92766
92612
92794
91235
97304
98154
92565
94894
95347
93521
94693
95052
95963
98377
93183
93320
96378
93520
96422
96968
98444
96352
96721
97188
93666
96915
97097
96015
96654
96738
91118
91227
93733
95838
95996
93107
95874
95957
94740
95418
94383
96435
98423
91801
94630
95726
97071
91698
93406
94879
94827
97042
97331
91761
94431
92141
96527
98170
92391
96721
97188
92869
94130
93341
94658
98294
93039
95923
96320
93088
94444
96296
92794
93689
94413
93513
94166
95102
93171
90922
96293
96344
97163
93937
94157
97574
94373
97399
93040
93920
97335
96266
96761
98533
91442
95494
96976
90965
96352
96702
91739
95648
92162
94297
93086
96570
97160
93458
96183
97544
91409
91640
92378
92164
95384
95587
91119
91441
91456
96739
97142
97621
91035
92486
94948
91603
95961
93728
95479
95469
97550
98123
92202
93728
95170
94072
96179
96332
93739
95272
92423
93213
93920
96040
97335
94549
95493
92361
93541
94872
90920
93021
93271
91017
94862
98375
92423
93842
95079
92596
93570
96271
91660
97369
93127
93749
93859
96008
94025
95409
91624
96061
96257
90938
96227
96878
96064
97267
98018
91348
92610
92335
93582
95092
93377
94528
96087
91544
95971
96144
92930
93347
95244
96321
96406
96428
91463
94115
96521
91306
93494
95708
92681
92686
96023
94234
95655
91033
91047
94472
91515
92932
94334
91209
96719
97315
95158
95881
92558
95110
95446
95524
96578
96823
91281
96052
96229
91228
96663
97474
91892
94662
97246
95036
95567
97164
91874
97506
93321
96076
92566
92684
95559
94107
95114
95740
93192
96030
93455
95034
95630
97031
97425
96476
96481
96896
94347
95954
96709
92512
92752
94681
91207
92612
92784
92253
95251
95478
92294
95385
95502
94535
97464
91607
94403
96687
92315
95670
91431
93285
93469
91432
94967
91097
96291
98300
91556
96145
98219
90893
90981
98293
91622
96628
96835
91405
92817
94180
91346
93050
93887
93143
95916
96225
98292
95471
95653
96424
94139
96475
94996
95599
96840
91349
93999
96444
94146
95861
92042
92312
94842
94950
96929
92612
93514
93860
90987
91405
91428
93766
94871
95383
92848
95557
93184
94870
92469
94893
96088
94839
95541
93074
94780
96355
94215
94997
92300
95270
94765
96212
96796
93773
94421
93923
98276
91418
93183
93975
93270
93322
96138
91612
98251
92704
95840
94764
96268
96750
93778
94420
95214
94163
94984
91275
92616
94056
91876
94290
94509
95318
98286
93734
93891
98417
97270
97358
93440
94578
95381
92493
94035
96430
91769
92784
94337
97486
92226
95330
95858
93664
93673
95213
91395
95895
96478
91910
94327
91941
93274
95043
96583
97098
91459
93870
92205
95870
96061
97043
97280
91761
93149
95288
95294
95852
91478
91536
98345
92519
92716
95427
92935
94902
97445
92977
94055
95514
93847
97495
91836
94995
97221
91346
94242
92420
92839
95775
91135
91822
93517
95012
95344
96222
93194
93756
92030
95352
96903
91341
93932
94301
94455
95182
96524
92229
94089
95700
91315
94968
93968
95124
96647
92191
92915
94364
91370
91454
92144
92467
94168
95241
96190
96472
91668
93931
97245
93895
94716
96733
97676
98288
96669
96721
91572
93025
92024
95836
96021
96063
95179
97515
92370
92938
93684
92999
93850
97466
91953
95596
95870
93396
94819
91417
91554
91756
96437
96460
95302
95726
95158
95454
91163
94639
91655
96547
98329
94982
96677
93401
94618
91559
91766
94568
94925
96124
97144
92770
93321
95707
92475
92523
95612
93021
93781
93292
95168
95481
93523
94118
96265
92035
97075
98488
92912
95687
94397
96357
98427
91402
93833
93802
94689
96664
91140
95433
93465
94387
96100
92648
94806
95419
95950
91934
94050
91938
94470
95045
95372
96012
96382
92800
92919
95551
93288
96904
97555
92774
94823
91603
93566
95364
95732
95754
97008
97286
93676
96393
98296
93109
93379
95740
92305
92960
94991
92588
93442
92085
95486
95597
91950
95445
94453
95134
95624
91720
96010
96209
91804
92881
92023
93774
93162
95668
91728
93382
94992
91411
93525
98314
93431
95909
96390
94151
95375
91223
98263
92155
94547
92782
94975
92362
93469
94551
93266
96410
91404
92849
95577
91362
91898
91991
92001
93966
91735
96035
96269
91440
95021
97307
96606
91862
94235
91065
94870
92254
95509
95522
94865
95271
97345
91225
96218
98140
91078
93529
94584
91320
92040
93290
93658
97289
96636
97077
98566
96773
97067
95195
97552
95432
95715
96323
91471
95527
96130
92680
94585
94642
95793
98258
91249
92421
94430
91412
92272
94609
95390
91623
93616
96854
97148
92687
96135
91324
94643
93993
95291
96189
98442
96608
96641
97642
92945
95573
92039
93635
96316
96945
97463
98486
91869
95391
95038
97045
97173
94513
94687
95515
97302
97458
91599
95758
97191
92076
93057
92054
96356
96838
92306
93190
91823
96185
96239
92913
97235
97372
92981
94225
91729
95568
95618
93195
93569
94643
91546
92260
92940
94168
94926
92512
95847
94280
96243
96583
94492
95520
92129
98256
96781
97012
91609
98337
91638
93069
93704
91932
94910
94974
91477
91628
91815
91686
92479
96654
91178
92055
92171
92320
96893
98221
93048
94844
92869
94479
96797
91830
97085
93551
95222
95947
92980
97218
98239
94140
94167
93475
94513
91617
98229
92694
93067
95729
94002
95693
96698
92499
95910
94395
95283
96218
97262
98141
91640
91780
92183
92323
93129
94806
92816
96663
97474
92122
94645
93991
95253
94901
96196
97137
92171
94234
94570
94533
94610
92273
97426
97440
91980
94092
92346
93805
95403
91191
92607
92381
93633
94885
93141
94585
97489
93388
95932
96639
92801
93012
95781
93948
95582
92308
94722
91483
91928
92441
93181
94902
96087
92799
94363
98235
93958
91599
91794
98126
95032
95734
91450
94314
95453
95457
95323
96343
91136
91333
95737
96360
96905
97015
97192
91656
95534
91520
96409
98356
91337
92924
94786
96693
96694
98553
93293
91378
93270
91156
96241
96919
91579
91928
94783
95307
92370
92799
91744
94631
92454
95359
92386
94854
91161
91952
93608
92787
93654
93128
96932
96951
94030
95601
94373
97388
97582
93325
94607
94909
92846
96396
96958
93294
93913
95717
91827
95893
96557
91476
91899
95507
95583
95928
94185
97545
97621
95280
96455
92973
95862
98177
96986
97405
97219
97623
97745
97812
92008
93988
95237
94894
91513
93569
91175
97088
98180
95436
97033
91438
91605
96561
96643
91453
93613
96416
96704
96912
95706
95796
96292
91816
92399
96536
97136
98550
91618
95509
95824
93076
96773
97067
92495
92618
94289
92111
93777
94671
93775
95028
95030
91505
94616
92684
95633
94626
95760
96170
92315
95670
95850
96851
97336
93787
94256
96182
91650
96213
96629
93659
96544
93873
94198
91368
91423
92029
91711
92479
96654
93053
97522
97657
92075
93098
95170
91763
92324
95054
92163
94316
93267
94476
93756
95045
91905
94834
95075
96052
97016
92440
93385
91424
91799
98353
93379
94948
91387
91409
92382
93133
94013
95687
92776
93422
95539
92235
94709
93596
96520
97411
95477
92570
95165
97907
91602
95846
92079
93782
96467
91222
94100
95279
91245
95085
95114
95116
96882
91919
93854
93398
94084
95364
94543
94936
92706
96617
96722
91497
92677
92863
93550
94589
93078
93192
94734
91313
92592
92601
92748
98262
96013
97908
98490
93116
94793
91375
91425
92685
91483
97074
97520
92029
92145
92378
92478
94814
95218
91812
93995
98235
92027
95931
95945
93596
94890
92337
92900
94518
98070
98152
93933
97053
97098
95225
95316
92776
95232
94923
95221
97724
93804
95135
96816
91897
93290
95667
91472
91537
96410
93129
93530
95427
93318
97274
97521
91299
93397
96700
97393
92230
92950
94435
95159
95193
95005
95850
92273
96854
92416
94268
98254
94537
95792
95855
92869
94477
97331
91702
95496
96879
93249
94261
97084
93700
94923
97008
91777
97163
97334
91706
96627
97351
93156
94017
96148
92609
94110
95356
92138
92385
93353
94850
95373
95806
92206
97186
97239
92838
93167
95188
92036
96154
96207
92056
95974
96097
91509
91884
92232
93409
94011
95252
97468
92655
94888
95151
91378
91540
91899
93100
93921
97489
94141
94900
95391
91373
93515
95075
92468
95952
91344
92110
95013
95986
92900
96419
91357
91843
92749
94964
96490
95877
96783
93111
93494
94040
92669
96267
96594
93421
94597
91835
92939
96195
95655
96518
91731
94998
92163
92568
91901
94100
92028
93086
95022
95913
97383
96082
96869
91918
95116
95763
91793
94930
91993
93575
92136
93159
96459
93573
95413
93591
93927
92196
95679
93405
94865
92586
93413
97239
93680
94615
92689
93250
94518
91587
93797
95006
96617
96722
91592
95261
95584
95757
97553
92721
95807
98291
92632
93169
97527
94133
94156
96595
95153
97698
98223
93713
96823
97229
93365
94978
92058
92737
95554
95531
92950
94844
92101
95770
95828
94062
96569
91815
92733
95166
91960
95286
95574
91555
94069
92305
95641
92073
93308
96190
96460
97415
91795
92343
92778
91962
92508
95657
91901
91927
95942
92803
95805
96425
93939
95459
95845
91788
93305
95046
95739
95942
91737
94624
92858
94686
93260
94062
95667
95886
96343
97096
91713
92940
96335
98428
98592
93227
96453
97181
91487
98261
91654
91753
93504
97664
98595
92217
97515
92102
92821
95341
93450
92115
95883
93221
94282
96318
94799
98219
98418
91622
92999
95512
95397
97111
97312
93080
95627
96270
92472
92788
97160
92631
96215
96441
93485
94985
91382
96572
97262
92833
95934
97249
94032
97418
97919
95681
96830
91745
96032
96452
97003
91376
93760
96745
91568
91946
92622
97419
98598
93825
95154
97405
91759
91865
92002
96739
97142
93368
91414
93095
95087
91507
93160
93909
94610
92754
93902
91482
93771
94321
96101
91742
92808
98344
91737
92397
95313
95699
92264
93773
91492
92545
91843
93316
94791
91452
91972
92065
95065
92464
92699
95538
95332
95979
96572
96361
96427
91678
92620
94647
96944
97315
92526
93108
93892
94740
95604
92590
92834
95244
91397
95486
96225
94636
96105
98360
94729
95649
94642
95285
95286
95568
92481
97242
97371
93281
98456
96512
96978
98522
91547
92169
92698
93434
92390
95596
95699
92658
96432
92013
94338
95378
95701
96938
98046
92040
92331
94284
93349
93405
93752
98315
92995
91742
92767
98426
93207
95569
95747
96386
97035
92874
96039
91458
91593
92455
94581
92728
94638
95423
96679
97007
97537
96608
96641
93719
96584
91912
93820
98352
91882
91998
92203
94742
95762
96475
95204
96956
98191
92013
93000
92507
93259
95421
93879
94982
95679
94317
96981
92095
93054
92848
93988
94850
92179
95312
96803
96230
96533
98528
94211
96540
96669
94964
96009
98542
91549
97037
97309
95070
97608
91454
91882
92041
95038
97045
96357
96755
96454
96597
93625
96702
97218
95416
96298
92292
92340
94575
94820
96331
94453
95896
96462
91979
93837
95636
96315
91880
94733
92006
92248
91969
91576
93042
91928
91969
92062
91699
92438
92912
91554
92142
93044
95169
93299
93812
92138
93823
95539
91828
91833
93501
91893
95186
93223
95628
95825
92187
95517
95905
93273
93378
94630
92208
94350
94577
92834
95843
94049
94093
96411
92735
96157
95911
96258
91527
94653
95398
93405
96461
96717
92779
93930
98298
91540
98253
92055
98319
91649
91942
98344
92519
93853
94331
94475
96731
92771
93056
96068
92825
93464
93091
94926
93308
93484
94631
91786
96350
94743
95444
98260
91994
92782
94350
92502
96528
96764
95128
95644
96374
96770
98243
91941
92091
94121
96759
96852
92708
94500
96432
92000
92193
95310
95363
94088
93658
97289
98287
91873
96392
92189
92501
94803
91844
94263
96141
92374
94260
94020
94077
94213
92040
92099
92177
95506
98319
91524
95276
95618
91610
91897
92740
93699
98275
94551
98426
96873
97082
93858
95691
91760
98264
93240
94405
92665
93707
91669
92883
94283
95700
96704
96912
92381
98273
92954
94613
95375
92124
93149
95664
95719
98614
93502
93597
92659
93446
97581
95310
95597
91733
96946
97576
96052
96229
91537
93949
95615
97412
97458
91864
92120
92588
91563
91585
94156
93699
95725
97446
91980
94458
95610
94380
96250
98281
95050
95782
91944
93050
91759
91780
92190
92368
95233
96874
98562
93427
94600
97003
98252
91589
92379
92542
92832
93010
95549
91653
93451
95675
97236
98481
95809
95926
96382
91685
91951
92637
95360
96615
91605
93162
93901
98257
96075
92851
93046
95696
97019
92086
97014
92289
92932
92106
94859
98418
94849
95272
96303
95134
96200
93834
95578
92250
96045
96602
92216
94216
98349
93572
96959
96128
95361
96752
96543
96749
98520
93211
94612
95115
91696
92758
93015
93729
93400
95000
96339
93430
94119
94868
92547
95542
92045
92516
92220
94587
93479
94928
98330
93400
94751
95352
91769
93202
96332
96477
98399
94657
95361
95496
91693
91985
92578
91977
93853
94435
95903
97104
97180
92322
95511
93070
94467
95932
92210
92996
93698
97715
92258
94363
94513
96308
94233
95294
95839
98189
91775
92800
95180
91648
91845
92999
93176
96108
93135
94647
92796
94429
96372
96635
92032
96301
95838
96576
92318
94403
94450
95774
98127
95277
96623
97297
92049
95312
96395
93432
93933
93318
91683
93804
94106
96528
96976
93657
94929
92013
92482
92685
92443
98336
93336
95209
92757
93126
91703
98250
96115
97164
94065
95458
96806
96694
96772
97814
92356
94506
98228
95110
95761
92158
96632
97837
95464
95827
97451
94779
96552
96998
93217
95639
96515
92343
94378
96366
96906
96932
95358
96481
92055
92243
96519
96851
96486
97627
97691
93942
95137
98346
92215
92416
96051
98255
92025
97971
98029
92078
96348
97094
95984
97570
97609
92357
94296
95917
94201
95278
96118
92624
95060
95738
96568
98090
92923
92308
94069
94088
97242
97371
92359
93066
93427
95920
91974
92617
95219
95240
97132
92348
93977
98365
92033
93716
92120
93630
95569
95613
92668
92963
96507
93020
93170
95833
92058
92627
92145
93557
93852
98328
92099
93453
93193
94165
95173
95197
97129
91883
93583
96734
97518
97701
95149
96588
93376
94913
96810
95757
96943
97553
92873
93240
95818
96718
96726
91752
91994
93098
94171
94263
96925
97417
97615
94194
93694
95213
92106
93734
94903
95695
96884
98056
91896
95850
96400
93371
94736
95736
96200
96360
93453
95135
96907
92060
95522
95645
93422
93467
94223
94305
94468
96250
92425
94320
97086
92174
93999
96750
92099
93794
92320
96893
98435
92260
94455
97808
93691
95441
92285
93393
93997
96378
96996
92012
92750
91853
95173
96753
91814
92638
94219
91972
92641
93478
94811
95352
95958
96796
92964
96480
96561
96643
92562
92115
92459
92893
93510
93831
96102
96210
92077
95282
94283
94579
92795
93001
95295
92076
92433
96925
95789
96539
95311
95841
95711
97127
97714
93600
95994
96091
91884
93476
98426
95428
96738
91959
92885
94129
96804
96876
94309
95062
98317
94043
95829
98352
93895
94424
95876
95159
96513
91750
95251
95385
93457
94049
96411
94409
95656
93913
96599
91988
92057
96437
96804
92760
95081
96388
91988
92057
92729
95330
95384
92234
92669
94403
95888
95873
97389
97502
96733
97676
95567
95999
97292
95646
96069
91815
92711
93362
93530
95680
97857
91828
93135
92742
92889
93288
93841
95876
97396
93554
93630
92653
93332
92736
93466
91898
96300
96845
96153
97110
97828
91958
91997
92666
92146
95175
95276
96520
97643
94377
95553
96134
95863
92145
92956
92093
94825
94831
94864
96399
96688
93291
95439
91775
92727
95133
91929
92925
95500
92778
98265
93542
94352
94532
92607
93564
93620
95823
93009
93943
94216
92796
93294
95796
96389
93036
94835
93042
91929
92463
92223
98357
91807
93471
93957
91868
93952
94800
94566
95873
92379
91929
92463
91937
94437
92914
96598
96673
93082
94878
96045
91942
92311
93914
95985
94017
95479
92996
96560
98354
93447
93849
96671
97412
98187
92864
92906
96773
97552
92990
92108
93868
92185
95366
95195
95290
97552
95396
95730
98206
92739
93901
93890
95941
92279
94041
96433
97403
98538
93474
94580
96105
92636
95558
95718
93928
96259
93042
93329
95395
92593
93178
93629
96216
97233
92319
95229
95574
92565
91888
95931
96010
95659
96580
96682
95441
96757
96474
96508
98298
92058
92627
93079
96124
93441
95220
96626
98234
92271
92958
96587
91914
92584
93522
92714
91891
92081
96193
93553
96957
98254
94046
95298
92868
95458
92094
92409
96624
96710
95874
95923
96643
96698
95227
97395
97642
92176
98304
98478
97275
98195
91849
94019
96365
97313
94181
97384
97327
97474
95455
92620
93642
94150
95942
91957
92930
96120
97513
94126
95256
95840
91939
92645
94279
94542
91907
92283
95109
97123
97828
98268
92123
95837
97006
92334
96925
95512
93677
93897
96559
92567
93261
93831
96324
96618
92292
94545
95981
96158
98167
93659
93936
94289
95776
96523
97026
97908
96393
92712
95465
96885
95884
96469
97720
93861
94498
97414
94906
97539
98244
95124
95673
98378
92375
92463
95521
92080
96356
96524
94245
95977
97193
93303
93366
92117
94718
95620
92462
93630
92029
92190
96345
96892
97226
92967
93047
95242
93883
94719
91926
93430
93839
94515
96814
97218
96376
97342
97391
91979
93671
92712
94442
94901
95843
94056
98276
92454
94123
95415
96156
96820
94523
94993
92747
93316
95831
96756
98157
92732
92030
93150
95615
92443
93412
93770
95884
96772
93347
94975
94379
94748
96854
97424
98297
93705
95323
96014
92026
93034
97911
97986
95059
95599
94101
95454
92383
92457
94126
92315
95897
93160
92716
94572
95614
97179
92648
92225
93986
95807
92032
93760
96895
93071
94830
98234
94951
95709
95453
95457
94123
94548
96611
93425
94773
93470
92092
93252
96298
92805
92979
93731
96720
92026
92081
92261
95693
95989
94390
95474
95674
95593
96884
98115
95892
98342
92114
92196
92405
96781
96914
91962
92682
92544
92595
95197
92724
94494
94366
96827
94227
94990
96171
92698
94930
92230
91968
96611
97429
91955
93855
94574
92630
94208
94465
96189
96280
96707
92394
92452
95338
97452
98130
95250
96072
97114
97662
92160
93959
92974
94202
94547
98325
92545
92120
92675
95656
95862
93546
94986
92804
95318
93015
92243
93380
94813
94959
95061
92007
92821
96358
92794
93274
92169
93089
93665
95032
95734
96584
96725
96207
96239
92681
94577
91983
94474
93802
94888
95587
93198
94913
95470
92075
95686
96381
95603
96173
92804
95318
94438
94704
95628
97285
94641
95469
97550
91985
92264
92747
93253
95083
96120
93062
94946
97143
93498
93103
94946
95313
92275
92012
92750
97614
97670
92648
94806
92279
92822
98344
92888
92554
92628
92946
95043
93468
95645
95935
92823
92930
92600
93019
95036
92624
95792
97593
98559
94999
95379
97445
95533
96742
92093
94825
96730
94037
96248
92666
93134
96858
92577
92459
97147
97269
97594
93177
94137
96340
92311
92709
92732
93366
94094
96928
97509
92766
94374
97526
92778
93077
94377
96134
94007
97327
97367
96277
97539
92672
94829
92627
94693
93502
98250
93377
95577
93880
94101
97512
92663
97042
98332
92835
92456
95347
93792
97229
97468
93533
95543
92928
94650
95988
92232
94048
95753
92498
93755
93759
93857
94334
94321
98311
92228
92310
92998
92238
93152
93295
92889
93288
94825
94845
93109
95502
95714
92962
97160
92956
92336
94839
95541
94116
92485
98339
92664
94684
95995
94005
94502
94814
96320
94665
94891
92321
92333
93588
92144
92203
93244
92911
95764
96187
95834
96431
97247
93025
94221
96798
97284
92695
93085
95371
92204
95511
96091
96798
92683
94697
95229
92975
95376
95402
92411
96097
96209
93412
94012
94632
95535
97851
92910
94612
95478
95614
96677
94613
95446
93843
97221
97660
92065
92747
94032
94743
97718
93355
95428
96738
93516
94338
95071
92199
96493
96855
98044
95853
96157
98249
96864
97154
97227
94956
97037
97067
93747
95185
96639
95360
96615
98171
93369
94555
93105
98295
92682
92486
93359
98128
98436
95025
95868
94370
96241
94498
93268
98254
98318
94384
96146
97052
92673
95744
96362
96583
97098
96711
97286
95660
96630
98364
92150
92486
94948
97574
98393
98524
96423
96970
98531
92743
95122
92233
98290
98440
97387
97946
92142
94337
97622
98097
95639
96515
93706
93990
95451
92532
94386
93255
92110
95764
96187
93499
94044
94177
92128
93477
95320
98417
92531
92615
93154
93774
93900
98375
94090
96290
97522
98188
96235
96379
97359
94601
96118
92689
95141
95234
94749
95573
92241
93065
97134
93681
93845
95717
92815
94846
95167
93369
93399
92614
94715
94155
96042
97107
98420
93697
96073
93737
93813
95905
96185
98257
92156
92194
93896
94445
92531
92615
93982
94288
96204
94973
95314
93201
95406
95739
92556
94467
93473
93481
92490
93869
96349
97671
92856
97736
95360
96347
93860
92479
94500
92482
92820
94654
95858
93783
94710
96215
93123
96986
97080
92680
94078
96881
95196
96937
93929
94487
94049
94281
93818
95793
92180
97274
97292
93703
93944
92295
95409
95480
97306
95326
95543
94509
95447
96699
93452
95263
93254
93696
98653
93186
93282
92255
94723
95258
94483
95014
95101
96492
97978
92175
92435
94087
92551
96480
96932
93808
95996
96175
92910
93289
92959
94222
96923
92905
94739
96022
97364
92310
97769
93023
98280
98255
98318
93091
94486
98446
96328
97388
92189
96886
92881
94694
95511
95772
96648
98422
92815
92923
92903
98233
93137
94166
95997
97933
98111
95256
95957
94425
97082
93019
92323
92376
92582
94186
94461
95598
97053
92295
92561
97462
93854
92464
92647
93250
94386
94673
95141
97532
95527
96130
93313
96673
98176
92782
94975
92685
93301
95452
95886
96574
93413
96141
92603
97746
92912
95687
92635
93622
95350
92988
98355
95638
96236
97509
94225
95033
95958
96469
97117
98534
92464
93250
94044
95681
93196
93943
97363
97376
92284
94802
96321
97035
97312
93058
94223
93196
95306
97444
92582
93003
94087
98356
92267
93904
94608
94648
95302
95436
97033
96290
97135
92350
93558
94131
94494
93233
94486
95615
94787
98291
95303
93507
94993
94290
94598
94603
92951
94050
95536
93797
97733
93857
94521
97529
93584
94207
95730
96491
92953
94300
95100
94276
92882
93051
95722
95326
95543
93007
93880
98273
95622
96760
97219
93613
93178
93754
94297
96964
97251
97230
98163
98581
94678
94999
94578
95301
94642
95285
92858
95430
93840
96844
97722
94349
96939
97810
92938
93489
94047
96761
98192
95914
96245
94943
96319
96443
93998
97558
97935
92441
93660
97406
98587
95202
95982
97013
95121
94715
95109
96701
97030
98154
98611
93647
95196
96937
94402
94813
98383
97915
98503
97634
94875
97138
98560
92617
93579
93984
96960
92658
93117
96532
93714
94788
97206
92524
93866
92787
93654
95298
97012
97144
95869
98375
96720
96960
92941
92415
94682
94741
92643
94680
97861
92326
94428
95175
93436
96818
92827
92866
93488
94298
94743
97267
95085
94095
94567
94927
95104
94780
95243
92653
93500
93381
93717
93786
95029
95589
94463
96575
96592
92759
93247
93428
94704
95825
96678
95221
97020
98526
92436
93656
95223
92435
92453
97728
93100
93506
93537
94455
95182
92954
92734
94287
95875
92569
93132
96398
96297
97922
94365
96245
96535
93595
94296
96763
96054
94116
94778
95647
97265
97437
97826
93199
95899
94656
95916
95009
92451
94884
95253
92378
93768
97135
92984
93551
93838
94988
95363
94525
94858
96705
92332
93048
94844
92968
93025
95190
94862
95026
93260
92384
95097
92451
92433
95382
92801
94629
92496
93150
92438
93359
95037
96630
94785
95112
93879
93392
93963
94493
92553
95420
95635
93077
93626
93131
93763
92628
95766
92876
95394
97115
97211
98364
93940
95362
97571
92476
92569
93151
96368
97677
98108
93411
93650
95968
93785
97444
98208
93060
98231
96112
96127
98170
92920
93411
97626
92753
95756
98367
92511
96434
97887
98201
92993
92462
94552
93444
94776
93957
96104
96942
93579
96720
96960
96158
96377
94285
94370
95591
93851
93949
96410
93675
93889
94548
93269
95494
95613
93608
93902
98277
96429
96769
98516
92991
94635
95688
93392
92896
94856
96706
92820
92723
94284
94803
93563
98272
92593
93349
95707
92519
93853
93589
94917
92678
93664
95985
96337
96858
94423
95849
96847
92710
92998
93829
95323
96343
97570
97609
92679
95135
96907
92682
93277
95749
94050
96129
97202
97277
95773
96114
94168
95241
93190
93447
92714
95152
95817
96322
96877
96071
96666
97382
92473
92510
95164
93661
95343
95763
95892
94278
95714
96991
95014
96048
94356
95881
96202
93615
94775
95703
95192
95712
96662
97087
93386
95533
96788
93416
94983
93223
96581
97204
96172
96638
97573
94489
95260
93393
93499
92474
96251
98494
98495
92625
92918
92520
94687
94382
95349
95386
94085
97075
98489
92571
92545
93602
96362
93830
95684
96036
92428
93511
95068
96470
97590
97672
95718
96154
92790
94204
95632
94215
94997
94957
97818
96508
96770
93451
95305
95426
93963
97765
93529
94120
95656
95862
93170
93367
92732
95390
98219
93833
92639
95817
96066
94317
94400
96981
92492
93304
96050
93229
93241
95303
93525
93730
95311
95841
92851
93182
94457
92542
94899
94493
94504
93823
95325
96599
93330
96747
93726
95048
95626
96020
92540
92581
93106
94533
94908
93013
94159
92863
94151
94378
96617
96876
93210
93368
96049
97028
98450
94925
96495
94332
95031
96205
93959
94470
92945
95573
95198
97380
93533
95543
93344
93918
93719
96844
94119
96182
92832
95911
96258
96895
98408
92835
93307
93138
94202
93388
93171
93865
92629
93683
94994
97036
97344
97657
93353
93780
95966
96898
93045
95003
97307
97551
93168
94905
96009
96007
93518
95991
93292
95764
93122
93069
94205
93907
94946
97143
93735
96886
97231
97582
93668
93784
93943
97272
93524
93739
93146
94474
94575
93284
94651
94681
93709
98309
93287
95688
93066
93564
95548
95629
96228
96436
93800
94452
96529
92847
95140
94237
95706
96605
93909
94075
96230
92857
97108
92523
94718
92779
93930
92633
92778
98345
92868
96479
98455
92576
93020
96248
94030
96764
96803
92801
94029
95781
94832
96310
97009
93443
93680
94543
95953
92806
94654
94889
92552
95945
96696
96104
96243
94672
95305
92553
96788
97211
97447
92842
93761
97421
97449
95126
95501
96080
93768
93888
95934
96266
96653
97054
95768
97698
98223
94955
95419
96250
93357
93466
94235
94937
96561
93216
95866
93386
94092
95339
97084
97625
93646
93489
96907
93455
95034
93601
95334
93893
97487
93168
95711
97683
93744
93391
93026
93431
92881
92950
94844
93348
93500
94081
94599
97777
93893
95572
93213
97496
97545
93520
93668
94091
95779
97105
97294
98565
93108
93575
92624
95467
95255
96773
97552
94540
96992
97261
92842
93392
92831
92948
92793
94107
95488
97449
94604
96521
97062
97593
97816
92815
93278
93774
95627
96270
93728
95479
93784
93865
93887
96692
92831
92948
94084
94319
95355
95970
96487
96716
95031
95399
97431
93043
95282
95760
93895
94716
94847
94587
96980
98175
97734
93839
94452
94747
95838
96576
93648
94331
96731
96977
97377
97458
93251
93221
94792
95053
97670
92625
92918
92789
93218
93884
95237
96007
97253
93765
96518
96610
93353
94682
94741
93592
96797
92891
94117
98322
93704
97598
94201
92681
94577
95353
97031
97142
96349
97210
94718
94755
96658
94241
95262
94012
95218
93708
96411
92793
95460
93701
94999
93810
97866
98548
93371
93498
92804
93147
98271
94701
97338
97703
93444
94851
96836
92974
93696
98447
98654
93972
95794
97084
97573
98158
95782
95964
96603
93478
95377
95790
95946
93358
92972
93157
94293
93378
95203
93830
95130
97086
93207
94857
96512
92708
93643
94878
95081
96903
97093
95873
97502
92977
93326
95961
97408
95546
92817
93766
94474
93092
93572
95358
96002
96473
95303
93769
94812
96193
93620
93160
93817
93966
94374
96547
97126
96673
98176
93974
95037
96955
92805
94597
94339
96526
96447
96816
94818
93754
95151
92919
93000
93452
95263
93147
93589
93609
96965
98424
95883
92777
98129
98436
92791
94908
95517
95647
97286
98311
97400
97447
93197
93341
95187
96431
93588
94346
93833
93524
93826
92761
93218
95102
96811
97424
97485
93299
93812
92818
92921
96831
93106
94267
93161
93397
94413
94638
96502
94772
97501
92963
93147
94979
95505
92733
94140
97506
92929
97444
98208
93857
94874
97529
94385
95488
96314
97449
93594
94079
95588
92949
93153
94789
93374
94667
94919
95461
94782
95891
96310
93794
96380
93201
95167
95416
97309
93927
94287
94478
95180
96399
96466
93987
95626
96020
93591
94361
95925
96587
93200
93653
96821
92825
94645
92800
95180
93004
94122
94428
93863
94756
94633
93027
94360
95166
93911
94450
93966
94037
92745
92865
96819
92867
96805
93991
95402
95974
93210
94142
94847
97830
98542
94464
94599
93573
95413
93065
97605
93799
94700
93392
93423
94493
92798
93585
94007
92895
92964
96890
97440
92776
95232
92818
96425
96536
92887
94146
95861
96033
96908
93414
93818
95106
93630
94159
94083
94382
94375
94071
98331
92985
94079
94033
94656
95283
93980
96467
96912
94389
98435
94228
94851
97416
92898
93724
94490
95579
97176
97389
95477
93215
93989
94697
92867
96636
96930
92860
92962
93010
93137
97006
94745
95027
94172
95937
92839
95739
95343
94353
95925
93834
94678
94979
95779
94193
95353
95433
94008
93748
94199
97817
98546
93820
95338
97452
94959
95061
92822
93554
94541
93658
98271
93951
94271
96840
92871
94135
94688
93275
97555
93242
96441
96663
94473
95556
96454
96499
95630
96487
93578
93052
96786
95050
95782
93133
92965
94354
93867
95742
93722
96309
98396
93771
93448
93475
93903
93419
95092
93029
93795
94332
95777
93593
98259
94500
97891
97970
93032
93354
95822
96079
96717
92904
93231
95001
93512
94150
96014
96911
93005
93401
93172
95485
93582
94619
93119
95184
97766
98537
93613
94954
93775
94285
93024
94670
96593
94449
98577
93101
94546
95230
93356
93816
97231
97582
93276
94940
97045
97757
96388
96875
94607
93476
93949
94661
94388
93073
93821
95019
93835
95918
97730
94088
97617
92867
94816
96775
92872
93248
93346
96778
93713
93090
95790
95946
94596
95047
92969
95214
93480
94808
93726
94417
93302
94257
95054
94057
94074
98253
94568
96064
96086
93127
93207
95569
93036
93607
94835
93438
95529
94194
92989
93379
94948
93802
95022
95906
95976
94623
96658
93671
94636
94450
93063
94804
96308
93506
93631
97389
98168
96132
96463
94385
94562
93126
95101
95683
94452
95575
94311
94696
94705
96293
94657
94186
94461
93751
93898
98232
93365
95697
97472
94480
97617
93481
94791
94883
93055
94391
95863
93954
98245
96881
94750
95555
96070
96516
94409
95656
93811
95066
93132
93829
94087
94027
94346
94495
95633
94506
93052
96859
93748
94199
93186
93233
94486
94595
95633
95546
96000
96964
97251
93832
95572
95306
97378
94133
94197
97313
94069
93108
94837
95328
93953
94988
95010
95379
95830
93169
95677
97347
96731
96922
94947
96616
94129
94802
93198
93605
94698
94371
94454
96902
96280
96582
97433
93689
93854
95146
95432
96899
93618
93925
94329
95529
96680
96994
97121
95262
95617
94722
96046
97112
92979
93246
95267
95771
95735
97471
95304
95959
96606
93504
93932
96579
95428
93643
95341
93097
96739
97225
94178
94789
94544
95003
93373
97846
93897
95649
93261
93332
94144
95027
94325
95606
93357
95115
93651
97496
97545
93232
94174
94991
94301
93705
94082
93325
94316
94416
94217
95752
95837
96701
94264
95408
94786
94244
97760
98538
96364
96525
96549
94024
97798
93947
94759
94584
94260
93432
94672
93757
93975
95631
97607
93815
98341
96735
94485
94726
93132
94466
93464
93420
94190
94821
95999
96780
93829
94481
94889
95273
93875
96094
93425
94773
93263
93885
97072
95634
97251
97581
94724
95428
93731
95415
95649
94049
94281
93278
94552
94247
97255
93408
95349
93241
93935
95303
93432
96781
97012
94803
94191
93417
93674
93129
93410
94806
97442
98603
94877
95341
93685
93684
95534
96662
97884
97987
93667
95443
96259
93059
93222
94093
97776
95843
93084
94649
95057
98406
93109
94706
93208
96631
93232
93519
96292
93491
95298
94256
95118
93331
94021
94664
96279
96412
94013
95687
93886
93182
96625
98491
93406
94520
96373
94405
93612
95682
93102
96857
96290
97036
94967
94009
95883
94135
96119
94870
95315
98408
93361
95781
98230
93351
94172
95320
93091
94926
94817
95571
95095
97037
97309
96421
94241
95295
93888
96993
98470
96291
93716
93635
93790
94470
95045
95063
96819
97843
93673
95145
94950
95663
95459
96212
93820
98326
98649
94355
94418
93778
96501
93334
95469
96540
96592
97426
95016
95300
95866
95582
96901
94158
95001
94063
95492
95544
98041
95420
95635
94085
94700
93236
94130
93655
94835
94566
96567
98284
94672
95598
96405
94659
94857
96233
93479
93638
94710
97421
95863
95471
97258
97798
95641
94950
95663
96490
96693
96014
96911
93570
94675
97288
98294
95840
93321
96076
94246
97662
94400
95708
93461
93874
95935
93531
94724
96977
96996
97396
96699
97576
97676
98422
93377
95577
97077
97206
97841
93543
94522
93645
95162
95990
93485
94709
94898
93563
93633
95157
95940
93582
94619
96147
96635
97365
96629
96480
97097
94177
94374
97526
95309
96361
95225
95316
95648
93651
94605
93655
95129
96075
93237
94516
95270
93282
93442
93989
94593
98326
93171
94560
96104
96243
94665
94891
94277
93501
96135
93283
94932
95297
94155
93344
94059
96952
93727
93774
93305
96208
96814
93486
93739
95272
93478
95377
93358
95525
96305
98078
94261
95185
93514
95648
94141
94938
95234
98439
93303
93773
94421
93343
93413
96141
94491
95804
96323
94311
95242
96283
95236
95698
95547
93552
96577
96505
98183
94247
95020
93520
94560
94000
94692
94479
96484
94630
94495
95608
95943
95591
95830
96591
96601
94581
93947
95829
96689
93349
93985
95255
94762
94767
96690
96820
97254
94293
94200
95342
95778
93921
95335
96078
93732
93440
98348
94419
93423
93462
97102
97116
94618
94494
93560
95552
93459
93256
93419
97785
94785
95112
93573
94388
96083
93971
95805
94096
95951
96997
93316
93484
95381
93449
93961
95477
95373
95806
96609
94395
95283
93330
93616
94715
93884
93946
93463
95379
95830
93370
97772
97435
96228
97330
97475
94812
93387
93768
97135
96109
94183
94779
93550
96748
96751
98215
93350
94102
96896
93415
93697
96073
93507
94170
96246
94760
97331
93715
95433
93916
94866
93559
94406
96394
94555
93743
95780
97520
93437
96092
97929
94996
96593
95800
96697
95270
95214
93906
95588
94179
95234
98439
94688
94995
98447
98457
98655
93844
93488
94229
93635
93790
96316
93418
96942
94144
95371
94716
93925
93917
97096
97395
97089
98405
93619
93730
94136
93811
95066
94465
94910
93374
94586
93306
93522
95038
96213
95737
93417
93621
94399
97464
98251
95023
96603
95445
97088
98180
94106
95601
94017
95479
93442
96981
97382
94125
96356
96838
94860
98455
94297
94679
95847
94658
94507
94725
95114
96937
94234
94971
95166
93513
95357
94797
95815
96538
96940
93910
93797
93955
96892
97188
93335
95832
96929
93505
94558
94902
95663
94748
94983
96586
97036
94235
94112
95682
95223
93516
96957
93391
95413
94643
94018
95367
95842
95094
95773
93850
94538
95611
97576
98090
93622
94353
93579
98648
93504
95563
96166
94236
95598
97053
95961
93639
96122
93336
94713
95199
94060
94456
96296
93390
95494
96976
94225
94246
95331
94690
97151
93791
95309
94379
93803
94102
93546
93619
97586
98122
95267
95771
96569
94896
96546
98633
98637
96588
96793
97380
97107
97394
93697
95211
94978
94914
95191
98378
95052
95382
96888
94772
97501
93488
97834
93683
93724
94178
93619
94796
94535
95665
94180
98337
95022
95976
93848
94158
95282
93807
94234
95655
93419
97790
93516
93522
95697
96863
97407
94952
98307
94986
93771
93385
93473
94645
93708
96411
95467
95581
96631
96812
93678
94420
97802
94476
94692
94965
95128
94364
96016
93753
98383
96379
94361
95875
93686
94368
95799
93857
94334
95420
94581
94720
95426
93544
97290
93654
93745
95207
96046
94561
97225
97618
94039
95085
94702
98333
93674
94984
94811
97366
94928
95567
97292
93558
93835
96254
96861
98498
96834
95046
93454
96211
97385
93906
95588
94551
94972
93649
94977
96337
94868
94118
97326
94532
96119
95253
93766
94033
94507
94029
94992
93436
93568
95357
94913
93637
95473
96979
94174
94886
94626
97216
97482
96892
97226
95391
93685
93813
95106
97151
93578
94646
94174
94886
94597
93590
95225
95968
96923
95177
93694
95213
94850
95080
93490
93657
97102
94687
94490
94513
96308
94447
95445
94242
95382
95534
95951
96418
95968
96563
95360
96347
95287
95401
97124
94628
93877
94566
96615
94151
95375
93636
94698
95909
96919
93781
94871
95383
94631
95084
97371
93818
95793
94725
94972
94327
96071
95216
97044
98012
98336
94333
96191
94381
93581
93904
95048
94163
94984
94632
93871
95255
95172
95464
93663
94944
95547
93725
94935
98299
94394
94197
96544
96680
95056
96048
94338
95378
95893
93909
94610
95137
97183
95074
96086
96498
93644
94343
96325
96500
96554
94768
96131
94667
95136
95917
97025
97311
94745
94728
93656
93758
93539
94668
95641
94352
96585
93653
94879
94075
95410
96346
93983
93790
95055
95377
94863
95240
95186
96521
98318
95106
97151
93710
95730
95818
96180
98385
98632
93607
94143
95366
94756
94624
96600
96671
96538
97345
98376
93536
93801
95300
93633
94066
94885
95159
96513
94482
93910
94539
94867
94886
94072
94357
96294
93990
95188
94431
94721
94949
94342
94762
94883
95558
94808
95724
96384
96852
93743
94586
95162
95432
97751
96980
94212
96395
96610
94268
95274
98425
94533
94588
94610
94414
96669
96721
96166
96361
93918
96186
96159
96830
94967
95139
94842
96929
98222
93623
96329
96543
95184
95847
93758
93863
95054
93693
93723
98316
98632
93718
96708
94639
94010
94319
95483
96407
97466
94221
94200
95869
97002
97197
97499
94594
95578
94180
96468
93800
95610
94451
98425
93751
94734
93610
96575
96716
93880
93908
98273
94086
94200
95026
96135
96598
96365
96816
93978
98258
95254
96667
93649
93743
95082
95664
97505
98392
94073
94080
94567
96934
95358
96481
94054
95198
95766
97070
97300
93885
94885
98405
94493
95449
95053
95604
95503
95237
94525
96602
96873
94783
98368
98432
95059
95599
96618
96961
93859
94771
96978
93710
95890
93672
98315
94526
95927
94016
97786
96352
96814
93737
94378
96711
96829
97061
94430
95206
95388
96268
97176
97635
93638
96560
98354
96787
96920
98554
95111
97457
94873
97333
95130
95849
93953
94807
94904
95914
96953
93882
94822
94838
94956
93899
94729
94467
95977
97193
96922
97365
94890
96337
97618
93711
93898
95476
94574
93819
94313
98270
94113
93704
93773
94203
95965
94625
97042
98332
94985
94854
95566
97075
93681
93725
93795
93828
93920
97128
98135
97209
94136
94163
93781
94153
95811
96954
94253
95359
93727
96270
94310
94557
95954
94938
93905
96065
96670
96865
94975
94569
96473
95886
96574
97256
97407
97563
98472
94063
96342
97059
94279
97456
95926
96382
98333
93912
95497
98438
94250
94554
94137
94446
94625
94827
98656
93822
96735
98274
97724
97773
97816
96877
97445
94145
94263
96141
96075
95227
94696
94746
93758
98314
93877
95912
98308
93819
94853
96030
94777
96319
95458
96053
96379
93932
94301
96429
96483
97650
97661
96364
96525
93836
94134
93912
96657
93905
96039
97743
97324
97661
94422
95895
94028
95263
95480
96374
93945
95062
94810
96380
94651
95297
94041
95090
96791
97511
94182
95228
95854
94181
95800
96697
95565
96519
96851
95963
98473
94521
96435
96172
96531
97625
96629
98202
95148
95869
97002
94294
94078
94593
94775
95157
94028
94522
98325
94321
96314
97225
96307
97033
97452
94099
95662
95058
97463
97797
94031
95994
93936
94164
94929
97720
97782
97814
94821
97287
97521
95557
96946
97576
98093
94283
95700
95208
94430
95024
95273
96220
98119
96363
97178
97422
98594
97446
93924
94900
95710
94254
95515
97535
97250
98509
95012
96996
97396
95411
95423
94243
94925
96495
94220
93985
94956
94995
97221
94213
94021
94130
94204
95421
96029
96740
97009
94818
95417
95938
96535
95420
95533
96296
97083
97404
93874
95636
96315
94355
98340
93848
97678
97843
97877
97973
97976
98022
95359
93894
96879
97485
93948
95582
93927
94320
94436
94004
94196
98354
96463
94274
96396
93861
97839
94698
96309
94314
94580
94442
94763
96155
94062
96569
93982
95403
94085
94700
96918
97354
95245
96951
95706
96292
96402
95602
96765
94001
94482
97065
94661
97055
97601
98506
93904
95692
96964
97497
94053
98203
95578
96458
97450
97649
94646
94267
95137
98347
93992
94041
94901
95843
95904
98224
96568
98086
93946
94192
96202
96260
95335
96452
97059
94752
96122
95130
97086
94239
97323
96567
96353
95316
98483
94167
95735
96968
93973
94663
96049
98272
95108
95443
96972
98651
94731
95813
94563
96705
98065
94309
94719
95083
96068
94480
96170
97553
94226
93899
94527
95649
95627
96216
94930
95047
94755
96658
96911
97566
94101
95143
96553
97260
97547
96062
96556
93916
95142
96667
94224
95024
95670
96599
97635
98409
97847
96846
97215
98401
94004
96030
97220
97606
98116
94318
94872
94898
95250
93956
95854
94308
96485
94931
95846
93952
93973
94122
95082
96594
97903
97981
94497
98282
95028
96100
93976
94022
95324
94454
94779
96552
96533
96553
94598
96324
94105
98361
95566
94870
94066
94653
94740
95418
94323
95922
94224
96405
98244
94862
95006
94471
96071
96771
96905
94165
96943
94892
96683
97451
94087
94395
94552
94725
96508
96770
94022
94104
97329
97373
94769
98378
95015
97606
97649
95235
95684
97942
97956
94892
96419
95010
94721
96217
95325
94045
97571
98485
95049
96217
97326
98197
95158
95454
98365
94823
96341
97065
98584
94140
94338
96371
97173
94443
94571
94677
98394
94671
94953
94354
94690
94512
98441
94676
96514
98025
94739
96710
94432
94458
95575
95631
96578
95997
98193
94282
96457
95743
97386
94460
94746
96474
96915
94417
96735
96971
98640
94068
96205
96369
96716
94629
96613
97288
95191
96479
95080
97141
98585
94497
97879
98112
97767
97270
97692
97650
97661
94070
97127
97534
98484
94440
94828
95736
95235
95471
94345
98241
97337
97423
97518
95045
95092
97284
95333
98334
96942
94251
95756
94243
95074
94918
97599
98403
95465
97527
94819
94400
96201
94383
95540
94081
94182
97517
94104
96910
94685
96055
97939
97948
94317
94972
94366
94896
96827
95981
97420
97840
95691
95334
95100
95729
95952
97533
98077
96171
97083
95533
96742
94239
94691
95022
96948
97300
97688
95409
95940
94592
95116
97569
94973
95193
96958
98330
94209
96317
94095
95035
97020
94249
95804
96679
96899
97127
97184
94276
94083
94505
96963
95227
95746
96231
94862
98374
95960
97359
95424
94344
95781
95947
96966
95207
96363
98465
94605
95731
97457
94677
98291
98363
94966
95890
94890
95508
95575
97506
98128
94312
94333
95062
97045
96882
94865
95737
96834
94131
95848
96529
94433
95936
95088
96544
95704
97223
97265
94604
95820
96301
94922
95814
95117
95580
95954
96709
95306
97378
95232
95567
96647
96984
95280
96241
95707
94198
94550
95103
94307
95853
95785
97299
97455
94306
95488
94477
95238
97316
97393
94411
95605
95668
97244
97411
96198
97665
94528
94754
96112
98410
97257
97627
97691
94422
95224
98647
95739
94322
95238
96353
95813
97052
94568
94925
98260
96128
96099
98363
94551
95748
96727
98411
94591
95616
94205
94421
95376
97547
94600
95366
94425
94436
94731
97561
95196
97193
97404
97531
98548
95305
96124
97144
96168
96681
97594
97517
98433
95507
95899
94515
95051
95848
95548
95629
95331
97182
97281
96936
97441
94410
96349
97210
94459
96025
94398
96248
95975
94876
98303
94418
95493
96055
94481
96907
95484
95766
95851
94331
95460
95910
95299
96999
98214
95172
94536
95353
95595
98397
95560
96078
97146
96608
96702
95408
96236
95501
94231
96117
98280
98603
94724
95601
96785
94902
95663
95460
94233
96769
96959
94982
96677
95617
94800
97820
98557
96836
96856
94394
97168
94761
95416
96298
94291
94426
98478
94968
96513
96696
94695
96483
94791
95307
95796
96283
96436
96643
96698
94305
94262
95008
96178
98511
96430
97252
97646
96198
96416
95686
96381
95146
95990
97537
97068
97617
95013
95986
97296
97320
97483
94817
96196
94690
94998
97151
95948
96495
96576
97915
97923
98011
98503
95339
94291
95654
96117
97784
96159
98496
97246
97308
98569
96039
94924
97134
97523
97528
95591
95830
94996
96593
94464
94949
95851
94762
94783
97937
97962
95674
95969
96881
94539
95220
96355
95537
96757
95577
94402
97093
97471
96094
94922
95632
97088
96293
97101
98289
95592
98351
94624
96834
94989
97025
97943
97950
95787
98261
95762
96653
97403
98434
96353
94394
96787
96874
97323
97346
95121
95605
94487
94800
95812
96999
97329
94929
97302
95186
95599
96058
94596
96001
94341
98310
96024
96684
94750
94496
95124
95419
95516
97162
94684
95676
95995
96570
95505
96066
96254
95603
96173
96412
94582
95972
94801
95029
95380
96464
97608
95288
98321
95206
96285
98131
95094
96022
97048
95167
95779
96578
96823
96681
96737
96253
97175
97328
96872
97592
95856
97480
98445
94541
94720
95195
95660
97332
98397
97475
97692
94841
95372
95746
95432
95788
97819
94620
96562
97358
94507
96981
97382
95120
96616
94846
95461
95928
96133
95635
97118
97836
97590
97478
97665
97606
97649
95545
94955
95105
94755
95741
94858
96839
97319
95030
94765
96933
98357
95296
95473
97213
97297
96741
97303
98591
97057
96072
96221
97477
95856
97480
95200
97526
95082
96594
95278
96870
98382
96504
96555
94971
96241
96919
94439
94449
97541
98571
94436
96820
97671
95728
96554
95411
95423
95210
97609
94566
95873
96558
94562
96560
96124
96270
96720
95456
97416
95252
96115
94897
98146
98305
98463
95592
96788
98220
95245
96933
98129
94556
95158
95881
96974
95865
97584
96581
97278
97435
94564
98505
98570
96771
96966
96041
97279
98461
94863
97182
97436
96525
96549
95296
95859
95086
97081
97234
97327
97367
98074
94457
98515
94541
94828
95759
96404
97804
95495
96156
94564
98514
96933
95950
97344
95345
96941
97643
98057
97342
97391
96975
97055
95505
96186
95419
95950
94876
95117
95004
97028
94818
95417
96597
98476
95965
96963
94615
94479
94827
97487
97043
97115
95621
98385
98458
94958
96621
98321
94634
94980
96377
96946
94767
98369
95020
94955
95673
96188
98281
96193
94640
95456
97416
95655
96038
96518
95975
95161
96463
95449
95519
97775
95035
96731
95070
95086
97608
98441
95635
96350
97836
95199
95271
96940
97056
97153
94826
94861
95319
97132
97124
97167
97706
96162
96456
94757
96279
95982
98324
95919
94779
95507
96404
94549
98340
96559
97360
94546
94650
95159
95193
96338
97511
96668
97180
97282
96001
94586
96552
97001
96167
97177
97216
97482
97065
96300
97516
94809
95683
95356
95715
94754
95703
94728
94833
95397
96093
96453
96503
95131
97617
95936
96116
96424
94840
95277
96438
95111
96314
96590
98016
96904
97263
95293
96732
94818
96881
95042
98393
96470
96870
97477
97603
96161
96862
97531
96162
96456
97302
96191
94617
96126
96691
95350
94834
95075
94798
95315
96947
97667
98050
98452
95114
96937
98327
95915
96943
95614
96677
96510
98102
98132
96585
94664
96040
95544
97074
97520
94686
96157
95586
98341
95431
95745
98343
95877
96783
96597
94971
95506
96176
96016
95202
97503
98064
94648
95302
96547
97081
96000
95909
96919
97022
97272
96457
97017
97209
96147
97365
97351
97809
96641
97176
95067
96922
96932
95042
96589
96901
98451
94981
95896
96729
96410
96203
96704
96419
95087
95602
96901
97226
96103
96106
96336
94719
94799
95820
94674
94680
97648
97653
96109
96998
97799
95095
94683
97659
97947
97208
97279
96004
96522
97339
95807
96390
94701
94701
96287
97469
96274
96596
95103
95369
98282
96278
94824
95079
95294
96584
95348
96364
98166
97341
98332
96413
97087
97141
97687
98155
96782
94812
94848
96192
96238
98301
96409
96893
95525
96661
95783
95868
96900
97569
96316
97245
97450
95518
97750
97869
98417
95000
96057
94731
95162
96478
94732
95855
97338
95857
97341
95065
95307
95009
95570
97094
95658
96121
96500
96745
97242
95155
96006
96274
96128
95328
95735
97471
94882
96880
94934
95922
95000
96903
94851
97416
94881
95044
96249
96889
97431
94805
97917
97983
94810
96380
95141
95234
96003
97355
97233
97364
94909
95569
95613
95887
95068
95652
96762
96984
98379
94884
95463
97920
97966
96655
96813
97078
95080
97141
94964
95690
97157
97565
95908
97293
97548
97362
98267
94897
95378
95461
96298
97737
97806
97841
95900
96496
97390
96120
97513
98421
96123
96446
96670
96492
97712
98479
95728
94934
95764
96301
96477
95096
95345
95889
96533
98346
95096
95426
97211
97447
97441
96587
96263
97867
98372
97308
97361
95475
95389
95473
96025
95279
95463
97971
94987
96462
97944
97949
97971
94969
98146
95493
96450
96181
95337
97669
98012
95853
95279
94960
96077
95322
95903
95435
95472
96156
96820
94864
97624
97844
96564
94924
94894
96116
97505
95441
97117
95540
95176
96145
94942
98323
95231
97771
98460
96102
96210
96979
97232
96818
97259
96727
98411
98302
97222
97285
97543
95292
97843
97877
96446
95885
97205
97345
95902
97652
98099
96818
97259
96402
97082
95518
98361
97270
97692
97683
98542
95443
96259
95049
95184
95713
96328
96577
96607
95187
95816
97010
95673
96042
97253
98181
97070
97381
97622
96509
96973
97587
95723
95807
96255
97729
98460
96686
96908
97710
95178
96131
95207
97145
95678
96579
95755
97424
95481
95325
96599
95344
96080
95067
95091
95695
97528
95752
97173
95154
96345
95365
97418
94964
96490
96433
96451
97032
96370
98306
95144
97791
96409
96893
96072
95002
96668
96867
97154
97227
95563
96579
97572
95713
96278
96991
97009
97101
96563
96676
95064
96096
96167
96167
97177
95992
95260
96342
95658
95969
96961
97080
95189
97232
98437
95919
96265
95017
97243
95952
95024
95670
95314
95008
95019
96223
96247
95044
96249
98220
95084
96554
96940
95798
96329
96497
95791
96867
98411
96945
97106
95063
95422
96383
96534
95625
95767
96085
98343
95064
95342
95451
95259
95037
96630
95594
95429
95918
96066
96254
95076
95897
96054
95586
97938
97941
96970
95063
97161
95143
95344
97005
97280
96160
98405
96649
96660
96985
98453
95467
95608
96805
97353
96762
95393
97580
95809
96534
96860
96957
97389
98168
95089
96875
97317
95410
96191
97377
97103
97437
98545
95628
97273
98654
95733
95926
95887
96634
98138
96851
97336
96904
97263
96561
96927
95351
95772
96256
95168
96613
95845
98218
96452
97003
96144
96974
95293
96289
95365
95769
97177
97367
96049
97028
95532
95702
96180
98438
96900
96265
95885
96461
95125
96655
98612
95147
97979
98001
95393
96652
97197
95915
96526
98351
95370
96889
97054
95269
95351
96743
97166
96398
97577
95910
96143
95162
95672
98012
98615
97233
97364
95485
98496
95321
97322
95435
96808
95267
96420
96208
96450
96088
96351
98099
95642
96125
97679
95405
97486
96633
98427
96350
97602
95773
96194
96277
96018
96426
96557
96393
97498
97512
98481
95518
97869
96197
98310
97314
97321
96012
96534
97199
96060
95337
97965
98001
95339
97170
97032
98557
97725
97958
97987
96894
97004
97908
98211
96503
96316
96232
96815
97519
98153
97529
96266
96761
95659
95338
96111
96501
97325
96313
96480
97097
96179
97567
95317
98615
96109
95796
96389
96197
96537
95896
95895
95299
97240
98211
96782
97296
97483
96036
96349
98087
96725
97321
96292
96366
96635
95795
96891
98210
95949
96648
97530
97187
97501
97680
95818
96176
97605
95327
96763
97153
96681
96709
97162
97431
97060
97183
96555
96756
97314
95927
96749
98341
96879
97485
98222
97559
97663
97690
95772
96538
95623
96957
96237
96494
97448
96793
96646
96386
97434
97685
95960
96033
96162
95346
97544
98636
98320
97434
97685
95958
96796
95979
96011
96110
95898
96084
95513
95589
98159
95723
96226
96676
95705
96285
95513
98407
96935
97041
98612
97047
95345
95832
97383
95828
97129
96909
98484
98485
97046
96115
95514
96368
97230
96822
95650
95417
95801
96807
95751
97166
97183
97979
96703
97231
97290
97353
96882
95362
95401
98153
95452
97488
98150
98359
96651
96817
97677
95484
97002
95827
96909
97519
97874
95689
96595
95960
97359
97261
97548
97591
97651
98058
97307
97551
95819
95850
96911
97566
98238
95803
97297
98502
95401
96183
97571
96137
96090
97417
95725
96491
96321
95615
95753
97293
97376
95528
96334
96623
96067
98334
96132
98446
96151
96813
97069
97214
95709
97479
97632
98540
97450
97510
97649
96872
97317
96342
97059
96213
95829
96689
95530
96084
96934
96739
97225
98223
95735
96587
95755
97342
97634
97516
97549
96383
96842
97592
96732
97267
96744
98442
96356
96524
97704
96309
96416
97298
95508
95491
95564
98633
96506
96131
95872
97391
96414
96884
97171
95659
96387
96810
97457
95980
97671
96359
98432
96196
95643
96613
95705
98275
96684
98339
96041
95712
96099
96499
95504
95526
97473
97492
96196
97137
98190
96619
97461
95576
95702
98226
95771
96695
97123
97379
98268
96573
95621
98448
98457
95992
96051
95971
95786
96989
97026
96998
95852
95606
98398
98360
96309
96397
96821
96244
96360
97333
96996
97229
97303
95576
98400
98600
95808
95727
98342
96626
97487
96314
97723
96944
96753
97146
97369
95553
95995
96224
97302
97458
98157
98158
95712
95624
95585
97210
98227
95638
96031
95966
96871
96605
95811
97085
96746
96742
97254
97800
98386
98601
97502
97550
97326
95805
96425
96505
97076
97424
97485
96348
96690
96749
97477
97587
97603
96621
96330
97169
96111
96332
96748
95665
96687
97260
98468
96475
96748
98215
96288
96892
97188
96291
96240
97143
97486
95738
96699
96744
95955
98400
97099
97623
96860
97525
96082
96262
97435
96448
97535
98189
95694
96873
97082
96391
97442
97455
97467
98304
97774
97832
96374
95708
97018
96550
96763
96249
97805
98511
95969
97227
97258
96029
97161
95765
96088
97500
98391
96267
96430
96865
96880
96363
96941
97178
95728
96370
95719
97645
97669
95889
95920
96032
96095
96708
97619
97738
96051
96642
96422
96713
96969
97472
96009
96619
96339
97497
98104
96625
98515
96326
97011
97527
96152
98640
98385
98400
97708
97826
97838
97238
98371
97462
96096
95788
95981
96236
97214
97219
96832
97340
96013
97910
98492
95810
95864
96730
97946
95726
96600
98348
97523
96913
95965
96963
97605
96810
97335
95762
96707
97322
97383
96108
96284
97613
95894
96251
96084
98465
97235
97312
96439
96691
96304
96662
98474
97158
97392
96371
97018
96376
96811
98366
96754
98297
97536
96902
96882
96096
96167
96603
96322
97730
96188
97874
96668
97212
95836
96995
97910
97959
97353
98462
96041
98462
97583
95977
95795
97469
98017
97442
96530
98237
96067
96806
97840
96848
96080
96149
97174
96916
97443
96201
97166
97183
97632
98366
96420
96685
96476
96606
96200
96640
97054
96268
96733
97916
96012
97949
97992
98013
96910
97357
97783
96238
97328
98376
98083
95918
96400
97022
98453
96642
96724
97517
96644
96712
96145
97700
98503
96752
96134
98444
95913
96295
98109
96493
98575
98644
97276
96785
96571
97137
96595
95864
95880
97936
96122
96802
95857
97174
96199
97190
96275
98369
96652
96868
96916
98017
96344
97163
97061
97268
97305
96467
98374
96074
97354
97378
96192
96204
97356
97373
97534
96654
97668
97808
96730
97868
97659
97831
97936
96256
96211
96103
98303
98420
95965
96860
96724
98495
96286
96418
97215
98402
96449
96631
97136
98036
96986
97405
96342
96729
96222
96573
97462
96845
96567
97788
96929
96322
97003
96924
97185
97672
95939
96004
97546
97975
97081
96543
96404
96213
96629
98648
96890
97148
97336
96956
96993
96181
96446
98025
98504
98505
96774
96950
96121
96139
96994
97534
97306
96218
97262
97385
98466
96747
96456
97001
96004
96026
97914
96676
97263
97394
98178
96253
97145
97622
96166
96303
97525
98199
98480
96105
98361
96810
97335
96089
97569
97560
98042
98161
98278
96189
98092
96435
97120
97480
98625
97264
96667
96450
96723
96979
98437
96396
96894
97360
96385
96789
97276
96825
98402
96647
97722
97854
97870
97637
96625
97759
98493
96330
98413
97379
96083
96978
97829
97914
97959
97668
96641
97176
96620
97143
97486
97855
97975
97126
97499
96596
97005
97139
96930
97101
96391
96570
96476
96606
98355
96399
96466
96394
96271
96306
96401
97430
96467
96912
97131
96111
96926
96777
96883
98317
96057
97093
97471
96903
96955
96975
96327
97610
98184
96524
96656
97034
97432
96732
97762
96951
97097
97465
98335
97237
98588
96077
97655
96726
98207
97477
96807
96177
97562
96628
96835
98121
96512
96286
96363
98465
96939
97600
96440
97198
97510
97420
97768
98151
96759
97347
96140
97096
97395
98362
96745
98370
97055
96354
97540
96422
96713
96758
97427
97073
97339
97843
98409
96184
97433
98313
96737
96178
97324
96287
97703
97862
97732
97794
97823
96471
96527
97699
97807
97865
98445
96945
97463
98443
96866
97580
96238
96278
97600
96681
97470
97505
98300
97524
98502
96839
96372
97593
96660
97438
97988
96655
97044
97979
96971
97299
97439
96844
97063
98166
96637
98497
98388
98451
97873
98548
96224
97428
96403
97156
98040
98054
96413
96428
96264
97147
97162
98398
96566
97207
97495
96888
98437
96622
97154
97348
98479
96967
96333
96997
97385
96223
98510
97556
98399
98316
96370
98485
96572
97262
96254
97879
97198
98085
98370
97298
97294
97443
98173
96992
96345
96461
96758
96988
97158
96784
96867
98412
96264
96665
97114
97191
96389
97822
97412
97179
97399
97510
96553
97758
96887
98489
97526
96833
97117
96871
97030
97572
97247
96928
97566
96465
97864
98372
97032
97232
97350
96249
97805
97877
96971
98088
98489
98473
96272
96312
97575
97109
97163
97334
96276
97428
97522
96665
96692
96312
96511
96361
96972
97279
96511
97729
98512
97090
97514
98055
98205
98368
97323
97657
97010
98085
97628
96373
97058
97327
97474
96426
98607
96758
97250
98466
97659
97570
96418
97374
96586
97301
97585
98108
97488
97713
96682
96545
97249
98191
96306
96902
97884
96664
97111
97525
97680
98133
98419
96375
97356
98134
96415
97050
96632
97556
97585
96444
96809
96899
97192
97281
97330
96766
97259
97632
96334
96751
96461
96717
97429
97027
96990
97637
97597
96464
97234
96627
96836
96974
96537
97020
96885
96482
97628
96776
97246
97308
96741
98431
96447
96951
96541
97000
97224
97029
97363
96701
96989
98182
96752
96872
97181
98186
97352
96645
97372
96837
97685
97752
98038
96548
98113
97926
97599
98395
96546
96659
98381
97035
98582
96580
97527
98227
97867
98147
98373
96714
96756
98444
97646
97134
97171
96714
96777
98329
96831
96620
96665
96692
96844
97170
96640
96728
97612
96953
96862
97587
96718
97243
97283
98643
96982
97268
96693
96694
97017
96471
96527
97313
96487
97963
97982
98538
98557
97038
98053
98439
96646
96750
96497
97627
96484
97859
98647
98648
96833
97109
97185
96828
97023
97386
98279
96769
97255
97241
98094
97070
97300
96541
97221
97660
97524
97584
96859
97523
97860
97532
96611
97429
97215
97370
96948
96872
96939
98440
97129
96725
98499
97106
97266
97809
97603
97238
98106
97795
97741
97339
97678
97904
97235
98081
97229
97468
96695
97073
97540
96530
97896
98490
98350
98491
98493
96622
97756
96786
96812
98371
96848
97588
97513
96650
97283
97638
97749
97967
97980
97140
97558
97118
97770
97025
97530
96579
96792
97572
98156
97375
97432
98196
98283
97324
97207
97015
97071
96633
97217
98626
97626
98358
96614
96936
97441
97184
98155
97347
98086
97135
96924
96970
98329
96705
97801
97900
98477
98349
96625
97759
98514
97460
97580
98578
96619
96924
97672
96801
97746
97757
97194
98105
98117
98415
98221
96863
97011
97068
96856
97271
97779
98428
97379
98043
96740
96778
96724
96830
97402
98499
97403
96830
97035
96780
97491
98486
97150
98082
97150
98606
98433
97041
97078
98438
96931
97034
97069
97453
98120
97640
98045
97303
96715
98119
97456
98173
96902
97654
97884
96712
97824
97861
96712
97679
97774
96733
96824
97172
97430
98196
98338
97646
98434
97352
98580
97210
96727
96857
96809
96697
97370
96801
97066
96744
96766
97014
97204
97111
96781
96914
97083
97404
97794
97023
97992
96799
96800
97859
97864
97505
97077
96755
97392
97400
97075
97872
96811
97384
98296
96944
97060
98035
97099
97880
98431
97048
97495
97619
97410
97560
97695
97392
97400
98142
97735
96843
96826
97308
97848
96814
98328
97889
97266
97103
97437
97882
97168
98401
97460
98072
97177
97367
97409
97542
98507
97619
96870
97122
97350
97791
97031
97142
96832
97867
97890
96832
97669
97029
97321
97161
97465
96877
96843
97136
96931
97123
97155
98109
97073
97598
96920
97202
97807
96950
98635
96915
97666
98068
97815
97343
98468
97277
97644
96901
97024
97226
97199
97223
98421
96874
97296
97406
97502
97550
97419
97421
97449
98035
97268
97567
98602
97236
97524
97351
97878
97825
97275
97063
97203
96973
97175
97258
97712
97551
97598
98165
97595
97126
98507
96897
97185
96898
97057
97220
97107
97601
98227
97398
97660
97835
97105
97294
96958
97196
98097
98608
97333
96922
97365
97544
98485
97071
97499
98212
97549
97643
97243
98402
97149
97934
98005
97112
97563
97112
98066
97161
97078
98316
96963
97269
97432
97663
98574
97761
97562
98451
97627
96983
96995
98159
98214
97083
97885
97148
97249
97763
97368
97536
97603
97664
97479
98367
97475
97692
97803
98488
97849
97557
97940
97579
97538
97666
97004
97291
98211
97164
97596
98454
97197
97250
97591
97004
97546
98149
97881
98139
97026
97562
97684
97240
98031
97248
98161
97464
97026
97289
98287
97062
97095
97539
97423
98064
97611
98068
97017
97491
98576
97754
97304
97686
98630
97349
97612
98452
97494
98217
97481
98609
97041
97078
97059
97574
98363
98394
97401
98598
97044
97069
97427
97837
97056
98441
97612
97694
97819
97348
97158
97165
97392
97744
97577
97901
97074
98073
97158
97157
97589
97316
97418
97852
97874
98052
97399
97487
97089
97318
98482
97361
98041
97116
97095
97498
97508
97559
98501
97384
98388
98204
97337
98423
97110
97155
97828
98430
97125
97113
97155
98153
98636
98469
98471
97199
97149
97792
98182
98467
97167
98429
97124
97167
97159
97128
97755
97875
97155
97709
98636
97614
97670
97128
98134
98636
97206
98419
97719
97235
97312
97178
97584
97673
97927
98412
98469
98652
97152
97169
97209
97871
97374
98397
98210
97220
97577
97651
97675
97305
97191
97591
98142
97850
98414
97390
97905
98472
98057
97212
98053
97462
97478
97665
97688
98103
97228
97278
98653
98656
97294
97906
98101
97387
98213
97453
98618
97260
97547
97397
97675
98509
97774
97824
98376
97596
97750
97531
97579
97812
97296
97687
97264
97620
97273
97666
98069
97592
97230
97273
97507
98654
97608
97554
98044
97434
98049
97291
98144
98619
97516
97549
97257
97793
97614
97656
97909
97403
98434
97362
97330
97450
97845
97282
97736
97883
97332
98067
97684
97767
97349
97285
97287
97398
97525
98048
97699
97752
97285
97596
97595
97292
97310
98031
97320
97370
97393
97665
97413
98429
97332
97432
98059
97317
97356
97373
98023
97530
97515
98387
98500
97738
97744
97355
97494
97586
98377
97357
98023
97407
97504
98424
97482
97914
97645
97890
97469
98147
98391
97368
98062
98396
98087
98147
97561
97727
97740
98072
97483
98484
97537
97540
97441
98395
97518
97434
97585
98601
97691
98096
97613
97628
98459
97601
97633
98610
97459
97604
98498
97579
98123
98074
98449
97439
97455
97780
97818
97857
98597
98150
97583
98595
97799
98195
98656
97504
97595
98149
98576
97467
97813
97778
97469
97459
98038
98054
97476
98080
98593
98172
97658
97597
97514
98076
97654
98052
97778
98463
97500
97594
97490
98457
98657
98216
98589
98366
97572
98152
97679
97870
97813
98269
98464
97770
98386
98458
98045
98487
97538
98448
97532
97638
97673
97620
98482
98614
97610
98204
97662
97538
98447
98655
97554
98573
98066
98480
98483
97564
98137
98622
98190
98657
97637
97546
98148
98505
98506
97639
97687
97568
98481
97567
97873
98403
97616
98573
98160
97783
98473
97696
98039
98055
98399
98225
97975
98571
97625
97764
97578
97624
98512
98373
98513
97701
98125
97734
97740
97593
97611
97708
98067
98404
97628
97726
97836
98126
98629
97639
97751
98034
97658
97827
97871
97723
98460
97736
97746
97809
97667
97695
98390
97786
97799
97837
97787
97727
97818
97857
98069
97797
97912
98459
98479
97685
97748
97965
98001
97811
97745
97808
97851
97945
97998
98616
97686
97696
97659
97831
97862
97797
97779
97786
98278
98145
97701
98621
97745
97784
97965
98604
97819
97840
98009
98040
98508
98004
97703
97874
97879
98008
97836
97875
98006
97714
97842
97799
98036
98063
97869
97871
98007
98389
98501
97797
97884
98030
97887
98009
98042
98450
97935
97939
98193
97711
97811
97739
97869
98011
97798
97845
98032
97861
97804
97851
97887
97920
98203
97709
98429
97879
97925
98111
97810
98430
97730
97760
97860
97716
97875
97717
97798
98022
97922
98006
97719
97766
97842
97919
97943
97763
98534
97728
97873
98403
98516
97851
98526
97981
97907
98006
97744
97765
97775
97771
97839
97898
97917
97934
98540
97735
97743
97746
98516
97757
98531
97857
97748
97796
98416
97809
97755
98522
97933
97967
97802
98517
97783
97922
97942
98415
97787
98520
97871
97819
97929
97963
97758
98526
98534
97917
97984
98528
97801
97811
98539
97762
97810
98518
97766
97903
97989
97769
98536
97786
97840
97853
97777
97866
97875
97844
97944
97776
97788
97796
98527
98558
98155
98404
97790
97885
98305
97837
97813
98430
97803
98393
98524
98535
98552
97812
97790
97850
98540
98416
97810
97838
98518
98555
97818
97934
97996
97911
98000
98560
98372
98513
97865
97907
97937
98492
97846
98531
97808
97822
98530
98567
98554
97828
98553
97817
97825
98559
97830
98547
97835
97839
98556
97903
97911
97921
98510
98541
98561
97832
97830
98545
97935
98007
97877
98004
98543
97998
97862
97864
97867
98372
98373
97846
97901
97847
98544
97847
98566
98543
98029
98512
97860
98563
97889
98569
97856
98533
98554
97919
98008
97929
98009
98517
98563
97904
98024
98560
98652
97892
97899
98009
97890
97965
97924
97862
97897
97902
98006
98555
97885
98549
97932
98027
98562
97938
98010
98549
97881
98471
98545
97882
98553
97948
98021
97891
98550
97950
98014
97895
97935
97939
97892
97894
97919
97943
98566
98028
98544
97920
97894
97933
97967
98008
97923
98007
97910
98492
98493
97907
97937
97984
97995
97996
97929
97963
98490
98491
98562
97922
97942
97985
97914
98004
97906
98559
98565
97959
97970
97980
97997
97988
98030
97956
97960
97962
97941
97956
98546
97955
97961
97966
97982
97952
97989
97993
98000
97941
97978
98032
97933
98008
97962
98537
97982
98026
97986
97988
97938
97948
97954
97950
97953
97980
97936
97945
97998
97991
97947
97964
97977
97999
97966
98003
97977
97974
97994
98029
97947
98015
97949
98213
98017
97999
97994
97969
97973
98032
97966
97990
97970
98014
98010
98019
98021
97983
97991
97974
97958
97972
98030
97981
98159
98537
98546
98003
98020
98026
97964
97990
97974
98002
97978
98005
97978
98005
98028
97992
97986
97988
97983
98504
97983
97999
98012
98002
97985
97990
98528
97997
97997
98030
98524
98005
98027
98525
98568
98002
98529
98564
98565
98569
98522
98011
98520
98015
98027
98018
98519
98017
98514
98639
98518
98521
98532
98523
98551
98533
98032
98031
98025
98504
98550
98519
98214
98050
98624
98053
98380
98608
98609
98066
98075
98450
98380
98076
98620
98137
98572
98576
98089
98160
98071
98107
98621
98124
98216
98587
98583
98617
98063
98104
98114
98143
98616
98078
98590
98283
98586
98596
98598
98599
98631
98126
98613
98069
98628
98579
98074
98076
98075
98076
98627
98079
98080
98081
98081
98083
98084
98085
98085
98087
98089
98091
98093
98092
98093
98095
98096
98097
98618
98097
98099
98279
98101
98102
98106
98103
98103
98105
98107
98106
98107
98109
98111
98113
98112
98113
98115
98117
98116
98117
98119
98120
98121
98121
98123
98125
98124
98125
98217
98127
98129
98131
98133
98132
98133
98135
98183
98137
98139
98138
98139
98141
98634
98638
98143
98145
98144
98145
98464
98149
98577
98151
98167
98154
98157
98158
98211
98161
98163
98165
98164
98165
98167
98169
98171
98170
98171
98173
98175
98176
98177
98177
98179
98181
98180
98181
98183
98628
98186
98188
98187
98188
98190
98192
98194
98193
98194
98196
98198
98200
98199
98200
98203
98645
98203
98646
98205
98631
98207
98209
98208
98209
98212
98213
98217
98219
98221
98223
98225
98385
98386
98632
98229
98231
98233
98235
98237
98487
98491
98239
98241
98242
98243
98243
98245
98247
98248
98249
98249
98251
98253
98255
98257
98259
98261
98263
98265
98267
98268
98269
98269
98271
98273
98275
98277
98623
98478
98510
98282
98284
98286
98287
98288
98288
98478
98511
98291
98362
98293
98295
98297
98299
98301
98303
98463
98603
98307
98309
98311
98313
98635
98638
98315
98438
98319
98321
98323
98325
98327
98650
98329
98331
98333
98335
98456
98337
98339
98341
98343
98345
98347
98349
98351
98353
98355
98357
98359
98467
98361
98363
98365
98367
98369
98371
98375
98377
98379
98381
98610
98608
98383
98384
98650
98649
98388
98389
98390
98392
98394
98396
98398
98402
98404
98406
98408
98410
98412
98414
98416
98418
98420
98422
98424
98426
98428
98430
98432
98434
98436
98440
98442
98444
98446
98448
98450
98452
98454
98461
98456
98458
98460
98462
98464
98466
98468
98651
98471
98651
98473
98475
98476
98477
98477
98481
98483
98500
98487
98489
98492
98496
98497
98497
98499
98501
98503
98570
98507
98509
98511
98513
98515
98517
98519
98521
98541
98523
98535
98525
98530
98527
98529
98529
98531
98533
98561
98535
98537
98547
98539
98556
98541
98543
98545
98547
98549
98551
98552
98553
98555
98557
98559
98564
98561
98563
98565
98567
98568
98569
98571
98639
98573
98575
98574
98575
98577
98579
98581
98580
98581
98583
98585
98584
98585
98587
98588
98589
98589
98591
98593
98592
98593
98595
98597
98596
98597
98599
98602
98602
98605
98607
98606
98607
98611
98611
98613
98615
98614
98615
98617
98619
98618
98619
98621
98623
98622
98623
98625
98627
98626
98627
98629
98630
98631
98631
98634
98638
98637
98638
98642
98642
98643
98644
98644
98646
98647
98648
98650
98652
98655
98656
98657
)


// ************************************************************************* //
