ISO-10303-21;
HEADER;
FILE_DESCRIPTION(('Open CASCADE Model'),'2;1');
FILE_NAME('Open CASCADE Shape Model','2026-01-27T23:30:31',('Author'),(
    'Open CASCADE'),'Open CASCADE STEP processor 7.8','Open CASCADE 7.8'
  ,'Unknown');
FILE_SCHEMA(('AUTOMOTIVE_DESIGN { 1 0 10303 214 1 1 1 1 }'));
ENDSEC;
DATA;
#1 = APPLICATION_PROTOCOL_DEFINITION('international standard',
  'automotive_design',2000,#2);
#2 = APPLICATION_CONTEXT(
  'core data for automotive mechanical design processes');
#3 = SHAPE_DEFINITION_REPRESENTATION(#4,#10);
#4 = PRODUCT_DEFINITION_SHAPE('','',#5);
#5 = PRODUCT_DEFINITION('design','',#6,#9);
#6 = PRODUCT_DEFINITION_FORMATION('','',#7);
#7 = PRODUCT('1466c452-fc02-11f0-bac0-bac16f87c4aa',
  '1466c452-fc02-11f0-bac0-bac16f87c4aa','',(#8));
#8 = PRODUCT_CONTEXT('',#2,'mechanical');
#9 = PRODUCT_DEFINITION_CONTEXT('part definition',#2,'design');
#10 = SHAPE_REPRESENTATION('',(#11,#15,#19),#23);
#11 = AXIS2_PLACEMENT_3D('',#12,#13,#14);
#12 = CARTESIAN_POINT('',(0.,0.,0.));
#13 = DIRECTION('',(0.,0.,1.));
#14 = DIRECTION('',(1.,0.,-0.));
#15 = AXIS2_PLACEMENT_3D('',#16,#17,#18);
#16 = CARTESIAN_POINT('',(0.,0.,0.));
#17 = DIRECTION('',(0.,0.,1.));
#18 = DIRECTION('',(1.,0.,-0.));
#19 = AXIS2_PLACEMENT_3D('',#20,#21,#22);
#20 = CARTESIAN_POINT('',(0.,0.,0.));
#21 = DIRECTION('',(0.,0.,1.));
#22 = DIRECTION('',(1.,0.,-0.));
#23 = ( GEOMETRIC_REPRESENTATION_CONTEXT(3) 
GLOBAL_UNCERTAINTY_ASSIGNED_CONTEXT((#27)) GLOBAL_UNIT_ASSIGNED_CONTEXT(
(#24,#25,#26)) REPRESENTATION_CONTEXT('Context #1',
  '3D Context with UNIT and UNCERTAINTY') );
#24 = ( LENGTH_UNIT() NAMED_UNIT(*) SI_UNIT(.MILLI.,.METRE.) );
#25 = ( NAMED_UNIT(*) PLANE_ANGLE_UNIT() SI_UNIT($,.RADIAN.) );
#26 = ( NAMED_UNIT(*) SI_UNIT($,.STERADIAN.) SOLID_ANGLE_UNIT() );
#27 = UNCERTAINTY_MEASURE_WITH_UNIT(LENGTH_MEASURE(1.E-07),#24,
  'distance_accuracy_value','confusion accuracy');
#28 = PRODUCT_RELATED_PRODUCT_CATEGORY('part',$,(#7));
#29 = SHAPE_DEFINITION_REPRESENTATION(#30,#36);
#30 = PRODUCT_DEFINITION_SHAPE('','',#31);
#31 = PRODUCT_DEFINITION('design','',#32,#35);
#32 = PRODUCT_DEFINITION_FORMATION('','',#33);
#33 = PRODUCT('wall_structure','wall_structure','',(#34));
#34 = PRODUCT_CONTEXT('',#2,'mechanical');
#35 = PRODUCT_DEFINITION_CONTEXT('part definition',#2,'design');
#36 = ADVANCED_BREP_SHAPE_REPRESENTATION('',(#11,#37),#7427);
#37 = MANIFOLD_SOLID_BREP('',#38);
#38 = CLOSED_SHELL('',(#39,#127,#441,#795,#850,#900,#950,#1000,#1050,
    #1100,#1150,#1200,#1250,#1300,#1502,#1684,#1866,#1920,#1974,#2028,
    #2082,#2136,#2190,#2244,#2306,#2353,#2745,#3060,#3109,#3204,#3211,
    #3238,#3293,#3369,#3500,#3549,#3675,#3724,#3850,#3899,#3931,#3958,
    #3985,#4012,#4039,#4046,#4400,#4656,#5013,#5072,#5126,#5180,#5234,
    #5288,#5485,#5539,#5593,#5775,#5957,#6105,#6253,#6401,#6428,#6455,
    #6482,#6509,#6558,#6585,#6612,#6661,#6693,#6839,#6999,#7244,#7271,
    #7278,#7285,#7312,#7319,#7346,#7373,#7400));
#39 = ADVANCED_FACE('',(#40),#54,.T.);
#40 = FACE_BOUND('',#41,.F.);
#41 = EDGE_LOOP('',(#42,#72,#99,#100));
#42 = ORIENTED_EDGE('',*,*,#43,.T.);
#43 = EDGE_CURVE('',#44,#46,#48,.T.);
#44 = VERTEX_POINT('',#45);
#45 = CARTESIAN_POINT('',(50.,0.,55.));
#46 = VERTEX_POINT('',#47);
#47 = CARTESIAN_POINT('',(50.,0.,65.));
#48 = SEAM_CURVE('',#49,(#53,#65),.PCURVE_S1.);
#49 = LINE('',#50,#51);
#50 = CARTESIAN_POINT('',(50.,0.,55.));
#51 = VECTOR('',#52,1.);
#52 = DIRECTION('',(0.,0.,1.));
#53 = PCURVE('',#54,#59);
#54 = CYLINDRICAL_SURFACE('',#55,50.);
#55 = AXIS2_PLACEMENT_3D('',#56,#57,#58);
#56 = CARTESIAN_POINT('',(0.,0.,55.));
#57 = DIRECTION('',(-0.,-0.,-1.));
#58 = DIRECTION('',(1.,0.,0.));
#59 = DEFINITIONAL_REPRESENTATION('',(#60),#64);
#60 = LINE('',#61,#62);
#61 = CARTESIAN_POINT('',(-0.,0.));
#62 = VECTOR('',#63,1.);
#63 = DIRECTION('',(-0.,-1.));
#64 = ( GEOMETRIC_REPRESENTATION_CONTEXT(2) 
PARAMETRIC_REPRESENTATION_CONTEXT() REPRESENTATION_CONTEXT('2D SPACE',''
  ) );
#65 = PCURVE('',#54,#66);
#66 = DEFINITIONAL_REPRESENTATION('',(#67),#71);
#67 = LINE('',#68,#69);
#68 = CARTESIAN_POINT('',(-6.28318530718,0.));
#69 = VECTOR('',#70,1.);
#70 = DIRECTION('',(-0.,-1.));
#71 = ( GEOMETRIC_REPRESENTATION_CONTEXT(2) 
PARAMETRIC_REPRESENTATION_CONTEXT() REPRESENTATION_CONTEXT('2D SPACE',''
  ) );
#72 = ORIENTED_EDGE('',*,*,#73,.T.);
#73 = EDGE_CURVE('',#46,#46,#74,.T.);
#74 = SURFACE_CURVE('',#75,(#80,#87),.PCURVE_S1.);
#75 = CIRCLE('',#76,50.);
#76 = AXIS2_PLACEMENT_3D('',#77,#78,#79);
#77 = CARTESIAN_POINT('',(0.,0.,65.));
#78 = DIRECTION('',(0.,0.,1.));
#79 = DIRECTION('',(1.,0.,0.));
#80 = PCURVE('',#54,#81);
#81 = DEFINITIONAL_REPRESENTATION('',(#82),#86);
#82 = LINE('',#83,#84);
#83 = CARTESIAN_POINT('',(-0.,-10.));
#84 = VECTOR('',#85,1.);
#85 = DIRECTION('',(-1.,0.));
#86 = ( GEOMETRIC_REPRESENTATION_CONTEXT(2) 
PARAMETRIC_REPRESENTATION_CONTEXT() REPRESENTATION_CONTEXT('2D SPACE',''
  ) );
#87 = PCURVE('',#88,#93);
#88 = PLANE('',#89);
#89 = AXIS2_PLACEMENT_3D('',#90,#91,#92);
#90 = CARTESIAN_POINT('',(-1.75032336965E-15,3.209892110372E-15,65.));
#91 = DIRECTION('',(0.,0.,1.));
#92 = DIRECTION('',(1.,0.,-0.));
#93 = DEFINITIONAL_REPRESENTATION('',(#94),#98);
#94 = CIRCLE('',#95,50.);
#95 = AXIS2_PLACEMENT_2D('',#96,#97);
#96 = CARTESIAN_POINT('',(1.75032336965E-15,-3.209892110372E-15));
#97 = DIRECTION('',(1.,0.));
#98 = ( GEOMETRIC_REPRESENTATION_CONTEXT(2) 
PARAMETRIC_REPRESENTATION_CONTEXT() REPRESENTATION_CONTEXT('2D SPACE',''
  ) );
#99 = ORIENTED_EDGE('',*,*,#43,.F.);
#100 = ORIENTED_EDGE('',*,*,#101,.F.);
#101 = EDGE_CURVE('',#44,#44,#102,.T.);
#102 = SURFACE_CURVE('',#103,(#108,#115),.PCURVE_S1.);
#103 = CIRCLE('',#104,50.);
#104 = AXIS2_PLACEMENT_3D('',#105,#106,#107);
#105 = CARTESIAN_POINT('',(0.,0.,55.));
#106 = DIRECTION('',(0.,0.,1.));
#107 = DIRECTION('',(1.,0.,0.));
#108 = PCURVE('',#54,#109);
#109 = DEFINITIONAL_REPRESENTATION('',(#110),#114);
#110 = LINE('',#111,#112);
#111 = CARTESIAN_POINT('',(-0.,0.));
#112 = VECTOR('',#113,1.);
#113 = DIRECTION('',(-1.,0.));
#114 = ( GEOMETRIC_REPRESENTATION_CONTEXT(2) 
PARAMETRIC_REPRESENTATION_CONTEXT() REPRESENTATION_CONTEXT('2D SPACE',''
  ) );
#115 = PCURVE('',#116,#121);
#116 = PLANE('',#117);
#117 = AXIS2_PLACEMENT_3D('',#118,#119,#120);
#118 = CARTESIAN_POINT('',(-1.75032336965E-15,3.209892110372E-15,55.));
#119 = DIRECTION('',(0.,0.,1.));
#120 = DIRECTION('',(1.,0.,-0.));
#121 = DEFINITIONAL_REPRESENTATION('',(#122),#126);
#122 = CIRCLE('',#123,50.);
#123 = AXIS2_PLACEMENT_2D('',#124,#125);
#124 = CARTESIAN_POINT('',(1.75032336965E-15,-3.209892110372E-15));
#125 = DIRECTION('',(1.,0.));
#126 = ( GEOMETRIC_REPRESENTATION_CONTEXT(2) 
PARAMETRIC_REPRESENTATION_CONTEXT() REPRESENTATION_CONTEXT('2D SPACE',''
  ) );
#127 = ADVANCED_FACE('',(#128,#131,#162,#193,#224,#255,#286,#317,#348,
    #379,#410),#116,.F.);
#128 = FACE_BOUND('',#129,.F.);
#129 = EDGE_LOOP('',(#130));
#130 = ORIENTED_EDGE('',*,*,#101,.T.);
#131 = FACE_BOUND('',#132,.F.);
#132 = EDGE_LOOP('',(#133));
#133 = ORIENTED_EDGE('',*,*,#134,.F.);
#134 = EDGE_CURVE('',#135,#135,#137,.T.);
#135 = VERTEX_POINT('',#136);
#136 = CARTESIAN_POINT('',(-18.5,-25.,55.));
#137 = SURFACE_CURVE('',#138,(#143,#150),.PCURVE_S1.);
#138 = CIRCLE('',#139,6.5);
#139 = AXIS2_PLACEMENT_3D('',#140,#141,#142);
#140 = CARTESIAN_POINT('',(-25.,-25.,55.));
#141 = DIRECTION('',(0.,0.,1.));
#142 = DIRECTION('',(1.,0.,0.));
#143 = PCURVE('',#116,#144);
#144 = DEFINITIONAL_REPRESENTATION('',(#145),#149);
#145 = CIRCLE('',#146,6.5);
#146 = AXIS2_PLACEMENT_2D('',#147,#148);
#147 = CARTESIAN_POINT('',(-25.,-25.));
#148 = DIRECTION('',(1.,0.));
#149 = ( GEOMETRIC_REPRESENTATION_CONTEXT(2) 
PARAMETRIC_REPRESENTATION_CONTEXT() REPRESENTATION_CONTEXT('2D SPACE',''
  ) );
#150 = PCURVE('',#151,#156);
#151 = CYLINDRICAL_SURFACE('',#152,6.5);
#152 = AXIS2_PLACEMENT_3D('',#153,#154,#155);
#153 = CARTESIAN_POINT('',(-25.,-25.,55.));
#154 = DIRECTION('',(-0.,-0.,-1.));
#155 = DIRECTION('',(1.,0.,0.));
#156 = DEFINITIONAL_REPRESENTATION('',(#157),#161);
#157 = LINE('',#158,#159);
#158 = CARTESIAN_POINT('',(-0.,0.));
#159 = VECTOR('',#160,1.);
#160 = DIRECTION('',(-1.,0.));
#161 = ( GEOMETRIC_REPRESENTATION_CONTEXT(2) 
PARAMETRIC_REPRESENTATION_CONTEXT() REPRESENTATION_CONTEXT('2D SPACE',''
  ) );
#162 = FACE_BOUND('',#163,.F.);
#163 = EDGE_LOOP('',(#164));
#164 = ORIENTED_EDGE('',*,*,#165,.F.);
#165 = EDGE_CURVE('',#166,#166,#168,.T.);
#166 = VERTEX_POINT('',#167);
#167 = CARTESIAN_POINT('',(6.5,-25.,55.));
#168 = SURFACE_CURVE('',#169,(#174,#181),.PCURVE_S1.);
#169 = CIRCLE('',#170,6.5);
#170 = AXIS2_PLACEMENT_3D('',#171,#172,#173);
#171 = CARTESIAN_POINT('',(0.,-25.,55.));
#172 = DIRECTION('',(0.,0.,1.));
#173 = DIRECTION('',(1.,0.,0.));
#174 = PCURVE('',#116,#175);
#175 = DEFINITIONAL_REPRESENTATION('',(#176),#180);
#176 = CIRCLE('',#177,6.5);
#177 = AXIS2_PLACEMENT_2D('',#178,#179);
#178 = CARTESIAN_POINT('',(1.75032336965E-15,-25.));
#179 = DIRECTION('',(1.,0.));
#180 = ( GEOMETRIC_REPRESENTATION_CONTEXT(2) 
PARAMETRIC_REPRESENTATION_CONTEXT() REPRESENTATION_CONTEXT('2D SPACE',''
  ) );
#181 = PCURVE('',#182,#187);
#182 = CYLINDRICAL_SURFACE('',#183,6.5);
#183 = AXIS2_PLACEMENT_3D('',#184,#185,#186);
#184 = CARTESIAN_POINT('',(0.,-25.,55.));
#185 = DIRECTION('',(-0.,-0.,-1.));
#186 = DIRECTION('',(1.,0.,0.));
#187 = DEFINITIONAL_REPRESENTATION('',(#188),#192);
#188 = LINE('',#189,#190);
#189 = CARTESIAN_POINT('',(-0.,0.));
#190 = VECTOR('',#191,1.);
#191 = DIRECTION('',(-1.,0.));
#192 = ( GEOMETRIC_REPRESENTATION_CONTEXT(2) 
PARAMETRIC_REPRESENTATION_CONTEXT() REPRESENTATION_CONTEXT('2D SPACE',''
  ) );
#193 = FACE_BOUND('',#194,.F.);
#194 = EDGE_LOOP('',(#195));
#195 = ORIENTED_EDGE('',*,*,#196,.F.);
#196 = EDGE_CURVE('',#197,#197,#199,.T.);
#197 = VERTEX_POINT('',#198);
#198 = CARTESIAN_POINT('',(31.5,-25.,55.));
#199 = SURFACE_CURVE('',#200,(#205,#212),.PCURVE_S1.);
#200 = CIRCLE('',#201,6.5);
#201 = AXIS2_PLACEMENT_3D('',#202,#203,#204);
#202 = CARTESIAN_POINT('',(25.,-25.,55.));
#203 = DIRECTION('',(0.,0.,1.));
#204 = DIRECTION('',(1.,0.,0.));
#205 = PCURVE('',#116,#206);
#206 = DEFINITIONAL_REPRESENTATION('',(#207),#211);
#207 = CIRCLE('',#208,6.5);
#208 = AXIS2_PLACEMENT_2D('',#209,#210);
#209 = CARTESIAN_POINT('',(25.,-25.));
#210 = DIRECTION('',(1.,0.));
#211 = ( GEOMETRIC_REPRESENTATION_CONTEXT(2) 
PARAMETRIC_REPRESENTATION_CONTEXT() REPRESENTATION_CONTEXT('2D SPACE',''
  ) );
#212 = PCURVE('',#213,#218);
#213 = CYLINDRICAL_SURFACE('',#214,6.5);
#214 = AXIS2_PLACEMENT_3D('',#215,#216,#217);
#215 = CARTESIAN_POINT('',(25.,-25.,55.));
#216 = DIRECTION('',(-0.,-0.,-1.));
#217 = DIRECTION('',(1.,0.,0.));
#218 = DEFINITIONAL_REPRESENTATION('',(#219),#223);
#219 = LINE('',#220,#221);
#220 = CARTESIAN_POINT('',(-0.,0.));
#221 = VECTOR('',#222,1.);
#222 = DIRECTION('',(-1.,0.));
#223 = ( GEOMETRIC_REPRESENTATION_CONTEXT(2) 
PARAMETRIC_REPRESENTATION_CONTEXT() REPRESENTATION_CONTEXT('2D SPACE',''
  ) );
#224 = FACE_BOUND('',#225,.F.);
#225 = EDGE_LOOP('',(#226));
#226 = ORIENTED_EDGE('',*,*,#227,.F.);
#227 = EDGE_CURVE('',#228,#228,#230,.T.);
#228 = VERTEX_POINT('',#229);
#229 = CARTESIAN_POINT('',(-31.,0.,55.));
#230 = SURFACE_CURVE('',#231,(#236,#243),.PCURVE_S1.);
#231 = CIRCLE('',#232,6.5);
#232 = AXIS2_PLACEMENT_3D('',#233,#234,#235);
#233 = CARTESIAN_POINT('',(-37.5,0.,55.));
#234 = DIRECTION('',(0.,0.,1.));
#235 = DIRECTION('',(1.,0.,0.));
#236 = PCURVE('',#116,#237);
#237 = DEFINITIONAL_REPRESENTATION('',(#238),#242);
#238 = CIRCLE('',#239,6.5);
#239 = AXIS2_PLACEMENT_2D('',#240,#241);
#240 = CARTESIAN_POINT('',(-37.5,-3.209892110372E-15));
#241 = DIRECTION('',(1.,0.));
#242 = ( GEOMETRIC_REPRESENTATION_CONTEXT(2) 
PARAMETRIC_REPRESENTATION_CONTEXT() REPRESENTATION_CONTEXT('2D SPACE',''
  ) );
#243 = PCURVE('',#244,#249);
#244 = CYLINDRICAL_SURFACE('',#245,6.5);
#245 = AXIS2_PLACEMENT_3D('',#246,#247,#248);
#246 = CARTESIAN_POINT('',(-37.5,0.,55.));
#247 = DIRECTION('',(-0.,-0.,-1.));
#248 = DIRECTION('',(1.,0.,0.));
#249 = DEFINITIONAL_REPRESENTATION('',(#250),#254);
#250 = LINE('',#251,#252);
#251 = CARTESIAN_POINT('',(-0.,0.));
#252 = VECTOR('',#253,1.);
#253 = DIRECTION('',(-1.,0.));
#254 = ( GEOMETRIC_REPRESENTATION_CONTEXT(2) 
PARAMETRIC_REPRESENTATION_CONTEXT() REPRESENTATION_CONTEXT('2D SPACE',''
  ) );
#255 = FACE_BOUND('',#256,.F.);
#256 = EDGE_LOOP('',(#257));
#257 = ORIENTED_EDGE('',*,*,#258,.F.);
#258 = EDGE_CURVE('',#259,#259,#261,.T.);
#259 = VERTEX_POINT('',#260);
#260 = CARTESIAN_POINT('',(-6.,0.,55.));
#261 = SURFACE_CURVE('',#262,(#267,#274),.PCURVE_S1.);
#262 = CIRCLE('',#263,6.5);
#263 = AXIS2_PLACEMENT_3D('',#264,#265,#266);
#264 = CARTESIAN_POINT('',(-12.5,0.,55.));
#265 = DIRECTION('',(0.,0.,1.));
#266 = DIRECTION('',(1.,0.,0.));
#267 = PCURVE('',#116,#268);
#268 = DEFINITIONAL_REPRESENTATION('',(#269),#273);
#269 = CIRCLE('',#270,6.5);
#270 = AXIS2_PLACEMENT_2D('',#271,#272);
#271 = CARTESIAN_POINT('',(-12.5,-3.209892110372E-15));
#272 = DIRECTION('',(1.,0.));
#273 = ( GEOMETRIC_REPRESENTATION_CONTEXT(2) 
PARAMETRIC_REPRESENTATION_CONTEXT() REPRESENTATION_CONTEXT('2D SPACE',''
  ) );
#274 = PCURVE('',#275,#280);
#275 = CYLINDRICAL_SURFACE('',#276,6.5);
#276 = AXIS2_PLACEMENT_3D('',#277,#278,#279);
#277 = CARTESIAN_POINT('',(-12.5,0.,55.));
#278 = DIRECTION('',(-0.,-0.,-1.));
#279 = DIRECTION('',(1.,0.,0.));
#280 = DEFINITIONAL_REPRESENTATION('',(#281),#285);
#281 = LINE('',#282,#283);
#282 = CARTESIAN_POINT('',(-0.,0.));
#283 = VECTOR('',#284,1.);
#284 = DIRECTION('',(-1.,0.));
#285 = ( GEOMETRIC_REPRESENTATION_CONTEXT(2) 
PARAMETRIC_REPRESENTATION_CONTEXT() REPRESENTATION_CONTEXT('2D SPACE',''
  ) );
#286 = FACE_BOUND('',#287,.F.);
#287 = EDGE_LOOP('',(#288));
#288 = ORIENTED_EDGE('',*,*,#289,.F.);
#289 = EDGE_CURVE('',#290,#290,#292,.T.);
#290 = VERTEX_POINT('',#291);
#291 = CARTESIAN_POINT('',(-18.5,25.,55.));
#292 = SURFACE_CURVE('',#293,(#298,#305),.PCURVE_S1.);
#293 = CIRCLE('',#294,6.5);
#294 = AXIS2_PLACEMENT_3D('',#295,#296,#297);
#295 = CARTESIAN_POINT('',(-25.,25.,55.));
#296 = DIRECTION('',(0.,0.,1.));
#297 = DIRECTION('',(1.,0.,0.));
#298 = PCURVE('',#116,#299);
#299 = DEFINITIONAL_REPRESENTATION('',(#300),#304);
#300 = CIRCLE('',#301,6.5);
#301 = AXIS2_PLACEMENT_2D('',#302,#303);
#302 = CARTESIAN_POINT('',(-25.,25.));
#303 = DIRECTION('',(1.,0.));
#304 = ( GEOMETRIC_REPRESENTATION_CONTEXT(2) 
PARAMETRIC_REPRESENTATION_CONTEXT() REPRESENTATION_CONTEXT('2D SPACE',''
  ) );
#305 = PCURVE('',#306,#311);
#306 = CYLINDRICAL_SURFACE('',#307,6.5);
#307 = AXIS2_PLACEMENT_3D('',#308,#309,#310);
#308 = CARTESIAN_POINT('',(-25.,25.,55.));
#309 = DIRECTION('',(-0.,-0.,-1.));
#310 = DIRECTION('',(1.,0.,0.));
#311 = DEFINITIONAL_REPRESENTATION('',(#312),#316);
#312 = LINE('',#313,#314);
#313 = CARTESIAN_POINT('',(-0.,0.));
#314 = VECTOR('',#315,1.);
#315 = DIRECTION('',(-1.,0.));
#316 = ( GEOMETRIC_REPRESENTATION_CONTEXT(2) 
PARAMETRIC_REPRESENTATION_CONTEXT() REPRESENTATION_CONTEXT('2D SPACE',''
  ) );
#317 = FACE_BOUND('',#318,.F.);
#318 = EDGE_LOOP('',(#319));
#319 = ORIENTED_EDGE('',*,*,#320,.F.);
#320 = EDGE_CURVE('',#321,#321,#323,.T.);
#321 = VERTEX_POINT('',#322);
#322 = CARTESIAN_POINT('',(19.,0.,55.));
#323 = SURFACE_CURVE('',#324,(#329,#336),.PCURVE_S1.);
#324 = CIRCLE('',#325,6.5);
#325 = AXIS2_PLACEMENT_3D('',#326,#327,#328);
#326 = CARTESIAN_POINT('',(12.5,0.,55.));
#327 = DIRECTION('',(0.,0.,1.));
#328 = DIRECTION('',(1.,0.,0.));
#329 = PCURVE('',#116,#330);
#330 = DEFINITIONAL_REPRESENTATION('',(#331),#335);
#331 = CIRCLE('',#332,6.5);
#332 = AXIS2_PLACEMENT_2D('',#333,#334);
#333 = CARTESIAN_POINT('',(12.5,-3.209892110372E-15));
#334 = DIRECTION('',(1.,0.));
#335 = ( GEOMETRIC_REPRESENTATION_CONTEXT(2) 
PARAMETRIC_REPRESENTATION_CONTEXT() REPRESENTATION_CONTEXT('2D SPACE',''
  ) );
#336 = PCURVE('',#337,#342);
#337 = CYLINDRICAL_SURFACE('',#338,6.5);
#338 = AXIS2_PLACEMENT_3D('',#339,#340,#341);
#339 = CARTESIAN_POINT('',(12.5,0.,55.));
#340 = DIRECTION('',(-0.,-0.,-1.));
#341 = DIRECTION('',(1.,0.,0.));
#342 = DEFINITIONAL_REPRESENTATION('',(#343),#347);
#343 = LINE('',#344,#345);
#344 = CARTESIAN_POINT('',(-0.,0.));
#345 = VECTOR('',#346,1.);
#346 = DIRECTION('',(-1.,0.));
#347 = ( GEOMETRIC_REPRESENTATION_CONTEXT(2) 
PARAMETRIC_REPRESENTATION_CONTEXT() REPRESENTATION_CONTEXT('2D SPACE',''
  ) );
#348 = FACE_BOUND('',#349,.F.);
#349 = EDGE_LOOP('',(#350));
#350 = ORIENTED_EDGE('',*,*,#351,.F.);
#351 = EDGE_CURVE('',#352,#352,#354,.T.);
#352 = VERTEX_POINT('',#353);
#353 = CARTESIAN_POINT('',(44.,0.,55.));
#354 = SURFACE_CURVE('',#355,(#360,#367),.PCURVE_S1.);
#355 = CIRCLE('',#356,6.5);
#356 = AXIS2_PLACEMENT_3D('',#357,#358,#359);
#357 = CARTESIAN_POINT('',(37.5,0.,55.));
#358 = DIRECTION('',(0.,0.,1.));
#359 = DIRECTION('',(1.,0.,0.));
#360 = PCURVE('',#116,#361);
#361 = DEFINITIONAL_REPRESENTATION('',(#362),#366);
#362 = CIRCLE('',#363,6.5);
#363 = AXIS2_PLACEMENT_2D('',#364,#365);
#364 = CARTESIAN_POINT('',(37.5,-3.209892110372E-15));
#365 = DIRECTION('',(1.,0.));
#366 = ( GEOMETRIC_REPRESENTATION_CONTEXT(2) 
PARAMETRIC_REPRESENTATION_CONTEXT() REPRESENTATION_CONTEXT('2D SPACE',''
  ) );
#367 = PCURVE('',#368,#373);
#368 = CYLINDRICAL_SURFACE('',#369,6.5);
#369 = AXIS2_PLACEMENT_3D('',#370,#371,#372);
#370 = CARTESIAN_POINT('',(37.5,0.,55.));
#371 = DIRECTION('',(-0.,-0.,-1.));
#372 = DIRECTION('',(1.,0.,0.));
#373 = DEFINITIONAL_REPRESENTATION('',(#374),#378);
#374 = LINE('',#375,#376);
#375 = CARTESIAN_POINT('',(-0.,0.));
#376 = VECTOR('',#377,1.);
#377 = DIRECTION('',(-1.,0.));
#378 = ( GEOMETRIC_REPRESENTATION_CONTEXT(2) 
PARAMETRIC_REPRESENTATION_CONTEXT() REPRESENTATION_CONTEXT('2D SPACE',''
  ) );
#379 = FACE_BOUND('',#380,.F.);
#380 = EDGE_LOOP('',(#381));
#381 = ORIENTED_EDGE('',*,*,#382,.F.);
#382 = EDGE_CURVE('',#383,#383,#385,.T.);
#383 = VERTEX_POINT('',#384);
#384 = CARTESIAN_POINT('',(6.5,25.,55.));
#385 = SURFACE_CURVE('',#386,(#391,#398),.PCURVE_S1.);
#386 = CIRCLE('',#387,6.5);
#387 = AXIS2_PLACEMENT_3D('',#388,#389,#390);
#388 = CARTESIAN_POINT('',(0.,25.,55.));
#389 = DIRECTION('',(0.,0.,1.));
#390 = DIRECTION('',(1.,0.,0.));
#391 = PCURVE('',#116,#392);
#392 = DEFINITIONAL_REPRESENTATION('',(#393),#397);
#393 = CIRCLE('',#394,6.5);
#394 = AXIS2_PLACEMENT_2D('',#395,#396);
#395 = CARTESIAN_POINT('',(1.75032336965E-15,25.));
#396 = DIRECTION('',(1.,0.));
#397 = ( GEOMETRIC_REPRESENTATION_CONTEXT(2) 
PARAMETRIC_REPRESENTATION_CONTEXT() REPRESENTATION_CONTEXT('2D SPACE',''
  ) );
#398 = PCURVE('',#399,#404);
#399 = CYLINDRICAL_SURFACE('',#400,6.5);
#400 = AXIS2_PLACEMENT_3D('',#401,#402,#403);
#401 = CARTESIAN_POINT('',(0.,25.,55.));
#402 = DIRECTION('',(-0.,-0.,-1.));
#403 = DIRECTION('',(1.,0.,0.));
#404 = DEFINITIONAL_REPRESENTATION('',(#405),#409);
#405 = LINE('',#406,#407);
#406 = CARTESIAN_POINT('',(-0.,0.));
#407 = VECTOR('',#408,1.);
#408 = DIRECTION('',(-1.,0.));
#409 = ( GEOMETRIC_REPRESENTATION_CONTEXT(2) 
PARAMETRIC_REPRESENTATION_CONTEXT() REPRESENTATION_CONTEXT('2D SPACE',''
  ) );
#410 = FACE_BOUND('',#411,.F.);
#411 = EDGE_LOOP('',(#412));
#412 = ORIENTED_EDGE('',*,*,#413,.F.);
#413 = EDGE_CURVE('',#414,#414,#416,.T.);
#414 = VERTEX_POINT('',#415);
#415 = CARTESIAN_POINT('',(31.5,25.,55.));
#416 = SURFACE_CURVE('',#417,(#422,#429),.PCURVE_S1.);
#417 = CIRCLE('',#418,6.5);
#418 = AXIS2_PLACEMENT_3D('',#419,#420,#421);
#419 = CARTESIAN_POINT('',(25.,25.,55.));
#420 = DIRECTION('',(0.,0.,1.));
#421 = DIRECTION('',(1.,0.,0.));
#422 = PCURVE('',#116,#423);
#423 = DEFINITIONAL_REPRESENTATION('',(#424),#428);
#424 = CIRCLE('',#425,6.5);
#425 = AXIS2_PLACEMENT_2D('',#426,#427);
#426 = CARTESIAN_POINT('',(25.,25.));
#427 = DIRECTION('',(1.,0.));
#428 = ( GEOMETRIC_REPRESENTATION_CONTEXT(2) 
PARAMETRIC_REPRESENTATION_CONTEXT() REPRESENTATION_CONTEXT('2D SPACE',''
  ) );
#429 = PCURVE('',#430,#435);
#430 = CYLINDRICAL_SURFACE('',#431,6.5);
#431 = AXIS2_PLACEMENT_3D('',#432,#433,#434);
#432 = CARTESIAN_POINT('',(25.,25.,55.));
#433 = DIRECTION('',(-0.,-0.,-1.));
#434 = DIRECTION('',(1.,0.,0.));
#435 = DEFINITIONAL_REPRESENTATION('',(#436),#440);
#436 = LINE('',#437,#438);
#437 = CARTESIAN_POINT('',(-0.,0.));
#438 = VECTOR('',#439,1.);
#439 = DIRECTION('',(-1.,0.));
#440 = ( GEOMETRIC_REPRESENTATION_CONTEXT(2) 
PARAMETRIC_REPRESENTATION_CONTEXT() REPRESENTATION_CONTEXT('2D SPACE',''
  ) );
#441 = ADVANCED_FACE('',(#442,#445,#480,#515,#550,#585,#620,#655,#690,
    #725,#760),#88,.T.);
#442 = FACE_BOUND('',#443,.T.);
#443 = EDGE_LOOP('',(#444));
#444 = ORIENTED_EDGE('',*,*,#73,.T.);
#445 = FACE_BOUND('',#446,.T.);
#446 = EDGE_LOOP('',(#447));
#447 = ORIENTED_EDGE('',*,*,#448,.T.);
#448 = EDGE_CURVE('',#449,#449,#451,.T.);
#449 = VERTEX_POINT('',#450);
#450 = CARTESIAN_POINT('',(-17.5,-25.,65.));
#451 = SURFACE_CURVE('',#452,(#457,#468),.PCURVE_S1.);
#452 = CIRCLE('',#453,7.5);
#453 = AXIS2_PLACEMENT_3D('',#454,#455,#456);
#454 = CARTESIAN_POINT('',(-25.,-25.,65.));
#455 = DIRECTION('',(0.,0.,-1.));
#456 = DIRECTION('',(1.,0.,0.));
#457 = PCURVE('',#88,#458);
#458 = DEFINITIONAL_REPRESENTATION('',(#459),#467);
#459 = ( BOUNDED_CURVE() B_SPLINE_CURVE(2,(#460,#461,#462,#463,#464,#465
,#466),.UNSPECIFIED.,.T.,.F.) B_SPLINE_CURVE_WITH_KNOTS((1,2,2,2,2,1),(
    -2.094395102393,0.,2.094395102393,4.188790204786,6.28318530718,
8.377580409573),.UNSPECIFIED.) CURVE() GEOMETRIC_REPRESENTATION_ITEM() 
RATIONAL_B_SPLINE_CURVE((1.,0.5,1.,0.5,1.,0.5,1.)) REPRESENTATION_ITEM(
  '') );
#460 = CARTESIAN_POINT('',(-17.5,-25.));
#461 = CARTESIAN_POINT('',(-17.5,-37.99038105676));
#462 = CARTESIAN_POINT('',(-28.75,-31.49519052838));
#463 = CARTESIAN_POINT('',(-40.,-25.));
#464 = CARTESIAN_POINT('',(-28.75,-18.50480947161));
#465 = CARTESIAN_POINT('',(-17.5,-12.00961894323));
#466 = CARTESIAN_POINT('',(-17.5,-25.));
#467 = ( GEOMETRIC_REPRESENTATION_CONTEXT(2) 
PARAMETRIC_REPRESENTATION_CONTEXT() REPRESENTATION_CONTEXT('2D SPACE',''
  ) );
#468 = PCURVE('',#469,#474);
#469 = CYLINDRICAL_SURFACE('',#470,7.5);
#470 = AXIS2_PLACEMENT_3D('',#471,#472,#473);
#471 = CARTESIAN_POINT('',(-25.,-25.,55.));
#472 = DIRECTION('',(-0.,-0.,-1.));
#473 = DIRECTION('',(1.,0.,0.));
#474 = DEFINITIONAL_REPRESENTATION('',(#475),#479);
#475 = LINE('',#476,#477);
#476 = CARTESIAN_POINT('',(-6.28318530718,-10.));
#477 = VECTOR('',#478,1.);
#478 = DIRECTION('',(1.,-0.));
#479 = ( GEOMETRIC_REPRESENTATION_CONTEXT(2) 
PARAMETRIC_REPRESENTATION_CONTEXT() REPRESENTATION_CONTEXT('2D SPACE',''
  ) );
#480 = FACE_BOUND('',#481,.T.);
#481 = EDGE_LOOP('',(#482));
#482 = ORIENTED_EDGE('',*,*,#483,.T.);
#483 = EDGE_CURVE('',#484,#484,#486,.T.);
#484 = VERTEX_POINT('',#485);
#485 = CARTESIAN_POINT('',(7.5,-25.,65.));
#486 = SURFACE_CURVE('',#487,(#492,#503),.PCURVE_S1.);
#487 = CIRCLE('',#488,7.5);
#488 = AXIS2_PLACEMENT_3D('',#489,#490,#491);
#489 = CARTESIAN_POINT('',(0.,-25.,65.));
#490 = DIRECTION('',(0.,0.,-1.));
#491 = DIRECTION('',(1.,0.,0.));
#492 = PCURVE('',#88,#493);
#493 = DEFINITIONAL_REPRESENTATION('',(#494),#502);
#494 = ( BOUNDED_CURVE() B_SPLINE_CURVE(2,(#495,#496,#497,#498,#499,#500
,#501),.UNSPECIFIED.,.T.,.F.) B_SPLINE_CURVE_WITH_KNOTS((1,2,2,2,2,1),(
    -2.094395102393,0.,2.094395102393,4.188790204786,6.28318530718,
8.377580409573),.UNSPECIFIED.) CURVE() GEOMETRIC_REPRESENTATION_ITEM() 
RATIONAL_B_SPLINE_CURVE((1.,0.5,1.,0.5,1.,0.5,1.)) REPRESENTATION_ITEM(
  '') );
#495 = CARTESIAN_POINT('',(7.5,-25.));
#496 = CARTESIAN_POINT('',(7.5,-37.99038105676));
#497 = CARTESIAN_POINT('',(-3.75,-31.49519052838));
#498 = CARTESIAN_POINT('',(-15.,-25.));
#499 = CARTESIAN_POINT('',(-3.75,-18.50480947161));
#500 = CARTESIAN_POINT('',(7.5,-12.00961894323));
#501 = CARTESIAN_POINT('',(7.5,-25.));
#502 = ( GEOMETRIC_REPRESENTATION_CONTEXT(2) 
PARAMETRIC_REPRESENTATION_CONTEXT() REPRESENTATION_CONTEXT('2D SPACE',''
  ) );
#503 = PCURVE('',#504,#509);
#504 = CYLINDRICAL_SURFACE('',#505,7.5);
#505 = AXIS2_PLACEMENT_3D('',#506,#507,#508);
#506 = CARTESIAN_POINT('',(0.,-25.,55.));
#507 = DIRECTION('',(-0.,-0.,-1.));
#508 = DIRECTION('',(1.,0.,0.));
#509 = DEFINITIONAL_REPRESENTATION('',(#510),#514);
#510 = LINE('',#511,#512);
#511 = CARTESIAN_POINT('',(-6.28318530718,-10.));
#512 = VECTOR('',#513,1.);
#513 = DIRECTION('',(1.,-0.));
#514 = ( GEOMETRIC_REPRESENTATION_CONTEXT(2) 
PARAMETRIC_REPRESENTATION_CONTEXT() REPRESENTATION_CONTEXT('2D SPACE',''
  ) );
#515 = FACE_BOUND('',#516,.T.);
#516 = EDGE_LOOP('',(#517));
#517 = ORIENTED_EDGE('',*,*,#518,.T.);
#518 = EDGE_CURVE('',#519,#519,#521,.T.);
#519 = VERTEX_POINT('',#520);
#520 = CARTESIAN_POINT('',(32.5,-25.,65.));
#521 = SURFACE_CURVE('',#522,(#527,#538),.PCURVE_S1.);
#522 = CIRCLE('',#523,7.5);
#523 = AXIS2_PLACEMENT_3D('',#524,#525,#526);
#524 = CARTESIAN_POINT('',(25.,-25.,65.));
#525 = DIRECTION('',(0.,0.,-1.));
#526 = DIRECTION('',(1.,0.,0.));
#527 = PCURVE('',#88,#528);
#528 = DEFINITIONAL_REPRESENTATION('',(#529),#537);
#529 = ( BOUNDED_CURVE() B_SPLINE_CURVE(2,(#530,#531,#532,#533,#534,#535
,#536),.UNSPECIFIED.,.T.,.F.) B_SPLINE_CURVE_WITH_KNOTS((1,2,2,2,2,1),(
    -2.094395102393,0.,2.094395102393,4.188790204786,6.28318530718,
8.377580409573),.UNSPECIFIED.) CURVE() GEOMETRIC_REPRESENTATION_ITEM() 
RATIONAL_B_SPLINE_CURVE((1.,0.5,1.,0.5,1.,0.5,1.)) REPRESENTATION_ITEM(
  '') );
#530 = CARTESIAN_POINT('',(32.5,-25.));
#531 = CARTESIAN_POINT('',(32.5,-37.99038105676));
#532 = CARTESIAN_POINT('',(21.25,-31.49519052838));
#533 = CARTESIAN_POINT('',(10.,-25.));
#534 = CARTESIAN_POINT('',(21.25,-18.50480947161));
#535 = CARTESIAN_POINT('',(32.5,-12.00961894323));
#536 = CARTESIAN_POINT('',(32.5,-25.));
#537 = ( GEOMETRIC_REPRESENTATION_CONTEXT(2) 
PARAMETRIC_REPRESENTATION_CONTEXT() REPRESENTATION_CONTEXT('2D SPACE',''
  ) );
#538 = PCURVE('',#539,#544);
#539 = CYLINDRICAL_SURFACE('',#540,7.5);
#540 = AXIS2_PLACEMENT_3D('',#541,#542,#543);
#541 = CARTESIAN_POINT('',(25.,-25.,55.));
#542 = DIRECTION('',(-0.,-0.,-1.));
#543 = DIRECTION('',(1.,0.,0.));
#544 = DEFINITIONAL_REPRESENTATION('',(#545),#549);
#545 = LINE('',#546,#547);
#546 = CARTESIAN_POINT('',(-6.28318530718,-10.));
#547 = VECTOR('',#548,1.);
#548 = DIRECTION('',(1.,-0.));
#549 = ( GEOMETRIC_REPRESENTATION_CONTEXT(2) 
PARAMETRIC_REPRESENTATION_CONTEXT() REPRESENTATION_CONTEXT('2D SPACE',''
  ) );
#550 = FACE_BOUND('',#551,.T.);
#551 = EDGE_LOOP('',(#552));
#552 = ORIENTED_EDGE('',*,*,#553,.T.);
#553 = EDGE_CURVE('',#554,#554,#556,.T.);
#554 = VERTEX_POINT('',#555);
#555 = CARTESIAN_POINT('',(-30.,0.,65.));
#556 = SURFACE_CURVE('',#557,(#562,#573),.PCURVE_S1.);
#557 = CIRCLE('',#558,7.5);
#558 = AXIS2_PLACEMENT_3D('',#559,#560,#561);
#559 = CARTESIAN_POINT('',(-37.5,0.,65.));
#560 = DIRECTION('',(0.,0.,-1.));
#561 = DIRECTION('',(1.,0.,0.));
#562 = PCURVE('',#88,#563);
#563 = DEFINITIONAL_REPRESENTATION('',(#564),#572);
#564 = ( BOUNDED_CURVE() B_SPLINE_CURVE(2,(#565,#566,#567,#568,#569,#570
,#571),.UNSPECIFIED.,.T.,.F.) B_SPLINE_CURVE_WITH_KNOTS((1,2,2,2,2,1),(
    -2.094395102393,0.,2.094395102393,4.188790204786,6.28318530718,
8.377580409573),.UNSPECIFIED.) CURVE() GEOMETRIC_REPRESENTATION_ITEM() 
RATIONAL_B_SPLINE_CURVE((1.,0.5,1.,0.5,1.,0.5,1.)) REPRESENTATION_ITEM(
  '') );
#565 = CARTESIAN_POINT('',(-30.,-3.209892110372E-15));
#566 = CARTESIAN_POINT('',(-30.,-12.99038105676));
#567 = CARTESIAN_POINT('',(-41.25,-6.495190528383));
#568 = CARTESIAN_POINT('',(-52.5,-5.046862309093E-15));
#569 = CARTESIAN_POINT('',(-41.25,6.495190528383));
#570 = CARTESIAN_POINT('',(-30.,12.990381056767));
#571 = CARTESIAN_POINT('',(-30.,-3.209892110372E-15));
#572 = ( GEOMETRIC_REPRESENTATION_CONTEXT(2) 
PARAMETRIC_REPRESENTATION_CONTEXT() REPRESENTATION_CONTEXT('2D SPACE',''
  ) );
#573 = PCURVE('',#574,#579);
#574 = CYLINDRICAL_SURFACE('',#575,7.5);
#575 = AXIS2_PLACEMENT_3D('',#576,#577,#578);
#576 = CARTESIAN_POINT('',(-37.5,0.,55.));
#577 = DIRECTION('',(-0.,-0.,-1.));
#578 = DIRECTION('',(1.,0.,0.));
#579 = DEFINITIONAL_REPRESENTATION('',(#580),#584);
#580 = LINE('',#581,#582);
#581 = CARTESIAN_POINT('',(-6.28318530718,-10.));
#582 = VECTOR('',#583,1.);
#583 = DIRECTION('',(1.,-0.));
#584 = ( GEOMETRIC_REPRESENTATION_CONTEXT(2) 
PARAMETRIC_REPRESENTATION_CONTEXT() REPRESENTATION_CONTEXT('2D SPACE',''
  ) );
#585 = FACE_BOUND('',#586,.T.);
#586 = EDGE_LOOP('',(#587));
#587 = ORIENTED_EDGE('',*,*,#588,.T.);
#588 = EDGE_CURVE('',#589,#589,#591,.T.);
#589 = VERTEX_POINT('',#590);
#590 = CARTESIAN_POINT('',(-5.,0.,65.));
#591 = SURFACE_CURVE('',#592,(#597,#608),.PCURVE_S1.);
#592 = CIRCLE('',#593,7.5);
#593 = AXIS2_PLACEMENT_3D('',#594,#595,#596);
#594 = CARTESIAN_POINT('',(-12.5,0.,65.));
#595 = DIRECTION('',(0.,0.,-1.));
#596 = DIRECTION('',(1.,0.,0.));
#597 = PCURVE('',#88,#598);
#598 = DEFINITIONAL_REPRESENTATION('',(#599),#607);
#599 = ( BOUNDED_CURVE() B_SPLINE_CURVE(2,(#600,#601,#602,#603,#604,#605
,#606),.UNSPECIFIED.,.T.,.F.) B_SPLINE_CURVE_WITH_KNOTS((1,2,2,2,2,1),(
    -2.094395102393,0.,2.094395102393,4.188790204786,6.28318530718,
8.377580409573),.UNSPECIFIED.) CURVE() GEOMETRIC_REPRESENTATION_ITEM() 
RATIONAL_B_SPLINE_CURVE((1.,0.5,1.,0.5,1.,0.5,1.)) REPRESENTATION_ITEM(
  '') );
#600 = CARTESIAN_POINT('',(-5.,-3.209892110372E-15));
#601 = CARTESIAN_POINT('',(-5.,-12.99038105676));
#602 = CARTESIAN_POINT('',(-16.25,-6.495190528383));
#603 = CARTESIAN_POINT('',(-27.5,-5.046862309093E-15));
#604 = CARTESIAN_POINT('',(-16.25,6.495190528383));
#605 = CARTESIAN_POINT('',(-5.,12.990381056767));
#606 = CARTESIAN_POINT('',(-5.,-3.209892110372E-15));
#607 = ( GEOMETRIC_REPRESENTATION_CONTEXT(2) 
PARAMETRIC_REPRESENTATION_CONTEXT() REPRESENTATION_CONTEXT('2D SPACE',''
  ) );
#608 = PCURVE('',#609,#614);
#609 = CYLINDRICAL_SURFACE('',#610,7.5);
#610 = AXIS2_PLACEMENT_3D('',#611,#612,#613);
#611 = CARTESIAN_POINT('',(-12.5,0.,55.));
#612 = DIRECTION('',(-0.,-0.,-1.));
#613 = DIRECTION('',(1.,0.,0.));
#614 = DEFINITIONAL_REPRESENTATION('',(#615),#619);
#615 = LINE('',#616,#617);
#616 = CARTESIAN_POINT('',(-6.28318530718,-10.));
#617 = VECTOR('',#618,1.);
#618 = DIRECTION('',(1.,-0.));
#619 = ( GEOMETRIC_REPRESENTATION_CONTEXT(2) 
PARAMETRIC_REPRESENTATION_CONTEXT() REPRESENTATION_CONTEXT('2D SPACE',''
  ) );
#620 = FACE_BOUND('',#621,.T.);
#621 = EDGE_LOOP('',(#622));
#622 = ORIENTED_EDGE('',*,*,#623,.T.);
#623 = EDGE_CURVE('',#624,#624,#626,.T.);
#624 = VERTEX_POINT('',#625);
#625 = CARTESIAN_POINT('',(-17.5,25.,65.));
#626 = SURFACE_CURVE('',#627,(#632,#643),.PCURVE_S1.);
#627 = CIRCLE('',#628,7.5);
#628 = AXIS2_PLACEMENT_3D('',#629,#630,#631);
#629 = CARTESIAN_POINT('',(-25.,25.,65.));
#630 = DIRECTION('',(0.,0.,-1.));
#631 = DIRECTION('',(1.,0.,0.));
#632 = PCURVE('',#88,#633);
#633 = DEFINITIONAL_REPRESENTATION('',(#634),#642);
#634 = ( BOUNDED_CURVE() B_SPLINE_CURVE(2,(#635,#636,#637,#638,#639,#640
,#641),.UNSPECIFIED.,.T.,.F.) B_SPLINE_CURVE_WITH_KNOTS((1,2,2,2,2,1),(
    -2.094395102393,0.,2.094395102393,4.188790204786,6.28318530718,
8.377580409573),.UNSPECIFIED.) CURVE() GEOMETRIC_REPRESENTATION_ITEM() 
RATIONAL_B_SPLINE_CURVE((1.,0.5,1.,0.5,1.,0.5,1.)) REPRESENTATION_ITEM(
  '') );
#635 = CARTESIAN_POINT('',(-17.5,25.));
#636 = CARTESIAN_POINT('',(-17.5,12.009618943233));
#637 = CARTESIAN_POINT('',(-28.75,18.504809471617));
#638 = CARTESIAN_POINT('',(-40.,25.));
#639 = CARTESIAN_POINT('',(-28.75,31.495190528383));
#640 = CARTESIAN_POINT('',(-17.5,37.990381056767));
#641 = CARTESIAN_POINT('',(-17.5,25.));
#642 = ( GEOMETRIC_REPRESENTATION_CONTEXT(2) 
PARAMETRIC_REPRESENTATION_CONTEXT() REPRESENTATION_CONTEXT('2D SPACE',''
  ) );
#643 = PCURVE('',#644,#649);
#644 = CYLINDRICAL_SURFACE('',#645,7.5);
#645 = AXIS2_PLACEMENT_3D('',#646,#647,#648);
#646 = CARTESIAN_POINT('',(-25.,25.,55.));
#647 = DIRECTION('',(-0.,-0.,-1.));
#648 = DIRECTION('',(1.,0.,0.));
#649 = DEFINITIONAL_REPRESENTATION('',(#650),#654);
#650 = LINE('',#651,#652);
#651 = CARTESIAN_POINT('',(-6.28318530718,-10.));
#652 = VECTOR('',#653,1.);
#653 = DIRECTION('',(1.,-0.));
#654 = ( GEOMETRIC_REPRESENTATION_CONTEXT(2) 
PARAMETRIC_REPRESENTATION_CONTEXT() REPRESENTATION_CONTEXT('2D SPACE',''
  ) );
#655 = FACE_BOUND('',#656,.T.);
#656 = EDGE_LOOP('',(#657));
#657 = ORIENTED_EDGE('',*,*,#658,.T.);
#658 = EDGE_CURVE('',#659,#659,#661,.T.);
#659 = VERTEX_POINT('',#660);
#660 = CARTESIAN_POINT('',(20.,0.,65.));
#661 = SURFACE_CURVE('',#662,(#667,#678),.PCURVE_S1.);
#662 = CIRCLE('',#663,7.5);
#663 = AXIS2_PLACEMENT_3D('',#664,#665,#666);
#664 = CARTESIAN_POINT('',(12.5,0.,65.));
#665 = DIRECTION('',(0.,0.,-1.));
#666 = DIRECTION('',(1.,0.,0.));
#667 = PCURVE('',#88,#668);
#668 = DEFINITIONAL_REPRESENTATION('',(#669),#677);
#669 = ( BOUNDED_CURVE() B_SPLINE_CURVE(2,(#670,#671,#672,#673,#674,#675
,#676),.UNSPECIFIED.,.T.,.F.) B_SPLINE_CURVE_WITH_KNOTS((1,2,2,2,2,1),(
    -2.094395102393,0.,2.094395102393,4.188790204786,6.28318530718,
8.377580409573),.UNSPECIFIED.) CURVE() GEOMETRIC_REPRESENTATION_ITEM() 
RATIONAL_B_SPLINE_CURVE((1.,0.5,1.,0.5,1.,0.5,1.)) REPRESENTATION_ITEM(
  '') );
#670 = CARTESIAN_POINT('',(20.,-3.209892110372E-15));
#671 = CARTESIAN_POINT('',(20.,-12.99038105676));
#672 = CARTESIAN_POINT('',(8.75,-6.495190528383));
#673 = CARTESIAN_POINT('',(-2.5,-5.046862309093E-15));
#674 = CARTESIAN_POINT('',(8.75,6.495190528383));
#675 = CARTESIAN_POINT('',(20.,12.990381056767));
#676 = CARTESIAN_POINT('',(20.,-3.209892110372E-15));
#677 = ( GEOMETRIC_REPRESENTATION_CONTEXT(2) 
PARAMETRIC_REPRESENTATION_CONTEXT() REPRESENTATION_CONTEXT('2D SPACE',''
  ) );
#678 = PCURVE('',#679,#684);
#679 = CYLINDRICAL_SURFACE('',#680,7.5);
#680 = AXIS2_PLACEMENT_3D('',#681,#682,#683);
#681 = CARTESIAN_POINT('',(12.5,0.,55.));
#682 = DIRECTION('',(-0.,-0.,-1.));
#683 = DIRECTION('',(1.,0.,0.));
#684 = DEFINITIONAL_REPRESENTATION('',(#685),#689);
#685 = LINE('',#686,#687);
#686 = CARTESIAN_POINT('',(-6.28318530718,-10.));
#687 = VECTOR('',#688,1.);
#688 = DIRECTION('',(1.,-0.));
#689 = ( GEOMETRIC_REPRESENTATION_CONTEXT(2) 
PARAMETRIC_REPRESENTATION_CONTEXT() REPRESENTATION_CONTEXT('2D SPACE',''
  ) );
#690 = FACE_BOUND('',#691,.T.);
#691 = EDGE_LOOP('',(#692));
#692 = ORIENTED_EDGE('',*,*,#693,.T.);
#693 = EDGE_CURVE('',#694,#694,#696,.T.);
#694 = VERTEX_POINT('',#695);
#695 = CARTESIAN_POINT('',(45.,0.,65.));
#696 = SURFACE_CURVE('',#697,(#702,#713),.PCURVE_S1.);
#697 = CIRCLE('',#698,7.5);
#698 = AXIS2_PLACEMENT_3D('',#699,#700,#701);
#699 = CARTESIAN_POINT('',(37.5,0.,65.));
#700 = DIRECTION('',(0.,0.,-1.));
#701 = DIRECTION('',(1.,0.,0.));
#702 = PCURVE('',#88,#703);
#703 = DEFINITIONAL_REPRESENTATION('',(#704),#712);
#704 = ( BOUNDED_CURVE() B_SPLINE_CURVE(2,(#705,#706,#707,#708,#709,#710
,#711),.UNSPECIFIED.,.T.,.F.) B_SPLINE_CURVE_WITH_KNOTS((1,2,2,2,2,1),(
    -2.094395102393,0.,2.094395102393,4.188790204786,6.28318530718,
8.377580409573),.UNSPECIFIED.) CURVE() GEOMETRIC_REPRESENTATION_ITEM() 
RATIONAL_B_SPLINE_CURVE((1.,0.5,1.,0.5,1.,0.5,1.)) REPRESENTATION_ITEM(
  '') );
#705 = CARTESIAN_POINT('',(45.,-3.209892110372E-15));
#706 = CARTESIAN_POINT('',(45.,-12.99038105676));
#707 = CARTESIAN_POINT('',(33.75,-6.495190528383));
#708 = CARTESIAN_POINT('',(22.5,-5.046862309093E-15));
#709 = CARTESIAN_POINT('',(33.75,6.495190528383));
#710 = CARTESIAN_POINT('',(45.,12.990381056767));
#711 = CARTESIAN_POINT('',(45.,-3.209892110372E-15));
#712 = ( GEOMETRIC_REPRESENTATION_CONTEXT(2) 
PARAMETRIC_REPRESENTATION_CONTEXT() REPRESENTATION_CONTEXT('2D SPACE',''
  ) );
#713 = PCURVE('',#714,#719);
#714 = CYLINDRICAL_SURFACE('',#715,7.5);
#715 = AXIS2_PLACEMENT_3D('',#716,#717,#718);
#716 = CARTESIAN_POINT('',(37.5,0.,55.));
#717 = DIRECTION('',(-0.,-0.,-1.));
#718 = DIRECTION('',(1.,0.,0.));
#719 = DEFINITIONAL_REPRESENTATION('',(#720),#724);
#720 = LINE('',#721,#722);
#721 = CARTESIAN_POINT('',(-6.28318530718,-10.));
#722 = VECTOR('',#723,1.);
#723 = DIRECTION('',(1.,-0.));
#724 = ( GEOMETRIC_REPRESENTATION_CONTEXT(2) 
PARAMETRIC_REPRESENTATION_CONTEXT() REPRESENTATION_CONTEXT('2D SPACE',''
  ) );
#725 = FACE_BOUND('',#726,.T.);
#726 = EDGE_LOOP('',(#727));
#727 = ORIENTED_EDGE('',*,*,#728,.T.);
#728 = EDGE_CURVE('',#729,#729,#731,.T.);
#729 = VERTEX_POINT('',#730);
#730 = CARTESIAN_POINT('',(7.5,25.,65.));
#731 = SURFACE_CURVE('',#732,(#737,#748),.PCURVE_S1.);
#732 = CIRCLE('',#733,7.5);
#733 = AXIS2_PLACEMENT_3D('',#734,#735,#736);
#734 = CARTESIAN_POINT('',(0.,25.,65.));
#735 = DIRECTION('',(0.,0.,-1.));
#736 = DIRECTION('',(1.,0.,0.));
#737 = PCURVE('',#88,#738);
#738 = DEFINITIONAL_REPRESENTATION('',(#739),#747);
#739 = ( BOUNDED_CURVE() B_SPLINE_CURVE(2,(#740,#741,#742,#743,#744,#745
,#746),.UNSPECIFIED.,.T.,.F.) B_SPLINE_CURVE_WITH_KNOTS((1,2,2,2,2,1),(
    -2.094395102393,0.,2.094395102393,4.188790204786,6.28318530718,
8.377580409573),.UNSPECIFIED.) CURVE() GEOMETRIC_REPRESENTATION_ITEM() 
RATIONAL_B_SPLINE_CURVE((1.,0.5,1.,0.5,1.,0.5,1.)) REPRESENTATION_ITEM(
  '') );
#740 = CARTESIAN_POINT('',(7.5,25.));
#741 = CARTESIAN_POINT('',(7.5,12.009618943233));
#742 = CARTESIAN_POINT('',(-3.75,18.504809471617));
#743 = CARTESIAN_POINT('',(-15.,25.));
#744 = CARTESIAN_POINT('',(-3.75,31.495190528383));
#745 = CARTESIAN_POINT('',(7.5,37.990381056767));
#746 = CARTESIAN_POINT('',(7.5,25.));
#747 = ( GEOMETRIC_REPRESENTATION_CONTEXT(2) 
PARAMETRIC_REPRESENTATION_CONTEXT() REPRESENTATION_CONTEXT('2D SPACE',''
  ) );
#748 = PCURVE('',#749,#754);
#749 = CYLINDRICAL_SURFACE('',#750,7.5);
#750 = AXIS2_PLACEMENT_3D('',#751,#752,#753);
#751 = CARTESIAN_POINT('',(0.,25.,55.));
#752 = DIRECTION('',(-0.,-0.,-1.));
#753 = DIRECTION('',(1.,0.,0.));
#754 = DEFINITIONAL_REPRESENTATION('',(#755),#759);
#755 = LINE('',#756,#757);
#756 = CARTESIAN_POINT('',(-6.28318530718,-10.));
#757 = VECTOR('',#758,1.);
#758 = DIRECTION('',(1.,-0.));
#759 = ( GEOMETRIC_REPRESENTATION_CONTEXT(2) 
PARAMETRIC_REPRESENTATION_CONTEXT() REPRESENTATION_CONTEXT('2D SPACE',''
  ) );
#760 = FACE_BOUND('',#761,.T.);
#761 = EDGE_LOOP('',(#762));
#762 = ORIENTED_EDGE('',*,*,#763,.T.);
#763 = EDGE_CURVE('',#764,#764,#766,.T.);
#764 = VERTEX_POINT('',#765);
#765 = CARTESIAN_POINT('',(32.5,25.,65.));
#766 = SURFACE_CURVE('',#767,(#772,#783),.PCURVE_S1.);
#767 = CIRCLE('',#768,7.5);
#768 = AXIS2_PLACEMENT_3D('',#769,#770,#771);
#769 = CARTESIAN_POINT('',(25.,25.,65.));
#770 = DIRECTION('',(0.,0.,-1.));
#771 = DIRECTION('',(1.,0.,0.));
#772 = PCURVE('',#88,#773);
#773 = DEFINITIONAL_REPRESENTATION('',(#774),#782);
#774 = ( BOUNDED_CURVE() B_SPLINE_CURVE(2,(#775,#776,#777,#778,#779,#780
,#781),.UNSPECIFIED.,.T.,.F.) B_SPLINE_CURVE_WITH_KNOTS((1,2,2,2,2,1),(
    -2.094395102393,0.,2.094395102393,4.188790204786,6.28318530718,
8.377580409573),.UNSPECIFIED.) CURVE() GEOMETRIC_REPRESENTATION_ITEM() 
RATIONAL_B_SPLINE_CURVE((1.,0.5,1.,0.5,1.,0.5,1.)) REPRESENTATION_ITEM(
  '') );
#775 = CARTESIAN_POINT('',(32.5,25.));
#776 = CARTESIAN_POINT('',(32.5,12.009618943233));
#777 = CARTESIAN_POINT('',(21.25,18.504809471617));
#778 = CARTESIAN_POINT('',(10.,25.));
#779 = CARTESIAN_POINT('',(21.25,31.495190528383));
#780 = CARTESIAN_POINT('',(32.5,37.990381056767));
#781 = CARTESIAN_POINT('',(32.5,25.));
#782 = ( GEOMETRIC_REPRESENTATION_CONTEXT(2) 
PARAMETRIC_REPRESENTATION_CONTEXT() REPRESENTATION_CONTEXT('2D SPACE',''
  ) );
#783 = PCURVE('',#784,#789);
#784 = CYLINDRICAL_SURFACE('',#785,7.5);
#785 = AXIS2_PLACEMENT_3D('',#786,#787,#788);
#786 = CARTESIAN_POINT('',(25.,25.,55.));
#787 = DIRECTION('',(-0.,-0.,-1.));
#788 = DIRECTION('',(1.,0.,0.));
#789 = DEFINITIONAL_REPRESENTATION('',(#790),#794);
#790 = LINE('',#791,#792);
#791 = CARTESIAN_POINT('',(-6.28318530718,-10.));
#792 = VECTOR('',#793,1.);
#793 = DIRECTION('',(1.,-0.));
#794 = ( GEOMETRIC_REPRESENTATION_CONTEXT(2) 
PARAMETRIC_REPRESENTATION_CONTEXT() REPRESENTATION_CONTEXT('2D SPACE',''
  ) );
#795 = ADVANCED_FACE('',(#796),#151,.F.);
#796 = FACE_BOUND('',#797,.T.);
#797 = EDGE_LOOP('',(#798,#821,#822,#823));
#798 = ORIENTED_EDGE('',*,*,#799,.F.);
#799 = EDGE_CURVE('',#135,#800,#802,.T.);
#800 = VERTEX_POINT('',#801);
#801 = CARTESIAN_POINT('',(-18.5,-25.,455.));
#802 = SEAM_CURVE('',#803,(#807,#814),.PCURVE_S1.);
#803 = LINE('',#804,#805);
#804 = CARTESIAN_POINT('',(-18.5,-25.,55.));
#805 = VECTOR('',#806,1.);
#806 = DIRECTION('',(0.,0.,1.));
#807 = PCURVE('',#151,#808);
#808 = DEFINITIONAL_REPRESENTATION('',(#809),#813);
#809 = LINE('',#810,#811);
#810 = CARTESIAN_POINT('',(-6.28318530718,0.));
#811 = VECTOR('',#812,1.);
#812 = DIRECTION('',(-0.,-1.));
#813 = ( GEOMETRIC_REPRESENTATION_CONTEXT(2) 
PARAMETRIC_REPRESENTATION_CONTEXT() REPRESENTATION_CONTEXT('2D SPACE',''
  ) );
#814 = PCURVE('',#151,#815);
#815 = DEFINITIONAL_REPRESENTATION('',(#816),#820);
#816 = LINE('',#817,#818);
#817 = CARTESIAN_POINT('',(-0.,0.));
#818 = VECTOR('',#819,1.);
#819 = DIRECTION('',(-0.,-1.));
#820 = ( GEOMETRIC_REPRESENTATION_CONTEXT(2) 
PARAMETRIC_REPRESENTATION_CONTEXT() REPRESENTATION_CONTEXT('2D SPACE',''
  ) );
#821 = ORIENTED_EDGE('',*,*,#134,.F.);
#822 = ORIENTED_EDGE('',*,*,#799,.T.);
#823 = ORIENTED_EDGE('',*,*,#824,.T.);
#824 = EDGE_CURVE('',#800,#800,#825,.T.);
#825 = SURFACE_CURVE('',#826,(#831,#838),.PCURVE_S1.);
#826 = CIRCLE('',#827,6.5);
#827 = AXIS2_PLACEMENT_3D('',#828,#829,#830);
#828 = CARTESIAN_POINT('',(-25.,-25.,455.));
#829 = DIRECTION('',(0.,0.,1.));
#830 = DIRECTION('',(1.,0.,0.));
#831 = PCURVE('',#151,#832);
#832 = DEFINITIONAL_REPRESENTATION('',(#833),#837);
#833 = LINE('',#834,#835);
#834 = CARTESIAN_POINT('',(-0.,-400.));
#835 = VECTOR('',#836,1.);
#836 = DIRECTION('',(-1.,0.));
#837 = ( GEOMETRIC_REPRESENTATION_CONTEXT(2) 
PARAMETRIC_REPRESENTATION_CONTEXT() REPRESENTATION_CONTEXT('2D SPACE',''
  ) );
#838 = PCURVE('',#839,#844);
#839 = PLANE('',#840);
#840 = AXIS2_PLACEMENT_3D('',#841,#842,#843);
#841 = CARTESIAN_POINT('',(-25.,-25.,455.));
#842 = DIRECTION('',(0.,0.,1.));
#843 = DIRECTION('',(1.,0.,-0.));
#844 = DEFINITIONAL_REPRESENTATION('',(#845),#849);
#845 = CIRCLE('',#846,6.5);
#846 = AXIS2_PLACEMENT_2D('',#847,#848);
#847 = CARTESIAN_POINT('',(0.,0.));
#848 = DIRECTION('',(1.,0.));
#849 = ( GEOMETRIC_REPRESENTATION_CONTEXT(2) 
PARAMETRIC_REPRESENTATION_CONTEXT() REPRESENTATION_CONTEXT('2D SPACE',''
  ) );
#850 = ADVANCED_FACE('',(#851),#182,.F.);
#851 = FACE_BOUND('',#852,.T.);
#852 = EDGE_LOOP('',(#853,#876,#877,#878));
#853 = ORIENTED_EDGE('',*,*,#854,.F.);
#854 = EDGE_CURVE('',#166,#855,#857,.T.);
#855 = VERTEX_POINT('',#856);
#856 = CARTESIAN_POINT('',(6.5,-25.,455.));
#857 = SEAM_CURVE('',#858,(#862,#869),.PCURVE_S1.);
#858 = LINE('',#859,#860);
#859 = CARTESIAN_POINT('',(6.5,-25.,55.));
#860 = VECTOR('',#861,1.);
#861 = DIRECTION('',(0.,0.,1.));
#862 = PCURVE('',#182,#863);
#863 = DEFINITIONAL_REPRESENTATION('',(#864),#868);
#864 = LINE('',#865,#866);
#865 = CARTESIAN_POINT('',(-6.28318530718,0.));
#866 = VECTOR('',#867,1.);
#867 = DIRECTION('',(-0.,-1.));
#868 = ( GEOMETRIC_REPRESENTATION_CONTEXT(2) 
PARAMETRIC_REPRESENTATION_CONTEXT() REPRESENTATION_CONTEXT('2D SPACE',''
  ) );
#869 = PCURVE('',#182,#870);
#870 = DEFINITIONAL_REPRESENTATION('',(#871),#875);
#871 = LINE('',#872,#873);
#872 = CARTESIAN_POINT('',(-0.,0.));
#873 = VECTOR('',#874,1.);
#874 = DIRECTION('',(-0.,-1.));
#875 = ( GEOMETRIC_REPRESENTATION_CONTEXT(2) 
PARAMETRIC_REPRESENTATION_CONTEXT() REPRESENTATION_CONTEXT('2D SPACE',''
  ) );
#876 = ORIENTED_EDGE('',*,*,#165,.F.);
#877 = ORIENTED_EDGE('',*,*,#854,.T.);
#878 = ORIENTED_EDGE('',*,*,#879,.T.);
#879 = EDGE_CURVE('',#855,#855,#880,.T.);
#880 = SURFACE_CURVE('',#881,(#886,#893),.PCURVE_S1.);
#881 = CIRCLE('',#882,6.5);
#882 = AXIS2_PLACEMENT_3D('',#883,#884,#885);
#883 = CARTESIAN_POINT('',(0.,-25.,455.));
#884 = DIRECTION('',(0.,0.,1.));
#885 = DIRECTION('',(1.,0.,0.));
#886 = PCURVE('',#182,#887);
#887 = DEFINITIONAL_REPRESENTATION('',(#888),#892);
#888 = LINE('',#889,#890);
#889 = CARTESIAN_POINT('',(-0.,-400.));
#890 = VECTOR('',#891,1.);
#891 = DIRECTION('',(-1.,0.));
#892 = ( GEOMETRIC_REPRESENTATION_CONTEXT(2) 
PARAMETRIC_REPRESENTATION_CONTEXT() REPRESENTATION_CONTEXT('2D SPACE',''
  ) );
#893 = PCURVE('',#839,#894);
#894 = DEFINITIONAL_REPRESENTATION('',(#895),#899);
#895 = CIRCLE('',#896,6.5);
#896 = AXIS2_PLACEMENT_2D('',#897,#898);
#897 = CARTESIAN_POINT('',(25.,0.));
#898 = DIRECTION('',(1.,0.));
#899 = ( GEOMETRIC_REPRESENTATION_CONTEXT(2) 
PARAMETRIC_REPRESENTATION_CONTEXT() REPRESENTATION_CONTEXT('2D SPACE',''
  ) );
#900 = ADVANCED_FACE('',(#901),#213,.F.);
#901 = FACE_BOUND('',#902,.T.);
#902 = EDGE_LOOP('',(#903,#926,#927,#928));
#903 = ORIENTED_EDGE('',*,*,#904,.F.);
#904 = EDGE_CURVE('',#197,#905,#907,.T.);
#905 = VERTEX_POINT('',#906);
#906 = CARTESIAN_POINT('',(31.5,-25.,455.));
#907 = SEAM_CURVE('',#908,(#912,#919),.PCURVE_S1.);
#908 = LINE('',#909,#910);
#909 = CARTESIAN_POINT('',(31.5,-25.,55.));
#910 = VECTOR('',#911,1.);
#911 = DIRECTION('',(0.,0.,1.));
#912 = PCURVE('',#213,#913);
#913 = DEFINITIONAL_REPRESENTATION('',(#914),#918);
#914 = LINE('',#915,#916);
#915 = CARTESIAN_POINT('',(-6.28318530718,0.));
#916 = VECTOR('',#917,1.);
#917 = DIRECTION('',(-0.,-1.));
#918 = ( GEOMETRIC_REPRESENTATION_CONTEXT(2) 
PARAMETRIC_REPRESENTATION_CONTEXT() REPRESENTATION_CONTEXT('2D SPACE',''
  ) );
#919 = PCURVE('',#213,#920);
#920 = DEFINITIONAL_REPRESENTATION('',(#921),#925);
#921 = LINE('',#922,#923);
#922 = CARTESIAN_POINT('',(-0.,0.));
#923 = VECTOR('',#924,1.);
#924 = DIRECTION('',(-0.,-1.));
#925 = ( GEOMETRIC_REPRESENTATION_CONTEXT(2) 
PARAMETRIC_REPRESENTATION_CONTEXT() REPRESENTATION_CONTEXT('2D SPACE',''
  ) );
#926 = ORIENTED_EDGE('',*,*,#196,.F.);
#927 = ORIENTED_EDGE('',*,*,#904,.T.);
#928 = ORIENTED_EDGE('',*,*,#929,.T.);
#929 = EDGE_CURVE('',#905,#905,#930,.T.);
#930 = SURFACE_CURVE('',#931,(#936,#943),.PCURVE_S1.);
#931 = CIRCLE('',#932,6.5);
#932 = AXIS2_PLACEMENT_3D('',#933,#934,#935);
#933 = CARTESIAN_POINT('',(25.,-25.,455.));
#934 = DIRECTION('',(0.,0.,1.));
#935 = DIRECTION('',(1.,0.,0.));
#936 = PCURVE('',#213,#937);
#937 = DEFINITIONAL_REPRESENTATION('',(#938),#942);
#938 = LINE('',#939,#940);
#939 = CARTESIAN_POINT('',(-0.,-400.));
#940 = VECTOR('',#941,1.);
#941 = DIRECTION('',(-1.,0.));
#942 = ( GEOMETRIC_REPRESENTATION_CONTEXT(2) 
PARAMETRIC_REPRESENTATION_CONTEXT() REPRESENTATION_CONTEXT('2D SPACE',''
  ) );
#943 = PCURVE('',#839,#944);
#944 = DEFINITIONAL_REPRESENTATION('',(#945),#949);
#945 = CIRCLE('',#946,6.5);
#946 = AXIS2_PLACEMENT_2D('',#947,#948);
#947 = CARTESIAN_POINT('',(50.,0.));
#948 = DIRECTION('',(1.,0.));
#949 = ( GEOMETRIC_REPRESENTATION_CONTEXT(2) 
PARAMETRIC_REPRESENTATION_CONTEXT() REPRESENTATION_CONTEXT('2D SPACE',''
  ) );
#950 = ADVANCED_FACE('',(#951),#244,.F.);
#951 = FACE_BOUND('',#952,.T.);
#952 = EDGE_LOOP('',(#953,#976,#977,#978));
#953 = ORIENTED_EDGE('',*,*,#954,.F.);
#954 = EDGE_CURVE('',#228,#955,#957,.T.);
#955 = VERTEX_POINT('',#956);
#956 = CARTESIAN_POINT('',(-31.,0.,455.));
#957 = SEAM_CURVE('',#958,(#962,#969),.PCURVE_S1.);
#958 = LINE('',#959,#960);
#959 = CARTESIAN_POINT('',(-31.,0.,55.));
#960 = VECTOR('',#961,1.);
#961 = DIRECTION('',(0.,0.,1.));
#962 = PCURVE('',#244,#963);
#963 = DEFINITIONAL_REPRESENTATION('',(#964),#968);
#964 = LINE('',#965,#966);
#965 = CARTESIAN_POINT('',(-6.28318530718,0.));
#966 = VECTOR('',#967,1.);
#967 = DIRECTION('',(-0.,-1.));
#968 = ( GEOMETRIC_REPRESENTATION_CONTEXT(2) 
PARAMETRIC_REPRESENTATION_CONTEXT() REPRESENTATION_CONTEXT('2D SPACE',''
  ) );
#969 = PCURVE('',#244,#970);
#970 = DEFINITIONAL_REPRESENTATION('',(#971),#975);
#971 = LINE('',#972,#973);
#972 = CARTESIAN_POINT('',(-0.,0.));
#973 = VECTOR('',#974,1.);
#974 = DIRECTION('',(-0.,-1.));
#975 = ( GEOMETRIC_REPRESENTATION_CONTEXT(2) 
PARAMETRIC_REPRESENTATION_CONTEXT() REPRESENTATION_CONTEXT('2D SPACE',''
  ) );
#976 = ORIENTED_EDGE('',*,*,#227,.F.);
#977 = ORIENTED_EDGE('',*,*,#954,.T.);
#978 = ORIENTED_EDGE('',*,*,#979,.T.);
#979 = EDGE_CURVE('',#955,#955,#980,.T.);
#980 = SURFACE_CURVE('',#981,(#986,#993),.PCURVE_S1.);
#981 = CIRCLE('',#982,6.5);
#982 = AXIS2_PLACEMENT_3D('',#983,#984,#985);
#983 = CARTESIAN_POINT('',(-37.5,0.,455.));
#984 = DIRECTION('',(0.,0.,1.));
#985 = DIRECTION('',(1.,0.,0.));
#986 = PCURVE('',#244,#987);
#987 = DEFINITIONAL_REPRESENTATION('',(#988),#992);
#988 = LINE('',#989,#990);
#989 = CARTESIAN_POINT('',(-0.,-400.));
#990 = VECTOR('',#991,1.);
#991 = DIRECTION('',(-1.,0.));
#992 = ( GEOMETRIC_REPRESENTATION_CONTEXT(2) 
PARAMETRIC_REPRESENTATION_CONTEXT() REPRESENTATION_CONTEXT('2D SPACE',''
  ) );
#993 = PCURVE('',#839,#994);
#994 = DEFINITIONAL_REPRESENTATION('',(#995),#999);
#995 = CIRCLE('',#996,6.5);
#996 = AXIS2_PLACEMENT_2D('',#997,#998);
#997 = CARTESIAN_POINT('',(-12.5,25.));
#998 = DIRECTION('',(1.,0.));
#999 = ( GEOMETRIC_REPRESENTATION_CONTEXT(2) 
PARAMETRIC_REPRESENTATION_CONTEXT() REPRESENTATION_CONTEXT('2D SPACE',''
  ) );
#1000 = ADVANCED_FACE('',(#1001),#275,.F.);
#1001 = FACE_BOUND('',#1002,.T.);
#1002 = EDGE_LOOP('',(#1003,#1026,#1027,#1028));
#1003 = ORIENTED_EDGE('',*,*,#1004,.F.);
#1004 = EDGE_CURVE('',#259,#1005,#1007,.T.);
#1005 = VERTEX_POINT('',#1006);
#1006 = CARTESIAN_POINT('',(-6.,0.,455.));
#1007 = SEAM_CURVE('',#1008,(#1012,#1019),.PCURVE_S1.);
#1008 = LINE('',#1009,#1010);
#1009 = CARTESIAN_POINT('',(-6.,0.,55.));
#1010 = VECTOR('',#1011,1.);
#1011 = DIRECTION('',(0.,0.,1.));
#1012 = PCURVE('',#275,#1013);
#1013 = DEFINITIONAL_REPRESENTATION('',(#1014),#1018);
#1014 = LINE('',#1015,#1016);
#1015 = CARTESIAN_POINT('',(-6.28318530718,0.));
#1016 = VECTOR('',#1017,1.);
#1017 = DIRECTION('',(-0.,-1.));
#1018 = ( GEOMETRIC_REPRESENTATION_CONTEXT(2) 
PARAMETRIC_REPRESENTATION_CONTEXT() REPRESENTATION_CONTEXT('2D SPACE',''
  ) );
#1019 = PCURVE('',#275,#1020);
#1020 = DEFINITIONAL_REPRESENTATION('',(#1021),#1025);
#1021 = LINE('',#1022,#1023);
#1022 = CARTESIAN_POINT('',(-0.,0.));
#1023 = VECTOR('',#1024,1.);
#1024 = DIRECTION('',(-0.,-1.));
#1025 = ( GEOMETRIC_REPRESENTATION_CONTEXT(2) 
PARAMETRIC_REPRESENTATION_CONTEXT() REPRESENTATION_CONTEXT('2D SPACE',''
  ) );
#1026 = ORIENTED_EDGE('',*,*,#258,.F.);
#1027 = ORIENTED_EDGE('',*,*,#1004,.T.);
#1028 = ORIENTED_EDGE('',*,*,#1029,.T.);
#1029 = EDGE_CURVE('',#1005,#1005,#1030,.T.);
#1030 = SURFACE_CURVE('',#1031,(#1036,#1043),.PCURVE_S1.);
#1031 = CIRCLE('',#1032,6.5);
#1032 = AXIS2_PLACEMENT_3D('',#1033,#1034,#1035);
#1033 = CARTESIAN_POINT('',(-12.5,0.,455.));
#1034 = DIRECTION('',(0.,0.,1.));
#1035 = DIRECTION('',(1.,0.,0.));
#1036 = PCURVE('',#275,#1037);
#1037 = DEFINITIONAL_REPRESENTATION('',(#1038),#1042);
#1038 = LINE('',#1039,#1040);
#1039 = CARTESIAN_POINT('',(-0.,-400.));
#1040 = VECTOR('',#1041,1.);
#1041 = DIRECTION('',(-1.,0.));
#1042 = ( GEOMETRIC_REPRESENTATION_CONTEXT(2) 
PARAMETRIC_REPRESENTATION_CONTEXT() REPRESENTATION_CONTEXT('2D SPACE',''
  ) );
#1043 = PCURVE('',#839,#1044);
#1044 = DEFINITIONAL_REPRESENTATION('',(#1045),#1049);
#1045 = CIRCLE('',#1046,6.5);
#1046 = AXIS2_PLACEMENT_2D('',#1047,#1048);
#1047 = CARTESIAN_POINT('',(12.5,25.));
#1048 = DIRECTION('',(1.,0.));
#1049 = ( GEOMETRIC_REPRESENTATION_CONTEXT(2) 
PARAMETRIC_REPRESENTATION_CONTEXT() REPRESENTATION_CONTEXT('2D SPACE',''
  ) );
#1050 = ADVANCED_FACE('',(#1051),#306,.F.);
#1051 = FACE_BOUND('',#1052,.T.);
#1052 = EDGE_LOOP('',(#1053,#1076,#1077,#1078));
#1053 = ORIENTED_EDGE('',*,*,#1054,.F.);
#1054 = EDGE_CURVE('',#290,#1055,#1057,.T.);
#1055 = VERTEX_POINT('',#1056);
#1056 = CARTESIAN_POINT('',(-18.5,25.,455.));
#1057 = SEAM_CURVE('',#1058,(#1062,#1069),.PCURVE_S1.);
#1058 = LINE('',#1059,#1060);
#1059 = CARTESIAN_POINT('',(-18.5,25.,55.));
#1060 = VECTOR('',#1061,1.);
#1061 = DIRECTION('',(0.,0.,1.));
#1062 = PCURVE('',#306,#1063);
#1063 = DEFINITIONAL_REPRESENTATION('',(#1064),#1068);
#1064 = LINE('',#1065,#1066);
#1065 = CARTESIAN_POINT('',(-6.28318530718,0.));
#1066 = VECTOR('',#1067,1.);
#1067 = DIRECTION('',(-0.,-1.));
#1068 = ( GEOMETRIC_REPRESENTATION_CONTEXT(2) 
PARAMETRIC_REPRESENTATION_CONTEXT() REPRESENTATION_CONTEXT('2D SPACE',''
  ) );
#1069 = PCURVE('',#306,#1070);
#1070 = DEFINITIONAL_REPRESENTATION('',(#1071),#1075);
#1071 = LINE('',#1072,#1073);
#1072 = CARTESIAN_POINT('',(-0.,0.));
#1073 = VECTOR('',#1074,1.);
#1074 = DIRECTION('',(-0.,-1.));
#1075 = ( GEOMETRIC_REPRESENTATION_CONTEXT(2) 
PARAMETRIC_REPRESENTATION_CONTEXT() REPRESENTATION_CONTEXT('2D SPACE',''
  ) );
#1076 = ORIENTED_EDGE('',*,*,#289,.F.);
#1077 = ORIENTED_EDGE('',*,*,#1054,.T.);
#1078 = ORIENTED_EDGE('',*,*,#1079,.T.);
#1079 = EDGE_CURVE('',#1055,#1055,#1080,.T.);
#1080 = SURFACE_CURVE('',#1081,(#1086,#1093),.PCURVE_S1.);
#1081 = CIRCLE('',#1082,6.5);
#1082 = AXIS2_PLACEMENT_3D('',#1083,#1084,#1085);
#1083 = CARTESIAN_POINT('',(-25.,25.,455.));
#1084 = DIRECTION('',(0.,0.,1.));
#1085 = DIRECTION('',(1.,0.,0.));
#1086 = PCURVE('',#306,#1087);
#1087 = DEFINITIONAL_REPRESENTATION('',(#1088),#1092);
#1088 = LINE('',#1089,#1090);
#1089 = CARTESIAN_POINT('',(-0.,-400.));
#1090 = VECTOR('',#1091,1.);
#1091 = DIRECTION('',(-1.,0.));
#1092 = ( GEOMETRIC_REPRESENTATION_CONTEXT(2) 
PARAMETRIC_REPRESENTATION_CONTEXT() REPRESENTATION_CONTEXT('2D SPACE',''
  ) );
#1093 = PCURVE('',#839,#1094);
#1094 = DEFINITIONAL_REPRESENTATION('',(#1095),#1099);
#1095 = CIRCLE('',#1096,6.5);
#1096 = AXIS2_PLACEMENT_2D('',#1097,#1098);
#1097 = CARTESIAN_POINT('',(0.,50.));
#1098 = DIRECTION('',(1.,0.));
#1099 = ( GEOMETRIC_REPRESENTATION_CONTEXT(2) 
PARAMETRIC_REPRESENTATION_CONTEXT() REPRESENTATION_CONTEXT('2D SPACE',''
  ) );
#1100 = ADVANCED_FACE('',(#1101),#337,.F.);
#1101 = FACE_BOUND('',#1102,.T.);
#1102 = EDGE_LOOP('',(#1103,#1126,#1127,#1128));
#1103 = ORIENTED_EDGE('',*,*,#1104,.F.);
#1104 = EDGE_CURVE('',#321,#1105,#1107,.T.);
#1105 = VERTEX_POINT('',#1106);
#1106 = CARTESIAN_POINT('',(19.,0.,455.));
#1107 = SEAM_CURVE('',#1108,(#1112,#1119),.PCURVE_S1.);
#1108 = LINE('',#1109,#1110);
#1109 = CARTESIAN_POINT('',(19.,0.,55.));
#1110 = VECTOR('',#1111,1.);
#1111 = DIRECTION('',(0.,0.,1.));
#1112 = PCURVE('',#337,#1113);
#1113 = DEFINITIONAL_REPRESENTATION('',(#1114),#1118);
#1114 = LINE('',#1115,#1116);
#1115 = CARTESIAN_POINT('',(-6.28318530718,0.));
#1116 = VECTOR('',#1117,1.);
#1117 = DIRECTION('',(-0.,-1.));
#1118 = ( GEOMETRIC_REPRESENTATION_CONTEXT(2) 
PARAMETRIC_REPRESENTATION_CONTEXT() REPRESENTATION_CONTEXT('2D SPACE',''
  ) );
#1119 = PCURVE('',#337,#1120);
#1120 = DEFINITIONAL_REPRESENTATION('',(#1121),#1125);
#1121 = LINE('',#1122,#1123);
#1122 = CARTESIAN_POINT('',(-0.,0.));
#1123 = VECTOR('',#1124,1.);
#1124 = DIRECTION('',(-0.,-1.));
#1125 = ( GEOMETRIC_REPRESENTATION_CONTEXT(2) 
PARAMETRIC_REPRESENTATION_CONTEXT() REPRESENTATION_CONTEXT('2D SPACE',''
  ) );
#1126 = ORIENTED_EDGE('',*,*,#320,.F.);
#1127 = ORIENTED_EDGE('',*,*,#1104,.T.);
#1128 = ORIENTED_EDGE('',*,*,#1129,.T.);
#1129 = EDGE_CURVE('',#1105,#1105,#1130,.T.);
#1130 = SURFACE_CURVE('',#1131,(#1136,#1143),.PCURVE_S1.);
#1131 = CIRCLE('',#1132,6.5);
#1132 = AXIS2_PLACEMENT_3D('',#1133,#1134,#1135);
#1133 = CARTESIAN_POINT('',(12.5,0.,455.));
#1134 = DIRECTION('',(0.,0.,1.));
#1135 = DIRECTION('',(1.,0.,0.));
#1136 = PCURVE('',#337,#1137);
#1137 = DEFINITIONAL_REPRESENTATION('',(#1138),#1142);
#1138 = LINE('',#1139,#1140);
#1139 = CARTESIAN_POINT('',(-0.,-400.));
#1140 = VECTOR('',#1141,1.);
#1141 = DIRECTION('',(-1.,0.));
#1142 = ( GEOMETRIC_REPRESENTATION_CONTEXT(2) 
PARAMETRIC_REPRESENTATION_CONTEXT() REPRESENTATION_CONTEXT('2D SPACE',''
  ) );
#1143 = PCURVE('',#839,#1144);
#1144 = DEFINITIONAL_REPRESENTATION('',(#1145),#1149);
#1145 = CIRCLE('',#1146,6.5);
#1146 = AXIS2_PLACEMENT_2D('',#1147,#1148);
#1147 = CARTESIAN_POINT('',(37.5,25.));
#1148 = DIRECTION('',(1.,0.));
#1149 = ( GEOMETRIC_REPRESENTATION_CONTEXT(2) 
PARAMETRIC_REPRESENTATION_CONTEXT() REPRESENTATION_CONTEXT('2D SPACE',''
  ) );
#1150 = ADVANCED_FACE('',(#1151),#368,.F.);
#1151 = FACE_BOUND('',#1152,.T.);
#1152 = EDGE_LOOP('',(#1153,#1176,#1177,#1178));
#1153 = ORIENTED_EDGE('',*,*,#1154,.F.);
#1154 = EDGE_CURVE('',#352,#1155,#1157,.T.);
#1155 = VERTEX_POINT('',#1156);
#1156 = CARTESIAN_POINT('',(44.,0.,455.));
#1157 = SEAM_CURVE('',#1158,(#1162,#1169),.PCURVE_S1.);
#1158 = LINE('',#1159,#1160);
#1159 = CARTESIAN_POINT('',(44.,0.,55.));
#1160 = VECTOR('',#1161,1.);
#1161 = DIRECTION('',(0.,0.,1.));
#1162 = PCURVE('',#368,#1163);
#1163 = DEFINITIONAL_REPRESENTATION('',(#1164),#1168);
#1164 = LINE('',#1165,#1166);
#1165 = CARTESIAN_POINT('',(-6.28318530718,0.));
#1166 = VECTOR('',#1167,1.);
#1167 = DIRECTION('',(-0.,-1.));
#1168 = ( GEOMETRIC_REPRESENTATION_CONTEXT(2) 
PARAMETRIC_REPRESENTATION_CONTEXT() REPRESENTATION_CONTEXT('2D SPACE',''
  ) );
#1169 = PCURVE('',#368,#1170);
#1170 = DEFINITIONAL_REPRESENTATION('',(#1171),#1175);
#1171 = LINE('',#1172,#1173);
#1172 = CARTESIAN_POINT('',(-0.,0.));
#1173 = VECTOR('',#1174,1.);
#1174 = DIRECTION('',(-0.,-1.));
#1175 = ( GEOMETRIC_REPRESENTATION_CONTEXT(2) 
PARAMETRIC_REPRESENTATION_CONTEXT() REPRESENTATION_CONTEXT('2D SPACE',''
  ) );
#1176 = ORIENTED_EDGE('',*,*,#351,.F.);
#1177 = ORIENTED_EDGE('',*,*,#1154,.T.);
#1178 = ORIENTED_EDGE('',*,*,#1179,.T.);
#1179 = EDGE_CURVE('',#1155,#1155,#1180,.T.);
#1180 = SURFACE_CURVE('',#1181,(#1186,#1193),.PCURVE_S1.);
#1181 = CIRCLE('',#1182,6.5);
#1182 = AXIS2_PLACEMENT_3D('',#1183,#1184,#1185);
#1183 = CARTESIAN_POINT('',(37.5,0.,455.));
#1184 = DIRECTION('',(0.,0.,1.));
#1185 = DIRECTION('',(1.,0.,0.));
#1186 = PCURVE('',#368,#1187);
#1187 = DEFINITIONAL_REPRESENTATION('',(#1188),#1192);
#1188 = LINE('',#1189,#1190);
#1189 = CARTESIAN_POINT('',(-0.,-400.));
#1190 = VECTOR('',#1191,1.);
#1191 = DIRECTION('',(-1.,0.));
#1192 = ( GEOMETRIC_REPRESENTATION_CONTEXT(2) 
PARAMETRIC_REPRESENTATION_CONTEXT() REPRESENTATION_CONTEXT('2D SPACE',''
  ) );
#1193 = PCURVE('',#839,#1194);
#1194 = DEFINITIONAL_REPRESENTATION('',(#1195),#1199);
#1195 = CIRCLE('',#1196,6.5);
#1196 = AXIS2_PLACEMENT_2D('',#1197,#1198);
#1197 = CARTESIAN_POINT('',(62.5,25.));
#1198 = DIRECTION('',(1.,0.));
#1199 = ( GEOMETRIC_REPRESENTATION_CONTEXT(2) 
PARAMETRIC_REPRESENTATION_CONTEXT() REPRESENTATION_CONTEXT('2D SPACE',''
  ) );
#1200 = ADVANCED_FACE('',(#1201),#399,.F.);
#1201 = FACE_BOUND('',#1202,.T.);
#1202 = EDGE_LOOP('',(#1203,#1226,#1227,#1228));
#1203 = ORIENTED_EDGE('',*,*,#1204,.F.);
#1204 = EDGE_CURVE('',#383,#1205,#1207,.T.);
#1205 = VERTEX_POINT('',#1206);
#1206 = CARTESIAN_POINT('',(6.5,25.,455.));
#1207 = SEAM_CURVE('',#1208,(#1212,#1219),.PCURVE_S1.);
#1208 = LINE('',#1209,#1210);
#1209 = CARTESIAN_POINT('',(6.5,25.,55.));
#1210 = VECTOR('',#1211,1.);
#1211 = DIRECTION('',(0.,0.,1.));
#1212 = PCURVE('',#399,#1213);
#1213 = DEFINITIONAL_REPRESENTATION('',(#1214),#1218);
#1214 = LINE('',#1215,#1216);
#1215 = CARTESIAN_POINT('',(-6.28318530718,0.));
#1216 = VECTOR('',#1217,1.);
#1217 = DIRECTION('',(-0.,-1.));
#1218 = ( GEOMETRIC_REPRESENTATION_CONTEXT(2) 
PARAMETRIC_REPRESENTATION_CONTEXT() REPRESENTATION_CONTEXT('2D SPACE',''
  ) );
#1219 = PCURVE('',#399,#1220);
#1220 = DEFINITIONAL_REPRESENTATION('',(#1221),#1225);
#1221 = LINE('',#1222,#1223);
#1222 = CARTESIAN_POINT('',(-0.,0.));
#1223 = VECTOR('',#1224,1.);
#1224 = DIRECTION('',(-0.,-1.));
#1225 = ( GEOMETRIC_REPRESENTATION_CONTEXT(2) 
PARAMETRIC_REPRESENTATION_CONTEXT() REPRESENTATION_CONTEXT('2D SPACE',''
  ) );
#1226 = ORIENTED_EDGE('',*,*,#382,.F.);
#1227 = ORIENTED_EDGE('',*,*,#1204,.T.);
#1228 = ORIENTED_EDGE('',*,*,#1229,.T.);
#1229 = EDGE_CURVE('',#1205,#1205,#1230,.T.);
#1230 = SURFACE_CURVE('',#1231,(#1236,#1243),.PCURVE_S1.);
#1231 = CIRCLE('',#1232,6.5);
#1232 = AXIS2_PLACEMENT_3D('',#1233,#1234,#1235);
#1233 = CARTESIAN_POINT('',(0.,25.,455.));
#1234 = DIRECTION('',(0.,0.,1.));
#1235 = DIRECTION('',(1.,0.,0.));
#1236 = PCURVE('',#399,#1237);
#1237 = DEFINITIONAL_REPRESENTATION('',(#1238),#1242);
#1238 = LINE('',#1239,#1240);
#1239 = CARTESIAN_POINT('',(-0.,-400.));
#1240 = VECTOR('',#1241,1.);
#1241 = DIRECTION('',(-1.,0.));
#1242 = ( GEOMETRIC_REPRESENTATION_CONTEXT(2) 
PARAMETRIC_REPRESENTATION_CONTEXT() REPRESENTATION_CONTEXT('2D SPACE',''
  ) );
#1243 = PCURVE('',#839,#1244);
#1244 = DEFINITIONAL_REPRESENTATION('',(#1245),#1249);
#1245 = CIRCLE('',#1246,6.5);
#1246 = AXIS2_PLACEMENT_2D('',#1247,#1248);
#1247 = CARTESIAN_POINT('',(25.,50.));
#1248 = DIRECTION('',(1.,0.));
#1249 = ( GEOMETRIC_REPRESENTATION_CONTEXT(2) 
PARAMETRIC_REPRESENTATION_CONTEXT() REPRESENTATION_CONTEXT('2D SPACE',''
  ) );
#1250 = ADVANCED_FACE('',(#1251),#430,.F.);
#1251 = FACE_BOUND('',#1252,.T.);
#1252 = EDGE_LOOP('',(#1253,#1276,#1277,#1278));
#1253 = ORIENTED_EDGE('',*,*,#1254,.F.);
#1254 = EDGE_CURVE('',#414,#1255,#1257,.T.);
#1255 = VERTEX_POINT('',#1256);
#1256 = CARTESIAN_POINT('',(31.5,25.,455.));
#1257 = SEAM_CURVE('',#1258,(#1262,#1269),.PCURVE_S1.);
#1258 = LINE('',#1259,#1260);
#1259 = CARTESIAN_POINT('',(31.5,25.,55.));
#1260 = VECTOR('',#1261,1.);
#1261 = DIRECTION('',(0.,0.,1.));
#1262 = PCURVE('',#430,#1263);
#1263 = DEFINITIONAL_REPRESENTATION('',(#1264),#1268);
#1264 = LINE('',#1265,#1266);
#1265 = CARTESIAN_POINT('',(-6.28318530718,0.));
#1266 = VECTOR('',#1267,1.);
#1267 = DIRECTION('',(-0.,-1.));
#1268 = ( GEOMETRIC_REPRESENTATION_CONTEXT(2) 
PARAMETRIC_REPRESENTATION_CONTEXT() REPRESENTATION_CONTEXT('2D SPACE',''
  ) );
#1269 = PCURVE('',#430,#1270);
#1270 = DEFINITIONAL_REPRESENTATION('',(#1271),#1275);
#1271 = LINE('',#1272,#1273);
#1272 = CARTESIAN_POINT('',(-0.,0.));
#1273 = VECTOR('',#1274,1.);
#1274 = DIRECTION('',(-0.,-1.));
#1275 = ( GEOMETRIC_REPRESENTATION_CONTEXT(2) 
PARAMETRIC_REPRESENTATION_CONTEXT() REPRESENTATION_CONTEXT('2D SPACE',''
  ) );
#1276 = ORIENTED_EDGE('',*,*,#413,.F.);
#1277 = ORIENTED_EDGE('',*,*,#1254,.T.);
#1278 = ORIENTED_EDGE('',*,*,#1279,.T.);
#1279 = EDGE_CURVE('',#1255,#1255,#1280,.T.);
#1280 = SURFACE_CURVE('',#1281,(#1286,#1293),.PCURVE_S1.);
#1281 = CIRCLE('',#1282,6.5);
#1282 = AXIS2_PLACEMENT_3D('',#1283,#1284,#1285);
#1283 = CARTESIAN_POINT('',(25.,25.,455.));
#1284 = DIRECTION('',(0.,0.,1.));
#1285 = DIRECTION('',(1.,0.,0.));
#1286 = PCURVE('',#430,#1287);
#1287 = DEFINITIONAL_REPRESENTATION('',(#1288),#1292);
#1288 = LINE('',#1289,#1290);
#1289 = CARTESIAN_POINT('',(-0.,-400.));
#1290 = VECTOR('',#1291,1.);
#1291 = DIRECTION('',(-1.,0.));
#1292 = ( GEOMETRIC_REPRESENTATION_CONTEXT(2) 
PARAMETRIC_REPRESENTATION_CONTEXT() REPRESENTATION_CONTEXT('2D SPACE',''
  ) );
#1293 = PCURVE('',#839,#1294);
#1294 = DEFINITIONAL_REPRESENTATION('',(#1295),#1299);
#1295 = CIRCLE('',#1296,6.5);
#1296 = AXIS2_PLACEMENT_2D('',#1297,#1298);
#1297 = CARTESIAN_POINT('',(50.,50.));
#1298 = DIRECTION('',(1.,0.));
#1299 = ( GEOMETRIC_REPRESENTATION_CONTEXT(2) 
PARAMETRIC_REPRESENTATION_CONTEXT() REPRESENTATION_CONTEXT('2D SPACE',''
  ) );
#1300 = ADVANCED_FACE('',(#1301),#469,.T.);
#1301 = FACE_BOUND('',#1302,.F.);
#1302 = EDGE_LOOP('',(#1303,#1326,#1327,#1328,#1361,#1389,#1422,#1445,
    #1476,#1477));
#1303 = ORIENTED_EDGE('',*,*,#1304,.F.);
#1304 = EDGE_CURVE('',#449,#1305,#1307,.T.);
#1305 = VERTEX_POINT('',#1306);
#1306 = CARTESIAN_POINT('',(-17.5,-25.,133.));
#1307 = SEAM_CURVE('',#1308,(#1312,#1319),.PCURVE_S1.);
#1308 = LINE('',#1309,#1310);
#1309 = CARTESIAN_POINT('',(-17.5,-25.,55.));
#1310 = VECTOR('',#1311,1.);
#1311 = DIRECTION('',(0.,0.,1.));
#1312 = PCURVE('',#469,#1313);
#1313 = DEFINITIONAL_REPRESENTATION('',(#1314),#1318);
#1314 = LINE('',#1315,#1316);
#1315 = CARTESIAN_POINT('',(-6.28318530718,0.));
#1316 = VECTOR('',#1317,1.);
#1317 = DIRECTION('',(-0.,-1.));
#1318 = ( GEOMETRIC_REPRESENTATION_CONTEXT(2) 
PARAMETRIC_REPRESENTATION_CONTEXT() REPRESENTATION_CONTEXT('2D SPACE',''
  ) );
#1319 = PCURVE('',#469,#1320);
#1320 = DEFINITIONAL_REPRESENTATION('',(#1321),#1325);
#1321 = LINE('',#1322,#1323);
#1322 = CARTESIAN_POINT('',(-0.,0.));
#1323 = VECTOR('',#1324,1.);
#1324 = DIRECTION('',(-0.,-1.));
#1325 = ( GEOMETRIC_REPRESENTATION_CONTEXT(2) 
PARAMETRIC_REPRESENTATION_CONTEXT() REPRESENTATION_CONTEXT('2D SPACE',''
  ) );
#1326 = ORIENTED_EDGE('',*,*,#448,.T.);
#1327 = ORIENTED_EDGE('',*,*,#1304,.T.);
#1328 = ORIENTED_EDGE('',*,*,#1329,.F.);
#1329 = EDGE_CURVE('',#1330,#1305,#1332,.T.);
#1330 = VERTEX_POINT('',#1331);
#1331 = CARTESIAN_POINT('',(-32.5,-25.,133.));
#1332 = SURFACE_CURVE('',#1333,(#1338,#1345),.PCURVE_S1.);
#1333 = CIRCLE('',#1334,7.5);
#1334 = AXIS2_PLACEMENT_3D('',#1335,#1336,#1337);
#1335 = CARTESIAN_POINT('',(-25.,-25.,133.));
#1336 = DIRECTION('',(0.,0.,-1.));
#1337 = DIRECTION('',(1.,0.,0.));
#1338 = PCURVE('',#469,#1339);
#1339 = DEFINITIONAL_REPRESENTATION('',(#1340),#1344);
#1340 = LINE('',#1341,#1342);
#1341 = CARTESIAN_POINT('',(-6.28318530718,-78.));
#1342 = VECTOR('',#1343,1.);
#1343 = DIRECTION('',(1.,-0.));
#1344 = ( GEOMETRIC_REPRESENTATION_CONTEXT(2) 
PARAMETRIC_REPRESENTATION_CONTEXT() REPRESENTATION_CONTEXT('2D SPACE',''
  ) );
#1345 = PCURVE('',#1346,#1351);
#1346 = PLANE('',#1347);
#1347 = AXIS2_PLACEMENT_3D('',#1348,#1349,#1350);
#1348 = CARTESIAN_POINT('',(-1.75032336965E-15,3.209892110372E-15,133.)
  );
#1349 = DIRECTION('',(0.,0.,1.));
#1350 = DIRECTION('',(1.,0.,-0.));
#1351 = DEFINITIONAL_REPRESENTATION('',(#1352),#1360);
#1352 = ( BOUNDED_CURVE() B_SPLINE_CURVE(2,(#1353,#1354,#1355,#1356,
#1357,#1358,#1359),.UNSPECIFIED.,.T.,.F.) B_SPLINE_CURVE_WITH_KNOTS((1,2
    ,2,2,2,1),(-2.094395102393,0.,2.094395102393,4.188790204786,
6.28318530718,8.377580409573),.UNSPECIFIED.) CURVE() 
GEOMETRIC_REPRESENTATION_ITEM() RATIONAL_B_SPLINE_CURVE((1.,0.5,1.,0.5,
1.,0.5,1.)) REPRESENTATION_ITEM('') );
#1353 = CARTESIAN_POINT('',(-17.5,-25.));
#1354 = CARTESIAN_POINT('',(-17.5,-37.99038105676));
#1355 = CARTESIAN_POINT('',(-28.75,-31.49519052838));
#1356 = CARTESIAN_POINT('',(-40.,-25.));
#1357 = CARTESIAN_POINT('',(-28.75,-18.50480947161));
#1358 = CARTESIAN_POINT('',(-17.5,-12.00961894323));
#1359 = CARTESIAN_POINT('',(-17.5,-25.));
#1360 = ( GEOMETRIC_REPRESENTATION_CONTEXT(2) 
PARAMETRIC_REPRESENTATION_CONTEXT() REPRESENTATION_CONTEXT('2D SPACE',''
  ) );
#1361 = ORIENTED_EDGE('',*,*,#1362,.F.);
#1362 = EDGE_CURVE('',#1363,#1330,#1365,.T.);
#1363 = VERTEX_POINT('',#1364);
#1364 = CARTESIAN_POINT('',(-32.5,-25.,143.));
#1365 = SURFACE_CURVE('',#1366,(#1370,#1377),.PCURVE_S1.);
#1366 = LINE('',#1367,#1368);
#1367 = CARTESIAN_POINT('',(-32.5,-25.,55.));
#1368 = VECTOR('',#1369,1.);
#1369 = DIRECTION('',(-0.,-0.,-1.));
#1370 = PCURVE('',#469,#1371);
#1371 = DEFINITIONAL_REPRESENTATION('',(#1372),#1376);
#1372 = LINE('',#1373,#1374);
#1373 = CARTESIAN_POINT('',(-3.14159265359,0.));
#1374 = VECTOR('',#1375,1.);
#1375 = DIRECTION('',(-0.,1.));
#1376 = ( GEOMETRIC_REPRESENTATION_CONTEXT(2) 
PARAMETRIC_REPRESENTATION_CONTEXT() REPRESENTATION_CONTEXT('2D SPACE',''
  ) );
#1377 = PCURVE('',#1378,#1383);
#1378 = PLANE('',#1379);
#1379 = AXIS2_PLACEMENT_3D('',#1380,#1381,#1382);
#1380 = CARTESIAN_POINT('',(-50.,-25.,133.));
#1381 = DIRECTION('',(0.,1.,0.));
#1382 = DIRECTION('',(1.,0.,0.));
#1383 = DEFINITIONAL_REPRESENTATION('',(#1384),#1388);
#1384 = LINE('',#1385,#1386);
#1385 = CARTESIAN_POINT('',(17.5,78.));
#1386 = VECTOR('',#1387,1.);
#1387 = DIRECTION('',(0.,1.));
#1388 = ( GEOMETRIC_REPRESENTATION_CONTEXT(2) 
PARAMETRIC_REPRESENTATION_CONTEXT() REPRESENTATION_CONTEXT('2D SPACE',''
  ) );
#1389 = ORIENTED_EDGE('',*,*,#1390,.T.);
#1390 = EDGE_CURVE('',#1363,#1391,#1393,.T.);
#1391 = VERTEX_POINT('',#1392);
#1392 = CARTESIAN_POINT('',(-17.5,-25.,143.));
#1393 = SURFACE_CURVE('',#1394,(#1399,#1406),.PCURVE_S1.);
#1394 = CIRCLE('',#1395,7.5);
#1395 = AXIS2_PLACEMENT_3D('',#1396,#1397,#1398);
#1396 = CARTESIAN_POINT('',(-25.,-25.,143.));
#1397 = DIRECTION('',(0.,0.,-1.));
#1398 = DIRECTION('',(1.,0.,0.));
#1399 = PCURVE('',#469,#1400);
#1400 = DEFINITIONAL_REPRESENTATION('',(#1401),#1405);
#1401 = LINE('',#1402,#1403);
#1402 = CARTESIAN_POINT('',(-6.28318530718,-88.));
#1403 = VECTOR('',#1404,1.);
#1404 = DIRECTION('',(1.,-0.));
#1405 = ( GEOMETRIC_REPRESENTATION_CONTEXT(2) 
PARAMETRIC_REPRESENTATION_CONTEXT() REPRESENTATION_CONTEXT('2D SPACE',''
  ) );
#1406 = PCURVE('',#1407,#1412);
#1407 = PLANE('',#1408);
#1408 = AXIS2_PLACEMENT_3D('',#1409,#1410,#1411);
#1409 = CARTESIAN_POINT('',(-1.75032336965E-15,3.209892110372E-15,143.)
  );
#1410 = DIRECTION('',(0.,0.,1.));
#1411 = DIRECTION('',(1.,0.,-0.));
#1412 = DEFINITIONAL_REPRESENTATION('',(#1413),#1421);
#1413 = ( BOUNDED_CURVE() B_SPLINE_CURVE(2,(#1414,#1415,#1416,#1417,
#1418,#1419,#1420),.UNSPECIFIED.,.T.,.F.) B_SPLINE_CURVE_WITH_KNOTS((1,2
    ,2,2,2,1),(-2.094395102393,0.,2.094395102393,4.188790204786,
6.28318530718,8.377580409573),.UNSPECIFIED.) CURVE() 
GEOMETRIC_REPRESENTATION_ITEM() RATIONAL_B_SPLINE_CURVE((1.,0.5,1.,0.5,
1.,0.5,1.)) REPRESENTATION_ITEM('') );
#1414 = CARTESIAN_POINT('',(-17.5,-25.));
#1415 = CARTESIAN_POINT('',(-17.5,-37.99038105676));
#1416 = CARTESIAN_POINT('',(-28.75,-31.49519052838));
#1417 = CARTESIAN_POINT('',(-40.,-25.));
#1418 = CARTESIAN_POINT('',(-28.75,-18.50480947161));
#1419 = CARTESIAN_POINT('',(-17.5,-12.00961894323));
#1420 = CARTESIAN_POINT('',(-17.5,-25.));
#1421 = ( GEOMETRIC_REPRESENTATION_CONTEXT(2) 
PARAMETRIC_REPRESENTATION_CONTEXT() REPRESENTATION_CONTEXT('2D SPACE',''
  ) );
#1422 = ORIENTED_EDGE('',*,*,#1423,.T.);
#1423 = EDGE_CURVE('',#1391,#1424,#1426,.T.);
#1424 = VERTEX_POINT('',#1425);
#1425 = CARTESIAN_POINT('',(-17.5,-25.,211.));
#1426 = SEAM_CURVE('',#1427,(#1431,#1438),.PCURVE_S1.);
#1427 = LINE('',#1428,#1429);
#1428 = CARTESIAN_POINT('',(-17.5,-25.,55.));
#1429 = VECTOR('',#1430,1.);
#1430 = DIRECTION('',(0.,0.,1.));
#1431 = PCURVE('',#469,#1432);
#1432 = DEFINITIONAL_REPRESENTATION('',(#1433),#1437);
#1433 = LINE('',#1434,#1435);
#1434 = CARTESIAN_POINT('',(-6.28318530718,0.));
#1435 = VECTOR('',#1436,1.);
#1436 = DIRECTION('',(-0.,-1.));
#1437 = ( GEOMETRIC_REPRESENTATION_CONTEXT(2) 
PARAMETRIC_REPRESENTATION_CONTEXT() REPRESENTATION_CONTEXT('2D SPACE',''
  ) );
#1438 = PCURVE('',#469,#1439);
#1439 = DEFINITIONAL_REPRESENTATION('',(#1440),#1444);
#1440 = LINE('',#1441,#1442);
#1441 = CARTESIAN_POINT('',(-0.,0.));
#1442 = VECTOR('',#1443,1.);
#1443 = DIRECTION('',(-0.,-1.));
#1444 = ( GEOMETRIC_REPRESENTATION_CONTEXT(2) 
PARAMETRIC_REPRESENTATION_CONTEXT() REPRESENTATION_CONTEXT('2D SPACE',''
  ) );
#1445 = ORIENTED_EDGE('',*,*,#1446,.F.);
#1446 = EDGE_CURVE('',#1424,#1424,#1447,.T.);
#1447 = SURFACE_CURVE('',#1448,(#1453,#1460),.PCURVE_S1.);
#1448 = CIRCLE('',#1449,7.5);
#1449 = AXIS2_PLACEMENT_3D('',#1450,#1451,#1452);
#1450 = CARTESIAN_POINT('',(-25.,-25.,211.));
#1451 = DIRECTION('',(0.,0.,-1.));
#1452 = DIRECTION('',(1.,0.,0.));
#1453 = PCURVE('',#469,#1454);
#1454 = DEFINITIONAL_REPRESENTATION('',(#1455),#1459);
#1455 = LINE('',#1456,#1457);
#1456 = CARTESIAN_POINT('',(-6.28318530718,-156.));
#1457 = VECTOR('',#1458,1.);
#1458 = DIRECTION('',(1.,-0.));
#1459 = ( GEOMETRIC_REPRESENTATION_CONTEXT(2) 
PARAMETRIC_REPRESENTATION_CONTEXT() REPRESENTATION_CONTEXT('2D SPACE',''
  ) );
#1460 = PCURVE('',#1461,#1466);
#1461 = PLANE('',#1462);
#1462 = AXIS2_PLACEMENT_3D('',#1463,#1464,#1465);
#1463 = CARTESIAN_POINT('',(-1.75032336965E-15,3.209892110372E-15,211.)
  );
#1464 = DIRECTION('',(0.,0.,1.));
#1465 = DIRECTION('',(1.,0.,-0.));
#1466 = DEFINITIONAL_REPRESENTATION('',(#1467),#1475);
#1467 = ( BOUNDED_CURVE() B_SPLINE_CURVE(2,(#1468,#1469,#1470,#1471,
#1472,#1473,#1474),.UNSPECIFIED.,.T.,.F.) B_SPLINE_CURVE_WITH_KNOTS((1,2
    ,2,2,2,1),(-2.094395102393,0.,2.094395102393,4.188790204786,
6.28318530718,8.377580409573),.UNSPECIFIED.) CURVE() 
GEOMETRIC_REPRESENTATION_ITEM() RATIONAL_B_SPLINE_CURVE((1.,0.5,1.,0.5,
1.,0.5,1.)) REPRESENTATION_ITEM('') );
#1468 = CARTESIAN_POINT('',(-17.5,-25.));
#1469 = CARTESIAN_POINT('',(-17.5,-37.99038105676));
#1470 = CARTESIAN_POINT('',(-28.75,-31.49519052838));
#1471 = CARTESIAN_POINT('',(-40.,-25.));
#1472 = CARTESIAN_POINT('',(-28.75,-18.50480947161));
#1473 = CARTESIAN_POINT('',(-17.5,-12.00961894323));
#1474 = CARTESIAN_POINT('',(-17.5,-25.));
#1475 = ( GEOMETRIC_REPRESENTATION_CONTEXT(2) 
PARAMETRIC_REPRESENTATION_CONTEXT() REPRESENTATION_CONTEXT('2D SPACE',''
  ) );
#1476 = ORIENTED_EDGE('',*,*,#1423,.F.);
#1477 = ORIENTED_EDGE('',*,*,#1478,.F.);
#1478 = EDGE_CURVE('',#1305,#1391,#1479,.T.);
#1479 = SURFACE_CURVE('',#1480,(#1484,#1490),.PCURVE_S1.);
#1480 = LINE('',#1481,#1482);
#1481 = CARTESIAN_POINT('',(-17.5,-25.,55.));
#1482 = VECTOR('',#1483,1.);
#1483 = DIRECTION('',(0.,0.,1.));
#1484 = PCURVE('',#469,#1485);
#1485 = DEFINITIONAL_REPRESENTATION('',(#1486),#1489);
#1486 = B_SPLINE_CURVE_WITH_KNOTS('',1,(#1487,#1488),.UNSPECIFIED.,.F.,
  .F.,(2,2),(78.,88.),.PIECEWISE_BEZIER_KNOTS.);
#1487 = CARTESIAN_POINT('',(-6.28318530718,-78.));
#1488 = CARTESIAN_POINT('',(-6.28318530718,-88.));
#1489 = ( GEOMETRIC_REPRESENTATION_CONTEXT(2) 
PARAMETRIC_REPRESENTATION_CONTEXT() REPRESENTATION_CONTEXT('2D SPACE',''
  ) );
#1490 = PCURVE('',#1491,#1496);
#1491 = PLANE('',#1492);
#1492 = AXIS2_PLACEMENT_3D('',#1493,#1494,#1495);
#1493 = CARTESIAN_POINT('',(-50.,-25.,133.));
#1494 = DIRECTION('',(0.,1.,0.));
#1495 = DIRECTION('',(1.,0.,0.));
#1496 = DEFINITIONAL_REPRESENTATION('',(#1497),#1501);
#1497 = LINE('',#1498,#1499);
#1498 = CARTESIAN_POINT('',(32.5,78.));
#1499 = VECTOR('',#1500,1.);
#1500 = DIRECTION('',(0.,-1.));
#1501 = ( GEOMETRIC_REPRESENTATION_CONTEXT(2) 
PARAMETRIC_REPRESENTATION_CONTEXT() REPRESENTATION_CONTEXT('2D SPACE',''
  ) );
#1502 = ADVANCED_FACE('',(#1503),#504,.T.);
#1503 = FACE_BOUND('',#1504,.F.);
#1504 = EDGE_LOOP('',(#1505,#1528,#1529,#1530,#1558,#1581,#1609,#1632,
    #1658,#1659));
#1505 = ORIENTED_EDGE('',*,*,#1506,.F.);
#1506 = EDGE_CURVE('',#484,#1507,#1509,.T.);
#1507 = VERTEX_POINT('',#1508);
#1508 = CARTESIAN_POINT('',(7.5,-25.,133.));
#1509 = SEAM_CURVE('',#1510,(#1514,#1521),.PCURVE_S1.);
#1510 = LINE('',#1511,#1512);
#1511 = CARTESIAN_POINT('',(7.5,-25.,55.));
#1512 = VECTOR('',#1513,1.);
#1513 = DIRECTION('',(0.,0.,1.));
#1514 = PCURVE('',#504,#1515);
#1515 = DEFINITIONAL_REPRESENTATION('',(#1516),#1520);
#1516 = LINE('',#1517,#1518);
#1517 = CARTESIAN_POINT('',(-6.28318530718,0.));
#1518 = VECTOR('',#1519,1.);
#1519 = DIRECTION('',(-0.,-1.));
#1520 = ( GEOMETRIC_REPRESENTATION_CONTEXT(2) 
PARAMETRIC_REPRESENTATION_CONTEXT() REPRESENTATION_CONTEXT('2D SPACE',''
  ) );
#1521 = PCURVE('',#504,#1522);
#1522 = DEFINITIONAL_REPRESENTATION('',(#1523),#1527);
#1523 = LINE('',#1524,#1525);
#1524 = CARTESIAN_POINT('',(-0.,0.));
#1525 = VECTOR('',#1526,1.);
#1526 = DIRECTION('',(-0.,-1.));
#1527 = ( GEOMETRIC_REPRESENTATION_CONTEXT(2) 
PARAMETRIC_REPRESENTATION_CONTEXT() REPRESENTATION_CONTEXT('2D SPACE',''
  ) );
#1528 = ORIENTED_EDGE('',*,*,#483,.T.);
#1529 = ORIENTED_EDGE('',*,*,#1506,.T.);
#1530 = ORIENTED_EDGE('',*,*,#1531,.F.);
#1531 = EDGE_CURVE('',#1532,#1507,#1534,.T.);
#1532 = VERTEX_POINT('',#1533);
#1533 = CARTESIAN_POINT('',(-7.5,-25.,133.));
#1534 = SURFACE_CURVE('',#1535,(#1540,#1547),.PCURVE_S1.);
#1535 = CIRCLE('',#1536,7.5);
#1536 = AXIS2_PLACEMENT_3D('',#1537,#1538,#1539);
#1537 = CARTESIAN_POINT('',(0.,-25.,133.));
#1538 = DIRECTION('',(0.,0.,-1.));
#1539 = DIRECTION('',(1.,0.,0.));
#1540 = PCURVE('',#504,#1541);
#1541 = DEFINITIONAL_REPRESENTATION('',(#1542),#1546);
#1542 = LINE('',#1543,#1544);
#1543 = CARTESIAN_POINT('',(-6.28318530718,-78.));
#1544 = VECTOR('',#1545,1.);
#1545 = DIRECTION('',(1.,-0.));
#1546 = ( GEOMETRIC_REPRESENTATION_CONTEXT(2) 
PARAMETRIC_REPRESENTATION_CONTEXT() REPRESENTATION_CONTEXT('2D SPACE',''
  ) );
#1547 = PCURVE('',#1346,#1548);
#1548 = DEFINITIONAL_REPRESENTATION('',(#1549),#1557);
#1549 = ( BOUNDED_CURVE() B_SPLINE_CURVE(2,(#1550,#1551,#1552,#1553,
#1554,#1555,#1556),.UNSPECIFIED.,.T.,.F.) B_SPLINE_CURVE_WITH_KNOTS((1,2
    ,2,2,2,1),(-2.094395102393,0.,2.094395102393,4.188790204786,
6.28318530718,8.377580409573),.UNSPECIFIED.) CURVE() 
GEOMETRIC_REPRESENTATION_ITEM() RATIONAL_B_SPLINE_CURVE((1.,0.5,1.,0.5,
1.,0.5,1.)) REPRESENTATION_ITEM('') );
#1550 = CARTESIAN_POINT('',(7.5,-25.));
#1551 = CARTESIAN_POINT('',(7.5,-37.99038105676));
#1552 = CARTESIAN_POINT('',(-3.75,-31.49519052838));
#1553 = CARTESIAN_POINT('',(-15.,-25.));
#1554 = CARTESIAN_POINT('',(-3.75,-18.50480947161));
#1555 = CARTESIAN_POINT('',(7.5,-12.00961894323));
#1556 = CARTESIAN_POINT('',(7.5,-25.));
#1557 = ( GEOMETRIC_REPRESENTATION_CONTEXT(2) 
PARAMETRIC_REPRESENTATION_CONTEXT() REPRESENTATION_CONTEXT('2D SPACE',''
  ) );
#1558 = ORIENTED_EDGE('',*,*,#1559,.F.);
#1559 = EDGE_CURVE('',#1560,#1532,#1562,.T.);
#1560 = VERTEX_POINT('',#1561);
#1561 = CARTESIAN_POINT('',(-7.5,-25.,143.));
#1562 = SURFACE_CURVE('',#1563,(#1567,#1574),.PCURVE_S1.);
#1563 = LINE('',#1564,#1565);
#1564 = CARTESIAN_POINT('',(-7.5,-25.,55.));
#1565 = VECTOR('',#1566,1.);
#1566 = DIRECTION('',(-0.,-0.,-1.));
#1567 = PCURVE('',#504,#1568);
#1568 = DEFINITIONAL_REPRESENTATION('',(#1569),#1573);
#1569 = LINE('',#1570,#1571);
#1570 = CARTESIAN_POINT('',(-3.14159265359,0.));
#1571 = VECTOR('',#1572,1.);
#1572 = DIRECTION('',(-0.,1.));
#1573 = ( GEOMETRIC_REPRESENTATION_CONTEXT(2) 
PARAMETRIC_REPRESENTATION_CONTEXT() REPRESENTATION_CONTEXT('2D SPACE',''
  ) );
#1574 = PCURVE('',#1491,#1575);
#1575 = DEFINITIONAL_REPRESENTATION('',(#1576),#1580);
#1576 = LINE('',#1577,#1578);
#1577 = CARTESIAN_POINT('',(42.5,78.));
#1578 = VECTOR('',#1579,1.);
#1579 = DIRECTION('',(0.,1.));
#1580 = ( GEOMETRIC_REPRESENTATION_CONTEXT(2) 
PARAMETRIC_REPRESENTATION_CONTEXT() REPRESENTATION_CONTEXT('2D SPACE',''
  ) );
#1581 = ORIENTED_EDGE('',*,*,#1582,.T.);
#1582 = EDGE_CURVE('',#1560,#1583,#1585,.T.);
#1583 = VERTEX_POINT('',#1584);
#1584 = CARTESIAN_POINT('',(7.5,-25.,143.));
#1585 = SURFACE_CURVE('',#1586,(#1591,#1598),.PCURVE_S1.);
#1586 = CIRCLE('',#1587,7.5);
#1587 = AXIS2_PLACEMENT_3D('',#1588,#1589,#1590);
#1588 = CARTESIAN_POINT('',(0.,-25.,143.));
#1589 = DIRECTION('',(0.,0.,-1.));
#1590 = DIRECTION('',(1.,0.,0.));
#1591 = PCURVE('',#504,#1592);
#1592 = DEFINITIONAL_REPRESENTATION('',(#1593),#1597);
#1593 = LINE('',#1594,#1595);
#1594 = CARTESIAN_POINT('',(-6.28318530718,-88.));
#1595 = VECTOR('',#1596,1.);
#1596 = DIRECTION('',(1.,-0.));
#1597 = ( GEOMETRIC_REPRESENTATION_CONTEXT(2) 
PARAMETRIC_REPRESENTATION_CONTEXT() REPRESENTATION_CONTEXT('2D SPACE',''
  ) );
#1598 = PCURVE('',#1407,#1599);
#1599 = DEFINITIONAL_REPRESENTATION('',(#1600),#1608);
#1600 = ( BOUNDED_CURVE() B_SPLINE_CURVE(2,(#1601,#1602,#1603,#1604,
#1605,#1606,#1607),.UNSPECIFIED.,.T.,.F.) B_SPLINE_CURVE_WITH_KNOTS((1,2
    ,2,2,2,1),(-2.094395102393,0.,2.094395102393,4.188790204786,
6.28318530718,8.377580409573),.UNSPECIFIED.) CURVE() 
GEOMETRIC_REPRESENTATION_ITEM() RATIONAL_B_SPLINE_CURVE((1.,0.5,1.,0.5,
1.,0.5,1.)) REPRESENTATION_ITEM('') );
#1601 = CARTESIAN_POINT('',(7.5,-25.));
#1602 = CARTESIAN_POINT('',(7.5,-37.99038105676));
#1603 = CARTESIAN_POINT('',(-3.75,-31.49519052838));
#1604 = CARTESIAN_POINT('',(-15.,-25.));
#1605 = CARTESIAN_POINT('',(-3.75,-18.50480947161));
#1606 = CARTESIAN_POINT('',(7.5,-12.00961894323));
#1607 = CARTESIAN_POINT('',(7.5,-25.));
#1608 = ( GEOMETRIC_REPRESENTATION_CONTEXT(2) 
PARAMETRIC_REPRESENTATION_CONTEXT() REPRESENTATION_CONTEXT('2D SPACE',''
  ) );
#1609 = ORIENTED_EDGE('',*,*,#1610,.T.);
#1610 = EDGE_CURVE('',#1583,#1611,#1613,.T.);
#1611 = VERTEX_POINT('',#1612);
#1612 = CARTESIAN_POINT('',(7.5,-25.,211.));
#1613 = SEAM_CURVE('',#1614,(#1618,#1625),.PCURVE_S1.);
#1614 = LINE('',#1615,#1616);
#1615 = CARTESIAN_POINT('',(7.5,-25.,55.));
#1616 = VECTOR('',#1617,1.);
#1617 = DIRECTION('',(0.,0.,1.));
#1618 = PCURVE('',#504,#1619);
#1619 = DEFINITIONAL_REPRESENTATION('',(#1620),#1624);
#1620 = LINE('',#1621,#1622);
#1621 = CARTESIAN_POINT('',(-6.28318530718,0.));
#1622 = VECTOR('',#1623,1.);
#1623 = DIRECTION('',(-0.,-1.));
#1624 = ( GEOMETRIC_REPRESENTATION_CONTEXT(2) 
PARAMETRIC_REPRESENTATION_CONTEXT() REPRESENTATION_CONTEXT('2D SPACE',''
  ) );
#1625 = PCURVE('',#504,#1626);
#1626 = DEFINITIONAL_REPRESENTATION('',(#1627),#1631);
#1627 = LINE('',#1628,#1629);
#1628 = CARTESIAN_POINT('',(-0.,0.));
#1629 = VECTOR('',#1630,1.);
#1630 = DIRECTION('',(-0.,-1.));
#1631 = ( GEOMETRIC_REPRESENTATION_CONTEXT(2) 
PARAMETRIC_REPRESENTATION_CONTEXT() REPRESENTATION_CONTEXT('2D SPACE',''
  ) );
#1632 = ORIENTED_EDGE('',*,*,#1633,.F.);
#1633 = EDGE_CURVE('',#1611,#1611,#1634,.T.);
#1634 = SURFACE_CURVE('',#1635,(#1640,#1647),.PCURVE_S1.);
#1635 = CIRCLE('',#1636,7.5);
#1636 = AXIS2_PLACEMENT_3D('',#1637,#1638,#1639);
#1637 = CARTESIAN_POINT('',(0.,-25.,211.));
#1638 = DIRECTION('',(0.,0.,-1.));
#1639 = DIRECTION('',(1.,0.,0.));
#1640 = PCURVE('',#504,#1641);
#1641 = DEFINITIONAL_REPRESENTATION('',(#1642),#1646);
#1642 = LINE('',#1643,#1644);
#1643 = CARTESIAN_POINT('',(-6.28318530718,-156.));
#1644 = VECTOR('',#1645,1.);
#1645 = DIRECTION('',(1.,-0.));
#1646 = ( GEOMETRIC_REPRESENTATION_CONTEXT(2) 
PARAMETRIC_REPRESENTATION_CONTEXT() REPRESENTATION_CONTEXT('2D SPACE',''
  ) );
#1647 = PCURVE('',#1461,#1648);
#1648 = DEFINITIONAL_REPRESENTATION('',(#1649),#1657);
#1649 = ( BOUNDED_CURVE() B_SPLINE_CURVE(2,(#1650,#1651,#1652,#1653,
#1654,#1655,#1656),.UNSPECIFIED.,.T.,.F.) B_SPLINE_CURVE_WITH_KNOTS((1,2
    ,2,2,2,1),(-2.094395102393,0.,2.094395102393,4.188790204786,
6.28318530718,8.377580409573),.UNSPECIFIED.) CURVE() 
GEOMETRIC_REPRESENTATION_ITEM() RATIONAL_B_SPLINE_CURVE((1.,0.5,1.,0.5,
1.,0.5,1.)) REPRESENTATION_ITEM('') );
#1650 = CARTESIAN_POINT('',(7.5,-25.));
#1651 = CARTESIAN_POINT('',(7.5,-37.99038105676));
#1652 = CARTESIAN_POINT('',(-3.75,-31.49519052838));
#1653 = CARTESIAN_POINT('',(-15.,-25.));
#1654 = CARTESIAN_POINT('',(-3.75,-18.50480947161));
#1655 = CARTESIAN_POINT('',(7.5,-12.00961894323));
#1656 = CARTESIAN_POINT('',(7.5,-25.));
#1657 = ( GEOMETRIC_REPRESENTATION_CONTEXT(2) 
PARAMETRIC_REPRESENTATION_CONTEXT() REPRESENTATION_CONTEXT('2D SPACE',''
  ) );
#1658 = ORIENTED_EDGE('',*,*,#1610,.F.);
#1659 = ORIENTED_EDGE('',*,*,#1660,.F.);
#1660 = EDGE_CURVE('',#1507,#1583,#1661,.T.);
#1661 = SURFACE_CURVE('',#1662,(#1666,#1672),.PCURVE_S1.);
#1662 = LINE('',#1663,#1664);
#1663 = CARTESIAN_POINT('',(7.5,-25.,55.));
#1664 = VECTOR('',#1665,1.);
#1665 = DIRECTION('',(0.,0.,1.));
#1666 = PCURVE('',#504,#1667);
#1667 = DEFINITIONAL_REPRESENTATION('',(#1668),#1671);
#1668 = B_SPLINE_CURVE_WITH_KNOTS('',1,(#1669,#1670),.UNSPECIFIED.,.F.,
  .F.,(2,2),(78.,88.),.PIECEWISE_BEZIER_KNOTS.);
#1669 = CARTESIAN_POINT('',(-6.28318530718,-78.));
#1670 = CARTESIAN_POINT('',(-6.28318530718,-88.));
#1671 = ( GEOMETRIC_REPRESENTATION_CONTEXT(2) 
PARAMETRIC_REPRESENTATION_CONTEXT() REPRESENTATION_CONTEXT('2D SPACE',''
  ) );
#1672 = PCURVE('',#1673,#1678);
#1673 = PLANE('',#1674);
#1674 = AXIS2_PLACEMENT_3D('',#1675,#1676,#1677);
#1675 = CARTESIAN_POINT('',(-50.,-25.,133.));
#1676 = DIRECTION('',(0.,1.,0.));
#1677 = DIRECTION('',(1.,0.,0.));
#1678 = DEFINITIONAL_REPRESENTATION('',(#1679),#1683);
#1679 = LINE('',#1680,#1681);
#1680 = CARTESIAN_POINT('',(57.5,78.));
#1681 = VECTOR('',#1682,1.);
#1682 = DIRECTION('',(0.,-1.));
#1683 = ( GEOMETRIC_REPRESENTATION_CONTEXT(2) 
PARAMETRIC_REPRESENTATION_CONTEXT() REPRESENTATION_CONTEXT('2D SPACE',''
  ) );
#1684 = ADVANCED_FACE('',(#1685),#539,.T.);
#1685 = FACE_BOUND('',#1686,.F.);
#1686 = EDGE_LOOP('',(#1687,#1710,#1711,#1712,#1740,#1763,#1791,#1814,
    #1840,#1841));
#1687 = ORIENTED_EDGE('',*,*,#1688,.F.);
#1688 = EDGE_CURVE('',#519,#1689,#1691,.T.);
#1689 = VERTEX_POINT('',#1690);
#1690 = CARTESIAN_POINT('',(32.5,-25.,133.));
#1691 = SEAM_CURVE('',#1692,(#1696,#1703),.PCURVE_S1.);
#1692 = LINE('',#1693,#1694);
#1693 = CARTESIAN_POINT('',(32.5,-25.,55.));
#1694 = VECTOR('',#1695,1.);
#1695 = DIRECTION('',(0.,0.,1.));
#1696 = PCURVE('',#539,#1697);
#1697 = DEFINITIONAL_REPRESENTATION('',(#1698),#1702);
#1698 = LINE('',#1699,#1700);
#1699 = CARTESIAN_POINT('',(-6.28318530718,0.));
#1700 = VECTOR('',#1701,1.);
#1701 = DIRECTION('',(-0.,-1.));
#1702 = ( GEOMETRIC_REPRESENTATION_CONTEXT(2) 
PARAMETRIC_REPRESENTATION_CONTEXT() REPRESENTATION_CONTEXT('2D SPACE',''
  ) );
#1703 = PCURVE('',#539,#1704);
#1704 = DEFINITIONAL_REPRESENTATION('',(#1705),#1709);
#1705 = LINE('',#1706,#1707);
#1706 = CARTESIAN_POINT('',(-0.,0.));
#1707 = VECTOR('',#1708,1.);
#1708 = DIRECTION('',(-0.,-1.));
#1709 = ( GEOMETRIC_REPRESENTATION_CONTEXT(2) 
PARAMETRIC_REPRESENTATION_CONTEXT() REPRESENTATION_CONTEXT('2D SPACE',''
  ) );
#1710 = ORIENTED_EDGE('',*,*,#518,.T.);
#1711 = ORIENTED_EDGE('',*,*,#1688,.T.);
#1712 = ORIENTED_EDGE('',*,*,#1713,.F.);
#1713 = EDGE_CURVE('',#1714,#1689,#1716,.T.);
#1714 = VERTEX_POINT('',#1715);
#1715 = CARTESIAN_POINT('',(17.5,-25.,133.));
#1716 = SURFACE_CURVE('',#1717,(#1722,#1729),.PCURVE_S1.);
#1717 = CIRCLE('',#1718,7.5);
#1718 = AXIS2_PLACEMENT_3D('',#1719,#1720,#1721);
#1719 = CARTESIAN_POINT('',(25.,-25.,133.));
#1720 = DIRECTION('',(0.,0.,-1.));
#1721 = DIRECTION('',(1.,0.,0.));
#1722 = PCURVE('',#539,#1723);
#1723 = DEFINITIONAL_REPRESENTATION('',(#1724),#1728);
#1724 = LINE('',#1725,#1726);
#1725 = CARTESIAN_POINT('',(-6.28318530718,-78.));
#1726 = VECTOR('',#1727,1.);
#1727 = DIRECTION('',(1.,-0.));
#1728 = ( GEOMETRIC_REPRESENTATION_CONTEXT(2) 
PARAMETRIC_REPRESENTATION_CONTEXT() REPRESENTATION_CONTEXT('2D SPACE',''
  ) );
#1729 = PCURVE('',#1346,#1730);
#1730 = DEFINITIONAL_REPRESENTATION('',(#1731),#1739);
#1731 = ( BOUNDED_CURVE() B_SPLINE_CURVE(2,(#1732,#1733,#1734,#1735,
#1736,#1737,#1738),.UNSPECIFIED.,.T.,.F.) B_SPLINE_CURVE_WITH_KNOTS((1,2
    ,2,2,2,1),(-2.094395102393,0.,2.094395102393,4.188790204786,
6.28318530718,8.377580409573),.UNSPECIFIED.) CURVE() 
GEOMETRIC_REPRESENTATION_ITEM() RATIONAL_B_SPLINE_CURVE((1.,0.5,1.,0.5,
1.,0.5,1.)) REPRESENTATION_ITEM('') );
#1732 = CARTESIAN_POINT('',(32.5,-25.));
#1733 = CARTESIAN_POINT('',(32.5,-37.99038105676));
#1734 = CARTESIAN_POINT('',(21.25,-31.49519052838));
#1735 = CARTESIAN_POINT('',(10.,-25.));
#1736 = CARTESIAN_POINT('',(21.25,-18.50480947161));
#1737 = CARTESIAN_POINT('',(32.5,-12.00961894323));
#1738 = CARTESIAN_POINT('',(32.5,-25.));
#1739 = ( GEOMETRIC_REPRESENTATION_CONTEXT(2) 
PARAMETRIC_REPRESENTATION_CONTEXT() REPRESENTATION_CONTEXT('2D SPACE',''
  ) );
#1740 = ORIENTED_EDGE('',*,*,#1741,.F.);
#1741 = EDGE_CURVE('',#1742,#1714,#1744,.T.);
#1742 = VERTEX_POINT('',#1743);
#1743 = CARTESIAN_POINT('',(17.5,-25.,143.));
#1744 = SURFACE_CURVE('',#1745,(#1749,#1756),.PCURVE_S1.);
#1745 = LINE('',#1746,#1747);
#1746 = CARTESIAN_POINT('',(17.5,-25.,55.));
#1747 = VECTOR('',#1748,1.);
#1748 = DIRECTION('',(-0.,-0.,-1.));
#1749 = PCURVE('',#539,#1750);
#1750 = DEFINITIONAL_REPRESENTATION('',(#1751),#1755);
#1751 = LINE('',#1752,#1753);
#1752 = CARTESIAN_POINT('',(-3.14159265359,0.));
#1753 = VECTOR('',#1754,1.);
#1754 = DIRECTION('',(-0.,1.));
#1755 = ( GEOMETRIC_REPRESENTATION_CONTEXT(2) 
PARAMETRIC_REPRESENTATION_CONTEXT() REPRESENTATION_CONTEXT('2D SPACE',''
  ) );
#1756 = PCURVE('',#1673,#1757);
#1757 = DEFINITIONAL_REPRESENTATION('',(#1758),#1762);
#1758 = LINE('',#1759,#1760);
#1759 = CARTESIAN_POINT('',(67.5,78.));
#1760 = VECTOR('',#1761,1.);
#1761 = DIRECTION('',(0.,1.));
#1762 = ( GEOMETRIC_REPRESENTATION_CONTEXT(2) 
PARAMETRIC_REPRESENTATION_CONTEXT() REPRESENTATION_CONTEXT('2D SPACE',''
  ) );
#1763 = ORIENTED_EDGE('',*,*,#1764,.T.);
#1764 = EDGE_CURVE('',#1742,#1765,#1767,.T.);
#1765 = VERTEX_POINT('',#1766);
#1766 = CARTESIAN_POINT('',(32.5,-25.,143.));
#1767 = SURFACE_CURVE('',#1768,(#1773,#1780),.PCURVE_S1.);
#1768 = CIRCLE('',#1769,7.5);
#1769 = AXIS2_PLACEMENT_3D('',#1770,#1771,#1772);
#1770 = CARTESIAN_POINT('',(25.,-25.,143.));
#1771 = DIRECTION('',(0.,0.,-1.));
#1772 = DIRECTION('',(1.,0.,0.));
#1773 = PCURVE('',#539,#1774);
#1774 = DEFINITIONAL_REPRESENTATION('',(#1775),#1779);
#1775 = LINE('',#1776,#1777);
#1776 = CARTESIAN_POINT('',(-6.28318530718,-88.));
#1777 = VECTOR('',#1778,1.);
#1778 = DIRECTION('',(1.,-0.));
#1779 = ( GEOMETRIC_REPRESENTATION_CONTEXT(2) 
PARAMETRIC_REPRESENTATION_CONTEXT() REPRESENTATION_CONTEXT('2D SPACE',''
  ) );
#1780 = PCURVE('',#1407,#1781);
#1781 = DEFINITIONAL_REPRESENTATION('',(#1782),#1790);
#1782 = ( BOUNDED_CURVE() B_SPLINE_CURVE(2,(#1783,#1784,#1785,#1786,
#1787,#1788,#1789),.UNSPECIFIED.,.T.,.F.) B_SPLINE_CURVE_WITH_KNOTS((1,2
    ,2,2,2,1),(-2.094395102393,0.,2.094395102393,4.188790204786,
6.28318530718,8.377580409573),.UNSPECIFIED.) CURVE() 
GEOMETRIC_REPRESENTATION_ITEM() RATIONAL_B_SPLINE_CURVE((1.,0.5,1.,0.5,
1.,0.5,1.)) REPRESENTATION_ITEM('') );
#1783 = CARTESIAN_POINT('',(32.5,-25.));
#1784 = CARTESIAN_POINT('',(32.5,-37.99038105676));
#1785 = CARTESIAN_POINT('',(21.25,-31.49519052838));
#1786 = CARTESIAN_POINT('',(10.,-25.));
#1787 = CARTESIAN_POINT('',(21.25,-18.50480947161));
#1788 = CARTESIAN_POINT('',(32.5,-12.00961894323));
#1789 = CARTESIAN_POINT('',(32.5,-25.));
#1790 = ( GEOMETRIC_REPRESENTATION_CONTEXT(2) 
PARAMETRIC_REPRESENTATION_CONTEXT() REPRESENTATION_CONTEXT('2D SPACE',''
  ) );
#1791 = ORIENTED_EDGE('',*,*,#1792,.T.);
#1792 = EDGE_CURVE('',#1765,#1793,#1795,.T.);
#1793 = VERTEX_POINT('',#1794);
#1794 = CARTESIAN_POINT('',(32.5,-25.,211.));
#1795 = SEAM_CURVE('',#1796,(#1800,#1807),.PCURVE_S1.);
#1796 = LINE('',#1797,#1798);
#1797 = CARTESIAN_POINT('',(32.5,-25.,55.));
#1798 = VECTOR('',#1799,1.);
#1799 = DIRECTION('',(0.,0.,1.));
#1800 = PCURVE('',#539,#1801);
#1801 = DEFINITIONAL_REPRESENTATION('',(#1802),#1806);
#1802 = LINE('',#1803,#1804);
#1803 = CARTESIAN_POINT('',(-6.28318530718,0.));
#1804 = VECTOR('',#1805,1.);
#1805 = DIRECTION('',(-0.,-1.));
#1806 = ( GEOMETRIC_REPRESENTATION_CONTEXT(2) 
PARAMETRIC_REPRESENTATION_CONTEXT() REPRESENTATION_CONTEXT('2D SPACE',''
  ) );
#1807 = PCURVE('',#539,#1808);
#1808 = DEFINITIONAL_REPRESENTATION('',(#1809),#1813);
#1809 = LINE('',#1810,#1811);
#1810 = CARTESIAN_POINT('',(-0.,0.));
#1811 = VECTOR('',#1812,1.);
#1812 = DIRECTION('',(-0.,-1.));
#1813 = ( GEOMETRIC_REPRESENTATION_CONTEXT(2) 
PARAMETRIC_REPRESENTATION_CONTEXT() REPRESENTATION_CONTEXT('2D SPACE',''
  ) );
#1814 = ORIENTED_EDGE('',*,*,#1815,.F.);
#1815 = EDGE_CURVE('',#1793,#1793,#1816,.T.);
#1816 = SURFACE_CURVE('',#1817,(#1822,#1829),.PCURVE_S1.);
#1817 = CIRCLE('',#1818,7.5);
#1818 = AXIS2_PLACEMENT_3D('',#1819,#1820,#1821);
#1819 = CARTESIAN_POINT('',(25.,-25.,211.));
#1820 = DIRECTION('',(0.,0.,-1.));
#1821 = DIRECTION('',(1.,0.,0.));
#1822 = PCURVE('',#539,#1823);
#1823 = DEFINITIONAL_REPRESENTATION('',(#1824),#1828);
#1824 = LINE('',#1825,#1826);
#1825 = CARTESIAN_POINT('',(-6.28318530718,-156.));
#1826 = VECTOR('',#1827,1.);
#1827 = DIRECTION('',(1.,-0.));
#1828 = ( GEOMETRIC_REPRESENTATION_CONTEXT(2) 
PARAMETRIC_REPRESENTATION_CONTEXT() REPRESENTATION_CONTEXT('2D SPACE',''
  ) );
#1829 = PCURVE('',#1461,#1830);
#1830 = DEFINITIONAL_REPRESENTATION('',(#1831),#1839);
#1831 = ( BOUNDED_CURVE() B_SPLINE_CURVE(2,(#1832,#1833,#1834,#1835,
#1836,#1837,#1838),.UNSPECIFIED.,.T.,.F.) B_SPLINE_CURVE_WITH_KNOTS((1,2
    ,2,2,2,1),(-2.094395102393,0.,2.094395102393,4.188790204786,
6.28318530718,8.377580409573),.UNSPECIFIED.) CURVE() 
GEOMETRIC_REPRESENTATION_ITEM() RATIONAL_B_SPLINE_CURVE((1.,0.5,1.,0.5,
1.,0.5,1.)) REPRESENTATION_ITEM('') );
#1832 = CARTESIAN_POINT('',(32.5,-25.));
#1833 = CARTESIAN_POINT('',(32.5,-37.99038105676));
#1834 = CARTESIAN_POINT('',(21.25,-31.49519052838));
#1835 = CARTESIAN_POINT('',(10.,-25.));
#1836 = CARTESIAN_POINT('',(21.25,-18.50480947161));
#1837 = CARTESIAN_POINT('',(32.5,-12.00961894323));
#1838 = CARTESIAN_POINT('',(32.5,-25.));
#1839 = ( GEOMETRIC_REPRESENTATION_CONTEXT(2) 
PARAMETRIC_REPRESENTATION_CONTEXT() REPRESENTATION_CONTEXT('2D SPACE',''
  ) );
#1840 = ORIENTED_EDGE('',*,*,#1792,.F.);
#1841 = ORIENTED_EDGE('',*,*,#1842,.F.);
#1842 = EDGE_CURVE('',#1689,#1765,#1843,.T.);
#1843 = SURFACE_CURVE('',#1844,(#1848,#1854),.PCURVE_S1.);
#1844 = LINE('',#1845,#1846);
#1845 = CARTESIAN_POINT('',(32.5,-25.,55.));
#1846 = VECTOR('',#1847,1.);
#1847 = DIRECTION('',(0.,0.,1.));
#1848 = PCURVE('',#539,#1849);
#1849 = DEFINITIONAL_REPRESENTATION('',(#1850),#1853);
#1850 = B_SPLINE_CURVE_WITH_KNOTS('',1,(#1851,#1852),.UNSPECIFIED.,.F.,
  .F.,(2,2),(78.,88.),.PIECEWISE_BEZIER_KNOTS.);
#1851 = CARTESIAN_POINT('',(-6.28318530718,-78.));
#1852 = CARTESIAN_POINT('',(-6.28318530718,-88.));
#1853 = ( GEOMETRIC_REPRESENTATION_CONTEXT(2) 
PARAMETRIC_REPRESENTATION_CONTEXT() REPRESENTATION_CONTEXT('2D SPACE',''
  ) );
#1854 = PCURVE('',#1855,#1860);
#1855 = PLANE('',#1856);
#1856 = AXIS2_PLACEMENT_3D('',#1857,#1858,#1859);
#1857 = CARTESIAN_POINT('',(-50.,-25.,133.));
#1858 = DIRECTION('',(0.,1.,0.));
#1859 = DIRECTION('',(1.,0.,0.));
#1860 = DEFINITIONAL_REPRESENTATION('',(#1861),#1865);
#1861 = LINE('',#1862,#1863);
#1862 = CARTESIAN_POINT('',(82.5,78.));
#1863 = VECTOR('',#1864,1.);
#1864 = DIRECTION('',(0.,-1.));
#1865 = ( GEOMETRIC_REPRESENTATION_CONTEXT(2) 
PARAMETRIC_REPRESENTATION_CONTEXT() REPRESENTATION_CONTEXT('2D SPACE',''
  ) );
#1866 = ADVANCED_FACE('',(#1867),#574,.T.);
#1867 = FACE_BOUND('',#1868,.F.);
#1868 = EDGE_LOOP('',(#1869,#1892,#1893,#1894));
#1869 = ORIENTED_EDGE('',*,*,#1870,.F.);
#1870 = EDGE_CURVE('',#554,#1871,#1873,.T.);
#1871 = VERTEX_POINT('',#1872);
#1872 = CARTESIAN_POINT('',(-30.,0.,133.));
#1873 = SEAM_CURVE('',#1874,(#1878,#1885),.PCURVE_S1.);
#1874 = LINE('',#1875,#1876);
#1875 = CARTESIAN_POINT('',(-30.,0.,55.));
#1876 = VECTOR('',#1877,1.);
#1877 = DIRECTION('',(0.,0.,1.));
#1878 = PCURVE('',#574,#1879);
#1879 = DEFINITIONAL_REPRESENTATION('',(#1880),#1884);
#1880 = LINE('',#1881,#1882);
#1881 = CARTESIAN_POINT('',(-6.28318530718,0.));
#1882 = VECTOR('',#1883,1.);
#1883 = DIRECTION('',(-0.,-1.));
#1884 = ( GEOMETRIC_REPRESENTATION_CONTEXT(2) 
PARAMETRIC_REPRESENTATION_CONTEXT() REPRESENTATION_CONTEXT('2D SPACE',''
  ) );
#1885 = PCURVE('',#574,#1886);
#1886 = DEFINITIONAL_REPRESENTATION('',(#1887),#1891);
#1887 = LINE('',#1888,#1889);
#1888 = CARTESIAN_POINT('',(-0.,0.));
#1889 = VECTOR('',#1890,1.);
#1890 = DIRECTION('',(-0.,-1.));
#1891 = ( GEOMETRIC_REPRESENTATION_CONTEXT(2) 
PARAMETRIC_REPRESENTATION_CONTEXT() REPRESENTATION_CONTEXT('2D SPACE',''
  ) );
#1892 = ORIENTED_EDGE('',*,*,#553,.T.);
#1893 = ORIENTED_EDGE('',*,*,#1870,.T.);
#1894 = ORIENTED_EDGE('',*,*,#1895,.F.);
#1895 = EDGE_CURVE('',#1871,#1871,#1896,.T.);
#1896 = SURFACE_CURVE('',#1897,(#1902,#1909),.PCURVE_S1.);
#1897 = CIRCLE('',#1898,7.5);
#1898 = AXIS2_PLACEMENT_3D('',#1899,#1900,#1901);
#1899 = CARTESIAN_POINT('',(-37.5,0.,133.));
#1900 = DIRECTION('',(0.,0.,-1.));
#1901 = DIRECTION('',(1.,0.,0.));
#1902 = PCURVE('',#574,#1903);
#1903 = DEFINITIONAL_REPRESENTATION('',(#1904),#1908);
#1904 = LINE('',#1905,#1906);
#1905 = CARTESIAN_POINT('',(-6.28318530718,-78.));
#1906 = VECTOR('',#1907,1.);
#1907 = DIRECTION('',(1.,-0.));
#1908 = ( GEOMETRIC_REPRESENTATION_CONTEXT(2) 
PARAMETRIC_REPRESENTATION_CONTEXT() REPRESENTATION_CONTEXT('2D SPACE',''
  ) );
#1909 = PCURVE('',#1346,#1910);
#1910 = DEFINITIONAL_REPRESENTATION('',(#1911),#1919);
#1911 = ( BOUNDED_CURVE() B_SPLINE_CURVE(2,(#1912,#1913,#1914,#1915,
#1916,#1917,#1918),.UNSPECIFIED.,.T.,.F.) B_SPLINE_CURVE_WITH_KNOTS((1,2
    ,2,2,2,1),(-2.094395102393,0.,2.094395102393,4.188790204786,
6.28318530718,8.377580409573),.UNSPECIFIED.) CURVE() 
GEOMETRIC_REPRESENTATION_ITEM() RATIONAL_B_SPLINE_CURVE((1.,0.5,1.,0.5,
1.,0.5,1.)) REPRESENTATION_ITEM('') );
#1912 = CARTESIAN_POINT('',(-30.,-3.209892110372E-15));
#1913 = CARTESIAN_POINT('',(-30.,-12.99038105676));
#1914 = CARTESIAN_POINT('',(-41.25,-6.495190528383));
#1915 = CARTESIAN_POINT('',(-52.5,-5.046862309093E-15));
#1916 = CARTESIAN_POINT('',(-41.25,6.495190528383));
#1917 = CARTESIAN_POINT('',(-30.,12.990381056767));
#1918 = CARTESIAN_POINT('',(-30.,-3.209892110372E-15));
#1919 = ( GEOMETRIC_REPRESENTATION_CONTEXT(2) 
PARAMETRIC_REPRESENTATION_CONTEXT() REPRESENTATION_CONTEXT('2D SPACE',''
  ) );
#1920 = ADVANCED_FACE('',(#1921),#609,.T.);
#1921 = FACE_BOUND('',#1922,.F.);
#1922 = EDGE_LOOP('',(#1923,#1946,#1947,#1948));
#1923 = ORIENTED_EDGE('',*,*,#1924,.F.);
#1924 = EDGE_CURVE('',#589,#1925,#1927,.T.);
#1925 = VERTEX_POINT('',#1926);
#1926 = CARTESIAN_POINT('',(-5.,0.,133.));
#1927 = SEAM_CURVE('',#1928,(#1932,#1939),.PCURVE_S1.);
#1928 = LINE('',#1929,#1930);
#1929 = CARTESIAN_POINT('',(-5.,0.,55.));
#1930 = VECTOR('',#1931,1.);
#1931 = DIRECTION('',(0.,0.,1.));
#1932 = PCURVE('',#609,#1933);
#1933 = DEFINITIONAL_REPRESENTATION('',(#1934),#1938);
#1934 = LINE('',#1935,#1936);
#1935 = CARTESIAN_POINT('',(-6.28318530718,0.));
#1936 = VECTOR('',#1937,1.);
#1937 = DIRECTION('',(-0.,-1.));
#1938 = ( GEOMETRIC_REPRESENTATION_CONTEXT(2) 
PARAMETRIC_REPRESENTATION_CONTEXT() REPRESENTATION_CONTEXT('2D SPACE',''
  ) );
#1939 = PCURVE('',#609,#1940);
#1940 = DEFINITIONAL_REPRESENTATION('',(#1941),#1945);
#1941 = LINE('',#1942,#1943);
#1942 = CARTESIAN_POINT('',(-0.,0.));
#1943 = VECTOR('',#1944,1.);
#1944 = DIRECTION('',(-0.,-1.));
#1945 = ( GEOMETRIC_REPRESENTATION_CONTEXT(2) 
PARAMETRIC_REPRESENTATION_CONTEXT() REPRESENTATION_CONTEXT('2D SPACE',''
  ) );
#1946 = ORIENTED_EDGE('',*,*,#588,.T.);
#1947 = ORIENTED_EDGE('',*,*,#1924,.T.);
#1948 = ORIENTED_EDGE('',*,*,#1949,.F.);
#1949 = EDGE_CURVE('',#1925,#1925,#1950,.T.);
#1950 = SURFACE_CURVE('',#1951,(#1956,#1963),.PCURVE_S1.);
#1951 = CIRCLE('',#1952,7.5);
#1952 = AXIS2_PLACEMENT_3D('',#1953,#1954,#1955);
#1953 = CARTESIAN_POINT('',(-12.5,0.,133.));
#1954 = DIRECTION('',(0.,0.,-1.));
#1955 = DIRECTION('',(1.,0.,0.));
#1956 = PCURVE('',#609,#1957);
#1957 = DEFINITIONAL_REPRESENTATION('',(#1958),#1962);
#1958 = LINE('',#1959,#1960);
#1959 = CARTESIAN_POINT('',(-6.28318530718,-78.));
#1960 = VECTOR('',#1961,1.);
#1961 = DIRECTION('',(1.,-0.));
#1962 = ( GEOMETRIC_REPRESENTATION_CONTEXT(2) 
PARAMETRIC_REPRESENTATION_CONTEXT() REPRESENTATION_CONTEXT('2D SPACE',''
  ) );
#1963 = PCURVE('',#1346,#1964);
#1964 = DEFINITIONAL_REPRESENTATION('',(#1965),#1973);
#1965 = ( BOUNDED_CURVE() B_SPLINE_CURVE(2,(#1966,#1967,#1968,#1969,
#1970,#1971,#1972),.UNSPECIFIED.,.T.,.F.) B_SPLINE_CURVE_WITH_KNOTS((1,2
    ,2,2,2,1),(-2.094395102393,0.,2.094395102393,4.188790204786,
6.28318530718,8.377580409573),.UNSPECIFIED.) CURVE() 
GEOMETRIC_REPRESENTATION_ITEM() RATIONAL_B_SPLINE_CURVE((1.,0.5,1.,0.5,
1.,0.5,1.)) REPRESENTATION_ITEM('') );
#1966 = CARTESIAN_POINT('',(-5.,-3.209892110372E-15));
#1967 = CARTESIAN_POINT('',(-5.,-12.99038105676));
#1968 = CARTESIAN_POINT('',(-16.25,-6.495190528383));
#1969 = CARTESIAN_POINT('',(-27.5,-5.046862309093E-15));
#1970 = CARTESIAN_POINT('',(-16.25,6.495190528383));
#1971 = CARTESIAN_POINT('',(-5.,12.990381056767));
#1972 = CARTESIAN_POINT('',(-5.,-3.209892110372E-15));
#1973 = ( GEOMETRIC_REPRESENTATION_CONTEXT(2) 
PARAMETRIC_REPRESENTATION_CONTEXT() REPRESENTATION_CONTEXT('2D SPACE',''
  ) );
#1974 = ADVANCED_FACE('',(#1975),#644,.T.);
#1975 = FACE_BOUND('',#1976,.F.);
#1976 = EDGE_LOOP('',(#1977,#2000,#2001,#2002));
#1977 = ORIENTED_EDGE('',*,*,#1978,.F.);
#1978 = EDGE_CURVE('',#624,#1979,#1981,.T.);
#1979 = VERTEX_POINT('',#1980);
#1980 = CARTESIAN_POINT('',(-17.5,25.,133.));
#1981 = SEAM_CURVE('',#1982,(#1986,#1993),.PCURVE_S1.);
#1982 = LINE('',#1983,#1984);
#1983 = CARTESIAN_POINT('',(-17.5,25.,55.));
#1984 = VECTOR('',#1985,1.);
#1985 = DIRECTION('',(0.,0.,1.));
#1986 = PCURVE('',#644,#1987);
#1987 = DEFINITIONAL_REPRESENTATION('',(#1988),#1992);
#1988 = LINE('',#1989,#1990);
#1989 = CARTESIAN_POINT('',(-6.28318530718,0.));
#1990 = VECTOR('',#1991,1.);
#1991 = DIRECTION('',(-0.,-1.));
#1992 = ( GEOMETRIC_REPRESENTATION_CONTEXT(2) 
PARAMETRIC_REPRESENTATION_CONTEXT() REPRESENTATION_CONTEXT('2D SPACE',''
  ) );
#1993 = PCURVE('',#644,#1994);
#1994 = DEFINITIONAL_REPRESENTATION('',(#1995),#1999);
#1995 = LINE('',#1996,#1997);
#1996 = CARTESIAN_POINT('',(-0.,0.));
#1997 = VECTOR('',#1998,1.);
#1998 = DIRECTION('',(-0.,-1.));
#1999 = ( GEOMETRIC_REPRESENTATION_CONTEXT(2) 
PARAMETRIC_REPRESENTATION_CONTEXT() REPRESENTATION_CONTEXT('2D SPACE',''
  ) );
#2000 = ORIENTED_EDGE('',*,*,#623,.T.);
#2001 = ORIENTED_EDGE('',*,*,#1978,.T.);
#2002 = ORIENTED_EDGE('',*,*,#2003,.F.);
#2003 = EDGE_CURVE('',#1979,#1979,#2004,.T.);
#2004 = SURFACE_CURVE('',#2005,(#2010,#2017),.PCURVE_S1.);
#2005 = CIRCLE('',#2006,7.5);
#2006 = AXIS2_PLACEMENT_3D('',#2007,#2008,#2009);
#2007 = CARTESIAN_POINT('',(-25.,25.,133.));
#2008 = DIRECTION('',(0.,0.,-1.));
#2009 = DIRECTION('',(1.,0.,0.));
#2010 = PCURVE('',#644,#2011);
#2011 = DEFINITIONAL_REPRESENTATION('',(#2012),#2016);
#2012 = LINE('',#2013,#2014);
#2013 = CARTESIAN_POINT('',(-6.28318530718,-78.));
#2014 = VECTOR('',#2015,1.);
#2015 = DIRECTION('',(1.,-0.));
#2016 = ( GEOMETRIC_REPRESENTATION_CONTEXT(2) 
PARAMETRIC_REPRESENTATION_CONTEXT() REPRESENTATION_CONTEXT('2D SPACE',''
  ) );
#2017 = PCURVE('',#1346,#2018);
#2018 = DEFINITIONAL_REPRESENTATION('',(#2019),#2027);
#2019 = ( BOUNDED_CURVE() B_SPLINE_CURVE(2,(#2020,#2021,#2022,#2023,
#2024,#2025,#2026),.UNSPECIFIED.,.T.,.F.) B_SPLINE_CURVE_WITH_KNOTS((1,2
    ,2,2,2,1),(-2.094395102393,0.,2.094395102393,4.188790204786,
6.28318530718,8.377580409573),.UNSPECIFIED.) CURVE() 
GEOMETRIC_REPRESENTATION_ITEM() RATIONAL_B_SPLINE_CURVE((1.,0.5,1.,0.5,
1.,0.5,1.)) REPRESENTATION_ITEM('') );
#2020 = CARTESIAN_POINT('',(-17.5,25.));
#2021 = CARTESIAN_POINT('',(-17.5,12.009618943233));
#2022 = CARTESIAN_POINT('',(-28.75,18.504809471617));
#2023 = CARTESIAN_POINT('',(-40.,25.));
#2024 = CARTESIAN_POINT('',(-28.75,31.495190528383));
#2025 = CARTESIAN_POINT('',(-17.5,37.990381056767));
#2026 = CARTESIAN_POINT('',(-17.5,25.));
#2027 = ( GEOMETRIC_REPRESENTATION_CONTEXT(2) 
PARAMETRIC_REPRESENTATION_CONTEXT() REPRESENTATION_CONTEXT('2D SPACE',''
  ) );
#2028 = ADVANCED_FACE('',(#2029),#679,.T.);
#2029 = FACE_BOUND('',#2030,.F.);
#2030 = EDGE_LOOP('',(#2031,#2054,#2055,#2056));
#2031 = ORIENTED_EDGE('',*,*,#2032,.F.);
#2032 = EDGE_CURVE('',#659,#2033,#2035,.T.);
#2033 = VERTEX_POINT('',#2034);
#2034 = CARTESIAN_POINT('',(20.,0.,133.));
#2035 = SEAM_CURVE('',#2036,(#2040,#2047),.PCURVE_S1.);
#2036 = LINE('',#2037,#2038);
#2037 = CARTESIAN_POINT('',(20.,0.,55.));
#2038 = VECTOR('',#2039,1.);
#2039 = DIRECTION('',(0.,0.,1.));
#2040 = PCURVE('',#679,#2041);
#2041 = DEFINITIONAL_REPRESENTATION('',(#2042),#2046);
#2042 = LINE('',#2043,#2044);
#2043 = CARTESIAN_POINT('',(-6.28318530718,0.));
#2044 = VECTOR('',#2045,1.);
#2045 = DIRECTION('',(-0.,-1.));
#2046 = ( GEOMETRIC_REPRESENTATION_CONTEXT(2) 
PARAMETRIC_REPRESENTATION_CONTEXT() REPRESENTATION_CONTEXT('2D SPACE',''
  ) );
#2047 = PCURVE('',#679,#2048);
#2048 = DEFINITIONAL_REPRESENTATION('',(#2049),#2053);
#2049 = LINE('',#2050,#2051);
#2050 = CARTESIAN_POINT('',(-0.,0.));
#2051 = VECTOR('',#2052,1.);
#2052 = DIRECTION('',(-0.,-1.));
#2053 = ( GEOMETRIC_REPRESENTATION_CONTEXT(2) 
PARAMETRIC_REPRESENTATION_CONTEXT() REPRESENTATION_CONTEXT('2D SPACE',''
  ) );
#2054 = ORIENTED_EDGE('',*,*,#658,.T.);
#2055 = ORIENTED_EDGE('',*,*,#2032,.T.);
#2056 = ORIENTED_EDGE('',*,*,#2057,.F.);
#2057 = EDGE_CURVE('',#2033,#2033,#2058,.T.);
#2058 = SURFACE_CURVE('',#2059,(#2064,#2071),.PCURVE_S1.);
#2059 = CIRCLE('',#2060,7.5);
#2060 = AXIS2_PLACEMENT_3D('',#2061,#2062,#2063);
#2061 = CARTESIAN_POINT('',(12.5,0.,133.));
#2062 = DIRECTION('',(0.,0.,-1.));
#2063 = DIRECTION('',(1.,0.,0.));
#2064 = PCURVE('',#679,#2065);
#2065 = DEFINITIONAL_REPRESENTATION('',(#2066),#2070);
#2066 = LINE('',#2067,#2068);
#2067 = CARTESIAN_POINT('',(-6.28318530718,-78.));
#2068 = VECTOR('',#2069,1.);
#2069 = DIRECTION('',(1.,-0.));
#2070 = ( GEOMETRIC_REPRESENTATION_CONTEXT(2) 
PARAMETRIC_REPRESENTATION_CONTEXT() REPRESENTATION_CONTEXT('2D SPACE',''
  ) );
#2071 = PCURVE('',#1346,#2072);
#2072 = DEFINITIONAL_REPRESENTATION('',(#2073),#2081);
#2073 = ( BOUNDED_CURVE() B_SPLINE_CURVE(2,(#2074,#2075,#2076,#2077,
#2078,#2079,#2080),.UNSPECIFIED.,.T.,.F.) B_SPLINE_CURVE_WITH_KNOTS((1,2
    ,2,2,2,1),(-2.094395102393,0.,2.094395102393,4.188790204786,
6.28318530718,8.377580409573),.UNSPECIFIED.) CURVE() 
GEOMETRIC_REPRESENTATION_ITEM() RATIONAL_B_SPLINE_CURVE((1.,0.5,1.,0.5,
1.,0.5,1.)) REPRESENTATION_ITEM('') );
#2074 = CARTESIAN_POINT('',(20.,-3.209892110372E-15));
#2075 = CARTESIAN_POINT('',(20.,-12.99038105676));
#2076 = CARTESIAN_POINT('',(8.75,-6.495190528383));
#2077 = CARTESIAN_POINT('',(-2.5,-5.046862309093E-15));
#2078 = CARTESIAN_POINT('',(8.75,6.495190528383));
#2079 = CARTESIAN_POINT('',(20.,12.990381056767));
#2080 = CARTESIAN_POINT('',(20.,-3.209892110372E-15));
#2081 = ( GEOMETRIC_REPRESENTATION_CONTEXT(2) 
PARAMETRIC_REPRESENTATION_CONTEXT() REPRESENTATION_CONTEXT('2D SPACE',''
  ) );
#2082 = ADVANCED_FACE('',(#2083),#714,.T.);
#2083 = FACE_BOUND('',#2084,.F.);
#2084 = EDGE_LOOP('',(#2085,#2108,#2109,#2110));
#2085 = ORIENTED_EDGE('',*,*,#2086,.F.);
#2086 = EDGE_CURVE('',#694,#2087,#2089,.T.);
#2087 = VERTEX_POINT('',#2088);
#2088 = CARTESIAN_POINT('',(45.,0.,133.));
#2089 = SEAM_CURVE('',#2090,(#2094,#2101),.PCURVE_S1.);
#2090 = LINE('',#2091,#2092);
#2091 = CARTESIAN_POINT('',(45.,0.,55.));
#2092 = VECTOR('',#2093,1.);
#2093 = DIRECTION('',(0.,0.,1.));
#2094 = PCURVE('',#714,#2095);
#2095 = DEFINITIONAL_REPRESENTATION('',(#2096),#2100);
#2096 = LINE('',#2097,#2098);
#2097 = CARTESIAN_POINT('',(-6.28318530718,0.));
#2098 = VECTOR('',#2099,1.);
#2099 = DIRECTION('',(-0.,-1.));
#2100 = ( GEOMETRIC_REPRESENTATION_CONTEXT(2) 
PARAMETRIC_REPRESENTATION_CONTEXT() REPRESENTATION_CONTEXT('2D SPACE',''
  ) );
#2101 = PCURVE('',#714,#2102);
#2102 = DEFINITIONAL_REPRESENTATION('',(#2103),#2107);
#2103 = LINE('',#2104,#2105);
#2104 = CARTESIAN_POINT('',(-0.,0.));
#2105 = VECTOR('',#2106,1.);
#2106 = DIRECTION('',(-0.,-1.));
#2107 = ( GEOMETRIC_REPRESENTATION_CONTEXT(2) 
PARAMETRIC_REPRESENTATION_CONTEXT() REPRESENTATION_CONTEXT('2D SPACE',''
  ) );
#2108 = ORIENTED_EDGE('',*,*,#693,.T.);
#2109 = ORIENTED_EDGE('',*,*,#2086,.T.);
#2110 = ORIENTED_EDGE('',*,*,#2111,.F.);
#2111 = EDGE_CURVE('',#2087,#2087,#2112,.T.);
#2112 = SURFACE_CURVE('',#2113,(#2118,#2125),.PCURVE_S1.);
#2113 = CIRCLE('',#2114,7.5);
#2114 = AXIS2_PLACEMENT_3D('',#2115,#2116,#2117);
#2115 = CARTESIAN_POINT('',(37.5,0.,133.));
#2116 = DIRECTION('',(0.,0.,-1.));
#2117 = DIRECTION('',(1.,0.,0.));
#2118 = PCURVE('',#714,#2119);
#2119 = DEFINITIONAL_REPRESENTATION('',(#2120),#2124);
#2120 = LINE('',#2121,#2122);
#2121 = CARTESIAN_POINT('',(-6.28318530718,-78.));
#2122 = VECTOR('',#2123,1.);
#2123 = DIRECTION('',(1.,-0.));
#2124 = ( GEOMETRIC_REPRESENTATION_CONTEXT(2) 
PARAMETRIC_REPRESENTATION_CONTEXT() REPRESENTATION_CONTEXT('2D SPACE',''
  ) );
#2125 = PCURVE('',#1346,#2126);
#2126 = DEFINITIONAL_REPRESENTATION('',(#2127),#2135);
#2127 = ( BOUNDED_CURVE() B_SPLINE_CURVE(2,(#2128,#2129,#2130,#2131,
#2132,#2133,#2134),.UNSPECIFIED.,.T.,.F.) B_SPLINE_CURVE_WITH_KNOTS((1,2
    ,2,2,2,1),(-2.094395102393,0.,2.094395102393,4.188790204786,
6.28318530718,8.377580409573),.UNSPECIFIED.) CURVE() 
GEOMETRIC_REPRESENTATION_ITEM() RATIONAL_B_SPLINE_CURVE((1.,0.5,1.,0.5,
1.,0.5,1.)) REPRESENTATION_ITEM('') );
#2128 = CARTESIAN_POINT('',(45.,-3.209892110372E-15));
#2129 = CARTESIAN_POINT('',(45.,-12.99038105676));
#2130 = CARTESIAN_POINT('',(33.75,-6.495190528383));
#2131 = CARTESIAN_POINT('',(22.5,-5.046862309093E-15));
#2132 = CARTESIAN_POINT('',(33.75,6.495190528383));
#2133 = CARTESIAN_POINT('',(45.,12.990381056767));
#2134 = CARTESIAN_POINT('',(45.,-3.209892110372E-15));
#2135 = ( GEOMETRIC_REPRESENTATION_CONTEXT(2) 
PARAMETRIC_REPRESENTATION_CONTEXT() REPRESENTATION_CONTEXT('2D SPACE',''
  ) );
#2136 = ADVANCED_FACE('',(#2137),#749,.T.);
#2137 = FACE_BOUND('',#2138,.F.);
#2138 = EDGE_LOOP('',(#2139,#2162,#2163,#2164));
#2139 = ORIENTED_EDGE('',*,*,#2140,.F.);
#2140 = EDGE_CURVE('',#729,#2141,#2143,.T.);
#2141 = VERTEX_POINT('',#2142);
#2142 = CARTESIAN_POINT('',(7.5,25.,133.));
#2143 = SEAM_CURVE('',#2144,(#2148,#2155),.PCURVE_S1.);
#2144 = LINE('',#2145,#2146);
#2145 = CARTESIAN_POINT('',(7.5,25.,55.));
#2146 = VECTOR('',#2147,1.);
#2147 = DIRECTION('',(0.,0.,1.));
#2148 = PCURVE('',#749,#2149);
#2149 = DEFINITIONAL_REPRESENTATION('',(#2150),#2154);
#2150 = LINE('',#2151,#2152);
#2151 = CARTESIAN_POINT('',(-6.28318530718,0.));
#2152 = VECTOR('',#2153,1.);
#2153 = DIRECTION('',(-0.,-1.));
#2154 = ( GEOMETRIC_REPRESENTATION_CONTEXT(2) 
PARAMETRIC_REPRESENTATION_CONTEXT() REPRESENTATION_CONTEXT('2D SPACE',''
  ) );
#2155 = PCURVE('',#749,#2156);
#2156 = DEFINITIONAL_REPRESENTATION('',(#2157),#2161);
#2157 = LINE('',#2158,#2159);
#2158 = CARTESIAN_POINT('',(-0.,0.));
#2159 = VECTOR('',#2160,1.);
#2160 = DIRECTION('',(-0.,-1.));
#2161 = ( GEOMETRIC_REPRESENTATION_CONTEXT(2) 
PARAMETRIC_REPRESENTATION_CONTEXT() REPRESENTATION_CONTEXT('2D SPACE',''
  ) );
#2162 = ORIENTED_EDGE('',*,*,#728,.T.);
#2163 = ORIENTED_EDGE('',*,*,#2140,.T.);
#2164 = ORIENTED_EDGE('',*,*,#2165,.F.);
#2165 = EDGE_CURVE('',#2141,#2141,#2166,.T.);
#2166 = SURFACE_CURVE('',#2167,(#2172,#2179),.PCURVE_S1.);
#2167 = CIRCLE('',#2168,7.5);
#2168 = AXIS2_PLACEMENT_3D('',#2169,#2170,#2171);
#2169 = CARTESIAN_POINT('',(0.,25.,133.));
#2170 = DIRECTION('',(0.,0.,-1.));
#2171 = DIRECTION('',(1.,0.,0.));
#2172 = PCURVE('',#749,#2173);
#2173 = DEFINITIONAL_REPRESENTATION('',(#2174),#2178);
#2174 = LINE('',#2175,#2176);
#2175 = CARTESIAN_POINT('',(-6.28318530718,-78.));
#2176 = VECTOR('',#2177,1.);
#2177 = DIRECTION('',(1.,-0.));
#2178 = ( GEOMETRIC_REPRESENTATION_CONTEXT(2) 
PARAMETRIC_REPRESENTATION_CONTEXT() REPRESENTATION_CONTEXT('2D SPACE',''
  ) );
#2179 = PCURVE('',#1346,#2180);
#2180 = DEFINITIONAL_REPRESENTATION('',(#2181),#2189);
#2181 = ( BOUNDED_CURVE() B_SPLINE_CURVE(2,(#2182,#2183,#2184,#2185,
#2186,#2187,#2188),.UNSPECIFIED.,.T.,.F.) B_SPLINE_CURVE_WITH_KNOTS((1,2
    ,2,2,2,1),(-2.094395102393,0.,2.094395102393,4.188790204786,
6.28318530718,8.377580409573),.UNSPECIFIED.) CURVE() 
GEOMETRIC_REPRESENTATION_ITEM() RATIONAL_B_SPLINE_CURVE((1.,0.5,1.,0.5,
1.,0.5,1.)) REPRESENTATION_ITEM('') );
#2182 = CARTESIAN_POINT('',(7.5,25.));
#2183 = CARTESIAN_POINT('',(7.5,12.009618943233));
#2184 = CARTESIAN_POINT('',(-3.75,18.504809471617));
#2185 = CARTESIAN_POINT('',(-15.,25.));
#2186 = CARTESIAN_POINT('',(-3.75,31.495190528383));
#2187 = CARTESIAN_POINT('',(7.5,37.990381056767));
#2188 = CARTESIAN_POINT('',(7.5,25.));
#2189 = ( GEOMETRIC_REPRESENTATION_CONTEXT(2) 
PARAMETRIC_REPRESENTATION_CONTEXT() REPRESENTATION_CONTEXT('2D SPACE',''
  ) );
#2190 = ADVANCED_FACE('',(#2191),#784,.T.);
#2191 = FACE_BOUND('',#2192,.F.);
#2192 = EDGE_LOOP('',(#2193,#2216,#2217,#2218));
#2193 = ORIENTED_EDGE('',*,*,#2194,.F.);
#2194 = EDGE_CURVE('',#764,#2195,#2197,.T.);
#2195 = VERTEX_POINT('',#2196);
#2196 = CARTESIAN_POINT('',(32.5,25.,133.));
#2197 = SEAM_CURVE('',#2198,(#2202,#2209),.PCURVE_S1.);
#2198 = LINE('',#2199,#2200);
#2199 = CARTESIAN_POINT('',(32.5,25.,55.));
#2200 = VECTOR('',#2201,1.);
#2201 = DIRECTION('',(0.,0.,1.));
#2202 = PCURVE('',#784,#2203);
#2203 = DEFINITIONAL_REPRESENTATION('',(#2204),#2208);
#2204 = LINE('',#2205,#2206);
#2205 = CARTESIAN_POINT('',(-6.28318530718,0.));
#2206 = VECTOR('',#2207,1.);
#2207 = DIRECTION('',(-0.,-1.));
#2208 = ( GEOMETRIC_REPRESENTATION_CONTEXT(2) 
PARAMETRIC_REPRESENTATION_CONTEXT() REPRESENTATION_CONTEXT('2D SPACE',''
  ) );
#2209 = PCURVE('',#784,#2210);
#2210 = DEFINITIONAL_REPRESENTATION('',(#2211),#2215);
#2211 = LINE('',#2212,#2213);
#2212 = CARTESIAN_POINT('',(-0.,0.));
#2213 = VECTOR('',#2214,1.);
#2214 = DIRECTION('',(-0.,-1.));
#2215 = ( GEOMETRIC_REPRESENTATION_CONTEXT(2) 
PARAMETRIC_REPRESENTATION_CONTEXT() REPRESENTATION_CONTEXT('2D SPACE',''
  ) );
#2216 = ORIENTED_EDGE('',*,*,#763,.T.);
#2217 = ORIENTED_EDGE('',*,*,#2194,.T.);
#2218 = ORIENTED_EDGE('',*,*,#2219,.F.);
#2219 = EDGE_CURVE('',#2195,#2195,#2220,.T.);
#2220 = SURFACE_CURVE('',#2221,(#2226,#2233),.PCURVE_S1.);
#2221 = CIRCLE('',#2222,7.5);
#2222 = AXIS2_PLACEMENT_3D('',#2223,#2224,#2225);
#2223 = CARTESIAN_POINT('',(25.,25.,133.));
#2224 = DIRECTION('',(0.,0.,-1.));
#2225 = DIRECTION('',(1.,0.,0.));
#2226 = PCURVE('',#784,#2227);
#2227 = DEFINITIONAL_REPRESENTATION('',(#2228),#2232);
#2228 = LINE('',#2229,#2230);
#2229 = CARTESIAN_POINT('',(-6.28318530718,-78.));
#2230 = VECTOR('',#2231,1.);
#2231 = DIRECTION('',(1.,-0.));
#2232 = ( GEOMETRIC_REPRESENTATION_CONTEXT(2) 
PARAMETRIC_REPRESENTATION_CONTEXT() REPRESENTATION_CONTEXT('2D SPACE',''
  ) );
#2233 = PCURVE('',#1346,#2234);
#2234 = DEFINITIONAL_REPRESENTATION('',(#2235),#2243);
#2235 = ( BOUNDED_CURVE() B_SPLINE_CURVE(2,(#2236,#2237,#2238,#2239,
#2240,#2241,#2242),.UNSPECIFIED.,.T.,.F.) B_SPLINE_CURVE_WITH_KNOTS((1,2
    ,2,2,2,1),(-2.094395102393,0.,2.094395102393,4.188790204786,
6.28318530718,8.377580409573),.UNSPECIFIED.) CURVE() 
GEOMETRIC_REPRESENTATION_ITEM() RATIONAL_B_SPLINE_CURVE((1.,0.5,1.,0.5,
1.,0.5,1.)) REPRESENTATION_ITEM('') );
#2236 = CARTESIAN_POINT('',(32.5,25.));
#2237 = CARTESIAN_POINT('',(32.5,12.009618943233));
#2238 = CARTESIAN_POINT('',(21.25,18.504809471617));
#2239 = CARTESIAN_POINT('',(10.,25.));
#2240 = CARTESIAN_POINT('',(21.25,31.495190528383));
#2241 = CARTESIAN_POINT('',(32.5,37.990381056767));
#2242 = CARTESIAN_POINT('',(32.5,25.));
#2243 = ( GEOMETRIC_REPRESENTATION_CONTEXT(2) 
PARAMETRIC_REPRESENTATION_CONTEXT() REPRESENTATION_CONTEXT('2D SPACE',''
  ) );
#2244 = ADVANCED_FACE('',(#2245,#2248,#2279,#2282,#2285,#2288,#2291,
    #2294,#2297,#2300,#2303),#839,.T.);
#2245 = FACE_BOUND('',#2246,.T.);
#2246 = EDGE_LOOP('',(#2247));
#2247 = ORIENTED_EDGE('',*,*,#824,.F.);
#2248 = FACE_BOUND('',#2249,.T.);
#2249 = EDGE_LOOP('',(#2250));
#2250 = ORIENTED_EDGE('',*,*,#2251,.T.);
#2251 = EDGE_CURVE('',#2252,#2252,#2254,.T.);
#2252 = VERTEX_POINT('',#2253);
#2253 = CARTESIAN_POINT('',(50.,0.,455.));
#2254 = SURFACE_CURVE('',#2255,(#2260,#2267),.PCURVE_S1.);
#2255 = CIRCLE('',#2256,50.);
#2256 = AXIS2_PLACEMENT_3D('',#2257,#2258,#2259);
#2257 = CARTESIAN_POINT('',(0.,0.,455.));
#2258 = DIRECTION('',(0.,0.,1.));
#2259 = DIRECTION('',(1.,0.,0.));
#2260 = PCURVE('',#839,#2261);
#2261 = DEFINITIONAL_REPRESENTATION('',(#2262),#2266);
#2262 = CIRCLE('',#2263,50.);
#2263 = AXIS2_PLACEMENT_2D('',#2264,#2265);
#2264 = CARTESIAN_POINT('',(25.,25.));
#2265 = DIRECTION('',(1.,0.));
#2266 = ( GEOMETRIC_REPRESENTATION_CONTEXT(2) 
PARAMETRIC_REPRESENTATION_CONTEXT() REPRESENTATION_CONTEXT('2D SPACE',''
  ) );
#2267 = PCURVE('',#2268,#2273);
#2268 = CYLINDRICAL_SURFACE('',#2269,50.);
#2269 = AXIS2_PLACEMENT_3D('',#2270,#2271,#2272);
#2270 = CARTESIAN_POINT('',(0.,0.,445.));
#2271 = DIRECTION('',(-0.,-0.,-1.));
#2272 = DIRECTION('',(1.,0.,0.));
#2273 = DEFINITIONAL_REPRESENTATION('',(#2274),#2278);
#2274 = LINE('',#2275,#2276);
#2275 = CARTESIAN_POINT('',(-0.,-10.));
#2276 = VECTOR('',#2277,1.);
#2277 = DIRECTION('',(-1.,0.));
#2278 = ( GEOMETRIC_REPRESENTATION_CONTEXT(2) 
PARAMETRIC_REPRESENTATION_CONTEXT() REPRESENTATION_CONTEXT('2D SPACE',''
  ) );
#2279 = FACE_BOUND('',#2280,.T.);
#2280 = EDGE_LOOP('',(#2281));
#2281 = ORIENTED_EDGE('',*,*,#1279,.F.);
#2282 = FACE_BOUND('',#2283,.T.);
#2283 = EDGE_LOOP('',(#2284));
#2284 = ORIENTED_EDGE('',*,*,#879,.F.);
#2285 = FACE_BOUND('',#2286,.T.);
#2286 = EDGE_LOOP('',(#2287));
#2287 = ORIENTED_EDGE('',*,*,#929,.F.);
#2288 = FACE_BOUND('',#2289,.T.);
#2289 = EDGE_LOOP('',(#2290));
#2290 = ORIENTED_EDGE('',*,*,#979,.F.);
#2291 = FACE_BOUND('',#2292,.T.);
#2292 = EDGE_LOOP('',(#2293));
#2293 = ORIENTED_EDGE('',*,*,#1029,.F.);
#2294 = FACE_BOUND('',#2295,.T.);
#2295 = EDGE_LOOP('',(#2296));
#2296 = ORIENTED_EDGE('',*,*,#1079,.F.);
#2297 = FACE_BOUND('',#2298,.T.);
#2298 = EDGE_LOOP('',(#2299));
#2299 = ORIENTED_EDGE('',*,*,#1129,.F.);
#2300 = FACE_BOUND('',#2301,.T.);
#2301 = EDGE_LOOP('',(#2302));
#2302 = ORIENTED_EDGE('',*,*,#1179,.F.);
#2303 = FACE_BOUND('',#2304,.T.);
#2304 = EDGE_LOOP('',(#2305));
#2305 = ORIENTED_EDGE('',*,*,#1229,.F.);
#2306 = ADVANCED_FACE('',(#2307),#1491,.F.);
#2307 = FACE_BOUND('',#2308,.F.);
#2308 = EDGE_LOOP('',(#2309,#2310,#2331,#2332));
#2309 = ORIENTED_EDGE('',*,*,#1559,.T.);
#2310 = ORIENTED_EDGE('',*,*,#2311,.F.);
#2311 = EDGE_CURVE('',#1305,#1532,#2312,.T.);
#2312 = SURFACE_CURVE('',#2313,(#2317,#2324),.PCURVE_S1.);
#2313 = LINE('',#2314,#2315);
#2314 = CARTESIAN_POINT('',(-50.,-25.,133.));
#2315 = VECTOR('',#2316,1.);
#2316 = DIRECTION('',(1.,0.,0.));
#2317 = PCURVE('',#1491,#2318);
#2318 = DEFINITIONAL_REPRESENTATION('',(#2319),#2323);
#2319 = LINE('',#2320,#2321);
#2320 = CARTESIAN_POINT('',(0.,0.));
#2321 = VECTOR('',#2322,1.);
#2322 = DIRECTION('',(1.,0.));
#2323 = ( GEOMETRIC_REPRESENTATION_CONTEXT(2) 
PARAMETRIC_REPRESENTATION_CONTEXT() REPRESENTATION_CONTEXT('2D SPACE',''
  ) );
#2324 = PCURVE('',#1346,#2325);
#2325 = DEFINITIONAL_REPRESENTATION('',(#2326),#2330);
#2326 = LINE('',#2327,#2328);
#2327 = CARTESIAN_POINT('',(-50.,-25.));
#2328 = VECTOR('',#2329,1.);
#2329 = DIRECTION('',(1.,0.));
#2330 = ( GEOMETRIC_REPRESENTATION_CONTEXT(2) 
PARAMETRIC_REPRESENTATION_CONTEXT() REPRESENTATION_CONTEXT('2D SPACE',''
  ) );
#2331 = ORIENTED_EDGE('',*,*,#1478,.T.);
#2332 = ORIENTED_EDGE('',*,*,#2333,.T.);
#2333 = EDGE_CURVE('',#1391,#1560,#2334,.T.);
#2334 = SURFACE_CURVE('',#2335,(#2339,#2346),.PCURVE_S1.);
#2335 = LINE('',#2336,#2337);
#2336 = CARTESIAN_POINT('',(-50.,-25.,143.));
#2337 = VECTOR('',#2338,1.);
#2338 = DIRECTION('',(1.,0.,0.));
#2339 = PCURVE('',#1491,#2340);
#2340 = DEFINITIONAL_REPRESENTATION('',(#2341),#2345);
#2341 = LINE('',#2342,#2343);
#2342 = CARTESIAN_POINT('',(0.,-10.));
#2343 = VECTOR('',#2344,1.);
#2344 = DIRECTION('',(1.,0.));
#2345 = ( GEOMETRIC_REPRESENTATION_CONTEXT(2) 
PARAMETRIC_REPRESENTATION_CONTEXT() REPRESENTATION_CONTEXT('2D SPACE',''
  ) );
#2346 = PCURVE('',#1407,#2347);
#2347 = DEFINITIONAL_REPRESENTATION('',(#2348),#2352);
#2348 = LINE('',#2349,#2350);
#2349 = CARTESIAN_POINT('',(-50.,-25.));
#2350 = VECTOR('',#2351,1.);
#2351 = DIRECTION('',(1.,0.));
#2352 = ( GEOMETRIC_REPRESENTATION_CONTEXT(2) 
PARAMETRIC_REPRESENTATION_CONTEXT() REPRESENTATION_CONTEXT('2D SPACE',''
  ) );
#2353 = ADVANCED_FACE('',(#2354,#2596,#2599,#2602,#2605,#2640,#2675,
    #2710),#1461,.F.);
#2354 = FACE_BOUND('',#2355,.F.);
#2355 = EDGE_LOOP('',(#2356,#2386,#2415,#2443,#2476,#2504,#2537,#2565));
#2356 = ORIENTED_EDGE('',*,*,#2357,.T.);
#2357 = EDGE_CURVE('',#2358,#2360,#2362,.T.);
#2358 = VERTEX_POINT('',#2359);
#2359 = CARTESIAN_POINT('',(-32.5,25.,211.));
#2360 = VERTEX_POINT('',#2361);
#2361 = CARTESIAN_POINT('',(-43.30127018922,24.999999999999,211.));
#2362 = SURFACE_CURVE('',#2363,(#2367,#2374),.PCURVE_S1.);
#2363 = LINE('',#2364,#2365);
#2364 = CARTESIAN_POINT('',(50.,25.,211.));
#2365 = VECTOR('',#2366,1.);
#2366 = DIRECTION('',(-1.,0.,0.));
#2367 = PCURVE('',#1461,#2368);
#2368 = DEFINITIONAL_REPRESENTATION('',(#2369),#2373);
#2369 = LINE('',#2370,#2371);
#2370 = CARTESIAN_POINT('',(50.,25.));
#2371 = VECTOR('',#2372,1.);
#2372 = DIRECTION('',(-1.,0.));
#2373 = ( GEOMETRIC_REPRESENTATION_CONTEXT(2) 
PARAMETRIC_REPRESENTATION_CONTEXT() REPRESENTATION_CONTEXT('2D SPACE',''
  ) );
#2374 = PCURVE('',#2375,#2380);
#2375 = PLANE('',#2376);
#2376 = AXIS2_PLACEMENT_3D('',#2377,#2378,#2379);
#2377 = CARTESIAN_POINT('',(50.,25.,211.));
#2378 = DIRECTION('',(0.,-1.,0.));
#2379 = DIRECTION('',(-1.,0.,0.));
#2380 = DEFINITIONAL_REPRESENTATION('',(#2381),#2385);
#2381 = LINE('',#2382,#2383);
#2382 = CARTESIAN_POINT('',(0.,-0.));
#2383 = VECTOR('',#2384,1.);
#2384 = DIRECTION('',(1.,0.));
#2385 = ( GEOMETRIC_REPRESENTATION_CONTEXT(2) 
PARAMETRIC_REPRESENTATION_CONTEXT() REPRESENTATION_CONTEXT('2D SPACE',''
  ) );
#2386 = ORIENTED_EDGE('',*,*,#2387,.T.);
#2387 = EDGE_CURVE('',#2360,#2388,#2390,.T.);
#2388 = VERTEX_POINT('',#2389);
#2389 = CARTESIAN_POINT('',(43.301270189221,25.000000000001,211.));
#2390 = SURFACE_CURVE('',#2391,(#2396,#2403),.PCURVE_S1.);
#2391 = CIRCLE('',#2392,50.);
#2392 = AXIS2_PLACEMENT_3D('',#2393,#2394,#2395);
#2393 = CARTESIAN_POINT('',(0.,0.,211.));
#2394 = DIRECTION('',(0.,0.,1.));
#2395 = DIRECTION('',(-0.866025403784,0.5,0.));
#2396 = PCURVE('',#1461,#2397);
#2397 = DEFINITIONAL_REPRESENTATION('',(#2398),#2402);
#2398 = CIRCLE('',#2399,50.);
#2399 = AXIS2_PLACEMENT_2D('',#2400,#2401);
#2400 = CARTESIAN_POINT('',(1.75032336965E-15,-3.209892110372E-15));
#2401 = DIRECTION('',(-0.866025403784,0.5));
#2402 = ( GEOMETRIC_REPRESENTATION_CONTEXT(2) 
PARAMETRIC_REPRESENTATION_CONTEXT() REPRESENTATION_CONTEXT('2D SPACE',''
  ) );
#2403 = PCURVE('',#2404,#2409);
#2404 = CYLINDRICAL_SURFACE('',#2405,50.);
#2405 = AXIS2_PLACEMENT_3D('',#2406,#2407,#2408);
#2406 = CARTESIAN_POINT('',(0.,0.,211.));
#2407 = DIRECTION('',(-0.,-0.,-1.));
#2408 = DIRECTION('',(1.,0.,0.));
#2409 = DEFINITIONAL_REPRESENTATION('',(#2410),#2414);
#2410 = LINE('',#2411,#2412);
#2411 = CARTESIAN_POINT('',(-2.617993877992,0.));
#2412 = VECTOR('',#2413,1.);
#2413 = DIRECTION('',(-1.,0.));
#2414 = ( GEOMETRIC_REPRESENTATION_CONTEXT(2) 
PARAMETRIC_REPRESENTATION_CONTEXT() REPRESENTATION_CONTEXT('2D SPACE',''
  ) );
#2415 = ORIENTED_EDGE('',*,*,#2416,.T.);
#2416 = EDGE_CURVE('',#2388,#2417,#2419,.T.);
#2417 = VERTEX_POINT('',#2418);
#2418 = CARTESIAN_POINT('',(32.5,25.,211.));
#2419 = SURFACE_CURVE('',#2420,(#2424,#2431),.PCURVE_S1.);
#2420 = LINE('',#2421,#2422);
#2421 = CARTESIAN_POINT('',(50.,25.,211.));
#2422 = VECTOR('',#2423,1.);
#2423 = DIRECTION('',(-1.,0.,0.));
#2424 = PCURVE('',#1461,#2425);
#2425 = DEFINITIONAL_REPRESENTATION('',(#2426),#2430);
#2426 = LINE('',#2427,#2428);
#2427 = CARTESIAN_POINT('',(50.,25.));
#2428 = VECTOR('',#2429,1.);
#2429 = DIRECTION('',(-1.,0.));
#2430 = ( GEOMETRIC_REPRESENTATION_CONTEXT(2) 
PARAMETRIC_REPRESENTATION_CONTEXT() REPRESENTATION_CONTEXT('2D SPACE',''
  ) );
#2431 = PCURVE('',#2432,#2437);
#2432 = PLANE('',#2433);
#2433 = AXIS2_PLACEMENT_3D('',#2434,#2435,#2436);
#2434 = CARTESIAN_POINT('',(50.,25.,211.));
#2435 = DIRECTION('',(0.,-1.,0.));
#2436 = DIRECTION('',(-1.,0.,0.));
#2437 = DEFINITIONAL_REPRESENTATION('',(#2438),#2442);
#2438 = LINE('',#2439,#2440);
#2439 = CARTESIAN_POINT('',(0.,-0.));
#2440 = VECTOR('',#2441,1.);
#2441 = DIRECTION('',(1.,0.));
#2442 = ( GEOMETRIC_REPRESENTATION_CONTEXT(2) 
PARAMETRIC_REPRESENTATION_CONTEXT() REPRESENTATION_CONTEXT('2D SPACE',''
  ) );
#2443 = ORIENTED_EDGE('',*,*,#2444,.T.);
#2444 = EDGE_CURVE('',#2417,#2445,#2447,.T.);
#2445 = VERTEX_POINT('',#2446);
#2446 = CARTESIAN_POINT('',(17.5,25.,211.));
#2447 = SURFACE_CURVE('',#2448,(#2453,#2464),.PCURVE_S1.);
#2448 = CIRCLE('',#2449,7.5);
#2449 = AXIS2_PLACEMENT_3D('',#2450,#2451,#2452);
#2450 = CARTESIAN_POINT('',(25.,25.,211.));
#2451 = DIRECTION('',(0.,0.,-1.));
#2452 = DIRECTION('',(1.,0.,0.));
#2453 = PCURVE('',#1461,#2454);
#2454 = DEFINITIONAL_REPRESENTATION('',(#2455),#2463);
#2455 = ( BOUNDED_CURVE() B_SPLINE_CURVE(2,(#2456,#2457,#2458,#2459,
#2460,#2461,#2462),.UNSPECIFIED.,.T.,.F.) B_SPLINE_CURVE_WITH_KNOTS((1,2
    ,2,2,2,1),(-2.094395102393,0.,2.094395102393,4.188790204786,
6.28318530718,8.377580409573),.UNSPECIFIED.) CURVE() 
GEOMETRIC_REPRESENTATION_ITEM() RATIONAL_B_SPLINE_CURVE((1.,0.5,1.,0.5,
1.,0.5,1.)) REPRESENTATION_ITEM('') );
#2456 = CARTESIAN_POINT('',(32.5,25.));
#2457 = CARTESIAN_POINT('',(32.5,12.009618943233));
#2458 = CARTESIAN_POINT('',(21.25,18.504809471617));
#2459 = CARTESIAN_POINT('',(10.,25.));
#2460 = CARTESIAN_POINT('',(21.25,31.495190528383));
#2461 = CARTESIAN_POINT('',(32.5,37.990381056767));
#2462 = CARTESIAN_POINT('',(32.5,25.));
#2463 = ( GEOMETRIC_REPRESENTATION_CONTEXT(2) 
PARAMETRIC_REPRESENTATION_CONTEXT() REPRESENTATION_CONTEXT('2D SPACE',''
  ) );
#2464 = PCURVE('',#2465,#2470);
#2465 = CYLINDRICAL_SURFACE('',#2466,7.5);
#2466 = AXIS2_PLACEMENT_3D('',#2467,#2468,#2469);
#2467 = CARTESIAN_POINT('',(25.,25.,55.));
#2468 = DIRECTION('',(-0.,-0.,-1.));
#2469 = DIRECTION('',(1.,0.,0.));
#2470 = DEFINITIONAL_REPRESENTATION('',(#2471),#2475);
#2471 = LINE('',#2472,#2473);
#2472 = CARTESIAN_POINT('',(-6.28318530718,-156.));
#2473 = VECTOR('',#2474,1.);
#2474 = DIRECTION('',(1.,-0.));
#2475 = ( GEOMETRIC_REPRESENTATION_CONTEXT(2) 
PARAMETRIC_REPRESENTATION_CONTEXT() REPRESENTATION_CONTEXT('2D SPACE',''
  ) );
#2476 = ORIENTED_EDGE('',*,*,#2477,.T.);
#2477 = EDGE_CURVE('',#2445,#2478,#2480,.T.);
#2478 = VERTEX_POINT('',#2479);
#2479 = CARTESIAN_POINT('',(7.5,25.,211.));
#2480 = SURFACE_CURVE('',#2481,(#2485,#2492),.PCURVE_S1.);
#2481 = LINE('',#2482,#2483);
#2482 = CARTESIAN_POINT('',(50.,25.,211.));
#2483 = VECTOR('',#2484,1.);
#2484 = DIRECTION('',(-1.,0.,0.));
#2485 = PCURVE('',#1461,#2486);
#2486 = DEFINITIONAL_REPRESENTATION('',(#2487),#2491);
#2487 = LINE('',#2488,#2489);
#2488 = CARTESIAN_POINT('',(50.,25.));
#2489 = VECTOR('',#2490,1.);
#2490 = DIRECTION('',(-1.,0.));
#2491 = ( GEOMETRIC_REPRESENTATION_CONTEXT(2) 
PARAMETRIC_REPRESENTATION_CONTEXT() REPRESENTATION_CONTEXT('2D SPACE',''
  ) );
#2492 = PCURVE('',#2493,#2498);
#2493 = PLANE('',#2494);
#2494 = AXIS2_PLACEMENT_3D('',#2495,#2496,#2497);
#2495 = CARTESIAN_POINT('',(50.,25.,211.));
#2496 = DIRECTION('',(0.,-1.,0.));
#2497 = DIRECTION('',(-1.,0.,0.));
#2498 = DEFINITIONAL_REPRESENTATION('',(#2499),#2503);
#2499 = LINE('',#2500,#2501);
#2500 = CARTESIAN_POINT('',(0.,-0.));
#2501 = VECTOR('',#2502,1.);
#2502 = DIRECTION('',(1.,0.));
#2503 = ( GEOMETRIC_REPRESENTATION_CONTEXT(2) 
PARAMETRIC_REPRESENTATION_CONTEXT() REPRESENTATION_CONTEXT('2D SPACE',''
  ) );
#2504 = ORIENTED_EDGE('',*,*,#2505,.T.);
#2505 = EDGE_CURVE('',#2478,#2506,#2508,.T.);
#2506 = VERTEX_POINT('',#2507);
#2507 = CARTESIAN_POINT('',(-7.5,25.,211.));
#2508 = SURFACE_CURVE('',#2509,(#2514,#2525),.PCURVE_S1.);
#2509 = CIRCLE('',#2510,7.5);
#2510 = AXIS2_PLACEMENT_3D('',#2511,#2512,#2513);
#2511 = CARTESIAN_POINT('',(0.,25.,211.));
#2512 = DIRECTION('',(0.,0.,-1.));
#2513 = DIRECTION('',(1.,0.,0.));
#2514 = PCURVE('',#1461,#2515);
#2515 = DEFINITIONAL_REPRESENTATION('',(#2516),#2524);
#2516 = ( BOUNDED_CURVE() B_SPLINE_CURVE(2,(#2517,#2518,#2519,#2520,
#2521,#2522,#2523),.UNSPECIFIED.,.T.,.F.) B_SPLINE_CURVE_WITH_KNOTS((1,2
    ,2,2,2,1),(-2.094395102393,0.,2.094395102393,4.188790204786,
6.28318530718,8.377580409573),.UNSPECIFIED.) CURVE() 
GEOMETRIC_REPRESENTATION_ITEM() RATIONAL_B_SPLINE_CURVE((1.,0.5,1.,0.5,
1.,0.5,1.)) REPRESENTATION_ITEM('') );
#2517 = CARTESIAN_POINT('',(7.5,25.));
#2518 = CARTESIAN_POINT('',(7.5,12.009618943233));
#2519 = CARTESIAN_POINT('',(-3.75,18.504809471617));
#2520 = CARTESIAN_POINT('',(-15.,25.));
#2521 = CARTESIAN_POINT('',(-3.75,31.495190528383));
#2522 = CARTESIAN_POINT('',(7.5,37.990381056767));
#2523 = CARTESIAN_POINT('',(7.5,25.));
#2524 = ( GEOMETRIC_REPRESENTATION_CONTEXT(2) 
PARAMETRIC_REPRESENTATION_CONTEXT() REPRESENTATION_CONTEXT('2D SPACE',''
  ) );
#2525 = PCURVE('',#2526,#2531);
#2526 = CYLINDRICAL_SURFACE('',#2527,7.5);
#2527 = AXIS2_PLACEMENT_3D('',#2528,#2529,#2530);
#2528 = CARTESIAN_POINT('',(0.,25.,55.));
#2529 = DIRECTION('',(-0.,-0.,-1.));
#2530 = DIRECTION('',(1.,0.,0.));
#2531 = DEFINITIONAL_REPRESENTATION('',(#2532),#2536);
#2532 = LINE('',#2533,#2534);
#2533 = CARTESIAN_POINT('',(-6.28318530718,-156.));
#2534 = VECTOR('',#2535,1.);
#2535 = DIRECTION('',(1.,-0.));
#2536 = ( GEOMETRIC_REPRESENTATION_CONTEXT(2) 
PARAMETRIC_REPRESENTATION_CONTEXT() REPRESENTATION_CONTEXT('2D SPACE',''
  ) );
#2537 = ORIENTED_EDGE('',*,*,#2538,.T.);
#2538 = EDGE_CURVE('',#2506,#2539,#2541,.T.);
#2539 = VERTEX_POINT('',#2540);
#2540 = CARTESIAN_POINT('',(-17.5,25.,211.));
#2541 = SURFACE_CURVE('',#2542,(#2546,#2553),.PCURVE_S1.);
#2542 = LINE('',#2543,#2544);
#2543 = CARTESIAN_POINT('',(50.,25.,211.));
#2544 = VECTOR('',#2545,1.);
#2545 = DIRECTION('',(-1.,0.,0.));
#2546 = PCURVE('',#1461,#2547);
#2547 = DEFINITIONAL_REPRESENTATION('',(#2548),#2552);
#2548 = LINE('',#2549,#2550);
#2549 = CARTESIAN_POINT('',(50.,25.));
#2550 = VECTOR('',#2551,1.);
#2551 = DIRECTION('',(-1.,0.));
#2552 = ( GEOMETRIC_REPRESENTATION_CONTEXT(2) 
PARAMETRIC_REPRESENTATION_CONTEXT() REPRESENTATION_CONTEXT('2D SPACE',''
  ) );
#2553 = PCURVE('',#2554,#2559);
#2554 = PLANE('',#2555);
#2555 = AXIS2_PLACEMENT_3D('',#2556,#2557,#2558);
#2556 = CARTESIAN_POINT('',(50.,25.,211.));
#2557 = DIRECTION('',(0.,-1.,0.));
#2558 = DIRECTION('',(-1.,0.,0.));
#2559 = DEFINITIONAL_REPRESENTATION('',(#2560),#2564);
#2560 = LINE('',#2561,#2562);
#2561 = CARTESIAN_POINT('',(0.,-0.));
#2562 = VECTOR('',#2563,1.);
#2563 = DIRECTION('',(1.,0.));
#2564 = ( GEOMETRIC_REPRESENTATION_CONTEXT(2) 
PARAMETRIC_REPRESENTATION_CONTEXT() REPRESENTATION_CONTEXT('2D SPACE',''
  ) );
#2565 = ORIENTED_EDGE('',*,*,#2566,.T.);
#2566 = EDGE_CURVE('',#2539,#2358,#2567,.T.);
#2567 = SURFACE_CURVE('',#2568,(#2573,#2584),.PCURVE_S1.);
#2568 = CIRCLE('',#2569,7.5);
#2569 = AXIS2_PLACEMENT_3D('',#2570,#2571,#2572);
#2570 = CARTESIAN_POINT('',(-25.,25.,211.));
#2571 = DIRECTION('',(0.,0.,-1.));
#2572 = DIRECTION('',(1.,0.,0.));
#2573 = PCURVE('',#1461,#2574);
#2574 = DEFINITIONAL_REPRESENTATION('',(#2575),#2583);
#2575 = ( BOUNDED_CURVE() B_SPLINE_CURVE(2,(#2576,#2577,#2578,#2579,
#2580,#2581,#2582),.UNSPECIFIED.,.T.,.F.) B_SPLINE_CURVE_WITH_KNOTS((1,2
    ,2,2,2,1),(-2.094395102393,0.,2.094395102393,4.188790204786,
6.28318530718,8.377580409573),.UNSPECIFIED.) CURVE() 
GEOMETRIC_REPRESENTATION_ITEM() RATIONAL_B_SPLINE_CURVE((1.,0.5,1.,0.5,
1.,0.5,1.)) REPRESENTATION_ITEM('') );
#2576 = CARTESIAN_POINT('',(-17.5,25.));
#2577 = CARTESIAN_POINT('',(-17.5,12.009618943233));
#2578 = CARTESIAN_POINT('',(-28.75,18.504809471617));
#2579 = CARTESIAN_POINT('',(-40.,25.));
#2580 = CARTESIAN_POINT('',(-28.75,31.495190528383));
#2581 = CARTESIAN_POINT('',(-17.5,37.990381056767));
#2582 = CARTESIAN_POINT('',(-17.5,25.));
#2583 = ( GEOMETRIC_REPRESENTATION_CONTEXT(2) 
PARAMETRIC_REPRESENTATION_CONTEXT() REPRESENTATION_CONTEXT('2D SPACE',''
  ) );
#2584 = PCURVE('',#2585,#2590);
#2585 = CYLINDRICAL_SURFACE('',#2586,7.5);
#2586 = AXIS2_PLACEMENT_3D('',#2587,#2588,#2589);
#2587 = CARTESIAN_POINT('',(-25.,25.,55.));
#2588 = DIRECTION('',(-0.,-0.,-1.));
#2589 = DIRECTION('',(1.,0.,0.));
#2590 = DEFINITIONAL_REPRESENTATION('',(#2591),#2595);
#2591 = LINE('',#2592,#2593);
#2592 = CARTESIAN_POINT('',(-6.28318530718,-156.));
#2593 = VECTOR('',#2594,1.);
#2594 = DIRECTION('',(1.,-0.));
#2595 = ( GEOMETRIC_REPRESENTATION_CONTEXT(2) 
PARAMETRIC_REPRESENTATION_CONTEXT() REPRESENTATION_CONTEXT('2D SPACE',''
  ) );
#2596 = FACE_BOUND('',#2597,.F.);
#2597 = EDGE_LOOP('',(#2598));
#2598 = ORIENTED_EDGE('',*,*,#1446,.T.);
#2599 = FACE_BOUND('',#2600,.F.);
#2600 = EDGE_LOOP('',(#2601));
#2601 = ORIENTED_EDGE('',*,*,#1633,.T.);
#2602 = FACE_BOUND('',#2603,.F.);
#2603 = EDGE_LOOP('',(#2604));
#2604 = ORIENTED_EDGE('',*,*,#1815,.T.);
#2605 = FACE_BOUND('',#2606,.F.);
#2606 = EDGE_LOOP('',(#2607));
#2607 = ORIENTED_EDGE('',*,*,#2608,.T.);
#2608 = EDGE_CURVE('',#2609,#2609,#2611,.T.);
#2609 = VERTEX_POINT('',#2610);
#2610 = CARTESIAN_POINT('',(-30.,0.,211.));
#2611 = SURFACE_CURVE('',#2612,(#2617,#2628),.PCURVE_S1.);
#2612 = CIRCLE('',#2613,7.5);
#2613 = AXIS2_PLACEMENT_3D('',#2614,#2615,#2616);
#2614 = CARTESIAN_POINT('',(-37.5,0.,211.));
#2615 = DIRECTION('',(0.,0.,-1.));
#2616 = DIRECTION('',(1.,0.,0.));
#2617 = PCURVE('',#1461,#2618);
#2618 = DEFINITIONAL_REPRESENTATION('',(#2619),#2627);
#2619 = ( BOUNDED_CURVE() B_SPLINE_CURVE(2,(#2620,#2621,#2622,#2623,
#2624,#2625,#2626),.UNSPECIFIED.,.T.,.F.) B_SPLINE_CURVE_WITH_KNOTS((1,2
    ,2,2,2,1),(-2.094395102393,0.,2.094395102393,4.188790204786,
6.28318530718,8.377580409573),.UNSPECIFIED.) CURVE() 
GEOMETRIC_REPRESENTATION_ITEM() RATIONAL_B_SPLINE_CURVE((1.,0.5,1.,0.5,
1.,0.5,1.)) REPRESENTATION_ITEM('') );
#2620 = CARTESIAN_POINT('',(-30.,-3.209892110372E-15));
#2621 = CARTESIAN_POINT('',(-30.,-12.99038105676));
#2622 = CARTESIAN_POINT('',(-41.25,-6.495190528383));
#2623 = CARTESIAN_POINT('',(-52.5,-5.046862309093E-15));
#2624 = CARTESIAN_POINT('',(-41.25,6.495190528383));
#2625 = CARTESIAN_POINT('',(-30.,12.990381056767));
#2626 = CARTESIAN_POINT('',(-30.,-3.209892110372E-15));
#2627 = ( GEOMETRIC_REPRESENTATION_CONTEXT(2) 
PARAMETRIC_REPRESENTATION_CONTEXT() REPRESENTATION_CONTEXT('2D SPACE',''
  ) );
#2628 = PCURVE('',#2629,#2634);
#2629 = CYLINDRICAL_SURFACE('',#2630,7.5);
#2630 = AXIS2_PLACEMENT_3D('',#2631,#2632,#2633);
#2631 = CARTESIAN_POINT('',(-37.5,0.,55.));
#2632 = DIRECTION('',(-0.,-0.,-1.));
#2633 = DIRECTION('',(1.,0.,0.));
#2634 = DEFINITIONAL_REPRESENTATION('',(#2635),#2639);
#2635 = LINE('',#2636,#2637);
#2636 = CARTESIAN_POINT('',(-6.28318530718,-156.));
#2637 = VECTOR('',#2638,1.);
#2638 = DIRECTION('',(1.,-0.));
#2639 = ( GEOMETRIC_REPRESENTATION_CONTEXT(2) 
PARAMETRIC_REPRESENTATION_CONTEXT() REPRESENTATION_CONTEXT('2D SPACE',''
  ) );
#2640 = FACE_BOUND('',#2641,.F.);
#2641 = EDGE_LOOP('',(#2642));
#2642 = ORIENTED_EDGE('',*,*,#2643,.T.);
#2643 = EDGE_CURVE('',#2644,#2644,#2646,.T.);
#2644 = VERTEX_POINT('',#2645);
#2645 = CARTESIAN_POINT('',(-5.,0.,211.));
#2646 = SURFACE_CURVE('',#2647,(#2652,#2663),.PCURVE_S1.);
#2647 = CIRCLE('',#2648,7.5);
#2648 = AXIS2_PLACEMENT_3D('',#2649,#2650,#2651);
#2649 = CARTESIAN_POINT('',(-12.5,0.,211.));
#2650 = DIRECTION('',(0.,0.,-1.));
#2651 = DIRECTION('',(1.,0.,0.));
#2652 = PCURVE('',#1461,#2653);
#2653 = DEFINITIONAL_REPRESENTATION('',(#2654),#2662);
#2654 = ( BOUNDED_CURVE() B_SPLINE_CURVE(2,(#2655,#2656,#2657,#2658,
#2659,#2660,#2661),.UNSPECIFIED.,.T.,.F.) B_SPLINE_CURVE_WITH_KNOTS((1,2
    ,2,2,2,1),(-2.094395102393,0.,2.094395102393,4.188790204786,
6.28318530718,8.377580409573),.UNSPECIFIED.) CURVE() 
GEOMETRIC_REPRESENTATION_ITEM() RATIONAL_B_SPLINE_CURVE((1.,0.5,1.,0.5,
1.,0.5,1.)) REPRESENTATION_ITEM('') );
#2655 = CARTESIAN_POINT('',(-5.,-3.209892110372E-15));
#2656 = CARTESIAN_POINT('',(-5.,-12.99038105676));
#2657 = CARTESIAN_POINT('',(-16.25,-6.495190528383));
#2658 = CARTESIAN_POINT('',(-27.5,-5.046862309093E-15));
#2659 = CARTESIAN_POINT('',(-16.25,6.495190528383));
#2660 = CARTESIAN_POINT('',(-5.,12.990381056767));
#2661 = CARTESIAN_POINT('',(-5.,-3.209892110372E-15));
#2662 = ( GEOMETRIC_REPRESENTATION_CONTEXT(2) 
PARAMETRIC_REPRESENTATION_CONTEXT() REPRESENTATION_CONTEXT('2D SPACE',''
  ) );
#2663 = PCURVE('',#2664,#2669);
#2664 = CYLINDRICAL_SURFACE('',#2665,7.5);
#2665 = AXIS2_PLACEMENT_3D('',#2666,#2667,#2668);
#2666 = CARTESIAN_POINT('',(-12.5,0.,55.));
#2667 = DIRECTION('',(-0.,-0.,-1.));
#2668 = DIRECTION('',(1.,0.,0.));
#2669 = DEFINITIONAL_REPRESENTATION('',(#2670),#2674);
#2670 = LINE('',#2671,#2672);
#2671 = CARTESIAN_POINT('',(-6.28318530718,-156.));
#2672 = VECTOR('',#2673,1.);
#2673 = DIRECTION('',(1.,-0.));
#2674 = ( GEOMETRIC_REPRESENTATION_CONTEXT(2) 
PARAMETRIC_REPRESENTATION_CONTEXT() REPRESENTATION_CONTEXT('2D SPACE',''
  ) );
#2675 = FACE_BOUND('',#2676,.F.);
#2676 = EDGE_LOOP('',(#2677));
#2677 = ORIENTED_EDGE('',*,*,#2678,.T.);
#2678 = EDGE_CURVE('',#2679,#2679,#2681,.T.);
#2679 = VERTEX_POINT('',#2680);
#2680 = CARTESIAN_POINT('',(20.,0.,211.));
#2681 = SURFACE_CURVE('',#2682,(#2687,#2698),.PCURVE_S1.);
#2682 = CIRCLE('',#2683,7.5);
#2683 = AXIS2_PLACEMENT_3D('',#2684,#2685,#2686);
#2684 = CARTESIAN_POINT('',(12.5,0.,211.));
#2685 = DIRECTION('',(0.,0.,-1.));
#2686 = DIRECTION('',(1.,0.,0.));
#2687 = PCURVE('',#1461,#2688);
#2688 = DEFINITIONAL_REPRESENTATION('',(#2689),#2697);
#2689 = ( BOUNDED_CURVE() B_SPLINE_CURVE(2,(#2690,#2691,#2692,#2693,
#2694,#2695,#2696),.UNSPECIFIED.,.T.,.F.) B_SPLINE_CURVE_WITH_KNOTS((1,2
    ,2,2,2,1),(-2.094395102393,0.,2.094395102393,4.188790204786,
6.28318530718,8.377580409573),.UNSPECIFIED.) CURVE() 
GEOMETRIC_REPRESENTATION_ITEM() RATIONAL_B_SPLINE_CURVE((1.,0.5,1.,0.5,
1.,0.5,1.)) REPRESENTATION_ITEM('') );
#2690 = CARTESIAN_POINT('',(20.,-3.209892110372E-15));
#2691 = CARTESIAN_POINT('',(20.,-12.99038105676));
#2692 = CARTESIAN_POINT('',(8.75,-6.495190528383));
#2693 = CARTESIAN_POINT('',(-2.5,-5.046862309093E-15));
#2694 = CARTESIAN_POINT('',(8.75,6.495190528383));
#2695 = CARTESIAN_POINT('',(20.,12.990381056767));
#2696 = CARTESIAN_POINT('',(20.,-3.209892110372E-15));
#2697 = ( GEOMETRIC_REPRESENTATION_CONTEXT(2) 
PARAMETRIC_REPRESENTATION_CONTEXT() REPRESENTATION_CONTEXT('2D SPACE',''
  ) );
#2698 = PCURVE('',#2699,#2704);
#2699 = CYLINDRICAL_SURFACE('',#2700,7.5);
#2700 = AXIS2_PLACEMENT_3D('',#2701,#2702,#2703);
#2701 = CARTESIAN_POINT('',(12.5,0.,55.));
#2702 = DIRECTION('',(-0.,-0.,-1.));
#2703 = DIRECTION('',(1.,0.,0.));
#2704 = DEFINITIONAL_REPRESENTATION('',(#2705),#2709);
#2705 = LINE('',#2706,#2707);
#2706 = CARTESIAN_POINT('',(-6.28318530718,-156.));
#2707 = VECTOR('',#2708,1.);
#2708 = DIRECTION('',(1.,-0.));
#2709 = ( GEOMETRIC_REPRESENTATION_CONTEXT(2) 
PARAMETRIC_REPRESENTATION_CONTEXT() REPRESENTATION_CONTEXT('2D SPACE',''
  ) );
#2710 = FACE_BOUND('',#2711,.F.);
#2711 = EDGE_LOOP('',(#2712));
#2712 = ORIENTED_EDGE('',*,*,#2713,.T.);
#2713 = EDGE_CURVE('',#2714,#2714,#2716,.T.);
#2714 = VERTEX_POINT('',#2715);
#2715 = CARTESIAN_POINT('',(45.,0.,211.));
#2716 = SURFACE_CURVE('',#2717,(#2722,#2733),.PCURVE_S1.);
#2717 = CIRCLE('',#2718,7.5);
#2718 = AXIS2_PLACEMENT_3D('',#2719,#2720,#2721);
#2719 = CARTESIAN_POINT('',(37.5,0.,211.));
#2720 = DIRECTION('',(0.,0.,-1.));
#2721 = DIRECTION('',(1.,0.,0.));
#2722 = PCURVE('',#1461,#2723);
#2723 = DEFINITIONAL_REPRESENTATION('',(#2724),#2732);
#2724 = ( BOUNDED_CURVE() B_SPLINE_CURVE(2,(#2725,#2726,#2727,#2728,
#2729,#2730,#2731),.UNSPECIFIED.,.T.,.F.) B_SPLINE_CURVE_WITH_KNOTS((1,2
    ,2,2,2,1),(-2.094395102393,0.,2.094395102393,4.188790204786,
6.28318530718,8.377580409573),.UNSPECIFIED.) CURVE() 
GEOMETRIC_REPRESENTATION_ITEM() RATIONAL_B_SPLINE_CURVE((1.,0.5,1.,0.5,
1.,0.5,1.)) REPRESENTATION_ITEM('') );
#2725 = CARTESIAN_POINT('',(45.,-3.209892110372E-15));
#2726 = CARTESIAN_POINT('',(45.,-12.99038105676));
#2727 = CARTESIAN_POINT('',(33.75,-6.495190528383));
#2728 = CARTESIAN_POINT('',(22.5,-5.046862309093E-15));
#2729 = CARTESIAN_POINT('',(33.75,6.495190528383));
#2730 = CARTESIAN_POINT('',(45.,12.990381056767));
#2731 = CARTESIAN_POINT('',(45.,-3.209892110372E-15));
#2732 = ( GEOMETRIC_REPRESENTATION_CONTEXT(2) 
PARAMETRIC_REPRESENTATION_CONTEXT() REPRESENTATION_CONTEXT('2D SPACE',''
  ) );
#2733 = PCURVE('',#2734,#2739);
#2734 = CYLINDRICAL_SURFACE('',#2735,7.5);
#2735 = AXIS2_PLACEMENT_3D('',#2736,#2737,#2738);
#2736 = CARTESIAN_POINT('',(37.5,0.,55.));
#2737 = DIRECTION('',(-0.,-0.,-1.));
#2738 = DIRECTION('',(1.,0.,0.));
#2739 = DEFINITIONAL_REPRESENTATION('',(#2740),#2744);
#2740 = LINE('',#2741,#2742);
#2741 = CARTESIAN_POINT('',(-6.28318530718,-156.));
#2742 = VECTOR('',#2743,1.);
#2743 = DIRECTION('',(1.,-0.));
#2744 = ( GEOMETRIC_REPRESENTATION_CONTEXT(2) 
PARAMETRIC_REPRESENTATION_CONTEXT() REPRESENTATION_CONTEXT('2D SPACE',''
  ) );
#2745 = ADVANCED_FACE('',(#2746,#2850,#2880,#2910,#2940,#2970,#3000,
    #3030),#1407,.T.);
#2746 = FACE_BOUND('',#2747,.T.);
#2747 = EDGE_LOOP('',(#2748,#2749,#2772,#2805,#2826,#2827,#2828,#2829));
#2748 = ORIENTED_EDGE('',*,*,#1764,.T.);
#2749 = ORIENTED_EDGE('',*,*,#2750,.T.);
#2750 = EDGE_CURVE('',#1765,#2751,#2753,.T.);
#2751 = VERTEX_POINT('',#2752);
#2752 = CARTESIAN_POINT('',(43.301270189221,-25.,143.));
#2753 = SURFACE_CURVE('',#2754,(#2758,#2765),.PCURVE_S1.);
#2754 = LINE('',#2755,#2756);
#2755 = CARTESIAN_POINT('',(-50.,-25.,143.));
#2756 = VECTOR('',#2757,1.);
#2757 = DIRECTION('',(1.,0.,0.));
#2758 = PCURVE('',#1407,#2759);
#2759 = DEFINITIONAL_REPRESENTATION('',(#2760),#2764);
#2760 = LINE('',#2761,#2762);
#2761 = CARTESIAN_POINT('',(-50.,-25.));
#2762 = VECTOR('',#2763,1.);
#2763 = DIRECTION('',(1.,0.));
#2764 = ( GEOMETRIC_REPRESENTATION_CONTEXT(2) 
PARAMETRIC_REPRESENTATION_CONTEXT() REPRESENTATION_CONTEXT('2D SPACE',''
  ) );
#2765 = PCURVE('',#1855,#2766);
#2766 = DEFINITIONAL_REPRESENTATION('',(#2767),#2771);
#2767 = LINE('',#2768,#2769);
#2768 = CARTESIAN_POINT('',(0.,-10.));
#2769 = VECTOR('',#2770,1.);
#2770 = DIRECTION('',(1.,0.));
#2771 = ( GEOMETRIC_REPRESENTATION_CONTEXT(2) 
PARAMETRIC_REPRESENTATION_CONTEXT() REPRESENTATION_CONTEXT('2D SPACE',''
  ) );
#2772 = ORIENTED_EDGE('',*,*,#2773,.F.);
#2773 = EDGE_CURVE('',#2774,#2751,#2776,.T.);
#2774 = VERTEX_POINT('',#2775);
#2775 = CARTESIAN_POINT('',(-43.30127018922,-24.99999999999,143.));
#2776 = SURFACE_CURVE('',#2777,(#2782,#2793),.PCURVE_S1.);
#2777 = CIRCLE('',#2778,50.);
#2778 = AXIS2_PLACEMENT_3D('',#2779,#2780,#2781);
#2779 = CARTESIAN_POINT('',(0.,0.,143.));
#2780 = DIRECTION('',(0.,0.,-1.));
#2781 = DIRECTION('',(-0.866025403784,-0.5,-0.));
#2782 = PCURVE('',#1407,#2783);
#2783 = DEFINITIONAL_REPRESENTATION('',(#2784),#2792);
#2784 = ( BOUNDED_CURVE() B_SPLINE_CURVE(2,(#2785,#2786,#2787,#2788,
#2789,#2790,#2791),.UNSPECIFIED.,.T.,.F.) B_SPLINE_CURVE_WITH_KNOTS((1,2
    ,2,2,2,1),(-2.094395102393,0.,2.094395102393,4.188790204786,
6.28318530718,8.377580409573),.UNSPECIFIED.) CURVE() 
GEOMETRIC_REPRESENTATION_ITEM() RATIONAL_B_SPLINE_CURVE((1.,0.5,1.,0.5,
1.,0.5,1.)) REPRESENTATION_ITEM('') );
#2785 = CARTESIAN_POINT('',(-43.30127018922,-24.99999999999));
#2786 = CARTESIAN_POINT('',(-86.60254037844,50.000000000003));
#2787 = CARTESIAN_POINT('',(1.972761143157E-12,50.));
#2788 = CARTESIAN_POINT('',(86.602540378446,49.999999999997));
#2789 = CARTESIAN_POINT('',(43.301270189221,-25.));
#2790 = CARTESIAN_POINT('',(-3.87778456348E-12,-100.));
#2791 = CARTESIAN_POINT('',(-43.30127018922,-24.99999999999));
#2792 = ( GEOMETRIC_REPRESENTATION_CONTEXT(2) 
PARAMETRIC_REPRESENTATION_CONTEXT() REPRESENTATION_CONTEXT('2D SPACE',''
  ) );
#2793 = PCURVE('',#2794,#2799);
#2794 = CYLINDRICAL_SURFACE('',#2795,50.);
#2795 = AXIS2_PLACEMENT_3D('',#2796,#2797,#2798);
#2796 = CARTESIAN_POINT('',(0.,0.,133.));
#2797 = DIRECTION('',(-0.,-0.,-1.));
#2798 = DIRECTION('',(1.,0.,0.));
#2799 = DEFINITIONAL_REPRESENTATION('',(#2800),#2804);
#2800 = LINE('',#2801,#2802);
#2801 = CARTESIAN_POINT('',(-9.948376736368,-10.));
#2802 = VECTOR('',#2803,1.);
#2803 = DIRECTION('',(1.,-0.));
#2804 = ( GEOMETRIC_REPRESENTATION_CONTEXT(2) 
PARAMETRIC_REPRESENTATION_CONTEXT() REPRESENTATION_CONTEXT('2D SPACE',''
  ) );
#2805 = ORIENTED_EDGE('',*,*,#2806,.T.);
#2806 = EDGE_CURVE('',#2774,#1363,#2807,.T.);
#2807 = SURFACE_CURVE('',#2808,(#2812,#2819),.PCURVE_S1.);
#2808 = LINE('',#2809,#2810);
#2809 = CARTESIAN_POINT('',(-50.,-25.,143.));
#2810 = VECTOR('',#2811,1.);
#2811 = DIRECTION('',(1.,0.,0.));
#2812 = PCURVE('',#1407,#2813);
#2813 = DEFINITIONAL_REPRESENTATION('',(#2814),#2818);
#2814 = LINE('',#2815,#2816);
#2815 = CARTESIAN_POINT('',(-50.,-25.));
#2816 = VECTOR('',#2817,1.);
#2817 = DIRECTION('',(1.,0.));
#2818 = ( GEOMETRIC_REPRESENTATION_CONTEXT(2) 
PARAMETRIC_REPRESENTATION_CONTEXT() REPRESENTATION_CONTEXT('2D SPACE',''
  ) );
#2819 = PCURVE('',#1378,#2820);
#2820 = DEFINITIONAL_REPRESENTATION('',(#2821),#2825);
#2821 = LINE('',#2822,#2823);
#2822 = CARTESIAN_POINT('',(0.,-10.));
#2823 = VECTOR('',#2824,1.);
#2824 = DIRECTION('',(1.,0.));
#2825 = ( GEOMETRIC_REPRESENTATION_CONTEXT(2) 
PARAMETRIC_REPRESENTATION_CONTEXT() REPRESENTATION_CONTEXT('2D SPACE',''
  ) );
#2826 = ORIENTED_EDGE('',*,*,#1390,.T.);
#2827 = ORIENTED_EDGE('',*,*,#2333,.T.);
#2828 = ORIENTED_EDGE('',*,*,#1582,.T.);
#2829 = ORIENTED_EDGE('',*,*,#2830,.T.);
#2830 = EDGE_CURVE('',#1583,#1742,#2831,.T.);
#2831 = SURFACE_CURVE('',#2832,(#2836,#2843),.PCURVE_S1.);
#2832 = LINE('',#2833,#2834);
#2833 = CARTESIAN_POINT('',(-50.,-25.,143.));
#2834 = VECTOR('',#2835,1.);
#2835 = DIRECTION('',(1.,0.,0.));
#2836 = PCURVE('',#1407,#2837);
#2837 = DEFINITIONAL_REPRESENTATION('',(#2838),#2842);
#2838 = LINE('',#2839,#2840);
#2839 = CARTESIAN_POINT('',(-50.,-25.));
#2840 = VECTOR('',#2841,1.);
#2841 = DIRECTION('',(1.,0.));
#2842 = ( GEOMETRIC_REPRESENTATION_CONTEXT(2) 
PARAMETRIC_REPRESENTATION_CONTEXT() REPRESENTATION_CONTEXT('2D SPACE',''
  ) );
#2843 = PCURVE('',#1673,#2844);
#2844 = DEFINITIONAL_REPRESENTATION('',(#2845),#2849);
#2845 = LINE('',#2846,#2847);
#2846 = CARTESIAN_POINT('',(0.,-10.));
#2847 = VECTOR('',#2848,1.);
#2848 = DIRECTION('',(1.,0.));
#2849 = ( GEOMETRIC_REPRESENTATION_CONTEXT(2) 
PARAMETRIC_REPRESENTATION_CONTEXT() REPRESENTATION_CONTEXT('2D SPACE',''
  ) );
#2850 = FACE_BOUND('',#2851,.T.);
#2851 = EDGE_LOOP('',(#2852));
#2852 = ORIENTED_EDGE('',*,*,#2853,.T.);
#2853 = EDGE_CURVE('',#2854,#2854,#2856,.T.);
#2854 = VERTEX_POINT('',#2855);
#2855 = CARTESIAN_POINT('',(-30.,0.,143.));
#2856 = SURFACE_CURVE('',#2857,(#2862,#2873),.PCURVE_S1.);
#2857 = CIRCLE('',#2858,7.5);
#2858 = AXIS2_PLACEMENT_3D('',#2859,#2860,#2861);
#2859 = CARTESIAN_POINT('',(-37.5,0.,143.));
#2860 = DIRECTION('',(0.,0.,-1.));
#2861 = DIRECTION('',(1.,0.,0.));
#2862 = PCURVE('',#1407,#2863);
#2863 = DEFINITIONAL_REPRESENTATION('',(#2864),#2872);
#2864 = ( BOUNDED_CURVE() B_SPLINE_CURVE(2,(#2865,#2866,#2867,#2868,
#2869,#2870,#2871),.UNSPECIFIED.,.T.,.F.) B_SPLINE_CURVE_WITH_KNOTS((1,2
    ,2,2,2,1),(-2.094395102393,0.,2.094395102393,4.188790204786,
6.28318530718,8.377580409573),.UNSPECIFIED.) CURVE() 
GEOMETRIC_REPRESENTATION_ITEM() RATIONAL_B_SPLINE_CURVE((1.,0.5,1.,0.5,
1.,0.5,1.)) REPRESENTATION_ITEM('') );
#2865 = CARTESIAN_POINT('',(-30.,-3.209892110372E-15));
#2866 = CARTESIAN_POINT('',(-30.,-12.99038105676));
#2867 = CARTESIAN_POINT('',(-41.25,-6.495190528383));
#2868 = CARTESIAN_POINT('',(-52.5,-5.046862309093E-15));
#2869 = CARTESIAN_POINT('',(-41.25,6.495190528383));
#2870 = CARTESIAN_POINT('',(-30.,12.990381056767));
#2871 = CARTESIAN_POINT('',(-30.,-3.209892110372E-15));
#2872 = ( GEOMETRIC_REPRESENTATION_CONTEXT(2) 
PARAMETRIC_REPRESENTATION_CONTEXT() REPRESENTATION_CONTEXT('2D SPACE',''
  ) );
#2873 = PCURVE('',#2629,#2874);
#2874 = DEFINITIONAL_REPRESENTATION('',(#2875),#2879);
#2875 = LINE('',#2876,#2877);
#2876 = CARTESIAN_POINT('',(-6.28318530718,-88.));
#2877 = VECTOR('',#2878,1.);
#2878 = DIRECTION('',(1.,-0.));
#2879 = ( GEOMETRIC_REPRESENTATION_CONTEXT(2) 
PARAMETRIC_REPRESENTATION_CONTEXT() REPRESENTATION_CONTEXT('2D SPACE',''
  ) );
#2880 = FACE_BOUND('',#2881,.T.);
#2881 = EDGE_LOOP('',(#2882));
#2882 = ORIENTED_EDGE('',*,*,#2883,.T.);
#2883 = EDGE_CURVE('',#2884,#2884,#2886,.T.);
#2884 = VERTEX_POINT('',#2885);
#2885 = CARTESIAN_POINT('',(-5.,0.,143.));
#2886 = SURFACE_CURVE('',#2887,(#2892,#2903),.PCURVE_S1.);
#2887 = CIRCLE('',#2888,7.5);
#2888 = AXIS2_PLACEMENT_3D('',#2889,#2890,#2891);
#2889 = CARTESIAN_POINT('',(-12.5,0.,143.));
#2890 = DIRECTION('',(0.,0.,-1.));
#2891 = DIRECTION('',(1.,0.,0.));
#2892 = PCURVE('',#1407,#2893);
#2893 = DEFINITIONAL_REPRESENTATION('',(#2894),#2902);
#2894 = ( BOUNDED_CURVE() B_SPLINE_CURVE(2,(#2895,#2896,#2897,#2898,
#2899,#2900,#2901),.UNSPECIFIED.,.T.,.F.) B_SPLINE_CURVE_WITH_KNOTS((1,2
    ,2,2,2,1),(-2.094395102393,0.,2.094395102393,4.188790204786,
6.28318530718,8.377580409573),.UNSPECIFIED.) CURVE() 
GEOMETRIC_REPRESENTATION_ITEM() RATIONAL_B_SPLINE_CURVE((1.,0.5,1.,0.5,
1.,0.5,1.)) REPRESENTATION_ITEM('') );
#2895 = CARTESIAN_POINT('',(-5.,-3.209892110372E-15));
#2896 = CARTESIAN_POINT('',(-5.,-12.99038105676));
#2897 = CARTESIAN_POINT('',(-16.25,-6.495190528383));
#2898 = CARTESIAN_POINT('',(-27.5,-5.046862309093E-15));
#2899 = CARTESIAN_POINT('',(-16.25,6.495190528383));
#2900 = CARTESIAN_POINT('',(-5.,12.990381056767));
#2901 = CARTESIAN_POINT('',(-5.,-3.209892110372E-15));
#2902 = ( GEOMETRIC_REPRESENTATION_CONTEXT(2) 
PARAMETRIC_REPRESENTATION_CONTEXT() REPRESENTATION_CONTEXT('2D SPACE',''
  ) );
#2903 = PCURVE('',#2664,#2904);
#2904 = DEFINITIONAL_REPRESENTATION('',(#2905),#2909);
#2905 = LINE('',#2906,#2907);
#2906 = CARTESIAN_POINT('',(-6.28318530718,-88.));
#2907 = VECTOR('',#2908,1.);
#2908 = DIRECTION('',(1.,-0.));
#2909 = ( GEOMETRIC_REPRESENTATION_CONTEXT(2) 
PARAMETRIC_REPRESENTATION_CONTEXT() REPRESENTATION_CONTEXT('2D SPACE',''
  ) );
#2910 = FACE_BOUND('',#2911,.T.);
#2911 = EDGE_LOOP('',(#2912));
#2912 = ORIENTED_EDGE('',*,*,#2913,.T.);
#2913 = EDGE_CURVE('',#2914,#2914,#2916,.T.);
#2914 = VERTEX_POINT('',#2915);
#2915 = CARTESIAN_POINT('',(20.,0.,143.));
#2916 = SURFACE_CURVE('',#2917,(#2922,#2933),.PCURVE_S1.);
#2917 = CIRCLE('',#2918,7.5);
#2918 = AXIS2_PLACEMENT_3D('',#2919,#2920,#2921);
#2919 = CARTESIAN_POINT('',(12.5,0.,143.));
#2920 = DIRECTION('',(0.,0.,-1.));
#2921 = DIRECTION('',(1.,0.,0.));
#2922 = PCURVE('',#1407,#2923);
#2923 = DEFINITIONAL_REPRESENTATION('',(#2924),#2932);
#2924 = ( BOUNDED_CURVE() B_SPLINE_CURVE(2,(#2925,#2926,#2927,#2928,
#2929,#2930,#2931),.UNSPECIFIED.,.T.,.F.) B_SPLINE_CURVE_WITH_KNOTS((1,2
    ,2,2,2,1),(-2.094395102393,0.,2.094395102393,4.188790204786,
6.28318530718,8.377580409573),.UNSPECIFIED.) CURVE() 
GEOMETRIC_REPRESENTATION_ITEM() RATIONAL_B_SPLINE_CURVE((1.,0.5,1.,0.5,
1.,0.5,1.)) REPRESENTATION_ITEM('') );
#2925 = CARTESIAN_POINT('',(20.,-3.209892110372E-15));
#2926 = CARTESIAN_POINT('',(20.,-12.99038105676));
#2927 = CARTESIAN_POINT('',(8.75,-6.495190528383));
#2928 = CARTESIAN_POINT('',(-2.5,-5.046862309093E-15));
#2929 = CARTESIAN_POINT('',(8.75,6.495190528383));
#2930 = CARTESIAN_POINT('',(20.,12.990381056767));
#2931 = CARTESIAN_POINT('',(20.,-3.209892110372E-15));
#2932 = ( GEOMETRIC_REPRESENTATION_CONTEXT(2) 
PARAMETRIC_REPRESENTATION_CONTEXT() REPRESENTATION_CONTEXT('2D SPACE',''
  ) );
#2933 = PCURVE('',#2699,#2934);
#2934 = DEFINITIONAL_REPRESENTATION('',(#2935),#2939);
#2935 = LINE('',#2936,#2937);
#2936 = CARTESIAN_POINT('',(-6.28318530718,-88.));
#2937 = VECTOR('',#2938,1.);
#2938 = DIRECTION('',(1.,-0.));
#2939 = ( GEOMETRIC_REPRESENTATION_CONTEXT(2) 
PARAMETRIC_REPRESENTATION_CONTEXT() REPRESENTATION_CONTEXT('2D SPACE',''
  ) );
#2940 = FACE_BOUND('',#2941,.T.);
#2941 = EDGE_LOOP('',(#2942));
#2942 = ORIENTED_EDGE('',*,*,#2943,.T.);
#2943 = EDGE_CURVE('',#2944,#2944,#2946,.T.);
#2944 = VERTEX_POINT('',#2945);
#2945 = CARTESIAN_POINT('',(45.,0.,143.));
#2946 = SURFACE_CURVE('',#2947,(#2952,#2963),.PCURVE_S1.);
#2947 = CIRCLE('',#2948,7.5);
#2948 = AXIS2_PLACEMENT_3D('',#2949,#2950,#2951);
#2949 = CARTESIAN_POINT('',(37.5,0.,143.));
#2950 = DIRECTION('',(0.,0.,-1.));
#2951 = DIRECTION('',(1.,0.,0.));
#2952 = PCURVE('',#1407,#2953);
#2953 = DEFINITIONAL_REPRESENTATION('',(#2954),#2962);
#2954 = ( BOUNDED_CURVE() B_SPLINE_CURVE(2,(#2955,#2956,#2957,#2958,
#2959,#2960,#2961),.UNSPECIFIED.,.T.,.F.) B_SPLINE_CURVE_WITH_KNOTS((1,2
    ,2,2,2,1),(-2.094395102393,0.,2.094395102393,4.188790204786,
6.28318530718,8.377580409573),.UNSPECIFIED.) CURVE() 
GEOMETRIC_REPRESENTATION_ITEM() RATIONAL_B_SPLINE_CURVE((1.,0.5,1.,0.5,
1.,0.5,1.)) REPRESENTATION_ITEM('') );
#2955 = CARTESIAN_POINT('',(45.,-3.209892110372E-15));
#2956 = CARTESIAN_POINT('',(45.,-12.99038105676));
#2957 = CARTESIAN_POINT('',(33.75,-6.495190528383));
#2958 = CARTESIAN_POINT('',(22.5,-5.046862309093E-15));
#2959 = CARTESIAN_POINT('',(33.75,6.495190528383));
#2960 = CARTESIAN_POINT('',(45.,12.990381056767));
#2961 = CARTESIAN_POINT('',(45.,-3.209892110372E-15));
#2962 = ( GEOMETRIC_REPRESENTATION_CONTEXT(2) 
PARAMETRIC_REPRESENTATION_CONTEXT() REPRESENTATION_CONTEXT('2D SPACE',''
  ) );
#2963 = PCURVE('',#2734,#2964);
#2964 = DEFINITIONAL_REPRESENTATION('',(#2965),#2969);
#2965 = LINE('',#2966,#2967);
#2966 = CARTESIAN_POINT('',(-6.28318530718,-88.));
#2967 = VECTOR('',#2968,1.);
#2968 = DIRECTION('',(1.,-0.));
#2969 = ( GEOMETRIC_REPRESENTATION_CONTEXT(2) 
PARAMETRIC_REPRESENTATION_CONTEXT() REPRESENTATION_CONTEXT('2D SPACE',''
  ) );
#2970 = FACE_BOUND('',#2971,.T.);
#2971 = EDGE_LOOP('',(#2972));
#2972 = ORIENTED_EDGE('',*,*,#2973,.T.);
#2973 = EDGE_CURVE('',#2974,#2974,#2976,.T.);
#2974 = VERTEX_POINT('',#2975);
#2975 = CARTESIAN_POINT('',(-17.5,25.,143.));
#2976 = SURFACE_CURVE('',#2977,(#2982,#2993),.PCURVE_S1.);
#2977 = CIRCLE('',#2978,7.5);
#2978 = AXIS2_PLACEMENT_3D('',#2979,#2980,#2981);
#2979 = CARTESIAN_POINT('',(-25.,25.,143.));
#2980 = DIRECTION('',(0.,0.,-1.));
#2981 = DIRECTION('',(1.,0.,0.));
#2982 = PCURVE('',#1407,#2983);
#2983 = DEFINITIONAL_REPRESENTATION('',(#2984),#2992);
#2984 = ( BOUNDED_CURVE() B_SPLINE_CURVE(2,(#2985,#2986,#2987,#2988,
#2989,#2990,#2991),.UNSPECIFIED.,.T.,.F.) B_SPLINE_CURVE_WITH_KNOTS((1,2
    ,2,2,2,1),(-2.094395102393,0.,2.094395102393,4.188790204786,
6.28318530718,8.377580409573),.UNSPECIFIED.) CURVE() 
GEOMETRIC_REPRESENTATION_ITEM() RATIONAL_B_SPLINE_CURVE((1.,0.5,1.,0.5,
1.,0.5,1.)) REPRESENTATION_ITEM('') );
#2985 = CARTESIAN_POINT('',(-17.5,25.));
#2986 = CARTESIAN_POINT('',(-17.5,12.009618943233));
#2987 = CARTESIAN_POINT('',(-28.75,18.504809471617));
#2988 = CARTESIAN_POINT('',(-40.,25.));
#2989 = CARTESIAN_POINT('',(-28.75,31.495190528383));
#2990 = CARTESIAN_POINT('',(-17.5,37.990381056767));
#2991 = CARTESIAN_POINT('',(-17.5,25.));
#2992 = ( GEOMETRIC_REPRESENTATION_CONTEXT(2) 
PARAMETRIC_REPRESENTATION_CONTEXT() REPRESENTATION_CONTEXT('2D SPACE',''
  ) );
#2993 = PCURVE('',#2585,#2994);
#2994 = DEFINITIONAL_REPRESENTATION('',(#2995),#2999);
#2995 = LINE('',#2996,#2997);
#2996 = CARTESIAN_POINT('',(-6.28318530718,-88.));
#2997 = VECTOR('',#2998,1.);
#2998 = DIRECTION('',(1.,-0.));
#2999 = ( GEOMETRIC_REPRESENTATION_CONTEXT(2) 
PARAMETRIC_REPRESENTATION_CONTEXT() REPRESENTATION_CONTEXT('2D SPACE',''
  ) );
#3000 = FACE_BOUND('',#3001,.T.);
#3001 = EDGE_LOOP('',(#3002));
#3002 = ORIENTED_EDGE('',*,*,#3003,.T.);
#3003 = EDGE_CURVE('',#3004,#3004,#3006,.T.);
#3004 = VERTEX_POINT('',#3005);
#3005 = CARTESIAN_POINT('',(7.5,25.,143.));
#3006 = SURFACE_CURVE('',#3007,(#3012,#3023),.PCURVE_S1.);
#3007 = CIRCLE('',#3008,7.5);
#3008 = AXIS2_PLACEMENT_3D('',#3009,#3010,#3011);
#3009 = CARTESIAN_POINT('',(0.,25.,143.));
#3010 = DIRECTION('',(0.,0.,-1.));
#3011 = DIRECTION('',(1.,0.,0.));
#3012 = PCURVE('',#1407,#3013);
#3013 = DEFINITIONAL_REPRESENTATION('',(#3014),#3022);
#3014 = ( BOUNDED_CURVE() B_SPLINE_CURVE(2,(#3015,#3016,#3017,#3018,
#3019,#3020,#3021),.UNSPECIFIED.,.T.,.F.) B_SPLINE_CURVE_WITH_KNOTS((1,2
    ,2,2,2,1),(-2.094395102393,0.,2.094395102393,4.188790204786,
6.28318530718,8.377580409573),.UNSPECIFIED.) CURVE() 
GEOMETRIC_REPRESENTATION_ITEM() RATIONAL_B_SPLINE_CURVE((1.,0.5,1.,0.5,
1.,0.5,1.)) REPRESENTATION_ITEM('') );
#3015 = CARTESIAN_POINT('',(7.5,25.));
#3016 = CARTESIAN_POINT('',(7.5,12.009618943233));
#3017 = CARTESIAN_POINT('',(-3.75,18.504809471617));
#3018 = CARTESIAN_POINT('',(-15.,25.));
#3019 = CARTESIAN_POINT('',(-3.75,31.495190528383));
#3020 = CARTESIAN_POINT('',(7.5,37.990381056767));
#3021 = CARTESIAN_POINT('',(7.5,25.));
#3022 = ( GEOMETRIC_REPRESENTATION_CONTEXT(2) 
PARAMETRIC_REPRESENTATION_CONTEXT() REPRESENTATION_CONTEXT('2D SPACE',''
  ) );
#3023 = PCURVE('',#2526,#3024);
#3024 = DEFINITIONAL_REPRESENTATION('',(#3025),#3029);
#3025 = LINE('',#3026,#3027);
#3026 = CARTESIAN_POINT('',(-6.28318530718,-88.));
#3027 = VECTOR('',#3028,1.);
#3028 = DIRECTION('',(1.,-0.));
#3029 = ( GEOMETRIC_REPRESENTATION_CONTEXT(2) 
PARAMETRIC_REPRESENTATION_CONTEXT() REPRESENTATION_CONTEXT('2D SPACE',''
  ) );
#3030 = FACE_BOUND('',#3031,.T.);
#3031 = EDGE_LOOP('',(#3032));
#3032 = ORIENTED_EDGE('',*,*,#3033,.T.);
#3033 = EDGE_CURVE('',#3034,#3034,#3036,.T.);
#3034 = VERTEX_POINT('',#3035);
#3035 = CARTESIAN_POINT('',(32.5,25.,143.));
#3036 = SURFACE_CURVE('',#3037,(#3042,#3053),.PCURVE_S1.);
#3037 = CIRCLE('',#3038,7.5);
#3038 = AXIS2_PLACEMENT_3D('',#3039,#3040,#3041);
#3039 = CARTESIAN_POINT('',(25.,25.,143.));
#3040 = DIRECTION('',(0.,0.,-1.));
#3041 = DIRECTION('',(1.,0.,0.));
#3042 = PCURVE('',#1407,#3043);
#3043 = DEFINITIONAL_REPRESENTATION('',(#3044),#3052);
#3044 = ( BOUNDED_CURVE() B_SPLINE_CURVE(2,(#3045,#3046,#3047,#3048,
#3049,#3050,#3051),.UNSPECIFIED.,.T.,.F.) B_SPLINE_CURVE_WITH_KNOTS((1,2
    ,2,2,2,1),(-2.094395102393,0.,2.094395102393,4.188790204786,
6.28318530718,8.377580409573),.UNSPECIFIED.) CURVE() 
GEOMETRIC_REPRESENTATION_ITEM() RATIONAL_B_SPLINE_CURVE((1.,0.5,1.,0.5,
1.,0.5,1.)) REPRESENTATION_ITEM('') );
#3045 = CARTESIAN_POINT('',(32.5,25.));
#3046 = CARTESIAN_POINT('',(32.5,12.009618943233));
#3047 = CARTESIAN_POINT('',(21.25,18.504809471617));
#3048 = CARTESIAN_POINT('',(10.,25.));
#3049 = CARTESIAN_POINT('',(21.25,31.495190528383));
#3050 = CARTESIAN_POINT('',(32.5,37.990381056767));
#3051 = CARTESIAN_POINT('',(32.5,25.));
#3052 = ( GEOMETRIC_REPRESENTATION_CONTEXT(2) 
PARAMETRIC_REPRESENTATION_CONTEXT() REPRESENTATION_CONTEXT('2D SPACE',''
  ) );
#3053 = PCURVE('',#2465,#3054);
#3054 = DEFINITIONAL_REPRESENTATION('',(#3055),#3059);
#3055 = LINE('',#3056,#3057);
#3056 = CARTESIAN_POINT('',(-6.28318530718,-88.));
#3057 = VECTOR('',#3058,1.);
#3058 = DIRECTION('',(1.,-0.));
#3059 = ( GEOMETRIC_REPRESENTATION_CONTEXT(2) 
PARAMETRIC_REPRESENTATION_CONTEXT() REPRESENTATION_CONTEXT('2D SPACE',''
  ) );
#3060 = ADVANCED_FACE('',(#3061),#1378,.F.);
#3061 = FACE_BOUND('',#3062,.F.);
#3062 = EDGE_LOOP('',(#3063,#3064,#3087,#3108));
#3063 = ORIENTED_EDGE('',*,*,#1362,.T.);
#3064 = ORIENTED_EDGE('',*,*,#3065,.F.);
#3065 = EDGE_CURVE('',#3066,#1330,#3068,.T.);
#3066 = VERTEX_POINT('',#3067);
#3067 = CARTESIAN_POINT('',(-43.30127018922,-24.99999999999,133.));
#3068 = SURFACE_CURVE('',#3069,(#3073,#3080),.PCURVE_S1.);
#3069 = LINE('',#3070,#3071);
#3070 = CARTESIAN_POINT('',(-50.,-25.,133.));
#3071 = VECTOR('',#3072,1.);
#3072 = DIRECTION('',(1.,0.,0.));
#3073 = PCURVE('',#1378,#3074);
#3074 = DEFINITIONAL_REPRESENTATION('',(#3075),#3079);
#3075 = LINE('',#3076,#3077);
#3076 = CARTESIAN_POINT('',(0.,0.));
#3077 = VECTOR('',#3078,1.);
#3078 = DIRECTION('',(1.,0.));
#3079 = ( GEOMETRIC_REPRESENTATION_CONTEXT(2) 
PARAMETRIC_REPRESENTATION_CONTEXT() REPRESENTATION_CONTEXT('2D SPACE',''
  ) );
#3080 = PCURVE('',#1346,#3081);
#3081 = DEFINITIONAL_REPRESENTATION('',(#3082),#3086);
#3082 = LINE('',#3083,#3084);
#3083 = CARTESIAN_POINT('',(-50.,-25.));
#3084 = VECTOR('',#3085,1.);
#3085 = DIRECTION('',(1.,0.));
#3086 = ( GEOMETRIC_REPRESENTATION_CONTEXT(2) 
PARAMETRIC_REPRESENTATION_CONTEXT() REPRESENTATION_CONTEXT('2D SPACE',''
  ) );
#3087 = ORIENTED_EDGE('',*,*,#3088,.F.);
#3088 = EDGE_CURVE('',#2774,#3066,#3089,.T.);
#3089 = SURFACE_CURVE('',#3090,(#3094,#3101),.PCURVE_S1.);
#3090 = LINE('',#3091,#3092);
#3091 = CARTESIAN_POINT('',(-43.30127018922,-25.,133.));
#3092 = VECTOR('',#3093,1.);
#3093 = DIRECTION('',(-0.,-0.,-1.));
#3094 = PCURVE('',#1378,#3095);
#3095 = DEFINITIONAL_REPRESENTATION('',(#3096),#3100);
#3096 = LINE('',#3097,#3098);
#3097 = CARTESIAN_POINT('',(6.698729810778,0.));
#3098 = VECTOR('',#3099,1.);
#3099 = DIRECTION('',(0.,1.));
#3100 = ( GEOMETRIC_REPRESENTATION_CONTEXT(2) 
PARAMETRIC_REPRESENTATION_CONTEXT() REPRESENTATION_CONTEXT('2D SPACE',''
  ) );
#3101 = PCURVE('',#2794,#3102);
#3102 = DEFINITIONAL_REPRESENTATION('',(#3103),#3107);
#3103 = LINE('',#3104,#3105);
#3104 = CARTESIAN_POINT('',(-9.948376736368,0.));
#3105 = VECTOR('',#3106,1.);
#3106 = DIRECTION('',(-0.,1.));
#3107 = ( GEOMETRIC_REPRESENTATION_CONTEXT(2) 
PARAMETRIC_REPRESENTATION_CONTEXT() REPRESENTATION_CONTEXT('2D SPACE',''
  ) );
#3108 = ORIENTED_EDGE('',*,*,#2806,.T.);
#3109 = ADVANCED_FACE('',(#3110,#3183,#3186,#3189,#3192,#3195,#3198,
    #3201),#1346,.F.);
#3110 = FACE_BOUND('',#3111,.F.);
#3111 = EDGE_LOOP('',(#3112,#3135,#3157,#3158,#3159,#3160,#3161,#3182));
#3112 = ORIENTED_EDGE('',*,*,#3113,.T.);
#3113 = EDGE_CURVE('',#1689,#3114,#3116,.T.);
#3114 = VERTEX_POINT('',#3115);
#3115 = CARTESIAN_POINT('',(43.301270189221,-25.,133.));
#3116 = SURFACE_CURVE('',#3117,(#3121,#3128),.PCURVE_S1.);
#3117 = LINE('',#3118,#3119);
#3118 = CARTESIAN_POINT('',(-50.,-25.,133.));
#3119 = VECTOR('',#3120,1.);
#3120 = DIRECTION('',(1.,0.,0.));
#3121 = PCURVE('',#1346,#3122);
#3122 = DEFINITIONAL_REPRESENTATION('',(#3123),#3127);
#3123 = LINE('',#3124,#3125);
#3124 = CARTESIAN_POINT('',(-50.,-25.));
#3125 = VECTOR('',#3126,1.);
#3126 = DIRECTION('',(1.,0.));
#3127 = ( GEOMETRIC_REPRESENTATION_CONTEXT(2) 
PARAMETRIC_REPRESENTATION_CONTEXT() REPRESENTATION_CONTEXT('2D SPACE',''
  ) );
#3128 = PCURVE('',#1855,#3129);
#3129 = DEFINITIONAL_REPRESENTATION('',(#3130),#3134);
#3130 = LINE('',#3131,#3132);
#3131 = CARTESIAN_POINT('',(0.,0.));
#3132 = VECTOR('',#3133,1.);
#3133 = DIRECTION('',(1.,0.));
#3134 = ( GEOMETRIC_REPRESENTATION_CONTEXT(2) 
PARAMETRIC_REPRESENTATION_CONTEXT() REPRESENTATION_CONTEXT('2D SPACE',''
  ) );
#3135 = ORIENTED_EDGE('',*,*,#3136,.T.);
#3136 = EDGE_CURVE('',#3114,#3066,#3137,.T.);
#3137 = SURFACE_CURVE('',#3138,(#3143,#3150),.PCURVE_S1.);
#3138 = CIRCLE('',#3139,50.);
#3139 = AXIS2_PLACEMENT_3D('',#3140,#3141,#3142);
#3140 = CARTESIAN_POINT('',(0.,0.,133.));
#3141 = DIRECTION('',(0.,0.,1.));
#3142 = DIRECTION('',(0.866025403784,-0.5,0.));
#3143 = PCURVE('',#1346,#3144);
#3144 = DEFINITIONAL_REPRESENTATION('',(#3145),#3149);
#3145 = CIRCLE('',#3146,50.);
#3146 = AXIS2_PLACEMENT_2D('',#3147,#3148);
#3147 = CARTESIAN_POINT('',(1.75032336965E-15,-3.209892110372E-15));
#3148 = DIRECTION('',(0.866025403784,-0.5));
#3149 = ( GEOMETRIC_REPRESENTATION_CONTEXT(2) 
PARAMETRIC_REPRESENTATION_CONTEXT() REPRESENTATION_CONTEXT('2D SPACE',''
  ) );
#3150 = PCURVE('',#2794,#3151);
#3151 = DEFINITIONAL_REPRESENTATION('',(#3152),#3156);
#3152 = LINE('',#3153,#3154);
#3153 = CARTESIAN_POINT('',(-5.759586531581,0.));
#3154 = VECTOR('',#3155,1.);
#3155 = DIRECTION('',(-1.,0.));
#3156 = ( GEOMETRIC_REPRESENTATION_CONTEXT(2) 
PARAMETRIC_REPRESENTATION_CONTEXT() REPRESENTATION_CONTEXT('2D SPACE',''
  ) );
#3157 = ORIENTED_EDGE('',*,*,#3065,.T.);
#3158 = ORIENTED_EDGE('',*,*,#1329,.T.);
#3159 = ORIENTED_EDGE('',*,*,#2311,.T.);
#3160 = ORIENTED_EDGE('',*,*,#1531,.T.);
#3161 = ORIENTED_EDGE('',*,*,#3162,.T.);
#3162 = EDGE_CURVE('',#1507,#1714,#3163,.T.);
#3163 = SURFACE_CURVE('',#3164,(#3168,#3175),.PCURVE_S1.);
#3164 = LINE('',#3165,#3166);
#3165 = CARTESIAN_POINT('',(-50.,-25.,133.));
#3166 = VECTOR('',#3167,1.);
#3167 = DIRECTION('',(1.,0.,0.));
#3168 = PCURVE('',#1346,#3169);
#3169 = DEFINITIONAL_REPRESENTATION('',(#3170),#3174);
#3170 = LINE('',#3171,#3172);
#3171 = CARTESIAN_POINT('',(-50.,-25.));
#3172 = VECTOR('',#3173,1.);
#3173 = DIRECTION('',(1.,0.));
#3174 = ( GEOMETRIC_REPRESENTATION_CONTEXT(2) 
PARAMETRIC_REPRESENTATION_CONTEXT() REPRESENTATION_CONTEXT('2D SPACE',''
  ) );
#3175 = PCURVE('',#1673,#3176);
#3176 = DEFINITIONAL_REPRESENTATION('',(#3177),#3181);
#3177 = LINE('',#3178,#3179);
#3178 = CARTESIAN_POINT('',(0.,0.));
#3179 = VECTOR('',#3180,1.);
#3180 = DIRECTION('',(1.,0.));
#3181 = ( GEOMETRIC_REPRESENTATION_CONTEXT(2) 
PARAMETRIC_REPRESENTATION_CONTEXT() REPRESENTATION_CONTEXT('2D SPACE',''
  ) );
#3182 = ORIENTED_EDGE('',*,*,#1713,.T.);
#3183 = FACE_BOUND('',#3184,.F.);
#3184 = EDGE_LOOP('',(#3185));
#3185 = ORIENTED_EDGE('',*,*,#1895,.T.);
#3186 = FACE_BOUND('',#3187,.F.);
#3187 = EDGE_LOOP('',(#3188));
#3188 = ORIENTED_EDGE('',*,*,#1949,.T.);
#3189 = FACE_BOUND('',#3190,.F.);
#3190 = EDGE_LOOP('',(#3191));
#3191 = ORIENTED_EDGE('',*,*,#2057,.T.);
#3192 = FACE_BOUND('',#3193,.F.);
#3193 = EDGE_LOOP('',(#3194));
#3194 = ORIENTED_EDGE('',*,*,#2111,.T.);
#3195 = FACE_BOUND('',#3196,.F.);
#3196 = EDGE_LOOP('',(#3197));
#3197 = ORIENTED_EDGE('',*,*,#2003,.T.);
#3198 = FACE_BOUND('',#3199,.F.);
#3199 = EDGE_LOOP('',(#3200));
#3200 = ORIENTED_EDGE('',*,*,#2165,.T.);
#3201 = FACE_BOUND('',#3202,.F.);
#3202 = EDGE_LOOP('',(#3203));
#3203 = ORIENTED_EDGE('',*,*,#2219,.T.);
#3204 = ADVANCED_FACE('',(#3205),#1673,.F.);
#3205 = FACE_BOUND('',#3206,.F.);
#3206 = EDGE_LOOP('',(#3207,#3208,#3209,#3210));
#3207 = ORIENTED_EDGE('',*,*,#1741,.T.);
#3208 = ORIENTED_EDGE('',*,*,#3162,.F.);
#3209 = ORIENTED_EDGE('',*,*,#1660,.T.);
#3210 = ORIENTED_EDGE('',*,*,#2830,.T.);
#3211 = ADVANCED_FACE('',(#3212),#1855,.F.);
#3212 = FACE_BOUND('',#3213,.F.);
#3213 = EDGE_LOOP('',(#3214,#3215,#3216,#3217));
#3214 = ORIENTED_EDGE('',*,*,#3113,.F.);
#3215 = ORIENTED_EDGE('',*,*,#1842,.T.);
#3216 = ORIENTED_EDGE('',*,*,#2750,.T.);
#3217 = ORIENTED_EDGE('',*,*,#3218,.T.);
#3218 = EDGE_CURVE('',#2751,#3114,#3219,.T.);
#3219 = SURFACE_CURVE('',#3220,(#3224,#3231),.PCURVE_S1.);
#3220 = LINE('',#3221,#3222);
#3221 = CARTESIAN_POINT('',(43.301270189222,-25.,133.));
#3222 = VECTOR('',#3223,1.);
#3223 = DIRECTION('',(-0.,-0.,-1.));
#3224 = PCURVE('',#1855,#3225);
#3225 = DEFINITIONAL_REPRESENTATION('',(#3226),#3230);
#3226 = LINE('',#3227,#3228);
#3227 = CARTESIAN_POINT('',(93.301270189222,0.));
#3228 = VECTOR('',#3229,1.);
#3229 = DIRECTION('',(0.,1.));
#3230 = ( GEOMETRIC_REPRESENTATION_CONTEXT(2) 
PARAMETRIC_REPRESENTATION_CONTEXT() REPRESENTATION_CONTEXT('2D SPACE',''
  ) );
#3231 = PCURVE('',#2794,#3232);
#3232 = DEFINITIONAL_REPRESENTATION('',(#3233),#3237);
#3233 = LINE('',#3234,#3235);
#3234 = CARTESIAN_POINT('',(-5.759586531581,0.));
#3235 = VECTOR('',#3236,1.);
#3236 = DIRECTION('',(-0.,1.));
#3237 = ( GEOMETRIC_REPRESENTATION_CONTEXT(2) 
PARAMETRIC_REPRESENTATION_CONTEXT() REPRESENTATION_CONTEXT('2D SPACE',''
  ) );
#3238 = ADVANCED_FACE('',(#3239),#2268,.T.);
#3239 = FACE_BOUND('',#3240,.F.);
#3240 = EDGE_LOOP('',(#3241,#3264,#3265,#3266));
#3241 = ORIENTED_EDGE('',*,*,#3242,.T.);
#3242 = EDGE_CURVE('',#3243,#2252,#3245,.T.);
#3243 = VERTEX_POINT('',#3244);
#3244 = CARTESIAN_POINT('',(50.,0.,445.));
#3245 = SEAM_CURVE('',#3246,(#3250,#3257),.PCURVE_S1.);
#3246 = LINE('',#3247,#3248);
#3247 = CARTESIAN_POINT('',(50.,0.,445.));
#3248 = VECTOR('',#3249,1.);
#3249 = DIRECTION('',(0.,0.,1.));
#3250 = PCURVE('',#2268,#3251);
#3251 = DEFINITIONAL_REPRESENTATION('',(#3252),#3256);
#3252 = LINE('',#3253,#3254);
#3253 = CARTESIAN_POINT('',(-0.,0.));
#3254 = VECTOR('',#3255,1.);
#3255 = DIRECTION('',(-0.,-1.));
#3256 = ( GEOMETRIC_REPRESENTATION_CONTEXT(2) 
PARAMETRIC_REPRESENTATION_CONTEXT() REPRESENTATION_CONTEXT('2D SPACE',''
  ) );
#3257 = PCURVE('',#2268,#3258);
#3258 = DEFINITIONAL_REPRESENTATION('',(#3259),#3263);
#3259 = LINE('',#3260,#3261);
#3260 = CARTESIAN_POINT('',(-6.28318530718,0.));
#3261 = VECTOR('',#3262,1.);
#3262 = DIRECTION('',(-0.,-1.));
#3263 = ( GEOMETRIC_REPRESENTATION_CONTEXT(2) 
PARAMETRIC_REPRESENTATION_CONTEXT() REPRESENTATION_CONTEXT('2D SPACE',''
  ) );
#3264 = ORIENTED_EDGE('',*,*,#2251,.T.);
#3265 = ORIENTED_EDGE('',*,*,#3242,.F.);
#3266 = ORIENTED_EDGE('',*,*,#3267,.F.);
#3267 = EDGE_CURVE('',#3243,#3243,#3268,.T.);
#3268 = SURFACE_CURVE('',#3269,(#3274,#3281),.PCURVE_S1.);
#3269 = CIRCLE('',#3270,50.);
#3270 = AXIS2_PLACEMENT_3D('',#3271,#3272,#3273);
#3271 = CARTESIAN_POINT('',(0.,0.,445.));
#3272 = DIRECTION('',(0.,0.,1.));
#3273 = DIRECTION('',(1.,0.,0.));
#3274 = PCURVE('',#2268,#3275);
#3275 = DEFINITIONAL_REPRESENTATION('',(#3276),#3280);
#3276 = LINE('',#3277,#3278);
#3277 = CARTESIAN_POINT('',(-0.,0.));
#3278 = VECTOR('',#3279,1.);
#3279 = DIRECTION('',(-1.,0.));
#3280 = ( GEOMETRIC_REPRESENTATION_CONTEXT(2) 
PARAMETRIC_REPRESENTATION_CONTEXT() REPRESENTATION_CONTEXT('2D SPACE',''
  ) );
#3281 = PCURVE('',#3282,#3287);
#3282 = PLANE('',#3283);
#3283 = AXIS2_PLACEMENT_3D('',#3284,#3285,#3286);
#3284 = CARTESIAN_POINT('',(-1.75032336965E-15,3.209892110372E-15,445.)
  );
#3285 = DIRECTION('',(0.,0.,1.));
#3286 = DIRECTION('',(1.,0.,-0.));
#3287 = DEFINITIONAL_REPRESENTATION('',(#3288),#3292);
#3288 = CIRCLE('',#3289,50.);
#3289 = AXIS2_PLACEMENT_2D('',#3290,#3291);
#3290 = CARTESIAN_POINT('',(1.75032336965E-15,-3.209892110372E-15));
#3291 = DIRECTION('',(1.,0.));
#3292 = ( GEOMETRIC_REPRESENTATION_CONTEXT(2) 
PARAMETRIC_REPRESENTATION_CONTEXT() REPRESENTATION_CONTEXT('2D SPACE',''
  ) );
#3293 = ADVANCED_FACE('',(#3294),#2375,.F.);
#3294 = FACE_BOUND('',#3295,.F.);
#3295 = EDGE_LOOP('',(#3296,#3297,#3320,#3348));
#3296 = ORIENTED_EDGE('',*,*,#2357,.F.);
#3297 = ORIENTED_EDGE('',*,*,#3298,.F.);
#3298 = EDGE_CURVE('',#3299,#2358,#3301,.T.);
#3299 = VERTEX_POINT('',#3300);
#3300 = CARTESIAN_POINT('',(-32.5,25.,221.));
#3301 = SURFACE_CURVE('',#3302,(#3306,#3313),.PCURVE_S1.);
#3302 = LINE('',#3303,#3304);
#3303 = CARTESIAN_POINT('',(-32.5,25.,55.));
#3304 = VECTOR('',#3305,1.);
#3305 = DIRECTION('',(-0.,-0.,-1.));
#3306 = PCURVE('',#2375,#3307);
#3307 = DEFINITIONAL_REPRESENTATION('',(#3308),#3312);
#3308 = LINE('',#3309,#3310);
#3309 = CARTESIAN_POINT('',(82.5,156.));
#3310 = VECTOR('',#3311,1.);
#3311 = DIRECTION('',(0.,1.));
#3312 = ( GEOMETRIC_REPRESENTATION_CONTEXT(2) 
PARAMETRIC_REPRESENTATION_CONTEXT() REPRESENTATION_CONTEXT('2D SPACE',''
  ) );
#3313 = PCURVE('',#2585,#3314);
#3314 = DEFINITIONAL_REPRESENTATION('',(#3315),#3319);
#3315 = LINE('',#3316,#3317);
#3316 = CARTESIAN_POINT('',(-3.14159265359,0.));
#3317 = VECTOR('',#3318,1.);
#3318 = DIRECTION('',(-0.,1.));
#3319 = ( GEOMETRIC_REPRESENTATION_CONTEXT(2) 
PARAMETRIC_REPRESENTATION_CONTEXT() REPRESENTATION_CONTEXT('2D SPACE',''
  ) );
#3320 = ORIENTED_EDGE('',*,*,#3321,.T.);
#3321 = EDGE_CURVE('',#3299,#3322,#3324,.T.);
#3322 = VERTEX_POINT('',#3323);
#3323 = CARTESIAN_POINT('',(-43.30127018922,24.999999999999,221.));
#3324 = SURFACE_CURVE('',#3325,(#3329,#3336),.PCURVE_S1.);
#3325 = LINE('',#3326,#3327);
#3326 = CARTESIAN_POINT('',(50.,25.,221.));
#3327 = VECTOR('',#3328,1.);
#3328 = DIRECTION('',(-1.,0.,0.));
#3329 = PCURVE('',#2375,#3330);
#3330 = DEFINITIONAL_REPRESENTATION('',(#3331),#3335);
#3331 = LINE('',#3332,#3333);
#3332 = CARTESIAN_POINT('',(0.,-10.));
#3333 = VECTOR('',#3334,1.);
#3334 = DIRECTION('',(1.,0.));
#3335 = ( GEOMETRIC_REPRESENTATION_CONTEXT(2) 
PARAMETRIC_REPRESENTATION_CONTEXT() REPRESENTATION_CONTEXT('2D SPACE',''
  ) );
#3336 = PCURVE('',#3337,#3342);
#3337 = PLANE('',#3338);
#3338 = AXIS2_PLACEMENT_3D('',#3339,#3340,#3341);
#3339 = CARTESIAN_POINT('',(-1.75032336965E-15,3.209892110372E-15,221.)
  );
#3340 = DIRECTION('',(0.,0.,1.));
#3341 = DIRECTION('',(1.,0.,-0.));
#3342 = DEFINITIONAL_REPRESENTATION('',(#3343),#3347);
#3343 = LINE('',#3344,#3345);
#3344 = CARTESIAN_POINT('',(50.,25.));
#3345 = VECTOR('',#3346,1.);
#3346 = DIRECTION('',(-1.,0.));
#3347 = ( GEOMETRIC_REPRESENTATION_CONTEXT(2) 
PARAMETRIC_REPRESENTATION_CONTEXT() REPRESENTATION_CONTEXT('2D SPACE',''
  ) );
#3348 = ORIENTED_EDGE('',*,*,#3349,.T.);
#3349 = EDGE_CURVE('',#3322,#2360,#3350,.T.);
#3350 = SURFACE_CURVE('',#3351,(#3355,#3362),.PCURVE_S1.);
#3351 = LINE('',#3352,#3353);
#3352 = CARTESIAN_POINT('',(-43.30127018922,25.,211.));
#3353 = VECTOR('',#3354,1.);
#3354 = DIRECTION('',(-0.,-0.,-1.));
#3355 = PCURVE('',#2375,#3356);
#3356 = DEFINITIONAL_REPRESENTATION('',(#3357),#3361);
#3357 = LINE('',#3358,#3359);
#3358 = CARTESIAN_POINT('',(93.301270189222,0.));
#3359 = VECTOR('',#3360,1.);
#3360 = DIRECTION('',(0.,1.));
#3361 = ( GEOMETRIC_REPRESENTATION_CONTEXT(2) 
PARAMETRIC_REPRESENTATION_CONTEXT() REPRESENTATION_CONTEXT('2D SPACE',''
  ) );
#3362 = PCURVE('',#2404,#3363);
#3363 = DEFINITIONAL_REPRESENTATION('',(#3364),#3368);
#3364 = LINE('',#3365,#3366);
#3365 = CARTESIAN_POINT('',(-2.617993877991,0.));
#3366 = VECTOR('',#3367,1.);
#3367 = DIRECTION('',(-0.,1.));
#3368 = ( GEOMETRIC_REPRESENTATION_CONTEXT(2) 
PARAMETRIC_REPRESENTATION_CONTEXT() REPRESENTATION_CONTEXT('2D SPACE',''
  ) );
#3369 = ADVANCED_FACE('',(#3370),#2585,.T.);
#3370 = FACE_BOUND('',#3371,.F.);
#3371 = EDGE_LOOP('',(#3372,#3373,#3394,#3416,#3439,#3470,#3471,#3497,
    #3498,#3499));
#3372 = ORIENTED_EDGE('',*,*,#2973,.T.);
#3373 = ORIENTED_EDGE('',*,*,#3374,.T.);
#3374 = EDGE_CURVE('',#2974,#2539,#3375,.T.);
#3375 = SEAM_CURVE('',#3376,(#3380,#3387),.PCURVE_S1.);
#3376 = LINE('',#3377,#3378);
#3377 = CARTESIAN_POINT('',(-17.5,25.,55.));
#3378 = VECTOR('',#3379,1.);
#3379 = DIRECTION('',(0.,0.,1.));
#3380 = PCURVE('',#2585,#3381);
#3381 = DEFINITIONAL_REPRESENTATION('',(#3382),#3386);
#3382 = LINE('',#3383,#3384);
#3383 = CARTESIAN_POINT('',(-6.28318530718,0.));
#3384 = VECTOR('',#3385,1.);
#3385 = DIRECTION('',(-0.,-1.));
#3386 = ( GEOMETRIC_REPRESENTATION_CONTEXT(2) 
PARAMETRIC_REPRESENTATION_CONTEXT() REPRESENTATION_CONTEXT('2D SPACE',''
  ) );
#3387 = PCURVE('',#2585,#3388);
#3388 = DEFINITIONAL_REPRESENTATION('',(#3389),#3393);
#3389 = LINE('',#3390,#3391);
#3390 = CARTESIAN_POINT('',(-0.,0.));
#3391 = VECTOR('',#3392,1.);
#3392 = DIRECTION('',(-0.,-1.));
#3393 = ( GEOMETRIC_REPRESENTATION_CONTEXT(2) 
PARAMETRIC_REPRESENTATION_CONTEXT() REPRESENTATION_CONTEXT('2D SPACE',''
  ) );
#3394 = ORIENTED_EDGE('',*,*,#3395,.T.);
#3395 = EDGE_CURVE('',#2539,#3396,#3398,.T.);
#3396 = VERTEX_POINT('',#3397);
#3397 = CARTESIAN_POINT('',(-17.5,25.,221.));
#3398 = SURFACE_CURVE('',#3399,(#3403,#3409),.PCURVE_S1.);
#3399 = LINE('',#3400,#3401);
#3400 = CARTESIAN_POINT('',(-17.5,25.,55.));
#3401 = VECTOR('',#3402,1.);
#3402 = DIRECTION('',(0.,0.,1.));
#3403 = PCURVE('',#2585,#3404);
#3404 = DEFINITIONAL_REPRESENTATION('',(#3405),#3408);
#3405 = B_SPLINE_CURVE_WITH_KNOTS('',1,(#3406,#3407),.UNSPECIFIED.,.F.,
  .F.,(2,2),(156.,166.),.PIECEWISE_BEZIER_KNOTS.);
#3406 = CARTESIAN_POINT('',(0.,-156.));
#3407 = CARTESIAN_POINT('',(0.,-166.));
#3408 = ( GEOMETRIC_REPRESENTATION_CONTEXT(2) 
PARAMETRIC_REPRESENTATION_CONTEXT() REPRESENTATION_CONTEXT('2D SPACE',''
  ) );
#3409 = PCURVE('',#2554,#3410);
#3410 = DEFINITIONAL_REPRESENTATION('',(#3411),#3415);
#3411 = LINE('',#3412,#3413);
#3412 = CARTESIAN_POINT('',(67.5,156.));
#3413 = VECTOR('',#3414,1.);
#3414 = DIRECTION('',(0.,-1.));
#3415 = ( GEOMETRIC_REPRESENTATION_CONTEXT(2) 
PARAMETRIC_REPRESENTATION_CONTEXT() REPRESENTATION_CONTEXT('2D SPACE',''
  ) );
#3416 = ORIENTED_EDGE('',*,*,#3417,.T.);
#3417 = EDGE_CURVE('',#3396,#3418,#3420,.T.);
#3418 = VERTEX_POINT('',#3419);
#3419 = CARTESIAN_POINT('',(-17.5,25.,289.));
#3420 = SEAM_CURVE('',#3421,(#3425,#3432),.PCURVE_S1.);
#3421 = LINE('',#3422,#3423);
#3422 = CARTESIAN_POINT('',(-17.5,25.,55.));
#3423 = VECTOR('',#3424,1.);
#3424 = DIRECTION('',(0.,0.,1.));
#3425 = PCURVE('',#2585,#3426);
#3426 = DEFINITIONAL_REPRESENTATION('',(#3427),#3431);
#3427 = LINE('',#3428,#3429);
#3428 = CARTESIAN_POINT('',(-6.28318530718,0.));
#3429 = VECTOR('',#3430,1.);
#3430 = DIRECTION('',(-0.,-1.));
#3431 = ( GEOMETRIC_REPRESENTATION_CONTEXT(2) 
PARAMETRIC_REPRESENTATION_CONTEXT() REPRESENTATION_CONTEXT('2D SPACE',''
  ) );
#3432 = PCURVE('',#2585,#3433);
#3433 = DEFINITIONAL_REPRESENTATION('',(#3434),#3438);
#3434 = LINE('',#3435,#3436);
#3435 = CARTESIAN_POINT('',(-0.,0.));
#3436 = VECTOR('',#3437,1.);
#3437 = DIRECTION('',(-0.,-1.));
#3438 = ( GEOMETRIC_REPRESENTATION_CONTEXT(2) 
PARAMETRIC_REPRESENTATION_CONTEXT() REPRESENTATION_CONTEXT('2D SPACE',''
  ) );
#3439 = ORIENTED_EDGE('',*,*,#3440,.F.);
#3440 = EDGE_CURVE('',#3418,#3418,#3441,.T.);
#3441 = SURFACE_CURVE('',#3442,(#3447,#3454),.PCURVE_S1.);
#3442 = CIRCLE('',#3443,7.5);
#3443 = AXIS2_PLACEMENT_3D('',#3444,#3445,#3446);
#3444 = CARTESIAN_POINT('',(-25.,25.,289.));
#3445 = DIRECTION('',(0.,0.,-1.));
#3446 = DIRECTION('',(1.,0.,0.));
#3447 = PCURVE('',#2585,#3448);
#3448 = DEFINITIONAL_REPRESENTATION('',(#3449),#3453);
#3449 = LINE('',#3450,#3451);
#3450 = CARTESIAN_POINT('',(-6.28318530718,-234.));
#3451 = VECTOR('',#3452,1.);
#3452 = DIRECTION('',(1.,-0.));
#3453 = ( GEOMETRIC_REPRESENTATION_CONTEXT(2) 
PARAMETRIC_REPRESENTATION_CONTEXT() REPRESENTATION_CONTEXT('2D SPACE',''
  ) );
#3454 = PCURVE('',#3455,#3460);
#3455 = PLANE('',#3456);
#3456 = AXIS2_PLACEMENT_3D('',#3457,#3458,#3459);
#3457 = CARTESIAN_POINT('',(-1.75032336965E-15,3.209892110372E-15,289.)
  );
#3458 = DIRECTION('',(0.,0.,1.));
#3459 = DIRECTION('',(1.,0.,-0.));
#3460 = DEFINITIONAL_REPRESENTATION('',(#3461),#3469);
#3461 = ( BOUNDED_CURVE() B_SPLINE_CURVE(2,(#3462,#3463,#3464,#3465,
#3466,#3467,#3468),.UNSPECIFIED.,.T.,.F.) B_SPLINE_CURVE_WITH_KNOTS((1,2
    ,2,2,2,1),(-2.094395102393,0.,2.094395102393,4.188790204786,
6.28318530718,8.377580409573),.UNSPECIFIED.) CURVE() 
GEOMETRIC_REPRESENTATION_ITEM() RATIONAL_B_SPLINE_CURVE((1.,0.5,1.,0.5,
1.,0.5,1.)) REPRESENTATION_ITEM('') );
#3462 = CARTESIAN_POINT('',(-17.5,25.));
#3463 = CARTESIAN_POINT('',(-17.5,12.009618943233));
#3464 = CARTESIAN_POINT('',(-28.75,18.504809471617));
#3465 = CARTESIAN_POINT('',(-40.,25.));
#3466 = CARTESIAN_POINT('',(-28.75,31.495190528383));
#3467 = CARTESIAN_POINT('',(-17.5,37.990381056767));
#3468 = CARTESIAN_POINT('',(-17.5,25.));
#3469 = ( GEOMETRIC_REPRESENTATION_CONTEXT(2) 
PARAMETRIC_REPRESENTATION_CONTEXT() REPRESENTATION_CONTEXT('2D SPACE',''
  ) );
#3470 = ORIENTED_EDGE('',*,*,#3417,.F.);
#3471 = ORIENTED_EDGE('',*,*,#3472,.T.);
#3472 = EDGE_CURVE('',#3396,#3299,#3473,.T.);
#3473 = SURFACE_CURVE('',#3474,(#3479,#3486),.PCURVE_S1.);
#3474 = CIRCLE('',#3475,7.5);
#3475 = AXIS2_PLACEMENT_3D('',#3476,#3477,#3478);
#3476 = CARTESIAN_POINT('',(-25.,25.,221.));
#3477 = DIRECTION('',(0.,0.,-1.));
#3478 = DIRECTION('',(1.,0.,0.));
#3479 = PCURVE('',#2585,#3480);
#3480 = DEFINITIONAL_REPRESENTATION('',(#3481),#3485);
#3481 = LINE('',#3482,#3483);
#3482 = CARTESIAN_POINT('',(-6.28318530718,-166.));
#3483 = VECTOR('',#3484,1.);
#3484 = DIRECTION('',(1.,-0.));
#3485 = ( GEOMETRIC_REPRESENTATION_CONTEXT(2) 
PARAMETRIC_REPRESENTATION_CONTEXT() REPRESENTATION_CONTEXT('2D SPACE',''
  ) );
#3486 = PCURVE('',#3337,#3487);
#3487 = DEFINITIONAL_REPRESENTATION('',(#3488),#3496);
#3488 = ( BOUNDED_CURVE() B_SPLINE_CURVE(2,(#3489,#3490,#3491,#3492,
#3493,#3494,#3495),.UNSPECIFIED.,.T.,.F.) B_SPLINE_CURVE_WITH_KNOTS((1,2
    ,2,2,2,1),(-2.094395102393,0.,2.094395102393,4.188790204786,
6.28318530718,8.377580409573),.UNSPECIFIED.) CURVE() 
GEOMETRIC_REPRESENTATION_ITEM() RATIONAL_B_SPLINE_CURVE((1.,0.5,1.,0.5,
1.,0.5,1.)) REPRESENTATION_ITEM('') );
#3489 = CARTESIAN_POINT('',(-17.5,25.));
#3490 = CARTESIAN_POINT('',(-17.5,12.009618943233));
#3491 = CARTESIAN_POINT('',(-28.75,18.504809471617));
#3492 = CARTESIAN_POINT('',(-40.,25.));
#3493 = CARTESIAN_POINT('',(-28.75,31.495190528383));
#3494 = CARTESIAN_POINT('',(-17.5,37.990381056767));
#3495 = CARTESIAN_POINT('',(-17.5,25.));
#3496 = ( GEOMETRIC_REPRESENTATION_CONTEXT(2) 
PARAMETRIC_REPRESENTATION_CONTEXT() REPRESENTATION_CONTEXT('2D SPACE',''
  ) );
#3497 = ORIENTED_EDGE('',*,*,#3298,.T.);
#3498 = ORIENTED_EDGE('',*,*,#2566,.F.);
#3499 = ORIENTED_EDGE('',*,*,#3374,.F.);
#3500 = ADVANCED_FACE('',(#3501),#2554,.F.);
#3501 = FACE_BOUND('',#3502,.F.);
#3502 = EDGE_LOOP('',(#3503,#3504,#3527,#3548));
#3503 = ORIENTED_EDGE('',*,*,#2538,.F.);
#3504 = ORIENTED_EDGE('',*,*,#3505,.F.);
#3505 = EDGE_CURVE('',#3506,#2506,#3508,.T.);
#3506 = VERTEX_POINT('',#3507);
#3507 = CARTESIAN_POINT('',(-7.5,25.,221.));
#3508 = SURFACE_CURVE('',#3509,(#3513,#3520),.PCURVE_S1.);
#3509 = LINE('',#3510,#3511);
#3510 = CARTESIAN_POINT('',(-7.5,25.,55.));
#3511 = VECTOR('',#3512,1.);
#3512 = DIRECTION('',(-0.,-0.,-1.));
#3513 = PCURVE('',#2554,#3514);
#3514 = DEFINITIONAL_REPRESENTATION('',(#3515),#3519);
#3515 = LINE('',#3516,#3517);
#3516 = CARTESIAN_POINT('',(57.5,156.));
#3517 = VECTOR('',#3518,1.);
#3518 = DIRECTION('',(0.,1.));
#3519 = ( GEOMETRIC_REPRESENTATION_CONTEXT(2) 
PARAMETRIC_REPRESENTATION_CONTEXT() REPRESENTATION_CONTEXT('2D SPACE',''
  ) );
#3520 = PCURVE('',#2526,#3521);
#3521 = DEFINITIONAL_REPRESENTATION('',(#3522),#3526);
#3522 = LINE('',#3523,#3524);
#3523 = CARTESIAN_POINT('',(-3.14159265359,0.));
#3524 = VECTOR('',#3525,1.);
#3525 = DIRECTION('',(-0.,1.));
#3526 = ( GEOMETRIC_REPRESENTATION_CONTEXT(2) 
PARAMETRIC_REPRESENTATION_CONTEXT() REPRESENTATION_CONTEXT('2D SPACE',''
  ) );
#3527 = ORIENTED_EDGE('',*,*,#3528,.T.);
#3528 = EDGE_CURVE('',#3506,#3396,#3529,.T.);
#3529 = SURFACE_CURVE('',#3530,(#3534,#3541),.PCURVE_S1.);
#3530 = LINE('',#3531,#3532);
#3531 = CARTESIAN_POINT('',(50.,25.,221.));
#3532 = VECTOR('',#3533,1.);
#3533 = DIRECTION('',(-1.,0.,0.));
#3534 = PCURVE('',#2554,#3535);
#3535 = DEFINITIONAL_REPRESENTATION('',(#3536),#3540);
#3536 = LINE('',#3537,#3538);
#3537 = CARTESIAN_POINT('',(0.,-10.));
#3538 = VECTOR('',#3539,1.);
#3539 = DIRECTION('',(1.,0.));
#3540 = ( GEOMETRIC_REPRESENTATION_CONTEXT(2) 
PARAMETRIC_REPRESENTATION_CONTEXT() REPRESENTATION_CONTEXT('2D SPACE',''
  ) );
#3541 = PCURVE('',#3337,#3542);
#3542 = DEFINITIONAL_REPRESENTATION('',(#3543),#3547);
#3543 = LINE('',#3544,#3545);
#3544 = CARTESIAN_POINT('',(50.,25.));
#3545 = VECTOR('',#3546,1.);
#3546 = DIRECTION('',(-1.,0.));
#3547 = ( GEOMETRIC_REPRESENTATION_CONTEXT(2) 
PARAMETRIC_REPRESENTATION_CONTEXT() REPRESENTATION_CONTEXT('2D SPACE',''
  ) );
#3548 = ORIENTED_EDGE('',*,*,#3395,.F.);
#3549 = ADVANCED_FACE('',(#3550),#2526,.T.);
#3550 = FACE_BOUND('',#3551,.F.);
#3551 = EDGE_LOOP('',(#3552,#3553,#3574,#3596,#3619,#3645,#3646,#3672,
    #3673,#3674));
#3552 = ORIENTED_EDGE('',*,*,#3003,.T.);
#3553 = ORIENTED_EDGE('',*,*,#3554,.T.);
#3554 = EDGE_CURVE('',#3004,#2478,#3555,.T.);
#3555 = SEAM_CURVE('',#3556,(#3560,#3567),.PCURVE_S1.);
#3556 = LINE('',#3557,#3558);
#3557 = CARTESIAN_POINT('',(7.5,25.,55.));
#3558 = VECTOR('',#3559,1.);
#3559 = DIRECTION('',(0.,0.,1.));
#3560 = PCURVE('',#2526,#3561);
#3561 = DEFINITIONAL_REPRESENTATION('',(#3562),#3566);
#3562 = LINE('',#3563,#3564);
#3563 = CARTESIAN_POINT('',(-6.28318530718,0.));
#3564 = VECTOR('',#3565,1.);
#3565 = DIRECTION('',(-0.,-1.));
#3566 = ( GEOMETRIC_REPRESENTATION_CONTEXT(2) 
PARAMETRIC_REPRESENTATION_CONTEXT() REPRESENTATION_CONTEXT('2D SPACE',''
  ) );
#3567 = PCURVE('',#2526,#3568);
#3568 = DEFINITIONAL_REPRESENTATION('',(#3569),#3573);
#3569 = LINE('',#3570,#3571);
#3570 = CARTESIAN_POINT('',(-0.,0.));
#3571 = VECTOR('',#3572,1.);
#3572 = DIRECTION('',(-0.,-1.));
#3573 = ( GEOMETRIC_REPRESENTATION_CONTEXT(2) 
PARAMETRIC_REPRESENTATION_CONTEXT() REPRESENTATION_CONTEXT('2D SPACE',''
  ) );
#3574 = ORIENTED_EDGE('',*,*,#3575,.T.);
#3575 = EDGE_CURVE('',#2478,#3576,#3578,.T.);
#3576 = VERTEX_POINT('',#3577);
#3577 = CARTESIAN_POINT('',(7.5,25.,221.));
#3578 = SURFACE_CURVE('',#3579,(#3583,#3589),.PCURVE_S1.);
#3579 = LINE('',#3580,#3581);
#3580 = CARTESIAN_POINT('',(7.5,25.,55.));
#3581 = VECTOR('',#3582,1.);
#3582 = DIRECTION('',(0.,0.,1.));
#3583 = PCURVE('',#2526,#3584);
#3584 = DEFINITIONAL_REPRESENTATION('',(#3585),#3588);
#3585 = B_SPLINE_CURVE_WITH_KNOTS('',1,(#3586,#3587),.UNSPECIFIED.,.F.,
  .F.,(2,2),(156.,166.),.PIECEWISE_BEZIER_KNOTS.);
#3586 = CARTESIAN_POINT('',(0.,-156.));
#3587 = CARTESIAN_POINT('',(0.,-166.));
#3588 = ( GEOMETRIC_REPRESENTATION_CONTEXT(2) 
PARAMETRIC_REPRESENTATION_CONTEXT() REPRESENTATION_CONTEXT('2D SPACE',''
  ) );
#3589 = PCURVE('',#2493,#3590);
#3590 = DEFINITIONAL_REPRESENTATION('',(#3591),#3595);
#3591 = LINE('',#3592,#3593);
#3592 = CARTESIAN_POINT('',(42.5,156.));
#3593 = VECTOR('',#3594,1.);
#3594 = DIRECTION('',(0.,-1.));
#3595 = ( GEOMETRIC_REPRESENTATION_CONTEXT(2) 
PARAMETRIC_REPRESENTATION_CONTEXT() REPRESENTATION_CONTEXT('2D SPACE',''
  ) );
#3596 = ORIENTED_EDGE('',*,*,#3597,.T.);
#3597 = EDGE_CURVE('',#3576,#3598,#3600,.T.);
#3598 = VERTEX_POINT('',#3599);
#3599 = CARTESIAN_POINT('',(7.5,25.,289.));
#3600 = SEAM_CURVE('',#3601,(#3605,#3612),.PCURVE_S1.);
#3601 = LINE('',#3602,#3603);
#3602 = CARTESIAN_POINT('',(7.5,25.,55.));
#3603 = VECTOR('',#3604,1.);
#3604 = DIRECTION('',(0.,0.,1.));
#3605 = PCURVE('',#2526,#3606);
#3606 = DEFINITIONAL_REPRESENTATION('',(#3607),#3611);
#3607 = LINE('',#3608,#3609);
#3608 = CARTESIAN_POINT('',(-6.28318530718,0.));
#3609 = VECTOR('',#3610,1.);
#3610 = DIRECTION('',(-0.,-1.));
#3611 = ( GEOMETRIC_REPRESENTATION_CONTEXT(2) 
PARAMETRIC_REPRESENTATION_CONTEXT() REPRESENTATION_CONTEXT('2D SPACE',''
  ) );
#3612 = PCURVE('',#2526,#3613);
#3613 = DEFINITIONAL_REPRESENTATION('',(#3614),#3618);
#3614 = LINE('',#3615,#3616);
#3615 = CARTESIAN_POINT('',(-0.,0.));
#3616 = VECTOR('',#3617,1.);
#3617 = DIRECTION('',(-0.,-1.));
#3618 = ( GEOMETRIC_REPRESENTATION_CONTEXT(2) 
PARAMETRIC_REPRESENTATION_CONTEXT() REPRESENTATION_CONTEXT('2D SPACE',''
  ) );
#3619 = ORIENTED_EDGE('',*,*,#3620,.F.);
#3620 = EDGE_CURVE('',#3598,#3598,#3621,.T.);
#3621 = SURFACE_CURVE('',#3622,(#3627,#3634),.PCURVE_S1.);
#3622 = CIRCLE('',#3623,7.5);
#3623 = AXIS2_PLACEMENT_3D('',#3624,#3625,#3626);
#3624 = CARTESIAN_POINT('',(0.,25.,289.));
#3625 = DIRECTION('',(0.,0.,-1.));
#3626 = DIRECTION('',(1.,0.,0.));
#3627 = PCURVE('',#2526,#3628);
#3628 = DEFINITIONAL_REPRESENTATION('',(#3629),#3633);
#3629 = LINE('',#3630,#3631);
#3630 = CARTESIAN_POINT('',(-6.28318530718,-234.));
#3631 = VECTOR('',#3632,1.);
#3632 = DIRECTION('',(1.,-0.));
#3633 = ( GEOMETRIC_REPRESENTATION_CONTEXT(2) 
PARAMETRIC_REPRESENTATION_CONTEXT() REPRESENTATION_CONTEXT('2D SPACE',''
  ) );
#3634 = PCURVE('',#3455,#3635);
#3635 = DEFINITIONAL_REPRESENTATION('',(#3636),#3644);
#3636 = ( BOUNDED_CURVE() B_SPLINE_CURVE(2,(#3637,#3638,#3639,#3640,
#3641,#3642,#3643),.UNSPECIFIED.,.T.,.F.) B_SPLINE_CURVE_WITH_KNOTS((1,2
    ,2,2,2,1),(-2.094395102393,0.,2.094395102393,4.188790204786,
6.28318530718,8.377580409573),.UNSPECIFIED.) CURVE() 
GEOMETRIC_REPRESENTATION_ITEM() RATIONAL_B_SPLINE_CURVE((1.,0.5,1.,0.5,
1.,0.5,1.)) REPRESENTATION_ITEM('') );
#3637 = CARTESIAN_POINT('',(7.5,25.));
#3638 = CARTESIAN_POINT('',(7.5,12.009618943233));
#3639 = CARTESIAN_POINT('',(-3.75,18.504809471617));
#3640 = CARTESIAN_POINT('',(-15.,25.));
#3641 = CARTESIAN_POINT('',(-3.75,31.495190528383));
#3642 = CARTESIAN_POINT('',(7.5,37.990381056767));
#3643 = CARTESIAN_POINT('',(7.5,25.));
#3644 = ( GEOMETRIC_REPRESENTATION_CONTEXT(2) 
PARAMETRIC_REPRESENTATION_CONTEXT() REPRESENTATION_CONTEXT('2D SPACE',''
  ) );
#3645 = ORIENTED_EDGE('',*,*,#3597,.F.);
#3646 = ORIENTED_EDGE('',*,*,#3647,.T.);
#3647 = EDGE_CURVE('',#3576,#3506,#3648,.T.);
#3648 = SURFACE_CURVE('',#3649,(#3654,#3661),.PCURVE_S1.);
#3649 = CIRCLE('',#3650,7.5);
#3650 = AXIS2_PLACEMENT_3D('',#3651,#3652,#3653);
#3651 = CARTESIAN_POINT('',(0.,25.,221.));
#3652 = DIRECTION('',(0.,0.,-1.));
#3653 = DIRECTION('',(1.,0.,0.));
#3654 = PCURVE('',#2526,#3655);
#3655 = DEFINITIONAL_REPRESENTATION('',(#3656),#3660);
#3656 = LINE('',#3657,#3658);
#3657 = CARTESIAN_POINT('',(-6.28318530718,-166.));
#3658 = VECTOR('',#3659,1.);
#3659 = DIRECTION('',(1.,-0.));
#3660 = ( GEOMETRIC_REPRESENTATION_CONTEXT(2) 
PARAMETRIC_REPRESENTATION_CONTEXT() REPRESENTATION_CONTEXT('2D SPACE',''
  ) );
#3661 = PCURVE('',#3337,#3662);
#3662 = DEFINITIONAL_REPRESENTATION('',(#3663),#3671);
#3663 = ( BOUNDED_CURVE() B_SPLINE_CURVE(2,(#3664,#3665,#3666,#3667,
#3668,#3669,#3670),.UNSPECIFIED.,.T.,.F.) B_SPLINE_CURVE_WITH_KNOTS((1,2
    ,2,2,2,1),(-2.094395102393,0.,2.094395102393,4.188790204786,
6.28318530718,8.377580409573),.UNSPECIFIED.) CURVE() 
GEOMETRIC_REPRESENTATION_ITEM() RATIONAL_B_SPLINE_CURVE((1.,0.5,1.,0.5,
1.,0.5,1.)) REPRESENTATION_ITEM('') );
#3664 = CARTESIAN_POINT('',(7.5,25.));
#3665 = CARTESIAN_POINT('',(7.5,12.009618943233));
#3666 = CARTESIAN_POINT('',(-3.75,18.504809471617));
#3667 = CARTESIAN_POINT('',(-15.,25.));
#3668 = CARTESIAN_POINT('',(-3.75,31.495190528383));
#3669 = CARTESIAN_POINT('',(7.5,37.990381056767));
#3670 = CARTESIAN_POINT('',(7.5,25.));
#3671 = ( GEOMETRIC_REPRESENTATION_CONTEXT(2) 
PARAMETRIC_REPRESENTATION_CONTEXT() REPRESENTATION_CONTEXT('2D SPACE',''
  ) );
#3672 = ORIENTED_EDGE('',*,*,#3505,.T.);
#3673 = ORIENTED_EDGE('',*,*,#2505,.F.);
#3674 = ORIENTED_EDGE('',*,*,#3554,.F.);
#3675 = ADVANCED_FACE('',(#3676),#2493,.F.);
#3676 = FACE_BOUND('',#3677,.F.);
#3677 = EDGE_LOOP('',(#3678,#3679,#3702,#3723));
#3678 = ORIENTED_EDGE('',*,*,#2477,.F.);
#3679 = ORIENTED_EDGE('',*,*,#3680,.F.);
#3680 = EDGE_CURVE('',#3681,#2445,#3683,.T.);
#3681 = VERTEX_POINT('',#3682);
#3682 = CARTESIAN_POINT('',(17.5,25.,221.));
#3683 = SURFACE_CURVE('',#3684,(#3688,#3695),.PCURVE_S1.);
#3684 = LINE('',#3685,#3686);
#3685 = CARTESIAN_POINT('',(17.5,25.,55.));
#3686 = VECTOR('',#3687,1.);
#3687 = DIRECTION('',(-0.,-0.,-1.));
#3688 = PCURVE('',#2493,#3689);
#3689 = DEFINITIONAL_REPRESENTATION('',(#3690),#3694);
#3690 = LINE('',#3691,#3692);
#3691 = CARTESIAN_POINT('',(32.5,156.));
#3692 = VECTOR('',#3693,1.);
#3693 = DIRECTION('',(0.,1.));
#3694 = ( GEOMETRIC_REPRESENTATION_CONTEXT(2) 
PARAMETRIC_REPRESENTATION_CONTEXT() REPRESENTATION_CONTEXT('2D SPACE',''
  ) );
#3695 = PCURVE('',#2465,#3696);
#3696 = DEFINITIONAL_REPRESENTATION('',(#3697),#3701);
#3697 = LINE('',#3698,#3699);
#3698 = CARTESIAN_POINT('',(-3.14159265359,0.));
#3699 = VECTOR('',#3700,1.);
#3700 = DIRECTION('',(-0.,1.));
#3701 = ( GEOMETRIC_REPRESENTATION_CONTEXT(2) 
PARAMETRIC_REPRESENTATION_CONTEXT() REPRESENTATION_CONTEXT('2D SPACE',''
  ) );
#3702 = ORIENTED_EDGE('',*,*,#3703,.T.);
#3703 = EDGE_CURVE('',#3681,#3576,#3704,.T.);
#3704 = SURFACE_CURVE('',#3705,(#3709,#3716),.PCURVE_S1.);
#3705 = LINE('',#3706,#3707);
#3706 = CARTESIAN_POINT('',(50.,25.,221.));
#3707 = VECTOR('',#3708,1.);
#3708 = DIRECTION('',(-1.,0.,0.));
#3709 = PCURVE('',#2493,#3710);
#3710 = DEFINITIONAL_REPRESENTATION('',(#3711),#3715);
#3711 = LINE('',#3712,#3713);
#3712 = CARTESIAN_POINT('',(0.,-10.));
#3713 = VECTOR('',#3714,1.);
#3714 = DIRECTION('',(1.,0.));
#3715 = ( GEOMETRIC_REPRESENTATION_CONTEXT(2) 
PARAMETRIC_REPRESENTATION_CONTEXT() REPRESENTATION_CONTEXT('2D SPACE',''
  ) );
#3716 = PCURVE('',#3337,#3717);
#3717 = DEFINITIONAL_REPRESENTATION('',(#3718),#3722);
#3718 = LINE('',#3719,#3720);
#3719 = CARTESIAN_POINT('',(50.,25.));
#3720 = VECTOR('',#3721,1.);
#3721 = DIRECTION('',(-1.,0.));
#3722 = ( GEOMETRIC_REPRESENTATION_CONTEXT(2) 
PARAMETRIC_REPRESENTATION_CONTEXT() REPRESENTATION_CONTEXT('2D SPACE',''
  ) );
#3723 = ORIENTED_EDGE('',*,*,#3575,.F.);
#3724 = ADVANCED_FACE('',(#3725),#2465,.T.);
#3725 = FACE_BOUND('',#3726,.F.);
#3726 = EDGE_LOOP('',(#3727,#3728,#3749,#3771,#3794,#3820,#3821,#3847,
    #3848,#3849));
#3727 = ORIENTED_EDGE('',*,*,#3033,.T.);
#3728 = ORIENTED_EDGE('',*,*,#3729,.T.);
#3729 = EDGE_CURVE('',#3034,#2417,#3730,.T.);
#3730 = SEAM_CURVE('',#3731,(#3735,#3742),.PCURVE_S1.);
#3731 = LINE('',#3732,#3733);
#3732 = CARTESIAN_POINT('',(32.5,25.,55.));
#3733 = VECTOR('',#3734,1.);
#3734 = DIRECTION('',(0.,0.,1.));
#3735 = PCURVE('',#2465,#3736);
#3736 = DEFINITIONAL_REPRESENTATION('',(#3737),#3741);
#3737 = LINE('',#3738,#3739);
#3738 = CARTESIAN_POINT('',(-6.28318530718,0.));
#3739 = VECTOR('',#3740,1.);
#3740 = DIRECTION('',(-0.,-1.));
#3741 = ( GEOMETRIC_REPRESENTATION_CONTEXT(2) 
PARAMETRIC_REPRESENTATION_CONTEXT() REPRESENTATION_CONTEXT('2D SPACE',''
  ) );
#3742 = PCURVE('',#2465,#3743);
#3743 = DEFINITIONAL_REPRESENTATION('',(#3744),#3748);
#3744 = LINE('',#3745,#3746);
#3745 = CARTESIAN_POINT('',(-0.,0.));
#3746 = VECTOR('',#3747,1.);
#3747 = DIRECTION('',(-0.,-1.));
#3748 = ( GEOMETRIC_REPRESENTATION_CONTEXT(2) 
PARAMETRIC_REPRESENTATION_CONTEXT() REPRESENTATION_CONTEXT('2D SPACE',''
  ) );
#3749 = ORIENTED_EDGE('',*,*,#3750,.T.);
#3750 = EDGE_CURVE('',#2417,#3751,#3753,.T.);
#3751 = VERTEX_POINT('',#3752);
#3752 = CARTESIAN_POINT('',(32.5,25.,221.));
#3753 = SURFACE_CURVE('',#3754,(#3758,#3764),.PCURVE_S1.);
#3754 = LINE('',#3755,#3756);
#3755 = CARTESIAN_POINT('',(32.5,25.,55.));
#3756 = VECTOR('',#3757,1.);
#3757 = DIRECTION('',(0.,0.,1.));
#3758 = PCURVE('',#2465,#3759);
#3759 = DEFINITIONAL_REPRESENTATION('',(#3760),#3763);
#3760 = B_SPLINE_CURVE_WITH_KNOTS('',1,(#3761,#3762),.UNSPECIFIED.,.F.,
  .F.,(2,2),(156.,166.),.PIECEWISE_BEZIER_KNOTS.);
#3761 = CARTESIAN_POINT('',(0.,-156.));
#3762 = CARTESIAN_POINT('',(0.,-166.));
#3763 = ( GEOMETRIC_REPRESENTATION_CONTEXT(2) 
PARAMETRIC_REPRESENTATION_CONTEXT() REPRESENTATION_CONTEXT('2D SPACE',''
  ) );
#3764 = PCURVE('',#2432,#3765);
#3765 = DEFINITIONAL_REPRESENTATION('',(#3766),#3770);
#3766 = LINE('',#3767,#3768);
#3767 = CARTESIAN_POINT('',(17.5,156.));
#3768 = VECTOR('',#3769,1.);
#3769 = DIRECTION('',(0.,-1.));
#3770 = ( GEOMETRIC_REPRESENTATION_CONTEXT(2) 
PARAMETRIC_REPRESENTATION_CONTEXT() REPRESENTATION_CONTEXT('2D SPACE',''
  ) );
#3771 = ORIENTED_EDGE('',*,*,#3772,.T.);
#3772 = EDGE_CURVE('',#3751,#3773,#3775,.T.);
#3773 = VERTEX_POINT('',#3774);
#3774 = CARTESIAN_POINT('',(32.5,25.,289.));
#3775 = SEAM_CURVE('',#3776,(#3780,#3787),.PCURVE_S1.);
#3776 = LINE('',#3777,#3778);
#3777 = CARTESIAN_POINT('',(32.5,25.,55.));
#3778 = VECTOR('',#3779,1.);
#3779 = DIRECTION('',(0.,0.,1.));
#3780 = PCURVE('',#2465,#3781);
#3781 = DEFINITIONAL_REPRESENTATION('',(#3782),#3786);
#3782 = LINE('',#3783,#3784);
#3783 = CARTESIAN_POINT('',(-6.28318530718,0.));
#3784 = VECTOR('',#3785,1.);
#3785 = DIRECTION('',(-0.,-1.));
#3786 = ( GEOMETRIC_REPRESENTATION_CONTEXT(2) 
PARAMETRIC_REPRESENTATION_CONTEXT() REPRESENTATION_CONTEXT('2D SPACE',''
  ) );
#3787 = PCURVE('',#2465,#3788);
#3788 = DEFINITIONAL_REPRESENTATION('',(#3789),#3793);
#3789 = LINE('',#3790,#3791);
#3790 = CARTESIAN_POINT('',(-0.,0.));
#3791 = VECTOR('',#3792,1.);
#3792 = DIRECTION('',(-0.,-1.));
#3793 = ( GEOMETRIC_REPRESENTATION_CONTEXT(2) 
PARAMETRIC_REPRESENTATION_CONTEXT() REPRESENTATION_CONTEXT('2D SPACE',''
  ) );
#3794 = ORIENTED_EDGE('',*,*,#3795,.F.);
#3795 = EDGE_CURVE('',#3773,#3773,#3796,.T.);
#3796 = SURFACE_CURVE('',#3797,(#3802,#3809),.PCURVE_S1.);
#3797 = CIRCLE('',#3798,7.5);
#3798 = AXIS2_PLACEMENT_3D('',#3799,#3800,#3801);
#3799 = CARTESIAN_POINT('',(25.,25.,289.));
#3800 = DIRECTION('',(0.,0.,-1.));
#3801 = DIRECTION('',(1.,0.,0.));
#3802 = PCURVE('',#2465,#3803);
#3803 = DEFINITIONAL_REPRESENTATION('',(#3804),#3808);
#3804 = LINE('',#3805,#3806);
#3805 = CARTESIAN_POINT('',(-6.28318530718,-234.));
#3806 = VECTOR('',#3807,1.);
#3807 = DIRECTION('',(1.,-0.));
#3808 = ( GEOMETRIC_REPRESENTATION_CONTEXT(2) 
PARAMETRIC_REPRESENTATION_CONTEXT() REPRESENTATION_CONTEXT('2D SPACE',''
  ) );
#3809 = PCURVE('',#3455,#3810);
#3810 = DEFINITIONAL_REPRESENTATION('',(#3811),#3819);
#3811 = ( BOUNDED_CURVE() B_SPLINE_CURVE(2,(#3812,#3813,#3814,#3815,
#3816,#3817,#3818),.UNSPECIFIED.,.T.,.F.) B_SPLINE_CURVE_WITH_KNOTS((1,2
    ,2,2,2,1),(-2.094395102393,0.,2.094395102393,4.188790204786,
6.28318530718,8.377580409573),.UNSPECIFIED.) CURVE() 
GEOMETRIC_REPRESENTATION_ITEM() RATIONAL_B_SPLINE_CURVE((1.,0.5,1.,0.5,
1.,0.5,1.)) REPRESENTATION_ITEM('') );
#3812 = CARTESIAN_POINT('',(32.5,25.));
#3813 = CARTESIAN_POINT('',(32.5,12.009618943233));
#3814 = CARTESIAN_POINT('',(21.25,18.504809471617));
#3815 = CARTESIAN_POINT('',(10.,25.));
#3816 = CARTESIAN_POINT('',(21.25,31.495190528383));
#3817 = CARTESIAN_POINT('',(32.5,37.990381056767));
#3818 = CARTESIAN_POINT('',(32.5,25.));
#3819 = ( GEOMETRIC_REPRESENTATION_CONTEXT(2) 
PARAMETRIC_REPRESENTATION_CONTEXT() REPRESENTATION_CONTEXT('2D SPACE',''
  ) );
#3820 = ORIENTED_EDGE('',*,*,#3772,.F.);
#3821 = ORIENTED_EDGE('',*,*,#3822,.T.);
#3822 = EDGE_CURVE('',#3751,#3681,#3823,.T.);
#3823 = SURFACE_CURVE('',#3824,(#3829,#3836),.PCURVE_S1.);
#3824 = CIRCLE('',#3825,7.5);
#3825 = AXIS2_PLACEMENT_3D('',#3826,#3827,#3828);
#3826 = CARTESIAN_POINT('',(25.,25.,221.));
#3827 = DIRECTION('',(0.,0.,-1.));
#3828 = DIRECTION('',(1.,0.,0.));
#3829 = PCURVE('',#2465,#3830);
#3830 = DEFINITIONAL_REPRESENTATION('',(#3831),#3835);
#3831 = LINE('',#3832,#3833);
#3832 = CARTESIAN_POINT('',(-6.28318530718,-166.));
#3833 = VECTOR('',#3834,1.);
#3834 = DIRECTION('',(1.,-0.));
#3835 = ( GEOMETRIC_REPRESENTATION_CONTEXT(2) 
PARAMETRIC_REPRESENTATION_CONTEXT() REPRESENTATION_CONTEXT('2D SPACE',''
  ) );
#3836 = PCURVE('',#3337,#3837);
#3837 = DEFINITIONAL_REPRESENTATION('',(#3838),#3846);
#3838 = ( BOUNDED_CURVE() B_SPLINE_CURVE(2,(#3839,#3840,#3841,#3842,
#3843,#3844,#3845),.UNSPECIFIED.,.T.,.F.) B_SPLINE_CURVE_WITH_KNOTS((1,2
    ,2,2,2,1),(-2.094395102393,0.,2.094395102393,4.188790204786,
6.28318530718,8.377580409573),.UNSPECIFIED.) CURVE() 
GEOMETRIC_REPRESENTATION_ITEM() RATIONAL_B_SPLINE_CURVE((1.,0.5,1.,0.5,
1.,0.5,1.)) REPRESENTATION_ITEM('') );
#3839 = CARTESIAN_POINT('',(32.5,25.));
#3840 = CARTESIAN_POINT('',(32.5,12.009618943233));
#3841 = CARTESIAN_POINT('',(21.25,18.504809471617));
#3842 = CARTESIAN_POINT('',(10.,25.));
#3843 = CARTESIAN_POINT('',(21.25,31.495190528383));
#3844 = CARTESIAN_POINT('',(32.5,37.990381056767));
#3845 = CARTESIAN_POINT('',(32.5,25.));
#3846 = ( GEOMETRIC_REPRESENTATION_CONTEXT(2) 
PARAMETRIC_REPRESENTATION_CONTEXT() REPRESENTATION_CONTEXT('2D SPACE',''
  ) );
#3847 = ORIENTED_EDGE('',*,*,#3680,.T.);
#3848 = ORIENTED_EDGE('',*,*,#2444,.F.);
#3849 = ORIENTED_EDGE('',*,*,#3729,.F.);
#3850 = ADVANCED_FACE('',(#3851),#2432,.F.);
#3851 = FACE_BOUND('',#3852,.F.);
#3852 = EDGE_LOOP('',(#3853,#3854,#3877,#3898));
#3853 = ORIENTED_EDGE('',*,*,#2416,.F.);
#3854 = ORIENTED_EDGE('',*,*,#3855,.F.);
#3855 = EDGE_CURVE('',#3856,#2388,#3858,.T.);
#3856 = VERTEX_POINT('',#3857);
#3857 = CARTESIAN_POINT('',(43.301270189221,25.000000000001,221.));
#3858 = SURFACE_CURVE('',#3859,(#3863,#3870),.PCURVE_S1.);
#3859 = LINE('',#3860,#3861);
#3860 = CARTESIAN_POINT('',(43.301270189222,25.,211.));
#3861 = VECTOR('',#3862,1.);
#3862 = DIRECTION('',(-0.,-0.,-1.));
#3863 = PCURVE('',#2432,#3864);
#3864 = DEFINITIONAL_REPRESENTATION('',(#3865),#3869);
#3865 = LINE('',#3866,#3867);
#3866 = CARTESIAN_POINT('',(6.698729810778,0.));
#3867 = VECTOR('',#3868,1.);
#3868 = DIRECTION('',(0.,1.));
#3869 = ( GEOMETRIC_REPRESENTATION_CONTEXT(2) 
PARAMETRIC_REPRESENTATION_CONTEXT() REPRESENTATION_CONTEXT('2D SPACE',''
  ) );
#3870 = PCURVE('',#2404,#3871);
#3871 = DEFINITIONAL_REPRESENTATION('',(#3872),#3876);
#3872 = LINE('',#3873,#3874);
#3873 = CARTESIAN_POINT('',(-6.806784082778,0.));
#3874 = VECTOR('',#3875,1.);
#3875 = DIRECTION('',(-0.,1.));
#3876 = ( GEOMETRIC_REPRESENTATION_CONTEXT(2) 
PARAMETRIC_REPRESENTATION_CONTEXT() REPRESENTATION_CONTEXT('2D SPACE',''
  ) );
#3877 = ORIENTED_EDGE('',*,*,#3878,.T.);
#3878 = EDGE_CURVE('',#3856,#3751,#3879,.T.);
#3879 = SURFACE_CURVE('',#3880,(#3884,#3891),.PCURVE_S1.);
#3880 = LINE('',#3881,#3882);
#3881 = CARTESIAN_POINT('',(50.,25.,221.));
#3882 = VECTOR('',#3883,1.);
#3883 = DIRECTION('',(-1.,0.,0.));
#3884 = PCURVE('',#2432,#3885);
#3885 = DEFINITIONAL_REPRESENTATION('',(#3886),#3890);
#3886 = LINE('',#3887,#3888);
#3887 = CARTESIAN_POINT('',(0.,-10.));
#3888 = VECTOR('',#3889,1.);
#3889 = DIRECTION('',(1.,0.));
#3890 = ( GEOMETRIC_REPRESENTATION_CONTEXT(2) 
PARAMETRIC_REPRESENTATION_CONTEXT() REPRESENTATION_CONTEXT('2D SPACE',''
  ) );
#3891 = PCURVE('',#3337,#3892);
#3892 = DEFINITIONAL_REPRESENTATION('',(#3893),#3897);
#3893 = LINE('',#3894,#3895);
#3894 = CARTESIAN_POINT('',(50.,25.));
#3895 = VECTOR('',#3896,1.);
#3896 = DIRECTION('',(-1.,0.));
#3897 = ( GEOMETRIC_REPRESENTATION_CONTEXT(2) 
PARAMETRIC_REPRESENTATION_CONTEXT() REPRESENTATION_CONTEXT('2D SPACE',''
  ) );
#3898 = ORIENTED_EDGE('',*,*,#3750,.F.);
#3899 = ADVANCED_FACE('',(#3900),#2404,.T.);
#3900 = FACE_BOUND('',#3901,.F.);
#3901 = EDGE_LOOP('',(#3902,#3903,#3904,#3930));
#3902 = ORIENTED_EDGE('',*,*,#2387,.F.);
#3903 = ORIENTED_EDGE('',*,*,#3349,.F.);
#3904 = ORIENTED_EDGE('',*,*,#3905,.F.);
#3905 = EDGE_CURVE('',#3856,#3322,#3906,.T.);
#3906 = SURFACE_CURVE('',#3907,(#3912,#3919),.PCURVE_S1.);
#3907 = CIRCLE('',#3908,50.);
#3908 = AXIS2_PLACEMENT_3D('',#3909,#3910,#3911);
#3909 = CARTESIAN_POINT('',(0.,0.,221.));
#3910 = DIRECTION('',(0.,0.,-1.));
#3911 = DIRECTION('',(0.866025403784,0.5,0.));
#3912 = PCURVE('',#2404,#3913);
#3913 = DEFINITIONAL_REPRESENTATION('',(#3914),#3918);
#3914 = LINE('',#3915,#3916);
#3915 = CARTESIAN_POINT('',(-6.806784082778,-10.));
#3916 = VECTOR('',#3917,1.);
#3917 = DIRECTION('',(1.,-0.));
#3918 = ( GEOMETRIC_REPRESENTATION_CONTEXT(2) 
PARAMETRIC_REPRESENTATION_CONTEXT() REPRESENTATION_CONTEXT('2D SPACE',''
  ) );
#3919 = PCURVE('',#3337,#3920);
#3920 = DEFINITIONAL_REPRESENTATION('',(#3921),#3929);
#3921 = ( BOUNDED_CURVE() B_SPLINE_CURVE(2,(#3922,#3923,#3924,#3925,
#3926,#3927,#3928),.UNSPECIFIED.,.T.,.F.) B_SPLINE_CURVE_WITH_KNOTS((1,2
    ,2,2,2,1),(-2.094395102393,0.,2.094395102393,4.188790204786,
6.28318530718,8.377580409573),.UNSPECIFIED.) CURVE() 
GEOMETRIC_REPRESENTATION_ITEM() RATIONAL_B_SPLINE_CURVE((1.,0.5,1.,0.5,
1.,0.5,1.)) REPRESENTATION_ITEM('') );
#3922 = CARTESIAN_POINT('',(43.301270189221,25.000000000001));
#3923 = CARTESIAN_POINT('',(86.602540378445,-49.99999999999));
#3924 = CARTESIAN_POINT('',(1.168419931607E-12,-50.));
#3925 = CARTESIAN_POINT('',(-86.60254037844,-50.));
#3926 = CARTESIAN_POINT('',(-43.30127018922,24.999999999999));
#3927 = CARTESIAN_POINT('',(-2.386970218472E-12,100.));
#3928 = CARTESIAN_POINT('',(43.301270189221,25.000000000001));
#3929 = ( GEOMETRIC_REPRESENTATION_CONTEXT(2) 
PARAMETRIC_REPRESENTATION_CONTEXT() REPRESENTATION_CONTEXT('2D SPACE',''
  ) );
#3930 = ORIENTED_EDGE('',*,*,#3855,.T.);
#3931 = ADVANCED_FACE('',(#3932),#2629,.T.);
#3932 = FACE_BOUND('',#3933,.F.);
#3933 = EDGE_LOOP('',(#3934,#3935,#3956,#3957));
#3934 = ORIENTED_EDGE('',*,*,#2853,.T.);
#3935 = ORIENTED_EDGE('',*,*,#3936,.T.);
#3936 = EDGE_CURVE('',#2854,#2609,#3937,.T.);
#3937 = SEAM_CURVE('',#3938,(#3942,#3949),.PCURVE_S1.);
#3938 = LINE('',#3939,#3940);
#3939 = CARTESIAN_POINT('',(-30.,0.,55.));
#3940 = VECTOR('',#3941,1.);
#3941 = DIRECTION('',(0.,0.,1.));
#3942 = PCURVE('',#2629,#3943);
#3943 = DEFINITIONAL_REPRESENTATION('',(#3944),#3948);
#3944 = LINE('',#3945,#3946);
#3945 = CARTESIAN_POINT('',(-6.28318530718,0.));
#3946 = VECTOR('',#3947,1.);
#3947 = DIRECTION('',(-0.,-1.));
#3948 = ( GEOMETRIC_REPRESENTATION_CONTEXT(2) 
PARAMETRIC_REPRESENTATION_CONTEXT() REPRESENTATION_CONTEXT('2D SPACE',''
  ) );
#3949 = PCURVE('',#2629,#3950);
#3950 = DEFINITIONAL_REPRESENTATION('',(#3951),#3955);
#3951 = LINE('',#3952,#3953);
#3952 = CARTESIAN_POINT('',(-0.,0.));
#3953 = VECTOR('',#3954,1.);
#3954 = DIRECTION('',(-0.,-1.));
#3955 = ( GEOMETRIC_REPRESENTATION_CONTEXT(2) 
PARAMETRIC_REPRESENTATION_CONTEXT() REPRESENTATION_CONTEXT('2D SPACE',''
  ) );
#3956 = ORIENTED_EDGE('',*,*,#2608,.F.);
#3957 = ORIENTED_EDGE('',*,*,#3936,.F.);
#3958 = ADVANCED_FACE('',(#3959),#2664,.T.);
#3959 = FACE_BOUND('',#3960,.F.);
#3960 = EDGE_LOOP('',(#3961,#3962,#3983,#3984));
#3961 = ORIENTED_EDGE('',*,*,#2883,.T.);
#3962 = ORIENTED_EDGE('',*,*,#3963,.T.);
#3963 = EDGE_CURVE('',#2884,#2644,#3964,.T.);
#3964 = SEAM_CURVE('',#3965,(#3969,#3976),.PCURVE_S1.);
#3965 = LINE('',#3966,#3967);
#3966 = CARTESIAN_POINT('',(-5.,0.,55.));
#3967 = VECTOR('',#3968,1.);
#3968 = DIRECTION('',(0.,0.,1.));
#3969 = PCURVE('',#2664,#3970);
#3970 = DEFINITIONAL_REPRESENTATION('',(#3971),#3975);
#3971 = LINE('',#3972,#3973);
#3972 = CARTESIAN_POINT('',(-6.28318530718,0.));
#3973 = VECTOR('',#3974,1.);
#3974 = DIRECTION('',(-0.,-1.));
#3975 = ( GEOMETRIC_REPRESENTATION_CONTEXT(2) 
PARAMETRIC_REPRESENTATION_CONTEXT() REPRESENTATION_CONTEXT('2D SPACE',''
  ) );
#3976 = PCURVE('',#2664,#3977);
#3977 = DEFINITIONAL_REPRESENTATION('',(#3978),#3982);
#3978 = LINE('',#3979,#3980);
#3979 = CARTESIAN_POINT('',(-0.,0.));
#3980 = VECTOR('',#3981,1.);
#3981 = DIRECTION('',(-0.,-1.));
#3982 = ( GEOMETRIC_REPRESENTATION_CONTEXT(2) 
PARAMETRIC_REPRESENTATION_CONTEXT() REPRESENTATION_CONTEXT('2D SPACE',''
  ) );
#3983 = ORIENTED_EDGE('',*,*,#2643,.F.);
#3984 = ORIENTED_EDGE('',*,*,#3963,.F.);
#3985 = ADVANCED_FACE('',(#3986),#2699,.T.);
#3986 = FACE_BOUND('',#3987,.F.);
#3987 = EDGE_LOOP('',(#3988,#3989,#4010,#4011));
#3988 = ORIENTED_EDGE('',*,*,#2913,.T.);
#3989 = ORIENTED_EDGE('',*,*,#3990,.T.);
#3990 = EDGE_CURVE('',#2914,#2679,#3991,.T.);
#3991 = SEAM_CURVE('',#3992,(#3996,#4003),.PCURVE_S1.);
#3992 = LINE('',#3993,#3994);
#3993 = CARTESIAN_POINT('',(20.,0.,55.));
#3994 = VECTOR('',#3995,1.);
#3995 = DIRECTION('',(0.,0.,1.));
#3996 = PCURVE('',#2699,#3997);
#3997 = DEFINITIONAL_REPRESENTATION('',(#3998),#4002);
#3998 = LINE('',#3999,#4000);
#3999 = CARTESIAN_POINT('',(-6.28318530718,0.));
#4000 = VECTOR('',#4001,1.);
#4001 = DIRECTION('',(-0.,-1.));
#4002 = ( GEOMETRIC_REPRESENTATION_CONTEXT(2) 
PARAMETRIC_REPRESENTATION_CONTEXT() REPRESENTATION_CONTEXT('2D SPACE',''
  ) );
#4003 = PCURVE('',#2699,#4004);
#4004 = DEFINITIONAL_REPRESENTATION('',(#4005),#4009);
#4005 = LINE('',#4006,#4007);
#4006 = CARTESIAN_POINT('',(-0.,0.));
#4007 = VECTOR('',#4008,1.);
#4008 = DIRECTION('',(-0.,-1.));
#4009 = ( GEOMETRIC_REPRESENTATION_CONTEXT(2) 
PARAMETRIC_REPRESENTATION_CONTEXT() REPRESENTATION_CONTEXT('2D SPACE',''
  ) );
#4010 = ORIENTED_EDGE('',*,*,#2678,.F.);
#4011 = ORIENTED_EDGE('',*,*,#3990,.F.);
#4012 = ADVANCED_FACE('',(#4013),#2734,.T.);
#4013 = FACE_BOUND('',#4014,.F.);
#4014 = EDGE_LOOP('',(#4015,#4016,#4037,#4038));
#4015 = ORIENTED_EDGE('',*,*,#2943,.T.);
#4016 = ORIENTED_EDGE('',*,*,#4017,.T.);
#4017 = EDGE_CURVE('',#2944,#2714,#4018,.T.);
#4018 = SEAM_CURVE('',#4019,(#4023,#4030),.PCURVE_S1.);
#4019 = LINE('',#4020,#4021);
#4020 = CARTESIAN_POINT('',(45.,0.,55.));
#4021 = VECTOR('',#4022,1.);
#4022 = DIRECTION('',(0.,0.,1.));
#4023 = PCURVE('',#2734,#4024);
#4024 = DEFINITIONAL_REPRESENTATION('',(#4025),#4029);
#4025 = LINE('',#4026,#4027);
#4026 = CARTESIAN_POINT('',(-6.28318530718,0.));
#4027 = VECTOR('',#4028,1.);
#4028 = DIRECTION('',(-0.,-1.));
#4029 = ( GEOMETRIC_REPRESENTATION_CONTEXT(2) 
PARAMETRIC_REPRESENTATION_CONTEXT() REPRESENTATION_CONTEXT('2D SPACE',''
  ) );
#4030 = PCURVE('',#2734,#4031);
#4031 = DEFINITIONAL_REPRESENTATION('',(#4032),#4036);
#4032 = LINE('',#4033,#4034);
#4033 = CARTESIAN_POINT('',(-0.,0.));
#4034 = VECTOR('',#4035,1.);
#4035 = DIRECTION('',(-0.,-1.));
#4036 = ( GEOMETRIC_REPRESENTATION_CONTEXT(2) 
PARAMETRIC_REPRESENTATION_CONTEXT() REPRESENTATION_CONTEXT('2D SPACE',''
  ) );
#4037 = ORIENTED_EDGE('',*,*,#2713,.F.);
#4038 = ORIENTED_EDGE('',*,*,#4017,.F.);
#4039 = ADVANCED_FACE('',(#4040),#2794,.T.);
#4040 = FACE_BOUND('',#4041,.F.);
#4041 = EDGE_LOOP('',(#4042,#4043,#4044,#4045));
#4042 = ORIENTED_EDGE('',*,*,#3136,.F.);
#4043 = ORIENTED_EDGE('',*,*,#3218,.F.);
#4044 = ORIENTED_EDGE('',*,*,#2773,.F.);
#4045 = ORIENTED_EDGE('',*,*,#3088,.T.);
#4046 = ADVANCED_FACE('',(#4047,#4050,#4085,#4120,#4155,#4190,#4225,
    #4260,#4295,#4330,#4365),#3282,.F.);
#4047 = FACE_BOUND('',#4048,.F.);
#4048 = EDGE_LOOP('',(#4049));
#4049 = ORIENTED_EDGE('',*,*,#3267,.T.);
#4050 = FACE_BOUND('',#4051,.F.);
#4051 = EDGE_LOOP('',(#4052));
#4052 = ORIENTED_EDGE('',*,*,#4053,.T.);
#4053 = EDGE_CURVE('',#4054,#4054,#4056,.T.);
#4054 = VERTEX_POINT('',#4055);
#4055 = CARTESIAN_POINT('',(-17.5,-25.,445.));
#4056 = SURFACE_CURVE('',#4057,(#4062,#4073),.PCURVE_S1.);
#4057 = CIRCLE('',#4058,7.5);
#4058 = AXIS2_PLACEMENT_3D('',#4059,#4060,#4061);
#4059 = CARTESIAN_POINT('',(-25.,-25.,445.));
#4060 = DIRECTION('',(0.,0.,-1.));
#4061 = DIRECTION('',(1.,0.,0.));
#4062 = PCURVE('',#3282,#4063);
#4063 = DEFINITIONAL_REPRESENTATION('',(#4064),#4072);
#4064 = ( BOUNDED_CURVE() B_SPLINE_CURVE(2,(#4065,#4066,#4067,#4068,
#4069,#4070,#4071),.UNSPECIFIED.,.T.,.F.) B_SPLINE_CURVE_WITH_KNOTS((1,2
    ,2,2,2,1),(-2.094395102393,0.,2.094395102393,4.188790204786,
6.28318530718,8.377580409573),.UNSPECIFIED.) CURVE() 
GEOMETRIC_REPRESENTATION_ITEM() RATIONAL_B_SPLINE_CURVE((1.,0.5,1.,0.5,
1.,0.5,1.)) REPRESENTATION_ITEM('') );
#4065 = CARTESIAN_POINT('',(-17.5,-25.));
#4066 = CARTESIAN_POINT('',(-17.5,-37.99038105676));
#4067 = CARTESIAN_POINT('',(-28.75,-31.49519052838));
#4068 = CARTESIAN_POINT('',(-40.,-25.));
#4069 = CARTESIAN_POINT('',(-28.75,-18.50480947161));
#4070 = CARTESIAN_POINT('',(-17.5,-12.00961894323));
#4071 = CARTESIAN_POINT('',(-17.5,-25.));
#4072 = ( GEOMETRIC_REPRESENTATION_CONTEXT(2) 
PARAMETRIC_REPRESENTATION_CONTEXT() REPRESENTATION_CONTEXT('2D SPACE',''
  ) );
#4073 = PCURVE('',#4074,#4079);
#4074 = CYLINDRICAL_SURFACE('',#4075,7.5);
#4075 = AXIS2_PLACEMENT_3D('',#4076,#4077,#4078);
#4076 = CARTESIAN_POINT('',(-25.,-25.,55.));
#4077 = DIRECTION('',(-0.,-0.,-1.));
#4078 = DIRECTION('',(1.,0.,0.));
#4079 = DEFINITIONAL_REPRESENTATION('',(#4080),#4084);
#4080 = LINE('',#4081,#4082);
#4081 = CARTESIAN_POINT('',(-6.28318530718,-390.));
#4082 = VECTOR('',#4083,1.);
#4083 = DIRECTION('',(1.,-0.));
#4084 = ( GEOMETRIC_REPRESENTATION_CONTEXT(2) 
PARAMETRIC_REPRESENTATION_CONTEXT() REPRESENTATION_CONTEXT('2D SPACE',''
  ) );
#4085 = FACE_BOUND('',#4086,.F.);
#4086 = EDGE_LOOP('',(#4087));
#4087 = ORIENTED_EDGE('',*,*,#4088,.T.);
#4088 = EDGE_CURVE('',#4089,#4089,#4091,.T.);
#4089 = VERTEX_POINT('',#4090);
#4090 = CARTESIAN_POINT('',(7.5,-25.,445.));
#4091 = SURFACE_CURVE('',#4092,(#4097,#4108),.PCURVE_S1.);
#4092 = CIRCLE('',#4093,7.5);
#4093 = AXIS2_PLACEMENT_3D('',#4094,#4095,#4096);
#4094 = CARTESIAN_POINT('',(0.,-25.,445.));
#4095 = DIRECTION('',(0.,0.,-1.));
#4096 = DIRECTION('',(1.,0.,0.));
#4097 = PCURVE('',#3282,#4098);
#4098 = DEFINITIONAL_REPRESENTATION('',(#4099),#4107);
#4099 = ( BOUNDED_CURVE() B_SPLINE_CURVE(2,(#4100,#4101,#4102,#4103,
#4104,#4105,#4106),.UNSPECIFIED.,.T.,.F.) B_SPLINE_CURVE_WITH_KNOTS((1,2
    ,2,2,2,1),(-2.094395102393,0.,2.094395102393,4.188790204786,
6.28318530718,8.377580409573),.UNSPECIFIED.) CURVE() 
GEOMETRIC_REPRESENTATION_ITEM() RATIONAL_B_SPLINE_CURVE((1.,0.5,1.,0.5,
1.,0.5,1.)) REPRESENTATION_ITEM('') );
#4100 = CARTESIAN_POINT('',(7.5,-25.));
#4101 = CARTESIAN_POINT('',(7.5,-37.99038105676));
#4102 = CARTESIAN_POINT('',(-3.75,-31.49519052838));
#4103 = CARTESIAN_POINT('',(-15.,-25.));
#4104 = CARTESIAN_POINT('',(-3.75,-18.50480947161));
#4105 = CARTESIAN_POINT('',(7.5,-12.00961894323));
#4106 = CARTESIAN_POINT('',(7.5,-25.));
#4107 = ( GEOMETRIC_REPRESENTATION_CONTEXT(2) 
PARAMETRIC_REPRESENTATION_CONTEXT() REPRESENTATION_CONTEXT('2D SPACE',''
  ) );
#4108 = PCURVE('',#4109,#4114);
#4109 = CYLINDRICAL_SURFACE('',#4110,7.5);
#4110 = AXIS2_PLACEMENT_3D('',#4111,#4112,#4113);
#4111 = CARTESIAN_POINT('',(0.,-25.,55.));
#4112 = DIRECTION('',(-0.,-0.,-1.));
#4113 = DIRECTION('',(1.,0.,0.));
#4114 = DEFINITIONAL_REPRESENTATION('',(#4115),#4119);
#4115 = LINE('',#4116,#4117);
#4116 = CARTESIAN_POINT('',(-6.28318530718,-390.));
#4117 = VECTOR('',#4118,1.);
#4118 = DIRECTION('',(1.,-0.));
#4119 = ( GEOMETRIC_REPRESENTATION_CONTEXT(2) 
PARAMETRIC_REPRESENTATION_CONTEXT() REPRESENTATION_CONTEXT('2D SPACE',''
  ) );
#4120 = FACE_BOUND('',#4121,.F.);
#4121 = EDGE_LOOP('',(#4122));
#4122 = ORIENTED_EDGE('',*,*,#4123,.T.);
#4123 = EDGE_CURVE('',#4124,#4124,#4126,.T.);
#4124 = VERTEX_POINT('',#4125);
#4125 = CARTESIAN_POINT('',(32.5,-25.,445.));
#4126 = SURFACE_CURVE('',#4127,(#4132,#4143),.PCURVE_S1.);
#4127 = CIRCLE('',#4128,7.5);
#4128 = AXIS2_PLACEMENT_3D('',#4129,#4130,#4131);
#4129 = CARTESIAN_POINT('',(25.,-25.,445.));
#4130 = DIRECTION('',(0.,0.,-1.));
#4131 = DIRECTION('',(1.,0.,0.));
#4132 = PCURVE('',#3282,#4133);
#4133 = DEFINITIONAL_REPRESENTATION('',(#4134),#4142);
#4134 = ( BOUNDED_CURVE() B_SPLINE_CURVE(2,(#4135,#4136,#4137,#4138,
#4139,#4140,#4141),.UNSPECIFIED.,.T.,.F.) B_SPLINE_CURVE_WITH_KNOTS((1,2
    ,2,2,2,1),(-2.094395102393,0.,2.094395102393,4.188790204786,
6.28318530718,8.377580409573),.UNSPECIFIED.) CURVE() 
GEOMETRIC_REPRESENTATION_ITEM() RATIONAL_B_SPLINE_CURVE((1.,0.5,1.,0.5,
1.,0.5,1.)) REPRESENTATION_ITEM('') );
#4135 = CARTESIAN_POINT('',(32.5,-25.));
#4136 = CARTESIAN_POINT('',(32.5,-37.99038105676));
#4137 = CARTESIAN_POINT('',(21.25,-31.49519052838));
#4138 = CARTESIAN_POINT('',(10.,-25.));
#4139 = CARTESIAN_POINT('',(21.25,-18.50480947161));
#4140 = CARTESIAN_POINT('',(32.5,-12.00961894323));
#4141 = CARTESIAN_POINT('',(32.5,-25.));
#4142 = ( GEOMETRIC_REPRESENTATION_CONTEXT(2) 
PARAMETRIC_REPRESENTATION_CONTEXT() REPRESENTATION_CONTEXT('2D SPACE',''
  ) );
#4143 = PCURVE('',#4144,#4149);
#4144 = CYLINDRICAL_SURFACE('',#4145,7.5);
#4145 = AXIS2_PLACEMENT_3D('',#4146,#4147,#4148);
#4146 = CARTESIAN_POINT('',(25.,-25.,55.));
#4147 = DIRECTION('',(-0.,-0.,-1.));
#4148 = DIRECTION('',(1.,0.,0.));
#4149 = DEFINITIONAL_REPRESENTATION('',(#4150),#4154);
#4150 = LINE('',#4151,#4152);
#4151 = CARTESIAN_POINT('',(-6.28318530718,-390.));
#4152 = VECTOR('',#4153,1.);
#4153 = DIRECTION('',(1.,-0.));
#4154 = ( GEOMETRIC_REPRESENTATION_CONTEXT(2) 
PARAMETRIC_REPRESENTATION_CONTEXT() REPRESENTATION_CONTEXT('2D SPACE',''
  ) );
#4155 = FACE_BOUND('',#4156,.F.);
#4156 = EDGE_LOOP('',(#4157));
#4157 = ORIENTED_EDGE('',*,*,#4158,.T.);
#4158 = EDGE_CURVE('',#4159,#4159,#4161,.T.);
#4159 = VERTEX_POINT('',#4160);
#4160 = CARTESIAN_POINT('',(-30.,0.,445.));
#4161 = SURFACE_CURVE('',#4162,(#4167,#4178),.PCURVE_S1.);
#4162 = CIRCLE('',#4163,7.5);
#4163 = AXIS2_PLACEMENT_3D('',#4164,#4165,#4166);
#4164 = CARTESIAN_POINT('',(-37.5,0.,445.));
#4165 = DIRECTION('',(0.,0.,-1.));
#4166 = DIRECTION('',(1.,0.,0.));
#4167 = PCURVE('',#3282,#4168);
#4168 = DEFINITIONAL_REPRESENTATION('',(#4169),#4177);
#4169 = ( BOUNDED_CURVE() B_SPLINE_CURVE(2,(#4170,#4171,#4172,#4173,
#4174,#4175,#4176),.UNSPECIFIED.,.T.,.F.) B_SPLINE_CURVE_WITH_KNOTS((1,2
    ,2,2,2,1),(-2.094395102393,0.,2.094395102393,4.188790204786,
6.28318530718,8.377580409573),.UNSPECIFIED.) CURVE() 
GEOMETRIC_REPRESENTATION_ITEM() RATIONAL_B_SPLINE_CURVE((1.,0.5,1.,0.5,
1.,0.5,1.)) REPRESENTATION_ITEM('') );
#4170 = CARTESIAN_POINT('',(-30.,-3.209892110372E-15));
#4171 = CARTESIAN_POINT('',(-30.,-12.99038105676));
#4172 = CARTESIAN_POINT('',(-41.25,-6.495190528383));
#4173 = CARTESIAN_POINT('',(-52.5,-5.046862309093E-15));
#4174 = CARTESIAN_POINT('',(-41.25,6.495190528383));
#4175 = CARTESIAN_POINT('',(-30.,12.990381056767));
#4176 = CARTESIAN_POINT('',(-30.,-3.209892110372E-15));
#4177 = ( GEOMETRIC_REPRESENTATION_CONTEXT(2) 
PARAMETRIC_REPRESENTATION_CONTEXT() REPRESENTATION_CONTEXT('2D SPACE',''
  ) );
#4178 = PCURVE('',#4179,#4184);
#4179 = CYLINDRICAL_SURFACE('',#4180,7.5);
#4180 = AXIS2_PLACEMENT_3D('',#4181,#4182,#4183);
#4181 = CARTESIAN_POINT('',(-37.5,0.,55.));
#4182 = DIRECTION('',(-0.,-0.,-1.));
#4183 = DIRECTION('',(1.,0.,0.));
#4184 = DEFINITIONAL_REPRESENTATION('',(#4185),#4189);
#4185 = LINE('',#4186,#4187);
#4186 = CARTESIAN_POINT('',(-6.28318530718,-390.));
#4187 = VECTOR('',#4188,1.);
#4188 = DIRECTION('',(1.,-0.));
#4189 = ( GEOMETRIC_REPRESENTATION_CONTEXT(2) 
PARAMETRIC_REPRESENTATION_CONTEXT() REPRESENTATION_CONTEXT('2D SPACE',''
  ) );
#4190 = FACE_BOUND('',#4191,.F.);
#4191 = EDGE_LOOP('',(#4192));
#4192 = ORIENTED_EDGE('',*,*,#4193,.T.);
#4193 = EDGE_CURVE('',#4194,#4194,#4196,.T.);
#4194 = VERTEX_POINT('',#4195);
#4195 = CARTESIAN_POINT('',(-5.,0.,445.));
#4196 = SURFACE_CURVE('',#4197,(#4202,#4213),.PCURVE_S1.);
#4197 = CIRCLE('',#4198,7.5);
#4198 = AXIS2_PLACEMENT_3D('',#4199,#4200,#4201);
#4199 = CARTESIAN_POINT('',(-12.5,0.,445.));
#4200 = DIRECTION('',(0.,0.,-1.));
#4201 = DIRECTION('',(1.,0.,0.));
#4202 = PCURVE('',#3282,#4203);
#4203 = DEFINITIONAL_REPRESENTATION('',(#4204),#4212);
#4204 = ( BOUNDED_CURVE() B_SPLINE_CURVE(2,(#4205,#4206,#4207,#4208,
#4209,#4210,#4211),.UNSPECIFIED.,.T.,.F.) B_SPLINE_CURVE_WITH_KNOTS((1,2
    ,2,2,2,1),(-2.094395102393,0.,2.094395102393,4.188790204786,
6.28318530718,8.377580409573),.UNSPECIFIED.) CURVE() 
GEOMETRIC_REPRESENTATION_ITEM() RATIONAL_B_SPLINE_CURVE((1.,0.5,1.,0.5,
1.,0.5,1.)) REPRESENTATION_ITEM('') );
#4205 = CARTESIAN_POINT('',(-5.,-3.209892110372E-15));
#4206 = CARTESIAN_POINT('',(-5.,-12.99038105676));
#4207 = CARTESIAN_POINT('',(-16.25,-6.495190528383));
#4208 = CARTESIAN_POINT('',(-27.5,-5.046862309093E-15));
#4209 = CARTESIAN_POINT('',(-16.25,6.495190528383));
#4210 = CARTESIAN_POINT('',(-5.,12.990381056767));
#4211 = CARTESIAN_POINT('',(-5.,-3.209892110372E-15));
#4212 = ( GEOMETRIC_REPRESENTATION_CONTEXT(2) 
PARAMETRIC_REPRESENTATION_CONTEXT() REPRESENTATION_CONTEXT('2D SPACE',''
  ) );
#4213 = PCURVE('',#4214,#4219);
#4214 = CYLINDRICAL_SURFACE('',#4215,7.5);
#4215 = AXIS2_PLACEMENT_3D('',#4216,#4217,#4218);
#4216 = CARTESIAN_POINT('',(-12.5,0.,55.));
#4217 = DIRECTION('',(-0.,-0.,-1.));
#4218 = DIRECTION('',(1.,0.,0.));
#4219 = DEFINITIONAL_REPRESENTATION('',(#4220),#4224);
#4220 = LINE('',#4221,#4222);
#4221 = CARTESIAN_POINT('',(-6.28318530718,-390.));
#4222 = VECTOR('',#4223,1.);
#4223 = DIRECTION('',(1.,-0.));
#4224 = ( GEOMETRIC_REPRESENTATION_CONTEXT(2) 
PARAMETRIC_REPRESENTATION_CONTEXT() REPRESENTATION_CONTEXT('2D SPACE',''
  ) );
#4225 = FACE_BOUND('',#4226,.F.);
#4226 = EDGE_LOOP('',(#4227));
#4227 = ORIENTED_EDGE('',*,*,#4228,.T.);
#4228 = EDGE_CURVE('',#4229,#4229,#4231,.T.);
#4229 = VERTEX_POINT('',#4230);
#4230 = CARTESIAN_POINT('',(-17.5,25.,445.));
#4231 = SURFACE_CURVE('',#4232,(#4237,#4248),.PCURVE_S1.);
#4232 = CIRCLE('',#4233,7.5);
#4233 = AXIS2_PLACEMENT_3D('',#4234,#4235,#4236);
#4234 = CARTESIAN_POINT('',(-25.,25.,445.));
#4235 = DIRECTION('',(0.,0.,-1.));
#4236 = DIRECTION('',(1.,0.,0.));
#4237 = PCURVE('',#3282,#4238);
#4238 = DEFINITIONAL_REPRESENTATION('',(#4239),#4247);
#4239 = ( BOUNDED_CURVE() B_SPLINE_CURVE(2,(#4240,#4241,#4242,#4243,
#4244,#4245,#4246),.UNSPECIFIED.,.T.,.F.) B_SPLINE_CURVE_WITH_KNOTS((1,2
    ,2,2,2,1),(-2.094395102393,0.,2.094395102393,4.188790204786,
6.28318530718,8.377580409573),.UNSPECIFIED.) CURVE() 
GEOMETRIC_REPRESENTATION_ITEM() RATIONAL_B_SPLINE_CURVE((1.,0.5,1.,0.5,
1.,0.5,1.)) REPRESENTATION_ITEM('') );
#4240 = CARTESIAN_POINT('',(-17.5,25.));
#4241 = CARTESIAN_POINT('',(-17.5,12.009618943233));
#4242 = CARTESIAN_POINT('',(-28.75,18.504809471617));
#4243 = CARTESIAN_POINT('',(-40.,25.));
#4244 = CARTESIAN_POINT('',(-28.75,31.495190528383));
#4245 = CARTESIAN_POINT('',(-17.5,37.990381056767));
#4246 = CARTESIAN_POINT('',(-17.5,25.));
#4247 = ( GEOMETRIC_REPRESENTATION_CONTEXT(2) 
PARAMETRIC_REPRESENTATION_CONTEXT() REPRESENTATION_CONTEXT('2D SPACE',''
  ) );
#4248 = PCURVE('',#4249,#4254);
#4249 = CYLINDRICAL_SURFACE('',#4250,7.5);
#4250 = AXIS2_PLACEMENT_3D('',#4251,#4252,#4253);
#4251 = CARTESIAN_POINT('',(-25.,25.,55.));
#4252 = DIRECTION('',(-0.,-0.,-1.));
#4253 = DIRECTION('',(1.,0.,0.));
#4254 = DEFINITIONAL_REPRESENTATION('',(#4255),#4259);
#4255 = LINE('',#4256,#4257);
#4256 = CARTESIAN_POINT('',(-6.28318530718,-390.));
#4257 = VECTOR('',#4258,1.);
#4258 = DIRECTION('',(1.,-0.));
#4259 = ( GEOMETRIC_REPRESENTATION_CONTEXT(2) 
PARAMETRIC_REPRESENTATION_CONTEXT() REPRESENTATION_CONTEXT('2D SPACE',''
  ) );
#4260 = FACE_BOUND('',#4261,.F.);
#4261 = EDGE_LOOP('',(#4262));
#4262 = ORIENTED_EDGE('',*,*,#4263,.T.);
#4263 = EDGE_CURVE('',#4264,#4264,#4266,.T.);
#4264 = VERTEX_POINT('',#4265);
#4265 = CARTESIAN_POINT('',(20.,0.,445.));
#4266 = SURFACE_CURVE('',#4267,(#4272,#4283),.PCURVE_S1.);
#4267 = CIRCLE('',#4268,7.5);
#4268 = AXIS2_PLACEMENT_3D('',#4269,#4270,#4271);
#4269 = CARTESIAN_POINT('',(12.5,0.,445.));
#4270 = DIRECTION('',(0.,0.,-1.));
#4271 = DIRECTION('',(1.,0.,0.));
#4272 = PCURVE('',#3282,#4273);
#4273 = DEFINITIONAL_REPRESENTATION('',(#4274),#4282);
#4274 = ( BOUNDED_CURVE() B_SPLINE_CURVE(2,(#4275,#4276,#4277,#4278,
#4279,#4280,#4281),.UNSPECIFIED.,.T.,.F.) B_SPLINE_CURVE_WITH_KNOTS((1,2
    ,2,2,2,1),(-2.094395102393,0.,2.094395102393,4.188790204786,
6.28318530718,8.377580409573),.UNSPECIFIED.) CURVE() 
GEOMETRIC_REPRESENTATION_ITEM() RATIONAL_B_SPLINE_CURVE((1.,0.5,1.,0.5,
1.,0.5,1.)) REPRESENTATION_ITEM('') );
#4275 = CARTESIAN_POINT('',(20.,-3.209892110372E-15));
#4276 = CARTESIAN_POINT('',(20.,-12.99038105676));
#4277 = CARTESIAN_POINT('',(8.75,-6.495190528383));
#4278 = CARTESIAN_POINT('',(-2.5,-5.046862309093E-15));
#4279 = CARTESIAN_POINT('',(8.75,6.495190528383));
#4280 = CARTESIAN_POINT('',(20.,12.990381056767));
#4281 = CARTESIAN_POINT('',(20.,-3.209892110372E-15));
#4282 = ( GEOMETRIC_REPRESENTATION_CONTEXT(2) 
PARAMETRIC_REPRESENTATION_CONTEXT() REPRESENTATION_CONTEXT('2D SPACE',''
  ) );
#4283 = PCURVE('',#4284,#4289);
#4284 = CYLINDRICAL_SURFACE('',#4285,7.5);
#4285 = AXIS2_PLACEMENT_3D('',#4286,#4287,#4288);
#4286 = CARTESIAN_POINT('',(12.5,0.,55.));
#4287 = DIRECTION('',(-0.,-0.,-1.));
#4288 = DIRECTION('',(1.,0.,0.));
#4289 = DEFINITIONAL_REPRESENTATION('',(#4290),#4294);
#4290 = LINE('',#4291,#4292);
#4291 = CARTESIAN_POINT('',(-6.28318530718,-390.));
#4292 = VECTOR('',#4293,1.);
#4293 = DIRECTION('',(1.,-0.));
#4294 = ( GEOMETRIC_REPRESENTATION_CONTEXT(2) 
PARAMETRIC_REPRESENTATION_CONTEXT() REPRESENTATION_CONTEXT('2D SPACE',''
  ) );
#4295 = FACE_BOUND('',#4296,.F.);
#4296 = EDGE_LOOP('',(#4297));
#4297 = ORIENTED_EDGE('',*,*,#4298,.T.);
#4298 = EDGE_CURVE('',#4299,#4299,#4301,.T.);
#4299 = VERTEX_POINT('',#4300);
#4300 = CARTESIAN_POINT('',(45.,0.,445.));
#4301 = SURFACE_CURVE('',#4302,(#4307,#4318),.PCURVE_S1.);
#4302 = CIRCLE('',#4303,7.5);
#4303 = AXIS2_PLACEMENT_3D('',#4304,#4305,#4306);
#4304 = CARTESIAN_POINT('',(37.5,0.,445.));
#4305 = DIRECTION('',(0.,0.,-1.));
#4306 = DIRECTION('',(1.,0.,0.));
#4307 = PCURVE('',#3282,#4308);
#4308 = DEFINITIONAL_REPRESENTATION('',(#4309),#4317);
#4309 = ( BOUNDED_CURVE() B_SPLINE_CURVE(2,(#4310,#4311,#4312,#4313,
#4314,#4315,#4316),.UNSPECIFIED.,.T.,.F.) B_SPLINE_CURVE_WITH_KNOTS((1,2
    ,2,2,2,1),(-2.094395102393,0.,2.094395102393,4.188790204786,
6.28318530718,8.377580409573),.UNSPECIFIED.) CURVE() 
GEOMETRIC_REPRESENTATION_ITEM() RATIONAL_B_SPLINE_CURVE((1.,0.5,1.,0.5,
1.,0.5,1.)) REPRESENTATION_ITEM('') );
#4310 = CARTESIAN_POINT('',(45.,-3.209892110372E-15));
#4311 = CARTESIAN_POINT('',(45.,-12.99038105676));
#4312 = CARTESIAN_POINT('',(33.75,-6.495190528383));
#4313 = CARTESIAN_POINT('',(22.5,-5.046862309093E-15));
#4314 = CARTESIAN_POINT('',(33.75,6.495190528383));
#4315 = CARTESIAN_POINT('',(45.,12.990381056767));
#4316 = CARTESIAN_POINT('',(45.,-3.209892110372E-15));
#4317 = ( GEOMETRIC_REPRESENTATION_CONTEXT(2) 
PARAMETRIC_REPRESENTATION_CONTEXT() REPRESENTATION_CONTEXT('2D SPACE',''
  ) );
#4318 = PCURVE('',#4319,#4324);
#4319 = CYLINDRICAL_SURFACE('',#4320,7.5);
#4320 = AXIS2_PLACEMENT_3D('',#4321,#4322,#4323);
#4321 = CARTESIAN_POINT('',(37.5,0.,55.));
#4322 = DIRECTION('',(-0.,-0.,-1.));
#4323 = DIRECTION('',(1.,0.,0.));
#4324 = DEFINITIONAL_REPRESENTATION('',(#4325),#4329);
#4325 = LINE('',#4326,#4327);
#4326 = CARTESIAN_POINT('',(-6.28318530718,-390.));
#4327 = VECTOR('',#4328,1.);
#4328 = DIRECTION('',(1.,-0.));
#4329 = ( GEOMETRIC_REPRESENTATION_CONTEXT(2) 
PARAMETRIC_REPRESENTATION_CONTEXT() REPRESENTATION_CONTEXT('2D SPACE',''
  ) );
#4330 = FACE_BOUND('',#4331,.F.);
#4331 = EDGE_LOOP('',(#4332));
#4332 = ORIENTED_EDGE('',*,*,#4333,.T.);
#4333 = EDGE_CURVE('',#4334,#4334,#4336,.T.);
#4334 = VERTEX_POINT('',#4335);
#4335 = CARTESIAN_POINT('',(7.5,25.,445.));
#4336 = SURFACE_CURVE('',#4337,(#4342,#4353),.PCURVE_S1.);
#4337 = CIRCLE('',#4338,7.5);
#4338 = AXIS2_PLACEMENT_3D('',#4339,#4340,#4341);
#4339 = CARTESIAN_POINT('',(0.,25.,445.));
#4340 = DIRECTION('',(0.,0.,-1.));
#4341 = DIRECTION('',(1.,0.,0.));
#4342 = PCURVE('',#3282,#4343);
#4343 = DEFINITIONAL_REPRESENTATION('',(#4344),#4352);
#4344 = ( BOUNDED_CURVE() B_SPLINE_CURVE(2,(#4345,#4346,#4347,#4348,
#4349,#4350,#4351),.UNSPECIFIED.,.T.,.F.) B_SPLINE_CURVE_WITH_KNOTS((1,2
    ,2,2,2,1),(-2.094395102393,0.,2.094395102393,4.188790204786,
6.28318530718,8.377580409573),.UNSPECIFIED.) CURVE() 
GEOMETRIC_REPRESENTATION_ITEM() RATIONAL_B_SPLINE_CURVE((1.,0.5,1.,0.5,
1.,0.5,1.)) REPRESENTATION_ITEM('') );
#4345 = CARTESIAN_POINT('',(7.5,25.));
#4346 = CARTESIAN_POINT('',(7.5,12.009618943233));
#4347 = CARTESIAN_POINT('',(-3.75,18.504809471617));
#4348 = CARTESIAN_POINT('',(-15.,25.));
#4349 = CARTESIAN_POINT('',(-3.75,31.495190528383));
#4350 = CARTESIAN_POINT('',(7.5,37.990381056767));
#4351 = CARTESIAN_POINT('',(7.5,25.));
#4352 = ( GEOMETRIC_REPRESENTATION_CONTEXT(2) 
PARAMETRIC_REPRESENTATION_CONTEXT() REPRESENTATION_CONTEXT('2D SPACE',''
  ) );
#4353 = PCURVE('',#4354,#4359);
#4354 = CYLINDRICAL_SURFACE('',#4355,7.5);
#4355 = AXIS2_PLACEMENT_3D('',#4356,#4357,#4358);
#4356 = CARTESIAN_POINT('',(0.,25.,55.));
#4357 = DIRECTION('',(-0.,-0.,-1.));
#4358 = DIRECTION('',(1.,0.,0.));
#4359 = DEFINITIONAL_REPRESENTATION('',(#4360),#4364);
#4360 = LINE('',#4361,#4362);
#4361 = CARTESIAN_POINT('',(-6.28318530718,-390.));
#4362 = VECTOR('',#4363,1.);
#4363 = DIRECTION('',(1.,-0.));
#4364 = ( GEOMETRIC_REPRESENTATION_CONTEXT(2) 
PARAMETRIC_REPRESENTATION_CONTEXT() REPRESENTATION_CONTEXT('2D SPACE',''
  ) );
#4365 = FACE_BOUND('',#4366,.F.);
#4366 = EDGE_LOOP('',(#4367));
#4367 = ORIENTED_EDGE('',*,*,#4368,.T.);
#4368 = EDGE_CURVE('',#4369,#4369,#4371,.T.);
#4369 = VERTEX_POINT('',#4370);
#4370 = CARTESIAN_POINT('',(32.5,25.,445.));
#4371 = SURFACE_CURVE('',#4372,(#4377,#4388),.PCURVE_S1.);
#4372 = CIRCLE('',#4373,7.5);
#4373 = AXIS2_PLACEMENT_3D('',#4374,#4375,#4376);
#4374 = CARTESIAN_POINT('',(25.,25.,445.));
#4375 = DIRECTION('',(0.,0.,-1.));
#4376 = DIRECTION('',(1.,0.,0.));
#4377 = PCURVE('',#3282,#4378);
#4378 = DEFINITIONAL_REPRESENTATION('',(#4379),#4387);
#4379 = ( BOUNDED_CURVE() B_SPLINE_CURVE(2,(#4380,#4381,#4382,#4383,
#4384,#4385,#4386),.UNSPECIFIED.,.T.,.F.) B_SPLINE_CURVE_WITH_KNOTS((1,2
    ,2,2,2,1),(-2.094395102393,0.,2.094395102393,4.188790204786,
6.28318530718,8.377580409573),.UNSPECIFIED.) CURVE() 
GEOMETRIC_REPRESENTATION_ITEM() RATIONAL_B_SPLINE_CURVE((1.,0.5,1.,0.5,
1.,0.5,1.)) REPRESENTATION_ITEM('') );
#4380 = CARTESIAN_POINT('',(32.5,25.));
#4381 = CARTESIAN_POINT('',(32.5,12.009618943233));
#4382 = CARTESIAN_POINT('',(21.25,18.504809471617));
#4383 = CARTESIAN_POINT('',(10.,25.));
#4384 = CARTESIAN_POINT('',(21.25,31.495190528383));
#4385 = CARTESIAN_POINT('',(32.5,37.990381056767));
#4386 = CARTESIAN_POINT('',(32.5,25.));
#4387 = ( GEOMETRIC_REPRESENTATION_CONTEXT(2) 
PARAMETRIC_REPRESENTATION_CONTEXT() REPRESENTATION_CONTEXT('2D SPACE',''
  ) );
#4388 = PCURVE('',#4389,#4394);
#4389 = CYLINDRICAL_SURFACE('',#4390,7.5);
#4390 = AXIS2_PLACEMENT_3D('',#4391,#4392,#4393);
#4391 = CARTESIAN_POINT('',(25.,25.,55.));
#4392 = DIRECTION('',(-0.,-0.,-1.));
#4393 = DIRECTION('',(1.,0.,0.));
#4394 = DEFINITIONAL_REPRESENTATION('',(#4395),#4399);
#4395 = LINE('',#4396,#4397);
#4396 = CARTESIAN_POINT('',(-6.28318530718,-390.));
#4397 = VECTOR('',#4398,1.);
#4398 = DIRECTION('',(1.,-0.));
#4399 = ( GEOMETRIC_REPRESENTATION_CONTEXT(2) 
PARAMETRIC_REPRESENTATION_CONTEXT() REPRESENTATION_CONTEXT('2D SPACE',''
  ) );
#4400 = ADVANCED_FACE('',(#4401,#4411,#4446,#4481,#4516,#4551,#4586,
    #4621),#3337,.T.);
#4401 = FACE_BOUND('',#4402,.T.);
#4402 = EDGE_LOOP('',(#4403,#4404,#4405,#4406,#4407,#4408,#4409,#4410));
#4403 = ORIENTED_EDGE('',*,*,#3905,.F.);
#4404 = ORIENTED_EDGE('',*,*,#3878,.T.);
#4405 = ORIENTED_EDGE('',*,*,#3822,.T.);
#4406 = ORIENTED_EDGE('',*,*,#3703,.T.);
#4407 = ORIENTED_EDGE('',*,*,#3647,.T.);
#4408 = ORIENTED_EDGE('',*,*,#3528,.T.);
#4409 = ORIENTED_EDGE('',*,*,#3472,.T.);
#4410 = ORIENTED_EDGE('',*,*,#3321,.T.);
#4411 = FACE_BOUND('',#4412,.T.);
#4412 = EDGE_LOOP('',(#4413));
#4413 = ORIENTED_EDGE('',*,*,#4414,.T.);
#4414 = EDGE_CURVE('',#4415,#4415,#4417,.T.);
#4415 = VERTEX_POINT('',#4416);
#4416 = CARTESIAN_POINT('',(-17.5,-25.,221.));
#4417 = SURFACE_CURVE('',#4418,(#4423,#4434),.PCURVE_S1.);
#4418 = CIRCLE('',#4419,7.5);
#4419 = AXIS2_PLACEMENT_3D('',#4420,#4421,#4422);
#4420 = CARTESIAN_POINT('',(-25.,-25.,221.));
#4421 = DIRECTION('',(0.,0.,-1.));
#4422 = DIRECTION('',(1.,0.,0.));
#4423 = PCURVE('',#3337,#4424);
#4424 = DEFINITIONAL_REPRESENTATION('',(#4425),#4433);
#4425 = ( BOUNDED_CURVE() B_SPLINE_CURVE(2,(#4426,#4427,#4428,#4429,
#4430,#4431,#4432),.UNSPECIFIED.,.T.,.F.) B_SPLINE_CURVE_WITH_KNOTS((1,2
    ,2,2,2,1),(-2.094395102393,0.,2.094395102393,4.188790204786,
6.28318530718,8.377580409573),.UNSPECIFIED.) CURVE() 
GEOMETRIC_REPRESENTATION_ITEM() RATIONAL_B_SPLINE_CURVE((1.,0.5,1.,0.5,
1.,0.5,1.)) REPRESENTATION_ITEM('') );
#4426 = CARTESIAN_POINT('',(-17.5,-25.));
#4427 = CARTESIAN_POINT('',(-17.5,-37.99038105676));
#4428 = CARTESIAN_POINT('',(-28.75,-31.49519052838));
#4429 = CARTESIAN_POINT('',(-40.,-25.));
#4430 = CARTESIAN_POINT('',(-28.75,-18.50480947161));
#4431 = CARTESIAN_POINT('',(-17.5,-12.00961894323));
#4432 = CARTESIAN_POINT('',(-17.5,-25.));
#4433 = ( GEOMETRIC_REPRESENTATION_CONTEXT(2) 
PARAMETRIC_REPRESENTATION_CONTEXT() REPRESENTATION_CONTEXT('2D SPACE',''
  ) );
#4434 = PCURVE('',#4435,#4440);
#4435 = CYLINDRICAL_SURFACE('',#4436,7.5);
#4436 = AXIS2_PLACEMENT_3D('',#4437,#4438,#4439);
#4437 = CARTESIAN_POINT('',(-25.,-25.,55.));
#4438 = DIRECTION('',(-0.,-0.,-1.));
#4439 = DIRECTION('',(1.,0.,0.));
#4440 = DEFINITIONAL_REPRESENTATION('',(#4441),#4445);
#4441 = LINE('',#4442,#4443);
#4442 = CARTESIAN_POINT('',(-6.28318530718,-166.));
#4443 = VECTOR('',#4444,1.);
#4444 = DIRECTION('',(1.,-0.));
#4445 = ( GEOMETRIC_REPRESENTATION_CONTEXT(2) 
PARAMETRIC_REPRESENTATION_CONTEXT() REPRESENTATION_CONTEXT('2D SPACE',''
  ) );
#4446 = FACE_BOUND('',#4447,.T.);
#4447 = EDGE_LOOP('',(#4448));
#4448 = ORIENTED_EDGE('',*,*,#4449,.T.);
#4449 = EDGE_CURVE('',#4450,#4450,#4452,.T.);
#4450 = VERTEX_POINT('',#4451);
#4451 = CARTESIAN_POINT('',(7.5,-25.,221.));
#4452 = SURFACE_CURVE('',#4453,(#4458,#4469),.PCURVE_S1.);
#4453 = CIRCLE('',#4454,7.5);
#4454 = AXIS2_PLACEMENT_3D('',#4455,#4456,#4457);
#4455 = CARTESIAN_POINT('',(0.,-25.,221.));
#4456 = DIRECTION('',(0.,0.,-1.));
#4457 = DIRECTION('',(1.,0.,0.));
#4458 = PCURVE('',#3337,#4459);
#4459 = DEFINITIONAL_REPRESENTATION('',(#4460),#4468);
#4460 = ( BOUNDED_CURVE() B_SPLINE_CURVE(2,(#4461,#4462,#4463,#4464,
#4465,#4466,#4467),.UNSPECIFIED.,.T.,.F.) B_SPLINE_CURVE_WITH_KNOTS((1,2
    ,2,2,2,1),(-2.094395102393,0.,2.094395102393,4.188790204786,
6.28318530718,8.377580409573),.UNSPECIFIED.) CURVE() 
GEOMETRIC_REPRESENTATION_ITEM() RATIONAL_B_SPLINE_CURVE((1.,0.5,1.,0.5,
1.,0.5,1.)) REPRESENTATION_ITEM('') );
#4461 = CARTESIAN_POINT('',(7.5,-25.));
#4462 = CARTESIAN_POINT('',(7.5,-37.99038105676));
#4463 = CARTESIAN_POINT('',(-3.75,-31.49519052838));
#4464 = CARTESIAN_POINT('',(-15.,-25.));
#4465 = CARTESIAN_POINT('',(-3.75,-18.50480947161));
#4466 = CARTESIAN_POINT('',(7.5,-12.00961894323));
#4467 = CARTESIAN_POINT('',(7.5,-25.));
#4468 = ( GEOMETRIC_REPRESENTATION_CONTEXT(2) 
PARAMETRIC_REPRESENTATION_CONTEXT() REPRESENTATION_CONTEXT('2D SPACE',''
  ) );
#4469 = PCURVE('',#4470,#4475);
#4470 = CYLINDRICAL_SURFACE('',#4471,7.5);
#4471 = AXIS2_PLACEMENT_3D('',#4472,#4473,#4474);
#4472 = CARTESIAN_POINT('',(0.,-25.,55.));
#4473 = DIRECTION('',(-0.,-0.,-1.));
#4474 = DIRECTION('',(1.,0.,0.));
#4475 = DEFINITIONAL_REPRESENTATION('',(#4476),#4480);
#4476 = LINE('',#4477,#4478);
#4477 = CARTESIAN_POINT('',(-6.28318530718,-166.));
#4478 = VECTOR('',#4479,1.);
#4479 = DIRECTION('',(1.,-0.));
#4480 = ( GEOMETRIC_REPRESENTATION_CONTEXT(2) 
PARAMETRIC_REPRESENTATION_CONTEXT() REPRESENTATION_CONTEXT('2D SPACE',''
  ) );
#4481 = FACE_BOUND('',#4482,.T.);
#4482 = EDGE_LOOP('',(#4483));
#4483 = ORIENTED_EDGE('',*,*,#4484,.T.);
#4484 = EDGE_CURVE('',#4485,#4485,#4487,.T.);
#4485 = VERTEX_POINT('',#4486);
#4486 = CARTESIAN_POINT('',(32.5,-25.,221.));
#4487 = SURFACE_CURVE('',#4488,(#4493,#4504),.PCURVE_S1.);
#4488 = CIRCLE('',#4489,7.5);
#4489 = AXIS2_PLACEMENT_3D('',#4490,#4491,#4492);
#4490 = CARTESIAN_POINT('',(25.,-25.,221.));
#4491 = DIRECTION('',(0.,0.,-1.));
#4492 = DIRECTION('',(1.,0.,0.));
#4493 = PCURVE('',#3337,#4494);
#4494 = DEFINITIONAL_REPRESENTATION('',(#4495),#4503);
#4495 = ( BOUNDED_CURVE() B_SPLINE_CURVE(2,(#4496,#4497,#4498,#4499,
#4500,#4501,#4502),.UNSPECIFIED.,.T.,.F.) B_SPLINE_CURVE_WITH_KNOTS((1,2
    ,2,2,2,1),(-2.094395102393,0.,2.094395102393,4.188790204786,
6.28318530718,8.377580409573),.UNSPECIFIED.) CURVE() 
GEOMETRIC_REPRESENTATION_ITEM() RATIONAL_B_SPLINE_CURVE((1.,0.5,1.,0.5,
1.,0.5,1.)) REPRESENTATION_ITEM('') );
#4496 = CARTESIAN_POINT('',(32.5,-25.));
#4497 = CARTESIAN_POINT('',(32.5,-37.99038105676));
#4498 = CARTESIAN_POINT('',(21.25,-31.49519052838));
#4499 = CARTESIAN_POINT('',(10.,-25.));
#4500 = CARTESIAN_POINT('',(21.25,-18.50480947161));
#4501 = CARTESIAN_POINT('',(32.5,-12.00961894323));
#4502 = CARTESIAN_POINT('',(32.5,-25.));
#4503 = ( GEOMETRIC_REPRESENTATION_CONTEXT(2) 
PARAMETRIC_REPRESENTATION_CONTEXT() REPRESENTATION_CONTEXT('2D SPACE',''
  ) );
#4504 = PCURVE('',#4505,#4510);
#4505 = CYLINDRICAL_SURFACE('',#4506,7.5);
#4506 = AXIS2_PLACEMENT_3D('',#4507,#4508,#4509);
#4507 = CARTESIAN_POINT('',(25.,-25.,55.));
#4508 = DIRECTION('',(-0.,-0.,-1.));
#4509 = DIRECTION('',(1.,0.,0.));
#4510 = DEFINITIONAL_REPRESENTATION('',(#4511),#4515);
#4511 = LINE('',#4512,#4513);
#4512 = CARTESIAN_POINT('',(-6.28318530718,-166.));
#4513 = VECTOR('',#4514,1.);
#4514 = DIRECTION('',(1.,-0.));
#4515 = ( GEOMETRIC_REPRESENTATION_CONTEXT(2) 
PARAMETRIC_REPRESENTATION_CONTEXT() REPRESENTATION_CONTEXT('2D SPACE',''
  ) );
#4516 = FACE_BOUND('',#4517,.T.);
#4517 = EDGE_LOOP('',(#4518));
#4518 = ORIENTED_EDGE('',*,*,#4519,.T.);
#4519 = EDGE_CURVE('',#4520,#4520,#4522,.T.);
#4520 = VERTEX_POINT('',#4521);
#4521 = CARTESIAN_POINT('',(-30.,0.,221.));
#4522 = SURFACE_CURVE('',#4523,(#4528,#4539),.PCURVE_S1.);
#4523 = CIRCLE('',#4524,7.5);
#4524 = AXIS2_PLACEMENT_3D('',#4525,#4526,#4527);
#4525 = CARTESIAN_POINT('',(-37.5,0.,221.));
#4526 = DIRECTION('',(0.,0.,-1.));
#4527 = DIRECTION('',(1.,0.,0.));
#4528 = PCURVE('',#3337,#4529);
#4529 = DEFINITIONAL_REPRESENTATION('',(#4530),#4538);
#4530 = ( BOUNDED_CURVE() B_SPLINE_CURVE(2,(#4531,#4532,#4533,#4534,
#4535,#4536,#4537),.UNSPECIFIED.,.T.,.F.) B_SPLINE_CURVE_WITH_KNOTS((1,2
    ,2,2,2,1),(-2.094395102393,0.,2.094395102393,4.188790204786,
6.28318530718,8.377580409573),.UNSPECIFIED.) CURVE() 
GEOMETRIC_REPRESENTATION_ITEM() RATIONAL_B_SPLINE_CURVE((1.,0.5,1.,0.5,
1.,0.5,1.)) REPRESENTATION_ITEM('') );
#4531 = CARTESIAN_POINT('',(-30.,-3.209892110372E-15));
#4532 = CARTESIAN_POINT('',(-30.,-12.99038105676));
#4533 = CARTESIAN_POINT('',(-41.25,-6.495190528383));
#4534 = CARTESIAN_POINT('',(-52.5,-5.046862309093E-15));
#4535 = CARTESIAN_POINT('',(-41.25,6.495190528383));
#4536 = CARTESIAN_POINT('',(-30.,12.990381056767));
#4537 = CARTESIAN_POINT('',(-30.,-3.209892110372E-15));
#4538 = ( GEOMETRIC_REPRESENTATION_CONTEXT(2) 
PARAMETRIC_REPRESENTATION_CONTEXT() REPRESENTATION_CONTEXT('2D SPACE',''
  ) );
#4539 = PCURVE('',#4540,#4545);
#4540 = CYLINDRICAL_SURFACE('',#4541,7.5);
#4541 = AXIS2_PLACEMENT_3D('',#4542,#4543,#4544);
#4542 = CARTESIAN_POINT('',(-37.5,0.,55.));
#4543 = DIRECTION('',(-0.,-0.,-1.));
#4544 = DIRECTION('',(1.,0.,0.));
#4545 = DEFINITIONAL_REPRESENTATION('',(#4546),#4550);
#4546 = LINE('',#4547,#4548);
#4547 = CARTESIAN_POINT('',(-6.28318530718,-166.));
#4548 = VECTOR('',#4549,1.);
#4549 = DIRECTION('',(1.,-0.));
#4550 = ( GEOMETRIC_REPRESENTATION_CONTEXT(2) 
PARAMETRIC_REPRESENTATION_CONTEXT() REPRESENTATION_CONTEXT('2D SPACE',''
  ) );
#4551 = FACE_BOUND('',#4552,.T.);
#4552 = EDGE_LOOP('',(#4553));
#4553 = ORIENTED_EDGE('',*,*,#4554,.T.);
#4554 = EDGE_CURVE('',#4555,#4555,#4557,.T.);
#4555 = VERTEX_POINT('',#4556);
#4556 = CARTESIAN_POINT('',(-5.,0.,221.));
#4557 = SURFACE_CURVE('',#4558,(#4563,#4574),.PCURVE_S1.);
#4558 = CIRCLE('',#4559,7.5);
#4559 = AXIS2_PLACEMENT_3D('',#4560,#4561,#4562);
#4560 = CARTESIAN_POINT('',(-12.5,0.,221.));
#4561 = DIRECTION('',(0.,0.,-1.));
#4562 = DIRECTION('',(1.,0.,0.));
#4563 = PCURVE('',#3337,#4564);
#4564 = DEFINITIONAL_REPRESENTATION('',(#4565),#4573);
#4565 = ( BOUNDED_CURVE() B_SPLINE_CURVE(2,(#4566,#4567,#4568,#4569,
#4570,#4571,#4572),.UNSPECIFIED.,.T.,.F.) B_SPLINE_CURVE_WITH_KNOTS((1,2
    ,2,2,2,1),(-2.094395102393,0.,2.094395102393,4.188790204786,
6.28318530718,8.377580409573),.UNSPECIFIED.) CURVE() 
GEOMETRIC_REPRESENTATION_ITEM() RATIONAL_B_SPLINE_CURVE((1.,0.5,1.,0.5,
1.,0.5,1.)) REPRESENTATION_ITEM('') );
#4566 = CARTESIAN_POINT('',(-5.,-3.209892110372E-15));
#4567 = CARTESIAN_POINT('',(-5.,-12.99038105676));
#4568 = CARTESIAN_POINT('',(-16.25,-6.495190528383));
#4569 = CARTESIAN_POINT('',(-27.5,-5.046862309093E-15));
#4570 = CARTESIAN_POINT('',(-16.25,6.495190528383));
#4571 = CARTESIAN_POINT('',(-5.,12.990381056767));
#4572 = CARTESIAN_POINT('',(-5.,-3.209892110372E-15));
#4573 = ( GEOMETRIC_REPRESENTATION_CONTEXT(2) 
PARAMETRIC_REPRESENTATION_CONTEXT() REPRESENTATION_CONTEXT('2D SPACE',''
  ) );
#4574 = PCURVE('',#4575,#4580);
#4575 = CYLINDRICAL_SURFACE('',#4576,7.5);
#4576 = AXIS2_PLACEMENT_3D('',#4577,#4578,#4579);
#4577 = CARTESIAN_POINT('',(-12.5,0.,55.));
#4578 = DIRECTION('',(-0.,-0.,-1.));
#4579 = DIRECTION('',(1.,0.,0.));
#4580 = DEFINITIONAL_REPRESENTATION('',(#4581),#4585);
#4581 = LINE('',#4582,#4583);
#4582 = CARTESIAN_POINT('',(-6.28318530718,-166.));
#4583 = VECTOR('',#4584,1.);
#4584 = DIRECTION('',(1.,-0.));
#4585 = ( GEOMETRIC_REPRESENTATION_CONTEXT(2) 
PARAMETRIC_REPRESENTATION_CONTEXT() REPRESENTATION_CONTEXT('2D SPACE',''
  ) );
#4586 = FACE_BOUND('',#4587,.T.);
#4587 = EDGE_LOOP('',(#4588));
#4588 = ORIENTED_EDGE('',*,*,#4589,.T.);
#4589 = EDGE_CURVE('',#4590,#4590,#4592,.T.);
#4590 = VERTEX_POINT('',#4591);
#4591 = CARTESIAN_POINT('',(20.,0.,221.));
#4592 = SURFACE_CURVE('',#4593,(#4598,#4609),.PCURVE_S1.);
#4593 = CIRCLE('',#4594,7.5);
#4594 = AXIS2_PLACEMENT_3D('',#4595,#4596,#4597);
#4595 = CARTESIAN_POINT('',(12.5,0.,221.));
#4596 = DIRECTION('',(0.,0.,-1.));
#4597 = DIRECTION('',(1.,0.,0.));
#4598 = PCURVE('',#3337,#4599);
#4599 = DEFINITIONAL_REPRESENTATION('',(#4600),#4608);
#4600 = ( BOUNDED_CURVE() B_SPLINE_CURVE(2,(#4601,#4602,#4603,#4604,
#4605,#4606,#4607),.UNSPECIFIED.,.T.,.F.) B_SPLINE_CURVE_WITH_KNOTS((1,2
    ,2,2,2,1),(-2.094395102393,0.,2.094395102393,4.188790204786,
6.28318530718,8.377580409573),.UNSPECIFIED.) CURVE() 
GEOMETRIC_REPRESENTATION_ITEM() RATIONAL_B_SPLINE_CURVE((1.,0.5,1.,0.5,
1.,0.5,1.)) REPRESENTATION_ITEM('') );
#4601 = CARTESIAN_POINT('',(20.,-3.209892110372E-15));
#4602 = CARTESIAN_POINT('',(20.,-12.99038105676));
#4603 = CARTESIAN_POINT('',(8.75,-6.495190528383));
#4604 = CARTESIAN_POINT('',(-2.5,-5.046862309093E-15));
#4605 = CARTESIAN_POINT('',(8.75,6.495190528383));
#4606 = CARTESIAN_POINT('',(20.,12.990381056767));
#4607 = CARTESIAN_POINT('',(20.,-3.209892110372E-15));
#4608 = ( GEOMETRIC_REPRESENTATION_CONTEXT(2) 
PARAMETRIC_REPRESENTATION_CONTEXT() REPRESENTATION_CONTEXT('2D SPACE',''
  ) );
#4609 = PCURVE('',#4610,#4615);
#4610 = CYLINDRICAL_SURFACE('',#4611,7.5);
#4611 = AXIS2_PLACEMENT_3D('',#4612,#4613,#4614);
#4612 = CARTESIAN_POINT('',(12.5,0.,55.));
#4613 = DIRECTION('',(-0.,-0.,-1.));
#4614 = DIRECTION('',(1.,0.,0.));
#4615 = DEFINITIONAL_REPRESENTATION('',(#4616),#4620);
#4616 = LINE('',#4617,#4618);
#4617 = CARTESIAN_POINT('',(-6.28318530718,-166.));
#4618 = VECTOR('',#4619,1.);
#4619 = DIRECTION('',(1.,-0.));
#4620 = ( GEOMETRIC_REPRESENTATION_CONTEXT(2) 
PARAMETRIC_REPRESENTATION_CONTEXT() REPRESENTATION_CONTEXT('2D SPACE',''
  ) );
#4621 = FACE_BOUND('',#4622,.T.);
#4622 = EDGE_LOOP('',(#4623));
#4623 = ORIENTED_EDGE('',*,*,#4624,.T.);
#4624 = EDGE_CURVE('',#4625,#4625,#4627,.T.);
#4625 = VERTEX_POINT('',#4626);
#4626 = CARTESIAN_POINT('',(45.,0.,221.));
#4627 = SURFACE_CURVE('',#4628,(#4633,#4644),.PCURVE_S1.);
#4628 = CIRCLE('',#4629,7.5);
#4629 = AXIS2_PLACEMENT_3D('',#4630,#4631,#4632);
#4630 = CARTESIAN_POINT('',(37.5,0.,221.));
#4631 = DIRECTION('',(0.,0.,-1.));
#4632 = DIRECTION('',(1.,0.,0.));
#4633 = PCURVE('',#3337,#4634);
#4634 = DEFINITIONAL_REPRESENTATION('',(#4635),#4643);
#4635 = ( BOUNDED_CURVE() B_SPLINE_CURVE(2,(#4636,#4637,#4638,#4639,
#4640,#4641,#4642),.UNSPECIFIED.,.T.,.F.) B_SPLINE_CURVE_WITH_KNOTS((1,2
    ,2,2,2,1),(-2.094395102393,0.,2.094395102393,4.188790204786,
6.28318530718,8.377580409573),.UNSPECIFIED.) CURVE() 
GEOMETRIC_REPRESENTATION_ITEM() RATIONAL_B_SPLINE_CURVE((1.,0.5,1.,0.5,
1.,0.5,1.)) REPRESENTATION_ITEM('') );
#4636 = CARTESIAN_POINT('',(45.,-3.209892110372E-15));
#4637 = CARTESIAN_POINT('',(45.,-12.99038105676));
#4638 = CARTESIAN_POINT('',(33.75,-6.495190528383));
#4639 = CARTESIAN_POINT('',(22.5,-5.046862309093E-15));
#4640 = CARTESIAN_POINT('',(33.75,6.495190528383));
#4641 = CARTESIAN_POINT('',(45.,12.990381056767));
#4642 = CARTESIAN_POINT('',(45.,-3.209892110372E-15));
#4643 = ( GEOMETRIC_REPRESENTATION_CONTEXT(2) 
PARAMETRIC_REPRESENTATION_CONTEXT() REPRESENTATION_CONTEXT('2D SPACE',''
  ) );
#4644 = PCURVE('',#4645,#4650);
#4645 = CYLINDRICAL_SURFACE('',#4646,7.5);
#4646 = AXIS2_PLACEMENT_3D('',#4647,#4648,#4649);
#4647 = CARTESIAN_POINT('',(37.5,0.,55.));
#4648 = DIRECTION('',(-0.,-0.,-1.));
#4649 = DIRECTION('',(1.,0.,0.));
#4650 = DEFINITIONAL_REPRESENTATION('',(#4651),#4655);
#4651 = LINE('',#4652,#4653);
#4652 = CARTESIAN_POINT('',(-6.28318530718,-166.));
#4653 = VECTOR('',#4654,1.);
#4654 = DIRECTION('',(1.,-0.));
#4655 = ( GEOMETRIC_REPRESENTATION_CONTEXT(2) 
PARAMETRIC_REPRESENTATION_CONTEXT() REPRESENTATION_CONTEXT('2D SPACE',''
  ) );
#4656 = ADVANCED_FACE('',(#4657,#4884,#4914,#4944,#4974,#5004,#5007,
    #5010),#3455,.F.);
#4657 = FACE_BOUND('',#4658,.F.);
#4658 = EDGE_LOOP('',(#4659,#4689,#4718,#4746,#4774,#4802,#4830,#4858));
#4659 = ORIENTED_EDGE('',*,*,#4660,.T.);
#4660 = EDGE_CURVE('',#4661,#4663,#4665,.T.);
#4661 = VERTEX_POINT('',#4662);
#4662 = CARTESIAN_POINT('',(32.5,-25.,289.));
#4663 = VERTEX_POINT('',#4664);
#4664 = CARTESIAN_POINT('',(43.301270189221,-25.,289.));
#4665 = SURFACE_CURVE('',#4666,(#4670,#4677),.PCURVE_S1.);
#4666 = LINE('',#4667,#4668);
#4667 = CARTESIAN_POINT('',(-50.,-25.,289.));
#4668 = VECTOR('',#4669,1.);
#4669 = DIRECTION('',(1.,0.,0.));
#4670 = PCURVE('',#3455,#4671);
#4671 = DEFINITIONAL_REPRESENTATION('',(#4672),#4676);
#4672 = LINE('',#4673,#4674);
#4673 = CARTESIAN_POINT('',(-50.,-25.));
#4674 = VECTOR('',#4675,1.);
#4675 = DIRECTION('',(1.,0.));
#4676 = ( GEOMETRIC_REPRESENTATION_CONTEXT(2) 
PARAMETRIC_REPRESENTATION_CONTEXT() REPRESENTATION_CONTEXT('2D SPACE',''
  ) );
#4677 = PCURVE('',#4678,#4683);
#4678 = PLANE('',#4679);
#4679 = AXIS2_PLACEMENT_3D('',#4680,#4681,#4682);
#4680 = CARTESIAN_POINT('',(-50.,-25.,289.));
#4681 = DIRECTION('',(0.,1.,0.));
#4682 = DIRECTION('',(1.,0.,0.));
#4683 = DEFINITIONAL_REPRESENTATION('',(#4684),#4688);
#4684 = LINE('',#4685,#4686);
#4685 = CARTESIAN_POINT('',(0.,0.));
#4686 = VECTOR('',#4687,1.);
#4687 = DIRECTION('',(1.,0.));
#4688 = ( GEOMETRIC_REPRESENTATION_CONTEXT(2) 
PARAMETRIC_REPRESENTATION_CONTEXT() REPRESENTATION_CONTEXT('2D SPACE',''
  ) );
#4689 = ORIENTED_EDGE('',*,*,#4690,.T.);
#4690 = EDGE_CURVE('',#4663,#4691,#4693,.T.);
#4691 = VERTEX_POINT('',#4692);
#4692 = CARTESIAN_POINT('',(-43.30127018922,-24.99999999999,289.));
#4693 = SURFACE_CURVE('',#4694,(#4699,#4706),.PCURVE_S1.);
#4694 = CIRCLE('',#4695,50.);
#4695 = AXIS2_PLACEMENT_3D('',#4696,#4697,#4698);
#4696 = CARTESIAN_POINT('',(0.,0.,289.));
#4697 = DIRECTION('',(0.,0.,1.));
#4698 = DIRECTION('',(0.866025403784,-0.5,0.));
#4699 = PCURVE('',#3455,#4700);
#4700 = DEFINITIONAL_REPRESENTATION('',(#4701),#4705);
#4701 = CIRCLE('',#4702,50.);
#4702 = AXIS2_PLACEMENT_2D('',#4703,#4704);
#4703 = CARTESIAN_POINT('',(1.75032336965E-15,-3.209892110372E-15));
#4704 = DIRECTION('',(0.866025403784,-0.5));
#4705 = ( GEOMETRIC_REPRESENTATION_CONTEXT(2) 
PARAMETRIC_REPRESENTATION_CONTEXT() REPRESENTATION_CONTEXT('2D SPACE',''
  ) );
#4706 = PCURVE('',#4707,#4712);
#4707 = CYLINDRICAL_SURFACE('',#4708,50.);
#4708 = AXIS2_PLACEMENT_3D('',#4709,#4710,#4711);
#4709 = CARTESIAN_POINT('',(0.,0.,289.));
#4710 = DIRECTION('',(-0.,-0.,-1.));
#4711 = DIRECTION('',(1.,0.,0.));
#4712 = DEFINITIONAL_REPRESENTATION('',(#4713),#4717);
#4713 = LINE('',#4714,#4715);
#4714 = CARTESIAN_POINT('',(-5.759586531581,0.));
#4715 = VECTOR('',#4716,1.);
#4716 = DIRECTION('',(-1.,0.));
#4717 = ( GEOMETRIC_REPRESENTATION_CONTEXT(2) 
PARAMETRIC_REPRESENTATION_CONTEXT() REPRESENTATION_CONTEXT('2D SPACE',''
  ) );
#4718 = ORIENTED_EDGE('',*,*,#4719,.T.);
#4719 = EDGE_CURVE('',#4691,#4720,#4722,.T.);
#4720 = VERTEX_POINT('',#4721);
#4721 = CARTESIAN_POINT('',(-32.5,-25.,289.));
#4722 = SURFACE_CURVE('',#4723,(#4727,#4734),.PCURVE_S1.);
#4723 = LINE('',#4724,#4725);
#4724 = CARTESIAN_POINT('',(-50.,-25.,289.));
#4725 = VECTOR('',#4726,1.);
#4726 = DIRECTION('',(1.,0.,0.));
#4727 = PCURVE('',#3455,#4728);
#4728 = DEFINITIONAL_REPRESENTATION('',(#4729),#4733);
#4729 = LINE('',#4730,#4731);
#4730 = CARTESIAN_POINT('',(-50.,-25.));
#4731 = VECTOR('',#4732,1.);
#4732 = DIRECTION('',(1.,0.));
#4733 = ( GEOMETRIC_REPRESENTATION_CONTEXT(2) 
PARAMETRIC_REPRESENTATION_CONTEXT() REPRESENTATION_CONTEXT('2D SPACE',''
  ) );
#4734 = PCURVE('',#4735,#4740);
#4735 = PLANE('',#4736);
#4736 = AXIS2_PLACEMENT_3D('',#4737,#4738,#4739);
#4737 = CARTESIAN_POINT('',(-50.,-25.,289.));
#4738 = DIRECTION('',(0.,1.,0.));
#4739 = DIRECTION('',(1.,0.,0.));
#4740 = DEFINITIONAL_REPRESENTATION('',(#4741),#4745);
#4741 = LINE('',#4742,#4743);
#4742 = CARTESIAN_POINT('',(0.,0.));
#4743 = VECTOR('',#4744,1.);
#4744 = DIRECTION('',(1.,0.));
#4745 = ( GEOMETRIC_REPRESENTATION_CONTEXT(2) 
PARAMETRIC_REPRESENTATION_CONTEXT() REPRESENTATION_CONTEXT('2D SPACE',''
  ) );
#4746 = ORIENTED_EDGE('',*,*,#4747,.T.);
#4747 = EDGE_CURVE('',#4720,#4748,#4750,.T.);
#4748 = VERTEX_POINT('',#4749);
#4749 = CARTESIAN_POINT('',(-17.5,-25.,289.));
#4750 = SURFACE_CURVE('',#4751,(#4756,#4767),.PCURVE_S1.);
#4751 = CIRCLE('',#4752,7.5);
#4752 = AXIS2_PLACEMENT_3D('',#4753,#4754,#4755);
#4753 = CARTESIAN_POINT('',(-25.,-25.,289.));
#4754 = DIRECTION('',(0.,0.,-1.));
#4755 = DIRECTION('',(1.,0.,0.));
#4756 = PCURVE('',#3455,#4757);
#4757 = DEFINITIONAL_REPRESENTATION('',(#4758),#4766);
#4758 = ( BOUNDED_CURVE() B_SPLINE_CURVE(2,(#4759,#4760,#4761,#4762,
#4763,#4764,#4765),.UNSPECIFIED.,.T.,.F.) B_SPLINE_CURVE_WITH_KNOTS((1,2
    ,2,2,2,1),(-2.094395102393,0.,2.094395102393,4.188790204786,
6.28318530718,8.377580409573),.UNSPECIFIED.) CURVE() 
GEOMETRIC_REPRESENTATION_ITEM() RATIONAL_B_SPLINE_CURVE((1.,0.5,1.,0.5,
1.,0.5,1.)) REPRESENTATION_ITEM('') );
#4759 = CARTESIAN_POINT('',(-17.5,-25.));
#4760 = CARTESIAN_POINT('',(-17.5,-37.99038105676));
#4761 = CARTESIAN_POINT('',(-28.75,-31.49519052838));
#4762 = CARTESIAN_POINT('',(-40.,-25.));
#4763 = CARTESIAN_POINT('',(-28.75,-18.50480947161));
#4764 = CARTESIAN_POINT('',(-17.5,-12.00961894323));
#4765 = CARTESIAN_POINT('',(-17.5,-25.));
#4766 = ( GEOMETRIC_REPRESENTATION_CONTEXT(2) 
PARAMETRIC_REPRESENTATION_CONTEXT() REPRESENTATION_CONTEXT('2D SPACE',''
  ) );
#4767 = PCURVE('',#4435,#4768);
#4768 = DEFINITIONAL_REPRESENTATION('',(#4769),#4773);
#4769 = LINE('',#4770,#4771);
#4770 = CARTESIAN_POINT('',(-6.28318530718,-234.));
#4771 = VECTOR('',#4772,1.);
#4772 = DIRECTION('',(1.,-0.));
#4773 = ( GEOMETRIC_REPRESENTATION_CONTEXT(2) 
PARAMETRIC_REPRESENTATION_CONTEXT() REPRESENTATION_CONTEXT('2D SPACE',''
  ) );
#4774 = ORIENTED_EDGE('',*,*,#4775,.T.);
#4775 = EDGE_CURVE('',#4748,#4776,#4778,.T.);
#4776 = VERTEX_POINT('',#4777);
#4777 = CARTESIAN_POINT('',(-7.5,-25.,289.));
#4778 = SURFACE_CURVE('',#4779,(#4783,#4790),.PCURVE_S1.);
#4779 = LINE('',#4780,#4781);
#4780 = CARTESIAN_POINT('',(-50.,-25.,289.));
#4781 = VECTOR('',#4782,1.);
#4782 = DIRECTION('',(1.,0.,0.));
#4783 = PCURVE('',#3455,#4784);
#4784 = DEFINITIONAL_REPRESENTATION('',(#4785),#4789);
#4785 = LINE('',#4786,#4787);
#4786 = CARTESIAN_POINT('',(-50.,-25.));
#4787 = VECTOR('',#4788,1.);
#4788 = DIRECTION('',(1.,0.));
#4789 = ( GEOMETRIC_REPRESENTATION_CONTEXT(2) 
PARAMETRIC_REPRESENTATION_CONTEXT() REPRESENTATION_CONTEXT('2D SPACE',''
  ) );
#4790 = PCURVE('',#4791,#4796);
#4791 = PLANE('',#4792);
#4792 = AXIS2_PLACEMENT_3D('',#4793,#4794,#4795);
#4793 = CARTESIAN_POINT('',(-50.,-25.,289.));
#4794 = DIRECTION('',(0.,1.,0.));
#4795 = DIRECTION('',(1.,0.,0.));
#4796 = DEFINITIONAL_REPRESENTATION('',(#4797),#4801);
#4797 = LINE('',#4798,#4799);
#4798 = CARTESIAN_POINT('',(0.,0.));
#4799 = VECTOR('',#4800,1.);
#4800 = DIRECTION('',(1.,0.));
#4801 = ( GEOMETRIC_REPRESENTATION_CONTEXT(2) 
PARAMETRIC_REPRESENTATION_CONTEXT() REPRESENTATION_CONTEXT('2D SPACE',''
  ) );
#4802 = ORIENTED_EDGE('',*,*,#4803,.T.);
#4803 = EDGE_CURVE('',#4776,#4804,#4806,.T.);
#4804 = VERTEX_POINT('',#4805);
#4805 = CARTESIAN_POINT('',(7.5,-25.,289.));
#4806 = SURFACE_CURVE('',#4807,(#4812,#4823),.PCURVE_S1.);
#4807 = CIRCLE('',#4808,7.5);
#4808 = AXIS2_PLACEMENT_3D('',#4809,#4810,#4811);
#4809 = CARTESIAN_POINT('',(0.,-25.,289.));
#4810 = DIRECTION('',(0.,0.,-1.));
#4811 = DIRECTION('',(1.,0.,0.));
#4812 = PCURVE('',#3455,#4813);
#4813 = DEFINITIONAL_REPRESENTATION('',(#4814),#4822);
#4814 = ( BOUNDED_CURVE() B_SPLINE_CURVE(2,(#4815,#4816,#4817,#4818,
#4819,#4820,#4821),.UNSPECIFIED.,.T.,.F.) B_SPLINE_CURVE_WITH_KNOTS((1,2
    ,2,2,2,1),(-2.094395102393,0.,2.094395102393,4.188790204786,
6.28318530718,8.377580409573),.UNSPECIFIED.) CURVE() 
GEOMETRIC_REPRESENTATION_ITEM() RATIONAL_B_SPLINE_CURVE((1.,0.5,1.,0.5,
1.,0.5,1.)) REPRESENTATION_ITEM('') );
#4815 = CARTESIAN_POINT('',(7.5,-25.));
#4816 = CARTESIAN_POINT('',(7.5,-37.99038105676));
#4817 = CARTESIAN_POINT('',(-3.75,-31.49519052838));
#4818 = CARTESIAN_POINT('',(-15.,-25.));
#4819 = CARTESIAN_POINT('',(-3.75,-18.50480947161));
#4820 = CARTESIAN_POINT('',(7.5,-12.00961894323));
#4821 = CARTESIAN_POINT('',(7.5,-25.));
#4822 = ( GEOMETRIC_REPRESENTATION_CONTEXT(2) 
PARAMETRIC_REPRESENTATION_CONTEXT() REPRESENTATION_CONTEXT('2D SPACE',''
  ) );
#4823 = PCURVE('',#4470,#4824);
#4824 = DEFINITIONAL_REPRESENTATION('',(#4825),#4829);
#4825 = LINE('',#4826,#4827);
#4826 = CARTESIAN_POINT('',(-6.28318530718,-234.));
#4827 = VECTOR('',#4828,1.);
#4828 = DIRECTION('',(1.,-0.));
#4829 = ( GEOMETRIC_REPRESENTATION_CONTEXT(2) 
PARAMETRIC_REPRESENTATION_CONTEXT() REPRESENTATION_CONTEXT('2D SPACE',''
  ) );
#4830 = ORIENTED_EDGE('',*,*,#4831,.T.);
#4831 = EDGE_CURVE('',#4804,#4832,#4834,.T.);
#4832 = VERTEX_POINT('',#4833);
#4833 = CARTESIAN_POINT('',(17.5,-25.,289.));
#4834 = SURFACE_CURVE('',#4835,(#4839,#4846),.PCURVE_S1.);
#4835 = LINE('',#4836,#4837);
#4836 = CARTESIAN_POINT('',(-50.,-25.,289.));
#4837 = VECTOR('',#4838,1.);
#4838 = DIRECTION('',(1.,0.,0.));
#4839 = PCURVE('',#3455,#4840);
#4840 = DEFINITIONAL_REPRESENTATION('',(#4841),#4845);
#4841 = LINE('',#4842,#4843);
#4842 = CARTESIAN_POINT('',(-50.,-25.));
#4843 = VECTOR('',#4844,1.);
#4844 = DIRECTION('',(1.,0.));
#4845 = ( GEOMETRIC_REPRESENTATION_CONTEXT(2) 
PARAMETRIC_REPRESENTATION_CONTEXT() REPRESENTATION_CONTEXT('2D SPACE',''
  ) );
#4846 = PCURVE('',#4847,#4852);
#4847 = PLANE('',#4848);
#4848 = AXIS2_PLACEMENT_3D('',#4849,#4850,#4851);
#4849 = CARTESIAN_POINT('',(-50.,-25.,289.));
#4850 = DIRECTION('',(0.,1.,0.));
#4851 = DIRECTION('',(1.,0.,0.));
#4852 = DEFINITIONAL_REPRESENTATION('',(#4853),#4857);
#4853 = LINE('',#4854,#4855);
#4854 = CARTESIAN_POINT('',(0.,0.));
#4855 = VECTOR('',#4856,1.);
#4856 = DIRECTION('',(1.,0.));
#4857 = ( GEOMETRIC_REPRESENTATION_CONTEXT(2) 
PARAMETRIC_REPRESENTATION_CONTEXT() REPRESENTATION_CONTEXT('2D SPACE',''
  ) );
#4858 = ORIENTED_EDGE('',*,*,#4859,.T.);
#4859 = EDGE_CURVE('',#4832,#4661,#4860,.T.);
#4860 = SURFACE_CURVE('',#4861,(#4866,#4877),.PCURVE_S1.);
#4861 = CIRCLE('',#4862,7.5);
#4862 = AXIS2_PLACEMENT_3D('',#4863,#4864,#4865);
#4863 = CARTESIAN_POINT('',(25.,-25.,289.));
#4864 = DIRECTION('',(0.,0.,-1.));
#4865 = DIRECTION('',(1.,0.,0.));
#4866 = PCURVE('',#3455,#4867);
#4867 = DEFINITIONAL_REPRESENTATION('',(#4868),#4876);
#4868 = ( BOUNDED_CURVE() B_SPLINE_CURVE(2,(#4869,#4870,#4871,#4872,
#4873,#4874,#4875),.UNSPECIFIED.,.T.,.F.) B_SPLINE_CURVE_WITH_KNOTS((1,2
    ,2,2,2,1),(-2.094395102393,0.,2.094395102393,4.188790204786,
6.28318530718,8.377580409573),.UNSPECIFIED.) CURVE() 
GEOMETRIC_REPRESENTATION_ITEM() RATIONAL_B_SPLINE_CURVE((1.,0.5,1.,0.5,
1.,0.5,1.)) REPRESENTATION_ITEM('') );
#4869 = CARTESIAN_POINT('',(32.5,-25.));
#4870 = CARTESIAN_POINT('',(32.5,-37.99038105676));
#4871 = CARTESIAN_POINT('',(21.25,-31.49519052838));
#4872 = CARTESIAN_POINT('',(10.,-25.));
#4873 = CARTESIAN_POINT('',(21.25,-18.50480947161));
#4874 = CARTESIAN_POINT('',(32.5,-12.00961894323));
#4875 = CARTESIAN_POINT('',(32.5,-25.));
#4876 = ( GEOMETRIC_REPRESENTATION_CONTEXT(2) 
PARAMETRIC_REPRESENTATION_CONTEXT() REPRESENTATION_CONTEXT('2D SPACE',''
  ) );
#4877 = PCURVE('',#4505,#4878);
#4878 = DEFINITIONAL_REPRESENTATION('',(#4879),#4883);
#4879 = LINE('',#4880,#4881);
#4880 = CARTESIAN_POINT('',(-6.28318530718,-234.));
#4881 = VECTOR('',#4882,1.);
#4882 = DIRECTION('',(1.,-0.));
#4883 = ( GEOMETRIC_REPRESENTATION_CONTEXT(2) 
PARAMETRIC_REPRESENTATION_CONTEXT() REPRESENTATION_CONTEXT('2D SPACE',''
  ) );
#4884 = FACE_BOUND('',#4885,.F.);
#4885 = EDGE_LOOP('',(#4886));
#4886 = ORIENTED_EDGE('',*,*,#4887,.T.);
#4887 = EDGE_CURVE('',#4888,#4888,#4890,.T.);
#4888 = VERTEX_POINT('',#4889);
#4889 = CARTESIAN_POINT('',(-30.,0.,289.));
#4890 = SURFACE_CURVE('',#4891,(#4896,#4907),.PCURVE_S1.);
#4891 = CIRCLE('',#4892,7.5);
#4892 = AXIS2_PLACEMENT_3D('',#4893,#4894,#4895);
#4893 = CARTESIAN_POINT('',(-37.5,0.,289.));
#4894 = DIRECTION('',(0.,0.,-1.));
#4895 = DIRECTION('',(1.,0.,0.));
#4896 = PCURVE('',#3455,#4897);
#4897 = DEFINITIONAL_REPRESENTATION('',(#4898),#4906);
#4898 = ( BOUNDED_CURVE() B_SPLINE_CURVE(2,(#4899,#4900,#4901,#4902,
#4903,#4904,#4905),.UNSPECIFIED.,.T.,.F.) B_SPLINE_CURVE_WITH_KNOTS((1,2
    ,2,2,2,1),(-2.094395102393,0.,2.094395102393,4.188790204786,
6.28318530718,8.377580409573),.UNSPECIFIED.) CURVE() 
GEOMETRIC_REPRESENTATION_ITEM() RATIONAL_B_SPLINE_CURVE((1.,0.5,1.,0.5,
1.,0.5,1.)) REPRESENTATION_ITEM('') );
#4899 = CARTESIAN_POINT('',(-30.,-3.209892110372E-15));
#4900 = CARTESIAN_POINT('',(-30.,-12.99038105676));
#4901 = CARTESIAN_POINT('',(-41.25,-6.495190528383));
#4902 = CARTESIAN_POINT('',(-52.5,-5.046862309093E-15));
#4903 = CARTESIAN_POINT('',(-41.25,6.495190528383));
#4904 = CARTESIAN_POINT('',(-30.,12.990381056767));
#4905 = CARTESIAN_POINT('',(-30.,-3.209892110372E-15));
#4906 = ( GEOMETRIC_REPRESENTATION_CONTEXT(2) 
PARAMETRIC_REPRESENTATION_CONTEXT() REPRESENTATION_CONTEXT('2D SPACE',''
  ) );
#4907 = PCURVE('',#4540,#4908);
#4908 = DEFINITIONAL_REPRESENTATION('',(#4909),#4913);
#4909 = LINE('',#4910,#4911);
#4910 = CARTESIAN_POINT('',(-6.28318530718,-234.));
#4911 = VECTOR('',#4912,1.);
#4912 = DIRECTION('',(1.,-0.));
#4913 = ( GEOMETRIC_REPRESENTATION_CONTEXT(2) 
PARAMETRIC_REPRESENTATION_CONTEXT() REPRESENTATION_CONTEXT('2D SPACE',''
  ) );
#4914 = FACE_BOUND('',#4915,.F.);
#4915 = EDGE_LOOP('',(#4916));
#4916 = ORIENTED_EDGE('',*,*,#4917,.T.);
#4917 = EDGE_CURVE('',#4918,#4918,#4920,.T.);
#4918 = VERTEX_POINT('',#4919);
#4919 = CARTESIAN_POINT('',(-5.,0.,289.));
#4920 = SURFACE_CURVE('',#4921,(#4926,#4937),.PCURVE_S1.);
#4921 = CIRCLE('',#4922,7.5);
#4922 = AXIS2_PLACEMENT_3D('',#4923,#4924,#4925);
#4923 = CARTESIAN_POINT('',(-12.5,0.,289.));
#4924 = DIRECTION('',(0.,0.,-1.));
#4925 = DIRECTION('',(1.,0.,0.));
#4926 = PCURVE('',#3455,#4927);
#4927 = DEFINITIONAL_REPRESENTATION('',(#4928),#4936);
#4928 = ( BOUNDED_CURVE() B_SPLINE_CURVE(2,(#4929,#4930,#4931,#4932,
#4933,#4934,#4935),.UNSPECIFIED.,.T.,.F.) B_SPLINE_CURVE_WITH_KNOTS((1,2
    ,2,2,2,1),(-2.094395102393,0.,2.094395102393,4.188790204786,
6.28318530718,8.377580409573),.UNSPECIFIED.) CURVE() 
GEOMETRIC_REPRESENTATION_ITEM() RATIONAL_B_SPLINE_CURVE((1.,0.5,1.,0.5,
1.,0.5,1.)) REPRESENTATION_ITEM('') );
#4929 = CARTESIAN_POINT('',(-5.,-3.209892110372E-15));
#4930 = CARTESIAN_POINT('',(-5.,-12.99038105676));
#4931 = CARTESIAN_POINT('',(-16.25,-6.495190528383));
#4932 = CARTESIAN_POINT('',(-27.5,-5.046862309093E-15));
#4933 = CARTESIAN_POINT('',(-16.25,6.495190528383));
#4934 = CARTESIAN_POINT('',(-5.,12.990381056767));
#4935 = CARTESIAN_POINT('',(-5.,-3.209892110372E-15));
#4936 = ( GEOMETRIC_REPRESENTATION_CONTEXT(2) 
PARAMETRIC_REPRESENTATION_CONTEXT() REPRESENTATION_CONTEXT('2D SPACE',''
  ) );
#4937 = PCURVE('',#4575,#4938);
#4938 = DEFINITIONAL_REPRESENTATION('',(#4939),#4943);
#4939 = LINE('',#4940,#4941);
#4940 = CARTESIAN_POINT('',(-6.28318530718,-234.));
#4941 = VECTOR('',#4942,1.);
#4942 = DIRECTION('',(1.,-0.));
#4943 = ( GEOMETRIC_REPRESENTATION_CONTEXT(2) 
PARAMETRIC_REPRESENTATION_CONTEXT() REPRESENTATION_CONTEXT('2D SPACE',''
  ) );
#4944 = FACE_BOUND('',#4945,.F.);
#4945 = EDGE_LOOP('',(#4946));
#4946 = ORIENTED_EDGE('',*,*,#4947,.T.);
#4947 = EDGE_CURVE('',#4948,#4948,#4950,.T.);
#4948 = VERTEX_POINT('',#4949);
#4949 = CARTESIAN_POINT('',(20.,0.,289.));
#4950 = SURFACE_CURVE('',#4951,(#4956,#4967),.PCURVE_S1.);
#4951 = CIRCLE('',#4952,7.5);
#4952 = AXIS2_PLACEMENT_3D('',#4953,#4954,#4955);
#4953 = CARTESIAN_POINT('',(12.5,0.,289.));
#4954 = DIRECTION('',(0.,0.,-1.));
#4955 = DIRECTION('',(1.,0.,0.));
#4956 = PCURVE('',#3455,#4957);
#4957 = DEFINITIONAL_REPRESENTATION('',(#4958),#4966);
#4958 = ( BOUNDED_CURVE() B_SPLINE_CURVE(2,(#4959,#4960,#4961,#4962,
#4963,#4964,#4965),.UNSPECIFIED.,.T.,.F.) B_SPLINE_CURVE_WITH_KNOTS((1,2
    ,2,2,2,1),(-2.094395102393,0.,2.094395102393,4.188790204786,
6.28318530718,8.377580409573),.UNSPECIFIED.) CURVE() 
GEOMETRIC_REPRESENTATION_ITEM() RATIONAL_B_SPLINE_CURVE((1.,0.5,1.,0.5,
1.,0.5,1.)) REPRESENTATION_ITEM('') );
#4959 = CARTESIAN_POINT('',(20.,-3.209892110372E-15));
#4960 = CARTESIAN_POINT('',(20.,-12.99038105676));
#4961 = CARTESIAN_POINT('',(8.75,-6.495190528383));
#4962 = CARTESIAN_POINT('',(-2.5,-5.046862309093E-15));
#4963 = CARTESIAN_POINT('',(8.75,6.495190528383));
#4964 = CARTESIAN_POINT('',(20.,12.990381056767));
#4965 = CARTESIAN_POINT('',(20.,-3.209892110372E-15));
#4966 = ( GEOMETRIC_REPRESENTATION_CONTEXT(2) 
PARAMETRIC_REPRESENTATION_CONTEXT() REPRESENTATION_CONTEXT('2D SPACE',''
  ) );
#4967 = PCURVE('',#4610,#4968);
#4968 = DEFINITIONAL_REPRESENTATION('',(#4969),#4973);
#4969 = LINE('',#4970,#4971);
#4970 = CARTESIAN_POINT('',(-6.28318530718,-234.));
#4971 = VECTOR('',#4972,1.);
#4972 = DIRECTION('',(1.,-0.));
#4973 = ( GEOMETRIC_REPRESENTATION_CONTEXT(2) 
PARAMETRIC_REPRESENTATION_CONTEXT() REPRESENTATION_CONTEXT('2D SPACE',''
  ) );
#4974 = FACE_BOUND('',#4975,.F.);
#4975 = EDGE_LOOP('',(#4976));
#4976 = ORIENTED_EDGE('',*,*,#4977,.T.);
#4977 = EDGE_CURVE('',#4978,#4978,#4980,.T.);
#4978 = VERTEX_POINT('',#4979);
#4979 = CARTESIAN_POINT('',(45.,0.,289.));
#4980 = SURFACE_CURVE('',#4981,(#4986,#4997),.PCURVE_S1.);
#4981 = CIRCLE('',#4982,7.5);
#4982 = AXIS2_PLACEMENT_3D('',#4983,#4984,#4985);
#4983 = CARTESIAN_POINT('',(37.5,0.,289.));
#4984 = DIRECTION('',(0.,0.,-1.));
#4985 = DIRECTION('',(1.,0.,0.));
#4986 = PCURVE('',#3455,#4987);
#4987 = DEFINITIONAL_REPRESENTATION('',(#4988),#4996);
#4988 = ( BOUNDED_CURVE() B_SPLINE_CURVE(2,(#4989,#4990,#4991,#4992,
#4993,#4994,#4995),.UNSPECIFIED.,.T.,.F.) B_SPLINE_CURVE_WITH_KNOTS((1,2
    ,2,2,2,1),(-2.094395102393,0.,2.094395102393,4.188790204786,
6.28318530718,8.377580409573),.UNSPECIFIED.) CURVE() 
GEOMETRIC_REPRESENTATION_ITEM() RATIONAL_B_SPLINE_CURVE((1.,0.5,1.,0.5,
1.,0.5,1.)) REPRESENTATION_ITEM('') );
#4989 = CARTESIAN_POINT('',(45.,-3.209892110372E-15));
#4990 = CARTESIAN_POINT('',(45.,-12.99038105676));
#4991 = CARTESIAN_POINT('',(33.75,-6.495190528383));
#4992 = CARTESIAN_POINT('',(22.5,-5.046862309093E-15));
#4993 = CARTESIAN_POINT('',(33.75,6.495190528383));
#4994 = CARTESIAN_POINT('',(45.,12.990381056767));
#4995 = CARTESIAN_POINT('',(45.,-3.209892110372E-15));
#4996 = ( GEOMETRIC_REPRESENTATION_CONTEXT(2) 
PARAMETRIC_REPRESENTATION_CONTEXT() REPRESENTATION_CONTEXT('2D SPACE',''
  ) );
#4997 = PCURVE('',#4645,#4998);
#4998 = DEFINITIONAL_REPRESENTATION('',(#4999),#5003);
#4999 = LINE('',#5000,#5001);
#5000 = CARTESIAN_POINT('',(-6.28318530718,-234.));
#5001 = VECTOR('',#5002,1.);
#5002 = DIRECTION('',(1.,-0.));
#5003 = ( GEOMETRIC_REPRESENTATION_CONTEXT(2) 
PARAMETRIC_REPRESENTATION_CONTEXT() REPRESENTATION_CONTEXT('2D SPACE',''
  ) );
#5004 = FACE_BOUND('',#5005,.F.);
#5005 = EDGE_LOOP('',(#5006));
#5006 = ORIENTED_EDGE('',*,*,#3440,.T.);
#5007 = FACE_BOUND('',#5008,.F.);
#5008 = EDGE_LOOP('',(#5009));
#5009 = ORIENTED_EDGE('',*,*,#3620,.T.);
#5010 = FACE_BOUND('',#5011,.F.);
#5011 = EDGE_LOOP('',(#5012));
#5012 = ORIENTED_EDGE('',*,*,#3795,.T.);
#5013 = ADVANCED_FACE('',(#5014),#4074,.T.);
#5014 = FACE_BOUND('',#5015,.F.);
#5015 = EDGE_LOOP('',(#5016,#5049,#5070,#5071));
#5016 = ORIENTED_EDGE('',*,*,#5017,.T.);
#5017 = EDGE_CURVE('',#5018,#5018,#5020,.T.);
#5018 = VERTEX_POINT('',#5019);
#5019 = CARTESIAN_POINT('',(-17.5,-25.,377.));
#5020 = SURFACE_CURVE('',#5021,(#5026,#5033),.PCURVE_S1.);
#5021 = CIRCLE('',#5022,7.5);
#5022 = AXIS2_PLACEMENT_3D('',#5023,#5024,#5025);
#5023 = CARTESIAN_POINT('',(-25.,-25.,377.));
#5024 = DIRECTION('',(0.,0.,-1.));
#5025 = DIRECTION('',(1.,0.,0.));
#5026 = PCURVE('',#4074,#5027);
#5027 = DEFINITIONAL_REPRESENTATION('',(#5028),#5032);
#5028 = LINE('',#5029,#5030);
#5029 = CARTESIAN_POINT('',(-6.28318530718,-322.));
#5030 = VECTOR('',#5031,1.);
#5031 = DIRECTION('',(1.,-0.));
#5032 = ( GEOMETRIC_REPRESENTATION_CONTEXT(2) 
PARAMETRIC_REPRESENTATION_CONTEXT() REPRESENTATION_CONTEXT('2D SPACE',''
  ) );
#5033 = PCURVE('',#5034,#5039);
#5034 = PLANE('',#5035);
#5035 = AXIS2_PLACEMENT_3D('',#5036,#5037,#5038);
#5036 = CARTESIAN_POINT('',(-1.75032336965E-15,3.209892110372E-15,377.)
  );
#5037 = DIRECTION('',(0.,0.,1.));
#5038 = DIRECTION('',(1.,0.,-0.));
#5039 = DEFINITIONAL_REPRESENTATION('',(#5040),#5048);
#5040 = ( BOUNDED_CURVE() B_SPLINE_CURVE(2,(#5041,#5042,#5043,#5044,
#5045,#5046,#5047),.UNSPECIFIED.,.T.,.F.) B_SPLINE_CURVE_WITH_KNOTS((1,2
    ,2,2,2,1),(-2.094395102393,0.,2.094395102393,4.188790204786,
6.28318530718,8.377580409573),.UNSPECIFIED.) CURVE() 
GEOMETRIC_REPRESENTATION_ITEM() RATIONAL_B_SPLINE_CURVE((1.,0.5,1.,0.5,
1.,0.5,1.)) REPRESENTATION_ITEM('') );
#5041 = CARTESIAN_POINT('',(-17.5,-25.));
#5042 = CARTESIAN_POINT('',(-17.5,-37.99038105676));
#5043 = CARTESIAN_POINT('',(-28.75,-31.49519052838));
#5044 = CARTESIAN_POINT('',(-40.,-25.));
#5045 = CARTESIAN_POINT('',(-28.75,-18.50480947161));
#5046 = CARTESIAN_POINT('',(-17.5,-12.00961894323));
#5047 = CARTESIAN_POINT('',(-17.5,-25.));
#5048 = ( GEOMETRIC_REPRESENTATION_CONTEXT(2) 
PARAMETRIC_REPRESENTATION_CONTEXT() REPRESENTATION_CONTEXT('2D SPACE',''
  ) );
#5049 = ORIENTED_EDGE('',*,*,#5050,.T.);
#5050 = EDGE_CURVE('',#5018,#4054,#5051,.T.);
#5051 = SEAM_CURVE('',#5052,(#5056,#5063),.PCURVE_S1.);
#5052 = LINE('',#5053,#5054);
#5053 = CARTESIAN_POINT('',(-17.5,-25.,55.));
#5054 = VECTOR('',#5055,1.);
#5055 = DIRECTION('',(0.,0.,1.));
#5056 = PCURVE('',#4074,#5057);
#5057 = DEFINITIONAL_REPRESENTATION('',(#5058),#5062);
#5058 = LINE('',#5059,#5060);
#5059 = CARTESIAN_POINT('',(-6.28318530718,0.));
#5060 = VECTOR('',#5061,1.);
#5061 = DIRECTION('',(-0.,-1.));
#5062 = ( GEOMETRIC_REPRESENTATION_CONTEXT(2) 
PARAMETRIC_REPRESENTATION_CONTEXT() REPRESENTATION_CONTEXT('2D SPACE',''
  ) );
#5063 = PCURVE('',#4074,#5064);
#5064 = DEFINITIONAL_REPRESENTATION('',(#5065),#5069);
#5065 = LINE('',#5066,#5067);
#5066 = CARTESIAN_POINT('',(-0.,0.));
#5067 = VECTOR('',#5068,1.);
#5068 = DIRECTION('',(-0.,-1.));
#5069 = ( GEOMETRIC_REPRESENTATION_CONTEXT(2) 
PARAMETRIC_REPRESENTATION_CONTEXT() REPRESENTATION_CONTEXT('2D SPACE',''
  ) );
#5070 = ORIENTED_EDGE('',*,*,#4053,.F.);
#5071 = ORIENTED_EDGE('',*,*,#5050,.F.);
#5072 = ADVANCED_FACE('',(#5073),#4109,.T.);
#5073 = FACE_BOUND('',#5074,.F.);
#5074 = EDGE_LOOP('',(#5075,#5103,#5124,#5125));
#5075 = ORIENTED_EDGE('',*,*,#5076,.T.);
#5076 = EDGE_CURVE('',#5077,#5077,#5079,.T.);
#5077 = VERTEX_POINT('',#5078);
#5078 = CARTESIAN_POINT('',(7.5,-25.,377.));
#5079 = SURFACE_CURVE('',#5080,(#5085,#5092),.PCURVE_S1.);
#5080 = CIRCLE('',#5081,7.5);
#5081 = AXIS2_PLACEMENT_3D('',#5082,#5083,#5084);
#5082 = CARTESIAN_POINT('',(0.,-25.,377.));
#5083 = DIRECTION('',(0.,0.,-1.));
#5084 = DIRECTION('',(1.,0.,0.));
#5085 = PCURVE('',#4109,#5086);
#5086 = DEFINITIONAL_REPRESENTATION('',(#5087),#5091);
#5087 = LINE('',#5088,#5089);
#5088 = CARTESIAN_POINT('',(-6.28318530718,-322.));
#5089 = VECTOR('',#5090,1.);
#5090 = DIRECTION('',(1.,-0.));
#5091 = ( GEOMETRIC_REPRESENTATION_CONTEXT(2) 
PARAMETRIC_REPRESENTATION_CONTEXT() REPRESENTATION_CONTEXT('2D SPACE',''
  ) );
#5092 = PCURVE('',#5034,#5093);
#5093 = DEFINITIONAL_REPRESENTATION('',(#5094),#5102);
#5094 = ( BOUNDED_CURVE() B_SPLINE_CURVE(2,(#5095,#5096,#5097,#5098,
#5099,#5100,#5101),.UNSPECIFIED.,.T.,.F.) B_SPLINE_CURVE_WITH_KNOTS((1,2
    ,2,2,2,1),(-2.094395102393,0.,2.094395102393,4.188790204786,
6.28318530718,8.377580409573),.UNSPECIFIED.) CURVE() 
GEOMETRIC_REPRESENTATION_ITEM() RATIONAL_B_SPLINE_CURVE((1.,0.5,1.,0.5,
1.,0.5,1.)) REPRESENTATION_ITEM('') );
#5095 = CARTESIAN_POINT('',(7.5,-25.));
#5096 = CARTESIAN_POINT('',(7.5,-37.99038105676));
#5097 = CARTESIAN_POINT('',(-3.75,-31.49519052838));
#5098 = CARTESIAN_POINT('',(-15.,-25.));
#5099 = CARTESIAN_POINT('',(-3.75,-18.50480947161));
#5100 = CARTESIAN_POINT('',(7.5,-12.00961894323));
#5101 = CARTESIAN_POINT('',(7.5,-25.));
#5102 = ( GEOMETRIC_REPRESENTATION_CONTEXT(2) 
PARAMETRIC_REPRESENTATION_CONTEXT() REPRESENTATION_CONTEXT('2D SPACE',''
  ) );
#5103 = ORIENTED_EDGE('',*,*,#5104,.T.);
#5104 = EDGE_CURVE('',#5077,#4089,#5105,.T.);
#5105 = SEAM_CURVE('',#5106,(#5110,#5117),.PCURVE_S1.);
#5106 = LINE('',#5107,#5108);
#5107 = CARTESIAN_POINT('',(7.5,-25.,55.));
#5108 = VECTOR('',#5109,1.);
#5109 = DIRECTION('',(0.,0.,1.));
#5110 = PCURVE('',#4109,#5111);
#5111 = DEFINITIONAL_REPRESENTATION('',(#5112),#5116);
#5112 = LINE('',#5113,#5114);
#5113 = CARTESIAN_POINT('',(-6.28318530718,0.));
#5114 = VECTOR('',#5115,1.);
#5115 = DIRECTION('',(-0.,-1.));
#5116 = ( GEOMETRIC_REPRESENTATION_CONTEXT(2) 
PARAMETRIC_REPRESENTATION_CONTEXT() REPRESENTATION_CONTEXT('2D SPACE',''
  ) );
#5117 = PCURVE('',#4109,#5118);
#5118 = DEFINITIONAL_REPRESENTATION('',(#5119),#5123);
#5119 = LINE('',#5120,#5121);
#5120 = CARTESIAN_POINT('',(-0.,0.));
#5121 = VECTOR('',#5122,1.);
#5122 = DIRECTION('',(-0.,-1.));
#5123 = ( GEOMETRIC_REPRESENTATION_CONTEXT(2) 
PARAMETRIC_REPRESENTATION_CONTEXT() REPRESENTATION_CONTEXT('2D SPACE',''
  ) );
#5124 = ORIENTED_EDGE('',*,*,#4088,.F.);
#5125 = ORIENTED_EDGE('',*,*,#5104,.F.);
#5126 = ADVANCED_FACE('',(#5127),#4144,.T.);
#5127 = FACE_BOUND('',#5128,.F.);
#5128 = EDGE_LOOP('',(#5129,#5157,#5178,#5179));
#5129 = ORIENTED_EDGE('',*,*,#5130,.T.);
#5130 = EDGE_CURVE('',#5131,#5131,#5133,.T.);
#5131 = VERTEX_POINT('',#5132);
#5132 = CARTESIAN_POINT('',(32.5,-25.,377.));
#5133 = SURFACE_CURVE('',#5134,(#5139,#5146),.PCURVE_S1.);
#5134 = CIRCLE('',#5135,7.5);
#5135 = AXIS2_PLACEMENT_3D('',#5136,#5137,#5138);
#5136 = CARTESIAN_POINT('',(25.,-25.,377.));
#5137 = DIRECTION('',(0.,0.,-1.));
#5138 = DIRECTION('',(1.,0.,0.));
#5139 = PCURVE('',#4144,#5140);
#5140 = DEFINITIONAL_REPRESENTATION('',(#5141),#5145);
#5141 = LINE('',#5142,#5143);
#5142 = CARTESIAN_POINT('',(-6.28318530718,-322.));
#5143 = VECTOR('',#5144,1.);
#5144 = DIRECTION('',(1.,-0.));
#5145 = ( GEOMETRIC_REPRESENTATION_CONTEXT(2) 
PARAMETRIC_REPRESENTATION_CONTEXT() REPRESENTATION_CONTEXT('2D SPACE',''
  ) );
#5146 = PCURVE('',#5034,#5147);
#5147 = DEFINITIONAL_REPRESENTATION('',(#5148),#5156);
#5148 = ( BOUNDED_CURVE() B_SPLINE_CURVE(2,(#5149,#5150,#5151,#5152,
#5153,#5154,#5155),.UNSPECIFIED.,.T.,.F.) B_SPLINE_CURVE_WITH_KNOTS((1,2
    ,2,2,2,1),(-2.094395102393,0.,2.094395102393,4.188790204786,
6.28318530718,8.377580409573),.UNSPECIFIED.) CURVE() 
GEOMETRIC_REPRESENTATION_ITEM() RATIONAL_B_SPLINE_CURVE((1.,0.5,1.,0.5,
1.,0.5,1.)) REPRESENTATION_ITEM('') );
#5149 = CARTESIAN_POINT('',(32.5,-25.));
#5150 = CARTESIAN_POINT('',(32.5,-37.99038105676));
#5151 = CARTESIAN_POINT('',(21.25,-31.49519052838));
#5152 = CARTESIAN_POINT('',(10.,-25.));
#5153 = CARTESIAN_POINT('',(21.25,-18.50480947161));
#5154 = CARTESIAN_POINT('',(32.5,-12.00961894323));
#5155 = CARTESIAN_POINT('',(32.5,-25.));
#5156 = ( GEOMETRIC_REPRESENTATION_CONTEXT(2) 
PARAMETRIC_REPRESENTATION_CONTEXT() REPRESENTATION_CONTEXT('2D SPACE',''
  ) );
#5157 = ORIENTED_EDGE('',*,*,#5158,.T.);
#5158 = EDGE_CURVE('',#5131,#4124,#5159,.T.);
#5159 = SEAM_CURVE('',#5160,(#5164,#5171),.PCURVE_S1.);
#5160 = LINE('',#5161,#5162);
#5161 = CARTESIAN_POINT('',(32.5,-25.,55.));
#5162 = VECTOR('',#5163,1.);
#5163 = DIRECTION('',(0.,0.,1.));
#5164 = PCURVE('',#4144,#5165);
#5165 = DEFINITIONAL_REPRESENTATION('',(#5166),#5170);
#5166 = LINE('',#5167,#5168);
#5167 = CARTESIAN_POINT('',(-6.28318530718,0.));
#5168 = VECTOR('',#5169,1.);
#5169 = DIRECTION('',(-0.,-1.));
#5170 = ( GEOMETRIC_REPRESENTATION_CONTEXT(2) 
PARAMETRIC_REPRESENTATION_CONTEXT() REPRESENTATION_CONTEXT('2D SPACE',''
  ) );
#5171 = PCURVE('',#4144,#5172);
#5172 = DEFINITIONAL_REPRESENTATION('',(#5173),#5177);
#5173 = LINE('',#5174,#5175);
#5174 = CARTESIAN_POINT('',(-0.,0.));
#5175 = VECTOR('',#5176,1.);
#5176 = DIRECTION('',(-0.,-1.));
#5177 = ( GEOMETRIC_REPRESENTATION_CONTEXT(2) 
PARAMETRIC_REPRESENTATION_CONTEXT() REPRESENTATION_CONTEXT('2D SPACE',''
  ) );
#5178 = ORIENTED_EDGE('',*,*,#4123,.F.);
#5179 = ORIENTED_EDGE('',*,*,#5158,.F.);
#5180 = ADVANCED_FACE('',(#5181),#4179,.T.);
#5181 = FACE_BOUND('',#5182,.F.);
#5182 = EDGE_LOOP('',(#5183,#5211,#5232,#5233));
#5183 = ORIENTED_EDGE('',*,*,#5184,.T.);
#5184 = EDGE_CURVE('',#5185,#5185,#5187,.T.);
#5185 = VERTEX_POINT('',#5186);
#5186 = CARTESIAN_POINT('',(-30.,0.,377.));
#5187 = SURFACE_CURVE('',#5188,(#5193,#5200),.PCURVE_S1.);
#5188 = CIRCLE('',#5189,7.5);
#5189 = AXIS2_PLACEMENT_3D('',#5190,#5191,#5192);
#5190 = CARTESIAN_POINT('',(-37.5,0.,377.));
#5191 = DIRECTION('',(0.,0.,-1.));
#5192 = DIRECTION('',(1.,0.,0.));
#5193 = PCURVE('',#4179,#5194);
#5194 = DEFINITIONAL_REPRESENTATION('',(#5195),#5199);
#5195 = LINE('',#5196,#5197);
#5196 = CARTESIAN_POINT('',(-6.28318530718,-322.));
#5197 = VECTOR('',#5198,1.);
#5198 = DIRECTION('',(1.,-0.));
#5199 = ( GEOMETRIC_REPRESENTATION_CONTEXT(2) 
PARAMETRIC_REPRESENTATION_CONTEXT() REPRESENTATION_CONTEXT('2D SPACE',''
  ) );
#5200 = PCURVE('',#5034,#5201);
#5201 = DEFINITIONAL_REPRESENTATION('',(#5202),#5210);
#5202 = ( BOUNDED_CURVE() B_SPLINE_CURVE(2,(#5203,#5204,#5205,#5206,
#5207,#5208,#5209),.UNSPECIFIED.,.T.,.F.) B_SPLINE_CURVE_WITH_KNOTS((1,2
    ,2,2,2,1),(-2.094395102393,0.,2.094395102393,4.188790204786,
6.28318530718,8.377580409573),.UNSPECIFIED.) CURVE() 
GEOMETRIC_REPRESENTATION_ITEM() RATIONAL_B_SPLINE_CURVE((1.,0.5,1.,0.5,
1.,0.5,1.)) REPRESENTATION_ITEM('') );
#5203 = CARTESIAN_POINT('',(-30.,-3.209892110372E-15));
#5204 = CARTESIAN_POINT('',(-30.,-12.99038105676));
#5205 = CARTESIAN_POINT('',(-41.25,-6.495190528383));
#5206 = CARTESIAN_POINT('',(-52.5,-5.046862309093E-15));
#5207 = CARTESIAN_POINT('',(-41.25,6.495190528383));
#5208 = CARTESIAN_POINT('',(-30.,12.990381056767));
#5209 = CARTESIAN_POINT('',(-30.,-3.209892110372E-15));
#5210 = ( GEOMETRIC_REPRESENTATION_CONTEXT(2) 
PARAMETRIC_REPRESENTATION_CONTEXT() REPRESENTATION_CONTEXT('2D SPACE',''
  ) );
#5211 = ORIENTED_EDGE('',*,*,#5212,.T.);
#5212 = EDGE_CURVE('',#5185,#4159,#5213,.T.);
#5213 = SEAM_CURVE('',#5214,(#5218,#5225),.PCURVE_S1.);
#5214 = LINE('',#5215,#5216);
#5215 = CARTESIAN_POINT('',(-30.,0.,55.));
#5216 = VECTOR('',#5217,1.);
#5217 = DIRECTION('',(0.,0.,1.));
#5218 = PCURVE('',#4179,#5219);
#5219 = DEFINITIONAL_REPRESENTATION('',(#5220),#5224);
#5220 = LINE('',#5221,#5222);
#5221 = CARTESIAN_POINT('',(-6.28318530718,0.));
#5222 = VECTOR('',#5223,1.);
#5223 = DIRECTION('',(-0.,-1.));
#5224 = ( GEOMETRIC_REPRESENTATION_CONTEXT(2) 
PARAMETRIC_REPRESENTATION_CONTEXT() REPRESENTATION_CONTEXT('2D SPACE',''
  ) );
#5225 = PCURVE('',#4179,#5226);
#5226 = DEFINITIONAL_REPRESENTATION('',(#5227),#5231);
#5227 = LINE('',#5228,#5229);
#5228 = CARTESIAN_POINT('',(-0.,0.));
#5229 = VECTOR('',#5230,1.);
#5230 = DIRECTION('',(-0.,-1.));
#5231 = ( GEOMETRIC_REPRESENTATION_CONTEXT(2) 
PARAMETRIC_REPRESENTATION_CONTEXT() REPRESENTATION_CONTEXT('2D SPACE',''
  ) );
#5232 = ORIENTED_EDGE('',*,*,#4158,.F.);
#5233 = ORIENTED_EDGE('',*,*,#5212,.F.);
#5234 = ADVANCED_FACE('',(#5235),#4214,.T.);
#5235 = FACE_BOUND('',#5236,.F.);
#5236 = EDGE_LOOP('',(#5237,#5265,#5286,#5287));
#5237 = ORIENTED_EDGE('',*,*,#5238,.T.);
#5238 = EDGE_CURVE('',#5239,#5239,#5241,.T.);
#5239 = VERTEX_POINT('',#5240);
#5240 = CARTESIAN_POINT('',(-5.,0.,377.));
#5241 = SURFACE_CURVE('',#5242,(#5247,#5254),.PCURVE_S1.);
#5242 = CIRCLE('',#5243,7.5);
#5243 = AXIS2_PLACEMENT_3D('',#5244,#5245,#5246);
#5244 = CARTESIAN_POINT('',(-12.5,0.,377.));
#5245 = DIRECTION('',(0.,0.,-1.));
#5246 = DIRECTION('',(1.,0.,0.));
#5247 = PCURVE('',#4214,#5248);
#5248 = DEFINITIONAL_REPRESENTATION('',(#5249),#5253);
#5249 = LINE('',#5250,#5251);
#5250 = CARTESIAN_POINT('',(-6.28318530718,-322.));
#5251 = VECTOR('',#5252,1.);
#5252 = DIRECTION('',(1.,-0.));
#5253 = ( GEOMETRIC_REPRESENTATION_CONTEXT(2) 
PARAMETRIC_REPRESENTATION_CONTEXT() REPRESENTATION_CONTEXT('2D SPACE',''
  ) );
#5254 = PCURVE('',#5034,#5255);
#5255 = DEFINITIONAL_REPRESENTATION('',(#5256),#5264);
#5256 = ( BOUNDED_CURVE() B_SPLINE_CURVE(2,(#5257,#5258,#5259,#5260,
#5261,#5262,#5263),.UNSPECIFIED.,.T.,.F.) B_SPLINE_CURVE_WITH_KNOTS((1,2
    ,2,2,2,1),(-2.094395102393,0.,2.094395102393,4.188790204786,
6.28318530718,8.377580409573),.UNSPECIFIED.) CURVE() 
GEOMETRIC_REPRESENTATION_ITEM() RATIONAL_B_SPLINE_CURVE((1.,0.5,1.,0.5,
1.,0.5,1.)) REPRESENTATION_ITEM('') );
#5257 = CARTESIAN_POINT('',(-5.,-3.209892110372E-15));
#5258 = CARTESIAN_POINT('',(-5.,-12.99038105676));
#5259 = CARTESIAN_POINT('',(-16.25,-6.495190528383));
#5260 = CARTESIAN_POINT('',(-27.5,-5.046862309093E-15));
#5261 = CARTESIAN_POINT('',(-16.25,6.495190528383));
#5262 = CARTESIAN_POINT('',(-5.,12.990381056767));
#5263 = CARTESIAN_POINT('',(-5.,-3.209892110372E-15));
#5264 = ( GEOMETRIC_REPRESENTATION_CONTEXT(2) 
PARAMETRIC_REPRESENTATION_CONTEXT() REPRESENTATION_CONTEXT('2D SPACE',''
  ) );
#5265 = ORIENTED_EDGE('',*,*,#5266,.T.);
#5266 = EDGE_CURVE('',#5239,#4194,#5267,.T.);
#5267 = SEAM_CURVE('',#5268,(#5272,#5279),.PCURVE_S1.);
#5268 = LINE('',#5269,#5270);
#5269 = CARTESIAN_POINT('',(-5.,0.,55.));
#5270 = VECTOR('',#5271,1.);
#5271 = DIRECTION('',(0.,0.,1.));
#5272 = PCURVE('',#4214,#5273);
#5273 = DEFINITIONAL_REPRESENTATION('',(#5274),#5278);
#5274 = LINE('',#5275,#5276);
#5275 = CARTESIAN_POINT('',(-6.28318530718,0.));
#5276 = VECTOR('',#5277,1.);
#5277 = DIRECTION('',(-0.,-1.));
#5278 = ( GEOMETRIC_REPRESENTATION_CONTEXT(2) 
PARAMETRIC_REPRESENTATION_CONTEXT() REPRESENTATION_CONTEXT('2D SPACE',''
  ) );
#5279 = PCURVE('',#4214,#5280);
#5280 = DEFINITIONAL_REPRESENTATION('',(#5281),#5285);
#5281 = LINE('',#5282,#5283);
#5282 = CARTESIAN_POINT('',(-0.,0.));
#5283 = VECTOR('',#5284,1.);
#5284 = DIRECTION('',(-0.,-1.));
#5285 = ( GEOMETRIC_REPRESENTATION_CONTEXT(2) 
PARAMETRIC_REPRESENTATION_CONTEXT() REPRESENTATION_CONTEXT('2D SPACE',''
  ) );
#5286 = ORIENTED_EDGE('',*,*,#4193,.F.);
#5287 = ORIENTED_EDGE('',*,*,#5266,.F.);
#5288 = ADVANCED_FACE('',(#5289),#4249,.T.);
#5289 = FACE_BOUND('',#5290,.F.);
#5290 = EDGE_LOOP('',(#5291,#5324,#5347,#5374,#5395,#5396,#5397,#5425,
    #5453,#5484));
#5291 = ORIENTED_EDGE('',*,*,#5292,.T.);
#5292 = EDGE_CURVE('',#5293,#5293,#5295,.T.);
#5293 = VERTEX_POINT('',#5294);
#5294 = CARTESIAN_POINT('',(-17.5,25.,299.));
#5295 = SURFACE_CURVE('',#5296,(#5301,#5308),.PCURVE_S1.);
#5296 = CIRCLE('',#5297,7.5);
#5297 = AXIS2_PLACEMENT_3D('',#5298,#5299,#5300);
#5298 = CARTESIAN_POINT('',(-25.,25.,299.));
#5299 = DIRECTION('',(0.,0.,-1.));
#5300 = DIRECTION('',(1.,0.,0.));
#5301 = PCURVE('',#4249,#5302);
#5302 = DEFINITIONAL_REPRESENTATION('',(#5303),#5307);
#5303 = LINE('',#5304,#5305);
#5304 = CARTESIAN_POINT('',(-6.28318530718,-244.));
#5305 = VECTOR('',#5306,1.);
#5306 = DIRECTION('',(1.,-0.));
#5307 = ( GEOMETRIC_REPRESENTATION_CONTEXT(2) 
PARAMETRIC_REPRESENTATION_CONTEXT() REPRESENTATION_CONTEXT('2D SPACE',''
  ) );
#5308 = PCURVE('',#5309,#5314);
#5309 = PLANE('',#5310);
#5310 = AXIS2_PLACEMENT_3D('',#5311,#5312,#5313);
#5311 = CARTESIAN_POINT('',(-1.75032336965E-15,3.209892110372E-15,299.)
  );
#5312 = DIRECTION('',(0.,0.,1.));
#5313 = DIRECTION('',(1.,0.,-0.));
#5314 = DEFINITIONAL_REPRESENTATION('',(#5315),#5323);
#5315 = ( BOUNDED_CURVE() B_SPLINE_CURVE(2,(#5316,#5317,#5318,#5319,
#5320,#5321,#5322),.UNSPECIFIED.,.T.,.F.) B_SPLINE_CURVE_WITH_KNOTS((1,2
    ,2,2,2,1),(-2.094395102393,0.,2.094395102393,4.188790204786,
6.28318530718,8.377580409573),.UNSPECIFIED.) CURVE() 
GEOMETRIC_REPRESENTATION_ITEM() RATIONAL_B_SPLINE_CURVE((1.,0.5,1.,0.5,
1.,0.5,1.)) REPRESENTATION_ITEM('') );
#5316 = CARTESIAN_POINT('',(-17.5,25.));
#5317 = CARTESIAN_POINT('',(-17.5,12.009618943233));
#5318 = CARTESIAN_POINT('',(-28.75,18.504809471617));
#5319 = CARTESIAN_POINT('',(-40.,25.));
#5320 = CARTESIAN_POINT('',(-28.75,31.495190528383));
#5321 = CARTESIAN_POINT('',(-17.5,37.990381056767));
#5322 = CARTESIAN_POINT('',(-17.5,25.));
#5323 = ( GEOMETRIC_REPRESENTATION_CONTEXT(2) 
PARAMETRIC_REPRESENTATION_CONTEXT() REPRESENTATION_CONTEXT('2D SPACE',''
  ) );
#5324 = ORIENTED_EDGE('',*,*,#5325,.T.);
#5325 = EDGE_CURVE('',#5293,#5326,#5328,.T.);
#5326 = VERTEX_POINT('',#5327);
#5327 = CARTESIAN_POINT('',(-17.5,25.,367.));
#5328 = SEAM_CURVE('',#5329,(#5333,#5340),.PCURVE_S1.);
#5329 = LINE('',#5330,#5331);
#5330 = CARTESIAN_POINT('',(-17.5,25.,55.));
#5331 = VECTOR('',#5332,1.);
#5332 = DIRECTION('',(0.,0.,1.));
#5333 = PCURVE('',#4249,#5334);
#5334 = DEFINITIONAL_REPRESENTATION('',(#5335),#5339);
#5335 = LINE('',#5336,#5337);
#5336 = CARTESIAN_POINT('',(-6.28318530718,0.));
#5337 = VECTOR('',#5338,1.);
#5338 = DIRECTION('',(-0.,-1.));
#5339 = ( GEOMETRIC_REPRESENTATION_CONTEXT(2) 
PARAMETRIC_REPRESENTATION_CONTEXT() REPRESENTATION_CONTEXT('2D SPACE',''
  ) );
#5340 = PCURVE('',#4249,#5341);
#5341 = DEFINITIONAL_REPRESENTATION('',(#5342),#5346);
#5342 = LINE('',#5343,#5344);
#5343 = CARTESIAN_POINT('',(-0.,0.));
#5344 = VECTOR('',#5345,1.);
#5345 = DIRECTION('',(-0.,-1.));
#5346 = ( GEOMETRIC_REPRESENTATION_CONTEXT(2) 
PARAMETRIC_REPRESENTATION_CONTEXT() REPRESENTATION_CONTEXT('2D SPACE',''
  ) );
#5347 = ORIENTED_EDGE('',*,*,#5348,.T.);
#5348 = EDGE_CURVE('',#5326,#5349,#5351,.T.);
#5349 = VERTEX_POINT('',#5350);
#5350 = CARTESIAN_POINT('',(-17.5,25.,377.));
#5351 = SURFACE_CURVE('',#5352,(#5356,#5362),.PCURVE_S1.);
#5352 = LINE('',#5353,#5354);
#5353 = CARTESIAN_POINT('',(-17.5,25.,55.));
#5354 = VECTOR('',#5355,1.);
#5355 = DIRECTION('',(0.,0.,1.));
#5356 = PCURVE('',#4249,#5357);
#5357 = DEFINITIONAL_REPRESENTATION('',(#5358),#5361);
#5358 = B_SPLINE_CURVE_WITH_KNOTS('',1,(#5359,#5360),.UNSPECIFIED.,.F.,
  .F.,(2,2),(312.,322.),.PIECEWISE_BEZIER_KNOTS.);
#5359 = CARTESIAN_POINT('',(0.,-312.));
#5360 = CARTESIAN_POINT('',(0.,-322.));
#5361 = ( GEOMETRIC_REPRESENTATION_CONTEXT(2) 
PARAMETRIC_REPRESENTATION_CONTEXT() REPRESENTATION_CONTEXT('2D SPACE',''
  ) );
#5362 = PCURVE('',#5363,#5368);
#5363 = PLANE('',#5364);
#5364 = AXIS2_PLACEMENT_3D('',#5365,#5366,#5367);
#5365 = CARTESIAN_POINT('',(50.,25.,367.));
#5366 = DIRECTION('',(0.,-1.,0.));
#5367 = DIRECTION('',(-1.,0.,0.));
#5368 = DEFINITIONAL_REPRESENTATION('',(#5369),#5373);
#5369 = LINE('',#5370,#5371);
#5370 = CARTESIAN_POINT('',(67.5,312.));
#5371 = VECTOR('',#5372,1.);
#5372 = DIRECTION('',(0.,-1.));
#5373 = ( GEOMETRIC_REPRESENTATION_CONTEXT(2) 
PARAMETRIC_REPRESENTATION_CONTEXT() REPRESENTATION_CONTEXT('2D SPACE',''
  ) );
#5374 = ORIENTED_EDGE('',*,*,#5375,.T.);
#5375 = EDGE_CURVE('',#5349,#4229,#5376,.T.);
#5376 = SEAM_CURVE('',#5377,(#5381,#5388),.PCURVE_S1.);
#5377 = LINE('',#5378,#5379);
#5378 = CARTESIAN_POINT('',(-17.5,25.,55.));
#5379 = VECTOR('',#5380,1.);
#5380 = DIRECTION('',(0.,0.,1.));
#5381 = PCURVE('',#4249,#5382);
#5382 = DEFINITIONAL_REPRESENTATION('',(#5383),#5387);
#5383 = LINE('',#5384,#5385);
#5384 = CARTESIAN_POINT('',(-6.28318530718,0.));
#5385 = VECTOR('',#5386,1.);
#5386 = DIRECTION('',(-0.,-1.));
#5387 = ( GEOMETRIC_REPRESENTATION_CONTEXT(2) 
PARAMETRIC_REPRESENTATION_CONTEXT() REPRESENTATION_CONTEXT('2D SPACE',''
  ) );
#5388 = PCURVE('',#4249,#5389);
#5389 = DEFINITIONAL_REPRESENTATION('',(#5390),#5394);
#5390 = LINE('',#5391,#5392);
#5391 = CARTESIAN_POINT('',(-0.,0.));
#5392 = VECTOR('',#5393,1.);
#5393 = DIRECTION('',(-0.,-1.));
#5394 = ( GEOMETRIC_REPRESENTATION_CONTEXT(2) 
PARAMETRIC_REPRESENTATION_CONTEXT() REPRESENTATION_CONTEXT('2D SPACE',''
  ) );
#5395 = ORIENTED_EDGE('',*,*,#4228,.F.);
#5396 = ORIENTED_EDGE('',*,*,#5375,.F.);
#5397 = ORIENTED_EDGE('',*,*,#5398,.T.);
#5398 = EDGE_CURVE('',#5349,#5399,#5401,.T.);
#5399 = VERTEX_POINT('',#5400);
#5400 = CARTESIAN_POINT('',(-32.5,25.,377.));
#5401 = SURFACE_CURVE('',#5402,(#5407,#5414),.PCURVE_S1.);
#5402 = CIRCLE('',#5403,7.5);
#5403 = AXIS2_PLACEMENT_3D('',#5404,#5405,#5406);
#5404 = CARTESIAN_POINT('',(-25.,25.,377.));
#5405 = DIRECTION('',(0.,0.,-1.));
#5406 = DIRECTION('',(1.,0.,0.));
#5407 = PCURVE('',#4249,#5408);
#5408 = DEFINITIONAL_REPRESENTATION('',(#5409),#5413);
#5409 = LINE('',#5410,#5411);
#5410 = CARTESIAN_POINT('',(-6.28318530718,-322.));
#5411 = VECTOR('',#5412,1.);
#5412 = DIRECTION('',(1.,-0.));
#5413 = ( GEOMETRIC_REPRESENTATION_CONTEXT(2) 
PARAMETRIC_REPRESENTATION_CONTEXT() REPRESENTATION_CONTEXT('2D SPACE',''
  ) );
#5414 = PCURVE('',#5034,#5415);
#5415 = DEFINITIONAL_REPRESENTATION('',(#5416),#5424);
#5416 = ( BOUNDED_CURVE() B_SPLINE_CURVE(2,(#5417,#5418,#5419,#5420,
#5421,#5422,#5423),.UNSPECIFIED.,.T.,.F.) B_SPLINE_CURVE_WITH_KNOTS((1,2
    ,2,2,2,1),(-2.094395102393,0.,2.094395102393,4.188790204786,
6.28318530718,8.377580409573),.UNSPECIFIED.) CURVE() 
GEOMETRIC_REPRESENTATION_ITEM() RATIONAL_B_SPLINE_CURVE((1.,0.5,1.,0.5,
1.,0.5,1.)) REPRESENTATION_ITEM('') );
#5417 = CARTESIAN_POINT('',(-17.5,25.));
#5418 = CARTESIAN_POINT('',(-17.5,12.009618943233));
#5419 = CARTESIAN_POINT('',(-28.75,18.504809471617));
#5420 = CARTESIAN_POINT('',(-40.,25.));
#5421 = CARTESIAN_POINT('',(-28.75,31.495190528383));
#5422 = CARTESIAN_POINT('',(-17.5,37.990381056767));
#5423 = CARTESIAN_POINT('',(-17.5,25.));
#5424 = ( GEOMETRIC_REPRESENTATION_CONTEXT(2) 
PARAMETRIC_REPRESENTATION_CONTEXT() REPRESENTATION_CONTEXT('2D SPACE',''
  ) );
#5425 = ORIENTED_EDGE('',*,*,#5426,.T.);
#5426 = EDGE_CURVE('',#5399,#5427,#5429,.T.);
#5427 = VERTEX_POINT('',#5428);
#5428 = CARTESIAN_POINT('',(-32.5,25.,367.));
#5429 = SURFACE_CURVE('',#5430,(#5434,#5441),.PCURVE_S1.);
#5430 = LINE('',#5431,#5432);
#5431 = CARTESIAN_POINT('',(-32.5,25.,55.));
#5432 = VECTOR('',#5433,1.);
#5433 = DIRECTION('',(-0.,-0.,-1.));
#5434 = PCURVE('',#4249,#5435);
#5435 = DEFINITIONAL_REPRESENTATION('',(#5436),#5440);
#5436 = LINE('',#5437,#5438);
#5437 = CARTESIAN_POINT('',(-3.14159265359,0.));
#5438 = VECTOR('',#5439,1.);
#5439 = DIRECTION('',(-0.,1.));
#5440 = ( GEOMETRIC_REPRESENTATION_CONTEXT(2) 
PARAMETRIC_REPRESENTATION_CONTEXT() REPRESENTATION_CONTEXT('2D SPACE',''
  ) );
#5441 = PCURVE('',#5442,#5447);
#5442 = PLANE('',#5443);
#5443 = AXIS2_PLACEMENT_3D('',#5444,#5445,#5446);
#5444 = CARTESIAN_POINT('',(50.,25.,367.));
#5445 = DIRECTION('',(0.,-1.,0.));
#5446 = DIRECTION('',(-1.,0.,0.));
#5447 = DEFINITIONAL_REPRESENTATION('',(#5448),#5452);
#5448 = LINE('',#5449,#5450);
#5449 = CARTESIAN_POINT('',(82.5,312.));
#5450 = VECTOR('',#5451,1.);
#5451 = DIRECTION('',(0.,1.));
#5452 = ( GEOMETRIC_REPRESENTATION_CONTEXT(2) 
PARAMETRIC_REPRESENTATION_CONTEXT() REPRESENTATION_CONTEXT('2D SPACE',''
  ) );
#5453 = ORIENTED_EDGE('',*,*,#5454,.F.);
#5454 = EDGE_CURVE('',#5326,#5427,#5455,.T.);
#5455 = SURFACE_CURVE('',#5456,(#5461,#5468),.PCURVE_S1.);
#5456 = CIRCLE('',#5457,7.5);
#5457 = AXIS2_PLACEMENT_3D('',#5458,#5459,#5460);
#5458 = CARTESIAN_POINT('',(-25.,25.,367.));
#5459 = DIRECTION('',(0.,0.,-1.));
#5460 = DIRECTION('',(1.,0.,0.));
#5461 = PCURVE('',#4249,#5462);
#5462 = DEFINITIONAL_REPRESENTATION('',(#5463),#5467);
#5463 = LINE('',#5464,#5465);
#5464 = CARTESIAN_POINT('',(-6.28318530718,-312.));
#5465 = VECTOR('',#5466,1.);
#5466 = DIRECTION('',(1.,-0.));
#5467 = ( GEOMETRIC_REPRESENTATION_CONTEXT(2) 
PARAMETRIC_REPRESENTATION_CONTEXT() REPRESENTATION_CONTEXT('2D SPACE',''
  ) );
#5468 = PCURVE('',#5469,#5474);
#5469 = PLANE('',#5470);
#5470 = AXIS2_PLACEMENT_3D('',#5471,#5472,#5473);
#5471 = CARTESIAN_POINT('',(-1.75032336965E-15,3.209892110372E-15,367.)
  );
#5472 = DIRECTION('',(0.,0.,1.));
#5473 = DIRECTION('',(1.,0.,-0.));
#5474 = DEFINITIONAL_REPRESENTATION('',(#5475),#5483);
#5475 = ( BOUNDED_CURVE() B_SPLINE_CURVE(2,(#5476,#5477,#5478,#5479,
#5480,#5481,#5482),.UNSPECIFIED.,.T.,.F.) B_SPLINE_CURVE_WITH_KNOTS((1,2
    ,2,2,2,1),(-2.094395102393,0.,2.094395102393,4.188790204786,
6.28318530718,8.377580409573),.UNSPECIFIED.) CURVE() 
GEOMETRIC_REPRESENTATION_ITEM() RATIONAL_B_SPLINE_CURVE((1.,0.5,1.,0.5,
1.,0.5,1.)) REPRESENTATION_ITEM('') );
#5476 = CARTESIAN_POINT('',(-17.5,25.));
#5477 = CARTESIAN_POINT('',(-17.5,12.009618943233));
#5478 = CARTESIAN_POINT('',(-28.75,18.504809471617));
#5479 = CARTESIAN_POINT('',(-40.,25.));
#5480 = CARTESIAN_POINT('',(-28.75,31.495190528383));
#5481 = CARTESIAN_POINT('',(-17.5,37.990381056767));
#5482 = CARTESIAN_POINT('',(-17.5,25.));
#5483 = ( GEOMETRIC_REPRESENTATION_CONTEXT(2) 
PARAMETRIC_REPRESENTATION_CONTEXT() REPRESENTATION_CONTEXT('2D SPACE',''
  ) );
#5484 = ORIENTED_EDGE('',*,*,#5325,.F.);
#5485 = ADVANCED_FACE('',(#5486),#4284,.T.);
#5486 = FACE_BOUND('',#5487,.F.);
#5487 = EDGE_LOOP('',(#5488,#5516,#5537,#5538));
#5488 = ORIENTED_EDGE('',*,*,#5489,.T.);
#5489 = EDGE_CURVE('',#5490,#5490,#5492,.T.);
#5490 = VERTEX_POINT('',#5491);
#5491 = CARTESIAN_POINT('',(20.,0.,377.));
#5492 = SURFACE_CURVE('',#5493,(#5498,#5505),.PCURVE_S1.);
#5493 = CIRCLE('',#5494,7.5);
#5494 = AXIS2_PLACEMENT_3D('',#5495,#5496,#5497);
#5495 = CARTESIAN_POINT('',(12.5,0.,377.));
#5496 = DIRECTION('',(0.,0.,-1.));
#5497 = DIRECTION('',(1.,0.,0.));
#5498 = PCURVE('',#4284,#5499);
#5499 = DEFINITIONAL_REPRESENTATION('',(#5500),#5504);
#5500 = LINE('',#5501,#5502);
#5501 = CARTESIAN_POINT('',(-6.28318530718,-322.));
#5502 = VECTOR('',#5503,1.);
#5503 = DIRECTION('',(1.,-0.));
#5504 = ( GEOMETRIC_REPRESENTATION_CONTEXT(2) 
PARAMETRIC_REPRESENTATION_CONTEXT() REPRESENTATION_CONTEXT('2D SPACE',''
  ) );
#5505 = PCURVE('',#5034,#5506);
#5506 = DEFINITIONAL_REPRESENTATION('',(#5507),#5515);
#5507 = ( BOUNDED_CURVE() B_SPLINE_CURVE(2,(#5508,#5509,#5510,#5511,
#5512,#5513,#5514),.UNSPECIFIED.,.T.,.F.) B_SPLINE_CURVE_WITH_KNOTS((1,2
    ,2,2,2,1),(-2.094395102393,0.,2.094395102393,4.188790204786,
6.28318530718,8.377580409573),.UNSPECIFIED.) CURVE() 
GEOMETRIC_REPRESENTATION_ITEM() RATIONAL_B_SPLINE_CURVE((1.,0.5,1.,0.5,
1.,0.5,1.)) REPRESENTATION_ITEM('') );
#5508 = CARTESIAN_POINT('',(20.,-3.209892110372E-15));
#5509 = CARTESIAN_POINT('',(20.,-12.99038105676));
#5510 = CARTESIAN_POINT('',(8.75,-6.495190528383));
#5511 = CARTESIAN_POINT('',(-2.5,-5.046862309093E-15));
#5512 = CARTESIAN_POINT('',(8.75,6.495190528383));
#5513 = CARTESIAN_POINT('',(20.,12.990381056767));
#5514 = CARTESIAN_POINT('',(20.,-3.209892110372E-15));
#5515 = ( GEOMETRIC_REPRESENTATION_CONTEXT(2) 
PARAMETRIC_REPRESENTATION_CONTEXT() REPRESENTATION_CONTEXT('2D SPACE',''
  ) );
#5516 = ORIENTED_EDGE('',*,*,#5517,.T.);
#5517 = EDGE_CURVE('',#5490,#4264,#5518,.T.);
#5518 = SEAM_CURVE('',#5519,(#5523,#5530),.PCURVE_S1.);
#5519 = LINE('',#5520,#5521);
#5520 = CARTESIAN_POINT('',(20.,0.,55.));
#5521 = VECTOR('',#5522,1.);
#5522 = DIRECTION('',(0.,0.,1.));
#5523 = PCURVE('',#4284,#5524);
#5524 = DEFINITIONAL_REPRESENTATION('',(#5525),#5529);
#5525 = LINE('',#5526,#5527);
#5526 = CARTESIAN_POINT('',(-6.28318530718,0.));
#5527 = VECTOR('',#5528,1.);
#5528 = DIRECTION('',(-0.,-1.));
#5529 = ( GEOMETRIC_REPRESENTATION_CONTEXT(2) 
PARAMETRIC_REPRESENTATION_CONTEXT() REPRESENTATION_CONTEXT('2D SPACE',''
  ) );
#5530 = PCURVE('',#4284,#5531);
#5531 = DEFINITIONAL_REPRESENTATION('',(#5532),#5536);
#5532 = LINE('',#5533,#5534);
#5533 = CARTESIAN_POINT('',(-0.,0.));
#5534 = VECTOR('',#5535,1.);
#5535 = DIRECTION('',(-0.,-1.));
#5536 = ( GEOMETRIC_REPRESENTATION_CONTEXT(2) 
PARAMETRIC_REPRESENTATION_CONTEXT() REPRESENTATION_CONTEXT('2D SPACE',''
  ) );
#5537 = ORIENTED_EDGE('',*,*,#4263,.F.);
#5538 = ORIENTED_EDGE('',*,*,#5517,.F.);
#5539 = ADVANCED_FACE('',(#5540),#4319,.T.);
#5540 = FACE_BOUND('',#5541,.F.);
#5541 = EDGE_LOOP('',(#5542,#5570,#5591,#5592));
#5542 = ORIENTED_EDGE('',*,*,#5543,.T.);
#5543 = EDGE_CURVE('',#5544,#5544,#5546,.T.);
#5544 = VERTEX_POINT('',#5545);
#5545 = CARTESIAN_POINT('',(45.,0.,377.));
#5546 = SURFACE_CURVE('',#5547,(#5552,#5559),.PCURVE_S1.);
#5547 = CIRCLE('',#5548,7.5);
#5548 = AXIS2_PLACEMENT_3D('',#5549,#5550,#5551);
#5549 = CARTESIAN_POINT('',(37.5,0.,377.));
#5550 = DIRECTION('',(0.,0.,-1.));
#5551 = DIRECTION('',(1.,0.,0.));
#5552 = PCURVE('',#4319,#5553);
#5553 = DEFINITIONAL_REPRESENTATION('',(#5554),#5558);
#5554 = LINE('',#5555,#5556);
#5555 = CARTESIAN_POINT('',(-6.28318530718,-322.));
#5556 = VECTOR('',#5557,1.);
#5557 = DIRECTION('',(1.,-0.));
#5558 = ( GEOMETRIC_REPRESENTATION_CONTEXT(2) 
PARAMETRIC_REPRESENTATION_CONTEXT() REPRESENTATION_CONTEXT('2D SPACE',''
  ) );
#5559 = PCURVE('',#5034,#5560);
#5560 = DEFINITIONAL_REPRESENTATION('',(#5561),#5569);
#5561 = ( BOUNDED_CURVE() B_SPLINE_CURVE(2,(#5562,#5563,#5564,#5565,
#5566,#5567,#5568),.UNSPECIFIED.,.T.,.F.) B_SPLINE_CURVE_WITH_KNOTS((1,2
    ,2,2,2,1),(-2.094395102393,0.,2.094395102393,4.188790204786,
6.28318530718,8.377580409573),.UNSPECIFIED.) CURVE() 
GEOMETRIC_REPRESENTATION_ITEM() RATIONAL_B_SPLINE_CURVE((1.,0.5,1.,0.5,
1.,0.5,1.)) REPRESENTATION_ITEM('') );
#5562 = CARTESIAN_POINT('',(45.,-3.209892110372E-15));
#5563 = CARTESIAN_POINT('',(45.,-12.99038105676));
#5564 = CARTESIAN_POINT('',(33.75,-6.495190528383));
#5565 = CARTESIAN_POINT('',(22.5,-5.046862309093E-15));
#5566 = CARTESIAN_POINT('',(33.75,6.495190528383));
#5567 = CARTESIAN_POINT('',(45.,12.990381056767));
#5568 = CARTESIAN_POINT('',(45.,-3.209892110372E-15));
#5569 = ( GEOMETRIC_REPRESENTATION_CONTEXT(2) 
PARAMETRIC_REPRESENTATION_CONTEXT() REPRESENTATION_CONTEXT('2D SPACE',''
  ) );
#5570 = ORIENTED_EDGE('',*,*,#5571,.T.);
#5571 = EDGE_CURVE('',#5544,#4299,#5572,.T.);
#5572 = SEAM_CURVE('',#5573,(#5577,#5584),.PCURVE_S1.);
#5573 = LINE('',#5574,#5575);
#5574 = CARTESIAN_POINT('',(45.,0.,55.));
#5575 = VECTOR('',#5576,1.);
#5576 = DIRECTION('',(0.,0.,1.));
#5577 = PCURVE('',#4319,#5578);
#5578 = DEFINITIONAL_REPRESENTATION('',(#5579),#5583);
#5579 = LINE('',#5580,#5581);
#5580 = CARTESIAN_POINT('',(-6.28318530718,0.));
#5581 = VECTOR('',#5582,1.);
#5582 = DIRECTION('',(-0.,-1.));
#5583 = ( GEOMETRIC_REPRESENTATION_CONTEXT(2) 
PARAMETRIC_REPRESENTATION_CONTEXT() REPRESENTATION_CONTEXT('2D SPACE',''
  ) );
#5584 = PCURVE('',#4319,#5585);
#5585 = DEFINITIONAL_REPRESENTATION('',(#5586),#5590);
#5586 = LINE('',#5587,#5588);
#5587 = CARTESIAN_POINT('',(-0.,0.));
#5588 = VECTOR('',#5589,1.);
#5589 = DIRECTION('',(-0.,-1.));
#5590 = ( GEOMETRIC_REPRESENTATION_CONTEXT(2) 
PARAMETRIC_REPRESENTATION_CONTEXT() REPRESENTATION_CONTEXT('2D SPACE',''
  ) );
#5591 = ORIENTED_EDGE('',*,*,#4298,.F.);
#5592 = ORIENTED_EDGE('',*,*,#5571,.F.);
#5593 = ADVANCED_FACE('',(#5594),#4354,.T.);
#5594 = FACE_BOUND('',#5595,.F.);
#5595 = EDGE_LOOP('',(#5596,#5624,#5647,#5674,#5695,#5696,#5697,#5725,
    #5748,#5774));
#5596 = ORIENTED_EDGE('',*,*,#5597,.T.);
#5597 = EDGE_CURVE('',#5598,#5598,#5600,.T.);
#5598 = VERTEX_POINT('',#5599);
#5599 = CARTESIAN_POINT('',(7.5,25.,299.));
#5600 = SURFACE_CURVE('',#5601,(#5606,#5613),.PCURVE_S1.);
#5601 = CIRCLE('',#5602,7.5);
#5602 = AXIS2_PLACEMENT_3D('',#5603,#5604,#5605);
#5603 = CARTESIAN_POINT('',(0.,25.,299.));
#5604 = DIRECTION('',(0.,0.,-1.));
#5605 = DIRECTION('',(1.,0.,0.));
#5606 = PCURVE('',#4354,#5607);
#5607 = DEFINITIONAL_REPRESENTATION('',(#5608),#5612);
#5608 = LINE('',#5609,#5610);
#5609 = CARTESIAN_POINT('',(-6.28318530718,-244.));
#5610 = VECTOR('',#5611,1.);
#5611 = DIRECTION('',(1.,-0.));
#5612 = ( GEOMETRIC_REPRESENTATION_CONTEXT(2) 
PARAMETRIC_REPRESENTATION_CONTEXT() REPRESENTATION_CONTEXT('2D SPACE',''
  ) );
#5613 = PCURVE('',#5309,#5614);
#5614 = DEFINITIONAL_REPRESENTATION('',(#5615),#5623);
#5615 = ( BOUNDED_CURVE() B_SPLINE_CURVE(2,(#5616,#5617,#5618,#5619,
#5620,#5621,#5622),.UNSPECIFIED.,.T.,.F.) B_SPLINE_CURVE_WITH_KNOTS((1,2
    ,2,2,2,1),(-2.094395102393,0.,2.094395102393,4.188790204786,
6.28318530718,8.377580409573),.UNSPECIFIED.) CURVE() 
GEOMETRIC_REPRESENTATION_ITEM() RATIONAL_B_SPLINE_CURVE((1.,0.5,1.,0.5,
1.,0.5,1.)) REPRESENTATION_ITEM('') );
#5616 = CARTESIAN_POINT('',(7.5,25.));
#5617 = CARTESIAN_POINT('',(7.5,12.009618943233));
#5618 = CARTESIAN_POINT('',(-3.75,18.504809471617));
#5619 = CARTESIAN_POINT('',(-15.,25.));
#5620 = CARTESIAN_POINT('',(-3.75,31.495190528383));
#5621 = CARTESIAN_POINT('',(7.5,37.990381056767));
#5622 = CARTESIAN_POINT('',(7.5,25.));
#5623 = ( GEOMETRIC_REPRESENTATION_CONTEXT(2) 
PARAMETRIC_REPRESENTATION_CONTEXT() REPRESENTATION_CONTEXT('2D SPACE',''
  ) );
#5624 = ORIENTED_EDGE('',*,*,#5625,.T.);
#5625 = EDGE_CURVE('',#5598,#5626,#5628,.T.);
#5626 = VERTEX_POINT('',#5627);
#5627 = CARTESIAN_POINT('',(7.5,25.,367.));
#5628 = SEAM_CURVE('',#5629,(#5633,#5640),.PCURVE_S1.);
#5629 = LINE('',#5630,#5631);
#5630 = CARTESIAN_POINT('',(7.5,25.,55.));
#5631 = VECTOR('',#5632,1.);
#5632 = DIRECTION('',(0.,0.,1.));
#5633 = PCURVE('',#4354,#5634);
#5634 = DEFINITIONAL_REPRESENTATION('',(#5635),#5639);
#5635 = LINE('',#5636,#5637);
#5636 = CARTESIAN_POINT('',(-6.28318530718,0.));
#5637 = VECTOR('',#5638,1.);
#5638 = DIRECTION('',(-0.,-1.));
#5639 = ( GEOMETRIC_REPRESENTATION_CONTEXT(2) 
PARAMETRIC_REPRESENTATION_CONTEXT() REPRESENTATION_CONTEXT('2D SPACE',''
  ) );
#5640 = PCURVE('',#4354,#5641);
#5641 = DEFINITIONAL_REPRESENTATION('',(#5642),#5646);
#5642 = LINE('',#5643,#5644);
#5643 = CARTESIAN_POINT('',(-0.,0.));
#5644 = VECTOR('',#5645,1.);
#5645 = DIRECTION('',(-0.,-1.));
#5646 = ( GEOMETRIC_REPRESENTATION_CONTEXT(2) 
PARAMETRIC_REPRESENTATION_CONTEXT() REPRESENTATION_CONTEXT('2D SPACE',''
  ) );
#5647 = ORIENTED_EDGE('',*,*,#5648,.T.);
#5648 = EDGE_CURVE('',#5626,#5649,#5651,.T.);
#5649 = VERTEX_POINT('',#5650);
#5650 = CARTESIAN_POINT('',(7.5,25.,377.));
#5651 = SURFACE_CURVE('',#5652,(#5656,#5662),.PCURVE_S1.);
#5652 = LINE('',#5653,#5654);
#5653 = CARTESIAN_POINT('',(7.5,25.,55.));
#5654 = VECTOR('',#5655,1.);
#5655 = DIRECTION('',(0.,0.,1.));
#5656 = PCURVE('',#4354,#5657);
#5657 = DEFINITIONAL_REPRESENTATION('',(#5658),#5661);
#5658 = B_SPLINE_CURVE_WITH_KNOTS('',1,(#5659,#5660),.UNSPECIFIED.,.F.,
  .F.,(2,2),(312.,322.),.PIECEWISE_BEZIER_KNOTS.);
#5659 = CARTESIAN_POINT('',(0.,-312.));
#5660 = CARTESIAN_POINT('',(0.,-322.));
#5661 = ( GEOMETRIC_REPRESENTATION_CONTEXT(2) 
PARAMETRIC_REPRESENTATION_CONTEXT() REPRESENTATION_CONTEXT('2D SPACE',''
  ) );
#5662 = PCURVE('',#5663,#5668);
#5663 = PLANE('',#5664);
#5664 = AXIS2_PLACEMENT_3D('',#5665,#5666,#5667);
#5665 = CARTESIAN_POINT('',(50.,25.,367.));
#5666 = DIRECTION('',(0.,-1.,0.));
#5667 = DIRECTION('',(-1.,0.,0.));
#5668 = DEFINITIONAL_REPRESENTATION('',(#5669),#5673);
#5669 = LINE('',#5670,#5671);
#5670 = CARTESIAN_POINT('',(42.5,312.));
#5671 = VECTOR('',#5672,1.);
#5672 = DIRECTION('',(0.,-1.));
#5673 = ( GEOMETRIC_REPRESENTATION_CONTEXT(2) 
PARAMETRIC_REPRESENTATION_CONTEXT() REPRESENTATION_CONTEXT('2D SPACE',''
  ) );
#5674 = ORIENTED_EDGE('',*,*,#5675,.T.);
#5675 = EDGE_CURVE('',#5649,#4334,#5676,.T.);
#5676 = SEAM_CURVE('',#5677,(#5681,#5688),.PCURVE_S1.);
#5677 = LINE('',#5678,#5679);
#5678 = CARTESIAN_POINT('',(7.5,25.,55.));
#5679 = VECTOR('',#5680,1.);
#5680 = DIRECTION('',(0.,0.,1.));
#5681 = PCURVE('',#4354,#5682);
#5682 = DEFINITIONAL_REPRESENTATION('',(#5683),#5687);
#5683 = LINE('',#5684,#5685);
#5684 = CARTESIAN_POINT('',(-6.28318530718,0.));
#5685 = VECTOR('',#5686,1.);
#5686 = DIRECTION('',(-0.,-1.));
#5687 = ( GEOMETRIC_REPRESENTATION_CONTEXT(2) 
PARAMETRIC_REPRESENTATION_CONTEXT() REPRESENTATION_CONTEXT('2D SPACE',''
  ) );
#5688 = PCURVE('',#4354,#5689);
#5689 = DEFINITIONAL_REPRESENTATION('',(#5690),#5694);
#5690 = LINE('',#5691,#5692);
#5691 = CARTESIAN_POINT('',(-0.,0.));
#5692 = VECTOR('',#5693,1.);
#5693 = DIRECTION('',(-0.,-1.));
#5694 = ( GEOMETRIC_REPRESENTATION_CONTEXT(2) 
PARAMETRIC_REPRESENTATION_CONTEXT() REPRESENTATION_CONTEXT('2D SPACE',''
  ) );
#5695 = ORIENTED_EDGE('',*,*,#4333,.F.);
#5696 = ORIENTED_EDGE('',*,*,#5675,.F.);
#5697 = ORIENTED_EDGE('',*,*,#5698,.T.);
#5698 = EDGE_CURVE('',#5649,#5699,#5701,.T.);
#5699 = VERTEX_POINT('',#5700);
#5700 = CARTESIAN_POINT('',(-7.5,25.,377.));
#5701 = SURFACE_CURVE('',#5702,(#5707,#5714),.PCURVE_S1.);
#5702 = CIRCLE('',#5703,7.5);
#5703 = AXIS2_PLACEMENT_3D('',#5704,#5705,#5706);
#5704 = CARTESIAN_POINT('',(0.,25.,377.));
#5705 = DIRECTION('',(0.,0.,-1.));
#5706 = DIRECTION('',(1.,0.,0.));
#5707 = PCURVE('',#4354,#5708);
#5708 = DEFINITIONAL_REPRESENTATION('',(#5709),#5713);
#5709 = LINE('',#5710,#5711);
#5710 = CARTESIAN_POINT('',(-6.28318530718,-322.));
#5711 = VECTOR('',#5712,1.);
#5712 = DIRECTION('',(1.,-0.));
#5713 = ( GEOMETRIC_REPRESENTATION_CONTEXT(2) 
PARAMETRIC_REPRESENTATION_CONTEXT() REPRESENTATION_CONTEXT('2D SPACE',''
  ) );
#5714 = PCURVE('',#5034,#5715);
#5715 = DEFINITIONAL_REPRESENTATION('',(#5716),#5724);
#5716 = ( BOUNDED_CURVE() B_SPLINE_CURVE(2,(#5717,#5718,#5719,#5720,
#5721,#5722,#5723),.UNSPECIFIED.,.T.,.F.) B_SPLINE_CURVE_WITH_KNOTS((1,2
    ,2,2,2,1),(-2.094395102393,0.,2.094395102393,4.188790204786,
6.28318530718,8.377580409573),.UNSPECIFIED.) CURVE() 
GEOMETRIC_REPRESENTATION_ITEM() RATIONAL_B_SPLINE_CURVE((1.,0.5,1.,0.5,
1.,0.5,1.)) REPRESENTATION_ITEM('') );
#5717 = CARTESIAN_POINT('',(7.5,25.));
#5718 = CARTESIAN_POINT('',(7.5,12.009618943233));
#5719 = CARTESIAN_POINT('',(-3.75,18.504809471617));
#5720 = CARTESIAN_POINT('',(-15.,25.));
#5721 = CARTESIAN_POINT('',(-3.75,31.495190528383));
#5722 = CARTESIAN_POINT('',(7.5,37.990381056767));
#5723 = CARTESIAN_POINT('',(7.5,25.));
#5724 = ( GEOMETRIC_REPRESENTATION_CONTEXT(2) 
PARAMETRIC_REPRESENTATION_CONTEXT() REPRESENTATION_CONTEXT('2D SPACE',''
  ) );
#5725 = ORIENTED_EDGE('',*,*,#5726,.T.);
#5726 = EDGE_CURVE('',#5699,#5727,#5729,.T.);
#5727 = VERTEX_POINT('',#5728);
#5728 = CARTESIAN_POINT('',(-7.5,25.,367.));
#5729 = SURFACE_CURVE('',#5730,(#5734,#5741),.PCURVE_S1.);
#5730 = LINE('',#5731,#5732);
#5731 = CARTESIAN_POINT('',(-7.5,25.,55.));
#5732 = VECTOR('',#5733,1.);
#5733 = DIRECTION('',(-0.,-0.,-1.));
#5734 = PCURVE('',#4354,#5735);
#5735 = DEFINITIONAL_REPRESENTATION('',(#5736),#5740);
#5736 = LINE('',#5737,#5738);
#5737 = CARTESIAN_POINT('',(-3.14159265359,0.));
#5738 = VECTOR('',#5739,1.);
#5739 = DIRECTION('',(-0.,1.));
#5740 = ( GEOMETRIC_REPRESENTATION_CONTEXT(2) 
PARAMETRIC_REPRESENTATION_CONTEXT() REPRESENTATION_CONTEXT('2D SPACE',''
  ) );
#5741 = PCURVE('',#5363,#5742);
#5742 = DEFINITIONAL_REPRESENTATION('',(#5743),#5747);
#5743 = LINE('',#5744,#5745);
#5744 = CARTESIAN_POINT('',(57.5,312.));
#5745 = VECTOR('',#5746,1.);
#5746 = DIRECTION('',(0.,1.));
#5747 = ( GEOMETRIC_REPRESENTATION_CONTEXT(2) 
PARAMETRIC_REPRESENTATION_CONTEXT() REPRESENTATION_CONTEXT('2D SPACE',''
  ) );
#5748 = ORIENTED_EDGE('',*,*,#5749,.F.);
#5749 = EDGE_CURVE('',#5626,#5727,#5750,.T.);
#5750 = SURFACE_CURVE('',#5751,(#5756,#5763),.PCURVE_S1.);
#5751 = CIRCLE('',#5752,7.5);
#5752 = AXIS2_PLACEMENT_3D('',#5753,#5754,#5755);
#5753 = CARTESIAN_POINT('',(0.,25.,367.));
#5754 = DIRECTION('',(0.,0.,-1.));
#5755 = DIRECTION('',(1.,0.,0.));
#5756 = PCURVE('',#4354,#5757);
#5757 = DEFINITIONAL_REPRESENTATION('',(#5758),#5762);
#5758 = LINE('',#5759,#5760);
#5759 = CARTESIAN_POINT('',(-6.28318530718,-312.));
#5760 = VECTOR('',#5761,1.);
#5761 = DIRECTION('',(1.,-0.));
#5762 = ( GEOMETRIC_REPRESENTATION_CONTEXT(2) 
PARAMETRIC_REPRESENTATION_CONTEXT() REPRESENTATION_CONTEXT('2D SPACE',''
  ) );
#5763 = PCURVE('',#5469,#5764);
#5764 = DEFINITIONAL_REPRESENTATION('',(#5765),#5773);
#5765 = ( BOUNDED_CURVE() B_SPLINE_CURVE(2,(#5766,#5767,#5768,#5769,
#5770,#5771,#5772),.UNSPECIFIED.,.T.,.F.) B_SPLINE_CURVE_WITH_KNOTS((1,2
    ,2,2,2,1),(-2.094395102393,0.,2.094395102393,4.188790204786,
6.28318530718,8.377580409573),.UNSPECIFIED.) CURVE() 
GEOMETRIC_REPRESENTATION_ITEM() RATIONAL_B_SPLINE_CURVE((1.,0.5,1.,0.5,
1.,0.5,1.)) REPRESENTATION_ITEM('') );
#5766 = CARTESIAN_POINT('',(7.5,25.));
#5767 = CARTESIAN_POINT('',(7.5,12.009618943233));
#5768 = CARTESIAN_POINT('',(-3.75,18.504809471617));
#5769 = CARTESIAN_POINT('',(-15.,25.));
#5770 = CARTESIAN_POINT('',(-3.75,31.495190528383));
#5771 = CARTESIAN_POINT('',(7.5,37.990381056767));
#5772 = CARTESIAN_POINT('',(7.5,25.));
#5773 = ( GEOMETRIC_REPRESENTATION_CONTEXT(2) 
PARAMETRIC_REPRESENTATION_CONTEXT() REPRESENTATION_CONTEXT('2D SPACE',''
  ) );
#5774 = ORIENTED_EDGE('',*,*,#5625,.F.);
#5775 = ADVANCED_FACE('',(#5776),#4389,.T.);
#5776 = FACE_BOUND('',#5777,.F.);
#5777 = EDGE_LOOP('',(#5778,#5806,#5829,#5856,#5877,#5878,#5879,#5907,
    #5930,#5956));
#5778 = ORIENTED_EDGE('',*,*,#5779,.T.);
#5779 = EDGE_CURVE('',#5780,#5780,#5782,.T.);
#5780 = VERTEX_POINT('',#5781);
#5781 = CARTESIAN_POINT('',(32.5,25.,299.));
#5782 = SURFACE_CURVE('',#5783,(#5788,#5795),.PCURVE_S1.);
#5783 = CIRCLE('',#5784,7.5);
#5784 = AXIS2_PLACEMENT_3D('',#5785,#5786,#5787);
#5785 = CARTESIAN_POINT('',(25.,25.,299.));
#5786 = DIRECTION('',(0.,0.,-1.));
#5787 = DIRECTION('',(1.,0.,0.));
#5788 = PCURVE('',#4389,#5789);
#5789 = DEFINITIONAL_REPRESENTATION('',(#5790),#5794);
#5790 = LINE('',#5791,#5792);
#5791 = CARTESIAN_POINT('',(-6.28318530718,-244.));
#5792 = VECTOR('',#5793,1.);
#5793 = DIRECTION('',(1.,-0.));
#5794 = ( GEOMETRIC_REPRESENTATION_CONTEXT(2) 
PARAMETRIC_REPRESENTATION_CONTEXT() REPRESENTATION_CONTEXT('2D SPACE',''
  ) );
#5795 = PCURVE('',#5309,#5796);
#5796 = DEFINITIONAL_REPRESENTATION('',(#5797),#5805);
#5797 = ( BOUNDED_CURVE() B_SPLINE_CURVE(2,(#5798,#5799,#5800,#5801,
#5802,#5803,#5804),.UNSPECIFIED.,.T.,.F.) B_SPLINE_CURVE_WITH_KNOTS((1,2
    ,2,2,2,1),(-2.094395102393,0.,2.094395102393,4.188790204786,
6.28318530718,8.377580409573),.UNSPECIFIED.) CURVE() 
GEOMETRIC_REPRESENTATION_ITEM() RATIONAL_B_SPLINE_CURVE((1.,0.5,1.,0.5,
1.,0.5,1.)) REPRESENTATION_ITEM('') );
#5798 = CARTESIAN_POINT('',(32.5,25.));
#5799 = CARTESIAN_POINT('',(32.5,12.009618943233));
#5800 = CARTESIAN_POINT('',(21.25,18.504809471617));
#5801 = CARTESIAN_POINT('',(10.,25.));
#5802 = CARTESIAN_POINT('',(21.25,31.495190528383));
#5803 = CARTESIAN_POINT('',(32.5,37.990381056767));
#5804 = CARTESIAN_POINT('',(32.5,25.));
#5805 = ( GEOMETRIC_REPRESENTATION_CONTEXT(2) 
PARAMETRIC_REPRESENTATION_CONTEXT() REPRESENTATION_CONTEXT('2D SPACE',''
  ) );
#5806 = ORIENTED_EDGE('',*,*,#5807,.T.);
#5807 = EDGE_CURVE('',#5780,#5808,#5810,.T.);
#5808 = VERTEX_POINT('',#5809);
#5809 = CARTESIAN_POINT('',(32.5,25.,367.));
#5810 = SEAM_CURVE('',#5811,(#5815,#5822),.PCURVE_S1.);
#5811 = LINE('',#5812,#5813);
#5812 = CARTESIAN_POINT('',(32.5,25.,55.));
#5813 = VECTOR('',#5814,1.);
#5814 = DIRECTION('',(0.,0.,1.));
#5815 = PCURVE('',#4389,#5816);
#5816 = DEFINITIONAL_REPRESENTATION('',(#5817),#5821);
#5817 = LINE('',#5818,#5819);
#5818 = CARTESIAN_POINT('',(-6.28318530718,0.));
#5819 = VECTOR('',#5820,1.);
#5820 = DIRECTION('',(-0.,-1.));
#5821 = ( GEOMETRIC_REPRESENTATION_CONTEXT(2) 
PARAMETRIC_REPRESENTATION_CONTEXT() REPRESENTATION_CONTEXT('2D SPACE',''
  ) );
#5822 = PCURVE('',#4389,#5823);
#5823 = DEFINITIONAL_REPRESENTATION('',(#5824),#5828);
#5824 = LINE('',#5825,#5826);
#5825 = CARTESIAN_POINT('',(-0.,0.));
#5826 = VECTOR('',#5827,1.);
#5827 = DIRECTION('',(-0.,-1.));
#5828 = ( GEOMETRIC_REPRESENTATION_CONTEXT(2) 
PARAMETRIC_REPRESENTATION_CONTEXT() REPRESENTATION_CONTEXT('2D SPACE',''
  ) );
#5829 = ORIENTED_EDGE('',*,*,#5830,.T.);
#5830 = EDGE_CURVE('',#5808,#5831,#5833,.T.);
#5831 = VERTEX_POINT('',#5832);
#5832 = CARTESIAN_POINT('',(32.5,25.,377.));
#5833 = SURFACE_CURVE('',#5834,(#5838,#5844),.PCURVE_S1.);
#5834 = LINE('',#5835,#5836);
#5835 = CARTESIAN_POINT('',(32.5,25.,55.));
#5836 = VECTOR('',#5837,1.);
#5837 = DIRECTION('',(0.,0.,1.));
#5838 = PCURVE('',#4389,#5839);
#5839 = DEFINITIONAL_REPRESENTATION('',(#5840),#5843);
#5840 = B_SPLINE_CURVE_WITH_KNOTS('',1,(#5841,#5842),.UNSPECIFIED.,.F.,
  .F.,(2,2),(312.,322.),.PIECEWISE_BEZIER_KNOTS.);
#5841 = CARTESIAN_POINT('',(0.,-312.));
#5842 = CARTESIAN_POINT('',(0.,-322.));
#5843 = ( GEOMETRIC_REPRESENTATION_CONTEXT(2) 
PARAMETRIC_REPRESENTATION_CONTEXT() REPRESENTATION_CONTEXT('2D SPACE',''
  ) );
#5844 = PCURVE('',#5845,#5850);
#5845 = PLANE('',#5846);
#5846 = AXIS2_PLACEMENT_3D('',#5847,#5848,#5849);
#5847 = CARTESIAN_POINT('',(50.,25.,367.));
#5848 = DIRECTION('',(0.,-1.,0.));
#5849 = DIRECTION('',(-1.,0.,0.));
#5850 = DEFINITIONAL_REPRESENTATION('',(#5851),#5855);
#5851 = LINE('',#5852,#5853);
#5852 = CARTESIAN_POINT('',(17.5,312.));
#5853 = VECTOR('',#5854,1.);
#5854 = DIRECTION('',(0.,-1.));
#5855 = ( GEOMETRIC_REPRESENTATION_CONTEXT(2) 
PARAMETRIC_REPRESENTATION_CONTEXT() REPRESENTATION_CONTEXT('2D SPACE',''
  ) );
#5856 = ORIENTED_EDGE('',*,*,#5857,.T.);
#5857 = EDGE_CURVE('',#5831,#4369,#5858,.T.);
#5858 = SEAM_CURVE('',#5859,(#5863,#5870),.PCURVE_S1.);
#5859 = LINE('',#5860,#5861);
#5860 = CARTESIAN_POINT('',(32.5,25.,55.));
#5861 = VECTOR('',#5862,1.);
#5862 = DIRECTION('',(0.,0.,1.));
#5863 = PCURVE('',#4389,#5864);
#5864 = DEFINITIONAL_REPRESENTATION('',(#5865),#5869);
#5865 = LINE('',#5866,#5867);
#5866 = CARTESIAN_POINT('',(-6.28318530718,0.));
#5867 = VECTOR('',#5868,1.);
#5868 = DIRECTION('',(-0.,-1.));
#5869 = ( GEOMETRIC_REPRESENTATION_CONTEXT(2) 
PARAMETRIC_REPRESENTATION_CONTEXT() REPRESENTATION_CONTEXT('2D SPACE',''
  ) );
#5870 = PCURVE('',#4389,#5871);
#5871 = DEFINITIONAL_REPRESENTATION('',(#5872),#5876);
#5872 = LINE('',#5873,#5874);
#5873 = CARTESIAN_POINT('',(-0.,0.));
#5874 = VECTOR('',#5875,1.);
#5875 = DIRECTION('',(-0.,-1.));
#5876 = ( GEOMETRIC_REPRESENTATION_CONTEXT(2) 
PARAMETRIC_REPRESENTATION_CONTEXT() REPRESENTATION_CONTEXT('2D SPACE',''
  ) );
#5877 = ORIENTED_EDGE('',*,*,#4368,.F.);
#5878 = ORIENTED_EDGE('',*,*,#5857,.F.);
#5879 = ORIENTED_EDGE('',*,*,#5880,.T.);
#5880 = EDGE_CURVE('',#5831,#5881,#5883,.T.);
#5881 = VERTEX_POINT('',#5882);
#5882 = CARTESIAN_POINT('',(17.5,25.,377.));
#5883 = SURFACE_CURVE('',#5884,(#5889,#5896),.PCURVE_S1.);
#5884 = CIRCLE('',#5885,7.5);
#5885 = AXIS2_PLACEMENT_3D('',#5886,#5887,#5888);
#5886 = CARTESIAN_POINT('',(25.,25.,377.));
#5887 = DIRECTION('',(0.,0.,-1.));
#5888 = DIRECTION('',(1.,0.,0.));
#5889 = PCURVE('',#4389,#5890);
#5890 = DEFINITIONAL_REPRESENTATION('',(#5891),#5895);
#5891 = LINE('',#5892,#5893);
#5892 = CARTESIAN_POINT('',(-6.28318530718,-322.));
#5893 = VECTOR('',#5894,1.);
#5894 = DIRECTION('',(1.,-0.));
#5895 = ( GEOMETRIC_REPRESENTATION_CONTEXT(2) 
PARAMETRIC_REPRESENTATION_CONTEXT() REPRESENTATION_CONTEXT('2D SPACE',''
  ) );
#5896 = PCURVE('',#5034,#5897);
#5897 = DEFINITIONAL_REPRESENTATION('',(#5898),#5906);
#5898 = ( BOUNDED_CURVE() B_SPLINE_CURVE(2,(#5899,#5900,#5901,#5902,
#5903,#5904,#5905),.UNSPECIFIED.,.T.,.F.) B_SPLINE_CURVE_WITH_KNOTS((1,2
    ,2,2,2,1),(-2.094395102393,0.,2.094395102393,4.188790204786,
6.28318530718,8.377580409573),.UNSPECIFIED.) CURVE() 
GEOMETRIC_REPRESENTATION_ITEM() RATIONAL_B_SPLINE_CURVE((1.,0.5,1.,0.5,
1.,0.5,1.)) REPRESENTATION_ITEM('') );
#5899 = CARTESIAN_POINT('',(32.5,25.));
#5900 = CARTESIAN_POINT('',(32.5,12.009618943233));
#5901 = CARTESIAN_POINT('',(21.25,18.504809471617));
#5902 = CARTESIAN_POINT('',(10.,25.));
#5903 = CARTESIAN_POINT('',(21.25,31.495190528383));
#5904 = CARTESIAN_POINT('',(32.5,37.990381056767));
#5905 = CARTESIAN_POINT('',(32.5,25.));
#5906 = ( GEOMETRIC_REPRESENTATION_CONTEXT(2) 
PARAMETRIC_REPRESENTATION_CONTEXT() REPRESENTATION_CONTEXT('2D SPACE',''
  ) );
#5907 = ORIENTED_EDGE('',*,*,#5908,.T.);
#5908 = EDGE_CURVE('',#5881,#5909,#5911,.T.);
#5909 = VERTEX_POINT('',#5910);
#5910 = CARTESIAN_POINT('',(17.5,25.,367.));
#5911 = SURFACE_CURVE('',#5912,(#5916,#5923),.PCURVE_S1.);
#5912 = LINE('',#5913,#5914);
#5913 = CARTESIAN_POINT('',(17.5,25.,55.));
#5914 = VECTOR('',#5915,1.);
#5915 = DIRECTION('',(-0.,-0.,-1.));
#5916 = PCURVE('',#4389,#5917);
#5917 = DEFINITIONAL_REPRESENTATION('',(#5918),#5922);
#5918 = LINE('',#5919,#5920);
#5919 = CARTESIAN_POINT('',(-3.14159265359,0.));
#5920 = VECTOR('',#5921,1.);
#5921 = DIRECTION('',(-0.,1.));
#5922 = ( GEOMETRIC_REPRESENTATION_CONTEXT(2) 
PARAMETRIC_REPRESENTATION_CONTEXT() REPRESENTATION_CONTEXT('2D SPACE',''
  ) );
#5923 = PCURVE('',#5663,#5924);
#5924 = DEFINITIONAL_REPRESENTATION('',(#5925),#5929);
#5925 = LINE('',#5926,#5927);
#5926 = CARTESIAN_POINT('',(32.5,312.));
#5927 = VECTOR('',#5928,1.);
#5928 = DIRECTION('',(0.,1.));
#5929 = ( GEOMETRIC_REPRESENTATION_CONTEXT(2) 
PARAMETRIC_REPRESENTATION_CONTEXT() REPRESENTATION_CONTEXT('2D SPACE',''
  ) );
#5930 = ORIENTED_EDGE('',*,*,#5931,.F.);
#5931 = EDGE_CURVE('',#5808,#5909,#5932,.T.);
#5932 = SURFACE_CURVE('',#5933,(#5938,#5945),.PCURVE_S1.);
#5933 = CIRCLE('',#5934,7.5);
#5934 = AXIS2_PLACEMENT_3D('',#5935,#5936,#5937);
#5935 = CARTESIAN_POINT('',(25.,25.,367.));
#5936 = DIRECTION('',(0.,0.,-1.));
#5937 = DIRECTION('',(1.,0.,0.));
#5938 = PCURVE('',#4389,#5939);
#5939 = DEFINITIONAL_REPRESENTATION('',(#5940),#5944);
#5940 = LINE('',#5941,#5942);
#5941 = CARTESIAN_POINT('',(-6.28318530718,-312.));
#5942 = VECTOR('',#5943,1.);
#5943 = DIRECTION('',(1.,-0.));
#5944 = ( GEOMETRIC_REPRESENTATION_CONTEXT(2) 
PARAMETRIC_REPRESENTATION_CONTEXT() REPRESENTATION_CONTEXT('2D SPACE',''
  ) );
#5945 = PCURVE('',#5469,#5946);
#5946 = DEFINITIONAL_REPRESENTATION('',(#5947),#5955);
#5947 = ( BOUNDED_CURVE() B_SPLINE_CURVE(2,(#5948,#5949,#5950,#5951,
#5952,#5953,#5954),.UNSPECIFIED.,.T.,.F.) B_SPLINE_CURVE_WITH_KNOTS((1,2
    ,2,2,2,1),(-2.094395102393,0.,2.094395102393,4.188790204786,
6.28318530718,8.377580409573),.UNSPECIFIED.) CURVE() 
GEOMETRIC_REPRESENTATION_ITEM() RATIONAL_B_SPLINE_CURVE((1.,0.5,1.,0.5,
1.,0.5,1.)) REPRESENTATION_ITEM('') );
#5948 = CARTESIAN_POINT('',(32.5,25.));
#5949 = CARTESIAN_POINT('',(32.5,12.009618943233));
#5950 = CARTESIAN_POINT('',(21.25,18.504809471617));
#5951 = CARTESIAN_POINT('',(10.,25.));
#5952 = CARTESIAN_POINT('',(21.25,31.495190528383));
#5953 = CARTESIAN_POINT('',(32.5,37.990381056767));
#5954 = CARTESIAN_POINT('',(32.5,25.));
#5955 = ( GEOMETRIC_REPRESENTATION_CONTEXT(2) 
PARAMETRIC_REPRESENTATION_CONTEXT() REPRESENTATION_CONTEXT('2D SPACE',''
  ) );
#5956 = ORIENTED_EDGE('',*,*,#5807,.F.);
#5957 = ADVANCED_FACE('',(#5958),#4435,.T.);
#5958 = FACE_BOUND('',#5959,.F.);
#5959 = EDGE_LOOP('',(#5960,#5961,#5982,#5983,#6006,#6034,#6057,#6083,
    #6084,#6104));
#5960 = ORIENTED_EDGE('',*,*,#4414,.T.);
#5961 = ORIENTED_EDGE('',*,*,#5962,.T.);
#5962 = EDGE_CURVE('',#4415,#4748,#5963,.T.);
#5963 = SEAM_CURVE('',#5964,(#5968,#5975),.PCURVE_S1.);
#5964 = LINE('',#5965,#5966);
#5965 = CARTESIAN_POINT('',(-17.5,-25.,55.));
#5966 = VECTOR('',#5967,1.);
#5967 = DIRECTION('',(0.,0.,1.));
#5968 = PCURVE('',#4435,#5969);
#5969 = DEFINITIONAL_REPRESENTATION('',(#5970),#5974);
#5970 = LINE('',#5971,#5972);
#5971 = CARTESIAN_POINT('',(-6.28318530718,0.));
#5972 = VECTOR('',#5973,1.);
#5973 = DIRECTION('',(-0.,-1.));
#5974 = ( GEOMETRIC_REPRESENTATION_CONTEXT(2) 
PARAMETRIC_REPRESENTATION_CONTEXT() REPRESENTATION_CONTEXT('2D SPACE',''
  ) );
#5975 = PCURVE('',#4435,#5976);
#5976 = DEFINITIONAL_REPRESENTATION('',(#5977),#5981);
#5977 = LINE('',#5978,#5979);
#5978 = CARTESIAN_POINT('',(-0.,0.));
#5979 = VECTOR('',#5980,1.);
#5980 = DIRECTION('',(-0.,-1.));
#5981 = ( GEOMETRIC_REPRESENTATION_CONTEXT(2) 
PARAMETRIC_REPRESENTATION_CONTEXT() REPRESENTATION_CONTEXT('2D SPACE',''
  ) );
#5982 = ORIENTED_EDGE('',*,*,#4747,.F.);
#5983 = ORIENTED_EDGE('',*,*,#5984,.F.);
#5984 = EDGE_CURVE('',#5985,#4720,#5987,.T.);
#5985 = VERTEX_POINT('',#5986);
#5986 = CARTESIAN_POINT('',(-32.5,-25.,299.));
#5987 = SURFACE_CURVE('',#5988,(#5992,#5999),.PCURVE_S1.);
#5988 = LINE('',#5989,#5990);
#5989 = CARTESIAN_POINT('',(-32.5,-25.,55.));
#5990 = VECTOR('',#5991,1.);
#5991 = DIRECTION('',(-0.,-0.,-1.));
#5992 = PCURVE('',#4435,#5993);
#5993 = DEFINITIONAL_REPRESENTATION('',(#5994),#5998);
#5994 = LINE('',#5995,#5996);
#5995 = CARTESIAN_POINT('',(-3.14159265359,0.));
#5996 = VECTOR('',#5997,1.);
#5997 = DIRECTION('',(-0.,1.));
#5998 = ( GEOMETRIC_REPRESENTATION_CONTEXT(2) 
PARAMETRIC_REPRESENTATION_CONTEXT() REPRESENTATION_CONTEXT('2D SPACE',''
  ) );
#5999 = PCURVE('',#4735,#6000);
#6000 = DEFINITIONAL_REPRESENTATION('',(#6001),#6005);
#6001 = LINE('',#6002,#6003);
#6002 = CARTESIAN_POINT('',(17.5,234.));
#6003 = VECTOR('',#6004,1.);
#6004 = DIRECTION('',(0.,1.));
#6005 = ( GEOMETRIC_REPRESENTATION_CONTEXT(2) 
PARAMETRIC_REPRESENTATION_CONTEXT() REPRESENTATION_CONTEXT('2D SPACE',''
  ) );
#6006 = ORIENTED_EDGE('',*,*,#6007,.T.);
#6007 = EDGE_CURVE('',#5985,#6008,#6010,.T.);
#6008 = VERTEX_POINT('',#6009);
#6009 = CARTESIAN_POINT('',(-17.5,-25.,299.));
#6010 = SURFACE_CURVE('',#6011,(#6016,#6023),.PCURVE_S1.);
#6011 = CIRCLE('',#6012,7.5);
#6012 = AXIS2_PLACEMENT_3D('',#6013,#6014,#6015);
#6013 = CARTESIAN_POINT('',(-25.,-25.,299.));
#6014 = DIRECTION('',(0.,0.,-1.));
#6015 = DIRECTION('',(1.,0.,0.));
#6016 = PCURVE('',#4435,#6017);
#6017 = DEFINITIONAL_REPRESENTATION('',(#6018),#6022);
#6018 = LINE('',#6019,#6020);
#6019 = CARTESIAN_POINT('',(-6.28318530718,-244.));
#6020 = VECTOR('',#6021,1.);
#6021 = DIRECTION('',(1.,-0.));
#6022 = ( GEOMETRIC_REPRESENTATION_CONTEXT(2) 
PARAMETRIC_REPRESENTATION_CONTEXT() REPRESENTATION_CONTEXT('2D SPACE',''
  ) );
#6023 = PCURVE('',#5309,#6024);
#6024 = DEFINITIONAL_REPRESENTATION('',(#6025),#6033);
#6025 = ( BOUNDED_CURVE() B_SPLINE_CURVE(2,(#6026,#6027,#6028,#6029,
#6030,#6031,#6032),.UNSPECIFIED.,.T.,.F.) B_SPLINE_CURVE_WITH_KNOTS((1,2
    ,2,2,2,1),(-2.094395102393,0.,2.094395102393,4.188790204786,
6.28318530718,8.377580409573),.UNSPECIFIED.) CURVE() 
GEOMETRIC_REPRESENTATION_ITEM() RATIONAL_B_SPLINE_CURVE((1.,0.5,1.,0.5,
1.,0.5,1.)) REPRESENTATION_ITEM('') );
#6026 = CARTESIAN_POINT('',(-17.5,-25.));
#6027 = CARTESIAN_POINT('',(-17.5,-37.99038105676));
#6028 = CARTESIAN_POINT('',(-28.75,-31.49519052838));
#6029 = CARTESIAN_POINT('',(-40.,-25.));
#6030 = CARTESIAN_POINT('',(-28.75,-18.50480947161));
#6031 = CARTESIAN_POINT('',(-17.5,-12.00961894323));
#6032 = CARTESIAN_POINT('',(-17.5,-25.));
#6033 = ( GEOMETRIC_REPRESENTATION_CONTEXT(2) 
PARAMETRIC_REPRESENTATION_CONTEXT() REPRESENTATION_CONTEXT('2D SPACE',''
  ) );
#6034 = ORIENTED_EDGE('',*,*,#6035,.T.);
#6035 = EDGE_CURVE('',#6008,#6036,#6038,.T.);
#6036 = VERTEX_POINT('',#6037);
#6037 = CARTESIAN_POINT('',(-17.5,-25.,367.));
#6038 = SEAM_CURVE('',#6039,(#6043,#6050),.PCURVE_S1.);
#6039 = LINE('',#6040,#6041);
#6040 = CARTESIAN_POINT('',(-17.5,-25.,55.));
#6041 = VECTOR('',#6042,1.);
#6042 = DIRECTION('',(0.,0.,1.));
#6043 = PCURVE('',#4435,#6044);
#6044 = DEFINITIONAL_REPRESENTATION('',(#6045),#6049);
#6045 = LINE('',#6046,#6047);
#6046 = CARTESIAN_POINT('',(-6.28318530718,0.));
#6047 = VECTOR('',#6048,1.);
#6048 = DIRECTION('',(-0.,-1.));
#6049 = ( GEOMETRIC_REPRESENTATION_CONTEXT(2) 
PARAMETRIC_REPRESENTATION_CONTEXT() REPRESENTATION_CONTEXT('2D SPACE',''
  ) );
#6050 = PCURVE('',#4435,#6051);
#6051 = DEFINITIONAL_REPRESENTATION('',(#6052),#6056);
#6052 = LINE('',#6053,#6054);
#6053 = CARTESIAN_POINT('',(-0.,0.));
#6054 = VECTOR('',#6055,1.);
#6055 = DIRECTION('',(-0.,-1.));
#6056 = ( GEOMETRIC_REPRESENTATION_CONTEXT(2) 
PARAMETRIC_REPRESENTATION_CONTEXT() REPRESENTATION_CONTEXT('2D SPACE',''
  ) );
#6057 = ORIENTED_EDGE('',*,*,#6058,.F.);
#6058 = EDGE_CURVE('',#6036,#6036,#6059,.T.);
#6059 = SURFACE_CURVE('',#6060,(#6065,#6072),.PCURVE_S1.);
#6060 = CIRCLE('',#6061,7.5);
#6061 = AXIS2_PLACEMENT_3D('',#6062,#6063,#6064);
#6062 = CARTESIAN_POINT('',(-25.,-25.,367.));
#6063 = DIRECTION('',(0.,0.,-1.));
#6064 = DIRECTION('',(1.,0.,0.));
#6065 = PCURVE('',#4435,#6066);
#6066 = DEFINITIONAL_REPRESENTATION('',(#6067),#6071);
#6067 = LINE('',#6068,#6069);
#6068 = CARTESIAN_POINT('',(-6.28318530718,-312.));
#6069 = VECTOR('',#6070,1.);
#6070 = DIRECTION('',(1.,-0.));
#6071 = ( GEOMETRIC_REPRESENTATION_CONTEXT(2) 
PARAMETRIC_REPRESENTATION_CONTEXT() REPRESENTATION_CONTEXT('2D SPACE',''
  ) );
#6072 = PCURVE('',#5469,#6073);
#6073 = DEFINITIONAL_REPRESENTATION('',(#6074),#6082);
#6074 = ( BOUNDED_CURVE() B_SPLINE_CURVE(2,(#6075,#6076,#6077,#6078,
#6079,#6080,#6081),.UNSPECIFIED.,.T.,.F.) B_SPLINE_CURVE_WITH_KNOTS((1,2
    ,2,2,2,1),(-2.094395102393,0.,2.094395102393,4.188790204786,
6.28318530718,8.377580409573),.UNSPECIFIED.) CURVE() 
GEOMETRIC_REPRESENTATION_ITEM() RATIONAL_B_SPLINE_CURVE((1.,0.5,1.,0.5,
1.,0.5,1.)) REPRESENTATION_ITEM('') );
#6075 = CARTESIAN_POINT('',(-17.5,-25.));
#6076 = CARTESIAN_POINT('',(-17.5,-37.99038105676));
#6077 = CARTESIAN_POINT('',(-28.75,-31.49519052838));
#6078 = CARTESIAN_POINT('',(-40.,-25.));
#6079 = CARTESIAN_POINT('',(-28.75,-18.50480947161));
#6080 = CARTESIAN_POINT('',(-17.5,-12.00961894323));
#6081 = CARTESIAN_POINT('',(-17.5,-25.));
#6082 = ( GEOMETRIC_REPRESENTATION_CONTEXT(2) 
PARAMETRIC_REPRESENTATION_CONTEXT() REPRESENTATION_CONTEXT('2D SPACE',''
  ) );
#6083 = ORIENTED_EDGE('',*,*,#6035,.F.);
#6084 = ORIENTED_EDGE('',*,*,#6085,.F.);
#6085 = EDGE_CURVE('',#4748,#6008,#6086,.T.);
#6086 = SURFACE_CURVE('',#6087,(#6091,#6097),.PCURVE_S1.);
#6087 = LINE('',#6088,#6089);
#6088 = CARTESIAN_POINT('',(-17.5,-25.,55.));
#6089 = VECTOR('',#6090,1.);
#6090 = DIRECTION('',(0.,0.,1.));
#6091 = PCURVE('',#4435,#6092);
#6092 = DEFINITIONAL_REPRESENTATION('',(#6093),#6096);
#6093 = B_SPLINE_CURVE_WITH_KNOTS('',1,(#6094,#6095),.UNSPECIFIED.,.F.,
  .F.,(2,2),(234.,244.),.PIECEWISE_BEZIER_KNOTS.);
#6094 = CARTESIAN_POINT('',(-6.28318530718,-234.));
#6095 = CARTESIAN_POINT('',(-6.28318530718,-244.));
#6096 = ( GEOMETRIC_REPRESENTATION_CONTEXT(2) 
PARAMETRIC_REPRESENTATION_CONTEXT() REPRESENTATION_CONTEXT('2D SPACE',''
  ) );
#6097 = PCURVE('',#4791,#6098);
#6098 = DEFINITIONAL_REPRESENTATION('',(#6099),#6103);
#6099 = LINE('',#6100,#6101);
#6100 = CARTESIAN_POINT('',(32.5,234.));
#6101 = VECTOR('',#6102,1.);
#6102 = DIRECTION('',(0.,-1.));
#6103 = ( GEOMETRIC_REPRESENTATION_CONTEXT(2) 
PARAMETRIC_REPRESENTATION_CONTEXT() REPRESENTATION_CONTEXT('2D SPACE',''
  ) );
#6104 = ORIENTED_EDGE('',*,*,#5962,.F.);
#6105 = ADVANCED_FACE('',(#6106),#4470,.T.);
#6106 = FACE_BOUND('',#6107,.F.);
#6107 = EDGE_LOOP('',(#6108,#6109,#6130,#6131,#6154,#6182,#6205,#6231,
    #6232,#6252));
#6108 = ORIENTED_EDGE('',*,*,#4449,.T.);
#6109 = ORIENTED_EDGE('',*,*,#6110,.T.);
#6110 = EDGE_CURVE('',#4450,#4804,#6111,.T.);
#6111 = SEAM_CURVE('',#6112,(#6116,#6123),.PCURVE_S1.);
#6112 = LINE('',#6113,#6114);
#6113 = CARTESIAN_POINT('',(7.5,-25.,55.));
#6114 = VECTOR('',#6115,1.);
#6115 = DIRECTION('',(0.,0.,1.));
#6116 = PCURVE('',#4470,#6117);
#6117 = DEFINITIONAL_REPRESENTATION('',(#6118),#6122);
#6118 = LINE('',#6119,#6120);
#6119 = CARTESIAN_POINT('',(-6.28318530718,0.));
#6120 = VECTOR('',#6121,1.);
#6121 = DIRECTION('',(-0.,-1.));
#6122 = ( GEOMETRIC_REPRESENTATION_CONTEXT(2) 
PARAMETRIC_REPRESENTATION_CONTEXT() REPRESENTATION_CONTEXT('2D SPACE',''
  ) );
#6123 = PCURVE('',#4470,#6124);
#6124 = DEFINITIONAL_REPRESENTATION('',(#6125),#6129);
#6125 = LINE('',#6126,#6127);
#6126 = CARTESIAN_POINT('',(-0.,0.));
#6127 = VECTOR('',#6128,1.);
#6128 = DIRECTION('',(-0.,-1.));
#6129 = ( GEOMETRIC_REPRESENTATION_CONTEXT(2) 
PARAMETRIC_REPRESENTATION_CONTEXT() REPRESENTATION_CONTEXT('2D SPACE',''
  ) );
#6130 = ORIENTED_EDGE('',*,*,#4803,.F.);
#6131 = ORIENTED_EDGE('',*,*,#6132,.F.);
#6132 = EDGE_CURVE('',#6133,#4776,#6135,.T.);
#6133 = VERTEX_POINT('',#6134);
#6134 = CARTESIAN_POINT('',(-7.5,-25.,299.));
#6135 = SURFACE_CURVE('',#6136,(#6140,#6147),.PCURVE_S1.);
#6136 = LINE('',#6137,#6138);
#6137 = CARTESIAN_POINT('',(-7.5,-25.,55.));
#6138 = VECTOR('',#6139,1.);
#6139 = DIRECTION('',(-0.,-0.,-1.));
#6140 = PCURVE('',#4470,#6141);
#6141 = DEFINITIONAL_REPRESENTATION('',(#6142),#6146);
#6142 = LINE('',#6143,#6144);
#6143 = CARTESIAN_POINT('',(-3.14159265359,0.));
#6144 = VECTOR('',#6145,1.);
#6145 = DIRECTION('',(-0.,1.));
#6146 = ( GEOMETRIC_REPRESENTATION_CONTEXT(2) 
PARAMETRIC_REPRESENTATION_CONTEXT() REPRESENTATION_CONTEXT('2D SPACE',''
  ) );
#6147 = PCURVE('',#4791,#6148);
#6148 = DEFINITIONAL_REPRESENTATION('',(#6149),#6153);
#6149 = LINE('',#6150,#6151);
#6150 = CARTESIAN_POINT('',(42.5,234.));
#6151 = VECTOR('',#6152,1.);
#6152 = DIRECTION('',(0.,1.));
#6153 = ( GEOMETRIC_REPRESENTATION_CONTEXT(2) 
PARAMETRIC_REPRESENTATION_CONTEXT() REPRESENTATION_CONTEXT('2D SPACE',''
  ) );
#6154 = ORIENTED_EDGE('',*,*,#6155,.T.);
#6155 = EDGE_CURVE('',#6133,#6156,#6158,.T.);
#6156 = VERTEX_POINT('',#6157);
#6157 = CARTESIAN_POINT('',(7.5,-25.,299.));
#6158 = SURFACE_CURVE('',#6159,(#6164,#6171),.PCURVE_S1.);
#6159 = CIRCLE('',#6160,7.5);
#6160 = AXIS2_PLACEMENT_3D('',#6161,#6162,#6163);
#6161 = CARTESIAN_POINT('',(0.,-25.,299.));
#6162 = DIRECTION('',(0.,0.,-1.));
#6163 = DIRECTION('',(1.,0.,0.));
#6164 = PCURVE('',#4470,#6165);
#6165 = DEFINITIONAL_REPRESENTATION('',(#6166),#6170);
#6166 = LINE('',#6167,#6168);
#6167 = CARTESIAN_POINT('',(-6.28318530718,-244.));
#6168 = VECTOR('',#6169,1.);
#6169 = DIRECTION('',(1.,-0.));
#6170 = ( GEOMETRIC_REPRESENTATION_CONTEXT(2) 
PARAMETRIC_REPRESENTATION_CONTEXT() REPRESENTATION_CONTEXT('2D SPACE',''
  ) );
#6171 = PCURVE('',#5309,#6172);
#6172 = DEFINITIONAL_REPRESENTATION('',(#6173),#6181);
#6173 = ( BOUNDED_CURVE() B_SPLINE_CURVE(2,(#6174,#6175,#6176,#6177,
#6178,#6179,#6180),.UNSPECIFIED.,.T.,.F.) B_SPLINE_CURVE_WITH_KNOTS((1,2
    ,2,2,2,1),(-2.094395102393,0.,2.094395102393,4.188790204786,
6.28318530718,8.377580409573),.UNSPECIFIED.) CURVE() 
GEOMETRIC_REPRESENTATION_ITEM() RATIONAL_B_SPLINE_CURVE((1.,0.5,1.,0.5,
1.,0.5,1.)) REPRESENTATION_ITEM('') );
#6174 = CARTESIAN_POINT('',(7.5,-25.));
#6175 = CARTESIAN_POINT('',(7.5,-37.99038105676));
#6176 = CARTESIAN_POINT('',(-3.75,-31.49519052838));
#6177 = CARTESIAN_POINT('',(-15.,-25.));
#6178 = CARTESIAN_POINT('',(-3.75,-18.50480947161));
#6179 = CARTESIAN_POINT('',(7.5,-12.00961894323));
#6180 = CARTESIAN_POINT('',(7.5,-25.));
#6181 = ( GEOMETRIC_REPRESENTATION_CONTEXT(2) 
PARAMETRIC_REPRESENTATION_CONTEXT() REPRESENTATION_CONTEXT('2D SPACE',''
  ) );
#6182 = ORIENTED_EDGE('',*,*,#6183,.T.);
#6183 = EDGE_CURVE('',#6156,#6184,#6186,.T.);
#6184 = VERTEX_POINT('',#6185);
#6185 = CARTESIAN_POINT('',(7.5,-25.,367.));
#6186 = SEAM_CURVE('',#6187,(#6191,#6198),.PCURVE_S1.);
#6187 = LINE('',#6188,#6189);
#6188 = CARTESIAN_POINT('',(7.5,-25.,55.));
#6189 = VECTOR('',#6190,1.);
#6190 = DIRECTION('',(0.,0.,1.));
#6191 = PCURVE('',#4470,#6192);
#6192 = DEFINITIONAL_REPRESENTATION('',(#6193),#6197);
#6193 = LINE('',#6194,#6195);
#6194 = CARTESIAN_POINT('',(-6.28318530718,0.));
#6195 = VECTOR('',#6196,1.);
#6196 = DIRECTION('',(-0.,-1.));
#6197 = ( GEOMETRIC_REPRESENTATION_CONTEXT(2) 
PARAMETRIC_REPRESENTATION_CONTEXT() REPRESENTATION_CONTEXT('2D SPACE',''
  ) );
#6198 = PCURVE('',#4470,#6199);
#6199 = DEFINITIONAL_REPRESENTATION('',(#6200),#6204);
#6200 = LINE('',#6201,#6202);
#6201 = CARTESIAN_POINT('',(-0.,0.));
#6202 = VECTOR('',#6203,1.);
#6203 = DIRECTION('',(-0.,-1.));
#6204 = ( GEOMETRIC_REPRESENTATION_CONTEXT(2) 
PARAMETRIC_REPRESENTATION_CONTEXT() REPRESENTATION_CONTEXT('2D SPACE',''
  ) );
#6205 = ORIENTED_EDGE('',*,*,#6206,.F.);
#6206 = EDGE_CURVE('',#6184,#6184,#6207,.T.);
#6207 = SURFACE_CURVE('',#6208,(#6213,#6220),.PCURVE_S1.);
#6208 = CIRCLE('',#6209,7.5);
#6209 = AXIS2_PLACEMENT_3D('',#6210,#6211,#6212);
#6210 = CARTESIAN_POINT('',(0.,-25.,367.));
#6211 = DIRECTION('',(0.,0.,-1.));
#6212 = DIRECTION('',(1.,0.,0.));
#6213 = PCURVE('',#4470,#6214);
#6214 = DEFINITIONAL_REPRESENTATION('',(#6215),#6219);
#6215 = LINE('',#6216,#6217);
#6216 = CARTESIAN_POINT('',(-6.28318530718,-312.));
#6217 = VECTOR('',#6218,1.);
#6218 = DIRECTION('',(1.,-0.));
#6219 = ( GEOMETRIC_REPRESENTATION_CONTEXT(2) 
PARAMETRIC_REPRESENTATION_CONTEXT() REPRESENTATION_CONTEXT('2D SPACE',''
  ) );
#6220 = PCURVE('',#5469,#6221);
#6221 = DEFINITIONAL_REPRESENTATION('',(#6222),#6230);
#6222 = ( BOUNDED_CURVE() B_SPLINE_CURVE(2,(#6223,#6224,#6225,#6226,
#6227,#6228,#6229),.UNSPECIFIED.,.T.,.F.) B_SPLINE_CURVE_WITH_KNOTS((1,2
    ,2,2,2,1),(-2.094395102393,0.,2.094395102393,4.188790204786,
6.28318530718,8.377580409573),.UNSPECIFIED.) CURVE() 
GEOMETRIC_REPRESENTATION_ITEM() RATIONAL_B_SPLINE_CURVE((1.,0.5,1.,0.5,
1.,0.5,1.)) REPRESENTATION_ITEM('') );
#6223 = CARTESIAN_POINT('',(7.5,-25.));
#6224 = CARTESIAN_POINT('',(7.5,-37.99038105676));
#6225 = CARTESIAN_POINT('',(-3.75,-31.49519052838));
#6226 = CARTESIAN_POINT('',(-15.,-25.));
#6227 = CARTESIAN_POINT('',(-3.75,-18.50480947161));
#6228 = CARTESIAN_POINT('',(7.5,-12.00961894323));
#6229 = CARTESIAN_POINT('',(7.5,-25.));
#6230 = ( GEOMETRIC_REPRESENTATION_CONTEXT(2) 
PARAMETRIC_REPRESENTATION_CONTEXT() REPRESENTATION_CONTEXT('2D SPACE',''
  ) );
#6231 = ORIENTED_EDGE('',*,*,#6183,.F.);
#6232 = ORIENTED_EDGE('',*,*,#6233,.F.);
#6233 = EDGE_CURVE('',#4804,#6156,#6234,.T.);
#6234 = SURFACE_CURVE('',#6235,(#6239,#6245),.PCURVE_S1.);
#6235 = LINE('',#6236,#6237);
#6236 = CARTESIAN_POINT('',(7.5,-25.,55.));
#6237 = VECTOR('',#6238,1.);
#6238 = DIRECTION('',(0.,0.,1.));
#6239 = PCURVE('',#4470,#6240);
#6240 = DEFINITIONAL_REPRESENTATION('',(#6241),#6244);
#6241 = B_SPLINE_CURVE_WITH_KNOTS('',1,(#6242,#6243),.UNSPECIFIED.,.F.,
  .F.,(2,2),(234.,244.),.PIECEWISE_BEZIER_KNOTS.);
#6242 = CARTESIAN_POINT('',(-6.28318530718,-234.));
#6243 = CARTESIAN_POINT('',(-6.28318530718,-244.));
#6244 = ( GEOMETRIC_REPRESENTATION_CONTEXT(2) 
PARAMETRIC_REPRESENTATION_CONTEXT() REPRESENTATION_CONTEXT('2D SPACE',''
  ) );
#6245 = PCURVE('',#4847,#6246);
#6246 = DEFINITIONAL_REPRESENTATION('',(#6247),#6251);
#6247 = LINE('',#6248,#6249);
#6248 = CARTESIAN_POINT('',(57.5,234.));
#6249 = VECTOR('',#6250,1.);
#6250 = DIRECTION('',(0.,-1.));
#6251 = ( GEOMETRIC_REPRESENTATION_CONTEXT(2) 
PARAMETRIC_REPRESENTATION_CONTEXT() REPRESENTATION_CONTEXT('2D SPACE',''
  ) );
#6252 = ORIENTED_EDGE('',*,*,#6110,.F.);
#6253 = ADVANCED_FACE('',(#6254),#4505,.T.);
#6254 = FACE_BOUND('',#6255,.F.);
#6255 = EDGE_LOOP('',(#6256,#6257,#6278,#6279,#6302,#6330,#6353,#6379,
    #6380,#6400));
#6256 = ORIENTED_EDGE('',*,*,#4484,.T.);
#6257 = ORIENTED_EDGE('',*,*,#6258,.T.);
#6258 = EDGE_CURVE('',#4485,#4661,#6259,.T.);
#6259 = SEAM_CURVE('',#6260,(#6264,#6271),.PCURVE_S1.);
#6260 = LINE('',#6261,#6262);
#6261 = CARTESIAN_POINT('',(32.5,-25.,55.));
#6262 = VECTOR('',#6263,1.);
#6263 = DIRECTION('',(0.,0.,1.));
#6264 = PCURVE('',#4505,#6265);
#6265 = DEFINITIONAL_REPRESENTATION('',(#6266),#6270);
#6266 = LINE('',#6267,#6268);
#6267 = CARTESIAN_POINT('',(-6.28318530718,0.));
#6268 = VECTOR('',#6269,1.);
#6269 = DIRECTION('',(-0.,-1.));
#6270 = ( GEOMETRIC_REPRESENTATION_CONTEXT(2) 
PARAMETRIC_REPRESENTATION_CONTEXT() REPRESENTATION_CONTEXT('2D SPACE',''
  ) );
#6271 = PCURVE('',#4505,#6272);
#6272 = DEFINITIONAL_REPRESENTATION('',(#6273),#6277);
#6273 = LINE('',#6274,#6275);
#6274 = CARTESIAN_POINT('',(-0.,0.));
#6275 = VECTOR('',#6276,1.);
#6276 = DIRECTION('',(-0.,-1.));
#6277 = ( GEOMETRIC_REPRESENTATION_CONTEXT(2) 
PARAMETRIC_REPRESENTATION_CONTEXT() REPRESENTATION_CONTEXT('2D SPACE',''
  ) );
#6278 = ORIENTED_EDGE('',*,*,#4859,.F.);
#6279 = ORIENTED_EDGE('',*,*,#6280,.F.);
#6280 = EDGE_CURVE('',#6281,#4832,#6283,.T.);
#6281 = VERTEX_POINT('',#6282);
#6282 = CARTESIAN_POINT('',(17.5,-25.,299.));
#6283 = SURFACE_CURVE('',#6284,(#6288,#6295),.PCURVE_S1.);
#6284 = LINE('',#6285,#6286);
#6285 = CARTESIAN_POINT('',(17.5,-25.,55.));
#6286 = VECTOR('',#6287,1.);
#6287 = DIRECTION('',(-0.,-0.,-1.));
#6288 = PCURVE('',#4505,#6289);
#6289 = DEFINITIONAL_REPRESENTATION('',(#6290),#6294);
#6290 = LINE('',#6291,#6292);
#6291 = CARTESIAN_POINT('',(-3.14159265359,0.));
#6292 = VECTOR('',#6293,1.);
#6293 = DIRECTION('',(-0.,1.));
#6294 = ( GEOMETRIC_REPRESENTATION_CONTEXT(2) 
PARAMETRIC_REPRESENTATION_CONTEXT() REPRESENTATION_CONTEXT('2D SPACE',''
  ) );
#6295 = PCURVE('',#4847,#6296);
#6296 = DEFINITIONAL_REPRESENTATION('',(#6297),#6301);
#6297 = LINE('',#6298,#6299);
#6298 = CARTESIAN_POINT('',(67.5,234.));
#6299 = VECTOR('',#6300,1.);
#6300 = DIRECTION('',(0.,1.));
#6301 = ( GEOMETRIC_REPRESENTATION_CONTEXT(2) 
PARAMETRIC_REPRESENTATION_CONTEXT() REPRESENTATION_CONTEXT('2D SPACE',''
  ) );
#6302 = ORIENTED_EDGE('',*,*,#6303,.T.);
#6303 = EDGE_CURVE('',#6281,#6304,#6306,.T.);
#6304 = VERTEX_POINT('',#6305);
#6305 = CARTESIAN_POINT('',(32.5,-25.,299.));
#6306 = SURFACE_CURVE('',#6307,(#6312,#6319),.PCURVE_S1.);
#6307 = CIRCLE('',#6308,7.5);
#6308 = AXIS2_PLACEMENT_3D('',#6309,#6310,#6311);
#6309 = CARTESIAN_POINT('',(25.,-25.,299.));
#6310 = DIRECTION('',(0.,0.,-1.));
#6311 = DIRECTION('',(1.,0.,0.));
#6312 = PCURVE('',#4505,#6313);
#6313 = DEFINITIONAL_REPRESENTATION('',(#6314),#6318);
#6314 = LINE('',#6315,#6316);
#6315 = CARTESIAN_POINT('',(-6.28318530718,-244.));
#6316 = VECTOR('',#6317,1.);
#6317 = DIRECTION('',(1.,-0.));
#6318 = ( GEOMETRIC_REPRESENTATION_CONTEXT(2) 
PARAMETRIC_REPRESENTATION_CONTEXT() REPRESENTATION_CONTEXT('2D SPACE',''
  ) );
#6319 = PCURVE('',#5309,#6320);
#6320 = DEFINITIONAL_REPRESENTATION('',(#6321),#6329);
#6321 = ( BOUNDED_CURVE() B_SPLINE_CURVE(2,(#6322,#6323,#6324,#6325,
#6326,#6327,#6328),.UNSPECIFIED.,.T.,.F.) B_SPLINE_CURVE_WITH_KNOTS((1,2
    ,2,2,2,1),(-2.094395102393,0.,2.094395102393,4.188790204786,
6.28318530718,8.377580409573),.UNSPECIFIED.) CURVE() 
GEOMETRIC_REPRESENTATION_ITEM() RATIONAL_B_SPLINE_CURVE((1.,0.5,1.,0.5,
1.,0.5,1.)) REPRESENTATION_ITEM('') );
#6322 = CARTESIAN_POINT('',(32.5,-25.));
#6323 = CARTESIAN_POINT('',(32.5,-37.99038105676));
#6324 = CARTESIAN_POINT('',(21.25,-31.49519052838));
#6325 = CARTESIAN_POINT('',(10.,-25.));
#6326 = CARTESIAN_POINT('',(21.25,-18.50480947161));
#6327 = CARTESIAN_POINT('',(32.5,-12.00961894323));
#6328 = CARTESIAN_POINT('',(32.5,-25.));
#6329 = ( GEOMETRIC_REPRESENTATION_CONTEXT(2) 
PARAMETRIC_REPRESENTATION_CONTEXT() REPRESENTATION_CONTEXT('2D SPACE',''
  ) );
#6330 = ORIENTED_EDGE('',*,*,#6331,.T.);
#6331 = EDGE_CURVE('',#6304,#6332,#6334,.T.);
#6332 = VERTEX_POINT('',#6333);
#6333 = CARTESIAN_POINT('',(32.5,-25.,367.));
#6334 = SEAM_CURVE('',#6335,(#6339,#6346),.PCURVE_S1.);
#6335 = LINE('',#6336,#6337);
#6336 = CARTESIAN_POINT('',(32.5,-25.,55.));
#6337 = VECTOR('',#6338,1.);
#6338 = DIRECTION('',(0.,0.,1.));
#6339 = PCURVE('',#4505,#6340);
#6340 = DEFINITIONAL_REPRESENTATION('',(#6341),#6345);
#6341 = LINE('',#6342,#6343);
#6342 = CARTESIAN_POINT('',(-6.28318530718,0.));
#6343 = VECTOR('',#6344,1.);
#6344 = DIRECTION('',(-0.,-1.));
#6345 = ( GEOMETRIC_REPRESENTATION_CONTEXT(2) 
PARAMETRIC_REPRESENTATION_CONTEXT() REPRESENTATION_CONTEXT('2D SPACE',''
  ) );
#6346 = PCURVE('',#4505,#6347);
#6347 = DEFINITIONAL_REPRESENTATION('',(#6348),#6352);
#6348 = LINE('',#6349,#6350);
#6349 = CARTESIAN_POINT('',(-0.,0.));
#6350 = VECTOR('',#6351,1.);
#6351 = DIRECTION('',(-0.,-1.));
#6352 = ( GEOMETRIC_REPRESENTATION_CONTEXT(2) 
PARAMETRIC_REPRESENTATION_CONTEXT() REPRESENTATION_CONTEXT('2D SPACE',''
  ) );
#6353 = ORIENTED_EDGE('',*,*,#6354,.F.);
#6354 = EDGE_CURVE('',#6332,#6332,#6355,.T.);
#6355 = SURFACE_CURVE('',#6356,(#6361,#6368),.PCURVE_S1.);
#6356 = CIRCLE('',#6357,7.5);
#6357 = AXIS2_PLACEMENT_3D('',#6358,#6359,#6360);
#6358 = CARTESIAN_POINT('',(25.,-25.,367.));
#6359 = DIRECTION('',(0.,0.,-1.));
#6360 = DIRECTION('',(1.,0.,0.));
#6361 = PCURVE('',#4505,#6362);
#6362 = DEFINITIONAL_REPRESENTATION('',(#6363),#6367);
#6363 = LINE('',#6364,#6365);
#6364 = CARTESIAN_POINT('',(-6.28318530718,-312.));
#6365 = VECTOR('',#6366,1.);
#6366 = DIRECTION('',(1.,-0.));
#6367 = ( GEOMETRIC_REPRESENTATION_CONTEXT(2) 
PARAMETRIC_REPRESENTATION_CONTEXT() REPRESENTATION_CONTEXT('2D SPACE',''
  ) );
#6368 = PCURVE('',#5469,#6369);
#6369 = DEFINITIONAL_REPRESENTATION('',(#6370),#6378);
#6370 = ( BOUNDED_CURVE() B_SPLINE_CURVE(2,(#6371,#6372,#6373,#6374,
#6375,#6376,#6377),.UNSPECIFIED.,.T.,.F.) B_SPLINE_CURVE_WITH_KNOTS((1,2
    ,2,2,2,1),(-2.094395102393,0.,2.094395102393,4.188790204786,
6.28318530718,8.377580409573),.UNSPECIFIED.) CURVE() 
GEOMETRIC_REPRESENTATION_ITEM() RATIONAL_B_SPLINE_CURVE((1.,0.5,1.,0.5,
1.,0.5,1.)) REPRESENTATION_ITEM('') );
#6371 = CARTESIAN_POINT('',(32.5,-25.));
#6372 = CARTESIAN_POINT('',(32.5,-37.99038105676));
#6373 = CARTESIAN_POINT('',(21.25,-31.49519052838));
#6374 = CARTESIAN_POINT('',(10.,-25.));
#6375 = CARTESIAN_POINT('',(21.25,-18.50480947161));
#6376 = CARTESIAN_POINT('',(32.5,-12.00961894323));
#6377 = CARTESIAN_POINT('',(32.5,-25.));
#6378 = ( GEOMETRIC_REPRESENTATION_CONTEXT(2) 
PARAMETRIC_REPRESENTATION_CONTEXT() REPRESENTATION_CONTEXT('2D SPACE',''
  ) );
#6379 = ORIENTED_EDGE('',*,*,#6331,.F.);
#6380 = ORIENTED_EDGE('',*,*,#6381,.F.);
#6381 = EDGE_CURVE('',#4661,#6304,#6382,.T.);
#6382 = SURFACE_CURVE('',#6383,(#6387,#6393),.PCURVE_S1.);
#6383 = LINE('',#6384,#6385);
#6384 = CARTESIAN_POINT('',(32.5,-25.,55.));
#6385 = VECTOR('',#6386,1.);
#6386 = DIRECTION('',(0.,0.,1.));
#6387 = PCURVE('',#4505,#6388);
#6388 = DEFINITIONAL_REPRESENTATION('',(#6389),#6392);
#6389 = B_SPLINE_CURVE_WITH_KNOTS('',1,(#6390,#6391),.UNSPECIFIED.,.F.,
  .F.,(2,2),(234.,244.),.PIECEWISE_BEZIER_KNOTS.);
#6390 = CARTESIAN_POINT('',(-6.28318530718,-234.));
#6391 = CARTESIAN_POINT('',(-6.28318530718,-244.));
#6392 = ( GEOMETRIC_REPRESENTATION_CONTEXT(2) 
PARAMETRIC_REPRESENTATION_CONTEXT() REPRESENTATION_CONTEXT('2D SPACE',''
  ) );
#6393 = PCURVE('',#4678,#6394);
#6394 = DEFINITIONAL_REPRESENTATION('',(#6395),#6399);
#6395 = LINE('',#6396,#6397);
#6396 = CARTESIAN_POINT('',(82.5,234.));
#6397 = VECTOR('',#6398,1.);
#6398 = DIRECTION('',(0.,-1.));
#6399 = ( GEOMETRIC_REPRESENTATION_CONTEXT(2) 
PARAMETRIC_REPRESENTATION_CONTEXT() REPRESENTATION_CONTEXT('2D SPACE',''
  ) );
#6400 = ORIENTED_EDGE('',*,*,#6258,.F.);
#6401 = ADVANCED_FACE('',(#6402),#4540,.T.);
#6402 = FACE_BOUND('',#6403,.F.);
#6403 = EDGE_LOOP('',(#6404,#6405,#6426,#6427));
#6404 = ORIENTED_EDGE('',*,*,#4519,.T.);
#6405 = ORIENTED_EDGE('',*,*,#6406,.T.);
#6406 = EDGE_CURVE('',#4520,#4888,#6407,.T.);
#6407 = SEAM_CURVE('',#6408,(#6412,#6419),.PCURVE_S1.);
#6408 = LINE('',#6409,#6410);
#6409 = CARTESIAN_POINT('',(-30.,0.,55.));
#6410 = VECTOR('',#6411,1.);
#6411 = DIRECTION('',(0.,0.,1.));
#6412 = PCURVE('',#4540,#6413);
#6413 = DEFINITIONAL_REPRESENTATION('',(#6414),#6418);
#6414 = LINE('',#6415,#6416);
#6415 = CARTESIAN_POINT('',(-6.28318530718,0.));
#6416 = VECTOR('',#6417,1.);
#6417 = DIRECTION('',(-0.,-1.));
#6418 = ( GEOMETRIC_REPRESENTATION_CONTEXT(2) 
PARAMETRIC_REPRESENTATION_CONTEXT() REPRESENTATION_CONTEXT('2D SPACE',''
  ) );
#6419 = PCURVE('',#4540,#6420);
#6420 = DEFINITIONAL_REPRESENTATION('',(#6421),#6425);
#6421 = LINE('',#6422,#6423);
#6422 = CARTESIAN_POINT('',(-0.,0.));
#6423 = VECTOR('',#6424,1.);
#6424 = DIRECTION('',(-0.,-1.));
#6425 = ( GEOMETRIC_REPRESENTATION_CONTEXT(2) 
PARAMETRIC_REPRESENTATION_CONTEXT() REPRESENTATION_CONTEXT('2D SPACE',''
  ) );
#6426 = ORIENTED_EDGE('',*,*,#4887,.F.);
#6427 = ORIENTED_EDGE('',*,*,#6406,.F.);
#6428 = ADVANCED_FACE('',(#6429),#4575,.T.);
#6429 = FACE_BOUND('',#6430,.F.);
#6430 = EDGE_LOOP('',(#6431,#6432,#6453,#6454));
#6431 = ORIENTED_EDGE('',*,*,#4554,.T.);
#6432 = ORIENTED_EDGE('',*,*,#6433,.T.);
#6433 = EDGE_CURVE('',#4555,#4918,#6434,.T.);
#6434 = SEAM_CURVE('',#6435,(#6439,#6446),.PCURVE_S1.);
#6435 = LINE('',#6436,#6437);
#6436 = CARTESIAN_POINT('',(-5.,0.,55.));
#6437 = VECTOR('',#6438,1.);
#6438 = DIRECTION('',(0.,0.,1.));
#6439 = PCURVE('',#4575,#6440);
#6440 = DEFINITIONAL_REPRESENTATION('',(#6441),#6445);
#6441 = LINE('',#6442,#6443);
#6442 = CARTESIAN_POINT('',(-6.28318530718,0.));
#6443 = VECTOR('',#6444,1.);
#6444 = DIRECTION('',(-0.,-1.));
#6445 = ( GEOMETRIC_REPRESENTATION_CONTEXT(2) 
PARAMETRIC_REPRESENTATION_CONTEXT() REPRESENTATION_CONTEXT('2D SPACE',''
  ) );
#6446 = PCURVE('',#4575,#6447);
#6447 = DEFINITIONAL_REPRESENTATION('',(#6448),#6452);
#6448 = LINE('',#6449,#6450);
#6449 = CARTESIAN_POINT('',(-0.,0.));
#6450 = VECTOR('',#6451,1.);
#6451 = DIRECTION('',(-0.,-1.));
#6452 = ( GEOMETRIC_REPRESENTATION_CONTEXT(2) 
PARAMETRIC_REPRESENTATION_CONTEXT() REPRESENTATION_CONTEXT('2D SPACE',''
  ) );
#6453 = ORIENTED_EDGE('',*,*,#4917,.F.);
#6454 = ORIENTED_EDGE('',*,*,#6433,.F.);
#6455 = ADVANCED_FACE('',(#6456),#4610,.T.);
#6456 = FACE_BOUND('',#6457,.F.);
#6457 = EDGE_LOOP('',(#6458,#6459,#6480,#6481));
#6458 = ORIENTED_EDGE('',*,*,#4589,.T.);
#6459 = ORIENTED_EDGE('',*,*,#6460,.T.);
#6460 = EDGE_CURVE('',#4590,#4948,#6461,.T.);
#6461 = SEAM_CURVE('',#6462,(#6466,#6473),.PCURVE_S1.);
#6462 = LINE('',#6463,#6464);
#6463 = CARTESIAN_POINT('',(20.,0.,55.));
#6464 = VECTOR('',#6465,1.);
#6465 = DIRECTION('',(0.,0.,1.));
#6466 = PCURVE('',#4610,#6467);
#6467 = DEFINITIONAL_REPRESENTATION('',(#6468),#6472);
#6468 = LINE('',#6469,#6470);
#6469 = CARTESIAN_POINT('',(-6.28318530718,0.));
#6470 = VECTOR('',#6471,1.);
#6471 = DIRECTION('',(-0.,-1.));
#6472 = ( GEOMETRIC_REPRESENTATION_CONTEXT(2) 
PARAMETRIC_REPRESENTATION_CONTEXT() REPRESENTATION_CONTEXT('2D SPACE',''
  ) );
#6473 = PCURVE('',#4610,#6474);
#6474 = DEFINITIONAL_REPRESENTATION('',(#6475),#6479);
#6475 = LINE('',#6476,#6477);
#6476 = CARTESIAN_POINT('',(-0.,0.));
#6477 = VECTOR('',#6478,1.);
#6478 = DIRECTION('',(-0.,-1.));
#6479 = ( GEOMETRIC_REPRESENTATION_CONTEXT(2) 
PARAMETRIC_REPRESENTATION_CONTEXT() REPRESENTATION_CONTEXT('2D SPACE',''
  ) );
#6480 = ORIENTED_EDGE('',*,*,#4947,.F.);
#6481 = ORIENTED_EDGE('',*,*,#6460,.F.);
#6482 = ADVANCED_FACE('',(#6483),#4645,.T.);
#6483 = FACE_BOUND('',#6484,.F.);
#6484 = EDGE_LOOP('',(#6485,#6486,#6507,#6508));
#6485 = ORIENTED_EDGE('',*,*,#4624,.T.);
#6486 = ORIENTED_EDGE('',*,*,#6487,.T.);
#6487 = EDGE_CURVE('',#4625,#4978,#6488,.T.);
#6488 = SEAM_CURVE('',#6489,(#6493,#6500),.PCURVE_S1.);
#6489 = LINE('',#6490,#6491);
#6490 = CARTESIAN_POINT('',(45.,0.,55.));
#6491 = VECTOR('',#6492,1.);
#6492 = DIRECTION('',(0.,0.,1.));
#6493 = PCURVE('',#4645,#6494);
#6494 = DEFINITIONAL_REPRESENTATION('',(#6495),#6499);
#6495 = LINE('',#6496,#6497);
#6496 = CARTESIAN_POINT('',(-6.28318530718,0.));
#6497 = VECTOR('',#6498,1.);
#6498 = DIRECTION('',(-0.,-1.));
#6499 = ( GEOMETRIC_REPRESENTATION_CONTEXT(2) 
PARAMETRIC_REPRESENTATION_CONTEXT() REPRESENTATION_CONTEXT('2D SPACE',''
  ) );
#6500 = PCURVE('',#4645,#6501);
#6501 = DEFINITIONAL_REPRESENTATION('',(#6502),#6506);
#6502 = LINE('',#6503,#6504);
#6503 = CARTESIAN_POINT('',(-0.,0.));
#6504 = VECTOR('',#6505,1.);
#6505 = DIRECTION('',(-0.,-1.));
#6506 = ( GEOMETRIC_REPRESENTATION_CONTEXT(2) 
PARAMETRIC_REPRESENTATION_CONTEXT() REPRESENTATION_CONTEXT('2D SPACE',''
  ) );
#6507 = ORIENTED_EDGE('',*,*,#4977,.F.);
#6508 = ORIENTED_EDGE('',*,*,#6487,.F.);
#6509 = ADVANCED_FACE('',(#6510),#4678,.F.);
#6510 = FACE_BOUND('',#6511,.F.);
#6511 = EDGE_LOOP('',(#6512,#6513,#6514,#6537));
#6512 = ORIENTED_EDGE('',*,*,#4660,.F.);
#6513 = ORIENTED_EDGE('',*,*,#6381,.T.);
#6514 = ORIENTED_EDGE('',*,*,#6515,.T.);
#6515 = EDGE_CURVE('',#6304,#6516,#6518,.T.);
#6516 = VERTEX_POINT('',#6517);
#6517 = CARTESIAN_POINT('',(43.301270189221,-25.,299.));
#6518 = SURFACE_CURVE('',#6519,(#6523,#6530),.PCURVE_S1.);
#6519 = LINE('',#6520,#6521);
#6520 = CARTESIAN_POINT('',(-50.,-25.,299.));
#6521 = VECTOR('',#6522,1.);
#6522 = DIRECTION('',(1.,0.,0.));
#6523 = PCURVE('',#4678,#6524);
#6524 = DEFINITIONAL_REPRESENTATION('',(#6525),#6529);
#6525 = LINE('',#6526,#6527);
#6526 = CARTESIAN_POINT('',(0.,-10.));
#6527 = VECTOR('',#6528,1.);
#6528 = DIRECTION('',(1.,0.));
#6529 = ( GEOMETRIC_REPRESENTATION_CONTEXT(2) 
PARAMETRIC_REPRESENTATION_CONTEXT() REPRESENTATION_CONTEXT('2D SPACE',''
  ) );
#6530 = PCURVE('',#5309,#6531);
#6531 = DEFINITIONAL_REPRESENTATION('',(#6532),#6536);
#6532 = LINE('',#6533,#6534);
#6533 = CARTESIAN_POINT('',(-50.,-25.));
#6534 = VECTOR('',#6535,1.);
#6535 = DIRECTION('',(1.,0.));
#6536 = ( GEOMETRIC_REPRESENTATION_CONTEXT(2) 
PARAMETRIC_REPRESENTATION_CONTEXT() REPRESENTATION_CONTEXT('2D SPACE',''
  ) );
#6537 = ORIENTED_EDGE('',*,*,#6538,.T.);
#6538 = EDGE_CURVE('',#6516,#4663,#6539,.T.);
#6539 = SURFACE_CURVE('',#6540,(#6544,#6551),.PCURVE_S1.);
#6540 = LINE('',#6541,#6542);
#6541 = CARTESIAN_POINT('',(43.301270189222,-25.,289.));
#6542 = VECTOR('',#6543,1.);
#6543 = DIRECTION('',(-0.,-0.,-1.));
#6544 = PCURVE('',#4678,#6545);
#6545 = DEFINITIONAL_REPRESENTATION('',(#6546),#6550);
#6546 = LINE('',#6547,#6548);
#6547 = CARTESIAN_POINT('',(93.301270189222,0.));
#6548 = VECTOR('',#6549,1.);
#6549 = DIRECTION('',(0.,1.));
#6550 = ( GEOMETRIC_REPRESENTATION_CONTEXT(2) 
PARAMETRIC_REPRESENTATION_CONTEXT() REPRESENTATION_CONTEXT('2D SPACE',''
  ) );
#6551 = PCURVE('',#4707,#6552);
#6552 = DEFINITIONAL_REPRESENTATION('',(#6553),#6557);
#6553 = LINE('',#6554,#6555);
#6554 = CARTESIAN_POINT('',(-5.759586531581,0.));
#6555 = VECTOR('',#6556,1.);
#6556 = DIRECTION('',(-0.,1.));
#6557 = ( GEOMETRIC_REPRESENTATION_CONTEXT(2) 
PARAMETRIC_REPRESENTATION_CONTEXT() REPRESENTATION_CONTEXT('2D SPACE',''
  ) );
#6558 = ADVANCED_FACE('',(#6559),#4847,.F.);
#6559 = FACE_BOUND('',#6560,.F.);
#6560 = EDGE_LOOP('',(#6561,#6562,#6563,#6564));
#6561 = ORIENTED_EDGE('',*,*,#6280,.T.);
#6562 = ORIENTED_EDGE('',*,*,#4831,.F.);
#6563 = ORIENTED_EDGE('',*,*,#6233,.T.);
#6564 = ORIENTED_EDGE('',*,*,#6565,.T.);
#6565 = EDGE_CURVE('',#6156,#6281,#6566,.T.);
#6566 = SURFACE_CURVE('',#6567,(#6571,#6578),.PCURVE_S1.);
#6567 = LINE('',#6568,#6569);
#6568 = CARTESIAN_POINT('',(-50.,-25.,299.));
#6569 = VECTOR('',#6570,1.);
#6570 = DIRECTION('',(1.,0.,0.));
#6571 = PCURVE('',#4847,#6572);
#6572 = DEFINITIONAL_REPRESENTATION('',(#6573),#6577);
#6573 = LINE('',#6574,#6575);
#6574 = CARTESIAN_POINT('',(0.,-10.));
#6575 = VECTOR('',#6576,1.);
#6576 = DIRECTION('',(1.,0.));
#6577 = ( GEOMETRIC_REPRESENTATION_CONTEXT(2) 
PARAMETRIC_REPRESENTATION_CONTEXT() REPRESENTATION_CONTEXT('2D SPACE',''
  ) );
#6578 = PCURVE('',#5309,#6579);
#6579 = DEFINITIONAL_REPRESENTATION('',(#6580),#6584);
#6580 = LINE('',#6581,#6582);
#6581 = CARTESIAN_POINT('',(-50.,-25.));
#6582 = VECTOR('',#6583,1.);
#6583 = DIRECTION('',(1.,0.));
#6584 = ( GEOMETRIC_REPRESENTATION_CONTEXT(2) 
PARAMETRIC_REPRESENTATION_CONTEXT() REPRESENTATION_CONTEXT('2D SPACE',''
  ) );
#6585 = ADVANCED_FACE('',(#6586),#4791,.F.);
#6586 = FACE_BOUND('',#6587,.F.);
#6587 = EDGE_LOOP('',(#6588,#6589,#6590,#6591));
#6588 = ORIENTED_EDGE('',*,*,#6132,.T.);
#6589 = ORIENTED_EDGE('',*,*,#4775,.F.);
#6590 = ORIENTED_EDGE('',*,*,#6085,.T.);
#6591 = ORIENTED_EDGE('',*,*,#6592,.T.);
#6592 = EDGE_CURVE('',#6008,#6133,#6593,.T.);
#6593 = SURFACE_CURVE('',#6594,(#6598,#6605),.PCURVE_S1.);
#6594 = LINE('',#6595,#6596);
#6595 = CARTESIAN_POINT('',(-50.,-25.,299.));
#6596 = VECTOR('',#6597,1.);
#6597 = DIRECTION('',(1.,0.,0.));
#6598 = PCURVE('',#4791,#6599);
#6599 = DEFINITIONAL_REPRESENTATION('',(#6600),#6604);
#6600 = LINE('',#6601,#6602);
#6601 = CARTESIAN_POINT('',(0.,-10.));
#6602 = VECTOR('',#6603,1.);
#6603 = DIRECTION('',(1.,0.));
#6604 = ( GEOMETRIC_REPRESENTATION_CONTEXT(2) 
PARAMETRIC_REPRESENTATION_CONTEXT() REPRESENTATION_CONTEXT('2D SPACE',''
  ) );
#6605 = PCURVE('',#5309,#6606);
#6606 = DEFINITIONAL_REPRESENTATION('',(#6607),#6611);
#6607 = LINE('',#6608,#6609);
#6608 = CARTESIAN_POINT('',(-50.,-25.));
#6609 = VECTOR('',#6610,1.);
#6610 = DIRECTION('',(1.,0.));
#6611 = ( GEOMETRIC_REPRESENTATION_CONTEXT(2) 
PARAMETRIC_REPRESENTATION_CONTEXT() REPRESENTATION_CONTEXT('2D SPACE',''
  ) );
#6612 = ADVANCED_FACE('',(#6613),#4735,.F.);
#6613 = FACE_BOUND('',#6614,.F.);
#6614 = EDGE_LOOP('',(#6615,#6616,#6617,#6640));
#6615 = ORIENTED_EDGE('',*,*,#5984,.T.);
#6616 = ORIENTED_EDGE('',*,*,#4719,.F.);
#6617 = ORIENTED_EDGE('',*,*,#6618,.F.);
#6618 = EDGE_CURVE('',#6619,#4691,#6621,.T.);
#6619 = VERTEX_POINT('',#6620);
#6620 = CARTESIAN_POINT('',(-43.30127018922,-24.99999999999,299.));
#6621 = SURFACE_CURVE('',#6622,(#6626,#6633),.PCURVE_S1.);
#6622 = LINE('',#6623,#6624);
#6623 = CARTESIAN_POINT('',(-43.30127018922,-25.,289.));
#6624 = VECTOR('',#6625,1.);
#6625 = DIRECTION('',(-0.,-0.,-1.));
#6626 = PCURVE('',#4735,#6627);
#6627 = DEFINITIONAL_REPRESENTATION('',(#6628),#6632);
#6628 = LINE('',#6629,#6630);
#6629 = CARTESIAN_POINT('',(6.698729810778,0.));
#6630 = VECTOR('',#6631,1.);
#6631 = DIRECTION('',(0.,1.));
#6632 = ( GEOMETRIC_REPRESENTATION_CONTEXT(2) 
PARAMETRIC_REPRESENTATION_CONTEXT() REPRESENTATION_CONTEXT('2D SPACE',''
  ) );
#6633 = PCURVE('',#4707,#6634);
#6634 = DEFINITIONAL_REPRESENTATION('',(#6635),#6639);
#6635 = LINE('',#6636,#6637);
#6636 = CARTESIAN_POINT('',(-9.948376736368,0.));
#6637 = VECTOR('',#6638,1.);
#6638 = DIRECTION('',(-0.,1.));
#6639 = ( GEOMETRIC_REPRESENTATION_CONTEXT(2) 
PARAMETRIC_REPRESENTATION_CONTEXT() REPRESENTATION_CONTEXT('2D SPACE',''
  ) );
#6640 = ORIENTED_EDGE('',*,*,#6641,.T.);
#6641 = EDGE_CURVE('',#6619,#5985,#6642,.T.);
#6642 = SURFACE_CURVE('',#6643,(#6647,#6654),.PCURVE_S1.);
#6643 = LINE('',#6644,#6645);
#6644 = CARTESIAN_POINT('',(-50.,-25.,299.));
#6645 = VECTOR('',#6646,1.);
#6646 = DIRECTION('',(1.,0.,0.));
#6647 = PCURVE('',#4735,#6648);
#6648 = DEFINITIONAL_REPRESENTATION('',(#6649),#6653);
#6649 = LINE('',#6650,#6651);
#6650 = CARTESIAN_POINT('',(0.,-10.));
#6651 = VECTOR('',#6652,1.);
#6652 = DIRECTION('',(1.,0.));
#6653 = ( GEOMETRIC_REPRESENTATION_CONTEXT(2) 
PARAMETRIC_REPRESENTATION_CONTEXT() REPRESENTATION_CONTEXT('2D SPACE',''
  ) );
#6654 = PCURVE('',#5309,#6655);
#6655 = DEFINITIONAL_REPRESENTATION('',(#6656),#6660);
#6656 = LINE('',#6657,#6658);
#6657 = CARTESIAN_POINT('',(-50.,-25.));
#6658 = VECTOR('',#6659,1.);
#6659 = DIRECTION('',(1.,0.));
#6660 = ( GEOMETRIC_REPRESENTATION_CONTEXT(2) 
PARAMETRIC_REPRESENTATION_CONTEXT() REPRESENTATION_CONTEXT('2D SPACE',''
  ) );
#6661 = ADVANCED_FACE('',(#6662),#4707,.T.);
#6662 = FACE_BOUND('',#6663,.F.);
#6663 = EDGE_LOOP('',(#6664,#6665,#6666,#6692));
#6664 = ORIENTED_EDGE('',*,*,#4690,.F.);
#6665 = ORIENTED_EDGE('',*,*,#6538,.F.);
#6666 = ORIENTED_EDGE('',*,*,#6667,.F.);
#6667 = EDGE_CURVE('',#6619,#6516,#6668,.T.);
#6668 = SURFACE_CURVE('',#6669,(#6674,#6681),.PCURVE_S1.);
#6669 = CIRCLE('',#6670,50.);
#6670 = AXIS2_PLACEMENT_3D('',#6671,#6672,#6673);
#6671 = CARTESIAN_POINT('',(0.,0.,299.));
#6672 = DIRECTION('',(0.,0.,-1.));
#6673 = DIRECTION('',(-0.866025403784,-0.5,-0.));
#6674 = PCURVE('',#4707,#6675);
#6675 = DEFINITIONAL_REPRESENTATION('',(#6676),#6680);
#6676 = LINE('',#6677,#6678);
#6677 = CARTESIAN_POINT('',(-9.948376736368,-10.));
#6678 = VECTOR('',#6679,1.);
#6679 = DIRECTION('',(1.,-0.));
#6680 = ( GEOMETRIC_REPRESENTATION_CONTEXT(2) 
PARAMETRIC_REPRESENTATION_CONTEXT() REPRESENTATION_CONTEXT('2D SPACE',''
  ) );
#6681 = PCURVE('',#5309,#6682);
#6682 = DEFINITIONAL_REPRESENTATION('',(#6683),#6691);
#6683 = ( BOUNDED_CURVE() B_SPLINE_CURVE(2,(#6684,#6685,#6686,#6687,
#6688,#6689,#6690),.UNSPECIFIED.,.T.,.F.) B_SPLINE_CURVE_WITH_KNOTS((1,2
    ,2,2,2,1),(-2.094395102393,0.,2.094395102393,4.188790204786,
6.28318530718,8.377580409573),.UNSPECIFIED.) CURVE() 
GEOMETRIC_REPRESENTATION_ITEM() RATIONAL_B_SPLINE_CURVE((1.,0.5,1.,0.5,
1.,0.5,1.)) REPRESENTATION_ITEM('') );
#6684 = CARTESIAN_POINT('',(-43.30127018922,-24.99999999999));
#6685 = CARTESIAN_POINT('',(-86.60254037844,50.000000000003));
#6686 = CARTESIAN_POINT('',(1.972761143157E-12,50.));
#6687 = CARTESIAN_POINT('',(86.602540378446,49.999999999997));
#6688 = CARTESIAN_POINT('',(43.301270189221,-25.));
#6689 = CARTESIAN_POINT('',(-3.87778456348E-12,-100.));
#6690 = CARTESIAN_POINT('',(-43.30127018922,-24.99999999999));
#6691 = ( GEOMETRIC_REPRESENTATION_CONTEXT(2) 
PARAMETRIC_REPRESENTATION_CONTEXT() REPRESENTATION_CONTEXT('2D SPACE',''
  ) );
#6692 = ORIENTED_EDGE('',*,*,#6618,.T.);
#6693 = ADVANCED_FACE('',(#6694,#6818,#6821,#6824,#6827,#6830,#6833,
    #6836),#5034,.T.);
#6694 = FACE_BOUND('',#6695,.T.);
#6695 = EDGE_LOOP('',(#6696,#6731,#6752,#6753,#6774,#6775,#6796,#6797));
#6696 = ORIENTED_EDGE('',*,*,#6697,.F.);
#6697 = EDGE_CURVE('',#6698,#6700,#6702,.T.);
#6698 = VERTEX_POINT('',#6699);
#6699 = CARTESIAN_POINT('',(43.301270189221,25.000000000001,377.));
#6700 = VERTEX_POINT('',#6701);
#6701 = CARTESIAN_POINT('',(-43.30127018922,24.999999999999,377.));
#6702 = SURFACE_CURVE('',#6703,(#6708,#6719),.PCURVE_S1.);
#6703 = CIRCLE('',#6704,50.);
#6704 = AXIS2_PLACEMENT_3D('',#6705,#6706,#6707);
#6705 = CARTESIAN_POINT('',(0.,0.,377.));
#6706 = DIRECTION('',(0.,0.,-1.));
#6707 = DIRECTION('',(0.866025403784,0.5,0.));
#6708 = PCURVE('',#5034,#6709);
#6709 = DEFINITIONAL_REPRESENTATION('',(#6710),#6718);
#6710 = ( BOUNDED_CURVE() B_SPLINE_CURVE(2,(#6711,#6712,#6713,#6714,
#6715,#6716,#6717),.UNSPECIFIED.,.T.,.F.) B_SPLINE_CURVE_WITH_KNOTS((1,2
    ,2,2,2,1),(-2.094395102393,0.,2.094395102393,4.188790204786,
6.28318530718,8.377580409573),.UNSPECIFIED.) CURVE() 
GEOMETRIC_REPRESENTATION_ITEM() RATIONAL_B_SPLINE_CURVE((1.,0.5,1.,0.5,
1.,0.5,1.)) REPRESENTATION_ITEM('') );
#6711 = CARTESIAN_POINT('',(43.301270189221,25.000000000001));
#6712 = CARTESIAN_POINT('',(86.602540378445,-49.99999999999));
#6713 = CARTESIAN_POINT('',(1.168419931607E-12,-50.));
#6714 = CARTESIAN_POINT('',(-86.60254037844,-50.));
#6715 = CARTESIAN_POINT('',(-43.30127018922,24.999999999999));
#6716 = CARTESIAN_POINT('',(-2.386970218472E-12,100.));
#6717 = CARTESIAN_POINT('',(43.301270189221,25.000000000001));
#6718 = ( GEOMETRIC_REPRESENTATION_CONTEXT(2) 
PARAMETRIC_REPRESENTATION_CONTEXT() REPRESENTATION_CONTEXT('2D SPACE',''
  ) );
#6719 = PCURVE('',#6720,#6725);
#6720 = CYLINDRICAL_SURFACE('',#6721,50.);
#6721 = AXIS2_PLACEMENT_3D('',#6722,#6723,#6724);
#6722 = CARTESIAN_POINT('',(0.,0.,367.));
#6723 = DIRECTION('',(-0.,-0.,-1.));
#6724 = DIRECTION('',(1.,0.,0.));
#6725 = DEFINITIONAL_REPRESENTATION('',(#6726),#6730);
#6726 = LINE('',#6727,#6728);
#6727 = CARTESIAN_POINT('',(-6.806784082778,-10.));
#6728 = VECTOR('',#6729,1.);
#6729 = DIRECTION('',(1.,-0.));
#6730 = ( GEOMETRIC_REPRESENTATION_CONTEXT(2) 
PARAMETRIC_REPRESENTATION_CONTEXT() REPRESENTATION_CONTEXT('2D SPACE',''
  ) );
#6731 = ORIENTED_EDGE('',*,*,#6732,.T.);
#6732 = EDGE_CURVE('',#6698,#5831,#6733,.T.);
#6733 = SURFACE_CURVE('',#6734,(#6738,#6745),.PCURVE_S1.);
#6734 = LINE('',#6735,#6736);
#6735 = CARTESIAN_POINT('',(50.,25.,377.));
#6736 = VECTOR('',#6737,1.);
#6737 = DIRECTION('',(-1.,0.,0.));
#6738 = PCURVE('',#5034,#6739);
#6739 = DEFINITIONAL_REPRESENTATION('',(#6740),#6744);
#6740 = LINE('',#6741,#6742);
#6741 = CARTESIAN_POINT('',(50.,25.));
#6742 = VECTOR('',#6743,1.);
#6743 = DIRECTION('',(-1.,0.));
#6744 = ( GEOMETRIC_REPRESENTATION_CONTEXT(2) 
PARAMETRIC_REPRESENTATION_CONTEXT() REPRESENTATION_CONTEXT('2D SPACE',''
  ) );
#6745 = PCURVE('',#5845,#6746);
#6746 = DEFINITIONAL_REPRESENTATION('',(#6747),#6751);
#6747 = LINE('',#6748,#6749);
#6748 = CARTESIAN_POINT('',(0.,-10.));
#6749 = VECTOR('',#6750,1.);
#6750 = DIRECTION('',(1.,0.));
#6751 = ( GEOMETRIC_REPRESENTATION_CONTEXT(2) 
PARAMETRIC_REPRESENTATION_CONTEXT() REPRESENTATION_CONTEXT('2D SPACE',''
  ) );
#6752 = ORIENTED_EDGE('',*,*,#5880,.T.);
#6753 = ORIENTED_EDGE('',*,*,#6754,.T.);
#6754 = EDGE_CURVE('',#5881,#5649,#6755,.T.);
#6755 = SURFACE_CURVE('',#6756,(#6760,#6767),.PCURVE_S1.);
#6756 = LINE('',#6757,#6758);
#6757 = CARTESIAN_POINT('',(50.,25.,377.));
#6758 = VECTOR('',#6759,1.);
#6759 = DIRECTION('',(-1.,0.,0.));
#6760 = PCURVE('',#5034,#6761);
#6761 = DEFINITIONAL_REPRESENTATION('',(#6762),#6766);
#6762 = LINE('',#6763,#6764);
#6763 = CARTESIAN_POINT('',(50.,25.));
#6764 = VECTOR('',#6765,1.);
#6765 = DIRECTION('',(-1.,0.));
#6766 = ( GEOMETRIC_REPRESENTATION_CONTEXT(2) 
PARAMETRIC_REPRESENTATION_CONTEXT() REPRESENTATION_CONTEXT('2D SPACE',''
  ) );
#6767 = PCURVE('',#5663,#6768);
#6768 = DEFINITIONAL_REPRESENTATION('',(#6769),#6773);
#6769 = LINE('',#6770,#6771);
#6770 = CARTESIAN_POINT('',(0.,-10.));
#6771 = VECTOR('',#6772,1.);
#6772 = DIRECTION('',(1.,0.));
#6773 = ( GEOMETRIC_REPRESENTATION_CONTEXT(2) 
PARAMETRIC_REPRESENTATION_CONTEXT() REPRESENTATION_CONTEXT('2D SPACE',''
  ) );
#6774 = ORIENTED_EDGE('',*,*,#5698,.T.);
#6775 = ORIENTED_EDGE('',*,*,#6776,.T.);
#6776 = EDGE_CURVE('',#5699,#5349,#6777,.T.);
#6777 = SURFACE_CURVE('',#6778,(#6782,#6789),.PCURVE_S1.);
#6778 = LINE('',#6779,#6780);
#6779 = CARTESIAN_POINT('',(50.,25.,377.));
#6780 = VECTOR('',#6781,1.);
#6781 = DIRECTION('',(-1.,0.,0.));
#6782 = PCURVE('',#5034,#6783);
#6783 = DEFINITIONAL_REPRESENTATION('',(#6784),#6788);
#6784 = LINE('',#6785,#6786);
#6785 = CARTESIAN_POINT('',(50.,25.));
#6786 = VECTOR('',#6787,1.);
#6787 = DIRECTION('',(-1.,0.));
#6788 = ( GEOMETRIC_REPRESENTATION_CONTEXT(2) 
PARAMETRIC_REPRESENTATION_CONTEXT() REPRESENTATION_CONTEXT('2D SPACE',''
  ) );
#6789 = PCURVE('',#5363,#6790);
#6790 = DEFINITIONAL_REPRESENTATION('',(#6791),#6795);
#6791 = LINE('',#6792,#6793);
#6792 = CARTESIAN_POINT('',(0.,-10.));
#6793 = VECTOR('',#6794,1.);
#6794 = DIRECTION('',(1.,0.));
#6795 = ( GEOMETRIC_REPRESENTATION_CONTEXT(2) 
PARAMETRIC_REPRESENTATION_CONTEXT() REPRESENTATION_CONTEXT('2D SPACE',''
  ) );
#6796 = ORIENTED_EDGE('',*,*,#5398,.T.);
#6797 = ORIENTED_EDGE('',*,*,#6798,.T.);
#6798 = EDGE_CURVE('',#5399,#6700,#6799,.T.);
#6799 = SURFACE_CURVE('',#6800,(#6804,#6811),.PCURVE_S1.);
#6800 = LINE('',#6801,#6802);
#6801 = CARTESIAN_POINT('',(50.,25.,377.));
#6802 = VECTOR('',#6803,1.);
#6803 = DIRECTION('',(-1.,0.,0.));
#6804 = PCURVE('',#5034,#6805);
#6805 = DEFINITIONAL_REPRESENTATION('',(#6806),#6810);
#6806 = LINE('',#6807,#6808);
#6807 = CARTESIAN_POINT('',(50.,25.));
#6808 = VECTOR('',#6809,1.);
#6809 = DIRECTION('',(-1.,0.));
#6810 = ( GEOMETRIC_REPRESENTATION_CONTEXT(2) 
PARAMETRIC_REPRESENTATION_CONTEXT() REPRESENTATION_CONTEXT('2D SPACE',''
  ) );
#6811 = PCURVE('',#5442,#6812);
#6812 = DEFINITIONAL_REPRESENTATION('',(#6813),#6817);
#6813 = LINE('',#6814,#6815);
#6814 = CARTESIAN_POINT('',(0.,-10.));
#6815 = VECTOR('',#6816,1.);
#6816 = DIRECTION('',(1.,0.));
#6817 = ( GEOMETRIC_REPRESENTATION_CONTEXT(2) 
PARAMETRIC_REPRESENTATION_CONTEXT() REPRESENTATION_CONTEXT('2D SPACE',''
  ) );
#6818 = FACE_BOUND('',#6819,.T.);
#6819 = EDGE_LOOP('',(#6820));
#6820 = ORIENTED_EDGE('',*,*,#5017,.T.);
#6821 = FACE_BOUND('',#6822,.T.);
#6822 = EDGE_LOOP('',(#6823));
#6823 = ORIENTED_EDGE('',*,*,#5076,.T.);
#6824 = FACE_BOUND('',#6825,.T.);
#6825 = EDGE_LOOP('',(#6826));
#6826 = ORIENTED_EDGE('',*,*,#5130,.T.);
#6827 = FACE_BOUND('',#6828,.T.);
#6828 = EDGE_LOOP('',(#6829));
#6829 = ORIENTED_EDGE('',*,*,#5184,.T.);
#6830 = FACE_BOUND('',#6831,.T.);
#6831 = EDGE_LOOP('',(#6832));
#6832 = ORIENTED_EDGE('',*,*,#5238,.T.);
#6833 = FACE_BOUND('',#6834,.T.);
#6834 = EDGE_LOOP('',(#6835));
#6835 = ORIENTED_EDGE('',*,*,#5489,.T.);
#6836 = FACE_BOUND('',#6837,.T.);
#6837 = EDGE_LOOP('',(#6838));
#6838 = ORIENTED_EDGE('',*,*,#5543,.T.);
#6839 = ADVANCED_FACE('',(#6840,#6850,#6885,#6920,#6955,#6990,#6993,
    #6996),#5309,.T.);
#6840 = FACE_BOUND('',#6841,.T.);
#6841 = EDGE_LOOP('',(#6842,#6843,#6844,#6845,#6846,#6847,#6848,#6849));
#6842 = ORIENTED_EDGE('',*,*,#6303,.T.);
#6843 = ORIENTED_EDGE('',*,*,#6515,.T.);
#6844 = ORIENTED_EDGE('',*,*,#6667,.F.);
#6845 = ORIENTED_EDGE('',*,*,#6641,.T.);
#6846 = ORIENTED_EDGE('',*,*,#6007,.T.);
#6847 = ORIENTED_EDGE('',*,*,#6592,.T.);
#6848 = ORIENTED_EDGE('',*,*,#6155,.T.);
#6849 = ORIENTED_EDGE('',*,*,#6565,.T.);
#6850 = FACE_BOUND('',#6851,.T.);
#6851 = EDGE_LOOP('',(#6852));
#6852 = ORIENTED_EDGE('',*,*,#6853,.T.);
#6853 = EDGE_CURVE('',#6854,#6854,#6856,.T.);
#6854 = VERTEX_POINT('',#6855);
#6855 = CARTESIAN_POINT('',(-30.,0.,299.));
#6856 = SURFACE_CURVE('',#6857,(#6862,#6873),.PCURVE_S1.);
#6857 = CIRCLE('',#6858,7.5);
#6858 = AXIS2_PLACEMENT_3D('',#6859,#6860,#6861);
#6859 = CARTESIAN_POINT('',(-37.5,0.,299.));
#6860 = DIRECTION('',(0.,0.,-1.));
#6861 = DIRECTION('',(1.,0.,0.));
#6862 = PCURVE('',#5309,#6863);
#6863 = DEFINITIONAL_REPRESENTATION('',(#6864),#6872);
#6864 = ( BOUNDED_CURVE() B_SPLINE_CURVE(2,(#6865,#6866,#6867,#6868,
#6869,#6870,#6871),.UNSPECIFIED.,.T.,.F.) B_SPLINE_CURVE_WITH_KNOTS((1,2
    ,2,2,2,1),(-2.094395102393,0.,2.094395102393,4.188790204786,
6.28318530718,8.377580409573),.UNSPECIFIED.) CURVE() 
GEOMETRIC_REPRESENTATION_ITEM() RATIONAL_B_SPLINE_CURVE((1.,0.5,1.,0.5,
1.,0.5,1.)) REPRESENTATION_ITEM('') );
#6865 = CARTESIAN_POINT('',(-30.,-3.209892110372E-15));
#6866 = CARTESIAN_POINT('',(-30.,-12.99038105676));
#6867 = CARTESIAN_POINT('',(-41.25,-6.495190528383));
#6868 = CARTESIAN_POINT('',(-52.5,-5.046862309093E-15));
#6869 = CARTESIAN_POINT('',(-41.25,6.495190528383));
#6870 = CARTESIAN_POINT('',(-30.,12.990381056767));
#6871 = CARTESIAN_POINT('',(-30.,-3.209892110372E-15));
#6872 = ( GEOMETRIC_REPRESENTATION_CONTEXT(2) 
PARAMETRIC_REPRESENTATION_CONTEXT() REPRESENTATION_CONTEXT('2D SPACE',''
  ) );
#6873 = PCURVE('',#6874,#6879);
#6874 = CYLINDRICAL_SURFACE('',#6875,7.5);
#6875 = AXIS2_PLACEMENT_3D('',#6876,#6877,#6878);
#6876 = CARTESIAN_POINT('',(-37.5,0.,55.));
#6877 = DIRECTION('',(-0.,-0.,-1.));
#6878 = DIRECTION('',(1.,0.,0.));
#6879 = DEFINITIONAL_REPRESENTATION('',(#6880),#6884);
#6880 = LINE('',#6881,#6882);
#6881 = CARTESIAN_POINT('',(-6.28318530718,-244.));
#6882 = VECTOR('',#6883,1.);
#6883 = DIRECTION('',(1.,-0.));
#6884 = ( GEOMETRIC_REPRESENTATION_CONTEXT(2) 
PARAMETRIC_REPRESENTATION_CONTEXT() REPRESENTATION_CONTEXT('2D SPACE',''
  ) );
#6885 = FACE_BOUND('',#6886,.T.);
#6886 = EDGE_LOOP('',(#6887));
#6887 = ORIENTED_EDGE('',*,*,#6888,.T.);
#6888 = EDGE_CURVE('',#6889,#6889,#6891,.T.);
#6889 = VERTEX_POINT('',#6890);
#6890 = CARTESIAN_POINT('',(-5.,0.,299.));
#6891 = SURFACE_CURVE('',#6892,(#6897,#6908),.PCURVE_S1.);
#6892 = CIRCLE('',#6893,7.5);
#6893 = AXIS2_PLACEMENT_3D('',#6894,#6895,#6896);
#6894 = CARTESIAN_POINT('',(-12.5,0.,299.));
#6895 = DIRECTION('',(0.,0.,-1.));
#6896 = DIRECTION('',(1.,0.,0.));
#6897 = PCURVE('',#5309,#6898);
#6898 = DEFINITIONAL_REPRESENTATION('',(#6899),#6907);
#6899 = ( BOUNDED_CURVE() B_SPLINE_CURVE(2,(#6900,#6901,#6902,#6903,
#6904,#6905,#6906),.UNSPECIFIED.,.T.,.F.) B_SPLINE_CURVE_WITH_KNOTS((1,2
    ,2,2,2,1),(-2.094395102393,0.,2.094395102393,4.188790204786,
6.28318530718,8.377580409573),.UNSPECIFIED.) CURVE() 
GEOMETRIC_REPRESENTATION_ITEM() RATIONAL_B_SPLINE_CURVE((1.,0.5,1.,0.5,
1.,0.5,1.)) REPRESENTATION_ITEM('') );
#6900 = CARTESIAN_POINT('',(-5.,-3.209892110372E-15));
#6901 = CARTESIAN_POINT('',(-5.,-12.99038105676));
#6902 = CARTESIAN_POINT('',(-16.25,-6.495190528383));
#6903 = CARTESIAN_POINT('',(-27.5,-5.046862309093E-15));
#6904 = CARTESIAN_POINT('',(-16.25,6.495190528383));
#6905 = CARTESIAN_POINT('',(-5.,12.990381056767));
#6906 = CARTESIAN_POINT('',(-5.,-3.209892110372E-15));
#6907 = ( GEOMETRIC_REPRESENTATION_CONTEXT(2) 
PARAMETRIC_REPRESENTATION_CONTEXT() REPRESENTATION_CONTEXT('2D SPACE',''
  ) );
#6908 = PCURVE('',#6909,#6914);
#6909 = CYLINDRICAL_SURFACE('',#6910,7.5);
#6910 = AXIS2_PLACEMENT_3D('',#6911,#6912,#6913);
#6911 = CARTESIAN_POINT('',(-12.5,0.,55.));
#6912 = DIRECTION('',(-0.,-0.,-1.));
#6913 = DIRECTION('',(1.,0.,0.));
#6914 = DEFINITIONAL_REPRESENTATION('',(#6915),#6919);
#6915 = LINE('',#6916,#6917);
#6916 = CARTESIAN_POINT('',(-6.28318530718,-244.));
#6917 = VECTOR('',#6918,1.);
#6918 = DIRECTION('',(1.,-0.));
#6919 = ( GEOMETRIC_REPRESENTATION_CONTEXT(2) 
PARAMETRIC_REPRESENTATION_CONTEXT() REPRESENTATION_CONTEXT('2D SPACE',''
  ) );
#6920 = FACE_BOUND('',#6921,.T.);
#6921 = EDGE_LOOP('',(#6922));
#6922 = ORIENTED_EDGE('',*,*,#6923,.T.);
#6923 = EDGE_CURVE('',#6924,#6924,#6926,.T.);
#6924 = VERTEX_POINT('',#6925);
#6925 = CARTESIAN_POINT('',(20.,0.,299.));
#6926 = SURFACE_CURVE('',#6927,(#6932,#6943),.PCURVE_S1.);
#6927 = CIRCLE('',#6928,7.5);
#6928 = AXIS2_PLACEMENT_3D('',#6929,#6930,#6931);
#6929 = CARTESIAN_POINT('',(12.5,0.,299.));
#6930 = DIRECTION('',(0.,0.,-1.));
#6931 = DIRECTION('',(1.,0.,0.));
#6932 = PCURVE('',#5309,#6933);
#6933 = DEFINITIONAL_REPRESENTATION('',(#6934),#6942);
#6934 = ( BOUNDED_CURVE() B_SPLINE_CURVE(2,(#6935,#6936,#6937,#6938,
#6939,#6940,#6941),.UNSPECIFIED.,.T.,.F.) B_SPLINE_CURVE_WITH_KNOTS((1,2
    ,2,2,2,1),(-2.094395102393,0.,2.094395102393,4.188790204786,
6.28318530718,8.377580409573),.UNSPECIFIED.) CURVE() 
GEOMETRIC_REPRESENTATION_ITEM() RATIONAL_B_SPLINE_CURVE((1.,0.5,1.,0.5,
1.,0.5,1.)) REPRESENTATION_ITEM('') );
#6935 = CARTESIAN_POINT('',(20.,-3.209892110372E-15));
#6936 = CARTESIAN_POINT('',(20.,-12.99038105676));
#6937 = CARTESIAN_POINT('',(8.75,-6.495190528383));
#6938 = CARTESIAN_POINT('',(-2.5,-5.046862309093E-15));
#6939 = CARTESIAN_POINT('',(8.75,6.495190528383));
#6940 = CARTESIAN_POINT('',(20.,12.990381056767));
#6941 = CARTESIAN_POINT('',(20.,-3.209892110372E-15));
#6942 = ( GEOMETRIC_REPRESENTATION_CONTEXT(2) 
PARAMETRIC_REPRESENTATION_CONTEXT() REPRESENTATION_CONTEXT('2D SPACE',''
  ) );
#6943 = PCURVE('',#6944,#6949);
#6944 = CYLINDRICAL_SURFACE('',#6945,7.5);
#6945 = AXIS2_PLACEMENT_3D('',#6946,#6947,#6948);
#6946 = CARTESIAN_POINT('',(12.5,0.,55.));
#6947 = DIRECTION('',(-0.,-0.,-1.));
#6948 = DIRECTION('',(1.,0.,0.));
#6949 = DEFINITIONAL_REPRESENTATION('',(#6950),#6954);
#6950 = LINE('',#6951,#6952);
#6951 = CARTESIAN_POINT('',(-6.28318530718,-244.));
#6952 = VECTOR('',#6953,1.);
#6953 = DIRECTION('',(1.,-0.));
#6954 = ( GEOMETRIC_REPRESENTATION_CONTEXT(2) 
PARAMETRIC_REPRESENTATION_CONTEXT() REPRESENTATION_CONTEXT('2D SPACE',''
  ) );
#6955 = FACE_BOUND('',#6956,.T.);
#6956 = EDGE_LOOP('',(#6957));
#6957 = ORIENTED_EDGE('',*,*,#6958,.T.);
#6958 = EDGE_CURVE('',#6959,#6959,#6961,.T.);
#6959 = VERTEX_POINT('',#6960);
#6960 = CARTESIAN_POINT('',(45.,0.,299.));
#6961 = SURFACE_CURVE('',#6962,(#6967,#6978),.PCURVE_S1.);
#6962 = CIRCLE('',#6963,7.5);
#6963 = AXIS2_PLACEMENT_3D('',#6964,#6965,#6966);
#6964 = CARTESIAN_POINT('',(37.5,0.,299.));
#6965 = DIRECTION('',(0.,0.,-1.));
#6966 = DIRECTION('',(1.,0.,0.));
#6967 = PCURVE('',#5309,#6968);
#6968 = DEFINITIONAL_REPRESENTATION('',(#6969),#6977);
#6969 = ( BOUNDED_CURVE() B_SPLINE_CURVE(2,(#6970,#6971,#6972,#6973,
#6974,#6975,#6976),.UNSPECIFIED.,.T.,.F.) B_SPLINE_CURVE_WITH_KNOTS((1,2
    ,2,2,2,1),(-2.094395102393,0.,2.094395102393,4.188790204786,
6.28318530718,8.377580409573),.UNSPECIFIED.) CURVE() 
GEOMETRIC_REPRESENTATION_ITEM() RATIONAL_B_SPLINE_CURVE((1.,0.5,1.,0.5,
1.,0.5,1.)) REPRESENTATION_ITEM('') );
#6970 = CARTESIAN_POINT('',(45.,-3.209892110372E-15));
#6971 = CARTESIAN_POINT('',(45.,-12.99038105676));
#6972 = CARTESIAN_POINT('',(33.75,-6.495190528383));
#6973 = CARTESIAN_POINT('',(22.5,-5.046862309093E-15));
#6974 = CARTESIAN_POINT('',(33.75,6.495190528383));
#6975 = CARTESIAN_POINT('',(45.,12.990381056767));
#6976 = CARTESIAN_POINT('',(45.,-3.209892110372E-15));
#6977 = ( GEOMETRIC_REPRESENTATION_CONTEXT(2) 
PARAMETRIC_REPRESENTATION_CONTEXT() REPRESENTATION_CONTEXT('2D SPACE',''
  ) );
#6978 = PCURVE('',#6979,#6984);
#6979 = CYLINDRICAL_SURFACE('',#6980,7.5);
#6980 = AXIS2_PLACEMENT_3D('',#6981,#6982,#6983);
#6981 = CARTESIAN_POINT('',(37.5,0.,55.));
#6982 = DIRECTION('',(-0.,-0.,-1.));
#6983 = DIRECTION('',(1.,0.,0.));
#6984 = DEFINITIONAL_REPRESENTATION('',(#6985),#6989);
#6985 = LINE('',#6986,#6987);
#6986 = CARTESIAN_POINT('',(-6.28318530718,-244.));
#6987 = VECTOR('',#6988,1.);
#6988 = DIRECTION('',(1.,-0.));
#6989 = ( GEOMETRIC_REPRESENTATION_CONTEXT(2) 
PARAMETRIC_REPRESENTATION_CONTEXT() REPRESENTATION_CONTEXT('2D SPACE',''
  ) );
#6990 = FACE_BOUND('',#6991,.T.);
#6991 = EDGE_LOOP('',(#6992));
#6992 = ORIENTED_EDGE('',*,*,#5292,.T.);
#6993 = FACE_BOUND('',#6994,.T.);
#6994 = EDGE_LOOP('',(#6995));
#6995 = ORIENTED_EDGE('',*,*,#5597,.T.);
#6996 = FACE_BOUND('',#6997,.T.);
#6997 = EDGE_LOOP('',(#6998));
#6998 = ORIENTED_EDGE('',*,*,#5779,.T.);
#6999 = ADVANCED_FACE('',(#7000,#7115,#7118,#7121,#7124,#7154,#7184,
    #7214),#5469,.F.);
#7000 = FACE_BOUND('',#7001,.F.);
#7001 = EDGE_LOOP('',(#7002,#7025,#7049,#7070,#7071,#7092,#7093,#7114));
#7002 = ORIENTED_EDGE('',*,*,#7003,.T.);
#7003 = EDGE_CURVE('',#5427,#7004,#7006,.T.);
#7004 = VERTEX_POINT('',#7005);
#7005 = CARTESIAN_POINT('',(-43.30127018922,24.999999999999,367.));
#7006 = SURFACE_CURVE('',#7007,(#7011,#7018),.PCURVE_S1.);
#7007 = LINE('',#7008,#7009);
#7008 = CARTESIAN_POINT('',(50.,25.,367.));
#7009 = VECTOR('',#7010,1.);
#7010 = DIRECTION('',(-1.,0.,0.));
#7011 = PCURVE('',#5469,#7012);
#7012 = DEFINITIONAL_REPRESENTATION('',(#7013),#7017);
#7013 = LINE('',#7014,#7015);
#7014 = CARTESIAN_POINT('',(50.,25.));
#7015 = VECTOR('',#7016,1.);
#7016 = DIRECTION('',(-1.,0.));
#7017 = ( GEOMETRIC_REPRESENTATION_CONTEXT(2) 
PARAMETRIC_REPRESENTATION_CONTEXT() REPRESENTATION_CONTEXT('2D SPACE',''
  ) );
#7018 = PCURVE('',#5442,#7019);
#7019 = DEFINITIONAL_REPRESENTATION('',(#7020),#7024);
#7020 = LINE('',#7021,#7022);
#7021 = CARTESIAN_POINT('',(0.,-0.));
#7022 = VECTOR('',#7023,1.);
#7023 = DIRECTION('',(1.,0.));
#7024 = ( GEOMETRIC_REPRESENTATION_CONTEXT(2) 
PARAMETRIC_REPRESENTATION_CONTEXT() REPRESENTATION_CONTEXT('2D SPACE',''
  ) );
#7025 = ORIENTED_EDGE('',*,*,#7026,.T.);
#7026 = EDGE_CURVE('',#7004,#7027,#7029,.T.);
#7027 = VERTEX_POINT('',#7028);
#7028 = CARTESIAN_POINT('',(43.301270189221,25.000000000001,367.));
#7029 = SURFACE_CURVE('',#7030,(#7035,#7042),.PCURVE_S1.);
#7030 = CIRCLE('',#7031,50.);
#7031 = AXIS2_PLACEMENT_3D('',#7032,#7033,#7034);
#7032 = CARTESIAN_POINT('',(0.,0.,367.));
#7033 = DIRECTION('',(0.,0.,1.));
#7034 = DIRECTION('',(-0.866025403784,0.5,0.));
#7035 = PCURVE('',#5469,#7036);
#7036 = DEFINITIONAL_REPRESENTATION('',(#7037),#7041);
#7037 = CIRCLE('',#7038,50.);
#7038 = AXIS2_PLACEMENT_2D('',#7039,#7040);
#7039 = CARTESIAN_POINT('',(1.75032336965E-15,-3.209892110372E-15));
#7040 = DIRECTION('',(-0.866025403784,0.5));
#7041 = ( GEOMETRIC_REPRESENTATION_CONTEXT(2) 
PARAMETRIC_REPRESENTATION_CONTEXT() REPRESENTATION_CONTEXT('2D SPACE',''
  ) );
#7042 = PCURVE('',#6720,#7043);
#7043 = DEFINITIONAL_REPRESENTATION('',(#7044),#7048);
#7044 = LINE('',#7045,#7046);
#7045 = CARTESIAN_POINT('',(-2.617993877992,0.));
#7046 = VECTOR('',#7047,1.);
#7047 = DIRECTION('',(-1.,0.));
#7048 = ( GEOMETRIC_REPRESENTATION_CONTEXT(2) 
PARAMETRIC_REPRESENTATION_CONTEXT() REPRESENTATION_CONTEXT('2D SPACE',''
  ) );
#7049 = ORIENTED_EDGE('',*,*,#7050,.T.);
#7050 = EDGE_CURVE('',#7027,#5808,#7051,.T.);
#7051 = SURFACE_CURVE('',#7052,(#7056,#7063),.PCURVE_S1.);
#7052 = LINE('',#7053,#7054);
#7053 = CARTESIAN_POINT('',(50.,25.,367.));
#7054 = VECTOR('',#7055,1.);
#7055 = DIRECTION('',(-1.,0.,0.));
#7056 = PCURVE('',#5469,#7057);
#7057 = DEFINITIONAL_REPRESENTATION('',(#7058),#7062);
#7058 = LINE('',#7059,#7060);
#7059 = CARTESIAN_POINT('',(50.,25.));
#7060 = VECTOR('',#7061,1.);
#7061 = DIRECTION('',(-1.,0.));
#7062 = ( GEOMETRIC_REPRESENTATION_CONTEXT(2) 
PARAMETRIC_REPRESENTATION_CONTEXT() REPRESENTATION_CONTEXT('2D SPACE',''
  ) );
#7063 = PCURVE('',#5845,#7064);
#7064 = DEFINITIONAL_REPRESENTATION('',(#7065),#7069);
#7065 = LINE('',#7066,#7067);
#7066 = CARTESIAN_POINT('',(0.,-0.));
#7067 = VECTOR('',#7068,1.);
#7068 = DIRECTION('',(1.,0.));
#7069 = ( GEOMETRIC_REPRESENTATION_CONTEXT(2) 
PARAMETRIC_REPRESENTATION_CONTEXT() REPRESENTATION_CONTEXT('2D SPACE',''
  ) );
#7070 = ORIENTED_EDGE('',*,*,#5931,.T.);
#7071 = ORIENTED_EDGE('',*,*,#7072,.T.);
#7072 = EDGE_CURVE('',#5909,#5626,#7073,.T.);
#7073 = SURFACE_CURVE('',#7074,(#7078,#7085),.PCURVE_S1.);
#7074 = LINE('',#7075,#7076);
#7075 = CARTESIAN_POINT('',(50.,25.,367.));
#7076 = VECTOR('',#7077,1.);
#7077 = DIRECTION('',(-1.,0.,0.));
#7078 = PCURVE('',#5469,#7079);
#7079 = DEFINITIONAL_REPRESENTATION('',(#7080),#7084);
#7080 = LINE('',#7081,#7082);
#7081 = CARTESIAN_POINT('',(50.,25.));
#7082 = VECTOR('',#7083,1.);
#7083 = DIRECTION('',(-1.,0.));
#7084 = ( GEOMETRIC_REPRESENTATION_CONTEXT(2) 
PARAMETRIC_REPRESENTATION_CONTEXT() REPRESENTATION_CONTEXT('2D SPACE',''
  ) );
#7085 = PCURVE('',#5663,#7086);
#7086 = DEFINITIONAL_REPRESENTATION('',(#7087),#7091);
#7087 = LINE('',#7088,#7089);
#7088 = CARTESIAN_POINT('',(0.,-0.));
#7089 = VECTOR('',#7090,1.);
#7090 = DIRECTION('',(1.,0.));
#7091 = ( GEOMETRIC_REPRESENTATION_CONTEXT(2) 
PARAMETRIC_REPRESENTATION_CONTEXT() REPRESENTATION_CONTEXT('2D SPACE',''
  ) );
#7092 = ORIENTED_EDGE('',*,*,#5749,.T.);
#7093 = ORIENTED_EDGE('',*,*,#7094,.T.);
#7094 = EDGE_CURVE('',#5727,#5326,#7095,.T.);
#7095 = SURFACE_CURVE('',#7096,(#7100,#7107),.PCURVE_S1.);
#7096 = LINE('',#7097,#7098);
#7097 = CARTESIAN_POINT('',(50.,25.,367.));
#7098 = VECTOR('',#7099,1.);
#7099 = DIRECTION('',(-1.,0.,0.));
#7100 = PCURVE('',#5469,#7101);
#7101 = DEFINITIONAL_REPRESENTATION('',(#7102),#7106);
#7102 = LINE('',#7103,#7104);
#7103 = CARTESIAN_POINT('',(50.,25.));
#7104 = VECTOR('',#7105,1.);
#7105 = DIRECTION('',(-1.,0.));
#7106 = ( GEOMETRIC_REPRESENTATION_CONTEXT(2) 
PARAMETRIC_REPRESENTATION_CONTEXT() REPRESENTATION_CONTEXT('2D SPACE',''
  ) );
#7107 = PCURVE('',#5363,#7108);
#7108 = DEFINITIONAL_REPRESENTATION('',(#7109),#7113);
#7109 = LINE('',#7110,#7111);
#7110 = CARTESIAN_POINT('',(0.,-0.));
#7111 = VECTOR('',#7112,1.);
#7112 = DIRECTION('',(1.,0.));
#7113 = ( GEOMETRIC_REPRESENTATION_CONTEXT(2) 
PARAMETRIC_REPRESENTATION_CONTEXT() REPRESENTATION_CONTEXT('2D SPACE',''
  ) );
#7114 = ORIENTED_EDGE('',*,*,#5454,.T.);
#7115 = FACE_BOUND('',#7116,.F.);
#7116 = EDGE_LOOP('',(#7117));
#7117 = ORIENTED_EDGE('',*,*,#6058,.T.);
#7118 = FACE_BOUND('',#7119,.F.);
#7119 = EDGE_LOOP('',(#7120));
#7120 = ORIENTED_EDGE('',*,*,#6206,.T.);
#7121 = FACE_BOUND('',#7122,.F.);
#7122 = EDGE_LOOP('',(#7123));
#7123 = ORIENTED_EDGE('',*,*,#6354,.T.);
#7124 = FACE_BOUND('',#7125,.F.);
#7125 = EDGE_LOOP('',(#7126));
#7126 = ORIENTED_EDGE('',*,*,#7127,.T.);
#7127 = EDGE_CURVE('',#7128,#7128,#7130,.T.);
#7128 = VERTEX_POINT('',#7129);
#7129 = CARTESIAN_POINT('',(-30.,0.,367.));
#7130 = SURFACE_CURVE('',#7131,(#7136,#7147),.PCURVE_S1.);
#7131 = CIRCLE('',#7132,7.5);
#7132 = AXIS2_PLACEMENT_3D('',#7133,#7134,#7135);
#7133 = CARTESIAN_POINT('',(-37.5,0.,367.));
#7134 = DIRECTION('',(0.,0.,-1.));
#7135 = DIRECTION('',(1.,0.,0.));
#7136 = PCURVE('',#5469,#7137);
#7137 = DEFINITIONAL_REPRESENTATION('',(#7138),#7146);
#7138 = ( BOUNDED_CURVE() B_SPLINE_CURVE(2,(#7139,#7140,#7141,#7142,
#7143,#7144,#7145),.UNSPECIFIED.,.T.,.F.) B_SPLINE_CURVE_WITH_KNOTS((1,2
    ,2,2,2,1),(-2.094395102393,0.,2.094395102393,4.188790204786,
6.28318530718,8.377580409573),.UNSPECIFIED.) CURVE() 
GEOMETRIC_REPRESENTATION_ITEM() RATIONAL_B_SPLINE_CURVE((1.,0.5,1.,0.5,
1.,0.5,1.)) REPRESENTATION_ITEM('') );
#7139 = CARTESIAN_POINT('',(-30.,-3.209892110372E-15));
#7140 = CARTESIAN_POINT('',(-30.,-12.99038105676));
#7141 = CARTESIAN_POINT('',(-41.25,-6.495190528383));
#7142 = CARTESIAN_POINT('',(-52.5,-5.046862309093E-15));
#7143 = CARTESIAN_POINT('',(-41.25,6.495190528383));
#7144 = CARTESIAN_POINT('',(-30.,12.990381056767));
#7145 = CARTESIAN_POINT('',(-30.,-3.209892110372E-15));
#7146 = ( GEOMETRIC_REPRESENTATION_CONTEXT(2) 
PARAMETRIC_REPRESENTATION_CONTEXT() REPRESENTATION_CONTEXT('2D SPACE',''
  ) );
#7147 = PCURVE('',#6874,#7148);
#7148 = DEFINITIONAL_REPRESENTATION('',(#7149),#7153);
#7149 = LINE('',#7150,#7151);
#7150 = CARTESIAN_POINT('',(-6.28318530718,-312.));
#7151 = VECTOR('',#7152,1.);
#7152 = DIRECTION('',(1.,-0.));
#7153 = ( GEOMETRIC_REPRESENTATION_CONTEXT(2) 
PARAMETRIC_REPRESENTATION_CONTEXT() REPRESENTATION_CONTEXT('2D SPACE',''
  ) );
#7154 = FACE_BOUND('',#7155,.F.);
#7155 = EDGE_LOOP('',(#7156));
#7156 = ORIENTED_EDGE('',*,*,#7157,.T.);
#7157 = EDGE_CURVE('',#7158,#7158,#7160,.T.);
#7158 = VERTEX_POINT('',#7159);
#7159 = CARTESIAN_POINT('',(-5.,0.,367.));
#7160 = SURFACE_CURVE('',#7161,(#7166,#7177),.PCURVE_S1.);
#7161 = CIRCLE('',#7162,7.5);
#7162 = AXIS2_PLACEMENT_3D('',#7163,#7164,#7165);
#7163 = CARTESIAN_POINT('',(-12.5,0.,367.));
#7164 = DIRECTION('',(0.,0.,-1.));
#7165 = DIRECTION('',(1.,0.,0.));
#7166 = PCURVE('',#5469,#7167);
#7167 = DEFINITIONAL_REPRESENTATION('',(#7168),#7176);
#7168 = ( BOUNDED_CURVE() B_SPLINE_CURVE(2,(#7169,#7170,#7171,#7172,
#7173,#7174,#7175),.UNSPECIFIED.,.T.,.F.) B_SPLINE_CURVE_WITH_KNOTS((1,2
    ,2,2,2,1),(-2.094395102393,0.,2.094395102393,4.188790204786,
6.28318530718,8.377580409573),.UNSPECIFIED.) CURVE() 
GEOMETRIC_REPRESENTATION_ITEM() RATIONAL_B_SPLINE_CURVE((1.,0.5,1.,0.5,
1.,0.5,1.)) REPRESENTATION_ITEM('') );
#7169 = CARTESIAN_POINT('',(-5.,-3.209892110372E-15));
#7170 = CARTESIAN_POINT('',(-5.,-12.99038105676));
#7171 = CARTESIAN_POINT('',(-16.25,-6.495190528383));
#7172 = CARTESIAN_POINT('',(-27.5,-5.046862309093E-15));
#7173 = CARTESIAN_POINT('',(-16.25,6.495190528383));
#7174 = CARTESIAN_POINT('',(-5.,12.990381056767));
#7175 = CARTESIAN_POINT('',(-5.,-3.209892110372E-15));
#7176 = ( GEOMETRIC_REPRESENTATION_CONTEXT(2) 
PARAMETRIC_REPRESENTATION_CONTEXT() REPRESENTATION_CONTEXT('2D SPACE',''
  ) );
#7177 = PCURVE('',#6909,#7178);
#7178 = DEFINITIONAL_REPRESENTATION('',(#7179),#7183);
#7179 = LINE('',#7180,#7181);
#7180 = CARTESIAN_POINT('',(-6.28318530718,-312.));
#7181 = VECTOR('',#7182,1.);
#7182 = DIRECTION('',(1.,-0.));
#7183 = ( GEOMETRIC_REPRESENTATION_CONTEXT(2) 
PARAMETRIC_REPRESENTATION_CONTEXT() REPRESENTATION_CONTEXT('2D SPACE',''
  ) );
#7184 = FACE_BOUND('',#7185,.F.);
#7185 = EDGE_LOOP('',(#7186));
#7186 = ORIENTED_EDGE('',*,*,#7187,.T.);
#7187 = EDGE_CURVE('',#7188,#7188,#7190,.T.);
#7188 = VERTEX_POINT('',#7189);
#7189 = CARTESIAN_POINT('',(20.,0.,367.));
#7190 = SURFACE_CURVE('',#7191,(#7196,#7207),.PCURVE_S1.);
#7191 = CIRCLE('',#7192,7.5);
#7192 = AXIS2_PLACEMENT_3D('',#7193,#7194,#7195);
#7193 = CARTESIAN_POINT('',(12.5,0.,367.));
#7194 = DIRECTION('',(0.,0.,-1.));
#7195 = DIRECTION('',(1.,0.,0.));
#7196 = PCURVE('',#5469,#7197);
#7197 = DEFINITIONAL_REPRESENTATION('',(#7198),#7206);
#7198 = ( BOUNDED_CURVE() B_SPLINE_CURVE(2,(#7199,#7200,#7201,#7202,
#7203,#7204,#7205),.UNSPECIFIED.,.T.,.F.) B_SPLINE_CURVE_WITH_KNOTS((1,2
    ,2,2,2,1),(-2.094395102393,0.,2.094395102393,4.188790204786,
6.28318530718,8.377580409573),.UNSPECIFIED.) CURVE() 
GEOMETRIC_REPRESENTATION_ITEM() RATIONAL_B_SPLINE_CURVE((1.,0.5,1.,0.5,
1.,0.5,1.)) REPRESENTATION_ITEM('') );
#7199 = CARTESIAN_POINT('',(20.,-3.209892110372E-15));
#7200 = CARTESIAN_POINT('',(20.,-12.99038105676));
#7201 = CARTESIAN_POINT('',(8.75,-6.495190528383));
#7202 = CARTESIAN_POINT('',(-2.5,-5.046862309093E-15));
#7203 = CARTESIAN_POINT('',(8.75,6.495190528383));
#7204 = CARTESIAN_POINT('',(20.,12.990381056767));
#7205 = CARTESIAN_POINT('',(20.,-3.209892110372E-15));
#7206 = ( GEOMETRIC_REPRESENTATION_CONTEXT(2) 
PARAMETRIC_REPRESENTATION_CONTEXT() REPRESENTATION_CONTEXT('2D SPACE',''
  ) );
#7207 = PCURVE('',#6944,#7208);
#7208 = DEFINITIONAL_REPRESENTATION('',(#7209),#7213);
#7209 = LINE('',#7210,#7211);
#7210 = CARTESIAN_POINT('',(-6.28318530718,-312.));
#7211 = VECTOR('',#7212,1.);
#7212 = DIRECTION('',(1.,-0.));
#7213 = ( GEOMETRIC_REPRESENTATION_CONTEXT(2) 
PARAMETRIC_REPRESENTATION_CONTEXT() REPRESENTATION_CONTEXT('2D SPACE',''
  ) );
#7214 = FACE_BOUND('',#7215,.F.);
#7215 = EDGE_LOOP('',(#7216));
#7216 = ORIENTED_EDGE('',*,*,#7217,.T.);
#7217 = EDGE_CURVE('',#7218,#7218,#7220,.T.);
#7218 = VERTEX_POINT('',#7219);
#7219 = CARTESIAN_POINT('',(45.,0.,367.));
#7220 = SURFACE_CURVE('',#7221,(#7226,#7237),.PCURVE_S1.);
#7221 = CIRCLE('',#7222,7.5);
#7222 = AXIS2_PLACEMENT_3D('',#7223,#7224,#7225);
#7223 = CARTESIAN_POINT('',(37.5,0.,367.));
#7224 = DIRECTION('',(0.,0.,-1.));
#7225 = DIRECTION('',(1.,0.,0.));
#7226 = PCURVE('',#5469,#7227);
#7227 = DEFINITIONAL_REPRESENTATION('',(#7228),#7236);
#7228 = ( BOUNDED_CURVE() B_SPLINE_CURVE(2,(#7229,#7230,#7231,#7232,
#7233,#7234,#7235),.UNSPECIFIED.,.T.,.F.) B_SPLINE_CURVE_WITH_KNOTS((1,2
    ,2,2,2,1),(-2.094395102393,0.,2.094395102393,4.188790204786,
6.28318530718,8.377580409573),.UNSPECIFIED.) CURVE() 
GEOMETRIC_REPRESENTATION_ITEM() RATIONAL_B_SPLINE_CURVE((1.,0.5,1.,0.5,
1.,0.5,1.)) REPRESENTATION_ITEM('') );
#7229 = CARTESIAN_POINT('',(45.,-3.209892110372E-15));
#7230 = CARTESIAN_POINT('',(45.,-12.99038105676));
#7231 = CARTESIAN_POINT('',(33.75,-6.495190528383));
#7232 = CARTESIAN_POINT('',(22.5,-5.046862309093E-15));
#7233 = CARTESIAN_POINT('',(33.75,6.495190528383));
#7234 = CARTESIAN_POINT('',(45.,12.990381056767));
#7235 = CARTESIAN_POINT('',(45.,-3.209892110372E-15));
#7236 = ( GEOMETRIC_REPRESENTATION_CONTEXT(2) 
PARAMETRIC_REPRESENTATION_CONTEXT() REPRESENTATION_CONTEXT('2D SPACE',''
  ) );
#7237 = PCURVE('',#6979,#7238);
#7238 = DEFINITIONAL_REPRESENTATION('',(#7239),#7243);
#7239 = LINE('',#7240,#7241);
#7240 = CARTESIAN_POINT('',(-6.28318530718,-312.));
#7241 = VECTOR('',#7242,1.);
#7242 = DIRECTION('',(1.,-0.));
#7243 = ( GEOMETRIC_REPRESENTATION_CONTEXT(2) 
PARAMETRIC_REPRESENTATION_CONTEXT() REPRESENTATION_CONTEXT('2D SPACE',''
  ) );
#7244 = ADVANCED_FACE('',(#7245),#5442,.F.);
#7245 = FACE_BOUND('',#7246,.F.);
#7246 = EDGE_LOOP('',(#7247,#7248,#7249,#7250));
#7247 = ORIENTED_EDGE('',*,*,#7003,.F.);
#7248 = ORIENTED_EDGE('',*,*,#5426,.F.);
#7249 = ORIENTED_EDGE('',*,*,#6798,.T.);
#7250 = ORIENTED_EDGE('',*,*,#7251,.T.);
#7251 = EDGE_CURVE('',#6700,#7004,#7252,.T.);
#7252 = SURFACE_CURVE('',#7253,(#7257,#7264),.PCURVE_S1.);
#7253 = LINE('',#7254,#7255);
#7254 = CARTESIAN_POINT('',(-43.30127018922,25.,367.));
#7255 = VECTOR('',#7256,1.);
#7256 = DIRECTION('',(-0.,-0.,-1.));
#7257 = PCURVE('',#5442,#7258);
#7258 = DEFINITIONAL_REPRESENTATION('',(#7259),#7263);
#7259 = LINE('',#7260,#7261);
#7260 = CARTESIAN_POINT('',(93.301270189222,0.));
#7261 = VECTOR('',#7262,1.);
#7262 = DIRECTION('',(0.,1.));
#7263 = ( GEOMETRIC_REPRESENTATION_CONTEXT(2) 
PARAMETRIC_REPRESENTATION_CONTEXT() REPRESENTATION_CONTEXT('2D SPACE',''
  ) );
#7264 = PCURVE('',#6720,#7265);
#7265 = DEFINITIONAL_REPRESENTATION('',(#7266),#7270);
#7266 = LINE('',#7267,#7268);
#7267 = CARTESIAN_POINT('',(-2.617993877991,0.));
#7268 = VECTOR('',#7269,1.);
#7269 = DIRECTION('',(-0.,1.));
#7270 = ( GEOMETRIC_REPRESENTATION_CONTEXT(2) 
PARAMETRIC_REPRESENTATION_CONTEXT() REPRESENTATION_CONTEXT('2D SPACE',''
  ) );
#7271 = ADVANCED_FACE('',(#7272),#5363,.F.);
#7272 = FACE_BOUND('',#7273,.F.);
#7273 = EDGE_LOOP('',(#7274,#7275,#7276,#7277));
#7274 = ORIENTED_EDGE('',*,*,#7094,.F.);
#7275 = ORIENTED_EDGE('',*,*,#5726,.F.);
#7276 = ORIENTED_EDGE('',*,*,#6776,.T.);
#7277 = ORIENTED_EDGE('',*,*,#5348,.F.);
#7278 = ADVANCED_FACE('',(#7279),#5663,.F.);
#7279 = FACE_BOUND('',#7280,.F.);
#7280 = EDGE_LOOP('',(#7281,#7282,#7283,#7284));
#7281 = ORIENTED_EDGE('',*,*,#7072,.F.);
#7282 = ORIENTED_EDGE('',*,*,#5908,.F.);
#7283 = ORIENTED_EDGE('',*,*,#6754,.T.);
#7284 = ORIENTED_EDGE('',*,*,#5648,.F.);
#7285 = ADVANCED_FACE('',(#7286),#5845,.F.);
#7286 = FACE_BOUND('',#7287,.F.);
#7287 = EDGE_LOOP('',(#7288,#7289,#7310,#7311));
#7288 = ORIENTED_EDGE('',*,*,#7050,.F.);
#7289 = ORIENTED_EDGE('',*,*,#7290,.F.);
#7290 = EDGE_CURVE('',#6698,#7027,#7291,.T.);
#7291 = SURFACE_CURVE('',#7292,(#7296,#7303),.PCURVE_S1.);
#7292 = LINE('',#7293,#7294);
#7293 = CARTESIAN_POINT('',(43.301270189222,25.,367.));
#7294 = VECTOR('',#7295,1.);
#7295 = DIRECTION('',(-0.,-0.,-1.));
#7296 = PCURVE('',#5845,#7297);
#7297 = DEFINITIONAL_REPRESENTATION('',(#7298),#7302);
#7298 = LINE('',#7299,#7300);
#7299 = CARTESIAN_POINT('',(6.698729810778,0.));
#7300 = VECTOR('',#7301,1.);
#7301 = DIRECTION('',(0.,1.));
#7302 = ( GEOMETRIC_REPRESENTATION_CONTEXT(2) 
PARAMETRIC_REPRESENTATION_CONTEXT() REPRESENTATION_CONTEXT('2D SPACE',''
  ) );
#7303 = PCURVE('',#6720,#7304);
#7304 = DEFINITIONAL_REPRESENTATION('',(#7305),#7309);
#7305 = LINE('',#7306,#7307);
#7306 = CARTESIAN_POINT('',(-6.806784082778,0.));
#7307 = VECTOR('',#7308,1.);
#7308 = DIRECTION('',(-0.,1.));
#7309 = ( GEOMETRIC_REPRESENTATION_CONTEXT(2) 
PARAMETRIC_REPRESENTATION_CONTEXT() REPRESENTATION_CONTEXT('2D SPACE',''
  ) );
#7310 = ORIENTED_EDGE('',*,*,#6732,.T.);
#7311 = ORIENTED_EDGE('',*,*,#5830,.F.);
#7312 = ADVANCED_FACE('',(#7313),#6720,.T.);
#7313 = FACE_BOUND('',#7314,.F.);
#7314 = EDGE_LOOP('',(#7315,#7316,#7317,#7318));
#7315 = ORIENTED_EDGE('',*,*,#7026,.F.);
#7316 = ORIENTED_EDGE('',*,*,#7251,.F.);
#7317 = ORIENTED_EDGE('',*,*,#6697,.F.);
#7318 = ORIENTED_EDGE('',*,*,#7290,.T.);
#7319 = ADVANCED_FACE('',(#7320),#6874,.T.);
#7320 = FACE_BOUND('',#7321,.F.);
#7321 = EDGE_LOOP('',(#7322,#7323,#7344,#7345));
#7322 = ORIENTED_EDGE('',*,*,#6853,.T.);
#7323 = ORIENTED_EDGE('',*,*,#7324,.T.);
#7324 = EDGE_CURVE('',#6854,#7128,#7325,.T.);
#7325 = SEAM_CURVE('',#7326,(#7330,#7337),.PCURVE_S1.);
#7326 = LINE('',#7327,#7328);
#7327 = CARTESIAN_POINT('',(-30.,0.,55.));
#7328 = VECTOR('',#7329,1.);
#7329 = DIRECTION('',(0.,0.,1.));
#7330 = PCURVE('',#6874,#7331);
#7331 = DEFINITIONAL_REPRESENTATION('',(#7332),#7336);
#7332 = LINE('',#7333,#7334);
#7333 = CARTESIAN_POINT('',(-6.28318530718,0.));
#7334 = VECTOR('',#7335,1.);
#7335 = DIRECTION('',(-0.,-1.));
#7336 = ( GEOMETRIC_REPRESENTATION_CONTEXT(2) 
PARAMETRIC_REPRESENTATION_CONTEXT() REPRESENTATION_CONTEXT('2D SPACE',''
  ) );
#7337 = PCURVE('',#6874,#7338);
#7338 = DEFINITIONAL_REPRESENTATION('',(#7339),#7343);
#7339 = LINE('',#7340,#7341);
#7340 = CARTESIAN_POINT('',(-0.,0.));
#7341 = VECTOR('',#7342,1.);
#7342 = DIRECTION('',(-0.,-1.));
#7343 = ( GEOMETRIC_REPRESENTATION_CONTEXT(2) 
PARAMETRIC_REPRESENTATION_CONTEXT() REPRESENTATION_CONTEXT('2D SPACE',''
  ) );
#7344 = ORIENTED_EDGE('',*,*,#7127,.F.);
#7345 = ORIENTED_EDGE('',*,*,#7324,.F.);
#7346 = ADVANCED_FACE('',(#7347),#6909,.T.);
#7347 = FACE_BOUND('',#7348,.F.);
#7348 = EDGE_LOOP('',(#7349,#7350,#7371,#7372));
#7349 = ORIENTED_EDGE('',*,*,#6888,.T.);
#7350 = ORIENTED_EDGE('',*,*,#7351,.T.);
#7351 = EDGE_CURVE('',#6889,#7158,#7352,.T.);
#7352 = SEAM_CURVE('',#7353,(#7357,#7364),.PCURVE_S1.);
#7353 = LINE('',#7354,#7355);
#7354 = CARTESIAN_POINT('',(-5.,0.,55.));
#7355 = VECTOR('',#7356,1.);
#7356 = DIRECTION('',(0.,0.,1.));
#7357 = PCURVE('',#6909,#7358);
#7358 = DEFINITIONAL_REPRESENTATION('',(#7359),#7363);
#7359 = LINE('',#7360,#7361);
#7360 = CARTESIAN_POINT('',(-6.28318530718,0.));
#7361 = VECTOR('',#7362,1.);
#7362 = DIRECTION('',(-0.,-1.));
#7363 = ( GEOMETRIC_REPRESENTATION_CONTEXT(2) 
PARAMETRIC_REPRESENTATION_CONTEXT() REPRESENTATION_CONTEXT('2D SPACE',''
  ) );
#7364 = PCURVE('',#6909,#7365);
#7365 = DEFINITIONAL_REPRESENTATION('',(#7366),#7370);
#7366 = LINE('',#7367,#7368);
#7367 = CARTESIAN_POINT('',(-0.,0.));
#7368 = VECTOR('',#7369,1.);
#7369 = DIRECTION('',(-0.,-1.));
#7370 = ( GEOMETRIC_REPRESENTATION_CONTEXT(2) 
PARAMETRIC_REPRESENTATION_CONTEXT() REPRESENTATION_CONTEXT('2D SPACE',''
  ) );
#7371 = ORIENTED_EDGE('',*,*,#7157,.F.);
#7372 = ORIENTED_EDGE('',*,*,#7351,.F.);
#7373 = ADVANCED_FACE('',(#7374),#6944,.T.);
#7374 = FACE_BOUND('',#7375,.F.);
#7375 = EDGE_LOOP('',(#7376,#7377,#7398,#7399));
#7376 = ORIENTED_EDGE('',*,*,#6923,.T.);
#7377 = ORIENTED_EDGE('',*,*,#7378,.T.);
#7378 = EDGE_CURVE('',#6924,#7188,#7379,.T.);
#7379 = SEAM_CURVE('',#7380,(#7384,#7391),.PCURVE_S1.);
#7380 = LINE('',#7381,#7382);
#7381 = CARTESIAN_POINT('',(20.,0.,55.));
#7382 = VECTOR('',#7383,1.);
#7383 = DIRECTION('',(0.,0.,1.));
#7384 = PCURVE('',#6944,#7385);
#7385 = DEFINITIONAL_REPRESENTATION('',(#7386),#7390);
#7386 = LINE('',#7387,#7388);
#7387 = CARTESIAN_POINT('',(-6.28318530718,0.));
#7388 = VECTOR('',#7389,1.);
#7389 = DIRECTION('',(-0.,-1.));
#7390 = ( GEOMETRIC_REPRESENTATION_CONTEXT(2) 
PARAMETRIC_REPRESENTATION_CONTEXT() REPRESENTATION_CONTEXT('2D SPACE',''
  ) );
#7391 = PCURVE('',#6944,#7392);
#7392 = DEFINITIONAL_REPRESENTATION('',(#7393),#7397);
#7393 = LINE('',#7394,#7395);
#7394 = CARTESIAN_POINT('',(-0.,0.));
#7395 = VECTOR('',#7396,1.);
#7396 = DIRECTION('',(-0.,-1.));
#7397 = ( GEOMETRIC_REPRESENTATION_CONTEXT(2) 
PARAMETRIC_REPRESENTATION_CONTEXT() REPRESENTATION_CONTEXT('2D SPACE',''
  ) );
#7398 = ORIENTED_EDGE('',*,*,#7187,.F.);
#7399 = ORIENTED_EDGE('',*,*,#7378,.F.);
#7400 = ADVANCED_FACE('',(#7401),#6979,.T.);
#7401 = FACE_BOUND('',#7402,.F.);
#7402 = EDGE_LOOP('',(#7403,#7404,#7425,#7426));
#7403 = ORIENTED_EDGE('',*,*,#6958,.T.);
#7404 = ORIENTED_EDGE('',*,*,#7405,.T.);
#7405 = EDGE_CURVE('',#6959,#7218,#7406,.T.);
#7406 = SEAM_CURVE('',#7407,(#7411,#7418),.PCURVE_S1.);
#7407 = LINE('',#7408,#7409);
#7408 = CARTESIAN_POINT('',(45.,0.,55.));
#7409 = VECTOR('',#7410,1.);
#7410 = DIRECTION('',(0.,0.,1.));
#7411 = PCURVE('',#6979,#7412);
#7412 = DEFINITIONAL_REPRESENTATION('',(#7413),#7417);
#7413 = LINE('',#7414,#7415);
#7414 = CARTESIAN_POINT('',(-6.28318530718,0.));
#7415 = VECTOR('',#7416,1.);
#7416 = DIRECTION('',(-0.,-1.));
#7417 = ( GEOMETRIC_REPRESENTATION_CONTEXT(2) 
PARAMETRIC_REPRESENTATION_CONTEXT() REPRESENTATION_CONTEXT('2D SPACE',''
  ) );
#7418 = PCURVE('',#6979,#7419);
#7419 = DEFINITIONAL_REPRESENTATION('',(#7420),#7424);
#7420 = LINE('',#7421,#7422);
#7421 = CARTESIAN_POINT('',(-0.,0.));
#7422 = VECTOR('',#7423,1.);
#7423 = DIRECTION('',(-0.,-1.));
#7424 = ( GEOMETRIC_REPRESENTATION_CONTEXT(2) 
PARAMETRIC_REPRESENTATION_CONTEXT() REPRESENTATION_CONTEXT('2D SPACE',''
  ) );
#7425 = ORIENTED_EDGE('',*,*,#7217,.F.);
#7426 = ORIENTED_EDGE('',*,*,#7405,.F.);
#7427 = ( GEOMETRIC_REPRESENTATION_CONTEXT(3) 
GLOBAL_UNCERTAINTY_ASSIGNED_CONTEXT((#7431)) 
GLOBAL_UNIT_ASSIGNED_CONTEXT((#7428,#7429,#7430)) REPRESENTATION_CONTEXT
('Context #1','3D Context with UNIT and UNCERTAINTY') );
#7428 = ( LENGTH_UNIT() NAMED_UNIT(*) SI_UNIT(.MILLI.,.METRE.) );
#7429 = ( NAMED_UNIT(*) PLANE_ANGLE_UNIT() SI_UNIT($,.RADIAN.) );
#7430 = ( NAMED_UNIT(*) SI_UNIT($,.STERADIAN.) SOLID_ANGLE_UNIT() );
#7431 = UNCERTAINTY_MEASURE_WITH_UNIT(LENGTH_MEASURE(1.E-07),#7428,
  'distance_accuracy_value','confusion accuracy');
#7432 = CONTEXT_DEPENDENT_SHAPE_REPRESENTATION(#7433,#7435);
#7433 = ( REPRESENTATION_RELATIONSHIP('','',#36,#10) 
REPRESENTATION_RELATIONSHIP_WITH_TRANSFORMATION(#7434) 
SHAPE_REPRESENTATION_RELATIONSHIP() );
#7434 = ITEM_DEFINED_TRANSFORMATION('','',#11,#15);
#7435 = PRODUCT_DEFINITION_SHAPE('Placement','Placement of an item',
  #7436);
#7436 = NEXT_ASSEMBLY_USAGE_OCCURRENCE('1','wall_structure','',#5,#31,$
  );
#7437 = PRODUCT_RELATED_PRODUCT_CATEGORY('part',$,(#33));
#7438 = SHAPE_DEFINITION_REPRESENTATION(#7439,#7445);
#7439 = PRODUCT_DEFINITION_SHAPE('','',#7440);
#7440 = PRODUCT_DEFINITION('design','',#7441,#7444);
#7441 = PRODUCT_DEFINITION_FORMATION('','',#7442);
#7442 = PRODUCT('fluid_volumes','fluid_volumes','',(#7443));
#7443 = PRODUCT_CONTEXT('',#2,'mechanical');
#7444 = PRODUCT_DEFINITION_CONTEXT('part definition',#2,'design');
#7445 = SHAPE_REPRESENTATION('',(#11,#7446,#8792),#16110);
#7446 = MANIFOLD_SOLID_BREP('',#7447);
#7447 = CLOSED_SHELL('',(#7448,#7536,#7583,#7587,#7641,#7696,#8010,#8065
    ,#8115,#8165,#8215,#8265,#8315,#8365,#8415,#8465,#8515,#8577,#8644,
    #8698,#8733,#8788));
#7448 = ADVANCED_FACE('',(#7449),#7463,.T.);
#7449 = FACE_BOUND('',#7450,.F.);
#7450 = EDGE_LOOP('',(#7451,#7481,#7508,#7509));
#7451 = ORIENTED_EDGE('',*,*,#7452,.T.);
#7452 = EDGE_CURVE('',#7453,#7455,#7457,.T.);
#7453 = VERTEX_POINT('',#7454);
#7454 = CARTESIAN_POINT('',(30.,3.451657363891E-16,500.));
#7455 = VERTEX_POINT('',#7456);
#7456 = CARTESIAN_POINT('',(30.,3.451657363891E-16,550.));
#7457 = SEAM_CURVE('',#7458,(#7462,#7474),.PCURVE_S1.);
#7458 = LINE('',#7459,#7460);
#7459 = CARTESIAN_POINT('',(30.,3.451657363891E-16,500.));
#7460 = VECTOR('',#7461,1.);
#7461 = DIRECTION('',(0.,0.,1.));
#7462 = PCURVE('',#7463,#7468);
#7463 = CYLINDRICAL_SURFACE('',#7464,30.);
#7464 = AXIS2_PLACEMENT_3D('',#7465,#7466,#7467);
#7465 = CARTESIAN_POINT('',(9.55663328654E-14,3.451657363891E-16,500.));
#7466 = DIRECTION('',(-0.,-0.,-1.));
#7467 = DIRECTION('',(1.,0.,0.));
#7468 = DEFINITIONAL_REPRESENTATION('',(#7469),#7473);
#7469 = LINE('',#7470,#7471);
#7470 = CARTESIAN_POINT('',(-0.,0.));
#7471 = VECTOR('',#7472,1.);
#7472 = DIRECTION('',(-0.,-1.));
#7473 = ( GEOMETRIC_REPRESENTATION_CONTEXT(2) 
PARAMETRIC_REPRESENTATION_CONTEXT() REPRESENTATION_CONTEXT('2D SPACE',''
  ) );
#7474 = PCURVE('',#7463,#7475);
#7475 = DEFINITIONAL_REPRESENTATION('',(#7476),#7480);
#7476 = LINE('',#7477,#7478);
#7477 = CARTESIAN_POINT('',(-6.28318530718,0.));
#7478 = VECTOR('',#7479,1.);
#7479 = DIRECTION('',(-0.,-1.));
#7480 = ( GEOMETRIC_REPRESENTATION_CONTEXT(2) 
PARAMETRIC_REPRESENTATION_CONTEXT() REPRESENTATION_CONTEXT('2D SPACE',''
  ) );
#7481 = ORIENTED_EDGE('',*,*,#7482,.T.);
#7482 = EDGE_CURVE('',#7455,#7455,#7483,.T.);
#7483 = SURFACE_CURVE('',#7484,(#7489,#7496),.PCURVE_S1.);
#7484 = CIRCLE('',#7485,30.);
#7485 = AXIS2_PLACEMENT_3D('',#7486,#7487,#7488);
#7486 = CARTESIAN_POINT('',(9.55663328654E-14,3.451657363891E-16,550.));
#7487 = DIRECTION('',(0.,0.,1.));
#7488 = DIRECTION('',(1.,0.,0.));
#7489 = PCURVE('',#7463,#7490);
#7490 = DEFINITIONAL_REPRESENTATION('',(#7491),#7495);
#7491 = LINE('',#7492,#7493);
#7492 = CARTESIAN_POINT('',(-0.,-50.));
#7493 = VECTOR('',#7494,1.);
#7494 = DIRECTION('',(-1.,0.));
#7495 = ( GEOMETRIC_REPRESENTATION_CONTEXT(2) 
PARAMETRIC_REPRESENTATION_CONTEXT() REPRESENTATION_CONTEXT('2D SPACE',''
  ) );
#7496 = PCURVE('',#7497,#7502);
#7497 = PLANE('',#7498);
#7498 = AXIS2_PLACEMENT_3D('',#7499,#7500,#7501);
#7499 = CARTESIAN_POINT('',(9.335057971469E-14,2.914836316262E-16,550.)
  );
#7500 = DIRECTION('',(0.,0.,1.));
#7501 = DIRECTION('',(1.,0.,-0.));
#7502 = DEFINITIONAL_REPRESENTATION('',(#7503),#7507);
#7503 = CIRCLE('',#7504,30.);
#7504 = AXIS2_PLACEMENT_2D('',#7505,#7506);
#7505 = CARTESIAN_POINT('',(2.215753150709E-15,5.368210476292E-17));
#7506 = DIRECTION('',(1.,0.));
#7507 = ( GEOMETRIC_REPRESENTATION_CONTEXT(2) 
PARAMETRIC_REPRESENTATION_CONTEXT() REPRESENTATION_CONTEXT('2D SPACE',''
  ) );
#7508 = ORIENTED_EDGE('',*,*,#7452,.F.);
#7509 = ORIENTED_EDGE('',*,*,#7510,.F.);
#7510 = EDGE_CURVE('',#7453,#7453,#7511,.T.);
#7511 = SURFACE_CURVE('',#7512,(#7517,#7524),.PCURVE_S1.);
#7512 = CIRCLE('',#7513,30.);
#7513 = AXIS2_PLACEMENT_3D('',#7514,#7515,#7516);
#7514 = CARTESIAN_POINT('',(9.55663328654E-14,3.451657363891E-16,500.));
#7515 = DIRECTION('',(0.,0.,1.));
#7516 = DIRECTION('',(1.,0.,0.));
#7517 = PCURVE('',#7463,#7518);
#7518 = DEFINITIONAL_REPRESENTATION('',(#7519),#7523);
#7519 = LINE('',#7520,#7521);
#7520 = CARTESIAN_POINT('',(-0.,0.));
#7521 = VECTOR('',#7522,1.);
#7522 = DIRECTION('',(-1.,0.));
#7523 = ( GEOMETRIC_REPRESENTATION_CONTEXT(2) 
PARAMETRIC_REPRESENTATION_CONTEXT() REPRESENTATION_CONTEXT('2D SPACE',''
  ) );
#7524 = PCURVE('',#7525,#7530);
#7525 = PLANE('',#7526);
#7526 = AXIS2_PLACEMENT_3D('',#7527,#7528,#7529);
#7527 = CARTESIAN_POINT('',(9.335057971469E-14,2.914836316262E-16,500.)
  );
#7528 = DIRECTION('',(0.,0.,1.));
#7529 = DIRECTION('',(1.,0.,-0.));
#7530 = DEFINITIONAL_REPRESENTATION('',(#7531),#7535);
#7531 = CIRCLE('',#7532,30.);
#7532 = AXIS2_PLACEMENT_2D('',#7533,#7534);
#7533 = CARTESIAN_POINT('',(2.215753150709E-15,5.368210476292E-17));
#7534 = DIRECTION('',(1.,0.));
#7535 = ( GEOMETRIC_REPRESENTATION_CONTEXT(2) 
PARAMETRIC_REPRESENTATION_CONTEXT() REPRESENTATION_CONTEXT('2D SPACE',''
  ) );
#7536 = ADVANCED_FACE('',(#7537,#7540),#7525,.F.);
#7537 = FACE_BOUND('',#7538,.F.);
#7538 = EDGE_LOOP('',(#7539));
#7539 = ORIENTED_EDGE('',*,*,#7510,.T.);
#7540 = FACE_BOUND('',#7541,.F.);
#7541 = EDGE_LOOP('',(#7542));
#7542 = ORIENTED_EDGE('',*,*,#7543,.F.);
#7543 = EDGE_CURVE('',#7544,#7544,#7546,.T.);
#7544 = VERTEX_POINT('',#7545);
#7545 = CARTESIAN_POINT('',(20.,0.,500.));
#7546 = SURFACE_CURVE('',#7547,(#7552,#7559),.PCURVE_S1.);
#7547 = CIRCLE('',#7548,20.);
#7548 = AXIS2_PLACEMENT_3D('',#7549,#7550,#7551);
#7549 = CARTESIAN_POINT('',(0.,0.,500.));
#7550 = DIRECTION('',(0.,0.,1.));
#7551 = DIRECTION('',(1.,0.,-0.));
#7552 = PCURVE('',#7525,#7553);
#7553 = DEFINITIONAL_REPRESENTATION('',(#7554),#7558);
#7554 = CIRCLE('',#7555,20.);
#7555 = AXIS2_PLACEMENT_2D('',#7556,#7557);
#7556 = CARTESIAN_POINT('',(-9.335057971469E-14,-2.914836316262E-16));
#7557 = DIRECTION('',(1.,0.));
#7558 = ( GEOMETRIC_REPRESENTATION_CONTEXT(2) 
PARAMETRIC_REPRESENTATION_CONTEXT() REPRESENTATION_CONTEXT('2D SPACE',''
  ) );
#7559 = PCURVE('',#7560,#7577);
#7560 = SURFACE_OF_REVOLUTION('',#7561,#7574);
#7561 = B_SPLINE_CURVE_WITH_KNOTS('',6,(#7562,#7563,#7564,#7565,#7566,
    #7567,#7568,#7569,#7570,#7571,#7572,#7573),.UNSPECIFIED.,.F.,.F.,(7,
    5,7),(0.,0.785398163397,1.570796326795),.UNSPECIFIED.);
#7562 = CARTESIAN_POINT('',(50.,0.,470.));
#7563 = CARTESIAN_POINT('',(50.,0.,473.92699081698));
#7564 = CARTESIAN_POINT('',(49.383152144556,0.,477.85397507481));
#7565 = CARTESIAN_POINT('',(48.149440363701,0.,481.65987997186));
#7566 = CARTESIAN_POINT('',(46.330625168729,0.,485.22342709937));
#7567 = CARTESIAN_POINT('',(43.990005271945,0.,488.43640159924));
#7568 = CARTESIAN_POINT('',(38.436401599247,0.,493.99000527194));
#7569 = CARTESIAN_POINT('',(35.223427099375,0.,496.33062516873));
#7570 = CARTESIAN_POINT('',(31.659879971857,0.,498.14944036369));
#7571 = CARTESIAN_POINT('',(27.853975074823,0.,499.38315214455));
#7572 = CARTESIAN_POINT('',(23.926990816987,0.,500.));
#7573 = CARTESIAN_POINT('',(20.,0.,500.));
#7574 = AXIS1_PLACEMENT('',#7575,#7576);
#7575 = CARTESIAN_POINT('',(0.,0.,470.));
#7576 = DIRECTION('',(0.,0.,1.));
#7577 = DEFINITIONAL_REPRESENTATION('',(#7578),#7582);
#7578 = LINE('',#7579,#7580);
#7579 = CARTESIAN_POINT('',(0.,1.570796326795));
#7580 = VECTOR('',#7581,1.);
#7581 = DIRECTION('',(1.,0.));
#7582 = ( GEOMETRIC_REPRESENTATION_CONTEXT(2) 
PARAMETRIC_REPRESENTATION_CONTEXT() REPRESENTATION_CONTEXT('2D SPACE',''
  ) );
#7583 = ADVANCED_FACE('',(#7584),#7497,.T.);
#7584 = FACE_BOUND('',#7585,.T.);
#7585 = EDGE_LOOP('',(#7586));
#7586 = ORIENTED_EDGE('',*,*,#7482,.T.);
#7587 = ADVANCED_FACE('',(#7588),#7560,.T.);
#7588 = FACE_BOUND('',#7589,.T.);
#7589 = EDGE_LOOP('',(#7590,#7612,#7639,#7640));
#7590 = ORIENTED_EDGE('',*,*,#7591,.F.);
#7591 = EDGE_CURVE('',#7592,#7544,#7594,.T.);
#7592 = VERTEX_POINT('',#7593);
#7593 = CARTESIAN_POINT('',(50.,0.,470.));
#7594 = SEAM_CURVE('',#7595,(#7600,#7606),.PCURVE_S1.);
#7595 = CIRCLE('',#7596,30.);
#7596 = AXIS2_PLACEMENT_3D('',#7597,#7598,#7599);
#7597 = CARTESIAN_POINT('',(20.,0.,470.));
#7598 = DIRECTION('',(0.,-1.,0.));
#7599 = DIRECTION('',(1.,0.,0.));
#7600 = PCURVE('',#7560,#7601);
#7601 = DEFINITIONAL_REPRESENTATION('',(#7602),#7605);
#7602 = B_SPLINE_CURVE_WITH_KNOTS('',1,(#7603,#7604),.UNSPECIFIED.,.F.,
  .F.,(2,2),(0.,1.570796326795),.PIECEWISE_BEZIER_KNOTS.);
#7603 = CARTESIAN_POINT('',(0.,0.));
#7604 = CARTESIAN_POINT('',(0.,1.570796326795));
#7605 = ( GEOMETRIC_REPRESENTATION_CONTEXT(2) 
PARAMETRIC_REPRESENTATION_CONTEXT() REPRESENTATION_CONTEXT('2D SPACE',''
  ) );
#7606 = PCURVE('',#7560,#7607);
#7607 = DEFINITIONAL_REPRESENTATION('',(#7608),#7611);
#7608 = B_SPLINE_CURVE_WITH_KNOTS('',1,(#7609,#7610),.UNSPECIFIED.,.F.,
  .F.,(2,2),(0.,1.570796326795),.PIECEWISE_BEZIER_KNOTS.);
#7609 = CARTESIAN_POINT('',(6.28318530718,0.));
#7610 = CARTESIAN_POINT('',(6.28318530718,1.570796326795));
#7611 = ( GEOMETRIC_REPRESENTATION_CONTEXT(2) 
PARAMETRIC_REPRESENTATION_CONTEXT() REPRESENTATION_CONTEXT('2D SPACE',''
  ) );
#7612 = ORIENTED_EDGE('',*,*,#7613,.T.);
#7613 = EDGE_CURVE('',#7592,#7592,#7614,.T.);
#7614 = SURFACE_CURVE('',#7615,(#7620,#7627),.PCURVE_S1.);
#7615 = CIRCLE('',#7616,50.);
#7616 = AXIS2_PLACEMENT_3D('',#7617,#7618,#7619);
#7617 = CARTESIAN_POINT('',(0.,0.,470.));
#7618 = DIRECTION('',(0.,0.,1.));
#7619 = DIRECTION('',(1.,0.,-0.));
#7620 = PCURVE('',#7560,#7621);
#7621 = DEFINITIONAL_REPRESENTATION('',(#7622),#7626);
#7622 = LINE('',#7623,#7624);
#7623 = CARTESIAN_POINT('',(0.,0.));
#7624 = VECTOR('',#7625,1.);
#7625 = DIRECTION('',(1.,0.));
#7626 = ( GEOMETRIC_REPRESENTATION_CONTEXT(2) 
PARAMETRIC_REPRESENTATION_CONTEXT() REPRESENTATION_CONTEXT('2D SPACE',''
  ) );
#7627 = PCURVE('',#7628,#7633);
#7628 = CYLINDRICAL_SURFACE('',#7629,50.);
#7629 = AXIS2_PLACEMENT_3D('',#7630,#7631,#7632);
#7630 = CARTESIAN_POINT('',(0.,0.,0.));
#7631 = DIRECTION('',(-0.,-0.,-1.));
#7632 = DIRECTION('',(1.,0.,0.));
#7633 = DEFINITIONAL_REPRESENTATION('',(#7634),#7638);
#7634 = LINE('',#7635,#7636);
#7635 = CARTESIAN_POINT('',(-0.,-470.));
#7636 = VECTOR('',#7637,1.);
#7637 = DIRECTION('',(-1.,0.));
#7638 = ( GEOMETRIC_REPRESENTATION_CONTEXT(2) 
PARAMETRIC_REPRESENTATION_CONTEXT() REPRESENTATION_CONTEXT('2D SPACE',''
  ) );
#7639 = ORIENTED_EDGE('',*,*,#7591,.T.);
#7640 = ORIENTED_EDGE('',*,*,#7543,.F.);
#7641 = ADVANCED_FACE('',(#7642),#7628,.T.);
#7642 = FACE_BOUND('',#7643,.F.);
#7643 = EDGE_LOOP('',(#7644,#7673,#7694,#7695));
#7644 = ORIENTED_EDGE('',*,*,#7645,.F.);
#7645 = EDGE_CURVE('',#7646,#7646,#7648,.T.);
#7646 = VERTEX_POINT('',#7647);
#7647 = CARTESIAN_POINT('',(50.,0.,455.));
#7648 = SURFACE_CURVE('',#7649,(#7654,#7661),.PCURVE_S1.);
#7649 = CIRCLE('',#7650,50.);
#7650 = AXIS2_PLACEMENT_3D('',#7651,#7652,#7653);
#7651 = CARTESIAN_POINT('',(0.,0.,455.));
#7652 = DIRECTION('',(0.,0.,1.));
#7653 = DIRECTION('',(1.,0.,0.));
#7654 = PCURVE('',#7628,#7655);
#7655 = DEFINITIONAL_REPRESENTATION('',(#7656),#7660);
#7656 = LINE('',#7657,#7658);
#7657 = CARTESIAN_POINT('',(-0.,-455.));
#7658 = VECTOR('',#7659,1.);
#7659 = DIRECTION('',(-1.,0.));
#7660 = ( GEOMETRIC_REPRESENTATION_CONTEXT(2) 
PARAMETRIC_REPRESENTATION_CONTEXT() REPRESENTATION_CONTEXT('2D SPACE',''
  ) );
#7661 = PCURVE('',#7662,#7667);
#7662 = PLANE('',#7663);
#7663 = AXIS2_PLACEMENT_3D('',#7664,#7665,#7666);
#7664 = CARTESIAN_POINT('',(-25.,-25.,455.));
#7665 = DIRECTION('',(0.,0.,1.));
#7666 = DIRECTION('',(1.,0.,-0.));
#7667 = DEFINITIONAL_REPRESENTATION('',(#7668),#7672);
#7668 = CIRCLE('',#7669,50.);
#7669 = AXIS2_PLACEMENT_2D('',#7670,#7671);
#7670 = CARTESIAN_POINT('',(25.,25.));
#7671 = DIRECTION('',(1.,0.));
#7672 = ( GEOMETRIC_REPRESENTATION_CONTEXT(2) 
PARAMETRIC_REPRESENTATION_CONTEXT() REPRESENTATION_CONTEXT('2D SPACE',''
  ) );
#7673 = ORIENTED_EDGE('',*,*,#7674,.T.);
#7674 = EDGE_CURVE('',#7646,#7592,#7675,.T.);
#7675 = SEAM_CURVE('',#7676,(#7680,#7687),.PCURVE_S1.);
#7676 = LINE('',#7677,#7678);
#7677 = CARTESIAN_POINT('',(50.,0.,0.));
#7678 = VECTOR('',#7679,1.);
#7679 = DIRECTION('',(0.,0.,1.));
#7680 = PCURVE('',#7628,#7681);
#7681 = DEFINITIONAL_REPRESENTATION('',(#7682),#7686);
#7682 = LINE('',#7683,#7684);
#7683 = CARTESIAN_POINT('',(-6.28318530718,0.));
#7684 = VECTOR('',#7685,1.);
#7685 = DIRECTION('',(-0.,-1.));
#7686 = ( GEOMETRIC_REPRESENTATION_CONTEXT(2) 
PARAMETRIC_REPRESENTATION_CONTEXT() REPRESENTATION_CONTEXT('2D SPACE',''
  ) );
#7687 = PCURVE('',#7628,#7688);
#7688 = DEFINITIONAL_REPRESENTATION('',(#7689),#7693);
#7689 = LINE('',#7690,#7691);
#7690 = CARTESIAN_POINT('',(-0.,0.));
#7691 = VECTOR('',#7692,1.);
#7692 = DIRECTION('',(-0.,-1.));
#7693 = ( GEOMETRIC_REPRESENTATION_CONTEXT(2) 
PARAMETRIC_REPRESENTATION_CONTEXT() REPRESENTATION_CONTEXT('2D SPACE',''
  ) );
#7694 = ORIENTED_EDGE('',*,*,#7613,.T.);
#7695 = ORIENTED_EDGE('',*,*,#7674,.F.);
#7696 = ADVANCED_FACE('',(#7697,#7728,#7731,#7762,#7793,#7824,#7855,
    #7886,#7917,#7948,#7979),#7662,.F.);
#7697 = FACE_BOUND('',#7698,.F.);
#7698 = EDGE_LOOP('',(#7699));
#7699 = ORIENTED_EDGE('',*,*,#7700,.F.);
#7700 = EDGE_CURVE('',#7701,#7701,#7703,.T.);
#7701 = VERTEX_POINT('',#7702);
#7702 = CARTESIAN_POINT('',(-18.5,-25.,455.));
#7703 = SURFACE_CURVE('',#7704,(#7709,#7716),.PCURVE_S1.);
#7704 = CIRCLE('',#7705,6.5);
#7705 = AXIS2_PLACEMENT_3D('',#7706,#7707,#7708);
#7706 = CARTESIAN_POINT('',(-25.,-25.,455.));
#7707 = DIRECTION('',(0.,0.,1.));
#7708 = DIRECTION('',(1.,0.,0.));
#7709 = PCURVE('',#7662,#7710);
#7710 = DEFINITIONAL_REPRESENTATION('',(#7711),#7715);
#7711 = CIRCLE('',#7712,6.5);
#7712 = AXIS2_PLACEMENT_2D('',#7713,#7714);
#7713 = CARTESIAN_POINT('',(0.,0.));
#7714 = DIRECTION('',(1.,0.));
#7715 = ( GEOMETRIC_REPRESENTATION_CONTEXT(2) 
PARAMETRIC_REPRESENTATION_CONTEXT() REPRESENTATION_CONTEXT('2D SPACE',''
  ) );
#7716 = PCURVE('',#7717,#7722);
#7717 = CYLINDRICAL_SURFACE('',#7718,6.5);
#7718 = AXIS2_PLACEMENT_3D('',#7719,#7720,#7721);
#7719 = CARTESIAN_POINT('',(-25.,-25.,55.));
#7720 = DIRECTION('',(-0.,-0.,-1.));
#7721 = DIRECTION('',(1.,0.,0.));
#7722 = DEFINITIONAL_REPRESENTATION('',(#7723),#7727);
#7723 = LINE('',#7724,#7725);
#7724 = CARTESIAN_POINT('',(-0.,-400.));
#7725 = VECTOR('',#7726,1.);
#7726 = DIRECTION('',(-1.,0.));
#7727 = ( GEOMETRIC_REPRESENTATION_CONTEXT(2) 
PARAMETRIC_REPRESENTATION_CONTEXT() REPRESENTATION_CONTEXT('2D SPACE',''
  ) );
#7728 = FACE_BOUND('',#7729,.F.);
#7729 = EDGE_LOOP('',(#7730));
#7730 = ORIENTED_EDGE('',*,*,#7645,.T.);
#7731 = FACE_BOUND('',#7732,.F.);
#7732 = EDGE_LOOP('',(#7733));
#7733 = ORIENTED_EDGE('',*,*,#7734,.F.);
#7734 = EDGE_CURVE('',#7735,#7735,#7737,.T.);
#7735 = VERTEX_POINT('',#7736);
#7736 = CARTESIAN_POINT('',(31.5,25.,455.));
#7737 = SURFACE_CURVE('',#7738,(#7743,#7750),.PCURVE_S1.);
#7738 = CIRCLE('',#7739,6.5);
#7739 = AXIS2_PLACEMENT_3D('',#7740,#7741,#7742);
#7740 = CARTESIAN_POINT('',(25.,25.,455.));
#7741 = DIRECTION('',(0.,0.,1.));
#7742 = DIRECTION('',(1.,0.,0.));
#7743 = PCURVE('',#7662,#7744);
#7744 = DEFINITIONAL_REPRESENTATION('',(#7745),#7749);
#7745 = CIRCLE('',#7746,6.5);
#7746 = AXIS2_PLACEMENT_2D('',#7747,#7748);
#7747 = CARTESIAN_POINT('',(50.,50.));
#7748 = DIRECTION('',(1.,0.));
#7749 = ( GEOMETRIC_REPRESENTATION_CONTEXT(2) 
PARAMETRIC_REPRESENTATION_CONTEXT() REPRESENTATION_CONTEXT('2D SPACE',''
  ) );
#7750 = PCURVE('',#7751,#7756);
#7751 = CYLINDRICAL_SURFACE('',#7752,6.5);
#7752 = AXIS2_PLACEMENT_3D('',#7753,#7754,#7755);
#7753 = CARTESIAN_POINT('',(25.,25.,55.));
#7754 = DIRECTION('',(-0.,-0.,-1.));
#7755 = DIRECTION('',(1.,0.,0.));
#7756 = DEFINITIONAL_REPRESENTATION('',(#7757),#7761);
#7757 = LINE('',#7758,#7759);
#7758 = CARTESIAN_POINT('',(-0.,-400.));
#7759 = VECTOR('',#7760,1.);
#7760 = DIRECTION('',(-1.,0.));
#7761 = ( GEOMETRIC_REPRESENTATION_CONTEXT(2) 
PARAMETRIC_REPRESENTATION_CONTEXT() REPRESENTATION_CONTEXT('2D SPACE',''
  ) );
#7762 = FACE_BOUND('',#7763,.F.);
#7763 = EDGE_LOOP('',(#7764));
#7764 = ORIENTED_EDGE('',*,*,#7765,.F.);
#7765 = EDGE_CURVE('',#7766,#7766,#7768,.T.);
#7766 = VERTEX_POINT('',#7767);
#7767 = CARTESIAN_POINT('',(6.5,-25.,455.));
#7768 = SURFACE_CURVE('',#7769,(#7774,#7781),.PCURVE_S1.);
#7769 = CIRCLE('',#7770,6.5);
#7770 = AXIS2_PLACEMENT_3D('',#7771,#7772,#7773);
#7771 = CARTESIAN_POINT('',(0.,-25.,455.));
#7772 = DIRECTION('',(0.,0.,1.));
#7773 = DIRECTION('',(1.,0.,0.));
#7774 = PCURVE('',#7662,#7775);
#7775 = DEFINITIONAL_REPRESENTATION('',(#7776),#7780);
#7776 = CIRCLE('',#7777,6.5);
#7777 = AXIS2_PLACEMENT_2D('',#7778,#7779);
#7778 = CARTESIAN_POINT('',(25.,0.));
#7779 = DIRECTION('',(1.,0.));
#7780 = ( GEOMETRIC_REPRESENTATION_CONTEXT(2) 
PARAMETRIC_REPRESENTATION_CONTEXT() REPRESENTATION_CONTEXT('2D SPACE',''
  ) );
#7781 = PCURVE('',#7782,#7787);
#7782 = CYLINDRICAL_SURFACE('',#7783,6.5);
#7783 = AXIS2_PLACEMENT_3D('',#7784,#7785,#7786);
#7784 = CARTESIAN_POINT('',(0.,-25.,55.));
#7785 = DIRECTION('',(-0.,-0.,-1.));
#7786 = DIRECTION('',(1.,0.,0.));
#7787 = DEFINITIONAL_REPRESENTATION('',(#7788),#7792);
#7788 = LINE('',#7789,#7790);
#7789 = CARTESIAN_POINT('',(-0.,-400.));
#7790 = VECTOR('',#7791,1.);
#7791 = DIRECTION('',(-1.,0.));
#7792 = ( GEOMETRIC_REPRESENTATION_CONTEXT(2) 
PARAMETRIC_REPRESENTATION_CONTEXT() REPRESENTATION_CONTEXT('2D SPACE',''
  ) );
#7793 = FACE_BOUND('',#7794,.F.);
#7794 = EDGE_LOOP('',(#7795));
#7795 = ORIENTED_EDGE('',*,*,#7796,.F.);
#7796 = EDGE_CURVE('',#7797,#7797,#7799,.T.);
#7797 = VERTEX_POINT('',#7798);
#7798 = CARTESIAN_POINT('',(31.5,-25.,455.));
#7799 = SURFACE_CURVE('',#7800,(#7805,#7812),.PCURVE_S1.);
#7800 = CIRCLE('',#7801,6.5);
#7801 = AXIS2_PLACEMENT_3D('',#7802,#7803,#7804);
#7802 = CARTESIAN_POINT('',(25.,-25.,455.));
#7803 = DIRECTION('',(0.,0.,1.));
#7804 = DIRECTION('',(1.,0.,0.));
#7805 = PCURVE('',#7662,#7806);
#7806 = DEFINITIONAL_REPRESENTATION('',(#7807),#7811);
#7807 = CIRCLE('',#7808,6.5);
#7808 = AXIS2_PLACEMENT_2D('',#7809,#7810);
#7809 = CARTESIAN_POINT('',(50.,0.));
#7810 = DIRECTION('',(1.,0.));
#7811 = ( GEOMETRIC_REPRESENTATION_CONTEXT(2) 
PARAMETRIC_REPRESENTATION_CONTEXT() REPRESENTATION_CONTEXT('2D SPACE',''
  ) );
#7812 = PCURVE('',#7813,#7818);
#7813 = CYLINDRICAL_SURFACE('',#7814,6.5);
#7814 = AXIS2_PLACEMENT_3D('',#7815,#7816,#7817);
#7815 = CARTESIAN_POINT('',(25.,-25.,55.));
#7816 = DIRECTION('',(-0.,-0.,-1.));
#7817 = DIRECTION('',(1.,0.,0.));
#7818 = DEFINITIONAL_REPRESENTATION('',(#7819),#7823);
#7819 = LINE('',#7820,#7821);
#7820 = CARTESIAN_POINT('',(-0.,-400.));
#7821 = VECTOR('',#7822,1.);
#7822 = DIRECTION('',(-1.,0.));
#7823 = ( GEOMETRIC_REPRESENTATION_CONTEXT(2) 
PARAMETRIC_REPRESENTATION_CONTEXT() REPRESENTATION_CONTEXT('2D SPACE',''
  ) );
#7824 = FACE_BOUND('',#7825,.F.);
#7825 = EDGE_LOOP('',(#7826));
#7826 = ORIENTED_EDGE('',*,*,#7827,.F.);
#7827 = EDGE_CURVE('',#7828,#7828,#7830,.T.);
#7828 = VERTEX_POINT('',#7829);
#7829 = CARTESIAN_POINT('',(-31.,0.,455.));
#7830 = SURFACE_CURVE('',#7831,(#7836,#7843),.PCURVE_S1.);
#7831 = CIRCLE('',#7832,6.5);
#7832 = AXIS2_PLACEMENT_3D('',#7833,#7834,#7835);
#7833 = CARTESIAN_POINT('',(-37.5,0.,455.));
#7834 = DIRECTION('',(0.,0.,1.));
#7835 = DIRECTION('',(1.,0.,0.));
#7836 = PCURVE('',#7662,#7837);
#7837 = DEFINITIONAL_REPRESENTATION('',(#7838),#7842);
#7838 = CIRCLE('',#7839,6.5);
#7839 = AXIS2_PLACEMENT_2D('',#7840,#7841);
#7840 = CARTESIAN_POINT('',(-12.5,25.));
#7841 = DIRECTION('',(1.,0.));
#7842 = ( GEOMETRIC_REPRESENTATION_CONTEXT(2) 
PARAMETRIC_REPRESENTATION_CONTEXT() REPRESENTATION_CONTEXT('2D SPACE',''
  ) );
#7843 = PCURVE('',#7844,#7849);
#7844 = CYLINDRICAL_SURFACE('',#7845,6.5);
#7845 = AXIS2_PLACEMENT_3D('',#7846,#7847,#7848);
#7846 = CARTESIAN_POINT('',(-37.5,0.,55.));
#7847 = DIRECTION('',(-0.,-0.,-1.));
#7848 = DIRECTION('',(1.,0.,0.));
#7849 = DEFINITIONAL_REPRESENTATION('',(#7850),#7854);
#7850 = LINE('',#7851,#7852);
#7851 = CARTESIAN_POINT('',(-0.,-400.));
#7852 = VECTOR('',#7853,1.);
#7853 = DIRECTION('',(-1.,0.));
#7854 = ( GEOMETRIC_REPRESENTATION_CONTEXT(2) 
PARAMETRIC_REPRESENTATION_CONTEXT() REPRESENTATION_CONTEXT('2D SPACE',''
  ) );
#7855 = FACE_BOUND('',#7856,.F.);
#7856 = EDGE_LOOP('',(#7857));
#7857 = ORIENTED_EDGE('',*,*,#7858,.F.);
#7858 = EDGE_CURVE('',#7859,#7859,#7861,.T.);
#7859 = VERTEX_POINT('',#7860);
#7860 = CARTESIAN_POINT('',(-6.,0.,455.));
#7861 = SURFACE_CURVE('',#7862,(#7867,#7874),.PCURVE_S1.);
#7862 = CIRCLE('',#7863,6.5);
#7863 = AXIS2_PLACEMENT_3D('',#7864,#7865,#7866);
#7864 = CARTESIAN_POINT('',(-12.5,0.,455.));
#7865 = DIRECTION('',(0.,0.,1.));
#7866 = DIRECTION('',(1.,0.,0.));
#7867 = PCURVE('',#7662,#7868);
#7868 = DEFINITIONAL_REPRESENTATION('',(#7869),#7873);
#7869 = CIRCLE('',#7870,6.5);
#7870 = AXIS2_PLACEMENT_2D('',#7871,#7872);
#7871 = CARTESIAN_POINT('',(12.5,25.));
#7872 = DIRECTION('',(1.,0.));
#7873 = ( GEOMETRIC_REPRESENTATION_CONTEXT(2) 
PARAMETRIC_REPRESENTATION_CONTEXT() REPRESENTATION_CONTEXT('2D SPACE',''
  ) );
#7874 = PCURVE('',#7875,#7880);
#7875 = CYLINDRICAL_SURFACE('',#7876,6.5);
#7876 = AXIS2_PLACEMENT_3D('',#7877,#7878,#7879);
#7877 = CARTESIAN_POINT('',(-12.5,0.,55.));
#7878 = DIRECTION('',(-0.,-0.,-1.));
#7879 = DIRECTION('',(1.,0.,0.));
#7880 = DEFINITIONAL_REPRESENTATION('',(#7881),#7885);
#7881 = LINE('',#7882,#7883);
#7882 = CARTESIAN_POINT('',(-0.,-400.));
#7883 = VECTOR('',#7884,1.);
#7884 = DIRECTION('',(-1.,0.));
#7885 = ( GEOMETRIC_REPRESENTATION_CONTEXT(2) 
PARAMETRIC_REPRESENTATION_CONTEXT() REPRESENTATION_CONTEXT('2D SPACE',''
  ) );
#7886 = FACE_BOUND('',#7887,.F.);
#7887 = EDGE_LOOP('',(#7888));
#7888 = ORIENTED_EDGE('',*,*,#7889,.F.);
#7889 = EDGE_CURVE('',#7890,#7890,#7892,.T.);
#7890 = VERTEX_POINT('',#7891);
#7891 = CARTESIAN_POINT('',(-18.5,25.,455.));
#7892 = SURFACE_CURVE('',#7893,(#7898,#7905),.PCURVE_S1.);
#7893 = CIRCLE('',#7894,6.5);
#7894 = AXIS2_PLACEMENT_3D('',#7895,#7896,#7897);
#7895 = CARTESIAN_POINT('',(-25.,25.,455.));
#7896 = DIRECTION('',(0.,0.,1.));
#7897 = DIRECTION('',(1.,0.,0.));
#7898 = PCURVE('',#7662,#7899);
#7899 = DEFINITIONAL_REPRESENTATION('',(#7900),#7904);
#7900 = CIRCLE('',#7901,6.5);
#7901 = AXIS2_PLACEMENT_2D('',#7902,#7903);
#7902 = CARTESIAN_POINT('',(0.,50.));
#7903 = DIRECTION('',(1.,0.));
#7904 = ( GEOMETRIC_REPRESENTATION_CONTEXT(2) 
PARAMETRIC_REPRESENTATION_CONTEXT() REPRESENTATION_CONTEXT('2D SPACE',''
  ) );
#7905 = PCURVE('',#7906,#7911);
#7906 = CYLINDRICAL_SURFACE('',#7907,6.5);
#7907 = AXIS2_PLACEMENT_3D('',#7908,#7909,#7910);
#7908 = CARTESIAN_POINT('',(-25.,25.,55.));
#7909 = DIRECTION('',(-0.,-0.,-1.));
#7910 = DIRECTION('',(1.,0.,0.));
#7911 = DEFINITIONAL_REPRESENTATION('',(#7912),#7916);
#7912 = LINE('',#7913,#7914);
#7913 = CARTESIAN_POINT('',(-0.,-400.));
#7914 = VECTOR('',#7915,1.);
#7915 = DIRECTION('',(-1.,0.));
#7916 = ( GEOMETRIC_REPRESENTATION_CONTEXT(2) 
PARAMETRIC_REPRESENTATION_CONTEXT() REPRESENTATION_CONTEXT('2D SPACE',''
  ) );
#7917 = FACE_BOUND('',#7918,.F.);
#7918 = EDGE_LOOP('',(#7919));
#7919 = ORIENTED_EDGE('',*,*,#7920,.F.);
#7920 = EDGE_CURVE('',#7921,#7921,#7923,.T.);
#7921 = VERTEX_POINT('',#7922);
#7922 = CARTESIAN_POINT('',(19.,0.,455.));
#7923 = SURFACE_CURVE('',#7924,(#7929,#7936),.PCURVE_S1.);
#7924 = CIRCLE('',#7925,6.5);
#7925 = AXIS2_PLACEMENT_3D('',#7926,#7927,#7928);
#7926 = CARTESIAN_POINT('',(12.5,0.,455.));
#7927 = DIRECTION('',(0.,0.,1.));
#7928 = DIRECTION('',(1.,0.,0.));
#7929 = PCURVE('',#7662,#7930);
#7930 = DEFINITIONAL_REPRESENTATION('',(#7931),#7935);
#7931 = CIRCLE('',#7932,6.5);
#7932 = AXIS2_PLACEMENT_2D('',#7933,#7934);
#7933 = CARTESIAN_POINT('',(37.5,25.));
#7934 = DIRECTION('',(1.,0.));
#7935 = ( GEOMETRIC_REPRESENTATION_CONTEXT(2) 
PARAMETRIC_REPRESENTATION_CONTEXT() REPRESENTATION_CONTEXT('2D SPACE',''
  ) );
#7936 = PCURVE('',#7937,#7942);
#7937 = CYLINDRICAL_SURFACE('',#7938,6.5);
#7938 = AXIS2_PLACEMENT_3D('',#7939,#7940,#7941);
#7939 = CARTESIAN_POINT('',(12.5,0.,55.));
#7940 = DIRECTION('',(-0.,-0.,-1.));
#7941 = DIRECTION('',(1.,0.,0.));
#7942 = DEFINITIONAL_REPRESENTATION('',(#7943),#7947);
#7943 = LINE('',#7944,#7945);
#7944 = CARTESIAN_POINT('',(-0.,-400.));
#7945 = VECTOR('',#7946,1.);
#7946 = DIRECTION('',(-1.,0.));
#7947 = ( GEOMETRIC_REPRESENTATION_CONTEXT(2) 
PARAMETRIC_REPRESENTATION_CONTEXT() REPRESENTATION_CONTEXT('2D SPACE',''
  ) );
#7948 = FACE_BOUND('',#7949,.F.);
#7949 = EDGE_LOOP('',(#7950));
#7950 = ORIENTED_EDGE('',*,*,#7951,.F.);
#7951 = EDGE_CURVE('',#7952,#7952,#7954,.T.);
#7952 = VERTEX_POINT('',#7953);
#7953 = CARTESIAN_POINT('',(44.,0.,455.));
#7954 = SURFACE_CURVE('',#7955,(#7960,#7967),.PCURVE_S1.);
#7955 = CIRCLE('',#7956,6.5);
#7956 = AXIS2_PLACEMENT_3D('',#7957,#7958,#7959);
#7957 = CARTESIAN_POINT('',(37.5,0.,455.));
#7958 = DIRECTION('',(0.,0.,1.));
#7959 = DIRECTION('',(1.,0.,0.));
#7960 = PCURVE('',#7662,#7961);
#7961 = DEFINITIONAL_REPRESENTATION('',(#7962),#7966);
#7962 = CIRCLE('',#7963,6.5);
#7963 = AXIS2_PLACEMENT_2D('',#7964,#7965);
#7964 = CARTESIAN_POINT('',(62.5,25.));
#7965 = DIRECTION('',(1.,0.));
#7966 = ( GEOMETRIC_REPRESENTATION_CONTEXT(2) 
PARAMETRIC_REPRESENTATION_CONTEXT() REPRESENTATION_CONTEXT('2D SPACE',''
  ) );
#7967 = PCURVE('',#7968,#7973);
#7968 = CYLINDRICAL_SURFACE('',#7969,6.5);
#7969 = AXIS2_PLACEMENT_3D('',#7970,#7971,#7972);
#7970 = CARTESIAN_POINT('',(37.5,0.,55.));
#7971 = DIRECTION('',(-0.,-0.,-1.));
#7972 = DIRECTION('',(1.,0.,0.));
#7973 = DEFINITIONAL_REPRESENTATION('',(#7974),#7978);
#7974 = LINE('',#7975,#7976);
#7975 = CARTESIAN_POINT('',(-0.,-400.));
#7976 = VECTOR('',#7977,1.);
#7977 = DIRECTION('',(-1.,0.));
#7978 = ( GEOMETRIC_REPRESENTATION_CONTEXT(2) 
PARAMETRIC_REPRESENTATION_CONTEXT() REPRESENTATION_CONTEXT('2D SPACE',''
  ) );
#7979 = FACE_BOUND('',#7980,.F.);
#7980 = EDGE_LOOP('',(#7981));
#7981 = ORIENTED_EDGE('',*,*,#7982,.F.);
#7982 = EDGE_CURVE('',#7983,#7983,#7985,.T.);
#7983 = VERTEX_POINT('',#7984);
#7984 = CARTESIAN_POINT('',(6.5,25.,455.));
#7985 = SURFACE_CURVE('',#7986,(#7991,#7998),.PCURVE_S1.);
#7986 = CIRCLE('',#7987,6.5);
#7987 = AXIS2_PLACEMENT_3D('',#7988,#7989,#7990);
#7988 = CARTESIAN_POINT('',(0.,25.,455.));
#7989 = DIRECTION('',(0.,0.,1.));
#7990 = DIRECTION('',(1.,0.,0.));
#7991 = PCURVE('',#7662,#7992);
#7992 = DEFINITIONAL_REPRESENTATION('',(#7993),#7997);
#7993 = CIRCLE('',#7994,6.5);
#7994 = AXIS2_PLACEMENT_2D('',#7995,#7996);
#7995 = CARTESIAN_POINT('',(25.,50.));
#7996 = DIRECTION('',(1.,0.));
#7997 = ( GEOMETRIC_REPRESENTATION_CONTEXT(2) 
PARAMETRIC_REPRESENTATION_CONTEXT() REPRESENTATION_CONTEXT('2D SPACE',''
  ) );
#7998 = PCURVE('',#7999,#8004);
#7999 = CYLINDRICAL_SURFACE('',#8000,6.5);
#8000 = AXIS2_PLACEMENT_3D('',#8001,#8002,#8003);
#8001 = CARTESIAN_POINT('',(0.,25.,55.));
#8002 = DIRECTION('',(-0.,-0.,-1.));
#8003 = DIRECTION('',(1.,0.,0.));
#8004 = DEFINITIONAL_REPRESENTATION('',(#8005),#8009);
#8005 = LINE('',#8006,#8007);
#8006 = CARTESIAN_POINT('',(-0.,-400.));
#8007 = VECTOR('',#8008,1.);
#8008 = DIRECTION('',(-1.,0.));
#8009 = ( GEOMETRIC_REPRESENTATION_CONTEXT(2) 
PARAMETRIC_REPRESENTATION_CONTEXT() REPRESENTATION_CONTEXT('2D SPACE',''
  ) );
#8010 = ADVANCED_FACE('',(#8011),#7717,.T.);
#8011 = FACE_BOUND('',#8012,.F.);
#8012 = EDGE_LOOP('',(#8013,#8036,#8063,#8064));
#8013 = ORIENTED_EDGE('',*,*,#8014,.F.);
#8014 = EDGE_CURVE('',#8015,#7701,#8017,.T.);
#8015 = VERTEX_POINT('',#8016);
#8016 = CARTESIAN_POINT('',(-18.5,-25.,55.));
#8017 = SEAM_CURVE('',#8018,(#8022,#8029),.PCURVE_S1.);
#8018 = LINE('',#8019,#8020);
#8019 = CARTESIAN_POINT('',(-18.5,-25.,55.));
#8020 = VECTOR('',#8021,1.);
#8021 = DIRECTION('',(0.,0.,1.));
#8022 = PCURVE('',#7717,#8023);
#8023 = DEFINITIONAL_REPRESENTATION('',(#8024),#8028);
#8024 = LINE('',#8025,#8026);
#8025 = CARTESIAN_POINT('',(-6.28318530718,0.));
#8026 = VECTOR('',#8027,1.);
#8027 = DIRECTION('',(-0.,-1.));
#8028 = ( GEOMETRIC_REPRESENTATION_CONTEXT(2) 
PARAMETRIC_REPRESENTATION_CONTEXT() REPRESENTATION_CONTEXT('2D SPACE',''
  ) );
#8029 = PCURVE('',#7717,#8030);
#8030 = DEFINITIONAL_REPRESENTATION('',(#8031),#8035);
#8031 = LINE('',#8032,#8033);
#8032 = CARTESIAN_POINT('',(-0.,0.));
#8033 = VECTOR('',#8034,1.);
#8034 = DIRECTION('',(-0.,-1.));
#8035 = ( GEOMETRIC_REPRESENTATION_CONTEXT(2) 
PARAMETRIC_REPRESENTATION_CONTEXT() REPRESENTATION_CONTEXT('2D SPACE',''
  ) );
#8036 = ORIENTED_EDGE('',*,*,#8037,.F.);
#8037 = EDGE_CURVE('',#8015,#8015,#8038,.T.);
#8038 = SURFACE_CURVE('',#8039,(#8044,#8051),.PCURVE_S1.);
#8039 = CIRCLE('',#8040,6.5);
#8040 = AXIS2_PLACEMENT_3D('',#8041,#8042,#8043);
#8041 = CARTESIAN_POINT('',(-25.,-25.,55.));
#8042 = DIRECTION('',(0.,0.,1.));
#8043 = DIRECTION('',(1.,0.,0.));
#8044 = PCURVE('',#7717,#8045);
#8045 = DEFINITIONAL_REPRESENTATION('',(#8046),#8050);
#8046 = LINE('',#8047,#8048);
#8047 = CARTESIAN_POINT('',(-0.,0.));
#8048 = VECTOR('',#8049,1.);
#8049 = DIRECTION('',(-1.,0.));
#8050 = ( GEOMETRIC_REPRESENTATION_CONTEXT(2) 
PARAMETRIC_REPRESENTATION_CONTEXT() REPRESENTATION_CONTEXT('2D SPACE',''
  ) );
#8051 = PCURVE('',#8052,#8057);
#8052 = PLANE('',#8053);
#8053 = AXIS2_PLACEMENT_3D('',#8054,#8055,#8056);
#8054 = CARTESIAN_POINT('',(-1.75032336965E-15,3.209892110372E-15,55.));
#8055 = DIRECTION('',(0.,0.,1.));
#8056 = DIRECTION('',(1.,0.,-0.));
#8057 = DEFINITIONAL_REPRESENTATION('',(#8058),#8062);
#8058 = CIRCLE('',#8059,6.5);
#8059 = AXIS2_PLACEMENT_2D('',#8060,#8061);
#8060 = CARTESIAN_POINT('',(-25.,-25.));
#8061 = DIRECTION('',(1.,0.));
#8062 = ( GEOMETRIC_REPRESENTATION_CONTEXT(2) 
PARAMETRIC_REPRESENTATION_CONTEXT() REPRESENTATION_CONTEXT('2D SPACE',''
  ) );
#8063 = ORIENTED_EDGE('',*,*,#8014,.T.);
#8064 = ORIENTED_EDGE('',*,*,#7700,.T.);
#8065 = ADVANCED_FACE('',(#8066),#7751,.T.);
#8066 = FACE_BOUND('',#8067,.F.);
#8067 = EDGE_LOOP('',(#8068,#8091,#8113,#8114));
#8068 = ORIENTED_EDGE('',*,*,#8069,.F.);
#8069 = EDGE_CURVE('',#8070,#7735,#8072,.T.);
#8070 = VERTEX_POINT('',#8071);
#8071 = CARTESIAN_POINT('',(31.5,25.,55.));
#8072 = SEAM_CURVE('',#8073,(#8077,#8084),.PCURVE_S1.);
#8073 = LINE('',#8074,#8075);
#8074 = CARTESIAN_POINT('',(31.5,25.,55.));
#8075 = VECTOR('',#8076,1.);
#8076 = DIRECTION('',(0.,0.,1.));
#8077 = PCURVE('',#7751,#8078);
#8078 = DEFINITIONAL_REPRESENTATION('',(#8079),#8083);
#8079 = LINE('',#8080,#8081);
#8080 = CARTESIAN_POINT('',(-6.28318530718,0.));
#8081 = VECTOR('',#8082,1.);
#8082 = DIRECTION('',(-0.,-1.));
#8083 = ( GEOMETRIC_REPRESENTATION_CONTEXT(2) 
PARAMETRIC_REPRESENTATION_CONTEXT() REPRESENTATION_CONTEXT('2D SPACE',''
  ) );
#8084 = PCURVE('',#7751,#8085);
#8085 = DEFINITIONAL_REPRESENTATION('',(#8086),#8090);
#8086 = LINE('',#8087,#8088);
#8087 = CARTESIAN_POINT('',(-0.,0.));
#8088 = VECTOR('',#8089,1.);
#8089 = DIRECTION('',(-0.,-1.));
#8090 = ( GEOMETRIC_REPRESENTATION_CONTEXT(2) 
PARAMETRIC_REPRESENTATION_CONTEXT() REPRESENTATION_CONTEXT('2D SPACE',''
  ) );
#8091 = ORIENTED_EDGE('',*,*,#8092,.F.);
#8092 = EDGE_CURVE('',#8070,#8070,#8093,.T.);
#8093 = SURFACE_CURVE('',#8094,(#8099,#8106),.PCURVE_S1.);
#8094 = CIRCLE('',#8095,6.5);
#8095 = AXIS2_PLACEMENT_3D('',#8096,#8097,#8098);
#8096 = CARTESIAN_POINT('',(25.,25.,55.));
#8097 = DIRECTION('',(0.,0.,1.));
#8098 = DIRECTION('',(1.,0.,0.));
#8099 = PCURVE('',#7751,#8100);
#8100 = DEFINITIONAL_REPRESENTATION('',(#8101),#8105);
#8101 = LINE('',#8102,#8103);
#8102 = CARTESIAN_POINT('',(-0.,0.));
#8103 = VECTOR('',#8104,1.);
#8104 = DIRECTION('',(-1.,0.));
#8105 = ( GEOMETRIC_REPRESENTATION_CONTEXT(2) 
PARAMETRIC_REPRESENTATION_CONTEXT() REPRESENTATION_CONTEXT('2D SPACE',''
  ) );
#8106 = PCURVE('',#8052,#8107);
#8107 = DEFINITIONAL_REPRESENTATION('',(#8108),#8112);
#8108 = CIRCLE('',#8109,6.5);
#8109 = AXIS2_PLACEMENT_2D('',#8110,#8111);
#8110 = CARTESIAN_POINT('',(25.,25.));
#8111 = DIRECTION('',(1.,0.));
#8112 = ( GEOMETRIC_REPRESENTATION_CONTEXT(2) 
PARAMETRIC_REPRESENTATION_CONTEXT() REPRESENTATION_CONTEXT('2D SPACE',''
  ) );
#8113 = ORIENTED_EDGE('',*,*,#8069,.T.);
#8114 = ORIENTED_EDGE('',*,*,#7734,.T.);
#8115 = ADVANCED_FACE('',(#8116),#7782,.T.);
#8116 = FACE_BOUND('',#8117,.F.);
#8117 = EDGE_LOOP('',(#8118,#8141,#8163,#8164));
#8118 = ORIENTED_EDGE('',*,*,#8119,.F.);
#8119 = EDGE_CURVE('',#8120,#7766,#8122,.T.);
#8120 = VERTEX_POINT('',#8121);
#8121 = CARTESIAN_POINT('',(6.5,-25.,55.));
#8122 = SEAM_CURVE('',#8123,(#8127,#8134),.PCURVE_S1.);
#8123 = LINE('',#8124,#8125);
#8124 = CARTESIAN_POINT('',(6.5,-25.,55.));
#8125 = VECTOR('',#8126,1.);
#8126 = DIRECTION('',(0.,0.,1.));
#8127 = PCURVE('',#7782,#8128);
#8128 = DEFINITIONAL_REPRESENTATION('',(#8129),#8133);
#8129 = LINE('',#8130,#8131);
#8130 = CARTESIAN_POINT('',(-6.28318530718,0.));
#8131 = VECTOR('',#8132,1.);
#8132 = DIRECTION('',(-0.,-1.));
#8133 = ( GEOMETRIC_REPRESENTATION_CONTEXT(2) 
PARAMETRIC_REPRESENTATION_CONTEXT() REPRESENTATION_CONTEXT('2D SPACE',''
  ) );
#8134 = PCURVE('',#7782,#8135);
#8135 = DEFINITIONAL_REPRESENTATION('',(#8136),#8140);
#8136 = LINE('',#8137,#8138);
#8137 = CARTESIAN_POINT('',(-0.,0.));
#8138 = VECTOR('',#8139,1.);
#8139 = DIRECTION('',(-0.,-1.));
#8140 = ( GEOMETRIC_REPRESENTATION_CONTEXT(2) 
PARAMETRIC_REPRESENTATION_CONTEXT() REPRESENTATION_CONTEXT('2D SPACE',''
  ) );
#8141 = ORIENTED_EDGE('',*,*,#8142,.F.);
#8142 = EDGE_CURVE('',#8120,#8120,#8143,.T.);
#8143 = SURFACE_CURVE('',#8144,(#8149,#8156),.PCURVE_S1.);
#8144 = CIRCLE('',#8145,6.5);
#8145 = AXIS2_PLACEMENT_3D('',#8146,#8147,#8148);
#8146 = CARTESIAN_POINT('',(0.,-25.,55.));
#8147 = DIRECTION('',(0.,0.,1.));
#8148 = DIRECTION('',(1.,0.,0.));
#8149 = PCURVE('',#7782,#8150);
#8150 = DEFINITIONAL_REPRESENTATION('',(#8151),#8155);
#8151 = LINE('',#8152,#8153);
#8152 = CARTESIAN_POINT('',(-0.,0.));
#8153 = VECTOR('',#8154,1.);
#8154 = DIRECTION('',(-1.,0.));
#8155 = ( GEOMETRIC_REPRESENTATION_CONTEXT(2) 
PARAMETRIC_REPRESENTATION_CONTEXT() REPRESENTATION_CONTEXT('2D SPACE',''
  ) );
#8156 = PCURVE('',#8052,#8157);
#8157 = DEFINITIONAL_REPRESENTATION('',(#8158),#8162);
#8158 = CIRCLE('',#8159,6.5);
#8159 = AXIS2_PLACEMENT_2D('',#8160,#8161);
#8160 = CARTESIAN_POINT('',(1.75032336965E-15,-25.));
#8161 = DIRECTION('',(1.,0.));
#8162 = ( GEOMETRIC_REPRESENTATION_CONTEXT(2) 
PARAMETRIC_REPRESENTATION_CONTEXT() REPRESENTATION_CONTEXT('2D SPACE',''
  ) );
#8163 = ORIENTED_EDGE('',*,*,#8119,.T.);
#8164 = ORIENTED_EDGE('',*,*,#7765,.T.);
#8165 = ADVANCED_FACE('',(#8166),#7813,.T.);
#8166 = FACE_BOUND('',#8167,.F.);
#8167 = EDGE_LOOP('',(#8168,#8191,#8213,#8214));
#8168 = ORIENTED_EDGE('',*,*,#8169,.F.);
#8169 = EDGE_CURVE('',#8170,#7797,#8172,.T.);
#8170 = VERTEX_POINT('',#8171);
#8171 = CARTESIAN_POINT('',(31.5,-25.,55.));
#8172 = SEAM_CURVE('',#8173,(#8177,#8184),.PCURVE_S1.);
#8173 = LINE('',#8174,#8175);
#8174 = CARTESIAN_POINT('',(31.5,-25.,55.));
#8175 = VECTOR('',#8176,1.);
#8176 = DIRECTION('',(0.,0.,1.));
#8177 = PCURVE('',#7813,#8178);
#8178 = DEFINITIONAL_REPRESENTATION('',(#8179),#8183);
#8179 = LINE('',#8180,#8181);
#8180 = CARTESIAN_POINT('',(-6.28318530718,0.));
#8181 = VECTOR('',#8182,1.);
#8182 = DIRECTION('',(-0.,-1.));
#8183 = ( GEOMETRIC_REPRESENTATION_CONTEXT(2) 
PARAMETRIC_REPRESENTATION_CONTEXT() REPRESENTATION_CONTEXT('2D SPACE',''
  ) );
#8184 = PCURVE('',#7813,#8185);
#8185 = DEFINITIONAL_REPRESENTATION('',(#8186),#8190);
#8186 = LINE('',#8187,#8188);
#8187 = CARTESIAN_POINT('',(-0.,0.));
#8188 = VECTOR('',#8189,1.);
#8189 = DIRECTION('',(-0.,-1.));
#8190 = ( GEOMETRIC_REPRESENTATION_CONTEXT(2) 
PARAMETRIC_REPRESENTATION_CONTEXT() REPRESENTATION_CONTEXT('2D SPACE',''
  ) );
#8191 = ORIENTED_EDGE('',*,*,#8192,.F.);
#8192 = EDGE_CURVE('',#8170,#8170,#8193,.T.);
#8193 = SURFACE_CURVE('',#8194,(#8199,#8206),.PCURVE_S1.);
#8194 = CIRCLE('',#8195,6.5);
#8195 = AXIS2_PLACEMENT_3D('',#8196,#8197,#8198);
#8196 = CARTESIAN_POINT('',(25.,-25.,55.));
#8197 = DIRECTION('',(0.,0.,1.));
#8198 = DIRECTION('',(1.,0.,0.));
#8199 = PCURVE('',#7813,#8200);
#8200 = DEFINITIONAL_REPRESENTATION('',(#8201),#8205);
#8201 = LINE('',#8202,#8203);
#8202 = CARTESIAN_POINT('',(-0.,0.));
#8203 = VECTOR('',#8204,1.);
#8204 = DIRECTION('',(-1.,0.));
#8205 = ( GEOMETRIC_REPRESENTATION_CONTEXT(2) 
PARAMETRIC_REPRESENTATION_CONTEXT() REPRESENTATION_CONTEXT('2D SPACE',''
  ) );
#8206 = PCURVE('',#8052,#8207);
#8207 = DEFINITIONAL_REPRESENTATION('',(#8208),#8212);
#8208 = CIRCLE('',#8209,6.5);
#8209 = AXIS2_PLACEMENT_2D('',#8210,#8211);
#8210 = CARTESIAN_POINT('',(25.,-25.));
#8211 = DIRECTION('',(1.,0.));
#8212 = ( GEOMETRIC_REPRESENTATION_CONTEXT(2) 
PARAMETRIC_REPRESENTATION_CONTEXT() REPRESENTATION_CONTEXT('2D SPACE',''
  ) );
#8213 = ORIENTED_EDGE('',*,*,#8169,.T.);
#8214 = ORIENTED_EDGE('',*,*,#7796,.T.);
#8215 = ADVANCED_FACE('',(#8216),#7844,.T.);
#8216 = FACE_BOUND('',#8217,.F.);
#8217 = EDGE_LOOP('',(#8218,#8241,#8263,#8264));
#8218 = ORIENTED_EDGE('',*,*,#8219,.F.);
#8219 = EDGE_CURVE('',#8220,#7828,#8222,.T.);
#8220 = VERTEX_POINT('',#8221);
#8221 = CARTESIAN_POINT('',(-31.,0.,55.));
#8222 = SEAM_CURVE('',#8223,(#8227,#8234),.PCURVE_S1.);
#8223 = LINE('',#8224,#8225);
#8224 = CARTESIAN_POINT('',(-31.,0.,55.));
#8225 = VECTOR('',#8226,1.);
#8226 = DIRECTION('',(0.,0.,1.));
#8227 = PCURVE('',#7844,#8228);
#8228 = DEFINITIONAL_REPRESENTATION('',(#8229),#8233);
#8229 = LINE('',#8230,#8231);
#8230 = CARTESIAN_POINT('',(-6.28318530718,0.));
#8231 = VECTOR('',#8232,1.);
#8232 = DIRECTION('',(-0.,-1.));
#8233 = ( GEOMETRIC_REPRESENTATION_CONTEXT(2) 
PARAMETRIC_REPRESENTATION_CONTEXT() REPRESENTATION_CONTEXT('2D SPACE',''
  ) );
#8234 = PCURVE('',#7844,#8235);
#8235 = DEFINITIONAL_REPRESENTATION('',(#8236),#8240);
#8236 = LINE('',#8237,#8238);
#8237 = CARTESIAN_POINT('',(-0.,0.));
#8238 = VECTOR('',#8239,1.);
#8239 = DIRECTION('',(-0.,-1.));
#8240 = ( GEOMETRIC_REPRESENTATION_CONTEXT(2) 
PARAMETRIC_REPRESENTATION_CONTEXT() REPRESENTATION_CONTEXT('2D SPACE',''
  ) );
#8241 = ORIENTED_EDGE('',*,*,#8242,.F.);
#8242 = EDGE_CURVE('',#8220,#8220,#8243,.T.);
#8243 = SURFACE_CURVE('',#8244,(#8249,#8256),.PCURVE_S1.);
#8244 = CIRCLE('',#8245,6.5);
#8245 = AXIS2_PLACEMENT_3D('',#8246,#8247,#8248);
#8246 = CARTESIAN_POINT('',(-37.5,0.,55.));
#8247 = DIRECTION('',(0.,0.,1.));
#8248 = DIRECTION('',(1.,0.,0.));
#8249 = PCURVE('',#7844,#8250);
#8250 = DEFINITIONAL_REPRESENTATION('',(#8251),#8255);
#8251 = LINE('',#8252,#8253);
#8252 = CARTESIAN_POINT('',(-0.,0.));
#8253 = VECTOR('',#8254,1.);
#8254 = DIRECTION('',(-1.,0.));
#8255 = ( GEOMETRIC_REPRESENTATION_CONTEXT(2) 
PARAMETRIC_REPRESENTATION_CONTEXT() REPRESENTATION_CONTEXT('2D SPACE',''
  ) );
#8256 = PCURVE('',#8052,#8257);
#8257 = DEFINITIONAL_REPRESENTATION('',(#8258),#8262);
#8258 = CIRCLE('',#8259,6.5);
#8259 = AXIS2_PLACEMENT_2D('',#8260,#8261);
#8260 = CARTESIAN_POINT('',(-37.5,-3.209892110372E-15));
#8261 = DIRECTION('',(1.,0.));
#8262 = ( GEOMETRIC_REPRESENTATION_CONTEXT(2) 
PARAMETRIC_REPRESENTATION_CONTEXT() REPRESENTATION_CONTEXT('2D SPACE',''
  ) );
#8263 = ORIENTED_EDGE('',*,*,#8219,.T.);
#8264 = ORIENTED_EDGE('',*,*,#7827,.T.);
#8265 = ADVANCED_FACE('',(#8266),#7875,.T.);
#8266 = FACE_BOUND('',#8267,.F.);
#8267 = EDGE_LOOP('',(#8268,#8291,#8313,#8314));
#8268 = ORIENTED_EDGE('',*,*,#8269,.F.);
#8269 = EDGE_CURVE('',#8270,#7859,#8272,.T.);
#8270 = VERTEX_POINT('',#8271);
#8271 = CARTESIAN_POINT('',(-6.,0.,55.));
#8272 = SEAM_CURVE('',#8273,(#8277,#8284),.PCURVE_S1.);
#8273 = LINE('',#8274,#8275);
#8274 = CARTESIAN_POINT('',(-6.,0.,55.));
#8275 = VECTOR('',#8276,1.);
#8276 = DIRECTION('',(0.,0.,1.));
#8277 = PCURVE('',#7875,#8278);
#8278 = DEFINITIONAL_REPRESENTATION('',(#8279),#8283);
#8279 = LINE('',#8280,#8281);
#8280 = CARTESIAN_POINT('',(-6.28318530718,0.));
#8281 = VECTOR('',#8282,1.);
#8282 = DIRECTION('',(-0.,-1.));
#8283 = ( GEOMETRIC_REPRESENTATION_CONTEXT(2) 
PARAMETRIC_REPRESENTATION_CONTEXT() REPRESENTATION_CONTEXT('2D SPACE',''
  ) );
#8284 = PCURVE('',#7875,#8285);
#8285 = DEFINITIONAL_REPRESENTATION('',(#8286),#8290);
#8286 = LINE('',#8287,#8288);
#8287 = CARTESIAN_POINT('',(-0.,0.));
#8288 = VECTOR('',#8289,1.);
#8289 = DIRECTION('',(-0.,-1.));
#8290 = ( GEOMETRIC_REPRESENTATION_CONTEXT(2) 
PARAMETRIC_REPRESENTATION_CONTEXT() REPRESENTATION_CONTEXT('2D SPACE',''
  ) );
#8291 = ORIENTED_EDGE('',*,*,#8292,.F.);
#8292 = EDGE_CURVE('',#8270,#8270,#8293,.T.);
#8293 = SURFACE_CURVE('',#8294,(#8299,#8306),.PCURVE_S1.);
#8294 = CIRCLE('',#8295,6.5);
#8295 = AXIS2_PLACEMENT_3D('',#8296,#8297,#8298);
#8296 = CARTESIAN_POINT('',(-12.5,0.,55.));
#8297 = DIRECTION('',(0.,0.,1.));
#8298 = DIRECTION('',(1.,0.,0.));
#8299 = PCURVE('',#7875,#8300);
#8300 = DEFINITIONAL_REPRESENTATION('',(#8301),#8305);
#8301 = LINE('',#8302,#8303);
#8302 = CARTESIAN_POINT('',(-0.,0.));
#8303 = VECTOR('',#8304,1.);
#8304 = DIRECTION('',(-1.,0.));
#8305 = ( GEOMETRIC_REPRESENTATION_CONTEXT(2) 
PARAMETRIC_REPRESENTATION_CONTEXT() REPRESENTATION_CONTEXT('2D SPACE',''
  ) );
#8306 = PCURVE('',#8052,#8307);
#8307 = DEFINITIONAL_REPRESENTATION('',(#8308),#8312);
#8308 = CIRCLE('',#8309,6.5);
#8309 = AXIS2_PLACEMENT_2D('',#8310,#8311);
#8310 = CARTESIAN_POINT('',(-12.5,-3.209892110372E-15));
#8311 = DIRECTION('',(1.,0.));
#8312 = ( GEOMETRIC_REPRESENTATION_CONTEXT(2) 
PARAMETRIC_REPRESENTATION_CONTEXT() REPRESENTATION_CONTEXT('2D SPACE',''
  ) );
#8313 = ORIENTED_EDGE('',*,*,#8269,.T.);
#8314 = ORIENTED_EDGE('',*,*,#7858,.T.);
#8315 = ADVANCED_FACE('',(#8316),#7906,.T.);
#8316 = FACE_BOUND('',#8317,.F.);
#8317 = EDGE_LOOP('',(#8318,#8341,#8363,#8364));
#8318 = ORIENTED_EDGE('',*,*,#8319,.F.);
#8319 = EDGE_CURVE('',#8320,#7890,#8322,.T.);
#8320 = VERTEX_POINT('',#8321);
#8321 = CARTESIAN_POINT('',(-18.5,25.,55.));
#8322 = SEAM_CURVE('',#8323,(#8327,#8334),.PCURVE_S1.);
#8323 = LINE('',#8324,#8325);
#8324 = CARTESIAN_POINT('',(-18.5,25.,55.));
#8325 = VECTOR('',#8326,1.);
#8326 = DIRECTION('',(0.,0.,1.));
#8327 = PCURVE('',#7906,#8328);
#8328 = DEFINITIONAL_REPRESENTATION('',(#8329),#8333);
#8329 = LINE('',#8330,#8331);
#8330 = CARTESIAN_POINT('',(-6.28318530718,0.));
#8331 = VECTOR('',#8332,1.);
#8332 = DIRECTION('',(-0.,-1.));
#8333 = ( GEOMETRIC_REPRESENTATION_CONTEXT(2) 
PARAMETRIC_REPRESENTATION_CONTEXT() REPRESENTATION_CONTEXT('2D SPACE',''
  ) );
#8334 = PCURVE('',#7906,#8335);
#8335 = DEFINITIONAL_REPRESENTATION('',(#8336),#8340);
#8336 = LINE('',#8337,#8338);
#8337 = CARTESIAN_POINT('',(-0.,0.));
#8338 = VECTOR('',#8339,1.);
#8339 = DIRECTION('',(-0.,-1.));
#8340 = ( GEOMETRIC_REPRESENTATION_CONTEXT(2) 
PARAMETRIC_REPRESENTATION_CONTEXT() REPRESENTATION_CONTEXT('2D SPACE',''
  ) );
#8341 = ORIENTED_EDGE('',*,*,#8342,.F.);
#8342 = EDGE_CURVE('',#8320,#8320,#8343,.T.);
#8343 = SURFACE_CURVE('',#8344,(#8349,#8356),.PCURVE_S1.);
#8344 = CIRCLE('',#8345,6.5);
#8345 = AXIS2_PLACEMENT_3D('',#8346,#8347,#8348);
#8346 = CARTESIAN_POINT('',(-25.,25.,55.));
#8347 = DIRECTION('',(0.,0.,1.));
#8348 = DIRECTION('',(1.,0.,0.));
#8349 = PCURVE('',#7906,#8350);
#8350 = DEFINITIONAL_REPRESENTATION('',(#8351),#8355);
#8351 = LINE('',#8352,#8353);
#8352 = CARTESIAN_POINT('',(-0.,0.));
#8353 = VECTOR('',#8354,1.);
#8354 = DIRECTION('',(-1.,0.));
#8355 = ( GEOMETRIC_REPRESENTATION_CONTEXT(2) 
PARAMETRIC_REPRESENTATION_CONTEXT() REPRESENTATION_CONTEXT('2D SPACE',''
  ) );
#8356 = PCURVE('',#8052,#8357);
#8357 = DEFINITIONAL_REPRESENTATION('',(#8358),#8362);
#8358 = CIRCLE('',#8359,6.5);
#8359 = AXIS2_PLACEMENT_2D('',#8360,#8361);
#8360 = CARTESIAN_POINT('',(-25.,25.));
#8361 = DIRECTION('',(1.,0.));
#8362 = ( GEOMETRIC_REPRESENTATION_CONTEXT(2) 
PARAMETRIC_REPRESENTATION_CONTEXT() REPRESENTATION_CONTEXT('2D SPACE',''
  ) );
#8363 = ORIENTED_EDGE('',*,*,#8319,.T.);
#8364 = ORIENTED_EDGE('',*,*,#7889,.T.);
#8365 = ADVANCED_FACE('',(#8366),#7937,.T.);
#8366 = FACE_BOUND('',#8367,.F.);
#8367 = EDGE_LOOP('',(#8368,#8391,#8413,#8414));
#8368 = ORIENTED_EDGE('',*,*,#8369,.F.);
#8369 = EDGE_CURVE('',#8370,#7921,#8372,.T.);
#8370 = VERTEX_POINT('',#8371);
#8371 = CARTESIAN_POINT('',(19.,0.,55.));
#8372 = SEAM_CURVE('',#8373,(#8377,#8384),.PCURVE_S1.);
#8373 = LINE('',#8374,#8375);
#8374 = CARTESIAN_POINT('',(19.,0.,55.));
#8375 = VECTOR('',#8376,1.);
#8376 = DIRECTION('',(0.,0.,1.));
#8377 = PCURVE('',#7937,#8378);
#8378 = DEFINITIONAL_REPRESENTATION('',(#8379),#8383);
#8379 = LINE('',#8380,#8381);
#8380 = CARTESIAN_POINT('',(-6.28318530718,0.));
#8381 = VECTOR('',#8382,1.);
#8382 = DIRECTION('',(-0.,-1.));
#8383 = ( GEOMETRIC_REPRESENTATION_CONTEXT(2) 
PARAMETRIC_REPRESENTATION_CONTEXT() REPRESENTATION_CONTEXT('2D SPACE',''
  ) );
#8384 = PCURVE('',#7937,#8385);
#8385 = DEFINITIONAL_REPRESENTATION('',(#8386),#8390);
#8386 = LINE('',#8387,#8388);
#8387 = CARTESIAN_POINT('',(-0.,0.));
#8388 = VECTOR('',#8389,1.);
#8389 = DIRECTION('',(-0.,-1.));
#8390 = ( GEOMETRIC_REPRESENTATION_CONTEXT(2) 
PARAMETRIC_REPRESENTATION_CONTEXT() REPRESENTATION_CONTEXT('2D SPACE',''
  ) );
#8391 = ORIENTED_EDGE('',*,*,#8392,.F.);
#8392 = EDGE_CURVE('',#8370,#8370,#8393,.T.);
#8393 = SURFACE_CURVE('',#8394,(#8399,#8406),.PCURVE_S1.);
#8394 = CIRCLE('',#8395,6.5);
#8395 = AXIS2_PLACEMENT_3D('',#8396,#8397,#8398);
#8396 = CARTESIAN_POINT('',(12.5,0.,55.));
#8397 = DIRECTION('',(0.,0.,1.));
#8398 = DIRECTION('',(1.,0.,0.));
#8399 = PCURVE('',#7937,#8400);
#8400 = DEFINITIONAL_REPRESENTATION('',(#8401),#8405);
#8401 = LINE('',#8402,#8403);
#8402 = CARTESIAN_POINT('',(-0.,0.));
#8403 = VECTOR('',#8404,1.);
#8404 = DIRECTION('',(-1.,0.));
#8405 = ( GEOMETRIC_REPRESENTATION_CONTEXT(2) 
PARAMETRIC_REPRESENTATION_CONTEXT() REPRESENTATION_CONTEXT('2D SPACE',''
  ) );
#8406 = PCURVE('',#8052,#8407);
#8407 = DEFINITIONAL_REPRESENTATION('',(#8408),#8412);
#8408 = CIRCLE('',#8409,6.5);
#8409 = AXIS2_PLACEMENT_2D('',#8410,#8411);
#8410 = CARTESIAN_POINT('',(12.5,-3.209892110372E-15));
#8411 = DIRECTION('',(1.,0.));
#8412 = ( GEOMETRIC_REPRESENTATION_CONTEXT(2) 
PARAMETRIC_REPRESENTATION_CONTEXT() REPRESENTATION_CONTEXT('2D SPACE',''
  ) );
#8413 = ORIENTED_EDGE('',*,*,#8369,.T.);
#8414 = ORIENTED_EDGE('',*,*,#7920,.T.);
#8415 = ADVANCED_FACE('',(#8416),#7968,.T.);
#8416 = FACE_BOUND('',#8417,.F.);
#8417 = EDGE_LOOP('',(#8418,#8441,#8463,#8464));
#8418 = ORIENTED_EDGE('',*,*,#8419,.F.);
#8419 = EDGE_CURVE('',#8420,#7952,#8422,.T.);
#8420 = VERTEX_POINT('',#8421);
#8421 = CARTESIAN_POINT('',(44.,0.,55.));
#8422 = SEAM_CURVE('',#8423,(#8427,#8434),.PCURVE_S1.);
#8423 = LINE('',#8424,#8425);
#8424 = CARTESIAN_POINT('',(44.,0.,55.));
#8425 = VECTOR('',#8426,1.);
#8426 = DIRECTION('',(0.,0.,1.));
#8427 = PCURVE('',#7968,#8428);
#8428 = DEFINITIONAL_REPRESENTATION('',(#8429),#8433);
#8429 = LINE('',#8430,#8431);
#8430 = CARTESIAN_POINT('',(-6.28318530718,0.));
#8431 = VECTOR('',#8432,1.);
#8432 = DIRECTION('',(-0.,-1.));
#8433 = ( GEOMETRIC_REPRESENTATION_CONTEXT(2) 
PARAMETRIC_REPRESENTATION_CONTEXT() REPRESENTATION_CONTEXT('2D SPACE',''
  ) );
#8434 = PCURVE('',#7968,#8435);
#8435 = DEFINITIONAL_REPRESENTATION('',(#8436),#8440);
#8436 = LINE('',#8437,#8438);
#8437 = CARTESIAN_POINT('',(-0.,0.));
#8438 = VECTOR('',#8439,1.);
#8439 = DIRECTION('',(-0.,-1.));
#8440 = ( GEOMETRIC_REPRESENTATION_CONTEXT(2) 
PARAMETRIC_REPRESENTATION_CONTEXT() REPRESENTATION_CONTEXT('2D SPACE',''
  ) );
#8441 = ORIENTED_EDGE('',*,*,#8442,.F.);
#8442 = EDGE_CURVE('',#8420,#8420,#8443,.T.);
#8443 = SURFACE_CURVE('',#8444,(#8449,#8456),.PCURVE_S1.);
#8444 = CIRCLE('',#8445,6.5);
#8445 = AXIS2_PLACEMENT_3D('',#8446,#8447,#8448);
#8446 = CARTESIAN_POINT('',(37.5,0.,55.));
#8447 = DIRECTION('',(0.,0.,1.));
#8448 = DIRECTION('',(1.,0.,0.));
#8449 = PCURVE('',#7968,#8450);
#8450 = DEFINITIONAL_REPRESENTATION('',(#8451),#8455);
#8451 = LINE('',#8452,#8453);
#8452 = CARTESIAN_POINT('',(-0.,0.));
#8453 = VECTOR('',#8454,1.);
#8454 = DIRECTION('',(-1.,0.));
#8455 = ( GEOMETRIC_REPRESENTATION_CONTEXT(2) 
PARAMETRIC_REPRESENTATION_CONTEXT() REPRESENTATION_CONTEXT('2D SPACE',''
  ) );
#8456 = PCURVE('',#8052,#8457);
#8457 = DEFINITIONAL_REPRESENTATION('',(#8458),#8462);
#8458 = CIRCLE('',#8459,6.5);
#8459 = AXIS2_PLACEMENT_2D('',#8460,#8461);
#8460 = CARTESIAN_POINT('',(37.5,-3.209892110372E-15));
#8461 = DIRECTION('',(1.,0.));
#8462 = ( GEOMETRIC_REPRESENTATION_CONTEXT(2) 
PARAMETRIC_REPRESENTATION_CONTEXT() REPRESENTATION_CONTEXT('2D SPACE',''
  ) );
#8463 = ORIENTED_EDGE('',*,*,#8419,.T.);
#8464 = ORIENTED_EDGE('',*,*,#7951,.T.);
#8465 = ADVANCED_FACE('',(#8466),#7999,.T.);
#8466 = FACE_BOUND('',#8467,.F.);
#8467 = EDGE_LOOP('',(#8468,#8491,#8513,#8514));
#8468 = ORIENTED_EDGE('',*,*,#8469,.F.);
#8469 = EDGE_CURVE('',#8470,#7983,#8472,.T.);
#8470 = VERTEX_POINT('',#8471);
#8471 = CARTESIAN_POINT('',(6.5,25.,55.));
#8472 = SEAM_CURVE('',#8473,(#8477,#8484),.PCURVE_S1.);
#8473 = LINE('',#8474,#8475);
#8474 = CARTESIAN_POINT('',(6.5,25.,55.));
#8475 = VECTOR('',#8476,1.);
#8476 = DIRECTION('',(0.,0.,1.));
#8477 = PCURVE('',#7999,#8478);
#8478 = DEFINITIONAL_REPRESENTATION('',(#8479),#8483);
#8479 = LINE('',#8480,#8481);
#8480 = CARTESIAN_POINT('',(-6.28318530718,0.));
#8481 = VECTOR('',#8482,1.);
#8482 = DIRECTION('',(-0.,-1.));
#8483 = ( GEOMETRIC_REPRESENTATION_CONTEXT(2) 
PARAMETRIC_REPRESENTATION_CONTEXT() REPRESENTATION_CONTEXT('2D SPACE',''
  ) );
#8484 = PCURVE('',#7999,#8485);
#8485 = DEFINITIONAL_REPRESENTATION('',(#8486),#8490);
#8486 = LINE('',#8487,#8488);
#8487 = CARTESIAN_POINT('',(-0.,0.));
#8488 = VECTOR('',#8489,1.);
#8489 = DIRECTION('',(-0.,-1.));
#8490 = ( GEOMETRIC_REPRESENTATION_CONTEXT(2) 
PARAMETRIC_REPRESENTATION_CONTEXT() REPRESENTATION_CONTEXT('2D SPACE',''
  ) );
#8491 = ORIENTED_EDGE('',*,*,#8492,.F.);
#8492 = EDGE_CURVE('',#8470,#8470,#8493,.T.);
#8493 = SURFACE_CURVE('',#8494,(#8499,#8506),.PCURVE_S1.);
#8494 = CIRCLE('',#8495,6.5);
#8495 = AXIS2_PLACEMENT_3D('',#8496,#8497,#8498);
#8496 = CARTESIAN_POINT('',(0.,25.,55.));
#8497 = DIRECTION('',(0.,0.,1.));
#8498 = DIRECTION('',(1.,0.,0.));
#8499 = PCURVE('',#7999,#8500);
#8500 = DEFINITIONAL_REPRESENTATION('',(#8501),#8505);
#8501 = LINE('',#8502,#8503);
#8502 = CARTESIAN_POINT('',(-0.,0.));
#8503 = VECTOR('',#8504,1.);
#8504 = DIRECTION('',(-1.,0.));
#8505 = ( GEOMETRIC_REPRESENTATION_CONTEXT(2) 
PARAMETRIC_REPRESENTATION_CONTEXT() REPRESENTATION_CONTEXT('2D SPACE',''
  ) );
#8506 = PCURVE('',#8052,#8507);
#8507 = DEFINITIONAL_REPRESENTATION('',(#8508),#8512);
#8508 = CIRCLE('',#8509,6.5);
#8509 = AXIS2_PLACEMENT_2D('',#8510,#8511);
#8510 = CARTESIAN_POINT('',(1.75032336965E-15,25.));
#8511 = DIRECTION('',(1.,0.));
#8512 = ( GEOMETRIC_REPRESENTATION_CONTEXT(2) 
PARAMETRIC_REPRESENTATION_CONTEXT() REPRESENTATION_CONTEXT('2D SPACE',''
  ) );
#8513 = ORIENTED_EDGE('',*,*,#8469,.T.);
#8514 = ORIENTED_EDGE('',*,*,#7982,.T.);
#8515 = ADVANCED_FACE('',(#8516,#8547,#8550,#8553,#8556,#8559,#8562,
    #8565,#8568,#8571,#8574),#8052,.T.);
#8516 = FACE_BOUND('',#8517,.T.);
#8517 = EDGE_LOOP('',(#8518));
#8518 = ORIENTED_EDGE('',*,*,#8519,.T.);
#8519 = EDGE_CURVE('',#8520,#8520,#8522,.T.);
#8520 = VERTEX_POINT('',#8521);
#8521 = CARTESIAN_POINT('',(50.,0.,55.));
#8522 = SURFACE_CURVE('',#8523,(#8528,#8535),.PCURVE_S1.);
#8523 = CIRCLE('',#8524,50.);
#8524 = AXIS2_PLACEMENT_3D('',#8525,#8526,#8527);
#8525 = CARTESIAN_POINT('',(0.,0.,55.));
#8526 = DIRECTION('',(0.,0.,1.));
#8527 = DIRECTION('',(1.,0.,0.));
#8528 = PCURVE('',#8052,#8529);
#8529 = DEFINITIONAL_REPRESENTATION('',(#8530),#8534);
#8530 = CIRCLE('',#8531,50.);
#8531 = AXIS2_PLACEMENT_2D('',#8532,#8533);
#8532 = CARTESIAN_POINT('',(1.75032336965E-15,-3.209892110372E-15));
#8533 = DIRECTION('',(1.,0.));
#8534 = ( GEOMETRIC_REPRESENTATION_CONTEXT(2) 
PARAMETRIC_REPRESENTATION_CONTEXT() REPRESENTATION_CONTEXT('2D SPACE',''
  ) );
#8535 = PCURVE('',#8536,#8541);
#8536 = CYLINDRICAL_SURFACE('',#8537,50.);
#8537 = AXIS2_PLACEMENT_3D('',#8538,#8539,#8540);
#8538 = CARTESIAN_POINT('',(0.,0.,0.));
#8539 = DIRECTION('',(-0.,-0.,-1.));
#8540 = DIRECTION('',(1.,0.,0.));
#8541 = DEFINITIONAL_REPRESENTATION('',(#8542),#8546);
#8542 = LINE('',#8543,#8544);
#8543 = CARTESIAN_POINT('',(-0.,-55.));
#8544 = VECTOR('',#8545,1.);
#8545 = DIRECTION('',(-1.,0.));
#8546 = ( GEOMETRIC_REPRESENTATION_CONTEXT(2) 
PARAMETRIC_REPRESENTATION_CONTEXT() REPRESENTATION_CONTEXT('2D SPACE',''
  ) );
#8547 = FACE_BOUND('',#8548,.T.);
#8548 = EDGE_LOOP('',(#8549));
#8549 = ORIENTED_EDGE('',*,*,#8037,.F.);
#8550 = FACE_BOUND('',#8551,.T.);
#8551 = EDGE_LOOP('',(#8552));
#8552 = ORIENTED_EDGE('',*,*,#8142,.F.);
#8553 = FACE_BOUND('',#8554,.T.);
#8554 = EDGE_LOOP('',(#8555));
#8555 = ORIENTED_EDGE('',*,*,#8192,.F.);
#8556 = FACE_BOUND('',#8557,.T.);
#8557 = EDGE_LOOP('',(#8558));
#8558 = ORIENTED_EDGE('',*,*,#8242,.F.);
#8559 = FACE_BOUND('',#8560,.T.);
#8560 = EDGE_LOOP('',(#8561));
#8561 = ORIENTED_EDGE('',*,*,#8292,.F.);
#8562 = FACE_BOUND('',#8563,.T.);
#8563 = EDGE_LOOP('',(#8564));
#8564 = ORIENTED_EDGE('',*,*,#8342,.F.);
#8565 = FACE_BOUND('',#8566,.T.);
#8566 = EDGE_LOOP('',(#8567));
#8567 = ORIENTED_EDGE('',*,*,#8392,.F.);
#8568 = FACE_BOUND('',#8569,.T.);
#8569 = EDGE_LOOP('',(#8570));
#8570 = ORIENTED_EDGE('',*,*,#8442,.F.);
#8571 = FACE_BOUND('',#8572,.T.);
#8572 = EDGE_LOOP('',(#8573));
#8573 = ORIENTED_EDGE('',*,*,#8492,.F.);
#8574 = FACE_BOUND('',#8575,.T.);
#8575 = EDGE_LOOP('',(#8576));
#8576 = ORIENTED_EDGE('',*,*,#8092,.F.);
#8577 = ADVANCED_FACE('',(#8578),#8536,.T.);
#8578 = FACE_BOUND('',#8579,.F.);
#8579 = EDGE_LOOP('',(#8580,#8621,#8642,#8643));
#8580 = ORIENTED_EDGE('',*,*,#8581,.F.);
#8581 = EDGE_CURVE('',#8582,#8582,#8584,.T.);
#8582 = VERTEX_POINT('',#8583);
#8583 = CARTESIAN_POINT('',(50.,0.,30.));
#8584 = SURFACE_CURVE('',#8585,(#8590,#8597),.PCURVE_S1.);
#8585 = CIRCLE('',#8586,50.);
#8586 = AXIS2_PLACEMENT_3D('',#8587,#8588,#8589);
#8587 = CARTESIAN_POINT('',(0.,0.,30.));
#8588 = DIRECTION('',(0.,0.,1.));
#8589 = DIRECTION('',(1.,0.,-0.));
#8590 = PCURVE('',#8536,#8591);
#8591 = DEFINITIONAL_REPRESENTATION('',(#8592),#8596);
#8592 = LINE('',#8593,#8594);
#8593 = CARTESIAN_POINT('',(-0.,-30.));
#8594 = VECTOR('',#8595,1.);
#8595 = DIRECTION('',(-1.,0.));
#8596 = ( GEOMETRIC_REPRESENTATION_CONTEXT(2) 
PARAMETRIC_REPRESENTATION_CONTEXT() REPRESENTATION_CONTEXT('2D SPACE',''
  ) );
#8597 = PCURVE('',#8598,#8615);
#8598 = SURFACE_OF_REVOLUTION('',#8599,#8612);
#8599 = B_SPLINE_CURVE_WITH_KNOTS('',6,(#8600,#8601,#8602,#8603,#8604,
    #8605,#8606,#8607,#8608,#8609,#8610,#8611),.UNSPECIFIED.,.F.,.F.,(7,
    5,7),(0.,0.785398163397,1.570796326795),.UNSPECIFIED.);
#8600 = CARTESIAN_POINT('',(50.,0.,30.));
#8601 = CARTESIAN_POINT('',(50.,0.,26.073009183013));
#8602 = CARTESIAN_POINT('',(49.383152144556,0.,22.146024925177));
#8603 = CARTESIAN_POINT('',(48.149440363701,0.,18.340120028143));
#8604 = CARTESIAN_POINT('',(46.330625168729,0.,14.776572900625));
#8605 = CARTESIAN_POINT('',(43.990005271945,0.,11.563598400753));
#8606 = CARTESIAN_POINT('',(38.436401599247,0.,6.009994728055));
#8607 = CARTESIAN_POINT('',(35.223427099375,0.,3.669374831271));
#8608 = CARTESIAN_POINT('',(31.659879971857,0.,1.850559636299));
#8609 = CARTESIAN_POINT('',(27.853975074823,0.,0.616847855444));
#8610 = CARTESIAN_POINT('',(23.926990816987,0.,-2.524777855016E-15));
#8611 = CARTESIAN_POINT('',(20.,0.,0.));
#8612 = AXIS1_PLACEMENT('',#8613,#8614);
#8613 = CARTESIAN_POINT('',(0.,0.,30.));
#8614 = DIRECTION('',(-0.,-0.,-1.));
#8615 = DEFINITIONAL_REPRESENTATION('',(#8616),#8620);
#8616 = LINE('',#8617,#8618);
#8617 = CARTESIAN_POINT('',(-0.,0.));
#8618 = VECTOR('',#8619,1.);
#8619 = DIRECTION('',(-1.,0.));
#8620 = ( GEOMETRIC_REPRESENTATION_CONTEXT(2) 
PARAMETRIC_REPRESENTATION_CONTEXT() REPRESENTATION_CONTEXT('2D SPACE',''
  ) );
#8621 = ORIENTED_EDGE('',*,*,#8622,.T.);
#8622 = EDGE_CURVE('',#8582,#8520,#8623,.T.);
#8623 = SEAM_CURVE('',#8624,(#8628,#8635),.PCURVE_S1.);
#8624 = LINE('',#8625,#8626);
#8625 = CARTESIAN_POINT('',(50.,0.,0.));
#8626 = VECTOR('',#8627,1.);
#8627 = DIRECTION('',(0.,0.,1.));
#8628 = PCURVE('',#8536,#8629);
#8629 = DEFINITIONAL_REPRESENTATION('',(#8630),#8634);
#8630 = LINE('',#8631,#8632);
#8631 = CARTESIAN_POINT('',(-6.28318530718,0.));
#8632 = VECTOR('',#8633,1.);
#8633 = DIRECTION('',(-0.,-1.));
#8634 = ( GEOMETRIC_REPRESENTATION_CONTEXT(2) 
PARAMETRIC_REPRESENTATION_CONTEXT() REPRESENTATION_CONTEXT('2D SPACE',''
  ) );
#8635 = PCURVE('',#8536,#8636);
#8636 = DEFINITIONAL_REPRESENTATION('',(#8637),#8641);
#8637 = LINE('',#8638,#8639);
#8638 = CARTESIAN_POINT('',(-0.,0.));
#8639 = VECTOR('',#8640,1.);
#8640 = DIRECTION('',(-0.,-1.));
#8641 = ( GEOMETRIC_REPRESENTATION_CONTEXT(2) 
PARAMETRIC_REPRESENTATION_CONTEXT() REPRESENTATION_CONTEXT('2D SPACE',''
  ) );
#8642 = ORIENTED_EDGE('',*,*,#8519,.T.);
#8643 = ORIENTED_EDGE('',*,*,#8622,.F.);
#8644 = ADVANCED_FACE('',(#8645),#8598,.T.);
#8645 = FACE_BOUND('',#8646,.F.);
#8646 = EDGE_LOOP('',(#8647,#8669,#8670,#8671));
#8647 = ORIENTED_EDGE('',*,*,#8648,.F.);
#8648 = EDGE_CURVE('',#8582,#8649,#8651,.T.);
#8649 = VERTEX_POINT('',#8650);
#8650 = CARTESIAN_POINT('',(20.,0.,0.));
#8651 = SEAM_CURVE('',#8652,(#8657,#8663),.PCURVE_S1.);
#8652 = CIRCLE('',#8653,30.);
#8653 = AXIS2_PLACEMENT_3D('',#8654,#8655,#8656);
#8654 = CARTESIAN_POINT('',(20.,0.,30.));
#8655 = DIRECTION('',(0.,1.,0.));
#8656 = DIRECTION('',(1.,0.,-0.));
#8657 = PCURVE('',#8598,#8658);
#8658 = DEFINITIONAL_REPRESENTATION('',(#8659),#8662);
#8659 = B_SPLINE_CURVE_WITH_KNOTS('',1,(#8660,#8661),.UNSPECIFIED.,.F.,
  .F.,(2,2),(0.,1.570796326795),.PIECEWISE_BEZIER_KNOTS.);
#8660 = CARTESIAN_POINT('',(0.,0.));
#8661 = CARTESIAN_POINT('',(0.,1.570796326795));
#8662 = ( GEOMETRIC_REPRESENTATION_CONTEXT(2) 
PARAMETRIC_REPRESENTATION_CONTEXT() REPRESENTATION_CONTEXT('2D SPACE',''
  ) );
#8663 = PCURVE('',#8598,#8664);
#8664 = DEFINITIONAL_REPRESENTATION('',(#8665),#8668);
#8665 = B_SPLINE_CURVE_WITH_KNOTS('',1,(#8666,#8667),.UNSPECIFIED.,.F.,
  .F.,(2,2),(0.,1.570796326795),.PIECEWISE_BEZIER_KNOTS.);
#8666 = CARTESIAN_POINT('',(-6.28318530718,0.));
#8667 = CARTESIAN_POINT('',(-6.28318530718,1.570796326795));
#8668 = ( GEOMETRIC_REPRESENTATION_CONTEXT(2) 
PARAMETRIC_REPRESENTATION_CONTEXT() REPRESENTATION_CONTEXT('2D SPACE',''
  ) );
#8669 = ORIENTED_EDGE('',*,*,#8581,.F.);
#8670 = ORIENTED_EDGE('',*,*,#8648,.T.);
#8671 = ORIENTED_EDGE('',*,*,#8672,.T.);
#8672 = EDGE_CURVE('',#8649,#8649,#8673,.T.);
#8673 = SURFACE_CURVE('',#8674,(#8679,#8686),.PCURVE_S1.);
#8674 = CIRCLE('',#8675,20.);
#8675 = AXIS2_PLACEMENT_3D('',#8676,#8677,#8678);
#8676 = CARTESIAN_POINT('',(0.,0.,0.));
#8677 = DIRECTION('',(0.,0.,1.));
#8678 = DIRECTION('',(1.,0.,-0.));
#8679 = PCURVE('',#8598,#8680);
#8680 = DEFINITIONAL_REPRESENTATION('',(#8681),#8685);
#8681 = LINE('',#8682,#8683);
#8682 = CARTESIAN_POINT('',(-0.,1.570796326795));
#8683 = VECTOR('',#8684,1.);
#8684 = DIRECTION('',(-1.,0.));
#8685 = ( GEOMETRIC_REPRESENTATION_CONTEXT(2) 
PARAMETRIC_REPRESENTATION_CONTEXT() REPRESENTATION_CONTEXT('2D SPACE',''
  ) );
#8686 = PCURVE('',#8687,#8692);
#8687 = PLANE('',#8688);
#8688 = AXIS2_PLACEMENT_3D('',#8689,#8690,#8691);
#8689 = CARTESIAN_POINT('',(9.335057971469E-14,2.914836316262E-16,0.));
#8690 = DIRECTION('',(0.,0.,1.));
#8691 = DIRECTION('',(1.,0.,-0.));
#8692 = DEFINITIONAL_REPRESENTATION('',(#8693),#8697);
#8693 = CIRCLE('',#8694,20.);
#8694 = AXIS2_PLACEMENT_2D('',#8695,#8696);
#8695 = CARTESIAN_POINT('',(-9.335057971469E-14,-2.914836316262E-16));
#8696 = DIRECTION('',(1.,0.));
#8697 = ( GEOMETRIC_REPRESENTATION_CONTEXT(2) 
PARAMETRIC_REPRESENTATION_CONTEXT() REPRESENTATION_CONTEXT('2D SPACE',''
  ) );
#8698 = ADVANCED_FACE('',(#8699,#8730),#8687,.T.);
#8699 = FACE_BOUND('',#8700,.T.);
#8700 = EDGE_LOOP('',(#8701));
#8701 = ORIENTED_EDGE('',*,*,#8702,.T.);
#8702 = EDGE_CURVE('',#8703,#8703,#8705,.T.);
#8703 = VERTEX_POINT('',#8704);
#8704 = CARTESIAN_POINT('',(30.,3.451657363891E-16,0.));
#8705 = SURFACE_CURVE('',#8706,(#8711,#8718),.PCURVE_S1.);
#8706 = CIRCLE('',#8707,30.);
#8707 = AXIS2_PLACEMENT_3D('',#8708,#8709,#8710);
#8708 = CARTESIAN_POINT('',(9.55663328654E-14,3.451657363891E-16,0.));
#8709 = DIRECTION('',(0.,0.,1.));
#8710 = DIRECTION('',(1.,0.,0.));
#8711 = PCURVE('',#8687,#8712);
#8712 = DEFINITIONAL_REPRESENTATION('',(#8713),#8717);
#8713 = CIRCLE('',#8714,30.);
#8714 = AXIS2_PLACEMENT_2D('',#8715,#8716);
#8715 = CARTESIAN_POINT('',(2.215753150709E-15,5.368210476292E-17));
#8716 = DIRECTION('',(1.,0.));
#8717 = ( GEOMETRIC_REPRESENTATION_CONTEXT(2) 
PARAMETRIC_REPRESENTATION_CONTEXT() REPRESENTATION_CONTEXT('2D SPACE',''
  ) );
#8718 = PCURVE('',#8719,#8724);
#8719 = CYLINDRICAL_SURFACE('',#8720,30.);
#8720 = AXIS2_PLACEMENT_3D('',#8721,#8722,#8723);
#8721 = CARTESIAN_POINT('',(9.55663328654E-14,3.451657363891E-16,0.));
#8722 = DIRECTION('',(0.,0.,1.));
#8723 = DIRECTION('',(1.,0.,0.));
#8724 = DEFINITIONAL_REPRESENTATION('',(#8725),#8729);
#8725 = LINE('',#8726,#8727);
#8726 = CARTESIAN_POINT('',(0.,0.));
#8727 = VECTOR('',#8728,1.);
#8728 = DIRECTION('',(1.,0.));
#8729 = ( GEOMETRIC_REPRESENTATION_CONTEXT(2) 
PARAMETRIC_REPRESENTATION_CONTEXT() REPRESENTATION_CONTEXT('2D SPACE',''
  ) );
#8730 = FACE_BOUND('',#8731,.T.);
#8731 = EDGE_LOOP('',(#8732));
#8732 = ORIENTED_EDGE('',*,*,#8672,.F.);
#8733 = ADVANCED_FACE('',(#8734),#8719,.T.);
#8734 = FACE_BOUND('',#8735,.T.);
#8735 = EDGE_LOOP('',(#8736,#8759,#8786,#8787));
#8736 = ORIENTED_EDGE('',*,*,#8737,.T.);
#8737 = EDGE_CURVE('',#8703,#8738,#8740,.T.);
#8738 = VERTEX_POINT('',#8739);
#8739 = CARTESIAN_POINT('',(30.,3.451657363891E-16,-50.));
#8740 = SEAM_CURVE('',#8741,(#8745,#8752),.PCURVE_S1.);
#8741 = LINE('',#8742,#8743);
#8742 = CARTESIAN_POINT('',(30.,3.451657363891E-16,0.));
#8743 = VECTOR('',#8744,1.);
#8744 = DIRECTION('',(-0.,-0.,-1.));
#8745 = PCURVE('',#8719,#8746);
#8746 = DEFINITIONAL_REPRESENTATION('',(#8747),#8751);
#8747 = LINE('',#8748,#8749);
#8748 = CARTESIAN_POINT('',(0.,0.));
#8749 = VECTOR('',#8750,1.);
#8750 = DIRECTION('',(0.,-1.));
#8751 = ( GEOMETRIC_REPRESENTATION_CONTEXT(2) 
PARAMETRIC_REPRESENTATION_CONTEXT() REPRESENTATION_CONTEXT('2D SPACE',''
  ) );
#8752 = PCURVE('',#8719,#8753);
#8753 = DEFINITIONAL_REPRESENTATION('',(#8754),#8758);
#8754 = LINE('',#8755,#8756);
#8755 = CARTESIAN_POINT('',(6.28318530718,0.));
#8756 = VECTOR('',#8757,1.);
#8757 = DIRECTION('',(0.,-1.));
#8758 = ( GEOMETRIC_REPRESENTATION_CONTEXT(2) 
PARAMETRIC_REPRESENTATION_CONTEXT() REPRESENTATION_CONTEXT('2D SPACE',''
  ) );
#8759 = ORIENTED_EDGE('',*,*,#8760,.T.);
#8760 = EDGE_CURVE('',#8738,#8738,#8761,.T.);
#8761 = SURFACE_CURVE('',#8762,(#8767,#8774),.PCURVE_S1.);
#8762 = CIRCLE('',#8763,30.);
#8763 = AXIS2_PLACEMENT_3D('',#8764,#8765,#8766);
#8764 = CARTESIAN_POINT('',(9.55663328654E-14,3.451657363891E-16,-50.));
#8765 = DIRECTION('',(0.,0.,1.));
#8766 = DIRECTION('',(1.,0.,0.));
#8767 = PCURVE('',#8719,#8768);
#8768 = DEFINITIONAL_REPRESENTATION('',(#8769),#8773);
#8769 = LINE('',#8770,#8771);
#8770 = CARTESIAN_POINT('',(0.,-50.));
#8771 = VECTOR('',#8772,1.);
#8772 = DIRECTION('',(1.,0.));
#8773 = ( GEOMETRIC_REPRESENTATION_CONTEXT(2) 
PARAMETRIC_REPRESENTATION_CONTEXT() REPRESENTATION_CONTEXT('2D SPACE',''
  ) );
#8774 = PCURVE('',#8775,#8780);
#8775 = PLANE('',#8776);
#8776 = AXIS2_PLACEMENT_3D('',#8777,#8778,#8779);
#8777 = CARTESIAN_POINT('',(9.335057971469E-14,2.914836316262E-16,-50.)
  );
#8778 = DIRECTION('',(0.,0.,1.));
#8779 = DIRECTION('',(1.,0.,-0.));
#8780 = DEFINITIONAL_REPRESENTATION('',(#8781),#8785);
#8781 = CIRCLE('',#8782,30.);
#8782 = AXIS2_PLACEMENT_2D('',#8783,#8784);
#8783 = CARTESIAN_POINT('',(2.215753150709E-15,5.368210476292E-17));
#8784 = DIRECTION('',(1.,0.));
#8785 = ( GEOMETRIC_REPRESENTATION_CONTEXT(2) 
PARAMETRIC_REPRESENTATION_CONTEXT() REPRESENTATION_CONTEXT('2D SPACE',''
  ) );
#8786 = ORIENTED_EDGE('',*,*,#8737,.F.);
#8787 = ORIENTED_EDGE('',*,*,#8702,.F.);
#8788 = ADVANCED_FACE('',(#8789),#8775,.F.);
#8789 = FACE_BOUND('',#8790,.F.);
#8790 = EDGE_LOOP('',(#8791));
#8791 = ORIENTED_EDGE('',*,*,#8760,.T.);
#8792 = MANIFOLD_SOLID_BREP('',#8793);
#8793 = CLOSED_SHELL('',(#8794,#10124,#10478,#10877,#10925,#11327,#11726
    ,#11775,#12177,#12576,#12624,#13026,#13425,#13474,#13876,#14180,
    #14206,#14233,#14259,#14286,#14341,#14396,#14468,#14560,#14633,
    #14660,#14687,#14714,#14741,#14768,#14795,#14822,#14829,#14836,
    #14863,#14890,#14917,#14944,#15016,#15108,#15181,#15188,#15195,
    #15267,#15359,#15432,#15459,#15486,#15513,#15540,#15547,#15554,
    #15581,#15608,#15635,#15662,#15734,#15826,#15899,#15906,#15913,
    #15940,#15967,#15994,#16021,#16048,#16075,#16102,#16106));
#8794 = ADVANCED_FACE('',(#8795,#9650,#9887),#8808,.T.);
#8795 = FACE_BOUND('',#8796,.F.);
#8796 = EDGE_LOOP('',(#8797,#8831,#8854,#8883,#8911,#8944,#8967,#8996,
    #9024,#9057,#9080,#9109,#9137,#9170,#9193,#9222,#9250,#9283,#9306,
    #9333,#9334,#9362,#9390,#9412,#9413,#9441,#9469,#9491,#9492,#9520,
    #9548,#9570,#9571,#9599,#9627,#9649));
#8797 = ORIENTED_EDGE('',*,*,#8798,.F.);
#8798 = EDGE_CURVE('',#8799,#8799,#8801,.T.);
#8799 = VERTEX_POINT('',#8800);
#8800 = CARTESIAN_POINT('',(50.,0.,65.));
#8801 = SURFACE_CURVE('',#8802,(#8807,#8819),.PCURVE_S1.);
#8802 = CIRCLE('',#8803,50.);
#8803 = AXIS2_PLACEMENT_3D('',#8804,#8805,#8806);
#8804 = CARTESIAN_POINT('',(0.,0.,65.));
#8805 = DIRECTION('',(0.,0.,1.));
#8806 = DIRECTION('',(1.,0.,0.));
#8807 = PCURVE('',#8808,#8813);
#8808 = CYLINDRICAL_SURFACE('',#8809,50.);
#8809 = AXIS2_PLACEMENT_3D('',#8810,#8811,#8812);
#8810 = CARTESIAN_POINT('',(0.,0.,0.));
#8811 = DIRECTION('',(-0.,-0.,-1.));
#8812 = DIRECTION('',(1.,0.,0.));
#8813 = DEFINITIONAL_REPRESENTATION('',(#8814),#8818);
#8814 = LINE('',#8815,#8816);
#8815 = CARTESIAN_POINT('',(-0.,-65.));
#8816 = VECTOR('',#8817,1.);
#8817 = DIRECTION('',(-1.,0.));
#8818 = ( GEOMETRIC_REPRESENTATION_CONTEXT(2) 
PARAMETRIC_REPRESENTATION_CONTEXT() REPRESENTATION_CONTEXT('2D SPACE',''
  ) );
#8819 = PCURVE('',#8820,#8825);
#8820 = PLANE('',#8821);
#8821 = AXIS2_PLACEMENT_3D('',#8822,#8823,#8824);
#8822 = CARTESIAN_POINT('',(-1.75032336965E-15,3.209892110372E-15,65.));
#8823 = DIRECTION('',(0.,0.,1.));
#8824 = DIRECTION('',(1.,0.,-0.));
#8825 = DEFINITIONAL_REPRESENTATION('',(#8826),#8830);
#8826 = CIRCLE('',#8827,50.);
#8827 = AXIS2_PLACEMENT_2D('',#8828,#8829);
#8828 = CARTESIAN_POINT('',(1.75032336965E-15,-3.209892110372E-15));
#8829 = DIRECTION('',(1.,0.));
#8830 = ( GEOMETRIC_REPRESENTATION_CONTEXT(2) 
PARAMETRIC_REPRESENTATION_CONTEXT() REPRESENTATION_CONTEXT('2D SPACE',''
  ) );
#8831 = ORIENTED_EDGE('',*,*,#8832,.T.);
#8832 = EDGE_CURVE('',#8799,#8833,#8835,.T.);
#8833 = VERTEX_POINT('',#8834);
#8834 = CARTESIAN_POINT('',(50.,-9.965047517611E-13,133.));
#8835 = SEAM_CURVE('',#8836,(#8840,#8847),.PCURVE_S1.);
#8836 = LINE('',#8837,#8838);
#8837 = CARTESIAN_POINT('',(50.,0.,0.));
#8838 = VECTOR('',#8839,1.);
#8839 = DIRECTION('',(0.,0.,1.));
#8840 = PCURVE('',#8808,#8841);
#8841 = DEFINITIONAL_REPRESENTATION('',(#8842),#8846);
#8842 = LINE('',#8843,#8844);
#8843 = CARTESIAN_POINT('',(-6.28318530718,0.));
#8844 = VECTOR('',#8845,1.);
#8845 = DIRECTION('',(-0.,-1.));
#8846 = ( GEOMETRIC_REPRESENTATION_CONTEXT(2) 
PARAMETRIC_REPRESENTATION_CONTEXT() REPRESENTATION_CONTEXT('2D SPACE',''
  ) );
#8847 = PCURVE('',#8808,#8848);
#8848 = DEFINITIONAL_REPRESENTATION('',(#8849),#8853);
#8849 = LINE('',#8850,#8851);
#8850 = CARTESIAN_POINT('',(-0.,0.));
#8851 = VECTOR('',#8852,1.);
#8852 = DIRECTION('',(-0.,-1.));
#8853 = ( GEOMETRIC_REPRESENTATION_CONTEXT(2) 
PARAMETRIC_REPRESENTATION_CONTEXT() REPRESENTATION_CONTEXT('2D SPACE',''
  ) );
#8854 = ORIENTED_EDGE('',*,*,#8855,.T.);
#8855 = EDGE_CURVE('',#8833,#8856,#8858,.T.);
#8856 = VERTEX_POINT('',#8857);
#8857 = CARTESIAN_POINT('',(-43.30127018922,-24.99999999999,133.));
#8858 = SURFACE_CURVE('',#8859,(#8864,#8871),.PCURVE_S1.);
#8859 = CIRCLE('',#8860,50.);
#8860 = AXIS2_PLACEMENT_3D('',#8861,#8862,#8863);
#8861 = CARTESIAN_POINT('',(0.,0.,133.));
#8862 = DIRECTION('',(0.,0.,1.));
#8863 = DIRECTION('',(0.866025403784,-0.5,0.));
#8864 = PCURVE('',#8808,#8865);
#8865 = DEFINITIONAL_REPRESENTATION('',(#8866),#8870);
#8866 = LINE('',#8867,#8868);
#8867 = CARTESIAN_POINT('',(0.523598775598,-133.));
#8868 = VECTOR('',#8869,1.);
#8869 = DIRECTION('',(-1.,0.));
#8870 = ( GEOMETRIC_REPRESENTATION_CONTEXT(2) 
PARAMETRIC_REPRESENTATION_CONTEXT() REPRESENTATION_CONTEXT('2D SPACE',''
  ) );
#8871 = PCURVE('',#8872,#8877);
#8872 = PLANE('',#8873);
#8873 = AXIS2_PLACEMENT_3D('',#8874,#8875,#8876);
#8874 = CARTESIAN_POINT('',(-1.75032336965E-15,3.209892110372E-15,133.)
  );
#8875 = DIRECTION('',(0.,0.,1.));
#8876 = DIRECTION('',(1.,0.,-0.));
#8877 = DEFINITIONAL_REPRESENTATION('',(#8878),#8882);
#8878 = CIRCLE('',#8879,50.);
#8879 = AXIS2_PLACEMENT_2D('',#8880,#8881);
#8880 = CARTESIAN_POINT('',(1.75032336965E-15,-3.209892110372E-15));
#8881 = DIRECTION('',(0.866025403784,-0.5));
#8882 = ( GEOMETRIC_REPRESENTATION_CONTEXT(2) 
PARAMETRIC_REPRESENTATION_CONTEXT() REPRESENTATION_CONTEXT('2D SPACE',''
  ) );
#8883 = ORIENTED_EDGE('',*,*,#8884,.F.);
#8884 = EDGE_CURVE('',#8885,#8856,#8887,.T.);
#8885 = VERTEX_POINT('',#8886);
#8886 = CARTESIAN_POINT('',(-43.30127018922,-24.99999999999,143.));
#8887 = SURFACE_CURVE('',#8888,(#8892,#8899),.PCURVE_S1.);
#8888 = LINE('',#8889,#8890);
#8889 = CARTESIAN_POINT('',(-43.30127018922,-25.,133.));
#8890 = VECTOR('',#8891,1.);
#8891 = DIRECTION('',(-0.,-0.,-1.));
#8892 = PCURVE('',#8808,#8893);
#8893 = DEFINITIONAL_REPRESENTATION('',(#8894),#8898);
#8894 = LINE('',#8895,#8896);
#8895 = CARTESIAN_POINT('',(-3.665191429188,-133.));
#8896 = VECTOR('',#8897,1.);
#8897 = DIRECTION('',(-0.,1.));
#8898 = ( GEOMETRIC_REPRESENTATION_CONTEXT(2) 
PARAMETRIC_REPRESENTATION_CONTEXT() REPRESENTATION_CONTEXT('2D SPACE',''
  ) );
#8899 = PCURVE('',#8900,#8905);
#8900 = PLANE('',#8901);
#8901 = AXIS2_PLACEMENT_3D('',#8902,#8903,#8904);
#8902 = CARTESIAN_POINT('',(-50.,-25.,133.));
#8903 = DIRECTION('',(0.,1.,0.));
#8904 = DIRECTION('',(1.,0.,0.));
#8905 = DEFINITIONAL_REPRESENTATION('',(#8906),#8910);
#8906 = LINE('',#8907,#8908);
#8907 = CARTESIAN_POINT('',(6.698729810778,0.));
#8908 = VECTOR('',#8909,1.);
#8909 = DIRECTION('',(0.,1.));
#8910 = ( GEOMETRIC_REPRESENTATION_CONTEXT(2) 
PARAMETRIC_REPRESENTATION_CONTEXT() REPRESENTATION_CONTEXT('2D SPACE',''
  ) );
#8911 = ORIENTED_EDGE('',*,*,#8912,.T.);
#8912 = EDGE_CURVE('',#8885,#8913,#8915,.T.);
#8913 = VERTEX_POINT('',#8914);
#8914 = CARTESIAN_POINT('',(50.,-9.920088002921E-13,143.));
#8915 = SURFACE_CURVE('',#8916,(#8921,#8928),.PCURVE_S1.);
#8916 = CIRCLE('',#8917,50.);
#8917 = AXIS2_PLACEMENT_3D('',#8918,#8919,#8920);
#8918 = CARTESIAN_POINT('',(0.,0.,143.));
#8919 = DIRECTION('',(0.,0.,-1.));
#8920 = DIRECTION('',(-0.866025403784,-0.5,-0.));
#8921 = PCURVE('',#8808,#8922);
#8922 = DEFINITIONAL_REPRESENTATION('',(#8923),#8927);
#8923 = LINE('',#8924,#8925);
#8924 = CARTESIAN_POINT('',(-3.665191429188,-143.));
#8925 = VECTOR('',#8926,1.);
#8926 = DIRECTION('',(1.,-0.));
#8927 = ( GEOMETRIC_REPRESENTATION_CONTEXT(2) 
PARAMETRIC_REPRESENTATION_CONTEXT() REPRESENTATION_CONTEXT('2D SPACE',''
  ) );
#8928 = PCURVE('',#8929,#8934);
#8929 = PLANE('',#8930);
#8930 = AXIS2_PLACEMENT_3D('',#8931,#8932,#8933);
#8931 = CARTESIAN_POINT('',(-1.75032336965E-15,3.209892110372E-15,143.)
  );
#8932 = DIRECTION('',(0.,0.,1.));
#8933 = DIRECTION('',(1.,0.,-0.));
#8934 = DEFINITIONAL_REPRESENTATION('',(#8935),#8943);
#8935 = ( BOUNDED_CURVE() B_SPLINE_CURVE(2,(#8936,#8937,#8938,#8939,
#8940,#8941,#8942),.UNSPECIFIED.,.T.,.F.) B_SPLINE_CURVE_WITH_KNOTS((1,2
    ,2,2,2,1),(-2.094395102393,0.,2.094395102393,4.188790204786,
6.28318530718,8.377580409573),.UNSPECIFIED.) CURVE() 
GEOMETRIC_REPRESENTATION_ITEM() RATIONAL_B_SPLINE_CURVE((1.,0.5,1.,0.5,
1.,0.5,1.)) REPRESENTATION_ITEM('') );
#8936 = CARTESIAN_POINT('',(-43.30127018922,-24.99999999999));
#8937 = CARTESIAN_POINT('',(-86.60254037844,50.000000000003));
#8938 = CARTESIAN_POINT('',(1.972761143157E-12,50.));
#8939 = CARTESIAN_POINT('',(86.602540378446,49.999999999997));
#8940 = CARTESIAN_POINT('',(43.301270189221,-25.));
#8941 = CARTESIAN_POINT('',(-3.87778456348E-12,-100.));
#8942 = CARTESIAN_POINT('',(-43.30127018922,-24.99999999999));
#8943 = ( GEOMETRIC_REPRESENTATION_CONTEXT(2) 
PARAMETRIC_REPRESENTATION_CONTEXT() REPRESENTATION_CONTEXT('2D SPACE',''
  ) );
#8944 = ORIENTED_EDGE('',*,*,#8945,.T.);
#8945 = EDGE_CURVE('',#8913,#8946,#8948,.T.);
#8946 = VERTEX_POINT('',#8947);
#8947 = CARTESIAN_POINT('',(50.,9.908069486131E-13,211.));
#8948 = SEAM_CURVE('',#8949,(#8953,#8960),.PCURVE_S1.);
#8949 = LINE('',#8950,#8951);
#8950 = CARTESIAN_POINT('',(50.,0.,0.));
#8951 = VECTOR('',#8952,1.);
#8952 = DIRECTION('',(0.,0.,1.));
#8953 = PCURVE('',#8808,#8954);
#8954 = DEFINITIONAL_REPRESENTATION('',(#8955),#8959);
#8955 = LINE('',#8956,#8957);
#8956 = CARTESIAN_POINT('',(-6.28318530718,0.));
#8957 = VECTOR('',#8958,1.);
#8958 = DIRECTION('',(-0.,-1.));
#8959 = ( GEOMETRIC_REPRESENTATION_CONTEXT(2) 
PARAMETRIC_REPRESENTATION_CONTEXT() REPRESENTATION_CONTEXT('2D SPACE',''
  ) );
#8960 = PCURVE('',#8808,#8961);
#8961 = DEFINITIONAL_REPRESENTATION('',(#8962),#8966);
#8962 = LINE('',#8963,#8964);
#8963 = CARTESIAN_POINT('',(-0.,0.));
#8964 = VECTOR('',#8965,1.);
#8965 = DIRECTION('',(-0.,-1.));
#8966 = ( GEOMETRIC_REPRESENTATION_CONTEXT(2) 
PARAMETRIC_REPRESENTATION_CONTEXT() REPRESENTATION_CONTEXT('2D SPACE',''
  ) );
#8967 = ORIENTED_EDGE('',*,*,#8968,.T.);
#8968 = EDGE_CURVE('',#8946,#8969,#8971,.T.);
#8969 = VERTEX_POINT('',#8970);
#8970 = CARTESIAN_POINT('',(43.301270189221,25.000000000001,211.));
#8971 = SURFACE_CURVE('',#8972,(#8977,#8984),.PCURVE_S1.);
#8972 = CIRCLE('',#8973,50.);
#8973 = AXIS2_PLACEMENT_3D('',#8974,#8975,#8976);
#8974 = CARTESIAN_POINT('',(0.,0.,211.));
#8975 = DIRECTION('',(0.,0.,1.));
#8976 = DIRECTION('',(-0.866025403784,0.5,0.));
#8977 = PCURVE('',#8808,#8978);
#8978 = DEFINITIONAL_REPRESENTATION('',(#8979),#8983);
#8979 = LINE('',#8980,#8981);
#8980 = CARTESIAN_POINT('',(3.665191429188,-211.));
#8981 = VECTOR('',#8982,1.);
#8982 = DIRECTION('',(-1.,0.));
#8983 = ( GEOMETRIC_REPRESENTATION_CONTEXT(2) 
PARAMETRIC_REPRESENTATION_CONTEXT() REPRESENTATION_CONTEXT('2D SPACE',''
  ) );
#8984 = PCURVE('',#8985,#8990);
#8985 = PLANE('',#8986);
#8986 = AXIS2_PLACEMENT_3D('',#8987,#8988,#8989);
#8987 = CARTESIAN_POINT('',(-1.75032336965E-15,3.209892110372E-15,211.)
  );
#8988 = DIRECTION('',(0.,0.,1.));
#8989 = DIRECTION('',(1.,0.,-0.));
#8990 = DEFINITIONAL_REPRESENTATION('',(#8991),#8995);
#8991 = CIRCLE('',#8992,50.);
#8992 = AXIS2_PLACEMENT_2D('',#8993,#8994);
#8993 = CARTESIAN_POINT('',(1.75032336965E-15,-3.209892110372E-15));
#8994 = DIRECTION('',(-0.866025403784,0.5));
#8995 = ( GEOMETRIC_REPRESENTATION_CONTEXT(2) 
PARAMETRIC_REPRESENTATION_CONTEXT() REPRESENTATION_CONTEXT('2D SPACE',''
  ) );
#8996 = ORIENTED_EDGE('',*,*,#8997,.F.);
#8997 = EDGE_CURVE('',#8998,#8969,#9000,.T.);
#8998 = VERTEX_POINT('',#8999);
#8999 = CARTESIAN_POINT('',(43.301270189221,25.000000000001,221.));
#9000 = SURFACE_CURVE('',#9001,(#9005,#9012),.PCURVE_S1.);
#9001 = LINE('',#9002,#9003);
#9002 = CARTESIAN_POINT('',(43.301270189222,25.,211.));
#9003 = VECTOR('',#9004,1.);
#9004 = DIRECTION('',(-0.,-0.,-1.));
#9005 = PCURVE('',#8808,#9006);
#9006 = DEFINITIONAL_REPRESENTATION('',(#9007),#9011);
#9007 = LINE('',#9008,#9009);
#9008 = CARTESIAN_POINT('',(-0.523598775598,-211.));
#9009 = VECTOR('',#9010,1.);
#9010 = DIRECTION('',(-0.,1.));
#9011 = ( GEOMETRIC_REPRESENTATION_CONTEXT(2) 
PARAMETRIC_REPRESENTATION_CONTEXT() REPRESENTATION_CONTEXT('2D SPACE',''
  ) );
#9012 = PCURVE('',#9013,#9018);
#9013 = PLANE('',#9014);
#9014 = AXIS2_PLACEMENT_3D('',#9015,#9016,#9017);
#9015 = CARTESIAN_POINT('',(50.,25.,211.));
#9016 = DIRECTION('',(0.,-1.,0.));
#9017 = DIRECTION('',(-1.,0.,0.));
#9018 = DEFINITIONAL_REPRESENTATION('',(#9019),#9023);
#9019 = LINE('',#9020,#9021);
#9020 = CARTESIAN_POINT('',(6.698729810778,0.));
#9021 = VECTOR('',#9022,1.);
#9022 = DIRECTION('',(0.,1.));
#9023 = ( GEOMETRIC_REPRESENTATION_CONTEXT(2) 
PARAMETRIC_REPRESENTATION_CONTEXT() REPRESENTATION_CONTEXT('2D SPACE',''
  ) );
#9024 = ORIENTED_EDGE('',*,*,#9025,.T.);
#9025 = EDGE_CURVE('',#8998,#9026,#9028,.T.);
#9026 = VERTEX_POINT('',#9027);
#9027 = CARTESIAN_POINT('',(50.,9.92846355366E-13,221.));
#9028 = SURFACE_CURVE('',#9029,(#9034,#9041),.PCURVE_S1.);
#9029 = CIRCLE('',#9030,50.);
#9030 = AXIS2_PLACEMENT_3D('',#9031,#9032,#9033);
#9031 = CARTESIAN_POINT('',(0.,0.,221.));
#9032 = DIRECTION('',(0.,0.,-1.));
#9033 = DIRECTION('',(0.866025403784,0.5,0.));
#9034 = PCURVE('',#8808,#9035);
#9035 = DEFINITIONAL_REPRESENTATION('',(#9036),#9040);
#9036 = LINE('',#9037,#9038);
#9037 = CARTESIAN_POINT('',(-0.523598775598,-221.));
#9038 = VECTOR('',#9039,1.);
#9039 = DIRECTION('',(1.,-0.));
#9040 = ( GEOMETRIC_REPRESENTATION_CONTEXT(2) 
PARAMETRIC_REPRESENTATION_CONTEXT() REPRESENTATION_CONTEXT('2D SPACE',''
  ) );
#9041 = PCURVE('',#9042,#9047);
#9042 = PLANE('',#9043);
#9043 = AXIS2_PLACEMENT_3D('',#9044,#9045,#9046);
#9044 = CARTESIAN_POINT('',(-1.75032336965E-15,3.209892110372E-15,221.)
  );
#9045 = DIRECTION('',(0.,0.,1.));
#9046 = DIRECTION('',(1.,0.,-0.));
#9047 = DEFINITIONAL_REPRESENTATION('',(#9048),#9056);
#9048 = ( BOUNDED_CURVE() B_SPLINE_CURVE(2,(#9049,#9050,#9051,#9052,
#9053,#9054,#9055),.UNSPECIFIED.,.T.,.F.) B_SPLINE_CURVE_WITH_KNOTS((1,2
    ,2,2,2,1),(-2.094395102393,0.,2.094395102393,4.188790204786,
6.28318530718,8.377580409573),.UNSPECIFIED.) CURVE() 
GEOMETRIC_REPRESENTATION_ITEM() RATIONAL_B_SPLINE_CURVE((1.,0.5,1.,0.5,
1.,0.5,1.)) REPRESENTATION_ITEM('') );
#9049 = CARTESIAN_POINT('',(43.301270189221,25.000000000001));
#9050 = CARTESIAN_POINT('',(86.602540378445,-49.99999999999));
#9051 = CARTESIAN_POINT('',(1.168419931607E-12,-50.));
#9052 = CARTESIAN_POINT('',(-86.60254037844,-50.));
#9053 = CARTESIAN_POINT('',(-43.30127018922,24.999999999999));
#9054 = CARTESIAN_POINT('',(-2.386970218472E-12,100.));
#9055 = CARTESIAN_POINT('',(43.301270189221,25.000000000001));
#9056 = ( GEOMETRIC_REPRESENTATION_CONTEXT(2) 
PARAMETRIC_REPRESENTATION_CONTEXT() REPRESENTATION_CONTEXT('2D SPACE',''
  ) );
#9057 = ORIENTED_EDGE('',*,*,#9058,.T.);
#9058 = EDGE_CURVE('',#9026,#9059,#9061,.T.);
#9059 = VERTEX_POINT('',#9060);
#9060 = CARTESIAN_POINT('',(50.,-9.965047517611E-13,289.));
#9061 = SEAM_CURVE('',#9062,(#9066,#9073),.PCURVE_S1.);
#9062 = LINE('',#9063,#9064);
#9063 = CARTESIAN_POINT('',(50.,0.,0.));
#9064 = VECTOR('',#9065,1.);
#9065 = DIRECTION('',(0.,0.,1.));
#9066 = PCURVE('',#8808,#9067);
#9067 = DEFINITIONAL_REPRESENTATION('',(#9068),#9072);
#9068 = LINE('',#9069,#9070);
#9069 = CARTESIAN_POINT('',(-6.28318530718,0.));
#9070 = VECTOR('',#9071,1.);
#9071 = DIRECTION('',(-0.,-1.));
#9072 = ( GEOMETRIC_REPRESENTATION_CONTEXT(2) 
PARAMETRIC_REPRESENTATION_CONTEXT() REPRESENTATION_CONTEXT('2D SPACE',''
  ) );
#9073 = PCURVE('',#8808,#9074);
#9074 = DEFINITIONAL_REPRESENTATION('',(#9075),#9079);
#9075 = LINE('',#9076,#9077);
#9076 = CARTESIAN_POINT('',(-0.,0.));
#9077 = VECTOR('',#9078,1.);
#9078 = DIRECTION('',(-0.,-1.));
#9079 = ( GEOMETRIC_REPRESENTATION_CONTEXT(2) 
PARAMETRIC_REPRESENTATION_CONTEXT() REPRESENTATION_CONTEXT('2D SPACE',''
  ) );
#9080 = ORIENTED_EDGE('',*,*,#9081,.T.);
#9081 = EDGE_CURVE('',#9059,#9082,#9084,.T.);
#9082 = VERTEX_POINT('',#9083);
#9083 = CARTESIAN_POINT('',(-43.30127018922,-24.99999999999,289.));
#9084 = SURFACE_CURVE('',#9085,(#9090,#9097),.PCURVE_S1.);
#9085 = CIRCLE('',#9086,50.);
#9086 = AXIS2_PLACEMENT_3D('',#9087,#9088,#9089);
#9087 = CARTESIAN_POINT('',(0.,0.,289.));
#9088 = DIRECTION('',(0.,0.,1.));
#9089 = DIRECTION('',(0.866025403784,-0.5,0.));
#9090 = PCURVE('',#8808,#9091);
#9091 = DEFINITIONAL_REPRESENTATION('',(#9092),#9096);
#9092 = LINE('',#9093,#9094);
#9093 = CARTESIAN_POINT('',(0.523598775598,-289.));
#9094 = VECTOR('',#9095,1.);
#9095 = DIRECTION('',(-1.,0.));
#9096 = ( GEOMETRIC_REPRESENTATION_CONTEXT(2) 
PARAMETRIC_REPRESENTATION_CONTEXT() REPRESENTATION_CONTEXT('2D SPACE',''
  ) );
#9097 = PCURVE('',#9098,#9103);
#9098 = PLANE('',#9099);
#9099 = AXIS2_PLACEMENT_3D('',#9100,#9101,#9102);
#9100 = CARTESIAN_POINT('',(-1.75032336965E-15,3.209892110372E-15,289.)
  );
#9101 = DIRECTION('',(0.,0.,1.));
#9102 = DIRECTION('',(1.,0.,-0.));
#9103 = DEFINITIONAL_REPRESENTATION('',(#9104),#9108);
#9104 = CIRCLE('',#9105,50.);
#9105 = AXIS2_PLACEMENT_2D('',#9106,#9107);
#9106 = CARTESIAN_POINT('',(1.75032336965E-15,-3.209892110372E-15));
#9107 = DIRECTION('',(0.866025403784,-0.5));
#9108 = ( GEOMETRIC_REPRESENTATION_CONTEXT(2) 
PARAMETRIC_REPRESENTATION_CONTEXT() REPRESENTATION_CONTEXT('2D SPACE',''
  ) );
#9109 = ORIENTED_EDGE('',*,*,#9110,.F.);
#9110 = EDGE_CURVE('',#9111,#9082,#9113,.T.);
#9111 = VERTEX_POINT('',#9112);
#9112 = CARTESIAN_POINT('',(-43.30127018922,-24.99999999999,299.));
#9113 = SURFACE_CURVE('',#9114,(#9118,#9125),.PCURVE_S1.);
#9114 = LINE('',#9115,#9116);
#9115 = CARTESIAN_POINT('',(-43.30127018922,-25.,289.));
#9116 = VECTOR('',#9117,1.);
#9117 = DIRECTION('',(-0.,-0.,-1.));
#9118 = PCURVE('',#8808,#9119);
#9119 = DEFINITIONAL_REPRESENTATION('',(#9120),#9124);
#9120 = LINE('',#9121,#9122);
#9121 = CARTESIAN_POINT('',(-3.665191429188,-289.));
#9122 = VECTOR('',#9123,1.);
#9123 = DIRECTION('',(-0.,1.));
#9124 = ( GEOMETRIC_REPRESENTATION_CONTEXT(2) 
PARAMETRIC_REPRESENTATION_CONTEXT() REPRESENTATION_CONTEXT('2D SPACE',''
  ) );
#9125 = PCURVE('',#9126,#9131);
#9126 = PLANE('',#9127);
#9127 = AXIS2_PLACEMENT_3D('',#9128,#9129,#9130);
#9128 = CARTESIAN_POINT('',(-50.,-25.,289.));
#9129 = DIRECTION('',(0.,1.,0.));
#9130 = DIRECTION('',(1.,0.,0.));
#9131 = DEFINITIONAL_REPRESENTATION('',(#9132),#9136);
#9132 = LINE('',#9133,#9134);
#9133 = CARTESIAN_POINT('',(6.698729810778,0.));
#9134 = VECTOR('',#9135,1.);
#9135 = DIRECTION('',(0.,1.));
#9136 = ( GEOMETRIC_REPRESENTATION_CONTEXT(2) 
PARAMETRIC_REPRESENTATION_CONTEXT() REPRESENTATION_CONTEXT('2D SPACE',''
  ) );
#9137 = ORIENTED_EDGE('',*,*,#9138,.T.);
#9138 = EDGE_CURVE('',#9111,#9139,#9141,.T.);
#9139 = VERTEX_POINT('',#9140);
#9140 = CARTESIAN_POINT('',(50.,-9.920088002921E-13,299.));
#9141 = SURFACE_CURVE('',#9142,(#9147,#9154),.PCURVE_S1.);
#9142 = CIRCLE('',#9143,50.);
#9143 = AXIS2_PLACEMENT_3D('',#9144,#9145,#9146);
#9144 = CARTESIAN_POINT('',(0.,0.,299.));
#9145 = DIRECTION('',(0.,0.,-1.));
#9146 = DIRECTION('',(-0.866025403784,-0.5,-0.));
#9147 = PCURVE('',#8808,#9148);
#9148 = DEFINITIONAL_REPRESENTATION('',(#9149),#9153);
#9149 = LINE('',#9150,#9151);
#9150 = CARTESIAN_POINT('',(-3.665191429188,-299.));
#9151 = VECTOR('',#9152,1.);
#9152 = DIRECTION('',(1.,-0.));
#9153 = ( GEOMETRIC_REPRESENTATION_CONTEXT(2) 
PARAMETRIC_REPRESENTATION_CONTEXT() REPRESENTATION_CONTEXT('2D SPACE',''
  ) );
#9154 = PCURVE('',#9155,#9160);
#9155 = PLANE('',#9156);
#9156 = AXIS2_PLACEMENT_3D('',#9157,#9158,#9159);
#9157 = CARTESIAN_POINT('',(-1.75032336965E-15,3.209892110372E-15,299.)
  );
#9158 = DIRECTION('',(0.,0.,1.));
#9159 = DIRECTION('',(1.,0.,-0.));
#9160 = DEFINITIONAL_REPRESENTATION('',(#9161),#9169);
#9161 = ( BOUNDED_CURVE() B_SPLINE_CURVE(2,(#9162,#9163,#9164,#9165,
#9166,#9167,#9168),.UNSPECIFIED.,.T.,.F.) B_SPLINE_CURVE_WITH_KNOTS((1,2
    ,2,2,2,1),(-2.094395102393,0.,2.094395102393,4.188790204786,
6.28318530718,8.377580409573),.UNSPECIFIED.) CURVE() 
GEOMETRIC_REPRESENTATION_ITEM() RATIONAL_B_SPLINE_CURVE((1.,0.5,1.,0.5,
1.,0.5,1.)) REPRESENTATION_ITEM('') );
#9162 = CARTESIAN_POINT('',(-43.30127018922,-24.99999999999));
#9163 = CARTESIAN_POINT('',(-86.60254037844,50.000000000003));
#9164 = CARTESIAN_POINT('',(1.972761143157E-12,50.));
#9165 = CARTESIAN_POINT('',(86.602540378446,49.999999999997));
#9166 = CARTESIAN_POINT('',(43.301270189221,-25.));
#9167 = CARTESIAN_POINT('',(-3.87778456348E-12,-100.));
#9168 = CARTESIAN_POINT('',(-43.30127018922,-24.99999999999));
#9169 = ( GEOMETRIC_REPRESENTATION_CONTEXT(2) 
PARAMETRIC_REPRESENTATION_CONTEXT() REPRESENTATION_CONTEXT('2D SPACE',''
  ) );
#9170 = ORIENTED_EDGE('',*,*,#9171,.T.);
#9171 = EDGE_CURVE('',#9139,#9172,#9174,.T.);
#9172 = VERTEX_POINT('',#9173);
#9173 = CARTESIAN_POINT('',(50.,9.908069486131E-13,367.));
#9174 = SEAM_CURVE('',#9175,(#9179,#9186),.PCURVE_S1.);
#9175 = LINE('',#9176,#9177);
#9176 = CARTESIAN_POINT('',(50.,0.,0.));
#9177 = VECTOR('',#9178,1.);
#9178 = DIRECTION('',(0.,0.,1.));
#9179 = PCURVE('',#8808,#9180);
#9180 = DEFINITIONAL_REPRESENTATION('',(#9181),#9185);
#9181 = LINE('',#9182,#9183);
#9182 = CARTESIAN_POINT('',(-6.28318530718,0.));
#9183 = VECTOR('',#9184,1.);
#9184 = DIRECTION('',(-0.,-1.));
#9185 = ( GEOMETRIC_REPRESENTATION_CONTEXT(2) 
PARAMETRIC_REPRESENTATION_CONTEXT() REPRESENTATION_CONTEXT('2D SPACE',''
  ) );
#9186 = PCURVE('',#8808,#9187);
#9187 = DEFINITIONAL_REPRESENTATION('',(#9188),#9192);
#9188 = LINE('',#9189,#9190);
#9189 = CARTESIAN_POINT('',(-0.,0.));
#9190 = VECTOR('',#9191,1.);
#9191 = DIRECTION('',(-0.,-1.));
#9192 = ( GEOMETRIC_REPRESENTATION_CONTEXT(2) 
PARAMETRIC_REPRESENTATION_CONTEXT() REPRESENTATION_CONTEXT('2D SPACE',''
  ) );
#9193 = ORIENTED_EDGE('',*,*,#9194,.T.);
#9194 = EDGE_CURVE('',#9172,#9195,#9197,.T.);
#9195 = VERTEX_POINT('',#9196);
#9196 = CARTESIAN_POINT('',(43.301270189221,25.000000000001,367.));
#9197 = SURFACE_CURVE('',#9198,(#9203,#9210),.PCURVE_S1.);
#9198 = CIRCLE('',#9199,50.);
#9199 = AXIS2_PLACEMENT_3D('',#9200,#9201,#9202);
#9200 = CARTESIAN_POINT('',(0.,0.,367.));
#9201 = DIRECTION('',(0.,0.,1.));
#9202 = DIRECTION('',(-0.866025403784,0.5,0.));
#9203 = PCURVE('',#8808,#9204);
#9204 = DEFINITIONAL_REPRESENTATION('',(#9205),#9209);
#9205 = LINE('',#9206,#9207);
#9206 = CARTESIAN_POINT('',(3.665191429188,-367.));
#9207 = VECTOR('',#9208,1.);
#9208 = DIRECTION('',(-1.,0.));
#9209 = ( GEOMETRIC_REPRESENTATION_CONTEXT(2) 
PARAMETRIC_REPRESENTATION_CONTEXT() REPRESENTATION_CONTEXT('2D SPACE',''
  ) );
#9210 = PCURVE('',#9211,#9216);
#9211 = PLANE('',#9212);
#9212 = AXIS2_PLACEMENT_3D('',#9213,#9214,#9215);
#9213 = CARTESIAN_POINT('',(-1.75032336965E-15,3.209892110372E-15,367.)
  );
#9214 = DIRECTION('',(0.,0.,1.));
#9215 = DIRECTION('',(1.,0.,-0.));
#9216 = DEFINITIONAL_REPRESENTATION('',(#9217),#9221);
#9217 = CIRCLE('',#9218,50.);
#9218 = AXIS2_PLACEMENT_2D('',#9219,#9220);
#9219 = CARTESIAN_POINT('',(1.75032336965E-15,-3.209892110372E-15));
#9220 = DIRECTION('',(-0.866025403784,0.5));
#9221 = ( GEOMETRIC_REPRESENTATION_CONTEXT(2) 
PARAMETRIC_REPRESENTATION_CONTEXT() REPRESENTATION_CONTEXT('2D SPACE',''
  ) );
#9222 = ORIENTED_EDGE('',*,*,#9223,.F.);
#9223 = EDGE_CURVE('',#9224,#9195,#9226,.T.);
#9224 = VERTEX_POINT('',#9225);
#9225 = CARTESIAN_POINT('',(43.301270189221,25.000000000001,377.));
#9226 = SURFACE_CURVE('',#9227,(#9231,#9238),.PCURVE_S1.);
#9227 = LINE('',#9228,#9229);
#9228 = CARTESIAN_POINT('',(43.301270189222,25.,367.));
#9229 = VECTOR('',#9230,1.);
#9230 = DIRECTION('',(-0.,-0.,-1.));
#9231 = PCURVE('',#8808,#9232);
#9232 = DEFINITIONAL_REPRESENTATION('',(#9233),#9237);
#9233 = LINE('',#9234,#9235);
#9234 = CARTESIAN_POINT('',(-0.523598775598,-367.));
#9235 = VECTOR('',#9236,1.);
#9236 = DIRECTION('',(-0.,1.));
#9237 = ( GEOMETRIC_REPRESENTATION_CONTEXT(2) 
PARAMETRIC_REPRESENTATION_CONTEXT() REPRESENTATION_CONTEXT('2D SPACE',''
  ) );
#9238 = PCURVE('',#9239,#9244);
#9239 = PLANE('',#9240);
#9240 = AXIS2_PLACEMENT_3D('',#9241,#9242,#9243);
#9241 = CARTESIAN_POINT('',(50.,25.,367.));
#9242 = DIRECTION('',(0.,-1.,0.));
#9243 = DIRECTION('',(-1.,0.,0.));
#9244 = DEFINITIONAL_REPRESENTATION('',(#9245),#9249);
#9245 = LINE('',#9246,#9247);
#9246 = CARTESIAN_POINT('',(6.698729810778,0.));
#9247 = VECTOR('',#9248,1.);
#9248 = DIRECTION('',(0.,1.));
#9249 = ( GEOMETRIC_REPRESENTATION_CONTEXT(2) 
PARAMETRIC_REPRESENTATION_CONTEXT() REPRESENTATION_CONTEXT('2D SPACE',''
  ) );
#9250 = ORIENTED_EDGE('',*,*,#9251,.T.);
#9251 = EDGE_CURVE('',#9224,#9252,#9254,.T.);
#9252 = VERTEX_POINT('',#9253);
#9253 = CARTESIAN_POINT('',(50.,9.92846355366E-13,377.));
#9254 = SURFACE_CURVE('',#9255,(#9260,#9267),.PCURVE_S1.);
#9255 = CIRCLE('',#9256,50.);
#9256 = AXIS2_PLACEMENT_3D('',#9257,#9258,#9259);
#9257 = CARTESIAN_POINT('',(0.,0.,377.));
#9258 = DIRECTION('',(0.,0.,-1.));
#9259 = DIRECTION('',(0.866025403784,0.5,0.));
#9260 = PCURVE('',#8808,#9261);
#9261 = DEFINITIONAL_REPRESENTATION('',(#9262),#9266);
#9262 = LINE('',#9263,#9264);
#9263 = CARTESIAN_POINT('',(-0.523598775598,-377.));
#9264 = VECTOR('',#9265,1.);
#9265 = DIRECTION('',(1.,-0.));
#9266 = ( GEOMETRIC_REPRESENTATION_CONTEXT(2) 
PARAMETRIC_REPRESENTATION_CONTEXT() REPRESENTATION_CONTEXT('2D SPACE',''
  ) );
#9267 = PCURVE('',#9268,#9273);
#9268 = PLANE('',#9269);
#9269 = AXIS2_PLACEMENT_3D('',#9270,#9271,#9272);
#9270 = CARTESIAN_POINT('',(-1.75032336965E-15,3.209892110372E-15,377.)
  );
#9271 = DIRECTION('',(0.,0.,1.));
#9272 = DIRECTION('',(1.,0.,-0.));
#9273 = DEFINITIONAL_REPRESENTATION('',(#9274),#9282);
#9274 = ( BOUNDED_CURVE() B_SPLINE_CURVE(2,(#9275,#9276,#9277,#9278,
#9279,#9280,#9281),.UNSPECIFIED.,.T.,.F.) B_SPLINE_CURVE_WITH_KNOTS((1,2
    ,2,2,2,1),(-2.094395102393,0.,2.094395102393,4.188790204786,
6.28318530718,8.377580409573),.UNSPECIFIED.) CURVE() 
GEOMETRIC_REPRESENTATION_ITEM() RATIONAL_B_SPLINE_CURVE((1.,0.5,1.,0.5,
1.,0.5,1.)) REPRESENTATION_ITEM('') );
#9275 = CARTESIAN_POINT('',(43.301270189221,25.000000000001));
#9276 = CARTESIAN_POINT('',(86.602540378445,-49.99999999999));
#9277 = CARTESIAN_POINT('',(1.168419931607E-12,-50.));
#9278 = CARTESIAN_POINT('',(-86.60254037844,-50.));
#9279 = CARTESIAN_POINT('',(-43.30127018922,24.999999999999));
#9280 = CARTESIAN_POINT('',(-2.386970218472E-12,100.));
#9281 = CARTESIAN_POINT('',(43.301270189221,25.000000000001));
#9282 = ( GEOMETRIC_REPRESENTATION_CONTEXT(2) 
PARAMETRIC_REPRESENTATION_CONTEXT() REPRESENTATION_CONTEXT('2D SPACE',''
  ) );
#9283 = ORIENTED_EDGE('',*,*,#9284,.T.);
#9284 = EDGE_CURVE('',#9252,#9285,#9287,.T.);
#9285 = VERTEX_POINT('',#9286);
#9286 = CARTESIAN_POINT('',(50.,0.,445.));
#9287 = SEAM_CURVE('',#9288,(#9292,#9299),.PCURVE_S1.);
#9288 = LINE('',#9289,#9290);
#9289 = CARTESIAN_POINT('',(50.,0.,0.));
#9290 = VECTOR('',#9291,1.);
#9291 = DIRECTION('',(0.,0.,1.));
#9292 = PCURVE('',#8808,#9293);
#9293 = DEFINITIONAL_REPRESENTATION('',(#9294),#9298);
#9294 = LINE('',#9295,#9296);
#9295 = CARTESIAN_POINT('',(-6.28318530718,0.));
#9296 = VECTOR('',#9297,1.);
#9297 = DIRECTION('',(-0.,-1.));
#9298 = ( GEOMETRIC_REPRESENTATION_CONTEXT(2) 
PARAMETRIC_REPRESENTATION_CONTEXT() REPRESENTATION_CONTEXT('2D SPACE',''
  ) );
#9299 = PCURVE('',#8808,#9300);
#9300 = DEFINITIONAL_REPRESENTATION('',(#9301),#9305);
#9301 = LINE('',#9302,#9303);
#9302 = CARTESIAN_POINT('',(-0.,0.));
#9303 = VECTOR('',#9304,1.);
#9304 = DIRECTION('',(-0.,-1.));
#9305 = ( GEOMETRIC_REPRESENTATION_CONTEXT(2) 
PARAMETRIC_REPRESENTATION_CONTEXT() REPRESENTATION_CONTEXT('2D SPACE',''
  ) );
#9306 = ORIENTED_EDGE('',*,*,#9307,.T.);
#9307 = EDGE_CURVE('',#9285,#9285,#9308,.T.);
#9308 = SURFACE_CURVE('',#9309,(#9314,#9321),.PCURVE_S1.);
#9309 = CIRCLE('',#9310,50.);
#9310 = AXIS2_PLACEMENT_3D('',#9311,#9312,#9313);
#9311 = CARTESIAN_POINT('',(0.,0.,445.));
#9312 = DIRECTION('',(0.,0.,1.));
#9313 = DIRECTION('',(1.,0.,0.));
#9314 = PCURVE('',#8808,#9315);
#9315 = DEFINITIONAL_REPRESENTATION('',(#9316),#9320);
#9316 = LINE('',#9317,#9318);
#9317 = CARTESIAN_POINT('',(-0.,-445.));
#9318 = VECTOR('',#9319,1.);
#9319 = DIRECTION('',(-1.,0.));
#9320 = ( GEOMETRIC_REPRESENTATION_CONTEXT(2) 
PARAMETRIC_REPRESENTATION_CONTEXT() REPRESENTATION_CONTEXT('2D SPACE',''
  ) );
#9321 = PCURVE('',#9322,#9327);
#9322 = PLANE('',#9323);
#9323 = AXIS2_PLACEMENT_3D('',#9324,#9325,#9326);
#9324 = CARTESIAN_POINT('',(-1.75032336965E-15,3.209892110372E-15,445.)
  );
#9325 = DIRECTION('',(0.,0.,1.));
#9326 = DIRECTION('',(1.,0.,-0.));
#9327 = DEFINITIONAL_REPRESENTATION('',(#9328),#9332);
#9328 = CIRCLE('',#9329,50.);
#9329 = AXIS2_PLACEMENT_2D('',#9330,#9331);
#9330 = CARTESIAN_POINT('',(1.75032336965E-15,-3.209892110372E-15));
#9331 = DIRECTION('',(1.,0.));
#9332 = ( GEOMETRIC_REPRESENTATION_CONTEXT(2) 
PARAMETRIC_REPRESENTATION_CONTEXT() REPRESENTATION_CONTEXT('2D SPACE',''
  ) );
#9333 = ORIENTED_EDGE('',*,*,#9284,.F.);
#9334 = ORIENTED_EDGE('',*,*,#9335,.T.);
#9335 = EDGE_CURVE('',#9252,#9336,#9338,.T.);
#9336 = VERTEX_POINT('',#9337);
#9337 = CARTESIAN_POINT('',(-43.30127018922,24.999999999999,377.));
#9338 = SURFACE_CURVE('',#9339,(#9344,#9351),.PCURVE_S1.);
#9339 = CIRCLE('',#9340,50.);
#9340 = AXIS2_PLACEMENT_3D('',#9341,#9342,#9343);
#9341 = CARTESIAN_POINT('',(0.,0.,377.));
#9342 = DIRECTION('',(0.,0.,-1.));
#9343 = DIRECTION('',(0.866025403784,0.5,0.));
#9344 = PCURVE('',#8808,#9345);
#9345 = DEFINITIONAL_REPRESENTATION('',(#9346),#9350);
#9346 = LINE('',#9347,#9348);
#9347 = CARTESIAN_POINT('',(-6.806784082778,-377.));
#9348 = VECTOR('',#9349,1.);
#9349 = DIRECTION('',(1.,-0.));
#9350 = ( GEOMETRIC_REPRESENTATION_CONTEXT(2) 
PARAMETRIC_REPRESENTATION_CONTEXT() REPRESENTATION_CONTEXT('2D SPACE',''
  ) );
#9351 = PCURVE('',#9268,#9352);
#9352 = DEFINITIONAL_REPRESENTATION('',(#9353),#9361);
#9353 = ( BOUNDED_CURVE() B_SPLINE_CURVE(2,(#9354,#9355,#9356,#9357,
#9358,#9359,#9360),.UNSPECIFIED.,.T.,.F.) B_SPLINE_CURVE_WITH_KNOTS((1,2
    ,2,2,2,1),(-2.094395102393,0.,2.094395102393,4.188790204786,
6.28318530718,8.377580409573),.UNSPECIFIED.) CURVE() 
GEOMETRIC_REPRESENTATION_ITEM() RATIONAL_B_SPLINE_CURVE((1.,0.5,1.,0.5,
1.,0.5,1.)) REPRESENTATION_ITEM('') );
#9354 = CARTESIAN_POINT('',(43.301270189221,25.000000000001));
#9355 = CARTESIAN_POINT('',(86.602540378445,-49.99999999999));
#9356 = CARTESIAN_POINT('',(1.168419931607E-12,-50.));
#9357 = CARTESIAN_POINT('',(-86.60254037844,-50.));
#9358 = CARTESIAN_POINT('',(-43.30127018922,24.999999999999));
#9359 = CARTESIAN_POINT('',(-2.386970218472E-12,100.));
#9360 = CARTESIAN_POINT('',(43.301270189221,25.000000000001));
#9361 = ( GEOMETRIC_REPRESENTATION_CONTEXT(2) 
PARAMETRIC_REPRESENTATION_CONTEXT() REPRESENTATION_CONTEXT('2D SPACE',''
  ) );
#9362 = ORIENTED_EDGE('',*,*,#9363,.T.);
#9363 = EDGE_CURVE('',#9336,#9364,#9366,.T.);
#9364 = VERTEX_POINT('',#9365);
#9365 = CARTESIAN_POINT('',(-43.30127018922,24.999999999999,367.));
#9366 = SURFACE_CURVE('',#9367,(#9371,#9378),.PCURVE_S1.);
#9367 = LINE('',#9368,#9369);
#9368 = CARTESIAN_POINT('',(-43.30127018922,25.,367.));
#9369 = VECTOR('',#9370,1.);
#9370 = DIRECTION('',(-0.,-0.,-1.));
#9371 = PCURVE('',#8808,#9372);
#9372 = DEFINITIONAL_REPRESENTATION('',(#9373),#9377);
#9373 = LINE('',#9374,#9375);
#9374 = CARTESIAN_POINT('',(-2.617993877991,-367.));
#9375 = VECTOR('',#9376,1.);
#9376 = DIRECTION('',(-0.,1.));
#9377 = ( GEOMETRIC_REPRESENTATION_CONTEXT(2) 
PARAMETRIC_REPRESENTATION_CONTEXT() REPRESENTATION_CONTEXT('2D SPACE',''
  ) );
#9378 = PCURVE('',#9379,#9384);
#9379 = PLANE('',#9380);
#9380 = AXIS2_PLACEMENT_3D('',#9381,#9382,#9383);
#9381 = CARTESIAN_POINT('',(50.,25.,367.));
#9382 = DIRECTION('',(0.,-1.,0.));
#9383 = DIRECTION('',(-1.,0.,0.));
#9384 = DEFINITIONAL_REPRESENTATION('',(#9385),#9389);
#9385 = LINE('',#9386,#9387);
#9386 = CARTESIAN_POINT('',(93.301270189222,0.));
#9387 = VECTOR('',#9388,1.);
#9388 = DIRECTION('',(0.,1.));
#9389 = ( GEOMETRIC_REPRESENTATION_CONTEXT(2) 
PARAMETRIC_REPRESENTATION_CONTEXT() REPRESENTATION_CONTEXT('2D SPACE',''
  ) );
#9390 = ORIENTED_EDGE('',*,*,#9391,.T.);
#9391 = EDGE_CURVE('',#9364,#9172,#9392,.T.);
#9392 = SURFACE_CURVE('',#9393,(#9398,#9405),.PCURVE_S1.);
#9393 = CIRCLE('',#9394,50.);
#9394 = AXIS2_PLACEMENT_3D('',#9395,#9396,#9397);
#9395 = CARTESIAN_POINT('',(0.,0.,367.));
#9396 = DIRECTION('',(0.,0.,1.));
#9397 = DIRECTION('',(-0.866025403784,0.5,0.));
#9398 = PCURVE('',#8808,#9399);
#9399 = DEFINITIONAL_REPRESENTATION('',(#9400),#9404);
#9400 = LINE('',#9401,#9402);
#9401 = CARTESIAN_POINT('',(-2.617993877992,-367.));
#9402 = VECTOR('',#9403,1.);
#9403 = DIRECTION('',(-1.,0.));
#9404 = ( GEOMETRIC_REPRESENTATION_CONTEXT(2) 
PARAMETRIC_REPRESENTATION_CONTEXT() REPRESENTATION_CONTEXT('2D SPACE',''
  ) );
#9405 = PCURVE('',#9211,#9406);
#9406 = DEFINITIONAL_REPRESENTATION('',(#9407),#9411);
#9407 = CIRCLE('',#9408,50.);
#9408 = AXIS2_PLACEMENT_2D('',#9409,#9410);
#9409 = CARTESIAN_POINT('',(1.75032336965E-15,-3.209892110372E-15));
#9410 = DIRECTION('',(-0.866025403784,0.5));
#9411 = ( GEOMETRIC_REPRESENTATION_CONTEXT(2) 
PARAMETRIC_REPRESENTATION_CONTEXT() REPRESENTATION_CONTEXT('2D SPACE',''
  ) );
#9412 = ORIENTED_EDGE('',*,*,#9171,.F.);
#9413 = ORIENTED_EDGE('',*,*,#9414,.T.);
#9414 = EDGE_CURVE('',#9139,#9415,#9417,.T.);
#9415 = VERTEX_POINT('',#9416);
#9416 = CARTESIAN_POINT('',(43.301270189221,-25.,299.));
#9417 = SURFACE_CURVE('',#9418,(#9423,#9430),.PCURVE_S1.);
#9418 = CIRCLE('',#9419,50.);
#9419 = AXIS2_PLACEMENT_3D('',#9420,#9421,#9422);
#9420 = CARTESIAN_POINT('',(0.,0.,299.));
#9421 = DIRECTION('',(0.,0.,-1.));
#9422 = DIRECTION('',(-0.866025403784,-0.5,-0.));
#9423 = PCURVE('',#8808,#9424);
#9424 = DEFINITIONAL_REPRESENTATION('',(#9425),#9429);
#9425 = LINE('',#9426,#9427);
#9426 = CARTESIAN_POINT('',(-9.948376736368,-299.));
#9427 = VECTOR('',#9428,1.);
#9428 = DIRECTION('',(1.,-0.));
#9429 = ( GEOMETRIC_REPRESENTATION_CONTEXT(2) 
PARAMETRIC_REPRESENTATION_CONTEXT() REPRESENTATION_CONTEXT('2D SPACE',''
  ) );
#9430 = PCURVE('',#9155,#9431);
#9431 = DEFINITIONAL_REPRESENTATION('',(#9432),#9440);
#9432 = ( BOUNDED_CURVE() B_SPLINE_CURVE(2,(#9433,#9434,#9435,#9436,
#9437,#9438,#9439),.UNSPECIFIED.,.T.,.F.) B_SPLINE_CURVE_WITH_KNOTS((1,2
    ,2,2,2,1),(-2.094395102393,0.,2.094395102393,4.188790204786,
6.28318530718,8.377580409573),.UNSPECIFIED.) CURVE() 
GEOMETRIC_REPRESENTATION_ITEM() RATIONAL_B_SPLINE_CURVE((1.,0.5,1.,0.5,
1.,0.5,1.)) REPRESENTATION_ITEM('') );
#9433 = CARTESIAN_POINT('',(-43.30127018922,-24.99999999999));
#9434 = CARTESIAN_POINT('',(-86.60254037844,50.000000000003));
#9435 = CARTESIAN_POINT('',(1.972761143157E-12,50.));
#9436 = CARTESIAN_POINT('',(86.602540378446,49.999999999997));
#9437 = CARTESIAN_POINT('',(43.301270189221,-25.));
#9438 = CARTESIAN_POINT('',(-3.87778456348E-12,-100.));
#9439 = CARTESIAN_POINT('',(-43.30127018922,-24.99999999999));
#9440 = ( GEOMETRIC_REPRESENTATION_CONTEXT(2) 
PARAMETRIC_REPRESENTATION_CONTEXT() REPRESENTATION_CONTEXT('2D SPACE',''
  ) );
#9441 = ORIENTED_EDGE('',*,*,#9442,.T.);
#9442 = EDGE_CURVE('',#9415,#9443,#9445,.T.);
#9443 = VERTEX_POINT('',#9444);
#9444 = CARTESIAN_POINT('',(43.301270189221,-25.,289.));
#9445 = SURFACE_CURVE('',#9446,(#9450,#9457),.PCURVE_S1.);
#9446 = LINE('',#9447,#9448);
#9447 = CARTESIAN_POINT('',(43.301270189222,-25.,289.));
#9448 = VECTOR('',#9449,1.);
#9449 = DIRECTION('',(-0.,-0.,-1.));
#9450 = PCURVE('',#8808,#9451);
#9451 = DEFINITIONAL_REPRESENTATION('',(#9452),#9456);
#9452 = LINE('',#9453,#9454);
#9453 = CARTESIAN_POINT('',(-5.759586531581,-289.));
#9454 = VECTOR('',#9455,1.);
#9455 = DIRECTION('',(-0.,1.));
#9456 = ( GEOMETRIC_REPRESENTATION_CONTEXT(2) 
PARAMETRIC_REPRESENTATION_CONTEXT() REPRESENTATION_CONTEXT('2D SPACE',''
  ) );
#9457 = PCURVE('',#9458,#9463);
#9458 = PLANE('',#9459);
#9459 = AXIS2_PLACEMENT_3D('',#9460,#9461,#9462);
#9460 = CARTESIAN_POINT('',(-50.,-25.,289.));
#9461 = DIRECTION('',(0.,1.,0.));
#9462 = DIRECTION('',(1.,0.,0.));
#9463 = DEFINITIONAL_REPRESENTATION('',(#9464),#9468);
#9464 = LINE('',#9465,#9466);
#9465 = CARTESIAN_POINT('',(93.301270189222,0.));
#9466 = VECTOR('',#9467,1.);
#9467 = DIRECTION('',(0.,1.));
#9468 = ( GEOMETRIC_REPRESENTATION_CONTEXT(2) 
PARAMETRIC_REPRESENTATION_CONTEXT() REPRESENTATION_CONTEXT('2D SPACE',''
  ) );
#9469 = ORIENTED_EDGE('',*,*,#9470,.T.);
#9470 = EDGE_CURVE('',#9443,#9059,#9471,.T.);
#9471 = SURFACE_CURVE('',#9472,(#9477,#9484),.PCURVE_S1.);
#9472 = CIRCLE('',#9473,50.);
#9473 = AXIS2_PLACEMENT_3D('',#9474,#9475,#9476);
#9474 = CARTESIAN_POINT('',(0.,0.,289.));
#9475 = DIRECTION('',(0.,0.,1.));
#9476 = DIRECTION('',(0.866025403784,-0.5,0.));
#9477 = PCURVE('',#8808,#9478);
#9478 = DEFINITIONAL_REPRESENTATION('',(#9479),#9483);
#9479 = LINE('',#9480,#9481);
#9480 = CARTESIAN_POINT('',(-5.759586531581,-289.));
#9481 = VECTOR('',#9482,1.);
#9482 = DIRECTION('',(-1.,0.));
#9483 = ( GEOMETRIC_REPRESENTATION_CONTEXT(2) 
PARAMETRIC_REPRESENTATION_CONTEXT() REPRESENTATION_CONTEXT('2D SPACE',''
  ) );
#9484 = PCURVE('',#9098,#9485);
#9485 = DEFINITIONAL_REPRESENTATION('',(#9486),#9490);
#9486 = CIRCLE('',#9487,50.);
#9487 = AXIS2_PLACEMENT_2D('',#9488,#9489);
#9488 = CARTESIAN_POINT('',(1.75032336965E-15,-3.209892110372E-15));
#9489 = DIRECTION('',(0.866025403784,-0.5));
#9490 = ( GEOMETRIC_REPRESENTATION_CONTEXT(2) 
PARAMETRIC_REPRESENTATION_CONTEXT() REPRESENTATION_CONTEXT('2D SPACE',''
  ) );
#9491 = ORIENTED_EDGE('',*,*,#9058,.F.);
#9492 = ORIENTED_EDGE('',*,*,#9493,.T.);
#9493 = EDGE_CURVE('',#9026,#9494,#9496,.T.);
#9494 = VERTEX_POINT('',#9495);
#9495 = CARTESIAN_POINT('',(-43.30127018922,24.999999999999,221.));
#9496 = SURFACE_CURVE('',#9497,(#9502,#9509),.PCURVE_S1.);
#9497 = CIRCLE('',#9498,50.);
#9498 = AXIS2_PLACEMENT_3D('',#9499,#9500,#9501);
#9499 = CARTESIAN_POINT('',(0.,0.,221.));
#9500 = DIRECTION('',(0.,0.,-1.));
#9501 = DIRECTION('',(0.866025403784,0.5,0.));
#9502 = PCURVE('',#8808,#9503);
#9503 = DEFINITIONAL_REPRESENTATION('',(#9504),#9508);
#9504 = LINE('',#9505,#9506);
#9505 = CARTESIAN_POINT('',(-6.806784082778,-221.));
#9506 = VECTOR('',#9507,1.);
#9507 = DIRECTION('',(1.,-0.));
#9508 = ( GEOMETRIC_REPRESENTATION_CONTEXT(2) 
PARAMETRIC_REPRESENTATION_CONTEXT() REPRESENTATION_CONTEXT('2D SPACE',''
  ) );
#9509 = PCURVE('',#9042,#9510);
#9510 = DEFINITIONAL_REPRESENTATION('',(#9511),#9519);
#9511 = ( BOUNDED_CURVE() B_SPLINE_CURVE(2,(#9512,#9513,#9514,#9515,
#9516,#9517,#9518),.UNSPECIFIED.,.T.,.F.) B_SPLINE_CURVE_WITH_KNOTS((1,2
    ,2,2,2,1),(-2.094395102393,0.,2.094395102393,4.188790204786,
6.28318530718,8.377580409573),.UNSPECIFIED.) CURVE() 
GEOMETRIC_REPRESENTATION_ITEM() RATIONAL_B_SPLINE_CURVE((1.,0.5,1.,0.5,
1.,0.5,1.)) REPRESENTATION_ITEM('') );
#9512 = CARTESIAN_POINT('',(43.301270189221,25.000000000001));
#9513 = CARTESIAN_POINT('',(86.602540378445,-49.99999999999));
#9514 = CARTESIAN_POINT('',(1.168419931607E-12,-50.));
#9515 = CARTESIAN_POINT('',(-86.60254037844,-50.));
#9516 = CARTESIAN_POINT('',(-43.30127018922,24.999999999999));
#9517 = CARTESIAN_POINT('',(-2.386970218472E-12,100.));
#9518 = CARTESIAN_POINT('',(43.301270189221,25.000000000001));
#9519 = ( GEOMETRIC_REPRESENTATION_CONTEXT(2) 
PARAMETRIC_REPRESENTATION_CONTEXT() REPRESENTATION_CONTEXT('2D SPACE',''
  ) );
#9520 = ORIENTED_EDGE('',*,*,#9521,.T.);
#9521 = EDGE_CURVE('',#9494,#9522,#9524,.T.);
#9522 = VERTEX_POINT('',#9523);
#9523 = CARTESIAN_POINT('',(-43.30127018922,24.999999999999,211.));
#9524 = SURFACE_CURVE('',#9525,(#9529,#9536),.PCURVE_S1.);
#9525 = LINE('',#9526,#9527);
#9526 = CARTESIAN_POINT('',(-43.30127018922,25.,211.));
#9527 = VECTOR('',#9528,1.);
#9528 = DIRECTION('',(-0.,-0.,-1.));
#9529 = PCURVE('',#8808,#9530);
#9530 = DEFINITIONAL_REPRESENTATION('',(#9531),#9535);
#9531 = LINE('',#9532,#9533);
#9532 = CARTESIAN_POINT('',(-2.617993877991,-211.));
#9533 = VECTOR('',#9534,1.);
#9534 = DIRECTION('',(-0.,1.));
#9535 = ( GEOMETRIC_REPRESENTATION_CONTEXT(2) 
PARAMETRIC_REPRESENTATION_CONTEXT() REPRESENTATION_CONTEXT('2D SPACE',''
  ) );
#9536 = PCURVE('',#9537,#9542);
#9537 = PLANE('',#9538);
#9538 = AXIS2_PLACEMENT_3D('',#9539,#9540,#9541);
#9539 = CARTESIAN_POINT('',(50.,25.,211.));
#9540 = DIRECTION('',(0.,-1.,0.));
#9541 = DIRECTION('',(-1.,0.,0.));
#9542 = DEFINITIONAL_REPRESENTATION('',(#9543),#9547);
#9543 = LINE('',#9544,#9545);
#9544 = CARTESIAN_POINT('',(93.301270189222,0.));
#9545 = VECTOR('',#9546,1.);
#9546 = DIRECTION('',(0.,1.));
#9547 = ( GEOMETRIC_REPRESENTATION_CONTEXT(2) 
PARAMETRIC_REPRESENTATION_CONTEXT() REPRESENTATION_CONTEXT('2D SPACE',''
  ) );
#9548 = ORIENTED_EDGE('',*,*,#9549,.T.);
#9549 = EDGE_CURVE('',#9522,#8946,#9550,.T.);
#9550 = SURFACE_CURVE('',#9551,(#9556,#9563),.PCURVE_S1.);
#9551 = CIRCLE('',#9552,50.);
#9552 = AXIS2_PLACEMENT_3D('',#9553,#9554,#9555);
#9553 = CARTESIAN_POINT('',(0.,0.,211.));
#9554 = DIRECTION('',(0.,0.,1.));
#9555 = DIRECTION('',(-0.866025403784,0.5,0.));
#9556 = PCURVE('',#8808,#9557);
#9557 = DEFINITIONAL_REPRESENTATION('',(#9558),#9562);
#9558 = LINE('',#9559,#9560);
#9559 = CARTESIAN_POINT('',(-2.617993877992,-211.));
#9560 = VECTOR('',#9561,1.);
#9561 = DIRECTION('',(-1.,0.));
#9562 = ( GEOMETRIC_REPRESENTATION_CONTEXT(2) 
PARAMETRIC_REPRESENTATION_CONTEXT() REPRESENTATION_CONTEXT('2D SPACE',''
  ) );
#9563 = PCURVE('',#8985,#9564);
#9564 = DEFINITIONAL_REPRESENTATION('',(#9565),#9569);
#9565 = CIRCLE('',#9566,50.);
#9566 = AXIS2_PLACEMENT_2D('',#9567,#9568);
#9567 = CARTESIAN_POINT('',(1.75032336965E-15,-3.209892110372E-15));
#9568 = DIRECTION('',(-0.866025403784,0.5));
#9569 = ( GEOMETRIC_REPRESENTATION_CONTEXT(2) 
PARAMETRIC_REPRESENTATION_CONTEXT() REPRESENTATION_CONTEXT('2D SPACE',''
  ) );
#9570 = ORIENTED_EDGE('',*,*,#8945,.F.);
#9571 = ORIENTED_EDGE('',*,*,#9572,.T.);
#9572 = EDGE_CURVE('',#8913,#9573,#9575,.T.);
#9573 = VERTEX_POINT('',#9574);
#9574 = CARTESIAN_POINT('',(43.301270189221,-25.,143.));
#9575 = SURFACE_CURVE('',#9576,(#9581,#9588),.PCURVE_S1.);
#9576 = CIRCLE('',#9577,50.);
#9577 = AXIS2_PLACEMENT_3D('',#9578,#9579,#9580);
#9578 = CARTESIAN_POINT('',(0.,0.,143.));
#9579 = DIRECTION('',(0.,0.,-1.));
#9580 = DIRECTION('',(-0.866025403784,-0.5,-0.));
#9581 = PCURVE('',#8808,#9582);
#9582 = DEFINITIONAL_REPRESENTATION('',(#9583),#9587);
#9583 = LINE('',#9584,#9585);
#9584 = CARTESIAN_POINT('',(-9.948376736368,-143.));
#9585 = VECTOR('',#9586,1.);
#9586 = DIRECTION('',(1.,-0.));
#9587 = ( GEOMETRIC_REPRESENTATION_CONTEXT(2) 
PARAMETRIC_REPRESENTATION_CONTEXT() REPRESENTATION_CONTEXT('2D SPACE',''
  ) );
#9588 = PCURVE('',#8929,#9589);
#9589 = DEFINITIONAL_REPRESENTATION('',(#9590),#9598);
#9590 = ( BOUNDED_CURVE() B_SPLINE_CURVE(2,(#9591,#9592,#9593,#9594,
#9595,#9596,#9597),.UNSPECIFIED.,.T.,.F.) B_SPLINE_CURVE_WITH_KNOTS((1,2
    ,2,2,2,1),(-2.094395102393,0.,2.094395102393,4.188790204786,
6.28318530718,8.377580409573),.UNSPECIFIED.) CURVE() 
GEOMETRIC_REPRESENTATION_ITEM() RATIONAL_B_SPLINE_CURVE((1.,0.5,1.,0.5,
1.,0.5,1.)) REPRESENTATION_ITEM('') );
#9591 = CARTESIAN_POINT('',(-43.30127018922,-24.99999999999));
#9592 = CARTESIAN_POINT('',(-86.60254037844,50.000000000003));
#9593 = CARTESIAN_POINT('',(1.972761143157E-12,50.));
#9594 = CARTESIAN_POINT('',(86.602540378446,49.999999999997));
#9595 = CARTESIAN_POINT('',(43.301270189221,-25.));
#9596 = CARTESIAN_POINT('',(-3.87778456348E-12,-100.));
#9597 = CARTESIAN_POINT('',(-43.30127018922,-24.99999999999));
#9598 = ( GEOMETRIC_REPRESENTATION_CONTEXT(2) 
PARAMETRIC_REPRESENTATION_CONTEXT() REPRESENTATION_CONTEXT('2D SPACE',''
  ) );
#9599 = ORIENTED_EDGE('',*,*,#9600,.T.);
#9600 = EDGE_CURVE('',#9573,#9601,#9603,.T.);
#9601 = VERTEX_POINT('',#9602);
#9602 = CARTESIAN_POINT('',(43.301270189221,-25.,133.));
#9603 = SURFACE_CURVE('',#9604,(#9608,#9615),.PCURVE_S1.);
#9604 = LINE('',#9605,#9606);
#9605 = CARTESIAN_POINT('',(43.301270189222,-25.,133.));
#9606 = VECTOR('',#9607,1.);
#9607 = DIRECTION('',(-0.,-0.,-1.));
#9608 = PCURVE('',#8808,#9609);
#9609 = DEFINITIONAL_REPRESENTATION('',(#9610),#9614);
#9610 = LINE('',#9611,#9612);
#9611 = CARTESIAN_POINT('',(-5.759586531581,-133.));
#9612 = VECTOR('',#9613,1.);
#9613 = DIRECTION('',(-0.,1.));
#9614 = ( GEOMETRIC_REPRESENTATION_CONTEXT(2) 
PARAMETRIC_REPRESENTATION_CONTEXT() REPRESENTATION_CONTEXT('2D SPACE',''
  ) );
#9615 = PCURVE('',#9616,#9621);
#9616 = PLANE('',#9617);
#9617 = AXIS2_PLACEMENT_3D('',#9618,#9619,#9620);
#9618 = CARTESIAN_POINT('',(-50.,-25.,133.));
#9619 = DIRECTION('',(0.,1.,0.));
#9620 = DIRECTION('',(1.,0.,0.));
#9621 = DEFINITIONAL_REPRESENTATION('',(#9622),#9626);
#9622 = LINE('',#9623,#9624);
#9623 = CARTESIAN_POINT('',(93.301270189222,0.));
#9624 = VECTOR('',#9625,1.);
#9625 = DIRECTION('',(0.,1.));
#9626 = ( GEOMETRIC_REPRESENTATION_CONTEXT(2) 
PARAMETRIC_REPRESENTATION_CONTEXT() REPRESENTATION_CONTEXT('2D SPACE',''
  ) );
#9627 = ORIENTED_EDGE('',*,*,#9628,.T.);
#9628 = EDGE_CURVE('',#9601,#8833,#9629,.T.);
#9629 = SURFACE_CURVE('',#9630,(#9635,#9642),.PCURVE_S1.);
#9630 = CIRCLE('',#9631,50.);
#9631 = AXIS2_PLACEMENT_3D('',#9632,#9633,#9634);
#9632 = CARTESIAN_POINT('',(0.,0.,133.));
#9633 = DIRECTION('',(0.,0.,1.));
#9634 = DIRECTION('',(0.866025403784,-0.5,0.));
#9635 = PCURVE('',#8808,#9636);
#9636 = DEFINITIONAL_REPRESENTATION('',(#9637),#9641);
#9637 = LINE('',#9638,#9639);
#9638 = CARTESIAN_POINT('',(-5.759586531581,-133.));
#9639 = VECTOR('',#9640,1.);
#9640 = DIRECTION('',(-1.,0.));
#9641 = ( GEOMETRIC_REPRESENTATION_CONTEXT(2) 
PARAMETRIC_REPRESENTATION_CONTEXT() REPRESENTATION_CONTEXT('2D SPACE',''
  ) );
#9642 = PCURVE('',#8872,#9643);
#9643 = DEFINITIONAL_REPRESENTATION('',(#9644),#9648);
#9644 = CIRCLE('',#9645,50.);
#9645 = AXIS2_PLACEMENT_2D('',#9646,#9647);
#9646 = CARTESIAN_POINT('',(1.75032336965E-15,-3.209892110372E-15));
#9647 = DIRECTION('',(0.866025403784,-0.5));
#9648 = ( GEOMETRIC_REPRESENTATION_CONTEXT(2) 
PARAMETRIC_REPRESENTATION_CONTEXT() REPRESENTATION_CONTEXT('2D SPACE',''
  ) );
#9649 = ORIENTED_EDGE('',*,*,#8832,.F.);
#9650 = FACE_BOUND('',#9651,.F.);
#9651 = EDGE_LOOP('',(#9652));
#9652 = ORIENTED_EDGE('',*,*,#9653,.T.);
#9653 = EDGE_CURVE('',#9654,#9654,#9656,.T.);
#9654 = VERTEX_POINT('',#9655);
#9655 = CARTESIAN_POINT('',(15.,-47.69696007084,400.));
#9656 = SURFACE_CURVE('',#9657,(#9730,#9806),.PCURVE_S1.);
#9657 = B_SPLINE_CURVE_WITH_KNOTS('',8,(#9658,#9659,#9660,#9661,#9662,
    #9663,#9664,#9665,#9666,#9667,#9668,#9669,#9670,#9671,#9672,#9673,
    #9674,#9675,#9676,#9677,#9678,#9679,#9680,#9681,#9682,#9683,#9684,
    #9685,#9686,#9687,#9688,#9689,#9690,#9691,#9692,#9693,#9694,#9695,
    #9696,#9697,#9698,#9699,#9700,#9701,#9702,#9703,#9704,#9705,#9706,
    #9707,#9708,#9709,#9710,#9711,#9712,#9713,#9714,#9715,#9716,#9717,
    #9718,#9719,#9720,#9721,#9722,#9723,#9724,#9725,#9726,#9727,#9728,
    #9729),.UNSPECIFIED.,.T.,.F.,(9,7,7,7,7,7,7,7,7,7,9),(0.,
    0.115526512257,0.207464731144,0.292510277672,0.384448496818,
    0.499974538731,0.615500767345,0.70743876011,0.792484096878,
    0.888208289548,1.),.UNSPECIFIED.);
#9658 = CARTESIAN_POINT('',(15.,-47.69696007084,400.));
#9659 = CARTESIAN_POINT('',(15.,-47.69696007084,401.1786678079));
#9660 = CARTESIAN_POINT('',(14.894151694563,-47.73024784406,
    402.35602373155));
#9661 = CARTESIAN_POINT('',(14.682868106325,-47.79669332883,
    403.52639528362));
#9662 = CARTESIAN_POINT('',(14.365228469072,-47.89514127012,
    404.68394423475));
#9663 = CARTESIAN_POINT('',(13.939186617568,-48.02337036136,
    405.82209100156));
#9664 = CARTESIAN_POINT('',(13.401693635516,-48.17793504503,
    406.93303376478));
#9665 = CARTESIAN_POINT('',(12.748847141772,-48.35390623363,
    408.00710064761));
#9666 = CARTESIAN_POINT('',(11.361275910382,-48.69622705169,
    409.84704788056));
#9667 = CARTESIAN_POINT('',(10.668194089429,-48.85777000959,
    410.63411538162));
#9668 = CARTESIAN_POINT('',(9.89433980992,-49.02571495212,411.3852492557
    ));
#9669 = CARTESIAN_POINT('',(9.03741835003,-49.19567851058,
    412.09140791274));
#9670 = CARTESIAN_POINT('',(8.095743193758,-49.36225796742,
    412.74193681873));
#9671 = CARTESIAN_POINT('',(7.068540723968,-49.5189822659,413.3243765426
    ));
#9672 = CARTESIAN_POINT('',(5.956424290404,-49.65843544511,
    413.82414608739));
#9673 = CARTESIAN_POINT('',(3.657528597149,-49.87839190566,
    414.59382048634));
#9674 = CARTESIAN_POINT('',(2.480551882734,-49.96272707606,
    414.87883436851));
#9675 = CARTESIAN_POINT('',(1.253228211434,-50.01736571734,
    415.05802761064));
#9676 = CARTESIAN_POINT('',(-1.148237060988E-11,-50.03632370475,
    415.11910161128));
#9677 = CARTESIAN_POINT('',(-1.253228211414,-50.01736571734,
    415.05802761064));
#9678 = CARTESIAN_POINT('',(-2.480551882746,-49.96272707606,
    414.87883436851));
#9679 = CARTESIAN_POINT('',(-3.657528597145,-49.87839190566,
    414.59382048634));
#9680 = CARTESIAN_POINT('',(-5.956424293785,-49.65843544478,
    413.82414608626));
#9681 = CARTESIAN_POINT('',(-7.06854071474,-49.51898226702,
    413.32437654708));
#9682 = CARTESIAN_POINT('',(-8.095743202509,-49.36225796607,
    412.74193681276));
#9683 = CARTESIAN_POINT('',(-9.037418351199,-49.19567851065,
    412.09140791354));
#9684 = CARTESIAN_POINT('',(-9.894339801112,-49.02571495347,
    411.38524926163));
#9685 = CARTESIAN_POINT('',(-10.66819409609,-48.85777000831,
    410.63411537539));
#9686 = CARTESIAN_POINT('',(-11.36127590866,-48.69622705212,
    409.84704788284));
#9687 = CARTESIAN_POINT('',(-12.74884399597,-48.35390700972,
    408.007104819));
#9688 = CARTESIAN_POINT('',(-13.40169309608,-48.17793529554,
    406.93303617124));
#9689 = CARTESIAN_POINT('',(-13.93918813453,-48.02336994657,
    405.82208936752));
#9690 = CARTESIAN_POINT('',(-14.36523046197,-47.8951406445,
    404.68393933285));
#9691 = CARTESIAN_POINT('',(-14.68286943114,-47.79669292072,
    403.52638928003));
#9692 = CARTESIAN_POINT('',(-14.89415203652,-47.73024773352,
    402.35601895362));
#9693 = CARTESIAN_POINT('',(-15.,-47.69696007084,401.17866590807));
#9694 = CARTESIAN_POINT('',(-15.,-47.69696007084,398.82133218707));
#9695 = CARTESIAN_POINT('',(-14.89415169713,-47.73024784338,
    397.64397628351));
#9696 = CARTESIAN_POINT('',(-14.68286810064,-47.7966933303,
    396.47360470029));
#9697 = CARTESIAN_POINT('',(-14.36522847138,-47.89514126955,
    395.3160557648));
#9698 = CARTESIAN_POINT('',(-13.93918662312,-48.02337035992,
    394.17790901454));
#9699 = CARTESIAN_POINT('',(-13.40169362787,-48.17793504695,
    393.06696622111));
#9700 = CARTESIAN_POINT('',(-12.74884714507,-48.35390623282,
    391.99289935676));
#9701 = CARTESIAN_POINT('',(-11.36127591038,-48.69622705169,
    390.15295211944));
#9702 = CARTESIAN_POINT('',(-10.66819408942,-48.85777000959,
    389.36588461837));
#9703 = CARTESIAN_POINT('',(-9.894339809922,-49.02571495212,
    388.61475074429));
#9704 = CARTESIAN_POINT('',(-9.037418350032,-49.19567851058,
    387.90859208725));
#9705 = CARTESIAN_POINT('',(-8.095743193756,-49.36225796742,
    387.25806318126));
#9706 = CARTESIAN_POINT('',(-7.068540723967,-49.5189822659,
    386.67562345739));
#9707 = CARTESIAN_POINT('',(-5.956424290405,-49.65843544511,
    386.1758539126));
#9708 = CARTESIAN_POINT('',(-3.657528604837,-49.87839190492,
    385.40617951622));
#9709 = CARTESIAN_POINT('',(-2.480551859086,-49.96272707874,
    385.12116562209));
#9710 = CARTESIAN_POINT('',(-1.253228237439,-50.01736571238,
    384.94197240672));
#9711 = CARTESIAN_POINT('',(-1.962874307537E-11,-50.0363237107,
    384.88089836783));
#9712 = CARTESIAN_POINT('',(1.253228237468,-50.01736571238,
    384.94197240672));
#9713 = CARTESIAN_POINT('',(2.480551859075,-49.96272707874,
    385.12116562209));
#9714 = CARTESIAN_POINT('',(3.657528604838,-49.87839190492,
    385.40617951622));
#9715 = CARTESIAN_POINT('',(6.005604507832,-49.65372992211,
    386.19231953755));
#9716 = CARTESIAN_POINT('',(7.159721652315,-49.5074800972,
    386.71686280473));
#9717 = CARTESIAN_POINT('',(8.221533636197,-49.3429018006,
    387.33010369505));
#9718 = CARTESIAN_POINT('',(9.190595443312,-49.1683254415,
    388.01573389224));
#9719 = CARTESIAN_POINT('',(10.068031059331,-48.99093291414,
    388.75997806805));
#9720 = CARTESIAN_POINT('',(10.855953511412,-48.81663579944,
    389.55120516561));
#9721 = CARTESIAN_POINT('',(11.557095102241,-48.65016613109,
    390.37969436814));
#9722 = CARTESIAN_POINT('',(12.895371346519,-48.31419999554,
    392.23904136063));
#9723 = CARTESIAN_POINT('',(13.505086409886,-48.14811373507,
    393.28480135884));
#9724 = CARTESIAN_POINT('',(14.007497022914,-48.00278167358,
    394.36368383948));
#9725 = CARTESIAN_POINT('',(14.40599785193,-47.88249993562,
    395.46714361941));
#9726 = CARTESIAN_POINT('',(14.70323010203,-47.79028977214,
    396.58819917303));
#9727 = CARTESIAN_POINT('',(14.900964192259,-47.72810541815,
    397.72089450635));
#9728 = CARTESIAN_POINT('',(15.,-47.69696007084,398.85989290112));
#9729 = CARTESIAN_POINT('',(15.,-47.69696007084,400.));
#9730 = PCURVE('',#8808,#9731);
#9731 = DEFINITIONAL_REPRESENTATION('',(#9732),#9805);
#9732 = B_SPLINE_CURVE_WITH_KNOTS('',8,(#9733,#9734,#9735,#9736,#9737,
    #9738,#9739,#9740,#9741,#9742,#9743,#9744,#9745,#9746,#9747,#9748,
    #9749,#9750,#9751,#9752,#9753,#9754,#9755,#9756,#9757,#9758,#9759,
    #9760,#9761,#9762,#9763,#9764,#9765,#9766,#9767,#9768,#9769,#9770,
    #9771,#9772,#9773,#9774,#9775,#9776,#9777,#9778,#9779,#9780,#9781,
    #9782,#9783,#9784,#9785,#9786,#9787,#9788,#9789,#9790,#9791,#9792,
    #9793,#9794,#9795,#9796,#9797,#9798,#9799,#9800,#9801,#9802,#9803,
    #9804),.UNSPECIFIED.,.T.,.F.,(9,7,7,7,7,7,7,7,7,7,9),(0.,
    0.115526512257,0.207464731144,0.292510277672,0.384448496818,
    0.499974538731,0.615500767345,0.70743876011,0.792484096878,
    0.888208289548,1.),.UNSPECIFIED.);
#9733 = CARTESIAN_POINT('',(-5.0170816344,-400.));
#9734 = CARTESIAN_POINT('',(-5.0170816344,-401.1786678079));
#9735 = CARTESIAN_POINT('',(-5.014862453069,-402.3560237315));
#9736 = CARTESIAN_POINT('',(-5.010432736587,-403.5263952836));
#9737 = CARTESIAN_POINT('',(-5.003781889013,-404.6839442347));
#9738 = CARTESIAN_POINT('',(-4.99488413395,-405.8220910015));
#9739 = CARTESIAN_POINT('',(-4.983700623453,-406.9330337647));
#9740 = CARTESIAN_POINT('',(-4.970180786559,-408.0071006476));
#9741 = CARTESIAN_POINT('',(-4.94159731256,-409.8470478805));
#9742 = CARTESIAN_POINT('',(-4.927365307625,-410.6341153816));
#9743 = CARTESIAN_POINT('',(-4.911531144006,-411.3852492557));
#9744 = CARTESIAN_POINT('',(-4.894064853155,-412.0914079127));
#9745 = CARTESIAN_POINT('',(-4.874948252484,-412.7419368187));
#9746 = CARTESIAN_POINT('',(-4.854177983371,-413.3243765426));
#9747 = CARTESIAN_POINT('',(-4.831771133195,-413.8241460873));
#9748 = CARTESIAN_POINT('',(-4.785583246242,-414.5938204863));
#9749 = CARTESIAN_POINT('',(-4.761990079821,-414.8788343685));
#9750 = CARTESIAN_POINT('',(-4.737434429981,-415.0580276106));
#9751 = CARTESIAN_POINT('',(-4.712388980384,-415.1191016112));
#9752 = CARTESIAN_POINT('',(-4.687343530789,-415.0580276106));
#9753 = CARTESIAN_POINT('',(-4.662787880948,-414.8788343685));
#9754 = CARTESIAN_POINT('',(-4.639194714528,-414.5938204863));
#9755 = CARTESIAN_POINT('',(-4.593006827507,-413.8241460862));
#9756 = CARTESIAN_POINT('',(-4.570599977585,-413.324376547));
#9757 = CARTESIAN_POINT('',(-4.549829708108,-412.7419368127));
#9758 = CARTESIAN_POINT('',(-4.530713107592,-412.0914079135));
#9759 = CARTESIAN_POINT('',(-4.513246816942,-411.3852492616));
#9760 = CARTESIAN_POINT('',(-4.497412653008,-410.6341153753));
#9761 = CARTESIAN_POINT('',(-4.483180648245,-409.8470478828));
#9762 = CARTESIAN_POINT('',(-4.454597239013,-408.007104819));
#9763 = CARTESIAN_POINT('',(-4.441077349004,-406.9330361712));
#9764 = CARTESIAN_POINT('',(-4.429893795402,-405.8220893675));
#9765 = CARTESIAN_POINT('',(-4.420996030014,-404.6839393328));
#9766 = CARTESIAN_POINT('',(-4.414345196421,-403.52638928));
#9767 = CARTESIAN_POINT('',(-4.409915500526,-402.3560189536));
#9768 = CARTESIAN_POINT('',(-4.407696326369,-401.178665908));
#9769 = CARTESIAN_POINT('',(-4.407696326369,-398.821332187));
#9770 = CARTESIAN_POINT('',(-4.409915507647,-397.6439762835));
#9771 = CARTESIAN_POINT('',(-4.414345224299,-396.4736047002));
#9772 = CARTESIAN_POINT('',(-4.420996071709,-395.3160557648));
#9773 = CARTESIAN_POINT('',(-4.429893826704,-394.1779090145));
#9774 = CARTESIAN_POINT('',(-4.441077337474,-393.0669662211));
#9775 = CARTESIAN_POINT('',(-4.454597174143,-391.9928993567));
#9776 = CARTESIAN_POINT('',(-4.48318064821,-390.1529521194));
#9777 = CARTESIAN_POINT('',(-4.497412653144,-389.3658846183));
#9778 = CARTESIAN_POINT('',(-4.513246816763,-388.6147507442));
#9779 = CARTESIAN_POINT('',(-4.530713107614,-387.9085920872));
#9780 = CARTESIAN_POINT('',(-4.549829708285,-387.2580631812));
#9781 = CARTESIAN_POINT('',(-4.570599977399,-386.6756234573));
#9782 = CARTESIAN_POINT('',(-4.593006827575,-386.1758539126));
#9783 = CARTESIAN_POINT('',(-4.639194714373,-385.4061795162));
#9784 = CARTESIAN_POINT('',(-4.662787881423,-385.121165622));
#9785 = CARTESIAN_POINT('',(-4.687343530266,-384.9419724067));
#9786 = CARTESIAN_POINT('',(-4.712388980384,-384.8808983678));
#9787 = CARTESIAN_POINT('',(-4.737434430504,-384.9419724067));
#9788 = CARTESIAN_POINT('',(-4.761990079347,-385.121165622));
#9789 = CARTESIAN_POINT('',(-4.785583246396,-385.4061795162));
#9790 = CARTESIAN_POINT('',(-4.832759229492,-386.1923195375));
#9791 = CARTESIAN_POINT('',(-4.856015219993,-386.7168628047));
#9792 = CARTESIAN_POINT('',(-4.877492211305,-387.330103695));
#9793 = CARTESIAN_POINT('',(-4.897175303832,-388.0157338922));
#9794 = CARTESIAN_POINT('',(-4.915072700086,-388.759978068));
#9795 = CARTESIAN_POINT('',(-4.931208776257,-389.5512051656));
#9796 = CARTESIAN_POINT('',(-4.945620251252,-390.3796943681));
#9797 = CARTESIAN_POINT('',(-4.973216312929,-392.2390413606));
#9798 = CARTESIAN_POINT('',(-4.985852415397,-393.2848013588));
#9799 = CARTESIAN_POINT('',(-4.996310947932,-394.3636838394));
#9800 = CARTESIAN_POINT('',(-5.004635564714,-395.4671436194));
#9801 = CARTESIAN_POINT('',(-5.010859641752,-396.588199173));
#9802 = CARTESIAN_POINT('',(-5.015005281276,-397.7208945063));
#9803 = CARTESIAN_POINT('',(-5.0170816344,-398.8598929011));
#9804 = CARTESIAN_POINT('',(-5.0170816344,-400.));
#9805 = ( GEOMETRIC_REPRESENTATION_CONTEXT(2) 
PARAMETRIC_REPRESENTATION_CONTEXT() REPRESENTATION_CONTEXT('2D SPACE',''
  ) );
#9806 = PCURVE('',#9807,#9812);
#9807 = CYLINDRICAL_SURFACE('',#9808,15.);
#9808 = AXIS2_PLACEMENT_3D('',#9809,#9810,#9811);
#9809 = CARTESIAN_POINT('',(0.,0.,400.));
#9810 = DIRECTION('',(-0.,1.,-1.110223024625E-16));
#9811 = DIRECTION('',(1.,0.,0.));
#9812 = DEFINITIONAL_REPRESENTATION('',(#9813),#9886);
#9813 = B_SPLINE_CURVE_WITH_KNOTS('',8,(#9814,#9815,#9816,#9817,#9818,
    #9819,#9820,#9821,#9822,#9823,#9824,#9825,#9826,#9827,#9828,#9829,
    #9830,#9831,#9832,#9833,#9834,#9835,#9836,#9837,#9838,#9839,#9840,
    #9841,#9842,#9843,#9844,#9845,#9846,#9847,#9848,#9849,#9850,#9851,
    #9852,#9853,#9854,#9855,#9856,#9857,#9858,#9859,#9860,#9861,#9862,
    #9863,#9864,#9865,#9866,#9867,#9868,#9869,#9870,#9871,#9872,#9873,
    #9874,#9875,#9876,#9877,#9878,#9879,#9880,#9881,#9882,#9883,#9884,
    #9885),.UNSPECIFIED.,.F.,.F.,(9,7,7,7,7,7,7,7,7,7,9),(0.,
    0.115526512257,0.207464731144,0.292510277672,0.384448496818,
    0.499974538731,0.615500767345,0.70743876011,0.792484096878,
    0.888208289548,1.),.UNSPECIFIED.);
#9814 = CARTESIAN_POINT('',(0.,-47.69696007084));
#9815 = CARTESIAN_POINT('',(-7.857785386023E-02,-47.69696007084));
#9816 = CARTESIAN_POINT('',(-0.157068208023,-47.73024784406));
#9817 = CARTESIAN_POINT('',(-0.235832449181,-47.79669332883));
#9818 = CARTESIAN_POINT('',(-0.315213209169,-47.89514127012));
#9819 = CARTESIAN_POINT('',(-0.395554723881,-48.02337036136));
#9820 = CARTESIAN_POINT('',(-0.477216616066,-48.17793504503));
#9821 = CARTESIAN_POINT('',(-0.560592295476,-48.35390623363));
#9822 = CARTESIAN_POINT('',(-0.714226200041,-48.69622705169));
#9823 = CARTESIAN_POINT('',(-0.783940576478,-48.85777000959));
#9824 = CARTESIAN_POINT('',(-0.855465800982,-49.02571495212));
#9825 = CARTESIAN_POINT('',(-0.928989350696,-49.19567851058));
#9826 = CARTESIAN_POINT('',(-1.004717339409,-49.36225796742));
#9827 = CARTESIAN_POINT('',(-1.082883655971,-49.5189822659));
#9828 = CARTESIAN_POINT('',(-1.163766938349,-49.65843544511));
#9829 = CARTESIAN_POINT('',(-1.325388170299,-49.87839190566));
#9830 = CARTESIAN_POINT('',(-1.405826339519,-49.96272707606));
#9831 = CARTESIAN_POINT('',(-1.48792110561,-50.01736571734));
#9832 = CARTESIAN_POINT('',(-1.570796326796,-50.03632370475));
#9833 = CARTESIAN_POINT('',(-1.653671547978,-50.01736571734));
#9834 = CARTESIAN_POINT('',(-1.735766314072,-49.96272707606));
#9835 = CARTESIAN_POINT('',(-1.81620448329,-49.87839190566));
#9836 = CARTESIAN_POINT('',(-1.977825715478,-49.65843544478));
#9837 = CARTESIAN_POINT('',(-2.058708996919,-49.51898226702));
#9838 = CARTESIAN_POINT('',(-2.136875314911,-49.36225796607));
#9839 = CARTESIAN_POINT('',(-2.212603302928,-49.19567851065));
#9840 = CARTESIAN_POINT('',(-2.286126851876,-49.02571495347));
#9841 = CARTESIAN_POINT('',(-2.357652077739,-48.85777000831));
#9842 = CARTESIAN_POINT('',(-2.427366453358,-48.69622705212));
#9843 = CARTESIAN_POINT('',(-2.581000009807,-48.35390700972));
#9844 = CARTESIAN_POINT('',(-2.664375887083,-48.17793529554));
#9845 = CARTESIAN_POINT('',(-2.746038068278,-48.02336994657));
#9846 = CARTESIAN_POINT('',(-2.82637978779,-47.8951406445));
#9847 = CARTESIAN_POINT('',(-2.905760610399,-47.79669292072));
#9848 = CARTESIAN_POINT('',(-2.984524763378,-47.73024773352));
#9849 = CARTESIAN_POINT('',(-3.063014926385,-47.69696007084));
#9850 = CARTESIAN_POINT('',(-3.220170507785,-47.69696007084));
#9851 = CARTESIAN_POINT('',(-3.29866086056,-47.73024784338));
#9852 = CARTESIAN_POINT('',(-3.377425103955,-47.7966933303));
#9853 = CARTESIAN_POINT('',(-3.456805862736,-47.89514126955));
#9854 = CARTESIAN_POINT('',(-3.537147376289,-48.02337035992));
#9855 = CARTESIAN_POINT('',(-3.618809270757,-48.17793504695));
#9856 = CARTESIAN_POINT('',(-3.7021849487,-48.35390623282));
#9857 = CARTESIAN_POINT('',(-3.855818853631,-48.69622705169));
#9858 = CARTESIAN_POINT('',(-3.925533230068,-48.85777000959));
#9859 = CARTESIAN_POINT('',(-3.997058454571,-49.02571495212));
#9860 = CARTESIAN_POINT('',(-4.070582004285,-49.19567851058));
#9861 = CARTESIAN_POINT('',(-4.146309992999,-49.36225796742));
#9862 = CARTESIAN_POINT('',(-4.224476309561,-49.5189822659));
#9863 = CARTESIAN_POINT('',(-4.305359591939,-49.65843544511));
#9864 = CARTESIAN_POINT('',(-4.466980823349,-49.87839190492));
#9865 = CARTESIAN_POINT('',(-4.547418994757,-49.96272707874));
#9866 = CARTESIAN_POINT('',(-4.629513757396,-50.01736571238));
#9867 = CARTESIAN_POINT('',(-4.712388980382,-50.0363237107));
#9868 = CARTESIAN_POINT('',(-4.795264203378,-50.01736571238));
#9869 = CARTESIAN_POINT('',(-4.87735896601,-49.96272707874));
#9870 = CARTESIAN_POINT('',(-4.957797137421,-49.87839190492));
#9871 = CARTESIAN_POINT('',(-5.122875927758,-49.65372992211));
#9872 = CARTESIAN_POINT('',(-5.206938770009,-49.5074800972));
#9873 = CARTESIAN_POINT('',(-5.288060874651,-49.3429018006));
#9874 = CARTESIAN_POINT('',(-5.366561080663,-49.1683254415));
#9875 = CARTESIAN_POINT('',(-5.442707596962,-48.99093291414));
#9876 = CARTESIAN_POINT('',(-5.516738529465,-48.81663579944));
#9877 = CARTESIAN_POINT('',(-5.588872712612,-48.65016613109));
#9878 = CARTESIAN_POINT('',(-5.74159838599,-48.31419999554));
#9879 = CARTESIAN_POINT('',(-5.8219283105,-48.14811373507));
#9880 = CARTESIAN_POINT('',(-5.900719907196,-48.00278167358));
#9881 = CARTESIAN_POINT('',(-5.978324002012,-47.88249993562));
#9882 = CARTESIAN_POINT('',(-6.055062732575,-47.79028977214));
#9883 = CARTESIAN_POINT('',(-6.131244970531,-47.72810541815));
#9884 = CARTESIAN_POINT('',(-6.207178167254,-47.69696007084));
#9885 = CARTESIAN_POINT('',(-6.28318530718,-47.69696007084));
#9886 = ( GEOMETRIC_REPRESENTATION_CONTEXT(2) 
PARAMETRIC_REPRESENTATION_CONTEXT() REPRESENTATION_CONTEXT('2D SPACE',''
  ) );
#9887 = FACE_BOUND('',#9888,.F.);
#9888 = EDGE_LOOP('',(#9889));
#9889 = ORIENTED_EDGE('',*,*,#9890,.T.);
#9890 = EDGE_CURVE('',#9891,#9891,#9893,.T.);
#9891 = VERTEX_POINT('',#9892);
#9892 = CARTESIAN_POINT('',(15.,47.696960070847,100.));
#9893 = SURFACE_CURVE('',#9894,(#9967,#10043),.PCURVE_S1.);
#9894 = B_SPLINE_CURVE_WITH_KNOTS('',8,(#9895,#9896,#9897,#9898,#9899,
    #9900,#9901,#9902,#9903,#9904,#9905,#9906,#9907,#9908,#9909,#9910,
    #9911,#9912,#9913,#9914,#9915,#9916,#9917,#9918,#9919,#9920,#9921,
    #9922,#9923,#9924,#9925,#9926,#9927,#9928,#9929,#9930,#9931,#9932,
    #9933,#9934,#9935,#9936,#9937,#9938,#9939,#9940,#9941,#9942,#9943,
    #9944,#9945,#9946,#9947,#9948,#9949,#9950,#9951,#9952,#9953,#9954,
    #9955,#9956,#9957,#9958,#9959,#9960,#9961,#9962,#9963,#9964,#9965,
    #9966),.UNSPECIFIED.,.T.,.F.,(9,7,7,7,7,7,7,7,7,7,9),(0.,
    0.115526512741,0.207464731619,0.29251027814,0.384448497019,
    0.499974539423,0.615500767573,0.707438760325,0.792484097052,
    0.888208289657,1.),.UNSPECIFIED.);
#9895 = CARTESIAN_POINT('',(15.,47.696960070847,100.));
#9896 = CARTESIAN_POINT('',(15.,47.696960070847,98.821332187081));
#9897 = CARTESIAN_POINT('',(14.894151697138,47.730247843388,
    97.643976283512));
#9898 = CARTESIAN_POINT('',(14.682868100643,47.796693330308,
    96.473604700295));
#9899 = CARTESIAN_POINT('',(14.365228471381,47.895141269554,
    95.316055764806));
#9900 = CARTESIAN_POINT('',(13.93918662313,48.023370359921,
    94.177909014544));
#9901 = CARTESIAN_POINT('',(13.401693627873,48.17793504696,
    93.066966221111));
#9902 = CARTESIAN_POINT('',(12.748847145079,48.353906232821,
    91.992899356769));
#9903 = CARTESIAN_POINT('',(11.361275910383,48.696227051698,
    90.152952119442));
#9904 = CARTESIAN_POINT('',(10.668194089425,48.857770009592,
    89.365884618369));
#9905 = CARTESIAN_POINT('',(9.894339809924,49.025714952123,
    88.614750744294));
#9906 = CARTESIAN_POINT('',(9.037418350032,49.195678510581,
    87.908592087256));
#9907 = CARTESIAN_POINT('',(8.095743193755,49.362257967429,
    87.258063181263));
#9908 = CARTESIAN_POINT('',(7.068540723969,49.5189822659,86.675623457397
    ));
#9909 = CARTESIAN_POINT('',(5.956424290405,49.658435445113,
    86.175853912603));
#9910 = CARTESIAN_POINT('',(3.657528597138,49.878391905663,
    85.406179513651));
#9911 = CARTESIAN_POINT('',(2.480551882751,49.962727076062,
    85.121165631487));
#9912 = CARTESIAN_POINT('',(1.253228211416,50.017365717345,
    84.941972389359));
#9913 = CARTESIAN_POINT('',(2.444622282383E-11,50.036323704755,
    84.880898388702));
#9914 = CARTESIAN_POINT('',(-1.253228211452,50.017365717345,
    84.941972389361));
#9915 = CARTESIAN_POINT('',(-2.480551882736,49.962727076062,
    85.121165631485));
#9916 = CARTESIAN_POINT('',(-3.65752859714,49.878391905663,
    85.406179513652));
#9917 = CARTESIAN_POINT('',(-5.956424290403,49.658435445113,
    86.175853912603));
#9918 = CARTESIAN_POINT('',(-7.06854072397,49.5189822659,86.675623457397
    ));
#9919 = CARTESIAN_POINT('',(-8.095743193755,49.362257967429,
    87.258063181264));
#9920 = CARTESIAN_POINT('',(-9.037418350029,49.195678510582,
    87.908592087253));
#9921 = CARTESIAN_POINT('',(-9.894339809923,49.025714952123,
    88.614750744292));
#9922 = CARTESIAN_POINT('',(-10.66819408942,48.857770009591,
    89.365884618373));
#9923 = CARTESIAN_POINT('',(-11.36127591038,48.696227051699,
    90.152952119439));
#9924 = CARTESIAN_POINT('',(-12.74884399936,48.353907008885,
    91.992895185489));
#9925 = CARTESIAN_POINT('',(-13.40169308825,48.177935297526,
    93.066963814407));
#9926 = CARTESIAN_POINT('',(-13.93918814023,48.023369945096,
    94.177910648662));
#9927 = CARTESIAN_POINT('',(-14.36523046434,47.895140643919,
    95.316060666945));
#9928 = CARTESIAN_POINT('',(-14.68286942533,47.79669292223,
    96.473610703779));
#9929 = CARTESIAN_POINT('',(-14.89415203915,47.730247732838,
    97.643981061166));
#9930 = CARTESIAN_POINT('',(-15.,47.696960070847,98.82133408718));
#9931 = CARTESIAN_POINT('',(-15.,47.696960070847,101.1786678079));
#9932 = CARTESIAN_POINT('',(-14.89415169456,47.730247844061,
    102.35602373155));
#9933 = CARTESIAN_POINT('',(-14.68286810632,47.796693328839,
    103.52639528362));
#9934 = CARTESIAN_POINT('',(-14.36522846907,47.895141270127,
    104.68394423475));
#9935 = CARTESIAN_POINT('',(-13.93918661756,48.023370361361,
    105.82209100156));
#9936 = CARTESIAN_POINT('',(-13.40169363551,48.177935045031,
    106.93303376478));
#9937 = CARTESIAN_POINT('',(-12.74884714177,48.353906233637,
    108.00710064761));
#9938 = CARTESIAN_POINT('',(-11.36127591063,48.696227051636,
    109.84704788022));
#9939 = CARTESIAN_POINT('',(-10.66819408955,48.857770009568,
    110.63411538156));
#9940 = CARTESIAN_POINT('',(-9.894339809772,49.025714952165,
    111.38524925591));
#9941 = CARTESIAN_POINT('',(-9.037418349718,49.195678510642,
    112.09140791297));
#9942 = CARTESIAN_POINT('',(-8.095743193563,49.362257967447,
    112.74193681878));
#9943 = CARTESIAN_POINT('',(-7.068540724121,49.518982265863,
    113.32437654246));
#9944 = CARTESIAN_POINT('',(-5.956424290793,49.658435445076,
    113.82414608726));
#9945 = CARTESIAN_POINT('',(-3.657528604829,49.878391904927,
    114.59382048377));
#9946 = CARTESIAN_POINT('',(-2.480551859097,49.962727078746,
    114.87883437789));
#9947 = CARTESIAN_POINT('',(-1.253228237432,50.017365712387,
    115.05802759328));
#9948 = CARTESIAN_POINT('',(-2.950706345928E-11,50.036323710707,
    115.11910163215));
#9949 = CARTESIAN_POINT('',(1.253228237479,50.017365712386,
    115.05802759327));
#9950 = CARTESIAN_POINT('',(2.480551859073,49.962727078747,
    114.8788343779));
#9951 = CARTESIAN_POINT('',(3.657528604835,49.878391904926,
    114.59382048377));
#9952 = CARTESIAN_POINT('',(6.005604507561,49.653729922141,
    113.80768046253));
#9953 = CARTESIAN_POINT('',(7.15972165221,49.507480097235,
    113.28313719535));
#9954 = CARTESIAN_POINT('',(8.22153363633,49.34290180059,112.66989630491
    ));
#9955 = CARTESIAN_POINT('',(9.190595443529,49.168325441466,
    111.98426610759));
#9956 = CARTESIAN_POINT('',(10.068031059435,48.990932914111,
    111.2400219318));
#9957 = CARTESIAN_POINT('',(10.855953511321,48.816635799461,
    110.44879483442));
#9958 = CARTESIAN_POINT('',(11.557095102072,48.650166131135,
    109.62030563208));
#9959 = CARTESIAN_POINT('',(12.895371346517,48.314199995543,
    107.76095863937));
#9960 = CARTESIAN_POINT('',(13.50508640989,48.148113735072,
    106.71519864114));
#9961 = CARTESIAN_POINT('',(14.007497022911,48.002781673585,
    105.63631616052));
#9962 = CARTESIAN_POINT('',(14.405997851928,47.882499935624,
    104.53285638059));
#9963 = CARTESIAN_POINT('',(14.703230102032,47.790289772147,
    103.41180082696));
#9964 = CARTESIAN_POINT('',(14.900964192258,47.728105418154,
    102.27910549363));
#9965 = CARTESIAN_POINT('',(15.,47.696960070847,101.14010709888));
#9966 = CARTESIAN_POINT('',(15.,47.696960070847,100.));
#9967 = PCURVE('',#8808,#9968);
#9968 = DEFINITIONAL_REPRESENTATION('',(#9969),#10042);
#9969 = B_SPLINE_CURVE_WITH_KNOTS('',8,(#9970,#9971,#9972,#9973,#9974,
    #9975,#9976,#9977,#9978,#9979,#9980,#9981,#9982,#9983,#9984,#9985,
    #9986,#9987,#9988,#9989,#9990,#9991,#9992,#9993,#9994,#9995,#9996,
    #9997,#9998,#9999,#10000,#10001,#10002,#10003,#10004,#10005,#10006,
    #10007,#10008,#10009,#10010,#10011,#10012,#10013,#10014,#10015,
    #10016,#10017,#10018,#10019,#10020,#10021,#10022,#10023,#10024,
    #10025,#10026,#10027,#10028,#10029,#10030,#10031,#10032,#10033,
    #10034,#10035,#10036,#10037,#10038,#10039,#10040,#10041),
  .UNSPECIFIED.,.T.,.F.,(9,7,7,7,7,7,7,7,7,7,9),(0.,0.115526512741,
    0.207464731619,0.29251027814,0.384448497019,0.499974539423,
    0.615500767573,0.707438760325,0.792484097052,0.888208289657,1.),
  .UNSPECIFIED.);
#9970 = CARTESIAN_POINT('',(-1.266103672779,-100.));
#9971 = CARTESIAN_POINT('',(-1.266103672779,-98.82133218708));
#9972 = CARTESIAN_POINT('',(-1.268322854057,-97.64397628351));
#9973 = CARTESIAN_POINT('',(-1.27275257071,-96.47360470029));
#9974 = CARTESIAN_POINT('',(-1.279403418119,-95.3160557648));
#9975 = CARTESIAN_POINT('',(-1.288301173114,-94.17790901454));
#9976 = CARTESIAN_POINT('',(-1.299484683884,-93.06696622111));
#9977 = CARTESIAN_POINT('',(-1.313004520553,-91.99289935676));
#9978 = CARTESIAN_POINT('',(-1.34158799462,-90.15295211944));
#9979 = CARTESIAN_POINT('',(-1.355819999554,-89.36588461836));
#9980 = CARTESIAN_POINT('',(-1.371654163173,-88.61475074429));
#9981 = CARTESIAN_POINT('',(-1.389120454025,-87.90859208725));
#9982 = CARTESIAN_POINT('',(-1.408237054696,-87.25806318126));
#9983 = CARTESIAN_POINT('',(-1.429007323809,-86.67562345739));
#9984 = CARTESIAN_POINT('',(-1.451414173985,-86.1758539126));
#9985 = CARTESIAN_POINT('',(-1.497602060938,-85.40617951365));
#9986 = CARTESIAN_POINT('',(-1.521195227358,-85.12116563148));
#9987 = CARTESIAN_POINT('',(-1.545750877199,-84.94197238936));
#9988 = CARTESIAN_POINT('',(-1.570796326795,-84.8808983887));
#9989 = CARTESIAN_POINT('',(-1.595841776391,-84.94197238936));
#9990 = CARTESIAN_POINT('',(-1.620397426232,-85.12116563148));
#9991 = CARTESIAN_POINT('',(-1.643990592652,-85.40617951365));
#9992 = CARTESIAN_POINT('',(-1.690178479605,-86.1758539126));
#9993 = CARTESIAN_POINT('',(-1.712585329781,-86.67562345739));
#9994 = CARTESIAN_POINT('',(-1.733355598894,-87.25806318126));
#9995 = CARTESIAN_POINT('',(-1.752472199565,-87.90859208725));
#9996 = CARTESIAN_POINT('',(-1.769938490416,-88.61475074429));
#9997 = CARTESIAN_POINT('',(-1.785772654036,-89.36588461837));
#9998 = CARTESIAN_POINT('',(-1.80000465897,-90.15295211943));
#9999 = CARTESIAN_POINT('',(-1.828588068236,-91.99289518548));
#10000 = CARTESIAN_POINT('',(-1.842107958014,-93.0669638144));
#10001 = CARTESIAN_POINT('',(-1.853291511895,-94.17791064866));
#10002 = CARTESIAN_POINT('',(-1.862189277214,-95.31606066694));
#10003 = CARTESIAN_POINT('',(-1.868840110638,-96.47361070377));
#10004 = CARTESIAN_POINT('',(-1.873269806708,-97.64398106116));
#10005 = CARTESIAN_POINT('',(-1.87548898081,-98.82133408718));
#10006 = CARTESIAN_POINT('',(-1.87548898081,-101.1786678079));
#10007 = CARTESIAN_POINT('',(-1.87326979948,-102.3560237315));
#10008 = CARTESIAN_POINT('',(-1.868840082997,-103.5263952836));
#10009 = CARTESIAN_POINT('',(-1.862189235423,-104.6839442347));
#10010 = CARTESIAN_POINT('',(-1.85329148036,-105.8220910015));
#10011 = CARTESIAN_POINT('',(-1.842107969864,-106.9330337647));
#10012 = CARTESIAN_POINT('',(-1.828588132969,-108.0071006476));
#10013 = CARTESIAN_POINT('',(-1.800004658975,-109.8470478802));
#10014 = CARTESIAN_POINT('',(-1.785772654038,-110.6341153815));
#10015 = CARTESIAN_POINT('',(-1.769938490413,-111.3852492559));
#10016 = CARTESIAN_POINT('',(-1.752472199559,-112.0914079129));
#10017 = CARTESIAN_POINT('',(-1.73335559889,-112.7419368187));
#10018 = CARTESIAN_POINT('',(-1.712585329784,-113.3243765424));
#10019 = CARTESIAN_POINT('',(-1.690178479613,-113.8241460872));
#10020 = CARTESIAN_POINT('',(-1.643990592806,-114.5938204837));
#10021 = CARTESIAN_POINT('',(-1.620397425757,-114.8788343779));
#10022 = CARTESIAN_POINT('',(-1.595841776913,-115.0580275932));
#10023 = CARTESIAN_POINT('',(-1.570796326795,-115.1191016321));
#10024 = CARTESIAN_POINT('',(-1.545750876676,-115.0580275932));
#10025 = CARTESIAN_POINT('',(-1.521195227833,-114.8788343779));
#10026 = CARTESIAN_POINT('',(-1.497602060784,-114.5938204837));
#10027 = CARTESIAN_POINT('',(-1.450426077693,-113.8076804625));
#10028 = CARTESIAN_POINT('',(-1.427170087188,-113.2831371953));
#10029 = CARTESIAN_POINT('',(-1.405693095872,-112.6698963049));
#10030 = CARTESIAN_POINT('',(-1.386010003344,-111.9842661075));
#10031 = CARTESIAN_POINT('',(-1.368112607091,-111.2400219317));
#10032 = CARTESIAN_POINT('',(-1.351976530924,-110.4487948344));
#10033 = CARTESIAN_POINT('',(-1.337565055931,-109.620305632));
#10034 = CARTESIAN_POINT('',(-1.309968994251,-107.7609586393));
#10035 = CARTESIAN_POINT('',(-1.297332891782,-106.7151986411));
#10036 = CARTESIAN_POINT('',(-1.286874359248,-105.6363161605));
#10037 = CARTESIAN_POINT('',(-1.278549742466,-104.5328563805));
#10038 = CARTESIAN_POINT('',(-1.272325665428,-103.4118008269));
#10039 = CARTESIAN_POINT('',(-1.268180025904,-102.2791054936));
#10040 = CARTESIAN_POINT('',(-1.266103672779,-101.1401070988));
#10041 = CARTESIAN_POINT('',(-1.266103672779,-100.));
#10042 = ( GEOMETRIC_REPRESENTATION_CONTEXT(2) 
PARAMETRIC_REPRESENTATION_CONTEXT() REPRESENTATION_CONTEXT('2D SPACE',''
  ) );
#10043 = PCURVE('',#10044,#10049);
#10044 = CYLINDRICAL_SURFACE('',#10045,15.);
#10045 = AXIS2_PLACEMENT_3D('',#10046,#10047,#10048);
#10046 = CARTESIAN_POINT('',(0.,0.,100.));
#10047 = DIRECTION('',(-0.,-1.,2.22044604925E-16));
#10048 = DIRECTION('',(1.,0.,0.));
#10049 = DEFINITIONAL_REPRESENTATION('',(#10050),#10123);
#10050 = B_SPLINE_CURVE_WITH_KNOTS('',8,(#10051,#10052,#10053,#10054,
    #10055,#10056,#10057,#10058,#10059,#10060,#10061,#10062,#10063,
    #10064,#10065,#10066,#10067,#10068,#10069,#10070,#10071,#10072,
    #10073,#10074,#10075,#10076,#10077,#10078,#10079,#10080,#10081,
    #10082,#10083,#10084,#10085,#10086,#10087,#10088,#10089,#10090,
    #10091,#10092,#10093,#10094,#10095,#10096,#10097,#10098,#10099,
    #10100,#10101,#10102,#10103,#10104,#10105,#10106,#10107,#10108,
    #10109,#10110,#10111,#10112,#10113,#10114,#10115,#10116,#10117,
    #10118,#10119,#10120,#10121,#10122),.UNSPECIFIED.,.F.,.F.,(9,7,7,7,7
    ,7,7,7,7,7,9),(0.,0.115526512741,0.207464731619,0.29251027814,
    0.384448497019,0.499974539423,0.615500767573,0.707438760325,
    0.792484097052,0.888208289657,1.),.UNSPECIFIED.);
#10051 = CARTESIAN_POINT('',(0.,-47.69696007084));
#10052 = CARTESIAN_POINT('',(-7.857785419458E-02,-47.69696007084));
#10053 = CARTESIAN_POINT('',(-0.157068206971,-47.73024784338));
#10054 = CARTESIAN_POINT('',(-0.235832450365,-47.7966933303));
#10055 = CARTESIAN_POINT('',(-0.315213209146,-47.89514126955));
#10056 = CARTESIAN_POINT('',(-0.395554722699,-48.02337035992));
#10057 = CARTESIAN_POINT('',(-0.477216617168,-48.17793504696));
#10058 = CARTESIAN_POINT('',(-0.56059229511,-48.35390623282));
#10059 = CARTESIAN_POINT('',(-0.714226200041,-48.69622705169));
#10060 = CARTESIAN_POINT('',(-0.783940576479,-48.85777000959));
#10061 = CARTESIAN_POINT('',(-0.855465800981,-49.02571495212));
#10062 = CARTESIAN_POINT('',(-0.928989350695,-49.19567851058));
#10063 = CARTESIAN_POINT('',(-1.004717339409,-49.36225796742));
#10064 = CARTESIAN_POINT('',(-1.082883655971,-49.5189822659));
#10065 = CARTESIAN_POINT('',(-1.163766938349,-49.65843544511));
#10066 = CARTESIAN_POINT('',(-1.3253881703,-49.87839190566));
#10067 = CARTESIAN_POINT('',(-1.405826339518,-49.96272707606));
#10068 = CARTESIAN_POINT('',(-1.487921105611,-50.01736571734));
#10069 = CARTESIAN_POINT('',(-1.570796326794,-50.03632370475));
#10070 = CARTESIAN_POINT('',(-1.65367154798,-50.01736571734));
#10071 = CARTESIAN_POINT('',(-1.735766314071,-49.96272707606));
#10072 = CARTESIAN_POINT('',(-1.81620448329,-49.87839190566));
#10073 = CARTESIAN_POINT('',(-1.977825715241,-49.65843544511));
#10074 = CARTESIAN_POINT('',(-2.058708997619,-49.5189822659));
#10075 = CARTESIAN_POINT('',(-2.136875314181,-49.36225796742));
#10076 = CARTESIAN_POINT('',(-2.212603302894,-49.19567851058));
#10077 = CARTESIAN_POINT('',(-2.286126852608,-49.02571495212));
#10078 = CARTESIAN_POINT('',(-2.357652077111,-48.85777000959));
#10079 = CARTESIAN_POINT('',(-2.427366453549,-48.69622705169));
#10080 = CARTESIAN_POINT('',(-2.581000010182,-48.35390700888));
#10081 = CARTESIAN_POINT('',(-2.664375885961,-48.17793529752));
#10082 = CARTESIAN_POINT('',(-2.746038069469,-48.02336994509));
#10083 = CARTESIAN_POINT('',(-2.826379787829,-47.89514064391));
#10084 = CARTESIAN_POINT('',(-2.905760609206,-47.79669292223));
#10085 = CARTESIAN_POINT('',(-2.984524764413,-47.73024773283));
#10086 = CARTESIAN_POINT('',(-3.063014926068,-47.69696007084));
#10087 = CARTESIAN_POINT('',(-3.22017050745,-47.69696007084));
#10088 = CARTESIAN_POINT('',(-3.298660861613,-47.73024784406));
#10089 = CARTESIAN_POINT('',(-3.377425102771,-47.79669332883));
#10090 = CARTESIAN_POINT('',(-3.456805862758,-47.89514127012));
#10091 = CARTESIAN_POINT('',(-3.537147377471,-48.02337036136));
#10092 = CARTESIAN_POINT('',(-3.618809269656,-48.17793504503));
#10093 = CARTESIAN_POINT('',(-3.702184949066,-48.35390623363));
#10094 = CARTESIAN_POINT('',(-3.855818853603,-48.69622705163));
#10095 = CARTESIAN_POINT('',(-3.92553323006,-48.85777000956));
#10096 = CARTESIAN_POINT('',(-3.997058454588,-49.02571495216));
#10097 = CARTESIAN_POINT('',(-4.07058200431,-49.19567851064));
#10098 = CARTESIAN_POINT('',(-4.146309993011,-49.36225796744));
#10099 = CARTESIAN_POINT('',(-4.224476309548,-49.51898226586));
#10100 = CARTESIAN_POINT('',(-4.305359591911,-49.65843544507));
#10101 = CARTESIAN_POINT('',(-4.466980823349,-49.87839190492));
#10102 = CARTESIAN_POINT('',(-4.547418994757,-49.96272707874));
#10103 = CARTESIAN_POINT('',(-4.629513757396,-50.01736571238));
#10104 = CARTESIAN_POINT('',(-4.712388980381,-50.0363237107));
#10105 = CARTESIAN_POINT('',(-4.795264203378,-50.01736571238));
#10106 = CARTESIAN_POINT('',(-4.87735896601,-49.96272707874));
#10107 = CARTESIAN_POINT('',(-4.957797137421,-49.87839190492));
#10108 = CARTESIAN_POINT('',(-5.122875927739,-49.65372992214));
#10109 = CARTESIAN_POINT('',(-5.20693877,-49.50748009723));
#10110 = CARTESIAN_POINT('',(-5.288060874659,-49.34290180059));
#10111 = CARTESIAN_POINT('',(-5.366561080681,-49.16832544146));
#10112 = CARTESIAN_POINT('',(-5.442707596974,-48.99093291411));
#10113 = CARTESIAN_POINT('',(-5.516738529459,-48.81663579946));
#10114 = CARTESIAN_POINT('',(-5.588872712593,-48.65016613113));
#10115 = CARTESIAN_POINT('',(-5.74159838599,-48.31419999554));
#10116 = CARTESIAN_POINT('',(-5.8219283105,-48.14811373507));
#10117 = CARTESIAN_POINT('',(-5.900719907195,-48.00278167358));
#10118 = CARTESIAN_POINT('',(-5.978324002011,-47.88249993562));
#10119 = CARTESIAN_POINT('',(-6.055062732576,-47.79028977214));
#10120 = CARTESIAN_POINT('',(-6.131244970532,-47.72810541815));
#10121 = CARTESIAN_POINT('',(-6.207178167254,-47.69696007084));
#10122 = CARTESIAN_POINT('',(-6.28318530718,-47.69696007084));
#10123 = ( GEOMETRIC_REPRESENTATION_CONTEXT(2) 
PARAMETRIC_REPRESENTATION_CONTEXT() REPRESENTATION_CONTEXT('2D SPACE',''
  ) );
#10124 = ADVANCED_FACE('',(#10125,#10128,#10163,#10198,#10233,#10268,
    #10303,#10338,#10373,#10408,#10443),#8820,.F.);
#10125 = FACE_BOUND('',#10126,.F.);
#10126 = EDGE_LOOP('',(#10127));
#10127 = ORIENTED_EDGE('',*,*,#8798,.T.);
#10128 = FACE_BOUND('',#10129,.F.);
#10129 = EDGE_LOOP('',(#10130));
#10130 = ORIENTED_EDGE('',*,*,#10131,.T.);
#10131 = EDGE_CURVE('',#10132,#10132,#10134,.T.);
#10132 = VERTEX_POINT('',#10133);
#10133 = CARTESIAN_POINT('',(-17.5,-25.,65.));
#10134 = SURFACE_CURVE('',#10135,(#10140,#10151),.PCURVE_S1.);
#10135 = CIRCLE('',#10136,7.5);
#10136 = AXIS2_PLACEMENT_3D('',#10137,#10138,#10139);
#10137 = CARTESIAN_POINT('',(-25.,-25.,65.));
#10138 = DIRECTION('',(0.,0.,-1.));
#10139 = DIRECTION('',(1.,0.,0.));
#10140 = PCURVE('',#8820,#10141);
#10141 = DEFINITIONAL_REPRESENTATION('',(#10142),#10150);
#10142 = ( BOUNDED_CURVE() B_SPLINE_CURVE(2,(#10143,#10144,#10145,#10146
    ,#10147,#10148,#10149),.UNSPECIFIED.,.T.,.F.) 
B_SPLINE_CURVE_WITH_KNOTS((1,2,2,2,2,1),(-2.094395102393,0.,
    2.094395102393,4.188790204786,6.28318530718,8.377580409573),
.UNSPECIFIED.) CURVE() GEOMETRIC_REPRESENTATION_ITEM() 
RATIONAL_B_SPLINE_CURVE((1.,0.5,1.,0.5,1.,0.5,1.)) REPRESENTATION_ITEM(
  '') );
#10143 = CARTESIAN_POINT('',(-17.5,-25.));
#10144 = CARTESIAN_POINT('',(-17.5,-37.99038105676));
#10145 = CARTESIAN_POINT('',(-28.75,-31.49519052838));
#10146 = CARTESIAN_POINT('',(-40.,-25.));
#10147 = CARTESIAN_POINT('',(-28.75,-18.50480947161));
#10148 = CARTESIAN_POINT('',(-17.5,-12.00961894323));
#10149 = CARTESIAN_POINT('',(-17.5,-25.));
#10150 = ( GEOMETRIC_REPRESENTATION_CONTEXT(2) 
PARAMETRIC_REPRESENTATION_CONTEXT() REPRESENTATION_CONTEXT('2D SPACE',''
  ) );
#10151 = PCURVE('',#10152,#10157);
#10152 = CYLINDRICAL_SURFACE('',#10153,7.5);
#10153 = AXIS2_PLACEMENT_3D('',#10154,#10155,#10156);
#10154 = CARTESIAN_POINT('',(-25.,-25.,55.));
#10155 = DIRECTION('',(-0.,-0.,-1.));
#10156 = DIRECTION('',(1.,0.,0.));
#10157 = DEFINITIONAL_REPRESENTATION('',(#10158),#10162);
#10158 = LINE('',#10159,#10160);
#10159 = CARTESIAN_POINT('',(-6.28318530718,-10.));
#10160 = VECTOR('',#10161,1.);
#10161 = DIRECTION('',(1.,-0.));
#10162 = ( GEOMETRIC_REPRESENTATION_CONTEXT(2) 
PARAMETRIC_REPRESENTATION_CONTEXT() REPRESENTATION_CONTEXT('2D SPACE',''
  ) );
#10163 = FACE_BOUND('',#10164,.F.);
#10164 = EDGE_LOOP('',(#10165));
#10165 = ORIENTED_EDGE('',*,*,#10166,.T.);
#10166 = EDGE_CURVE('',#10167,#10167,#10169,.T.);
#10167 = VERTEX_POINT('',#10168);
#10168 = CARTESIAN_POINT('',(7.5,-25.,65.));
#10169 = SURFACE_CURVE('',#10170,(#10175,#10186),.PCURVE_S1.);
#10170 = CIRCLE('',#10171,7.5);
#10171 = AXIS2_PLACEMENT_3D('',#10172,#10173,#10174);
#10172 = CARTESIAN_POINT('',(0.,-25.,65.));
#10173 = DIRECTION('',(0.,0.,-1.));
#10174 = DIRECTION('',(1.,0.,0.));
#10175 = PCURVE('',#8820,#10176);
#10176 = DEFINITIONAL_REPRESENTATION('',(#10177),#10185);
#10177 = ( BOUNDED_CURVE() B_SPLINE_CURVE(2,(#10178,#10179,#10180,#10181
    ,#10182,#10183,#10184),.UNSPECIFIED.,.T.,.F.) 
B_SPLINE_CURVE_WITH_KNOTS((1,2,2,2,2,1),(-2.094395102393,0.,
    2.094395102393,4.188790204786,6.28318530718,8.377580409573),
.UNSPECIFIED.) CURVE() GEOMETRIC_REPRESENTATION_ITEM() 
RATIONAL_B_SPLINE_CURVE((1.,0.5,1.,0.5,1.,0.5,1.)) REPRESENTATION_ITEM(
  '') );
#10178 = CARTESIAN_POINT('',(7.5,-25.));
#10179 = CARTESIAN_POINT('',(7.5,-37.99038105676));
#10180 = CARTESIAN_POINT('',(-3.75,-31.49519052838));
#10181 = CARTESIAN_POINT('',(-15.,-25.));
#10182 = CARTESIAN_POINT('',(-3.75,-18.50480947161));
#10183 = CARTESIAN_POINT('',(7.5,-12.00961894323));
#10184 = CARTESIAN_POINT('',(7.5,-25.));
#10185 = ( GEOMETRIC_REPRESENTATION_CONTEXT(2) 
PARAMETRIC_REPRESENTATION_CONTEXT() REPRESENTATION_CONTEXT('2D SPACE',''
  ) );
#10186 = PCURVE('',#10187,#10192);
#10187 = CYLINDRICAL_SURFACE('',#10188,7.5);
#10188 = AXIS2_PLACEMENT_3D('',#10189,#10190,#10191);
#10189 = CARTESIAN_POINT('',(0.,-25.,55.));
#10190 = DIRECTION('',(-0.,-0.,-1.));
#10191 = DIRECTION('',(1.,0.,0.));
#10192 = DEFINITIONAL_REPRESENTATION('',(#10193),#10197);
#10193 = LINE('',#10194,#10195);
#10194 = CARTESIAN_POINT('',(-6.28318530718,-10.));
#10195 = VECTOR('',#10196,1.);
#10196 = DIRECTION('',(1.,-0.));
#10197 = ( GEOMETRIC_REPRESENTATION_CONTEXT(2) 
PARAMETRIC_REPRESENTATION_CONTEXT() REPRESENTATION_CONTEXT('2D SPACE',''
  ) );
#10198 = FACE_BOUND('',#10199,.F.);
#10199 = EDGE_LOOP('',(#10200));
#10200 = ORIENTED_EDGE('',*,*,#10201,.T.);
#10201 = EDGE_CURVE('',#10202,#10202,#10204,.T.);
#10202 = VERTEX_POINT('',#10203);
#10203 = CARTESIAN_POINT('',(32.5,-25.,65.));
#10204 = SURFACE_CURVE('',#10205,(#10210,#10221),.PCURVE_S1.);
#10205 = CIRCLE('',#10206,7.5);
#10206 = AXIS2_PLACEMENT_3D('',#10207,#10208,#10209);
#10207 = CARTESIAN_POINT('',(25.,-25.,65.));
#10208 = DIRECTION('',(0.,0.,-1.));
#10209 = DIRECTION('',(1.,0.,0.));
#10210 = PCURVE('',#8820,#10211);
#10211 = DEFINITIONAL_REPRESENTATION('',(#10212),#10220);
#10212 = ( BOUNDED_CURVE() B_SPLINE_CURVE(2,(#10213,#10214,#10215,#10216
    ,#10217,#10218,#10219),.UNSPECIFIED.,.T.,.F.) 
B_SPLINE_CURVE_WITH_KNOTS((1,2,2,2,2,1),(-2.094395102393,0.,
    2.094395102393,4.188790204786,6.28318530718,8.377580409573),
.UNSPECIFIED.) CURVE() GEOMETRIC_REPRESENTATION_ITEM() 
RATIONAL_B_SPLINE_CURVE((1.,0.5,1.,0.5,1.,0.5,1.)) REPRESENTATION_ITEM(
  '') );
#10213 = CARTESIAN_POINT('',(32.5,-25.));
#10214 = CARTESIAN_POINT('',(32.5,-37.99038105676));
#10215 = CARTESIAN_POINT('',(21.25,-31.49519052838));
#10216 = CARTESIAN_POINT('',(10.,-25.));
#10217 = CARTESIAN_POINT('',(21.25,-18.50480947161));
#10218 = CARTESIAN_POINT('',(32.5,-12.00961894323));
#10219 = CARTESIAN_POINT('',(32.5,-25.));
#10220 = ( GEOMETRIC_REPRESENTATION_CONTEXT(2) 
PARAMETRIC_REPRESENTATION_CONTEXT() REPRESENTATION_CONTEXT('2D SPACE',''
  ) );
#10221 = PCURVE('',#10222,#10227);
#10222 = CYLINDRICAL_SURFACE('',#10223,7.5);
#10223 = AXIS2_PLACEMENT_3D('',#10224,#10225,#10226);
#10224 = CARTESIAN_POINT('',(25.,-25.,55.));
#10225 = DIRECTION('',(-0.,-0.,-1.));
#10226 = DIRECTION('',(1.,0.,0.));
#10227 = DEFINITIONAL_REPRESENTATION('',(#10228),#10232);
#10228 = LINE('',#10229,#10230);
#10229 = CARTESIAN_POINT('',(-6.28318530718,-10.));
#10230 = VECTOR('',#10231,1.);
#10231 = DIRECTION('',(1.,-0.));
#10232 = ( GEOMETRIC_REPRESENTATION_CONTEXT(2) 
PARAMETRIC_REPRESENTATION_CONTEXT() REPRESENTATION_CONTEXT('2D SPACE',''
  ) );
#10233 = FACE_BOUND('',#10234,.F.);
#10234 = EDGE_LOOP('',(#10235));
#10235 = ORIENTED_EDGE('',*,*,#10236,.T.);
#10236 = EDGE_CURVE('',#10237,#10237,#10239,.T.);
#10237 = VERTEX_POINT('',#10238);
#10238 = CARTESIAN_POINT('',(-30.,0.,65.));
#10239 = SURFACE_CURVE('',#10240,(#10245,#10256),.PCURVE_S1.);
#10240 = CIRCLE('',#10241,7.5);
#10241 = AXIS2_PLACEMENT_3D('',#10242,#10243,#10244);
#10242 = CARTESIAN_POINT('',(-37.5,0.,65.));
#10243 = DIRECTION('',(0.,0.,-1.));
#10244 = DIRECTION('',(1.,0.,0.));
#10245 = PCURVE('',#8820,#10246);
#10246 = DEFINITIONAL_REPRESENTATION('',(#10247),#10255);
#10247 = ( BOUNDED_CURVE() B_SPLINE_CURVE(2,(#10248,#10249,#10250,#10251
    ,#10252,#10253,#10254),.UNSPECIFIED.,.T.,.F.) 
B_SPLINE_CURVE_WITH_KNOTS((1,2,2,2,2,1),(-2.094395102393,0.,
    2.094395102393,4.188790204786,6.28318530718,8.377580409573),
.UNSPECIFIED.) CURVE() GEOMETRIC_REPRESENTATION_ITEM() 
RATIONAL_B_SPLINE_CURVE((1.,0.5,1.,0.5,1.,0.5,1.)) REPRESENTATION_ITEM(
  '') );
#10248 = CARTESIAN_POINT('',(-30.,-3.209892110372E-15));
#10249 = CARTESIAN_POINT('',(-30.,-12.99038105676));
#10250 = CARTESIAN_POINT('',(-41.25,-6.495190528383));
#10251 = CARTESIAN_POINT('',(-52.5,-5.046862309093E-15));
#10252 = CARTESIAN_POINT('',(-41.25,6.495190528383));
#10253 = CARTESIAN_POINT('',(-30.,12.990381056767));
#10254 = CARTESIAN_POINT('',(-30.,-3.209892110372E-15));
#10255 = ( GEOMETRIC_REPRESENTATION_CONTEXT(2) 
PARAMETRIC_REPRESENTATION_CONTEXT() REPRESENTATION_CONTEXT('2D SPACE',''
  ) );
#10256 = PCURVE('',#10257,#10262);
#10257 = CYLINDRICAL_SURFACE('',#10258,7.5);
#10258 = AXIS2_PLACEMENT_3D('',#10259,#10260,#10261);
#10259 = CARTESIAN_POINT('',(-37.5,0.,55.));
#10260 = DIRECTION('',(-0.,-0.,-1.));
#10261 = DIRECTION('',(1.,0.,0.));
#10262 = DEFINITIONAL_REPRESENTATION('',(#10263),#10267);
#10263 = LINE('',#10264,#10265);
#10264 = CARTESIAN_POINT('',(-6.28318530718,-10.));
#10265 = VECTOR('',#10266,1.);
#10266 = DIRECTION('',(1.,-0.));
#10267 = ( GEOMETRIC_REPRESENTATION_CONTEXT(2) 
PARAMETRIC_REPRESENTATION_CONTEXT() REPRESENTATION_CONTEXT('2D SPACE',''
  ) );
#10268 = FACE_BOUND('',#10269,.F.);
#10269 = EDGE_LOOP('',(#10270));
#10270 = ORIENTED_EDGE('',*,*,#10271,.T.);
#10271 = EDGE_CURVE('',#10272,#10272,#10274,.T.);
#10272 = VERTEX_POINT('',#10273);
#10273 = CARTESIAN_POINT('',(-5.,0.,65.));
#10274 = SURFACE_CURVE('',#10275,(#10280,#10291),.PCURVE_S1.);
#10275 = CIRCLE('',#10276,7.5);
#10276 = AXIS2_PLACEMENT_3D('',#10277,#10278,#10279);
#10277 = CARTESIAN_POINT('',(-12.5,0.,65.));
#10278 = DIRECTION('',(0.,0.,-1.));
#10279 = DIRECTION('',(1.,0.,0.));
#10280 = PCURVE('',#8820,#10281);
#10281 = DEFINITIONAL_REPRESENTATION('',(#10282),#10290);
#10282 = ( BOUNDED_CURVE() B_SPLINE_CURVE(2,(#10283,#10284,#10285,#10286
    ,#10287,#10288,#10289),.UNSPECIFIED.,.T.,.F.) 
B_SPLINE_CURVE_WITH_KNOTS((1,2,2,2,2,1),(-2.094395102393,0.,
    2.094395102393,4.188790204786,6.28318530718,8.377580409573),
.UNSPECIFIED.) CURVE() GEOMETRIC_REPRESENTATION_ITEM() 
RATIONAL_B_SPLINE_CURVE((1.,0.5,1.,0.5,1.,0.5,1.)) REPRESENTATION_ITEM(
  '') );
#10283 = CARTESIAN_POINT('',(-5.,-3.209892110372E-15));
#10284 = CARTESIAN_POINT('',(-5.,-12.99038105676));
#10285 = CARTESIAN_POINT('',(-16.25,-6.495190528383));
#10286 = CARTESIAN_POINT('',(-27.5,-5.046862309093E-15));
#10287 = CARTESIAN_POINT('',(-16.25,6.495190528383));
#10288 = CARTESIAN_POINT('',(-5.,12.990381056767));
#10289 = CARTESIAN_POINT('',(-5.,-3.209892110372E-15));
#10290 = ( GEOMETRIC_REPRESENTATION_CONTEXT(2) 
PARAMETRIC_REPRESENTATION_CONTEXT() REPRESENTATION_CONTEXT('2D SPACE',''
  ) );
#10291 = PCURVE('',#10292,#10297);
#10292 = CYLINDRICAL_SURFACE('',#10293,7.5);
#10293 = AXIS2_PLACEMENT_3D('',#10294,#10295,#10296);
#10294 = CARTESIAN_POINT('',(-12.5,0.,55.));
#10295 = DIRECTION('',(-0.,-0.,-1.));
#10296 = DIRECTION('',(1.,0.,0.));
#10297 = DEFINITIONAL_REPRESENTATION('',(#10298),#10302);
#10298 = LINE('',#10299,#10300);
#10299 = CARTESIAN_POINT('',(-6.28318530718,-10.));
#10300 = VECTOR('',#10301,1.);
#10301 = DIRECTION('',(1.,-0.));
#10302 = ( GEOMETRIC_REPRESENTATION_CONTEXT(2) 
PARAMETRIC_REPRESENTATION_CONTEXT() REPRESENTATION_CONTEXT('2D SPACE',''
  ) );
#10303 = FACE_BOUND('',#10304,.F.);
#10304 = EDGE_LOOP('',(#10305));
#10305 = ORIENTED_EDGE('',*,*,#10306,.T.);
#10306 = EDGE_CURVE('',#10307,#10307,#10309,.T.);
#10307 = VERTEX_POINT('',#10308);
#10308 = CARTESIAN_POINT('',(-17.5,25.,65.));
#10309 = SURFACE_CURVE('',#10310,(#10315,#10326),.PCURVE_S1.);
#10310 = CIRCLE('',#10311,7.5);
#10311 = AXIS2_PLACEMENT_3D('',#10312,#10313,#10314);
#10312 = CARTESIAN_POINT('',(-25.,25.,65.));
#10313 = DIRECTION('',(0.,0.,-1.));
#10314 = DIRECTION('',(1.,0.,0.));
#10315 = PCURVE('',#8820,#10316);
#10316 = DEFINITIONAL_REPRESENTATION('',(#10317),#10325);
#10317 = ( BOUNDED_CURVE() B_SPLINE_CURVE(2,(#10318,#10319,#10320,#10321
    ,#10322,#10323,#10324),.UNSPECIFIED.,.T.,.F.) 
B_SPLINE_CURVE_WITH_KNOTS((1,2,2,2,2,1),(-2.094395102393,0.,
    2.094395102393,4.188790204786,6.28318530718,8.377580409573),
.UNSPECIFIED.) CURVE() GEOMETRIC_REPRESENTATION_ITEM() 
RATIONAL_B_SPLINE_CURVE((1.,0.5,1.,0.5,1.,0.5,1.)) REPRESENTATION_ITEM(
  '') );
#10318 = CARTESIAN_POINT('',(-17.5,25.));
#10319 = CARTESIAN_POINT('',(-17.5,12.009618943233));
#10320 = CARTESIAN_POINT('',(-28.75,18.504809471617));
#10321 = CARTESIAN_POINT('',(-40.,25.));
#10322 = CARTESIAN_POINT('',(-28.75,31.495190528383));
#10323 = CARTESIAN_POINT('',(-17.5,37.990381056767));
#10324 = CARTESIAN_POINT('',(-17.5,25.));
#10325 = ( GEOMETRIC_REPRESENTATION_CONTEXT(2) 
PARAMETRIC_REPRESENTATION_CONTEXT() REPRESENTATION_CONTEXT('2D SPACE',''
  ) );
#10326 = PCURVE('',#10327,#10332);
#10327 = CYLINDRICAL_SURFACE('',#10328,7.5);
#10328 = AXIS2_PLACEMENT_3D('',#10329,#10330,#10331);
#10329 = CARTESIAN_POINT('',(-25.,25.,55.));
#10330 = DIRECTION('',(-0.,-0.,-1.));
#10331 = DIRECTION('',(1.,0.,0.));
#10332 = DEFINITIONAL_REPRESENTATION('',(#10333),#10337);
#10333 = LINE('',#10334,#10335);
#10334 = CARTESIAN_POINT('',(-6.28318530718,-10.));
#10335 = VECTOR('',#10336,1.);
#10336 = DIRECTION('',(1.,-0.));
#10337 = ( GEOMETRIC_REPRESENTATION_CONTEXT(2) 
PARAMETRIC_REPRESENTATION_CONTEXT() REPRESENTATION_CONTEXT('2D SPACE',''
  ) );
#10338 = FACE_BOUND('',#10339,.F.);
#10339 = EDGE_LOOP('',(#10340));
#10340 = ORIENTED_EDGE('',*,*,#10341,.T.);
#10341 = EDGE_CURVE('',#10342,#10342,#10344,.T.);
#10342 = VERTEX_POINT('',#10343);
#10343 = CARTESIAN_POINT('',(20.,0.,65.));
#10344 = SURFACE_CURVE('',#10345,(#10350,#10361),.PCURVE_S1.);
#10345 = CIRCLE('',#10346,7.5);
#10346 = AXIS2_PLACEMENT_3D('',#10347,#10348,#10349);
#10347 = CARTESIAN_POINT('',(12.5,0.,65.));
#10348 = DIRECTION('',(0.,0.,-1.));
#10349 = DIRECTION('',(1.,0.,0.));
#10350 = PCURVE('',#8820,#10351);
#10351 = DEFINITIONAL_REPRESENTATION('',(#10352),#10360);
#10352 = ( BOUNDED_CURVE() B_SPLINE_CURVE(2,(#10353,#10354,#10355,#10356
    ,#10357,#10358,#10359),.UNSPECIFIED.,.T.,.F.) 
B_SPLINE_CURVE_WITH_KNOTS((1,2,2,2,2,1),(-2.094395102393,0.,
    2.094395102393,4.188790204786,6.28318530718,8.377580409573),
.UNSPECIFIED.) CURVE() GEOMETRIC_REPRESENTATION_ITEM() 
RATIONAL_B_SPLINE_CURVE((1.,0.5,1.,0.5,1.,0.5,1.)) REPRESENTATION_ITEM(
  '') );
#10353 = CARTESIAN_POINT('',(20.,-3.209892110372E-15));
#10354 = CARTESIAN_POINT('',(20.,-12.99038105676));
#10355 = CARTESIAN_POINT('',(8.75,-6.495190528383));
#10356 = CARTESIAN_POINT('',(-2.5,-5.046862309093E-15));
#10357 = CARTESIAN_POINT('',(8.75,6.495190528383));
#10358 = CARTESIAN_POINT('',(20.,12.990381056767));
#10359 = CARTESIAN_POINT('',(20.,-3.209892110372E-15));
#10360 = ( GEOMETRIC_REPRESENTATION_CONTEXT(2) 
PARAMETRIC_REPRESENTATION_CONTEXT() REPRESENTATION_CONTEXT('2D SPACE',''
  ) );
#10361 = PCURVE('',#10362,#10367);
#10362 = CYLINDRICAL_SURFACE('',#10363,7.5);
#10363 = AXIS2_PLACEMENT_3D('',#10364,#10365,#10366);
#10364 = CARTESIAN_POINT('',(12.5,0.,55.));
#10365 = DIRECTION('',(-0.,-0.,-1.));
#10366 = DIRECTION('',(1.,0.,0.));
#10367 = DEFINITIONAL_REPRESENTATION('',(#10368),#10372);
#10368 = LINE('',#10369,#10370);
#10369 = CARTESIAN_POINT('',(-6.28318530718,-10.));
#10370 = VECTOR('',#10371,1.);
#10371 = DIRECTION('',(1.,-0.));
#10372 = ( GEOMETRIC_REPRESENTATION_CONTEXT(2) 
PARAMETRIC_REPRESENTATION_CONTEXT() REPRESENTATION_CONTEXT('2D SPACE',''
  ) );
#10373 = FACE_BOUND('',#10374,.F.);
#10374 = EDGE_LOOP('',(#10375));
#10375 = ORIENTED_EDGE('',*,*,#10376,.T.);
#10376 = EDGE_CURVE('',#10377,#10377,#10379,.T.);
#10377 = VERTEX_POINT('',#10378);
#10378 = CARTESIAN_POINT('',(45.,0.,65.));
#10379 = SURFACE_CURVE('',#10380,(#10385,#10396),.PCURVE_S1.);
#10380 = CIRCLE('',#10381,7.5);
#10381 = AXIS2_PLACEMENT_3D('',#10382,#10383,#10384);
#10382 = CARTESIAN_POINT('',(37.5,0.,65.));
#10383 = DIRECTION('',(0.,0.,-1.));
#10384 = DIRECTION('',(1.,0.,0.));
#10385 = PCURVE('',#8820,#10386);
#10386 = DEFINITIONAL_REPRESENTATION('',(#10387),#10395);
#10387 = ( BOUNDED_CURVE() B_SPLINE_CURVE(2,(#10388,#10389,#10390,#10391
    ,#10392,#10393,#10394),.UNSPECIFIED.,.T.,.F.) 
B_SPLINE_CURVE_WITH_KNOTS((1,2,2,2,2,1),(-2.094395102393,0.,
    2.094395102393,4.188790204786,6.28318530718,8.377580409573),
.UNSPECIFIED.) CURVE() GEOMETRIC_REPRESENTATION_ITEM() 
RATIONAL_B_SPLINE_CURVE((1.,0.5,1.,0.5,1.,0.5,1.)) REPRESENTATION_ITEM(
  '') );
#10388 = CARTESIAN_POINT('',(45.,-3.209892110372E-15));
#10389 = CARTESIAN_POINT('',(45.,-12.99038105676));
#10390 = CARTESIAN_POINT('',(33.75,-6.495190528383));
#10391 = CARTESIAN_POINT('',(22.5,-5.046862309093E-15));
#10392 = CARTESIAN_POINT('',(33.75,6.495190528383));
#10393 = CARTESIAN_POINT('',(45.,12.990381056767));
#10394 = CARTESIAN_POINT('',(45.,-3.209892110372E-15));
#10395 = ( GEOMETRIC_REPRESENTATION_CONTEXT(2) 
PARAMETRIC_REPRESENTATION_CONTEXT() REPRESENTATION_CONTEXT('2D SPACE',''
  ) );
#10396 = PCURVE('',#10397,#10402);
#10397 = CYLINDRICAL_SURFACE('',#10398,7.5);
#10398 = AXIS2_PLACEMENT_3D('',#10399,#10400,#10401);
#10399 = CARTESIAN_POINT('',(37.5,0.,55.));
#10400 = DIRECTION('',(-0.,-0.,-1.));
#10401 = DIRECTION('',(1.,0.,0.));
#10402 = DEFINITIONAL_REPRESENTATION('',(#10403),#10407);
#10403 = LINE('',#10404,#10405);
#10404 = CARTESIAN_POINT('',(-6.28318530718,-10.));
#10405 = VECTOR('',#10406,1.);
#10406 = DIRECTION('',(1.,-0.));
#10407 = ( GEOMETRIC_REPRESENTATION_CONTEXT(2) 
PARAMETRIC_REPRESENTATION_CONTEXT() REPRESENTATION_CONTEXT('2D SPACE',''
  ) );
#10408 = FACE_BOUND('',#10409,.F.);
#10409 = EDGE_LOOP('',(#10410));
#10410 = ORIENTED_EDGE('',*,*,#10411,.T.);
#10411 = EDGE_CURVE('',#10412,#10412,#10414,.T.);
#10412 = VERTEX_POINT('',#10413);
#10413 = CARTESIAN_POINT('',(7.5,25.,65.));
#10414 = SURFACE_CURVE('',#10415,(#10420,#10431),.PCURVE_S1.);
#10415 = CIRCLE('',#10416,7.5);
#10416 = AXIS2_PLACEMENT_3D('',#10417,#10418,#10419);
#10417 = CARTESIAN_POINT('',(0.,25.,65.));
#10418 = DIRECTION('',(0.,0.,-1.));
#10419 = DIRECTION('',(1.,0.,0.));
#10420 = PCURVE('',#8820,#10421);
#10421 = DEFINITIONAL_REPRESENTATION('',(#10422),#10430);
#10422 = ( BOUNDED_CURVE() B_SPLINE_CURVE(2,(#10423,#10424,#10425,#10426
    ,#10427,#10428,#10429),.UNSPECIFIED.,.T.,.F.) 
B_SPLINE_CURVE_WITH_KNOTS((1,2,2,2,2,1),(-2.094395102393,0.,
    2.094395102393,4.188790204786,6.28318530718,8.377580409573),
.UNSPECIFIED.) CURVE() GEOMETRIC_REPRESENTATION_ITEM() 
RATIONAL_B_SPLINE_CURVE((1.,0.5,1.,0.5,1.,0.5,1.)) REPRESENTATION_ITEM(
  '') );
#10423 = CARTESIAN_POINT('',(7.5,25.));
#10424 = CARTESIAN_POINT('',(7.5,12.009618943233));
#10425 = CARTESIAN_POINT('',(-3.75,18.504809471617));
#10426 = CARTESIAN_POINT('',(-15.,25.));
#10427 = CARTESIAN_POINT('',(-3.75,31.495190528383));
#10428 = CARTESIAN_POINT('',(7.5,37.990381056767));
#10429 = CARTESIAN_POINT('',(7.5,25.));
#10430 = ( GEOMETRIC_REPRESENTATION_CONTEXT(2) 
PARAMETRIC_REPRESENTATION_CONTEXT() REPRESENTATION_CONTEXT('2D SPACE',''
  ) );
#10431 = PCURVE('',#10432,#10437);
#10432 = CYLINDRICAL_SURFACE('',#10433,7.5);
#10433 = AXIS2_PLACEMENT_3D('',#10434,#10435,#10436);
#10434 = CARTESIAN_POINT('',(0.,25.,55.));
#10435 = DIRECTION('',(-0.,-0.,-1.));
#10436 = DIRECTION('',(1.,0.,0.));
#10437 = DEFINITIONAL_REPRESENTATION('',(#10438),#10442);
#10438 = LINE('',#10439,#10440);
#10439 = CARTESIAN_POINT('',(-6.28318530718,-10.));
#10440 = VECTOR('',#10441,1.);
#10441 = DIRECTION('',(1.,-0.));
#10442 = ( GEOMETRIC_REPRESENTATION_CONTEXT(2) 
PARAMETRIC_REPRESENTATION_CONTEXT() REPRESENTATION_CONTEXT('2D SPACE',''
  ) );
#10443 = FACE_BOUND('',#10444,.F.);
#10444 = EDGE_LOOP('',(#10445));
#10445 = ORIENTED_EDGE('',*,*,#10446,.T.);
#10446 = EDGE_CURVE('',#10447,#10447,#10449,.T.);
#10447 = VERTEX_POINT('',#10448);
#10448 = CARTESIAN_POINT('',(32.5,25.,65.));
#10449 = SURFACE_CURVE('',#10450,(#10455,#10466),.PCURVE_S1.);
#10450 = CIRCLE('',#10451,7.5);
#10451 = AXIS2_PLACEMENT_3D('',#10452,#10453,#10454);
#10452 = CARTESIAN_POINT('',(25.,25.,65.));
#10453 = DIRECTION('',(0.,0.,-1.));
#10454 = DIRECTION('',(1.,0.,0.));
#10455 = PCURVE('',#8820,#10456);
#10456 = DEFINITIONAL_REPRESENTATION('',(#10457),#10465);
#10457 = ( BOUNDED_CURVE() B_SPLINE_CURVE(2,(#10458,#10459,#10460,#10461
    ,#10462,#10463,#10464),.UNSPECIFIED.,.T.,.F.) 
B_SPLINE_CURVE_WITH_KNOTS((1,2,2,2,2,1),(-2.094395102393,0.,
    2.094395102393,4.188790204786,6.28318530718,8.377580409573),
.UNSPECIFIED.) CURVE() GEOMETRIC_REPRESENTATION_ITEM() 
RATIONAL_B_SPLINE_CURVE((1.,0.5,1.,0.5,1.,0.5,1.)) REPRESENTATION_ITEM(
  '') );
#10458 = CARTESIAN_POINT('',(32.5,25.));
#10459 = CARTESIAN_POINT('',(32.5,12.009618943233));
#10460 = CARTESIAN_POINT('',(21.25,18.504809471617));
#10461 = CARTESIAN_POINT('',(10.,25.));
#10462 = CARTESIAN_POINT('',(21.25,31.495190528383));
#10463 = CARTESIAN_POINT('',(32.5,37.990381056767));
#10464 = CARTESIAN_POINT('',(32.5,25.));
#10465 = ( GEOMETRIC_REPRESENTATION_CONTEXT(2) 
PARAMETRIC_REPRESENTATION_CONTEXT() REPRESENTATION_CONTEXT('2D SPACE',''
  ) );
#10466 = PCURVE('',#10467,#10472);
#10467 = CYLINDRICAL_SURFACE('',#10468,7.5);
#10468 = AXIS2_PLACEMENT_3D('',#10469,#10470,#10471);
#10469 = CARTESIAN_POINT('',(25.,25.,55.));
#10470 = DIRECTION('',(-0.,-0.,-1.));
#10471 = DIRECTION('',(1.,0.,0.));
#10472 = DEFINITIONAL_REPRESENTATION('',(#10473),#10477);
#10473 = LINE('',#10474,#10475);
#10474 = CARTESIAN_POINT('',(-6.28318530718,-10.));
#10475 = VECTOR('',#10476,1.);
#10476 = DIRECTION('',(1.,-0.));
#10477 = ( GEOMETRIC_REPRESENTATION_CONTEXT(2) 
PARAMETRIC_REPRESENTATION_CONTEXT() REPRESENTATION_CONTEXT('2D SPACE',''
  ) );
#10478 = ADVANCED_FACE('',(#10479,#10667,#10697,#10727,#10757,#10787,
    #10817,#10847),#8872,.T.);
#10479 = FACE_BOUND('',#10480,.T.);
#10480 = EDGE_LOOP('',(#10481,#10504,#10505,#10506,#10529,#10557,#10585,
    #10613,#10641));
#10481 = ORIENTED_EDGE('',*,*,#10482,.T.);
#10482 = EDGE_CURVE('',#10483,#9601,#10485,.T.);
#10483 = VERTEX_POINT('',#10484);
#10484 = CARTESIAN_POINT('',(32.5,-25.,133.));
#10485 = SURFACE_CURVE('',#10486,(#10490,#10497),.PCURVE_S1.);
#10486 = LINE('',#10487,#10488);
#10487 = CARTESIAN_POINT('',(-50.,-25.,133.));
#10488 = VECTOR('',#10489,1.);
#10489 = DIRECTION('',(1.,0.,0.));
#10490 = PCURVE('',#8872,#10491);
#10491 = DEFINITIONAL_REPRESENTATION('',(#10492),#10496);
#10492 = LINE('',#10493,#10494);
#10493 = CARTESIAN_POINT('',(-50.,-25.));
#10494 = VECTOR('',#10495,1.);
#10495 = DIRECTION('',(1.,0.));
#10496 = ( GEOMETRIC_REPRESENTATION_CONTEXT(2) 
PARAMETRIC_REPRESENTATION_CONTEXT() REPRESENTATION_CONTEXT('2D SPACE',''
  ) );
#10497 = PCURVE('',#9616,#10498);
#10498 = DEFINITIONAL_REPRESENTATION('',(#10499),#10503);
#10499 = LINE('',#10500,#10501);
#10500 = CARTESIAN_POINT('',(0.,0.));
#10501 = VECTOR('',#10502,1.);
#10502 = DIRECTION('',(1.,0.));
#10503 = ( GEOMETRIC_REPRESENTATION_CONTEXT(2) 
PARAMETRIC_REPRESENTATION_CONTEXT() REPRESENTATION_CONTEXT('2D SPACE',''
  ) );
#10504 = ORIENTED_EDGE('',*,*,#9628,.T.);
#10505 = ORIENTED_EDGE('',*,*,#8855,.T.);
#10506 = ORIENTED_EDGE('',*,*,#10507,.T.);
#10507 = EDGE_CURVE('',#8856,#10508,#10510,.T.);
#10508 = VERTEX_POINT('',#10509);
#10509 = CARTESIAN_POINT('',(-32.5,-25.,133.));
#10510 = SURFACE_CURVE('',#10511,(#10515,#10522),.PCURVE_S1.);
#10511 = LINE('',#10512,#10513);
#10512 = CARTESIAN_POINT('',(-50.,-25.,133.));
#10513 = VECTOR('',#10514,1.);
#10514 = DIRECTION('',(1.,0.,0.));
#10515 = PCURVE('',#8872,#10516);
#10516 = DEFINITIONAL_REPRESENTATION('',(#10517),#10521);
#10517 = LINE('',#10518,#10519);
#10518 = CARTESIAN_POINT('',(-50.,-25.));
#10519 = VECTOR('',#10520,1.);
#10520 = DIRECTION('',(1.,0.));
#10521 = ( GEOMETRIC_REPRESENTATION_CONTEXT(2) 
PARAMETRIC_REPRESENTATION_CONTEXT() REPRESENTATION_CONTEXT('2D SPACE',''
  ) );
#10522 = PCURVE('',#8900,#10523);
#10523 = DEFINITIONAL_REPRESENTATION('',(#10524),#10528);
#10524 = LINE('',#10525,#10526);
#10525 = CARTESIAN_POINT('',(0.,0.));
#10526 = VECTOR('',#10527,1.);
#10527 = DIRECTION('',(1.,0.));
#10528 = ( GEOMETRIC_REPRESENTATION_CONTEXT(2) 
PARAMETRIC_REPRESENTATION_CONTEXT() REPRESENTATION_CONTEXT('2D SPACE',''
  ) );
#10529 = ORIENTED_EDGE('',*,*,#10530,.T.);
#10530 = EDGE_CURVE('',#10508,#10531,#10533,.T.);
#10531 = VERTEX_POINT('',#10532);
#10532 = CARTESIAN_POINT('',(-17.5,-25.,133.));
#10533 = SURFACE_CURVE('',#10534,(#10539,#10550),.PCURVE_S1.);
#10534 = CIRCLE('',#10535,7.5);
#10535 = AXIS2_PLACEMENT_3D('',#10536,#10537,#10538);
#10536 = CARTESIAN_POINT('',(-25.,-25.,133.));
#10537 = DIRECTION('',(0.,0.,-1.));
#10538 = DIRECTION('',(1.,0.,0.));
#10539 = PCURVE('',#8872,#10540);
#10540 = DEFINITIONAL_REPRESENTATION('',(#10541),#10549);
#10541 = ( BOUNDED_CURVE() B_SPLINE_CURVE(2,(#10542,#10543,#10544,#10545
    ,#10546,#10547,#10548),.UNSPECIFIED.,.T.,.F.) 
B_SPLINE_CURVE_WITH_KNOTS((1,2,2,2,2,1),(-2.094395102393,0.,
    2.094395102393,4.188790204786,6.28318530718,8.377580409573),
.UNSPECIFIED.) CURVE() GEOMETRIC_REPRESENTATION_ITEM() 
RATIONAL_B_SPLINE_CURVE((1.,0.5,1.,0.5,1.,0.5,1.)) REPRESENTATION_ITEM(
  '') );
#10542 = CARTESIAN_POINT('',(-17.5,-25.));
#10543 = CARTESIAN_POINT('',(-17.5,-37.99038105676));
#10544 = CARTESIAN_POINT('',(-28.75,-31.49519052838));
#10545 = CARTESIAN_POINT('',(-40.,-25.));
#10546 = CARTESIAN_POINT('',(-28.75,-18.50480947161));
#10547 = CARTESIAN_POINT('',(-17.5,-12.00961894323));
#10548 = CARTESIAN_POINT('',(-17.5,-25.));
#10549 = ( GEOMETRIC_REPRESENTATION_CONTEXT(2) 
PARAMETRIC_REPRESENTATION_CONTEXT() REPRESENTATION_CONTEXT('2D SPACE',''
  ) );
#10550 = PCURVE('',#10152,#10551);
#10551 = DEFINITIONAL_REPRESENTATION('',(#10552),#10556);
#10552 = LINE('',#10553,#10554);
#10553 = CARTESIAN_POINT('',(-6.28318530718,-78.));
#10554 = VECTOR('',#10555,1.);
#10555 = DIRECTION('',(1.,-0.));
#10556 = ( GEOMETRIC_REPRESENTATION_CONTEXT(2) 
PARAMETRIC_REPRESENTATION_CONTEXT() REPRESENTATION_CONTEXT('2D SPACE',''
  ) );
#10557 = ORIENTED_EDGE('',*,*,#10558,.T.);
#10558 = EDGE_CURVE('',#10531,#10559,#10561,.T.);
#10559 = VERTEX_POINT('',#10560);
#10560 = CARTESIAN_POINT('',(-7.5,-25.,133.));
#10561 = SURFACE_CURVE('',#10562,(#10566,#10573),.PCURVE_S1.);
#10562 = LINE('',#10563,#10564);
#10563 = CARTESIAN_POINT('',(-50.,-25.,133.));
#10564 = VECTOR('',#10565,1.);
#10565 = DIRECTION('',(1.,0.,0.));
#10566 = PCURVE('',#8872,#10567);
#10567 = DEFINITIONAL_REPRESENTATION('',(#10568),#10572);
#10568 = LINE('',#10569,#10570);
#10569 = CARTESIAN_POINT('',(-50.,-25.));
#10570 = VECTOR('',#10571,1.);
#10571 = DIRECTION('',(1.,0.));
#10572 = ( GEOMETRIC_REPRESENTATION_CONTEXT(2) 
PARAMETRIC_REPRESENTATION_CONTEXT() REPRESENTATION_CONTEXT('2D SPACE',''
  ) );
#10573 = PCURVE('',#10574,#10579);
#10574 = PLANE('',#10575);
#10575 = AXIS2_PLACEMENT_3D('',#10576,#10577,#10578);
#10576 = CARTESIAN_POINT('',(-50.,-25.,133.));
#10577 = DIRECTION('',(0.,1.,0.));
#10578 = DIRECTION('',(1.,0.,0.));
#10579 = DEFINITIONAL_REPRESENTATION('',(#10580),#10584);
#10580 = LINE('',#10581,#10582);
#10581 = CARTESIAN_POINT('',(0.,0.));
#10582 = VECTOR('',#10583,1.);
#10583 = DIRECTION('',(1.,0.));
#10584 = ( GEOMETRIC_REPRESENTATION_CONTEXT(2) 
PARAMETRIC_REPRESENTATION_CONTEXT() REPRESENTATION_CONTEXT('2D SPACE',''
  ) );
#10585 = ORIENTED_EDGE('',*,*,#10586,.T.);
#10586 = EDGE_CURVE('',#10559,#10587,#10589,.T.);
#10587 = VERTEX_POINT('',#10588);
#10588 = CARTESIAN_POINT('',(7.5,-25.,133.));
#10589 = SURFACE_CURVE('',#10590,(#10595,#10606),.PCURVE_S1.);
#10590 = CIRCLE('',#10591,7.5);
#10591 = AXIS2_PLACEMENT_3D('',#10592,#10593,#10594);
#10592 = CARTESIAN_POINT('',(0.,-25.,133.));
#10593 = DIRECTION('',(0.,0.,-1.));
#10594 = DIRECTION('',(1.,0.,0.));
#10595 = PCURVE('',#8872,#10596);
#10596 = DEFINITIONAL_REPRESENTATION('',(#10597),#10605);
#10597 = ( BOUNDED_CURVE() B_SPLINE_CURVE(2,(#10598,#10599,#10600,#10601
    ,#10602,#10603,#10604),.UNSPECIFIED.,.T.,.F.) 
B_SPLINE_CURVE_WITH_KNOTS((1,2,2,2,2,1),(-2.094395102393,0.,
    2.094395102393,4.188790204786,6.28318530718,8.377580409573),
.UNSPECIFIED.) CURVE() GEOMETRIC_REPRESENTATION_ITEM() 
RATIONAL_B_SPLINE_CURVE((1.,0.5,1.,0.5,1.,0.5,1.)) REPRESENTATION_ITEM(
  '') );
#10598 = CARTESIAN_POINT('',(7.5,-25.));
#10599 = CARTESIAN_POINT('',(7.5,-37.99038105676));
#10600 = CARTESIAN_POINT('',(-3.75,-31.49519052838));
#10601 = CARTESIAN_POINT('',(-15.,-25.));
#10602 = CARTESIAN_POINT('',(-3.75,-18.50480947161));
#10603 = CARTESIAN_POINT('',(7.5,-12.00961894323));
#10604 = CARTESIAN_POINT('',(7.5,-25.));
#10605 = ( GEOMETRIC_REPRESENTATION_CONTEXT(2) 
PARAMETRIC_REPRESENTATION_CONTEXT() REPRESENTATION_CONTEXT('2D SPACE',''
  ) );
#10606 = PCURVE('',#10187,#10607);
#10607 = DEFINITIONAL_REPRESENTATION('',(#10608),#10612);
#10608 = LINE('',#10609,#10610);
#10609 = CARTESIAN_POINT('',(-6.28318530718,-78.));
#10610 = VECTOR('',#10611,1.);
#10611 = DIRECTION('',(1.,-0.));
#10612 = ( GEOMETRIC_REPRESENTATION_CONTEXT(2) 
PARAMETRIC_REPRESENTATION_CONTEXT() REPRESENTATION_CONTEXT('2D SPACE',''
  ) );
#10613 = ORIENTED_EDGE('',*,*,#10614,.T.);
#10614 = EDGE_CURVE('',#10587,#10615,#10617,.T.);
#10615 = VERTEX_POINT('',#10616);
#10616 = CARTESIAN_POINT('',(17.5,-25.,133.));
#10617 = SURFACE_CURVE('',#10618,(#10622,#10629),.PCURVE_S1.);
#10618 = LINE('',#10619,#10620);
#10619 = CARTESIAN_POINT('',(-50.,-25.,133.));
#10620 = VECTOR('',#10621,1.);
#10621 = DIRECTION('',(1.,0.,0.));
#10622 = PCURVE('',#8872,#10623);
#10623 = DEFINITIONAL_REPRESENTATION('',(#10624),#10628);
#10624 = LINE('',#10625,#10626);
#10625 = CARTESIAN_POINT('',(-50.,-25.));
#10626 = VECTOR('',#10627,1.);
#10627 = DIRECTION('',(1.,0.));
#10628 = ( GEOMETRIC_REPRESENTATION_CONTEXT(2) 
PARAMETRIC_REPRESENTATION_CONTEXT() REPRESENTATION_CONTEXT('2D SPACE',''
  ) );
#10629 = PCURVE('',#10630,#10635);
#10630 = PLANE('',#10631);
#10631 = AXIS2_PLACEMENT_3D('',#10632,#10633,#10634);
#10632 = CARTESIAN_POINT('',(-50.,-25.,133.));
#10633 = DIRECTION('',(0.,1.,0.));
#10634 = DIRECTION('',(1.,0.,0.));
#10635 = DEFINITIONAL_REPRESENTATION('',(#10636),#10640);
#10636 = LINE('',#10637,#10638);
#10637 = CARTESIAN_POINT('',(0.,0.));
#10638 = VECTOR('',#10639,1.);
#10639 = DIRECTION('',(1.,0.));
#10640 = ( GEOMETRIC_REPRESENTATION_CONTEXT(2) 
PARAMETRIC_REPRESENTATION_CONTEXT() REPRESENTATION_CONTEXT('2D SPACE',''
  ) );
#10641 = ORIENTED_EDGE('',*,*,#10642,.T.);
#10642 = EDGE_CURVE('',#10615,#10483,#10643,.T.);
#10643 = SURFACE_CURVE('',#10644,(#10649,#10660),.PCURVE_S1.);
#10644 = CIRCLE('',#10645,7.5);
#10645 = AXIS2_PLACEMENT_3D('',#10646,#10647,#10648);
#10646 = CARTESIAN_POINT('',(25.,-25.,133.));
#10647 = DIRECTION('',(0.,0.,-1.));
#10648 = DIRECTION('',(1.,0.,0.));
#10649 = PCURVE('',#8872,#10650);
#10650 = DEFINITIONAL_REPRESENTATION('',(#10651),#10659);
#10651 = ( BOUNDED_CURVE() B_SPLINE_CURVE(2,(#10652,#10653,#10654,#10655
    ,#10656,#10657,#10658),.UNSPECIFIED.,.T.,.F.) 
B_SPLINE_CURVE_WITH_KNOTS((1,2,2,2,2,1),(-2.094395102393,0.,
    2.094395102393,4.188790204786,6.28318530718,8.377580409573),
.UNSPECIFIED.) CURVE() GEOMETRIC_REPRESENTATION_ITEM() 
RATIONAL_B_SPLINE_CURVE((1.,0.5,1.,0.5,1.,0.5,1.)) REPRESENTATION_ITEM(
  '') );
#10652 = CARTESIAN_POINT('',(32.5,-25.));
#10653 = CARTESIAN_POINT('',(32.5,-37.99038105676));
#10654 = CARTESIAN_POINT('',(21.25,-31.49519052838));
#10655 = CARTESIAN_POINT('',(10.,-25.));
#10656 = CARTESIAN_POINT('',(21.25,-18.50480947161));
#10657 = CARTESIAN_POINT('',(32.5,-12.00961894323));
#10658 = CARTESIAN_POINT('',(32.5,-25.));
#10659 = ( GEOMETRIC_REPRESENTATION_CONTEXT(2) 
PARAMETRIC_REPRESENTATION_CONTEXT() REPRESENTATION_CONTEXT('2D SPACE',''
  ) );
#10660 = PCURVE('',#10222,#10661);
#10661 = DEFINITIONAL_REPRESENTATION('',(#10662),#10666);
#10662 = LINE('',#10663,#10664);
#10663 = CARTESIAN_POINT('',(-6.28318530718,-78.));
#10664 = VECTOR('',#10665,1.);
#10665 = DIRECTION('',(1.,-0.));
#10666 = ( GEOMETRIC_REPRESENTATION_CONTEXT(2) 
PARAMETRIC_REPRESENTATION_CONTEXT() REPRESENTATION_CONTEXT('2D SPACE',''
  ) );
#10667 = FACE_BOUND('',#10668,.T.);
#10668 = EDGE_LOOP('',(#10669));
#10669 = ORIENTED_EDGE('',*,*,#10670,.T.);
#10670 = EDGE_CURVE('',#10671,#10671,#10673,.T.);
#10671 = VERTEX_POINT('',#10672);
#10672 = CARTESIAN_POINT('',(-30.,0.,133.));
#10673 = SURFACE_CURVE('',#10674,(#10679,#10690),.PCURVE_S1.);
#10674 = CIRCLE('',#10675,7.5);
#10675 = AXIS2_PLACEMENT_3D('',#10676,#10677,#10678);
#10676 = CARTESIAN_POINT('',(-37.5,0.,133.));
#10677 = DIRECTION('',(0.,0.,-1.));
#10678 = DIRECTION('',(1.,0.,0.));
#10679 = PCURVE('',#8872,#10680);
#10680 = DEFINITIONAL_REPRESENTATION('',(#10681),#10689);
#10681 = ( BOUNDED_CURVE() B_SPLINE_CURVE(2,(#10682,#10683,#10684,#10685
    ,#10686,#10687,#10688),.UNSPECIFIED.,.T.,.F.) 
B_SPLINE_CURVE_WITH_KNOTS((1,2,2,2,2,1),(-2.094395102393,0.,
    2.094395102393,4.188790204786,6.28318530718,8.377580409573),
.UNSPECIFIED.) CURVE() GEOMETRIC_REPRESENTATION_ITEM() 
RATIONAL_B_SPLINE_CURVE((1.,0.5,1.,0.5,1.,0.5,1.)) REPRESENTATION_ITEM(
  '') );
#10682 = CARTESIAN_POINT('',(-30.,-3.209892110372E-15));
#10683 = CARTESIAN_POINT('',(-30.,-12.99038105676));
#10684 = CARTESIAN_POINT('',(-41.25,-6.495190528383));
#10685 = CARTESIAN_POINT('',(-52.5,-5.046862309093E-15));
#10686 = CARTESIAN_POINT('',(-41.25,6.495190528383));
#10687 = CARTESIAN_POINT('',(-30.,12.990381056767));
#10688 = CARTESIAN_POINT('',(-30.,-3.209892110372E-15));
#10689 = ( GEOMETRIC_REPRESENTATION_CONTEXT(2) 
PARAMETRIC_REPRESENTATION_CONTEXT() REPRESENTATION_CONTEXT('2D SPACE',''
  ) );
#10690 = PCURVE('',#10257,#10691);
#10691 = DEFINITIONAL_REPRESENTATION('',(#10692),#10696);
#10692 = LINE('',#10693,#10694);
#10693 = CARTESIAN_POINT('',(-6.28318530718,-78.));
#10694 = VECTOR('',#10695,1.);
#10695 = DIRECTION('',(1.,-0.));
#10696 = ( GEOMETRIC_REPRESENTATION_CONTEXT(2) 
PARAMETRIC_REPRESENTATION_CONTEXT() REPRESENTATION_CONTEXT('2D SPACE',''
  ) );
#10697 = FACE_BOUND('',#10698,.T.);
#10698 = EDGE_LOOP('',(#10699));
#10699 = ORIENTED_EDGE('',*,*,#10700,.T.);
#10700 = EDGE_CURVE('',#10701,#10701,#10703,.T.);
#10701 = VERTEX_POINT('',#10702);
#10702 = CARTESIAN_POINT('',(-5.,0.,133.));
#10703 = SURFACE_CURVE('',#10704,(#10709,#10720),.PCURVE_S1.);
#10704 = CIRCLE('',#10705,7.5);
#10705 = AXIS2_PLACEMENT_3D('',#10706,#10707,#10708);
#10706 = CARTESIAN_POINT('',(-12.5,0.,133.));
#10707 = DIRECTION('',(0.,0.,-1.));
#10708 = DIRECTION('',(1.,0.,0.));
#10709 = PCURVE('',#8872,#10710);
#10710 = DEFINITIONAL_REPRESENTATION('',(#10711),#10719);
#10711 = ( BOUNDED_CURVE() B_SPLINE_CURVE(2,(#10712,#10713,#10714,#10715
    ,#10716,#10717,#10718),.UNSPECIFIED.,.T.,.F.) 
B_SPLINE_CURVE_WITH_KNOTS((1,2,2,2,2,1),(-2.094395102393,0.,
    2.094395102393,4.188790204786,6.28318530718,8.377580409573),
.UNSPECIFIED.) CURVE() GEOMETRIC_REPRESENTATION_ITEM() 
RATIONAL_B_SPLINE_CURVE((1.,0.5,1.,0.5,1.,0.5,1.)) REPRESENTATION_ITEM(
  '') );
#10712 = CARTESIAN_POINT('',(-5.,-3.209892110372E-15));
#10713 = CARTESIAN_POINT('',(-5.,-12.99038105676));
#10714 = CARTESIAN_POINT('',(-16.25,-6.495190528383));
#10715 = CARTESIAN_POINT('',(-27.5,-5.046862309093E-15));
#10716 = CARTESIAN_POINT('',(-16.25,6.495190528383));
#10717 = CARTESIAN_POINT('',(-5.,12.990381056767));
#10718 = CARTESIAN_POINT('',(-5.,-3.209892110372E-15));
#10719 = ( GEOMETRIC_REPRESENTATION_CONTEXT(2) 
PARAMETRIC_REPRESENTATION_CONTEXT() REPRESENTATION_CONTEXT('2D SPACE',''
  ) );
#10720 = PCURVE('',#10292,#10721);
#10721 = DEFINITIONAL_REPRESENTATION('',(#10722),#10726);
#10722 = LINE('',#10723,#10724);
#10723 = CARTESIAN_POINT('',(-6.28318530718,-78.));
#10724 = VECTOR('',#10725,1.);
#10725 = DIRECTION('',(1.,-0.));
#10726 = ( GEOMETRIC_REPRESENTATION_CONTEXT(2) 
PARAMETRIC_REPRESENTATION_CONTEXT() REPRESENTATION_CONTEXT('2D SPACE',''
  ) );
#10727 = FACE_BOUND('',#10728,.T.);
#10728 = EDGE_LOOP('',(#10729));
#10729 = ORIENTED_EDGE('',*,*,#10730,.T.);
#10730 = EDGE_CURVE('',#10731,#10731,#10733,.T.);
#10731 = VERTEX_POINT('',#10732);
#10732 = CARTESIAN_POINT('',(20.,0.,133.));
#10733 = SURFACE_CURVE('',#10734,(#10739,#10750),.PCURVE_S1.);
#10734 = CIRCLE('',#10735,7.5);
#10735 = AXIS2_PLACEMENT_3D('',#10736,#10737,#10738);
#10736 = CARTESIAN_POINT('',(12.5,0.,133.));
#10737 = DIRECTION('',(0.,0.,-1.));
#10738 = DIRECTION('',(1.,0.,0.));
#10739 = PCURVE('',#8872,#10740);
#10740 = DEFINITIONAL_REPRESENTATION('',(#10741),#10749);
#10741 = ( BOUNDED_CURVE() B_SPLINE_CURVE(2,(#10742,#10743,#10744,#10745
    ,#10746,#10747,#10748),.UNSPECIFIED.,.T.,.F.) 
B_SPLINE_CURVE_WITH_KNOTS((1,2,2,2,2,1),(-2.094395102393,0.,
    2.094395102393,4.188790204786,6.28318530718,8.377580409573),
.UNSPECIFIED.) CURVE() GEOMETRIC_REPRESENTATION_ITEM() 
RATIONAL_B_SPLINE_CURVE((1.,0.5,1.,0.5,1.,0.5,1.)) REPRESENTATION_ITEM(
  '') );
#10742 = CARTESIAN_POINT('',(20.,-3.209892110372E-15));
#10743 = CARTESIAN_POINT('',(20.,-12.99038105676));
#10744 = CARTESIAN_POINT('',(8.75,-6.495190528383));
#10745 = CARTESIAN_POINT('',(-2.5,-5.046862309093E-15));
#10746 = CARTESIAN_POINT('',(8.75,6.495190528383));
#10747 = CARTESIAN_POINT('',(20.,12.990381056767));
#10748 = CARTESIAN_POINT('',(20.,-3.209892110372E-15));
#10749 = ( GEOMETRIC_REPRESENTATION_CONTEXT(2) 
PARAMETRIC_REPRESENTATION_CONTEXT() REPRESENTATION_CONTEXT('2D SPACE',''
  ) );
#10750 = PCURVE('',#10362,#10751);
#10751 = DEFINITIONAL_REPRESENTATION('',(#10752),#10756);
#10752 = LINE('',#10753,#10754);
#10753 = CARTESIAN_POINT('',(-6.28318530718,-78.));
#10754 = VECTOR('',#10755,1.);
#10755 = DIRECTION('',(1.,-0.));
#10756 = ( GEOMETRIC_REPRESENTATION_CONTEXT(2) 
PARAMETRIC_REPRESENTATION_CONTEXT() REPRESENTATION_CONTEXT('2D SPACE',''
  ) );
#10757 = FACE_BOUND('',#10758,.T.);
#10758 = EDGE_LOOP('',(#10759));
#10759 = ORIENTED_EDGE('',*,*,#10760,.T.);
#10760 = EDGE_CURVE('',#10761,#10761,#10763,.T.);
#10761 = VERTEX_POINT('',#10762);
#10762 = CARTESIAN_POINT('',(45.,0.,133.));
#10763 = SURFACE_CURVE('',#10764,(#10769,#10780),.PCURVE_S1.);
#10764 = CIRCLE('',#10765,7.5);
#10765 = AXIS2_PLACEMENT_3D('',#10766,#10767,#10768);
#10766 = CARTESIAN_POINT('',(37.5,0.,133.));
#10767 = DIRECTION('',(0.,0.,-1.));
#10768 = DIRECTION('',(1.,0.,0.));
#10769 = PCURVE('',#8872,#10770);
#10770 = DEFINITIONAL_REPRESENTATION('',(#10771),#10779);
#10771 = ( BOUNDED_CURVE() B_SPLINE_CURVE(2,(#10772,#10773,#10774,#10775
    ,#10776,#10777,#10778),.UNSPECIFIED.,.T.,.F.) 
B_SPLINE_CURVE_WITH_KNOTS((1,2,2,2,2,1),(-2.094395102393,0.,
    2.094395102393,4.188790204786,6.28318530718,8.377580409573),
.UNSPECIFIED.) CURVE() GEOMETRIC_REPRESENTATION_ITEM() 
RATIONAL_B_SPLINE_CURVE((1.,0.5,1.,0.5,1.,0.5,1.)) REPRESENTATION_ITEM(
  '') );
#10772 = CARTESIAN_POINT('',(45.,-3.209892110372E-15));
#10773 = CARTESIAN_POINT('',(45.,-12.99038105676));
#10774 = CARTESIAN_POINT('',(33.75,-6.495190528383));
#10775 = CARTESIAN_POINT('',(22.5,-5.046862309093E-15));
#10776 = CARTESIAN_POINT('',(33.75,6.495190528383));
#10777 = CARTESIAN_POINT('',(45.,12.990381056767));
#10778 = CARTESIAN_POINT('',(45.,-3.209892110372E-15));
#10779 = ( GEOMETRIC_REPRESENTATION_CONTEXT(2) 
PARAMETRIC_REPRESENTATION_CONTEXT() REPRESENTATION_CONTEXT('2D SPACE',''
  ) );
#10780 = PCURVE('',#10397,#10781);
#10781 = DEFINITIONAL_REPRESENTATION('',(#10782),#10786);
#10782 = LINE('',#10783,#10784);
#10783 = CARTESIAN_POINT('',(-6.28318530718,-78.));
#10784 = VECTOR('',#10785,1.);
#10785 = DIRECTION('',(1.,-0.));
#10786 = ( GEOMETRIC_REPRESENTATION_CONTEXT(2) 
PARAMETRIC_REPRESENTATION_CONTEXT() REPRESENTATION_CONTEXT('2D SPACE',''
  ) );
#10787 = FACE_BOUND('',#10788,.T.);
#10788 = EDGE_LOOP('',(#10789));
#10789 = ORIENTED_EDGE('',*,*,#10790,.T.);
#10790 = EDGE_CURVE('',#10791,#10791,#10793,.T.);
#10791 = VERTEX_POINT('',#10792);
#10792 = CARTESIAN_POINT('',(-17.5,25.,133.));
#10793 = SURFACE_CURVE('',#10794,(#10799,#10810),.PCURVE_S1.);
#10794 = CIRCLE('',#10795,7.5);
#10795 = AXIS2_PLACEMENT_3D('',#10796,#10797,#10798);
#10796 = CARTESIAN_POINT('',(-25.,25.,133.));
#10797 = DIRECTION('',(0.,0.,-1.));
#10798 = DIRECTION('',(1.,0.,0.));
#10799 = PCURVE('',#8872,#10800);
#10800 = DEFINITIONAL_REPRESENTATION('',(#10801),#10809);
#10801 = ( BOUNDED_CURVE() B_SPLINE_CURVE(2,(#10802,#10803,#10804,#10805
    ,#10806,#10807,#10808),.UNSPECIFIED.,.T.,.F.) 
B_SPLINE_CURVE_WITH_KNOTS((1,2,2,2,2,1),(-2.094395102393,0.,
    2.094395102393,4.188790204786,6.28318530718,8.377580409573),
.UNSPECIFIED.) CURVE() GEOMETRIC_REPRESENTATION_ITEM() 
RATIONAL_B_SPLINE_CURVE((1.,0.5,1.,0.5,1.,0.5,1.)) REPRESENTATION_ITEM(
  '') );
#10802 = CARTESIAN_POINT('',(-17.5,25.));
#10803 = CARTESIAN_POINT('',(-17.5,12.009618943233));
#10804 = CARTESIAN_POINT('',(-28.75,18.504809471617));
#10805 = CARTESIAN_POINT('',(-40.,25.));
#10806 = CARTESIAN_POINT('',(-28.75,31.495190528383));
#10807 = CARTESIAN_POINT('',(-17.5,37.990381056767));
#10808 = CARTESIAN_POINT('',(-17.5,25.));
#10809 = ( GEOMETRIC_REPRESENTATION_CONTEXT(2) 
PARAMETRIC_REPRESENTATION_CONTEXT() REPRESENTATION_CONTEXT('2D SPACE',''
  ) );
#10810 = PCURVE('',#10327,#10811);
#10811 = DEFINITIONAL_REPRESENTATION('',(#10812),#10816);
#10812 = LINE('',#10813,#10814);
#10813 = CARTESIAN_POINT('',(-6.28318530718,-78.));
#10814 = VECTOR('',#10815,1.);
#10815 = DIRECTION('',(1.,-0.));
#10816 = ( GEOMETRIC_REPRESENTATION_CONTEXT(2) 
PARAMETRIC_REPRESENTATION_CONTEXT() REPRESENTATION_CONTEXT('2D SPACE',''
  ) );
#10817 = FACE_BOUND('',#10818,.T.);
#10818 = EDGE_LOOP('',(#10819));
#10819 = ORIENTED_EDGE('',*,*,#10820,.T.);
#10820 = EDGE_CURVE('',#10821,#10821,#10823,.T.);
#10821 = VERTEX_POINT('',#10822);
#10822 = CARTESIAN_POINT('',(7.5,25.,133.));
#10823 = SURFACE_CURVE('',#10824,(#10829,#10840),.PCURVE_S1.);
#10824 = CIRCLE('',#10825,7.5);
#10825 = AXIS2_PLACEMENT_3D('',#10826,#10827,#10828);
#10826 = CARTESIAN_POINT('',(0.,25.,133.));
#10827 = DIRECTION('',(0.,0.,-1.));
#10828 = DIRECTION('',(1.,0.,0.));
#10829 = PCURVE('',#8872,#10830);
#10830 = DEFINITIONAL_REPRESENTATION('',(#10831),#10839);
#10831 = ( BOUNDED_CURVE() B_SPLINE_CURVE(2,(#10832,#10833,#10834,#10835
    ,#10836,#10837,#10838),.UNSPECIFIED.,.T.,.F.) 
B_SPLINE_CURVE_WITH_KNOTS((1,2,2,2,2,1),(-2.094395102393,0.,
    2.094395102393,4.188790204786,6.28318530718,8.377580409573),
.UNSPECIFIED.) CURVE() GEOMETRIC_REPRESENTATION_ITEM() 
RATIONAL_B_SPLINE_CURVE((1.,0.5,1.,0.5,1.,0.5,1.)) REPRESENTATION_ITEM(
  '') );
#10832 = CARTESIAN_POINT('',(7.5,25.));
#10833 = CARTESIAN_POINT('',(7.5,12.009618943233));
#10834 = CARTESIAN_POINT('',(-3.75,18.504809471617));
#10835 = CARTESIAN_POINT('',(-15.,25.));
#10836 = CARTESIAN_POINT('',(-3.75,31.495190528383));
#10837 = CARTESIAN_POINT('',(7.5,37.990381056767));
#10838 = CARTESIAN_POINT('',(7.5,25.));
#10839 = ( GEOMETRIC_REPRESENTATION_CONTEXT(2) 
PARAMETRIC_REPRESENTATION_CONTEXT() REPRESENTATION_CONTEXT('2D SPACE',''
  ) );
#10840 = PCURVE('',#10432,#10841);
#10841 = DEFINITIONAL_REPRESENTATION('',(#10842),#10846);
#10842 = LINE('',#10843,#10844);
#10843 = CARTESIAN_POINT('',(-6.28318530718,-78.));
#10844 = VECTOR('',#10845,1.);
#10845 = DIRECTION('',(1.,-0.));
#10846 = ( GEOMETRIC_REPRESENTATION_CONTEXT(2) 
PARAMETRIC_REPRESENTATION_CONTEXT() REPRESENTATION_CONTEXT('2D SPACE',''
  ) );
#10847 = FACE_BOUND('',#10848,.T.);
#10848 = EDGE_LOOP('',(#10849));
#10849 = ORIENTED_EDGE('',*,*,#10850,.T.);
#10850 = EDGE_CURVE('',#10851,#10851,#10853,.T.);
#10851 = VERTEX_POINT('',#10852);
#10852 = CARTESIAN_POINT('',(32.5,25.,133.));
#10853 = SURFACE_CURVE('',#10854,(#10859,#10870),.PCURVE_S1.);
#10854 = CIRCLE('',#10855,7.5);
#10855 = AXIS2_PLACEMENT_3D('',#10856,#10857,#10858);
#10856 = CARTESIAN_POINT('',(25.,25.,133.));
#10857 = DIRECTION('',(0.,0.,-1.));
#10858 = DIRECTION('',(1.,0.,0.));
#10859 = PCURVE('',#8872,#10860);
#10860 = DEFINITIONAL_REPRESENTATION('',(#10861),#10869);
#10861 = ( BOUNDED_CURVE() B_SPLINE_CURVE(2,(#10862,#10863,#10864,#10865
    ,#10866,#10867,#10868),.UNSPECIFIED.,.T.,.F.) 
B_SPLINE_CURVE_WITH_KNOTS((1,2,2,2,2,1),(-2.094395102393,0.,
    2.094395102393,4.188790204786,6.28318530718,8.377580409573),
.UNSPECIFIED.) CURVE() GEOMETRIC_REPRESENTATION_ITEM() 
RATIONAL_B_SPLINE_CURVE((1.,0.5,1.,0.5,1.,0.5,1.)) REPRESENTATION_ITEM(
  '') );
#10862 = CARTESIAN_POINT('',(32.5,25.));
#10863 = CARTESIAN_POINT('',(32.5,12.009618943233));
#10864 = CARTESIAN_POINT('',(21.25,18.504809471617));
#10865 = CARTESIAN_POINT('',(10.,25.));
#10866 = CARTESIAN_POINT('',(21.25,31.495190528383));
#10867 = CARTESIAN_POINT('',(32.5,37.990381056767));
#10868 = CARTESIAN_POINT('',(32.5,25.));
#10869 = ( GEOMETRIC_REPRESENTATION_CONTEXT(2) 
PARAMETRIC_REPRESENTATION_CONTEXT() REPRESENTATION_CONTEXT('2D SPACE',''
  ) );
#10870 = PCURVE('',#10467,#10871);
#10871 = DEFINITIONAL_REPRESENTATION('',(#10872),#10876);
#10872 = LINE('',#10873,#10874);
#10873 = CARTESIAN_POINT('',(-6.28318530718,-78.));
#10874 = VECTOR('',#10875,1.);
#10875 = DIRECTION('',(1.,-0.));
#10876 = ( GEOMETRIC_REPRESENTATION_CONTEXT(2) 
PARAMETRIC_REPRESENTATION_CONTEXT() REPRESENTATION_CONTEXT('2D SPACE',''
  ) );
#10877 = ADVANCED_FACE('',(#10878),#9616,.T.);
#10878 = FACE_BOUND('',#10879,.T.);
#10879 = EDGE_LOOP('',(#10880,#10881,#10903,#10924));
#10880 = ORIENTED_EDGE('',*,*,#10482,.F.);
#10881 = ORIENTED_EDGE('',*,*,#10882,.T.);
#10882 = EDGE_CURVE('',#10483,#10883,#10885,.T.);
#10883 = VERTEX_POINT('',#10884);
#10884 = CARTESIAN_POINT('',(32.5,-25.,143.));
#10885 = SURFACE_CURVE('',#10886,(#10890,#10897),.PCURVE_S1.);
#10886 = LINE('',#10887,#10888);
#10887 = CARTESIAN_POINT('',(32.5,-25.,55.));
#10888 = VECTOR('',#10889,1.);
#10889 = DIRECTION('',(0.,0.,1.));
#10890 = PCURVE('',#9616,#10891);
#10891 = DEFINITIONAL_REPRESENTATION('',(#10892),#10896);
#10892 = LINE('',#10893,#10894);
#10893 = CARTESIAN_POINT('',(82.5,78.));
#10894 = VECTOR('',#10895,1.);
#10895 = DIRECTION('',(0.,-1.));
#10896 = ( GEOMETRIC_REPRESENTATION_CONTEXT(2) 
PARAMETRIC_REPRESENTATION_CONTEXT() REPRESENTATION_CONTEXT('2D SPACE',''
  ) );
#10897 = PCURVE('',#10222,#10898);
#10898 = DEFINITIONAL_REPRESENTATION('',(#10899),#10902);
#10899 = B_SPLINE_CURVE_WITH_KNOTS('',1,(#10900,#10901),.UNSPECIFIED.,
  .F.,.F.,(2,2),(78.,88.),.PIECEWISE_BEZIER_KNOTS.);
#10900 = CARTESIAN_POINT('',(-6.28318530718,-78.));
#10901 = CARTESIAN_POINT('',(-6.28318530718,-88.));
#10902 = ( GEOMETRIC_REPRESENTATION_CONTEXT(2) 
PARAMETRIC_REPRESENTATION_CONTEXT() REPRESENTATION_CONTEXT('2D SPACE',''
  ) );
#10903 = ORIENTED_EDGE('',*,*,#10904,.T.);
#10904 = EDGE_CURVE('',#10883,#9573,#10905,.T.);
#10905 = SURFACE_CURVE('',#10906,(#10910,#10917),.PCURVE_S1.);
#10906 = LINE('',#10907,#10908);
#10907 = CARTESIAN_POINT('',(-50.,-25.,143.));
#10908 = VECTOR('',#10909,1.);
#10909 = DIRECTION('',(1.,0.,0.));
#10910 = PCURVE('',#9616,#10911);
#10911 = DEFINITIONAL_REPRESENTATION('',(#10912),#10916);
#10912 = LINE('',#10913,#10914);
#10913 = CARTESIAN_POINT('',(0.,-10.));
#10914 = VECTOR('',#10915,1.);
#10915 = DIRECTION('',(1.,0.));
#10916 = ( GEOMETRIC_REPRESENTATION_CONTEXT(2) 
PARAMETRIC_REPRESENTATION_CONTEXT() REPRESENTATION_CONTEXT('2D SPACE',''
  ) );
#10917 = PCURVE('',#8929,#10918);
#10918 = DEFINITIONAL_REPRESENTATION('',(#10919),#10923);
#10919 = LINE('',#10920,#10921);
#10920 = CARTESIAN_POINT('',(-50.,-25.));
#10921 = VECTOR('',#10922,1.);
#10922 = DIRECTION('',(1.,0.));
#10923 = ( GEOMETRIC_REPRESENTATION_CONTEXT(2) 
PARAMETRIC_REPRESENTATION_CONTEXT() REPRESENTATION_CONTEXT('2D SPACE',''
  ) );
#10924 = ORIENTED_EDGE('',*,*,#9600,.T.);
#10925 = ADVANCED_FACE('',(#10926,#11082,#11117,#11152,#11187,#11222,
    #11257,#11292),#8929,.F.);
#10926 = FACE_BOUND('',#10927,.F.);
#10927 = EDGE_LOOP('',(#10928,#10956,#10957,#10958,#10959,#10982,#11010,
    #11033,#11061));
#10928 = ORIENTED_EDGE('',*,*,#10929,.T.);
#10929 = EDGE_CURVE('',#10930,#10883,#10932,.T.);
#10930 = VERTEX_POINT('',#10931);
#10931 = CARTESIAN_POINT('',(17.5,-25.,143.));
#10932 = SURFACE_CURVE('',#10933,(#10938,#10949),.PCURVE_S1.);
#10933 = CIRCLE('',#10934,7.5);
#10934 = AXIS2_PLACEMENT_3D('',#10935,#10936,#10937);
#10935 = CARTESIAN_POINT('',(25.,-25.,143.));
#10936 = DIRECTION('',(0.,0.,-1.));
#10937 = DIRECTION('',(1.,0.,0.));
#10938 = PCURVE('',#8929,#10939);
#10939 = DEFINITIONAL_REPRESENTATION('',(#10940),#10948);
#10940 = ( BOUNDED_CURVE() B_SPLINE_CURVE(2,(#10941,#10942,#10943,#10944
    ,#10945,#10946,#10947),.UNSPECIFIED.,.T.,.F.) 
B_SPLINE_CURVE_WITH_KNOTS((1,2,2,2,2,1),(-2.094395102393,0.,
    2.094395102393,4.188790204786,6.28318530718,8.377580409573),
.UNSPECIFIED.) CURVE() GEOMETRIC_REPRESENTATION_ITEM() 
RATIONAL_B_SPLINE_CURVE((1.,0.5,1.,0.5,1.,0.5,1.)) REPRESENTATION_ITEM(
  '') );
#10941 = CARTESIAN_POINT('',(32.5,-25.));
#10942 = CARTESIAN_POINT('',(32.5,-37.99038105676));
#10943 = CARTESIAN_POINT('',(21.25,-31.49519052838));
#10944 = CARTESIAN_POINT('',(10.,-25.));
#10945 = CARTESIAN_POINT('',(21.25,-18.50480947161));
#10946 = CARTESIAN_POINT('',(32.5,-12.00961894323));
#10947 = CARTESIAN_POINT('',(32.5,-25.));
#10948 = ( GEOMETRIC_REPRESENTATION_CONTEXT(2) 
PARAMETRIC_REPRESENTATION_CONTEXT() REPRESENTATION_CONTEXT('2D SPACE',''
  ) );
#10949 = PCURVE('',#10222,#10950);
#10950 = DEFINITIONAL_REPRESENTATION('',(#10951),#10955);
#10951 = LINE('',#10952,#10953);
#10952 = CARTESIAN_POINT('',(-6.28318530718,-88.));
#10953 = VECTOR('',#10954,1.);
#10954 = DIRECTION('',(1.,-0.));
#10955 = ( GEOMETRIC_REPRESENTATION_CONTEXT(2) 
PARAMETRIC_REPRESENTATION_CONTEXT() REPRESENTATION_CONTEXT('2D SPACE',''
  ) );
#10956 = ORIENTED_EDGE('',*,*,#10904,.T.);
#10957 = ORIENTED_EDGE('',*,*,#9572,.F.);
#10958 = ORIENTED_EDGE('',*,*,#8912,.F.);
#10959 = ORIENTED_EDGE('',*,*,#10960,.T.);
#10960 = EDGE_CURVE('',#8885,#10961,#10963,.T.);
#10961 = VERTEX_POINT('',#10962);
#10962 = CARTESIAN_POINT('',(-32.5,-25.,143.));
#10963 = SURFACE_CURVE('',#10964,(#10968,#10975),.PCURVE_S1.);
#10964 = LINE('',#10965,#10966);
#10965 = CARTESIAN_POINT('',(-50.,-25.,143.));
#10966 = VECTOR('',#10967,1.);
#10967 = DIRECTION('',(1.,0.,0.));
#10968 = PCURVE('',#8929,#10969);
#10969 = DEFINITIONAL_REPRESENTATION('',(#10970),#10974);
#10970 = LINE('',#10971,#10972);
#10971 = CARTESIAN_POINT('',(-50.,-25.));
#10972 = VECTOR('',#10973,1.);
#10973 = DIRECTION('',(1.,0.));
#10974 = ( GEOMETRIC_REPRESENTATION_CONTEXT(2) 
PARAMETRIC_REPRESENTATION_CONTEXT() REPRESENTATION_CONTEXT('2D SPACE',''
  ) );
#10975 = PCURVE('',#8900,#10976);
#10976 = DEFINITIONAL_REPRESENTATION('',(#10977),#10981);
#10977 = LINE('',#10978,#10979);
#10978 = CARTESIAN_POINT('',(0.,-10.));
#10979 = VECTOR('',#10980,1.);
#10980 = DIRECTION('',(1.,0.));
#10981 = ( GEOMETRIC_REPRESENTATION_CONTEXT(2) 
PARAMETRIC_REPRESENTATION_CONTEXT() REPRESENTATION_CONTEXT('2D SPACE',''
  ) );
#10982 = ORIENTED_EDGE('',*,*,#10983,.T.);
#10983 = EDGE_CURVE('',#10961,#10984,#10986,.T.);
#10984 = VERTEX_POINT('',#10985);
#10985 = CARTESIAN_POINT('',(-17.5,-25.,143.));
#10986 = SURFACE_CURVE('',#10987,(#10992,#11003),.PCURVE_S1.);
#10987 = CIRCLE('',#10988,7.5);
#10988 = AXIS2_PLACEMENT_3D('',#10989,#10990,#10991);
#10989 = CARTESIAN_POINT('',(-25.,-25.,143.));
#10990 = DIRECTION('',(0.,0.,-1.));
#10991 = DIRECTION('',(1.,0.,0.));
#10992 = PCURVE('',#8929,#10993);
#10993 = DEFINITIONAL_REPRESENTATION('',(#10994),#11002);
#10994 = ( BOUNDED_CURVE() B_SPLINE_CURVE(2,(#10995,#10996,#10997,#10998
    ,#10999,#11000,#11001),.UNSPECIFIED.,.T.,.F.) 
B_SPLINE_CURVE_WITH_KNOTS((1,2,2,2,2,1),(-2.094395102393,0.,
    2.094395102393,4.188790204786,6.28318530718,8.377580409573),
.UNSPECIFIED.) CURVE() GEOMETRIC_REPRESENTATION_ITEM() 
RATIONAL_B_SPLINE_CURVE((1.,0.5,1.,0.5,1.,0.5,1.)) REPRESENTATION_ITEM(
  '') );
#10995 = CARTESIAN_POINT('',(-17.5,-25.));
#10996 = CARTESIAN_POINT('',(-17.5,-37.99038105676));
#10997 = CARTESIAN_POINT('',(-28.75,-31.49519052838));
#10998 = CARTESIAN_POINT('',(-40.,-25.));
#10999 = CARTESIAN_POINT('',(-28.75,-18.50480947161));
#11000 = CARTESIAN_POINT('',(-17.5,-12.00961894323));
#11001 = CARTESIAN_POINT('',(-17.5,-25.));
#11002 = ( GEOMETRIC_REPRESENTATION_CONTEXT(2) 
PARAMETRIC_REPRESENTATION_CONTEXT() REPRESENTATION_CONTEXT('2D SPACE',''
  ) );
#11003 = PCURVE('',#10152,#11004);
#11004 = DEFINITIONAL_REPRESENTATION('',(#11005),#11009);
#11005 = LINE('',#11006,#11007);
#11006 = CARTESIAN_POINT('',(-6.28318530718,-88.));
#11007 = VECTOR('',#11008,1.);
#11008 = DIRECTION('',(1.,-0.));
#11009 = ( GEOMETRIC_REPRESENTATION_CONTEXT(2) 
PARAMETRIC_REPRESENTATION_CONTEXT() REPRESENTATION_CONTEXT('2D SPACE',''
  ) );
#11010 = ORIENTED_EDGE('',*,*,#11011,.T.);
#11011 = EDGE_CURVE('',#10984,#11012,#11014,.T.);
#11012 = VERTEX_POINT('',#11013);
#11013 = CARTESIAN_POINT('',(-7.5,-25.,143.));
#11014 = SURFACE_CURVE('',#11015,(#11019,#11026),.PCURVE_S1.);
#11015 = LINE('',#11016,#11017);
#11016 = CARTESIAN_POINT('',(-50.,-25.,143.));
#11017 = VECTOR('',#11018,1.);
#11018 = DIRECTION('',(1.,0.,0.));
#11019 = PCURVE('',#8929,#11020);
#11020 = DEFINITIONAL_REPRESENTATION('',(#11021),#11025);
#11021 = LINE('',#11022,#11023);
#11022 = CARTESIAN_POINT('',(-50.,-25.));
#11023 = VECTOR('',#11024,1.);
#11024 = DIRECTION('',(1.,0.));
#11025 = ( GEOMETRIC_REPRESENTATION_CONTEXT(2) 
PARAMETRIC_REPRESENTATION_CONTEXT() REPRESENTATION_CONTEXT('2D SPACE',''
  ) );
#11026 = PCURVE('',#10574,#11027);
#11027 = DEFINITIONAL_REPRESENTATION('',(#11028),#11032);
#11028 = LINE('',#11029,#11030);
#11029 = CARTESIAN_POINT('',(0.,-10.));
#11030 = VECTOR('',#11031,1.);
#11031 = DIRECTION('',(1.,0.));
#11032 = ( GEOMETRIC_REPRESENTATION_CONTEXT(2) 
PARAMETRIC_REPRESENTATION_CONTEXT() REPRESENTATION_CONTEXT('2D SPACE',''
  ) );
#11033 = ORIENTED_EDGE('',*,*,#11034,.T.);
#11034 = EDGE_CURVE('',#11012,#11035,#11037,.T.);
#11035 = VERTEX_POINT('',#11036);
#11036 = CARTESIAN_POINT('',(7.5,-25.,143.));
#11037 = SURFACE_CURVE('',#11038,(#11043,#11054),.PCURVE_S1.);
#11038 = CIRCLE('',#11039,7.5);
#11039 = AXIS2_PLACEMENT_3D('',#11040,#11041,#11042);
#11040 = CARTESIAN_POINT('',(0.,-25.,143.));
#11041 = DIRECTION('',(0.,0.,-1.));
#11042 = DIRECTION('',(1.,0.,0.));
#11043 = PCURVE('',#8929,#11044);
#11044 = DEFINITIONAL_REPRESENTATION('',(#11045),#11053);
#11045 = ( BOUNDED_CURVE() B_SPLINE_CURVE(2,(#11046,#11047,#11048,#11049
    ,#11050,#11051,#11052),.UNSPECIFIED.,.T.,.F.) 
B_SPLINE_CURVE_WITH_KNOTS((1,2,2,2,2,1),(-2.094395102393,0.,
    2.094395102393,4.188790204786,6.28318530718,8.377580409573),
.UNSPECIFIED.) CURVE() GEOMETRIC_REPRESENTATION_ITEM() 
RATIONAL_B_SPLINE_CURVE((1.,0.5,1.,0.5,1.,0.5,1.)) REPRESENTATION_ITEM(
  '') );
#11046 = CARTESIAN_POINT('',(7.5,-25.));
#11047 = CARTESIAN_POINT('',(7.5,-37.99038105676));
#11048 = CARTESIAN_POINT('',(-3.75,-31.49519052838));
#11049 = CARTESIAN_POINT('',(-15.,-25.));
#11050 = CARTESIAN_POINT('',(-3.75,-18.50480947161));
#11051 = CARTESIAN_POINT('',(7.5,-12.00961894323));
#11052 = CARTESIAN_POINT('',(7.5,-25.));
#11053 = ( GEOMETRIC_REPRESENTATION_CONTEXT(2) 
PARAMETRIC_REPRESENTATION_CONTEXT() REPRESENTATION_CONTEXT('2D SPACE',''
  ) );
#11054 = PCURVE('',#10187,#11055);
#11055 = DEFINITIONAL_REPRESENTATION('',(#11056),#11060);
#11056 = LINE('',#11057,#11058);
#11057 = CARTESIAN_POINT('',(-6.28318530718,-88.));
#11058 = VECTOR('',#11059,1.);
#11059 = DIRECTION('',(1.,-0.));
#11060 = ( GEOMETRIC_REPRESENTATION_CONTEXT(2) 
PARAMETRIC_REPRESENTATION_CONTEXT() REPRESENTATION_CONTEXT('2D SPACE',''
  ) );
#11061 = ORIENTED_EDGE('',*,*,#11062,.T.);
#11062 = EDGE_CURVE('',#11035,#10930,#11063,.T.);
#11063 = SURFACE_CURVE('',#11064,(#11068,#11075),.PCURVE_S1.);
#11064 = LINE('',#11065,#11066);
#11065 = CARTESIAN_POINT('',(-50.,-25.,143.));
#11066 = VECTOR('',#11067,1.);
#11067 = DIRECTION('',(1.,0.,0.));
#11068 = PCURVE('',#8929,#11069);
#11069 = DEFINITIONAL_REPRESENTATION('',(#11070),#11074);
#11070 = LINE('',#11071,#11072);
#11071 = CARTESIAN_POINT('',(-50.,-25.));
#11072 = VECTOR('',#11073,1.);
#11073 = DIRECTION('',(1.,0.));
#11074 = ( GEOMETRIC_REPRESENTATION_CONTEXT(2) 
PARAMETRIC_REPRESENTATION_CONTEXT() REPRESENTATION_CONTEXT('2D SPACE',''
  ) );
#11075 = PCURVE('',#10630,#11076);
#11076 = DEFINITIONAL_REPRESENTATION('',(#11077),#11081);
#11077 = LINE('',#11078,#11079);
#11078 = CARTESIAN_POINT('',(0.,-10.));
#11079 = VECTOR('',#11080,1.);
#11080 = DIRECTION('',(1.,0.));
#11081 = ( GEOMETRIC_REPRESENTATION_CONTEXT(2) 
PARAMETRIC_REPRESENTATION_CONTEXT() REPRESENTATION_CONTEXT('2D SPACE',''
  ) );
#11082 = FACE_BOUND('',#11083,.F.);
#11083 = EDGE_LOOP('',(#11084));
#11084 = ORIENTED_EDGE('',*,*,#11085,.T.);
#11085 = EDGE_CURVE('',#11086,#11086,#11088,.T.);
#11086 = VERTEX_POINT('',#11087);
#11087 = CARTESIAN_POINT('',(-30.,0.,143.));
#11088 = SURFACE_CURVE('',#11089,(#11094,#11105),.PCURVE_S1.);
#11089 = CIRCLE('',#11090,7.5);
#11090 = AXIS2_PLACEMENT_3D('',#11091,#11092,#11093);
#11091 = CARTESIAN_POINT('',(-37.5,0.,143.));
#11092 = DIRECTION('',(0.,0.,-1.));
#11093 = DIRECTION('',(1.,0.,0.));
#11094 = PCURVE('',#8929,#11095);
#11095 = DEFINITIONAL_REPRESENTATION('',(#11096),#11104);
#11096 = ( BOUNDED_CURVE() B_SPLINE_CURVE(2,(#11097,#11098,#11099,#11100
    ,#11101,#11102,#11103),.UNSPECIFIED.,.T.,.F.) 
B_SPLINE_CURVE_WITH_KNOTS((1,2,2,2,2,1),(-2.094395102393,0.,
    2.094395102393,4.188790204786,6.28318530718,8.377580409573),
.UNSPECIFIED.) CURVE() GEOMETRIC_REPRESENTATION_ITEM() 
RATIONAL_B_SPLINE_CURVE((1.,0.5,1.,0.5,1.,0.5,1.)) REPRESENTATION_ITEM(
  '') );
#11097 = CARTESIAN_POINT('',(-30.,-3.209892110372E-15));
#11098 = CARTESIAN_POINT('',(-30.,-12.99038105676));
#11099 = CARTESIAN_POINT('',(-41.25,-6.495190528383));
#11100 = CARTESIAN_POINT('',(-52.5,-5.046862309093E-15));
#11101 = CARTESIAN_POINT('',(-41.25,6.495190528383));
#11102 = CARTESIAN_POINT('',(-30.,12.990381056767));
#11103 = CARTESIAN_POINT('',(-30.,-3.209892110372E-15));
#11104 = ( GEOMETRIC_REPRESENTATION_CONTEXT(2) 
PARAMETRIC_REPRESENTATION_CONTEXT() REPRESENTATION_CONTEXT('2D SPACE',''
  ) );
#11105 = PCURVE('',#11106,#11111);
#11106 = CYLINDRICAL_SURFACE('',#11107,7.5);
#11107 = AXIS2_PLACEMENT_3D('',#11108,#11109,#11110);
#11108 = CARTESIAN_POINT('',(-37.5,0.,55.));
#11109 = DIRECTION('',(-0.,-0.,-1.));
#11110 = DIRECTION('',(1.,0.,0.));
#11111 = DEFINITIONAL_REPRESENTATION('',(#11112),#11116);
#11112 = LINE('',#11113,#11114);
#11113 = CARTESIAN_POINT('',(-6.28318530718,-88.));
#11114 = VECTOR('',#11115,1.);
#11115 = DIRECTION('',(1.,-0.));
#11116 = ( GEOMETRIC_REPRESENTATION_CONTEXT(2) 
PARAMETRIC_REPRESENTATION_CONTEXT() REPRESENTATION_CONTEXT('2D SPACE',''
  ) );
#11117 = FACE_BOUND('',#11118,.F.);
#11118 = EDGE_LOOP('',(#11119));
#11119 = ORIENTED_EDGE('',*,*,#11120,.T.);
#11120 = EDGE_CURVE('',#11121,#11121,#11123,.T.);
#11121 = VERTEX_POINT('',#11122);
#11122 = CARTESIAN_POINT('',(-5.,0.,143.));
#11123 = SURFACE_CURVE('',#11124,(#11129,#11140),.PCURVE_S1.);
#11124 = CIRCLE('',#11125,7.5);
#11125 = AXIS2_PLACEMENT_3D('',#11126,#11127,#11128);
#11126 = CARTESIAN_POINT('',(-12.5,0.,143.));
#11127 = DIRECTION('',(0.,0.,-1.));
#11128 = DIRECTION('',(1.,0.,0.));
#11129 = PCURVE('',#8929,#11130);
#11130 = DEFINITIONAL_REPRESENTATION('',(#11131),#11139);
#11131 = ( BOUNDED_CURVE() B_SPLINE_CURVE(2,(#11132,#11133,#11134,#11135
    ,#11136,#11137,#11138),.UNSPECIFIED.,.T.,.F.) 
B_SPLINE_CURVE_WITH_KNOTS((1,2,2,2,2,1),(-2.094395102393,0.,
    2.094395102393,4.188790204786,6.28318530718,8.377580409573),
.UNSPECIFIED.) CURVE() GEOMETRIC_REPRESENTATION_ITEM() 
RATIONAL_B_SPLINE_CURVE((1.,0.5,1.,0.5,1.,0.5,1.)) REPRESENTATION_ITEM(
  '') );
#11132 = CARTESIAN_POINT('',(-5.,-3.209892110372E-15));
#11133 = CARTESIAN_POINT('',(-5.,-12.99038105676));
#11134 = CARTESIAN_POINT('',(-16.25,-6.495190528383));
#11135 = CARTESIAN_POINT('',(-27.5,-5.046862309093E-15));
#11136 = CARTESIAN_POINT('',(-16.25,6.495190528383));
#11137 = CARTESIAN_POINT('',(-5.,12.990381056767));
#11138 = CARTESIAN_POINT('',(-5.,-3.209892110372E-15));
#11139 = ( GEOMETRIC_REPRESENTATION_CONTEXT(2) 
PARAMETRIC_REPRESENTATION_CONTEXT() REPRESENTATION_CONTEXT('2D SPACE',''
  ) );
#11140 = PCURVE('',#11141,#11146);
#11141 = CYLINDRICAL_SURFACE('',#11142,7.5);
#11142 = AXIS2_PLACEMENT_3D('',#11143,#11144,#11145);
#11143 = CARTESIAN_POINT('',(-12.5,0.,55.));
#11144 = DIRECTION('',(-0.,-0.,-1.));
#11145 = DIRECTION('',(1.,0.,0.));
#11146 = DEFINITIONAL_REPRESENTATION('',(#11147),#11151);
#11147 = LINE('',#11148,#11149);
#11148 = CARTESIAN_POINT('',(-6.28318530718,-88.));
#11149 = VECTOR('',#11150,1.);
#11150 = DIRECTION('',(1.,-0.));
#11151 = ( GEOMETRIC_REPRESENTATION_CONTEXT(2) 
PARAMETRIC_REPRESENTATION_CONTEXT() REPRESENTATION_CONTEXT('2D SPACE',''
  ) );
#11152 = FACE_BOUND('',#11153,.F.);
#11153 = EDGE_LOOP('',(#11154));
#11154 = ORIENTED_EDGE('',*,*,#11155,.T.);
#11155 = EDGE_CURVE('',#11156,#11156,#11158,.T.);
#11156 = VERTEX_POINT('',#11157);
#11157 = CARTESIAN_POINT('',(20.,0.,143.));
#11158 = SURFACE_CURVE('',#11159,(#11164,#11175),.PCURVE_S1.);
#11159 = CIRCLE('',#11160,7.5);
#11160 = AXIS2_PLACEMENT_3D('',#11161,#11162,#11163);
#11161 = CARTESIAN_POINT('',(12.5,0.,143.));
#11162 = DIRECTION('',(0.,0.,-1.));
#11163 = DIRECTION('',(1.,0.,0.));
#11164 = PCURVE('',#8929,#11165);
#11165 = DEFINITIONAL_REPRESENTATION('',(#11166),#11174);
#11166 = ( BOUNDED_CURVE() B_SPLINE_CURVE(2,(#11167,#11168,#11169,#11170
    ,#11171,#11172,#11173),.UNSPECIFIED.,.T.,.F.) 
B_SPLINE_CURVE_WITH_KNOTS((1,2,2,2,2,1),(-2.094395102393,0.,
    2.094395102393,4.188790204786,6.28318530718,8.377580409573),
.UNSPECIFIED.) CURVE() GEOMETRIC_REPRESENTATION_ITEM() 
RATIONAL_B_SPLINE_CURVE((1.,0.5,1.,0.5,1.,0.5,1.)) REPRESENTATION_ITEM(
  '') );
#11167 = CARTESIAN_POINT('',(20.,-3.209892110372E-15));
#11168 = CARTESIAN_POINT('',(20.,-12.99038105676));
#11169 = CARTESIAN_POINT('',(8.75,-6.495190528383));
#11170 = CARTESIAN_POINT('',(-2.5,-5.046862309093E-15));
#11171 = CARTESIAN_POINT('',(8.75,6.495190528383));
#11172 = CARTESIAN_POINT('',(20.,12.990381056767));
#11173 = CARTESIAN_POINT('',(20.,-3.209892110372E-15));
#11174 = ( GEOMETRIC_REPRESENTATION_CONTEXT(2) 
PARAMETRIC_REPRESENTATION_CONTEXT() REPRESENTATION_CONTEXT('2D SPACE',''
  ) );
#11175 = PCURVE('',#11176,#11181);
#11176 = CYLINDRICAL_SURFACE('',#11177,7.5);
#11177 = AXIS2_PLACEMENT_3D('',#11178,#11179,#11180);
#11178 = CARTESIAN_POINT('',(12.5,0.,55.));
#11179 = DIRECTION('',(-0.,-0.,-1.));
#11180 = DIRECTION('',(1.,0.,0.));
#11181 = DEFINITIONAL_REPRESENTATION('',(#11182),#11186);
#11182 = LINE('',#11183,#11184);
#11183 = CARTESIAN_POINT('',(-6.28318530718,-88.));
#11184 = VECTOR('',#11185,1.);
#11185 = DIRECTION('',(1.,-0.));
#11186 = ( GEOMETRIC_REPRESENTATION_CONTEXT(2) 
PARAMETRIC_REPRESENTATION_CONTEXT() REPRESENTATION_CONTEXT('2D SPACE',''
  ) );
#11187 = FACE_BOUND('',#11188,.F.);
#11188 = EDGE_LOOP('',(#11189));
#11189 = ORIENTED_EDGE('',*,*,#11190,.T.);
#11190 = EDGE_CURVE('',#11191,#11191,#11193,.T.);
#11191 = VERTEX_POINT('',#11192);
#11192 = CARTESIAN_POINT('',(45.,0.,143.));
#11193 = SURFACE_CURVE('',#11194,(#11199,#11210),.PCURVE_S1.);
#11194 = CIRCLE('',#11195,7.5);
#11195 = AXIS2_PLACEMENT_3D('',#11196,#11197,#11198);
#11196 = CARTESIAN_POINT('',(37.5,0.,143.));
#11197 = DIRECTION('',(0.,0.,-1.));
#11198 = DIRECTION('',(1.,0.,0.));
#11199 = PCURVE('',#8929,#11200);
#11200 = DEFINITIONAL_REPRESENTATION('',(#11201),#11209);
#11201 = ( BOUNDED_CURVE() B_SPLINE_CURVE(2,(#11202,#11203,#11204,#11205
    ,#11206,#11207,#11208),.UNSPECIFIED.,.T.,.F.) 
B_SPLINE_CURVE_WITH_KNOTS((1,2,2,2,2,1),(-2.094395102393,0.,
    2.094395102393,4.188790204786,6.28318530718,8.377580409573),
.UNSPECIFIED.) CURVE() GEOMETRIC_REPRESENTATION_ITEM() 
RATIONAL_B_SPLINE_CURVE((1.,0.5,1.,0.5,1.,0.5,1.)) REPRESENTATION_ITEM(
  '') );
#11202 = CARTESIAN_POINT('',(45.,-3.209892110372E-15));
#11203 = CARTESIAN_POINT('',(45.,-12.99038105676));
#11204 = CARTESIAN_POINT('',(33.75,-6.495190528383));
#11205 = CARTESIAN_POINT('',(22.5,-5.046862309093E-15));
#11206 = CARTESIAN_POINT('',(33.75,6.495190528383));
#11207 = CARTESIAN_POINT('',(45.,12.990381056767));
#11208 = CARTESIAN_POINT('',(45.,-3.209892110372E-15));
#11209 = ( GEOMETRIC_REPRESENTATION_CONTEXT(2) 
PARAMETRIC_REPRESENTATION_CONTEXT() REPRESENTATION_CONTEXT('2D SPACE',''
  ) );
#11210 = PCURVE('',#11211,#11216);
#11211 = CYLINDRICAL_SURFACE('',#11212,7.5);
#11212 = AXIS2_PLACEMENT_3D('',#11213,#11214,#11215);
#11213 = CARTESIAN_POINT('',(37.5,0.,55.));
#11214 = DIRECTION('',(-0.,-0.,-1.));
#11215 = DIRECTION('',(1.,0.,0.));
#11216 = DEFINITIONAL_REPRESENTATION('',(#11217),#11221);
#11217 = LINE('',#11218,#11219);
#11218 = CARTESIAN_POINT('',(-6.28318530718,-88.));
#11219 = VECTOR('',#11220,1.);
#11220 = DIRECTION('',(1.,-0.));
#11221 = ( GEOMETRIC_REPRESENTATION_CONTEXT(2) 
PARAMETRIC_REPRESENTATION_CONTEXT() REPRESENTATION_CONTEXT('2D SPACE',''
  ) );
#11222 = FACE_BOUND('',#11223,.F.);
#11223 = EDGE_LOOP('',(#11224));
#11224 = ORIENTED_EDGE('',*,*,#11225,.T.);
#11225 = EDGE_CURVE('',#11226,#11226,#11228,.T.);
#11226 = VERTEX_POINT('',#11227);
#11227 = CARTESIAN_POINT('',(-17.5,25.,143.));
#11228 = SURFACE_CURVE('',#11229,(#11234,#11245),.PCURVE_S1.);
#11229 = CIRCLE('',#11230,7.5);
#11230 = AXIS2_PLACEMENT_3D('',#11231,#11232,#11233);
#11231 = CARTESIAN_POINT('',(-25.,25.,143.));
#11232 = DIRECTION('',(0.,0.,-1.));
#11233 = DIRECTION('',(1.,0.,0.));
#11234 = PCURVE('',#8929,#11235);
#11235 = DEFINITIONAL_REPRESENTATION('',(#11236),#11244);
#11236 = ( BOUNDED_CURVE() B_SPLINE_CURVE(2,(#11237,#11238,#11239,#11240
    ,#11241,#11242,#11243),.UNSPECIFIED.,.T.,.F.) 
B_SPLINE_CURVE_WITH_KNOTS((1,2,2,2,2,1),(-2.094395102393,0.,
    2.094395102393,4.188790204786,6.28318530718,8.377580409573),
.UNSPECIFIED.) CURVE() GEOMETRIC_REPRESENTATION_ITEM() 
RATIONAL_B_SPLINE_CURVE((1.,0.5,1.,0.5,1.,0.5,1.)) REPRESENTATION_ITEM(
  '') );
#11237 = CARTESIAN_POINT('',(-17.5,25.));
#11238 = CARTESIAN_POINT('',(-17.5,12.009618943233));
#11239 = CARTESIAN_POINT('',(-28.75,18.504809471617));
#11240 = CARTESIAN_POINT('',(-40.,25.));
#11241 = CARTESIAN_POINT('',(-28.75,31.495190528383));
#11242 = CARTESIAN_POINT('',(-17.5,37.990381056767));
#11243 = CARTESIAN_POINT('',(-17.5,25.));
#11244 = ( GEOMETRIC_REPRESENTATION_CONTEXT(2) 
PARAMETRIC_REPRESENTATION_CONTEXT() REPRESENTATION_CONTEXT('2D SPACE',''
  ) );
#11245 = PCURVE('',#11246,#11251);
#11246 = CYLINDRICAL_SURFACE('',#11247,7.5);
#11247 = AXIS2_PLACEMENT_3D('',#11248,#11249,#11250);
#11248 = CARTESIAN_POINT('',(-25.,25.,55.));
#11249 = DIRECTION('',(-0.,-0.,-1.));
#11250 = DIRECTION('',(1.,0.,0.));
#11251 = DEFINITIONAL_REPRESENTATION('',(#11252),#11256);
#11252 = LINE('',#11253,#11254);
#11253 = CARTESIAN_POINT('',(-6.28318530718,-88.));
#11254 = VECTOR('',#11255,1.);
#11255 = DIRECTION('',(1.,-0.));
#11256 = ( GEOMETRIC_REPRESENTATION_CONTEXT(2) 
PARAMETRIC_REPRESENTATION_CONTEXT() REPRESENTATION_CONTEXT('2D SPACE',''
  ) );
#11257 = FACE_BOUND('',#11258,.F.);
#11258 = EDGE_LOOP('',(#11259));
#11259 = ORIENTED_EDGE('',*,*,#11260,.T.);
#11260 = EDGE_CURVE('',#11261,#11261,#11263,.T.);
#11261 = VERTEX_POINT('',#11262);
#11262 = CARTESIAN_POINT('',(7.5,25.,143.));
#11263 = SURFACE_CURVE('',#11264,(#11269,#11280),.PCURVE_S1.);
#11264 = CIRCLE('',#11265,7.5);
#11265 = AXIS2_PLACEMENT_3D('',#11266,#11267,#11268);
#11266 = CARTESIAN_POINT('',(0.,25.,143.));
#11267 = DIRECTION('',(0.,0.,-1.));
#11268 = DIRECTION('',(1.,0.,0.));
#11269 = PCURVE('',#8929,#11270);
#11270 = DEFINITIONAL_REPRESENTATION('',(#11271),#11279);
#11271 = ( BOUNDED_CURVE() B_SPLINE_CURVE(2,(#11272,#11273,#11274,#11275
    ,#11276,#11277,#11278),.UNSPECIFIED.,.T.,.F.) 
B_SPLINE_CURVE_WITH_KNOTS((1,2,2,2,2,1),(-2.094395102393,0.,
    2.094395102393,4.188790204786,6.28318530718,8.377580409573),
.UNSPECIFIED.) CURVE() GEOMETRIC_REPRESENTATION_ITEM() 
RATIONAL_B_SPLINE_CURVE((1.,0.5,1.,0.5,1.,0.5,1.)) REPRESENTATION_ITEM(
  '') );
#11272 = CARTESIAN_POINT('',(7.5,25.));
#11273 = CARTESIAN_POINT('',(7.5,12.009618943233));
#11274 = CARTESIAN_POINT('',(-3.75,18.504809471617));
#11275 = CARTESIAN_POINT('',(-15.,25.));
#11276 = CARTESIAN_POINT('',(-3.75,31.495190528383));
#11277 = CARTESIAN_POINT('',(7.5,37.990381056767));
#11278 = CARTESIAN_POINT('',(7.5,25.));
#11279 = ( GEOMETRIC_REPRESENTATION_CONTEXT(2) 
PARAMETRIC_REPRESENTATION_CONTEXT() REPRESENTATION_CONTEXT('2D SPACE',''
  ) );
#11280 = PCURVE('',#11281,#11286);
#11281 = CYLINDRICAL_SURFACE('',#11282,7.5);
#11282 = AXIS2_PLACEMENT_3D('',#11283,#11284,#11285);
#11283 = CARTESIAN_POINT('',(0.,25.,55.));
#11284 = DIRECTION('',(-0.,-0.,-1.));
#11285 = DIRECTION('',(1.,0.,0.));
#11286 = DEFINITIONAL_REPRESENTATION('',(#11287),#11291);
#11287 = LINE('',#11288,#11289);
#11288 = CARTESIAN_POINT('',(-6.28318530718,-88.));
#11289 = VECTOR('',#11290,1.);
#11290 = DIRECTION('',(1.,-0.));
#11291 = ( GEOMETRIC_REPRESENTATION_CONTEXT(2) 
PARAMETRIC_REPRESENTATION_CONTEXT() REPRESENTATION_CONTEXT('2D SPACE',''
  ) );
#11292 = FACE_BOUND('',#11293,.F.);
#11293 = EDGE_LOOP('',(#11294));
#11294 = ORIENTED_EDGE('',*,*,#11295,.T.);
#11295 = EDGE_CURVE('',#11296,#11296,#11298,.T.);
#11296 = VERTEX_POINT('',#11297);
#11297 = CARTESIAN_POINT('',(32.5,25.,143.));
#11298 = SURFACE_CURVE('',#11299,(#11304,#11315),.PCURVE_S1.);
#11299 = CIRCLE('',#11300,7.5);
#11300 = AXIS2_PLACEMENT_3D('',#11301,#11302,#11303);
#11301 = CARTESIAN_POINT('',(25.,25.,143.));
#11302 = DIRECTION('',(0.,0.,-1.));
#11303 = DIRECTION('',(1.,0.,0.));
#11304 = PCURVE('',#8929,#11305);
#11305 = DEFINITIONAL_REPRESENTATION('',(#11306),#11314);
#11306 = ( BOUNDED_CURVE() B_SPLINE_CURVE(2,(#11307,#11308,#11309,#11310
    ,#11311,#11312,#11313),.UNSPECIFIED.,.T.,.F.) 
B_SPLINE_CURVE_WITH_KNOTS((1,2,2,2,2,1),(-2.094395102393,0.,
    2.094395102393,4.188790204786,6.28318530718,8.377580409573),
.UNSPECIFIED.) CURVE() GEOMETRIC_REPRESENTATION_ITEM() 
RATIONAL_B_SPLINE_CURVE((1.,0.5,1.,0.5,1.,0.5,1.)) REPRESENTATION_ITEM(
  '') );
#11307 = CARTESIAN_POINT('',(32.5,25.));
#11308 = CARTESIAN_POINT('',(32.5,12.009618943233));
#11309 = CARTESIAN_POINT('',(21.25,18.504809471617));
#11310 = CARTESIAN_POINT('',(10.,25.));
#11311 = CARTESIAN_POINT('',(21.25,31.495190528383));
#11312 = CARTESIAN_POINT('',(32.5,37.990381056767));
#11313 = CARTESIAN_POINT('',(32.5,25.));
#11314 = ( GEOMETRIC_REPRESENTATION_CONTEXT(2) 
PARAMETRIC_REPRESENTATION_CONTEXT() REPRESENTATION_CONTEXT('2D SPACE',''
  ) );
#11315 = PCURVE('',#11316,#11321);
#11316 = CYLINDRICAL_SURFACE('',#11317,7.5);
#11317 = AXIS2_PLACEMENT_3D('',#11318,#11319,#11320);
#11318 = CARTESIAN_POINT('',(25.,25.,55.));
#11319 = DIRECTION('',(-0.,-0.,-1.));
#11320 = DIRECTION('',(1.,0.,0.));
#11321 = DEFINITIONAL_REPRESENTATION('',(#11322),#11326);
#11322 = LINE('',#11323,#11324);
#11323 = CARTESIAN_POINT('',(-6.28318530718,-88.));
#11324 = VECTOR('',#11325,1.);
#11325 = DIRECTION('',(1.,-0.));
#11326 = ( GEOMETRIC_REPRESENTATION_CONTEXT(2) 
PARAMETRIC_REPRESENTATION_CONTEXT() REPRESENTATION_CONTEXT('2D SPACE',''
  ) );
#11327 = ADVANCED_FACE('',(#11328,#11516,#11546,#11576,#11606,#11636,
    #11666,#11696),#8985,.T.);
#11328 = FACE_BOUND('',#11329,.T.);
#11329 = EDGE_LOOP('',(#11330,#11353,#11354,#11355,#11378,#11406,#11434,
    #11462,#11490));
#11330 = ORIENTED_EDGE('',*,*,#11331,.T.);
#11331 = EDGE_CURVE('',#11332,#9522,#11334,.T.);
#11332 = VERTEX_POINT('',#11333);
#11333 = CARTESIAN_POINT('',(-32.5,25.,211.));
#11334 = SURFACE_CURVE('',#11335,(#11339,#11346),.PCURVE_S1.);
#11335 = LINE('',#11336,#11337);
#11336 = CARTESIAN_POINT('',(50.,25.,211.));
#11337 = VECTOR('',#11338,1.);
#11338 = DIRECTION('',(-1.,0.,0.));
#11339 = PCURVE('',#8985,#11340);
#11340 = DEFINITIONAL_REPRESENTATION('',(#11341),#11345);
#11341 = LINE('',#11342,#11343);
#11342 = CARTESIAN_POINT('',(50.,25.));
#11343 = VECTOR('',#11344,1.);
#11344 = DIRECTION('',(-1.,0.));
#11345 = ( GEOMETRIC_REPRESENTATION_CONTEXT(2) 
PARAMETRIC_REPRESENTATION_CONTEXT() REPRESENTATION_CONTEXT('2D SPACE',''
  ) );
#11346 = PCURVE('',#9537,#11347);
#11347 = DEFINITIONAL_REPRESENTATION('',(#11348),#11352);
#11348 = LINE('',#11349,#11350);
#11349 = CARTESIAN_POINT('',(0.,-0.));
#11350 = VECTOR('',#11351,1.);
#11351 = DIRECTION('',(1.,0.));
#11352 = ( GEOMETRIC_REPRESENTATION_CONTEXT(2) 
PARAMETRIC_REPRESENTATION_CONTEXT() REPRESENTATION_CONTEXT('2D SPACE',''
  ) );
#11353 = ORIENTED_EDGE('',*,*,#9549,.T.);
#11354 = ORIENTED_EDGE('',*,*,#8968,.T.);
#11355 = ORIENTED_EDGE('',*,*,#11356,.T.);
#11356 = EDGE_CURVE('',#8969,#11357,#11359,.T.);
#11357 = VERTEX_POINT('',#11358);
#11358 = CARTESIAN_POINT('',(32.5,25.,211.));
#11359 = SURFACE_CURVE('',#11360,(#11364,#11371),.PCURVE_S1.);
#11360 = LINE('',#11361,#11362);
#11361 = CARTESIAN_POINT('',(50.,25.,211.));
#11362 = VECTOR('',#11363,1.);
#11363 = DIRECTION('',(-1.,0.,0.));
#11364 = PCURVE('',#8985,#11365);
#11365 = DEFINITIONAL_REPRESENTATION('',(#11366),#11370);
#11366 = LINE('',#11367,#11368);
#11367 = CARTESIAN_POINT('',(50.,25.));
#11368 = VECTOR('',#11369,1.);
#11369 = DIRECTION('',(-1.,0.));
#11370 = ( GEOMETRIC_REPRESENTATION_CONTEXT(2) 
PARAMETRIC_REPRESENTATION_CONTEXT() REPRESENTATION_CONTEXT('2D SPACE',''
  ) );
#11371 = PCURVE('',#9013,#11372);
#11372 = DEFINITIONAL_REPRESENTATION('',(#11373),#11377);
#11373 = LINE('',#11374,#11375);
#11374 = CARTESIAN_POINT('',(0.,-0.));
#11375 = VECTOR('',#11376,1.);
#11376 = DIRECTION('',(1.,0.));
#11377 = ( GEOMETRIC_REPRESENTATION_CONTEXT(2) 
PARAMETRIC_REPRESENTATION_CONTEXT() REPRESENTATION_CONTEXT('2D SPACE',''
  ) );
#11378 = ORIENTED_EDGE('',*,*,#11379,.T.);
#11379 = EDGE_CURVE('',#11357,#11380,#11382,.T.);
#11380 = VERTEX_POINT('',#11381);
#11381 = CARTESIAN_POINT('',(17.5,25.,211.));
#11382 = SURFACE_CURVE('',#11383,(#11388,#11399),.PCURVE_S1.);
#11383 = CIRCLE('',#11384,7.5);
#11384 = AXIS2_PLACEMENT_3D('',#11385,#11386,#11387);
#11385 = CARTESIAN_POINT('',(25.,25.,211.));
#11386 = DIRECTION('',(0.,0.,-1.));
#11387 = DIRECTION('',(1.,0.,0.));
#11388 = PCURVE('',#8985,#11389);
#11389 = DEFINITIONAL_REPRESENTATION('',(#11390),#11398);
#11390 = ( BOUNDED_CURVE() B_SPLINE_CURVE(2,(#11391,#11392,#11393,#11394
    ,#11395,#11396,#11397),.UNSPECIFIED.,.T.,.F.) 
B_SPLINE_CURVE_WITH_KNOTS((1,2,2,2,2,1),(-2.094395102393,0.,
    2.094395102393,4.188790204786,6.28318530718,8.377580409573),
.UNSPECIFIED.) CURVE() GEOMETRIC_REPRESENTATION_ITEM() 
RATIONAL_B_SPLINE_CURVE((1.,0.5,1.,0.5,1.,0.5,1.)) REPRESENTATION_ITEM(
  '') );
#11391 = CARTESIAN_POINT('',(32.5,25.));
#11392 = CARTESIAN_POINT('',(32.5,12.009618943233));
#11393 = CARTESIAN_POINT('',(21.25,18.504809471617));
#11394 = CARTESIAN_POINT('',(10.,25.));
#11395 = CARTESIAN_POINT('',(21.25,31.495190528383));
#11396 = CARTESIAN_POINT('',(32.5,37.990381056767));
#11397 = CARTESIAN_POINT('',(32.5,25.));
#11398 = ( GEOMETRIC_REPRESENTATION_CONTEXT(2) 
PARAMETRIC_REPRESENTATION_CONTEXT() REPRESENTATION_CONTEXT('2D SPACE',''
  ) );
#11399 = PCURVE('',#11316,#11400);
#11400 = DEFINITIONAL_REPRESENTATION('',(#11401),#11405);
#11401 = LINE('',#11402,#11403);
#11402 = CARTESIAN_POINT('',(-6.28318530718,-156.));
#11403 = VECTOR('',#11404,1.);
#11404 = DIRECTION('',(1.,-0.));
#11405 = ( GEOMETRIC_REPRESENTATION_CONTEXT(2) 
PARAMETRIC_REPRESENTATION_CONTEXT() REPRESENTATION_CONTEXT('2D SPACE',''
  ) );
#11406 = ORIENTED_EDGE('',*,*,#11407,.T.);
#11407 = EDGE_CURVE('',#11380,#11408,#11410,.T.);
#11408 = VERTEX_POINT('',#11409);
#11409 = CARTESIAN_POINT('',(7.5,25.,211.));
#11410 = SURFACE_CURVE('',#11411,(#11415,#11422),.PCURVE_S1.);
#11411 = LINE('',#11412,#11413);
#11412 = CARTESIAN_POINT('',(50.,25.,211.));
#11413 = VECTOR('',#11414,1.);
#11414 = DIRECTION('',(-1.,0.,0.));
#11415 = PCURVE('',#8985,#11416);
#11416 = DEFINITIONAL_REPRESENTATION('',(#11417),#11421);
#11417 = LINE('',#11418,#11419);
#11418 = CARTESIAN_POINT('',(50.,25.));
#11419 = VECTOR('',#11420,1.);
#11420 = DIRECTION('',(-1.,0.));
#11421 = ( GEOMETRIC_REPRESENTATION_CONTEXT(2) 
PARAMETRIC_REPRESENTATION_CONTEXT() REPRESENTATION_CONTEXT('2D SPACE',''
  ) );
#11422 = PCURVE('',#11423,#11428);
#11423 = PLANE('',#11424);
#11424 = AXIS2_PLACEMENT_3D('',#11425,#11426,#11427);
#11425 = CARTESIAN_POINT('',(50.,25.,211.));
#11426 = DIRECTION('',(0.,-1.,0.));
#11427 = DIRECTION('',(-1.,0.,0.));
#11428 = DEFINITIONAL_REPRESENTATION('',(#11429),#11433);
#11429 = LINE('',#11430,#11431);
#11430 = CARTESIAN_POINT('',(0.,-0.));
#11431 = VECTOR('',#11432,1.);
#11432 = DIRECTION('',(1.,0.));
#11433 = ( GEOMETRIC_REPRESENTATION_CONTEXT(2) 
PARAMETRIC_REPRESENTATION_CONTEXT() REPRESENTATION_CONTEXT('2D SPACE',''
  ) );
#11434 = ORIENTED_EDGE('',*,*,#11435,.T.);
#11435 = EDGE_CURVE('',#11408,#11436,#11438,.T.);
#11436 = VERTEX_POINT('',#11437);
#11437 = CARTESIAN_POINT('',(-7.5,25.,211.));
#11438 = SURFACE_CURVE('',#11439,(#11444,#11455),.PCURVE_S1.);
#11439 = CIRCLE('',#11440,7.5);
#11440 = AXIS2_PLACEMENT_3D('',#11441,#11442,#11443);
#11441 = CARTESIAN_POINT('',(0.,25.,211.));
#11442 = DIRECTION('',(0.,0.,-1.));
#11443 = DIRECTION('',(1.,0.,0.));
#11444 = PCURVE('',#8985,#11445);
#11445 = DEFINITIONAL_REPRESENTATION('',(#11446),#11454);
#11446 = ( BOUNDED_CURVE() B_SPLINE_CURVE(2,(#11447,#11448,#11449,#11450
    ,#11451,#11452,#11453),.UNSPECIFIED.,.T.,.F.) 
B_SPLINE_CURVE_WITH_KNOTS((1,2,2,2,2,1),(-2.094395102393,0.,
    2.094395102393,4.188790204786,6.28318530718,8.377580409573),
.UNSPECIFIED.) CURVE() GEOMETRIC_REPRESENTATION_ITEM() 
RATIONAL_B_SPLINE_CURVE((1.,0.5,1.,0.5,1.,0.5,1.)) REPRESENTATION_ITEM(
  '') );
#11447 = CARTESIAN_POINT('',(7.5,25.));
#11448 = CARTESIAN_POINT('',(7.5,12.009618943233));
#11449 = CARTESIAN_POINT('',(-3.75,18.504809471617));
#11450 = CARTESIAN_POINT('',(-15.,25.));
#11451 = CARTESIAN_POINT('',(-3.75,31.495190528383));
#11452 = CARTESIAN_POINT('',(7.5,37.990381056767));
#11453 = CARTESIAN_POINT('',(7.5,25.));
#11454 = ( GEOMETRIC_REPRESENTATION_CONTEXT(2) 
PARAMETRIC_REPRESENTATION_CONTEXT() REPRESENTATION_CONTEXT('2D SPACE',''
  ) );
#11455 = PCURVE('',#11281,#11456);
#11456 = DEFINITIONAL_REPRESENTATION('',(#11457),#11461);
#11457 = LINE('',#11458,#11459);
#11458 = CARTESIAN_POINT('',(-6.28318530718,-156.));
#11459 = VECTOR('',#11460,1.);
#11460 = DIRECTION('',(1.,-0.));
#11461 = ( GEOMETRIC_REPRESENTATION_CONTEXT(2) 
PARAMETRIC_REPRESENTATION_CONTEXT() REPRESENTATION_CONTEXT('2D SPACE',''
  ) );
#11462 = ORIENTED_EDGE('',*,*,#11463,.T.);
#11463 = EDGE_CURVE('',#11436,#11464,#11466,.T.);
#11464 = VERTEX_POINT('',#11465);
#11465 = CARTESIAN_POINT('',(-17.5,25.,211.));
#11466 = SURFACE_CURVE('',#11467,(#11471,#11478),.PCURVE_S1.);
#11467 = LINE('',#11468,#11469);
#11468 = CARTESIAN_POINT('',(50.,25.,211.));
#11469 = VECTOR('',#11470,1.);
#11470 = DIRECTION('',(-1.,0.,0.));
#11471 = PCURVE('',#8985,#11472);
#11472 = DEFINITIONAL_REPRESENTATION('',(#11473),#11477);
#11473 = LINE('',#11474,#11475);
#11474 = CARTESIAN_POINT('',(50.,25.));
#11475 = VECTOR('',#11476,1.);
#11476 = DIRECTION('',(-1.,0.));
#11477 = ( GEOMETRIC_REPRESENTATION_CONTEXT(2) 
PARAMETRIC_REPRESENTATION_CONTEXT() REPRESENTATION_CONTEXT('2D SPACE',''
  ) );
#11478 = PCURVE('',#11479,#11484);
#11479 = PLANE('',#11480);
#11480 = AXIS2_PLACEMENT_3D('',#11481,#11482,#11483);
#11481 = CARTESIAN_POINT('',(50.,25.,211.));
#11482 = DIRECTION('',(0.,-1.,0.));
#11483 = DIRECTION('',(-1.,0.,0.));
#11484 = DEFINITIONAL_REPRESENTATION('',(#11485),#11489);
#11485 = LINE('',#11486,#11487);
#11486 = CARTESIAN_POINT('',(0.,-0.));
#11487 = VECTOR('',#11488,1.);
#11488 = DIRECTION('',(1.,0.));
#11489 = ( GEOMETRIC_REPRESENTATION_CONTEXT(2) 
PARAMETRIC_REPRESENTATION_CONTEXT() REPRESENTATION_CONTEXT('2D SPACE',''
  ) );
#11490 = ORIENTED_EDGE('',*,*,#11491,.T.);
#11491 = EDGE_CURVE('',#11464,#11332,#11492,.T.);
#11492 = SURFACE_CURVE('',#11493,(#11498,#11509),.PCURVE_S1.);
#11493 = CIRCLE('',#11494,7.5);
#11494 = AXIS2_PLACEMENT_3D('',#11495,#11496,#11497);
#11495 = CARTESIAN_POINT('',(-25.,25.,211.));
#11496 = DIRECTION('',(0.,0.,-1.));
#11497 = DIRECTION('',(1.,0.,0.));
#11498 = PCURVE('',#8985,#11499);
#11499 = DEFINITIONAL_REPRESENTATION('',(#11500),#11508);
#11500 = ( BOUNDED_CURVE() B_SPLINE_CURVE(2,(#11501,#11502,#11503,#11504
    ,#11505,#11506,#11507),.UNSPECIFIED.,.T.,.F.) 
B_SPLINE_CURVE_WITH_KNOTS((1,2,2,2,2,1),(-2.094395102393,0.,
    2.094395102393,4.188790204786,6.28318530718,8.377580409573),
.UNSPECIFIED.) CURVE() GEOMETRIC_REPRESENTATION_ITEM() 
RATIONAL_B_SPLINE_CURVE((1.,0.5,1.,0.5,1.,0.5,1.)) REPRESENTATION_ITEM(
  '') );
#11501 = CARTESIAN_POINT('',(-17.5,25.));
#11502 = CARTESIAN_POINT('',(-17.5,12.009618943233));
#11503 = CARTESIAN_POINT('',(-28.75,18.504809471617));
#11504 = CARTESIAN_POINT('',(-40.,25.));
#11505 = CARTESIAN_POINT('',(-28.75,31.495190528383));
#11506 = CARTESIAN_POINT('',(-17.5,37.990381056767));
#11507 = CARTESIAN_POINT('',(-17.5,25.));
#11508 = ( GEOMETRIC_REPRESENTATION_CONTEXT(2) 
PARAMETRIC_REPRESENTATION_CONTEXT() REPRESENTATION_CONTEXT('2D SPACE',''
  ) );
#11509 = PCURVE('',#11246,#11510);
#11510 = DEFINITIONAL_REPRESENTATION('',(#11511),#11515);
#11511 = LINE('',#11512,#11513);
#11512 = CARTESIAN_POINT('',(-6.28318530718,-156.));
#11513 = VECTOR('',#11514,1.);
#11514 = DIRECTION('',(1.,-0.));
#11515 = ( GEOMETRIC_REPRESENTATION_CONTEXT(2) 
PARAMETRIC_REPRESENTATION_CONTEXT() REPRESENTATION_CONTEXT('2D SPACE',''
  ) );
#11516 = FACE_BOUND('',#11517,.T.);
#11517 = EDGE_LOOP('',(#11518));
#11518 = ORIENTED_EDGE('',*,*,#11519,.T.);
#11519 = EDGE_CURVE('',#11520,#11520,#11522,.T.);
#11520 = VERTEX_POINT('',#11521);
#11521 = CARTESIAN_POINT('',(-17.5,-25.,211.));
#11522 = SURFACE_CURVE('',#11523,(#11528,#11539),.PCURVE_S1.);
#11523 = CIRCLE('',#11524,7.5);
#11524 = AXIS2_PLACEMENT_3D('',#11525,#11526,#11527);
#11525 = CARTESIAN_POINT('',(-25.,-25.,211.));
#11526 = DIRECTION('',(0.,0.,-1.));
#11527 = DIRECTION('',(1.,0.,0.));
#11528 = PCURVE('',#8985,#11529);
#11529 = DEFINITIONAL_REPRESENTATION('',(#11530),#11538);
#11530 = ( BOUNDED_CURVE() B_SPLINE_CURVE(2,(#11531,#11532,#11533,#11534
    ,#11535,#11536,#11537),.UNSPECIFIED.,.T.,.F.) 
B_SPLINE_CURVE_WITH_KNOTS((1,2,2,2,2,1),(-2.094395102393,0.,
    2.094395102393,4.188790204786,6.28318530718,8.377580409573),
.UNSPECIFIED.) CURVE() GEOMETRIC_REPRESENTATION_ITEM() 
RATIONAL_B_SPLINE_CURVE((1.,0.5,1.,0.5,1.,0.5,1.)) REPRESENTATION_ITEM(
  '') );
#11531 = CARTESIAN_POINT('',(-17.5,-25.));
#11532 = CARTESIAN_POINT('',(-17.5,-37.99038105676));
#11533 = CARTESIAN_POINT('',(-28.75,-31.49519052838));
#11534 = CARTESIAN_POINT('',(-40.,-25.));
#11535 = CARTESIAN_POINT('',(-28.75,-18.50480947161));
#11536 = CARTESIAN_POINT('',(-17.5,-12.00961894323));
#11537 = CARTESIAN_POINT('',(-17.5,-25.));
#11538 = ( GEOMETRIC_REPRESENTATION_CONTEXT(2) 
PARAMETRIC_REPRESENTATION_CONTEXT() REPRESENTATION_CONTEXT('2D SPACE',''
  ) );
#11539 = PCURVE('',#10152,#11540);
#11540 = DEFINITIONAL_REPRESENTATION('',(#11541),#11545);
#11541 = LINE('',#11542,#11543);
#11542 = CARTESIAN_POINT('',(-6.28318530718,-156.));
#11543 = VECTOR('',#11544,1.);
#11544 = DIRECTION('',(1.,-0.));
#11545 = ( GEOMETRIC_REPRESENTATION_CONTEXT(2) 
PARAMETRIC_REPRESENTATION_CONTEXT() REPRESENTATION_CONTEXT('2D SPACE',''
  ) );
#11546 = FACE_BOUND('',#11547,.T.);
#11547 = EDGE_LOOP('',(#11548));
#11548 = ORIENTED_EDGE('',*,*,#11549,.T.);
#11549 = EDGE_CURVE('',#11550,#11550,#11552,.T.);
#11550 = VERTEX_POINT('',#11551);
#11551 = CARTESIAN_POINT('',(7.5,-25.,211.));
#11552 = SURFACE_CURVE('',#11553,(#11558,#11569),.PCURVE_S1.);
#11553 = CIRCLE('',#11554,7.5);
#11554 = AXIS2_PLACEMENT_3D('',#11555,#11556,#11557);
#11555 = CARTESIAN_POINT('',(0.,-25.,211.));
#11556 = DIRECTION('',(0.,0.,-1.));
#11557 = DIRECTION('',(1.,0.,0.));
#11558 = PCURVE('',#8985,#11559);
#11559 = DEFINITIONAL_REPRESENTATION('',(#11560),#11568);
#11560 = ( BOUNDED_CURVE() B_SPLINE_CURVE(2,(#11561,#11562,#11563,#11564
    ,#11565,#11566,#11567),.UNSPECIFIED.,.T.,.F.) 
B_SPLINE_CURVE_WITH_KNOTS((1,2,2,2,2,1),(-2.094395102393,0.,
    2.094395102393,4.188790204786,6.28318530718,8.377580409573),
.UNSPECIFIED.) CURVE() GEOMETRIC_REPRESENTATION_ITEM() 
RATIONAL_B_SPLINE_CURVE((1.,0.5,1.,0.5,1.,0.5,1.)) REPRESENTATION_ITEM(
  '') );
#11561 = CARTESIAN_POINT('',(7.5,-25.));
#11562 = CARTESIAN_POINT('',(7.5,-37.99038105676));
#11563 = CARTESIAN_POINT('',(-3.75,-31.49519052838));
#11564 = CARTESIAN_POINT('',(-15.,-25.));
#11565 = CARTESIAN_POINT('',(-3.75,-18.50480947161));
#11566 = CARTESIAN_POINT('',(7.5,-12.00961894323));
#11567 = CARTESIAN_POINT('',(7.5,-25.));
#11568 = ( GEOMETRIC_REPRESENTATION_CONTEXT(2) 
PARAMETRIC_REPRESENTATION_CONTEXT() REPRESENTATION_CONTEXT('2D SPACE',''
  ) );
#11569 = PCURVE('',#10187,#11570);
#11570 = DEFINITIONAL_REPRESENTATION('',(#11571),#11575);
#11571 = LINE('',#11572,#11573);
#11572 = CARTESIAN_POINT('',(-6.28318530718,-156.));
#11573 = VECTOR('',#11574,1.);
#11574 = DIRECTION('',(1.,-0.));
#11575 = ( GEOMETRIC_REPRESENTATION_CONTEXT(2) 
PARAMETRIC_REPRESENTATION_CONTEXT() REPRESENTATION_CONTEXT('2D SPACE',''
  ) );
#11576 = FACE_BOUND('',#11577,.T.);
#11577 = EDGE_LOOP('',(#11578));
#11578 = ORIENTED_EDGE('',*,*,#11579,.T.);
#11579 = EDGE_CURVE('',#11580,#11580,#11582,.T.);
#11580 = VERTEX_POINT('',#11581);
#11581 = CARTESIAN_POINT('',(32.5,-25.,211.));
#11582 = SURFACE_CURVE('',#11583,(#11588,#11599),.PCURVE_S1.);
#11583 = CIRCLE('',#11584,7.5);
#11584 = AXIS2_PLACEMENT_3D('',#11585,#11586,#11587);
#11585 = CARTESIAN_POINT('',(25.,-25.,211.));
#11586 = DIRECTION('',(0.,0.,-1.));
#11587 = DIRECTION('',(1.,0.,0.));
#11588 = PCURVE('',#8985,#11589);
#11589 = DEFINITIONAL_REPRESENTATION('',(#11590),#11598);
#11590 = ( BOUNDED_CURVE() B_SPLINE_CURVE(2,(#11591,#11592,#11593,#11594
    ,#11595,#11596,#11597),.UNSPECIFIED.,.T.,.F.) 
B_SPLINE_CURVE_WITH_KNOTS((1,2,2,2,2,1),(-2.094395102393,0.,
    2.094395102393,4.188790204786,6.28318530718,8.377580409573),
.UNSPECIFIED.) CURVE() GEOMETRIC_REPRESENTATION_ITEM() 
RATIONAL_B_SPLINE_CURVE((1.,0.5,1.,0.5,1.,0.5,1.)) REPRESENTATION_ITEM(
  '') );
#11591 = CARTESIAN_POINT('',(32.5,-25.));
#11592 = CARTESIAN_POINT('',(32.5,-37.99038105676));
#11593 = CARTESIAN_POINT('',(21.25,-31.49519052838));
#11594 = CARTESIAN_POINT('',(10.,-25.));
#11595 = CARTESIAN_POINT('',(21.25,-18.50480947161));
#11596 = CARTESIAN_POINT('',(32.5,-12.00961894323));
#11597 = CARTESIAN_POINT('',(32.5,-25.));
#11598 = ( GEOMETRIC_REPRESENTATION_CONTEXT(2) 
PARAMETRIC_REPRESENTATION_CONTEXT() REPRESENTATION_CONTEXT('2D SPACE',''
  ) );
#11599 = PCURVE('',#10222,#11600);
#11600 = DEFINITIONAL_REPRESENTATION('',(#11601),#11605);
#11601 = LINE('',#11602,#11603);
#11602 = CARTESIAN_POINT('',(-6.28318530718,-156.));
#11603 = VECTOR('',#11604,1.);
#11604 = DIRECTION('',(1.,-0.));
#11605 = ( GEOMETRIC_REPRESENTATION_CONTEXT(2) 
PARAMETRIC_REPRESENTATION_CONTEXT() REPRESENTATION_CONTEXT('2D SPACE',''
  ) );
#11606 = FACE_BOUND('',#11607,.T.);
#11607 = EDGE_LOOP('',(#11608));
#11608 = ORIENTED_EDGE('',*,*,#11609,.T.);
#11609 = EDGE_CURVE('',#11610,#11610,#11612,.T.);
#11610 = VERTEX_POINT('',#11611);
#11611 = CARTESIAN_POINT('',(-30.,0.,211.));
#11612 = SURFACE_CURVE('',#11613,(#11618,#11629),.PCURVE_S1.);
#11613 = CIRCLE('',#11614,7.5);
#11614 = AXIS2_PLACEMENT_3D('',#11615,#11616,#11617);
#11615 = CARTESIAN_POINT('',(-37.5,0.,211.));
#11616 = DIRECTION('',(0.,0.,-1.));
#11617 = DIRECTION('',(1.,0.,0.));
#11618 = PCURVE('',#8985,#11619);
#11619 = DEFINITIONAL_REPRESENTATION('',(#11620),#11628);
#11620 = ( BOUNDED_CURVE() B_SPLINE_CURVE(2,(#11621,#11622,#11623,#11624
    ,#11625,#11626,#11627),.UNSPECIFIED.,.T.,.F.) 
B_SPLINE_CURVE_WITH_KNOTS((1,2,2,2,2,1),(-2.094395102393,0.,
    2.094395102393,4.188790204786,6.28318530718,8.377580409573),
.UNSPECIFIED.) CURVE() GEOMETRIC_REPRESENTATION_ITEM() 
RATIONAL_B_SPLINE_CURVE((1.,0.5,1.,0.5,1.,0.5,1.)) REPRESENTATION_ITEM(
  '') );
#11621 = CARTESIAN_POINT('',(-30.,-3.209892110372E-15));
#11622 = CARTESIAN_POINT('',(-30.,-12.99038105676));
#11623 = CARTESIAN_POINT('',(-41.25,-6.495190528383));
#11624 = CARTESIAN_POINT('',(-52.5,-5.046862309093E-15));
#11625 = CARTESIAN_POINT('',(-41.25,6.495190528383));
#11626 = CARTESIAN_POINT('',(-30.,12.990381056767));
#11627 = CARTESIAN_POINT('',(-30.,-3.209892110372E-15));
#11628 = ( GEOMETRIC_REPRESENTATION_CONTEXT(2) 
PARAMETRIC_REPRESENTATION_CONTEXT() REPRESENTATION_CONTEXT('2D SPACE',''
  ) );
#11629 = PCURVE('',#11106,#11630);
#11630 = DEFINITIONAL_REPRESENTATION('',(#11631),#11635);
#11631 = LINE('',#11632,#11633);
#11632 = CARTESIAN_POINT('',(-6.28318530718,-156.));
#11633 = VECTOR('',#11634,1.);
#11634 = DIRECTION('',(1.,-0.));
#11635 = ( GEOMETRIC_REPRESENTATION_CONTEXT(2) 
PARAMETRIC_REPRESENTATION_CONTEXT() REPRESENTATION_CONTEXT('2D SPACE',''
  ) );
#11636 = FACE_BOUND('',#11637,.T.);
#11637 = EDGE_LOOP('',(#11638));
#11638 = ORIENTED_EDGE('',*,*,#11639,.T.);
#11639 = EDGE_CURVE('',#11640,#11640,#11642,.T.);
#11640 = VERTEX_POINT('',#11641);
#11641 = CARTESIAN_POINT('',(-5.,0.,211.));
#11642 = SURFACE_CURVE('',#11643,(#11648,#11659),.PCURVE_S1.);
#11643 = CIRCLE('',#11644,7.5);
#11644 = AXIS2_PLACEMENT_3D('',#11645,#11646,#11647);
#11645 = CARTESIAN_POINT('',(-12.5,0.,211.));
#11646 = DIRECTION('',(0.,0.,-1.));
#11647 = DIRECTION('',(1.,0.,0.));
#11648 = PCURVE('',#8985,#11649);
#11649 = DEFINITIONAL_REPRESENTATION('',(#11650),#11658);
#11650 = ( BOUNDED_CURVE() B_SPLINE_CURVE(2,(#11651,#11652,#11653,#11654
    ,#11655,#11656,#11657),.UNSPECIFIED.,.T.,.F.) 
B_SPLINE_CURVE_WITH_KNOTS((1,2,2,2,2,1),(-2.094395102393,0.,
    2.094395102393,4.188790204786,6.28318530718,8.377580409573),
.UNSPECIFIED.) CURVE() GEOMETRIC_REPRESENTATION_ITEM() 
RATIONAL_B_SPLINE_CURVE((1.,0.5,1.,0.5,1.,0.5,1.)) REPRESENTATION_ITEM(
  '') );
#11651 = CARTESIAN_POINT('',(-5.,-3.209892110372E-15));
#11652 = CARTESIAN_POINT('',(-5.,-12.99038105676));
#11653 = CARTESIAN_POINT('',(-16.25,-6.495190528383));
#11654 = CARTESIAN_POINT('',(-27.5,-5.046862309093E-15));
#11655 = CARTESIAN_POINT('',(-16.25,6.495190528383));
#11656 = CARTESIAN_POINT('',(-5.,12.990381056767));
#11657 = CARTESIAN_POINT('',(-5.,-3.209892110372E-15));
#11658 = ( GEOMETRIC_REPRESENTATION_CONTEXT(2) 
PARAMETRIC_REPRESENTATION_CONTEXT() REPRESENTATION_CONTEXT('2D SPACE',''
  ) );
#11659 = PCURVE('',#11141,#11660);
#11660 = DEFINITIONAL_REPRESENTATION('',(#11661),#11665);
#11661 = LINE('',#11662,#11663);
#11662 = CARTESIAN_POINT('',(-6.28318530718,-156.));
#11663 = VECTOR('',#11664,1.);
#11664 = DIRECTION('',(1.,-0.));
#11665 = ( GEOMETRIC_REPRESENTATION_CONTEXT(2) 
PARAMETRIC_REPRESENTATION_CONTEXT() REPRESENTATION_CONTEXT('2D SPACE',''
  ) );
#11666 = FACE_BOUND('',#11667,.T.);
#11667 = EDGE_LOOP('',(#11668));
#11668 = ORIENTED_EDGE('',*,*,#11669,.T.);
#11669 = EDGE_CURVE('',#11670,#11670,#11672,.T.);
#11670 = VERTEX_POINT('',#11671);
#11671 = CARTESIAN_POINT('',(20.,0.,211.));
#11672 = SURFACE_CURVE('',#11673,(#11678,#11689),.PCURVE_S1.);
#11673 = CIRCLE('',#11674,7.5);
#11674 = AXIS2_PLACEMENT_3D('',#11675,#11676,#11677);
#11675 = CARTESIAN_POINT('',(12.5,0.,211.));
#11676 = DIRECTION('',(0.,0.,-1.));
#11677 = DIRECTION('',(1.,0.,0.));
#11678 = PCURVE('',#8985,#11679);
#11679 = DEFINITIONAL_REPRESENTATION('',(#11680),#11688);
#11680 = ( BOUNDED_CURVE() B_SPLINE_CURVE(2,(#11681,#11682,#11683,#11684
    ,#11685,#11686,#11687),.UNSPECIFIED.,.T.,.F.) 
B_SPLINE_CURVE_WITH_KNOTS((1,2,2,2,2,1),(-2.094395102393,0.,
    2.094395102393,4.188790204786,6.28318530718,8.377580409573),
.UNSPECIFIED.) CURVE() GEOMETRIC_REPRESENTATION_ITEM() 
RATIONAL_B_SPLINE_CURVE((1.,0.5,1.,0.5,1.,0.5,1.)) REPRESENTATION_ITEM(
  '') );
#11681 = CARTESIAN_POINT('',(20.,-3.209892110372E-15));
#11682 = CARTESIAN_POINT('',(20.,-12.99038105676));
#11683 = CARTESIAN_POINT('',(8.75,-6.495190528383));
#11684 = CARTESIAN_POINT('',(-2.5,-5.046862309093E-15));
#11685 = CARTESIAN_POINT('',(8.75,6.495190528383));
#11686 = CARTESIAN_POINT('',(20.,12.990381056767));
#11687 = CARTESIAN_POINT('',(20.,-3.209892110372E-15));
#11688 = ( GEOMETRIC_REPRESENTATION_CONTEXT(2) 
PARAMETRIC_REPRESENTATION_CONTEXT() REPRESENTATION_CONTEXT('2D SPACE',''
  ) );
#11689 = PCURVE('',#11176,#11690);
#11690 = DEFINITIONAL_REPRESENTATION('',(#11691),#11695);
#11691 = LINE('',#11692,#11693);
#11692 = CARTESIAN_POINT('',(-6.28318530718,-156.));
#11693 = VECTOR('',#11694,1.);
#11694 = DIRECTION('',(1.,-0.));
#11695 = ( GEOMETRIC_REPRESENTATION_CONTEXT(2) 
PARAMETRIC_REPRESENTATION_CONTEXT() REPRESENTATION_CONTEXT('2D SPACE',''
  ) );
#11696 = FACE_BOUND('',#11697,.T.);
#11697 = EDGE_LOOP('',(#11698));
#11698 = ORIENTED_EDGE('',*,*,#11699,.T.);
#11699 = EDGE_CURVE('',#11700,#11700,#11702,.T.);
#11700 = VERTEX_POINT('',#11701);
#11701 = CARTESIAN_POINT('',(45.,0.,211.));
#11702 = SURFACE_CURVE('',#11703,(#11708,#11719),.PCURVE_S1.);
#11703 = CIRCLE('',#11704,7.5);
#11704 = AXIS2_PLACEMENT_3D('',#11705,#11706,#11707);
#11705 = CARTESIAN_POINT('',(37.5,0.,211.));
#11706 = DIRECTION('',(0.,0.,-1.));
#11707 = DIRECTION('',(1.,0.,0.));
#11708 = PCURVE('',#8985,#11709);
#11709 = DEFINITIONAL_REPRESENTATION('',(#11710),#11718);
#11710 = ( BOUNDED_CURVE() B_SPLINE_CURVE(2,(#11711,#11712,#11713,#11714
    ,#11715,#11716,#11717),.UNSPECIFIED.,.T.,.F.) 
B_SPLINE_CURVE_WITH_KNOTS((1,2,2,2,2,1),(-2.094395102393,0.,
    2.094395102393,4.188790204786,6.28318530718,8.377580409573),
.UNSPECIFIED.) CURVE() GEOMETRIC_REPRESENTATION_ITEM() 
RATIONAL_B_SPLINE_CURVE((1.,0.5,1.,0.5,1.,0.5,1.)) REPRESENTATION_ITEM(
  '') );
#11711 = CARTESIAN_POINT('',(45.,-3.209892110372E-15));
#11712 = CARTESIAN_POINT('',(45.,-12.99038105676));
#11713 = CARTESIAN_POINT('',(33.75,-6.495190528383));
#11714 = CARTESIAN_POINT('',(22.5,-5.046862309093E-15));
#11715 = CARTESIAN_POINT('',(33.75,6.495190528383));
#11716 = CARTESIAN_POINT('',(45.,12.990381056767));
#11717 = CARTESIAN_POINT('',(45.,-3.209892110372E-15));
#11718 = ( GEOMETRIC_REPRESENTATION_CONTEXT(2) 
PARAMETRIC_REPRESENTATION_CONTEXT() REPRESENTATION_CONTEXT('2D SPACE',''
  ) );
#11719 = PCURVE('',#11211,#11720);
#11720 = DEFINITIONAL_REPRESENTATION('',(#11721),#11725);
#11721 = LINE('',#11722,#11723);
#11722 = CARTESIAN_POINT('',(-6.28318530718,-156.));
#11723 = VECTOR('',#11724,1.);
#11724 = DIRECTION('',(1.,-0.));
#11725 = ( GEOMETRIC_REPRESENTATION_CONTEXT(2) 
PARAMETRIC_REPRESENTATION_CONTEXT() REPRESENTATION_CONTEXT('2D SPACE',''
  ) );
#11726 = ADVANCED_FACE('',(#11727),#9537,.T.);
#11727 = FACE_BOUND('',#11728,.T.);
#11728 = EDGE_LOOP('',(#11729,#11730,#11753,#11774));
#11729 = ORIENTED_EDGE('',*,*,#11331,.F.);
#11730 = ORIENTED_EDGE('',*,*,#11731,.F.);
#11731 = EDGE_CURVE('',#11732,#11332,#11734,.T.);
#11732 = VERTEX_POINT('',#11733);
#11733 = CARTESIAN_POINT('',(-32.5,25.,221.));
#11734 = SURFACE_CURVE('',#11735,(#11739,#11746),.PCURVE_S1.);
#11735 = LINE('',#11736,#11737);
#11736 = CARTESIAN_POINT('',(-32.5,25.,55.));
#11737 = VECTOR('',#11738,1.);
#11738 = DIRECTION('',(-0.,-0.,-1.));
#11739 = PCURVE('',#9537,#11740);
#11740 = DEFINITIONAL_REPRESENTATION('',(#11741),#11745);
#11741 = LINE('',#11742,#11743);
#11742 = CARTESIAN_POINT('',(82.5,156.));
#11743 = VECTOR('',#11744,1.);
#11744 = DIRECTION('',(0.,1.));
#11745 = ( GEOMETRIC_REPRESENTATION_CONTEXT(2) 
PARAMETRIC_REPRESENTATION_CONTEXT() REPRESENTATION_CONTEXT('2D SPACE',''
  ) );
#11746 = PCURVE('',#11246,#11747);
#11747 = DEFINITIONAL_REPRESENTATION('',(#11748),#11752);
#11748 = LINE('',#11749,#11750);
#11749 = CARTESIAN_POINT('',(-3.14159265359,0.));
#11750 = VECTOR('',#11751,1.);
#11751 = DIRECTION('',(-0.,1.));
#11752 = ( GEOMETRIC_REPRESENTATION_CONTEXT(2) 
PARAMETRIC_REPRESENTATION_CONTEXT() REPRESENTATION_CONTEXT('2D SPACE',''
  ) );
#11753 = ORIENTED_EDGE('',*,*,#11754,.T.);
#11754 = EDGE_CURVE('',#11732,#9494,#11755,.T.);
#11755 = SURFACE_CURVE('',#11756,(#11760,#11767),.PCURVE_S1.);
#11756 = LINE('',#11757,#11758);
#11757 = CARTESIAN_POINT('',(50.,25.,221.));
#11758 = VECTOR('',#11759,1.);
#11759 = DIRECTION('',(-1.,0.,0.));
#11760 = PCURVE('',#9537,#11761);
#11761 = DEFINITIONAL_REPRESENTATION('',(#11762),#11766);
#11762 = LINE('',#11763,#11764);
#11763 = CARTESIAN_POINT('',(0.,-10.));
#11764 = VECTOR('',#11765,1.);
#11765 = DIRECTION('',(1.,0.));
#11766 = ( GEOMETRIC_REPRESENTATION_CONTEXT(2) 
PARAMETRIC_REPRESENTATION_CONTEXT() REPRESENTATION_CONTEXT('2D SPACE',''
  ) );
#11767 = PCURVE('',#9042,#11768);
#11768 = DEFINITIONAL_REPRESENTATION('',(#11769),#11773);
#11769 = LINE('',#11770,#11771);
#11770 = CARTESIAN_POINT('',(50.,25.));
#11771 = VECTOR('',#11772,1.);
#11772 = DIRECTION('',(-1.,0.));
#11773 = ( GEOMETRIC_REPRESENTATION_CONTEXT(2) 
PARAMETRIC_REPRESENTATION_CONTEXT() REPRESENTATION_CONTEXT('2D SPACE',''
  ) );
#11774 = ORIENTED_EDGE('',*,*,#9521,.T.);
#11775 = ADVANCED_FACE('',(#11776,#11932,#11967,#12002,#12037,#12072,
    #12107,#12142),#9042,.F.);
#11776 = FACE_BOUND('',#11777,.F.);
#11777 = EDGE_LOOP('',(#11778,#11779,#11802,#11830,#11853,#11881,#11904,
    #11930,#11931));
#11778 = ORIENTED_EDGE('',*,*,#9025,.F.);
#11779 = ORIENTED_EDGE('',*,*,#11780,.T.);
#11780 = EDGE_CURVE('',#8998,#11781,#11783,.T.);
#11781 = VERTEX_POINT('',#11782);
#11782 = CARTESIAN_POINT('',(32.5,25.,221.));
#11783 = SURFACE_CURVE('',#11784,(#11788,#11795),.PCURVE_S1.);
#11784 = LINE('',#11785,#11786);
#11785 = CARTESIAN_POINT('',(50.,25.,221.));
#11786 = VECTOR('',#11787,1.);
#11787 = DIRECTION('',(-1.,0.,0.));
#11788 = PCURVE('',#9042,#11789);
#11789 = DEFINITIONAL_REPRESENTATION('',(#11790),#11794);
#11790 = LINE('',#11791,#11792);
#11791 = CARTESIAN_POINT('',(50.,25.));
#11792 = VECTOR('',#11793,1.);
#11793 = DIRECTION('',(-1.,0.));
#11794 = ( GEOMETRIC_REPRESENTATION_CONTEXT(2) 
PARAMETRIC_REPRESENTATION_CONTEXT() REPRESENTATION_CONTEXT('2D SPACE',''
  ) );
#11795 = PCURVE('',#9013,#11796);
#11796 = DEFINITIONAL_REPRESENTATION('',(#11797),#11801);
#11797 = LINE('',#11798,#11799);
#11798 = CARTESIAN_POINT('',(0.,-10.));
#11799 = VECTOR('',#11800,1.);
#11800 = DIRECTION('',(1.,0.));
#11801 = ( GEOMETRIC_REPRESENTATION_CONTEXT(2) 
PARAMETRIC_REPRESENTATION_CONTEXT() REPRESENTATION_CONTEXT('2D SPACE',''
  ) );
#11802 = ORIENTED_EDGE('',*,*,#11803,.T.);
#11803 = EDGE_CURVE('',#11781,#11804,#11806,.T.);
#11804 = VERTEX_POINT('',#11805);
#11805 = CARTESIAN_POINT('',(17.5,25.,221.));
#11806 = SURFACE_CURVE('',#11807,(#11812,#11823),.PCURVE_S1.);
#11807 = CIRCLE('',#11808,7.5);
#11808 = AXIS2_PLACEMENT_3D('',#11809,#11810,#11811);
#11809 = CARTESIAN_POINT('',(25.,25.,221.));
#11810 = DIRECTION('',(0.,0.,-1.));
#11811 = DIRECTION('',(1.,0.,0.));
#11812 = PCURVE('',#9042,#11813);
#11813 = DEFINITIONAL_REPRESENTATION('',(#11814),#11822);
#11814 = ( BOUNDED_CURVE() B_SPLINE_CURVE(2,(#11815,#11816,#11817,#11818
    ,#11819,#11820,#11821),.UNSPECIFIED.,.T.,.F.) 
B_SPLINE_CURVE_WITH_KNOTS((1,2,2,2,2,1),(-2.094395102393,0.,
    2.094395102393,4.188790204786,6.28318530718,8.377580409573),
.UNSPECIFIED.) CURVE() GEOMETRIC_REPRESENTATION_ITEM() 
RATIONAL_B_SPLINE_CURVE((1.,0.5,1.,0.5,1.,0.5,1.)) REPRESENTATION_ITEM(
  '') );
#11815 = CARTESIAN_POINT('',(32.5,25.));
#11816 = CARTESIAN_POINT('',(32.5,12.009618943233));
#11817 = CARTESIAN_POINT('',(21.25,18.504809471617));
#11818 = CARTESIAN_POINT('',(10.,25.));
#11819 = CARTESIAN_POINT('',(21.25,31.495190528383));
#11820 = CARTESIAN_POINT('',(32.5,37.990381056767));
#11821 = CARTESIAN_POINT('',(32.5,25.));
#11822 = ( GEOMETRIC_REPRESENTATION_CONTEXT(2) 
PARAMETRIC_REPRESENTATION_CONTEXT() REPRESENTATION_CONTEXT('2D SPACE',''
  ) );
#11823 = PCURVE('',#11316,#11824);
#11824 = DEFINITIONAL_REPRESENTATION('',(#11825),#11829);
#11825 = LINE('',#11826,#11827);
#11826 = CARTESIAN_POINT('',(-6.28318530718,-166.));
#11827 = VECTOR('',#11828,1.);
#11828 = DIRECTION('',(1.,-0.));
#11829 = ( GEOMETRIC_REPRESENTATION_CONTEXT(2) 
PARAMETRIC_REPRESENTATION_CONTEXT() REPRESENTATION_CONTEXT('2D SPACE',''
  ) );
#11830 = ORIENTED_EDGE('',*,*,#11831,.T.);
#11831 = EDGE_CURVE('',#11804,#11832,#11834,.T.);
#11832 = VERTEX_POINT('',#11833);
#11833 = CARTESIAN_POINT('',(7.5,25.,221.));
#11834 = SURFACE_CURVE('',#11835,(#11839,#11846),.PCURVE_S1.);
#11835 = LINE('',#11836,#11837);
#11836 = CARTESIAN_POINT('',(50.,25.,221.));
#11837 = VECTOR('',#11838,1.);
#11838 = DIRECTION('',(-1.,0.,0.));
#11839 = PCURVE('',#9042,#11840);
#11840 = DEFINITIONAL_REPRESENTATION('',(#11841),#11845);
#11841 = LINE('',#11842,#11843);
#11842 = CARTESIAN_POINT('',(50.,25.));
#11843 = VECTOR('',#11844,1.);
#11844 = DIRECTION('',(-1.,0.));
#11845 = ( GEOMETRIC_REPRESENTATION_CONTEXT(2) 
PARAMETRIC_REPRESENTATION_CONTEXT() REPRESENTATION_CONTEXT('2D SPACE',''
  ) );
#11846 = PCURVE('',#11423,#11847);
#11847 = DEFINITIONAL_REPRESENTATION('',(#11848),#11852);
#11848 = LINE('',#11849,#11850);
#11849 = CARTESIAN_POINT('',(0.,-10.));
#11850 = VECTOR('',#11851,1.);
#11851 = DIRECTION('',(1.,0.));
#11852 = ( GEOMETRIC_REPRESENTATION_CONTEXT(2) 
PARAMETRIC_REPRESENTATION_CONTEXT() REPRESENTATION_CONTEXT('2D SPACE',''
  ) );
#11853 = ORIENTED_EDGE('',*,*,#11854,.T.);
#11854 = EDGE_CURVE('',#11832,#11855,#11857,.T.);
#11855 = VERTEX_POINT('',#11856);
#11856 = CARTESIAN_POINT('',(-7.5,25.,221.));
#11857 = SURFACE_CURVE('',#11858,(#11863,#11874),.PCURVE_S1.);
#11858 = CIRCLE('',#11859,7.5);
#11859 = AXIS2_PLACEMENT_3D('',#11860,#11861,#11862);
#11860 = CARTESIAN_POINT('',(0.,25.,221.));
#11861 = DIRECTION('',(0.,0.,-1.));
#11862 = DIRECTION('',(1.,0.,0.));
#11863 = PCURVE('',#9042,#11864);
#11864 = DEFINITIONAL_REPRESENTATION('',(#11865),#11873);
#11865 = ( BOUNDED_CURVE() B_SPLINE_CURVE(2,(#11866,#11867,#11868,#11869
    ,#11870,#11871,#11872),.UNSPECIFIED.,.T.,.F.) 
B_SPLINE_CURVE_WITH_KNOTS((1,2,2,2,2,1),(-2.094395102393,0.,
    2.094395102393,4.188790204786,6.28318530718,8.377580409573),
.UNSPECIFIED.) CURVE() GEOMETRIC_REPRESENTATION_ITEM() 
RATIONAL_B_SPLINE_CURVE((1.,0.5,1.,0.5,1.,0.5,1.)) REPRESENTATION_ITEM(
  '') );
#11866 = CARTESIAN_POINT('',(7.5,25.));
#11867 = CARTESIAN_POINT('',(7.5,12.009618943233));
#11868 = CARTESIAN_POINT('',(-3.75,18.504809471617));
#11869 = CARTESIAN_POINT('',(-15.,25.));
#11870 = CARTESIAN_POINT('',(-3.75,31.495190528383));
#11871 = CARTESIAN_POINT('',(7.5,37.990381056767));
#11872 = CARTESIAN_POINT('',(7.5,25.));
#11873 = ( GEOMETRIC_REPRESENTATION_CONTEXT(2) 
PARAMETRIC_REPRESENTATION_CONTEXT() REPRESENTATION_CONTEXT('2D SPACE',''
  ) );
#11874 = PCURVE('',#11281,#11875);
#11875 = DEFINITIONAL_REPRESENTATION('',(#11876),#11880);
#11876 = LINE('',#11877,#11878);
#11877 = CARTESIAN_POINT('',(-6.28318530718,-166.));
#11878 = VECTOR('',#11879,1.);
#11879 = DIRECTION('',(1.,-0.));
#11880 = ( GEOMETRIC_REPRESENTATION_CONTEXT(2) 
PARAMETRIC_REPRESENTATION_CONTEXT() REPRESENTATION_CONTEXT('2D SPACE',''
  ) );
#11881 = ORIENTED_EDGE('',*,*,#11882,.T.);
#11882 = EDGE_CURVE('',#11855,#11883,#11885,.T.);
#11883 = VERTEX_POINT('',#11884);
#11884 = CARTESIAN_POINT('',(-17.5,25.,221.));
#11885 = SURFACE_CURVE('',#11886,(#11890,#11897),.PCURVE_S1.);
#11886 = LINE('',#11887,#11888);
#11887 = CARTESIAN_POINT('',(50.,25.,221.));
#11888 = VECTOR('',#11889,1.);
#11889 = DIRECTION('',(-1.,0.,0.));
#11890 = PCURVE('',#9042,#11891);
#11891 = DEFINITIONAL_REPRESENTATION('',(#11892),#11896);
#11892 = LINE('',#11893,#11894);
#11893 = CARTESIAN_POINT('',(50.,25.));
#11894 = VECTOR('',#11895,1.);
#11895 = DIRECTION('',(-1.,0.));
#11896 = ( GEOMETRIC_REPRESENTATION_CONTEXT(2) 
PARAMETRIC_REPRESENTATION_CONTEXT() REPRESENTATION_CONTEXT('2D SPACE',''
  ) );
#11897 = PCURVE('',#11479,#11898);
#11898 = DEFINITIONAL_REPRESENTATION('',(#11899),#11903);
#11899 = LINE('',#11900,#11901);
#11900 = CARTESIAN_POINT('',(0.,-10.));
#11901 = VECTOR('',#11902,1.);
#11902 = DIRECTION('',(1.,0.));
#11903 = ( GEOMETRIC_REPRESENTATION_CONTEXT(2) 
PARAMETRIC_REPRESENTATION_CONTEXT() REPRESENTATION_CONTEXT('2D SPACE',''
  ) );
#11904 = ORIENTED_EDGE('',*,*,#11905,.T.);
#11905 = EDGE_CURVE('',#11883,#11732,#11906,.T.);
#11906 = SURFACE_CURVE('',#11907,(#11912,#11923),.PCURVE_S1.);
#11907 = CIRCLE('',#11908,7.5);
#11908 = AXIS2_PLACEMENT_3D('',#11909,#11910,#11911);
#11909 = CARTESIAN_POINT('',(-25.,25.,221.));
#11910 = DIRECTION('',(0.,0.,-1.));
#11911 = DIRECTION('',(1.,0.,0.));
#11912 = PCURVE('',#9042,#11913);
#11913 = DEFINITIONAL_REPRESENTATION('',(#11914),#11922);
#11914 = ( BOUNDED_CURVE() B_SPLINE_CURVE(2,(#11915,#11916,#11917,#11918
    ,#11919,#11920,#11921),.UNSPECIFIED.,.T.,.F.) 
B_SPLINE_CURVE_WITH_KNOTS((1,2,2,2,2,1),(-2.094395102393,0.,
    2.094395102393,4.188790204786,6.28318530718,8.377580409573),
.UNSPECIFIED.) CURVE() GEOMETRIC_REPRESENTATION_ITEM() 
RATIONAL_B_SPLINE_CURVE((1.,0.5,1.,0.5,1.,0.5,1.)) REPRESENTATION_ITEM(
  '') );
#11915 = CARTESIAN_POINT('',(-17.5,25.));
#11916 = CARTESIAN_POINT('',(-17.5,12.009618943233));
#11917 = CARTESIAN_POINT('',(-28.75,18.504809471617));
#11918 = CARTESIAN_POINT('',(-40.,25.));
#11919 = CARTESIAN_POINT('',(-28.75,31.495190528383));
#11920 = CARTESIAN_POINT('',(-17.5,37.990381056767));
#11921 = CARTESIAN_POINT('',(-17.5,25.));
#11922 = ( GEOMETRIC_REPRESENTATION_CONTEXT(2) 
PARAMETRIC_REPRESENTATION_CONTEXT() REPRESENTATION_CONTEXT('2D SPACE',''
  ) );
#11923 = PCURVE('',#11246,#11924);
#11924 = DEFINITIONAL_REPRESENTATION('',(#11925),#11929);
#11925 = LINE('',#11926,#11927);
#11926 = CARTESIAN_POINT('',(-6.28318530718,-166.));
#11927 = VECTOR('',#11928,1.);
#11928 = DIRECTION('',(1.,-0.));
#11929 = ( GEOMETRIC_REPRESENTATION_CONTEXT(2) 
PARAMETRIC_REPRESENTATION_CONTEXT() REPRESENTATION_CONTEXT('2D SPACE',''
  ) );
#11930 = ORIENTED_EDGE('',*,*,#11754,.T.);
#11931 = ORIENTED_EDGE('',*,*,#9493,.F.);
#11932 = FACE_BOUND('',#11933,.F.);
#11933 = EDGE_LOOP('',(#11934));
#11934 = ORIENTED_EDGE('',*,*,#11935,.T.);
#11935 = EDGE_CURVE('',#11936,#11936,#11938,.T.);
#11936 = VERTEX_POINT('',#11937);
#11937 = CARTESIAN_POINT('',(-17.5,-25.,221.));
#11938 = SURFACE_CURVE('',#11939,(#11944,#11955),.PCURVE_S1.);
#11939 = CIRCLE('',#11940,7.5);
#11940 = AXIS2_PLACEMENT_3D('',#11941,#11942,#11943);
#11941 = CARTESIAN_POINT('',(-25.,-25.,221.));
#11942 = DIRECTION('',(0.,0.,-1.));
#11943 = DIRECTION('',(1.,0.,0.));
#11944 = PCURVE('',#9042,#11945);
#11945 = DEFINITIONAL_REPRESENTATION('',(#11946),#11954);
#11946 = ( BOUNDED_CURVE() B_SPLINE_CURVE(2,(#11947,#11948,#11949,#11950
    ,#11951,#11952,#11953),.UNSPECIFIED.,.T.,.F.) 
B_SPLINE_CURVE_WITH_KNOTS((1,2,2,2,2,1),(-2.094395102393,0.,
    2.094395102393,4.188790204786,6.28318530718,8.377580409573),
.UNSPECIFIED.) CURVE() GEOMETRIC_REPRESENTATION_ITEM() 
RATIONAL_B_SPLINE_CURVE((1.,0.5,1.,0.5,1.,0.5,1.)) REPRESENTATION_ITEM(
  '') );
#11947 = CARTESIAN_POINT('',(-17.5,-25.));
#11948 = CARTESIAN_POINT('',(-17.5,-37.99038105676));
#11949 = CARTESIAN_POINT('',(-28.75,-31.49519052838));
#11950 = CARTESIAN_POINT('',(-40.,-25.));
#11951 = CARTESIAN_POINT('',(-28.75,-18.50480947161));
#11952 = CARTESIAN_POINT('',(-17.5,-12.00961894323));
#11953 = CARTESIAN_POINT('',(-17.5,-25.));
#11954 = ( GEOMETRIC_REPRESENTATION_CONTEXT(2) 
PARAMETRIC_REPRESENTATION_CONTEXT() REPRESENTATION_CONTEXT('2D SPACE',''
  ) );
#11955 = PCURVE('',#11956,#11961);
#11956 = CYLINDRICAL_SURFACE('',#11957,7.5);
#11957 = AXIS2_PLACEMENT_3D('',#11958,#11959,#11960);
#11958 = CARTESIAN_POINT('',(-25.,-25.,55.));
#11959 = DIRECTION('',(-0.,-0.,-1.));
#11960 = DIRECTION('',(1.,0.,0.));
#11961 = DEFINITIONAL_REPRESENTATION('',(#11962),#11966);
#11962 = LINE('',#11963,#11964);
#11963 = CARTESIAN_POINT('',(-6.28318530718,-166.));
#11964 = VECTOR('',#11965,1.);
#11965 = DIRECTION('',(1.,-0.));
#11966 = ( GEOMETRIC_REPRESENTATION_CONTEXT(2) 
PARAMETRIC_REPRESENTATION_CONTEXT() REPRESENTATION_CONTEXT('2D SPACE',''
  ) );
#11967 = FACE_BOUND('',#11968,.F.);
#11968 = EDGE_LOOP('',(#11969));
#11969 = ORIENTED_EDGE('',*,*,#11970,.T.);
#11970 = EDGE_CURVE('',#11971,#11971,#11973,.T.);
#11971 = VERTEX_POINT('',#11972);
#11972 = CARTESIAN_POINT('',(7.5,-25.,221.));
#11973 = SURFACE_CURVE('',#11974,(#11979,#11990),.PCURVE_S1.);
#11974 = CIRCLE('',#11975,7.5);
#11975 = AXIS2_PLACEMENT_3D('',#11976,#11977,#11978);
#11976 = CARTESIAN_POINT('',(0.,-25.,221.));
#11977 = DIRECTION('',(0.,0.,-1.));
#11978 = DIRECTION('',(1.,0.,0.));
#11979 = PCURVE('',#9042,#11980);
#11980 = DEFINITIONAL_REPRESENTATION('',(#11981),#11989);
#11981 = ( BOUNDED_CURVE() B_SPLINE_CURVE(2,(#11982,#11983,#11984,#11985
    ,#11986,#11987,#11988),.UNSPECIFIED.,.T.,.F.) 
B_SPLINE_CURVE_WITH_KNOTS((1,2,2,2,2,1),(-2.094395102393,0.,
    2.094395102393,4.188790204786,6.28318530718,8.377580409573),
.UNSPECIFIED.) CURVE() GEOMETRIC_REPRESENTATION_ITEM() 
RATIONAL_B_SPLINE_CURVE((1.,0.5,1.,0.5,1.,0.5,1.)) REPRESENTATION_ITEM(
  '') );
#11982 = CARTESIAN_POINT('',(7.5,-25.));
#11983 = CARTESIAN_POINT('',(7.5,-37.99038105676));
#11984 = CARTESIAN_POINT('',(-3.75,-31.49519052838));
#11985 = CARTESIAN_POINT('',(-15.,-25.));
#11986 = CARTESIAN_POINT('',(-3.75,-18.50480947161));
#11987 = CARTESIAN_POINT('',(7.5,-12.00961894323));
#11988 = CARTESIAN_POINT('',(7.5,-25.));
#11989 = ( GEOMETRIC_REPRESENTATION_CONTEXT(2) 
PARAMETRIC_REPRESENTATION_CONTEXT() REPRESENTATION_CONTEXT('2D SPACE',''
  ) );
#11990 = PCURVE('',#11991,#11996);
#11991 = CYLINDRICAL_SURFACE('',#11992,7.5);
#11992 = AXIS2_PLACEMENT_3D('',#11993,#11994,#11995);
#11993 = CARTESIAN_POINT('',(0.,-25.,55.));
#11994 = DIRECTION('',(-0.,-0.,-1.));
#11995 = DIRECTION('',(1.,0.,0.));
#11996 = DEFINITIONAL_REPRESENTATION('',(#11997),#12001);
#11997 = LINE('',#11998,#11999);
#11998 = CARTESIAN_POINT('',(-6.28318530718,-166.));
#11999 = VECTOR('',#12000,1.);
#12000 = DIRECTION('',(1.,-0.));
#12001 = ( GEOMETRIC_REPRESENTATION_CONTEXT(2) 
PARAMETRIC_REPRESENTATION_CONTEXT() REPRESENTATION_CONTEXT('2D SPACE',''
  ) );
#12002 = FACE_BOUND('',#12003,.F.);
#12003 = EDGE_LOOP('',(#12004));
#12004 = ORIENTED_EDGE('',*,*,#12005,.T.);
#12005 = EDGE_CURVE('',#12006,#12006,#12008,.T.);
#12006 = VERTEX_POINT('',#12007);
#12007 = CARTESIAN_POINT('',(32.5,-25.,221.));
#12008 = SURFACE_CURVE('',#12009,(#12014,#12025),.PCURVE_S1.);
#12009 = CIRCLE('',#12010,7.5);
#12010 = AXIS2_PLACEMENT_3D('',#12011,#12012,#12013);
#12011 = CARTESIAN_POINT('',(25.,-25.,221.));
#12012 = DIRECTION('',(0.,0.,-1.));
#12013 = DIRECTION('',(1.,0.,0.));
#12014 = PCURVE('',#9042,#12015);
#12015 = DEFINITIONAL_REPRESENTATION('',(#12016),#12024);
#12016 = ( BOUNDED_CURVE() B_SPLINE_CURVE(2,(#12017,#12018,#12019,#12020
    ,#12021,#12022,#12023),.UNSPECIFIED.,.T.,.F.) 
B_SPLINE_CURVE_WITH_KNOTS((1,2,2,2,2,1),(-2.094395102393,0.,
    2.094395102393,4.188790204786,6.28318530718,8.377580409573),
.UNSPECIFIED.) CURVE() GEOMETRIC_REPRESENTATION_ITEM() 
RATIONAL_B_SPLINE_CURVE((1.,0.5,1.,0.5,1.,0.5,1.)) REPRESENTATION_ITEM(
  '') );
#12017 = CARTESIAN_POINT('',(32.5,-25.));
#12018 = CARTESIAN_POINT('',(32.5,-37.99038105676));
#12019 = CARTESIAN_POINT('',(21.25,-31.49519052838));
#12020 = CARTESIAN_POINT('',(10.,-25.));
#12021 = CARTESIAN_POINT('',(21.25,-18.50480947161));
#12022 = CARTESIAN_POINT('',(32.5,-12.00961894323));
#12023 = CARTESIAN_POINT('',(32.5,-25.));
#12024 = ( GEOMETRIC_REPRESENTATION_CONTEXT(2) 
PARAMETRIC_REPRESENTATION_CONTEXT() REPRESENTATION_CONTEXT('2D SPACE',''
  ) );
#12025 = PCURVE('',#12026,#12031);
#12026 = CYLINDRICAL_SURFACE('',#12027,7.5);
#12027 = AXIS2_PLACEMENT_3D('',#12028,#12029,#12030);
#12028 = CARTESIAN_POINT('',(25.,-25.,55.));
#12029 = DIRECTION('',(-0.,-0.,-1.));
#12030 = DIRECTION('',(1.,0.,0.));
#12031 = DEFINITIONAL_REPRESENTATION('',(#12032),#12036);
#12032 = LINE('',#12033,#12034);
#12033 = CARTESIAN_POINT('',(-6.28318530718,-166.));
#12034 = VECTOR('',#12035,1.);
#12035 = DIRECTION('',(1.,-0.));
#12036 = ( GEOMETRIC_REPRESENTATION_CONTEXT(2) 
PARAMETRIC_REPRESENTATION_CONTEXT() REPRESENTATION_CONTEXT('2D SPACE',''
  ) );
#12037 = FACE_BOUND('',#12038,.F.);
#12038 = EDGE_LOOP('',(#12039));
#12039 = ORIENTED_EDGE('',*,*,#12040,.T.);
#12040 = EDGE_CURVE('',#12041,#12041,#12043,.T.);
#12041 = VERTEX_POINT('',#12042);
#12042 = CARTESIAN_POINT('',(-30.,0.,221.));
#12043 = SURFACE_CURVE('',#12044,(#12049,#12060),.PCURVE_S1.);
#12044 = CIRCLE('',#12045,7.5);
#12045 = AXIS2_PLACEMENT_3D('',#12046,#12047,#12048);
#12046 = CARTESIAN_POINT('',(-37.5,0.,221.));
#12047 = DIRECTION('',(0.,0.,-1.));
#12048 = DIRECTION('',(1.,0.,0.));
#12049 = PCURVE('',#9042,#12050);
#12050 = DEFINITIONAL_REPRESENTATION('',(#12051),#12059);
#12051 = ( BOUNDED_CURVE() B_SPLINE_CURVE(2,(#12052,#12053,#12054,#12055
    ,#12056,#12057,#12058),.UNSPECIFIED.,.T.,.F.) 
B_SPLINE_CURVE_WITH_KNOTS((1,2,2,2,2,1),(-2.094395102393,0.,
    2.094395102393,4.188790204786,6.28318530718,8.377580409573),
.UNSPECIFIED.) CURVE() GEOMETRIC_REPRESENTATION_ITEM() 
RATIONAL_B_SPLINE_CURVE((1.,0.5,1.,0.5,1.,0.5,1.)) REPRESENTATION_ITEM(
  '') );
#12052 = CARTESIAN_POINT('',(-30.,-3.209892110372E-15));
#12053 = CARTESIAN_POINT('',(-30.,-12.99038105676));
#12054 = CARTESIAN_POINT('',(-41.25,-6.495190528383));
#12055 = CARTESIAN_POINT('',(-52.5,-5.046862309093E-15));
#12056 = CARTESIAN_POINT('',(-41.25,6.495190528383));
#12057 = CARTESIAN_POINT('',(-30.,12.990381056767));
#12058 = CARTESIAN_POINT('',(-30.,-3.209892110372E-15));
#12059 = ( GEOMETRIC_REPRESENTATION_CONTEXT(2) 
PARAMETRIC_REPRESENTATION_CONTEXT() REPRESENTATION_CONTEXT('2D SPACE',''
  ) );
#12060 = PCURVE('',#12061,#12066);
#12061 = CYLINDRICAL_SURFACE('',#12062,7.5);
#12062 = AXIS2_PLACEMENT_3D('',#12063,#12064,#12065);
#12063 = CARTESIAN_POINT('',(-37.5,0.,55.));
#12064 = DIRECTION('',(-0.,-0.,-1.));
#12065 = DIRECTION('',(1.,0.,0.));
#12066 = DEFINITIONAL_REPRESENTATION('',(#12067),#12071);
#12067 = LINE('',#12068,#12069);
#12068 = CARTESIAN_POINT('',(-6.28318530718,-166.));
#12069 = VECTOR('',#12070,1.);
#12070 = DIRECTION('',(1.,-0.));
#12071 = ( GEOMETRIC_REPRESENTATION_CONTEXT(2) 
PARAMETRIC_REPRESENTATION_CONTEXT() REPRESENTATION_CONTEXT('2D SPACE',''
  ) );
#12072 = FACE_BOUND('',#12073,.F.);
#12073 = EDGE_LOOP('',(#12074));
#12074 = ORIENTED_EDGE('',*,*,#12075,.T.);
#12075 = EDGE_CURVE('',#12076,#12076,#12078,.T.);
#12076 = VERTEX_POINT('',#12077);
#12077 = CARTESIAN_POINT('',(-5.,0.,221.));
#12078 = SURFACE_CURVE('',#12079,(#12084,#12095),.PCURVE_S1.);
#12079 = CIRCLE('',#12080,7.5);
#12080 = AXIS2_PLACEMENT_3D('',#12081,#12082,#12083);
#12081 = CARTESIAN_POINT('',(-12.5,0.,221.));
#12082 = DIRECTION('',(0.,0.,-1.));
#12083 = DIRECTION('',(1.,0.,0.));
#12084 = PCURVE('',#9042,#12085);
#12085 = DEFINITIONAL_REPRESENTATION('',(#12086),#12094);
#12086 = ( BOUNDED_CURVE() B_SPLINE_CURVE(2,(#12087,#12088,#12089,#12090
    ,#12091,#12092,#12093),.UNSPECIFIED.,.T.,.F.) 
B_SPLINE_CURVE_WITH_KNOTS((1,2,2,2,2,1),(-2.094395102393,0.,
    2.094395102393,4.188790204786,6.28318530718,8.377580409573),
.UNSPECIFIED.) CURVE() GEOMETRIC_REPRESENTATION_ITEM() 
RATIONAL_B_SPLINE_CURVE((1.,0.5,1.,0.5,1.,0.5,1.)) REPRESENTATION_ITEM(
  '') );
#12087 = CARTESIAN_POINT('',(-5.,-3.209892110372E-15));
#12088 = CARTESIAN_POINT('',(-5.,-12.99038105676));
#12089 = CARTESIAN_POINT('',(-16.25,-6.495190528383));
#12090 = CARTESIAN_POINT('',(-27.5,-5.046862309093E-15));
#12091 = CARTESIAN_POINT('',(-16.25,6.495190528383));
#12092 = CARTESIAN_POINT('',(-5.,12.990381056767));
#12093 = CARTESIAN_POINT('',(-5.,-3.209892110372E-15));
#12094 = ( GEOMETRIC_REPRESENTATION_CONTEXT(2) 
PARAMETRIC_REPRESENTATION_CONTEXT() REPRESENTATION_CONTEXT('2D SPACE',''
  ) );
#12095 = PCURVE('',#12096,#12101);
#12096 = CYLINDRICAL_SURFACE('',#12097,7.5);
#12097 = AXIS2_PLACEMENT_3D('',#12098,#12099,#12100);
#12098 = CARTESIAN_POINT('',(-12.5,0.,55.));
#12099 = DIRECTION('',(-0.,-0.,-1.));
#12100 = DIRECTION('',(1.,0.,0.));
#12101 = DEFINITIONAL_REPRESENTATION('',(#12102),#12106);
#12102 = LINE('',#12103,#12104);
#12103 = CARTESIAN_POINT('',(-6.28318530718,-166.));
#12104 = VECTOR('',#12105,1.);
#12105 = DIRECTION('',(1.,-0.));
#12106 = ( GEOMETRIC_REPRESENTATION_CONTEXT(2) 
PARAMETRIC_REPRESENTATION_CONTEXT() REPRESENTATION_CONTEXT('2D SPACE',''
  ) );
#12107 = FACE_BOUND('',#12108,.F.);
#12108 = EDGE_LOOP('',(#12109));
#12109 = ORIENTED_EDGE('',*,*,#12110,.T.);
#12110 = EDGE_CURVE('',#12111,#12111,#12113,.T.);
#12111 = VERTEX_POINT('',#12112);
#12112 = CARTESIAN_POINT('',(20.,0.,221.));
#12113 = SURFACE_CURVE('',#12114,(#12119,#12130),.PCURVE_S1.);
#12114 = CIRCLE('',#12115,7.5);
#12115 = AXIS2_PLACEMENT_3D('',#12116,#12117,#12118);
#12116 = CARTESIAN_POINT('',(12.5,0.,221.));
#12117 = DIRECTION('',(0.,0.,-1.));
#12118 = DIRECTION('',(1.,0.,0.));
#12119 = PCURVE('',#9042,#12120);
#12120 = DEFINITIONAL_REPRESENTATION('',(#12121),#12129);
#12121 = ( BOUNDED_CURVE() B_SPLINE_CURVE(2,(#12122,#12123,#12124,#12125
    ,#12126,#12127,#12128),.UNSPECIFIED.,.T.,.F.) 
B_SPLINE_CURVE_WITH_KNOTS((1,2,2,2,2,1),(-2.094395102393,0.,
    2.094395102393,4.188790204786,6.28318530718,8.377580409573),
.UNSPECIFIED.) CURVE() GEOMETRIC_REPRESENTATION_ITEM() 
RATIONAL_B_SPLINE_CURVE((1.,0.5,1.,0.5,1.,0.5,1.)) REPRESENTATION_ITEM(
  '') );
#12122 = CARTESIAN_POINT('',(20.,-3.209892110372E-15));
#12123 = CARTESIAN_POINT('',(20.,-12.99038105676));
#12124 = CARTESIAN_POINT('',(8.75,-6.495190528383));
#12125 = CARTESIAN_POINT('',(-2.5,-5.046862309093E-15));
#12126 = CARTESIAN_POINT('',(8.75,6.495190528383));
#12127 = CARTESIAN_POINT('',(20.,12.990381056767));
#12128 = CARTESIAN_POINT('',(20.,-3.209892110372E-15));
#12129 = ( GEOMETRIC_REPRESENTATION_CONTEXT(2) 
PARAMETRIC_REPRESENTATION_CONTEXT() REPRESENTATION_CONTEXT('2D SPACE',''
  ) );
#12130 = PCURVE('',#12131,#12136);
#12131 = CYLINDRICAL_SURFACE('',#12132,7.5);
#12132 = AXIS2_PLACEMENT_3D('',#12133,#12134,#12135);
#12133 = CARTESIAN_POINT('',(12.5,0.,55.));
#12134 = DIRECTION('',(-0.,-0.,-1.));
#12135 = DIRECTION('',(1.,0.,0.));
#12136 = DEFINITIONAL_REPRESENTATION('',(#12137),#12141);
#12137 = LINE('',#12138,#12139);
#12138 = CARTESIAN_POINT('',(-6.28318530718,-166.));
#12139 = VECTOR('',#12140,1.);
#12140 = DIRECTION('',(1.,-0.));
#12141 = ( GEOMETRIC_REPRESENTATION_CONTEXT(2) 
PARAMETRIC_REPRESENTATION_CONTEXT() REPRESENTATION_CONTEXT('2D SPACE',''
  ) );
#12142 = FACE_BOUND('',#12143,.F.);
#12143 = EDGE_LOOP('',(#12144));
#12144 = ORIENTED_EDGE('',*,*,#12145,.T.);
#12145 = EDGE_CURVE('',#12146,#12146,#12148,.T.);
#12146 = VERTEX_POINT('',#12147);
#12147 = CARTESIAN_POINT('',(45.,0.,221.));
#12148 = SURFACE_CURVE('',#12149,(#12154,#12165),.PCURVE_S1.);
#12149 = CIRCLE('',#12150,7.5);
#12150 = AXIS2_PLACEMENT_3D('',#12151,#12152,#12153);
#12151 = CARTESIAN_POINT('',(37.5,0.,221.));
#12152 = DIRECTION('',(0.,0.,-1.));
#12153 = DIRECTION('',(1.,0.,0.));
#12154 = PCURVE('',#9042,#12155);
#12155 = DEFINITIONAL_REPRESENTATION('',(#12156),#12164);
#12156 = ( BOUNDED_CURVE() B_SPLINE_CURVE(2,(#12157,#12158,#12159,#12160
    ,#12161,#12162,#12163),.UNSPECIFIED.,.T.,.F.) 
B_SPLINE_CURVE_WITH_KNOTS((1,2,2,2,2,1),(-2.094395102393,0.,
    2.094395102393,4.188790204786,6.28318530718,8.377580409573),
.UNSPECIFIED.) CURVE() GEOMETRIC_REPRESENTATION_ITEM() 
RATIONAL_B_SPLINE_CURVE((1.,0.5,1.,0.5,1.,0.5,1.)) REPRESENTATION_ITEM(
  '') );
#12157 = CARTESIAN_POINT('',(45.,-3.209892110372E-15));
#12158 = CARTESIAN_POINT('',(45.,-12.99038105676));
#12159 = CARTESIAN_POINT('',(33.75,-6.495190528383));
#12160 = CARTESIAN_POINT('',(22.5,-5.046862309093E-15));
#12161 = CARTESIAN_POINT('',(33.75,6.495190528383));
#12162 = CARTESIAN_POINT('',(45.,12.990381056767));
#12163 = CARTESIAN_POINT('',(45.,-3.209892110372E-15));
#12164 = ( GEOMETRIC_REPRESENTATION_CONTEXT(2) 
PARAMETRIC_REPRESENTATION_CONTEXT() REPRESENTATION_CONTEXT('2D SPACE',''
  ) );
#12165 = PCURVE('',#12166,#12171);
#12166 = CYLINDRICAL_SURFACE('',#12167,7.5);
#12167 = AXIS2_PLACEMENT_3D('',#12168,#12169,#12170);
#12168 = CARTESIAN_POINT('',(37.5,0.,55.));
#12169 = DIRECTION('',(-0.,-0.,-1.));
#12170 = DIRECTION('',(1.,0.,0.));
#12171 = DEFINITIONAL_REPRESENTATION('',(#12172),#12176);
#12172 = LINE('',#12173,#12174);
#12173 = CARTESIAN_POINT('',(-6.28318530718,-166.));
#12174 = VECTOR('',#12175,1.);
#12175 = DIRECTION('',(1.,-0.));
#12176 = ( GEOMETRIC_REPRESENTATION_CONTEXT(2) 
PARAMETRIC_REPRESENTATION_CONTEXT() REPRESENTATION_CONTEXT('2D SPACE',''
  ) );
#12177 = ADVANCED_FACE('',(#12178,#12366,#12396,#12426,#12456,#12486,
    #12516,#12546),#9098,.T.);
#12178 = FACE_BOUND('',#12179,.T.);
#12179 = EDGE_LOOP('',(#12180,#12203,#12204,#12205,#12228,#12256,#12284,
    #12312,#12340));
#12180 = ORIENTED_EDGE('',*,*,#12181,.T.);
#12181 = EDGE_CURVE('',#12182,#9443,#12184,.T.);
#12182 = VERTEX_POINT('',#12183);
#12183 = CARTESIAN_POINT('',(32.5,-25.,289.));
#12184 = SURFACE_CURVE('',#12185,(#12189,#12196),.PCURVE_S1.);
#12185 = LINE('',#12186,#12187);
#12186 = CARTESIAN_POINT('',(-50.,-25.,289.));
#12187 = VECTOR('',#12188,1.);
#12188 = DIRECTION('',(1.,0.,0.));
#12189 = PCURVE('',#9098,#12190);
#12190 = DEFINITIONAL_REPRESENTATION('',(#12191),#12195);
#12191 = LINE('',#12192,#12193);
#12192 = CARTESIAN_POINT('',(-50.,-25.));
#12193 = VECTOR('',#12194,1.);
#12194 = DIRECTION('',(1.,0.));
#12195 = ( GEOMETRIC_REPRESENTATION_CONTEXT(2) 
PARAMETRIC_REPRESENTATION_CONTEXT() REPRESENTATION_CONTEXT('2D SPACE',''
  ) );
#12196 = PCURVE('',#9458,#12197);
#12197 = DEFINITIONAL_REPRESENTATION('',(#12198),#12202);
#12198 = LINE('',#12199,#12200);
#12199 = CARTESIAN_POINT('',(0.,0.));
#12200 = VECTOR('',#12201,1.);
#12201 = DIRECTION('',(1.,0.));
#12202 = ( GEOMETRIC_REPRESENTATION_CONTEXT(2) 
PARAMETRIC_REPRESENTATION_CONTEXT() REPRESENTATION_CONTEXT('2D SPACE',''
  ) );
#12203 = ORIENTED_EDGE('',*,*,#9470,.T.);
#12204 = ORIENTED_EDGE('',*,*,#9081,.T.);
#12205 = ORIENTED_EDGE('',*,*,#12206,.T.);
#12206 = EDGE_CURVE('',#9082,#12207,#12209,.T.);
#12207 = VERTEX_POINT('',#12208);
#12208 = CARTESIAN_POINT('',(-32.5,-25.,289.));
#12209 = SURFACE_CURVE('',#12210,(#12214,#12221),.PCURVE_S1.);
#12210 = LINE('',#12211,#12212);
#12211 = CARTESIAN_POINT('',(-50.,-25.,289.));
#12212 = VECTOR('',#12213,1.);
#12213 = DIRECTION('',(1.,0.,0.));
#12214 = PCURVE('',#9098,#12215);
#12215 = DEFINITIONAL_REPRESENTATION('',(#12216),#12220);
#12216 = LINE('',#12217,#12218);
#12217 = CARTESIAN_POINT('',(-50.,-25.));
#12218 = VECTOR('',#12219,1.);
#12219 = DIRECTION('',(1.,0.));
#12220 = ( GEOMETRIC_REPRESENTATION_CONTEXT(2) 
PARAMETRIC_REPRESENTATION_CONTEXT() REPRESENTATION_CONTEXT('2D SPACE',''
  ) );
#12221 = PCURVE('',#9126,#12222);
#12222 = DEFINITIONAL_REPRESENTATION('',(#12223),#12227);
#12223 = LINE('',#12224,#12225);
#12224 = CARTESIAN_POINT('',(0.,0.));
#12225 = VECTOR('',#12226,1.);
#12226 = DIRECTION('',(1.,0.));
#12227 = ( GEOMETRIC_REPRESENTATION_CONTEXT(2) 
PARAMETRIC_REPRESENTATION_CONTEXT() REPRESENTATION_CONTEXT('2D SPACE',''
  ) );
#12228 = ORIENTED_EDGE('',*,*,#12229,.T.);
#12229 = EDGE_CURVE('',#12207,#12230,#12232,.T.);
#12230 = VERTEX_POINT('',#12231);
#12231 = CARTESIAN_POINT('',(-17.5,-25.,289.));
#12232 = SURFACE_CURVE('',#12233,(#12238,#12249),.PCURVE_S1.);
#12233 = CIRCLE('',#12234,7.5);
#12234 = AXIS2_PLACEMENT_3D('',#12235,#12236,#12237);
#12235 = CARTESIAN_POINT('',(-25.,-25.,289.));
#12236 = DIRECTION('',(0.,0.,-1.));
#12237 = DIRECTION('',(1.,0.,0.));
#12238 = PCURVE('',#9098,#12239);
#12239 = DEFINITIONAL_REPRESENTATION('',(#12240),#12248);
#12240 = ( BOUNDED_CURVE() B_SPLINE_CURVE(2,(#12241,#12242,#12243,#12244
    ,#12245,#12246,#12247),.UNSPECIFIED.,.T.,.F.) 
B_SPLINE_CURVE_WITH_KNOTS((1,2,2,2,2,1),(-2.094395102393,0.,
    2.094395102393,4.188790204786,6.28318530718,8.377580409573),
.UNSPECIFIED.) CURVE() GEOMETRIC_REPRESENTATION_ITEM() 
RATIONAL_B_SPLINE_CURVE((1.,0.5,1.,0.5,1.,0.5,1.)) REPRESENTATION_ITEM(
  '') );
#12241 = CARTESIAN_POINT('',(-17.5,-25.));
#12242 = CARTESIAN_POINT('',(-17.5,-37.99038105676));
#12243 = CARTESIAN_POINT('',(-28.75,-31.49519052838));
#12244 = CARTESIAN_POINT('',(-40.,-25.));
#12245 = CARTESIAN_POINT('',(-28.75,-18.50480947161));
#12246 = CARTESIAN_POINT('',(-17.5,-12.00961894323));
#12247 = CARTESIAN_POINT('',(-17.5,-25.));
#12248 = ( GEOMETRIC_REPRESENTATION_CONTEXT(2) 
PARAMETRIC_REPRESENTATION_CONTEXT() REPRESENTATION_CONTEXT('2D SPACE',''
  ) );
#12249 = PCURVE('',#11956,#12250);
#12250 = DEFINITIONAL_REPRESENTATION('',(#12251),#12255);
#12251 = LINE('',#12252,#12253);
#12252 = CARTESIAN_POINT('',(-6.28318530718,-234.));
#12253 = VECTOR('',#12254,1.);
#12254 = DIRECTION('',(1.,-0.));
#12255 = ( GEOMETRIC_REPRESENTATION_CONTEXT(2) 
PARAMETRIC_REPRESENTATION_CONTEXT() REPRESENTATION_CONTEXT('2D SPACE',''
  ) );
#12256 = ORIENTED_EDGE('',*,*,#12257,.T.);
#12257 = EDGE_CURVE('',#12230,#12258,#12260,.T.);
#12258 = VERTEX_POINT('',#12259);
#12259 = CARTESIAN_POINT('',(-7.5,-25.,289.));
#12260 = SURFACE_CURVE('',#12261,(#12265,#12272),.PCURVE_S1.);
#12261 = LINE('',#12262,#12263);
#12262 = CARTESIAN_POINT('',(-50.,-25.,289.));
#12263 = VECTOR('',#12264,1.);
#12264 = DIRECTION('',(1.,0.,0.));
#12265 = PCURVE('',#9098,#12266);
#12266 = DEFINITIONAL_REPRESENTATION('',(#12267),#12271);
#12267 = LINE('',#12268,#12269);
#12268 = CARTESIAN_POINT('',(-50.,-25.));
#12269 = VECTOR('',#12270,1.);
#12270 = DIRECTION('',(1.,0.));
#12271 = ( GEOMETRIC_REPRESENTATION_CONTEXT(2) 
PARAMETRIC_REPRESENTATION_CONTEXT() REPRESENTATION_CONTEXT('2D SPACE',''
  ) );
#12272 = PCURVE('',#12273,#12278);
#12273 = PLANE('',#12274);
#12274 = AXIS2_PLACEMENT_3D('',#12275,#12276,#12277);
#12275 = CARTESIAN_POINT('',(-50.,-25.,289.));
#12276 = DIRECTION('',(0.,1.,0.));
#12277 = DIRECTION('',(1.,0.,0.));
#12278 = DEFINITIONAL_REPRESENTATION('',(#12279),#12283);
#12279 = LINE('',#12280,#12281);
#12280 = CARTESIAN_POINT('',(0.,0.));
#12281 = VECTOR('',#12282,1.);
#12282 = DIRECTION('',(1.,0.));
#12283 = ( GEOMETRIC_REPRESENTATION_CONTEXT(2) 
PARAMETRIC_REPRESENTATION_CONTEXT() REPRESENTATION_CONTEXT('2D SPACE',''
  ) );
#12284 = ORIENTED_EDGE('',*,*,#12285,.T.);
#12285 = EDGE_CURVE('',#12258,#12286,#12288,.T.);
#12286 = VERTEX_POINT('',#12287);
#12287 = CARTESIAN_POINT('',(7.5,-25.,289.));
#12288 = SURFACE_CURVE('',#12289,(#12294,#12305),.PCURVE_S1.);
#12289 = CIRCLE('',#12290,7.5);
#12290 = AXIS2_PLACEMENT_3D('',#12291,#12292,#12293);
#12291 = CARTESIAN_POINT('',(0.,-25.,289.));
#12292 = DIRECTION('',(0.,0.,-1.));
#12293 = DIRECTION('',(1.,0.,0.));
#12294 = PCURVE('',#9098,#12295);
#12295 = DEFINITIONAL_REPRESENTATION('',(#12296),#12304);
#12296 = ( BOUNDED_CURVE() B_SPLINE_CURVE(2,(#12297,#12298,#12299,#12300
    ,#12301,#12302,#12303),.UNSPECIFIED.,.T.,.F.) 
B_SPLINE_CURVE_WITH_KNOTS((1,2,2,2,2,1),(-2.094395102393,0.,
    2.094395102393,4.188790204786,6.28318530718,8.377580409573),
.UNSPECIFIED.) CURVE() GEOMETRIC_REPRESENTATION_ITEM() 
RATIONAL_B_SPLINE_CURVE((1.,0.5,1.,0.5,1.,0.5,1.)) REPRESENTATION_ITEM(
  '') );
#12297 = CARTESIAN_POINT('',(7.5,-25.));
#12298 = CARTESIAN_POINT('',(7.5,-37.99038105676));
#12299 = CARTESIAN_POINT('',(-3.75,-31.49519052838));
#12300 = CARTESIAN_POINT('',(-15.,-25.));
#12301 = CARTESIAN_POINT('',(-3.75,-18.50480947161));
#12302 = CARTESIAN_POINT('',(7.5,-12.00961894323));
#12303 = CARTESIAN_POINT('',(7.5,-25.));
#12304 = ( GEOMETRIC_REPRESENTATION_CONTEXT(2) 
PARAMETRIC_REPRESENTATION_CONTEXT() REPRESENTATION_CONTEXT('2D SPACE',''
  ) );
#12305 = PCURVE('',#11991,#12306);
#12306 = DEFINITIONAL_REPRESENTATION('',(#12307),#12311);
#12307 = LINE('',#12308,#12309);
#12308 = CARTESIAN_POINT('',(-6.28318530718,-234.));
#12309 = VECTOR('',#12310,1.);
#12310 = DIRECTION('',(1.,-0.));
#12311 = ( GEOMETRIC_REPRESENTATION_CONTEXT(2) 
PARAMETRIC_REPRESENTATION_CONTEXT() REPRESENTATION_CONTEXT('2D SPACE',''
  ) );
#12312 = ORIENTED_EDGE('',*,*,#12313,.T.);
#12313 = EDGE_CURVE('',#12286,#12314,#12316,.T.);
#12314 = VERTEX_POINT('',#12315);
#12315 = CARTESIAN_POINT('',(17.5,-25.,289.));
#12316 = SURFACE_CURVE('',#12317,(#12321,#12328),.PCURVE_S1.);
#12317 = LINE('',#12318,#12319);
#12318 = CARTESIAN_POINT('',(-50.,-25.,289.));
#12319 = VECTOR('',#12320,1.);
#12320 = DIRECTION('',(1.,0.,0.));
#12321 = PCURVE('',#9098,#12322);
#12322 = DEFINITIONAL_REPRESENTATION('',(#12323),#12327);
#12323 = LINE('',#12324,#12325);
#12324 = CARTESIAN_POINT('',(-50.,-25.));
#12325 = VECTOR('',#12326,1.);
#12326 = DIRECTION('',(1.,0.));
#12327 = ( GEOMETRIC_REPRESENTATION_CONTEXT(2) 
PARAMETRIC_REPRESENTATION_CONTEXT() REPRESENTATION_CONTEXT('2D SPACE',''
  ) );
#12328 = PCURVE('',#12329,#12334);
#12329 = PLANE('',#12330);
#12330 = AXIS2_PLACEMENT_3D('',#12331,#12332,#12333);
#12331 = CARTESIAN_POINT('',(-50.,-25.,289.));
#12332 = DIRECTION('',(0.,1.,0.));
#12333 = DIRECTION('',(1.,0.,0.));
#12334 = DEFINITIONAL_REPRESENTATION('',(#12335),#12339);
#12335 = LINE('',#12336,#12337);
#12336 = CARTESIAN_POINT('',(0.,0.));
#12337 = VECTOR('',#12338,1.);
#12338 = DIRECTION('',(1.,0.));
#12339 = ( GEOMETRIC_REPRESENTATION_CONTEXT(2) 
PARAMETRIC_REPRESENTATION_CONTEXT() REPRESENTATION_CONTEXT('2D SPACE',''
  ) );
#12340 = ORIENTED_EDGE('',*,*,#12341,.T.);
#12341 = EDGE_CURVE('',#12314,#12182,#12342,.T.);
#12342 = SURFACE_CURVE('',#12343,(#12348,#12359),.PCURVE_S1.);
#12343 = CIRCLE('',#12344,7.5);
#12344 = AXIS2_PLACEMENT_3D('',#12345,#12346,#12347);
#12345 = CARTESIAN_POINT('',(25.,-25.,289.));
#12346 = DIRECTION('',(0.,0.,-1.));
#12347 = DIRECTION('',(1.,0.,0.));
#12348 = PCURVE('',#9098,#12349);
#12349 = DEFINITIONAL_REPRESENTATION('',(#12350),#12358);
#12350 = ( BOUNDED_CURVE() B_SPLINE_CURVE(2,(#12351,#12352,#12353,#12354
    ,#12355,#12356,#12357),.UNSPECIFIED.,.T.,.F.) 
B_SPLINE_CURVE_WITH_KNOTS((1,2,2,2,2,1),(-2.094395102393,0.,
    2.094395102393,4.188790204786,6.28318530718,8.377580409573),
.UNSPECIFIED.) CURVE() GEOMETRIC_REPRESENTATION_ITEM() 
RATIONAL_B_SPLINE_CURVE((1.,0.5,1.,0.5,1.,0.5,1.)) REPRESENTATION_ITEM(
  '') );
#12351 = CARTESIAN_POINT('',(32.5,-25.));
#12352 = CARTESIAN_POINT('',(32.5,-37.99038105676));
#12353 = CARTESIAN_POINT('',(21.25,-31.49519052838));
#12354 = CARTESIAN_POINT('',(10.,-25.));
#12355 = CARTESIAN_POINT('',(21.25,-18.50480947161));
#12356 = CARTESIAN_POINT('',(32.5,-12.00961894323));
#12357 = CARTESIAN_POINT('',(32.5,-25.));
#12358 = ( GEOMETRIC_REPRESENTATION_CONTEXT(2) 
PARAMETRIC_REPRESENTATION_CONTEXT() REPRESENTATION_CONTEXT('2D SPACE',''
  ) );
#12359 = PCURVE('',#12026,#12360);
#12360 = DEFINITIONAL_REPRESENTATION('',(#12361),#12365);
#12361 = LINE('',#12362,#12363);
#12362 = CARTESIAN_POINT('',(-6.28318530718,-234.));
#12363 = VECTOR('',#12364,1.);
#12364 = DIRECTION('',(1.,-0.));
#12365 = ( GEOMETRIC_REPRESENTATION_CONTEXT(2) 
PARAMETRIC_REPRESENTATION_CONTEXT() REPRESENTATION_CONTEXT('2D SPACE',''
  ) );
#12366 = FACE_BOUND('',#12367,.T.);
#12367 = EDGE_LOOP('',(#12368));
#12368 = ORIENTED_EDGE('',*,*,#12369,.T.);
#12369 = EDGE_CURVE('',#12370,#12370,#12372,.T.);
#12370 = VERTEX_POINT('',#12371);
#12371 = CARTESIAN_POINT('',(-30.,0.,289.));
#12372 = SURFACE_CURVE('',#12373,(#12378,#12389),.PCURVE_S1.);
#12373 = CIRCLE('',#12374,7.5);
#12374 = AXIS2_PLACEMENT_3D('',#12375,#12376,#12377);
#12375 = CARTESIAN_POINT('',(-37.5,0.,289.));
#12376 = DIRECTION('',(0.,0.,-1.));
#12377 = DIRECTION('',(1.,0.,0.));
#12378 = PCURVE('',#9098,#12379);
#12379 = DEFINITIONAL_REPRESENTATION('',(#12380),#12388);
#12380 = ( BOUNDED_CURVE() B_SPLINE_CURVE(2,(#12381,#12382,#12383,#12384
    ,#12385,#12386,#12387),.UNSPECIFIED.,.T.,.F.) 
B_SPLINE_CURVE_WITH_KNOTS((1,2,2,2,2,1),(-2.094395102393,0.,
    2.094395102393,4.188790204786,6.28318530718,8.377580409573),
.UNSPECIFIED.) CURVE() GEOMETRIC_REPRESENTATION_ITEM() 
RATIONAL_B_SPLINE_CURVE((1.,0.5,1.,0.5,1.,0.5,1.)) REPRESENTATION_ITEM(
  '') );
#12381 = CARTESIAN_POINT('',(-30.,-3.209892110372E-15));
#12382 = CARTESIAN_POINT('',(-30.,-12.99038105676));
#12383 = CARTESIAN_POINT('',(-41.25,-6.495190528383));
#12384 = CARTESIAN_POINT('',(-52.5,-5.046862309093E-15));
#12385 = CARTESIAN_POINT('',(-41.25,6.495190528383));
#12386 = CARTESIAN_POINT('',(-30.,12.990381056767));
#12387 = CARTESIAN_POINT('',(-30.,-3.209892110372E-15));
#12388 = ( GEOMETRIC_REPRESENTATION_CONTEXT(2) 
PARAMETRIC_REPRESENTATION_CONTEXT() REPRESENTATION_CONTEXT('2D SPACE',''
  ) );
#12389 = PCURVE('',#12061,#12390);
#12390 = DEFINITIONAL_REPRESENTATION('',(#12391),#12395);
#12391 = LINE('',#12392,#12393);
#12392 = CARTESIAN_POINT('',(-6.28318530718,-234.));
#12393 = VECTOR('',#12394,1.);
#12394 = DIRECTION('',(1.,-0.));
#12395 = ( GEOMETRIC_REPRESENTATION_CONTEXT(2) 
PARAMETRIC_REPRESENTATION_CONTEXT() REPRESENTATION_CONTEXT('2D SPACE',''
  ) );
#12396 = FACE_BOUND('',#12397,.T.);
#12397 = EDGE_LOOP('',(#12398));
#12398 = ORIENTED_EDGE('',*,*,#12399,.T.);
#12399 = EDGE_CURVE('',#12400,#12400,#12402,.T.);
#12400 = VERTEX_POINT('',#12401);
#12401 = CARTESIAN_POINT('',(-5.,0.,289.));
#12402 = SURFACE_CURVE('',#12403,(#12408,#12419),.PCURVE_S1.);
#12403 = CIRCLE('',#12404,7.5);
#12404 = AXIS2_PLACEMENT_3D('',#12405,#12406,#12407);
#12405 = CARTESIAN_POINT('',(-12.5,0.,289.));
#12406 = DIRECTION('',(0.,0.,-1.));
#12407 = DIRECTION('',(1.,0.,0.));
#12408 = PCURVE('',#9098,#12409);
#12409 = DEFINITIONAL_REPRESENTATION('',(#12410),#12418);
#12410 = ( BOUNDED_CURVE() B_SPLINE_CURVE(2,(#12411,#12412,#12413,#12414
    ,#12415,#12416,#12417),.UNSPECIFIED.,.T.,.F.) 
B_SPLINE_CURVE_WITH_KNOTS((1,2,2,2,2,1),(-2.094395102393,0.,
    2.094395102393,4.188790204786,6.28318530718,8.377580409573),
.UNSPECIFIED.) CURVE() GEOMETRIC_REPRESENTATION_ITEM() 
RATIONAL_B_SPLINE_CURVE((1.,0.5,1.,0.5,1.,0.5,1.)) REPRESENTATION_ITEM(
  '') );
#12411 = CARTESIAN_POINT('',(-5.,-3.209892110372E-15));
#12412 = CARTESIAN_POINT('',(-5.,-12.99038105676));
#12413 = CARTESIAN_POINT('',(-16.25,-6.495190528383));
#12414 = CARTESIAN_POINT('',(-27.5,-5.046862309093E-15));
#12415 = CARTESIAN_POINT('',(-16.25,6.495190528383));
#12416 = CARTESIAN_POINT('',(-5.,12.990381056767));
#12417 = CARTESIAN_POINT('',(-5.,-3.209892110372E-15));
#12418 = ( GEOMETRIC_REPRESENTATION_CONTEXT(2) 
PARAMETRIC_REPRESENTATION_CONTEXT() REPRESENTATION_CONTEXT('2D SPACE',''
  ) );
#12419 = PCURVE('',#12096,#12420);
#12420 = DEFINITIONAL_REPRESENTATION('',(#12421),#12425);
#12421 = LINE('',#12422,#12423);
#12422 = CARTESIAN_POINT('',(-6.28318530718,-234.));
#12423 = VECTOR('',#12424,1.);
#12424 = DIRECTION('',(1.,-0.));
#12425 = ( GEOMETRIC_REPRESENTATION_CONTEXT(2) 
PARAMETRIC_REPRESENTATION_CONTEXT() REPRESENTATION_CONTEXT('2D SPACE',''
  ) );
#12426 = FACE_BOUND('',#12427,.T.);
#12427 = EDGE_LOOP('',(#12428));
#12428 = ORIENTED_EDGE('',*,*,#12429,.T.);
#12429 = EDGE_CURVE('',#12430,#12430,#12432,.T.);
#12430 = VERTEX_POINT('',#12431);
#12431 = CARTESIAN_POINT('',(20.,0.,289.));
#12432 = SURFACE_CURVE('',#12433,(#12438,#12449),.PCURVE_S1.);
#12433 = CIRCLE('',#12434,7.5);
#12434 = AXIS2_PLACEMENT_3D('',#12435,#12436,#12437);
#12435 = CARTESIAN_POINT('',(12.5,0.,289.));
#12436 = DIRECTION('',(0.,0.,-1.));
#12437 = DIRECTION('',(1.,0.,0.));
#12438 = PCURVE('',#9098,#12439);
#12439 = DEFINITIONAL_REPRESENTATION('',(#12440),#12448);
#12440 = ( BOUNDED_CURVE() B_SPLINE_CURVE(2,(#12441,#12442,#12443,#12444
    ,#12445,#12446,#12447),.UNSPECIFIED.,.T.,.F.) 
B_SPLINE_CURVE_WITH_KNOTS((1,2,2,2,2,1),(-2.094395102393,0.,
    2.094395102393,4.188790204786,6.28318530718,8.377580409573),
.UNSPECIFIED.) CURVE() GEOMETRIC_REPRESENTATION_ITEM() 
RATIONAL_B_SPLINE_CURVE((1.,0.5,1.,0.5,1.,0.5,1.)) REPRESENTATION_ITEM(
  '') );
#12441 = CARTESIAN_POINT('',(20.,-3.209892110372E-15));
#12442 = CARTESIAN_POINT('',(20.,-12.99038105676));
#12443 = CARTESIAN_POINT('',(8.75,-6.495190528383));
#12444 = CARTESIAN_POINT('',(-2.5,-5.046862309093E-15));
#12445 = CARTESIAN_POINT('',(8.75,6.495190528383));
#12446 = CARTESIAN_POINT('',(20.,12.990381056767));
#12447 = CARTESIAN_POINT('',(20.,-3.209892110372E-15));
#12448 = ( GEOMETRIC_REPRESENTATION_CONTEXT(2) 
PARAMETRIC_REPRESENTATION_CONTEXT() REPRESENTATION_CONTEXT('2D SPACE',''
  ) );
#12449 = PCURVE('',#12131,#12450);
#12450 = DEFINITIONAL_REPRESENTATION('',(#12451),#12455);
#12451 = LINE('',#12452,#12453);
#12452 = CARTESIAN_POINT('',(-6.28318530718,-234.));
#12453 = VECTOR('',#12454,1.);
#12454 = DIRECTION('',(1.,-0.));
#12455 = ( GEOMETRIC_REPRESENTATION_CONTEXT(2) 
PARAMETRIC_REPRESENTATION_CONTEXT() REPRESENTATION_CONTEXT('2D SPACE',''
  ) );
#12456 = FACE_BOUND('',#12457,.T.);
#12457 = EDGE_LOOP('',(#12458));
#12458 = ORIENTED_EDGE('',*,*,#12459,.T.);
#12459 = EDGE_CURVE('',#12460,#12460,#12462,.T.);
#12460 = VERTEX_POINT('',#12461);
#12461 = CARTESIAN_POINT('',(45.,0.,289.));
#12462 = SURFACE_CURVE('',#12463,(#12468,#12479),.PCURVE_S1.);
#12463 = CIRCLE('',#12464,7.5);
#12464 = AXIS2_PLACEMENT_3D('',#12465,#12466,#12467);
#12465 = CARTESIAN_POINT('',(37.5,0.,289.));
#12466 = DIRECTION('',(0.,0.,-1.));
#12467 = DIRECTION('',(1.,0.,0.));
#12468 = PCURVE('',#9098,#12469);
#12469 = DEFINITIONAL_REPRESENTATION('',(#12470),#12478);
#12470 = ( BOUNDED_CURVE() B_SPLINE_CURVE(2,(#12471,#12472,#12473,#12474
    ,#12475,#12476,#12477),.UNSPECIFIED.,.T.,.F.) 
B_SPLINE_CURVE_WITH_KNOTS((1,2,2,2,2,1),(-2.094395102393,0.,
    2.094395102393,4.188790204786,6.28318530718,8.377580409573),
.UNSPECIFIED.) CURVE() GEOMETRIC_REPRESENTATION_ITEM() 
RATIONAL_B_SPLINE_CURVE((1.,0.5,1.,0.5,1.,0.5,1.)) REPRESENTATION_ITEM(
  '') );
#12471 = CARTESIAN_POINT('',(45.,-3.209892110372E-15));
#12472 = CARTESIAN_POINT('',(45.,-12.99038105676));
#12473 = CARTESIAN_POINT('',(33.75,-6.495190528383));
#12474 = CARTESIAN_POINT('',(22.5,-5.046862309093E-15));
#12475 = CARTESIAN_POINT('',(33.75,6.495190528383));
#12476 = CARTESIAN_POINT('',(45.,12.990381056767));
#12477 = CARTESIAN_POINT('',(45.,-3.209892110372E-15));
#12478 = ( GEOMETRIC_REPRESENTATION_CONTEXT(2) 
PARAMETRIC_REPRESENTATION_CONTEXT() REPRESENTATION_CONTEXT('2D SPACE',''
  ) );
#12479 = PCURVE('',#12166,#12480);
#12480 = DEFINITIONAL_REPRESENTATION('',(#12481),#12485);
#12481 = LINE('',#12482,#12483);
#12482 = CARTESIAN_POINT('',(-6.28318530718,-234.));
#12483 = VECTOR('',#12484,1.);
#12484 = DIRECTION('',(1.,-0.));
#12485 = ( GEOMETRIC_REPRESENTATION_CONTEXT(2) 
PARAMETRIC_REPRESENTATION_CONTEXT() REPRESENTATION_CONTEXT('2D SPACE',''
  ) );
#12486 = FACE_BOUND('',#12487,.T.);
#12487 = EDGE_LOOP('',(#12488));
#12488 = ORIENTED_EDGE('',*,*,#12489,.T.);
#12489 = EDGE_CURVE('',#12490,#12490,#12492,.T.);
#12490 = VERTEX_POINT('',#12491);
#12491 = CARTESIAN_POINT('',(-17.5,25.,289.));
#12492 = SURFACE_CURVE('',#12493,(#12498,#12509),.PCURVE_S1.);
#12493 = CIRCLE('',#12494,7.5);
#12494 = AXIS2_PLACEMENT_3D('',#12495,#12496,#12497);
#12495 = CARTESIAN_POINT('',(-25.,25.,289.));
#12496 = DIRECTION('',(0.,0.,-1.));
#12497 = DIRECTION('',(1.,0.,0.));
#12498 = PCURVE('',#9098,#12499);
#12499 = DEFINITIONAL_REPRESENTATION('',(#12500),#12508);
#12500 = ( BOUNDED_CURVE() B_SPLINE_CURVE(2,(#12501,#12502,#12503,#12504
    ,#12505,#12506,#12507),.UNSPECIFIED.,.T.,.F.) 
B_SPLINE_CURVE_WITH_KNOTS((1,2,2,2,2,1),(-2.094395102393,0.,
    2.094395102393,4.188790204786,6.28318530718,8.377580409573),
.UNSPECIFIED.) CURVE() GEOMETRIC_REPRESENTATION_ITEM() 
RATIONAL_B_SPLINE_CURVE((1.,0.5,1.,0.5,1.,0.5,1.)) REPRESENTATION_ITEM(
  '') );
#12501 = CARTESIAN_POINT('',(-17.5,25.));
#12502 = CARTESIAN_POINT('',(-17.5,12.009618943233));
#12503 = CARTESIAN_POINT('',(-28.75,18.504809471617));
#12504 = CARTESIAN_POINT('',(-40.,25.));
#12505 = CARTESIAN_POINT('',(-28.75,31.495190528383));
#12506 = CARTESIAN_POINT('',(-17.5,37.990381056767));
#12507 = CARTESIAN_POINT('',(-17.5,25.));
#12508 = ( GEOMETRIC_REPRESENTATION_CONTEXT(2) 
PARAMETRIC_REPRESENTATION_CONTEXT() REPRESENTATION_CONTEXT('2D SPACE',''
  ) );
#12509 = PCURVE('',#11246,#12510);
#12510 = DEFINITIONAL_REPRESENTATION('',(#12511),#12515);
#12511 = LINE('',#12512,#12513);
#12512 = CARTESIAN_POINT('',(-6.28318530718,-234.));
#12513 = VECTOR('',#12514,1.);
#12514 = DIRECTION('',(1.,-0.));
#12515 = ( GEOMETRIC_REPRESENTATION_CONTEXT(2) 
PARAMETRIC_REPRESENTATION_CONTEXT() REPRESENTATION_CONTEXT('2D SPACE',''
  ) );
#12516 = FACE_BOUND('',#12517,.T.);
#12517 = EDGE_LOOP('',(#12518));
#12518 = ORIENTED_EDGE('',*,*,#12519,.T.);
#12519 = EDGE_CURVE('',#12520,#12520,#12522,.T.);
#12520 = VERTEX_POINT('',#12521);
#12521 = CARTESIAN_POINT('',(7.5,25.,289.));
#12522 = SURFACE_CURVE('',#12523,(#12528,#12539),.PCURVE_S1.);
#12523 = CIRCLE('',#12524,7.5);
#12524 = AXIS2_PLACEMENT_3D('',#12525,#12526,#12527);
#12525 = CARTESIAN_POINT('',(0.,25.,289.));
#12526 = DIRECTION('',(0.,0.,-1.));
#12527 = DIRECTION('',(1.,0.,0.));
#12528 = PCURVE('',#9098,#12529);
#12529 = DEFINITIONAL_REPRESENTATION('',(#12530),#12538);
#12530 = ( BOUNDED_CURVE() B_SPLINE_CURVE(2,(#12531,#12532,#12533,#12534
    ,#12535,#12536,#12537),.UNSPECIFIED.,.T.,.F.) 
B_SPLINE_CURVE_WITH_KNOTS((1,2,2,2,2,1),(-2.094395102393,0.,
    2.094395102393,4.188790204786,6.28318530718,8.377580409573),
.UNSPECIFIED.) CURVE() GEOMETRIC_REPRESENTATION_ITEM() 
RATIONAL_B_SPLINE_CURVE((1.,0.5,1.,0.5,1.,0.5,1.)) REPRESENTATION_ITEM(
  '') );
#12531 = CARTESIAN_POINT('',(7.5,25.));
#12532 = CARTESIAN_POINT('',(7.5,12.009618943233));
#12533 = CARTESIAN_POINT('',(-3.75,18.504809471617));
#12534 = CARTESIAN_POINT('',(-15.,25.));
#12535 = CARTESIAN_POINT('',(-3.75,31.495190528383));
#12536 = CARTESIAN_POINT('',(7.5,37.990381056767));
#12537 = CARTESIAN_POINT('',(7.5,25.));
#12538 = ( GEOMETRIC_REPRESENTATION_CONTEXT(2) 
PARAMETRIC_REPRESENTATION_CONTEXT() REPRESENTATION_CONTEXT('2D SPACE',''
  ) );
#12539 = PCURVE('',#11281,#12540);
#12540 = DEFINITIONAL_REPRESENTATION('',(#12541),#12545);
#12541 = LINE('',#12542,#12543);
#12542 = CARTESIAN_POINT('',(-6.28318530718,-234.));
#12543 = VECTOR('',#12544,1.);
#12544 = DIRECTION('',(1.,-0.));
#12545 = ( GEOMETRIC_REPRESENTATION_CONTEXT(2) 
PARAMETRIC_REPRESENTATION_CONTEXT() REPRESENTATION_CONTEXT('2D SPACE',''
  ) );
#12546 = FACE_BOUND('',#12547,.T.);
#12547 = EDGE_LOOP('',(#12548));
#12548 = ORIENTED_EDGE('',*,*,#12549,.T.);
#12549 = EDGE_CURVE('',#12550,#12550,#12552,.T.);
#12550 = VERTEX_POINT('',#12551);
#12551 = CARTESIAN_POINT('',(32.5,25.,289.));
#12552 = SURFACE_CURVE('',#12553,(#12558,#12569),.PCURVE_S1.);
#12553 = CIRCLE('',#12554,7.5);
#12554 = AXIS2_PLACEMENT_3D('',#12555,#12556,#12557);
#12555 = CARTESIAN_POINT('',(25.,25.,289.));
#12556 = DIRECTION('',(0.,0.,-1.));
#12557 = DIRECTION('',(1.,0.,0.));
#12558 = PCURVE('',#9098,#12559);
#12559 = DEFINITIONAL_REPRESENTATION('',(#12560),#12568);
#12560 = ( BOUNDED_CURVE() B_SPLINE_CURVE(2,(#12561,#12562,#12563,#12564
    ,#12565,#12566,#12567),.UNSPECIFIED.,.T.,.F.) 
B_SPLINE_CURVE_WITH_KNOTS((1,2,2,2,2,1),(-2.094395102393,0.,
    2.094395102393,4.188790204786,6.28318530718,8.377580409573),
.UNSPECIFIED.) CURVE() GEOMETRIC_REPRESENTATION_ITEM() 
RATIONAL_B_SPLINE_CURVE((1.,0.5,1.,0.5,1.,0.5,1.)) REPRESENTATION_ITEM(
  '') );
#12561 = CARTESIAN_POINT('',(32.5,25.));
#12562 = CARTESIAN_POINT('',(32.5,12.009618943233));
#12563 = CARTESIAN_POINT('',(21.25,18.504809471617));
#12564 = CARTESIAN_POINT('',(10.,25.));
#12565 = CARTESIAN_POINT('',(21.25,31.495190528383));
#12566 = CARTESIAN_POINT('',(32.5,37.990381056767));
#12567 = CARTESIAN_POINT('',(32.5,25.));
#12568 = ( GEOMETRIC_REPRESENTATION_CONTEXT(2) 
PARAMETRIC_REPRESENTATION_CONTEXT() REPRESENTATION_CONTEXT('2D SPACE',''
  ) );
#12569 = PCURVE('',#11316,#12570);
#12570 = DEFINITIONAL_REPRESENTATION('',(#12571),#12575);
#12571 = LINE('',#12572,#12573);
#12572 = CARTESIAN_POINT('',(-6.28318530718,-234.));
#12573 = VECTOR('',#12574,1.);
#12574 = DIRECTION('',(1.,-0.));
#12575 = ( GEOMETRIC_REPRESENTATION_CONTEXT(2) 
PARAMETRIC_REPRESENTATION_CONTEXT() REPRESENTATION_CONTEXT('2D SPACE',''
  ) );
#12576 = ADVANCED_FACE('',(#12577),#9458,.T.);
#12577 = FACE_BOUND('',#12578,.T.);
#12578 = EDGE_LOOP('',(#12579,#12580,#12602,#12623));
#12579 = ORIENTED_EDGE('',*,*,#12181,.F.);
#12580 = ORIENTED_EDGE('',*,*,#12581,.T.);
#12581 = EDGE_CURVE('',#12182,#12582,#12584,.T.);
#12582 = VERTEX_POINT('',#12583);
#12583 = CARTESIAN_POINT('',(32.5,-25.,299.));
#12584 = SURFACE_CURVE('',#12585,(#12589,#12596),.PCURVE_S1.);
#12585 = LINE('',#12586,#12587);
#12586 = CARTESIAN_POINT('',(32.5,-25.,55.));
#12587 = VECTOR('',#12588,1.);
#12588 = DIRECTION('',(0.,0.,1.));
#12589 = PCURVE('',#9458,#12590);
#12590 = DEFINITIONAL_REPRESENTATION('',(#12591),#12595);
#12591 = LINE('',#12592,#12593);
#12592 = CARTESIAN_POINT('',(82.5,234.));
#12593 = VECTOR('',#12594,1.);
#12594 = DIRECTION('',(0.,-1.));
#12595 = ( GEOMETRIC_REPRESENTATION_CONTEXT(2) 
PARAMETRIC_REPRESENTATION_CONTEXT() REPRESENTATION_CONTEXT('2D SPACE',''
  ) );
#12596 = PCURVE('',#12026,#12597);
#12597 = DEFINITIONAL_REPRESENTATION('',(#12598),#12601);
#12598 = B_SPLINE_CURVE_WITH_KNOTS('',1,(#12599,#12600),.UNSPECIFIED.,
  .F.,.F.,(2,2),(234.,244.),.PIECEWISE_BEZIER_KNOTS.);
#12599 = CARTESIAN_POINT('',(-6.28318530718,-234.));
#12600 = CARTESIAN_POINT('',(-6.28318530718,-244.));
#12601 = ( GEOMETRIC_REPRESENTATION_CONTEXT(2) 
PARAMETRIC_REPRESENTATION_CONTEXT() REPRESENTATION_CONTEXT('2D SPACE',''
  ) );
#12602 = ORIENTED_EDGE('',*,*,#12603,.T.);
#12603 = EDGE_CURVE('',#12582,#9415,#12604,.T.);
#12604 = SURFACE_CURVE('',#12605,(#12609,#12616),.PCURVE_S1.);
#12605 = LINE('',#12606,#12607);
#12606 = CARTESIAN_POINT('',(-50.,-25.,299.));
#12607 = VECTOR('',#12608,1.);
#12608 = DIRECTION('',(1.,0.,0.));
#12609 = PCURVE('',#9458,#12610);
#12610 = DEFINITIONAL_REPRESENTATION('',(#12611),#12615);
#12611 = LINE('',#12612,#12613);
#12612 = CARTESIAN_POINT('',(0.,-10.));
#12613 = VECTOR('',#12614,1.);
#12614 = DIRECTION('',(1.,0.));
#12615 = ( GEOMETRIC_REPRESENTATION_CONTEXT(2) 
PARAMETRIC_REPRESENTATION_CONTEXT() REPRESENTATION_CONTEXT('2D SPACE',''
  ) );
#12616 = PCURVE('',#9155,#12617);
#12617 = DEFINITIONAL_REPRESENTATION('',(#12618),#12622);
#12618 = LINE('',#12619,#12620);
#12619 = CARTESIAN_POINT('',(-50.,-25.));
#12620 = VECTOR('',#12621,1.);
#12621 = DIRECTION('',(1.,0.));
#12622 = ( GEOMETRIC_REPRESENTATION_CONTEXT(2) 
PARAMETRIC_REPRESENTATION_CONTEXT() REPRESENTATION_CONTEXT('2D SPACE',''
  ) );
#12623 = ORIENTED_EDGE('',*,*,#9442,.T.);
#12624 = ADVANCED_FACE('',(#12625,#12781,#12816,#12851,#12886,#12921,
    #12956,#12991),#9155,.F.);
#12625 = FACE_BOUND('',#12626,.F.);
#12626 = EDGE_LOOP('',(#12627,#12655,#12656,#12657,#12658,#12681,#12709,
    #12732,#12760));
#12627 = ORIENTED_EDGE('',*,*,#12628,.T.);
#12628 = EDGE_CURVE('',#12629,#12582,#12631,.T.);
#12629 = VERTEX_POINT('',#12630);
#12630 = CARTESIAN_POINT('',(17.5,-25.,299.));
#12631 = SURFACE_CURVE('',#12632,(#12637,#12648),.PCURVE_S1.);
#12632 = CIRCLE('',#12633,7.5);
#12633 = AXIS2_PLACEMENT_3D('',#12634,#12635,#12636);
#12634 = CARTESIAN_POINT('',(25.,-25.,299.));
#12635 = DIRECTION('',(0.,0.,-1.));
#12636 = DIRECTION('',(1.,0.,0.));
#12637 = PCURVE('',#9155,#12638);
#12638 = DEFINITIONAL_REPRESENTATION('',(#12639),#12647);
#12639 = ( BOUNDED_CURVE() B_SPLINE_CURVE(2,(#12640,#12641,#12642,#12643
    ,#12644,#12645,#12646),.UNSPECIFIED.,.T.,.F.) 
B_SPLINE_CURVE_WITH_KNOTS((1,2,2,2,2,1),(-2.094395102393,0.,
    2.094395102393,4.188790204786,6.28318530718,8.377580409573),
.UNSPECIFIED.) CURVE() GEOMETRIC_REPRESENTATION_ITEM() 
RATIONAL_B_SPLINE_CURVE((1.,0.5,1.,0.5,1.,0.5,1.)) REPRESENTATION_ITEM(
  '') );
#12640 = CARTESIAN_POINT('',(32.5,-25.));
#12641 = CARTESIAN_POINT('',(32.5,-37.99038105676));
#12642 = CARTESIAN_POINT('',(21.25,-31.49519052838));
#12643 = CARTESIAN_POINT('',(10.,-25.));
#12644 = CARTESIAN_POINT('',(21.25,-18.50480947161));
#12645 = CARTESIAN_POINT('',(32.5,-12.00961894323));
#12646 = CARTESIAN_POINT('',(32.5,-25.));
#12647 = ( GEOMETRIC_REPRESENTATION_CONTEXT(2) 
PARAMETRIC_REPRESENTATION_CONTEXT() REPRESENTATION_CONTEXT('2D SPACE',''
  ) );
#12648 = PCURVE('',#12026,#12649);
#12649 = DEFINITIONAL_REPRESENTATION('',(#12650),#12654);
#12650 = LINE('',#12651,#12652);
#12651 = CARTESIAN_POINT('',(-6.28318530718,-244.));
#12652 = VECTOR('',#12653,1.);
#12653 = DIRECTION('',(1.,-0.));
#12654 = ( GEOMETRIC_REPRESENTATION_CONTEXT(2) 
PARAMETRIC_REPRESENTATION_CONTEXT() REPRESENTATION_CONTEXT('2D SPACE',''
  ) );
#12655 = ORIENTED_EDGE('',*,*,#12603,.T.);
#12656 = ORIENTED_EDGE('',*,*,#9414,.F.);
#12657 = ORIENTED_EDGE('',*,*,#9138,.F.);
#12658 = ORIENTED_EDGE('',*,*,#12659,.T.);
#12659 = EDGE_CURVE('',#9111,#12660,#12662,.T.);
#12660 = VERTEX_POINT('',#12661);
#12661 = CARTESIAN_POINT('',(-32.5,-25.,299.));
#12662 = SURFACE_CURVE('',#12663,(#12667,#12674),.PCURVE_S1.);
#12663 = LINE('',#12664,#12665);
#12664 = CARTESIAN_POINT('',(-50.,-25.,299.));
#12665 = VECTOR('',#12666,1.);
#12666 = DIRECTION('',(1.,0.,0.));
#12667 = PCURVE('',#9155,#12668);
#12668 = DEFINITIONAL_REPRESENTATION('',(#12669),#12673);
#12669 = LINE('',#12670,#12671);
#12670 = CARTESIAN_POINT('',(-50.,-25.));
#12671 = VECTOR('',#12672,1.);
#12672 = DIRECTION('',(1.,0.));
#12673 = ( GEOMETRIC_REPRESENTATION_CONTEXT(2) 
PARAMETRIC_REPRESENTATION_CONTEXT() REPRESENTATION_CONTEXT('2D SPACE',''
  ) );
#12674 = PCURVE('',#9126,#12675);
#12675 = DEFINITIONAL_REPRESENTATION('',(#12676),#12680);
#12676 = LINE('',#12677,#12678);
#12677 = CARTESIAN_POINT('',(0.,-10.));
#12678 = VECTOR('',#12679,1.);
#12679 = DIRECTION('',(1.,0.));
#12680 = ( GEOMETRIC_REPRESENTATION_CONTEXT(2) 
PARAMETRIC_REPRESENTATION_CONTEXT() REPRESENTATION_CONTEXT('2D SPACE',''
  ) );
#12681 = ORIENTED_EDGE('',*,*,#12682,.T.);
#12682 = EDGE_CURVE('',#12660,#12683,#12685,.T.);
#12683 = VERTEX_POINT('',#12684);
#12684 = CARTESIAN_POINT('',(-17.5,-25.,299.));
#12685 = SURFACE_CURVE('',#12686,(#12691,#12702),.PCURVE_S1.);
#12686 = CIRCLE('',#12687,7.5);
#12687 = AXIS2_PLACEMENT_3D('',#12688,#12689,#12690);
#12688 = CARTESIAN_POINT('',(-25.,-25.,299.));
#12689 = DIRECTION('',(0.,0.,-1.));
#12690 = DIRECTION('',(1.,0.,0.));
#12691 = PCURVE('',#9155,#12692);
#12692 = DEFINITIONAL_REPRESENTATION('',(#12693),#12701);
#12693 = ( BOUNDED_CURVE() B_SPLINE_CURVE(2,(#12694,#12695,#12696,#12697
    ,#12698,#12699,#12700),.UNSPECIFIED.,.T.,.F.) 
B_SPLINE_CURVE_WITH_KNOTS((1,2,2,2,2,1),(-2.094395102393,0.,
    2.094395102393,4.188790204786,6.28318530718,8.377580409573),
.UNSPECIFIED.) CURVE() GEOMETRIC_REPRESENTATION_ITEM() 
RATIONAL_B_SPLINE_CURVE((1.,0.5,1.,0.5,1.,0.5,1.)) REPRESENTATION_ITEM(
  '') );
#12694 = CARTESIAN_POINT('',(-17.5,-25.));
#12695 = CARTESIAN_POINT('',(-17.5,-37.99038105676));
#12696 = CARTESIAN_POINT('',(-28.75,-31.49519052838));
#12697 = CARTESIAN_POINT('',(-40.,-25.));
#12698 = CARTESIAN_POINT('',(-28.75,-18.50480947161));
#12699 = CARTESIAN_POINT('',(-17.5,-12.00961894323));
#12700 = CARTESIAN_POINT('',(-17.5,-25.));
#12701 = ( GEOMETRIC_REPRESENTATION_CONTEXT(2) 
PARAMETRIC_REPRESENTATION_CONTEXT() REPRESENTATION_CONTEXT('2D SPACE',''
  ) );
#12702 = PCURVE('',#11956,#12703);
#12703 = DEFINITIONAL_REPRESENTATION('',(#12704),#12708);
#12704 = LINE('',#12705,#12706);
#12705 = CARTESIAN_POINT('',(-6.28318530718,-244.));
#12706 = VECTOR('',#12707,1.);
#12707 = DIRECTION('',(1.,-0.));
#12708 = ( GEOMETRIC_REPRESENTATION_CONTEXT(2) 
PARAMETRIC_REPRESENTATION_CONTEXT() REPRESENTATION_CONTEXT('2D SPACE',''
  ) );
#12709 = ORIENTED_EDGE('',*,*,#12710,.T.);
#12710 = EDGE_CURVE('',#12683,#12711,#12713,.T.);
#12711 = VERTEX_POINT('',#12712);
#12712 = CARTESIAN_POINT('',(-7.5,-25.,299.));
#12713 = SURFACE_CURVE('',#12714,(#12718,#12725),.PCURVE_S1.);
#12714 = LINE('',#12715,#12716);
#12715 = CARTESIAN_POINT('',(-50.,-25.,299.));
#12716 = VECTOR('',#12717,1.);
#12717 = DIRECTION('',(1.,0.,0.));
#12718 = PCURVE('',#9155,#12719);
#12719 = DEFINITIONAL_REPRESENTATION('',(#12720),#12724);
#12720 = LINE('',#12721,#12722);
#12721 = CARTESIAN_POINT('',(-50.,-25.));
#12722 = VECTOR('',#12723,1.);
#12723 = DIRECTION('',(1.,0.));
#12724 = ( GEOMETRIC_REPRESENTATION_CONTEXT(2) 
PARAMETRIC_REPRESENTATION_CONTEXT() REPRESENTATION_CONTEXT('2D SPACE',''
  ) );
#12725 = PCURVE('',#12273,#12726);
#12726 = DEFINITIONAL_REPRESENTATION('',(#12727),#12731);
#12727 = LINE('',#12728,#12729);
#12728 = CARTESIAN_POINT('',(0.,-10.));
#12729 = VECTOR('',#12730,1.);
#12730 = DIRECTION('',(1.,0.));
#12731 = ( GEOMETRIC_REPRESENTATION_CONTEXT(2) 
PARAMETRIC_REPRESENTATION_CONTEXT() REPRESENTATION_CONTEXT('2D SPACE',''
  ) );
#12732 = ORIENTED_EDGE('',*,*,#12733,.T.);
#12733 = EDGE_CURVE('',#12711,#12734,#12736,.T.);
#12734 = VERTEX_POINT('',#12735);
#12735 = CARTESIAN_POINT('',(7.5,-25.,299.));
#12736 = SURFACE_CURVE('',#12737,(#12742,#12753),.PCURVE_S1.);
#12737 = CIRCLE('',#12738,7.5);
#12738 = AXIS2_PLACEMENT_3D('',#12739,#12740,#12741);
#12739 = CARTESIAN_POINT('',(0.,-25.,299.));
#12740 = DIRECTION('',(0.,0.,-1.));
#12741 = DIRECTION('',(1.,0.,0.));
#12742 = PCURVE('',#9155,#12743);
#12743 = DEFINITIONAL_REPRESENTATION('',(#12744),#12752);
#12744 = ( BOUNDED_CURVE() B_SPLINE_CURVE(2,(#12745,#12746,#12747,#12748
    ,#12749,#12750,#12751),.UNSPECIFIED.,.T.,.F.) 
B_SPLINE_CURVE_WITH_KNOTS((1,2,2,2,2,1),(-2.094395102393,0.,
    2.094395102393,4.188790204786,6.28318530718,8.377580409573),
.UNSPECIFIED.) CURVE() GEOMETRIC_REPRESENTATION_ITEM() 
RATIONAL_B_SPLINE_CURVE((1.,0.5,1.,0.5,1.,0.5,1.)) REPRESENTATION_ITEM(
  '') );
#12745 = CARTESIAN_POINT('',(7.5,-25.));
#12746 = CARTESIAN_POINT('',(7.5,-37.99038105676));
#12747 = CARTESIAN_POINT('',(-3.75,-31.49519052838));
#12748 = CARTESIAN_POINT('',(-15.,-25.));
#12749 = CARTESIAN_POINT('',(-3.75,-18.50480947161));
#12750 = CARTESIAN_POINT('',(7.5,-12.00961894323));
#12751 = CARTESIAN_POINT('',(7.5,-25.));
#12752 = ( GEOMETRIC_REPRESENTATION_CONTEXT(2) 
PARAMETRIC_REPRESENTATION_CONTEXT() REPRESENTATION_CONTEXT('2D SPACE',''
  ) );
#12753 = PCURVE('',#11991,#12754);
#12754 = DEFINITIONAL_REPRESENTATION('',(#12755),#12759);
#12755 = LINE('',#12756,#12757);
#12756 = CARTESIAN_POINT('',(-6.28318530718,-244.));
#12757 = VECTOR('',#12758,1.);
#12758 = DIRECTION('',(1.,-0.));
#12759 = ( GEOMETRIC_REPRESENTATION_CONTEXT(2) 
PARAMETRIC_REPRESENTATION_CONTEXT() REPRESENTATION_CONTEXT('2D SPACE',''
  ) );
#12760 = ORIENTED_EDGE('',*,*,#12761,.T.);
#12761 = EDGE_CURVE('',#12734,#12629,#12762,.T.);
#12762 = SURFACE_CURVE('',#12763,(#12767,#12774),.PCURVE_S1.);
#12763 = LINE('',#12764,#12765);
#12764 = CARTESIAN_POINT('',(-50.,-25.,299.));
#12765 = VECTOR('',#12766,1.);
#12766 = DIRECTION('',(1.,0.,0.));
#12767 = PCURVE('',#9155,#12768);
#12768 = DEFINITIONAL_REPRESENTATION('',(#12769),#12773);
#12769 = LINE('',#12770,#12771);
#12770 = CARTESIAN_POINT('',(-50.,-25.));
#12771 = VECTOR('',#12772,1.);
#12772 = DIRECTION('',(1.,0.));
#12773 = ( GEOMETRIC_REPRESENTATION_CONTEXT(2) 
PARAMETRIC_REPRESENTATION_CONTEXT() REPRESENTATION_CONTEXT('2D SPACE',''
  ) );
#12774 = PCURVE('',#12329,#12775);
#12775 = DEFINITIONAL_REPRESENTATION('',(#12776),#12780);
#12776 = LINE('',#12777,#12778);
#12777 = CARTESIAN_POINT('',(0.,-10.));
#12778 = VECTOR('',#12779,1.);
#12779 = DIRECTION('',(1.,0.));
#12780 = ( GEOMETRIC_REPRESENTATION_CONTEXT(2) 
PARAMETRIC_REPRESENTATION_CONTEXT() REPRESENTATION_CONTEXT('2D SPACE',''
  ) );
#12781 = FACE_BOUND('',#12782,.F.);
#12782 = EDGE_LOOP('',(#12783));
#12783 = ORIENTED_EDGE('',*,*,#12784,.T.);
#12784 = EDGE_CURVE('',#12785,#12785,#12787,.T.);
#12785 = VERTEX_POINT('',#12786);
#12786 = CARTESIAN_POINT('',(-30.,0.,299.));
#12787 = SURFACE_CURVE('',#12788,(#12793,#12804),.PCURVE_S1.);
#12788 = CIRCLE('',#12789,7.5);
#12789 = AXIS2_PLACEMENT_3D('',#12790,#12791,#12792);
#12790 = CARTESIAN_POINT('',(-37.5,0.,299.));
#12791 = DIRECTION('',(0.,0.,-1.));
#12792 = DIRECTION('',(1.,0.,0.));
#12793 = PCURVE('',#9155,#12794);
#12794 = DEFINITIONAL_REPRESENTATION('',(#12795),#12803);
#12795 = ( BOUNDED_CURVE() B_SPLINE_CURVE(2,(#12796,#12797,#12798,#12799
    ,#12800,#12801,#12802),.UNSPECIFIED.,.T.,.F.) 
B_SPLINE_CURVE_WITH_KNOTS((1,2,2,2,2,1),(-2.094395102393,0.,
    2.094395102393,4.188790204786,6.28318530718,8.377580409573),
.UNSPECIFIED.) CURVE() GEOMETRIC_REPRESENTATION_ITEM() 
RATIONAL_B_SPLINE_CURVE((1.,0.5,1.,0.5,1.,0.5,1.)) REPRESENTATION_ITEM(
  '') );
#12796 = CARTESIAN_POINT('',(-30.,-3.209892110372E-15));
#12797 = CARTESIAN_POINT('',(-30.,-12.99038105676));
#12798 = CARTESIAN_POINT('',(-41.25,-6.495190528383));
#12799 = CARTESIAN_POINT('',(-52.5,-5.046862309093E-15));
#12800 = CARTESIAN_POINT('',(-41.25,6.495190528383));
#12801 = CARTESIAN_POINT('',(-30.,12.990381056767));
#12802 = CARTESIAN_POINT('',(-30.,-3.209892110372E-15));
#12803 = ( GEOMETRIC_REPRESENTATION_CONTEXT(2) 
PARAMETRIC_REPRESENTATION_CONTEXT() REPRESENTATION_CONTEXT('2D SPACE',''
  ) );
#12804 = PCURVE('',#12805,#12810);
#12805 = CYLINDRICAL_SURFACE('',#12806,7.5);
#12806 = AXIS2_PLACEMENT_3D('',#12807,#12808,#12809);
#12807 = CARTESIAN_POINT('',(-37.5,0.,55.));
#12808 = DIRECTION('',(-0.,-0.,-1.));
#12809 = DIRECTION('',(1.,0.,0.));
#12810 = DEFINITIONAL_REPRESENTATION('',(#12811),#12815);
#12811 = LINE('',#12812,#12813);
#12812 = CARTESIAN_POINT('',(-6.28318530718,-244.));
#12813 = VECTOR('',#12814,1.);
#12814 = DIRECTION('',(1.,-0.));
#12815 = ( GEOMETRIC_REPRESENTATION_CONTEXT(2) 
PARAMETRIC_REPRESENTATION_CONTEXT() REPRESENTATION_CONTEXT('2D SPACE',''
  ) );
#12816 = FACE_BOUND('',#12817,.F.);
#12817 = EDGE_LOOP('',(#12818));
#12818 = ORIENTED_EDGE('',*,*,#12819,.T.);
#12819 = EDGE_CURVE('',#12820,#12820,#12822,.T.);
#12820 = VERTEX_POINT('',#12821);
#12821 = CARTESIAN_POINT('',(-5.,0.,299.));
#12822 = SURFACE_CURVE('',#12823,(#12828,#12839),.PCURVE_S1.);
#12823 = CIRCLE('',#12824,7.5);
#12824 = AXIS2_PLACEMENT_3D('',#12825,#12826,#12827);
#12825 = CARTESIAN_POINT('',(-12.5,0.,299.));
#12826 = DIRECTION('',(0.,0.,-1.));
#12827 = DIRECTION('',(1.,0.,0.));
#12828 = PCURVE('',#9155,#12829);
#12829 = DEFINITIONAL_REPRESENTATION('',(#12830),#12838);
#12830 = ( BOUNDED_CURVE() B_SPLINE_CURVE(2,(#12831,#12832,#12833,#12834
    ,#12835,#12836,#12837),.UNSPECIFIED.,.T.,.F.) 
B_SPLINE_CURVE_WITH_KNOTS((1,2,2,2,2,1),(-2.094395102393,0.,
    2.094395102393,4.188790204786,6.28318530718,8.377580409573),
.UNSPECIFIED.) CURVE() GEOMETRIC_REPRESENTATION_ITEM() 
RATIONAL_B_SPLINE_CURVE((1.,0.5,1.,0.5,1.,0.5,1.)) REPRESENTATION_ITEM(
  '') );
#12831 = CARTESIAN_POINT('',(-5.,-3.209892110372E-15));
#12832 = CARTESIAN_POINT('',(-5.,-12.99038105676));
#12833 = CARTESIAN_POINT('',(-16.25,-6.495190528383));
#12834 = CARTESIAN_POINT('',(-27.5,-5.046862309093E-15));
#12835 = CARTESIAN_POINT('',(-16.25,6.495190528383));
#12836 = CARTESIAN_POINT('',(-5.,12.990381056767));
#12837 = CARTESIAN_POINT('',(-5.,-3.209892110372E-15));
#12838 = ( GEOMETRIC_REPRESENTATION_CONTEXT(2) 
PARAMETRIC_REPRESENTATION_CONTEXT() REPRESENTATION_CONTEXT('2D SPACE',''
  ) );
#12839 = PCURVE('',#12840,#12845);
#12840 = CYLINDRICAL_SURFACE('',#12841,7.5);
#12841 = AXIS2_PLACEMENT_3D('',#12842,#12843,#12844);
#12842 = CARTESIAN_POINT('',(-12.5,0.,55.));
#12843 = DIRECTION('',(-0.,-0.,-1.));
#12844 = DIRECTION('',(1.,0.,0.));
#12845 = DEFINITIONAL_REPRESENTATION('',(#12846),#12850);
#12846 = LINE('',#12847,#12848);
#12847 = CARTESIAN_POINT('',(-6.28318530718,-244.));
#12848 = VECTOR('',#12849,1.);
#12849 = DIRECTION('',(1.,-0.));
#12850 = ( GEOMETRIC_REPRESENTATION_CONTEXT(2) 
PARAMETRIC_REPRESENTATION_CONTEXT() REPRESENTATION_CONTEXT('2D SPACE',''
  ) );
#12851 = FACE_BOUND('',#12852,.F.);
#12852 = EDGE_LOOP('',(#12853));
#12853 = ORIENTED_EDGE('',*,*,#12854,.T.);
#12854 = EDGE_CURVE('',#12855,#12855,#12857,.T.);
#12855 = VERTEX_POINT('',#12856);
#12856 = CARTESIAN_POINT('',(20.,0.,299.));
#12857 = SURFACE_CURVE('',#12858,(#12863,#12874),.PCURVE_S1.);
#12858 = CIRCLE('',#12859,7.5);
#12859 = AXIS2_PLACEMENT_3D('',#12860,#12861,#12862);
#12860 = CARTESIAN_POINT('',(12.5,0.,299.));
#12861 = DIRECTION('',(0.,0.,-1.));
#12862 = DIRECTION('',(1.,0.,0.));
#12863 = PCURVE('',#9155,#12864);
#12864 = DEFINITIONAL_REPRESENTATION('',(#12865),#12873);
#12865 = ( BOUNDED_CURVE() B_SPLINE_CURVE(2,(#12866,#12867,#12868,#12869
    ,#12870,#12871,#12872),.UNSPECIFIED.,.T.,.F.) 
B_SPLINE_CURVE_WITH_KNOTS((1,2,2,2,2,1),(-2.094395102393,0.,
    2.094395102393,4.188790204786,6.28318530718,8.377580409573),
.UNSPECIFIED.) CURVE() GEOMETRIC_REPRESENTATION_ITEM() 
RATIONAL_B_SPLINE_CURVE((1.,0.5,1.,0.5,1.,0.5,1.)) REPRESENTATION_ITEM(
  '') );
#12866 = CARTESIAN_POINT('',(20.,-3.209892110372E-15));
#12867 = CARTESIAN_POINT('',(20.,-12.99038105676));
#12868 = CARTESIAN_POINT('',(8.75,-6.495190528383));
#12869 = CARTESIAN_POINT('',(-2.5,-5.046862309093E-15));
#12870 = CARTESIAN_POINT('',(8.75,6.495190528383));
#12871 = CARTESIAN_POINT('',(20.,12.990381056767));
#12872 = CARTESIAN_POINT('',(20.,-3.209892110372E-15));
#12873 = ( GEOMETRIC_REPRESENTATION_CONTEXT(2) 
PARAMETRIC_REPRESENTATION_CONTEXT() REPRESENTATION_CONTEXT('2D SPACE',''
  ) );
#12874 = PCURVE('',#12875,#12880);
#12875 = CYLINDRICAL_SURFACE('',#12876,7.5);
#12876 = AXIS2_PLACEMENT_3D('',#12877,#12878,#12879);
#12877 = CARTESIAN_POINT('',(12.5,0.,55.));
#12878 = DIRECTION('',(-0.,-0.,-1.));
#12879 = DIRECTION('',(1.,0.,0.));
#12880 = DEFINITIONAL_REPRESENTATION('',(#12881),#12885);
#12881 = LINE('',#12882,#12883);
#12882 = CARTESIAN_POINT('',(-6.28318530718,-244.));
#12883 = VECTOR('',#12884,1.);
#12884 = DIRECTION('',(1.,-0.));
#12885 = ( GEOMETRIC_REPRESENTATION_CONTEXT(2) 
PARAMETRIC_REPRESENTATION_CONTEXT() REPRESENTATION_CONTEXT('2D SPACE',''
  ) );
#12886 = FACE_BOUND('',#12887,.F.);
#12887 = EDGE_LOOP('',(#12888));
#12888 = ORIENTED_EDGE('',*,*,#12889,.T.);
#12889 = EDGE_CURVE('',#12890,#12890,#12892,.T.);
#12890 = VERTEX_POINT('',#12891);
#12891 = CARTESIAN_POINT('',(45.,0.,299.));
#12892 = SURFACE_CURVE('',#12893,(#12898,#12909),.PCURVE_S1.);
#12893 = CIRCLE('',#12894,7.5);
#12894 = AXIS2_PLACEMENT_3D('',#12895,#12896,#12897);
#12895 = CARTESIAN_POINT('',(37.5,0.,299.));
#12896 = DIRECTION('',(0.,0.,-1.));
#12897 = DIRECTION('',(1.,0.,0.));
#12898 = PCURVE('',#9155,#12899);
#12899 = DEFINITIONAL_REPRESENTATION('',(#12900),#12908);
#12900 = ( BOUNDED_CURVE() B_SPLINE_CURVE(2,(#12901,#12902,#12903,#12904
    ,#12905,#12906,#12907),.UNSPECIFIED.,.T.,.F.) 
B_SPLINE_CURVE_WITH_KNOTS((1,2,2,2,2,1),(-2.094395102393,0.,
    2.094395102393,4.188790204786,6.28318530718,8.377580409573),
.UNSPECIFIED.) CURVE() GEOMETRIC_REPRESENTATION_ITEM() 
RATIONAL_B_SPLINE_CURVE((1.,0.5,1.,0.5,1.,0.5,1.)) REPRESENTATION_ITEM(
  '') );
#12901 = CARTESIAN_POINT('',(45.,-3.209892110372E-15));
#12902 = CARTESIAN_POINT('',(45.,-12.99038105676));
#12903 = CARTESIAN_POINT('',(33.75,-6.495190528383));
#12904 = CARTESIAN_POINT('',(22.5,-5.046862309093E-15));
#12905 = CARTESIAN_POINT('',(33.75,6.495190528383));
#12906 = CARTESIAN_POINT('',(45.,12.990381056767));
#12907 = CARTESIAN_POINT('',(45.,-3.209892110372E-15));
#12908 = ( GEOMETRIC_REPRESENTATION_CONTEXT(2) 
PARAMETRIC_REPRESENTATION_CONTEXT() REPRESENTATION_CONTEXT('2D SPACE',''
  ) );
#12909 = PCURVE('',#12910,#12915);
#12910 = CYLINDRICAL_SURFACE('',#12911,7.5);
#12911 = AXIS2_PLACEMENT_3D('',#12912,#12913,#12914);
#12912 = CARTESIAN_POINT('',(37.5,0.,55.));
#12913 = DIRECTION('',(-0.,-0.,-1.));
#12914 = DIRECTION('',(1.,0.,0.));
#12915 = DEFINITIONAL_REPRESENTATION('',(#12916),#12920);
#12916 = LINE('',#12917,#12918);
#12917 = CARTESIAN_POINT('',(-6.28318530718,-244.));
#12918 = VECTOR('',#12919,1.);
#12919 = DIRECTION('',(1.,-0.));
#12920 = ( GEOMETRIC_REPRESENTATION_CONTEXT(2) 
PARAMETRIC_REPRESENTATION_CONTEXT() REPRESENTATION_CONTEXT('2D SPACE',''
  ) );
#12921 = FACE_BOUND('',#12922,.F.);
#12922 = EDGE_LOOP('',(#12923));
#12923 = ORIENTED_EDGE('',*,*,#12924,.T.);
#12924 = EDGE_CURVE('',#12925,#12925,#12927,.T.);
#12925 = VERTEX_POINT('',#12926);
#12926 = CARTESIAN_POINT('',(-17.5,25.,299.));
#12927 = SURFACE_CURVE('',#12928,(#12933,#12944),.PCURVE_S1.);
#12928 = CIRCLE('',#12929,7.5);
#12929 = AXIS2_PLACEMENT_3D('',#12930,#12931,#12932);
#12930 = CARTESIAN_POINT('',(-25.,25.,299.));
#12931 = DIRECTION('',(0.,0.,-1.));
#12932 = DIRECTION('',(1.,0.,0.));
#12933 = PCURVE('',#9155,#12934);
#12934 = DEFINITIONAL_REPRESENTATION('',(#12935),#12943);
#12935 = ( BOUNDED_CURVE() B_SPLINE_CURVE(2,(#12936,#12937,#12938,#12939
    ,#12940,#12941,#12942),.UNSPECIFIED.,.T.,.F.) 
B_SPLINE_CURVE_WITH_KNOTS((1,2,2,2,2,1),(-2.094395102393,0.,
    2.094395102393,4.188790204786,6.28318530718,8.377580409573),
.UNSPECIFIED.) CURVE() GEOMETRIC_REPRESENTATION_ITEM() 
RATIONAL_B_SPLINE_CURVE((1.,0.5,1.,0.5,1.,0.5,1.)) REPRESENTATION_ITEM(
  '') );
#12936 = CARTESIAN_POINT('',(-17.5,25.));
#12937 = CARTESIAN_POINT('',(-17.5,12.009618943233));
#12938 = CARTESIAN_POINT('',(-28.75,18.504809471617));
#12939 = CARTESIAN_POINT('',(-40.,25.));
#12940 = CARTESIAN_POINT('',(-28.75,31.495190528383));
#12941 = CARTESIAN_POINT('',(-17.5,37.990381056767));
#12942 = CARTESIAN_POINT('',(-17.5,25.));
#12943 = ( GEOMETRIC_REPRESENTATION_CONTEXT(2) 
PARAMETRIC_REPRESENTATION_CONTEXT() REPRESENTATION_CONTEXT('2D SPACE',''
  ) );
#12944 = PCURVE('',#12945,#12950);
#12945 = CYLINDRICAL_SURFACE('',#12946,7.5);
#12946 = AXIS2_PLACEMENT_3D('',#12947,#12948,#12949);
#12947 = CARTESIAN_POINT('',(-25.,25.,55.));
#12948 = DIRECTION('',(-0.,-0.,-1.));
#12949 = DIRECTION('',(1.,0.,0.));
#12950 = DEFINITIONAL_REPRESENTATION('',(#12951),#12955);
#12951 = LINE('',#12952,#12953);
#12952 = CARTESIAN_POINT('',(-6.28318530718,-244.));
#12953 = VECTOR('',#12954,1.);
#12954 = DIRECTION('',(1.,-0.));
#12955 = ( GEOMETRIC_REPRESENTATION_CONTEXT(2) 
PARAMETRIC_REPRESENTATION_CONTEXT() REPRESENTATION_CONTEXT('2D SPACE',''
  ) );
#12956 = FACE_BOUND('',#12957,.F.);
#12957 = EDGE_LOOP('',(#12958));
#12958 = ORIENTED_EDGE('',*,*,#12959,.T.);
#12959 = EDGE_CURVE('',#12960,#12960,#12962,.T.);
#12960 = VERTEX_POINT('',#12961);
#12961 = CARTESIAN_POINT('',(7.5,25.,299.));
#12962 = SURFACE_CURVE('',#12963,(#12968,#12979),.PCURVE_S1.);
#12963 = CIRCLE('',#12964,7.5);
#12964 = AXIS2_PLACEMENT_3D('',#12965,#12966,#12967);
#12965 = CARTESIAN_POINT('',(0.,25.,299.));
#12966 = DIRECTION('',(0.,0.,-1.));
#12967 = DIRECTION('',(1.,0.,0.));
#12968 = PCURVE('',#9155,#12969);
#12969 = DEFINITIONAL_REPRESENTATION('',(#12970),#12978);
#12970 = ( BOUNDED_CURVE() B_SPLINE_CURVE(2,(#12971,#12972,#12973,#12974
    ,#12975,#12976,#12977),.UNSPECIFIED.,.T.,.F.) 
B_SPLINE_CURVE_WITH_KNOTS((1,2,2,2,2,1),(-2.094395102393,0.,
    2.094395102393,4.188790204786,6.28318530718,8.377580409573),
.UNSPECIFIED.) CURVE() GEOMETRIC_REPRESENTATION_ITEM() 
RATIONAL_B_SPLINE_CURVE((1.,0.5,1.,0.5,1.,0.5,1.)) REPRESENTATION_ITEM(
  '') );
#12971 = CARTESIAN_POINT('',(7.5,25.));
#12972 = CARTESIAN_POINT('',(7.5,12.009618943233));
#12973 = CARTESIAN_POINT('',(-3.75,18.504809471617));
#12974 = CARTESIAN_POINT('',(-15.,25.));
#12975 = CARTESIAN_POINT('',(-3.75,31.495190528383));
#12976 = CARTESIAN_POINT('',(7.5,37.990381056767));
#12977 = CARTESIAN_POINT('',(7.5,25.));
#12978 = ( GEOMETRIC_REPRESENTATION_CONTEXT(2) 
PARAMETRIC_REPRESENTATION_CONTEXT() REPRESENTATION_CONTEXT('2D SPACE',''
  ) );
#12979 = PCURVE('',#12980,#12985);
#12980 = CYLINDRICAL_SURFACE('',#12981,7.5);
#12981 = AXIS2_PLACEMENT_3D('',#12982,#12983,#12984);
#12982 = CARTESIAN_POINT('',(0.,25.,55.));
#12983 = DIRECTION('',(-0.,-0.,-1.));
#12984 = DIRECTION('',(1.,0.,0.));
#12985 = DEFINITIONAL_REPRESENTATION('',(#12986),#12990);
#12986 = LINE('',#12987,#12988);
#12987 = CARTESIAN_POINT('',(-6.28318530718,-244.));
#12988 = VECTOR('',#12989,1.);
#12989 = DIRECTION('',(1.,-0.));
#12990 = ( GEOMETRIC_REPRESENTATION_CONTEXT(2) 
PARAMETRIC_REPRESENTATION_CONTEXT() REPRESENTATION_CONTEXT('2D SPACE',''
  ) );
#12991 = FACE_BOUND('',#12992,.F.);
#12992 = EDGE_LOOP('',(#12993));
#12993 = ORIENTED_EDGE('',*,*,#12994,.T.);
#12994 = EDGE_CURVE('',#12995,#12995,#12997,.T.);
#12995 = VERTEX_POINT('',#12996);
#12996 = CARTESIAN_POINT('',(32.5,25.,299.));
#12997 = SURFACE_CURVE('',#12998,(#13003,#13014),.PCURVE_S1.);
#12998 = CIRCLE('',#12999,7.5);
#12999 = AXIS2_PLACEMENT_3D('',#13000,#13001,#13002);
#13000 = CARTESIAN_POINT('',(25.,25.,299.));
#13001 = DIRECTION('',(0.,0.,-1.));
#13002 = DIRECTION('',(1.,0.,0.));
#13003 = PCURVE('',#9155,#13004);
#13004 = DEFINITIONAL_REPRESENTATION('',(#13005),#13013);
#13005 = ( BOUNDED_CURVE() B_SPLINE_CURVE(2,(#13006,#13007,#13008,#13009
    ,#13010,#13011,#13012),.UNSPECIFIED.,.T.,.F.) 
B_SPLINE_CURVE_WITH_KNOTS((1,2,2,2,2,1),(-2.094395102393,0.,
    2.094395102393,4.188790204786,6.28318530718,8.377580409573),
.UNSPECIFIED.) CURVE() GEOMETRIC_REPRESENTATION_ITEM() 
RATIONAL_B_SPLINE_CURVE((1.,0.5,1.,0.5,1.,0.5,1.)) REPRESENTATION_ITEM(
  '') );
#13006 = CARTESIAN_POINT('',(32.5,25.));
#13007 = CARTESIAN_POINT('',(32.5,12.009618943233));
#13008 = CARTESIAN_POINT('',(21.25,18.504809471617));
#13009 = CARTESIAN_POINT('',(10.,25.));
#13010 = CARTESIAN_POINT('',(21.25,31.495190528383));
#13011 = CARTESIAN_POINT('',(32.5,37.990381056767));
#13012 = CARTESIAN_POINT('',(32.5,25.));
#13013 = ( GEOMETRIC_REPRESENTATION_CONTEXT(2) 
PARAMETRIC_REPRESENTATION_CONTEXT() REPRESENTATION_CONTEXT('2D SPACE',''
  ) );
#13014 = PCURVE('',#13015,#13020);
#13015 = CYLINDRICAL_SURFACE('',#13016,7.5);
#13016 = AXIS2_PLACEMENT_3D('',#13017,#13018,#13019);
#13017 = CARTESIAN_POINT('',(25.,25.,55.));
#13018 = DIRECTION('',(-0.,-0.,-1.));
#13019 = DIRECTION('',(1.,0.,0.));
#13020 = DEFINITIONAL_REPRESENTATION('',(#13021),#13025);
#13021 = LINE('',#13022,#13023);
#13022 = CARTESIAN_POINT('',(-6.28318530718,-244.));
#13023 = VECTOR('',#13024,1.);
#13024 = DIRECTION('',(1.,-0.));
#13025 = ( GEOMETRIC_REPRESENTATION_CONTEXT(2) 
PARAMETRIC_REPRESENTATION_CONTEXT() REPRESENTATION_CONTEXT('2D SPACE',''
  ) );
#13026 = ADVANCED_FACE('',(#13027,#13215,#13245,#13275,#13305,#13335,
    #13365,#13395),#9211,.T.);
#13027 = FACE_BOUND('',#13028,.T.);
#13028 = EDGE_LOOP('',(#13029,#13052,#13053,#13054,#13077,#13105,#13133,
    #13161,#13189));
#13029 = ORIENTED_EDGE('',*,*,#13030,.T.);
#13030 = EDGE_CURVE('',#13031,#9364,#13033,.T.);
#13031 = VERTEX_POINT('',#13032);
#13032 = CARTESIAN_POINT('',(-32.5,25.,367.));
#13033 = SURFACE_CURVE('',#13034,(#13038,#13045),.PCURVE_S1.);
#13034 = LINE('',#13035,#13036);
#13035 = CARTESIAN_POINT('',(50.,25.,367.));
#13036 = VECTOR('',#13037,1.);
#13037 = DIRECTION('',(-1.,0.,0.));
#13038 = PCURVE('',#9211,#13039);
#13039 = DEFINITIONAL_REPRESENTATION('',(#13040),#13044);
#13040 = LINE('',#13041,#13042);
#13041 = CARTESIAN_POINT('',(50.,25.));
#13042 = VECTOR('',#13043,1.);
#13043 = DIRECTION('',(-1.,0.));
#13044 = ( GEOMETRIC_REPRESENTATION_CONTEXT(2) 
PARAMETRIC_REPRESENTATION_CONTEXT() REPRESENTATION_CONTEXT('2D SPACE',''
  ) );
#13045 = PCURVE('',#9379,#13046);
#13046 = DEFINITIONAL_REPRESENTATION('',(#13047),#13051);
#13047 = LINE('',#13048,#13049);
#13048 = CARTESIAN_POINT('',(0.,-0.));
#13049 = VECTOR('',#13050,1.);
#13050 = DIRECTION('',(1.,0.));
#13051 = ( GEOMETRIC_REPRESENTATION_CONTEXT(2) 
PARAMETRIC_REPRESENTATION_CONTEXT() REPRESENTATION_CONTEXT('2D SPACE',''
  ) );
#13052 = ORIENTED_EDGE('',*,*,#9391,.T.);
#13053 = ORIENTED_EDGE('',*,*,#9194,.T.);
#13054 = ORIENTED_EDGE('',*,*,#13055,.T.);
#13055 = EDGE_CURVE('',#9195,#13056,#13058,.T.);
#13056 = VERTEX_POINT('',#13057);
#13057 = CARTESIAN_POINT('',(32.5,25.,367.));
#13058 = SURFACE_CURVE('',#13059,(#13063,#13070),.PCURVE_S1.);
#13059 = LINE('',#13060,#13061);
#13060 = CARTESIAN_POINT('',(50.,25.,367.));
#13061 = VECTOR('',#13062,1.);
#13062 = DIRECTION('',(-1.,0.,0.));
#13063 = PCURVE('',#9211,#13064);
#13064 = DEFINITIONAL_REPRESENTATION('',(#13065),#13069);
#13065 = LINE('',#13066,#13067);
#13066 = CARTESIAN_POINT('',(50.,25.));
#13067 = VECTOR('',#13068,1.);
#13068 = DIRECTION('',(-1.,0.));
#13069 = ( GEOMETRIC_REPRESENTATION_CONTEXT(2) 
PARAMETRIC_REPRESENTATION_CONTEXT() REPRESENTATION_CONTEXT('2D SPACE',''
  ) );
#13070 = PCURVE('',#9239,#13071);
#13071 = DEFINITIONAL_REPRESENTATION('',(#13072),#13076);
#13072 = LINE('',#13073,#13074);
#13073 = CARTESIAN_POINT('',(0.,-0.));
#13074 = VECTOR('',#13075,1.);
#13075 = DIRECTION('',(1.,0.));
#13076 = ( GEOMETRIC_REPRESENTATION_CONTEXT(2) 
PARAMETRIC_REPRESENTATION_CONTEXT() REPRESENTATION_CONTEXT('2D SPACE',''
  ) );
#13077 = ORIENTED_EDGE('',*,*,#13078,.T.);
#13078 = EDGE_CURVE('',#13056,#13079,#13081,.T.);
#13079 = VERTEX_POINT('',#13080);
#13080 = CARTESIAN_POINT('',(17.5,25.,367.));
#13081 = SURFACE_CURVE('',#13082,(#13087,#13098),.PCURVE_S1.);
#13082 = CIRCLE('',#13083,7.5);
#13083 = AXIS2_PLACEMENT_3D('',#13084,#13085,#13086);
#13084 = CARTESIAN_POINT('',(25.,25.,367.));
#13085 = DIRECTION('',(0.,0.,-1.));
#13086 = DIRECTION('',(1.,0.,0.));
#13087 = PCURVE('',#9211,#13088);
#13088 = DEFINITIONAL_REPRESENTATION('',(#13089),#13097);
#13089 = ( BOUNDED_CURVE() B_SPLINE_CURVE(2,(#13090,#13091,#13092,#13093
    ,#13094,#13095,#13096),.UNSPECIFIED.,.T.,.F.) 
B_SPLINE_CURVE_WITH_KNOTS((1,2,2,2,2,1),(-2.094395102393,0.,
    2.094395102393,4.188790204786,6.28318530718,8.377580409573),
.UNSPECIFIED.) CURVE() GEOMETRIC_REPRESENTATION_ITEM() 
RATIONAL_B_SPLINE_CURVE((1.,0.5,1.,0.5,1.,0.5,1.)) REPRESENTATION_ITEM(
  '') );
#13090 = CARTESIAN_POINT('',(32.5,25.));
#13091 = CARTESIAN_POINT('',(32.5,12.009618943233));
#13092 = CARTESIAN_POINT('',(21.25,18.504809471617));
#13093 = CARTESIAN_POINT('',(10.,25.));
#13094 = CARTESIAN_POINT('',(21.25,31.495190528383));
#13095 = CARTESIAN_POINT('',(32.5,37.990381056767));
#13096 = CARTESIAN_POINT('',(32.5,25.));
#13097 = ( GEOMETRIC_REPRESENTATION_CONTEXT(2) 
PARAMETRIC_REPRESENTATION_CONTEXT() REPRESENTATION_CONTEXT('2D SPACE',''
  ) );
#13098 = PCURVE('',#13015,#13099);
#13099 = DEFINITIONAL_REPRESENTATION('',(#13100),#13104);
#13100 = LINE('',#13101,#13102);
#13101 = CARTESIAN_POINT('',(-6.28318530718,-312.));
#13102 = VECTOR('',#13103,1.);
#13103 = DIRECTION('',(1.,-0.));
#13104 = ( GEOMETRIC_REPRESENTATION_CONTEXT(2) 
PARAMETRIC_REPRESENTATION_CONTEXT() REPRESENTATION_CONTEXT('2D SPACE',''
  ) );
#13105 = ORIENTED_EDGE('',*,*,#13106,.T.);
#13106 = EDGE_CURVE('',#13079,#13107,#13109,.T.);
#13107 = VERTEX_POINT('',#13108);
#13108 = CARTESIAN_POINT('',(7.5,25.,367.));
#13109 = SURFACE_CURVE('',#13110,(#13114,#13121),.PCURVE_S1.);
#13110 = LINE('',#13111,#13112);
#13111 = CARTESIAN_POINT('',(50.,25.,367.));
#13112 = VECTOR('',#13113,1.);
#13113 = DIRECTION('',(-1.,0.,0.));
#13114 = PCURVE('',#9211,#13115);
#13115 = DEFINITIONAL_REPRESENTATION('',(#13116),#13120);
#13116 = LINE('',#13117,#13118);
#13117 = CARTESIAN_POINT('',(50.,25.));
#13118 = VECTOR('',#13119,1.);
#13119 = DIRECTION('',(-1.,0.));
#13120 = ( GEOMETRIC_REPRESENTATION_CONTEXT(2) 
PARAMETRIC_REPRESENTATION_CONTEXT() REPRESENTATION_CONTEXT('2D SPACE',''
  ) );
#13121 = PCURVE('',#13122,#13127);
#13122 = PLANE('',#13123);
#13123 = AXIS2_PLACEMENT_3D('',#13124,#13125,#13126);
#13124 = CARTESIAN_POINT('',(50.,25.,367.));
#13125 = DIRECTION('',(0.,-1.,0.));
#13126 = DIRECTION('',(-1.,0.,0.));
#13127 = DEFINITIONAL_REPRESENTATION('',(#13128),#13132);
#13128 = LINE('',#13129,#13130);
#13129 = CARTESIAN_POINT('',(0.,-0.));
#13130 = VECTOR('',#13131,1.);
#13131 = DIRECTION('',(1.,0.));
#13132 = ( GEOMETRIC_REPRESENTATION_CONTEXT(2) 
PARAMETRIC_REPRESENTATION_CONTEXT() REPRESENTATION_CONTEXT('2D SPACE',''
  ) );
#13133 = ORIENTED_EDGE('',*,*,#13134,.T.);
#13134 = EDGE_CURVE('',#13107,#13135,#13137,.T.);
#13135 = VERTEX_POINT('',#13136);
#13136 = CARTESIAN_POINT('',(-7.5,25.,367.));
#13137 = SURFACE_CURVE('',#13138,(#13143,#13154),.PCURVE_S1.);
#13138 = CIRCLE('',#13139,7.5);
#13139 = AXIS2_PLACEMENT_3D('',#13140,#13141,#13142);
#13140 = CARTESIAN_POINT('',(0.,25.,367.));
#13141 = DIRECTION('',(0.,0.,-1.));
#13142 = DIRECTION('',(1.,0.,0.));
#13143 = PCURVE('',#9211,#13144);
#13144 = DEFINITIONAL_REPRESENTATION('',(#13145),#13153);
#13145 = ( BOUNDED_CURVE() B_SPLINE_CURVE(2,(#13146,#13147,#13148,#13149
    ,#13150,#13151,#13152),.UNSPECIFIED.,.T.,.F.) 
B_SPLINE_CURVE_WITH_KNOTS((1,2,2,2,2,1),(-2.094395102393,0.,
    2.094395102393,4.188790204786,6.28318530718,8.377580409573),
.UNSPECIFIED.) CURVE() GEOMETRIC_REPRESENTATION_ITEM() 
RATIONAL_B_SPLINE_CURVE((1.,0.5,1.,0.5,1.,0.5,1.)) REPRESENTATION_ITEM(
  '') );
#13146 = CARTESIAN_POINT('',(7.5,25.));
#13147 = CARTESIAN_POINT('',(7.5,12.009618943233));
#13148 = CARTESIAN_POINT('',(-3.75,18.504809471617));
#13149 = CARTESIAN_POINT('',(-15.,25.));
#13150 = CARTESIAN_POINT('',(-3.75,31.495190528383));
#13151 = CARTESIAN_POINT('',(7.5,37.990381056767));
#13152 = CARTESIAN_POINT('',(7.5,25.));
#13153 = ( GEOMETRIC_REPRESENTATION_CONTEXT(2) 
PARAMETRIC_REPRESENTATION_CONTEXT() REPRESENTATION_CONTEXT('2D SPACE',''
  ) );
#13154 = PCURVE('',#12980,#13155);
#13155 = DEFINITIONAL_REPRESENTATION('',(#13156),#13160);
#13156 = LINE('',#13157,#13158);
#13157 = CARTESIAN_POINT('',(-6.28318530718,-312.));
#13158 = VECTOR('',#13159,1.);
#13159 = DIRECTION('',(1.,-0.));
#13160 = ( GEOMETRIC_REPRESENTATION_CONTEXT(2) 
PARAMETRIC_REPRESENTATION_CONTEXT() REPRESENTATION_CONTEXT('2D SPACE',''
  ) );
#13161 = ORIENTED_EDGE('',*,*,#13162,.T.);
#13162 = EDGE_CURVE('',#13135,#13163,#13165,.T.);
#13163 = VERTEX_POINT('',#13164);
#13164 = CARTESIAN_POINT('',(-17.5,25.,367.));
#13165 = SURFACE_CURVE('',#13166,(#13170,#13177),.PCURVE_S1.);
#13166 = LINE('',#13167,#13168);
#13167 = CARTESIAN_POINT('',(50.,25.,367.));
#13168 = VECTOR('',#13169,1.);
#13169 = DIRECTION('',(-1.,0.,0.));
#13170 = PCURVE('',#9211,#13171);
#13171 = DEFINITIONAL_REPRESENTATION('',(#13172),#13176);
#13172 = LINE('',#13173,#13174);
#13173 = CARTESIAN_POINT('',(50.,25.));
#13174 = VECTOR('',#13175,1.);
#13175 = DIRECTION('',(-1.,0.));
#13176 = ( GEOMETRIC_REPRESENTATION_CONTEXT(2) 
PARAMETRIC_REPRESENTATION_CONTEXT() REPRESENTATION_CONTEXT('2D SPACE',''
  ) );
#13177 = PCURVE('',#13178,#13183);
#13178 = PLANE('',#13179);
#13179 = AXIS2_PLACEMENT_3D('',#13180,#13181,#13182);
#13180 = CARTESIAN_POINT('',(50.,25.,367.));
#13181 = DIRECTION('',(0.,-1.,0.));
#13182 = DIRECTION('',(-1.,0.,0.));
#13183 = DEFINITIONAL_REPRESENTATION('',(#13184),#13188);
#13184 = LINE('',#13185,#13186);
#13185 = CARTESIAN_POINT('',(0.,-0.));
#13186 = VECTOR('',#13187,1.);
#13187 = DIRECTION('',(1.,0.));
#13188 = ( GEOMETRIC_REPRESENTATION_CONTEXT(2) 
PARAMETRIC_REPRESENTATION_CONTEXT() REPRESENTATION_CONTEXT('2D SPACE',''
  ) );
#13189 = ORIENTED_EDGE('',*,*,#13190,.T.);
#13190 = EDGE_CURVE('',#13163,#13031,#13191,.T.);
#13191 = SURFACE_CURVE('',#13192,(#13197,#13208),.PCURVE_S1.);
#13192 = CIRCLE('',#13193,7.5);
#13193 = AXIS2_PLACEMENT_3D('',#13194,#13195,#13196);
#13194 = CARTESIAN_POINT('',(-25.,25.,367.));
#13195 = DIRECTION('',(0.,0.,-1.));
#13196 = DIRECTION('',(1.,0.,0.));
#13197 = PCURVE('',#9211,#13198);
#13198 = DEFINITIONAL_REPRESENTATION('',(#13199),#13207);
#13199 = ( BOUNDED_CURVE() B_SPLINE_CURVE(2,(#13200,#13201,#13202,#13203
    ,#13204,#13205,#13206),.UNSPECIFIED.,.T.,.F.) 
B_SPLINE_CURVE_WITH_KNOTS((1,2,2,2,2,1),(-2.094395102393,0.,
    2.094395102393,4.188790204786,6.28318530718,8.377580409573),
.UNSPECIFIED.) CURVE() GEOMETRIC_REPRESENTATION_ITEM() 
RATIONAL_B_SPLINE_CURVE((1.,0.5,1.,0.5,1.,0.5,1.)) REPRESENTATION_ITEM(
  '') );
#13200 = CARTESIAN_POINT('',(-17.5,25.));
#13201 = CARTESIAN_POINT('',(-17.5,12.009618943233));
#13202 = CARTESIAN_POINT('',(-28.75,18.504809471617));
#13203 = CARTESIAN_POINT('',(-40.,25.));
#13204 = CARTESIAN_POINT('',(-28.75,31.495190528383));
#13205 = CARTESIAN_POINT('',(-17.5,37.990381056767));
#13206 = CARTESIAN_POINT('',(-17.5,25.));
#13207 = ( GEOMETRIC_REPRESENTATION_CONTEXT(2) 
PARAMETRIC_REPRESENTATION_CONTEXT() REPRESENTATION_CONTEXT('2D SPACE',''
  ) );
#13208 = PCURVE('',#12945,#13209);
#13209 = DEFINITIONAL_REPRESENTATION('',(#13210),#13214);
#13210 = LINE('',#13211,#13212);
#13211 = CARTESIAN_POINT('',(-6.28318530718,-312.));
#13212 = VECTOR('',#13213,1.);
#13213 = DIRECTION('',(1.,-0.));
#13214 = ( GEOMETRIC_REPRESENTATION_CONTEXT(2) 
PARAMETRIC_REPRESENTATION_CONTEXT() REPRESENTATION_CONTEXT('2D SPACE',''
  ) );
#13215 = FACE_BOUND('',#13216,.T.);
#13216 = EDGE_LOOP('',(#13217));
#13217 = ORIENTED_EDGE('',*,*,#13218,.T.);
#13218 = EDGE_CURVE('',#13219,#13219,#13221,.T.);
#13219 = VERTEX_POINT('',#13220);
#13220 = CARTESIAN_POINT('',(-17.5,-25.,367.));
#13221 = SURFACE_CURVE('',#13222,(#13227,#13238),.PCURVE_S1.);
#13222 = CIRCLE('',#13223,7.5);
#13223 = AXIS2_PLACEMENT_3D('',#13224,#13225,#13226);
#13224 = CARTESIAN_POINT('',(-25.,-25.,367.));
#13225 = DIRECTION('',(0.,0.,-1.));
#13226 = DIRECTION('',(1.,0.,0.));
#13227 = PCURVE('',#9211,#13228);
#13228 = DEFINITIONAL_REPRESENTATION('',(#13229),#13237);
#13229 = ( BOUNDED_CURVE() B_SPLINE_CURVE(2,(#13230,#13231,#13232,#13233
    ,#13234,#13235,#13236),.UNSPECIFIED.,.T.,.F.) 
B_SPLINE_CURVE_WITH_KNOTS((1,2,2,2,2,1),(-2.094395102393,0.,
    2.094395102393,4.188790204786,6.28318530718,8.377580409573),
.UNSPECIFIED.) CURVE() GEOMETRIC_REPRESENTATION_ITEM() 
RATIONAL_B_SPLINE_CURVE((1.,0.5,1.,0.5,1.,0.5,1.)) REPRESENTATION_ITEM(
  '') );
#13230 = CARTESIAN_POINT('',(-17.5,-25.));
#13231 = CARTESIAN_POINT('',(-17.5,-37.99038105676));
#13232 = CARTESIAN_POINT('',(-28.75,-31.49519052838));
#13233 = CARTESIAN_POINT('',(-40.,-25.));
#13234 = CARTESIAN_POINT('',(-28.75,-18.50480947161));
#13235 = CARTESIAN_POINT('',(-17.5,-12.00961894323));
#13236 = CARTESIAN_POINT('',(-17.5,-25.));
#13237 = ( GEOMETRIC_REPRESENTATION_CONTEXT(2) 
PARAMETRIC_REPRESENTATION_CONTEXT() REPRESENTATION_CONTEXT('2D SPACE',''
  ) );
#13238 = PCURVE('',#11956,#13239);
#13239 = DEFINITIONAL_REPRESENTATION('',(#13240),#13244);
#13240 = LINE('',#13241,#13242);
#13241 = CARTESIAN_POINT('',(-6.28318530718,-312.));
#13242 = VECTOR('',#13243,1.);
#13243 = DIRECTION('',(1.,-0.));
#13244 = ( GEOMETRIC_REPRESENTATION_CONTEXT(2) 
PARAMETRIC_REPRESENTATION_CONTEXT() REPRESENTATION_CONTEXT('2D SPACE',''
  ) );
#13245 = FACE_BOUND('',#13246,.T.);
#13246 = EDGE_LOOP('',(#13247));
#13247 = ORIENTED_EDGE('',*,*,#13248,.T.);
#13248 = EDGE_CURVE('',#13249,#13249,#13251,.T.);
#13249 = VERTEX_POINT('',#13250);
#13250 = CARTESIAN_POINT('',(7.5,-25.,367.));
#13251 = SURFACE_CURVE('',#13252,(#13257,#13268),.PCURVE_S1.);
#13252 = CIRCLE('',#13253,7.5);
#13253 = AXIS2_PLACEMENT_3D('',#13254,#13255,#13256);
#13254 = CARTESIAN_POINT('',(0.,-25.,367.));
#13255 = DIRECTION('',(0.,0.,-1.));
#13256 = DIRECTION('',(1.,0.,0.));
#13257 = PCURVE('',#9211,#13258);
#13258 = DEFINITIONAL_REPRESENTATION('',(#13259),#13267);
#13259 = ( BOUNDED_CURVE() B_SPLINE_CURVE(2,(#13260,#13261,#13262,#13263
    ,#13264,#13265,#13266),.UNSPECIFIED.,.T.,.F.) 
B_SPLINE_CURVE_WITH_KNOTS((1,2,2,2,2,1),(-2.094395102393,0.,
    2.094395102393,4.188790204786,6.28318530718,8.377580409573),
.UNSPECIFIED.) CURVE() GEOMETRIC_REPRESENTATION_ITEM() 
RATIONAL_B_SPLINE_CURVE((1.,0.5,1.,0.5,1.,0.5,1.)) REPRESENTATION_ITEM(
  '') );
#13260 = CARTESIAN_POINT('',(7.5,-25.));
#13261 = CARTESIAN_POINT('',(7.5,-37.99038105676));
#13262 = CARTESIAN_POINT('',(-3.75,-31.49519052838));
#13263 = CARTESIAN_POINT('',(-15.,-25.));
#13264 = CARTESIAN_POINT('',(-3.75,-18.50480947161));
#13265 = CARTESIAN_POINT('',(7.5,-12.00961894323));
#13266 = CARTESIAN_POINT('',(7.5,-25.));
#13267 = ( GEOMETRIC_REPRESENTATION_CONTEXT(2) 
PARAMETRIC_REPRESENTATION_CONTEXT() REPRESENTATION_CONTEXT('2D SPACE',''
  ) );
#13268 = PCURVE('',#11991,#13269);
#13269 = DEFINITIONAL_REPRESENTATION('',(#13270),#13274);
#13270 = LINE('',#13271,#13272);
#13271 = CARTESIAN_POINT('',(-6.28318530718,-312.));
#13272 = VECTOR('',#13273,1.);
#13273 = DIRECTION('',(1.,-0.));
#13274 = ( GEOMETRIC_REPRESENTATION_CONTEXT(2) 
PARAMETRIC_REPRESENTATION_CONTEXT() REPRESENTATION_CONTEXT('2D SPACE',''
  ) );
#13275 = FACE_BOUND('',#13276,.T.);
#13276 = EDGE_LOOP('',(#13277));
#13277 = ORIENTED_EDGE('',*,*,#13278,.T.);
#13278 = EDGE_CURVE('',#13279,#13279,#13281,.T.);
#13279 = VERTEX_POINT('',#13280);
#13280 = CARTESIAN_POINT('',(32.5,-25.,367.));
#13281 = SURFACE_CURVE('',#13282,(#13287,#13298),.PCURVE_S1.);
#13282 = CIRCLE('',#13283,7.5);
#13283 = AXIS2_PLACEMENT_3D('',#13284,#13285,#13286);
#13284 = CARTESIAN_POINT('',(25.,-25.,367.));
#13285 = DIRECTION('',(0.,0.,-1.));
#13286 = DIRECTION('',(1.,0.,0.));
#13287 = PCURVE('',#9211,#13288);
#13288 = DEFINITIONAL_REPRESENTATION('',(#13289),#13297);
#13289 = ( BOUNDED_CURVE() B_SPLINE_CURVE(2,(#13290,#13291,#13292,#13293
    ,#13294,#13295,#13296),.UNSPECIFIED.,.T.,.F.) 
B_SPLINE_CURVE_WITH_KNOTS((1,2,2,2,2,1),(-2.094395102393,0.,
    2.094395102393,4.188790204786,6.28318530718,8.377580409573),
.UNSPECIFIED.) CURVE() GEOMETRIC_REPRESENTATION_ITEM() 
RATIONAL_B_SPLINE_CURVE((1.,0.5,1.,0.5,1.,0.5,1.)) REPRESENTATION_ITEM(
  '') );
#13290 = CARTESIAN_POINT('',(32.5,-25.));
#13291 = CARTESIAN_POINT('',(32.5,-37.99038105676));
#13292 = CARTESIAN_POINT('',(21.25,-31.49519052838));
#13293 = CARTESIAN_POINT('',(10.,-25.));
#13294 = CARTESIAN_POINT('',(21.25,-18.50480947161));
#13295 = CARTESIAN_POINT('',(32.5,-12.00961894323));
#13296 = CARTESIAN_POINT('',(32.5,-25.));
#13297 = ( GEOMETRIC_REPRESENTATION_CONTEXT(2) 
PARAMETRIC_REPRESENTATION_CONTEXT() REPRESENTATION_CONTEXT('2D SPACE',''
  ) );
#13298 = PCURVE('',#12026,#13299);
#13299 = DEFINITIONAL_REPRESENTATION('',(#13300),#13304);
#13300 = LINE('',#13301,#13302);
#13301 = CARTESIAN_POINT('',(-6.28318530718,-312.));
#13302 = VECTOR('',#13303,1.);
#13303 = DIRECTION('',(1.,-0.));
#13304 = ( GEOMETRIC_REPRESENTATION_CONTEXT(2) 
PARAMETRIC_REPRESENTATION_CONTEXT() REPRESENTATION_CONTEXT('2D SPACE',''
  ) );
#13305 = FACE_BOUND('',#13306,.T.);
#13306 = EDGE_LOOP('',(#13307));
#13307 = ORIENTED_EDGE('',*,*,#13308,.T.);
#13308 = EDGE_CURVE('',#13309,#13309,#13311,.T.);
#13309 = VERTEX_POINT('',#13310);
#13310 = CARTESIAN_POINT('',(-30.,0.,367.));
#13311 = SURFACE_CURVE('',#13312,(#13317,#13328),.PCURVE_S1.);
#13312 = CIRCLE('',#13313,7.5);
#13313 = AXIS2_PLACEMENT_3D('',#13314,#13315,#13316);
#13314 = CARTESIAN_POINT('',(-37.5,0.,367.));
#13315 = DIRECTION('',(0.,0.,-1.));
#13316 = DIRECTION('',(1.,0.,0.));
#13317 = PCURVE('',#9211,#13318);
#13318 = DEFINITIONAL_REPRESENTATION('',(#13319),#13327);
#13319 = ( BOUNDED_CURVE() B_SPLINE_CURVE(2,(#13320,#13321,#13322,#13323
    ,#13324,#13325,#13326),.UNSPECIFIED.,.T.,.F.) 
B_SPLINE_CURVE_WITH_KNOTS((1,2,2,2,2,1),(-2.094395102393,0.,
    2.094395102393,4.188790204786,6.28318530718,8.377580409573),
.UNSPECIFIED.) CURVE() GEOMETRIC_REPRESENTATION_ITEM() 
RATIONAL_B_SPLINE_CURVE((1.,0.5,1.,0.5,1.,0.5,1.)) REPRESENTATION_ITEM(
  '') );
#13320 = CARTESIAN_POINT('',(-30.,-3.209892110372E-15));
#13321 = CARTESIAN_POINT('',(-30.,-12.99038105676));
#13322 = CARTESIAN_POINT('',(-41.25,-6.495190528383));
#13323 = CARTESIAN_POINT('',(-52.5,-5.046862309093E-15));
#13324 = CARTESIAN_POINT('',(-41.25,6.495190528383));
#13325 = CARTESIAN_POINT('',(-30.,12.990381056767));
#13326 = CARTESIAN_POINT('',(-30.,-3.209892110372E-15));
#13327 = ( GEOMETRIC_REPRESENTATION_CONTEXT(2) 
PARAMETRIC_REPRESENTATION_CONTEXT() REPRESENTATION_CONTEXT('2D SPACE',''
  ) );
#13328 = PCURVE('',#12805,#13329);
#13329 = DEFINITIONAL_REPRESENTATION('',(#13330),#13334);
#13330 = LINE('',#13331,#13332);
#13331 = CARTESIAN_POINT('',(-6.28318530718,-312.));
#13332 = VECTOR('',#13333,1.);
#13333 = DIRECTION('',(1.,-0.));
#13334 = ( GEOMETRIC_REPRESENTATION_CONTEXT(2) 
PARAMETRIC_REPRESENTATION_CONTEXT() REPRESENTATION_CONTEXT('2D SPACE',''
  ) );
#13335 = FACE_BOUND('',#13336,.T.);
#13336 = EDGE_LOOP('',(#13337));
#13337 = ORIENTED_EDGE('',*,*,#13338,.T.);
#13338 = EDGE_CURVE('',#13339,#13339,#13341,.T.);
#13339 = VERTEX_POINT('',#13340);
#13340 = CARTESIAN_POINT('',(-5.,0.,367.));
#13341 = SURFACE_CURVE('',#13342,(#13347,#13358),.PCURVE_S1.);
#13342 = CIRCLE('',#13343,7.5);
#13343 = AXIS2_PLACEMENT_3D('',#13344,#13345,#13346);
#13344 = CARTESIAN_POINT('',(-12.5,0.,367.));
#13345 = DIRECTION('',(0.,0.,-1.));
#13346 = DIRECTION('',(1.,0.,0.));
#13347 = PCURVE('',#9211,#13348);
#13348 = DEFINITIONAL_REPRESENTATION('',(#13349),#13357);
#13349 = ( BOUNDED_CURVE() B_SPLINE_CURVE(2,(#13350,#13351,#13352,#13353
    ,#13354,#13355,#13356),.UNSPECIFIED.,.T.,.F.) 
B_SPLINE_CURVE_WITH_KNOTS((1,2,2,2,2,1),(-2.094395102393,0.,
    2.094395102393,4.188790204786,6.28318530718,8.377580409573),
.UNSPECIFIED.) CURVE() GEOMETRIC_REPRESENTATION_ITEM() 
RATIONAL_B_SPLINE_CURVE((1.,0.5,1.,0.5,1.,0.5,1.)) REPRESENTATION_ITEM(
  '') );
#13350 = CARTESIAN_POINT('',(-5.,-3.209892110372E-15));
#13351 = CARTESIAN_POINT('',(-5.,-12.99038105676));
#13352 = CARTESIAN_POINT('',(-16.25,-6.495190528383));
#13353 = CARTESIAN_POINT('',(-27.5,-5.046862309093E-15));
#13354 = CARTESIAN_POINT('',(-16.25,6.495190528383));
#13355 = CARTESIAN_POINT('',(-5.,12.990381056767));
#13356 = CARTESIAN_POINT('',(-5.,-3.209892110372E-15));
#13357 = ( GEOMETRIC_REPRESENTATION_CONTEXT(2) 
PARAMETRIC_REPRESENTATION_CONTEXT() REPRESENTATION_CONTEXT('2D SPACE',''
  ) );
#13358 = PCURVE('',#12840,#13359);
#13359 = DEFINITIONAL_REPRESENTATION('',(#13360),#13364);
#13360 = LINE('',#13361,#13362);
#13361 = CARTESIAN_POINT('',(-6.28318530718,-312.));
#13362 = VECTOR('',#13363,1.);
#13363 = DIRECTION('',(1.,-0.));
#13364 = ( GEOMETRIC_REPRESENTATION_CONTEXT(2) 
PARAMETRIC_REPRESENTATION_CONTEXT() REPRESENTATION_CONTEXT('2D SPACE',''
  ) );
#13365 = FACE_BOUND('',#13366,.T.);
#13366 = EDGE_LOOP('',(#13367));
#13367 = ORIENTED_EDGE('',*,*,#13368,.T.);
#13368 = EDGE_CURVE('',#13369,#13369,#13371,.T.);
#13369 = VERTEX_POINT('',#13370);
#13370 = CARTESIAN_POINT('',(20.,0.,367.));
#13371 = SURFACE_CURVE('',#13372,(#13377,#13388),.PCURVE_S1.);
#13372 = CIRCLE('',#13373,7.5);
#13373 = AXIS2_PLACEMENT_3D('',#13374,#13375,#13376);
#13374 = CARTESIAN_POINT('',(12.5,0.,367.));
#13375 = DIRECTION('',(0.,0.,-1.));
#13376 = DIRECTION('',(1.,0.,0.));
#13377 = PCURVE('',#9211,#13378);
#13378 = DEFINITIONAL_REPRESENTATION('',(#13379),#13387);
#13379 = ( BOUNDED_CURVE() B_SPLINE_CURVE(2,(#13380,#13381,#13382,#13383
    ,#13384,#13385,#13386),.UNSPECIFIED.,.T.,.F.) 
B_SPLINE_CURVE_WITH_KNOTS((1,2,2,2,2,1),(-2.094395102393,0.,
    2.094395102393,4.188790204786,6.28318530718,8.377580409573),
.UNSPECIFIED.) CURVE() GEOMETRIC_REPRESENTATION_ITEM() 
RATIONAL_B_SPLINE_CURVE((1.,0.5,1.,0.5,1.,0.5,1.)) REPRESENTATION_ITEM(
  '') );
#13380 = CARTESIAN_POINT('',(20.,-3.209892110372E-15));
#13381 = CARTESIAN_POINT('',(20.,-12.99038105676));
#13382 = CARTESIAN_POINT('',(8.75,-6.495190528383));
#13383 = CARTESIAN_POINT('',(-2.5,-5.046862309093E-15));
#13384 = CARTESIAN_POINT('',(8.75,6.495190528383));
#13385 = CARTESIAN_POINT('',(20.,12.990381056767));
#13386 = CARTESIAN_POINT('',(20.,-3.209892110372E-15));
#13387 = ( GEOMETRIC_REPRESENTATION_CONTEXT(2) 
PARAMETRIC_REPRESENTATION_CONTEXT() REPRESENTATION_CONTEXT('2D SPACE',''
  ) );
#13388 = PCURVE('',#12875,#13389);
#13389 = DEFINITIONAL_REPRESENTATION('',(#13390),#13394);
#13390 = LINE('',#13391,#13392);
#13391 = CARTESIAN_POINT('',(-6.28318530718,-312.));
#13392 = VECTOR('',#13393,1.);
#13393 = DIRECTION('',(1.,-0.));
#13394 = ( GEOMETRIC_REPRESENTATION_CONTEXT(2) 
PARAMETRIC_REPRESENTATION_CONTEXT() REPRESENTATION_CONTEXT('2D SPACE',''
  ) );
#13395 = FACE_BOUND('',#13396,.T.);
#13396 = EDGE_LOOP('',(#13397));
#13397 = ORIENTED_EDGE('',*,*,#13398,.T.);
#13398 = EDGE_CURVE('',#13399,#13399,#13401,.T.);
#13399 = VERTEX_POINT('',#13400);
#13400 = CARTESIAN_POINT('',(45.,0.,367.));
#13401 = SURFACE_CURVE('',#13402,(#13407,#13418),.PCURVE_S1.);
#13402 = CIRCLE('',#13403,7.5);
#13403 = AXIS2_PLACEMENT_3D('',#13404,#13405,#13406);
#13404 = CARTESIAN_POINT('',(37.5,0.,367.));
#13405 = DIRECTION('',(0.,0.,-1.));
#13406 = DIRECTION('',(1.,0.,0.));
#13407 = PCURVE('',#9211,#13408);
#13408 = DEFINITIONAL_REPRESENTATION('',(#13409),#13417);
#13409 = ( BOUNDED_CURVE() B_SPLINE_CURVE(2,(#13410,#13411,#13412,#13413
    ,#13414,#13415,#13416),.UNSPECIFIED.,.T.,.F.) 
B_SPLINE_CURVE_WITH_KNOTS((1,2,2,2,2,1),(-2.094395102393,0.,
    2.094395102393,4.188790204786,6.28318530718,8.377580409573),
.UNSPECIFIED.) CURVE() GEOMETRIC_REPRESENTATION_ITEM() 
RATIONAL_B_SPLINE_CURVE((1.,0.5,1.,0.5,1.,0.5,1.)) REPRESENTATION_ITEM(
  '') );
#13410 = CARTESIAN_POINT('',(45.,-3.209892110372E-15));
#13411 = CARTESIAN_POINT('',(45.,-12.99038105676));
#13412 = CARTESIAN_POINT('',(33.75,-6.495190528383));
#13413 = CARTESIAN_POINT('',(22.5,-5.046862309093E-15));
#13414 = CARTESIAN_POINT('',(33.75,6.495190528383));
#13415 = CARTESIAN_POINT('',(45.,12.990381056767));
#13416 = CARTESIAN_POINT('',(45.,-3.209892110372E-15));
#13417 = ( GEOMETRIC_REPRESENTATION_CONTEXT(2) 
PARAMETRIC_REPRESENTATION_CONTEXT() REPRESENTATION_CONTEXT('2D SPACE',''
  ) );
#13418 = PCURVE('',#12910,#13419);
#13419 = DEFINITIONAL_REPRESENTATION('',(#13420),#13424);
#13420 = LINE('',#13421,#13422);
#13421 = CARTESIAN_POINT('',(-6.28318530718,-312.));
#13422 = VECTOR('',#13423,1.);
#13423 = DIRECTION('',(1.,-0.));
#13424 = ( GEOMETRIC_REPRESENTATION_CONTEXT(2) 
PARAMETRIC_REPRESENTATION_CONTEXT() REPRESENTATION_CONTEXT('2D SPACE',''
  ) );
#13425 = ADVANCED_FACE('',(#13426),#9379,.T.);
#13426 = FACE_BOUND('',#13427,.T.);
#13427 = EDGE_LOOP('',(#13428,#13429,#13452,#13473));
#13428 = ORIENTED_EDGE('',*,*,#13030,.F.);
#13429 = ORIENTED_EDGE('',*,*,#13430,.F.);
#13430 = EDGE_CURVE('',#13431,#13031,#13433,.T.);
#13431 = VERTEX_POINT('',#13432);
#13432 = CARTESIAN_POINT('',(-32.5,25.,377.));
#13433 = SURFACE_CURVE('',#13434,(#13438,#13445),.PCURVE_S1.);
#13434 = LINE('',#13435,#13436);
#13435 = CARTESIAN_POINT('',(-32.5,25.,55.));
#13436 = VECTOR('',#13437,1.);
#13437 = DIRECTION('',(-0.,-0.,-1.));
#13438 = PCURVE('',#9379,#13439);
#13439 = DEFINITIONAL_REPRESENTATION('',(#13440),#13444);
#13440 = LINE('',#13441,#13442);
#13441 = CARTESIAN_POINT('',(82.5,312.));
#13442 = VECTOR('',#13443,1.);
#13443 = DIRECTION('',(0.,1.));
#13444 = ( GEOMETRIC_REPRESENTATION_CONTEXT(2) 
PARAMETRIC_REPRESENTATION_CONTEXT() REPRESENTATION_CONTEXT('2D SPACE',''
  ) );
#13445 = PCURVE('',#12945,#13446);
#13446 = DEFINITIONAL_REPRESENTATION('',(#13447),#13451);
#13447 = LINE('',#13448,#13449);
#13448 = CARTESIAN_POINT('',(-3.14159265359,0.));
#13449 = VECTOR('',#13450,1.);
#13450 = DIRECTION('',(-0.,1.));
#13451 = ( GEOMETRIC_REPRESENTATION_CONTEXT(2) 
PARAMETRIC_REPRESENTATION_CONTEXT() REPRESENTATION_CONTEXT('2D SPACE',''
  ) );
#13452 = ORIENTED_EDGE('',*,*,#13453,.T.);
#13453 = EDGE_CURVE('',#13431,#9336,#13454,.T.);
#13454 = SURFACE_CURVE('',#13455,(#13459,#13466),.PCURVE_S1.);
#13455 = LINE('',#13456,#13457);
#13456 = CARTESIAN_POINT('',(50.,25.,377.));
#13457 = VECTOR('',#13458,1.);
#13458 = DIRECTION('',(-1.,0.,0.));
#13459 = PCURVE('',#9379,#13460);
#13460 = DEFINITIONAL_REPRESENTATION('',(#13461),#13465);
#13461 = LINE('',#13462,#13463);
#13462 = CARTESIAN_POINT('',(0.,-10.));
#13463 = VECTOR('',#13464,1.);
#13464 = DIRECTION('',(1.,0.));
#13465 = ( GEOMETRIC_REPRESENTATION_CONTEXT(2) 
PARAMETRIC_REPRESENTATION_CONTEXT() REPRESENTATION_CONTEXT('2D SPACE',''
  ) );
#13466 = PCURVE('',#9268,#13467);
#13467 = DEFINITIONAL_REPRESENTATION('',(#13468),#13472);
#13468 = LINE('',#13469,#13470);
#13469 = CARTESIAN_POINT('',(50.,25.));
#13470 = VECTOR('',#13471,1.);
#13471 = DIRECTION('',(-1.,0.));
#13472 = ( GEOMETRIC_REPRESENTATION_CONTEXT(2) 
PARAMETRIC_REPRESENTATION_CONTEXT() REPRESENTATION_CONTEXT('2D SPACE',''
  ) );
#13473 = ORIENTED_EDGE('',*,*,#9363,.T.);
#13474 = ADVANCED_FACE('',(#13475,#13631,#13666,#13701,#13736,#13771,
    #13806,#13841),#9268,.F.);
#13475 = FACE_BOUND('',#13476,.F.);
#13476 = EDGE_LOOP('',(#13477,#13478,#13501,#13529,#13552,#13580,#13603,
    #13629,#13630));
#13477 = ORIENTED_EDGE('',*,*,#9251,.F.);
#13478 = ORIENTED_EDGE('',*,*,#13479,.T.);
#13479 = EDGE_CURVE('',#9224,#13480,#13482,.T.);
#13480 = VERTEX_POINT('',#13481);
#13481 = CARTESIAN_POINT('',(32.5,25.,377.));
#13482 = SURFACE_CURVE('',#13483,(#13487,#13494),.PCURVE_S1.);
#13483 = LINE('',#13484,#13485);
#13484 = CARTESIAN_POINT('',(50.,25.,377.));
#13485 = VECTOR('',#13486,1.);
#13486 = DIRECTION('',(-1.,0.,0.));
#13487 = PCURVE('',#9268,#13488);
#13488 = DEFINITIONAL_REPRESENTATION('',(#13489),#13493);
#13489 = LINE('',#13490,#13491);
#13490 = CARTESIAN_POINT('',(50.,25.));
#13491 = VECTOR('',#13492,1.);
#13492 = DIRECTION('',(-1.,0.));
#13493 = ( GEOMETRIC_REPRESENTATION_CONTEXT(2) 
PARAMETRIC_REPRESENTATION_CONTEXT() REPRESENTATION_CONTEXT('2D SPACE',''
  ) );
#13494 = PCURVE('',#9239,#13495);
#13495 = DEFINITIONAL_REPRESENTATION('',(#13496),#13500);
#13496 = LINE('',#13497,#13498);
#13497 = CARTESIAN_POINT('',(0.,-10.));
#13498 = VECTOR('',#13499,1.);
#13499 = DIRECTION('',(1.,0.));
#13500 = ( GEOMETRIC_REPRESENTATION_CONTEXT(2) 
PARAMETRIC_REPRESENTATION_CONTEXT() REPRESENTATION_CONTEXT('2D SPACE',''
  ) );
#13501 = ORIENTED_EDGE('',*,*,#13502,.T.);
#13502 = EDGE_CURVE('',#13480,#13503,#13505,.T.);
#13503 = VERTEX_POINT('',#13504);
#13504 = CARTESIAN_POINT('',(17.5,25.,377.));
#13505 = SURFACE_CURVE('',#13506,(#13511,#13522),.PCURVE_S1.);
#13506 = CIRCLE('',#13507,7.5);
#13507 = AXIS2_PLACEMENT_3D('',#13508,#13509,#13510);
#13508 = CARTESIAN_POINT('',(25.,25.,377.));
#13509 = DIRECTION('',(0.,0.,-1.));
#13510 = DIRECTION('',(1.,0.,0.));
#13511 = PCURVE('',#9268,#13512);
#13512 = DEFINITIONAL_REPRESENTATION('',(#13513),#13521);
#13513 = ( BOUNDED_CURVE() B_SPLINE_CURVE(2,(#13514,#13515,#13516,#13517
    ,#13518,#13519,#13520),.UNSPECIFIED.,.T.,.F.) 
B_SPLINE_CURVE_WITH_KNOTS((1,2,2,2,2,1),(-2.094395102393,0.,
    2.094395102393,4.188790204786,6.28318530718,8.377580409573),
.UNSPECIFIED.) CURVE() GEOMETRIC_REPRESENTATION_ITEM() 
RATIONAL_B_SPLINE_CURVE((1.,0.5,1.,0.5,1.,0.5,1.)) REPRESENTATION_ITEM(
  '') );
#13514 = CARTESIAN_POINT('',(32.5,25.));
#13515 = CARTESIAN_POINT('',(32.5,12.009618943233));
#13516 = CARTESIAN_POINT('',(21.25,18.504809471617));
#13517 = CARTESIAN_POINT('',(10.,25.));
#13518 = CARTESIAN_POINT('',(21.25,31.495190528383));
#13519 = CARTESIAN_POINT('',(32.5,37.990381056767));
#13520 = CARTESIAN_POINT('',(32.5,25.));
#13521 = ( GEOMETRIC_REPRESENTATION_CONTEXT(2) 
PARAMETRIC_REPRESENTATION_CONTEXT() REPRESENTATION_CONTEXT('2D SPACE',''
  ) );
#13522 = PCURVE('',#13015,#13523);
#13523 = DEFINITIONAL_REPRESENTATION('',(#13524),#13528);
#13524 = LINE('',#13525,#13526);
#13525 = CARTESIAN_POINT('',(-6.28318530718,-322.));
#13526 = VECTOR('',#13527,1.);
#13527 = DIRECTION('',(1.,-0.));
#13528 = ( GEOMETRIC_REPRESENTATION_CONTEXT(2) 
PARAMETRIC_REPRESENTATION_CONTEXT() REPRESENTATION_CONTEXT('2D SPACE',''
  ) );
#13529 = ORIENTED_EDGE('',*,*,#13530,.T.);
#13530 = EDGE_CURVE('',#13503,#13531,#13533,.T.);
#13531 = VERTEX_POINT('',#13532);
#13532 = CARTESIAN_POINT('',(7.5,25.,377.));
#13533 = SURFACE_CURVE('',#13534,(#13538,#13545),.PCURVE_S1.);
#13534 = LINE('',#13535,#13536);
#13535 = CARTESIAN_POINT('',(50.,25.,377.));
#13536 = VECTOR('',#13537,1.);
#13537 = DIRECTION('',(-1.,0.,0.));
#13538 = PCURVE('',#9268,#13539);
#13539 = DEFINITIONAL_REPRESENTATION('',(#13540),#13544);
#13540 = LINE('',#13541,#13542);
#13541 = CARTESIAN_POINT('',(50.,25.));
#13542 = VECTOR('',#13543,1.);
#13543 = DIRECTION('',(-1.,0.));
#13544 = ( GEOMETRIC_REPRESENTATION_CONTEXT(2) 
PARAMETRIC_REPRESENTATION_CONTEXT() REPRESENTATION_CONTEXT('2D SPACE',''
  ) );
#13545 = PCURVE('',#13122,#13546);
#13546 = DEFINITIONAL_REPRESENTATION('',(#13547),#13551);
#13547 = LINE('',#13548,#13549);
#13548 = CARTESIAN_POINT('',(0.,-10.));
#13549 = VECTOR('',#13550,1.);
#13550 = DIRECTION('',(1.,0.));
#13551 = ( GEOMETRIC_REPRESENTATION_CONTEXT(2) 
PARAMETRIC_REPRESENTATION_CONTEXT() REPRESENTATION_CONTEXT('2D SPACE',''
  ) );
#13552 = ORIENTED_EDGE('',*,*,#13553,.T.);
#13553 = EDGE_CURVE('',#13531,#13554,#13556,.T.);
#13554 = VERTEX_POINT('',#13555);
#13555 = CARTESIAN_POINT('',(-7.5,25.,377.));
#13556 = SURFACE_CURVE('',#13557,(#13562,#13573),.PCURVE_S1.);
#13557 = CIRCLE('',#13558,7.5);
#13558 = AXIS2_PLACEMENT_3D('',#13559,#13560,#13561);
#13559 = CARTESIAN_POINT('',(0.,25.,377.));
#13560 = DIRECTION('',(0.,0.,-1.));
#13561 = DIRECTION('',(1.,0.,0.));
#13562 = PCURVE('',#9268,#13563);
#13563 = DEFINITIONAL_REPRESENTATION('',(#13564),#13572);
#13564 = ( BOUNDED_CURVE() B_SPLINE_CURVE(2,(#13565,#13566,#13567,#13568
    ,#13569,#13570,#13571),.UNSPECIFIED.,.T.,.F.) 
B_SPLINE_CURVE_WITH_KNOTS((1,2,2,2,2,1),(-2.094395102393,0.,
    2.094395102393,4.188790204786,6.28318530718,8.377580409573),
.UNSPECIFIED.) CURVE() GEOMETRIC_REPRESENTATION_ITEM() 
RATIONAL_B_SPLINE_CURVE((1.,0.5,1.,0.5,1.,0.5,1.)) REPRESENTATION_ITEM(
  '') );
#13565 = CARTESIAN_POINT('',(7.5,25.));
#13566 = CARTESIAN_POINT('',(7.5,12.009618943233));
#13567 = CARTESIAN_POINT('',(-3.75,18.504809471617));
#13568 = CARTESIAN_POINT('',(-15.,25.));
#13569 = CARTESIAN_POINT('',(-3.75,31.495190528383));
#13570 = CARTESIAN_POINT('',(7.5,37.990381056767));
#13571 = CARTESIAN_POINT('',(7.5,25.));
#13572 = ( GEOMETRIC_REPRESENTATION_CONTEXT(2) 
PARAMETRIC_REPRESENTATION_CONTEXT() REPRESENTATION_CONTEXT('2D SPACE',''
  ) );
#13573 = PCURVE('',#12980,#13574);
#13574 = DEFINITIONAL_REPRESENTATION('',(#13575),#13579);
#13575 = LINE('',#13576,#13577);
#13576 = CARTESIAN_POINT('',(-6.28318530718,-322.));
#13577 = VECTOR('',#13578,1.);
#13578 = DIRECTION('',(1.,-0.));
#13579 = ( GEOMETRIC_REPRESENTATION_CONTEXT(2) 
PARAMETRIC_REPRESENTATION_CONTEXT() REPRESENTATION_CONTEXT('2D SPACE',''
  ) );
#13580 = ORIENTED_EDGE('',*,*,#13581,.T.);
#13581 = EDGE_CURVE('',#13554,#13582,#13584,.T.);
#13582 = VERTEX_POINT('',#13583);
#13583 = CARTESIAN_POINT('',(-17.5,25.,377.));
#13584 = SURFACE_CURVE('',#13585,(#13589,#13596),.PCURVE_S1.);
#13585 = LINE('',#13586,#13587);
#13586 = CARTESIAN_POINT('',(50.,25.,377.));
#13587 = VECTOR('',#13588,1.);
#13588 = DIRECTION('',(-1.,0.,0.));
#13589 = PCURVE('',#9268,#13590);
#13590 = DEFINITIONAL_REPRESENTATION('',(#13591),#13595);
#13591 = LINE('',#13592,#13593);
#13592 = CARTESIAN_POINT('',(50.,25.));
#13593 = VECTOR('',#13594,1.);
#13594 = DIRECTION('',(-1.,0.));
#13595 = ( GEOMETRIC_REPRESENTATION_CONTEXT(2) 
PARAMETRIC_REPRESENTATION_CONTEXT() REPRESENTATION_CONTEXT('2D SPACE',''
  ) );
#13596 = PCURVE('',#13178,#13597);
#13597 = DEFINITIONAL_REPRESENTATION('',(#13598),#13602);
#13598 = LINE('',#13599,#13600);
#13599 = CARTESIAN_POINT('',(0.,-10.));
#13600 = VECTOR('',#13601,1.);
#13601 = DIRECTION('',(1.,0.));
#13602 = ( GEOMETRIC_REPRESENTATION_CONTEXT(2) 
PARAMETRIC_REPRESENTATION_CONTEXT() REPRESENTATION_CONTEXT('2D SPACE',''
  ) );
#13603 = ORIENTED_EDGE('',*,*,#13604,.T.);
#13604 = EDGE_CURVE('',#13582,#13431,#13605,.T.);
#13605 = SURFACE_CURVE('',#13606,(#13611,#13622),.PCURVE_S1.);
#13606 = CIRCLE('',#13607,7.5);
#13607 = AXIS2_PLACEMENT_3D('',#13608,#13609,#13610);
#13608 = CARTESIAN_POINT('',(-25.,25.,377.));
#13609 = DIRECTION('',(0.,0.,-1.));
#13610 = DIRECTION('',(1.,0.,0.));
#13611 = PCURVE('',#9268,#13612);
#13612 = DEFINITIONAL_REPRESENTATION('',(#13613),#13621);
#13613 = ( BOUNDED_CURVE() B_SPLINE_CURVE(2,(#13614,#13615,#13616,#13617
    ,#13618,#13619,#13620),.UNSPECIFIED.,.T.,.F.) 
B_SPLINE_CURVE_WITH_KNOTS((1,2,2,2,2,1),(-2.094395102393,0.,
    2.094395102393,4.188790204786,6.28318530718,8.377580409573),
.UNSPECIFIED.) CURVE() GEOMETRIC_REPRESENTATION_ITEM() 
RATIONAL_B_SPLINE_CURVE((1.,0.5,1.,0.5,1.,0.5,1.)) REPRESENTATION_ITEM(
  '') );
#13614 = CARTESIAN_POINT('',(-17.5,25.));
#13615 = CARTESIAN_POINT('',(-17.5,12.009618943233));
#13616 = CARTESIAN_POINT('',(-28.75,18.504809471617));
#13617 = CARTESIAN_POINT('',(-40.,25.));
#13618 = CARTESIAN_POINT('',(-28.75,31.495190528383));
#13619 = CARTESIAN_POINT('',(-17.5,37.990381056767));
#13620 = CARTESIAN_POINT('',(-17.5,25.));
#13621 = ( GEOMETRIC_REPRESENTATION_CONTEXT(2) 
PARAMETRIC_REPRESENTATION_CONTEXT() REPRESENTATION_CONTEXT('2D SPACE',''
  ) );
#13622 = PCURVE('',#12945,#13623);
#13623 = DEFINITIONAL_REPRESENTATION('',(#13624),#13628);
#13624 = LINE('',#13625,#13626);
#13625 = CARTESIAN_POINT('',(-6.28318530718,-322.));
#13626 = VECTOR('',#13627,1.);
#13627 = DIRECTION('',(1.,-0.));
#13628 = ( GEOMETRIC_REPRESENTATION_CONTEXT(2) 
PARAMETRIC_REPRESENTATION_CONTEXT() REPRESENTATION_CONTEXT('2D SPACE',''
  ) );
#13629 = ORIENTED_EDGE('',*,*,#13453,.T.);
#13630 = ORIENTED_EDGE('',*,*,#9335,.F.);
#13631 = FACE_BOUND('',#13632,.F.);
#13632 = EDGE_LOOP('',(#13633));
#13633 = ORIENTED_EDGE('',*,*,#13634,.T.);
#13634 = EDGE_CURVE('',#13635,#13635,#13637,.T.);
#13635 = VERTEX_POINT('',#13636);
#13636 = CARTESIAN_POINT('',(-17.5,-25.,377.));
#13637 = SURFACE_CURVE('',#13638,(#13643,#13654),.PCURVE_S1.);
#13638 = CIRCLE('',#13639,7.5);
#13639 = AXIS2_PLACEMENT_3D('',#13640,#13641,#13642);
#13640 = CARTESIAN_POINT('',(-25.,-25.,377.));
#13641 = DIRECTION('',(0.,0.,-1.));
#13642 = DIRECTION('',(1.,0.,0.));
#13643 = PCURVE('',#9268,#13644);
#13644 = DEFINITIONAL_REPRESENTATION('',(#13645),#13653);
#13645 = ( BOUNDED_CURVE() B_SPLINE_CURVE(2,(#13646,#13647,#13648,#13649
    ,#13650,#13651,#13652),.UNSPECIFIED.,.T.,.F.) 
B_SPLINE_CURVE_WITH_KNOTS((1,2,2,2,2,1),(-2.094395102393,0.,
    2.094395102393,4.188790204786,6.28318530718,8.377580409573),
.UNSPECIFIED.) CURVE() GEOMETRIC_REPRESENTATION_ITEM() 
RATIONAL_B_SPLINE_CURVE((1.,0.5,1.,0.5,1.,0.5,1.)) REPRESENTATION_ITEM(
  '') );
#13646 = CARTESIAN_POINT('',(-17.5,-25.));
#13647 = CARTESIAN_POINT('',(-17.5,-37.99038105676));
#13648 = CARTESIAN_POINT('',(-28.75,-31.49519052838));
#13649 = CARTESIAN_POINT('',(-40.,-25.));
#13650 = CARTESIAN_POINT('',(-28.75,-18.50480947161));
#13651 = CARTESIAN_POINT('',(-17.5,-12.00961894323));
#13652 = CARTESIAN_POINT('',(-17.5,-25.));
#13653 = ( GEOMETRIC_REPRESENTATION_CONTEXT(2) 
PARAMETRIC_REPRESENTATION_CONTEXT() REPRESENTATION_CONTEXT('2D SPACE',''
  ) );
#13654 = PCURVE('',#13655,#13660);
#13655 = CYLINDRICAL_SURFACE('',#13656,7.5);
#13656 = AXIS2_PLACEMENT_3D('',#13657,#13658,#13659);
#13657 = CARTESIAN_POINT('',(-25.,-25.,55.));
#13658 = DIRECTION('',(-0.,-0.,-1.));
#13659 = DIRECTION('',(1.,0.,0.));
#13660 = DEFINITIONAL_REPRESENTATION('',(#13661),#13665);
#13661 = LINE('',#13662,#13663);
#13662 = CARTESIAN_POINT('',(-6.28318530718,-322.));
#13663 = VECTOR('',#13664,1.);
#13664 = DIRECTION('',(1.,-0.));
#13665 = ( GEOMETRIC_REPRESENTATION_CONTEXT(2) 
PARAMETRIC_REPRESENTATION_CONTEXT() REPRESENTATION_CONTEXT('2D SPACE',''
  ) );
#13666 = FACE_BOUND('',#13667,.F.);
#13667 = EDGE_LOOP('',(#13668));
#13668 = ORIENTED_EDGE('',*,*,#13669,.T.);
#13669 = EDGE_CURVE('',#13670,#13670,#13672,.T.);
#13670 = VERTEX_POINT('',#13671);
#13671 = CARTESIAN_POINT('',(7.5,-25.,377.));
#13672 = SURFACE_CURVE('',#13673,(#13678,#13689),.PCURVE_S1.);
#13673 = CIRCLE('',#13674,7.5);
#13674 = AXIS2_PLACEMENT_3D('',#13675,#13676,#13677);
#13675 = CARTESIAN_POINT('',(0.,-25.,377.));
#13676 = DIRECTION('',(0.,0.,-1.));
#13677 = DIRECTION('',(1.,0.,0.));
#13678 = PCURVE('',#9268,#13679);
#13679 = DEFINITIONAL_REPRESENTATION('',(#13680),#13688);
#13680 = ( BOUNDED_CURVE() B_SPLINE_CURVE(2,(#13681,#13682,#13683,#13684
    ,#13685,#13686,#13687),.UNSPECIFIED.,.T.,.F.) 
B_SPLINE_CURVE_WITH_KNOTS((1,2,2,2,2,1),(-2.094395102393,0.,
    2.094395102393,4.188790204786,6.28318530718,8.377580409573),
.UNSPECIFIED.) CURVE() GEOMETRIC_REPRESENTATION_ITEM() 
RATIONAL_B_SPLINE_CURVE((1.,0.5,1.,0.5,1.,0.5,1.)) REPRESENTATION_ITEM(
  '') );
#13681 = CARTESIAN_POINT('',(7.5,-25.));
#13682 = CARTESIAN_POINT('',(7.5,-37.99038105676));
#13683 = CARTESIAN_POINT('',(-3.75,-31.49519052838));
#13684 = CARTESIAN_POINT('',(-15.,-25.));
#13685 = CARTESIAN_POINT('',(-3.75,-18.50480947161));
#13686 = CARTESIAN_POINT('',(7.5,-12.00961894323));
#13687 = CARTESIAN_POINT('',(7.5,-25.));
#13688 = ( GEOMETRIC_REPRESENTATION_CONTEXT(2) 
PARAMETRIC_REPRESENTATION_CONTEXT() REPRESENTATION_CONTEXT('2D SPACE',''
  ) );
#13689 = PCURVE('',#13690,#13695);
#13690 = CYLINDRICAL_SURFACE('',#13691,7.5);
#13691 = AXIS2_PLACEMENT_3D('',#13692,#13693,#13694);
#13692 = CARTESIAN_POINT('',(0.,-25.,55.));
#13693 = DIRECTION('',(-0.,-0.,-1.));
#13694 = DIRECTION('',(1.,0.,0.));
#13695 = DEFINITIONAL_REPRESENTATION('',(#13696),#13700);
#13696 = LINE('',#13697,#13698);
#13697 = CARTESIAN_POINT('',(-6.28318530718,-322.));
#13698 = VECTOR('',#13699,1.);
#13699 = DIRECTION('',(1.,-0.));
#13700 = ( GEOMETRIC_REPRESENTATION_CONTEXT(2) 
PARAMETRIC_REPRESENTATION_CONTEXT() REPRESENTATION_CONTEXT('2D SPACE',''
  ) );
#13701 = FACE_BOUND('',#13702,.F.);
#13702 = EDGE_LOOP('',(#13703));
#13703 = ORIENTED_EDGE('',*,*,#13704,.T.);
#13704 = EDGE_CURVE('',#13705,#13705,#13707,.T.);
#13705 = VERTEX_POINT('',#13706);
#13706 = CARTESIAN_POINT('',(32.5,-25.,377.));
#13707 = SURFACE_CURVE('',#13708,(#13713,#13724),.PCURVE_S1.);
#13708 = CIRCLE('',#13709,7.5);
#13709 = AXIS2_PLACEMENT_3D('',#13710,#13711,#13712);
#13710 = CARTESIAN_POINT('',(25.,-25.,377.));
#13711 = DIRECTION('',(0.,0.,-1.));
#13712 = DIRECTION('',(1.,0.,0.));
#13713 = PCURVE('',#9268,#13714);
#13714 = DEFINITIONAL_REPRESENTATION('',(#13715),#13723);
#13715 = ( BOUNDED_CURVE() B_SPLINE_CURVE(2,(#13716,#13717,#13718,#13719
    ,#13720,#13721,#13722),.UNSPECIFIED.,.T.,.F.) 
B_SPLINE_CURVE_WITH_KNOTS((1,2,2,2,2,1),(-2.094395102393,0.,
    2.094395102393,4.188790204786,6.28318530718,8.377580409573),
.UNSPECIFIED.) CURVE() GEOMETRIC_REPRESENTATION_ITEM() 
RATIONAL_B_SPLINE_CURVE((1.,0.5,1.,0.5,1.,0.5,1.)) REPRESENTATION_ITEM(
  '') );
#13716 = CARTESIAN_POINT('',(32.5,-25.));
#13717 = CARTESIAN_POINT('',(32.5,-37.99038105676));
#13718 = CARTESIAN_POINT('',(21.25,-31.49519052838));
#13719 = CARTESIAN_POINT('',(10.,-25.));
#13720 = CARTESIAN_POINT('',(21.25,-18.50480947161));
#13721 = CARTESIAN_POINT('',(32.5,-12.00961894323));
#13722 = CARTESIAN_POINT('',(32.5,-25.));
#13723 = ( GEOMETRIC_REPRESENTATION_CONTEXT(2) 
PARAMETRIC_REPRESENTATION_CONTEXT() REPRESENTATION_CONTEXT('2D SPACE',''
  ) );
#13724 = PCURVE('',#13725,#13730);
#13725 = CYLINDRICAL_SURFACE('',#13726,7.5);
#13726 = AXIS2_PLACEMENT_3D('',#13727,#13728,#13729);
#13727 = CARTESIAN_POINT('',(25.,-25.,55.));
#13728 = DIRECTION('',(-0.,-0.,-1.));
#13729 = DIRECTION('',(1.,0.,0.));
#13730 = DEFINITIONAL_REPRESENTATION('',(#13731),#13735);
#13731 = LINE('',#13732,#13733);
#13732 = CARTESIAN_POINT('',(-6.28318530718,-322.));
#13733 = VECTOR('',#13734,1.);
#13734 = DIRECTION('',(1.,-0.));
#13735 = ( GEOMETRIC_REPRESENTATION_CONTEXT(2) 
PARAMETRIC_REPRESENTATION_CONTEXT() REPRESENTATION_CONTEXT('2D SPACE',''
  ) );
#13736 = FACE_BOUND('',#13737,.F.);
#13737 = EDGE_LOOP('',(#13738));
#13738 = ORIENTED_EDGE('',*,*,#13739,.T.);
#13739 = EDGE_CURVE('',#13740,#13740,#13742,.T.);
#13740 = VERTEX_POINT('',#13741);
#13741 = CARTESIAN_POINT('',(-30.,0.,377.));
#13742 = SURFACE_CURVE('',#13743,(#13748,#13759),.PCURVE_S1.);
#13743 = CIRCLE('',#13744,7.5);
#13744 = AXIS2_PLACEMENT_3D('',#13745,#13746,#13747);
#13745 = CARTESIAN_POINT('',(-37.5,0.,377.));
#13746 = DIRECTION('',(0.,0.,-1.));
#13747 = DIRECTION('',(1.,0.,0.));
#13748 = PCURVE('',#9268,#13749);
#13749 = DEFINITIONAL_REPRESENTATION('',(#13750),#13758);
#13750 = ( BOUNDED_CURVE() B_SPLINE_CURVE(2,(#13751,#13752,#13753,#13754
    ,#13755,#13756,#13757),.UNSPECIFIED.,.T.,.F.) 
B_SPLINE_CURVE_WITH_KNOTS((1,2,2,2,2,1),(-2.094395102393,0.,
    2.094395102393,4.188790204786,6.28318530718,8.377580409573),
.UNSPECIFIED.) CURVE() GEOMETRIC_REPRESENTATION_ITEM() 
RATIONAL_B_SPLINE_CURVE((1.,0.5,1.,0.5,1.,0.5,1.)) REPRESENTATION_ITEM(
  '') );
#13751 = CARTESIAN_POINT('',(-30.,-3.209892110372E-15));
#13752 = CARTESIAN_POINT('',(-30.,-12.99038105676));
#13753 = CARTESIAN_POINT('',(-41.25,-6.495190528383));
#13754 = CARTESIAN_POINT('',(-52.5,-5.046862309093E-15));
#13755 = CARTESIAN_POINT('',(-41.25,6.495190528383));
#13756 = CARTESIAN_POINT('',(-30.,12.990381056767));
#13757 = CARTESIAN_POINT('',(-30.,-3.209892110372E-15));
#13758 = ( GEOMETRIC_REPRESENTATION_CONTEXT(2) 
PARAMETRIC_REPRESENTATION_CONTEXT() REPRESENTATION_CONTEXT('2D SPACE',''
  ) );
#13759 = PCURVE('',#13760,#13765);
#13760 = CYLINDRICAL_SURFACE('',#13761,7.5);
#13761 = AXIS2_PLACEMENT_3D('',#13762,#13763,#13764);
#13762 = CARTESIAN_POINT('',(-37.5,0.,55.));
#13763 = DIRECTION('',(-0.,-0.,-1.));
#13764 = DIRECTION('',(1.,0.,0.));
#13765 = DEFINITIONAL_REPRESENTATION('',(#13766),#13770);
#13766 = LINE('',#13767,#13768);
#13767 = CARTESIAN_POINT('',(-6.28318530718,-322.));
#13768 = VECTOR('',#13769,1.);
#13769 = DIRECTION('',(1.,-0.));
#13770 = ( GEOMETRIC_REPRESENTATION_CONTEXT(2) 
PARAMETRIC_REPRESENTATION_CONTEXT() REPRESENTATION_CONTEXT('2D SPACE',''
  ) );
#13771 = FACE_BOUND('',#13772,.F.);
#13772 = EDGE_LOOP('',(#13773));
#13773 = ORIENTED_EDGE('',*,*,#13774,.T.);
#13774 = EDGE_CURVE('',#13775,#13775,#13777,.T.);
#13775 = VERTEX_POINT('',#13776);
#13776 = CARTESIAN_POINT('',(-5.,0.,377.));
#13777 = SURFACE_CURVE('',#13778,(#13783,#13794),.PCURVE_S1.);
#13778 = CIRCLE('',#13779,7.5);
#13779 = AXIS2_PLACEMENT_3D('',#13780,#13781,#13782);
#13780 = CARTESIAN_POINT('',(-12.5,0.,377.));
#13781 = DIRECTION('',(0.,0.,-1.));
#13782 = DIRECTION('',(1.,0.,0.));
#13783 = PCURVE('',#9268,#13784);
#13784 = DEFINITIONAL_REPRESENTATION('',(#13785),#13793);
#13785 = ( BOUNDED_CURVE() B_SPLINE_CURVE(2,(#13786,#13787,#13788,#13789
    ,#13790,#13791,#13792),.UNSPECIFIED.,.T.,.F.) 
B_SPLINE_CURVE_WITH_KNOTS((1,2,2,2,2,1),(-2.094395102393,0.,
    2.094395102393,4.188790204786,6.28318530718,8.377580409573),
.UNSPECIFIED.) CURVE() GEOMETRIC_REPRESENTATION_ITEM() 
RATIONAL_B_SPLINE_CURVE((1.,0.5,1.,0.5,1.,0.5,1.)) REPRESENTATION_ITEM(
  '') );
#13786 = CARTESIAN_POINT('',(-5.,-3.209892110372E-15));
#13787 = CARTESIAN_POINT('',(-5.,-12.99038105676));
#13788 = CARTESIAN_POINT('',(-16.25,-6.495190528383));
#13789 = CARTESIAN_POINT('',(-27.5,-5.046862309093E-15));
#13790 = CARTESIAN_POINT('',(-16.25,6.495190528383));
#13791 = CARTESIAN_POINT('',(-5.,12.990381056767));
#13792 = CARTESIAN_POINT('',(-5.,-3.209892110372E-15));
#13793 = ( GEOMETRIC_REPRESENTATION_CONTEXT(2) 
PARAMETRIC_REPRESENTATION_CONTEXT() REPRESENTATION_CONTEXT('2D SPACE',''
  ) );
#13794 = PCURVE('',#13795,#13800);
#13795 = CYLINDRICAL_SURFACE('',#13796,7.5);
#13796 = AXIS2_PLACEMENT_3D('',#13797,#13798,#13799);
#13797 = CARTESIAN_POINT('',(-12.5,0.,55.));
#13798 = DIRECTION('',(-0.,-0.,-1.));
#13799 = DIRECTION('',(1.,0.,0.));
#13800 = DEFINITIONAL_REPRESENTATION('',(#13801),#13805);
#13801 = LINE('',#13802,#13803);
#13802 = CARTESIAN_POINT('',(-6.28318530718,-322.));
#13803 = VECTOR('',#13804,1.);
#13804 = DIRECTION('',(1.,-0.));
#13805 = ( GEOMETRIC_REPRESENTATION_CONTEXT(2) 
PARAMETRIC_REPRESENTATION_CONTEXT() REPRESENTATION_CONTEXT('2D SPACE',''
  ) );
#13806 = FACE_BOUND('',#13807,.F.);
#13807 = EDGE_LOOP('',(#13808));
#13808 = ORIENTED_EDGE('',*,*,#13809,.T.);
#13809 = EDGE_CURVE('',#13810,#13810,#13812,.T.);
#13810 = VERTEX_POINT('',#13811);
#13811 = CARTESIAN_POINT('',(20.,0.,377.));
#13812 = SURFACE_CURVE('',#13813,(#13818,#13829),.PCURVE_S1.);
#13813 = CIRCLE('',#13814,7.5);
#13814 = AXIS2_PLACEMENT_3D('',#13815,#13816,#13817);
#13815 = CARTESIAN_POINT('',(12.5,0.,377.));
#13816 = DIRECTION('',(0.,0.,-1.));
#13817 = DIRECTION('',(1.,0.,0.));
#13818 = PCURVE('',#9268,#13819);
#13819 = DEFINITIONAL_REPRESENTATION('',(#13820),#13828);
#13820 = ( BOUNDED_CURVE() B_SPLINE_CURVE(2,(#13821,#13822,#13823,#13824
    ,#13825,#13826,#13827),.UNSPECIFIED.,.T.,.F.) 
B_SPLINE_CURVE_WITH_KNOTS((1,2,2,2,2,1),(-2.094395102393,0.,
    2.094395102393,4.188790204786,6.28318530718,8.377580409573),
.UNSPECIFIED.) CURVE() GEOMETRIC_REPRESENTATION_ITEM() 
RATIONAL_B_SPLINE_CURVE((1.,0.5,1.,0.5,1.,0.5,1.)) REPRESENTATION_ITEM(
  '') );
#13821 = CARTESIAN_POINT('',(20.,-3.209892110372E-15));
#13822 = CARTESIAN_POINT('',(20.,-12.99038105676));
#13823 = CARTESIAN_POINT('',(8.75,-6.495190528383));
#13824 = CARTESIAN_POINT('',(-2.5,-5.046862309093E-15));
#13825 = CARTESIAN_POINT('',(8.75,6.495190528383));
#13826 = CARTESIAN_POINT('',(20.,12.990381056767));
#13827 = CARTESIAN_POINT('',(20.,-3.209892110372E-15));
#13828 = ( GEOMETRIC_REPRESENTATION_CONTEXT(2) 
PARAMETRIC_REPRESENTATION_CONTEXT() REPRESENTATION_CONTEXT('2D SPACE',''
  ) );
#13829 = PCURVE('',#13830,#13835);
#13830 = CYLINDRICAL_SURFACE('',#13831,7.5);
#13831 = AXIS2_PLACEMENT_3D('',#13832,#13833,#13834);
#13832 = CARTESIAN_POINT('',(12.5,0.,55.));
#13833 = DIRECTION('',(-0.,-0.,-1.));
#13834 = DIRECTION('',(1.,0.,0.));
#13835 = DEFINITIONAL_REPRESENTATION('',(#13836),#13840);
#13836 = LINE('',#13837,#13838);
#13837 = CARTESIAN_POINT('',(-6.28318530718,-322.));
#13838 = VECTOR('',#13839,1.);
#13839 = DIRECTION('',(1.,-0.));
#13840 = ( GEOMETRIC_REPRESENTATION_CONTEXT(2) 
PARAMETRIC_REPRESENTATION_CONTEXT() REPRESENTATION_CONTEXT('2D SPACE',''
  ) );
#13841 = FACE_BOUND('',#13842,.F.);
#13842 = EDGE_LOOP('',(#13843));
#13843 = ORIENTED_EDGE('',*,*,#13844,.T.);
#13844 = EDGE_CURVE('',#13845,#13845,#13847,.T.);
#13845 = VERTEX_POINT('',#13846);
#13846 = CARTESIAN_POINT('',(45.,0.,377.));
#13847 = SURFACE_CURVE('',#13848,(#13853,#13864),.PCURVE_S1.);
#13848 = CIRCLE('',#13849,7.5);
#13849 = AXIS2_PLACEMENT_3D('',#13850,#13851,#13852);
#13850 = CARTESIAN_POINT('',(37.5,0.,377.));
#13851 = DIRECTION('',(0.,0.,-1.));
#13852 = DIRECTION('',(1.,0.,0.));
#13853 = PCURVE('',#9268,#13854);
#13854 = DEFINITIONAL_REPRESENTATION('',(#13855),#13863);
#13855 = ( BOUNDED_CURVE() B_SPLINE_CURVE(2,(#13856,#13857,#13858,#13859
    ,#13860,#13861,#13862),.UNSPECIFIED.,.T.,.F.) 
B_SPLINE_CURVE_WITH_KNOTS((1,2,2,2,2,1),(-2.094395102393,0.,
    2.094395102393,4.188790204786,6.28318530718,8.377580409573),
.UNSPECIFIED.) CURVE() GEOMETRIC_REPRESENTATION_ITEM() 
RATIONAL_B_SPLINE_CURVE((1.,0.5,1.,0.5,1.,0.5,1.)) REPRESENTATION_ITEM(
  '') );
#13856 = CARTESIAN_POINT('',(45.,-3.209892110372E-15));
#13857 = CARTESIAN_POINT('',(45.,-12.99038105676));
#13858 = CARTESIAN_POINT('',(33.75,-6.495190528383));
#13859 = CARTESIAN_POINT('',(22.5,-5.046862309093E-15));
#13860 = CARTESIAN_POINT('',(33.75,6.495190528383));
#13861 = CARTESIAN_POINT('',(45.,12.990381056767));
#13862 = CARTESIAN_POINT('',(45.,-3.209892110372E-15));
#13863 = ( GEOMETRIC_REPRESENTATION_CONTEXT(2) 
PARAMETRIC_REPRESENTATION_CONTEXT() REPRESENTATION_CONTEXT('2D SPACE',''
  ) );
#13864 = PCURVE('',#13865,#13870);
#13865 = CYLINDRICAL_SURFACE('',#13866,7.5);
#13866 = AXIS2_PLACEMENT_3D('',#13867,#13868,#13869);
#13867 = CARTESIAN_POINT('',(37.5,0.,55.));
#13868 = DIRECTION('',(-0.,-0.,-1.));
#13869 = DIRECTION('',(1.,0.,0.));
#13870 = DEFINITIONAL_REPRESENTATION('',(#13871),#13875);
#13871 = LINE('',#13872,#13873);
#13872 = CARTESIAN_POINT('',(-6.28318530718,-322.));
#13873 = VECTOR('',#13874,1.);
#13874 = DIRECTION('',(1.,-0.));
#13875 = ( GEOMETRIC_REPRESENTATION_CONTEXT(2) 
PARAMETRIC_REPRESENTATION_CONTEXT() REPRESENTATION_CONTEXT('2D SPACE',''
  ) );
#13876 = ADVANCED_FACE('',(#13877,#13880,#13910,#13940,#13970,#14000,
    #14030,#14060,#14090,#14120,#14150),#9322,.T.);
#13877 = FACE_BOUND('',#13878,.T.);
#13878 = EDGE_LOOP('',(#13879));
#13879 = ORIENTED_EDGE('',*,*,#9307,.T.);
#13880 = FACE_BOUND('',#13881,.T.);
#13881 = EDGE_LOOP('',(#13882));
#13882 = ORIENTED_EDGE('',*,*,#13883,.T.);
#13883 = EDGE_CURVE('',#13884,#13884,#13886,.T.);
#13884 = VERTEX_POINT('',#13885);
#13885 = CARTESIAN_POINT('',(-17.5,-25.,445.));
#13886 = SURFACE_CURVE('',#13887,(#13892,#13903),.PCURVE_S1.);
#13887 = CIRCLE('',#13888,7.5);
#13888 = AXIS2_PLACEMENT_3D('',#13889,#13890,#13891);
#13889 = CARTESIAN_POINT('',(-25.,-25.,445.));
#13890 = DIRECTION('',(0.,0.,-1.));
#13891 = DIRECTION('',(1.,0.,0.));
#13892 = PCURVE('',#9322,#13893);
#13893 = DEFINITIONAL_REPRESENTATION('',(#13894),#13902);
#13894 = ( BOUNDED_CURVE() B_SPLINE_CURVE(2,(#13895,#13896,#13897,#13898
    ,#13899,#13900,#13901),.UNSPECIFIED.,.T.,.F.) 
B_SPLINE_CURVE_WITH_KNOTS((1,2,2,2,2,1),(-2.094395102393,0.,
    2.094395102393,4.188790204786,6.28318530718,8.377580409573),
.UNSPECIFIED.) CURVE() GEOMETRIC_REPRESENTATION_ITEM() 
RATIONAL_B_SPLINE_CURVE((1.,0.5,1.,0.5,1.,0.5,1.)) REPRESENTATION_ITEM(
  '') );
#13895 = CARTESIAN_POINT('',(-17.5,-25.));
#13896 = CARTESIAN_POINT('',(-17.5,-37.99038105676));
#13897 = CARTESIAN_POINT('',(-28.75,-31.49519052838));
#13898 = CARTESIAN_POINT('',(-40.,-25.));
#13899 = CARTESIAN_POINT('',(-28.75,-18.50480947161));
#13900 = CARTESIAN_POINT('',(-17.5,-12.00961894323));
#13901 = CARTESIAN_POINT('',(-17.5,-25.));
#13902 = ( GEOMETRIC_REPRESENTATION_CONTEXT(2) 
PARAMETRIC_REPRESENTATION_CONTEXT() REPRESENTATION_CONTEXT('2D SPACE',''
  ) );
#13903 = PCURVE('',#13655,#13904);
#13904 = DEFINITIONAL_REPRESENTATION('',(#13905),#13909);
#13905 = LINE('',#13906,#13907);
#13906 = CARTESIAN_POINT('',(-6.28318530718,-390.));
#13907 = VECTOR('',#13908,1.);
#13908 = DIRECTION('',(1.,-0.));
#13909 = ( GEOMETRIC_REPRESENTATION_CONTEXT(2) 
PARAMETRIC_REPRESENTATION_CONTEXT() REPRESENTATION_CONTEXT('2D SPACE',''
  ) );
#13910 = FACE_BOUND('',#13911,.T.);
#13911 = EDGE_LOOP('',(#13912));
#13912 = ORIENTED_EDGE('',*,*,#13913,.T.);
#13913 = EDGE_CURVE('',#13914,#13914,#13916,.T.);
#13914 = VERTEX_POINT('',#13915);
#13915 = CARTESIAN_POINT('',(7.5,-25.,445.));
#13916 = SURFACE_CURVE('',#13917,(#13922,#13933),.PCURVE_S1.);
#13917 = CIRCLE('',#13918,7.5);
#13918 = AXIS2_PLACEMENT_3D('',#13919,#13920,#13921);
#13919 = CARTESIAN_POINT('',(0.,-25.,445.));
#13920 = DIRECTION('',(0.,0.,-1.));
#13921 = DIRECTION('',(1.,0.,0.));
#13922 = PCURVE('',#9322,#13923);
#13923 = DEFINITIONAL_REPRESENTATION('',(#13924),#13932);
#13924 = ( BOUNDED_CURVE() B_SPLINE_CURVE(2,(#13925,#13926,#13927,#13928
    ,#13929,#13930,#13931),.UNSPECIFIED.,.T.,.F.) 
B_SPLINE_CURVE_WITH_KNOTS((1,2,2,2,2,1),(-2.094395102393,0.,
    2.094395102393,4.188790204786,6.28318530718,8.377580409573),
.UNSPECIFIED.) CURVE() GEOMETRIC_REPRESENTATION_ITEM() 
RATIONAL_B_SPLINE_CURVE((1.,0.5,1.,0.5,1.,0.5,1.)) REPRESENTATION_ITEM(
  '') );
#13925 = CARTESIAN_POINT('',(7.5,-25.));
#13926 = CARTESIAN_POINT('',(7.5,-37.99038105676));
#13927 = CARTESIAN_POINT('',(-3.75,-31.49519052838));
#13928 = CARTESIAN_POINT('',(-15.,-25.));
#13929 = CARTESIAN_POINT('',(-3.75,-18.50480947161));
#13930 = CARTESIAN_POINT('',(7.5,-12.00961894323));
#13931 = CARTESIAN_POINT('',(7.5,-25.));
#13932 = ( GEOMETRIC_REPRESENTATION_CONTEXT(2) 
PARAMETRIC_REPRESENTATION_CONTEXT() REPRESENTATION_CONTEXT('2D SPACE',''
  ) );
#13933 = PCURVE('',#13690,#13934);
#13934 = DEFINITIONAL_REPRESENTATION('',(#13935),#13939);
#13935 = LINE('',#13936,#13937);
#13936 = CARTESIAN_POINT('',(-6.28318530718,-390.));
#13937 = VECTOR('',#13938,1.);
#13938 = DIRECTION('',(1.,-0.));
#13939 = ( GEOMETRIC_REPRESENTATION_CONTEXT(2) 
PARAMETRIC_REPRESENTATION_CONTEXT() REPRESENTATION_CONTEXT('2D SPACE',''
  ) );
#13940 = FACE_BOUND('',#13941,.T.);
#13941 = EDGE_LOOP('',(#13942));
#13942 = ORIENTED_EDGE('',*,*,#13943,.T.);
#13943 = EDGE_CURVE('',#13944,#13944,#13946,.T.);
#13944 = VERTEX_POINT('',#13945);
#13945 = CARTESIAN_POINT('',(32.5,-25.,445.));
#13946 = SURFACE_CURVE('',#13947,(#13952,#13963),.PCURVE_S1.);
#13947 = CIRCLE('',#13948,7.5);
#13948 = AXIS2_PLACEMENT_3D('',#13949,#13950,#13951);
#13949 = CARTESIAN_POINT('',(25.,-25.,445.));
#13950 = DIRECTION('',(0.,0.,-1.));
#13951 = DIRECTION('',(1.,0.,0.));
#13952 = PCURVE('',#9322,#13953);
#13953 = DEFINITIONAL_REPRESENTATION('',(#13954),#13962);
#13954 = ( BOUNDED_CURVE() B_SPLINE_CURVE(2,(#13955,#13956,#13957,#13958
    ,#13959,#13960,#13961),.UNSPECIFIED.,.T.,.F.) 
B_SPLINE_CURVE_WITH_KNOTS((1,2,2,2,2,1),(-2.094395102393,0.,
    2.094395102393,4.188790204786,6.28318530718,8.377580409573),
.UNSPECIFIED.) CURVE() GEOMETRIC_REPRESENTATION_ITEM() 
RATIONAL_B_SPLINE_CURVE((1.,0.5,1.,0.5,1.,0.5,1.)) REPRESENTATION_ITEM(
  '') );
#13955 = CARTESIAN_POINT('',(32.5,-25.));
#13956 = CARTESIAN_POINT('',(32.5,-37.99038105676));
#13957 = CARTESIAN_POINT('',(21.25,-31.49519052838));
#13958 = CARTESIAN_POINT('',(10.,-25.));
#13959 = CARTESIAN_POINT('',(21.25,-18.50480947161));
#13960 = CARTESIAN_POINT('',(32.5,-12.00961894323));
#13961 = CARTESIAN_POINT('',(32.5,-25.));
#13962 = ( GEOMETRIC_REPRESENTATION_CONTEXT(2) 
PARAMETRIC_REPRESENTATION_CONTEXT() REPRESENTATION_CONTEXT('2D SPACE',''
  ) );
#13963 = PCURVE('',#13725,#13964);
#13964 = DEFINITIONAL_REPRESENTATION('',(#13965),#13969);
#13965 = LINE('',#13966,#13967);
#13966 = CARTESIAN_POINT('',(-6.28318530718,-390.));
#13967 = VECTOR('',#13968,1.);
#13968 = DIRECTION('',(1.,-0.));
#13969 = ( GEOMETRIC_REPRESENTATION_CONTEXT(2) 
PARAMETRIC_REPRESENTATION_CONTEXT() REPRESENTATION_CONTEXT('2D SPACE',''
  ) );
#13970 = FACE_BOUND('',#13971,.T.);
#13971 = EDGE_LOOP('',(#13972));
#13972 = ORIENTED_EDGE('',*,*,#13973,.T.);
#13973 = EDGE_CURVE('',#13974,#13974,#13976,.T.);
#13974 = VERTEX_POINT('',#13975);
#13975 = CARTESIAN_POINT('',(-30.,0.,445.));
#13976 = SURFACE_CURVE('',#13977,(#13982,#13993),.PCURVE_S1.);
#13977 = CIRCLE('',#13978,7.5);
#13978 = AXIS2_PLACEMENT_3D('',#13979,#13980,#13981);
#13979 = CARTESIAN_POINT('',(-37.5,0.,445.));
#13980 = DIRECTION('',(0.,0.,-1.));
#13981 = DIRECTION('',(1.,0.,0.));
#13982 = PCURVE('',#9322,#13983);
#13983 = DEFINITIONAL_REPRESENTATION('',(#13984),#13992);
#13984 = ( BOUNDED_CURVE() B_SPLINE_CURVE(2,(#13985,#13986,#13987,#13988
    ,#13989,#13990,#13991),.UNSPECIFIED.,.T.,.F.) 
B_SPLINE_CURVE_WITH_KNOTS((1,2,2,2,2,1),(-2.094395102393,0.,
    2.094395102393,4.188790204786,6.28318530718,8.377580409573),
.UNSPECIFIED.) CURVE() GEOMETRIC_REPRESENTATION_ITEM() 
RATIONAL_B_SPLINE_CURVE((1.,0.5,1.,0.5,1.,0.5,1.)) REPRESENTATION_ITEM(
  '') );
#13985 = CARTESIAN_POINT('',(-30.,-3.209892110372E-15));
#13986 = CARTESIAN_POINT('',(-30.,-12.99038105676));
#13987 = CARTESIAN_POINT('',(-41.25,-6.495190528383));
#13988 = CARTESIAN_POINT('',(-52.5,-5.046862309093E-15));
#13989 = CARTESIAN_POINT('',(-41.25,6.495190528383));
#13990 = CARTESIAN_POINT('',(-30.,12.990381056767));
#13991 = CARTESIAN_POINT('',(-30.,-3.209892110372E-15));
#13992 = ( GEOMETRIC_REPRESENTATION_CONTEXT(2) 
PARAMETRIC_REPRESENTATION_CONTEXT() REPRESENTATION_CONTEXT('2D SPACE',''
  ) );
#13993 = PCURVE('',#13760,#13994);
#13994 = DEFINITIONAL_REPRESENTATION('',(#13995),#13999);
#13995 = LINE('',#13996,#13997);
#13996 = CARTESIAN_POINT('',(-6.28318530718,-390.));
#13997 = VECTOR('',#13998,1.);
#13998 = DIRECTION('',(1.,-0.));
#13999 = ( GEOMETRIC_REPRESENTATION_CONTEXT(2) 
PARAMETRIC_REPRESENTATION_CONTEXT() REPRESENTATION_CONTEXT('2D SPACE',''
  ) );
#14000 = FACE_BOUND('',#14001,.T.);
#14001 = EDGE_LOOP('',(#14002));
#14002 = ORIENTED_EDGE('',*,*,#14003,.T.);
#14003 = EDGE_CURVE('',#14004,#14004,#14006,.T.);
#14004 = VERTEX_POINT('',#14005);
#14005 = CARTESIAN_POINT('',(-5.,0.,445.));
#14006 = SURFACE_CURVE('',#14007,(#14012,#14023),.PCURVE_S1.);
#14007 = CIRCLE('',#14008,7.5);
#14008 = AXIS2_PLACEMENT_3D('',#14009,#14010,#14011);
#14009 = CARTESIAN_POINT('',(-12.5,0.,445.));
#14010 = DIRECTION('',(0.,0.,-1.));
#14011 = DIRECTION('',(1.,0.,0.));
#14012 = PCURVE('',#9322,#14013);
#14013 = DEFINITIONAL_REPRESENTATION('',(#14014),#14022);
#14014 = ( BOUNDED_CURVE() B_SPLINE_CURVE(2,(#14015,#14016,#14017,#14018
    ,#14019,#14020,#14021),.UNSPECIFIED.,.T.,.F.) 
B_SPLINE_CURVE_WITH_KNOTS((1,2,2,2,2,1),(-2.094395102393,0.,
    2.094395102393,4.188790204786,6.28318530718,8.377580409573),
.UNSPECIFIED.) CURVE() GEOMETRIC_REPRESENTATION_ITEM() 
RATIONAL_B_SPLINE_CURVE((1.,0.5,1.,0.5,1.,0.5,1.)) REPRESENTATION_ITEM(
  '') );
#14015 = CARTESIAN_POINT('',(-5.,-3.209892110372E-15));
#14016 = CARTESIAN_POINT('',(-5.,-12.99038105676));
#14017 = CARTESIAN_POINT('',(-16.25,-6.495190528383));
#14018 = CARTESIAN_POINT('',(-27.5,-5.046862309093E-15));
#14019 = CARTESIAN_POINT('',(-16.25,6.495190528383));
#14020 = CARTESIAN_POINT('',(-5.,12.990381056767));
#14021 = CARTESIAN_POINT('',(-5.,-3.209892110372E-15));
#14022 = ( GEOMETRIC_REPRESENTATION_CONTEXT(2) 
PARAMETRIC_REPRESENTATION_CONTEXT() REPRESENTATION_CONTEXT('2D SPACE',''
  ) );
#14023 = PCURVE('',#13795,#14024);
#14024 = DEFINITIONAL_REPRESENTATION('',(#14025),#14029);
#14025 = LINE('',#14026,#14027);
#14026 = CARTESIAN_POINT('',(-6.28318530718,-390.));
#14027 = VECTOR('',#14028,1.);
#14028 = DIRECTION('',(1.,-0.));
#14029 = ( GEOMETRIC_REPRESENTATION_CONTEXT(2) 
PARAMETRIC_REPRESENTATION_CONTEXT() REPRESENTATION_CONTEXT('2D SPACE',''
  ) );
#14030 = FACE_BOUND('',#14031,.T.);
#14031 = EDGE_LOOP('',(#14032));
#14032 = ORIENTED_EDGE('',*,*,#14033,.T.);
#14033 = EDGE_CURVE('',#14034,#14034,#14036,.T.);
#14034 = VERTEX_POINT('',#14035);
#14035 = CARTESIAN_POINT('',(-17.5,25.,445.));
#14036 = SURFACE_CURVE('',#14037,(#14042,#14053),.PCURVE_S1.);
#14037 = CIRCLE('',#14038,7.5);
#14038 = AXIS2_PLACEMENT_3D('',#14039,#14040,#14041);
#14039 = CARTESIAN_POINT('',(-25.,25.,445.));
#14040 = DIRECTION('',(0.,0.,-1.));
#14041 = DIRECTION('',(1.,0.,0.));
#14042 = PCURVE('',#9322,#14043);
#14043 = DEFINITIONAL_REPRESENTATION('',(#14044),#14052);
#14044 = ( BOUNDED_CURVE() B_SPLINE_CURVE(2,(#14045,#14046,#14047,#14048
    ,#14049,#14050,#14051),.UNSPECIFIED.,.T.,.F.) 
B_SPLINE_CURVE_WITH_KNOTS((1,2,2,2,2,1),(-2.094395102393,0.,
    2.094395102393,4.188790204786,6.28318530718,8.377580409573),
.UNSPECIFIED.) CURVE() GEOMETRIC_REPRESENTATION_ITEM() 
RATIONAL_B_SPLINE_CURVE((1.,0.5,1.,0.5,1.,0.5,1.)) REPRESENTATION_ITEM(
  '') );
#14045 = CARTESIAN_POINT('',(-17.5,25.));
#14046 = CARTESIAN_POINT('',(-17.5,12.009618943233));
#14047 = CARTESIAN_POINT('',(-28.75,18.504809471617));
#14048 = CARTESIAN_POINT('',(-40.,25.));
#14049 = CARTESIAN_POINT('',(-28.75,31.495190528383));
#14050 = CARTESIAN_POINT('',(-17.5,37.990381056767));
#14051 = CARTESIAN_POINT('',(-17.5,25.));
#14052 = ( GEOMETRIC_REPRESENTATION_CONTEXT(2) 
PARAMETRIC_REPRESENTATION_CONTEXT() REPRESENTATION_CONTEXT('2D SPACE',''
  ) );
#14053 = PCURVE('',#12945,#14054);
#14054 = DEFINITIONAL_REPRESENTATION('',(#14055),#14059);
#14055 = LINE('',#14056,#14057);
#14056 = CARTESIAN_POINT('',(-6.28318530718,-390.));
#14057 = VECTOR('',#14058,1.);
#14058 = DIRECTION('',(1.,-0.));
#14059 = ( GEOMETRIC_REPRESENTATION_CONTEXT(2) 
PARAMETRIC_REPRESENTATION_CONTEXT() REPRESENTATION_CONTEXT('2D SPACE',''
  ) );
#14060 = FACE_BOUND('',#14061,.T.);
#14061 = EDGE_LOOP('',(#14062));
#14062 = ORIENTED_EDGE('',*,*,#14063,.T.);
#14063 = EDGE_CURVE('',#14064,#14064,#14066,.T.);
#14064 = VERTEX_POINT('',#14065);
#14065 = CARTESIAN_POINT('',(20.,0.,445.));
#14066 = SURFACE_CURVE('',#14067,(#14072,#14083),.PCURVE_S1.);
#14067 = CIRCLE('',#14068,7.5);
#14068 = AXIS2_PLACEMENT_3D('',#14069,#14070,#14071);
#14069 = CARTESIAN_POINT('',(12.5,0.,445.));
#14070 = DIRECTION('',(0.,0.,-1.));
#14071 = DIRECTION('',(1.,0.,0.));
#14072 = PCURVE('',#9322,#14073);
#14073 = DEFINITIONAL_REPRESENTATION('',(#14074),#14082);
#14074 = ( BOUNDED_CURVE() B_SPLINE_CURVE(2,(#14075,#14076,#14077,#14078
    ,#14079,#14080,#14081),.UNSPECIFIED.,.T.,.F.) 
B_SPLINE_CURVE_WITH_KNOTS((1,2,2,2,2,1),(-2.094395102393,0.,
    2.094395102393,4.188790204786,6.28318530718,8.377580409573),
.UNSPECIFIED.) CURVE() GEOMETRIC_REPRESENTATION_ITEM() 
RATIONAL_B_SPLINE_CURVE((1.,0.5,1.,0.5,1.,0.5,1.)) REPRESENTATION_ITEM(
  '') );
#14075 = CARTESIAN_POINT('',(20.,-3.209892110372E-15));
#14076 = CARTESIAN_POINT('',(20.,-12.99038105676));
#14077 = CARTESIAN_POINT('',(8.75,-6.495190528383));
#14078 = CARTESIAN_POINT('',(-2.5,-5.046862309093E-15));
#14079 = CARTESIAN_POINT('',(8.75,6.495190528383));
#14080 = CARTESIAN_POINT('',(20.,12.990381056767));
#14081 = CARTESIAN_POINT('',(20.,-3.209892110372E-15));
#14082 = ( GEOMETRIC_REPRESENTATION_CONTEXT(2) 
PARAMETRIC_REPRESENTATION_CONTEXT() REPRESENTATION_CONTEXT('2D SPACE',''
  ) );
#14083 = PCURVE('',#13830,#14084);
#14084 = DEFINITIONAL_REPRESENTATION('',(#14085),#14089);
#14085 = LINE('',#14086,#14087);
#14086 = CARTESIAN_POINT('',(-6.28318530718,-390.));
#14087 = VECTOR('',#14088,1.);
#14088 = DIRECTION('',(1.,-0.));
#14089 = ( GEOMETRIC_REPRESENTATION_CONTEXT(2) 
PARAMETRIC_REPRESENTATION_CONTEXT() REPRESENTATION_CONTEXT('2D SPACE',''
  ) );
#14090 = FACE_BOUND('',#14091,.T.);
#14091 = EDGE_LOOP('',(#14092));
#14092 = ORIENTED_EDGE('',*,*,#14093,.T.);
#14093 = EDGE_CURVE('',#14094,#14094,#14096,.T.);
#14094 = VERTEX_POINT('',#14095);
#14095 = CARTESIAN_POINT('',(45.,0.,445.));
#14096 = SURFACE_CURVE('',#14097,(#14102,#14113),.PCURVE_S1.);
#14097 = CIRCLE('',#14098,7.5);
#14098 = AXIS2_PLACEMENT_3D('',#14099,#14100,#14101);
#14099 = CARTESIAN_POINT('',(37.5,0.,445.));
#14100 = DIRECTION('',(0.,0.,-1.));
#14101 = DIRECTION('',(1.,0.,0.));
#14102 = PCURVE('',#9322,#14103);
#14103 = DEFINITIONAL_REPRESENTATION('',(#14104),#14112);
#14104 = ( BOUNDED_CURVE() B_SPLINE_CURVE(2,(#14105,#14106,#14107,#14108
    ,#14109,#14110,#14111),.UNSPECIFIED.,.T.,.F.) 
B_SPLINE_CURVE_WITH_KNOTS((1,2,2,2,2,1),(-2.094395102393,0.,
    2.094395102393,4.188790204786,6.28318530718,8.377580409573),
.UNSPECIFIED.) CURVE() GEOMETRIC_REPRESENTATION_ITEM() 
RATIONAL_B_SPLINE_CURVE((1.,0.5,1.,0.5,1.,0.5,1.)) REPRESENTATION_ITEM(
  '') );
#14105 = CARTESIAN_POINT('',(45.,-3.209892110372E-15));
#14106 = CARTESIAN_POINT('',(45.,-12.99038105676));
#14107 = CARTESIAN_POINT('',(33.75,-6.495190528383));
#14108 = CARTESIAN_POINT('',(22.5,-5.046862309093E-15));
#14109 = CARTESIAN_POINT('',(33.75,6.495190528383));
#14110 = CARTESIAN_POINT('',(45.,12.990381056767));
#14111 = CARTESIAN_POINT('',(45.,-3.209892110372E-15));
#14112 = ( GEOMETRIC_REPRESENTATION_CONTEXT(2) 
PARAMETRIC_REPRESENTATION_CONTEXT() REPRESENTATION_CONTEXT('2D SPACE',''
  ) );
#14113 = PCURVE('',#13865,#14114);
#14114 = DEFINITIONAL_REPRESENTATION('',(#14115),#14119);
#14115 = LINE('',#14116,#14117);
#14116 = CARTESIAN_POINT('',(-6.28318530718,-390.));
#14117 = VECTOR('',#14118,1.);
#14118 = DIRECTION('',(1.,-0.));
#14119 = ( GEOMETRIC_REPRESENTATION_CONTEXT(2) 
PARAMETRIC_REPRESENTATION_CONTEXT() REPRESENTATION_CONTEXT('2D SPACE',''
  ) );
#14120 = FACE_BOUND('',#14121,.T.);
#14121 = EDGE_LOOP('',(#14122));
#14122 = ORIENTED_EDGE('',*,*,#14123,.T.);
#14123 = EDGE_CURVE('',#14124,#14124,#14126,.T.);
#14124 = VERTEX_POINT('',#14125);
#14125 = CARTESIAN_POINT('',(7.5,25.,445.));
#14126 = SURFACE_CURVE('',#14127,(#14132,#14143),.PCURVE_S1.);
#14127 = CIRCLE('',#14128,7.5);
#14128 = AXIS2_PLACEMENT_3D('',#14129,#14130,#14131);
#14129 = CARTESIAN_POINT('',(0.,25.,445.));
#14130 = DIRECTION('',(0.,0.,-1.));
#14131 = DIRECTION('',(1.,0.,0.));
#14132 = PCURVE('',#9322,#14133);
#14133 = DEFINITIONAL_REPRESENTATION('',(#14134),#14142);
#14134 = ( BOUNDED_CURVE() B_SPLINE_CURVE(2,(#14135,#14136,#14137,#14138
    ,#14139,#14140,#14141),.UNSPECIFIED.,.T.,.F.) 
B_SPLINE_CURVE_WITH_KNOTS((1,2,2,2,2,1),(-2.094395102393,0.,
    2.094395102393,4.188790204786,6.28318530718,8.377580409573),
.UNSPECIFIED.) CURVE() GEOMETRIC_REPRESENTATION_ITEM() 
RATIONAL_B_SPLINE_CURVE((1.,0.5,1.,0.5,1.,0.5,1.)) REPRESENTATION_ITEM(
  '') );
#14135 = CARTESIAN_POINT('',(7.5,25.));
#14136 = CARTESIAN_POINT('',(7.5,12.009618943233));
#14137 = CARTESIAN_POINT('',(-3.75,18.504809471617));
#14138 = CARTESIAN_POINT('',(-15.,25.));
#14139 = CARTESIAN_POINT('',(-3.75,31.495190528383));
#14140 = CARTESIAN_POINT('',(7.5,37.990381056767));
#14141 = CARTESIAN_POINT('',(7.5,25.));
#14142 = ( GEOMETRIC_REPRESENTATION_CONTEXT(2) 
PARAMETRIC_REPRESENTATION_CONTEXT() REPRESENTATION_CONTEXT('2D SPACE',''
  ) );
#14143 = PCURVE('',#12980,#14144);
#14144 = DEFINITIONAL_REPRESENTATION('',(#14145),#14149);
#14145 = LINE('',#14146,#14147);
#14146 = CARTESIAN_POINT('',(-6.28318530718,-390.));
#14147 = VECTOR('',#14148,1.);
#14148 = DIRECTION('',(1.,-0.));
#14149 = ( GEOMETRIC_REPRESENTATION_CONTEXT(2) 
PARAMETRIC_REPRESENTATION_CONTEXT() REPRESENTATION_CONTEXT('2D SPACE',''
  ) );
#14150 = FACE_BOUND('',#14151,.T.);
#14151 = EDGE_LOOP('',(#14152));
#14152 = ORIENTED_EDGE('',*,*,#14153,.T.);
#14153 = EDGE_CURVE('',#14154,#14154,#14156,.T.);
#14154 = VERTEX_POINT('',#14155);
#14155 = CARTESIAN_POINT('',(32.5,25.,445.));
#14156 = SURFACE_CURVE('',#14157,(#14162,#14173),.PCURVE_S1.);
#14157 = CIRCLE('',#14158,7.5);
#14158 = AXIS2_PLACEMENT_3D('',#14159,#14160,#14161);
#14159 = CARTESIAN_POINT('',(25.,25.,445.));
#14160 = DIRECTION('',(0.,0.,-1.));
#14161 = DIRECTION('',(1.,0.,0.));
#14162 = PCURVE('',#9322,#14163);
#14163 = DEFINITIONAL_REPRESENTATION('',(#14164),#14172);
#14164 = ( BOUNDED_CURVE() B_SPLINE_CURVE(2,(#14165,#14166,#14167,#14168
    ,#14169,#14170,#14171),.UNSPECIFIED.,.T.,.F.) 
B_SPLINE_CURVE_WITH_KNOTS((1,2,2,2,2,1),(-2.094395102393,0.,
    2.094395102393,4.188790204786,6.28318530718,8.377580409573),
.UNSPECIFIED.) CURVE() GEOMETRIC_REPRESENTATION_ITEM() 
RATIONAL_B_SPLINE_CURVE((1.,0.5,1.,0.5,1.,0.5,1.)) REPRESENTATION_ITEM(
  '') );
#14165 = CARTESIAN_POINT('',(32.5,25.));
#14166 = CARTESIAN_POINT('',(32.5,12.009618943233));
#14167 = CARTESIAN_POINT('',(21.25,18.504809471617));
#14168 = CARTESIAN_POINT('',(10.,25.));
#14169 = CARTESIAN_POINT('',(21.25,31.495190528383));
#14170 = CARTESIAN_POINT('',(32.5,37.990381056767));
#14171 = CARTESIAN_POINT('',(32.5,25.));
#14172 = ( GEOMETRIC_REPRESENTATION_CONTEXT(2) 
PARAMETRIC_REPRESENTATION_CONTEXT() REPRESENTATION_CONTEXT('2D SPACE',''
  ) );
#14173 = PCURVE('',#13015,#14174);
#14174 = DEFINITIONAL_REPRESENTATION('',(#14175),#14179);
#14175 = LINE('',#14176,#14177);
#14176 = CARTESIAN_POINT('',(-6.28318530718,-390.));
#14177 = VECTOR('',#14178,1.);
#14178 = DIRECTION('',(1.,-0.));
#14179 = ( GEOMETRIC_REPRESENTATION_CONTEXT(2) 
PARAMETRIC_REPRESENTATION_CONTEXT() REPRESENTATION_CONTEXT('2D SPACE',''
  ) );
#14180 = ADVANCED_FACE('',(#14181),#9239,.T.);
#14181 = FACE_BOUND('',#14182,.T.);
#14182 = EDGE_LOOP('',(#14183,#14184,#14185,#14186));
#14183 = ORIENTED_EDGE('',*,*,#13055,.F.);
#14184 = ORIENTED_EDGE('',*,*,#9223,.F.);
#14185 = ORIENTED_EDGE('',*,*,#13479,.T.);
#14186 = ORIENTED_EDGE('',*,*,#14187,.F.);
#14187 = EDGE_CURVE('',#13056,#13480,#14188,.T.);
#14188 = SURFACE_CURVE('',#14189,(#14193,#14200),.PCURVE_S1.);
#14189 = LINE('',#14190,#14191);
#14190 = CARTESIAN_POINT('',(32.5,25.,55.));
#14191 = VECTOR('',#14192,1.);
#14192 = DIRECTION('',(0.,0.,1.));
#14193 = PCURVE('',#9239,#14194);
#14194 = DEFINITIONAL_REPRESENTATION('',(#14195),#14199);
#14195 = LINE('',#14196,#14197);
#14196 = CARTESIAN_POINT('',(17.5,312.));
#14197 = VECTOR('',#14198,1.);
#14198 = DIRECTION('',(0.,-1.));
#14199 = ( GEOMETRIC_REPRESENTATION_CONTEXT(2) 
PARAMETRIC_REPRESENTATION_CONTEXT() REPRESENTATION_CONTEXT('2D SPACE',''
  ) );
#14200 = PCURVE('',#13015,#14201);
#14201 = DEFINITIONAL_REPRESENTATION('',(#14202),#14205);
#14202 = B_SPLINE_CURVE_WITH_KNOTS('',1,(#14203,#14204),.UNSPECIFIED.,
  .F.,.F.,(2,2),(312.,322.),.PIECEWISE_BEZIER_KNOTS.);
#14203 = CARTESIAN_POINT('',(0.,-312.));
#14204 = CARTESIAN_POINT('',(0.,-322.));
#14205 = ( GEOMETRIC_REPRESENTATION_CONTEXT(2) 
PARAMETRIC_REPRESENTATION_CONTEXT() REPRESENTATION_CONTEXT('2D SPACE',''
  ) );
#14206 = ADVANCED_FACE('',(#14207),#9126,.T.);
#14207 = FACE_BOUND('',#14208,.T.);
#14208 = EDGE_LOOP('',(#14209,#14230,#14231,#14232));
#14209 = ORIENTED_EDGE('',*,*,#14210,.T.);
#14210 = EDGE_CURVE('',#12660,#12207,#14211,.T.);
#14211 = SURFACE_CURVE('',#14212,(#14216,#14223),.PCURVE_S1.);
#14212 = LINE('',#14213,#14214);
#14213 = CARTESIAN_POINT('',(-32.5,-25.,55.));
#14214 = VECTOR('',#14215,1.);
#14215 = DIRECTION('',(-0.,-0.,-1.));
#14216 = PCURVE('',#9126,#14217);
#14217 = DEFINITIONAL_REPRESENTATION('',(#14218),#14222);
#14218 = LINE('',#14219,#14220);
#14219 = CARTESIAN_POINT('',(17.5,234.));
#14220 = VECTOR('',#14221,1.);
#14221 = DIRECTION('',(0.,1.));
#14222 = ( GEOMETRIC_REPRESENTATION_CONTEXT(2) 
PARAMETRIC_REPRESENTATION_CONTEXT() REPRESENTATION_CONTEXT('2D SPACE',''
  ) );
#14223 = PCURVE('',#11956,#14224);
#14224 = DEFINITIONAL_REPRESENTATION('',(#14225),#14229);
#14225 = LINE('',#14226,#14227);
#14226 = CARTESIAN_POINT('',(-3.14159265359,0.));
#14227 = VECTOR('',#14228,1.);
#14228 = DIRECTION('',(-0.,1.));
#14229 = ( GEOMETRIC_REPRESENTATION_CONTEXT(2) 
PARAMETRIC_REPRESENTATION_CONTEXT() REPRESENTATION_CONTEXT('2D SPACE',''
  ) );
#14230 = ORIENTED_EDGE('',*,*,#12206,.F.);
#14231 = ORIENTED_EDGE('',*,*,#9110,.F.);
#14232 = ORIENTED_EDGE('',*,*,#12659,.T.);
#14233 = ADVANCED_FACE('',(#14234),#9013,.T.);
#14234 = FACE_BOUND('',#14235,.T.);
#14235 = EDGE_LOOP('',(#14236,#14237,#14238,#14239));
#14236 = ORIENTED_EDGE('',*,*,#11356,.F.);
#14237 = ORIENTED_EDGE('',*,*,#8997,.F.);
#14238 = ORIENTED_EDGE('',*,*,#11780,.T.);
#14239 = ORIENTED_EDGE('',*,*,#14240,.F.);
#14240 = EDGE_CURVE('',#11357,#11781,#14241,.T.);
#14241 = SURFACE_CURVE('',#14242,(#14246,#14253),.PCURVE_S1.);
#14242 = LINE('',#14243,#14244);
#14243 = CARTESIAN_POINT('',(32.5,25.,55.));
#14244 = VECTOR('',#14245,1.);
#14245 = DIRECTION('',(0.,0.,1.));
#14246 = PCURVE('',#9013,#14247);
#14247 = DEFINITIONAL_REPRESENTATION('',(#14248),#14252);
#14248 = LINE('',#14249,#14250);
#14249 = CARTESIAN_POINT('',(17.5,156.));
#14250 = VECTOR('',#14251,1.);
#14251 = DIRECTION('',(0.,-1.));
#14252 = ( GEOMETRIC_REPRESENTATION_CONTEXT(2) 
PARAMETRIC_REPRESENTATION_CONTEXT() REPRESENTATION_CONTEXT('2D SPACE',''
  ) );
#14253 = PCURVE('',#11316,#14254);
#14254 = DEFINITIONAL_REPRESENTATION('',(#14255),#14258);
#14255 = B_SPLINE_CURVE_WITH_KNOTS('',1,(#14256,#14257),.UNSPECIFIED.,
  .F.,.F.,(2,2),(156.,166.),.PIECEWISE_BEZIER_KNOTS.);
#14256 = CARTESIAN_POINT('',(0.,-156.));
#14257 = CARTESIAN_POINT('',(0.,-166.));
#14258 = ( GEOMETRIC_REPRESENTATION_CONTEXT(2) 
PARAMETRIC_REPRESENTATION_CONTEXT() REPRESENTATION_CONTEXT('2D SPACE',''
  ) );
#14259 = ADVANCED_FACE('',(#14260),#8900,.T.);
#14260 = FACE_BOUND('',#14261,.T.);
#14261 = EDGE_LOOP('',(#14262,#14283,#14284,#14285));
#14262 = ORIENTED_EDGE('',*,*,#14263,.T.);
#14263 = EDGE_CURVE('',#10961,#10508,#14264,.T.);
#14264 = SURFACE_CURVE('',#14265,(#14269,#14276),.PCURVE_S1.);
#14265 = LINE('',#14266,#14267);
#14266 = CARTESIAN_POINT('',(-32.5,-25.,55.));
#14267 = VECTOR('',#14268,1.);
#14268 = DIRECTION('',(-0.,-0.,-1.));
#14269 = PCURVE('',#8900,#14270);
#14270 = DEFINITIONAL_REPRESENTATION('',(#14271),#14275);
#14271 = LINE('',#14272,#14273);
#14272 = CARTESIAN_POINT('',(17.5,78.));
#14273 = VECTOR('',#14274,1.);
#14274 = DIRECTION('',(0.,1.));
#14275 = ( GEOMETRIC_REPRESENTATION_CONTEXT(2) 
PARAMETRIC_REPRESENTATION_CONTEXT() REPRESENTATION_CONTEXT('2D SPACE',''
  ) );
#14276 = PCURVE('',#10152,#14277);
#14277 = DEFINITIONAL_REPRESENTATION('',(#14278),#14282);
#14278 = LINE('',#14279,#14280);
#14279 = CARTESIAN_POINT('',(-3.14159265359,0.));
#14280 = VECTOR('',#14281,1.);
#14281 = DIRECTION('',(-0.,1.));
#14282 = ( GEOMETRIC_REPRESENTATION_CONTEXT(2) 
PARAMETRIC_REPRESENTATION_CONTEXT() REPRESENTATION_CONTEXT('2D SPACE',''
  ) );
#14283 = ORIENTED_EDGE('',*,*,#10507,.F.);
#14284 = ORIENTED_EDGE('',*,*,#8884,.F.);
#14285 = ORIENTED_EDGE('',*,*,#10960,.T.);
#14286 = ADVANCED_FACE('',(#14287),#9807,.T.);
#14287 = FACE_BOUND('',#14288,.F.);
#14288 = EDGE_LOOP('',(#14289,#14290,#14313,#14340));
#14289 = ORIENTED_EDGE('',*,*,#9653,.F.);
#14290 = ORIENTED_EDGE('',*,*,#14291,.T.);
#14291 = EDGE_CURVE('',#9654,#14292,#14294,.T.);
#14292 = VERTEX_POINT('',#14293);
#14293 = CARTESIAN_POINT('',(15.,-100.,400.));
#14294 = SEAM_CURVE('',#14295,(#14299,#14306),.PCURVE_S1.);
#14295 = LINE('',#14296,#14297);
#14296 = CARTESIAN_POINT('',(15.,0.,400.));
#14297 = VECTOR('',#14298,1.);
#14298 = DIRECTION('',(0.,-1.,1.110223024625E-16));
#14299 = PCURVE('',#9807,#14300);
#14300 = DEFINITIONAL_REPRESENTATION('',(#14301),#14305);
#14301 = LINE('',#14302,#14303);
#14302 = CARTESIAN_POINT('',(-6.28318530718,0.));
#14303 = VECTOR('',#14304,1.);
#14304 = DIRECTION('',(-0.,-1.));
#14305 = ( GEOMETRIC_REPRESENTATION_CONTEXT(2) 
PARAMETRIC_REPRESENTATION_CONTEXT() REPRESENTATION_CONTEXT('2D SPACE',''
  ) );
#14306 = PCURVE('',#9807,#14307);
#14307 = DEFINITIONAL_REPRESENTATION('',(#14308),#14312);
#14308 = LINE('',#14309,#14310);
#14309 = CARTESIAN_POINT('',(-0.,0.));
#14310 = VECTOR('',#14311,1.);
#14311 = DIRECTION('',(-0.,-1.));
#14312 = ( GEOMETRIC_REPRESENTATION_CONTEXT(2) 
PARAMETRIC_REPRESENTATION_CONTEXT() REPRESENTATION_CONTEXT('2D SPACE',''
  ) );
#14313 = ORIENTED_EDGE('',*,*,#14314,.T.);
#14314 = EDGE_CURVE('',#14292,#14292,#14315,.T.);
#14315 = SURFACE_CURVE('',#14316,(#14321,#14328),.PCURVE_S1.);
#14316 = CIRCLE('',#14317,15.);
#14317 = AXIS2_PLACEMENT_3D('',#14318,#14319,#14320);
#14318 = CARTESIAN_POINT('',(0.,-100.,400.));
#14319 = DIRECTION('',(0.,-1.,1.110223024625E-16));
#14320 = DIRECTION('',(1.,0.,0.));
#14321 = PCURVE('',#9807,#14322);
#14322 = DEFINITIONAL_REPRESENTATION('',(#14323),#14327);
#14323 = LINE('',#14324,#14325);
#14324 = CARTESIAN_POINT('',(-0.,-100.));
#14325 = VECTOR('',#14326,1.);
#14326 = DIRECTION('',(-1.,0.));
#14327 = ( GEOMETRIC_REPRESENTATION_CONTEXT(2) 
PARAMETRIC_REPRESENTATION_CONTEXT() REPRESENTATION_CONTEXT('2D SPACE',''
  ) );
#14328 = PCURVE('',#14329,#14334);
#14329 = PLANE('',#14330);
#14330 = AXIS2_PLACEMENT_3D('',#14331,#14332,#14333);
#14331 = CARTESIAN_POINT('',(-1.458602808042E-15,-100.,400.));
#14332 = DIRECTION('',(-0.,-1.,-0.));
#14333 = DIRECTION('',(0.,0.,-1.));
#14334 = DEFINITIONAL_REPRESENTATION('',(#14335),#14339);
#14335 = CIRCLE('',#14336,15.);
#14336 = AXIS2_PLACEMENT_2D('',#14337,#14338);
#14337 = CARTESIAN_POINT('',(0.,1.458602808042E-15));
#14338 = DIRECTION('',(0.,1.));
#14339 = ( GEOMETRIC_REPRESENTATION_CONTEXT(2) 
PARAMETRIC_REPRESENTATION_CONTEXT() REPRESENTATION_CONTEXT('2D SPACE',''
  ) );
#14340 = ORIENTED_EDGE('',*,*,#14291,.F.);
#14341 = ADVANCED_FACE('',(#14342),#10044,.T.);
#14342 = FACE_BOUND('',#14343,.F.);
#14343 = EDGE_LOOP('',(#14344,#14345,#14368,#14395));
#14344 = ORIENTED_EDGE('',*,*,#9890,.F.);
#14345 = ORIENTED_EDGE('',*,*,#14346,.T.);
#14346 = EDGE_CURVE('',#9891,#14347,#14349,.T.);
#14347 = VERTEX_POINT('',#14348);
#14348 = CARTESIAN_POINT('',(15.,100.,100.));
#14349 = SEAM_CURVE('',#14350,(#14354,#14361),.PCURVE_S1.);
#14350 = LINE('',#14351,#14352);
#14351 = CARTESIAN_POINT('',(15.,0.,100.));
#14352 = VECTOR('',#14353,1.);
#14353 = DIRECTION('',(0.,1.,-2.22044604925E-16));
#14354 = PCURVE('',#10044,#14355);
#14355 = DEFINITIONAL_REPRESENTATION('',(#14356),#14360);
#14356 = LINE('',#14357,#14358);
#14357 = CARTESIAN_POINT('',(-6.28318530718,0.));
#14358 = VECTOR('',#14359,1.);
#14359 = DIRECTION('',(-0.,-1.));
#14360 = ( GEOMETRIC_REPRESENTATION_CONTEXT(2) 
PARAMETRIC_REPRESENTATION_CONTEXT() REPRESENTATION_CONTEXT('2D SPACE',''
  ) );
#14361 = PCURVE('',#10044,#14362);
#14362 = DEFINITIONAL_REPRESENTATION('',(#14363),#14367);
#14363 = LINE('',#14364,#14365);
#14364 = CARTESIAN_POINT('',(-0.,0.));
#14365 = VECTOR('',#14366,1.);
#14366 = DIRECTION('',(-0.,-1.));
#14367 = ( GEOMETRIC_REPRESENTATION_CONTEXT(2) 
PARAMETRIC_REPRESENTATION_CONTEXT() REPRESENTATION_CONTEXT('2D SPACE',''
  ) );
#14368 = ORIENTED_EDGE('',*,*,#14369,.T.);
#14369 = EDGE_CURVE('',#14347,#14347,#14370,.T.);
#14370 = SURFACE_CURVE('',#14371,(#14376,#14383),.PCURVE_S1.);
#14371 = CIRCLE('',#14372,15.);
#14372 = AXIS2_PLACEMENT_3D('',#14373,#14374,#14375);
#14373 = CARTESIAN_POINT('',(0.,100.,100.));
#14374 = DIRECTION('',(0.,1.,-2.22044604925E-16));
#14375 = DIRECTION('',(1.,0.,0.));
#14376 = PCURVE('',#10044,#14377);
#14377 = DEFINITIONAL_REPRESENTATION('',(#14378),#14382);
#14378 = LINE('',#14379,#14380);
#14379 = CARTESIAN_POINT('',(-0.,-100.));
#14380 = VECTOR('',#14381,1.);
#14381 = DIRECTION('',(-1.,0.));
#14382 = ( GEOMETRIC_REPRESENTATION_CONTEXT(2) 
PARAMETRIC_REPRESENTATION_CONTEXT() REPRESENTATION_CONTEXT('2D SPACE',''
  ) );
#14383 = PCURVE('',#14384,#14389);
#14384 = PLANE('',#14385);
#14385 = AXIS2_PLACEMENT_3D('',#14386,#14387,#14388);
#14386 = CARTESIAN_POINT('',(-1.458602808042E-15,100.,100.));
#14387 = DIRECTION('',(0.,1.,0.));
#14388 = DIRECTION('',(0.,-0.,1.));
#14389 = DEFINITIONAL_REPRESENTATION('',(#14390),#14394);
#14390 = CIRCLE('',#14391,15.);
#14391 = AXIS2_PLACEMENT_2D('',#14392,#14393);
#14392 = CARTESIAN_POINT('',(-1.42108547152E-14,1.458602808042E-15));
#14393 = DIRECTION('',(0.,1.));
#14394 = ( GEOMETRIC_REPRESENTATION_CONTEXT(2) 
PARAMETRIC_REPRESENTATION_CONTEXT() REPRESENTATION_CONTEXT('2D SPACE',''
  ) );
#14395 = ORIENTED_EDGE('',*,*,#14346,.F.);
#14396 = ADVANCED_FACE('',(#14397),#10152,.F.);
#14397 = FACE_BOUND('',#14398,.T.);
#14398 = EDGE_LOOP('',(#14399,#14420,#14421,#14422,#14423,#14424,#14425,
    #14446,#14447,#14448));
#14399 = ORIENTED_EDGE('',*,*,#14400,.F.);
#14400 = EDGE_CURVE('',#10132,#10531,#14401,.T.);
#14401 = SEAM_CURVE('',#14402,(#14406,#14413),.PCURVE_S1.);
#14402 = LINE('',#14403,#14404);
#14403 = CARTESIAN_POINT('',(-17.5,-25.,55.));
#14404 = VECTOR('',#14405,1.);
#14405 = DIRECTION('',(0.,0.,1.));
#14406 = PCURVE('',#10152,#14407);
#14407 = DEFINITIONAL_REPRESENTATION('',(#14408),#14412);
#14408 = LINE('',#14409,#14410);
#14409 = CARTESIAN_POINT('',(-6.28318530718,0.));
#14410 = VECTOR('',#14411,1.);
#14411 = DIRECTION('',(-0.,-1.));
#14412 = ( GEOMETRIC_REPRESENTATION_CONTEXT(2) 
PARAMETRIC_REPRESENTATION_CONTEXT() REPRESENTATION_CONTEXT('2D SPACE',''
  ) );
#14413 = PCURVE('',#10152,#14414);
#14414 = DEFINITIONAL_REPRESENTATION('',(#14415),#14419);
#14415 = LINE('',#14416,#14417);
#14416 = CARTESIAN_POINT('',(-0.,0.));
#14417 = VECTOR('',#14418,1.);
#14418 = DIRECTION('',(-0.,-1.));
#14419 = ( GEOMETRIC_REPRESENTATION_CONTEXT(2) 
PARAMETRIC_REPRESENTATION_CONTEXT() REPRESENTATION_CONTEXT('2D SPACE',''
  ) );
#14420 = ORIENTED_EDGE('',*,*,#10131,.T.);
#14421 = ORIENTED_EDGE('',*,*,#14400,.T.);
#14422 = ORIENTED_EDGE('',*,*,#10530,.F.);
#14423 = ORIENTED_EDGE('',*,*,#14263,.F.);
#14424 = ORIENTED_EDGE('',*,*,#10983,.T.);
#14425 = ORIENTED_EDGE('',*,*,#14426,.T.);
#14426 = EDGE_CURVE('',#10984,#11520,#14427,.T.);
#14427 = SEAM_CURVE('',#14428,(#14432,#14439),.PCURVE_S1.);
#14428 = LINE('',#14429,#14430);
#14429 = CARTESIAN_POINT('',(-17.5,-25.,55.));
#14430 = VECTOR('',#14431,1.);
#14431 = DIRECTION('',(0.,0.,1.));
#14432 = PCURVE('',#10152,#14433);
#14433 = DEFINITIONAL_REPRESENTATION('',(#14434),#14438);
#14434 = LINE('',#14435,#14436);
#14435 = CARTESIAN_POINT('',(-6.28318530718,0.));
#14436 = VECTOR('',#14437,1.);
#14437 = DIRECTION('',(-0.,-1.));
#14438 = ( GEOMETRIC_REPRESENTATION_CONTEXT(2) 
PARAMETRIC_REPRESENTATION_CONTEXT() REPRESENTATION_CONTEXT('2D SPACE',''
  ) );
#14439 = PCURVE('',#10152,#14440);
#14440 = DEFINITIONAL_REPRESENTATION('',(#14441),#14445);
#14441 = LINE('',#14442,#14443);
#14442 = CARTESIAN_POINT('',(-0.,0.));
#14443 = VECTOR('',#14444,1.);
#14444 = DIRECTION('',(-0.,-1.));
#14445 = ( GEOMETRIC_REPRESENTATION_CONTEXT(2) 
PARAMETRIC_REPRESENTATION_CONTEXT() REPRESENTATION_CONTEXT('2D SPACE',''
  ) );
#14446 = ORIENTED_EDGE('',*,*,#11519,.F.);
#14447 = ORIENTED_EDGE('',*,*,#14426,.F.);
#14448 = ORIENTED_EDGE('',*,*,#14449,.F.);
#14449 = EDGE_CURVE('',#10531,#10984,#14450,.T.);
#14450 = SURFACE_CURVE('',#14451,(#14455,#14461),.PCURVE_S1.);
#14451 = LINE('',#14452,#14453);
#14452 = CARTESIAN_POINT('',(-17.5,-25.,55.));
#14453 = VECTOR('',#14454,1.);
#14454 = DIRECTION('',(0.,0.,1.));
#14455 = PCURVE('',#10152,#14456);
#14456 = DEFINITIONAL_REPRESENTATION('',(#14457),#14460);
#14457 = B_SPLINE_CURVE_WITH_KNOTS('',1,(#14458,#14459),.UNSPECIFIED.,
  .F.,.F.,(2,2),(78.,88.),.PIECEWISE_BEZIER_KNOTS.);
#14458 = CARTESIAN_POINT('',(-6.28318530718,-78.));
#14459 = CARTESIAN_POINT('',(-6.28318530718,-88.));
#14460 = ( GEOMETRIC_REPRESENTATION_CONTEXT(2) 
PARAMETRIC_REPRESENTATION_CONTEXT() REPRESENTATION_CONTEXT('2D SPACE',''
  ) );
#14461 = PCURVE('',#10574,#14462);
#14462 = DEFINITIONAL_REPRESENTATION('',(#14463),#14467);
#14463 = LINE('',#14464,#14465);
#14464 = CARTESIAN_POINT('',(32.5,78.));
#14465 = VECTOR('',#14466,1.);
#14466 = DIRECTION('',(0.,-1.));
#14467 = ( GEOMETRIC_REPRESENTATION_CONTEXT(2) 
PARAMETRIC_REPRESENTATION_CONTEXT() REPRESENTATION_CONTEXT('2D SPACE',''
  ) );
#14468 = ADVANCED_FACE('',(#14469),#10187,.F.);
#14469 = FACE_BOUND('',#14470,.T.);
#14470 = EDGE_LOOP('',(#14471,#14492,#14493,#14494,#14495,#14516,#14517,
    #14538,#14539,#14540));
#14471 = ORIENTED_EDGE('',*,*,#14472,.F.);
#14472 = EDGE_CURVE('',#10167,#10587,#14473,.T.);
#14473 = SEAM_CURVE('',#14474,(#14478,#14485),.PCURVE_S1.);
#14474 = LINE('',#14475,#14476);
#14475 = CARTESIAN_POINT('',(7.5,-25.,55.));
#14476 = VECTOR('',#14477,1.);
#14477 = DIRECTION('',(0.,0.,1.));
#14478 = PCURVE('',#10187,#14479);
#14479 = DEFINITIONAL_REPRESENTATION('',(#14480),#14484);
#14480 = LINE('',#14481,#14482);
#14481 = CARTESIAN_POINT('',(-6.28318530718,0.));
#14482 = VECTOR('',#14483,1.);
#14483 = DIRECTION('',(-0.,-1.));
#14484 = ( GEOMETRIC_REPRESENTATION_CONTEXT(2) 
PARAMETRIC_REPRESENTATION_CONTEXT() REPRESENTATION_CONTEXT('2D SPACE',''
  ) );
#14485 = PCURVE('',#10187,#14486);
#14486 = DEFINITIONAL_REPRESENTATION('',(#14487),#14491);
#14487 = LINE('',#14488,#14489);
#14488 = CARTESIAN_POINT('',(-0.,0.));
#14489 = VECTOR('',#14490,1.);
#14490 = DIRECTION('',(-0.,-1.));
#14491 = ( GEOMETRIC_REPRESENTATION_CONTEXT(2) 
PARAMETRIC_REPRESENTATION_CONTEXT() REPRESENTATION_CONTEXT('2D SPACE',''
  ) );
#14492 = ORIENTED_EDGE('',*,*,#10166,.T.);
#14493 = ORIENTED_EDGE('',*,*,#14472,.T.);
#14494 = ORIENTED_EDGE('',*,*,#10586,.F.);
#14495 = ORIENTED_EDGE('',*,*,#14496,.F.);
#14496 = EDGE_CURVE('',#11012,#10559,#14497,.T.);
#14497 = SURFACE_CURVE('',#14498,(#14502,#14509),.PCURVE_S1.);
#14498 = LINE('',#14499,#14500);
#14499 = CARTESIAN_POINT('',(-7.5,-25.,55.));
#14500 = VECTOR('',#14501,1.);
#14501 = DIRECTION('',(-0.,-0.,-1.));
#14502 = PCURVE('',#10187,#14503);
#14503 = DEFINITIONAL_REPRESENTATION('',(#14504),#14508);
#14504 = LINE('',#14505,#14506);
#14505 = CARTESIAN_POINT('',(-3.14159265359,0.));
#14506 = VECTOR('',#14507,1.);
#14507 = DIRECTION('',(-0.,1.));
#14508 = ( GEOMETRIC_REPRESENTATION_CONTEXT(2) 
PARAMETRIC_REPRESENTATION_CONTEXT() REPRESENTATION_CONTEXT('2D SPACE',''
  ) );
#14509 = PCURVE('',#10574,#14510);
#14510 = DEFINITIONAL_REPRESENTATION('',(#14511),#14515);
#14511 = LINE('',#14512,#14513);
#14512 = CARTESIAN_POINT('',(42.5,78.));
#14513 = VECTOR('',#14514,1.);
#14514 = DIRECTION('',(0.,1.));
#14515 = ( GEOMETRIC_REPRESENTATION_CONTEXT(2) 
PARAMETRIC_REPRESENTATION_CONTEXT() REPRESENTATION_CONTEXT('2D SPACE',''
  ) );
#14516 = ORIENTED_EDGE('',*,*,#11034,.T.);
#14517 = ORIENTED_EDGE('',*,*,#14518,.T.);
#14518 = EDGE_CURVE('',#11035,#11550,#14519,.T.);
#14519 = SEAM_CURVE('',#14520,(#14524,#14531),.PCURVE_S1.);
#14520 = LINE('',#14521,#14522);
#14521 = CARTESIAN_POINT('',(7.5,-25.,55.));
#14522 = VECTOR('',#14523,1.);
#14523 = DIRECTION('',(0.,0.,1.));
#14524 = PCURVE('',#10187,#14525);
#14525 = DEFINITIONAL_REPRESENTATION('',(#14526),#14530);
#14526 = LINE('',#14527,#14528);
#14527 = CARTESIAN_POINT('',(-6.28318530718,0.));
#14528 = VECTOR('',#14529,1.);
#14529 = DIRECTION('',(-0.,-1.));
#14530 = ( GEOMETRIC_REPRESENTATION_CONTEXT(2) 
PARAMETRIC_REPRESENTATION_CONTEXT() REPRESENTATION_CONTEXT('2D SPACE',''
  ) );
#14531 = PCURVE('',#10187,#14532);
#14532 = DEFINITIONAL_REPRESENTATION('',(#14533),#14537);
#14533 = LINE('',#14534,#14535);
#14534 = CARTESIAN_POINT('',(-0.,0.));
#14535 = VECTOR('',#14536,1.);
#14536 = DIRECTION('',(-0.,-1.));
#14537 = ( GEOMETRIC_REPRESENTATION_CONTEXT(2) 
PARAMETRIC_REPRESENTATION_CONTEXT() REPRESENTATION_CONTEXT('2D SPACE',''
  ) );
#14538 = ORIENTED_EDGE('',*,*,#11549,.F.);
#14539 = ORIENTED_EDGE('',*,*,#14518,.F.);
#14540 = ORIENTED_EDGE('',*,*,#14541,.F.);
#14541 = EDGE_CURVE('',#10587,#11035,#14542,.T.);
#14542 = SURFACE_CURVE('',#14543,(#14547,#14553),.PCURVE_S1.);
#14543 = LINE('',#14544,#14545);
#14544 = CARTESIAN_POINT('',(7.5,-25.,55.));
#14545 = VECTOR('',#14546,1.);
#14546 = DIRECTION('',(0.,0.,1.));
#14547 = PCURVE('',#10187,#14548);
#14548 = DEFINITIONAL_REPRESENTATION('',(#14549),#14552);
#14549 = B_SPLINE_CURVE_WITH_KNOTS('',1,(#14550,#14551),.UNSPECIFIED.,
  .F.,.F.,(2,2),(78.,88.),.PIECEWISE_BEZIER_KNOTS.);
#14550 = CARTESIAN_POINT('',(-6.28318530718,-78.));
#14551 = CARTESIAN_POINT('',(-6.28318530718,-88.));
#14552 = ( GEOMETRIC_REPRESENTATION_CONTEXT(2) 
PARAMETRIC_REPRESENTATION_CONTEXT() REPRESENTATION_CONTEXT('2D SPACE',''
  ) );
#14553 = PCURVE('',#10630,#14554);
#14554 = DEFINITIONAL_REPRESENTATION('',(#14555),#14559);
#14555 = LINE('',#14556,#14557);
#14556 = CARTESIAN_POINT('',(57.5,78.));
#14557 = VECTOR('',#14558,1.);
#14558 = DIRECTION('',(0.,-1.));
#14559 = ( GEOMETRIC_REPRESENTATION_CONTEXT(2) 
PARAMETRIC_REPRESENTATION_CONTEXT() REPRESENTATION_CONTEXT('2D SPACE',''
  ) );
#14560 = ADVANCED_FACE('',(#14561),#10222,.F.);
#14561 = FACE_BOUND('',#14562,.T.);
#14562 = EDGE_LOOP('',(#14563,#14584,#14585,#14586,#14587,#14608,#14609,
    #14630,#14631,#14632));
#14563 = ORIENTED_EDGE('',*,*,#14564,.F.);
#14564 = EDGE_CURVE('',#10202,#10483,#14565,.T.);
#14565 = SEAM_CURVE('',#14566,(#14570,#14577),.PCURVE_S1.);
#14566 = LINE('',#14567,#14568);
#14567 = CARTESIAN_POINT('',(32.5,-25.,55.));
#14568 = VECTOR('',#14569,1.);
#14569 = DIRECTION('',(0.,0.,1.));
#14570 = PCURVE('',#10222,#14571);
#14571 = DEFINITIONAL_REPRESENTATION('',(#14572),#14576);
#14572 = LINE('',#14573,#14574);
#14573 = CARTESIAN_POINT('',(-6.28318530718,0.));
#14574 = VECTOR('',#14575,1.);
#14575 = DIRECTION('',(-0.,-1.));
#14576 = ( GEOMETRIC_REPRESENTATION_CONTEXT(2) 
PARAMETRIC_REPRESENTATION_CONTEXT() REPRESENTATION_CONTEXT('2D SPACE',''
  ) );
#14577 = PCURVE('',#10222,#14578);
#14578 = DEFINITIONAL_REPRESENTATION('',(#14579),#14583);
#14579 = LINE('',#14580,#14581);
#14580 = CARTESIAN_POINT('',(-0.,0.));
#14581 = VECTOR('',#14582,1.);
#14582 = DIRECTION('',(-0.,-1.));
#14583 = ( GEOMETRIC_REPRESENTATION_CONTEXT(2) 
PARAMETRIC_REPRESENTATION_CONTEXT() REPRESENTATION_CONTEXT('2D SPACE',''
  ) );
#14584 = ORIENTED_EDGE('',*,*,#10201,.T.);
#14585 = ORIENTED_EDGE('',*,*,#14564,.T.);
#14586 = ORIENTED_EDGE('',*,*,#10642,.F.);
#14587 = ORIENTED_EDGE('',*,*,#14588,.F.);
#14588 = EDGE_CURVE('',#10930,#10615,#14589,.T.);
#14589 = SURFACE_CURVE('',#14590,(#14594,#14601),.PCURVE_S1.);
#14590 = LINE('',#14591,#14592);
#14591 = CARTESIAN_POINT('',(17.5,-25.,55.));
#14592 = VECTOR('',#14593,1.);
#14593 = DIRECTION('',(-0.,-0.,-1.));
#14594 = PCURVE('',#10222,#14595);
#14595 = DEFINITIONAL_REPRESENTATION('',(#14596),#14600);
#14596 = LINE('',#14597,#14598);
#14597 = CARTESIAN_POINT('',(-3.14159265359,0.));
#14598 = VECTOR('',#14599,1.);
#14599 = DIRECTION('',(-0.,1.));
#14600 = ( GEOMETRIC_REPRESENTATION_CONTEXT(2) 
PARAMETRIC_REPRESENTATION_CONTEXT() REPRESENTATION_CONTEXT('2D SPACE',''
  ) );
#14601 = PCURVE('',#10630,#14602);
#14602 = DEFINITIONAL_REPRESENTATION('',(#14603),#14607);
#14603 = LINE('',#14604,#14605);
#14604 = CARTESIAN_POINT('',(67.5,78.));
#14605 = VECTOR('',#14606,1.);
#14606 = DIRECTION('',(0.,1.));
#14607 = ( GEOMETRIC_REPRESENTATION_CONTEXT(2) 
PARAMETRIC_REPRESENTATION_CONTEXT() REPRESENTATION_CONTEXT('2D SPACE',''
  ) );
#14608 = ORIENTED_EDGE('',*,*,#10929,.T.);
#14609 = ORIENTED_EDGE('',*,*,#14610,.T.);
#14610 = EDGE_CURVE('',#10883,#11580,#14611,.T.);
#14611 = SEAM_CURVE('',#14612,(#14616,#14623),.PCURVE_S1.);
#14612 = LINE('',#14613,#14614);
#14613 = CARTESIAN_POINT('',(32.5,-25.,55.));
#14614 = VECTOR('',#14615,1.);
#14615 = DIRECTION('',(0.,0.,1.));
#14616 = PCURVE('',#10222,#14617);
#14617 = DEFINITIONAL_REPRESENTATION('',(#14618),#14622);
#14618 = LINE('',#14619,#14620);
#14619 = CARTESIAN_POINT('',(-6.28318530718,0.));
#14620 = VECTOR('',#14621,1.);
#14621 = DIRECTION('',(-0.,-1.));
#14622 = ( GEOMETRIC_REPRESENTATION_CONTEXT(2) 
PARAMETRIC_REPRESENTATION_CONTEXT() REPRESENTATION_CONTEXT('2D SPACE',''
  ) );
#14623 = PCURVE('',#10222,#14624);
#14624 = DEFINITIONAL_REPRESENTATION('',(#14625),#14629);
#14625 = LINE('',#14626,#14627);
#14626 = CARTESIAN_POINT('',(-0.,0.));
#14627 = VECTOR('',#14628,1.);
#14628 = DIRECTION('',(-0.,-1.));
#14629 = ( GEOMETRIC_REPRESENTATION_CONTEXT(2) 
PARAMETRIC_REPRESENTATION_CONTEXT() REPRESENTATION_CONTEXT('2D SPACE',''
  ) );
#14630 = ORIENTED_EDGE('',*,*,#11579,.F.);
#14631 = ORIENTED_EDGE('',*,*,#14610,.F.);
#14632 = ORIENTED_EDGE('',*,*,#10882,.F.);
#14633 = ADVANCED_FACE('',(#14634),#10257,.F.);
#14634 = FACE_BOUND('',#14635,.T.);
#14635 = EDGE_LOOP('',(#14636,#14657,#14658,#14659));
#14636 = ORIENTED_EDGE('',*,*,#14637,.F.);
#14637 = EDGE_CURVE('',#10237,#10671,#14638,.T.);
#14638 = SEAM_CURVE('',#14639,(#14643,#14650),.PCURVE_S1.);
#14639 = LINE('',#14640,#14641);
#14640 = CARTESIAN_POINT('',(-30.,0.,55.));
#14641 = VECTOR('',#14642,1.);
#14642 = DIRECTION('',(0.,0.,1.));
#14643 = PCURVE('',#10257,#14644);
#14644 = DEFINITIONAL_REPRESENTATION('',(#14645),#14649);
#14645 = LINE('',#14646,#14647);
#14646 = CARTESIAN_POINT('',(-6.28318530718,0.));
#14647 = VECTOR('',#14648,1.);
#14648 = DIRECTION('',(-0.,-1.));
#14649 = ( GEOMETRIC_REPRESENTATION_CONTEXT(2) 
PARAMETRIC_REPRESENTATION_CONTEXT() REPRESENTATION_CONTEXT('2D SPACE',''
  ) );
#14650 = PCURVE('',#10257,#14651);
#14651 = DEFINITIONAL_REPRESENTATION('',(#14652),#14656);
#14652 = LINE('',#14653,#14654);
#14653 = CARTESIAN_POINT('',(-0.,0.));
#14654 = VECTOR('',#14655,1.);
#14655 = DIRECTION('',(-0.,-1.));
#14656 = ( GEOMETRIC_REPRESENTATION_CONTEXT(2) 
PARAMETRIC_REPRESENTATION_CONTEXT() REPRESENTATION_CONTEXT('2D SPACE',''
  ) );
#14657 = ORIENTED_EDGE('',*,*,#10236,.T.);
#14658 = ORIENTED_EDGE('',*,*,#14637,.T.);
#14659 = ORIENTED_EDGE('',*,*,#10670,.F.);
#14660 = ADVANCED_FACE('',(#14661),#10292,.F.);
#14661 = FACE_BOUND('',#14662,.T.);
#14662 = EDGE_LOOP('',(#14663,#14684,#14685,#14686));
#14663 = ORIENTED_EDGE('',*,*,#14664,.F.);
#14664 = EDGE_CURVE('',#10272,#10701,#14665,.T.);
#14665 = SEAM_CURVE('',#14666,(#14670,#14677),.PCURVE_S1.);
#14666 = LINE('',#14667,#14668);
#14667 = CARTESIAN_POINT('',(-5.,0.,55.));
#14668 = VECTOR('',#14669,1.);
#14669 = DIRECTION('',(0.,0.,1.));
#14670 = PCURVE('',#10292,#14671);
#14671 = DEFINITIONAL_REPRESENTATION('',(#14672),#14676);
#14672 = LINE('',#14673,#14674);
#14673 = CARTESIAN_POINT('',(-6.28318530718,0.));
#14674 = VECTOR('',#14675,1.);
#14675 = DIRECTION('',(-0.,-1.));
#14676 = ( GEOMETRIC_REPRESENTATION_CONTEXT(2) 
PARAMETRIC_REPRESENTATION_CONTEXT() REPRESENTATION_CONTEXT('2D SPACE',''
  ) );
#14677 = PCURVE('',#10292,#14678);
#14678 = DEFINITIONAL_REPRESENTATION('',(#14679),#14683);
#14679 = LINE('',#14680,#14681);
#14680 = CARTESIAN_POINT('',(-0.,0.));
#14681 = VECTOR('',#14682,1.);
#14682 = DIRECTION('',(-0.,-1.));
#14683 = ( GEOMETRIC_REPRESENTATION_CONTEXT(2) 
PARAMETRIC_REPRESENTATION_CONTEXT() REPRESENTATION_CONTEXT('2D SPACE',''
  ) );
#14684 = ORIENTED_EDGE('',*,*,#10271,.T.);
#14685 = ORIENTED_EDGE('',*,*,#14664,.T.);
#14686 = ORIENTED_EDGE('',*,*,#10700,.F.);
#14687 = ADVANCED_FACE('',(#14688),#10327,.F.);
#14688 = FACE_BOUND('',#14689,.T.);
#14689 = EDGE_LOOP('',(#14690,#14711,#14712,#14713));
#14690 = ORIENTED_EDGE('',*,*,#14691,.F.);
#14691 = EDGE_CURVE('',#10307,#10791,#14692,.T.);
#14692 = SEAM_CURVE('',#14693,(#14697,#14704),.PCURVE_S1.);
#14693 = LINE('',#14694,#14695);
#14694 = CARTESIAN_POINT('',(-17.5,25.,55.));
#14695 = VECTOR('',#14696,1.);
#14696 = DIRECTION('',(0.,0.,1.));
#14697 = PCURVE('',#10327,#14698);
#14698 = DEFINITIONAL_REPRESENTATION('',(#14699),#14703);
#14699 = LINE('',#14700,#14701);
#14700 = CARTESIAN_POINT('',(-6.28318530718,0.));
#14701 = VECTOR('',#14702,1.);
#14702 = DIRECTION('',(-0.,-1.));
#14703 = ( GEOMETRIC_REPRESENTATION_CONTEXT(2) 
PARAMETRIC_REPRESENTATION_CONTEXT() REPRESENTATION_CONTEXT('2D SPACE',''
  ) );
#14704 = PCURVE('',#10327,#14705);
#14705 = DEFINITIONAL_REPRESENTATION('',(#14706),#14710);
#14706 = LINE('',#14707,#14708);
#14707 = CARTESIAN_POINT('',(-0.,0.));
#14708 = VECTOR('',#14709,1.);
#14709 = DIRECTION('',(-0.,-1.));
#14710 = ( GEOMETRIC_REPRESENTATION_CONTEXT(2) 
PARAMETRIC_REPRESENTATION_CONTEXT() REPRESENTATION_CONTEXT('2D SPACE',''
  ) );
#14711 = ORIENTED_EDGE('',*,*,#10306,.T.);
#14712 = ORIENTED_EDGE('',*,*,#14691,.T.);
#14713 = ORIENTED_EDGE('',*,*,#10790,.F.);
#14714 = ADVANCED_FACE('',(#14715),#10362,.F.);
#14715 = FACE_BOUND('',#14716,.T.);
#14716 = EDGE_LOOP('',(#14717,#14738,#14739,#14740));
#14717 = ORIENTED_EDGE('',*,*,#14718,.F.);
#14718 = EDGE_CURVE('',#10342,#10731,#14719,.T.);
#14719 = SEAM_CURVE('',#14720,(#14724,#14731),.PCURVE_S1.);
#14720 = LINE('',#14721,#14722);
#14721 = CARTESIAN_POINT('',(20.,0.,55.));
#14722 = VECTOR('',#14723,1.);
#14723 = DIRECTION('',(0.,0.,1.));
#14724 = PCURVE('',#10362,#14725);
#14725 = DEFINITIONAL_REPRESENTATION('',(#14726),#14730);
#14726 = LINE('',#14727,#14728);
#14727 = CARTESIAN_POINT('',(-6.28318530718,0.));
#14728 = VECTOR('',#14729,1.);
#14729 = DIRECTION('',(-0.,-1.));
#14730 = ( GEOMETRIC_REPRESENTATION_CONTEXT(2) 
PARAMETRIC_REPRESENTATION_CONTEXT() REPRESENTATION_CONTEXT('2D SPACE',''
  ) );
#14731 = PCURVE('',#10362,#14732);
#14732 = DEFINITIONAL_REPRESENTATION('',(#14733),#14737);
#14733 = LINE('',#14734,#14735);
#14734 = CARTESIAN_POINT('',(-0.,0.));
#14735 = VECTOR('',#14736,1.);
#14736 = DIRECTION('',(-0.,-1.));
#14737 = ( GEOMETRIC_REPRESENTATION_CONTEXT(2) 
PARAMETRIC_REPRESENTATION_CONTEXT() REPRESENTATION_CONTEXT('2D SPACE',''
  ) );
#14738 = ORIENTED_EDGE('',*,*,#10341,.T.);
#14739 = ORIENTED_EDGE('',*,*,#14718,.T.);
#14740 = ORIENTED_EDGE('',*,*,#10730,.F.);
#14741 = ADVANCED_FACE('',(#14742),#10397,.F.);
#14742 = FACE_BOUND('',#14743,.T.);
#14743 = EDGE_LOOP('',(#14744,#14765,#14766,#14767));
#14744 = ORIENTED_EDGE('',*,*,#14745,.F.);
#14745 = EDGE_CURVE('',#10377,#10761,#14746,.T.);
#14746 = SEAM_CURVE('',#14747,(#14751,#14758),.PCURVE_S1.);
#14747 = LINE('',#14748,#14749);
#14748 = CARTESIAN_POINT('',(45.,0.,55.));
#14749 = VECTOR('',#14750,1.);
#14750 = DIRECTION('',(0.,0.,1.));
#14751 = PCURVE('',#10397,#14752);
#14752 = DEFINITIONAL_REPRESENTATION('',(#14753),#14757);
#14753 = LINE('',#14754,#14755);
#14754 = CARTESIAN_POINT('',(-6.28318530718,0.));
#14755 = VECTOR('',#14756,1.);
#14756 = DIRECTION('',(-0.,-1.));
#14757 = ( GEOMETRIC_REPRESENTATION_CONTEXT(2) 
PARAMETRIC_REPRESENTATION_CONTEXT() REPRESENTATION_CONTEXT('2D SPACE',''
  ) );
#14758 = PCURVE('',#10397,#14759);
#14759 = DEFINITIONAL_REPRESENTATION('',(#14760),#14764);
#14760 = LINE('',#14761,#14762);
#14761 = CARTESIAN_POINT('',(-0.,0.));
#14762 = VECTOR('',#14763,1.);
#14763 = DIRECTION('',(-0.,-1.));
#14764 = ( GEOMETRIC_REPRESENTATION_CONTEXT(2) 
PARAMETRIC_REPRESENTATION_CONTEXT() REPRESENTATION_CONTEXT('2D SPACE',''
  ) );
#14765 = ORIENTED_EDGE('',*,*,#10376,.T.);
#14766 = ORIENTED_EDGE('',*,*,#14745,.T.);
#14767 = ORIENTED_EDGE('',*,*,#10760,.F.);
#14768 = ADVANCED_FACE('',(#14769),#10432,.F.);
#14769 = FACE_BOUND('',#14770,.T.);
#14770 = EDGE_LOOP('',(#14771,#14792,#14793,#14794));
#14771 = ORIENTED_EDGE('',*,*,#14772,.F.);
#14772 = EDGE_CURVE('',#10412,#10821,#14773,.T.);
#14773 = SEAM_CURVE('',#14774,(#14778,#14785),.PCURVE_S1.);
#14774 = LINE('',#14775,#14776);
#14775 = CARTESIAN_POINT('',(7.5,25.,55.));
#14776 = VECTOR('',#14777,1.);
#14777 = DIRECTION('',(0.,0.,1.));
#14778 = PCURVE('',#10432,#14779);
#14779 = DEFINITIONAL_REPRESENTATION('',(#14780),#14784);
#14780 = LINE('',#14781,#14782);
#14781 = CARTESIAN_POINT('',(-6.28318530718,0.));
#14782 = VECTOR('',#14783,1.);
#14783 = DIRECTION('',(-0.,-1.));
#14784 = ( GEOMETRIC_REPRESENTATION_CONTEXT(2) 
PARAMETRIC_REPRESENTATION_CONTEXT() REPRESENTATION_CONTEXT('2D SPACE',''
  ) );
#14785 = PCURVE('',#10432,#14786);
#14786 = DEFINITIONAL_REPRESENTATION('',(#14787),#14791);
#14787 = LINE('',#14788,#14789);
#14788 = CARTESIAN_POINT('',(-0.,0.));
#14789 = VECTOR('',#14790,1.);
#14790 = DIRECTION('',(-0.,-1.));
#14791 = ( GEOMETRIC_REPRESENTATION_CONTEXT(2) 
PARAMETRIC_REPRESENTATION_CONTEXT() REPRESENTATION_CONTEXT('2D SPACE',''
  ) );
#14792 = ORIENTED_EDGE('',*,*,#10411,.T.);
#14793 = ORIENTED_EDGE('',*,*,#14772,.T.);
#14794 = ORIENTED_EDGE('',*,*,#10820,.F.);
#14795 = ADVANCED_FACE('',(#14796),#10467,.F.);
#14796 = FACE_BOUND('',#14797,.T.);
#14797 = EDGE_LOOP('',(#14798,#14819,#14820,#14821));
#14798 = ORIENTED_EDGE('',*,*,#14799,.F.);
#14799 = EDGE_CURVE('',#10447,#10851,#14800,.T.);
#14800 = SEAM_CURVE('',#14801,(#14805,#14812),.PCURVE_S1.);
#14801 = LINE('',#14802,#14803);
#14802 = CARTESIAN_POINT('',(32.5,25.,55.));
#14803 = VECTOR('',#14804,1.);
#14804 = DIRECTION('',(0.,0.,1.));
#14805 = PCURVE('',#10467,#14806);
#14806 = DEFINITIONAL_REPRESENTATION('',(#14807),#14811);
#14807 = LINE('',#14808,#14809);
#14808 = CARTESIAN_POINT('',(-6.28318530718,0.));
#14809 = VECTOR('',#14810,1.);
#14810 = DIRECTION('',(-0.,-1.));
#14811 = ( GEOMETRIC_REPRESENTATION_CONTEXT(2) 
PARAMETRIC_REPRESENTATION_CONTEXT() REPRESENTATION_CONTEXT('2D SPACE',''
  ) );
#14812 = PCURVE('',#10467,#14813);
#14813 = DEFINITIONAL_REPRESENTATION('',(#14814),#14818);
#14814 = LINE('',#14815,#14816);
#14815 = CARTESIAN_POINT('',(-0.,0.));
#14816 = VECTOR('',#14817,1.);
#14817 = DIRECTION('',(-0.,-1.));
#14818 = ( GEOMETRIC_REPRESENTATION_CONTEXT(2) 
PARAMETRIC_REPRESENTATION_CONTEXT() REPRESENTATION_CONTEXT('2D SPACE',''
  ) );
#14819 = ORIENTED_EDGE('',*,*,#10446,.T.);
#14820 = ORIENTED_EDGE('',*,*,#14799,.T.);
#14821 = ORIENTED_EDGE('',*,*,#10850,.F.);
#14822 = ADVANCED_FACE('',(#14823),#10630,.T.);
#14823 = FACE_BOUND('',#14824,.T.);
#14824 = EDGE_LOOP('',(#14825,#14826,#14827,#14828));
#14825 = ORIENTED_EDGE('',*,*,#14588,.T.);
#14826 = ORIENTED_EDGE('',*,*,#10614,.F.);
#14827 = ORIENTED_EDGE('',*,*,#14541,.T.);
#14828 = ORIENTED_EDGE('',*,*,#11062,.T.);
#14829 = ADVANCED_FACE('',(#14830),#10574,.T.);
#14830 = FACE_BOUND('',#14831,.T.);
#14831 = EDGE_LOOP('',(#14832,#14833,#14834,#14835));
#14832 = ORIENTED_EDGE('',*,*,#14496,.T.);
#14833 = ORIENTED_EDGE('',*,*,#10558,.F.);
#14834 = ORIENTED_EDGE('',*,*,#14449,.T.);
#14835 = ORIENTED_EDGE('',*,*,#11011,.T.);
#14836 = ADVANCED_FACE('',(#14837),#11106,.F.);
#14837 = FACE_BOUND('',#14838,.T.);
#14838 = EDGE_LOOP('',(#14839,#14840,#14861,#14862));
#14839 = ORIENTED_EDGE('',*,*,#11085,.T.);
#14840 = ORIENTED_EDGE('',*,*,#14841,.T.);
#14841 = EDGE_CURVE('',#11086,#11610,#14842,.T.);
#14842 = SEAM_CURVE('',#14843,(#14847,#14854),.PCURVE_S1.);
#14843 = LINE('',#14844,#14845);
#14844 = CARTESIAN_POINT('',(-30.,0.,55.));
#14845 = VECTOR('',#14846,1.);
#14846 = DIRECTION('',(0.,0.,1.));
#14847 = PCURVE('',#11106,#14848);
#14848 = DEFINITIONAL_REPRESENTATION('',(#14849),#14853);
#14849 = LINE('',#14850,#14851);
#14850 = CARTESIAN_POINT('',(-6.28318530718,0.));
#14851 = VECTOR('',#14852,1.);
#14852 = DIRECTION('',(-0.,-1.));
#14853 = ( GEOMETRIC_REPRESENTATION_CONTEXT(2) 
PARAMETRIC_REPRESENTATION_CONTEXT() REPRESENTATION_CONTEXT('2D SPACE',''
  ) );
#14854 = PCURVE('',#11106,#14855);
#14855 = DEFINITIONAL_REPRESENTATION('',(#14856),#14860);
#14856 = LINE('',#14857,#14858);
#14857 = CARTESIAN_POINT('',(-0.,0.));
#14858 = VECTOR('',#14859,1.);
#14859 = DIRECTION('',(-0.,-1.));
#14860 = ( GEOMETRIC_REPRESENTATION_CONTEXT(2) 
PARAMETRIC_REPRESENTATION_CONTEXT() REPRESENTATION_CONTEXT('2D SPACE',''
  ) );
#14861 = ORIENTED_EDGE('',*,*,#11609,.F.);
#14862 = ORIENTED_EDGE('',*,*,#14841,.F.);
#14863 = ADVANCED_FACE('',(#14864),#11141,.F.);
#14864 = FACE_BOUND('',#14865,.T.);
#14865 = EDGE_LOOP('',(#14866,#14867,#14888,#14889));
#14866 = ORIENTED_EDGE('',*,*,#11120,.T.);
#14867 = ORIENTED_EDGE('',*,*,#14868,.T.);
#14868 = EDGE_CURVE('',#11121,#11640,#14869,.T.);
#14869 = SEAM_CURVE('',#14870,(#14874,#14881),.PCURVE_S1.);
#14870 = LINE('',#14871,#14872);
#14871 = CARTESIAN_POINT('',(-5.,0.,55.));
#14872 = VECTOR('',#14873,1.);
#14873 = DIRECTION('',(0.,0.,1.));
#14874 = PCURVE('',#11141,#14875);
#14875 = DEFINITIONAL_REPRESENTATION('',(#14876),#14880);
#14876 = LINE('',#14877,#14878);
#14877 = CARTESIAN_POINT('',(-6.28318530718,0.));
#14878 = VECTOR('',#14879,1.);
#14879 = DIRECTION('',(-0.,-1.));
#14880 = ( GEOMETRIC_REPRESENTATION_CONTEXT(2) 
PARAMETRIC_REPRESENTATION_CONTEXT() REPRESENTATION_CONTEXT('2D SPACE',''
  ) );
#14881 = PCURVE('',#11141,#14882);
#14882 = DEFINITIONAL_REPRESENTATION('',(#14883),#14887);
#14883 = LINE('',#14884,#14885);
#14884 = CARTESIAN_POINT('',(-0.,0.));
#14885 = VECTOR('',#14886,1.);
#14886 = DIRECTION('',(-0.,-1.));
#14887 = ( GEOMETRIC_REPRESENTATION_CONTEXT(2) 
PARAMETRIC_REPRESENTATION_CONTEXT() REPRESENTATION_CONTEXT('2D SPACE',''
  ) );
#14888 = ORIENTED_EDGE('',*,*,#11639,.F.);
#14889 = ORIENTED_EDGE('',*,*,#14868,.F.);
#14890 = ADVANCED_FACE('',(#14891),#11176,.F.);
#14891 = FACE_BOUND('',#14892,.T.);
#14892 = EDGE_LOOP('',(#14893,#14894,#14915,#14916));
#14893 = ORIENTED_EDGE('',*,*,#11155,.T.);
#14894 = ORIENTED_EDGE('',*,*,#14895,.T.);
#14895 = EDGE_CURVE('',#11156,#11670,#14896,.T.);
#14896 = SEAM_CURVE('',#14897,(#14901,#14908),.PCURVE_S1.);
#14897 = LINE('',#14898,#14899);
#14898 = CARTESIAN_POINT('',(20.,0.,55.));
#14899 = VECTOR('',#14900,1.);
#14900 = DIRECTION('',(0.,0.,1.));
#14901 = PCURVE('',#11176,#14902);
#14902 = DEFINITIONAL_REPRESENTATION('',(#14903),#14907);
#14903 = LINE('',#14904,#14905);
#14904 = CARTESIAN_POINT('',(-6.28318530718,0.));
#14905 = VECTOR('',#14906,1.);
#14906 = DIRECTION('',(-0.,-1.));
#14907 = ( GEOMETRIC_REPRESENTATION_CONTEXT(2) 
PARAMETRIC_REPRESENTATION_CONTEXT() REPRESENTATION_CONTEXT('2D SPACE',''
  ) );
#14908 = PCURVE('',#11176,#14909);
#14909 = DEFINITIONAL_REPRESENTATION('',(#14910),#14914);
#14910 = LINE('',#14911,#14912);
#14911 = CARTESIAN_POINT('',(-0.,0.));
#14912 = VECTOR('',#14913,1.);
#14913 = DIRECTION('',(-0.,-1.));
#14914 = ( GEOMETRIC_REPRESENTATION_CONTEXT(2) 
PARAMETRIC_REPRESENTATION_CONTEXT() REPRESENTATION_CONTEXT('2D SPACE',''
  ) );
#14915 = ORIENTED_EDGE('',*,*,#11669,.F.);
#14916 = ORIENTED_EDGE('',*,*,#14895,.F.);
#14917 = ADVANCED_FACE('',(#14918),#11211,.F.);
#14918 = FACE_BOUND('',#14919,.T.);
#14919 = EDGE_LOOP('',(#14920,#14921,#14942,#14943));
#14920 = ORIENTED_EDGE('',*,*,#11190,.T.);
#14921 = ORIENTED_EDGE('',*,*,#14922,.T.);
#14922 = EDGE_CURVE('',#11191,#11700,#14923,.T.);
#14923 = SEAM_CURVE('',#14924,(#14928,#14935),.PCURVE_S1.);
#14924 = LINE('',#14925,#14926);
#14925 = CARTESIAN_POINT('',(45.,0.,55.));
#14926 = VECTOR('',#14927,1.);
#14927 = DIRECTION('',(0.,0.,1.));
#14928 = PCURVE('',#11211,#14929);
#14929 = DEFINITIONAL_REPRESENTATION('',(#14930),#14934);
#14930 = LINE('',#14931,#14932);
#14931 = CARTESIAN_POINT('',(-6.28318530718,0.));
#14932 = VECTOR('',#14933,1.);
#14933 = DIRECTION('',(-0.,-1.));
#14934 = ( GEOMETRIC_REPRESENTATION_CONTEXT(2) 
PARAMETRIC_REPRESENTATION_CONTEXT() REPRESENTATION_CONTEXT('2D SPACE',''
  ) );
#14935 = PCURVE('',#11211,#14936);
#14936 = DEFINITIONAL_REPRESENTATION('',(#14937),#14941);
#14937 = LINE('',#14938,#14939);
#14938 = CARTESIAN_POINT('',(-0.,0.));
#14939 = VECTOR('',#14940,1.);
#14940 = DIRECTION('',(-0.,-1.));
#14941 = ( GEOMETRIC_REPRESENTATION_CONTEXT(2) 
PARAMETRIC_REPRESENTATION_CONTEXT() REPRESENTATION_CONTEXT('2D SPACE',''
  ) );
#14942 = ORIENTED_EDGE('',*,*,#11699,.F.);
#14943 = ORIENTED_EDGE('',*,*,#14922,.F.);
#14944 = ADVANCED_FACE('',(#14945),#11246,.F.);
#14945 = FACE_BOUND('',#14946,.T.);
#14946 = EDGE_LOOP('',(#14947,#14948,#14969,#14989,#15010,#15011,#15012,
    #15013,#15014,#15015));
#14947 = ORIENTED_EDGE('',*,*,#11225,.T.);
#14948 = ORIENTED_EDGE('',*,*,#14949,.T.);
#14949 = EDGE_CURVE('',#11226,#11464,#14950,.T.);
#14950 = SEAM_CURVE('',#14951,(#14955,#14962),.PCURVE_S1.);
#14951 = LINE('',#14952,#14953);
#14952 = CARTESIAN_POINT('',(-17.5,25.,55.));
#14953 = VECTOR('',#14954,1.);
#14954 = DIRECTION('',(0.,0.,1.));
#14955 = PCURVE('',#11246,#14956);
#14956 = DEFINITIONAL_REPRESENTATION('',(#14957),#14961);
#14957 = LINE('',#14958,#14959);
#14958 = CARTESIAN_POINT('',(-6.28318530718,0.));
#14959 = VECTOR('',#14960,1.);
#14960 = DIRECTION('',(-0.,-1.));
#14961 = ( GEOMETRIC_REPRESENTATION_CONTEXT(2) 
PARAMETRIC_REPRESENTATION_CONTEXT() REPRESENTATION_CONTEXT('2D SPACE',''
  ) );
#14962 = PCURVE('',#11246,#14963);
#14963 = DEFINITIONAL_REPRESENTATION('',(#14964),#14968);
#14964 = LINE('',#14965,#14966);
#14965 = CARTESIAN_POINT('',(-0.,0.));
#14966 = VECTOR('',#14967,1.);
#14967 = DIRECTION('',(-0.,-1.));
#14968 = ( GEOMETRIC_REPRESENTATION_CONTEXT(2) 
PARAMETRIC_REPRESENTATION_CONTEXT() REPRESENTATION_CONTEXT('2D SPACE',''
  ) );
#14969 = ORIENTED_EDGE('',*,*,#14970,.T.);
#14970 = EDGE_CURVE('',#11464,#11883,#14971,.T.);
#14971 = SURFACE_CURVE('',#14972,(#14976,#14982),.PCURVE_S1.);
#14972 = LINE('',#14973,#14974);
#14973 = CARTESIAN_POINT('',(-17.5,25.,55.));
#14974 = VECTOR('',#14975,1.);
#14975 = DIRECTION('',(0.,0.,1.));
#14976 = PCURVE('',#11246,#14977);
#14977 = DEFINITIONAL_REPRESENTATION('',(#14978),#14981);
#14978 = B_SPLINE_CURVE_WITH_KNOTS('',1,(#14979,#14980),.UNSPECIFIED.,
  .F.,.F.,(2,2),(156.,166.),.PIECEWISE_BEZIER_KNOTS.);
#14979 = CARTESIAN_POINT('',(0.,-156.));
#14980 = CARTESIAN_POINT('',(0.,-166.));
#14981 = ( GEOMETRIC_REPRESENTATION_CONTEXT(2) 
PARAMETRIC_REPRESENTATION_CONTEXT() REPRESENTATION_CONTEXT('2D SPACE',''
  ) );
#14982 = PCURVE('',#11479,#14983);
#14983 = DEFINITIONAL_REPRESENTATION('',(#14984),#14988);
#14984 = LINE('',#14985,#14986);
#14985 = CARTESIAN_POINT('',(67.5,156.));
#14986 = VECTOR('',#14987,1.);
#14987 = DIRECTION('',(0.,-1.));
#14988 = ( GEOMETRIC_REPRESENTATION_CONTEXT(2) 
PARAMETRIC_REPRESENTATION_CONTEXT() REPRESENTATION_CONTEXT('2D SPACE',''
  ) );
#14989 = ORIENTED_EDGE('',*,*,#14990,.T.);
#14990 = EDGE_CURVE('',#11883,#12490,#14991,.T.);
#14991 = SEAM_CURVE('',#14992,(#14996,#15003),.PCURVE_S1.);
#14992 = LINE('',#14993,#14994);
#14993 = CARTESIAN_POINT('',(-17.5,25.,55.));
#14994 = VECTOR('',#14995,1.);
#14995 = DIRECTION('',(0.,0.,1.));
#14996 = PCURVE('',#11246,#14997);
#14997 = DEFINITIONAL_REPRESENTATION('',(#14998),#15002);
#14998 = LINE('',#14999,#15000);
#14999 = CARTESIAN_POINT('',(-6.28318530718,0.));
#15000 = VECTOR('',#15001,1.);
#15001 = DIRECTION('',(-0.,-1.));
#15002 = ( GEOMETRIC_REPRESENTATION_CONTEXT(2) 
PARAMETRIC_REPRESENTATION_CONTEXT() REPRESENTATION_CONTEXT('2D SPACE',''
  ) );
#15003 = PCURVE('',#11246,#15004);
#15004 = DEFINITIONAL_REPRESENTATION('',(#15005),#15009);
#15005 = LINE('',#15006,#15007);
#15006 = CARTESIAN_POINT('',(-0.,0.));
#15007 = VECTOR('',#15008,1.);
#15008 = DIRECTION('',(-0.,-1.));
#15009 = ( GEOMETRIC_REPRESENTATION_CONTEXT(2) 
PARAMETRIC_REPRESENTATION_CONTEXT() REPRESENTATION_CONTEXT('2D SPACE',''
  ) );
#15010 = ORIENTED_EDGE('',*,*,#12489,.F.);
#15011 = ORIENTED_EDGE('',*,*,#14990,.F.);
#15012 = ORIENTED_EDGE('',*,*,#11905,.T.);
#15013 = ORIENTED_EDGE('',*,*,#11731,.T.);
#15014 = ORIENTED_EDGE('',*,*,#11491,.F.);
#15015 = ORIENTED_EDGE('',*,*,#14949,.F.);
#15016 = ADVANCED_FACE('',(#15017),#11281,.F.);
#15017 = FACE_BOUND('',#15018,.T.);
#15018 = EDGE_LOOP('',(#15019,#15020,#15041,#15061,#15082,#15083,#15084,
    #15085,#15106,#15107));
#15019 = ORIENTED_EDGE('',*,*,#11260,.T.);
#15020 = ORIENTED_EDGE('',*,*,#15021,.T.);
#15021 = EDGE_CURVE('',#11261,#11408,#15022,.T.);
#15022 = SEAM_CURVE('',#15023,(#15027,#15034),.PCURVE_S1.);
#15023 = LINE('',#15024,#15025);
#15024 = CARTESIAN_POINT('',(7.5,25.,55.));
#15025 = VECTOR('',#15026,1.);
#15026 = DIRECTION('',(0.,0.,1.));
#15027 = PCURVE('',#11281,#15028);
#15028 = DEFINITIONAL_REPRESENTATION('',(#15029),#15033);
#15029 = LINE('',#15030,#15031);
#15030 = CARTESIAN_POINT('',(-6.28318530718,0.));
#15031 = VECTOR('',#15032,1.);
#15032 = DIRECTION('',(-0.,-1.));
#15033 = ( GEOMETRIC_REPRESENTATION_CONTEXT(2) 
PARAMETRIC_REPRESENTATION_CONTEXT() REPRESENTATION_CONTEXT('2D SPACE',''
  ) );
#15034 = PCURVE('',#11281,#15035);
#15035 = DEFINITIONAL_REPRESENTATION('',(#15036),#15040);
#15036 = LINE('',#15037,#15038);
#15037 = CARTESIAN_POINT('',(-0.,0.));
#15038 = VECTOR('',#15039,1.);
#15039 = DIRECTION('',(-0.,-1.));
#15040 = ( GEOMETRIC_REPRESENTATION_CONTEXT(2) 
PARAMETRIC_REPRESENTATION_CONTEXT() REPRESENTATION_CONTEXT('2D SPACE',''
  ) );
#15041 = ORIENTED_EDGE('',*,*,#15042,.T.);
#15042 = EDGE_CURVE('',#11408,#11832,#15043,.T.);
#15043 = SURFACE_CURVE('',#15044,(#15048,#15054),.PCURVE_S1.);
#15044 = LINE('',#15045,#15046);
#15045 = CARTESIAN_POINT('',(7.5,25.,55.));
#15046 = VECTOR('',#15047,1.);
#15047 = DIRECTION('',(0.,0.,1.));
#15048 = PCURVE('',#11281,#15049);
#15049 = DEFINITIONAL_REPRESENTATION('',(#15050),#15053);
#15050 = B_SPLINE_CURVE_WITH_KNOTS('',1,(#15051,#15052),.UNSPECIFIED.,
  .F.,.F.,(2,2),(156.,166.),.PIECEWISE_BEZIER_KNOTS.);
#15051 = CARTESIAN_POINT('',(0.,-156.));
#15052 = CARTESIAN_POINT('',(0.,-166.));
#15053 = ( GEOMETRIC_REPRESENTATION_CONTEXT(2) 
PARAMETRIC_REPRESENTATION_CONTEXT() REPRESENTATION_CONTEXT('2D SPACE',''
  ) );
#15054 = PCURVE('',#11423,#15055);
#15055 = DEFINITIONAL_REPRESENTATION('',(#15056),#15060);
#15056 = LINE('',#15057,#15058);
#15057 = CARTESIAN_POINT('',(42.5,156.));
#15058 = VECTOR('',#15059,1.);
#15059 = DIRECTION('',(0.,-1.));
#15060 = ( GEOMETRIC_REPRESENTATION_CONTEXT(2) 
PARAMETRIC_REPRESENTATION_CONTEXT() REPRESENTATION_CONTEXT('2D SPACE',''
  ) );
#15061 = ORIENTED_EDGE('',*,*,#15062,.T.);
#15062 = EDGE_CURVE('',#11832,#12520,#15063,.T.);
#15063 = SEAM_CURVE('',#15064,(#15068,#15075),.PCURVE_S1.);
#15064 = LINE('',#15065,#15066);
#15065 = CARTESIAN_POINT('',(7.5,25.,55.));
#15066 = VECTOR('',#15067,1.);
#15067 = DIRECTION('',(0.,0.,1.));
#15068 = PCURVE('',#11281,#15069);
#15069 = DEFINITIONAL_REPRESENTATION('',(#15070),#15074);
#15070 = LINE('',#15071,#15072);
#15071 = CARTESIAN_POINT('',(-6.28318530718,0.));
#15072 = VECTOR('',#15073,1.);
#15073 = DIRECTION('',(-0.,-1.));
#15074 = ( GEOMETRIC_REPRESENTATION_CONTEXT(2) 
PARAMETRIC_REPRESENTATION_CONTEXT() REPRESENTATION_CONTEXT('2D SPACE',''
  ) );
#15075 = PCURVE('',#11281,#15076);
#15076 = DEFINITIONAL_REPRESENTATION('',(#15077),#15081);
#15077 = LINE('',#15078,#15079);
#15078 = CARTESIAN_POINT('',(-0.,0.));
#15079 = VECTOR('',#15080,1.);
#15080 = DIRECTION('',(-0.,-1.));
#15081 = ( GEOMETRIC_REPRESENTATION_CONTEXT(2) 
PARAMETRIC_REPRESENTATION_CONTEXT() REPRESENTATION_CONTEXT('2D SPACE',''
  ) );
#15082 = ORIENTED_EDGE('',*,*,#12519,.F.);
#15083 = ORIENTED_EDGE('',*,*,#15062,.F.);
#15084 = ORIENTED_EDGE('',*,*,#11854,.T.);
#15085 = ORIENTED_EDGE('',*,*,#15086,.T.);
#15086 = EDGE_CURVE('',#11855,#11436,#15087,.T.);
#15087 = SURFACE_CURVE('',#15088,(#15092,#15099),.PCURVE_S1.);
#15088 = LINE('',#15089,#15090);
#15089 = CARTESIAN_POINT('',(-7.5,25.,55.));
#15090 = VECTOR('',#15091,1.);
#15091 = DIRECTION('',(-0.,-0.,-1.));
#15092 = PCURVE('',#11281,#15093);
#15093 = DEFINITIONAL_REPRESENTATION('',(#15094),#15098);
#15094 = LINE('',#15095,#15096);
#15095 = CARTESIAN_POINT('',(-3.14159265359,0.));
#15096 = VECTOR('',#15097,1.);
#15097 = DIRECTION('',(-0.,1.));
#15098 = ( GEOMETRIC_REPRESENTATION_CONTEXT(2) 
PARAMETRIC_REPRESENTATION_CONTEXT() REPRESENTATION_CONTEXT('2D SPACE',''
  ) );
#15099 = PCURVE('',#11479,#15100);
#15100 = DEFINITIONAL_REPRESENTATION('',(#15101),#15105);
#15101 = LINE('',#15102,#15103);
#15102 = CARTESIAN_POINT('',(57.5,156.));
#15103 = VECTOR('',#15104,1.);
#15104 = DIRECTION('',(0.,1.));
#15105 = ( GEOMETRIC_REPRESENTATION_CONTEXT(2) 
PARAMETRIC_REPRESENTATION_CONTEXT() REPRESENTATION_CONTEXT('2D SPACE',''
  ) );
#15106 = ORIENTED_EDGE('',*,*,#11435,.F.);
#15107 = ORIENTED_EDGE('',*,*,#15021,.F.);
#15108 = ADVANCED_FACE('',(#15109),#11316,.F.);
#15109 = FACE_BOUND('',#15110,.T.);
#15110 = EDGE_LOOP('',(#15111,#15112,#15133,#15134,#15155,#15156,#15157,
    #15158,#15179,#15180));
#15111 = ORIENTED_EDGE('',*,*,#11295,.T.);
#15112 = ORIENTED_EDGE('',*,*,#15113,.T.);
#15113 = EDGE_CURVE('',#11296,#11357,#15114,.T.);
#15114 = SEAM_CURVE('',#15115,(#15119,#15126),.PCURVE_S1.);
#15115 = LINE('',#15116,#15117);
#15116 = CARTESIAN_POINT('',(32.5,25.,55.));
#15117 = VECTOR('',#15118,1.);
#15118 = DIRECTION('',(0.,0.,1.));
#15119 = PCURVE('',#11316,#15120);
#15120 = DEFINITIONAL_REPRESENTATION('',(#15121),#15125);
#15121 = LINE('',#15122,#15123);
#15122 = CARTESIAN_POINT('',(-6.28318530718,0.));
#15123 = VECTOR('',#15124,1.);
#15124 = DIRECTION('',(-0.,-1.));
#15125 = ( GEOMETRIC_REPRESENTATION_CONTEXT(2) 
PARAMETRIC_REPRESENTATION_CONTEXT() REPRESENTATION_CONTEXT('2D SPACE',''
  ) );
#15126 = PCURVE('',#11316,#15127);
#15127 = DEFINITIONAL_REPRESENTATION('',(#15128),#15132);
#15128 = LINE('',#15129,#15130);
#15129 = CARTESIAN_POINT('',(-0.,0.));
#15130 = VECTOR('',#15131,1.);
#15131 = DIRECTION('',(-0.,-1.));
#15132 = ( GEOMETRIC_REPRESENTATION_CONTEXT(2) 
PARAMETRIC_REPRESENTATION_CONTEXT() REPRESENTATION_CONTEXT('2D SPACE',''
  ) );
#15133 = ORIENTED_EDGE('',*,*,#14240,.T.);
#15134 = ORIENTED_EDGE('',*,*,#15135,.T.);
#15135 = EDGE_CURVE('',#11781,#12550,#15136,.T.);
#15136 = SEAM_CURVE('',#15137,(#15141,#15148),.PCURVE_S1.);
#15137 = LINE('',#15138,#15139);
#15138 = CARTESIAN_POINT('',(32.5,25.,55.));
#15139 = VECTOR('',#15140,1.);
#15140 = DIRECTION('',(0.,0.,1.));
#15141 = PCURVE('',#11316,#15142);
#15142 = DEFINITIONAL_REPRESENTATION('',(#15143),#15147);
#15143 = LINE('',#15144,#15145);
#15144 = CARTESIAN_POINT('',(-6.28318530718,0.));
#15145 = VECTOR('',#15146,1.);
#15146 = DIRECTION('',(-0.,-1.));
#15147 = ( GEOMETRIC_REPRESENTATION_CONTEXT(2) 
PARAMETRIC_REPRESENTATION_CONTEXT() REPRESENTATION_CONTEXT('2D SPACE',''
  ) );
#15148 = PCURVE('',#11316,#15149);
#15149 = DEFINITIONAL_REPRESENTATION('',(#15150),#15154);
#15150 = LINE('',#15151,#15152);
#15151 = CARTESIAN_POINT('',(-0.,0.));
#15152 = VECTOR('',#15153,1.);
#15153 = DIRECTION('',(-0.,-1.));
#15154 = ( GEOMETRIC_REPRESENTATION_CONTEXT(2) 
PARAMETRIC_REPRESENTATION_CONTEXT() REPRESENTATION_CONTEXT('2D SPACE',''
  ) );
#15155 = ORIENTED_EDGE('',*,*,#12549,.F.);
#15156 = ORIENTED_EDGE('',*,*,#15135,.F.);
#15157 = ORIENTED_EDGE('',*,*,#11803,.T.);
#15158 = ORIENTED_EDGE('',*,*,#15159,.T.);
#15159 = EDGE_CURVE('',#11804,#11380,#15160,.T.);
#15160 = SURFACE_CURVE('',#15161,(#15165,#15172),.PCURVE_S1.);
#15161 = LINE('',#15162,#15163);
#15162 = CARTESIAN_POINT('',(17.5,25.,55.));
#15163 = VECTOR('',#15164,1.);
#15164 = DIRECTION('',(-0.,-0.,-1.));
#15165 = PCURVE('',#11316,#15166);
#15166 = DEFINITIONAL_REPRESENTATION('',(#15167),#15171);
#15167 = LINE('',#15168,#15169);
#15168 = CARTESIAN_POINT('',(-3.14159265359,0.));
#15169 = VECTOR('',#15170,1.);
#15170 = DIRECTION('',(-0.,1.));
#15171 = ( GEOMETRIC_REPRESENTATION_CONTEXT(2) 
PARAMETRIC_REPRESENTATION_CONTEXT() REPRESENTATION_CONTEXT('2D SPACE',''
  ) );
#15172 = PCURVE('',#11423,#15173);
#15173 = DEFINITIONAL_REPRESENTATION('',(#15174),#15178);
#15174 = LINE('',#15175,#15176);
#15175 = CARTESIAN_POINT('',(32.5,156.));
#15176 = VECTOR('',#15177,1.);
#15177 = DIRECTION('',(0.,1.));
#15178 = ( GEOMETRIC_REPRESENTATION_CONTEXT(2) 
PARAMETRIC_REPRESENTATION_CONTEXT() REPRESENTATION_CONTEXT('2D SPACE',''
  ) );
#15179 = ORIENTED_EDGE('',*,*,#11379,.F.);
#15180 = ORIENTED_EDGE('',*,*,#15113,.F.);
#15181 = ADVANCED_FACE('',(#15182),#11479,.T.);
#15182 = FACE_BOUND('',#15183,.T.);
#15183 = EDGE_LOOP('',(#15184,#15185,#15186,#15187));
#15184 = ORIENTED_EDGE('',*,*,#11463,.F.);
#15185 = ORIENTED_EDGE('',*,*,#15086,.F.);
#15186 = ORIENTED_EDGE('',*,*,#11882,.T.);
#15187 = ORIENTED_EDGE('',*,*,#14970,.F.);
#15188 = ADVANCED_FACE('',(#15189),#11423,.T.);
#15189 = FACE_BOUND('',#15190,.T.);
#15190 = EDGE_LOOP('',(#15191,#15192,#15193,#15194));
#15191 = ORIENTED_EDGE('',*,*,#11407,.F.);
#15192 = ORIENTED_EDGE('',*,*,#15159,.F.);
#15193 = ORIENTED_EDGE('',*,*,#11831,.T.);
#15194 = ORIENTED_EDGE('',*,*,#15042,.F.);
#15195 = ADVANCED_FACE('',(#15196),#11956,.F.);
#15196 = FACE_BOUND('',#15197,.T.);
#15197 = EDGE_LOOP('',(#15198,#15199,#15220,#15221,#15222,#15223,#15244,
    #15245,#15246,#15266));
#15198 = ORIENTED_EDGE('',*,*,#11935,.T.);
#15199 = ORIENTED_EDGE('',*,*,#15200,.T.);
#15200 = EDGE_CURVE('',#11936,#12230,#15201,.T.);
#15201 = SEAM_CURVE('',#15202,(#15206,#15213),.PCURVE_S1.);
#15202 = LINE('',#15203,#15204);
#15203 = CARTESIAN_POINT('',(-17.5,-25.,55.));
#15204 = VECTOR('',#15205,1.);
#15205 = DIRECTION('',(0.,0.,1.));
#15206 = PCURVE('',#11956,#15207);
#15207 = DEFINITIONAL_REPRESENTATION('',(#15208),#15212);
#15208 = LINE('',#15209,#15210);
#15209 = CARTESIAN_POINT('',(-6.28318530718,0.));
#15210 = VECTOR('',#15211,1.);
#15211 = DIRECTION('',(-0.,-1.));
#15212 = ( GEOMETRIC_REPRESENTATION_CONTEXT(2) 
PARAMETRIC_REPRESENTATION_CONTEXT() REPRESENTATION_CONTEXT('2D SPACE',''
  ) );
#15213 = PCURVE('',#11956,#15214);
#15214 = DEFINITIONAL_REPRESENTATION('',(#15215),#15219);
#15215 = LINE('',#15216,#15217);
#15216 = CARTESIAN_POINT('',(-0.,0.));
#15217 = VECTOR('',#15218,1.);
#15218 = DIRECTION('',(-0.,-1.));
#15219 = ( GEOMETRIC_REPRESENTATION_CONTEXT(2) 
PARAMETRIC_REPRESENTATION_CONTEXT() REPRESENTATION_CONTEXT('2D SPACE',''
  ) );
#15220 = ORIENTED_EDGE('',*,*,#12229,.F.);
#15221 = ORIENTED_EDGE('',*,*,#14210,.F.);
#15222 = ORIENTED_EDGE('',*,*,#12682,.T.);
#15223 = ORIENTED_EDGE('',*,*,#15224,.T.);
#15224 = EDGE_CURVE('',#12683,#13219,#15225,.T.);
#15225 = SEAM_CURVE('',#15226,(#15230,#15237),.PCURVE_S1.);
#15226 = LINE('',#15227,#15228);
#15227 = CARTESIAN_POINT('',(-17.5,-25.,55.));
#15228 = VECTOR('',#15229,1.);
#15229 = DIRECTION('',(0.,0.,1.));
#15230 = PCURVE('',#11956,#15231);
#15231 = DEFINITIONAL_REPRESENTATION('',(#15232),#15236);
#15232 = LINE('',#15233,#15234);
#15233 = CARTESIAN_POINT('',(-6.28318530718,0.));
#15234 = VECTOR('',#15235,1.);
#15235 = DIRECTION('',(-0.,-1.));
#15236 = ( GEOMETRIC_REPRESENTATION_CONTEXT(2) 
PARAMETRIC_REPRESENTATION_CONTEXT() REPRESENTATION_CONTEXT('2D SPACE',''
  ) );
#15237 = PCURVE('',#11956,#15238);
#15238 = DEFINITIONAL_REPRESENTATION('',(#15239),#15243);
#15239 = LINE('',#15240,#15241);
#15240 = CARTESIAN_POINT('',(-0.,0.));
#15241 = VECTOR('',#15242,1.);
#15242 = DIRECTION('',(-0.,-1.));
#15243 = ( GEOMETRIC_REPRESENTATION_CONTEXT(2) 
PARAMETRIC_REPRESENTATION_CONTEXT() REPRESENTATION_CONTEXT('2D SPACE',''
  ) );
#15244 = ORIENTED_EDGE('',*,*,#13218,.F.);
#15245 = ORIENTED_EDGE('',*,*,#15224,.F.);
#15246 = ORIENTED_EDGE('',*,*,#15247,.F.);
#15247 = EDGE_CURVE('',#12230,#12683,#15248,.T.);
#15248 = SURFACE_CURVE('',#15249,(#15253,#15259),.PCURVE_S1.);
#15249 = LINE('',#15250,#15251);
#15250 = CARTESIAN_POINT('',(-17.5,-25.,55.));
#15251 = VECTOR('',#15252,1.);
#15252 = DIRECTION('',(0.,0.,1.));
#15253 = PCURVE('',#11956,#15254);
#15254 = DEFINITIONAL_REPRESENTATION('',(#15255),#15258);
#15255 = B_SPLINE_CURVE_WITH_KNOTS('',1,(#15256,#15257),.UNSPECIFIED.,
  .F.,.F.,(2,2),(234.,244.),.PIECEWISE_BEZIER_KNOTS.);
#15256 = CARTESIAN_POINT('',(-6.28318530718,-234.));
#15257 = CARTESIAN_POINT('',(-6.28318530718,-244.));
#15258 = ( GEOMETRIC_REPRESENTATION_CONTEXT(2) 
PARAMETRIC_REPRESENTATION_CONTEXT() REPRESENTATION_CONTEXT('2D SPACE',''
  ) );
#15259 = PCURVE('',#12273,#15260);
#15260 = DEFINITIONAL_REPRESENTATION('',(#15261),#15265);
#15261 = LINE('',#15262,#15263);
#15262 = CARTESIAN_POINT('',(32.5,234.));
#15263 = VECTOR('',#15264,1.);
#15264 = DIRECTION('',(0.,-1.));
#15265 = ( GEOMETRIC_REPRESENTATION_CONTEXT(2) 
PARAMETRIC_REPRESENTATION_CONTEXT() REPRESENTATION_CONTEXT('2D SPACE',''
  ) );
#15266 = ORIENTED_EDGE('',*,*,#15200,.F.);
#15267 = ADVANCED_FACE('',(#15268),#11991,.F.);
#15268 = FACE_BOUND('',#15269,.T.);
#15269 = EDGE_LOOP('',(#15270,#15271,#15292,#15293,#15314,#15315,#15336,
    #15337,#15338,#15358));
#15270 = ORIENTED_EDGE('',*,*,#11970,.T.);
#15271 = ORIENTED_EDGE('',*,*,#15272,.T.);
#15272 = EDGE_CURVE('',#11971,#12286,#15273,.T.);
#15273 = SEAM_CURVE('',#15274,(#15278,#15285),.PCURVE_S1.);
#15274 = LINE('',#15275,#15276);
#15275 = CARTESIAN_POINT('',(7.5,-25.,55.));
#15276 = VECTOR('',#15277,1.);
#15277 = DIRECTION('',(0.,0.,1.));
#15278 = PCURVE('',#11991,#15279);
#15279 = DEFINITIONAL_REPRESENTATION('',(#15280),#15284);
#15280 = LINE('',#15281,#15282);
#15281 = CARTESIAN_POINT('',(-6.28318530718,0.));
#15282 = VECTOR('',#15283,1.);
#15283 = DIRECTION('',(-0.,-1.));
#15284 = ( GEOMETRIC_REPRESENTATION_CONTEXT(2) 
PARAMETRIC_REPRESENTATION_CONTEXT() REPRESENTATION_CONTEXT('2D SPACE',''
  ) );
#15285 = PCURVE('',#11991,#15286);
#15286 = DEFINITIONAL_REPRESENTATION('',(#15287),#15291);
#15287 = LINE('',#15288,#15289);
#15288 = CARTESIAN_POINT('',(-0.,0.));
#15289 = VECTOR('',#15290,1.);
#15290 = DIRECTION('',(-0.,-1.));
#15291 = ( GEOMETRIC_REPRESENTATION_CONTEXT(2) 
PARAMETRIC_REPRESENTATION_CONTEXT() REPRESENTATION_CONTEXT('2D SPACE',''
  ) );
#15292 = ORIENTED_EDGE('',*,*,#12285,.F.);
#15293 = ORIENTED_EDGE('',*,*,#15294,.F.);
#15294 = EDGE_CURVE('',#12711,#12258,#15295,.T.);
#15295 = SURFACE_CURVE('',#15296,(#15300,#15307),.PCURVE_S1.);
#15296 = LINE('',#15297,#15298);
#15297 = CARTESIAN_POINT('',(-7.5,-25.,55.));
#15298 = VECTOR('',#15299,1.);
#15299 = DIRECTION('',(-0.,-0.,-1.));
#15300 = PCURVE('',#11991,#15301);
#15301 = DEFINITIONAL_REPRESENTATION('',(#15302),#15306);
#15302 = LINE('',#15303,#15304);
#15303 = CARTESIAN_POINT('',(-3.14159265359,0.));
#15304 = VECTOR('',#15305,1.);
#15305 = DIRECTION('',(-0.,1.));
#15306 = ( GEOMETRIC_REPRESENTATION_CONTEXT(2) 
PARAMETRIC_REPRESENTATION_CONTEXT() REPRESENTATION_CONTEXT('2D SPACE',''
  ) );
#15307 = PCURVE('',#12273,#15308);
#15308 = DEFINITIONAL_REPRESENTATION('',(#15309),#15313);
#15309 = LINE('',#15310,#15311);
#15310 = CARTESIAN_POINT('',(42.5,234.));
#15311 = VECTOR('',#15312,1.);
#15312 = DIRECTION('',(0.,1.));
#15313 = ( GEOMETRIC_REPRESENTATION_CONTEXT(2) 
PARAMETRIC_REPRESENTATION_CONTEXT() REPRESENTATION_CONTEXT('2D SPACE',''
  ) );
#15314 = ORIENTED_EDGE('',*,*,#12733,.T.);
#15315 = ORIENTED_EDGE('',*,*,#15316,.T.);
#15316 = EDGE_CURVE('',#12734,#13249,#15317,.T.);
#15317 = SEAM_CURVE('',#15318,(#15322,#15329),.PCURVE_S1.);
#15318 = LINE('',#15319,#15320);
#15319 = CARTESIAN_POINT('',(7.5,-25.,55.));
#15320 = VECTOR('',#15321,1.);
#15321 = DIRECTION('',(0.,0.,1.));
#15322 = PCURVE('',#11991,#15323);
#15323 = DEFINITIONAL_REPRESENTATION('',(#15324),#15328);
#15324 = LINE('',#15325,#15326);
#15325 = CARTESIAN_POINT('',(-6.28318530718,0.));
#15326 = VECTOR('',#15327,1.);
#15327 = DIRECTION('',(-0.,-1.));
#15328 = ( GEOMETRIC_REPRESENTATION_CONTEXT(2) 
PARAMETRIC_REPRESENTATION_CONTEXT() REPRESENTATION_CONTEXT('2D SPACE',''
  ) );
#15329 = PCURVE('',#11991,#15330);
#15330 = DEFINITIONAL_REPRESENTATION('',(#15331),#15335);
#15331 = LINE('',#15332,#15333);
#15332 = CARTESIAN_POINT('',(-0.,0.));
#15333 = VECTOR('',#15334,1.);
#15334 = DIRECTION('',(-0.,-1.));
#15335 = ( GEOMETRIC_REPRESENTATION_CONTEXT(2) 
PARAMETRIC_REPRESENTATION_CONTEXT() REPRESENTATION_CONTEXT('2D SPACE',''
  ) );
#15336 = ORIENTED_EDGE('',*,*,#13248,.F.);
#15337 = ORIENTED_EDGE('',*,*,#15316,.F.);
#15338 = ORIENTED_EDGE('',*,*,#15339,.F.);
#15339 = EDGE_CURVE('',#12286,#12734,#15340,.T.);
#15340 = SURFACE_CURVE('',#15341,(#15345,#15351),.PCURVE_S1.);
#15341 = LINE('',#15342,#15343);
#15342 = CARTESIAN_POINT('',(7.5,-25.,55.));
#15343 = VECTOR('',#15344,1.);
#15344 = DIRECTION('',(0.,0.,1.));
#15345 = PCURVE('',#11991,#15346);
#15346 = DEFINITIONAL_REPRESENTATION('',(#15347),#15350);
#15347 = B_SPLINE_CURVE_WITH_KNOTS('',1,(#15348,#15349),.UNSPECIFIED.,
  .F.,.F.,(2,2),(234.,244.),.PIECEWISE_BEZIER_KNOTS.);
#15348 = CARTESIAN_POINT('',(-6.28318530718,-234.));
#15349 = CARTESIAN_POINT('',(-6.28318530718,-244.));
#15350 = ( GEOMETRIC_REPRESENTATION_CONTEXT(2) 
PARAMETRIC_REPRESENTATION_CONTEXT() REPRESENTATION_CONTEXT('2D SPACE',''
  ) );
#15351 = PCURVE('',#12329,#15352);
#15352 = DEFINITIONAL_REPRESENTATION('',(#15353),#15357);
#15353 = LINE('',#15354,#15355);
#15354 = CARTESIAN_POINT('',(57.5,234.));
#15355 = VECTOR('',#15356,1.);
#15356 = DIRECTION('',(0.,-1.));
#15357 = ( GEOMETRIC_REPRESENTATION_CONTEXT(2) 
PARAMETRIC_REPRESENTATION_CONTEXT() REPRESENTATION_CONTEXT('2D SPACE',''
  ) );
#15358 = ORIENTED_EDGE('',*,*,#15272,.F.);
#15359 = ADVANCED_FACE('',(#15360),#12026,.F.);
#15360 = FACE_BOUND('',#15361,.T.);
#15361 = EDGE_LOOP('',(#15362,#15363,#15384,#15385,#15406,#15407,#15428,
    #15429,#15430,#15431));
#15362 = ORIENTED_EDGE('',*,*,#12005,.T.);
#15363 = ORIENTED_EDGE('',*,*,#15364,.T.);
#15364 = EDGE_CURVE('',#12006,#12182,#15365,.T.);
#15365 = SEAM_CURVE('',#15366,(#15370,#15377),.PCURVE_S1.);
#15366 = LINE('',#15367,#15368);
#15367 = CARTESIAN_POINT('',(32.5,-25.,55.));
#15368 = VECTOR('',#15369,1.);
#15369 = DIRECTION('',(0.,0.,1.));
#15370 = PCURVE('',#12026,#15371);
#15371 = DEFINITIONAL_REPRESENTATION('',(#15372),#15376);
#15372 = LINE('',#15373,#15374);
#15373 = CARTESIAN_POINT('',(-6.28318530718,0.));
#15374 = VECTOR('',#15375,1.);
#15375 = DIRECTION('',(-0.,-1.));
#15376 = ( GEOMETRIC_REPRESENTATION_CONTEXT(2) 
PARAMETRIC_REPRESENTATION_CONTEXT() REPRESENTATION_CONTEXT('2D SPACE',''
  ) );
#15377 = PCURVE('',#12026,#15378);
#15378 = DEFINITIONAL_REPRESENTATION('',(#15379),#15383);
#15379 = LINE('',#15380,#15381);
#15380 = CARTESIAN_POINT('',(-0.,0.));
#15381 = VECTOR('',#15382,1.);
#15382 = DIRECTION('',(-0.,-1.));
#15383 = ( GEOMETRIC_REPRESENTATION_CONTEXT(2) 
PARAMETRIC_REPRESENTATION_CONTEXT() REPRESENTATION_CONTEXT('2D SPACE',''
  ) );
#15384 = ORIENTED_EDGE('',*,*,#12341,.F.);
#15385 = ORIENTED_EDGE('',*,*,#15386,.F.);
#15386 = EDGE_CURVE('',#12629,#12314,#15387,.T.);
#15387 = SURFACE_CURVE('',#15388,(#15392,#15399),.PCURVE_S1.);
#15388 = LINE('',#15389,#15390);
#15389 = CARTESIAN_POINT('',(17.5,-25.,55.));
#15390 = VECTOR('',#15391,1.);
#15391 = DIRECTION('',(-0.,-0.,-1.));
#15392 = PCURVE('',#12026,#15393);
#15393 = DEFINITIONAL_REPRESENTATION('',(#15394),#15398);
#15394 = LINE('',#15395,#15396);
#15395 = CARTESIAN_POINT('',(-3.14159265359,0.));
#15396 = VECTOR('',#15397,1.);
#15397 = DIRECTION('',(-0.,1.));
#15398 = ( GEOMETRIC_REPRESENTATION_CONTEXT(2) 
PARAMETRIC_REPRESENTATION_CONTEXT() REPRESENTATION_CONTEXT('2D SPACE',''
  ) );
#15399 = PCURVE('',#12329,#15400);
#15400 = DEFINITIONAL_REPRESENTATION('',(#15401),#15405);
#15401 = LINE('',#15402,#15403);
#15402 = CARTESIAN_POINT('',(67.5,234.));
#15403 = VECTOR('',#15404,1.);
#15404 = DIRECTION('',(0.,1.));
#15405 = ( GEOMETRIC_REPRESENTATION_CONTEXT(2) 
PARAMETRIC_REPRESENTATION_CONTEXT() REPRESENTATION_CONTEXT('2D SPACE',''
  ) );
#15406 = ORIENTED_EDGE('',*,*,#12628,.T.);
#15407 = ORIENTED_EDGE('',*,*,#15408,.T.);
#15408 = EDGE_CURVE('',#12582,#13279,#15409,.T.);
#15409 = SEAM_CURVE('',#15410,(#15414,#15421),.PCURVE_S1.);
#15410 = LINE('',#15411,#15412);
#15411 = CARTESIAN_POINT('',(32.5,-25.,55.));
#15412 = VECTOR('',#15413,1.);
#15413 = DIRECTION('',(0.,0.,1.));
#15414 = PCURVE('',#12026,#15415);
#15415 = DEFINITIONAL_REPRESENTATION('',(#15416),#15420);
#15416 = LINE('',#15417,#15418);
#15417 = CARTESIAN_POINT('',(-6.28318530718,0.));
#15418 = VECTOR('',#15419,1.);
#15419 = DIRECTION('',(-0.,-1.));
#15420 = ( GEOMETRIC_REPRESENTATION_CONTEXT(2) 
PARAMETRIC_REPRESENTATION_CONTEXT() REPRESENTATION_CONTEXT('2D SPACE',''
  ) );
#15421 = PCURVE('',#12026,#15422);
#15422 = DEFINITIONAL_REPRESENTATION('',(#15423),#15427);
#15423 = LINE('',#15424,#15425);
#15424 = CARTESIAN_POINT('',(-0.,0.));
#15425 = VECTOR('',#15426,1.);
#15426 = DIRECTION('',(-0.,-1.));
#15427 = ( GEOMETRIC_REPRESENTATION_CONTEXT(2) 
PARAMETRIC_REPRESENTATION_CONTEXT() REPRESENTATION_CONTEXT('2D SPACE',''
  ) );
#15428 = ORIENTED_EDGE('',*,*,#13278,.F.);
#15429 = ORIENTED_EDGE('',*,*,#15408,.F.);
#15430 = ORIENTED_EDGE('',*,*,#12581,.F.);
#15431 = ORIENTED_EDGE('',*,*,#15364,.F.);
#15432 = ADVANCED_FACE('',(#15433),#12061,.F.);
#15433 = FACE_BOUND('',#15434,.T.);
#15434 = EDGE_LOOP('',(#15435,#15436,#15457,#15458));
#15435 = ORIENTED_EDGE('',*,*,#12040,.T.);
#15436 = ORIENTED_EDGE('',*,*,#15437,.T.);
#15437 = EDGE_CURVE('',#12041,#12370,#15438,.T.);
#15438 = SEAM_CURVE('',#15439,(#15443,#15450),.PCURVE_S1.);
#15439 = LINE('',#15440,#15441);
#15440 = CARTESIAN_POINT('',(-30.,0.,55.));
#15441 = VECTOR('',#15442,1.);
#15442 = DIRECTION('',(0.,0.,1.));
#15443 = PCURVE('',#12061,#15444);
#15444 = DEFINITIONAL_REPRESENTATION('',(#15445),#15449);
#15445 = LINE('',#15446,#15447);
#15446 = CARTESIAN_POINT('',(-6.28318530718,0.));
#15447 = VECTOR('',#15448,1.);
#15448 = DIRECTION('',(-0.,-1.));
#15449 = ( GEOMETRIC_REPRESENTATION_CONTEXT(2) 
PARAMETRIC_REPRESENTATION_CONTEXT() REPRESENTATION_CONTEXT('2D SPACE',''
  ) );
#15450 = PCURVE('',#12061,#15451);
#15451 = DEFINITIONAL_REPRESENTATION('',(#15452),#15456);
#15452 = LINE('',#15453,#15454);
#15453 = CARTESIAN_POINT('',(-0.,0.));
#15454 = VECTOR('',#15455,1.);
#15455 = DIRECTION('',(-0.,-1.));
#15456 = ( GEOMETRIC_REPRESENTATION_CONTEXT(2) 
PARAMETRIC_REPRESENTATION_CONTEXT() REPRESENTATION_CONTEXT('2D SPACE',''
  ) );
#15457 = ORIENTED_EDGE('',*,*,#12369,.F.);
#15458 = ORIENTED_EDGE('',*,*,#15437,.F.);
#15459 = ADVANCED_FACE('',(#15460),#12096,.F.);
#15460 = FACE_BOUND('',#15461,.T.);
#15461 = EDGE_LOOP('',(#15462,#15463,#15484,#15485));
#15462 = ORIENTED_EDGE('',*,*,#12075,.T.);
#15463 = ORIENTED_EDGE('',*,*,#15464,.T.);
#15464 = EDGE_CURVE('',#12076,#12400,#15465,.T.);
#15465 = SEAM_CURVE('',#15466,(#15470,#15477),.PCURVE_S1.);
#15466 = LINE('',#15467,#15468);
#15467 = CARTESIAN_POINT('',(-5.,0.,55.));
#15468 = VECTOR('',#15469,1.);
#15469 = DIRECTION('',(0.,0.,1.));
#15470 = PCURVE('',#12096,#15471);
#15471 = DEFINITIONAL_REPRESENTATION('',(#15472),#15476);
#15472 = LINE('',#15473,#15474);
#15473 = CARTESIAN_POINT('',(-6.28318530718,0.));
#15474 = VECTOR('',#15475,1.);
#15475 = DIRECTION('',(-0.,-1.));
#15476 = ( GEOMETRIC_REPRESENTATION_CONTEXT(2) 
PARAMETRIC_REPRESENTATION_CONTEXT() REPRESENTATION_CONTEXT('2D SPACE',''
  ) );
#15477 = PCURVE('',#12096,#15478);
#15478 = DEFINITIONAL_REPRESENTATION('',(#15479),#15483);
#15479 = LINE('',#15480,#15481);
#15480 = CARTESIAN_POINT('',(-0.,0.));
#15481 = VECTOR('',#15482,1.);
#15482 = DIRECTION('',(-0.,-1.));
#15483 = ( GEOMETRIC_REPRESENTATION_CONTEXT(2) 
PARAMETRIC_REPRESENTATION_CONTEXT() REPRESENTATION_CONTEXT('2D SPACE',''
  ) );
#15484 = ORIENTED_EDGE('',*,*,#12399,.F.);
#15485 = ORIENTED_EDGE('',*,*,#15464,.F.);
#15486 = ADVANCED_FACE('',(#15487),#12131,.F.);
#15487 = FACE_BOUND('',#15488,.T.);
#15488 = EDGE_LOOP('',(#15489,#15490,#15511,#15512));
#15489 = ORIENTED_EDGE('',*,*,#12110,.T.);
#15490 = ORIENTED_EDGE('',*,*,#15491,.T.);
#15491 = EDGE_CURVE('',#12111,#12430,#15492,.T.);
#15492 = SEAM_CURVE('',#15493,(#15497,#15504),.PCURVE_S1.);
#15493 = LINE('',#15494,#15495);
#15494 = CARTESIAN_POINT('',(20.,0.,55.));
#15495 = VECTOR('',#15496,1.);
#15496 = DIRECTION('',(0.,0.,1.));
#15497 = PCURVE('',#12131,#15498);
#15498 = DEFINITIONAL_REPRESENTATION('',(#15499),#15503);
#15499 = LINE('',#15500,#15501);
#15500 = CARTESIAN_POINT('',(-6.28318530718,0.));
#15501 = VECTOR('',#15502,1.);
#15502 = DIRECTION('',(-0.,-1.));
#15503 = ( GEOMETRIC_REPRESENTATION_CONTEXT(2) 
PARAMETRIC_REPRESENTATION_CONTEXT() REPRESENTATION_CONTEXT('2D SPACE',''
  ) );
#15504 = PCURVE('',#12131,#15505);
#15505 = DEFINITIONAL_REPRESENTATION('',(#15506),#15510);
#15506 = LINE('',#15507,#15508);
#15507 = CARTESIAN_POINT('',(-0.,0.));
#15508 = VECTOR('',#15509,1.);
#15509 = DIRECTION('',(-0.,-1.));
#15510 = ( GEOMETRIC_REPRESENTATION_CONTEXT(2) 
PARAMETRIC_REPRESENTATION_CONTEXT() REPRESENTATION_CONTEXT('2D SPACE',''
  ) );
#15511 = ORIENTED_EDGE('',*,*,#12429,.F.);
#15512 = ORIENTED_EDGE('',*,*,#15491,.F.);
#15513 = ADVANCED_FACE('',(#15514),#12166,.F.);
#15514 = FACE_BOUND('',#15515,.T.);
#15515 = EDGE_LOOP('',(#15516,#15517,#15538,#15539));
#15516 = ORIENTED_EDGE('',*,*,#12145,.T.);
#15517 = ORIENTED_EDGE('',*,*,#15518,.T.);
#15518 = EDGE_CURVE('',#12146,#12460,#15519,.T.);
#15519 = SEAM_CURVE('',#15520,(#15524,#15531),.PCURVE_S1.);
#15520 = LINE('',#15521,#15522);
#15521 = CARTESIAN_POINT('',(45.,0.,55.));
#15522 = VECTOR('',#15523,1.);
#15523 = DIRECTION('',(0.,0.,1.));
#15524 = PCURVE('',#12166,#15525);
#15525 = DEFINITIONAL_REPRESENTATION('',(#15526),#15530);
#15526 = LINE('',#15527,#15528);
#15527 = CARTESIAN_POINT('',(-6.28318530718,0.));
#15528 = VECTOR('',#15529,1.);
#15529 = DIRECTION('',(-0.,-1.));
#15530 = ( GEOMETRIC_REPRESENTATION_CONTEXT(2) 
PARAMETRIC_REPRESENTATION_CONTEXT() REPRESENTATION_CONTEXT('2D SPACE',''
  ) );
#15531 = PCURVE('',#12166,#15532);
#15532 = DEFINITIONAL_REPRESENTATION('',(#15533),#15537);
#15533 = LINE('',#15534,#15535);
#15534 = CARTESIAN_POINT('',(-0.,0.));
#15535 = VECTOR('',#15536,1.);
#15536 = DIRECTION('',(-0.,-1.));
#15537 = ( GEOMETRIC_REPRESENTATION_CONTEXT(2) 
PARAMETRIC_REPRESENTATION_CONTEXT() REPRESENTATION_CONTEXT('2D SPACE',''
  ) );
#15538 = ORIENTED_EDGE('',*,*,#12459,.F.);
#15539 = ORIENTED_EDGE('',*,*,#15518,.F.);
#15540 = ADVANCED_FACE('',(#15541),#12329,.T.);
#15541 = FACE_BOUND('',#15542,.T.);
#15542 = EDGE_LOOP('',(#15543,#15544,#15545,#15546));
#15543 = ORIENTED_EDGE('',*,*,#15386,.T.);
#15544 = ORIENTED_EDGE('',*,*,#12313,.F.);
#15545 = ORIENTED_EDGE('',*,*,#15339,.T.);
#15546 = ORIENTED_EDGE('',*,*,#12761,.T.);
#15547 = ADVANCED_FACE('',(#15548),#12273,.T.);
#15548 = FACE_BOUND('',#15549,.T.);
#15549 = EDGE_LOOP('',(#15550,#15551,#15552,#15553));
#15550 = ORIENTED_EDGE('',*,*,#15294,.T.);
#15551 = ORIENTED_EDGE('',*,*,#12257,.F.);
#15552 = ORIENTED_EDGE('',*,*,#15247,.T.);
#15553 = ORIENTED_EDGE('',*,*,#12710,.T.);
#15554 = ADVANCED_FACE('',(#15555),#12805,.F.);
#15555 = FACE_BOUND('',#15556,.T.);
#15556 = EDGE_LOOP('',(#15557,#15558,#15579,#15580));
#15557 = ORIENTED_EDGE('',*,*,#12784,.T.);
#15558 = ORIENTED_EDGE('',*,*,#15559,.T.);
#15559 = EDGE_CURVE('',#12785,#13309,#15560,.T.);
#15560 = SEAM_CURVE('',#15561,(#15565,#15572),.PCURVE_S1.);
#15561 = LINE('',#15562,#15563);
#15562 = CARTESIAN_POINT('',(-30.,0.,55.));
#15563 = VECTOR('',#15564,1.);
#15564 = DIRECTION('',(0.,0.,1.));
#15565 = PCURVE('',#12805,#15566);
#15566 = DEFINITIONAL_REPRESENTATION('',(#15567),#15571);
#15567 = LINE('',#15568,#15569);
#15568 = CARTESIAN_POINT('',(-6.28318530718,0.));
#15569 = VECTOR('',#15570,1.);
#15570 = DIRECTION('',(-0.,-1.));
#15571 = ( GEOMETRIC_REPRESENTATION_CONTEXT(2) 
PARAMETRIC_REPRESENTATION_CONTEXT() REPRESENTATION_CONTEXT('2D SPACE',''
  ) );
#15572 = PCURVE('',#12805,#15573);
#15573 = DEFINITIONAL_REPRESENTATION('',(#15574),#15578);
#15574 = LINE('',#15575,#15576);
#15575 = CARTESIAN_POINT('',(-0.,0.));
#15576 = VECTOR('',#15577,1.);
#15577 = DIRECTION('',(-0.,-1.));
#15578 = ( GEOMETRIC_REPRESENTATION_CONTEXT(2) 
PARAMETRIC_REPRESENTATION_CONTEXT() REPRESENTATION_CONTEXT('2D SPACE',''
  ) );
#15579 = ORIENTED_EDGE('',*,*,#13308,.F.);
#15580 = ORIENTED_EDGE('',*,*,#15559,.F.);
#15581 = ADVANCED_FACE('',(#15582),#12840,.F.);
#15582 = FACE_BOUND('',#15583,.T.);
#15583 = EDGE_LOOP('',(#15584,#15585,#15606,#15607));
#15584 = ORIENTED_EDGE('',*,*,#12819,.T.);
#15585 = ORIENTED_EDGE('',*,*,#15586,.T.);
#15586 = EDGE_CURVE('',#12820,#13339,#15587,.T.);
#15587 = SEAM_CURVE('',#15588,(#15592,#15599),.PCURVE_S1.);
#15588 = LINE('',#15589,#15590);
#15589 = CARTESIAN_POINT('',(-5.,0.,55.));
#15590 = VECTOR('',#15591,1.);
#15591 = DIRECTION('',(0.,0.,1.));
#15592 = PCURVE('',#12840,#15593);
#15593 = DEFINITIONAL_REPRESENTATION('',(#15594),#15598);
#15594 = LINE('',#15595,#15596);
#15595 = CARTESIAN_POINT('',(-6.28318530718,0.));
#15596 = VECTOR('',#15597,1.);
#15597 = DIRECTION('',(-0.,-1.));
#15598 = ( GEOMETRIC_REPRESENTATION_CONTEXT(2) 
PARAMETRIC_REPRESENTATION_CONTEXT() REPRESENTATION_CONTEXT('2D SPACE',''
  ) );
#15599 = PCURVE('',#12840,#15600);
#15600 = DEFINITIONAL_REPRESENTATION('',(#15601),#15605);
#15601 = LINE('',#15602,#15603);
#15602 = CARTESIAN_POINT('',(-0.,0.));
#15603 = VECTOR('',#15604,1.);
#15604 = DIRECTION('',(-0.,-1.));
#15605 = ( GEOMETRIC_REPRESENTATION_CONTEXT(2) 
PARAMETRIC_REPRESENTATION_CONTEXT() REPRESENTATION_CONTEXT('2D SPACE',''
  ) );
#15606 = ORIENTED_EDGE('',*,*,#13338,.F.);
#15607 = ORIENTED_EDGE('',*,*,#15586,.F.);
#15608 = ADVANCED_FACE('',(#15609),#12875,.F.);
#15609 = FACE_BOUND('',#15610,.T.);
#15610 = EDGE_LOOP('',(#15611,#15612,#15633,#15634));
#15611 = ORIENTED_EDGE('',*,*,#12854,.T.);
#15612 = ORIENTED_EDGE('',*,*,#15613,.T.);
#15613 = EDGE_CURVE('',#12855,#13369,#15614,.T.);
#15614 = SEAM_CURVE('',#15615,(#15619,#15626),.PCURVE_S1.);
#15615 = LINE('',#15616,#15617);
#15616 = CARTESIAN_POINT('',(20.,0.,55.));
#15617 = VECTOR('',#15618,1.);
#15618 = DIRECTION('',(0.,0.,1.));
#15619 = PCURVE('',#12875,#15620);
#15620 = DEFINITIONAL_REPRESENTATION('',(#15621),#15625);
#15621 = LINE('',#15622,#15623);
#15622 = CARTESIAN_POINT('',(-6.28318530718,0.));
#15623 = VECTOR('',#15624,1.);
#15624 = DIRECTION('',(-0.,-1.));
#15625 = ( GEOMETRIC_REPRESENTATION_CONTEXT(2) 
PARAMETRIC_REPRESENTATION_CONTEXT() REPRESENTATION_CONTEXT('2D SPACE',''
  ) );
#15626 = PCURVE('',#12875,#15627);
#15627 = DEFINITIONAL_REPRESENTATION('',(#15628),#15632);
#15628 = LINE('',#15629,#15630);
#15629 = CARTESIAN_POINT('',(-0.,0.));
#15630 = VECTOR('',#15631,1.);
#15631 = DIRECTION('',(-0.,-1.));
#15632 = ( GEOMETRIC_REPRESENTATION_CONTEXT(2) 
PARAMETRIC_REPRESENTATION_CONTEXT() REPRESENTATION_CONTEXT('2D SPACE',''
  ) );
#15633 = ORIENTED_EDGE('',*,*,#13368,.F.);
#15634 = ORIENTED_EDGE('',*,*,#15613,.F.);
#15635 = ADVANCED_FACE('',(#15636),#12910,.F.);
#15636 = FACE_BOUND('',#15637,.T.);
#15637 = EDGE_LOOP('',(#15638,#15639,#15660,#15661));
#15638 = ORIENTED_EDGE('',*,*,#12889,.T.);
#15639 = ORIENTED_EDGE('',*,*,#15640,.T.);
#15640 = EDGE_CURVE('',#12890,#13399,#15641,.T.);
#15641 = SEAM_CURVE('',#15642,(#15646,#15653),.PCURVE_S1.);
#15642 = LINE('',#15643,#15644);
#15643 = CARTESIAN_POINT('',(45.,0.,55.));
#15644 = VECTOR('',#15645,1.);
#15645 = DIRECTION('',(0.,0.,1.));
#15646 = PCURVE('',#12910,#15647);
#15647 = DEFINITIONAL_REPRESENTATION('',(#15648),#15652);
#15648 = LINE('',#15649,#15650);
#15649 = CARTESIAN_POINT('',(-6.28318530718,0.));
#15650 = VECTOR('',#15651,1.);
#15651 = DIRECTION('',(-0.,-1.));
#15652 = ( GEOMETRIC_REPRESENTATION_CONTEXT(2) 
PARAMETRIC_REPRESENTATION_CONTEXT() REPRESENTATION_CONTEXT('2D SPACE',''
  ) );
#15653 = PCURVE('',#12910,#15654);
#15654 = DEFINITIONAL_REPRESENTATION('',(#15655),#15659);
#15655 = LINE('',#15656,#15657);
#15656 = CARTESIAN_POINT('',(-0.,0.));
#15657 = VECTOR('',#15658,1.);
#15658 = DIRECTION('',(-0.,-1.));
#15659 = ( GEOMETRIC_REPRESENTATION_CONTEXT(2) 
PARAMETRIC_REPRESENTATION_CONTEXT() REPRESENTATION_CONTEXT('2D SPACE',''
  ) );
#15660 = ORIENTED_EDGE('',*,*,#13398,.F.);
#15661 = ORIENTED_EDGE('',*,*,#15640,.F.);
#15662 = ADVANCED_FACE('',(#15663),#12945,.F.);
#15663 = FACE_BOUND('',#15664,.T.);
#15664 = EDGE_LOOP('',(#15665,#15666,#15687,#15707,#15728,#15729,#15730,
    #15731,#15732,#15733));
#15665 = ORIENTED_EDGE('',*,*,#12924,.T.);
#15666 = ORIENTED_EDGE('',*,*,#15667,.T.);
#15667 = EDGE_CURVE('',#12925,#13163,#15668,.T.);
#15668 = SEAM_CURVE('',#15669,(#15673,#15680),.PCURVE_S1.);
#15669 = LINE('',#15670,#15671);
#15670 = CARTESIAN_POINT('',(-17.5,25.,55.));
#15671 = VECTOR('',#15672,1.);
#15672 = DIRECTION('',(0.,0.,1.));
#15673 = PCURVE('',#12945,#15674);
#15674 = DEFINITIONAL_REPRESENTATION('',(#15675),#15679);
#15675 = LINE('',#15676,#15677);
#15676 = CARTESIAN_POINT('',(-6.28318530718,0.));
#15677 = VECTOR('',#15678,1.);
#15678 = DIRECTION('',(-0.,-1.));
#15679 = ( GEOMETRIC_REPRESENTATION_CONTEXT(2) 
PARAMETRIC_REPRESENTATION_CONTEXT() REPRESENTATION_CONTEXT('2D SPACE',''
  ) );
#15680 = PCURVE('',#12945,#15681);
#15681 = DEFINITIONAL_REPRESENTATION('',(#15682),#15686);
#15682 = LINE('',#15683,#15684);
#15683 = CARTESIAN_POINT('',(-0.,0.));
#15684 = VECTOR('',#15685,1.);
#15685 = DIRECTION('',(-0.,-1.));
#15686 = ( GEOMETRIC_REPRESENTATION_CONTEXT(2) 
PARAMETRIC_REPRESENTATION_CONTEXT() REPRESENTATION_CONTEXT('2D SPACE',''
  ) );
#15687 = ORIENTED_EDGE('',*,*,#15688,.T.);
#15688 = EDGE_CURVE('',#13163,#13582,#15689,.T.);
#15689 = SURFACE_CURVE('',#15690,(#15694,#15700),.PCURVE_S1.);
#15690 = LINE('',#15691,#15692);
#15691 = CARTESIAN_POINT('',(-17.5,25.,55.));
#15692 = VECTOR('',#15693,1.);
#15693 = DIRECTION('',(0.,0.,1.));
#15694 = PCURVE('',#12945,#15695);
#15695 = DEFINITIONAL_REPRESENTATION('',(#15696),#15699);
#15696 = B_SPLINE_CURVE_WITH_KNOTS('',1,(#15697,#15698),.UNSPECIFIED.,
  .F.,.F.,(2,2),(312.,322.),.PIECEWISE_BEZIER_KNOTS.);
#15697 = CARTESIAN_POINT('',(0.,-312.));
#15698 = CARTESIAN_POINT('',(0.,-322.));
#15699 = ( GEOMETRIC_REPRESENTATION_CONTEXT(2) 
PARAMETRIC_REPRESENTATION_CONTEXT() REPRESENTATION_CONTEXT('2D SPACE',''
  ) );
#15700 = PCURVE('',#13178,#15701);
#15701 = DEFINITIONAL_REPRESENTATION('',(#15702),#15706);
#15702 = LINE('',#15703,#15704);
#15703 = CARTESIAN_POINT('',(67.5,312.));
#15704 = VECTOR('',#15705,1.);
#15705 = DIRECTION('',(0.,-1.));
#15706 = ( GEOMETRIC_REPRESENTATION_CONTEXT(2) 
PARAMETRIC_REPRESENTATION_CONTEXT() REPRESENTATION_CONTEXT('2D SPACE',''
  ) );
#15707 = ORIENTED_EDGE('',*,*,#15708,.T.);
#15708 = EDGE_CURVE('',#13582,#14034,#15709,.T.);
#15709 = SEAM_CURVE('',#15710,(#15714,#15721),.PCURVE_S1.);
#15710 = LINE('',#15711,#15712);
#15711 = CARTESIAN_POINT('',(-17.5,25.,55.));
#15712 = VECTOR('',#15713,1.);
#15713 = DIRECTION('',(0.,0.,1.));
#15714 = PCURVE('',#12945,#15715);
#15715 = DEFINITIONAL_REPRESENTATION('',(#15716),#15720);
#15716 = LINE('',#15717,#15718);
#15717 = CARTESIAN_POINT('',(-6.28318530718,0.));
#15718 = VECTOR('',#15719,1.);
#15719 = DIRECTION('',(-0.,-1.));
#15720 = ( GEOMETRIC_REPRESENTATION_CONTEXT(2) 
PARAMETRIC_REPRESENTATION_CONTEXT() REPRESENTATION_CONTEXT('2D SPACE',''
  ) );
#15721 = PCURVE('',#12945,#15722);
#15722 = DEFINITIONAL_REPRESENTATION('',(#15723),#15727);
#15723 = LINE('',#15724,#15725);
#15724 = CARTESIAN_POINT('',(-0.,0.));
#15725 = VECTOR('',#15726,1.);
#15726 = DIRECTION('',(-0.,-1.));
#15727 = ( GEOMETRIC_REPRESENTATION_CONTEXT(2) 
PARAMETRIC_REPRESENTATION_CONTEXT() REPRESENTATION_CONTEXT('2D SPACE',''
  ) );
#15728 = ORIENTED_EDGE('',*,*,#14033,.F.);
#15729 = ORIENTED_EDGE('',*,*,#15708,.F.);
#15730 = ORIENTED_EDGE('',*,*,#13604,.T.);
#15731 = ORIENTED_EDGE('',*,*,#13430,.T.);
#15732 = ORIENTED_EDGE('',*,*,#13190,.F.);
#15733 = ORIENTED_EDGE('',*,*,#15667,.F.);
#15734 = ADVANCED_FACE('',(#15735),#12980,.F.);
#15735 = FACE_BOUND('',#15736,.T.);
#15736 = EDGE_LOOP('',(#15737,#15738,#15759,#15779,#15800,#15801,#15802,
    #15803,#15824,#15825));
#15737 = ORIENTED_EDGE('',*,*,#12959,.T.);
#15738 = ORIENTED_EDGE('',*,*,#15739,.T.);
#15739 = EDGE_CURVE('',#12960,#13107,#15740,.T.);
#15740 = SEAM_CURVE('',#15741,(#15745,#15752),.PCURVE_S1.);
#15741 = LINE('',#15742,#15743);
#15742 = CARTESIAN_POINT('',(7.5,25.,55.));
#15743 = VECTOR('',#15744,1.);
#15744 = DIRECTION('',(0.,0.,1.));
#15745 = PCURVE('',#12980,#15746);
#15746 = DEFINITIONAL_REPRESENTATION('',(#15747),#15751);
#15747 = LINE('',#15748,#15749);
#15748 = CARTESIAN_POINT('',(-6.28318530718,0.));
#15749 = VECTOR('',#15750,1.);
#15750 = DIRECTION('',(-0.,-1.));
#15751 = ( GEOMETRIC_REPRESENTATION_CONTEXT(2) 
PARAMETRIC_REPRESENTATION_CONTEXT() REPRESENTATION_CONTEXT('2D SPACE',''
  ) );
#15752 = PCURVE('',#12980,#15753);
#15753 = DEFINITIONAL_REPRESENTATION('',(#15754),#15758);
#15754 = LINE('',#15755,#15756);
#15755 = CARTESIAN_POINT('',(-0.,0.));
#15756 = VECTOR('',#15757,1.);
#15757 = DIRECTION('',(-0.,-1.));
#15758 = ( GEOMETRIC_REPRESENTATION_CONTEXT(2) 
PARAMETRIC_REPRESENTATION_CONTEXT() REPRESENTATION_CONTEXT('2D SPACE',''
  ) );
#15759 = ORIENTED_EDGE('',*,*,#15760,.T.);
#15760 = EDGE_CURVE('',#13107,#13531,#15761,.T.);
#15761 = SURFACE_CURVE('',#15762,(#15766,#15772),.PCURVE_S1.);
#15762 = LINE('',#15763,#15764);
#15763 = CARTESIAN_POINT('',(7.5,25.,55.));
#15764 = VECTOR('',#15765,1.);
#15765 = DIRECTION('',(0.,0.,1.));
#15766 = PCURVE('',#12980,#15767);
#15767 = DEFINITIONAL_REPRESENTATION('',(#15768),#15771);
#15768 = B_SPLINE_CURVE_WITH_KNOTS('',1,(#15769,#15770),.UNSPECIFIED.,
  .F.,.F.,(2,2),(312.,322.),.PIECEWISE_BEZIER_KNOTS.);
#15769 = CARTESIAN_POINT('',(0.,-312.));
#15770 = CARTESIAN_POINT('',(0.,-322.));
#15771 = ( GEOMETRIC_REPRESENTATION_CONTEXT(2) 
PARAMETRIC_REPRESENTATION_CONTEXT() REPRESENTATION_CONTEXT('2D SPACE',''
  ) );
#15772 = PCURVE('',#13122,#15773);
#15773 = DEFINITIONAL_REPRESENTATION('',(#15774),#15778);
#15774 = LINE('',#15775,#15776);
#15775 = CARTESIAN_POINT('',(42.5,312.));
#15776 = VECTOR('',#15777,1.);
#15777 = DIRECTION('',(0.,-1.));
#15778 = ( GEOMETRIC_REPRESENTATION_CONTEXT(2) 
PARAMETRIC_REPRESENTATION_CONTEXT() REPRESENTATION_CONTEXT('2D SPACE',''
  ) );
#15779 = ORIENTED_EDGE('',*,*,#15780,.T.);
#15780 = EDGE_CURVE('',#13531,#14124,#15781,.T.);
#15781 = SEAM_CURVE('',#15782,(#15786,#15793),.PCURVE_S1.);
#15782 = LINE('',#15783,#15784);
#15783 = CARTESIAN_POINT('',(7.5,25.,55.));
#15784 = VECTOR('',#15785,1.);
#15785 = DIRECTION('',(0.,0.,1.));
#15786 = PCURVE('',#12980,#15787);
#15787 = DEFINITIONAL_REPRESENTATION('',(#15788),#15792);
#15788 = LINE('',#15789,#15790);
#15789 = CARTESIAN_POINT('',(-6.28318530718,0.));
#15790 = VECTOR('',#15791,1.);
#15791 = DIRECTION('',(-0.,-1.));
#15792 = ( GEOMETRIC_REPRESENTATION_CONTEXT(2) 
PARAMETRIC_REPRESENTATION_CONTEXT() REPRESENTATION_CONTEXT('2D SPACE',''
  ) );
#15793 = PCURVE('',#12980,#15794);
#15794 = DEFINITIONAL_REPRESENTATION('',(#15795),#15799);
#15795 = LINE('',#15796,#15797);
#15796 = CARTESIAN_POINT('',(-0.,0.));
#15797 = VECTOR('',#15798,1.);
#15798 = DIRECTION('',(-0.,-1.));
#15799 = ( GEOMETRIC_REPRESENTATION_CONTEXT(2) 
PARAMETRIC_REPRESENTATION_CONTEXT() REPRESENTATION_CONTEXT('2D SPACE',''
  ) );
#15800 = ORIENTED_EDGE('',*,*,#14123,.F.);
#15801 = ORIENTED_EDGE('',*,*,#15780,.F.);
#15802 = ORIENTED_EDGE('',*,*,#13553,.T.);
#15803 = ORIENTED_EDGE('',*,*,#15804,.T.);
#15804 = EDGE_CURVE('',#13554,#13135,#15805,.T.);
#15805 = SURFACE_CURVE('',#15806,(#15810,#15817),.PCURVE_S1.);
#15806 = LINE('',#15807,#15808);
#15807 = CARTESIAN_POINT('',(-7.5,25.,55.));
#15808 = VECTOR('',#15809,1.);
#15809 = DIRECTION('',(-0.,-0.,-1.));
#15810 = PCURVE('',#12980,#15811);
#15811 = DEFINITIONAL_REPRESENTATION('',(#15812),#15816);
#15812 = LINE('',#15813,#15814);
#15813 = CARTESIAN_POINT('',(-3.14159265359,0.));
#15814 = VECTOR('',#15815,1.);
#15815 = DIRECTION('',(-0.,1.));
#15816 = ( GEOMETRIC_REPRESENTATION_CONTEXT(2) 
PARAMETRIC_REPRESENTATION_CONTEXT() REPRESENTATION_CONTEXT('2D SPACE',''
  ) );
#15817 = PCURVE('',#13178,#15818);
#15818 = DEFINITIONAL_REPRESENTATION('',(#15819),#15823);
#15819 = LINE('',#15820,#15821);
#15820 = CARTESIAN_POINT('',(57.5,312.));
#15821 = VECTOR('',#15822,1.);
#15822 = DIRECTION('',(0.,1.));
#15823 = ( GEOMETRIC_REPRESENTATION_CONTEXT(2) 
PARAMETRIC_REPRESENTATION_CONTEXT() REPRESENTATION_CONTEXT('2D SPACE',''
  ) );
#15824 = ORIENTED_EDGE('',*,*,#13134,.F.);
#15825 = ORIENTED_EDGE('',*,*,#15739,.F.);
#15826 = ADVANCED_FACE('',(#15827),#13015,.F.);
#15827 = FACE_BOUND('',#15828,.T.);
#15828 = EDGE_LOOP('',(#15829,#15830,#15851,#15852,#15873,#15874,#15875,
    #15876,#15897,#15898));
#15829 = ORIENTED_EDGE('',*,*,#12994,.T.);
#15830 = ORIENTED_EDGE('',*,*,#15831,.T.);
#15831 = EDGE_CURVE('',#12995,#13056,#15832,.T.);
#15832 = SEAM_CURVE('',#15833,(#15837,#15844),.PCURVE_S1.);
#15833 = LINE('',#15834,#15835);
#15834 = CARTESIAN_POINT('',(32.5,25.,55.));
#15835 = VECTOR('',#15836,1.);
#15836 = DIRECTION('',(0.,0.,1.));
#15837 = PCURVE('',#13015,#15838);
#15838 = DEFINITIONAL_REPRESENTATION('',(#15839),#15843);
#15839 = LINE('',#15840,#15841);
#15840 = CARTESIAN_POINT('',(-6.28318530718,0.));
#15841 = VECTOR('',#15842,1.);
#15842 = DIRECTION('',(-0.,-1.));
#15843 = ( GEOMETRIC_REPRESENTATION_CONTEXT(2) 
PARAMETRIC_REPRESENTATION_CONTEXT() REPRESENTATION_CONTEXT('2D SPACE',''
  ) );
#15844 = PCURVE('',#13015,#15845);
#15845 = DEFINITIONAL_REPRESENTATION('',(#15846),#15850);
#15846 = LINE('',#15847,#15848);
#15847 = CARTESIAN_POINT('',(-0.,0.));
#15848 = VECTOR('',#15849,1.);
#15849 = DIRECTION('',(-0.,-1.));
#15850 = ( GEOMETRIC_REPRESENTATION_CONTEXT(2) 
PARAMETRIC_REPRESENTATION_CONTEXT() REPRESENTATION_CONTEXT('2D SPACE',''
  ) );
#15851 = ORIENTED_EDGE('',*,*,#14187,.T.);
#15852 = ORIENTED_EDGE('',*,*,#15853,.T.);
#15853 = EDGE_CURVE('',#13480,#14154,#15854,.T.);
#15854 = SEAM_CURVE('',#15855,(#15859,#15866),.PCURVE_S1.);
#15855 = LINE('',#15856,#15857);
#15856 = CARTESIAN_POINT('',(32.5,25.,55.));
#15857 = VECTOR('',#15858,1.);
#15858 = DIRECTION('',(0.,0.,1.));
#15859 = PCURVE('',#13015,#15860);
#15860 = DEFINITIONAL_REPRESENTATION('',(#15861),#15865);
#15861 = LINE('',#15862,#15863);
#15862 = CARTESIAN_POINT('',(-6.28318530718,0.));
#15863 = VECTOR('',#15864,1.);
#15864 = DIRECTION('',(-0.,-1.));
#15865 = ( GEOMETRIC_REPRESENTATION_CONTEXT(2) 
PARAMETRIC_REPRESENTATION_CONTEXT() REPRESENTATION_CONTEXT('2D SPACE',''
  ) );
#15866 = PCURVE('',#13015,#15867);
#15867 = DEFINITIONAL_REPRESENTATION('',(#15868),#15872);
#15868 = LINE('',#15869,#15870);
#15869 = CARTESIAN_POINT('',(-0.,0.));
#15870 = VECTOR('',#15871,1.);
#15871 = DIRECTION('',(-0.,-1.));
#15872 = ( GEOMETRIC_REPRESENTATION_CONTEXT(2) 
PARAMETRIC_REPRESENTATION_CONTEXT() REPRESENTATION_CONTEXT('2D SPACE',''
  ) );
#15873 = ORIENTED_EDGE('',*,*,#14153,.F.);
#15874 = ORIENTED_EDGE('',*,*,#15853,.F.);
#15875 = ORIENTED_EDGE('',*,*,#13502,.T.);
#15876 = ORIENTED_EDGE('',*,*,#15877,.T.);
#15877 = EDGE_CURVE('',#13503,#13079,#15878,.T.);
#15878 = SURFACE_CURVE('',#15879,(#15883,#15890),.PCURVE_S1.);
#15879 = LINE('',#15880,#15881);
#15880 = CARTESIAN_POINT('',(17.5,25.,55.));
#15881 = VECTOR('',#15882,1.);
#15882 = DIRECTION('',(-0.,-0.,-1.));
#15883 = PCURVE('',#13015,#15884);
#15884 = DEFINITIONAL_REPRESENTATION('',(#15885),#15889);
#15885 = LINE('',#15886,#15887);
#15886 = CARTESIAN_POINT('',(-3.14159265359,0.));
#15887 = VECTOR('',#15888,1.);
#15888 = DIRECTION('',(-0.,1.));
#15889 = ( GEOMETRIC_REPRESENTATION_CONTEXT(2) 
PARAMETRIC_REPRESENTATION_CONTEXT() REPRESENTATION_CONTEXT('2D SPACE',''
  ) );
#15890 = PCURVE('',#13122,#15891);
#15891 = DEFINITIONAL_REPRESENTATION('',(#15892),#15896);
#15892 = LINE('',#15893,#15894);
#15893 = CARTESIAN_POINT('',(32.5,312.));
#15894 = VECTOR('',#15895,1.);
#15895 = DIRECTION('',(0.,1.));
#15896 = ( GEOMETRIC_REPRESENTATION_CONTEXT(2) 
PARAMETRIC_REPRESENTATION_CONTEXT() REPRESENTATION_CONTEXT('2D SPACE',''
  ) );
#15897 = ORIENTED_EDGE('',*,*,#13078,.F.);
#15898 = ORIENTED_EDGE('',*,*,#15831,.F.);
#15899 = ADVANCED_FACE('',(#15900),#13178,.T.);
#15900 = FACE_BOUND('',#15901,.T.);
#15901 = EDGE_LOOP('',(#15902,#15903,#15904,#15905));
#15902 = ORIENTED_EDGE('',*,*,#13162,.F.);
#15903 = ORIENTED_EDGE('',*,*,#15804,.F.);
#15904 = ORIENTED_EDGE('',*,*,#13581,.T.);
#15905 = ORIENTED_EDGE('',*,*,#15688,.F.);
#15906 = ADVANCED_FACE('',(#15907),#13122,.T.);
#15907 = FACE_BOUND('',#15908,.T.);
#15908 = EDGE_LOOP('',(#15909,#15910,#15911,#15912));
#15909 = ORIENTED_EDGE('',*,*,#13106,.F.);
#15910 = ORIENTED_EDGE('',*,*,#15877,.F.);
#15911 = ORIENTED_EDGE('',*,*,#13530,.T.);
#15912 = ORIENTED_EDGE('',*,*,#15760,.F.);
#15913 = ADVANCED_FACE('',(#15914),#13655,.F.);
#15914 = FACE_BOUND('',#15915,.T.);
#15915 = EDGE_LOOP('',(#15916,#15917,#15938,#15939));
#15916 = ORIENTED_EDGE('',*,*,#13634,.T.);
#15917 = ORIENTED_EDGE('',*,*,#15918,.T.);
#15918 = EDGE_CURVE('',#13635,#13884,#15919,.T.);
#15919 = SEAM_CURVE('',#15920,(#15924,#15931),.PCURVE_S1.);
#15920 = LINE('',#15921,#15922);
#15921 = CARTESIAN_POINT('',(-17.5,-25.,55.));
#15922 = VECTOR('',#15923,1.);
#15923 = DIRECTION('',(0.,0.,1.));
#15924 = PCURVE('',#13655,#15925);
#15925 = DEFINITIONAL_REPRESENTATION('',(#15926),#15930);
#15926 = LINE('',#15927,#15928);
#15927 = CARTESIAN_POINT('',(-6.28318530718,0.));
#15928 = VECTOR('',#15929,1.);
#15929 = DIRECTION('',(-0.,-1.));
#15930 = ( GEOMETRIC_REPRESENTATION_CONTEXT(2) 
PARAMETRIC_REPRESENTATION_CONTEXT() REPRESENTATION_CONTEXT('2D SPACE',''
  ) );
#15931 = PCURVE('',#13655,#15932);
#15932 = DEFINITIONAL_REPRESENTATION('',(#15933),#15937);
#15933 = LINE('',#15934,#15935);
#15934 = CARTESIAN_POINT('',(-0.,0.));
#15935 = VECTOR('',#15936,1.);
#15936 = DIRECTION('',(-0.,-1.));
#15937 = ( GEOMETRIC_REPRESENTATION_CONTEXT(2) 
PARAMETRIC_REPRESENTATION_CONTEXT() REPRESENTATION_CONTEXT('2D SPACE',''
  ) );
#15938 = ORIENTED_EDGE('',*,*,#13883,.F.);
#15939 = ORIENTED_EDGE('',*,*,#15918,.F.);
#15940 = ADVANCED_FACE('',(#15941),#13690,.F.);
#15941 = FACE_BOUND('',#15942,.T.);
#15942 = EDGE_LOOP('',(#15943,#15944,#15965,#15966));
#15943 = ORIENTED_EDGE('',*,*,#13669,.T.);
#15944 = ORIENTED_EDGE('',*,*,#15945,.T.);
#15945 = EDGE_CURVE('',#13670,#13914,#15946,.T.);
#15946 = SEAM_CURVE('',#15947,(#15951,#15958),.PCURVE_S1.);
#15947 = LINE('',#15948,#15949);
#15948 = CARTESIAN_POINT('',(7.5,-25.,55.));
#15949 = VECTOR('',#15950,1.);
#15950 = DIRECTION('',(0.,0.,1.));
#15951 = PCURVE('',#13690,#15952);
#15952 = DEFINITIONAL_REPRESENTATION('',(#15953),#15957);
#15953 = LINE('',#15954,#15955);
#15954 = CARTESIAN_POINT('',(-6.28318530718,0.));
#15955 = VECTOR('',#15956,1.);
#15956 = DIRECTION('',(-0.,-1.));
#15957 = ( GEOMETRIC_REPRESENTATION_CONTEXT(2) 
PARAMETRIC_REPRESENTATION_CONTEXT() REPRESENTATION_CONTEXT('2D SPACE',''
  ) );
#15958 = PCURVE('',#13690,#15959);
#15959 = DEFINITIONAL_REPRESENTATION('',(#15960),#15964);
#15960 = LINE('',#15961,#15962);
#15961 = CARTESIAN_POINT('',(-0.,0.));
#15962 = VECTOR('',#15963,1.);
#15963 = DIRECTION('',(-0.,-1.));
#15964 = ( GEOMETRIC_REPRESENTATION_CONTEXT(2) 
PARAMETRIC_REPRESENTATION_CONTEXT() REPRESENTATION_CONTEXT('2D SPACE',''
  ) );
#15965 = ORIENTED_EDGE('',*,*,#13913,.F.);
#15966 = ORIENTED_EDGE('',*,*,#15945,.F.);
#15967 = ADVANCED_FACE('',(#15968),#13725,.F.);
#15968 = FACE_BOUND('',#15969,.T.);
#15969 = EDGE_LOOP('',(#15970,#15971,#15992,#15993));
#15970 = ORIENTED_EDGE('',*,*,#13704,.T.);
#15971 = ORIENTED_EDGE('',*,*,#15972,.T.);
#15972 = EDGE_CURVE('',#13705,#13944,#15973,.T.);
#15973 = SEAM_CURVE('',#15974,(#15978,#15985),.PCURVE_S1.);
#15974 = LINE('',#15975,#15976);
#15975 = CARTESIAN_POINT('',(32.5,-25.,55.));
#15976 = VECTOR('',#15977,1.);
#15977 = DIRECTION('',(0.,0.,1.));
#15978 = PCURVE('',#13725,#15979);
#15979 = DEFINITIONAL_REPRESENTATION('',(#15980),#15984);
#15980 = LINE('',#15981,#15982);
#15981 = CARTESIAN_POINT('',(-6.28318530718,0.));
#15982 = VECTOR('',#15983,1.);
#15983 = DIRECTION('',(-0.,-1.));
#15984 = ( GEOMETRIC_REPRESENTATION_CONTEXT(2) 
PARAMETRIC_REPRESENTATION_CONTEXT() REPRESENTATION_CONTEXT('2D SPACE',''
  ) );
#15985 = PCURVE('',#13725,#15986);
#15986 = DEFINITIONAL_REPRESENTATION('',(#15987),#15991);
#15987 = LINE('',#15988,#15989);
#15988 = CARTESIAN_POINT('',(-0.,0.));
#15989 = VECTOR('',#15990,1.);
#15990 = DIRECTION('',(-0.,-1.));
#15991 = ( GEOMETRIC_REPRESENTATION_CONTEXT(2) 
PARAMETRIC_REPRESENTATION_CONTEXT() REPRESENTATION_CONTEXT('2D SPACE',''
  ) );
#15992 = ORIENTED_EDGE('',*,*,#13943,.F.);
#15993 = ORIENTED_EDGE('',*,*,#15972,.F.);
#15994 = ADVANCED_FACE('',(#15995),#13760,.F.);
#15995 = FACE_BOUND('',#15996,.T.);
#15996 = EDGE_LOOP('',(#15997,#15998,#16019,#16020));
#15997 = ORIENTED_EDGE('',*,*,#13739,.T.);
#15998 = ORIENTED_EDGE('',*,*,#15999,.T.);
#15999 = EDGE_CURVE('',#13740,#13974,#16000,.T.);
#16000 = SEAM_CURVE('',#16001,(#16005,#16012),.PCURVE_S1.);
#16001 = LINE('',#16002,#16003);
#16002 = CARTESIAN_POINT('',(-30.,0.,55.));
#16003 = VECTOR('',#16004,1.);
#16004 = DIRECTION('',(0.,0.,1.));
#16005 = PCURVE('',#13760,#16006);
#16006 = DEFINITIONAL_REPRESENTATION('',(#16007),#16011);
#16007 = LINE('',#16008,#16009);
#16008 = CARTESIAN_POINT('',(-6.28318530718,0.));
#16009 = VECTOR('',#16010,1.);
#16010 = DIRECTION('',(-0.,-1.));
#16011 = ( GEOMETRIC_REPRESENTATION_CONTEXT(2) 
PARAMETRIC_REPRESENTATION_CONTEXT() REPRESENTATION_CONTEXT('2D SPACE',''
  ) );
#16012 = PCURVE('',#13760,#16013);
#16013 = DEFINITIONAL_REPRESENTATION('',(#16014),#16018);
#16014 = LINE('',#16015,#16016);
#16015 = CARTESIAN_POINT('',(-0.,0.));
#16016 = VECTOR('',#16017,1.);
#16017 = DIRECTION('',(-0.,-1.));
#16018 = ( GEOMETRIC_REPRESENTATION_CONTEXT(2) 
PARAMETRIC_REPRESENTATION_CONTEXT() REPRESENTATION_CONTEXT('2D SPACE',''
  ) );
#16019 = ORIENTED_EDGE('',*,*,#13973,.F.);
#16020 = ORIENTED_EDGE('',*,*,#15999,.F.);
#16021 = ADVANCED_FACE('',(#16022),#13795,.F.);
#16022 = FACE_BOUND('',#16023,.T.);
#16023 = EDGE_LOOP('',(#16024,#16025,#16046,#16047));
#16024 = ORIENTED_EDGE('',*,*,#13774,.T.);
#16025 = ORIENTED_EDGE('',*,*,#16026,.T.);
#16026 = EDGE_CURVE('',#13775,#14004,#16027,.T.);
#16027 = SEAM_CURVE('',#16028,(#16032,#16039),.PCURVE_S1.);
#16028 = LINE('',#16029,#16030);
#16029 = CARTESIAN_POINT('',(-5.,0.,55.));
#16030 = VECTOR('',#16031,1.);
#16031 = DIRECTION('',(0.,0.,1.));
#16032 = PCURVE('',#13795,#16033);
#16033 = DEFINITIONAL_REPRESENTATION('',(#16034),#16038);
#16034 = LINE('',#16035,#16036);
#16035 = CARTESIAN_POINT('',(-6.28318530718,0.));
#16036 = VECTOR('',#16037,1.);
#16037 = DIRECTION('',(-0.,-1.));
#16038 = ( GEOMETRIC_REPRESENTATION_CONTEXT(2) 
PARAMETRIC_REPRESENTATION_CONTEXT() REPRESENTATION_CONTEXT('2D SPACE',''
  ) );
#16039 = PCURVE('',#13795,#16040);
#16040 = DEFINITIONAL_REPRESENTATION('',(#16041),#16045);
#16041 = LINE('',#16042,#16043);
#16042 = CARTESIAN_POINT('',(-0.,0.));
#16043 = VECTOR('',#16044,1.);
#16044 = DIRECTION('',(-0.,-1.));
#16045 = ( GEOMETRIC_REPRESENTATION_CONTEXT(2) 
PARAMETRIC_REPRESENTATION_CONTEXT() REPRESENTATION_CONTEXT('2D SPACE',''
  ) );
#16046 = ORIENTED_EDGE('',*,*,#14003,.F.);
#16047 = ORIENTED_EDGE('',*,*,#16026,.F.);
#16048 = ADVANCED_FACE('',(#16049),#13830,.F.);
#16049 = FACE_BOUND('',#16050,.T.);
#16050 = EDGE_LOOP('',(#16051,#16052,#16073,#16074));
#16051 = ORIENTED_EDGE('',*,*,#13809,.T.);
#16052 = ORIENTED_EDGE('',*,*,#16053,.T.);
#16053 = EDGE_CURVE('',#13810,#14064,#16054,.T.);
#16054 = SEAM_CURVE('',#16055,(#16059,#16066),.PCURVE_S1.);
#16055 = LINE('',#16056,#16057);
#16056 = CARTESIAN_POINT('',(20.,0.,55.));
#16057 = VECTOR('',#16058,1.);
#16058 = DIRECTION('',(0.,0.,1.));
#16059 = PCURVE('',#13830,#16060);
#16060 = DEFINITIONAL_REPRESENTATION('',(#16061),#16065);
#16061 = LINE('',#16062,#16063);
#16062 = CARTESIAN_POINT('',(-6.28318530718,0.));
#16063 = VECTOR('',#16064,1.);
#16064 = DIRECTION('',(-0.,-1.));
#16065 = ( GEOMETRIC_REPRESENTATION_CONTEXT(2) 
PARAMETRIC_REPRESENTATION_CONTEXT() REPRESENTATION_CONTEXT('2D SPACE',''
  ) );
#16066 = PCURVE('',#13830,#16067);
#16067 = DEFINITIONAL_REPRESENTATION('',(#16068),#16072);
#16068 = LINE('',#16069,#16070);
#16069 = CARTESIAN_POINT('',(-0.,0.));
#16070 = VECTOR('',#16071,1.);
#16071 = DIRECTION('',(-0.,-1.));
#16072 = ( GEOMETRIC_REPRESENTATION_CONTEXT(2) 
PARAMETRIC_REPRESENTATION_CONTEXT() REPRESENTATION_CONTEXT('2D SPACE',''
  ) );
#16073 = ORIENTED_EDGE('',*,*,#14063,.F.);
#16074 = ORIENTED_EDGE('',*,*,#16053,.F.);
#16075 = ADVANCED_FACE('',(#16076),#13865,.F.);
#16076 = FACE_BOUND('',#16077,.T.);
#16077 = EDGE_LOOP('',(#16078,#16079,#16100,#16101));
#16078 = ORIENTED_EDGE('',*,*,#13844,.T.);
#16079 = ORIENTED_EDGE('',*,*,#16080,.T.);
#16080 = EDGE_CURVE('',#13845,#14094,#16081,.T.);
#16081 = SEAM_CURVE('',#16082,(#16086,#16093),.PCURVE_S1.);
#16082 = LINE('',#16083,#16084);
#16083 = CARTESIAN_POINT('',(45.,0.,55.));
#16084 = VECTOR('',#16085,1.);
#16085 = DIRECTION('',(0.,0.,1.));
#16086 = PCURVE('',#13865,#16087);
#16087 = DEFINITIONAL_REPRESENTATION('',(#16088),#16092);
#16088 = LINE('',#16089,#16090);
#16089 = CARTESIAN_POINT('',(-6.28318530718,0.));
#16090 = VECTOR('',#16091,1.);
#16091 = DIRECTION('',(-0.,-1.));
#16092 = ( GEOMETRIC_REPRESENTATION_CONTEXT(2) 
PARAMETRIC_REPRESENTATION_CONTEXT() REPRESENTATION_CONTEXT('2D SPACE',''
  ) );
#16093 = PCURVE('',#13865,#16094);
#16094 = DEFINITIONAL_REPRESENTATION('',(#16095),#16099);
#16095 = LINE('',#16096,#16097);
#16096 = CARTESIAN_POINT('',(-0.,0.));
#16097 = VECTOR('',#16098,1.);
#16098 = DIRECTION('',(-0.,-1.));
#16099 = ( GEOMETRIC_REPRESENTATION_CONTEXT(2) 
PARAMETRIC_REPRESENTATION_CONTEXT() REPRESENTATION_CONTEXT('2D SPACE',''
  ) );
#16100 = ORIENTED_EDGE('',*,*,#14093,.F.);
#16101 = ORIENTED_EDGE('',*,*,#16080,.F.);
#16102 = ADVANCED_FACE('',(#16103),#14329,.T.);
#16103 = FACE_BOUND('',#16104,.T.);
#16104 = EDGE_LOOP('',(#16105));
#16105 = ORIENTED_EDGE('',*,*,#14314,.T.);
#16106 = ADVANCED_FACE('',(#16107),#14384,.T.);
#16107 = FACE_BOUND('',#16108,.T.);
#16108 = EDGE_LOOP('',(#16109));
#16109 = ORIENTED_EDGE('',*,*,#14369,.T.);
#16110 = ( GEOMETRIC_REPRESENTATION_CONTEXT(3) 
GLOBAL_UNCERTAINTY_ASSIGNED_CONTEXT((#16114)) 
GLOBAL_UNIT_ASSIGNED_CONTEXT((#16111,#16112,#16113)) 
REPRESENTATION_CONTEXT('Context #1',
  '3D Context with UNIT and UNCERTAINTY') );
#16111 = ( LENGTH_UNIT() NAMED_UNIT(*) SI_UNIT(.MILLI.,.METRE.) );
#16112 = ( NAMED_UNIT(*) PLANE_ANGLE_UNIT() SI_UNIT($,.RADIAN.) );
#16113 = ( NAMED_UNIT(*) SI_UNIT($,.STERADIAN.) SOLID_ANGLE_UNIT() );
#16114 = UNCERTAINTY_MEASURE_WITH_UNIT(LENGTH_MEASURE(1.E-07),#16111,
  'distance_accuracy_value','confusion accuracy');
#16115 = CONTEXT_DEPENDENT_SHAPE_REPRESENTATION(#16116,#16118);
#16116 = ( REPRESENTATION_RELATIONSHIP('','',#7445,#10) 
REPRESENTATION_RELATIONSHIP_WITH_TRANSFORMATION(#16117) 
SHAPE_REPRESENTATION_RELATIONSHIP() );
#16117 = ITEM_DEFINED_TRANSFORMATION('','',#11,#19);
#16118 = PRODUCT_DEFINITION_SHAPE('Placement','Placement of an item',
  #16119);
#16119 = NEXT_ASSEMBLY_USAGE_OCCURRENCE('2','fluid_volumes','',#5,#7440,
  $);
#16120 = PRODUCT_RELATED_PRODUCT_CATEGORY('part',$,(#7442));
#16121 = MECHANICAL_DESIGN_GEOMETRIC_PRESENTATION_REPRESENTATION('',(
    #16122),#7427);
#16122 = STYLED_ITEM('color',(#16123),#37);
#16123 = PRESENTATION_STYLE_ASSIGNMENT((#16124));
#16124 = SURFACE_STYLE_USAGE(.BOTH.,#16125);
#16125 = SURFACE_SIDE_STYLE('',(#16126));
#16126 = SURFACE_STYLE_FILL_AREA(#16127);
#16127 = FILL_AREA_STYLE('',(#16128));
#16128 = FILL_AREA_STYLE_COLOUR('',#16129);
#16129 = COLOUR_RGB('',0.752941088125,0.752941088125,0.752941088125);
#16130 = MECHANICAL_DESIGN_GEOMETRIC_PRESENTATION_REPRESENTATION('',(
    #16131,#16139),#16110);
#16131 = STYLED_ITEM('color',(#16132),#7446);
#16132 = PRESENTATION_STYLE_ASSIGNMENT((#16133));
#16133 = SURFACE_STYLE_USAGE(.BOTH.,#16134);
#16134 = SURFACE_SIDE_STYLE('',(#16135));
#16135 = SURFACE_STYLE_FILL_AREA(#16136);
#16136 = FILL_AREA_STYLE('',(#16137));
#16137 = FILL_AREA_STYLE_COLOUR('',#16138);
#16138 = DRAUGHTING_PRE_DEFINED_COLOUR('green');
#16139 = STYLED_ITEM('color',(#16140),#8792);
#16140 = PRESENTATION_STYLE_ASSIGNMENT((#16141));
#16141 = SURFACE_STYLE_USAGE(.BOTH.,#16142);
#16142 = SURFACE_SIDE_STYLE('',(#16143));
#16143 = SURFACE_STYLE_FILL_AREA(#16144);
#16144 = FILL_AREA_STYLE('',(#16145));
#16145 = FILL_AREA_STYLE_COLOUR('',#16138);
ENDSEC;
END-ISO-10303-21;
