/*--------------------------------*- C++ -*----------------------------------*\
  =========                 |
  \\      /  F ield         | OpenFOAM: The Open Source CFD Toolbox
   \\    /   O peration     | Website:  https://openfoam.org
    \\  /    A nd           | Version:  13
     \\/     M anipulation  |
\*---------------------------------------------------------------------------*/
FoamFile
{
    format      ascii;
    class       volScalarField;
    location    "2790/fluid_1_tubeside";
    object      p;
}
// * * * * * * * * * * * * * * * * * * * * * * * * * * * * * * * * * * * * * //

dimensions      [1 -1 -2 0 0 0 0];

internalField   nonuniform List<scalar> 
76203
(
459.34101
2675.9152
81.053661
2627.4517
302.02851
229.10064
-152.74189
2704.8684
220.0454
2701.8722
1627.0608
1750.2282
1700.9445
3536.8561
2168.4867
536.40074
2696.4312
2691.9334
2774.1525
-165.18512
2535.7598
2068.1675
1671.8353
2111.835
78.536235
1748.7294
1771.083
573.82684
513.40661
1314.8193
794.00217
-318.82627
1858.7944
1209.1776
2509.6704
2346.8563
1853.415
2310.7115
2449.6013
1912.6269
525.90231
535.50455
721.62318
376.24024
1419.3273
1596.9675
883.61242
2223.6721
2119.0812
886.35415
1407.7562
1554.4099
7063.2182
1624.6993
647.91544
2025.6375
1038.6135
2012.9218
2353.8416
720.68575
2545.9973
7368.3287
2014.3716
807.61962
1351.8328
2047.2246
717.61083
714.79391
2749.477
1631.6622
7409.9822
733.96952
1856.4299
7052.8809
1166.0508
1903.6239
234.12748
1761.9569
845.5796
1709.9
681.192
1414.4604
-844.39345
1043.8438
2488.1514
2130.5246
1121.9245
1229.8855
948.0692
1433.6563
651.92034
-460.70883
2067.763
2161.5479
1860.4374
1919.3238
854.35936
575.54856
849.04125
1598.2077
-159.99349
1686.8002
572.28835
1739.6647
609.35575
1913.7916
1633.6054
1904.9734
-885.07966
4316.9274
-800.7511
773.17129
2098.4348
1305.2946
1609.5508
3094.8239
1560.9481
1363.8103
518.08976
709.03113
725.45272
387.18793
991.1992
2606.8301
1770.6639
1405.7812
707.5486
1193.011
1210.4102
1736.1161
1831.4007
644.09931
7059.6641
1120.879
779.67045
396.28405
2534.7297
2023.9371
2373.0332
1763.2159
2080.1907
64.811483
704.16009
7226.8865
869.96208
1043.9711
3747.8778
2194.4753
-517.16914
738.80638
7032.0031
7056.1977
93.175603
-378.82657
2564.0141
2740.3891
1970.5048
1286.9186
1694.1685
1143.5169
981.93764
683.29278
7594.9625
1147.226
1813.5458
2117.7087
2142.7678
2555.0968
-438.41257
1914.0082
717.58149
1778.6655
1687.2807
2114.9735
1625.8476
626.3418
1711.714
527.46722
2517.722
474.35692
2078.7854
7442.9378
2134.6602
1169.6194
2481.3501
1080.1788
2466.5723
1793.3997
2695.086
2720.4662
2018.6748
7325.5677
395.96126
1851.927
1904.3094
-325.77138
1289.59
2154.5597
2362.8947
2447.4077
-231.2114
787.34279
2131.2063
336.98704
2350.3278
648.69247
395.487
7106.8298
2446.9218
463.71657
2772.5003
719.01331
2269.4876
78.469186
2153.8013
2029.1713
522.43075
80.382105
13.549582
2530.1451
778.8728
3050.9024
2293.4306
925.4397
2556.9741
2700.3651
920.53026
909.9406
1650.3376
2307.4604
10.099462
2466.5512
913.7945
1129.1642
876.41503
2544.799
3263.841
2548.7941
2419.0164
2179.9574
2118.8807
2723.6801
1623.3128
721.75411
2046.1017
2446.6507
2166.2125
1082.882
-170.18511
1212.9248
2214.9726
2679.7523
1306.8897
850.92061
1110.854
2166.2233
1349.1298
41.852296
2727.069
892.36442
1782.492
1206.2037
7050.6241
2567.3835
7192.2397
1213.8027
962.96848
1485.5724
2335.2149
2905.6996
2535.3075
1689.3951
2320.1772
896.54958
1955.4628
65.710277
2792.9533
7040.715
1941.3076
180.46303
41.036947
870.76521
2279.3039
2796.9988
2119.7197
2445.3139
1034.453
1744.8021
1159.6283
-257.67408
332.69058
2779.2885
1438.0928
842.56924
2774.0841
-413.6819
2029.9777
970.8302
2022.417
2271.5364
933.55869
2754.652
2052.3453
2155.2251
1934.6109
1000.6035
438.63003
716.55043
-778.9479
912.20237
1083.3309
2408.4488
2285.9273
618.25197
3512.7297
7045.1893
1737.3072
704.31235
2164.9871
1562.3078
2777.1704
2821.6163
2043.4936
2803.445
1778.6976
1592.1756
2171.6718
1205.4227
1862.1708
2653.8478
462.91926
2272.6262
2847.3724
2645.9797
1527.0551
2419.8735
7089.7323
965.84693
17.519008
576.51275
1176.5237
2472.7519
627.56247
2367.1989
160.65233
1697.6304
439.93389
2502.6229
2066.0027
705.64616
1694.0365
2564.2903
758.04461
2057.7242
2696.5648
1093.5274
632.55017
79.283673
874.86199
849.66486
1614.2857
2270.4086
313.15876
1649.2443
547.18759
828.58902
569.90069
2099.2567
1786.4301
959.20761
383.52213
2177.139
2325.179
1613.0465
2314.1942
1622.7219
1128.5451
218.65885
1126.8858
1531.5057
2094.3241
2171.9552
2567.2117
7211.4619
2169.181
1160.1797
1535.1678
1868.0125
3032.0163
2598.2572
549.14548
1449.3841
2259.2964
730.26882
224.36632
7175.7358
1902.7794
1897.4579
829.33663
1712.7388
675.64016
670.03039
2235.7891
1908.4064
7048.8176
1400.3794
2527.343
2835.3573
1443.1061
216.12527
848.81991
1421.8264
59.262764
677.52084
2816.5303
7139.2552
2210.3576
1681.2264
2004.6255
6788.9235
1280.3091
1152.6654
2355.4271
725.36019
3642.1574
1164.8366
1860.4157
1091.5132
948.71098
1830.6584
2095.0692
6679.3749
1911.6935
2541.9516
1948.8431
2603.915
208.09712
1639.482
1233.811
719.84606
1297.2288
-324.58044
793.22648
6263.9852
1162.5723
2143.7532
2151.0979
536.17603
1494.0225
2426.4938
1904.0331
955.20684
2468.8583
951.1535
1073.897
1780.6483
2923.531
2281.6614
7530.4871
1165.7579
1280.4597
2478.3704
1130.4035
2036.4212
1041.8809
1204.2368
2759.1596
2408.6908
1400.6837
1481.5974
2815.5204
1134.3045
952.85018
2592.5932
2815.8049
2792.4167
786.34585
2089.7981
963.64874
2542.0996
2112.6009
2124.7833
653.14558
1667.8777
2765.3408
1273.8676
1713.1581
1401.7589
-129.98559
1950.1763
6782.2686
1707.3307
1283.9784
1207.748
6109.4103
1274.8397
644.95273
6689.2121
1574.4053
1704.1874
339.0105
2581.3446
1917.2826
1123.1434
1876.6135
2753.7058
759.04714
1567.9011
632.70985
1426.6832
6214.1152
1593.8833
2486.08
2446.0224
1299.1802
1898.5578
871.86352
1855.5494
2048.8547
7198.5002
2239.7346
2181.7388
2971.8872
2228.8118
947.73727
816.91512
2795.2269
2488.8755
-371.33086
7024.7103
7040.9623
646.34597
2369.2826
2102.8671
438.98728
1760.114
2535.4715
787.42055
64.626802
2530.0274
2660.0249
824.2454
-328.26133
2626.8854
1476.989
236.05625
3915.8773
417.9751
218.79251
1910.0855
818.6883
2542.1144
2554.9903
1628.0536
912.58165
2730.1095
2692.4595
2182.394
1212.3152
1345.8591
527.97833
1754.1759
2544.9827
1533.6029
2438.9004
1034.4738
1082.6212
2584.5148
551.10778
187.01818
726.67734
1953.0834
1693.5451
2313.4939
1134.3679
2797.0169
2024.1403
891.13203
801.27943
2167.9724
3288.4304
4319.9309
2467.0325
1566.2508
2185.078
781.06917
-464.11727
1783.6546
4190.8262
448.87709
2557.3557
277.70861
2114.2634
2474.6762
915.43663
2192.6614
2791.2317
2171.5248
1070.469
964.81585
1049.3649
536.31681
75.144244
2725.3678
404.9028
922.44725
1388.2295
442.3059
2758.9667
2265.5879
937.26164
1379.5215
2464.2535
3118.0332
1691.3017
2110.2079
2420.769
2473.3717
282.36324
1915.9913
2913.2028
220.78328
62.524636
33.126988
2703.7783
311.08357
873.66773
2173.8329
1965.8657
1579.1625
678.56655
2858.6998
40.414734
1714.536
676.32766
1563.1723
2798.4578
1773.9388
712.01986
1764.899
1737.3301
2311.0826
2749.0132
93.724397
7254.0345
5.0931996
691.0867
1767.8854
3171.4405
1802.3107
227.98782
9.5494963
2845.5785
44.185714
1502.6671
2491.9636
2957.3577
382.32746
2788.2509
-866.47334
1710.1296
1528.4889
791.02201
-193.90921
1065.4399
1861.2571
4.4341226
1558.5628
968.3791
68.966095
1875.6314
1485.2946
700.09168
1837.5864
1601.0775
14.585313
21.698672
7181.2902
882.25729
613.38944
57.128895
2276.6744
1628.3027
2044.236
699.97293
2625.8971
2558.9521
-176.26602
356.2349
468.10727
708.27432
2533.7682
304.84036
1315.8138
1818.194
1019.3985
2756.4083
984.88424
2873.7724
2327.4472
2417.6828
1048.2054
2027.6746
386.60308
2591.3423
800.0337
1553.2283
1327.9639
1625.9413
1317.9958
1122.447
30.957132
2769.5451
2611.8279
1657.5886
922.37759
960.62227
951.76141
2084.2554
916.47788
691.30814
2601.7525
1519.5602
1871.0697
2271.6522
1544.6751
231.38319
2534.2857
2096.9792
1624.0943
2298.6691
1610.6347
2902.6816
2485.8002
1124.0052
3172.1688
2306.1565
1514.5039
794.09735
1771.1647
370.0844
1563.7873
2269.961
1845.7537
2746.1745
628.77646
-347.69455
2747.4313
2431.5794
2163.1684
722.93504
904.6783
773.5501
1613.713
730.22884
32.744016
1901.3825
1624.9951
1699.3071
1739.0052
2427.2434
1743.4798
1532.3888
775.02398
2164.441
1357.6925
1401.7581
2529.6982
1792.0996
-335.60609
2792.1324
1164.4487
904.36779
2127.4501
2617.692
2084.1233
1430.3138
2400.4672
551.28867
1178.3216
1221.9501
2538.8331
1573.8622
1919.502
1232.3075
2103.0268
719.8926
1131.6579
1132.9753
1616.1422
7051.8318
2678.6016
2127.2305
744.97285
2540.4796
-355.26712
1683.1357
324.19059
2385.5694
1625.3344
-248.85011
1381.2799
1773.8046
2714.9863
2569.5359
1190.3749
2830.0039
2306.7944
1635.5199
626.59088
1177.6216
1695.0697
875.83577
373.92712
1082.4577
2376.8849
719.08155
935.41965
266.3422
1811.496
2902.5078
1619.4601
-142.62698
2581.5006
1699.4619
566.89636
3085.8383
2750.9407
623.687
1779.1248
7052.0954
1028.7402
1297.8749
2615.1598
2297.1426
2048.5059
963.76872
578.6413
1383.806
-558.11656
2692.164
2450.5443
2573.1713
2520.9441
1401.3777
717.30585
1572.7171
627.23223
2109.214
-167.13095
2031.1399
574.36822
2536.7234
2035.6627
-79.801002
2043.3719
193.21551
1128.491
354.12398
892.39144
1529.4842
1673.3459
2150.0817
2313.9747
2030.5071
961.60661
2022.7369
538.98127
7032.454
2728.7169
683.96571
466.51968
717.59811
1113.8683
2439.1061
1046.3236
1565.2273
3130.5774
1885.887
1631.7731
2713.3
537.97146
-323.89055
1439.8428
1404.7533
2386.2736
2538.4883
997.38185
-125.64104
1132.5077
2442.0526
664.57202
2471.7057
1221.8495
2065.5186
655.21351
2994.2145
547.32384
2064.8504
98.303097
1126.3925
2299.0805
639.27851
1415.0189
1561.9668
1689.5209
1665.4715
-557.66357
1700.3726
159.37336
7043.5467
971.95525
2039.1789
2534.3833
2363.7483
1305.4372
2513.1973
2262.058
-524.92626
1068.8591
2898.9592
1002.0486
1003.4196
1166.5372
1172.1583
6998.9333
1919.8584
1641.9565
577.52627
874.7518
1478.81
2304.7026
1171.981
1969.3706
587.23613
2556.2594
2898.4285
3489.2867
912.01806
1295.9865
1951.9823
7106.2273
1847.4694
1161.3393
1008.7414
2028.7795
1873.6393
1124.5832
906.82116
2692.5534
1623.5899
1046.8188
627.73271
1820.0526
2298.6349
8.9681072
55.063288
2864.6417
2468.565
2746.1047
3344.3662
633.89963
2609.6163
2342.2692
2026.0455
1419.2877
-267.09123
-2.0456217
1269.8626
636.27852
7391.5937
1.6262013
1227.758
2067.3017
2694.9394
2584.3228
656.4476
2090.5378
1584.795
1146.6299
205.23738
539.99303
1263.0051
559.15588
1320.0126
1913.3244
2175.7124
505.66786
944.1739
1795.7569
1468.4023
2781.559
-528.30239
1705.2061
2388.4387
2427.2346
210.51696
665.33131
2648.44
1479.6145
382.70345
1852.293
-289.25102
1611.4234
2185.11
2457.1626
1197.2941
2355.076
1662.9028
16.260149
2225.7144
864.27349
2309.2455
2178.5053
5.9371371
2953.4891
2473.9687
2311.639
2547.8048
154.7803
1444.7834
2349.2777
2316.1535
-511.05539
1447.8353
2499.4018
1526.6485
726.0992
-517.57539
466.37148
22.999315
1525.1241
2220.0856
678.10968
1285.9684
2763.5772
-179.4297
2505.1441
823.6881
2425.981
-780.69331
993.58073
7172.803
1846.3169
2454.78
2761.3286
1393.0752
849.31293
1105.7771
2461.8917
549.38712
251.33552
331.99657
2561.2448
862.93753
1636.0637
1976.1665
1579.0496
740.29015
717.01809
2208.0395
-248.99799
386.84048
-129.47461
2541.3947
2537.6478
676.38491
2186.4136
2472.9046
561.29442
1476.1076
1055.0912
1159.1859
438.37051
2681.6578
1405.703
2686.8854
2475.0136
2303.8351
2924.7316
1905.5109
1855.71
2742.9818
571.16452
2823.0206
2198.7782
1514.1274
362.41343
877.54363
658.74265
2846.0324
1962.8224
1909.4714
6992.8347
333.73058
874.57238
2367.6817
1555.7317
2434.7112
215.39911
2561.1738
7137.563
1839.2013
7086.8684
1628.1745
7025.4144
6592.8598
1058.0349
1629.2085
7042.7403
1456.4822
1621.1793
923.59106
654.92265
2791.6266
2708.6485
1048.0745
1082.6444
1142.8895
436.18007
1320.2174
1707.8212
1902.0364
1845.1861
587.19866
4111.7557
2534.7381
2561.2585
546.88771
1087.534
1965.5312
683.59642
6706.9701
1208.822
7076.2007
1087.3357
1776.9498
2819.8379
1666.8837
1958.8406
1291.1867
1407.3085
483.23826
2063.1043
1810.1071
650.77026
1972.2504
1685.0164
2310.4999
349.67369
1210.0399
7058.8174
2684.3485
917.57196
1185.1651
673.76059
2060.4964
2389.4045
1098.4193
1400.0595
-327.65971
570.82001
1740.1901
6051.9597
2303.5208
2121.1144
794.88742
2930.841
-204.67261
1106.7703
2111.3533
2612.5067
2171.3784
7460.2039
633.68568
723.33018
1393.4032
2090.3166
3760.0018
744.61306
721.56145
2010.1935
2125.1236
1780.6742
-466.38894
2025.749
879.87385
1797.1814
2641.0302
325.51603
2766.1502
1290.7459
719.1563
2775.8714
2436.4389
2170.8262
2426.1451
642.06966
2267.6669
2916.7938
551.74418
2357.5596
7140.4933
2211.2524
1541.9598
904.07686
1736.6849
2504.1726
2055.5058
7250.7188
484.76528
2449.6849
2511.8098
1872.1026
-206.63512
1357.9039
1851.5069
1234.375
1896.6607
2094.3707
546.34346
2232.026
1476.5667
935.91727
-515.79303
2827.3774
2163.2754
951.31429
7220.9876
1071.9823
153.19679
2708.7655
2455.4457
431.01164
689.23255
935.74842
1262.9854
901.23315
2200.1327
2007.6956
2635.6977
1175.7343
1141.7074
2650.6146
914.72121
964.936
1744.4133
992.07988
96.984715
898.98129
1918.6795
2089.3068
7210.7269
407.98652
304.30484
901.11937
58.589936
1254.8262
1825.8117
1009.2762
1701.1515
1998.7466
3720.7443
2482.9137
1336.8778
806.42598
2310.3101
7028.4916
1327.7256
7065.7204
2971.3894
483.35616
1863.0332
671.06037
7117.0584
-210.11391
628.51171
2486.1723
7463.8996
1785.8881
195.41152
1854.4086
295.34702
2593.8973
2541.3307
1035.1522
1270.7087
1554.4148
1661.883
2291.5632
-274.57863
2520.0548
1117.4315
795.28626
2047.7431
2372.6804
825.40662
2161.6063
7122.3509
999.01633
7141.9012
2778.5573
2295.2458
173.86233
2961.2298
2176.68
2752.8551
799.88209
2792.726
619.26063
2132.0146
2893.5157
501.53023
1881.4792
1411.2379
2068.4461
2540.933
820.30008
1800.1781
665.56711
16.779356
942.67656
358.97368
902.07583
2679.2564
916.24499
976.82977
960.6088
1072.3155
1620.7615
1825.147
1328.7691
2474.2797
1914.8574
1999.7518
2630.1878
1555.0325
1390.7545
2524.9485
2576.3383
21.458783
999.52791
1171.6777
1331.7648
2468.6401
2595.5704
708.21765
2040.0847
1218.3304
1568.9321
2531.856
2169.3412
1857.1022
531.98673
995.40453
-156.16393
2709.1107
-83.562242
567.82767
2442.214
-450.93557
697.28908
1639.2893
2496.0036
2230.8913
2162.3878
20.093981
622.00603
2.1074002
979.30323
1143.6997
-568.50557
2516.6599
1750.4209
2529.0106
2197.2662
1727.6021
1257.7001
2276.665
2680.4422
2211.8518
808.79974
1095.6725
1649.123
2752.9037
654.46685
2655.4744
700.92603
336.44398
2951.6183
883.00557
1225.7423
1795.2733
2728.1844
2060.5043
1479.9022
709.25753
1638.4022
1870.258
308.33988
1135.6475
2602.4347
1637.9868
2052.8469
1960.9539
1361.5276
911.69197
-8.9084912
624.0279
2166.3751
1800.4537
-199.46293
1460.5225
1034.403
2666.706
1311.0917
86.827656
2334.7721
2518.4854
-282.92916
220.68097
2476.4547
2236.5676
2388.521
2621.8975
3060.8575
2029.7383
-579.07891
1527.595
523.55762
1848.8051
1503.9651
2572.3127
1171.2745
849.41762
953.49111
109.27445
1146.2704
429.41701
2434.2566
671.70322
2304.5695
1055.6261
1920.9996
430.88994
791.97484
1252.3183
-244.6141
1698.8852
2363.5482
2297.0146
2519.6196
-255.58644
1177.307
2385.1106
675.10271
2306.2056
1033.0067
2574.0938
863.90519
2293.454
7440.2402
708.74365
1665.8577
1636.9684
350.72484
1314.844
642.55127
851.62488
175.72093
1528.9521
51.477179
-211.78753
2544.8867
2740.0913
1370.676
939.14186
1605.8036
2544.7637
2024.2957
2468.1879
875.90218
1261.95
687.9626
2681.6041
903.42422
991.61953
2081.7585
910.40373
2166.239
630.72497
1695.5524
1123.4685
833.05779
-342.36602
1058.292
248.90053
1050.6954
2068.8374
5996.0063
2627.0892
-816.27762
729.73173
2754.7432
131.58668
1533.1325
2038.7944
149.55846
1357.1383
834.71411
7033.7624
2639.0643
2098.3948
1871.0136
79.885093
1742.5408
2354.514
2578.2019
2315.1319
1776.4144
1306.311
1434.8341
2758.7342
1630.9279
388.08637
6989.8657
1128.0267
2096.8143
1643.4585
7152.2945
5777.7586
913.79445
1179.1734
1324.4616
2557.1032
634.61366
731.26871
788.56822
-523.24869
1696.75
706.71481
1051.9299
2754.4361
1559.8085
1006.3363
-373.93014
425.40981
628.68897
1773.3741
2004.4968
1257.962
581.04828
1296.9702
489.57626
6803.5373
2663.3903
1755.6513
956.05899
2741.2253
863.33195
1127.1538
284.78747
1868.4197
702.5392
2511.6292
626.21966
789.38325
2501.4671
2760.9142
1170.0093
921.8144
743.01194
1327.5574
1770.9174
1206.6441
-196.63888
1007.9973
1128.1496
1048.3033
2088.7569
2332.9922
6919.6088
1533.6233
1200.2791
1477.339
386.95827
5613.292
2308.8372
292.33198
2542.9124
106.99412
1079.2424
1592.3633
1878.5694
1135.46
2108.452
6.0555781
1060.2781
2161.5994
907.84079
2074.0508
-1277.1728
2435.8691
2593.5892
1850.4629
778.6349
2575.8424
2203.5064
2096.477
1825.9657
1652.4156
2827.9331
2167.9141
1347.6294
459.19687
778.01909
2375.9526
1068.9769
654.11758
1818.8603
65.634979
724.67258
1661.026
1763.9311
1610.7609
6772.3222
2395.3198
1932.0841
-232.84024
-2014.5082
7000.1696
906.39632
2276.5399
6910.7889
2516.1037
2154.8828
1481.9091
1844.428
1476.7319
955.70937
1135.6166
817.18769
1542.9989
1000.0469
1761.3137
2637.4546
1825.1921
725.78177
2315.9206
7032.055
2118.3236
2292.0895
2325.5127
2438.6353
1779.2282
2688.1035
782.90288
1800.7551
2802.9606
1524.3078
1043.7539
1016.3138
1588.3121
731.83811
2308.7557
1995.2641
387.82602
2509.43
1317.6485
197.83122
1199.5257
-319.62962
335.08241
2389.892
-884.77845
2216.5156
1947.903
2234.0836
2441.3264
1671.6868
1309.731
81.620288
2832.4599
2481.2188
753.55287
-222.12564
1183.2773
1247.7228
2080.8013
889.93988
1410.1255
2634.7656
2655.827
-197.55423
2714.4568
1909.7689
1977.253
2452.0022
1750.8588
2478.879
725.98809
2097.8136
1978.5164
667.27123
1465.6098
1997.805
1058.1875
2175.8373
1342.282
1350.8061
-239.19243
6491.1028
1089.9328
2216.7136
2034.9586
1859.0321
2088.9405
-213.89966
-536.70465
2553.2511
1967.5471
2491.0338
168.40749
2268.9774
1299.778
2473.6636
2475.9304
1179.9455
1992.2281
1264.3317
339.09806
-3.4711775
-463.59564
1431.3718
2248.5965
1345.5415
388.13763
2829.4964
687.11192
2130.1249
6706.9006
1537.4847
1967.3778
-457.17728
2590.9772
1996.9905
2502.0845
992.94621
5180.2681
629.14895
2572.1144
2059.4957
223.63589
1394.7937
2168.7877
302.00502
2334.0808
2883.9767
1732.5355
2437.4455
1348.8355
767.55455
1385.3022
2509.6923
1503.9157
2693.8587
2671.9077
682.32558
1688.2906
1553.2249
1630.8164
7043.5198
1042.2661
1140.2137
755.86395
87.121574
1559.5895
1775.5671
327.63205
1356.5938
2053.8737
3283.9911
2547.945
1055.4361
1555.2864
1713.7847
712.55667
1303.06
1152.0213
2682.8602
2598.68
2070.3436
1886.605
645.18254
2219.0876
2505.3278
2936.4202
1747.1225
527.05272
1789.7177
2550.4245
1646.6842
1171.5946
2233.522
481.75379
519.76086
1130.5271
-514.80956
1220.9025
2015.6042
2112.5282
1898.9218
2044.0179
1827.8282
827.34127
1329.4662
2340.9867
1546.4538
6989.0126
2728.7388
1034.3946
2521.8235
1227.8169
2478.6085
-222.51856
2445.5771
551.43402
2207.261
49.991189
1566.1883
1330.1886
1667.3443
1562.0515
1170.1228
488.1982
2556.464
249.47118
507.36638
1704.5526
2943.0713
1047.0551
1826.8509
526.28907
2093.9761
2026.4402
726.71863
2159.5436
1174.5885
2746.3843
1644.5481
2495.4505
637.61003
782.87667
1200.2493
1427.9162
2459.7659
1145.4264
-565.66603
7443.9516
2200.033
610.66714
526.16953
2560.6741
778.43033
2316.3438
946.41934
1069.608
6063.6014
589.10431
-120.7007
457.42757
1052.0267
983.24133
1348.8793
520.79486
659.89701
7040.4939
2167.6216
2155.1629
64.889199
1758.893
1563.722
1657.1892
1025.287
2289.3199
992.66292
1079.0366
690.25271
2190.1664
5764.961
1765.6911
1117.1672
1458.4222
1569.2409
6605.3317
2810.7566
2456.5182
1729.1769
2601.3028
7550.0088
215.71525
1781.1627
-225.17742
2201.4572
1059.4764
2525.9468
644.54641
22.346425
1296.7458
2517.9459
1703.9582
308.00636
521.79367
1215.9129
1731.7687
440.16441
2310.8418
1578.6606
7028.724
1889.7904
1703.4056
2140.728
7193.1514
1476.3811
1047.1866
-316.49802
1509.1593
2512.9186
614.97252
1156.799
899.45945
2371.3756
-234.64503
2441.2371
679.95408
1802.9935
1003.1715
2536.9923
2182.5724
2380.2336
1207.7421
1085.6073
1364.705
210.75208
1461.618
737.49902
1380.3996
-568.49408
6866.3185
839.24491
2860.4888
1844.8056
1030.9864
1839.8323
2431.7957
2973.4222
1598.683
1746.0213
2476.6504
7132.67
7195.6246
2406.9375
6817.0332
2308.6106
1211.2537
1665.5
2042.7997
7024.103
2669.5092
897.77962
460.16241
279.3917
965.33654
1218.8902
1761.609
1072.4238
308.00744
2320.857
1801.8636
2596.0827
1131.3962
650.38566
2093.6816
7068.5201
842.85719
752.38166
984.47091
524.18467
46.919468
1623.1522
1242.8389
887.74701
2174.4824
1134.1839
199.10559
1309.3205
643.96665
2504.7743
656.77428
2284.1041
2496.152
1002.0458
1028.5946
1571.8657
1139.2138
1938.4733
134.54528
1667.1116
1016.667
7046.6259
684.84153
7159.7497
2484.9619
1678.0974
7265.6249
2681.9506
629.25397
2715.0484
47.278967
1988.9175
1284.0507
635.96447
2485.17
1316.7616
964.40597
1374.3396
1626.7291
1779.5911
2640.1622
2182.0295
537.19725
1376.7845
1163.5705
742.9959
2220.3023
1806.8491
638.11122
620.53561
358.59303
1808.2704
1637.2566
1692.3819
708.26006
1653.4412
2541.3745
1672.2523
1724.0522
434.22842
418.81474
2004.1352
6979.6379
2425.7687
2553.4592
132.65702
643.44482
2136.3845
7154.4551
304.25976
7229.5943
2116.4683
2710.7164
7128.0384
324.03509
1656.0392
1586.9158
1969.0395
2579.5911
1850.6302
2036.3819
684.05439
2165.209
2288.4229
992.52786
7099.7877
1555.2496
1821.2664
736.44669
1106.4427
2238.0998
2506.4164
1666.8894
108.73033
896.2914
1566.8085
1068.1677
1791.0088
2864.9982
341.4574
1668.1123
2682.904
2744.7375
857.10899
2906.2797
6980.1366
1782.4894
1220.663
2089.579
718.80118
663.54838
785.42975
1035.5609
1872.0905
2280.1044
1261.6434
1800.6016
1126.1583
1028.9142
1193.7102
1669.1727
53.372253
1736.6637
1499.3595
2342.2599
2773.3645
6981.6134
1566.3088
1631.9384
959.08521
632.65911
758.9649
2855.4905
-220.84583
1317.7704
1354.7884
36.633088
383.74088
1680.8114
1617.1147
1855.1515
2297.2925
2424.517
1295.1367
34.474583
2537.1964
1704.9045
2041.5454
-419.36782
621.77579
1417.8074
2768.3327
1992.8088
274.38589
2647.7985
2561.5012
1628.1497
2185.6463
1785.1056
2664.1697
2310.2904
1150.1777
2130.4559
2220.773
2139.2282
2174.6701
612.06755
271.69921
2440.2678
638.62635
2517.9537
-526.95841
4958.2536
2259.4513
223.62529
1524.9699
838.4084
487.27898
669.79062
642.01619
1365.4621
2058.6242
2329.8574
1253.7621
2932.442
679.33579
7136.5238
-5.2936736
1090.3798
1070.0886
1402.2688
679.73393
1293.6759
1679.1398
2090.4326
1053.4453
273.91072
2383.8665
2170.326
2194.1238
2048.3774
3891.5022
1612.8159
717.15431
643.974
2543.9257
1026.6813
1144.3576
-432.08501
7119.7491
2521.9347
1365.5101
-353.32835
2659.1415
2266.6344
1780.5496
2268.8828
1262.1189
1500.8204
2852.0877
570.83383
2377.7098
1320.1904
1377.3177
984.92416
2864.6534
1922.8573
2504.8973
91.83954
1626.063
2007.6567
962.59957
696.42288
2994.1957
32.769612
2669.7663
2418.389
1561.8467
1481.9375
-577.56169
2842.1774
1517.5709
946.66212
1157.18
1563.6819
741.65376
1960.2777
1972.7299
1445.5761
992.27038
1691.0249
1842.1068
2427.5203
2144.6766
2564.7347
2800.1067
2043.089
1626.454
1341.9361
-567.40559
1348.2483
1784.716
913.54461
106.39336
1771.1144
461.16958
652.14839
1665.4703
1409.222
2136.7146
655.31841
3535.8531
1663.5868
2219.9235
-204.72529
894.45641
2169.3648
-734.2082
1387.9457
1365.4286
1930.1136
1204.6494
7593.7258
651.77451
2124.7194
749.03717
2176.0872
-262.81887
536.83031
1914.852
7159.692
2007.8088
1511.9586
982.90569
7044.3675
2146.7776
685.43688
1053.2592
2483.1104
2313.5457
2542.9726
1739.8626
2061.3473
2484.6963
641.14239
469.92681
1263.772
1456.6219
2314.316
2272.1412
613.36519
524.8047
2129.4746
1381.4636
1934.7978
2554.8834
1012.239
911.82129
1912.5042
2271.629
1181.4726
1121.1622
1604.8723
1733.334
2907.0924
2281.6624
105.27079
1640.8367
917.38164
2638.8201
459.35793
1777.2105
1164.439
1165.368
1443.7592
995.76538
2071.5804
7133.4583
712.8379
515.83055
2261.0603
-571.90159
2130.0252
1042.1392
2186.6053
1657.5275
2091.8628
-546.48174
2264.7415
1151.3331
1019.2162
2272.3729
2492.5131
1908.3851
-221.42503
2368.9098
464.44808
1838.4743
789.66005
2091.7796
1769.6959
2562.7199
-582.04615
2411.6927
739.90789
1033.3364
2694.4426
2566.2283
1855.6659
1387.5095
850.52025
2466.9064
2341.1599
76.418422
1450.307
1860.3006
1341.0101
1237.3801
1921.473
184.33689
2644.8914
2650.0255
1712.8805
1433.9269
1443.8072
2409.4081
2068.4358
281.83484
487.64127
2339.9661
7429.3526
1846.0508
270.28225
816.83893
2472.6198
962.58663
2874.5436
1753.826
1269.6636
325.35864
1861.3713
800.03075
2095.6287
2078.863
-125.60925
-353.18926
1172.3291
2527.0636
1217.4448
539.54566
1547.5818
826.69653
800.79372
573.85653
2563.959
7044.4269
2454.1007
2138.6849
1979.2124
1276.4319
1792.4437
1098.1127
1594.8673
7043.9421
1170.8218
1337.2972
1853.5565
1861.417
2137.2038
2019.503
3874.2971
1742.8946
586.14865
1391.5215
1664.2114
2343.0878
717.31026
314.29099
1594.7821
1621.2214
2252.8916
1436.2103
1554.9636
89.266776
1134.2724
1888.1679
1479.6494
2303.5152
2642.555
1529.2223
609.26676
2855.4832
1827.1267
1396.8868
1133.9499
2515.6094
2587.2748
2514.865
692.4109
948.73255
2166.8159
1657.1546
207.54686
7027.3853
1107.0541
-230.82643
2569.643
899.328
1127.5751
2458.0906
2415.6022
1664.5332
1778.7823
2290.5514
1825.7177
2822.5153
1443.8322
1770.4973
991.39133
1159.8111
713.61818
1697.6592
874.50302
2434.7829
1703.1271
1862.5831
397.13044
-372.34406
471.43855
2145.9051
2618.2556
1433.9768
399.29312
-217.74292
1061.4545
479.32287
1310.4851
2690.4566
1761.3472
1960.1211
2639.2023
647.25733
1265.0292
7093.2929
7035.9802
351.28525
2534.2933
561.79201
1850.8525
2072.8364
225.51146
1162.2598
1613.4874
2873.5244
846.55278
1398.8201
1474.5806
358.84835
388.68744
2434.8057
701.95571
1715.8363
1041.5478
2188.6302
893.43205
657.39354
637.16585
2787.9952
841.71498
515.29498
275.34218
851.51197
96.664953
2329.8394
718.57074
789.17378
2087.0094
1547.6868
2672.7678
1080.7009
1315.1447
1053.98
1690.7521
2658.9452
1504.2566
7028.0688
1629.305
707.00109
1969.0244
1034.9028
7002.2834
1780.0765
6805.1683
1157.3728
1054.1351
2331.7867
2217.2449
7091.1701
931.47476
2338.9502
-55.537264
1119.4773
1752.1773
2342.2027
2075.9822
2107.2515
309.08054
2515.5442
1529.6371
226.14438
2635.9698
2460.3002
531.1588
2087.1758
1044.2731
2082.8059
-567.89003
2556.7187
2183.3808
1735.7217
2860.7014
2319.6116
1764.949
2232.2326
2794.1313
1100.215
680.16625
1710.9219
7325.5659
446.60069
1884.9525
2127.9478
2226.9701
1785.9213
2365.5267
2826.8979
1443.7647
294.33813
847.04192
2559.5259
838.11847
1174.1977
1527.3103
282.03487
2212.6402
2923.012
924.3719
1912.9877
1478.0863
7247.5174
68.577485
745.68332
1867.2789
-709.13391
7339.0262
932.03445
1130.5808
221.44739
436.18183
578.17338
1436.7192
2575.4127
941.45053
1773.6509
1129.8845
1454.2956
1368.0729
765.56053
339.46985
1125.6875
2815.0278
1870.8722
637.21748
2815.1821
2514.7102
1629.8301
2338.6678
2665.327
733.28445
2396.3919
746.9311
590.66739
2318.1499
1646.3908
1609.4991
99.363019
1688.3199
2018.0155
2708.8059
7025.1704
7199.603
2371.0796
1172.4001
962.70026
1050.1922
889.68608
1444.3741
1176.543
2417.9166
1238.068
2483.6981
2415.7778
1306.8988
395.37714
2107.1548
1528.2473
644.54062
5196.9426
2041.5258
2711.9632
723.93532
344.99599
-52.977936
2843.7503
3205.8951
738.37139
1129.5546
-126.8976
711.75056
1221.9919
432.11064
860.09043
1521.9547
683.53126
2371.0274
2675.1339
959.65502
2082.5357
401.52458
1086.166
-21.638767
2269.9409
1515.5846
1300.7975
1220.7532
1800.3092
1095.3857
2279.734
-260.83694
641.70786
2268.3386
2375.4632
1444.4503
2581.4869
2130.83
2458.3705
1077.2811
787.20892
1446.5243
1273.3379
5959.2871
1093.626
6052.5252
2206.2715
1017.5684
1206.6257
1530.9294
1699.8084
1871.158
1618.7871
1532.098
-246.16921
6483.8708
680.40838
2567.9605
2698.0648
1286.3311
-375.82385
1067.362
1208.4696
280.43843
1730.257
2272.387
-253.2984
674.16905
896.64699
2566.2483
1820.2525
709.11637
2101.7914
711.82181
40.564348
1286.4657
1171.4549
-261.35877
1232.5164
-1056.5928
454.51055
712.97464
7118.1527
1336.7293
2580.8393
1279.6009
1256.6859
2031.9072
1215.9816
7062.8833
478.94034
953.01156
436.0609
1758.0864
752.58439
910.40498
1635.4148
1247.5925
1203.3781
1223.9411
694.09245
1125.0318
2791.0564
648.69904
1705.3171
7000.8577
548.43953
1668.678
832.96467
436.71098
986.70273
698.56427
1228.0773
1776.9867
1284.4528
1750.6008
2343.0715
-332.15324
2120.3535
2601.3942
1099.6811
715.63237
1150.6861
1835.9308
839.54638
1273.5128
1503.9015
2638.5017
7050.614
2264.6833
2551.2776
2183.2616
2548.1542
2207.4239
2557.6817
4166.3358
891.8544
1302.4847
2084.0578
1445.0017
2520.4427
2545.3004
1203.6858
300.91738
7180.4093
2083.0641
1794.903
747.48765
7220.6529
850.65317
643.01309
395.19974
1759.0743
1809.9288
205.516
3151.8256
1438.6827
2709.3543
-35.669098
1981.7041
2160.6791
-0.18154838
2195.2306
1088.8344
1663.2078
1878.6146
1755.4184
2331.7155
630.54889
1679.6609
785.98348
7119.9064
508.83134
1584.9173
552.17713
7062.9628
-258.51282
6949.0477
2489.417
1611.6337
1169.1115
153.52351
1457.201
2581.1762
257.97238
6985.145
1599.3707
2615.3495
1252.0267
1654.8288
202.22428
933.56719
1093.1026
1042.3958
14.638311
2795.4063
1811.8832
206.73914
1778.2336
695.70198
6809.7166
209.63923
937.66818
1609.9704
208.774
978.0597
1682.8399
1561.3072
1807.4822
2747.8363
1637.5936
1209.024
1026.2692
2660.2756
7105.3932
2303.7943
700.58006
821.29243
1500.1342
2428.6233
2036.7328
196.54896
2585.3078
565.87899
507.15341
3754.6934
1890.6712
-358.0369
1272.1219
3125.0801
2551.0254
2913.3686
3880.2854
-1385.5249
2831.9265
2232.42
630.55373
2083.5159
2153.0477
959.34825
892.10574
2231.5002
383.65579
2208.6712
21.209301
-276.29617
-42.702308
977.77272
2490.3868
1360.594
2134.2659
1807.8866
-193.81334
2459.2234
2407.9496
1225.6395
4097.4991
-278.58581
902.86977
2801.8032
691.67739
471.02526
-246.6939
1507.8807
1972.5146
2091.5974
2054.0865
1477.6522
2022.8038
2453.5254
1230.3202
889.36687
585.01881
1686.0973
2424.2345
1668.9843
2803.0942
756.40411
1630.5901
1180.8894
-132.60512
1935.4308
589.0445
2873.919
919.58341
2823.2279
277.7176
2541.3316
2018.3829
1124.1075
1264.5802
2471.1452
7343.8292
1435.694
1094.933
1219.9652
1173.3205
2275.8378
887.29695
1572.3577
2433.6989
1651.1578
2468.8019
650.85939
1104.4691
2199.2723
2326.4982
1070.7542
1861.6837
-714.95838
1374.2848
2685.1758
2797.3269
1415.8848
2462.7204
381.99985
1780.0267
1560.3879
1608.5587
2765.1535
1119.5164
2042.4375
2074.4802
848.98549
1859.799
1021
1441.8831
1884.7452
2136.2172
-291.57069
2756.8143
2741.6118
1699.7532
853.45365
1750.9455
1109.1772
1280.1655
38.120636
1004.5361
-373.29278
1114.6449
2573.3555
2623.3275
2763.5875
1199.5683
-143.51592
1841.6886
2200.1002
1267.2699
1107.0634
2785.9481
884.48371
1661.0507
-256.13222
7071.4015
1583.3129
797.86565
667.66857
459.75779
1431.5807
1652.4142
2785.9609
1842.797
1864.1804
1697.1258
408.8644
1675.0992
1148.334
2377.2857
759.54505
710.20477
2695.5545
1344.0973
1695.5925
1264.1503
2507.7762
2497.3008
696.91064
985.25886
2121.6344
487.00695
842.30836
1230.1789
2278.5179
2343.1918
2512.4398
2383.7439
2479.2929
7062.3846
848.24185
7039.6377
1304.8328
1448.6021
1619.2483
2708.911
3702.567
582.02722
1564.173
1459.4388
468.36813
561.27646
2416.7638
2459.1048
2299.6394
6757.8095
2216.894
589.38837
693.58761
1710.6616
1174.1658
7238.5347
622.76167
2867.3715
1388.8674
1445.5344
178.51489
841.54834
2923.2353
2692.5973
1455.7681
-399.17786
963.59628
2729.3233
1762.9174
2623.7899
923.4454
1303.2509
45.752407
1113.4513
7049.2331
1790.7011
910.17205
743.59528
1115.369
1537.7446
1961.3295
374.1722
658.41507
1005.2458
1708.6304
2105.3775
7180.2424
462.64518
2306.9658
2423.9368
1702.3961
415.08577
954.62962
1164.2461
1680.8113
645.87144
400.31295
2531.3271
1910.1609
7052.4263
298.51466
2318.3198
1034.3972
1351.7096
2499.5216
1725.4405
555.51014
503.99482
7203.5421
-1.37592
2169.0099
1619.5156
2389.6058
2302.3166
2315.8616
1475.8778
2235.6001
1482.3567
1387.9754
185.44019
1519.2046
2457.3803
1111.6783
995.90986
1063.8904
1627.0917
1151.0914
2198.2302
2779.4556
1134.7273
1231.0303
1461.2667
2182.8248
2029.8157
373.45465
306.85517
272.46691
1447.442
2590.341
2279.5289
1299.9114
1008.6668
1713.9034
2459.3444
1023.7357
2503.7124
2639.3114
2844.6346
1112.101
692.60666
339.7446
2713.7998
968.69278
1562.5226
2070.7229
927.11203
2550.5984
2314.6111
1317.9677
1484.3212
793.38392
769.41759
926.58487
2019.3231
7035.4422
1219.9202
2075.9575
7260.2441
-10.991625
1225.5996
1793.5237
1673.7062
2148.6205
2753.3631
1399.2726
527.12637
1593.7949
-204.5611
1470.5319
1639.6408
2306.9357
1090.9938
1248.1771
1446.1938
592.66702
2319.3109
294.29557
969.02246
1512.2536
183.19715
1852.8932
2594.9367
1539.3602
377.874
62.860065
334.92495
908.34452
511.94979
1816.9694
1477.0983
1086.0858
890.04903
1664.1816
1819.3364
2101.26
1831.4866
1436.2311
1292.151
1665.0912
1776.7657
1140.3622
957.38805
1191.91
2222.4684
2023.1839
1855.6363
2821.5277
3133.6583
1017.1049
2902.3652
576.61657
2512.9945
928.34673
2521.5265
1001.6872
2747.4755
2266.5905
2736.3228
917.00829
594.8719
2574.3928
2548.3063
6744.7956
2451.3212
977.6115
741.18746
282.9962
2260.8787
973.54283
1944.9696
88.083572
679.92704
1773.083
1988.6439
1543.079
814.64697
1302.7722
712.14658
2641.3253
164.97406
691.24723
-244.13391
2524.1473
1096.1193
2704.9901
1226.5494
1764.3822
2790.0634
2065.3273
2455.9894
720.68512
528.5038
7243.4433
712.47169
1177.7598
2290.8448
2280.8484
2474.9474
2579.0148
1733.6511
441.87604
17.17143
-279.16808
788.43815
7067.8551
1661.9325
1792.6572
7115.2855
2770.2032
1812.2004
746.39339
1806.0491
2871.748
3691.7277
1108.6577
1679.062
-390.38066
1368.7936
279.20313
1511.7933
2366.9493
715.38965
1932.0348
1184.0692
1155.8684
2517.059
1113.0276
1966.6862
2686.0388
2360.8149
1236.7343
163.2946
627.49565
734.49513
1171.5063
881.57711
2682.3866
401.49927
2297.9669
2297.7327
2869.6634
2480.4112
2286.1509
2016.7631
1798.4447
2475.4794
2035.6196
2396.1549
2419.3498
4853.7689
2432.293
1838.9773
1442.0331
7122.9235
1915.2509
1125.7868
2474.1128
7291.1168
311.1053
1719.2529
1109.6949
7045.9417
2124.451
402.99868
7222.8521
2439.7525
2508.6868
1108.0667
1624.9462
664.53712
2799.5211
1831.7546
1628.3301
2268.2554
1121.8152
942.06226
1803.1132
1476.95
2370.4798
2618.062
1956.783
2849.8115
2045.0769
2085.5671
1268.8403
2169.51
1299.5463
1482.9801
2794.7789
2320.1733
-0.25630334
1141.5887
1105.8911
772.56555
2228.443
174.48996
566.4758
-356.29531
-916.33788
935.487
640.55677
76.901525
2882.5899
1522.931
775.8204
2264.3897
2119.0684
2777.4974
130.04945
938.89969
2503.3186
735.30379
1567.5574
660.09897
515.8211
662.86006
2036.8957
-350.09649
713.50627
2039.3856
2531.9161
1469.2347
2271.4171
2142.9138
1389.9478
-570.13613
1166.871
2223.0832
472.37099
1225.2004
2874.9767
1946.0862
1012.3307
2051.6618
637.55693
1389.2578
2587.4572
2744.0724
1760.3548
516.34321
-793.56909
289.70997
648.34208
2600.9868
1781.2294
2565.3502
1776.9021
1720.2414
778.99892
1438.6591
1195.6992
2280.2421
1024.6614
851.61791
1802.5189
1136.5439
2585.8299
1289.4365
641.57032
1342.6918
88.561886
611.03954
1789.4315
70.445326
954.4502
2338.7229
2542.5243
1737.845
2529.0407
1481.2325
564.76258
1127.2706
703.58948
2715.6859
-1218.5008
2305.0719
347.04233
1062.4169
2149.8882
1485.4987
1317.5743
1094.6183
2374.6757
30.718428
713.02192
2495.2048
1983.1253
-306.55599
2383.7818
1865.4669
1448.827
761.8099
7350.8878
7029.9203
1766.0489
2219.6267
1826.632
-509.30562
1220.6857
2816.2641
403.59567
2683.3491
1852.9409
2908.5929
605.88234
274.39532
2498.3022
906.33894
1972.3718
2765.0682
1906.0864
654.26881
247.72218
1809.9703
-35.374277
2783.7508
1696.8189
2083.1385
2301.9224
409.25558
6995.0565
2389.2493
1983.9095
541.95054
1416.5074
7376.9072
1898.1913
1780.8998
6509.553
2291.2007
783.07668
69.229357
1690.9978
-274.62642
2020.3433
2419.8173
2695.1272
1362.9186
-462.38261
1849.5007
781.37847
1421.6421
6292.9449
1771.2606
1547.987
1449.511
1970.639
2447.1931
3103.3936
6282.4244
287.08311
418.80374
1786.2794
2539.2898
1949.1869
1575.4258
663.54753
2697.5431
1704.5891
387.83939
1618.7922
1703.1102
1385.7716
1115.331
1676.6616
785.23775
519.89792
2448.1959
2194.8667
1514.5811
2094.2895
2246.4582
7234.8771
2302.8827
947.46107
514.00325
1973.5131
2103.9913
7166.0395
1152.889
2209.5896
939.04365
995.13118
1941.6031
782.97678
2698.0553
2222.096
1900.8795
2416.9168
2443.7122
2172.0731
1969.5583
311.87125
2396.9715
2373.3078
-250.80273
1067.6982
2235.2437
1068.5808
-210.8245
1771.7408
528.99129
2568.0708
1668.1342
2507.9151
814.69036
2676.7565
2094.4525
1844.5013
690.32077
2471.0379
2553.4383
7562.4657
7041.7993
2490.8514
1922.0501
2137.663
2137.9142
2140.5338
1075.2731
846.95731
2250.9838
1454.4631
3146.345
1445.051
2698.5378
1102.9723
1026.3227
623.53097
2691.7801
2004.6616
645.26174
1386.8981
1562.3661
1969.7636
1242.7832
848.06356
1319.5613
2507.912
338.38844
7434.6479
1126.9309
51.783717
2185.2565
912.2378
2347.2995
7481.3395
3788.2771
1618.8794
1081.6091
1487.9779
2205.3366
7361.4773
519.23855
542.05779
1250.8215
1423.5362
7089.1439
308.50477
408.01017
2170.3418
2813.2651
571.35247
376.65822
1150.9785
7080.7281
2212.1579
2095.9292
476.2544
1469.9972
290.95735
500.25529
1714.7759
1365.3239
1007.3724
2571.4944
602.58249
388.23257
945.55747
270.03877
519.22457
2276.7479
1288.5512
2006.2391
1725.2667
3185.4207
2910.7689
790.5361
2576.9254
7427.2855
905.58145
2452.4772
1807.782
73.249377
2693.6106
542.37048
2488.9681
1679.3984
1124.5988
653.79398
2141.8712
1689.077
1003.629
1819.3684
1107.5107
1216.5292
1535.5709
249.56228
1787.9428
2441.7643
2788.8994
2301.4814
813.34921
1638.7732
-86.653855
1223.5044
6421.5871
1622.2518
1373.0086
6080.5285
1031.0513
2751.6669
3086.5196
1098.2724
1683.9063
2478.7322
1661.6523
1446.6546
2340.6218
2802.95
-6.3079286
6815.7748
428.0737
2000.7329
1041.8883
-1498.8567
1312.7698
1134.0058
661.78729
1305.3903
284.05946
466.56218
2323.3628
1775.6101
-7484.2139
2484.5579
2729.1611
1788.3617
572.96561
2471.1326
524.03785
504.18874
2130.8755
1617.9501
4216.3943
413.65805
527.90431
1910.0048
1395.9872
588.55807
882.54603
-237.7834
706.7626
1186.6608
2577.821
129.40354
462.23157
1717.2022
1080.8559
2012.4144
-325.02455
1727.5223
1859.2597
2151.3248
1224.1726
644.57658
2956.0286
2521.7272
714.01739
1012.9682
1978.8336
-200.69159
1968.2308
87.391979
3095.8603
2479.6053
1796.5088
2327.5
2257.4565
1060.1559
2222.7978
1836.7751
1524.9464
1157.7476
787.38687
1948.9527
190.27298
2840.9824
406.29707
1765.2939
1747.7844
2217.1384
2751.0545
2679.7107
6983.9515
1354.5058
2523.5676
736.38414
1537.5065
791.60155
1257.2205
-3.1833471
2770.511
6826.3365
2646.1026
2098.4005
1009.5514
1602.5067
1653.7551
1439.6622
2601.572
2455.2089
373.17126
432.2164
1271.7101
703.84394
2307.4508
729.18339
558.63879
297.22729
2018.2183
1665.6307
2749.4404
3022.1111
1360.378
7039.2678
159.36907
2128.6843
1145.6335
7385.5468
1124.9238
6694.5466
6809.6616
378.53697
1078.5517
2838.9875
2023.591
7046.9221
2276.7165
2148.7975
1198.7311
1528.3001
7011.3989
1927.9761
2076.0698
1155.8136
2472.2365
2217.168
-600.62271
-134.12666
623.11262
1130.0517
526.8444
1617.2315
427.24998
789.25677
2398.3572
2317.7102
2099.6366
2677.0631
2172.9974
2647.4155
16.409393
-212.7894
773.59675
344.26778
2198.6934
2345.3406
-555.36693
2413.3306
2501.6154
519.57013
325.4906
1139.3445
1602.8305
951.65869
6124.46
453.77725
1044.1395
1633.967
288.13195
2706.4863
-606.88073
156.93127
-50.160665
1877.1638
-15.804903
297.31937
486.77325
1054.4025
1639.3474
2427.4465
984.5836
1769.5651
2171.8653
2442.5257
115.99071
1668.9334
1263.6002
2394.5369
7203.1781
2880.3905
389.41064
1540.912
2442.1748
1704.1238
691.93399
1436.1779
7387.3355
595.15358
2544.5276
-458.15676
338.61329
2166.7567
2675.7063
595.0243
6886.4149
797.30429
2103.0664
1226.2267
349.43184
2455.7129
1214.3103
1783.4899
2454.4214
-265.10574
608.52736
155.07752
331.18186
1803.7934
2212.8085
1209.029
30.235698
2721.8941
500.42533
1568.5778
7239.385
617.46344
2235.3414
1541.3824
2085.4288
2214.6796
2516.5367
477.93368
1301.397
711.89705
1759.8742
2438.4601
1529.5624
2087.5212
961.52624
2394.1459
1727.1726
2733.4321
2160.5327
7427.9371
2735.7912
953.12972
2425.8942
1723.6234
2012.3847
2305.867
612.83496
1976.2954
396.1012
2465.6002
2274.2648
1225.841
2622.0921
2247.7032
1944.8315
2686.1605
2841.309
1883.2247
1773.9939
2560.8975
2469.3573
672.03462
395.12613
1630.6832
1437.6921
1636.5872
-436.31935
600.26543
461.91167
2644.2205
2423.9309
2478.7963
2220.8632
1310.4424
1088.0044
92.231825
39.544534
2167.1446
392.58675
356.37809
1256.6276
-48.100617
1093.0976
2266.0978
54.250673
797.54549
720.656
2160.352
6890.0046
962.5709
2771.0021
686.29694
1502.7506
2350.8389
371.17727
1481.7835
2421.0776
2529.5069
1860.0074
2144.6415
1291.6545
7101.8705
1950.3128
2647.8955
2376.8815
1423.1429
685.7819
2660.192
2656.0738
144.03343
2041.1198
-876.68572
2092.8285
1368.101
1.8677112
105.10256
2531.0265
2467.1608
147.12506
868.16094
663.25105
2168.2119
525.46312
1626.2578
2202.7627
1632.4965
1140.2533
2571.312
3008.8756
1813.4373
7443.9066
2270.6525
-361.74961
2272.8707
7542.897
1812.0953
2561.1174
252.80477
503.68302
1111.6289
2355.6512
-290.69888
1774.472
976.00408
1546.399
2442.7827
2283.7326
1474.7474
2215.4455
2277.4992
1240.4584
2658.1065
1122.4956
1388.1722
948.8827
1161.9408
1347.6055
997.48935
1692.3787
-397.77363
2102.6842
687.88461
-249.48132
2729.2109
653.1284
1833.4113
687.23556
18.978992
2054.0792
1816.3125
2119.6193
1687.7537
21.615823
1518.8878
7257.1662
1691.8245
1450.7099
1847.1963
3727.0312
7362.7118
2744.5368
2115.2246
3878.7375
684.63143
2419.2943
7260.2732
-272.27925
784.19079
1829.2868
1143.488
-260.72562
2824.7664
1161.4175
1891.7178
2829.895
2205.4747
2616.5843
1766.2012
1683.6066
1900.0948
177.5048
2819.2077
1508.6843
2872.4305
42.79351
1509.1727
2860.1201
2389.2308
1881.5881
2490.0278
1459.9001
534.17774
1534.4762
-248.46912
1903.2319
2147.2998
551.38666
504.60262
1133.6311
1744.5612
600.00006
2164.2729
723.17104
1777.2479
1008.87
198.5277
1034.5314
665.72762
486.35295
1304.4141
2260.2608
522.61359
-248.89325
1235.335
1518.5451
1553.2018
1749.0534
1845.8589
1966.3442
1938.7301
2091.7331
1078.2023
7286.5714
1641.4
953.40944
1055.0089
1749.9577
2500.1324
2832.1893
484.74408
1783.9445
2397.8734
709.19317
1882.0282
885.84155
322.15195
165.21239
4496.8354
2714.0044
1000.9368
2404.8239
-230.72754
81.384546
529.69534
1626.2077
285.12993
1159.7817
6259.6064
990.81683
196.25405
1729.8584
1224.3391
2477.8666
1453.3942
2418.1216
1163.8633
4050.2122
1794.3231
2557.2101
1760.6924
1844.2924
1029.2154
2142.9045
321.28879
2426.458
1786.5281
1634.7209
2346.6263
1144.7362
2919.1764
1736.0649
2827.6223
1141.8068
2472.6097
688.03784
1925.3723
383.57187
995.83743
450.9386
630.94183
2669.7877
2055.8316
2410.5453
2636.9074
1396.5736
626.73551
1416.9789
237.89691
1729.3526
2266.704
1562.0132
456.91081
127.09235
2657.4508
205.00625
1533.5938
390.71578
7448.7854
1235.9724
196.71576
1834.6165
7059.8936
-170.39374
257.66953
398.18775
2510.4669
2578.2352
2169.4964
2313.0021
2144.8898
7620.8722
2468.0058
1313.9368
1831.333
1915.9468
1580.0136
2047.6886
2356.3965
1996.0341
1067.4652
1590.151
2384.0378
1398.5402
85.897891
776.05404
1205.9229
-211.08293
16.849271
1785.2514
2705.7194
-297.00558
1391.6179
521.14648
1915.8909
1169.6079
1501.6741
-218.54115
-328.37645
1847.4204
1279.4124
1147.4032
1811.3577
1937.1991
2403.9953
1168.6379
1696.4917
-254.95415
2945.144
2389.4316
1680.0666
-69.671049
995.15299
1761.7004
426.56213
2134.9777
745.06473
1716.3797
847.62177
2582.454
2560.0354
1927.9327
1157.6828
398.57985
1096.0643
1922.7323
1573.9734
2348.8512
1828.7867
2148.3711
2074.9292
576.91001
1767.5934
2211.1499
1933.3331
2579.5525
1940.9176
1153.3577
338.63508
1313.7438
1057.6078
1427.9626
7040.6731
2321.6561
7481.8066
2312.9231
642.81275
184.10801
547.82853
1155.5955
2550.7287
2913.9097
2619.1114
228.72136
1826.9489
517.77087
561.46056
1253.7072
1424.0555
2135.5636
1575.9169
1225.5798
7055.3849
1669.9066
1827.5617
1110.9851
1743.5181
709.9302
1823.032
1152.7999
7039.9682
1024.2735
1793.5691
2289.8847
2896.4707
1794.454
1652.1137
545.54204
2459.2385
21.997251
1450.2005
2221.6311
2708.2876
408.37515
873.96497
608.50603
1821.9407
57.783948
-109.18083
377.13222
1934.168
2481.2377
1139.4274
2256.0248
2403.2356
1651.4182
2306.2915
7530.6288
1570.291
1642.858
2479.8477
1768.6667
1610.2222
960.93418
2295.8608
1657.5545
2201.2699
2813.6138
2167.2849
1528.7549
1355.426
969.87361
-370.10515
1707.0931
1747.3823
7064.0204
657.04947
2526.7671
1011.1582
2525.562
1544.8107
7182.4425
2002.4739
774.46116
2134.2213
2587.7984
59.003697
2762.4769
49.324775
-639.05805
2162.8414
-10.770279
2766.9566
1619.1366
1016.0332
2611.1297
2777.0678
2168.0314
1101.3453
2437.1497
1352.8047
16.725825
7147.4017
703.11831
2340.0932
1397.6045
2339.1973
2356.0089
2415.4762
673.93917
633.19619
2204.7636
996.39554
2099.8385
1317.4336
188.04488
1065.4752
1614.4273
2778.837
728.37012
2153.7596
2814.6575
2032.7479
1876.5759
1523.0266
864.61326
3000.8666
1856.4162
2535.5973
1903.416
908.79347
993.24255
2224.7891
2680.1892
1582.0021
1770.176
598.08173
2452.617
2828.1932
69.103756
2118.5801
2700.853
1915.508
2498.9151
571.34425
2360.1825
2457.4758
1938.8068
7041.1773
-1317.2675
3719.6347
71.134188
1822.1887
1706.4628
626.94397
2473.6061
244.56569
431.44017
1246.4147
1189.7746
1104.5718
1963.678
2222.4078
7347.7659
1857.1185
408.35517
-241.0185
1947.1584
2318.5346
2170.2173
2323.3753
1127.8754
-324.01855
2849.0883
274.04585
588.65491
1470.6354
518.60107
2217.3493
729.16405
63.166109
339.48172
1771.481
702.11892
2159.0281
1516.38
868.08395
7381.2162
2260.5612
2201.8705
750.0074
2834.4749
1555.7167
7589.7303
2058.8364
2099.348
1013.2058
766.71029
3535.2452
1665.0445
989.493
2047.8986
1478.0446
1815.5843
1228.2401
681.34033
1824.9403
935.37297
429.52263
934.78921
163.39333
984.65854
1342.7146
1394.1631
1699.1403
-733.6225
1477.3357
1769.2491
62.083536
1045.0409
2101.2055
74.264059
1043.5599
1625.0186
2667.3418
2491.6411
2254.483
565.91967
2669.5304
1703.2112
1028.4822
1796.7884
2246.1685
814.9822
560.08059
1205.6089
2246.5383
2852.9299
1827.1226
2812.5389
2534.3772
2593.1598
1280.4903
2313.9085
2683.2634
2564.4529
2200.0399
297.50823
2555.1982
584.44137
291.3387
2652.0843
1616.8096
1226.1888
658.67045
2910.1027
596.72974
2476.8919
1899.602
1419.9681
2465.0151
929.29809
1664.5356
1937.6729
-1826.8846
352.01963
1016.537
999.89281
1323.9133
-250.56533
2481.051
1655.4429
1824.239
2135.0882
2756.2956
2294.1018
2489.371
15.213438
2410.6334
2042.9695
2440.5424
2566.0714
1312.1744
892.50532
2675.0548
2142.7611
1712.1828
1784.4985
2035.8152
2836.2515
1788.0634
1364.2688
1341.2432
743.17576
574.93652
2750.7457
1054.2196
851.99293
1263.5832
1619.2775
1748.3235
355.45826
1536.8967
872.68236
876.06186
542.70842
2227.1287
29.396703
2274.546
1428.4394
1656.0404
-124.00832
951.12724
2387.3149
457.80022
767.75454
2479.8437
1309.3845
1478.2575
1456.1926
2800.6412
637.96262
2490.1516
1804.6934
1432.9609
1123.0911
584.83176
560.64411
1983.858
2460.3701
2430.3841
2778.7499
1300.7301
1350.4383
411.40197
1880.9543
1339.3966
2925.7775
1348.1352
1485.518
3076.4595
2748.2253
2098.2264
65.909569
1030.3868
2182.7089
1620.3859
1434.3684
770.10593
1038.1452
2191.4086
677.85676
1777.3456
719.69612
1812.4733
983.6163
1603.9505
2546.1739
879.25298
559.46003
1849.0774
2514.8386
1217.2175
2549.4982
300.7257
669.33514
316.79994
1129.1831
2704.3804
1524.6638
1712.123
2563.3735
1703.4104
2139.6469
7454.4238
886.15376
2487.4164
2045.7467
2151.5276
2446.1959
1170.0018
3879.1594
480.58906
416.86092
537.7564
1427.8862
3969.2709
2051.3893
739.72658
240.43739
2701.1663
2158.6763
2336.6226
2606.9522
1714.4253
1609.634
409.813
2555.2705
1952.794
1083.9682
3998.1763
1631.1671
731.35135
674.12705
784.43573
765.10681
756.4083
661.15891
474.53384
-519.38975
1392.1881
410.39453
393.44995
1952.5321
2677.7533
1140.676
2593.2287
2051.2662
1053.1446
2833.1059
1949.6341
1836.1476
1558.0508
2171.2868
19.333495
2871.3013
1783.8526
2155.2679
1769.5544
1329.433
7036.9248
1789.5084
1433.0344
2082.9653
748.21326
1945.5419
1312.8894
679.22124
1241.2124
1975.1525
2296.7937
2281.9059
1167.8408
2876.9562
1584.7723
1983.6349
2272.9724
2613.7632
2720.2489
789.47905
756.77489
2353.2714
1674.4996
712.67879
2528.7078
323.55338
725.85321
2414.7232
551.34737
2138.2802
420.26293
1059.3891
2378.3659
2065.8105
2793.4454
1974.1468
931.92433
2541.3315
2585.3511
1444.7559
1870.1682
1711.8611
2283.9194
1778.7501
1315.2703
34.475797
1855.9892
330.05965
-12.390026
2433.7088
2544.0234
1204.5621
972.42055
1737.7576
1687.3913
2486.6245
1511.2371
1066.5551
518.57479
1802.997
639.36585
2232.6931
565.11243
726.64626
2120.2231
720.22315
1920.1459
2846.8719
32.364937
1200.1267
2163.2622
2073.7292
1016.2773
725.67206
1052.0317
-12.147069
2004.1162
2454.5851
2482.3534
37.015988
2384.872
1326.7685
1566.2246
1534.4385
4970.1846
2276.3221
1123.3994
2562.9867
769.43373
1172.9785
905.31499
2123.0224
2718.9888
2131.5047
1145.2163
1631.5698
293.31832
922.52058
2190.59
1165.4719
1323.1634
12.756861
810.42582
2190.4066
411.45744
2499.9473
1325.1689
328.12737
862.74896
1664.2638
335.66615
1156.0424
7.0201336
1767.0772
936.8671
1134.8341
7482.5286
2589.9248
2683.8402
1683.4789
378.06299
7386.5719
1851.115
2855.7777
661.68608
1420.7461
929.6589
1147.4759
2163.7013
2896.9605
1864.1558
2438.3898
384.93298
1271.8313
1382.041
1621.3332
7581.9964
2365.1611
85.238582
1661.0916
704.42952
729.34138
2323.0538
2082.0277
1452.2384
2281.3501
962.27891
2262.4569
980.48461
1148.2628
2856.766
-1933.3405
-247.5993
1853.3401
2456.5687
388.28631
2371.1425
2607.0511
85.146308
2220.5368
2229.3679
58.316557
445.81912
1988.4744
589.40548
457.86461
749.20719
2684.1111
625.62494
1385.4457
342.42648
1429.5024
1.0547542
177.81284
602.77889
2449.7582
1458.9921
2019.5738
7089.4223
2441.7144
1065.8375
178.79426
1819.7175
666.96831
1154.0399
1150.9346
658.00476
798.3756
2193.4835
615.96359
2304.7548
380.97346
838.53979
2469.044
1914.3199
1478.8021
7056.8246
2303.4844
2073.7482
285.1592
2384.3699
578.79534
1952.7437
1854.5138
1254.9479
1763.8971
3037.3928
1900.6977
1500.2738
404.28706
1029.2234
1303.7498
1494.4463
722.18143
971.57449
6853.3842
2829.2388
1529.5087
564.81083
804.40198
1790.8944
-635.29805
2393.1869
2539.7836
636.49307
2049.1434
1839.8727
1842.3266
2570.3539
2642.9885
1762.2863
1504.9083
443.01416
1280.5966
639.40683
2094.5697
987.80039
1551.3788
1140.0046
2666.9707
1673.6611
7054.3049
446.32305
298.64249
538.0856
66.65751
1592.7931
2476.2761
1525.8194
1167.3281
1321.6513
2836.8823
1276.5712
1346.4369
1204.4358
2222.1858
1376.1573
3260.7212
2472.842
2108.7773
1849.2926
2510.4771
2038.2909
2274.678
4361.6793
1082.723
452.17015
666.32424
2144.4907
1567.8413
2140.4917
855.00375
1166.079
2435.7473
38.301002
2041.8248
1158.0279
541.10277
3545.0348
2479.3026
1943.5663
766.63978
613.68329
1026.2863
7078.0745
2092.148
2576.6472
761.62312
3194.3826
332.86627
381.65105
2271.7151
2423.3319
2492.5294
2833.7364
-895.71163
1356.4509
924.83478
236.33441
473.30435
454.06405
163.45758
1331.0466
1014.1391
790.85963
1618.5037
6634.9034
554.89264
2444.7786
1312.0844
1359.9567
2616.7146
1027.5371
2032.2156
1131.0488
184.68192
397.40944
1224.0657
2100.9743
2711.662
2442.7629
2635.5877
530.55128
340.53694
3152.9582
1651.8443
1526.671
2117.4294
1700.742
3118.7596
1097.9392
7416.3196
2981.5636
1674.2413
-778.06142
935.60918
1392.8681
2088.6074
626.2823
-207.9756
2402.0689
2194.577
515.12732
1394.164
1001.8412
7049.2399
2345.7995
523.86973
865.52396
634.59525
1310.6926
1768.7141
593.32965
1228.6856
2840.4497
2700.3641
1306.4411
1730.4063
1609.9051
650.70744
2034.0866
1623.8254
4529.3715
332.40045
1190.6431
1966.6373
-222.16665
2713.5268
2164.6233
-276.67277
-834.61136
871.59573
1260.1796
2533.052
624.7194
2652.9426
2843.1551
2457.7019
1948.138
1878.0679
2688.3287
721.0968
2946.5344
1883.3175
2051.6342
510.73569
2167.3927
575.07659
2922.4136
386.65663
792.74259
1997.9562
2451.1004
570.53947
-386.28348
566.96249
1134.8474
761.0885
1393.906
2629.19
7048.3688
2385.7349
6973.9931
2511.4644
6874.0927
2449.9254
471.11048
2479.847
1021.3421
572.80262
1114.7126
2603.174
662.52484
2716.0912
1055.0203
6346.65
1291.6916
1599.4588
469.90068
-115.29473
216.4428
1806.5648
2670.4103
1981.7629
2167.1001
453.73919
1360.3823
127.63291
324.07214
522.54468
374.24579
2309.4246
2501.7488
2118.7709
785.53563
-858.11976
2681.0425
2493.4135
1845.0765
2170.0327
2552.2563
2152.2772
489.78637
480.05838
1965.2305
1780.1459
1838.4531
2876.4667
1431.3805
1734.6271
2659.9614
652.18749
2617.5241
1218.4573
1677.5927
1352.9199
1343.1684
2581.7496
1552.1413
2214.8463
2360.72
2140.5684
2818.1672
1824.3773
2550.2069
582.67023
336.32886
442.33374
37.653936
1044.4472
752.6335
7488.6654
1086.1225
303.70884
183.44567
-2.2357572
254.26683
560.49062
1643.1495
2334.4863
1127.2109
1012.3472
2689.6948
3868.9655
-243.2248
2117.3925
1312.2832
1467.5117
1568.2835
24.978202
2117.563
1815.7127
688.59545
2753.2668
2150.8048
1800.9397
1998.4792
2622.8163
-872.80413
2593.3881
1419.2269
7259.2682
760.26306
1627.5951
340.62404
1030.1322
37.406683
570.45513
1767.8769
1659.5048
981.50529
1641.4022
7088.5817
2451.2529
837.67007
532.35357
1112.8826
2862.458
821.26615
988.65628
2634.9403
1230.964
2419.2654
949.13538
7034.5599
1165.4885
1311.3236
903.01969
610.42797
2791.7511
1306.5059
778.82869
1801.2664
2767.7517
1668.0477
2495.2202
-488.1494
1803.3654
1824.574
1367.7509
1459.3897
1957.9093
-316.74353
5.4132809
46.653769
1384.6785
710.14415
240.14269
2514.5602
1837.587
1618.2385
2435.8672
1091.6548
279.14599
465.44552
474.26952
2214.4578
839.06605
-125.3942
2548.9494
2899.7248
211.52416
1381.1166
2477.447
1274.8344
1575.9765
2119.8985
1909.7236
1714.2665
1309.0409
748.30146
729.77138
1218.915
399.40229
1088.017
450.71051
2781.2845
1832.7035
361.12907
1638.452
1948.1592
2509.1789
2338.7351
2301.9039
1223.5291
1275.8891
7259.186
2828.1675
2693.6176
2546.4497
1123.0372
3490.6987
1641.1303
2509.0224
2525.1705
2031.5826
1650.4908
-68.44494
1618.2102
1530.4641
1881.9617
1537.6351
2423.8445
2233.3593
1810.6935
1249.1226
1025.8044
2265.2276
380.56839
53.354666
1468.0314
403.48454
630.10994
1685.0432
1343.1249
2536.2481
455.55439
2487.2556
2901.9111
2406.6416
783.04017
1156.5796
2833.5087
1454.5238
1568.0149
1439.6277
-248.65571
2786.0625
1395.2724
2859.5047
594.73648
974.92478
2319.3774
2610.1704
1817.8815
1234.0045
1456.4802
1975.1557
1643.4716
2339.5421
2758.1809
1522.1242
1269.1992
1342.3603
2285.9484
2576.5196
2620.1564
2299.9847
1434.7373
2221.9108
2362.9871
1773.6652
2764.1801
2407.0654
1023.2241
1451.831
893.57899
1230.9665
7135.22
1794.9236
1977.2277
1952.6473
2574.7756
2533.1279
2436.5827
960.50334
2527.0647
2047.0655
1132.9483
2739.9021
7051.3903
777.1861
1634.845
7049.6611
572.64234
2075.1256
1718.6122
1310.6687
1296.6961
1228.4089
1239.8904
7155.674
745.43091
1470.0412
2523.8605
2178.5899
2086.8261
1786.6717
7195.2003
-199.66326
1114.2219
1695.7171
1118.5389
83.540646
1765.9143
2853.5632
1661.3126
2256.9343
603.25775
264.95147
3025.7711
1775.241
1677.0168
520.30579
779.78439
676.96053
553.70667
2710.2992
785.89782
2873.9351
2666.6419
890.01652
1466.7726
701.93913
2359.8905
2673.12
1727.86
833.41732
1344.3318
1312.6105
3179.4471
1753.6728
623.52441
7482.4414
7107.2899
1007.8061
2322.7703
2373.2144
1444.2458
1669.1487
25.240733
-166.44865
1324.7551
1709.858
1821.829
7137.0623
1306.4945
2502.7551
128.87813
7239.2326
1434.9032
2710.6376
1891.0979
2836.1758
2777.0883
2371.9207
1719.0393
1817.0101
877.71681
2203.7756
1732.2359
535.53316
1665.0251
1792.9494
1357.2585
1323.1635
1433.3632
538.59184
1550.2952
2297.3931
-9.5291644
1279.4945
915.61063
527.1441
2175.1946
1300.695
2459.492
1823.5826
1799.7263
2152.45
171.6258
1880.5361
2305.9173
1197.5109
1610.5052
567.92604
-1404.9094
2783.4035
1352.9665
1125.9364
2132.3728
6976.5326
1351.3988
519.83132
641.88681
2509.1711
2573.72
1948.8406
1392.4068
2248.709
1976.5829
2162.6351
1761.5433
682.74001
847.34444
1908.2678
7144.2232
1562.9714
2820.5025
2149.3767
456.74306
1228.7162
1217.8602
2616.6053
1012.7355
281.89837
1463.9351
2645.7249
793.17983
993.63155
2237.229
1822.5895
1923.0037
943.10785
4406.8268
-258.08445
1839.4075
2113.7376
2390.7926
2500.9927
1980.7584
-71.969585
1600.5022
2715.8968
3886.4481
1975.9438
986.83088
7039.6191
19.046332
1968.1821
81.968664
1752.0717
457.37045
363.24238
-3.8675076
1195.2067
1024.8474
1898.4408
1104.4128
2279.2905
1250.8577
2150.749
1211.607
2312.5897
1478.2711
3043.4022
2968.0978
2381.0378
2785.9711
1880.2227
1480.8047
612.81001
905.93833
1460.3698
342.18267
2476.3978
1181.0455
770.76691
1568.7802
1639.5603
384.77096
330.85913
7119.1333
2117.2231
2346.8864
1830.9869
7149.4781
2311.4788
2685.7014
2652.2163
760.38816
1560.1192
1155.4016
2791.8325
2669.971
99.403405
1511.5892
622.62689
177.86892
884.47005
424.77724
2386.7813
539.68365
1464.3643
1444.5471
2868.9562
1844.2689
2857.0004
-73.195941
983.693
833.35459
1616.8896
1709.663
2672.9255
342.994
360.50799
2666.8654
2877.1413
1971.9161
1831.5021
1795.256
134.97882
1221.3788
485.38233
779.22909
1813.4593
-249.9516
6405.674
2240.9105
2463.1101
676.35258
2311.8711
486.84176
2016.7194
7264.3001
1578.9628
459.28306
2530.6941
1073.3925
535.74399
1475.4682
2048.2936
1263.7902
2680.0771
1758.8699
229.45078
1167.0153
513.09126
1203.7702
2375.9048
1121.0002
-447.77384
834.66269
2218.8605
789.78617
2724.1866
7046.4284
2884.7591
2311.4083
1038.9039
-113.50434
1073.8885
489.57409
872.45099
2388.1123
-74.98321
1622.1961
1009.5444
1451.4584
7149.9923
570.28191
21.984348
2032.7114
1907.1976
789.56712
1661.7232
7169.2266
780.51761
415.76548
2107.6359
397.01997
1315.4735
342.26252
7268.9507
532.7265
7046.2792
2578.2309
1435.769
2219.272
2269.3439
511.06127
410.97194
2831.6369
1162.9607
1768.3155
720.30324
2164.2673
1239.8616
682.76804
2175.9272
1829.0446
607.07545
1788.1865
1218.4704
188.29805
1833.4013
317.14913
1004.1989
1732.1091
105.59858
518.25643
1346.3048
2685.2983
1923.2953
2219.8123
1610.6144
2588.3494
1856.1893
534.85653
-206.90175
988.86841
2342.9113
1416.4417
-457.32634
920.14775
1323.4834
2452.6851
2248.0551
490.36293
723.45854
2059.8985
2214.1076
1680.1801
2408.0012
530.47251
2788.7527
1888.5508
2127.2022
2380.0603
2847.8834
2821.1205
2848.9957
482.13866
6793.5165
2101.1753
1620.7235
1548.1954
1903.8019
1874.8187
1626.429
426.41628
1766.8496
961.75358
457.75483
1720.5851
4923.3174
1957.4401
2531.904
-741.63968
1547.0181
1135.1551
2958.9147
2198.7436
753.32257
334.56701
-72.416314
1077.7805
657.04854
1596.9007
1179.2285
205.59876
564.75934
786.09288
1002.8304
632.57139
49.745596
3357.9902
1742.0798
2080.0138
2692.404
2431.0684
2345.0856
2442.2367
2200.5802
331.06319
367.60127
2573.5307
1201.6343
1283.8111
865.4214
1584.5598
289.91011
7324.9857
-292.55327
7283.6705
1638.2132
2730.9445
1935.5565
2379.3285
1387.8433
1678.1915
661.91789
1640.0267
911.18721
1255.9743
2284.2882
1039.8808
2823.8735
2063.5646
1527.5363
647.40705
2300.974
1170.1444
643.08949
2459.9694
2351.6944
1422.639
-305.13843
1240.5643
1459.0869
2786.5969
2478.1342
1033.4718
2829.1353
442.12688
2538.6307
983.4733
1555.5771
2611.803
2151.7082
1720.4793
1663.7689
513.45228
2696.0105
1537.9386
1590.7726
1081.0633
1308.0154
2080.2084
2208.5005
1069.7644
344.60008
1165.7929
2698.031
2158.007
2757.4157
2353.4236
1334.3651
2594.0315
3164.8839
1304.8763
2208.1683
469.24239
2433.6541
751.55253
2276.1504
2165.7219
7061.6498
-731.7471
2600.1355
934.79098
2594.9816
2139.9721
6627.9588
258.87291
766.49514
984.84304
1808.092
714.61873
2575.3104
2476.3501
1709.1629
1349.1646
295.00749
578.22085
1198.7527
979.10115
2004.5944
451.53048
1534.3919
1542.8839
988.04566
1193.1807
2763.4545
2527.1247
2333.2462
1349.6137
743.10371
2624.5904
1359.1633
638.20244
1879.3824
2448.8068
1027.0025
-189.67511
2290.3022
904.36635
2898.5628
2882.9191
2750.2661
1098.8128
620.83286
7030.7542
2093.8528
1014.6857
1932.2194
772.50519
1789.8708
2596.2221
7041.7228
1389.4722
2194.1367
2427.3605
2422.6094
2537.5052
2506.3333
624.19786
542.22854
1888.9413
1371.2206
490.48749
2902.6375
2697.6616
319.80959
105.49772
462.47283
7030.5017
2339.3093
2671.7933
2339.666
2156.2034
1100.7168
2451.4874
2190.1956
1559.6518
-78.627595
2143.4138
1258.9552
2893.2756
2452.1105
1920.6833
2833.2741
2556.5931
7138.9931
1471.2615
804.13722
1116.4041
779.08662
2243.1006
1402.368
1839.6713
1586.9404
1651.6066
2274.225
2364.9667
1770.9431
849.2002
921.89148
1429.8458
1043.6252
613.33236
2924.8978
627.72891
2517.6865
453.86442
854.92321
266.0009
2579.9893
2102.976
407.51953
1879.8193
614.02876
1622.7682
1853.4227
186.36276
683.5021
1795.7047
1909.1406
2254.3636
1330.5029
2376.4529
465.00611
2699.2384
1295.1652
2466.5694
523.07226
1362.0168
626.02245
731.41872
2844.4546
1317.5756
1421.2052
886.73122
623.61202
1171.1148
1655.508
2699.7017
6907.7757
2570.9039
2600.8337
1422.6844
2580.0716
1727.59
1754.6127
7494.9709
2232.7629
1111.3571
2683.5395
2694.4492
1650.1781
1178.0463
2506.6978
1222.3144
1645.9546
2314.3866
-532.40222
2114.2957
420.38715
601.73332
671.07227
7284.0571
213.9415
1477.7333
784.7376
2079.6722
2303.2242
1931.9752
2470.07
2262.0658
739.30824
2853.3591
453.64713
2593.6722
1800.7854
2099.6974
3137.5158
1557.6087
2539.1043
1595.464
-184.51006
1172.663
1523.9943
2721.0837
1921.2777
1165.534
592.77903
-792.419
2192.4366
2143.0066
2796.7947
2622.1862
874.98684
2041.3007
2492.5711
1827.1634
860.11699
2481.4934
2232.8035
-204.41301
405.37593
631.97787
-571.0983
334.64593
2318.0334
7044.5604
2186.4369
457.13939
2575.0141
2192.9638
904.0763
477.78034
2318.1178
1095.0164
2413.6324
837.30208
338.04111
2109.9385
2185.1071
2193.3373
2111.8683
1823.6758
2386.1185
2535.439
65.53234
26.25458
-194.98978
7039.7764
2634.7388
2218.774
1408.1867
2426.1114
2207.2855
48.632271
2288.6588
1426.9257
970.9429
-57.484793
1533.4553
1269.5541
1477.8851
1291.0669
285.01744
26.219573
1659.8396
1095.8532
1910.5977
2578.5815
-91.20857
2374.5325
1761.5846
1865.155
1963.1233
1619.8739
1621.1219
2853.145
-613.72832
2560.3414
1611.1256
1203.7293
2320.4071
1469.775
2444.6135
2527.0967
901.02635
2281.1404
751.98843
2727.4809
149.37113
1108.0934
2283.4822
7022.8583
581.82156
7485.4106
4196.9616
2210.7893
-15.987432
1903.754
-41.032862
-524.95828
345.61167
1433.3401
1128.699
138.98626
873.57382
2174.4254
2742.5849
893.91207
2463.0594
5606.6372
248.61849
1760.0591
762.26456
877.51841
401.46604
1944.1653
1692.9272
1010.023
2393.3282
1169.6944
2425.9055
2005.4651
1906.7784
2137.1327
1805.7699
1121.3977
1565.7192
2444.7754
19.521336
2833.0956
1431.1155
1419.6739
2359.0656
2273.8085
2222.4549
7042.6414
826.3768
351.40004
1117.8503
1863.4588
2257.8429
1820.7431
39.7417
2390.706
1606.7048
2305.7465
2567.8669
1717.5279
1491.3985
2472.2478
2451.3491
1727.1623
677.21816
1906.0975
2577.0428
246.83073
1924.7099
689.04874
1141.6819
2534.7564
371.49259
2726.2949
1689.1712
137.20248
2750.0801
324.89276
1386.7996
948.5303
2149.8173
1111.1517
1381.8472
1227.8431
2552.7094
1083.8991
1076.0347
2118.9393
468.54393
2301.8466
1478.1129
-791.42979
485.1061
2754.7068
1336.9262
1961.7258
2298.6845
1895.3293
7422.8466
233.33403
482.64072
2342.7806
944.25309
1640.9202
1790.9226
2446.0187
6.4968251
362.58355
2307.0742
1853.6336
7552.1674
2166.8091
2136.7157
7371.4758
1094.5206
311.64469
1095.4005
333.35337
2759.6186
-108.82019
2771.7919
2237.2699
1965.8593
2288.3268
1282.8924
2307.0156
7070.526
715.29467
349.74067
977.60181
736.98312
1381.8472
431.96158
7244.2048
7335.2717
2810.475
2362.7878
2875.0644
1500.2713
7039.5487
7398.0524
1191.9385
625.32478
73.606017
527.54472
1314.5017
2380.6213
1067.8834
1659.4406
1347.3532
1350.8547
613.49218
830.34268
2268.8159
675.59209
2377.0844
658.86802
2034.3694
1128.1309
463.1442
2155.5747
991.20317
1387.7896
1920.3696
1903.8471
1281.3181
-36.611227
216.23585
2909.7073
644.00883
2727.6634
1304.4693
2563.4471
1562.4455
1641.2514
987.00387
3084.7018
1448.0377
1362.3436
1325.4099
1465.556
1778.0213
786.49881
2044.6524
2725.0783
1160.6186
2212.9639
269.9922
1111.8392
1724.0937
7230.932
776.09262
747.82536
2673.3834
1003.8787
1129.5307
1142.7665
576.13726
2553.6444
626.87055
2481.7999
1070.4834
677.16697
2456.5594
1770.8821
995.17803
1719.5968
310.93593
2100.0381
2129.7023
2763.2143
1441.9528
1593.4095
2385.1972
7266.6156
523.78521
1267.63
2391.8682
226.43015
1176.9375
2386.9839
3070.0366
1935.9426
798.94365
1623.6895
905.67549
1298.0271
1061.7925
1417.6348
1426.251
2609.0699
974.18711
632.91882
2079.7446
1836.3234
2565.1584
2672.8902
2736.1311
2600.124
534.55121
751.40018
1180.6935
3897.7621
-221.52057
2574.2837
1912.1531
-633.95682
1313.2328
2224.6321
1067.0916
1173.3644
2347.7498
376.46331
1914.2415
627.09113
524.56946
550.01288
1589.92
2826.4506
1831.0002
2042.7026
265.21083
2895.1297
483.08152
453.80813
2575.6568
2481.7187
80.968886
2004.1199
2385.1868
2930.6387
2684.1864
322.66579
1187.6536
601.84656
2503.3837
917.12843
648.70252
7090.5123
2479.7597
957.84004
511.38961
1028.5145
2646.8219
1504.6113
2357.5031
1300.0646
1284.2018
2164.6564
2363.6529
1101.2203
1618.5222
-56.338261
431.2471
1087.2757
456.88858
1022.7977
1806.1119
577.17096
269.7874
846.27984
2452.1847
1219.7158
1518.9507
1194.0341
1608.0475
852.26893
1639.5251
2764.2082
1396.4242
1141.0898
1353.8954
1128.6152
1557.3657
7049.7083
613.27839
2201.4945
908.05547
1346.122
2708.7646
2264.1693
97.224499
2463.6423
922.1688
1424.1736
3278.3041
1773.8965
1318.1438
2687.397
2411.2441
2512.1042
1479.2034
667.03767
538.32432
2661.4045
1247.9698
1440.8435
1606.6917
298.4485
4365.0084
1571.2891
2776.8069
1035.63
1129.5883
644.51649
1197.2695
1078.3938
637.73959
439.46398
2476.9857
859.31077
-556.88192
1408.9591
739.1524
1819.1077
208.08973
2174.5172
2422.0552
895.23348
1764.8666
297.13385
1483.2894
1689.4298
2511.7931
955.81468
1125.3801
2610.895
1034.9842
2382.9184
391.27029
2814.2009
615.45477
1609.5257
1338.8193
2692.6234
729.84626
1554.5475
1764.0861
2298.9691
2248.5241
1357.1488
423.58907
2016.8428
35.676991
27.985881
-272.56863
1655.8184
2367.4528
431.74124
1353.1563
400.37046
1072.5354
1780.5146
36.633198
2539.4445
405.33557
953.93318
783.62117
622.64744
1432.7751
2313.0636
2527.3675
64.225213
1634.6064
2890.6354
2017.2957
389.20431
55.110286
1631.5196
756.59015
1501.2561
1023.1073
2133.3301
1817.8107
6957.1909
2723.5881
1002.8357
2277.8202
29.934352
2261.3079
372.7741
985.49484
1737.6662
586.033
1474.2416
2871.5874
-70.232043
1653.8802
1857.6643
2342.5477
1498.8104
760.22411
1607.6634
2575.1695
2773.5009
2077.4706
2346.1242
1512.6759
2421.808
2106.1861
1854.3113
7464.6819
623.606
628.34798
1179.907
525.42169
1443.9539
1858.9273
7086.1009
1128.7565
1766.0078
2405.7229
7506.0981
721.38645
2800.5973
147.5217
705.56542
2221.5459
2151.3278
2671.0452
1193.0328
1285.4453
2348.4989
1508.0101
1081.4921
1248.145
2748.7809
1876.3296
1714.0099
428.98339
1830.789
4425.4717
2304.0838
1312.7731
-631.30013
1469.2533
64.615874
2969.0298
1015.2945
1043.6767
794.16364
735.30842
993.89785
920.6233
1418.9824
1467.121
2252.7718
1707.799
1173.4613
3230.9909
1080.1598
1633.9953
-118.81628
2161.6938
1164.2725
-354.25648
2821.5743
1934.252
-856.42375
939.86514
415.15798
-81.317815
759.49714
1741.8438
508.96659
734.08909
-23.684936
5847.3473
25.740811
726.69299
-48.944301
557.47843
2559.8549
2584.2231
-237.51146
2430.1747
2427.0817
1315.4868
1130.5644
1055.4396
2344.6827
2336.1696
2217.032
2528.2516
2468.5966
971.56389
2231.4061
1020.3549
2777.5233
504.40975
2381.7751
484.38304
855.40906
875.92813
2690.4148
1324.4618
1664.9945
7348.7886
679.2369
1485.0953
2513.0906
155.71479
4259.4818
2132.1759
345.76484
1521.3728
1262.9004
2158.4778
2500.5852
1253.6765
1208.8129
2684.9475
2543.2981
1811.5243
398.4051
474.06376
7587.1313
521.84238
780.54845
7540.9942
2574.6698
148.42416
6935.1046
2905.7562
1202.019
19.173693
95.558427
2665.3498
2194.7183
7509.5032
2991.8529
1809.7785
483.8862
1964.1655
-604.74429
2762.3905
2254.639
1695.2776
1994.9724
339.02473
2055.1456
2715.1881
722.48546
1010.1995
1451.4521
486.11466
1250.7743
2114.0392
540.8683
2212.0078
1806.1571
785.90762
1424.5151
7340.9295
-629.78269
2.2213302
2219.3951
1199.8239
2487.4765
1506.0392
2280.3088
1473.6211
432.58207
565.62529
2319.2613
2356.3013
2686.8929
1395.6703
680.26093
290.5276
1144.4344
1908.0491
3039.4936
1257.7147
2122.786
635.91714
2677.7005
2690.0958
2299.518
1389.8453
2222.0886
1143.9856
2203.2055
2511.0357
244.25662
2755.422
36.103016
1864.3298
946.7806
664.03044
7429.1891
2467.5667
1317.3145
1476.1187
2514.074
449.01747
1457.5732
529.04922
2478.1661
1480.0692
1643.7387
1587.5954
2089.0896
1780.8026
526.4902
1310.0991
536.71798
1883.2956
1820.6989
4472.176
2887.2034
409.813
2510.7381
685.3113
1903.6299
784.22339
687.7039
1236.4976
1266.0891
960.36025
1114.1785
1525.6787
2450.3664
1543.2003
1493.6393
1533.5552
1234.7994
1868.0075
1722.7743
1316.8872
2703.021
2612.4372
2199.2074
7041.7708
634.53773
1240.7015
293.72909
620.36146
1910.2752
884.68694
1628.9064
1207.1594
2709.6761
524.79501
30.912018
2040.8382
1221.9281
534.02645
723.87178
1303.8632
2285.2577
-388.89325
1854.7546
2257.1165
310.2866
2823.8237
198.87448
955.01508
1350.0448
629.87414
2158.9998
546.05309
1008.405
1850.3541
507.47702
1688.9876
1473.7402
2554.8191
1537.4539
2563.0667
825.59489
1827.3591
1913.853
2280.8044
1166.8441
343.14884
578.37281
2533.7706
2645.1956
1767.081
447.69441
2530.6047
537.35633
22.734666
2511.8673
1561.0196
31.006591
3158.3826
1678.0709
2614.7843
591.07094
2645.3502
13.752331
-47.592731
814.8257
1160.2803
1695.9148
1629.5185
495.5382
-122.46261
211.50726
711.82741
-77.669213
1185.5838
2393.893
2221.3818
682.081
7255.6448
2670.7179
-862.62138
307.99671
2767.4953
1676.5635
949.945
1211.2105
1319.0875
2299.8451
1666.739
486.62582
1296.7558
906.28983
1530.9059
2676.5233
2223.7562
2141.0214
1651.9407
1155.0401
2620.0752
1125.1608
2136.2383
-137.02714
559.89375
446.41004
643.75685
2597.4996
2129.9218
2747.7427
1763.8725
602.78312
750.16896
1813.317
1942.7522
810.76017
2815.7772
2144.4478
220.80978
2172.0971
1406.6454
960.25302
1082.9732
496.00871
665.60648
2198.3667
1630.9057
1302.293
1422.5289
2344.0429
2482.3966
1835.7049
1930.0085
3450.0534
2345.1042
2337.3528
1184.9659
147.77956
2210.928
1543.9259
590.82297
2584.7761
1133.9224
1883.9804
2144.0101
1579.5812
2099.5466
1807.5779
1725.9349
2385.9308
2473.8063
1890.8854
7041.1743
2567.7428
7420.6706
7139.1846
1345.8861
-650.37004
1153.745
1944.9309
2505.0485
2657.8027
453.66167
1050.3757
699.64706
1752.0246
2686.3218
15.448072
-588.64623
1184.6362
1788.4743
1005.8568
1327.5246
2279.678
1641.0023
783.42521
2484.5826
1461.1198
2319.4351
12.621738
2013.1566
656.87064
2110.9784
440.69631
2156.6832
1127.9671
1795.5455
905.41582
771.80907
1928.0917
1799.2673
-72.68518
1848.651
2092.8374
2524.7267
1713.5414
3395.5017
2113.6275
2847.011
1697.6913
388.29166
300.66669
1361.6483
2461.4561
2593.1645
2136.8811
2233.7159
1217.6887
2495.4099
2457.3071
7439.1404
372.74243
2728.1091
1091.2756
1729.6699
1512.9141
1973.256
1684.8188
180.11157
927.6112
2037.815
2120.544
-63.067223
381.07907
1895.7621
702.4653
1968.913
1029.4421
430.33219
1073.7422
616.8507
1870.1571
332.40399
923.22314
746.55886
1742.6355
2741.3021
1921.4228
1877.5886
617.35591
1384.9864
1441.4007
689.52313
1115.9672
2208.8223
7176.485
2563.3518
1567.3242
2947.2881
1940.4463
1333.7328
422.04448
2454.296
1578.256
690.14577
2420.1755
2139.3138
703.2993
2190.033
7151.2353
598.28906
710.83514
1065.3433
1568.0961
2979.5401
2783.3649
1099.7502
2614.7523
6524.9675
1166.3924
765.85609
84.313695
1608.7193
1148.7942
2280.028
2283.2371
31.897964
810.59317
2440.639
941.38285
780.14277
1673.0146
1478.418
362.79538
1395.3767
1218.9317
2759.2431
1312.2861
405.73197
1870.5751
2746.2666
1058.9613
7321.0929
7432.3649
2074.2615
1299.5299
977.5688
7119.7874
1065.5989
2837.1403
637.30422
536.93167
2312.9313
443.33515
1747.7364
2131.007
1944.8825
330.21308
329.89728
2498.411
311.36378
2762.9657
422.12627
549.23133
2683.1378
2690.9974
2719.9963
159.03515
2074.4586
1830.6659
321.40195
-70.5573
406.34043
7408.1381
2287.1422
1689.0419
174.37525
991.67889
538.48427
1566.6076
62.228802
2902.0984
2707.6775
1007.3181
1462.8301
2059.8547
2134.4725
2779.4145
1234.3629
86.832888
2587.72
2368.8073
192.42903
701.35215
7515.5923
-37.56726
553.08645
-33.613161
2537.3885
2601.9434
7044.2894
6989.2801
1751.9002
918.1627
962.53014
2202.8821
832.92069
737.02431
434.17739
78.334951
2517.7117
2231.9881
2632.5725
2569.1803
1316.208
1674.7167
1519.2485
1719.5186
520.38703
7540.1462
6929.076
1131.27
1296.6787
2265.7679
1601.001
2243.4875
2571.3628
2754.9671
655.4127
2637.7278
2490.6171
-379.52045
1907.8522
70.79458
1759.7574
1591.6922
-378.38753
2808.0796
588.5178
945.21428
2515.137
673.46531
893.86119
2531.206
1555.3817
1262.548
-819.47273
1554.6533
-70.69843
321.01601
1231.5915
2580.7602
1210.1157
2600.657
719.22717
954.59214
2325.408
1645.628
1848.5914
1475.5545
2402.2108
900.08131
1736.7132
2717.5384
2237.172
1819.0346
1560.9211
1346.5971
87.072194
1777.3157
2266.0876
701.895
330.12857
972.85965
2040.2123
1224.6894
1000.0011
1708.9525
-730.05496
777.82009
4004.2962
1466.1573
2122.3637
1420.3865
1291.4174
1587.7275
1605.6726
1500.0662
1619.0826
1164.4093
1335.0161
1144.75
2420.5621
440.82054
7345.7108
767.78072
2684.7627
2028.9591
1808.0823
1605.9499
-316.99845
1063.745
2691.56
748.61965
1066.4556
1383.6329
2790.4795
363.54471
2672.4586
1720.7206
1393.9055
2195.9289
2063.1855
2718.2378
2030.0259
7108.3611
1027.5132
2791.2769
584.55742
2926.4316
341.35964
898.25242
1544.8172
1993.0818
1060.2385
450.62968
2929.8981
1124.2736
2548.8219
2989.373
291.91115
2565.1466
2656.0712
2869.2904
1779.73
2870.984
526.10781
1725.1347
1660.1868
1934.5337
1847.6136
1331.3614
751.21086
486.10471
1297.2388
2382.2153
1124.187
475.37542
2263.1119
515.94541
249.52905
513.23046
1997.8804
1571.1798
1763.7183
1774.1508
963.0703
-378.11033
1073.8304
1895.9787
1577.8087
2955.8166
2527.4375
2052.6059
433.49759
2312.5559
2085.5231
1327.5511
1076.079
2919.4338
-166.23524
1499.7203
7049.7226
1360.3598
1820.1019
1281.7525
1630.8861
1453.061
2181.3076
260.77356
1817.4534
2474.9066
605.55475
699.26102
2775.1745
2719.0158
2729.6061
1123.6874
745.62886
7080.8217
848.32766
1771.4468
1505.7478
1940.3124
1790.6769
1064.3561
683.74798
1853.8927
2595.0622
1336.5164
1337.429
883.02155
328.20496
2322.0524
-61.836305
2605.5978
690.89875
1693.1846
2473.3461
2253.4357
2462.467
2586.043
1621.7667
508.16784
596.57649
1852.8876
1555.6895
7118.3631
2009.5936
1395.8805
498.98634
877.81779
1487.9272
2364.611
1402.7965
1046.7169
1155.1625
2460.7418
1631.2522
2315.5688
38.254081
725.85351
2377.8664
998.98963
2612.7487
2907.5505
523.77115
510.02013
7060.1222
330.06191
1470.6825
2736.376
1821.6624
1158.2903
370.76951
2386.0297
2025.4076
2611.575
1764.9284
1801.9082
474.75705
2691.2035
1724.8224
650.61372
439.43306
2504.1525
1927.5868
2553.1408
2409.0765
-52.666495
957.0054
502.12035
1343.8688
1629.0738
2771.7413
524.52414
543.00357
1605.7378
1093.0959
2591.6188
336.75547
7544.3918
2583.0039
2266.8148
1429.9196
354.31555
1606.1913
2422.8564
1883.2229
1454.1152
7507.2619
1880.9033
471.48986
-270.39831
1804.0947
-265.91364
2480.5842
1690.5616
1299.663
2489.8933
2797.3848
2014.5136
1502.0097
838.13083
313.72606
-26.006391
723.68574
470.26118
-64.454214
2277.7228
2477.0466
7150.2987
215.7605
939.88814
1019.5374
1831.7788
925.21066
2224.0625
257.68031
1504.7214
473.75416
1171.9386
-116.15029
2648.1521
931.9299
2841.9329
-261.72434
2385.0075
409.54646
1168.0133
-137.03645
394.43899
464.20443
2782.1642
106.19527
449.8513
480.88211
1741.0789
1085.0054
471.53502
2407.0527
-16.605544
2105.8022
2288.9177
536.29929
-41.484552
805.09781
2365.3412
2717.0594
-223.45997
554.71408
6.531042
1390.9983
2696.1178
796.6905
1559.0068
2765.6724
28.169365
1483.8303
2031.7686
2463.189
1220.3422
2210.3935
1676.8365
1970.0131
643.39871
2723.5357
2445.2242
2277.452
-232.01963
1143.4627
1496.0275
600.59157
-798.1992
1396.2262
1086.83
2666.7459
225.44269
1852.6358
2309.0815
1977.4104
2346.1446
1662.3076
2554.0222
1802.0519
1606.4578
1894.911
454.66644
432.727
2807.7206
476.00034
1622.695
1212.9715
1338.2381
949.10663
-276.2518
1824.4021
897.35635
1438.5186
1435.1399
1708.8842
1996.1838
1884.7038
2603.1237
913.07228
767.30833
3874.8289
2588.0349
2281.2845
2188.9979
646.77562
784.27982
2269.8007
610.29727
1339.7718
1869.2044
1800.7211
3337.7552
2485.1497
7232.1534
774.53455
1137.3379
698.02691
2505.6296
1178.8389
1358.8643
2398.9344
1170.1001
495.95368
2196.2159
968.15377
1741.9472
732.19343
2200.1007
2512.2584
372.17077
153.87708
-96.622869
2518.5855
835.42887
240.95337
7313.9018
-26.449145
842.24776
5664.4594
1075.2525
1465.7903
1263.7774
2484.0787
862.18198
1693.8574
1599.811
826.67136
1945.5072
-13.684723
2293.0317
929.27582
881.13908
1546.8635
663.40443
-733.09769
2450.8984
-62.492856
-290.41941
2442.6142
2531.7674
929.83245
2079.1964
-57.39225
640.10079
2764.1264
1197.8774
244.5847
648.62765
-35.606664
2390.7449
1338.8223
126.16945
1784.2607
1866.8367
3439.5438
1299.6419
129.90201
2348.4229
2865.9025
387.87845
263.87171
635.7102
2538.9814
318.88424
600.16673
654.77542
2598.4677
2312.6283
2416.609
2717.3591
1424.4706
763.96365
552.4317
-295.16763
1588.6485
334.53816
1063.2885
1881.4947
-121.54221
345.48219
-275.14623
1830.3293
7124.5578
769.68397
1136.0877
2445.0883
-844.77864
1473.4038
1963.4542
1608.265
2627.1697
-214.55755
187.55942
255.31076
1849.3745
870.56464
-7.2269451
1406.1185
1834.4212
1502.1956
2143.5653
1077.3203
1630.9352
1071.1206
7268.8306
1435.7606
2960.5925
2790.2207
2352.1247
2097.7668
572.22555
522.38878
720.19017
1614.078
1249.9862
706.59314
6874.6609
1689.3402
2376.8758
901.20113
1316.1048
1384.691
1260.4619
679.479
2074.4264
2485.9757
2432.5126
423.99729
2173.7106
-862.2922
1569.528
1174.8787
2688.929
1435.028
2585.2087
1377.2723
1899.2355
1796.5157
-337.8936
2106.9332
1550.0103
379.9171
2254.7249
2688.8248
-322.40074
1861.3893
3015.7397
1662.1936
1480.5387
2801.2836
2735.196
640.55124
2437.5628
2722.1777
149.43444
363.52365
2461.9075
1884.5935
7050.2898
1302.7102
198.35847
2484.0131
1453.8186
1306.2432
1590.3875
2678.5858
1555.971
2132.7574
2605.0256
437.76382
1528.0467
684.78082
1929.1302
1708.9222
1887.8812
7172.1581
-71.266889
1854.1701
504.70701
1168.1306
1424.4411
2451.8838
639.06981
1427.8472
1603.6675
1532.5928
2142.8122
2586.9511
2269.78
1409.3515
2410.5301
3136.0627
2772.4667
228.43158
6145.7599
887.74043
1333.6515
1099.1872
1794.8368
1259.9366
1098.9803
-500.48973
366.71783
862.29798
686.9106
2310.3591
1714.5022
1289.9043
2225.3812
2872.0218
2135.1281
1607.2487
443.30906
1383.8359
1272.5338
2430.222
483.94032
2605.3215
2480.2725
1725.1925
1963.3404
1509.2068
1959.523
821.03258
1958.5214
1688.3882
1594.0548
-350.56624
657.77
1862.1414
1479.6151
707.89041
845.69229
1850.5428
7243.7096
624.80503
980.02654
449.71136
1169.6441
472.74238
-819.67728
1015.8049
530.52043
2386.4528
2488.1503
939.47457
1421.9682
1055.3344
2874.5932
879.19806
2535.374
1585.4744
2555.3068
-274.63944
959.6197
2404.3124
7408.6336
2046.8985
1840.0374
1975.7135
2477.1345
2090.3467
836.49495
1505.6203
824.76136
7231.826
2081.9453
2256.1049
1968.9868
1475.1705
924.89946
6702.7545
478.7258
-6.9006597
2407.5423
2535.3044
1856.5174
2086.3018
2697.2994
2645.4237
182.97188
3446.826
2556.1775
1059.8419
-520.63435
149.24734
68.077202
787.30635
1691.1456
2198.5507
1910.3468
544.80302
1276.6136
995.35736
648.44614
330.80108
613.51546
2559.6854
370.90416
1056.2658
1535.7992
7436.4476
494.40718
834.23908
999.3852
7201.9757
1834.8322
764.3091
2131.0738
2369.9451
1723.8863
640.89976
2685.8715
1519.558
1026.7147
1071.1358
2439.1888
1958.999
214.79142
1288.9394
785.37815
2270.3664
2845.4553
2773.7787
1899.9133
2265.3208
1803.9595
91.308349
1434.8805
2273.296
2560.3766
2030.3894
835.62199
1126.4094
1843.5278
7228.9209
593.49543
2115.0605
2111.4455
1227.3335
636.85721
-362.92775
2920.2582
1633.1505
2520.1697
1941.3128
1946.067
2603.3574
745.8382
707.47235
513.07438
403.87409
1293.7924
1218.1052
2472.6222
2342.5609
670.67067
2425.524
551.89799
579.03021
1813.0083
1842.2805
1700.2926
197.83931
1644.456
2298.0064
2473.5297
2747.5381
397.70747
1489.7315
1135.1694
1612.2567
2796.8605
2556.6502
-344.84402
537.79163
2481.8661
759.29217
-312.38696
2466.9539
3297.6052
2502.6894
2987.7505
829.695
252.64843
7321.7056
1955.982
1916.7055
2418.1933
1104.1742
-70.882441
2383.7207
40.633849
1696.6361
1961.0245
343.26969
2086.4391
1390.8554
731.40454
2522.8809
422.49033
1904.4436
2733.6393
2961.7391
793.46467
626.62624
936.03573
384.16584
1927.4125
792.34504
1883.9252
-654.11271
1436.4472
-142.82261
2070.1039
1224.0571
445.102
749.41186
1587.028
2670.3871
2181.8378
381.3351
2686.0355
306.9821
1502.8562
7465.426
-84.795351
1755.0933
472.11506
1520.8781
661.17362
39.890852
916.12577
1887.1375
1131.9863
2736.2585
1962.743
2208.8868
1084.1484
2634.801
2735.8938
424.14967
2861.7303
2549.7804
1869.701
1556.8302
1931.1578
2468.1124
953.55893
2878.9957
1818.2664
1776.9263
2266.0273
2961.1966
2782.0447
7518.7315
2569.9288
717.00795
2071.2602
2658.2738
1502.9458
2951.9122
1094.8807
1794.3034
1094.2376
1096.0619
712.23177
1599.3602
518.20255
298.55112
2022.2019
2510.6112
-519.01502
1106.8164
7330.6328
1801.1101
436.55665
1618.7288
757.6593
-272.51557
2527.7161
1599.6042
-393.86326
2407.2832
1215.4502
754.09911
1262.3868
1678.7067
2310.8286
1023.1699
2264.0551
163.53883
1276.1339
2907.0926
2750.2017
713.74475
1346.5192
2883.2028
1333.2877
2264.5429
673.39969
2631.8912
289.49739
1160.8233
1525.4965
-506.51185
2429.8998
1975.7184
1295.6673
2404.4946
404.88132
1677.0917
1943.3145
2773.1566
1805.6924
2453.801
820.77878
626.60037
-354.60288
2259.1274
2946.5419
2159.6225
2631.7365
934.56736
1703.4529
-5.4679946
776.30788
1780.4077
1289.9255
-90.315353
561.4796
345.99685
-289.15976
2350.9052
327.89716
280.51862
2488.9425
1675.2292
2654.1894
488.22548
1535.3794
1070.8925
2107.5916
275.03744
1856.8757
1456.1554
2471.1417
-51.245534
809.07403
2298.5243
4001.4283
2727.7112
2225.3544
2486.3059
2072.1098
-92.580257
2715.5679
2019.8335
2929.8245
-295.32903
-62.358631
351.09162
1100.3819
2441.7071
377.54971
2510.1152
629.70435
3567.3815
1912.6728
2392.539
1714.6278
-125.25207
2547.0077
2480.5619
1102.7858
1212.0901
919.07136
328.81048
2954.2968
2333.4154
276.13987
1591.5023
1150.6196
1758.1746
1434.5455
772.09419
1871.7326
1899.0885
2267.3021
1118.6033
1276.9591
-347.85003
1753.9605
1672.9807
1460.6548
2828.5232
2034.4835
1022.6949
2050.0734
320.2136
1190.4709
1330.6698
-75.716913
-636.96383
2480.909
1891.7933
251.63366
7075.1907
1246.489
2096.645
2067.242
435.94763
646.09442
-173.68417
1017.4033
1530.1528
2309.0011
763.61957
654.21592
645.32532
98.981935
2453.5855
1364.6853
1873.1048
2197.7116
1179.7776
7234.1825
2347.9433
445.18447
570.37063
2474.4456
2487.0686
948.17081
7153.9525
1916.7809
726.61471
1186.5251
545.32778
462.36534
1675.758
1830.1713
1562.076
652.84907
1291.3033
217.26108
2700.6633
403.49203
343.30975
1797.7067
1090.6396
2000.0068
542.15812
1026.1372
1804.1048
3111.6919
1797.4432
2835.3593
1579.3216
717.94871
801.03667
1332.9226
435.33802
328.93234
1486.6837
409.67482
719.30344
1211.0219
1184.0686
922.99983
1761.1773
575.80022
2659.6023
1993.2039
1028.8887
1287.1139
997.83856
2290.6496
1204.2853
2495.8976
1122.7061
-152.56395
2228.0435
1706.1684
2822.6347
-63.024514
2502.9532
1502.1353
2112.6817
1209.298
1896.3916
-320.01932
1434.8801
1471.4334
2399.4393
2181.3994
1278.9076
1463.4062
308.99568
1543.4146
2455.0524
539.1372
1230.3259
2289.7448
2230.3434
2839.0191
2677.3072
-2338.221
2274.9051
1166.0273
2640.5448
549.14818
2169.3831
799.9139
1457.3263
1758.4739
1666.318
1846.539
2639.131
2214.5372
2342.526
82.223195
2074.037
580.35468
2566.0535
702.11431
1789.7889
588.83364
1999.8992
1537.5339
1227.6903
899.86427
2998.3311
-22.135874
546.01395
1502.3661
1755.0738
2561.6505
943.32143
2558.4539
1112.9562
380.72418
2428.4313
2267.1572
-82.37346
2228.4919
2171.3628
1538.8939
1998.8662
593.31691
1292.8666
-517.06798
1020.0218
1297.9183
348.02185
1995.2709
1126.0812
396.84761
3362.5138
2564.9135
1067.0883
1831.5743
2506.2483
2269.6696
1819.0762
781.89904
2536.5103
600.79494
604.10316
1959.1519
2459.6054
840.10804
1888.3968
7415.1512
2132.2032
2157.83
1121.449
423.35452
1162.0691
2820.379
661.68124
237.31417
2495.1399
34.005139
611.48089
924.20592
3508.5411
1543.083
1428.0003
2705.2218
2589.5093
-645.6794
1750.8015
288.84437
2477.4487
305.49771
1190.0287
1167.6451
1502.1974
2827.4075
2326.0937
687.36289
629.43515
2084.7206
291.13303
310.41619
1768.1584
571.41889
171.43092
1266.1555
1706.4024
332.62801
2027.6657
226.21074
561.85091
2364.9172
1765.1964
1974
2939.3792
926.40466
1395.888
-122.18358
-2519.0998
2738.3228
433.29302
1919.6713
3062.8695
2254.3843
565.17168
456.41723
853.00159
1000.7095
2160.1266
1184.3701
729.7849
884.41787
2005.9732
-83.529314
2266.0996
413.84062
4808.9524
356.17129
222.81001
-91.007177
724.5152
2310.3222
1309.9633
2414.5462
627.57446
526.92421
1179.2605
1745.7151
-565.49369
1523.2448
2741.0505
849.10448
1539.0804
1684.5542
2198.0665
858.49583
1626.796
2140.1751
1942.4695
1916.812
1013.8786
216.8524
1052.3376
-801.33973
2615.2213
573.51201
1844.9712
1152.3968
2488.4324
462.46062
694.86994
1369.5036
2301.8404
2287.7127
833.97135
1597.5159
1374.1293
2095.9893
-469.63953
1383.4737
1745.8777
2251.1692
1619.3688
2004.7012
1080.5321
2165.2505
604.55925
1773.5049
707.78317
1516.6413
1726.2145
211.70279
681.79446
232.85871
2736.6276
316.56107
2563.0023
675.4787
2363.6088
2656.0278
1431.5823
1615.4317
1918.8095
1873.684
1155.8163
2239.5301
1128.3928
644.69977
1237.5363
2887.1083
2149.0417
1520.903
787.42342
1825.8814
1356.639
2516.1275
957.63612
-125.66668
2983.4433
1176.467
1753.6623
2518.0587
718.18864
-177.6567
2846.1103
92.963424
624.59618
1739.6138
1843.4042
2320.1028
1815.4961
2607.7024
2388.9758
2313.3217
1886.6245
97.999153
1334.733
1258.2302
1447.2713
2508.1127
1764.4637
1045.5699
1473.2078
755.98294
2124.536
1191.1137
2519.4603
40.098755
1290.7751
864.18473
642.38861
306.9173
2505.2908
1202.412
1797.4419
2330.8779
2376.6419
322.85751
1155.2132
1621.9979
1855.5535
2075.7205
2133.2461
1299.0392
1821.2923
2388.5431
266.69617
1731.3557
2347.6063
1764.8299
2467.4949
776.93925
504.56208
671.59488
2017.4695
1846.9922
395.12765
1552.6427
467.94661
1262.2496
1035.2109
1457.4684
2332.5289
70.919088
1275.4323
7040.4337
899.95115
2463.4107
531.87999
1176.3377
1186.6438
1159.8035
1464.305
2461.6697
1418.6353
-1357.5182
3155.2975
1921.4889
1201.3583
508.21462
480.78238
-92.351408
2089.3058
73.586394
2587.3528
739.70841
1735.6633
574.89017
2347.4441
1873.933
1738.5458
1550.8291
1306.5029
2337.858
2731.4387
451.05088
1702.4806
1666.915
833.69303
1679.6838
1694.7105
1960.3366
2920.1033
2699.7274
2575.5163
360.81339
2824.6712
1701.5239
777.94448
1641.6033
384.62985
2619.6699
666.2261
139.3474
193.56854
2768.0103
2228.253
461.52869
1350.7907
2003.4284
1107.3696
301.33605
2385.799
1398.3092
1248.2526
1612.4556
1931.1147
316.88673
986.86542
12.69303
1455.5622
1116.5555
1712.8866
731.84804
2541.8175
942.77971
2396.7552
595.44838
7308.9874
626.93214
-83.258791
1344.6145
1875.0943
771.19475
6566.522
1520.1232
1280.2746
1168.5609
1767.9289
562.70422
581.11238
268.85782
320.34503
1873.3772
1661.3228
1758.3331
2771.1382
1239.3281
1217.9765
1240.3543
2319.7274
2152.602
1106.3907
1164.4112
1921.6833
1533.1416
932.02367
1346.1959
1906.1906
2077.6005
2316.2927
1119.1182
7527.1938
1221.6049
1260.9385
1152.0982
1800.9129
-895.68477
1418.7637
1612.1581
2754.7111
1625.2947
2569.3261
6222.8493
1840.6248
1184.5116
2167.4405
2385.8596
1611.7762
1117.245
360.15786
1819.3944
1035.896
7243.0157
2487.5645
577.02528
1800.0943
2242.8597
2334.0147
2760.5631
1728.9747
-564.79133
7506.7757
1571.311
2765.3804
1702.0849
344.28832
2412.8144
878.72471
2679.1173
2241.2904
2098.5815
972.16149
7426.0616
1337.8708
1266.1785
2552.5536
1619.9642
411.74029
2476.8658
3025.7203
2628.0615
1294.5531
2519.5317
1061.7764
2527.3514
1482.2566
689.55659
1084.5573
1599.8958
1291.0104
6841.1117
2643.2603
1280.8493
1012.0114
-349.41938
2675.5269
1124.3453
466.70916
1558.3331
1690.8197
2412.8822
515.06126
636.97784
2156.1655
754.14904
701.61835
2349.0572
783.32512
2776.5681
298.64449
2212.504
2622.372
700.96338
2280.2383
755.00984
1774.6792
1385.4336
2185.902
1130.5714
2718.1444
1399.4857
6564.9878
1165.8225
782.17909
2219.912
1474.3445
1428.2417
1469.5508
1246.9124
1925.863
284.44691
1063.2948
1504.896
301.69896
953.44655
-195.76359
1222.1267
1412.4035
2942.8382
2230.6759
902.7073
780.73346
182.20945
1347.1553
1080.6247
2568.0107
1850.3117
2568.8804
390.39667
1086.1493
1871.7046
2502.4609
7144.1995
2651.739
156.28469
1316.4267
558.82111
597.64502
1259.8253
2108.2281
426.84082
2199.3287
2833.1061
-157.54375
1486.547
1309.4718
1015.4323
882.07925
2132.4564
-63.562341
81.87028
2173.1784
2131.1373
177.84864
2342.7092
672.6296
-216.19472
2074.895
1023.8342
2592.7368
2623.3619
7179.3042
599.09095
2540.0519
856.74167
6705.6569
-66.925431
95.118873
494.73332
805.24489
2160.8487
438.09892
1332.2299
1716.0235
572.44424
1756.8972
1737.866
174.59269
629.6654
1396.1712
700.88933
2649.7593
837.69084
1459.1102
1995.5964
1464.6108
-258.67365
2147.6131
635.27014
2341.6384
2837.1514
1337.235
7314.0414
2666.268
824.59158
7042.9336
1630.2702
-201.63099
1260.7957
655.16924
1225.3797
690.85816
-586.75267
3026.1252
1512.7146
1317.9544
378.61623
466.1224
2196.5829
2079.3641
759.81079
1293.5966
2180.0453
1134.6611
2.3926117
1678.9892
2179.2841
2197.0963
2505.1596
498.9624
912.42275
980.64012
743.61806
2271.4261
2675.97
1803.086
2627.2738
1905.6646
-61.324882
1500.421
1289.4894
1336.6129
2159.3215
996.03888
957.54412
622.14521
1030.4087
635.10133
2668.9394
2834.2492
2014.3821
1642.5461
2339.8227
2048.5126
1723.0604
1318.6819
1258.5573
3088.9443
469.91886
232.9475
2312.8589
-649.96533
1570.5224
266.51694
228.29849
442.89719
259.70963
873.51185
2568.5349
1715.022
572.41756
2598.0949
1018.4959
1179.1525
1598.762
7110.4037
1916.7663
2505.1458
612.72931
602.57038
2156.6852
1006.4346
1340.978
2262.4621
2185.4579
989.53382
2300.3076
555.49505
2640.3993
1054.5064
336.38953
2597.2167
1300.1547
491.99285
1051.0471
7449.6164
2018.1686
869.03783
1010.6864
812.86049
446.67198
570.2917
2522.1432
1344.0326
1465.1644
1710.2843
1167.0863
2164.0826
701.08428
2385.487
2841.5457
1280.6355
1028.4434
2068.537
2508.2701
1296.6025
559.46798
2303.3935
-155.42583
-70.401176
768.35839
-38.024672
2390.9829
535.42457
1374.7828
402.7065
498.24083
1026.7446
562.06345
2455.9811
1895.8465
841.70626
987.79876
682.52603
1402.9275
1638.8382
2667.4808
2397.0077
1254.3206
1520.3184
424.33176
2327.1084
1355.0891
765.45429
2855.0342
2006.9584
-459.76727
2200.9155
1353.3093
699.6554
2622.7749
2051.6711
128.43095
1794.3254
2022.9202
-19.362676
1347.093
1312.5756
1004.8572
2463.8569
2261.6559
1265.4255
1339.7596
448.30038
1379.4871
2758.5235
823.42272
2241.1259
1584.8597
590.59636
2237.0381
2766.6489
1163.1473
1199.5993
2644.8698
2173.7301
1617.2497
1715.7347
-676.91667
1694.7246
1125.6385
743.47763
1298.9935
1914.9786
2904.4174
1016.8837
80.855571
1291.1303
2851.0465
2769.8307
585.90692
1533.0228
1693.909
2681.6874
-19.54049
2569.5058
1634.4748
1237.0626
528.901
2326.8997
744.9625
-88.49921
1680.8757
863.58975
1997.0687
626.77957
7043.6616
1564.1089
2720.8148
1202.8687
2451.6193
1726.7578
491.32501
2646.4756
2616.4044
81.032142
1161.8125
1642.0439
-44.570803
2084.3632
1080.0539
1120.2128
1944.7479
1764.0916
-194.68662
2299.0814
471.63156
1438.7125
2049.2251
2671.8646
2752.9002
760.55091
690.08478
2900.6947
634.93705
2218.99
-798.46632
2343.7274
2636.0493
1629.5858
1980.8408
547.33819
893.2918
1635.2076
2187.0458
2056.009
1291.5405
1349.7051
1568.1495
1870.0076
1177.6783
1351.2268
1503.8411
393.22246
350.92645
2002.5929
769.36506
908.91569
418.287
2443.918
423.83197
2043.3218
1964.8183
329.40079
-519.1293
999.01181
-978.26211
3301.1828
625.16775
852.5471
529.58198
505.75385
1134.4028
1964.8919
1697.1499
-63.133566
1781.4458
579.97844
1058.6486
2354.9705
1653.3112
664.0098
1121.6535
1963.1021
2812.6727
1782.2875
1629.4926
2585.7791
2276.633
305.72846
833.30828
1284.1625
437.38014
2130.6735
692.5383
1594.6422
1952.3566
2728.8219
1987.3552
935.22576
614.08851
2470.5417
978.11941
447.03727
2336.237
2010.1496
433.56082
2143.96
307.30347
2811.955
564.35094
886.75254
2124.2741
559.86565
2178.291
633.18496
1433.0675
1781.4466
1237.1684
2196.9015
1148.3249
1907.0548
1662.7079
1388.5493
2319.1123
482.12848
255.97021
785.48144
287.93567
877.95659
2709.1182
538.5403
328.05071
512.66679
2363.5506
986.59687
819.85349
983.27532
1544.9742
1130.1695
904.16699
584.70216
1381.9678
1358.9878
2018.2455
585.14873
2382.273
2478.5176
1082.7036
1477.8629
661.09593
1492.2159
2484.4874
667.03171
1020.706
7543.179
1965.5805
1136.4024
433.85962
1700.8842
-339.44911
1156.032
1610.3027
1019.1518
1244.6007
1567.159
1807.8305
490.9421
2641.4472
2274.1195
839.13402
1312.1117
1675.0467
2093.3793
660.97479
1466.6211
7516.2014
1597.1083
490.26561
1507.6274
919.3827
1391.7677
1351.1371
2308.3341
328.89902
1357.3104
2568.48
2435.9746
2269.7527
1137.0697
2053.2481
2829.7552
-353.26183
2443.3643
2092.1024
1767.8069
1038.1053
1662.6848
718.11249
873.9101
565.82561
2235.8852
2056.7744
2279.2541
2206.0729
1172.5258
907.78857
619.23098
2464.1759
1006.7168
1973.8906
1013.1014
1864.8566
2210.2593
752.9055
2402.774
1979.2145
1548.4114
1037.9607
30.879426
184.2073
322.39341
686.41328
471.9616
2431.5609
-1016.4768
2433.1053
2217.683
2638.3719
1183.8675
524.14234
2825.8626
959.3473
658.02686
2745.6072
-785.21683
838.238
949.76656
635.56027
1682.8988
-291.25053
429.80516
2031.3218
639.56872
2968.3424
1017.5901
7248.4841
1132.0508
1287.7586
1539.5647
660.71691
1354.8108
1553.9229
205.27904
917.54821
2908.8816
1818.2985
1312.505
2263.9135
145.74749
1206.8622
2130.7491
2216.9601
2730.3975
636.38994
2095.9013
726.80622
2630.9675
516.57213
1508.9632
-174.14394
590.03833
2558.6367
782.05033
788.53921
720.1808
1927.2839
1135.6952
2627.0196
2234.5473
1901.0402
2204.4981
2051.5255
2919.5591
1598.4914
-199.85252
479.4909
1896.9683
2168.5505
377.36066
1532.439
2046.1049
2143.3651
895.80659
2438.3673
1504.2083
1809.4605
698.113
1587.7025
7353.7986
414.53823
1694.7688
2237.0372
2618.7175
585.45867
2364.6127
2577.9144
1401.7325
2913.9921
1268.6033
1386.3999
862.82094
1475.7519
789.84984
1122.6592
1083.7239
475.38833
2280.7168
649.43354
704.0897
2615.3583
1362.5881
1914.0084
2094.9685
1315.6856
399.23508
2886.1239
2181.963
635.79879
1388.4447
596.34436
2048.1528
2323.4977
-572.84008
1132.8185
539.29
-281.1401
-334.07257
3461.2613
2629.7903
2341.9576
900.5337
203.51951
659.61327
65.527286
7550.2767
2773.2224
2688.0354
439.09577
2464.1589
547.40242
2060.1738
1092.0871
2349.3371
2808.6384
1046.7021
2083.6599
-24.300916
1994.7629
580.43518
1634.9025
774.95461
1430.0172
2562.5593
556.30544
510.04736
2310.3219
-11.559681
847.56597
864.01506
417.87765
452.26349
-860.47079
1485.9769
1804.4741
1172.2514
1879.86
1871.7023
2690.2835
1176.6504
2925.0669
1646.6487
886.50269
1220.5971
1594.1458
1170.5414
568.91433
475.72173
-519.68066
1500.456
1895.565
1418.9179
1321.9224
2776.0105
2226.7278
2146.922
2037.8028
2371.2125
1007.7583
2377.7228
206.80714
939.57896
387.80366
1025.8147
1955.4813
7099.4086
682.70787
1202.7242
1701.3138
2335.8115
2699.3914
1403.3907
2074.4496
-250.13879
1018.064
1698.3916
1404.602
538.00752
2079.2012
1649.8429
-533.88717
1730.9279
1492.313
2096.7134
1955.8109
2576.6351
7038.5657
-62.135737
6845.5592
2417.0825
509.94688
1956.0851
2119.3379
1618.9718
937.31189
1117.1008
1434.8238
2013.965
-135.67873
1320.2594
1069.5328
950.84797
2477.8547
1776.3683
1383.3086
1994.7518
798.47591
850.30989
656.42038
2539.9419
1174.9661
1033.5827
1691.8715
1628.6689
1170.9594
1381.3508
941.03368
749.41418
2031.0934
609.98996
734.47413
1605.3527
2923.3852
2321.5197
-239.27225
1194.7381
2539.1803
326.03926
854.21054
2138.213
2425.1241
712.68681
959.13883
2148.7319
2311.8731
750.15991
3010.5008
1534.5512
1346.6265
541.94016
846.33849
2422.6673
2378.3928
-141.64835
-18919.303
553.02515
1722.431
1907.7386
1886.229
2702.2773
1761.3039
551.74712
2645.4338
2470.2714
1168.2297
1729.0274
1441.5308
1382.3746
280.45929
492.89758
398.78988
6758.4881
1103.7752
1203.4276
656.55423
612.75614
2695.0171
-519.40452
2000.7332
1885.3121
989.30094
1059.0609
1171.67
337.91294
1862.9532
1381.5651
605.51635
1649.8538
1529.8561
7525.0494
897.73456
2082.9236
2479.4268
1838.4973
2525.7693
2386.6851
569.2423
1137.444
1415.2664
720.12499
4008.5709
2186.0046
1995.5524
7537.6813
157.30655
2350.7211
2085.3036
1845.1899
412.8332
1857.0941
1076.3195
1056.5608
-279.05308
2312.1614
1152.3664
2571.2167
1160.3411
3780.3923
1263.813
-323.76171
1066.336
586.08891
2487.7408
833.30092
2082.7473
1394.2927
1665.535
1162.7539
865.03347
2492.6398
1288.4241
1705.1047
2199.2723
2577.7807
965.43543
489.89039
1871.7686
1177.9047
2978.4298
2645.3932
688.08697
1370.0924
2740.6869
2349.7477
-34.796737
1035.5443
1265.315
1208.9891
1955.6841
2631.4837
1944.085
1428.3807
1627.3568
1331.7723
1708.9904
2106.8541
-148.16182
883.44767
568.02631
2131.6835
2270.7992
2104.0885
1746.7116
1382.4717
1008.044
694.75995
323.80452
1965.9571
736.0204
710.14773
568.31021
443.40397
1897.1185
335.87068
808.86381
263.99592
1262.1067
7047.0725
2527.6885
1284.2207
2871.8491
2856.8903
1994.6271
1564.8877
1913.9554
5310.3197
1047.5543
1289.8684
1456.6519
1041.3984
-792.40584
929.52968
2195.9426
1963.6066
-128.81449
1257.4294
2202.556
2475.801
773.70027
1167.3529
2435.7584
535.80222
811.253
2345.7469
2376.1365
-83.029531
2139.385
2268.1478
7237.7994
1630.4017
2471.6656
7169.7164
1893.869
2401.0896
2497.7046
1746.4522
1527.6674
1587.7783
1632.4782
2606.2915
748.8342
2272.1389
2486.0304
1570.6998
1380.6092
2611.8085
1555.688
2121.7802
1502.5088
1003.0576
-14.80741
1957.2685
1793.6033
742.81161
1868.1471
1328.9868
2612.4151
1748.2908
309.31695
1739.0516
802.4526
879.60431
1303.0574
2503.8237
838.19598
939.53506
1198.6924
1322.3865
940.61402
2392.692
1174.9777
2292.0528
867.54487
2809.5588
731.93473
1192.0141
938.00772
-500.90872
764.80601
1092.3253
803.27904
1610.9921
1076.6012
1336.826
5124.1596
2794.7059
790.73071
614.24788
2198.794
1243.9047
1350.601
2360.9392
2226.4686
6970.4571
2122.8755
1769.1155
161.71613
-265.16137
562.66789
583.79119
1936.3001
-90.048356
1465.4561
1114.0719
2375.603
1228.0869
999.33496
5813.2796
1414.7674
1168.9673
1806.9969
2162.9623
558.35047
-887.15116
1690.7217
2583.4418
1181.5922
2197.7609
2578.3545
1197.5895
504.60331
-79.796669
2034.1223
2063.3735
2089.3097
532.91883
2341.3531
2008.947
6993.6561
-90.452081
7045.4857
1597.0639
2199.6474
1435.4057
1598.8895
375.00379
1834.3642
2496.2647
2675.0592
1608.675
1591.6005
7504.6826
914.20668
1048.0096
2783.8827
355.60828
574.00991
2204.2518
1920.5625
2077.447
7543.6896
1195.7775
474.86361
763.45514
2273.0142
721.06495
1633.5547
2444.7342
1168.1164
2909.6456
517.58071
1715.7521
1174.1303
1540.4848
871.33175
945.41608
2333.2758
786.91766
1758.0875
1986.3044
1189.2759
2103.5385
2763.0971
2103.9799
328.59481
2381.1626
2117.2999
2375.8787
-285.70496
2760.9824
912.05314
1682.7787
81.342652
1646.46
2385.2324
7342.516
2805.8946
2719.8578
7416.9887
719.28287
986.69956
-616.54259
527.48807
318.09922
912.08879
7473.5621
1397.8903
1735.0188
2573.9765
1143.9727
459.0792
93.351977
1296.0848
759.24583
2791.9039
571.73907
1112.6478
1121.3566
2202.3679
355.75242
657.34068
2631.9472
-250.52689
219.46262
1230.9971
1855.3126
478.72445
1614.0342
1131.1166
1425.3089
1785.6095
1985.9329
-791.32033
7162.0871
1284.3407
2242.2645
2005.2668
2614.2389
996.11342
239.74478
779.72227
705.17397
2191.9902
1720.023
2739.3043
490.20214
563.63783
-782.23429
2357.094
1437.1505
1184.5314
456.53068
1004.556
2160.2145
1028.3741
1429.8253
2305.1062
2054.4577
1522.3233
1637.4939
763.68688
2141.2248
1727.0535
608.36906
2825.3146
339.74441
-470.09218
932.37019
2375.9017
1158.1331
2784.7151
433.20362
3043.0987
1069.9736
341.92995
830.28835
1803.368
1352.1253
1546.1985
1703.6545
1118.4076
7536.4391
1406.6326
-580.41957
1147.2147
2630.9911
719.76311
989.41904
675.17438
485.33041
906.98328
7543.6626
920.15199
1387.2893
878.52032
785.88135
1803.3405
1676.5812
2953.0883
1132.8701
701.99617
713.33765
606.52114
2977.4956
2152.7543
619.13187
1713.5094
1224.4064
1204.0861
915.54739
634.15569
767.07444
1089.828
1381.6319
501.03678
1907.614
2718.7688
656.26872
313.95525
1780.5409
461.35644
1478.5487
592.42656
1629.0936
1229.1183
1784.2608
1455.6074
1665.3316
1145.8582
7012.5515
1178.8655
2273.68
2308.5198
2515.9997
2027.7953
466.20308
1357.7538
3008.8484
965.80168
1028.9223
-56.220559
1014.1109
812.9828
2229.5267
1205.7567
-112.0861
942.44883
2982.6486
377.34114
1259.0623
1276.9333
519.64166
680.49332
2678.8882
1842.1311
525.64048
2523.4573
229.98663
1145.935
7577.771
-322.70223
1425.1485
2709.5454
536.72047
1200.792
1450.8166
1076.0986
1038.5338
2199.9878
522.22469
2223.7136
52.518606
2524.4534
976.65982
1765.1364
591.11231
1879.8276
649.15754
4873.945
684.53357
1408.0597
2324.7959
1301.0649
503.12847
-81.362977
526.1267
1606.0085
1949.638
2345.5979
1178.4311
1416.9171
1882.984
2484.4455
1460.8927
630.10094
746.30322
1826.7947
2644.6221
922.54286
-246.49876
-457.03599
1610.6401
1791.671
2841.0626
-235.35348
1350.1799
2635.4902
-683.20412
497.00328
7115.7427
1762.0032
2630.381
2119.8309
1401.9072
-139.38736
877.27858
7145.498
2628.7568
184.38248
2509.3186
607.00216
1256.5326
1449.622
1903.9832
624.36923
1427.151
2927.0745
188.35655
819.50227
1381.8392
2434.0861
582.75838
751.9173
324.42104
2354.5388
2856.863
2129.2719
1344.1658
2131.3832
1136.5185
2017.7636
1808.0844
2253.1679
2759.8611
281.29806
2762.5452
-106.85555
1997.0419
2885.9476
1722.9195
2011.395
2910.6295
2324.6514
436.13472
962.90356
1487.5514
1019.2759
1428.3699
919.44769
7138.6148
2067.088
1743.9704
847.84535
1449.5792
1242.7637
2243.0205
1334.6517
1846.9628
447.58077
2577.5993
36.956932
1598.6927
350.86565
294.01677
2020.2456
1590.0551
2091.5643
1384.745
2335.9015
278.6
6901.7641
846.69437
1350.184
2596.5719
2297.0468
-603.92317
2295.4589
792.87331
1315.3623
329.41467
1130.4085
885.59828
2438.2352
1171.36
2415.423
1757.5752
1024.1279
992.42278
991.49733
1069.1626
2261.3782
1254.5544
1806.0247
2759.7034
1661.5215
2354.2411
2437.0494
1955.1586
1796.7651
1182.7117
1890.2835
2450.6826
748.35954
1813.7003
785.72764
1305.9236
901.4793
1108.3173
1261.2895
1860.628
2595.8174
-267.72542
348.26172
666.71507
794.11273
1100.1818
1439.9378
-82.167666
2927.7059
2009.6672
786.43967
1381.3011
1684.4937
1707.224
2475.8846
1678.7166
745.62045
1855.1183
1099.5635
754.38968
794.30697
1489.075
271.32756
1031.658
706.63864
654.1265
37.593901
941.66393
2086.6328
1958.9757
583.68384
1683.1355
987.03789
2104.3665
-325.5658
2798.8695
2599.247
2407.4942
994.27799
2569.3565
5873.1332
2276.0338
1682.8833
2114.794
1243.4989
2660.0298
606.88886
553.51603
725.12141
1344.6222
1278.2488
2159.499
310.25139
7080.5546
857.70086
1428.5087
825.93333
-224.59993
1087.7137
7571.4629
2109.561
2339.066
-106.73188
1462.8237
7292.5897
1637.9275
2306.532
448.48999
2753.0368
1086.2621
2169.499
906.53487
2719.2468
2135.984
1005.9598
596.62863
1236.9613
1491.1606
1753.2525
531.75633
1536.0941
2243.7698
403.131
533.2262
798.91699
886.07919
1444.2413
1882.1894
2177.6929
2189.217
1867.9182
2127.0176
2304.4163
6989.8668
2115.2886
2925.6911
1370.9056
1874.6363
1699.9505
1572.8667
2050.3558
2489.4713
1004.4181
533.42932
900.43447
-218.51379
2721.1449
371.20961
1530.8634
-579.11196
1471.7772
1140.4562
915.29098
2398.0477
2124.6143
546.71278
575.78231
1590.3205
508.85537
453.96216
2153.2681
1956.3978
1617.3208
735.44407
7571.5949
901.77265
1887.1884
1261.323
189.0714
1724.6144
584.42144
402.73007
1939.7477
1724.0998
541.85743
755.50618
2313.2494
1792.0799
724.56942
918.32437
210.22708
7045.3867
-75.145628
1139.2292
-940.07045
2270.8403
2733.297
7505.4181
1146.6266
2256.1124
2010.9873
1511.6091
807.95602
671.87257
171.71839
778.64055
2276.4411
2016.7215
2210.6604
881.75176
1011.3742
2277.8024
1339.9221
913.91648
337.59839
2572.9734
874.17958
2677.005
3143.4888
5899.2411
848.73891
2372.6971
1504.4348
2344.8745
2568.973
1435.6443
1440.0772
550.40328
2783.8552
1502.0384
1071.8311
2018.3755
2364.6775
917.76665
682.36651
1486.4745
7.3415439
591.62936
2731.7476
1733.67
2603.4606
1057.6353
1150.7215
2830.1476
46.15829
7498.8959
7200.7277
280.20428
1091.5213
2242.939
2897.486
784.6933
675.8656
1009.479
1036.7577
1073.9669
7529.7202
392.32381
786.30816
1746.9176
1807.6934
899.91677
490.09226
71.165583
1615.4251
1665.8927
1685.2918
2647.283
2031.8948
1336.7051
579.4437
1144.75
972.13676
611.42677
1030.3079
1968.0254
2591.9015
2519.7215
422.49374
2048.7274
590.80747
2641.9028
2063.1152
1066.7645
1085.3671
1753.4281
2543.3075
7341.5225
-569.61258
2278.2981
1025.858
1508.8331
724.52326
1464.7286
2831.7718
1956.5521
913.62374
1921.5098
1292.5654
2130.0365
610.26247
2789.0461
433.30167
2352.0662
2043.1158
1791.7991
625.5189
465.82478
1662.8793
1554.1016
2426.6997
2577.0413
1636.2233
582.00509
1415.7144
1971.9503
1880.4828
2910.2485
227.13697
1341.0314
1817.5212
519.61892
1659.2788
1975.2969
1221.9182
1993.6733
180.96186
2374.0369
2698.5928
2063.2142
1311.1372
-204.27842
2710.4527
7337.4204
2747.6841
1780.8807
1086.5529
1846.3713
2075.3622
683.15019
2627.8157
885.06537
1660.5212
2805.3594
1025.8507
2340.4375
1011.8716
877.91281
474.59094
183.63124
429.44011
971.24074
3058.4128
1417.0655
38.984506
331.99103
964.27265
1431.4483
1234.3579
392.66212
282.9742
451.05067
2691.0277
2190.0327
2199.5598
621.6716
2528.2467
789.54614
655.25663
989.98844
2822.3049
6868.5854
2212.0938
896.52658
1459.1798
2344.1481
558.78477
672.56416
2266.091
1342.1218
2814.6387
718.62912
-506.12496
1411.5806
6126.8547
-345.52837
2041.8131
1505.5742
141.5813
1703.2287
1000.4671
988.80503
-37.892971
1239.7378
1132.5932
2261.8128
1022.2976
448.91163
2639.8993
14.858238
526.22285
2116.3315
1014.1811
1671.1401
1040.3768
1173.6801
2628.7229
435.57837
1908.8444
2034.4387
1752.5212
1454.4514
914.56417
894.38964
2183.8254
1459.3056
1312.4525
1523.8622
2066.8145
1064.8088
1808.6195
1920.6173
1027.5891
1011.8044
1349.5635
1476.1471
7070.8259
1330.6515
1446.4907
1398.699
2631.4152
2113.9928
1131.9181
2127.1982
1923.4309
2368.2846
1973.7885
2263.3202
-320.81164
25.401864
1622.3207
435.64305
2674.575
825.93744
1409.5536
102.10033
426.23033
1351.0227
2478.0371
2515.2773
1499.6756
775.39666
788.88585
2013.1763
-510.23037
2220.4545
940.25251
152.82535
2269.6246
2140.3148
800.9926
895.52995
1423.7547
1379.6062
671.01668
922.22025
2310.2592
2473.9881
1223.6994
977.9846
1219.3149
1732.2117
1658.3853
2244.5256
2376.038
533.09618
3410.7048
2533.1186
2386.1572
1423.5666
7255.3534
1899.607
1792.1307
1361.0039
901.60095
1308.9461
877.78013
641.64883
1832.1163
2069.2071
885.43281
2040.9685
995.73826
424.51915
1162.3207
342.2661
1116.7627
1639.8045
2218.1104
1447.9532
1592.8029
902.85907
1565.6285
-520.75882
2516.8021
1390.5475
-561.8921
442.93618
7473.4376
-190.90051
2216.2199
1894.5311
1515.9516
-590.99137
-555.37667
2561.8574
1090.7158
-783.78242
2024.3518
384.90978
287.11667
749.50762
1129.19
455.98987
478.3435
1055.7075
2332.4757
1114.9263
1166.7347
2357.698
-387.80454
1180.0759
2126.5046
1185.6175
672.74391
1593.4687
940.90712
1197.5124
7057.1298
749.7746
1610.5782
2262.1841
1003.1601
873.65823
1255.3431
1494.1149
1339.5553
1072.7103
1916.1112
570.33653
1236.5329
2289.0901
6910.2753
2125.9793
2149.8186
1988.2651
2496.8846
2920.5354
340.90655
1766.3062
2916.6395
991.994
-50.294383
670.26751
425.96169
130.48705
-10.963849
624.74842
950.90725
349.06351
1617.1342
-647.97354
1351.359
1866.4989
705.85761
2413.8369
1832.919
2202.8272
1876.6301
1429.6639
539.875
2180.2828
-146.08328
1896.5558
1221.9129
-352.11263
1348.3667
1252.7158
1684.861
1842.9988
1699.6791
-442.64266
7245.9454
2213.2704
1322.3646
4423.1033
-194.03781
1089.1469
7044.3427
1646.5426
818.34764
1091.3625
443.1877
924.74928
1363.336
2090.1176
7112.6006
657.56159
1482.2332
1189.0014
928.60403
575.80858
22.67037
2227.784
2272.2196
1070.3227
791.72537
1920.8467
2701.8692
1250.8779
2296.9333
1004.8556
570.3976
1633.1466
2397.25
1004.6814
2493.6486
496.34626
929.76815
527.45336
1676.2571
674.39848
1850.7997
2557.2612
342.00728
2330.8696
2387.6116
241.50329
1864.6724
2223.9389
2494.0498
-637.96129
784.26374
2592.3129
1233.1702
624.32037
113.14912
1424.6542
2383.9562
2496.3671
1996.5156
1993.6203
1034.3436
7472.0807
2628.4241
2284.8401
1743.8585
1580.8621
1870.6022
783.68751
1308.5266
825.08524
1009.0012
2085.8145
1419.9919
648.98798
670.3538
629.0316
1227.4379
1524.8438
-511.35602
2817.7217
568.82458
2721.0146
2723.5222
1885.6251
-983.71679
2475.2884
1502.7571
11.23456
780.5949
1034.6126
2393.4864
-226.96456
1850.1016
2001.0904
2335.5531
1453.4821
1906.4782
-97.480101
772.81253
1988.5923
2433.5689
2036.3101
7386.7957
-160.98401
-218.72872
2132.1249
658.70831
1880.2608
1734.8852
1754.3342
2385.8582
1034.078
2044.5508
1219.8756
1541.6954
649.07977
1211.8342
-355.64545
1690.4834
746.61194
2623.207
912.46817
1532.5524
921.24852
2062.206
2351.8724
675.33898
1949.5538
954.75051
2517.3412
681.09813
220.93844
-182.12147
1422.4801
140.75837
38.413167
2718.1816
1177.9677
2685.6495
2191.4533
2505.3671
1642.1523
2572.1015
479.1058
2424.4769
1205.1968
-165.44413
2300.7189
1839.429
2811.3093
27.205725
2039.9303
576.6359
1609.9453
1690.6749
438.54162
1118.8792
2332.8119
1700.0731
2062.634
2431.6234
776.5602
2341.4544
1787.5097
336.29666
443.30677
-106.92014
1511.0751
591.77753
725.77189
1335.8556
856.47239
576.09309
2434.7404
2147.2225
40.901054
1669.303
7202.3486
586.49784
1827.0831
1593.6406
2061.5078
1249.3848
7507.1632
2268.6723
331.68281
488.29294
2679.7066
1427.7962
-4.4065423
711.50587
1157.0225
2657.2213
2209.5169
1927.3741
2391.5698
1625.3664
636.29058
525.15647
975.99879
283.69043
1347.8922
445.75524
1041.6433
420.09843
7238.3695
677.47766
914.17919
812.31542
851.6617
91.309411
1745.8616
609.64227
2499.1631
1975.9949
612.24788
2650.7612
2145.8097
1126.0509
2609.1058
2105.8951
586.18327
1754.7468
6678.8581
835.43001
1722.7272
1303.6009
1795.8538
505.99317
-37.169185
2245.9271
1152.0278
2098.2497
354.03973
2166.4663
-149.52938
2225.0322
1499.2522
1663.8009
938.9405
2605.609
1164.3311
1244.5383
2404.1009
1335.8587
1693.949
1414.2677
736.16029
859.6873
2009.2501
1083.8515
221.275
79.22638
2210.255
-566.11819
788.1763
1562.8955
2688.9574
995.04038
2507.5602
2079.2092
2039.4437
2383.8984
2632.8668
2603.0219
962.42302
108.12691
1167.6922
2165.6026
2656.4869
68.902175
1127.8369
764.73149
420.17636
2047.3197
1960.0892
752.93806
4475.3725
2922.9124
994.89898
1912.7896
2040.555
7394.0917
7554.0329
1299.7148
1916.9805
-275.63133
434.62689
2273.7254
784.24145
1096.045
539.57112
1144.3069
2248.6524
1749.572
1148.5094
2022.8813
1428.5305
1957.7169
1531.2038
1467.7501
2312.3135
2154.4218
36.703175
1221.125
2761.3588
1567.239
1665.6486
688.57636
2144.9591
728.75229
1118.0906
2639.7588
1422.8091
1902.278
1633.2288
672.70637
1651.3546
1286.1273
1117.5397
2616.1515
1640.2867
1808.0622
1346.5281
447.75172
1705.0197
1519.5792
1758.1219
971.2185
2176.9118
2449.8652
2579.1493
1818.2642
313.86667
374.2832
2853.1494
-713.15237
1335.6977
2771.6247
1101.6268
2827.9583
1842.6515
2845.4242
2843.6445
277.70051
779.73781
1748.3545
161.02632
7406.402
1173.3876
169.10171
2824.8732
999.45212
1574.6925
950.20071
1204.5531
691.53042
1242.3857
2092.4876
1414.6163
1693.5351
-685.90698
-139.10246
690.36951
1910.3346
610.70299
6052.6431
1657.9927
1798.0929
1732.4318
1205.0552
539.22814
2558.153
55.883064
2464.5802
744.53643
485.70246
2430.9384
1000.191
1010.2491
2390.3299
406.94898
2261.535
2403.7323
2708.8965
2466.3924
2866.575
704.43183
2082.304
378.95629
2315.1601
2020.7759
566.17813
880.39457
328.71954
2189.0042
53.820627
2112.5552
589.88791
39.501135
1021.3037
896.01332
2596.9432
336.25543
1733.0098
1926.3948
1860.8564
997.90119
2396.4548
1875.171
596.9464
1020.6103
2705.6616
2653.3362
214.59541
1581.27
2341.9056
1208.9511
1581.6497
1232.1489
616.85641
1386.2399
617.07994
1889.5147
2431.7916
311.1717
7453.9018
1288.9964
-359.50339
2465.021
1756.0272
-451.3217
2686.7214
2556.2825
2652.1272
1723.1981
742.61622
-231.83601
1089.0457
820.693
1709.3274
2557.2487
902.69807
2022.7781
-201.07343
-373.38782
1868.3666
1866.6779
1460.5805
1907.6528
2110.647
2899.2094
2673.5031
2023.6324
1414.7181
2009.877
908.42231
2042.6368
1305.6976
2309.798
1722.175
853.429
1337.3457
1276.7814
2169.6987
777.50958
1407.6863
1690.6881
7236.1716
2880.0582
2018.2738
-173.97042
2304.6211
770.44569
519.61556
623.31415
749.15792
-96.874001
530.73367
903.0744
-89.074249
7026.6488
541.85618
7076.0314
1263.1461
634.70704
2146.1726
758.11683
2416.1216
7408.9157
1664.0969
1288.5781
7487.0172
714.85172
2008.208
584.97371
1450.944
-77.147972
1552.7684
1413.1557
1853.8561
1475.5257
-247.47087
1187.9948
613.9762
561.28779
2513.6812
2499.5786
1604.5202
1875.1095
1072.9186
1963.0032
386.60176
1164.1114
507.17299
764.43443
906.07185
1825.4225
1051.1839
2165.1348
2546.3554
2565.3297
1163.9069
2209.8075
2876.9484
2011.5169
2737.4418
433.87586
1108.5359
2097.3117
-348.58345
1366.4914
498.02458
837.81299
1700.0396
592.3674
-162.30905
569.77551
6780.4721
-19.070286
2534.1566
1913.2196
2647.1414
1252.221
2128.9889
800.61448
2695.5192
1860.2707
1223.3033
1874.0456
2169.2554
993.35252
1612.242
338.06719
1710.8156
1987.4156
718.88959
801.25813
-200.61548
-365.67179
7342.0387
1785.3267
1149.9437
1880.1002
1496.0938
2343.3248
2460.2811
699.38674
583.17881
-376.36682
1026.3384
1994.2602
1093.9683
1866.6807
7140.7228
-739.23483
1297.8111
913.01738
6301.5518
688.51976
146.7272
1624.9114
2688.2608
1546.9805
1452.9865
919.04964
1660.9327
1868.5371
769.14836
1804.3821
1745.5535
-2.8112564
1399.5491
1417.2464
1239.1705
371.42834
1793.5783
2732.5243
951.9956
-486.27879
1335.3567
1769.7456
933.15821
1150.7258
1901.9663
4926.822
755.81405
1539.0547
6883.0318
1000.6251
2715.5693
-514.93151
744.71823
1281.9021
2189.1847
1207.8832
819.85661
7458.7693
1473.7855
384.45071
2374.018
687.78865
2330.9021
1259.1772
641.60109
2720.7296
2040.6264
842.439
1133.44
608.28732
1181.9986
2275.9167
1191.0275
2368.655
239.78438
936.87123
2675.5663
2250.0966
1040.1186
2645.5524
2417.7102
1032.6027
2829.7724
2006.81
2703.1603
1189.8069
-167.40326
1269.3694
1281.717
1034.7297
1216.369
2579.8645
662.92305
476.69113
1776.3221
2263.3566
34.730435
1548.6062
1873.5572
2218.9441
877.85657
2834.0418
2861.3891
2417.9328
-327.13024
2263.7731
1844.2538
1006.4287
691.51836
2297.2026
746.59717
1118.2849
4761.6621
1233.6686
387.44279
6626.451
2566.5712
2267.023
799.29854
2696.6789
-675.05581
924.16826
20.715912
2598.5245
1170.0707
432.09678
1252.993
2287.8248
2408.6027
2594.2965
-675.37174
2296.8748
730.36908
2088.3945
2040.3964
7052.6556
401.98522
347.16625
896.16907
2063.3188
572.09073
7161.1234
1698.9227
1598.3035
1601.5868
526.00213
1735.0873
1099.3984
1252.7363
1799.7005
2797.5014
-565.23997
1778.275
1055.0451
723.76633
1307.3484
2521.7474
386.70367
2589.0337
788.93487
56.008536
1783.1529
1973.412
2044.0777
1832.2725
1584.8412
1327.4887
1392.7446
2583.6071
819.14713
608.84534
2104.8015
7557.5543
2588.7154
2404.9537
1008.3017
4185.6451
722.94841
2632.0805
1005.1721
2830.9681
1183.8327
1739.8952
1693.3155
-304.97414
1476.4181
2131.976
370.19802
804.3145
1883.5114
1349.8318
2394.9519
558.78641
2554.6731
985.85836
1095.2945
2557.1205
1578.4171
7433.8456
728.02273
2154.1036
2039.572
-2.842087
1806.8192
7190.9677
2394.4682
1263.6395
2303.5339
2125.2789
1518.2544
1602.3663
2364.7553
1662.4573
464.72595
-29.205659
1687.6368
1266.4819
-392.63782
564.16297
637.26958
1349.4869
1776.1829
1249.1051
1467.8476
24.506645
1242.5066
2129.8122
2500.147
2097.2676
2818.8341
2561.3693
534.95012
1853.6236
-122.97197
2167.1755
1599.1097
1222.9447
1430.8605
2123.0209
2601.916
878.28687
1884.5958
2591.6177
7074.2593
2016.0779
1412.2128
1828.4007
2254.6486
1009.7035
7038.5826
567.24126
2000.0816
377.86996
987.82696
1307.938
1003.9353
1337.1424
425.36504
1654.4555
129.75009
2106.1902
-335.00308
-318.73031
1981.5154
2753.7104
-556.30524
-159.57941
1872.7228
-157.79761
1841.9039
-262.39039
1480.3643
2541.2247
7489.6516
180.32965
1489.294
2431.0743
-187.07457
2565.2056
1743.3584
1238.5758
1269.4242
1994.7821
576.14863
1438.063
2039.7311
56.41883
7061.6752
1969.5059
1767.6704
834.14926
2701.3019
1999.3074
2547.2736
569.74315
2153.0986
-89.096369
1697.0647
1735.6794
1740.5323
1811.3801
2712.4862
1077.2979
-300.96534
-287.93899
1535.2268
2430.7511
1422.903
833.01305
2186.6569
-641.72396
-11.085775
2414.7737
1454.772
2761.0372
1854.7594
529.11293
690.8166
881.44208
1469.0461
1028.4668
1448.7609
1554.6496
2466.4182
2667.8269
2523.9243
725.00999
933.34593
617.91142
-131.77268
435.9523
-352.83163
1846.4134
1681.9017
1039.6183
801.44919
1428.9101
1626.2493
433.92144
1287.508
685.03645
221.68078
180.8335
2066.151
2477.1447
2026.5168
2474.6957
-256.5404
597.35355
1737.8904
476.65428
1670.4237
2723.2032
840.69258
637.60924
510.40216
2124.4104
1343.5006
1332.3285
681.6489
1382.5565
1795.5158
1587.3496
7006.6728
283.8609
2296.5358
170.34203
1843.9098
2696.4418
2069.5177
885.55949
2641.1499
1201.401
7251.3203
1348.261
2617.9494
2408.7372
1268.3328
2761.73
2029.7206
768.72884
765.61505
2897.4052
853.39783
366.22247
1305.9962
7044.9916
23.68814
1292.33
1979.2479
1871.784
1654.2098
2356.3923
2569.3124
494.57416
2461.5798
1844.2937
756.28464
1044.0093
959.7952
2454.381
2275.8077
-12.845096
7199.464
1673.5565
783.3523
-597.50684
478.45157
2176.885
1173.5303
7074.8467
535.92001
1021.3661
1859.203
7509.2969
4522.5818
1699.4136
2319.8178
1295.0289
1438.7217
2344.8024
1972.6968
712.67728
643.31702
7043.7964
1843.369
1263.4238
1664.1881
2692.632
1389.9342
1892.1994
1842.0667
1481.9321
1662.9049
-114.61224
1405.7246
-465.53437
1352.3122
2258.6558
-130.03795
962.68967
1241.9732
1616.7785
2662.1786
2052.033
3066.0095
92.444951
893.44158
529.65903
1020.1691
-781.92346
1375.2392
1418.7106
1629.2241
288.65518
2164.6415
1717.3059
328.77538
685.29034
1020.635
1121.0262
57.119138
713.95747
2485.0986
418.2575
1664.8111
-227.51802
871.6532
688.30786
1724.411
2098.4612
1332.443
2317.2788
2564.9637
1794.1626
1305.2782
2257.6619
2072.3308
596.12135
2178.9037
2144.9736
452.75603
1694.3665
1106.0123
1547.7279
2140.1942
1430.4834
397.45355
1220.0085
2587.8878
1338.7778
957.34169
1202.9613
988.9093
1098.3798
2333.0181
2918.2026
1450.2808
2004.9739
2568.0137
529.94722
2593.2011
2740.3505
1873.8327
1543.7436
1444.1652
886.05871
1141.2643
1901.7907
1263.0686
250.84199
1504.0861
2611.7883
317.76354
2411.7833
219.56253
1167.1997
-789.25758
1661.2881
1800.562
1474.0817
131.0886
7299.5682
1194.6376
1827.7179
2207.0512
2036.8893
2084.9003
1115.3172
954.41604
2423.2509
1044.7239
2555.4538
7231.4975
1204.7026
2528.6587
1327.0525
843.75425
253.30605
1950.1157
2753.6571
797.28617
1739.8771
658.85541
1316.2813
1884.2156
82.65945
573.46864
2973.5407
2528.2821
524.49757
1644.1661
856.91411
-177.18036
1205.1617
1514.578
1417.0596
1553.2027
2333.2212
2298.1443
704.15529
2394.0195
2668.2824
1659.0074
2081.8067
498.67961
2832.4704
2035.6681
643.53625
527.09887
2096.7147
1599.5974
-60.686222
1606.5167
1648.1741
-280.51203
1302.8737
1092.129
958.90268
1201.7209
1312.4715
1394.2233
1575.8626
1248.7152
1903.6092
2635.6591
1110.2296
1692.6192
1827.8886
2745.5055
1712.3201
-301.29312
1363.4572
1331.9091
368.19263
2704.4389
1914.2379
336.92483
2170.2251
1579.6714
1896.7975
1831.8095
2636.5241
-7.4793142
910.28222
1514.7879
1839.6674
2307.0949
1329.3985
787.99205
1588.1119
679.00877
1680.5653
2861.2276
518.85123
-767.29964
2594.1484
1545.0523
1784.8817
2055.707
1747.1517
706.37661
381.50781
749.15492
2563.2857
1966.0292
810.90109
1343.431
6929.114
2641.5574
1280.0236
622.15837
791.96193
1118.0498
585.61696
-50.043182
352.09663
-151.71734
475.30602
1329.1996
421.78806
-208.03484
7362.5133
627.57355
1306.9334
2477.941
7622.5561
2618.9291
755.10865
1307.9965
747.62106
732.78553
2366.1941
1343.8064
2601.2301
1125.4811
2744.9661
810.51054
7175.1277
791.92464
1401.5688
2810.6296
2630.7317
2045.8487
2465.2816
2212.2201
704.03933
1701.9115
1108.2304
2529.6073
1388.2757
1942.4367
2821.9966
2720.5068
1998.7112
426.05074
965.41385
2717.5727
830.64096
1596.6547
1310.0568
706.95513
810.77884
2489.6473
1630.3185
1002.6029
107.3628
1252.1904
474.65161
2354.8249
184.70522
1596.0788
1204.3682
494.81922
2842.6852
1382.5312
-137.14182
1181.425
1421.7019
1551.9234
1366.5338
1540.2914
113.72756
-301.23742
1577.3892
2644.1681
464.82976
2546.7478
2627.4319
1891.8817
2679.449
2694.0794
1723.3943
-429.31888
1583.1958
2239.9611
457.54983
926.9626
755.70343
1388.4392
2299.4648
2536.2187
957.27995
1325.5586
-200.16089
903.18095
1072.8316
2655.7533
1616.0089
1078.7216
1566.0625
1125.5177
1439.6099
7004.0782
2583.2062
1339.8822
2165.5086
1798.5512
1336.2149
333.31555
2930.7004
2488.8098
1628.6251
2085.1128
2338.5481
1728.976
1238.0514
1476.7592
1654.8154
740.78361
2218.6252
2181.0584
1742.0183
1320.782
2675.9919
1623.7347
1665.3326
2200.143
1039.6331
700.40302
-389.54409
2918.8859
1286.5421
2588.2421
1694.1554
2625.2177
446.48157
2427.5325
605.97326
1875.012
2085.0974
2821.6995
1351.4089
-61.425866
2084.5407
310.54187
1482.9445
2703.4119
623.7143
-181.84469
7022.5841
1670.2942
620.54229
885.34013
5605.0886
632.89824
770.10625
150.68715
589.06015
678.91518
2006.2952
-199.98625
2657.7591
1167.3151
1500.2752
1334.5699
2090.5462
1333.083
1142.5738
1566.4425
2117.7922
1466.1969
-567.83818
646.34915
1070.009
7219.1511
1657.6235
2665.0033
1886.5843
-578.95985
530.94706
-568.09196
2003.1577
1999.6339
1254.6693
2371.6341
520.85969
-128.82841
2117.2246
7039.6964
1753.5161
2077.1688
1438.0701
1940.8267
6040.6479
1993.3088
2054.5295
1399.7871
-334.18929
1195.5756
708.20262
1739.8367
2722.7022
4144.007
1677.1145
1507.1971
1029.9253
1469.4156
918.8594
2097.562
1016.3058
2559.054
592.46521
2720.9275
1173.2683
2208.0996
2759.0055
1894.994
2294.0735
1477.2721
1241.9183
2096.2683
2220.143
7112.9939
299.07059
-37.595822
1842.9378
2342.9813
737.00462
2328.5847
849.91803
2129.4147
1159.1777
1771.3429
2063.4238
2007.0281
1001.023
1777.5625
455.72933
2736.2255
1044.421
1774.6054
3996.4682
435.05456
2129.7516
2488.9987
382.17664
1206.6278
-768.25024
2223.9025
2244.9704
7016.5766
2558.5365
1411.5761
1687.7054
2438.1207
7367.3416
2459.7278
669.74691
-682.06589
2790.028
-153.80019
2662.6935
796.11298
7388.7677
1189.5301
-166.9179
2808.8083
366.2784
816.46415
1207.9817
-306.80892
645.02456
-46.391965
1443.3024
601.8487
2386.3067
2632.3689
591.49387
1167.8391
539.02427
1672.6335
-799.03964
7525.9624
2424.4529
51.76756
940.11424
952.73933
626.44175
1540.6931
1449.7182
724.38884
1592.8387
704.5136
628.97921
2080.7008
1282.9264
1000.9864
717.01846
2630.5344
2296.1822
815.79938
312.37221
1162.5122
1918.67
1301.1924
2305.0048
1517.8183
2612.0947
1107.5501
1630.5072
7415.0373
2908.8216
2430.1393
2534.3882
-785.03778
2204.144
-78.146905
633.08717
1918.0972
-295.04884
1470.364
2316.7315
1887.4167
1848.7042
2054.1039
2302.7676
757.87938
2297.1281
946.09509
-583.88705
2192.0948
1751.1141
-802.32793
868.51038
526.91739
2378.8766
992.09233
1426.5361
1594.8954
-332.49812
1320.691
950.62577
5219.2084
2225.4624
992.4378
1218.8857
1387.5278
527.01392
2062.6475
1685.8068
677.08338
2416.8867
1629.1393
1584.3893
1238.1215
1991.738
685.4181
1353.9569
7495.2029
2354.863
2113.2591
1123.3403
263.67596
938.14511
2291.3569
7180.4505
1205.2046
934.67244
2718.3986
101.63749
1482.8541
1739.7302
2008.1136
878.50947
909.84585
2568.3688
826.28791
2089.213
661.1079
1451.9351
1671.9381
1730.0485
2260.7913
1387.2028
-268.95353
872.15623
1625.1977
1852.0208
945.25949
2724.7983
2200.5327
2128.8814
977.04763
4792.4132
1603.7227
1679.5331
40.047118
1542.6295
2690.3914
1309.4022
2428.4489
-183.54079
2407.8756
1961.4795
1720.3226
1706.8936
1967.3683
324.23264
1092.8851
2030.6404
1286.4753
1634.7108
-655.13993
814.79734
523.39428
1797.8552
1982.2674
2010.6819
1014.9947
1865.7877
7035.2099
-689.78044
1598.1447
1577.3477
371.23059
1247.1455
2641.655
1650.5259
1036.6672
2573.0306
899.93157
1459.0547
732.63379
6052.876
994.20812
2777.4344
768.8768
572.21164
2115.8387
2452.4796
1706.9883
2360.3972
275.36353
77.846001
2254.1806
1044.5285
462.49997
2477.5553
1374.0995
211.31351
936.26292
-789.69821
1696.2908
-599.26358
1554.1453
446.7826
1488.1056
1163.8564
1040.4572
2902.2353
612.7338
2657.9345
2755.7126
622.274
1220.7162
603.8254
2527.3089
215.24906
1185.4092
961.00585
-583.53018
1710.4625
350.23296
1885.7544
7135.9698
362.40397
1278.871
1784.3455
1286.3806
2046.0711
929.88235
339.59578
2124.4275
382.21271
602.01348
2270.9306
2090.5732
971.12983
1302.4653
7106.5322
1283.1736
7159.4609
750.76489
1544.4192
332.27426
1921.9212
1640.3744
7211.2756
1521.2026
508.53082
74.377996
1175.4896
2619.6294
538.15559
607.97597
513.20344
451.66631
1365.9005
2648.2139
2253.9859
2302.7823
-287.03506
2320.7686
2342.3795
524.11832
-186.14301
1669.8435
1664.2091
1703.3677
1499.5407
514.99863
1259.7978
1534.9074
1177.5413
1772.2328
2707.5762
2575.8898
1297.9329
-203.26821
1430.3302
1997.2635
-581.73972
1193.0392
7532.7319
817.65404
642.10156
552.49334
540.15312
1502.0549
2761.2181
1876.2186
66.47758
2688.4825
591.29693
597.74795
1159.5275
662.62902
650.04439
2799.0245
2736.0612
2587.1584
1160.4064
1517.0912
2873.6618
737.42408
2517.8926
1751.0822
732.45424
-78.875211
2099.7198
2039.2734
406.35826
943.68303
2224.7641
911.53437
1861.8644
1334.0784
2023.9985
2020.4185
1757.06
1224.9111
526.09546
1165.3726
1999.1785
1630.1846
-1074.3386
2132.846
313.11124
1071.3355
1200.5904
1517.8624
1148.2649
1751.6363
880.72272
3599.702
996.20516
32.131064
2120.8452
-17.295186
2618.4072
-420.1273
1284.1966
1084.5876
1464.3006
1733.2348
2351.7232
1465.539
329.79691
721.38142
1874.583
996.01175
2531.3211
755.42172
964.5865
1102.2797
2279.623
2488.8623
654.50579
1079.3751
2441.2283
1328.6211
2263.8414
2261.5834
801.21476
680.03602
1422.1929
1635.0516
987.45942
399.66175
1143.5729
2168.4529
1548.3427
371.99418
456.52586
1736.3196
1606.1159
1807.7608
930.70792
1329.007
1132.4526
1245.0178
979.98749
2030.0714
2577.5295
1002.9022
2659.6943
2296.438
2854.127
2611.0014
-640.61805
730.99082
-255.91929
767.92236
2514.3384
490.06549
1653.1788
2569.2743
1383.039
1860.68
789.16788
2585.226
2284.4532
2008.1683
1549.4297
432.94101
2271.3548
2723.9954
674.48581
975.73261
2085.4214
2402.1137
-62.863832
-294.51577
778.72351
2073.1785
-430.07901
-58.068924
617.95677
1271.831
-244.57688
553.32017
800.55277
2378.7607
1077.1659
1181.6261
1520.2587
291.51186
982.81259
1426.2026
1445.4235
2.9363362
1557.6844
640.04476
449.37301
658.96914
2386.8115
-141.8623
11.410212
349.66219
1475.0007
1550.8164
727.45277
1351.4728
1299.5055
1479.6309
7040.1425
2519.5894
-415.29521
680.17377
654.82177
-10.570489
-442.17966
2039.9948
742.42671
444.87067
763.76663
570.36786
1554.2153
7368.4841
1915.2872
1303.1598
1803.975
1712.1956
2661.4619
2701.6263
865.80004
2616.7467
7381.3133
2138.7348
1465.4313
1661.1674
1539.1399
1442.4753
1414.2228
1111.1264
1478.1483
1750.2659
1806.0501
466.53199
-632.14699
2750.8214
1139.0892
411.21039
1119.7881
1762.8586
613.06889
2250.0434
2036.6286
1104.8624
-727.84406
1533.7971
1465.1047
2040.9474
2703.1726
973.14411
2854.25
2532.5213
621.94919
1398.3015
1009.958
1534.0192
2411.4048
2765.8046
304.91494
1437.7424
765.31455
2378.3725
2587.2618
572.86019
2723.9675
1698.7962
-34.807043
-122.31459
623.96483
1853.4151
1675.4558
1703.3322
874.8886
2032.9504
1034.4256
2240.3592
1173.5889
2516.4823
994.68684
1039.505
1173.4013
1443.9269
1097.4535
1781.0015
2267.7142
2434.0383
2476.9987
1290.7236
1304.7547
6493.4902
4899.7291
2346.9718
615.64667
849.01678
907.78457
1039.2672
2418.2147
1568.9321
1717.4725
2332.5677
1180.2091
2641.3082
2312.7109
1306.2171
550.95179
2714.5825
508.92162
1613.1297
1940.0524
1564.6893
-275.27755
2257.9433
2172.6297
2583.8312
1593.9814
1375.1979
1777.6119
1379.8205
815.25562
851.2338
3064.2596
563.55403
-656.93254
1193.5195
2016.7623
2637.1777
1422.4486
1006.529
2016.1997
2461.9637
2244.0254
2733.9761
1888.2721
1987.0131
2594.6733
1995.3446
-638.26294
2167.8451
2477.2983
99.661674
1388.0429
1711.5781
2351.396
613.43003
1404.8065
393.1042
1692.3845
1102.002
2010.8362
1988.7023
2665.0073
1572.425
-82.852984
2434.5559
2729.4934
2220.4272
1781.2382
2683.1655
2788.8133
573.58715
7377.4854
2521.6439
2561.3726
2249.6946
1692.4654
1542.9362
1318.1793
1562.7395
1752.4175
399.29196
161.00289
1678.0372
2173.866
1874.8655
1476.3676
1613.1806
1769.0026
372.30611
2659.6
507.35139
569.85056
1828.9975
2353.4795
-168.34333
560.8079
558.08375
1952.1525
2028.572
2509.2253
1484.9398
-513.51322
1713.2512
1348.5259
1670.9924
1973.2798
2307.0097
1328.0149
710.5904
2068.9353
794.33993
2648.3046
1450.7705
490.03895
2319.7313
708.44068
556.36556
1036.6771
2654.0452
610.90468
2158.2783
350.90206
1747.8633
2388.5147
2307.4937
2477.6885
680.50143
1850.0155
772.60272
-90.202647
1768.6095
1469.8913
1886.4329
2068.7364
583.9976
2694.3832
187.18153
173.76118
2852.6686
1990.1515
2435.5847
1664.2423
1831.4125
575.63713
475.48051
1029.3782
2839.7183
1226.1417
1703.3972
822.87244
1895.506
2824.8818
996.937
2380.2986
7324.5132
1904.7598
795.49126
-66.290075
980.95079
-52.731654
2708.0324
1156.7572
1568.0282
2712.786
7021.6428
1113.763
891.90644
530.23067
1261.1746
473.02512
340.62596
2198.6935
1537.2465
572.28659
350.40772
1355.5992
294.78872
2145.9026
350.01483
1062.8736
1251.9407
1031.1487
7445.2365
1573.8345
2148.441
519.59441
1329.0967
562.15021
355.21863
1865.4413
651.3403
-390.33318
844.20549
1486.4419
1914.6981
2233.2724
1784.1623
789.4044
4064.8436
2308.7269
137.37575
1621.3213
669.0613
2006.4421
1851.7122
3397.5038
-51.487579
2806.6191
995.22633
2360.8911
2798.5187
2042.8485
1393.0994
2869.9507
1043.0438
1064.913
1679.2256
2022.0246
10.491826
2429.8963
2701.8544
1140.7184
1718.2106
6497.1511
2038.4777
1247.4194
1866.4116
1183.1574
-473.07348
2586.6169
898.74407
988.1184
1177.1929
1093.2659
1741.4642
269.70834
-102.7118
2350.0038
370.83684
-9.1568346
1869.8973
1884.8994
2183.8525
1263.2676
-577.04009
7567.4047
1718.704
2284.0265
546.72339
1556.332
1766.364
1242.0784
1515.2749
2090.8753
2487.274
2578.5565
1181.4032
2415.5114
388.41746
1366.8625
2061.9622
-596.21367
-271.11436
659.78572
885.9745
1191.5356
170.08924
2655.2724
1002.0202
690.56209
393.92646
2072.549
2702.5147
1029.9176
1191.4788
1641.5416
751.05262
876.94408
1676.2124
1974.6706
300.27516
1081.5683
986.07666
265.23657
2503.6094
2355.9481
2647.6092
706.23605
1383.5537
1599.8603
922.92935
2067.9835
1970.694
2090.9662
423.04551
1740.7749
744.02621
980.11901
-635.12549
2734.3327
997.20877
1577.4579
1078.2494
-323.90458
2463.4485
232.14216
796.06676
461.60439
743.55576
7551.7995
-58.568959
2512.3105
1506.9402
-596.11316
2528.3398
-687.97191
7390.1884
2477.9071
2164.1577
1895.5564
509.7745
2015.7641
925.82724
2720.439
752.32068
1894.8037
52.984693
-490.58165
2102.5582
1524.4813
976.2227
2455.4128
332.60354
-767.47564
1908.1581
1786.3543
685.57636
1424.853
297.9016
1073.2224
1871.8644
1178.8812
1493.9164
1748.1789
-94.415695
684.79654
2497.5285
1651.3402
728.95118
938.3053
6567.0396
2313.1001
1757.5417
-297.76066
628.46251
585.06013
2554.967
-129.9159
2351.9349
1228.7305
1170.3174
2059.8526
2555.5973
622.08493
1902.4094
451.50287
1760.1339
1271.0269
1001.2538
4511.0378
259.99082
2321.8889
1274.0915
2174.03
2398.8803
1497.4287
2194.8048
1088.988
2730.5821
1219.5656
2338.5533
-115.56737
1328.4708
1238.8281
1763.605
1122.8107
1755.6867
1042.995
616.68959
2163.2352
2465.6645
2135.6138
2139.4261
2278.1613
386.97639
2687.2733
955.52435
2554.6974
-754.00803
1278.1038
532.83868
596.68907
1740.3048
2046.8634
748.16825
1112.6259
595.35811
993.52803
-102.971
147.31126
2582.6028
275.4958
576.47112
2626.461
1998.2453
2777.0541
2289.7112
2090.483
-5.6539547
2038.0178
1019.0342
188.54635
431.05979
1446.6184
2526.7653
997.71659
2242.4688
2818.7368
1517.6988
268.02
2148.4706
2182.8853
2759.0681
1688.3767
-66.854479
529.00855
1274.0635
2166.1549
2442.8503
1142.7374
1237.9707
521.80062
902.26534
2553.4662
1473.5683
1333.0649
902.30903
1152.3668
1744.3247
1006.4583
867.55862
2430.6691
454.92729
2063.3371
1968.577
2612.6444
1501.3255
2062.4434
1868.2515
300.70642
1762.5973
9.9386189
2065.1491
788.60841
2080.5126
505.12467
993.48379
2088.2439
705.27878
2246.4325
780.89922
1420.6165
2312.6273
306.7325
878.91168
1113.0433
2322.8049
-777.44266
1570.1681
1024.6502
1256.7543
2031.2658
2441.237
-557.7477
1876.4905
-351.03083
2239.9885
1667.8065
2502.5135
1792.7186
831.2831
501.35663
-641.33187
151.31092
1224.0827
7291.0963
789.61406
2777.4652
-366.84549
1277.3869
1742.5663
2741.8716
1302.2881
764.48917
17.872001
2509.501
2614.6709
-132.15464
-2.3212388
2130.5708
846.98548
2651.5611
2539.3372
2184.8433
874.36488
1002.2263
2518.1434
2346.4582
-597.6331
7041.682
1172.5487
2981.8094
1113.6122
1448.204
1190.4775
607.36401
2565.7459
413.57803
1091.2194
997.49326
1027.9512
861.89359
2482.9649
2455.8774
2740.7993
1080.7775
2371.3969
1323.8816
1823.2743
609.77592
2019.8614
405.34886
1604.176
1693.5181
1348.8039
1836.4248
1702.8769
2445.4956
2474.2048
519.84833
1872.1033
2084.2476
187.16514
2553.78
419.19514
1905.4922
1126.8289
1969.8728
-41.124894
2544.365
1742.9329
1311.9655
1168.0615
1404.2802
-559.49271
1435.6903
2489.8148
1352.7919
1028.9206
2064.9548
1949.2134
2811.6913
1307.5195
-32.693143
6970.4276
1047.0026
7020.8991
631.03329
1588.1619
1308.9853
-349.92686
1280.4828
654.02967
664.54563
1755.3243
2002.6074
1207.2363
453.40926
834.67061
1088.865
561.97118
1488.2424
-25.902159
525.44988
466.432
895.12848
2592.5169
2575.7913
155.29358
1614.723
2178.2444
1606.1822
1175.3716
789.43112
2637.2091
2617.2743
2543.1741
1965.4014
2177.0031
1568.9748
678.83178
1774.1041
1943.8958
497.47863
1639.0302
-393.36808
2883.2032
1511.0688
1963.0435
1909.663
47.707196
1850.2923
1333.1356
349.06399
1545.8925
2460.7523
2070.8252
575.07825
2562.881
1120.2748
940.03897
709.91988
839.10489
2515.4301
1264.9346
-189.72883
-140.55555
328.78287
884.65004
639.93576
1349.6395
626.21642
-222.50594
2111.7324
1749.9203
946.10068
1342.0369
2000.1358
2642.1677
2658.8547
1412.4365
1948.2309
895.12254
593.53381
2044.116
376.72707
1000.5921
2698.5334
1540.029
2657.3283
1887.7057
1444.0989
630.20516
183.93331
2161.1783
585.93561
2114.8382
2317.2829
1201.6783
1116.1806
863.67202
2885.9564
613.00007
1248.8252
1270.8612
1119.8773
954.75982
725.81702
-441.57569
136.17319
1159.4546
2582.2429
2304.2975
1365.483
857.82022
2254.185
480.27788
968.25588
2174.9142
1806.537
498.82535
1165.8722
1674.3717
1666.3204
1235.0932
1978.4804
-74.518857
-222.90385
-71.938485
92.612405
2410.0846
1351.4442
1851.3172
122.83248
700.16651
2750.5233
521.26576
668.94449
625.74674
807.88948
1019.8908
2057.9717
1024.5456
1007.4554
697.85596
607.76634
566.54073
46.76591
722.30432
1715.8595
2596.455
62.43892
1714.3333
-270.37314
2454.1
2685.5087
1461.1834
1891.2005
843.5586
25.440267
636.05117
1365.2639
1121.2182
1248.5223
524.01069
-288.76337
2215.7187
333.28308
681.25869
954.55954
172.33615
2102.4082
265.20141
1311.4087
7042.7928
847.20032
1846.4342
2202.3837
2238.5644
1890.9838
2829.2872
2272.5428
526.27849
1766.6027
2039.6504
949.02151
1013.0831
1218.5124
2612.7158
1884.1545
2531.5072
-647.47552
992.56022
491.15322
2637.8511
742.34057
2842.8962
1739.2832
1156.896
1556.4604
335.09398
638.37259
1431.3986
7567.1502
260.01823
530.57324
618.14404
618.75304
2752.8566
1936.6892
383.51703
1952.4847
2402.7294
1571.1642
1987.737
1480.7033
2045.3569
7090.0354
657.96988
1926.1346
1197.7927
-739.22546
2399.6021
588.65138
2619.7518
2767.5918
1679.2535
2524.2143
978.10416
1483.0049
2475.9779
956.64679
1210.8013
747.6066
231.3313
1171.9291
798.38305
2079.8823
1408.1587
499.58973
-75.246922
2571.0272
1661.5304
1900.9959
1195.6564
1798.8308
2674.8013
538.48514
2207.7639
2253.9048
-99.020665
1831.861
2155.9314
413.82885
1096.541
2436.0699
1843.4765
2513.6726
2483.0157
1253.0807
1106.3214
1224.7542
-54.409564
1749.4114
2748.5455
815.63751
2375.9562
537.97884
7300.5174
1676.4642
1027.1998
1651.2868
601.72455
2240.06
883.21461
2651.369
1242.2918
1078.4818
-292.1176
729.82832
1256.8574
1509.6246
580.10615
593.66759
495.39993
444.24614
2112.9979
2205.171
1039.5688
2651.8539
422.5501
2661.9613
1659.2607
464.22794
1564.6883
-2.5920077
2105.9641
1528.0996
589.42696
-346.13963
1588.3545
1230.0512
1265.3428
-115.03731
1391.207
1929.584
-387.45023
1749.741
2210.2317
2575.8988
1713.2574
2497.2787
2069.6176
1516.7163
1544.0673
491.49232
2204.5043
2162.9593
1181.3106
771.05265
1247.4363
1635.1355
1638.3825
1082.5357
2332.9835
-412.94016
2550.0045
6683.3345
876.2074
2727.3644
2569.4386
2647.884
1828.0259
1038.1728
627.6627
665.09091
957.74078
1062.2544
1250.6259
763.90557
1669.4938
637.66452
799.76363
2575.1712
502.88648
1265.9454
1812.2973
221.00408
989.31118
903.52186
1594.3397
1824.886
634.92057
853.8799
2070.566
5302.8167
1775.7335
-781.14782
1238.8865
40.136832
2499.2254
536.13443
2571.4566
2785.3224
1574.815
-182.00765
327.19313
1530.2106
1533.0289
2229.8205
1076.4006
277.44539
1912.4437
994.13372
451.01399
1064.0188
1069.9428
-274.92474
-279.3051
2614.5353
-286.28679
1558.6296
2172.1695
-275.12604
1402.9601
2810.3553
489.87723
2057.8865
1552.0357
1293.2511
1631.9973
1674.7546
567.53777
2242.5534
2182.9407
-230.57712
1779.8571
302.73212
1281.4673
910.39038
186.32763
2124.7942
-520.45986
1267.5
2459.8813
1197.752
858.17458
2521.189
1067.9692
795.61821
2822.7778
1771.4915
1558.8325
508.44048
81.492861
2476.917
1308.5128
2887.8239
7288.7023
700.37584
825.59789
1128.1718
2494.4759
1348.9507
1337.7848
546.54242
1890.5235
2463.1973
1051.0518
280.18135
1191.0868
1706.3054
2072.1482
2796.7961
2141.1707
1500.4434
2213.4315
420.45258
917.45372
656.45617
2034.9961
2033.4966
1554.1286
2002.2718
1472.7966
1279.2428
932.34182
2165.8916
2249.4637
1182.5153
2906.5429
7017.9228
1576.4795
-84.234762
2525.0107
2377.4994
728.00028
619.01549
1273.8263
1284.1568
1802.4608
490.44888
763.24187
1715.1368
603.69737
1206.2618
-924.43318
1105.3258
1949.9231
1951.9245
1477.4009
553.77436
1509.9677
1331.4025
-634.6793
1198.4308
653.4661
2853.2458
732.45331
1390.1844
2425.7429
1681.7988
1546.4983
1712.4115
2278.5582
1942.8851
-561.54308
1879.3977
1040.7288
1346.7271
777.90639
-390.88999
1433.7331
2190.569
398.50396
2772.3216
1277.1914
-786.10578
536.54293
1184.3005
708.0045
2557.3911
1251.4814
-567.42635
762.30394
2073.3996
43.324504
2405.0526
1249.8229
371.50052
329.35003
17.702129
1604.1119
860.7175
-108.56626
585.75571
2323.9153
1274.6852
-399.82757
586.41965
965.74972
1684.6153
283.81408
995.29646
2090.0188
1695.8142
1238.0454
204.49365
1059.9363
-118.38649
1607.6727
2616.9834
2427.1513
2649.3131
745.84652
1737.1074
367.83952
929.02129
2106.9831
468.46797
1302.8895
-305.62351
1561.209
1430.1528
1257.6996
1204.1045
1731.6004
210.09552
2110.6332
2125.4942
1768.3152
1273.5518
1549.0852
2098.3076
696.99597
2575.7955
1782.4864
1400.3469
1122.1837
2121.061
1106.2071
838.84756
1204.6287
2582.6165
1137.4395
899.18176
2012.7284
951.61229
1274.2918
2659.9759
1853.5728
2793.4383
1225.4157
1729.7333
1873.3125
1392.2376
1299.7318
359.17131
2430.1577
1850.3913
1680.811
987.68249
2639.1613
901.86198
-634.8817
415.56746
810.67271
810.86169
2400.6354
2052.349
1471.6196
914.25534
1048.7164
816.42632
1038.7441
342.21376
2644.7579
959.60536
335.26498
1398.3159
1794.9234
2650.6909
1788.9314
1611.5276
88.293628
1366.1195
1315.7118
404.25898
1509.6041
1115.3863
1404.7593
1415.6442
2663.4189
894.30216
2581.3613
594.11339
1960.3318
1920.0123
2088.7012
1829.3261
1196.6354
1697.5881
129.19613
-41.786213
405.69716
1025.187
1310.7673
265.92296
1520.5455
826.69416
3012.7165
2558.9052
2020.1363
2262.6211
824.45723
815.92042
2702.4092
592.10836
1480.4539
1035.8372
447.43834
2050.2773
2179.6564
517.99002
1586.0315
1853.5732
1760.8654
1157.7581
2094.9261
1486.9512
1056.5424
2459.7234
2121.3431
849.16152
1172.664
2249.5013
456.8224
922.4643
486.09828
1033.1641
756.921
-689.02964
933.03086
1301.8574
1616.8687
2460.9137
1333.4599
31.499791
853.01359
358.08529
1807.4675
7391.1003
1582.4671
1087.173
1380.5755
1336.1422
2489.3082
333.23505
266.38537
2406.2152
2213.7763
808.13086
900.23597
-332.36723
1669.803
7268.0429
2396.2197
2653.9987
636.53775
2682.2428
1370.1168
632.91685
852.39521
963.59413
1442.7597
1501.3203
2530.7132
1929.7425
1646.6636
1364.6798
92.680694
-94.671777
358.25539
2517.2299
570.12327
-367.0354
2841.2901
-187.46621
1978.0355
1053.4274
1254.8843
1146.2151
210.99539
1146.9733
373.49356
7036.0718
1032.7168
6984.9252
2171.1671
1367.2709
1498.1205
2294.7866
-73.345747
1257.0099
899.84562
597.13258
2164.8069
2385.6664
758.74939
779.13587
810.46397
1023.1861
1161.6793
976.44491
2178.3
1662.1815
1294.8848
445.99196
1256.9464
569.90692
2685.6424
2149.5059
2269.8626
-632.27566
1523.251
828.02749
2015.8739
-398.71262
407.69832
2580.1326
380.19938
2142.6733
855.85212
2433.4031
801.49879
2614.9071
1035.8175
2697.0937
2083.572
1117.9303
1853.4027
-442.08992
7554.2889
714.7573
1548.8065
2247.4289
1160.1818
1087.6403
1264.2716
2130.549
1288.9392
1563.621
1478.0628
270.50209
2475.929
-216.30697
1437.9955
2398.5334
908.52585
2364.7524
431.09526
1282.9283
899.41469
704.9038
1162.0813
1047.4788
314.54641
1882.108
196.46883
654.01618
-120.01094
695.83442
1640.0907
399.89784
1362.2049
413.3646
623.58441
3015.8856
1700.243
244.11943
44.166998
585.68705
2182.8643
437.60776
2400.8811
1641.2006
441.88768
1539.2269
522.63243
2043.7116
2728.5649
2081.2479
41.00752
1230.7524
876.10567
687.71844
388.67187
6940.9011
581.96771
764.07545
691.23272
2497.275
404.03483
613.46878
1266.1321
2078.7489
1857.1895
520.11942
372.32171
-228.60389
1429.1808
576.63313
1116.9604
320.40343
2318.0147
936.8976
1508.4233
2442.6669
-304.86902
2268.2554
472.82024
2728.0617
213.52539
713.25675
1459.4041
1706.1478
2393.6983
381.46698
-297.4244
1911.244
2324.7081
1861.4555
2346.0985
2060.9732
-180.70671
1603.5697
95.678581
102.96963
1017.4652
1637.5572
1295.6238
903.23121
2141.5584
941.58403
1048.1209
1335.4748
2161.2666
2180.845
1279.8781
1345.8188
2628.4322
1311.7879
1871.0752
6977.4429
829.03622
1382.5476
1840.0405
1155.4443
1553.6573
1819.7726
1469.4561
1928.6962
1649.4286
1363.7729
15.499303
1713.3161
1158.052
367.87482
2356.4175
1394.3361
2001.1095
-736.01782
1008.5224
1123.2463
1630.1523
908.75027
680.31457
2235.2546
1580.8984
1829.8373
1017.0713
484.89904
142.94896
2041.0379
1946.4141
2889.9668
366.30732
1336.5699
1066.5695
547.98233
1424.7722
2346.2291
-80.264109
2456.3947
1688.8006
1406.8534
1758.9637
720.27843
2480.0034
410.6169
1963.7782
890.89174
-408.86776
2880.1438
266.66647
7234.0487
1008.4732
2261.363
1165.3438
1566.2826
1868.8148
2398.337
754.51088
1481.8767
932.74985
1156.7199
1183.8341
685.53862
812.00199
2495.1903
1811.342
2254.6868
758.66704
1485.2282
7234.0041
550.72778
-365.86813
844.17656
2262.7078
-264.47068
2634.3722
676.25973
1113.0935
-678.23383
170.93918
687.89806
2763.5253
-679.54006
2266.5662
997.51
2774.8624
1115.1352
725.82152
1884.2217
1639.8253
139.6976
1978.2572
625.45499
521.15017
1146.9703
362.1928
250.18819
1386.4701
365.9291
934.99469
2135.7465
1234.8986
1991.3262
2269.9276
1409.6252
1582.1726
2463.5834
538.53029
407.16816
2715.6651
2039.7603
13.142753
1398.0497
799.26486
1168.2845
526.15803
142.14964
1587.6313
313.3543
2066.608
1213.7278
1261.459
2087.4918
437.95858
2344.1645
1534.9283
342.87904
971.04011
892.89678
2468.0526
-542.48192
435.06584
2081.4723
2721.527
519.21321
-123.14359
1005.86
395.01954
-256.80014
757.14547
-41.372807
113.67747
1298.4224
532.90168
1336.4017
1205.6375
888.37218
1074.594
-473.73861
145.63945
-356.0962
50.693968
2427.9264
2433.2633
783.32121
986.72892
804.78219
394.52922
1893.9206
757.14935
2556.1543
1626.537
2722.6597
2396.9648
1516.4563
2084.2769
2547.81
954.64843
2411.7567
858.05561
1333.4788
1709.9852
1323.5232
2538.8095
423.71722
2278.0629
2784.5383
1806.2822
2272.1835
694.57867
1615.9277
2469.6192
1667.8239
2442.6873
-57.881875
2152.6022
1757.7287
1670.5498
-272.92912
1348.2242
1675.2331
1367.0543
1580.7509
1256.9141
862.89542
2503.3202
1570.9906
353.18531
561.04366
750.41521
1544.5629
2384.8889
2803.4063
993.30302
393.32128
1219.7456
567.12115
484.48045
1231.3038
1380.0035
506.81921
999.42937
1151.8361
582.35505
2476.559
2033.0954
1141.2863
1074.7087
-458.55189
1156.0612
1242.8713
1888.4266
809.15384
775.62391
2700.1602
1040.2749
1376.9624
2489.3558
2417.685
558.34396
1067.5707
2331.1295
1375.3015
788.43068
506.09944
-666.37269
1253.2585
581.37518
357.48344
256.04668
4504.8013
903.2012
2797.6699
1706.5787
1079.7345
1492.6651
650.2005
0.19702339
39.068663
892.29465
2718.2462
1142.2383
-185.02159
1875.3994
1771.3768
390.29762
728.71353
652.90718
1572.896
2420.3005
-774.43828
1732.2216
1449.3427
2112.1341
2067.3903
2577.4249
714.03829
2709.078
-358.09519
164.99847
1518.3686
7265.396
1892.1707
982.49227
891.89261
1720.4561
2094.526
571.40354
2590.0894
464.87298
1899.318
1235.3798
1481.1746
2069.0314
2536.3775
540.21322
1241.7084
938.19061
2479.9718
2577.4344
656.58274
1423.8904
-455.58555
852.78424
2002.0989
758.98219
1537.5947
1529.1092
2010.2183
-415.20973
-41.440883
937.22125
2572.5243
901.98305
708.22146
504.2299
644.46225
2075.5254
1269.9223
1423.5409
1302.445
746.47873
397.25069
1147.3167
2648.8013
245.36446
2714.7645
1098.158
625.39003
2236.497
1311.1393
533.08596
1701.9974
883.15226
-323.61406
2253.8664
817.92555
-223.96177
1678.4262
770.16757
1976.458
836.4055
2431.7734
292.97324
1137.6655
1023.1298
1543.8506
2398.1125
2593.4499
1580.4897
2689.7817
592.08103
1045.3556
1163.016
2671.0251
1116.9879
2040.758
2139.1764
512.50962
391.62692
1922.2494
-41.99398
2249.0614
523.55674
843.34932
843.10042
2708.4524
186.74388
2360.1846
731.91182
3913.4583
1447.807
1511.0056
2707.6448
1819.6998
1156.7458
1219.8632
1703.0832
187.09391
1491.8105
-583.75898
402.04191
1808.9543
2827.4386
11.893746
1246.3513
1525.9199
434.12758
1535.2681
2163.2991
532.32043
1021.6141
935.57468
1244.0677
1022.4876
1879.8082
1465.1781
-186.04058
2276.0215
1707.6477
353.24218
1505.8344
536.94162
-23.304495
1467.1222
1489.096
-260.35294
1829.8939
1062.1418
2428.4638
-306.89475
1546.545
658.50941
2539.6112
2030.1007
1701.0552
1778.389
426.3569
777.42795
2012.1536
1630.7684
392.03102
2943.2005
791.24918
7055.4975
1318.9367
2190.2082
1477.6936
868.46788
1712.5877
572.8319
1637.7533
1250.5453
2019.6784
2580.3669
1854.7215
6920.1527
-386.47024
1145.2305
842.86214
1751.8421
1840.9241
553.62053
2801.9554
1068.8964
341.623
800.32679
514.23752
1214.5232
1582.3114
1446.2671
1183.8215
2077.0379
1418.5956
1189.1832
7010.0393
1504.5559
2274.302
391.72937
2704.8918
1047.1336
336.29762
2016.4571
1129.2313
2718.9475
2005.2924
1477.7208
1633.0129
2708.6107
913.46811
1006.4048
1880.373
1085.8578
1601.9556
1416.3755
855.05079
2669.4448
1290.5534
459.09605
1316.3831
833.58354
1571.8227
1300.6357
104.61869
510.39127
1535.7921
565.82875
1413.1042
2226.1244
907.48141
438.49206
1033.9241
825.10967
1097.8339
900.2834
-755.95539
2558.7072
2098.9761
822.74005
781.32787
930.87544
938.08266
1422.0762
2601.7626
1250.1487
910.75136
2117.9061
-721.94899
2562.3439
-643.41488
610.92622
760.876
1684.7706
2487.9013
3059.3938
1176.3015
-117.77747
943.22742
2688.6678
1554.7918
574.47086
2108.5584
-78.002473
114.44287
1658.5333
1531.2229
1759.4557
612.89891
1681.3282
2474.8727
1543.9219
-1288.6346
2613.7327
2258.0795
-1037.3384
899.10859
-450.50275
2574.1605
956.44522
527.80922
785.61769
1643.7327
1372.3319
1595.1371
1454.1825
765.56895
559.02613
1305.0516
686.19836
2270.6609
1243.6148
2062.7412
2244.6879
287.37661
2212.6245
6978.8294
173.45946
889.47034
1063.2339
1215.2056
1914.6698
2441.7921
509.37589
1130.3275
2570.1842
653.68224
-172.72592
1426.0606
1064.4504
1058.8168
201.12664
640.93765
665.56686
2165.112
1001.2548
1431.2911
2466.5617
2418.9646
382.66715
2523.4976
721.3172
1597.7859
2161.252
2650.6847
1072.2835
1196.5266
2578.342
1427.0833
-248.73146
2481.2829
1510.1838
1158.6095
69.624013
751.39879
754.48254
2221.8104
2017.3774
1452.2547
48.558508
1559.0617
1792.5734
7517.7062
2666.4263
464.77033
792.87793
844.64554
1115.4553
1360.5783
1711.3096
2394.6128
1162.7951
2861.8072
1876.1217
124.01571
71.127456
1331.2731
757.45378
2471.9548
1167.4611
-275.66028
2336.7874
813.46506
594.95504
1966.4531
2130.9047
1091.3057
1181.6953
1426.1247
1289.8206
1967.0893
1543.1739
-281.42144
490.47729
738.65952
969.9177
-6.6669519
765.66478
608.27994
2083.7126
1968.3626
2863.0747
1634.009
-18.629937
1037.1453
450.51363
1028.1747
2487.1288
2594.1344
567.41925
1257.1968
2374.1226
1088.345
1729.8908
2045.7441
2381.9783
1135.0132
1181.3218
2073.351
306.50794
2519.0932
1509.4293
1361.9679
2412.2417
-275.4029
1002.4769
2232.4923
1018.708
1640.8408
1417.6229
2335.8503
2503.3349
2633.5687
2503.2051
1067.3285
2817.0672
1173.9857
2125.9051
951.02873
2293.7943
997.32998
2778.3804
-23841.581
7027.5818
7125.569
888.08033
1485.4104
593.97558
799.91202
2397.9845
1096.8225
1717.0116
1288.3345
1971.5941
2087.2493
1210.6687
786.48232
113.25178
339.36683
1128.314
742.15042
1749.7278
1245.6654
1437.1564
580.52988
2599.1285
2652.8607
933.87379
932.19955
6760.1885
805.58148
2011.6665
1778.4562
2594.7763
1334.0313
1582.8786
339.00958
1455.8966
2674.0794
2324.407
2868.53
2157.4685
636.0579
3102.9079
1045.4687
1263.5821
12.535277
-7.3060908
1330.4793
1913.3306
857.58082
1710.6314
523.93335
1316.6761
1514.5549
1484.7946
554.86409
1836.0004
1893.3601
2491.8352
966.49859
336.55217
956.65466
1622.1369
1370.0431
1640.5063
697.74094
7015.9225
852.30066
347.75681
1603.4943
648.33669
1632.6303
1278.6901
373.39
1156.6872
2259.847
220.54865
334.43977
214.01087
2307.6272
2062.9253
2422.7277
486.23472
7146.5851
2139.319
732.89812
641.91589
612.16346
1877.707
1620.4452
2476.9136
271.0914
2152.1603
-252.11451
1345.1578
1167.6312
3408.0447
2412.9467
1258.7832
690.1457
870.96616
1826.9831
580.78269
900.73512
1670.5121
1437.5023
951.01943
846.47781
1696.0592
2258.6884
1724.5457
3137.0066
676.13521
1594.3822
-89.346765
1722.5305
1340.1522
-18.503751
-79.492407
2909.1891
1667.7572
1767.4192
2618.0933
2223.9139
37.603532
675.15208
1637.3041
1186.835
-264.14653
1968.5274
961.49836
980.66774
426.5041
284.11228
3527.8125
1054.3897
2130.8134
749.03587
1851.4643
1054.1134
16.775325
1473.5306
2644.4908
1610.9544
1525.6288
1159.3467
2265.1265
411.91935
507.00416
1873.4704
2763.9991
440.72565
874.1012
664.04579
1525.0938
1161.6067
-1080.2034
1386.8584
1879.9187
502.44126
2683.3091
966.21863
1526.6766
1800.2545
682.31202
835.30314
2663.9546
2749.4144
1558.2249
2112.872
2418.2013
1586.1003
2064.9356
517.56196
1964.5815
968.88421
997.79027
1290.8416
-70.234374
1488.6551
405.31903
798.63766
1737.5006
2628.0989
572.8008
1767.4567
878.4691
859.48754
1071.8885
2227.6495
1329.8171
1449.9866
1370.4989
548.79589
2622.7142
734.43394
1123.1841
1215.5432
2228.5253
2686.3867
1943.7392
2037.8421
586.20719
7168.6481
781.26125
704.66758
1733.6146
936.55892
2224.1421
1710.4243
543.20238
2404.433
1304.8858
689.18125
2012.4454
2467.0588
886.1456
2363.8957
954.56578
1874.1048
2139.0251
126.9934
2617.1936
890.7593
-189.18948
7152.9718
2560.4736
2077.9613
2751.2765
2544.4475
1290.5512
218.2401
-662.89923
2771.7385
412.93209
271.04172
652.36787
968.72624
1581.4919
1430.6681
2736.3419
679.66545
1740.4228
2336.2498
10.719795
815.66254
1506.0086
2527.5306
2235.4833
-758.89582
655.18052
507.91445
561.40748
547.50978
1506.4977
2058.3149
1249.7143
1937.3187
2773.752
2194.4276
184.29573
2098.6595
200.34723
268.05367
3232.1434
694.84509
2837.4889
3.6004991
1076.3162
1471.9638
991.8199
1587.1906
337.1496
2798.8273
2181.5368
1751.9006
1047.8435
1522.6757
102.777
1302.8606
1278.772
2341.0688
978.378
2877.6701
1753.4897
615.18898
1943.9151
2111.9124
288.54539
-106.48013
592.83655
840.94253
7191.1984
2680.5194
2555.0641
2680.2837
811.28073
2564.8946
1061.5101
-276.41654
1806.4336
464.87671
582.57069
709.97605
-197.03157
2518.8006
1857.3
1061.7489
2181.5324
2600.1786
2637.9134
2259.8851
177.46727
1004.481
1139.998
7021.6455
1448.0752
112.5623
2182.8034
2553.3474
-249.24915
1267.6282
129.74664
148.51921
1727.878
590.98754
1780.088
505.2493
31.368024
1458.4734
1725.5487
711.81498
2635.9748
1676.5305
2702.6551
1292.4315
1059.2166
1540.3657
1481.1812
443.51536
1667.5332
969.89111
840.40912
617.35237
998.40933
115.58727
2395.661
1650.3017
2009.6205
965.96955
1491.2858
1878.0512
1609.093
2221.3242
2722.0115
1238.4016
1872.3376
947.14402
1469.197
1854.2023
1467.9813
380.83818
720.63829
969.58822
943.8923
1522.8474
680.50423
1032.6236
728.86934
520.09748
512.09889
3205.0565
633.66735
1431.1033
2300.426
2312.8388
-390.66428
1191.563
731.81856
513.52148
2037.9766
1728.7932
-114.9048
1271.593
993.63196
1419.3084
1337.0269
2014.3388
320.9694
1269.8377
830.53407
2002.737
838.49424
2445.1611
794.0611
1692.7088
394.34623
1188.1195
2434.7448
313.93987
1553.2952
1561.2774
1746.0348
2248.1206
2265.2546
46.257787
478.65467
1874.7153
209.00245
161.41725
577.60615
2789.6291
2684.203
889.72724
1846.2289
1659.1465
2560.8127
943.77481
1142.5494
2128.6854
596.25408
789.28706
256.69779
858.53289
2059.2732
686.10187
2190.0828
749.03341
1904.2815
702.8158
1074.2545
1490.3383
2257.7471
737.89111
115.85961
2803.3378
657.16152
1030.9897
1187.3595
1537.2233
229.57698
1555.7239
176.27942
1921.2583
2327.9396
1367.6791
953.32266
721.73874
556.78114
1395.8712
1477.9541
2506.5366
2097.7723
1893.5118
781.83607
2815.0228
779.13856
645.76688
1285.2996
1217.3097
1168.2706
-233.14487
1088.207
1245.7527
223.79532
2264.2963
1140.0374
78.366921
2111.8685
7564.979
2224.1652
2732.3232
494.03339
492.32184
2619.8495
2181.377
2260.6817
1272.6149
-655.85192
857.09164
1991.4282
2046.0953
1601.4188
1763.4721
537.99363
2490.4081
931.20696
1503.2783
1697.4552
2505.9721
1300.1749
899.9381
730.52567
-157.92927
955.35813
2739.9629
1705.4434
803.02796
394.72935
1814.2097
1218.4197
-186.872
-52.464813
2078.6567
2615.8766
655.48858
685.67317
1664.6003
-118.62267
764.72428
1550.0192
1084.9985
2583.4671
936.52419
929.97732
1619.8672
1423.8061
2370.6288
2699.8058
388.37429
604.02963
1563.7792
2183.8165
2623.5772
2619.036
1517.1708
1440.5472
1221.1598
2521.1338
1600.7544
1937.7806
1050.511
2508.2218
1009.5554
2069.853
-621.80016
-105.96032
1735.7117
2875.4658
1909.2334
597.45343
2951.1432
2519.2378
2432.2625
784.26835
1467.3078
2902.5107
1225.0377
2132.8003
1025.6629
939.48197
2070.0175
1479.5692
956.66156
1399.6916
1667.7079
1217.1133
2789.2687
2061.4881
1313.4673
804.71652
7051.5319
1504.9982
2117.2416
1211.7917
836.70654
-139.86342
2398.8062
418.0342
1193.6519
765.09492
873.34258
1499.0617
2902.141
1698.6389
547.23826
2173.6297
423.55253
-258.04056
1026.2234
2498.7072
973.08918
1071.5713
1750.2392
1558.4432
2734.2183
1538.6567
1958.3123
1777.4108
340.48843
1749.9309
2233.2782
24.333926
2026.2444
1747.2824
1698.9124
938.67713
5701.4106
500.24586
550.45469
438.7916
1924.3817
1872.2541
2008.8773
1899.0762
2659.9331
1122.4636
1649.9563
1091.1131
-143.81878
462.90405
2021.9689
1145.9819
763.26596
623.32316
2087.71
2010.2567
912.33713
537.23336
7135.3361
815.04779
2140.8388
1853.8209
624.15312
907.31479
7018.8539
2026.9268
685.15656
703.99136
1413.0269
2765.598
1588.8634
2482.3739
621.94746
1483.0926
1469.5919
344.53954
2840.311
325.79853
2932.7117
954.15497
-327.5275
911.05782
1495.5131
1403.1644
2059.3626
1459.6015
2574.2767
237.8135
440.77218
1405.0608
1322.424
433.28733
927.23331
2682.0219
3374.3879
2603.4433
2157.8549
1416.8716
1292.527
554.80906
1929.7934
2135.5677
2283.7459
563.04401
1026.6249
2258.3413
2686.7624
1561.2399
1617.7993
1237.3493
861.22995
7483.5097
1325.4237
1196.2379
922.43333
1060.4464
2160.7124
232.39414
2296.0099
993.36657
2613.8291
2567.0698
2245.1343
1051.4279
2807.5954
447.37653
-123.26967
1709.4759
2563.7278
1419.1558
2563.1803
2897.9579
1344.5427
2741.5667
2078.5621
1248.4781
1335.7962
2213.284
2782.5086
1774.8648
2565.5803
757.38573
-69.471517
448.74561
843.44484
1276.7594
912.46226
313.4751
641.78848
694.98829
883.97386
1902.5878
1350.1619
1755.0347
1272.6567
7046.0671
1786.3599
1676.1422
2046.7596
-451.97945
2453.9055
718.05298
937.69526
-158.50654
-106.27632
2701.9602
1077.4834
737.5875
1245.1397
918.33859
-221.87072
1996.9479
1680.7993
2026.877
171.87325
921.11366
1008.3776
1738.1816
2650.7647
1758.4892
994.18831
1625.9986
1524.8207
827.86947
664.139
1360.4249
1354.2312
681.54227
303.10603
1897.3915
2210.242
1621.0454
2378.6868
2219.3884
1859.7666
1228.3745
856.64161
1283.889
434.49621
2684.0654
2079.9913
1797.0125
394.76145
1689.3565
1725.7016
1957.8132
2784.1792
2539.9229
2334.8078
1068.9203
-382.89755
1119.4554
923.90358
1078.3158
974.76467
2043.104
840.37317
1490.1584
2591.5006
1134.4081
741.45937
1944.9642
1169.2467
239.63841
1693.2381
1158.6168
7053.1598
1153.9655
428.41901
1928.212
1535.6637
1915.8683
956.12404
1531.8704
2373.5228
2711.2049
779.34717
1005.6269
1713.8302
704.69331
-19.949387
1696.7649
172.37042
1544.7159
-152.28095
1911.6653
1914.1088
1769.9252
2448.6425
2309.0484
1459.3829
1744.6244
2568.7955
1938.4135
604.53434
1634.0297
1240.4284
2570.8572
2045.6082
2541.1839
2807.4474
571.61008
2729.5437
6977.6463
2030.7981
2802.5499
1208.9012
2168.3823
845.33374
1001.9112
1893.0806
2382.5644
936.36122
2213.3095
811.3574
1609.4182
2202.4538
873.40383
2626.3666
1603.5767
1180.1081
2090.6915
873.5485
25.802157
672.77896
547.16701
487.89869
-708.24935
2474.6785
2321.848
1269.4855
2849.1672
831.93232
7079.4427
1654.107
831.20553
1103.5184
1635.5331
2395.1025
242.72683
2728.1103
972.33395
-801.31049
2685.8825
2475.1385
943.36762
2780.1586
7036.6625
2241.8594
599.09708
2787.8071
1206.6108
3350.7907
3123.5022
1783.4886
1023.4194
1351.7558
1198.5391
324.08976
2884.364
1491.0601
-123.6838
2383.1545
-160.88109
689.5667
1431.6824
454.5429
687.00503
1156.0346
7099.4924
726.27594
786.51794
2300.5878
-1329.5943
725.24593
231.78676
1859.0397
-695.3499
1765.5207
870.30296
1263.9354
1754.0308
1266.8172
588.67722
1616.71
1699.7919
72.864442
314.07942
1994.5746
1337.6707
2444.1311
599.39026
221.89243
756.27448
1870.9397
-432.924
371.28888
837.73035
908.18634
1569.459
1669.8239
2171.8267
2577.647
456.80984
880.62203
1248.2534
676.32723
2581.9978
1981.6506
1235.5255
661.40652
2074.757
2766.5753
522.69049
2036.8493
531.97462
2405.2762
592.40427
2299.5578
181.52506
985.51148
1438.8926
1720.2174
2273.1771
2395.1641
1470.6663
2297.5854
2319.6695
2349.8934
2055.3191
1997.4562
-648.10386
1043.7792
2395.9619
1215.0157
2345.3517
844.32256
914.47007
2240.2797
581.09554
1595.7989
1320.873
1136.4558
7039.5778
969.87068
598.03652
1538.8347
2761.4852
1233.3762
737.14434
2398.8552
2382.9038
1550.54
1388.4401
1558.0966
949.23775
226.26814
2108.2985
1897.5286
2399.5451
739.21834
2113.1335
744.11899
2497.5811
207.02736
1550.3888
515.30031
2540.5659
2905.987
1542.2355
1671.8102
1290.101
2654.9392
1073.4347
1163.4075
1999.1945
2198.1226
2103.7698
2092.6856
738.01976
1367.003
1330.6152
2440.3111
937.86183
2751.9159
509.61688
1074.7976
689.00874
2691.793
-284.93802
1858.9494
1754.3448
646.96249
889.51349
1899.6187
2434.1484
1586.5026
1661.3992
763.70197
1296.316
1792.4376
2051.3392
1206.7982
1701.2048
2586.597
1215.7058
1236.6767
2268.9827
946.70113
1907.6265
334.3537
2145.7321
2184.2057
1539.823
387.79354
555.87634
615.55774
1380.8278
489.02007
961.54146
1651.9483
2415.7412
2027.6269
2536.9403
2582.9261
787.44987
1869.692
1029.9146
1251.9803
2389.751
1446.481
2263.4856
1566.9595
2575.9814
2210.5566
267.97266
2183.0729
1087.5098
1346.4662
1468.9703
588.29577
2201.8324
1731.2763
1257.5375
2057.0427
1550.6429
2731.7651
1688.4285
734.58338
1499.8001
1722.2501
2147.9079
786.91499
749.93991
1993.9154
1393.4443
2414.4075
2424.8586
498.17356
1139.8991
2041.0186
684.6969
773.29979
679.61378
1451.2048
1670.6217
754.345
633.44004
783.61554
1002.3781
1107.0582
2632.8643
356.11719
868.95648
-22.373448
1468.8314
1849.3994
2504.3389
1525.1362
1188.8624
2630.9835
409.39544
644.73982
1748.79
1161.8315
494.55409
1325.7405
2485.7733
1991.4267
2207.8087
1285.1505
2563.5208
2139.3403
1713.4513
2467.5088
7445.8043
1995.607
845.10595
2717.5971
2324.7662
-27.85203
1387.0607
1384.8986
1418.7102
1763.3691
1022.3086
-580.71143
2036.7789
639.4246
1376.6219
-168.98488
705.37184
270.61258
1229.1332
1970.6905
921.03651
2400.4568
2377.3958
1355.582
2055.2018
2180.8762
1811.3813
1362.5897
918.19358
724.2242
1265.2056
1116.2606
1662.4565
551.27235
1071.9431
2408.4262
1709.4448
-19.396637
860.19088
1279.1064
2375.0938
1628.5562
821.41318
1526.7977
7434.7897
-303.92304
1001.4442
545.8201
2387.4893
1685.9759
1059.3852
1123.3722
1572.8116
2078.5095
2586.3107
2308.8139
2264.5873
1189.4211
1941.9438
1174.8283
1415.2116
2179.4379
432.45415
197.88155
2902.193
1080.4336
2179.0478
1785.5045
-33.306299
2482.5092
1070.7002
1569.5341
2613.8473
2444.1061
728.80963
2630.5679
910.52343
2621.782
1947.2916
1595.4901
1871.0391
250.49657
976.76222
1025.9579
978.4067
2203.2246
-491.64846
1993.107
2047.1633
2508.6004
-188.89593
2765.7624
403.94803
2507.6604
2571.6012
2721.7592
326.37301
769.21858
-80.339991
1683.5422
81.588321
1243.1485
594.43184
918.94196
1726.0066
2863.085
1231.4156
397.61186
5119.7391
900.66508
1620.9543
-31.988632
1824.4805
1637.028
2116.9389
2502.1542
-172.69576
2460.527
1266.2062
931.44796
1160.6639
1887.3498
1129.7949
2912.8321
1995.9026
1832.5731
1866.082
789.5206
783.19572
2025.0231
1040.8079
1722.813
1988.8285
2093.6254
-483.26554
1639.3738
1715.2018
1044.6742
1230.4492
957.64615
496.22118
1821.6972
7572.0238
-143.11912
2439.6486
1529.3693
1934.2776
1731.1508
2264.719
763.86266
2237.2075
74.414995
117.26128
2215.3758
2214.3965
-171.57897
1904.1882
7104.5063
1715.7323
2114.5972
-308.64645
1753.1506
2274.596
2060.1119
1885.9088
2014.68
1048.3328
2719.2802
584.29265
2431.0929
1165.8161
2570.6071
1609.6837
2395.2427
1953.477
2821.5167
2396.5824
1194.7762
1269.55
1531.2344
1722.1906
1700.04
1786.7409
2412.2119
7198.1208
1325.776
-155.24916
950.97404
97.777782
1913.9383
1589.5691
2163.6706
7353.2603
595.63741
2353.662
-360.15981
1635.8843
1316.4204
2237.2185
1193.0949
2132.5431
2290.9459
1707.0115
1202.3518
1584.564
724.81359
892.54729
1362.3263
1199.8557
1096.478
1858.5992
1133.8007
1299.5589
702.00776
1080.1571
1381.4873
335.02217
7430.0104
2759.8414
1455.0628
881.79615
-228.51527
1314.1196
-491.02152
856.29471
-200.25709
2590.6041
1597.4855
1213.3555
600.7332
1511.6999
1573.9871
2279.8769
2069.214
1672.2891
2385.1296
1283.8731
776.28408
752.36399
896.01516
1882.1839
952.84359
596.16175
460.85763
319.77425
7486.5094
1803.8698
1013.309
2218.3424
2303.061
7021.1167
2704.3363
-48.91784
1184.1745
2631.1226
1500.1375
387.5076
2117.4472
1486.7639
62.067577
651.555
2066.5406
623.75041
492.42126
792.72985
1881.3731
1566.3656
-207.9141
883.61127
229.79537
2810.7055
-763.08528
929.04141
1438.5012
2089.736
1413.7435
2045.8142
1161.2622
1368.1507
1749.3879
1873.1915
817.36307
2541.8596
2187.1737
3324.5741
2589.0954
1215.9203
330.33656
1342.959
3524.4635
2031.7977
2438.6605
2587.3032
1788.0377
184.39057
1658.5656
1567.8072
694.40058
316.12178
996.30973
845.60281
1694.5766
1559.7156
649.2699
2862.8482
2774.2466
1638.1315
1195.3463
814.47408
802.47924
2147.6372
2044.4385
1596.8873
317.56675
1738.4021
828.5577
1636.0886
2183.2275
501.86964
1262.5188
1143.5054
2705.5702
2692.7741
325.76583
1297.8062
2007.7603
2332.7389
2771.8981
2452.9802
1708.2218
831.10336
2634.6785
1383.6162
1485.8346
2822.7184
1519.7855
2544.1677
2294.8131
152.20879
1664.1998
1777.2843
611.13581
904.01027
3472.8189
940.65365
1419.4758
1509.4783
-354.20006
683.56065
986.18945
1051.8679
1394.7266
2046.2371
2297.1813
1051.9589
1158.2755
7053.3925
1145.525
1502.635
2680.2241
2308.255
2628.0293
1948.4977
7605.169
2002.7474
2323.5889
1800.045
2736.8278
410.7786
1816.7086
703.71218
1422.1074
690.62529
1811.7574
1908.4163
604.20904
1588.559
880.81206
47.549964
2200.7831
1759.7951
2670.132
6609.0244
281.7047
2270.3859
1015.8396
2335.9806
676.13959
2350.613
2288.2105
1654.7489
1753.8364
1069.7353
2386.5781
1713.2956
2482.9082
744.85703
1129.5115
651.51322
465.9014
1250.675
2702.0928
2161.1861
1647.21
1980.1637
755.98294
1246.894
1965.431
1126.3805
1123.2753
674.5082
169.19729
2444.7973
1271.3785
435.84403
901.4332
1825.3211
664.95463
1522.6052
-53.248432
2055.1699
1084.8481
2500.8791
2218.3918
1646.4076
282.78998
2783.7743
-448.26214
1815.071
1307.806
262.5169
1561.7169
1927.0967
7056.7865
1086.762
2755.9764
1047.881
2425.9234
1633.9025
2407.9186
520.69231
1743.1785
2406.7791
2062.2449
1097.1388
156.33656
2091.407
694.62933
2244.0164
1754.6417
1138.8806
1701.3587
1671.6838
1608.9055
383.06772
345.85249
1102.3956
856.24316
747.58435
-159.17074
723.39759
2534.6991
1901.8002
1616.5616
2144.0552
7469.4266
425.12849
1666.2983
2348.9955
612.20178
1263.741
1005.1131
1649.659
1921.1072
2021.9568
946.00512
1213.6346
1540.3777
1603.5285
4027.6194
1664.3777
-276.08739
1991.0492
2044.8464
196.08285
2291.6364
1568.7912
1616.0133
329.03508
838.70196
1937.1101
483.40271
1420.5885
2806.4634
1796.1083
2416.1049
2699.7311
1073.8752
747.19299
2024.5419
1172.3422
968.12659
1634.1923
991.26292
1239.1488
1230.0796
1845.6023
1251.1893
2566.0443
441.12262
1293.7645
1902.0997
843.68364
1746.1779
1461.0923
1805.6784
2353.3306
373.01451
750.67586
564.8213
551.7769
2296.9792
1355.9826
1452.7097
1207.4344
1057.9701
1770.0904
1569.9507
2259.7291
987.89633
7385.7433
1067.1241
1254.3956
444.93809
2188.3195
530.37547
2721.1932
1391.1189
2273.6789
956.39864
603.34545
-252.26514
2040.7557
2227.9967
477.15049
1498.6353
2168.8516
2205.1328
1461.154
1439.3954
457.41558
105.72399
-104.32966
375.22032
2358.0351
2269.1586
1873.6104
1478.2955
998.75354
1326.8651
1763.0362
1926.1572
2029.5473
1980.8047
2487.8403
1005.8027
742.30268
2111.1299
2475.6857
709.48477
1996.1586
2256.6896
1660.2787
2625.7078
1805.3965
698.8317
2577.6873
2480.9994
1958.9794
2003.7206
2548.0479
2251.0595
1448.0964
1954.6297
2409.6609
1438.2491
680.02964
623.76469
861.32167
-320.55553
2028.1435
1507.411
414.66467
1872.9076
2582.2374
1721.9768
967.06703
521.04691
2404.5052
1920.8272
1650.5726
1929.4842
2407.6516
1762.8115
839.80382
131.98514
373.88429
1340.9583
1401.7877
1262.6136
2554.8737
656.08266
811.21085
-91.804228
254.91075
961.22531
-346.61693
2077.4486
-79.014392
809.76923
2761.3597
1595.8195
393.73085
1049.4625
1743.6554
1257.5535
399.25846
2436.9852
3288.1614
1930.1302
2190.5401
1437.9106
1463.1027
1060.2156
1002.0731
2643.912
1416.3489
2059.9076
2071.281
2680.3075
2472.7275
1586.6415
2241.531
1211.1009
600.91687
1115.9924
1817.7602
2353.2863
1315.9459
2002.1285
1010.867
754.31694
1998.0959
1518.7975
2607.9284
778.36249
877.91133
476.91108
1129.5584
213.58785
2068.0645
2759.9987
2271.049
3473.5832
2654.986
1849.7686
2092.2847
2323.0595
322.19311
763.40958
2676.254
984.72356
2315.7079
994.64797
1601.8471
2252.6301
5864.1146
1997.3721
2360.7382
2533.5767
855.72711
2019.1515
1164.2684
2626.0614
320.49132
7042.0606
1831.4609
928.26399
-453.21981
128.10791
717.68713
1228.0162
1780.6721
2261.0979
2166.1795
1108.7418
1895.8942
2330.4455
2642.3202
2481.9542
851.41799
1714.5035
1676.6629
1808.7728
235.17735
1534.4892
2278.359
2014.7131
1298.5198
1729.5514
1891.3475
1781.7286
705.85567
1745.2958
1909.3975
1948.9631
1401.8512
1363.9164
1113.7214
2683.9677
2588.1765
1657.2019
721.4592
1404.6289
1984.6995
544.92519
1621.064
1279.5882
2669.3566
299.71849
434.03108
1694.6007
1027.6652
2503.9559
1060.4979
1346.9095
2155.0713
2041.6319
615.72804
1655.9211
851.32168
775.68249
2081.6456
2398.2867
1921.5435
1583.3885
2369.2326
2316.7443
1712.0547
1030.4343
1348.3132
-51.98832
2600.7959
557.30378
2572.5989
1311.5728
1268.2427
2410.6592
1700.9985
690.3698
926.21387
485.17264
704.14207
-89.098201
450.6959
2608.9034
4710.0932
2641.106
1661.2972
2491.7733
2072.6569
-218.95279
505.57992
2679.5804
2598.1352
397.17008
2099.4703
2072.9067
2789.3136
1136.0957
1874.3582
2620.9582
1901.4189
7181.1339
2173.419
1143.1881
615.40012
520.97031
1261.268
2465.8365
584.21356
1030.1435
1687.9323
2340.9561
1549.3213
414.33147
1538.5833
777.73528
2460.7516
7513.6856
1428.2676
1093.4128
166.26109
1562.2985
2577.8718
311.24579
600.31219
498.67827
2385.4436
806.57535
-635.83468
2065.2672
1079.0266
1615.1304
170.93621
557.29478
2913.6572
2267.1454
963.33688
1919.1906
2667.2259
992.46575
746.15739
385.49024
2301.4091
1002.5153
1613.6241
-158.0248
-59.6628
1661.3925
514.10854
-274.9875
1783.2518
1641.5505
742.19363
1616.6504
1711.2004
2463.4744
1614.6443
1691.6707
1490.885
2603.1524
491.36074
-22.714926
1730.7888
2379.9557
1310.6604
2722.5019
1363.6415
-88.741553
1805.833
-320.13155
2412.3153
1912.4942
2524.859
1574.4731
1111.3913
1787.0519
763.65145
2814.9237
2200.396
1248.5769
2477.1635
248.99609
1794.3456
7063.5648
7227.0819
-274.78693
7549.2728
1895.6606
2751.2479
2678.5279
3325.6844
-524.5381
2554.0033
564.70049
719.27607
2107.0258
7230.915
2515.9726
-1963.016
889.42563
2472.2056
2503.6788
2259.9313
2114.254
60.558421
1890.7462
1851.3729
2065.9434
891.0981
673.24389
1904.0087
2069.7018
2416.0586
1658.7409
924.07963
1345.7594
868.709
-72.451885
1464.8647
1054.0947
660.2412
2468.1453
641.8997
1748.9245
332.44433
1581.9442
655.60065
27.045067
1669.4601
2444.7837
1637.0821
1000.7097
1324.7104
1031.8711
130.56916
7186.3295
1838.1222
829.17865
217.69041
2686.8072
1484.0778
792.1246
577.58949
2713.6984
1608.0408
1888.4729
620.18379
2562.4823
2733.0002
1370.2345
1362.5048
2264.8821
304.26315
1787.6114
1054.9553
1918.4396
484.3738
1487.7006
488.36409
1505.8887
649.98802
389.29588
2131.7693
2356.4714
830.76184
2514.1919
446.93242
1525.7251
672.41354
298.61422
458.08088
917.87312
2268.1885
2409.3293
1621.8752
2593.7191
1635.9296
462.86044
1701.6785
2667.1029
1909.588
2190.7312
844.51949
7168.8842
970.98406
551.49776
2569.2135
1710.4641
1994.7594
649.74947
88.736029
2641.3919
1328.8132
2481.8261
-89.320055
1117.892
1009.4465
1395.273
7243.3037
628.46599
2398.8016
1780.7373
2501.2793
1193.4934
343.83531
2576.191
1630.0211
2248.5367
2256.7133
-20.978698
817.57463
1030.7696
1699.2603
1228.2638
2100.5336
1676.4146
503.54347
903.1375
1264.0285
2207.0395
737.85117
-325.33909
2310.0637
2527.6662
1730.2763
1718.4504
804.01947
2216.5529
1326.184
549.42064
1213.3885
6680.1758
902.24377
7350.6363
189.36658
1625.9658
2003.3932
-770.88913
2702.7735
1460.6677
940.42944
2164.8939
7041.3145
1936.5765
1034.5898
2308.191
620.46379
970.19879
376.80564
1211.5109
711.23427
1527.4364
1103.8048
18.614629
2332.2332
2001.569
1291.2495
1592.682
818.36294
689.74852
2064.4562
1077.663
2419.7586
1240.7058
2689.1518
-135.16394
327.73441
1693.1182
1063.0634
1904.3496
1097.6786
1650.0747
1287.1344
1694.2095
1788.2063
2691.8078
801.28812
302.31212
2106.0569
939.79717
2353.4873
1954.1375
1291.3559
653.73605
2014.7675
1744.514
2238.0697
2049.0998
405.36261
1159.86
1831.77
2287.4555
976.84835
1957.0099
1708.6764
1623.9523
203.39237
462.00952
2324.0813
1148.0752
1694.0063
2186.9471
2458.4952
2334.474
1140.0554
1613.6253
1317.7738
2239.6185
2132.5601
305.0306
1329.5632
2564.169
2046.4713
1277.0915
1390.0886
2741.8198
1559.8494
143.16761
2532.6099
1569.8161
782.39251
1666.2608
7549.5123
563.84977
2056.2184
1714.0531
2556.2298
2151.875
1511.0332
991.41161
753.4544
1285.7952
7040.4564
1979.0965
1762.4283
1241.6032
1929.7721
-572.13569
1764.8041
1118.5899
1290.4994
2456.5353
2734.3338
943.39601
2080.0499
2724.2316
1492.1925
2316.6848
2220.6369
451.40596
6713.4534
1455.8982
2585.994
1191.5301
2255.3309
-216.04368
934.26768
1594.8094
845.7884
6998.0221
2192.2457
801.27029
2928.7967
392.41571
2197.3556
1726.588
1749.722
1751.287
1974.4616
766.1186
750.10163
651.31465
1677.8152
2080.7714
791.1069
1572.0971
1030.9603
1183.8791
2236.0346
1115.4347
2399.3376
-295.67818
2346.4159
118.57488
2237.6814
673.54017
2598.9563
1480.9179
2658.4149
1735.0148
1459.0363
730.32389
771.88427
808.89217
1595.2742
2068.7463
1181.6082
2318.1851
2247.0988
2168.8175
2217.1824
924.79073
2295.0033
6662.8866
2813.8127
1700.2572
1802.4979
7508.3676
-251.10078
2462.7255
1385.8715
2451.888
622.50766
2362.8623
2299.2502
2804.9122
549.20654
1684.8616
7312.0713
2468.057
539.67726
7564.5686
7039.0302
-291.25432
2245.4718
2172.4681
1711.2116
1838.8739
1254.255
-765.78134
1305.029
682.56445
708.97806
854.05692
1321.2942
836.49236
2308.3675
1715.9151
2185.1132
1498.1526
1017.4911
498.33043
816.3123
1401.6957
793.6467
1481.7358
1958.8291
694.1222
2414.5681
2157.9129
167.91188
520.90634
2412.7226
1815.0821
-290.01299
2399.2543
1337.7007
2864.7216
-648.63595
7027.4373
327.10683
2624.665
1799.2334
1207.5668
2682.9927
1696.5465
1825.5834
1459.8149
-97.634826
336.20468
1471.7399
568.7177
655.07227
1827.3686
612.03041
2251.6354
1888.9014
2160.3968
793.51881
1199.731
2422.3246
373.85266
2727.3349
1314.0241
182.17281
2060.3072
1028.6639
151.93646
450.44042
666.56047
617.09842
439.21478
-14.206185
2758.5765
950.4719
1606.5325
69.540255
1827.9392
2384.3755
299.55135
1614.9751
7038.7624
72.704064
-889.26663
2772.4911
-806.94989
1011.7849
462.82371
389.48235
784.41768
1965.6723
905.28161
99.882999
2252.8653
2853.6228
2254.1494
1550.1726
-347.85207
1398.48
1018.1621
418.88598
1272.2991
7393.1034
2273.3168
2491.8873
2800.9288
1010.1097
1791.2721
2591.0936
2576.8412
1624.8982
620.37007
410.8238
222.2823
1101.255
2824.2834
170.29485
568.84467
1984.504
1788.6894
951.09353
1851.1409
1938.5978
357.89353
2714.8138
2901.5945
610.31413
2147.0644
-173.89772
2562.3411
1434.3346
1692.3574
819.98342
884.84595
1894.1778
1453.6851
747.17759
1538.2019
2463.292
1681.0717
2506.5684
1840.3614
1019.4177
1387.3544
343.9448
2402.5667
1798.5892
2022.9642
1160.6174
387.45605
2260.8344
2535.174
2688.7927
1819.3992
2520.0679
249.75364
2260.7922
2006.0981
106.90312
1480.7065
805.71714
1119.1348
819.15421
1724.9929
-427.23815
2597.6381
765.77395
2560.1405
-609.12838
2465.6486
1479.543
1084.1199
1903.9237
498.18014
7.9573607
1654.9101
496.67281
1000.9366
2429.5395
560.79529
-57.768245
781.27758
131.42455
927.1884
1379.9481
2197.0065
1396.1106
666.6275
193.0038
1229.2701
2176.4127
2382.5106
1712.6999
660.57324
1328.8648
1351.7341
2814.8133
1958.3998
2722.6361
826.75617
1165.69
1389.8823
1084.3862
1411.2705
2217.6417
1101.4407
886.04378
2231.6422
621.04388
1201.5441
1697.1127
1346.9043
1382.1583
2510.446
1412.92
1279.2503
699.70078
611.52838
1826.4654
616.71745
2249.5249
1014.6309
1696.0698
1204.5142
1926.1493
1705.9559
1111.8957
2825.8658
1059.4411
2136.304
1203.0025
683.03772
2549.035
1055.6252
849.631
2129.398
2011.1852
406.62462
2760.3823
375.75029
1459.0686
1630.168
1296.6951
221.73272
1135.4983
236.09452
813.74807
1468.6038
1355.3787
1490.0334
2656.6128
931.59649
1230.3424
679.76538
2095.4256
1863.0234
-125.10467
880.89359
792.62745
-130.68069
871.39337
729.98148
2549.4743
1714.0238
2608.9714
1293.4686
211.06786
906.20541
726.71112
126.18897
1994.4562
937.96981
2035.402
1208.3577
788.25848
602.03258
993.63596
760.98525
367.99115
864.81018
1569.4007
1278.0207
1307.0139
2432.3296
-115.531
990.09248
783.50767
412.91145
1043.7875
480.08179
963.80835
982.35406
748.07677
1860.5508
7017.7509
1503.6383
30.244933
722.29477
1921.6673
1222.9125
988.47106
1789.0126
1942.8125
1793.6786
1471.697
1632.6702
1682.646
1925.6267
108.17602
2277.6609
2576.7905
1601.7752
3040.4416
1740.441
1297.3579
1337.5823
2799.6545
2543.9826
1239.2951
1208.8596
7116.5098
2413.8914
625.70087
1179.3921
1129.6313
1456.5545
1080.4593
1514.9926
-296.15226
947.37499
970.04733
2442.405
1784.9805
1894.751
444.29991
1736.5253
1880.0645
1274.5487
1021.7862
776.71431
422.35277
1872.2199
1241.7309
-72.794473
-2433.7453
1057.5624
2574.9342
2394.0077
2160.5139
937.51407
2567.2534
1094.6346
2185.9847
655.0136
1403.7779
712.58585
1180.0978
1219.6574
1133.6575
2725.1753
1281.3491
-193.76393
2773.2246
2433.4886
2109.9328
1233.5666
2139.7792
649.53114
265.03866
901.59438
-629.65391
1590.4089
2078.039
1196.0852
543.55513
1889.4779
1514.24
2040.7459
1738.9092
2181.7361
2258.4639
-782.59339
2289.2536
1358.8479
1207.6339
1952.0645
772.12222
2824.738
622.41683
1175.142
1876.4373
1475.3195
850.66917
1684.5221
2093.5512
799.72352
2691.1406
1714.0563
1609.9355
1477.1288
7139.4812
625.37965
2557.9758
2032.2875
688.37608
1891.832
1719.4397
518.10647
-658.81565
1775.7978
945.50766
2525.2329
983.71327
1127.3257
2644.5203
1847.0699
3570.3864
2461.2568
1728.7411
-293.89269
1258.903
2382.4702
1137.8167
99.177863
2400.7653
2007.9345
64.240825
1323.5351
1560.9106
749.76411
901.66541
1787.7887
2298.4263
1235.0544
-352.03753
2106.62
929.66225
1132.535
919.32917
2194.4642
2156.9888
789.03162
2518.8088
1475.6628
199.91855
1891.9202
987.01904
7501.6393
1606.3448
1998.9854
1357.8321
450.59236
1225.2104
1583.561
2021.6398
313.84328
1832.6571
1220.1813
6588.8055
2756.2432
1486.0696
2623.1469
1531.6007
-331.176
844.56191
1573.0631
791.27498
-228.73083
1852.0587
468.43475
2716.8244
1399.9717
2234.8706
1666.8466
613.89851
764.91672
1557.7926
817.89642
2670.5306
1479.5466
1314.2721
1677.5723
2501.0064
2084.8805
1927.4972
1749.1683
1367.6121
2486.0344
2304.473
1599.5776
785.29554
206.09503
791.38195
939.87359
950.3663
1586.9503
849.4659
2527.3504
1261.9932
2014.4307
940.10772
1334.688
2392.0068
662.30429
1599.6377
-193.92675
1792.0324
378.79164
975.56804
7057.9235
1484.3656
2701.084
1049.8371
1535.8864
7052.7499
1207.2367
1257.2733
2114.4006
562.46264
1514.8787
788.67642
1743.4637
1785.2906
2687.8137
1811.7771
71.92223
2831.3232
2434.419
106.13563
790.64977
1410.7779
1033.9875
1476.696
962.74994
1616.5885
2218.0579
1870.2744
-346.16434
2256.6964
2223.871
1252.7681
1457.2503
2583.4275
2371.7881
199.87064
1175.3428
1749.859
2175.7491
-107.08904
927.15222
1028.6637
2617.4235
1284.6325
635.17873
947.2173
2604.3237
2090.6629
2475.8309
182.57335
2159.1307
-90.837495
921.24396
2619.6862
1148.213
2273.3663
2822.3928
1508.0128
781.44138
770.29032
349.77738
2788.4817
1559.0365
1252.8304
-331.20011
1199.6334
1208.1046
1002.5586
2768.0918
1044.656
2019.7597
688.08769
2278.8395
1701.1027
302.07594
1753.3231
1452.2382
1787.3337
738.17565
1243.5381
381.25682
2254.7326
1732.5765
1373.2095
912.3822
1171.8146
1659.3395
1557.1902
1021.0702
1323.0463
1167.5899
2727.6271
2862.7292
2224.5853
350.72418
1333.3181
2530.7845
2029.4184
1908.7152
1241.1606
2199.0662
1685.8976
2250.3033
1213.562
2569.9657
2664.0456
1150.0019
2774.6163
1541.6691
740.48665
1247.5539
7076.6174
2343.7992
2238.4841
1334.544
2076.1789
354.92942
-106.57414
1906.0031
2402.0786
2018.2026
499.80723
2002.628
716.6279
1864.536
536.70903
484.95551
2960.064
339.35189
2401.2999
496.2845
2841.8665
1576.6431
870.39816
841.75037
1608.4029
2385.0301
1733.5677
1338.0397
1656.9434
137.82636
472.32707
613.59883
283.4991
697.98582
1530.8594
1876.667
869.41106
190.7429
-374.94099
857.69274
3767.2449
2578.7211
2386.569
7.0846889
582.84537
1083.1257
791.10438
715.66569
849.80658
1999.8931
712.98507
1755.9196
3256.149
2747.2574
479.35315
2008.8309
2390.6136
172.88676
2717.6724
2559.3536
2399.4067
1748.6847
997.32306
1832.9
1400.3487
2518.8326
1645.5502
2432.802
1571.4452
1004.5316
2650.6924
2578.0257
1487.8301
1464.9953
1695.57
1663.7637
2675.6651
984.23143
2050.4576
2838.033
2380.5063
1684.5515
2638.4184
1423.5464
652.76106
2100.7299
1907.8437
551.24409
2416.9518
2251.6253
806.81067
1472.7158
2830.6558
863.90208
723.97625
2401.8475
2137.1802
1627.297
1980.4348
2605.7517
1881.209
2588.7501
-155.14384
2070.6463
-841.59201
557.75009
2268.3793
2313.8007
1222.1096
2413.8348
1637.5541
66.914028
846.70832
1226.4238
1001.5349
581.42569
860.45041
1824.3734
2160.1327
626.71083
595.21327
7030.4238
1612.6283
2379.771
777.23647
2610.7059
1299.3709
1786.312
485.64146
1253.9533
2186.5365
1956.2431
1903.5459
2104.1029
1875.5821
1092.7864
-21.772589
2080.9742
741.38452
7036.6148
591.49161
28.95976
2076.6784
-274.76513
2445.2838
2829.252
1757.0778
1867.6675
2343.6386
2399.2598
1186.2379
615.98754
2415.4874
1500.5654
2139.5006
2834.4887
520.62812
2120.0891
1652.7944
780.34816
1167.6382
2276.9067
1756.408
1333.5089
2647.6695
372.4502
2470.8106
728.76598
2862.0275
2676.8932
2386.9769
2186.2744
2423.387
1890.0272
1583.5817
1856.4145
1176.1594
1772.5348
281.64005
1657.3372
1051.3297
1800.2822
-78.270632
2023.2754
2920.1744
1990.8553
889.91577
2626.3353
1390.2342
1515.2159
1391.7654
7350.1918
1265.4012
1050.0535
814.30402
2755.5448
1728.6917
734.16183
285.57643
2909.3316
2083.6458
1833.2421
2511.1347
2164.9072
1741.8801
1839.7228
1784.4175
1666.2434
2338.1876
2424.4866
7109.1366
1882.1575
2814.3077
1060.9887
810.8012
2677.4353
2306.4444
454.30979
1316.3462
2819.5121
777.41081
447.49752
1850.3793
2131.6182
794.3917
926.21322
1222.5346
2702.5518
1481.2698
1452.9739
243.66326
2423.8816
675.99702
384.67625
1199.8907
2015.8045
1669.6183
2231.4014
2136.8041
2158.1843
420.35817
1490.8982
1208.5141
2647.5605
2230.4721
781.99305
661.72961
1369.9946
2738.8891
630.12771
1732.2431
939.95874
2186.2898
853.17883
1999.5971
2572.7366
983.59419
881.96336
-31.207787
1593.3053
2922.3453
2237.0258
568.41587
1786.3025
2374.9357
3089.8458
-321.97968
592.65595
2254.8335
1732.4895
1412.8709
1579.1188
1649.8001
2662.8137
794.19963
618.51635
392.76812
2241.5839
7073.1338
1195.6214
1568.958
597.5543
1669.9723
-349.6643
-789.4662
-474.10632
818.74141
837.85818
1710.4373
1711.4772
1643.0381
-50.026826
2218.6805
1059.2038
1730.6881
2106.8804
1279.5375
1937.9821
2116.7017
2139.4711
1789.7661
2208.7056
2943.7628
2673.3699
-289.3795
725.02593
158.86938
1769.5942
1529.9
914.53354
1096.3862
-306.24759
848.0547
294.57784
550.55362
-58.330999
1036.0304
1712.693
1424.2345
2760.9008
1218.4528
1146.2183
2466.1482
1987.5111
583.59797
2667.8528
1297.0636
1798.7944
1002.6525
878.44264
2676.5762
682.43504
1809.836
1935.3001
1799.7218
2061.1769
940.846
2013.8237
2831.3176
1088.4971
529.9055
2154.3797
494.32635
367.83892
2681.0303
1661.6263
729.90392
2222.9343
-278.12518
541.68653
1431.9632
1695.8277
589.95891
2678.2698
1752.4846
2412.5695
874.99821
389.14535
85.123135
1998.9622
2706.6326
2397.2213
1135.9666
998.54149
1381.3718
2302.7813
1221.7494
2474.853
794.54753
1500.2801
2422.1549
2611.4818
490.6203
1678.6079
907.43138
1714.5794
-18.598198
1304.219
1551.3254
2156.4561
514.67081
1260.4912
1127.5338
1167.1708
426.05223
325.97013
7576.0916
1261.4474
834.72214
1367.3972
1097.2547
854.68508
1694.8556
6795.5671
-77.896204
1519.5712
1770.0089
1032.2188
1943.7084
2074.9031
1645.8107
774.45612
570.33459
2070.3719
994.72376
1990.7456
2291.5592
1484.4743
2329.2607
2126.7374
4411.1359
862.81156
2503.879
1336.1245
-736.56267
2199.2581
1463.264
2743.8197
222.15815
1890.8015
633.9234
2493.9208
838.76185
2223.7481
852.86437
1682.0931
1105.3975
1649.2543
1295.842
2769.7346
851.70633
593.12512
2899.9123
1744.5487
5007.7783
1049.9497
1111.6609
1740.3295
171.56592
1531.068
1495.9716
343.58929
244.75904
-176.48417
1662.6942
1941.5923
2030.7485
1368.6356
1279.2408
7034.7249
2090.9647
682.04979
745.9092
2373.9949
1473.2518
1209.819
1202.4618
7034.7794
2942.7506
1460.5542
1021.4283
2756.3469
2299.4002
807.82088
1524.2392
2067.1092
1063.4073
567.63031
1917.0667
944.69954
1175.6136
2002.3499
124.0781
2192.6407
535.03621
2425.3421
1655.834
2410.486
786.29296
1828.4615
2064.7754
619.15788
1626.2051
2764.5605
1662.6671
-394.84579
1172.1567
852.25742
2647.3449
1513.2716
644.33495
855.30113
1195.9861
1605.8763
2172.3039
7436.5562
916.65547
1529.2758
992.19286
1661.1035
2030.3253
1600.2621
471.16587
1863.5151
1311.3711
2689.1244
2134.0983
2141.9664
437.21181
7018.5012
2050.8915
1533.3845
1758.7493
382.7885
2009.6477
1181.8542
2853.5948
1315.1847
759.52331
185.98093
1377.3544
740.25543
2573.4811
2837.8443
1593.0054
1647.3582
1755.7603
1579.9245
1640.7104
1842.2503
1401.7489
1163.507
2149.4681
2018.3811
895.75892
668.44455
544.09959
1752.5853
1704.4604
-732.14513
1488.6921
1557.3096
942.79272
-180.23692
1268.1733
529.11381
2038.6917
2667.4902
540.44208
1355.8764
536.45863
-745.13353
2701.326
386.80912
632.12062
732.8825
2152.2162
750.32345
2481.1038
1569.5534
1390.3379
551.048
1035.2618
1047.1354
1650.5148
2152.1757
2383.5544
2476.1423
2051.9129
1351.5546
2152.4307
1262.6461
2564.1897
948.65708
2509.3154
1027.8606
1592.4494
-638.127
972.46542
2328.2483
2147.4283
377.93023
2494.3727
2187.7074
917.3035
409.24613
727.1617
7045.5591
2759.8042
1423.6569
1035.7754
2194.7618
788.00205
810.60612
1873.5519
7498.9418
1959.7691
7377.7513
2580.5423
1764.0897
2922.9791
1604.1161
980.62505
-223.8493
1368.1745
1991.7424
1994.1327
461.99694
2649.0837
1642.6551
1502.7727
1279.4413
873.87241
1752.9544
2.7840981
-44.610922
843.6527
2900.7827
1585.0827
66.67466
1239.029
718.51206
2311.3601
557.01985
2933.3789
304.00071
1256.9975
941.67972
2477.0759
2091.7219
2870.9898
1638.6415
2516.8897
1396.8092
528.92095
1818.0407
1657.4555
1739.251
7497.7911
568.30437
442.81341
506.54345
2055.2688
578.96881
2049.0043
848.0734
523.40301
-653.21559
1119.4586
512.96117
2235.2018
2385.6297
1991.3711
1630.7692
1702.8509
1523.9531
2324.4146
528.87731
2057.0292
2492.0177
867.33501
2535.4102
677.67672
2664.982
2775.4405
1753.2714
1748.1683
2368.3867
946.76784
366.61331
-102.97246
2682.0455
1400.3143
1145.4619
2524.9234
1041.8236
1211.5312
1764.7794
1882.1626
2561.2359
2871.4748
2063.0255
149.40719
2449.8703
-659.97634
1850.1632
1224.1517
1183.3835
7052.7924
699.40476
932.47626
893.76656
2175.3386
502.35593
2290.4599
2311.4861
-138.77427
406.1466
1141.9434
919.97086
875.41493
1792.6045
567.58998
694.53957
931.81852
1175.5262
566.12668
352.61956
1330.1915
1616.1716
528.40301
2016.5399
1041.8638
1943.1612
916.75633
1489.7795
1603.8501
1314.598
1130.4183
1246.5747
170.46361
812.81759
1920.3534
2219.3205
2770.4288
2263.5653
1425.7509
1781.3517
1036.9485
2274.7536
428.30328
2619.6029
836.05425
1038.7321
1249.2369
680.85355
791.51223
2142.4742
1798.0887
1603.4641
1339.0283
1375.1025
1871.6071
7098.9989
166.34396
1147.8459
1538.9611
3244.8285
915.797
687.15496
2677.7376
1657.5108
77.500006
2632.8812
2727.1709
1714.9476
1466.2246
2818.7096
2553.6166
1521.8119
216.35707
873.72652
765.83207
2856.1578
2615.8791
1790.4827
1664.5539
2826.8246
1181.895
1363.9967
1441.4086
2663.5646
1013.3963
371.99049
1184.0473
573.08196
819.312
407.96253
1298.7534
1383.0431
1123.0159
2197.1092
1521.5125
1239.3353
769.04209
2856.9022
1664.6872
1472.5452
1907.2605
-607.53543
330.97592
1870.5897
795.50278
-548.03687
1943.4364
-41.064503
1249.0227
1937.3313
1360.691
-82.05348
102.34843
2894.8618
1703.8796
2536.5747
1809.6286
385.82809
1861.2421
-12.361614
1318.7158
2272.3284
2658.3404
7046.3975
1521.1322
690.81123
2007.0656
2573.4425
2363.7658
2894.5195
767.75485
902.27695
2641.617
1778.1234
932.72579
974.76806
352.7767
1983.2094
1174.274
36.909367
1844.601
1667.6208
2402.0251
1061.9535
2160.5406
2314.121
1707.97
1860.5123
2828.5921
112.49653
2169.0087
1948.9931
1106.1221
1681.1648
506.04175
1458.9932
1989.6778
7463.44
1394.4028
1594.2128
1023.5714
1410.6542
851.81237
-655.2173
2792.8403
147.35459
757.64037
1485.2654
2379.9348
1630.7047
769.11814
675.18897
1183.6993
1451.71
669.97322
1407.89
2579.5158
1393.2313
2642.2843
1411.8918
782.17113
2011.7638
1290.1091
1966.6891
2880.5587
1005.64
1100.595
1313.0688
1638.5006
2066.2787
597.00935
1355.3919
2766.9423
2512.9261
400.85571
1904.3088
2311.0116
1707.3136
1699.5937
782.00356
1586.2052
1614.6526
324.04642
2322.5754
721.06376
1999.3275
1063.722
805.48163
2667.7969
581.49245
2738.288
758.8814
1923.4289
227.50415
1326.4646
407.04587
2456.5798
2648.1981
589.25581
716.49713
2047.4953
1165.7404
152.13947
1836.1969
-95.778664
1315.4399
-88.121371
-149.86244
742.24891
815.76109
1728.6963
998.54015
1469.1523
2705.3201
2119.6455
1507.0952
2738.4707
4801.6808
2437.0466
1528.6425
843.88099
442.00913
1408.4315
2040.9517
756.96245
1616.4845
-96.856499
625.20643
2042.1571
2636.04
2613.7864
1102.8448
1809.0766
1073.0047
1447.1784
-184.58162
420.89794
2424.0133
421.35027
1063.7683
598.67387
1412.5773
1092.059
1834.6803
566.937
2085.3477
2667.8913
1804.7789
1659.2385
968.65689
1234.8719
1874.8854
1767.2775
1447.1919
2508.6696
1503.4037
2651.4757
1565.1135
1908.2867
1322.0202
748.38832
2636.3455
1097.5681
2069.462
1454.2903
2176.6985
6993.6588
140.71251
1834.4725
1778.5039
752.72014
27.415854
886.70519
887.34906
1156.8669
1990.1566
4600.5561
779.91101
2387.2756
892.04776
507.93355
-573.48169
477.27317
459.12972
-138.45473
398.18005
1151.1862
1982.8968
763.32331
1698.7249
-102.04334
2254.9969
1726.1197
1855.3221
2047.074
335.72941
1533.1769
2645.2998
1725.8391
497.40967
813.29847
1890.1004
810.10171
-229.07038
1448.3974
1794.4303
2154.8741
2472.917
7558.4842
2241.3002
2050.3166
2190.1751
2634.186
1015.032
-652.36192
1254.325
2726.6868
2390.1944
1734.175
-229.66716
2279.2801
1459.2322
719.86369
370.75176
1931.2433
1165.3255
2561.7767
1116.5902
2457.6425
1032.3
335.94438
3158.3627
2337.1917
1258.0147
7175.6078
1052.7316
1886.0667
-177.93199
2012.9196
-288.27544
1664.1564
476.57169
6509.4144
1169.8641
2114.8994
368.51259
1967.8165
940.04126
1315.8101
987.5558
912.75706
1431.5154
411.4021
650.55427
3183.4073
1875.2646
-628.55207
563.54967
215.77809
2134.689
1483.1263
1602.1856
1330.5454
2665.1446
2129.2231
500.68456
1698.8185
2292.9495
166.5465
2659.65
6999.8496
1798.9447
1481.3308
2307.4807
549.80576
1731.738
2204.8838
2044.689
2041.9759
2265.6526
852.3871
2421.0952
2207.8719
2073.7861
20.283662
150.72761
2579.9057
384.9928
2698.2034
935.5855
1449.9525
2280.2037
2235.1529
717.42479
822.54431
2515.4979
2048.8005
1058.4418
-187.15864
1495.1093
1387.8268
920.42418
649.30707
1143.5752
7401.1625
2702.0859
1277.1397
-292.4902
2798.4015
2944.6329
735.51883
773.37525
2082.3346
404.18688
280.17141
2129.5791
2121.369
1278.6917
451.4747
410.99296
2529.5559
136.14538
-8.508902
707.96218
1175.8303
580.03736
1541.7886
1510.1719
2782.6882
1462.3773
1404.3009
1201.9001
1445.9118
443.83458
7553.9363
685.09323
1465.9067
625.48285
1447.8684
1392.5674
664.05272
826.77622
316.29596
1635.231
-206.19428
2089.8634
1240.3951
2383.6481
2160.5942
2175.9027
1736.3485
1008.0947
442.3044
630.1529
2259.7158
-79.79667
1689.4168
1693.1776
1153.3607
2519.1559
1059.7587
-491.65603
7054.601
1581.3632
1929.8391
1432.9901
693.8278
-14.31137
1044.6639
993.89027
2444.327
1657.983
1028.4824
821.61094
1533.3321
-663.53542
2295.339
2858.9898
933.74751
1866.0818
825.83022
2008.2333
2640.8821
2546.7091
990.2346
1229.3635
744.59088
2061.4612
837.8862
2117.6016
1742.924
1277.0672
7040.9963
1842.6909
-496.07219
1265.3074
2015.8261
2014.9428
2173.8827
1710.6436
2283.2436
688.77937
-23.129096
2045.4521
1103.9299
2747.2376
2391.3014
-738.40721
2522.0059
1781.6587
1526.628
2397.192
916.7257
7555.1078
2082.7384
451.71306
2519.3608
1064.8651
2366.1092
951.20507
751.60509
2724.73
2536.4386
1568.7702
2095.0899
1874.0287
629.10778
623.28434
1506.0637
1468.727
-44.596684
-156.76577
1659.7764
1184.7552
979.16451
208.13373
297.2045
1038.5937
1442.2554
1927.1824
2364.0411
1703.3052
1486.3567
538.84576
2355.7594
2239.2207
1994.4293
2530.5261
1149.7511
-281.70854
2086.6485
1664.1112
1123.1501
381.25462
1714.3615
2352.6911
923.34285
-293.20729
2201.945
505.3658
2258.1563
7197.0746
9.2112277
835.84793
1607.2789
1158.9791
2037.4143
1929.1601
2002.2757
1708.9069
2566.8633
1887.6693
7470.5632
2246.2956
2680.5814
-86.455003
1257.0738
1822.7017
649.07833
607.76732
2367.78
-26.420883
2020.032
1268.7299
1838.4712
376.53858
-764.7676
2670.4496
1917.2844
-130.66568
1053.7981
1459.9811
2549.0299
17.760591
101.97018
1941.7505
7126.2645
2167.8038
837.51392
2874.3127
1649.4916
1731.7308
1321.2062
577.87884
605.47252
1936.7153
1456.6009
61.289644
2566.6253
2023.9048
760.87499
296.59023
2773.2035
1297.0826
2002.1614
1996.6791
2023.9976
2505.5612
7033.2408
2045.8617
1394.2828
1346.6279
1670.04
1903.5476
856.33445
-617.18977
3258.9746
1586.5074
2628.7179
-111.88939
1662.2442
2736.0052
2247.7716
1987.7641
1680.3065
2723.6698
1381.693
2632.4354
2321.4947
2466.3961
2342.306
2385.3874
2136.3177
691.58417
2709.7693
2346.6285
1079.978
1253.4956
502.12345
1876.3159
1077.4977
1552.7058
1749.4039
1594.7274
1922.2863
-154.91203
1898.1167
1101.3125
-47.710527
2359.8477
811.8524
2495.9779
1061.6677
989.48813
2155.1407
1472.8306
1188.0853
1349.9354
678.58457
851.19982
2405.2438
591.84552
1451.3522
-473.62619
1029.7485
2097.7066
1740.6904
1620.9685
1734.23
2421.575
469.36626
1571.7905
1844.5119
-464.68477
2683.3698
653.54739
941.27571
1787.4033
2036.7492
1173.5155
2683.8985
2638.4373
-700.06114
637.07948
698.10751
2067.2802
1666.2746
1732.5141
1739.2546
1191.3314
520.31611
970.24183
1041.653
2012.3174
2968.6576
1928.5472
720.47391
7552.2734
2189.658
1161.7805
2352.1783
713.3098
2668.0365
1397.4505
699.00472
442.72811
1497.5121
2365.3811
1090.032
2714.9135
994.31741
647.85198
610.59575
2839.1599
2106.5984
1374.061
1984.479
2633.1823
1701.7429
922.68448
2008.0033
1957.3536
327.24171
1743.9804
916.12978
2401.044
1894.6064
1072.9559
2201.3271
881.97107
2220.8778
2126.7703
1274.3361
7024.606
606.03991
1305.7102
1071.3406
1150.5681
1636.1609
1481.2621
-565.18499
7432.7506
2697.123
642.40252
7035.2394
1065.3288
290.10568
1035.8816
279.19086
482.76942
1486.3968
-422.29987
1334.9237
1489.1894
7059.5681
2238.6602
1716.1893
2084.4883
714.45714
6955.7862
403.43092
138.68321
2210.2385
1439.373
586.39192
934.51633
1720.3531
545.24931
2407.0998
2687.0263
2413.529
976.01094
2425.8792
1905.8242
941.08117
671.51105
1583.5114
1725.4392
559.49717
1637.1896
1704.7987
729.68419
1255.7416
810.11041
337.04425
1717.7786
1738.921
569.12604
1837.7563
565.42784
-403.37916
2442.7376
1645.2546
-162.81812
457.11088
1320.5915
802.72369
1079.1955
618.25927
1402.4356
1404.2245
1650.0152
462.59735
-22.299277
919.85398
1503.8029
607.38881
997.06861
820.243
-9.0236422
1577.6351
2572.7988
1781.78
-424.64776
2439.4129
752.13293
1856.8738
670.11537
1637.9579
1990.3217
2575.0487
932.92265
710.17602
906.62989
952.73486
1853.2661
2139.7038
2504.9312
284.71244
529.02836
1806.5873
1139.2263
112.9801
1264.4285
2170.3387
1205.9952
1184.0302
855.2777
2321.7118
2787.7423
1891.6902
2160.9624
-357.05893
1264.9675
1163.4307
-196.47093
2548.1124
2707.6475
1558.9413
1656.3887
1734.1574
1263.8961
366.27375
2281.1868
2228.2758
1063.8749
-322.3543
2624.7178
1915.647
1019.8726
1689.9445
1147.8522
1835.7821
763.14254
1701.1048
2287.6142
2333.3903
-35.117084
2662.3788
2697.2738
2744.3689
1114.0624
1386.529
73.648347
2776.8854
2116.6187
866.84947
1170.2762
1294.4908
1053.1988
7184.2354
2184.3168
1693.7695
1140.6663
2402.0689
308.51405
2831.0163
661.05007
1502.6392
1520.8063
1339.4147
887.43833
310.25997
452.61417
2247.9481
1764.3573
1615.8465
2861.3918
2840.5008
1551.1855
2055.4209
2220.5034
1666.882
1205.0785
2185.0734
1085.448
1196.3221
2823.0323
3020.5296
1748.902
1194.7004
2734.6042
5060.3464
-292.26398
2770.3998
45.369353
2033.3308
1447.3408
1143.9328
108.42222
2118.0743
716.55705
1757.0324
2624.2433
716.65369
139.57726
1881.7325
1572.7332
1633.4026
2336.9716
718.92169
928.2864
2614.1655
1978.1113
-912.82787
1800.9578
1199.1305
1637.081
2064.0919
2662.9433
2478.5564
2265.6106
2312.474
1566.2708
2793.0376
1219.5678
1182.327
978.39301
2784.4919
1031.3213
1899.7748
2195.9433
2225.5301
1366.3905
1474.865
1925.8495
1483.115
934.63319
2297.1552
2586.8273
950.47836
609.64836
2664.0364
2606.7646
443.59311
991.82619
786.38299
1075.6913
2162.9293
2194.4655
2980.1398
695.15079
822.1739
1749.1884
1723.7977
962.77552
922.29896
-606.19265
848.14207
1690.7738
-329.60542
829.80656
1412.023
1736.7044
1367.2013
395.04832
936.14819
2508.1176
2346.6656
2492.4042
1962.7883
2849.6031
2146.1386
2835.5835
931.65985
8.3868925
-318.12563
1250.7014
2435.1174
1671.3232
1873.1557
277.78491
-123.6581
902.20394
1256.4833
1775.0113
1331.0304
1447.9093
2077.6457
171.71059
1974.0917
1507.0186
1578.5828
1372.5465
822.36526
1606.7243
2532.0763
1169.9813
2475.7206
1997.6469
1469.3353
768.70283
1051.1417
1635.7606
2558.6654
1636.3374
8.623204
1073.7887
-168.12537
1288.258
3059.5879
1033.936
2801.1081
519.67051
647.43498
1927.4316
1717.556
1657.578
1745.7756
739.41316
1237.8977
2393.2738
1054.9272
2773.1882
2270.2651
2196.2321
-83.76057
842.71594
1877.1932
-251.67129
938.85033
1074.1092
2329.3154
557.40306
1022.6964
894.41159
2293.3855
438.90118
2175.7623
1906.4753
2133.2281
1452.4567
785.83166
824.36315
6388.6005
739.9654
2046.251
2608.3673
1707.489
557.6591
-115.32646
2050.522
1111.9183
2114.0775
1940.5855
2009.8548
578.55268
7496.5967
1777.816
2079.3861
1228.7323
1974.5471
2522.7547
559.18617
2066.6881
2127.6299
1772.3757
-225.7483
1580.2983
533.15378
77.267703
1539.9636
1223.1267
1046.6919
1872.9402
4119.8713
660.84147
2610.197
2077.0143
2579.9247
2435.1995
1438.9394
1362.2309
1330.57
1914.8866
1256.6907
759.93943
2398.8872
7168.4465
621.68079
690.68984
774.40191
1937.7613
1675.1764
1185.2316
-116.19907
1378.6324
2667.6942
1058.6101
825.04236
1199.3507
2359.168
2148.5717
1268.4235
2818.0138
2459.6809
883.29407
1819.1728
2495.4736
542.80107
333.23029
697.90764
192.8042
-637.3122
1199.5937
194.89956
740.02744
918.19329
2245.1666
2719.0348
1748.8358
1912.6609
1299.508
1642.6319
1518.6915
818.12179
2394.3095
1467.0528
733.98672
1368.9042
2002.3798
1923.3546
1641.1133
414.96809
2059.3676
7050.303
649.97926
1611.0096
2323.4122
485.33023
4840.9229
1747.828
409.8116
530.42484
916.72247
1903.3605
1159.0839
2198.8199
2545.5441
2610.0138
2799.9082
1901.7905
331.98036
-67.992464
864.70129
1512.1029
616.27234
328.49146
1060.9923
2646.4301
2441.3867
1129.1997
744.14392
763.06827
1709.0122
1254.8942
1380.981
1223.9787
443.32519
433.31546
772.9237
2681.2385
791.03733
1086.6362
437.2374
1836.8836
2074.471
402.46862
3335.2722
1086.7951
1990.3739
2505.6855
-514.17569
1335.649
2176.8074
1333.1114
2342.8798
2435.5972
1237.8571
1267.6249
590.46646
388.84113
2159.9815
7239.013
455.2107
7378.7967
438.35768
1866.5144
1296.3826
1262.5913
2578.4029
2526.9715
829.23644
386.77755
2355.7252
-124.65038
1598.3771
1257.5654
1189.7668
948.44775
1058.6448
2052.6677
1336.8227
771.94892
1186.9724
3826.4859
1187.0256
827.11303
3090.6562
1492.0861
6982.5638
1651.9457
2510.8444
2372.2136
1137.3587
1794.4124
1900.7994
2512.6098
1631.8259
1123.5907
5364.5341
1641.8516
2853.4385
1752.4858
2676.1342
1439.6312
1453.0179
2073.4892
590.72295
2717.994
786.623
2737.3181
1247.0131
2572.2345
1376.862
2055.3217
1151.3744
2857.742
1770.1654
969.4244
956.31054
588.11709
1308.9789
402.88221
1472.0698
1618.1761
641.1934
486.77851
2628.6515
547.86324
910.90002
13.979822
-62.900973
1862.8981
839.68063
1060.64
2207.7778
2843.2288
230.18524
7292.9166
1179.0983
2247.366
1181.8329
1119.7642
1134.6292
6990.9074
2594.4639
2048.1473
688.01012
2413.2899
1264.1505
494.02457
1081.5673
1288.5902
2028.6546
1710.3263
1668.7498
1571
2510.6948
2007.1518
383.09454
2562.3666
1937.344
718.34718
2383.745
876.01018
947.11203
1997.3082
1104.5638
1747.5887
106.49245
2554.4403
2022.6746
1969.1042
1901.9435
135.22839
2662.193
2240.3386
920.96396
5122.0274
1554.2477
1136.3488
425.78941
1014.9237
1195.4106
2208.8197
1833.5628
2645.6306
2283.3914
1760.0296
2000.1458
601.6218
607.0125
2266.4305
2390.6711
2244.9191
1581.3687
2344.2245
2406.8688
2651.2463
2622.8619
4192.0631
2065.1107
1585.9992
883.18056
20.814466
2231.4033
1015.8052
509.81484
1587.2277
1702.8612
494.32069
2605.3981
1669.2785
2310.1528
-767.29524
1597.1323
1396.0247
-11.837963
-355.2702
-2567.1207
-226.86899
1496.5604
2664.3219
1581.7766
2461.7578
551.25375
1248.1677
2691.3273
320.41837
2603.589
1347.439
-27.483083
220.16862
7296.3677
2717.2857
7198.6051
7252.4311
1505.8502
1409.2822
23.14848
1994.6032
2841.1847
346.92456
2415.124
1599.2021
1078.1034
2195.4945
-316.33348
2492.2502
2434.8916
2698.7902
2550.461
1941.6638
76.843765
1787.1114
2331.9071
2549.1249
1942.8689
2011.0656
325.41667
1063.9249
561.07591
2492.6114
2636.9418
1954.8013
325.11198
812.6301
453.48356
778.24816
2246.4892
497.00304
-85.696558
922.27153
2253.983
893.89743
1251.8795
341.26578
582.09541
2104.8862
2139.8156
434.30478
2223.445
647.89508
1090.304
2582.3623
334.78494
1827.4496
1745.9912
2558.922
1749.7984
772.15358
2418.7222
1671.2379
1541.3301
2073.8809
1270.5287
2323.6005
1663.7421
1832.6761
587.59362
438.96436
1119.474
366.87651
1599.3896
586.98049
455.10188
1357.8535
1176.8785
900.8114
880.44422
-18.253586
2267.1425
481.82074
1569.5773
1431.7934
862.46177
-132.91449
51.718262
7251.3585
1903.8253
1954.875
563.35376
2592.1968
1438.9229
176.42995
2100.3907
2333.5832
2212.6568
73.251656
2502.8503
2345.489
48.496089
2655.5252
2807.411
767.97027
-770.05142
539.4906
720.79316
1387.047
2632.2479
2784.247
2223.3731
1850.6318
500.3817
171.30149
30.905999
430.64662
900.82074
1833.2718
398.26411
2736.1147
946.33011
1424.5735
1976.1996
2115.0335
1302.4591
2105.7354
1386.5403
372.12805
805.3608
315.8193
1004.2654
2483.8466
836.27281
2835.342
2059.7262
149.48593
2633.4879
1955.5521
1262.3187
7011.5323
1723.7305
1418.1005
2865.8366
497.74232
2236.6498
648.30273
799.59371
1534.4818
-60.020417
417.3659
189.79382
1647.9486
-641.07873
2313.1722
2484.8454
2172.0459
739.38864
1468.3133
660.73696
398.758
1577.5629
1412.0476
1230.3213
2134.0296
1286.413
2690.2618
1725.4255
520.47989
1066.3114
776.69912
1512.933
7270.9234
2064.611
1270.2577
7505.6186
2551.1363
961.70445
1656.5355
-120.34181
1978.9409
605.70843
1277.8066
1435.9975
882.20981
798.47476
-355.67811
1710.2528
2026.3628
1311.3704
2473.7131
941.948
1856.3032
1775.0105
831.30996
2244.7676
2936.6346
1661.848
2402.0651
2129.4127
1988.0946
-198.93292
1179.587
2344.4357
1201.5578
-150.58406
1360.0782
-313.87393
1023.6731
959.6813
741.68875
2135.1435
7301.4478
2596.0113
992.44297
2377.0219
778.6875
1956.6846
1638.2272
1816.8764
612.70232
1830.4156
-115.41706
607.10243
2615.8063
626.96011
976.49216
137.74796
2470.688
2950.8843
2081.5415
1213.8998
160.81121
996.35419
1505.4941
2337.5628
2053.4264
2047.5982
1448.8977
1690.7781
2058.8623
2237.2488
2148.2886
2666.4789
2367.6705
1162.2074
2565.9335
-82.592618
1918.4502
1966.7726
-427.86
2205.0207
802.59648
793.65644
2810.7552
1444.9593
2168.4623
3994.4912
2487.9298
739.94412
588.44041
2560.2051
1117.8448
1067.8172
2506.399
1893.5056
2671.1198
445.10248
2652.8862
1702.2418
2418.9146
808.03605
176.81708
36.556716
-267.89438
2555.4703
1541.8918
7081.5791
957.13788
-7.7946534
7274.4761
2617.7008
1138.8384
1574.2164
2643.9458
992.39213
1911.2233
2178.4969
1513.8537
1221.9481
1503.292
-574.81675
2450.9741
394.47126
2177.7648
1630.064
2381.8836
1419.1548
1600.5966
1001.1993
715.33523
1279.2397
7049.1937
340.21653
946.25577
4446.5081
1345.8641
1384.9873
2354.6559
649.89313
2528.4105
990.01978
2068.3582
2797.288
871.20316
1409.994
2426.0943
1036.1208
2537.1218
2118.9556
2097.4121
1640.3621
2485.9772
1338.1671
726.46538
2750.4684
1743.4334
1323.2345
2729.202
2842.1438
1684.353
1516.9012
2711.8774
2396.3439
1788.4577
2597.506
2534.1881
1702.912
2744.7943
193.91358
596.38988
1941.8331
1426.3809
2455.7433
979.9262
1989.4273
7137.0869
417.22451
7450.1842
2818.3983
1674.1355
2237.8221
1994.8883
2133.8389
1107.4621
2930.3347
1074.5927
2041.8798
1557.6425
2015.6702
862.52076
205.84037
429.59253
2005.5315
1333.3039
2183.9589
961.22097
1593.6525
2698.43
1203.6422
645.41614
1340.1497
1545.5386
1678.1884
875.5093
1746.6649
1236.5804
2553.983
1579.4203
1729.6053
500.78125
1882.3299
1294.4842
26.680684
-463.12749
376.27928
3902.8324
2379.9991
180.52558
1898.2613
-458.66704
578.85778
2709.5668
1610.7931
1217.8506
7160.9452
1394.048
-113.03005
2764.1886
2571.1812
145.81032
412.6527
645.77723
1298.4616
397.73889
2644.8169
593.25349
1346.9143
986.71526
1256.5097
1570.0315
1991.5692
2848.0578
-232.56923
1397.8565
495.30486
1204.8245
2230.9131
686.2467
1679.1904
779.86894
1048.9889
1095.0102
2268.5599
2795.8628
-957.85321
895.57717
1135.737
3243.3911
-460.92935
957.19985
641.78277
1733.7185
1430.2372
1322.7581
666.53965
2056.5524
339.03795
2161.2067
2187.2825
611.58194
1145.6874
1279.3236
1609.6625
1201.4914
-423.56944
2027.958
470.04777
1815.4727
866.33755
970.13169
909.46289
1721.7048
2147.6896
1222.6397
2182.2034
-720.02548
1833.946
-234.90381
1600.998
1902.4903
1808.2859
2254.2135
755.44194
541.13412
1112.707
710.16223
2598.7182
1442.2679
52.138062
1945.7963
2144.9763
6625.4108
1879.152
2644.3807
1231.8465
161.5486
1789.9687
1364.7611
1452.0927
987.22636
2751.1844
1211.0664
2590.1867
2553.378
1778.2703
2835.6344
1656.4652
2545.085
975.23628
823.49541
1343.9323
2153.2225
106.83633
2192.482
1167.3265
1590.8215
1192.0273
2644.5544
1351.5711
1479.4679
2030.3509
1700.9348
7152.2132
806.57436
1083.2745
-50.577416
544.01436
2343.3153
211.38814
2395.5264
1932.6966
2571.191
2404.9639
888.46468
2229.5172
2254.6434
27.280361
413.18817
829.16555
2339.1028
1672.7211
1194.5366
2054.6652
680.97431
538.10496
892.11123
920.47445
-45.15801
485.27506
1497.4963
1427.4822
1289.5522
2550.8548
2431.665
2185.0231
444.30519
1757.7794
1005.9636
1015.5851
988.14758
939.57956
540.78819
921.44699
2001.975
2270.5236
1361.1976
636.87304
855.33806
7350.7303
276.3062
2586.0826
655.20731
1058.9763
1628.4799
2379.5492
390.36524
848.20147
1723.8016
2182.6866
1679.4869
2382.8606
508.60982
1928.0107
2016.0272
661.08747
1592.2038
894.68046
1222.3094
1590.607
1824.392
596.44853
462.90028
1747.3001
207.64479
-45.047001
1617.5544
-699.67291
1856.1804
862.63442
-405.07019
2285.7928
2703.0427
2844.1211
745.18402
2769.764
823.52069
2938.952
2322.9057
2490.3838
3866.7621
601.40332
1154.7563
-44.122264
7030.3966
2746.6753
2188.8726
2786.0429
970.22388
1965.1852
1690.2837
1798.5522
604.07465
1019.7377
1830.7492
1251.3289
657.5957
1495.4936
1348.205
1677.8427
1052.4628
970.62842
2755.5625
2180.1666
2711.5405
1611.0874
228.45292
2345.5416
1055.8044
1606.9725
348.88256
2420.2724
727.51263
959.54582
409.25343
2270.8512
1062.5328
1367.8608
859.7224
2240.7469
2711.3693
1328.7856
1235.2754
1399.9476
397.01505
2521.6145
2111.7611
2642.6697
-338.86753
706.46365
2037.2143
1773.7174
511.20193
774.20132
2593.2081
1984.6409
-247.92764
2028.9604
2378.1848
1804.8248
1215.1559
2801.3986
1471.8793
2525.8128
2322.9233
1100.9192
572.36897
948.81849
1669.1068
2865.217
-37.020513
665.4807
1559.9945
1648.0575
2682.9887
989.30989
-218.89898
1494.2491
2671.238
935.29214
693.46663
623.41474
-471.50084
1405.0499
220.56723
159.9745
2.7251174
2044.5356
1406.0059
3061.2321
153.36837
1502.7231
-36.540086
504.05926
2266.8228
-127.78083
865.96798
1291.1914
7306.8161
1982.2137
2058.8772
1612.4681
2824.2891
1541.778
554.97896
861.6019
1613.2547
1829.1582
1219.1658
117.68201
211.61754
1209.4894
734.28263
442.07962
1020.0317
2424.9062
7075.0327
2655.9005
2643.8897
1978.3942
-256.55697
553.25943
-43.537317
582.35079
561.69452
1563.2919
925.28365
-8.1577952
2057.8126
1464.3301
7.909299
1335.2123
2095.8558
90.216738
1930.7566
812.34947
2272.8587
2617.2959
1209.1678
1323.9294
3079.7365
2137.2626
380.92212
771.86576
2756.7324
281.82132
2668.5213
1588.3729
2437.9237
643.83455
1275.5687
808.35386
2542.1685
2521.8533
1701.8272
983.9002
1165.9431
844.46265
2630.3767
-220.59472
447.40413
2371.3739
774.16418
1825.9098
2618.4064
2637.632
3124.4565
2558.8685
979.07659
2000.4585
-95.503168
1367.5936
1995.0289
2412.3142
1231.227
713.60333
1982.5753
734.34918
1737.1139
-642.71249
2046.2191
2586.7732
2699.379
1622.5477
977.67635
2236.5503
1700.3801
1553.0362
692.3197
1031.0339
993.99737
-81.983337
2315.3951
450.16614
1359.1504
1759.4917
831.08085
2450.3624
2638.0761
453.61428
-727.96173
1476.9764
491.25496
603.72838
1831.5955
1993.2816
1031.276
1887.2446
1926.2124
1363.4011
2621.6503
-320.39504
2805.0346
818.92387
719.89474
2237.977
-600.73706
2569.1552
2884.4831
1753.0639
1440.2993
2327.9816
2059.3472
1646.3263
2687.7463
613.90409
2286.6556
7033.9794
207.9799
1067.4461
278.5978
1378.9593
1869.7276
823.01267
1651.2204
1489.2998
1148.0297
2448.4923
646.41023
354.24497
1659.5328
1764.7384
1829.8321
2548.3801
7208.3769
1254.2857
-40.175699
1110.9861
700.63013
1510.7547
1304.3914
1160.909
1364.7369
2587.0662
1636.2082
1980.0175
2744.2482
664.05475
1015.6657
774.83008
940.78057
2826.3538
938.79178
2071.7289
2623.3661
1921.1562
2037.6374
2263.5624
2498.1447
483.30085
452.85416
1051.1175
1662.9159
2174.6845
825.89857
660.35505
2014.4569
2091.6976
1108.6255
7038.5165
829.71407
692.10721
-104.66388
684.4139
365.59794
1939.3073
339.37839
983.8185
-449.49852
93.400759
1603.5591
2241.9876
1633.4088
1085.8153
546.91462
1603.6722
165.58202
373.19071
696.86328
2217.5567
2686.2016
1175.4352
1993.9953
2567.459
1433.835
2127.8642
740.77549
1034.459
1914.2883
487.08484
1059.7415
639.14362
1896.9945
2745.4449
2112.9975
2416.7945
2634.9874
1639.3756
2239.6137
613.26606
826.15748
1481.0204
1819.4369
1865.211
1091.2639
1787.1652
2100.1435
1890.3242
1733.7526
1259.2892
811.80558
460.12432
1159.7169
1162.4401
2667.4486
824.00034
1100.3711
295.08867
2481.4185
857.79974
597.39212
1724.3332
227.4436
2493.445
-88.544966
420.61134
202.33389
1962.3902
1685.6787
2269.6347
2598.1891
800.67833
1073.8832
942.44581
940.89569
2041.9436
581.27514
2.61856
356.6079
1207.924
7115.4422
2307.458
787.97284
2426.4443
-183.93037
1510.681
2517.4063
1555.5659
1736.9044
944.86659
1062.6975
1848.9733
3111.3515
2207.5665
1814.5031
727.89034
313.81215
1255.0587
1768.7948
2326.3737
-6.9033354
2233.3992
2329.2598
1679.8949
707.14662
1258.6209
2194.3178
1367.7796
1802.8465
4170.2842
2137.7582
2261.6396
27.188496
985.32134
2322.8645
2036.6772
889.23191
2558.001
155.8514
390.69942
1077.6541
1214.7805
1736.5329
2347.5338
2624.3239
7249.2744
1861.8698
1285.4917
521.21721
1888.2802
-84.721866
1000.2959
2340.1421
1851.1868
2138.4999
2747.3663
1632.3016
1730.4943
1260.9967
844.71165
2071.482
1051.8971
2550.0706
2055.6443
759.48787
1064.7817
2116.2521
2783.8342
2620.5793
-356.30642
2196.8928
1379.9976
6312.8839
7500.1288
-785.661
1898.2431
-686.80197
1910.1169
2717.4883
6887.0437
1531.5202
1948.0431
1511.9966
1285.0883
932.33987
694.33351
1629.1556
1595.5319
3023.2718
727.93962
1280.7983
2587.9269
59.648023
2098.4863
623.35896
2045.2842
1835.5147
3139.6827
467.30081
102.07562
1358.3804
3349.7976
932.31546
2078.966
-55.667187
2116.943
1368.7864
1863.7857
2113.4816
726.32254
1528.9447
118.70274
604.96381
2276.6273
1041.3018
1817.9605
99.147444
750.49448
680.42365
929.3004
2329.5792
2596.1043
1256.5198
639.43313
1332.1079
1302.9799
1761.2924
771.41152
2615.6557
80.265457
2764.7035
1069.767
2205.3878
637.32116
1800.7428
84.435038
367.60099
-534.19161
1208.5832
2660.7965
1183.4044
2113.9539
2245.4559
2083.3334
1288.5039
547.99783
764.15717
1399.7588
551.07318
1484.0099
1981.2696
90.739634
1259.9739
1655.0128
2477.2628
2067.7395
1801.7857
1750.6709
6939.4736
2050.7463
2397.3439
1553.915
1102.6803
3953.3891
853.3313
7449.3282
2077.4228
2196.8262
6501.1415
2596.8729
7222.2883
1669.9685
6329.8896
1463.8418
2519.7321
1125.0752
2197.1272
2138.2127
1907.2547
2528.1215
2633.0113
606.71959
2750.3694
2553.4871
1766.8693
1700.5861
2636.0091
1172.6504
-1139.6704
2388.3764
2698.2957
1884.1629
420.01128
1925.9614
969.7957
1070.9627
6871.2751
1811.2391
1043.9552
2368.9715
888.78143
2042.0603
2297.1697
1265.6631
1286.1523
2020.2039
1075.5246
2519.3365
2732.5596
925.69502
841.47923
578.92491
2130.6192
2647.4977
837.99507
584.13952
1060.2233
237.75011
2848.4687
-496.51369
653.56304
920.47324
1839.2691
874.10899
1226.5906
-108.2742
1474.0413
939.8295
1130.9738
1987.0624
1126.5898
645.50054
1362.39
2717.8944
2608.4898
2396.4698
2806.0118
1095.5623
1245.3894
2745.4748
1988.4272
524.61252
1262.1128
765.16811
646.27545
7030.6707
-10.292396
7039.7928
2749.8528
1028.8218
1367.0267
92.833365
2392.5646
922.85286
799.64015
980.80575
2003.5147
109.97554
2355.9015
-113.98069
1848.2639
551.10121
1901.5606
1831.9298
2606.2473
2132.9262
-178.84589
2816.3926
2674.5129
826.17641
1138.9723
1090.5223
2576.2151
1777.8347
41.679283
2549.881
1478.811
1751.1119
190.90815
1368.8232
2332.3515
2124.1428
208.97892
2554.4214
1959.6153
616.3228
2413.7135
257.57481
1492.1244
2334.9417
2262.8467
-48.950487
1491.7074
2597.9482
1868.4769
336.67025
2357.1777
2317.5862
2034.1882
1576.2772
951.50634
1938.3173
1267.8013
-724.08209
2497.8345
-57.190817
7027.5018
1357.8722
1994.7601
31.420437
2099.2665
1469.0334
1668.0361
1928.4113
1920.3983
2373.4314
2642.1409
1082.5386
1902.8368
-210.22898
653.84741
1838.6206
2201.956
1522.2535
1984.1139
622.95852
1070.265
-344.22902
2199.0245
1773.9994
2527.8007
-266.8208
1770.3364
1895.4655
2277.7683
2147.2481
793.92049
1588.3301
364.88895
343.78786
1755.5957
1094.5478
478.64103
2240.9983
2168.1681
7060.7477
2392.8669
2382.0151
1404.5063
1388.691
1746.724
-346.83628
546.72064
2603.4845
2651.1209
7094.9481
994.5329
2525.6062
31.28122
2012.7787
2039.1647
1848.8518
1657.0942
-606.38337
2193.0202
1643.6208
2334.1813
-299.45876
624.13108
1531.5701
929.85873
979.2192
1841.6873
2598.0088
426.41412
2696.557
2398.6564
785.2363
1893.1555
194.55371
1279.9808
-402.40838
1734.5374
2428.937
1961.8825
7036.3488
2162.6223
976.1723
1913.2727
1239.7852
2800.0132
342.04021
980.47747
2749.7771
268.61624
590.57529
1567.517
1860.2497
1031.1518
2504.8209
1038.0161
2914.311
1656.3198
2733.4507
2236.1135
1748.4152
1468.6924
604.8826
7205.3088
934.22456
-19.886781
398.85751
1927.382
1290.2128
1177.9202
2830.8241
2203.1233
2791.0404
-524.33955
2244.8675
7184.125
408.76002
-215.35083
2143.7054
1615.5061
205.18749
-67.718903
2334.6455
2566.7895
27.303827
472.24865
-497.95464
2347.7538
1848.237
-77.358757
1643.3738
619.69006
1330.5071
2620.4213
2442.1284
512.68002
-296.37373
2013.2501
29.848163
771.64638
347.5409
403.04766
2815.3006
769.85286
7300.7306
1182.4051
446.41056
1726.1912
484.88922
1696.7709
1373.9254
676.50768
459.8301
1564.2305
843.30097
239.86411
167.80161
1619.6325
-263.93232
173.44596
1939.9657
371.49822
2229.4044
1568.8771
537.7484
391.77165
2321.8302
585.14969
879.78521
1770.5516
-151.71458
302.11736
2758.2971
1259.5568
793.12229
2649.4794
-494.03252
524.88667
2215.4121
880.14371
2754.6372
2767.3265
1001.2348
1892.0156
7270.2538
2579.8156
669.63463
350.83693
964.89662
492.56549
2007.9787
1554.9987
761.61456
1664.2475
1287.2738
2547.2932
2025.2379
501.79307
1279.1967
-626.58343
2276.1843
513.43119
187.52044
-357.90627
504.96091
2589.087
-158.93089
502.22559
2807.0034
842.46043
750.09791
1550.4927
1142.2841
1456.3227
-178.97769
1479.1111
1956.0629
791.45952
2879.3942
1039.1897
1428.8245
813.74292
2616.9297
2254.4265
2451.9635
1997.4102
892.94775
2106.8776
575.8661
1271.0148
161.56128
2593.9166
2724.295
922.17084
1674.5417
786.33455
2631.7033
-173.59558
2564.7024
2132.0133
1398.2412
316.12939
1943.5793
2625.0816
1415.0778
1939.7285
359.80431
1114.2862
1544.1023
1636.2572
912.27723
948.41408
1479.0346
577.91891
2234.4293
2096.8729
2661.9135
1227.2045
3162.2389
2050.8929
1161.3379
1665.3998
1319.9307
1048.912
1271.0381
1595.6634
1397.1026
243.19277
498.24693
-96.314117
-144.44635
1500.9868
2696.5067
1989.7495
4206.2539
866.05857
1400.0135
1371.5028
1444.6548
2007.7917
1773.3573
1649.3893
1243.7526
1345.9046
1770.4501
1085.3719
569.85236
374.92592
826.23965
2133.8052
2741.2345
1439.3808
1210.5168
1878.2637
2649.7074
459.32798
1693.9302
1679.7346
663.8981
540.28939
1682.1006
1581.6269
2030.8696
1886.9259
1742.457
1348.3643
2008.4714
1722.3576
2832.2881
1923.086
2834.7369
1367.3939
-154.21803
2734.3221
1242.9405
1984.546
2447.0135
1161.7515
1138.5817
656.12441
7033.4262
1010.3907
588.5831
1702.5515
2815.1281
1470.5441
595.61736
2314.2204
2120.0428
2712.2629
1013.6988
2492.6372
1362.647
2077.3358
-199.70546
654.06658
2290.5676
-774.82938
2420.9992
1052.7436
1479.0403
1446.6005
-181.10007
848.28898
6232.9531
2717.7561
2765.3876
465.36246
1664.3688
2700.1189
33.876751
373.13644
2222.2784
1888.6978
1804.8402
93.847293
1593.7331
1262.6738
278.58231
710.58899
714.07066
1002.6295
261.62274
1050.9773
1325.934
1651.4424
1930.7249
-81.992507
-442.78634
7047.5687
1143.8834
276.46342
1179.9208
1114.5701
1901.0151
2543.3279
1952.9398
2359.9672
2496.8907
1774.9764
743.18701
1655.0354
146.63685
1747.3109
2734.9513
1645.2633
654.43037
2655.6991
1488.2455
2523.7198
2399.3685
-143.51798
1970.9043
2457.7904
173.40768
747.40539
1666.6416
1480.2878
342.87739
2000.293
882.38827
651.19713
1916.106
1156.2525
887.82071
-148.10407
1969.5081
2550.5715
1924.4153
676.79214
2595.5834
2620.0565
-499.65192
2723.6012
2326.4754
1192.0759
7541.8433
450.13061
2673.9693
910.54512
1316.9516
1820.315
845.60032
2654.5472
1369.5771
-613.78037
1754.6108
2435.2346
2022.3092
2302.1342
2589.1502
1131.4199
2454.1795
-254.94086
2621.184
971.92502
1934.6929
1147.4708
1867.3352
807.43981
613.14122
2394.4139
1109.9177
1841.5321
1446.1143
1948.6867
492.62031
503.69899
2720.4144
664.74378
1360.1424
397.58083
1186.4762
6073.5088
1358.5245
1137.1189
2083.0197
876.58117
1190.0466
1457.2077
-91.363376
1302.9868
631.2892
847.64981
1563.3221
1244.1179
2023.813
2594.0069
957.03931
2489.1083
1957.525
2628.6659
39.683746
932.45555
1524.5587
1054.6754
857.82572
1016.998
2185.5306
1366.5802
1027.9661
1359.2757
1235.718
7448.5272
2431.8492
1170.1447
1421.9298
2860.9859
1211.0003
1858.3505
1159.7534
801.18285
1164.8063
2320.7444
1363.5787
1049.2578
2100.2905
3351.9368
1348.7414
1851.0969
135.0875
896.95748
2115.6156
2284.5846
2483.0509
2321.2955
1075.1568
614.86446
1231.983
1462.1219
2087.5592
-159.68035
965.57071
1636.3979
1103.6
1635.7688
885.95219
929.15809
-745.53662
1014.6157
1187.4121
2490.5445
3171.9997
2706.7561
1289.1449
838.21233
2631.2198
1559.5528
654.62857
882.53193
1553.7808
7040.8698
298.43709
2021.2313
1560.2763
621.0786
1065.9934
1903.7236
960.66694
2375.485
2485.0505
2428.7001
2277.452
1346.1795
-702.25616
1721.5558
1731.1168
2664.8713
1699.9543
2.4411192
1263.8367
-268.17077
2070.584
1687.4348
2326.6994
201.34889
2274.3319
715.47298
245.29298
2317.966
7475.0668
1712.3345
2340.5399
1436.3319
661.80228
7276.9422
1632.4427
1020.8068
377.34848
1167.201
1811.6329
787.32106
2071.8507
2037.2602
-485.66844
2113.4003
1759.879
2020.0943
2517.8277
1893.3723
338.18065
723.56019
2420.7849
1081.1447
2713.6532
1767.9564
2959.7781
521.01509
592.58625
2209.1311
37.419449
2343.9463
2742.8514
-45.479659
1506.3719
1079.6222
2259.3944
2388.1946
1473.0472
2719.9604
1070.6044
1623.9743
1256.3516
1458.3179
1448.8017
556.63416
1148.533
1973.4225
1904.4821
1828.6099
848.56937
2821.9573
1443.2588
3036.079
478.04422
2329.2722
2508.415
-79.713167
2518.6003
1082.648
1645.8941
916.46506
1170.1569
1906.7835
2317.8867
-759.64296
1629.5772
1507.8024
827.07233
1093.0438
1626.9396
2645.5593
686.56205
1678.5517
1079.4667
2783.4485
1136.664
1315.55
798.07836
2603.7231
1256.4373
2184.8775
1809.7956
1418.9758
2325.402
1117.3622
709.87492
1784.9639
1816.7675
17.998267
721.70601
17.8727
1884.4825
1358.1093
361.46364
970.23898
980.98469
1879.1664
843.29008
1794.387
1562.75
2583.3273
109.17232
426.5043
1546.6065
1585.9832
2539.1213
2633.3671
1560.4875
576.37084
836.35598
1920.9033
829.31121
2394.4192
1654.8863
-269.61635
1196.8166
1193.8063
1052.8161
1449.0413
873.89584
1917.9052
2530.732
2571.6372
1903.048
1176.0479
-133.59363
465.75819
1170.2276
2601.2671
1974.032
1401.8106
1989.404
1767.8817
2767.3386
903.75733
2577.449
2459.7444
-88.111918
1821.8395
1734.4194
2946.834
7256.0927
2917.0767
2406.351
596.47901
7500.9167
2537.032
2097.3668
769.00159
207.74971
2733.0045
1394.5493
2678.0673
2454.254
2396.8843
1494.8825
1894.7389
2584.5079
2394.8844
1631.5887
948.32031
2524.2351
2573.5237
2862.2144
-152.13073
905.19926
2050.4078
2592.0284
2074.2492
2754.6381
1959.472
1630.3071
2777.3046
2527.8869
574.17538
937.61517
1198.4175
2184.837
2325.1274
-790.78017
102.61097
1122.0178
2695.8812
1192.2652
2821.5787
2582.5448
1629.8998
2015.9498
1168.8234
2667.2954
-154.27981
2558.8456
2647.5938
927.71241
2535.2834
578.42409
2364.3614
1828.4986
1756.519
2663.4073
-11.660202
1796.0001
594.48082
530.84475
2719.9022
2373.9107
1244.9319
131.39542
2450.7174
1067.9095
2540.9859
894.6597
2658.3937
28.034168
2703.8529
938.96816
2150.4389
649.91925
823.32634
7071.7712
2281.127
989.10593
1607.483
725.02594
1202.6764
2652.639
1634.0419
2169.3248
2707.4489
1495.8957
2908.7665
890.4189
1978.6785
1566.4858
890.24381
2048.3866
1412.5332
614.64644
2154.5818
1327.2878
1878.9868
70.614378
925.28245
1259.8983
7350.7933
2702.3326
1465.6586
2567.8041
2771.2207
842.48016
2543.7421
1354.7176
2456.6464
1436.6374
782.34787
2482.3287
237.67696
356.25313
1806.3333
2105.6643
-98.582563
5988.3474
875.85307
7043.6111
2542.5388
1523.1527
2429.5707
344.94363
458.6268
872.11404
1585.0448
2215.2827
1898.9069
659.61118
7063.1462
2001.3651
1214.0628
2175.5856
1406.2059
1987.2527
1501.8268
7041.7369
1857.1443
2031.4863
1303.2694
2000.5901
1702.266
1624.5251
520.15094
695.98466
1832.0163
7018.146
1190.7298
2294.5729
2655.4476
1680.6924
2042.6733
-393.19135
767.20973
952.62192
1364.9572
789.79366
1381.1603
1937.6137
1247.9312
1724.8642
1066.1838
1446.5443
-330.56131
7037.1234
1287.7159
2636.8648
1713.6364
2124.9074
2162.295
1577.7157
757.52172
575.87214
959.36148
1831.3988
1235.8474
1913.1127
1067.6353
2271.8208
462.74332
2910.0551
2438.7213
-201.88957
1424.4784
1940.799
2122.9588
1707.2856
-26.049885
2728.5043
1179.0919
2073.6723
2097.1555
333.53191
849.67885
2307.9334
2242.9625
971.13907
1922.1228
2541.1359
2646.405
7053.6724
975.16066
2704.6425
657.40689
6181.1372
1461.4809
972.13794
-815.67425
917.15936
1661.212
287.95417
1718.3708
996.35072
1860.8939
363.1296
-416.48624
757.59379
1056.9167
1223.3875
1877.4728
2692.1297
2370.12
729.5619
1.4873858
416.51046
495.91684
1673.955
2501.2154
1735.955
1254.4453
2247.0705
303.93367
1474.4214
1854.6692
2185.785
728.46128
1898.8132
2561.141
2772.8249
2625.0302
377.99856
2007.2371
1578.4627
-320.56861
1382.7491
2385.0764
841.9134
122.75242
800.25992
1967.8163
1250.3459
-165.28739
7554.3628
891.23639
904.9579
2569.1723
1990.7575
2247.5574
7215.6808
1560.7117
580.85084
1466.2142
1853.5757
2299.4783
910.64396
1346.3388
506.66105
2128.4579
613.80003
1044.5688
1444.4914
3261.1767
708.91768
555.1297
2330.9433
1122.0466
1617.3793
52.285371
2844.1048
2717.4149
526.20192
839.17067
2669.7628
848.94434
1778.5141
1785.3598
2572.9128
2428.7687
1011.6776
2497.024
567.59146
1174.8762
-169.29832
-304.03392
745.47461
1644.7039
1334.4229
2315.686
2140.9006
2385.621
-24.141516
2156.1223
1994.2113
1795.3806
621.24972
1016.4979
856.64603
2249.7343
2408.2782
841.41779
1008.699
1597.3974
1908.1646
1009.371
2720.308
781.56031
1550.5314
2702.3488
2423.3629
1819.414
-759.96474
2546.8209
2754.1355
680.34821
844.88525
1114.6417
1811.1426
1802.8835
660.19894
373.10862
1945.5518
1682.3715
1146.2937
2469.7387
81.145324
-50.013344
2681.0685
2067.3199
4520.6027
1751.7823
-165.8401
707.03496
728.91167
1408.6632
2329.9003
1637.4712
1968.9233
1703.845
2324.0235
2026.2959
803.25495
987.99014
1150.6709
679.73017
472.44738
3344.4554
2208.0468
1222.9147
2815.8438
1812.8792
1151.1137
1388.6719
1849.5275
2080.7107
747.92553
1677.2197
1493.1012
2024.4168
2519.916
1802.8281
2007.5688
2289.5545
2577.2633
1949.5551
2164.2994
1948.0921
2221.0616
-43.272193
2742.3282
242.11903
159.99802
926.62131
2553.8671
1208.9946
2013.9901
2042.9975
644.93143
1275.6691
2407.1333
1920.7814
1430.4631
1566.0122
801.28335
654.34631
2782.7969
1177.2702
2633.6777
5125.666
59.400276
1593.6604
2851.2439
451.2853
1673.8148
2312.6612
1696.2107
7373.6934
-795.05723
2884.5354
1815.5499
914.41882
2910.5504
1457.6429
2275.4986
1539.9376
2122.9164
382.40324
625.66166
7227.0239
-65.52768
1037.1979
1618.8322
2016.4887
2670.7868
46.052029
173.05804
429.02386
951.65433
1721.9293
1120.4738
7040.1025
1589.185
462.28831
2777.6052
723.2435
1167.4056
649.75075
1954.6734
2763.2916
1474.2679
1194.1741
1387.7608
2186.6948
1214.2953
1176.929
-228.09313
986.49181
1555.9344
2372.7147
1344.1078
419.53648
2316.2633
1492.4988
1224.0547
2351.1405
635.91952
6797.9694
1383.9036
1100.4119
1414.3019
2648.2554
-52.333041
476.14884
6339.861
1173.6315
7101.9819
585.80741
2602.4915
946.75479
1453.6622
898.43803
729.89418
1587.5915
2238.4984
894.79444
2861.8107
2652.5993
1244.9783
1211.9637
1023.1193
7372.3799
359.72968
330.09245
2572.3335
456.14023
6911.3287
3431.138
1548.8107
1512.2844
1849.6783
2064.9517
1790.1325
2041.738
22.087013
2230.6004
-190.68926
718.36989
80.741247
1866.5109
1599.3673
99.689424
621.46753
797.65421
1870.8618
1018.522
952.61156
855.66826
1598.0032
516.60046
2430.1204
2667.2505
656.25822
2406.5524
959.87938
981.1916
-150.86435
2121.6437
946.53111
6168.667
772.84119
309.96561
1783.4415
1272.0802
1854.8691
2137.6235
1604.0905
919.32741
-18.302551
835.34755
1382.0002
1834.2222
1167.4262
2407.7893
1075.3223
1899.9411
7168.2962
-46.148642
1868.9415
553.61922
1531.3245
2749.5231
1437.7586
385.46003
2296.7065
1989.3484
2231.8408
794.54239
2418.5557
1869.1897
1281.1047
2139.3492
2811.121
1539.6797
2353.9716
1700.6789
1369.162
1227.7137
1744.6912
1092.7347
1661.0594
-257.05185
1125.7306
2658.0579
2138.0818
-168.33445
7547.4641
1247.0419
1223.2467
2851.3663
7248.1271
460.46012
2341.098
1128.7235
-289.32402
-117.50728
1496.8662
3451.2304
1706.7161
1587.4405
1996.4685
2137.8008
950.07445
522.35923
1822.8724
7097.5611
2239.3643
2076.9735
2653.8847
-757.84906
198.41671
262.79594
669.62763
2516.5793
1269.2042
2068.4572
338.39119
1760.7179
2413.1796
2707.2219
2195.9777
662.4725
1751.1868
127.42738
2443.6714
2244.3343
2442.2171
1750.3621
2003.7204
7109.6792
1359.0104
1630.5732
1561.8874
1955.0362
1600.7131
1887.6792
437.26477
1357.7705
1432.7559
951.84559
1257.5377
790.78493
7585.9025
1743.7459
1466.3885
2510.7203
-458.4064
-150.30336
1587.2291
1909.3616
-24.493346
2265.4056
1644.0103
907.81679
1264.1039
2575.3385
-674.57512
1290.1086
974.38499
1783.318
2321.2458
1963.2017
2219.4922
1482.3622
1457.3506
1979.6687
2707.3137
822.30458
635.01408
2719.3413
1386.8355
2428.5281
373.14743
2579.8102
2699.6856
799.73716
2062.9489
7023.0875
2912.9584
1207.6647
2097.9081
2142.9247
1757.5638
2235.0154
7243.8861
1520.2285
927.10997
1804.4445
1462.0759
2672.0596
1884.9736
2249.9346
551.75083
447.11482
-49.665011
2122.7593
812.791
-237.80137
1495.9695
2472.5171
1508.5875
2121.0251
779.15608
2436.0885
183.61721
2265.6744
49.38145
1462.3742
7308.2247
1464.0497
3176.1187
7144.9551
903.45528
1792.8262
1012.2013
1135.5952
1620.2987
1790.4829
1186.1091
885.94979
1384.0775
549.77084
1136.5869
1360.2473
505.01129
1619.2975
2540.9746
3578.3183
1909.7956
2666.7582
994.18752
2225.3227
1883.5933
2546.3428
2773.5227
6413.5945
1209.9459
713.77764
1820.4959
2172.4569
405.28119
1853.7626
1664.1024
238.81473
2714.3807
1199.3549
651.86679
1186.844
973.84058
1976.0771
1754.6995
2140.8799
2786.8983
1910.0766
-13.130969
6372.7105
2565.0766
615.18954
352.60025
2568.8641
-243.92157
935.43233
2058.5607
2881.07
2695.245
746.39157
1246.7765
2597.996
-162.16571
2758.5806
2593.8497
1063.4378
1912.215
1733.3338
1681.5907
967.43944
995.72049
7500.4241
3970.4712
1985.781
1167.4067
595.19791
2792.7635
696.81245
857.17655
2159.5823
2362.8769
6895.3578
2211.2704
509.68191
-355.77751
2760.2613
718.57246
2066.6248
577.49448
2897.1788
2405.0201
1675.9767
1668.4922
2037.1766
7175.9368
330.34331
2209.5361
7050.9592
1132.3346
785.39122
1014.2145
869.49718
1068.5621
2283.0532
2685.4358
2730.2528
308.40436
1236.0343
1546.2458
-24.278788
7095.3383
2302.8244
1422.7185
1664.722
232.79717
7327.8819
1513.3448
2580.0355
2119.7984
2282.0146
2021.5404
1432.1768
776.63144
271.63133
2007.3652
1608.0269
-324.63518
7178.6323
2434.96
596.03675
1857.0322
2949.5624
2057.1687
1241.1791
2620.0931
1891.971
2351.3578
2195.5452
7349.5247
1384.2448
802.72377
878.81506
1826.2401
2680.7845
2124.8556
2349.5845
2555.2688
328.04416
2169.8989
939.00996
1664.3813
2399.1143
457.52677
1790.7602
1755.8412
2661.3774
791.62222
-145.4318
968.15112
478.94429
1974.986
694.91246
1712.5868
-12.591318
1174.4328
2174.26
1849.1839
-826.84831
1856.689
2325.3683
1632.9723
479.10088
776.7623
-166.32676
2135.6158
1327.2629
2258.4567
1213.4076
131.14584
2541.9461
2178.306
657.67981
777.25579
1835.3791
992.88856
-228.93478
991.59951
1396.503
982.81854
1657.4176
2456.3365
1836.6937
1158.0974
2176.494
748.80204
2301.2513
2378.1424
1543.2682
706.26788
2201.4485
763.06701
326.4416
2232.4364
1231.4927
1901.5808
-104.70893
728.77775
892.39218
-285.90379
1377.4722
2748.7588
7072.6696
2198.1258
2712.3722
2126.0911
924.51703
2586.7107
1167.9266
2335.9655
1817.3344
309.50303
1108.1802
1072.4243
1343.8584
786.40882
1131.8045
1683.8166
2649.0179
7224.9794
2075.9894
1024.1779
2651.5936
1787.742
2279.498
846.71538
1295.3786
609.72254
1167.1844
333.93808
823.08309
1561.7295
630.65035
2869.2287
1520.5951
902.23936
1419.4029
1808.3044
1039.1177
2148.9999
2404.2831
836.80223
2318.4786
1726.9798
1998.4464
1971.862
2666.4869
2421.4969
715.69066
519.37082
-767.51007
977.60819
1871.0264
1087.0522
572.00717
1470.3675
1832.4719
572.33363
7289.2728
1228.8373
2077.4333
1796.5461
2005.0955
-661.4625
781.67813
1730.1977
947.53039
1450.5502
1611.1816
2133.5986
494.84092
1548.8386
-118.66748
1852.1953
-223.10718
1676.8633
915.39943
2440.2169
1025.8889
141.15154
2507.536
2289.7118
739.08342
2021.7295
2416.8331
1749.1373
794.90794
752.16025
7304.4641
2296.7365
2280.8973
1358.2694
590.73152
2110.1448
995.47949
1747.3943
3218.6119
2602.541
1544.46
2696.4931
376.94466
-744.54267
2046.497
2374.5753
1010.7441
2390.6944
965.9131
-585.67299
1904.9766
2440.6169
658.37791
1042.4079
1830.1308
1419.1058
1383.5807
2002.4951
404.75346
1041.7642
1601.4406
1918.7734
7064.4126
-1.5756447
2608.8337
2952.7889
947.17025
1827.3337
7111.4986
2017.6258
803.75141
855.95526
2174.667
823.54908
1841.5837
1916.9483
1550.2483
962.74404
2007.7616
1537.2577
1454.4252
2020.472
2119.5933
1729.0326
2896.2118
2599.1481
2026.4275
1242.4493
1101.7536
342.78566
553.0494
919.39286
1990.3912
844.04436
2659.4256
7114.5166
7054.1719
1118.0687
1997.0606
781.11652
400.0784
7528.3788
1418.741
1581.1556
888.19278
554.67427
2479.9359
677.41566
1262.7938
1266.9881
828.37031
945.66258
-79.642827
1032.1407
-186.52535
1607.0682
2730.3535
2924.0454
867.05079
860.9662
1423.0003
2177.2018
1354.9499
2556.0502
383.61908
815.45358
483.42987
1069.0916
413.58238
1145.0292
1665.6147
2707.892
272.23742
787.74701
2505.5595
-736.56357
931.86647
2700.0262
637.74048
40.385999
1278.3499
928.60148
2325.4068
2091.9673
2629.6656
2501.0268
7468.045
2473.4149
2435.4631
2192.8336
1177.0711
1563.0262
2115.2434
1060.662
63.817443
371.21967
1190.3309
1389.0572
-108.39657
1241.6064
2439.3807
2192.4529
1848.0874
1904.5108
2430.5452
294.01306
1037.155
3753.5987
1218.9119
2275.2535
-494.78278
630.35526
975.31821
-571.5204
1929.6576
1984.7433
-43.447885
1203.1207
1453.2033
1292.59
677.13031
540.65998
2103.8134
2734.2692
2136.6279
701.30682
1803.588
1293.0156
2537.7748
164.66811
2080.2933
7630.707
672.87875
216.37108
2252.0237
649.62357
2251.8228
1590.6379
1175.7139
2460.0605
1593.9588
1164.4867
747.15009
7483.4648
1985.5383
808.09625
2377.07
400.26516
484.77537
1550.5425
1694.7497
-241.94699
1535.6799
2353.8916
1088.3548
2462.2902
885.35938
2324.5671
2626.9712
841.403
1815.2437
1522.882
2221.2084
1979.2843
2590.7968
3451.5193
595.45449
114.3095
980.01645
2261.016
428.49377
1527.6729
1993.6523
132.61742
2847.6135
110.39685
1455.2236
2384.6619
1045.8567
2410.8005
708.63218
442.74153
540.30167
1263.0031
7212.2795
83.394186
2052.7198
1187.1277
1432.4828
810.99298
732.74981
726.82813
1984.9711
1852.642
6.3240101
1355.8895
1234.176
1642.5042
1071.8967
1774.961
2537.9567
318.26514
1604.3879
706.81924
772.39326
1702.8959
1813.6522
1102.8774
2642.2652
1389.4956
1895.4696
2009.2574
1635.0732
756.03637
2142.5898
2851.0798
229.51593
1346.9993
1982.6687
1226.6923
-59.991827
1740.3822
2264.7621
882.99562
998.96835
2561.4976
2132.3669
1754.4303
2356.5133
1712.1243
-292.62495
11.032652
1222.3936
268.54858
1978.2035
2359.5047
1505.8241
1835.4899
1142.9442
2198.1569
1194.5775
268.8293
1363.4714
2684.6481
1270.7319
2075.977
1440.0441
527.43619
1045.3044
481.6102
2555.142
2043.0971
903.82229
431.32851
-140.17
2128.3153
1329.0126
-904.62183
479.52796
514.37644
847.84241
-88.770715
1400.5209
1204.6718
2019.1934
1568.7556
2148.6708
7161.3485
2291.4236
928.3169
1191.9873
2503.6944
1249.6819
2298.635
1733.4349
745.65408
2460.2662
2571.3858
-753.89546
2352.8866
1003.4543
1487.3022
1197.8942
953.12531
2100.0657
852.11671
1117.6365
2155.6121
1689.384
799.13446
1932.4581
2807.4416
1369.7193
2676.5272
1205.2412
416.68624
1110.138
2316.6589
750.58192
7202.2111
1905.9252
2876.227
987.66355
1207.4324
2627.5914
-309.19853
2185.0419
-129.22278
2625.8316
295.14608
783.00506
2578.8938
631.14566
1311.9612
1414.8884
7155.3078
615.57475
2650.2433
1085.5662
2254.69
1431.4296
2615.802
701.00774
1938.6742
2306.5586
1649.6609
1289.4561
2136.1947
2143.7649
1192.8064
1777.727
380.99161
1586.7841
-105.10637
555.4075
150.41466
559.21308
924.62865
-231.4599
229.72232
-41.426154
1618.6936
896.17297
987.86407
-267.7529
1011.4471
1051.3418
934.35592
2464.1842
1579.9251
2875.3465
2669.3866
2464.143
2660.4127
2565.5606
2317.2877
1166.8358
2003.3903
1323.4174
-246.39809
1307.2634
2128.7806
764.55208
1746.6979
2618.4546
2482.604
1660.9985
1582.2734
7095.4594
1426.2688
857.45569
7382.8768
1228.2903
950.35738
-2.3281247
1804.3115
656.31982
1625.6086
2673.6645
621.3119
23.185935
1552.7321
258.46977
910.41639
1299.4241
1939.2377
1031.1665
1538.8069
743.66783
2598.0499
692.55861
1891.8892
-243.66774
2698.8394
1153.7263
549.77717
7119.4181
1197.7518
-481.27213
2747.8813
2388.4759
1484.5535
1504.5567
650.15584
667.15465
408.33211
912.86715
205.71072
408.19313
2564.0326
1978.6896
1265.1956
645.67734
2901.6157
2740.4606
2846.4861
131.85718
2451.2971
1625.734
2700.7933
377.30955
1198.4192
2246.8851
980.62596
1746.8892
1626.6373
1331.4774
914.76089
1399.7892
1953.5568
1229.5745
1922.0311
1391.0924
3590.4084
91.668625
1447.8644
891.48503
2556.239
1605.3756
1263.1354
-614.59839
1763.5534
6789.7344
1027.9213
-83.369388
2791.6755
2591.2693
-470.42931
2056.3636
2346.9691
2591.9156
2657.3332
1481.3451
1060.2804
1432.1878
2460.4293
1475.0896
276.56317
956.91798
927.77429
67.614014
1157.5879
1238.3171
1564.5506
615.54641
1038.3716
1067.0546
1738.9281
1822.9403
2185.3297
1511.4222
7239.9303
32.078514
2711.487
1514.6092
2055.6902
880.23971
1106.4852
829.05247
1577.7138
1748.0289
168.47398
707.60217
2316.6035
886.60723
821.03748
1115.7905
1169.2358
2078.1134
1131.3006
1516.0137
2652.3564
924.80954
1702.1295
2435.7742
2290.0844
3042.7191
923.43862
2290.1922
2680.4014
698.20794
635.14053
2749.448
7337.3275
2679.3567
754.45857
1156.0703
1962.3664
1526.6004
1197.4937
1933.1397
2104.3982
2322.5311
1255.1622
2359.0137
1440.6774
-35.659515
7093.7671
575.51768
949.1773
1780.1384
989.52522
1690.6492
1777.721
1997.9751
517.77231
795.72267
2598.99
557.95924
1048.6187
2475.8639
2258.4013
-366.38106
1578.5451
654.25303
1241.693
-44.581151
1266.8886
1969.4992
1008.2425
142.94223
1571.606
2734.8271
410.77878
1043.0035
2062.4539
1014.7903
497.02031
1860.4745
829.45167
1298.0843
1867.6111
788.93086
1580.6287
1476.1085
1532.549
2748.2968
1612.7138
1212.1356
2395.0249
7030.8672
639.51449
454.85752
579.71411
1052.8039
2212.4629
1005.4917
1092.8739
2794.4214
2138.387
2695.5127
1933.9472
2218.9556
7049.0725
1195.7282
1326.9825
1673.0034
1413.5969
2458.8671
2075.5891
1031.3078
452.86956
419.56224
2770.3463
2296.8543
88.336483
2520.0284
1011.0915
913.74216
1480.4174
1124.4925
376.8617
2004.326
42.752328
514.00234
1603.6202
2259.6655
581.22399
710.29477
3131.6794
7033.4481
1652.4056
2187.5335
1435.8554
1131.4217
1107.8039
2286.7943
1757.7595
-1.3740985
2536.8286
1267.1258
3124.4995
795.80465
2204.2067
1465.1941
7550.4002
2672.5142
-732.63805
1028.136
1609.5448
2130.3041
37.858674
52.629701
928.83516
2164.8917
718.12233
1619.4124
7511.7368
1620.4264
2509.8857
1688.4411
2411.8149
2398.3473
627.45824
139.42872
2777.6689
535.13362
2237.3508
437.03468
2136.9908
1646.1907
2405.8728
790.492
1442.5854
2713.4329
2043.5318
719.202
343.81719
842.12565
2556.6503
2762.9812
2574.7867
1722.5865
2198.4777
1713.5539
7481.7706
1459.4625
625.67652
1209.3649
2239.9453
607.4486
2068.2039
24.701944
1088.4127
2070.6489
2414.6964
1813.7895
1579.6199
1938.3096
2340.359
2179.2147
2868.2168
442.14406
2124.3345
396.07861
396.0629
1789.6823
1771.3975
1394.2007
2216.0725
1168.3506
1098.9635
7036.9426
2301.3347
1127.9407
1277.1065
1091.9747
1621.6446
2301.4208
1552.9649
1989.6772
2030.9167
1635.8234
1778.689
1467.8978
1654.7602
7240.4866
2441.9293
1290.4261
1728.2264
1785.9901
2343.9956
2706.0746
920.19595
792.16793
2791.131
2543.4107
492.58893
1478.0611
2694.2872
2092.7222
757.05793
511.2786
726.28662
1370.5904
1102.5781
1668.6189
1360.3711
2235.037
2514.172
388.77125
1228.7671
2287.0279
380.39444
380.84462
2732.7196
237.92843
7233.3782
2729.5845
-281.94292
1357.1508
1460.6678
596.43794
926.658
15.121268
808.88749
440.20331
1812.0792
2398.0095
1470.3265
-79.785235
2187.4773
7365.3286
1281.5285
1755.5292
-686.07075
2189.8833
2528.4556
1156.5981
537.63667
23.865154
-243.21993
1044.524
767.11596
741.24518
1873.2258
1104.1973
985.4279
1794.9376
2158.3669
2627.9767
2696.5708
247.65657
1376.4588
1095.8948
1641.6568
1240.828
1357.8832
6205.3826
1832.2464
2563.5172
636.59408
2559.4836
170.98386
2183.1354
37.456192
2810.9599
1279.3276
2621.9037
1630.3492
49.427222
882.12093
666.7695
1056.7647
2432.7181
2579.2015
1326.1489
-605.20741
1314.5725
741.02276
2788.8723
719.97151
973.16902
1884.0157
1277.3753
22.493626
1314.5082
497.31425
673.23488
946.92269
330.71026
2302.6692
888.90354
1982.803
2450.5285
1728.5411
1889.8086
1480.5336
510.65438
1454.8788
419.58947
2607.5383
2602.5238
1764.7007
2039.9211
929.03943
1389.1879
2189.4083
919.25325
-131.54364
1614.5065
514.99175
2244.7366
720.04082
-155.15902
2756.5014
1749.4172
-287.50234
1676.9158
943.16231
1879.4298
1064.9323
-809.91769
1974.0417
2641.954
540.80929
1153.2923
113.37951
2100.9085
1569.2459
1875.2676
2771.0721
1773.8076
1987.3129
1090.8469
2849.0573
2828.657
-639.40205
688.92827
268.36245
1736.3301
1134.8931
2269.4216
709.85113
647.72562
2184.8988
2153.7837
1853.8548
2023.9362
7630.1532
107.35483
522.39873
409.15043
2750.2378
541.70596
1210.2628
1712.4122
1802.3736
1668.4906
690.86972
2138.918
2483.7402
-667.03576
1365.9148
2217.2757
38.482084
370.62404
873.30129
7185.1511
2428.1211
1113.4713
1719.4923
973.46885
2839.065
1356.3688
954.06662
1905.8523
1123.1769
368.96259
2604.24
1300.4745
1897.7017
1136.2016
167.36955
1413.2249
2500.2331
2208.7129
2169.1897
1103.122
1085.6818
659.67034
1174.7906
2370.1676
1588.3029
1035.536
818.63223
1231.9028
634.35732
1796.5936
459.22231
458.19061
1692.1833
1237.6473
1332.4652
-1050.3938
1654.3148
24.692136
496.0243
701.78606
1753.1258
927.86951
2142.0983
2676.0796
2296.817
-300.41563
1085.6377
1698.6786
682.72272
2519.7822
382.40009
-2.5740147
2851.1402
2712.3842
1432.6883
1032.7481
1070.2038
1183.362
1760.659
1900.5846
1772.6849
1252.8976
494.28906
963.48805
520.22219
-222.83282
2229.5226
1193.2944
1712.9828
2246.2408
1670.0421
1268.0724
1501.3544
1580.781
1021.9602
1024.0184
-298.76227
1198.1837
2246.9086
1071.6365
1974.2651
1938.0615
3977.7988
7245.8936
1967.1242
850.40888
2422.4045
683.59379
2695.1883
1977.2379
275.77023
2356.7849
1812.5061
2137.6678
1988.0419
1179.7972
-384.37716
7586.3184
-685.3137
432.06904
-464.0127
-897.65921
825.26948
968.18826
1549.0783
1191.4647
2070.6275
141.75004
2131.3834
1008.515
2001.6026
2531.3182
7029.5412
1740.3226
614.71948
1009.986
1505.3285
2010.1866
2729.4088
1740.3685
1802.3081
2603.0316
849.95992
1527.6618
1937.2149
7212.5277
2654.5974
941.22936
2571.0982
2238.9459
-540.79498
871.23994
1346.6674
1414.465
896.04959
2278.0779
2682.8201
1881.391
1627.4736
438.08366
743.14112
574.67708
2113.4283
2726.7624
1708.3694
2683.5381
1974.9084
645.07085
1427.5991
451.02382
1882.0529
7166.5697
772.00868
160.68781
561.82178
-731.79016
994.42839
689.85105
2680.5794
2662.8663
1991.3727
2437.099
1168.283
688.22091
1876.598
2133.5464
1591.3525
1424.9005
2957.9271
2739.6684
6771.3485
1109.0118
1721.3034
7461.4787
353.49182
160.32928
505.05211
1624.6874
2266.6411
1709.7319
2577.1303
894.14307
1641.5999
708.75208
2204.1064
1487.6069
-147.96023
2607.7837
2109.9762
1075.925
1817.8897
2003.186
2915.8763
1658.2166
1054.9856
-71.982533
335.01406
-473.41802
1979.0586
2136.7842
2414.0068
7336.9146
2255.5727
2697.4046
1191.771
2205.0063
919.76875
-32.602407
1928.5778
964.0153
2417.1622
1276.8858
1242.6016
1860.2401
734.3528
1168.5021
602.40085
2706.6386
2398.5596
1644.7453
2075.8839
251.75959
1740.6884
414.50322
1733.3276
1667.6598
1734.2419
2347.306
1218.719
2727.0011
891.25659
994.90816
21.155399
2430.3413
1914.7688
2438.5512
396.61145
2619.4057
851.9467
2728.9125
2642.1985
2648.454
513.52216
714.14433
235.22966
921.69568
2462.3006
1165.3732
1291.5374
953.46
1242.2157
2136.8749
1619.6749
2289.4315
2790.5326
277.65858
562.78381
989.9975
393.60689
2099.2975
7262.0759
2007.0078
7110.7896
2228.3691
675.94336
7254.909
2292.3055
836.36848
1217.292
1250.4036
1408.8005
1300.1572
706.68639
660.85526
112.52992
43.5248
-284.56206
-208.12049
1328.3596
959.84335
1164.6809
672.30898
542.56275
1725.8303
907.49882
2474.4665
1649.2503
2483.7478
2014.1211
2518.1365
1945.1328
489.85474
1379.5375
2005.988
797.89424
1312.9939
1462.547
1885.3825
317.6396
924.71536
1830.0503
1978.5705
843.58947
2391.2588
2180.2153
2404.5387
1174.2382
2777.0305
1228.1909
1590.6696
1163.3984
-259.49623
739.47106
2104.3115
494.44702
152.95703
1010.2674
1889.5492
-642.94079
2311.8168
-246.94357
892.2447
1589.6553
2130.5868
2520.5553
1857.8999
2392.0018
2203.875
-206.71089
1052.6511
1028.945
1161.7488
2411.5026
1294.377
1678.4891
2209.7625
2355.8974
653.99704
1335.5778
2781.1446
2422.5799
1348.105
2530.1932
2728.2028
785.99558
2099.3765
1153.3724
-652.21323
2072.5452
1705.817
386.82428
1410.5293
1968.5981
208.61564
452.09742
1056.8207
1421.2296
2098.1366
2940.7822
439.23058
844.16031
-308.35991
1127.2507
1504.6396
-400.03922
-220.06671
1729.9083
2041.2682
1684.7413
2613.3838
1740.4595
-628.72387
1387.3
654.7525
1525.4753
1723.756
7379.1557
1274.4288
2270.4346
1542.3793
3946.7791
2134.9888
576.58619
1641.9176
1309.2622
1147.3089
1385.0307
801.55594
1498.5329
2547.7162
1595.9004
957.40025
-662.63894
1031.1119
2601.7414
1973.6759
1518.3321
891.59096
1986.2165
2032.4294
2135.8709
2000.0164
1464.2364
-395.02006
599.8042
2754.9673
2117.5755
2617.8168
2733.9874
1852.555
1739.0233
1610.4632
2445.5695
1623.408
1364.8146
2639.6443
-11.431328
833.23128
1822.7056
1029.8541
622.07007
975.32072
1969.2894
503.74669
1023.3525
1243.6147
53.595833
-103.41563
2471.5827
2593.9613
1220.4234
767.77075
521.764
2322.5387
2725.9476
2212.1063
1104.2688
868.30923
1162.2805
550.65811
2768.3702
1023.0439
1668.6553
7051.5017
1721.2443
543.91348
1707.8602
2701.2495
876.43656
1643.276
588.79193
1220.2051
685.63503
1169.7879
2136.6998
2115.4343
2352.2067
1982.8614
1383.5815
1965.9327
594.74942
2802.5573
2536.4596
2564.6205
389.55286
2216.6896
-19.657336
1303.4446
1033.1277
167.37284
2501.8774
766.7783
995.87969
2377.8617
916.31085
666.69802
2736.7376
735.28314
2217.6631
2100.1635
-757.65037
2585.7852
1317.9396
2198.3596
1966.3626
2357.6785
431.28668
599.83945
2498.6296
1047.1447
1606.873
862.29666
437.7676
1820.3595
1699.0856
407.94974
654.80607
1603.3056
1827.9526
2210.2429
605.00956
7230.4437
2358.0383
1060.0379
2247.8941
2348.075
1300.9124
1397.7664
2835.033
2131.8937
3278.1758
4127.6953
1733.5622
1738.3909
2914.3295
1173.4954
-649.22597
373.17313
1410.9955
376.34979
1614.502
1744.085
873.34311
2166.0086
1263.7836
1430.016
1946.6135
997.98543
604.24579
549.55124
2466.9523
2319.9788
1195.2569
1404.7148
489.13072
2443.1797
1297.2675
2247.4736
7254.2699
697.6834
1018.9422
1336.2344
-252.28124
87.461929
2159.3895
654.38409
2394.4144
-305.62263
1834.9596
2234.7677
1172.1047
1234.5795
951.28229
620.06042
7181.8438
1070.0571
-81.155611
947.98278
2684.2098
2624.4387
2253.277
714.16824
889.82254
550.36626
1996.0435
915.83919
304.18864
792.72744
-416.00951
1244.7407
1791.0531
1726.1457
1000.8162
898.53295
2765.9682
1921.8645
2131.936
1141.1123
1564.4789
1208.7412
1673.4974
2328.9908
2255.48
1510.8887
1460.9613
1229.3163
639.92855
2827.661
1214.8251
2639.6517
1305.2478
1355.22
7531.3577
-118.89234
796.33713
1656.5089
524.71442
2662.3568
1857.4292
59.668424
2416.2361
1854.5556
1013.3928
620.95201
408.64387
1680.7608
1063.5771
1804.3711
611.41253
2449.1428
1972.5908
1141.212
913.92923
1335.7631
1585.4978
1995.6423
1242.1826
-374.63546
2428.577
690.07362
-288.37734
2420.5497
1370.0253
847.98928
521.99414
1798.8915
1707.6398
93.572115
2326.5936
2415.859
76.819388
1353.7598
450.10385
-81.962304
2309.7662
2604.7947
1888.1119
-44.897401
2055.1609
357.6555
434.37686
1409.1309
347.61178
412.35475
1240.1873
1803.8344
2486.704
2746.5947
2155.0463
1171.9025
2187.9944
1903.9131
2851.875
148.46885
1995.5353
1907.8546
1721.0672
2665.882
1977.07
3110.36
1921.8922
1135.835
1135.1225
1864.1178
2686.0226
672.03017
2082.0246
926.28083
2358.0167
1606.4221
1850.7992
970.58136
2502.3402
-455.03988
645.73745
941.43427
2771.6828
2686.7623
556.42987
673.35309
950.60458
1267.4501
637.92446
1708.4968
2660.61
-289.66341
1958.8871
859.6381
2248.0466
2617.0515
1720.6061
2609.6564
1184.2249
2386.5986
845.68951
1122.977
502.59347
2560.8444
2378.706
-294.457
1256.9211
909.37069
1526.1465
2293.7122
2679.2676
555.62766
1666.0212
2381.8378
1307.2516
818.37463
2054.0868
2143.1275
1138.71
2757.5695
1270.2395
2050.9579
-199.51725
1342.003
7225.8262
1547.6709
576.65904
2357.8768
2054.979
2191.2486
1273.9535
213.05609
1808.7058
1055.6081
250.83757
7059.3519
-452.94869
997.11564
1762.6966
2519.7762
2523.5621
1873.2997
340.59243
1181.9258
1357.1881
869.60006
2642.7009
418.51636
1597.0289
1587.757
1410.4885
769.87696
2045.9457
7257.6395
361.72187
7273.239
2080.4101
1046.3808
861.19709
2013.2007
518.85211
2747.9665
1327.4467
1585.7563
-318.14577
1380.6044
780.29896
1000.9709
2721.8494
2775.0294
2341.3858
-107.31893
2213.8717
2480.747
2437.3844
360.14251
763.63026
624.58641
740.71695
857.68758
2328.0815
965.17968
587.31418
1109.551
606.33986
1155.6382
779.20554
2163.8374
2289.8795
1704.7449
510.45426
837.94739
2036.5391
1387.1786
2308.0804
-136.29965
2130.47
1892.4701
7465.4925
1550.3823
2704.9915
445.80224
1522.325
1609.0647
1019.426
2502.0055
1493.8722
2580.4341
904.9528
2150.6251
2702.4633
735.91912
1250.7234
1040.088
38.862731
2037.821
1076.1052
2462.8667
1281.4814
2456.6686
1024.8982
651.20952
940.10794
241.4918
-693.75147
2290.4883
343.66123
7242.2354
7078.8937
215.22424
561.9432
683.41571
938.15952
2597.9755
1896.306
1500.4504
-136.7696
1030.6758
2429.1408
1491.3622
1030.4594
1391.5696
912.90849
1504.3041
-155.79899
908.25269
768.54351
1891.7685
2522.7725
304.86955
2545.8584
339.3036
2090.6681
814.12953
2785.251
1589.4749
1436.0855
1611.6313
6596.5672
1249.0108
1260.716
1016.9287
532.45375
1193.1067
781.02701
-645.79635
2607.2377
1849.7716
1034.0997
1062.491
2441.186
7310.0182
1140.2889
-209.87934
449.0256
926.81303
2499.3392
871.55509
-26.140221
2488.3733
1083.8429
2741.489
394.82291
1386.8984
2762.5327
2931.8303
1466.5268
14.448637
1191.0755
1297.8646
742.99137
-32.292193
2364.2933
1710.8292
2249.4334
2897.2906
2166.1242
1868.7537
494.40999
7160.8627
400.15366
773.97226
656.51154
2104.9958
518.1107
746.27923
2349.5809
400.88753
2729.8857
381.61327
1854.8817
1612.6743
937.89851
2252.1164
892.37741
1384.4592
6157.1968
2689.1553
692.47797
313.70533
784.93839
225.71307
62.372999
504.33217
2308.8962
979.59845
1358.8756
1473.2055
60.824393
1320.5723
1793.5057
2910.7153
1497.5095
2093.2608
2310.4879
377.86186
-53.104914
1201.9937
2216.3367
648.59838
1128.4162
1950.5862
-166.10883
868.52361
58.886136
2686.836
73.981009
-259.27773
-236.83578
2039.6981
1372.1583
1590.3399
537.48689
2513.8817
2453.3307
2446.8098
-480.52398
1172.9787
1484.5971
97.821769
-3.6794013
589.8893
134.77152
1673.618
121.31566
958.56455
775.26512
1753.7546
663.15493
1839.2594
831.66687
2613.235
910.44338
434.86976
2002.5815
472.32026
1038.601
715.51934
1408.4505
908.22636
116.11251
1574.7586
1315.2861
1056.1934
1333.6294
1209.8881
2055.9857
282.9255
3266.911
1359.3579
827.86053
-350.66842
1828.3337
1738.8411
2306.5583
1853.6994
546.15271
1528.3298
1204.4764
2674.2787
2060.0524
1746.851
835.83691
857.77153
7372.2205
2170.853
2608.6564
1056.8653
1804.5894
2214.9856
2348.9671
1359.7335
1065.874
-131.25447
2200.6865
633.00288
7454.9907
149.52647
1750.3818
1081.9214
1372.6237
394.20913
2470.6088
2935.8252
7161.8586
1229.9479
805.98112
437.23998
2771.5453
884.31381
853.14811
580.51701
2231.3839
810.82971
2737.4891
765.55759
1650.8175
932.735
707.08847
1000.9812
739.69938
1001.2325
2052.6383
765.13617
7189.7258
824.12942
435.96967
512.95454
2705.5768
2509.8281
1248.1528
2265.9651
353.30026
-572.15259
2525.6327
2743.7073
1812.0374
2457.8689
1147.8562
2118.4127
1096.3151
878.65762
670.72842
2384.6099
824.24695
1192.9595
2630.2864
1833.5471
2534.9628
2411.1718
1358.708
1071.9339
2476.2318
1328.155
1622.4864
602.59031
-9.0623987
2298.9285
-434.80121
2563.1615
1912.3769
539.38483
2226.6976
654.8443
1283.9809
259.35677
646.68697
2310.3021
2483.0845
2329.6724
2404.0231
2635.0629
1974.1106
-652.33279
1776.5553
1975.5019
1331.3892
782.84372
505.87864
7466.8891
1022.7812
1827.2879
1019.701
1081.7149
332.99935
484.75756
2578.1666
1494.3004
521.81027
1958.8728
2950.1115
1648.8884
1425.4117
-295.25513
1592.6298
7033.618
1405.6319
799.93958
950.04137
1527.2686
330.91827
2103.4038
-112.10596
1200.2738
2669.3699
250.52381
2599.5654
884.67009
591.72887
486.55464
581.07052
2611.1877
1178.1808
2722.2151
3059.2029
864.22806
7052.2589
733.71274
1321.5912
1233.0128
499.51199
7416.6651
1715.9768
776.29194
2802.053
1672.0599
2321.1219
703.94046
549.17653
2038.8199
466.84683
2649.0488
270.34042
2136.7527
1047.9881
1154.0962
2058.6875
1621.3754
2269.2169
604.13741
2570.3779
2619.5996
416.19255
488.89443
2570.8743
1609.3979
-504.67029
1563.4575
659.2874
398.86325
1933.4223
486.17953
-86.202574
324.70769
1863.0301
2095.4099
2423.6935
865.08285
-16.86339
836.4906
456.00343
534.6166
656.16261
1034.4284
2003.5589
1224.8246
1180.5437
935.55606
3347.8851
592.50286
2597.0608
2076.2915
1034.4284
2059.0962
727.90509
2043.8108
712.15717
1619.5477
2850.7228
113.99945
2139.0088
239.04634
7131.479
878.887
2694.3924
2533.9696
1008.1754
421.93803
928.53299
-572.305
716.86264
1980.7496
1022.7674
1133.5928
1430.4413
-355.88303
1260.5913
1482.1989
1876.5249
2749.3792
2299.1664
280.03662
1258.1069
1906.3282
174.48868
1247.0832
105.69749
396.48024
-312.73404
792.98884
2316.8451
1911.0471
2208.2643
864.54163
-490.18684
482.39109
2696.9829
506.35345
-671.07223
1522.2949
7269.9407
1339.5624
3359.1798
2767.9358
2520.8453
1495.8722
2231.5402
2142.9519
557.00969
1216.31
1903.3172
430.26332
846.74731
-299.4059
786.21037
2.5811022
2201.9359
2173.1208
1158.6705
-670.16246
1215.5104
2088.3853
2024.4311
481.22768
519.32752
91.593323
2638.0271
2059.4944
1184.6538
7532.7906
50.582307
2307.8281
2341.1709
650.5503
7029.1497
-92.85513
46.309425
1682.0349
580.11476
273.80196
425.34737
1065.6418
312.65793
425.60012
2395.4087
1494.6366
468.96433
-227.08025
6957.1291
2878.2013
-692.76222
832.89668
888.39972
1075.3309
2091.4018
2363.906
997.29393
1520.259
1217.37
781.6554
7223.7765
36.300308
931.58905
5926.0445
-135.23171
2765.8203
2814.5759
1378.031
254.50286
1167.5579
-285.37495
1598.3567
861.15327
1582.4449
74.691563
3397.3728
920.1251
1114.7002
-429.46281
1938.3894
349.90232
464.31164
822.66605
1681.4618
292.82928
2579.01
286.13123
1346.9763
2493.1566
-11.092826
867.80244
2320.6821
512.33687
1674.2617
1077.8986
1283.0901
853.86835
1577.2005
2510.2626
1456.7742
1146.8743
1317.9244
2928.6703
855.92971
7314.3736
7271.0558
1669.5598
1195.1929
1185.3544
2052.694
2728.1392
146.70711
2481.1638
1988.0197
571.85549
2583.0247
1014.8708
3002.0659
634.34978
644.86906
-754.28821
2701.0038
123.53041
2104.7224
423.00917
924.70726
1848.7842
524.39819
1467.8193
160.49653
2602.0911
2197.1424
140.02396
721.49614
1152.8833
7026.1383
1466.4139
2591.5975
1002.6691
650.89454
1074.2479
564.15357
788.31646
2304.9852
664.33932
2677.1965
1563.5339
1284.9349
1965.1425
2674.639
790.85983
1208.7044
1601.0601
418.08675
2359.243
1832.4428
1747.5371
1789.3069
1365.9803
433.6633
2010.2255
2518.1697
2586.2147
7450.0751
699.84683
1367.0775
1455.2919
348.15904
2266.2116
997.14026
217.83899
1253.9293
132.32194
-78.527452
1648.5752
1387.4176
-115.9203
406.67049
2730.5932
1346.7283
565.9687
785.19925
842.00184
639.18507
550.48871
1330.2082
757.94868
1972.4441
7138.1308
2382.925
518.43391
973.40409
2580.3699
590.98498
363.5216
1248.9833
2011.6958
2737.671
2190.8015
568.51315
1057.27
1262.7377
440.73095
580.89069
2767.8927
2194.0765
2376.7045
2582.3159
1729.032
1525.1485
2373.7423
2167.5205
106.60858
-200.09674
1066.6342
-378.54453
2657.9238
1283.1595
7356.8082
2085.1999
7493.482
2046.2916
1325.5149
580.84853
438.71801
1093.5233
2774.118
658.24989
501.78249
1959.047
677.98899
624.16696
1228.0049
-7.9764446
855.89135
-429.60196
446.01125
117.55142
3334.9307
1055.6375
1725.7802
1434.3381
2891.5758
7592.867
1609.4894
2217.6363
725.83989
629.46674
1380.5425
2745.3879
731.12566
251.79984
1229.7462
1389.3145
1875.6745
9.7486852
604.5388
856.75411
616.87718
1555.342
-727.75221
1537.7013
244.68253
2876.7488
2205.8826
785.58321
745.9117
1474.9341
2339.2403
1373.7457
2261.6363
-431.89057
2763.9578
619.91373
1091.3293
7503.1774
1835.513
899.64168
529.08417
873.37954
2446.3939
1579.9922
1996.33
740.94822
2372.8148
522.84242
1417.1942
1507.9291
2887.3783
-253.13623
1990.2014
2588.9043
1369.5355
1907.9291
287.44456
1138.7332
7079.4755
303.14284
2181.9104
661.69086
1204.8585
723.44777
585.8919
427.42234
404.20596
457.80051
3076.4634
668.72489
2418.4908
2486.6015
1748.2642
252.43596
409.71928
-61.232137
454.94437
709.45753
13.317192
-218.64467
-79.161405
-17.108228
562.77058
2789.1272
545.28297
68.570305
1433.7478
-467.50554
2243.7141
3343.5043
888.47711
2338.4517
2037.3135
669.0855
431.97398
1200.6558
2212.9326
816.59254
1390.5739
843.38215
7243.9663
762.22705
797.02645
1441.1788
2437.6094
1629.1796
1198.3195
2239.2904
2061.932
560.87005
2399.6295
1540.6057
1067.5949
2050.5906
2534.3972
972.36808
737.63186
959.13511
1785.537
999.58904
1276.8752
942.57342
1250.228
1787.6859
524.7304
1525.8932
2551.0807
2041.2962
1370.1769
1976.9363
924.15407
197.66538
1467.5558
860.76404
1008.8032
1965.1577
873.76874
-268.29824
1760.3165
555.13993
1054.8
784.20267
-329.26916
2624.3465
1321.577
920.03029
1186.7372
2121.0225
1229.6885
2070.6717
1327.9944
1032.9426
1416.2825
2840.8661
830.47206
1903.2206
-87.422608
1596.5999
1971.725
2592.0091
2322.1406
672.21917
2173.438
419.33103
956.61502
2624.6221
3114.5404
7177.6001
2019.3208
933.95585
803.56251
924.5557
-296.33714
1677.5964
472.13005
-101.59641
2332.8634
972.62578
7096.7253
228.82695
979.39955
2790.5696
7186.3669
2789.8378
1216.1027
1392.9633
23.457737
2148.5739
1524.9563
7318.0301
208.08419
1216.0028
2606.41
-280.98959
7017.5863
105.1521
2149.278
908.14406
2113.2243
1838.5485
2194.0199
7169.8738
479.98629
901.84382
598.67553
2424.5758
616.12484
2144.7257
2186.1005
7039.1905
1437.5411
2363.3808
2263.8804
-389.24272
1288.1401
2787.3203
-288.28479
2119.0616
2386.8531
47.375372
2665.6239
1775.8777
1000.2961
1051.1881
2212.3091
-795.05981
1518.2502
7007.1333
-46.391931
1083.0287
2359.2991
1592.5727
2126.4515
1699.2073
715.72327
995.62193
2030.919
60.629006
1291.2466
921.15945
2050.6676
1911.423
2760.3562
2220.15
159.16795
-102.31195
1337.2641
468.06509
1070.9353
174.41788
1561.965
924.05045
161.56958
2366.4084
964.65009
1289.5808
466.51841
1580.2363
644.81901
1957.9677
2585.2657
596.23257
1160.5949
1407.5296
660.59264
1684.4295
1397.9168
2732.889
2531.9295
2057.4999
1401.3152
588.50247
1261.692
2607.8409
1677.1733
2752.7181
-68.417661
842.56489
920.88968
1831.2621
1740.6699
486.02382
1565.7981
699.28245
-483.65893
2407.6844
481.67465
1876.0678
1874.9878
554.27304
2650.3421
2287.7598
1531.8436
-2.7009086
563.69761
2053.857
2691.9651
34.235315
1711.3608
-218.48286
643.77691
662.73732
2423.5485
2110.7614
1378.1491
870.36724
685.52645
1470.8895
1488.5635
608.02664
993.81361
280.76703
2288.6886
1904.4537
846.71268
2804.3296
2522.19
1604.5768
-156.75518
795.26152
2599.2922
2562.6901
-478.56565
800.86894
5237.371
493.94355
1513.9548
1659.0373
755.16017
2428.384
-545.1693
1051.2198
2154.1288
1305.4446
7046.3099
2376.1098
444.49372
624.76388
1036.476
2673.4799
1653.2564
2574.5143
2053.3771
1894.2938
1335.3892
1909.9321
1305.0975
1402.0872
2151.3167
1851.9402
23.855208
885.79736
2539.4113
1940.1118
452.24486
433.94156
-38.273479
1363.0424
2135.8171
1960.222
2399.7602
2757.3753
1838.5394
594.29023
1453.4487
2649.6442
785.58587
-348.38343
1464.2299
2572.269
2699.564
1365.1145
1941.0986
2536.5445
1631.9954
2415.2478
1444.6105
2604.333
2698.0849
2925.6509
639.54428
2228.0505
676.54084
1261.9652
2741.9708
2601.5345
1519.6115
682.10647
1562.1481
2643.5597
434.70267
1542.4638
1782.2345
1279.3242
7018.1169
2497.4999
7340.7717
-179.70402
923.14707
550.36873
344.72746
2160.373
380.54398
1800.4229
2169.4381
530.43071
723.6713
93.657705
6672.9603
1788.2726
-643.7743
2022.118
114.85875
21.308974
1289.6517
1388.6829
1739.6071
1202.6943
1413.1292
1116.9769
1894.5632
7481.5637
2615.3957
2716.036
475.89325
1982.0324
2030.6171
961.14966
7506.7777
1524.1995
2361.3069
2648.9597
1319.8126
1770.9552
740.00835
2006.83
347.95226
-348.60387
979.39931
1237.8271
7140.7962
1048.3214
226.09416
852.15457
1496.3873
2687.0861
2119.9918
2592.0278
1941.1185
4337.7802
-885.97386
1057.6891
2613.8496
2106.3047
781.97663
1619.059
1006.9187
2075.9482
163.36435
1246.3667
1896.0546
2214.0119
7093.1541
1864.807
1366.06
1820.7282
183.33807
1936.0758
1163.074
1096.2323
977.53614
1237.6808
-90.654781
2425.9443
-70.455836
587.23251
1982.3759
448.97293
709.54996
2657.2421
1390.7414
2150.051
1710.0244
1053.0518
957.14307
-442.81499
4218.9745
741.7072
1134.1702
2729.5849
1919.6982
2108.7245
338.03629
553.64417
2427.6543
6381.4307
1465.4995
1449.2814
1165.2472
1224.4556
-62.296696
2568.9378
2391.673
1722.8191
7104.7488
2811.6026
2435.1519
30.568425
1450.2764
7148.5881
6779.0289
-344.14511
2059.5787
1654.4671
1148.1441
1488.9715
196.43146
824.68984
2424.839
1554.04
2757.2342
1968.4587
1032.0817
1701.9262
1807.2977
2468.2243
1518.9691
1937.1181
103.15816
1117.3925
692.2415
929.75688
2116.2452
813.83654
2427.4819
927.993
596.95769
858.91286
616.60937
819.66932
2739.6019
1140.2443
200.18979
-789.06163
919.45531
1296.6723
7119.4252
2456.9073
2742.8775
823.67236
7529.5408
1976.0011
787.33244
1527.3124
1633.1544
1401.264
1079.9543
1214.1041
2655.0132
7293.0292
2561.2922
1719.6884
2626.4764
1803.5822
1592.0328
449.1897
2461.9664
1674.7501
1526.2296
1669.0472
1533.3388
-79.175791
1951.716
2513.7415
747.60473
1771.8701
87.726307
1133.9906
1793.2931
1254.5441
993.2796
474.64645
7020.4985
1558.0187
2458.846
587.78235
836.74208
7144.8806
2598.7697
1770.557
-482.37614
2720.231
1280.7049
2752.3063
455.63954
2444.0133
2670.3476
1666.4509
739.69802
1778.3181
1036.8628
1.8320157
2652.5988
-287.68642
1994.0871
2418.6295
683.76219
1863.8431
1373.7121
2740.9224
-774.23137
7168.2822
1946.3589
2026.7624
1527.5621
-38.273699
558.86232
322.27652
1732.4847
47.222386
440.86707
1677.5613
2664.3027
1476.2272
614.69155
-589.43659
125.6572
2115.7562
1701.6593
1934.9883
608.80913
947.12206
1420.3756
1302.7646
1568.2218
-619.54688
-213.34544
-394.2025
-96.849984
2391.09
1113.9855
642.03787
2624.4019
720.43305
81.535208
2190.999
1286.2
-219.54629
558.27877
1689.9816
991.21874
2505.8064
1602.1019
360.458
1254.334
1985.8964
813.96125
665.99051
2627.8698
-804.86012
413.802
949.42232
-148.59371
1060.8296
368.74288
2464.1867
2011.96
2707.4612
1370.5944
-264.58911
312.57783
2240.4744
431.70771
1350.7974
279.09965
2384.1033
2021.2038
2094.0389
2589.9295
811.98509
670.54193
2041.7193
2775.6838
667.09645
1502.2669
2654.388
1509.2161
666.61149
2121.6014
2249.1093
1965.8871
-798.44054
1382.3799
780.1484
452.13837
2300.7068
729.87541
1447.7651
732.72079
800.59859
1261.4823
292.73259
966.06615
1443.6399
2657.5637
1279.201
2314.2191
2020.2052
950.64302
-502.75575
1810.3809
1341.4248
2036.8082
488.60788
-61.861559
1810.7267
2794.9622
702.95761
2144.1408
2723.6115
7462.6128
-21.465236
2192.3479
1412.2269
538.48402
313.28598
400.02429
2735.1646
758.4939
2314.1169
1800.6725
336.63589
1797.0804
-426.74481
946.10969
365.81534
1883.942
853.74891
-84.321409
1526.4744
2479.7819
665.08483
2778.6198
484.35914
1501.8929
1158.4384
2053.1857
766.87209
1022.9212
2302.9472
934.29379
292.69785
2562.8428
-181.68017
1002.143
2671.5006
2422.274
251.95318
691.61782
322.35978
1708.7422
454.03154
2644.3056
2916.2935
1832.2942
1941.2328
1778.1499
913.58413
-174.1778
1333.0715
652.21505
2520.6209
2482.4796
651.57684
2204.1992
1582.4232
270.27307
2512.2877
1607.6421
945.10674
1358.3144
-147.45415
404.34873
1617.7918
549.24336
1263.4249
871.39735
2056.9594
1815.1132
276.72627
1323.8464
977.40513
273.42237
1039.9114
998.111
2034.7301
2377.865
2378.2347
2367.6215
778.41921
478.98342
1740.8311
1007.4301
2640.4245
2401.3723
2599.1603
1978.2648
2226.11
-748.16558
1727.4631
1401.3068
848.40872
1122.6509
537.47795
6085.9491
1975.1612
1443.8648
2335.4592
1865.4416
1731.5418
7165.3
924.96735
2465.9889
-651.89805
620.78906
1031.4471
682.0578
1217.7902
1977.3364
-373.855
1157.5301
2175.9478
540.23507
1652.9585
1199.8468
2572.7562
466.11014
-77.314679
1742.396
833.04648
1506.0063
2312.381
612.38572
277.4774
2524.1344
1817.9171
1517.9323
2459.8269
1823.8267
2129.5471
1875.474
807.71983
1809.344
7329.6037
1765.2555
917.05405
2129.643
2569.2666
2910.5032
1997.5507
3064.9503
2446.2375
1554.5799
601.43412
348.93147
2021.4127
855.74994
330.76592
1224.0005
663.44215
1462.1411
791.18079
-181.5864
872.50761
-491.03876
1711.6848
1261.2452
2119.7622
2432.6846
2400.8615
2651.0085
2162.187
1848.138
-183.52276
-788.79017
1976.06
1864.6944
268.4384
1641.4099
248.89336
376.49105
729.2445
2296.8445
1985.9005
2130.1039
-206.47015
695.09848
1565.304
235.86946
1285.9382
624.60546
782.89639
912.33017
1918.2062
2105.4289
2502.9237
1514.872
2122.714
911.86705
593.3559
818.82483
389.30234
-226.95532
711.63385
604.69514
760.26204
1940.0835
1977.0058
2184.8875
1030.2057
168.95164
291.66842
1651.0795
410.47693
939.63569
2635.1344
939.33219
2673.9646
925.53247
805.34159
937.63581
1569.6529
2847.7578
1028.5254
1011.1468
827.44488
160.28417
1704.1635
2042.8078
-714.28864
1593.7412
2586.7078
2908.2866
2012.4194
1504.3443
1760.193
1290.9251
1499.5453
719.80126
2675.2146
2302.936
1486.3374
2773.7162
1583.875
2503.9263
725.3425
279.83239
121.06167
-278.15616
1589.6564
2428.9244
327.62143
1669.0365
7157.3237
-359.37218
2502.5655
426.66393
1920.3884
2212.8295
965.36356
1212.3315
2361.3498
1849.3404
1352.3123
945.42805
940.30384
1929.7673
484.19815
-160.72525
2079.1877
1668.9344
886.01469
697.96443
1656.8321
2688.4818
729.42325
981.48238
1839.696
2376.603
2260.3932
1549.2839
1726.1518
2682.0915
2470.8357
402.53223
2334.9381
1980.8641
1417.2917
769.93314
-628.41714
2721.4304
843.87143
752.37274
2425.6841
1401.9389
2385.3
-459.05947
71.903279
1569.5999
2085.706
1379.1309
3620.601
161.16158
2746.8154
2434.6432
1617.5864
2965.6204
1296.9961
2114.8523
625.45668
-761.53906
1059.0063
618.55856
2806.8454
1994.3906
2563.1876
738.26873
1481.8664
79.242799
2461.7043
1483.8265
2382.1306
1689.5257
2653.8522
1339.3111
1374.9827
2433.6054
1052.7783
1701.8103
3249.143
2158.3957
1339.4948
-108.95545
1522.7935
874.65816
2568.5673
1633.8375
695.59343
1632.5282
1677.8091
490.62526
1382.0748
-156.83288
209.95412
1865.5878
2337.2619
924.20232
1569.3206
976.39888
314.9649
2789.2324
2459.0884
2233.1606
2003.6987
319.45458
1479.4686
2334.9817
2080.8734
233.68592
761.40368
251.89711
2599.7339
840.13937
1977.8273
936.78448
2615.1794
36.925386
1957.6522
2589.1221
1203.6328
2579.5862
608.40785
2318.3328
836.69883
2841.2038
7164.0351
2663.9772
2227.9456
238.85539
2349.9643
2374.9926
1978.6691
2749.6297
1709.5613
2264.3476
1603.5848
2248.5502
7039.9176
2191.5995
-497.5967
625.30893
2.2044104
1147.923
2396.2061
2697.8018
2288.2477
788.3063
850.15951
2276.665
1591.8264
834.26516
573.86509
960.39667
683.78258
917.77012
944.74624
2083.5474
2176.1653
1215.539
1251.3408
514.6197
108.33902
1327.8116
2018.0151
2417.3505
1525.5811
1603.9601
541.54405
2559.0414
6061.0719
-307.10968
1628.9127
2849.849
1811.8556
7635.5851
2954.221
122.96045
1263.2473
1063.7197
2297.618
2444.6669
2386.2571
1453.7208
1699.269
2152.7296
162.70295
2347.4629
-740.73437
1292.8736
1867.8246
1418.4139
2582.622
1525.6322
2888.9053
1777.3468
2257.5023
2752.3337
1801.9948
1938.0315
2711.9324
587.33666
-499.79369
1379.1427
2462.6
837.5487
2694.8312
-392.78882
-560.8724
-6.5540734
1164.422
2465.0434
1350.2838
2720.1376
1341.2486
1669.4911
950.84874
1363.184
684.80426
897.01896
2080.8405
2083.4822
1830.7043
3136.6818
-690.61211
1182.8581
2016.918
210.3605
7129.8524
2621.8337
1454.7893
1578.806
1240.4825
2007.7756
2811.0873
1380.4188
1635.9601
1218.2792
947.84135
2306.9627
1848.915
-325.53526
903.21079
-92.654956
7042.4557
2444.3452
891.48518
1908.3922
-43.604713
717.35063
551.79842
1051.7048
2564.5274
1454.124
-152.41443
2481.501
589.41735
2299.6713
1558.2054
-524.35591
627.61293
2377.5713
694.69189
2416.2307
-7.7303663
496.32295
2748.7124
3431.0046
2810.3862
-198.17747
1221.855
2538.1279
2087.8996
2576.4004
1460.5698
1964.2814
2570.5143
1604.4731
2768.5213
920.04575
2248.4327
2121.5365
2198.5102
1603.8892
7481.5233
2210.3828
383.29036
340.60239
2122.8277
1774.9367
2481.0986
2522.8411
7546.1059
1093.6199
1502.5297
2712.4335
7548.5277
-716.24637
517.25451
-11.97378
1096.6705
1921.2915
2842.2241
1108.8984
-38.177125
2543.547
2764.0523
611.2157
665.95787
2514.0638
452.75052
2254.5191
2636.0315
2186.4716
-28.714444
4889.061
8.3313009
1264.0959
1145.2593
1329.5586
553.63273
-361.46441
2728.7326
1817.9111
1059.8621
2173.7066
2763.2759
667.87014
2587.041
1596.0264
2171.3646
6.9164203
1662.6324
974.86453
758.9056
434.47392
229.03652
565.65805
293.28614
1368.2185
1840.4218
139.65379
1682.6621
2372.1683
1577.173
299.51363
1797.9945
1547.7944
7485.3394
1584.7646
713.0867
2019.2068
2577.4834
-304.83721
898.3076
464.27669
227.97116
2650.2131
813.39438
1588.3885
1314.4271
1611.3668
1041.5213
940.73887
2936.1599
1102.4478
2614.6702
-786.9249
1152.4147
2008.5505
253.99758
1307.6307
2421.1122
998.18053
2130.932
1431.8958
1138.5247
2904.3248
1415.8508
661.35456
670.30179
2955.1637
7213.7931
635.32392
2043.3081
2603.3652
2169.7861
1462.079
843.78369
1190.7625
7335.8119
531.01183
44.738286
350.09926
2010.0875
2516.8072
616.30675
2522.5501
1447.4975
1467.2746
1019.6278
2184.9526
207.32664
-754.85167
2271.3739
1957.2475
1984.3468
1770.4617
2372.2461
1515.1214
1530.5642
732.91915
1284.3433
604.7833
547.58952
1586.1097
1407.7454
-19.046328
736.01259
-82.566955
2149.4708
1630.5435
2646.2482
1359.5088
2196.062
1719.4543
739.93473
1707.2982
1903.5919
2416.6902
122.68228
877.37691
220.93434
2723.5311
821.93413
-592.21349
2811.8096
368.93721
753.86285
1496.9037
1866.6795
974.86104
834.96098
1111.4669
6729.9238
1251.3894
2075.3045
2482.4875
213.09804
452.85635
2821.3383
2636.5008
1186.1101
2726.3539
2884.168
-735.31413
25.656258
491.55757
1981.5058
-426.70638
-2.1717846
2632.0035
2169.4713
1459.8361
-113.97739
-356.54266
1483.0113
1468.1824
412.58669
1089.1124
7054.497
2187.667
2228.8075
-1076.7543
2189.2823
2955.205
622.73304
1290.8355
2584.2964
2596.0022
2282.2396
2614.8591
1862.5701
2248.3795
2351.1108
1456.9394
94.382513
1001.9735
799.20397
1883.0696
1159.288
1927.0636
1568.5234
6169.3103
1833.8767
1674.6641
7390.0363
811.41725
246.55503
1574.9076
461.5217
-431.78522
2746.6749
-474.39224
-410.15171
1180.0664
2431.3932
538.2009
696.35135
2272.2717
1871.4579
2177.9638
2670.5985
1368.833
1942.0274
2556.5836
2470.0253
1174.0061
958.63792
405.20716
1286.2641
1907.0923
1921.7035
-66.647971
1850.4313
1251.2284
1205.5749
563.45787
2609.3977
7034.4959
664.58112
2435.5875
1200.2328
1405.4014
1918.7575
495.19078
1051.633
1332.6011
1278.2902
1818.4975
1172.9384
2267.2731
2041.9167
1314.5266
7120.196
2672.0666
1285.8099
1590.1231
1166.0807
922.74312
1213.924
239.46744
459.52968
2711.1973
909.80812
499.71579
2176.0459
2621.1286
-491.36276
7170.2772
1435.8272
1662.6695
734.63697
1747.4355
-116.46506
2577.4237
999.87405
1797.8121
1136.5819
83.852374
2269.7596
2665.0287
413.11156
1055.195
1864.6551
-301.52345
2915.6879
1040.7689
2425.0056
2570.5515
5948.343
499.46019
-327.12909
2052.556
2681.6624
5596.8934
280.76111
1596.692
2382.2609
2052.5522
2671.7291
2150.5795
2117.9468
1718.0046
1910.784
1442.726
2823.8198
555.96842
219.97289
1064.3802
-133.91605
1389.2572
1187.6636
711.45839
1078.9477
650.32361
1267.4384
2053.616
677.08528
2267.8058
1029.0619
690.68241
1169.1623
2241.2387
915.30992
835.66719
838.097
2798.0729
-138.7252
2243.0217
860.69916
2843.761
-229.12197
2188.9765
2149.3473
2292.7872
1169.1339
723.71868
1259.4453
587.31985
1661.3453
884.14726
1571.1754
260.90582
-147.67746
2064.9045
1911.8953
818.61295
1516.0563
697.99216
-474.18369
1052.27
2113.4615
1441.2279
2619.5603
1964.7857
1787.4161
2810.6413
2239.6735
1012.2297
484.60093
1688.6195
7109.8317
244.8064
1676.06
1132.5506
436.24531
2233.0129
1065.1181
2200.3421
2639.8335
-137.32882
1910.8464
-800.15961
366.64174
1220.4781
1418.521
-335.85574
2452.631
2219.6294
3765.8942
214.08967
2110.3135
2009.9711
1127.5019
1407.5915
2579.8193
2277.8878
2484.8422
1020.36
537.1025
547.53467
1662.3731
962.63321
-748.95931
1966.2776
-460.91068
608.25481
2021.6122
121.17673
7042.991
1209.4814
975.76809
604.23862
1504.9499
2302.7271
1938.0525
764.14642
496.05163
2288.6259
-487.35065
824.20673
2886.719
829.25113
484.42919
1382.2905
759.73909
1239.1955
245.1329
7281.895
1554.4525
1611.5706
516.92806
1008.1056
715.15766
1361.1435
2167.4734
1303.3296
1609.7968
1700.8326
1485.0893
498.56568
1096.3707
1719.7764
1804.5907
1989.2376
-24.575165
1368.7978
1185.7891
2694.0812
959.6251
771.68356
1180.1397
7444.3453
686.05948
2699.4196
1659.2086
2677.2723
1330.81
1405.821
27.443358
-168.88638
1356.831
613.9454
2497.3736
-13.455416
2725.2346
1959.9163
839.41936
1953.109
2341.9445
1301.8422
2299.1513
1405.0564
767.96085
2287.6037
1781.5522
267.09252
1312.067
1745.3083
1818.8635
1231.6668
1291.3993
1317.7212
514.36605
2369.0055
1784.716
1496.087
959.69114
1780.8367
2079.5397
1679.2749
-406.53677
678.42612
1648.924
2394.6826
99.720541
1018.3599
2177.3205
6841.5312
3135.5234
850.1857
1376.3248
1326.8517
486.52699
1734.8534
1814.8911
2007.8181
2568.1368
1382.4012
2278.5262
2090.9522
1269.5168
189.53971
1484.8634
604.28898
2120.4203
1710.1377
935.73147
1861.3165
1956.0556
1623.1473
943.26429
796.92102
2678.0404
2382.6476
1958.7875
257.94809
2122.4049
876.90007
2100.6819
2013.2333
2721.4244
688.4829
1101.8674
838.38097
1355.327
835.45542
177.81683
1118.0771
1036.2152
2804.6225
2234.1561
1776.2131
1436.8143
2807.7887
2517.8858
753.80319
435.21543
2806.0771
619.94683
1059.2825
1427.6351
1910.0942
1718.2959
674.21116
1691.7376
-230.3617
571.55223
1018.2775
1671.7663
509.63998
2541.6351
-43.273827
519.08474
1526.6317
1995.1984
2738.2205
1626.528
1768.8244
1856.7886
459.51721
535.62499
214.84187
580.00991
1906.0619
1040.2425
-7.05262
967.85306
404.68857
-108.84015
1676.6524
-1116.9795
2012.4476
1928.2491
2171.4574
376.09935
2531.7618
955.19823
-200.60871
1452.5315
2197.8093
1725.6494
1005.9062
2398.6636
573.62788
2528.6144
2571.8733
29.02765
2922.4531
537.4589
2664.1759
2120.2629
7490.6998
1968.3637
524.99524
2512.5313
1802.2447
2634.0715
828.9787
2769.3552
-253.85219
1988.1374
2307.8023
858.58687
2505.5627
2556.1864
-703.48865
158.52851
761.69978
458.63731
1001.3859
1362.1842
2627.763
2398.2529
1157.7264
412.65807
2585.8294
1309.0655
2704.0802
2809.4084
2291.3115
1507.005
761.22324
367.97814
499.2968
355.07925
2268.95
780.02289
2925.0887
2634.7817
495.47904
700.21908
988.61207
328.61102
1526.3035
1928.8077
1348.0406
1032.596
1499.3179
1263.6762
756.57374
1899.8549
45.690297
2055.3463
1190.5512
600.46838
1766.8285
2794.3791
2679.1371
-765.78092
479.64104
1595.4341
635.43553
-467.33149
7471.6834
674.43568
1563.6952
272.07387
2346.3934
680.78566
1742.8925
1301.8432
1941.2235
312.7272
1084.8417
2612.224
536.87448
2013.6433
2103.4787
-520.11836
990.02482
2005.8539
2585.8091
1687.5286
7045.9518
838.84225
7318.3109
1710.0255
66.314354
2913.5033
1085.6832
580.66472
1616.1939
2489.7031
2568.9936
361.98707
-428.9403
727.56232
1195.933
1365.1963
1132.4674
6965.6544
1670.2957
1389.2129
972.61833
35.636246
962.96831
1256.9065
1561.8894
433.01023
1702.4248
1007.4322
2473.7496
-5.1904961
1316.8767
1081.7217
1336.1331
1429.7761
1605.1814
2061.4156
1086.4363
681.17981
728.58383
383.46175
1534.688
583.49493
1265.8895
2327.556
653.77284
1363.1843
1269.2554
1572.3579
497.35861
1082.5557
2758.0681
-423.56913
338.06019
1154.3888
2688.974
2308.961
1458.4209
618.97037
1647.3596
2569.9243
1578.3419
518.0461
147.26195
1681.2171
592.80118
388.5251
1165.2547
1199.2217
1454.483
2044.5426
183.2138
1664.5217
1054.2727
2545.3896
230.87525
1289.1301
379.62291
1238.7488
834.50772
-296.14227
2403.1878
775.25029
2456.6463
1325.4393
-482.11807
670.99793
696.20409
927.98448
2240.6045
1806.2329
105.2122
2653.4684
678.96813
916.83069
1130.5067
2579.568
1841.7186
40.934533
13.622781
1798.9509
933.07519
666.57381
1003.1933
1618.6016
2687.5489
735.54572
2070.908
1036.8951
2480.6215
1638.8034
1491.5364
5002.884
2308.6991
1397.0553
2175.9619
2643.2266
532.0233
2135.9983
904.70317
1928.5361
242.53576
168.17333
1224.514
1570.5402
538.06903
-422.87356
2399.0815
215.79347
902.44907
3001.6507
626.51485
2364.784
1843.4109
2618.2419
491.05101
638.12837
5470.8498
38.795061
795.96556
314.1373
954.79001
629.30879
1862.9613
2880.8723
764.75582
504.01665
1446.7306
1607.4449
940.22866
1126.2213
1701.7234
1051.2133
1757.8865
1583.3367
7291.6439
1786.0024
2564.4525
615.6279
1132.954
2318.6241
620.79305
916.55479
989.346
1074.4318
1395.6583
1965.2927
979.59995
2466.2931
1968.4956
2257.4153
2083.6343
808.31306
975.77448
527.69069
1081.8005
2634.1052
2735.9118
151.71391
2487.6074
880.41599
2023.3545
1139.9968
1085.8316
2600.6858
1777.3883
7485.3926
991.77345
-93.894676
1073.058
1237.9129
693.98289
2354.3815
1620.833
58.937849
-309.95136
1783.7412
1481.2041
-29.66856
1828.4174
1397.2103
1438.1154
1187.9487
1581.4056
2072.4593
2228.8986
617.53688
914.68616
2760.3363
1409.7593
600.24668
-223.88409
2676.6669
744.37974
2569.4518
1238.4262
1275.0648
-421.0112
1385.9795
684.78247
1733.2467
496.83856
517.35222
-320.81194
732.07662
2771.0408
-404.48306
-117.11508
2335.7757
858.45943
1949.3702
375.66902
-598.26273
-53.771232
725.75789
1895.5787
745.78171
2717.7095
2445.1629
2243.5257
2401.5884
742.23952
1763.1769
7350.9546
7574.6253
2700.7601
2137.5345
664.71872
1356.8593
675.98824
1125.4385
218.24517
1247.9937
470.34662
863.5403
57.29324
2359.6056
862.76223
-190.03989
2769.9433
1763.9994
816.98868
1860.7718
-230.52871
1092.507
2377.5492
1799.0357
1044.3573
504.60919
2805.7409
1554.9359
2136.8128
2044.4451
2610.7081
2400.6239
2378.2103
1895.6553
2598.959
2646.95
1390.0703
691.41098
1643.4198
7155.6655
870.86607
2589.7152
69.090296
1655.1672
1739.0371
821.78697
1883.4818
1445.0769
-166.90082
-123.28508
2638.389
1439.9196
1690.714
287.88781
1368.269
1586.6936
1176.2533
823.7913
1483.0802
1970.3044
2702.4464
1560.2689
2266.305
974.95071
982.78407
1734.3757
1234.7557
882.76336
2454.9382
2035.5814
515.80098
2925.1799
2008.3148
-235.00591
5277.9015
2272.6989
2012.3649
1470.1206
2282.5755
2186.3249
1042.1533
-762.11354
63.553098
-76.44105
176.77624
698.35641
1166.2744
910.68254
7244.9638
2584.7894
2812.3232
2327.7681
1176.6601
1541.9173
1825.0945
1939.1714
207.12341
2215.2786
1301.6637
2070.3184
888.31991
2114.6298
-365.78248
1547.9724
1902.5682
3292.6342
364.54936
1083.492
2597.9941
7251.6399
1654.0636
1807.7529
242.09878
2064.4928
2408.7827
627.06147
1330.2703
733.48665
588.71587
765.7244
1806.5496
348.18878
2180.0496
825.07657
2329.26
2869.8245
2424.7893
1886.5602
2425.0763
1331.1202
2683.3761
2859.7188
1238.6614
2826.1913
136.05558
1552.5379
752.44103
1657.2596
1642.9281
1258.0618
901.15651
679.03224
1758.3313
796.75885
482.95477
980.48661
2113.9994
1045.1536
387.34563
-135.2171
1217.9009
1389.6905
2428.9902
993.39954
168.65868
1355.8146
675.97727
1414.2663
1048.8722
405.6866
2553.9534
-463.53574
371.40342
1504.4944
1006.7329
1854.4896
539.38674
84.653304
2166.4674
1623.0596
1230.7275
2113.7605
2114.0737
7098.7837
-725.0101
512.00482
2153.1166
1606.5227
2131.1897
623.36463
2355.8663
186.91627
362.32828
-577.93905
554.02221
1085.354
947.74087
2231.1175
1916.0634
976.13019
193.43323
2695.5169
2576.4049
1851.0512
494.68574
1364.3271
1736.4652
1036.0628
288.89883
3416.5933
1686.8913
322.29888
220.0925
1221.5505
2153.5759
817.62325
872.77082
276.79343
1641.5535
147.2249
-178.76435
1209.5749
313.27502
2240.922
2031.3118
1766.4935
2710.7189
2146.4336
2163.9351
2412.5624
245.14628
1765.7388
1727.0256
-176.62194
1770.5969
1187.1935
2582.2666
-197.25187
1998.2887
1872.9366
1290.2754
2289.9688
1391.7758
2236.0725
1359.7265
1271.3292
553.46136
2471.4556
509.60406
926.73583
1490.3316
-29.149459
2706.1149
1171.3468
7049.6793
2321.2438
1045.5734
802.50895
2174.7652
1163.1827
1272.039
794.53061
785.81212
836.73712
1087.3317
1321.3617
2250.0089
391.40594
1890.6618
1018.0614
980.87906
7517.4474
-55.551765
499.8349
1014.8255
1131.8849
731.65998
912.07372
793.98175
2194.1021
1525.0484
1033.3161
2590.824
2063.3653
229.43995
-601.99887
2374.0127
1553.2896
288.29253
2445.2233
822.00922
1908.4556
2672.1896
1770.0986
1826.8263
2800.5304
-213.90019
989.44121
323.78671
659.35358
1923.6384
-210.26794
1664.3062
7188.1031
2593.7248
1111.9777
1958.4576
1192.2558
1228.4919
678.4533
1193.0121
1122.8225
464.13994
7533.798
1227.4217
1964.9467
2436.5513
547.46254
2547.1576
1210.4808
2029.9414
935.57547
1977.285
139.48499
-170.42003
1353.9708
997.8104
108.64519
951.60174
7536.8572
2690.1416
1294.891
-358.82732
1822.6461
7246.4911
1552.6293
-95.193109
1147.1768
459.59506
1960.944
729.77593
1353.2359
1737.5939
2538.2584
382.88472
2062.9347
2600.9829
6978.4439
1946.1441
2019.627
542.84895
178.72474
577.50551
1988.1603
858.26095
2543.6691
1480.2368
4426.6176
2345.3684
1070.3087
2389.412
1656.6856
814.76253
758.15995
-481.59815
2624.2699
1300.1538
665.80906
1023.5543
2012.4361
492.22037
1762.9612
2375.9108
2374.0595
2644.7889
1617.4896
2811.0523
2479.2912
1998.3882
1164.6169
1168.1161
1985.2387
2629.4921
2274.4878
2034.5336
2494.8306
2208.1325
1880.7018
1340.5111
1873.2444
1703.5402
2273.5289
491.18057
845.05799
-216.63595
-227.32765
2351.693
2413.747
1748.1693
2257.4011
-38.399644
600.45574
2820.5899
2416.446
1988.2432
-114.8059
2369.8855
861.83079
3329.3713
823.72936
295.14273
7403.3342
-551.65852
705.7807
330.71714
2313.4865
1244.4346
405.99234
2087.6027
1483.4986
1938.2339
2396.8319
2103.0826
2829.6158
2248.5853
1623.2872
1879.9714
2568.1527
1942.4334
1265.3167
4976.597
1161.9036
2857.3988
-480.37851
1419.1552
2257.9156
993.31873
1230.458
836.80786
1553.0093
2088.5729
2867.6791
1599.2544
2239.6982
-288.32271
2224.9863
2477.9074
1235.4599
301.14514
793.32498
641.46324
1720.1929
1679.9492
-777.12135
1668.263
2688.6423
660.47057
675.19027
-223.47143
1506.3855
1738.0935
2247.6566
1162.3048
710.45983
1518.3703
485.58458
779.27089
2061.1212
788.6421
1966.9366
1785.2273
1797.6801
438.0095
581.26537
2610.0867
769.01131
518.3488
2281.8627
2447.8697
1351.0621
1283.5399
1124.1178
1116.9379
2497.5398
2176.2527
1645.1928
2302.6152
280.21199
2010.5534
2036.791
441.19921
1780.3944
7063.0437
650.79842
1276.6785
940.89286
1779.749
548.72467
3820.5171
1044.2738
611.75534
1660.4083
2701.0877
2500.0057
1104.5103
721.45465
1413.6576
1091.156
468.0388
824.94173
248.6044
241.52227
2011.234
1484.4946
-538.91237
2374.5486
393.83066
823.41508
-110.04353
413.65154
698.70634
548.37819
947.08071
129.74869
1739.6671
2449.147
621.34837
1056.9309
1581.5081
1615.0291
2607.9806
1964.7034
2730.4645
461.01242
2450.1711
7179.1479
1259.3528
1403.3046
2444.0578
1567.1688
2536.5982
580.84642
1966.5991
2901.7636
20.014535
19.118238
1531.2629
213.59069
2519.5304
912.48011
2477.6009
1315.2748
916.39412
610.90371
1606.1208
2482.5482
-774.16234
1481.2185
887.14624
-714.21287
1696.8677
1245.8878
-96.191813
2007.3793
614.2972
1279.1432
1270.1032
994.31947
2816.5537
798.27138
1631.032
2155.7172
2593.9926
1800.0798
1590.0363
-24.969658
1119.3033
1822.6579
1921.2468
1947.4894
501.56678
229.0499
2840.3955
1047.5877
1287.0468
36.682248
7435.6903
2381.9728
2450.9159
1081.6012
437.83493
1507.2947
2113.6617
1760.1044
414.20336
894.03877
5922.1755
1795.9131
1222.2779
1259.0861
1368.5578
1054.1819
2442.092
823.48624
-744.67153
1927.4697
1483.1751
2096.6441
2563.2587
2454.7796
1752.9584
1286.4796
398.77634
1644.5171
503.28956
2058.2829
-9.5288137
1532.5562
1804.4923
941.37002
1393.5881
691.08626
-404.93901
488.58066
-550.88786
1987.2227
2017.5594
833.83707
1960.0267
2438.9564
7054.7864
681.4243
7001.4597
413.57331
1978.2312
174.58221
1879.0032
1602.8007
1904.6682
1528.3908
1150.7129
709.2718
1113.9024
1112.8296
899.40139
1643.9088
2093.9069
2017.2504
1003.6815
2002.007
98.534049
1603.158
955.2197
1144.5508
1585.5913
730.26458
482.2339
968.20509
2829.5194
2488.4747
2306.3014
585.31711
2318.7379
567.93579
107.49823
119.99171
79.997106
909.9499
-757.48424
1295.6506
1330.691
7383.691
379.95139
1860.0366
2836.4041
2147.998
1750.7214
1707.0003
1107.6526
1789.2948
2393.467
1401.2434
7467.2589
1222.6654
-317.59851
1871.757
-215.52155
628.9996
327.13122
1058.0892
1454.9461
7164.7243
-12.414258
954.09252
2730.2253
365.5428
1689.1432
116.44079
595.28618
2816.128
736.16698
680.28849
2496.4017
953.19067
1764.4865
2411.8453
-193.92395
423.99809
-18.055353
852.79759
1960.6359
939.78563
2097.8624
1987.8636
-321.66975
693.34562
913.57583
2125.2646
119.78421
861.26516
1352.5952
1320.479
1418.3376
1265.6703
2690.7762
2373.3821
-503.1933
-24.60629
1756.1179
-37.968815
7027.204
1964.5975
2637.3226
2075.3126
396.48257
638.51575
2819.5019
1576.7524
2394.6192
2154.2783
2566.6481
-311.13023
2253.0168
933.72741
2413.6204
632.51118
2776.1841
1045.8947
678.79781
619.79544
2396.4487
783.85926
1172.6774
2709.3923
1030.4081
2609.2716
943.08779
1967.018
206.55282
-354.90666
1873.7119
1051.6654
1259.2682
859.21921
2420.2892
520.7769
2706.8292
2260.675
914.76746
7273.9032
679.70008
1601.5399
2630.6594
788.29339
769.31779
618.45723
2581.1041
45.093723
2797.2636
1722.6835
2688.9032
1658.0088
1031.3086
632.76452
7120.7708
188.39922
2436.1899
3004.0159
1158.5363
2706.454
-309.25276
368.11943
1313.9142
529.46785
2489.3795
1830.0575
2506.8069
2271.5344
1829.3425
1832.7009
2440.1883
1788.5228
1424.6361
1002.3974
997.45703
2142.3877
506.48733
1484.4048
2309.4284
1736.2044
1994.3881
394.2288
873.17439
449.97596
2071.5765
1008.3063
1187.9689
2728.2693
2384.183
2358.3442
7210.0765
1591.1717
-488.77519
2745.8437
1659.7244
663.79659
815.06767
2485.7057
1123.9444
681.20431
653.67845
2627.6808
2082.2108
2555.9629
2057.8875
943.08999
2851.5724
1485.302
567.4327
564.16467
480.20533
1913.3086
2123.1786
255.07331
1158.3459
698.88514
1783.2646
1726.8737
2283.9801
985.25579
2301.7658
2454.7509
920.66484
2009.9307
-441.57503
822.60596
2527.7172
651.31197
2078.6399
1195.5038
2305.4168
2300.1704
1372.1846
2174.6651
1532.59
-778.76502
542.66437
491.37136
1403.8368
2732.5108
2758.5165
1245.2109
262.39508
663.80624
1025.983
-210.97631
702.9274
748.87586
2007.9021
2061.0133
2671.721
2344.9483
-1343.9008
72.680746
2507.0078
880.62113
2633.3772
547.88404
1193.2583
2519.177
1165.2317
176.97914
1807.3569
1391.3073
2599.7178
1564.1597
2255.1703
1877.0159
2473.6375
7097.3501
665.22838
1379.8063
1926.6175
974.90508
7200.8434
-94.067817
996.91373
2578.3649
1607.8233
883.2091
535.18281
1366.4487
2224.1644
286.28421
-90.755214
1188.6661
178.93286
539.46514
2468.0123
1951.2217
-585.85952
2244.7923
2092.2551
974.86707
1344.9757
201.03829
585.38731
1132.4883
375.32684
822.6111
1132.3027
771.2377
2352.2174
1631.2189
1836.5151
1845.1844
2365.1932
158.93451
1720.2698
1093.5054
1163.6951
861.50424
1126.2467
741.09417
538.97306
1808.5832
364.80299
-204.63906
1235.2529
1572.4295
721.21455
1641.9457
2964.7771
253.14254
1386.0523
7274.2339
2229.5547
529.09375
-237.06937
337.26127
2669.5491
2588.0669
2793.4348
2807.014
7303.8305
-137.00072
512.39388
629.60031
2072.492
1523.2999
1196.8355
977.43063
591.14409
1041.6054
7044.1188
1009.8381
913.82744
2154.0725
2637.8471
2391.1528
877.8435
2611.232
1121.9679
558.87167
1357.2945
181.87321
-549.30232
650.08836
767.21537
2777.1443
1388.9473
1384.3066
1402.5417
1171.7556
775.40427
1197.8569
1254.6005
710.89308
579.56563
-295.40319
1467.3323
639.21388
546.51911
1293.4248
2620.8233
-57.508616
2484.5037
2552.5307
2667.5884
834.89669
1990.072
1282.3792
2498.1128
2615.3118
238.99472
608.63658
1845.9013
2389.2061
-324.0202
1906.9781
830.78227
733.79287
562.21327
625.54862
2585.6485
977.88624
1227.2425
1349.6539
1675.8489
1043.6776
2689.5345
2300.6723
223.71433
1390.1849
-136.16067
431.8833
1402.487
718.47497
-323.42258
1002.0083
2524.5603
-487.32245
398.95395
2085.4732
2347.4882
2963.314
585.64632
390.82079
963.29551
221.18514
1057.3501
759.5896
2467.9392
739.10161
2143.6258
2858.1701
1280.7153
-125.73813
1313.2793
2095.039
1398.115
594.93824
2115.872
1626.1415
521.80862
1032.1016
1476.9812
2155.0047
814.86577
2386.2902
1404.9833
1383.5092
1316.393
1386.3801
1048.1494
1132.7311
1556.2558
380.31576
-775.72764
797.48055
1764.5093
-21.297357
800.29104
-36.03136
1632.1791
964.74177
2109.7786
7086.4581
318.92193
-617.94288
891.83464
1974.4618
2581.5399
2668.7108
552.88685
806.08277
2058.4949
1495.5905
2692.6934
2210.5059
-103.16237
1838.3519
782.31257
1663.3144
1232.8418
-274.30237
1489.6337
522.85075
1608.6328
2554.0874
2484.5615
2411.6373
1493.3673
1226.432
2455.9929
299.27302
1093.7176
1458.9001
2728.994
2679.9613
627.68817
431.06623
7035.5018
1143.4563
2098.1352
-97.81754
1850.3415
-303.15293
375.83185
2414.183
303.58085
2196.9842
1722.9999
2150.6709
2556.7474
204.00073
2226.6075
496.44439
1722.7971
-287.99509
1733.0186
383.64944
864.46524
1542.2314
1036.1338
2002.2645
1542.2546
690.52454
2081.7469
1846.0292
2396.7648
2159.0072
-783.80067
108.49992
459.739
2153.4049
2674.8632
1581.2707
1004.9794
1577.3806
859.60218
262.11825
2345.6511
1292.0286
1326.2862
1256.0449
940.80184
1487.9228
1053.6777
1612.7438
619.61095
1139.4152
1044.1984
1247.4146
-681.29165
2140.2315
412.62888
1821.1156
3322.3611
745.81626
2.4514056
1075.6806
1081.7949
1636.318
1229.2179
2241.5772
2381.8899
1593.6882
2799.0401
1321.4143
1394.0094
-159.83156
2766.1964
2071.2703
528.67234
1080.8653
-343.5441
2455.5048
-1338.5728
1372.9474
2225.6242
173.30934
524.26129
804.66365
-322.35864
482.5174
2695.3052
1049.8862
2460.508
1664.7691
1501.9444
2605.1818
2082.7155
1594.3821
721.27693
1098.1483
7035.8527
2743.7979
1307.9304
2172.2124
888.06061
2227.8721
1059.4613
211.54617
1505.3414
1323.4557
2002.1746
527.62193
1858.2825
2013.7334
1550.2195
2491.0408
531.93291
1518.3085
587.10147
-88.941808
-171.87858
1144.719
2175.5537
960.00058
389.28437
1019.8883
1492.1599
1561.9562
1797.292
2723.5144
1464.0417
1879.3344
1075.6114
758.54148
2321.5077
1281.503
2751.782
1008.5933
2716.5445
1374.9736
1101.3902
1507.6605
2154.5746
1435.7535
1999.5663
980.56579
611.44675
1106.6424
2284.0027
2494.4937
96.003139
834.99201
726.29893
540.0501
382.06941
2371.9364
1344.1871
1907.152
7316.0986
2732.1915
1501.6323
-45.685541
496.85396
2009.9114
2792.0299
791.1738
2104.7083
689.37691
847.07568
1588.487
990.23049
464.87512
1372.0807
1588.4839
1601.1707
2158.9171
811.39709
338.53961
2367.8621
768.00264
2511.8679
785.44623
2533.6579
-646.588
1068.1473
693.47016
2608.4853
539.60933
964.6743
1942.8067
1050.8147
784.68186
1915.0548
-322.04097
161.37916
2364.5329
798.8864
2420.1648
757.15718
-461.65226
2119.8888
1973.23
1937.9704
1881.9937
1648.7058
2476.2005
2550.7594
299.66705
1492.9654
973.81509
1402.1713
-111.06477
1355.7197
889.29846
1562.6462
940.24789
887.73203
852.17376
1390.0395
1316.3275
2255.8778
1702.2859
2635.2096
2745.0904
1557.1246
7054.7976
1393.2961
1187.0737
676.45948
998.83476
1470.1907
1497.4071
-320.78252
-771.24355
1507.6059
498.6692
303.77679
7021.1797
2526.5345
-355.00887
730.00561
734.01668
1882.7387
1500.3306
-181.46797
2511.3305
353.02864
-122.59355
1401.0032
1540.8926
575.20253
1232.3802
2168.4114
1957.0753
546.09711
1659.8059
761.18973
220.81536
897.97934
2123.4591
1260.514
638.19955
590.9852
-657.54825
229.1786
1005.6125
2695.8372
1450.7043
809.2298
2323.2737
1282.0252
2109.3135
201.58382
746.04571
939.60092
229.57583
1273.5707
2271.8491
2060.633
2551.7083
1690.5988
2145.4782
2605.5478
957.04971
578.16082
1268.4519
728.52433
1574.7759
82.202983
845.93056
766.39322
148.59498
2149.1753
2397.732
-169.64878
2975.4236
1981.3863
-62.707922
2341.5757
103.07567
556.82799
2060.0201
906.08377
654.2543
2778.1104
1479.8156
1723.2256
1751.6617
2249.7287
-603.12484
1980.5653
808.94387
1793.7496
1382.3949
1281.7556
526.15893
1782.814
1491.346
-160.61407
1857.5484
4693.4673
-367.34038
1714.121
2718.3551
1117.6043
-27.641385
1178.8276
435.78159
794.87713
-224.86106
1301.8356
1409.995
2097.5975
1416.1732
2737.7512
1629.6222
2029.7553
112.84908
7152.82
1079.4476
2319.016
1709.5284
-60.790437
2413.9601
879.67784
1371.7402
2468.1214
2395.4112
-10.099107
510.96301
84.067752
7021.7
913.58857
2146.8249
852.86045
2389.9749
823.27297
-894.06742
-451.7461
547.67906
-654.67179
1728.8063
2176.4393
2334.1722
2906.1203
-30.403277
2713.6979
2380.2618
2746.3768
433.43234
851.7597
1265.6198
560.6582
679.75013
2726.3864
1883.3443
-369.97359
1333.9778
2592.5811
1323.3737
758.05788
1494.9522
1301.5634
379.5781
464.03675
1546.7108
1563.3584
-17.437574
2335.1241
1548.2354
1542.553
2478.123
-255.56862
2900.7664
1684.2186
182.67578
1532.684
1473.1756
820.77204
1029.2269
1875.9122
1591.0387
297.10359
2347.6525
2028.3425
-186.03192
717.09899
477.45799
1114.9254
485.70815
1524.8811
677.75935
1239.7814
1397.8846
2331.4423
2535.8715
2789.9161
988.20967
2192.3747
6356.6573
-286.32898
2956.1032
926.134
138.61549
553.40575
2273.7643
54.957579
496.191
6934.915
1063.2018
-398.89829
988.9971
2504.7603
1182.0949
2430.6543
1589.1589
1510.3044
934.18295
1348.5144
6841.1339
417.04478
1405.7177
1331.0684
35.250908
1115.2139
-6.6087206
1176.8483
2698.4699
1777.5806
1996.0312
1110.2696
2453.331
2712.5606
1307.5899
582.37983
1569.1032
2055.0469
1963.9633
2111.6294
7375.9732
2004.6152
313.51684
-307.85273
343.77319
7059.8878
1957.7223
948.35815
2106.2352
1996.7496
496.27685
1602.1817
2236.5154
2739.3798
2799.0101
1945.9105
-272.89039
490.68694
2062.4167
-172.77836
1279.5291
2767.6528
604.93107
2325.9405
700.74686
-1275.2956
1172.1789
2675.6272
977.13597
-29.20861
2510.2463
2037.4662
-562.87971
129.59485
1431.8161
1966.2881
2235.6394
966.96045
1334.6992
2341.0418
4747.9918
2603.244
1482.3582
232.55377
2390.7707
1618.9057
-204.84552
720.29337
821.92999
7066.8978
1195.744
2807.5443
1960.4798
695.60507
7081.9418
1614.5119
1006.1799
1424.1691
858.44097
2543.1784
555.90751
2152.3559
1067.6836
2233.5102
1005.9988
2651.435
840.74811
2035.7516
1135.3067
2408.3448
7046.5341
482.34888
-365.06862
990.15271
1705.9898
1500.4795
-93.124932
445.51014
1984.0055
2524.9271
394.48227
1687.1887
610.58206
1020.4579
-322.66161
656.13988
676.44116
2129.9906
2281.2316
240.61142
1057.6366
1565.8653
2525.143
2753.9282
115.77224
232.54416
2272.9294
1124.5317
-306.44314
623.17537
299.51383
2746.9367
-156.71329
2831.5576
1449.4192
2290.3695
1591.1137
1433.4927
1271.1112
669.01255
1876.1949
751.23168
2723.3226
620.10936
7219.6319
2635.8456
2375.9212
26.251904
914.79926
1478.9608
1523.8675
2846.8267
2450.9129
1892.1156
1828.3478
518.77547
2830.7272
526.94452
1959.7675
2802.5493
508.95419
1391.4097
1448.0392
656.09094
673.58839
1671.2526
2598.3637
552.28696
833.77293
248.51283
1597.9495
825.87076
1080.2885
2201.8254
7483.5951
550.54536
1317.5813
964.16198
5163.7509
2305.1831
451.95509
1059.9256
1145.5622
38.199347
7107.2964
2735.9387
819.0887
2183.6037
-19.525973
714.83554
763.83094
1662.8626
1051.381
2155.921
735.8636
2514.168
2611.4657
616.70848
7135.6834
1235.5122
2718.1623
1389.6378
1296.3593
2053.946
670.95663
2023.5314
472.83302
246.51438
2552.6103
2512.5412
814.70475
1312.1596
2599.7192
1462.6025
877.45307
2620.8464
1643.1665
568.22425
954.28835
1172.2027
914.39519
695.67044
615.26662
7611.0524
453.24617
435.49307
7420.1669
2004.479
1997.7677
1822.1012
1611.6025
576.53153
212.32995
2961.3356
198.71919
1994.165
1514.4694
1098.8171
1080.4278
1973.8673
2491.979
941.36558
1424.2529
2600.1909
-191.36736
-405.34997
791.68705
785.73633
2345.5714
837.30718
-426.89809
743.31052
7106.393
2235.4194
124.95266
2260.7635
2685.546
2444.5584
533.74692
459.73094
1232.5843
-446.5473
168.72304
1524.6323
384.32841
2447.2534
1552.9398
126.88423
1071.1677
1071.6418
-443.55811
1413.3972
1985.2785
2541.4313
1490.5091
1711.4992
1005.9563
589.35728
7178.1498
2070.3991
-21.385626
-738.15188
726.22124
96.093036
2080.5114
624.27371
1222.5761
452.01922
2083.1267
1309.9196
2637.7872
708.68171
680.38198
1770.4855
1562.9833
425.35485
2886.2748
-574.3807
2657.1309
7236.8503
1661.848
540.82118
580.00477
466.38193
2203.3496
261.54849
2034.9565
1714.2584
2664.3418
1162.1075
2853.3344
1708.0696
2457.5342
2573.7312
1103.8794
1137.8294
2276.2162
2605.0647
894.93968
1412.542
1193.2364
2678.7617
2192.9772
2568.0105
1686.8548
710.9499
2353.0205
1791.7694
702.82992
446.35031
1100.4286
-387.84773
-194.17099
7241.7425
731.99448
2067.8947
-331.61323
1075.8182
497.94736
1656.1439
1472.8674
523.97938
2083.9646
213.23301
2154.4157
2026.7714
6548.8319
-62.501935
1054.6559
906.8504
986.59585
623.38007
-739.33254
1763.0305
2430.9753
2034.7242
471.51575
591.8838
6677.8478
7021.9374
608.68226
1300.8923
1149.543
839.93276
674.26268
2030.9045
327.19659
2657.6465
771.07156
1383.8904
2734.8352
543.04963
502.18627
2563.009
817.37994
784.87142
2370.8067
-45.209381
447.53506
251.99357
2302.1317
312.56253
819.85167
2460.7691
1774.8027
1303.6822
2410.7599
2693.2343
2794.8367
1885.7921
1419.3475
1423.8456
459.42007
1260.3561
919.10155
7369.8018
981.49196
2149.0597
1934.7004
2034.7606
1110.0517
1124.6523
650.65431
361.19428
1855.0584
1468.6398
1559.0333
1099.5834
1550.147
7184.831
2719.6578
7186.3381
402.88409
-32.502798
1888.8668
254.24063
1443.3552
224.14045
524.81899
357.54776
941.24437
1925.3256
198.61817
1452.7617
2476.3286
2881.2933
2555.5522
2130.1077
-486.91744
1116.6077
175.898
2466.3503
2485.713
747.24056
2088.3862
1729.806
1370.2782
2055.8973
1523.1527
2239.5104
1423.4765
732.17837
1784.8314
1101.4231
1446.3996
1332.7887
2699.1099
2248.718
1222.6717
1467.5956
798.05671
1996.5224
1959.3401
1983.7442
776.77117
444.53467
-695.00189
2223.4652
780.26183
547.55511
1118.1875
1486.7781
2537.8558
2812.9209
626.5521
1876.0848
1039.2457
736.7719
-184.56048
154.65302
133.19688
577.78872
724.7615
2257.6304
1558.3421
-359.83779
326.25691
2253.8526
1333.7358
2599.4467
921.01115
7030.2074
2549.1634
556.28729
-213.89919
1537.4646
1035.4672
1264.0798
2159.8188
-97.316006
2294.2605
-430.4457
886.95352
1803.0493
601.24838
2616.7475
809.57766
2735.6368
2059.1454
1609.4272
2069.5731
1532.2601
2248.6626
-358.13498
2261.9616
685.85295
1974.4351
1226.7944
1079.0834
2060.1374
584.85217
-304.90597
-245.419
1631.9935
1550.9041
1880.0721
2648.8675
593.14665
626.60741
-675.70016
-44.30192
2708.0886
361.59226
-1130.1763
1964.8865
863.61393
944.78793
808.17779
2382.93
1636.6119
357.80525
1611.5734
2099.7373
1182.2251
1493.2145
380.57729
2344.5244
2471.7427
2562.7045
-746.39098
2355.5092
1412.7445
2255.0749
2343.4501
90.650723
614.5421
2060.7752
980.53122
966.36369
-23.952062
400.12456
1729.4669
2653.3861
7359.8796
891.82978
2758.4082
2548.4547
-291.69587
161.29724
1018.6703
640.16998
2788.2109
512.36782
1899.2422
550.51671
781.37904
1916.4241
533.17734
463.21561
1649.3049
964.33136
2676.198
2005.9188
50.272516
2501.6468
1468.503
3169.4873
1357.7541
-283.56854
947.85738
1041.6564
1384.6267
2758.6213
2648.4579
989.14624
1020.6421
2166.101
1128.4927
2031.4288
2154.6512
2069.5251
857.40012
2779.7241
982.35078
891.39067
246.90976
881.14851
982.5051
766.89987
73.264933
1289.4768
2512.7776
1299.2351
1711.3399
59.356157
645.39255
961.7625
35.282874
2476.8209
2391.7194
1985.6565
1357.7457
1248.1791
1149.8408
2503.6919
2275.4451
2457.697
419.5624
839.04896
416.29059
825.24358
1295.8572
1328.5352
1355.8282
547.44579
754.18563
897.76064
1125.4606
351.94797
1389.7256
989.97865
2101.949
526.92769
1898.0102
1104.4692
-457.13331
790.19562
-472.71118
1481.3706
1264.7585
2185.5431
2176.3584
-181.94239
2196.3233
1132.2717
2892.7914
550.86949
173.65139
1209.2447
927.95028
475.3858
1074.2104
598.27557
1123.3574
147.84896
1566.5034
7410.3496
2024.4476
568.20286
2888.2486
2318.4282
2848.7282
1782.9914
1607.6433
2882.851
2462.664
1509.5898
6610.3861
822.93241
2076.2878
1539.1575
1245.1696
1689.501
-791.3031
2093.8356
96.14044
1211.789
2174.4235
710.33939
685.03386
1245.3856
1955.8133
529.84285
496.9136
1457.5001
984.18668
2399.6366
1194.1934
2864.1861
146.00651
2359.4912
1469.2945
1147.7967
2209.2684
401.76765
2320.1724
363.40535
1828.0464
-144.97848
2124.162
468.7798
1685.2491
1686.2761
1027.7979
1198.0772
1729.0122
1099.4961
1601.5668
128.62893
2287.2847
2774.2838
543.35185
2370.0642
-172.91488
298.07478
1621.1585
2067.802
2229.2122
2942.8437
2048.6563
1501.4648
1275.8068
2056.1198
1605.0186
143.60163
7098.3586
701.24157
-626.0447
1382.649
2765.5251
458.11997
231.40925
2565.8072
51.431815
2277.1839
1658.6172
418.34672
-772.49949
2184.1415
469.62724
602.56124
571.34051
2773.1686
2814.1189
-20.532461
1535.3635
2455.8773
2312.7687
80.361933
1993.7454
1669.4463
1857.9888
1332.43
2687.4646
1893.8088
803.50458
797.06412
2228.4418
1297.7485
1343.3931
-702.87807
1203.1021
1008.0142
6773.6428
1324.6473
2389.0925
2302.5113
857.55379
963.80603
2732.0662
2043.8215
-28.023773
1451.1893
2085.5479
1877.0833
2061.5934
1528.9657
401.85957
979.59852
2494.4456
7211.2471
2385.3701
517.02204
730.36386
-327.39145
1881.0466
1207.8454
792.26107
2095.2035
976.8797
2047.6905
1962.6137
2402.5463
2495.0524
406.07266
656.0572
759.68853
1104.4374
2172.6853
867.18092
2784.0425
2160.2032
7003.7279
-672.2191
1102.6717
1580.2575
1360.8095
2599.4562
1323.6093
1336.4363
-116.83885
-168.48154
1630.5966
2754.0769
620.4066
1045.1038
760.42373
-209.11065
-733.91793
1797.0431
2669.4727
2595.4634
2759.2353
653.46169
2072.0182
1384.154
-158.08721
933.11034
2560.4549
1959.5298
2207.2788
2534.7734
388.62662
1413.5313
1895.1434
2728.2016
125.2558
905.44977
-149.65493
1753.9659
378.0711
1543.8643
-119.368
1733.9698
985.66802
734.7557
693.97518
2209.4273
1419.6943
13.080464
2181.4433
1783.2413
1864.0004
778.49294
1232.1106
1405.714
7046.7341
178.73997
1163.2308
129.67158
1643.7726
2182.2347
7017.0193
6946.9
816.39442
2014.8432
1444.1049
1748.4715
3137.0232
994.98319
1333.3343
1483.542
290.80595
-751.73427
2628.8838
1759.8196
-94.251615
523.71029
1628.4691
716.54299
1175.981
1583.374
1412.354
499.4865
1279.0643
2376.0403
941.80255
2045.9975
313.27087
450.99756
740.73658
1156.9628
1318.3757
1839.7154
1205.8271
2171.5541
1578.2082
1383.494
1123.7307
452.95801
-22.092283
-214.02845
594.91495
1067.4188
699.89373
1332.2385
2257.0773
2597.2272
1630.6186
1484.3359
828.73503
2427.6273
119.70308
2216.87
2272.456
293.88771
1125.4949
2723.7281
1534.2487
1276.8276
1211.8696
7009.8092
1332.9778
2340.5416
668.96775
1164.7688
1713.9568
1550.0098
2984.4809
7063.9101
2634.9949
1041.8252
7130.3415
1231.9542
1459.2602
1887.2835
2602.6907
-265.66723
1559.6059
-210.10765
1416.4798
493.07052
2416.0534
1076.3341
1226.9524
1014.5952
768.95131
165.63299
871.58311
1665.9153
1968.8447
2803.4621
1053.4867
1222.8634
2094.1478
1097.5229
580.3577
1210.0935
718.87906
1304.2912
954.29903
7103.002
1003.0883
1362.8418
1947.5742
1708.5896
553.68031
1229.5775
-382.22719
131.88946
1554.0119
687.94521
1467.6377
577.22273
664.36959
1085.7713
299.31855
2924.6689
1973.7978
363.08439
2216.468
1047.8872
2678.2508
1717.322
576.70857
866.64413
1712.7812
2205.4358
1041.5382
2360.8796
377.26568
1612.1878
2306.9431
541.79698
846.31118
1002.9697
1097.9535
2857.206
265.16236
2817.3017
1754.1293
1004.3009
859.37537
699.92695
-297.32543
-354.96356
2274.6731
7046.308
118.10132
1988.7824
2507.7813
2430.2864
2793.8044
7053.5443
593.13375
219.68505
1160.6883
7214.934
1203.2629
1590.152
695.42609
1943.7141
7341.2102
1288.9965
637.04908
717.86595
-197.13538
-664.59954
2035.966
1359.8524
594.3187
1024.2902
669.0636
-18.799344
1857.6565
1009.836
1475.2642
1405.2847
23.489144
2535.2387
-153.2047
1150.1747
1466.9049
2269.3014
2781.8034
-295.36038
2001.0461
2544.4548
882.06061
1425.9858
479.182
963.95025
1415.0922
1645.9278
440.46808
629.3404
1181.403
1541.1707
2039.7644
1137.7048
2063.3648
1628.5967
152.10362
314.53662
693.85683
994.00566
1199.087
1972.6288
1097.3803
625.31992
620.19714
7302.4317
1020.7342
376.74153
436.46
-313.3743
2775.3587
347.88397
2491.8088
1619.4295
1720.6046
2101.3749
2510.6552
-406.97103
533.20767
417.97588
1573.4801
482.48249
1052.7111
1813.8951
1594.44
2281.715
804.12964
1433.8144
1683.1388
100.90708
1480.9544
737.32692
2732.4964
1700.0066
1751.3549
7162.6209
1993.8758
2369.5794
1631.5597
1231.4027
179.06889
2116.2369
1339.9416
2758.0854
784.75418
-67.583883
143.39714
522.2286
2717.163
1240.9391
1148.4361
6998.9887
928.68073
2225.1848
346.44485
1406.4195
2099.141
4987.4666
1693.2624
2573.3011
2720.5271
758.06068
2813.4136
1230.613
1117.3016
7435.9067
618.57372
784.95626
2804.1575
843.6753
2465.7469
1105.3899
2569.2765
1680.5399
6958.977
-608.9606
2665.8962
174.85609
2749.4089
1233.5626
7053.7687
-294.75826
281.90524
709.02558
1047.6115
1404.8484
728.56319
2998.5033
2188.0972
2201.7285
1671.2534
1510.8834
2816.0433
281.24526
2647.2789
1413.2867
1514.116
2952.1112
2306.3543
938.83913
-651.29399
2622.7041
2822.2608
1623.5508
1956.0727
181.2643
2496.1781
1137.8947
1572.0468
1942.391
1286.917
1472.2675
1588.6032
2620.3059
-151.75673
-106.89541
2709.9599
1676.6947
475.57808
742.04998
2319.8233
594.89326
1497.7453
1652.683
908.00392
2508.9393
420.33257
1046.345
555.39836
1228.9916
2692.0045
2241.4024
6203.2567
1754.6522
1126.4815
1961.0056
1445.2185
2534.4053
2559.7909
1013.7497
2457.071
671.78549
7392.6585
2378.73
1067.3418
1040.9131
2212.8489
966.91595
1732.7021
2172.3664
564.37995
706.7226
2590.0219
2277.6413
2129.049
1196.5151
2042.1056
1597.6004
1078.473
2017.9762
2023.1029
-223.25751
2521.6574
1277.0458
-81.313866
666.29845
1453.969
2050.4598
1390.1454
1310.1673
1158.0115
360.17204
2054.131
-169.15738
2021.3521
690.14129
661.9959
784.20444
2161.0745
-22.103326
1059.4572
1409.2452
1883.1122
7536.8487
2229.8791
-165.36572
157.5547
2221.8718
2404.8168
1989.7416
992.37768
642.79057
95.149302
2293.7699
974.30476
177.65662
1148.629
893.26752
1979.709
2103.2377
1089.4212
1185.1493
-259.65042
2285.5498
306.21403
2248.733
1430.7663
-157.54809
800.61287
1239.5065
267.23277
1707.2508
1063.6381
303.59296
1124.523
1090.7852
1650.467
2896.9053
2378.9299
1987.5637
1709.3902
783.10853
1382.8406
1858.9492
645.90524
1446.4471
-680.50274
2441.4851
1409.7111
1578.9747
1786.8986
768.40814
1678.3179
1451.6168
330.82246
800.8885
625.4111
2907.3262
1508.0948
627.09007
1977.7879
1033.382
-98.142703
2348.321
-677.37897
1498.1705
597.6293
480.30026
2054.8918
-290.0364
2405.5776
2673.7957
1055.7246
862.14005
99.057458
385.93998
-646.12932
809.16502
2008.9532
1722.2542
922.94736
2724.9638
1252.1956
1595.8585
503.41532
128.65951
-650.01473
655.92744
2386.2455
1904.1629
2689.1567
1148.5049
145.30251
2356.62
929.76753
2191.0574
7257.3382
293.28598
1454.711
1259.8336
1542.8928
7030.6745
1070.0349
342.00187
2817.4964
1924.6769
655.25471
1789.1758
1237.3009
583.96042
917.10867
1066.0345
507.08741
2644.3831
401.53705
716.45111
997.95822
333.16094
-92.667642
1502.6196
-237.62229
918.77662
622.78615
1644.6182
1952.1788
685.53005
1955.6888
2359.225
1146.3407
-165.71955
754.50522
1776.7396
1255.2749
737.12536
2696.0022
1633.0993
2775.5763
394.20772
1721.9276
1662.0819
1078.5882
1249.3361
7096.8926
2327.8956
-459.94644
272.80747
1278.6058
2306.1935
1257.3482
2561.1639
694.6178
260.84752
2267.962
2134.5325
162.08103
1058.631
912.86669
295.62452
682.23548
1827.2569
1484.6652
480.13634
-113.14907
1396.0283
463.77816
-285.456
1878.9019
2171.1769
1911.2257
2456.4762
665.03371
2564.9171
972.82968
632.60482
2610.7942
-713.45686
133.38421
2588.5656
2456.3448
825.68712
1586.4767
-88.504921
1126.4171
650.31805
922.89431
718.46451
2205.1638
1000.6387
942.38349
2444.8211
2106.8817
1372.8632
55.607967
-279.71913
1876.434
2105.0238
7230.8164
1996.0141
441.54349
1088.3968
-80.726538
858.6791
616.31986
304.71609
1656.9097
460.61515
891.69316
2169.7059
1680.2459
1709.2362
7174.0513
945.28443
468.09622
809.58483
1893.075
-212.96739
496.1519
2208.8932
505.60441
1718.6763
1914.7555
1080.9745
1431.4993
2007.1838
2058.5918
928.97003
2116.7404
881.7521
2025.7602
7572.1425
1691.5509
1215.12
1312.1073
200.34868
431.00278
711.46602
1205.6665
1488.031
593.64806
1403.6895
996.6744
345.88664
64.886425
-216.4944
1290.1803
1177.8161
1995.4777
1626.5865
2830.7818
386.27739
574.71035
2309.3576
784.2164
137.69321
2320.103
660.03602
1184.2961
918.70257
1732.0219
726.95828
2465.5554
7506.1851
583.90369
1469.8821
1719.3189
1720.9711
1276.6674
887.25464
1860.1286
2068.198
228.64525
301.29901
1723.086
1814.1064
1020.1755
1994.2418
1662.6507
2230.4163
939.03017
2172.2223
361.50477
406.3906
2524.7481
2588.2844
388.16206
7041.5796
1205.6812
1625.2749
2142.155
1036.1197
846.85023
866.66439
2211.8261
2663.5503
709.45198
1705.922
612.40092
1880.8155
1621.5349
1325.1875
681.57393
1022.08
1573.979
2795.0125
833.28971
987.55343
6986.7597
371.20536
1428.4041
2074.6541
1480.5504
919.15763
1854.3289
1994.1154
1547.8806
2630.5967
7139.5051
543.39779
2713.3198
7149.2987
2520.953
2370.3339
2544.7782
2631.909
1871.904
-2874.1272
2830.2883
632.59992
1918.2275
2313.1432
514.75831
44.724992
303.96716
17.242186
1385.4077
2362.1632
712.32096
2798.0045
-788.95572
1038.6964
2454.0752
136.76388
-646.01594
1430.3462
785.58607
580.83573
1709.4996
1596.3047
1954.1726
1538.4164
1762.1384
2527.4306
831.08444
2733.4536
1937.1103
2413.8358
1246.9723
16.836263
1669.2194
1201.3862
1440.7832
2504.1227
1962.2964
2302.9354
-234.44041
648.5215
832.95473
925.71072
1632.5473
1680.1801
2655.6583
1804.8197
562.78984
1098.1554
2749.2972
2340.6511
1038.3882
1806.4777
1772.8266
1407.2476
2824.3507
2254.6216
1211.7734
516.6067
284.3658
487.44717
1563.577
21.560704
2387.2775
2507.5435
2003.0824
-61.273862
2744.5489
2254.9354
2734.2876
2255.1392
894.31333
1784.6221
1029.2964
2867.8304
2655.2357
1970.337
1992.1516
1613.998
-550.81677
1603.6194
1442.7462
-370.5817
371.48856
2315.7046
774.08636
-405.42871
2688.7996
1791.0406
2478.6741
182.00666
1386.9115
-6.7447795
1752.4537
585.92335
578.95197
816.51672
1550.2345
2196.0336
1099.2034
647.21065
1039.1887
745.71615
887.75515
-266.01201
183.36344
1969.1748
1892.4142
2514.2253
1728.8527
1330.4874
2323.2727
2089.7266
512.95574
2397.6356
739.15075
2078.1028
1021.6971
1468.7466
2366.7126
1758.2186
-768.96489
1251.2766
821.47098
907.81675
2875.7823
302.89877
2556.1935
-62.466515
1824.6602
1266.1795
565.97846
1144.2986
2124.3544
1956.7182
2775.8263
1696.8472
1560.4779
1928.8147
1864.0597
2822.8371
1724.4239
293.49534
-155.97525
1362.297
1120.5517
1420.9683
-375.78487
420.84288
-354.1854
1764.2157
636.81453
579.62068
1408.3129
2646.2527
704.67882
-677.31492
931.71665
2459.1916
883.81168
268.48613
659.68138
1605.9002
1377.3511
1953.9186
1981.7972
-110.04404
-223.92491
883.38345
1214.8477
-230.87466
477.52084
515.42415
921.22624
2453.2099
1970.4721
395.32368
2132.5006
2623.8302
4523.466
791.07118
909.47205
910.59016
2293.2046
1898.9209
1588.0781
-130.8145
7102.1918
1323.0524
2205.6077
1421.1188
7436.5268
1035.5225
1013.4998
-123.74489
1499.6262
2789.0664
1984.6086
2332.5892
999.22092
1793.9197
571.12417
1373.6696
1466.9336
2634.8388
1473.98
2873.6894
-577.76976
751.90721
1915.3733
1775.0939
1664.0805
-28.255301
780.92925
68.066816
1815.7455
1344.0596
1040.3207
1499.71
2288.5273
845.45974
2481.3451
1030.1997
1710.0577
348.80433
2478.6887
2202.0922
-229.60259
1948.9454
2022.7124
2240.9002
548.04404
7116.3356
2396.2984
1306.9157
1107.8475
2486.9811
2572.6614
7574.1459
2426.9983
2289.8286
2293.8657
2403.4608
1447.5099
394.37433
359.83353
1606.3618
2063.2444
690.49567
2381.225
1723.968
1013.7645
9.0614795
2445.1369
2486.2062
456.50356
1542.8984
877.02212
2064.9109
1612.8625
1419.1139
2178.0037
2008.5651
880.01315
1830.3146
876.43876
1559.1562
6890.9004
1155.8582
1256.6196
1663.5691
2945.272
1371.6162
2100.961
1960.2649
1841.6192
-374.02649
1178.6026
2406.6297
745.87048
620.09698
1874.3612
1223.32
423.79638
1922.7343
1190.1716
394.15678
1543.3407
1390.7729
2800.3204
931.76455
2776.7453
2521.1284
787.11991
706.54728
1072.0068
2805.4578
2519.8568
1337.2034
1154.0504
-222.68026
1087.6749
868.62564
2756.1869
511.28481
1839.0718
924.67728
1127.0656
395.44797
1689.0605
59.241675
691.98387
2497.9619
2444.9077
559.08083
7305.3813
1425.3143
1582.9179
953.57777
1687.2295
941.24881
2028.4756
706.11249
1507.4512
2297.5983
517.86977
641.29235
789.72588
1394.6111
2587.1698
2015.7756
1039.4857
1325.3989
1588.9075
1486.6224
1187.5997
2846.4018
2723.71
927.81025
2248.2494
2868.2812
1342.4832
1819.5298
1645.499
2738.6826
2512.3495
1199.307
1160.9517
-142.48177
1965.154
6762.6945
1328.6744
2630.1308
814.40931
-1030.2434
1143.6198
668.70749
2073.8635
2131.1097
1897.4609
2209.4174
1709.2554
1385.4447
2722.2403
1437.1192
966.63714
1379.2349
1679.6255
1877.0401
815.8444
377.85528
822.42125
2237.4668
-290.87232
2248.0007
850.03282
2377.8902
1016.7489
-25.44052
567.88158
342.04311
2580.7062
947.38774
371.31675
1097.4377
-270.20225
2568.8421
1310.2946
383.68152
577.90284
2400.7524
1509.1903
774.06556
643.19289
1802.3957
1026.7574
2323.2813
935.91804
7152.3818
785.17015
2065.4585
2369.5617
2304.0561
995.8627
2633.2662
7157.3999
2695.3993
1069.9463
515.7085
2072.3196
1664.5431
2554.3139
251.18437
2131.747
1764.117
1293.0561
1187.6257
-733.26408
1459.5187
703.55347
773.75057
1261.7553
2362.7245
2768.1223
810.02125
2686.9188
2816.35
2753.8691
133.31883
2614.5875
1246.0245
1812.1365
764.68771
-315.91932
1236.0353
714.16518
2111.1778
1789.4452
661.68091
2176.3504
2242.7528
547.74855
2566.1789
1402.492
1393.2622
2328.2856
1947.9204
2309.0504
6.5550453
796.45623
749.30824
2109.8799
1209.4618
938.45451
2662.3526
634.19782
2186.6764
1673.1054
-457.08281
1021.9763
1468.8258
2345.4943
1525.8007
1280.5765
874.68041
969.30694
7160.6043
2711.7981
-14.912239
3009.9403
1951.5075
981.42131
725.5007
419.38714
2777.0852
2372.9497
2222.8674
1913.5361
1732.9884
938.92244
2772.3789
2501.7479
1189.749
399.13451
1686.4394
1358.5421
7469.8894
1558.7637
2465.0185
1845.6327
1294.4834
2371.5195
1997.6793
1746.4484
2474.7169
1740.9627
1790.7084
2127.8436
2358.0341
345.22208
1098.8217
2193.4461
2578.171
599.82969
1802.7383
1945.8891
1015.7101
455.33125
86.323114
2865.3437
1150.2766
774.2887
7435.1701
2944.0708
1413.668
1096.167
2403.5557
2096.1998
1736.1535
749.21652
1412.2197
1712.6646
-74.191658
-116.25969
2660.5861
1038.1868
2100.5336
2408.0255
2600.1722
1202.6018
356.16391
1174.192
2216.5563
706.98472
1389.9668
2005.4458
1760.2089
156.05649
1507.3767
929.38489
1856.03
1753.438
1153.8787
2670.4959
61.223414
1455.7546
1773.108
2136.374
2207.7811
2174.312
2086.4823
2934.2138
1516.4355
2723.8224
2146.5452
1298.9531
1595.0212
1307.6051
2705.0649
481.16879
1485.1215
451.90622
1224.0908
2638.0344
2026.302
2218.7065
1635.5511
144.47561
2629.7002
1585.4112
2031.7391
1466.4388
2324.0298
1623.9902
782.05441
1243.0416
1857.626
1435.5782
2113.9889
653.43368
340.37864
1425.1486
2689.6564
1349.2678
2120.1861
220.65356
2383.7828
858.3549
859.56546
2971.2223
986.793
971.74493
1445.4898
1851.6172
588.52975
2429.5468
501.6196
2171.303
1468.1967
934.46712
-42.712894
495.36207
525.75449
2849.5893
1392.6996
2706.1175
2548.576
7546.4832
2086.507
2147.2183
2577.477
-522.43991
1362.6848
462.78408
3088.6271
523.72733
1236.2478
2975.6655
-172.71865
169.2835
1025.85
881.93899
639.97679
2493.7496
572.71989
1955.889
7140.6757
452.67362
1181.0181
1322.0544
2434.2087
2240.1067
2116.0302
326.7438
1693.172
2830.7287
2412.5619
2218.6007
380.27289
434.53844
7061.8564
1158.1833
1724.752
2345.5741
-226.9665
1271.9884
1725.1704
1615.0332
1022.1145
2880.7285
930.79931
1126.8693
1664.3849
1434.5191
2557.2751
1912.6019
1668.5173
488.66055
1019.0809
889.70167
1120.212
808.01855
1964.7621
2754.8573
49.262107
2227.5297
1661.0833
889.88942
1904.9427
441.04561
803.08966
1031.8469
1866.6552
1014.6638
1114.7872
456.93695
799.1344
303.62806
7050.5091
-97.777416
2280.8619
-430.48547
974.09552
259.65714
6727.2289
692.04617
2057.2411
1930.9984
7623.7665
1835.5573
2799.6055
2361.622
2133.57
2578.1819
379.88807
2162.9656
856.16186
526.47486
607.20762
141.73017
1872.223
681.21569
1953.3095
1971.8804
2693.0091
1379.9483
-276.08041
879.17598
926.94729
616.50962
84.744719
-216.38309
390.03776
1835.7126
1411.3903
1708.3067
489.4993
799.70154
2427.494
1058.8443
1171.0975
885.4735
2777.8215
1511.1391
1175.3173
1655.32
766.04439
3.7624481
695.58415
707.44896
2397.7762
19.320046
586.25733
2590.376
1960.4984
588.19404
7035.7015
-309.82199
597.4144
27.015594
630.28573
1985.9501
-3449.4111
1084.6508
6778.3164
2618.8412
1228.5687
444.31657
-30.494215
2081.9525
807.70719
1767.6193
2514.7406
2249.2512
2379.1402
856.62786
493.48757
793.25476
728.96999
2331.7271
256.16256
166.0248
916.92381
486.58423
1031.8414
1723.4676
2750.6538
7069.0533
788.97654
311.09714
-47.920606
143.96655
1921.5318
676.06195
518.50405
1836.8261
195.728
1010.5652
95.420732
924.92748
548.28366
2335.8645
1117.5979
803.1089
-616.5972
-687.39096
1242.4384
1976.0064
529.37102
319.15487
27.670886
1555.1048
687.36568
1189.8443
2063.0565
7540.0186
1827.2252
1136.8958
1936.1641
1151.6271
598.78177
2069.293
814.81008
898.32417
586.57485
7564.1342
2811.1347
2336.4554
751.56121
3143.5981
611.77752
1360.6516
796.71458
752.67195
2346.5946
919.0773
2572.585
1506.8231
413.8517
7035.5066
2698.9521
1361.0752
354.47862
1104.4907
1464.3207
2742.7748
1783.3698
2098.9959
1609.367
1219.1707
5719.3711
723.31911
357.37021
1429.0174
2215.8323
314.45206
2030.0416
974.46448
490.98286
1290.0556
1981.2497
1380.9511
1556.707
1108.6955
1998.119
-184.4871
1095.1284
1780.6577
1512.6529
570.04895
1727.5842
1042.8981
1398.8508
1788.1854
2011.4472
2452.1066
1403.5671
1643.7661
822.13676
2477.3471
2593.575
1449.1999
1395.5306
1633.1554
2746.3141
868.97676
2427.9352
1814.3245
2811.2647
1408.964
1148.2131
964.19555
1211.6019
942.87538
-858.43249
368.01796
771.27609
2119.3267
1619.6146
2666.3557
508.2715
2399.8673
1263.9431
1352.7298
642.91653
575.2513
374.51319
1858.8391
-100.57875
1266.1604
2768.6095
646.77895
2107.383
2180.1004
2693.6949
1549.8296
762.61178
1869.646
1341.6501
2505.084
451.71246
2327.6442
1177.507
7404.8574
1319.5685
759.47685
2363.9991
2628.4869
1213.1074
1279.0335
1646.6473
1471.3566
2318.1794
1259.0027
2082.1103
7133.5204
2504.0359
-528.29078
-447.41233
33.225536
2280.6098
2245.9762
2940.3985
1965.1091
2507.1983
1296.1902
750.04666
352.66364
918.61885
2220.2138
905.19643
1328.5994
2193.8842
-531.2892
1034.0502
2037.4836
1691.4004
2320.3851
661.99988
933.60267
547.81121
-543.46019
2812.1481
1690.3295
2289.2541
2861.0091
2448.4766
1409.6008
6986.8506
1401.4928
1157.4049
552.78666
1499.0158
1205.227
2644.0686
23.110411
106.60969
2591.7464
185.57362
1509.811
2123.9747
2493.0454
648.64575
1601.1865
7589.5191
7377.0541
1318.4421
1002.4221
896.21223
2511.2894
1850.7266
1786.5968
589.4327
763.76875
364.69699
644.6231
930.07646
2015.1367
1274.2434
223.09109
2014.481
7411.3696
2094.9178
611.15281
1387.0773
-428.71811
2227.4355
1946.9806
1486.5103
656.46369
2265.2147
1810.9827
2458.021
2349.7048
488.74422
594.24012
1312.3587
2689.696
272.91954
1878.8599
1557.6846
2364.9832
2499.8504
-112.75928
7046.0322
1251.052
2560.9484
2358.2033
1121.7793
1997.4926
-814.85488
-640.48891
632.9094
1251.3224
-91.951447
2215.2478
1821.4791
-341.39141
771.29192
2750.1958
866.75795
1895.2906
577.33662
1373.4428
2316.9517
1269.3752
103.00156
1986.8658
2038.315
664.43242
626.15818
1372.3588
1913.9101
2763.8924
806.96359
768.01504
1185.7535
690.11339
2180.5081
1119.2934
1275.8964
2698.3352
673.44897
1275.0938
2811.3408
990.00418
2129.0318
2068.0342
2744.9255
-42.443562
2261.5336
2128.6054
1578.8104
1240.6819
2483.052
2031.3536
2465.191
741.00658
624.95206
1616.6804
692.16737
-23.467253
2154.2813
2592.0486
2026.054
944.0724
1855.6521
2586.6237
1464.6732
1893.4129
612.44477
2226.8456
672.27513
1652.0393
2220.484
1228.0343
1643.01
2101.331
2446.2669
2737.1648
386.73244
7103.4584
1858.1462
2654.112
1555.2417
1453.2976
639.12965
7523.6172
366.74758
538.7336
2896.7192
1480.2258
1231.7456
1086.9274
1691.0621
700.51189
2358.8771
2262.6633
774.43899
-357.25863
597.4662
2150.2811
1639.9143
1316.2279
1218.5219
2431.8125
1698.7948
1773.1002
1766.0183
2106.5666
44.853796
1328.3187
1796.4931
1112.1012
2923.6079
2460.0678
2641.6714
2216.0138
-278.00922
865.30986
-347.13968
1354.9736
2088.1755
6918.2083
1736.264
7098.8787
1162.2379
1376.2444
1565.8207
3275.3549
1499.7026
1397.1172
719.76186
1495.7342
283.06967
1300.8525
1617.0726
2674.2525
831.08967
2673.6364
365.18164
2081.3917
1502.0062
1375.1834
690.57545
1451.8051
852.49213
872.04216
1033.6984
430.13387
-415.72217
879.10475
569.41215
840.05828
276.54071
-455.7722
2513.3183
2812.0475
548.49208
1428.751
831.44497
1441.7523
948.98182
1723.8532
280.93776
596.84158
1719.2089
698.89245
665.22016
2246.3406
1143.904
580.30549
217.57493
1478.2153
124.07035
2297.1411
1916.0008
923.83091
328.62927
525.57493
1201.256
1784.8983
1526.9416
1426.8419
7035.6286
1451.7043
2330.1121
511.32675
544.75863
1349.8096
969.12554
2550.8432
895.00879
1471.9946
1286.8543
1698.7824
2549.2723
1155.7402
1310.2424
1967.5483
1654.6868
2583.8014
1746.9953
532.45038
2362.1978
839.41779
1810.2827
2038.5221
1582.2028
2759.1798
2735.5095
578.05466
2020.4881
1055.9921
844.8867
1417.446
778.76092
2042.6376
1529.7044
573.65651
738.72785
2450.0159
-189.76265
2253.8972
937.0424
790.15988
302.3311
1841.9865
1429.2532
1025.7764
2633.7101
1687.5776
167.2476
2236.9176
1815.0519
906.50135
1168.6717
579.54369
2267.7171
1325.5116
1270.3724
7598.2094
2742.8293
-672.13525
1987.1315
6612.4699
1551.7576
690.02333
2568.5709
1260.134
1813.9425
430.79018
2544.8957
1450.9123
887.62565
1988.2773
-104.33236
1510.5937
2384.7094
530.10255
1052.6196
1213.6865
2349.8923
2201.1392
-605.50392
125.90764
2167.8955
2724.0282
1008.8195
1494.8895
1932.3854
2302.8598
1246.4616
-282.21205
1219.235
1801.2462
2348.0835
1062.4531
1109.8485
1865.9414
7172.6599
216.35987
1906.6988
2799.0956
-69.536236
1487.228
1028.4002
1519.717
1862.483
1224.3032
892.09323
2824.5867
1286.9451
2666.7843
873.46875
686.55742
1096.8445
773.74484
1187.9281
669.39672
2013.5236
1987.9939
1354.6394
2676.2201
2526.5979
7450.162
562.6505
1321.5108
1289.3872
862.28096
678.11914
670.82637
1490.6495
1017.96
497.03591
566.93558
2375.8826
363.81689
-130.09709
569.38847
1499.2305
1186.2824
1684.7128
2882.8883
6894.8832
1335.5087
2079.2058
1329.7925
1634.4208
1468.5876
7498.3793
1488.4209
1604.72
398.78143
2498.4346
1510.2222
1783.9832
1737.9016
7384.4981
1317.3939
1447.1148
1817.2223
429.72246
819.95936
366.0649
1935.4841
1779.4038
1090.5113
3340.4626
1962.8333
950.76755
1675.6672
1885.0067
1833.2359
468.30502
801.22908
543.3253
2364.8329
1176.4493
2302.8676
420.34626
3145.4046
2895.2787
1249.4493
2564.9363
2152.256
430.42586
1856.8735
1844.1536
651.58904
2050.0235
2802.9392
1636.8867
320.73686
1421.1726
1178.2506
524.24606
2038.3329
1938.4685
66.47302
1562.3178
431.86266
2852.3809
2190.4842
876.27649
799.31245
2379.1941
7083.5247
2196.7248
1966.7666
582.02457
6723.8477
2755.4339
784.36382
1026.1935
1874.4409
2591.479
1366.5058
604.90881
2522.7683
1561.6482
-11.312772
7549.7629
2089.489
548.49854
1508.8816
693.97591
2504.5681
1379.4842
437.84985
228.84909
1390.3983
2174.8375
556.75304
623.09562
1294.5823
2220.0695
1865.9422
-219.10275
1151.0417
2318.7116
1255.3387
2073.6287
1694.3769
2446.1987
688.42047
-259.47736
622.03093
946.22702
1512.7928
976.79956
2636.3271
597.93523
920.77886
1672.837
199.87779
2453.4685
1408.1194
2813.3657
539.92009
1415.7264
1794.2633
7197.8069
826.20776
2215.7763
1490.0842
-180.19907
1223.3325
2668.9117
2494.8731
2000.3304
657.47385
435.3075
2702.2621
209.65123
1514.7034
2696.8877
555.05651
2541.959
1414.7685
2718.7869
1846.2898
1615.7615
1300.5951
1337.8377
2392.6114
1031.4081
968.08489
1168.6407
1613.5031
1092.1347
563.96052
2666.3365
1116.433
1063.1303
2172.0773
1539.0503
871.70306
2106.2498
1651.9188
1885.8052
762.45929
392.80044
2632.1317
1680.4271
232.30355
2292.184
1750.757
1792.6005
2255.0352
1806.234
2346.578
872.95539
2738.9065
1305.7901
1639.0806
1320.2024
-761.94831
2180.412
1749.4016
500.6354
1786.1359
689.12153
749.8012
2447.6806
605.08141
459.06147
1394.2015
2674.4713
7500.0213
2432.5966
87.310143
487.68116
2428.5837
2569.8484
1709.3411
824.30263
1504.1132
2255.7105
1393.5596
471.37481
2226.1998
1350.8473
1276.5044
1301.3192
2051.5555
1438.7515
1663.3633
2353.1317
1373.4083
1321.6682
7186.0118
2624.3061
7095.3424
825.19051
55.531409
1016.2615
2451.3247
7132.7395
2565.0274
554.94365
1768.2548
1340.5085
525.51512
705.73547
166.45246
2129.002
1178.3252
1247.4138
1255.8368
2054.2454
2063.4338
2333.8407
2191.5879
2056.6576
1518.6817
1836.1499
661.31382
2271.4206
595.91194
1357.7729
599.14625
1537.2541
471.22427
1205.0984
-59.31013
7091.9964
1299.737
1747.9825
2255.7593
524.21604
1366.609
1413.0583
1876.2686
1605.8368
759.29005
1417.7055
3153.3672
1093.1484
2134.0075
841.9688
2718.4532
7145.4749
125.13371
895.22702
1049.0203
7411.653
1759.9682
1594.2992
172.27537
2002.4212
1139.4487
791.54534
2122.3294
2677.7196
1325.1943
2552.2975
387.72184
34.559115
1056.3937
645.53983
2099.3322
2345.6766
715.42535
1029.2299
1247.2243
1769.0397
-311.29763
221.72754
835.87984
7055.0987
866.48899
-272.72675
143.31185
978.17363
866.26957
1651.8456
2880.9952
-586.03105
1966.0793
1676.9628
1732.0839
2438.2332
1740.8439
2543.4359
-147.63529
1248.8361
-320.17996
1648.6035
2770.4018
232.08522
2448.061
901.30884
2011.9439
2559.3104
1177.5269
2763.0983
1953.2044
2762.4113
1479.8936
634.25508
1844.6151
1001.441
1662.4175
2963.5572
588.74607
7084.7754
1298.6772
29.446149
7449.3977
2463.5009
364.72788
7038.9434
2736.5879
37.029293
1959.8505
-184.34516
2212.4323
2094.1511
2683.0392
2497.6216
568.68113
1875.0162
261.11992
2245.8795
2677.9562
1520.2619
1770.4118
1036.1512
527.07662
1947.2111
1095.3949
824.30269
640.86728
73.845302
481.63827
1072.4051
924.78548
2101.0134
471.64097
2109.6549
693.71655
1588.653
2678.3219
2645.7472
158.1399
1041.2381
1137.0817
-73.33798
1699.7579
798.9156
2744.527
-99.453
359.05122
2210.2367
2104.8691
239.23801
1468.8139
1971.87
2573.657
1228.8857
878.28929
67.662769
1408.8692
1605.4947
1574.4093
-251.30299
2308.4171
674.03286
159.49123
1448.6986
344.10989
314.68579
908.76203
324.89337
592.51405
1113.0607
1749.3922
1638.5732
2627.4625
285.11499
567.51993
2612.1056
1275.3061
575.82619
510.74506
-105.93213
1509.8658
598.20445
2545.1803
1882.8321
2839.082
2125.2711
2767.6713
7025.147
259.11596
1139.1084
779.75704
1797.7492
-149.585
540.84053
438.60554
496.33462
1733.2615
154.00413
2791.9784
2931.2014
7482.2209
1622.4133
1499.6869
768.99409
1092.9419
2769.2304
1787.3797
2090.7342
411.07449
2700.1545
869.19853
2250.7751
352.64382
378.59607
1890.995
1377.2928
2300.4278
296.90235
2060.7255
2565.2661
2277.2057
2091.8844
594.89093
1353.1244
550.85498
948.8992
1030.0307
1400.4061
2642.9233
2803.0861
1897.7549
1451.2346
2489.5749
7453.9261
1708.6641
2733.3115
159.98649
1502.4815
1472.4046
3.3070725
455.8421
591.08617
924.34672
306.44355
847.68861
1945.9282
1776.0633
3091.139
2783.4858
1369.9487
497.21477
1819.0993
2410.7188
1291.6411
1614.3411
2239.0977
1919.3424
2217.5717
1621.724
878.55384
1214.0918
724.62147
-681.58636
-362.29476
2285.8947
1623.5677
1862.6092
513.73433
7111.6395
1239.9569
2871.6864
607.99262
539.25009
3015.9083
620.98676
2336.0539
7229.3494
7163.8107
2748.5437
1899.5273
697.53998
2599.8443
1017.0203
534.68843
2798.2329
599.446
2603.0673
1537.6364
1577.4433
796.14246
752.78361
1870.6399
2526.7021
1626.3897
379.05146
1732.2922
2185.5209
458.29794
1907.214
157.99714
275.66546
243.05402
816.01479
2435.819
7099.3805
1288.4619
2407.4962
2669.8347
1888.926
1255.7847
1254.9836
-733.54299
439.11013
1168.9608
3141.2566
2392.5701
664.8238
655.20422
419.30802
1729.7681
1700.1818
7044.3207
582.06698
2535.4961
2495.8131
1885.5827
927.52159
727.20998
7601.6217
1017.6274
2491.2791
803.42629
700.17426
2531.62
238.09543
370.02917
970.67067
1991.9578
2978.4607
2794.6675
1664.9873
1575.1055
2564.0482
752.43614
1211.0439
601.95508
571.62493
323.13935
-48.54385
53.468396
-761.989
312.31351
1157.6327
2119.8766
1429.7619
464.41167
2941.1872
2822.6697
2241.9043
1092.0308
2034.0103
1712.0051
2535.5198
2669.4427
1524.3188
567.38859
2250.2269
1543.5584
1814.9909
1663.5312
2243.587
1561.5774
582.92384
1358.5164
1502.2505
1568.8796
-415.10057
684.93436
1941.9809
624.75426
1444.6192
838.29269
752.23531
2259.9604
1255.8638
2174.5814
1257.7725
2699.7647
1218.3621
1115.7685
300.95854
1354.6344
2134.3407
2974.3355
1496.3744
237.6577
1885.222
890.2925
480.49687
2513.239
1488.8171
2657.522
1477.7746
998.98074
823.26435
589.80666
1856.0397
586.19356
5962.6149
1618.9777
849.37485
1319.4294
2085.5466
2230.0927
2572.4055
1273.7913
-619.07226
1264.1608
212.15167
758.2381
540.65887
646.27587
-846.03146
986.32668
3126.0942
1215.6076
1662.2661
1007.4285
2073.8981
1919.0456
1458.0492
1154.0547
-727.71757
-605.27043
1545.9936
1988.5698
777.88139
1108.2228
565.13337
-220.12455
2756.3194
2550.4715
2448.3163
2817.3514
1770.2542
1859.4494
2545.3513
2639.2368
2581.0858
2158.6319
1804.4847
-147.0698
2202.7085
1463.6757
1888.9944
2148.7173
582.77571
1284.6728
2807.9692
1915.8446
711.3607
2332.7999
592.42288
2636.3615
1537.0715
2056.8
2331.2808
2697.1261
2460.523
1658.8763
2653.4616
1585.9035
2245.6442
1203.6148
1891.7689
-772.27968
7505.7148
14.857281
-94.006939
2383.6055
1997.42
611.78918
1382.5829
402.56994
2882.524
714.69071
614.46818
1000.6366
2901.2802
1566.3532
1795.3313
2515.5485
854.51999
811.03796
1947.0399
223.66658
544.37224
727.15357
1979.1603
626.89378
1536.7933
375.72135
2128.1977
867.49524
103.20615
542.25977
2469.1655
1926.883
1526.6462
1540.7761
1734.2985
1290.5032
2378.0587
7184.7384
148.66372
2748.8278
2636.2744
2294.5068
1932.4669
2512.6002
1532.8211
1379.8317
-1792.5844
909.44429
-416.36192
355.67394
824.16315
410.11673
1209.6375
722.68388
495.81876
2477.3701
105.76903
1917.4286
2456.0818
411.5241
1238.2949
912.71763
834.48022
1454.4724
-206.22877
1201.6668
-346.93807
1854.6441
1474.9306
1630.6187
164.78144
1565.4924
316.86386
1844.8926
7555.2945
2512.1137
2662.542
712.05024
2073.7155
1597.2711
2330.0583
373.46381
2320.8057
262.65129
-388.31456
2630.2906
2651.7591
-279.60179
1935.9007
530.3041
419.21712
885.61136
1827.7972
1963.0565
130.06968
2772.6788
1810.0063
395.26918
1586.0362
1689.9957
925.14483
-425.73512
2147.4826
929.90003
2245.1938
509.52953
1349.6097
1442.4289
7465.4138
2306.2384
7041.4221
-432.08854
1126.2833
609.83275
1319.6863
1337.6483
7151.2329
783.89594
1592.4868
675.70512
819.68147
419.52767
2180.3372
823.47743
809.81951
916.34322
983.23084
1328.0169
459.97562
981.19843
482.97258
1524.4693
6940.71
318.68676
1977.2528
2287.6977
786.92901
2628.98
531.25708
2288.8575
1353.1159
2446.8318
1164.4607
2937.9036
2321.0182
-4.8443232
2822.7635
-98.142368
2242.7948
471.8947
1340.6829
2146.7321
1532.4596
1234.9557
2803.6349
283.78012
22.618328
701.37645
1295.8023
2633.4966
1636.6172
1169.5524
1463.9467
891.4851
1832.7232
2421.2735
973.62721
2431.0137
-108.00038
1141.0261
841.36921
775.65126
452.98607
1332.3837
1026.7309
1738.8692
1547.7665
2662.6207
565.45911
600.45143
674.81031
2059.8124
7457.9007
850.98925
855.02759
771.6861
973.40417
1489.7355
383.2452
1028.3325
1531.4141
922.15856
2034.3536
1283.5012
2406.7178
871.35264
271.60951
1460.7088
2183.2111
1335.1737
2808.9595
1698.1112
2076.9989
826.75384
630.87592
458.67193
511.19205
563.21019
-576.31436
655.07991
-44.425171
-141.42462
1496.8818
778.31207
-134.05984
2323.2473
1693.3797
1020.452
1152.7655
1191.1705
361.83344
1725.5818
1742.9848
2107.3554
886.28287
961.47471
5716.8209
2271.2568
255.28407
-45.41565
922.62096
981.55035
1237.9739
866.54691
869.32179
2008.8954
584.76292
1251.5437
2790.4448
688.23412
2088.9316
590.07733
692.29082
-270.26464
672.00002
-264.60046
1131.7543
667.88195
7009.9416
1329.1462
1265.254
-284.52039
2646.6733
1260.6795
3293.5462
2832.9843
1421.9005
576.22336
1368.7511
6847.6773
867.21643
971.52636
1919.1728
1303.4047
1056.6579
1857.2657
2299.787
1283.8265
2019.5369
2798.61
1288.8377
2508.4296
7081.3657
1137.8637
827.56795
1433.4364
1864.2841
2123.5133
1180.8701
1241.4199
1236.419
1805.2468
936.32474
1199.0721
3125.7351
2649.7806
442.21411
1243.2208
911.28239
411.32075
1590.2914
1859.7645
706.37454
1994.5144
2680.6462
1324.0657
887.48533
2394.287
2835.9549
905.86409
2750.5992
7304.822
139.60394
2310.2016
619.06724
2912.541
1360.5182
328.2195
1835.8761
1298.3718
1549.1714
7152.018
771.90812
2789.4072
2101.0494
2627.7429
1596.067
958.46185
1472.5774
1223.2104
1366.524
1264.7969
1612.9586
2514.6182
2259.0685
659.57606
7432.7157
3359.2253
1417.4598
278.21226
2464.3731
1314.8712
2563.2295
528.33999
1083.8693
-652.71083
1074.0857
538.50081
1105.3727
399.94673
374.65336
2631.1882
2676.3764
1545.9991
2573.2951
900.73214
640.11804
1902.527
2010.6109
2005.0765
-730.46768
442.02408
1597.5593
471.75862
1702.5492
1385.1388
829.34107
482.15006
2624.6588
1790.3829
2290.8432
303.47514
561.87714
457.01476
2234.7679
420.3079
744.9172
2078.1859
1763.9703
982.28937
2343.1911
513.44953
975.55588
1861.3663
779.55919
1249.9195
1059.6904
2183.6858
1359.9961
1891.6048
2057.0577
442.47812
1579.5034
2701.5131
1543.7134
1834.1751
1161.8671
1132.2675
4176.7627
962.68708
1998.2343
2166.9215
816.41784
1667.9815
503.32095
-359.57949
41.484081
2409.9763
2273.0194
-548.38093
1378.8909
1214.1041
947.10857
286.33349
386.92208
545.97882
2394.3656
2667.9845
-11.536907
1671.8467
217.10362
2390.1034
1657.4498
937.99118
1600.8843
433.58895
1824.3637
1716.5758
1033.2605
2355.5425
1079.1791
958.72817
456.98098
648.46593
-316.91384
2600.2864
832.37293
-618.77281
1689.6433
2612.8779
395.49577
-143.68447
1183.4826
1176.8384
726.6264
496.39149
1381.7925
600.59315
1808.8674
-11.904031
1768.4504
-219.29698
1136.3105
2461.4775
-310.63596
1368.9553
1495.7688
7467.0468
2535.3382
1586.2124
1699.8086
1620.8886
2643.9671
554.19148
850.97223
1598.6857
1400.1156
1588.7715
1037.2663
-96.315849
1051.3488
1663.3955
1569.8669
652.66939
2716.5962
1871.8287
2281.9134
239.60651
467.87375
2100.943
702.52704
390.51843
1095.3228
2428.6814
2522.1714
1001.6593
-215.82463
2720.3009
697.01494
2603.199
1990.964
2228.6772
2388.952
1846.8247
2104.7633
-568.45964
86.297727
2607.1534
-49.865319
563.76684
1202.6737
1186.8385
5073.3919
2823.7669
720.78622
1404.2066
2062.8613
885.38802
-501.08267
2594.6797
1958.595
1611.6231
-324.05975
833.98908
1950.2996
1497.0884
7221.7638
2700.6451
1049.3832
2567.4827
2435.1248
1073.1226
2711.6364
1472.0553
2345.5955
-566.56804
1316.3538
1666.8456
1234.5782
792.10043
656.92874
1730.0774
1394.9336
1730.6617
1840.2482
-103.20591
1424.5432
669.33475
1593.9573
2104.082
2462.263
1797.0338
371.90526
221.82809
2315.9822
1625.0985
1603.8504
1964.5082
1700.2391
1824.1438
1975.6074
2111.6103
2299.9206
882.35532
-308.48739
633.14069
1384.2357
655.57907
693.68956
967.7626
-456.73752
2221.1301
1167.0983
461.07938
2048.3922
1380.3509
2716.1043
554.34024
2479.7732
2838.4159
1404.0639
982.51064
135.62691
610.36219
1047.0846
2284.2974
96.200553
-637.30057
1584.335
828.83125
916.47253
2479.8153
7494.9867
2638.1944
1973.714
562.03156
664.45876
1701.3398
2442.7827
1254.0541
2406.7956
2332.7807
840.64303
1460.0523
801.67532
2584.0446
1850.2237
853.73596
7513.8827
812.67854
2446.3357
1259.7991
930.01674
1732.9184
1579.0481
-44.065825
7040.1231
562.54925
1791.2478
2474.0941
2090.5932
2435.9413
2232.244
1433.7432
1142.3933
2098.7424
436.67841
1215.0999
718.1928
1027.4903
1704.7479
728.71091
1509.0292
2345.6516
501.65025
814.52837
2334.66
1230.1129
1732.8892
1268.0886
723.45851
659.68347
2768.2709
1215.2876
753.01007
14.501998
1342.3352
2314.1942
773.29459
1947.5502
1384.5154
1010.0872
2544.371
2494.5588
2678.3421
1455.3793
1847.4931
420.11561
2323.5193
1808.5166
7047.9957
1877.9665
1297.8821
1698.7799
1294.7717
881.83023
1720.9739
1798.0465
1816.1218
395.76297
139.40404
554.64277
563.7724
1416.2415
3079.9507
2165.2888
1644.2018
1173.2282
2275.4918
7209.1739
2613.0397
1488.02
2200.7309
1982.9095
2519.9092
537.83841
977.90421
117.75041
1277.0436
1784.3513
2727.8597
2500.9218
2428.3698
373.78464
771.31004
2610.3422
1387.0466
425.27938
2389.6996
2670.9313
1686.3014
117.48218
1116.8407
2376.1149
770.09641
1425.2191
925.26942
1429.7821
279.31841
1502.123
207.85491
-141.00606
1742.2226
366.35653
1854.9407
546.31291
1854.1168
2466.9075
794.30652
466.00893
-49.044821
1671.1016
279.27417
7174.1065
7138.8519
2745.1615
447.43119
840.70732
356.81267
1990.5914
-282.38721
693.46844
499.9099
-12.321796
2710.6748
1163.0737
2111.6573
2480.4767
1487.9071
2492.4468
587.11175
927.80474
1603.2177
461.35943
1016.809
1916.07
764.21138
2722.5122
3084.7945
1125.3035
542.2085
941.0355
1025.2695
408.46091
1404.375
2152.452
-9.5648196
7519.3271
1680.31
728.28491
973.11414
58.468193
1434.0483
1632.9162
796.48501
857.63247
783.74923
932.69068
1415.4956
2347.4406
2720.2934
1642.5815
1696.4633
1061.6328
492.66331
658.55129
2500.1124
441.00165
1991.7397
452.93395
1983.3995
731.56829
2503.1791
1885.991
1123.8024
1501.8924
1627.0601
2371.9296
1433.6572
2298.8658
7031.3219
2185.9377
2922.4979
1534.5877
1105.6352
1932.5618
1352.2618
1560.5716
426.59072
1251.1553
2656.9713
515.96258
497.57462
1491.8549
934.93414
1446.0489
1478.1012
1729.2417
304.09227
1206.0944
2531.2733
2122.0823
1240.3325
1858.6862
1164.8389
366.75427
800.49727
2823.0942
440.38352
432.52484
1810.7725
2741.4492
1750.6605
1231.2755
1593.6089
386.5465
1248.165
2054.0518
768.11441
265.52086
491.77467
2685.3425
2680.1558
1963.627
1890.3846
651.45512
634.60687
-144.54904
966.94295
423.20758
1813.0103
853.49572
-387.8007
437.95811
2256.5297
966.74275
1262.0929
502.82254
2006.3537
592.28656
1443.0571
1724.7423
2114.5949
277.83117
-422.73338
436.40264
1285.3722
906.37376
2215.8811
1159.2986
1907.4623
1322.0355
2099.5314
728.56969
1411.3717
991.79499
2462.6625
564.3425
677.28015
3183.9661
1706.0149
2271.988
-257.23743
-177.14976
511.86784
1128.3249
2694.9241
1334.8297
1681.5128
331.83747
837.34533
437.86782
2048.265
1564.2161
1099.9947
2693.6999
2093.2267
950.18783
1018.6446
1058.5706
2708.3802
1843.0044
1633.172
1842.8118
1099.8521
933.70554
2106.8793
816.64855
1431.4605
1715.8107
661.6522
643.83267
1214.3141
2226.9017
713.17692
2224.5733
1117.0101
693.22276
510.14032
1922.7478
485.49298
1341.8859
299.08993
-79.876784
1956.8642
369.16432
2738.9348
648.58912
2110.2475
1281.3509
503.76363
1739.4853
287.63376
1227.4392
2062.8728
2542.4287
-746.40269
742.2525
-753.06682
2603.7625
2408.3162
2258.8087
1374.6177
1572.5617
520.50289
377.55274
1639.5948
-332.32869
573.59105
1546.4315
597.22813
890.17175
1052.4218
1071.8562
412.43959
330.19522
2200.4263
442.80497
2929.648
2184.2799
1465.2169
2303.956
832.57727
734.91536
459.38298
277.91209
23.558013
-708.16463
783.59073
604.92312
-143.06119
1346.4038
709.28404
1576.4141
1273.0866
979.28756
1200.7516
1635.5522
-442.87298
2186.3451
2609.2299
1213.1353
978.99247
1000.03
157.0342
690.67306
7304.1627
2108.41
1600.453
1137.4982
1181.2787
2630.1118
122.54135
2683.4678
482.18535
1365.7189
1969.6544
1564.0666
2778.7621
1777.8783
1812.6266
366.5279
388.8951
323.37707
619.46019
1284.9208
323.41966
1676.3638
2812.3612
268.99458
2003.6352
-162.66063
566.06628
2059.4424
1179.4202
1017.75
1983.0007
-647.43572
1334.3094
845.55017
1074.6707
1622.611
851.89352
1014.1725
1598.0159
976.06477
1250.7973
2398.7854
549.33736
765.77736
1178.4133
2579.73
1165.4733
529.2678
1496.8246
423.01588
2409.44
7189.5247
673.39973
1577.1477
859.21854
1289.966
1041.642
1090.1968
2106.2571
1898.8212
1349.4555
1392.8139
363.24129
2350.2795
570.83424
1277.1755
1739.5923
552.79397
488.00919
886.28188
1651.4032
2020.9309
528.41489
1275.4179
851.43408
1970.3658
1305.8105
493.26512
1790.8636
941.48881
1696.7619
1424.2917
-434.15184
734.16382
1520.1176
1373.143
1860.0705
669.57364
2020.7145
2036.6212
2146.9973
2170.0947
642.7436
1311.8935
795.62967
1431.3785
1722.0881
1851.8593
1732.0345
1323.4386
-309.96869
140.05226
1858.9601
520.11709
1521.597
1684.7056
521.23598
2293.3248
1008.2935
1527.5174
228.00752
623.39
1697.83
891.03889
-57.684591
1423.8308
2014.4512
1816.9267
817.03265
-73.735268
1816.9012
1974.8442
1634.0186
948.15989
1746.9135
928.10797
2515.376
1009.3124
748.16197
606.32352
106.20759
314.23032
1568.0525
517.70908
914.01083
2065.2952
2882.4535
1876.7681
942.67965
2583.7599
541.35544
2062.5605
-305.19494
1459.0973
1927.7311
593.00717
1665.9852
457.10269
7103.848
820.79719
405.25504
1658.1658
397.53068
1913.7085
1976.8499
2854.8198
1164.1975
2956.5846
2483.5916
591.83342
365.23098
-290.3993
2166.2556
1378.6964
1883.4693
1489.0918
1097.6815
2012.5687
2601.3081
2129.2597
1108.2603
2597.5012
2748.5311
4768.2839
-681.92968
976.19074
721.60176
1932.4443
455.43876
892.10881
-229.6453
1907.4456
2675.8373
2071.0218
2656.6303
1058.0098
2118.182
-781.88756
1325.9458
2417.2848
872.96308
710.48804
676.79879
1531.3571
1733.1189
2801.5815
611.60108
2370.1697
2510.3237
1874.5465
533.5757
874.29541
1744.2152
1374.3508
1826.3683
1642.8007
950.71028
2626.486
806.39772
533.12886
119.84518
249.53794
1517.4687
1906.2545
467.31364
2567.2236
2487.1815
1122.7933
2212.2445
1004.6419
1488.5483
2414.7409
392.3215
2405.4813
1660.7118
2213.4378
-707.29524
2551.0538
1318.8268
2838.3172
736.8081
3073.3498
975.53815
1236.8462
1658.9023
504.34875
1711.9154
-1.7314747
1670.8559
868.81228
728.82269
1980.0034
1684.7292
977.61323
506.6544
307.58673
2933.7093
1868.8377
1985.7954
1212.4283
539.43566
671.14709
1000.9021
-433.56487
2364.6223
1875.7819
2480.6748
780.54312
2095.3097
-273.67126
2087.7406
1745.5847
827.63619
2584.3929
769.54971
1453.2275
586.9483
166.12113
166.52677
1384.1968
2750.7386
1644.7883
702.16409
2715.2001
3225.5704
122.67367
1105.903
1920.2943
807.8406
666.22479
777.44106
2622.2185
770.02473
892.7721
777.18443
1459.4653
644.26468
-126.04513
1953.8608
1264.4841
1723.5456
415.41781
75.176176
1742.0614
6986.7699
2386.858
2182.3605
760.42723
643.78834
1825.1407
631.66761
2456.9185
790.44483
1540.6855
158.7973
-209.69768
995.0052
2288.7845
862.13241
2708.0238
7277.7774
1089.45
312.92226
2379.0938
1052.0967
2325.8966
2638.6916
975.81111
1865.0899
1911.4905
-947.11878
886.16684
328.63388
700.71173
47.88883
2442.4329
274.75088
877.14574
2596.6697
2186.9652
1326.5845
685.23093
1772.4658
1287.7983
1651.5084
708.43571
759.32363
1261.8383
516.34385
-34.309082
1011.6657
2101.7316
1571.9451
845.3241
1560.9197
1606.6366
1125.3178
737.26826
755.37852
1071.6976
454.85163
1181.7732
1619.0706
356.76196
2149.1688
2386.9445
495.24789
1736.9492
2724.645
1716.4385
-101.69903
2013.0871
1173.4018
629.98111
3073.1957
1360.3743
1370.3844
1184.6685
2109.0497
1416.7637
-292.23102
1814.103
688.80309
1705.1845
2100.8408
2405.8917
1720.09
2514.3716
766.02109
2451.2719
1215.7996
-164.46588
1322.2395
-179.0093
2624.0491
1147.679
2505.5166
1113.1065
7288.0339
2891.5778
1269.0342
2313.9542
1539.6344
1462.2191
1122.9352
589.2811
635.13032
-492.84278
1233.1635
444.92393
1212.1534
1746.5848
1468.469
850.86487
2016.7306
1532.6507
531.55303
2353.9431
2134.1327
2220.4463
1115.0604
744.45807
-694.40947
934.92892
1531.2439
685.22666
1053.2528
2320.8815
1714.5997
1097.1919
7191.8946
699.71016
2153.0183
1526.5021
765.20587
2060.507
2113.3563
2716.2635
2077.3361
901.2055
1835.4621
2688.947
835.70113
1216.6438
816.3383
1727.5052
1153.7792
650.4444
271.91448
573.0133
1932.2467
707.4271
1916.5853
-107.30079
676.82112
2603.1115
6992.5948
1116.3914
1322.4526
1884.8028
2441.7131
7038.0683
1454.8808
934.5323
685.0033
351.84757
2579.7192
2628.9234
-737.64813
807.26327
1285.1649
616.35897
191.72812
621.31847
610.61686
520.91957
505.83928
240.06674
270.22893
1731.1531
1875.506
1491.3166
2145.8134
1102.6647
1430.4841
2297.5393
617.62612
781.45475
886.21115
1125.0177
676.77854
1176.9002
1880.2101
1544.925
1968.8341
-173.72988
1735.0771
837.92249
2435.4986
3277.6705
2548.9115
2656.9466
1286.1477
870.75538
1069.5122
-6655.7948
-309.15175
830.36052
228.79555
-232.83983
872.38896
2008.2599
1558.1682
1334.378
2475.1304
1535.1813
2511.8517
1740.5316
963.38954
1842.7348
2324.0947
1054.1366
877.18835
441.77019
2392.7033
2708.7558
1494.1886
188.9345
1170.1191
1013.8074
-244.41857
1475.0976
685.35721
1502.2695
1843.6524
1972.0816
1478.2949
618.07859
2076.9641
2479.3055
7230.9148
1599.4266
-625.39284
155.30746
1672.4244
247.77982
1448.9095
660.51409
1798.4761
1258.8275
1030.9722
734.28374
683.70231
789.47205
2808.4472
1253.5429
542.08645
69.269358
47.551142
401.14669
2805.0887
379.94179
1800.2433
744.77321
2531.7745
1892.3416
1410.5736
876.07704
1308.645
2633.2651
1467.8982
1321.6246
1005.9381
361.10201
1806.9948
1451.8436
1233.3473
1758.5265
1821.4092
783.19024
265.92645
1502.4131
1146.7061
1446.0848
2632.5365
927.87118
730.55169
2675.1188
-60.365798
2256.2535
1397.1997
2661.4674
1494.574
887.0483
1274.6703
1498.7229
1510.0481
895.09447
2059.3006
820.42164
980.29308
2157.6099
1189.9298
879.59296
741.42479
456.05787
1492.7156
2112.627
1356.097
374.29257
1981.8877
1393.0684
1247.5189
808.62038
2162.6296
2230.2136
932.05497
1536.5898
2261.2077
1706.1887
1380.3905
2199.6252
1138.6313
1187.4285
503.50267
2078.3962
951.17117
1598.9448
746.49824
1736.2906
2821.8364
-71.980885
-110.24807
699.22556
2332.5838
1152.3189
2550.8785
1273.4825
-669.61882
2635.7182
1880.4998
1200.0219
971.10243
1487.5241
1741.0852
-147.31988
996.80155
1761.2195
1976.2288
712.95719
659.27203
2453.93
2770.9111
1010.3822
1718.7045
2784.6592
769.83494
665.98506
1772.7539
403.83795
1751.5328
262.42927
2124.0595
1948.0597
2497.2464
2123.4355
2696.961
2445.6104
924.53127
1684.8293
2156.85
2219.5427
867.25552
733.52151
7036.0142
1644.7373
1185.0759
1038.2874
2354.0807
745.26132
-622.80984
681.99621
2050.6244
692.09086
772.0125
7344.1896
2259.7694
2213.461
-471.52929
677.19275
1399.0661
2292.6306
1740.1138
1602.7115
-554.80648
2062.4934
2835.0451
1770.886
759.84585
2881.3694
2955.8551
2316.0533
1146.6978
7327.6859
30.146128
2432.6835
1064.2251
830.23455
1876.5309
2470.6399
742.75414
2370.8994
1529.1968
1190.3439
1065.6632
2254.2646
760.45954
2160.5024
656.85874
2208.7853
1728.1638
295.72008
2394.937
579.99716
2241.2051
2732.6868
363.55997
2228.9839
7082.237
1533.8559
2856.6826
819.0558
-620.72439
2747.0883
1054.7747
-15.506741
5688.7245
1217.0859
170.03055
1494.8046
2234.4646
1027.7396
1584.6892
1471.8958
687.95641
850.1345
1278.8934
7559.462
722.68205
2424.5425
356.82953
2424.8701
703.75284
708.22788
1233.6971
-467.85905
1661.9725
1784.5967
1748.1365
2411.072
1488.7879
113.49905
455.47904
1358.5218
259.20375
424.60925
2244.5352
1782.2894
1933.1312
2498.6228
703.08963
204.90114
1649.847
1884.8315
1474.4112
1335.0535
1613.9742
1686.2033
-527.8345
1397.1575
1455.3201
933.76556
518.77284
772.62945
2640.8588
2732.3857
2017.2963
2228.6401
-138.16198
1471.1919
268.66181
1290.582
2534.9161
-232.61392
547.15576
1842.2118
2180.4711
1950.8158
1594.4645
2820.5157
975.19776
758.24618
1799.2854
1812.6854
2009.1074
2242.6125
2316.5093
1039.5322
897.16571
1695.4958
2471.6975
77.751145
1783.8256
-362.82144
2450.3277
1054.1925
2575.8
1390.1065
1767.4003
2879.5397
1216.9714
18.301457
1668.0542
2514.7867
2222.538
1986.4231
1614.0149
778.1156
876.11038
1258.4184
7135.4552
2711.6745
2049.8303
1064.8859
1384.3285
2418.6495
1591.4294
741.93027
1579.3112
1953.9748
1378.4386
629.22285
844.42372
158.34218
1580.2843
2250.6892
747.86018
2541.4877
1721.8268
2694.2504
704.46491
1337.3055
1457.5908
-58.514822
579.62193
2443.7704
7177.7064
443.68646
2096.5734
898.60516
828.64239
1147.0002
1596.2455
1193.3915
42.370326
1498.854
2648.4864
845.17773
905.02226
-7.671273
799.81215
2188.5582
1493.3887
2323.9548
2365.5465
2117.2537
1929.2438
1428.1766
2842.3944
1316.9333
768.0271
2556.0073
1273.4775
-237.52801
1727.3086
590.78738
2055.9117
1883.0651
274.20884
806.19727
2190.5511
1900.656
2460.5295
2829.7767
723.4464
-185.76236
543.06228
471.01376
733.34904
1041.7742
2104.0679
-574.28807
-160.73947
1191.5687
42.521925
909.19848
727.75458
1549.5659
1164.5705
2179.5923
1907.0378
1401.2962
2254.086
1766.5304
545.42664
978.78579
858.42603
1695.3426
7023.8816
1480.3452
765.03588
2823.3652
2720.6282
1322.8659
1884.6168
915.96249
1927.8743
2611.9594
2644.1551
1365.2857
721.61799
-778.19516
1592.9911
1292.2132
1531.1441
2115.8545
826.31493
1460.5158
633.25833
849.72371
2061.7069
-16.312204
2905.419
1057.786
2357.9553
1437.4719
2948.2602
1849.4991
365.84262
2241.3601
2089.8549
838.28126
1262.3952
2614.4437
1179.7031
348.09798
1.2152553
702.98622
2107.6823
-537.84048
497.42152
581.61484
651.85527
1281.7907
1518.8281
1730.0675
2405.573
2302.1775
2342.5398
7032.5707
359.05132
1942.5927
2540.8492
317.72322
1694.357
7129.2755
587.64409
745.25319
888.98494
1557.1771
358.14699
1335.5187
2222.0135
1612.6794
525.68082
7611.4328
981.81894
1170.2973
1002.7499
472.72522
2528.4255
1717.288
1473.0793
833.837
884.12792
1764.8342
218.48121
1098.5571
265.56517
1510.778
2391.8554
1053.4205
1426.8493
2399.1143
482.51589
1491.2428
1530.0866
2586.3961
1492.8062
1320.3453
1011.8319
1491.1184
2062.3419
602.57608
467.05521
2371.5823
2110.0627
-234.70918
2062.5552
619.58891
732.40438
608.94823
2337.2731
2408.4443
1147.5888
1058.1839
591.11378
573.44871
2202.4607
1624.0967
1414.1658
1695.2414
1744.5756
1943.9018
1361.4571
1646.8925
823.98951
1489.6058
578.90043
1896.4787
1783.7516
2045.0928
2195.7925
700.45867
2395.4021
1400.1965
295.64589
1373.958
2098.6211
2585.5656
642.2664
916.50174
2277.4895
1519.7957
2009.7676
1607.5501
502.53559
2288.0321
2763.2252
2497.0819
5823.841
1823.7639
2132.5878
2748.3071
1111.4696
1329.148
2726.3509
1095.1335
1357.213
2052.8422
2191.7302
1386.4797
981.55201
628.34329
1381.3716
512.32798
2133.3923
1033.2976
2624.4125
1949.3757
2764.1857
751.5321
437.78336
448.94535
2434.9948
2169.8723
459.19532
223.17482
456.04639
1359.1162
63.352375
936.80522
2193.3992
479.51125
609.14005
2477.8673
515.16273
730.13561
2772.4856
1016.173
1737.1941
2004.5582
1375.7341
2074.179
2640.2128
1380.9647
768.16626
1900.3022
-658.58991
1618.2617
831.81358
-85.416818
2150.9922
-516.35556
1811.5654
479.13561
267.58979
1274.38
1993.4203
-12.22012
1793.9518
624.86381
2074.6679
536.07657
-710.75322
2393.0021
1696.4314
1365.1255
688.04798
2743.2691
1766.3052
1303.2691
813.15529
-309.14391
2537.9749
1413.7617
1892.7795
1834.6334
2000.8438
1294.1963
816.89502
332.99928
1849.623
2432.4573
2691.962
320.98238
2674.5482
4673.6537
721.72312
1982.3417
2048.6597
365.14093
1032.5091
2550.1984
-718.05622
1094.3975
1103.2072
879.2686
1903.576
1851.7435
1377.0102
239.18107
439.91028
2053.955
2745.6008
1877.78
1355.5395
1612.8437
2566.3596
367.5132
-406.30883
1518.7179
1410.6621
-316.79027
3306.6329
1909.042
888.21114
2789.0335
337.08656
1590.0995
1865.2475
439.84202
1061.6864
496.06225
-179.29764
607.4007
1413.0479
1455.2108
1784.7292
-100.47131
1777.9211
2392.5679
2102.3379
1814.2724
848.48075
609.52668
2436.2026
542.26508
1812.4781
1712.9231
-107.66069
2105.2559
-158.26523
705.95056
561.82955
2216.0424
1586.6899
-107.58542
-322.86567
1514.174
1211.8349
2674.619
2515.3347
2518.8583
677.5826
2178.4343
1350.9757
7384.4953
1286.6769
2595.3028
2515.2823
3043.6943
1741.9422
2204.7144
1291.4107
762.45379
2306.5414
2267.9304
1359.5033
978.40114
2356.8616
2887.0697
2111.1328
530.4318
1879.0098
106.90796
1641.4649
589.60093
6696.4451
563.49964
1818.8994
1945.0977
1087.1959
1387.8864
1978.9056
2126.0812
-194.60536
788.69541
1018.002
1600.3969
1943.2941
7115.4652
-130.88392
670.57313
1570.3726
2148.5389
851.52947
349.13915
2791.0486
1919.5781
823.99126
3351.4487
981.72093
2000.1371
2148.8557
2288.1329
-192.88411
1645.915
2634.954
764.39793
1948.058
823.94636
2279.147
1165.2267
373.52078
1433.4672
2272.569
1671.0404
1154.6756
358.15056
1402.0707
-295.83944
1322.4495
6262.5233
700.43873
1621.3849
786.15119
2039.8404
-624.6954
2227.5079
829.11013
2419.9972
21.795456
7244.3519
2407.8501
1888.886
799.50434
1284.8382
1739.2688
1678.2307
7545.527
-599.82452
4.8957139
1257.3587
7552.8624
-48.022348
7414.9419
-240.14753
1008.7463
2768.9627
2675.0526
1103.9814
2413.7684
2154.7274
1560.372
660.23648
1966.8351
671.53259
926.85878
2341.5704
2525.9507
-487.92269
1826.4325
2538.5602
2196.6358
2058.5698
2541.2773
1326.6181
1786.5472
28.570224
1660.404
704.72938
2589.4525
1775.5792
614.44883
629.38524
-199.37356
259.09942
2523.6338
1265.1906
1777.3415
-594.55852
1696.9152
2454.2559
1808.7555
1822.2264
555.3077
2497.0441
2705.0269
647.2539
655.85952
1355.9146
2194.6331
786.92975
923.27315
7290.3943
628.0565
1168.7296
2415.8505
397.89801
904.64212
2745.9678
2686.3826
1017.2251
1709.3666
-131.55264
1101.2902
456.61836
1679.8731
2716.2741
1318.4529
2199.1207
1001.5537
2156.2123
1687.2858
-65.96857
490.73987
1666.0662
1931.8041
1096.3964
936.52838
1520.5326
2549.6462
-220.58614
659.04294
2756.5795
1904.592
2234.1586
2175.525
781.54604
930.96509
355.88441
702.46444
1159.1341
7028.1127
2633.6624
-596.92734
1225.0464
2718.594
883.47884
2404.4823
2736.7168
2342.9012
1569.6142
7250.2614
846.2359
1935.1936
2285.9626
2319.6208
632.07229
1685.6441
1054.8374
2445.594
861.80138
1944.9926
-143.08449
2338.1562
2546.8896
1990.4672
657.07062
2100.7037
2557.3438
1850.2288
7191.8049
1120.7029
447.029
859.52078
1665.9349
2568.6166
1640.8042
1798.3732
857.693
779.63853
735.49329
2122.8865
864.02787
947.88103
757.90226
656.08933
1889.6666
995.3164
696.63354
1909.2301
-156.64403
1823.8625
863.76703
1297.1989
1527.7124
2667.7968
957.65646
983.07173
558.62382
981.86651
2645.1149
753.63182
631.19485
2784.1301
427.91261
587.82364
2981.5458
1150.0235
881.1969
867.07787
657.64879
-8.3634643
168.92009
-220.76416
1657.4589
334.54425
873.50179
199.20189
629.82447
7073.8011
1573.33
2142.9393
494.09322
1537.9459
757.8553
2071.3591
1072.5595
5037.0932
1068.3234
1514.7389
400.0388
601.52917
710.0317
1138.0943
1239.9823
605.04044
2414.2803
2449.1916
2396.4375
846.73247
798.55297
2850.0502
2192.1948
2332.6775
2877.6804
1733.8054
891.53023
7191.2689
2173.3379
1068.2184
1463.2339
522.07578
1423.5114
470.55273
2746.7822
1582.8454
2472.8906
-53.842635
796.99613
302.43576
459.47751
5280.3699
2601.2165
1372.1798
655.46333
-184.29812
2065.1133
1203.1073
2551.007
1320.7639
396.34541
1685.2203
-91.027177
7216.679
2401.6847
2507.3385
511.59892
2253.6238
1501.6879
958.65984
2281.9273
1297.218
1216.0269
1967.2607
1529.4983
2755.582
688.89285
1196.1421
538.44862
1513.7164
1781.5345
888.23451
1675.3637
-81.918798
769.50694
2533.7463
1667.2904
1867.7838
1172.1195
1124.9667
2724.7879
2059.444
42.449048
1369.3843
438.75621
1536.436
4418.7353
1655.2246
1284.6242
1072.8547
-727.20571
1455.7166
691.57717
1473.6049
776.65263
37.898067
723.46061
2778.3949
334.05869
2619.6875
1336.2156
1477.0951
1277.1476
581.86816
1810.9953
599.46134
-449.54227
1867.6416
2414.6344
1454.9738
1934.0087
-66.441622
1733.6144
2036.3013
735.85051
2075.6665
2526.0364
1415.7659
2213.3238
1904.7852
-224.24141
333.7295
1887.9489
2138.1614
611.04448
670.19019
301.44943
2325.9822
1848.1777
769.7025
1319.446
1591.557
2226.701
1864.3766
1966.0551
2695.5678
703.06881
952.11427
741.55445
782.15386
1694.8987
1333.4421
1459.201
723.16297
423.9552
390.73158
938.38192
1180.1475
2025.9567
999.42884
387.4529
643.30996
1936.705
2201.5111
2569.7491
763.26532
1697.5997
267.92869
2197.117
2534.4239
1899.7863
1783.2374
2501.0195
1974.8261
1561.1586
2559.4386
1576.9002
1414.5049
1135.7618
-405.72503
793.2673
2562.371
788.32369
247.02819
1741.855
671.75507
-316.1927
1947.4965
1388.1737
1462.616
40.568272
-523.59743
801.73074
546.96237
1597.0483
2787.5452
2608.7216
793.41606
640.5924
1129.0403
959.36642
1021.6289
1925.3557
2133.988
1208.3657
1258.8445
1256.3377
913.19173
1099.7178
866.98704
536.83545
979.79673
7043.8681
-719.2676
1506.9686
616.60497
-227.68895
-487.40385
1653.7298
750.98859
2336.6586
1470.6613
680.42888
1229.9
1506.5553
255.82132
1311.0806
2803.6124
2153.3546
1046.3093
1241.1088
1394.0022
1963.3339
1339.5746
1956.0914
932.78206
394.02463
1003.459
1463.6598
2140.7182
1162.8534
1023.7416
222.01766
2105.273
1461.781
431.83567
528.55568
2466.4373
2079.2642
2325.9464
725.00918
2456.9907
2658.5223
1538.1554
669.3785
872.80409
256.42701
1603.9587
1540.1658
508.90557
664.75041
68.150466
940.30794
7092.9804
1420.0572
926.06988
1139.5503
-95.329665
1470.4797
1705.78
1778.5195
1228.9667
881.41565
270.82485
467.42579
2438.365
2199.3585
426.589
1459.8397
2170.5915
1686.5252
2397.2756
7135.9281
747.69363
2686.0638
988.09118
2719.5913
2712.8452
1635.6193
904.69429
2452.9342
1900.1029
1895.9637
1712.2432
1293.5216
2634.6725
888.41634
-298.57072
2647.2836
1574.7782
2211.8997
783.78837
1710.7322
2228.9088
356.1793
1328.5443
975.5437
1068.4322
1290.1829
2116.0267
1157.7476
2073.1923
1885.6244
1798.3917
-125.98614
2317.8136
1792.9525
1033.4227
972.47963
1177.5542
1203.6844
-227.54426
379.34059
-112.31353
2867.2402
620.63069
2767.3322
1118.2015
719.04596
1577.6021
5867.2267
110.89337
2120.7674
1132.4619
440.59915
1740.7684
1240.9943
2594.2247
1298.8101
1816.0544
1501.1707
1034.9721
1796.5323
2101.9
2569.8893
1160.6967
-145.60737
1688.5564
2068.7752
801.61851
2734.0558
1818.674
2566.2053
2592.0798
325.65633
339.80383
187.25355
369.87977
1245.1008
1069.4957
1909.1893
-714.53385
712.305
7240.4003
7076.9597
2117.1017
1197.0965
1694.3167
1717.4085
2770.1886
1780.4395
2053.584
936.28417
1008.4186
1292.2066
314.74083
2064.384
2862.3175
2147.9334
1245.5634
973.99876
7230.5932
941.45034
1069.0341
7030.035
1493.4821
1239.5391
1330.5323
935.56775
396.06501
2139.0502
1608.0278
2256.4265
513.84365
1053.0048
16.691422
2199.8099
396.78038
2725.7851
1133.2806
1960.0785
1361.3217
493.60912
1457.9112
1068.5308
573.63431
732.8706
1600.4459
1973.6339
350.70638
601.48365
1334.3626
2797.9228
1473.3191
1140.7324
7540.9777
1197.8808
210.29973
1908.0477
738.00246
1872.4347
2251.5407
7496.9208
2891.2371
1339.2017
2574.981
1380.1631
2422.4664
605.43285
895.64375
-291.52029
333.60771
2621.6972
1005.2238
1282.8839
1932.2322
623.07617
-173.87639
1963.5543
552.40706
1440.1012
742.79348
1529.4997
1480.6264
1892.2656
2733.4887
2127.6854
1509.8626
1328.2757
2074.6759
1624.8537
1930.8269
488.33319
-4.9470126
905.33072
2651.2479
2658.6915
1288.7785
966.62908
2072.9162
2322.1387
1180.6994
744.20498
2632.1215
1393.4374
2064.0138
1563.9704
2247.2626
1581.2863
1398.6501
923.74174
728.88992
1165.7128
1542.6075
1915.9314
1501.0907
806.13426
1331.9595
2594.203
1588.026
-116.08203
7019.971
2435.4577
1576.1285
2542.1168
892.66074
1862.7054
2263.6089
1774.533
-1358.835
1862.728
1933.0417
2076.6649
1251.6081
1937.7935
925.11355
757.62368
602.01231
808.2406
2244.4166
1101.3698
697.5502
1425.3691
1944.7108
444.55699
590.36664
1741.7091
589.76722
1953.2949
727.85749
2009.1656
615.35748
2700.07
2925.6516
2691.2747
2831.5429
1049.6443
669.5036
2834.7858
2618.691
1150.4652
263.34712
2628.6922
419.86918
2454.7219
967.5745
1194.6596
1358.6458
1677.7423
636.20892
2360.6915
1644.5303
6194.0972
1272.4468
1861.6879
2811.1044
2464.5657
2732.5772
-530.08485
1797.5274
778.57453
587.57031
2162.5938
678.63077
2587.1731
2868.7507
1610.1931
442.44466
981.2842
2234.2634
38.121134
656.39142
1028.2552
-715.47441
475.31849
1358.4094
2472.5439
1512.7538
1704.3915
1068.0553
1629.5552
1539.6152
1384.3287
-60.739162
936.68027
2691.5043
720.21696
1205.1105
1728.7005
1229.7233
798.99459
376.50471
1469.9026
1730.1822
1029.9141
-335.61445
1782.0875
2497.6317
1017.0708
2451.6252
592.19484
1189.6997
2286.5094
2203.3817
681.94431
2086.8635
2396.4107
2562.4968
1024.3734
588.06248
13.768826
2441.9994
1636.1975
531.2
858.5825
2024.1169
2273.3978
2146.855
7011.1405
2066.1242
2776.2113
835.7507
-508.85107
1293.5582
2230.3981
-337.71189
1417.776
289.95655
-152.20932
1463.2523
717.30576
2930.9098
575.2
2734.4126
554.82002
1750.7408
1028.6144
2501.1758
863.21769
1212.8777
2723.6252
1728.2635
1206.8667
1415.7548
2811.4018
422.80132
1897.8395
86.453464
1528.0667
2268.5482
1856.2032
1857.2793
2057.6304
1406.3078
2763.7548
2328.4747
2474.6403
300.70522
2452.2979
1202.567
2311.4317
169.6768
975.78054
635.59223
1120.3491
-438.32184
2407.9393
1711.6194
2950.8195
1453.7654
2071.277
2020.7125
474.74888
-137.34069
1884.187
685.5085
2908.6614
1597.363
1382.1881
1167.6452
1851.2275
2101.8652
1143.5647
1911.9209
1101.1567
970.49004
-430.86758
728.08844
1811.4453
2320.7179
1801.0454
1886.7843
2814.6399
1111.7354
2942.4713
908.27147
1384.3491
1205.1095
219.65822
1459.3567
2412.8994
2068.0017
-308.5062
1481.3727
2095.4875
1409.3791
2289.4732
479.79487
207.34088
711.79565
1487.8133
1110.1491
1248.1958
1182.1556
491.36814
2043.7682
654.09198
39.827529
2151.7246
1061.2214
6783.9442
1056.9218
1856.5999
497.77343
759.52028
2537.2961
916.85448
1963.6794
297.44673
1184.7641
1457.8249
2173.516
1356.8952
783.60305
1893.0111
1469.988
2031.8889
1034.8106
2084.91
7056.8744
761.32398
1590.2412
1202.9649
2108.2034
2347.4983
2536.4035
-293.59051
98.925034
991.74303
1430.7878
1749.0807
2633.1426
2619.4775
2654.7633
-254.15635
1551.8503
403.89083
-87.490178
1529.6199
1344.7515
1930.2904
1746.3569
1091.9219
555.20587
1596.5995
1501.8958
1926.8655
1837.0107
2024.3011
2713.8802
823.93238
618.79118
506.56304
209.96986
2518.0753
1003.1255
2628.7319
1013.4823
1219.732
1181.5566
2931.0041
1133.0512
2605.0082
520.0907
2059.466
2574.666
741.96368
454.00394
-288.50897
240.03435
93.429696
728.07976
525.19284
1661.8624
7039.4183
2870.556
1962.542
791.30363
656.32882
914.07238
2696.2039
2480.6599
642.38358
925.88105
69.218955
941.64598
1019.4853
2158.4795
394.8533
2629.162
1004.1879
639.83121
747.61883
7292.6926
353.47797
1552.086
1472.5562
2107.1944
2184.3874
1671.3909
1059.8714
396.97177
-8514.7875
7120.0354
1682.0522
736.95706
1693.6316
2602.8537
2844.4246
928.3923
-249.2406
791.17354
1649.9206
695.5525
-77.145408
2597.262
1315.0391
1932.9271
1628.1906
2299.373
2562.0128
1077.2271
494.5277
1613.9645
537.02742
1068.3558
454.32661
2422.5844
1364.2194
1947.0333
2590.891
280.02685
250.96684
2777.8562
2679.5445
1184.2151
1316.762
1904.428
-460.24383
2890.6068
2474.3412
1503.4144
645.41628
644.46895
391.59245
2795.1569
-321.08628
2264.105
1679.4774
2489.8014
311.40093
2589.2049
499.11734
1105.3592
1820.3758
1639.2101
857.40321
1505.7698
481.18087
1937.8233
2587.0066
7057.9696
901.19673
-271.8243
1790.2403
1992.9912
2326.9795
1711.5119
2988.6936
2188.2294
2670.0171
1550.7544
2678.4203
2513.9371
2476.2647
2880.1925
1852.8714
1057.0522
80.590719
1494.2369
2203.4941
2064.4607
-725.28308
1230.455
2482.6765
2779.2866
1152.7146
1853.3385
1491.6763
284.48296
599.91938
2581.0269
599.80486
648.78574
2721.3976
78.085359
2156.6809
2445.1098
-0.0070000835
1434.8626
609.7527
847.18277
820.79941
52.390516
2686.0351
46.010589
1584.5492
1281.0727
2348.8667
2417.1563
1676.0054
1691.4877
2700.6099
-408.33276
-233.52595
7041.6345
665.52947
525.3581
485.1333
1579.4216
1895.4452
2345.5743
2332.9312
656.09127
1052.6306
2097.6374
1483.0091
530.83532
775.24657
1047.7287
1484.204
1782.2772
1031.8391
1600.2608
223.73752
1178.156
-341.1962
1218.6147
-91.262241
2575.8071
1105.1116
2911.0079
-216.25126
1324.8853
2110.359
1530.7772
2896.2731
1089.7699
1075.2225
1451.3086
2446.3774
1836.9569
1046
851.9471
1007.7157
-719.07713
1595.456
2099.3936
821.25744
2876.4072
1819.3503
2293.5853
2037.181
2742.7927
959.61059
1459.5938
2011.5574
2069.777
1944.8252
2695.139
2338.9321
1707.0159
528.6906
481.90178
335.92327
1353.2208
2167.1379
1909.9704
-722.22128
1922.0155
1765.0641
567.73085
1331.1955
103.91204
764.07065
306.89173
1535.2985
2583.6189
1173.5948
7148.6208
2392.5433
1942.5026
1651.5265
1742.9744
1577.3631
985.34194
-25.851279
1214.2039
1177.7256
1575.4745
2225.1138
1805.2795
1901.4831
1968.6317
1596.8816
2434.6752
2478.0159
1515.5673
2102.4075
840.95954
1278.6179
1416.6197
1465.4016
771.94204
2650.3065
2070.3567
640.17964
933.54809
2650.6382
20.035796
2572.1214
580.37412
383.60113
2354.1697
1322.1796
1576.5806
957.60406
7415.5972
570.1891
2216.0564
777.13552
1495.4878
650.19641
2498.935
388.3209
1146.1168
580.70374
2265.101
583.16171
157.65764
1362.2544
2033.6656
1235.0829
-164.06804
698.11688
2749.9028
2556.1108
1450.8209
2932.698
1350.3839
1222.0673
2102.5124
1884.9524
995.2819
1599.8154
1252.1428
1286.2438
2517.8324
821.90594
2629.2171
634.11471
640.46327
1736.8312
294.69495
2925.0045
1220.6899
1975.2665
1208.898
1303.2249
1094.7115
682.47101
2732.545
1779.3352
1557.5622
888.36592
821.23595
1629.4697
319.79207
1436.4446
1717.1496
1158.1329
2080.4406
2332.7009
1665.8311
686.48835
750.71211
1552.1406
847.95437
1733.7495
-184.28989
441.88754
502.62637
844.74372
2277.864
1490.8391
1367.7348
723.41198
2194.8446
555.36152
21.201807
1822.5342
857.83472
2436.7391
46.88454
2105.6408
-97.61597
7.5182922
775.21193
1411.0213
1991.9645
1546.483
2630.2164
486.94759
2436.8299
1910.2313
606.24304
1334.9686
1724.5231
670.21951
2315.593
-553.81423
392.4914
-653.42691
297.53537
242.01873
88.856095
592.1305
1259.9187
605.88565
1089.7695
-731.46136
399.99749
1360.2239
2404.3858
930.30252
2188.2676
2721.3081
570.32269
2302.233
717.05899
1953.872
1750.7774
1046.06
852.68727
2288.7784
2198.6079
1712.9029
1944.828
750.38222
2416.5573
331.03154
7287.8905
1348.0438
726.25108
847.8876
2475.8032
6707.5235
1667.0836
2496.4174
1356.6514
2063.295
4794.7573
608.4416
1769.046
1343.8295
561.82156
-587.75959
800.79577
1686.38
915.78166
552.14596
1235.2142
905.22308
1536.5094
878.47836
597.34892
1226.6448
2555.4339
2165.5483
2305.5694
1476.3243
1330.5224
1480.3413
899.02597
1003.0996
6335.7908
588.17407
1324.8954
581.64256
1761.0592
1533.7567
-281.61016
-232.58946
686.06993
2524.9883
1456.5938
2526.8865
2815.2526
393.80085
664.88461
285.81212
557.45106
1362.0505
6264.6236
499.67234
1537.7487
791.13094
2681.4459
783.739
-43.475448
1367.4305
2416.8599
974.85832
1270.332
809.35217
-261.23195
805.15847
505.95658
1092.1506
2412.0068
762.45063
2196.4989
1294.4765
861.67289
2805.8283
269.48968
1603.5416
2851.5549
1546.613
1040.1548
609.6121
943.40398
868.15621
2665.9641
1615.1566
2342.2221
244.21214
1772.4154
844.17544
2279.8588
1569.3454
1043.9528
2994.4043
1383.5888
1742.8084
2383.6339
1629.6662
2411.9773
2569.9145
2514.6757
1908.3689
2061.2077
711.01421
2115.5138
1262.4758
1323.2368
2162.3271
2565.5376
1855.419
353.65207
367.87836
2563.2996
1403.7495
2529.699
570.54384
207.77192
1455.2843
1250.2066
2774.8881
1953.7443
513.10122
1540.5206
287.20859
1557.4054
1433.3107
1457.2655
-154.28745
1043.1992
773.82394
1968.3349
-284.54756
1380.9181
1221.3604
7556.0887
663.65926
1441.3205
769.65978
2145.9259
358.548
211.94911
892.88091
2488.4373
285.9862
1811.0658
1395.2992
1542.2976
1306.4703
697.98279
933.11252
1587.4511
1648.3402
1262.5159
2552.5355
2957.0381
1633.919
1402.2711
636.67837
1396.8402
1415.4822
1529.6747
1444.8713
-136.29276
1868.8935
983.63118
-574.9168
1581.6025
2160.3579
585.12042
1204.2771
1553.7753
2124.7774
2571.6303
913.70394
1433.3305
2874.6475
1791.0595
1308.2797
527.36716
1337.7295
900.219
1086.3572
657.67062
811.24402
1811.1764
819.32728
2385.5337
2640.6224
1747.4024
1032.0714
607.23783
2061.4349
1651.4687
878.48333
2722.9559
687.71088
7021.8215
108.75299
2068.6181
2632.549
2630.4552
1324.153
1769.634
1354.006
2727.0872
167.82185
2366.7959
994.97294
2316.0452
745.83649
721.7209
2062.5262
-447.77999
2208.0859
575.73024
1289.7575
1979.8333
859.87639
383.00758
1184.253
2545.4827
1782.9263
2717.4214
2850.7148
624.07406
883.32713
1361.5983
1965.0705
93.141391
2290.0695
2611.7888
2662.5086
2793.1096
384.24457
2541.0054
240.7289
512.13962
1377.4777
1102.5151
793.76966
2667.2251
2161.3378
911.68049
1111.5686
2117.4216
724.24749
-808.87785
909.63247
2553.6595
1133.4972
924.87916
2481.1394
665.03924
774.89177
2616.578
1443.7636
1450.4333
1572.2825
2521.8967
2530.0053
2812.5196
2749.7354
85.023197
357.50988
1592.5121
1207.0352
565.67868
2479.9088
445.77386
7042.0073
2425.2697
2557.6528
2490.902
289.40863
1908.569
2749.8066
7530.1581
1935.8281
2240.9372
1482.0637
1525.8574
2209.3119
1660.3408
833.63333
1578.4474
1526.3668
1448.0188
1658.7424
1876.8001
2732.2967
1808.6324
221.43681
748.20734
1796.736
1442.1969
2140.1727
2136.6019
1014.8989
162.80117
1356.4936
2340.4136
2711.5126
2729.217
1197.6203
-8.051657
2223.7132
1717.4967
2070.6447
621.6574
2504.9447
787.71874
7332.4927
592.94469
1315.0944
2578.0568
1266.4478
1214.1118
-785.52416
1506.0413
218.6611
832.05469
567.1194
-290.45195
2615.018
1404.2374
130.06911
2676.7213
1158.0905
497.28538
84.029549
732.61853
-322.45732
1333.5232
2335.1749
1242.1074
1333.375
2773.56
1151.5201
879.34905
609.47215
581.93453
1363.454
1456.1909
1799.1105
1052.2489
2239.3283
2411.985
2406.217
1769.9347
1328.1512
1204.0712
1118.293
576.06109
-157.69438
6.601052
2349.3483
1813.5953
1640.3019
626.64815
1423.3914
-40.374802
1347.1147
1168.0434
181.90703
2479.0768
582.49644
7061.8419
705.78306
1793.1497
693.62139
2693.9259
2531.3815
1436.1498
-47.86753
2527.6021
2253.856
1270.7949
1786.2816
2156.1806
1809.3891
2573.0654
1534.1678
1365.341
1742.1211
1995.1921
2502.1668
1616.0929
2753.0831
605.54793
1513.5958
2677.977
2340.1397
1117.6859
-985.59963
1992.6042
604.95376
1254.5109
973.02558
1138.9575
1965.6764
647.5258
878.68044
2506.3685
1969.7364
1390.6535
1890.2319
1338.9529
973.41807
2371.2772
1821.9813
2219.8423
2345.9632
469.72581
2154.2817
2137.8695
1906.2644
-249.85591
1335.8531
1720.7348
292.408
649.28121
2623.3179
2264.3762
1464.0357
2272.5829
2401.1707
2414.0869
-86.584022
1345.0588
1139.8602
476.18104
2665.642
2750.7442
2148.3137
791.93878
732.48993
1404.2053
2215.8146
1800.7962
1847.685
927.79173
1612.6224
1188.5649
1182.9874
1828.7695
423.94209
1834.8024
1014.5472
565.63008
7117.1562
1001.4227
1809.7448
-245.50098
-412.97362
767.67545
414.61152
-83.592009
1086.9114
951.63658
745.24871
2058.749
2413.4428
2692.492
7020.574
432.90182
935.99304
-54.353946
2594.2054
306.56564
1880.2192
596.26104
1943.2931
1622.9329
1547.0777
1395.3695
582.35446
722.15176
2701.3076
1542.0684
1153.8024
1906.0797
89.097869
1764.9995
477.18402
500.23828
1883.4483
1248.4638
2448.5455
2127.3532
468.20255
-151.43648
882.76717
1825.6417
-145.18252
1702.961
7549.2357
2132.9251
922.45453
1216.0651
2672.1182
657.36101
1794.948
1266.6152
1840.1812
1117.0628
2298.7272
1042.8782
2694.5514
7163.4085
2132.5919
2005.828
790.66605
1660.3424
678.301
167.29921
396.29041
1341.4683
2356.839
702.66205
469.59483
2128.926
940.39752
409.9794
-266.79233
122.6399
2099.543
2054.2017
1750.4287
2927.6249
781.1008
-225.42622
-763.35287
1085.8612
1842.0642
1140.4081
2121.5501
1406.2148
1471.4233
1676.2874
741.37644
539.17979
292.2344
867.35897
1042.3171
1380.1548
2299.5046
773.32202
1995.3204
1816.9146
2553.4598
2394.1211
1097.1723
880.25026
2202.0532
352.63818
879.55467
983.82719
1517.6018
2794.1605
7178.4701
1338.5838
-36.397031
1455.7034
1417.6063
1635.0468
1736.5805
1544.5857
1787.0002
1291.8378
597.14375
895.35512
450.20627
4764.8532
536.22106
2383.9509
987.20231
1717.1138
1879.6792
649.81391
-706.15481
494.43355
1223.5379
901.50675
88.818089
1158.0391
484.51068
478.12692
1045.5056
560.41757
1604.607
742.60868
1180.1941
2759.4491
1837.229
1460.8867
1527.3158
-263.02647
846.79428
1648.0313
-240.52971
907.8304
1765.2991
774.98066
682.42745
-428.58831
1463.6774
853.39403
716.63687
1980.4476
978.06401
2323.2828
1249.4973
1106.4427
7026.3351
458.74837
975.73556
1932.416
1860.1671
2107.1566
626.23393
654.02451
2937.0399
-275.02444
2406.2218
1526.401
2195.2663
892.54598
749.61687
1056.3462
2671.0762
1114.2975
-273.70418
594.16096
1013.3763
-54.029082
1051.9462
-205.59953
1087.1589
1362.3779
502.67544
809.8377
-613.96976
992.86964
2720.5782
2367.8469
660.16669
2550.7449
649.96239
7147.0491
2489.2188
2097.1517
742.18017
2787.5457
-47.297151
474.58796
755.59032
2928.5631
2703.9292
1703.7407
502.27501
1297.9825
1780.408
1270.6686
-35.815545
2339.8495
1026.8329
918.56223
1568.9445
1808.3153
-374.80927
7174.1439
1125.7317
116.63013
1401.0065
621.2548
268.17939
1405.1916
2467.125
726.18095
1907.6102
619.86395
1086.6349
860.46994
672.76629
998.01824
2353.0466
1691.3114
272.03443
1795.2535
2511.5763
1855.1286
2661.7767
-57.266342
857.26145
1007.6218
1200.0225
2694.3199
505.35014
1746.1975
-25.857711
1064.1131
919.25857
808.48579
1387.3028
2416.6686
1681.8147
6951.2893
1315.6875
2774.8345
395.52053
2718.8054
-99.705864
2355.0167
2028.1365
2677.6901
288.62358
971.90243
2683.5038
1614.7069
1785.338
640.34457
620.64274
666.43566
1170.2126
357.12356
1529.6666
385.66739
1234.9473
752.97557
1874.142
2107.1582
1192.3558
637.663
540.48136
2112.6986
57.856091
2830.2515
2640.6637
1559.6483
550.78451
838.04707
104.37946
1821.7622
-649.63874
2736.7418
2484.3668
1754.7751
1799.7743
964.60963
533.55976
1908.1472
1864.5937
1074.4389
6994
2693.652
1975.247
3265.344
1810.8087
4763.134
2803.2681
-240.94584
-104.42594
2029.4497
392.2333
2819.4518
-430.84767
1361.8666
1822.1716
2520.9629
-309.66468
293.59548
2051.2431
416.83762
1561.4766
1645.7643
1412.3869
1507.3966
1159.5026
1537.9785
782.28054
2730.4917
57.252674
1406.3682
2626.9729
1319.2643
1368.9531
810.07142
575.71913
888.74867
1215.0112
2140.3879
-827.72613
1508.9234
1304.6247
1992.0038
1464.9584
2837.9395
1030.0956
2679.5772
303.04487
-37.068091
671.61416
1700.2246
85.904311
-521.20255
-350.0238
2846.8298
886.67122
2866.4001
839.67822
2128.7145
3518.4303
488.70296
1886.4466
2329.9332
637.55375
225.54702
1148.4692
2848.416
1261.6414
1463.8438
2763.7655
2131.6294
1389.9034
1713.5964
277.49387
1939.9503
1931.5314
6529.9348
136.86635
1298.3439
514.44145
1244.2022
18.618416
1459.8662
-638.14183
1843.2856
1073.7653
2193.8701
912.38023
1125.9625
1775.6647
1006.7646
1955.6712
1976.8928
-90.755124
1119.9137
1996.1654
2036.7948
1728.2516
654.03512
-35.295052
2858.5052
593.13192
2906.7876
1001.9106
1893.6619
1648.2684
1169.546
2533.5522
2179.134
2518.8643
690.33437
1611.4089
1187.9459
2243.0307
2774.2667
2685.0801
1000.5639
633.54626
26.656497
7147.0514
935.45788
358.81436
549.32178
877.10977
176.49573
1241.9295
2552.8977
776.61199
1687.1978
2649.8561
570.29898
1473.5897
963.87761
1301.9837
709.71738
-61.07585
1574.3295
2767.7067
7464.5714
1705.4827
545.50068
1565.5339
126.62062
635.00907
1982.6931
1446.6013
1971.7299
2510.6118
2704.3915
7565.1821
1565.6163
1923.42
711.59956
1959.4686
7049.7425
2286.3837
1675.5153
2667.7227
399.54241
1401.1596
628.91425
2447.7001
1227.4838
1334.7165
858.14038
1086.5558
1130.8268
1549.9846
2137.3389
887.92419
-63.366171
2793.096
2070.9957
1548.0342
688.26138
2433.8069
645.108
992.92946
30.568114
1090.2195
49.070873
2125.7399
1539.7805
691.50176
1614.9242
1331.6081
196.01586
2668.2216
1372.5729
1241.4888
823.03658
728.48296
612.42487
1816.9095
1038.4516
1219.9041
1377.6065
2435.0656
814.98244
1564.3434
1191.9465
716.29853
2237.2912
-614.0744
7064.3223
2408.652
2025.8798
253.04013
1108.831
682.82826
860.63776
7195.687
2605.4167
2608.0713
1476.6442
-182.7464
1627.0003
1203.9422
120.05359
174.63428
1074.4439
-615.03573
1185.8645
487.92697
1882.1471
1141.3616
2424.1864
-21.298136
1690.6436
1562.4196
598.28532
2340.883
2619.8014
2708.5555
2132.8421
1000.688
1049.4385
682.21515
-267.49014
2558.4669
1760.5307
1625.8022
1069.9506
1787.1559
-235.4475
7177.775
2344.495
640.03676
157.7847
740.58964
1110.1982
1238.7086
2383.0731
2231.6881
1500.8532
1449.0877
1278.9558
1473.7192
779.20729
2578.595
825.98093
1063.8795
2897.7414
2500.2519
1590.9868
903.45404
853.01373
1761.9525
2814.377
2371.0497
-631.80384
852.28026
2609.4963
641.95907
1182.9911
654.79749
-140.85284
1181.7095
2118.0423
1604.2476
2131.1679
1796.7242
508.15166
2312.8342
821.02401
428.64677
2033.8453
-656.69433
375.04514
1149.0022
2246.8459
397.48808
2117.1105
2051.2015
702.79416
1204.7417
2080.6262
1817.0768
1017.7547
1439.727
1396.3381
1505.2959
7118.1962
935.20252
1626.0308
7010.9554
2313.7625
2706.9325
2027.6838
7194.2123
1807.0832
2532.1654
965.45041
1874.6854
857.41547
1467.0252
6339.125
1193.0278
2271.0564
2817.7666
1754.7992
-92.116923
1813.2739
1757.1196
724.00917
1126.6433
635.5908
1670.7137
1870.0161
1709.5398
912.064
1474.0333
1963.734
1531.6241
1902.086
-153.74228
431.56506
1727.8338
1047.8215
-130.43448
1486.1461
1508.8128
1726.8108
2505.7719
2849.2023
1734.5896
7567.1545
2844.4378
976.53176
2652.8746
2466.5057
1700.8981
785.94264
1334.5411
1358.8911
1596.1922
818.85164
-149.20708
2265.1906
696.90535
1471.8454
2591.6384
803.82171
-215.1626
1415.7007
1084.4959
862.35232
1279.4691
-0.11419328
370.6381
7564.5617
2078.8528
897.9671
1517.3401
1082.1239
1280.8999
2380.9988
-488.93262
799.52852
1702.1586
1413.6923
1316.7532
1891.6595
658.88136
722.28774
1690.28
1371.4882
2294.8536
1253.2913
291.63743
-807.76162
1401.657
2386.8982
1743.5744
1027.7329
109.19963
2169.6231
2319.1252
802.39893
-665.16066
2406.1027
-438.61259
1483.3932
1094.3394
2575.7294
1205.7875
1094.8403
1007.1709
619.99631
389.60087
1917.8118
436.06422
1608.917
1201.9392
2802.8074
2846.9917
364.58156
1544.2251
371.51169
1562.9446
1155.4786
1247.6668
1095.3913
1522.8689
-425.86402
284.30367
589.13339
517.61216
1500.5478
1580.6429
1040.4372
2195.9771
1782.1572
1974.6212
162.98224
545.09469
760.92041
7519.6539
550.86386
2292.6403
736.44596
1159.3919
7009.5384
2740.77
1763.1866
622.29595
1441.8112
2678.0483
7042.1937
1945.6533
1797.8519
1179.9156
7097.5097
2022.3032
1609.78
2039.574
2542.6713
948.49004
796.21174
695.54644
972.32471
498.9045
1829.72
2197.1304
2253.6934
-181.27094
1521.1158
1476.2547
616.0576
2126.6234
1169.2747
985.37345
532.05909
2083.2465
2901.8322
2286.5762
796.64427
-38.789515
1349.27
663.87635
2757.6136
1107.9201
1500.6928
2109.0794
2432.8915
1115.3253
1672.9594
1303.5339
1430.9384
1884.0648
2409.5027
822.86855
1066.5733
2462.2615
6967.9727
1173.1818
1493.8206
1390.3877
1830.1637
3155.8027
1166.7343
917.78982
2615.2619
589.81196
1307.4774
2268.713
2827.2167
995.43964
7179.5245
441.50135
680.61178
1509.9177
946.41955
545.38653
2636.8057
1249.1414
1810.5739
1906.0534
2360.1758
7269.3744
73.376445
1626.2293
117.87858
2448.6497
2294.6482
320.86153
1344.0611
-69.139376
1752.6745
657.10009
1134.6424
-380.6918
1052.6103
-469.87307
979.99893
1718.0757
2671.7651
248.77878
1269.476
2374.646
1686.3013
946.08401
1597.9379
136.389
2253.6862
50.067175
2361.0141
1257.7977
-348.03069
1023.3923
1316.0894
1461.302
1039.4559
1133.147
1821.3597
1827.5847
7150.7625
2565.9637
110.35418
2549.1685
2556.8989
1257.0165
1574.5768
948.62495
1516.2971
1966.1642
7304.9721
510.39351
937.51083
2553.3641
-420.44133
2486.9462
1772.9995
1617.0667
2404.2111
2276.178
1673.7385
1339.1562
850.30546
-186.01443
1860.2541
505.15146
1796.6525
1575.9159
-222.7393
1769.9068
480.16946
462.91711
1492.1815
504.76516
467.08123
1053.6917
1733.2953
2732.7577
1250.7389
1206.8209
2575.7524
1126.5897
1864.5581
2718.4578
-274.61806
2705.4607
1501.6298
2008.22
1777.799
2151.4756
-815.38873
469.83225
1580.6528
2612.8791
256.04125
1666.9893
33.037717
1635.9012
701.08607
1669.9268
535.68673
2319.5285
2528.5258
1452.1326
1973.8704
-745.57855
1595.3373
2331.2465
2579.3967
996.509
2175.9839
-337.17428
2791.1224
1213.7836
2779.8526
937.38808
2163.3412
358.36851
2822.952
354.16419
507.26177
551.80629
1881.4488
7108.3995
1945.1887
-615.52709
994.99786
14.190353
2109.5536
1479.0527
1202.7029
2622.7266
1301.0048
2194.5845
2370.0656
1397.5007
1047.2627
2681.0327
2105.1589
1738.7177
2691.504
2282.6808
1741.7145
1682.8732
587.49072
1119.4557
904.25838
369.90766
392.72302
1055.3665
2605.6236
1091.532
1412.0526
1431.543
144.70979
808.75897
1895.362
1113.6335
-25.968144
1632.5753
-32.999756
1583.3092
1591.4587
374.05138
260.53097
965.8554
1327.6404
2108.5924
841.30387
1651.1835
2608.2585
2767.9588
1136.7027
1141.4913
2635.973
2569.0456
2371.8622
2392.6335
561.77048
2135.2452
653.49778
1111.1636
1952.3533
1680.5168
168.44426
415.77362
1445.0279
508.37815
3088.6727
706.72996
1840.4424
584.9058
2089.9084
1849.107
610.61093
2756.2205
2643.5121
1292.1276
793.78821
7124.6419
832.32434
2852.1868
2367.954
188.24998
2454.6727
1318.8985
993.45237
948.55808
1591.7444
828.06793
1226.5309
1823.6407
1193.2283
1811.1819
0.58915424
947.707
946.64992
1751.4045
1488.8831
1439.2363
754.43683
535.41949
2351.4353
622.13402
861.2969
1978.6518
1343.234
1555.2539
107.01833
1509.8804
1215.2991
1976.8829
-18.465036
727.24284
7044.0097
2214.6306
2110.7626
1423.4999
1116.386
1696.677
2553.0608
939.8822
2123.8948
15.195517
2333.2078
791.25927
2056.278
186.89045
2873.4941
543.28693
887.03188
2347.3078
1423.828
2742.3596
724.14589
883.76722
509.50528
563.07685
827.33734
676.41295
926.17684
537.98966
2344.9636
219.53153
7156.3447
1664.1382
1127.5317
2066.9109
0.73077491
1236.8521
1303.9991
388.0024
2517.0812
1725.3749
7193.9568
1484.8383
1779.7356
1306.2415
1336.9608
556.54463
1583.6686
2252.7388
2052.0587
1933.4995
1826.3632
2227.4331
-366.79456
331.21553
1935.9315
2579.3805
1183.3046
2953.6411
2231.6739
988.57045
104.66947
918.66781
2607.127
1920.2127
7130.5714
1218.9344
1281.2292
2955.4419
2715.2036
2530.1376
1431.7194
1445.5153
966.00227
615.92488
1598.5872
445.71216
1584.9225
1862.6753
2598.6696
2166.7871
1913.6089
840.34796
6887.1827
1178.1392
378.8112
1859.9699
51.942771
1922.913
2488.9773
692.73549
538.5659
1692.8903
617.90317
2541.655
549.02316
1225.1789
232.35637
1960.1604
899.65272
2629.3962
3008.8801
2384.2138
-326.16566
670.80113
562.59093
1929.9831
2691.2929
384.3453
68.723063
7187.081
2056.2623
1379.2373
409.35583
2328.0723
1621.3647
1223.2624
1247.2179
2054.3416
1804.2268
1071.1304
718.63451
765.46051
1561.7483
1099.4216
1318.6998
523.07425
959.68275
2526.8975
1467.4842
741.49714
889.84369
985.63543
1236.2976
2027.4393
596.9453
-736.69804
2816.1267
939.32044
1531.5862
6243.9022
1462.7975
1607.9488
2163.2037
1720.0739
1449.7339
-134.11229
1641.0116
84.277001
680.82856
2038.5757
2187.2481
1817.7588
-415.79473
1147.794
1359.3215
1548.5488
2774.7757
1758.8641
1576.7045
904.89768
2897.8885
851.96717
1921.1386
999.48662
1503.1425
478.07393
778.15344
1134.7571
651.58163
627.22741
544.00129
700.18607
633.49689
231.4865
1444.7027
1390.8998
2322.7667
2363.8038
231.37676
-468.35581
1015.6893
1900.8403
2177.0039
2630.479
1818.8917
1842.6746
1479.4629
1144.3591
1741.0031
1406.3047
150.59522
2696.7765
328.84978
2484.3809
-188.28023
1566.4137
1357.6552
1416.2137
526.9419
2052.4777
2391.2566
939.93033
1912.8926
2332.7771
2768.1528
2677.5608
1736.7227
2501.4608
566.37683
1320.0741
-30.071513
2378.7313
1256.4244
1073.8727
500.73297
410.20378
758.54532
-86.125332
2654.1812
2271.7827
768.61956
2626.1849
1557.5345
1553.0707
1042.9161
1153.9767
1700.6129
1389.4097
1023.1192
2028.5097
2577.1314
2525.0832
1053.5402
249.6323
1211.4157
1011.6452
2682.9785
2549.3495
1787.6606
1650.4227
25.231966
-28.209829
892.05954
2712.7945
1125.267
594.26536
1435.0112
724.8187
224.63968
1473.226
673.09127
1154.9187
1013.356
2576.9337
1331.9115
222.91853
738.7925
2562.0585
-785.33089
141.78799
1846.2984
2428.6493
931.23568
1574.0735
1838.8195
883.52512
2172.7095
1249.302
1894.1428
2267.754
1252.1965
1453.3387
1575.2689
1584.9859
2013.7731
-239.74028
-178.54931
1210.8058
316.40923
1571.204
2412.8907
-269.30832
183.6749
173.4979
800.87735
7035.2862
2052.1206
1426.6439
2892.2225
-128.82137
575.76571
525.68218
1315.9877
-128.97649
1725.397
1678.9586
7338.4095
103.96929
2621.9627
981.93045
1016.9823
611.61448
2041.7832
2142.9692
2118.927
2478.4288
2822.0756
1665.5198
2011.7526
2088.5756
626.04917
6982.8666
397.35536
-58.579139
2110.8921
978.79539
5634.9541
422.73179
-97.350342
1641.6546
1903.9892
1878.7193
2294.6346
1031.7302
1462.9155
2207.4542
417.29854
1416.3611
728.81685
599.00591
1606.1398
970.43401
1606.4498
1562.624
2818.1713
7052.8574
1205.7848
671.84303
2186.9352
2457.6732
2064.4134
697.83966
1040.9516
2800.2585
7363.9138
414.00923
-189.13815
2730.7036
2660.678
1193.8478
290.85072
1156.2396
1734.0877
2105.5595
2690.2753
2669.339
1725.0943
623.39962
2436.0303
180.94764
519.61374
942.41952
890.57526
871.66685
941.98243
1531.8829
2001.2179
2344.5856
2614.3484
1286.3729
2469.3154
873.82562
321.39854
7447.5428
1490.0632
2098.9513
-743.39075
7499.5003
2740.1971
-680.58549
542.87341
1120.1742
-834.56815
1059.8395
902.3336
2241.5683
830.80977
2320.7192
4287.2623
28.546279
1941.8991
1930.0663
1891.8641
7408.1545
897.76779
2047.312
2657.5746
1355.9154
-7.3181789
2489.1383
2327.2866
1104.3981
1798.7231
785.79243
-679.42743
1929.0615
1171.0299
874.30944
2005.4781
1131.412
-289.83541
1187.5464
1898.6006
-117.83131
18.98917
992.78764
2181.2224
1401.4325
1525.7643
1355.9868
1260.0133
821.5813
2846.6367
769.15245
785.49399
1717.1964
1994.3154
1293.9556
603.8105
2541.0831
908.72206
172.22699
1544.0237
700.4372
2297.6038
163.43666
631.17444
2077.2571
2875.6289
1735.339
2782.0164
1353.6902
552.3204
-753.93358
1299.2717
797.56522
2505.9225
2891.5161
975.46955
2330.4551
2570.3909
1324.0942
1379.7438
2012.741
2209.1222
898.78929
2650.5493
167.81798
1170.611
1936.9732
1181.2709
1583.2827
7216.4454
2841.1037
1334.8355
1460.9716
1567.106
1855.7485
2405.4617
636.13228
2449.5503
1601.3374
337.33036
2152.0662
2705.0442
1958.7503
1245.7496
92.563849
1464.3075
1547.5228
58.149176
1820.6796
2539.7571
1390.1148
1200.4627
1413.4123
1313.6993
2561.7709
2202.2396
349.55955
1430.8037
558.99346
1476.3454
1738.4171
1429.8769
591.10549
1050.1604
835.13053
2611.1931
461.78517
1435.0916
1706.7961
119.26745
1931.6869
1028.4952
2422.3075
2576.3524
2537.6038
811.68122
1154.6431
1352.7347
2215.561
648.70798
1641.6185
2452.6399
1174.9166
871.03624
2043.7942
1030.5336
2618.6364
1092.3893
1630.8428
1384.3394
-307.77469
200.25852
1234.1328
1704.679
588.43209
1791.8906
1188.3043
197.67602
-778.42171
1216.2655
273.52128
966.4736
579.47034
1201.9666
1817.7755
1795.5309
-86.857394
2676.0348
813.24497
1176.9861
1361.3
945.20346
1619.3091
1258.088
788.63351
-142.7023
1663.3712
1069.7376
2828.6177
1848.9901
1374.6826
1218.0458
2270.7381
1793.2506
2216.368
1845.0339
533.5418
1113.696
7324.2807
658.47098
997.0249
2421.423
728.938
383.78479
2612.6635
1201.015
-780.4063
1806.2118
2814.4003
1648.2069
755.69235
2714.499
2687.9173
173.02599
2363.0316
7121.5526
1441.8538
-372.41958
-362.74603
2501.2147
1063.6101
491.63027
-322.34727
1662.5214
2387.2919
1826.5377
615.97015
-592.82069
182.53939
2506.9285
789.34998
1655.1328
165.20411
2821.0976
823.80766
1201.4532
792.19021
2803.7122
903.71923
1890.2938
-377.67597
2709.781
583.72919
548.7546
7480.2486
1975.1236
750.01934
2675.8793
967.69873
-13.731186
1584.6767
582.2706
2006.1178
1758.112
135.62393
1198.4847
2474.0973
2227.5085
979.19931
951.82227
1805.2561
982.91173
2016.2499
792.16726
691.30903
2671.1667
2147.0434
363.08471
2640.1753
1767.9482
117.36296
2739.1094
1217.5206
1893.5555
2204.0363
800.47043
4531.4716
565.14108
1795.8266
2561.2828
815.3977
671.0371
664.20373
986.27247
2220.735
775.87674
-768.13831
1644.682
922.14788
650.80042
837.06297
2091.4198
2571.1229
179.75006
875.8597
1908.4458
690.4223
794.18794
1543.8278
2840.1165
1326.3913
2472.2552
1602.1114
726.13293
1142.7579
4845.3808
2510.9821
-517.65706
1756.5438
1334.4317
940.37319
2844.4888
1430.4416
693.00038
2995.6189
1560.6212
-194.27715
1921.7463
1225.0094
832.20095
557.76999
1918.7073
7192.0288
945.18981
2434.082
1671.7083
2658.1094
740.36329
934.96058
504.45788
861.45408
419.4615
1437.838
1840.6493
2666.5453
531.97308
836.88548
6972.4547
1295.9373
1694.9463
-199.91133
414.90864
2483.4068
2429.691
977.3705
1561.6267
1714.0388
1267.1775
1423.3126
-119.8208
2541.1122
603.18265
2283.4226
-683.77704
1152.4356
-50.524822
1103.1927
-168.99715
1486.1347
359.98257
1531.1579
1980.0581
2694.1791
2920.5484
2148.0182
1390.3408
1314.2101
2581.1339
1569.9635
1161.8338
1400.4657
1873.623
453.47795
1043.718
2317.7032
-281.23201
-825.63112
7182.6718
2842.8702
2565.0921
2503.7625
475.55183
2658.5766
540.78821
1486.0972
484.28423
268.07035
890.12005
554.76702
1653.0521
1055.0454
185.99067
2601.1299
-604.30146
814.24556
1542.1144
2668.0633
640.29329
2911.1967
805.84799
1499.5117
1623.5383
-333.77568
730.48771
1943.2288
1168.9924
1981.6829
1152.1634
-309.46597
361.67584
1587.562
410.57003
1282.9244
-439.39023
866.74401
-84.253431
2570.0531
2259.6703
1939.1483
420.22113
1724.3994
2478.0338
552.55204
1143.9054
1129.7813
2494.5616
475.64864
1860.4097
1851.1269
1392.2389
1354.2896
1083.8727
-291.13897
41.052006
2589.3656
-292.92938
1194.7153
2347.8147
237.00042
1063.5127
2338.8762
942.05529
2342.7612
2048.4556
372.36802
909.87302
1108.6794
2444.9071
213.54329
-709.62253
2613.999
766.39742
810.57289
783.52181
857.33549
598.80632
-57.510184
1033.4941
2640.1532
1068.2136
2725.2343
1240.2556
535.89368
1692.3437
1542.7207
1163.2804
1649.3108
1172.6889
1219.834
1629.7358
1321.6017
2911.2347
1873.626
747.31008
1424.3056
2816.2893
2483.8927
1117.5708
2082.3909
558.55396
2547.2359
1828.881
2854.4294
2187.7865
2394.7276
1484.4634
1316.8588
1227.1543
2283.5539
1365.0723
1750.261
745.3405
1077.3626
2023.3549
1254.9944
1821.9017
847.46054
698.80645
-504.11901
2311.3055
2858.1098
354.56077
1034.3612
852.13027
1329.7861
1912.4002
1530.2832
1215.5444
1040.6324
598.91152
1579.8095
686.35602
738.07671
6991.5637
1540.6617
1242.6035
1476.5702
1790.8779
1084.1884
981.09329
2198.5254
2668.7719
2396.6935
1812.0581
1410.3709
595.19885
1910.123
673.20123
2336.488
1288.6989
2923.0296
1524.9176
566.85125
2139.9057
2551.4215
459.61522
203.77813
1232.3768
1545.8607
440.0504
360.11979
2460.1757
449.77389
1365.7251
2836.6179
2287.5561
421.49397
191.00799
2564.9319
2461.348
447.33388
-590.1482
567.15461
712.72984
2419.3304
1106.4129
397.23259
7092.501
2044.142
2812.2228
58.884825
2855.0853
1380.133
-491.05742
1015.1586
2061.5538
887.62233
1724.3142
745.34134
2718.4279
2546.2368
2035.7437
678.7769
2655.0683
2732.6954
1998.9018
-182.38058
1811.6574
1176.0705
1731.949
517.2701
487.76692
-299.19849
1927.6827
2468.5034
1523.7215
553.76945
890.41305
2285.7876
1548.7477
1366.8857
654.42836
2605.3953
1448.0315
1829.2329
2144.6395
2371.5228
860.10566
-188.06531
2641.5049
-325.5614
2611.2205
1233.6211
680.74992
1712.8765
1977.7599
1484.0226
648.47074
379.54552
942.90088
891.8961
2634.0455
812.24498
2757.9723
2355.7794
1547.4702
1376.783
1472.98
988.65053
1518.0404
1215.8283
1486.8071
2478.437
903.05963
1224.8171
929.63591
1220.9383
1840.2624
1485.941
2458.3029
2746.28
2691.7889
-9.3008713
2372.7815
7509.701
1447.5314
-598.54893
1836.1872
1938.5283
2557.1747
1704.557
1749.0642
2400.6444
2347.4292
2378.2226
1583.341
1573.1423
-315.92933
922.80889
2702.8796
560.69361
917.18558
1066.9177
1612.6155
2420.3199
2575.5334
2139.4372
1443.2874
2666.613
2225.685
1676.958
642.01719
940.73994
81.695612
1053.9593
1093.3505
2417.8422
2578.195
536.31397
2123.0882
7049.47
2172.6658
1556.7575
831.10288
323.89151
1732.1476
1689.3946
2061.5669
2611.2131
1540.2843
614.96434
691.29066
187.68611
7013.7738
2802.57
1605.3581
1494.0308
708.01907
763.06122
1679.0467
2414.6788
399.11039
661.49032
773.97563
2729.83
2284.4284
1070.0382
2575.779
-214.40663
1106.737
1251.1119
1207.9734
7213.4219
1600.0826
1340.6444
1602.5001
1789.4355
1051.2794
1104.1722
-180.93766
1810.2847
202.49193
1153.1232
420.05546
-704.31917
2238.4243
272.31864
2930.9551
7170.175
918.62424
1695.2926
2826.9217
7194.3087
-90.1736
2292.0769
2268.2737
1585.264
-366.9235
652.07179
7128.7525
1081.9491
2378.2822
662.68715
2320.0894
3075.7984
2380.2325
425.97959
1154.1415
1953.5479
1799.1729
1845.6533
2225.9795
-357.04783
1424.2349
978.47615
1226.9954
330.40178
514.52383
30.618317
2361.196
1295.455
2771.2277
2422.8552
1736.0748
1593.5617
7567.5735
1469.6856
2198.9644
735.61136
2093.8281
1926.4684
1880.7043
1248.3921
2290.2785
1180.0367
1689.9151
1728.3034
-490.77942
1726.9306
756.96333
1069.2908
1792.2169
1631.3246
655.26496
1688.9419
2685.9587
1500.6251
1.8220581
1316.1485
2182.7134
2132.5323
1221.6011
910.34727
1439.0727
2611.7543
2195.8555
2661.19
2278.2215
1102.4288
545.90342
1114.3803
1357.4002
2360.451
1196.4345
1158.1782
808.89294
521.54602
1447.7025
2736.0066
408.99058
1561.5912
1309.883
1223.0796
717.51375
7007.0765
843.78951
747.17375
1901.3809
1450.4914
1800.5726
1966.4975
1505.2766
2165.3441
1934.3903
1936.9239
2129.1346
392.80245
1623.6816
1640.3015
2399.4311
2025.2447
2071.0015
401.50591
1347.7948
2590.0045
848.81707
7165.4086
1236.4875
1609.8696
886.89059
176.50003
486.78174
1882.6694
-61.413333
2026.5275
230.02522
437.22376
2101.2491
407.2025
6569.9113
1629.3053
1999.3103
2308.1965
7551.5255
2517.6625
832.9655
2662.5686
-682.71023
1920.985
775.20434
1647.0243
2680.1482
481.63247
1812.7606
1680.6818
-126.43176
1300.0054
1656.756
2265.6344
1139.1917
2490.1159
1864.2372
1514.3445
1806.063
1520.9684
1484.0519
2647.9175
768.74251
490.62012
2018.2814
1700.0641
2582.1802
1025.1525
816.95721
1723.7599
1062.59
3132.1574
1499.9704
2462.0694
1453.1937
2530.1489
7169.2461
880.35166
-1745.725
871.54817
-755.1131
470.48569
1278.9164
671.17896
1687.7796
1382.4022
1359.5611
741.28365
733.58263
1528.934
1621.2486
1883.9128
1999.1314
642.98111
1337.3257
1441.5955
1337.6622
564.0431
616.08508
2030.2421
2308.8534
987.58546
2277.2939
-47.054527
420.2483
1964.6426
1529.2574
1620.5031
2119.8069
1173.9741
1476.2206
-132.9919
1051.3268
1651.3115
1919.4427
115.3727
1874.8257
1083.3662
806.69609
1302.8391
1121.6695
428.6341
7089.096
1890.3156
378.13995
-698.20977
841.41976
1419.6717
2274.3149
2077.805
895.84889
223.05089
1478.5225
2795.3992
1030.4031
2790.2321
1527.8051
2365.5633
1509.9592
2036.0666
838.53469
1184.6434
2107.34
1574.3854
2503.4163
1793.8496
629.95193
2599.7681
1647.2959
1366.5929
2371.8694
493.53133
1398.7553
1802.0186
1100.7664
2627.892
1084.3448
2072.0916
2598.0381
749.69173
540.84016
2398.4578
1629.341
723.8597
6046.5311
377.80287
275.73006
424.86925
1472.5577
1684.6871
1788.4836
2144.664
1191.0852
843.95142
2008.4458
2571.8543
578.7882
1961.7817
2839.4386
1937.2099
2835.4624
2506.2465
1606.6553
-23.924012
925.22604
601.17444
2311.3822
1118.3424
-16.395712
1846.8082
196.4526
-218.8039
775.49387
1440.3
2182.9806
1031.7107
1583.1647
2144.155
1781.4275
708.77006
1690.7271
-729.66827
324.14706
5655.5296
1245.1366
-19.394878
1356.04
2729.6519
373.4967
1420.6167
2198.7706
2114.7739
2105.0199
2089.2666
1684.9619
2796.1363
2312.9052
129.59906
2343.8217
2705.0907
1119.3549
979.61494
1517.3036
2757.1764
1069.2964
371.48089
693.19921
2724.2385
-46.701457
544.33033
2502.4325
521.99611
1778.1475
1816.3501
789.62741
7182.4815
665.84185
1228.7863
1299.0947
1429.1744
1856.2756
2665.7081
969.79842
1244.3338
541.47084
874.67503
2140.4538
2490.6322
810.25002
998.49237
1931.57
1185.6577
1099.0288
780.18168
7036.1675
1199.0023
685.14185
1539.8685
500.51234
-172.97406
1952.0893
1455.0965
889.14723
1269.9359
1487.9613
2364.6189
1165.7343
1690.926
1931.4785
-38.826847
1141.1798
2371.09
747.20393
1467.2229
2058.2994
-454.55416
2287.1638
2105.734
1353.4905
126.83923
1952.604
2638.4497
1462.8669
1604.1382
1518.7365
1030.0184
2123.7507
2559.4436
-161.05575
962.15663
2865.8108
77.83764
2653.5783
1626.8516
963.88019
507.56327
2431.18
777.22485
1079.1147
722.32503
856.63401
2327.6131
1721.0773
680.49773
1843.9589
-641.90819
224.51703
2397.4507
2471.8598
866.36136
6655.7497
1953.1604
234.43575
1792.8155
2566.9339
730.50701
719.05576
2149.593
542.41982
25.611406
2300.6593
1358.2724
2742.1025
1632.6249
1073.1378
1185.1612
2506.5954
2683.9079
676.80437
663.12067
1940.7625
2508.0882
2089.6974
2614.5582
475.38972
1703.4292
2638.3809
2751.9838
659.12305
2659.8672
2218.7196
668.03229
1044.8312
174.76861
1277.8358
2633.7262
-284.62228
1953.1608
1661.4575
2735.4025
2508.1566
2765.2918
1980.1917
-266.14843
1970.2673
1745.9099
2201.9704
2177.1681
2643.5008
386.39728
495.4444
2392.3874
2783.0852
1471.1663
266.76313
1443.5712
1475.4383
359.48453
2606.4312
986.08265
2355.6743
1993.0928
399.81306
230.39952
11.216894
583.40326
-314.32616
1255.1954
599.94968
1109.8268
2278.0599
661.96445
2486.5171
2684.6786
2316.6472
668.44105
1962.1285
1166.4879
1400.8044
2149.9107
790.64481
789.46995
1942.9198
398.1884
7406.8802
2367.4543
131.71584
2852.4743
1637.5484
811.04626
815.95766
794.99956
7321.8545
1806.8713
350.09676
2527.4941
835.01719
2624.3647
1824.8144
2569.7423
2010.6738
348.34283
2633.3624
7174.6224
7229.6795
47.517905
1225.4815
2802.0262
2022.448
768.5798
1123.9066
1580.9281
1878.6876
1555.2621
1038.5676
2139.091
1257.4016
967.0978
1225.1548
506.88843
1639.2923
-443.66434
2921.4489
1955.017
1359.9763
769.95982
2216.1876
1961.1188
919.18097
2416.1211
2191.1407
2312.3831
1143.9953
1068.309
1498.8945
1792.4556
179.6499
984.85522
2003.1609
531.88152
1760.6138
563.61544
1558.2473
2852.6221
2132.0476
790.94934
1455.7198
959.88578
1878.2269
1085.195
1136.3133
1394.5778
1096.6116
2253.3849
1195.5219
2871.6553
1061.8342
-130.0925
1423.6139
400.06879
720.66805
819.88096
822.97582
1896.847
1975.9302
1756.9507
2347.5121
1505.3486
1632.3337
6665.2046
774.47748
726.97239
405.5418
260.99947
2545.6021
-22.398728
1605.3879
2328.6215
7189.0207
1320.1835
2641.1835
2536.3963
358.39574
1743.0165
1109.4301
1939.5638
511.69562
1849.6012
7121.5569
-172.03414
766.56175
1918.7257
1844.9262
1982.989
2608.5861
1716.316
685.43211
1374.0023
2227.1256
-772.33178
1458.1084
1230.7974
-574.42479
1385.9286
-577.55252
2418.4024
588.98347
507.24706
2524.4578
48.752355
256.98387
1860.6773
266.28452
2236.9154
679.15325
362.24417
762.97995
1902.1197
2529.3883
725.26013
2540.0073
1513.2078
1498.0414
2373.2361
1775.296
719.29674
2720.8359
1239.6919
2192.9752
1061.3473
-784.5672
2340.7232
2076.7558
205.42447
2809.6524
2000.8027
847.99421
-981.44556
2803.6496
992.46963
1100.1607
7215.1121
1276.3656
2669.5384
505.12153
80.028897
450.59062
2005.6259
7025.6183
2569.8349
622.38715
1785.9021
2305.8907
492.83135
828.14322
1840.3954
772.32959
1836.5402
1191.3762
1564.5469
1542.7585
2232.6691
1182.1817
1841.9927
2627.1227
-374.35055
2307.3081
1087.5856
2142.0249
1787.423
1792.5763
2202.5053
777.69752
17.448492
-587.05741
1274.5961
2020.267
2196.1638
1553.7834
1787.6553
934.08703
-391.82765
1308.6618
1246.8707
1214.4172
1842.6837
693.80686
2711.0114
2351.5975
799.48538
-120.10713
819.66098
758.02679
2002.7858
713.72355
1141.0589
1861.9268
1667.4031
1278.4342
1955.9221
2373.5084
1167.9409
-213.14937
823.90144
1307.1391
417.1059
-214.70018
1749.4771
6986.3471
1823.2425
1710.9457
-790.38276
1888.0427
2218.1773
421.7935
979.79962
1602.6377
645.18575
2719.7902
2551.6729
2148.6715
2026.3477
683.77727
2691.4756
1768.2739
335.32947
2144.816
2071.7253
2297.5088
2526.8624
1978.6185
452.26148
729.10394
90.337468
744.90071
1109.7967
1846.2598
1597.4655
1346.5913
1883.4608
2793.8179
2159.7498
2126.4182
2513.6489
2785.1775
321.20805
348.08822
2756.3645
2789.1486
1384.9627
1260.2686
1289.8983
2143.8823
2370.3659
7100.3427
1852.8984
-686.61022
-2339.4315
2692.4905
2776.0735
1269.6677
2644.3353
486.11073
2609.6786
1705.1161
-104.61969
1922.2989
1206.1563
1824.011
2264.7021
7232.1283
2567.0537
1889.6561
1293.5935
1602.7221
1092.376
532.65311
827.26588
-278.72289
2233.7399
2598.843
1286.1344
2542.6458
62.404743
6399.6042
1000.0483
2095.6658
627.27378
5859.3819
793.07363
847.27408
2333.8105
825.94711
1838.1958
2501.9155
1768.5325
839.65153
1143.029
1599.1937
2676.8619
996.26314
2121.1953
808.14923
1136.0722
2329.5113
1157.9202
7039.5005
2364.8114
2547.4525
536.42463
1528.8959
2196.681
1195.1304
1841.5058
930.99438
2102.9402
1430.3221
2011.4369
7357.1264
1751.2291
388.85511
1682.5098
2029.0947
781.25323
2151.8739
7157.6339
2145.9851
1742.581
1890.5471
2512.8075
2615.4229
7025.5863
1322.3707
2402.0091
2401.53
1661.6791
2332.2908
1998.3152
2081.1004
1931.2888
1800.1725
779.43936
645.95929
728.23757
1562.847
1442.378
20.012281
1876.8685
1938.2655
547.58435
1240.2983
2213.5633
1357.3414
488.44652
540.87088
804.40845
1099.4142
585.66447
2751.355
422.57481
788.87864
1487.848
1772.6322
1769.8674
962.40964
1195.9835
1438.7128
1887.1383
7014.0085
958.24196
852.10453
1565.8615
-300.94286
2208.7101
7029.7818
2523.3194
543.43569
1185.7772
48.218376
1748.3853
1016.1727
2552.6509
1206.8272
2564.8212
385.52426
1207.404
1294.3151
274.56069
589.45501
102.86035
451.44528
603.67166
2826.4808
338.03524
911.42233
1163.1128
2164.5696
776.2092
776.96023
2583.0571
7022.4482
2438.3104
1898.7728
1250.6796
2522.7979
2609.3105
642.20225
753.17344
2239.5729
1209.6801
2491.5284
892.47972
-142.6571
771.76714
546.68235
1731.4859
1820.9138
1667.2043
716.97162
1484.4231
2436.0052
1198.0351
-25.47869
7335.5389
413.37484
1101.1302
2846.2966
7397.3181
2387.2672
359.24398
2439.3995
1775.0073
1450.3567
778.42088
4454.8896
2273.8706
676.26322
1002.1273
1019.0582
1094.5901
1151.8674
2619.4062
583.76699
752.16156
-107.38019
7152.7755
2334.7813
2079.2163
2337.9691
1123.0889
2109.2027
2906.2314
993.667
49.516328
929.18738
1300.4855
772.46371
1977.7276
632.13101
490.23622
1549.0528
-366.8004
-668.12476
1762.4721
1598.7212
2075.0055
380.59417
1792.5722
1595.6722
2026.6355
1217.172
2457.3607
1155.0678
729.03184
2080.7145
2551.6337
2633.4605
1806.3268
2029.2734
-383.24648
2647.4254
2618.8116
2035.4006
1756.9856
1605.4602
2270.8221
974.66368
2098.4398
744.26983
2673.9997
2319.3788
637.54128
1418.5938
225.88137
1337.328
1963.5636
823.38041
1929.3138
7501.829
1449.5148
2029.5614
932.73475
425.20172
2511.971
1950.0368
2310.716
2204.6897
1001.9832
1389.6095
1962.8065
763.12787
1370.2698
1086.622
1986.4219
2002.6441
119.23919
1831.3932
1626.8625
364.6408
1412.0347
1263.1747
1009.4287
2332.4146
2555.9037
1615.227
2920.6395
1473.6681
2205.3177
816.94459
893.64593
1104.5794
2035.6949
1343.9405
1843.6123
-216.82625
872.9134
142.56039
1181.9515
2298.4644
2130.4989
702.27475
2600.0694
-219.63358
2800.9019
1251.6224
1917.6389
2018.1944
2837.6337
972.4878
1705.0927
2547.4242
1704.4196
1806.9408
2022.9892
1841.8712
2655.4016
1181.3916
595.95992
1739.2918
1818.6056
1002.5708
-703.87288
729.26628
2101.7628
593.16378
1784.0723
147.9703
1931.989
1735.8292
1102.338
2147.241
1861.2573
654.56419
6781.4586
2075.9837
2632.9339
2586.4406
344.38457
2701.4836
462.91771
1370.0358
2798.4994
491.30794
327.5271
2413.9259
1593.0686
1011.6787
215.89128
3381.9983
2097.2087
124.97478
1109.2521
-119.33088
2117.328
2698.3472
169.39132
1553.7823
2251.1468
2505.9058
1084.8126
179.0108
1834.3442
1725.7516
1538.8448
2159.5513
47.348558
2749.0596
2775.2117
1758.6225
-631.54553
862.93649
1024.3301
326.81242
878.79138
965.25286
1033.0979
1740.8214
2513.5154
849.40813
2504.6244
857.15185
7081.0661
1075.7577
757.60665
1308.8217
2105.1009
1707.3263
1272.3099
1166.8677
2871.9433
878.63899
2521.5306
518.15157
2898.4213
1125.7294
1451.0802
1316.3807
1284.554
192.48098
813.63391
2523.3416
2172.2131
2752.4648
342.82932
1239.456
1204.6133
2078.3919
2261.2748
2753.4558
2768.4764
981.01739
1984.0592
2360.9969
1598.4525
-201.07301
2206.8817
1935.5342
1093.4412
1249.1875
881.11214
323.91762
899.52851
852.25967
554.66987
1283.7312
-167.01664
402.66563
-1.066101
1633.3553
1297.0194
2707.2199
2382.1297
340.03824
1340.8195
2496.3913
711.77322
931.67406
2400.6158
875.62989
923.59504
1635.5708
1037.9846
268.47813
-280.36778
2099.9905
2077.8833
1726.781
831.53724
-321.67286
1274.6414
647.32916
1319.0566
2082.6953
1546.3717
1369.5707
2762.4091
252.50425
-84.179474
-524.23443
930.05672
2023.8714
1893.6389
2382.0171
2030.4778
1371.3081
498.83209
2400.935
1326.2241
1318.2952
-777.28933
1323.6574
2758.44
2369.1287
2656.0392
2623.2272
798.16797
1576.9209
1654.8987
870.51703
1827.5261
2511.6344
1429.6789
2418.3002
1522.4832
938.32173
1043.4232
1370.4928
-254.19938
599.98841
1740.0261
551.45788
510.39616
2093.9907
1540.7591
7100.8265
2892.8709
2062.0743
2239.6663
870.5117
667.2506
961.08358
-195.49044
1148.9936
2603.5834
1342.0466
-314.4038
74.825621
693.57606
1692.451
2027.3693
381.00329
2980.9352
-42.720341
937.93305
1125.6603
1871.8777
-339.0741
1671.5418
1367.0828
850.18212
2864.5748
1156.9075
1581.9769
2201.9368
8.0704422
944.20062
588.65913
1998.344
293.72445
2998.945
1608.5806
1144.0175
2416.7111
2800.1114
877.4641
1461.5571
1273.2671
2571.5406
312.84603
2088.4152
1557.7682
2040.4793
338.34082
1280.0981
1304.4909
2123.5279
705.16308
2607.724
2413.9494
869.87334
489.45683
978.01868
2618.1518
856.84733
2310.9518
1850.1339
2455.1651
1824.1614
1269.3038
1897.6831
1171.6458
294.62402
2802.0303
545.21095
572.0442
440.30088
1992.994
762.97843
2276.383
552.53333
1365.7924
1120.9903
2273.9192
-403.98378
3315.7486
2833.3017
1299.9039
2222.6774
2205.7007
1098.4601
1530.0094
1322.8468
742.23406
1797.2396
7256.6655
2061.4031
-773.172
1561.4508
-378.19562
1773.0611
1938.4359
1245.395
819.06132
2584.4961
7041.5954
1961.3984
1614.5759
2438.4682
968.02833
2553.5683
2060.9587
266.27707
1221.668
126.78584
2066.1451
-387.16044
2853.6363
2426.4886
1543.6686
708.37712
2133.3284
2440.2001
2193.5472
2189.4245
679.26699
1583.1163
1598.3436
1491.843
159.2028
1533.5087
2545.1694
7403.5452
2578.0266
1623.5591
597.46446
1862.1498
305.51926
1085.893
7237.5452
523.44746
595.43029
2744.3961
494.26615
592.33975
1498.5643
1155.7585
2671.0799
2138.877
2468.9503
2665.394
1015.8908
1921.0434
2439.9863
2251.289
7049.2659
6945.8354
1939.706
965.89825
447.08803
2140.6055
1408.1449
2630.5476
2038.6392
-27.918162
3440.2967
1707.814
1376.1816
2323.4716
739.325
961.64554
985.11379
-793.82939
2405.7837
1186.3083
831.02401
682.87939
1180.0564
1195.7162
1670.6726
2875.0772
2183.044
1228.687
1242.669
819.6886
603.53439
989.64026
2699.7947
2894.1512
1406.3551
2775.7553
2009.0901
7033.1542
989.85769
2340.5245
2000.7194
2003.7928
352.13439
2591.0991
1200.7609
2583.9239
493.74047
302.93484
2580.6642
927.00789
937.66062
648.75213
558.71885
1799.3767
957.32295
794.12494
-645.68293
1993.7217
2593.2345
455.71848
1973.1246
6742.9051
1188.3828
1307.4233
-779.53319
2262.3758
224.5881
-207.92462
2075.9153
66.771147
2234.9673
2019.8279
2138.6893
493.7208
1618.5055
806.73395
771.70652
2963.1527
2594.3602
2512.1392
1804.586
1854.5535
2779.3362
588.44273
1540.6047
2670.0741
-305.91208
2867.6038
7520.9059
1009.6295
2076.4537
2359.3833
7549.9192
1488.5549
1668.851
2007.9904
1159.8661
810.0612
1088.6889
856.19126
1650.9095
2619.1653
7134.2762
2951.4664
494.62742
2260.903
1588.3848
2469.0584
1921.2755
1966.7487
1016.3887
1578.6762
1079.9344
845.80624
505.3927
2011.9727
1159.0829
2704.9227
529.1129
1139.3408
1631.2128
986.8368
324.1359
1809.8536
1824.8131
1122.8966
1451.8166
392.44852
514.33991
1557.3986
1932.8296
2189.0277
1283.4821
1244.5864
2793.8675
-459.6562
-52.626139
2016.1219
1271.5474
1351.2484
-395.14783
2829.2138
1245.8252
1657.5961
1998.6123
1117.5543
703.01309
1034.8427
2102.1381
1479.654
391.08397
2271.068
1419.827
532.70661
2823.3184
1346.9584
1376.635
946.15272
1179.6476
1548.2765
2809.0893
854.54985
1855.2856
2551.1154
468.22425
1608.068
476.43814
7063.5129
1427.8111
7181.7713
1063.3039
560.28558
1379.8535
2520.9871
1150.7468
1513.1557
2512.7483
2050.2786
2049.4959
1619.4021
7490.9646
728.51126
1098.6911
427.01931
589.76122
2456.8321
2427.6778
393.51568
-111.1654
2121.2286
1454.9346
2399.3584
915.66057
2580.3149
376.11311
1444.5584
-306.05188
1364.7112
1145.3659
2275.158
2203.9148
1345.1652
-207.05111
984.86032
2320.3507
2943.2316
2605.5744
2685.3617
2825.814
1838.5527
6926.7168
1556.1058
719.3149
649.84029
1361.3642
1754.9908
1876.8701
1042.4042
2099.1364
2801.8897
2248.16
952.73617
897.99184
799.60596
799.54296
2144.8873
2831.021
443.67665
2746.1333
2174.6014
280.19324
2552.2902
2265.4212
1868.3633
2233.2661
1906.8049
1564.8704
557.90629
1970.601
1674.0056
2667.4066
1569.8704
2144.9355
641.87153
442.9863
1355.7012
2177.7683
534.72512
2590.8991
2104.8197
2470.5741
1459.0199
1180.943
136.1815
-173.3203
-35.017803
1856.0784
2867.0028
1097.6434
1576.1066
879.93128
7202.0998
1116.4804
1827.7686
460.51229
-539.43996
-298.03209
1561.6292
897.94965
2617.192
2559.5586
2113.2509
1496.8914
2413.4985
1008.2294
1751.6722
2608.3705
2392.5256
1901.8946
2044.2675
334.67009
1931.353
2977.6811
516.50837
2494.7444
1077.5775
7035.6428
-778.62171
933.89363
2467.9038
2379.1315
439.74681
-317.9781
2440.8759
719.86617
2167.2215
1725.9169
2683.3593
-136.60491
703.43943
418.47857
1147.2202
2551.9631
2116.2607
591.53595
2726.3731
590.19853
1982.7519
-271.67159
1191.0581
696.87783
695.67152
1699.0829
984.54606
1451.4303
2739.9392
589.76409
125.12206
2316.7579
-673.20559
2019.1544
25.717728
1346.6188
1989.7992
2269.3338
711.4212
1914.5027
1347.7312
977.17829
470.44046
845.62566
-24.194112
1611.2407
699.5308
837.72862
1472.6841
1751.5897
840.47928
-362.18459
1461.3171
7431.6731
-339.52631
1283.8076
1360.6445
812.2585
938.73398
1978.8852
2594.4021
1250.0338
2181.9893
2183.4235
-25.043093
969.69623
864.82213
99.140017
1708.2981
1355.6962
871.55926
2027.009
2104.7133
1454.2665
618.55958
7348.0759
1526.1211
2757.4609
1322.1142
2727.0451
933.27259
2760.2404
1074.2296
610.8183
5.7393038
1439.536
496.43826
793.90435
-173.05366
1314.0506
1275.8643
1426.831
514.87766
1290.0931
1048.6308
2209.7364
498.13602
1118.0526
660.38317
-24.486204
671.0773
1042.2758
1017.7562
2548.6212
2225.6877
2692.3
1511.1145
1944.2717
1542.657
818.17881
2559.8823
1102.7553
1153.8311
1246.3156
1346.4992
1888.8135
860.49657
1222.8065
250.86205
1085.4604
1108.6174
404.99502
379.23595
913.99526
2815.5326
1097.0428
7194.9435
2232.1592
762.84926
751.79096
6990.7742
432.44852
1300.6318
1830.7285
1671.4627
1365.5621
906.74469
1890.0743
2157.8411
-618.14783
1239.8365
2146.861
-37.383202
-296.7742
1000.5321
2365.542
124.80666
609.87084
1005.0253
1527.946
1893.7992
528.73251
587.61947
1953.4255
1428.11
563.34644
1028.9115
1921.5357
359.16616
7188.8909
1889.6442
1488.0296
356.98468
354.3883
144.44687
824.1973
-209.43249
955.80537
1130.1224
357.4446
178.2787
2199.5605
1048.1138
2748.7285
2812.2134
2240.6568
1123.7084
2187.6456
1850.602
1767.0084
6617.7574
1701.3209
2022.6235
2520.3441
7193.4824
2366.445
530.32269
2903.089
1571.3562
2352.659
2867.1153
575.18932
1760.1334
2018.7556
889.46516
2598.0323
2320.8582
1470.2117
540.18597
2497.4768
1002.6469
1461.4534
1937.5438
2269.721
2590.4003
1003.1888
1544.5652
1230.7048
401.30191
443.29299
983.80783
883.49313
1660.5692
648.00498
2033.7746
1474.36
1904.2166
367.56944
271.85341
2614.87
1711.3918
731.00029
1780.4442
-452.66498
819.46084
2641.8344
1520.1331
7515.3272
1842.5309
2606.9102
2385.0112
39.464605
786.92455
2229.4414
774.88271
1661.6029
2575.4392
1878.0858
2629.9285
2313.7747
2666.5948
2178.1005
1291.7769
1998.9212
306.54477
317.0372
1996.1967
1602.2493
1492.1417
1349.0511
774.27492
620.66675
-19.281475
-213.18213
7116.5945
797.81876
2617.1965
2517.2347
1141.555
2769.3964
1731.3844
1028.8045
774.01833
2127.8432
1388.2276
715.76381
2271.3472
1730.6909
729.34305
2167.0768
1173.5293
2726.9078
495.21301
1506.4925
1904.9626
379.17664
2609.9605
1665.9933
1283.4
2399.4524
620.4846
527.55308
2497.4972
1649.9138
2466.003
642.73317
1176.347
660.09163
1667.8961
-773.3153
1736.2383
656.93928
592.66598
-44.500228
186.35854
462.71794
2474.8838
2081.2995
1864.6523
1365.6358
2584.9647
2801.3058
7479.332
2391.2586
1013.7578
2655.2597
1582.2189
552.44046
1313.0402
1986.344
1035.0935
518.86533
395.24198
1260.2392
2219.0702
1629.5
1971.4013
1642.6895
1344.32
2889.2048
2600.9364
1846.969
2537.1381
2236.3096
974.00785
1890.4681
2587.8525
277.6175
958.74531
935.91838
1254.635
1906.9358
2198.452
1504.061
669.40107
1835.1004
1070.8163
2571.3829
743.73048
1160.4059
926.61438
2671.7894
351.3814
1083.6253
80.690741
1371.0548
67.123686
1046.6148
660.62087
2655.0209
2459.6828
1870.1263
-233.22983
1593.8974
2253.4744
715.75365
2149.4566
2778.0816
299.99205
2261.5707
600.30713
1678.4947
2477.7339
2899.2504
2093.1847
1571.7766
981.75053
336.40929
7068.2701
1123.3274
1912.9455
1605.2169
2047.7898
1316.7652
2269.9493
1739.4881
2410.4495
1607.7432
1372.465
481.32976
1266.1575
1202.2123
203.66562
259.89036
425.09416
1810.1182
240.438
1994.1451
-211.89133
2583.3057
1577.9786
504.19777
1590.124
2598.1451
1296.454
1642.6555
1687.0304
1274.9083
684.3276
403.89637
2077.8288
1063.8391
2518.9069
2003.2223
1671.6959
1788.1776
2200.2966
1618.8501
2128.2773
2329.4017
2534.665
2201.264
1481.5777
-56.947442
2627.9792
873.15066
1051.0264
1351.9768
226.17179
1047.3354
168.13481
1779.1476
-164.06678
1859.1153
2088.4612
7554.8266
816.74923
2593.5332
2172.8634
2390.7869
1023.3078
2294.8374
771.52758
2313.4969
2576.5
12.992935
1267.1909
2259.3849
268.31298
290.15442
576.00429
1181.8293
401.32148
1568.9904
1679.2528
407.99166
2772.2721
-230.91194
2891.0319
2279.5212
652.07583
-493.2965
2154.8408
2349.8819
2211.4954
2200.3184
-116.33038
1548.8359
2357.7848
1361.2742
2811.9799
2515.2753
1308.0185
452.73007
2531.731
1375.3143
2258.5943
2874.6373
1567.9318
31.578793
934.53537
2009.6454
2603.2868
2039.0492
2830.9315
220.6466
2649.9654
2430.2247
714.52756
1451.9936
2547.7057
1069.9588
481.76907
589.5669
2417.3859
312.89213
2024.9651
-281.64735
1633.8093
-420.56311
1657.1431
1556.326
-119.35147
-310.68569
7011.1902
2226.4486
2297.3531
2289.4328
2031.9723
1349.9844
809.09894
1567.9037
2079.5086
2682.4134
446.29569
370.24746
1861.6253
-623.83968
-563.87423
2010.8025
2584.7147
-351.25493
2230.962
2831.0545
1273.8802
1189.1251
2541.2228
1644.6513
2014.579
525.78775
2052.4361
1655.5233
2717.1052
1661.7152
2100.7586
1989.5341
935.94336
322.61385
453.05438
2364.6911
2170.0425
674.63012
2621.2297
2276.113
1688.6716
7133.5204
7628.2514
-806.15158
2433.4477
2703.3898
805.31406
7165.4459
2573.503
1559.2409
2083.9979
582.11079
2340.678
180.29276
1738.4182
1241.8169
2153.8638
581.77162
1258.0444
2766.9218
372.06991
1939.5438
848.17978
700.71592
286.91856
731.9107
1624.3808
2208.6774
515.6835
1960.514
1308.9921
1368.2861
122.73869
565.73603
2041.7334
378.41233
1649.5242
1845.0384
2583.7105
1612.882
704.3571
927.17355
-223.21332
2383.4218
47.505297
799.95976
2501.0036
2703.7662
1370.4658
2508.8894
1559.1639
2739.5561
-153.78381
2201.7779
2205.86
2135.0265
2401.248
2454.9533
1664.226
549.94726
2222.3329
2361.3377
2851.4923
2714.4614
2906.3026
1628.1636
1029.9466
774.96829
152.86254
2869.8881
1556.7783
2206.7637
441.0726
737.95185
408.09011
1714.5612
2297.042
1910.0867
780.01824
2182.3797
2012.217
983.36985
2782.0747
1772.407
954.43293
412.23571
6.5329419
1746.3205
1251.9534
650.58674
582.33907
2170.5452
1217.8625
1449.8751
40.847072
594.48989
355.40348
1991.9525
156.66033
598.99384
505.75372
1405.9983
-90.142953
1545.863
2553.0975
2294.5097
617.79601
908.37733
595.26038
1933.5818
1404.0239
1970.263
-637.14631
1877.4791
3143.889
1395.8636
1505.716
2498.1498
1560.4451
640.33065
1883.8327
2297.1202
1493.0027
2166.6516
1531.3756
1831.5503
1687.0074
-788.68219
2412.3223
2743.3429
437.03558
548.37561
2606.6911
332.69181
86.404434
1067.9149
7007.1252
2242.5599
368.08358
2479.3977
1726.1183
1524.6647
892.80597
-298.74121
3290.6384
1411.845
1045.3543
1621.6601
304.64694
2604.947
1550.9389
2923.4887
775.35686
-298.53005
727.48045
510.74407
545.66817
201.05474
1759.6196
2414.7485
1613.6187
487.15085
440.00611
1143.7574
171.39993
2394.751
2241.1315
-597.62101
2201.0044
1199.6936
-240.44006
2412.0608
2827.4229
673.78466
1744.5634
2345.036
2955.5591
1405.0583
-378.00615
179.24095
1199.5839
-53.9421
1625.3956
2811.4648
1019.0388
881.48923
1546.6479
1020.5815
1895.3743
2332.2963
-220.65682
2379.5972
906.82719
2224.1162
2292.0623
1595.749
457.8964
1999.5077
-3.2838617
2820.098
753.47866
1250.6809
1843.1265
1591.9843
2714.0705
1620.5556
1441.3957
2577.9648
1269.9632
662.48053
2470.1383
1897.4433
1367.7259
601.65622
2921.389
7023.6219
411.15389
2412.8978
2483.8857
556.63357
1068.5965
2604.3626
1366.4409
2597.2561
1295.1953
1982.9455
2400.4119
873.32517
2121.1747
6116.0114
2249.9338
851.83481
720.45621
2023.4911
1203.7951
2587.3906
448.82668
932.90084
1133.0667
975.28694
1096.9046
7482.5693
782.8381
1331.4783
760.10873
2233.1878
670.9472
543.65789
2856.1791
716.74274
264.78742
1482.526
1810.6131
1532.9467
2404.1377
322.71914
2472.137
863.86826
1563.6334
261.58081
2779.0659
-384.84135
771.75808
-474.02625
2029.9245
1007.6701
891.68329
99.582771
2612.5717
1240.1071
-732.3562
802.73585
2308.9463
1226.4128
-844.68473
438.84543
7206.1592
549.21597
1809.8867
1015.3028
832.67275
2744.3143
542.82134
1905.5143
-521.67654
1835.3322
2294.3898
1924.4774
368.83376
538.91709
2604.5763
2439.234
1174.8627
613.33308
2351.9644
1171.0739
1992.34
465.39708
1578.0222
2214.9066
1939.5658
1530.9006
1818.754
2232.7116
595.18302
733.68202
7252.9666
585.04391
883.72432
2416.753
2761.1509
1007.363
-120.94797
-177.53842
1348.3502
2756.2371
2522.5179
1364.8062
1917.8313
1513.4426
3922.468
2493.7648
1575.1059
1817.5551
7434.3976
1353.0613
482.1033
654.36667
1214.0013
7076.8959
1410.0991
1454.5764
2760.7847
1165.1488
1041.7401
14.161412
2397.5037
2164.8812
2118.7111
-478.53137
1674.1066
2274.2778
1192.6172
2633.6985
804.72183
1558.3015
931.56549
590.84933
883.06824
1003.2342
2339.9134
-671.40234
1554.6176
720.52594
-228.19425
2098.3487
7098.8315
1983.6364
1849.5444
955.75706
1677.2418
1581.2342
2270.865
831.37234
409.39198
1854.9931
-13.771013
888.55338
1999.6267
-261.7972
985.3272
1448.5134
2459.7888
1407.5307
1846.5936
1703.9237
2433.6817
930.82993
1294.5212
1864.3067
1072.7729
2268.6097
2610.1387
2858.7164
2355.9281
2265.7258
2613.8499
1613.7869
693.28763
1273.9733
506.90005
2178.8911
883.70759
2185.8958
1213.3742
455.58005
2023.5556
2749.4644
940.86683
999.45149
1318.4529
2122.2181
1618.4277
-1025.2212
2401.2244
891.56385
1799.9008
1155.8124
261.05776
2408.3736
2481.2461
1156.5952
834.8072
375.48621
653.40834
-166.90707
555.36641
-246.68345
1690.0125
1748.4368
-110.60892
777.95958
3192.5336
1183.1608
1646.4394
2360.3492
1714.7288
1057.7669
17.48484
1607.2343
1818.0243
471.98749
547.98664
2361.0317
-463.91566
1651.9647
820.28884
1306.7591
2658.1408
35.963394
1867.0102
822.09137
1216.0778
2401.0602
2259.1567
-399.11353
-278.26014
2215.1804
1509.989
1526.0402
2236.7345
976.57586
759.37286
2250.149
2350.6787
681.99545
1545.1492
709.22139
2736.6984
82.307114
374.88792
484.41758
329.33539
1444.5535
2349.4475
2521.3246
1002.9386
1784.155
2745.2507
317.99412
637.57963
2002.887
242.71233
1350.5338
2322.3073
959.5376
880.34996
549.25227
327.8519
2812.4671
500.80145
1485.4671
501.95932
1074.9886
1384.1331
1742.5462
-13.521494
2654.7267
-229.01474
2826.6662
2116.3807
365.10858
-102.40001
1828.2447
1665.1702
1728.3714
-668.10395
-794.67384
1476.2855
2285.1105
-498.39127
1623.7367
1709.1533
1144.6309
962.87365
-465.83864
-340.88872
728.75055
517.75396
1245.6786
833.53384
922.01451
1273.1614
2433.7617
566.31769
1996.8849
126.54601
482.96132
1078.1441
2489.4725
861.77172
2641.4065
2656.3321
982.55476
2358.2206
2440.7165
1294.27
1853.1327
2578.1222
-239.28459
630.11332
1730.0635
2913.1472
2265.3888
1581.3298
851.89043
2256.2243
2068.0623
686.59443
553.39848
848.02069
2307.6889
1031.8262
1587.7605
1004.1265
594.57079
1991.6427
7597.286
982.41068
1344.227
2778.0856
1183.0113
2551.5187
1329.8335
1995.7751
-749.24975
2570.4264
546.07987
198.80077
831.8918
596.77145
1963.4093
2201.1954
1854.5627
2694.0356
-522.51651
2436.273
2689.6221
1928.6523
1734.4892
1251.6266
1192.3245
2130.434
2434.7327
1216.598
-82.691671
830.55708
672.26487
1006.5903
543.43625
6163.2337
851.54762
2077.519
7052.5878
7060.1639
1102.7639
2581.1385
574.85486
2630.6896
2030.7428
923.17151
1837.6977
1290.9646
1922.6583
507.31502
2574.7616
1645.041
2154.7259
1119.265
1073.1752
950.11276
1568.8677
2626.568
1811.545
1559.6985
2490.0517
2134.2872
1630.355
-271.18137
2170.4504
2902.8252
2122.2389
2415.7529
2073.0178
6521.86
2719.7105
1546.3169
1576.0044
2981.4865
-57.826219
1482.694
2016.4179
1329.7431
2764.4263
834.14712
2740.7295
1500.0928
2343.2157
1762.5407
2855.4391
2029.2114
615.83996
2205.5741
1145.7166
540.39824
531.22562
-288.75973
1461.9267
-87.126301
2316.8761
2590.4098
1149.6363
759.17807
6777.8657
2621.9755
2760.1608
982.41038
231.82313
2346.7828
628.42912
2405.6821
2284.6496
693.85466
908.81978
5441.5792
741.88205
1218.896
548.2339
1865.8394
1851.0317
2255.5784
686.72799
1537.2909
2472.5611
2481.747
957.64114
1526.1691
611.05923
986.83063
1711.1737
1664.0664
2320.5707
1477.7638
7173.5539
7463.2682
400.74411
25.423747
7583.1916
1992.7938
365.68823
755.9487
1264.2949
710.665
1553.8493
1523.1514
1102.0578
1696.7458
969.80165
2275.1798
1429.0485
724.57838
2537.135
3191.1042
2208.7914
1747.3506
1921.6895
2458.5961
420.02183
2968.2649
461.66771
422.0857
1124.2293
511.55673
349.69873
1936.7134
-791.13102
793.67777
1288.5018
1858.5974
272.01968
1680.2908
1922.7378
-18.786567
3120.5849
615.06707
731.58764
6679.3579
2094.3203
1570.2861
2065.748
45.900174
549.17008
517.984
2588.1814
1776.2773
1191.2014
1644.8136
1243.0236
1986.2756
-192.8221
1457.3696
2568.8071
2747.6909
2149.2678
835.36497
736.31506
1412.1527
1461.9802
842.21868
1726.2163
1.4345756
1534.24
18.933617
442.98101
1095.0394
450.43248
1778.5158
1885.7631
2793.4164
760.03233
1108.7874
1568.0747
1744.8592
2209.4183
497.03628
1136.1649
1405.8591
775.5881
2020.6472
2428.1085
2851.6903
807.12321
2167.7991
2744.0117
872.55323
2475.9056
2454.5197
2016.986
2316.8051
536.6963
522.75637
2490.1495
1388.5042
586.17193
2694.3968
1607.3323
1400.5772
2085.6995
1207.3937
1250.553
1264.4071
2260.1692
718.34366
2169.1538
655.58476
484.70142
1233.473
-186.98983
972.35671
2830.831
2523.2528
1391.7615
1368.9194
1161.8193
1271.9205
2401.5482
1769.2224
473.49357
2087.9555
761.17593
2590.7271
2066.5555
1088.3711
7136.8242
2345.5737
2571.9364
1161.4299
1070.7274
2064.2642
1546.2802
2028.2761
2555.4043
2915.7709
1336.5758
553.11472
1543.6238
1550.7215
2670.4013
2115.0464
1308.1147
1196.912
-289.95048
836.55992
1064.3762
2328.1199
1979.4795
681.19808
54.247008
2700.8508
554.45191
2426.265
1549.5386
1729.1422
2576.013
2208.3905
1634.3487
-8.2526819
3076.2632
2522.3588
480.45616
1654.7537
1248.3351
1825.5801
1666.3566
668.08434
2749.4588
595.76447
2526.3772
1195.8857
1765.4637
1608.4305
2688.41
1490.7311
1821.5029
964.85985
2222.3153
523.13274
531.76936
1775.5222
1819.852
1868.0038
1673.0045
1190.364
1690.5773
452.51432
207.38036
1566.9803
721.5096
2426.5073
2551.3829
-13.618865
1374.9488
1946.7595
1074.0349
301.3685
904.04409
905.77247
-243.53615
292.63305
2316.841
2434.4282
2078.7956
414.39199
555.86624
1134.3689
1423.3314
727.76715
2600.2539
706.14458
151.81036
1611.9901
2153.06
2687.5343
567.79235
1572.3508
201.73976
4995.2304
966.48076
540.48155
1955.4313
1859.57
1440.628
471.81633
-103.87198
1687.0275
1986.5748
1837.4271
1094.9771
1418.3686
50.696956
730.80588
7188.5782
303.25079
1879.4005
-629.81665
1401.1431
821.80373
7016.6415
1997.8521
1537.0538
2597.2462
1931.3562
2645.2961
216.84152
2094.9059
499.88327
1839.5992
660.9745
282.90957
1743.7659
2374.67
1848.4437
2175.1883
322.24863
946.57787
1942.3561
1311.1771
972.61748
804.37315
1966.2984
1772.1711
196.46368
295.25695
2148.2249
2130.941
873.74995
1718.4971
919.56507
1025.315
956.03056
765.54533
1487.8266
2138.2998
2591.5247
1057.3235
186.32859
1978.2578
480.83973
1426.6362
472.94951
2093.9127
525.59643
-298.68641
2357.1154
884.93561
1064.1257
237.37896
1792.5316
299.79107
1272.5778
630.9531
2582.2502
2964.1503
1691.2658
-382.40146
2668.7467
537.94114
-110.31601
7250.6515
953.65211
2208.4784
1223.4758
301.17844
347.85913
1163.0896
2286.2898
1034.9685
-666.02175
1724.3657
2816.2062
1651.8832
2459.5368
452.94121
1729.2397
1909.264
573.49046
1903.9176
631.07594
966.56137
2639.6164
2834.7825
1953.4615
7377.6592
308.77447
-216.24091
1490.0443
1676.6605
258.68988
355.01794
2316.2617
2339.6758
1041.5612
553.42446
1345.0144
1455.6107
470.49441
2539.4029
-326.29682
787.78304
2707.8149
1271.3706
-311.69048
800.08108
7477.6631
1185.4154
1205.5509
378.16486
699.47443
1893.1013
1982.1559
1934.7179
174.26117
7033.9288
2634.3664
1816.512
1718.2732
2611.8563
-35.926944
1520.0721
2732.2122
2332.1095
1444.2983
2160.5433
871.68447
1343.3261
512.31762
2601.2725
2580.6256
7554.1367
1938.0353
1878.268
412.1301
922.625
1786.6214
266.69577
187.394
-116.01533
7259.9802
2454.6405
1425.5532
1790.8233
121.72335
1179.79
2470.7068
-364.13616
2619.7136
2132.8147
2623.8152
1712.1996
2050.1482
2068.5317
1573.5934
762.05371
2672.7144
1084.3641
2577.0337
1448.2961
-108.81246
2100.1281
754.05135
1932.6445
887.70317
2416.815
2571.1788
1953.5272
871.01374
861.88478
1062.7119
809.28685
593.54262
1073.4866
2029.2563
17.002453
818.9556
2550.2195
1492.3912
1289.2779
282.73105
-339.85585
-279.50772
652.58816
1700.1448
2521.2256
1128.9668
825.36103
2066.4337
815.72363
1276.6927
882.47774
2437.8531
891.38241
409.92291
879.4136
2280.1765
51.849276
1221.7318
439.2851
1521.5623
131.01518
1011.1282
535.31523
929.57039
4.7207576
2936.5325
493.3918
2685.0762
636.1479
7229.4423
-179.12165
2860.9365
2390.9785
988.68689
2325.7757
1157.2398
2402.6871
1851.6896
355.76032
721.85489
1405.6987
1481.9607
2610.5704
1557.2973
2577.8901
616.2833
1595.2312
2730.2735
215.71725
145.23018
2287.6929
2311.9663
921.99326
1250.6805
625.45704
1424.474
1745.6876
823.1849
1364.8472
1699.0794
-471.99899
1701.7116
699.9262
930.12274
362.89271
1911.0833
482.53466
2502.8364
2206.0346
2311.6936
-335.12486
2011.0816
1491.0055
2506.302
1200.2645
2035.8998
2411.3959
1419.1897
1762.3595
1517.6223
1602.7865
2552.8895
1254.214
2286.9914
2507.0262
1638.4728
2628.0915
684.77847
2202.5964
415.71619
1372.3113
49.358283
1279.1215
1268.2838
1346.5265
2103.2241
-631.69852
1661.4507
1181.6371
-256.08651
2711.5987
1908.269
7405.0143
1774.7431
622.56597
1762.9928
1611.1062
1573.1387
609.00545
2686.5437
2676.7769
1269.6995
88.087062
9.4887277
1399.0702
-13.538486
1896.2406
277.03549
730.55362
2545.3976
869.77754
984.80777
2841.0091
1902.2335
2567.2998
1802.7182
1251.3125
553.76092
677.07032
1486.573
2647.3452
462.52131
55.436951
2419.5345
1313.3894
2645.4289
1395.3869
7042.1694
1030.281
1725.9769
449.62113
2648.9829
-22.817448
459.43512
1004.1727
1867.485
858.97598
1525.7518
898.22328
2245.9816
2361.0218
1790.909
2231.2204
1599.1053
1345.2483
2619.3138
2593.754
2217.6545
2789.98
2602.308
689.05152
1908.8082
1374.2267
2574.9412
-515.18351
1931.9818
1375.4015
720.32755
1241.9341
1244.3108
7068.3966
427.74559
2765.7582
-132.88659
2542.0065
998.59592
887.05604
782.1783
1171.4829
616.72736
1051.7567
1226.6969
2453.6386
1393.8977
2251.5076
578.19077
846.00369
963.30518
2040.7394
1697.0768
2205.014
974.33364
1043.9198
1445.1817
2164.1785
2317.8237
1529.6727
2587.2088
1078.9267
960.62272
2593.1199
1376.866
1419.9914
1743.1687
549.77721
1082.411
817.58878
-452.6271
1461.8997
-310.54739
2527.3906
-243.58262
2580.9932
1870.2938
-174.15372
565.31966
804.68216
-5.8720822
2798.4966
2648.477
1717.9595
1661.5594
2953.9566
1822.5811
2761.1171
1308.2254
2615.784
1988.0567
703.10443
2129.551
374.3418
2201.0053
1042.1367
1357.6336
1335.6568
1387.8674
2077.3594
2682.2239
2045.2045
1786.0473
2351.5575
2766.28
2782.1791
-6.9098137
904.87105
1883.2278
1289.9256
869.97445
251.70368
1057.181
1084.2019
999.25788
2958.7442
678.46046
1999.8614
414.9378
2149.6857
2744.0656
1122.6717
2655.7322
1617.4357
312.59018
2099.0272
-436.50497
2332.9711
1743.9956
957.01827
211.43421
2801.3349
2610.7973
1238.3433
2354.8489
2676.4678
-84.718542
1088.8303
2208.4593
2006.1137
1636.9971
2284.5282
2603.469
1197.1959
7093.814
1480.8316
-692.20499
-670.71994
2818.9052
725.01876
2760.2597
1080.1727
2385.1997
1284.6662
2326.7879
1983.7112
736.23448
2525.4728
1677.0194
853.80043
7443.4375
2499.3721
466.4772
2510.6935
2566.4865
2673.2672
1151.414
372.30104
1089.2126
7458.0887
2047.2836
1533.8259
2286.8461
1230.7972
-223.63996
1722.0408
1992.0014
-28.528819
702.61607
1074.199
2431.8057
762.99386
1294.7683
405.67382
259.14911
-641.40844
561.43213
351.73851
1636.6865
-89.615765
2946.4922
2198.926
645.19888
-352.21347
2.3447965
2865.456
1056.6236
2225.8895
2363.0107
1272.1187
2435.3892
654.41144
472.66914
760.44977
334.18587
1974.8713
2672.9269
1286.6732
416.66976
1900.6372
2775.4328
1443.0473
1828.2969
2063.9519
1928.4247
2403.6277
2380.3575
2042.3453
283.30903
1384.2944
972.17469
1188.0439
2762.9212
857.08911
308.88286
2491.8531
764.20432
2943.0872
2030.8691
989.78061
2778.9855
-368.37594
2904.1742
578.09932
7524.7158
105.95522
1736.2263
1657.6093
2472.7123
-0.80517281
617.78773
1444.5122
2365.638
969.47229
1734.3234
2986.1284
690.32692
674.37555
1829.8793
615.15684
2739.6251
2765.8833
2207.8563
7046.0274
2191.8368
1264.0373
908.81069
2201.0715
2393.1739
1550.6141
845.67509
918.42066
7037.6575
2523.6383
697.73924
2470.8511
654.46799
948.51754
2262.2206
2696.9004
595.30303
1322.3812
-210.72122
606.30022
1156.6868
2232.8012
1229.3363
1539.0457
1326.7078
2684.769
553.09808
1989.9934
7164.3832
314.93159
576.85137
2653.6448
1273.9955
867.55052
1473.0891
2117.0242
334.38927
1457.9632
-537.48892
7171.4695
2337.8842
-667.55282
833.10291
1179.6884
-131.91961
2358.3569
-245.79342
441.948
2489.145
186.09529
1679.24
2722.5367
-792.84975
2483.3427
1749.3949
2593.148
1711.1414
2086.3486
1236.4654
1602.19
2072.05
1719.3174
440.63941
2871.9165
1074.8389
589.35534
1339.0225
411.93248
2199.7691
1694.3506
1867.5618
582.36168
1098.5546
-699.68573
7319.5664
686.96155
2811.2356
828.72166
1084.5935
1097.957
2121.6972
2096.1933
489.11664
1621.1225
536.71161
2107.4618
1930.1853
1304.0421
1056.6684
1874.6852
470.11926
907.3538
2680.5677
2455.1753
959.37134
2233.1233
978.09331
2650.9559
2308.0826
2237.9838
1082.2939
2707.7571
2554.7621
603.0982
1603.9484
654.83927
125.43424
1836.0033
1769.7789
-181.31255
1926.6493
1612.2888
928.80494
766.49497
7079.9256
-86.024994
214.20655
134.33587
597.9766
1058.7249
896.46717
7501.6493
2876.0171
7210.7876
573.44285
2411.1431
1393.9704
562.73775
2807.6458
2599.5588
345.7679
1305.1502
670.09285
2325.0402
2009.567
830.82405
2821.0337
1679.5854
346.72954
-358.5552
423.07391
924.91271
1951.128
1541.7208
675.29108
595.64649
1764.536
805.87551
267.97738
1753.0823
1396.7149
1940.1967
749.32109
1583.7335
1627.4285
1219.7197
31.704624
804.27841
-501.68747
1407.2785
2430.1995
2828.1603
2388.1309
1140.2612
864.74926
58.829327
1697.0765
1321.2666
884.73591
328.0315
2583.3178
7017.318
1331.6403
2835.3361
2721.2567
412.86932
597.51124
478.26327
2604.6494
577.98184
1470.3282
257.15095
1410.1163
917.80984
1738.9806
1593.9308
2.6272644
1248.5213
2138.3597
1970.6982
1595.7639
983.84875
369.47368
1870.7802
1159.3068
1448.0362
1535.7197
1233.6491
1909.699
1315.6255
1624.3479
2916.5111
2037.1336
1952.7216
737.38184
2463.6998
626.05618
1271.3286
1378.3588
588.25138
-76.967929
1153.616
151.96665
1745.6787
7068.4914
803.59054
536.58408
2175.0859
2180.4141
1413.1669
-59.988312
1515.7224
1941.7914
1670.2774
1819.541
82.679809
1942.6633
2037.8965
2504.8911
941.63336
2445.2708
1680.8899
2130.8688
464.2929
1975.9707
1450.0669
-484.0065
2433.1345
844.50225
1677.155
933.79218
1019.9958
133.79027
2145.3323
1683.2242
1052.5089
282.69091
1627.9629
1251.4719
2629.7295
1446.6261
7350.5846
2594.0116
1409.8827
-745.62009
2280.5866
1585.7246
1844.7474
18.838048
349.71478
533.29636
1922.7082
2440.7363
541.09343
1268.7055
933.11433
952.1521
1575.1568
2809.0876
-47.786996
1074.9093
2391.0559
547.02046
1294.3012
691.04074
1116.41
1442.8015
1210.8896
7376.6882
716.12018
1279.7669
2684.8042
965.32872
1824.3361
2079.5831
1164.5391
7541.5188
1817.3856
404.5572
771.2692
2578.1418
2637.1088
1551.419
1645.1689
1466.2933
2601.1421
1192.3094
1032.6774
535.84383
1523.7646
96.500701
2316.5992
2386.6608
1859.0617
1540.274
2332.6277
1803.6217
1015.5246
2223.6559
2539.3337
-20.145355
1486.1475
1212.6122
1504.0236
1841.7099
2284.8897
2505.591
2666.3682
1565.859
1589.0692
1919.6748
1354.3794
1106.7612
972.2627
2435.7048
590.53189
1389.4026
1534.6017
1965.3769
2316.425
1046.3259
1729.8291
1028.5457
884.77282
-467.2454
1373.2263
2364.3871
1257.1701
380.9478
7265.659
376.96738
853.64941
233.47687
-55.995107
481.18884
1552.3966
1139.7087
5950.9491
-420.4368
-223.70719
1724.2971
321.84826
-290.1294
414.74477
926.29579
1663.5458
1842.6183
2568.2932
7094.182
362.95642
559.3599
544.54664
2595.4923
1515.8377
2520.1179
819.44279
2052.0998
516.61157
243.50643
852.12801
1659.0766
5768.5813
1089.8833
1970.0984
2706.9009
1180.531
1300.5227
74.180502
1312.4105
2041.1717
2440.3228
879.84227
2090.7173
2724.9788
1955.369
1951.2782
1707.0237
2713.761
2695.0933
811.43503
1623.3914
1958.6161
678.50749
1971.1875
-524.19427
1401.4895
2782.9511
141.51746
641.80675
7496.0011
-828.19091
-302.8539
739.92993
2210.1076
2233.1901
1535.6274
859.02681
2522.7998
431.42024
1672.9419
223.95793
68.229997
943.30334
1802.4713
1901.0342
-10.122125
2671.5676
920.84085
2716.8178
-298.25043
2012.2156
1741.638
1783.4158
1419.1593
1128.998
69.9333
1600.3655
1568.8274
1624.5196
1554.8005
2380.3021
1869.8506
503.02584
2001.8263
634.75253
801.84526
1227.7461
595.61331
1148.2433
2602.062
2271.1908
357.31321
469.96785
1601.2768
1647.2668
306.72112
1521.121
7112.9749
873.98468
1295.4231
715.04046
1366.6131
2257.0518
1137.7252
2142.3357
820.60112
590.78609
1950.3464
944.16776
847.76415
2202.7088
818.36887
867.02321
942.23402
1775.0815
189.98595
1511.1238
2376.9909
7224.447
2200.44
1704.7431
1558.4473
1688.729
-561.10972
185.04089
968.9649
1292.9256
850.88554
1414.9629
1259.1371
1602.2433
2052.6247
6822.6243
1895.5765
383.25276
783.99384
459.51025
1248.536
568.00956
2033.2858
432.73663
1062.7456
1087.5356
2615.0241
699.75921
1153.2002
1191.0295
804.58284
2769.6476
-767.56658
2080.3167
860.90646
585.91381
233.89365
880.77778
491.08955
2560.2941
1333.96
1043.4413
306.06832
-387.49076
1195.782
2651.81
843.35263
2440.9495
-301.10778
2288.7038
1516.2661
1172.4361
877.04926
1435.6396
1647.609
1135.8284
2369.8157
2116.3828
-118.93968
338.67516
1758.5461
2291.7728
1264.6374
1635.6628
2794.6646
-169.00831
1966.0783
2339.8872
1004.3868
1728.1057
1593.7963
399.41766
2256.6176
946.23717
1625.2027
2020.8107
2287.3558
1593.4617
1937.9911
966.34384
2589.3641
2671.5616
1679.8903
1055.1947
311.1474
1676.9086
1059.2348
1560.0622
1013.6345
803.85433
1742.1705
1832.7795
1098.8204
2295.5507
1525.3781
1855.7
820.47264
1042.8597
1900.2925
762.45767
1064.8014
1158.3874
2480.8233
438.54909
728.59135
1073.6487
543.56004
2488.6716
1928.5096
626.42359
1067.7511
597.0197
1053.8109
44.928742
1473.5386
1468.9386
644.07046
291.76908
1166.3107
1652.3496
2653.5242
467.01754
2867.0952
1319.8288
2242.1958
51.390021
2354.796
895.53208
2137.097
361.17521
1565.4071
2791.8029
1328.5084
2610.2387
2490.0427
707.13216
1623.792
1523.6362
1664.5062
1598.4533
2714.9486
772.63004
7531.6175
-585.18469
1384.9546
794.1419
1066.2087
1197.814
2780.5186
2410.9634
683.38054
1170.7282
521.62768
77.795753
649.11602
1607.0171
-84.286946
817.0562
894.49805
2356.8731
-624.02905
897.70054
1655.0834
7014.9132
1719.6645
2169.7268
467.22271
-395.38676
493.98378
873.17993
2391.2701
73.674214
2902.0883
333.78288
7413.6372
739.37206
1825.1315
7504.7583
558.61456
2801.8452
2191.1152
2681.3579
2040.5671
-744.36329
802.61342
1318.9323
120.73292
1337.3315
2535.977
2530.9732
1405.8444
821.88256
2625.8467
523.18646
515.30019
1961.6178
495.7016
2371.9763
58.299448
1276.3062
2146.4479
1478.1394
1566.7802
1599.6927
1623.3361
1367.0097
860.52283
1867.7132
-259.90857
1087.5053
2177.8625
2287.3857
529.38176
918.41523
1502.6807
1402.0953
1812.4807
1149.5209
808.74751
921.70321
2237.9979
2515.2161
2258.3567
2676.1714
2484.3947
605.26923
1721.1054
2187.2263
1961.6506
2503.9031
1976.1473
919.4445
48.768937
1041.5271
701.23789
991.67601
2425.3928
524.61826
2856.7604
800.77792
57.758397
1891.5825
1803.7854
1165.8224
1872.3885
2653.3085
1368.0467
1383.883
212.94426
840.49205
1586.1702
713.18389
2316.9406
323.60695
966.44556
90.113195
1160.4849
24.363587
1864.7535
1658.6114
2175.4246
-280.05198
1455.6052
1031.5318
1751.2324
1436.5782
-706.08881
2551.754
1013.6303
1313.4863
1074.5261
762.88145
2286.4973
-199.23523
-777.88138
2148.2722
-283.30671
1528.3303
788.5125
1801.422
519.22042
-41.625392
257.60157
1286.4387
1267.141
2509.4691
2131.4184
1704.3401
905.43637
569.26744
1563.177
2213.6107
374.7134
510.60993
-854.1892
-313.56085
2264.1635
1412.8508
-258.64367
460.78663
2778.6102
714.11831
1428.321
364.24208
651.48521
1800.5235
338.32178
-362.00276
2506.0817
1991.998
762.43985
1193.1258
1064.3508
338.75711
-677.59692
1160.9703
1919.7391
458.84383
-228.22139
866.8506
1421.8821
2532.3887
698.94952
1279.098
2840.2255
495.1639
874.69598
2737.6713
1327.4001
1833.1953
521.64351
2566.5011
1039.9746
2002.1951
2703.967
358.7725
877.66868
7578.0202
557.4263
1049.394
860.43247
1383.1863
2659.8421
1004.4388
2802.0917
2097.349
1504.9547
1324.8018
7365.8367
-248.56496
2524.7819
891.54542
730.99857
1373.4388
1046.8583
1648.9845
1635.5604
1707.1056
609.63763
1387.3488
2709.1766
1518.5511
7371.1741
690.22767
859.68933
1910.1938
2590.2558
1387.2783
2283.9689
1293.2116
1418.8338
1439.1063
1153.1663
2719.1152
1811.4903
1508.1411
1644.5185
1640.6395
1180.9274
312.73036
2752.3106
772.31861
1124.7694
2067.5386
1158.4319
819.98378
2714.357
686.8565
1575.5383
2263.4161
288.89371
873.68346
181.29052
828.05669
1064.4912
1886.9075
2630.5025
494.62609
1481.1568
973.03631
2782.7224
2663.4494
-19.680486
828.31179
2352.1663
1967.8358
1110.7243
-694.29734
451.89877
526.12715
838.97777
93.243505
2342.4931
-576.57286
395.77017
1457.0234
1403.1437
2047.5192
2525.4952
93.425003
1420.9654
1372.1143
1838.0235
1838.2973
794.00737
1478.5446
390.13157
1486.3409
2318.27
1580.2285
883.85696
1666.3878
2747.5332
1303.135
1599.5564
586.9971
1608.6571
775.59592
-692.8496
1159.1791
2317.4921
1302.9422
619.72951
974.70225
1434.0411
2607.862
1392.3252
581.10175
766.13543
329.00098
1997.1335
835.79605
1390.8941
202.54198
1634.264
1550.848
1367.5036
2301.8165
1359.1772
1438.6925
1396.0624
2703.6015
132.86198
587.28257
950.53365
104.65234
463.48506
2871.4266
6997.8899
506.73107
1476.2287
693.84791
1261.8919
231.12752
1218.7547
820.24562
2157.9247
644.90015
-423.43989
2413.9289
1085.4651
1731.3223
196.40877
1389.9075
995.3994
2420.7153
2086.1268
2241.1807
853.87058
7090.6553
555.66709
1095.5154
2147.7907
945.12999
926.76754
2093.2874
214.06426
2680.5736
1670.1939
1085.3784
2813.0245
1478.7094
1997.9495
-229.73514
652.22813
1795.8781
2272.0812
2646.9901
852.98088
2612.2547
7114.691
-204.20575
1435.7192
255.01082
1996.9337
710.51795
1301.2487
961.77814
1093.4158
1319.0474
1735.5084
2680.9969
119.8679
1978.2616
849.64355
2584.9341
1410.9558
661.08085
2354.0088
1994.802
1355.1705
515.52918
-382.07615
1986.7754
1399.37
2244.761
2125.9198
768.19606
919.19923
1737.0748
521.17177
1911.0494
1561.4021
10.027229
2042.0654
2027.8106
796.07134
780.65939
592.76851
757.42504
2044.4483
825.18575
2036.8045
1704.8984
2197.5229
2272.8774
1179.4775
1919.1799
369.55589
1318.1149
2644.3664
1154.2782
-92.957611
446.18875
2376.7603
829.68928
698.29826
1962.4146
1769.8341
-15.923344
1032.8574
2403.9974
-141.06616
2440.8186
728.98822
1309.0206
-586.17647
776.28388
487.89793
2496.8142
-544.63029
1158.3304
479.44462
1310.8456
1597.3073
2608.6368
1036.0061
207.68641
2460.534
2252.6214
1263.1119
450.34394
1037.7374
1520.9709
1048.251
-215.51616
2353.6645
1742.2438
1049.9862
2516.2728
104.05234
1602.1564
2689.4708
627.02009
2584.2958
2682.5237
543.80082
892.5472
-783.30446
655.71609
430.16261
949.25605
1217.982
693.0606
2007.1591
181.56658
-69.443651
256.53481
1051.2079
-125.91167
679.75081
-217.429
1574.2446
1185.5281
546.70374
413.12047
994.63142
1794.1942
398.28455
1242.8075
352.5954
1243.8602
1452.491
-82.24944
356.17262
1540.5865
1927.6927
608.41927
647.30545
-157.26518
2437.1432
579.39946
612.79508
477.37485
2073.4053
403.42903
2010.7205
836.09398
636.88231
2121.338
2961.0169
1131.6317
755.04411
1768.5112
496.16431
1758.4634
-79.695888
2540.1833
365.80982
809.99356
2482.8991
1322.2137
484.68296
1218.7659
2724.5586
1545.9263
2339.4222
521.29077
1952.7303
836.48631
1547.9941
993.96032
-301.93523
1626.7703
985.54653
1021.8948
1523.6653
884.00978
596.3407
1104.646
7043.98
2593.1068
2348.6535
2763.3462
12.260425
2185.3692
2188.8993
2198.4859
1041.6859
1266.7165
2648.7149
2817.0451
2111.8968
1168.6584
2623.0129
530.72341
1949.2528
2519.2885
2855.7917
1274.0511
630.55264
1129.7728
2708.0178
719.26169
993.05254
2299.9781
491.60816
506.29413
1984.4058
943.89282
1631.6436
862.9147
1410.3995
2590.6038
2349.2042
2735.3696
2735.4807
1571.3605
1220.3495
-244.34889
176.2767
1058.2723
-5.0403919
1736.7674
2792.2468
1687.3419
2463.7097
946.59187
647.37563
63.21972
2667.8802
1062.9618
2334.6389
1354.5743
1337.7089
168.47532
1854.0817
2351.7518
139.33918
1289.0475
864.517
1306.318
7045.8073
2545.9283
783.77098
814.67912
469.28292
1579.5067
217.94622
1775.7072
-598.15882
682.39841
595.92496
948.96825
1837.661
2439.5725
1934.7965
736.44354
14.115215
653.81595
666.89156
-270.71584
1117.725
2915.4147
207.92008
230.44442
1812.6764
1817.7171
702.60571
582.48711
-392.94691
1939.0091
978.50848
2079.1642
2600.1839
2394.3141
467.17547
756.34858
2668.0384
634.28059
1186.118
1815.8089
959.9373
-237.55509
1926.0715
1701.6539
667.7509
2750.6096
2825.6279
2233.0905
1236.1209
2685.6881
118.39488
854.07615
1017.6593
1939.7505
1005.9406
1992.3431
2510.3888
605.79225
1256.2185
2462.2571
836.71202
1050.2513
2530.3421
773.32618
599.26609
-234.78742
1758.1597
133.84964
2380.629
2742.3704
-765.96512
579.73184
1434.829
1721.2016
507.99781
692.59979
2636.461
7133.686
425.56262
1412.5092
2394.9208
2108.2585
-216.01692
1090.5175
1131.1148
-536.4231
1907.4463
7535.3933
1306.108
1810.5006
-30.863449
1216.1464
-842.77463
60.252691
700.03188
1680.0853
1926.5893
7046.7473
835.28594
906.30098
1982.5795
1494.7995
414.781
323.09415
1896.9997
-582.72153
1.6360041
2090.6142
95.006277
1367.6176
7253.379
1116.7932
1645.977
1215.0531
-35.250239
559.39742
783.51865
1077.161
945.1019
605.82206
7132.494
1510.4086
1842.8532
2146.435
1454.4466
1854.46
1513.7892
641.79359
2642.8322
823.70697
1655.4998
494.09777
1452.2042
812.55938
600.96146
2175.5549
1662.2418
401.81055
200.6671
2724.5082
1350.4003
1901.8748
2883.9999
1495.7791
1852.2949
175.7519
2181.0704
1937.0585
1874.3443
46.027675
635.58093
1720.7709
1905.625
1762.319
1918.822
985.53744
1712.5377
1218.711
1538.5127
980.72427
2496.2941
-203.29283
2571.84
735.35524
2860.1622
1884.4272
818.28645
-288.99702
1928.0622
2425.363
1708.9801
886.41213
1572.6046
389.20114
-251.5964
2024.2697
1858.5917
814.2614
2249.3324
1941.6031
1498.5072
-561.83901
1695.8301
1615.2289
760.31758
1299.587
127.02456
620.05583
820.61881
1084.0537
1168.8323
2272.4884
1416.5287
2744.8121
1832.4087
2504.4858
7210.2029
1386.1132
159.17071
1863.3442
623.32344
2761.2241
1404.2123
1199.7994
-80.165458
2228.8069
436.51587
1408.4397
-212.54025
744.24974
587.15719
1068.1018
1831.5203
1902.9896
618.18221
2141.1785
601.35273
895.39048
1354.6955
1306.0306
751.82394
1109.5731
2391.6481
651.08054
2740.8474
734.87772
3034.5324
1869.8714
590.93468
1012.5376
895.86928
1021.6231
7033.6391
1440.1499
510.20762
-117.10252
637.49334
1311.704
1601.9588
846.42281
2619.5113
382.91388
815.81303
2323.8396
1369.3913
2170.2838
577.01031
1020.5183
2342.3241
2075.7947
1731.0528
4940.8584
310.47724
1382.5479
1442.3866
593.2404
-115.28406
2324.8365
1730.793
7460.1641
590.60423
2639.9835
1943.6819
-97.760232
2491.2834
2295.5034
2354.9429
2474.1521
410.37904
763.18251
705.71619
2205.4085
2258.0865
1993.984
-147.48647
169.90257
6787.4848
957.09014
1891.2475
1652.4102
1667.4856
1495.2017
226.57119
1084.9324
1631.4461
2248.2476
1959.7334
1328.3088
816.83518
1677.6819
2387.814
1112.1047
274.50841
1653.6624
777.9473
2086.4615
2749.6342
540.62771
2708.7516
2054.1579
1641.886
1918.4219
1511.1507
920.69157
854.31797
1224.2724
-624.3807
2653.5773
2412.4635
2910.6381
880.32292
1284.3605
2531.1393
2130.4557
547.27596
542.49849
1142.3417
1856.4353
1019.6816
602.48135
1294.6323
-180.13054
939.64441
2250.1495
499.54287
2504.549
1390.9369
131.06795
2210.275
178.57803
654.53943
229.07582
1757.6969
2609.3661
3013.269
292.91986
1872.6953
1435.0079
637.56946
-3.0396547
1751.8117
7533.8862
2039.0578
1423.5897
-792.0651
930.28033
2675.4687
1547.0582
-461.6177
575.72282
988.79793
1163.8298
552.85406
1365.104
849.09654
842.89259
2236.8832
1904.2498
1430.3423
2518.5599
-406.61462
1445.0949
277.52305
2431.7675
323.95742
877.40183
1632.3303
1259.1854
-311.73857
308.46412
36.492905
618.33045
1309.846
1175.3776
2102.1649
958.3398
1750.1397
397.93789
648.94067
1501.2933
-42.379327
2629.3135
627.93576
1832.405
1541.0069
704.47052
629.18825
1705.8187
-305.40165
1743.5314
1409.526
-69.920921
1482.5689
261.19636
1031.5069
1002.9106
1798.8972
2098.1281
2644.4766
34.119735
609.33126
1752.1447
2516.0607
1292.9269
6214.1973
1364.2913
962.93206
1627.0714
500.33676
89.931398
1147.5163
959.92195
1672.0063
1003.2094
848.24066
1144.7909
1751.3897
1807.8254
355.69582
2318.5862
-380.28172
1415.2312
2463.807
2682.3529
743.88844
2242.5107
451.37267
2830.9152
-168.10066
1954.7645
1063.0108
1292.1087
1254.6714
968.66792
-266.05608
447.76153
486.36166
94.650321
366.20461
1886.8821
-525.72608
1904.1198
1253.637
2651.3671
1865.8469
1484.7393
133.82358
423.54336
2095.1753
1596.1597
875.30316
1112.9466
644.70595
1852.3913
2838.3597
1079.4628
2469.2162
1461.7165
2107.9822
2014.2499
1127.0461
2848.5963
2694.3845
1449.5836
2601.2523
2205.8174
-249.18507
985.99451
2499.2709
2822.4474
1366.4389
2289.0901
1394.8439
2765.6541
813.7264
650.04145
1891.5126
1356.3747
2701.447
546.10527
2014.0183
2051.5565
1832.0599
996.43478
1234.2418
7477.6184
2019.4236
1347.6875
1464.9239
1555.7155
600.33265
1229.8693
1395.4573
817.90027
1563.7626
353.30513
1551.9615
1841.0335
2135.8286
1349.0941
1986.9537
790.69752
550.19293
617.45533
1257.9379
2519.6834
2070.9091
2623.0743
1125.9607
936.98062
-796.18129
2662.2067
1871.6543
1101.5714
1419.8613
911.50223
1875.2484
2533.1817
1150.0677
782.2533
2910.1624
2624.7367
899.30604
1113.5444
-442.46329
294.84571
-251.2623
1508.0531
1951.7214
1304.4879
1858.2578
2112.1191
1420.5294
1095.0254
-277.32333
1369.1386
1009.327
2535.798
1143.8844
1445.2485
769.53438
564.7059
5250.4719
2119.8761
2341.9336
1040.0019
1008.9187
2054.2754
142.78298
714.8514
1838.7366
588.12962
1705.6444
357.02477
1106.7255
1519.6432
1746.5991
2564.0869
796.38549
552.04472
739.38163
1551.4596
676.33809
1181.7946
201.1609
2581.9354
1404.7234
262.79312
1485.4993
3096.3495
2043.2494
2027.3566
-257.52516
1284.6242
811.3157
2537.6807
1697.376
1785.5248
2782.7381
969.84803
-770.18962
33.72968
2030.4442
813.19223
2617.7892
1426.6778
1118.7163
2325.1654
1461.4536
2199.8336
1261.1211
848.34992
2670.7863
967.6386
1374.774
-145.14466
115.05772
1503.3173
300.24411
2127.6766
878.2335
358.43945
2629.0536
965.40872
1777.4346
1889.8015
1739.5792
774.6664
723.80632
1096.0625
2330.4702
1162.6839
1119.9645
2791.8718
459.69843
836.79441
2622.9776
1294.5146
615.21071
7498.8258
2700.4908
59.431777
1113.7234
772.61831
2686.6409
1784.5039
2623.0716
2550.4692
2755.9156
2635.5655
633.02906
2191.7605
1613.3235
1412.4165
1561.1692
822.392
2534.322
1322.5256
-352.70504
789.41225
2681.7418
-586.08214
1802.8231
-45.073054
863.15785
694.63329
-18.547513
981.1049
1936.3677
2.4688212
1998.3403
178.2908
2505.3844
1401.027
1515.4433
2081.801
812.02877
2712.695
2718.5932
1154.4106
997.50467
323.42983
961.94853
1528.8926
732.96153
971.8915
2262.68
603.25715
-172.24096
1247.7214
2632.0062
1072.925
647.12904
1725.8279
2065.2192
1332.1251
1997.6917
-319.20388
677.64235
1718.0715
354.77118
2262.2458
135.20791
443.62823
189.58676
-710.57486
2303.523
515.73539
316.40405
2702.806
7195.2856
1357.3994
803.18138
2712.7599
2295.7282
551.47541
903.99338
805.41912
328.46998
2099.0559
2158.0577
770.48308
2107.1603
437.00475
2647.0532
404.25761
1116.0418
1908.5689
1433.6801
891.57128
2013.933
1414.5969
1222.7756
1187.1257
527.2293
738.64252
792.05074
1024.3119
1714.3398
2710.8592
2160.5343
1648.2672
612.88178
905.88664
2793.9757
1805.4125
1886.4823
1355.7568
850.34435
2192.6432
2552.5138
699.16914
1139.6605
-48.394931
2680.3466
2374.5052
1483.6513
1642.4777
499.00896
2512.8737
283.38796
1427.849
861.29962
6793.4372
-192.69475
1140.2681
2620.5719
2866.3075
983.8296
1052.2945
2417.4353
922.20566
500.90309
122.72243
910.12387
2375.8167
1834.1649
1974.1247
564.32292
1418.0722
1316.9688
726.52899
1120.4355
2933.375
2045.3578
2648.6625
2054.516
2218.6364
1499.3945
1943.0374
937.80193
848.72766
1469.353
1058.4327
454.25701
2309.2635
1537.6422
868.69078
2702.0715
1045.145
1970.3336
2669.3435
970.10892
964.50475
511.78011
681.19678
2239.502
1026.7705
958.95861
-16.01139
1710.2351
1955.5846
1271.9266
655.26404
219.67447
1991.7432
-20.424309
2753.8319
2671.6395
820.01042
1034.9472
1374.9385
586.23401
2366.1703
1644.3779
1248.3491
1097.9225
1061.5141
1787.8343
993.12021
1515.1548
1193.7694
833.40148
1696.6868
1548.0916
-65.032733
625.24626
734.74579
1714.9077
-64.288613
7381.1762
841.65874
2103.8696
-781.62481
670.00889
6818.334
1006.8035
1282.7743
1470.374
692.58533
598.05297
815.91738
765.24308
441.32391
2432.4806
462.88169
244.29305
1950.9607
1305.6044
2735.3112
2534.1699
724.92159
2398.4473
183.81441
2089.0323
1425.8372
1534.9811
1515.3039
772.35879
2035.4875
2199.607
1611.2777
1000.8782
1267.5666
118.12493
699.59979
2088.9668
514.40692
1308.8061
1441.0929
682.06036
2440.3856
2516.4392
148.50103
-549.59498
460.98729
1952.4961
-599.63961
1322.35
1255.0749
918.74064
559.94949
596.47573
1029.8903
642.14043
2199.0369
1357.9508
2651.055
497.87629
2642.8331
1810.946
1511.5817
1383.9659
1108.3424
1231.5325
1398.5439
2672.3765
2284.602
1298.5107
267.20607
2793.1014
2351.0271
729.54247
2473.1761
2188.2625
2749.6528
2765.2432
581.32309
641.01467
1368.7127
2607.3079
14.915924
1452.5922
2301.596
2622.0874
1944.0761
909.50644
2626.6434
2678.0845
2750.8822
627.11163
2560.3356
89.400163
1864.3331
13.643156
549.21857
926.24814
822.03756
1024.9445
1970.1609
677.82178
647.84754
1973.0131
1800.1287
1831.0405
1733.5246
2509.891
7128.9114
1987.2705
1706.8186
1985.6585
2661.9744
-238.33003
-285.6056
441.47422
102.02045
236.97886
1385.0588
660.85772
804.15001
2508.1754
2390.9985
1170.671
1106.2313
1429.9942
1134.3799
2281.723
7022.4303
1902.5748
1420.7776
1776.6435
2320.5017
543.76726
930.50902
1180.6105
7102.7227
1818.7523
2462.9023
768.50359
315.84597
2869.5388
550.77594
1774.0648
1625.5508
114.56156
846.87025
1134.1106
408.01006
486.62563
1570.2622
2799.8764
2156.9469
648.74223
2611.3421
1191.3182
1233.4428
697.62563
545.26277
1480.7018
2918.1751
2590.1096
768.50769
878.70706
2823.384
166.68462
2668.3162
2453.1525
820.35096
1943.2133
894.80836
115.9924
2461.1311
461.3214
1785.5208
1374.551
1794.7032
1259.3194
2443.9168
1850.1566
2580.6383
874.41893
574.94524
-329.08411
2052.6297
2352.0385
362.78033
1076.333
1317.6526
1497.8476
2056.7342
1388.576
600.58916
1776.4895
-308.2157
2682.392
-703.30193
1579.8757
1728.5488
2772.2137
176.98924
625.22051
145.48129
1272.4735
1299.7373
2734.4731
623.66314
2654.3097
871.87544
575.93811
794.39574
2821.727
2284.2451
1609.4686
7038.1553
1440.7988
824.78342
-785.34741
411.27077
1567.5402
772.94433
1926.787
856.46762
884.74124
2007.7366
132.3669
654.34074
2036.443
2362.9332
65.17437
7263.1051
549.45133
2002.8259
1407.5454
597.18972
1624.379
1396.9299
1594.3901
2812.2397
1447.9143
7300.6188
2481.3953
774.81522
2660.3706
1491.6668
2939.738
1919.5909
213.42959
1405.38
1093.6145
657.37082
1174.1084
1572.06
-270.77628
498.8947
2654.279
903.35301
1037.1162
7104.3382
788.39827
1306.7527
1924.0822
7558.7678
660.68658
1536.6998
2173.917
2156.1307
-137.89256
795.10224
1057.9579
1072.7695
1618.5208
2622.7299
949.57812
459.26505
1364.0075
1114.8946
848.78894
1444.9655
2341.3402
1423.8254
-438.85086
1032.6523
2409.2808
218.19109
1283.2924
688.68492
1601.7115
-646.23326
1571.3921
494.15923
899.07234
-89.179235
2586.922
1915.1621
1187.1039
1798.8158
1477.9042
711.894
1839.8238
542.48477
534.1393
-53.760404
1669.0916
1452.8837
1441.5164
1520.569
2725.6434
114.29436
696.31245
904.38068
1384.0446
1482.1068
-383.7306
7014.4388
-708.35554
946.42886
1108.9022
2684.0211
542.44975
2154.6707
1820.1814
2330.937
597.46876
2763.679
721.21011
1223.0214
686.32437
1722.2853
418.82868
1445.99
650.40865
2346.7972
192.10457
1612.6626
1382.7953
1479.6488
1039.4784
1217.5983
2022.5731
2073.7429
1236.0232
2845.9311
-25.083219
1292.5511
2248.8091
798.31527
1495.8116
1744.3091
865.67363
893.86086
2092.2118
1671.2241
2436.6779
1511.1761
914.62318
481.60573
2227.4249
147.66942
1569.1957
1942.8376
122.32177
2714.0329
-603.40261
969.20357
254.77443
2673.0316
726.28561
1225.0577
1680.5186
262.27281
675.92848
2511.0515
2340.4627
1375.5716
2060.2286
984.43744
476.50759
900.44956
2572.4565
834.95493
2540.7786
1208.6546
1462.7801
942.64431
358.10107
1143.2779
-106.26343
1409.9108
1920.9544
760.80021
1796.8545
2271.4727
2768.2844
422.44201
1102.3644
1365.4692
1996.6285
2892.967
852.71175
1489.299
7272.3521
2752.7252
1607.1015
2360.8823
2474.8907
1705.871
2821.9802
7468.7735
1246.3074
1465.5495
2010.5567
2699.8493
1989.1383
506.40707
2365.753
-645.29815
557.06857
2058.5343
1307.0825
2151.1153
1552.906
1009.2369
2055.4268
1099.6373
455.07499
801.11017
766.18282
720.80357
935.71649
2560.2193
1605.6333
-90.684941
838.41853
-352.16183
1317.2099
682.11481
1518.606
-541.6526
1560.6902
85.496506
-778.74344
2931.784
2479.3498
2475.2334
2112.0619
737.06878
1654.3149
3050.0839
671.03648
509.4158
1713.857
1657.5473
1966.6097
2317.7248
150.68894
2176.3565
121.81823
1833.6837
1348.0172
1839.6222
704.51717
1746.3281
490.52821
1368.0419
2062.338
997.90724
683.50541
716.12691
1758.9373
2227.9804
2505.2859
1707.3611
2279.6385
241.54793
2514.0696
1710.1673
998.03178
-103.26276
548.09935
2263.189
2676.122
2628.8538
542.93
1594.9176
-751.26222
2877.6385
-256.20483
2403.6531
7061.0206
1236.8919
2144.3618
933.59718
309.54174
2622.4521
1151.3191
140.29217
1962.8701
1765.7538
2052.932
830.10971
2871.9063
1129.8321
1178.4411
2657.4919
369.72365
733.74293
557.22986
193.72496
766.02849
633.28396
1054.1472
1665.2497
147.63543
529.14681
901.81891
1739.7835
2349.1103
1008.2742
429.78631
137.0859
2273.0106
1096.7554
1746.6644
2310.783
1568.0966
-717.32779
2030.3376
2343.3462
2042.4589
854.89865
1357.5618
460.6275
2643.3007
1146.7002
299.57711
2737.919
2094.042
1600.119
608.82262
542.159
1336.1527
2640.9336
1379.0619
-571.63827
548.51365
655.35586
1141.6858
1899.9319
2554.5148
2684.2875
1373.9264
1901.506
761.82437
438.30809
809.72566
1971.0787
1497.828
2731.2279
348.05737
1218.7887
2119.586
6977.1076
835.15622
339.94828
1300.2149
568.04198
1512.99
1745.2983
1573.3719
946.82154
1795.9914
2222.6423
1906.337
612.59796
1880.7464
-288.96788
1063.5742
940.19258
462.19217
1006.6933
1677.5855
-440.61307
-245.5666
549.5761
2035.1907
2132.8434
2143.3398
511.69539
541.46135
1257.8569
340.56553
851.73947
1338.6209
707.67994
706.12212
843.79482
-1232.4259
-225.17071
-116.49263
1636.107
261.79782
1670.2762
1579.7527
1868.5246
223.35732
1759.587
1673.4656
2429.9966
774.0501
2409.1272
1331.6375
-235.65961
2567.9672
2252.1933
6921.1325
2296.4961
2340.7055
1546.5242
860.49349
2229.7717
592.87645
1789.7907
1769.214
1244.3579
1901.7563
2139.3423
1499.253
1299.594
632.32617
827.84671
1447.3186
596.35894
-269.51813
1761.427
2489.9633
-824.41205
1494.8133
1883.9651
2249.1516
1557.9968
663.57928
-409.07238
970.47656
2903.3827
1560.0492
594.67373
1676.716
1951.4519
-785.14316
2193.9565
7270.4797
177.55647
2178.1615
297.24388
1166.0086
776.01492
1017.8983
497.16227
559.61793
660.86809
6166.3981
118.70575
1670.6052
1244.8249
1095.5896
1751.9125
1398.6159
2073.8889
2395.0501
1192.2188
1452.3431
2722.1221
1286.4318
2590.6616
2181.4092
1874.6149
1988.0055
544.51362
753.65411
1174.877
650.58281
2418.4873
1656.1253
-148.43415
2063.8016
498.50339
384.57346
480.1764
2529.595
2381.8482
1134.0291
369.81261
2790.5713
2632.7556
510.22432
374.90689
944.04903
719.70272
335.18401
1138.2084
600.71795
2013.5201
2792.7761
-516.87426
1570.7521
1627.5349
2632.2454
7436.4843
1007.418
-123.59825
1405.2039
167.46174
213.30975
1652.1122
582.89396
745.81742
1550.7165
-533.87649
1767.171
2148.9836
7300.5184
77.414794
1825.5985
617.07503
2262.3761
2321.7691
537.979
303.56135
1762.601
2815.5851
2894.7787
-141.75395
-211.47671
2405.9685
1536.8856
-280.30571
1680.5096
2319.5617
823.14083
783.8913
2035.3962
254.61448
2778.0748
2281.9434
1658.3247
2772.8068
1297.5465
903.16456
2036.752
785.61574
715.97215
200.76665
2004.0737
2047.7157
2248.7358
1016.991
2555.5239
2589.5731
2090.8812
885.65183
53.279185
474.18175
1033.8212
1047.7072
2398.6516
1537.2197
958.13165
337.03431
1356.1394
591.0663
729.15957
1590.098
2170.4532
1269.6963
218.7014
2479.6705
1090.3302
7114.0598
403.23099
1566.9632
209.70557
-1498.204
2218.4422
2576.9746
2448.3918
3013.7837
-805.42666
1284.8478
2111.3748
1757.4158
2469.7724
7197.6224
2339.6357
1884.2241
934.60396
-534.10189
2300.0437
2416.8865
786.65061
2350.1596
2179.8003
1592.7184
1168.8477
2056.0722
1039.3505
804.57876
-189.39286
478.63674
2206.2344
738.41809
932.20186
234.8757
7208.4184
1646.4677
2087.9473
1518.712
7248.9616
2184.3955
980.10471
1643.6281
603.55078
1900.8889
1252.7339
6072.7533
806.62575
2205.6698
142.40392
267.78509
1396.5082
332.27417
1475.3414
568.14411
846.20496
2111.5266
2333.3986
1486.2071
2513.448
2397.8484
7018.1658
1921.2165
-80.751686
2012.1714
-223.46898
-50.67953
2434.4054
1416.3348
411.38331
192.75424
795.52783
2684.1438
26.149355
2474.2364
2127.8569
642.96807
888.07273
1760.6388
550.64741
1109.1681
1634.2575
926.87637
1065.8264
414.32705
1762.496
2469.5732
2239.4825
2015.1205
1567.5977
1886.289
7300.7165
6959.0995
2259.1182
1905.0012
1100.4365
1898.6103
140.32693
1264.7333
2109.71
1354.8475
1448.3219
2612.5411
952.1958
1216.8363
173.40203
2591.2612
1345.2349
2374.4562
1192.1319
2036.7826
-144.69417
1088.8679
393.03261
12.237676
986.50884
2486.9312
516.67184
167.38724
-208.54306
515.01324
2447.8671
1960.3917
2503.0562
1149.6989
1377.4467
433.1528
229.15416
1025.9634
925.56493
2539.9712
2620.9966
1628.251
203.2085
1463.2422
-67.325823
2774.2161
1578.0696
795.84452
2456.5821
1646.4904
530.9429
577.33717
348.9422
1202.6342
2750.4917
1194.0545
71.926077
2363.6196
400.37783
224.32063
693.12057
1487.6052
940.92925
2585.1414
1032.5325
1481.7359
2797.2528
1524.8082
892.81404
1117.6662
379.38698
217.92089
432.28414
200.08099
1438.6552
1236.7282
882.00837
1263.4617
1424.295
492.36151
810.84811
1605.338
2187.957
2736.725
371.49869
2559.0056
2341.4246
1130.5184
173.60435
1440.1417
2134.905
1772.0098
-189.37225
1836.8534
2161.6788
694.11311
916.67044
2060.045
850.13143
1083.5356
846.34211
2428.0235
1363.0336
827.18683
876.6507
724.5975
7451.134
768.85936
-327.60955
1928.83
488.73134
1787.0716
1644.1761
2659.4315
1369.0786
156.486
2597.2855
2333.3116
2585.7402
1678.5576
-845.4684
726.72766
150.54459
1185.5134
699.08294
1182.7249
1881.4026
1948.1924
1313.7516
1403.9009
936.07254
-259.32726
2652.1392
2512.383
560.47358
1277.2472
913.24278
289.25591
1085.7673
757.15528
583.03787
3004.345
2406.8663
1049.2051
1032.3114
2453.9936
1918.2003
2475.0159
7194.3532
2137.66
2492.6686
-330.21394
468.72309
2613.7113
1168.6905
1873.5296
1494.3393
1149.7408
7290.2737
7235.5785
2346.9099
-495.38541
1275.9536
738.55717
2903.2261
2926.5449
2177.631
1547.6696
717.25305
679.21686
1917.7662
1149.4018
1025.1063
2644.7646
777.36121
732.51642
461.1916
2352.8933
522.88218
1813.8508
1697.1593
827.04877
425.6557
369.24824
417.66407
2355.5129
678.88157
2388.1549
1743.6432
568.12968
2269.1003
1336.3375
1436.6611
1692.2114
2213.609
1520.5951
2286.2528
1182.3556
1246.674
191.99313
-470.00794
2348.3296
2199.7573
2123.7829
371.19821
1202.4383
2486.9809
1938.8872
1668.9244
589.24986
1630.3898
1765.728
2467.2977
969.15364
770.6913
617.09101
-154.83039
2677.6513
240.92523
2176.8602
684.42143
846.57401
2554.6258
352.75974
2626.705
7359.7024
1013.0633
215.78446
11.537035
2437.8515
1046.9675
739.45199
1781.3766
496.22643
1439.7875
2188.4449
94.676527
1134.3916
808.44096
593.26664
1185.894
674.36979
2592.3955
1713.2499
754.9072
-821.48923
281.9932
2337.8992
30.391582
678.9154
1606.3489
111.03688
2822.9681
1491.5571
2330.0133
2065.1521
728.25669
-187.32776
2608.1487
2215.7729
283.52055
945.50799
-782.06765
2918.896
2267.2873
1455.3006
7185.2092
1186.1142
2571.0662
2305.3322
2517.6002
2028.3075
2570.746
2685.6772
97.302533
895.60476
1444.5222
2064.7869
2036.9645
-633.24551
2588.0818
915.11116
928.017
2327.8443
2240.3882
802.52966
1008.8863
931.54323
1282.1404
1521.9455
2047.1893
846.93365
1364.3678
758.75509
713.45449
1435.8321
1319.1808
1296.9824
1295.7729
1977.2994
1103.8011
567.01421
986.34988
328.69267
717.98501
855.84955
903.03236
535.31284
1020.7781
1770.2071
2552.1411
1058.489
2176.5668
2101.1933
1400.3842
2523.1471
1283.8279
2285.8121
2036.2972
2759.058
2653.3172
1082.9363
608.76114
251.1122
217.3387
413.34453
655.13267
843.40073
1558.6568
1324.8534
2143.1249
1399.7872
1893.5259
858.27708
685.22341
913.56879
664.08649
232.15856
1369.5577
7516.5179
2674.4561
1749.9876
-446.41616
1237.4228
1212.4252
1881.3695
1714.542
2642.593
688.88907
2224.7398
2675.0449
1856.537
1460.6715
-416.77532
-190.13642
183.09856
406.40497
2517.0296
2021.1963
751.0965
657.51825
1275.9898
564.82608
7029.0532
239.37332
1034.5701
156.50223
2333.2793
7046.137
826.23585
1880.2762
956.85641
1851.5275
848.60457
2831.6893
2202.0643
604.23428
203.53478
2329.9334
697.87773
942.41579
475.34793
2802.1147
1501.2234
2169.9825
1030.6854
2296.2559
-769.05001
808.73935
1073.7015
734.48516
931.4308
828.42096
2592.1836
-331.6174
1460.6124
-130.66894
1201.2347
1449.4791
1080.0521
2434.6798
492.39232
2737.235
726.88133
1679.3676
678.4821
646.13625
1747.216
499.46525
1019.2779
1684.2623
99.766465
7528.8009
-102.26717
651.89599
619.7015
2333.5421
1301.4751
2560.7374
2177.1172
1304.429
600.04586
2234.6998
7061.1463
1359.0169
846.80111
752.45788
1346.6857
7039.6642
2214.7697
1150.4118
164.24137
2282.9365
1071.1428
-301.16998
971.39237
6980.4467
431.6441
1600.6334
678.93306
2666.1861
1268.8692
1917.785
1280.5279
1723.1745
2364.1769
-166.26162
834.70286
993.255
1229.7049
1098.7614
525.82917
1939.4255
113.4668
1615.3684
491.56919
869.31928
7038.9959
1522.4915
-700.25932
2409.6109
1219.9193
119.55719
2182.7854
838.05819
2662.8581
824.93096
197.10396
1825.0437
212.17029
1229.7842
1747.2168
2575.4778
725.24599
1137.124
127.48058
2203.5433
1098.2929
2392.9485
-697.16917
201.39814
2055.6173
1787.7468
2240.8373
998.25967
7517.6184
1942.9925
870.66774
-310.18072
748.60524
1614.3541
1550.0794
1087.4692
1659.4082
7426.1979
1113.6005
1817.4938
705.80545
1332.1738
2594.0055
1350.9611
588.36589
619.27219
1291.2315
1504.2865
606.81044
87.295619
2068.4138
7071.9351
837.9542
568.02533
2045.793
2385.5574
7391.0238
1637.2219
982.9681
1131.3387
990.17763
326.08375
2034.8586
360.36621
1524.6492
165.20912
1603.9747
-204.05134
436.54901
2230.0115
2636.5323
1737.2766
915.48003
724.72335
2382.395
1391.2304
1010.6404
2565.2085
794.4935
1447.4592
548.54898
636.23766
1394.6739
177.41341
-148.29767
-111.00588
2529.6529
2769.081
619.93946
1913.5556
1600.0118
756.66372
2063.9393
348.71734
-302.74613
808.63689
1714.3016
550.56926
1510.2225
1999.8041
2440.1063
2553.436
929.46571
713.91721
1775.4704
520.96336
1970.2349
1876.1766
1091.9152
567.60096
1486.1221
1514.3879
2779.3741
1000.9607
796.32635
2808.766
1256.2481
1927.559
305.49058
887.73436
2210.0609
1814.985
1251.9063
839.32391
1504.5702
1106.2269
547.3131
2334.8962
851.80918
883.58133
1111.3572
2502.059
1745.9781
130.29123
2260.6089
591.00095
2058.7905
764.06458
2563.7011
7095.2876
710.46753
1373.6214
411.64565
1420.6616
2192.2571
615.64209
-18.057355
-620.35275
593.20461
1969.0457
878.00055
171.51678
1825.4848
1854.1542
2634.4213
-688.45963
1633.9214
136.69308
1266.9974
2133.4557
953.42742
800.32008
2172.3891
7445.7866
2271.7963
2512.5938
598.57634
-761.58553
657.13745
-992.86593
41.479387
585.84757
-99.48062
1002.1271
1645.1488
-134.55057
1062.9307
1973.661
-146.34687
2017.7725
957.6771
1243.3559
2531.4715
1954.2553
788.12189
914.44076
1934.0734
2004.4834
1816.8265
994.52139
798.67183
1182.4703
250.50734
1644.1752
1855.1525
1403.0152
168.30978
1462.4442
923.53517
696.86671
2378.4861
1110.9553
1902.98
1533.345
2608.5464
1270.961
400.12898
841.35862
1050.7431
1339.4081
421.71371
684.33733
2346.851
466.55429
441.14883
1383.0183
2729.3096
1037.561
578.72692
1047.0666
430.22708
1246.892
788.34957
3029.5415
1611.5766
899.14287
1759.9475
2032.5794
2099.4441
1923.5169
1943.4601
656.64093
2755.2588
1308.171
2422.9628
-55.770816
1417.5167
919.75114
761.11778
224.15977
2418.9651
1565.0692
497.03674
1550.1643
1064.5524
1321.7892
972.82089
1164.8168
1489.3893
597.96651
2487.9305
359.3553
2283.6825
770.5902
1671.4506
1746.6247
2655.3997
237.68663
204.29592
2291.9359
-151.01425
1182.7279
892.92008
854.42257
1389.7772
1008.4649
1003.1328
1134.6041
2609.2589
2136.9469
1383.0967
1946.826
2299.5977
1292.2971
367.92185
819.12656
1679.2178
847.96071
643.38055
1067.0543
355.60605
457.2473
552.95918
795.74859
1462.6277
562.67496
1513.3137
1513.9317
827.42204
778.90219
2078.9686
416.11928
729.60567
687.35383
2247.0463
272.75276
1643.2886
661.26963
1931.7039
584.25498
205.7321
2568.3715
2130.9027
1942.9766
2244.9843
2565.0856
1889.7637
940.85276
1497.1622
2071.38
848.33486
1605.6884
-577.80637
2386.4597
1538.8791
2573.9114
1791.7194
1971.8743
2171.7738
259.1707
1190.1388
693.26503
838.75528
319.67376
1901.7437
1901.0281
1656.4996
2528.1962
140.70575
791.36252
1488.7089
-770.73094
1430.0167
1054.3556
1688.8915
2248.1811
393.48831
646.33792
2254.0148
864.50218
727.84669
2480.8927
704.5066
1780.3834
1156.322
1152.0018
916.7276
2038.1621
2335.3939
935.30602
701.44695
1149.8819
970.90278
1196.6005
500.10257
1733.9372
809.70602
370.32241
2599.6187
867.91691
1863.6338
114.94774
594.30371
2004.888
2793.1057
752.62198
1339.943
25.059925
2753.5885
2431.6008
1162.7597
6797.5345
7024.625
746.39881
2026.6688
1007.8156
2318.5939
347.96226
448.6249
2363.335
2127.3963
1546.0591
1759.3389
625.36383
6072.523
945.3249
664.69157
738.91664
1326.0104
367.14956
2807.599
1533.1147
1118.7614
680.20041
2746.3234
2022.2204
1811.2106
1798.9651
206.95348
782.90187
2198.2
1158.535
315.09547
2412.4506
1194.6825
623.231
1794.041
1548.8775
1410.2526
1295.7497
1344.5705
2629.8657
1374.5892
2114.2988
2259.9127
2310.1817
2605.4421
2019.7407
1987.507
760.55143
1740.3296
1872.834
2549.0815
1052.4718
2796.6161
1259.8897
1451.2174
2382.0459
693.79047
2624.0469
2324.5752
2060.2584
1736.0002
1791.9067
2153.0143
1872.1741
2324.8033
1776.3513
2929.6566
1789.0042
2252.5549
651.60979
2144.4555
1845.7021
666.04348
1199.6221
2793.3777
1875.2689
-548.46342
783.75582
1384.862
1217.068
298.78641
2155.4933
2040.7749
1169.3267
206.8026
409.08256
2021.8444
880.84818
681.4052
1952.3708
2449.5474
959.60253
687.0589
2038.246
2630.0457
1703.5715
262.9066
1963.5367
2436.6238
406.52512
1671.945
1066.9075
825.87589
2156.5176
801.30171
7379.2018
1346.0369
1625.2325
1213.0124
7088.052
1962.623
1919.567
865.20913
1728.8972
786.70202
1694.8013
794.35986
1599.3852
2554.9459
921.43843
2077.575
2651.8669
623.45432
2351.166
2861.3551
1201.6011
946.36397
2604.3877
2482.8205
305.8287
7544.523
732.95584
2452.558
1883.0231
1180.8944
1361.3763
510.18406
867.70836
1652.3489
1511.3585
909.84802
1144.8469
956.3201
2255.5267
1312.7861
1791.082
1518.6429
635.88653
925.54181
7037.9956
2369.111
2392.3728
902.97109
950.97523
1291.9538
1212.4223
2116.0699
293.54592
690.63823
1421.5112
1392.2724
2584.963
1956.7551
1192.2002
1315.8642
1093.4664
409.82206
7385.1711
2604.8475
1208.5082
-600.50797
639.0372
1088.6679
2356.949
1991.0151
2631.8597
2640.8195
965.77065
900.73955
1735.4976
1635.1691
1149.0277
1415.5648
2313.0372
1360.3208
998.71089
864.32795
1787.5082
856.9658
626.17782
1364.3444
818.17021
-300.82188
2097.3631
927.74693
1098.593
1519.8731
92.024356
1553.2556
371.9123
2076.805
557.82423
1000.663
558.03693
-215.6054
343.35162
7088.6685
1002.1684
1011.2866
2753.5412
1803.5929
842.26238
2024.4909
706.59975
577.25607
565.37918
540.81791
1880.4295
1172.889
2330.6223
1295.5914
1420.8369
1606.0354
1119.353
1973.019
489.66114
414.24837
2187.4035
2066.749
7102.6072
695.61959
2259.5258
454.11061
2551.0704
7177.8387
769.59613
-162.79587
1858.4491
2309.2442
1860.3152
652.59461
150.10221
459.14361
-703.02363
2408.8732
396.53301
1685.6036
877.63609
7446.3579
1296.0085
222.22657
973.65136
2416.4047
1030.4725
1863.2123
698.27977
723.24143
2244.9473
467.44238
1301.5752
742.00486
1561.5028
2217.4568
325.32369
1313.727
674.11574
1915.3636
1281.2112
567.74314
1515.9132
2363.3366
2298.5778
2761.7496
426.13551
-250.12404
883.66379
1533.9656
2760.722
7526.6379
1082.4655
1852.4002
885.43272
1804.2069
-413.10475
1325.3893
1449.8939
2237.2789
1321.9956
2722.1452
457.39373
1971.3512
1356.0884
2924.7649
-215.71445
528.3452
556.37862
769.15239
2606.7347
1466.6581
1335.9002
2621.0487
1464.4527
2018.576
669.09421
111.73411
298.29579
954.02455
3196.582
777.47634
7191.3338
1134.5392
2594.4984
1357.7903
1969.9225
316.23568
2490.9369
7073.5216
2795.0625
1744.46
763.62759
462.23189
1129.2097
-246.9274
2060.6191
2404.3909
2201.1851
-267.17334
1012.8084
2545.1249
853.2971
1303.9985
-766.87369
118.53188
7538.8635
372.74583
2306.5203
1709.9651
1407.2757
2673.2356
2404.3181
-495.73478
1660.2822
589.4004
1836.4391
1525.699
1464.6669
778.53405
302.65243
2509.1323
1013.8568
1978.0551
1498.6329
2474.1815
1983.0763
1798.0364
1067.7281
640.13329
233.07617
509.20181
1062.5541
2401.1866
1094.936
1047.043
2528.1446
2020.2361
174.97116
2213.0114
2474.6333
607.6081
7189.781
471.74103
534.47532
1879.9214
880.48817
1609.8172
350.36192
1119.1944
1719.486
584.0398
728.49229
654.71082
1129.285
1406.2454
473.02056
142.68764
2500.108
2909.6679
2371.1013
1400.5259
1632.4251
2016.3831
1417.132
374.60994
2219.7986
1555.6975
2077.4989
252.81909
1301.8606
1611.8303
1751.2759
896.45325
1699.2485
2461.2102
1818.6306
1374.6369
1405.4149
1504.1407
7246.1642
2672.8046
-19.62868
2526.4963
467.95517
2694.6519
618.47882
442.90122
2661.7579
785.40404
1147.5578
777.69564
-1375.0357
2300.8178
1943.3365
2107.266
2562.6026
2189.4549
1192.9114
1230.7562
1190.8898
1732.7739
1424.7428
1754.6767
260.28316
2728.5769
447.61965
2388.3673
263.78937
2540.0904
786.8718
1408.256
1141.3937
1421.0668
1994.9193
2802.0961
-530.81988
235.43175
2097.6776
1141.2099
1152.5303
1614.766
1007.9356
1944.6849
552.48803
230.67144
497.64818
1779.1163
1735.3075
2537.7878
79.114834
2612.6393
-220.8927
1629.0031
2493.2024
774.35778
487.15517
462.7162
2472.7046
2682.5464
1033.1193
1665.4753
2106.9976
1993.9072
1206.283
2125.5294
432.0703
503.59908
7158.2289
1943.5634
454.49599
-116.5639
1517.3699
7084.9519
2530.8725
1700.2291
828.34745
2063.9905
1892.9657
1582.8903
374.94482
1015.3997
509.00671
1705.6887
-565.32319
702.45836
2388.1416
2205.9827
1567.183
859.48816
7534.0522
2051.4656
515.93754
1298.0704
1626.7945
7108.1783
-431.73677
1395.9472
1886.486
-385.49767
1416.7783
1695.1269
974.99787
4810.5377
356.59777
783.99574
829.17888
2375.2633
2416.7756
7040.8426
444.53228
311.67942
1843.7142
1751.0821
2157.9691
2070.0546
1432.3866
2425.3593
234.06879
1159.3259
2134.8514
367.58488
1545.8295
660.89499
652.48051
2021.0811
1952.4696
2422.465
1151.9356
898.48718
1647.0293
2626.2563
2721.5693
2338.7054
2129.7375
2293.5739
2283.8576
1800.2549
1604.9642
827.69869
1471.8606
2816.7066
1128.6905
1000.443
-594.73059
95.511698
-158.73768
2329.1628
992.11335
920.37235
-149.36202
739.38494
969.04909
1944.0206
1611.9745
1357.7644
2640.2099
1503.822
102.36649
931.46749
2330.7037
616.31453
1443.4189
1375.2597
-181.5771
-42.773488
757.94038
1937.9747
1447.689
2102.902
35.377799
2071.9715
476.78197
799.7348
2006.6282
437.74393
1194.0558
-46.25273
1369.7149
322.02615
1123.3998
1105.6885
940.28472
779.85415
2419.1522
120.5864
2560.9017
2683.5951
1982.0317
27.335049
2536.2552
2757.4442
2570.3113
1136.0703
-793.24739
1009.6679
1118.4168
499.84699
1439.0334
1059.3402
-860.63223
1499.8228
2242.7913
923.58553
486.38277
851.53891
2603.2359
543.36142
1667.8414
1132.1065
446.65562
1249.1744
1534.9184
2080.8262
188.22567
2265.7923
2055.5227
-596.7495
1842.6107
926.35638
2206.9326
-533.30007
643.00082
2231.1356
416.35035
1479.7817
1142.3862
1739.2949
2351.3516
517.71717
-50.71773
605.17294
2152.6455
2106.184
723.65412
1985.2184
1776.7386
1341.536
7181.7853
484.2888
52.965509
381.23716
875.73938
1449.4621
1421.9145
1099.2459
216.26557
1761.3946
703.29295
998.40283
1679.3086
1174.5431
192.17901
136.03492
2481.8358
351.47328
557.26479
501.67408
1485.54
1445.09
7455.7982
-195.96947
245.59848
2533.2687
2487.5398
2072.5325
842.26067
2275.3503
924.22947
275.11513
2774.8636
1254.8166
1689.2634
128.73535
924.73327
225.0355
4946.728
2441.2672
1025.644
1163.7545
1819.5397
778.62886
1402.9406
1008.0519
613.11004
2713.8541
311.894
2060.6246
900.89773
501.71082
339.74449
1434.3661
558.84588
1930.1816
2382.2778
897.91048
864.73728
-887.67161
750.64724
414.5402
1208.1801
1156.3775
484.15226
971.6408
1815.4432
242.90086
905.93226
833.58543
2154.6754
2411.3536
909.56629
1716.6256
2496.6737
1990.9709
3059.6663
2812.9319
2300.4423
1059.8867
788.01332
1663.8171
476.88091
1945.2363
6923.4592
2898.763
858.82526
1485.7277
2462.6332
-178.16143
7082.6467
2754.2992
23.575167
2469.1862
2531.1842
1529.9666
825.88525
699.39192
454.30462
1414.08
1350.6399
1086.0574
1950.3135
2730.8795
1231.8247
2143.6318
1546.4172
1648.5983
2788.3767
2548.2591
895.00219
1443.5739
2780.8108
297.6917
1191.1838
2774.7665
2348.5728
1101.8758
2572.3166
1077.3716
-195.83005
2561.7308
2360.4423
2099.8052
636.53718
1061.091
1920.3938
274.09409
3686.8315
588.60887
2677.3309
1263.1569
483.58089
679.3879
593.18968
1910.1216
2562.5423
663.29758
1289.3611
303.75597
1895.3134
-623.73171
2677.8433
2774.5997
921.75354
54.884848
62.074006
1073.798
2793.7696
891.23111
897.58089
2454.7904
808.19794
970.11875
2649.5774
242.18089
-60.945876
1240.9012
2547.3442
2615.7257
108.93123
721.0986
-488.13065
2773.685
1394.1939
2298.0839
-641.72442
2212.0487
1947.8478
2831.1374
2204.6553
2538.1558
632.62911
1676.9572
2054.2789
2299.7288
1882.8178
283.08595
389.61316
2396.5851
522.30776
613.86479
2497.2828
631.9389
-178.24935
1997.4148
-614.35325
1178.9955
914.8384
7037.278
1680.6011
1407.6976
3034.8423
2781.1356
2583.3387
696.83573
712.00839
1249.0946
200.50704
1662.5186
1352.1292
1780.2279
2557.9431
7035.7636
1367.417
2608.7524
2838.311
1143.4305
1214.9691
7480.7307
2612.0429
707.87908
1636.7054
692.12753
626.88353
1709.8362
1567.7992
194.18748
1970.2457
418.22955
1465.8735
451.52821
1550.1747
1327.2292
2326.917
1283.1815
688.35287
720.2301
2616.0109
263.37238
1307.4071
2213.4732
1251.0776
2280.8591
1394.5968
2109.5398
1718.3396
1442.4882
950.1198
1094.4686
1361.0509
2143.3823
540.27448
2611.3363
72.299219
678.19201
1467.1437
2396.0898
1680.4475
393.27989
1595.2379
2595.0164
1672.9748
1279.4915
2037.5488
1079.6887
7327.9773
-536.45732
2158.5753
-84.020605
2083.5647
541.0376
642.72951
157.86832
6909.9765
1086.5418
1226.7571
1401.5607
566.81456
2183.9391
1408.4331
1354.452
1201.714
932.9416
-301.05232
2685.7843
1377.5864
1302.6976
684.28874
2085.5012
1544.5707
2780.1493
1213.8969
1759.5203
565.33877
1287.1187
2076.2579
1558.4506
2036.6926
1729.9066
785.56016
749.23715
1933.9148
1425.9893
2344.6403
-720.82379
-62.991427
2392.1091
2674.3607
1316.0456
180.39996
1600.2544
145.66641
1083.27
1323.0711
2095.7403
593.31113
689.04658
594.50959
381.30838
1286.5873
560.51827
1328.4123
2108.4872
1826.3761
756.11164
866.22069
719.15468
1643.4073
1646.9243
2256.7519
400.37234
1023.7044
940.2807
1347.4517
2462.5431
918.00302
528.34763
1243.5196
873.0691
1357.1775
1654.5056
2781.9746
2342.8183
482.46189
1954.0977
625.58938
407.25521
1156.1215
2657.2318
900.95923
1186.3929
167.35033
2988.3028
2493.1049
1792.622
1528.6222
1105.7746
1426.707
1562.6769
1481.0011
2734.7385
590.00998
2778.4615
1649.6067
1998.0295
1812.3904
1653.4252
1018.1744
1856.5774
2311.0474
633.7301
563.58201
645.90013
-368.27167
415.62354
1703.2898
503.37461
1316.5711
190.05891
920.36509
1327.7956
1771.7834
550.29101
454.92753
1796.2341
667.12283
2338.0568
7078.1941
2633.7292
1201.9476
1681.0078
603.02842
557.87397
2684.5959
1632.3823
533.85687
2631.1695
908.67411
379.35993
-537.24972
-700.81202
1014.3628
607.37071
801.86328
1628.9124
2534.148
1406.0421
1126.7785
1414.8196
1763.1634
2610.9302
1504.1041
473.16973
1052.6579
349.45634
2718.3404
2366.6705
1373.7567
974.4282
-306.62074
271.61945
7537.4576
1497.9917
732.49953
1741.0503
1985.4908
742.57255
-483.60447
-482.93672
1096.9694
684.46731
1884.4124
2367.8755
18.972256
2693.4281
568.5328
2630.7869
349.82378
334.88833
1373.9029
1207.1222
-24.232929
1934.7746
73.468725
1356.8641
2481.3952
2002.0405
2769.0021
585.06604
747.54194
-165.46368
1291.0495
688.49533
1909.0358
2265.8904
2459.5937
2369.0196
2571.1314
370.93707
739.50422
7032.9155
1200.5639
-183.44275
1663.7203
227.22794
997.43664
786.80472
1437.3127
553.70968
2458.1326
1516.4467
1518.8408
881.57645
1046.8752
2008.2876
1208.8934
59.314117
2207.0094
1451.2389
2296.6156
934.56234
1188.584
2516.9911
309.66789
2278.7143
511.07893
-65.929615
1908.7183
835.54812
818.72157
3041.7179
1000.2228
1639.5362
1409.2482
1754.8662
2207.8464
1923.3747
841.63007
1259.5328
1594.7425
2083.6576
2163.9977
2340.5647
973.33279
1192.7459
620.30847
1035.0058
1185.6061
1748.6151
1506.7585
1307.6018
1983.4156
63.216222
443.51871
1986.358
461.72862
1040.479
1134.812
950.79756
997.17973
794.99749
2796.4841
2142.3662
1542.052
2456.5253
-114.43855
1266.736
1426.9314
856.10182
1569.4361
526.79781
2774.4165
1049.1091
1305.3042
1906.5141
2940.7989
2404.3754
2668.6464
1976.191
2222.8574
1451.8444
1460.8884
2281.5721
1788.3067
898.84446
1619.6945
2526.9862
1963.2526
487.14928
557.00053
1061.0905
824.1533
-592.16535
318.40315
2486.1274
309.32995
2537.3722
56.044613
1883.2914
2627.8056
-419.55813
2622.7959
-435.42268
802.23629
2092.7304
1472.2229
1720.0585
997.89195
-408.93222
1273.9938
640.1174
380.09427
957.4878
1896.1864
860.4699
716.90534
2401.9607
1332.248
2106.4665
883.14486
1540.7342
2035.5938
1814.0068
2017.2447
1445.6721
-655.03379
277.73737
1439.7054
2604.865
2501.9673
1438.1115
2540.1731
6996.4002
608.74363
1802.9513
682.22155
1875.0215
1625.1173
1455.6146
2961.5613
2626.8924
945.37403
1399.9403
666.93637
1527.428
736.01581
2538.9764
68.194446
2673.1212
1254.1648
1719.0252
2114.3784
2473.7683
2508.2389
706.62371
2037.3285
1453.4854
844.03084
2569.6213
511.42399
1875.6282
615.30745
1581.0248
807.00299
986.88863
1290.7394
439.01747
1945.5011
741.28821
1046.3293
2123.9335
6874.5243
2633.5527
1445.7504
2074.6133
772.10504
-747.24558
-59.481786
1096.2476
850.58619
2756.3918
1151.2493
329.92785
1817.9374
333.54617
1501.5081
1967.1725
1480.5973
143.13571
1395.8518
2050.5257
656.41311
2037.1219
1301.4141
2726.0074
796.38065
2140.0872
-51.789073
537.63748
2634.2748
2328.8573
1387.4732
349.72681
1236.1314
647.81393
65.060366
6966.1427
2353.5864
974.44498
639.8741
428.7776
2693.8571
199.12969
877.50353
346.71469
7254.4794
996.11971
1622.483
1589.5318
684.10513
-133.56825
873.77842
431.79676
1395.867
789.88587
517.21607
800.62917
2655.5841
400.69596
2413.3473
949.28065
3349.5947
2020.0132
561.25413
1700.3661
2665.3776
1371.2791
540.35389
1136.2678
2362.2442
1154.8223
1394.8873
1658.6555
548.9902
1174.5046
859.05066
2627.9978
1592.2604
1243.3348
1602.0677
2931.7497
-67.224978
2067.9734
2675.8036
1358.5481
1500.4579
1574.227
-708.87055
2075.7011
1339.1704
895.84196
1176.5844
2834.7023
-152.65157
1548.8668
411.68469
1957.4232
1240.8671
1612.2105
2682.9574
768.93844
1880.6751
409.04821
922.7858
1298.6707
2067.5344
1155.9173
1265.7098
1872.7766
2342.7475
737.79906
2511.0203
-74.975463
1982.5394
1841.7952
1676.8167
7417.8175
2606.8424
-365.81694
1253.0263
971.26579
2457.7086
553.62033
2024.2274
168.60887
548.86937
1054.0376
921.04648
761.4171
2076.6234
1103.916
2287.5688
224.44779
2664.1301
644.06641
434.55229
2520.7472
399.88778
1133.7185
1316.3283
1379.8702
-82.653981
1155.4785
2178.5205
1735.3714
1909.2821
1128.698
2398.4649
1702.3294
787.91963
1959.1911
520.09108
381.58903
1069.7061
2485.1839
630.16372
1650.997
2336.955
941.02493
2290.8086
2755.6615
881.84472
708.77908
-213.93724
1051.89
2815.3569
1402.0681
914.80168
-699.83743
1940.738
1355.2741
593.33471
1876.248
1300.7778
940.07622
1440.9564
-32.452508
783.21379
1020.8666
1622.9533
1689.7924
2761.1231
1479.019
1797.6065
-221.97875
2214.2432
1146.377
1859.342
1507.0985
2523.0778
695.01289
195.74501
821.54852
937.56143
2349.1972
1655.5778
365.79694
1596.3731
2628.7626
2350.534
1056.394
13.364672
1552.1324
13.096582
2776.3841
2456.1573
748.66976
174.86486
6850.7129
869.76393
909.39079
1777.0479
767.63181
113.02958
2934.6266
1577.8666
1923.3868
488.64791
1721.8724
2144.4189
2428.7069
499.93641
912.59971
195.48989
1324.019
1300.3789
1747.9589
1792.668
860.29566
2817.6386
-298.21624
1010.7712
1742.1497
1621.9494
1991.4212
1698.7752
2592.9177
1487.2733
2915.5112
2026.7525
1040.3932
850.23857
2820.9047
1308.1869
2798.9644
-537.27584
2712.6904
2284.3757
2649.9401
1832.626
399.5044
701.59715
-174.24856
1796.6601
473.26359
2258.3664
1859.2554
683.60611
1196.8632
1073.7707
1279.6482
-196.34881
2219.8539
2544.4821
1317.0991
397.39578
2643.9293
1821.7443
686.46438
2811.9708
686.282
501.92264
1997.5643
2693.2652
1007.9266
2022.0028
1332.857
2895.2627
768.68579
436.12265
2231.7534
2238.0299
783.47065
593.60811
210.34294
696.28371
738.71045
492.07211
1934.4237
1576.4901
2215.9831
756.44162
1117.6064
818.35283
644.6906
2295.3679
350.87266
7049.5423
1932.5506
2138.9875
1646.1394
2258.1329
504.37593
1172.7568
-142.05733
127.19802
2052.8889
697.59466
733.8556
384.293
2723.7285
587.47538
1740.6468
2247.3386
2934.2845
-277.5709
225.25181
1705.1102
1840.9671
854.25319
-284.40768
-234.06745
-493.45394
2336.2859
1772.9423
1211.9415
2759.3381
967.07169
2951.3243
7544.8859
842.19986
810.17755
1706.8367
2146.0457
1517.047
-289.50544
1218.5277
1694.2315
1200.6457
1184.5271
-53.333852
1296.9145
-856.56615
920.50407
2457.795
2078.6637
180.49937
507.0093
-109.45642
1530.612
1580.1345
450.08746
1740.7147
345.52755
865.99417
2374.4718
2584.2071
730.96983
2819.1338
1966.5619
1198.4835
1041.4639
2030.4919
1804.192
1670.8279
499.3159
371.81281
802.45475
1101.6089
2549.7
456.78257
2576.9132
1648.6613
337.06433
699.05347
813.64405
812.61942
809.7837
2105.1399
2117.2467
1101.9301
1084.9069
976.96725
1733.3633
527.03553
582.47512
-397.10117
1932.9224
7001.3235
651.0717
1139.718
653.71763
948.37231
1971.4193
1924.5279
1573.0794
2777.956
2339.2027
7100.3764
1481.9845
1940.1357
1883.9743
1611.0688
-584.27585
446.79582
858.26546
2245.1165
1869.0628
1798.4058
926.49871
1748.0648
2161.296
1561.123
1509.9236
209.85736
1132.0143
1366.8383
2022.6586
618.59373
939.52905
-132.01088
2084.6053
2747.8067
1933.989
173.6314
2516.3906
758.1289
388.59157
1062.6507
2616.2693
-208.76728
2629.6145
565.49364
1557.5322
1434.8818
551.01101
768.2744
1278.6064
2825.7138
1788.3057
1376.2177
2751.9992
1836.021
1061.3506
1657.9676
2014.9077
1195.9456
1561.3918
1983.8301
2241.8463
828.36746
-1.5154441
1529.1416
1831.4912
879.64459
150.71577
870.89028
1050.5987
2256.01
1202.0727
854.65115
2770.5252
-653.9771
1703.1981
2001.5638
2347.4012
1960.4962
516.41219
1109.1805
416.5114
727.56011
1340.7052
2290.4617
2347.909
2279.059
2089.3562
462.14176
114.35394
1334.0691
1947.2755
85.597744
-813.07368
2866.8358
2807.5809
1501.8918
2380.1761
1004.8282
829.27689
575.45356
814.67575
1187.2333
610.79594
759.59443
3.0973278
2596.3884
1431.397
2690.4616
1359.8645
1017.1724
1197.2692
2699.5039
7506.8689
2225.9215
678.08601
226.96793
2454.012
10.27049
1253.7199
127.50629
1768.2259
1013.6128
881.7661
3673.4645
2620.9673
981.49147
544.95359
566.12962
60.777537
249.88618
2806.4941
1349.572
1889.777
2437.5258
2659.3126
-153.58122
792.75301
1258.2895
1085.3107
1085.8008
1455.9543
2537.9767
930.28429
940.48101
7241.353
2174.7639
7164.0629
1705.0638
1248.1097
305.04627
2596.393
2345.6644
2969.4121
768.3666
24.875185
1780.1687
1822.6742
1390.1143
770.36812
878.60684
1042.4287
2194.9004
1477.6436
1085.3257
2046.9156
34.65429
1881.3216
1089.5273
1317.5916
322.82169
973.94356
2496.5002
1891.6879
560.0281
669.31667
1323.9073
-26.41786
1336.841
1301.1396
1790.4734
2105.2024
531.25147
7150.2126
879.68807
1523.4957
2226.1585
1145.9965
2657.4419
547.79349
985.88274
2280.0455
-287.90895
1628.2624
49.540155
1526.5068
1796.9131
909.73776
2044.2514
1199.9866
1937.3908
1896.0191
1145.8709
2133.4879
2711.1902
757.22053
2515.2809
805.83013
928.6146
387.5597
880.4735
2639.5316
720.67123
1515.759
2427.9021
129.75692
1232.6773
1009.7342
1711.1094
466.88959
1072.6519
1844.3289
1446.3333
446.10514
2195.0033
1528.1967
1116.3054
2259.6003
2055.2427
-368.88152
1698.5585
1194.1608
252.01268
2726.4046
2222.3228
1237.9945
2573.2052
1734.8069
1918.0139
555.20526
1216.9399
2372.003
51.812459
335.18219
1750.3412
98.100102
937.32446
951.97233
1401.2428
1502.003
2050.9327
1219.1761
322.21958
2372.9503
2396.9298
-726.47366
2237.1858
906.2699
2278.5755
1009.0681
7476.3242
467.78791
1424.9233
1111.4788
1535.3129
1320.0002
2189.9154
2404.0719
2034.7548
370.41536
488.11378
773.58486
649.77984
1162.8933
2667.1169
661.70805
986.80881
1985.091
7494.246
1084.7083
885.33757
1090.1415
1559.4658
2541.0819
-361.39812
1720.4597
1115.5498
1132.8427
2729.0179
666.58335
1051.3971
2418.9116
2086.6863
1820.4185
7045.2727
2026.2218
1174.8399
113.3056
1288.2229
663.67367
1880.7134
2585.0056
-117.68528
-21.747034
-849.38177
1646.8165
2666.3153
7118.8588
863.7076
1727.6301
2413.6827
2706.8486
639.7273
1985.8265
1199.6313
1848.5236
1324.2392
1616.6572
2591.6145
2564.8005
1383.0524
1572.2368
1418.6041
-529.0442
2718.4328
2784.0413
5762.0655
2059.5094
647.95891
2104.8138
1846.8491
2380.4533
-39.800684
2397.8788
2890.3857
660.05779
1722.2504
1349.6235
2372.9704
2691.3379
1368.9509
2752.7417
2628.0922
2289.3388
1401.6054
2221.2719
682.63278
320.16463
6904.4967
859.03439
7011.5248
159.21342
1989.2218
2056.7779
2096.4433
1328.498
2768.7021
655.88003
2674.071
2569.1906
1913.876
2242.3934
7034.544
1687.0465
7061.6497
1147.9872
-584.28652
2377.0032
2665.4765
1907.4134
1280.8873
2083.1579
1057.5958
1395.5192
703.07623
831.8433
1738.2955
913.48937
2333.7267
-133.09069
1818.5852
569.08366
1618.1433
114.16147
13.323585
1270.9453
2084.0465
1808.9543
2807.0212
2261.1875
3197.1758
2674.6791
1447.3329
2631.4276
1969.4935
2409.2941
2282.8543
476.47649
918.48708
1767.6061
2509.2507
2731.0643
2894.0856
1729.5588
23.984446
1499.9164
1397.6165
906.35832
598.79932
1467.0918
171.95995
1709.9365
1841.1732
789.4775
1064.1215
1958.1611
1883.8797
1287.9718
805.26167
725.92964
1528.2397
7273.5562
2761.5028
1009.4961
2094.9842
2725.1932
953.0711
2361.7669
20.038397
899.05243
-532.3498
2806.4189
6978.4108
2337.6026
2001.0513
2631.6729
1745.0645
1351.3887
1544.4067
2733.0217
369.29461
2744.0567
1258.7616
1060.0373
1354.9758
906.64909
2140.0768
1421.3983
334.08072
822.84935
2059.6282
2164.6673
85.346591
2477.5114
1933.0941
788.75904
7308.4707
634.58401
1697.127
2126.2419
2050.2659
526.95965
650.81604
404.49939
1767.6992
1219.7532
2658.256
1444.339
782.85825
7510.5622
7459.7419
979.0847
1685.1091
1323.2226
1118.4596
2600.2985
3331.7979
-48.476833
833.1711
1909.8774
1561.0684
1285.6808
799.11821
203.2972
7344.2248
2337.9516
1930.6084
71.197223
2336.0266
-754.15561
-790.81159
2597.4714
1033.8254
577.73879
2109.2831
1739.3387
150.43459
3.5622947
1346.5041
2347.6327
1498.9509
1178.9804
1969.4197
2312.8673
1313.0388
570.88532
1854.0637
7082.942
2040.9756
2587.6558
897.61841
201.24469
1833.3309
1645.271
487.45482
2734.6409
803.35602
2306.8414
1908.8085
-534.23788
-36.21332
822.71895
2732.3812
887.08835
610.43766
1317.9475
2158.1208
2746.4137
1155.5209
2604.6494
282.8416
1235.4305
882.55065
1953.9747
2117.8461
1012.9993
771.14335
1590.631
2284.4935
763.10159
2663.1136
945.93826
2189.5694
1740.023
1701.8281
1682.8658
1834.5844
2349.0501
2481.6764
2525.8761
2573.6775
1663.5715
2026.6559
302.26516
2290.4419
463.21472
1058.5154
720.61269
590.66818
518.71741
1209.6169
1939.6911
2434.7572
413.74778
303.27149
572.00321
2625.235
1273.7084
690.98028
2761.6527
2002.1475
981.20937
1298.2284
176.28101
1137.2104
1793.1744
929.26694
972.22488
2058.5707
2293.3327
1010.9744
2209.9297
588.33171
2590.6714
517.98897
2422.1382
275.37463
1666.7589
649.3364
1647.6521
2746.3694
539.60127
2907.3545
1592.2537
1775.5082
1185.5238
1708.5981
2290.6862
1757.0735
1704.3764
1915.3381
1461.1717
1843.2898
814.00265
704.0381
1031.7324
2610.9552
846.03078
1263.2057
1631.1285
381.74148
1906.5556
860.64776
1464.5221
160.42729
835.79353
-61.271468
1097.7174
552.83489
2732.5415
637.42721
528.17017
2470.9482
210.04646
1197.0297
1189.6079
7236.2911
2253.0643
1696.9518
1863.3926
-267.4737
929.24814
1124.6377
2618.66
1271.8675
2426.2816
2706.0869
1729.3339
2831.854
1323.6258
2600.8358
2191.5669
2727.376
1685.5875
1775.8174
622.77201
531.3501
2545.9408
2524.1981
1178.9946
2717.6217
1490.2665
2348.6909
1493.5726
1955.5874
2373.6509
348.20279
1315.0088
428.22972
966.78909
2067.7625
2625.4444
2279.3278
795.24839
1066.2555
1675.8702
395.60558
878.03152
1911.1071
1138.6046
-85.684786
719.08726
637.87525
1690.0159
745.6894
1444.4245
460.55841
2517.3627
357.48832
1889.7797
1911.8034
933.3958
3579.8188
1728.633
1770.6957
162.27236
1212.904
2125.1043
702.42908
2184.5262
159.60245
1754.5621
329.63807
1532.2519
707.20388
2247.8688
7299.25
-707.59838
427.15776
1905.6549
1646.3883
1930.6797
2396.3888
1463.3236
1366.0637
1401.2328
823.37645
1460.4554
2547.004
2469.9199
601.51926
1779.5346
1370.8055
-0.29176412
2063.8354
1761.3275
1954.3185
1659.4761
2055.3926
1140.3148
883.45423
3022.5016
2380.59
715.0685
658.57639
1953.1047
1914.2667
2882.7291
1606.7341
1610.4193
1067.2363
1698.0437
135.33438
2565.0938
1501.2259
-223.53546
2394.7156
2623.7838
2773.4531
1832.7026
255.00819
2656.5206
7121.5108
1531.0795
1693.1863
1142.6151
345.21915
2712.6785
1193.9429
2635.7122
-352.99974
539.74039
1291.1455
1620.4087
343.20307
-157.83956
2560.5154
2502.8791
1785.13
859.67611
1260.608
880.19324
1602.2921
2158.9251
1068.1159
1375.349
512.77878
7026.4953
7236.7824
1713.2182
2564.2618
-844.79907
2682.2025
1266.4149
-160.83957
672.78612
858.72023
2023.0318
891.34888
808.73173
2515.3827
1883.6493
1578.4771
864.71069
2302.1125
927.68715
439.98835
1096.227
1841.3606
2310.6742
36.244421
1716.392
2394.3865
193.02411
2132.9303
2166.2359
714.61059
1929.9665
953.35353
1136.7906
1781.8238
2341.8892
-151.12305
2631.3862
386.24
1344.6974
908.14253
1255.875
2568.3516
1653.5316
2687.6841
1253.4745
192.78741
2542.972
2371.344
2248.7008
2261.726
94.719232
43.961351
1448.483
805.09595
240.07406
823.8028
256.06807
2122.757
1547.296
2562.194
1603.1674
2036.6554
901.81152
2104.9035
532.02481
-264.48915
2029.1684
2705.103
851.23858
1985.3222
2093.7421
1405.452
1735.4176
2543.7294
2401.1971
1547.2283
2043.9565
1420.128
129.84392
2171.9222
1744.8042
2319.0316
827.93853
614.3433
731.73048
1420.976
7055.0656
6758.5204
478.44685
1092.354
854.07453
-121.15766
1478.3876
1263.8797
1353.8423
2220.7226
2859.8185
1561.0988
629.50409
1942.4411
2186.1531
1809.75
710.99307
2636.7177
490.53884
1363.4031
1203.0053
592.40344
1600.0812
369.29216
983.9639
551.61379
2763.3422
1574.575
1361.3759
1674.3667
2505.4151
2726.0441
2053.9809
2590.4068
1445.8653
1070.117
1559.4908
-17.275088
1018.2111
1167.2292
1729.8937
889.11218
6374.0593
1365.2325
2183.9887
416.00392
2844.2167
2219.8194
557.73782
1729.5234
1388.4608
564.05112
2233.3379
813.01667
2089.3245
1463.682
1156.6593
1137.2023
1905.6132
1029.7083
915.39547
1548.8959
1326.8833
627.4862
1288.5028
734.40464
143.50692
1676.6937
1803.8436
7230.7828
1947.2832
684.93931
113.84404
7017.7958
1860.7085
2766.4462
1519.612
1143.6328
1904.363
987.53409
636.04393
2531.8519
1986.8828
1329.0213
2174.9094
755.07462
535.9382
1982.807
-4.1912166
1182.935
1356.6089
940.11898
601.0791
-224.25117
1456.4548
117.12133
2660.0262
2062.1478
1198.7523
530.44469
1863.4143
1208.7732
1376.8205
330.91808
2816.7919
2788.5801
7096.2148
2397.7809
6400.6632
2815.3358
870.2525
1830.5541
1693.3949
34.230479
551.02656
928.69635
658.33347
653.3275
132.13619
1576.7849
761.93465
760.46965
1626.1403
94.008149
1490.569
107.06746
877.20359
1092.3824
545.80862
610.22017
2006.4147
2564.9199
1878.3839
1988.4364
1098.4974
554.20872
1773.8403
614.87627
1153.9333
963.47508
1490.3502
2539.0697
2518.977
2809.5769
210.04005
1558.3344
547.41717
2041.804
2646.5978
170.64514
531.0291
1003.2201
804.92855
2020.8912
771.07392
286.62383
2765.861
1329.7611
1246.2943
373.8322
1026.7764
2672.2389
2377.5398
2092.7286
2548.8563
844.17254
7413.4301
2613.2823
884.855
-288.32434
2080.6744
1149.0553
-530.06248
551.56058
7509.3536
807.55768
1828.9813
7376.4929
383.51751
1422.4436
969.11369
2536.8621
2261.5825
7241.1546
2155.228
-1529.7748
326.50524
1568.2022
1144.7196
2753.3925
1148.5447
2659.2307
1213.4513
95.728676
587.48003
1525.3112
2515.8934
1295.5379
2420.2198
990.2271
154.88966
2253.9186
7336.7884
2595.7678
2532.5857
1705.808
1514.3557
2908.8581
2491.1126
1534.1924
377.04143
2332.2962
-64.873934
2259.8444
228.63129
2196.2282
1505.7891
801.41283
2292.4018
767.4206
2645.9307
781.02914
7292.9282
2177.6301
1420.2152
419.84549
1449.477
1011.1179
2702.3391
1573.407
748.95259
2636.6453
680.91748
802.25803
1702.0421
532.72036
1650.5106
2169.3209
1444.4081
1599.2319
2889.81
1460.7624
1867.5842
1104.6319
1416.0544
2223.5952
2801.4007
-156.89834
1937.0544
2014.8218
2345.0387
839.6447
855.02995
-703.28885
1428.9744
1744.6784
860.46903
386.20222
1422.1553
-306.84395
1744.4117
2663.6137
549.64095
1106.251
594.75214
843.50555
1771.398
2535.3878
1173.7498
1638.4255
7096.4829
513.76644
2409.6673
1448.202
553.5026
7474.2244
556.51664
1441.6483
219.5155
1245.4504
1901.1527
1051.4518
1921.9724
2404.4282
65.277572
1182.549
2755.3578
2739.2383
2395.1966
2460.6764
1882.2052
2755.5628
1465.8102
2017.0447
1498.7244
893.74268
1495.3352
1741.5384
375.83613
2560.3833
1250.6515
2917.6894
1440.9215
2078.2267
1308.7819
441.49188
1891.708
1510.0387
547.4768
790.61263
505.97229
1573.1181
1078.8035
-219.56933
923.95579
1001.942
2270.8074
573.46142
520.231
974.75218
1064.5986
1963.1194
374.84214
918.73642
1451.1667
1488.5012
680.78004
1006.7679
2036.3668
423.57258
2348.1562
247.41434
2702.9649
962.39708
999.54955
723.60498
650.03002
2632.2681
6754.8721
1309.0029
558.4763
2530.8591
1569.8646
578.29208
526.02084
611.2172
2235.8531
1347.5201
2544.7347
999.65251
2176.9691
1944.2756
1873.9827
2250.9433
2060.9288
236.98208
1100.3797
2086.4739
745.52376
2052.7437
2750.9572
1832.8998
1100.2271
1563.9181
2234.2837
602.97508
2157.9368
1978.2915
1152.4916
1437.2632
1330.2367
7253.7965
1342.2455
2407.682
1295.8308
140.88874
1065.6002
1958.9309
1776.9772
2499.0497
131.08174
2664.8188
-224.42012
1798.867
420.40679
1868.2476
1980.274
1901.2853
482.10344
2677.0789
2061.5098
1160.238
2254.8506
2235.1956
1036.6196
802.69647
983.7585
159.14454
2522.2428
48.721627
2686.6434
1091.5555
2049.9063
2655.1406
655.25531
702.57407
830.10072
1723.0128
2410.422
1227.5926
-131.99874
497.8589
1816.6626
2495.7564
588.21283
1331.6903
1464.948
1799.6831
-729.79601
1183.041
1997.6831
562.80829
2639.9057
1331.3031
751.73664
114.90831
1736.7368
1443.08
2420.528
155.74577
1698.0561
2885.6688
2407.2366
1982.6107
2626.4077
1211.036
1105.4574
1398.425
2123.0685
1684.2917
556.60845
2591.8354
766.50753
1091.7471
21.315122
1057.0071
495.86724
2268.8995
-756.84029
-111.47866
2007.3204
697.62649
2292.6313
226.74574
953.66859
-544.39601
2263.081
1763.1637
2568.2914
2866.9307
159.84847
2793.7993
865.26824
1585.9507
1436.0622
1686.6528
2610.8917
1830.1678
599.6221
1161.1048
1896.1179
1261.6676
1914.3747
1369.249
1926.4135
1099.1742
896.09927
1056.0292
2597.7532
2003.151
496.20112
2479.7694
2389.5815
1335.6881
414.83186
2099.5588
1806.7407
1246.6269
118.03537
1607.9946
111.89106
1437.8975
1251.7558
-491.87721
2155.1159
774.84207
216.75058
2291.6572
2253.781
2564.0198
1078.0578
1037.0687
2454.7655
2745.5669
2410.4031
-192.49233
1254.3502
2215.5021
2358.5513
501.42127
2584.8999
157.22004
1070.5201
1059.6606
2113.2656
587.81364
1872.2231
1171.5055
-310.88518
520.51677
572.50763
2672.6369
634.27122
1986.3382
761.56804
1604.616
2226.0908
7139.082
1964.3785
932.75859
1740.75
2035.842
2623.0262
1540.2905
1687.9583
1227.2544
680.79742
2365.014
1172.4087
1488.8631
1941.8478
2508.4917
1326.347
2558.8729
525.97613
1035.8185
869.75143
1618.5655
2559.9551
338.68608
214.11186
2650.4435
2197.3709
2019.1778
1589.9992
929.73832
554.40189
2100.7009
1124.3863
1656.432
1593.1062
586.33174
1041.9332
1533.8308
1395.4939
2911.0925
2586.1197
1536.6985
2.4362667
478.03097
1908.4995
1511.0287
343.45346
1650.5338
2556.9974
200.2859
2404.6521
2705.4029
2706.8989
574.4991
1522.0688
1342.2888
1788.3106
-707.51276
2104.3515
2655.8653
117.07234
486.31138
2041.4572
1737.0701
2520.4752
4270.6815
2164.9379
2709.161
2339.3745
2004.4115
2552.654
1681.6684
597.89685
1395.2958
1829.8285
296.98224
361.20231
1063.6673
1501.1922
2640.5405
897.16945
1345.6598
1384.5267
2245.6534
979.6998
-124.56787
2032.9059
2194.9829
1694.0791
2770.8777
2039.8029
1039.9618
501.59342
1489.7888
1602.4405
924.88382
1360.4428
659.71337
1316.8182
2455.4676
569.33645
1418.5215
1345.6021
2228.8882
2412.3271
789.32186
1542.4069
542.96112
2201.9097
133.94312
734.20105
313.61203
617.84733
2220.2184
578.20823
2722.6661
7044.4392
976.86935
1072.2483
2307.3137
2353.9764
2431.2603
900.08193
497.61099
2651.4172
547.20755
1644.8982
2498.6072
826.11521
553.38883
1906.1223
1594.229
-222.30646
1403.9911
2451.8487
1108.8538
2165.1296
1502.456
371.15258
2184.9033
802.31071
1765.871
1044.9159
2185.1224
580.28643
1871.9741
763.04011
399.72863
1885.6106
825.87713
7294.2935
286.24638
2752.2813
784.55661
2699.1623
2657.838
1949.0226
-96.10295
1944.3182
1396.8769
1139.5547
939.21611
1919.4742
905.13149
1090.8946
1974.8042
800.84639
1988.9089
1352.4394
-46.869825
588.51787
2941.9044
891.03454
2424.3036
2454
1438.7091
469.95248
130.29248
221.07662
2505.2628
142.67865
1054.009
1244.1566
845.20684
973.11875
2602.2029
-210.32053
2650.0092
1761.8859
504.70409
1773.0669
2546.132
1713.3648
-394.98484
-105.05795
942.88443
-660.72846
2765.6279
2484.4892
891.68916
1640.8219
139.23063
1053.8352
1550.7756
392.6616
7544.8237
7571.4975
2329.0311
2878.2222
2307.1922
1314.5087
957.47629
479.52222
1719.5218
1746.7948
532.50317
1534.1549
1720.9491
487.84786
-765.66173
112.39711
2404.2003
137.23432
497.40897
813.99132
156.82431
2506.8001
1132.2348
1098.6516
1540.5196
704.22853
548.14375
1819.248
1428.6371
1229.9303
1299.9719
608.85395
1544.6078
2246.9314
1459.9435
1943.0366
982.18371
481.24806
818.19731
782.67919
666.69395
1892.4518
1502.8374
2325.1947
1873.0917
2737.9825
-618.19084
2277.7968
1898.4001
-14.408914
130.817
6920.9008
-162.55526
2105.931
7045.4424
14.047035
2102.4224
1888.4735
1187.6902
662.39845
1041.5932
1710.6054
7094.2522
1024.5722
2451.8577
1368.7988
2279.6897
1663.585
616.26359
2536.0551
693.35923
389.54644
761.58873
7153.9879
593.89397
2316.207
1188.6552
2291.8174
2272.0671
313.02428
189.19948
2861.0899
2792.3822
2610.5665
2581.3602
719.86785
1966.8779
915.62641
-708.80723
1344.5936
807.13554
1146.3734
1488.7719
2356.8048
2492.3162
-118.6654
1092.368
1760.7602
13.741726
1901.5283
2758.6944
1761.8363
2197.8904
1698.5507
569.57262
2765.2085
1788.3042
2274.5616
-164.38515
2882.8698
451.9299
1390.0739
55.758178
233.35401
566.12691
742.37176
-125.92856
2554.9822
2832.921
501.41689
2142.9019
2703.6546
2819.5126
7223.8119
3.0479205
518.16699
1033.2519
7523.2868
1102.4955
2645.3733
2435.9356
1682.3598
2154.9715
1428.7397
1249.5332
1608.6494
1475.5977
1385.2253
964.42807
2008.7651
2569.77
727.77848
2118.6269
2613.7575
1393.4614
833.76117
1478.2117
2104.3196
2231.8945
728.46666
1199.8632
2632.2348
589.93765
256.48007
-806.68678
1995.6118
2113.4084
2647.2342
174.79067
-823.46461
2373.4058
1004.0154
2526.9618
321.69942
894.36241
1583.7527
2283.4715
2254.7947
1866.3772
7104.6806
2664.6911
2237.5312
2735.7409
2854.6178
1342.779
1664.2697
683.23812
561.89403
2894.8761
1858.2929
1206.1006
199.83459
328.28947
1646.7455
2423.8581
2142.9828
2702.5365
893.88892
2014.6316
851.37376
1722.0795
2379.9549
194.56839
2521.3884
1784.1418
408.33193
709.58982
2538.6133
1080.8027
732.74089
1177.8829
2887.1363
362.58459
1899.7792
829.81858
1268.8788
-497.99399
2050.6112
2424.8737
2193.8908
2420.4473
2709.1173
998.34209
1658.4454
1237.7003
2696.2179
-333.32858
2092.4563
7153.0367
993.39622
2332.4727
1062.4546
2072.0705
1326.97
2589.2045
2798.2619
893.13435
1016.1564
1574.7052
2502.8786
1944.3656
1317.3487
2588.2028
2015.0504
1130.749
225.27572
885.22711
-501.89812
7489.3078
7273.3571
1430.6471
1827.4342
591.84254
2074.5437
2347.8483
1928.6284
2481.8914
1400.547
883.15014
2571.093
1479.095
523.21295
1968.7987
2703.0471
-191.06062
2417.2465
1600.1771
1147.5816
2122.3114
2929.6821
1814.7512
1539.6543
1829.586
1017.7544
2600.3624
2062.0493
1853.0496
152.9657
715.98887
1402.7778
1010.4492
56.297297
2058.0899
1938.9158
485.62639
234.94905
1603.1099
1349.9745
2037.9216
-184.12432
1884.8403
2102.3702
2275.3389
-257.78096
1653.8823
396.05533
2585.3621
2186.0501
2741.7042
1656.1541
1311.2214
302.57236
2744.3058
2645.9301
1221.8617
2744.4971
1050.776
2813.1193
1828.2334
167.79603
2486.8883
504.54658
305.10317
1671.9699
1211.4076
2149.7613
1621.8675
1084.6307
-167.00266
1316.4747
2586.5257
1314.5287
1937.723
2569.191
2028.8468
599.31411
798.29084
2710.2608
857.03923
736.5959
1532.7551
1266.0414
-710.80419
861.19117
2404.2496
592.77964
18.048032
2604.6958
668.14267
1885.4531
1912.2816
292.57317
2553.9867
1245.4057
655.62029
873.48695
325.53946
494.41889
464.16484
1224.1336
1588.5277
1504.451
269.10912
1046.3333
694.67022
455.31653
1936.8581
692.03732
794.66667
1644.401
2048.0755
1390.5317
2587.1309
1023.7147
790.64202
1522.1084
2650.9089
1245.5012
915.71733
2184.544
1069.9292
1586.2973
1510.0792
-271.26394
2568.7334
1403.5044
2910.8957
1342.0932
2369.7196
965.3046
1630.6362
1756.0887
1637.4591
120.09274
629.21662
-213.81285
1804.552
1002.7358
1096.6438
2248.0801
2042.8014
191.79362
502.73683
1579.9946
1149.4386
266.8212
2430.3827
1703.9597
2306.3668
-123.25215
1542.5106
203.40594
1591.863
2345.4853
1733.7212
-458.23874
1993.0596
1111.9762
-409.802
1626.6119
942.27238
1911.7385
421.11048
2291.137
843.95387
807.2664
1511.3135
-47.115694
2239.1556
1688.1347
1955.4651
147.71963
1251.9509
192.70529
2317.4416
2141.4294
752.87169
735.57412
-255.12298
716.4029
1120.9607
910.14919
2146.0544
1883.0193
1507.4196
2076.9673
2824.195
7238.0174
2417.3881
1328.5954
1708.7009
824.58064
1383.8539
1711.1066
1355.5641
765.63256
1736.5319
226.61304
-345.54222
7249.1237
2066.9597
2103.9152
-107.64666
1953.6212
-667.24928
19.821854
1461.9713
1191.9898
776.92699
1044.5016
2335.4314
-32.79921
2502.6505
2464.9903
841.41727
2040.6435
1107.5783
526.19368
957.43326
1648.6107
1876.9253
2545.7989
841.79089
2715.5866
535.0753
2600.62
613.8291
2115.4878
1481.9188
2573.422
1031.4858
741.19676
2573.6365
1643.5996
1760.563
464.18652
-744.44113
1108.046
2658.1779
2221.1361
295.42032
1361.8946
1419.1947
3013.9603
6731.0245
2581.0128
231.55879
2520.6702
747.29558
140.97797
519.94243
847.34138
1529.6997
522.71935
1628.7615
2508.0965
2504.2337
662.00467
1838.7116
1003.736
1838.2731
401.49199
1801.879
-469.03571
1984.5715
907.65074
1377.0972
1465.3777
1007.1617
1129.4021
1794.5036
1969.4499
7518.2173
2217.7331
1081.7154
2082.2298
7044.1781
748.02736
2582.4049
1265.4003
521.21507
2453.7534
2895.2618
1599.1204
51.732711
1893.9582
637.51699
2435.3736
372.12316
483.82732
467.50057
1743.0109
347.42705
543.79338
1247.4524
2062.2493
2808.1576
1710.8484
7193.612
1935.2713
520.78476
1426.9318
1222.6759
2472.7403
2725.0658
2752.7279
1233.7731
2530.3617
7512.2454
1813.1004
2552.4012
2334.576
975.98515
1382.3166
1563.3499
2006.6895
1601.9176
1043.6402
1278.6621
2034.7956
-279.79829
938.63016
2128.8567
1489.1377
2843.5866
1006.2293
2558.3255
1545.4571
1814.1315
2096.838
1114.7255
709.29191
2164.8392
7258.2184
87.726335
1635.0374
2264.6406
2224.6128
2632.8639
-31.312001
1981.4346
1650.0294
752.44537
2189.063
401.73646
1150.9076
1609.9636
1535.4405
1488.294
942.28479
2326.5764
1330.5607
1937.021
2268.1229
2156.5591
1081.3915
1058.952
2081.5688
2677.3052
363.02537
7019.0612
2067.8268
1600.9801
344.71772
2769.9388
32.273248
827.42596
863.12347
2087.3871
2024.8872
1420.239
1820.0315
25.57198
1342.7226
2419.8178
1889.2521
1618.3122
2335.3966
2563.1221
83.660915
7436.5434
1990.1078
2334.1522
875.54696
965.65743
690.64874
1040.5236
1091.4651
1186.0166
1362.2938
1599.0279
294.91122
459.19336
-186.0948
2660.2215
1508.2785
1001.2074
1066.2097
1440.781
7078.4986
1625.4714
1010.7562
-587.34294
2063.139
-15.474961
897.23545
1980.3637
1376.9347
7017.0649
1303.3369
-1.4589781
835.621
2650.1276
1872.7177
1888.5326
7397.6038
201.83267
636.39469
614.02562
778.65004
2322.5907
1393.453
980.71908
2035.0117
1812.8441
1950.4825
1035.7062
1888.0138
1466.2983
1511.9817
2907.5365
1781.7667
327.45753
1502.202
1366.2559
7548.4061
813.5903
2655.8598
2130.3857
1990.1643
1280.6794
490.1014
2884.4891
2155.3717
1565.0459
1902.753
877.05598
2128.3482
1712.3508
228.79452
232.36932
1291.0177
1864.0135
2158.4102
2497.4577
2173.4983
2317.1593
855.49662
2753.2519
2093.9775
2568.2548
1264.8345
-609.64647
2643.0669
2310.257
3436.227
-263.35933
-21.971539
1267.5058
1934.9297
1487.652
459.88107
912.15661
125.3081
767.56814
2507.139
842.09315
2967.4725
1905.814
62.59522
1117.4472
2536.8583
1100.5653
3218.7788
275.66461
2647.1747
2573.6276
2447.3296
413.92446
1941.5287
1784.8739
2799.2593
587.17873
7252.7742
1386.7031
2695.0392
833.94121
2054.3722
827.71326
2148.395
973.85952
769.02024
1601.8374
1524.2205
-159.24485
1507.3104
2700.3335
966.93566
2222.4049
1841.0122
337.9864
560.46302
2303.118
774.44951
166.30793
1554.3243
2002.034
710.76267
448.85118
623.14185
2404.4096
2773.1788
2862.0346
2476.0513
1041.6392
1936.6314
1560.9548
1691.8316
1981.1079
1575.7824
484.59187
1597.4245
792.7412
416.0674
1525.5994
882.15626
2288.8703
930.9448
1780.8371
1840.3498
149.50469
1101.6135
2242.3121
2119.0343
1894.8416
1401.0176
1176.5364
266.95201
2478.5311
1191.2005
2426.8875
692.53141
1573.1735
1423.4263
1000.3919
696.06158
1001.6529
1341.4043
1385.4938
1190.4598
2337.1181
1862.4411
1832.2382
2612.7652
2231.9727
-400.20318
554.59527
738.70883
455.42037
1102.6594
7009.217
899.63801
690.30882
491.96888
1558.3958
122.91575
990.22808
2639.2955
1321.3854
2008.7311
2901.2239
1522.5343
2028.4273
2424.9087
1150.1985
1106.0214
1014.2086
449.18227
1626.086
1414.1163
1906.9464
836.86474
1795.0522
2066.9293
1791.1318
2601.3303
-358.7828
2558.5562
898.10792
915.18925
261.81443
1239.5703
977.67034
719.81829
1400.0502
1480.5955
1832.7299
798.60994
1124.1073
1560.5822
2281.2029
2211.6342
635.08057
1904.2682
2568.7201
7411.7567
2151.096
1613.0402
812.5517
1956.3467
2903.0313
1963.5196
2466.3145
1361.366
808.67951
1420.8003
1918.4941
926.50683
324.54692
1826.5774
856.05216
542.26689
2310.496
1592.5598
107.82719
1334.26
1381.3837
2390.9785
1137.5953
2449.1198
1748.4899
274.21971
2381.4424
2441.5165
2477.2261
2150.2549
2525.4008
2106.0648
1096.5306
2052.9634
7304.006
1498.4926
756.51716
1612.0879
2324.0556
1987.7964
2804.5523
2927.5215
927.70209
2875.4392
1503.6459
1436.2928
357.452
1134.8753
2607.0395
2568.3848
1764.7644
2652.3729
2142.1189
1194.1111
1433.6479
26.367909
1179.0127
2918.1386
-284.48815
1262.9754
7177.2405
1427.5476
1451.1191
156.06803
2776.013
1594.1384
1058.5029
567.53708
1201.3794
2608.877
388.52238
2652.1508
1273.7627
2426.9409
2719.4053
2064.4877
1872.7185
2255.5456
809.35897
49.250439
1220.402
-178.51707
1367.4384
-175.43283
1734.2561
1931.1783
744.68281
2858.9138
1292.4921
587.02747
722.2709
1794.4145
467.27905
1382.5322
695.90315
2671.5986
2367.921
-4.4034939
2585.1596
631.83975
705.16154
2529.538
1793.1839
1638.2093
1246.5172
110.26024
1911.6809
1362.1512
2181.2852
1553.774
1455.1462
2506.1386
2229.6856
-701.73491
495.88643
1429.3855
964.64336
2886.0296
2829.6839
991.65693
2.2082253
300.12776
2555.9317
1400.9167
2067.0394
7055.6556
1500.0055
324.09099
2955.4033
2431.6684
760.15161
1105.9187
2427.6639
758.03553
1941.6662
1283.1863
1504.9532
1633.0189
-380.61046
1059.9643
1590.7748
389.62544
2640.2766
2430.6845
938.93843
1111.374
2968.9918
1608.9214
1698.3314
2287.9138
1221.3283
665.81474
3016.4703
473.5422
727.3362
874.75983
105.06081
1548.6071
846.99851
2245.5522
878.92389
965.44551
797.73633
2205.426
1981.3515
2551.3491
801.00781
2487.0159
1599.3435
2927.7865
325.00224
606.73507
1727.3239
1509.2994
907.55526
1543.5429
924.83664
1360.739
7360.7856
1352.527
1759.2236
602.55298
2933.8359
2657.1325
2238.7452
-35.992152
1318.5105
1743.0412
939.21262
1475.7006
2656.6657
153.39468
308.61414
1040.3437
1253.3378
1135.4509
1649.2858
1497.5181
1020.7183
1290.7207
2474.1043
1895.5842
876.83231
1069.6758
2664.5748
1240.7199
571.05901
2073.0729
2042.8531
676.13198
2435.1699
7100.54
2622.2355
2803.5948
2639.5663
1811.9051
2420.4703
1203.5642
1188.3683
2496.232
689.66748
555.35832
2571.308
971.06691
7524.4383
2827.2412
1525.9233
-244.34569
-30.338913
1265.233
2806.2083
1329.5317
587.71763
918.86014
2125.8572
1737.3522
733.82931
-304.91637
1066.1623
536.84721
2460.5049
822.62166
2347.9355
104.59695
772.9016
2636.0667
566.74925
2079.7746
609.25031
2681.2081
2666.5476
-146.1157
269.55295
7014.0268
1627.1812
1887.5454
970.45752
1321.9624
62.130374
-247.95175
1191.451
2549.7636
12.800742
2355.7953
489.32722
2587.7536
1508.4924
1300.9729
510.60068
563.81713
2506.4636
907.27239
1739.4283
1389.8531
663.60637
504.34211
1380.7181
537.68182
-318.24751
1235.8723
2249.0736
179.13608
736.60431
2470.4678
1298.7301
1109.0983
1592.5121
-812.36181
277.95912
7497.1003
933.74515
2005.2177
480.44763
2061.961
-540.28345
1940.5103
1432.7403
243.25049
-34.889565
1354.2656
410.64359
628.34139
1545.7892
531.7837
-786.50679
1297.3963
2133.7635
1201.9381
2068.1652
307.69797
2212.1789
1445.3069
1789.3565
2155.9194
2574.8848
2851.9246
2150.9895
2878.574
944.06901
2623.9871
1441.0262
2237.9826
1950.5629
1345.4564
602.47946
1833.5639
1313.5789
2056.16
602.36935
1647.5032
1166.3817
7040.187
1098.1582
2799.6085
30.33133
904.78272
1763.2042
2809.1081
1447.3051
1988.3519
59.5158
1083.2928
1563.4868
2168.199
1894.5391
2093.7765
1656.757
2732.6905
1367.8495
1845.882
4497.3435
705.1773
1776.8351
-101.11665
1546.5723
2068.8165
-345.41653
2420.355
949.22392
1550.4135
2655.7291
773.966
1489.5715
1199.3154
1714.0643
2035.0687
2112.1725
606.12155
7073.9494
895.97811
2105.9975
1979.9586
1105.4653
594.91592
2476.8194
2332.7988
1117.9003
562.89837
962.68167
2449.7133
264.00779
1087.419
7158.9613
2207.1007
1499.0846
990.62615
2021.532
1751.4817
2245.1256
2052.8841
2640.3882
1104.8266
2620.5778
621.40955
1089.2085
861.54828
989.33732
1337.0339
2486.1956
1188.2353
2431.8222
666.31546
2439.106
1095.2438
1403.9898
-256.78871
1423.2151
1212.778
870.3675
1780.7381
2532.7828
2460.7343
338.80508
1640.3043
494.64484
2866.7383
1906.1617
1326.9881
2713.1217
84.329226
2643.9144
2750.7678
7048.0641
2278.4445
809.87847
1344.2701
856.00818
-588.20902
1742.7913
-300.16791
1734.9741
-161.90252
1537.0058
2627.2784
1387.4909
1682.2879
403.67715
-81.524695
1667.4123
1313.9135
2545.7482
1334.4795
1040.0486
1591.7425
1982.4647
2259.6403
652.19125
-411.08265
2292.8714
1961.9384
230.91921
-127.06769
1082.5227
322.87265
1700.6282
1508.1497
2947.2104
795.5482
2129.3
2744.2344
2206.8637
1772.4495
1234.8503
2043.1967
2263.923
761.89053
7133.2995
973.20244
1493.1638
862.31955
2107.2538
2477.3745
2492.7303
2813.2835
5808.8879
1851.6853
1917.1372
673.48512
-72.997157
1322.282
2670.8959
2377.9616
621.08996
289.03363
2120.367
816.45164
1032.2872
1728.802
142.49447
2091.6218
7064.6265
2412.226
2448.5985
2019.7264
1109.8417
1842.8029
1286.8841
2670.1539
693.97123
1076.6583
444.6043
2023.1869
2001.8382
2692.9057
1599.2361
1748.1069
2460.7368
2167.9581
7551.3026
2252.8588
1547.6238
1920.4595
1404.2568
2970.5216
1476.8739
-263.72819
653.56268
356.80052
-360.68905
2544.1049
1185.3987
1067.054
216.32133
1763.623
30.5282
1322.1558
-21.236856
2668.2719
1997.4435
1698.3313
1267.421
1032.9648
2700.4315
818.88091
1636.978
938.59382
937.81296
1694.0729
822.84506
2466.6947
1327.2785
2281.2821
1039.9141
2165.2773
2801.5762
6995.4689
1725.5742
886.81718
162.75531
1942.6321
1598.3077
1549.802
489.63813
493.66204
214.70443
1288.7389
1817.6761
2129.0738
2598.8942
711.45564
2765.8714
440.16321
764.73526
902.76772
1976.808
2711.2881
2459.0317
2537.3706
7506.4389
1575.9986
1038.4102
740.40504
1794.8245
856.49823
51.778772
2479.9799
2449.5229
2731.86
2770.8123
2053.2613
1835.532
1223.5231
1144.1995
1033.262
2565.3733
484.91327
1518.9937
427.30895
-343.84998
2907.5788
-421.98402
2019.6847
2406.4229
972.42992
776.32369
7056.7393
1120.4051
529.39957
2695.3662
1825.8341
417.5215
633.03419
61.527036
805.56354
1293.8406
917.326
2172.0723
9.7115922
1797.8582
2124.7821
1194.7879
597.89001
476.63
-115.43876
1996.9205
412.77559
1757.4916
1581.862
1158.922
1091.291
249.65028
810.60624
1008.5089
-149.03786
327.34625
-390.34908
2106.8447
728.33708
1558.2869
957.98226
1117.7539
4335.9878
1908.5569
2221.9011
2490.4947
1062.1607
2505.9879
1312.8076
2441.4338
2670.6173
2195.9808
2407.6406
374.45156
2068.231
1447.4401
322.30734
1721.6553
1211.3398
1153.1299
2066.2338
676.25788
2303.5539
1553.2796
2287.7772
2372.4228
787.27126
2714.2343
2319.6042
1667.1805
69.467508
1310.8744
1387.0981
315.64083
1049.7886
1815.6963
1650.7467
1503.7451
1455.6181
725.979
1387.8395
2153.3078
7030.8506
2787.4356
382.06492
569.12957
1311.6135
640.53709
669.05817
2162.7557
1502.7361
648.1554
2296.5583
552.68446
763.20337
-236.6588
1528.4819
2568.5536
2617.5859
944.18623
485.90379
894.46767
2065.0506
799.24869
346.87679
1128.2767
1932.5527
2908.6432
562.0714
618.82825
510.97591
1108.9497
577.68622
2042.7985
1349.6558
-239.25259
577.98242
-728.15395
700.51641
863.80266
1451.4641
1826.8588
2817.131
1568.5937
2183.604
1641.8944
753.89184
1604.4616
730.77382
2451.5463
897.37844
1044.8744
1547.7707
969.48204
1017.9432
2606.6292
1587.3215
2496.3149
1144.742
2085.9783
1347.7921
1645.0161
1343.2516
2083.7143
1318.017
1705.3347
834.283
7507.5757
2378.8717
2027.9665
1094.6728
211.51023
7171.1401
1210.2947
6955.1989
885.58377
898.10002
1562.6163
2056.5587
2899.702
1205.4608
1943.8345
2224.8145
1947.9085
794.06486
1300.317
1387.4283
486.76021
535.19073
774.22381
1169.7604
303.8098
1355.8489
1332.7715
1140.8801
1706.8857
174.83419
1410.0868
1372.7782
2103.6794
1379.6214
1337.686
2224.2983
1410.3335
888.87838
2404.3703
1551.3858
408.48838
709.07138
1550.2987
1077.1089
311.6301
1733.2436
6655.3815
2665.6788
1746.6931
-558.12297
2656.4264
2780.6618
-504.07987
473.19029
1684.6787
-795.42373
1862.171
1437.8068
757.15461
1736.1136
1952.4692
572.08275
-288.30914
1536.7787
2383.4535
549.98828
710.38225
557.75754
1968.5338
1902.3359
164.41147
1704.3422
883.26016
1504.7259
20.167883
810.40342
613.40185
862.97415
1514.8394
2123.3747
2607.9269
2238.1014
1558.4083
1948.2683
7254.7196
52.393533
683.78959
1335.7813
507.86853
-470.22591
1391.9459
1311.8796
2649.4786
1778.3684
1231.8224
1814.8075
369.85325
529.36938
1999.213
-792.43521
609.24931
2326.8152
1908.1284
1507.5686
1747.2462
1223.0581
1438.3986
1883.3808
269.34905
-3.0653851
1346.0853
1373.6195
985.19384
1649.7419
819.26587
697.10245
920.45593
1695.9123
822.95019
1635.7456
2107.413
561.73145
2474.0609
2426.3196
1079.455
671.49306
869.35391
613.26325
73.748351
1727.2153
2659.0464
2458.6041
973.78498
1780.3126
1600.9033
2200.3906
800.6268
865.22382
2712.6367
1807.7295
1005.3761
2773.4148
739.33848
1282.6266
1716.6204
7017.0167
1796.0503
1448.5376
1491.91
1283.2374
2629.3815
1193.0482
1858.7452
1732.6572
-304.09204
2778.7199
1395.1739
1557.1926
7498.504
2610.509
658.28911
1788.341
1376.3671
1063.347
2016.9301
1243.5089
1242.1471
183.67524
1861.3313
62.825905
835.6833
1214.3377
706.39923
1508.1271
2422.7384
425.26053
1775.1706
901.39888
300.20475
1661.0206
2179.3948
775.52021
2333.5018
304.74879
1954.3874
1671.6867
494.33962
704.22293
2217.5042
2417.312
58.526081
1362.9893
369.51309
2175.8985
2511.5185
2675.5147
2520.6714
1191.257
2482.9051
552.14139
-197.65661
2017.0485
1927.35
1181.1673
1641.5328
2115.5463
-213.82829
1717.252
1441.595
2158.8444
7352.2461
871.80996
1923.7876
2266.2108
568.94004
1628.3791
7557.311
1824.8376
2710.107
2582.6665
864.76068
1546.3284
112.51044
2092.7179
-108.85575
2477.5041
1545.3041
7437.7873
-798.26411
2254.4114
2876.9702
1013.6676
178.27778
1138.1777
2237.6169
12.895663
1671.5494
1766.8514
1094.7326
1302.0207
2416.1865
2764.7653
1033.2469
1261.8018
1417.7813
-198.49525
1183.1651
1081.9273
-26.460788
1456.0996
820.78835
2557.2979
2079.0113
2526.1765
2558.0071
2738.2623
765.70973
1937.3395
1483.7379
1716.2952
-791.87533
946.70638
2950.7294
2616.3172
1055.8732
1147.1554
974.20618
256.84254
-452.23526
880.80255
2942.7702
1724.9938
563.88694
556.2494
1182.8185
486.0063
456.02595
1541.1418
709.05805
1863.0142
2239.2637
-231.09948
1945.0937
2831.216
483.64526
2014.9514
401.3986
-308.4852
941.42804
1037.7044
1861.6858
1544.4716
1499.8978
1239.9878
-127.98265
2948.2948
1910.8921
2387.436
305.1877
1763.9376
1694.838
-292.07931
2082.6311
1153.5406
1413.8192
2277.3751
1395.8804
1061.5471
2248.8142
1321.5822
1657.5035
2644.4372
1704.8988
1976.453
2659.907
765.26803
1758.5613
250.12908
1484.7839
2589.1557
35.389626
1752.9251
1780.2882
2599.0444
781.34407
-10.721691
2753.2665
2135.1851
1032.9491
231.96096
2419.9471
2776.2283
993.53706
1094.1386
1519.1804
2302.0171
807.05391
1666.5348
732.88117
1774.898
2110.9509
433.964
2274.1992
1389.7567
1416.6374
745.60342
1281.8559
1157.6843
2475.9424
2539.7741
662.53718
1087.0898
1175.483
935.5951
2803.4927
1152.1311
2642.6105
589.35277
916.4283
1516.8661
1748.5642
734.01418
2266.0124
844.14704
1446.7914
2563.149
2164.3691
1140.2629
1785.7624
1243.4816
301.61957
7041.0416
1911.5774
1485.7736
2122.3036
2114.9491
766.88029
1943.5675
2527.9371
1645.2452
2705.2579
2205.102
187.67422
568.00988
1897.984
2553.2332
1738.4438
1027.4832
2507.7965
408.02266
1923.9002
1742.4022
2619.6228
-100.68777
-152.88576
328.06499
1866.3343
613.65331
882.87817
692.56573
1642.1998
717.67487
1150.1608
1186.3984
2729.7809
1575.6595
-493.43693
1831.8732
1192.7388
7326.568
2553.4849
1674.2974
1118.2892
877.62993
2768.4323
1844.6916
2165.3447
2419.6256
895.99708
1818.478
2447.2451
1301.7516
441.50236
1330.2633
2533.3975
2749.5054
1771.0712
824.23988
1704.5861
2128.1054
1048.4915
1709.8444
1925.9481
2235.4658
2036.7333
7362.7246
1149.8743
790.27317
1031.1493
1102.7706
850.37206
1056.9058
2800.7689
182.78324
1596.337
-511.15573
601.40275
2288.2283
2656.4485
1866.53
1941.6072
-649.48306
1920.1666
-740.07535
1854.9726
-681.04306
1665.8436
1785.191
2489.0033
1676.0606
2788.4695
1828.8802
887.99358
2093.2643
2688.3985
12.555803
2413.4619
1324.7716
-350.7792
1084.6913
1329.3403
866.13659
1848.0092
2794.795
872.4966
1762.5439
1214.2217
2576.9945
1687.7769
1577.7067
614.81027
354.31544
2733.0421
1887.5752
2065.9532
633.84511
1173.7925
764.44381
586.89944
2558.2508
327.70755
667.4521
2682.6083
601.39981
2909.5624
1911.4641
432.2351
1833.561
633.1005
2021.907
1871.7522
1390.0735
-528.16624
821.6369
1835.6375
7541.6739
468.25645
2302.0893
193.27094
2645.2462
2426.2711
1692.6385
135.93773
3085.7868
134.928
1529.0433
1431.789
309.31451
1026.5608
1691.7313
563.68778
-312.81592
2628.4338
791.20546
2418.1487
1268.5628
1507.8432
1247.3773
2074.2102
2844.888
1478.0813
565.79748
1333.0599
2049.552
1657.043
598.02374
2935.6754
121.39271
1059.1536
1974.5506
1355.7923
2557.6389
983.6265
2800.2533
1844.1958
1360.6776
1677.1974
188.426
1380.7886
-531.58332
883.701
1951.594
1753.5742
813.96738
688.1511
118.27266
-264.9779
655.61735
2709.0218
-203.37282
2006.4121
2241.646
5553.5301
2256.9837
1060.8786
1425.5988
2765.0564
1166.4003
144.07582
745.40431
1088.9404
566.26663
1039.4307
468.699
8.7587026
1797.5192
1049.7959
2640.5205
1237.7727
1062.2755
-171.04528
368.23865
2674.5506
1704.4567
1144.7639
2453.5191
1025.8911
781.78083
765.79763
979.2317
2177.3959
1506.3697
1343.5978
992.2414
7455.2803
101.17702
90.02411
389.5314
7523.7294
1100.3614
3343.1956
718.76742
865.51092
116.04155
2210.3911
1225.5372
1254.9725
1630.1768
6265.7702
1377.8311
1364.3609
228.7528
2742.2471
917.86881
2011.0982
1712.5594
2563.148
-750.62564
2795.0946
2509.1159
2592.6977
566.43046
2357.0118
2366.4188
134.12393
578.57406
7078.6082
1490.8151
792.90431
730.24495
1077.5992
1007.3232
2438.6987
538.45718
1599.2858
-364.69111
-650.30005
1370.0053
2634.5939
631.20843
971.23448
618.34773
2403.4221
728.38871
1105.8176
600.83428
2126.1782
2521.3914
1457.9798
910.28177
2208.2259
415.69732
1965.2155
1393.3368
1781.8197
2887.0944
7568.5097
1105.2454
2473.9131
1684.1807
317.72221
-287.99678
2104.296
-749.02831
1358.8398
1629.5274
2464.9305
7107.1836
1022.3802
1200.1825
2290.165
466.47421
1497.5968
1309.4611
1367.158
2634.6872
722.35718
2059.1406
7335.8613
7025.6677
625.84146
2185.6503
867.26971
1864.2408
1178.2472
333.1038
1419.3968
809.78993
1491.2345
1802.9472
858.29767
1404.8729
834.65013
-110.63188
68.735353
810.14585
2589.3895
261.4521
2487.4375
1903.6885
1188.6553
1269.2729
655.67632
507.54168
1115.0309
2423.1361
1523.9421
603.14326
1333.4245
2051.8253
2555.0291
2081.5179
1375.5996
690.71808
1124.7922
1411.8315
648.33672
365.74509
1117.6346
1996.1692
1959.674
179.61047
165.42804
-220.81472
2000.3015
-118.68944
376.37118
388.50598
2584.3047
864.03385
2584.115
2101.4844
-662.40048
765.36014
2202.8212
1176.2229
199.25945
1006.0065
598.93199
1300.0856
1213.5041
1016.5708
2297.6132
354.11629
2593.2819
542.57138
881.55686
499.80497
1751.4711
2242.736
2501.9109
346.96348
831.06486
397.59407
59.758382
1494.2621
-117.20194
1166.8776
2511.8265
266.30266
336.26957
2678.3031
1265.5598
620.40514
814.68166
80.573906
966.292
1895.1461
1730.5239
1842.3237
2897.3324
692.61538
156.40656
2133.9287
2604.5434
1702.7783
1805.0959
1802.5386
1473.5712
1209.9868
712.28548
2437.1446
323.33997
665.45782
766.54169
1406.8465
2358.8135
2737.2863
545.2774
766.20134
1946.4433
936.28476
1520.1192
6145.5353
1003.2157
1271.2493
1089.9095
2522.7021
709.81603
709.14694
6964.7108
2455.6382
1716.7388
-460.62916
2128.1178
1242.584
1151.0747
1325.8988
401.44029
1970.5054
1093.6344
945.4651
699.76172
1955.1608
1939.6046
834.91289
775.94839
1679.5652
7546.7431
2955.5112
2473.8075
868.60804
605.58315
2267.1614
7259.5612
433.73337
314.14888
1825.8153
1130.7349
2423.5839
1507.2165
2195.3252
1503.045
1332.2409
833.56123
948.37177
2846.1832
1105.6665
2349.263
2384.9216
2221.3375
2561.8827
2504.7902
243.45712
1508.4789
838.23074
2490.5785
2246.9546
412.51697
1866.5626
2530.8824
-166.42564
712.48493
1105.1799
-267.10366
1550.6099
1435.075
1599.7237
2408.0797
-203.56989
2574.7027
373.86694
2434.7901
1854.7653
2385.6673
280.0283
2614.7153
2045.555
2257.389
1029.3956
1121.3347
-254.9835
1057.7379
-168.37695
2524.268
1393.7559
7149.7956
2673.389
1991.588
723.44343
2524.0681
1263.1965
1101.2097
1131.1049
914.11192
717.50941
871.57993
1543.2116
985.72244
1798.6758
2737.7124
2011.2276
370.78973
881.09575
587.78348
2312.3814
704.82226
2013.7344
1431.0751
1009.7065
717.07203
2017.214
700.48273
-24.783157
257.55534
1175.78
1267.5064
1088.7322
1005.0604
-61.201976
2263.3281
707.50838
6956.3607
1406.2479
251.48466
434.95405
1682.5048
807.19925
-71.260603
2593.7859
1355.7821
309.76971
2906.2543
993.55367
2795.3161
741.84022
2688.6864
1612.9201
2034.8723
2223.9824
-642.18887
1711.8908
527.28175
889.57143
1839.3071
550.54586
1887.2489
511.68815
2087.0847
2745.7868
923.1812
1454.0461
622.17933
1350.6716
1957.3452
2172.6501
819.21667
2212.1644
1460.1316
-76.532159
1147.5858
962.35547
853.15826
916.48308
666.33283
1213.4513
1599.5373
2843.083
-751.80945
973.78981
614.29577
1736.9179
554.29622
788.69451
1275.6161
2190.0872
685.75827
1825.8426
2699.2296
976.12006
681.48938
2012.6962
2136.5696
7041.8858
717.8913
-204.07929
543.54658
987.16519
1478.8284
2809.6131
2143.6763
1836.7628
885.69119
1273.5433
1356.988
2342.6665
1650.6178
1496.3013
1760.1534
1156.1528
799.19179
952.97897
1766.2367
2465.0828
826.05043
902.23517
2618.6374
586.29237
1030.4213
1138.4038
1296.4561
1758.9508
826.30709
1957.3905
1242.6828
5512.4284
1442.1871
1733.3499
2125.3199
1586.4913
1524.4848
2568.9699
1284.3972
1332.979
544.32855
2601.3612
736.94008
1565.7191
2044.3892
781.39998
271.89942
7356.8193
1372.6964
306.50934
1246.5019
1128.6557
1253.9831
2736.1675
1788.5798
2276.2381
906.21122
1143.3709
2834.6546
1428.4192
2020.6766
773.13764
2373.6839
2767.1541
875.15356
2284.9822
2448.3783
2080.5412
1546.8419
2740.5188
2109.0526
1797.7453
2726.6124
2654.3178
2800.0818
1209.4806
1803.616
1558.0709
1862.476
944.85555
373.04623
1211.746
2680.4387
1239.3357
-91.233134
7037.8929
2815.2977
115.30132
2465.0388
1053.4638
5528.4825
2215.8666
1974.6192
1107.5748
2479.1605
1226.4468
3368.859
53.426359
472.05344
550.06773
1944.1681
1760.9271
2050.1487
1847.0993
188.13674
2129.9042
1147.6467
349.26628
1502.1364
1507.7609
67.920804
1555.2214
2150.874
1157.6096
1522.2541
1143.1965
1888.2461
580.77129
2238.1476
1717.182
1454.2354
1841.677
2033.9929
-22.640639
2035.8279
1036.4265
2228.0624
166.73395
1398.01
1484.1998
795.09391
2325.1726
2673.8488
1008.779
2018.1884
1283.6199
814.64114
2235.0282
2021.983
1524.347
2508.5495
319.36852
2138.5436
60.143333
866.87044
2590.0605
2632.2066
-111.38813
1712.2683
7533.0193
1178.8727
7412.9849
-144.87126
2102.4634
1009.3163
7321.1756
1174.7757
1627.0603
1166.8816
2766.0934
253.08619
712.53693
1585.7434
47.982126
2723.8857
1635.528
1914.2305
1887.9653
1198.67
1223.5354
-46.14708
1363.0787
1987.8369
52.889753
848.97429
2544.6843
6999.057
1959.9445
1121.3019
1457.5974
1818.6586
625.38373
28.783281
1654.3678
1656.7201
891.77413
2482.2011
2154.4081
1065.1016
2595.3255
804.28774
2151.094
520.03125
2614.0615
1936.9084
987.57858
1979.1521
-126.78296
1366.4312
1710.4915
1054.5425
3419.4548
877.84389
926.07803
2432.1448
2513.1909
407.03368
629.41627
1731.3952
2212.6997
1306.4454
2910.7757
1666.3298
2329.8017
-64.899717
61.602271
1430.6459
631.66691
881.9586
619.72118
2530.4442
-84.795982
2444.0881
2543.8765
2641.9728
2461.9104
1234.5566
2490.2442
1480.2203
1016.761
1590.6352
2714.0508
1912.6731
30.348786
-571.08525
731.38149
6868.9205
-795.84181
1070.8514
2275.7344
1411.6815
1981.0665
1687.1526
1907.3732
-753.20142
817.77715
978.75865
2057.527
233.25126
1444.388
1836.559
7446.5417
2820.6929
-44.549339
1181.487
1220.8947
1971.7221
2787.4906
1044.7993
479.87977
1246.212
2229.6994
92.785362
437.95499
1509.1366
1072.9317
1754.1954
2242.4961
-164.42175
2055.9379
1833.6165
1203.3306
2663.2589
845.72561
690.31116
458.75132
762.53106
1003.5522
-174.21592
-145.86496
1820.1584
2568.6134
2969.9389
1394.8065
1485.5742
2548.9807
306.29007
931.58933
547.62543
1781.3783
-154.1087
632.67577
1355.5259
1007.6863
121.10859
2356.1951
2899.7816
2098.7611
2377.9774
1079.5868
1544.7457
880.25977
1755.0804
-781.37992
2106.0787
2213.171
1428.9016
2071.4271
190.18789
2464.6122
17.69378
2005.8279
2090.3175
7026.99
614.26691
1928.1186
557.21125
2092.507
-566.91533
-342.99843
887.10142
494.35006
1987.5594
1395.3962
1037.9668
-740.61797
798.16721
27.063616
1925.6615
1297.4386
332.06884
-147.1757
1003.5273
1906.415
862.96276
1962.8307
291.35521
2429.6242
1358.5872
460.92598
713.59758
1088.3712
1354.1257
2423.4687
648.22311
659.81354
1623.5351
1261.4678
2203.9772
744.34345
2277.3629
964.3404
2126.8895
62.707625
1665.2679
86.801679
1546.9759
1818.6003
574.60751
1020.0925
7494.4244
1428.1494
797.76333
6550.436
2421.1269
1352.1761
1089.4773
1824.1497
1046.8558
737.36008
2276.6048
1121.1998
2768.5316
2666.6955
2481.9407
-294.62264
1436.2076
561.94313
1227.2344
369.55847
-139.60859
1891.1625
1736.2768
1783.4961
2377.1864
1987.3771
1887.0423
2638.2748
-179.46027
1111.4616
1094.7188
2193.259
2876.2156
884.86848
1963.1082
513.25013
2568.7847
1081.4768
1193.7967
1147.6477
361.77839
1943.0455
1865.6223
884.12131
-125.57915
6827.2096
627.75955
1501.5266
1374.7581
884.92726
1368.4407
2955.9168
990.59722
2129.5399
2229.1057
1734.3531
2256.903
681.91786
943.07987
608.78796
525.47796
2620.8947
409.61903
1501.4671
994.9232
1424.4945
7022.8677
919.69726
2577.5428
834.98908
-743.36034
7170.7866
962.90389
1288.8028
2370.2386
6421.2642
2354.4436
1471.1005
265.54833
352.6
386.76803
90.178156
1390.5378
491.52302
1398.9453
2041.5942
557.01169
878.49414
875.40671
7063.8291
661.9151
1857.8393
1696.6399
2526.1593
1898.4371
601.38634
1221.8969
650.13564
1151.5722
1122.1233
7053.6505
1607.516
1617.6972
1400.3427
421.02597
7182.275
903.54513
-448.25422
2610.6854
2553.3044
1864.5621
1829.298
1824.173
2512.499
1206.52
1731.9928
2442.9637
2013.455
1878.5294
1964.8842
1649.7636
2840.9395
1162.6445
2570.344
2119.1237
-152.08745
1269.2634
2122.4394
-291.54163
2788.5822
778.59841
712.00035
2026.8479
1826.2505
2810.87
2141.8212
2715.6747
2599.1644
1962.2299
2564.8497
1510.3151
2455.995
367.9527
1626.1644
1556.3911
2315.0175
964.89693
2533.0492
1197.8955
1843.7671
6983.2021
147.78437
2063.4632
1298.4352
2880.5371
2739.1232
559.72094
1654.1601
6519.709
2435.6463
439.15437
1908.6572
1405.0889
2099.6598
2334.4964
-33.926727
944.4958
2528.4041
770.35016
439.68647
975.25064
2548.1212
7235.3027
1449.2551
2013.564
2727.0042
1028.7493
472.82671
303.31695
537.34878
2022.5738
1393.3429
-697.03854
1742.5011
1096.9704
2125.175
837.07972
-572.41512
708.57413
2101.7986
520.89567
1061.637
1943.2427
1005.6709
2145.4558
1041.9145
-258.70814
2779.278
2453.7846
1198.7763
504.46052
1789.3493
2304.1832
398.59946
1905.7657
216.66521
675.93471
1492.3436
1022.191
2647.2292
2317.3471
946.04916
258.30051
572.77959
-116.07108
1142.6988
357.50466
1139.4914
1655.6587
2386.831
247.83495
718.96804
2210.2142
1308.5608
2223.1828
1184.6408
2354.5908
2143.8188
7043.4664
1355.0243
2925.4492
1479.843
979.28271
852.21598
1726.1159
1471.2561
2619.5194
2085.2872
-696.59523
666.39967
2623.3194
1741.0292
1946.8669
2070.0203
2535.5609
54.984252
596.81075
1451.7749
840.23034
651.65216
2401.3776
70.754019
7152.7829
1997.4714
-437.50332
1615.1982
1823.7961
853.16809
984.04004
1036.4547
2281.4159
-697.03335
2250.704
348.00876
7097.4347
712.7204
1733.5636
1859.2314
23.882172
2159.2695
48.289391
1278.6205
753.89327
1554.3789
7054.5394
1784.7773
2562.0895
608.93471
2654.8225
154.62273
2767.3431
188.98131
2093.8705
-65.819671
1238.0348
1311.1973
2346.1511
-124.33519
665.25727
625.77669
1164.0277
801.92969
1756.4196
1437.6189
2196.9041
364.41569
2646.9197
1423.3976
945.69578
7045.3043
614.40719
2853.7923
860.40029
2208.2531
2307.5519
2164.3646
1432.9947
2213.5539
960.62354
408.26536
812.27452
2080.4461
1205.1246
1881.8707
1202.0127
2627.2061
704.44346
-377.18391
2137.3061
2086.7685
3593.8924
1853.525
868.60062
1330.2392
1893.2115
2371.5308
2598.9879
2264.2717
1044.308
112.38391
1613.8154
490.89389
1377.3147
886.23391
2799.8717
1200.6955
2070.2188
1235.6858
2703.1482
564.20071
1596.0391
1101.4008
1310.014
2527.5174
1778.3476
744.14353
1513.0263
1551.3579
326.55753
1603.6896
2864.569
-189.03479
2447.6064
2234.0041
1168.851
1933.093
7544.4684
584.96596
1946.6984
1229.6733
1513.8487
1117.9908
1390.1883
734.33583
2244.6415
2258.9564
2014.1492
866.81165
1957.9105
-517.32794
902.20648
960.61841
1267.6068
1175.6215
1233.7857
2410.1966
2664.5045
1503.4153
-343.51336
985.4529
1497.123
2022.7644
708.36126
-856.85374
2182.4836
1453.6249
1011.013
1787.0152
2057.5658
-845.97833
831.10811
2646.902
2212.2754
2689.6769
1433.8967
846.01363
2290.4429
743.79242
2104.6553
1335.7831
2205.2508
378.19568
2301.7857
806.91558
2582.7128
1849.7664
342.45913
336.06857
113.26966
555.50245
512.07968
648.18515
2327.96
567.59406
2257.9106
927.18511
1430.9844
1757.0601
1401.7739
578.50521
277.45498
1937.2912
2236.5694
2326.6004
1409.7021
1327.8382
22.105596
2675.1509
1607.1661
2117.8317
1408.5725
1193.0587
1184.5144
7367.4477
352.18221
7025.8838
318.45256
1472.4981
1068.5734
1198.32
-458.53257
1546.1608
208.87662
2091.2757
1839.947
-222.65127
1948.8368
1773.4862
1931.1624
1405.0648
-851.50735
1732.4665
1071.2788
7025.802
1202.7337
463.02464
1850.1242
2299.7323
1774.3667
625.76454
2709.1948
2427.2099
797.65784
2664.0015
1563.437
2535.7336
1311.4774
6643.5192
2024.3663
768.33058
-163.80471
2185.9238
2723.4657
2463.965
1297.9729
1303.6453
2424.9751
963.87225
-348.12009
685.61879
1754.4361
40.839406
910.43246
2119.9826
1786.6184
310.46194
1199.9868
1238.693
3067.2423
6575.7251
-146.80102
2592.9479
-532.56416
2015.9648
-264.92308
1694.8622
304.31596
1992.9662
-74.121313
1719.2485
538.8026
1154.4299
2015.7411
2352.2945
75.425275
2697.3777
437.00347
1945.2202
772.50983
307.30783
131.91822
1044.5614
1439.3474
2464.8234
2403.994
1535.0903
2652.9249
2764.7954
350.67926
1720.6089
1971.2516
1709.856
896.02037
2541.3536
269.71514
1061.3578
563.54305
2352.1837
1888.9698
1.5391979
678.98882
1909.883
2331.2484
557.49458
913.76229
2698.634
1376.4797
2609.913
1799.9805
2615.8554
957.44394
2833.0988
1305.0263
1493.1837
611.21939
1109.2209
2057.4785
2538.2813
1452.1134
2420.1874
1938.9023
1448.7747
2366.5217
2376.9392
2001.0047
555.0017
1638.5701
912.07739
2356.488
1106.0337
-271.58327
1233.3496
1496.8726
2217.285
980.02096
389.71593
-367.94939
6980.8102
1236.61
445.15312
1294.7674
1763.37
537.92181
2414.7063
1368.3711
1487.2722
2413.1742
2043.4421
1781.492
2139.8433
707.21233
2135.768
1653.8105
7062.2037
2116.9433
1281.2163
1589.5832
406.78823
2433.0957
1464.5765
767.13379
571.65841
1662.4453
2386.8556
714.2949
1875.115
2022.6872
185.76876
7498.6677
1325.2076
543.68692
1239.3773
2749.3614
917.10418
320.47181
1572.6991
920.10769
1481.626
1331.5673
819.91686
883.03172
851.16939
1439.5346
-695.36311
2929.0379
932.23189
1572.915
2259.8279
2893.4925
7161.3726
2138.5289
326.07159
-19.653336
2365.8606
109.0633
2823.3772
-100.34089
1564.8505
1070.8749
1573.9899
2669.2952
845.08153
2213.6799
1680.7772
2556.0247
6765.4551
1326.7414
1308.7345
107.91425
7410.3274
662.5048
1569.2703
4220.5018
1701.1633
2401.5241
773.83757
2543.3817
2297.6979
1285.5038
493.9086
536.63264
550.39899
-356.32602
2529.466
-297.28707
2631.4288
656.11808
1857.8496
776.90464
1765.9734
1880.7353
1234.2048
2201.6494
7363.5369
2116.4551
600.52835
7197.1692
1446.7348
1715.504
325.99701
1864.9433
-108.94863
1766.2551
634.27151
1211.6112
914.06043
2500.939
2373.2225
2590.1074
1343.4057
1392.8317
542.59099
1882.5369
890.17096
1494.0998
1401.6989
2228.4084
-608.41488
2940.5759
417.27822
7210.9428
1453.6766
317.50802
2603.7741
1958.6449
949.19208
1618.9074
1912.1008
730.71574
-541.5751
1827.7579
1563.9843
1919.6332
30.366625
1380.2016
1471.9536
7043.4792
1244.3015
1613.5846
2296.3901
829.25387
1371.6938
1545.9737
1248.3728
1873.0175
1652.3284
963.58758
1281.6939
506.27443
1138.1671
2482.4332
1780.134
2029.0159
563.02588
1328.0804
1596.8257
7435.2215
1556.6986
2467.9711
1616.181
2478.3504
6618.391
876.10178
566.89705
1176.8655
1373.3118
377.15679
1915.2651
1715.3639
1188.2615
1124.0305
540.89935
1983.1519
2229.1488
1760.0867
1462.9602
2182.5408
1555.4993
951.90727
1188.7198
112.97908
1510.1174
1557.534
1947.079
2163.8396
2007.8204
2796.7914
1141.61
2699.7302
1141.2553
782.96078
886.72453
1049.9509
343.48022
2318.4115
899.65844
1580.6224
1283.4187
2113.5711
960.96317
2366.933
1857.4992
1407.1805
1864.4681
844.16352
1443.4111
609.9123
474.35187
6605.9822
1958.8961
1834.7109
2571.5108
1542.6921
250.14748
1333.1855
1189.5355
1158.1011
1402.5456
536.36275
2755.417
459.88805
1079.3303
2257.9725
422.77524
2212.786
709.33737
755.40371
1945.9702
1052.2459
1774.3487
399.09754
1177.1091
1128.4489
1227.1371
753.94058
1703.0277
2362.7314
2541.5985
1026.7175
441.45145
2696.3356
1388.9449
677.15564
1445.6855
-115.43535
2628.1717
436.53358
823.23228
1319.9005
-277.86689
-17.329653
672.08751
465.57663
916.47818
1654.7606
2305.0192
1415.9469
2246.6772
2022.0465
331.07785
279.3011
1447.3928
2221.0029
-208.81486
2376.4224
1183.645
2404.8507
2033.5534
632.96105
643.97028
1349.9211
1610.1418
520.58131
488.5771
935.5501
65.718788
2160.4157
7495.3175
1707.1945
892.55516
1244.8612
1024.759
2572.149
605.76347
849.38078
2238.2211
1370.6222
186.10415
2762.4551
2103.9715
954.72258
-546.82727
2460.2296
583.35334
1776.3551
-212.24525
1746.5838
2623.9977
980.09696
1338.0517
2255.9541
2421.4228
1585.3026
908.60306
2729.5412
1893.6951
-811.39058
1228.2538
2708.1832
459.60507
-53.863785
2494.138
1403.0392
-51.407336
1033.803
1299.4692
-370.60572
2031.8755
-230.1864
-983.19919
1727.3867
2223.3546
1891.7623
1385.0599
305.37957
1646.7802
2299.8344
2644.848
2619.1942
2649.592
1399.2016
1739.1232
1691.6172
1727.7257
820.61027
2948.2299
446.95697
734.01552
402.8997
2347.2965
852.59127
-374.89919
1923.5038
1000.6548
1891.2501
1708.0485
1740.3868
1546.5498
421.74711
-134.74646
2115.9978
1672.2409
2750.1173
1971.6542
647.85247
1653.1749
1517.87
1063.3256
70.131785
759.88202
65.610007
765.76659
1362.6348
566.64633
620.43038
182.24599
287.13598
467.69358
-360.2818
772.06433
1616.7958
1206.9221
964.66583
2374.2719
356.14299
175.72234
2505.1978
3189.3351
1332.2946
261.13639
1685.6975
511.55007
-312.98205
1904.5259
161.23004
2614.1149
1753.782
1706.3677
2387.1499
2150.9466
2142.541
2098.6537
2788.2628
1790.0816
515.39969
-522.55355
-53.57249
883.28389
2460.539
-100.61504
1405.1957
544.71198
580.47841
2743.8585
1897.6612
2655.3188
1762.0412
-237.30224
1228.2494
1766.7601
104.58014
1365.7933
2655.0079
1732.3704
866.9835
807.24938
34.909451
1196.8676
821.48412
2003.9263
6981.5321
1961.4422
2143.3585
1845.4924
1032.9506
2896.57
2744.8829
1088.6641
1174.56
1778.5919
1232.8458
2222.4211
1129.9751
1721.0371
1588.8613
628.72935
1722.255
1455.1906
376.12607
2741.7946
2249.1676
1468.4316
2000.595
7462.9194
2971.2811
2741.5849
2505.4225
1305.9741
3110.3162
2142.351
7592.5153
1919.0113
1616.9534
2536.5208
847.76558
1947.1124
2552.0193
6781.3879
1294.8376
842.83216
839.74099
287.41953
2183.934
2059.998
2466.5371
1949.4621
8.5224473
104.81793
2721.4938
1423.3873
778.5372
-3.8038701
1884.1504
695.86892
514.5923
2830.941
2398.8985
670.29493
806.23202
2767.6555
369.71334
1071.6237
677.56626
1244.0187
668.64518
1297.7608
1173.5545
1586.397
486.07521
1169.4491
854.00725
451.30603
1500.3805
2890.4295
1490.6874
1410.0299
1132.0533
1160.7782
877.4251
2466.7171
1018.368
1107.667
2411.9615
69.312011
1891.3739
1122.2835
-225.73841
352.03468
1705.6918
2152.8276
1877.1766
1868.2315
2218.6648
2380.4297
1162.9835
1358.7678
2248.8642
1775.4074
472.88914
208.85792
649.5491
7252.2788
2509.4956
2013.4516
2730.1503
1119.4274
2698.1092
1117.2104
753.96876
1343.8049
2370.1426
2544.0422
-571.98747
1795.7076
1361.5321
-401.95613
-677.02489
466.21892
2354.723
2714.1633
714.10755
2165.9777
983.53578
1763.643
-164.85462
1874.9236
1655.7931
2031.9433
2300.8315
2325.258
2147.605
2549.3411
2557.6256
-864.96432
-171.68723
1912.582
1984.1692
1348.9322
1350.6456
889.89254
2544.1938
124.22945
-245.74496
2714.1446
2398.1704
2608.2321
2570.6152
2830.2845
4397.1477
51.417572
611.86811
987.16649
862.50466
574.83871
-583.0067
1722.503
2256.4341
7231.4518
2027.9192
2517.4875
505.05922
694.83607
1942.3791
932.2597
1821.1499
376.01433
338.40584
1305.6906
2028.9558
3.5137742
1935.4677
1587.863
2357.5826
260.84881
1119.2814
1949.5256
2457.2075
694.0377
1405.4913
946.41317
2293.4565
707.32537
619.30508
639.17745
2412.6008
1344.9645
6535.9787
1985.1997
893.70683
2056.3092
116.97822
2504.274
2268.3415
1349.681
2071.3092
1667.0834
1836.2625
1726.9808
781.62188
2468.4344
654.25829
1902.716
342.69051
1941.5734
688.34185
1940.9693
1380.4577
4238.7124
2282.4329
1279.5479
172.32437
468.90725
353.98918
825.84407
398.18727
1395.9604
2470.4127
2516.2023
966.51305
2457.4738
1494.1146
332.29932
1796.9923
407.36047
1874.9215
1885.1545
2609.7116
1234.2048
2099.2618
2176.7318
1598.9452
2242.9265
1210.6881
2114.3561
2075.4589
1494.2232
862.43679
2102.4032
2340.5463
1675.1315
1354.7427
1313.0693
-15.103393
2326.2376
2098.8483
560.855
1652.8365
2020.3669
2531.3773
1246.6088
1949.7658
2112.5804
625.13044
2059.3814
316.51147
167.50923
1799.0108
2604.112
2544.7167
2111.6249
2407.7258
2151.6649
726.93578
2607.7823
2740.711
1657.717
973.748
2391.4323
2683.7923
1946.6212
7184.6681
6998.4134
7076.1022
-226.42781
526.53829
2963.9666
1625.5773
2223.7207
1028.0186
1951.4065
-34.708209
2489.7255
2214.1615
1544.9766
2845.9325
2747.2094
2582.1262
2598.2815
1026.4108
247.59417
2446.073
3650.5863
1260.0464
2403.5448
593.4899
744.43167
412.79202
1010.3865
899.03948
962.73742
1928.8823
772.98038
2053.7797
1090.6352
562.67989
-433.6089
686.34865
233.63164
449.91152
2008.7294
689.16215
2363.2622
1377.1941
961.29765
688.61
1486.1126
2071.8149
2475.9683
802.3914
416.97705
2027.0827
2136.8771
1697.3266
966.34765
683.17211
1011.825
1673.7515
1102.0147
755.59373
1051.1098
1541.0926
7420.9157
2010.9003
1101.7792
2137.9885
251.42036
613.76123
2315.5659
2156.7471
2603.8335
1555.7112
919.4283
2510.7121
594.07563
350.62614
1976.4196
1390.8974
291.19808
118.55986
1045.2135
1112.1819
1162.0285
2597.9037
2761.7589
841.61131
2059.9529
2005.9235
6616.5887
-197.58221
1090.7833
-126.6867
-21.088247
2732.5398
1734.8279
560.80666
503.57357
553.97374
1834.5439
819.60335
2599.397
1583.3809
1076.497
6.1478022
2024.3344
1080.946
2517.4674
1062.9177
1122.042
2516.75
1305.275
633.01595
1333.5499
2395.7559
-580.69091
30.755127
1849.418
2913.3906
2423.855
2585.8009
822.10418
2220.6935
783.14201
2398.9906
24.473259
1631.1866
590.12556
2706.3492
3046.117
580.66176
874.85128
1937.754
378.73704
1946.6801
2509.682
2737.6155
2251.4196
1818.3412
767.16204
2314.7365
2132.4721
2610.967
823.95627
412.06795
273.36655
1884.1666
6738.0393
2492.7957
1810.6211
720.85495
-106.41894
263.5236
7039.7552
1724.8034
1520.8652
2326.8487
202.51538
2616.5771
3664.9643
1271.5418
665.68661
1095.2567
1753.3483
1360.9859
1024.7793
62.77501
939.20475
2914.9074
2567.4499
77.598671
1446.9185
704.28673
1526.9413
2732.2265
1978.0092
1444.6029
2620.7517
-521.53625
722.30213
1173.8756
2015.7901
674.00702
483.94335
1488.6618
-150.54909
2791.8046
-567.17797
6819.9139
2901.7641
22.404502
1496.9536
629.44412
2165.0063
2237.0693
1458.1054
2805.2107
1138.0382
521.06177
566.16391
1495.4547
-454.6359
695.05245
2647.2497
2659.6807
467.68678
20.235901
2656.8908
674.1665
2307.1695
507.74953
2005.7595
7040.7316
2558.5619
2126.1733
2885.3186
498.32815
2130.0394
-116.3472
2295.7009
1998.5414
193.53022
1934.775
1889.4101
2894.2181
2017.1697
2771.4275
1731.0932
-3071.8516
1386.7183
690.85
1660.0832
995.1571
1667.7436
1581.9905
1471.4393
2156.587
205.49431
7015.3487
2150.4708
2086.0038
847.70744
1912.4832
-105.6806
2590.2654
2491.3416
1747.0251
1542.0904
2061.5373
1553.6052
2487.7914
544.84391
-958.30369
1025.664
2806.2388
1793.76
1001.5889
7325.1888
1383.3439
1780.6527
1373.1247
-650.05089
-227.58724
738.28123
1598.9718
625.94942
506.22095
970.90574
7036.2739
2224.4312
2494.5925
2172.4386
341.97788
917.79077
2003.2324
356.96515
1808.0093
1038.8272
1335.0975
1388.3986
2401.6543
2711.3815
2528.6361
2938.9378
1258.0801
2772.7423
243.80916
1046.2907
1204.8911
1023.277
2530.2073
-132.74601
2131.4432
269.37642
613.31035
-239.08568
27.021203
-113.60424
1577.2703
2755.911
661.86737
-613.33508
6874.1993
883.03078
1853.6289
-844.26577
1227.6066
2589.6126
2217.9183
3510.9429
2649.5377
596.58685
748.27774
1818.1009
433.85035
0.3236113
1420.141
548.02216
2054.6884
7347.0981
1576.0405
2218.8457
2676.4228
642.05563
-80.205541
502.02886
186.85102
1120.9866
1243.6333
1501.8429
990.43274
1575.6217
256.81655
702.12413
1837.0979
7195.625
27.117452
1101.4204
2667.7128
692.26112
-19.648834
2553.2536
1930.0394
535.62697
818.73233
2435.2139
-852.55424
1355.8428
7525.5279
1193.8219
945.38847
2068.0187
549.49351
1819.4246
2429.2025
2400.3061
28.595528
2119.3386
1103.5396
246.38132
631.50054
717.25409
2574.5567
774.64103
-156.00329
622.08032
818.59184
2702.4951
400.23537
830.36101
81.776311
1193.6545
512.81959
-433.36004
2623.5551
502.89306
1646.257
2109.4626
186.15334
1137.8611
442.32716
-622.54736
-84.483641
1854.1056
1694.5588
1427.9194
1889.7742
1405.7409
1161.1468
1355.0871
1538.8347
762.82895
2236.4794
1238.2425
530.33704
1333.3511
37.127318
1024.6756
1395.8609
1234.3041
2588.9114
2125.897
2464.6101
166.98874
469.83923
621.96139
1312.3886
-342.97273
1213.9
2471.5621
600.1845
1447.3185
7097.7136
2681.879
1609.9257
1014.5734
2498.2368
2326.0263
760.98805
330.30648
332.01666
1288.9749
433.00298
7108.2403
549.42605
1625.4629
2205.5278
794.93569
6624.8535
1056.5141
1411.9709
1473.8247
1932.2389
1178.3933
1652.5078
1236.209
-53.967412
1019.7613
2523.8571
1072.1875
2038.9978
2170.3559
618.34181
1351.0658
1510.0459
7383.7349
329.68064
366.49577
1190.6886
2389.9041
-616.02625
373.84881
2717.9523
2220.9398
2334.0914
2172.8595
174.98479
-857.72743
12.566352
1359.3734
1140.2717
1264.8973
1036.4337
792.3881
2476.3593
1633.176
306.18152
2147.3436
-257.51557
2257.8021
1990.5658
2731.4155
1590.8236
1837.6974
853.26793
1258.0186
835.73418
-826.36584
2508.7233
266.92394
2592.5163
1283.8972
2349.0756
7355.728
1540.0729
1452.6889
2185.4578
2076.6818
1607.5024
1421.504
1781.994
1396.3168
2680.1784
-964.56122
667.93387
1371.3506
1116.7134
869.59512
1998.7421
2383.9517
50.154239
2549.3089
2380.2417
1275.405
100.40198
631.85208
2758.5586
1144.0093
2722.6336
1326.528
-19.826807
700.40866
379.87928
1018.143
517.62439
763.49026
2595.0882
489.64945
2328.4217
1007.3578
-217.87579
1606.2741
656.04907
21.550629
867.49247
2758.1448
1196.4783
1556.6027
2889.4502
1150.4631
1048.3129
347.257
1173.1021
2703.3665
945.47463
1650.6695
797.56423
2278.1088
782.2516
818.23017
-409.59293
1794.5866
2433.0196
903.03655
1932.9143
2227.3495
2138.6896
1806.9962
715.812
1476.0482
1618.6604
1634.1685
969.94856
836.63289
1301.2529
244.52792
2758.4923
974.56733
661.39042
1105.344
1802.0579
7045.9692
2027.5223
2670.0575
-180.9088
2623.745
2515.4079
1923.0566
2447.481
2570.5805
2697.2276
592.61903
1017.5091
2331.6345
643.88679
1735.0828
2235.0605
746.09714
7130.0254
2108.7567
1477.7657
1920.7293
2503.647
1197.9906
2025.3762
126.75772
1507.071
1222.7963
1531.584
1347.4006
-8.4877004
7527.7787
1196.4988
2590.138
874.44942
779.04134
630.99598
1780.3857
2661.4272
1410.887
2010.5897
2046.9792
227.62713
1488.5727
2162.5232
153.46917
2658.5043
2673.0616
2188.8759
1938.6379
2473.0789
2349.1947
1962.3223
2211.1162
634.70343
7057.9942
638.18211
1342.8024
637.21364
981.69669
2168.0836
2302.1855
1210.1194
900.35448
1762.4796
598.57587
908.60242
317.28409
2390.7937
1731.3498
1100.9705
1962.3829
1707.2085
-253.31644
72.236821
646.88816
-733.81338
2380.7497
2645.142
1724.3229
845.29805
1156.26
2452.1347
2450.9517
2893.9804
2364.8248
619.3216
962.25887
841.56782
1227.8499
942.09497
1420.3903
-705.65891
1461.9681
705.8774
1386.5949
1473.099
2772.9606
2248.0321
1701.56
973.47696
890.97368
1222.0207
2170.5496
2745.7029
2425.4781
1496.8195
967.70721
7045.5383
1083.4467
1006.3774
1638.8347
1538.6145
1571.6016
763.96373
1594.979
2600.1893
1160.2464
2174.6555
1149.0012
1682.8526
2152.4176
2352.8621
737.69657
7078.8748
857.2318
1564.0165
1771.6546
1169.1275
2000.2088
1932.1459
1087.8771
1134.6559
1278.5395
1305.9568
1689.8883
2149.9979
-314.81781
2776.7758
2846.7016
1914.0993
7282.9938
6931.325
2782.4117
2097.2557
549.02379
522.32756
-481.18711
1325.7871
998.4705
626.11657
2149.184
1890.9301
2357.938
1641.8371
2438.794
2405.1976
1941.505
2178.7943
2779.9106
1288.5707
771.58521
644.11941
565.89623
1221.8081
1219.9117
1416.7522
403.15253
577.76437
753.53977
84.280226
555.29311
905.11137
942.46509
1820.6795
1800.8068
-285.81207
1127.236
2189.4581
2306.669
388.815
539.30336
1468.1367
2910.8767
574.03418
2260.3271
1518.5743
2509.6377
-56.969042
1529.2705
2223.466
2333.2718
2138.2872
-584.09937
1640.8511
1538.2236
2603.428
1564.8514
2736.0056
2621.8677
1565.884
1941.5543
7566.4875
1884.9048
929.94729
2450.8534
-147.67661
1008.6712
2015.138
1426.5169
1541.5047
-33.894985
7548.3572
304.25509
305.89517
2668.5725
1153.5927
864.98596
1340.799
679.31996
1949.384
1264.1822
2914.8958
989.95724
1070.9452
1778.1749
2671.1009
467.48545
2148.263
1092.4282
2601.6656
47.103404
1471.5844
2714.3835
1375.9511
915.60319
557.97391
464.45725
1113.3144
2538.4109
1814.4152
7510.7717
1904.0104
2035.4958
1365.776
1564.3297
2054.6728
1693.0086
2604.4149
7246.8061
2643.5156
1951.8995
2805.5839
2366.7312
371.15999
346.06377
2273.5045
1385.8488
1417.2881
2547.1161
1240.475
350.25061
2430.4285
2324.7445
1745.4699
2481.2589
2928.5924
2383.8843
969.64287
1447.354
1929.5512
1977.6333
2224.8499
2669.2481
2692.3728
834.19307
342.99678
1782.9522
1219.1342
2608.7933
1438.7098
387.81661
-389.61954
1330.1148
7048.5594
6048.7741
847.85272
1693.1576
2749.8518
861.80404
832.9043
1804.7433
773.22684
1319.5383
269.3633
1945.7035
908.51925
1368.8043
1082.4776
-1577.5666
1820.5018
2456.4957
76.530072
1107.4348
1798.1431
3363.435
2137.2688
1173.3204
1449.9695
2440.931
612.22352
2388.5949
533.24859
440.15613
2408.8838
1941.4864
2447.0365
2805.3102
585.42473
1248.4565
1241.6498
1151.501
642.79871
1599.5276
1232.7689
1272.9879
2300.3372
5841.7408
429.33909
1553.9683
954.32632
1843.2907
713.46217
2228.8934
7041.5503
1150.5863
821.10755
1795.147
1077.9892
7395.288
1687.8337
977.60511
1476.8927
647.97132
2324.8779
2780.9401
1023.9126
1966.7529
1619.1673
1513.4303
582.43901
1283.2001
1457.5161
929.74796
2094.3523
398.37687
932.95197
2676.8144
2196.8648
360.14309
388.0915
599.05335
2393.9333
872.20924
1830.0623
2392.304
1406.9232
1259.432
543.09417
1650.2484
1185.5029
2081.1165
-790.71231
2198.0144
331.55083
1952.0697
1716.0965
989.24337
1679.9116
738.07092
138.26415
-575.27562
2014.9076
1033.5338
235.11325
2357.5272
2205.1452
1403.1876
1588.1145
1823.0918
1231.5603
2829.6658
2431.1712
2936.3313
-155.76367
962.12494
-295.28876
1454.4794
1764.5304
2769.9646
858.4419
944.82157
344.55709
1210.85
611.15576
345.61459
1855.6723
2474.5526
2129.6633
2729.3593
2134.964
1535.7174
1669.8838
1063.9169
75.342817
7014.3468
352.18919
1246.1485
2594.1525
2340.2406
587.0329
2385.8426
1161.1274
2749.0041
2406.215
1445.1714
1634.642
811.40952
-445.48506
383.20184
1024.8447
2389.9522
947.61017
1467.7275
2625.5964
788.53144
1281.3056
1582.2071
1740.0223
1140.4432
1425.8274
1618.6361
1408.1852
-524.1285
732.12698
2285.6406
2394.5568
205.00924
995.49072
997.91875
1811.1881
1835.2216
548.39377
2591.7246
2695.9467
573.56718
487.7525
1127.9317
911.99089
1769.8918
2444.7174
596.73606
1125.5249
1652.7917
1160.149
1751.2526
1296.6533
364.92415
467.6689
2532.3302
445.40893
894.9035
823.40579
1149.8535
720.16534
2148.4273
3157.1152
1816.7045
1557.232
2775.9443
2637.2444
1396.0978
2465.8415
746.87194
-254.07998
7155.3212
87.762452
-322.3106
2193.0386
340.26033
466.97582
467.93221
1777.9369
1556.413
-14.556637
1400.8876
1534.9037
1867.1757
1390.2729
1857.2917
7027.1256
1797.5408
654.62784
2574.6027
485.66159
2593.1868
1889.1672
1887.676
527.89045
1470.1606
634.75874
2583.5806
2505.0025
2440.639
-98.984175
441.39976
589.7242
1236.7345
879.32576
1138.9774
2644.9844
1418.7583
1308.6247
1109.0009
1831.7648
1206.6375
425.04978
2286.0543
1803.1543
920.49181
557.36475
7409.2093
2056.5957
2549.2265
548.51296
799.91482
1287.214
1582.9674
2347.1906
1462.5787
568.26649
1497.566
2066.2629
546.02557
261.91131
6990.9125
-622.02009
667.56129
591.63024
1559.0741
353.89038
2264.8213
3783.0149
2064.0246
-685.04745
2799.8792
2754.8267
1800.3066
748.80622
36.196853
1675.8481
1995.0783
1444.8551
2644.827
642.41357
2565.4778
876.26829
1448.4963
1507.5027
1747.3164
1434.0096
791.74654
873.44986
6902.3996
111.50911
1527.0292
1069.7673
1523.9469
1604.6192
1209.4833
969.92907
2233.3499
412.50863
2999.6771
2181.8418
560.02637
2464.5672
1202.0685
1223.8382
404.43772
568.18024
2758.8443
120.79227
2484.996
497.41944
2375.6676
908.49715
2905.4065
2977.9008
2335.198
1587.6261
2231.1226
746.51182
773.50249
-320.3381
346.98283
1607.5405
1692.5313
-224.53551
1514.0015
326.25724
7139.1223
1506.0018
1557.6222
2596.9386
1299.7397
715.679
1354.7749
1353.7134
1374.7039
41.043192
744.12451
1025.6412
1355.2405
854.71925
2116.77
1252.7583
363.4211
228.7844
1261.377
1340.2278
1964.5418
583.10974
1011.5002
7466.9533
462.4311
2478.9964
660.49425
1394.1294
2702.704
619.76247
1364.8441
1657.8022
2276.9956
718.85454
-466.65152
-51.560437
7048.1713
1341.7858
341.88902
1373.1946
2506.5553
2719.7409
645.06722
3950.4501
1009.3334
984.91172
1708.6217
6470.2742
2375.2469
2569.7792
2128.9547
2208.9345
2321.4395
677.75441
2611.6245
2662.8032
645.0529
1473.4466
-177.55368
2098.1584
1417.8486
2695.6647
432.38921
-200.81127
360.75028
1910.3894
1394.9054
2061.9997
510.19134
557.83022
1323.9733
43.768581
7125.9061
1687.1703
1943.3811
679.35113
2902.0819
1268.6078
1828.7225
2398.2865
-160.17149
426.80391
924.74475
1874.2936
2753.2554
2117.1085
393.94106
1553.0166
2807.1125
408.46344
2850.0486
72.460481
1843.1757
503.5375
2649.6232
1243.142
2085.1817
1656.857
608.19499
501.85361
-721.27227
2483.2403
906.69896
24.216917
2466.1359
1695.1355
964.64899
1134.869
1118.5285
2540.8337
2553.6253
41.283959
181.56199
-97.23522
1274.136
1404.4643
1788.5611
646.80744
1862.1857
2408.947
328.00296
844.60321
39.13124
1940.9283
889.22953
7045.4609
2559.4106
1774.2051
2522.3869
2533.57
2189.6276
2127.3569
814.95279
1353.4656
613.66718
-146.50741
1276.3845
2840.3279
1625.1398
693.28139
2288.4798
1588.1172
1814.9317
2319.9629
797.87605
1039.5045
1200.8365
1524.1735
2164.1247
1048.5554
179.98428
-471.44634
1431.1835
1825.6221
456.80519
1926.8274
1609.4863
1889.6823
1140.7057
631.48163
7138.5861
236.69863
1637.6608
-572.78837
1462.0419
1559.6611
2483.0115
-393.33997
1802.4178
2906.7186
1317.7039
1982.4541
2486.1053
864.22269
1832.6136
744.85874
2221.4122
2026.0996
1639.3335
7066.5828
2039.6902
298.17116
2298.5279
1138.6121
541.45488
1839.6603
2346.4481
1235.8439
1531.9299
545.84014
680.99807
7344.5266
2076.8423
7215.6854
2208.204
140.32222
1131.9223
133.04968
135.06156
2511.6218
1154.3448
2853.5404
2554.6905
938.70083
1977.0835
2286.6173
1053.2719
2190.2955
-269.68452
247.25218
-205.12842
1304.5171
2194.9325
1009.8029
2921.2246
827.69423
2467.3798
969.3872
-4315.7555
2010.4852
1494.8952
1926.2158
2279.1011
4927.6323
1449.1367
527.11979
1641.9738
757.39756
287.08689
751.47983
992.94376
750.6952
1125.8018
1121.5925
1823.7413
1047.7491
2593.4724
1131.787
7451.2736
1460.2506
2705.0464
1058.6593
1446.6772
2707.5501
506.25799
697.20819
245.00496
-265.16073
200.98454
1617.4035
463.0826
2015.7877
1560.702
1484.8416
2656.8988
2285.3394
1534.8729
2013.9916
7177.2125
834.26012
921.25295
2513.2014
7388.7968
2406.7101
211.38147
2012.4351
1790.882
904.08961
585.87051
1140.4446
495.69085
1733.573
7125.2829
658.295
1965.3324
977.87818
-146.78796
2463.9146
2603.5393
621.09899
2806.3783
1753.2169
2440.1647
743.20085
2293.4249
1076.55
1405.1748
-525.3073
848.42844
1695.1742
1140.9249
806.03737
7158.4919
626.9111
2374.8408
1033.4899
2091.3238
866.70968
167.18276
1786.5657
2020.3059
1692.7276
2085.1999
2194.806
2054.5834
1222.6693
2486.71
1109.5711
242.34445
1184.9792
474.22873
1782.0953
2358.8652
7454.7959
618.03872
1559.046
2128.3643
2786.3096
734.72133
116.21783
-527.65002
-51.721971
7090.8198
818.08246
1829.5059
1566.1
1322.4376
805.03453
2505.1669
648.31902
1585.8327
2087.5734
2423.5769
-702.3627
528.92906
415.95412
588.78322
271.81753
2523.6308
593.72907
747.08919
2093.6178
2018.2124
1809.2506
1038.3386
3111.5397
1452.2647
1689.5051
-99.17745
-516.66812
189.87834
887.1512
2578.5174
2917.8522
1721.4587
323.50436
-162.30062
2201.7319
1707.3349
909.21471
2838.6344
2213.2717
1353.0846
-293.96161
1542.9591
1027.8716
6876.945
1915.8091
2094.3262
2434.8543
2029.4637
685.37882
1496.0322
2229.953
1398.1218
-368.36237
1698.0672
324.43556
2318.9335
1957.3176
2346.1048
852.20269
2504.6792
840.67816
1600.9923
1064.1688
2429.8591
654.85475
897.28051
913.08641
1509.8462
1812.0069
1128.1976
1129.3149
-504.19264
1033.8879
2743.3258
1442.0076
52.756087
510.22214
627.33178
7226.673
1981.2517
1373.1439
681.78008
7195.9272
2134.4348
1040.2201
633.00804
1448.0064
7084.9194
1559.5726
1328.1956
758.05423
-282.94568
1632.8206
1377.1154
2820.5189
682.18834
565.84691
1000.732
475.80385
2446.5409
2778.0661
1076.6591
1753.7224
2350.6421
1125.7446
1755.8023
767.19667
1380.1892
770.3259
1423.2143
1610.58
-495.26923
603.38151
396.57948
276.21632
1089.8843
2523.9416
17.533429
1423.4144
966.14149
2280.3663
769.09816
2143.6139
691.93377
826.79054
1049.6748
761.03073
2172.7516
5734.4497
152.73495
-694.38664
2175.9462
1560.0254
480.79298
2034.148
1684.036
2516.871
2684.7982
6980.7135
884.03886
775.00381
171.1933
5477.2794
608.37286
1543.2729
1204.5554
3130.018
1097.2513
1739.7961
1975.4928
1507.4221
-414.88694
-313.45675
603.57365
120.86023
2479.2147
2239.797
2322.904
880.61436
2052.8893
145.54213
2645.5028
1236.8551
-16.864931
2216.033
1193.7716
2127.9065
2462.072
6349.5808
1355.3955
1749.1487
-10.728189
1379.8217
7310.0508
7057.7114
1643.4464
1815.9606
2348.3661
1033.9295
2110.7819
2744.3772
7052.1798
834.58441
1690.5992
2587.4538
1053.2498
2773.4475
1216.09
108.81324
-340.19422
1091.4905
927.05705
1227.9868
1980.8614
1165.8423
555.75803
1528.7474
-120.34254
2132.7017
1390.6938
692.92372
594.94229
543.04665
2536.1916
2877.2259
2191.8492
69.417048
547.77633
1160.7628
251.72107
1150.5109
-471.7854
1053.0665
4054.974
104.3126
7039.0238
1075.9595
786.3578
2399.8579
994.59346
562.61536
6755.9229
1306.3693
2423.1535
1174.0851
-215.42614
1395.7261
2414.2709
1390.9155
1827.1738
2121.6804
626.61506
-213.5639
2248.6114
-33.276307
1697.2815
791.97841
1593.8292
2357.3709
495.58736
1877.1025
693.3222
-346.1831
130.58843
33.97921
1839.6014
2505.5284
772.95602
1125.2496
-143.43744
-4.7559917
867.25609
2737.9314
2058.1128
1765.7197
891.03812
1561.8585
1274.212
1385.0125
358.42266
1316.7665
1774.5533
754.72425
1420.4326
1305.0113
-182.16374
930.36482
1014.7674
2789.6633
-117.63852
840.62956
2793.5416
2735.7867
468.60326
567.49231
668.96952
858.55775
617.2032
2679.3767
825.15176
1776.1478
1272.7577
348.00053
2654.7315
2326.5531
1551.7605
2543.5262
1571.3896
1909.1801
959.82
887.08348
414.52609
2380.9977
1581.5697
1769.6672
519.28289
1213.2187
2373.3117
9.9328055
2363.5645
72.51332
2606.2773
604.26431
1787.6532
2114.6112
1810.9561
809.12324
1376.0479
1284.1489
1312.2146
861.71367
1118.0242
2182.2928
934.23963
1001.0299
-205.19236
1659.1294
1442.8122
776.77882
1095.4482
595.09535
1949.7094
2043.411
657.31144
7073.9512
1899.5012
553.91613
2488.551
-334.37546
1768.456
1033.1211
7000.056
981.2016
1731.0171
2424.2496
65.038797
7020.8899
1016.9158
2133.379
1275.6067
850.49091
2467.0332
1977.4072
1964.7404
966.88413
831.06014
-631.30173
1779.513
1371.2808
2662.6544
2273.7263
992.94879
1475.0934
2245.4396
-798.2377
853.07403
2572.3304
702.84394
412.72406
2514.9854
-262.66403
591.70106
1281.6772
7020.4324
470.7459
126.82773
2197.7325
2217.2201
1968.5275
492.78924
2717.744
413.32247
507.95029
533.36933
989.78871
1659.7561
-826.04866
428.54333
845.75286
2565.7591
1617.5976
2632.6713
2554.9942
2528.6904
1973.3704
994.93895
330.60269
-448.0762
1634.4639
1639.0002
1330.8124
384.59777
798.75151
1143.8654
345.2945
1002.5006
2183.3033
1134.7328
1118.0648
756.77532
319.72209
2578.0577
2710.1662
1570.351
-85.526737
551.6321
1681.7164
2022.5299
1989.8901
745.33738
2812.0997
1205.1213
1699.6423
1977.1588
444.67275
2372.0269
1955.1029
-165.91659
2402.1484
-45.443006
1531.9308
1069.5174
2660.4296
1059.2906
900.98748
1431.9616
951.85553
1860.5783
1845.298
2692.982
1060.598
772.34496
1936.2894
1484.9441
622.84403
764.45485
-258.21035
1186.9011
309.72579
1475.4738
2201.8062
2476.0039
1688.184
1380.0578
1059.5801
2351.365
2192.0929
662.80124
626.88877
2619.4464
738.85962
5716.3379
2627.8966
2845.7429
1186.0116
1004.2219
-248.60707
-346.66893
2094.4638
2291.8146
647.44945
1041.6323
1497.2994
1402.0243
1344.1897
1833.9356
1278.1023
1262.4491
581.95166
2620.3547
413.91409
1734.4372
-356.50213
1689.7555
786.14885
826.8775
2447.1261
949.25148
2210.5592
1003.2602
2431.1438
33.267723
-349.73909
2600.2461
708.80583
2719.6074
1574.0895
2721.9531
7267.8239
2040.2475
7137.6041
2261.3048
4696.3424
1992.9053
1112.6168
844.61696
2373.8128
-253.25143
827.75577
577.58353
2439.6117
1702.2603
2388.9925
2034.4878
-317.15665
487.21876
2572.7337
796.38838
1357.9477
513.98087
2153.8513
529.806
-239.15516
2055.8743
1138.5907
683.20578
686.21639
1146.7392
1401.7193
1312.4665
452.31057
458.36547
311.30995
5452.451
579.90835
2550.6901
2200.2963
2214.7156
564.61255
1763.3192
1699.5736
2638.6911
1470.1345
858.89937
803.94567
483.93623
2175.3809
1892.3541
861.5944
914.12746
1006.7
1451.1216
910.80441
1513.5344
1040.9037
369.88431
2616.338
366.23763
880.56308
237.39029
973.32203
395.61013
-947.77229
1494.5522
1997.076
443.91368
304.31566
14.310226
1285.1771
468.92363
1172.0277
953.90759
472.07265
2023.8049
2288.7008
1538.1098
1742.3258
927.80515
-32.090544
797.05882
1197.011
243.34141
1086.1608
532.98196
-552.4122
7073.4592
-101.19603
802.96311
2123.3451
179.57209
1800.6085
860.56312
823.54056
1781.603
535.44396
229.87441
369.35236
-89.30753
-617.90552
802.07378
6965.642
2363.9242
1280.5983
1655.774
2092.4293
1111.3732
1418.3545
549.65501
487.92376
286.37078
1376.8608
576.35757
-53.535755
1527.0251
2494.8754
537.37774
1071.8689
1314.6408
607.21997
1391.5653
489.05822
2790.7903
-157.27212
2378.017
1613.776
1485.5439
104.8646
632.00802
2352.8992
926.56438
8.2094555
415.81539
1292.5944
307.92982
-530.80271
1623.4248
550.09873
-451.59039
3527.9527
-148.03887
2117.9129
1703.1618
2214.2706
1898.9773
1429.8224
2695.2501
1536.2978
1391.7292
2300.4009
1453.0796
2450.3026
1054.5165
1511.5381
-390.80184
62.416556
1233.1771
-541.77431
1446.316
1670.7141
856.81963
1815.6199
1992.8914
2360.6803
1580.7423
312.24374
1971.2902
2641.0779
1611.1885
1567.6942
1402.4057
2841.2118
555.66051
498.30417
2602.631
858.53139
1114.5386
1705.4828
2477.3811
489.30387
1301.4949
1964.5772
2214.4969
1739.9888
1255.9562
2593.4671
1303.0332
517.72904
2385.274
6324.9456
-18.204606
626.12318
283.87044
585.14321
1447.7636
7200.237
1090.9509
804.19083
504.47873
1783.6784
600.79538
691.63397
47.925419
1764.0954
673.85329
1074.9161
-211.56126
2377.6116
1200.3082
178.7853
2391.783
1888.7347
1115.6285
677.13083
1475.0267
378.97206
419.55659
92.862843
-586.29793
845.88828
1413.7216
498.34954
2348.6657
2201.4482
594.22548
1840.4725
7452.3365
2489.5938
650.02051
904.84484
1466.2405
381.60987
1979.3142
900.86262
7016.6491
2083.2367
837.28024
973.44798
79.855739
1269.4225
558.97765
1095.7332
1193.6604
2398.1577
237.93689
2362.9166
814.63666
-113.75949
1838.7128
534.19834
1149.05
1504.7401
139.83116
837.95013
797.54143
841.74394
7031.0485
493.10747
-491.03619
2281.0544
1170.141
1293.9813
-576.41901
1734.7088
819.37525
7382.1687
2803.9514
914.84722
349.95301
7261.2715
2136.8747
22.716368
377.72492
882.53455
2611.2522
-87.262508
937.45008
3052.6229
7497.1145
1204.4115
-655.34965
1679.1559
633.4589
1114.9108
1339.2003
2711.2272
1688.7143
1252.5905
823.69739
1692.5101
214.88174
897.10055
922.08858
1105.4896
868.65889
1936.956
893.70155
1131.5629
1445.5805
1433.3778
2765.9037
931.68955
1352.9335
985.72308
1344.2057
193.72989
2319.6539
1491.7748
7506.4453
824.82448
2754.8729
2374.9438
134.46557
-782.69506
1813.2014
561.80258
-161.79114
1293.8162
1772.6511
968.04224
2517.4342
978.94928
-62.696318
1898.8768
2139.773
530.10146
2596.7082
2733.5572
2739.8301
1115.2787
1979.7169
118.88547
1105.8597
836.51947
1417.7348
610.15087
538.52228
1827.7437
1005.4177
2291.8021
-98.79817
634.51547
1579.657
2345.864
2138.3103
1461.4526
2252.0173
262.61188
1328.6221
1627.2911
895.28693
1950.3853
2188.9406
1497.489
1302.7588
1131.7268
2517.8545
7064.9408
664.04659
83.500098
1229.2252
1535.7605
643.18651
850.94119
-78.663037
2002.8644
1990.9853
2442.3189
-338.49905
1471.4044
2208.1514
481.91675
168.82361
941.85875
2530.7581
2544.9977
93.142855
2931.4605
1271.2543
2105.2922
1464.7464
1595.2582
892.3452
2692.6073
604.99588
700.65514
631.31221
1016.5944
1351.7183
2277.4797
450.84303
709.87613
775.28257
777.97397
688.62617
2618.203
2393.2147
2142.8021
430.7288
2391.5614
1258.7873
1396.3233
2348.0171
490.00346
387.27157
1200.1133
1676.1448
2106.0428
1003.3704
2605.9597
688.79794
391.19371
425.13035
1383.5653
1246.2753
757.72989
1471.4024
-709.96791
2641.6581
1762.8165
2482.7471
-152.89768
-120.38357
2570.6427
953.00963
1595.5738
107.07503
933.41173
1375.439
1280.5304
2652.5689
810.31509
1085.0141
2070.3529
68.763727
1508.7853
1307.2261
2185.9972
672.81355
1516.9433
2289.7382
1605.214
2030.5184
790.16361
203.12412
1519.8034
2559.372
395.10107
642.31094
150.327
1214.4684
690.73137
1942.3853
1204.5343
541.66754
490.68647
727.86273
1502.0388
178.27194
2222.3381
325.54764
2239.4572
2287.9126
2706.6658
778.43828
-824.33869
2215.0511
962.15412
1623.6155
1427.474
-101.53601
2169.4318
796.71202
7120.1498
708.44083
2472.8669
888.15609
899.18471
-78.857252
693.12669
458.39549
1141.3586
1416.5123
-207.95359
1.5869205
832.62662
1821.3732
1157.5417
1946.1957
720.34217
2783.3275
990.55772
709.08034
706.73012
1321.5332
1081.2909
1141.673
811.19004
2102.0676
1544.8953
1768.105
1237.9865
1317.7231
2545.3346
332.03766
497.32297
510.37375
1255.8696
1157.6929
1022.8256
1558.2538
598.18302
2488.5048
1779.6041
1764.4855
2169.386
1761.7938
1312.4846
1452.349
636.75593
908.2511
1631.7876
706.68527
6332.1397
1633.685
1390.4866
308.81939
2270.7886
1198.2201
1053.1895
539.1429
-608.73749
189.91812
963.81549
2256.2041
1000.7946
893.40348
1448.2174
932.60849
1442.6353
1339.4353
1074.8966
1922.3925
572.58642
2738.3908
-693.01079
183.15874
998.09494
2186.0684
795.37556
1265.5419
1220.8186
-381.28307
121.21535
2398.324
515.22355
2387.8354
1715.4904
2618.5649
133.46022
2184.9879
1454.9225
763.05089
1262.1376
2541.7627
1648.8769
1194.9206
2681.704
770.72922
1175.2965
1199.9486
510.70975
1801.1164
2350.6501
2100.6031
1968.1285
2799.4413
1132.0341
399.76834
1820.4213
651.07984
2108.42
2781.8239
2254.579
1339.8141
546.91838
-439.9128
92.112857
-737.60976
400.42167
7223.6953
1074.2741
1646.2998
695.96384
2603.4158
1326.393
1236.0844
1142.4339
1002.1183
1089.0984
2104.513
451.79177
579.57136
1161.7102
-375.11765
1001.6505
1600.8753
-575.21362
936.54795
1685.4328
218.34676
-275.67888
1573.9445
2466.3597
537.455
2775.2204
478.03918
2139.1108
-260.33554
400.58759
1172.9948
1802.2587
2632.659
2164.2177
866.2475
1900.6848
2491.7599
7492.2672
2366.9215
1405.7856
1508.6379
821.69946
564.62559
1721.8684
2086.0131
-943.57319
2248.4385
2370.9451
855.81047
1305.059
184.83603
2205.8266
314.03272
1518.3711
449.0469
2757.805
1846.0363
545.39347
2778.4913
-54.987851
1379.3901
589.94239
1296.1401
932.78893
524.48174
1711.029
2241.5603
2698.6987
1595.9684
1754.092
480.02285
693.60543
915.38239
6819.6263
1027.8469
776.82844
1921.4499
824.92567
1379.7802
1570.2755
2608.3755
1552.1192
1002.4872
741.77375
851.23541
908.47543
655.16963
7016.1908
363.4981
2010.5665
6986.4123
1751.4171
1072.3213
298.78123
2671.887
2668.4851
1720.0515
1863.4016
-182.46001
566.4332
900.76384
1652.5849
2469.9806
1505.2412
519.41835
2339.3725
1176.2181
1028.7549
1732.7365
450.81556
1277.6184
7545.0211
2308.0134
676.088
1704.5181
854.32985
1794.9029
1567.6709
1083.0328
1437.7242
-1.1164988
7147.0347
1312.8065
58.25687
1375.7344
1681.1805
424.00502
7527.4505
1574.9142
444.43387
1272.703
1577.5284
1130.0019
2558.0528
2106.9007
2431.1184
1999.979
2520.545
263.15779
1535.8278
-420.91656
1900.3409
2662.9868
896.64781
2597.6856
880.63769
763.08374
7207.7062
426.79717
950.00573
620.59851
2932.3141
1308.0321
2478.0514
606.35102
1488.9427
-213.68697
1245.1419
2635.6559
2122.4714
1986.3981
2735.895
2641.2692
2113.2791
683.4057
2199.8428
1315.4906
-647.55014
2901.942
2075.0898
1393.7762
2720.5542
979.59164
1468.373
7011.4838
972.22562
1702.5829
620.11154
3223.1678
1329.4576
1212.6444
2199.8704
1776.8223
1770.5051
2179.2329
1134.533
1002.1881
1499.6689
2761.9678
1158.8443
2923.6789
-217.06673
2661.732
2321.8162
1163.9914
62.042467
2177.1149
328.86914
2335.9482
2617.7335
1941.9923
383.35605
2185.2409
88.018991
6701.9196
2494.181
2694.6651
1499.4277
991.47891
-795.19432
2116.5235
1732.9355
240.19152
1257.3155
2091.5993
465.9864
2629.5783
1626.0943
1199.937
2499.5861
449.14224
7154.5545
2356.888
-19.103645
-283.48959
1548.9429
1777.3783
909.4045
1595.6498
1334.9242
2660.9546
-237.43985
1504.6329
533.39172
2184.8813
2020.6569
908.36636
1667.2695
1337.3417
1300.5994
112.93641
855.59434
2065.9925
1768.9849
2461.3441
131.79427
792.78934
700.83847
918.88984
1905.8786
1452.0021
467.05223
2367.7827
-193.60281
196.91466
1869.3238
1104.9226
2348.6721
2727.2472
1396.7646
1361.8224
1175.1129
-34.889732
-760.58141
-468.60996
2368.7659
487.73407
733.14549
1119.0626
349.70805
480.07104
503.52881
1355.1409
518.74334
575.26877
1075.7231
-125.31233
2045.8122
2642.3569
589.3815
2424.6158
2128.4322
1123.2782
476.96954
2053.3463
-574.09219
2449.1501
481.73911
134.85963
247.48922
1957.3417
2339.2359
2831.2819
2751.6871
798.08787
2284.9642
1305.8311
1270.6032
1195.8225
1786.7487
-197.55354
1736.15
42.010103
997.23835
1789.4845
658.75834
2631.0281
2749.3671
941.20228
1318.706
2762.1623
-149.55957
1465.0983
1826.0068
559.25712
1280.8769
6640.7814
1512.0009
1568.3916
2537.2074
890.09098
1509.6208
2302.9517
7300.444
511.7306
1132.3827
1386.766
1698.8218
1124.9847
7078.3094
2806.8075
169.85177
2678.9818
1927.7618
723.21832
-10.643626
522.84279
2512.6046
648.47146
1033.7318
1286.5809
1114.6284
798.392
2772.6915
1641.5256
1916.1776
1152.1679
365.86681
730.10827
1175.5748
150.79382
460.6381
1869.6586
745.22943
1153.6359
342.41329
2584.0774
1204.7527
1024.1047
626.55917
535.49018
-311.60985
1522.6744
2497.5684
-361.49509
425.33361
1883.0576
-827.7332
2189.459
926.98244
633.95094
793.35713
1690.0608
810.28797
-401.65873
650.05099
1298.1254
-188.4377
2024.6118
1013.7991
914.32084
904.0006
1148.2705
2062.2188
2650.9099
1560.185
2025.5219
1919.8037
1174.0886
410.01043
388.6466
7094.1375
1483.717
7293.3963
18.180719
1399.345
2029.155
608.1274
1533.0005
1774.0604
-697.40757
939.94971
931.50252
573.86266
2236.9281
1705.6038
407.28328
995.73415
1711.2282
894.24219
1124.4613
1426.9567
2688.2803
1323.1331
669.76175
1365.5187
888.79299
1460.5539
2182.8918
497.66235
2020.8992
292.88603
1513.0348
866.70335
480.06199
2016.6056
1693.9348
1466.3236
-529.89024
7311.9986
2775.5073
189.59835
1658.7796
1601.3873
1447.4427
1340.149
1193.4793
601.45223
1256.7887
460.17811
799.54972
1375.1794
1688.1516
1426.77
1006.7472
54.835337
837.48648
2596.0622
1619.4576
1783.8927
-488.97211
933.79473
1497.2355
1098.1564
2028.3008
1902.3086
530.56764
-118.13703
2635.2806
914.59145
1067.5043
2635.6091
1575.092
943.61512
794.58674
1055.5901
1655.9885
6413.2297
1072.0032
813.13081
-148.54962
526.22649
2100.3432
1052.0794
1879.3739
-39.589481
62.016592
570.55593
1797.3581
148.80791
2711.611
1748.1676
2259.2145
-77.328253
1266.1742
1129.7113
1062.7124
2114.0525
326.73526
2719.4593
-155.65457
1213.732
-592.25558
1738.7552
2471.9848
7031.2799
927.13936
2028.2844
1794.2835
1025.2697
659.15106
1391.9107
2622.864
209.73736
1905.3921
2209.001
1706.6611
143.02413
45.833021
520.47679
7314.9967
1797.7201
1319.9958
728.84427
1297.55
2466.6062
2756.3971
426.77064
545.69491
560.204
2129.4546
2407.1648
1225.6933
817.5825
1974.3055
1795.9498
369.21122
949.0752
1868.9143
7526.8327
750.43867
874.46086
377.82317
2591.7104
1011.1621
1247.8671
7565.1601
647.94145
2429.0985
2115.7633
574.89657
-536.76709
1658.7068
1882.7836
1659.5618
924.59636
1262.8851
611.75732
2900.423
405.85387
2075.1275
2678.0393
2268.9093
1188.4461
18.323519
1809.4732
1679.2059
1775.285
1946.7688
2327.0614
619.47952
553.52563
1016.5001
1668.7028
980.87288
1453.5605
653.79745
2334.0254
666.30145
1394.8563
1902.9979
458.39578
1811.2041
480.12455
817.20151
808.74029
1528.6261
2763.4335
319.80411
2562.333
1424.3932
1234.3777
1771.3443
538.84198
592.16165
-322.4305
946.88927
1422.417
825.46199
902.92039
2083.1841
980.14797
1817.8376
1263.6599
533.80515
2519.5145
2533.5726
7080.8752
2726.023
2483.4562
-172.14906
908.93724
1684.7781
843.65421
550.15604
770.16518
578.68914
2461.4374
235.21967
1061.9215
866.26142
1475.8487
718.28299
2208.246
433.66845
2014.1263
2207.6849
2415.4657
2544.2357
7270.2915
745.71293
2361.768
1989.1786
1443.7013
2032.69
-193.37457
2315.4304
813.48489
633.14385
-57.82984
1975.6873
1455.1227
1296.9725
1670.2376
403.99696
1368.0675
524.62919
1730.6799
440.33238
7102.6254
2563.9253
1832.5074
1191.7875
1728.0648
1343.4249
826.78405
2073.3186
2274.3578
2641.3217
395.40388
1208.6489
-942.97876
1957.0186
576.48585
1228.6824
1575.8197
2156.9451
1844.946
2197.1551
1510.7898
1484.9011
-412.88022
729.68613
1024.3819
1988.0017
1626.7288
518.08294
388.24159
2751.6029
2318.1672
22.216916
577.89714
2265.8352
1054.1262
1608.3788
613.99896
1764.3937
2702.6357
1524.8474
1020.6548
7219.4481
512.50586
84.151305
1392.5254
2473.5579
890.74537
1068.4156
325.31126
746.69702
583.98597
64.874539
2376.2307
2459.8269
110.70996
817.08575
632.69448
-464.48286
476.04914
1449.9437
1001.5754
-126.14964
527.82479
2774.3347
2594.2681
-15.725308
-221.01417
1954.4814
1800.3687
566.01876
839.71744
29.738795
2519.4454
2001.9373
217.83701
1734.6509
-666.18929
2287.603
138.70322
-187.41023
-288.24539
2697.1847
1751.225
116.6088
436.00508
668.83779
1965.7954
1898.7247
7287.8775
2759.5852
1640.2032
2132.2224
919.25139
557.96619
944.56327
17.121424
-18.466864
1664.5787
2645.3315
1173.1087
1785.1375
535.90874
1567.5485
2611.8044
149.59221
2151.4047
1861.6256
1231.5351
106.39057
999.34115
995.67948
2816.2797
2836.8392
1399.195
-60.107536
122.49619
7185.4926
728.26328
2251.9763
802.07101
1336.9829
554.51076
853.9434
2540.9566
2655.7237
2603.3283
1030.9741
657.96466
-743.58116
1482.5819
-524.94764
724.30597
492.93148
596.02773
988.15833
1892.2704
1458.2171
2194.5515
2646.9006
1705.7307
2893.2155
864.32718
819.13636
1317.1947
1984.3586
1251.4223
2159.7476
-35.941234
2593.6039
-118.55059
1661.0493
1719.9902
651.07159
2206.3206
498.6647
547.14776
7054.0175
2537.6536
2642.0643
2032.3693
1145.942
2527.8872
304.1538
2543.5953
954.83267
188.41122
2467.8365
1733.6814
842.37266
2110.1078
1223.4643
758.22937
1050.8345
1687.4452
579.55372
733.42739
1780.0995
618.89364
1649.5104
424.87065
1132.8801
2553.6386
677.20459
2143.3349
7091.5004
2665.0672
183.50085
1115.8456
2778.6726
2140.5669
1622.4166
2738.0542
1868.0252
2053.7139
542.37322
957.45695
6765.7612
2527.8233
-121.68946
1558.5687
1668
2115.2656
801.13389
257.77831
563.87133
1643.6403
1414.5719
1567.0817
162.03012
752.2583
1785.6964
2004.766
2404.1672
1279.2972
813.42864
1853.4757
912.4416
1173.1268
1412.1138
255.29515
485.35262
1726.2533
-20566.933
1426.9536
1907.4227
914.9833
979.45962
1020.361
1777.3862
1254.2694
2048.9689
1231.9814
579.21601
953.0465
1741.2807
2403.214
7139.6325
1162.8187
2092.7928
2755.0712
867.31387
2603.966
1783.5487
228.96268
-141.68584
721.00268
375.19676
1551.4857
1531.7111
-549.14201
2085.7552
1939.2404
1256.4216
1903.0151
890.59756
1466.3034
1079.0918
-131.29257
524.80731
700.15158
812.01957
1496.8287
1715.5846
1692.4858
2005.5761
1157.7147
1281.6843
783.1388
1289.3175
862.61674
2087.5471
1810.4749
2752.7159
741.59231
2294.7932
2201.0681
41.329782
677.01452
2237.0851
1288.3969
1068.3936
7329.8876
2446.2291
2605.6934
1440.4356
2164.0876
1349.1506
1649.345
2110.946
1572.9214
1521.6323
802.3899
831.08775
875.86759
1875.0155
891.37569
1095.7021
1479.4107
938.21012
1554.3006
2100.0527
12.980341
1553.7544
1823.5457
945.73174
1229.2166
659.97228
2355.0557
1230.0841
1438.147
1010.4251
917.03335
1836.7955
1462.8918
2297.4714
1182.2247
1066.9207
2241.4202
2835.2723
831.1154
996.40903
898.5513
2263.5363
128.96734
-329.36919
7009.2243
2231.028
707.57364
7251.0453
1937.13
2399.3952
1897.6916
1310.6922
2613.4878
897.26476
1825.4451
1680.118
2238.7752
1060.9861
2778.0454
520.38871
573.83749
1790.1296
1107.9162
2657.467
1240.0299
-947.07985
1198.5783
716.30864
944.6476
1757.7142
2474.1659
841.01161
548.73822
870.58083
7320.0574
1942.9934
1020.4681
1936.2525
7325.7864
1656.1415
1324.3881
963.93947
-526.63399
493.83532
1760.4595
299.20395
2005.027
760.76266
2213.8998
1281.8971
2297.0524
2067.0265
1957.0433
2623.8767
1532.8238
510.62913
2152.4743
939.96992
-793.58689
1376.8081
2481.1837
307.38807
1273.1794
1987.9421
419.29821
-157.42867
1540.2437
1024.1128
1068.9153
560.7167
1246.4979
2591.1769
637.39645
-340.99115
-224.18742
853.73381
1332.9843
1215.174
652.46365
1133.4777
-763.4828
-658.62765
975.39623
1823.48
2392.5859
1904.6479
1091.5983
683.37582
2159.8466
947.82977
-125.59619
825.86661
2507.9535
922.49624
2059.829
515.926
2465.929
2392.9792
973.84949
1375.0993
1275.8041
2548.4509
2871.7433
805.4808
389.65311
1941.9166
1947.418
565.01827
768.11982
995.05086
676.92982
611.49059
749.28191
1751.1715
773.39161
-325.19524
998.62045
2061.7857
2729.7468
7174.9534
2534.1779
600.4998
2256.8138
1327.105
2793.6877
2142.2092
2284.8202
2387.4744
321.47439
651.85852
1808.3795
1311.6833
1015.8996
260.22704
2763.1193
1821.3571
2633.4543
-934.02738
2707.6743
1220.5327
2330.5281
2701.174
1254.3293
1839.7463
625.97696
1329.3994
1048.2473
1197.5572
2559.106
689.46663
1120.7835
2678.7041
843.6206
1649.4668
1219.3467
-168.35399
1572.0486
2611.5707
1755.3973
1263.5288
2886.0685
-670.815
-188.07837
2587.2082
113.88338
1008.0161
373.8044
2054.6096
2675.4003
1513.899
179.7192
583.015
532.29902
2776.5933
1963.1315
542.24537
333.28938
2582.5374
857.94867
1391.4587
1198.2372
2596.0586
2022.817
783.14657
1782.8234
2378.0855
2596.034
993.5149
589.72229
1024.0003
2062.3287
2228.9573
2443.3471
2503.0589
1605.4486
763.14763
812.5443
315.19341
1493.2269
865.64012
1549.0361
1063.2911
6833.1112
2675.5179
1649.7623
1253.9755
1830.2834
2093.0303
1938.2127
185.84197
7611.0622
1468.5876
594.79209
1530.3176
432.26663
238.00492
1628.8299
1100.214
2012.4191
7496.1859
1345.1419
-213.17427
1873.0789
88.382659
1683.8483
1381.6942
763.73282
-183.64236
1854.3022
2264.4897
245.33847
2264.6618
477.49227
1508.3463
1379.7261
725.97442
1415.7849
1939.9385
596.26925
1759.6025
2056.9417
821.69377
2386.954
2812.8979
660.59258
6945.215
1095.1027
529.31464
-813.11476
2667.1051
985.82816
855.87818
2232.1665
2376.4775
2322.8704
120.43449
557.69841
2064.2933
-700.50466
1444.9225
-561.75795
1932.5129
2247.9066
402.79456
701.81366
631.09548
636.7527
893.66892
2740.1945
1612.274
1687.636
213.97936
1501.5683
792.16154
-399.21936
1274.8137
525.0181
1118.549
2498.6968
1843.049
1921.9782
1344.8481
1816.9561
448.44742
1469.3475
2851.0631
887.56751
12.207922
2452.8671
3144.8893
811.73866
577.42307
2370.2823
615.80392
1312.1082
351.51345
2888.8632
1330.9878
2794.0323
1761.3018
-29.804234
-29.914645
342.7845
2648.1048
1795.9934
260.13498
1044.1169
1612.2293
868.62275
679.92352
2196.9997
2748.2261
1194.264
526.04537
2483.9377
2281.1853
609.67309
1009.0735
2937.3931
1193.1506
1165.5006
562.20655
2661.6027
1312.5076
530.19711
1186.0126
457.4212
1625.2254
561.65597
1498.7619
596.60047
722.66593
7028.8671
1623.5591
2319.2237
1489.8081
1135.8736
2299.9638
3350.6434
1128.8012
2170.1986
1964.0697
388.54505
889.28537
7060.4367
1976.011
1197.195
1879.556
2109.798
264.89527
1216.6253
318.78835
2051.6395
1529.5942
-76.198834
487.66102
2595.0369
1106.7331
1607.8368
2790.1339
1508.7803
316.46909
1716.4472
2097.4764
2090.6312
649.92917
1960.9144
1271.798
1606.5813
2419.7332
7117.4292
1201.3099
814.53853
1332.432
1499.7911
2863.0323
1787.8413
1135.6167
1285.155
1925.2042
1074.7781
2824.8158
1983.8389
1226.9428
1264.8221
1376.5955
2788.1233
768.32764
1255.6073
2059.93
7488.9815
5863.5334
2636.9219
2218.3375
861.42386
7131.9033
1614.6177
2474.9643
29.432748
1900.4305
2168.7566
498.22092
677.60111
1895.1596
1325.1074
1116.9247
862.95773
2624.8106
2987.3959
1873.9667
941.69625
2453.9094
7330.4356
1053.0536
6708.8944
-528.67923
358.06628
2105.5035
1799.6226
1353.722
1159.2183
439.06049
1394.2854
782.31484
455.10093
670.03611
1029.0531
1232.2784
7057.935
-319.74129
440.72212
2292.6197
2478.4967
1631.6137
1213.8616
861.25088
2224.6618
122.55795
1100.5153
1715.9323
2203.5708
74.471724
594.55187
1563.2559
1957.5722
638.26389
2704.8364
1476.3676
693.21563
2176.7224
400.6014
806.30115
5140.0872
1359.9184
1081.9497
3447.8051
1216.8256
1320.9456
2086.3471
858.22033
596.18323
-661.85013
-417.62732
-13.964181
1072.1168
1773.2201
1807.4647
1127.9406
969.27382
2636.8172
7193.9367
1614.4296
1847.5034
1621.6891
2072.9378
2291.5827
1122.576
1674.7945
2824.965
1960.2617
1154.7528
2205.9906
-334.30851
939.55579
1845.4909
1598.8032
2932.1425
1371.2114
19.015783
1339.6909
1475.1083
2257.4945
1573.5815
516.09774
562.61592
376.34468
871.42602
663.88438
1173.225
1290.465
1424.3663
1582.4538
1323.968
493.07704
571.66825
845.08747
1888.1018
-137.60114
2249.5857
7347.775
1624.6462
568.11517
2458.0861
508.56256
2696.7641
1574.9399
2633.0458
1306.4585
1591.9827
1447.9872
936.52045
1106.688
1221.0187
7030.6948
387.77343
-101.25847
-97.694405
1370.619
1439.9398
2159.6443
-276.57826
2764.635
2752.1221
573.34607
2767.8085
496.59855
401.96192
374.02453
-322.42965
737.69034
975.07592
813.97993
1387.1886
-42.094555
2692.9051
893.78555
605.69789
253.17065
6922.5486
1328.5254
1203.0747
309.91644
1454.9903
1265.9755
2117.018
2637.5995
739.59222
472.08934
2828.4354
2519.1513
474.17277
1491.7415
2590.7892
2900.8937
1633.9645
2881.7078
1152.3812
-732.97699
1876.5611
-1854.8859
559.32233
2129.1501
1871.8464
929.47198
2210.2631
-17.655537
1531.7333
1460.4876
2491.0245
-213.47348
849.68046
2483.4159
1284.3292
1547.75
2145.7781
1005.1853
1981.0207
1730.2874
1579.5832
505.56812
1433.0182
1672.7431
901.42121
2553.6958
2662.7632
2696.9291
-279.03633
143.41343
1381.6603
943.64745
2307.187
628.83014
1168.1408
-544.39052
1925.9534
475.40228
1763.0907
-127.69294
819.253
71.207192
99.692577
1538.2904
4521.0304
421.75138
2500.8786
1285.033
1735.5656
374.92077
1577.955
1055.3683
305.28037
2436.2977
751.16917
1144.7448
1578.5528
-84.764268
1693.6961
2138.885
645.29623
738.82374
1711.7078
1380.1484
2465.9863
259.38805
2056.5324
145.53058
392.10366
1251.7385
677.26565
1525.3618
-684.28736
1891.6406
2681.827
2031.8275
631.19471
93.125141
736.62863
2655.3148
408.88075
1668.7906
539.65442
2064.1325
2827.0076
3482.2505
721.5766
1573.9161
1351.7628
1656.0469
-142.32006
2127.7346
1675.0936
2860.5756
611.61333
1100.7283
1233.4256
1435.5389
461.94825
2678.5899
7550.3235
977.76189
456.70747
-7.2229919
1813.2279
1026.3291
1197.8459
1361.8207
1262.4568
1017.1463
2819.7434
1449.8373
1133.8364
2609.7791
897.23253
1309.2601
1869.2964
2099.9119
1035.7219
563.02955
658.61364
2107.7845
1736.1186
2707.7926
263.89012
559.69961
1112.3227
2673.3829
814.7243
1795.1417
1501.4124
249.88427
1950.0011
1438.715
1175.8555
1225.4509
1899.5708
1321.598
1177.9227
2198.1307
1290.8452
1557.9446
1616.614
-642.46325
569.78657
641.64793
716.4362
1282.8539
-87.527039
1196.8703
1098.5479
1332.4682
1965.6531
827.06264
2114.2379
322.46464
558.09304
2644.1383
1493.3136
2297.7786
806.82274
2690.5847
1458.9131
2888.0327
1764.3355
751.71375
1860.598
2711.5205
568.66981
749.56599
2155.925
1477.7375
1518.4236
7047.0986
1239.4309
335.07444
111.41819
1317.8795
870.14396
1727.7114
-0.52493051
7049.2602
1327.9623
1362.7079
1690.159
-229.78891
1292.3328
2624.2938
-48.914515
609.24936
949.31568
1001.4149
782.11647
930.34661
2635.3451
1145.1203
1968.9746
1116.011
1556.2425
1107.9441
1282.3646
2514.7516
1149.511
2634.0122
1282.9593
656.75681
2492.2145
1055.458
1644.9783
7152.2391
1289.3704
1182.8298
2077.9496
1356.8649
439.89128
1889.2092
573.25027
669.78722
2078.5287
1758.0752
2426.4287
-260.606
1767.2699
474.18835
340.84179
892.76582
2008.4172
540.0807
1002.9907
1350.4317
-320.02258
2442.4473
1443.1933
2290.8428
2568.3687
1219.1403
1836.2666
575.12239
1663.2121
1993.7642
6829.5355
1308.6516
1669.9245
2089.5325
738.44347
2234.6835
-1003.846
1090.3468
2409.0756
1602.9103
974.8426
966.37643
7032.6479
416.74358
532.7797
586.97835
1904.6805
1994.2965
604.74225
2851.0199
2378.5749
2095.0517
1579.948
2851.2956
2234.5088
1291.0177
6329.5368
2101.0067
2096.077
1383.7925
-219.62497
1944.1437
2717.1668
111.89562
2122.968
1417.3353
1141.616
1304.1526
2904.4773
590.86676
1932.5966
115.71503
618.76337
620.95335
2178.3481
687.56587
2732.7264
514.78276
2853.5983
1176.2739
1297.6788
1690.1773
1549.6176
1378.2693
-277.69036
1982.6339
569.97559
1110.3121
1109.4539
1848.8556
1186.3529
2467.9889
680.94309
287.32382
780.04961
7098.9152
2692.1829
2658.8787
1841.2763
1903.6411
1598.4172
1254.3957
1820.3436
818.81797
933.78712
1297.8468
-719.47724
2447.7265
1543.553
-489.23345
525.00037
872.25972
73.896291
-736.49945
1796.5721
7297.6173
114.47411
807.9328
556.96823
1901.9081
-129.87819
599.28875
-296.75278
1471.6406
315.65953
2695.0133
660.72527
2767.7711
2043.7675
2875.6822
2395.8211
2522.5379
2566.3753
587.02945
766.63004
1147.0484
1909.6209
1429.8961
952.53198
1539.3383
93.702949
2337.6056
2129.8519
610.62404
2573.597
2100.0469
49.943378
7055.5845
2506.5517
603.21356
1084.5285
-298.81962
610.6467
2258.2967
-177.41704
1586.1142
623.91297
1237.6525
580.94258
2005.6108
1431.0765
1051.3819
2014.4748
1268.9852
1664.7968
2055.1528
1394.8577
1622.9838
2202.1804
2263.9869
1643.9055
1800.8159
1020.8769
970.09432
1221.0114
2809.2194
935.70576
2109.661
2124.5759
1090.8536
1872.2692
1662.6677
2308.456
987.98667
747.50709
2722.3941
2481.1926
1390.3368
2648.5129
832.69833
2372.709
245.01121
1096.9425
369.61067
627.07197
380.65485
1975.2854
1749.182
1522.3311
2231.4276
865.76938
853.13115
3152.9442
1427.2379
1226.8945
396.18454
2404.4903
411.35366
1421.4636
440.97167
-238.35462
2587.6235
2832.651
786.02731
189.59736
1253.4869
-252.35776
1919.13
1476.5003
598.78474
609.71953
-178.91645
792.23577
728.09237
1593.51
2278.577
2161.0654
2790.2058
531.88342
2531.0916
-51.088598
-591.01761
1037.104
1390.563
121.72038
321.02502
1694.4337
1104.7721
1181.9211
1211.0994
1825.6752
772.91329
2243.5057
1089.1844
1101.7888
603.41935
574.564
1271.7641
710.03098
749.66339
-362.94205
-300.79574
2800.3926
815.26148
1292.4793
731.72312
1255.2076
444.88966
1759.6802
188.90408
2380.5058
1275.6854
618.48536
589.24778
834.22112
1320.6133
1807.0542
1674.6126
867.22758
548.43036
-749.42645
2250.0463
1637.4853
-343.57056
457.93261
-485.25776
1314.4463
1892.6588
2481.5499
1725.6586
1725.118
1545.1458
1701.5946
2025.2111
1224.4503
1002.488
585.77673
342.11068
1393.0722
751.68634
1940.8068
2550.0907
2032.665
7078.1002
1507.0869
684.65355
1813.8747
596.0938
928.20316
2624.2735
1607.0977
1883.8232
1018.9739
2019.7414
1949.856
489.15751
2676.5855
1266.5447
7001.838
1976.7292
-647.80461
2528.9455
1490.55
1279.7026
2510.121
851.0115
1644.5729
6819.0786
2526.0481
1403.8732
1621.6807
1325.25
591.55908
1938.2518
2615.8421
413.70057
2219.4799
2947.3274
1449.2971
704.30396
1917.8124
2130.6968
2410.3649
979.33884
462.9768
2058.1922
2557.2196
2312.415
1583.3138
592.46283
1968.9983
7133.5484
1041.4451
459.52162
553.84151
2326.9625
2745.9719
2771.1592
2616.1806
7310.3366
1816.5027
2640.684
2223.1375
1985.8331
529.80251
1919.661
1430.7525
1494.4856
2124.3851
1298.7751
2289.2485
2049.1168
1142.2155
1133.1795
1478.3469
-89.659762
2120.5147
1077.4658
1919.9354
2093.8352
1822.1142
789.42069
323.2451
1599.3095
1298.6453
1884.9202
1348.4533
2515.5617
1588.4151
827.1359
7436.1286
1271.3904
812.86447
2415.6578
1794.2841
983.75005
1159.201
2137.2969
664.21367
2459.4413
1970.864
1416.554
922.6406
1837.1606
2619.7264
973.48698
374.31702
1001.4809
1377.2605
623.09563
1418.4411
-433.27095
1118.0766
1646.5808
265.32161
2348.2991
1413.8997
1060.1024
1454.5252
-105.60644
1921.466
1348.7967
777.46095
2991.6444
7025.898
1485.4663
1737.7542
2204.7164
1755.0067
1201.9713
1423.2146
7301.9735
1527.182
919.74023
2299.4169
-11.746786
230.1163
908.06638
1749.3687
573.4174
-325.48845
1153.4793
2456.2219
2530.2138
862.86474
1645.3219
1415.8715
688.57573
1957.7056
1617.6062
2406.4302
2696.5156
433.36906
1560.6011
1713.2051
936.27973
1616.663
1198.6149
739.25394
2658.0799
1632.8251
1756.8865
2603.6387
2952.0495
2701.7894
1943.1268
1772.1566
716.24395
1018.438
493.29207
2646.295
1033.2419
1131.0862
1785.5349
357.67366
1472.8084
3.9717356
1107.9542
1410.6235
1197.7615
724.64351
2602.87
1701.1759
1919.6802
1445.7808
2165.8792
2121.8401
2104.5215
1033.4831
1873.1966
811.54063
1384.2137
2577.4811
1308.3652
1397.8456
-283.71675
1846.5966
2534.8866
346.93765
2817.4631
2564.0391
1413.7184
2593.4202
474.73601
2606.2724
2872.1019
399.85844
1206.3311
43.804286
7529.7832
1679.4385
-713.41095
1176.5205
2256.5169
1830.7687
918.38845
1760.2064
1521.8367
561.72444
2714.5786
1435.4153
1336.0185
405.98423
1882.4663
2586.8382
207.33041
1504.2267
670.43301
2442.5238
-283.09277
1182.0167
2823.0641
2424.7497
337.63843
608.97149
2821.7053
562.97391
653.23664
996.09354
1113.6143
917.6147
499.93776
554.9113
2907.3854
652.84573
1055.6853
2640.7635
500.40216
366.84078
980.46572
1242.5752
1534.7176
1847.273
2413.5351
1505.2568
7183.9272
852.14158
1455.8146
2343.8813
1678.3763
2360.8698
-386.85756
1511.9454
1846.4022
1883.7512
1614.7814
1833.184
1412.5275
1314.8247
984.6596
1285.4351
930.89061
-237.74879
1021.7982
576.71831
2470.5259
1790.6436
2358.5677
2324.0913
604.09931
1018.6798
1271.5595
757.17729
1288.2323
1775.7568
2115.8282
1847.2144
1747.7529
2130.6311
2825.6271
2024.5242
1278.4783
602.74359
1519.39
-676.79767
7094.7298
502.88122
683.3936
2192.8941
364.52576
2217.5179
343.719
1279.2115
429.62848
1407.5834
157.43869
1672.5168
246.10433
1389.8831
7366.1796
708.24513
1936.3641
-708.02764
2054.3467
2397.6238
1434.4221
585.97997
1820.3196
807.04615
7231.8307
7018.0723
2102.1167
1229.3954
638.46261
833.00175
7228.9676
1147.9172
7504.7345
1689.4449
1694.5182
1276.3557
277.18896
885.46099
1855.0742
2620.918
662.46242
2337.3964
-478.16468
7010.3121
379.12981
2581.0344
919.44774
1722.802
1721.4198
595.12869
1755.8665
844.34336
1390.8901
1278.0233
1695.1911
221.77756
-687.47363
2791.2355
1257.4296
1789.6741
880.97841
1815.6001
625.19462
1020.099
2098.838
843.21093
2800.1668
745.31571
1573.6603
1698.042
1151.3077
1592.0103
-339.95325
2462.2873
884.06394
7390.497
1438.3322
455.98337
7546.4042
1359.5246
955.15733
1008.0657
1304.4382
7061.9643
1564.3729
2789.5039
1246.8441
7344.6492
512.65146
2409.7626
60.702275
942.78522
-49.717837
2775.2257
2486.5425
627.58802
2108.7039
788.02591
1568.7018
1430.3184
1550.3408
1624.4442
2305.8583
2634.3263
-167.36233
2758.0271
914.05639
-442.68347
538.97849
7315.2637
1829.4808
548.57622
1219.3028
2027.6321
1274.1732
697.48027
1820.2297
2222.5784
1218.5625
2762.9748
2507.4793
1961.0786
2437.7793
544.65747
1872.0393
7433.2246
889.79433
654.81948
802.56707
520.93919
2854.7334
1193.0908
1590.8878
-770.60925
-212.30781
490.18201
1553.3489
269.62868
778.73246
585.18645
1176.4275
1602.2196
2533.8838
1424.2731
609.05296
-692.78472
464.54016
1493.3213
200.82296
1686.8554
2209.835
893.80906
975.23549
726.87497
591.33774
2088.0737
1450.8995
702.18709
1695.1118
1927.6303
1446.9394
1672.6435
321.00536
243.66346
1799.9959
2808.9398
1061.7025
-86.181926
512.49903
1751.3343
916.07249
1191.8016
366.30389
1998.9293
1447.7789
861.05235
1721.201
2461.6569
550.4758
2197.3292
1153.2014
1068.1561
2025.2862
-40.386473
2306.6061
1156.3114
359.50838
343.84421
1416.9042
1226.3504
392.66563
503.93257
612.5933
2404.2356
134.07226
6628.9414
792.94044
467.14623
-406.69339
1406.5357
1538.2824
-15.733796
690.07232
1249.033
1271.6243
1183.7667
466.99724
1267.2469
7182.7475
7041.3471
1472.961
1351.6312
2592.4836
-30.246336
481.99275
1113.3493
1314.6496
497.36357
678.20283
6869.9655
2438.7152
331.05143
1100.5535
1040.6972
2068.4991
1640.2691
2653.9493
1921.1924
7003.5404
1775.308
789.77958
934.89399
1477.2717
1720.0855
916.86776
1753.3709
2646.8094
1008.8466
989.58175
1484.1191
2743.4249
2298.109
363.63402
745.52984
398.36745
1880.9697
1748.3417
1971.1902
7268.9503
2611.4863
1114.9242
2703.7504
1210.0389
1345.9394
1808.2404
720.95858
-389.53235
2688.2349
2321.6922
1338.7201
468.43622
-639.77334
1701.4518
-334.99999
1080.3025
7243.2756
2570.8497
712.278
1883.0292
2193.3383
2601.9732
1088.2881
788.84999
-781.67184
1589.8295
2502.8434
1393.3675
2169.5108
1432.0346
2952.1623
568.0881
2897.0516
2226.2538
560.22385
2549.0145
311.3817
1105.6032
1296.9488
2091.3379
36.763494
-345.62584
1936.1012
-639.20459
1991.6259
1226.1164
2334.5329
1831.7435
691.39405
-71.606371
-399.35306
2592.0078
927.59672
2744.864
2621.4365
1861.639
-870.6334
1458.8822
1566.0396
195.82899
-2.4014225
2478.0214
1524.8917
1898.2629
893.95949
2134.7188
-8.4974565
233.92619
1693.3625
-12.725282
-344.94576
1038.978
2350.1926
1525.9798
1770.7676
1771.6397
884.98747
2390.9357
732.41533
2071.2615
2121.3724
-196.44904
1194.8892
982.5235
1856.7769
1744.0039
120.33838
2889.0354
474.98162
496.04638
695.73224
617.7144
1429.5294
1703.5997
1602.5346
6896.2471
1822.0667
978.56302
1339.3397
699.94074
1366.6005
1243.7668
2457.4607
358.94087
1225.004
1531.4638
1166.7995
1063.7569
519.86558
4252.1272
417.5733
990.64307
2647.3363
492.07741
-893.76191
-741.49454
1281.669
-267.50367
311.54203
1155.5129
403.31551
412.91145
2116.6094
-182.27685
102.12403
2113.1691
823.23978
2278.8663
472.74538
2108.0599
5.9047263
2346.8934
1125.6687
-422.62625
556.75914
2717.7125
2346.8051
1265.7619
1228.893
1507.7504
1984.3091
544.80266
2241.5276
1081.9239
7345.0952
1867.4094
1403.2007
604.94706
2334.8024
205.25027
1317.5159
1456.9354
1646.6264
2787.9912
1893.4885
991.44115
1438.4464
1451.6749
1699.5793
479.65018
1625.145
2607.075
-92.936724
2753.4062
231.64448
-101.1701
1444.9626
2788.9229
2621.1777
2612.7061
1549.1663
1864.3969
2659.8672
2115.3599
1750.28
1280.2768
2544.4573
580.46399
2117.0824
2797.1629
312.52726
780.53283
1862.2586
278.94867
2599.7008
625.40391
2746.8288
684.66145
1616.3798
7548.7619
785.17852
1058.7596
2596.3293
505.58416
410.51267
1998.1084
438.58657
7255.9935
386.73756
1002.3958
745.86773
7101.031
2212.2165
1084.8791
455.34153
388.87902
590.31469
2260.935
508.18513
1319.8488
2279.6604
904.21669
-25.910997
1644.0491
2623.7124
1795.5254
1789.2203
992.24413
2477.52
-27.308188
1222.4683
2590.1773
1026.7358
1631.9052
2307.1625
1480.9363
2741.692
6957.7345
2153.2458
2313.8686
2687.7162
915.14599
-216.94628
647.13757
416.81146
2623.6369
2523.6349
2789.8429
1516.5142
1814.2475
2869.3429
511.95548
2140.4455
1667.2912
1967.3147
1040.7156
1385.7567
91.300405
1156.1826
-20.804726
998.52737
2517.5189
1744.7316
1999.1266
114.20537
1600.4865
2520.6479
1722.6974
980.77499
2330.2197
2622.9889
1583.6895
1611.0733
470.9783
1364.9425
987.87844
-30.040578
843.50549
1398.86
1292.8621
-751.36887
1442.1161
605.60035
-499.17949
870.24011
2390.9431
583.80449
378.02217
7320.8783
2261.6966
-492.6816
1445.8064
1080.4275
597.5476
7359.1506
1707.9124
2037.0057
1789.0055
373.39214
507.22085
1539.4734
1855.3538
1327.6763
552.11063
1234.1636
1045.571
563.05061
2431.3533
2333.8827
2302.4228
632.75362
1426.3406
2659.9838
597.69057
2051.0955
-313.58427
408.018
2277.0643
2641.9719
7126.5334
972.01633
586.64449
2395.5025
2110.5487
0.86268632
1213.939
1103.0717
2509.6579
-438.92603
1800.7214
-241.10777
1348.591
1327.3975
2159.5185
1562.3692
1176.7515
821.86925
1338.9637
-94.413893
1693.6674
2727.0775
2277.37
1237.6059
2656.2494
2059.0603
2520.7381
538.70506
725.51128
969.68301
-795.30099
2329.9305
715.59416
700.96186
639.76796
576.47356
2002.4802
1866.8097
-263.52897
2879.5579
1064.4719
824.45541
1243.7935
2449.9211
750.25691
-129.92362
-395.58079
1304.6735
-18.92598
-676.48337
1067.1759
1289.9678
928.36724
1978.4194
1601.9577
832.39033
-721.50023
2224.2152
437.30568
1352.17
972.92253
7298.9651
541.22812
2384.8871
1166.1525
2534.9374
7555.0065
2079.3916
534.70004
1936.1617
1637.249
597.0723
7031.4102
1188.9109
1984.3164
866.68441
700.77097
7049.2177
1802.1437
1355.2262
-51.158332
1665.6624
465.475
2569.1967
418.09656
2234.5525
549.09813
2645.0067
495.69967
6616.2953
1399.3873
2534.49
2296.037
2555.4983
1189.9074
206.73613
1440.8025
1898.8997
969.6709
-260.32538
888.93923
2776.6522
2527.1174
1876.3866
1986.1836
1025.7139
7583.4011
2769.1746
2630.6934
1527.3006
-240.3659
444.96974
1413.5293
1968.5458
1455.4799
1403.9194
1336.9644
1567.1323
1539.9036
1511.7063
-322.15891
1239.662
1890.0588
1033.0347
1098.3288
1306.8414
2783.7237
409.54219
100.95073
452.03972
1091.8182
2499.4245
1512.7856
697.75945
1622.5291
-46.801585
2610.3094
199.82163
6427.4141
1112.2612
1854.1452
1483.764
2821.4711
1504.1952
114.90884
1072.9781
-920.21836
2584.1108
-463.85059
1526.7285
771.97228
830.47927
886.61356
610.24011
1443.3441
1506.983
631.61579
1586.4805
3495.0562
2006.1852
6236.1385
812.0025
2865.4101
2276.6464
542.96813
-81.40937
1038.6564
594.75632
2073.5334
-95.289613
2171.6369
901.26924
2046.2083
1697.0295
2589.0799
1058.3548
374.84151
1518.9566
2123.913
1070.2556
543.80609
0.63871684
2653.7397
1500.5136
1369.181
289.25783
1185.4578
7043.2755
1720.7532
465.56935
422.41072
2654.6708
1538.3478
7084.8512
1649.3002
-591.56849
2496.894
205.51403
778.05645
1741.5852
-18.409293
507.34581
334.60921
133.06711
1785.5974
1321.4916
67.475952
2295.1303
-295.29446
1042.2898
867.00794
1738.5187
2544.8804
835.3941
636.1457
2059.2675
563.96026
2274.9478
1803.8954
-93.792038
1152.0742
-223.61203
2516.7148
1293.5649
526.57895
2141.2834
1608.7002
882.33984
2616.2143
241.96619
1624.2085
2451.4092
474.5493
445.64986
499.37947
1168.81
2071.7552
1851.8105
1132.7817
2082.1633
801.23018
2468.0212
400.55262
838.14197
159.53943
656.14949
2505.0595
995.80305
834.6389
945.1561
2192.6758
2357.887
901.52182
358.96085
3440.3864
2255.3083
663.60661
7301.527
1334.9437
121.66086
661.34577
2203.3314
654.58599
808.49026
1740.6936
852.22424
1200.2335
2080.1153
1281.1167
1979.7363
-19.834337
815.23218
1180.9065
899.0234
1286.3689
1562.7935
1677.7163
2528.8902
2452.9461
-293.49746
2614.9516
1290.1124
941.95373
-94.620249
953.53586
2115.5788
2424.7841
1282.3772
731.78933
2182.3936
2450.2337
1480.159
1511.9285
1784.2755
1607.0757
711.43774
2480.8947
1879.1633
1732.4935
1828.6825
967.33749
2244.7411
2569.5583
99.827528
1069.8944
2804.9921
1086.652
1645.1727
1382.0327
1542.7259
1166.221
1814.357
2389.9908
935.87937
1939.4819
-26.671588
1707.1616
1719.6468
-622.41281
7086.8751
7435.5306
1858.3353
2348.8237
5591.3162
2644.6562
-458.94938
2081.1321
2602.2676
1549.3233
677.67968
1984.0654
565.09306
1985.1241
2477.8104
-305.24377
-649.55891
2676.5008
491.9886
2279.4879
2682.6818
551.78468
1229.7786
2331.147
1872.693
1549.8006
7272.1441
2100.8973
2616.8414
1448.3171
2083.9605
569.85555
536.1046
2212.7559
7297.866
547.67147
1486.3428
1039.2126
1059.7856
-762.24798
266.25841
1426.4929
1000.6631
1697.4469
275.87263
2580.4111
1526.8096
983.87559
-403.5268
1566.972
755.32665
508.11033
2711.9145
837.04116
1795.2254
935.34836
2439.5258
1931.8193
1452.9977
2178.0844
2299.1252
-23.3177
1575.2733
117.58777
544.99408
299.63107
7036.2711
6922.5336
510.86446
681.62423
1726.9974
554.93447
892.74034
1642.5844
1303.2874
453.23746
1297.4285
-269.0619
1099.6334
-421.92909
2628.6342
1596.7647
2110.2437
2890.208
518.75914
7079.0809
1563.1462
1823.1607
1655.4422
1953.826
1656.9208
2550.5736
1944.1485
1424.9808
2514.8781
1652.2837
322.55992
195.1495
1042.5549
-231.76069
2155.779
891.7226
-481.49307
7175.5495
3253.7923
2035.6975
2741.3748
2154.2698
1097.8105
541.73188
1033.8596
1409.0858
992.36065
2213.1903
-38.012225
629.18513
1907.9639
2873.4639
-707.70343
1087.0175
-192.80227
423.85465
2325.5034
480.06645
2160.2448
1378.3497
1057.5018
1644.4274
1168.3655
5708.3716
597.21716
106.90815
879.77772
1089.8272
3093.4105
689.81411
1878.6186
2569.1157
2168.5031
629.92235
1021.3106
1173.8976
2060.2785
1741.5231
737.52866
-181.15143
1341.7539
847.01308
2493.2523
979.9388
407.43349
1775.8438
589.63974
2773.0498
628.51467
-738.15811
2619.1028
2662.3772
1750.0732
2503.2069
2571.9102
700.12364
400.34107
643.18232
1634.6767
823.00092
805.56276
441.49205
2556.5753
729.39692
1547.1137
-31.360895
1436.643
2744.4117
1292.3956
2041.8895
596.48436
711.6157
2095.3378
-32.515329
2191.363
2609.3061
309.92452
-44.356233
660.13685
-434.63962
-520.85794
1703.6661
-307.95098
2766.2617
1021.2856
1306.0248
1016.3139
300.37176
970.77214
1477.5649
6754.4282
1108.6897
1045.0186
1625.4978
1087.6604
2646.481
1014.2675
2240.6889
2923.0051
1226.806
-759.64211
1597.4188
2422.9255
-180.65801
245.9284
1603.2555
2640.8177
938.01881
811.0249
1408.6486
696.67593
1476.5505
616.99229
-306.3522
488.19435
7119.1538
888.78069
-136.66154
573.80122
1350.0099
2594.4883
373.21239
1977.9809
564.15801
7468.4342
86.688201
2100.7405
604.50933
953.91392
-564.61578
698.22081
2653.0476
2787.0013
1193.3073
1802.0814
2566.7387
1982.5571
1520.9499
560.85961
1858.5615
2193.4424
780.95696
2864.1323
930.26468
1469.5395
230.40776
2490.8917
1564.2248
1408.6008
650.34431
1067.1403
1336.1737
1510.9397
2660.3858
1313.8135
669.07598
-954.457
2346.3794
1570.4285
1060.4596
637.68261
2151.4988
1734.421
2433.7744
1423.9356
1793.2249
83.917267
849.94993
5415.179
1230.5145
1532.2516
520.7087
580.23036
715.70547
2473.699
-482.92463
517.02333
-269.04673
1388.6174
2147.9756
1105.9778
1587.7334
1965.6025
274.03712
-123.72576
924.22248
1341.3314
1739.9787
2204.4514
2352.2682
1252.5536
1431.7405
1058.6173
2188.1436
753.31706
-653.46736
1460.9957
1942.8929
1074.8225
583.81739
1018.7878
1684.1071
2458.166
2697.8795
407.5102
7022.1464
2218.4264
1295.0955
1388.4469
50.086817
1277.6805
1747.3306
2018.9147
1145.5675
2783.1312
2451.7179
1081.9261
1510.714
1377.0938
489.2092
2767.3618
898.25515
847.7889
763.49922
552.83105
1719.881
284.5832
422.76294
1551.942
1602.0927
256.16186
1363.0074
557.39817
1212.8507
-193.24876
1686.2577
1265.4858
978.86676
760.76752
2057.0934
2484.8643
2475.0819
405.33298
690.0941
1417.1274
1251.4569
7015.7596
-121.53678
691.74017
1651.3291
262.06218
920.34583
2159.9824
447.88117
-238.87361
1867.359
1211.9688
727.94195
539.88787
1524.5252
1677.9742
1243.9258
2499.9833
2425.0838
-385.05187
7280.3097
236.62578
361.68433
663.32528
1879.5151
542.55721
-6.7313505
647.40954
2247.0545
2061.6374
2314.9674
2606.7586
1506.0257
1052.8169
1748.2652
1294.5357
2407.6296
2640.5421
2680.7521
520.15634
1745.6605
527.88027
1569.2768
2323.5581
657.07416
485.14241
2299.0378
762.00404
412.8994
-459.17662
2640.3722
613.2493
293.24795
1666.7097
672.19416
1764.7469
530.43757
1714.7382
1238.2871
2558.2882
1803.809
328.08932
1380.4008
1359.6291
730.26542
2800.3159
1252.3994
720.33699
2828.2952
948.50597
847.04855
2095.1492
-1370.4485
1151.6184
1917.3156
125.29758
874.98299
2502.8965
2217.232
2771.8284
495.91662
1292.287
2700.1832
140.84213
1273.0028
497.77787
1360.5042
1082.4942
416.23348
-717.07695
592.58927
-419.54762
-90.189196
88.952556
1677.2666
7019.2197
2276.0336
1984.2651
1616.5493
5530.956
801.47462
1108.8382
554.3831
-528.61943
276.39811
119.61004
6972.3179
1583.5391
1689.7927
1599.32
1145.5367
236.837
1741.5901
1415.1923
83.170032
888.0159
2631.0127
220.61574
567.79738
1466.9991
-329.74051
443.35044
953.62543
-94.632998
-75.453886
235.10956
784.01106
1057.5302
171.53633
-574.0354
1920.0509
2769.3924
2655.587
374.04395
1692.5058
978.95424
-172.32282
1195.73
1010.264
1430.1115
1683.8116
61.865693
140.12488
-353.61447
741.19521
6969.1487
698.10401
1305.8928
524.33764
2369.0861
542.34716
805.49549
6811.7476
1611.1081
1474.6126
1041.9954
1394.6656
1159.4059
7453.7107
1699.859
546.70997
2348.4785
2046.4445
2573.8669
1201.0779
405.00638
2602.1852
1424.66
-112.90881
603.7093
7423.2427
83.257567
7065.0656
1132.9732
2768.0276
465.10421
2673.3178
2430.6769
1627.4174
1453.621
2730.6375
775.20123
1483.5093
1943.6062
2041.9442
1564.3455
23.126688
568.49798
1264.4846
1984.4089
1941.7666
-755.36849
2464.7959
443.70749
941.72278
809.38417
2429.2409
2041.4059
7374.6157
687.58217
2735.3542
1268.9028
2721.5042
1857.0337
2810.8914
2365.3894
1309.2508
1999.458
1781.1907
-36.56148
34.567887
-63.641021
7109.7093
1595.6491
1649.9552
559.75363
972.8621
1093.7744
1393.5083
28.519261
1904.9617
2597.1639
1640.5202
275.86855
998.04352
420.93009
1535.9634
3350.6364
-116.62002
2399.2175
0.92103375
1884.3152
615.82729
2487.4245
459.60827
2805.7727
18.753929
1256.9913
2149.6495
2645.3233
278.30479
595.89888
-88.734388
2696.9395
715.73256
1374.0291
1947.2953
1672.1848
709.49749
291.44551
2726.9201
842.21165
2631.3561
1272.5703
1387.341
1316.2821
1353.0487
1294.215
2803.032
7346.6288
1957.2877
2524.3286
1836.9941
2410.13
561.90972
1013.0125
1660.7117
1474.3103
552.97219
375.51847
1988.2798
609.15489
412.50446
1859.8914
1158.2111
2976.0127
1073.7201
2772.0364
2067.9127
2106.6374
2412.0794
380.5947
2653.1217
2684.9183
1353.0115
2340.8395
2599.6969
1072.2332
325.03182
2151.7695
920.50503
-269.41766
2385.1818
555.50677
-7.7892359
1344.5075
856.39367
1739.5879
-680.75616
1011.4195
2749.7079
257.0923
1843.9902
1423.1289
1021.9548
1212.1399
922.32398
1474.2489
2342.9789
519.11956
2071.0774
7043.8977
1849.8617
2465.7922
2676.97
1595.7509
964.4392
1548.8588
1501.054
1949.7221
-228.48103
764.31464
1566.7615
857.94556
1061.9289
818.85857
1277.9176
-299.71245
1739.8721
529.96297
354.93019
1330.9417
2740.0415
1478.3486
2807.4158
485.49172
556.38668
1483.0364
1408.5526
480.63135
896.60697
-123.97717
1080.9804
604.40598
2445.4381
2606.1113
1593.8388
1959.0516
1160.4425
-828.23784
2631.7564
1324.0178
2487.1238
1299.1182
1615.5856
696.63263
1017.3522
1043.2535
1911.8616
1656.4377
582.55639
857.61606
501.84038
947.55858
425.41996
668.43283
1121.3985
1703.458
1535.5264
1852.4372
1793.27
2592.5443
1209.3631
754.95958
2200.6766
2894.2528
1767.5181
1534.5052
219.71703
2291.739
7021.1189
1851.2757
1381.1181
62.145906
7444.9654
788.34066
1262.0384
1207.0564
187.24295
2571.4708
2496.6943
755.034
1053.7731
793.78673
1185.0508
1784.8323
2460.6588
884.75591
2448.8132
720.51111
1820.7434
316.65592
1728.98
1499.7013
1523.7811
2163.4413
1591.404
2299.9387
1342.8137
1828.6745
614.04554
780.48774
962.78539
2214.4278
986.59603
2483.137
804.30836
562.54077
2189.9952
895.11877
-106.61816
1463.0169
2054.6114
1259.0312
7236.1345
1146.0291
927.65859
1289.5608
1494.1192
953.66703
300.13971
367.26437
201.95072
7421.4285
2933.7109
2100.2157
2697.2783
2699.5756
1462.1476
2797.6422
2612.9771
1416.1853
-798.81904
1577.4404
900.11723
2412.8298
2253.1109
2096.2443
541.12425
60.245292
2516.4984
942.0845
1593.7184
1785.5834
612.07978
7015.9192
1856.5492
409.04311
2170.0807
1612.882
2169.5574
1796.0081
7079.3418
1007.2661
1184.8235
1943.733
484.81017
1192.5387
644.0524
2077.2905
694.79897
1555.8913
2095.0975
2730.419
773.84404
2677.6514
1220.1591
-412.07355
355.41511
2219.4218
1906.2875
2726.0487
1409.2751
1378.2267
1107.4527
1177.2106
1161.9572
2473.6007
2302.2982
2357.8108
2347.3474
1188.6845
2028.9218
1497.6281
240.80125
596.15869
2739.754
495.39188
1153.7538
275.1711
1642.3095
131.42514
2130.534
1471.7721
2633.884
7075.1868
1962.9346
607.76285
2469.4501
533.90839
904.24267
7227.2369
2157.583
1510.7182
814.4855
-739.79159
1371.8713
1289.8678
1327.0781
20.144485
-14.60708
1949.2006
1126.5554
1354.9108
2786.2569
703.39464
1745.186
764.40277
1279.1984
552.35883
2063.0723
1773.9262
2237.6544
1774.7273
2363.56
-22.063201
493.00867
2189.3236
436.67071
1551.8977
299.30548
2082.898
171.05374
766.19896
2375.8403
1668.6638
647.59488
169.08391
887.19452
2019.0423
545.25279
453.22089
1011.282
351.88478
1013.2478
828.88118
28.963121
2574.8655
55.723881
2065.9633
1406.1688
213.01832
1138.7036
1950.7546
839.63963
1008.5766
1204.0192
2606.657
-3.4404932
2765.681
1929.4967
1912.3497
7082.779
1700.1748
2113.3738
1261.8342
2524.7467
423.10577
7029.2382
-598.12245
-425.2594
1643.0789
2586.649
1206.9326
-356.03155
746.74985
7029.6517
2116.2591
407.54277
1949.9824
2360.6417
1346.9267
1458.5657
607.53189
2099.7983
830.94921
1626.3585
1570.81
834.01223
800.19199
1098.0536
1743.3095
1147.2047
822.72215
2735.2662
1039.5813
2002.1871
1341.6235
2545.7694
2424.3244
2395.3512
156.62173
1328.2651
1197.8722
2673.0015
1936.5567
422.874
1528.4949
2679.2332
2681.8154
5133.7936
1969.3241
2801.9531
2383.1038
2050.1252
777.77427
1343.7127
2436.6629
2105.1171
2334.3697
2648.5716
567.66713
927.12052
965.31413
1075.6348
-454.17971
977.07899
1727.7188
1434.3961
1886.8842
1239.741
1797.9104
2694.2252
2448.0171
1877.2903
2063.8775
6978.0492
859.97213
941.37681
1775.3045
1226.9464
2431.4705
1050.6769
2783.2608
7042.4869
2138.6863
1107.697
2743.0568
522.02852
568.44192
753.38787
2462.4925
1050.2492
-209.9997
2111.6346
1821.1936
835.38307
637.09607
1866.9519
682.24747
899.98688
2795.6214
2049.4551
-107.87002
1041.5442
2663.4584
2696.0074
7075.4804
-66.07982
1777.2542
2141.6623
7202.3595
751.81435
837.56909
2350.9929
1710.6007
705.98223
7151.3872
1568.7553
1764.4618
2134.5053
-338.62381
7090.3
889.17537
2187.398
2922.1749
3171.4422
1738.7646
485.82572
808.41272
1919.0634
2455.9778
339.10753
2665.0001
493.65192
-222.83773
1656.819
-18.186822
260.06577
1620.8216
7313.0427
1037.0995
1044.9168
1726.3012
758.82605
774.98021
2341.0323
827.3203
-169.64679
1856.6441
1740.3328
2590.92
1957.768
497.26517
1007.725
-406.5636
142.32659
-149.8552
1247.6557
1097.1561
541.80139
1522.1782
2955.1788
1232.2315
7155.6917
-182.39328
404.64916
2154.0507
2405.5963
2370.9266
1083.7564
2739.2504
7341.4396
130.47539
1540.5426
1093.9206
930.99461
1034.4126
1019.415
7096.7915
2558.096
7052.9172
2443.4037
1449.3415
1521.505
2645.3467
1656.9518
1259.1816
795.04181
1486.9406
2564.6261
801.36883
223.69888
484.93852
1502.7633
1705.917
1590.3109
2712.0642
1694.1371
2113.6352
2709.6368
1696.6053
2102.164
-505.9249
2607.1152
170.99543
1732.9401
976.36193
825.40151
-2334.7302
1427.3681
920.83598
504.26396
871.42541
1323.0475
1897.5696
1093.8212
867.04775
2819.8724
1496.9491
2111.9519
1921.6071
2463.4581
1601.0552
2555.7754
1673.4328
1154.3023
812.59363
1018.6894
2506.3531
740.81547
1450.0463
1129.3335
2631.525
-22.129937
2297.0298
-427.12777
1332.3292
2026.2758
1401.2753
6798.2393
2364.7124
2966.9816
-828.54777
738.57011
313.09205
3103.3433
503.98975
964.65791
2107.8061
1136.23
1579.0047
1085.2047
1987.5165
2702.2815
1067.7321
-90.632559
1314.4653
1831.4461
1553.6163
1236.5614
403.51082
1191.8236
2296.251
2898.9705
1776.4172
7472.4625
590.6083
635.81228
1979.3027
2813.826
1295.1014
1851.8824
2072.0964
2939.8085
1250.2688
7053.3857
701.85483
2155.4082
2782.1837
1332.2724
2580.2936
-204.27658
1369.9668
1647.8662
1057.9606
1618.1668
-693.08252
2118.2062
1035.6815
1798.7482
1352.7197
764.24904
542.90911
1166.465
2298.0458
1480.2267
1485.1455
2108.4084
2123.1487
2613.3956
2737.3662
2316.7249
2657.0897
604.71942
1644.4938
2661.067
2118.2365
773.68989
6777.0058
-314.08553
889.5685
1687.4514
6843.7184
720.7162
1234.4174
1239.5685
1536.8911
2742.9819
1055.0595
867.80203
1927.3013
1795.3548
892.34893
596.33732
859.66321
1489.9918
795.3323
2635.0732
2425.1142
762.63199
5131.2594
2207.6018
1782.3879
1822.1093
2144.9397
1837.2457
1775.1913
7084.7741
737.46541
2282.8064
755.16829
0.58885658
1951.325
1339.29
724.97374
2237.8398
2007.9167
-357.73884
1796.95
883.96142
1536.1992
-321.89774
82.203353
1894.8283
856.7345
968.55245
1936.393
595.82497
1965.4734
2660.9078
2705.6779
785.01518
1011.3704
498.46586
2711.0737
1337.7391
1999.987
228.0602
813.41108
2300.8594
1142.5585
772.01036
2336.2409
666.94528
873.96684
2249.6717
445.67267
1298.9638
2159.3048
847.87931
944.59112
2365.6189
2584.9562
2621.0469
2554.4088
1511.3317
1633.7
2579.8719
603.00402
2408.6852
1150.9317
1630.9803
2132.0367
897.87334
906.91536
-940.76311
2541.0743
2346.0933
-217.06532
2924.8108
2119.0821
2653.7026
1829.1449
284.63007
185.57673
2149.1883
475.16436
219.50793
7028.1915
1578.392
1864.1841
7263.0412
2625.9535
1742.7876
2948.8768
593.42548
495.04651
5785.4154
2455.8638
2015.4099
750.57821
2649.8384
2471.7412
1895.8733
1388.5184
2112.0681
2190.5138
-138.95347
2430.8257
1861.6866
1950.6382
2102.324
971.72424
607.86004
1970.3744
1795.972
1728.208
2415.7017
7522.7298
2089.7425
1805.1552
2431.2566
1493.1444
1587.4895
1152.1911
1367.629
858.89764
2423.7821
1303.8276
704.73013
2587.6395
2602.4763
820.82099
5853.6884
429.43831
2211.7626
2584.8973
147.49368
-463.54955
454.06005
-121.23913
590.94601
976.78949
1711.2835
2265.7978
2811.6044
2127.5967
1418.6308
370.74772
960.16918
2753.099
824.83683
842.00388
1845.0428
1718.0164
-309.11423
1421.8388
1177.6975
941.79737
1808.6318
6766.2195
1621.1656
1788.7936
2265.0036
610.53451
1087.2919
2597.0595
1327.1452
1526.8507
1985.8157
2127.4862
-226.88592
2794.3782
1285.6409
758.52035
2525.8435
1190.5132
-117.51306
1319.1208
956.54051
1383.594
2815.8617
1587.0119
2268.9373
1393.5012
2521.9293
1178.9571
731.76535
726.73763
1057.57
1098.8243
1551.0283
2343.8612
1825.6779
571.99678
-718.62157
2601.5634
1548.2055
686.2308
2414.5149
2027.0486
794.66847
266.68401
2094.5786
1005.724
1311.4203
1466.7981
2820.6231
1102.2263
577.07529
2404.2683
1037.865
-71.707528
483.4203
-793.94703
7415.4334
1962.268
2148.1331
1004.1273
1509.1132
6255.4024
362.57886
1274.6373
1501.2155
291.28251
2191.8103
1058.3498
1931.1874
2265.2042
-345.64681
1642.3059
35.31395
2367.2237
-1155.6531
-168.88212
537.06499
2842.1198
360.6181
7025.1341
1179.7211
1576.4676
941.08621
2075.7863
2219.181
2188.9729
2309.2495
586.99403
1041.0181
247.08342
7031.1211
1588.7993
2138.6164
696.86111
1272.5385
800.50878
945.64858
978.44719
645.74389
1377.0087
1340.2064
549.36886
2685.2862
1953.5469
2350.1867
2169.3499
710.40528
1752.1984
2538.3351
605.23363
2461.6847
1474.9052
7017.6112
1371.8148
671.33716
1363.8676
1571.2939
2437.0046
2083.8346
1479.4793
2437.0639
644.41165
2151.7825
2679.2973
1502.9035
1179.2453
-143.54423
257.32153
1993.5865
1914.1118
2027.7201
2091.1938
1770.1094
1326.5133
1221.6929
2351.7882
2717.778
1993.9014
1602.7174
5331.6728
1570.3928
1088.7673
-1007.5872
2551.909
317.80013
-457.71612
1813.1405
2668.319
1828.5774
1442.4929
1725.6725
2555.6356
195.70535
86.867639
1126.335
1662.5501
506.4218
2640.6965
1466.0907
1100.0082
775.06676
1770.9279
-171.7715
2292.5331
771.70939
-226.59155
44.106625
1541.4244
2175.1006
-1318.4402
1984.111
2301.6655
1591.3225
869.83853
1731.6251
2295.6111
1658.7415
2525.8152
1580.7291
487.32838
1454.3304
-119.27728
2508.9217
1975.0914
484.75455
833.60639
81.850169
499.14182
1943.5097
774.04231
1433.3567
2508.5439
2074.0652
605.05658
1979.5455
7605.4327
7102.0607
453.92231
2648.7794
6477.4274
1834.3045
7391.5521
-238.46275
1097.6902
1383.7713
2863.3369
842.96244
7581.787
1424.3729
874.89249
311.67332
1577.955
6764.5465
-466.6441
1283.5929
2348.8076
2557.706
466.56346
445.14151
661.94676
2423.9246
-157.21082
2762.1632
2285.383
1451.1811
1758.0313
2907.6491
2498.6895
2658.3592
1210.9258
1429.4127
488.53002
433.338
470.42512
1318.4118
1905.5171
1902.5753
1816.9846
1606.8713
1271.6899
2029.8858
1816.2447
252.21889
-77.439818
1133.3472
2072.3677
638.56157
1839.7875
790.51806
632.71178
1442.6967
1696.3947
1214.9078
1507.0008
1104.9472
1514.5304
1121.0282
2689.5754
828.71393
2148.1649
871.54515
2479.7513
1933.9305
2246.1075
7044.6994
1669.9503
1784.1183
2285.7589
1924.2084
2402.2399
7088.8572
1363.129
1945.4308
-33.524173
2239.0491
1699.0687
-215.58933
2445.9157
578.99805
2804.3566
2197.1048
1106.9734
-206.70158
2578.1996
2334.1463
2431.3139
1681.8667
823.95231
1588.9555
1620.8657
7373.9626
1312.7995
2594.2775
521.92271
1558.3632
5853.2456
1729.2198
1099.6999
2137.1209
1638.3812
515.26351
855.60631
96.454847
205.08638
1382.7818
1361.8719
2462.3929
2739.3329
2514.8516
532.79389
922.50861
2358.7974
2213.0007
1006.2082
945.08513
1907.33
2396.2773
874.67456
-1.6035261
2212.2499
2028.9323
249.82313
1119.2301
2241.2887
403.18044
7436.8604
-802.38941
487.54988
2411.9104
629.55478
501.7566
835.83652
-788.0945
2404.3052
2329.7786
1210.3943
868.03654
2363.4575
7309.3367
1560.404
803.05346
1759.8795
2636.4943
1368.2127
1155.1857
1595.1615
1909.15
1295.947
916.96043
2523.902
2768.7894
2091.7698
850.12599
2800.2755
2487.6966
898.79642
1666.663
2396.1465
48.192329
2870.0986
1749.3843
-568.64266
304.55673
1439.6928
32.103925
1242.8173
1317.4931
850.4747
1732.4367
2383.7585
125.10515
110.77642
698.52198
508.09512
748.78019
1368.4519
2096.2338
1347.1999
-319.38371
2719.822
2214.7545
973.89262
4924.1623
2650.587
1808.2339
1890.0933
2703.1533
1739.3432
7059.5192
1753.9785
1370.2544
2520.7709
1305.8659
1562.5336
2424.7222
7383.3419
1534.6629
1181.887
1718.684
2731.9221
2444.1995
-0.96515971
1435.4947
6729.5173
342.43564
2344.1367
1085.1143
890.85162
-790.60356
1903.2319
2868.8187
1367.4529
2593.5208
2115.3174
1870.5322
1760.5745
733.46596
1491.4359
1945.472
1874.3143
1819.5243
-46.376744
2353.3207
633.64949
2000.8778
2827.29
2128.0181
2680.5536
1991.8371
1128.4024
1643.7353
503.91658
2522.126
1472.5406
733.31426
635.54943
923.88887
1923.4474
2012.3542
1566.6322
2711.8689
2493.1298
616.2275
-87.155332
2195.3029
1944.5998
1398.9445
2015.065
2349.519
1285.5406
624.80261
2389.3612
1101.7123
7081.9418
-129.68051
2071.779
989.7057
2637.6729
2661.1213
285.96253
251.89888
1121.6654
1194.172
2444.418
1266.6209
465.63589
980.35269
503.52395
413.97877
1522.4719
2341.4828
2541.6118
389.39053
2746.727
2424.4353
1318.5382
2500.7351
2543.7302
1398.9751
1183.0402
1513.1374
309.96494
2569.1236
2607.1537
2236.3442
466.60628
2660.7064
6992.8843
1059.1319
1269.2798
1362.3393
328.59852
2335.3723
2432.9219
2263.7961
1072.8662
371.23037
2706.2104
2750.9562
626.44276
1537.0237
408.06559
1597.9715
-295.65148
-147.6075
2728.4701
2386.052
2591.9183
668.43684
1740.4139
1034.8461
2459.0744
1302.1288
2298.9858
1187.106
1856.6254
2864.3611
2192.007
2404.3016
604.5332
1959.6841
683.04985
940.6317
7217.5652
1580.406
2876.2987
370.18048
1763.8077
669.44725
377.62772
7102.4417
2432.9873
2102.473
2239.722
724.10241
1327.1973
2029.122
805.83865
1941.8992
2114.7459
1121.4695
920.92877
1834.7759
1817.9895
1554.6334
2128.9201
1118.532
2577.6179
2386.8155
286.78331
1626.5961
685.79086
472.60652
1450.4436
991.8507
2136.8317
2552.9112
407.75997
1895.1077
1853.4629
505.25293
1750.7505
758.05098
-134.07229
1268.1644
430.84532
2333.4573
622.93637
1926.5871
-54.294011
600.60337
2401.5472
2038.0847
2166.6821
2275.5151
2011.3782
2291.8995
1988.6987
396.43971
1022.9315
-178.14034
153.05114
1603.1039
1298.9306
1154.0922
2187.3656
237.04587
681.40528
397.97345
2599.3631
1609.5068
669.43771
589.14948
527.51982
1864.913
2337.3941
2141.4908
7000.0305
1639.2412
2092.3762
981.64959
607.78894
1545.5204
739.62908
1296.2907
7025.8615
1383.5473
2099.9059
1402.6008
1140.9839
460.20749
809.35457
7151.0502
727.36731
1015.6748
565.14374
560.22087
1791.5599
1807.507
2164.1937
-193.83474
1654.3224
2032.2965
1430.0266
1956.433
2106.9983
681.93949
2159.8524
2797.9058
6951.2241
1532.9966
620.12269
2887.424
1886.0922
2387.4043
366.29039
2031.2146
2913.1895
6992.1917
822.51704
1484.2247
687.72375
2411.3623
1740.1753
2177.8701
906.08796
871.4358
982.1806
1567.1242
943.73054
6961.5104
-1653.374
685.79847
1351.6319
6355.793
452.12686
1348.579
-193.83632
2343.4071
1247.7382
2354.0789
2388.4297
59.802015
1195.8175
88.24516
669.56744
1109.4619
1496.7001
2576.5181
1230.6482
2658.1166
756.55066
470.82973
1385.8671
1872.7664
-939.01374
1374.5171
3007.8716
3015.9084
2385.1961
1316.4414
1000.992
1777.6161
2767.6435
863.22401
2572.8418
754.76409
-246.34383
724.09395
772.43905
423.82037
-605.65225
3011.3368
545.46659
1539.9752
2187.7884
1780.6009
190.1198
403.40523
6.8347153
-315.20085
909.74236
411.7398
552.33879
370.04939
1655.0058
861.74883
2085.3096
1525.1036
1791.1249
611.6275
405.95723
54.273698
1590.4866
1860.3747
1569.9928
2436.2871
1726.465
983.38402
1423.1416
2587.2935
580.13892
917.45055
1697.6395
2199.301
1519.0539
1438.2551
429.40574
1373.2225
688.56667
878.65568
1968.2721
105.0986
856.33741
520.55884
703.95164
2296.6628
859.79904
1644.7894
2620.5708
877.6951
473.46328
2330.7176
2039.8411
1611.0586
2417.0723
761.18064
2678.1009
2380.9141
1363.4979
1665.9436
1031.4754
428.87553
2101.1019
956.57388
1496.7609
-6.4965396
561.5554
7185.4466
320.22738
1146.0411
832.66686
452.87933
1666.2391
602.56779
2293.8644
962.72623
2277.1518
678.13387
772.10184
472.43336
2922.3065
1212.3334
1911.0354
-224.8547
2050.8661
371.34089
-31.767395
907.9412
1906.5477
1824.845
1379.2217
1983.611
460.415
1379.648
7101.1221
7539.4365
7236.5003
1978.0527
900.82548
2525.0799
-296.6124
818.82767
853.64482
1174.2853
1794.3013
749.75571
1456.6787
2062.3691
2581.6255
138.56227
1515.4445
1320.88
1380.867
2205.1361
2390.2067
1126.8054
2530.343
1737.4207
2500.2237
2440.3647
1612.3556
657.08368
7051.8332
631.77145
1017.6359
562.38692
1379.4925
910.77432
2348.1806
811.89072
6213.1798
1613.5716
7029.3163
1039.3773
1896.2553
2348.4728
1773.2891
824.17273
1833.6135
2069.1118
1077.4513
1537.8996
1036.4385
1497.0257
1384.1539
-489.60319
685.65432
1695.3254
1657.6089
545.49917
957.79259
-230.70527
2367.3995
1706.0174
7439.6795
2545.7894
1919.1375
-143.84143
2130.0763
511.49479
1972.4822
1935.5627
1525.6784
1391.9975
234.84492
2005.3436
1627.8068
788.98848
779.77008
1321.9286
1568.7559
2521.9816
830.21106
494.46291
-153.9747
1791.1509
583.9749
7030.4382
2314.7262
7399.4481
110.47238
2296.1852
1599.8994
2294.8741
520.37596
1845.4592
2549.6812
1802.9104
1289.3654
2560.8454
2365.3167
2058.9831
329.60817
1606.7654
983.40684
567.5691
452.91884
1369.2609
2548.4638
2081.9096
2205.3875
1477.0328
2543.8766
1635.4655
330.58223
1856.4693
1116.381
152.90465
2475.768
2936.7108
2133.9161
2814.138
1478.1345
243.87212
2147.8793
-201.1422
367.20124
2801.748
1555.1604
1093.1103
1834.8777
2056.8054
2376.8819
1520.4226
-493.07407
1823.4007
-217.47833
604.62428
2784.6359
6034.9066
881.86696
1717.2405
2653.9812
1501.4246
1767.175
2641.2323
1309.4399
7546.6506
666.15234
2462.6357
38.378444
501.69532
2121.9334
268.68496
679.63601
1868.3332
2595.7125
-298.1669
2647.0565
2305.0494
-139.59653
1667.8917
1477.6131
1299.5075
-50.778599
2096.2585
14.921428
1572.5032
2404.8772
2822.2475
735.73521
622.81051
1334.8602
2269.7222
1309.6966
2303.5527
-174.32506
62.169713
1249.557
1651.4763
2610.1004
795.64294
836.13447
1307.4931
7.1903475
2886.4816
-135.36183
896.85148
2323.667
1973.459
981.6172
1009.3068
2130.6213
1345.7991
6.1616807
2543.5008
1032.0549
311.84424
588.24041
754.28697
59.811741
661.99383
483.48026
1147.5775
410.12405
1154.0112
1779.9774
88.823298
2392.3746
1093.0421
814.92366
898.58623
2067.3901
1977.7592
490.34457
1149.0302
1746.0832
890.16043
713.17962
2854.7346
2552.4747
-623.84182
2301.0366
578.41121
2655.0018
7042.4034
1176.6827
1356.7155
2761.0286
1104.9401
1067.3571
1253.2028
793.96559
1534.9612
2636.2981
270.43065
1107.0834
2526.4064
2733.3566
2201.9919
1225.6088
217.38807
1858.7383
2095.4499
679.59385
-227.79009
2451.4155
-187.1535
2459.6809
7233.9458
2020.9922
1501.8443
259.53046
872.28787
-319.20734
1189.3405
1094.7106
337.16596
989.94378
6403.1787
772.97499
1101.1618
487.886
1806.458
2801.8245
1931.5695
868.96072
847.26026
2639.2663
-319.25304
1812.6566
1764.5031
780.95745
1166.587
839.12256
1855.484
860.72645
1004.475
2810.8456
2486.393
903.74703
1429.6676
2400.7315
2402.9437
2689.905
877.6368
1836.0998
2203.3264
2628.9804
-696.29282
2274.4281
2437.7373
1657.1165
675.30628
1213.6605
1696.2949
2682.0325
1508.1306
1728.9014
-244.15512
350.47437
-602.87626
-189.59943
873.14096
2401.9913
1659.5327
314.03068
2635.9147
1372.0813
1454.7877
6836.3407
8.445778
604.026
494.70289
1738.5378
3117.9788
2460.1922
2849.2398
2175.3419
2860.3486
2162.8718
1738.5228
2684.6635
400.42169
196.64727
1618.2431
1354.2401
1796.1757
2061.2012
2194.9504
7002.0041
1600.6339
2475.2185
414.58152
2437.739
945.03585
2779.4153
1442.3759
1338.2061
840.0371
473.04165
542.75103
7144.0323
932.15627
1213.3329
1939.0409
193.42143
-623.42159
1041.9135
2108.1943
2570.0471
2767.0386
2251.9418
784.81376
2436.127
842.00258
579.45392
1355.4612
1502.018
2394.8674
528.36564
130.71167
2809.3213
784.71547
2111.8373
1114.0187
1051.099
1891.7985
1184.3915
1005.3717
827.48579
1675.0823
-46.497521
-11.272302
2214.442
1286.1381
1342.1007
6996.9291
574.24244
294.80198
2487.6125
2799.2345
470.8132
2265.4425
52.828699
1964.5442
1513.11
2240.8779
2162.9031
2055.4183
1087.6762
2725.8526
1217.1419
7191.8932
1263.8622
2309.6974
1893.2641
1780.513
1467.15
7253.2527
2659.9787
536.02217
860.0741
2206.6095
1194.6091
2646.9351
2606.4447
-812.22428
210.523
1222.6002
867.58671
1106.8416
-255.58013
2683.9497
2868.9785
2222.0755
1317.5178
2538.3415
2307.7455
2799.7637
2382.3156
903.43516
626.30437
2246.9195
1867.7235
750.72089
1035.5619
1127.3904
1883.1995
1204.7434
1.4870787
2244.1053
2482.2902
1621.661
7170.673
733.944
1504.853
887.40692
2760.6668
7046.3921
2654.3295
2500.379
7122.7507
2631.4851
2602.9868
2272.8098
1585.9869
616.95161
1621.9592
1642.167
5611.2174
2016.0721
1960.9327
303.08109
401.77689
2596.3502
2322.2334
612.55168
2192.1065
2126.6007
1773.1594
1902.5614
2053.7959
1213.807
1946.8832
141.7751
1068.1171
1353.0424
1053.7184
2645.3625
2528.7271
1940.7379
1460.1227
489.58072
412.42396
698.57432
1882.3921
508.75124
1844.2991
2460.5729
810.9778
1773.9004
63.819425
2015.7383
1846.4023
2383.8969
1185.9577
-782.77077
979.07477
-495.29777
1761.6328
1001.8573
1041.4152
2075.1369
530.0898
2418.7919
1446.689
1140.6495
1623.3351
1186.9012
348.0991
2289.0813
1679.4092
1047.1845
1874.6455
743.15505
2730.1478
2463.7967
921.31635
1868.0973
2709.4346
-221.232
755.67379
404.02988
613.10447
2700.0386
1115.9623
2454.2814
1572.0951
1787.1384
359.28817
1895.6915
1351.4112
2612.7437
1977.0778
-69.522235
248.80482
2786.7824
2369.0208
2000.2302
2542.7316
2521.5941
2580.3761
1103.625
518.05362
682.93308
2773.5848
2333.9881
1483.9988
1151.7793
6858.3038
1762.6834
1566.902
2.3772405
2454.1077
904.80552
511.04175
2135.1296
2546.7934
1653.6831
1651.1661
885.09747
2508.0169
321.14587
1473.1727
2155.455
494.05039
2524.1047
1042.8164
2010.1333
585.25238
2154.9848
7166.7519
1715.1068
6813.8285
1016.0522
2744.8643
2637.1339
1451.6853
1972.7507
1553.3121
7371.0859
1233.5626
2289.1406
866.7717
570.12525
1369.8873
1306.1813
1944.1159
1046.251
2650.5335
2824.7985
1312.8366
256.54441
1658.9049
2024.1001
1790.6137
7475.4748
2446.9002
2366.2956
890.78281
1295.5346
1482.4423
1193.5591
1895.3315
1387.181
1386.3292
32.914523
521.28562
2224.3028
2062.8731
1704.1974
1939.1996
1392.3599
1424.9545
1718.4709
7558.1895
1597.3985
1691.4733
395.66016
2528.6908
716.33895
1109.6491
2560.2388
1902.4353
2360.733
1676.9226
61.851333
1800.1752
4474.0741
1362.534
1606.8682
1430.0285
2101.582
910.27284
1104.7592
1578.0619
2390.006
2450.1263
2677.1679
293.14667
147.57424
2327.6988
757.33975
1401.6666
549.73989
7196.7374
7337.0549
665.61094
1213.9879
417.03678
899.96496
2849.87
1243.5605
176.65219
1982.7866
751.00009
1311.1482
2009.2284
1706.1723
1474.0643
1213.4315
2513.3927
124.10451
1363.5666
1860.0028
-18544.424
0.51959689
2305.5948
2670.6615
1571.4281
1663.7969
7399.1873
2485.2277
152.49729
3102.6339
1924.0146
223.42478
7377.9922
621.77109
2109.2166
2017.042
7520.5607
1784.4138
2676.4033
1589.3132
1100.3372
1822.7058
-704.57434
854.96484
2557.9907
2796.4188
1237.2617
582.9703
1219.8471
246.86438
908.57047
496.73973
2658.2467
1224.2602
1995.7752
2554.0682
2077.0546
1238.3927
967.55721
386.95561
519.1633
2872.5025
-584.89367
1857.7142
1102.2639
2629.9975
699.35594
1142.696
1692.0519
12.164207
1014.3292
919.86912
936.10299
2449.5398
1897.7434
1707.9903
1384.5396
664.60779
609.54465
-268.58273
3008.8668
635.96262
4477.9287
462.55681
252.82555
1638.1039
1316.0475
1996.5253
3188.9751
575.95808
-216.5588
1462.1854
2530.1494
781.29402
1847.5246
1497.6629
-758.89411
2732.8447
2124.9131
-604.28815
1759.1273
1375.6091
488.84497
-137.47976
2663.1807
7165.2977
2421.5017
1488.3678
2929.4597
1999.8174
1151.099
2325.1125
-329.20014
161.52152
2305.387
2867.3974
2664.1765
843.81029
2915.755
2329.748
1747.2342
-171.94207
1059.8394
1694.7654
896.49963
1645.8772
1001.5323
1546.8692
1227.7447
1739.1666
7014.9193
1137.1087
500.13073
2823.1221
2643.8399
-595.693
2184.693
1233.1309
495.23904
2383.8545
77.920089
2783.5307
1321.8957
2891.7192
598.21516
2661.2562
2880.6483
-105.24166
2627.9533
230.68555
2524.1468
967.47844
701.95488
915.81911
1284.9312
1236.1965
2744.7981
2519.6001
-785.75062
2427.7002
1884.1417
475.76763
1750.4548
1226.6127
1770.3588
952.1637
-123.41566
1811.022
2066.0541
1117.2663
6770.505
-130.51776
1704.1331
7108.2368
1474.5704
456.3511
-244.20698
403.34884
-42.874078
545.01267
699.82538
1263.8518
1811.6145
1058.1614
1776.2288
2290.63
1063.6957
1602.7409
2467.168
750.69583
1233.0162
689.2455
1195.8498
-326.12669
1841.1642
559.7438
2562.93
2533.118
2796.3983
1393.0474
636.87194
1278.5189
359.59922
1962.0592
1805.4699
2394.093
2280.8652
1834.9688
1371.7479
2359.3975
1564.7651
1143.89
1067.6344
250.62551
1455.1088
2196.3005
864.43593
2747.065
1427.8632
2468.8339
2495.4
378.9255
1356.4592
1014.4936
2647.0428
715.47492
2027.5739
1500.7338
2638.9235
-548.54983
630.79322
960.89286
581.23677
4219.413
2787.0712
2492.5895
1871.5887
416.91772
2414.7355
1589.6213
1802.3051
2332.2811
1959.4328
1781.8837
551.39677
1739.2945
1071.3375
7270.9124
2001.8729
864.11544
339.4966
670.30276
933.5858
2713.8969
7214.6537
1901.9025
742.49914
2594.8282
-121.84114
2591.8269
2584.27
1509.9334
2377.6572
559.73527
997.31065
2366.9195
1903.1122
-629.31239
1481.1208
1224.417
2565.9809
473.81576
318.98901
2093.427
550.08043
1696.0456
839.85403
2684.6913
7408.4361
2186.9825
1021.4624
1430.2914
392.18745
2401.1464
638.70476
1709.5064
-31.966192
561.40224
-151.92005
7089.1796
1473.1694
1832.3302
1892.235
-686.40177
7180.6675
738.58507
2203.9154
6987.1004
1591.9113
1930.8706
-32.079752
2211.5072
1665.834
2099.8756
783.52108
2068.9467
65.476641
1636.7662
1420.132
2.3130696
433.24776
2156.8132
1096.4209
722.21656
640.1795
1358.389
2536.8399
2187.2169
459.64172
2246.5867
-288.36343
2510.5626
2487.868
923.77795
1462.8432
2162.1676
498.86784
-37.361827
1763.0935
985.63739
-370.35532
13.470467
2356.4779
6795.9487
2370.7054
1673.5081
1371.853
2797.1732
1918.7852
1054.4308
2047.6811
1741.2299
1350.7087
1616.5932
1958.2735
-363.92802
1242.8325
952.1046
1330.0311
1113.125
2826.8494
2758.7068
-229.33692
2097.1475
1185.3833
1381.1407
1213.4012
1665.9823
1565.2766
74.587439
1076.6174
-201.15813
1376.2149
25.950699
1121.7542
77.356438
2127.5549
2235.929
418.01012
1525.558
7373.3039
1330.2203
1314.0842
2773.1388
718.18699
1539.1765
2371.465
2079.8905
2911.1783
2098.0227
1556.6197
7504.7337
2618.491
729.34866
2529.307
2590.6086
245.39264
422.35983
528.73392
1220.3596
597.35583
1320.9608
2036.9498
1105.1469
39.721757
2833.3118
6754.8411
567.55108
281.52165
2712.6805
1020.8146
1503.9561
1477.8168
-686.17979
2133.4008
141.87612
2699.4933
1068.9948
286.32451
1860.9995
234.01498
1915.0089
327.75342
1963.3069
1912.123
2484.0901
421.60581
1622.6702
953.91594
7164.6949
1447.4019
128.93729
468.80145
7038.2051
2744.871
1594.22
1460.5956
2690.2256
982.43976
1871.6903
414.36804
1442.0913
2696.041
-729.9666
2510.0743
1510.2601
902.97597
256.52137
611.29951
1667.3133
1592.1196
469.73588
1561.409
-20.199126
2041.6085
2513.2024
670.85575
1173.8769
1530.7837
1889.0858
1997.712
2066.0458
-197.89156
1049.7396
7259.0515
531.26225
2133.8532
2133.6222
1982.2288
2156.3083
2669.0562
1612.9103
1921.3282
108.90251
1567.0887
1303.3274
1733.9206
286.73085
96.160464
677.52322
581.20201
1490.6479
2425.2649
145.4581
1683.8323
2527.5903
1901.7481
1000.3063
1885.9217
455.00315
1324.1484
3043.4644
711.49059
-723.32501
1769.5538
1327.4179
2406.7728
2910.0689
968.68049
175.44875
2134.6559
2252.5868
7437.0581
2080.3675
2461.1167
1687.818
1285.5289
2754.9863
-141.89914
-272.92
2600.0762
1762.8824
1457.9142
-170.60606
2942.5231
2015.0422
-112.45506
815.56485
375.16784
1040.0451
803.01415
976.20977
569.41085
1736.1281
2538.6536
2310.0802
7034.2144
1429.6419
320.40142
806.25218
-29.79064
1057.5563
2215.3246
2846.0518
2672.5473
2660.6955
1713.1932
-730.47812
2483.4044
1875.0874
1405.7443
3003.8944
1098.7749
2142.7514
710.44467
1902.3222
1474.0963
492.28554
2348.5791
1968.4467
1806.795
742.99323
507.52218
-109.8458
1886.9092
1555.2633
2643.6092
-265.79784
2629.0125
2675.5099
1105.3786
507.26845
530.41346
1200.8433
1066.4858
2409.6138
1402.7038
2068.7611
412.12384
2456.0424
-841.20089
493.19862
2888.2697
1084.1128
2861.8363
2452.9422
786.62891
-110.6722
2176.3218
809.02544
288.53671
2550.359
537.1879
-170.25387
-503.72956
7037.3722
1774.7314
1690.4965
159.37788
7247.066
286.23367
660.6073
2287.2751
1587.6812
505.67812
1753.3525
7100.6121
1077.8559
2785.3841
1470.9118
1167.8074
1767.8407
1167.9801
-1154.9978
2176.4275
1383.7887
281.17827
1350.4086
6986.2814
1528.717
1836.2715
2251.1105
548.16897
795.09377
-425.02108
2119.2484
1338.5384
574.92731
1836.5768
914.93155
2219.2298
1912.9465
2119.6024
-519.4647
1940.3648
2290.9699
1374.008
2224.0767
1503.5287
-178.54023
2876.78
1497.4357
2007.213
1683.4162
1349.9954
622.28196
1033.1472
940.03839
1701.8774
1494.7552
676.45352
2686.9202
-57.575632
2777.7262
2861.8042
7299.9581
663.799
-505.85465
2286.2165
2323.7323
1167.452
2430.983
646.62157
244.3947
2729.8389
2221.5479
910.13127
1806.3273
1355.3535
2237.8832
2388.3487
2270.8073
1952.1466
1831.6026
1646.578
312.85786
2085.0541
2113.6197
1077.1174
2309.1942
7044.5323
2389.6133
2455.2772
5.1894582
560.54674
2605.5558
2372.4037
562.67359
676.51276
1828.2359
1200.9094
7193.062
688.37576
-51.774376
1855.9693
1666.7362
2585.9409
2027.5138
547.58175
486.73791
1135.3598
2692.7238
866.80348
805.67689
-5.9218099
2818.2302
2194.9405
442.99287
1396.8301
1321.9383
756.19263
2246.2829
2605.3847
2379.9125
-70.074041
7228.6594
2375.8363
1955.2391
2250.2143
1025.6897
1691.2759
326.47105
2753.4394
817.50619
1346.6143
2165.5723
720.67649
2375.8228
-183.3308
1441.359
938.53162
2770.3344
1358.6197
-368.09977
2098.882
1393.3457
1033.5112
1390.4306
7400.9281
2462.0015
183.16172
1083.6875
2055.0998
604.92015
2225.1428
2119.994
2345.3909
673.40309
482.59992
-727.81841
1923.3137
1181.8525
1226.0059
1620.6185
1611.5898
928.81184
634.12838
1074.8889
2824.4103
1483.4746
2364.5651
2080.322
1710.6439
737.18865
1472.2211
1807.7012
1984.9291
2214.8489
2534.6975
133.1562
1723.0371
199.71551
1719.4916
1937.7597
205.04381
1381.1562
1530.2229
974.83493
2407.7371
1723.8457
486.65967
2631.4595
2990.3415
-126.6748
500.20519
890.3865
1173.3633
1323.8807
1390.3005
2739.9129
3016.264
2264.4908
2056.4637
1498.5841
2020.4093
314.99513
7235.7136
1995.996
1078.452
1493.2894
1159.0271
2379.7838
813.1041
368.0486
384.23446
2288.5053
1514.369
2052.3775
1183.3252
1192.2013
-41.293016
255.61265
356.26415
1726.0922
2273.0954
1051.6933
-2.7020683
1603.6285
976.5013
1142.9493
234.24354
691.10376
1761.4872
872.8904
948.63714
2095.4716
7037.7908
797.33476
1056.7974
1418.203
2339.0159
596.82436
2422.4296
1442.353
34.416463
1558.7336
1355.3508
1837.8569
-39.790463
2061.1749
2169.2101
1958.816
602.75613
1686.0058
949.47599
46.28709
409.55619
701.40974
1506.49
1859.4126
1744.4056
1602.1374
1991.8908
1443.8096
1973.5099
2403.9153
717.85282
1120.5296
1998.7983
2548.5045
1457.9588
2045.2458
565.03693
2388.1332
656.32414
958.01861
58.92136
2979.7227
-370.72249
1085.7437
1157.6623
2516.1141
268.96904
2252.0563
1387.2148
499.78543
569.81003
1050.9194
1884.3282
224.63435
1987.4033
1479.2581
537.11479
1831.9254
1793.6851
1773.8743
730.61901
1282.5539
1603.8689
2238.6852
1441.1561
1631.72
1770.9322
2101.9901
14.308378
355.59964
1580.316
1066.3156
114.886
1293.9452
2076.9731
572.49178
1947.0726
-420.45905
2147.3291
1394.6325
7214.4022
2866.6019
1711.02
2712.6419
7261.988
45.725548
2256.3774
2758.1697
1462.0398
2148.6032
1302.7205
1602.0277
-206.59842
1663.8837
2625.0369
568.24563
660.70158
976.23906
2530.4245
6666.0158
1622.3399
1811.0364
1434.7751
1682.7239
2558.8039
-108.43163
2130.3991
1340.7695
1570.1248
537.36161
163.42066
1951.5807
2624.4765
1231.1435
7545.6639
1628.1244
313.65458
7490.8459
1949.0756
7364.0772
1068.1494
435.4053
743.23356
1582.3957
1363.8327
2523.6026
1665.158
588.38875
-45.952096
2028.2679
2140.0084
2111.6865
1023.4006
2823.7866
2291.5793
2354.305
1957.1482
2711.608
890.39979
1097.9871
782.98671
1909.5513
741.51023
1151.7063
2011.4572
2190.5552
661.23503
1539.7655
781.53094
728.09958
2627.6975
1805.621
1590.2652
-939.22923
2495.1537
2093.6878
2489.3982
2228.2684
1412.8475
1797.146
1901.3954
7259.8571
2157.4574
2237.5438
-604.03855
2350.9827
1322.5003
2541.4972
1684.4833
1984.4671
7135.3143
1153.5465
1146.7006
2977.6222
992.27512
968.91637
2205.9067
2375.3363
25.490878
-218.0527
2904.2358
1084.9115
306.82764
2693.0636
2579.5976
1963.7173
809.12624
2149.0139
2613.0948
581.64361
2892.9634
1580.2992
1371.6761
560.61979
-485.40724
1516.2972
-565.28704
2535.5932
1381.7238
1719.3598
649.11204
7186.1972
2665.4793
1888.8324
493.57239
6429.3158
2587.0243
533.4202
2503.7698
2306.6616
95.116256
2538.3124
908.64668
2173.0712
575.90061
2160.1363
2228.2589
2504.5753
1954.2031
2631.9313
48.887399
738.60453
2166.721
931.19326
6431.9401
2013.0996
1978.2974
2411.1478
698.38752
1841.0403
464.79291
2349.8972
2019.424
864.90046
275.78163
1815.2114
618.29085
2276.1171
2015.8142
2668.4729
1862.079
585.48768
2690.7648
1950.7934
1555.7695
1385.5436
1466.3738
1804.1704
-274.81542
1922.1948
1751.7518
2750.3623
1023.4304
431.93832
351.72766
531.82723
2484.637
2314.0391
2081.5523
736.96875
1176.4245
7383.1512
1481.0227
1592.66
1647.5594
1885.4486
2663.3674
872.94706
1197.9117
1855.1305
1747.6776
1911.8437
-596.38796
2450.1952
251.09349
287.53055
1390.8856
368.04023
2782.0053
807.18082
-713.9927
1288.8125
2390.0249
1995.7998
1574.072
2594.806
133.34154
180.45566
1278.7541
160.17974
307.36129
1049.9093
1861.3208
2694.5095
962.45292
368.51103
1541.8854
326.42599
2423.4011
-184.22208
965.0731
-43.665256
1801.813
698.10434
885.97562
-390.48162
758.51297
1333.7732
780.9267
1461.0337
787.54213
932.84402
750.87583
459.06005
-30.973408
831.50733
2633.0791
332.12724
506.41128
2712.3922
2545.9714
971.1434
1602.2288
283.29141
6987.1474
7522.375
378.59316
2665.2887
1514.8596
596.86651
-41.97159
215.68994
1497.6301
7194.2561
2594.4429
1488.5283
2444.4704
2855.7206
1538.9088
1923.9251
160.66511
98.72167
1775.1662
1681.1259
2115.0831
590.9512
2196.9703
2592.2588
-184.21006
6868.5035
604.46923
2011.6116
2508.2985
2101.3773
1130.151
1276.2536
2493.1246
1793.0009
-83.665783
502.29185
1802.0221
2352.6167
1922.7612
2347.335
818.56501
1281.2936
925.31744
263.70893
1451.467
534.91195
266.5778
2824.8109
963.97045
2413.8985
2778.6065
898.94506
2411.9799
258.38058
830.21158
664.83101
558.17068
1982.9688
2266.4727
2164.1576
2306.6221
2692.7922
530.64296
-101.18721
1160.3502
1488.9774
1689.9522
1537.8692
1074.2527
2107.9735
1487.103
481.12582
6732.798
1365.4506
1814.7527
2453.782
1726.2038
1876.6866
1802.6886
1831.4807
1391.5075
1832.742
2230.7919
1973.6831
2153.9708
527.99398
2568.4115
786.51351
562.90374
2012.0617
1550.8925
2416.399
1651.0966
87.729591
2605.8957
2608.157
1552.2393
2210.6074
1385.5802
434.63918
97.454924
97.096986
2805.9077
2537.3458
399.67883
628.55921
2557.8619
819.0037
655.69672
705.39864
583.80582
-211.7479
1831.1896
7001.8676
2542.7221
581.90131
2631.6771
2136.1172
719.25468
1074.5956
1628.7542
2360.4532
2507.4389
1447.3939
1698.0566
394.4252
174.13191
608.0678
1521.1673
1451.2316
313.23715
1825.6728
1675.9769
-297.25864
2723.5708
2615.982
2077.0933
581.24206
2056.8002
424.31117
2753.9276
1009.2605
1754.23
2013.338
7172.9911
834.49929
668.12162
331.10134
2056.5567
2037.5877
2038.5807
2343.3945
896.74529
2354.6807
291.65662
7056.1073
451.80111
1574.4802
1627.2477
735.70483
426.79365
2453.2791
1506.4669
6669.528
1636.7084
712.86718
1052.4807
2806.9683
534.78327
1142.5736
2103.7277
2672.4459
1360.3268
-535.45337
1866.2124
-96.6643
2424.8243
1847.038
2756.9617
2636.7357
-70.607701
1221.9275
1306.1815
684.56997
2449.5485
1698.478
2634.5229
1439.135
2165.5493
-270.38465
7210.2923
994.6739
2405.8352
2217.8682
1164.5342
1368.3144
384.55538
646.17492
1484.4655
1948.9375
1216.1283
890.54297
-154.7432
2111.5874
6987.1169
2093.8922
2026.8394
1949.3812
2229.7694
-707.2754
1684.6301
1061.0087
2230.4946
2847.1145
2204.1549
2577.2394
1219.0304
646.80347
2638.2132
1293.4128
1698.551
314.29988
865.84695
88.036097
946.02478
1379.9348
-174.73181
-165.86675
1958.2191
2080.3547
1434.6472
2690.11
932.61782
1455.7051
1254.2476
-18.256875
1107.1739
1264.5103
560.09305
1056.6268
7101.1924
989.3592
1076.7864
1542.5451
444.03834
1276.1102
1637.7346
5.586357
7026.0679
7033.7253
51.74348
6886.486
7345.3084
581.61704
2451.6768
2239.2383
194.92718
2020.2692
210.07269
2038.8181
7314.3091
1096.7863
2161.5634
-147.83846
1589.1565
1938.433
936.43049
1683.4024
7464.4789
230.12924
1394.3385
2605.1699
-149.48037
2375.2425
709.96188
2025.3492
2539.6627
1661.6568
1403.2172
2150.7783
713.05138
2938.879
-34.261854
1748.9091
2543.6471
977.54701
7343.8514
731.75868
884.57189
2236.8305
4429.5773
1589.6393
1135.3356
1705.6947
2004.5282
1018.1529
1022.5967
2323.7185
339.09195
548.87326
633.05058
-473.51077
878.8467
2257.7934
2101.252
2051.7017
7490.4567
1214.4158
484.27871
1329.8671
2328.2644
2371.6382
1554.729
3050.4226
7026.8074
1269.1505
7078.4267
740.0833
1200.2743
2840.4878
-127.00833
737.95536
784.93246
359.75615
2632.7658
960.27062
932.48334
1687.5321
7359.4842
2297.2442
1335.623
109.52414
1109.6454
202.79276
506.97376
1028.7677
7158.0358
560.85159
703.68929
969.79277
-848.5422
2396.768
1724.9234
1522.6707
1507.8708
2333.0778
1277.7674
1378.7599
833.69616
-215.61849
1235.4456
-191.0804
745.30927
905.15868
87.555133
2789.7222
121.25827
2207.0144
1530.1467
7574.5293
1251.0749
-0.16884272
1541.6483
7300.7131
2266.0579
-221.94487
89.700003
1836.9939
945.22631
491.36
7188.7482
690.68547
2550.6506
2037.88
2677.817
1789.9164
1725.6241
935.43261
27.378592
7157.0648
7366.5335
1561.0653
415.98838
1606.9694
2103.0657
1321.9637
2369.5896
850.28046
2038.4388
7305.0919
1624.1315
1005.5264
889.07717
664.52627
910.27996
2003.289
2409.2363
2246.9319
2401.8386
2103.1847
2200.9592
459.67458
1859.5642
1171.1498
985.544
1734.5893
2637.4487
-175.00576
1114.2338
2385.4562
352.30359
850.38039
1624.5953
685.14697
2111.963
2241.0928
1177.4628
1513.4472
1303.0947
1219.3083
2246.429
816.71551
673.986
753.93649
1496.6349
1471.0275
1754.2821
7251.7277
348.87721
-85.674209
1303.8432
311.73048
42.691331
2948.0449
1215.204
1121.1773
1693.517
294.7423
100.59474
2789.9192
2013.456
7344.0905
2145.3183
71.234333
231.8722
751.70578
62.077357
948.42572
1830.4127
807.61315
1304.4817
1999.4065
6995.859
593.8135
1153.4594
2486.4846
2548.2108
2865.9213
129.75149
1466.4252
664.94639
1671.1617
231.56212
1073.9621
2766.1291
6818.4318
1693.9971
767.71282
1834.7216
1087.5187
679.87634
1302.4719
2095.6538
2091.8158
2397.58
2018.5435
2003.9599
547.55194
-806.73649
1733.9087
1816.5994
2789.7274
1058.9098
1362.6394
160.51867
7503.4371
1845.4166
151.81638
534.95152
27.144557
2302.2325
2172.5635
784.1896
2438.1552
7383.7766
1542.0192
2701.0042
2684.2922
1218.8667
2816.0248
1620.8854
6611.5949
82.574848
1951.8683
981.58216
700.33663
623.93677
-756.15474
990.77221
437.79195
1386.0505
311.39944
3535.4843
728.98139
2077.753
550.17974
7168.3394
1894.5684
1522.7583
1972.6271
1696.1297
6.2644442
1183.1676
2657.4603
2690.4302
1419.8113
837.71369
2542.6429
2044.2155
2444.3971
7182.7394
1640.1897
1198.8333
2326.3131
568.66349
6978.1675
2632.8794
7267.5339
2307.8123
1349.384
2280.1005
1729.182
475.53036
1562.3636
2574.8073
235.37311
1912.01
1326.0436
2458.0359
2060.0356
2411.5607
1914.1976
2677.975
3198.6173
1089.8439
2024.7426
640.10095
2830.265
7075.7458
2844.327
1673.443
377.77923
1924.7807
1672.3041
2573.2101
2357.4163
1199.2293
2626.6789
1322.3817
2041.1396
2610.985
1808.9068
1520.1355
2652.7295
1571.2629
2865.4757
1645.277
2205.0378
128.6428
1012.8791
1615.2685
1703.1114
864.01588
2619.7924
1460.0944
1547.236
2735.2375
2631.8752
1847.8714
42.780223
2554.2325
2319.9937
-729.94363
2089.4962
7273.8883
1168.7989
7253.1528
1711.7528
2924.465
976.40796
1363.7106
690.63863
498.38619
2017.5677
42.401556
1583.369
1237.6984
807.19861
2436.5016
6889.667
1951.2766
2031.2696
2636.4474
5994.5346
-23.697476
736.66411
897.6982
1473.0363
1965.5832
-464.55248
2090.8825
3238.5782
2477.8244
1356.0041
928.37735
952.97499
1045.0316
271.12273
1304.0407
2291.7657
1977.9195
7525.6561
2728.5303
1483.4836
1521.9785
1995.3108
1269.1677
2080.5015
775.14064
1141.98
7036.5592
6382.8554
2534.4855
2359.5768
2180.4819
1697.6103
1661.2007
1913.3212
2221.0775
2256.176
-5.215024
635.8454
1126.3537
293.99462
2008.7222
2601.2432
619.33518
403.68835
2022.8781
2397.1025
1903.2658
840.98241
7073.1667
669.68643
801.1086
696.11149
712.12358
2434.0316
1294.218
1892.7122
1437.0135
449.95388
2159.1411
747.92139
774.05589
2865.4783
2691.8731
2083.7572
2048.6593
1684.8201
2317.6117
2242.6834
2292.8225
2926.078
1562.9044
1591.1539
2460.7658
2505.5191
2530.7968
2167.0208
1023.9307
2034.5452
1713.8463
6804.1988
1308.7429
620.13606
7361.3803
2463.0947
336.69081
709.40674
2685.0036
6833.4053
6856.1001
429.50968
2738.7691
-114.53222
210.8726
1459.6839
657.23495
-733.08516
4.3066324
7054.8616
2408.5164
2622.0572
414.6415
2444.7682
1623.7261
1747.8492
1600.81
1889.3276
2075.0159
2303.1084
1482.0647
2613.5768
1384.7315
-137.79051
2455.1972
1490.2225
2100.3353
2017.8694
2504.6714
1072.6315
748.6257
-923.47801
1305.3872
3363.3558
2264.9647
2722.4435
-138.20909
-415.5453
2698.479
1698.1462
-36.44806
2205.6951
-713.16158
1039.193
-161.42527
2621.7947
645.81198
1117.6547
607.18284
1903.7952
6978.681
807.409
1875.2895
917.55715
1332.1778
443.50136
1863.646
2149.1161
1925.4497
2484.2063
1458.177
1922.4656
655.0629
2208.3127
593.05469
680.55801
1884.3674
1822.7757
1688.4672
2110.086
-143.41897
411.74165
1130.5824
1805.177
842.51108
1909.9071
866.84588
2532.9438
1131.9863
2056.146
1551.9737
2074.0782
1694.6451
1125.7126
2819.3247
1233.241
2575.7629
-233.34743
2194.5487
1360.3069
2823.2395
9.5670195
-458.73416
-942.53942
519.82119
2061.4909
2056.5282
860.92024
862.04207
1109.9328
-229.60096
3987.489
2464.5029
1009.7451
1668.4802
1483.4564
-628.87425
1423.9649
1180.0269
1670.6932
7516.5969
1787.476
-782.68701
24.810705
484.05062
2373.2634
394.3364
1917.7186
1467.6484
2585.1713
1380.3226
3026.7604
2094.1685
2318.702
1630.8582
685.18021
2379.5259
1463.1638
1369.5183
1668.2346
542.60871
1530.1137
2383.2556
113.97073
998.86533
7204.3931
1280.8802
2855.9153
1622.3391
2589.4283
2720.6191
299.96855
-291.07186
1243.6404
1531.2711
2703.9459
1668.0981
1823.8253
2446.3787
685.75389
1245.7871
595.66596
1544.5562
1630.9943
1554.4133
1257.4839
1521.892
950.25122
1269.0303
2235.2043
900.83963
1696.6841
1435.7961
1481.1205
-583.43452
1811.5766
2413.5414
5.3236407
7056.917
968.49328
776.74798
768.46502
1383.6803
1516.0527
359.93932
1650.5812
2237.4902
955.89113
7197.8664
1718.4294
89.51408
883.28335
1695.3228
545.54393
7372.8241
2713.3596
636.72906
1015.4982
40.693462
1998.5559
861.32309
2417.1445
1301.7665
372.62552
2217.3047
410.21564
1138.9146
1294.8829
2720.3589
1304.9717
4961.3707
1834.7332
2603.7075
321.34444
2268.1618
-675.35569
2612.2306
1621.707
2572.361
1515.5014
2240.989
2243.0326
1110.7696
2743.7993
2812.57
1126.8808
1292.8878
6995.6701
303.17749
2464.1811
1981.084
471.38202
728.03479
2274.8432
572.91041
1536.853
1623.6265
2257.1973
2114.348
824.88351
879.64608
469.91466
195.62276
2737.1232
199.03752
1033.3958
2571.9552
886.30591
2617.6318
2232.1045
1736.1918
2630.6507
1817.3199
2661.1078
7121.5098
7031.8098
1384.3038
7399.5066
2337.809
888.4978
1466.0667
2622.2501
1349.9335
7028.8823
2606.5181
747.07372
1813.7141
2588.2326
1248.9817
1842.0027
809.95669
-286.39195
2479.2747
1942.7592
803.76139
2665.0697
2058.7142
-454.30755
2731.1484
2559.0155
7060.9635
552.55977
1169.5487
2105.7164
2624.6617
-120.70012
7131.5097
1425.5644
1114.9566
2392.6676
2538.9259
1175.5833
1293.9596
1412.5011
1748.7845
492.88138
-47.844708
2844.962
1118.194
670.53369
7060.4991
1587.8334
3207.0428
1864.7949
2758.592
942.5473
746.71004
2610.4027
775.99631
1943.6726
5188.6888
652.72443
284.039
2808.7444
1200.2538
2146.6806
2226.7615
597.53405
2623.2535
1627.913
1501.7472
853.72109
2456.5951
1483.5764
7227.7613
903.12808
-738.54818
1256.5198
1775.1361
659.94492
2452.7968
2118.0429
2125.3526
3131.3503
2518.9573
293.1757
99.404324
2677.1568
1085.2095
2155.5615
2355.6386
1653.9393
1546.9963
785.71864
-140.96584
933.96299
1523.1898
616.46237
1766.5986
2473.3756
21.783377
643.33608
56.704681
1428.4857
1366.7311
157.10473
169.68977
2056.9914
1792.7949
1385.6593
1648.0034
960.26106
-261.37165
1360.0702
2613.3532
1929.0067
7042.4691
390.69451
1254.9827
1327.951
461.41394
552.94855
1279.0728
2079.2442
-190.4153
2666.3034
1948.0812
2219.6842
2606.3511
1872.2055
2561.774
2000.4193
7017.2801
2213.5012
1596.6232
2250.7568
611.75733
540.82977
2205.869
2260.1732
1127.4366
291.45814
2364.0676
570.04497
2186.0394
2854.3272
2268.8648
1109.3386
9.4403915
1107.3545
-278.0271
1680.1565
1003.5751
947.37579
1855.2631
452.35412
1580.1914
425.07449
1710.6288
1518.0979
-121.21563
10.042559
997.72766
1623.6529
494.10669
267.53403
1523.602
642.9156
1349.6207
2556.6504
1156.0522
7419.7756
1735.4491
623.37534
272.71636
1849.4572
675.16377
2713.5081
2510.2763
945.13334
522.20966
2728.4541
2589.7767
7432.6018
2384.8677
2082.9471
40.958957
2698.7238
2564.5385
1610.3001
-702.83439
1644.1372
2333.3382
-86.905772
2725.7202
909.24168
1337.4088
-460.23428
1100.3214
552.23444
1904.5358
1570.5083
2094.4461
2700.5683
578.38997
1547.8801
2612.9306
2774.6518
932.23238
270.03707
2111.0593
2323.7984
1700.781
2351.5911
2459.0208
333.10722
768.43987
585.3116
684.92568
1659.8191
1770.2609
1495.48
7012.6515
1509.1613
583.8687
1283.3769
2646.7101
45.337172
2357.1448
1227.1749
1185.8174
-183.91871
2146.8524
1033.7365
2399.9365
1990.1182
2065.0433
379.52656
5889.5585
-289.35892
191.58529
474.94033
213.44565
1648.4171
1966.9715
346.69334
2348.4153
1939.0697
2346.0262
4883.0515
1069.7142
1230.6584
957.70639
47.875333
1605.9697
-30.660396
1352.4956
2112.0044
-26.169369
1430.6519
652.06826
410.30489
1323.9988
366.23677
1340.143
-425.06171
2294.885
552.85424
1582.1683
1644.4302
1544.9493
550.51471
1947.2538
2193.059
7261.649
566.64089
2103.8809
2083.1773
7010.9093
562.23855
1603.9338
869.63588
1385.2161
122.70847
1479.3769
734.22894
2592.0124
2658.4005
1084.6733
881.72279
1889.923
2323.3747
2390.9828
475.18996
1858.3441
752.63235
1254.8025
526.00281
2055.0862
977.73956
2631.2
818.2735
2013.1875
1904.3318
978.12034
2211.6932
2732.646
2612.8162
616.06736
184.027
2168.8522
1268.793
2053.0671
2902.5309
2861.4581
1664.4843
2259.5016
2414.4897
1608.7704
1695.2934
1313.1643
1668.869
924.40683
6994.6332
1019.9876
1488.315
2529.2783
-221.51411
1203.6983
2225.8545
2619.6501
1133.6785
1627.4533
2468.9608
11.428703
1669.0318
1899.1425
2065.9307
-5.4855089
1606.1389
7152.5146
1962.2229
1374.4954
1923.7214
2191.6692
1578.0091
2707.87
621.79967
2536.1247
555.9309
306.40341
1852.983
2169.4493
407.68516
2552.4078
300.09998
887.74394
7062.5995
419.59439
845.22942
348.45212
463.44095
1869.922
-789.52094
2267.2472
7576.3724
2847.983
1963.0051
2384.0836
2294.3546
953.74974
552.14342
975.65572
450.91809
1444.3498
437.20417
824.79563
2549.2368
634.29152
2437.4972
381.79238
858.37915
1517.6067
255.57614
1306.0518
243.70881
1345.0571
2341.0687
2614.7181
1368.0037
2218.5102
487.8861
7467.6151
2627.6921
557.90074
1171.484
1299.4012
7235.7671
1452.3765
638.61561
2335.8877
554.02898
2811.6826
2742.5336
2436.5522
306.64366
1571.6591
173.82565
722.69529
2563.1501
1630.0707
-612.5787
448.5069
2412.2963
1075.001
1738.3099
1064.3539
-97.702049
1732.3813
2933.5781
1193.4449
2350.8535
-28.604222
2112.3147
2280.1106
379.85935
1704.6271
348.39364
1789.8491
1719.8272
531.76928
1920.1829
1161.2872
745.84878
757.13802
1362.2742
2414.418
668.78958
645.15281
1072.4046
6469.9539
2323.1868
2050.7267
2640.8805
1261.8417
593.55178
2098.5427
7458.002
397.09781
1944.1301
2970.0888
7428.9534
7591.081
2697.3846
2890.0465
2733.8193
1822.6556
2133.2812
2043.7445
384.45108
2515.5855
1835.3913
1603.3694
981.5285
381.66814
191.45752
2011.1168
1506.4817
1142.2478
2094.5245
2592.628
1985.0441
2401.7786
1645.1033
1764.4072
2344.8412
1952.0429
600.98842
-308.28907
2793.9507
927.39709
1569.329
1924.7296
2044.0925
4.9217232
644.0094
1959.6359
889.14333
7037.6115
2371.0306
7342.9225
633.35931
2610.7197
803.25152
1493.1288
1836.8185
1326.6634
2720.2748
2227.8074
5534.5958
2681.2933
2186.9545
492.62771
1432.9099
7164.121
374.97423
2306.9648
701.74843
2366.5939
785.66142
876.30665
7050.8288
930.71401
673.43443
-58.242364
2504.25
5154.7863
2917.2735
1049.5325
430.2216
2650.2356
2770.5795
928.80662
1325.1873
7037.8383
1291.5063
1235.9745
329.36771
1215.3734
924.69307
1450.3937
2826.4192
2528.6374
2170.7255
7427.5998
2778.8581
1038.22
1083.3908
658.81724
1601.0245
-615.07925
1709.0819
2600.4464
1934.9061
578.86133
1100.7544
1893.1791
504.67101
2645.551
2634.2144
6991.4709
7306.1402
1590.4988
2328.983
1763.8106
1927.3166
-158.1282
1180.6482
2232.5144
2624.1426
398.56765
1402.9267
2550.1773
1606.2133
-325.93134
530.00385
-24.717755
2499.806
636.85851
673.80881
2638.2697
1752.776
153.82631
1367.102
979.42586
1980.4801
349.93551
1010.9191
1803.505
2648.6873
2071.4108
2935.5582
1935.0239
1317.1947
-616.24515
546.42354
1469.1633
1422.0363
1294.9244
710.62797
7010.47
-162.80418
2347.6702
1762.4324
7505.158
891.36049
1557.5663
2412.2244
1134.4749
1914.2136
1855.864
971.07069
1497.6184
2155.0499
1113.7761
595.88538
2699.2293
2155.9878
7461.089
2722.6502
1536.1172
351.88242
41.222221
-678.69609
6682.7433
1171.796
1144.1298
-853.50548
2539.4854
2224.5147
-648.73562
2039.1251
2369.4074
1306.879
7017.8153
1543.8936
623.76279
213.98182
7105.1263
-408.885
2625.7513
1118.0121
20.466456
1225.1003
1966.1998
763.8423
2458.3066
1800.9751
2304.362
1057.7602
7081.1444
2292.5099
2276.0842
2123.4559
-22.782007
1059.1017
6677.4588
2702.3324
2033.0929
2112.9349
2337.9568
163.85932
241.98454
2518.9089
999.84899
2669.326
2133.2399
-396.80866
2188.3275
732.52131
2154.8377
2016.0937
6906.6048
2161.7758
-175.30255
677.40351
7049.818
1203.5189
2422.4984
2770.2748
1432.184
2699.5608
1838.1863
1066.1663
1092.5519
-624.61417
1463.0472
2061.1264
2055.2129
-773.23566
2299.3485
3460.4432
-256.32235
3014.5779
2747.775
649.5891
2692.6788
471.24186
2536.7866
1344.3676
2703.4127
704.41804
835.72437
1754.9772
1386.1902
2028.5898
559.58268
2129.6586
528.10598
2027.0609
-239.54362
593.79096
2146.3247
1985.3174
1628.0905
748.91351
2500.9647
1983.3179
2361.9351
1433.5782
471.83747
2608.4989
-40.683283
2160.9559
6689.2858
92.50533
2284.4599
1641.7127
2302.9657
238.62674
2315.6433
357.78412
1476.2541
1285.6462
559.07763
2286.494
2719.8847
1816.6958
1586.647
1732.2614
2070.6091
2193.7608
437.29868
1478.2293
801.66466
617.44896
2552.4041
2909.0013
1420.6377
2518.9821
2668.2993
2587.6849
1809.7025
746.85824
1893.1263
1811.9599
1288.3832
2008.2355
1958.3156
2144.6312
2096.3526
293.81208
1766.0846
1472.787
2444.9851
7089.6407
-736.1543
1830.3142
6821.8017
2761.5914
7312.7677
2255.1314
486.69441
2605.5711
1203.6007
2079.2548
1555.8389
630.67167
2874.8494
2603.4526
1771.0647
2379.4312
7150.803
2085.0764
1669.4124
1468.4468
1838.4032
2170.1959
1412.6196
1513.9126
7287.1823
2353.0876
1472.6629
428.06921
1886.6305
1135.7696
-705.83313
2243.1218
1647.7523
1367.1339
2235.2611
4460.3852
2552.6109
1719.6232
520.84606
1143.6207
2409.7483
630.5087
1450.9964
555.72852
-48.531106
2043.74
2471.1068
644.87465
2616.4452
1633.1999
1242.4828
2933.2736
7405.6044
1932.79
2045.9898
1015.9897
1822.4766
2658.0561
-279.04726
1105.9844
2734.6874
2514.1293
1519.6432
1502.9908
2520.6049
2505.2089
407.33835
1836.1879
1535.9841
-196.05875
500.22155
1011.9598
1799.3149
1620.0258
878.24777
2939.1174
83.604048
4817.294
406.42329
565.55728
856.71007
6864.4727
766.70174
1957.5769
1562.7331
-20.132701
2815.4771
1238.8624
2258.943
1839.3229
1927.7923
1282.3586
1875.2272
664.27896
1642.3077
115.28513
84.554438
1084.1168
147.29524
364.64993
386.32649
2728.0508
2310.5874
2682.0108
1351.4188
1426.4914
608.92697
2625.8732
325.29848
678.53591
1896.6665
1757.0527
1458.0592
1819.3039
2103.6339
1366.9628
1968.3243
2499.1023
-294.00032
1401.8154
2246.9215
1987.2982
2800.7671
1421.8387
573.50352
532.71178
2225.4786
677.47378
313.23069
1822.3151
2439.5202
6879.8643
2620.4069
1727.7939
1813.5386
2319.2655
1446.7468
2411.6887
1915.9975
6786.4366
1090.267
1252.5056
2490.6784
1518.9594
7100.9542
2334.4947
1291.9281
1741.9926
2102.1617
2036.8034
2261.2367
1417.9586
1845.4537
2205.0043
1797.2575
791.60185
2520.3772
171.25825
-610.10895
1525.4635
-678.40944
2367.8467
403.37495
1204.2328
1820.4162
1934.5839
515.19037
2036.3744
1473.1937
635.85196
2583.1085
4944.1427
385.89179
950.40163
-150.71233
-318.21161
1077.8337
1881.5698
7070.5802
1168.4539
1437.3735
1105.3181
2885.7901
1347.1928
336.83474
179.24883
993.67178
649.30991
2349.6999
2414.0359
972.60043
2796.7221
2657.8031
1882.6348
1405.0396
851.53775
2352.5464
2677.5317
7153.8511
612.12524
584.76502
1968.0275
2629.0319
173.84283
1413.602
734.88545
1009.2477
7379.2359
1050.9004
-513.14287
2602.2191
588.56685
2486.486
2070.1333
2026.604
2753.8711
1805.7981
733.10933
1094.1589
1821.6136
1191.9317
378.46783
1707.7602
391.57506
845.74363
7017.5522
1973.7747
2666.4691
1605.9644
452.29398
1360.3121
1654.7186
81.603816
2951.8001
2629.6198
2782.5908
639.95822
702.60254
621.98413
2235.7506
1594.6764
1128.7882
2478.5073
1913.708
7596.0492
595.66184
1714.1791
1043.3468
801.14175
1739.2141
2500.5816
589.8027
364.53671
1194.878
2494.7612
1104.7933
970.15236
2560.4823
1226.8348
1213.2047
1142.1473
1416.7002
418.95528
2908.5906
-456.53214
593.15421
7062.302
849.6406
2073.9882
1288.6804
2324.9812
796.22171
1632.7802
98.558673
2734.8184
2701.465
1818.0302
-797.51632
1446.7793
7123.9974
596.34234
7019.6379
990.77279
1725.6924
334.96876
-604.56695
1304.6817
1715.5047
1879.2828
731.86807
1335.7999
1401.2898
391.31363
1834.6479
7203.163
32.577544
7019.7721
2685.3442
1477.6737
1106.8177
2848.9796
2770.3384
2447.6882
320.63358
2419.2851
2190.3299
2044.8221
2486.6162
-240.58352
-333.84785
1265.8196
-104.71817
486.69425
608.84124
2080.2048
958.171
1435.2543
2723.3556
90.588267
1321.0035
7118.7713
2243.5554
2428.0261
328.44023
1259.8738
1053.2384
347.99966
2595.5307
1322.4798
2241.044
2435.7301
320.96421
1706.9364
2526.8675
1521.8517
81.826199
2829.0905
2642.956
1590.0345
-850.30236
1626.5335
1697.6866
1239.0552
930.86935
1445.1776
2485.0958
666.7358
2134.9922
1343.2913
2163.3921
295.39928
1576.0935
7037.6621
665.78067
1486.6841
2491.4122
2715.6302
2483.9336
2377.7253
1591.379
137.66937
1490.6051
86.838457
2282.1762
754.13187
1176.4155
2048.0967
2366.6024
1421.1757
2508.2724
2692.0456
-340.43166
-673.80161
2674.8895
2134.4093
1801.3156
-667.63056
6876.6108
923.712
-183.07684
2423.3223
1869.6847
310.42456
1969.52
93.970583
1306.6113
52.850859
2691.9275
1746.7435
1844.5888
1161.438
1945.0497
1699.2181
323.33985
560.54571
7053.1864
2116.39
1114.2237
2534.1356
627.57447
2390.8828
2560.1713
349.49185
1846.6692
2355.7715
1878.6503
32.688715
1250.5659
902.95132
2509.7375
612.04536
843.01985
7154.6211
1204.0604
1729.6398
342.39424
2855.6194
0.96976165
1972.1582
2047.2142
1726.9245
2706.2543
546.81212
506.52806
1816.265
352.23539
1625.0561
1619.6297
557.91429
-283.50623
1008.9402
1335.0731
-807.43252
2275.802
811.23149
-283.17688
1914.0443
-296.5396
676.74739
2331.4611
2417.6641
2676.1403
974.94487
2674.396
1329.659
498.28907
669.8181
715.86481
1573.054
886.71305
7511.1373
2182.9044
1392.9527
-247.3176
-125.01197
1864.3656
1531.7591
1653.7632
2334.6309
650.03094
1775.0323
2100.5442
469.19734
452.16814
2618.7644
673.75838
-323.03303
2544.2763
2213.3747
1057.5231
7130.9404
1311.5127
1244.862
1491.5974
2776.9499
-21.476273
1143.2771
1420.3373
441.88037
1903.253
1632.2155
2545.9298
625.82689
1170.9974
2365.4498
480.84752
1096.5549
655.31862
1985.9755
476.54099
6793.1058
1524.8975
2478.8096
1200.5448
1517.9792
597.1672
2445.7255
2687.9976
2091.7476
1247.9514
7354.7578
1380.6805
1304.9479
7284.4497
621.62867
1193.79
2519.0052
7337.6212
1691.8902
719.86796
7028.3692
1399.633
7087.2774
1562.1712
2855.7691
7057.3353
890.00601
752.44762
181.75489
2713.0309
2287.7932
627.44514
1468.6934
1484.9777
918.0377
663.50702
2333.1483
290.99881
697.27653
2694.9473
1830.761
2085.6457
1078.3443
1322.2119
7521.4592
5558.3753
7117.5166
2128.8744
2464.007
2044.7538
2792.4959
504.53296
7143.7759
1574.0368
2573.9907
1203.4846
292.30327
774.2722
30.793842
-530.95658
2547.5501
2860.5481
1337.9303
209.48516
1094.5658
1864.1908
7451.0548
14.197107
2753.6972
2442.6926
1457.8968
1549.8807
0.0034689275
839.38027
2655.7911
1264.344
1325.7602
335.63541
1313.5587
658.51494
6540.5557
1962.6932
690.5861
1580.8106
6853.4799
692.67667
20.063908
7069.7502
1758.2767
625.75877
234.2202
1749.4688
-169.17135
7260.7374
594.92529
558.16272
2522.3208
2718.721
-314.64819
2169.2801
442.27707
451.12883
832.14434
1372.6845
1350.6037
-33.511919
2719.6609
1269.2805
23.745071
2530.314
2537.038
666.04258
6968.3285
7130.3463
1073.7599
1106.776
1985.3318
7040.0316
-162.11278
911.50626
-34.424027
773.99821
1049.0249
2687.4553
879.46538
1441.9884
653.05884
7600.9499
190.64992
2561.9191
1827.0491
531.48289
2124.3491
641.9557
1854.3761
2097.8076
2111.8491
1526.6953
1812.3501
181.73284
3555.6877
-42.435446
1050.0383
2428.4325
2504.5341
1285.1481
2500.5155
2561.8606
1304.4714
2106.9431
-11.647169
563.61415
532.68332
2224.0105
649.78354
1552.6201
2812.068
1305.6385
942.20802
2723.3898
996.1227
271.45774
2274.4085
562.95962
6128.4271
2147.4856
2261.6487
-220.09364
2458.0039
295.86314
768.60807
2164.8139
1984.3387
948.45409
144.59705
1646.293
1501.3652
1030.8438
2271.2108
2361.8751
1820.3881
2546.0433
573.73288
2884.3264
1802.0586
653.7157
7225.8673
-152.76015
7037.5728
1518.3776
2142.8498
1326.4084
1462.1911
-371.71984
106.07725
1972.8994
1543.6257
-136.79664
2164.2844
-605.83603
1193.7965
2327.7869
2678.0378
2514.8751
1230.9194
321.53392
623.58845
257.00345
2218.0722
7026.3439
2043.1901
166.58608
2385.7238
1448.4939
455.20536
3429.909
1402.0495
2262.9764
841.10024
2677.7024
2550.3126
1717.3897
-1760.2156
651.46615
2197.4896
2390.2577
1531.3659
1030.2232
2091.6303
652.44439
2708.7105
2760.8375
266.35378
638.73988
-474.26987
365.16991
2018.1677
1442.4682
2686.8594
548.0251
2089.3198
544.28058
2513.5323
478.29309
1113.023
1538.0322
2379.1183
1285.6834
937.67858
2649.844
7532.9051
2516.3363
1944.386
2014.6756
7098.8818
864.0252
10.956295
975.0935
2366.1922
1893.0424
2216.6573
342.90634
2096.9036
1140.9699
1030.661
2910.7734
466.72955
963.84715
6877.1744
14.035142
-34.973356
1625.5737
-128.81644
701.30684
1676.2928
1112.5814
456.45664
740.68936
2662.9756
7494.4112
22.25951
7123.6295
1691.9919
-535.80786
6991.6142
903.06632
-743.00195
7483.5761
2180.8436
2254.6887
-44.423308
1931.0684
1409.5395
382.1581
579.32013
987.93636
1140.1072
1269.0196
2343.5653
52.899121
796.38759
7159.183
22.868637
966.74093
1859.9816
2301.6268
1994.1586
195.94018
2654.6024
6925.7291
6994.7973
7117.4615
1891.5706
1294.1943
760.41402
1774.4133
952.30992
1912.8204
859.37869
-73.595862
2917.818
1850.5246
2029.9643
1349.3044
-524.69857
418.01407
201.24015
2071.3646
2539.3078
7391.3131
670.8292
490.86001
1147.6365
756.01678
1813.5512
1274.3798
1461.6528
3204.0088
879.94913
590.29472
1863.541
2813.6982
-129.61587
1705.1403
2094.3923
680.46888
615.63986
6775.4745
1078.5041
1788.6068
645.64183
1551.0637
584.00488
778.32011
2599.1346
1387.4957
1661.6916
1086.9975
226.80242
1794.1155
-363.94472
1668.743
660.87346
1732.4138
700.75948
1275.8363
479.81435
1501.6914
2144.8004
1482.8453
1596.6116
542.41483
2118.0883
1795.2812
873.71017
7028.7294
2467.9898
386.9595
1933.8053
395.29543
2128.3683
2229.6192
2065.9233
2023.8818
876.28755
2644.1093
425.79591
1254.7449
980.76972
2241.3766
1288.9773
1651.981
2834.4051
1632.4241
646.6687
1694.8251
925.90711
973.8042
2533.835
1797.8478
144.17229
1507.1634
1204.2074
2588.5945
839.6221
1653.246
860.18944
898.35114
2121.388
591.74789
1432.8215
480.895
1162.7142
1187.0291
510.48042
2593.5865
7450.8085
604.62227
1025.4316
1353.6684
19.857166
567.23759
1006.4267
1715.5884
1587.0925
452.54001
891.13595
-269.48543
824.96735
806.94155
682.53005
2572.4661
2795.6928
1383.6364
505.04784
1612.4152
1982.2121
1312.5593
1894.3472
2112.6642
2850.9718
2267.036
2406.6345
1335.8071
1078.2367
891.63235
2958.7554
1507.4976
4591.7507
2821.4153
5829.0822
1161.3929
1850.0016
1371.3171
1016.9297
1479.8156
883.08584
2406.1557
340.75586
1870.6728
1546.5076
1703.0795
1570.2928
1372.177
2783.8505
2537.2333
2783.5074
645.63588
629.99112
2087.5619
1009.1463
2268.4446
2336.0438
1190.2504
917.34907
2584.2307
1523.3734
634.66624
993.28985
2618.1782
1832.025
2651.1941
2437.6207
1352.4695
-98.861429
1110.9774
2278.2677
718.25966
2371.8204
20.256872
884.09865
58.238693
2679.0974
1081.7123
1965.0866
1143.2836
1686.3887
2588.8629
2423.544
2683.9917
2590.963
549.91089
7084.969
747.46024
2377.0994
1615.7292
-6.1348515
2158.9444
2123.4628
283.31224
295.68101
568.03805
1105.4015
1014.2948
328.31829
31.954731
5290.448
93.569639
988.4891
7141.2113
2575.0316
945.88063
1809.7654
1698.1584
907.95466
54.267497
148.81776
1132.1296
1762.4206
1550.295
2379.0052
2426.2441
2761.9601
2395.977
2132.4763
37.145781
1978.573
5615.1291
7155.8243
-566.29965
-287.71718
1946.098
2190.6584
-317.38052
2180.3519
473.28235
2118.8777
7245.4535
2531.9184
1681.7779
-284.87493
490.7939
1572.5595
2076.598
2009.0677
1990.9585
2750.283
6980.62
611.69884
2455.067
1537.0606
1129.0718
489.06811
2745.1403
951.71534
2476.4675
243.83341
7038.0138
2089.3224
683.14381
872.87121
856.00463
2096.3218
644.22244
-273.50481
2585.1637
236.42831
440.47158
2490.6051
1679.346
2064.1796
1608.3679
7073.2505
2588.3574
1779.913
876.35872
2495.4266
2369.3538
2596.3517
739.23801
2024.9201
683.23776
6545.3905
1150.5966
-1950.6592
889.67497
7387.3381
610.62363
785.68752
2827.8803
931.34728
6969.4319
1330.5376
421.41537
500.27293
2522.4278
2890.0604
1630.6246
2396.3772
6427.1306
2443.3275
725.10126
1139.5801
2230.0728
2048.6595
2272.3926
3001.3269
1564.063
182.4174
7526.356
579.02569
1003.9526
2598.0844
3001.7141
1260.014
1238.2918
-22.105223
2122.4578
1045.0188
1131.0674
1505.1002
2539.7666
939.09389
887.96755
-5.9103119
1316.3087
1384.3352
684.05064
2151.4557
2335.6822
2327.8141
1093.4138
678.04331
1406.7478
1734.147
624.57099
967.083
-211.67889
714.63772
1421.6127
2257.3849
-251.88771
983.74747
1734.4289
1230.4199
1279.6386
218.49687
1018.1417
530.31976
-81.035362
658.6737
2187.366
1103.1489
-88.235971
705.61947
2687.4432
1162.4656
686.8549
1264.9667
1471.0001
1265.7727
1032.7566
542.51868
-145.9628
608.56785
820.30993
1700.0226
1529.4464
2102.66
2349.6199
691.23792
2315.4776
555.87211
473.70861
-63.770718
428.35019
568.18137
405.18453
1506.9757
2712.2426
2821.0521
1626.6054
1228.2493
1776.1284
541.17506
5410.5438
770.03079
2587.3674
606.54966
2099.1834
1943.1109
745.96043
871.84829
581.0461
2089.6549
417.91863
1733.0809
763.90235
15.546623
7046.7831
6484.2312
1496.5999
1537.2295
1026.7859
7100.0376
2992.4339
-21.937259
1431.5871
2514.0894
1218.6807
516.64698
2548.0572
-618.60981
-126.28322
2504.7359
7399.6956
1740.4711
1404.2818
501.0995
490.56681
824.42885
-299.90323
1166.4625
2683.873
1788.195
7041.8806
5900.2203
579.94548
1696.5541
1203.045
298.83709
861.90387
1615.5352
7005.1963
1708.2314
2269.6986
904.28519
2045.6843
96.478503
584.60033
1643.9511
499.70955
1360.3548
1155.6928
2796.2397
1745.8943
2760.8907
1462.6507
1825.9465
45.627473
1126.519
1664.4971
6985.6516
2955.32
1482.4559
7317.9517
1614.9299
1246.8853
1463.1506
210.50047
1739.3844
-354.06574
1528.7031
2027.6113
1394.5251
2035.8085
-243.0566
242.61801
2093.115
478.25673
601.1619
7108.687
2669.4601
388.40984
1732.5917
2503.0731
693.05042
836.85984
2928.0816
5590.5985
1634.7008
1877.7094
6917.1419
359.81328
890.45742
1953.6248
1498.9217
-328.74374
304.54002
549.8293
868.92327
2162.9469
1240.9959
1951.8634
2827.6194
1037.9676
1416.1263
248.37311
7292.682
1111.0989
1500.5354
2699.0665
499.89451
-35.244965
2596.2575
453.59563
1472.0811
-613.05903
-117.92356
1622.8592
597.90679
2305.2127
2877.9811
53.981487
2362.2682
855.55009
1676.7596
1747.5602
-128.42954
7368.4933
1477.2609
859.78618
1266.4693
1190.4593
1195.4576
7054.5261
2700.3864
-214.7818
2241.4097
1667.9256
-113.46373
-10.615141
108.93759
2155.1945
366.80205
2890.3611
1234.1513
658.77706
1128.5896
1699.6104
694.26691
1415.7422
863.29082
850.57469
568.1591
1905.9301
2745.371
2638.072
1034.1386
861.22066
2460.1755
2625.7289
-529.45417
1167.4319
1497.9363
2592.3484
-884.75321
2753.5125
-634.76454
7532.6806
1072.357
574.66522
2614.4503
2580.917
438.96872
1187.0327
7282.0506
1701.4121
1552.4793
1806.7849
763.90068
1521.0132
2604.2583
1430.8697
1521.5706
945.59439
1627.3071
1647.6629
2706.0328
587.04842
7099.1528
442.35378
1729.2499
1780.842
1182.2908
990.45648
347.33949
304.66016
3213.0989
3781.3356
2535.6545
1983.6509
1611.4839
1243.4206
1911.2476
1347.8544
957.24083
1553.8646
7082.6911
1286.4625
2236.6355
1787.01
500.28326
445.74232
2334.8492
1807.9248
1863.6231
1748.8371
1743.3938
7384.8454
1559.1607
-181.71947
6974.8308
675.97191
858.17659
570.49249
7241.5256
894.8785
1862.6857
1358.0948
357.19515
2834.7153
795.28584
323.00396
897.13757
1193.0101
-246.83783
7577.3887
657.35409
2116.9742
43.195651
397.70442
1320.2186
-138.87728
44.391773
1900.3931
1468.0738
1832.5046
394.0127
1650.493
729.89758
1109.7898
2665.8099
950.23653
-135.91357
1167.3183
1622.1733
7054.764
586.49161
7053.519
842.31429
1810.1536
1596.8862
809.81367
5.5116775
1904.7462
74.159654
6920.3145
2827.6509
454.28556
1381.1262
7040.8191
176.17605
1151.6374
6779.2825
1905.601
709.053
23.004175
2253.5526
1048.2062
1735.1648
1287.256
2769.0072
-393.53012
1708.8302
7.0327454
5646.9982
1837.3511
1675.0675
1456.5413
1090.7299
2789.0051
501.50168
1619.2345
1093.1452
-386.2888
2304.2378
707.58096
1891.6999
742.47725
7126.0484
505.21407
6953.1355
2124.7119
1932.2983
7044.7146
2850.0635
2646.9418
1525.5117
-329.59418
2092.3998
1813.3587
2029.7479
-742.88022
2614.4314
615.9038
77.696703
2614.0258
1112.6712
1352.6569
850.66411
1253.3065
699.957
1263.3143
1626.2631
2463.2793
2642.0471
1885.8945
-16.493942
2412.716
882.06073
2516.7094
1662.7465
2236.2312
1661.952
492.28956
17.528209
1750.5678
1691.2684
1606.7248
1065.775
7023.2621
1982.1281
747.69917
1477.639
272.40876
589.04032
2193.8111
1200.5406
-340.00359
1792.4724
487.7246
1404.0476
1633.9805
691.94383
279.62161
1909.0253
802.62062
1626.2907
2657.8682
692.41376
873.6481
2405.6883
2260.6852
1944.7317
1940.0636
6983.4355
134.53228
2308.3949
7036.952
1017.0701
-85.410005
1736.0526
1479.7261
710.40073
3239.768
875.72217
-38.055467
539.037
-698.3727
988.47944
1166.1042
640.05226
2416.8052
1672.5943
796.72006
6997.9669
1736.9931
2717.9852
5574.7952
507.39001
686.52006
567.08716
777.39887
767.71858
7607.8761
367.96466
707.6265
418.72531
1651.732
1331.9795
237.11544
1851.747
984.61247
2115.3756
890.79139
-498.49207
2360.8647
1954.5722
129.95138
593.86895
7044.6351
1287.6643
1777.7845
7488.2458
786.21057
-578.33833
296.6638
236.27129
-667.59377
1632.386
401.88231
2060.1267
-92.624136
2348.8236
7118.2404
151.07571
2558.8513
74.840878
847.33907
359.21126
488.19923
1060.6499
2138.0198
940.36821
2585.6078
2214.7618
242.87809
2045.7399
2373.7787
-1196.6451
2349.8329
7091.8014
2096.4833
1670.5031
1968.9918
1350.0486
359.70191
-151.70912
246.87588
2373.8832
1492.0995
447.31148
2063.3965
1418.5503
1232.9945
2524.9825
-372.41141
988.25168
2741.9636
2328.5956
1705.243
1442.7762
913.7594
2761.5559
633.2348
1535.9665
1605.7968
1644.6789
456.83604
2546.9491
1224.5136
2561.0291
-370.58152
2684.5518
-97.087271
1233.8753
256.05706
1842.9246
7164.1261
602.3882
2060.7754
2227.2758
1533.4812
702.17581
268.82538
-164.74798
1781.5965
1312.8667
1204.2957
1697.171
1850.9329
2252.5026
168.53251
2539.1154
4995.8104
972.308
252.23965
-539.4012
1498.2132
483.13577
6981.1643
-40.899922
1524.2507
1967.8126
1184.4415
272.3062
2177.7085
1322.5253
2635.1077
-170.41921
1265.8075
-85.388577
7131.0303
2291.3626
1223.3566
1746.8029
2855.3917
760.83112
2390.4861
657.01677
-300.76802
571.09325
2607.8962
2312.6099
1042.3458
2225.6602
784.42994
2710.3826
1542.9499
2839.1004
1737.2236
-411.72379
915.91497
-388.88023
1248.6052
609.87566
1308.5147
499.24298
552.93865
1634.1928
2307.2295
-235.14251
2260.1745
271.99868
7201.7361
2009.1701
624.309
1532.7131
709.92507
2850.2165
-10.158578
2216.9648
671.49971
901.83023
696.67814
1471.7963
1493.4242
213.51651
105.81419
2585.2189
793.92891
1617.5043
1865.0898
264.59033
-17.466733
1442.7679
-312.69141
6979.172
1026.9662
281.67406
2578.0175
1695.4057
2755.4313
6953.9119
2116.9646
888.86382
265.45052
1884.3119
806.635
1571.0434
1584.9234
440.13789
550.89991
646.54658
2642.5399
799.33572
2712.7434
445.69683
1638.6866
-544.09487
1048.231
435.7834
293.53818
582.41924
1862.8187
1500.1193
2645.1931
1690.9137
1402.6468
1009.2467
819.69195
2096.8309
1065.3508
773.96749
1475.8014
-783.81066
1612.4075
6901.0624
509.84443
2336.824
2715.4439
1033.9105
1434.1163
646.03654
1374.3957
2127.8483
1538.1302
2712.7826
543.57053
1882.0215
2063.0514
766.81565
1253.1329
2729.5219
1893.7055
2699.5615
1541.0735
421.34845
1151.9167
941.48134
68.227455
613.61938
2431.8851
-131.51217
2287.4592
302.85569
1997.3369
545.04859
5519.6792
2330.0563
1331.3345
2615.1586
833.18378
1924.8845
-21.524917
2090.0251
1400.1928
106.52335
540.9221
2191.5499
972.55265
817.03009
2728.2665
2238.7827
802.06915
1044.0241
2484.2241
196.53955
2590.7434
2026.4156
1984.4405
726.73539
2965.85
2095.5615
612.2552
-715.33564
494.87753
881.69342
1726.0978
2082.3406
2391.72
1830.7904
-761.20544
2056.7051
453.31237
2987.3013
1992.6176
2696.4234
2471.5749
418.02581
1470.894
2028.8266
2020.9498
2341.9039
568.14283
1831.6909
2672.4708
-233.84715
899.4723
2525.954
554.72423
1144.2559
7465.4703
-333.57427
467.97725
1991.3619
2570.6197
1365.8867
345.41505
1920.6188
7261.0408
2651.9316
2738.8603
1016.8192
2040.8162
541.57174
1970.268
7170.7004
-566.73523
-228.67503
634.52642
-6.1239983
2549.4441
611.66715
1325.4964
2027.9709
568.08569
539.57184
7051.1309
2087.8038
1170.0039
2157.7686
1265.8902
1582.9332
270.80517
908.75658
213.38331
-297.87735
1263.2876
1300.8756
1473.708
48.599258
1942.3268
637.37423
1206.3399
2566.5967
1178.2389
1414.2472
345.05953
7032.1137
752.86541
101.03592
2303.1482
2346.7469
1577.1892
2619.635
634.7469
2258.465
2797.0883
1241.7393
304.29692
548.91965
3533.3959
1019.3418
2119.6409
83.13651
2045.9448
639.96078
1270.1713
1316.8441
-388.07391
517.28652
1116.4666
731.96264
2409.0631
467.44966
441.60082
7125.3176
2672.205
-295.95549
2032.1695
326.60439
2382.0113
6959.7163
-264.1168
232.44699
425.07721
409.72127
1705.1616
1911.6911
1073.6337
2906.4789
659.57439
2634.0851
6991.2437
2138.2405
1818.407
294.87163
2279.379
1510.9153
209.86215
1637.5477
1778.4412
2711.2845
2378.0443
1342.6147
2195.5932
1571.972
1916.7385
2534.1257
2823.0749
558.72275
-431.85105
1674.492
2631.996
747.449
-225.22692
768.44084
1481.9893
1331.1395
877.06387
1337.4069
-2261.4567
356.13289
2306.4075
1899.2018
371.97734
1520.0686
1548.9772
7043.4649
1174.2995
1313.5143
41.187948
596.88613
-494.81461
340.80819
597.78279
1881.6068
2393.0048
1195.0492
1275.0703
979.15278
6205.0517
1803.122
593.04697
827.89354
-1698.4314
650.01029
524.74878
570.29906
487.34441
2447.2805
1728.3883
1742.1509
1630.8622
639.41166
1413.1398
7425.3582
370.34272
1731.1008
-839.68993
1312.6522
650.43672
2723.8383
329.94136
758.559
193.94795
2252.4759
455.45631
9.4383679
553.74839
1570.5757
561.15686
402.46286
4536.1111
974.24479
-393.85394
1100.8039
1488.8379
975.72728
1748.434
1484.515
560.06971
2723.9991
770.04563
1427.6292
618.48247
-201.02801
938.69368
2387.6139
1519.9731
984.29769
2862.833
1841.3787
1697.1369
1004.365
954.81119
631.13357
589.06795
1808.2064
1961.5413
63.973511
2723.9441
2654.3013
834.14725
877.96492
468.44629
2128.6367
870.42093
1903.4237
2560.0078
1843.8682
327.38846
7045.6283
1395.1085
382.34717
1057.7977
2337.4649
2424.6393
2864.5199
1048.8001
2613.8658
-659.5277
-83.221652
2599.0816
334.28682
519.6263
7549.3792
2009.4721
1097.1396
2383.8451
7022.4839
1959.8526
-134.91893
332.90037
527.74317
942.52013
2532.6758
6115.4705
633.45908
1299.9799
1657.3593
876.29712
442.99822
2097.3433
413.37257
700.37373
1939.7132
891.07449
1913.1152
513.03855
872.71905
2555.158
2763.69
-46.863987
-574.92287
1684.2692
569.17818
1009.6041
2612.1518
2231.4288
247.95592
475.30925
466.04486
877.10657
2322.8179
2617.2252
2566.479
1773.7395
325.91835
815.24209
776.49894
1251.7512
1530.3077
2539.5511
1460.4502
897.66397
-162.59573
366.23408
1107.7163
290.77431
-400.48532
933.37265
684.51399
677.66749
3068.3673
1987.2862
2111.0695
1065.8269
1060.6514
1482.759
-60.626857
446.23031
342.48815
1948.9649
-568.87573
1020.0222
2328.7126
1899.5119
1449.7799
1440.3859
1125.7187
4102.212
2057.9194
393.70495
2064.9969
604.6853
986.9726
7037.7014
2028.167
6437.4293
2524.2728
825.56952
389.15294
410.48293
337.56676
-211.74462
671.65625
2533.1341
335.52062
-214.01427
2646.2896
2822.185
1029.8569
1133.9771
1694.5686
2451.7041
2272.1309
1281.0492
7080.2718
7220.4015
1884.6678
2225.3616
1922.4587
-205.58263
454.82306
1677.6192
-739.50965
1064.3224
351.87769
649.29898
731.24374
272.86949
519.14642
1797.1086
2229.2455
1856.5993
962.98428
558.56586
374.55157
59.256011
2404.0737
-97.404684
2647.7732
703.1495
867.01694
1429.7548
1469.9107
1583.1284
7045.5741
1626.2364
22.882352
7441.4757
91.998355
389.04093
-198.40509
-422.70578
1161.1432
743.52517
331.53144
7424.2214
-494.66254
2569.0622
1799.6572
1288.7005
-521.13161
902.55181
602.70434
1529.7133
-439.64234
2082.2051
2639.3285
977.32353
1497.3952
805.28079
1262.4201
4753.7586
2677.4497
964.06019
7296.2856
2683.5442
1942.6418
1423.0171
1911.3924
36.311845
1230.3851
-153.79054
1365.1221
253.01154
7036.9482
365.01769
415.86589
2373.0337
2551.0098
779.34952
2641.836
-618.90398
1355.4073
2180.8303
-359.11159
565.01072
1218.2402
7506.6707
1073.2377
2672.3173
2489.0773
1088.741
2270.8129
581.76068
286.30432
7138.3347
196.51147
-517.29813
460.26988
803.67583
1711.7017
-185.8791
1688.4687
1859.7719
-784.58636
863.59381
573.5639
768.22204
1094.951
259.80106
289.62297
-442.25963
1893.4127
2226.4354
1957.6789
1390.5106
2583.4613
-6.4501704
-483.26837
1924.2412
1103.3827
2109.0955
2135.0205
5271.3966
-340.59012
1512.0149
2799.4395
557.95916
1418.4452
1290.9785
2198.0776
703.68175
1617.049
2345.7496
105.69771
2276.6029
640.00007
522.42988
63.352341
583.62562
1462.8276
865.56194
2745.9083
1146.5753
2670.2495
1935.8472
372.79436
2284.1766
2330.0188
584.63673
904.2156
391.70792
1556.6285
2488.4596
416.75197
595.49417
1499.7415
2519.5971
2020.0625
642.43097
119.37682
383.34256
1452.6388
1245.2931
554.6875
482.58491
2607.9647
994.16781
746.40481
7549.5883
2685.3405
786.06594
757.28398
2076.2139
1501.0366
-425.37734
2566.1127
1202.3094
977.49788
1802.8937
2141.0534
-98.473084
2607.7564
2279.7812
-309.03387
1920.8214
-575.57883
941.68539
1634.3773
-476.34883
175.8268
971.22092
2579.1406
769.95462
1902.3098
663.19046
1144.6155
762.60513
927.32627
2761.1688
-263.14552
2790.6044
1939.2278
289.13347
2233.0883
2548.6027
1285.0315
2184.2584
835.43478
-333.31854
7454.2992
482.84946
374.49783
2198.2366
596.80212
-1032.6137
846.91004
1482.9456
1723.8017
792.04861
1430.4915
823.47556
2756.1625
1097.5222
841.20623
2106.5224
669.08412
165.061
922.42188
2405.4062
-726.67114
2569.9787
997.2996
1597.6331
-398.263
2245.5178
2196.5734
1588.3432
-64.450496
1944.4056
2655.5069
2213.1845
7573.3808
7150.8821
1256.5462
597.72779
53.859803
7218.6702
1792.9774
2672.5625
2644.6689
105.42682
191.37126
1637.8729
105.75837
1597.7449
2536.1288
2715.7165
967.816
1377.2458
1231.4282
-44.394265
2024.9578
1219.4334
926.87464
851.41804
1623.2612
2696.9748
1074.313
1212.9247
-156.63883
608.62245
2168.3082
218.2146
2199.2848
2821.9103
1725.7859
1717.9568
1448.9433
1265.7445
659.36401
1692.2936
1151.8713
1545.9794
556.61839
2759.8991
-229.58944
-211.74011
1397.5741
660.35661
1263.8912
1466.4679
2235.5264
2207.8437
1467.2666
2075.2196
2263.2964
2312.9512
1291.0573
2311.3175
2185.8249
924.46822
868.41235
1761.8408
1549.3542
-742.93366
225.21127
664.88732
670.87051
642.22404
1021.7439
7012.2934
862.27114
731.0842
3229.8023
356.08824
2471.3706
2576.4967
-4.2002983
2656.5358
1115.1397
-9.7096091
1612.822
1705.7196
1208.7899
508.06358
-93.9667
2613.3271
2674.2805
2544.5476
2470.5034
1766.2645
3022.849
1981.8231
1065.6752
1994.7854
1196.6646
2644.1774
665.57999
814.66328
891.88998
2315.8863
2198.1668
1309.9676
1036.6073
1075.197
1929.3218
907.34038
800.76572
2860.5171
2369.7082
6080.5412
601.20909
2904.0661
1673.0766
-89.806457
2930.6582
-118.25985
1380.5177
2327.6006
1753.3457
2287.177
1405.3339
609.40366
2701.1127
2427.5153
965.25732
1391.2801
3421.4446
1064.4266
1999.8214
1671.4809
6053.1241
1020.1417
7092.0256
1510.5247
588.49611
515.43325
7073.672
2300.4996
1451.192
2345.7756
691.84675
1833.3394
2153.4768
547.59458
850.4396
1356.8797
1545.6838
662.92562
2236.2441
1058.4145
811.57744
510.30003
2450.911
2589.8798
1851.1153
-774.07569
759.19549
1191.6387
2163.8083
2653.8143
1726.9603
576.70519
832.53066
1244.0331
48.005656
472.93292
157.83393
938.68995
2107.893
7056.3877
1822.0169
2411.259
1060.1344
266.95269
2120.7959
786.20414
2594.2827
-27.979182
943.03893
942.15544
1836.2677
2381.0102
1717.689
1996.1068
1368.0069
1706.5572
1927.5302
789.40697
1603.5623
1454.2834
2199.9459
805.70008
7266.6706
2481.1902
1228.0265
1870.1211
7236.5721
1606.4191
2674.061
2328.4223
128.0229
2545.5651
981.2295
1524.8747
1245.9515
2223.7641
1120.9688
1965.8054
1008.2824
322.4578
1069.298
1410.9631
7065.0836
-0.83935009
1465.9714
972.39394
599.00519
6910.9184
7214.7105
2354.4864
2891.8082
7031.7424
103.54662
591.11163
881.73521
2139.705
856.31413
2241.5784
2048.5797
1819.2943
2433.5917
866.81121
12.319274
2067.762
2027.0202
1766.3055
739.47949
647.9073
606.10331
2288.9199
2286.7966
1882.1426
768.90671
2189.6974
1184.4735
381.80187
800.0045
3271.7438
1753.6833
1196.9563
1115.3179
1873.5877
505.90183
2165.2415
839.68928
1991.4278
656.72098
2505.6121
391.77167
-313.37128
1061.9544
263.68879
2105.3429
1415.5072
849.02788
-91.613888
708.70642
2854.9719
2907.2841
1833.7411
1045.1765
1722.3055
747.66726
952.24222
127.94936
896.30661
886.6421
3044.1892
1083.7358
310.88751
2617.6953
1262.4315
169.54964
937.48907
2552.1265
788.44919
-2.2150133
-356.21262
788.49707
1094.3242
7501.326
1847.3169
7449.8727
257.23929
7181.3286
2229.759
894.56185
2417.6933
2196.4493
2753.6645
7251.5331
126.17317
2432.3259
1022.9135
226.20643
806.10577
2159.4846
537.84632
1273.9563
203.54783
2224.8246
2477.2171
714.29531
1067.7799
899.72273
986.75476
-79.246247
812.56065
2029.2353
587.58199
2251.5808
1056.0705
935.61503
7053.9225
7.2130808
2600.9898
1268.6356
643.85999
-291.48724
1777.3716
647.63994
1131.7015
523.9118
1579.9685
2815.8186
828.00356
493.88759
2755.1746
1387.9679
7232.5696
1408.8113
7348.919
2573.5298
1595.0642
1483.4376
758.43746
267.34978
-657.80557
2798.6208
6731.1081
1718.1994
2901.9984
2659.558
1128.0014
592.5652
237.9443
1074.7706
2543.8662
1569.8817
1773.7927
1961.3902
-312.26821
1400.7707
1506.8173
816.77984
660.77246
529.28333
383.76144
2106.0941
859.77198
2343.9405
-352.75637
2546.5594
1524.671
7266.5497
-241.69791
2019.9936
2346.3032
1736.5646
1279.9823
717.06323
1844.4005
575.7489
9.4894762
589.69358
2306.4144
2786.9608
1233.004
-272.76156
287.72722
2130.5635
616.24425
1316.4926
-739.1022
7469.4023
-229.61752
1375.2538
217.1643
964.69415
7010.4393
2696.0109
2303.0966
2333.2831
-230.65439
534.51742
1023.6278
873.44786
1896.7434
7398.2898
7143.3879
646.04188
-648.64107
461.50669
4.3705528
119.08903
430.04142
-263.45554
1177.7523
2271.7555
1239.3221
-160.26491
2652.4515
808.23659
1561.1011
2818.2681
2723.7388
515.97459
276.40001
2068.0451
2749.1459
1522.7695
422.63616
487.78632
1455.8893
1020.6228
457.16062
1868.073
919.75442
2378.9669
563.56772
2267.3979
-296.09734
723.06498
747.37377
63.428852
1398.4045
1228.5079
106.81251
2465.7058
211.31936
2434.6168
1980.9172
1071.0287
984.77042
216.47422
2669.8869
-485.49914
856.22705
1238.2291
1362.7334
1084.4253
2291.8588
1897.9752
2587.1496
870.0866
1318.4591
1659.5852
1045.0491
1541.8387
1648.2641
2221.5323
1193.9599
1681.7368
-45.117649
1440.3824
377.88194
833.36779
2193.7412
1107.9069
972.80424
344.11257
2283.6385
2276.0195
1208.6533
1664.3149
2567.3027
913.88206
305.24355
2869.4998
391.14445
1567.6375
938.61286
-215.93263
-202.90041
1163.2454
1307.7878
1058.6682
568.94671
2576.7309
562.65805
1829.5226
1108.5744
2500.1139
1055.4836
-2654.1359
917.77941
1438.335
1147.0556
642.46863
-5.8681665
-441.22099
276.98337
1360.4274
6210.94
594.11215
1559.3866
1210.3947
250.83196
140.7499
7027.9266
-81.299966
7512.7789
2022.0293
343.48848
2588.8192
433.05547
609.09992
-181.24106
174.16369
-644.47786
1800.025
924.13334
1060.2483
1975.6333
1321.99
327.33551
2009.8869
2660.5705
2700.8681
1307.9341
915.30723
1196.2485
1836.2297
2038.8747
766.4224
2679.1197
1718.3001
89.439547
385.40112
1205.6327
2367.035
6595.1225
1573.8756
256.94787
-22.245373
7562.2888
546.59373
827.55176
320.45767
490.33138
7093.5738
12.565971
-239.08753
2090.5935
2815.3358
2826.6869
1294.4582
2022.9488
1103.3379
677.82558
574.70559
2030.0162
1574.5862
1223.8833
1234.7775
654.13428
1057.7137
1358.2614
1588.5048
2378.958
6950.9268
549.34296
694.8235
1236.4406
2165.9414
2479.7254
2520.3091
-501.13561
1651.8748
1426.6941
322.86557
663.14062
1250.2969
1945.4658
2449.5858
827.21573
1370.0544
641.78658
1446.8357
2080.289
775.47785
172.59814
370.39159
6794.6011
730.03292
-672.46411
1276.733
582.82998
904.97541
1316.1747
360.48735
2788.956
1201.8047
2036.0478
2451.2873
2355.6635
1486.3545
2584.913
7196.0004
7153.0481
7042.6829
1979.6062
918.71258
1393.24
1069.63
2264.9315
7448.3354
1476.1111
973.50322
1756.2213
2201.8178
692.35355
-507.44785
1286.1349
721.48549
2679.221
-160.14089
1113.0328
217.51806
2760.1925
1218.3613
385.24425
814.29767
2896.9353
1647.1926
1122.263
2869.5639
801.72747
1003.6861
2183.2495
1651.6064
1604.307
960.43922
450.51215
665.06224
2246.3158
2012.5332
2795.2787
2028.5564
2739.9549
928.33205
7058.6177
608.20318
1084.5204
373.20275
1200.5031
-236.59224
1882.0669
-9.9431266
2833.0886
501.85772
1840.9115
879.20694
1337.0964
1454.7207
7439.6282
637.76871
2694.2082
1202.2866
187.14314
2652.4474
455.85673
883.85126
-681.34306
2089.6293
2158.4881
1636.4365
-46.704089
1496.6981
-940.34419
1846.9079
1745.5704
-18.609461
1493.232
2257.0214
1220.4881
1309.698
543.32769
732.26056
561.15269
201.71617
6927.4449
1391.1161
1713.386
2652.2452
-328.74744
1067.7632
1190.5323
327.84142
1643.7964
1138.1441
488.42293
1216.8617
1926.9853
-5.4832868
1891.0286
735.93117
2179.7346
1897.4882
1297.0704
6959.865
913.99991
7028.1398
-63.402367
349.53331
2027.4611
539.35599
1330.4525
-324.21644
666.02925
7553.4849
1659.7371
1929.1338
952.42708
1214.1491
161.41404
1255.0627
944.07381
2310.2845
115.93591
1080.6724
-108.64006
1916.8035
1338.0414
229.67332
596.13356
199.97474
102.96948
1027.5079
540.71368
1721.3241
430.75874
749.34179
1416.6295
595.96116
1059.5426
587.85945
2243.3117
7033.6116
1945.6053
2388.3289
1124.0781
1501.2805
1688.9435
1215.4582
925.8521
2379.1859
1317.4452
990.57961
4279.5045
1617.2509
753.4531
2245.7726
1361.6057
2406.9414
2326.0417
1567.8866
891.07314
235.91996
1572.2835
1198.7772
-504.5216
2681.7472
385.78943
1402.2071
851.33335
356.79659
905.49509
-803.91753
2505.3969
2079.5526
219.72931
671.93673
1390.617
594.50409
579.89785
1901.1968
1101.7117
841.15121
566.53614
2140.9986
378.94917
1106.0421
1277.0936
1997.3992
1259.6979
2661.7445
1666.2846
1114.5747
1745.2364
7203.3141
1156.4836
1532.3233
715.849
957.41104
850.32691
1727.8534
841.63118
946.603
1098.0374
2577.5905
2773.5404
285.35681
1726.4372
481.56346
1325.3988
-76.236243
1428.3993
-301.35369
2080.6886
520.59053
1380.0618
1077.1454
7293.7998
-100.28336
824.98302
2683.3097
1124.9473
-717.47208
423.18282
6993.3894
2422.1329
-360.60109
935.29773
2416.2772
2640.4758
401.90348
1009.3826
2874.5293
1010.4286
928.22833
-526.6451
2052.4154
45.116403
-739.54165
1488.7026
1589.8137
659.29616
1558.329
161.75676
6991.2079
1983.8635
2602.583
775.63435
2091.4847
703.05991
1494.018
2865.5298
769.5048
145.79465
1437.7218
1511.1599
222.60885
2239.9829
1859.5717
1727.5497
-72.053132
1151.516
1104.7188
2504.8878
-479.10653
1337.3911
2732.7813
752.54594
1039.2159
1301.6548
1907.4843
2042.3272
2538.0879
2579.9283
1879.1256
7493.0374
2171.0217
138.79265
-92.494318
1584.6295
390.91344
1452.7487
668.96474
1483.9969
2357.8941
165.80617
597.28627
1308.2117
471.20881
2082.8366
2060.1033
548.13389
823.65962
-707.99401
1074.7675
386.91345
631.98245
940.56363
1254.099
659.87237
1139.0758
2651.4142
805.56014
2619.9687
4735.5144
1017.1357
7119.303
1517.7356
944.62917
6972.2638
2791.1866
754.35929
1870.9537
1440.0755
560.24832
2022.3388
305.06022
1428.5691
480.65782
1688.885
2748.2821
1233.7072
503.53751
1892.7938
1730.8508
-624.71031
2334.0551
7430.3223
7219.0251
6994.4501
-309.28041
417.27883
-464.2095
275.58471
2166.0456
2605.1448
1980.1982
692.68272
1494.1458
6112.1024
1928.407
-75.374178
1950.377
781.2683
799.50849
2273.0269
2290.98
1818.0017
2800.1294
103.02363
1112.9571
1123.6309
2446.3034
1653.766
-19.696458
231.20728
-960.29139
-161.97096
697.38953
7371.0493
609.62862
2520.5881
1101.6097
-552.61506
11.892316
235.53138
2083.1827
2099.7782
1437.7142
-614.96503
348.69701
1991.9187
610.81284
2188.2852
53.086765
973.58442
1730.6757
2272.0242
70.257779
949.51347
2528.9946
608.71716
756.56825
1000.5048
1498.5447
7049.2034
6613.3189
2493.7233
2859.8104
-119.54678
2022.4321
2162.7556
2394.7607
518.44305
817.71992
2747.7837
489.66344
2674.617
806.78672
940.23748
1817.2332
3136.1046
629.52719
1231.0322
2166.5896
-697.82869
1052.5846
1024.0809
1726.8373
2013.3855
1514.7441
-715.35057
1608.5761
-0.13547783
-258.02442
2021.8964
1909.6973
2114.2736
1265.7064
1587.0655
377.81162
108.73831
7358.6676
1254.342
1139.9877
461.78436
1085.8487
555.45033
1372.1193
1671.2241
515.20975
517.70848
220.52261
1803.4297
1010.0951
6783.1998
2209.7491
238.92001
719.34875
48.146888
838.5352
1889.1289
1495.0598
544.24017
2346.215
1881.0099
2687.6853
880.71338
1479.6143
779.51893
689.77424
1162.027
1053.7062
1923.0911
3418.2829
629.36862
-716.55921
2288.4455
1459.056
843.94135
679.26699
7451.5077
2256.856
948.11297
911.2072
-355.02575
916.68494
139.63027
2419.0161
1626.2676
3.607373
711.23873
1794.1182
1932.2548
2705.7397
2680.986
1487.3944
1291.7756
2630.6402
2396.6676
-44.694739
-794.20131
1079.8787
655.54887
1175.9976
2553.9717
250.2402
1193.5881
2527.5462
2479.3889
2153.0359
1906.389
1199.2087
-782.16108
2023.2402
898.04508
194.33816
589.61733
-397.13524
2565.2919
1586.6615
906.6267
1624.2618
6897.3223
1893.4541
-293.88709
2776.3904
-744.34848
1962.4123
2033.8245
1361.3474
7189.8935
2677.8408
671.55352
6363.9223
1953.958
2575.7951
2153.9758
-398.70529
2187.6872
783.16795
1984.1254
1101.5082
653.72532
3160.1495
1975.8346
7089.087
7592.3381
2806.0801
2596.879
1540.7125
2215.1849
1654.1633
1531.8057
2454.1035
748.84849
1735.0064
1748.5554
116.94212
-290.42694
2291.7915
1970.1842
-203.71921
2556.3403
1248.3705
1101.6903
2595.6365
609.94068
1481.6506
1166.8087
1361.2983
1929.9238
689.89607
1092.2495
-239.05739
1643.5569
2441.8345
7040.084
-291.9801
2604.5193
775.29634
721.70816
1594.6359
6994.2798
2030.8772
1909.2096
7037.3602
1051.4564
1578.4949
1695.1997
667.69227
685.52981
1695.0463
92.735826
-45.988578
1391.3099
1297.3081
433.73594
1931.0186
2481.7178
2377.4376
1575.9141
2424.1434
2404.1549
1930.1271
2276.8639
1848.1764
845.36966
1993.1083
557.71528
572.76642
2906.5347
1442.6011
867.73946
600.17602
396.83789
2082.0133
7562.6135
2492.2046
703.42591
2472.1903
872.05185
2595.0079
1076.6376
7617.4405
2462.6539
1139.5131
2226.475
2640.9661
2389.6928
2725.6431
653.68058
1850.1386
627.45719
-166.18746
138.92598
1047.4473
707.14799
276.99682
1691.3133
2194.6121
1224.7966
579.3076
652.55556
1562.4175
2840.6247
1155.0445
853.37335
872.12191
1537.2188
2736.4937
605.58235
1968.2023
291.35262
2140.0229
856.41584
6222.424
1020.4277
1470.6489
753.62785
961.77214
48.468612
1186.9488
144.09052
862.62623
1859.2325
1030.0979
1714.5341
566.60092
2804.675
1999.2397
557.64902
2308.878
2260.8049
334.00494
520.70696
2428.6511
1254.9528
2379.1917
1233.6588
1248.9139
10.659256
1399.7713
2254.0835
1280.0809
747.50866
814.01549
2235.0145
1561.9207
-418.44081
1026.1003
599.81862
1887.7919
1963.3951
2108.1406
1249.1751
2271.4675
2150.5214
684.87893
-125.94074
401.9568
2101.385
495.41942
1497.9923
2071.1346
524.6252
2517.5036
1220.2733
5940.3725
794.32432
-8.4526136
7099.0245
1448.1043
1398.1724
1536.9301
2357.3222
-291.33564
365.55301
2718.4579
-424.9069
309.46949
1128.0994
932.87637
6377.9414
1248.274
786.92691
2288.1994
1617.8249
706.07506
1713.0603
-94.825031
2123.6028
1716.0508
2870.3695
672.11399
486.16056
2012.818
1975.9625
5362.4324
912.83446
-67.122966
1649.4026
1513.3072
1544.522
1476.5065
2833.3926
1080.7417
307.41329
2245.2742
398.49953
2213.3799
1480.6458
2421.6095
638.8015
1799.5715
1518.842
2250.5676
7306.8851
2197.1496
2616.905
804.72792
775.3666
1894.0532
2480.3338
40.999652
2642.0892
270.89128
966.41003
2463.4768
930.45785
1075.5645
2417.5673
7033.3071
557.64624
1928.2309
22.124901
6847.4393
6200.3901
827.40984
1785.8925
7093.5742
1937.9244
761.62975
2247.1101
1380.776
1986.9949
2696.0928
791.58967
416.73727
1180.6591
872.86578
570.92579
1658.0602
1337.2789
122.30949
765.26013
1229.982
-305.4756
936.6296
955.52459
1283.955
997.09557
2576.6555
2442.0536
7082.8552
136.50391
1363.5326
857.21493
1944.5728
956.82143
767.75932
1830.6005
2489.2952
1254.6891
820.13274
106.13285
2045.4009
497.02027
1940.5417
1967.3388
2556.7941
7097.4684
7093.0546
681.08801
-769.28861
1573.9347
2052.8212
1646.6857
2342.1407
2646.6804
1200.0372
1512.0598
1175.482
862.6719
1598.3672
1560.1946
7058.6656
601.14259
14.269516
150.13754
2800.468
1340.6339
320.57644
2259.7429
1100.293
1972.7458
575.25917
1020.325
2660.3639
1267.1986
1777.9344
202.96042
1450.369
-661.39486
640.5869
1908.7973
2822.3668
1084.9583
7049.3638
419.30536
1260.6541
495.4261
549.04007
-38.831707
1013.2862
812.52627
2764.0282
841.76833
2378.556
979.74823
931.60845
2793.5221
1375.8806
1735.711
412.18267
349.35105
848.02747
7219.0261
1299.2138
795.60629
538.52158
824.14406
1420.9966
2039.3267
1147.7134
7019.6379
2169.0979
1773.0551
2319.7261
2322.7796
-272.53657
1682.0046
335.87826
943.43224
1019.1557
1677.9267
546.83403
1667.2244
874.82651
225.9762
1698.9785
465.05464
2213.2674
6322.1682
1763.6332
65.706595
1354.7886
141.42469
-42.066177
2447.7066
1637.1476
880.50412
593.37933
2570.117
574.7029
2726.623
2392.0144
2550.3123
-83.588798
702.49432
2639.8836
1331.7501
679.66285
2311.2029
1355.1873
878.18497
1600.7228
2708.0997
1725.5721
1034.9631
947.95993
1992.4151
1107.8206
2850.2561
384.06787
2026.3797
1704.9427
2685.7848
2843.8633
850.04127
2439.6795
821.76587
2156.5001
985.57883
6966.3339
1224.1245
1035.7213
1886.8358
2552.8109
1324.7891
2171.2615
1305.9916
2372.064
1186.0518
560.70783
2789.7929
-216.22764
873.46021
1174.831
2365.8082
637.89993
1505.7399
1769.4426
1956.0172
283.32556
1125.1261
3880.018
808.83715
2021.0564
156.54903
701.8398
665.72778
507.98624
1920.2829
2481.3782
2391.2062
2654.2842
2132.9495
-280.7777
898.04184
1273.5857
1420.1366
1524.2163
1434.6068
784.12656
2722.2373
235.92654
-90.453651
-400.08797
6470.206
2147.3459
2227.8104
297.95873
1580.2147
203.75079
2362.1633
1456.0352
2777.1656
2522.6967
1126.1732
382.29287
1090.0407
-149.33134
1698.326
2526.2562
422.39916
7461.0646
1040.5593
2001.7187
784.34368
2763.7141
1972.524
2300.5295
7027.6106
2169.6451
536.08445
2500.0387
1829.3176
1981.8167
1046.0949
776.09615
1156.1145
-517.98712
-29.85635
208.26907
2006.5129
676.06705
1637.3793
1877.2026
6326.4214
2534.6054
246.25829
1495.4641
2840.4045
2263.1597
2371.4461
2169.894
1412.0744
2252.1936
463.0322
157.72316
802.51233
553.68037
410.08868
704.09779
1237.7243
2097.4881
2147.6744
1906.3499
288.86365
10.893937
309.16897
2638.796
2281.6921
601.68734
2312.982
7381.624
1412.1197
1152.6962
1079.1231
2791.9165
626.82068
652.21582
1689.8933
1759.3498
2142.012
578.23549
355.24425
2598.8411
1551.2126
872.85829
1054.667
1547.1291
1984.5629
-783.28829
1657.5488
2594.6472
738.54223
1085.0411
1987.1271
2568.7353
2733.3859
1720.4011
1576.7661
249.81024
-929.51493
2733.082
2689.161
2096.3211
1466.4415
2666.3508
808.81571
1738.786
1679.5737
830.39313
1497.0138
2778.6538
3128.309
1094.955
2077.5076
2316.5792
-48.501263
1823.7629
2345.9872
587.57662
995.84048
490.46858
1719.9127
902.42569
119.27127
664.80806
74.530822
763.79756
7350.1776
-383.73057
1522.5275
7059.464
191.91765
2111.2905
2731.9363
500.07651
1832.9278
2319.876
1148.4396
7518.3903
7399.6957
2391.7955
349.38009
2627.8302
935.58633
2784.345
392.31791
2229.9103
2756.6265
1089.8166
486.7189
7020.9613
1656.992
-84.599257
2777.2728
2760.857
1646.2077
1485.6846
2214.5267
-60.996761
679.08809
2000.4188
1838.5612
982.25074
392.08504
1121.7949
2089.1691
1128.4882
2212.8397
1642.15
507.40544
-409.86136
1618.1625
1306.0024
1673.1201
2895.8407
1138.5031
1881.9667
2636.5601
995.52993
976.59275
576.72743
365.46464
6919.3564
600.57009
2031.5011
-181.80411
582.75753
788.04539
1719.6856
7107.8889
793.54341
522.65301
671.67705
914.51884
621.53707
258.49703
302.79904
2289.9747
1493.3017
928.11216
2672.0088
650.19458
2533.3788
2231.8725
1963.3897
897.63992
2355.7369
2329.5721
518.20888
1612.8266
6983.4657
1650.7456
1714.0836
810.76788
177.20238
1564.0805
1630.3762
459.28022
2571.5231
2661.5102
1649.843
579.1763
896.85918
1651.7034
1091.0796
986.11867
333.84071
866.78304
1422.3402
2312.2577
2655.9758
1716.3508
1728.8682
7348.1996
1206.1571
1276.3683
6765.9244
6668.2664
1489.328
7053.472
6989.5623
567.21251
1167.9264
1736.221
2726.3486
1754.7119
1241.73
1072.0342
-89.285012
249.36608
854.77143
7298.3681
1251.0466
578.27595
2411.794
2633.8206
2587.6263
2342.3214
483.47453
13.669322
963.96917
1745.0276
1726.6182
1811.3104
-315.85368
769.8064
861.74793
7003.067
327.59114
654.95057
2238.0132
1139.0279
1388.1961
1455.941
2201.205
2194.2237
350.23264
127.84895
2740.0428
1595.7114
1291.1466
1974.7391
-64.99394
1918.7219
1033.4691
849.76174
-308.01725
2499.4258
1406.3136
2344.4902
7263.1842
2113.7983
1001.3558
1044.3136
-622.11605
2072.6273
-521.74757
493.50762
769.28207
1492.4197
907.65956
2733.7301
2739.5501
21.507992
790.34521
1820.4341
-323.39415
1605.8129
664.98804
2478.6156
1055.817
2183.1476
7576.1021
868.58013
844.87711
1832.7873
2423.7088
1072.6327
392.06132
2732.343
1776.2442
878.65661
1191.6769
1870.6443
7084.2853
1962.3571
576.66036
2526.9044
1692.8446
930.67441
2633.0414
2059.7016
2355.4982
2137.7601
453.40707
1785.5674
1662.9432
-80.013249
2553.4569
1711.2908
3165.482
2246.6166
2165.598
787.19235
2322.6846
2243.5755
1085.5867
53.346298
-738.6135
952.41853
1176.9747
529.94563
168.6099
614.54067
851.13353
2099.0146
971.10997
1655.4858
2346.7192
1936.6005
950.05502
1993.7412
2211.7855
457.87443
934.06559
583.62623
122.17853
914.64002
1362.4542
1430.893
1315.8604
2394.3198
2690.1829
2602.9083
1499.7837
2387.5142
172.50418
502.02055
1657.7184
1079.9072
823.41141
2891.9202
1439.3828
2601.4488
1889.7745
2782.0552
2363.9722
636.89622
812.6005
7177.4625
2626.6734
1077.8126
2359.385
858.32923
1997.0036
2208.2717
841.15358
2664.8118
1660.5578
1358.8511
2019.1186
669.02626
1104.9608
848.06012
1501.5675
1088.5641
120.95342
2895.5463
2826.1954
209.92636
2070.31
-453.80761
121.55571
6145.8467
2850.0891
2193.5489
1519.6778
606.84475
1334.2287
1989.3966
2795.6588
1223.4714
507.49157
2282.6445
2082.8634
-321.58275
1849.3276
1116.9788
1679.9352
616.63192
-229.29845
1895.714
945.63351
1619.8962
2978.1782
2939.6741
2651.6307
2269.8173
570.04448
742.58253
69.059143
1180.2086
86.923162
2026.0506
1566.8914
2569.8981
2277.9613
540.43501
2392.1881
46.474073
7003.8876
1064.8637
2032.7669
2503.6372
1717.8764
478.36413
2619.7749
2913.0672
2150.761
1394.8986
1988.5797
2772.1998
1010.4202
764.98557
2341.776
1870.2471
2702.3281
1735.5054
591.75151
-175.95248
2047.0148
1384.3566
1965.5464
6120.8861
920.25314
2637.6698
1341.3322
-248.02309
2842.0529
7390.8809
2002.2466
2770.6812
1944.2645
1216.427
524.36987
-133.06475
1861.7442
1355.9604
565.07072
819.62634
1147.2441
1198.5889
488.21828
1341.5379
1446.6206
7181.3263
1122.9832
926.08784
531.24697
-90.030251
2449.5013
3880.8145
5643.1523
6960.5677
304.44685
7270.5887
369.2387
2799.2301
7143.4094
1241.8246
2015.4225
888.77021
269.12095
936.6814
750.46527
5830.9765
1052.6936
1928.3663
1173.2885
1242.2375
6996.656
1625.5994
915.25101
76.96919
6405.9775
1749.8666
854.3539
-28.304934
603.93629
1470.3686
2306.47
807.39862
7075.1833
404.40558
1375.0346
1999.3804
821.35788
363.41806
1216.1855
1051.7159
2465.14
1713.0478
2713.663
2793.1691
2103.6496
277.83137
-220.6049
2550.4634
1281.0805
2063.6184
834.3701
6575.8885
2669.4407
2200.7394
1848.656
-183.22404
7424.4431
1167.1582
2206.9756
1252.967
1028.1738
1605.5804
1560.5995
1326.6451
-262.71747
2565.2693
2374.8273
2298.4507
2627.0026
2403.37
-652.50011
842.96853
784.90302
2279.4089
634.03734
2421.2154
1741.5721
1410.918
1864.3822
2160.7381
813.16837
1223.9557
2465.4646
2064.489
1186.716
1287.0862
392.54476
2580.8279
1745.3679
2351.3777
2534.6043
2261.252
2187.527
463.07577
2340.8959
1276.2587
2789.8269
7090.4972
189.85846
887.7159
813.45546
1722.7851
-123.40546
1399.7515
881.48706
2164.1236
1205.2448
854.33939
1552.8788
962.43478
2098.704
571.0059
2718.6285
2160.4979
2004.2803
2662.9698
2593.7557
-286.13947
662.77827
2048.768
856.15115
2541.6813
2501.0303
2231.8206
1053.4313
1073.9674
2056.0907
1718.2505
1620.706
603.19153
2057.6522
86.382709
568.7236
385.35912
2601.7888
2587.3723
295.46288
913.62758
426.15095
1584.7956
1783.131
412.74791
2698.2221
20.368246
186.1709
2270.0377
1603.7955
560.32291
1343.3668
770.32007
2215.4619
1732.0049
7250.117
2645.5322
2890.8405
591.69225
7391.3253
870.53342
2323.8242
7378.9788
2187.6351
998.24176
443.87183
624.35088
2889.5433
752.52662
2906.5987
2334.7923
1918.832
2055.657
1390.8945
2184.0682
1653.3676
1831.1469
2241.9339
444.23589
867.53951
-142.69682
1444.7156
559.68202
2278.0739
6989.9789
1191.4116
657.4891
1070.8298
1339.0046
1752.4014
-24.014121
1000.6312
1962.6953
188.92067
2695.5626
1220.7848
385.06686
2554.1227
1107.1956
1150.4143
2418.9171
1287.6639
2299.6909
380.30945
1986.2551
2471.0896
1854.5573
417.69742
1028.228
1354.4825
2269.0491
1527.5417
7043.1742
459.40446
2593.6339
-145.05247
95.866751
1442.694
1508.7164
2181.8747
1946.3581
2038.4316
654.76206
428.60867
581.91995
1916.329
1531.7113
719.85416
2514.7057
3028.8997
1125.2338
652.69628
1589.949
322.11993
1437.1922
542.27507
506.4096
2042.0316
1694.8024
1326.7508
1852.901
7065.0283
2139.4121
1476.163
1300.1078
513.95581
1818.783
2220.115
1838.6106
2620.0846
822.80733
1740.5797
527.47783
1883.4942
1986.3451
840.11691
2179.9185
1456.0958
1363.3598
2502.147
2624.5342
2037.4361
448.47255
1648.1562
2413.2703
335.63329
975.90068
2441.6874
2604.297
1262.409
-500.3332
2058.1474
2344.0881
955.7273
2188.9251
1420.3363
1752.0948
2529.8822
931.78869
226.17742
7303.5138
286.91843
1019.0591
174.31702
971.27365
553.98227
1065.5183
2081.7869
1567.5961
1702.5233
392.51447
2951.0745
354.01573
2033.5255
236.98306
2033.0263
1981.4251
2457.4201
2367.227
517.15227
-172.5496
767.57879
1681.5879
1461.7787
1688.9345
2080.9142
909.68378
1300.4206
603.75568
7047.0039
1745.6939
1712.7559
2365.3975
7342.7584
56.36239
1523.9489
1436.5561
1896.1935
2861.1555
1627.9873
2605.249
1060.2958
74.771665
1807.3688
1570.0491
955.2458
-116.18509
1548.2582
1098.6341
909.2207
1528.2163
1007.625
2154.2672
660.31742
2933.3137
2064.6565
2076.3537
-83.838785
1307.3046
2234.5213
547.84688
2185.2935
946.58471
2630.7123
1799.2467
-636.08706
-41.184639
1921.1948
1309.5074
1165.6943
1119.5425
2706.8192
532.82008
2384.9371
1718.8531
2583.8163
247.96418
2729.2902
3449.8411
1420.9408
2785.0762
536.66446
2252.4765
2374.8487
236.29508
1184.159
245.19764
2272.4902
1669.4212
2713.744
292.16688
7540.5731
2531.1759
3482.8648
2143.1285
1791.2694
1059.8635
2630.5348
2793.6467
2598.1112
646.87569
714.42256
1727.6362
279.25965
362.28549
1159.4324
1939.9173
2672.5644
153.62895
2345.1816
2233.8736
1619.7851
-470.37871
1951.7448
2431.0941
796.89102
1728.3273
2086.3549
2525.3187
-282.37834
7323.1494
1384.2524
759.02038
412.53537
2763.1548
2503.4299
7025.9494
1960.0875
2101.6493
1216.6962
1065.065
1095.5404
2627.7628
7548.0874
95.279507
6700.2726
7166.9381
2779.8746
-201.91602
821.48679
771.50452
276.3881
7454.2534
2543.6156
1070.9626
1702.238
1836.3681
2432.7532
-342.09098
1587.6966
2873.9045
1449.9379
876.9906
308.44615
1554.7927
6988.4358
368.04948
6906.3162
2155.2339
1518.0617
1925.6921
197.26662
2402.0372
780.82546
1880.4808
2574.5793
1101.7409
-590.80986
1056.0798
7321.3007
1491.7936
1496.3885
2173.0428
-194.17586
226.12805
-311.46434
2012.3885
1328.5945
1715.1058
730.02815
2273.4793
2357.4904
1484.9395
2233.9099
1128.9958
2148.4671
7027.5857
1438.6468
-1314.5046
193.41996
2644.7332
-475.50125
2910.0361
892.80623
806.52352
1602.3945
695.78021
1502.5154
2030.0888
-493.64557
1716.5956
515.87559
556.54496
148.04545
1173.7234
336.94273
474.56409
1973.2176
1414.646
1789.6899
2757.4222
2252.7695
7206.1992
1238.3826
2813.6543
5229.1305
424.90263
1623.7123
1086.5918
1250.2105
-457.34484
560.28446
2819.9859
1009.7741
491.32332
-504.63379
1886.9132
2526.6345
2691.3165
2882.3331
100.03319
2712.5948
600.90865
2068.3401
180.34405
52.027687
2316.5762
360.70895
-111.25515
2395.7219
2570.4416
1998.9846
2593.3055
2206.5735
911.24124
875.87204
546.34379
1718.8316
147.68598
-407.05441
927.11758
-450.44036
644.22047
2185.9655
-22.918754
1101.8087
-1518.9016
3034.973
2496.5478
-28.707792
430.91015
2351.3235
710.18295
1226.8362
2377.7165
2395.8816
534.61725
1847.3802
7394.4203
641.58816
318.18275
1222.9848
656.54607
1840.4504
2634.7025
2563.3668
1304.7764
-138.46932
1541.336
2222.2653
1027.8326
6906.6415
7338.4457
828.66214
369.52121
535.82697
1261.9312
853.20321
2350.6568
608.98182
1383.3667
1964.3893
2321.8734
-219.94991
6307.2754
2761.1575
707.11504
1224.7118
916.61986
2058.2097
7119.5922
-38.627619
494.12668
1383.4789
2544.3376
2731.5582
1067.9341
-504.07127
2258.0876
2044.4483
17.217632
127.80808
713.15125
1584.6132
2396.4686
2095.9547
1090.6422
2531.1694
2720.1624
1612.5608
484.15775
962.22818
-66.584163
1983.3204
1919.9767
1631.8985
2033.15
906.2152
2192.5909
-772.69067
1379.1174
1144.55
-93.369525
704.48725
1945.2897
534.98628
1639.0397
2314.7893
2560.4795
300.73988
7125.0962
1446.2716
7457.785
523.38724
2472.5667
2170.2481
1637.2097
148.9603
2383.7152
305.97472
2719.1824
1039.9496
542.37121
347.88632
716.04624
1695.3593
1288.7706
2972.9182
469.74855
900.89159
1140.2479
2384.1104
1616.5511
2927.3118
431.33676
2282.2445
2018.8736
342.78224
7103.315
625.7105
6605.7079
1360.944
7326.1739
1459.0009
426.68706
1659.7105
581.78628
7006.5221
919.09361
2186.9026
405.70286
1326.7999
-703.92054
952.97741
2001.949
6985.4598
1733.7224
2924.3891
28.86271
631.66536
3106.7912
801.83807
1107.9575
1358.6171
2890.2865
380.7922
2144.5419
-43.600797
-756.16095
-236.87388
1209.9898
2107.3971
1515.8039
1924.921
1718.2431
1753.3552
2027.2729
244.82225
-172.13224
-283.15494
889.66907
1462.5387
-146.26782
1506.3501
1490.2857
4222.5303
2576.2187
2808.7164
7338.3832
1141.0679
7067.5316
689.24962
29.31496
1980.46
814.30957
555.9915
1217.7785
630.67056
-27.030409
1875.8354
2727.1215
1983.9849
1931.3904
747.88868
913.4795
749.30462
732.04895
385.46193
1250.5396
1092.24
1035.8083
1038.0698
1347.0662
7479.8852
1454.3007
683.74718
1041.8553
1128.8587
1116.8483
2201.0442
1226.3087
593.61631
545.43895
496.66016
1384.8201
900.12901
1968.6059
76.416687
2569.3846
1616.9692
7293.037
944.57094
1900.3076
2218.3273
667.16553
-129.9794
2087.2952
1337.8188
654.93143
2569.8509
1574.3828
-179.32032
2646.2334
770.43189
851.42885
2751.2041
1030.0362
2659.339
2592.8055
2155.6681
70.229022
2917.7805
1480.812
2739.4793
7070.969
1305.2589
-120.85232
583.54438
6586.0079
1591.7951
270.00065
1637.0836
765.17425
7194.4207
1561.7651
2920.3298
1338.207
2015.1881
1842.5897
932.61582
7195.5901
2085.9303
1609.5833
1613.2438
2271.3387
1659.2227
2344.243
194.82642
1238.8763
1383.1784
-127.98427
-704.09267
2378.5703
2559.5016
2519.4619
1047.8118
1426.0121
6976.4498
6993.9507
1940.9297
-140.23604
1612.6689
2667.8997
1543.1164
2738.8593
1874.3399
2402.1978
1364.8625
1790.7637
2847.0219
1526.2903
183.07887
721.43314
2138.215
7377.569
1833.1111
1177.2927
1054.7128
1422.4377
1074.8174
7135.2676
1991.5203
2487.6375
646.35897
7097.6711
555.20056
950.60237
2408.0108
2526.5541
1541.6088
1536.3281
1544.8226
2778.0147
906.27377
-2914.8625
524.74951
575.26121
1939.0276
1346.4961
2031.0879
1864.2888
915.08287
2644.4402
-611.55225
6248.605
778.39613
2479.6526
1832.6901
49.713761
5229.3806
7244.0074
1232.692
-245.56193
1765.7787
1442.3403
1889.9278
2327.2063
1927.9611
838.70278
813.27557
901.97649
830.49094
2180.1512
2015.292
-346.42584
481.55799
960.89847
2756.002
1301.3771
1423.217
2403.9076
2064.4332
1151.1019
861.24856
-443.08999
1431.3778
1914.1766
784.48903
315.16458
932.94386
2748.0389
291.11231
2015.036
1264.5279
2385.6623
-185.88525
2047.3308
7435.9951
2322.2609
1576.6326
-74.19126
1463.7473
1322.5937
1989.4321
1269.3898
-250.26132
1254.9301
6757.3241
6980.5452
551.03568
6096.4134
-780.43046
7344.7611
511.11857
1455.626
-65.319669
362.88841
1606.1784
2318.2456
2676.8432
647.7831
1127.4191
-74.97501
1409.1946
1599.3157
2200.7182
553.41691
3406.1594
1080.141
1565.9996
2648.5858
2121.3615
1915.9251
447.09301
2578.2748
127.26216
316.79418
745.62835
2585.09
2091.3914
6248.8677
2559.614
2232.0294
1077.7574
2683.5876
227.26446
362.51845
-1145.5855
2203.8054
7005.2079
2444.2398
908.00732
941.72458
149.06039
1705.4689
1610.8233
1939.3519
1338.2428
2465.0283
432.76289
2677.998
997.3738
5414.796
1772.2249
1649.0992
1383.6109
2636.4301
2198.6154
7211.5153
1589.6541
455.81408
2542.2015
577.98458
2130.5879
1852.6928
-114.88202
1074.8734
1531.6864
-83.496386
1329.4417
874.58696
2660.3512
1788.2307
1326.3651
1967.9564
1728.4839
2427.2868
2497.9375
1695.2673
72.128923
-4.8954016
1058.9629
1052.688
2236.0786
1095.4838
1136.465
1066.5592
1498.1861
1093.9951
-569.21514
7135.5279
619.48014
1185.2666
971.48343
1523.7122
2560.2977
2137.4742
2876.693
911.67865
824.07879
7160.1962
444.24231
-190.56206
578.00807
-409.49069
7476.1225
203.20223
1070.8049
7028.055
689.31126
116.324
7391.4597
2745.4967
664.82004
848.01756
543.04428
3023.0779
419.03447
1181.5726
2732.0294
2159.3244
1735.4289
7170.5945
7036.6848
291.50971
2016.3956
492.08638
2110.1067
374.09915
1048.8903
1221.2601
2061.6936
1271.3714
2784.0889
684.95577
2461.9863
1677.2267
1400.8664
876.74745
1244.7826
1268.601
690.75583
-78.063059
1719.7969
7378.4068
864.2504
1440.9831
2288.6015
1812.8251
1617.1551
959.63348
2456.9496
738.58113
-813.47291
1658.1224
950.77083
1711.3822
1836.0341
3504.9161
273.30363
6219.0549
498.05218
968.50989
113.23989
6964.5822
1287.4374
542.39495
7125.8002
853.27671
1235.2217
190.29252
1659.0292
535.41358
1164.2594
811.45983
1751.2376
679.49689
336.32343
1904.6856
2518.5089
1991.5115
900.55696
592.38244
1606.6287
53.093004
1261.0888
5504.553
2848.9116
2885.2859
529.90864
7319.0327
2597.6994
2184.2665
600.88265
-439.53602
1055.2857
607.28224
1260.5384
1944.6972
2511.1993
590.55904
2556.272
877.05452
595.8673
7017.2614
2859.2103
2189.0672
6760.6853
7173.2068
659.27381
2427.0608
397.91843
-383.77945
2307.4055
2069.8369
1394.4489
505.10741
1436.0249
2224.1663
1319.6993
1423.4982
625.96191
7034.0241
-225.19939
727.81013
1086.4777
2271.9387
1648.6539
142.97212
7600.2037
2586.9092
584.54885
-105.46379
7028.3633
510.07131
2176.7182
1911.6747
-198.93985
186.89289
387.23322
7384.4756
613.6088
368.02505
114.85548
969.36778
2540.7086
2277.3572
869.12591
745.37933
2428.4785
2297.2882
-61.261592
-566.68771
2084.045
1549.6146
809.62519
7251.1756
2157.0079
35.490161
224.71511
112.92126
635.54743
2161.4813
551.61969
1981.4176
340.60327
580.1821
1315.7033
1756.3529
1993.7734
1928.369
826.21091
3232.1508
2201.8239
-554.96566
2291.171
419.64789
919.08747
31.242652
-509.79741
1628.6843
975.09696
2482.8897
358.39786
1536.1401
2531.7699
7327.7343
726.55238
7179.9325
2157.8471
2839.5547
972.51439
491.74797
2171.4935
-728.01054
-664.32828
1886.5911
6039.7876
1131.0493
531.06812
892.28248
659.75472
813.05924
706.95401
2755.1731
7159.8161
730.95041
923.8357
1864.3529
1727.1211
-304.31005
1534.0181
1101.4662
2479.2533
2473.111
854.90629
1480.2204
7043.1596
561.96582
2074.1431
6990.2011
1781.8984
7230.8547
1331.7765
2589.3134
791.63549
1847.7378
1989.587
1408.4169
1479.0109
-456.18178
-150.03848
631.13663
1955.1071
1067.2178
1250.4749
913.04593
2295.0242
-293.37546
454.87574
1960.1981
583.47694
291.19386
264.6216
7034.2236
-8.955328
1512.7649
-296.85391
1742.1247
1304.189
1866.8491
1395.8313
7406.8896
872.36278
1406.05
57.091114
1277.452
-499.12222
875.95327
558.27609
2102.5044
1934.2952
1987.4353
467.69686
-810.29531
180.89597
2656.4881
2057.7153
1708.3159
482.83717
1290.0916
926.80305
544.77025
2100.1274
859.21076
2013.7194
1926.7216
424.37473
372.69537
200.4464
2075.0588
2617.2429
1073.6502
549.7819
239.2227
1668.5403
1871.3693
251.46758
-70.639583
475.59118
2099.0652
729.32383
-541.61349
2575.9852
1560.1589
297.84858
640.45062
689.10365
353.91306
1417.6469
1077.1243
720.38417
-398.2909
1633.6898
87.00281
629.51417
79.316381
665.79509
2364.6798
1655.3854
2214.4677
1159.5159
943.24061
1861.8131
-222.93543
550.22361
1044.5206
2523.4403
1499.8316
471.31782
2574.4346
811.41888
689.90478
1303.7223
1295.2151
1373.6923
2453.3385
2616.7447
394.67874
2698.9725
1298.5839
2736.1043
720.21455
661.25575
1207.0476
6043.4998
812.84664
2666.0001
941.00969
1370.3493
629.36809
2155.9658
7413.2456
2754.3663
1570.1958
1032.0038
1349.1996
584.08056
-687.49895
1989.3449
139.72788
2820.9461
964.87674
1618.6488
-128.03934
-729.94013
1969.941
1726.2801
-417.48397
570.49447
74.204279
587.00625
426.54971
761.36308
1322.3639
7104.7607
1109.8943
455.75505
1020.2351
778.11764
98.987012
2614.4405
2647.185
1379.5231
409.56659
88.84835
1590.4116
-178.48518
2654.8414
1235.9061
1008.6972
2134.8231
1452.7264
310.48112
157.25918
7237.6
203.63502
1539.4249
101.28923
841.08007
529.85267
2778.7499
778.25278
239.83789
1726.4544
293.412
1614.7743
-1023.0837
778.13874
2335.5594
-445.28148
-728.97554
665.01619
7400.4489
802.45715
2445.7395
1958.3925
907.77796
113.33481
2751.3495
1388.5317
-309.444
2922.4126
1801.2908
1462.0036
1993.7407
433.29627
1734.761
1178.2001
1941.3824
1934.8897
2151.2617
7010.5239
879.4385
179.67019
398.57812
1143.2795
551.73991
523.18234
737.9994
-690.23741
2724.0542
1811.2662
1020.486
1109.8036
666.50957
817.1299
1558.0889
744.87115
1041.7595
1558.1114
1331.8799
679.32074
563.34026
7419.8562
959.8145
522.20288
566.54028
2411.5714
-118.33511
-72.558006
1167.8688
1774.2537
2116.021
157.62429
510.74265
703.38296
571.33282
678.34984
1576.4378
2116.2921
2248.539
1956.2257
1300.2499
282.68214
2496.3305
694.90864
770.80869
6869.227
1483.2777
1369.2607
-242.65427
109.72771
351.45566
191.12142
2417.7353
3072.7116
872.62201
1528.2417
2795.6557
873.92985
1243.0207
1748.1437
1704.0907
1403.1455
647.532
2832.5615
891.04066
1686.4692
2106.2908
579.7894
1128.2605
1931.5296
799.16933
2094.3998
397.88823
2145.3516
1429.9289
-742.27575
943.90924
799.52572
796.02225
-238.47413
1198.5893
2510.6196
1697.9033
1383.0519
1532.6589
1704.4643
7010.3511
643.18072
817.25462
2118.6883
-213.95531
2861.0353
1133.2442
2444.9979
481.8796
2685.0172
987.35507
7004.1739
-545.56182
1318.4961
708.25576
2378.2767
7064.2944
973.28327
1343.6421
591.08303
1954.8674
2649.2642
2087.4098
2845.5869
1290.2655
1768.4427
602.16931
-75.518299
2224.5168
-172.83768
-334.53377
1238.0484
2469.4283
-362.90957
2736.5423
1324.4746
229.03969
1817.8527
2695.7739
1605.5336
2338.5586
1912.608
2951.6912
1905.9716
1126.9381
-183.55231
1561.0985
2058.0429
434.51398
2717.4535
2582.6759
6758.0545
283.92121
810.88444
388.81074
2737.8444
1085.155
6792.7103
1025.0604
2023.7343
2556.917
1836.5416
1875.7373
1592.657
496.01635
870.48736
1875.0399
2665.9161
263.45033
845.73634
2065.9773
1399.1142
2711.4076
-557.60382
6250.2284
2609.9237
-153.48961
1195.7856
1305.1026
7215.5449
2515.1328
465.19501
2386.7796
393.69075
1191.6665
1154.6892
2852.8616
248.43895
389.09632
2084.0115
2371.449
390.07244
1411.9723
1432.6668
1800.2306
2006.2408
1680.7634
779.12052
2782.3587
1848.9416
1808.7496
1813.9103
1352.942
-232.85428
497.78467
622.44163
832.93629
43.237852
7546.9836
-250.04988
2087.3027
949.30429
2572.2844
839.30996
-781.44124
2967.8135
6996.0675
711.47605
7526.2257
2738.5451
1393.2469
2255.2049
713.95845
2492.3783
825.3713
663.70372
2597.6041
2396.8827
2547.0003
1529.7647
453.45532
1265.0366
2559.3379
2134.0432
2351.3939
1098.4651
1680.8534
2383.0841
210.89383
1388.9429
712.25892
932.98088
2766.9037
713.89637
627.15432
845.16078
-2.9979747
2294.2387
2375.9369
2072.6244
1962.0679
1875.9146
7555.1105
1343.2153
2649.4281
1162.1626
79.708018
528.87975
-472.03082
393.32483
-265.97186
1123.8803
1131.7995
2505.1169
639.1819
1725.7662
700.79533
2229.3557
1164.7973
1723.2621
698.50589
2297.2282
1940.3712
2544.012
1493.425
1288.9047
-777.56582
2616.8193
1817.4835
1633.4
763.77207
1425.7656
2557.3011
752.14951
6977.6342
-716.08064
1459.7508
2648.1055
1694.0687
261.27615
-118.92651
2251.1056
864.13693
1815.5238
1933.7193
5955.1111
1003.8197
527.16896
2815.5825
1003.6255
-106.31207
2334.5675
2166.3173
2382.325
1880.426
-299.96554
2260.9547
1023.5794
2196.1403
1301.8819
1742.0197
1975.7786
1197.6786
2869.982
1441.9418
789.31974
930.06113
1202.76
584.31541
483.71991
2144.1255
1966.2531
2429.5715
1117.0101
2032.465
2263.2422
759.53765
-721.569
1517.6787
2017.7783
1233.1377
1162.7738
247.28384
-162.10421
964.70254
1083.3067
1386.8985
706.6475
735.18069
720.43191
2741.1649
1321.8514
861.40577
2095.1115
802.80838
2160.9924
857.95638
1702.9504
2062.9009
-902.47202
1625.0765
1674.663
213.55272
7067.1017
2135.7962
1212.4036
2419.2221
195.55823
1592.6654
848.28037
1952.9133
7027.0396
914.30934
2079.7918
120.75682
1982.3278
339.15273
1256.1326
648.0015
1801.68
1982.7063
1301.8613
2171.7203
2218.0879
-227.72952
1226.1556
1034.8651
980.76117
2805.5464
1532.6124
-523.53229
-13.402501
1871.5128
2302.5168
1654.6819
-46.089992
870.14431
1917.168
1523.1866
876.34071
-574.55963
484.09272
2025.372
737.68063
1577.0584
884.60419
1759.0714
2625.1605
2336.5052
6501.2864
2099.1399
2759.2667
2707.5349
2413.6523
1096.3514
2325.6017
593.49987
2046.82
7322.7336
2774.5355
1918.0352
1072.2615
1330.1083
762.36657
2331.6186
1155.8123
578.22101
428.41497
620.36091
1638.3151
1878.3244
1864.7863
1484.7724
2796.6665
2667.5
633.61193
1670.0964
2422.1231
894.08169
296.2736
1007.5845
-15.809566
1041.4003
543.81282
2351.343
1167.3578
349.47329
887.81099
1996.7212
1152.7902
2400.5082
1381.6745
2264.5535
936.52407
2631.638
2901.3033
2571.6181
500.82936
1960.5943
1326.5087
-292.00845
965.18922
663.02787
1972.3471
669.97317
1153.7197
174.56618
5.8080635
2588.9728
1082.1812
2530.5463
488.5832
7141.8342
674.14076
-604.88101
1091.8796
2771.4564
6537.728
-362.67754
7064.6505
783.17456
1861.4654
2521.7375
1916.3034
713.43778
2369.034
982.97578
886.74467
1769.4698
2164.7856
-261.83253
1031.9724
2127.9019
1804.4521
2645.7057
1486.4673
1882.0198
2476.4112
2229.5363
2061.0653
1472.806
1171.8199
2802.8877
7408.3747
1390.0978
78.130829
1471.7193
215.00607
2730.597
1088.9526
1914.7708
2513.2428
6979.9157
2519.8819
-801.97019
1761.1052
1349.0926
684.53648
1767.2123
2073.7185
1440.4241
2196.2998
2896.0713
2196.2449
2063.8594
1445.5659
1431.0556
-33.791908
1208.7772
2500.0508
2570.6943
1798.2665
396.58349
1869.9517
1024.3769
2507.8695
824.00496
924.66938
2227.5506
1230.2388
1033.6157
1406.2749
7076.0537
1080.4188
2753.4997
-534.74353
657.93211
2264.1777
1911.7226
1661.961
2090.1958
619.15033
1415.2799
514.08193
1033.4499
2819.9103
1908.9187
1281.0034
2281.8505
615.03328
2438.2654
1144.3466
6984.8399
1172.9742
1679.1587
1402.7742
2797.3511
1877.4924
1670.5513
2636.7097
2543.4059
1928.8268
-191.94909
7081.2955
2477.1713
1443.6795
386.20566
1556.8788
175.09369
2372.2876
189.09715
104.10674
123.94892
2628.4283
2441.1673
2626.3362
2682.2755
2456.2454
2591.8691
1642.246
788.03382
2573.7323
925.82632
1024.3091
1110.3669
2443.7298
2706.5129
1794.5598
506.12588
2225.2841
1675.4562
7142.1488
2149.8727
1577.9556
591.62887
1535.3791
1006.1928
2645.3444
2163.7857
747.61215
1619.0321
2356.3159
1395.207
2310.9062
125.76621
899.56595
-156.6667
1936.1078
-200.29014
1365.31
724.78164
914.30112
31.32746
227.60241
668.25109
1927.8154
871.59667
1077.9363
2528.0896
-255.04046
1796.3132
1463.3461
1884.114
2304.7395
2034.9357
412.3237
424.30388
2543.6309
477.53891
825.1986
2040.3135
2339.4728
-15.083244
1920.2636
-611.18911
1004.4039
1106.2314
2873.6127
1767.9645
2487.533
6410.9072
1624.6432
-487.92818
1674.6905
1562.9243
2363.5154
311.45531
2568.4688
1014.1187
1730.7352
-500.38517
1582.8553
574.45305
415.27561
6723.6674
982.70896
1824.144
1533.7547
951.94293
1173.8311
888.76558
7037.1698
1734.247
2671.5992
1995.1493
2430.1297
758.70563
1966.882
2103.554
879.47052
1100.8568
1000.7925
1891.388
1426.6527
26.30889
472.35323
1771.6892
1806.4311
2583.4312
550.32481
756.07021
2027.1748
2713.5127
2319.3099
1706.0239
2223.1898
14.860925
7092.3359
2119.3656
-199.58609
691.74836
588.80411
1461.0077
1140.8652
1890.5317
1606.505
-16.657145
7028.4608
1780.4761
28.57351
-1301.3936
201.85559
1422.2689
2193.4261
6578.7198
2529.324
585.99964
1225.9192
1199.1569
-262.94694
2842.4317
2242.0545
486.50132
7015.942
7296.457
2248.4987
2608.8094
434.29617
1789.0297
15.597917
2922.266
1577.5357
2479.5692
122.01826
348.11341
2742.098
2094.6594
-355.51069
2697.4592
663.61931
2123.3515
562.54175
515.79762
2583.2147
2874.6428
-680.21092
1121.8724
1335.8797
1639.9796
2282.9088
1191.8055
2794.0201
2570.1309
590.43046
2648.898
7322.2833
-183.79794
1936.2029
2302.5807
1743.7471
7053.9282
-81.093842
-39.958415
483.17775
7066.9084
379.37006
349.83393
1667.1715
715.7657
1327.3159
576.49947
1986.8463
-22.30008
7135.5244
355.25098
473.21025
1321.9211
168.79338
2158.6279
5336.1583
179.9632
2328.5643
794.91757
1578.4547
2186.05
1825.1283
1101.2224
1780.5899
1264.2078
1318.9445
320.94565
-305.25227
1586.317
674.68724
886.12592
907.63088
2587.8275
2150.6548
1907.629
1625.0526
982.61273
2488.9506
1251.352
7115.9909
2460.5343
2391.0013
217.12323
998.4907
1131.7811
2563.4724
-193.00301
7039.2743
1920.6754
2813.6007
-143.66918
1072.5957
2517.2795
410.7011
982.11681
1429.3986
559.42939
884.00468
845.05074
1204.4664
6011.3359
345.96138
352.22367
1657.7802
1465.2534
1663.3481
42.616636
1866.0508
536.05003
2432.6697
2044.3362
1314.1912
506.6466
1338.4442
6339.633
1037.7957
2566.2673
1997.9436
160.6549
530.2847
1604.2615
2038.8085
1037.6378
2506.633
1019.295
1013.07
40.650519
837.97845
2085.6777
1140.216
747.03619
155.83668
1360.3136
1089.1162
2637.1617
-706.42908
7440.8663
1787.7238
-192.94177
957.80936
366.30103
2074.1415
-163.88978
1432.3114
572.49333
2680.2657
2531.1041
161.38911
6833.1617
7590.5126
1656.7295
2912.9349
1836.2624
357.41579
-168.77893
1775.5346
455.1604
7215.7932
1625.5898
343.56616
1477.9702
1555.4624
2732.2773
2576.2451
1837.6805
644.13626
-285.75749
1006.5554
1138.7884
2521.7127
2139.8074
1536.6937
2749.0748
-19.077319
-314.52821
1220.55
1280.8277
196.70402
489.39716
1984.1445
1545.4608
1476.5981
-212.84426
535.08598
1512.3638
465.06196
1031.5286
775.54609
2138.3583
403.86053
580.6656
1370.0346
-548.82543
2372.742
1743.3146
1972.0428
838.14689
1402.995
1387.1303
7256.1994
153.32764
1940.7345
2881.0644
722.9621
348.64846
660.94473
123.18092
497.52845
1069.9313
1085.3715
1834.3422
837.94707
2790.9623
2419.4798
2049.5686
1531.7123
1887.9937
2338.7809
1356.7765
247.77189
678.16296
1399.4181
7039.6966
1871.0489
1019.4128
1095.1647
904.74495
2073.6965
240.23936
807.45517
7065.0603
444.16108
345.5898
6682.1522
7024.6329
149.29501
1879.5107
710.92193
1130.5919
1088.5782
2485.9101
397.77862
1226.8855
1895.3151
2621.1872
2115.9168
2520.9649
732.1341
1608.3521
1825.7684
6.0328061
649.88175
803.16428
1688.3001
7028.6278
1137.289
7049.893
1130.8796
-65.153247
103.78704
626.5535
585.23514
2432.6384
1909.1834
2452.4512
3219.0535
594.83283
1926.3572
-159.36471
7037.3731
1245.6022
1854.7204
7065.7516
2490.0093
2529.8839
-133.18779
7046.3141
-2.1095465
1270.3696
1673.9539
2387.0009
569.03109
894.2902
1774.3432
1799.1948
1234.9105
6766.3759
2737.3507
2419.4738
1497.3241
925.11872
1359.49
7073.5095
146.87143
1151.5698
1111.3236
1356.6907
11.564263
132.0232
1126.3123
2647.9612
2320.6361
4.9464219
609.92771
707.59363
250.81873
-99.991276
6994.013
620.03783
2685.7349
-227.66342
2154.5103
1396.6114
342.0655
1416.0371
7047.9585
281.27966
271.75018
7010.8677
1000.2836
881.30804
2718.52
2565.5213
958.98966
-84.32571
2433.2482
7174.8383
2531.5345
1706.3567
1477.4569
1390.2307
1264.5539
7435.5069
1725.9201
1888.2375
23.932515
7269.7559
1444.6494
1005.5418
7073.3943
1330.0433
1276.5369
766.52454
1347.9693
7241.9414
2455.9451
2652.087
2695.3981
7080.5811
1866.6909
1131.0989
7232.9828
1843.9328
7651.0191
-759.70525
-17.458124
-456.361
1003.1666
631.82577
432.21808
347.40243
2337.9785
568.14459
7515.1033
2671.0783
2469.7598
7226.5188
383.20067
252.76228
585.25432
1466.4346
1104.8706
697.45275
2669.9614
1969.6578
1814.6812
552.94563
2511.6553
2483.1539
494.60073
-760.43394
1103.1002
728.74207
7103.437
2558.7869
7021.6243
6970.9546
819.33844
200.21274
1938.8613
2153.7195
1797.2225
120.41127
1765.1684
1285.8669
37.149587
2433.8239
801.25998
724.03109
-9.2821026
877.70822
2312.5044
62.217923
1845.1532
143.2364
388.06445
1627.4282
1392.1607
-100.99115
1065.5377
611.3107
292.66404
7077.8805
1686.7537
1304.0027
6907.7719
2037.2882
6769.4024
1615.3897
2722.116
1416.9914
1966.2772
284.19487
3039.0103
2268.2538
99.283382
2105.2187
2253.7862
1719.8881
7519.4404
419.16221
1811.6938
786.27431
1438.0674
2502.9539
1104.5623
5169.185
6140.8495
2597.5641
2230.5389
508.73552
2888.4744
1372.728
149.16135
974.28775
618.36295
-188.75396
491.36484
7161.2966
1810.4294
-1699.9536
7366.7948
2092.7109
6367.1009
1420.432
1959.8622
1993.7726
1591.0465
122.77112
1499.2141
958.89998
2293.6657
-384.66725
2039.0013
2567.6227
546.97333
-393.63309
829.98941
487.85551
2345.4676
1411.4028
1622.6499
2337.4802
1881.571
2471.6663
850.35286
7157.625
126.12333
2344.3221
2251.3721
8.5900336
-135.55573
2209.4294
924.9994
2378.8007
611.99495
1518.6396
-961.91256
7374.1917
1029.9334
7094.5514
1358.0873
7190.6486
2783.9241
1399.7664
7235.6918
435.11881
378.53286
2915.1864
1228.6348
371.12364
111.20839
737.1416
-900.70808
2118.1874
1226.2264
7424.3405
1723.1522
1001.0076
2474.7094
-241.06307
2206.5678
1320.3947
2013.4546
788.97226
2449.8714
2587.9634
1527.2377
672.69226
2286.5047
367.4904
2595.2845
543.04069
604.11989
2565.7296
1738.4108
910.60472
896.3538
1948.9819
612.64146
2462.0003
230.23958
1259.293
630.78497
2642.684
2766.9444
6581.7207
490.29699
6696.9831
2182.7978
700.48552
2590.7828
1119.7269
7562.2852
209.63052
2094.0002
1007.8221
6180.1281
1749.1237
886.4455
-213.747
6785.7587
-730.0225
2047.5924
297.35296
1876.6314
1545.4272
4701.1888
-767.07205
2803.9884
6995.5827
486.6662
2708.7161
7289.4908
625.30965
-455.91492
583.94724
1695.3279
1863.4814
-286.51388
538.19965
433.33939
-425.82699
268.54125
646.02774
2774.8574
7061.1056
1896.7978
1384.713
749.52204
1964.1261
-282.30445
632.86823
1407.0303
1436.0917
678.99068
528.56827
480.85714
1282.1642
1725.7498
2058.2764
385.49405
624.59014
-394.1406
-492.99232
887.47456
1244.8026
-239.95122
1372.6789
1540.7176
2462.5478
937.21128
2870.9788
924.68806
2114.1212
2687.7632
2453.8575
580.49419
-822.06102
360.08818
432.99051
346.70729
549.92453
129.89634
-543.7123
508.46361
2652.7609
304.6708
538.98553
-196.54636
450.60452
1624.7323
1577.1452
2657.9618
549.26218
1567.3804
2111.5718
15.468249
874.8902
1485.3384
1629.1473
930.39393
1462.6486
2330.3331
1848.8337
204.0369
1527.2495
2848.5171
2572.8657
1768.2188
1298.8926
2080.8519
1059.4019
553.04288
680.09849
2186.8953
603.4276
1481.4449
1367.7694
1671.004
2666.7307
1384.999
959.30998
1863.7324
684.52722
324.52807
-552.55704
1887.0501
2773.0789
1709.8457
1264.9319
664.19036
1501.1518
989.39296
1724.6007
474.24647
1842.3653
92.169625
2894.5539
251.58693
1814.6357
2642.7102
-729.96933
38.970436
2664.8962
103.26765
1314.1797
722.56837
-663.82043
2438.163
-398.72334
2143.606
1282.2091
672.13932
2315.5804
817.45099
6619.021
191.14567
938.77817
955.2246
841.60953
116.10853
1168.9006
1900.8626
570.64678
155.70823
747.22789
873.0099
586.6249
1120.8638
-1049.9171
2062.9988
2781.8541
1805.7874
848.65397
592.92394
657.4622
282.01821
854.32631
313.09556
2667.925
628.63017
715.29569
272.40017
1615.6857
1236.1166
605.26064
-677.18712
1534.347
751.31458
143.86042
1328.6781
954.05591
1180.167
571.58766
1398.3607
-346.70994
1727.6543
-1028.4084
-160.39797
1113.3677
45.016574
58.195607
510.89268
7065.5844
449.14969
2095.7331
1390.445
7088.4196
1027.168
798.26153
1169.0863
433.13739
752.97117
1453.2541
109.96016
848.05501
1513.4257
-397.57381
2100.7963
2129.0688
2821.0501
1039.9697
1557.6997
356.02788
1043.9129
632.87102
-351.41386
2663.376
1807.1282
2061.4604
632.78407
1784.5273
1484.4633
1459.263
1006.1381
782.58511
2755.2512
241.24469
782.4097
3243.5076
2451.5068
2048.0623
1044.9968
1186.1593
800.63295
1497.9462
520.97621
350.38636
2760.3713
1575.0944
2286.3868
972.15488
-32.749674
265.26352
1876.0847
1274.384
618.81933
826.47106
750.55509
1558.7179
913.7053
2212.0843
-307.44963
2766.0784
804.04038
2321.4266
1311.1992
2175.2738
763.66822
382.61041
1923.8734
2437.4517
69.531257
838.16353
1225.9033
732.50196
-709.62763
7089.6614
2366.9787
1133.4032
298.21957
1029.3413
2448.942
2067.2796
1848.1073
-707.23554
2713.2904
1960.7414
1334.8675
1737.8558
813.98214
801.68279
2510.0644
2029.9454
-438.40493
2425.4618
1734.102
2059.0394
2642.4592
1826.1774
232.83443
2073.0697
1626.3657
2461.9243
1383.9156
2754.0499
2329.108
809.6894
500.45686
1871.66
945.71579
1498.4753
3017.9448
878.63683
2090.4674
-660.71903
864.3943
200.38387
2715.9612
754.05038
2668.3535
1038.0285
253.10601
1943.7191
1753.6035
-161.58127
1666.9369
7225.0812
1937.8371
1185.6629
2091.011
1336.9695
2382.829
7180.1035
1755.1961
1675.0011
245.2456
306.91969
1407.0191
922.89778
407.72632
864.80971
1396.3393
188.79699
1773.3834
-1263.886
563.04181
189.32794
2796.7934
2795.1446
2352.7851
2612.9713
916.38802
519.09521
1731.6324
774.02899
2328.4034
792.47802
7194.8435
1215.6207
868.00176
-373.934
1579.2986
2127.3336
1139.9936
7045.2366
-244.49834
-147.77015
353.34109
1562.4574
-38.10048
1728.7861
1979.249
1962.0679
1119.3107
2120.401
2169.4504
2061.9657
601.98915
2575.3519
529.28709
1672.4155
1389.5466
1695.8762
1970.8456
2747.8954
-290.1918
1958.8963
2512.5475
2747.5416
1428.4087
745.41469
1343.7465
7060.3058
711.37135
957.02518
873.21557
1337.3566
1309.1292
2399.6353
824.64036
479.95486
724.55526
1525.3844
916.04712
591.73324
2419.6495
945.9791
1438.93
3017.71
955.16254
1684.5038
1577.0443
1593.9224
2216.0244
1997.924
7189.3288
2230.6495
1028.1265
699.75222
957.89411
2444.7858
7414.33
1142.32
830.62796
1372.6914
1352.0048
2595.7037
-188.36463
1355.887
200.51295
671.64959
551.11762
-1133.1834
830.44207
2559.6535
1359.1467
395.14081
2557.9834
669.81205
1130.1841
1140.0738
1164.3722
2928.68
1666.7804
2300.7365
1204.6045
743.11277
1056.1412
1837.339
2135.6968
1828.7587
1749.2649
1924.3603
1631.0343
1289.5235
1197.9375
629.66633
1749.2032
-765.85309
1855.9307
844.97462
-921.44796
-153.90028
6359.4239
811.96907
-1454.0788
1083.6531
1244.1359
838.447
1211.4632
2610.1294
434.43782
1578.2382
907.03149
1578.2002
2428.1828
7382.3178
1965.6788
1561.5447
2921.5511
1164.9014
1269.2812
1822.1512
2394.0455
2398.5506
2606.954
2783.661
7044.1321
1536.4517
1515.0799
342.87589
1383.3187
2565.8669
1517.7251
1900.7589
484.39387
2010.8126
1959.9374
884.77896
1233.1818
523.47432
773.32257
6996.0212
7289.4799
2541.487
1645.6023
271.03445
-54.367535
-713.72925
1061.7916
961.21885
1261.1072
1829.8055
-662.60648
1611.2862
2690.676
1523.5329
2691.1431
623.05324
-115.90757
1924.5005
1108.1496
542.56532
2310.1872
-594.91088
846.51658
1788.7669
1153.2539
1523.9253
-787.67301
1822.5544
2135.5344
758.50015
1930.6686
587.9415
1940.0023
2729.2064
1921.2912
1521.5477
2255.352
1729.9743
2129.4633
2232.3623
891.5546
1843.6125
1876.0841
2774.9731
765.57715
2198.8476
1676.1088
978.91667
594.75805
1452.9526
5059.2007
247.61453
704.34263
110.07824
2042.366
7174.2826
2538.6127
635.76306
2330.5346
488.96748
-181.95119
2643.3969
1760.1423
2895.4759
2162.6022
2489.8468
2502.2939
2134.1187
2617.6547
1981.9735
1132.8495
7573.6177
810.82375
1951.7619
1973.8174
938.80547
1170.4012
851.81698
816.4502
1132.4415
111.21305
1413.8191
1716.71
419.70025
-183.01614
2415.7702
488.91779
896.29895
1779.3797
806.00295
2380.0283
2239.1789
1749.3358
2656.9909
681.94756
2295.1229
907.46643
53.347338
347.7318
1807.887
485.46942
1366.2516
-25.279761
-16.564508
2801.295
1909.5198
1582.3153
7138.5046
557.81182
2418.63
2402.2742
-3.6222209
1633.0505
2625.3513
1988.3973
63.525482
2576.3767
7032.2405
718.54966
1122.4861
768.89899
1990.4848
203.27639
1356.371
848.84297
2112.6101
1685.7896
2335.4375
2430.2649
1595.3733
2319.2938
2109.6381
2386.6402
2102.2614
84.256678
1919.6894
708.43781
2021.192
1872.5729
2154.9315
576.16877
2787.3369
851.59332
1391.7422
1191.4168
705.45923
7045.9741
1315.063
-136.93428
551.51837
512.39983
2013.4807
41.718933
592.85067
1314.4542
2149.7371
1559.6524
7364.2758
6981.7877
1676.9251
1003.8177
390.02407
1639.9215
2338.9893
7269.4983
316.87185
2725.6543
513.40278
1071.8299
1805.2494
2226.3155
2435.6491
7257.8362
1133.8819
1812.8387
2325.5503
2328.2557
2396.0867
106.13465
1742.6628
893.72771
2176.2308
1072.4958
60.078385
7069.7171
2617.4446
1524.6189
719.51384
2133.625
1558.5884
1133.1629
2162.703
789.79155
2365.7083
-315.09861
454.08525
1931.7659
1369.0054
7045.2224
6954.9653
1425.9299
1077.5303
567.94812
753.44923
1815.6893
2070.5222
200.89936
1574.6105
2733.0426
643.79059
201.03563
674.78859
-136.77584
1736.0731
1973.01
585.00833
7233.0238
2680.0525
633.3935
811.59866
1171.3631
1562.121
1111.521
2170.4892
1576.769
1184.2674
1858.4813
1466.9088
6776.32
468.91961
1763.6507
1791.2213
1318.9414
7202.6669
2261.7208
862.74564
1790.2736
636.29212
2509.4182
1887.0301
2303.8687
1826.4801
965.34667
1633.5117
1300.3902
1122.8706
1701.4049
2407.5726
1347.1556
2565.2385
1144.147
1676.3179
1119.9102
1611.6183
6208.4022
500.31501
548.847
2739.9503
213.9575
2128.8745
1078.6925
-73.479904
2047.3449
2463.6678
1694.5659
1854.0212
2216.6882
2747.1568
1521.4115
2415.7722
1847.9726
6074.0398
1684.5178
2054.376
1410.1279
2256.5682
660.79228
1063.023
1806.7359
2366.7967
1314.035
1622.9974
238.47333
1980.1469
46.859294
713.36678
1045.282
1157.9791
158.88435
2598.0919
764.71413
576.4273
2557.3369
7187.1687
1322.1849
2207.9343
-645.64933
801.03743
2574.2419
524.35365
2622.5011
1927.1507
7039.2997
-746.73073
1093.0778
2619.1047
826.16957
743.67858
666.19568
1324.7303
1724.6429
1774.4315
1419.9265
1914.0908
1042.9379
2625.899
1389.5793
7100.329
-569.5547
1671.8413
2865.9818
7037.0925
2372.4394
944.22725
550.40046
42.514989
2656.6487
1460.719
1922.3447
2096.2023
2584.9551
7100.1778
12.720094
-168.56742
1486.4348
-6.7013137
360.0316
7181.8861
-218.53417
2910.9845
2741.9197
779.51343
-202.73401
2093.1561
2100.2573
2388.1838
6893.0158
826.89096
761.72319
962.50703
1438.1245
-609.84516
686.78147
1885.1493
1283.5666
807.5112
1495.4085
7021.9292
900.16387
801.7181
1105.702
1919.3402
1719.1545
1167.731
2534.0975
1309.9378
410.61199
7536.4109
7026.1332
2463.2452
1790.7519
2887.5571
2226.2308
2020.8492
1770.4613
2487.5335
1400.9066
900.72705
1807.9749
2206.2839
555.47672
512.8896
2148.3671
733.57757
6881.9875
3069.8542
2476.522
480.93467
1174.2234
1380.5388
1496.5461
2829.6042
276.11213
1441.2317
317.72357
2448.8025
473.1053
539.79511
1425.4041
294.78502
1172.1996
1895.7771
364.64361
1494.0099
2640.7235
2333.9995
881.47823
1098.2131
1678.3429
1512.5378
2795.4959
2326.9856
7474.9585
853.02698
1794.5005
7235.91
1836.0944
1621.1352
-199.63117
611.28713
1923.1598
2909.3713
1100.7412
227.32596
757.67914
1734.7083
1422.7936
2216.5561
508.09278
1093.6542
1069.7134
141.37433
1083.6142
840.82361
1805.995
91.983529
2290.8402
661.94396
283.27241
-38.069386
1289.2933
1308.6515
2183.361
1648.7174
2606.0205
580.66318
466.02867
670.88485
2350.0227
1229.1147
391.69285
2576.1181
334.70944
7336.8276
6065.9252
1295.6561
1197.2984
925.87227
2267.6461
148.75325
558.43478
1977.2728
1050.3513
7495.898
444.67154
7007.3312
7130.0813
2055.8377
-176.86182
-97.779634
2402.5211
796.04222
-26.949219
2196.5578
1191.5934
455.20401
2673.2724
1375.3239
1177.87
1424.9896
1714.8914
2891.0731
2014.0538
2305.4359
1844.3393
1545.5105
2513.1569
2438.2748
7275.6068
2608.1823
1068.6752
1198.8742
246.49594
1751.2938
-518.62739
453.60592
2771.8609
1825.488
1087.9264
921.54799
1439.3826
2134.8939
5795.3432
1159.4611
1798.0149
1240.3481
2687.2872
2899.9045
315.87307
521.53158
1084.6449
844.11275
2495.199
1308.8968
1529.2537
998.69125
1376.3355
742.17844
2703.4798
1762.9514
1359.9236
1854.0415
789.70693
2223.1889
-1423.8704
1357.5899
977.59038
4715.4171
82.079176
2383.4887
478.4163
2178.2932
1278.5041
1788.6158
1105.6563
1547.0642
2787.0081
826.03988
1607.7441
-19.723893
2441.5158
-1447.3514
6998.509
1931.0071
2659.0262
552.7542
2194.3963
486.53128
-107.40283
1974.1518
1048.5589
826.89501
1308.0858
2082.2581
-409.95394
-197.04873
404.41506
2319.339
1735.7773
1987.277
458.8729
7288.9324
1127.9239
7064.0377
1335.8697
683.39534
2796.053
597.62764
269.53263
2555.1388
498.99983
1764.814
96.857298
-716.85278
948.28769
947.58845
2606.9664
693.94099
2114.3925
2529.8002
584.92053
1172.8986
7036.6415
991.86273
687.96325
1783.6936
-123.31318
399.01335
203.81021
1407.5256
2317.3511
556.67219
835.8154
2502.1644
2526.8252
1425.9959
2552.2592
687.56934
1802.9982
681.83427
583.71952
220.28563
2238.0083
2580.6837
1874.7993
1150.0368
568.28188
514.29571
1207.7904
-842.03009
697.1838
1530.8606
2492.037
-53.059304
1907.7711
2241.0584
293.59605
1817.6062
2497.6438
2443.9342
202.1449
1444.1267
-161.87443
1950.1004
2140.0302
-149.45125
369.60154
2110.8409
2128.4616
1390.2484
2017.5291
929.70692
2656.8924
2226.1397
2569.5949
608.32308
1378.4363
3120.0515
1221.5824
1290.2396
1673.2087
355.3116
1622.4149
569.9538
409.00382
1959.0367
1931.749
746.82438
2087.081
-231.92252
2135.7567
1587.9451
1797.2926
1262.8288
902.57131
2850.1981
84.811893
7302.8359
1345.6401
7051.1686
458.01773
2218.7678
1011.3805
695.85495
-143.32666
333.58844
2584.6499
2490.842
2165.9621
313.33379
533.94491
2806.9575
2625.5457
6934.6881
3005.0418
1512.9814
2292.4532
2271.5166
501.81563
922.88896
7147.4949
7095.2418
454.73749
1773.2676
687.33598
1590.9864
536.96668
1585.6665
439.70531
1851.4943
1353.1645
-177.25591
333.15599
2449.7563
1590.0041
7110.7452
931.87282
6535.513
2367.2788
1355.9398
1754.8882
5462.387
2507.7982
2406.1283
416.30618
2508.2491
2658.1731
1870.3798
473.7123
101.87882
7012.5523
589.4255
1013.1704
7464.2255
320.12084
370.64707
2400.1759
1487.3978
1074.3225
7239.6423
461.88211
2353.3786
1340.707
7.550857
-78.275997
1273.3066
1881.8282
6598.3704
713.20432
717.86358
1024.2048
562.4417
-102.45024
7113.762
1660.7104
1497.0618
1048.2694
1413.62
1010.3855
2829.8363
1030.4818
1625.4057
1349.4102
2012.8365
607.00677
165.17605
505.11321
1376.8635
1659.2686
1253.9234
1022.652
693.23002
979.14054
7117.8476
2374.6767
2441.3475
1571.9192
1465.6247
545.78676
1563.8394
2392.0125
1020.5233
1800.5311
607.24959
1584.134
1525.5635
632.22477
259.12765
1666.7631
2950.956
92.534885
825.70383
6889.9474
1679.9147
7063.5275
528.53397
1488.1979
2032.9149
-192.06705
-857.12386
2807.3577
865.51326
2071.1055
571.93335
2265.9958
-596.59495
2721.4133
2329.8809
1218.3699
6943.5961
7016.8774
2051.5041
1606.4681
1252.8833
2612.8438
2453.1586
1938.153
1866.3877
-767.41814
285.04557
40.504628
253.25832
1232.7638
-532.65576
7194.8598
304.23886
1766.6435
2431.0713
573.49038
-131.50213
984.01523
1854.6242
-200.3669
308.82486
1295.7474
2441.4958
435.82204
2189.9264
1074.7944
7095.953
1597.2268
-269.14256
2666.6738
661.87185
2467.3737
1539.7324
-75.345386
1690.9352
999.78417
747.20923
524.64032
476.29592
1541.4817
2466.6253
660.78881
1779.1253
1004.7119
2529.7409
2872.49
781.36205
413.89623
7128.8632
-245.39007
1474.2914
371.52474
1766.2637
485.11927
2055.8407
7038.2382
1302.3007
7390.4702
2071.7434
1246.6531
39.858553
841.15411
1958.3345
2779.4819
1152.9005
2363.6043
-556.0159
2537.4926
2410.1474
2913.7997
-181.95378
187.13898
7114.047
1498.2443
7101.2906
1427.3286
7097.535
2110.2553
-327.20247
1979.7098
2403.0317
2443.9628
1854.9719
-116.10776
2539.7478
2569.7183
2275.4895
7288.0437
1483.8876
6913.2043
1042.5396
7201.1104
2042.6869
324.99926
586.23739
1471.0876
2626.6718
1147.8289
7359.7174
2107.0674
7.1269361
1619.3059
1739.3168
6280.7104
47.292277
5680.8783
7406.3549
1137.4672
7047.268
1233.0251
976.99581
2686.9157
2547.1234
1896.0416
57.603952
7046.7231
687.81131
1909.3113
6560.7373
7043.8827
381.88496
604.10056
1153.718
138.77611
2074.5034
7060.3703
-669.83134
1329.3717
-30.324267
2705.953
1859.372
1606.6406
2656.124
2447.4017
1598.8056
7043.2681
1152.6387
2485.3313
2064.7796
817.30629
138.74338
636.89858
137.3455
-63.372903
-1863.9943
1957.9341
2125.0672
1045.3575
1121.5276
7236.7849
2118.1011
1363.4431
536.38592
7338.7435
2346.877
144.46976
1436.9321
1603.7781
485.3391
381.64734
492.68094
1793.3375
1962.2255
2551.8998
427.54933
1358.0673
225.20801
1329.5964
149.13079
1382.7464
1973.392
7064.5401
7188.2821
708.42524
7488.3666
2967.612
97.115732
722.32015
1169.9961
1820.8628
2793.8252
6936.5818
2040.8562
-496.79612
6315.4451
1861.0873
1365.4927
47.659081
520.09808
386.81393
652.32846
118.56876
2673.1147
369.63932
511.04998
983.9396
396.00875
2982.0236
7492.8813
94.49912
180.9034
1831.3495
149.23923
7104.0262
344.06075
-197.32159
1077.8061
395.88897
846.71849
425.26634
2343.9301
1860.4548
1140.6393
1343.2183
2788.7653
5599.8516
7062.3719
-746.02076
-1898.5141
1902.6737
748.54959
1194.3174
2646.589
403.9907
769.92809
595.24495
7192.1437
274.50415
1918.4632
1246.031
376.22529
1931.319
7423.1317
622.9112
266.11515
2215.15
2088.9327
-1398.3428
1822.2052
2436.5256
7211.0421
1486.9122
2612.6465
11.01637
-278.47157
2560.5141
2508.4324
1988.817
2519.9377
463.33663
1342.71
-173.79928
239.14856
2494.6929
7543.1228
844.28087
1580.0051
751.23865
1351.5463
2677.2
2558.321
-247.40631
-113.46683
7189.9493
7124.8394
1551.1409
1605.4009
1946.9683
1532.1157
6635.1474
1327.35
1164.8334
2130.6757
7254.3613
852.38453
1740.4637
-138.47621
-242.76127
1823.9618
2250.5175
5433.0944
1362.8951
28.898084
7162.309
7398.7034
2092.1176
1047.333
719.4051
6356.3136
2319.1792
278.60327
759.73998
839.28486
-1283.4533
553.27229
6275.019
526.20659
464.46125
2000.8694
7452.6963
6197.8476
153.38397
-407.79744
1841.4851
1172.2465
-51.423728
7107.5787
1374.6923
-413.62768
95.88707
2973.5759
621.16818
-165.64023
2404.488
7002.7379
-47.719764
-492.21433
-126.94334
-297.01618
422.76931
698.30039
93.038383
7003.1187
7070.7652
2815.7267
475.05678
87.693144
7019.0058
6303.4836
1416.37
6996.9791
7204.0979
2173.5371
175.19665
-1534.1803
1828.4352
2201.124
-508.00433
7118.3243
175.29382
2757.9356
2561.863
1234.9768
6990.7618
1828.1876
-321.34553
1284.5229
2772.9121
7269.1283
7299.9154
756.19566
-83.904122
1354.2399
175.76012
467.22785
529.48384
-270.34025
16.319904
-199.14515
-15.293091
1180.0779
454.28419
471.00986
6793.6518
-700.19673
2562.4008
266.30057
1972.6632
6870.6127
1895.7154
2258.5766
-24.2303
1818.2144
666.45924
7520.4012
1096.5935
550.62732
480.19343
2639.1964
2588.1798
2946.7251
7006.485
1311.4895
7037.0317
2380.5109
2635.464
2578.0861
2694.0561
6.3805805
7110.7903
4932.9247
6970.8564
1039.9453
7025.508
91.463985
7410.3088
212.89229
2706.0753
6669.5328
2395.3001
7041.1505
423.20347
-1571.5932
295.41617
82.754053
53.509048
1402.8761
92.577405
233.20746
7324.1631
2197.965
18.03446
-224.33119
489.93911
-248.10794
1025.9297
6642.3826
2276.9463
7038.1488
6992.8222
2706.246
7054.2843
7183.3034
493.90477
6868.8266
2618.408
7125.1804
7024.9683
67.476654
2880.9999
2936.5937
125.47616
239.09199
236.17295
2793.651
114.75675
7494.2177
1611.346
2245.0151
2145.7538
6959.5878
961.95942
2176.7927
298.65498
1519.4762
-222.34759
1954.7812
-170.53394
-145.28469
6736.8241
7024.5191
-207.03789
2638.3715
165.7929
613.62123
16.160526
7021.3304
1467.4206
2206.2404
2403.5137
-60.398014
955.28989
2462.9529
1738.0167
2820.9703
2228.9327
335.15343
7094.4266
-601.11819
-194.20004
1862.8828
1924.3879
2719.3764
1391.0359
45.104599
7016.5932
2483.0961
-125.27793
7030.5471
599.09184
7078.2071
1826.0923
2207.2077
6778.3611
209.84043
7133.8813
175.49067
7298.6553
343.13848
6578.6823
6991.1658
-863.55547
-3.4544649
372.9386
7097.285
7105.2158
261.56842
1604.9037
7090.6797
-255.9009
6340.3649
-126.35298
7017.1236
117.69033
2608.9819
1236.6718
1247.3132
2339.8978
283.70679
2113.8951
2286.9408
7130.4937
6706.3209
123.22853
205.22361
469.00959
-452.62765
-1159.717
6817.6778
7443.7693
2192.8362
202.81831
6384.1888
1947.8233
7094.5473
1845.3392
2644.9381
-3584.3068
1811.3025
495.2223
-115.4715
-400.54508
703.49928
5719.97
323.67754
3930.9462
351.10115
2441.3662
46.594862
475.4044
1250.9827
6432.8249
6025.3063
431.23601
2831.6784
111.44467
6578.8162
2443.7139
-388.89542
2721.6288
7006.2176
945.74638
2889.5787
7030.1905
232.43268
53.90977
751.84257
7175.0886
-56.060939
7026.4985
7317.5741
822.76718
7002.7085
7361.6283
-254.23719
144.06893
6960.977
7264.4841
-17.108741
-184.76233
-35.45967
232.64392
753.92345
2445.5977
7428.004
7068.9003
754.79827
63.653599
7008.5583
-45.543358
222.15861
690.11854
6403.989
2777.5058
-636.38995
6948.4245
7173.9272
7437.9836
2799.2286
7131.5286
246.29321
7203.386
378.3446
99.245367
1031.7782
606.18845
6725.7729
-241.26623
2812.4163
106.4582
6964.9028
1422.4697
6685.2437
5827.5194
-393.13234
2210.9539
608.70028
557.84698
374.03664
6754.5243
7035.3051
6700.2986
7147.5528
7047.5676
204.13952
-174.52844
6769.0295
304.31673
7412.9199
7019.4304
261.66909
7059.6423
6602.0642
109.4598
27.667829
587.10761
277.75951
-158.19328
2206.1377
546.26158
345.69493
678.5203
7076.491
7039.3326
240.25855
-309.66857
7342.359
-51.804983
6747.7505
266.74846
17.756796
642.46183
6985.4164
1032.5274
575.46228
357.95907
6970.4913
6451.1246
2775.4481
960.26061
12.144874
7160.8318
6970.9103
7109.6973
7174.4157
6833.5385
-2207.5304
6623.4735
7112.478
250.42594
7105.6374
-16.036914
46.655079
436.54593
7018.9188
7056.5928
-133.68756
1473.9339
-316.78999
-53.928976
-66.302237
6960.1045
7106.8113
373.68674
6702.2839
6443.8884
-238.5262
6993.4528
248.18486
50.081509
-12.884381
294.33853
7122.3024
-258.59761
681.60194
7293.6832
7049.7949
-464.94922
455.88147
-87.972325
1458.9953
-389.29523
12.312536
2812.3499
561.24237
6934.4865
81.322851
7059.8503
6725.9846
214.07292
354.13514
7147.5444
6850.6738
-262.18588
7180.1083
7139.2821
6990.3558
637.45507
509.8454
313.40727
-29.433062
242.17327
7108.7927
141.04815
6467.1156
-3921.8076
6581.0804
1833.1853
6063.7218
-730.29357
7052.1329
7005.6655
7022.3239
7077.2657
-223.96501
24.52068
352.36083
451.15366
7087.6466
-220.01924
422.65367
7015.4762
523.70577
418.80494
7066.6422
949.15543
6829.5705
7150.3469
6970.9284
6959.4991
90.602275
7033.0061
233.03215
7156.8433
351.17271
6.1304048
-322.15504
-603.68938
574.7164
119.55486
1841.3188
7062.0699
105.88736
-461.34625
-311.81567
7095.4416
-199.28694
149.71527
-965.94442
452.81521
7026.3688
608.45816
7139.3084
6721.6793
7044.9957
6954.533
-139.70201
-510.30307
29.076689
249.50456
1056.0001
7045.6649
91.833316
946.45932
-522.18837
580.12273
6572.3587
7086.1749
-129.38022
371.28412
-164.35789
-1443.0016
5890.404
-4.5854801
7079.7733
-49.704568
7009.4183
-209.13713
642.97405
7142.399
697.01059
7047.6635
-2743.7932
7159.5468
6679.6006
7109.6435
7073.5789
19.839223
735.24729
235.82259
-168.33611
-134.6935
464.79274
524.78583
-122.2212
1465.7964
6312.3341
7049.5368
7046.8457
254.98492
1046.5648
7045.4259
2335.7621
-22.481824
6072.4244
-1075.1283
258.78299
429.54546
945.49642
7040.4949
7115.5829
7218.4475
-141.06277
6897.1682
-322.04974
7021.7962
6682.7102
7136.979
-329.0924
7019.4918
-369.94406
56.868175
7063.7676
6543.3612
6549.3418
319.50717
6978.7709
197.93043
-323.18744
6683.07
281.07644
7112.6327
6825.7186
2329.2683
7484.5532
7491.2599
293.71785
145.83748
6798.3802
7349.4912
111.6694
6593.1566
6723.2692
-254.27416
4644.5547
7297.9798
6478.8
157.24474
7177.7345
270.62764
6460.5988
-249.82669
553.33721
-51.919326
6281.3912
679.27088
7112.725
323.41398
207.12148
6169.6269
7042.5435
7134.8664
462.62852
7240.4475
236.19199
246.3349
7085.6598
7073.1071
496.62794
337.37007
7161.1044
6847.0059
7547.3121
6102.3443
188.88092
6290.7776
7014.4187
7211.8621
258.80838
364.83785
5003.8532
500.57642
7036.8552
7272.8743
7038.4988
337.79328
517.3988
537.86516
6853.0305
2515.796
7181.9909
187.48863
5917.8695
7070.2596
379.99905
-77.871849
7074.9593
134.04704
7061.7141
2518.2791
433.52328
7053.8299
6847.5153
7024.6293
7229.8465
167.74967
339.53801
458.57612
6818.7717
7124.3863
540.63983
7189.5051
6642.0546
7202.0782
6968.5872
6872.6486
470.90507
153.7275
7057.3582
-513.95437
7025.1643
204.84618
302.11089
348.60019
-141.56815
517.94037
7131.6469
136.109
6521.2985
358.94839
6337.6626
7079.7107
2523.2214
247.77622
-513.40537
-449.14559
7189.2474
2653.9031
6228.8179
7004.9402
-596.65092
-741.99734
7135.173
7074.8658
7134.4552
-1677.2358
246.66092
7069.3773
7149.5932
524.20076
-418.73794
7005.9927
-494.68205
-1735.955
7172.9471
6997.2519
7219.8133
43.098125
-199.70085
-225.17988
6997.4526
353.45765
7128.8692
-188.73339
415.5606
154.16512
7222.7814
6702.4421
-20.782279
7030.7072
6453.265
7193.1722
6009.2756
303.88984
7263.0868
6625.1308
292.99655
138.43898
7152.4811
423.72106
186.84114
-153.12464
-1578.6992
6976.9274
6595.159
2522.2608
552.43069
33.29359
7132.968
129.33175
7140.7752
7159.1203
-4460.3542
6837.3626
7200.9411
7238.938
7247.8325
6957.5189
7281.0864
462.45237
92.704866
-59.361342
-232.09093
350.60329
6596.4519
7240.9739
6930.5231
6168.7935
464.70281
208.02572
-285.42674
6709.6885
113.9064
6378.5693
246.98983
6415.0401
3097.1534
167.27993
6994.3206
-1515.0323
6437.5724
6801.2744
-1600.2801
6714.0568
102.51852
-1318.674
6788.7733
6970.571
260.25601
6746.5061
-3578.0358
-251.39299
6905.3091
6845.1168
6318.6357
6693.6307
162.86501
7034.2812
6939.8797
7048.2692
7070.1924
7215.6946
7065.9378
7032.48
7161.3272
7165.8721
7167.7216
2438.777
2430.9518
3052.6462
518.63194
633.40732
1300.2067
1294.2224
1293.828
320.18266
280.67754
513.43526
518.9236
1058.3904
1044.4746
1151.0068
1150.4521
1689.0452
1681.236
1170.2579
1051.4032
1753.6593
1756.3696
1043.5858
1258.4348
1910.8543
1900.4306
2475.4127
2475.8506
1643.5113
1644.8925
2439.4911
2432.8117
3204.7871
4590.1282
7225.1237
7172.1339
1822.6203
1815.3757
838.27284
844.96629
848.31959
835.81716
864.53973
861.36363
2542.9213
2541.1635
1620.8932
1611.9469
1558.4136
1181.7869
2412.6816
2420.8828
4097.0527
3950.205
2624.166
2627.3644
1874.6535
1867.6368
6787.694
6504.3151
1104.4244
1112.3942
1594.9181
703.20343
2382.6787
2382.1166
2570.9679
2568.3035
350.53783
345.78697
1711.4309
701.22422
672.37832
681.86149
1227.0523
1219.5749
1529.7982
1529.354
717.42888
1177.7925
877.76528
881.05013
2682.9382
1918.0309
1493.6033
1496.7396
524.89323
516.16552
845.29605
842.60474
854.63865
884.06561
1691.333
1710.1592
2294.1532
2302.2734
2370.8465
2364.3313
1072.6019
1069.1793
538.22087
550.20142
2322.5491
2319.0791
2879.2407
2885.4259
2677.654
2681.1298
2030.6906
2028.2872
3469.9663
2731.2622
2023.2477
2022.5117
2023.0355
2018.9316
1558.8187
1556.5305
1116.6032
1125.731
796.78254
795.96444
1765.2417
1755.7443
972.46199
975.76142
1160.3094
1149.0005
1625.9083
1623.8173
1180.2269
1171.0505
408.93189
412.54369
948.76777
1692.7532
957.48823
980.51205
1398.8683
1404.965
742.99701
1504.8574
1510.0893
1677.4287
7015.3753
1089.6443
1080.8262
178.37802
194.93342
2049.3357
2049.6373
-210.20289
-205.25058
381.4369
1286.6253
1161.412
1150.937
2062.5653
2071.2473
-519.97157
-520.09079
1019.7923
1016.2258
1212.8255
1204.5858
1509.8472
386.5826
2382.9548
2383.5839
1407.6377
1403.0639
4009.4025
286.35167
1427.0876
1434.5331
1214.6794
1217.9794
6944.1856
6638.9942
1521.1635
1515.7034
840.58243
834.31873
830.57806
827.41789
853.24613
2573.9132
2395.9601
2392.9204
1557.9215
1558.6717
1219.3192
1215.8269
565.05507
558.75789
-737.90801
-740.00823
911.04542
388.69165
2393.7554
2385.7374
1186.0192
1187.7747
1584.7076
1572.8462
1595.6808
404.43431
1557.4163
1560.6082
627.39773
630.29417
632.87526
2074.6961
2091.9427
1296.0011
1284.4238
1692.2566
1762.0617
2477.8134
2477.7068
2388.6966
2381.3784
2018.5696
2024.8518
1095.5843
1096.7929
6519.5972
6674.6776
1519.9824
1508.8592
1324.2643
1323.0178
2471.901
2468.5148
1424.8025
6983.096
2304.8621
2307.5016
1675.5845
1709.0363
2683.2253
2670.111
1094.8173
1608.2233
-869.9665
-908.54292
2274.2825
2286.2347
1601.0367
1602.5938
1098.0758
2100.2567
1247.0423
1244.1279
1176.3502
1171.3967
2017.2526
2032.1814
2449.5017
2445.6535
2112.4045
2089.8749
2131.2538
2129.9651
2776.784
2760.2331
2099.6918
2080.5186
580.63678
578.4338
1417.5536
1412.8114
2686.1031
2730.5622
972.7175
937.23312
1226.214
1227.3815
2742.2659
2752.806
2086.9491
2106.8548
2736.8235
6853.389
2751.225
7022.163
1701.4236
2157.2542
2107.2704
1775.2625
1757.9973
1195.8901
1192.8746
1551.5957
1581.641
-251.28977
-248.35543
1657.1168
1682.4491
1782.9792
1784.702
2236.9719
2235.6646
2151.0381
2150.7273
7147.5562
3011.5917
1724.2211
1675.4187
296.00303
2623.2091
2262.7692
2263.7159
2500.8549
2498.0355
1974.5642
1979.6199
2477.6243
2482.3821
1285.8923
1332.9319
744.47508
736.54679
2521.0968
2512.7086
1223.2553
1219.9257
528.07437
529.21648
2551.4181
2545.772
2729.1701
-862.59413
885.16932
868.68166
6423.3973
6909.9782
2275.9811
2279.427
623.19764
622.9376
1412.5482
942.59969
2641.7421
6749.0411
-121.45042
-153.11017
308.97401
-140.30814
1048.5373
1049.5252
2078.8768
2056.5125
546.41795
532.01444
548.74691
1787.6862
1158.8661
1146.1341
2353.1253
2343.1596
1147.6731
1146.2971
1787.5649
1363.398
869.77262
867.85655
1099.1451
1095.5882
2185.2659
2178.2248
1788.2758
2174.5203
1837.192
1834.8644
851.80692
1431.5704
2646.1864
944.0298
948.6055
958.6162
1898.2489
1895.163
339.3295
338.05191
1979.6977
1982.1554
2176.872
2190.2904
1519.8808
1535.5714
2673.6149
2649.9962
2368.3209
3439.0683
1116.7023
1112.5328
1081.3468
1084.6554
2450.5789
2437.8088
1127.3947
1130.5861
13.699233
156.65782
1694.6517
1845.1389
1826.9231
1560.9648
1561.4282
1961.2608
1922.5044
2347.4321
2351.3353
2384.2437
2385.817
1095.6902
1092.4651
2720.6885
2695.6828
1650.6074
1642.4156
1590.8709
1596.1498
1598.7254
1607.6538
3269.8942
2694.1075
1380.3733
1385.9012
1385.7508
972.25555
-31.424349
1055.2944
25.355233
-286.14703
-360.71983
2846.799
2860.3046
1699.3047
1762.8015
2278.8872
2270.8513
648.87822
621.34321
1880.1647
1878.931
1054.2765
392.24124
1791.024
1789.1269
2318.2817
2302.5928
2077.8425
910.3922
925.34672
2547.7169
2592.0861
2080.049
2113.3318
1687.4114
1689.3373
1913.1578
-317.13895
1130.944
1125.2647
871.95662
882.66617
1049.8319
1045.7622
1047.2474
284.24936
30.391995
5746.1828
1266.5055
7055.9846
5975.0933
6425.1242
652.62825
1259.2535
1827.118
1798.9165
526.33451
699.07794
1249.7919
1270.386
-314.86258
-333.41126
421.64949
394.78699
781.92162
772.78306
4351.3741
2943.7733
2062.8975
2049.4936
54.193709
54.229796
945.47429
992.59131
1908.784
1919.001
844.03591
900.30033
528.09021
526.40361
1702.6558
1697.6679
1386.8051
1370.1422
1389.7002
1382.2728
1188.4567
1186.244
1606.0838
1595.5708
1043.661
1047.0279
1149.0753
1143.9397
1143.8275
1145.197
516.1275
-314.34142
2103.5736
166.67314
1704.5149
1700.8496
2429.5368
2454.0385
1702.2826
1721.8147
552.94062
539.02072
2507.6869
2505.8225
1663.713
1662.9602
1682.8278
7257.2192
1723.735
1721.7211
1683.9115
1250.1029
1993.6949
1969.1199
509.63076
291.39435
1532.3635
1532.382
1667.4358
1664.1747
1707.9403
1720.0844
2651.4722
1988.8663
2616.2853
1977.5063
2465.9885
2459.5561
2442.1757
2454.0566
1921.4476
1923.5342
1078.0657
1078.5898
1491.6099
1482.9196
973.40501
937.33283
1435.1127
1648.4583
1665.4108
293.06101
298.32094
502.25974
503.44467
544.1035
552.01571
267.20183
297.43433
1744.3036
1747.9942
1259.2562
1263.9801
1592.2383
1271.5079
456.15247
463.57353
2621.229
2482.5678
2666.9502
1581.9455
1126.3031
1124.1618
1293.8264
1290.1694
2804.6536
2716.1186
1773.4912
1749.2116
6581.2067
6285.1413
6938.6244
6885.3205
1226.1405
1223.613
1208.3135
1209.389
580.85139
568.21672
2718.5512
2719.8242
1539.4335
1530.0381
1372.7454
1409.8192
1590.8176
1400.3487
1216.6016
5160.2524
7611.1154
7593.0469
159.28642
171.53757
570.31985
569.04372
1379.0715
1356.4207
69.536149
59.277511
1630.7025
1635.8099
465.18235
471.89178
1207.211
1205.5648
2296.7067
2290.5358
2868.0138
2848.7728
2822.1115
2816.9258
1244.7663
84.696079
1805.1894
1801.7095
2232.5713
-1010.1961
806.22442
798.72733
2295.4671
2313.7695
2473.5207
2469.5254
278.46994
298.72316
84.202397
77.84881
7454.8156
7472.9119
963.09444
980.82064
1553.0214
1543.9058
1556.3854
2527.7896
307.27709
318.61159
2513.1473
322.99647
592.47392
590.50635
619.8174
615.4461
2434.1119
2420.369
480.14864
1692.9078
-107.38095
-119.20082
2872.6813
2854.4349
6954.6223
6702.3791
7461.5683
7288.7371
750.57642
743.92831
2132.1489
2143.0711
5721.9697
6149.5791
1491.5719
1482.2689
1369.8555
1368.732
1450.5823
1452.7087
1558.6323
1561.4921
6251.7731
6528.0861
7632.6923
7575.3332
965.39357
966.09857
2572.1738
2537.8451
32.298461
20.175566
412.39922
518.95283
616.92691
617.91152
1784.1822
1756.8719
1976.4177
1961.6125
1556.6936
1565.6444
350.23085
342.71481
67.146123
57.75723
1038.9307
1038.2546
1126.1682
1116.3795
6076.2245
6331.4344
1074.9997
1068.8034
2817.2628
2823.2366
2069.0725
2065.7388
422.1437
434.22036
211.89446
67.508863
917.41657
901.50248
508.56105
-173.65268
1624.1641
1625.6776
1234.638
1233.5297
2370.037
2361.527
2746.706
2759.8483
326.08326
331.85984
118.51593
299.6875
1369.1694
1373.3913
633.63112
647.53439
-19.274663
3.7217309
2519.7922
65.414014
765.34951
769.29694
2124.8262
2909.5228
1250.6275
1248.6021
1050.8683
1050.4811
7248.6983
7181.728
1703.2198
1687.3705
469.32876
583.52997
1975.2992
1964.7364
1591.7536
1589.4833
1567.0359
1578.41
2122.2713
2119.58
531.62687
529.63043
2277.0624
2274.6736
2728.5745
2746.6934
2318.9022
2316.7698
1729.468
1729.9758
866.96195
1402.5602
563.76138
592.27806
2455.3813
2466.0669
1301.6716
1301.889
1178.7291
1172.7594
1936.1543
1932.9953
722.37405
1391.5987
1799.4518
1795.4294
2489.0974
2488.375
1918.3706
1915.6676
1153.7204
1152.3745
-842.36107
-347.59947
6957.5186
1390.0368
954.0115
951.27019
-799.06871
-816.18601
-814.73411
2031.7384
-423.22655
210.13716
-272.74575
53.787972
857.86316
861.77314
364.52538
336.44429
1032.9738
1047.7174
1568.5772
1574.9962
2283.1719
2267.2813
2280.3682
2280.1218
1384.7717
4214.715
1425.5079
1432.0757
1062.6889
1054.5384
474.68339
453.79972
932.93394
929.86531
2573.9253
2538.5658
2018.6214
2012.3975
1104.9625
1104.9022
501.98156
515.7349
-688.96081
-686.91643
1230.7342
1227.3747
1373.2178
2003.0136
1301.7357
1309.5123
211.22886
268.46267
1532.2413
1544.8751
109.5712
91.428029
1887.7659
1886.2976
1730.4506
1728.1982
2851.7181
2862.0803
2051.4671
2049.2796
2608.5244
2578.5116
2579.1146
1791.6974
1417.964
2865.4102
-571.67816
-582.55412
3976.2278
5018.853
733.86401
737.61444
736.62631
740.95127
2003.2345
2018.2299
2031.7966
2041.7451
951.60433
950.07046
1784.3697
947.79633
326.03015
911.58305
458.23751
461.0932
1768.6325
1755.5723
1747.6961
2388.3719
2061.9705
2074.5139
1797.6377
1804.6636
984.42459
978.92641
-623.67492
-618.47295
673.09887
680.70354
2608.9007
2604.7736
579.6813
1319.3886
600.11243
612.91711
-408.51971
-174.60842
2709.9915
2702.3761
2566.3543
2568.5901
2650.5782
-9916.7531
236.32863
232.261
2296.7629
2454.6398
2632.3943
2910.4925
850.27388
868.09479
2520.694
2515.0763
2506.4814
2385.4572
221.05923
126.91143
1935.7074
1927.1062
642.31186
638.56006
637.28037
638.40324
1675.8016
1675.6628
2591.5722
2565.8285
90.492323
626.38564
609.41022
440.2877
82.254796
2838.3454
2809.5117
2193.8477
2219.8741
1107.1567
1113.5397
2649.9537
2642.0556
1424.8631
1419.5839
-762.8132
371.99544
393.91971
395.67706
691.64257
686.71206
1499.3077
1362.6426
7016.8759
14.5357
2632.76
2627.6195
1270.5873
1266.4925
2394.7231
2397.2562
-372.89786
-366.52529
536.63655
1371.8501
2065.5326
2059.5793
448.48209
465.31324
2801.3447
2681.2708
-241.98261
-246.45922
908.30351
2661.6152
773.88491
763.81336
1274.6184
1311.286
-782.05709
-769.64213
1564.2536
1578.4517
2214.5345
2206.847
1483.3959
1485.0557
2891.2656
2881.7487
1985.0351
1991.3883
1995.118
2649.2773
2290.877
2282.6211
727.07236
2291.8996
-432.26367
-440.61519
1661.2946
1653.9784
824.74271
738.66593
719.60519
4178.1614
4185.6294
7433.0261
7464.2387
2091.5937
2090.2602
2853.4928
2838.1978
1504.3315
1499.0491
-16.339337
652.31212
642.63061
1074.9262
1071.8925
2668.911
2670.3566
6725.7766
5603.4333
-350.40017
-340.55973
707.60013
971.07541
969.52524
1481.2136
1491.1065
2108.4792
2106.5504
2226.5045
2220.8189
1703.4883
1708.0697
1078.3774
1096.5018
1893.2599
1915.6176
925.805
532.52072
547.12265
2546.278
2517.6954
2595.544
2595.0279
728.34775
595.76414
1412.5193
1430.5546
-427.82015
-428.28417
1405.6386
1406.9313
1681.8458
1669.0558
1656.1284
1684.0906
1988.8697
654.29745
659.65685
2189.637
2196.0058
2746.4928
2745.133
2774.0595
2754.8419
2487.599
2466.1025
2457.9951
1822.8485
1420.9719
1426.4648
825.34208
810.37021
2141.6722
2094.0538
1339.3927
1384.291
-14.484043
1954.9729
1928.997
1861.0872
1817.2989
924.45772
918.11485
-489.13582
-490.79756
978.36813
1666.2839
1644.4687
1666.0206
2805.0572
2870.1793
2532.7591
2536.2116
906.16669
920.1878
1117.2879
1116.5837
1605.2405
1610.78
1612.6203
1611.8656
-412.42931
921.62401
1987.6873
1988.7259
215.21661
1034.8048
1017.5035
6759.9154
6662.5178
1006.7027
1014.8741
2743.5588
2757.6903
2544.698
2577.6879
2246.6027
2235.7997
-168.72004
-185.37207
-462.55028
-467.95886
823.63997
1007.1561
740.34549
574.96977
575.91491
526.28187
544.12917
1091.2212
1090.6771
7011.8554
7089.2095
423.53697
411.01966
1428.8386
1419.1246
1625.8383
1616.1162
2583.77
2582.1062
-523.32144
-342.85723
1455.8467
1467.7809
1452.6902
815.79146
811.73676
1607.1019
1597.7245
1589.9649
1613.5245
1621.0495
1621.7642
1620.7995
2545.0966
2533.6625
2161.2021
2149.9533
494.21076
494.0417
-42.0651
-80.716972
370.50653
356.08054
-326.21575
2656.4933
2629.749
-11.698616
-9.8377959
1500.6333
1492.8665
1498.3024
1491.5687
227.74232
42.821675
50.542654
728.53725
743.36249
3064.2629
2714.6904
3061.6526
1489.4469
1983.6857
1992.7067
2814.1225
2741.8015
2781.9943
1488.5792
932.36468
936.29241
720.30562
726.6544
1203.2102
855.2998
1134.8806
1133.9179
434.79494
429.13988
1663.7201
1650.3984
1805.4721
1824.4558
512.05488
586.02979
610.29979
557.63621
700.30092
1559.4538
1563.0535
-223.2951
1093.5333
1100.7261
2353.5749
2353.5326
2377.8524
2361.1925
1822.8113
1822.42
1734.1917
1738.2024
1465.7809
1466.6367
326.12176
324.84683
2049.0408
324.44048
365.31115
2045.8154
2679.1887
2660.0311
855.87351
859.93671
697.9478
702.30464
1144.5537
1138.6298
5075.849
6089.6326
3901.1989
500.13309
1399.5172
1396.8818
1088.0939
1071.0282
-321.47528
2657.079
2664.1884
1147.4699
1146.7538
1151.2574
1130.2816
1297.9179
1294.9663
878.45566
846.29906
895.79408
895.69407
-117.87167
497.43086
2619.6266
2084.4776
2628.7533
2644.9109
2226.9783
2215.6789
398.81748
410.6146
1057.382
1065.4927
1237.593
1239.7964
1059.4696
2194.9379
2189.3303
1031.7622
1033.3645
2419.8785
2421.1496
1303.7918
1305.4485
2094.4722
1308.4053
241.70358
740.33841
740.17864
1734.3066
1742.0745
1053.5284
85.544988
196.92304
727.63788
717.61341
-121.03731
-125.98461
2084.3587
2094.8091
1504.6035
1504.6387
612.10534
607.52241
1270.9748
1266.9379
-88.953698
1278.5849
-793.28145
-243.74011
-837.998
-554.80529
-221.79312
-221.94256
1055.6757
828.2741
825.87976
649.97017
632.28035
2483.4921
-491.18866
5747.0504
6115.848
785.64539
-10.68666
2552.6616
2543.6185
193.90735
195.41854
182.65728
1854.3709
2234.0457
2232.5266
7217.0647
7405.6921
-332.8913
-13.387044
-20.346667
1635.492
1645.971
1096.0786
1079.6191
7168.7994
7135.0338
1949.1631
1062.5008
1063.2212
866.14477
840.90018
886.99436
-1990.9629
2582.5524
2562.0432
1714.2353
1714.2973
2211.2662
2214.862
369.26917
373.75165
2557.2748
2562.2147
1119.8088
1124.2336
648.51942
612.80236
1974.7969
1987.2151
1559.2093
1559.7205
1649.1863
1652.435
694.26292
692.72278
623.56865
620.46665
628.49919
621.41477
1151.8105
1142.7382
1936.0924
138.26353
77.686331
1507.6813
1489.7196
805.51618
7140.8285
7131.6335
1024.1852
1294.4298
1296.4033
1322.3885
1323.9514
1848.5318
-150.35659
2569.9752
2568.9463
191.81048
194.04973
-209.60041
183.75588
810.94279
809.68734
145.95764
147.85467
1567.6551
141.15968
6977.0649
6845.3865
6026.1828
-737.62411
6725.8844
91.582837
1935.5888
2572.6898
2861.2774
2148.9333
465.16243
455.64892
2170.4719
2159.1458
2172.3815
1576.2287
1042.5563
1962.9433
1039.9134
1032.4854
1957.111
1938.7948
2461.1283
2454.7642
2460.1049
1953.1699
23.211579
117.56043
374.05816
2233.6001
-65.051897
2102.8826
2103.7317
733.76009
726.965
736.00301
2238.2037
1950.4465
2055.7232
2049.7127
2053.3715
2047.4599
956.32756
960.85903
6002.3436
3945.9202
1419.9649
1432.2131
803.00623
790.86728
-605.87249
-613.82387
2627.5568
-914.15408
2690.6233
2657.9571
1899.5497
1895.9216
549.60019
546.85295
509.51991
512.95645
2042.8831
2028.4029
1077.318
2631.8145
1580.1863
1558.5701
951.29572
955.00362
1613.413
1619.9221
17.571889
28.465931
2236.8968
2231.2064
845.75234
845.39571
840.15669
835.91734
149.38289
145.62546
154.1428
1714.5468
1376.4624
1383.5413
341.19613
346.15413
529.80098
524.12642
1311.7293
1313.1138
598.17025
1495.4725
1493.2718
548.35508
545.45283
240.11713
240.19996
2159.1487
2166.5588
2135.5012
2130.8321
2128.5624
1722.9736
1739.489
1710.1273
1933.1612
1942.5881
1535.4684
1536.3477
2299.7882
1537.8837
1757.3537
1793.8798
-168.11993
-163.45975
1969.8261
1951.9785
1975.1752
1991.4323
2795.7807
2822.7797
1425.0927
1424.7192
1180.3553
1176.4929
1470.4451
1477.1393
846.87773
840.78444
1458.361
1466.4277
1758.3445
1759.8174
2473.2739
2486.0017
2102.2586
2098.6052
1721.7599
1728.3652
1902.999
506.22552
1439.0203
1426.0158
2544.3089
2547.7277
7534.9911
7518.3221
2187.7237
2161.3902
2476.7093
2466.4933
885.62742
870.66
1486.4728
1486.9486
1629.5532
1625.6647
1333.7263
1332.0008
1312.1286
2290.616
1902.6327
1889.3113
1175.1088
1188.4951
1232.2486
1229.6348
745.55853
740.24782
455.15846
464.23606
1570.5679
1563.0562
1739.1351
1736.3686
642.35463
549.89986
1733.2655
1753.0538
2056.1679
1759.6638
2690.8221
2675.3475
2044.4967
2035.1205
1215.928
2052.2219
315.53656
320.82215
153.56423
263.63575
851.39444
851.96767
1743.7175
1741.9957
1754.4415
1751.0987
1974.5374
1970.7436
1986.0237
1967.5793
2836.4514
-12646.015
999.10725
1003.5469
2914.0193
2898.6684
2588.8835
2587.7615
2329.3962
2338.5798
1415.5464
1391.9865
494.90973
487.03948
495.09902
483.96024
1538.0078
1521.5611
1047.9953
1048.6229
2329.9522
2341.7952
849.75264
1958.5829
957.31344
2189.0152
1985.4356
1976.3537
1400.338
1418.2299
1911.5646
1954.2022
2896.1269
2886.7775
-741.25305
-731.28604
1446.9728
1459.4394
1171.7813
1168.7093
943.05219
950.54997
-668.66129
-715.49126
1680.8693
1690.4854
2627.2811
2622.2004
2630.1309
2178.75
2768.7832
2745.509
2694.2898
2707.6221
1239.2186
1218.9151
2540.7257
2573.5291
2030.0092
2020.7446
6127.8223
4269.7457
1929.7447
1928.2746
-198.6489
-216.27231
852.5674
1764.9255
888.1837
1572.449
1583.4703
1879.3249
1877.1441
1559.5781
1564.3644
1585.0271
1586.1132
1411.9203
1412.8553
1399.1385
441.89707
2645.1601
2644.1172
2654.1206
282.012
465.98409
328.38105
550.93368
422.68408
1591.3141
1597.35
2620.5393
2612.1588
651.60951
650.96247
1634.4279
1624.5667
1411.2242
447.08089
2551.2753
2505.1663
-820.93752
-817.91218
2082.8273
2065.5512
2550.6777
2559.4407
541.45258
547.37149
-2697.3553
184.79972
1642.8779
1638.9402
2338.6047
2341.3234
2336.0579
2332.6513
838.79938
839.00611
1027.0069
1016.376
797.91438
796.92791
1997.2885
2002.4275
736.92667
728.06674
1082.5476
2138.1287
2120.7488
2592.1073
2591.2532
229.15835
240.58225
2147.6977
2143.8007
2163.1697
1451.9665
1097.8585
1094.0037
889.23018
926.81826
649.02277
650.77787
2524.4426
2548.6091
330.67555
365.48897
2912.5485
2908.1249
1887.956
1897.0679
879.16162
1730.6294
1664.226
-74.677297
-44.093016
1392.6762
1393.6778
858.45305
854.62607
509.74495
499.55403
508.12778
501.24988
1521.3006
1527.0379
185.79604
183.48105
7031.2628
)
;

boundaryField
{
    bc_inner_outlet
    {
        type            zeroGradient;
    }
    bc_inner_inlet
    {
        type            zeroGradient;
    }
    fluid_1_tubeside_to_solid_shell
    {
        type            zeroGradient;
    }
    fluid_1_tubeside_to_solid_baffles
    {
        type            zeroGradient;
    }
    fluid_1_tubeside_to_solid_pipes
    {
        type            zeroGradient;
    }
}


// ************************************************************************* //
