/*--------------------------------*- C++ -*----------------------------------*\
| =========                 |                                                 |
| \\      /  F ield         | OpenFOAM: The Open Source CFD Toolbox           |
|  \\    /   O peration     | Version:  2506                                  |
|   \\  /    A nd           | Website:  www.openfoam.com                      |
|    \\/     M anipulation  |                                                 |
\*---------------------------------------------------------------------------*/
FoamFile
{
    version     2.0;
    format      ascii;
    arch        "LSB;label=32;scalar=64";
    note        "nPoints:6057  nCells:17908  nFaces:41789  nInternalFaces:29843";
    class       labelList;
    location    "constant/slab/polyMesh";
    object      neighbour;
}
// * * * * * * * * * * * * * * * * * * * * * * * * * * * * * * * * * * * * * //


29843
(
7366
8196
9464
10014
112
233
7381
14998
4
14381
15422
16917
28
255
14090
16919
97
172
16916
65
1351
10680
17140
8407
14315
16909
16912
28
14980
15234
16918
673
10766
16929
17016
22
29
8593
8648
26
96
11162
11339
13
8319
14327
16923
111
138
11540
23
14324
16909
255
8585
10751
16919
261
837
11414
11912
8459
14314
16914
16921
50
54
87
103
345
443
8407
16909
68
1349
14937
16911
53
77
8374
8382
132
11120
16929
17016
29
5827
6328
6578
15234
16922
344
435
11480
12485
44
120
12677
16926
107
11564
39
166
6954
13244
14089
14281
17828
33
1594
5827
14283
85
204
10389
15013
417
470
8319
16923
1484
8749
8866
122
207
8545
8645
353
539
8593
8648
106
213
580
16955
809
2775
17192
17825
204
376
8243
8353
611
7433
7647
47
92
15100
183
700
11613
115
15120
16949
372
567
8459
16921
15114
16949
345
443
8389
8405
49
66
6767
16923
83
88
103
436
491
8424
8943
66
8332
8799
72
15100
1513
5721
15201
17221
1576
1647
14903
17046
77
5986
16921
198
8989
9232
314
346
6954
7652
231
15107
16950
5980
6068
14984
16919
520
531
6633
7146
361
623
8374
8382
226
311
11504
8101
14405
16934
16942
415
621
8749
8866
188
548
16945
16956
512
638
8445
8623
2441
14916
17346
13247
14341
417
470
8377
8984
2668
11342
17051
163
958
7068
7326
80
299
8975
9031
436
491
8445
8623
87
15094
15121
87
117
124
14088
353
539
8501
8635
1083
15064
17225
990
1495
1596
3748
13210
14313
365
751
8243
8353
91
431
7355
7957
190
8645
564
765
8389
8405
534
1061
8424
8943
543
9218
9517
707
1783
2358
3195
376
13210
14084
248
413
11838
17034
14093
92
459
14101
98
319
8418
8918
415
621
8708
8713
184
7219
15095
17788
144
595
12227
16987
372
567
8433
8562
8498
14374
16924
16936
107
11319
131
10389
10965
340
8580
134
196
15114
263
409
7558
8193
361
623
8324
8520
511
1424
9620
198
14095
494
813
11621
512
638
8481
8612
15120
16954
11429
11550
624
660
8583
8652
391
2529
8585
592
941
8708
8713
404
11539
11657
233
304
17162
518
857
8101
16942
384
389
16948
213
276
453
256
273
753
1102
162
9232
262
1668
14437
16944
1351
1374
1464
2441
556
11504
11673
182
232
11162
286
8555
594
859
8501
8635
162
379
16990
144
9031
16987
210
244
11613
624
660
8674
9307
428
566
15246
17082
314
346
6878
7465
692
817
8583
8652
172
15035
3502
14911
17129
655
1012
8880
9041
230
241
11455
161
370
829
867
503
892
8324
8520
157
219
11237
404
11504
11673
587
891
8433
8562
1010
15019
16961
16964
2932
14951
15286
17169
180
272
11303
11330
297
1475
15104
9138
9202
3525
14932
16911
16982
520
531
7202
7318
377
388
11539
15021
16965
17830
1216
2173
2463
17121
180
272
11378
11442
866
1783
2358
3282
268
352
11455
11569
321
586
8826
9044
365
751
8255
8615
218
270
9031
16990
1483
3086
10994
387
11166
11263
202
328
11487
11501
344
435
8650
9617
176
338
11531
11576
370
9183
9224
9201
9341
425
6878
731
1235
1359
17029
169
227
6633
611
7355
7957
568
609
6633
7146
307
315
11240
11386
1069
7259
7459
175
677
9218
9517
199
339
11378
11442
14997
15189
2804
4166
6214
6527
214
574
8989
9232
330
8989
277
11558
1374
1464
1510
3867
351
371
11276
11441
692
817
8590
8653
11324
241
290
356
396
448
11319
11517
1039
11605
11728
431
7558
8193
564
765
8574
8981
594
859
8474
8658
639
2303
8880
9041
14915
15285
16946
333
367
11324
11405
299
8826
9044
220
221
8055
8642
784
979
8481
8612
990
1596
3412
16996
1219
1539
9849
785
886
8717
10256
230
11540
12677
212
478
9055
9136
9517
257
11505
202
328
11399
11446
587
891
8419
8577
11378
289
618
9183
9224
16916
228
240
9218
503
892
8522
8644
286
8826
410
464
9138
9202
366
544
6954
7652
429
11539
11728
341
4686
8498
16924
445
9128
932
14473
280
9201
380
392
11469
562
1044
8255
8615
301
475
11303
11330
266
9341
387
11162
11339
221
6615
16942
14415
16943
229
724
8461
8634
342
411
8645
8975
568
609
6878
7465
856
1042
8757
8805
764
11528
11691
1069
7068
7326
626
9566
10138
492
8193
11569
14048
501
15110
16951
448
11347
11428
14100
17833
785
886
8757
8805
275
308
12708
16947
893
1107
9820
10489
355
1178
11922
16932
592
941
8744
8836
561
15104
17043
626
9327
9707
290
11455
683
1925
2274
8200
636
14981
16959
16962
429
11558
11736
454
15086
17002
247
998
8493
8549
584
7957
1286
7484
8306
1320
1441
4816
17020
289
618
9130
9736
518
857
8235
8908
942
1274
8590
8653
366
544
7219
8230
465
490
8719
8731
9657
273
14991
15220
339
11512
11559
293
390
8918
398
420
8679
8882
825
1415
8332
8799
1413
15112
291
16943
16989
469
7800
307
315
11324
11405
1062
1147
8419
8577
270
8964
9143
488
560
7219
8230
373
11590
793
1304
16955
8975
408
15110
17043
11399
6199
15191
423
437
11518
11665
479
11496
11597
782
11469
11820
338
11540
11657
410
464
9155
9286
856
1042
8721
8974
574
8858
9120
728
919
8674
9307
819
937
9602
925
1053
8946
10595
301
475
11325
11410
1065
1673
9849
8883
8886
784
979
8566
9912
354
685
9744
10182
9033
15125
1773
6436
16988
687
1340
15106
553
9099
9567
850
15127
17032
895
1242
8474
8658
337
642
1320
1192
1475
1728
1020
1158
2274
9138
419
808
9743
9884
11240
444
969
11339
325
697
11696
11892
9770
16966
441
489
8231
8628
412
536
11399
11446
11303
15125
16954
925
1053
8834
8933
12163
15339
17136
17415
764
11473
11704
3732
11978
16932
17843
359
382
8580
7012
11276
655
1012
9154
9199
354
685
9743
9884
350
500
11531
11576
340
9055
421
684
9128
9437
363
8886
342
411
8471
8697
550
794
9675
1812
2093
10465
407
11528
441
489
8545
8555
1005
15108
17047
11518
562
1044
8646
8654
677
9178
9538
1148
1414
8055
8642
628
871
9878
9922
401
11435
487
1278
15133
605
752
9155
9286
715
754
8768
9482
3119
3384
3673
11569
11487
8679
9136
3725
9067
8964
1004
9566
10138
16985
8196
8319
7433
1270
1621
15127
728
919
8915
10473
423
437
11474
11510
360
11512
381
11405
373
11531
8459
9566
1349
11970
17051
396
12708
14045
2597
3196
11297
1022
1342
8834
8933
473
8380
8591
500
11487
11501
8243
952
14982
16974
16975
586
8970
9203
412
536
11366
11418
8101
7355
401
11442
2103
17359
17732
455
659
11435
11467
12227
14331
381
11347
8374
11512
11559
446
1466
15108
688
1323
8883
8886
8382
806
11528
11691
917
1400
8744
8836
15094
16991
868
11396
11695
11435
11467
473
8679
8882
483
954
9327
9707
988
11473
11704
1299
14928
15288
17102
493
537
17026
17753
11428
806
11605
11728
988
11431
11702
553
9055
9542
3641
9067
9657
868
11431
11702
1297
4507
5056
17018
5176
14964
15270
17254
799
832
8970
9203
11590
11603
507
652
11231
11318
447
8914
461
865
7647
502
1231
9033
10161
11505
11562
499
613
11565
11705
635
670
8754
8967
11691
644
717
11319
11517
895
1242
8543
8663
697
11390
11683
501
1307
17787
469
8418
9044
8545
11330
15106
17042
1766
2677
11430
11449
8593
578
936
11545
11870
8332
506
607
11505
11562
458
9327
447
9136
747
9604
1118
1275
8522
8644
11446
646
1925
2274
2524
958
7433
7647
605
752
9147
9747
591
1206
11496
4997
11087
17831
11657
583
739
11366
11418
8461
451
985
14988
16975
1809
8070
17182
467
600
11558
11736
8498
8407
12176
498
719
11496
11597
668
797
8164
8293
772
1008
9738
8978
917
1400
8773
8922
8445
1313
11237
11489
478
9329
9821
906
1466
1931
9128
9437
11467
893
1107
9416
9610
694
750
10206
1324
13247
14085
507
652
11347
11428
782
14478
16948
869
1778
15057
555
11562
1182
1583
8377
8984
1057
2304
8574
8981
808
9534
9803
543
14107
16986
467
600
11565
11705
1579
8222
9479
702
768
8508
8542
898
944
10017
10038
9183
504
8727
1022
1342
8928
9226
11921
2784
4185
11360
8380
8580
8405
776
1164
9746
1480
1492
8543
8663
8719
533
1857
7925
8133
11366
733
786
11202
11353
718
1025
8136
8211
9542
11795
16947
955
1330
9008
9207
581
601
11473
549
570
8591
509
9178
942
1274
8810
9565
529
771
11431
1210
1481
8988
10255
980
1278
1831
495
7558
8471
504
8882
8674
724
8418
8918
690
1094
1718
1459
11472
11910
560
7800
8720
535
15133
17067
1495
1637
2128
3748
627
11603
508
11501
11565
874
17788
790
9191
8255
8914
9469
787
975
10988
11238
546
11559
11166
613
11518
11665
954
9118
9632
1067
1611
9766
2256
10206
10499
8389
1272
1584
8721
8974
1190
1992
11502
726
8525
11430
11449
668
797
8471
8697
547
711
8942
8055
672
2848
11474
11510
6726
852
1104
9878
9922
634
680
11396
588
1096
9178
9538
588
1096
8795
9153
585
1469
11281
11563
583
739
11409
11424
778
1078
8164
8293
1238
1533
9117
9137
1397
11332
11680
603
1236
8727
9197
7259
734
769
11260
11477
573
11912
17075
579
8915
960
12509
17066
11474
690
17752
740
999
8586
8901
8708
635
670
9201
9341
887
1150
7868
8357
887
1150
8136
8211
10138
7484
1320
1928
2652
4816
607
11590
11603
1458
9480
9895
14948
15309
16957
862
8823
9208
1173
9329
9821
740
999
8858
9120
578
936
11281
11563
9112
1353
1988
8646
8654
659
11566
11608
11704
16926
725
1201
4389
5534
1510
1637
2128
3867
695
946
1134
1333
17041
569
12560
17039
8235
738
1203
11396
11695
8377
1139
1587
9581
10013
854
17141
17503
8635
7068
2076
9313
10999
862
8719
8731
718
1025
8508
8542
799
832
9008
9207
15112
17074
9538
734
769
11240
11386
850
864
9033
10161
663
879
8727
9197
11390
1061
9305
12391
932
11629
11784
1209
11390
11683
778
1078
7879
9005
11325
998
8461
8634
780
11332
9155
8324
8858
1967
2008
11188
1159
1321
8379
8533
1578
11580
11668
8501
702
768
8964
9143
8433
15159
16991
678
874
14320
16951
741
1300
9534
9803
1238
1533
9066
9245
1312
2080
8235
8908
11576
1209
11332
11680
1230
5800
12062
17191
913
8768
1210
1481
9117
9137
9130
1440
1547
9148
9393
11608
1007
1344
8379
8533
7055
667
1331
9313
8493
746
1130
7800
8720
12293
993
1338
8139
8174
1062
1147
8869
9103
656
1444
11580
701
1514
9130
9736
9286
889
15130
16937
712
14975
15253
17310
8880
1457
3160
4396
8562
8717
1005
1316
7055
8859
9884
719
11566
11608
658
9743
848
1119
8422
8571
1156
1379
8139
8174
1240
1652
9683
1075
1418
16943
16989
663
879
8808
9477
1393
11640
12941
9120
6372
9305
848
1119
8754
8967
8583
1462
8866
1194
1879
9154
9199
801
1015
11409
11424
939
963
3119
741
1300
9116
9509
814
11550
1440
1547
9267
9572
1881
2228
714
1487
10631
10812
851
984
11313
11533
1159
1321
8245
8262
733
786
11276
11441
1245
1348
8286
8465
11441
1302
7484
8306
16979
816
1165
11166
11263
8713
1570
11429
11550
775
881
9604
10276
871
10203
10239
11517
8623
910
9067
14364
16924
1156
1379
7946
7972
9292
1245
1348
8100
8131
959
1026
8914
9469
1010
14054
16964
17829
2379
9176
10122
8231
1437
1716
8928
9226
9143
1208
1341
9876
10078
2553
11418
4758
9765
14943
1671
1802
9171
9293
732
2313
11725
1189
1555
7259
7459
9707
14098
14323
16953
689
1296
11472
1393
11439
11664
1114
1364
9866
9970
720
744
9758
5787
7818
747
9821
10239
993
1338
8422
8571
1517
1822
15111
1186
8970
1676
11583
11765
4092
15058
770
1279
9590
8481
1474
1743
9066
9245
1180
9833
11465
15141
17042
851
984
11325
11410
11545
1149
1848
6726
8732
898
944
10151
10244
1039
11799
11997
884
9480
8697
1426
1585
8245
8262
11985
15326
17108
17428
715
754
9292
10044
1139
1587
10198
10430
1055
1510
1129
1571
8489
8513
1445
1624
8100
8131
816
1165
11101
11286
1458
9502
9625
6677
6922
14985
1272
1584
9012
9394
820
10611
9205
965
1371
10590
10599
814
11566
8164
11668
1580
9721
10656
1171
1385
8286
8465
1114
1364
9706
10036
801
1015
11398
11404
9099
1297
3014
7959
11281
800
964
9746
10486
9403
995
1618
8555
8978
1129
1571
8755
9049
810
5936
11916
2455
11429
11564
11386
11202
1037
1608
9768
9977
1208
1341
9784
9810
956
1519
9118
9632
994
11583
12091
8754
9118
1310
1355
9943
10154
1007
1344
8795
9153
1580
9744
10182
804
899
1059
1890
1197
8614
9675
10337
1420
1726
9088
9423
1024
1111
11629
1180
9738
11116
8520
9203
2380
14897
15347
9197
1506
1666
7946
7972
1118
1275
8712
9665
852
1104
9768
9977
842
1013
15006
1420
1726
9328
9454
956
1519
8755
9049
1446
1942
8745
8976
965
1371
10631
10812
8207
17512
17594
11683
8612
1429
1694
8489
8513
985
1324
8856
10341
8967
11410
1723
10102
10264
1397
11439
11664
1582
10027
10691
914
1255
11398
11404
1049
1179
9833
909
10107
1636
9675
10337
1171
1385
8586
8901
7942
1426
1585
8168
8181
1469
11618
13037
1774
1869
9408
9519
11702
792
1840
2378
3118
8574
8652
11231
815
11263
1040
1504
8942
10470
1476
1996
9012
9394
1231
9480
9895
1194
1879
9223
9593
15122
17121
2099
11621
11784
1173
9308
10520
843
1262
1628
1437
1716
9088
9423
8542
1075
1418
8821
9641
9748
888
10299
11313
1287
15144
17100
1474
1743
9171
9293
899
13197
16961
914
1255
11266
11301
11696
1205
1677
9116
9509
9922
17824
17872
1087
1225
15086
1725
3239
9811
10235
1429
1694
8305
8327
1459
11629
11784
11580
11668
975
11237
11489
10988
8757
2105
2329
11993
1912
10206
10499
1487
10970
11058
1343
1549
9095
9160
1191
1411
9347
11373
1308
1334
8614
2916
3107
3525
16911
833
8856
1500
1923
9811
10235
1600
1699
6117
1011
1674
9008
867
8919
16952
1573
2476
9416
9610
1480
1492
8929
9016
9147
1415
9142
10262
1123
1239
10090
1260
1586
9205
10628
1445
1624
8023
8071
1413
9010
14574
1290
1735
11266
11301
1037
1608
9297
9460
1471
1553
9784
9810
1506
1666
7844
7992
1006
2189
15057
3441
4403
4424
1205
1677
8745
8976
1136
4304
8208
1560
1893
9110
9679
1491
1511
9095
9160
8508
1271
2776
9882
12449
17033
11260
9534
1160
1362
11118
11285
17504
17832
1613
2854
9267
9572
8590
8615
2585
5258
14953
17245
8836
2336
2607
11398
1623
4242
11384
11400
8808
1226
2654
9196
10152
9224
17033
1579
8493
8549
957
1351
15159
11664
2497
17003
17228
1160
1362
11231
11318
10244
2049
2060
2228
4955
923
1412
6367
16989
1756
14307
1191
1411
9502
9625
2578
17086
17183
1407
2165
9297
9460
1528
2067
9186
10050
8731
2485
3952
5893
17510
909
10337
916
1435
9744
904
3268
8234
8447
1514
9522
10258
955
1330
9410
11389
8946
7879
964
9766
10538
3193
15089
16938
981
1650
8768
9482
8658
8577
9041
1154
3673
14843
17282
8419
1305
1467
9453
10035
1572
4640
9308
9878
15137
1729
1958
8168
8181
1350
2302
7507
9478
1377
1381
9930
10058
1427
1649
10056
10181
1999
6810
1427
1649
9931
9936
1931
7843
9478
1177
1896
11040
12371
1471
1553
9824
9830
9746
10486
8596
9657
13244
1628
1870
5957
17053
1410
1705
8942
10470
1236
9465
9950
11243
12142
15312
17153
17409
2185
10203
10239
8474
1757
1915
8305
8327
8943
1189
1555
7746
8392
1305
1467
9147
9747
1638
2370
8869
9103
1412
12062
14462
1508
3441
14847
17289
8805
1489
1833
10280
10361
1377
1381
10017
10038
1503
1542
8295
1757
1915
8217
8269
938
1352
1495
1405
1767
9985
10245
11820
1149
1848
7813
8258
1824
2013
11321
1389
1771
6726
8732
11449
1912
10090
11150
3353
4212
4818
963
11380
12128
1950
2101
9628
10368
9154
8566
1035
1478
10027
10110
2266
3653
10994
1653
14021
17041
1810
2219
8773
8922
974
1432
9465
9950
1310
1355
10110
10209
2227
6881
13384
17097
1095
3033
11384
11400
1105
8972
1071
4085
11188
11227
9803
10240
8795
3040
3282
17139
8222
1079
9437
2115
9874
10972
1047
1531
1721
2075
6355
7925
8133
10282
14983
17021
10573
10507
2903
3407
11791
1712
2173
15073
17007
2916
3107
3732
16932
1313
11564
11725
1509
1779
9488
9531
1491
1511
8960
9106
3198
10790
17239
1372
1801
9812
10261
1264
9779
11466
1224
1799
8935
10666
1775
1916
9931
9936
1317
1708
8231
8628
8653
1831
9777
10750
1396
9559
1634
1960
9605
10422
1476
1996
9110
9679
11424
9176
1729
1958
8018
8088
1877
2141
9148
9393
11680
1863
2004
8023
8071
9107
1520
1546
9876
10078
1153
3558
13458
17158
8136
1203
11524
11796
1691
8883
1568
1839
7868
8357
1076
1803
10151
10244
8935
9153
1076
1803
10047
10821
1295
8709
8915
10473
1774
1869
9710
10119
1520
1546
10092
10393
10182
16983
12230
17048
1013
2427
17753
8586
1582
10373
10698
1883
2902
9581
10013
8872
2705
9564
9748
9416
7019
15018
2756
2825
11409
12054
1428
1746
10611
10948
1640
14952
17195
17717
1153
15122
17092
1248
2785
8856
10341
2228
3806
4955
1863
2004
7940
7956
8721
1182
1583
9196
10152
1646
11469
11820
8571
1079
9465
1560
1893
9612
9804
2231
2284
9408
9519
1405
1767
9992
10034
1512
1972
9930
10058
1680
2748
17046
17229
1731
2454
8765
8850
1588
1782
10056
10181
1148
1414
9374
9964
1754
9779
10610
2040
2366
9328
9454
9116
1232
2860
9112
10365
11871
1051
9711
1488
1974
8821
9641
8933
1704
1860
10026
10601
8522
1529
1768
10590
10599
1398
1526
11291
11440
1721
15144
1402
2326
8650
9617
1748
9559
11309
1389
1771
7055
8859
1504
9191
10978
1461
1761
11202
11353
8988
1162
1322
10373
3195
3325
4364
2200
2385
4396
5497
1541
9196
1262
1622
11287
11967
1890
8872
8977
2532
12138
17332
17845
16962
8644
1145
2507
9403
11274
1115
2045
10792
11115
3105
9711
11483
1293
1800
10611
10948
2621
9882
10573
1092
1193
9625
8175
1500
1923
11730
12591
3934
11584
1446
1942
8765
8850
1451
1783
2546
1293
1800
10507
10795
9488
10203
2492
8867
17431
8211
9604
10276
1215
1846
9568
9827
1601
3353
14866
17300
1490
1714
10988
11238
1643
5289
17071
1661
12250
14884
17132
2320
15041
17073
17134
1671
1802
9547
10067
1202
1630
1830
1901
4671
16945
1367
1485
10299
10819
1568
1839
7747
8482
1436
1565
9766
10538
2201
10007
11300
1522
1820
11613
11997
1718
17027
17175
2744
11301
9632
1450
1986
9598
10074
1685
1981
9706
10036
1810
2219
8782
9280
1409
1527
11243
11537
1113
1288
10319
2380
17127
17171
1270
2033
9191
10978
10017
9176
10122
16975
2029
15078
17113
9581
1343
1549
9568
9827
1489
1833
10316
10370
1581
1895
10639
10701
1646
11583
11765
1724
1758
9943
10154
1454
10107
10645
9583
1116
10631
2045
10828
10950
1287
2315
8534
8853
8654
8901
1212
1223
11699
1479
1837
9310
10172
1372
1801
10110
10209
1842
9590
11059
1760
2737
9331
9407
1911
2498
8810
9565
1333
15141
17100
1529
1768
10550
10565
1706
2147
9600
10018
8379
1197
8380
1997
2721
8929
9016
1490
1714
10882
11011
1793
1854
9705
10033
1653
8614
9413
1877
2141
9254
10021
5769
8109
8134
1285
3308
11048
11078
1417
11304
11485
17202
9811
2084
2148
11621
1975
3400
9561
1473
2100
3062
12567
1980
2046
11191
11445
1317
1708
7942
9278
1616
10480
1346
2517
9142
10262
8663
8821
7543
8174
1512
1972
9600
10018
12040
15317
17124
17410
3118
15064
3384
10744
17079
1966
2143
9824
9830
7868
2402
2632
11896
3806
5787
5857
8286
11101
1266
2167
6893
15004
1664
10319
10919
1292
15130
17150
1636
9882
10573
11318
3274
3851
11644
2250
2416
7757
7763
1845
2683
11725
1793
1854
9992
10034
9210
16998
17337
8422
1450
1986
9350
9669
10908
2260
2283
8018
8088
1569
15011
17170
1688
1939
9866
9970
1656
7925
14926
15273
17052
1748
10027
10691
10691
1581
1895
10280
10361
9142
1950
2101
9786
11114
1515
4264
9620
11200
1941
2280
10566
10931
1323
9564
9748
1588
1782
10359
10713
1398
1526
11243
11537
7318
3230
10510
11813
9598
1728
9932
11295
2201
9522
10258
8744
1409
1527
11313
11533
1841
1898
10447
11034
8591
9208
10108
17008
17320
1368
2175
10792
11115
4139
14979
15231
17213
1881
2520
1906
2418
15117
11640
1688
1939
10117
10278
8755
1578
11770
11795
2089
2124
9085
9089
9706
11563
8834
1552
3261
9710
10119
1788
11524
11796
1576
1577
2090
5740
7121
17257
17427
1237
9401
2914
11715
17083
1407
2165
9331
9407
2253
2286
7940
7956
3304
9655
11468
1428
1746
10967
11190
2253
2286
7815
7917
1792
1971
10507
10795
1788
11369
12058
1365
8634
1359
15031
1825
9721
2041
2087
10642
10787
2032
2503
7747
8482
1909
2434
8717
10256
1875
9085
9089
9736
2542
8070
1724
1758
10117
10278
1965
2192
9714
10040
14950
15361
17028
9469
1846
9966
10310
8928
1842
9738
11116
3252
7543
11042
1628
2229
3124
5957
8773
2260
2283
7919
7990
1548
3121
10923
8139
1904
2138
10416
10830
1964
2473
8581
17038
1855
9777
1682
2734
10404
2225
2488
7844
7992
2114
2361
9254
10021
1257
1460
10102
1685
1981
9714
10040
1528
2067
9705
10033
12066
1260
1586
9787
10096
1913
10055
10633
2085
2095
8960
9106
2275
2360
7976
8147
10044
2250
2416
7651
7806
1622
4424
2107
2421
9836
9984
1432
10107
10645
1297
2049
2060
5056
1661
6855
15219
1452
5597
6422
17282
2275
2360
8217
8269
1577
2090
4860
7152
1621
2033
3976
9308
10520
8810
1626
2609
11686
8974
8869
1689
2034
9985
10245
1436
1565
9561
10511
1307
17044
1723
10373
10698
1706
2147
9583
10309
1689
2034
10092
10393
2445
2943
8782
9280
1523
2293
10828
10950
1347
1530
9693
3151
11541
8230
17034
12136
17040
1454
10299
10819
1488
1974
9540
10989
1536
11400
1461
1761
11279
11490
1551
6671
17093
10280
1775
1916
10177
10228
7896
10142
1676
11699
11857
1781
2003
10970
11058
2544
17101
17125
9977
1599
2000
11260
11477
7652
16977
2239
3101
8712
9665
2099
11770
11795
9522
1902
2305
10614
10672
1756
17044
2249
8823
9208
2114
2361
9284
10438
10038
1629
2259
8978
9846
1612
8646
11802
1969
2341
10474
10525
1410
1705
9598
10074
7465
17048
8234
1401
1790
9932
2031
15089
17141
8513
1664
10738
10748
9962
8799
1880
3510
3779
3989
2163
2772
8702
8738
1904
2138
10642
10787
2247
4379
8988
10255
1638
2370
9250
9914
9453
2379
9777
10750
2545
2641
7815
7917
1785
1851
2249
9124
9413
1930
4901
9453
10035
4088
4880
12382
2085
2095
8986
9101
8465
1610
1780
9391
9637
1721
1822
7823
10056
9117
9240
9049
1731
2454
8702
8738
1540
9874
2142
9966
10310
8245
3107
2584
9683
3325
4364
4818
1670
8712
1378
3481
9371
9962
9992
2225
2488
7757
7763
1969
2341
10614
10672
1610
1780
8808
9477
15006
15224
1764
2552
7879
9005
2050
2146
10550
10565
11353
2214
4009
7202
7318
9876
1799
9099
9567
1525
3021
10687
11126
1408
10738
1380
10970
1564
2573
9379
9436
1938
2314
9989
11198
10950
10151
1645
2593
9812
10261
8435
1886
2199
10851
10983
4758
11858
16929
17858
9768
2886
9564
8131
2175
11083
11174
9943
2576
2666
7919
7990
2406
3202
8566
9912
1966
2143
9836
9984
8533
4376
17035
17216
2975
4492
6810
7625
1645
2593
9595
10736
7843
2282
2300
11380
2156
2268
9612
9804
1523
2293
10852
10856
12585
2576
2666
7859
8010
1639
2612
9379
9436
1650
9779
10610
11618
11307
1927
2350
8872
8977
9223
2912
8972
11109
1657
9655
1997
2721
9283
9687
1634
1960
10026
10601
9605
1978
2319
10465
8745
1485
10578
10793
11359
9502
10007
9488
9531
1466
7507
8908
8984
2545
2641
7798
7983
8616
17200
8642
1902
2305
10882
11011
9110
3502
11750
17016
17861
2119
3583
9547
10067
2606
3798
11686
2256
11103
11798
2436
2530
11078
8100
9810
10701
8262
1965
2192
9672
10001
1792
1971
10619
10754
10276
1737
3266
7942
9278
1704
1860
10359
10713
2185
10429
10902
10584
9012
8785
17491
17893
1556
3576
11791
9137
10120
17022
2229
3124
5691
17010
2626
4081
6984
1570
11749
12033
7946
8489
2751
2816
7976
8147
2231
2284
9576
10623
2241
2255
10316
10370
9347
5369
6074
6375
3673
4097
1982
2581
10566
10931
10486
1554
2181
10055
10633
1739
2699
17843
5908
6333
7923
10258
11765
1913
10738
10748
11118
2303
11119
11134
2495
3148
9223
9593
2358
1841
1898
10639
10701
7507
9207
2032
2503
7436
8916
12797
1599
2000
11359
11604
9714
2277
2426
10177
10228
2356
2381
2914
9088
1621
10049
9186
2729
6734
12181
17051
1754
10319
10919
1672
9477
9103
9267
2051
2230
10897
11270
5300
10923
11727
1594
11134
10538
2424
3173
9350
9669
11115
9787
9936
11090
9379
8782
2083
2563
9583
10309
1886
2199
11101
11286
2396
2694
10474
10525
2050
2146
10697
10740
2213
2470
10416
10830
2751
2816
7807
8063
10430
1911
2498
9186
10050
2163
2772
8476
8636
2755
8356
9339
9895
1843
2415
11090
11168
7747
1675
2808
12218
4403
11451
17011
1550
10172
9212
9297
14931
17312
9747
3889
10192
1573
2476
10165
10268
2769
11838
16980
2043
2287
10602
11495
9509
9970
2019
2371
10687
11126
2009
11736
10590
1639
2612
9415
9541
1887
10792
11266
11404
9812
10619
2142
10205
10651
2075
8728
9048
1662
1861
11489
9148
1914
2567
10737
10756
2011
2611
11770
1735
11354
11612
2374
3537
8365
9417
10468
10772
11406
15402
3304
9932
11295
2517
9721
10656
2304
10030
10612
2755
6810
7625
2477
2557
8986
9101
1947
6874
11048
11078
1804
2154
9620
11200
10359
9408
4648
10510
11849
10136
1779
9787
10096
3997
4673
5092
1823
9786
9931
1607
9592
8223
4101
11699
11857
1914
2567
10852
10856
2349
2390
8365
9417
2178
2571
3510
3779
9705
2156
2268
9605
10422
2217
2617
10681
10747
1781
2003
11128
11308
1684
9095
10578
2487
3126
10681
10747
2477
2557
8873
8956
8096
2765
3197
17186
12132
8976
5668
9260
10908
9199
2217
2617
10851
10983
2990
3371
7651
7806
2571
5823
12033
9255
10902
10181
10919
8981
9226
8327
9540
9820
10078
2788
15136
17150
2369
2967
9536
10218
2349
2390
8283
9324
3236
3497
7496
7547
2321
4395
9374
9964
15353
17368
2145
2631
10737
10756
4212
2241
2255
10402
10581
1678
2216
2328
15002
11279
3710
6053
17172
4212
11752
16997
1760
2737
9409
9712
2107
2421
10162
10178
2152
3377
9409
9712
2213
2470
10495
11163
12245
14490
17547
2181
10205
10651
10058
2041
2087
11090
11168
8823
2621
10134
10584
2080
10149
10403
1864
9710
1797
1891
10429
2015
5644
14959
17295
2507
10142
12231
2277
2426
10345
10356
1691
9846
1928
2652
5522
17078
2445
2943
8876
9506
10049
14990
17054
4721
11612
8181
2019
2371
11124
11177
3231
11472
11910
2767
2917
9628
10368
2018
8356
2920
11916
15360
1686
1910
2200
2385
2899
3232
8162
8257
3147
3355
7859
8010
9989
2240
4220
8196
10014
10520
8998
8929
8960
5613
14966
17177
3142
3245
7798
7983
2145
2631
10617
10763
2351
4452
6631
1982
2581
10648
11282
10047
11695
5740
10597
17172
3242
3456
7749
8000
10361
9950
2083
2563
9536
10218
3252
7843
9478
8720
1866
5919
9265
9892
2220
2671
11118
11285
1896
8728
9048
2326
8972
11109
2778
2880
8705
8722
3194
3625
7655
7754
7135
15272
15299
17468
2689
14914
2648
11466
11521
2778
2880
8873
8956
10819
2547
2962
10345
10356
8071
1882
3212
10850
11121
1773
14429
15428
2072
3472
17869
17870
1988
9607
10604
9284
1837
9292
10044
3105
10049
11295
2705
10240
10959
3237
11354
11612
11796
9460
2979
15135
2414
2521
9561
10511
1738
3426
7019
1865
2583
11307
11582
4920
10279
10996
3236
3497
7430
7722
2573
10136
10237
9536
1910
11321
12393
3082
3556
7712
7808
9600
10026
3469
3535
7807
8063
9371
9962
2460
2598
10402
10581
1804
2154
9602
11265
8850
2644
2714
8283
9324
2861
3329
9284
10438
2040
2366
9717
10875
2387
2554
10619
10754
3710
5823
8033
5745
11148
17608
2270
2843
9159
9526
1938
2314
10447
11034
1941
2280
11054
11172
10447
9885
9331
2536
2952
12357
8293
1909
2434
9403
11274
2051
2230
11083
11174
2027
2036
10235
2196
11715
15255
2393
2499
10697
10740
11286
2644
2714
8165
9190
9245
2168
2725
11103
3689
15132
3142
3245
7749
8000
3621
3799
7616
7713
7823
2022
4572
5477
5699
10748
9985
2311
10013
9293
2827
3042
8980
9093
12560
14375
8023
2061
2782
9447
10272
8305
2649
2690
11287
8201
10198
10199
10430
2384
2711
11122
11277
11440
3310
3520
7712
7808
2317
8134
6793
15226
17045
5374
6055
6678
2489
2679
10526
10704
2489
2679
10617
10763
2532
15177
17845
9254
2081
3361
8175
9898
2062
2263
10578
10793
11058
2599
6408
11689
10610
2172
4007
9607
2393
2499
10753
10855
2339
2636
9592
10076
2565
2670
10654
10783
1959
5790
7116
17289
10645
2841
3204
9672
10001
14189
14334
8168
9930
2899
3232
8476
8636
8765
11477
3242
3456
7616
7713
2495
3148
9243
10156
1874
8527
1865
2583
11359
11604
3773
11870
10154
10856
1995
2965
4955
2258
4032
9994
11108
7146
2396
2694
10600
10689
6153
15202
9628
9824
2635
3031
10162
10178
3331
3978
8980
9093
2189
2497
5936
9641
9310
11190
10639
2061
2782
8990
9939
2951
13989
17099
2587
2947
11122
11277
3310
3520
7596
7695
11671
2220
2671
11053
11123
2912
9313
10999
1957
17062
17105
10370
10209
3194
3625
7496
7547
2990
3371
7655
7754
1843
2415
11466
11521
3477
10047
10821
2198
2960
10774
11036
9265
10812
10033
9454
10261
10174
3147
3355
7947
8144
2320
5613
17073
17177
2460
2598
10605
10714
2043
2287
10967
11190
6117
11047
17181
8543
2066
6442
8739
4464
9849
11483
2262
2624
11871
12269
2078
5308
7407
17300
1827
2491
8534
8853
2152
3377
9291
9544
3621
3799
7549
7568
3145
5460
10134
3424
15158
17283
2009
12766
2809
3043
10600
10689
2769
17074
3261
10404
11637
5718
6087
6263
2654
10429
10902
2198
2960
10850
11121
2056
12144
17110
2877
3711
9993
2387
2554
10654
10783
1906
15031
15198
12509
14292
1871
2615
16982
10795
3417
4053
8162
8257
2688
4887
8068
8177
2596
4369
8946
10595
10096
2091
2430
11291
11440
7972
5312
10508
17122
10967
10698
11238
2420
3115
10326
11298
3787
11632
11802
10461
2014
3667
11685
11924
7202
3678
4006
7596
7695
1980
2046
11307
11582
2951
9124
9413
2376
3071
10764
10930
2674
3514
9291
9544
9612
2785
9874
10972
2431
3671
11749
8728
17075
2248
3474
9256
9448
2062
2263
10734
10739
10393
2648
11632
11802
2462
2696
11545
11870
7844
2854
10279
10996
11214
5230
7418
2376
3071
10774
11036
2635
3031
10100
10296
9572
10118
17055
4937
5941
6932
2091
2430
11433
11866
2927
2934
10526
10704
2552
8096
9808
9159
17191
2655
3309
11053
11123
9066
2029
2136
9781
9959
10165
2780
4860
2524
4389
2039
10828
1976
9610
3351
3791
8891
8968
3222
3661
11832
10882
3021
11096
11385
3104
4119
8365
2585
15041
17245
12144
14474
3477
10030
10612
2082
3944
8096
9808
9328
2827
3042
9623
10079
10948
9034
2874
3046
10462
11160
10713
4030
4105
7566
7673
2140
3682
8223
10263
3772
5193
8627
10642
2551
3273
8990
9939
10566
2792
3125
10745
10776
15050
3082
3556
8068
8177
2595
4689
7746
8392
10303
14995
17018
9595
11116
10793
10565
8738
10316
3469
3535
7883
8220
2362
2862
10761
11463
2384
2711
11214
11427
2610
4050
9397
10305
2589
3161
10764
10930
2824
2855
11360
11245
3645
4052
8876
9506
17446
2789
3006
9592
10076
2074
17829
3384
2809
3043
10624
10671
4222
9410
12230
14525
2674
3514
8891
8968
2439
3769
10723
11098
3422
3526
8705
8722
2127
3996
4899
3002
4176
11845
2589
3161
10745
10776
10602
10092
2248
3474
9415
9541
10787
9407
2781
2859
10753
10855
2025
2757
10396
10461
2610
4050
9250
9914
2369
2967
9623
10079
6606
11443
2792
3125
10607
10678
4110
4251
7365
7434
9897
2633
3800
5377
6017
3696
3941
7947
8144
4197
4373
7566
7673
2123
5318
5360
7096
4612
9043
17224
2767
2917
10091
11513
2010
3360
8217
3441
4699
10245
9764
9944
10516
10868
2391
3073
11214
11427
2070
3442
11054
11172
14832
15303
17173
9623
9672
3920
11584
11601
2017
2957
10396
10461
10416
3050
4024
10605
10714
10599
10117
2946
4035
8283
9374
5437
10134
10584
2902
10771
10866
2927
2934
10505
10700
3887
9885
11847
3093
3150
10505
10700
11122
9784
10687
3678
4006
7526
7729
4110
4251
7549
7568
4214
4532
7329
7635
9889
2895
2970
10778
10822
10403
2565
2670
10963
11269
2020
2180
10897
2394
2944
11502
3230
10973
11915
2549
3249
9717
10875
2353
3555
10648
11282
4396
5497
5588
9423
8876
2391
3073
11279
11490
3268
8109
8134
11533
2362
2862
11124
11177
3696
3941
7924
8099
11174
8018
2528
5846
17167
17260
4311
4510
11520
12453
3422
3526
8666
8842
3920
11676
11685
11921
12369
4881
5953
7519
3602
11619
11981
3284
3987
11367
2224
4899
5718
3859
11676
4612
11152
13520
16967
17085
17111
2048
9827
2259
8234
8447
11083
3577
11128
11308
2487
3126
10838
10934
2351
2733
3509
3880
8565
8995
3904
4423
8089
8273
2112
10310
3417
4053
8089
8273
4471
10924
11245
2874
3046
10569
11018
2136
17114
4011
4181
7883
8220
2602
3193
3324
7521
12449
14367
10278
2771
3499
10567
10644
4471
11017
11552
2841
3204
9799
10254
2630
4044
9256
9448
3212
11096
11385
9547
11011
3156
3297
10607
10678
11128
4214
4532
7208
7342
11385
11291
3051
3749
10838
10934
2957
10136
10237
4389
10783
11308
2781
2859
10778
10822
2556
2794
9993
11004
4030
4105
7924
8099
3207
3709
9576
10623
15137
17109
4011
4181
7817
8081
2339
2636
10102
10264
3351
3791
8478
8760
5497
9436
10633
4156
5525
5893
17510
4197
4373
7525
7593
2895
2970
10844
10860
3065
6627
8039
9679
3509
3880
8666
8842
3543
5616
8208
8852
2104
11168
3904
4423
7880
8052
12337
15371
17867
3390
3504
8016
9115
2350
9159
9526
12136
14535
10750
17039
2587
2947
11328
11416
3353
4767
2660
3496
10708
11009
9964
2133
7326
2264
7726
9409
3847
11686
11910
9052
2550
3283
11873
11172
3689
9356
14963
17031
2137
9531
3510
11354
2740
5480
10596
12131
4464
10065
11899
4161
4472
7526
7729
9415
3140
3325
3924
3156
3297
10557
10670
3298
3465
10624
10671
11981
2381
15085
15177
10119
2655
3309
11091
11210
12522
17537
3442
11135
11522
4418
11584
11601
2601
2985
9205
10628
9799
4317
6563
11538
4725
4759
7365
7434
2660
3496
10723
11098
3093
3150
10579
10818
2757
10679
10859
3770
3970
7911
8831
9171
10656
17066
2547
2962
10567
10644
3390
3504
8165
9190
4114
6307
8478
8760
2450
9994
2723
9112
10365
17160
2977
3753
10973
3072
4252
10165
10268
3040
4051
2137
9637
2269
2818
11632
2842
3950
10708
11009
6778
7059
8001
4364
2790
6584
8039
5162
5583
10924
11245
4703
4735
7525
7593
4283
4681
7880
8052
3361
8222
9479
4563
4907
9764
9944
4161
4472
7367
7567
10054
14391
9310
10172
10672
2747
2996
11191
11445
2233
7459
9576
10859
10177
4450
4823
7367
7567
10697
10737
9866
3847
11619
11981
2244
3639
10483
11388
3493
3534
10557
10670
4283
4681
7832
7907
8702
3770
3970
7810
8559
10499
4367
4463
7704
7951
9717
3263
4028
8937
10048
2500
3448
11645
2926
3606
3929
15117
2281
2471
9352
4299
4694
7430
7722
4367
4463
7817
8081
8269
2630
4044
9274
9501
10018
2184
4722
6149
8011
2689
17073
17177
3536
9833
11465
3356
3814
10347
10539
3114
3397
11091
11210
2405
5186
5472
7444
5418
10149
10403
2463
15066
3592
4286
9820
10489
11126
2196
15256
17012
3057
3275
10495
11163
4646
6178
17230
2297
2892
10679
10859
3577
11050
11506
10739
3057
3275
10462
11160
2659
3906
10706
10932
3782
9765
10821
3744
3911
8016
9115
3114
3397
11014
11142
2373
2684
10924
2427
17029
3234
3721
10569
11018
4198
6744
11232
9830
2239
3101
9352
10575
4702
4776
7208
7342
4703
4735
7363
7562
15052
17005
3298
3465
10685
10797
10852
11285
5056
10035
3550
3877
11014
11142
2420
3115
10897
11270
4121
4287
7810
8559
3354
3524
10579
10818
3199
3834
10782
10785
2910
3861
10857
10939
4702
4776
7411
7585
3410
3431
10889
10905
2771
3499
10498
10742
3112
5161
11290
3932
4444
9243
10156
10648
3009
7746
3744
3911
7911
8831
2979
4261
17178
10614
2549
3249
9989
11198
9243
10851
2551
3273
8937
10048
3210
3374
10844
10860
3072
4252
9965
10349
6519
11321
15101
7436
3398
3935
10100
10296
3580
7389
15166
10883
11124
9393
3241
3683
10443
10759
3682
8175
9898
3059
4834
9283
9687
2665
4084
10143
11478
2806
5368
9786
11114
3436
3640
10443
10759
5126
5332
6849
6968
9250
3532
10065
10228
4450
4823
7284
7470
2482
3897
10622
11654
2344
11050
4311
4510
10176
10226
2910
3861
10949
11102
3425
10279
8986
9391
7488
3213
3601
10347
10539
5126
5332
7175
7441
7757
2409
2608
11521
10754
11465
2658
3218
9447
10272
2743
10326
8628
7976
2789
3006
9693
10428
2398
11605
10511
3944
7521
9916
5393
5473
7048
7166
5918
10749
11688
3493
3534
10571
10710
10034
4160
11322
12029
2413
9124
4761
4806
9829
10011
3439
3894
10815
10955
5037
5058
9521
9800
8476
3652
4008
10112
10224
9984
3199
3834
10857
10939
3463
4038
10782
10785
11177
4398
9607
10604
2662
4944
6217
7956
10091
3331
3978
9266
10900
7919
11034
3354
3524
10615
10921
2353
3555
10935
11453
2564
16994
17353
4121
4287
7707
8568
6266
11251
17547
11121
3051
3749
10815
10955
3061
3595
11013
11026
4777
5542
7284
7470
2312
10651
3213
3601
10498
10742
4827
4849
7704
7951
6217
6337
6641
3547
4669
11601
2584
9010
10489
9912
10983
3439
3894
10606
10805
5396
5461
6902
7287
3652
4008
9940
10180
4674
5200
7832
7907
2556
2794
10097
10817
3239
11241
11355
2892
10734
10739
2455
11832
12192
10601
8977
17040
3875
4454
11676
3266
8527
11089
3293
4020
10652
11082
3887
9711
11483
17151
4034
10149
3234
3721
10652
11082
3061
3595
10823
10887
5133
5311
8845
10053
3645
4052
9145
10098
16974
5396
5461
6849
6968
4261
15016
15105
4418
11644
11674
2814
4324
7561
8295
4888
5370
9773
9880
2492
7086
8464
4596
4726
8532
8907
4002
4509
10606
10805
3655
4606
8781
8925
4958
12021
12054
2719
3092
8165
2414
2521
9993
11004
9388
2817
5646
9022
10062
10681
5003
5263
7336
7537
4725
4759
7336
7537
3639
10602
11495
3958
4068
10571
10710
3566
7699
7813
8258
4299
4694
7329
7635
5257
5268
7048
7166
8990
17099
2378
3210
3374
10889
10905
11096
4763
5051
9793
10641
2406
3202
9595
10736
3800
5209
5377
4761
4806
9773
9880
5026
5160
7609
7864
8088
9863
11054
2747
2996
11655
11801
3412
7245
7551
2869
3406
10097
10817
9804
5276
5341
7240
7714
3280
4892
9352
10575
9291
9665
10931
3219
6955
6993
8077
5411
10467
11841
2803
9447
3655
4606
8991
9007
10756
4827
4849
7609
7864
4452
5312
10341
14944
17128
15196
3854
4415
9897
11867
3144
4598
9274
9501
11091
6263
4558
5392
9829
10011
10550
2658
3218
10163
10726
2842
3950
10949
11102
10876
11053
3850
11180
11304
17058
10617
4248
11813
12987
5389
5404
7478
7703
10495
2439
3769
10935
11453
2624
11696
11892
4763
5051
9615
9792
2441
7137
7139
2482
3897
10761
11463
4839
11541
11555
3059
4834
9616
10561
2659
3906
11084
11105
2916
4056
10030
2574
6851
7327
8107
3570
4636
8991
9007
4254
11135
11522
4624
4796
7707
8568
5257
5268
7307
7510
5393
5473
6935
7094
2843
9391
9637
11271
11522
7815
5026
5160
7478
7703
2920
3929
17077
3832
4179
9799
10254
10761
10356
3463
4038
10775
10814
2861
3329
9994
11108
2605
9434
3579
3917
10702
10947
10402
5549
7075
2643
4954
10801
11887
3674
4235
10395
10528
11191
4650
11567
12051
3207
3709
9863
11361
4851
5104
9703
10257
9307
3410
3431
10702
10947
4680
11438
11443
3077
3419
11619
3398
3935
10175
10426
10850
15221
17308
17881
4984
5533
5857
5356
5802
11273
4706
5063
7426
8009
9016
4851
5104
9521
9800
4706
5063
7690
8395
3144
4598
9296
9405
5003
5263
7307
7510
3583
10483
11388
2759
3778
10097
3323
4112
9401
10302
4596
4726
8300
8488
9712
12132
3838
4428
10175
10426
3579
3917
10625
10980
3293
4020
10853
11184
3680
4812
10775
10814
10654
3932
4444
9121
10253
2738
11892
15196
5324
5373
7363
7562
4674
5200
7852
8049
5024
5451
7852
8049
3937
4130
10685
10797
2665
4084
10326
11298
3356
3814
10395
10528
10525
4398
10192
11248
2685
2845
12348
6053
10196
17172
5553
5643
6988
7509
2787
4497
11161
11261
10866
9256
3241
3683
10706
10932
8689
17278
17433
3599
5187
9602
11265
5440
5817
11665
11135
3088
4149
9590
11059
4639
6984
7152
17205
15145
17225
3748
7169
7437
10474
7940
10753
2995
4934
5660
8299
9048
17110
8457
17432
3626
4125
9401
10302
4704
6830
10252
10332
8922
5037
5058
9624
9709
7409
14922
9394
10963
4631
11433
11866
3436
3640
10721
10825
6216
6425
6554
6760
7992
3430
3870
10992
11289
3611
4351
10811
11019
4739
7001
10176
10226
10473
5290
5520
7613
7643
5068
5294
7426
8009
3878
4292
10615
10921
3570
4636
9296
9405
3573
4764
9863
11361
4765
6326
8156
8556
3958
4068
10582
10705
4147
4733
8638
9826
5068
5294
7240
7714
10152
5553
5643
6915
7212
5888
6049
7506
7546
4041
17476
10734
3693
4394
10811
11019
5526
5530
7262
7653
4247
5967
6088
6652
6931
4419
5053
8351
9318
4205
4794
17101
3967
5808
15136
3641
11195
12085
4680
11541
11555
2979
12002
17178
17846
3062
17069
4230
4656
8536
9651
6067
6425
6554
6808
3674
4235
10355
10593
5150
11438
11443
3937
4130
10699
10982
5915
6284
7631
7669
5717
9370
11510
4801
5334
9121
10253
5276
5341
7210
7730
2860
9265
9892
5639
5680
7037
7258
14976
15305
17126
7651
5318
5360
6375
10178
3995
4605
8887
10072
10483
5256
11232
11317
9541
8357
2848
12072
12091
10581
4274
5698
10667
10668
10679
9002
4414
6075
7319
9867
5324
5373
7262
7653
3856
4131
10823
10887
4346
5149
8781
8925
3832
4179
9753
10425
10036
5243
5835
10740
5024
5451
7847
7902
11036
5789
5925
6652
6931
3626
4125
9240
10266
4996
5255
9703
10257
17230
5794
5864
6935
7094
10272
4709
4944
4329
4345
10386
10549
7807
4295
4332
10285
10398
4549
5793
4991
5759
9819
5202
5237
8300
8488
10830
3349
4634
11845
11537
11815
11930
3997
17134
5082
5259
8156
8556
11014
4091
4577
11080
11107
10763
5909
5998
6817
7141
2869
3406
10163
10726
5821
5885
6915
7212
10050
5971
6032
7506
7546
3600
8962
3372
10749
5810
10465
11847
10345
7253
10480
12214
4548
4660
10386
10549
2802
10613
6245
7297
17142
3088
4149
9388
10725
3263
4028
8887
10072
3173
10385
12251
5706
11484
11974
4958
11959
12066
4254
11422
11809
3231
11791
12208
9283
3602
11749
12033
9939
3018
6870
7711
10392
4602
5297
8800
9217
3772
5193
6932
3550
3877
11080
11107
11123
2873
5688
11705
3693
4394
10888
11052
4320
5545
7436
8916
11408
3651
3843
10975
11407
5290
5520
7847
7902
11864
5636
5693
8979
9299
6360
10357
10475
4624
4796
7690
8395
5434
5479
9624
9709
3323
4112
9693
10428
8873
10930
4839
11644
11674
4079
17122
4563
4907
10252
10332
9753
10055
5389
5404
7399
7639
4329
4345
10582
10705
5639
5680
7269
7597
5375
5738
8251
8458
7859
3551
4566
5893
15145
3343
11322
9839
3521
5201
9540
10989
5227
5593
9615
9792
6788
17107
17352
11809
6458
6746
6753
5713
5845
8769
8864
6054
6285
6691
6964
11064
3611
4351
10853
11184
10612
10747
4151
8184
10667
10668
3000
4688
8223
10263
10237
10347
10774
5971
6032
7451
7534
6532
11380
15087
3582
6376
9850
4036
4547
10675
10984
10622
7917
5689
5767
8953
9179
2729
6587
14937
2879
6663
7905
8169
10714
11490
5789
5925
6975
7239
5677
5799
7399
7639
8636
5591
5781
8953
9179
2936
7236
8146
9063
3773
12303
5526
5530
7269
7597
10776
5964
6027
7037
7258
5950
6242
7876
7987
5570
5897
7613
7643
3787
11859
12192
5411
10707
11786
4779
11219
11302
3838
4428
10112
10224
3659
3714
10992
11289
2815
8016
12302
14936
3169
4610
6753
5909
5998
6691
6964
4172
5394
9384
10712
6227
6486
6524
6755
10838
4137
4595
9240
10266
2738
12256
4500
4774
9940
10180
5202
5237
8069
8492
5186
5472
6678
4246
4690
8789
10103
3878
4292
10547
10894
5594
5773
8769
8864
5562
5683
6988
7509
4080
4327
10625
10980
11278
5529
5761
7598
8085
5626
5788
9170
9412
5523
5597
14865
17282
4230
4656
8351
9318
4870
5296
8473
8554
11582
2787
4497
11084
11105
3430
3870
11013
11026
8937
4180
4687
10547
10894
5591
5781
8871
9018
4590
4593
10285
10398
4821
4846
8704
9496
5866
9167
9298
5562
5683
7210
7730
9914
4821
4846
8532
8907
9542
17161
5626
5788
9040
9057
3536
10613
11975
2735
4368
6811
8739
3659
3714
10975
11407
4172
5394
8800
9217
7485
3688
4573
11326
11397
6174
6218
7451
7534
4135
4701
10781
11217
4723
5699
6003
4920
10994
11727
6798
8874
4339
5023
9753
10425
10309
11864
12784
2822
3221
10144
5143
10659
4642
5008
8704
9496
6347
6364
7014
7168
4032
11050
11506
3033
11959
12066
2901
3966
9255
11246
5741
5938
8871
9018
11433
3426
11746
15014
6277
6423
6460
6564
5821
5885
6817
7141
7990
2819
3163
9865
2901
3966
8935
10666
4080
4327
10675
10984
8447
5361
12021
12054
10817
4040
5054
7782
5490
9960
10945
5594
5773
9127
9193
5844
5903
7275
7961
4642
5008
8565
8995
5611
5634
8045
8487
5082
5259
8251
8458
10207
14962
17171
6116
6118
7088
7205
9519
4777
5542
7486
7779
14043
14538
6241
6308
6524
6755
10100
9544
4602
5297
8994
9282
4996
5255
10406
10879
15283
17193
17215
3976
9902
11408
5313
5438
8205
8746
9274
4732
4825
10869
11039
3989
5632
8129
10526
9417
5794
5864
6975
7239
6555
11519
12122
10262
3564
3869
11859
10498
3644
3756
5808
8638
4015
7159
8518
5967
6088
6679
6901
10704
4668
5443
9673
9963
10945
6423
6463
6564
6670
5372
5555
10171
10225
4429
5039
9809
10311
4331
4949
10862
10957
3312
5005
11046
11155
4147
4733
9388
10725
6238
6363
7281
7391
2985
9559
11309
3537
9961
10717
8503
17438
5198
5649
9869
10841
4182
11076
6120
6205
7631
7669
3237
11645
11901
10462
6277
6460
6645
6833
4558
5392
12411
12718
4750
4938
10085
10145
4297
4604
10699
10982
3824
7625
4887
9167
9298
8162
4194
7711
4160
11422
11809
5152
10192
11248
4570
15067
17194
17821
4289
5316
9948
10535
5413
9951
11293
5861
5905
7358
7654
5047
10480
12214
5361
12072
12091
4036
4547
10591
10917
8891
3152
7736
9757
11278
5227
5593
9763
9879
5828
6198
8633
8677
5308
6045
14889
17300
6174
6218
7404
7513
5441
5535
7598
8085
4750
4938
9847
10137
6241
6308
6679
6901
8439
11656
11737
6194
6279
7066
7271
10381
17435
17895
4180
4687
10587
10920
6183
6297
7685
7812
9093
10764
9085
4439
4828
10464
10832
4779
11232
11317
4730
5563
9769
9887
5246
5457
8473
8554
12839
5611
5634
7803
8312
5807
5900
8468
8529
5687
5751
9127
9193
6197
6272
7014
7168
5836
5983
9040
9057
10255
5047
10303
11939
5095
6680
7486
7779
5677
5799
7358
7654
5713
5845
8779
8851
10975
9567
10143
11270
6357
6369
7404
7513
4346
5149
8884
8965
5434
5479
9920
9945
6402
6427
7281
7391
5409
5599
8329
8393
5033
5109
9965
10349
10396
4091
4577
11073
11164
4870
5296
8884
8965
3927
4473
11326
11397
5939
11921
12369
10723
4295
4332
10355
10593
3285
3627
10163
5849
9960
10945
6227
6463
6486
6670
4610
4800
8877
5847
6098
7591
7771
5441
5535
7949
8436
6143
6394
9960
4315
4355
10721
10825
4353
4745
11073
11164
3481
9757
11278
2942
3528
11227
13041
3350
4928
11484
5965
6039
7257
7503
4748
4932
10371
10384
5861
5905
7235
7539
11004
6042
6140
7235
7539
4664
5329
11877
10505
4246
4690
8536
9651
3856
4131
11007
11010
5965
6039
7088
7205
8147
5695
5726
8069
8492
8549
11355
5719
11877
12208
5072
5339
10657
10690
4581
4683
10869
11039
3280
4892
9865
11079
4002
4509
10862
10957
4814
4885
10530
10789
5650
5843
8106
8278
10745
4043
4927
11209
11456
10122
3651
3843
10963
11269
5390
12077
4653
5083
10938
11268
10449
4548
4660
10456
10650
5741
5938
8894
8910
12307
14973
4135
4701
10888
11052
4315
4355
10694
11027
5198
5649
9905
10093
3053
3085
11422
6024
6448
7530
7612
5359
17189
17364
10607
4429
5039
9673
9963
5578
5771
7411
7585
4137
4595
9212
10383
6054
6285
6704
7003
5898
17168
17242
4127
7081
8310
10822
4297
4604
10808
11072
5860
5908
5963
6158
8516
8569
5786
5862
7648
8349
5482
5556
9634
9648
4768
5946
7429
8259
3128
5870
10541
11494
3338
11188
9121
4248
11690
12229
6357
6369
7352
7480
6444
9698
9839
11445
4748
4932
10183
10186
3000
4688
8962
11943
3984
5424
10502
10515
9526
5150
11538
11581
5570
5897
7591
7771
4419
5053
8402
9320
6120
6205
7685
7812
4102
4859
11007
11010
10726
5205
6163
7323
9470
5790
5928
14877
17289
11098
5888
6049
8020
8470
10605
4888
5370
10294
10588
5976
6167
7559
7710
5588
6021
8531
4890
5165
10456
10650
10040
5246
5457
8329
8393
6402
6427
7266
7400
10992
3927
4473
11328
11416
6050
6151
7362
7393
6331
6525
6704
7003
3794
6387
9850
4916
9014
5962
6705
7982
5666
10404
11637
5975
6134
8894
8910
5271
3845
4964
11438
5516
5775
8979
9299
5483
6018
9763
9879
4500
4774
10127
10324
5807
5900
8706
9216
9482
3680
4812
11043
11055
5248
5251
9778
9975
5409
5599
8106
8278
5722
6152
9902
7319
4536
5078
10911
10969
6116
6118
7128
7184
5076
5381
8205
8746
6194
6279
6847
7058
4483
17858
11328
6238
6363
7530
7612
3688
4573
11372
11479
6243
6396
7876
7987
8392
4356
7045
7188
8926
5486
11690
12229
8275
16994
17862
4070
11963
16971
4439
4828
10587
10920
10205
6182
6234
7108
7420
5687
5751
9587
9894
4009
8369
10336
3337
5131
11157
11207
5844
5903
7257
7503
5436
5514
8638
9826
4878
5321
10127
10324
3036
5534
7127
5896
5933
9170
9412
5365
6132
9032
10153
5076
5381
8402
9320
6298
7958
4219
5665
9397
10305
3703
6229
7521
9916
11282
4219
5665
9742
10527
3995
4605
8789
10103
5495
5622
8304
9926
6125
6260
7452
7578
5348
5527
10171
10225
4617
5229
11049
11144
4590
4593
10371
10384
6542
6575
7352
7480
5732
5760
9920
9945
10644
6604
6735
6773
7002
13158
5940
5951
7790
7882
4000
5017
10240
10959
4517
5503
6344
6404
7723
7783
3867
6916
7192
4720
5049
10820
10913
17137
5528
5684
9582
9790
10001
10815
4507
12736
17018
17863
5874
5992
8997
9129
10624
3478
5565
10174
11310
5636
5693
8997
9129
6344
6404
7553
7630
3154
10567
10689
5313
5438
7949
8436
4969
10622
11654
5786
5862
7803
8312
6020
6064
8779
8851
4331
4949
10820
10913
10935
5414
5427
9778
9975
9145
6393
6454
6947
7079
10443
5209
12704
6276
6411
7145
7346
5033
5109
9837
10415
8710
9285
4968
6014
9145
10098
5985
6392
8452
8725
6602
6673
7071
7291
6183
6297
7723
7783
7421
7898
8068
11009
9593
11604
4353
4745
11049
11144
5571
5600
9459
9551
4890
5165
10418
10548
5283
11484
11974
6508
6598
6903
7098
5836
5983
9100
9126
6516
6529
7553
7630
4477
10270
11690
7911
6042
6140
7145
7346
5689
5767
9684
9730
4969
11022
11757
5300
11519
12122
3712
5694
10683
10703
9951
5578
5771
7175
7441
7712
7728
8054
4720
5049
10657
10690
5866
9698
9839
10557
6703
6824
6846
6974
5348
5527
10294
10588
3334
5454
11369
12058
6022
6122
8563
8718
5752
5982
7790
7882
4609
4924
10808
11072
4609
4924
10895
11012
10604
6508
6598
6672
6787
6331
6525
6645
6833
6353
10082
11158
10978
4814
4885
10514
10536
3677
4778
9258
4905
5167
10329
10574
4905
5167
10464
10832
6431
6501
7128
7184
5787
5857
6738
6592
6654
7099
7107
10934
11506
5686
5724
9276
9490
5991
6177
9100
9126
3558
5289
6641
6516
6529
7448
7611
4648
12093
13021
6621
6666
7266
7400
5574
5937
9805
10101
4403
10939
11210
6498
6559
6847
7058
3134
10707
4975
5886
9381
9853
5573
5826
9276
9490
5414
5427
9582
9790
5529
5761
7702
8254
5676
6019
9635
9998
5870
10522
11720
5940
5951
7559
7710
5516
5775
9663
10114
4581
4683
10938
11268
5964
6027
7108
7420
6542
6575
7313
7469
6209
6885
7752
5303
5342
10364
10366
7655
6020
6064
8703
8839
8722
6826
9902
11408
6393
6454
7147
7247
7883
9965
6655
6684
6947
7079
10844
3308
11821
11896
7197
10959
6197
6272
7362
7393
4024
11161
11261
6675
6730
7313
7469
10700
6672
6787
6789
6943
6783
6981
7091
7181
6103
6451
7772
8560
6087
6263
6333
11102
3478
5565
10229
10985
5152
10174
11310
4363
6682
7110
9795
5746
5856
9419
9516
6050
6151
7659
7773
6621
6666
7218
7340
5692
6126
9079
9861
6247
11287
15074
5833
5956
7702
8254
3312
5005
11157
11207
4670
5179
9052
10230
10104
5994
9325
10439
10843
5847
6098
7659
7773
5732
5760
9828
9908
4670
5179
9212
10383
5571
5600
9419
9516
5330
5447
10329
10574
5248
5251
10183
10186
6728
6839
7218
7340
3992
7320
9732
6031
6406
8122
8271
4801
5334
8845
10053
4657
4752
10530
10789
5303
5342
10418
10548
4657
4752
10694
11027
6588
6794
7216
7627
3984
5424
10771
10866
6125
6260
7376
7405
3278
3905
9696
5975
6134
8813
8939
4350
6671
7323
6074
5810
10659
12069
4402
5943
8272
11883
17240
10678
3862
6914
9715
5991
6177
9021
9027
9565
5219
6625
7382
9973
9836
6278
6341
8563
8718
4633
5320
10591
10917
10801
6514
6537
7244
7345
6276
6411
7147
7247
10579
5133
5311
9079
9861
11453
10175
6182
6234
7066
7271
5874
5992
8949
9037
5695
5726
8045
8487
5615
5977
9751
10287
10717
5597
5700
6243
6396
7912
7944
5413
10090
11150
5364
11616
12232
6388
6449
7376
7405
4633
5320
10572
10927
6347
6364
7071
7291
5833
5956
7275
7961
5976
6167
7452
7578
6498
6559
6735
7002
4043
4927
11372
11479
11849
11857
8968
3883
6036
10449
11893
10708
6022
6122
8949
9037
7360
11866
6106
6225
9188
9686
11552
3342
4756
11567
10395
7547
4929
6231
9323
10238
4953
6825
10082
7947
4830
7797
11430
6024
6448
8017
8450
6703
6809
6824
6835
10422
6592
6654
6940
6982
5196
6891
11302
8732
4259
5601
10683
10703
5958
6170
9828
9908
5466
7237
8053
8352
5615
5977
9905
10093
5629
6048
8748
9399
5752
5982
8296
8370
6309
6316
8703
8839
6675
6730
7268
7500
10996
5482
5556
9459
9551
9448
6731
6813
7448
7611
5513
5895
9420
9720
9005
4787
5682
6820
11882
9278
5686
5724
9270
9467
5288
5911
7449
8564
6856
6925
7268
7500
5819
6528
10603
10846
9324
6004
11821
11896
10600
6481
6636
7129
7292
6653
6665
7804
7841
5304
7726
11532
4869
5252
10895
11012
9397
4041
5503
7939
5360
5256
11538
11581
5429
10953
11868
5582
9961
10717
6732
6806
7804
7841
5130
5421
9052
10230
4553
5405
6021
4730
5563
9692
9749
6096
6262
8207
12126
5831
6073
9608
10201
5848
5872
9270
9467
10949
3337
5131
11219
11302
4187
7041
8518
4102
4859
11133
11208
10782
10569
5459
5464
9745
10052
5822
6069
9229
9518
6314
6399
8452
8725
6309
6316
8546
8694
6259
6294
8633
8677
11109
4732
4825
11145
11149
3573
4764
10143
11478
4878
5321
10085
10145
13076
11427
7810
6085
6383
9380
9430
12350
5754
6430
8931
8985
6051
7214
8020
8470
5942
6016
9157
9227
6343
6373
8813
8939
5989
6282
9525
9638
4936
5492
10692
10886
5963
6158
8786
9427
6055
17137
17842
4255
5690
11043
11055
6288
6397
9021
9027
8304
3997
5092
6245
6533
6573
7912
7944
5484
5701
10364
10366
5659
5757
9745
10052
10067
5877
6413
8017
8450
8478
5483
6018
9938
10069
6748
6985
7153
7377
4603
12045
3854
4415
10449
11893
4343
5216
9255
11246
11904
3528
11685
11924
6388
6449
7244
7345
6208
6350
6902
7287
6278
6341
8463
8701
5961
11137
11889
4954
11022
11757
6897
11814
12831
4679
4933
9961
6809
6835
6940
6982
4339
5023
9948
10535
5264
5363
10915
10966
5952
11076
12217
6409
11137
11889
8257
5459
5464
9847
10137
10571
7983
10112
4289
5316
9809
10311
5981
6211
8122
8271
6743
6844
7995
8032
4934
5660
7519
9022
5412
5730
10502
10515
6514
6537
7099
7107
5673
5818
9692
9749
3750
6567
7873
8524
5959
5969
9025
9134
4942
5420
10813
11138
5770
6002
10251
10441
5801
5968
10031
10334
5934
7199
11689
7798
4369
10303
11939
5848
5872
9192
9349
11026
6106
6225
9225
9295
4975
5886
9676
10807
10218
5756
6329
9731
9934
5506
5778
8748
9399
6640
6999
7431
7732
6171
6257
9133
10063
6288
6397
8818
8934
4448
8822
17640
6690
6701
7995
8032
6740
6933
8123
8154
6653
6665
8127
8199
6732
6806
7733
7801
5770
6002
9684
9730
9298
4869
5252
10958
11060
5442
6165
10534
10552
5528
5684
9796
9877
6551
6763
7719
8176
5877
6413
8318
8920
6513
6550
8546
8694
11277
9948
5959
5969
9192
9349
5437
10653
11271
6314
6399
8367
8661
5714
5887
9796
9877
6343
6373
8699
8844
5495
5622
8309
9629
6311
6421
9225
9295
11186
5719
12043
12432
6957
7065
7163
7299
5412
5730
10031
10334
10887
5650
5843
8296
8370
16998
4854
6147
10135
11311
5506
5778
8994
9282
6481
6636
6903
7098
5519
5798
8467
10004
8063
5804
6618
7126
9358
5283
11567
12051
5831
6073
9805
10101
4936
5492
10572
10927
8467
6655
6684
6846
6974
7387
11577
17596
4379
10749
11688
5549
15033
4259
5601
10627
10918
5207
5883
9793
10641
6739
6967
8239
8266
10706
10615
5896
5933
9635
9998
4617
5229
11044
11129
5435
5610
10915
10966
4866
5927
10413
10646
10355
6144
6401
9685
9783
5372
5555
10603
10846
10671
6081
6082
9025
9134
11463
6300
6611
8270
8335
5635
5973
9837
10415
6688
6698
8123
8154
5574
5937
10301
10933
6658
6686
8239
8266
4631
11844
12107
5011
5572
11044
11129
6605
6668
8490
8637
6829
7040
7190
7533
5349
5675
8467
10004
6952
7008
7733
7801
5130
5421
9002
10133
5711
6319
8687
8772
7924
4276
8356
9339
17350
6513
6550
8408
8494
3761
6446
11267
6336
6340
9237
9279
6989
7032
7701
7727
5207
5883
10135
11311
10670
6259
6294
8575
8766
10606
6913
7115
7887
7960
4269
4568
9889
11980
5507
5728
10330
10583
8089
6545
6656
8277
8359
6571
6742
7554
8347
9140
15231
17422
6688
6698
8277
8359
10048
5299
5670
9002
10133
4942
5420
10958
11060
10736
9676
5330
5447
10424
10637
3687
5445
6523
8923
11061
5513
5895
9554
9852
6861
6888
7837
7931
4255
5690
11025
11062
6604
6773
6789
6943
6605
6668
8340
8472
6179
6290
9133
10063
4294
8191
8692
6743
6844
7887
7960
5931
6111
9728
9845
6690
6701
8229
8358
5299
5670
8877
9858
10775
6336
6340
9380
9430
5436
5514
8304
9926
11018
7616
6041
6219
9157
9227
11161
6249
6292
9483
9533
4668
5443
9769
9887
6523
6431
6501
7129
7292
8887
5215
6330
10471
5375
5738
8687
8772
6249
6292
9525
9638
6547
6565
8699
8844
8491
6540
6572
8818
8934
4863
5501
10781
11217
5915
6284
8618
9017
10079
6311
6421
9075
9097
6989
7032
7637
7709
6208
6350
6790
8126
6317
6391
8735
8817
6547
6565
8490
8637
11976
4981
10953
4014
5765
11046
11155
6658
6686
8408
8494
10889
5941
9296
6108
6230
9499
9574
11814
4519
5910
11025
11062
5484
5701
10369
10377
5696
5974
10369
10377
4220
9655
11468
6952
7008
7657
7716
10818
8010
11309
11158
5573
5826
9554
9852
5990
6283
8706
9216
4579
5560
11555
4824
6816
7000
5854
5912
10281
10586
6095
11206
5756
6329
9938
10069
6533
6573
8082
8206
4658
6063
10936
11153
6244
11817
12121
3947
6676
9472
10408
5714
5887
9872
10025
10955
6965
13494
17208
5676
6019
10333
10517
6731
6813
7618
7780
7468
7596
8227
11163
11935
6626
6712
8690
8762
5707
15103
6745
6863
7674
7853
6081
6082
9024
9141
3598
10467
11074
4900
5531
11674
5011
5572
10990
11094
5410
11322
12029
6010
6030
9550
9630
6828
8369
7123
7164
7657
7716
6545
6656
8463
8701
6861
6888
7701
7727
8666
6887
7038
7618
7780
6540
6572
8690
8762
11022
5349
5675
8491
10191
5867
6403
8318
8920
4101
12045
12432
11495
5746
5856
9653
9708
10547
15140
17098
6467
6549
8403
8505
5347
6862
9715
10875
5048
5796
10091
11513
6384
6468
8557
9078
5055
11364
11756
6745
6863
7760
8083
4103
11033
11548
11646
6539
6574
9075
9097
7054
7176
7390
7963
7054
7176
7569
7587
3943
10198
6796
7022
8553
8619
6010
6030
9728
9845
10905
6304
6332
8747
8790
5399
5607
10937
11005
10541
11494
11960
4072
10229
4689
9258
12151
11105
12051
5989
6282
9731
9934
5873
6052
9653
9708
5507
5728
10424
10637
15154
17190
7069
7396
7403
7909
6171
6257
9188
9686
5096
5398
10911
10969
5801
5968
9587
9894
10857
6300
6611
8468
8529
5129
6256
9474
10729
6467
6549
8516
8569
6602
6673
7153
7377
6785
7016
8340
8472
6929
7233
8170
8303
6123
6176
9550
9630
4536
5078
11133
11208
4320
5545
7488
10762
7430
6626
6712
8553
8619
5519
5798
8877
9858
6980
7087
7569
7587
7749
8309
5582
10471
11186
5596
9907
11937
12318
6539
6574
8896
8940
6980
7087
7742
7765
6640
6999
7674
7853
6517
6585
9237
9279
5875
7117
8348
8695
5873
6052
9586
9666
3793
4265
8376
6651
6711
8714
8733
6093
6161
9980
10323
5750
9003
10534
10552
11198
10823
12009
6089
6102
10020
10037
6268
6271
8921
9353
5589
12519
17151
8845
6200
6420
7772
8560
5899
6499
9363
9928
6268
6271
9024
9141
6123
6176
9432
9493
7123
7164
7583
7671
10855
9673
5918
11360
12122
6748
6981
6985
7181
8565
5264
5363
10990
11094
5635
5973
9663
10114
6710
6944
7493
8346
11084
6803
6977
8038
8098
5364
11859
12192
6879
7018
7930
7955
6906
6920
7837
7931
6469
6543
6790
8126
6200
6420
7908
9344
5072
5339
10937
11005
3859
11901
5950
6242
8931
8985
6651
6711
8896
8940
6700
6758
8127
8199
4650
11832
12132
5659
5757
9634
9648
9940
6879
7018
7742
7765
6639
6777
8229
8358
6541
8369
10336
7707
6517
6585
9061
9076
10710
4519
5910
10976
11045
9472
11013
6639
6777
8367
8661
6520
6548
8747
8790
6001
6619
9599
9933
6546
17861
11073
6181
15169
6265
6323
9432
9493
6433
6438
7648
8349
6768
6869
8714
8733
10785
9697
17387
17463
7290
7330
7583
7671
7817
5704
5876
10330
10583
5711
6319
8462
8814
5096
5398
10964
11031
5042
6154
7466
10320
6108
6230
9359
9390
6552
6623
6695
8006
4543
7241
6384
6468
8735
8817
6469
6543
6613
8117
6085
6383
9599
9933
6700
6758
8403
8505
5867
6403
8787
10387
10021
5740
5849
10653
11271
3724
10668
4288
6494
7572
8416
10778
3831
6109
10707
11786
6520
6548
8570
8630
6649
6751
9061
9076
4863
5501
10890
11509
6752
7102
8214
8495
5614
5617
10514
10536
10797
6061
6105
10081
10451
5839
6160
9219
9476
5694
11151
11178
4686
11834
12009
6348
6770
7719
8176
6083
6831
8786
9427
5640
7462
10653
5902
6478
9751
10287
4893
5926
10632
10810
6432
6857
7009
8027
5472
6424
6496
9594
9662
7030
7134
7922
7926
6265
6323
9312
9372
5863
5984
9872
10025
6571
6742
7216
7627
6613
6623
6695
8117
4167
6342
11482
11526
6588
6794
7190
7533
5958
6170
10005
10075
7030
7134
7734
7753
3902
5475
6087
8177
6783
6957
7091
7163
6258
6873
7073
9051
7290
7330
7472
7642
11142
4446
5369
4269
4568
10104
11966
6649
6751
8897
8913
5666
10923
11849
6928
7042
8094
8108
6803
6977
7930
7955
4420
5589
17195
5566
5776
7419
9955
6047
6133
10020
10037
6186
6418
9716
10060
6304
6332
9174
9431
3821
8031
12041
6928
7042
7922
7926
6906
6920
8025
8285
5985
6392
9248
9449
6765
6994
8897
8913
6740
6933
8170
8303
6381
6522
9312
9372
5863
5984
9816
10124
11160
7808
7072
7077
7717
7888
4133
12256
13592
6646
6962
8014
8209
5942
6016
9586
9666
5547
5743
10643
10791
6189
6222
9317
9691
5490
10471
11186
6178
6047
6133
9823
9900
6489
6603
9483
9533
4338
4858
8011
6041
6219
9332
9340
4854
6147
12395
12843
5899
6499
9248
9449
6853
7011
8252
8297
12029
5737
7187
7373
9946
6764
6780
8082
8206
7089
7350
7943
8026
8980
4653
5083
11209
11456
5662
8423
17037
5242
6797
10211
6489
6603
9383
9385
4865
6060
10976
11045
5825
6195
8491
10191
5706
11877
12208
7566
17848
5007
6015
9676
10807
6173
6536
9028
9247
6028
6674
8618
9017
6768
6869
8791
9069
5614
5617
10506
10636
8531
6829
7040
7065
7299
6911
7112
8013
8307
5784
6313
10421
10524
4865
6060
10899
10971
6169
6345
9317
9691
8743
11119
11134
11500
5754
6430
9381
9853
10932
5839
6160
9239
9549
6510
6544
9050
9096
6887
7038
7717
7888
6289
6857
7009
7778
6131
6312
9654
9725
6237
6429
9986
10213
6159
6248
5548
5612
11145
11149
6131
6312
9823
9900
4324
6446
9014
5813
5944
10643
10791
7402
7581
7614
8911
6913
7115
7943
8026
6510
6544
8898
8957
7189
7316
7734
7753
5742
6110
10463
10497
4017
11017
9266
7472
7522
7642
7666
11019
6189
6222
9174
9431
4962
6164
11344
11348
4014
5765
11151
11178
9809
5902
6478
9818
10367
6775
7178
8007
8333
6215
6419
9332
9340
6215
6419
9198
9316
11261
7505
11959
13122
6504
11667
12016
6856
6925
7403
7909
11974
6324
6556
8233
9618
6368
6434
9359
9390
11040
17060
6004
11952
11993
5399
5607
10951
11015
6715
7074
7994
8469
11137
6457
6507
9235
9263
10702
6280
6445
9654
9725
6953
7428
7825
8163
11645
12107
6646
6962
8270
8335
11184
4731
7301
8874
6591
6644
8750
8784
5547
5743
10951
11015
6591
6644
8898
8957
6457
6507
9050
9096
6696
6799
8570
8630
5410
11395
12222
10860
5391
6338
8787
10387
5854
5912
10081
10451
6424
6496
9685
9783
6368
6434
9235
9263
6091
11822
12113
6764
6780
8179
8288
11416
10582
6853
7011
8094
8108
9007
6805
6951
9083
9087
3930
5532
11317
5204
11616
6739
6967
8387
8641
5981
6211
8462
8814
7189
7316
7649
7680
10470
6696
6799
8401
8499
4264
11367
11833
7089
7350
7836
7981
6818
6961
8401
8499
5704
5876
10437
10768
6709
6761
8584
8631
11107
5548
5612
11069
11225
5828
6198
9241
10202
11298
7427
7575
7603
7691
6736
6795
8342
8528
6892
7195
8014
8209
6709
6761
8750
8784
7735
8514
8996
4552
5015
9434
12052
8220
5304
8527
11089
11289
6685
6850
9083
9087
5449
6281
10634
10786
6807
6864
8414
8444
4893
5926
10627
10918
8789
5354
6506
10208
10363
5716
6203
10380
10760
6807
6864
8584
8631
5748
5920
10506
10636
6232
6356
10293
10493
11010
5914
6464
8651
10043
6905
6998
8276
8302
12113
4866
5927
10632
10810
5692
6126
9363
9928
7310
7398
7637
7709
5369
6074
7752
6006
6274
9816
10124
6144
6401
10005
10075
11080
7095
7138
8276
8302
4272
5359
6786
11498
11714
6905
6998
8414
8444
9280
5169
6235
10899
10971
4085
11952
11993
10742
6579
6659
9680
9741
10652
6805
6951
8902
9072
6179
6290
9608
10201
7310
7398
7603
7691
8000
6597
6776
8888
8932
4286
12361
12788
8482
5901
6204
9229
9518
6785
7016
8509
8816
5642
9321
6721
6800
8888
8932
7049
7170
7590
8308
11082
6721
6800
8716
8751
9835
11104
17226
6280
6445
9570
9627
6348
6770
8189
8291
5779
6568
10277
10286
6101
6155
10039
10197
6433
6438
7720
8832
11043
6827
6895
8716
8751
5681
6389
10045
10346
7515
7526
7675
6818
6961
8252
8297
4815
6361
10007
11300
6381
6522
9288
9330
5890
6056
10318
10513
10475
15071
17166
5435
5610
10977
11020
6685
6850
9383
9385
8536
6306
6492
8941
9068
7049
7170
7760
8083
7046
7130
8375
8386
6253
6453
8309
9629
7133
7610
7739
8073
11962
6827
6895
8550
8576
10254
6317
6391
9198
9316
7408
7601
7649
7680
5502
6009
10692
10886
6936
7026
8550
8576
6936
7026
8375
8386
10268
6736
6795
8575
8766
6044
6407
9840
10150
5429
11103
11798
6505
6724
9288
9330
4391
6765
6994
8863
8982
6216
6760
7144
7264
5481
8453
8759
6398
6596
9570
9627
7046
7130
8246
8249
9501
6778
6955
6993
8287
11679
14455
17114
7402
7427
7575
7614
4340
12179
4940
5180
11711
12059
10685
5169
6235
10901
10909
7408
7475
7574
7601
7100
7227
8387
8641
11722
5418
11367
11833
10528
8258
5812
6148
10188
10459
7880
6269
6414
9716
10060
6996
7061
8025
8285
11830
4404
9429
7370
7518
7836
7981
6109
10877
11772
5990
6283
9032
10153
4132
8812
11568
10982
7238
7617
7845
7934
5586
5824
10658
11233
6616
6727
9560
9713
11269
5223
7272
11207
6924
7431
7697
7732
7200
7261
8246
8249
9190
7005
7017
8179
8288
7704
6287
6979
8475
8552
11388
6289
7144
7264
7778
4395
10953
11868
6444
10568
10876
10464
7072
7077
7988
8084
11052
7151
7157
8509
8816
6938
8993
10223
5534
7263
5995
6382
9652
10068
11049
10072
6552
6904
7062
8006
5812
6148
10478
10501
7051
9481
10352
5850
6553
9869
10841
7370
7518
7731
8034
10575
5374
6055
7096
9687
8760
6099
6400
10234
10267
7343
7527
7748
8400
4937
5941
7444
5813
5944
10281
10586
6752
7102
8038
8098
6023
6146
10638
10779
7388
7796
8261
8372
5007
6015
9865
11079
5830
6071
10519
10564
7035
7131
8902
9072
6001
6619
9818
10367
6689
6801
9441
9442
5995
6382
9952
10130
4470
6224
9698
10921
6180
6923
8420
9677
11756
11958
16969
4712
6607
10019
10693
5187
10144
11377
6996
7061
8342
8528
6417
7220
9954
10022
7207
7234
8863
8982
7498
7698
7811
7975
6689
6801
9594
9662
6505
6724
9164
9215
4572
5477
6017
10587
6360
8993
10223
17142
17243
17871
4803
5592
11581
11108
13214
6398
6596
9512
9571
4723
5217
6003
6866
6927
11426
12226
6597
6776
9164
9215
6067
6808
7442
7682
10805
4625
15058
17031
10603
11086
11244
5262
6446
8155
9014
5168
6410
9897
11867
6023
6146
10293
10493
6337
6422
6641
7200
7261
8151
8343
6911
7112
8172
8265
5931
6111
10318
10513
12058
10625
9357
10294
5696
5974
10618
10655
7713
5509
5772
10964
11031
5890
6056
10437
10768
5153
6717
10806
11215
6093
6161
9986
10213
7329
6057
6187
10452
10472
9966
5629
6048
9219
9476
5061
8273
4411
5177
9889
11980
6044
6407
10407
10446
6929
7233
8268
8504
5164
6484
10780
11127
6353
10568
10876
6061
6105
9980
10323
7695
5882
6473
7677
12196
5865
7442
7682
7858
5907
6026
10977
11020
9568
6226
17119
17306
17055
17336
5174
5715
10568
5901
6204
10167
10189
10862
10825
8439
10688
4545
8366
5748
5920
10519
10564
10814
6579
6659
9954
10022
8233
5129
6256
9616
10561
8397
17212
17355
6762
6899
7720
8832
5487
7708
7830
8159
4712
6607
10144
11377
6900
7076
9123
9264
7005
7017
8188
8298
6327
6629
10333
10517
7095
7138
8253
8326
8787
7047
7183
9070
9387
10264
6924
7697
8048
8410
7154
10683
5586
5824
10813
11138
6269
6414
9499
9574
7225
7456
8005
8043
6286
9585
10277
10286
15129
17872
5470
8742
9167
6796
7022
8870
9315
5712
6480
10431
10956
11757
7690
5949
6339
10314
10673
11733
17451
17689
5716
6203
10634
10786
5509
5772
11070
11113
11394
17437
5025
11219
5284
7645
8280
8547
6432
6904
7062
8027
6261
6859
9452
9611
4570
15062
15071
17821
8156
5400
6097
10829
11523
6005
6628
9935
10061
7498
7522
7666
7811
5486
12043
12418
4968
6014
9794
10741
6900
7076
9441
9442
10162
10386
8144
5368
10973
11915
7260
8376
8423
17339
6031
6406
8475
8552
6555
11689
12214
5606
5664
11196
11900
5608
7770
9732
5522
6894
9843
6500
6561
8381
10265
5449
6281
10901
10909
6728
6839
7493
8346
6667
10798
17249
7557
7693
7698
7975
5646
9472
10408
5907
6026
10638
10779
7047
7183
9123
9264
7549
8849
11800
11873
6534
6840
8301
9463
6287
6979
8189
8291
6892
7195
8013
8307
6033
6483
10273
10727
6012
6624
9875
10095
7658
7731
7814
8034
4881
5953
9868
5822
6069
9420
9720
5830
6071
10463
10497
5471
6526
10413
10646
4411
5177
9885
11847
7100
7227
8506
8889
5697
7816
7830
8159
6127
6471
10348
10477
7126
6028
6674
9323
10238
5485
6034
7592
11258
5673
5818
10039
10197
5878
6503
10458
10993
9616
9617
7232
7276
8135
8158
4901
11343
12262
6616
6727
9729
10788
7443
7458
8253
8326
6581
6945
9512
9571
5681
6389
10208
10363
7332
7499
7988
8084
7255
8325
8399
9082
7305
7755
8268
8504
8991
7035
7131
9185
9640
6006
6274
9952
10130
5433
5993
7494
10086
4929
6231
10229
10985
10759
6089
6102
10452
10472
5095
6680
8280
8547
7676
7768
7863
7877
4552
5015
9347
11373
5371
11740
12005
5502
6009
10968
11035
4721
13303
6305
6871
9485
9699
5539
6296
10773
11470
7232
7276
8172
8265
9405
17446
17475
12862
7475
7574
7869
8065
6169
6345
9652
10068
7525
10515
4261
12197
15321
17179
11654
10705
5417
5763
11213
11942
6969
7570
8540
8804
5709
6395
10411
11092
12182
6121
7125
8890
10032
12279
5637
6832
9735
10482
5365
6132
9742
10527
11798
5662
6117
11047
4804
11312
11751
11936
7304
7344
8188
8298
7222
7367
7435
9350
4343
5216
9022
10062
5949
6339
10380
10760
14967
17014
17077
6910
7230
9722
9855
5366
11151
5247
6072
11336
11475
9846
17351
6791
6886
8541
9510
6941
7025
9680
9741
7544
7777
8005
8043
5865
7741
7858
8072
5742
6110
10478
10501
7142
7423
8791
9069
8081
6941
7025
9546
9562
5637
6832
9794
10741
11119
8351
4755
5374
9384
5284
7645
8210
8378
7332
7499
7869
8065
10947
6162
6521
10251
10441
17022
17319
10127
7658
7774
7814
8341
10853
6551
6763
7994
8469
7382
6301
6630
10234
10267
6737
7021
8212
9392
5697
7741
7816
8072
7455
7590
7927
8308
5769
9696
11176
6318
6692
10436
10560
6710
6944
7860
9062
4441
6997
7758
11659
5382
7286
11155
6173
6536
8941
9068
6495
6601
10221
10427
9944
5450
8729
8815
5948
6066
11069
11225
6012
6624
9935
10061
11007
6838
7461
8665
8930
8700
11800
11873
5988
6834
9241
10202
10406
10879
11199
12028
7236
6057
6187
10618
10655
5487
7708
8210
8378
4583
4808
6997
12289
7557
7693
8051
8344
5205
6163
7360
10629
11133
6305
6871
9452
9611
11025
6302
6447
10070
10259
10699
10721
4805
5541
8496
5729
6443
10696
11415
5709
6395
10431
10956
6865
8783
9560
9713
7545
7619
8135
8158
6007
9765
14987
9569
5017
11066
12442
6253
6453
8233
9618
5474
5568
11622
12014
8993
7151
7157
8774
9236
10894
8704
6775
7178
7825
8163
6772
7111
9471
10417
5496
7295
10467
11841
7334
14968
16938
11072
5948
6066
11099
11218
10957
7595
7633
8051
8344
10285
5790
6065
7093
7179
9373
9455
7161
7171
9373
9455
6762
6899
7554
8347
7161
7171
9213
9475
7225
7456
8325
8399
6099
6400
10314
10673
5308
6185
6599
7177
9269
9326
6415
6875
9659
10194
7832
4891
9529
10256
7595
7633
8151
8343
6437
6852
7918
9513
6590
7624
10210
10289
7609
5430
8670
17572
7379
7413
8838
8881
4540
17339
6237
6429
10221
10427
6306
6492
9400
9881
10595
6476
6620
10070
10259
5825
6195
8651
10043
5691
9119
9553
4891
8903
17568
4697
6374
11017
11552
7185
7274
9546
9562
7684
7821
7968
8030
6324
6556
8301
9463
7588
7705
8506
8889
6210
6845
10722
10979
17030
17210
7744
8111
8203
8443
6622
7191
9150
9366
11012
10989
6426
6966
10000
10003
11833
5354
6506
10647
10695
6715
7074
8007
8333
6232
6356
10436
10560
5735
9688
11700
4773
8710
6612
7156
9338
9864
6581
6945
9494
9723
7185
7274
9177
9451
4544
7445
9661
10219
5838
6366
10968
11035
5784
6313
10833
10998
11297
5188
6354
9771
9871
6791
6886
8921
9353
4469
7059
10368
7256
7986
9204
9294
7324
7689
8061
8500
12121
8781
5808
6650
17820
6127
6471
10273
10727
6240
7036
9947
10343
10454
6746
7410
7615
9177
9451
7670
7929
8116
10440
6320
7866
17365
10539
9217
5125
5211
17850
6058
6100
10577
11179
7296
7331
8870
9315
7512
7580
8774
9236
5400
6097
10890
11509
7432
8056
8315
8573
7013
7248
7860
9062
5917
5954
11070
11113
7294
7895
8132
8537
10456
6440
6889
8622
9695
6112
8776
6461
6725
8185
10715
7004
7180
8557
9078
9837
6647
6769
9619
9832
5946
7429
7873
7379
7413
8992
9182
4731
9529
7113
7548
8411
9209
7426
6661
7053
8021
10111
5289
7495
7523
8969
9168
6091
11844
12107
6937
7477
8830
9422
7676
7863
8104
8219
7564
7620
8838
8881
4918
10292
17426
7182
7397
9156
9300
5471
6526
10647
10695
6455
6634
10009
10121
7443
7458
8502
10173
8099
11468
6722
7632
10210
10289
4940
5180
11655
11801
7684
7821
7851
9515
7622
7784
8194
8226
6075
7323
9470
7849
8776
11735
11786
11763
11655
7182
7397
9304
9406
7004
7180
8411
9209
5881
6566
10616
11283
11462
11986
12320
7133
7610
7617
7845
7064
7563
9304
9406
6491
6594
10488
10594
6299
6632
10669
10863
6250
6714
10730
10881
4722
6149
8299
7388
7796
8203
8443
7324
7689
8097
8486
6459
6488
10378
10635
5838
6366
10833
10998
7305
7755
8261
8372
7646
7668
8848
8973
6301
6630
10298
10494
6315
6860
8622
9695
4916
8109
5917
5954
11075
11183
7288
8050
8938
9111
7564
7620
8715
8771
5736
6166
11345
11692
11407
6664
6759
9798
10128
7495
7523
8848
8973
9887
7489
8037
8698
8868
6531
7027
10158
10313
7622
7784
7968
8030
6142
6254
10577
11179
6822
7028
10291
10457
5879
6557
6766
7127
6390
6490
10397
10946
11164
11063
6079
10589
17646
7738
7794
8715
8771
6440
6889
8428
9987
6953
7428
7739
8073
7390
7865
7963
8202
7277
7663
8992
9182
4841
7127
10544
7646
7668
8758
8802
10549
7450
7455
7927
8294
5247
6072
11344
11348
6390
6490
10378
10635
6930
7516
9165
9335
6718
7372
9494
9723
6005
6628
10045
10346
6459
6488
10391
10476
7304
7344
8316
8437
5988
6834
9474
10729
6455
6634
10241
10288
6534
6840
8212
9392
6487
6978
8190
9537
7365
5914
6464
9102
10123
6622
7191
9269
9326
4697
6374
11170
11596
10675
6080
8070
11047
17373
4544
7445
10454
10542
6577
6843
9918
9929
5647
6792
11402
6180
6923
8662
9772
6638
10000
10003
10115
6229
7236
9063
8052
6754
8062
11886
7738
7794
8629
8683
10969
10976
5352
6662
11650
5632
17144
17211
5232
8909
9410
11389
11275
7241
7906
11139
8118
8167
8427
8451
6033
6483
10458
10993
7467
7743
7899
9268
5996
7490
10312
10660
9764
6058
6100
10658
11233
4816
8950
9941
6614
6812
10391
10476
7306
7584
9520
9956
9829
7314
7401
9365
9888
6493
7044
9701
10087
15129
17209
6192
6351
10669
10863
11426
7294
7865
8132
8202
15082
5660
17062
17857
17865
11711
6693
7270
9319
9681
6142
6254
10543
11130
6707
7384
8150
9461
11397
6362
6872
10554
10576
6995
11710
12011
6617
7104
9958
10002
11272
7013
7248
7743
9268
6226
6841
10928
7524
7638
8311
8394
6909
7460
9678
9834
6029
6172
10987
11175
4658
6063
11241
11355
8002
8248
8660
8878
7450
7890
8294
9114
10085
4614
5579
6337
6465
6781
9028
9247
10694
15154
17014
17832
9160
8473
6723
6934
9400
9881
10103
7524
7638
8097
8486
6991
11544
17630
7093
7179
9678
9834
8251
5454
11779
12266
10913
9115
9318
7759
7894
8875
9376
8124
8360
8371
8794
10811
6247
9125
12072
12105
9386
17223
6733
6757
9798
10128
7892
8609
9131
6890
7209
10006
10340
5417
5763
11196
11900
10820
7555
7586
8316
8437
6318
6692
10554
10576
6741
7826
9500
9643
7528
7688
8969
9168
7446
7971
9070
9387
7545
7619
8194
8226
7729
15173
17030
7979
7993
8613
8621
6617
7104
10105
10179
7979
7993
8629
8683
6737
7021
7908
9344
6302
6447
10188
10459
11801
5539
6296
10829
11523
10329
5952
11502
12229
5164
6484
10806
11215
9651
7238
7527
7748
7934
6531
7027
10105
10179
10357
17204
5668
10898
11962
6465
6781
9239
9549
8651
7555
7586
8311
8394
7950
7980
8758
8802
6472
6956
10158
10313
15173
17229
7069
7396
7895
8537
12616
5142
5645
10059
11759
12232
7819
7903
8061
8500
6969
7570
8665
8930
11044
7954
8022
8632
8824
6472
6956
10298
10494
8559
10384
10771
7950
7980
8480
8625
10920
7150
7626
7967
9649
5720
6882
9569
11516
6657
6749
10129
10485
7023
11543
12209
7544
7777
8104
8219
6405
7029
10301
10933
6718
7372
9500
9643
8994
6244
11822
12113
8301
6428
6518
8627
6362
6872
10512
10664
17093
17134
7951
8059
8264
8572
8726
6310
6435
10543
11130
7113
7548
8214
8495
5391
6338
9951
11293
6823
10082
11158
12011
10219
6733
6757
9759
10088
10990
7774
8091
8338
8341
7656
8091
8338
8927
11480
10980
9971
10336
8831
7835
7921
9015
9086
6103
6451
8420
9677
6261
6859
9875
10095
7568
6657
6749
10372
10682
6083
6831
9735
10482
11241
6493
7044
9659
10194
6458
6746
7116
6310
6435
10492
11081
11060
7136
7434
5561
9773
6661
7053
7967
9649
7567
7440
7629
9548
9788
6186
6418
10421
10524
7045
7188
7327
6577
6843
9446
9886
6491
6594
10512
10664
9323
8320
8391
8479
8756
5804
6618
7136
10585
6821
7412
9958
10002
7683
8075
8218
8454
6729
6771
10488
10594
7948
8042
8740
9009
7497
7953
8761
8820
10808
12158
12218
5433
17859
7217
7479
9444
9822
7363
8622
6930
7516
8830
9422
4988
8785
8952
12486
7296
7331
8951
10012
8748
10141
11196
10076
6898
7508
9817
10335
7478
6101
6155
10167
10189
7165
7872
8541
9510
7768
7877
8741
8900
5840
10332
5878
6503
10616
11283
6038
9184
17602
7031
7033
9664
9862
8067
8431
8582
9367
7528
7688
9156
9300
11479
6029
6172
11075
11183
6450
6535
10492
11081
9847
4765
6326
9661
10219
10039
7834
7839
9122
9543
11208
7006
7284
7424
7605
7831
9395
9507
5911
7449
8416
5961
11616
12232
6779
7118
9446
9886
6149
7342
6315
6860
9102
10123
9703
6693
7270
9338
9864
9869
10438
7907
6660
6782
10509
10518
6209
6885
7407
5318
5455
5729
6443
10773
11470
6415
6875
9947
10343
5219
6625
7126
9358
7167
7201
8195
10116
8961
17636
10593
7207
7234
9444
9822
7336
7240
6541
7982
11585
11714
7884
8218
8426
8454
7064
7563
9667
10023
7277
7663
9311
9609
8167
8451
8480
8625
7101
7303
10129
10485
6660
6782
10348
10477
7915
8140
9181
9272
5595
7351
8240
8442
8669
9045
6647
6769
10009
10121
6450
6535
10397
10946
7692
7769
9077
9791
6495
6601
10372
10682
8225
8412
8535
8801
6428
6518
9868
6334
7661
17596
8402
7588
7705
8798
9398
8040
8213
8865
8948
7425
7740
8951
10012
6682
7110
7905
9506
6013
6482
9266
10900
7193
11693
11951
10432
11646
6972
7726
11532
10252
7078
7158
9619
9832
6841
10580
17196
6599
7177
9485
9699
7954
8022
8412
8801
7884
8102
8426
8602
11217
7325
8036
9411
9972
10186
6114
11343
6129
6880
7488
10762
6885
7744
8111
8290
8807
7148
7172
9578
9801
8965
7070
7802
9588
10222
11525
8519
9321
10904
10915
7531
7579
9377
9762
7673
10984
7085
8388
8390
8567
10168
12303
12812
5619
5782
11622
12014
6866
17152
17851
8044
8046
8660
8878
10305
5853
5966
12043
4919
5753
11901
12218
6017
17135
17866
7819
7903
8250
8548
12118
6250
6714
11006
11193
8597
17863
7948
8042
8572
8726
5891
8058
17647
6909
7460
9997
10353
7080
7090
10379
10503
9102
7512
7580
9046
9752
7835
7921
8632
8824
7852
7194
7878
9789
10204
9793
6664
6759
9840
10150
8040
8213
8479
8756
10541
7855
8197
9173
9246
7254
7283
9440
9656
5712
6480
10780
11127
6007
6034
11027
17256
7679
7776
8904
8983
7043
7644
9491
10185
11055
5881
6566
10696
11415
10650
10534
7031
7033
9759
10088
7359
7417
9290
9497
10888
8532
7582
7662
8924
9163
7015
7762
9614
10328
7078
7158
9644
9682
5894
9135
11799
12716
6162
6521
10936
11153
7692
7769
9213
9475
7056
7840
9990
10140
9692
6838
7461
9150
9366
6927
11297
12069
5188
7474
7538
9108
9355
6233
6643
11371
11606
5979
6485
11551
11589
10911
6476
6620
10241
10288
12185
9521
7678
8438
9162
9603
10899
9285
11248
11706
6772
7111
10315
10390
5736
6166
11197
11878
7142
7423
9563
10132
8059
8264
8594
9000
7015
7762
9563
10132
6519
7063
11852
12118
11300
5466
6978
8053
8190
5755
6046
11272
12046
6779
7118
9375
9873
10418
7683
8075
8315
8573
10226
7020
7599
10125
10529
6741
7826
9613
9642
6854
8238
9613
9642
6948
7300
9375
9873
6192
6351
10987
11175
6612
7156
9701
10087
8044
8046
8792
9189
7282
8121
9311
9609
8208
8852
7602
7687
9668
10995
6719
8737
10835
5598
12158
11688
8290
8413
8449
8807
6884
7311
10453
10469
6614
6812
10412
10609
10690
5957
8425
9890
6258
6747
7073
10414
11622
6409
11543
12209
9381
8441
8466
8613
8621
7243
7932
9740
10718
10530
6823
10131
11534
5776
7855
8197
8865
8948
10424
5042
10371
6000
12085
17424
11326
8118
8371
8427
8794
10781
5633
8707
10046
6532
6867
7223
10291
10457
6821
7412
10010
10164
7226
7278
9996
10307
6379
6687
11099
11218
11144
7333
7416
9674
10325
7966
8157
8947
9389
6983
7650
10041
10555
9306
9756
11687
11361
7224
7463
9722
9855
8024
8029
8740
9009
13833
6530
7050
10730
10881
7938
8015
9228
9597
7602
7687
8741
8900
5113
11157
7148
7172
9664
9862
6504
11710
12011
5619
5782
11499
12075
7660
8119
8724
9064
7213
7571
9733
10275
9079
11478
7410
7615
9411
9972
5606
5664
11272
12046
6848
8272
10790
17317
8105
8657
9262
9761
7106
7540
9244
9734
9032
6270
11229
11304
11485
10767
17080
17864
6707
7384
8662
9772
6937
7477
9319
9681
5737
6873
7187
9051
5201
10613
11975
8024
8029
9039
9402
7425
7740
9277
10155
6021
8531
8587
7660
8119
8517
8862
7092
7970
10099
10190
6854
8238
9527
9532
8797
17893
6346
7991
10942
11016
7447
8113
9277
10155
8153
9696
11176
9775
17488
17495
6948
7300
9244
9734
6971
8417
9351
9424
7531
7579
9365
9888
10135
17082
17870
6299
6632
10407
10446
6971
8417
9527
9532
7070
7802
9667
10023
5603
7229
10918
6417
7220
10752
10800
7262
7226
7278
10006
10340
11344
7380
7392
9674
10325
9742
8925
5236
6141
14946
17297
7945
8093
8624
8684
10657
8242
8775
9001
9257
6115
6352
11197
11878
7060
7916
9588
10222
9669
8484
8539
8855
9511
11389
5655
10304
17615
7322
8538
8605
9486
7809
7996
9181
9272
7457
7848
8150
9461
8110
8256
8396
8485
10296
7864
6342
11498
11714
7593
8441
8466
8589
8664
7343
7952
8289
8400
8589
8664
8668
8833
6379
6687
11221
11223
7621
7842
9548
9788
6898
7508
9997
10353
10031
7085
8092
8390
9233
7097
7745
10227
10358
7966
8157
8875
9376
9792
7254
7283
9578
9801
10224
7679
7776
8924
9163
5815
7861
9906
6321
6729
6771
10728
10755
6107
7782
8129
17256
7314
7401
9520
9956
7822
7904
9185
9640
11274
5108
11395
11129
7282
8121
9504
10015
9800
7775
8130
8331
9231
8568
6938
7711
10392
11983
14402
16970
7945
8093
8803
8879
10588
7607
8035
9807
9891
7792
7969
8803
8879
6307
10454
10542
8345
8355
8778
9702
8205
5408
8812
9904
14978
17179
17846
7122
8640
9351
9424
7999
8064
8770
8893
7470
7667
8057
9395
9507
7359
7417
9440
9656
7092
7970
9990
10140
10895
7474
7538
9290
9497
12017
17598
17735
5834
6206
11195
12296
8884
7582
7662
9108
9355
10789
5819
6528
10942
11016
7792
7969
9011
9060
7718
8087
8724
9064
8800
11499
7375
8114
9631
10388
7552
8095
8339
9552
8110
8256
8624
8684
7785
8364
9013
9396
7492
7920
9439
9921
5913
6008
10104
11966
7929
8116
8517
8862
7215
8793
9047
9152
6671
7353
7476
9644
9682
7215
8793
9194
9309
7210
10591
7440
7629
9660
9937
7457
7775
7848
9231
7122
8640
9194
9309
7886
8171
9039
9402
8079
8404
8798
9398
7353
7476
9528
9557
8250
8396
8485
8548
9880
7492
7920
9555
9991
7700
7856
9011
9060
7589
7725
9200
9253
5796
10801
11887
10156
6479
7143
10867
7589
7725
9382
9404
6240
7036
10312
10660
6164
11482
11526
7481
7608
9382
9404
5850
6553
10522
11720
7481
7608
9528
9557
7060
7916
9614
10328
7700
7856
9200
9253
7937
8350
9046
9752
7043
7644
10010
10164
7224
7463
10248
10300
7432
8056
8540
8804
6946
7750
10157
10546
6750
7958
8112
17408
6558
6788
7862
6873
7514
7715
9555
9991
5224
8460
9343
9794
8212
11526
8617
11707
17378
8979
5658
7351
7795
12097
6441
6836
11187
11340
7938
8015
9015
9086
8734
10171
11831
7380
7392
9471
10417
6474
7249
8086
11056
8320
8391
8668
8833
8198
8770
8893
9755
5333
9339
5480
10065
11899
7312
8228
9505
10169
7696
8074
9660
9937
7211
7487
10231
10401
7656
8655
8841
8927
7106
7540
9166
9767
9320
12016
8483
8512
8971
9056
11200
5306
10703
6210
6845
10914
11093
7341
7541
10217
10770
7034
7604
8195
10116
6168
7348
10661
11169
8384
8551
8678
9636
6013
6482
9569
11516
7847
6738
9819
10352
6184
11730
7606
8141
9345
9857
10627
10832
7213
7571
10083
10331
10917
5671
11543
10548
7020
7599
10350
10399
7167
7201
8021
10111
8178
8647
8792
9189
7514
7715
9844
10215
7315
9306
11687
7333
7416
9780
10236
5859
17251
17253
10074
6890
7209
10379
10503
9106
11844
7312
8228
9504
10015
8124
8360
8669
9045
7573
8655
8841
9273
7160
7556
10231
10401
7415
9047
9071
9152
5288
11150
5208
7321
7985
9364
10410
7217
7479
9817
10335
7809
7996
9584
9919
7246
7827
9166
9767
16956
11349
11952
13015
7759
7894
9122
9543
9259
11837
11904
7279
7820
9982
10308
9615
6723
6934
9918
9929
8556
10628
8393
7915
8140
9173
9246
6036
11395
12222
6993
7160
7556
10083
10331
10522
5566
7419
9871
5325
7447
8113
9505
10169
5217
6866
7862
8178
8647
9113
9337
5755
6046
11499
12075
7536
7706
9844
10215
8944
10131
11534
9479
17226
6910
7230
10028
10455
6851
7415
8936
9059
9071
8079
8404
8551
9636
7886
8171
9639
9737
9428
11837
11904
10490
11030
11602
7834
7839
9377
9762
7999
8064
8904
8983
9624
6346
7991
10752
10800
11456
5919
10357
10475
7952
8120
8289
9234
7936
11066
6949
17198
17874
7165
7872
8538
9486
7520
8145
10227
10358
6774
6814
15281
8428
7322
8048
8410
8605
6867
7223
10769
10922
8225
8483
8535
8971
5875
6852
7918
8695
5655
5739
6558
6788
9700
6168
7348
10411
11092
5474
5568
11711
12059
8300
11046
10514
7805
8143
9080
9815
7034
7604
8428
9987
9745
11005
5979
6485
11345
11692
7573
8936
9059
9273
10011
11951
7269
6245
17243
8049
7052
7368
10746
10865
6595
6883
11486
11503
7119
8852
7411
10937
6976
11853
17683
6946
7750
10315
10390
7246
7827
9019
9925
7175
7594
7623
9917
10686
7256
7986
9368
9774
15113
15386
17844
7577
8012
9230
9911
7374
7965
10028
10455
7140
7242
10509
10518
5699
17123
17860
7779
7056
7840
10350
10399
7321
7985
9491
10185
6804
7502
11029
11132
8723
9054
9065
9785
7339
7793
9942
10777
6582
7196
11221
11223
11889
6988
5868
9362
17374
5623
9092
17168
7150
7626
8095
9552
5416
15103
7703
7829
8361
9913
10271
7897
8182
9439
9921
8671
8846
8906
9580
7949
7667
8057
9915
10160
8746
9963
7805
8143
9345
9857
7908
12093
5832
6959
11368
11557
7718
8087
9622
10051
10901
9808
8594
8603
9000
9020
6717
11368
11557
6051
7214
10019
10693
7497
8388
8567
8761
7504
7933
9760
10216
10098
5477
8554
7897
8182
9228
9597
7577
8012
9780
10236
10426
5832
6959
11336
11475
7467
7890
7899
9114
11031
10398
6589
7198
10874
10960
7140
7242
10570
10663
7399
17069
17849
8455
8510
8763
9842
5347
5605
10141
7696
8074
9584
9919
7023
11845
12418
10364
8843
8945
9090
9957
7048
5645
7561
8295
9663
7536
7706
10342
10394
7504
7933
9733
10275
7766
8090
10029
10551
8279
8828
9252
9556
11094
7173
7464
10412
10609
7598
10574
6113
7914
8616
12001
7306
7584
9996
10307
6706
7360
7600
10629
7080
7090
10728
10755
10892
9709
8420
8413
8449
8600
9489
7173
7464
10500
10677
5943
7414
5491
7977
9023
9797
11421
7937
8350
9426
10064
7874
11611
12301
7552
8120
8339
9234
7288
8050
9165
9335
11471
14967
13563
8321
9146
10758
11988
11039
12222
9474
5698
11761
11830
8187
8282
9080
9815
11637
11548
10142
12039
12231
9920
7537
7902
8240
8442
8947
9389
5390
7446
7971
9860
10419
7394
8183
9860
10419
8187
8282
8763
9842
8395
9573
11761
11830
7664
8092
8892
9233
7785
8364
8938
9111
7517
8336
9019
9925
5720
6882
9384
10712
5932
8737
9081
5648
7824
10659
12069
7613
17083
10019
10406
6968
10311
5641
7560
8767
10558
6747
6129
6880
7319
9867
10536
10958
11062
6130
11171
17901
8512
8603
9020
9056
6590
7624
10997
11315
7562
5908
7906
7923
7665
8829
8835
9726
7211
7487
10570
10663
9158
11888
8069
11887
11494
10349
11059
9648
7535
7889
10491
10630
6154
7466
8564
11667
11868
6327
6629
11170
11596
11015
9101
7606
8141
9760
10216
7489
8130
8331
8868
11153
6884
7311
10620
11038
5433
5485
7592
10086
10506
7243
7932
9942
10777
11975
5608
9429
7120
7132
11165
11413
8345
8355
9001
9257
9879
11149
8318
11961
8009
6115
6352
11213
11942
7641
12293
12746
8329
5584
10810
10180
6511
6720
7486
5661
5725
7636
8477
9303
10598
10927
7594
7623
10125
10529
10366
7982
10925
11585
8458
5987
9971
11236
11239
6530
7050
11212
11257
12164
6494
7572
8259
11825
12514
12759
8436
6441
6836
11165
11413
10167
6826
9906
11961
6935
7101
7303
10491
10630
6822
7028
10746
10865
10183
7664
8186
8892
9484
5946
7974
8675
10487
10592
7605
7831
9807
9891
6669
7454
11212
11257
9650
11234
11769
12159
7037
11822
7059
8001
8514
5779
6568
11294
11421
8236
9333
9425
9468
10225
10014
6038
9670
9720
9945
10637
6725
12320
6915
9514
9650
17396
8247
8846
8906
9457
11999
5797
6458
11113
8002
8248
9252
9556
8247
9287
9354
9457
8017
6335
12273
8028
8963
9498
9901
5777
6858
7000
17421
5734
10322
11294
11421
11138
10330
7978
8966
9757
17471
7356
9854
10444
10803
8687
10377
7341
7541
10423
10784
10572
6512
7543
11042
11818
8149
8837
9498
9901
7665
8385
8829
9577
9459
10428
7339
7793
10217
10770
9193
8857
9322
9558
9754
8028
8963
9426
10064
7772
8772
8160
8620
9368
9774
17080
6519
6955
7338
7621
7842
10338
10521
9813
17316
17509
7510
12722
9551
8106
7358
7063
11817
12121
6786
11693
11951
8496
8587
11387
7714
7520
8145
10487
10592
7325
8036
10157
10546
7535
7889
10338
10521
11045
7482
11793
12005
6972
7241
11139
11425
6683
7354
9369
9856
5996
7490
10661
11169
7763
7846
9004
9361
10531
10813
11213
8115
15009
7394
8183
10423
10784
8600
8764
9445
9489
6722
7632
11000
11296
8378
6960
7386
10914
11093
13167
9582
7517
8336
8835
9726
6233
6643
11551
11589
8384
8678
8778
9702
6995
11852
12118
6830
11548
11646
8547
10324
8067
8431
9013
9396
11265
6500
7636
8477
9364
10410
11372
6582
7196
11381
11383
7639
9796
11268
9419
9905
7194
7878
9982
10308
7822
7904
9917
10686
6560
7361
10131
7373
6851
8107
9131
7678
8438
9204
9294
7893
7901
10342
10394
11534
6184
11841
6165
11624
11706
7097
7745
11000
11296
10890
7279
7820
10041
10555
7923
5613
7829
8361
10099
10190
9127
7193
11667
12016
10093
9299
6226
6820
10928
9458
11751
5753
11814
13715
8085
9852
11215
8102
8602
9230
9911
9976
11624
11706
8149
8837
9639
9737
10159
17700
11710
10966
10405
6992
17291
17400
10951
8370
11020
9975
9763
6095
11176
10964
7973
8696
9466
10479
11209
8137
8598
9195
10523
6792
17086
17217
10302
6702
8819
12213
6983
7650
10453
10469
8236
9287
9333
9354
8953
8656
8999
9524
9995
9042
9074
9187
9851
8462
9450
16967
17085
17267
8455
8510
9094
9910
17408
11205
11320
11918
8021
9587
8864
9363
7136
7302
8430
10585
7166
9903
9906
11961
6094
6209
6676
9971
11239
7275
8204
8730
9386
9909
9898
5793
7186
7453
10596
10301
8045
7383
10743
11885
12061
8523
12053
12553
6669
7454
11381
11383
8917
8954
9077
9791
10884
8847
9084
9094
9910
7607
8035
10248
10300
6239
9306
9518
17192
17266
6053
8912
9161
9289
9694
10869
11079
11727
8912
9113
9337
9694
11855
6474
6500
8086
10265
8956
6410
11076
12217
8105
8657
9162
9603
9476
6405
7029
10877
11772
8842
9805
7591
7375
8114
9789
10204
8363
8885
9596
10246
7235
10277
7737
17148
7702
10519
6426
6966
11097
11242
9446
9179
5939
12293
12746
9170
11509
17008
8997
9861
11557
8195
10583
6817
12905
7892
8077
8609
10786
9053
9161
9289
10077
8242
8775
9425
9468
10618
8173
9336
9378
10445
12209
15367
17159
5783
9058
12665
10413
7893
7901
10500
10677
7643
10632
9129
9516
7315
8776
11735
10369
11393
12176
12767
8001
12418
9661
8041
11594
17222
7186
9633
11789
7953
8037
8698
8820
9653
6523
9953
17129
8278
6322
10608
11097
11242
10886
10971
10251
7766
8090
9740
10718
10069
8186
8385
9484
9577
7756
10695
7751
9418
11498
6663
9282
6502
10892
8769
9872
10977
9053
9098
9242
10077
7057
9443
9490
6188
6725
9149
10715
9790
8484
8582
8855
9367
7828
10646
10114
7803
11924
8706
10938
9828
9778
6437
6683
9369
9513
8153
8496
11387
10846
7730
8313
9180
9545
10339
11145
7084
17261
17330
11475
6747
7875
9348
10414
9894
8673
8854
9923
10084
11089
9635
7307
10636
9018
8671
9042
9074
9580
10053
5806
8204
15297
17404
9769
10363
8138
8216
9729
10788
9040
11817
9206
10046
11159
10318
7422
8448
8693
7967
9133
6790
6804
7502
10722
10979
7846
9004
9303
10598
6792
11650
6902
8847
9084
9187
9851
10623
6663
8169
9797
8705
7653
15214
17830
9684
7874
11426
12226
7973
9462
9492
10479
7045
8917
8954
9302
10400
5993
7494
9955
8931
5846
6595
6883
11371
11606
11899
5868
8511
17375
9816
10658
7581
8696
8911
9466
7186
10106
11789
7052
7368
11006
11193
7641
12176
12767
10145
9908
11141
15217
17292
17367
8159
8941
17205
10643
8662
9929
6328
8749
8786
8148
8616
11436
12001
9877
9751
11178
8296
6070
11918
8142
8275
9700
8871
8764
8959
9445
10148
10437
8122
7001
11751
11936
6706
7382
7600
9973
9098
9242
9302
10400
8254
7790
8910
10042
15079
7654
9375
12295
10877
6815
10840
11032
11222
6635
8244
11110
7228
11986
12320
10577
5913
6008
11819
11998
10025
7851
8598
9195
9515
15010
15312
17252
7735
8146
8996
7659
7882
9708
7108
6691
11769
8020
8507
17438
8363
9180
9596
10339
11311
6960
7386
11187
11340
9666
9467
8779
5911
11035
7506
10634
9575
10207
17171
8945
9054
9090
9785
10909
6293
12390
10257
6716
10840
10861
11032
7257
10985
10497
7631
7374
7965
10769
10922
10472
9841
10354
12832
6719
17426
17478
6965
9983
11997
9881
9608
8814
15022
15370
17241
8949
8633
9028
9938
7212
8673
8885
9923
10246
7597
8160
8620
9631
10388
11225
8072
11523
10293
10385
8150
7987
8173
9336
9361
10531
10692
11939
10666
11070
8279
8828
9915
10160
12772
12795
13065
5978
7354
9856
11417
8313
9378
9545
10445
7066
11127
10956
6532
7188
7542
8723
9065
9262
9761
8237
11837
12547
10020
7854
10232
11578
9730
9988
12379
13325
8578
8579
9969
11527
14922
17029
10333
9100
12951
7503
9349
6662
11700
10638
5999
7086
8686
8854
8959
10084
10148
10779
10655
8529
7648
11915
17103
10564
6349
9434
11781
12052
7509
9934
9227
6121
7237
8352
8890
11893
11194
11284
12034
8452
7094
7559
7228
12045
12432
6613
10415
9244
8138
8216
9969
11527
8450
9953
15076
17129
17302
10253
10760
8851
7205
10101
6425
7024
11482
6068
7109
7761
7771
7961
9188
10501
8563
15223
16920
9043
10420
9735
10005
9241
8894
9928
7249
10843
13123
9157
10208
8152
8221
10620
11038
7088
7369
8691
9503
11834
12009
17423
9731
10334
6631
13761
12060
9586
14951
17242
11611
11183
9716
8321
9146
9622
10051
11242
10542
10561
11310
10130
10287
10441
9037
8703
11218
7451
8137
9825
9968
10523
10791
7145
8985
10463
9823
7773
7685
10380
6986
8643
17453
17480
11513
6076
9343
9539
10709
10405
7141
8448
11712
11929
9134
7362
8432
17386
17432
10070
6247
7110
7833
11852
9845
9749
8920
7539
8618
10124
7682
10998
10768
10829
6586
7337
11871
12269
11470
10543
6138
6150
8317
11596
8813
7977
8926
9023
11197
6704
14271
16959
9634
6206
10751
11843
11075
11371
9998
7754
9579
12592
6600
8649
11652
6365
10991
11986
9251
12539
17417
10365
17372
9166
9332
9248
7289
8659
17416
9525
8539
9511
9524
9995
6847
10267
8857
9322
9913
10271
12059
15203
17145
17210
10492
6567
8524
10558
9819
10352
8368
17594
11233
8271
10452
10281
9549
10513
7860
7120
7132
11486
11503
10436
9126
10223
17255
9798
11720
10987
10421
6949
7758
11758
7105
11602
6361
11275
12309
11693
7452
6964
8656
8999
10029
10551
7546
6567
9449
9499
6188
8682
9149
11331
7184
10741
10314
6487
7117
8348
9537
7735
9456
12779
17902
9630
10807
10298
9021
6150
6196
14113
14152
6557
6917
17212
7473
11761
12626
6196
7565
9169
11719
17349
17498
7258
6593
6774
10081
10375
11110
12295
9638
7974
8675
10444
10803
10586
10879
10669
6223
14117
8552
9633
10898
11962
6436
15188
15200
6437
10137
6990
7293
12166
8843
9558
9754
9957
8677
9211
17378
10197
10554
10502
7496
11551
12885
11099
7720
10647
9340
10942
9057
10968
8189
7612
6191
6255
14114
14279
9654
9225
14963
17030
9818
7743
15262
17174
7239
7534
12273
12374
7560
8767
9795
9728
10673
8280
9198
6252
12257
17543
6202
14120
17287
10478
7406
10997
11003
11315
6931
8995
6255
14162
7346
9216
15187
17170
7493
8578
8579
9668
10995
14124
14266
17305
10993
10052
7912
8585
6214
8432
14146
17385
7125
10431
9219
7302
7373
8430
9946
6220
6221
14140
14268
8503
14170
9141
6645
8107
7723
10068
6236
14142
17269
9775
14267
17270
10009
6386
14119
14178
7849
9650
11769
9380
6432
6236
7787
14155
14269
8916
9432
11377
10451
11348
7147
11415
14156
17358
10397
7404
6997
7795
11659
10045
6552
9017
7669
12014
6609
8797
14139
14289
14889
7231
8031
12237
9430
10488
6262
14243
14561
17280
6963
8128
17563
7530
10773
14284
17288
10527
9599
6682
8468
7554
10003
8368
14164
7378
7385
11794
9390
7114
9896
6608
6667
14138
14249
9316
9840
11180
11600
9019
8291
8152
8221
11029
11132
10459
8502
9462
9492
10173
7014
7264
8546
6947
9493
11283
9933
9853
8470
7128
8019
10346
7393
8939
6423
9412
6293
11250
14274
14400
9783
11008
14275
8516
7694
9683
11815
12916
11179
8082
6870
9321
10904
10188
7876
10037
9952
8198
9755
9825
9968
8735
11903
8176
10900
6735
8718
9980
9027
10158
10863
8463
7775
8699
8921
10323
9399
6648
9670
6754
8062
10320
7941
10061
9570
7281
15254
17036
17217
10712
10936
15229
10367
8944
11220
11999
6554
9619
8996
9038
9450
17484
7295
12166
17620
9483
10725
10727
9295
8725
11692
8839
7513
10241
10075
7719
7168
10827
11437
6975
10833
11069
11687
7198
7529
11414
12019
11223
7391
6865
8783
11249
11292
6386
6470
7285
14123
11246
11373
10213
9618
7247
11779
11810
12266
11175
15214
16988
9759
7553
6610
9776
14198
14277
7900
10442
11333
12349
13100
16959
8818
11772
7429
6380
6862
14116
6461
7249
8185
11056
6387
6797
14118
14159
10493
6387
14115
14174
9263
10259
9686
8541
6876
7121
17257
17555
7308
14199
14121
7216
10660
10221
9431
9427
7071
10375
11220
11999
10722
8270
9075
9372
8569
10477
10800
7352
9826
8179
11170
9239
10060
7253
12005
12754
11867
11114
7420
6921
10878
10929
11628
9926
9550
9935
7881
8274
9909
17515
9685
10446
9691
9858
9279
8609
9533
10095
9463
6908
10664
10238
7003
7710
9312
10696
15238
8095
7628
9158
11235
7489
10806
6452
6627
14231
11130
11735
10105
10407
9629
7292
9986
10004
6811
14183
14230
10266
7271
9317
6561
7198
8381
10874
9664
10273
6903
8210
6819
7561
11828
7009
9496
8475
8362
9646
11350
12306
8367
8790
7237
6608
14250
17276
10476
9900
9899
17690
7830
8166
11625
12745
17891
9652
6576
8373
11671
13228
10201
10073
11275
12309
10914
6833
10425
10635
11187
11221
6789
6494
10372
9237
10458
10427
9420
9875
10378
9954
7125
7875
9348
10032
6901
10482
7405
11491
17615
10946
11900
9096
11169
9288
6564
7255
9082
10878
10929
9578
8682
11182
11331
7813
11635
8490
7098
6642
8066
11220
7480
9097
17125
14865
8557
10517
9571
7062
7129
11092
10193
11394
17385
12882
8188
10512
9725
14877
7812
7266
10616
9229
7190
9893
11821
13233
8934
8844
11713
7448
6652
9164
8408
8142
8275
8923
8694
9644
8575
8701
7291
10641
12379
10383
9575
12098
17509
6846
9704
11088
12198
7741
7356
9854
11249
11292
8700
12328
12357
8690
11081
12866
7962
12099
12999
17906
14232
17304
17502
17529
7376
8896
8014
9061
7400
7010
11369
8333
15233
16908
9594
7928
11624
12644
9330
10560
6584
7159
14176
14220
6627
14221
9383
7273
11799
7485
12888
17399
7244
7442
7913
10022
9440
6787
7155
11041
10881
11336
10002
8957
7107
11032
8317
9169
9974
10594
7079
9662
6755
8494
6874
12328
12357
11293
14177
17275
9870
14181
17692
6637
14238
17250
8766
9452
10129
15238
16941
9471
9627
7208
10063
10150
7313
11971
6978
10194
7635
8637
14202
10343
10933
10509
17071
10524
10128
7414
10626
12413
7345
6667
14240
14276
7870
9611
8277
7497
7751
11037
12439
11381
8888
7944
9174
7891
17050
17221
8940
15079
17822
8762
8025
7065
7153
8661
10755
8340
10289
10234
8092
17185
10288
7995
9392
14278
8553
10576
6672
14968
7994
10693
7618
10263
6922
13098
17309
7449
6695
11331
13414
14111
14192
16940
7144
7058
9076
8359
11345
8358
9385
8123
11383
9485
7203
11226
11819
11998
8411
7997
11252
17253
8239
14126
16972
17836
17904
8229
8199
6986
8682
6981
10872
11284
11713
7892
7890
12429
14505
17608
9290
7403
8897
8714
8659
10589
14209
17417
11165
7377
7786
9699
11413
9215
9109
10676
11182
11425
8784
9680
8469
9723
10743
7268
10682
7340
7469
7837
10121
11848
15157
17311
8335
7218
11387
8154
8032
8932
7343
7841
8849
12291
12348
8037
6974
10391
10392
17407
9083
7732
8169
7354
6798
7301
14171
14496
9359
8342
9574
9856
8716
7578
9400
8013
8733
7039
9418
15241
16922
8619
10088
9068
11193
9560
6809
14964
17251
7181
9643
8505
9470
8163
7783
10189
10412
6835
10381
10720
17487
17895
8266
11878
8835
7019
15232
7238
8403
8472
14206
16939
6811
14499
9557
9613
9741
11305
17277
17390
7853
10411
8913
7887
9108
11461
14200
10348
8316
15028
15326
17298
8440
9326
8519
9043
9386
8214
8274
9909
12174
9249
9512
10379
12249
7002
9756
11553
12249
11789
8631
7699
10872
11713
7099
11936
10202
10729
10153
11006
7357
10051
10533
10878
9344
10230
7267
7082
9883
14905
17346
9276
8170
10457
12137
17318
7073
9442
6857
8038
8751
8421
15004
17132
7717
10904
17420
10087
8907
8265
6914
14212
7955
8550
10315
10006
11656
11919
17598
8863
10408
9864
11257
13446
10041
8328
17556
10195
10490
11602
11987
7760
7806
7317
7389
15385
10535
11212
10312
8817
7500
7733
8488
10291
9259
12291
12348
8206
15222
17176
9222
10767
11996
9527
10545
11063
11923
12437
12150
13041
13248
10125
8120
9087
7117
8924
8307
9010
10903
11414
12211
6919
7529
10350
9520
8288
6914
7301
14190
14464
7801
14465
8435
10374
11754
7251
9719
12098
8241
11294
12647
8224
10327
12020
7804
8383
9366
7501
7935
10191
7085
8346
8274
11515
17543
11980
7930
7960
9150
8062
8387
9554
8444
9269
10062
7328
8281
11553
6957
9441
10871
11797
17486
6982
8560
10164
11249
8073
17396
8895
10504
12369
9123
7727
7163
10663
10596
12131
12252
12259
11503
10780
9404
8528
11703
17564
7686
15287
12834
8509
8325
7041
7159
14154
14216
8576
9916
9433
12067
12586
13178
10139
12887
17682
8108
9247
7590
9947
17255
8007
8819
11258
9035
11948
12538
12614
8158
9261
11625
12745
7438
13191
9514
17473
9072
12046
8209
8375
8098
8204
11937
8538
7630
10676
11425
11807
7511
11306
11760
7943
8373
12164
12577
9253
16977
17047
7895
9817
8870
8172
7926
15018
10353
10133
8791
12217
10674
11417
11461
11296
9351
10401
11093
10841
7742
9832
7657
9235
7953
8982
10453
8311
7483
11879
12389
7133
7770
14168
9060
9494
9982
8302
8902
8130
11486
8667
11206
11778
10728
8312
7450
9834
8076
14489
17608
9997
8127
12075
9373
7439
11641
12137
12856
7988
9678
7909
9918
8115
15132
15357
9562
8097
8747
10485
9210
10826
12074
7681
12763
14912
9036
10113
10212
11329
8780
11561
9006
7734
7716
10865
7825
9455
10140
8249
7572
9546
8303
10503
8297
8515
12115
12164
12577
10331
7914
11679
17114
7845
8314
10751
10217
7931
8048
8409
14536
17547
8268
9023
9270
8155
8667
11206
11368
7799
8386
7637
12126
17280
17536
9194
9070
10730
8879
7252
15048
17466
9883
11898
17346
8904
8435
10374
11898
10494
9444
10073
10827
12607
9682
7204
13464
14207
14326
8186
8641
17255
8184
12111
12182
7857
10809
12639
9789
8951
9862
14213
10179
9406
7854
7939
9109
7836
8385
8388
8998
10563
11884
7765
10099
9050
10491
9175
12137
12856
17361
7649
9681
9886
10023
8630
9213
9177
9264
7441
7569
9422
8998
10563
11754
11942
9701
8285
11589
7736
12179
12562
9988
12584
12754
8326
8487
10896
11945
14208
17004
17013
12130
12158
13207
9069
10630
10313
9958
10387
8246
9917
11315
10146
11320
11773
11918
11452
11525
11965
10979
9365
7929
10338
8774
12266
9976
12111
12182
10620
8667
10147
8298
8506
9185
10500
9990
9107
11002
12004
7748
9677
7634
11016
11631
7737
10765
15036
15317
17313
12231
9528
8930
8830
11855
17338
9047
10435
17476
8987
10731
11095
17131
17307
9631
9428
12310
12350
7337
12703
12716
10358
7701
9156
10922
9659
8544
11097
12707
9304
8898
7308
10481
9573
12310
12350
9348
8665
8610
10496
17434
7603
9261
12273
12374
7869
12991
9563
15382
17082
8497
11623
17465
7739
9192
14211
7977
10609
7611
8026
9548
8317
11652
9999
10831
11811
17498
8226
9722
9667
9855
11659
8624
15384
17094
7335
8453
14135
9500
7664
7851
10444
9358
7351
10910
12097
7731
8816
8061
9740
15382
17218
7770
14134
14252
12576
15101
17281
10399
10390
8135
9360
10906
11063
12437
11029
9814
10986
11189
8261
8570
10546
12329
12335
12599
9382
11088
11553
12249
10274
11800
12801
12131
12300
11340
9006
11574
7671
7406
11003
11788
12036
10185
9996
9338
10080
10867
12793
8969
9942
14816
14913
17163
9713
10284
10043
10080
11343
12262
10746
11803
15379
17284
7981
17234
17236
7408
9729
10157
11775
12424
13590
9062
9609
7583
9660
7684
10752
8767
15357
17227
10592
10275
9039
7861
8151
9969
8750
17182
17204
7519
11724
12037
12185
10731
12109
9315
11452
11525
11807
9614
8030
9873
8567
8005
11571
11763
11965
9107
11002
11884
8825
14501
17630
10790
11549
9844
8343
7466
11516
9411
9588
7824
12680
13032
11606
7457
8540
8893
10222
9335
9903
11110
12295
10469
10518
7865
11678
11722
12141
8080
9305
12195
12391
7575
11927
12905
13063
9200
8250
9801
9368
10132
8401
12384
12584
12754
9704
10885
10864
11848
10394
11038
8103
10385
11255
12251
9733
8299
8881
7581
8537
7935
15060
15334
10769
10010
12490
13158
13444
10328
12133
12370
12984
9277
10083
11678
11722
11992
9204
7952
8203
9451
7774
9302
7968
7627
9077
9771
12020
10300
12288
12328
12610
7617
10340
10231
8584
9025
10529
15087
17290
7660
8437
8499
8611
8962
11457
11943
9210
10826
12004
7665
8194
10215
7973
7875
10015
8740
9927
17288
8938
9991
8051
8202
9838
11247
11382
9668
9584
8889
9011
10455
8430
7780
7927
8504
8252
8011
10335
8502
10770
7722
8396
9230
8492
9122
9491
9377
9656
9734
7666
9387
7709
8848
10307
8394
10423
12032
8349
11595
12178
9956
12258
8936
11788
12036
12515
9642
7888
8192
10840
12566
13234
7658
10216
10715
8771
10248
7698
9450
11577
14989
8414
9737
8875
9053
8078
8399
12111
12299
12652
8820
11571
11763
11992
7718
9899
11250
9165
8803
8110
12883
15273
17347
8104
15333
17180
10758
9182
8084
7784
9913
8655
11042
13007
9555
8495
12962
8094
9046
9788
11056
9937
10147
12031
17687
9343
10490
10709
13125
9497
11826
11935
12119
12456
9719
11882
8572
9236
8034
13404
10784
8244
8524
7945
8798
10322
12102
12159
10580
9395
8314
12349
10012
7787
14303
14480
17360
10190
9782
10295
10484
11856
9622
9300
14251
8276
8315
9513
8354
11863
11940
12032
17407
8804
10861
11840
11903
14322
17357
8905
11195
11944
12296
10409
10450
11708
11651
17304
17558
7922
10417
8758
10928
8551
10168
12837
13286
8125
8328
17445
10169
9364
9439
8091
8290
10265
8200
11106
11290
8137
9807
8486
9860
17074
12382
10410
9024
9003
12102
12159
9475
10308
15074
17299
9181
8865
8232
9601
11423
17526
9891
10777
10342
9532
10123
11758
11742
17309
17448
11666
9015
9355
9092
10676
10874
10106
12413
9835
8218
11358
14931
17221
10941
11542
17370
17405
10115
11840
11903
13520
14297
14533
17111
9078
8352
11966
7884
9507
11759
17516
8955
9026
11511
8992
10677
15201
17286
10521
9246
8709
12376
13429
9760
11826
11935
12037
9772
9172
14483
17720
10570
8065
9822
9051
9063
11117
11824
12481
12665
10674
10960
11461
9959
9228
10155
8564
9919
9080
11938
12885
13118
10325
9921
9767
13474
15322
8909
11794
12949
9505
9345
7978
10435
10608
12007
12060
9287
8912
8479
17420
8525
12797
13261
13337
17907
9114
11561
11724
17473
11132
8948
9163
10718
9640
9972
9466
11560
17453
8594
8683
9334
9967
10113
9857
8878
12338
17429
17435
12036
8625
9762
9342
11734
12821
10382
10716
14504
17763
8253
8669
10232
14136
17090
17746
8008
14148
14270
17285
9537
8453
14149
17049
10029
9173
9585
12007
12060
8763
8838
8695
9504
9468
8155
17181
17204
10555
10419
8710
8824
15172
15284
17876
8715
8862
9294
8371
8060
9606
17677
9162
8117
11909
11976
12119
9013
10204
10354
12006
12409
8906
11181
11756
12936
8684
9704
11037
12198
8573
9888
8582
11379
14516
14808
10629
10440
10816
12042
8372
12114
12376
8868
9955
12236
10236
8983
8741
10952
12186
9111
8778
17144
17420
9752
9915
15403
12959
8792
12462
9901
8660
12333
17446
8890
17515
17543
17407
9268
11912
11476
9543
9597
17873
9086
12678
10762
11816
12492
9311
10661
11532
10160
9319
11299
11607
11709
13061
17540
17892
8178
9257
9424
11497
12202
15206
17561
9272
10686
13434
10086
9303
8259
10108
11741
12261
11825
13085
13146
9376
8485
12333
12096
12361
14959
11131
9389
10621
11337
12790
13029
9674
9064
10028
8366
10674
8668
11909
11976
12141
10064
9647
12285
9009
12583
13078
13378
10598
8756
11932
12866
13162
9402
10626
12439
8726
9774
8770
14924
17371
17406
12358
12990
13228
17377
8629
10834
11694
12380
11931
8947
10765
10910
12724
8632
8517
10912
12135
11147
13016
13681
8347
10941
11767
14972
17370
9461
11838
9231
10118
11536
12074
9309
11843
13026
8801
8900
8323
11432
14161
17452
8334
14160
14387
12143
12283
17277
17433
9695
8368
14165
14330
9353
9275
11863
11908
12032
8600
8832
8413
9492
9639
8416
9398
16934
9979
10210
8807
8833
10551
11375
11633
13018
9152
9262
10327
11886
14332
12370
17373
9871
11628
11907
11971
8443
10111
9045
15026
15371
17356
8788
12112
12630
17450
9925
9426
15251
17081
17303
11346
14559
14781
9233
8455
8429
14262
16937
17219
10531
15319
17131
17035
16912
10118
11536
12263
8539
8466
13578
14260
14333
9054
8446
14347
8806
11000
12487
9189
12441
12661
11222
11907
11971
8512
9556
8457
14145
14348
11721
12804
9001
8613
14290
8484
8457
8464
14196
14458
14197
11030
12492
12592
8686
14457
9815
9113
8847
8599
11846
12930
9195
8521
14351
8511
8526
14204
9361
8595
14406
9867
11776
11779
9429
11239
8526
14167
14352
12536
12709
13114
13286
14203
14408
11363
11592
11661
12687
12144
9094
11925
12834
13241
9825
9139
12397
12503
15001
10227
11649
12463
11592
9780
10196
15007
15254
11139
8592
8595
14150
14413
8971
8604
14153
17387
14412
17388
15245
16925
9222
10544
10767
8696
11252
11571
8604
8606
14184
14355
9524
9042
14185
17390
9209
8689
14353
17389
9169
9848
9927
8809
17237
17283
10961
17416
11071
11738
9211
10297
9252
9020
10496
10961
11593
17413
10327
9029
10649
12727
13911
10445
11666
17853
9603
16914
9104
9974
12581
16936
9911
9337
8672
14356
8794
9429
11933
17636
9000
8685
14163
14359
9059
11948
8686
8691
14258
14336
9498
8691
11125
14736
17553
8685
8689
14186
14358
14187
17434
14337
9301
10448
12088
17391
14357
14259
10120
11762
12261
8815
11721
12597
9987
13570
11205
12481
12665
12391
8961
10317
10816
12042
12771
9396
9949
10925
12212
12789
15297
17296
12553
12722
12743
8753
11125
14346
14735
9109
9285
11234
11724
12185
12270
17368
8753
10066
14247
14345
14248
17430
9670
17049
10116
9425
9489
11341
11514
11953
8827
12079
13070
12494
12010
11515
12622
10339
11454
12272
13092
17605
8958
14494
9289
12258
12381
12965
17273
17393
11338
11530
12423
12932
12319
12634
8955
17242
9529
12068
17568
13412
14526
14836
11742
11826
10388
9510
9702
15282
17120
17307
8959
8855
8885
13390
12136
9354
9995
12230
10269
10434
11611
12301
10046
11159
11320
13124
9006
12290
9529
9649
11626
12766
13363
9473
10166
10944
9285
12162
17604
11913
12481
12262
9515
9558
16952
17032
11420
10585
9445
12198
9367
10120
11762
12378
8958
14432
17784
9168
11201
12597
14433
14497
12089
17604
9636
11288
12456
17472
9242
12238
12282
10271
13409
9842
12313
9258
11201
12151
11636
12911
13230
11529
11642
12015
17250
17060
17109
10803
12049
11356
12682
12219
17483
9187
9206
12064
14615
9161
10246
9724
12659
12703
13342
9180
9271
10232
14242
12042
9378
12062
9098
10089
10880
12215
10809
12213
12241
13287
10187
10716
11745
17634
10435
10108
11741
12322
12811
12839
13232
9973
9151
10286
12866
17444
9983
13549
11909
17448
15228
17868
10233
11125
17554
12335
11258
11932
17443
12365
12776
11777
14511
14812
12642
17362
10405
12070
17572
12227
11777
14486
11460
12237
11068
11111
11273
11288
11362
11703
17519
10743
11370
11774
12061
17479
9726
11732
11829
17287
17557
17119
17146
11956
17416
13554
17160
17372
12943
10835
14241
14263
10084
10016
10997
10200
10466
11864
12784
11747
17318
9360
10906
11937
12318
9791
11401
12018
17161
10148
12173
12191
12215
9910
11041
11452
10893
11609
14256
14438
15262
17211
11033
12553
12722
10176
12044
17437
10320
11393
12839
13232
17351
11476
11653
11808
12732
9688
12389
11450
12475
12500
12571
13378
12332
12399
9508
12104
17702
10870
12205
17634
10709
11379
13115
15168
12094
12235
9923
9907
12818
13242
9968
12300
12485
10481
11314
11652
11106
11290
11778
9486
11697
12027
17506
12102
12443
12764
11574
12326
17553
11682
12974
17694
9754
12695
17397
15277
17009
17319
11701
12331
12352
9859
11792
12267
9579
11379
14503
9851
9577
10883
12106
12322
13577
17127
12120
14608
9596
13389
17382
17395
17589
10796
11623
11678
9647
11280
14398
11181
12889
12894
10870
11492
14236
14339
11143
11748
12146
12794
11402
10292
10842
14288
14440
11375
17539
9750
14254
10113
11329
12173
13206
17365
10269
10434
12475
12571
10207
10468
11718
12076
12954
11024
11077
12057
12193
9761
12127
17374
17316
10141
9727
9775
14143
14451
17355
12643
12716
14144
17487
17778
10405
10170
10824
17673
11609
14253
14399
10173
12097
16983
17067
10766
16971
17833
9868
14452
10071
11642
14410
10054
14099
17201
11253
12416
10077
10414
9946
10200
10466
12576
13087
11106
12143
17687
15333
17315
10460
12203
12745
12877
17231
17540
17509
10867
12188
12793
12187
12298
11064
11973
11996
11839
11880
12596
10892
12629
11066
12363
12442
10071
14421
17694
17601
10883
12106
12263
17182
12502
13076
13534
11329
11346
13089
11065
13221
12413
10450
12319
12699
12768
11990
12145
12613
12964
10719
11839
11064
11973
12378
10360
12325
10839
10400
17200
12191
12573
12682
11880
13526
10243
11934
12951
13398
11940
12258
12381
12007
12477
12810
12766
13363
12744
12287
12366
17412
11432
14369
17689
17783
11908
12278
12554
11077
11401
12327
10558
15398
17259
14068
14075
11805
12853
17643
17350
17471
14397
17425
17776
11682
14210
12052
12309
11273
12275
12473
10532
12280
14287
14321
11650
15293
16999
17336
13348
10214
10667
12609
12905
11701
12253
10159
11843
12199
12237
12334
12417
17640
12449
11314
12147
13742
13012
12712
12833
10943
17501
17529
10382
11856
12277
17386
11679
12351
15311
12096
12591
12269
10884
17837
11346
11356
14530
11927
12575
10487
11334
11572
14318
11804
11823
17430
11719
11811
14282
14528
12022
12746
10758
11363
11661
11988
11785
11919
12221
10260
10321
11524
10916
11640
12941
12225
11462
12862
13334
12506
13245
13390
12019
12371
10872
11587
12451
11885
12436
12494
12223
15051
17655
10835
14463
10344
11203
14301
11460
11554
12372
10884
12377
17670
11588
12492
12592
17900
10929
11782
10916
11671
13228
13484
10382
14302
14502
11840
12488
12692
17679
12236
12498
12942
11854
17386
17431
17571
12439
11100
11595
12129
17714
17762
10965
14084
10827
12543
12607
11236
11738
13196
11312
12709
13114
12055
12802
17344
11819
11001
12018
17508
10665
11159
11777
13131
12589
17392
11247
11530
12161
12853
13074
14032
14072
10523
17276
11203
11615
17433
11626
12951
13398
15367
17083
10845
12314
12411
10842
14385
17257
12236
12329
12498
15319
17199
17367
10589
12405
14188
14449
11560
11520
12100
17419
11112
11984
11989
12653
11370
11476
11774
12732
11194
12034
12525
12625
15279
16992
17352
17635
17198
14450
15311
17045
13467
11753
12318
11700
10873
12889
17341
11636
12339
13276
10798
10944
11136
12207
11780
12023
15274
17347
12356
12719
17785
10834
12441
12773
11744
11854
12950
13451
10870
14564
11732
17288
12483
17488
10854
11719
14272
14646
12474
12997
10974
12824
12944
13323
11630
12426
12744
13330
15274
17138
17354
15251
17281
11639
11902
12179
12562
10885
15291
12076
17551
11774
10836
11439
12354
11860
12503
15001
17275
11812
12700
12969
13362
12003
12430
12454
12134
12506
12555
17297
12375
10954
11008
14217
17567
13067
17497
11708
14361
11618
12450
13037
11648
12805
13469
17266
17483
14370
17258
12838
13648
11085
12388
11057
12243
13047
11192
11907
11979
12123
13169
17500
11797
14285
17348
12425
12528
12684
17620
13357
17399
17882
12314
12453
14273
11905
12501
17348
11660
13119
17340
12225
12275
12714
17838
11879
12724
11806
12428
12741
11491
11259
12332
14306
11226
12582
12976
17338
11930
12663
12790
11950
12012
12768
12926
17161
11882
12462
13035
13059
12990
12034
12491
12564
12637
11444
11994
12580
17569
17595
12343
12854
17583
17275
11255
11945
13320
14218
14420
17797
12020
12165
11658
11894
12709
14051
14094
12509
12355
12850
15264
17135
17849
11530
12845
12932
11810
12872
13544
11363
12560
13371
17507
17603
12554
14425
17674
11464
12203
14484
17643
11554
11707
14239
14392
11447
17579
11292
11546
11977
12001
13114
12389
11335
11734
12639
11434
11254
15414
17343
17852
11508
12879
12903
17351
17471
12139
12526
12187
12445
12726
11955
12473
13148
11457
11511
12851
11960
12991
12998
11447
13277
11813
12557
12987
12864
12882
12907
15267
17220
12724
11511
12474
12851
12386
12479
15287
17071
11955
12226
12382
12341
17240
11824
13337
15292
17130
14443
12080
12126
13353
17249
17637
15276
17107
17851
15218
17401
11376
12355
12824
12461
17269
17496
15307
17113
12823
12884
13115
12946
14344
17295
12650
13318
13325
17461
11173
11790
12619
13159
11592
11653
11808
12687
12667
12779
17625
11790
12816
13344
11599
11958
12213
11775
13359
14613
14784
12504
12711
17550
11825
12403
13085
11365
12395
12601
11585
11316
14543
11216
11931
14128
17317
12296
11995
12127
17374
17455
11747
14129
14648
13085
11767
15076
17371
12475
11507
15266
17152
17860
11600
12913
11862
12008
12956
17659
12695
11382
12365
13027
11943
12907
13002
13167
12188
12699
12139
14540
12895
12940
13089
11846
12821
11856
12315
12953
12602
17342
17480
11998
11730
11783
12472
12591
11681
12399
11520
11787
12453
12996
11458
12490
12618
12041
12281
12289
12055
14514
17345
12561
11967
17516
11731
12362
13042
17463
17709
12133
12813
13083
13242
12581
11323
14173
17485
12393
11797
14175
14756
12305
14627
15396
17755
12781
17720
11948
12511
12614
11599
12371
12702
11753
13751
12600
12741
11794
12476
12949
15302
16910
14887
13214
13219
13628
11614
12757
12993
11493
12023
17886
11392
12611
13234
13539
12440
14665
11660
12092
13119
17647
12763
15263
17366
12456
17520
12936
13117
13220
11647
12160
12852
12094
12533
12799
17587
12175
12446
14949
12128
11514
11458
11497
12264
13153
17334
12674
12767
13558
17671
12783
13123
17338
11947
13383
17470
12869
14072
17552
11574
11941
12917
13195
11964
14965
17579
11886
11575
12717
12842
12980
17193
17215
12828
17525
14487
17451
11459
12909
13076
11485
11816
11781
12186
13073
11488
12244
14235
12624
15271
17123
17866
12530
12582
15277
17290
11493
17606
12151
12855
13158
12502
12731
12031
13544
11926
14506
14698
15394
17363
11627
11869
12806
14724
17580
11492
14233
14590
12685
17700
12025
14439
12375
12893
15205
12270
12788
11598
12860
13041
12755
12816
12903
12476
13027
12739
17542
11716
11808
12721
17249
12265
17273
17394
17639
15329
17393
13044
13280
13851
12629
12671
13107
11587
11647
13254
11641
12415
13400
12535
14294
11568
12634
14424
14426
17454
13070
17474
12661
14427
11872
12153
12798
13055
12511
12678
13091
15324
17274
17395
11947
17469
15109
15237
11666
17854
11634
14373
17530
17583
12167
13312
17326
17704
12561
13199
13324
17899
15352
17193
17268
12805
17414
12574
17311
17442
12867
13127
12708
12150
12669
12725
11862
12956
13227
17652
11681
14524
11614
12220
17678
12775
12084
12416
17485
15301
17063
17384
12041
17378
17449
11860
12930
17527
13830
12050
12485
12863
12857
12402
17505
12515
12864
12882
13099
17588
12170
14377
14431
11818
12740
12962
14965
12013
12278
12554
13950
11768
12442
12847
11682
12173
12215
12340
12723
12561
13113
12514
13198
13508
12678
13091
13231
12294
12346
17502
12933
13066
17597
12324
12818
13242
12409
12835
17261
17401
17474
12864
13620
13718
17453
12809
12904
17549
12196
12524
13149
13224
12087
12790
13029
13332
12677
12454
12705
13012
13252
12529
17233
17589
12285
12720
12104
12347
12920
13602
12186
13073
13147
12254
13108
13437
15320
17383
17399
12875
13315
17516
11968
14448
12543
12773
12362
17651
12468
12471
12077
15052
11836
12234
12631
12923
13134
14986
12874
17532
14693
12212
11851
12225
12714
12808
11737
12661
14378
14628
12284
12523
13375
13441
12027
12689
13108
17695
12156
13039
17781
17251
11755
14380
12464
12086
12637
17574
12039
12741
13350
17614
12079
13132
12311
13328
14560
17663
13278
17431
12315
17633
15403
17230
12658
14687
12891
17613
15291
17862
15293
17299
12768
12926
12537
12995
14151
14418
17396
17472
17460
17481
17669
12024
17358
17739
12206
12345
13585
13770
12219
17302
11902
12267
13299
12101
12835
12963
13645
12199
13124
14821
17810
12115
12628
12986
14955
12334
12881
12924
12959
12251
12184
12771
12857
12374
12518
11945
12814
13320
12727
12830
12013
13442
11953
12363
13304
12384
12750
13350
14771
12512
17595
17429
17610
12161
12552
13260
12083
12819
12932
12639
12986
12287
14407
12381
13222
12140
12913
13324
13847
12660
17554
12633
12657
12073
12583
12973
12174
12281
12289
12398
17558
12743
13002
13167
12050
15375
16995
17402
12093
12484
13021
14538
13171
12287
12683
14308
14600
17314
17441
11888
12776
14223
14508
12455
12573
12603
12887
17527
12621
17372
15292
17857
15207
17466
12339
13783
13911
17887
11990
12160
12204
17723
11964
12751
12806
12168
12782
11982
13175
13232
12257
12786
14245
14343
12582
12734
12976
13678
12098
12433
12286
12505
12897
13106
11890
11931
14692
12662
13105
12634
14228
12341
14690
14694
12200
12950
13666
12324
12642
13738
12458
13051
17435
12796
16966
17340
12608
12798
12367
17349
11968
12630
14261
14422
12145
12846
13020
14395
17770
14574
11944
12999
13337
15247
17244
17422
12307
14950
11929
12804
14219
14569
12380
12807
12870
17392
11970
14912
15308
12100
13639
12240
17411
12711
12937
14738
12359
12082
12362
13014
12670
14225
12233
14702
12276
12537
17571
12022
13588
12321
17418
12700
12313
13259
12085
15385
17238
17284
12717
13341
12448
12797
13084
13261
12297
12818
12129
12239
15150
17655
12680
12165
12570
12529
17382
17398
17341
12843
16966
17341
14854
12821
15327
14309
17379
13450
14625
17720
15350
12095
12623
17224
17697
12436
12494
13107
15308
17842
12184
12403
12857
13240
13546
13558
13220
15376
17560
12587
17239
15340
17353
12351
13125
12101
12749
12902
12688
12015
12047
13082
12930
14028
17570
12920
17456
12820
15327
17056
17337
15345
17847
13033
13442
13860
12756
13161
17680
13780
17660
12486
12710
13647
12297
13283
13817
12104
12995
13062
14141
13088
13562
13564
17521
13234
13539
12375
12924
12408
12461
13684
12205
17569
12361
12788
13017
13128
12848
12601
12718
12349
12822
17711
17546
12681
13574
17599
13070
12761
12796
13053
13119
13429
15316
17409
12531
17455
12721
13213
13506
12978
13003
13138
13365
12538
12629
12671
12972
12536
13169
13767
12065
14409
15364
17116
17868
12826
17580
13170
14462
12067
12332
14295
14657
12633
14379
14638
13619
14411
14507
12244
14296
12778
17567
12608
17601
12633
12800
17743
17804
12310
13172
13378
12778
17531
15408
12415
12587
13090
13400
17328
12545
17536
15310
17262
17400
13042
13300
13437
12679
12845
12945
17486
12201
13019
14404
12437
13130
17318
17361
12662
17635
12109
12997
14291
14583
13843
17648
13164
13408
12238
12464
13586
13736
17424
17625
12727
12911
12422
12513
12862
13173
13334
12811
13563
13574
17699
15325
17291
17874
12804
14293
15341
17070
17415
12739
17449
12195
13121
13317
13083
12646
12985
13550
17539
12201
13202
14778
17628
13132
14403
14635
17807
12847
14182
17499
15342
17023
17320
12139
13069
14585
14767
12640
15342
12867
13304
13303
13399
13740
12577
12291
13168
13390
12881
12959
13035
14535
15419
17844
14760
12233
12590
12503
15330
17428
12333
17686
14474
17517
12355
17612
12207
13621
12401
12479
12497
12190
14011
17470
17518
12865
12178
13127
14229
14593
17519
17564
13307
13399
13401
12316
12585
12645
13882
17451
17593
12841
12892
12898
13524
12901
13113
12423
12756
17603
15343
17410
12805
13508
17231
12493
12872
12737
17564
12434
13251
13671
17551
12947
13203
14498
12409
12889
12894
13161
12957
17488
17496
12739
12928
12977
17459
12317
17344
17525
12776
14237
12241
13294
13785
15350
17312
12730
12825
12955
13391
13075
13223
13407
12607
15328
17087
17216
12278
17517
12714
12572
12826
14757
12482
13201
13701
17326
13100
12390
12279
15358
13026
13297
12559
13439
13737
14417
14637
12264
14599
17562
12711
12853
12435
12520
13157
13354
12558
13091
17638
12486
17688
17783
12663
13564
12471
12246
12414
13521
13598
17595
12649
12993
13117
12814
13008
13156
13791
17334
17544
12640
17463
17708
14331
12594
13335
14743
17682
14525
12728
13425
12379
12484
13325
12407
14553
17815
13043
13329
12406
13058
13681
12664
13638
13948
12581
13929
12274
12392
12573
12682
12675
12879
14493
12580
14666
13049
13428
17548
12791
17490
12753
12902
17623
12304
12535
14257
14544
15362
17306
13181
13764
12594
12875
14419
13330
17505
12787
13237
13368
12400
13045
14328
13032
13181
12282
13329
14222
14618
12910
12979
13791
14604
17237
17589
12497
12387
13126
17277
13693
13778
12274
12311
13528
12893
13092
12373
12392
12301
12559
13636
13947
12621
17672
14952
15407
12304
14588
17555
17449
12997
14226
12387
17413
12544
12614
12556
12542
12815
14616
13270
13446
13531
12412
13278
12531
13183
17437
17558
17618
12589
13369
12551
14500
17679
13288
13434
13589
13726
13764
15362
17072
17440
14298
17535
12482
14993
12993
17538
15394
13365
13600
13652
12373
14607
12598
12833
17799
12412
13724
13745
17523
12620
13789
12542
12612
12773
12975
13651
13952
13143
12794
12891
14546
14786
13369
12462
12942
13059
12917
17554
12572
12783
14477
13003
12507
12837
13038
13286
13152
17576
14682
17687
12422
12874
12954
14601
14906
15373
17871
12458
13553
12541
17579
12473
12785
12749
14620
12576
12656
12912
13087
17501
17585
12360
12829
13022
17566
12558
13486
12527
17501
12664
13436
13781
13016
13246
12396
13315
13555
15295
17271
17406
12450
12585
13882
12676
13265
13729
13850
17376
12934
13669
13956
13471
17565
12949
12641
12890
13022
12699
12431
13067
17622
12460
12774
12386
13343
14466
14568
17377
12535
17546
12440
17664
12428
12910
17614
13054
13066
13147
12697
12838
13821
17578
13487
12763
17366
17601
13127
14470
13532
13900
12557
12616
13870
12648
17674
13360
15369
12666
13097
13393
13459
12593
12777
17575
13098
13349
17447
12715
17696
12772
13869
12510
13592
17592
12742
12782
12426
13273
13487
13759
12719
12738
17646
14396
17645
17786
13016
13209
13246
13164
14582
14636
17269
17358
12565
13271
13409
17419
12517
13485
13902
13253
13559
17239
17533
12979
17639
12635
12680
13011
13137
13166
13341
13383
12828
13582
13665
12599
12963
12600
13359
13387
13622
12991
12998
13477
12584
12813
13083
13201
13290
12819
13429
13072
13525
17609
13033
13725
13801
13341
17623
12596
13287
13536
13866
17552
12457
13192
17666
12983
13418
15353
17368
17560
14447
14676
13066
13271
13409
13653
13095
13213
13716
13407
13673
13677
12794
12928
14531
12470
13180
13527
13568
13037
13263
14367
13894
12740
12962
13199
12604
12948
14606
14639
12478
12808
13226
13360
13113
17665
13713
13913
12760
13161
17676
12966
13511
13625
17766
13231
13388
13404
13043
13196
12728
13036
13280
17707
12616
12655
13077
13870
12668
13539
17586
12670
13163
13275
12470
13370
17768
17812
12595
12789
13163
12518
13586
12597
12793
13250
13389
13688
12705
13481
13725
13292
13343
12738
13654
13706
17605
13290
17754
12931
17715
13318
12965
13388
13404
13208
13348
13658
13018
13099
14550
15044
13379
13560
13591
13670
12628
12986
17326
12632
12836
13109
13787
13291
13680
13881
13292
13299
12978
13290
17481
17740
12530
13226
12966
17486
13142
13349
12845
17549
12599
12817
12873
12890
13261
12765
13208
13348
17412
14292
13827
17591
13441
17284
17405
12987
13298
12759
13556
14024
13105
13170
13480
13505
12718
13424
13470
12943
13731
15398
17093
12605
13004
12737
13366
14371
14460
13144
13542
17732
12544
13524
13179
13224
13268
12901
13094
13069
13381
13815
12668
17619
14941
17621
17880
12550
13776
13495
13908
13403
13453
14719
15163
13408
13623
13705
12622
13045
14305
14515
14573
13738
17635
13393
13305
17646
13054
17321
17669
12624
13024
13106
13269
13073
13097
13393
13266
13440
12806
13211
13417
13078
13112
13554
12604
12676
14532
17785
12775
14605
17789
17794
13473
13500
13223
14541
14697
13518
17644
13112
13168
13962
12720
12828
13914
13885
13375
13441
13794
14375
17520
13061
13227
14750
14782
13238
13497
13952
17418
12939
13146
13357
12704
15315
15408
12623
12946
14286
17780
13028
13187
13388
13141
13305
13508
12808
14492
14730
15263
17222
12609
13288
13956
12579
13302
13445
17684
13101
17642
12586
12876
13795
13184
13025
13273
17505
17362
12728
13593
13802
12843
12899
13596
14459
14740
12672
13380
13527
13931
13140
13368
12750
13350
13720
13846
12820
17697
13555
17528
12701
14629
12691
13253
13336
12698
12975
13478
13838
17571
13434
13385
13531
13570
12674
13703
13269
13502
13721
13166
17517
13034
13149
13316
13489
13505
13891
12855
13399
14055
12871
13519
12645
12990
13850
12950
13737
12630
14389
13329
14300
12929
13277
12789
13094
13063
13416
13577
15289
17380
17394
13201
14571
12686
13610
15332
12747
13334
17742
14566
13148
13225
13430
13202
14376
14780
17806
13019
13560
13627
13995
17749
12920
13781
13235
13784
17616
17500
12659
13549
13939
13103
13118
13526
12941
13879
17538
13096
13162
13484
13149
17673
12936
17677
13910
17462
12742
13366
14388
14475
13103
13526
13589
12842
12902
12701
13977
17654
13050
13786
12861
12915
12800
17907
12693
14495
17391
13806
13257
17611
14742
17603
13239
13425
13856
12671
13009
13623
17624
13703
17585
12860
13219
14008
13133
14647
13370
17666
13022
13047
13188
13460
13546
13558
12982
14520
14626
17653
14048
12803
13317
13321
13536
14105
17600
12753
14485
17622
12869
13477
15401
13143
17699
13267
14513
15243
13377
12700
12964
12969
12848
13061
14802
13151
13516
13984
14060
13068
13336
17723
12939
13357
13658
12870
14488
14710
13215
13482
17701
17473
13086
13592
13827
17440
14001
17577
13566
13805
13504
17653
12725
13562
12912
15419
12812
12968
12983
13457
13758
13093
13241
13467
14045
13279
17688
13322
13431
13818
12953
12971
13486
17533
12844
13868
17618
13373
13729
17645
12772
13048
12785
13206
12956
13780
13309
13448
12807
12859
12926
12733
12774
12909
13270
14044
13683
17349
17497
13008
13858
12896
12934
13601
13834
15369
17864
12786
14445
13498
13135
13343
14414
13767
17461
12836
12872
13544
12760
14423
14706
17680
12758
14453
13260
13211
14435
14746
13199
13254
13472
17668
12758
14681
12816
13258
17567
12775
13018
14711
14454
14576
13567
13759
14521
17793
13843
14674
17562
13260
13273
13487
13518
12883
13096
13484
13653
13948
17411
17357
17733
17739
13029
13387
13751
13773
12893
12825
13625
17790
14630
13139
17581
17639
13408
12846
14755
17644
17726
13131
13533
13552
13055
13366
13088
14773
17592
13148
13430
14549
17563
13657
13732
13801
13491
13581
13598
13576
17719
17731
14908
13489
13825
13869
14674
17163
17520
13397
13427
17805
17814
13245
13385
13570
12815
13046
13236
13121
13216
14699
13624
12967
13283
12935
13969
14826
13093
13467
13688
13919
17439
17481
12976
17344
13344
12897
13003
13138
13317
17479
13100
13121
17710
12914
13246
12977
12969
13587
14684
12906
17482
17740
17791
12982
13047
12996
13276
13811
13248
13715
13755
13407
17648
13818
17798
17411
13376
17704
13438
13443
12925
13375
17524
13097
13256
13184
13546
17619
13000
17771
13656
13120
14565
13226
13360
13473
13528
12944
13513
13789
13043
13160
13604
13395
17584
13303
17499
13403
13433
13453
13537
12967
13262
13751
13214
12912
13342
13749
12972
13726
13367
13912
14008
13027
13188
13258
13438
13460
14941
17552
13503
14754
12922
13635
13382
13832
13962
13986
14715
13152
14805
13712
13877
14015
15523
17621
13219
13548
13613
13159
14731
12988
13496
14548
14649
13102
15399
12914
17609
17418
12988
13023
13381
13315
15302
17398
13038
13784
13938
14680
12925
17633
17675
13001
17548
13461
13905
13046
13157
13256
12998
13517
13116
13455
13652
17722
13373
13460
13339
13543
13969
12928
14444
14598
14132
13081
13435
13848
17739
13446
17669
13230
17887
13264
13839
12960
13692
13007
13802
13257
13150
13356
13363
13005
13204
13561
13855
13101
13445
14669
14744
13237
13442
13657
13267
17744
13463
13524
17523
12957
13326
13461
13864
14723
13024
13648
12957
13461
13834
12981
13690
13906
12937
14827
15278
15393
17550
13271
13479
13743
13488
13001
13430
13426
17528
13850
13667
17534
17223
17779
13331
17584
12970
13504
14729
13238
13255
13540
17524
14032
15134
13355
17497
13110
13239
13573
13381
13749
13852
13476
13922
16007
17489
13106
13391
13643
13667
13503
13009
13603
13291
14354
14833
13585
17534
13155
13837
13172
13416
14015
17693
17701
13899
17457
13185
17699
13184
13865
13377
13421
14065
13471
15349
13449
17376
17458
13285
13374
13069
14651
13309
13319
13631
13056
13398
17662
13288
13523
13772
14611
17597
13724
14720
17424
13025
13518
13314
13887
13714
13192
13253
17817
13788
13855
14073
13936
14563
14721
17631
13694
13847
17734
13457
13459
13062
13186
13551
17735
13032
13225
13697
13301
13088
13371
14523
15126
13300
13512
13786
13628
13752
13761
13579
13693
15257
13497
14761
13025
13120
14589
13077
13293
13496
17642
13276
13811
17506
17711
13522
13643
13649
13136
13203
14695
14716
13208
13529
13774
13657
13481
13661
14016
13675
13044
17706
13188
13700
17688
13397
13634
17818
13108
17629
14592
17542
13116
13064
13506
17637
13957
14518
14726
13077
13318
13910
13295
13913
17714
13062
13071
13186
14467
15304
17561
17697
13299
13395
13588
17661
13250
13499
13823
13209
14517
17656
13710
13139
13422
13707
14907
14631
13669
13594
17638
13825
13914
14038
13137
13581
17722
14713
13840
14434
14469
13958
14527
14722
13515
17591
13092
13296
13712
13272
13406
14656
17775
13165
13282
13744
13853
13684
13848
14102
13213
13925
17702
13263
13784
14016
17439
13878
15268
13206
13184
13452
13655
13490
13447
13728
13367
13829
13925
13493
13474
17447
13983
14689
13496
14712
13386
13509
13798
13171
13699
17696
13449
13457
13423
17724
13557
13670
13768
13311
13335
14461
14747
13642
13125
13236
13871
17538
13651
14468
14718
13444
13833
13915
13277
13131
13327
13900
17709
14741
13579
13736
13133
13406
14510
14529
13332
13639
13662
17448
13275
14512
13423
13616
17745
13861
17668
13445
13462
14748
13355
13871
13555
13597
13346
17796
13498
13567
13702
13976
14044
17614
13686
17536
13415
14109
14428
17758
13556
13320
13492
13549
13939
13230
13797
15413
13217
15240
13800
13816
17334
13216
13339
13583
17423
17624
17598
17734
17633
13804
14678
13170
13505
14031
13636
13447
13427
14766
13328
13528
13355
13554
13809
13931
17695
13577
13298
13787
13382
13607
13672
13862
13240
13699
13919
13450
13969
14659
14728
13560
17574
17660
13795
13869
13268
13820
17690
13340
13568
17769
13697
13769
13291
13561
13788
14917
13289
13908
17671
13365
13426
13951
13859
13522
13585
13770
13777
13833
13915
17521
13352
13370
17713
17811
13412
13629
13851
13352
13239
13557
13605
13748
13392
13603
13615
13892
13259
13838
17224
13819
13849
16961
13469
13556
13432
13580
13789
14575
17627
14734
17737
13466
13600
13471
14082
14650
15230
13715
13740
13755
13839
14059
14925
14022
17728
13468
13608
13786
13510
13828
14003
13321
13792
13538
14556
15116
13527
13826
17667
13879
13815
17691
13362
13643
13649
13448
14797
14016
13887
13943
14875
13272
13491
17658
14060
13770
13534
13752
13761
14002
17617
13619
13967
13591
13857
13868
13638
13714
13809
13901
14064
14945
13832
14063
14934
13912
13281
13623
13719
13771
17443
13396
13507
13301
13860
17665
13411
13936
14602
13392
13615
13566
13838
13301
13899
13902
13387
13565
13894
14002
13525
13844
17654
17883
13353
13916
13990
14083
14634
13827
13645
13347
14026
14688
13310
13659
13766
13358
13451
13485
13695
13814
13593
13682
13769
13473
13874
17392
14545
14558
17264
17331
13372
13754
13992
13617
13794
17672
14456
13304
13749
17641
13569
13929
14006
13906
17715
13567
13655
13759
13552
17711
13885
13997
13910
13438
13806
17685
13498
13396
14013
17532
13594
13845
14074
14570
14584
17089
17184
13677
13926
13673
13722
13765
13415
13541
17759
14029
15417
13405
13571
13854
17581
13428
13880
13322
13431
13661
13475
13958
14586
13543
13801
17376
17458
17888
13547
17496
13856
17708
13402
15185
14779
17462
13723
13790
17737
13773
13374
14035
17588
14655
17681
13598
13503
13565
14587
14758
13450
13514
13629
17641
14745
13860
13540
17631
17706
13835
13867
17705
13711
13863
15207
14013
17507
17577
14822
17817
17514
13392
17570
13391
13492
13830
13954
13447
13679
17657
13565
14828
13418
13550
13879
17560
13625
13717
17750
17765
14623
14003
13732
13867
17362
17712
14010
14624
13550
13641
17623
13992
17587
13377
13421
13645
13569
14036
14055
13472
17665
14030
17518
14857
15259
17097
13691
13675
13696
14122
17444
13663
13826
13842
17586
13966
17531
13705
13941
13918
13845
13884
14055
13744
14572
15156
15416
17809
13571
13735
17575
17657
17774
13595
14071
17613
13497
14622
15249
13514
15368
14471
14491
17065
17106
14851
14885
17841
14086
14581
13841
13624
13988
14838
13778
14852
14892
17091
17855
13810
13897
13982
13721
13586
13597
13736
14029
17704
13720
13756
13605
13668
15392
17818
13634
17673
13513
13747
14077
13501
13793
13893
13810
17738
13602
13638
17462
13636
13666
13686
13862
13916
13572
13648
13796
14036
14849
13475
15458
13480
13758
17721
13928
13775
13889
15463
13455
13619
14366
14667
13466
14365
13656
13775
13901
14859
15346
17158
13615
17684
17736
13509
17884
14880
15179
17004
13466
13561
14349
17773
14350
13512
13782
14078
13488
13895
13745
13756
14777
17667
15409
14597
15431
13753
16064
17490
13866
13651
13805
13899
13952
13953
14052
17439
13757
13828
17492
13491
14018
17490
13676
17524
13599
13891
13932
13602
13632
14053
13640
13666
14862
15355
17208
13730
17456
14714
15383
13654
13794
13947
13968
13776
13883
13921
13590
17809
13665
17525
14641
13881
13813
13618
13896
13966
13696
13937
13925
17702
13649
13667
17649
13595
14617
17769
13545
13878
13999
13662
13797
13893
13596
13671
13866
13635
13804
14881
14902
15280
13559
13753
14894
13904
13906
13956
13963
13631
13856
13948
13975
13698
13716
13755
13996
13650
17414
13583
17721
13976
13739
14011
17470
13637
13893
13984
15475
14056
14686
17576
13857
13936
14086
17540
17892
13727
13897
17549
13692
17691
13864
13980
17766
13945
13974
14070
13940
17734
13583
13633
13713
17610
13591
14930
17816
17772
13573
17522
13573
14806
17611
14014
13884
14035
13687
13821
13768
17522
13626
13674
13712
13779
14017
16054
15381
15390
16937
13707
13959
13747
13882
13894
17658
13914
14023
14038
13792
13972
15180
15415
17729
13624
14703
14910
17586
14019
13622
13793
13824
13698
14077
17612
13846
13731
13650
13895
13987
13652
13970
13669
13905
13935
13685
13683
13803
14031
17707
13722
13766
13799
13909
13807
13832
13782
13870
13885
13719
13769
13808
13923
13616
15366
15405
13873
13898
13907
17511
14329
14430
17118
17147
13974
14003
14008
13626
13674
13985
14974
13637
13785
13671
13760
14717
13901
14108
14132
13742
13884
13994
13773
14923
13642
13982
14081
14205
17748
14070
13663
13702
13812
13927
14033
13926
13958
13730
13935
14012
14025
17611
13941
13957
13967
14935
13644
14105
13797
13676
13928
14009
13693
13754
13778
13822
13785
13915
13717
13840
14640
14705
13695
17493
13774
13871
14009
13655
13918
14182
13987
13765
13791
17562
13973
13995
16067
17760
13725
13793
14004
14014
13685
13758
13903
13721
14023
13928
13904
13710
13951
13961
17660
13807
13916
17648
13877
14102
13917
13743
13722
13776
13858
13728
17658
13788
14073
14079
14080
15025
13726
13764
13771
13690
17767
13892
13991
13727
13724
13745
13796
14012
13708
13816
14046
15155
13803
14065
13807
13836
13852
13878
13842
13861
14037
14042
13977
13808
13813
14074
17599
13814
17782
15417
17756
14104
17619
13890
13983
14673
14733
13719
13729
17607
17582
13800
14092
15424
14071
17565
17617
13917
13946
13996
14061
13933
13993
14132
13813
13829
14224
14671
13886
14024
14108
13760
13954
17736
13862
13981
17722
13823
17528
13818
13930
13938
14708
14727
13920
13943
14661
14725
14056
17576
17672
17500
13865
13978
17469
14074
13875
13986
14732
14775
13929
13953
14009
14103
14709
13763
13872
17724
17745
14002
13857
17706
13762
13849
14075
15146
13888
14831
14927
13959
13821
14001
13945
17494
13846
13896
13819
14068
15427
14069
17744
13843
17544
13993
13780
13837
13933
13963
14019
13975
13987
13918
14264
14105
17522
13988
16000
17730
17708
13997
14724
17580
14006
17725
17584
17661
17710
14028
14066
13811
13805
13876
13844
17656
14319
15012
13824
14038
14817
15000
14025
17641
13924
13880
13993
14182
13897
13985
13944
14037
14033
14037
13852
14338
15051
13886
13950
14024
14325
15097
13999
17691
13962
13982
14030
13968
14012
13842
14004
13932
13934
14014
13974
13912
17662
13922
14067
16002
17715
14020
14039
16009
13924
13946
13996
17624
13844
14763
17764
13905
13942
13909
13994
13861
13985
14436
15019
14004
13874
14103
13992
17582
13970
13940
14057
13940
13964
17764
13934
14044
14061
14104
14007
13889
14020
17696
14078
17725
13946
17513
13921
13979
14010
14013
14860
13933
14019
14025
14191
13887
13923
13977
14079
13965
14057
13978
13944
13971
13978
14264
14035
14056
14764
14052
14066
17570
17414
14001
13981
13907
14061
13975
13953
13991
14052
14066
17534
14007
14049
17781
13968
13926
15413
13963
13961
14122
17599
14069
14083
14762
13965
14087
15988
13941
13990
13944
13976
14071
14082
14813
17600
14031
17667
17456
15208
17654
17883
14752
17613
17685
14007
14015
14191
14737
17652
14034
13971
17443
14018
14087
17489
17803
14011
13970
17662
14000
14005
14770
15967
15184
17819
15199
17582
14017
14097
16003
14073
14057
17765
13979
14215
17577
14127
14772
15162
14034
14070
15566
17718
17801
14110
16005
14076
14191
17767
14030
14787
17588
15161
15242
14839
17532
14869
14957
15444
17040
17514
14028
17638
14091
16065
17725
15448
16978
17048
17591
14039
16019
14039
15907
17705
14036
15040
17507
14193
15996
14026
15507
14127
16006
15444
17034
14969
17729
14065
15464
17802
15462
17061
17110
14986
14041
14246
17782
14042
15999
14047
14091
14820
14824
14096
14109
14481
17493
15448
17075
15438
14050
14338
15029
14076
14103
14886
15438
14104
17782
14092
14814
15032
14058
14094
15020
17685
17736
15446
17191
15030
14381
14800
15017
14313
14933
15013
15454
14081
17761
17827
14341
14945
14988
14364
14934
14980
14087
15863
16457
14391
15097
17650
15633
14436
15078
17751
17617
17649
14122
14455
14874
15150
14205
17760
15171
17565
15194
17744
15452
15449
16976
15523
16040
15453
16987
14090
14324
15456
15457
14815
17749
14800
15426
14095
14320
15453
14814
15429
15461
14246
14594
17758
14193
15900
16456
15466
17033
15462
17201
15459
17905
14107
14307
15461
17767
15024
15465
16984
17066
15465
14264
14591
15402
16073
16592
17760
14112
15487
16142
15496
16939
14117
15488
16105
14120
15488
16180
14116
15492
16100
15728
15489
14121
15496
16141
14123
15489
16182
15495
15492
15494
14179
15495
16153
14131
15501
16357
17000
15460
16972
14765
15143
14129
15972
15497
16116
14133
15504
16370
17188
15498
17002
15499
17190
14135
15510
16108
15486
14137
15558
16426
15506
17091
14177
15576
16115
14181
15705
16109
14142
15520
16098
14151
15500
15484
14144
15520
16082
15515
14146
15541
16076
15485
14158
15513
16428
17024
14149
15920
16097
15486
14153
15544
16090
15670
16172
14162
15532
16106
15503
14168
15571
16107
14156
15810
16087
15484
14180
15516
16366
17156
15591
17026
14206
15521
16373
14161
15533
16101
15639
15578
14209
15539
16358
14165
15919
15533
16118
14169
15524
16103
17095
14170
15548
16083
15510
15536
17094
15485
14200
15517
16372
14201
15860
16127
17207
14175
15602
14212
15521
16400
15534
16131
14213
15512
16404
15508
14199
15532
16181
15518
17304
15542
17092
15509
14202
15526
16425
14185
15546
16410
15503
14187
15546
16408
15539
14396
15530
16111
15466
17039
14211
15522
16392
14214
15531
16394
16039
17719
14195
15601
16442
17777
15515
17778
14197
15614
16440
15541
14210
15557
16086
15508
15526
15528
17209
15512
14204
15548
16452
15544
14224
15606
15519
14208
15561
16466
15540
15530
15509
15517
15522
15550
15519
16940
17750
17765
14251
15550
16459
14218
15607
15615
16179
14225
15644
16518
14221
15571
16535
15604
14226
15551
16371
14228
15535
16151
15562
17826
15584
15612
14255
15563
16157
17025
15695
14237
15701
16376
14231
15888
16565
15604
14234
15560
14235
15608
16140
15592
16122
17530
15490
14273
15608
16161
15535
14240
15557
14294
15549
16488
15576
16484
14242
15738
16522
15558
14244
15634
16094
15491
17280
14328
15568
16559
14700
15633
14248
15601
16575
16033
14250
15635
16133
15494
15570
14290
15570
16502
14254
15641
16137
15493
15579
17174
14306
15641
16158
14298
15594
16516
14259
15614
16588
16024
14262
15983
16610
14309
15574
16553
15598
14318
15580
16561
14266
15560
17305
15673
16549
14268
15629
15660
16099
14322
15660
16089
14310
15567
16491
15457
16958
14285
15650
16134
15555
14275
15943
16645
15607
14278
15668
16104
14410
15668
16088
15635
14284
15673
16567
14311
15723
16091
17777
15467
17834
14407
15650
16418
15467
17369
15578
15534
14300
15590
16143
14370
15596
16577
14361
15625
16560
14421
15744
16110
15567
14293
15612
16629
15537
15644
15594
14296
15664
16145
15490
14299
15637
16572
15596
15617
17057
15551
14302
15602
15926
16636
14304
15669
16081
15491
17360
14389
15632
16579
15664
14334
15480
14485
15640
16506
15549
15564
17286
15547
17776
14344
15582
16149
17293
15476
15476
17835
15470
16963
14317
15979
16601
17206
15593
17180
15552
15468
17335
14323
15480
14385
15626
16597
15669
15479
14327
15470
15473
16960
14335
15925
16640
15478
15632
14840
15247
17246
14332
15714
16119
15479
15634
14390
15989
16462
15537
15613
17012
14337
15692
16078
15686
15525
14439
15934
16160
14342
15663
16681
17164
15478
16015
17166
14592
15587
16510
15590
14397
15698
16079
14443
15698
16080
14348
15623
15839
16077
14350
15690
16155
15610
14352
15623
15749
16084
14355
15620
14456
15957
16124
15748
16092
14359
15616
14358
15620
15699
16096
15699
16148
14580
15874
17813
15580
14509
15980
17808
14383
15586
16401
17001
15481
14366
15610
15740
16146
15572
14369
15890
16664
17784
15639
15625
14445
15737
16593
14401
15597
16463
17187
14377
15592
15481
16973
15572
14575
15656
15622
16175
14380
15910
16687
14486
15611
15670
15477
14595
15870
17794
15543
17227
14394
15807
16150
17530
15836
14551
15861
17819
14487
15714
16498
14414
15737
16614
15574
15583
17218
15575
14573
15588
16123
14521
15654
17794
15518
17529
14589
15652
15694
15547
14399
15649
15709
16136
14540
15685
16704
15595
17363
15460
17559
14503
15630
14417
15482
15514
16917
14408
15684
15640
15749
16538
14411
15649
15706
15740
16526
14413
15684
15748
16539
15856
15514
16944
14603
15882
17758
15821
14611
15955
16173
14459
15589
14425
15702
16171
15706
14448
15609
16476
14614
15661
14566
15912
16580
15685
14427
15695
16716
15910
14581
15618
14437
14774
15483
14956
15282
17246
14498
15807
16177
14433
15890
15705
16700
14631
15636
16532
14768
14854
15242
15556
15538
14524
15679
16156
15765
14463
15836
16710
14532
15694
16163
17786
14555
15938
17741
15692
14531
15628
15568
14476
14554
14609
15033
14530
15605
15588
14450
15993
16102
15616
14452
15723
16085
15629
14454
16008
15779
16627
15575
15690
14458
15686
15839
16620
15627
14549
15645
16635
14655
15666
15538
15738
14465
15974
16746
15728
14470
15856
16713
14469
15500
14565
15648
15769
16075
15701
14924
15301
17371
14537
15932
16755
17294
15569
16947
15556
14623
15671
16698
14552
14653
15226
14492
15675
15569
16926
14632
16016
16555
17810
14482
15810
16768
14591
15928
16013
17359
14511
15965
14506
15667
15779
15869
15945
14495
15665
16113
14516
15923
14518
15952
14947
15329
17370
15642
14520
15573
14497
15744
15497
14499
15974
16778
15998
16631
15971
15888
14541
15631
14526
15958
14543
15877
16164
15885
14564
15926
16775
14527
15923
15734
14514
15676
16159
14630
15743
16671
15630
17807
14512
15859
16507
15873
15584
14634
15732
15493
14571
15891
16584
15886
15559
17327
15861
14539
15767
16728
17165
15643
15896
14672
15969
17757
14624
15619
15709
15646
15881
15844
14616
16004
16690
14647
15745
16668
15793
15829
15849
14534
16047
16800
16041
17112
15621
14559
15952
15962
17296
15621
16056
17259
15987
15995
14563
15958
17632
15963
14588
15901
16490
14978
15310
17179
14680
15693
14701
15978
17808
14714
15662
16606
15587
14689
15687
15691
17818
14579
14610
15007
14582
15647
14610
15043
15313
15628
17740
14686
15651
14643
15998
16789
17784
14994
15345
17178
15929
14607
15961
14562
15919
16811
16013
17279
15948
15934
15865
15743
14739
15702
16731
17797
14745
15741
16737
14699
15707
16676
14577
14645
15008
15609
14709
15683
15901
15646
15868
14620
15939
16360
14610
14999
15328
14596
15997
17816
14645
15003
15331
15659
17814
15909
15794
14720
15717
16694
14645
15023
15348
14713
15987
16732
14597
15844
14641
15936
16436
15626
15940
14666
15765
16138
15618
15891
14741
15800
16720
14700
15882
15661
17793
15678
17817
15688
14723
15857
14604
15469
15762
14681
16010
16749
14715
15916
14622
15948
15666
17759
15525
14711
15870
14629
15957
16771
15605
14635
15886
14704
15043
15354
15303
15783
14691
15055
15351
17867
14828
16016
16467
15897
17679
14638
15873
16010
14642
15881
14779
15827
16750
14658
15993
16807
17786
15724
14654
16049
16828
17157
15770
15645
15689
14659
15965
14731
15681
14663
15553
14742
15955
16764
16022
15800
15783
15657
17809
14670
14696
14707
15170
15655
15978
14766
15874
14761
15868
15973
14729
15849
16120
14671
15769
16725
15665
15981
17768
15945
17783
14664
14696
14707
15198
15323
14693
16036
16741
15707
14687
15682
16114
14651
16012
16139
14777
15937
16026
14685
14691
15220
17868
14677
14704
15224
16071
17159
15906
14688
15859
16727
14682
15913
16135
16022
17785
16074
14662
15959
16844
17096
14762
15950
16069
17098
15938
17755
14691
15193
15336
14676
15929
15913
14717
15964
16144
14683
15647
17815
14712
16032
16178
14704
15178
15363
15911
15653
17756
14764
15883
15762
14977
16028
17768
15994
14696
15213
15331
14817
15573
14706
15631
17680
15832
15939
15679
15922
17813
14703
15790
14707
15216
15364
15680
15843
15778
15883
14702
15724
16117
15347
14694
15972
16004
16008
16857
14734
15949
16121
15318
14797
15897
14738
16001
15717
15916
15656
17806
15682
15933
15361
14763
15960
16753
15896
15360
14813
15832
15991
14754
15843
16112
15687
16012
15662
15977
15982
14748
15971
16618
15676
14802
15940
14753
15729
15827
14769
15208
14759
15199
15693
16045
14737
15194
14749
15184
14752
15171
14776
15162
15942
14773
15790
15941
14839
15040
14787
15030
15622
14736
16033
16863
16024
16044
16066
15990
17798
14805
15906
15741
15912
14747
15627
14849
15977
16176
15671
14969
15161
16045
15909
16032
16023
17548
14875
15946
14755
15667
17644
16035
16014
16509
17810
15975
15966
14771
15963
16740
14910
15642
14806
15975
16678
16021
17609
14767
15943
15770
15655
15636
15680
14772
16048
15691
16026
16796
15892
17728
16046
17629
15433
15715
16025
16036
15992
15619
14829
14834
14970
14860
15982
16018
17721
15681
14780
15821
15677
15980
14887
16023
14907
16044
14791
14830
14841
16399
14821
16496
16733
14837
14842
15056
16129
14908
16035
16461
14850
14902
15186
16126
14859
14862
15236
16162
14796
14868
14895
16168
14893
14904
16482
14856
14857
15183
16095
14799
14851
14852
16147
14846
14867
14883
16383
14804
14870
14888
16450
14858
14864
16167
15688
14801
14898
14909
16397
14885
14892
16409
15012
15443
14861
14863
16359
15946
14970
15021
15450
16965
14871
14876
16169
15651
16496
14879
14880
15027
16469
14949
16021
14819
14896
14901
16093
14811
14872
14882
16166
14878
14900
16165
14955
16018
15937
15035
15447
14820
16865
14998
15296
15451
15992
16020
17541
17759
14891
14899
16468
15024
16014
14844
15703
14921
14942
15248
16447
14886
16717
14919
14929
14958
16152
14827
16074
16066
15936
15124
15446
16964
15005
15042
15505
14894
16722
15708
17038
14917
15942
16125
15124
15269
15440
14848
14918
14920
16170
15368
16046
15015
15045
15527
14957
15933
16017
15731
17118
15005
15504
17188
15015
15593
17180
15713
17079
16557
17816
14855
15146
15261
15275
14939
14940
16587
15711
17011
14954
14960
16379
15949
15045
15092
15527
15037
15487
15037
15506
14874
15155
15261
15275
16037
15147
15269
15442
15046
15210
15577
15046
15524
15049
15498
17228
15054
15516
15689
15047
15598
17219
15054
15528
15042
15047
15505
15049
15513
17024
15713
15720
16997
15072
15119
15565
15093
15543
17227
14923
16058
15069
15586
17001
15070
15499
17364
15068
15540
17013
14890
14970
15176
15269
15164
15445
15950
15070
15501
17000
15711
15096
15613
17012
15063
15542
17092
15063
15561
15000
16070
15068
15118
15511
15072
15579
17174
15721
17197
15115
15531
15991
15793
15069
15595
17363
15720
15175
15275
15450
15083
15102
15930
15115
15581
15091
15151
15585
15997
15093
15563
17025
15128
15959
17096
14944
15697
15733
15152
15583
17218
15083
15536
17094
15096
15153
15545
15128
15139
15554
15092
15637
15784
17173
15151
15597
17187
14912
15735
15134
16017
15865
15829
15091
15152
15585
15976
15753
16930
15756
14933
15225
15296
14936
15710
15721
15727
16981
15735
17140
16051
15118
15138
15511
15119
15167
15565
15138
15663
17164
15139
15195
15554
15871
15976
15764
15223
15296
15452
15746
16931
14930
16786
15754
16946
15167
15582
17293
16557
15756
15751
16957
15227
15459
15241
15449
15143
16070
15825
15751
15764
17102
17106
15084
15165
15696
15165
15591
17175
16029
15195
15564
17286
15889
17017
15786
15245
15456
15755
17169
15782
17065
15766
17126
15885
15840
15760
14966
15830
15731
17133
15153
15235
15545
15869
15902
17248
16825
15034
15075
16673
15879
15235
15767
17165
15761
17254
17467
15786
17186
15895
15774
16037
15825
15876
15915
16011
15202
15902
17147
17356
15782
17301
15736
17076
16034
17703
14985
15799
15747
17104
15951
17769
15831
15802
17149
15789
15787
16913
15804
16935
15872
17021
15787
16918
15797
15815
15970
15889
17241
15804
15828
16968
15875
17054
15820
17213
15831
17310
17331
16034
17325
15777
17264
15866
17019
15806
16915
16927
15796
16933
15806
15008
15792
15941
15815
15016
15777
15007
15773
15814
15781
15834
15758
15742
15768
15878
17028
15730
17313
15768
17184
15809
15801
15033
15784
15905
15763
15826
15020
15809
15759
15855
15788
15801
15823
15847
17298
15773
17089
16531
15261
15307
15559
15864
17128
15179
15215
16759
15750
17252
15032
15808
16043
15848
15795
15816
15878
15084
15290
15696
15816
15048
15725
15954
15142
15148
15387
16544
15045
15181
15260
17825
16027
15814
15091
17503
15792
15257
16461
15283
15953
15803
15726
15968
15785
15854
17015
15846
15894
15059
15062
15065
15118
15819
15854
17154
15181
15212
16782
15785
15776
15077
15722
15798
15719
17329
15073
15798
17007
15077
15752
15791
15819
15088
15174
15712
15791
17006
15082
15772
15837
15798
15871
15824
15752
15817
15722
15838
15875
15290
15932
17294
15753
15835
15842
15914
15085
15090
15315
15722
15149
15739
15924
17823
15835
15935
15119
15211
15099
15838
15824
15872
15153
15197
15862
15803
15099
15772
15835
15246
15931
15898
15850
15851
16986
15862
15841
15841
17059
17203
15880
15845
15866
15139
15284
15337
15917
15858
15131
15826
17717
15867
15121
15845
15852
15158
15204
15828
15858
15852
16980
15852
15135
15772
15880
15853
15903
15240
16043
15824
15153
15239
15853
15850
16950
15791
15903
17324
17839
15855
15853
15268
16027
15858
15927
15812
15833
15837
17716
15169
15898
15851
15928
15837
15833
15841
15752
15172
15927
17878
15867
15356
15617
17057
16068
15867
15819
15147
15842
15855
15210
15356
15577
15830
17822
15846
15876
15899
15781
15164
15808
15185
16531
15986
17052
15818
15850
15771
16967
17267
15475
15674
16052
15209
15244
15729
15846
15776
15818
17236
15879
15918
17084
15895
15178
15742
15780
16038
15221
15811
15759
15197
15924
17823
15176
15808
15795
15813
15880
15792
15388
15925
15209
15244
15887
15372
16030
15903
17343
17852
15258
15259
16810
16053
15961
15260
15280
16821
15191
15768
15189
15190
15437
15192
15796
15192
15795
15813
15742
15780
15816
15198
15854
16042
15811
15838
15914
15848
16701
15202
15813
15811
15823
15211
15776
15210
15258
15411
15206
15809
15788
15822
15968
16031
15395
16726
15237
15893
17143
15372
15860
17207
15224
15848
15823
15388
16049
17157
15220
15780
15218
15763
15775
15777
15222
15763
15775
15820
15927
15826
15806
15834
15227
15788
15822
15232
15758
15801
15231
15820
15985
16928
15349
16038
15802
15834
15234
15787
15789
15914
15346
15355
16833
15379
15918
15796
15250
15817
17143
15589
15789
15454
15463
15366
16042
15892
15804
15267
15899
15802
15337
15338
16818
15383
16031
15879
17404
15866
15253
15831
17333
15799
17068
15773
15256
15712
15921
15862
15984
15404
16050
15404
16069
15406
16030
15424
15817
15986
15265
15799
15797
15805
17136
15270
15761
15876
15675
15425
15774
17153
15272
15805
15761
17124
15399
15746
15746
15427
15281
15774
15872
15393
16052
15286
15755
15406
16047
15755
17108
15814
15374
15931
15397
15956
15289
15727
17381
15760
16993
15917
15295
15754
17272
15754
15893
15760
15782
15875
15306
15389
15390
16847
15764
15430
15893
15392
16053
17819
15300
15797
15805
15815
17468
15753
15727
15313
15708
15822
17163
15324
15747
17272
15380
15381
16849
15842
15735
15320
15766
17381
15716
15758
15330
15730
15784
15325
15710
15716
17292
15344
15365
15317
15730
15725
15336
15697
15704
15775
15751
15358
15710
15716
15409
15718
15726
15348
15697
15704
15766
15721
15340
15750
15720
15708
15747
15750
15704
15359
15434
15732
15905
15341
15719
17068
15378
15947
17796
15733
15418
15930
15418
15920
17285
15343
15718
15726
15847
15718
15711
15725
15377
15712
15921
15719
15421
16071
15351
15733
15786
15643
15756
15864
15931
17085
15985
15361
15878
15421
15979
15918
15898
15825
15400
15420
15363
15736
15840
15731
15840
15736
15377
15739
15908
15638
15894
15951
15713
15375
15847
16993
15373
15864
15812
15902
15905
17214
15889
15985
16970
15924
15433
16862
17795
15953
15423
16015
17260
15423
15983
15899
15482
15935
17234
15953
15407
15739
15908
15410
15411
16815
15894
15432
16056
17259
15432
15989
15956
17050
17222
15794
15734
15871
15415
15416
16795
15400
15435
15553
15935
17877
15915
15986
15405
16020
17232
16029
15895
15818
15435
15638
15771
15830
15921
15968
15436
16041
17112
15436
16050
15954
17322
17841
15674
15954
17855
15502
15672
15502
15657
15970
15956
15908
15434
15969
17757
15917
15437
15441
15477
15833
15442
15468
15440
15471
15474
15443
15471
15474
15445
15473
15437
15441
15483
15447
15469
15472
15451
15469
15472
15458
16701
15915
16060
16871
15970
16034
15828
15471
15569
15455
15990
16902
17795
15483
15514
15474
15477
15621
15575
15538
15525
15646
15481
15473
15762
15472
15479
16037
16395
17705
15478
15470
15995
15476
15467
15480
15556
15892
15507
15778
16904
15537
15572
15559
15788
15795
16011
16200
16184
16198
16207
16353
16350
16258
16208
16224
16248
16211
16216
16188
16217
16362
16377
16174
16361
16011
16415
16421
16417
16429
16658
16210
16190
16203
16300
16441
16431
16445
16374
16402
16260
16411
16189
16424
16433
16029
16183
16434
16204
16215
15700
16063
16592
16364
16435
16354
16228
16250
16386
16473
16422
16470
16443
16481
16406
16453
16387
16439
16192
16454
16594
16477
16380
16619
17746
16448
16240
17763
16486
16550
16551
16548
15606
15911
16906
16239
16523
16389
15624
15887
16907
16570
16662
16558
16536
16657
16485
16546
16569
16390
16656
16533
17747
16229
16480
16590
16494
16458
16670
16478
16226
16599
16212
16604
16571
16505
16644
16545
16615
15884
16061
16456
15904
16062
16457
16596
16638
16803
17775
17802
16643
16787
16647
16249
16617
16245
17804
16634
16641
16603
16497
17898
16231
16655
16186
16333
16185
16761
17718
16659
16651
16195
16660
16020
16199
16206
16685
16573
16665
16525
16232
16667
16763
17770
16528
16419
17726
17792
17789
16745
15863
15904
16900
17743
16201
16785
16682
16269
16437
16191
16187
16688
16831
16791
17801
16653
16045
16288
16838
17780
17713
16271
16222
17663
16609
16707
16625
16213
16197
16236
16719
16724
15742
16194
16196
15944
16903
17761
16715
16423
17811
16702
16193
16774
16230
15763
15722
16499
15967
16895
16793
16202
16368
15797
16747
16513
16684
16739
15772
16527
16842
16709
16632
16792
17774
16542
16540
15884
15900
16892
17752
16241
16730
16132
17825
16649
16663
17504
16534
17753
16802
17503
16259
16769
17824
16837
16767
16624
16223
17788
16205
17787
16780
17791
16511
16783
15904
17803
16292
17762
15900
16057
16757
16804
16788
16652
17800
16492
16059
16055
16395
16879
16817
16723
16799
16262
16813
16819
17805
16806
16823
16827
16826
16776
16501
16754
16218
16841
16583
17827
16805
16692
17897
16225
16765
16772
16845
16602
17826
16839
17779
16742
16246
17773
17771
16055
16621
16858
17742
16855
16679
16608
16852
17712
16861
17790
16835
16064
16877
16854
16781
16808
17664
16000
16878
16830
16006
16879
16058
17727
16007
16900
16054
16892
16832
16065
16896
16068
16786
16868
16019
16048
16836
16283
16869
16762
16870
16586
16887
16867
16874
16060
16887
16895
16797
17812
16875
16622
16873
16851
16735
16761
16878
16658
16736
16877
16881
16882
16872
16884
16214
17772
16825
16843
16880
16612
16897
16613
16899
16856
16612
16613
16583
16722
16717
16530
16865
16893
16891
16686
16692
16787
16840
16896
16132
16174
16184
16338
16185
16318
16294
16625
16194
16308
16197
16266
16187
16242
16270
16445
16303
16454
16310
16540
16202
16287
16190
16280
16200
16343
16193
16286
16201
16247
16327
16415
16192
16296
16186
16290
16344
16845
16208
16238
16282
16546
16196
16313
16302
16819
16189
16315
16195
16320
16335
16747
16228
16341
16348
16808
16183
16325
16191
16263
16350
16351
16352
16354
16203
16337
16198
16342
16235
16702
16237
16632
16236
16349
16264
16679
16281
16437
16223
16251
16209
16485
16217
16256
16222
16273
16307
16813
16199
16305
16218
16293
16277
16333
16233
16551
16316
16492
16213
16328
16214
16332
16204
16253
16215
16278
16292
16301
17763
16336
16604
16132
16725
16250
16255
16206
16243
16261
16419
16262
16295
16230
16298
16232
16299
16241
16254
16275
16283
16249
16289
16224
16324
16188
16334
16267
16380
16288
16317
16258
16297
16314
16527
16207
16346
16231
16309
16226
16291
16234
16260
16284
16386
16229
16265
16216
16330
16246
16321
17773
16245
16319
16252
16271
16244
16390
16257
16269
16248
16274
16268
16776
16240
16311
16329
16374
16205
16345
16306
16742
16326
16387
16300
16322
16279
16431
16239
16323
16272
16361
16285
16682
16219
16707
16331
16688
16227
16765
16331
16212
16276
16225
16339
16259
16347
16340
16622
16220
16647
16221
16353
16210
16356
16211
16355
16282
16303
16310
16313
16247
16324
16270
16235
16286
16308
16237
16266
16287
16309
16294
16302
16238
16315
16320
16296
16342
16336
16293
16263
16334
16242
16210
16243
16233
16319
16321
16329
16221
16281
16332
16423
16497
16251
16264
16335
16277
16267
16534
16307
16291
16252
16348
16257
16259
16345
16244
16301
16268
16314
16317
16299
16311
16261
16573
16262
16638
16858
16289
16330
16389
16297
16295
16377
16368
16288
16797
16333
16783
16362
16486
16340
16719
16300
16542
16306
16528
16513
16726
16499
16511
16727
16478
16624
16470
16406
16473
16641
16453
16772
16536
16443
16608
16665
16769
16448
16429
16621
16364
16355
16353
16569
16356
16362
16363
16364
16365
16367
16417
16368
16369
16363
16422
16375
16481
16615
16754
16377
16378
16381
16634
16382
16434
16384
16424
16375
16385
16715
16421
16388
16730
16381
16402
16389
16391
16411
16386
16388
16391
16393
16402
16433
16396
16411
16866
16435
16398
16494
16480
16403
16421
16405
16433
16406
16407
16417
16412
16477
16424
16458
16413
16422
16414
16435
16416
16439
16441
16439
16533
16416
16420
16525
16420
16731
16427
16441
16429
16430
16434
16432
16599
16550
16432
16438
16501
16438
16443
16444
16446
16596
16603
16446
16448
16449
16523
16451
16458
16505
16453
16455
16455
16735
16736
16460
16558
16477
16464
16480
16465
16505
16854
16545
16470
16471
16472
16586
16473
16474
16475
16548
16548
16501
16827
16481
16478
16479
16617
16483
16545
16494
16486
16487
16487
16489
16571
16594
16493
16651
16495
16523
16493
16570
16824
16686
16499
16500
16805
16504
16570
16583
16883
16558
16508
16663
16511
16512
16525
16513
16514
16515
16652
16590
16762
16670
16517
16644
16571
16519
16590
16667
16521
16533
17746
16619
16524
16550
16739
16528
16529
16529
16903
17761
16534
16685
16536
16537
16643
16541
16609
16542
16543
16541
16609
16547
16655
16547
16552
16653
16552
16554
16594
16657
16556
16745
16586
16562
16660
16563
16656
16564
16619
16662
16659
16656
16566
16643
16804
16568
16569
16653
16573
16574
16655
16576
16873
16596
16578
16659
16644
16581
16657
16582
16709
16660
16799
16585
16617
16652
16589
16724
16591
16603
16599
16874
16840
16595
16662
16684
16598
16767
16651
16602
16753
16605
16852
16883
16605
16607
16608
16785
16611
16615
16861
16616
16684
16780
16621
16623
16624
16626
16623
16626
16628
16868
16663
16630
16667
16634
16633
16830
16633
16637
16670
16638
16639
16763
16823
16641
16642
16806
16648
16841
16723
16725
16648
16650
16727
16904
16731
16781
16876
16685
16753
16665
16666
16788
16669
16792
16774
16672
16802
16709
16674
16826
16724
16791
16897
16677
16774
16793
16680
16824
16680
16683
16870
16683
17898
16689
16817
16689
16691
16836
16832
16862
16803
16899
16695
16793
16837
16697
16838
17780
16839
16699
16763
16831
16703
16788
16703
16705
16706
16707
16835
16792
16794
16712
16739
16745
16795
16767
16714
16780
16715
16718
16719
16817
16721
16842
16802
16906
16757
16729
16880
16730
16785
16835
16734
16762
16824
16889
16888
16738
16831
16842
16743
16851
16744
16832
16743
16851
16748
16855
16748
16751
16754
16752
16837
16836
16838
16756
16839
16826
16758
16907
16760
16806
16872
16894
16766
16799
16766
16769
16770
16869
16772
16773
16867
16777
16823
16777
16779
16804
16855
16902
16783
16784
16875
16901
16790
16805
16830
16795
16803
17775
16797
16798
16841
16801
16882
16881
16809
16867
16809
16812
16884
16814
16869
16893
16814
16816
16881
16884
16820
16827
16820
16822
16875
16882
16829
16872
16891
16834
16891
16852
16898
16866
16846
16893
16846
16848
16854
16880
16850
16861
16870
16856
16871
16905
16858
16859
16868
16866
16902
16871
16864
16874
16873
16885
16904
17826
16888
16889
16894
16901
16906
16907
16905
17801
16901
17802
16909
16913
16911
16981
16913
16962
16915
17828
16920
16917
16934
16919
16921
16923
16925
16935
16948
16928
17833
17828
17836
16930
17384
16932
17354
16934
16941
16936
16974
16938
17219
16940
17837
17840
16942
16944
16946
17125
16955
16949
16951
16952
16953
16953
17032
16955
16957
16982
16959
16963
16961
16965
16963
16965
17162
16968
17112
16970
16971
16972
16972
16974
16976
16976
16978
16979
16980
17047
16980
16982
16984
16985
16986
17067
16986
16990
16989
16991
16993
16994
17353
16995
16995
17862
16997
16998
16999
16999
17337
17001
17002
17003
17003
17228
17005
17006
17007
17013
17007
17009
17010
17011
17320
17011
17013
17015
17220
17077
17115
17017
17402
17019
17303
17021
17022
17023
17023
17319
17025
17026
17027
17027
17175
17029
17031
17210
17033
17041
17036
17037
17038
17216
17038
17044
17099
17042
17044
17046
17229
17048
17050
17285
17052
17054
17055
17056
17056
17336
17084
17111
17059
17060
17061
17203
17061
17109
17063
17064
17065
17857
17065
17105
17067
17070
17333
17070
17332
17849
17226
17073
17133
17075
17077
17116
17079
17080
17081
17081
17864
17142
17122
17085
17087
17088
17089
17217
17089
17183
17091
17747
17854
17856
17156
17151
17095
17096
17097
17098
17098
17100
17102
17104
17104
17105
17106
17106
17108
17850
17352
17110
17112
17114
17116
17155
17220
17118
17119
17146
17120
17120
17306
17122
17124
17865
17860
17126
17128
17212
17130
17301
17132
17197
17307
17134
17136
17848
17866
17138
17139
17140
17842
17140
17142
17145
17404
17145
17403
17211
17147
17148
17149
17149
17355
17151
17153
17859
17851
17155
17867
17831
17869
17157
17158
17159
17159
17161
17163
17165
17166
17167
17167
17260
17169
17297
17171
17173
17175
17177
17717
17179
17206
17182
17184
17185
17186
17186
17188
17189
17190
17190
17364
17829
17193
17268
17195
17716
17820
17197
17198
17199
17199
17874
17201
17202
17203
17203
17205
17207
17208
17209
17209
17211
17213
17215
17315
17873
17217
17219
17831
17222
17224
17226
17228
17230
17232
17620
17541
17234
17590
17879
17879
17236
17237
17590
17238
17238
17283
17240
17242
17244
17247
17248
17871
17246
17247
17248
17248
17250
17252
17254
17314
17256
17258
17426
17260
17262
17263
17264
17401
17264
17330
17266
17267
17484
17268
17268
17270
17495
17272
17273
17393
17274
17274
17394
17276
17278
17389
17280
17359
17537
17282
17284
17286
17288
17290
17292
17875
17400
17294
17295
17296
17296
17298
17300
17302
17483
17863
17305
17557
17307
17441
17876
17882
17310
17329
17312
17441
17314
17465
17316
17873
17318
17320
17322
17323
17670
17324
17839
17324
17698
17343
17326
17703
17335
17544
17329
17330
17331
17331
17333
17847
17335
17337
17339
17341
17343
17698
17345
17526
17347
17349
17351
17353
17843
17356
17358
17360
17733
17362
17364
17366
17602
17875
17369
17559
17371
17373
17375
17388
17377
17379
17450
17381
17382
17395
17383
17383
17398
17858
17386
17388
17464
17390
17464
17392
17405
17395
17397
17875
17399
17401
17861
17404
17421
17406
17408
17859
17865
17412
17414
17848
17417
17419
17421
17870
17424
17429
17436
17427
17477
17850
17430
17432
17434
17436
17896
17438
17440
17442
17876
17444
17446
17477
17448
17450
17452
17594
17454
17479
17456
17458
17459
17460
17460
17482
17462
17464
17466
17467
17468
17468
17470
17472
17474
17476
17477
17478
17478
17480
17482
17484
17486
17488
17490
17492
17493
17494
17894
17494
17496
17498
17500
17502
17504
17506
17508
17578
17510
17512
17513
17593
17514
17514
17516
17518
17520
17522
17524
17526
17528
17530
17532
17534
17546
17556
17537
17539
17541
17543
17656
17546
17556
17686
17548
17550
17552
17554
17556
17558
17560
17562
17564
17566
17616
17568
17570
17572
17574
17626
17659
17628
17576
17578
17580
17582
17584
17586
17588
17590
17592
17594
17596
17598
17600
17602
17604
17606
17607
17886
17885
17609
17611
17613
17615
17617
17619
17621
17623
17625
17628
17889
17628
17890
17630
17631
17632
17632
17634
17636
17638
17640
17642
17644
17727
17646
17648
17650
17651
17652
17652
17654
17656
17658
17660
17662
17664
17666
17668
17670
17672
17674
17676
17677
17678
17793
17678
17680
17682
17892
17683
17891
17685
17687
17689
17691
17694
17893
17694
17894
17696
17698
17700
17702
17704
17795
17707
17709
17711
17713
17715
17717
17719
17731
17800
17721
17723
17725
17727
17729
17730
17731
17731
17733
17738
17735
17737
17739
17741
17754
17792
17743
17745
17747
17749
17750
17751
17751
17753
17755
17756
17757
17757
17759
17761
17763
17765
17767
17769
17771
17773
17775
17777
17896
17778
17895
17780
17782
17784
17786
17788
17790
17792
17794
17796
17799
17798
17898
17799
17897
17801
17803
17805
17808
17899
17808
17900
17810
17812
17814
17815
17903
17902
17817
17819
17821
17822
17823
17823
17825
17827
17834
17830
17832
17904
17835
17836
17905
17904
17840
17839
17840
17841
17841
17843
17845
17846
17847
17847
17849
17851
17853
17855
17854
17856
17856
17858
17860
17862
17864
17866
17869
17869
17871
17873
17875
17877
17880
17879
17881
17880
17882
17882
17884
17885
17886
17886
17888
17889
17890
17890
17899
17892
17894
17896
17898
17900
17902
17906
17903
17907
17905
17907
)


// ************************************************************************* //
