/*--------------------------------*- C++ -*----------------------------------*\
  =========                 |
  \\      /  F ield         | OpenFOAM: The Open Source CFD Toolbox
   \\    /   O peration     | Website:  https://openfoam.org
    \\  /    A nd           | Version:  13
     \\/     M anipulation  |
\*---------------------------------------------------------------------------*/
FoamFile
{
    format      ascii;
    class       vectorField;
    location    "constant/solid_baffles/polyMesh";
    object      points;
}
// * * * * * * * * * * * * * * * * * * * * * * * * * * * * * * * * * * * * * //


7710
(
(-0.0175 -0.025 0.055)
(-0.0175 -0.025 0.455)
(0.0075 -0.025 0.055)
(0.0075 -0.025 0.455)
(0.0325 -0.025 0.055)
(0.0325 -0.025 0.455)
(-0.03 0 0.055)
(-0.03 0 0.455)
(-0.005 0 0.055)
(-0.005 0 0.455)
(0.02 0 0.055)
(0.02 0 0.455)
(0.045 0 0.055)
(0.045 0 0.455)
(-0.0175 0.025 0.055)
(-0.0175 0.025 0.455)
(0.0075 0.025 0.055)
(0.0075 0.025 0.455)
(0.0325 0.025 0.055)
(0.0325 0.025 0.455)
(0.05 0 0.065)
(-0.0175 -0.025 0.065)
(0.0075 -0.025 0.065)
(0.0325 -0.025 0.065)
(-0.03 0 0.065)
(-0.005 0 0.065)
(-0.0175 0.025 0.065)
(0.02 0 0.065)
(0.045 0 0.065)
(0.0075 0.025 0.065)
(0.0325 0.025 0.065)
(0.05 0 0.445)
(-0.0175 -0.025 0.445)
(0.0075 -0.025 0.445)
(0.0325 -0.025 0.445)
(-0.03 0 0.445)
(-0.005 0 0.445)
(-0.0175 0.025 0.445)
(0.02 0 0.445)
(0.045 0 0.445)
(0.0075 0.025 0.445)
(0.0325 0.025 0.445)
(0.04330127 -0.025 0.133)
(-0.04330127 -0.025 0.133)
(0.04330127 -0.025 0.143)
(-0.04330127 -0.025 0.143)
(0.0325 -0.025 0.133)
(0.0175 -0.025 0.133)
(0.0075 -0.025 0.133)
(-0.0075 -0.025 0.133)
(-0.0175 -0.025 0.133)
(-0.0325 -0.025 0.133)
(-0.03 0 0.133)
(-0.005 0 0.133)
(0.02 0 0.133)
(0.045 0 0.133)
(-0.0175 0.025 0.133)
(0.0075 0.025 0.133)
(0.0325 0.025 0.133)
(0.0325 -0.025 0.143)
(0.0175 -0.025 0.143)
(0.0075 -0.025 0.143)
(-0.0075 -0.025 0.143)
(-0.0175 -0.025 0.143)
(-0.0325 -0.025 0.143)
(-0.03 0 0.143)
(-0.005 0 0.143)
(0.02 0 0.143)
(0.045 0 0.143)
(-0.0175 0.025 0.143)
(0.0075 0.025 0.143)
(0.0325 0.025 0.143)
(-0.04330127 0.025 0.211)
(0.04330127 0.025 0.211)
(-0.04330127 0.025 0.221)
(0.04330127 0.025 0.221)
(-0.0325 0.025 0.211)
(-0.0175 0.025 0.211)
(-0.0075 0.025 0.211)
(0.0075 0.025 0.211)
(0.0175 0.025 0.211)
(0.0325 0.025 0.211)
(-0.0175 -0.025 0.211)
(0.0075 -0.025 0.211)
(0.0325 -0.025 0.211)
(-0.03 0 0.211)
(-0.005 0 0.211)
(0.02 0 0.211)
(0.045 0 0.211)
(-0.0325 0.025 0.221)
(-0.0175 0.025 0.221)
(-0.0075 0.025 0.221)
(0.0075 0.025 0.221)
(0.0175 0.025 0.221)
(0.0325 0.025 0.221)
(-0.0175 -0.025 0.221)
(0.0075 -0.025 0.221)
(0.0325 -0.025 0.221)
(-0.03 0 0.221)
(-0.005 0 0.221)
(0.02 0 0.221)
(0.045 0 0.221)
(0.04330127 -0.025 0.289)
(-0.04330127 -0.025 0.289)
(0.04330127 -0.025 0.299)
(-0.04330127 -0.025 0.299)
(0.0325 -0.025 0.289)
(0.0175 -0.025 0.289)
(0.0075 -0.025 0.289)
(-0.0075 -0.025 0.289)
(-0.0175 -0.025 0.289)
(-0.0325 -0.025 0.289)
(-0.03 0 0.289)
(-0.005 0 0.289)
(0.02 0 0.289)
(0.045 0 0.289)
(-0.0175 0.025 0.289)
(0.0075 0.025 0.289)
(0.0325 0.025 0.289)
(0.0325 -0.025 0.299)
(0.0175 -0.025 0.299)
(0.0075 -0.025 0.299)
(-0.0075 -0.025 0.299)
(-0.0175 -0.025 0.299)
(-0.0325 -0.025 0.299)
(-0.03 0 0.299)
(-0.005 0 0.299)
(0.02 0 0.299)
(0.045 0 0.299)
(-0.0175 0.025 0.299)
(0.0075 0.025 0.299)
(0.0325 0.025 0.299)
(-0.04330127 0.025 0.367)
(0.04330127 0.025 0.367)
(-0.04330127 0.025 0.377)
(0.04330127 0.025 0.377)
(-0.0325 0.025 0.367)
(-0.0175 0.025 0.367)
(-0.0075 0.025 0.367)
(0.0075 0.025 0.367)
(0.0175 0.025 0.367)
(0.0325 0.025 0.367)
(-0.0175 -0.025 0.367)
(0.0075 -0.025 0.367)
(0.0325 -0.025 0.367)
(-0.03 0 0.367)
(-0.005 0 0.367)
(0.02 0 0.367)
(0.045 0 0.367)
(-0.0325 0.025 0.377)
(-0.0175 0.025 0.377)
(-0.0075 0.025 0.377)
(0.0075 0.025 0.377)
(0.0175 0.025 0.377)
(0.0325 0.025 0.377)
(-0.0175 -0.025 0.377)
(0.0075 -0.025 0.377)
(0.0325 -0.025 0.377)
(-0.03 0 0.377)
(-0.005 0 0.377)
(0.02 0 0.377)
(0.045 0 0.377)
(0.05 -9.9653619e-16 0.133)
(0.05 -9.9120712e-16 0.143)
(0.05 9.9120712e-16 0.211)
(0.05 9.9298347e-16 0.221)
(0.05 -9.9653619e-16 0.289)
(0.05 -9.9120712e-16 0.299)
(0.05 9.9120712e-16 0.367)
(0.05 9.9298347e-16 0.377)
(0.05 0 0.055)
(0.05 0 0.455)
(-0.018504809 -0.02125 0.055)
(-0.02125 -0.018504809 0.055)
(-0.025 -0.0175 0.055)
(-0.02875 -0.018504809 0.055)
(-0.031495191 -0.02125 0.055)
(-0.0325 -0.025 0.055)
(-0.031495191 -0.02875 0.055)
(-0.02875 -0.031495191 0.055)
(-0.025 -0.0325 0.055)
(-0.02125 -0.031495191 0.055)
(-0.018504809 -0.02875 0.055)
(-0.018504809 -0.02125 0.455)
(-0.02125 -0.018504809 0.455)
(-0.025 -0.0175 0.455)
(-0.02875 -0.018504809 0.455)
(-0.031495191 -0.02125 0.455)
(-0.0325 -0.025 0.455)
(-0.031495191 -0.02875 0.455)
(-0.02875 -0.031495191 0.455)
(-0.025 -0.0325 0.455)
(-0.02125 -0.031495191 0.455)
(-0.018504809 -0.02875 0.455)
(0.0064951905 -0.02125 0.055)
(0.00375 -0.018504809 0.055)
(-3.7843452e-17 -0.0175 0.055)
(-0.00375 -0.018504809 0.055)
(-0.0064951905 -0.02125 0.055)
(-0.0075 -0.025 0.055)
(-0.0064951905 -0.02875 0.055)
(-0.00375 -0.031495191 0.055)
(3.8590301e-17 -0.0325 0.055)
(0.00375 -0.031495191 0.055)
(0.0064951905 -0.02875 0.055)
(0.0064951905 -0.02125 0.455)
(0.00375 -0.018504809 0.455)
(-3.7843452e-17 -0.0175 0.455)
(-0.00375 -0.018504809 0.455)
(-0.0064951905 -0.02125 0.455)
(-0.0075 -0.025 0.455)
(-0.0064951905 -0.02875 0.455)
(-0.00375 -0.031495191 0.455)
(3.8590301e-17 -0.0325 0.455)
(0.00375 -0.031495191 0.455)
(0.0064951905 -0.02875 0.455)
(0.031495191 -0.02125 0.055)
(0.02875 -0.018504809 0.055)
(0.025 -0.0175 0.055)
(0.02125 -0.018504809 0.055)
(0.018504809 -0.02125 0.055)
(0.0175 -0.025 0.055)
(0.018504809 -0.02875 0.055)
(0.02125 -0.031495191 0.055)
(0.025 -0.0325 0.055)
(0.02875 -0.031495191 0.055)
(0.031495191 -0.02875 0.055)
(0.031495191 -0.02125 0.455)
(0.02875 -0.018504809 0.455)
(0.025 -0.0175 0.455)
(0.02125 -0.018504809 0.455)
(0.018504809 -0.02125 0.455)
(0.0175 -0.025 0.455)
(0.018504809 -0.02875 0.455)
(0.02125 -0.031495191 0.455)
(0.025 -0.0325 0.455)
(0.02875 -0.031495191 0.455)
(0.031495191 -0.02875 0.455)
(-0.031004809 0.00375 0.055)
(-0.03375 0.0064951905 0.055)
(-0.0375 0.0075 0.055)
(-0.04125 0.0064951905 0.055)
(-0.043995191 0.00375 0.055)
(-0.045 -4.2380213e-17 0.055)
(-0.043995191 -0.00375 0.055)
(-0.04125 -0.0064951905 0.055)
(-0.0375 -0.0075 0.055)
(-0.03375 -0.0064951905 0.055)
(-0.031004809 -0.00375 0.055)
(-0.031004809 0.00375 0.455)
(-0.03375 0.0064951905 0.455)
(-0.0375 0.0075 0.455)
(-0.04125 0.0064951905 0.455)
(-0.043995191 0.00375 0.455)
(-0.045 -4.2380213e-17 0.455)
(-0.043995191 -0.00375 0.455)
(-0.04125 -0.0064951905 0.455)
(-0.0375 -0.0075 0.455)
(-0.03375 -0.0064951905 0.455)
(-0.031004809 -0.00375 0.455)
(-0.0060048095 0.00375 0.055)
(-0.00875 0.0064951905 0.055)
(-0.0125 0.0075 0.055)
(-0.01625 0.0064951905 0.055)
(-0.018995191 0.00375 0.055)
(-0.02 -4.2380213e-17 0.055)
(-0.018995191 -0.00375 0.055)
(-0.01625 -0.0064951905 0.055)
(-0.0125 -0.0075 0.055)
(-0.00875 -0.0064951905 0.055)
(-0.0060048095 -0.00375 0.055)
(-0.0060048095 0.00375 0.455)
(-0.00875 0.0064951905 0.455)
(-0.0125 0.0075 0.455)
(-0.01625 0.0064951905 0.455)
(-0.018995191 0.00375 0.455)
(-0.02 -4.2380213e-17 0.455)
(-0.018995191 -0.00375 0.455)
(-0.01625 -0.0064951905 0.455)
(-0.0125 -0.0075 0.455)
(-0.00875 -0.0064951905 0.455)
(-0.0060048095 -0.00375 0.455)
(0.018995191 0.00375 0.055)
(0.01625 0.0064951905 0.055)
(0.0125 0.0075 0.055)
(0.00875 0.0064951905 0.055)
(0.0060048095 0.00375 0.055)
(0.005 -4.2380213e-17 0.055)
(0.0060048095 -0.00375 0.055)
(0.00875 -0.0064951905 0.055)
(0.0125 -0.0075 0.055)
(0.01625 -0.0064951905 0.055)
(0.018995191 -0.00375 0.055)
(0.018995191 0.00375 0.455)
(0.01625 0.0064951905 0.455)
(0.0125 0.0075 0.455)
(0.00875 0.0064951905 0.455)
(0.0060048095 0.00375 0.455)
(0.005 -4.2380213e-17 0.455)
(0.0060048095 -0.00375 0.455)
(0.00875 -0.0064951905 0.455)
(0.0125 -0.0075 0.455)
(0.01625 -0.0064951905 0.455)
(0.018995191 -0.00375 0.455)
(0.043995191 0.00375 0.055)
(0.04125 0.0064951905 0.055)
(0.0375 0.0075 0.055)
(0.03375 0.0064951905 0.055)
(0.031004809 0.00375 0.055)
(0.03 -4.2380213e-17 0.055)
(0.031004809 -0.00375 0.055)
(0.03375 -0.0064951905 0.055)
(0.0375 -0.0075 0.055)
(0.04125 -0.0064951905 0.055)
(0.043995191 -0.00375 0.055)
(0.043995191 0.00375 0.455)
(0.04125 0.0064951905 0.455)
(0.0375 0.0075 0.455)
(0.03375 0.0064951905 0.455)
(0.031004809 0.00375 0.455)
(0.03 -4.2380213e-17 0.455)
(0.031004809 -0.00375 0.455)
(0.03375 -0.0064951905 0.455)
(0.0375 -0.0075 0.455)
(0.04125 -0.0064951905 0.455)
(0.043995191 -0.00375 0.455)
(-0.018504809 0.02875 0.055)
(-0.02125 0.031495191 0.055)
(-0.025 0.0325 0.055)
(-0.02875 0.031495191 0.055)
(-0.031495191 0.02875 0.055)
(-0.0325 0.025 0.055)
(-0.031495191 0.02125 0.055)
(-0.02875 0.018504809 0.055)
(-0.025 0.0175 0.055)
(-0.02125 0.018504809 0.055)
(-0.018504809 0.02125 0.055)
(-0.018504809 0.02875 0.455)
(-0.02125 0.031495191 0.455)
(-0.025 0.0325 0.455)
(-0.02875 0.031495191 0.455)
(-0.031495191 0.02875 0.455)
(-0.0325 0.025 0.455)
(-0.031495191 0.02125 0.455)
(-0.02875 0.018504809 0.455)
(-0.025 0.0175 0.455)
(-0.02125 0.018504809 0.455)
(-0.018504809 0.02125 0.455)
(0.0064951905 0.02875 0.055)
(0.00375 0.031495191 0.055)
(-3.7843452e-17 0.0325 0.055)
(-0.00375 0.031495191 0.055)
(-0.0064951905 0.02875 0.055)
(-0.0075 0.025 0.055)
(-0.0064951905 0.02125 0.055)
(-0.00375 0.018504809 0.055)
(3.8590301e-17 0.0175 0.055)
(0.00375 0.018504809 0.055)
(0.0064951905 0.02125 0.055)
(0.0064951905 0.02875 0.455)
(0.00375 0.031495191 0.455)
(-3.7843452e-17 0.0325 0.455)
(-0.00375 0.031495191 0.455)
(-0.0064951905 0.02875 0.455)
(-0.0075 0.025 0.455)
(-0.0064951905 0.02125 0.455)
(-0.00375 0.018504809 0.455)
(3.8590301e-17 0.0175 0.455)
(0.00375 0.018504809 0.455)
(0.0064951905 0.02125 0.455)
(0.031495191 0.02875 0.055)
(0.02875 0.031495191 0.055)
(0.025 0.0325 0.055)
(0.02125 0.031495191 0.055)
(0.018504809 0.02875 0.055)
(0.0175 0.025 0.055)
(0.018504809 0.02125 0.055)
(0.02125 0.018504809 0.055)
(0.025 0.0175 0.055)
(0.02875 0.018504809 0.055)
(0.031495191 0.02125 0.055)
(0.031495191 0.02875 0.455)
(0.02875 0.031495191 0.455)
(0.025 0.0325 0.455)
(0.02125 0.031495191 0.455)
(0.018504809 0.02875 0.455)
(0.0175 0.025 0.455)
(0.018504809 0.02125 0.455)
(0.02125 0.018504809 0.455)
(0.025 0.0175 0.455)
(0.02875 0.018504809 0.455)
(0.031495191 0.02125 0.455)
(0.04330127 0.025 0.065)
(0.025 0.04330127 0.065)
(-2.5228968e-16 0.05 0.065)
(-0.025 0.04330127 0.065)
(-0.04330127 0.025 0.065)
(-0.05 -2.8253475e-16 0.065)
(-0.04330127 -0.025 0.065)
(-0.025 -0.04330127 0.065)
(2.5726867e-16 -0.05 0.065)
(0.025 -0.04330127 0.065)
(0.04330127 -0.025 0.065)
(-0.018504809 -0.02875 0.065)
(-0.02125 -0.031495191 0.065)
(-0.025 -0.0325 0.065)
(-0.02875 -0.031495191 0.065)
(-0.031495191 -0.02875 0.065)
(-0.0325 -0.025 0.065)
(-0.031495191 -0.02125 0.065)
(-0.02875 -0.018504809 0.065)
(-0.025 -0.0175 0.065)
(-0.02125 -0.018504809 0.065)
(-0.018504809 -0.02125 0.065)
(0.0064951905 -0.02875 0.065)
(0.00375 -0.031495191 0.065)
(-3.7843452e-17 -0.0325 0.065)
(-0.00375 -0.031495191 0.065)
(-0.0064951905 -0.02875 0.065)
(-0.0075 -0.025 0.065)
(-0.0064951905 -0.02125 0.065)
(-0.00375 -0.018504809 0.065)
(3.8590301e-17 -0.0175 0.065)
(0.00375 -0.018504809 0.065)
(0.0064951905 -0.02125 0.065)
(0.031495191 -0.02875 0.065)
(0.02875 -0.031495191 0.065)
(0.025 -0.0325 0.065)
(0.02125 -0.031495191 0.065)
(0.018504809 -0.02875 0.065)
(0.0175 -0.025 0.065)
(0.018504809 -0.02125 0.065)
(0.02125 -0.018504809 0.065)
(0.025 -0.0175 0.065)
(0.02875 -0.018504809 0.065)
(0.031495191 -0.02125 0.065)
(-0.031004809 -0.00375 0.065)
(-0.03375 -0.0064951905 0.065)
(-0.0375 -0.0075 0.065)
(-0.04125 -0.0064951905 0.065)
(-0.043995191 -0.00375 0.065)
(-0.045 4.2380213e-17 0.065)
(-0.043995191 0.00375 0.065)
(-0.04125 0.0064951905 0.065)
(-0.0375 0.0075 0.065)
(-0.03375 0.0064951905 0.065)
(-0.031004809 0.00375 0.065)
(-0.0060048095 -0.00375 0.065)
(-0.00875 -0.0064951905 0.065)
(-0.0125 -0.0075 0.065)
(-0.01625 -0.0064951905 0.065)
(-0.018995191 -0.00375 0.065)
(-0.02 4.2380213e-17 0.065)
(-0.018995191 0.00375 0.065)
(-0.01625 0.0064951905 0.065)
(-0.0125 0.0075 0.065)
(-0.00875 0.0064951905 0.065)
(-0.0060048095 0.00375 0.065)
(-0.018504809 0.02125 0.065)
(-0.02125 0.018504809 0.065)
(-0.025 0.0175 0.065)
(-0.02875 0.018504809 0.065)
(-0.031495191 0.02125 0.065)
(-0.0325 0.025 0.065)
(-0.031495191 0.02875 0.065)
(-0.02875 0.031495191 0.065)
(-0.025 0.0325 0.065)
(-0.02125 0.031495191 0.065)
(-0.018504809 0.02875 0.065)
(0.018995191 -0.00375 0.065)
(0.01625 -0.0064951905 0.065)
(0.0125 -0.0075 0.065)
(0.00875 -0.0064951905 0.065)
(0.0060048095 -0.00375 0.065)
(0.005 4.2380213e-17 0.065)
(0.0060048095 0.00375 0.065)
(0.00875 0.0064951905 0.065)
(0.0125 0.0075 0.065)
(0.01625 0.0064951905 0.065)
(0.018995191 0.00375 0.065)
(0.043995191 -0.00375 0.065)
(0.04125 -0.0064951905 0.065)
(0.0375 -0.0075 0.065)
(0.03375 -0.0064951905 0.065)
(0.031004809 -0.00375 0.065)
(0.03 4.2380213e-17 0.065)
(0.031004809 0.00375 0.065)
(0.03375 0.0064951905 0.065)
(0.0375 0.0075 0.065)
(0.04125 0.0064951905 0.065)
(0.043995191 0.00375 0.065)
(0.0064951905 0.02125 0.065)
(0.00375 0.018504809 0.065)
(-3.7843452e-17 0.0175 0.065)
(-0.00375 0.018504809 0.065)
(-0.0064951905 0.02125 0.065)
(-0.0075 0.025 0.065)
(-0.0064951905 0.02875 0.065)
(-0.00375 0.031495191 0.065)
(3.8590301e-17 0.0325 0.065)
(0.00375 0.031495191 0.065)
(0.0064951905 0.02875 0.065)
(0.031495191 0.02125 0.065)
(0.02875 0.018504809 0.065)
(0.025 0.0175 0.065)
(0.02125 0.018504809 0.065)
(0.018504809 0.02125 0.065)
(0.0175 0.025 0.065)
(0.018504809 0.02875 0.065)
(0.02125 0.031495191 0.065)
(0.025 0.0325 0.065)
(0.02875 0.031495191 0.065)
(0.031495191 0.02875 0.065)
(-0.0175 -0.025 0.058333333)
(-0.0175 -0.025 0.061666667)
(0.0075 -0.025 0.058333333)
(0.0075 -0.025 0.061666667)
(0.0325 -0.025 0.058333333)
(0.0325 -0.025 0.061666667)
(-0.03 0 0.058333333)
(-0.03 0 0.061666667)
(-0.005 0 0.058333333)
(-0.005 0 0.061666667)
(-0.0175 0.025 0.058333333)
(-0.0175 0.025 0.061666667)
(0.02 0 0.058333333)
(0.02 0 0.061666667)
(0.045 0 0.058333333)
(0.045 0 0.061666667)
(0.0075 0.025 0.058333333)
(0.0075 0.025 0.061666667)
(0.0325 0.025 0.058333333)
(0.0325 0.025 0.061666667)
(0.04330127 0.025 0.445)
(0.025 0.04330127 0.445)
(-2.5228968e-16 0.05 0.445)
(-0.025 0.04330127 0.445)
(-0.04330127 0.025 0.445)
(-0.05 -2.8253475e-16 0.445)
(-0.04330127 -0.025 0.445)
(-0.025 -0.04330127 0.445)
(2.5726867e-16 -0.05 0.445)
(0.025 -0.04330127 0.445)
(0.04330127 -0.025 0.445)
(-0.018504809 -0.02875 0.445)
(-0.02125 -0.031495191 0.445)
(-0.025 -0.0325 0.445)
(-0.02875 -0.031495191 0.445)
(-0.031495191 -0.02875 0.445)
(-0.0325 -0.025 0.445)
(-0.031495191 -0.02125 0.445)
(-0.02875 -0.018504809 0.445)
(-0.025 -0.0175 0.445)
(-0.02125 -0.018504809 0.445)
(-0.018504809 -0.02125 0.445)
(0.0064951905 -0.02875 0.445)
(0.00375 -0.031495191 0.445)
(-3.7843452e-17 -0.0325 0.445)
(-0.00375 -0.031495191 0.445)
(-0.0064951905 -0.02875 0.445)
(-0.0075 -0.025 0.445)
(-0.0064951905 -0.02125 0.445)
(-0.00375 -0.018504809 0.445)
(3.8590301e-17 -0.0175 0.445)
(0.00375 -0.018504809 0.445)
(0.0064951905 -0.02125 0.445)
(0.031495191 -0.02875 0.445)
(0.02875 -0.031495191 0.445)
(0.025 -0.0325 0.445)
(0.02125 -0.031495191 0.445)
(0.018504809 -0.02875 0.445)
(0.0175 -0.025 0.445)
(0.018504809 -0.02125 0.445)
(0.02125 -0.018504809 0.445)
(0.025 -0.0175 0.445)
(0.02875 -0.018504809 0.445)
(0.031495191 -0.02125 0.445)
(-0.031004809 -0.00375 0.445)
(-0.03375 -0.0064951905 0.445)
(-0.0375 -0.0075 0.445)
(-0.04125 -0.0064951905 0.445)
(-0.043995191 -0.00375 0.445)
(-0.045 4.2380213e-17 0.445)
(-0.043995191 0.00375 0.445)
(-0.04125 0.0064951905 0.445)
(-0.0375 0.0075 0.445)
(-0.03375 0.0064951905 0.445)
(-0.031004809 0.00375 0.445)
(-0.0060048095 -0.00375 0.445)
(-0.00875 -0.0064951905 0.445)
(-0.0125 -0.0075 0.445)
(-0.01625 -0.0064951905 0.445)
(-0.018995191 -0.00375 0.445)
(-0.02 4.2380213e-17 0.445)
(-0.018995191 0.00375 0.445)
(-0.01625 0.0064951905 0.445)
(-0.0125 0.0075 0.445)
(-0.00875 0.0064951905 0.445)
(-0.0060048095 0.00375 0.445)
(-0.018504809 0.02125 0.445)
(-0.02125 0.018504809 0.445)
(-0.025 0.0175 0.445)
(-0.02875 0.018504809 0.445)
(-0.031495191 0.02125 0.445)
(-0.0325 0.025 0.445)
(-0.031495191 0.02875 0.445)
(-0.02875 0.031495191 0.445)
(-0.025 0.0325 0.445)
(-0.02125 0.031495191 0.445)
(-0.018504809 0.02875 0.445)
(0.018995191 -0.00375 0.445)
(0.01625 -0.0064951905 0.445)
(0.0125 -0.0075 0.445)
(0.00875 -0.0064951905 0.445)
(0.0060048095 -0.00375 0.445)
(0.005 4.2380213e-17 0.445)
(0.0060048095 0.00375 0.445)
(0.00875 0.0064951905 0.445)
(0.0125 0.0075 0.445)
(0.01625 0.0064951905 0.445)
(0.018995191 0.00375 0.445)
(0.043995191 -0.00375 0.445)
(0.04125 -0.0064951905 0.445)
(0.0375 -0.0075 0.445)
(0.03375 -0.0064951905 0.445)
(0.031004809 -0.00375 0.445)
(0.03 4.2380213e-17 0.445)
(0.031004809 0.00375 0.445)
(0.03375 0.0064951905 0.445)
(0.0375 0.0075 0.445)
(0.04125 0.0064951905 0.445)
(0.043995191 0.00375 0.445)
(0.0064951905 0.02125 0.445)
(0.00375 0.018504809 0.445)
(-3.7843452e-17 0.0175 0.445)
(-0.00375 0.018504809 0.445)
(-0.0064951905 0.02125 0.445)
(-0.0075 0.025 0.445)
(-0.0064951905 0.02875 0.445)
(-0.00375 0.031495191 0.445)
(3.8590301e-17 0.0325 0.445)
(0.00375 0.031495191 0.445)
(0.0064951905 0.02875 0.445)
(0.031495191 0.02125 0.445)
(0.02875 0.018504809 0.445)
(0.025 0.0175 0.445)
(0.02125 0.018504809 0.445)
(0.018504809 0.02125 0.445)
(0.0175 0.025 0.445)
(0.018504809 0.02875 0.445)
(0.02125 0.031495191 0.445)
(0.025 0.0325 0.445)
(0.02875 0.031495191 0.445)
(0.031495191 0.02875 0.445)
(-0.0175 -0.025 0.44833333)
(-0.0175 -0.025 0.45166667)
(0.0075 -0.025 0.44833333)
(0.0075 -0.025 0.45166667)
(0.0325 -0.025 0.44833333)
(0.0325 -0.025 0.45166667)
(-0.03 0 0.44833333)
(-0.03 0 0.45166667)
(-0.005 0 0.44833333)
(-0.005 0 0.45166667)
(-0.0175 0.025 0.44833333)
(-0.0175 0.025 0.45166667)
(0.02 0 0.44833333)
(0.02 0 0.45166667)
(0.045 0 0.44833333)
(0.045 0 0.45166667)
(0.0075 0.025 0.44833333)
(0.0075 0.025 0.45166667)
(0.0325 0.025 0.44833333)
(0.0325 0.025 0.45166667)
(0.018504809 -0.02125 0.133)
(0.02125 -0.018504809 0.133)
(0.025 -0.0175 0.133)
(0.02875 -0.018504809 0.133)
(0.031495191 -0.02125 0.133)
(-0.0064951905 -0.02125 0.133)
(-0.00375 -0.018504809 0.133)
(1.8606287e-17 -0.0175 0.133)
(0.00375 -0.018504809 0.133)
(0.0064951905 -0.02125 0.133)
(-0.031495191 -0.02125 0.133)
(-0.02875 -0.018504809 0.133)
(-0.025 -0.0175 0.133)
(-0.02125 -0.018504809 0.133)
(-0.018504809 -0.02125 0.133)
(-0.031004809 -0.00375 0.133)
(-0.03375 -0.0064951905 0.133)
(-0.0375 -0.0075 0.133)
(-0.04125 -0.0064951905 0.133)
(-0.043995191 -0.00375 0.133)
(-0.045 4.2380213e-17 0.133)
(-0.043995191 0.00375 0.133)
(-0.04125 0.0064951905 0.133)
(-0.0375 0.0075 0.133)
(-0.03375 0.0064951905 0.133)
(-0.031004809 0.00375 0.133)
(-0.0060048095 -0.00375 0.133)
(-0.00875 -0.0064951905 0.133)
(-0.0125 -0.0075 0.133)
(-0.01625 -0.0064951905 0.133)
(-0.018995191 -0.00375 0.133)
(-0.02 4.2380213e-17 0.133)
(-0.018995191 0.00375 0.133)
(-0.01625 0.0064951905 0.133)
(-0.0125 0.0075 0.133)
(-0.00875 0.0064951905 0.133)
(-0.0060048095 0.00375 0.133)
(0.018995191 -0.00375 0.133)
(0.01625 -0.0064951905 0.133)
(0.0125 -0.0075 0.133)
(0.00875 -0.0064951905 0.133)
(0.0060048095 -0.00375 0.133)
(0.005 4.2380213e-17 0.133)
(0.0060048095 0.00375 0.133)
(0.00875 0.0064951905 0.133)
(0.0125 0.0075 0.133)
(0.01625 0.0064951905 0.133)
(0.018995191 0.00375 0.133)
(0.043995191 -0.00375 0.133)
(0.04125 -0.0064951905 0.133)
(0.0375 -0.0075 0.133)
(0.03375 -0.0064951905 0.133)
(0.031004809 -0.00375 0.133)
(0.03 4.2380213e-17 0.133)
(0.031004809 0.00375 0.133)
(0.03375 0.0064951905 0.133)
(0.0375 0.0075 0.133)
(0.04125 0.0064951905 0.133)
(0.043995191 0.00375 0.133)
(-0.018504809 0.02125 0.133)
(-0.02125 0.018504809 0.133)
(-0.025 0.0175 0.133)
(-0.02875 0.018504809 0.133)
(-0.031495191 0.02125 0.133)
(-0.0325 0.025 0.133)
(-0.031495191 0.02875 0.133)
(-0.02875 0.031495191 0.133)
(-0.025 0.0325 0.133)
(-0.02125 0.031495191 0.133)
(-0.018504809 0.02875 0.133)
(0.0064951905 0.02125 0.133)
(0.00375 0.018504809 0.133)
(-3.7843452e-17 0.0175 0.133)
(-0.00375 0.018504809 0.133)
(-0.0064951905 0.02125 0.133)
(-0.0075 0.025 0.133)
(-0.0064951905 0.02875 0.133)
(-0.00375 0.031495191 0.133)
(3.8590301e-17 0.0325 0.133)
(0.00375 0.031495191 0.133)
(0.0064951905 0.02875 0.133)
(0.031495191 0.02125 0.133)
(0.02875 0.018504809 0.133)
(0.025 0.0175 0.133)
(0.02125 0.018504809 0.133)
(0.018504809 0.02125 0.133)
(0.0175 0.025 0.133)
(0.018504809 0.02875 0.133)
(0.02125 0.031495191 0.133)
(0.025 0.0325 0.133)
(0.02875 0.031495191 0.133)
(0.031495191 0.02875 0.133)
(0.0325 -0.025 0.13633333)
(0.0325 -0.025 0.13966667)
(0.018504809 -0.02125 0.143)
(0.02125 -0.018504809 0.143)
(0.025 -0.0175 0.143)
(0.02875 -0.018504809 0.143)
(0.031495191 -0.02125 0.143)
(-0.0064951905 -0.02125 0.143)
(-0.00375 -0.018504809 0.143)
(1.8606287e-17 -0.0175 0.143)
(0.00375 -0.018504809 0.143)
(0.0064951905 -0.02125 0.143)
(-0.031495191 -0.02125 0.143)
(-0.02875 -0.018504809 0.143)
(-0.025 -0.0175 0.143)
(-0.02125 -0.018504809 0.143)
(-0.018504809 -0.02125 0.143)
(-0.031004809 -0.00375 0.143)
(-0.03375 -0.0064951905 0.143)
(-0.0375 -0.0075 0.143)
(-0.04125 -0.0064951905 0.143)
(-0.043995191 -0.00375 0.143)
(-0.045 4.2380213e-17 0.143)
(-0.043995191 0.00375 0.143)
(-0.04125 0.0064951905 0.143)
(-0.0375 0.0075 0.143)
(-0.03375 0.0064951905 0.143)
(-0.031004809 0.00375 0.143)
(-0.0060048095 -0.00375 0.143)
(-0.00875 -0.0064951905 0.143)
(-0.0125 -0.0075 0.143)
(-0.01625 -0.0064951905 0.143)
(-0.018995191 -0.00375 0.143)
(-0.02 4.2380213e-17 0.143)
(-0.018995191 0.00375 0.143)
(-0.01625 0.0064951905 0.143)
(-0.0125 0.0075 0.143)
(-0.00875 0.0064951905 0.143)
(-0.0060048095 0.00375 0.143)
(0.018995191 -0.00375 0.143)
(0.01625 -0.0064951905 0.143)
(0.0125 -0.0075 0.143)
(0.00875 -0.0064951905 0.143)
(0.0060048095 -0.00375 0.143)
(0.005 4.2380213e-17 0.143)
(0.0060048095 0.00375 0.143)
(0.00875 0.0064951905 0.143)
(0.0125 0.0075 0.143)
(0.01625 0.0064951905 0.143)
(0.018995191 0.00375 0.143)
(0.043995191 -0.00375 0.143)
(0.04125 -0.0064951905 0.143)
(0.0375 -0.0075 0.143)
(0.03375 -0.0064951905 0.143)
(0.031004809 -0.00375 0.143)
(0.03 4.2380213e-17 0.143)
(0.031004809 0.00375 0.143)
(0.03375 0.0064951905 0.143)
(0.0375 0.0075 0.143)
(0.04125 0.0064951905 0.143)
(0.043995191 0.00375 0.143)
(-0.018504809 0.02125 0.143)
(-0.02125 0.018504809 0.143)
(-0.025 0.0175 0.143)
(-0.02875 0.018504809 0.143)
(-0.031495191 0.02125 0.143)
(-0.0325 0.025 0.143)
(-0.031495191 0.02875 0.143)
(-0.02875 0.031495191 0.143)
(-0.025 0.0325 0.143)
(-0.02125 0.031495191 0.143)
(-0.018504809 0.02875 0.143)
(0.0064951905 0.02125 0.143)
(0.00375 0.018504809 0.143)
(-3.7843452e-17 0.0175 0.143)
(-0.00375 0.018504809 0.143)
(-0.0064951905 0.02125 0.143)
(-0.0075 0.025 0.143)
(-0.0064951905 0.02875 0.143)
(-0.00375 0.031495191 0.143)
(3.8590301e-17 0.0325 0.143)
(0.00375 0.031495191 0.143)
(0.0064951905 0.02875 0.143)
(0.031495191 0.02125 0.143)
(0.02875 0.018504809 0.143)
(0.025 0.0175 0.143)
(0.02125 0.018504809 0.143)
(0.018504809 0.02125 0.143)
(0.0175 0.025 0.143)
(0.018504809 0.02875 0.143)
(0.02125 0.031495191 0.143)
(0.025 0.0325 0.143)
(0.02875 0.031495191 0.143)
(0.031495191 0.02875 0.143)
(-0.0325 -0.025 0.13966667)
(-0.0325 -0.025 0.13633333)
(0.0175 -0.025 0.13966667)
(0.0175 -0.025 0.13633333)
(0.0075 -0.025 0.13633333)
(0.0075 -0.025 0.13966667)
(-0.0075 -0.025 0.13966667)
(-0.0075 -0.025 0.13633333)
(-0.0175 -0.025 0.13633333)
(-0.0175 -0.025 0.13966667)
(-0.03 0 0.13633333)
(-0.03 0 0.13966667)
(-0.005 0 0.13633333)
(-0.005 0 0.13966667)
(0.02 0 0.13633333)
(0.02 0 0.13966667)
(0.045 0 0.13633333)
(0.045 0 0.13966667)
(-0.0175 0.025 0.13633333)
(-0.0175 0.025 0.13966667)
(0.0075 0.025 0.13633333)
(0.0075 0.025 0.13966667)
(0.0325 0.025 0.13633333)
(0.0325 0.025 0.13966667)
(-0.018504809 0.02125 0.211)
(-0.02125 0.018504809 0.211)
(-0.025 0.0175 0.211)
(-0.02875 0.018504809 0.211)
(-0.031495191 0.02125 0.211)
(0.0064951905 0.02125 0.211)
(0.00375 0.018504809 0.211)
(-4.5367611e-18 0.0175 0.211)
(-0.00375 0.018504809 0.211)
(-0.0064951905 0.02125 0.211)
(0.031495191 0.02125 0.211)
(0.02875 0.018504809 0.211)
(0.025 0.0175 0.211)
(0.02125 0.018504809 0.211)
(0.018504809 0.02125 0.211)
(-0.018504809 -0.02875 0.211)
(-0.02125 -0.031495191 0.211)
(-0.025 -0.0325 0.211)
(-0.02875 -0.031495191 0.211)
(-0.031495191 -0.02875 0.211)
(-0.0325 -0.025 0.211)
(-0.031495191 -0.02125 0.211)
(-0.02875 -0.018504809 0.211)
(-0.025 -0.0175 0.211)
(-0.02125 -0.018504809 0.211)
(-0.018504809 -0.02125 0.211)
(0.0064951905 -0.02875 0.211)
(0.00375 -0.031495191 0.211)
(-3.7843452e-17 -0.0325 0.211)
(-0.00375 -0.031495191 0.211)
(-0.0064951905 -0.02875 0.211)
(-0.0075 -0.025 0.211)
(-0.0064951905 -0.02125 0.211)
(-0.00375 -0.018504809 0.211)
(3.8590301e-17 -0.0175 0.211)
(0.00375 -0.018504809 0.211)
(0.0064951905 -0.02125 0.211)
(0.031495191 -0.02875 0.211)
(0.02875 -0.031495191 0.211)
(0.025 -0.0325 0.211)
(0.02125 -0.031495191 0.211)
(0.018504809 -0.02875 0.211)
(0.0175 -0.025 0.211)
(0.018504809 -0.02125 0.211)
(0.02125 -0.018504809 0.211)
(0.025 -0.0175 0.211)
(0.02875 -0.018504809 0.211)
(0.031495191 -0.02125 0.211)
(-0.031004809 -0.00375 0.211)
(-0.03375 -0.0064951905 0.211)
(-0.0375 -0.0075 0.211)
(-0.04125 -0.0064951905 0.211)
(-0.043995191 -0.00375 0.211)
(-0.045 4.2380213e-17 0.211)
(-0.043995191 0.00375 0.211)
(-0.04125 0.0064951905 0.211)
(-0.0375 0.0075 0.211)
(-0.03375 0.0064951905 0.211)
(-0.031004809 0.00375 0.211)
(-0.0060048095 -0.00375 0.211)
(-0.00875 -0.0064951905 0.211)
(-0.0125 -0.0075 0.211)
(-0.01625 -0.0064951905 0.211)
(-0.018995191 -0.00375 0.211)
(-0.02 4.2380213e-17 0.211)
(-0.018995191 0.00375 0.211)
(-0.01625 0.0064951905 0.211)
(-0.0125 0.0075 0.211)
(-0.00875 0.0064951905 0.211)
(-0.0060048095 0.00375 0.211)
(0.018995191 -0.00375 0.211)
(0.01625 -0.0064951905 0.211)
(0.0125 -0.0075 0.211)
(0.00875 -0.0064951905 0.211)
(0.0060048095 -0.00375 0.211)
(0.005 4.2380213e-17 0.211)
(0.0060048095 0.00375 0.211)
(0.00875 0.0064951905 0.211)
(0.0125 0.0075 0.211)
(0.01625 0.0064951905 0.211)
(0.018995191 0.00375 0.211)
(0.043995191 -0.00375 0.211)
(0.04125 -0.0064951905 0.211)
(0.0375 -0.0075 0.211)
(0.03375 -0.0064951905 0.211)
(0.031004809 -0.00375 0.211)
(0.03 4.2380213e-17 0.211)
(0.031004809 0.00375 0.211)
(0.03375 0.0064951905 0.211)
(0.0375 0.0075 0.211)
(0.04125 0.0064951905 0.211)
(0.043995191 0.00375 0.211)
(-0.0325 0.025 0.21766667)
(-0.0325 0.025 0.21433333)
(-0.018504809 0.02125 0.221)
(-0.02125 0.018504809 0.221)
(-0.025 0.0175 0.221)
(-0.02875 0.018504809 0.221)
(-0.031495191 0.02125 0.221)
(0.0064951905 0.02125 0.221)
(0.00375 0.018504809 0.221)
(-4.5367611e-18 0.0175 0.221)
(-0.00375 0.018504809 0.221)
(-0.0064951905 0.02125 0.221)
(0.031495191 0.02125 0.221)
(0.02875 0.018504809 0.221)
(0.025 0.0175 0.221)
(0.02125 0.018504809 0.221)
(0.018504809 0.02125 0.221)
(-0.018504809 -0.02875 0.221)
(-0.02125 -0.031495191 0.221)
(-0.025 -0.0325 0.221)
(-0.02875 -0.031495191 0.221)
(-0.031495191 -0.02875 0.221)
(-0.0325 -0.025 0.221)
(-0.031495191 -0.02125 0.221)
(-0.02875 -0.018504809 0.221)
(-0.025 -0.0175 0.221)
(-0.02125 -0.018504809 0.221)
(-0.018504809 -0.02125 0.221)
(0.0064951905 -0.02875 0.221)
(0.00375 -0.031495191 0.221)
(-3.7843452e-17 -0.0325 0.221)
(-0.00375 -0.031495191 0.221)
(-0.0064951905 -0.02875 0.221)
(-0.0075 -0.025 0.221)
(-0.0064951905 -0.02125 0.221)
(-0.00375 -0.018504809 0.221)
(3.8590301e-17 -0.0175 0.221)
(0.00375 -0.018504809 0.221)
(0.0064951905 -0.02125 0.221)
(0.031495191 -0.02875 0.221)
(0.02875 -0.031495191 0.221)
(0.025 -0.0325 0.221)
(0.02125 -0.031495191 0.221)
(0.018504809 -0.02875 0.221)
(0.0175 -0.025 0.221)
(0.018504809 -0.02125 0.221)
(0.02125 -0.018504809 0.221)
(0.025 -0.0175 0.221)
(0.02875 -0.018504809 0.221)
(0.031495191 -0.02125 0.221)
(-0.031004809 -0.00375 0.221)
(-0.03375 -0.0064951905 0.221)
(-0.0375 -0.0075 0.221)
(-0.04125 -0.0064951905 0.221)
(-0.043995191 -0.00375 0.221)
(-0.045 4.2380213e-17 0.221)
(-0.043995191 0.00375 0.221)
(-0.04125 0.0064951905 0.221)
(-0.0375 0.0075 0.221)
(-0.03375 0.0064951905 0.221)
(-0.031004809 0.00375 0.221)
(-0.0060048095 -0.00375 0.221)
(-0.00875 -0.0064951905 0.221)
(-0.0125 -0.0075 0.221)
(-0.01625 -0.0064951905 0.221)
(-0.018995191 -0.00375 0.221)
(-0.02 4.2380213e-17 0.221)
(-0.018995191 0.00375 0.221)
(-0.01625 0.0064951905 0.221)
(-0.0125 0.0075 0.221)
(-0.00875 0.0064951905 0.221)
(-0.0060048095 0.00375 0.221)
(0.018995191 -0.00375 0.221)
(0.01625 -0.0064951905 0.221)
(0.0125 -0.0075 0.221)
(0.00875 -0.0064951905 0.221)
(0.0060048095 -0.00375 0.221)
(0.005 4.2380213e-17 0.221)
(0.0060048095 0.00375 0.221)
(0.00875 0.0064951905 0.221)
(0.0125 0.0075 0.221)
(0.01625 0.0064951905 0.221)
(0.018995191 0.00375 0.221)
(0.043995191 -0.00375 0.221)
(0.04125 -0.0064951905 0.221)
(0.0375 -0.0075 0.221)
(0.03375 -0.0064951905 0.221)
(0.031004809 -0.00375 0.221)
(0.03 4.2380213e-17 0.221)
(0.031004809 0.00375 0.221)
(0.03375 0.0064951905 0.221)
(0.0375 0.0075 0.221)
(0.04125 0.0064951905 0.221)
(0.043995191 0.00375 0.221)
(0.0325 0.025 0.21433333)
(0.0325 0.025 0.21766667)
(-0.0175 0.025 0.21433333)
(-0.0175 0.025 0.21766667)
(-0.0075 0.025 0.21766667)
(-0.0075 0.025 0.21433333)
(0.0075 0.025 0.21433333)
(0.0075 0.025 0.21766667)
(0.0175 0.025 0.21766667)
(0.0175 0.025 0.21433333)
(-0.0175 -0.025 0.21433333)
(-0.0175 -0.025 0.21766667)
(0.0075 -0.025 0.21433333)
(0.0075 -0.025 0.21766667)
(0.0325 -0.025 0.21433333)
(0.0325 -0.025 0.21766667)
(-0.03 0 0.21433333)
(-0.03 0 0.21766667)
(-0.005 0 0.21433333)
(-0.005 0 0.21766667)
(0.02 0 0.21433333)
(0.02 0 0.21766667)
(0.045 0 0.21433333)
(0.045 0 0.21766667)
(0.018504809 -0.02125 0.289)
(0.02125 -0.018504809 0.289)
(0.025 -0.0175 0.289)
(0.02875 -0.018504809 0.289)
(0.031495191 -0.02125 0.289)
(-0.0064951905 -0.02125 0.289)
(-0.00375 -0.018504809 0.289)
(1.8606287e-17 -0.0175 0.289)
(0.00375 -0.018504809 0.289)
(0.0064951905 -0.02125 0.289)
(-0.031495191 -0.02125 0.289)
(-0.02875 -0.018504809 0.289)
(-0.025 -0.0175 0.289)
(-0.02125 -0.018504809 0.289)
(-0.018504809 -0.02125 0.289)
(-0.031004809 -0.00375 0.289)
(-0.03375 -0.0064951905 0.289)
(-0.0375 -0.0075 0.289)
(-0.04125 -0.0064951905 0.289)
(-0.043995191 -0.00375 0.289)
(-0.045 4.2380213e-17 0.289)
(-0.043995191 0.00375 0.289)
(-0.04125 0.0064951905 0.289)
(-0.0375 0.0075 0.289)
(-0.03375 0.0064951905 0.289)
(-0.031004809 0.00375 0.289)
(-0.0060048095 -0.00375 0.289)
(-0.00875 -0.0064951905 0.289)
(-0.0125 -0.0075 0.289)
(-0.01625 -0.0064951905 0.289)
(-0.018995191 -0.00375 0.289)
(-0.02 4.2380213e-17 0.289)
(-0.018995191 0.00375 0.289)
(-0.01625 0.0064951905 0.289)
(-0.0125 0.0075 0.289)
(-0.00875 0.0064951905 0.289)
(-0.0060048095 0.00375 0.289)
(0.018995191 -0.00375 0.289)
(0.01625 -0.0064951905 0.289)
(0.0125 -0.0075 0.289)
(0.00875 -0.0064951905 0.289)
(0.0060048095 -0.00375 0.289)
(0.005 4.2380213e-17 0.289)
(0.0060048095 0.00375 0.289)
(0.00875 0.0064951905 0.289)
(0.0125 0.0075 0.289)
(0.01625 0.0064951905 0.289)
(0.018995191 0.00375 0.289)
(0.043995191 -0.00375 0.289)
(0.04125 -0.0064951905 0.289)
(0.0375 -0.0075 0.289)
(0.03375 -0.0064951905 0.289)
(0.031004809 -0.00375 0.289)
(0.03 4.2380213e-17 0.289)
(0.031004809 0.00375 0.289)
(0.03375 0.0064951905 0.289)
(0.0375 0.0075 0.289)
(0.04125 0.0064951905 0.289)
(0.043995191 0.00375 0.289)
(-0.018504809 0.02125 0.289)
(-0.02125 0.018504809 0.289)
(-0.025 0.0175 0.289)
(-0.02875 0.018504809 0.289)
(-0.031495191 0.02125 0.289)
(-0.0325 0.025 0.289)
(-0.031495191 0.02875 0.289)
(-0.02875 0.031495191 0.289)
(-0.025 0.0325 0.289)
(-0.02125 0.031495191 0.289)
(-0.018504809 0.02875 0.289)
(0.0064951905 0.02125 0.289)
(0.00375 0.018504809 0.289)
(-3.7843452e-17 0.0175 0.289)
(-0.00375 0.018504809 0.289)
(-0.0064951905 0.02125 0.289)
(-0.0075 0.025 0.289)
(-0.0064951905 0.02875 0.289)
(-0.00375 0.031495191 0.289)
(3.8590301e-17 0.0325 0.289)
(0.00375 0.031495191 0.289)
(0.0064951905 0.02875 0.289)
(0.031495191 0.02125 0.289)
(0.02875 0.018504809 0.289)
(0.025 0.0175 0.289)
(0.02125 0.018504809 0.289)
(0.018504809 0.02125 0.289)
(0.0175 0.025 0.289)
(0.018504809 0.02875 0.289)
(0.02125 0.031495191 0.289)
(0.025 0.0325 0.289)
(0.02875 0.031495191 0.289)
(0.031495191 0.02875 0.289)
(0.0325 -0.025 0.29233333)
(0.0325 -0.025 0.29566667)
(0.018504809 -0.02125 0.299)
(0.02125 -0.018504809 0.299)
(0.025 -0.0175 0.299)
(0.02875 -0.018504809 0.299)
(0.031495191 -0.02125 0.299)
(-0.0064951905 -0.02125 0.299)
(-0.00375 -0.018504809 0.299)
(1.8606287e-17 -0.0175 0.299)
(0.00375 -0.018504809 0.299)
(0.0064951905 -0.02125 0.299)
(-0.031495191 -0.02125 0.299)
(-0.02875 -0.018504809 0.299)
(-0.025 -0.0175 0.299)
(-0.02125 -0.018504809 0.299)
(-0.018504809 -0.02125 0.299)
(-0.031004809 -0.00375 0.299)
(-0.03375 -0.0064951905 0.299)
(-0.0375 -0.0075 0.299)
(-0.04125 -0.0064951905 0.299)
(-0.043995191 -0.00375 0.299)
(-0.045 4.2380213e-17 0.299)
(-0.043995191 0.00375 0.299)
(-0.04125 0.0064951905 0.299)
(-0.0375 0.0075 0.299)
(-0.03375 0.0064951905 0.299)
(-0.031004809 0.00375 0.299)
(-0.0060048095 -0.00375 0.299)
(-0.00875 -0.0064951905 0.299)
(-0.0125 -0.0075 0.299)
(-0.01625 -0.0064951905 0.299)
(-0.018995191 -0.00375 0.299)
(-0.02 4.2380213e-17 0.299)
(-0.018995191 0.00375 0.299)
(-0.01625 0.0064951905 0.299)
(-0.0125 0.0075 0.299)
(-0.00875 0.0064951905 0.299)
(-0.0060048095 0.00375 0.299)
(0.018995191 -0.00375 0.299)
(0.01625 -0.0064951905 0.299)
(0.0125 -0.0075 0.299)
(0.00875 -0.0064951905 0.299)
(0.0060048095 -0.00375 0.299)
(0.005 4.2380213e-17 0.299)
(0.0060048095 0.00375 0.299)
(0.00875 0.0064951905 0.299)
(0.0125 0.0075 0.299)
(0.01625 0.0064951905 0.299)
(0.018995191 0.00375 0.299)
(0.043995191 -0.00375 0.299)
(0.04125 -0.0064951905 0.299)
(0.0375 -0.0075 0.299)
(0.03375 -0.0064951905 0.299)
(0.031004809 -0.00375 0.299)
(0.03 4.2380213e-17 0.299)
(0.031004809 0.00375 0.299)
(0.03375 0.0064951905 0.299)
(0.0375 0.0075 0.299)
(0.04125 0.0064951905 0.299)
(0.043995191 0.00375 0.299)
(-0.018504809 0.02125 0.299)
(-0.02125 0.018504809 0.299)
(-0.025 0.0175 0.299)
(-0.02875 0.018504809 0.299)
(-0.031495191 0.02125 0.299)
(-0.0325 0.025 0.299)
(-0.031495191 0.02875 0.299)
(-0.02875 0.031495191 0.299)
(-0.025 0.0325 0.299)
(-0.02125 0.031495191 0.299)
(-0.018504809 0.02875 0.299)
(0.0064951905 0.02125 0.299)
(0.00375 0.018504809 0.299)
(-3.7843452e-17 0.0175 0.299)
(-0.00375 0.018504809 0.299)
(-0.0064951905 0.02125 0.299)
(-0.0075 0.025 0.299)
(-0.0064951905 0.02875 0.299)
(-0.00375 0.031495191 0.299)
(3.8590301e-17 0.0325 0.299)
(0.00375 0.031495191 0.299)
(0.0064951905 0.02875 0.299)
(0.031495191 0.02125 0.299)
(0.02875 0.018504809 0.299)
(0.025 0.0175 0.299)
(0.02125 0.018504809 0.299)
(0.018504809 0.02125 0.299)
(0.0175 0.025 0.299)
(0.018504809 0.02875 0.299)
(0.02125 0.031495191 0.299)
(0.025 0.0325 0.299)
(0.02875 0.031495191 0.299)
(0.031495191 0.02875 0.299)
(-0.0325 -0.025 0.29566667)
(-0.0325 -0.025 0.29233333)
(0.0175 -0.025 0.29566667)
(0.0175 -0.025 0.29233333)
(0.0075 -0.025 0.29233333)
(0.0075 -0.025 0.29566667)
(-0.0075 -0.025 0.29566667)
(-0.0075 -0.025 0.29233333)
(-0.0175 -0.025 0.29233333)
(-0.0175 -0.025 0.29566667)
(-0.03 0 0.29233333)
(-0.03 0 0.29566667)
(-0.005 0 0.29233333)
(-0.005 0 0.29566667)
(0.02 0 0.29233333)
(0.02 0 0.29566667)
(0.045 0 0.29233333)
(0.045 0 0.29566667)
(-0.0175 0.025 0.29233333)
(-0.0175 0.025 0.29566667)
(0.0075 0.025 0.29233333)
(0.0075 0.025 0.29566667)
(0.0325 0.025 0.29233333)
(0.0325 0.025 0.29566667)
(-0.018504809 0.02125 0.367)
(-0.02125 0.018504809 0.367)
(-0.025 0.0175 0.367)
(-0.02875 0.018504809 0.367)
(-0.031495191 0.02125 0.367)
(0.0064951905 0.02125 0.367)
(0.00375 0.018504809 0.367)
(-4.5367611e-18 0.0175 0.367)
(-0.00375 0.018504809 0.367)
(-0.0064951905 0.02125 0.367)
(0.031495191 0.02125 0.367)
(0.02875 0.018504809 0.367)
(0.025 0.0175 0.367)
(0.02125 0.018504809 0.367)
(0.018504809 0.02125 0.367)
(-0.018504809 -0.02875 0.367)
(-0.02125 -0.031495191 0.367)
(-0.025 -0.0325 0.367)
(-0.02875 -0.031495191 0.367)
(-0.031495191 -0.02875 0.367)
(-0.0325 -0.025 0.367)
(-0.031495191 -0.02125 0.367)
(-0.02875 -0.018504809 0.367)
(-0.025 -0.0175 0.367)
(-0.02125 -0.018504809 0.367)
(-0.018504809 -0.02125 0.367)
(0.0064951905 -0.02875 0.367)
(0.00375 -0.031495191 0.367)
(-3.7843452e-17 -0.0325 0.367)
(-0.00375 -0.031495191 0.367)
(-0.0064951905 -0.02875 0.367)
(-0.0075 -0.025 0.367)
(-0.0064951905 -0.02125 0.367)
(-0.00375 -0.018504809 0.367)
(3.8590301e-17 -0.0175 0.367)
(0.00375 -0.018504809 0.367)
(0.0064951905 -0.02125 0.367)
(0.031495191 -0.02875 0.367)
(0.02875 -0.031495191 0.367)
(0.025 -0.0325 0.367)
(0.02125 -0.031495191 0.367)
(0.018504809 -0.02875 0.367)
(0.0175 -0.025 0.367)
(0.018504809 -0.02125 0.367)
(0.02125 -0.018504809 0.367)
(0.025 -0.0175 0.367)
(0.02875 -0.018504809 0.367)
(0.031495191 -0.02125 0.367)
(-0.031004809 -0.00375 0.367)
(-0.03375 -0.0064951905 0.367)
(-0.0375 -0.0075 0.367)
(-0.04125 -0.0064951905 0.367)
(-0.043995191 -0.00375 0.367)
(-0.045 4.2380213e-17 0.367)
(-0.043995191 0.00375 0.367)
(-0.04125 0.0064951905 0.367)
(-0.0375 0.0075 0.367)
(-0.03375 0.0064951905 0.367)
(-0.031004809 0.00375 0.367)
(-0.0060048095 -0.00375 0.367)
(-0.00875 -0.0064951905 0.367)
(-0.0125 -0.0075 0.367)
(-0.01625 -0.0064951905 0.367)
(-0.018995191 -0.00375 0.367)
(-0.02 4.2380213e-17 0.367)
(-0.018995191 0.00375 0.367)
(-0.01625 0.0064951905 0.367)
(-0.0125 0.0075 0.367)
(-0.00875 0.0064951905 0.367)
(-0.0060048095 0.00375 0.367)
(0.018995191 -0.00375 0.367)
(0.01625 -0.0064951905 0.367)
(0.0125 -0.0075 0.367)
(0.00875 -0.0064951905 0.367)
(0.0060048095 -0.00375 0.367)
(0.005 4.2380213e-17 0.367)
(0.0060048095 0.00375 0.367)
(0.00875 0.0064951905 0.367)
(0.0125 0.0075 0.367)
(0.01625 0.0064951905 0.367)
(0.018995191 0.00375 0.367)
(0.043995191 -0.00375 0.367)
(0.04125 -0.0064951905 0.367)
(0.0375 -0.0075 0.367)
(0.03375 -0.0064951905 0.367)
(0.031004809 -0.00375 0.367)
(0.03 4.2380213e-17 0.367)
(0.031004809 0.00375 0.367)
(0.03375 0.0064951905 0.367)
(0.0375 0.0075 0.367)
(0.04125 0.0064951905 0.367)
(0.043995191 0.00375 0.367)
(-0.0325 0.025 0.37366667)
(-0.0325 0.025 0.37033333)
(-0.018504809 0.02125 0.377)
(-0.02125 0.018504809 0.377)
(-0.025 0.0175 0.377)
(-0.02875 0.018504809 0.377)
(-0.031495191 0.02125 0.377)
(0.0064951905 0.02125 0.377)
(0.00375 0.018504809 0.377)
(-4.5367611e-18 0.0175 0.377)
(-0.00375 0.018504809 0.377)
(-0.0064951905 0.02125 0.377)
(0.031495191 0.02125 0.377)
(0.02875 0.018504809 0.377)
(0.025 0.0175 0.377)
(0.02125 0.018504809 0.377)
(0.018504809 0.02125 0.377)
(-0.018504809 -0.02875 0.377)
(-0.02125 -0.031495191 0.377)
(-0.025 -0.0325 0.377)
(-0.02875 -0.031495191 0.377)
(-0.031495191 -0.02875 0.377)
(-0.0325 -0.025 0.377)
(-0.031495191 -0.02125 0.377)
(-0.02875 -0.018504809 0.377)
(-0.025 -0.0175 0.377)
(-0.02125 -0.018504809 0.377)
(-0.018504809 -0.02125 0.377)
(0.0064951905 -0.02875 0.377)
(0.00375 -0.031495191 0.377)
(-3.7843452e-17 -0.0325 0.377)
(-0.00375 -0.031495191 0.377)
(-0.0064951905 -0.02875 0.377)
(-0.0075 -0.025 0.377)
(-0.0064951905 -0.02125 0.377)
(-0.00375 -0.018504809 0.377)
(3.8590301e-17 -0.0175 0.377)
(0.00375 -0.018504809 0.377)
(0.0064951905 -0.02125 0.377)
(0.031495191 -0.02875 0.377)
(0.02875 -0.031495191 0.377)
(0.025 -0.0325 0.377)
(0.02125 -0.031495191 0.377)
(0.018504809 -0.02875 0.377)
(0.0175 -0.025 0.377)
(0.018504809 -0.02125 0.377)
(0.02125 -0.018504809 0.377)
(0.025 -0.0175 0.377)
(0.02875 -0.018504809 0.377)
(0.031495191 -0.02125 0.377)
(-0.031004809 -0.00375 0.377)
(-0.03375 -0.0064951905 0.377)
(-0.0375 -0.0075 0.377)
(-0.04125 -0.0064951905 0.377)
(-0.043995191 -0.00375 0.377)
(-0.045 4.2380213e-17 0.377)
(-0.043995191 0.00375 0.377)
(-0.04125 0.0064951905 0.377)
(-0.0375 0.0075 0.377)
(-0.03375 0.0064951905 0.377)
(-0.031004809 0.00375 0.377)
(-0.0060048095 -0.00375 0.377)
(-0.00875 -0.0064951905 0.377)
(-0.0125 -0.0075 0.377)
(-0.01625 -0.0064951905 0.377)
(-0.018995191 -0.00375 0.377)
(-0.02 4.2380213e-17 0.377)
(-0.018995191 0.00375 0.377)
(-0.01625 0.0064951905 0.377)
(-0.0125 0.0075 0.377)
(-0.00875 0.0064951905 0.377)
(-0.0060048095 0.00375 0.377)
(0.018995191 -0.00375 0.377)
(0.01625 -0.0064951905 0.377)
(0.0125 -0.0075 0.377)
(0.00875 -0.0064951905 0.377)
(0.0060048095 -0.00375 0.377)
(0.005 4.2380213e-17 0.377)
(0.0060048095 0.00375 0.377)
(0.00875 0.0064951905 0.377)
(0.0125 0.0075 0.377)
(0.01625 0.0064951905 0.377)
(0.018995191 0.00375 0.377)
(0.043995191 -0.00375 0.377)
(0.04125 -0.0064951905 0.377)
(0.0375 -0.0075 0.377)
(0.03375 -0.0064951905 0.377)
(0.031004809 -0.00375 0.377)
(0.03 4.2380213e-17 0.377)
(0.031004809 0.00375 0.377)
(0.03375 0.0064951905 0.377)
(0.0375 0.0075 0.377)
(0.04125 0.0064951905 0.377)
(0.043995191 0.00375 0.377)
(0.0325 0.025 0.37033333)
(0.0325 0.025 0.37366667)
(-0.0175 0.025 0.37033333)
(-0.0175 0.025 0.37366667)
(-0.0075 0.025 0.37366667)
(-0.0075 0.025 0.37033333)
(0.0075 0.025 0.37033333)
(0.0075 0.025 0.37366667)
(0.0175 0.025 0.37366667)
(0.0175 0.025 0.37033333)
(-0.0175 -0.025 0.37033333)
(-0.0175 -0.025 0.37366667)
(0.0075 -0.025 0.37033333)
(0.0075 -0.025 0.37366667)
(0.0325 -0.025 0.37033333)
(0.0325 -0.025 0.37366667)
(-0.03 0 0.37033333)
(-0.03 0 0.37366667)
(-0.005 0 0.37033333)
(-0.005 0 0.37366667)
(0.02 0 0.37033333)
(0.02 0 0.37366667)
(0.045 0 0.37033333)
(0.045 0 0.37366667)
(0.048296291 -0.012940952 0.133)
(0.048296291 -0.012940952 0.143)
(-0.05 -1.7799096e-15 0.211)
(-0.04330127 -0.025 0.211)
(-0.025 -0.04330127 0.211)
(1.2789769e-15 -0.05 0.211)
(0.025 -0.04330127 0.211)
(0.04330127 -0.025 0.211)
(0.04330127 -0.025 0.221)
(0.025 -0.04330127 0.221)
(1.588063e-15 -0.05 0.221)
(-0.025 -0.04330127 0.221)
(-0.04330127 -0.025 0.221)
(-0.05 -2.0392577e-15 0.221)
(0.048296291 -0.012940952 0.289)
(0.048296291 -0.012940952 0.299)
(-0.05 -1.7799096e-15 0.367)
(-0.04330127 -0.025 0.367)
(-0.025 -0.04330127 0.367)
(1.2789769e-15 -0.05 0.367)
(0.025 -0.04330127 0.367)
(0.04330127 -0.025 0.367)
(0.04330127 -0.025 0.377)
(0.025 -0.04330127 0.377)
(1.588063e-15 -0.05 0.377)
(-0.025 -0.04330127 0.377)
(-0.04330127 -0.025 0.377)
(-0.05 -2.0392577e-15 0.377)
(0.048296291 0.012940952 0.377)
(0.048296291 0.012940952 0.367)
(-0.05 1.7834623e-15 0.299)
(-0.04330127 0.025 0.299)
(-0.025 0.04330127 0.299)
(1.2789769e-15 0.05 0.299)
(0.025 0.04330127 0.299)
(0.04330127 0.025 0.299)
(0.04330127 0.025 0.289)
(0.025 0.04330127 0.289)
(1.3677948e-15 0.05 0.289)
(-0.025 0.04330127 0.289)
(-0.04330127 0.025 0.289)
(-0.05 1.6413537e-15 0.289)
(0.048296291 0.012940952 0.221)
(0.048296291 0.012940952 0.211)
(-0.05 1.7834623e-15 0.143)
(-0.04330127 0.025 0.143)
(-0.025 0.04330127 0.143)
(1.2789769e-15 0.05 0.143)
(0.025 0.04330127 0.143)
(0.04330127 0.025 0.143)
(0.04330127 0.025 0.133)
(0.025 0.04330127 0.133)
(1.3677948e-15 0.05 0.133)
(-0.025 0.04330127 0.133)
(-0.04330127 0.025 0.133)
(-0.05 1.6413537e-15 0.133)
(0.04330127 0.025 0.055)
(0.025 0.04330127 0.055)
(-2.5228968e-16 0.05 0.055)
(-0.025 0.04330127 0.055)
(-0.04330127 0.025 0.055)
(-0.05 -2.8253475e-16 0.055)
(-0.04330127 -0.025 0.055)
(-0.025 -0.04330127 0.055)
(2.5726867e-16 -0.05 0.055)
(0.025 -0.04330127 0.055)
(0.04330127 -0.025 0.055)
(0.05 0 0.06)
(0.05 0 0.138)
(0.05 0 0.216)
(0.05 0 0.294)
(0.05 0 0.372)
(0.05 0 0.45)
(0.04330127 0.025 0.455)
(0.025 0.04330127 0.455)
(-2.5228968e-16 0.05 0.455)
(-0.025 0.04330127 0.455)
(-0.04330127 0.025 0.455)
(-0.05 -2.8253475e-16 0.455)
(-0.04330127 -0.025 0.455)
(-0.025 -0.04330127 0.455)
(2.5726867e-16 -0.05 0.455)
(0.025 -0.04330127 0.455)
(0.04330127 -0.025 0.455)
(0.017087074 0.031954329 0.065)
(-0.0071338648 0.032197748 0.065)
(-0.017087074 -0.031954329 0.065)
(0.0071338648 -0.032197748 0.065)
(-0.0076766597 0.01759246 0.065)
(0.01732334 0.01759246 0.065)
(-0.032447663 0.017686269 0.065)
(-0.02 -0.0075 0.065)
(0.029818282 -0.0073850961 0.065)
(0.0048233403 -0.00740754 0.065)
(-0.01742888 -0.017284158 0.065)
(0.0075711202 -0.017284158 0.065)
(0.0325 -0.0175 0.065)
(-0.02992888 0.0077158417 0.065)
(-0.0049288798 0.0077158417 0.065)
(0.020087601 0.0077389458 0.065)
(-0.0175 0.0175 0.065)
(-0.03025274 -0.0077517636 0.065)
(-0.005 -0.0075 0.065)
(0.0075 0.0175 0.065)
(0.030338233 0.0076223602 0.065)
(0.02 -0.0075 0.065)
(-0.0075 -0.0175 0.065)
(-0.02 0.0075 0.065)
(0.032239624 0.01737365 0.065)
(-0.032239624 -0.01737365 0.065)
(0.005 0.0075 0.065)
(0.0175 -0.0175 0.065)
(0.0088070911 0.031952754 0.065)
(-0.016851061 0.032310466 0.065)
(-0.0088070911 -0.031952754 0.065)
(0.016851061 -0.032310466 0.065)
(0.004339402 0.035115709 0.065)
(-0.004339402 -0.035115709 0.065)
(-0.0022274137 0.035255125 0.065)
(0.0022274137 -0.035255125 0.065)
(0.037690804 0.010482609 0.065)
(-0.037690804 -0.010482609 0.065)
(-0.010245191 -0.022254809 0.065)
(0.014754809 -0.022254809 0.065)
(-0.010448681 0.027808389 0.065)
(0.014440025 0.027773615 0.065)
(0.0021496622 0.002765051 0.065)
(-0.022745191 0.0027451905 0.065)
(0.027531328 0.0026159418 0.065)
(-0.026912021 -0.0025901392 0.065)
(0.023183647 -0.0024600122 0.065)
(-0.014440025 -0.027773615 0.065)
(-0.0017469721 -0.0024104443 0.065)
(-0.014754809 0.022254809 0.065)
(0.010448681 -0.027808389 0.065)
(0.010245191 0.022254809 0.065)
(-0.0095987128 0.010333733 0.065)
(0.015401287 0.010333733 0.065)
(0.027886686 -0.014607767 0.065)
(-0.022169563 -0.014886514 0.065)
(0.0029012872 -0.014666267 0.065)
(-0.034754809 0.010245191 0.065)
(-0.037891329 0.010899915 0.065)
(-0.015467233 -0.010563099 0.065)
(0.0096760971 -0.010364167 0.065)
(0.034754809 -0.010245191 0.065)
(0.037891329 -0.010899915 0.065)
(-0.0028239029 0.014635833 0.065)
(0.022084807 0.014765318 0.065)
(-0.027829355 0.01462639 0.065)
(-0.027745191 -0.014754809 0.065)
(0.022198914 -0.014207732 0.065)
(-0.015301627 0.010792141 0.065)
(-0.0028016269 -0.014207859 0.065)
(0.0096983731 0.010792141 0.065)
(0.027745191 0.014754809 0.065)
(-0.022254809 0.014754809 0.065)
(0.0027451905 0.014754809 0.065)
(-0.0097548095 -0.010245191 0.065)
(0.015245191 -0.010245191 0.065)
(0.0058253759 -0.038333236 0.065)
(-0.0058253759 0.038333236 0.065)
(-0.02571569 -0.0068036743 0.065)
(-0.033636151 -0.010175194 0.065)
(0.033648364 0.010156708 0.065)
(0.013066807 0.031124646 0.065)
(0.011163268 0.037657269 0.065)
(0.020331596 0.035567659 0.065)
(-0.013066807 -0.031124646 0.065)
(-0.011163268 -0.037657269 0.065)
(-0.020331596 -0.035567659 0.065)
(-0.011534252 0.032788198 0.065)
(0.011534252 -0.032788198 0.065)
(-0.014682783 -0.020292881 0.065)
(-0.013692722 -0.016597445 0.065)
(-0.027182783 0.0047071189 0.065)
(-0.026192722 0.0084025547 0.065)
(0.022479101 0.0049125041 0.065)
(0.023853847 0.0084340908 0.065)
(0.010245191 -0.020245191 0.065)
(0.011295273 -0.016589497 0.065)
(-0.0022548095 0.0047548095 0.065)
(-0.0012047269 0.0084105031 0.065)
(0.0021103675 -0.0047855597 0.065)
(0.0013088995 -0.0084888009 0.065)
(-0.010245191 0.020245191 0.065)
(-0.011167027 0.016516324 0.065)
(0.014754809 0.020245191 0.065)
(0.013832973 0.016516324 0.065)
(0.027254809 -0.0047548095 0.065)
(0.026327031 -0.0084596126 0.065)
(-0.014191722 0.03833416 0.065)
(0.014191722 -0.03833416 0.065)
(0.0056149688 0.011706711 0.065)
(0.018114875 -0.013293197 0.065)
(-0.0068850312 -0.013293289 0.065)
(-0.019385031 0.011706711 0.065)
(0.0067033388 -0.013290654 0.065)
(0.019188721 0.011734359 0.065)
(-0.0057966612 0.011709346 0.065)
(-0.018441235 -0.01319883 0.065)
(-0.031290564 0.011737352 0.065)
(-0.014795379 0.028609509 0.065)
(0.010229274 0.028266836 0.065)
(-0.010229274 -0.028266836 0.065)
(0.014795379 -0.028609509 0.065)
(-0.022745191 -0.0027451905 0.065)
(0.035139033 0.014460227 0.065)
(0.040945927 0.01149046 0.065)
(-0.035136997 -0.014463308 0.065)
(-0.040945636 -0.0114909 0.065)
(-0.026343169 0.0010783468 0.065)
(-0.013935944 -0.0238729 0.065)
(0.00125 -0.0010048095 0.065)
(-0.011042232 0.023871362 0.065)
(0.02625 -0.0010048095 0.065)
(0.010899434 -0.023790024 0.065)
(0.01375 0.023995191 0.065)
(0.035506642 -0.014561087 0.065)
(0.03163507 -0.013098541 0.065)
(-0.034957034 0.014489139 0.065)
(0.041027089 -0.011564483 0.065)
(0.036055032 -0.019145928 0.065)
(-0.040948573 0.011554205 0.065)
(-0.035426477 0.019963557 0.065)
(-0.035245191 -0.020245191 0.065)
(0.035245191 0.020245191 0.065)
(0.029059649 0.011185541 0.065)
(-0.029147225 -0.011240559 0.065)
(0.01633494 0.014040018 0.065)
(-0.0086626241 0.014035849 0.065)
(0.0038333636 -0.010965005 0.065)
(0.031602591 0.013885227 0.065)
(0.025811322 0.011524582 0.065)
(-0.031605773 -0.01388855 0.065)
(-0.025239017 -0.011805185 0.065)
(-0.0016001819 0.0012069871 0.065)
(0.020331596 -0.035567659 0.065)
(-0.020331596 0.035567659 0.065)
(0.013008348 0.013013917 0.065)
(-0.011991652 0.013013917 0.065)
(0.00050834815 -0.011986083 0.065)
(-0.0020767199 -0.0098295731 0.065)
(-0.014572708 0.015171281 0.065)
(0.010427292 0.015171281 0.065)
(-0.0016469 -0.006143382 0.065)
(0.010824587 0.018831276 0.065)
(-0.014175413 0.018831276 0.065)
(0.028823915 -0.010913134 0.065)
(0.025517536 -0.011983885 0.065)
(0.022926767 -0.0098246787 0.065)
(0.023359036 -0.0061434742 0.065)
(-0.024095619 0.0060119793 0.065)
(0.024040491 0.0015968456 0.065)
(-0.011595619 -0.018988021 0.065)
(0.02556242 0.0052696035 0.065)
(0.013387574 -0.018976893 0.065)
(0.00086654481 0.0060270791 0.065)
(-0.022627741 0.0089551042 0.065)
(-0.025002053 0.012256195 0.065)
(0.01486813 -0.016042158 0.065)
(0.012497169 -0.012742338 0.065)
(0.0023651391 0.0089583968 0.065)
(-3.0493665e-06 0.012257703 0.065)
(-0.010127741 -0.016044896 0.065)
(-0.012512102 -0.012757616 0.065)
(-0.022252749 -0.0059839223 0.065)
(-0.023125887 -0.0092111631 0.065)
(-0.020039561 -0.010675325 0.065)
(0.027203712 0.0081960736 0.065)
(-0.0049919644 -0.010682538 0.065)
(-0.017491672 0.014317525 0.065)
(0.0075083281 0.014317525 0.065)
(0.020006793 -0.01068158 0.065)
(0.022575406 0.01140872 0.065)
(0.019236362 0.015327393 0.065)
(-0.0057419696 0.015295659 0.065)
(0.006757228 -0.0097045115 0.065)
(0.031757121 -0.0097178508 0.065)
(0.0012568891 0.040120702 0.065)
(-0.0012568891 -0.040120702 0.065)
(-0.015389819 -0.014044936 0.065)
(0.0096101809 -0.014044936 0.065)
(-0.0028898191 0.010955064 0.065)
(-0.027947726 0.010952368 0.065)
(-0.030937832 0.015041986 0.065)
(-0.009773503 -0.013102366 0.065)
(0.0027268422 0.011900958 0.065)
(0.015227398 -0.013099132 0.065)
(-0.022271708 0.011900101 0.065)
(0.013752178 -0.025351819 0.065)
(-0.01370822 0.025508814 0.065)
(-0.011170384 -0.025221241 0.065)
(-0.023566528 6.04974e-17 0.065)
(0.011185363 0.025327207 0.065)
(-0.026846543 -0.0092420246 0.065)
(-0.028142119 -0.0054027751 0.065)
(0.0072658355 0.0091235107 0.065)
(0.01783082 0.0092368011 0.065)
(-0.0052341645 -0.015876489 0.065)
(0.019765947 -0.015876434 0.065)
(-0.017734165 0.0091235107 0.065)
(-0.0071343692 0.0092935452 0.065)
(-0.019702901 -0.015801981 0.065)
(0.0053656308 -0.015706455 0.065)
(-0.032431063 0.0090483937 0.065)
(0.030192939 -0.015927779 0.065)
(-0.017904124 -0.009406958 0.065)
(-0.025 -0.014547776 0.065)
(0.02490716 0.014428833 0.065)
(-0.0071414494 -0.0094592984 0.065)
(0.0053585924 0.01554071 0.065)
(-0.019641408 0.01554071 0.065)
(0.01785803 -0.0094585775 0.065)
(-0.022439172 -0.012013491 0.065)
(0.025107703 -0.014605137 0.065)
(0.00010857294 -0.014617096 0.065)
(-0.012391427 0.010382904 0.065)
(0.012608573 0.010382904 0.065)
(-0.021403197 0.0051402635 0.065)
(-0.0089031975 -0.019859737 0.065)
(0.016096803 -0.019859737 0.065)
(0.02845971 0.0053191065 0.065)
(0.0035968025 0.0051402635 0.065)
(0.021378696 0.0025648374 0.065)
(0.030084351 0.016129624 0.065)
(-0.02863269 0.0023838664 0.065)
(-0.0088206532 0.022591638 0.065)
(-0.030085147 -0.016130455 0.065)
(-0.016155884 -0.022603945 0.065)
(-0.018066308 -0.027859006 0.060000049)
(-0.018066308 -0.022140994 0.060001011)
(-0.030295248 -0.030311342 0.05848941)
(-0.026941143 -0.017755556 0.061647568)
(-0.023058857 -0.032244444 0.058352432)
(-0.03204803 -0.022435771 0.061561364)
(-0.030303301 -0.019696699 0.058352432)
(-0.023058857 -0.017755556 0.058352432)
(-0.026328212 -0.032381453 0.061567126)
(-0.03228093 -0.026799461 0.0585622)
(-0.019850474 -0.019547259 0.058236061)
(-0.019802929 -0.019592556 0.06186128)
(-0.019850474 -0.030452741 0.058236061)
(-0.019802929 -0.030407444 0.06186128)
(-0.031498515 -0.028744235 0.061427465)
(-0.032244444 -0.023058857 0.058023022)
(-0.023058857 -0.032244444 0.061976978)
(-0.030303301 -0.019696699 0.061976978)
(-0.026941143 -0.032244444 0.058023022)
(-0.026941143 -0.017755556 0.058023022)
(-0.022983456 -0.017776182 0.061995323)
(-0.032431768 -0.026009365 0.062171768)
(-0.029603279 -0.030921134 0.062163359)
(-0.017920241 -0.027475279 0.062680579)
(-0.017917066 -0.022533818 0.062684005)
(-0.017980863 -0.022357706 0.057411933)
(-0.01797925 -0.027638004 0.05740923)
(0.006933692 -0.022140994 0.060001011)
(0.006933692 -0.027859006 0.060000049)
(-0.0019411428 -0.017755556 0.061647568)
(-0.0072444437 -0.023058857 0.061647568)
(-0.0053033009 -0.030303301 0.061647568)
(0.0019411428 -0.032244444 0.058352432)
(-0.0072444437 -0.026941143 0.058352432)
(-0.0053033009 -0.019696699 0.058352432)
(0.0019411428 -0.017755556 0.058352432)
(-0.0019411428 -0.032244444 0.058352432)
(0.0051495256 -0.019547259 0.058236061)
(0.0051970708 -0.019592556 0.06186128)
(0.0051495256 -0.030452741 0.058236061)
(0.0051970708 -0.030407444 0.06186128)
(-0.0072444437 -0.023058857 0.058023022)
(-0.0017631312 -0.032289813 0.062037425)
(-0.0072444437 -0.026941143 0.061976978)
(-0.0053033009 -0.030303301 0.058023022)
(0.0018336054 -0.032272406 0.061937417)
(-0.0053033009 -0.019696699 0.061976978)
(-0.0019411428 -0.017755556 0.058023022)
(0.0020165436 -0.017776182 0.061995323)
(0.0070829336 -0.022533818 0.062684005)
(0.0070207505 -0.027638004 0.05740923)
(0.0070797594 -0.027475279 0.062680579)
(0.007019137 -0.022357706 0.057411933)
(0.031933692 -0.022140994 0.060001011)
(0.031933692 -0.027859006 0.060000049)
(0.023058857 -0.017755556 0.061647568)
(0.017755556 -0.023058857 0.061647568)
(0.026941143 -0.032244444 0.058352432)
(0.019255298 -0.029821659 0.061561364)
(0.019696699 -0.019696699 0.058352432)
(0.017755556 -0.026941143 0.058352432)
(0.026941143 -0.017755556 0.058352432)
(0.0229604 -0.032217342 0.058510254)
(0.030149526 -0.019547259 0.058236061)
(0.030197071 -0.019592556 0.06186128)
(0.029916331 -0.030663894 0.058297371)
(0.030395079 -0.030209907 0.062248526)
(0.017755556 -0.023058857 0.058023022)
(0.017755556 -0.026941143 0.061976978)
(0.019696699 -0.030303301 0.058023022)
(0.024956084 -0.032499871 0.061426847)
(0.019696699 -0.019696699 0.061976978)
(0.023058857 -0.017755556 0.058023022)
(0.027016544 -0.017776182 0.061995323)
(0.022158252 -0.031940783 0.062171768)
(0.02773458 -0.031983701 0.062271135)
(0.032079759 -0.027475279 0.062680579)
(0.032082934 -0.022533818 0.062684005)
(0.032019137 -0.022357706 0.057411933)
(0.031921256 -0.027888981 0.057517394)
(-0.030566308 0.002859006 0.060001011)
(-0.030566308 -0.002859006 0.060000049)
(-0.039441143 0.0072444437 0.061647568)
(-0.044744444 0.0019411428 0.061647568)
(-0.035558857 -0.0072444437 0.058352432)
(-0.042863325 -0.0052425896 0.061709424)
(-0.035558857 0.0072444437 0.058352432)
(-0.044744444 -0.0019411428 0.058352432)
(-0.042803301 0.0053033009 0.058352432)
(-0.039552973 -0.0072135497 0.061554531)
(-0.032350474 0.0054527411 0.058236061)
(-0.032302929 0.0054074444 0.06186128)
(-0.032350474 -0.0054527411 0.058236061)
(-0.032302929 -0.0054074444 0.06186128)
(-0.04266516 -0.0054379339 0.058096015)
(-0.042803301 0.0053033009 0.061976978)
(-0.044744444 0.0019411428 0.058023022)
(-0.044744444 -0.0019411428 0.061976978)
(-0.035558857 -0.0072444437 0.061976978)
(-0.039598982 -0.0072002969 0.057964259)
(-0.039441143 0.0072444437 0.058023022)
(-0.035483456 0.0072238184 0.061995323)
(-0.03047925 -0.0026380035 0.05740923)
(-0.030417066 0.0024661817 0.062684005)
(-0.030420241 -0.0024752791 0.062680579)
(-0.030480863 0.0026422938 0.057411933)
(-0.005566308 0.002859006 0.060001011)
(-0.005566308 -0.002859006 0.060000049)
(-0.014441143 0.0072444437 0.061647568)
(-0.019744444 0.0019411428 0.061647568)
(-0.017803301 -0.0053033009 0.061647568)
(-0.010558857 -0.0072444437 0.058352432)
(-0.019744444 -0.0019411428 0.058352432)
(-0.017803301 0.0053033009 0.058352432)
(-0.010558857 0.0072444437 0.058352432)
(-0.014441143 -0.0072444437 0.058352432)
(-0.0073504744 0.0054527411 0.058236061)
(-0.0073029292 0.0054074444 0.06186128)
(-0.0073504744 -0.0054527411 0.058236061)
(-0.0073029292 -0.0054074444 0.06186128)
(-0.019744444 0.0019411428 0.058023022)
(-0.017803301 -0.0053033009 0.058023022)
(-0.014441143 0.0072444437 0.058023022)
(-0.019744444 -0.0019411428 0.061976978)
(-0.017803301 0.0053033009 0.061976978)
(-0.010748925 -0.0072927181 0.061910055)
(-0.014401315 -0.0072549983 0.061991553)
(-0.010483456 0.0072238184 0.061995323)
(-0.0054792495 -0.0026380035 0.05740923)
(-0.0054202406 -0.0024752791 0.062680579)
(-0.0054170664 0.0024661817 0.062684005)
(-0.005480863 0.0026422938 0.057411933)
(-0.018066308 0.022140994 0.060000049)
(-0.018066308 0.027859006 0.060001011)
(-0.030295248 0.019688658 0.05848941)
(-0.03204803 0.027564229 0.061561364)
(-0.026941143 0.032244444 0.061647568)
(-0.023058857 0.017755556 0.058352432)
(-0.030303301 0.030303301 0.058352432)
(-0.023058857 0.032244444 0.058352432)
(-0.026328212 0.017618547 0.061567126)
(-0.03228093 0.023200539 0.0585622)
(-0.019850474 0.030452741 0.058236061)
(-0.019802929 0.030407444 0.06186128)
(-0.019850474 0.019547259 0.058236061)
(-0.019802929 0.019592556 0.06186128)
(-0.031498515 0.021255765 0.061427465)
(-0.032244444 0.026941143 0.058023022)
(-0.026941143 0.032244444 0.058023022)
(-0.023058857 0.017755556 0.061976978)
(-0.030303301 0.030303301 0.061976978)
(-0.026941143 0.017755556 0.058023022)
(-0.022983456 0.032223818 0.061995323)
(-0.032431768 0.023990635 0.062171768)
(-0.029603279 0.019078866 0.062163359)
(-0.017920241 0.022524721 0.062680579)
(-0.017917066 0.027466182 0.062684005)
(-0.017980863 0.027642294 0.057411933)
(-0.01797925 0.022361996 0.05740923)
(0.019433692 -0.002859006 0.060000049)
(0.019433692 0.002859006 0.060001011)
(0.010558857 0.0072444437 0.061647568)
(0.0072574104 -0.0053633249 0.058290576)
(0.014441143 -0.0072444437 0.058352432)
(0.0052555563 0.0019411428 0.061647568)
(0.010558857 -0.0072444437 0.061647568)
(0.0071966991 0.0053033009 0.058352432)
(0.014441143 0.0072444437 0.058352432)
(0.0052864503 -0.0020529735 0.058445469)
(0.017649526 0.0054527411 0.058236061)
(0.017697071 0.0054074444 0.06186128)
(0.017649526 -0.0054527411 0.058236061)
(0.017697071 -0.0054074444 0.06186128)
(0.0052555563 0.0019411428 0.058023022)
(0.0070620661 -0.0051651598 0.061903985)
(0.0052997031 -0.0020989819 0.062035741)
(0.010558857 0.0072444437 0.058023022)
(0.0071966991 0.0053033009 0.061976978)
(0.010558857 -0.0072444437 0.058023022)
(0.014516544 -0.0072238184 0.061995323)
(0.014516544 0.0072238184 0.061995323)
(0.01952075 -0.0026380035 0.05740923)
(0.019579759 -0.0024752791 0.062680579)
(0.019582934 0.0024661817 0.062684005)
(0.019519137 0.0026422938 0.057411933)
(0.044433692 -0.002859006 0.060000049)
(0.044433692 0.002859006 0.060001011)
(0.032204752 -0.0053113419 0.05848941)
(0.03045197 0.0025642289 0.061561364)
(0.035558857 0.0072444437 0.061647568)
(0.039441143 -0.0072444437 0.058352432)
(0.039441143 0.0072444437 0.058352432)
(0.036171788 -0.0073814534 0.061567126)
(0.032196699 0.0053033009 0.058352432)
(0.03021907 -0.0017994613 0.0585622)
(0.042649526 0.0054527411 0.058236061)
(0.042697071 0.0054074444 0.06186128)
(0.042649526 -0.0054527411 0.058236061)
(0.042697071 -0.0054074444 0.06186128)
(0.031001485 -0.0037442351 0.061427465)
(0.030255556 0.0019411428 0.058023022)
(0.032196699 0.0053033009 0.061976978)
(0.039441143 -0.0072444437 0.061976978)
(0.035558857 -0.0072444437 0.058023022)
(0.035558857 0.0072444437 0.058023022)
(0.039516544 0.0072238184 0.061995323)
(0.030068232 -0.0010093655 0.062171768)
(0.032896721 -0.0059211336 0.062163359)
(0.044579759 -0.0024752791 0.062680579)
(0.04452075 -0.0026380035 0.05740923)
(0.044582934 0.0024661817 0.062684005)
(0.044519137 0.0026422938 0.057411933)
(0.006933692 0.022140994 0.060000049)
(0.006933692 0.027859006 0.060001011)
(-0.0072660704 0.026858553 0.058290576)
(-0.0053033009 0.019696699 0.058352432)
(-0.0019411428 0.032244444 0.061647568)
(0.0019411428 0.017755556 0.058352432)
(-0.0019411428 0.017755556 0.061647568)
(-0.0072444437 0.023058857 0.061647568)
(0.0019411428 0.032244444 0.058352432)
(-0.0053847021 0.030220631 0.058445469)
(0.0051495256 0.030452741 0.058236061)
(0.0051970708 0.030407444 0.06186128)
(0.0051495256 0.019547259 0.058236061)
(0.0051970708 0.019592556 0.06186128)
(-0.0072444437 0.023058857 0.058023022)
(-0.0053033009 0.019696699 0.061976978)
(-0.0071921265 0.027126809 0.061903985)
(-0.0054179201 0.030186149 0.062035741)
(-0.0019411428 0.032244444 0.058023022)
(-0.0019411428 0.017755556 0.058023022)
(0.0020165436 0.017776182 0.061995323)
(0.0020165436 0.032223818 0.061995323)
(0.0070829336 0.027466182 0.062684005)
(0.0070207505 0.022361996 0.05740923)
(0.0070797594 0.022524721 0.062680579)
(0.007019137 0.027642294 0.057411933)
(0.031933692 0.022140994 0.060000049)
(0.031933692 0.027859006 0.060001011)
(0.019704752 0.019688658 0.05848941)
(0.01795197 0.027564229 0.061561364)
(0.023058857 0.032244444 0.061647568)
(0.026941143 0.017755556 0.058352432)
(0.019696699 0.030303301 0.058352432)
(0.026941143 0.032244444 0.058352432)
(0.023671788 0.017618547 0.061567126)
(0.01771907 0.023200539 0.0585622)
(0.030149526 0.030452741 0.058236061)
(0.030197071 0.030407444 0.06186128)
(0.030149526 0.019547259 0.058236061)
(0.030197071 0.019592556 0.06186128)
(0.018501485 0.021255765 0.061427465)
(0.017755556 0.026941143 0.058023022)
(0.023058857 0.032244444 0.058023022)
(0.026941143 0.017755556 0.061976978)
(0.019696699 0.030303301 0.061976978)
(0.023058857 0.017755556 0.058023022)
(0.027016544 0.032223818 0.061995323)
(0.017568232 0.023990635 0.062171768)
(0.020396721 0.019078866 0.062163359)
(0.032079759 0.022524721 0.062680579)
(0.032082934 0.027466182 0.062684005)
(0.032019137 0.027642294 0.057411933)
(0.03202075 0.022361996 0.05740923)
(0.017087074 0.031954329 0.445)
(-0.0071338648 0.032197748 0.445)
(-0.017087074 -0.031954329 0.445)
(0.0071338648 -0.032197748 0.445)
(-0.0076766597 0.01759246 0.445)
(0.01732334 0.01759246 0.445)
(-0.032447663 0.017686269 0.445)
(-0.019985611 -0.0075529282 0.445)
(0.029818282 -0.0073850961 0.445)
(0.0048233403 -0.00740754 0.445)
(-0.01742888 -0.017284158 0.445)
(0.0075711202 -0.017284158 0.445)
(0.0325 -0.0175 0.445)
(-0.02992888 0.0077158417 0.445)
(-0.0049288798 0.0077158417 0.445)
(0.020087601 0.0077389458 0.445)
(-0.0175 0.0175 0.445)
(-0.03 -0.0075 0.445)
(-0.005 -0.0075 0.445)
(0.0075 0.0175 0.445)
(0.030338233 0.0076223602 0.445)
(0.02 -0.0075 0.445)
(-0.0075 -0.0175 0.445)
(-0.02 0.0075 0.445)
(0.032239624 0.01737365 0.445)
(-0.032920319 -0.017177514 0.445)
(0.005 0.0075 0.445)
(0.0175 -0.0175 0.445)
(0.0088070911 0.031952754 0.445)
(-0.016851061 0.032310466 0.445)
(-0.0088070911 -0.031952754 0.445)
(0.016851061 -0.032310466 0.445)
(0.004339402 0.035115709 0.445)
(-0.004339402 -0.035115709 0.445)
(-0.0022274137 0.035255125 0.445)
(0.0022274137 -0.035255125 0.445)
(0.037690804 0.010482609 0.445)
(-0.010245191 -0.022254809 0.445)
(0.014754809 -0.022254809 0.445)
(-0.010448681 0.027808389 0.445)
(0.014440025 0.027773615 0.445)
(0.0021496622 0.002765051 0.445)
(-0.022745191 0.0027451905 0.445)
(0.027531328 0.0026159418 0.445)
(-0.026912021 -0.0025901392 0.445)
(0.023183647 -0.0024600122 0.445)
(-0.0017469721 -0.0024104443 0.445)
(-0.014754809 0.022254809 0.445)
(-0.014440025 -0.027773615 0.445)
(0.010448681 -0.027808389 0.445)
(0.010245191 0.022254809 0.445)
(-0.0095987128 0.010333733 0.445)
(0.015401287 0.010333733 0.445)
(0.027886686 -0.014607767 0.445)
(-0.022119685 -0.014502284 0.445)
(0.0029012872 -0.014666267 0.445)
(-0.034754809 0.010245191 0.445)
(-0.037891329 0.010899915 0.445)
(-0.01548997 -0.010602481 0.445)
(0.0096760971 -0.010364167 0.445)
(0.034754809 -0.010245191 0.445)
(0.037891329 -0.010899915 0.445)
(-0.0028239029 0.014635833 0.445)
(0.022084807 0.014765318 0.445)
(-0.027829355 0.01462639 0.445)
(-0.027893719 -0.014458206 0.445)
(0.022198914 -0.014207732 0.445)
(-0.015301627 0.010792141 0.445)
(-0.0028016269 -0.014207859 0.445)
(0.0096983731 0.010792141 0.445)
(0.027745191 0.014754809 0.445)
(-0.035627184 -0.010591114 0.445)
(-0.041310521 -0.0096535948 0.445)
(-0.022254809 0.014754809 0.445)
(0.0027451905 0.014754809 0.445)
(-0.0097548095 -0.010245191 0.445)
(0.015245191 -0.010245191 0.445)
(0.0058253759 -0.038333236 0.445)
(-0.0058253759 0.038333236 0.445)
(-0.025765841 -0.0066816377 0.445)
(-0.037157136 -0.015564362 0.445)
(0.033648364 0.010156708 0.445)
(0.013066807 0.031124646 0.445)
(0.011163268 0.037657269 0.445)
(0.020331596 0.035567659 0.445)
(-0.013066807 -0.031124646 0.445)
(-0.011163268 -0.037657269 0.445)
(-0.020331596 -0.035567659 0.445)
(-0.011534252 0.032788198 0.445)
(0.011534252 -0.032788198 0.445)
(-0.014682783 -0.020292881 0.445)
(-0.013692722 -0.016597445 0.445)
(-0.027182783 0.0047071189 0.445)
(-0.026192722 0.0084025547 0.445)
(0.022479101 0.0049125041 0.445)
(0.023853847 0.0084340908 0.445)
(0.010245191 -0.020245191 0.445)
(0.011295273 -0.016589497 0.445)
(-0.0022548095 0.0047548095 0.445)
(-0.0012047269 0.0084105031 0.445)
(0.0021103675 -0.0047855597 0.445)
(0.0013088995 -0.0084888009 0.445)
(-0.010245191 0.020245191 0.445)
(-0.011167027 0.016516324 0.445)
(0.014754809 0.020245191 0.445)
(0.013832973 0.016516324 0.445)
(0.027254809 -0.0047548095 0.445)
(0.026327031 -0.0084596126 0.445)
(-0.014191722 0.03833416 0.445)
(0.014191722 -0.03833416 0.445)
(0.0056149688 0.011706711 0.445)
(0.018114875 -0.013293197 0.445)
(-0.0068850312 -0.013293289 0.445)
(-0.019385031 0.011706711 0.445)
(0.0067033388 -0.013290654 0.445)
(0.019188721 0.011734359 0.445)
(-0.0057966612 0.011709346 0.445)
(-0.018262703 -0.013262633 0.445)
(-0.031290564 0.011737352 0.445)
(-0.014795379 0.028609509 0.445)
(0.010229274 0.028266836 0.445)
(-0.010229274 -0.028266836 0.445)
(0.014795379 -0.028609509 0.445)
(-0.022745191 -0.0027451905 0.445)
(0.035139033 0.014460227 0.445)
(0.040945927 0.01149046 0.445)
(-0.026343169 0.0010783468 0.445)
(0.00125 -0.0010048095 0.445)
(-0.011042232 0.023871362 0.445)
(-0.013935944 -0.0238729 0.445)
(0.02625 -0.0010048095 0.445)
(0.010899434 -0.023790024 0.445)
(0.01375 0.023995191 0.445)
(0.035506642 -0.014561087 0.445)
(0.03163507 -0.013098541 0.445)
(-0.034957034 0.014489139 0.445)
(0.041027089 -0.011564483 0.445)
(0.036055032 -0.019145928 0.445)
(-0.040948573 0.011554205 0.445)
(-0.035426477 0.019963557 0.445)
(-0.035474783 -0.020798375 0.445)
(0.035245191 0.020245191 0.445)
(0.029059649 0.011185541 0.445)
(0.01633494 0.014040018 0.445)
(-0.0086626241 0.014035849 0.445)
(0.0038333636 -0.010965005 0.445)
(0.031602591 0.013885227 0.445)
(0.025811322 0.011524582 0.445)
(-0.0016001819 0.0012069871 0.445)
(0.020331596 -0.035567659 0.445)
(-0.020331596 0.035567659 0.445)
(0.013008348 0.013013917 0.445)
(-0.011991652 0.013013917 0.445)
(0.00050834815 -0.011986083 0.445)
(-0.0020767199 -0.0098295731 0.445)
(-0.014572708 0.015171281 0.445)
(0.010427292 0.015171281 0.445)
(-0.0016469 -0.006143382 0.445)
(0.010824587 0.018831276 0.445)
(-0.014175413 0.018831276 0.445)
(0.028823915 -0.010913134 0.445)
(0.025517536 -0.011983885 0.445)
(0.022926767 -0.0098246787 0.445)
(0.023359036 -0.0061434742 0.445)
(-0.024095619 0.0060119793 0.445)
(0.024040491 0.0015968456 0.445)
(-0.011595619 -0.018988021 0.445)
(0.02556242 0.0052696035 0.445)
(0.013387574 -0.018976893 0.445)
(0.00086654481 0.0060270791 0.445)
(-0.033715458 -0.013899962 0.445)
(-0.031052453 -0.011167479 0.445)
(-0.02732598 -0.010287703 0.445)
(-0.023499486 -0.0099707628 0.445)
(-0.022627741 0.0089551042 0.445)
(-0.025002053 0.012256195 0.445)
(0.01486813 -0.016042158 0.445)
(0.012497169 -0.012742338 0.445)
(0.0023651391 0.0089583968 0.445)
(-3.0493665e-06 0.012257703 0.445)
(-0.010127741 -0.016044896 0.445)
(-0.0124552 -0.012692433 0.445)
(-0.025167774 -0.013343791 0.445)
(-0.022446116 -0.0060183158 0.445)
(-0.020353381 -0.010928135 0.445)
(0.027203712 0.0081960736 0.445)
(-0.0049919644 -0.010682538 0.445)
(-0.017491672 0.014317525 0.445)
(0.0075083281 0.014317525 0.445)
(0.020006793 -0.01068158 0.445)
(0.022575406 0.01140872 0.445)
(-0.03086639 -0.015041594 0.445)
(0.019236362 0.015327393 0.445)
(-0.0057419696 0.015295659 0.445)
(0.006757228 -0.0097045115 0.445)
(0.031757121 -0.0097178508 0.445)
(0.0012568891 0.040120702 0.445)
(-0.0012568891 -0.040120702 0.445)
(-0.015389819 -0.014044936 0.445)
(0.0096101809 -0.014044936 0.445)
(-0.0028898191 0.010955064 0.445)
(-0.027947726 0.010952368 0.445)
(-0.030937832 0.015041986 0.445)
(-0.0097330894 -0.013106278 0.445)
(0.0027268422 0.011900958 0.445)
(0.015227398 -0.013099132 0.445)
(-0.022271708 0.011900101 0.445)
(0.013752178 -0.025351819 0.445)
(-0.011170384 -0.025221241 0.445)
(-0.01370822 0.025508814 0.445)
(-0.023566528 6.04974e-17 0.445)
(0.011185363 0.025327207 0.445)
(-0.028420668 -0.0051304442 0.445)
(-0.017899418 -0.0093520666 0.445)
(0.0072658355 0.0091235107 0.445)
(0.01783082 0.0092368011 0.445)
(-0.0052341645 -0.015876489 0.445)
(0.019765947 -0.015876434 0.445)
(-0.017734165 0.0091235107 0.445)
(-0.0071343692 0.0092935452 0.445)
(-0.019765317 -0.015888471 0.445)
(0.0053656308 -0.015706455 0.445)
(-0.032431063 0.0090483937 0.445)
(0.030192939 -0.015927779 0.445)
(0.02490716 0.014428833 0.445)
(-0.0071414494 -0.0094592984 0.445)
(0.0053585924 0.01554071 0.445)
(-0.019641408 0.01554071 0.445)
(0.01785803 -0.0094585775 0.445)
(0.025107703 -0.014605137 0.445)
(0.00010857294 -0.014617096 0.445)
(-0.012391427 0.010382904 0.445)
(0.012608573 0.010382904 0.445)
(-0.021403197 0.0051402635 0.445)
(-0.0089031975 -0.019859737 0.445)
(0.016096803 -0.019859737 0.445)
(0.02845971 0.0053191065 0.445)
(0.0035968025 0.0051402635 0.445)
(0.021378696 0.0025648374 0.445)
(0.030084351 0.016129624 0.445)
(-0.02863269 0.0023838664 0.445)
(-0.0088206532 0.022591638 0.445)
(-0.016155884 -0.022603945 0.445)
(-0.018066308 -0.022140994 0.45000101)
(-0.018066308 -0.027859006 0.44999899)
(-0.032244444 -0.026941143 0.44835243)
(-0.030303301 -0.019696699 0.44835243)
(-0.023058857 -0.017755556 0.44835243)
(-0.023058857 -0.032244444 0.45164757)
(-0.030303301 -0.030303301 0.45164757)
(-0.026941143 -0.017755556 0.45164757)
(-0.026941143 -0.032244444 0.44835243)
(-0.032244444 -0.023058857 0.45164757)
(-0.019850474 -0.019547259 0.44823606)
(-0.019802929 -0.019592556 0.45186128)
(-0.019850474 -0.030452741 0.45176394)
(-0.019802929 -0.030407444 0.44813872)
(-0.032244444 -0.026941143 0.45197698)
(-0.030303301 -0.019696699 0.45197698)
(-0.030303301 -0.030303301 0.44802302)
(-0.026941143 -0.032244444 0.45197698)
(-0.032244444 -0.023058857 0.44802302)
(-0.026941143 -0.017755556 0.44802302)
(-0.022983456 -0.017776182 0.45199532)
(-0.022983456 -0.032223818 0.44800468)
(-0.017917066 -0.022533818 0.45268401)
(-0.017917066 -0.027466182 0.44731599)
(-0.017980863 -0.022357706 0.44741193)
(-0.017980863 -0.027642294 0.45258807)
(0.006933692 -0.027859006 0.44999899)
(0.006933692 -0.022140994 0.45000101)
(-0.0053033009 -0.019696699 0.44835243)
(-0.0072444437 -0.026941143 0.44835243)
(-0.0019411428 -0.032244444 0.44835243)
(0.0019411428 -0.017755556 0.44835243)
(0.0019411428 -0.032244444 0.45164757)
(-0.0019411428 -0.017755556 0.45164757)
(-0.0072444437 -0.023058857 0.45164757)
(-0.0053033009 -0.030303301 0.45164757)
(0.0051495256 -0.019547259 0.44823606)
(0.0051970708 -0.019592556 0.45186128)
(0.0051495256 -0.030452741 0.45176394)
(0.0051970708 -0.030407444 0.44813872)
(-0.0053033009 -0.019696699 0.45197698)
(-0.0072444437 -0.023058857 0.44802302)
(-0.0019411428 -0.017755556 0.44802302)
(-0.0072444437 -0.026941143 0.45197698)
(-0.0019411428 -0.032244444 0.45197698)
(-0.0053033009 -0.030303301 0.44802302)
(0.0020165436 -0.032223818 0.44800468)
(0.0020165436 -0.017776182 0.45199532)
(0.0070829336 -0.022533818 0.45268401)
(0.0070829336 -0.027466182 0.44731599)
(0.007019137 -0.027642294 0.45258807)
(0.007019137 -0.022357706 0.44741193)
(0.031933692 -0.022140994 0.45000101)
(0.031933692 -0.027859006 0.44999899)
(0.01775851 -0.026952133 0.44848941)
(0.020178341 -0.019255298 0.45156136)
(0.026941143 -0.017755556 0.44835243)
(0.026941143 -0.032244444 0.45164757)
(0.020159008 -0.03072842 0.45156713)
(0.023058857 -0.032244444 0.44835243)
(0.017794799 -0.022917914 0.4485622)
(0.023326566 -0.017689075 0.44853246)
(0.030149526 -0.019547259 0.44823606)
(0.030197071 -0.019592556 0.45186128)
(0.030149526 -0.030452741 0.45176394)
(0.030197071 -0.030407444 0.44813872)
(0.017500003 -0.024993345 0.45142746)
(0.019696699 -0.019696699 0.44802302)
(0.023058857 -0.032244444 0.45197698)
(0.019696699 -0.030303301 0.44802302)
(0.026850186 -0.017731794 0.45194704)
(0.027016544 -0.032223818 0.44800468)
(0.023297963 -0.017695681 0.45200435)
(0.018052877 -0.027826213 0.45216336)
(0.018059217 -0.022158252 0.45217177)
(0.032082934 -0.022533818 0.45268401)
(0.032082934 -0.027466182 0.44731599)
(0.032019137 -0.022357706 0.44741193)
(0.032019137 -0.027642294 0.45258807)
(-0.030566308 -0.002859006 0.44999899)
(-0.030566308 0.002859006 0.45000101)
(-0.044721878 -0.0020234809 0.44829058)
(-0.042803301 0.0053033009 0.45164757)
(-0.035558857 0.0072444437 0.44835243)
(-0.035558857 -0.0072444437 0.45164757)
(-0.042803301 -0.0053033009 0.45164757)
(-0.039441143 -0.0072444437 0.44835243)
(-0.044773604 0.0018288477 0.44844547)
(-0.039441143 0.0072444437 0.44835243)
(-0.032350474 0.0054527411 0.44823606)
(-0.032302929 0.0054074444 0.45186128)
(-0.032350474 -0.0054527411 0.45176394)
(-0.032302929 -0.0054074444 0.44813872)
(-0.044791969 -0.0017541926 0.45190399)
(-0.042803301 -0.0053033009 0.44802302)
(-0.044785131 0.0017823767 0.45203574)
(-0.039441143 -0.0072444437 0.45197698)
(-0.042803301 0.0053033009 0.44802302)
(-0.035748925 0.0072927181 0.45191006)
(-0.035483456 -0.0072238184 0.44800468)
(-0.039401315 0.0072549983 0.45199155)
(-0.030417066 0.0024661817 0.45268401)
(-0.030480863 -0.0026422938 0.45258807)
(-0.030480863 0.0026422938 0.44741193)
(-0.030417066 -0.0024661817 0.44731599)
(-0.005566308 -0.002859006 0.44999899)
(-0.005566308 0.002859006 0.45000101)
(-0.019721878 -0.0020234809 0.44829058)
(-0.014441143 -0.0072444437 0.44835243)
(-0.017803301 0.0053033009 0.45164757)
(-0.010558857 0.0072444437 0.44835243)
(-0.010558857 -0.0072444437 0.45164757)
(-0.017803301 -0.0053033009 0.45164757)
(-0.019773604 0.0018288477 0.44844547)
(-0.014441143 0.0072444437 0.44835243)
(-0.0073504744 0.0054527411 0.44823606)
(-0.0073029292 0.0054074444 0.45186128)
(-0.0073504744 -0.0054527411 0.45176394)
(-0.0073029292 -0.0054074444 0.44813872)
(-0.019791969 -0.0017541926 0.45190399)
(-0.014441143 -0.0072444437 0.45197698)
(-0.017803301 0.0053033009 0.44802302)
(-0.019785131 0.0017823767 0.45203574)
(-0.017803301 -0.0053033009 0.44802302)
(-0.010483456 -0.0072238184 0.44800468)
(-0.010748925 0.0072927181 0.45191006)
(-0.014401315 0.0072549983 0.45199155)
(-0.0054170664 -0.0024661817 0.44731599)
(-0.005480863 -0.0026422938 0.45258807)
(-0.0054170664 0.0024661817 0.45268401)
(-0.005480863 0.0026422938 0.44741193)
(-0.018066308 0.027859006 0.45000101)
(-0.018066308 0.022140994 0.44999899)
(-0.032244444 0.023058857 0.44835243)
(-0.026941143 0.017755556 0.44835243)
(-0.030303301 0.030303301 0.45164757)
(-0.023058857 0.032244444 0.44835243)
(-0.030303301 0.019696699 0.45164757)
(-0.023058857 0.017755556 0.45164757)
(-0.032221878 0.027023481 0.44829058)
(-0.026941143 0.032244444 0.44835243)
(-0.019850474 0.030452741 0.44823606)
(-0.019802929 0.030407444 0.45186128)
(-0.019850474 0.019547259 0.45176394)
(-0.019802929 0.019592556 0.44813872)
(-0.032289813 0.023236869 0.45203743)
(-0.030303301 0.030303301 0.44802302)
(-0.030303301 0.019696699 0.44802302)
(-0.026941143 0.017755556 0.45197698)
(-0.032244444 0.026941143 0.45197698)
(-0.022983456 0.017776182 0.44800468)
(-0.023248925 0.032292718 0.45191006)
(-0.026901315 0.032254998 0.45199155)
(-0.017917066 0.027466182 0.45268401)
(-0.017917066 0.022533818 0.44731599)
(-0.017980863 0.027642294 0.44741193)
(-0.017980863 0.022357706 0.45258807)
(0.019433692 -0.002859006 0.44999899)
(0.019433692 0.002859006 0.45000101)
(0.0052781218 -0.0020234809 0.44829058)
(0.010558857 -0.0072444437 0.44835243)
(0.0071966991 0.0053033009 0.45164757)
(0.014441143 0.0072444437 0.44835243)
(0.014441143 -0.0072444437 0.45164757)
(0.0071966991 -0.0053033009 0.45164757)
(0.0052263959 0.0018288477 0.44844547)
(0.010558857 0.0072444437 0.44835243)
(0.017649526 0.0054527411 0.44823606)
(0.017697071 0.0054074444 0.45186128)
(0.017649526 -0.0054527411 0.45176394)
(0.017697071 -0.0054074444 0.44813872)
(0.010558857 -0.0072444437 0.45197698)
(0.0052080313 -0.0017541926 0.45190399)
(0.005214869 0.0017823767 0.45203574)
(0.0071966991 -0.0053033009 0.44802302)
(0.0071966991 0.0053033009 0.44802302)
(0.014516544 -0.0072238184 0.44800468)
(0.014251075 0.0072927181 0.45191006)
(0.010598685 0.0072549983 0.45199155)
(0.019582934 0.0024661817 0.45268401)
(0.019519137 -0.0026422938 0.45258807)
(0.019519137 0.0026422938 0.44741193)
(0.019582934 -0.0024661817 0.44731599)
(0.044433692 0.002859006 0.45000101)
(0.044433692 -0.002859006 0.44999899)
(0.030278122 -0.0020234809 0.44829058)
(0.035558857 -0.0072444437 0.44835243)
(0.032196699 0.0053033009 0.45164757)
(0.039441143 0.0072444437 0.44835243)
(0.039441143 -0.0072444437 0.45164757)
(0.032196699 -0.0053033009 0.45164757)
(0.030226396 0.0018288477 0.44844547)
(0.035558857 0.0072444437 0.44835243)
(0.042649526 0.0054527411 0.44823606)
(0.042697071 0.0054074444 0.45186128)
(0.042649526 -0.0054527411 0.45176394)
(0.042697071 -0.0054074444 0.44813872)
(0.030208031 -0.0017541926 0.45190399)
(0.032196699 -0.0053033009 0.44802302)
(0.030214869 0.0017823767 0.45203574)
(0.032196699 0.0053033009 0.44802302)
(0.035558857 -0.0072444437 0.45197698)
(0.039516544 -0.0072238184 0.44800468)
(0.039251075 0.0072927181 0.45191006)
(0.035598685 0.0072549983 0.45199155)
(0.044519137 -0.0026422938 0.45258807)
(0.044519137 0.0026422938 0.44741193)
(0.044582934 0.0024661817 0.45268401)
(0.044582934 -0.0024661817 0.44731599)
(0.006933692 0.022140994 0.44999899)
(0.006933692 0.027859006 0.45000101)
(-0.0053033009 0.030303301 0.44835243)
(-0.0072444437 0.023058857 0.44835243)
(0.0019411428 0.032244444 0.44835243)
(0.0019411428 0.017755556 0.45164757)
(-0.0019411428 0.032244444 0.45164757)
(-0.0053033009 0.019696699 0.45164757)
(-0.0019411428 0.017755556 0.44835243)
(-0.0072444437 0.026941143 0.45164757)
(0.0051495256 0.030452741 0.44823606)
(0.0051970708 0.030407444 0.45186128)
(0.0051495256 0.019547259 0.45176394)
(0.0051970708 0.019592556 0.44813872)
(0.0020165436 0.032223818 0.45199532)
(-0.0053033009 0.030303301 0.45197698)
(-0.0053033009 0.019696699 0.44802302)
(-0.0072444437 0.026941143 0.44802302)
(-0.0019411428 0.032244444 0.44802302)
(-0.0019411428 0.017755556 0.45197698)
(-0.0072444437 0.023058857 0.45197698)
(0.0020165436 0.017776182 0.44800468)
(0.0070829336 0.027466182 0.45268401)
(0.0070829336 0.022533818 0.44731599)
(0.007019137 0.022357706 0.45258807)
(0.007019137 0.027642294 0.44741193)
(0.031933692 0.027859006 0.45000101)
(0.031933692 0.022140994 0.44999899)
(0.017755556 0.023058857 0.44835243)
(0.019696699 0.030303301 0.44835243)
(0.023058857 0.017755556 0.44835243)
(0.026941143 0.032244444 0.44835243)
(0.017755556 0.026941143 0.45164757)
(0.026941143 0.017755556 0.45164757)
(0.023058857 0.032244444 0.45164757)
(0.019696699 0.019696699 0.45164757)
(0.030149526 0.030452741 0.44823606)
(0.030197071 0.030407444 0.45186128)
(0.030149526 0.019547259 0.45176394)
(0.030197071 0.019592556 0.44813872)
(0.019696699 0.030303301 0.45197698)
(0.019696699 0.019696699 0.44802302)
(0.017755556 0.023058857 0.45197698)
(0.017755556 0.026941143 0.44802302)
(0.023058857 0.032244444 0.44802302)
(0.023058857 0.017755556 0.45197698)
(0.027016544 0.017776182 0.44800468)
(0.027016544 0.032223818 0.45199532)
(0.032082934 0.027466182 0.45268401)
(0.032082934 0.022533818 0.44731599)
(0.032019137 0.027642294 0.44741193)
(0.032019137 0.022357706 0.45258807)
(0.035386751 -0.025 0.138)
(-0.035386751 -0.025 0.138)
(0.031933692 -0.022140994 0.13800101)
(0.018066308 -0.022140994 0.13799899)
(0.026941143 -0.017755556 0.13635243)
(0.023058857 -0.017755556 0.13964757)
(0.030149526 -0.019547259 0.13623606)
(0.030197071 -0.019592556 0.13986128)
(0.019850474 -0.019547259 0.13976394)
(0.019802929 -0.019592556 0.13613872)
(0.027016544 -0.017776182 0.13999532)
(0.022983456 -0.017776182 0.13600468)
(0.032019137 -0.022357706 0.13541193)
(0.017963139 -0.022405277 0.1406145)
(0.017917066 -0.022533818 0.13531599)
(0.032082934 -0.022533818 0.14068401)
(0.014613249 -0.025 0.138)
(0.010005634 -0.025 0.138)
(0.006933692 -0.022140994 0.13800101)
(-0.006933692 -0.022140994 0.13799899)
(0.0019411428 -0.017755556 0.13635243)
(-0.0019411428 -0.017755556 0.13964757)
(0.0051495256 -0.019547259 0.13623606)
(0.0051970708 -0.019592556 0.13986128)
(-0.0051495256 -0.019547259 0.13976394)
(-0.0051970708 -0.019592556 0.13613872)
(0.0020165436 -0.017776182 0.13999532)
(-0.0020165436 -0.017776182 0.13600468)
(0.007019137 -0.022357706 0.13541193)
(-0.0070368612 -0.022405277 0.1406145)
(-0.0070829336 -0.022533818 0.13531599)
(0.0070829336 -0.022533818 0.14068401)
(-0.010005634 -0.025 0.138)
(-0.014613249 -0.025 0.138)
(-0.018066308 -0.022140994 0.13800101)
(-0.031933692 -0.022140994 0.13799899)
(-0.023058857 -0.017755556 0.13635243)
(-0.026941143 -0.017755556 0.13964757)
(-0.019850474 -0.019547259 0.13623606)
(-0.019802929 -0.019592556 0.13986128)
(-0.030149526 -0.019547259 0.13976394)
(-0.030197071 -0.019592556 0.13613872)
(-0.022983456 -0.017776182 0.13999532)
(-0.027016544 -0.017776182 0.13600468)
(-0.017980863 -0.022357706 0.13541193)
(-0.032036861 -0.022405277 0.1406145)
(-0.032082934 -0.022533818 0.13531599)
(-0.017917066 -0.022533818 0.14068401)
(-0.030566308 0.002859006 0.13800101)
(-0.030566308 -0.002859006 0.13800005)
(-0.042803301 0.0053033009 0.13635243)
(-0.035558857 0.0072444437 0.13635243)
(-0.042803301 -0.0053033009 0.13635243)
(-0.035558857 -0.0072444437 0.13635243)
(-0.044744444 0.0019411428 0.13964757)
(-0.039441143 -0.0072444437 0.13964757)
(-0.039441143 0.0072444437 0.13964757)
(-0.04476607 -0.0018585533 0.13629058)
(-0.032350474 0.0054527411 0.13623606)
(-0.032302929 0.0054074444 0.13986128)
(-0.032350474 -0.0054527411 0.13623606)
(-0.032302929 -0.0054074444 0.13986128)
(-0.042803301 0.0053033009 0.13997698)
(-0.044744444 0.0019411428 0.13602302)
(-0.044691136 -0.0021301565 0.13990114)
(-0.042842923 -0.0052633808 0.13999603)
(-0.039441143 0.0072444437 0.13602302)
(-0.035483456 0.0072238184 0.13999532)
(-0.039441143 -0.0072444437 0.13602302)
(-0.035483456 -0.0072238184 0.13999532)
(-0.030480863 0.0026422938 0.13541193)
(-0.030420241 -0.0024752791 0.14068058)
(-0.030461056 -0.0025890669 0.13538259)
(-0.030417066 0.0024661817 0.14068401)
(-0.005566308 0.002859006 0.13800101)
(-0.005566308 -0.002859006 0.13799899)
(-0.010558857 0.0072444437 0.13635243)
(-0.017863325 -0.0052425896 0.13629058)
(-0.019744444 0.0019411428 0.13635243)
(-0.010558857 -0.0072444437 0.13964757)
(-0.014441143 0.0072444437 0.13964757)
(-0.019744444 -0.0019411428 0.13964757)
(-0.017863325 0.0052425896 0.13970942)
(-0.014552973 -0.0072135497 0.13644547)
(-0.0073504744 0.0054527411 0.13623606)
(-0.0073029292 0.0054074444 0.13986128)
(-0.0073504744 -0.0054527411 0.13976394)
(-0.0073029292 -0.0054074444 0.13613872)
(-0.01461799 0.0071947286 0.13596257)
(-0.010483456 0.0072238184 0.13999532)
(-0.019744444 0.0019411428 0.13997698)
(-0.017803301 0.0053033009 0.13602302)
(-0.019744444 -0.0019411428 0.13602302)
(-0.01766516 -0.0054379339 0.13990399)
(-0.010558857 -0.0072444437 0.13602302)
(-0.014598982 -0.0072002969 0.14003574)
(-0.005480863 0.0026422938 0.13541193)
(-0.0054631388 -0.0025947225 0.1406145)
(-0.0054170664 -0.0024661817 0.13531599)
(-0.0054170664 0.0024661817 0.14068401)
(0.019433692 0.002859006 0.13800101)
(0.019433692 -0.002859006 0.13800005)
(0.014441143 0.0072444437 0.13635243)
(0.0071966991 -0.0053033009 0.13635243)
(0.0052555563 0.0019411428 0.13635243)
(0.014441143 -0.0072444437 0.13635243)
(0.010641447 0.0072660704 0.13970942)
(0.010558857 -0.0072444437 0.13964757)
(0.0052555563 -0.0019411428 0.13964757)
(0.0072793694 0.0053847021 0.13955453)
(0.017649526 0.0054527411 0.13623606)
(0.017697071 0.0054074444 0.13986128)
(0.017649526 -0.0054527411 0.13623606)
(0.017697071 -0.0054074444 0.13986128)
(0.010373191 0.0071921265 0.13609601)
(0.014521762 0.0072223596 0.14001522)
(0.0052555563 0.0019411428 0.13997698)
(0.0071966991 -0.0053033009 0.13997698)
(0.0052555563 -0.0019411428 0.13602302)
(0.007313851 0.0054179201 0.13596426)
(0.010558857 -0.0072444437 0.13602302)
(0.014516544 -0.0072238184 0.13999532)
(0.019519137 0.0026422938 0.13541193)
(0.019579759 -0.0024752791 0.14068058)
(0.019538944 -0.0025890669 0.13538259)
(0.019582934 0.0024661817 0.14068401)
(0.044433692 0.002859006 0.13800101)
(0.044433692 -0.002859006 0.13799899)
(0.032196699 0.0053033009 0.13964757)
(0.030255556 -0.0019411428 0.13635243)
(0.039441143 0.0072444437 0.13635243)
(0.035558857 -0.0072444437 0.13635243)
(0.039441143 -0.0072444437 0.13964757)
(0.032196699 -0.0053033009 0.13964757)
(0.03023393 0.0018585533 0.13970942)
(0.035558857 0.0072444437 0.13635243)
(0.042649526 0.0054527411 0.13623606)
(0.042697071 0.0054074444 0.13986128)
(0.042649526 -0.0054527411 0.13976394)
(0.042697071 -0.0054074444 0.13613872)
(0.030308864 0.0021301565 0.13609886)
(0.030255556 -0.0019411428 0.13997698)
(0.032196699 -0.0053033009 0.13602302)
(0.032157077 0.0052633808 0.13600397)
(0.039251075 0.0072927181 0.13991006)
(0.035558857 -0.0072444437 0.13997698)
(0.039516544 -0.0072238184 0.13600468)
(0.035598685 0.0072549983 0.13999155)
(0.044519137 0.0026422938 0.13541193)
(0.044536861 -0.0025947225 0.1406145)
(0.044582934 -0.0024661817 0.13531599)
(0.044582934 0.0024661817 0.14068401)
(-0.018066308 0.027859006 0.13800101)
(-0.018066308 0.022140994 0.13799899)
(-0.023058857 0.032244444 0.13635243)
(-0.032221878 0.022976519 0.13629058)
(-0.030303301 0.030303301 0.13964757)
(-0.026941143 0.017755556 0.13635243)
(-0.030303301 0.019696699 0.13964757)
(-0.023058857 0.017755556 0.13964757)
(-0.032273604 0.026828848 0.13644547)
(-0.026941143 0.032244444 0.13635243)
(-0.019850474 0.030452741 0.13623606)
(-0.019802929 0.030407444 0.13986128)
(-0.019850474 0.019547259 0.13976394)
(-0.019802929 0.019592556 0.13613872)
(-0.023248925 0.032292718 0.13991006)
(-0.032291969 0.023245807 0.13990399)
(-0.032285131 0.026782377 0.14003574)
(-0.030303301 0.030303301 0.13602302)
(-0.030303301 0.019696699 0.13602302)
(-0.026941143 0.017755556 0.13997698)
(-0.022983456 0.017776182 0.13600468)
(-0.026901315 0.032254998 0.13999155)
(-0.017980863 0.027642294 0.13541193)
(-0.017963139 0.022405277 0.1406145)
(-0.017917066 0.022533818 0.13531599)
(-0.017917066 0.027466182 0.14068401)
(0.006933692 0.027859006 0.13800101)
(0.006933692 0.022140994 0.13799899)
(0.0019411428 0.032244444 0.13635243)
(-0.0053033009 0.019696699 0.13612731)
(-0.0072444437 0.026941143 0.13964757)
(0.0019411428 0.017755556 0.13964757)
(-0.0053033009 0.030303301 0.13635243)
(-0.0019411428 0.032244444 0.13964757)
(-0.0019411428 0.017755556 0.13635243)
(-0.0072444437 0.023058857 0.13635243)
(0.0051495256 0.030452741 0.13623606)
(0.0051970708 0.030407444 0.13986128)
(0.0051495256 0.019547259 0.13976394)
(0.0051970708 0.019592556 0.13613872)
(0.0020165436 0.032223818 0.13999532)
(-0.0019411428 0.032244444 0.13602302)
(-0.0071947286 0.02288201 0.14003743)
(-0.0072444437 0.026941143 0.13602302)
(-0.0052764346 0.019669968 0.13981376)
(-0.0053033009 0.030303301 0.13997698)
(0.0020165436 0.017776182 0.13600468)
(-0.002102338 0.017800682 0.13999418)
(0.007019137 0.027642294 0.13541193)
(0.0070368612 0.022405277 0.1406145)
(0.0070829336 0.022533818 0.13531599)
(0.0070829336 0.027466182 0.14068401)
(0.031933692 0.027859006 0.13800101)
(0.031933692 0.022140994 0.13800005)
(0.026941143 0.032244444 0.13635243)
(0.017631376 0.023602367 0.1362665)
(0.019696699 0.030303301 0.13964757)
(0.02307073 0.017752385 0.13950999)
(0.027420102 0.01790119 0.13645757)
(0.019612237 0.019782529 0.13943552)
(0.017761945 0.026964832 0.13652694)
(0.023058857 0.032244444 0.13635243)
(0.030149526 0.030452741 0.13623606)
(0.030197071 0.030407444 0.13986128)
(0.030112204 0.019512252 0.13616376)
(0.030197071 0.019592556 0.13986128)
(0.02125 0.018504809 0.13662455)
(0.026751075 0.032292718 0.13991006)
(0.017693584 0.026693011 0.14007172)
(0.017686172 0.0233393 0.13989627)
(0.019696699 0.030303301 0.13602302)
(0.026941143 0.017755556 0.13997698)
(0.023098685 0.032254998 0.13999155)
(0.023990635 0.017568232 0.13582823)
(0.019078866 0.020396721 0.13583664)
(0.032019137 0.027642294 0.13541193)
(0.032079759 0.022524721 0.14068058)
(0.032030102 0.02238702 0.13537977)
(0.032082934 0.027466182 0.14068401)
(-0.035386751 0.025 0.216)
(0.035386751 0.025 0.216)
(-0.031933692 0.022140994 0.21599995)
(-0.018066308 0.022140994 0.21600005)
(-0.026941143 0.017755556 0.21764757)
(-0.023058857 0.017755556 0.21435243)
(-0.030149526 0.019547259 0.21776394)
(-0.030197071 0.019592556 0.21413872)
(-0.019850474 0.019547259 0.21423606)
(-0.019802929 0.019592556 0.21786128)
(-0.022983456 0.017776182 0.21799532)
(-0.027016544 0.017776182 0.21400468)
(-0.032038944 0.022410933 0.21861741)
(-0.017961056 0.022410933 0.21338259)
(-0.032079759 0.022524721 0.21331942)
(-0.017920241 0.022524721 0.21868058)
(-0.010374163 0.025 0.21569631)
(-0.014621694 0.025 0.21620375)
(-0.006933692 0.022140994 0.21599995)
(0.006933692 0.022140994 0.21600005)
(-0.0019411428 0.017755556 0.21764757)
(0.0019411428 0.017755556 0.21435243)
(-0.0051495256 0.019547259 0.21776394)
(-0.0051970708 0.019592556 0.21413872)
(0.0051495256 0.019547259 0.21423606)
(0.0051970708 0.019592556 0.21786128)
(-0.0020165436 0.017776182 0.21400468)
(0.0020165436 0.017776182 0.21799532)
(0.007038944 0.022410933 0.21338259)
(-0.007038944 0.022410933 0.21861741)
(0.0070797594 0.022524721 0.21868058)
(-0.0070797594 0.022524721 0.21331942)
(0.010005634 0.025 0.216)
(0.014613249 0.025 0.216)
(0.018066308 0.022140994 0.21599995)
(0.031933692 0.022140994 0.21600005)
(0.023058857 0.017755556 0.21764757)
(0.026941143 0.017755556 0.21435243)
(0.019850474 0.019547259 0.21776394)
(0.019802929 0.019592556 0.21413872)
(0.030149526 0.019547259 0.21423606)
(0.030197071 0.019592556 0.21786128)
(0.027016544 0.017776182 0.21799532)
(0.022983456 0.017776182 0.21400468)
(0.017961056 0.022410933 0.21861741)
(0.03202075 0.022361996 0.21340923)
(0.017920241 0.022524721 0.21331942)
(0.032079759 0.022524721 0.21868058)
(-0.018066308 -0.022140994 0.21600101)
(-0.018066308 -0.027859006 0.21600005)
(-0.023058857 -0.017755556 0.21435243)
(-0.032382893 -0.026320188 0.21443876)
(-0.030303301 -0.019696699 0.21435243)
(-0.02692927 -0.032247615 0.21750999)
(-0.032244444 -0.023058857 0.21764757)
(-0.026941143 -0.017755556 0.21764757)
(-0.022579898 -0.03209881 0.21445757)
(-0.030403507 -0.030201165 0.21743879)
(-0.019850474 -0.019547259 0.21423606)
(-0.019802929 -0.019592556 0.21786128)
(-0.019887796 -0.030487748 0.21416376)
(-0.019802929 -0.030407444 0.21786128)
(-0.02875 -0.031495191 0.21462455)
(-0.022983456 -0.017776182 0.21799532)
(-0.032244444 -0.026941143 0.21797698)
(-0.026941143 -0.017755556 0.21402302)
(-0.032244444 -0.023058857 0.21402302)
(-0.030303301 -0.019696699 0.21797698)
(-0.023058857 -0.032244444 0.21797698)
(-0.026009365 -0.032431768 0.21382823)
(-0.030921134 -0.029603279 0.21383664)
(-0.017969898 -0.02761298 0.21337977)
(-0.017917066 -0.022533818 0.21868401)
(-0.017980863 -0.022357706 0.21341193)
(-0.017920241 -0.027475279 0.21868058)
(0.006933692 -0.022140994 0.21600101)
(0.006933692 -0.027859006 0.21599899)
(0.0019411428 -0.017755556 0.21435243)
(-0.0053033009 -0.030303301 0.21435243)
(-0.0072444437 -0.023058857 0.21764757)
(0.0019411428 -0.032244444 0.21764757)
(-0.0019411428 -0.017755556 0.21764757)
(-0.0053033009 -0.019696699 0.21435243)
(-0.0019411428 -0.032244444 0.21435243)
(-0.0072660704 -0.026858553 0.21429058)
(0.0051495256 -0.019547259 0.21423606)
(0.0051970708 -0.019592556 0.21786128)
(0.0051495256 -0.030452741 0.21776394)
(0.0051970708 -0.030407444 0.21413872)
(0.0020165436 -0.017776182 0.21799532)
(-0.0071911357 -0.027130156 0.21790114)
(-0.0072444437 -0.023058857 0.21402302)
(-0.0019411428 -0.017755556 0.21402302)
(-0.0051642295 -0.030438817 0.21791773)
(-0.0053033009 -0.019696699 0.21797698)
(0.0020165436 -0.032223818 0.21400468)
(-0.0019818581 -0.032233411 0.21799239)
(0.0070829336 -0.022533818 0.21868401)
(0.007019137 -0.022357706 0.21341193)
(0.0070829336 -0.027466182 0.21331599)
(0.0070368612 -0.027594723 0.2186145)
(0.031933692 -0.022140994 0.21600101)
(0.031933692 -0.027859006 0.21599899)
(0.026941143 -0.017755556 0.21435243)
(0.017755556 -0.026941143 0.21435243)
(0.019696699 -0.019696699 0.21435243)
(0.023058857 -0.032244444 0.21435243)
(0.017755556 -0.023058857 0.21764757)
(0.023058857 -0.017755556 0.21764757)
(0.019696699 -0.030303301 0.21764757)
(0.026941143 -0.032244444 0.21764757)
(0.030149526 -0.019547259 0.21423606)
(0.030197071 -0.019592556 0.21786128)
(0.030149526 -0.030452741 0.21776394)
(0.030197071 -0.030407444 0.21413872)
(0.027016544 -0.017776182 0.21799532)
(0.017755556 -0.026941143 0.21797698)
(0.023058857 -0.017755556 0.21402302)
(0.019696699 -0.030303301 0.21402302)
(0.017755556 -0.023058857 0.21402302)
(0.019696699 -0.019696699 0.21797698)
(0.023058857 -0.032244444 0.21797698)
(0.027016544 -0.032223818 0.21400468)
(0.032082934 -0.027466182 0.21331599)
(0.032082934 -0.022533818 0.21868401)
(0.032019137 -0.022357706 0.21341193)
(0.032036861 -0.027594723 0.2186145)
(-0.030566308 -0.002859006 0.21600005)
(-0.030566308 0.002859006 0.21600101)
(-0.042803301 0.0053033009 0.21764757)
(-0.035558857 0.0072444437 0.21435243)
(-0.042794604 -0.0053119835 0.21750999)
(-0.035558857 -0.0072444437 0.21435243)
(-0.044553867 0.0025481299 0.21443876)
(-0.044780157 -0.0018025873 0.21743879)
(-0.038861133 -0.0073754537 0.21449654)
(-0.039441143 0.0072444437 0.21435243)
(-0.032350474 0.0054527411 0.21423606)
(-0.032302929 0.0054074444 0.21786128)
(-0.032350474 -0.0054527411 0.21423606)
(-0.032302929 -0.0054074444 0.21786128)
(-0.043995191 -0.00375 0.21462455)
(-0.044744444 0.0019411428 0.21797698)
(-0.042803301 0.0053033009 0.21402302)
(-0.035748925 0.0072927181 0.21791006)
(-0.038968485 -0.0073548319 0.21803896)
(-0.035622854 -0.0072612894 0.21793492)
(-0.039401315 0.0072549983 0.21799155)
(-0.04209002 -0.0059314175 0.21382823)
(-0.044929492 -0.0010259896 0.21383664)
(-0.030461056 -0.0025890669 0.21338259)
(-0.030420241 -0.0024752791 0.21868058)
(-0.030480863 0.0026422938 0.21341193)
(-0.030417066 0.0024661817 0.21868401)
(-0.005566308 0.002859006 0.21600101)
(-0.005566308 -0.002859006 0.21599899)
(-0.010558857 0.0072444437 0.21435243)
(-0.017863325 -0.0052425896 0.21429058)
(-0.019744444 0.0019411428 0.21435243)
(-0.010558857 -0.0072444437 0.21764757)
(-0.014441143 0.0072444437 0.21764757)
(-0.019744444 -0.0019411428 0.21764757)
(-0.017863325 0.0052425896 0.21770942)
(-0.014552973 -0.0072135497 0.21444547)
(-0.0073504744 0.0054527411 0.21423606)
(-0.0073029292 0.0054074444 0.21786128)
(-0.0073504744 -0.0054527411 0.21776394)
(-0.0073029292 -0.0054074444 0.21413872)
(-0.01461799 0.0071947286 0.21396257)
(-0.010483456 0.0072238184 0.21799532)
(-0.019744444 0.0019411428 0.21797698)
(-0.017803301 0.0053033009 0.21402302)
(-0.019744444 -0.0019411428 0.21402302)
(-0.01766516 -0.0054379339 0.21790399)
(-0.010558857 -0.0072444437 0.21402302)
(-0.014598982 -0.0072002969 0.21803574)
(-0.0054170664 -0.0024661817 0.21331599)
(-0.005480863 0.0026422938 0.21341193)
(-0.0054170664 0.0024661817 0.21868401)
(-0.0054631388 -0.0025947225 0.2186145)
(0.019433692 0.002859006 0.21600101)
(0.019433692 -0.002859006 0.21600005)
(0.014441143 0.0072444437 0.21435243)
(0.0071966991 -0.0053033009 0.21435243)
(0.0052555563 0.0019411428 0.21435243)
(0.014441143 -0.0072444437 0.21435243)
(0.010558857 0.0072444437 0.21764757)
(0.0052555563 -0.0019411428 0.21764757)
(0.010558857 -0.0072444437 0.21764757)
(0.0071366751 0.0052425896 0.21770942)
(0.017649526 0.0054527411 0.21423606)
(0.017697071 0.0054074444 0.21786128)
(0.017649526 -0.0054527411 0.21423606)
(0.017697071 -0.0054074444 0.21786128)
(0.01038201 0.0071947286 0.21396257)
(0.014516544 0.0072238184 0.21799532)
(0.0052555563 0.0019411428 0.21797698)
(0.0071966991 -0.0053033009 0.21797698)
(0.0052555563 -0.0019411428 0.21402302)
(0.0071966991 0.0053033009 0.21402302)
(0.010558857 -0.0072444437 0.21402302)
(0.014516544 -0.0072238184 0.21799532)
(0.019538944 -0.0025890669 0.21338259)
(0.019579759 -0.0024752791 0.21868058)
(0.019519137 0.0026422938 0.21341193)
(0.019582934 0.0024661817 0.21868401)
(0.044433692 0.002859006 0.21600101)
(0.044433692 -0.002859006 0.21600005)
(0.032196699 0.0053033009 0.21764757)
(0.030117107 -0.0013201881 0.21443876)
(0.039441143 0.0072444437 0.21435243)
(0.03557073 -0.0072476147 0.21750999)
(0.039920102 -0.0070988102 0.21445757)
(0.030252307 0.001928976 0.21773718)
(0.032096493 -0.0052011647 0.21743879)
(0.035558857 0.0072444437 0.21435243)
(0.042649526 0.0054527411 0.21423606)
(0.042697071 0.0054074444 0.21786128)
(0.042612204 -0.0054877475 0.21416376)
(0.042697071 -0.0054074444 0.21786128)
(0.03375 -0.0064951905 0.21462455)
(0.030324259 0.0021814538 0.21408294)
(0.030255556 -0.0019411428 0.21797698)
(0.032196699 0.0053033009 0.21402302)
(0.039251075 0.0072927181 0.21791006)
(0.039441143 -0.0072444437 0.21797698)
(0.035598685 0.0072549983 0.21799155)
(0.036490635 -0.0074317684 0.21382823)
(0.031578866 -0.0046032789 0.21383664)
(0.044530102 -0.0026129802 0.21337977)
(0.044582934 0.0024661817 0.21868401)
(0.044519137 0.0026422938 0.21341193)
(0.044579759 -0.0024752791 0.21868058)
(0.035386751 -0.025 0.294)
(-0.035386751 -0.025 0.294)
(0.031933692 -0.022140994 0.29400101)
(0.018066308 -0.022140994 0.29399899)
(0.026941143 -0.017755556 0.29235243)
(0.023058857 -0.017755556 0.29564757)
(0.030149526 -0.019547259 0.29223606)
(0.030197071 -0.019592556 0.29586128)
(0.019850474 -0.019547259 0.29576394)
(0.019802929 -0.019592556 0.29213872)
(0.027016544 -0.017776182 0.29599532)
(0.022983456 -0.017776182 0.29200468)
(0.017917066 -0.022533818 0.29131599)
(0.032019137 -0.022357706 0.29141193)
(0.017963139 -0.022405277 0.2966145)
(0.032082934 -0.022533818 0.29668401)
(0.014994366 -0.025 0.294)
(0.010386751 -0.025 0.294)
(0.006933692 -0.022140994 0.29400101)
(-0.006933692 -0.022140994 0.29399899)
(0.0019411428 -0.017755556 0.29235243)
(-0.0019411428 -0.017755556 0.29564757)
(0.0051495256 -0.019547259 0.29223606)
(0.0051970708 -0.019592556 0.29586128)
(-0.0051495256 -0.019547259 0.29576394)
(-0.0051970708 -0.019592556 0.29213872)
(0.0020165436 -0.017776182 0.29599532)
(-0.0020165436 -0.017776182 0.29200468)
(-0.0070829336 -0.022533818 0.29131599)
(0.007019137 -0.022357706 0.29141193)
(-0.0070368612 -0.022405277 0.2966145)
(0.0070829336 -0.022533818 0.29668401)
(-0.010005634 -0.025 0.294)
(-0.014613249 -0.025 0.294)
(-0.018066308 -0.022140994 0.29400101)
(-0.031933692 -0.022140994 0.29399899)
(-0.023058857 -0.017755556 0.29235243)
(-0.026941143 -0.017755556 0.29564757)
(-0.019850474 -0.019547259 0.29223606)
(-0.019802929 -0.019592556 0.29586128)
(-0.030149526 -0.019547259 0.29576394)
(-0.030197071 -0.019592556 0.29213872)
(-0.022983456 -0.017776182 0.29599532)
(-0.027016544 -0.017776182 0.29200468)
(-0.032082934 -0.022533818 0.29131599)
(-0.017980863 -0.022357706 0.29141193)
(-0.032036861 -0.022405277 0.2966145)
(-0.017917066 -0.022533818 0.29668401)
(-0.030566308 0.002859006 0.29400101)
(-0.030566308 -0.002859006 0.29400005)
(-0.042803301 0.0053033009 0.29235243)
(-0.035558857 0.0072444437 0.29235243)
(-0.042803301 -0.0053033009 0.29235243)
(-0.035558857 -0.0072444437 0.29235243)
(-0.044721878 0.0020234809 0.29570942)
(-0.039441143 0.0072444437 0.29564757)
(-0.039441143 -0.0072444437 0.29564757)
(-0.044773604 -0.0018288477 0.29555453)
(-0.032350474 0.0054527411 0.29223606)
(-0.032302929 0.0054074444 0.29586128)
(-0.032350474 -0.0054527411 0.29223606)
(-0.032302929 -0.0054074444 0.29586128)
(-0.042803301 0.0053033009 0.29597698)
(-0.044791969 0.0017541926 0.29209601)
(-0.042803301 -0.0053033009 0.29597698)
(-0.044785131 -0.0017823767 0.29196426)
(-0.039441143 0.0072444437 0.29202302)
(-0.035483456 0.0072238184 0.29599532)
(-0.039441143 -0.0072444437 0.29202302)
(-0.035483456 -0.0072238184 0.29599532)
(-0.030420241 -0.0024752791 0.29668058)
(-0.030480863 0.0026422938 0.29141193)
(-0.030417066 0.0024661817 0.29668401)
(-0.030461056 -0.0025890669 0.29138259)
(-0.005566308 0.002859006 0.29400101)
(-0.005566308 -0.002859006 0.29400005)
(-0.010558857 0.0072444437 0.29235243)
(-0.017803301 -0.0053033009 0.29235243)
(-0.019744444 0.0019411428 0.29235243)
(-0.010558857 -0.0072444437 0.29235243)
(-0.014358553 0.0072660704 0.29570942)
(-0.019744444 -0.0019411428 0.29564757)
(-0.014441143 -0.0072444437 0.29564757)
(-0.017720631 0.0053847021 0.29555453)
(-0.0073504744 0.0054527411 0.29223606)
(-0.0073029292 0.0054074444 0.29586128)
(-0.0073504744 -0.0054527411 0.29223606)
(-0.0073029292 -0.0054074444 0.29586128)
(-0.014626809 0.0071921265 0.29209601)
(-0.019744444 0.0019411428 0.29597698)
(-0.010478238 0.0072223596 0.29601522)
(-0.017803301 -0.0053033009 0.29597698)
(-0.019744444 -0.0019411428 0.29202302)
(-0.017686149 0.0054179201 0.29196426)
(-0.014441143 -0.0072444437 0.29202302)
(-0.010483456 -0.0072238184 0.29599532)
(-0.0054202406 -0.0024752791 0.29668058)
(-0.005480863 0.0026422938 0.29141193)
(-0.0054170664 0.0024661817 0.29668401)
(-0.005461056 -0.0025890669 0.29138259)
(0.019433692 0.002859006 0.29400101)
(0.019433692 -0.002859006 0.29399899)
(0.014441143 0.0072444437 0.29235243)
(0.0052555563 0.0019411428 0.29235243)
(0.0071366751 -0.0052425896 0.29229058)
(0.014441143 -0.0072444437 0.29564757)
(0.010641447 0.0072660704 0.29570942)
(0.0052555563 -0.0019411428 0.29564757)
(0.0072793694 0.0053847021 0.29555453)
(0.010447027 -0.0072135497 0.29244547)
(0.017649526 0.0054527411 0.29223606)
(0.017697071 0.0054074444 0.29586128)
(0.017649526 -0.0054527411 0.29576394)
(0.017697071 -0.0054074444 0.29213872)
(0.010373191 0.0071921265 0.29209601)
(0.014521762 0.0072223596 0.29601522)
(0.0052555563 0.0019411428 0.29597698)
(0.0073348402 -0.0054379339 0.29590399)
(0.0052555563 -0.0019411428 0.29202302)
(0.007313851 0.0054179201 0.29196426)
(0.014441143 -0.0072444437 0.29202302)
(0.010401018 -0.0072002969 0.29603574)
(0.019536861 -0.0025947225 0.2966145)
(0.019519137 0.0026422938 0.29141193)
(0.019582934 0.0024661817 0.29668401)
(0.019582934 -0.0024661817 0.29131599)
(0.044433692 0.002859006 0.29400101)
(0.044433692 -0.002859006 0.29399899)
(0.032196699 0.0053033009 0.29235243)
(0.030255556 -0.0019411428 0.29235243)
(0.039441143 0.0072444437 0.29235243)
(0.035558857 -0.0072444437 0.29235243)
(0.030255556 0.0019411428 0.29564757)
(0.035558857 0.0072444437 0.29564757)
(0.032196699 -0.0053033009 0.29564757)
(0.039441143 -0.0072444437 0.29564757)
(0.042649526 0.0054527411 0.29223606)
(0.042697071 0.0054074444 0.29586128)
(0.042649526 -0.0054527411 0.29576394)
(0.042697071 -0.0054074444 0.29213872)
(0.032196699 0.0053033009 0.29597698)
(0.030255556 0.0019411428 0.29202302)
(0.032196699 -0.0053033009 0.29202302)
(0.030255556 -0.0019411428 0.29597698)
(0.035558857 0.0072444437 0.29202302)
(0.039516544 0.0072238184 0.29599532)
(0.035558857 -0.0072444437 0.29597698)
(0.039516544 -0.0072238184 0.29200468)
(0.044536861 -0.0025947225 0.2966145)
(0.044519137 0.0026422938 0.29141193)
(0.044582934 0.0024661817 0.29668401)
(0.044582934 -0.0024661817 0.29131599)
(-0.018066308 0.027859006 0.29400101)
(-0.018066308 0.022140994 0.29400005)
(-0.023058857 0.032244444 0.29235243)
(-0.032244444 0.023058857 0.29235243)
(-0.030303301 0.030303301 0.29564757)
(-0.026941143 0.017755556 0.29564757)
(-0.023058857 0.017755556 0.29235243)
(-0.032221878 0.027023481 0.29229058)
(-0.026941143 0.032244444 0.29235243)
(-0.030303301 0.019696699 0.29235243)
(-0.019850474 0.030452741 0.29223606)
(-0.019802929 0.030407444 0.29586128)
(-0.019850474 0.019547259 0.29223606)
(-0.019802929 0.019592556 0.29586128)
(-0.023248925 0.032292718 0.29591006)
(-0.032292784 0.026750798 0.29590114)
(-0.032191763 0.022871961 0.29591773)
(-0.030303301 0.030303301 0.29202302)
(-0.026941143 0.017755556 0.29202302)
(-0.022983456 0.017776182 0.29599532)
(-0.026901315 0.032254998 0.29599155)
(-0.030333045 0.019726611 0.29599239)
(-0.017920241 0.022524721 0.29668058)
(-0.017980863 0.027642294 0.29141193)
(-0.017917066 0.027466182 0.29668401)
(-0.017961056 0.022410933 0.29138259)
(0.006933692 0.027859006 0.29400101)
(0.006933692 0.022140994 0.29400005)
(0.0019411428 0.032244444 0.29235243)
(-0.0072444437 0.023058857 0.29235243)
(-0.0053033009 0.030303301 0.29564757)
(-0.0019411428 0.017755556 0.29564757)
(0.0019411428 0.017755556 0.29235243)
(-0.0019411428 0.032244444 0.29235243)
(-0.0053033009 0.019696699 0.29235243)
(-0.0072218782 0.027023481 0.29229058)
(0.0051495256 0.030452741 0.29223606)
(0.0051970708 0.030407444 0.29586128)
(0.0051495256 0.019547259 0.29223606)
(0.0051970708 0.019592556 0.29586128)
(-0.0072927845 0.026750798 0.29590114)
(0.0017510747 0.032292718 0.29591006)
(-0.0071917626 0.022871961 0.29591773)
(-0.0053033009 0.030303301 0.29202302)
(-0.0019411428 0.017755556 0.29202302)
(0.0020165436 0.017776182 0.29599532)
(-0.0019013151 0.032254998 0.29599155)
(-0.0053330451 0.019726611 0.29599239)
(0.007019137 0.027642294 0.29141193)
(0.0070797594 0.022524721 0.29668058)
(0.0070829336 0.027466182 0.29668401)
(0.007038944 0.022410933 0.29138259)
(0.031933692 0.027859006 0.29400101)
(0.031933692 0.022140994 0.29400005)
(0.026941143 0.032244444 0.29235243)
(0.017755556 0.023058857 0.29235243)
(0.019696699 0.030303301 0.29564757)
(0.023058857 0.017755556 0.29564757)
(0.026941143 0.017755556 0.29235243)
(0.017778122 0.027023481 0.29229058)
(0.023058857 0.032244444 0.29235243)
(0.019696699 0.019696699 0.29235243)
(0.030149526 0.030452741 0.29223606)
(0.030197071 0.030407444 0.29586128)
(0.030149526 0.019547259 0.29223606)
(0.030197071 0.019592556 0.29586128)
(0.026751075 0.032292718 0.29591006)
(0.017707216 0.026750798 0.29590114)
(0.019696699 0.030303301 0.29202302)
(0.017808237 0.022871961 0.29591773)
(0.023058857 0.017755556 0.29202302)
(0.027016544 0.017776182 0.29599532)
(0.023098685 0.032254998 0.29599155)
(0.019666955 0.019726611 0.29599239)
(0.032079759 0.022524721 0.29668058)
(0.032019137 0.027642294 0.29141193)
(0.032082934 0.027466182 0.29668401)
(0.032038944 0.022410933 0.29138259)
(-0.035386751 0.025 0.372)
(0.035386751 0.025 0.372)
(-0.018066308 0.022140994 0.37200005)
(-0.031933692 0.022140994 0.37199995)
(-0.026941143 0.017755556 0.37364757)
(-0.023058857 0.017755556 0.37035243)
(-0.030149526 0.019547259 0.37376394)
(-0.030197071 0.019592556 0.37013872)
(-0.019850474 0.019547259 0.37023606)
(-0.019802929 0.019592556 0.37386128)
(-0.022983456 0.017776182 0.37399532)
(-0.027016544 0.017776182 0.37000468)
(-0.032038944 0.022410933 0.37461741)
(-0.017920241 0.022524721 0.37468058)
(-0.032079759 0.022524721 0.36931942)
(-0.017961056 0.022410933 0.36938259)
(-0.014613249 0.025 0.372)
(-0.010005634 0.025 0.372)
(-0.006933692 0.022140994 0.37200101)
(0.006933692 0.022140994 0.37199899)
(0.0019411428 0.017755556 0.37364757)
(-0.0019411428 0.017755556 0.37035243)
(-0.0051495256 0.019547259 0.37023606)
(-0.0051970708 0.019592556 0.37386128)
(0.0051495256 0.019547259 0.37376394)
(0.0051970708 0.019592556 0.37013872)
(0.0020165436 0.017776182 0.37000468)
(-0.0020165436 0.017776182 0.37399532)
(-0.0070829336 0.022533818 0.37468401)
(0.0070829336 0.022533818 0.36931599)
(0.0070368612 0.022405277 0.3746145)
(-0.0070368612 0.022405277 0.3693855)
(0.010005634 0.025 0.372)
(0.014613249 0.025 0.372)
(0.018066308 0.022140994 0.37200101)
(0.031933692 0.022140994 0.37199899)
(0.023058857 0.017755556 0.37035243)
(0.026941143 0.017755556 0.37364757)
(0.019850474 0.019547259 0.37023606)
(0.019802929 0.019592556 0.37386128)
(0.030149526 0.019547259 0.37376394)
(0.030197071 0.019592556 0.37013872)
(0.022983456 0.017776182 0.37399532)
(0.027016544 0.017776182 0.37000468)
(0.017917066 0.022533818 0.37468401)
(0.032019137 0.022357706 0.37458807)
(0.017963139 0.022405277 0.3693855)
(0.032082934 0.022533818 0.36931599)
(-0.018066308 -0.022140994 0.37200101)
(-0.018066308 -0.027859006 0.37200005)
(-0.023058857 -0.017755556 0.37035243)
(-0.03226607 -0.026858553 0.37029058)
(-0.030303301 -0.019696699 0.37035243)
(-0.026941143 -0.032244444 0.37364757)
(-0.032244444 -0.023058857 0.37364757)
(-0.026941143 -0.017755556 0.37364757)
(-0.023058857 -0.032244444 0.37035243)
(-0.030384702 -0.030220631 0.37044547)
(-0.019850474 -0.019547259 0.37023606)
(-0.019802929 -0.019592556 0.37386128)
(-0.019850474 -0.030452741 0.37023606)
(-0.019802929 -0.030407444 0.37386128)
(-0.022983456 -0.017776182 0.37399532)
(-0.032192126 -0.027126809 0.37390399)
(-0.026941143 -0.017755556 0.37002302)
(-0.030303301 -0.019696699 0.37397698)
(-0.032244444 -0.023058857 0.37002302)
(-0.026941143 -0.032244444 0.37002302)
(-0.022983456 -0.032223818 0.37399532)
(-0.03041792 -0.030186149 0.37403574)
(-0.017961056 -0.027589067 0.36938259)
(-0.017920241 -0.027475279 0.37468058)
(-0.017980863 -0.022357706 0.36941193)
(-0.017917066 -0.022533818 0.37468401)
(0.006933692 -0.027859006 0.37200005)
(0.006933692 -0.022140994 0.37200101)
(0.0019411428 -0.017755556 0.37035243)
(-0.0072444437 -0.026941143 0.37012731)
(-0.0053033009 -0.019696699 0.37364757)
(-0.0019411428 -0.032244444 0.37364757)
(0.0019411428 -0.032244444 0.37035243)
(-0.0019411428 -0.017755556 0.37035243)
(-0.0053033009 -0.030303301 0.37035243)
(-0.0072444437 -0.023058857 0.37035243)
(0.0051495256 -0.019547259 0.37023606)
(0.0051970708 -0.019592556 0.37386128)
(0.0051495256 -0.030452741 0.37023606)
(0.0051970708 -0.030407444 0.37386128)
(0.0017510747 -0.017707282 0.37391006)
(-0.0072898126 -0.023236869 0.37403743)
(-0.0072345422 -0.026977726 0.37381376)
(-0.0053033009 -0.019696699 0.37002302)
(-0.0019411428 -0.032244444 0.37002302)
(0.0020165436 -0.032223818 0.37399532)
(-0.0019013151 -0.017745002 0.37399155)
(-0.005420337 -0.030183623 0.37399418)
(0.007038944 -0.027589067 0.36938259)
(0.0070797594 -0.027475279 0.37468058)
(0.007019137 -0.022357706 0.36941193)
(0.0070829336 -0.022533818 0.37468401)
(0.031933692 -0.022140994 0.37200101)
(0.031933692 -0.027859006 0.37199899)
(0.026941143 -0.017755556 0.37035243)
(0.017755556 -0.026941143 0.37035243)
(0.019696699 -0.019696699 0.37364757)
(0.023058857 -0.032244444 0.37035243)
(0.019696699 -0.030303301 0.37364757)
(0.026941143 -0.032244444 0.37364757)
(0.017778122 -0.022976519 0.37029058)
(0.023058857 -0.017755556 0.37035243)
(0.030149526 -0.019547259 0.37023606)
(0.030197071 -0.019592556 0.37386128)
(0.030149526 -0.030452741 0.37376394)
(0.030197071 -0.030407444 0.37013872)
(0.026751075 -0.017707282 0.37391006)
(0.017707216 -0.023249202 0.37390114)
(0.019696699 -0.019696699 0.37002302)
(0.017741203 -0.02688676 0.37399603)
(0.019696699 -0.030303301 0.37002302)
(0.023058857 -0.032244444 0.37397698)
(0.027016544 -0.032223818 0.37000468)
(0.023098685 -0.017745002 0.37399155)
(0.032082934 -0.027466182 0.36931599)
(0.032036861 -0.027594723 0.3746145)
(0.032019137 -0.022357706 0.36941193)
(0.032082934 -0.022533818 0.37468401)
(-0.030566308 0.002859006 0.37200101)
(-0.030566308 -0.002859006 0.37200005)
(-0.042803301 0.0053033009 0.37364757)
(-0.035558857 0.0072444437 0.37035243)
(-0.042803301 -0.0053033009 0.37035243)
(-0.035558857 -0.0072444437 0.37035243)
(-0.044744444 0.0019411428 0.37035243)
(-0.044744444 -0.0019411428 0.37364757)
(-0.039441143 -0.0072444437 0.37364757)
(-0.039441143 0.0072444437 0.37035243)
(-0.032350474 0.0054527411 0.37023606)
(-0.032302929 0.0054074444 0.37386128)
(-0.032350474 -0.0054527411 0.37023606)
(-0.032302929 -0.0054074444 0.37386128)
(-0.042803301 -0.0053033009 0.37397698)
(-0.044744444 0.0019411428 0.37397698)
(-0.044744444 -0.0019411428 0.37002302)
(-0.042803301 0.0053033009 0.37002302)
(-0.035748925 0.0072927181 0.37391006)
(-0.039441143 -0.0072444437 0.37002302)
(-0.035483456 -0.0072238184 0.37399532)
(-0.039401315 0.0072549983 0.37399155)
(-0.030420241 -0.0024752791 0.37468058)
(-0.030417066 0.0024661817 0.37468401)
(-0.030480863 0.0026422938 0.36941193)
(-0.030461056 -0.0025890669 0.36938259)
(-0.005566308 0.002859006 0.37200101)
(-0.005566308 -0.002859006 0.37199899)
(-0.010558857 0.0072444437 0.37035243)
(-0.017863325 -0.0052425896 0.37029058)
(-0.019744444 0.0019411428 0.37035243)
(-0.010558857 -0.0072444437 0.37364757)
(-0.014441143 0.0072444437 0.37364757)
(-0.019744444 -0.0019411428 0.37364757)
(-0.017863325 0.0052425896 0.37370942)
(-0.014552973 -0.0072135497 0.37044547)
(-0.0073504744 0.0054527411 0.37023606)
(-0.0073029292 0.0054074444 0.37386128)
(-0.0073504744 -0.0054527411 0.37376394)
(-0.0073029292 -0.0054074444 0.37013872)
(-0.01461799 0.0071947286 0.36996257)
(-0.019744444 0.0019411428 0.37397698)
(-0.010483456 0.0072238184 0.37399532)
(-0.01766516 -0.0054379339 0.37390399)
(-0.019744444 -0.0019411428 0.37002302)
(-0.017803301 0.0053033009 0.37002302)
(-0.010558857 -0.0072444437 0.37002302)
(-0.014598982 -0.0072002969 0.37403574)
(-0.0054170664 -0.0024661817 0.36931599)
(-0.0054631388 -0.0025947225 0.3746145)
(-0.0054170664 0.0024661817 0.37468401)
(-0.005480863 0.0026422938 0.36941193)
(0.019433692 0.002859006 0.37200101)
(0.019433692 -0.002859006 0.37200005)
(0.014441143 0.0072444437 0.37035243)
(0.0052555563 0.0019411428 0.37035243)
(0.0071966991 -0.0053033009 0.37035243)
(0.014441143 -0.0072444437 0.37035243)
(0.010558857 0.0072444437 0.37364757)
(0.0052555563 -0.0019411428 0.37364757)
(0.010558857 -0.0072444437 0.37364757)
(0.0071366751 0.0052425896 0.37370942)
(0.017649526 0.0054527411 0.37023606)
(0.017697071 0.0054074444 0.37386128)
(0.017649526 -0.0054527411 0.37023606)
(0.017697071 -0.0054074444 0.37386128)
(0.01038201 0.0071947286 0.36996257)
(0.014516544 0.0072238184 0.37399532)
(0.0052555563 0.0019411428 0.37397698)
(0.0071966991 -0.0053033009 0.37397698)
(0.0052555563 -0.0019411428 0.37002302)
(0.0071966991 0.0053033009 0.37002302)
(0.010558857 -0.0072444437 0.37002302)
(0.014516544 -0.0072238184 0.37399532)
(0.019579759 -0.0024752791 0.37468058)
(0.019582934 0.0024661817 0.37468401)
(0.019519137 0.0026422938 0.36941193)
(0.019538944 -0.0025890669 0.36938259)
(0.044433692 0.002859006 0.37200101)
(0.044433692 -0.002859006 0.37200005)
(0.030114112 0.0013033277 0.37043864)
(0.035569852 0.0072473808 0.37351059)
(0.032196699 -0.0053033009 0.37035243)
(0.039441143 -0.0072444437 0.37035243)
(0.039908918 0.0071026133 0.37045755)
(0.030255556 -0.0019411428 0.37364757)
(0.035558857 -0.0072444437 0.37364757)
(0.03209426 0.0051988441 0.3734378)
(0.042609282 0.0054904675 0.37016416)
(0.042697071 0.0054074444 0.37386128)
(0.042649526 -0.0054527411 0.37023606)
(0.042697071 -0.0054074444 0.37386128)
(0.030255556 0.0019411428 0.37397698)
(0.033744238 0.0064918605 0.37057254)
(0.030255556 -0.0019411428 0.37002302)
(0.032196699 -0.0053033009 0.37397698)
(0.039441143 0.0072444437 0.37397698)
(0.035558857 -0.0072444437 0.37002302)
(0.039516544 -0.0072238184 0.37399532)
(0.031568583 0.0045900204 0.36982823)
(0.03647401 0.0074294916 0.36983664)
(0.044579759 -0.0024752791 0.37468058)
(0.044527789 0.002619196 0.36938275)
(0.044582934 0.0024661817 0.37468401)
(0.044538944 -0.0025890669 0.36938259)
(0.017087074 0.031954329 0.133)
(-0.0071338648 0.032197748 0.133)
(-0.0076766597 0.01759246 0.133)
(-0.0325 0.0175 0.133)
(0.01732334 0.01759246 0.133)
(0.0048294358 -0.0074379988 0.133)
(0.029840176 -0.0073656913 0.133)
(-0.019943111 -0.0074949687 0.133)
(-0.0049288798 0.0077158417 0.133)
(-0.029995884 0.0074846387 0.133)
(0.02 0.0075 0.133)
(0.0325 -0.0175 0.133)
(0.0076705642 -0.017562001 0.133)
(-0.017329436 -0.017562001 0.133)
(0.0175 -0.0175 0.133)
(-0.032247508 -0.017832754 0.133)
(-0.0075 -0.0175 0.133)
(-0.0175 0.0175 0.133)
(0.0075 0.0175 0.133)
(0.03025274 0.0077517636 0.133)
(0.005 0.0075 0.133)
(0.032239624 0.01737365 0.133)
(-0.0049896129 -0.0073040747 0.133)
(0.02 -0.0075 0.133)
(-0.029688561 -0.0075571008 0.133)
(-0.02 0.0075 0.133)
(-0.016851061 0.032310466 0.133)
(0.0088070911 0.031952754 0.133)
(0.004339402 0.035115709 0.133)
(-0.0022274137 0.035255125 0.133)
(0.037690804 0.010482609 0.133)
(-0.037690804 0.010482609 0.133)
(-0.010448681 0.027808389 0.133)
(0.014440025 0.027773615 0.133)
(0.0021496622 0.002765051 0.133)
(-0.022745191 0.0027451905 0.133)
(0.026912021 0.0025901392 0.133)
(-0.026912021 -0.0025901392 0.133)
(-0.014754809 0.022254809 0.133)
(0.010245191 0.022254809 0.133)
(-0.0017470357 -0.0024104829 0.133)
(0.022745191 -0.0027451905 0.133)
(-0.014138239 -0.020925397 0.133)
(0.010861761 -0.020925397 0.133)
(0.015401287 0.010333733 0.133)
(-0.0095987128 0.010333733 0.133)
(-0.02199825 -0.014182207 0.133)
(0.027772135 -0.014490725 0.133)
(-0.0028239029 0.014635833 0.133)
(0.022321184 0.014952343 0.133)
(0.0026372473 -0.014769505 0.133)
(-0.015245191 -0.010245191 0.133)
(-0.027745191 0.014754809 0.133)
(0.034754809 -0.010245191 0.133)
(0.0098627527 -0.010230495 0.133)
(-0.015301627 0.010792141 0.133)
(0.01512944 -0.010471172 0.133)
(0.0096983731 0.010792141 0.133)
(-0.00987056 -0.010471172 0.133)
(-0.035041514 -0.010788539 0.133)
(-0.041226854 -0.0096817984 0.133)
(0.027745191 0.014754809 0.133)
(-0.027745191 -0.014754809 0.133)
(0.022254809 -0.014754809 0.133)
(-0.022466664 0.014514591 0.133)
(-0.0027451905 -0.014754809 0.133)
(0.0027451905 0.014754809 0.133)
(0.025 -0.011392651 0.133)
(0.011406679 -0.016830763 0.133)
(-0.013593321 -0.016830763 0.133)
(-0.0058253759 0.038333236 0.133)
(0.02571569 0.0068036743 0.133)
(-0.025601859 -0.0065601462 0.133)
(-0.037824953 -0.016105389 0.133)
(0.038608558 -0.010983675 0.133)
(-0.033574764 0.010132671 0.133)
(0.033636151 0.010175194 0.133)
(0.013066807 0.031124646 0.133)
(0.011163268 0.037657269 0.133)
(0.020331596 0.035567659 0.133)
(-0.011534252 0.032788198 0.133)
(-0.027254809 0.0047548095 0.133)
(-0.026369287 0.0085246213 0.133)
(-0.0022548095 0.0047548095 0.133)
(-0.0012047269 0.0084105031 0.133)
(-0.010245191 0.020245191 0.133)
(-0.011167027 0.016516324 0.133)
(0.0021106126 -0.0047868929 0.133)
(0.0013175132 -0.0085221952 0.133)
(0.014754809 0.020245191 0.133)
(0.013832973 0.016516324 0.133)
(0.026722154 -0.0049010653 0.133)
(-0.014191722 0.03833416 0.133)
(0.0056149688 0.011706711 0.133)
(-0.019414264 0.01172435 0.133)
(0.019225323 0.011540715 0.133)
(-0.0057966612 0.011709346 0.133)
(-0.014795379 0.028609509 0.133)
(0.022745191 0.0027451905 0.133)
(0.010229274 0.028266836 0.133)
(-0.0099323698 -0.019483647 0.133)
(0.01506763 -0.019483647 0.133)
(-0.022856479 -0.0029425201 0.133)
(0.035967913 -0.01984362 0.133)
(0.035136997 0.014463308 0.133)
(0.040945636 0.0114909 0.133)
(-0.035156212 0.014476807 0.133)
(-0.040948381 0.011492828 0.133)
(-0.026347543 0.0010812434 0.133)
(0.026459591 -0.0011734963 0.133)
(0.023771206 -0.006507434 0.133)
(0.00125 -0.0010048095 0.133)
(0.01375 0.023995191 0.133)
(-0.01125 0.023995191 0.133)
(0.035641891 -0.014581495 0.133)
(0.040658574 -0.015783282 0.133)
(0.03163507 -0.013098541 0.133)
(0.0036322163 -0.011285934 0.133)
(0.008905149 -0.013772893 0.133)
(-0.01621434 -0.013951142 0.133)
(-0.028970494 0.011157832 0.133)
(-0.035245191 -0.020245191 0.133)
(-0.035983509 0.019119939 0.133)
(0.035245191 0.020245191 0.133)
(0.029147225 0.011240559 0.133)
(-0.0086626241 0.014035849 0.133)
(0.01634104 0.014007744 0.133)
(-0.03111611 0.014421155 0.133)
(0.031605773 0.01388855 0.133)
(0.025239017 0.011805185 0.133)
(-0.0016001819 0.0012069871 0.133)
(-0.020331596 0.035567659 0.133)
(-0.011991652 0.013013917 0.133)
(0.013008348 0.013013917 0.133)
(1.7278706e-05 -0.012161184 0.133)
(-0.012977705 -0.012909932 0.133)
(-0.018789701 -0.011099606 0.133)
(-0.022808941 -0.0096817252 0.133)
(0.01204937 -0.012886963 0.133)
(0.014703484 -0.015309637 0.133)
(0.017719342 -0.013515102 0.133)
(-0.01029769 -0.015310634 0.133)
(-0.0072795048 -0.013511778 0.133)
(-0.0026100293 -0.0093774113 0.133)
(0.010427292 0.015171281 0.133)
(-0.014572708 0.015171281 0.133)
(-0.025569851 0.012206754 0.133)
(-0.022867467 0.0096042793 0.133)
(-0.023406849 0.0061552431 0.133)
(-0.0016025843 -0.0061110349 0.133)
(0.010824587 0.018831276 0.133)
(-0.014175413 0.018831276 0.133)
(0.045 -0.0075 0.133)
(0.00086654481 0.0060270791 0.133)
(-0.025130939 -0.012784056 0.133)
(-0.028496384 -0.011441736 0.133)
(-0.031327647 -0.01333225 0.133)
(0.0023651391 0.0089583968 0.133)
(-3.0493665e-06 0.012257703 0.133)
(0.02607695 -0.0084510067 0.133)
(0.028671225 -0.010806546 0.133)
(0.022369457 -0.0093314626 0.133)
(0.022252749 0.0059839223 0.133)
(0.022904581 0.0093056847 0.133)
(-0.022365939 -0.0059906465 0.133)
(-0.031660821 -0.0099229633 0.133)
(-0.017493803 0.01431881 0.133)
(0.0075083281 0.014317525 0.133)
(-0.0065502183 -0.010051318 0.133)
(0.018342084 -0.010118787 0.133)
(0.0068531379 -0.010345033 0.133)
(0.0057069607 -0.01486251 0.133)
(-0.019116345 -0.015059953 0.133)
(0.031712946 -0.0098808842 0.133)
(-0.0039654069 -0.011997961 0.133)
(-0.0057419696 0.015295659 0.133)
(0.019384041 0.014974195 0.133)
(-0.025812783 -0.0097521563 0.133)
(0.021026502 -0.012018896 0.133)
(0.042583495 -0.010914714 0.133)
(0.0012568891 0.040120702 0.133)
(-0.0028898191 0.010955064 0.133)
(0.0027268422 0.011900958 0.133)
(-0.034138673 -0.015045053 0.133)
(-0.013749774 0.02553358 0.133)
(-0.023566528 6.04974e-17 0.133)
(0.011185363 0.025327207 0.133)
(0.023566528 -3.2294014e-18 0.133)
(0.02681467 0.009431884 0.133)
(0.025006736 -0.014534546 0.133)
(-0.028301813 -0.0051143466 0.133)
(0.028142119 0.0054027751 0.133)
(0.022153949 0.012289965 0.133)
(0.019614544 -0.015672117 0.133)
(-0.0053854558 -0.015672117 0.133)
(0.0072658355 0.0091235107 0.133)
(0.01781225 0.0091746911 0.133)
(-0.017741473 0.0091279205 0.133)
(-0.0071343692 0.0092935452 0.133)
(0.030164301 -0.015898519 0.133)
(-0.030225265 -0.015949575 0.133)
(0.025 0.014547776 0.133)
(0.0053585924 0.01554071 0.133)
(-0.01980417 0.016000559 0.133)
(0.012418136 -0.010284572 0.133)
(-0.02513959 0.014726997 0.133)
(-0.012648364 -0.010281574 0.133)
(-2.2666138e-05 -0.014796375 0.133)
(-0.012391427 0.010382904 0.133)
(0.012608573 0.010382904 0.133)
(0.0035968025 0.0051402635 0.133)
(0.021387946 -0.0051314579 0.133)
(0.030085147 0.016130455 0.133)
(-0.028651791 0.0023965132 0.133)
(0.017087074 0.031954329 0.143)
(-0.0071338648 0.032197748 0.143)
(-0.0076766597 0.01759246 0.143)
(-0.032447663 0.017686269 0.143)
(0.017329436 0.017562001 0.143)
(0.0048294358 -0.0074379988 0.143)
(0.029818282 -0.0073850961 0.143)
(-0.02 -0.0075 0.143)
(-0.0049288798 0.0077158417 0.143)
(0.019943111 0.0074949687 0.143)
(-0.02992888 0.0077158417 0.143)
(0.0325 -0.0175 0.143)
(0.0076705642 -0.017562001 0.143)
(-0.017329436 -0.017562001 0.143)
(0.0175 -0.0175 0.143)
(-0.032239624 -0.01737365 0.143)
(-0.0075 -0.0175 0.143)
(-0.0175 0.0175 0.143)
(0.0075 0.0175 0.143)
(0.029688561 0.0075571008 0.143)
(0.005 0.0075 0.143)
(0.032247508 0.017832754 0.143)
(-0.0049896129 -0.0073040747 0.143)
(-0.02 0.0075 0.143)
(0.020009663 -0.0073051426 0.143)
(-0.03025274 -0.0077517636 0.143)
(-0.016851061 0.032310466 0.143)
(0.0088070911 0.031952754 0.143)
(0.004339402 0.035115709 0.143)
(-0.0022274137 0.035255125 0.143)
(-0.037690804 -0.010482609 0.143)
(-0.010448681 0.027808389 0.143)
(0.014440025 0.027773615 0.143)
(0.0021496622 0.002765051 0.143)
(-0.022745191 0.0027451905 0.143)
(0.026912021 0.0025901392 0.143)
(-0.014754809 0.022254809 0.143)
(0.010245191 0.022254809 0.143)
(-0.0017470357 -0.0024104829 0.143)
(-0.026912021 -0.0025901392 0.143)
(0.022745191 -0.0027451905 0.143)
(-0.014138239 -0.020925397 0.143)
(0.010861761 -0.020925397 0.143)
(0.015245191 0.010245191 0.143)
(-0.0095987128 0.010333733 0.143)
(-0.034754809 0.010245191 0.143)
(-0.037891329 0.010899915 0.143)
(-0.022329135 -0.014411182 0.143)
(0.027886686 -0.014607767 0.143)
(0.02199825 0.014182207 0.143)
(-0.0028239029 0.014635833 0.143)
(0.0026372473 -0.014769505 0.143)
(-0.015245191 -0.010245191 0.143)
(-0.027829355 0.01462639 0.143)
(0.034754809 -0.010245191 0.143)
(0.0098627527 -0.010230495 0.143)
(-0.015301627 0.010792141 0.143)
(0.01512944 -0.010471172 0.143)
(0.0096984176 0.010792151 0.143)
(-0.00987056 -0.010471172 0.143)
(0.035041514 0.010788539 0.143)
(0.041226854 0.0096817984 0.143)
(0.027745191 0.014754809 0.143)
(-0.027745191 -0.014754809 0.143)
(-0.022254809 0.014754809 0.143)
(-0.0027451905 -0.014754809 0.143)
(0.0027451905 0.014754809 0.143)
(0.022254809 -0.014754809 0.143)
(0.011406679 -0.016830763 0.143)
(-0.013593321 -0.016830763 0.143)
(-0.0058253759 0.038333236 0.143)
(0.025601859 0.0065601462 0.143)
(-0.025508726 -0.0066039277 0.143)
(0.037824953 0.016105389 0.143)
(0.038608558 -0.010983675 0.143)
(-0.033636151 -0.010175194 0.143)
(0.013066807 0.031124646 0.143)
(0.011163268 0.037657269 0.143)
(0.020331596 0.035567659 0.143)
(-0.011534252 0.032788198 0.143)
(-0.027182783 0.0047071189 0.143)
(-0.026192722 0.0084025547 0.143)
(-0.0022548095 0.0047548095 0.143)
(-0.0012047269 0.0084105031 0.143)
(0.027254809 -0.0047548095 0.143)
(0.026327031 -0.0084596126 0.143)
(-0.010245191 0.020245191 0.143)
(-0.011167027 0.016516324 0.143)
(0.0021106126 -0.0047868929 0.143)
(0.0013175132 -0.0085221952 0.143)
(0.014754809 0.020245191 0.143)
(0.013841546 0.016483152 0.143)
(-0.014191722 0.03833416 0.143)
(0.0056149612 0.011706719 0.143)
(-0.019385031 0.011706711 0.143)
(-0.0057966612 0.011709346 0.143)
(-0.031290564 0.011737352 0.143)
(-0.014795379 0.028609509 0.143)
(0.022856479 0.0029425201 0.143)
(0.010229274 0.028266836 0.143)
(-0.0099323698 -0.019483647 0.143)
(0.01506763 -0.019483647 0.143)
(-0.022889907 -0.003026664 0.143)
(0.035967913 -0.01984362 0.143)
(-0.035136997 -0.014463308 0.143)
(-0.040945636 -0.0114909 0.143)
(-0.026343169 0.0010783468 0.143)
(0.026422817 -0.0011189548 0.143)
(0.00125 -0.0010048095 0.143)
(0.01375 0.023995191 0.143)
(-0.01125 0.023995191 0.143)
(-0.034957034 0.014489139 0.143)
(0.035641891 -0.014581495 0.143)
(0.040658574 -0.015783282 0.143)
(0.031692352 -0.013337803 0.143)
(0.016255711 0.013893207 0.143)
(0.0036322163 -0.011285934 0.143)
(0.008905149 -0.013772893 0.143)
(-0.01621434 -0.013951142 0.143)
(-0.040948573 0.011554205 0.143)
(-0.035426477 0.019963557 0.143)
(-0.035245191 -0.020245191 0.143)
(0.035245191 0.020245191 0.143)
(-0.029147225 -0.011240559 0.143)
(-0.0086626241 0.014035849 0.143)
(-0.031605773 -0.01388855 0.143)
(-0.025348803 -0.012030624 0.143)
(-0.0016001819 0.0012069871 0.143)
(-0.020331596 0.035567659 0.143)
(-0.011991652 0.013013917 0.143)
(0.013009102 0.013014097 0.143)
(0.018795611 0.01109133 0.143)
(0.022809785 0.0096805428 0.143)
(1.7278706e-05 -0.012161184 0.143)
(-0.012977705 -0.012909932 0.143)
(-0.018784367 -0.011113411 0.143)
(0.01204937 -0.012886963 0.143)
(0.014703484 -0.015309637 0.143)
(0.017720534 -0.013512017 0.143)
(-0.01029769 -0.015310634 0.143)
(-0.0072795048 -0.013511778 0.143)
(0.01042876 0.015165755 0.143)
(-0.0026100293 -0.0093774113 0.143)
(-0.014572708 0.015171281 0.143)
(0.010825254 0.018827872 0.143)
(-0.0016025843 -0.0061110349 0.143)
(-0.014175413 0.018831276 0.143)
(0.028833462 -0.010953011 0.143)
(0.025066472 -0.012104131 0.143)
(0.022398765 -0.0093584893 0.143)
(0.023373679 -0.0061261867 0.143)
(-0.02307 -0.009568926 0.143)
(0.045 -0.0075 0.143)
(-0.024095619 0.0060119793 0.143)
(0.00086654481 0.0060270791 0.143)
(0.025131011 0.012783956 0.143)
(0.028496396 0.011441719 0.143)
(0.031327647 0.013332249 0.143)
(-0.022627741 0.0089551042 0.143)
(-0.025002053 0.012256195 0.143)
(0.002365138 0.0089583979 0.143)
(-3.0494466e-06 0.012257703 0.143)
(0.022366025 0.0059905259 0.143)
(-0.022481435 -0.0059637748 0.143)
(0.031660824 0.0099229598 0.143)
(-0.017491672 0.014317525 0.143)
(0.0075083124 0.014317171 0.143)
(-0.0065502183 -0.010051318 0.143)
(0.018450093 -0.010050659 0.143)
(0.019125802 0.015046711 0.143)
(0.0068531379 -0.010345033 0.143)
(0.0057069607 -0.01486251 0.143)
(-0.019181455 -0.015108509 0.143)
(-0.0039654069 -0.011997961 0.143)
(-0.0057419696 0.015295659 0.143)
(0.021033654 -0.012000391 0.143)
(0.025812831 0.0097520886 0.143)
(0.031758886 -0.0099439018 0.143)
(0.042583495 -0.010914714 0.143)
(0.0012568891 0.040120702 0.143)
(-0.0028898191 0.010955064 0.143)
(-0.027947726 0.010952368 0.143)
(-0.030937832 0.015041986 0.143)
(0.0027268406 0.011900959 0.143)
(-0.022271708 0.011900101 0.143)
(0.034138673 0.015045053 0.143)
(-0.013749774 0.02553358 0.143)
(-0.023566528 6.04974e-17 0.143)
(0.023566528 -9.668695e-18 0.143)
(0.011185363 0.025327207 0.143)
(-0.026839903 -0.0092586607 0.143)
(-0.028142119 -0.0054027751 0.143)
(0.028301813 0.0051143466 0.143)
(0.019614544 -0.015672117 0.143)
(-0.0053854558 -0.015672117 0.143)
(0.0072658447 0.0091235152 0.143)
(-0.017734165 0.0091235107 0.143)
(-0.0071343692 0.0092935452 0.143)
(-0.032431063 0.0090483937 0.143)
(0.030207259 -0.015987595 0.143)
(0.030225265 0.015949575 0.143)
(-0.025105782 -0.014674154 0.143)
(-0.019641408 0.01554071 0.143)
(0.005358562 0.015540708 0.143)
(0.025037137 -0.014724301 0.143)
(0.012418136 -0.010284572 0.143)
(-0.012648364 -0.010281574 0.143)
(-2.2666138e-05 -0.014796375 0.143)
(0.012613177 0.01038786 0.143)
(-0.012391427 0.010382904 0.143)
(-0.021403197 0.0051402635 0.143)
(0.0035968025 0.0051402635 0.143)
(-0.030085147 -0.016130455 0.143)
(-0.02863269 0.0023838664 0.143)
(-0.017087074 -0.031954329 0.211)
(0.0071338648 -0.032197748 0.211)
(-0.0046524596 0.007481043 0.211)
(-0.02995095 0.0077346491 0.211)
(0.02017666 0.00740754 0.211)
(0.0048233403 -0.00740754 0.211)
(0.02982334 -0.00740754 0.211)
(-0.02017666 -0.00740754 0.211)
(0.0325 -0.0175 0.211)
(0.0075711202 -0.017284158 0.211)
(-0.01742888 -0.017284158 0.211)
(-0.017756815 0.017626973 0.211)
(0.0076265889 0.017609936 0.211)
(0.0325 0.0175 0.211)
(0.017453383 0.017099878 0.211)
(-0.032447663 0.017686269 0.211)
(-0.0076705642 0.017562001 0.211)
(0.029995992 0.0072928189 0.211)
(-0.02 0.0075 0.211)
(0.005 0.0075 0.211)
(-0.030338233 -0.0076223602 0.211)
(0.02 -0.0075 0.211)
(-0.005 -0.0075 0.211)
(0.0175 -0.0175 0.211)
(-0.032239624 -0.01737365 0.211)
(-0.0075 -0.0175 0.211)
(-0.0088070911 -0.031952754 0.211)
(0.016851061 -0.032310466 0.211)
(-0.004339402 -0.035115709 0.211)
(0.0022274137 -0.035255125 0.211)
(-0.037690804 -0.010482609 0.211)
(0.014754809 -0.022254809 0.211)
(0.0022548095 0.0027451905 0.211)
(-0.010245191 -0.022254809 0.211)
(-0.022745191 0.0027451905 0.211)
(0.027254809 0.0027451905 0.211)
(-0.014440025 -0.027773615 0.211)
(0.010448681 -0.027808389 0.211)
(-0.0017469721 -0.0024104443 0.211)
(-0.027149662 -0.002765051 0.211)
(0.023184202 -0.0024596743 0.211)
(0.014828086 0.019471046 0.211)
(-0.0095341128 0.020110476 0.211)
(-0.0025750548 0.014708411 0.211)
(0.022098713 0.014666267 0.211)
(-0.027676541 0.014435032 0.211)
(-0.022226709 -0.014633716 0.211)
(0.027901287 -0.014666267 0.211)
(0.0029012872 -0.014666267 0.211)
(-0.015323903 -0.010364167 0.211)
(0.0096760971 -0.010364167 0.211)
(0.03482991 -0.010444653 0.211)
(0.037906752 -0.010865257 0.211)
(0.015343419 0.010227413 0.211)
(-0.034754809 0.010245191 0.211)
(-0.037891329 0.010899915 0.211)
(-0.0097548095 0.010245191 0.211)
(-0.015301582 0.010792151 0.211)
(0.0097548095 0.010245191 0.211)
(0.034754809 0.010245191 0.211)
(0.027745191 0.014754809 0.211)
(-0.022404333 0.014422147 0.211)
(0.0027029086 0.014350667 0.211)
(-0.027745191 -0.014754809 0.211)
(0.022198373 -0.014207859 0.211)
(-0.0028016269 -0.014207859 0.211)
(-0.0097548095 -0.010245191 0.211)
(0.015245191 -0.010245191 0.211)
(-4.9519163e-18 0.011392651 0.211)
(-0.025135876 0.01156957 0.211)
(0.011903798 0.013544519 0.211)
(-0.011185404 0.016694942 0.211)
(0.0058253759 -0.038333236 0.211)
(0.038794217 0.011086683 0.211)
(-0.033648364 -0.010156708 0.211)
(-0.013066807 -0.031124646 0.211)
(-0.011163268 -0.037657269 0.211)
(-0.020331596 -0.035567659 0.211)
(0.011534252 -0.032788198 0.211)
(-0.027254809 0.0047548095 0.211)
(0.010245191 -0.020245191 0.211)
(0.011295273 -0.016589497 0.211)
(0.022848781 0.0047265656 0.211)
(0.023684292 0.0084789685 0.211)
(-0.014754809 -0.020245191 0.211)
(-0.013704727 -0.016589497 0.211)
(-0.0017492318 0.0049539868 0.211)
(-0.022745191 -0.0047548095 0.211)
(-0.023737699 -0.0084529335 0.211)
(0.0022548095 -0.0047548095 0.211)
(0.0013329732 -0.0084836758 0.211)
(0.027254809 -0.0047548095 0.211)
(0.026332973 -0.0084836758 0.211)
(0.014191722 -0.03833416 0.211)
(-0.019259576 0.01170793 0.211)
(0.018114969 -0.013293289 0.211)
(-0.0068850312 -0.013293289 0.211)
(-0.031122441 0.011691926 0.211)
(0.018319527 0.013225999 0.211)
(0.031759576 -0.01329207 0.211)
(0.0067033388 -0.013290654 0.211)
(-0.018301421 -0.013289444 0.211)
(0.01065448 0.020679205 0.211)
(-0.014754809 0.020245191 0.211)
(-0.010229274 -0.028266836 0.211)
(0.014795379 -0.028609509 0.211)
(0.035967913 0.01984362 0.211)
(-0.035139033 -0.014460227 0.211)
(-0.040945927 -0.01149046 0.211)
(-0.02625 0.0010048095 0.211)
(-0.023771206 0.006507434 0.211)
(0.02625 -0.0010048095 0.211)
(0.00125 -0.0010048095 0.211)
(-0.013993644 -0.023846531 0.211)
(0.010899434 -0.023790024 0.211)
(-0.034939878 0.014484503 0.211)
(0.035672834 0.014598663 0.211)
(0.040880333 0.015906319 0.211)
(0.032319522 0.013336265 0.211)
(-0.0087487811 0.013928505 0.211)
(-0.040946123 0.011553543 0.211)
(-0.035425627 0.019963328 0.211)
(-0.035245191 -0.020245191 0.211)
(0.035958385 -0.019772741 0.211)
(-0.029059649 -0.011185541 0.211)
(0.0038373759 -0.010964151 0.211)
(-0.02117342 -0.010968835 0.211)
(0.028846749 -0.010964387 0.211)
(0.021169313 0.010952591 0.211)
(-0.031602591 -0.013885227 0.211)
(-0.025116517 -0.011928119 0.211)
(-0.0016001819 0.0012069871 0.211)
(0.0013218383 0.0067310068 0.211)
(-0.023399818 -0.0012069871 0.211)
(0.035710108 -0.014179967 0.211)
(0.041160244 -0.011437594 0.211)
(0.020331596 -0.035567659 0.211)
(0.00050834815 -0.011986083 0.211)
(0.025508348 -0.011986083 0.211)
(0.024926537 0.012113356 0.211)
(-0.011990898 0.013014097 0.211)
(-0.0064674916 0.010841284 0.211)
(-0.014632533 0.015395721 0.211)
(0.02759416 0.0093490851 0.211)
(0.022927292 -0.009828719 0.211)
(-0.0020727076 -0.009828719 0.211)
(0.01131145 0.016933374 0.211)
(0.0087474069 0.014065565 0.211)
(0.0061278766 0.011036842 0.211)
(0.02672969 0.006107519 0.211)
(0.023361918 -0.006144445 0.211)
(-0.0016322293 -0.0061402587 0.211)
(0.045358191 0.007030828 0.211)
(0.023490165 0.0010611682 0.211)
(-0.011612426 -0.018976893 0.211)
(0.013387574 -0.018976893 0.211)
(-0.025860189 -0.005976763 0.211)
(0.014305821 0.016445327 0.211)
(0.014868143 -0.016042171 0.211)
(0.01249717 -0.012742338 0.211)
(-0.010131857 -0.016042171 0.211)
(-0.01250283 -0.012742338 0.211)
(-0.026491843 0.00818819 0.211)
(-0.0016251874 0.0082783054 0.211)
(0.0029984302 0.010086545 0.211)
(-0.02252129 0.0094189791 0.211)
(-0.027048115 -0.0085368001 0.211)
(-0.0049916719 -0.010682475 0.211)
(0.020008328 -0.010682475 0.211)
(-0.017531085 0.014349595 0.211)
(-0.003215981 0.010999221 0.211)
(0.0057909562 0.015113564 0.211)
(-0.0055755122 0.014723113 0.211)
(0.031575896 0.0099748582 0.211)
(0.0067580304 -0.0097043406 0.211)
(0.031788502 -0.0097864593 0.211)
(-0.018245081 -0.0097050354 0.211)
(0.018251784 0.0096617467 0.211)
(0.04301114 0.011056567 0.211)
(-0.027996096 0.010743929 0.211)
(-0.03091319 0.01502439 0.211)
(-0.0012568891 -0.040120702 0.211)
(-0.015389819 -0.014044936 0.211)
(0.0096101809 -0.014044936 0.211)
(0.028873465 0.012008672 0.211)
(-0.0097725823 -0.013099151 0.211)
(0.015227418 -0.013099151 0.211)
(0.015080115 0.013437211 0.211)
(0.013752178 -0.025351819 0.211)
(-0.011144917 -0.025156107 0.211)
(0.0125 0.01080555 0.211)
(3.196346e-05 0.014487932 0.211)
(-0.025027647 0.014341 0.211)
(-0.01770279 0.0091238179 0.211)
(-0.03239455 0.0090417389 0.211)
(0.019738681 0.0158263 0.211)
(0.019765835 -0.015876489 0.211)
(-0.0052341645 -0.015876489 0.211)
(0.030365631 -0.015706455 0.211)
(-0.019753929 -0.015864724 0.211)
(0.0053656308 -0.015706455 0.211)
(0.030315292 0.01551937 0.211)
(-0.025022104 -0.014704161 0.211)
(0.017858592 -0.0094592895 0.211)
(-0.0071414076 -0.0094592895 0.211)
(-0.019804265 0.016000723 0.211)
(-0.012386823 0.01038786 0.211)
(0.024959007 0.014737493 0.211)
(0.025108573 -0.014617096 0.211)
(0.00010857294 -0.014617096 0.211)
(0.016096803 -0.019859737 0.211)
(-0.028435272 -0.0054412489 0.211)
(-0.0089031975 -0.019859737 0.211)
(0.021333534 0.0023844334 0.211)
(-0.021377897 0.0051256561 0.211)
(0.0036453643 0.0051815493 0.211)
(-0.028627405 0.0023774047 0.211)
(-0.030084351 -0.016129624 0.211)
(0.0036274047 -0.0023774047 0.211)
(-0.017087074 -0.031954329 0.221)
(0.0071338648 -0.032197748 0.221)
(-0.030179255 0.0076833855 0.221)
(0.02017666 0.00740754 0.221)
(-0.0046524596 0.007481043 0.221)
(0.0048233403 -0.00740754 0.221)
(0.029977661 -0.0074166296 0.221)
(-0.02 -0.0075 0.221)
(0.0325 -0.0175 0.221)
(0.0075711202 -0.017284158 0.221)
(-0.01742888 -0.017284158 0.221)
(-0.0175 0.0175 0.221)
(0.0076265889 0.017609936 0.221)
(0.0325 0.0175 0.221)
(0.017453383 0.017099878 0.221)
(-0.0325 0.0175 0.221)
(-0.0076705642 0.017562001 0.221)
(0.029995992 0.0072928189 0.221)
(-0.02 0.0075 0.221)
(0.005 0.0075 0.221)
(-0.03025274 -0.0077517636 0.221)
(0.02 -0.0075 0.221)
(-0.005 -0.0075 0.221)
(-0.032239624 -0.01737365 0.221)
(0.0175 -0.0175 0.221)
(-0.0075 -0.0175 0.221)
(-0.0088070911 -0.031952754 0.221)
(0.016851061 -0.032310466 0.221)
(-0.004339402 -0.035115709 0.221)
(0.0022274137 -0.035255125 0.221)
(-0.037690804 0.010482609 0.221)
(0.038694116 -0.012499849 0.221)
(-0.037690804 -0.010482609 0.221)
(0.014754809 -0.022254809 0.221)
(-0.010245191 -0.022254809 0.221)
(-0.022854839 0.0030107259 0.221)
(0.0022548095 0.0027451905 0.221)
(0.027254809 0.0027451905 0.221)
(-0.027145161 -0.0030107259 0.221)
(-0.014440025 -0.027773615 0.221)
(0.010448681 -0.027808389 0.221)
(-0.0017469721 -0.0024104443 0.221)
(0.023184183 -0.0024596856 0.221)
(0.014828086 0.019471046 0.221)
(-0.0095341128 0.020110476 0.221)
(-0.0025750548 0.014708411 0.221)
(0.022098713 0.014666267 0.221)
(-0.027745191 0.014754809 0.221)
(-0.022169563 -0.014886514 0.221)
(0.027912647 -0.014645053 0.221)
(0.0029012872 -0.014666267 0.221)
(-0.015467233 -0.010563099 0.221)
(0.0096760971 -0.010364167 0.221)
(0.015343419 0.010227413 0.221)
(-0.0097548095 0.010245191 0.221)
(-0.01512944 0.010471172 0.221)
(0.0097548095 0.010245191 0.221)
(0.027745191 0.014754809 0.221)
(-0.022254809 0.014754809 0.221)
(0.0027029086 0.014350667 0.221)
(0.034754809 0.010245191 0.221)
(-0.027745191 -0.014754809 0.221)
(0.022198391 -0.014207855 0.221)
(-0.0028016269 -0.014207859 0.221)
(-0.0097548095 -0.010245191 0.221)
(0.015245191 -0.010245191 0.221)
(-7.0058041e-18 0.011392651 0.221)
(-0.025 0.011392651 0.221)
(0.011903798 0.013544519 0.221)
(-0.011185404 0.016694942 0.221)
(0.031908817 -0.013427566 0.221)
(0.0058253759 -0.038333236 0.221)
(-0.02571569 -0.0068036743 0.221)
(0.038794217 0.011086683 0.221)
(-0.033636151 -0.010175194 0.221)
(-0.033571963 0.010194678 0.221)
(-0.024675979 0.0061121673 0.221)
(-0.013066807 -0.031124646 0.221)
(-0.011163268 -0.037657269 0.221)
(-0.020331596 -0.035567659 0.221)
(0.011534252 -0.032788198 0.221)
(0.010245191 -0.020245191 0.221)
(0.011295273 -0.016589497 0.221)
(0.022848781 0.0047265656 0.221)
(0.023684292 0.0084789685 0.221)
(-0.0017492318 0.0049539868 0.221)
(-0.014754809 -0.020245191 0.221)
(-0.013704727 -0.016589497 0.221)
(0.0022548095 -0.0047548095 0.221)
(0.0013329732 -0.0084836758 0.221)
(0.027254809 -0.0047548095 0.221)
(0.026358375 -0.0084839607 0.221)
(0.014191722 -0.03833416 0.221)
(0.018114966 -0.013293285 0.221)
(-0.0068850312 -0.013293289 0.221)
(0.018319527 0.013225999 0.221)
(0.0067033388 -0.013290654 0.221)
(-0.018441235 -0.01319883 0.221)
(-0.027149271 0.002838045 0.221)
(0.01065448 0.020679205 0.221)
(-0.014754809 0.020245191 0.221)
(-0.010229274 -0.028266836 0.221)
(0.014795379 -0.028609509 0.221)
(-0.023112952 -0.0031005132 0.221)
(0.035967913 0.01984362 0.221)
(-0.035107057 0.014521741 0.221)
(-0.040941359 0.011499247 0.221)
(-0.035136997 -0.014463308 0.221)
(-0.040945636 -0.0114909 0.221)
(0.02625 -0.0010048095 0.221)
(0.00125 -0.0010048095 0.221)
(-0.013993644 -0.023846531 0.221)
(0.010899434 -0.023790024 0.221)
(0.035672834 0.014598663 0.221)
(0.040880333 0.015906319 0.221)
(0.032319522 0.013336265 0.221)
(-0.0087487811 0.013928505 0.221)
(-0.035974146 0.019128498 0.221)
(-0.035245191 -0.020245191 0.221)
(0.035327207 -0.020711709 0.221)
(0.036167492 -0.016899172 0.221)
(-0.029129311 0.011126264 0.221)
(-0.029147225 -0.011240559 0.221)
(0.0038373759 -0.010964151 0.221)
(0.021169313 0.010952591 0.221)
(-0.031324191 0.01404618 0.221)
(-0.031605773 -0.01388855 0.221)
(-0.025239017 -0.011805185 0.221)
(0.028987618 -0.010971871 0.221)
(-0.0016001819 0.0012069871 0.221)
(0.0013218383 0.0067310068 0.221)
(0.020331596 -0.035567659 0.221)
(0.00050834815 -0.011986083 0.221)
(0.024926537 0.012113356 0.221)
(-0.011991562 0.012891068 0.221)
(-0.0064674916 0.010841284 0.221)
(-0.014756759 0.015234487 0.221)
(-0.017727717 0.013503883 0.221)
(0.02759416 0.0093490851 0.221)
(-0.0020727076 -0.009828719 0.221)
(-0.025 7.4264166e-17 0.221)
(0.025508657 -0.011986009 0.221)
(0.022931542 -0.0098287654 0.221)
(0.01131145 0.016933374 0.221)
(0.0087474069 0.014065565 0.221)
(0.0061278766 0.011036842 0.221)
(0.023364361 -0.0061445207 0.221)
(0.02672969 0.006107519 0.221)
(-0.0016322293 -0.0061402587 0.221)
(0.032899606 -0.0096778608 0.221)
(0.045358191 0.007030828 0.221)
(0.023490162 0.0010611663 0.221)
(-0.011612426 -0.018976893 0.221)
(0.013387574 -0.018976893 0.221)
(0.014305821 0.016445327 0.221)
(0.014868143 -0.01604217 0.221)
(0.01249717 -0.012742338 0.221)
(-0.010131857 -0.016042171 0.221)
(-0.012454525 -0.012687325 0.221)
(-0.0016251874 0.0082783054 0.221)
(0.0029984302 0.010086545 0.221)
(-0.026792853 0.008647495 0.221)
(0.03527354 -0.012255908 0.221)
(-0.022517937 0.0091798093 0.221)
(-0.022419289 -0.00599376 0.221)
(-0.0232382 -0.0091747599 0.221)
(-0.020039561 -0.010675325 0.221)
(-0.0049916719 -0.010682475 0.221)
(0.020008588 -0.010682459 0.221)
(-0.018342084 0.010118787 0.221)
(-0.003215981 0.010999221 0.221)
(0.0057909562 0.015113564 0.221)
(-0.0055755122 0.014723113 0.221)
(0.031575896 0.0099748582 0.221)
(0.0067580304 -0.0097043406 0.221)
(0.018251784 0.0096617467 0.221)
(-0.027846199 0.0057868726 0.221)
(-0.021023472 0.012026736 0.221)
(0.04301114 0.011056567 0.221)
(-0.0012568891 -0.040120702 0.221)
(-0.015389819 -0.014044936 0.221)
(0.0096101809 -0.014044936 0.221)
(0.028873465 0.012008672 0.221)
(-0.0097335282 -0.013105279 0.221)
(0.015227417 -0.01309915 0.221)
(0.015080115 0.013437211 0.221)
(0.013752178 -0.025351819 0.221)
(-0.011144917 -0.025156107 0.221)
(-0.026851416 -0.0092404452 0.221)
(-0.028155615 -0.0055872156 0.221)
(-0.021845102 0.0055349506 0.221)
(0.0125 0.01080555 0.221)
(3.196346e-05 0.014487932 0.221)
(-0.025 0.014300166 0.221)
(-0.019614544 0.015672117 0.221)
(0.019738681 0.0158263 0.221)
(0.019765839 -0.015876487 0.221)
(-0.0052341645 -0.015876489 0.221)
(-0.019702901 -0.015801981 0.221)
(0.0053656308 -0.015706455 0.221)
(0.030267866 -0.016019357 0.221)
(0.030315292 0.01551937 0.221)
(-0.017904124 -0.009406958 0.221)
(-0.025 -0.014547776 0.221)
(-0.0071414076 -0.0094592895 0.221)
(0.017858618 -0.0094592675 0.221)
(-0.022439172 -0.012013491 0.221)
(-0.012343953 0.010276858 0.221)
(0.02511066 -0.014613257 0.221)
(0.024959007 0.014737493 0.221)
(0.00010857294 -0.014617096 0.221)
(0.016096803 -0.019859737 0.221)
(-0.0089031975 -0.019859737 0.221)
(0.021333533 0.002384433 0.221)
(0.0036453643 0.0051815493 0.221)
(-0.030085147 -0.016130455 0.221)
(0.0036274047 -0.0023774047 0.221)
(0.017087074 0.031954329 0.289)
(-0.0071338648 0.032197748 0.289)
(-0.0076766597 0.01759246 0.289)
(-0.032447663 0.017686269 0.289)
(0.017329436 0.017562001 0.289)
(0.0048294358 -0.0074379988 0.289)
(0.029840176 -0.0073656913 0.289)
(-0.019943111 -0.0074949687 0.289)
(-0.0049288798 0.0077158417 0.289)
(0.019943111 0.0074949687 0.289)
(-0.02992888 0.0077158417 0.289)
(0.0325 -0.0175 0.289)
(-0.017329436 -0.017562001 0.289)
(0.0076705642 -0.017562001 0.289)
(0.0175 -0.0175 0.289)
(-0.032247508 -0.017832754 0.289)
(-0.0075 -0.0175 0.289)
(0.0075 0.0175 0.289)
(-0.0175 0.0175 0.289)
(0.029688561 0.0075571008 0.289)
(0.005 0.0075 0.289)
(0.032247508 0.017832754 0.289)
(-0.0049896129 -0.0073040747 0.289)
(0.02 -0.0075 0.289)
(-0.029688561 -0.0075571008 0.289)
(-0.02 0.0075 0.289)
(-0.016851061 0.032310466 0.289)
(0.0088070911 0.031952754 0.289)
(0.004339402 0.035115709 0.289)
(-0.0022274137 0.035255125 0.289)
(-0.010448681 0.027808389 0.289)
(0.014440025 0.027773615 0.289)
(0.0021496622 0.002765051 0.289)
(-0.022745191 0.0027451905 0.289)
(0.026912021 0.0025901392 0.289)
(-0.026912021 -0.0025901392 0.289)
(-0.014754809 0.022254809 0.289)
(0.010245191 0.022254809 0.289)
(0.022745191 -0.0027451905 0.289)
(-0.0017470357 -0.0024104829 0.289)
(-0.014138239 -0.020925397 0.289)
(0.010861761 -0.020925397 0.289)
(0.015245191 0.010245191 0.289)
(-0.0095987128 0.010333733 0.289)
(-0.034754809 0.010245191 0.289)
(-0.037891329 0.010899915 0.289)
(-0.02199825 -0.014182207 0.289)
(0.027772135 -0.014490725 0.289)
(0.02199825 0.014182207 0.289)
(-0.0028239029 0.014635833 0.289)
(0.0026372473 -0.014769505 0.289)
(-0.015245191 -0.010245191 0.289)
(-0.027829355 0.01462639 0.289)
(0.034754809 -0.010245191 0.289)
(0.0098627527 -0.010230495 0.289)
(-0.015301627 0.010792141 0.289)
(-0.035041514 -0.010788539 0.289)
(-0.041226854 -0.0096817984 0.289)
(0.01512944 -0.010471172 0.289)
(0.0096984176 0.010792151 0.289)
(-0.00987056 -0.010471172 0.289)
(0.035041514 0.010788539 0.289)
(0.041226854 0.0096817984 0.289)
(0.027745191 0.014754809 0.289)
(-0.027745191 -0.014754809 0.289)
(0.022254809 -0.014754809 0.289)
(-0.022254809 0.014754809 0.289)
(-0.0027451905 -0.014754809 0.289)
(0.0027451905 0.014754809 0.289)
(0.025 -0.011392651 0.289)
(-0.013593321 -0.016830763 0.289)
(0.011406679 -0.016830763 0.289)
(-0.0058253759 0.038333236 0.289)
(0.025601859 0.0065601462 0.289)
(-0.025601859 -0.0065601462 0.289)
(-0.037824953 -0.016105389 0.289)
(0.037824953 0.016105389 0.289)
(0.038608558 -0.010983675 0.289)
(0.013066807 0.031124646 0.289)
(0.011163268 0.037657269 0.289)
(0.020331596 0.035567659 0.289)
(-0.011534252 0.032788198 0.289)
(-0.027182783 0.0047071189 0.289)
(-0.026192722 0.0084025547 0.289)
(-0.0022548095 0.0047548095 0.289)
(-0.0012047269 0.0084105031 0.289)
(-0.010245191 0.020245191 0.289)
(-0.011167027 0.016516324 0.289)
(0.0022548095 -0.0047548095 0.289)
(0.001341546 -0.008516848 0.289)
(0.014754809 0.020245191 0.289)
(0.013841546 0.016483152 0.289)
(0.026722154 -0.0049010653 0.289)
(-0.014191722 0.03833416 0.289)
(0.0056149612 0.011706719 0.289)
(-0.019385031 0.011706711 0.289)
(-0.0057966612 0.011709346 0.289)
(-0.031290564 0.011737352 0.289)
(-0.014795379 0.028609509 0.289)
(0.022856479 0.0029425201 0.289)
(0.010229274 0.028266836 0.289)
(-0.0099323698 -0.019483647 0.289)
(0.01506763 -0.019483647 0.289)
(-0.022856479 -0.0029425201 0.289)
(0.035967913 -0.01984362 0.289)
(-0.026343169 0.0010783468 0.289)
(0.026459591 -0.0011734963 0.289)
(0.023771206 -0.006507434 0.289)
(0.01375 0.023995191 0.289)
(0.00125 -0.0010048095 0.289)
(-0.01125 0.023995191 0.289)
(-0.034957034 0.014489139 0.289)
(0.035641891 -0.014581495 0.289)
(0.040658574 -0.015783282 0.289)
(0.03163507 -0.013098541 0.289)
(0.016255711 0.013893207 0.289)
(0.0036362218 -0.011285042 0.289)
(-0.01621434 -0.013951142 0.289)
(0.008905149 -0.013772893 0.289)
(-0.040948573 0.011554205 0.289)
(-0.035426477 0.019963557 0.289)
(-0.035245191 -0.020245191 0.289)
(0.035245191 0.020245191 0.289)
(-0.0086626241 0.014035849 0.289)
(-0.0016001819 0.0012069871 0.289)
(-0.020331596 0.035567659 0.289)
(-0.011991652 0.013013917 0.289)
(0.013009102 0.013014097 0.289)
(0.018795611 0.01109133 0.289)
(0.022809785 0.0096805428 0.289)
(2.0139754e-05 -0.012160547 0.289)
(-0.012977705 -0.012909932 0.289)
(-0.018789701 -0.011099606 0.289)
(-0.022808941 -0.0096817252 0.289)
(0.01204937 -0.012886963 0.289)
(0.014703484 -0.015309637 0.289)
(0.017719342 -0.013515102 0.289)
(-0.01029769 -0.015310634 0.289)
(-0.0072795048 -0.013511778 0.289)
(-0.002605547 -0.009376414 0.289)
(0.01042876 0.015165755 0.289)
(-0.014572708 0.015171281 0.289)
(0.010825254 0.018827872 0.289)
(-0.0016761187 -0.0060880749 0.289)
(-0.014175413 0.018831276 0.289)
(0.045 -0.0075 0.289)
(-0.024095619 0.0060119793 0.289)
(0.00086654481 0.0060270791 0.289)
(-0.025130939 -0.012784056 0.289)
(-0.028496384 -0.011441736 0.289)
(-0.031327647 -0.01333225 0.289)
(0.025131011 0.012783956 0.289)
(0.028496396 0.011441719 0.289)
(0.031327647 0.013332249 0.289)
(-0.022627741 0.0089551042 0.289)
(-0.025002053 0.012256195 0.289)
(0.002365138 0.0089583979 0.289)
(-3.0494466e-06 0.012257703 0.289)
(0.02607695 -0.0084510067 0.289)
(0.028671225 -0.010806546 0.289)
(0.022369457 -0.0093314626 0.289)
(0.022366025 0.0059905259 0.289)
(-0.022365939 -0.0059906465 0.289)
(-0.031660821 -0.0099229633 0.289)
(0.031660824 0.0099229598 0.289)
(-0.017491672 0.014317525 0.289)
(0.0075083124 0.014317171 0.289)
(-0.0065500238 -0.010051275 0.289)
(0.018342084 -0.010118787 0.289)
(0.019125802 0.015046711 0.289)
(0.0068534785 -0.010344957 0.289)
(0.0057071493 -0.014862468 0.289)
(-0.019116345 -0.015059953 0.289)
(0.031712946 -0.0098808842 0.289)
(-0.0039654069 -0.011997961 0.289)
(-0.0057419696 0.015295659 0.289)
(-0.025812783 -0.0097521563 0.289)
(0.025812831 0.0097520886 0.289)
(0.021026502 -0.012018896 0.289)
(0.042583495 -0.010914714 0.289)
(0.0012568891 0.040120702 0.289)
(-0.0028898191 0.010955064 0.289)
(-0.027947726 0.010952368 0.289)
(-0.030937832 0.015041986 0.289)
(0.0027268406 0.011900959 0.289)
(-0.022271708 0.011900101 0.289)
(-0.034138673 -0.015045053 0.289)
(0.034138673 0.015045053 0.289)
(-0.013749774 0.02553358 0.289)
(-0.023566528 6.04974e-17 0.289)
(0.011185363 0.025327207 0.289)
(0.023566528 -3.2294014e-18 0.289)
(0.025006736 -0.014534546 0.289)
(-0.028301813 -0.0051143466 0.289)
(0.028301813 0.0051143466 0.289)
(0.019614544 -0.015672117 0.289)
(-0.0053854558 -0.015672117 0.289)
(0.0072658447 0.0091235152 0.289)
(-0.017734165 0.0091235107 0.289)
(-0.0071343692 0.0092935452 0.289)
(-0.032431063 0.0090483937 0.289)
(0.030164301 -0.015898519 0.289)
(-0.030225265 -0.015949575 0.289)
(0.030225265 0.015949575 0.289)
(-0.019641408 0.01554071 0.289)
(0.005358562 0.015540708 0.289)
(0.012418136 -0.010284572 0.289)
(-0.012648364 -0.010281574 0.289)
(-2.1950876e-05 -0.014796215 0.289)
(0.012613177 0.01038786 0.289)
(-0.012391427 0.010382904 0.289)
(-0.021403197 0.0051402635 0.289)
(0.0035968025 0.0051402635 0.289)
(0.021387946 -0.0051314579 0.289)
(-0.02863269 0.0023838664 0.289)
(0.0036274047 -0.0023774047 0.289)
(0.017087074 0.031954329 0.299)
(-0.0071338648 0.032197748 0.299)
(-0.0076766597 0.01759246 0.299)
(-0.032447663 0.017686269 0.299)
(0.017329436 0.017562001 0.299)
(0.0048294358 -0.0074379988 0.299)
(0.029840176 -0.0073656913 0.299)
(-0.02 -0.0075 0.299)
(-0.0049288798 0.0077158417 0.299)
(0.02 0.0075 0.299)
(-0.02992888 0.0077158417 0.299)
(0.0325 -0.0175 0.299)
(0.0076705642 -0.017562001 0.299)
(-0.017329436 -0.017562001 0.299)
(0.0175 -0.0175 0.299)
(-0.032239624 -0.01737365 0.299)
(-0.0075 -0.0175 0.299)
(-0.0175 0.0175 0.299)
(0.0075 0.0175 0.299)
(0.03025274 0.0077517636 0.299)
(0.005 0.0075 0.299)
(-0.0049896129 -0.0073040747 0.299)
(0.032239624 0.01737365 0.299)
(0.02 -0.0075 0.299)
(-0.02 0.0075 0.299)
(-0.03025274 -0.0077517636 0.299)
(-0.016851061 0.032310466 0.299)
(0.0088070911 0.031952754 0.299)
(0.004339402 0.035115709 0.299)
(-0.0022274137 0.035255125 0.299)
(-0.037690804 -0.010482609 0.299)
(0.037690804 0.010482609 0.299)
(-0.010448681 0.027808389 0.299)
(0.014440025 0.027773615 0.299)
(0.0021496622 0.002765051 0.299)
(-0.022745191 0.0027451905 0.299)
(0.026912021 0.0025901392 0.299)
(-0.014754809 0.022254809 0.299)
(0.010245191 0.022254809 0.299)
(-0.0017470357 -0.0024104829 0.299)
(0.022745191 -0.0027451905 0.299)
(-0.026912021 -0.0025901392 0.299)
(-0.014138239 -0.020925397 0.299)
(0.010861761 -0.020925397 0.299)
(0.015245191 0.010245191 0.299)
(-0.0095987128 0.010333733 0.299)
(-0.034754809 0.010245191 0.299)
(-0.037891329 0.010899915 0.299)
(-0.022329135 -0.014411182 0.299)
(0.027772135 -0.014490725 0.299)
(0.022329135 0.014411182 0.299)
(-0.0028239029 0.014635833 0.299)
(0.0026372473 -0.014769505 0.299)
(-0.015245191 -0.010245191 0.299)
(-0.027829355 0.01462639 0.299)
(0.034754809 -0.010245191 0.299)
(0.0098627527 -0.010230495 0.299)
(-0.015301627 0.010792141 0.299)
(0.01512944 -0.010471172 0.299)
(0.0096984176 0.010792151 0.299)
(-0.00987056 -0.010471172 0.299)
(0.027745191 0.014754809 0.299)
(-0.027745191 -0.014754809 0.299)
(0.022254809 -0.014754809 0.299)
(-0.022254809 0.014754809 0.299)
(-0.0027451905 -0.014754809 0.299)
(0.0027451905 0.014754809 0.299)
(0.025 -0.011392651 0.299)
(0.011406679 -0.016830763 0.299)
(-0.013593321 -0.016830763 0.299)
(-0.0058253759 0.038333236 0.299)
(0.025508726 0.0066039277 0.299)
(-0.025508726 -0.0066039277 0.299)
(0.038608558 -0.010983675 0.299)
(0.033636151 0.010175194 0.299)
(-0.033636151 -0.010175194 0.299)
(0.013066807 0.031124646 0.299)
(0.011163268 0.037657269 0.299)
(0.020331596 0.035567659 0.299)
(-0.011534252 0.032788198 0.299)
(-0.027182783 0.0047071189 0.299)
(-0.026192722 0.0084025547 0.299)
(-0.0022548095 0.0047548095 0.299)
(-0.0012047269 0.0084105031 0.299)
(-0.010245191 0.020245191 0.299)
(-0.011167027 0.016516324 0.299)
(0.0021106126 -0.0047868929 0.299)
(0.0013175132 -0.0085221952 0.299)
(0.014754809 0.020245191 0.299)
(0.013841546 0.016483152 0.299)
(0.026722154 -0.0049010653 0.299)
(-0.014191722 0.03833416 0.299)
(0.0056149612 0.011706719 0.299)
(-0.019385031 0.011706711 0.299)
(-0.0057966612 0.011709346 0.299)
(-0.031290564 0.011737352 0.299)
(-0.014795379 0.028609509 0.299)
(0.022889907 0.003026664 0.299)
(0.010229274 0.028266836 0.299)
(-0.0099323698 -0.019483647 0.299)
(0.01506763 -0.019483647 0.299)
(-0.022889907 -0.003026664 0.299)
(0.035967913 -0.01984362 0.299)
(-0.035136997 -0.014463308 0.299)
(-0.040945636 -0.0114909 0.299)
(0.035136997 0.014463308 0.299)
(0.040945636 0.0114909 0.299)
(-0.026343169 0.0010783468 0.299)
(0.026459591 -0.0011734963 0.299)
(0.023771206 -0.006507434 0.299)
(0.00125 -0.0010048095 0.299)
(0.01375 0.023995191 0.299)
(-0.01125 0.023995191 0.299)
(-0.034957034 0.014489139 0.299)
(0.035641891 -0.014581495 0.299)
(0.040658574 -0.015783282 0.299)
(0.03163507 -0.013098541 0.299)
(0.016255711 0.013893207 0.299)
(0.0036322163 -0.011285934 0.299)
(0.008905149 -0.013772893 0.299)
(-0.01621434 -0.013951142 0.299)
(-0.040948573 0.011554205 0.299)
(-0.035426477 0.019963557 0.299)
(-0.035245191 -0.020245191 0.299)
(0.035245191 0.020245191 0.299)
(-0.029147225 -0.011240559 0.299)
(0.029147225 0.011240559 0.299)
(-0.0086626241 0.014035849 0.299)
(-0.031605773 -0.01388855 0.299)
(-0.025348803 -0.012030624 0.299)
(0.031605773 0.01388855 0.299)
(0.025348803 0.012030624 0.299)
(-0.0016001819 0.0012069871 0.299)
(-0.020331596 0.035567659 0.299)
(-0.011991652 0.013013917 0.299)
(0.013009102 0.013014097 0.299)
(0.018790277 0.011105135 0.299)
(1.7278706e-05 -0.012161184 0.299)
(-0.012977705 -0.012909932 0.299)
(-0.018784367 -0.011113411 0.299)
(0.01204937 -0.012886963 0.299)
(0.014703484 -0.015309637 0.299)
(0.017719342 -0.013515102 0.299)
(-0.01029769 -0.015310634 0.299)
(-0.0072795048 -0.013511778 0.299)
(0.01042876 0.015165755 0.299)
(-0.0026100293 -0.0093774113 0.299)
(-0.014572708 0.015171281 0.299)
(-0.0016025843 -0.0061110349 0.299)
(0.010825254 0.018827872 0.299)
(-0.014175413 0.018831276 0.299)
(0.023070844 0.0095677437 0.299)
(-0.02307 -0.009568926 0.299)
(0.045 -0.0075 0.299)
(-0.024095619 0.0060119793 0.299)
(0.00086654481 0.0060270791 0.299)
(-0.022627741 0.0089551042 0.299)
(-0.025002053 0.012256195 0.299)
(0.002365138 0.0089583979 0.299)
(-3.0494466e-06 0.012257703 0.299)
(0.02607695 -0.0084510067 0.299)
(0.028671225 -0.010806546 0.299)
(0.022369457 -0.0093314626 0.299)
(0.022481497 0.0059636886 0.299)
(-0.022481435 -0.0059637748 0.299)
(-0.017491672 0.014317525 0.299)
(0.0075083124 0.014317171 0.299)
(-0.0065502183 -0.010051318 0.299)
(0.018342084 -0.010118787 0.299)
(0.019190912 0.015095267 0.299)
(0.0068531379 -0.010345033 0.299)
(0.0057069607 -0.01486251 0.299)
(-0.019181455 -0.015108509 0.299)
(0.031712946 -0.0098808842 0.299)
(-0.0039654069 -0.011997961 0.299)
(-0.0057419696 0.015295659 0.299)
(0.021026502 -0.012018896 0.299)
(0.042583495 -0.010914714 0.299)
(0.0012568891 0.040120702 0.299)
(-0.0028898191 0.010955064 0.299)
(-0.027947726 0.010952368 0.299)
(-0.030937832 0.015041986 0.299)
(0.0027268406 0.011900959 0.299)
(-0.022271708 0.011900101 0.299)
(-0.013749774 0.02553358 0.299)
(-0.023566528 6.04974e-17 0.299)
(0.011185363 0.025327207 0.299)
(0.023566528 -3.2294014e-18 0.299)
(-0.026839903 -0.0092586607 0.299)
(0.026839939 0.0092586094 0.299)
(-0.028142119 -0.0054027751 0.299)
(0.025006736 -0.014534546 0.299)
(0.028142119 0.0054027751 0.299)
(0.019614544 -0.015672117 0.299)
(-0.0053854558 -0.015672117 0.299)
(0.0072658447 0.0091235152 0.299)
(-0.017734165 0.0091235107 0.299)
(-0.0071343692 0.0092935452 0.299)
(-0.032431063 0.0090483937 0.299)
(0.030164301 -0.015898519 0.299)
(0.025105782 0.014674154 0.299)
(-0.025105782 -0.014674154 0.299)
(-0.019641408 0.01554071 0.299)
(0.005358562 0.015540708 0.299)
(0.012418136 -0.010284572 0.299)
(-0.012648364 -0.010281574 0.299)
(-2.2666138e-05 -0.014796375 0.299)
(0.012613177 0.01038786 0.299)
(-0.012391427 0.010382904 0.299)
(-0.021403197 0.0051402635 0.299)
(0.0035968025 0.0051402635 0.299)
(0.021387946 -0.0051314579 0.299)
(-0.030085147 -0.016130455 0.299)
(0.030085147 0.016130455 0.299)
(-0.02863269 0.0023838664 0.299)
(-0.017087074 -0.031954329 0.367)
(0.0071338648 -0.032197748 0.367)
(-0.02995095 0.0077346491 0.367)
(0.02017666 0.00740754 0.367)
(-0.0046524596 0.007481043 0.367)
(0.0325 -0.0175 0.367)
(0.0048233403 -0.00740754 0.367)
(0.02982334 -0.00740754 0.367)
(-0.02 -0.0075 0.367)
(-0.01742888 -0.017284158 0.367)
(0.0075711202 -0.017284158 0.367)
(-0.017756815 0.017626973 0.367)
(0.0076265889 0.017609936 0.367)
(0.0325 0.0175 0.367)
(0.017453383 0.017099878 0.367)
(-0.032447663 0.017686269 0.367)
(-0.0076705642 0.017562001 0.367)
(0.029995992 0.0072928189 0.367)
(-0.02 0.0075 0.367)
(0.005 0.0075 0.367)
(-0.03025274 -0.0077517636 0.367)
(0.02 -0.0075 0.367)
(-0.005 -0.0075 0.367)
(-0.032239624 -0.01737365 0.367)
(0.0175 -0.0175 0.367)
(-0.0075 -0.0175 0.367)
(-0.0088070911 -0.031952754 0.367)
(0.016851061 -0.032310466 0.367)
(-0.004339402 -0.035115709 0.367)
(0.0022274137 -0.035255125 0.367)
(-0.037690804 -0.010482609 0.367)
(-0.010245191 -0.022254809 0.367)
(0.014754809 -0.022254809 0.367)
(0.0022548095 0.0027451905 0.367)
(-0.022745191 0.0027451905 0.367)
(0.026815798 0.0024596743 0.367)
(-0.014440025 -0.027773615 0.367)
(0.010448681 -0.027808389 0.367)
(-0.026912021 -0.0025901392 0.367)
(-0.0017469721 -0.0024104443 0.367)
(0.022745191 -0.0027451905 0.367)
(0.014828086 0.019471046 0.367)
(-0.0095341128 0.020110476 0.367)
(-0.0025750548 0.014708411 0.367)
(0.022098713 0.014666267 0.367)
(-0.027676541 0.014435032 0.367)
(-0.022169563 -0.014886514 0.367)
(0.027901287 -0.014666267 0.367)
(0.0029012872 -0.014666267 0.367)
(0.0096760971 -0.010364167 0.367)
(-0.015467233 -0.010563099 0.367)
(0.03482991 -0.010444653 0.367)
(0.037906752 -0.010865257 0.367)
(0.015343419 0.010227413 0.367)
(-0.034754809 0.010245191 0.367)
(-0.037891329 0.010899915 0.367)
(-0.0097548095 0.010245191 0.367)
(-0.015301582 0.010792151 0.367)
(0.034754809 0.010245191 0.367)
(0.027745191 0.014754809 0.367)
(0.0097548095 0.010245191 0.367)
(-0.022404333 0.014422147 0.367)
(0.0027029086 0.014350667 0.367)
(-0.027745191 -0.014754809 0.367)
(0.022198373 -0.014207859 0.367)
(-0.0028016269 -0.014207859 0.367)
(-0.0097548095 -0.010245191 0.367)
(0.015245191 -0.010245191 0.367)
(-7.0058041e-18 0.011392651 0.367)
(-0.025135876 0.01156957 0.367)
(0.011903798 0.013544519 0.367)
(-0.011185404 0.016694942 0.367)
(0.0058253759 -0.038333236 0.367)
(-0.02571569 -0.0068036743 0.367)
(0.038794217 0.011086683 0.367)
(-0.033636151 -0.010175194 0.367)
(-0.013066807 -0.031124646 0.367)
(-0.011163268 -0.037657269 0.367)
(-0.020331596 -0.035567659 0.367)
(0.011534252 -0.032788198 0.367)
(-0.027254809 0.0047548095 0.367)
(0.022745191 0.0047548095 0.367)
(0.023667027 0.0084836758 0.367)
(-0.014754809 -0.020245191 0.367)
(-0.013704727 -0.016589497 0.367)
(-0.0017492318 0.0049539868 0.367)
(0.010266175 -0.020381289 0.367)
(0.01129877 -0.01661218 0.367)
(0.0022548095 -0.0047548095 0.367)
(0.0013329732 -0.0084836758 0.367)
(0.027151219 -0.0047265656 0.367)
(0.026315708 -0.0084789685 0.367)
(0.014191722 -0.03833416 0.367)
(-0.019259576 0.01170793 0.367)
(0.018114969 -0.013293289 0.367)
(-0.0068850312 -0.013293289 0.367)
(-0.031122441 0.011691926 0.367)
(0.018319527 0.013225999 0.367)
(0.0067033388 -0.013290654 0.367)
(0.031759576 -0.01329207 0.367)
(-0.018441235 -0.01319883 0.367)
(0.01065448 0.020679205 0.367)
(-0.014754809 0.020245191 0.367)
(-0.010229274 -0.028266836 0.367)
(0.014795379 -0.028609509 0.367)
(-0.022745191 -0.0027451905 0.367)
(0.035967913 0.01984362 0.367)
(-0.035136997 -0.014463308 0.367)
(-0.040945636 -0.0114909 0.367)
(-0.026347543 0.0010812434 0.367)
(-0.023771206 0.006507434 0.367)
(0.02375 0.0010048095 0.367)
(0.00125 -0.0010048095 0.367)
(-0.013993644 -0.023846531 0.367)
(0.01125 -0.023995191 0.367)
(-0.034939878 0.014484503 0.367)
(0.035672834 0.014598663 0.367)
(0.040880333 0.015906319 0.367)
(0.032319522 0.013336265 0.367)
(-0.0087487811 0.013928505 0.367)
(-0.040946123 0.011553543 0.367)
(-0.035425627 0.019963328 0.367)
(-0.035245191 -0.020245191 0.367)
(0.035958385 -0.019772741 0.367)
(-0.029147225 -0.011240559 0.367)
(0.0038373759 -0.010964151 0.367)
(0.028843871 -0.010963603 0.367)
(0.021166435 0.010953375 0.367)
(-0.031605773 -0.01388855 0.367)
(-0.025239017 -0.011805185 0.367)
(-0.0016001819 0.0012069871 0.367)
(0.0013218383 0.0067310068 0.367)
(0.035710108 -0.014179967 0.367)
(0.041160244 -0.011437594 0.367)
(0.020331596 -0.035567659 0.367)
(0.00050834815 -0.011986083 0.367)
(0.025508348 -0.011986083 0.367)
(0.024924481 0.012113917 0.367)
(-0.011990898 0.013014097 0.367)
(-0.0064674916 0.010841284 0.367)
(-0.014632533 0.015395721 0.367)
(0.02759094 0.0093499631 0.367)
(0.022924415 -0.0098279344 0.367)
(-0.0020727076 -0.009828719 0.367)
(0.01131145 0.016933374 0.367)
(0.0087474069 0.014065565 0.367)
(0.0061278766 0.011036842 0.367)
(0.026681808 0.006086117 0.367)
(0.023192352 -0.0061681833 0.367)
(-0.0016322293 -0.0061402587 0.367)
(0.045358191 0.007030828 0.367)
(0.026509835 -0.0010611682 0.367)
(-0.011612426 -0.018976893 0.367)
(0.013392471 -0.019008649 0.367)
(0.014305821 0.016445327 0.367)
(0.014869342 -0.016049948 0.367)
(0.012497512 -0.012744559 0.367)
(-0.010131857 -0.016042171 0.367)
(-0.012454525 -0.012687325 0.367)
(-0.026491843 0.00818819 0.367)
(-0.0016251874 0.0082783054 0.367)
(0.0029984302 0.010086545 0.367)
(-0.02252129 0.0094189791 0.367)
(-0.022252749 -0.0059839223 0.367)
(-0.023125887 -0.0092111631 0.367)
(-0.020039561 -0.010675325 0.367)
(0.020008118 -0.010682418 0.367)
(-0.0049916719 -0.010682475 0.367)
(-0.017531085 0.014349595 0.367)
(-0.003215981 0.010999221 0.367)
(0.0057909562 0.015113564 0.367)
(-0.0055755122 0.014723113 0.367)
(0.031575757 0.0099748963 0.367)
(0.0067580304 -0.0097043406 0.367)
(0.031788091 -0.0097863473 0.367)
(0.018251208 0.0096619036 0.367)
(0.04301114 0.011056567 0.367)
(-0.027996096 0.010743929 0.367)
(-0.03091319 0.01502439 0.367)
(-0.0012568891 -0.040120702 0.367)
(-0.015389819 -0.014044936 0.367)
(0.0096101809 -0.014044936 0.367)
(0.028873465 0.012008672 0.367)
(-0.0097335282 -0.013105279 0.367)
(0.015227693 -0.013100936 0.367)
(0.015080115 0.013437211 0.367)
(0.013749774 -0.02553358 0.367)
(-0.011144917 -0.025156107 0.367)
(-0.023566528 6.04974e-17 0.367)
(-0.026846543 -0.0092420246 0.367)
(-0.028142119 -0.0054027751 0.367)
(0.0125 0.01080555 0.367)
(3.196346e-05 0.014487932 0.367)
(-0.025027647 0.014341 0.367)
(-0.01770279 0.0091238179 0.367)
(-0.03239455 0.0090417389 0.367)
(0.019738681 0.0158263 0.367)
(0.019765835 -0.015876489 0.367)
(-0.0052341645 -0.015876489 0.367)
(0.030365631 -0.015706455 0.367)
(-0.019702901 -0.015801981 0.367)
(0.0053656308 -0.015706455 0.367)
(0.030315292 0.01551937 0.367)
(-0.017904124 -0.009406958 0.367)
(-0.025 -0.014547776 0.367)
(0.017858562 -0.0094592813 0.367)
(-0.0071414076 -0.0094592895 0.367)
(-0.019804265 0.016000723 0.367)
(-0.022439172 -0.012013491 0.367)
(-0.012386823 0.01038786 0.367)
(0.02495864 0.014737593 0.367)
(0.025108573 -0.014617096 0.367)
(0.00010857294 -0.014617096 0.367)
(0.016096803 -0.019859737 0.367)
(0.028666466 -0.0023844334 0.367)
(-0.0089031975 -0.019859737 0.367)
(-0.021377897 0.0051256561 0.367)
(0.0036453643 0.0051815493 0.367)
(0.021372595 0.0023774047 0.367)
(-0.028651791 0.0023965132 0.367)
(-0.030085147 -0.016130455 0.367)
(0.0036274047 -0.0023774047 0.367)
(-0.017087074 -0.031954329 0.377)
(0.0071338648 -0.032197748 0.377)
(-0.030089334 0.0074106664 0.377)
(0.02017666 0.00740754 0.377)
(-0.0046524596 0.007481043 0.377)
(0.0048233403 -0.00740754 0.377)
(0.02982334 -0.00740754 0.377)
(-0.02017666 -0.00740754 0.377)
(0.0325 -0.0175 0.377)
(0.0075711202 -0.017284158 0.377)
(-0.01742888 -0.017284158 0.377)
(-0.017756815 0.017626973 0.377)
(0.0076265889 0.017609936 0.377)
(0.0325 0.0175 0.377)
(0.017453383 0.017099878 0.377)
(-0.0325 0.0175 0.377)
(-0.0076705642 0.017562001 0.377)
(0.029995992 0.0072928189 0.377)
(-0.02 0.0075 0.377)
(0.005 0.0075 0.377)
(-0.03 -0.0075 0.377)
(0.02 -0.0075 0.377)
(-0.005 -0.0075 0.377)
(-0.032932856 -0.017190061 0.377)
(0.0175 -0.0175 0.377)
(-0.0075 -0.0175 0.377)
(-0.0088070911 -0.031952754 0.377)
(0.016851061 -0.032310466 0.377)
(-0.004339402 -0.035115709 0.377)
(0.0022274137 -0.035255125 0.377)
(-0.037690804 0.010482609 0.377)
(0.014754809 -0.022254809 0.377)
(0.0022548095 0.0027451905 0.377)
(-0.010245191 -0.022254809 0.377)
(-0.022745191 0.0027451905 0.377)
(0.027254809 0.0027451905 0.377)
(-0.014440025 -0.027773615 0.377)
(0.010448681 -0.027808389 0.377)
(-0.0017469721 -0.0024104443 0.377)
(-0.026630245 -0.0024778368 0.377)
(0.023184202 -0.0024596743 0.377)
(0.014828086 0.019471046 0.377)
(-0.0095341128 0.020110476 0.377)
(-0.0025750548 0.014708411 0.377)
(0.022098713 0.014666267 0.377)
(-0.027745191 0.014754809 0.377)
(-0.022098713 -0.014666267 0.377)
(0.027901287 -0.014666267 0.377)
(0.0029012872 -0.014666267 0.377)
(-0.015323903 -0.010364167 0.377)
(0.0096760971 -0.010364167 0.377)
(0.03482991 -0.010444653 0.377)
(0.037906752 -0.010865257 0.377)
(0.015343419 0.010227413 0.377)
(-0.0097548095 0.010245191 0.377)
(-0.015301582 0.010792151 0.377)
(0.0097548095 0.010245191 0.377)
(0.027745191 0.014754809 0.377)
(-0.022404333 0.014422147 0.377)
(0.0027029086 0.014350667 0.377)
(0.034754809 0.010245191 0.377)
(-0.027628758 -0.014530058 0.377)
(0.022198373 -0.014207859 0.377)
(-0.0028016269 -0.014207859 0.377)
(-0.034754809 -0.010245191 0.377)
(-0.041185896 -0.0096041772 0.377)
(-0.0097548095 -0.010245191 0.377)
(0.015245191 -0.010245191 0.377)
(-7.0058041e-18 0.011392651 0.377)
(-0.02520967 0.011614547 0.377)
(0.011903798 0.013544519 0.377)
(-0.011185404 0.016694942 0.377)
(0.0058253759 -0.038333236 0.377)
(-0.037047433 -0.015530282 0.377)
(0.038794217 0.011086683 0.377)
(-0.033559117 0.010155718 0.377)
(-0.013066807 -0.031124646 0.377)
(-0.011163268 -0.037657269 0.377)
(-0.020331596 -0.035567659 0.377)
(0.011534252 -0.032788198 0.377)
(-0.027254809 0.0047548095 0.377)
(0.010245191 -0.020245191 0.377)
(0.011295273 -0.016589497 0.377)
(0.022848781 0.0047265656 0.377)
(0.023684292 0.0084789685 0.377)
(-0.0017492318 0.0049539868 0.377)
(-0.014754809 -0.020245191 0.377)
(-0.013704727 -0.016589497 0.377)
(-0.023222261 -0.0049178679 0.377)
(-0.023746539 -0.0085108522 0.377)
(0.0022548095 -0.0047548095 0.377)
(0.0013329732 -0.0084836758 0.377)
(0.027254809 -0.0047548095 0.377)
(0.026332973 -0.0084836758 0.377)
(0.014191722 -0.03833416 0.377)
(-0.019259576 0.01170793 0.377)
(0.018114969 -0.013293289 0.377)
(-0.0068850312 -0.013293289 0.377)
(0.018319527 0.013225999 0.377)
(0.031759576 -0.01329207 0.377)
(0.0067033388 -0.013290654 0.377)
(-0.018296661 -0.013290654 0.377)
(0.01065448 0.020679205 0.377)
(-0.014754809 0.020245191 0.377)
(-0.010229274 -0.028266836 0.377)
(0.014795379 -0.028609509 0.377)
(0.035967913 0.01984362 0.377)
(-0.035104916 0.014515247 0.377)
(-0.040941053 0.01149832 0.377)
(-0.02625 0.0010048095 0.377)
(-0.023771206 0.006507434 0.377)
(0.02625 -0.0010048095 0.377)
(0.00125 -0.0010048095 0.377)
(-0.013993644 -0.023846531 0.377)
(0.010899434 -0.023790024 0.377)
(0.035672834 0.014598663 0.377)
(0.040880333 0.015906319 0.377)
(0.032319522 0.013336265 0.377)
(-0.0087487811 0.013928505 0.377)
(-0.035973738 0.019127261 0.377)
(-0.03545535 -0.020794069 0.377)
(0.035958385 -0.019772741 0.377)
(-0.029108174 0.011002531 0.377)
(0.0038373759 -0.010964151 0.377)
(-0.021175876 -0.010968681 0.377)
(0.028846749 -0.010964387 0.377)
(0.021169313 0.010952591 0.377)
(-0.031324191 0.01404618 0.377)
(-0.0016001819 0.0012069871 0.377)
(0.0013218383 0.0067310068 0.377)
(-0.023399818 -0.0012069871 0.377)
(0.035710108 -0.014179967 0.377)
(0.041160244 -0.011437594 0.377)
(0.020331596 -0.035567659 0.377)
(-0.024471704 -0.012110834 0.377)
(0.00050834815 -0.011986083 0.377)
(0.025508348 -0.011986083 0.377)
(0.024926537 0.012113356 0.377)
(-0.011990898 0.013014097 0.377)
(-0.0064674916 0.010841284 0.377)
(-0.014632533 0.015395721 0.377)
(0.02759416 0.0093490851 0.377)
(0.022927292 -0.009828719 0.377)
(-0.0020727076 -0.009828719 0.377)
(-0.027132463 -0.0096038458 0.377)
(-0.030777447 -0.011782185 0.377)
(0.01131145 0.016933374 0.377)
(0.0087474069 0.014065565 0.377)
(0.0061278766 0.011036842 0.377)
(0.02672969 0.006107519 0.377)
(0.023361918 -0.006144445 0.377)
(-0.0016322293 -0.0061402587 0.377)
(-0.026791938 -0.0061362481 0.377)
(0.045358191 0.007030828 0.377)
(0.023490165 0.0010611682 0.377)
(-0.011612426 -0.018976893 0.377)
(0.013387574 -0.018976893 0.377)
(0.014305821 0.016445327 0.377)
(0.014868143 -0.016042171 0.377)
(0.01249717 -0.012742338 0.377)
(-0.010131857 -0.016042171 0.377)
(-0.01250283 -0.012742338 0.377)
(-0.026438832 0.0083320007 0.377)
(-0.0016251874 0.0082783054 0.377)
(-0.033268177 -0.013930548 0.377)
(0.0029984302 0.010086545 0.377)
(-0.02252129 0.0094189791 0.377)
(-0.0049916719 -0.010682475 0.377)
(0.020008328 -0.010682475 0.377)
(-0.017531085 0.014349595 0.377)
(-0.003215981 0.010999221 0.377)
(0.0057909562 0.015113564 0.377)
(-0.0055755122 0.014723113 0.377)
(0.031575896 0.0099748582 0.377)
(0.0067580304 -0.0097043406 0.377)
(0.031788502 -0.0097864593 0.377)
(-0.01824462 -0.0097052465 0.377)
(0.018251784 0.0096617467 0.377)
(0.04301114 0.011056567 0.377)
(-0.0012568891 -0.040120702 0.377)
(-0.015389819 -0.014044936 0.377)
(0.0096101809 -0.014044936 0.377)
(-0.03082834 -0.01490502 0.377)
(0.028873465 0.012008672 0.377)
(-0.0097725823 -0.013099151 0.377)
(0.015227418 -0.013099151 0.377)
(0.015080115 0.013437211 0.377)
(0.013752178 -0.025351819 0.377)
(-0.011144917 -0.025156107 0.377)
(0.0125 0.01080555 0.377)
(3.196346e-05 0.014487932 0.377)
(-0.025064142 0.014464754 0.377)
(-0.032320564 -0.0090056416 0.377)
(-0.01770279 0.0091238179 0.377)
(0.019738681 0.0158263 0.377)
(0.019765835 -0.015876489 0.377)
(-0.0052341645 -0.015876489 0.377)
(0.030365631 -0.015706455 0.377)
(-0.019634369 -0.015706455 0.377)
(0.0053656308 -0.015706455 0.377)
(0.030315292 0.01551937 0.377)
(0.017858592 -0.0094592895 0.377)
(-0.0071414076 -0.0094592895 0.377)
(-0.019804265 0.016000723 0.377)
(-0.012386823 0.01038786 0.377)
(0.024959007 0.014737493 0.377)
(-0.024799794 -0.01470179 0.377)
(0.025108573 -0.014617096 0.377)
(0.00010857294 -0.014617096 0.377)
(0.016096803 -0.019859737 0.377)
(-0.0089031975 -0.019859737 0.377)
(0.021333534 0.0023844334 0.377)
(-0.021377897 0.0051256561 0.377)
(0.0036453643 0.0051815493 0.377)
(-0.028627405 0.0023774047 0.377)
(0.0036274047 -0.0023774047 0.377)
(0.04890868 0.010389467 0.13989051)
(0.049878497 0.003483611 0.13862979)
(-0.048863312 -0.010600787 0.13803148)
(0.04696561 -0.017153178 0.138)
(0.04696561 0.017153178 0.216)
(0.048893013 -0.010462948 0.21577454)
(0.034803471 -0.035898725 0.2129886)
(0.011791855 -0.04858963 0.21506812)
(0.049876752 -0.0035085102 0.21592489)
(-0.048864081 0.010597247 0.21603163)
(0.04890868 0.010389467 0.29589051)
(0.049878497 0.003483611 0.29462979)
(-0.048863312 -0.010600787 0.29403148)
(0.04696561 -0.017153178 0.294)
(0.04696561 0.017153178 0.372)
(0.048893013 -0.010462948 0.37177454)
(0.034803471 -0.035898725 0.3689886)
(0.011791855 -0.04858963 0.37106812)
(0.049876752 -0.0035085102 0.37192489)
(-0.048864081 0.010597247 0.37203163)
(0.017086453 -0.032270995 0.055)
(-0.007141783 -0.032211462 0.055)
(-0.017086453 0.032270995 0.055)
(0.007141783 0.032211462 0.055)
(-0.0325 -0.0175 0.055)
(0.017393803 -0.017648254 0.055)
(-0.0076705642 -0.017562001 0.055)
(0.029846433 0.0073912306 0.055)
(-0.02017666 0.00740754 0.055)
(0.0046524596 0.007481043 0.055)
(0.0076705642 0.017562001 0.055)
(-0.0175 0.0175 0.055)
(0.03205671 0.018139636 0.055)
(-0.0048294358 -0.0074379988 0.055)
(-0.029995884 -0.0074846387 0.055)
(0.019952825 -0.0075018068 0.055)
(0.02 0.0075 0.055)
(-0.029995992 0.0072928189 0.055)
(-0.0049483625 0.007238336 0.055)
(-0.0175 -0.0175 0.055)
(0.0075 -0.0175 0.055)
(0.029584546 -0.0075601558 0.055)
(0.005 -0.0075 0.055)
(0.0325 -0.0175 0.055)
(0.0175 0.0175 0.055)
(-0.02 -0.0075 0.055)
(-0.0325 0.0175 0.055)
(-0.0075 0.0175 0.055)
(-0.016851914 -0.032301722 0.055)
(0.0073851745 -0.032344805 0.055)
(0.016851914 0.032301722 0.055)
(-0.0073851745 0.032344805 0.055)
(-0.0026947098 0.035149608 0.055)
(0.0026947098 -0.035149608 0.055)
(0.0027134169 0.035190564 0.055)
(-0.0027134169 -0.035190564 0.055)
(-0.037690804 -0.010482609 0.055)
(-0.010449812 -0.027810349 0.055)
(0.014439936 -0.027818853 0.055)
(-0.010354839 0.021989274 0.055)
(-0.023184157 -0.002459702 0.055)
(0.0016303084 -0.0024778755 0.055)
(0.026912021 -0.0025901392 0.055)
(0.014754809 0.022254809 0.055)
(-0.014754809 -0.022254809 0.055)
(-0.014774722 0.028107915 0.055)
(0.010245191 -0.022254809 0.055)
(0.010449812 0.027810349 0.055)
(-0.027254809 0.0027451905 0.055)
(0.022745191 0.0027451905 0.055)
(-0.0022548095 0.0027451905 0.055)
(-0.0098627527 -0.010230495 0.055)
(0.0025750548 0.014708411 0.055)
(-0.022098713 0.014666267 0.055)
(0.027797046 0.014537213 0.055)
(0.015245191 -0.010245191 0.055)
(-0.0026372473 -0.014769505 0.055)
(0.0097548095 0.010245191 0.055)
(0.02201155 -0.014191026 0.055)
(-0.027745191 -0.014754809 0.055)
(0.035260804 0.010986729 0.055)
(0.041258181 0.0097101112 0.055)
(-0.015447401 0.01009367 0.055)
(-0.015301582 -0.010792151 0.055)
(0.0097548095 -0.010245191 0.055)
(0.034754809 -0.010245191 0.055)
(0.037891329 -0.010899915 0.055)
(-0.027745191 0.014754809 0.055)
(-0.0026490026 0.014363021 0.055)
(0.022254809 0.014754809 0.055)
(0.027745191 -0.014754809 0.055)
(-0.034754809 0.010245191 0.055)
(-0.037891329 0.010899915 0.055)
(0.01512944 0.010471172 0.055)
(-0.0099039805 0.0098671301 0.055)
(-0.022466671 -0.014514603 0.055)
(0.0026290001 -0.01452237 0.055)
(0.025 0.011392651 0.055)
(0.0125 -0.013607349 0.055)
(0.00013453409 0.011586715 0.055)
(-0.0089658732 0.038536683 0.055)
(0.0089658732 -0.038536683 0.055)
(0.0060209111 0.038074581 0.055)
(-0.0060209111 -0.038074581 0.055)
(-0.01174939 0.018310828 0.055)
(0.025597916 -0.0065583118 0.055)
(0.037898596 0.016186751 0.055)
(-0.033574764 -0.010132671 0.055)
(0.012146214 -0.032485644 0.055)
(0.014754655 -0.036197339 0.055)
(0.020618222 -0.035152959 0.055)
(-0.012202011 0.032533821 0.055)
(-0.014754655 0.036197339 0.055)
(-0.020618222 0.035152959 0.055)
(-0.011569345 -0.0327375 0.055)
(0.011569345 0.0327375 0.055)
(-0.027254809 -0.0047548095 0.055)
(-0.026369287 -0.0085246213 0.055)
(0.010245191 0.020245191 0.055)
(0.011158454 0.016483152 0.055)
(-0.0017786811 -0.0049229895 0.055)
(-0.00125622 -0.0085252526 0.055)
(-0.010245191 -0.020245191 0.055)
(-0.011158454 -0.016483152 0.055)
(-0.022848781 0.0047265656 0.055)
(-0.023684292 0.0084789685 0.055)
(0.0016908682 0.0049202905 0.055)
(0.014754809 -0.020245191 0.055)
(0.027254809 0.0047548095 0.055)
(-0.01419684 -0.038281698 0.055)
(0.01419684 0.038281698 0.055)
(0.0052075804 -0.01145589 0.055)
(-0.019414299 -0.011724385 0.055)
(0.031616294 0.013157463 0.055)
(-0.018087934 0.013308601 0.055)
(0.022856144 -0.0029423641 0.055)
(-0.014382891 0.021913118 0.055)
(-0.014801559 -0.028599929 0.055)
(0.0098388405 -0.02856655 0.055)
(-0.01014285 0.028622757 0.055)
(0.014801559 0.028599929 0.055)
(-0.035156212 -0.014476807 0.055)
(-0.040948381 -0.011492828 0.055)
(-0.02625 -0.0010048095 0.055)
(-0.011042367 -0.023871595 0.055)
(0.013944508 -0.023872608 0.055)
(0.011271206 -0.018492566 0.055)
(0.026347543 0.0010812434 0.055)
(0.023771206 0.006507434 0.055)
(0.01125 0.023995191 0.055)
(0.00125 0.0010048095 0.055)
(-0.0013808224 0.006413061 0.055)
(-0.035506642 0.014561087 0.055)
(-0.032291824 0.013330002 0.055)
(0.035506642 -0.014561087 0.055)
(0.03163507 -0.013098541 0.055)
(-0.0088637782 -0.013714958 0.055)
(0.0087442894 0.013893207 0.055)
(-0.0036220008 -0.011286443 0.055)
(-0.028970494 -0.011157832 0.055)
(0.041027089 -0.011564483 0.055)
(0.036055032 -0.019145928 0.055)
(-0.041027089 0.011564483 0.055)
(-0.036055032 0.019145928 0.055)
(-0.035983509 -0.019119939 0.055)
(0.035245191 0.020245191 0.055)
(-0.021130714 0.010966358 0.055)
(-0.03111611 -0.014421155 0.055)
(-0.0016001819 -0.0012069871 0.055)
(0.020331596 0.035567659 0.055)
(-0.020331596 -0.035567659 0.055)
(-0.024922598 0.012114761 0.055)
(-0.011990898 -0.013014097 0.055)
(0.011988699 0.012905209 0.055)
(0.0064671097 0.010838282 0.055)
(-0.00048353408 -0.012111483 0.055)
(0.014632533 0.015395721 0.055)
(0.017707517 0.013529449 0.055)
(0.0021188084 -0.0097192308 0.055)
(-0.01457124 -0.015165755 0.055)
(-0.027593503 0.0093493193 0.055)
(-0.025569852 -0.012206756 0.055)
(-0.022867467 -0.0096042793 0.055)
(-0.01244255 0.025105511 0.055)
(-0.023256433 -0.0061164345 0.055)
(-0.014174746 -0.018827872 0.055)
(0.014094836 0.018845229 0.055)
(0.0017899884 -0.0061523793 0.055)
(-0.026729634 0.0061075389 0.055)
(-0.023490157 0.0010611635 0.055)
(0.0013248726 0.0082418828 0.055)
(0.026336852 0.0083232138 0.055)
(0.028706658 0.010824306 0.055)
(0.013865878 -0.016691591 0.055)
(0.01619145 -0.014051255 0.055)
(0.018912732 -0.011107178 0.055)
(0.02282995 -0.0096854056 0.055)
(0.02513359 -0.012790613 0.055)
(0.028571957 -0.011340088 0.055)
(0.0099449715 -0.015654893 0.055)
(-0.0029256096 0.0098789016 0.055)
(-0.0055311253 0.012163474 0.055)
(0.022412774 0.0093101637 0.055)
(-0.015042981 0.018992821 0.055)
(-0.014312607 0.015864037 0.055)
(-0.010139614 0.015307892 0.055)
(-0.012972157 0.012503106 0.055)
(0.022368638 -0.0059915167 0.055)
(-0.01749382 -0.014318459 0.055)
(0.0058706929 -0.014831662 0.055)
(0.031741646 0.0099537173 0.055)
(0.018342084 0.010118787 0.055)
(0.0032058885 0.011008613 0.055)
(-0.0057886745 0.014973722 0.055)
(0.019151907 -0.015100505 0.055)
(-0.0056488302 -0.014660089 0.055)
(0.0055742396 0.014720655 0.055)
(-0.0067941288 -0.010140325 0.055)
(0.0084788873 -0.012983482 0.055)
(-0.031574666 0.0099745966 0.055)
(0.031703021 -0.010040662 0.055)
(-0.018245032 0.0099506874 0.055)
(0.021026502 0.012018896 0.055)
(0.025890264 -0.0097196429 0.055)
(0.00058525101 -0.039390287 0.055)
(-0.00058525101 0.039390287 0.055)
(-0.028873465 0.012008672 0.055)
(0.011157362 -0.025358974 0.055)
(0.023566528 3.0988698e-18 0.055)
(-0.013709709 -0.025507336 0.055)
(0.013751236 0.025532055 0.055)
(-0.0069982194 0.0094734402 0.055)
(0.0125 -0.010515466 0.055)
(-0.0092711916 0.019640254 0.055)
(1.0818968e-05 0.014440941 0.055)
(0.025012964 0.014546168 0.055)
(0.028274823 -0.0051146517 0.055)
(0.034077027 0.015371987 0.055)
(0.019614544 0.015672117 0.055)
(0.0071343692 -0.0092935452 0.055)
(0.030718334 0.01587486 0.055)
(-0.01774147 -0.0091279318 0.055)
(-0.019734162 0.015994919 0.055)
(0.030157565 -0.01596454 0.055)
(-0.03031385 0.015519044 0.055)
(-0.019804265 -0.016000723 0.055)
(-0.0085148524 0.012695657 0.055)
(-8.7818083e-05 -0.014713997 0.055)
(-0.025139592 -0.014726999 0.055)
(0.012343237 0.010280393 0.055)
(-0.012413808 -0.010384186 0.055)
(-0.024958304 0.014737744 0.055)
(-0.021333532 0.0023844323 0.055)
(0.021382414 0.0051282643 0.055)
(-0.0036355128 0.0050646862 0.055)
(0.008885641 -0.019869873 0.055)
(-0.028627405 -0.0023774047 0.055)
(0.028651791 0.0023965132 0.055)
(-0.0088206869 -0.022591696 0.055)
(0.016176032 -0.02259195 0.055)
(0.017086453 -0.032270995 0.455)
(-0.007141783 -0.032211462 0.455)
(-0.017086453 0.032270995 0.455)
(0.007141783 0.032211462 0.455)
(-0.032927591 -0.017184911 0.455)
(-0.0076705642 -0.017562001 0.455)
(0.030033064 0.0074426124 0.455)
(0.017393803 -0.017648254 0.455)
(-0.02017666 0.00740754 0.455)
(0.0046524596 0.007481043 0.455)
(0.0076705642 0.017562001 0.455)
(-0.0175 0.0175 0.455)
(0.0325 0.0175 0.455)
(-0.02992888 -0.0077158417 0.455)
(-0.0048294358 -0.0074379988 0.455)
(0.019952825 -0.0075018068 0.455)
(-0.030338233 0.0076223602 0.455)
(0.02 0.0075 0.455)
(-0.0049483625 0.007238336 0.455)
(0.029584546 -0.0075601558 0.455)
(-0.0175 -0.0175 0.455)
(0.0075 -0.0175 0.455)
(0.0325 -0.0175 0.455)
(0.0175 0.0175 0.455)
(-0.02 -0.0075 0.455)
(-0.032239624 0.01737365 0.455)
(0.005 -0.0075 0.455)
(-0.0075 0.0175 0.455)
(-0.016851914 -0.032301722 0.455)
(0.0073851745 -0.032344805 0.455)
(0.016851914 0.032301722 0.455)
(-0.0073851745 0.032344805 0.455)
(-0.0026947098 0.035149608 0.455)
(0.0026947098 -0.035149608 0.455)
(0.0027134169 0.035190564 0.455)
(-0.0027134169 -0.035190564 0.455)
(-0.037690804 0.010482609 0.455)
(0.038694116 0.012499849 0.455)
(-0.010449812 -0.027810349 0.455)
(0.014439936 -0.027818853 0.455)
(-0.010354839 0.021989274 0.455)
(-0.022848118 -0.0027355166 0.455)
(0.0016303084 -0.0024778755 0.455)
(0.026912021 -0.0025901392 0.455)
(0.014754809 0.022254809 0.455)
(-0.014754809 -0.022254809 0.455)
(-0.014774722 0.028107915 0.455)
(0.010245191 -0.022254809 0.455)
(0.010449812 0.027810349 0.455)
(-0.027531328 0.0026159418 0.455)
(0.022745191 0.0027451905 0.455)
(-0.0022548095 0.0027451905 0.455)
(-0.0098627527 -0.010230495 0.455)
(0.0025750548 0.014708411 0.455)
(-0.022226709 0.014633716 0.455)
(0.027908298 0.014468711 0.455)
(-0.034754809 -0.010245191 0.455)
(-0.041185896 -0.0096041772 0.455)
(0.015245191 -0.010245191 0.455)
(-0.0026372473 -0.014769505 0.455)
(0.0097548095 0.010245191 0.455)
(0.02201155 -0.014191026 0.455)
(-0.027827284 -0.014629976 0.455)
(-0.015447401 0.01009367 0.455)
(-0.015301582 -0.010792151 0.455)
(0.0097548095 -0.010245191 0.455)
(0.034754809 -0.010245191 0.455)
(0.037891329 -0.010899915 0.455)
(-0.027745191 0.014754809 0.455)
(-0.0026490026 0.014363021 0.455)
(0.022254809 0.014754809 0.455)
(0.027745191 -0.014754809 0.455)
(0.01512944 0.010471172 0.455)
(-0.0099039805 0.0098671301 0.455)
(-0.022254809 -0.014754809 0.455)
(0.0026290001 -0.01452237 0.455)
(0.025 0.011392651 0.455)
(0.0125 -0.013607349 0.455)
(0.00013453409 0.011586715 0.455)
(0.031933487 0.013410529 0.455)
(-0.0089658732 0.038536683 0.455)
(0.0089658732 -0.038536683 0.455)
(0.0060209111 0.038074581 0.455)
(-0.0060209111 -0.038074581 0.455)
(-0.01174939 0.018310828 0.455)
(0.025597916 -0.0065583118 0.455)
(-0.037043685 -0.015524883 0.455)
(-0.033648364 0.010156708 0.455)
(0.012146214 -0.032485644 0.455)
(0.014754655 -0.036197339 0.455)
(0.020618222 -0.035152959 0.455)
(-0.012202011 0.032533821 0.455)
(-0.014754655 0.036197339 0.455)
(-0.020618222 0.035152959 0.455)
(-0.011569345 -0.0327375 0.455)
(0.011569345 0.0327375 0.455)
(-0.027254809 -0.0047548095 0.455)
(-0.026204727 -0.0084105031 0.455)
(0.010245191 0.020245191 0.455)
(0.011158454 0.016483152 0.455)
(-0.0017786811 -0.0049229895 0.455)
(-0.00125622 -0.0085252526 0.455)
(-0.010245191 -0.020245191 0.455)
(-0.011158454 -0.016483152 0.455)
(-0.022489703 0.004873051 0.455)
(-0.02375 0.0085048095 0.455)
(0.0016908682 0.0049202905 0.455)
(0.014754809 -0.020245191 0.455)
(0.027254809 0.0047548095 0.455)
(-0.01419684 -0.038281698 0.455)
(0.01419684 0.038281698 0.455)
(0.0052075804 -0.01145589 0.455)
(-0.019385039 -0.011706719 0.455)
(-0.030880902 -0.011690052 0.455)
(-0.018032769 0.013313731 0.455)
(0.0098388405 -0.02856655 0.455)
(0.022856144 -0.0029423641 0.455)
(-0.014382891 0.021913118 0.455)
(-0.014801559 -0.028599929 0.455)
(0.014801559 0.028599929 0.455)
(-0.01014285 0.028622757 0.455)
(-0.035139033 0.014460227 0.455)
(-0.040945927 0.01149046 0.455)
(-0.02625 -0.0010048095 0.455)
(-0.011042367 -0.023871595 0.455)
(0.026347543 0.0010812434 0.455)
(0.023771206 0.006507434 0.455)
(0.01125 0.023995191 0.455)
(0.013944508 -0.023872608 0.455)
(0.011271206 -0.018492566 0.455)
(0.00125 0.0010048095 0.455)
(-0.0013808224 0.006413061 0.455)
(0.035506642 -0.014561087 0.455)
(0.03163507 -0.013098541 0.455)
(-0.0088637782 -0.013714958 0.455)
(0.0087442894 0.013893207 0.455)
(-0.0036220008 -0.011286443 0.455)
(0.041027089 -0.011564483 0.455)
(0.036055032 -0.019145928 0.455)
(-0.035245191 0.020245191 0.455)
(-0.035453547 -0.020791959 0.455)
(0.035327207 0.020711709 0.455)
(0.036171603 0.016896332 0.455)
(-0.029059649 0.011185541 0.455)
(-0.021303132 0.010945066 0.455)
(-0.031602591 0.013885227 0.455)
(-0.025136804 0.011932134 0.455)
(-0.0016001819 -0.0012069871 0.455)
(0.020331596 0.035567659 0.455)
(-0.020331596 -0.035567659 0.455)
(-0.011990898 -0.013014097 0.455)
(0.011988699 0.012905209 0.455)
(0.0064671097 0.010838282 0.455)
(-0.00048353408 -0.012111483 0.455)
(0.0021188084 -0.0097192308 0.455)
(0.014632533 0.015395721 0.455)
(0.017707517 0.013529449 0.455)
(-0.01457124 -0.015165755 0.455)
(-0.01244255 0.025105511 0.455)
(-0.014174746 -0.018827872 0.455)
(0.014094836 0.018845229 0.455)
(0.0017899884 -0.0061523793 0.455)
(0.032629309 0.0098127148 0.455)
(-0.024133011 -0.0060211723 0.455)
(-0.024040491 0.0015968456 0.455)
(-0.025546879 0.0052748144 0.455)
(0.02921591 0.010794943 0.455)
(-0.022634799 -0.008957554 0.455)
(-0.025003291 -0.012257215 0.455)
(-0.033285992 -0.013911871 0.455)
(0.0013248726 0.0082418828 0.455)
(0.026419998 0.0082846748 0.455)
(0.013865878 -0.016691591 0.455)
(0.01619145 -0.014051255 0.455)
(0.018912732 -0.011107178 0.455)
(0.02282995 -0.0096854056 0.455)
(0.02513359 -0.012790613 0.455)
(0.028571957 -0.011340088 0.455)
(0.03527354 0.012255908 0.455)
(0.0099449715 -0.015654893 0.455)
(-0.0029256096 0.0098789016 0.455)
(-0.0055311253 0.012163474 0.455)
(0.022426632 0.0093037406 0.455)
(0.022368638 -0.0059915167 0.455)
(-0.015042981 0.018992821 0.455)
(-0.014303412 0.015864892 0.455)
(-0.010138081 0.015308034 0.455)
(-0.012972157 0.012503106 0.455)
(-0.027014696 0.0084598885 0.455)
(-0.017491688 -0.014317171 0.455)
(0.0058706929 -0.014831662 0.455)
(0.018342084 0.010118787 0.455)
(0.0032058885 0.011008613 0.455)
(-0.0057886745 0.014973722 0.455)
(0.019151907 -0.015100505 0.455)
(-0.0056488302 -0.014660089 0.455)
(0.0055742396 0.014720655 0.455)
(-0.0067941288 -0.010140325 0.455)
(0.0084788873 -0.012983482 0.455)
(0.031703021 -0.010040662 0.455)
(-0.018245032 0.0099506874 0.455)
(0.021026502 0.012018896 0.455)
(0.025890264 -0.0097196429 0.455)
(-0.027889819 -0.010955064 0.455)
(-0.030822971 -0.014914318 0.455)
(0.00058525101 -0.039390287 0.455)
(-0.00058525101 0.039390287 0.455)
(-0.022273191 -0.011900722 0.455)
(0.011157362 -0.025358974 0.455)
(0.013751236 0.025532055 0.455)
(0.023566528 3.0988698e-18 0.455)
(-0.013709709 -0.025507336 0.455)
(-0.0069982194 0.0094734402 0.455)
(0.0125 -0.010515466 0.455)
(-0.0092711916 0.019640254 0.455)
(1.0818968e-05 0.014440941 0.455)
(0.028274823 -0.0051146517 0.455)
(0.025040777 0.014529043 0.455)
(0.019614544 0.015672117 0.455)
(0.0071343692 -0.0092935452 0.455)
(-0.03220517 -0.0091998948 0.455)
(-0.017734155 -0.0091235152 0.455)
(-0.01975237 0.015988064 0.455)
(0.030336536 0.015809922 0.455)
(0.030157565 -0.01596454 0.455)
(-0.025027176 0.014705165 0.455)
(-0.019641438 -0.015540708 0.455)
(-0.0085148524 0.012695657 0.455)
(-8.7818083e-05 -0.014713997 0.455)
(0.012343237 0.010280393 0.455)
(-0.012413808 -0.010384186 0.455)
(-0.021403197 -0.0051402635 0.455)
(-0.028438836 0.0053465581 0.455)
(-0.021381346 0.0025549742 0.455)
(0.021382414 0.0051282643 0.455)
(-0.0036355128 0.0050646862 0.455)
(0.008885641 -0.019869873 0.455)
(-0.030084351 0.016129624 0.455)
(-0.028627405 -0.0023774047 0.455)
(0.028651791 0.0023965132 0.455)
(-0.0088206869 -0.022591696 0.455)
(0.016176032 -0.02259195 0.455)
(-0.012312759 0.023264242 0.060401071)
(0.012667733 0.026935059 0.060046334)
(0.012208655 -0.027580818 0.060324447)
(-0.012339482 -0.026500182 0.060329844)
(-0.02565191 -0.0018117259 0.060022872)
(-0.023550427 0.010240935 0.060149558)
(0.03051214 -0.014962121 0.060014366)
(-0.018441695 -0.0096931748 0.060091469)
(0.02817794 0.0091035444 0.060020647)
(0.017297403 -0.01052136 0.060605728)
(0.024395859 -0.0025404038 0.060286712)
(-0.010731431 -0.013602379 0.059437253)
(0.021969255 0.0061417845 0.059509473)
(-0.018307767 0.0099375903 0.060204808)
(-0.025318653 -0.0097177357 0.060146072)
(0.019694058 0.014769508 0.059638198)
(0.028257928 -0.0092825335 0.06010406)
(-0.030999803 0.0098280128 0.060026867)
(0.036900336 -0.021637867 0.059512678)
(0.0011936923 0.011035752 0.059740352)
(-0.0065028676 0.0097973261 0.060143326)
(0.0077854538 -0.010750811 0.059454016)
(0.012024777 -0.017489972 0.059162621)
(0.0088590253 0.017298226 0.059747078)
(6.3904365e-05 -0.0021168201 0.059882755)
(-0.018613405 -0.015693427 0.060007533)
(-0.00012310146 -0.010068534 0.060407487)
(0.015069635 0.012631613 0.060150418)
(-0.0070421774 0.015463903 0.060014234)
(0.0009098925 0.0052633771 0.058888431)
(0.025341492 -0.013705878 0.05982803)
(-0.0036397634 -0.013186182 0.059313206)
(-0.01670964 0.015477446 0.059998806)
(0.035789544 0.022519795 0.05995152)
(-0.027671514 0.0063085045 0.059807326)
(0.021959346 -0.0080424757 0.059924515)
(-0.03162293 0.015919982 0.060493297)
(0.032389689 0.010733397 0.059988227)
(0.015227811 0.017979379 0.059870211)
(0.0068785928 0.0099930455 0.060341381)
(-0.031549477 -0.015405315 0.060623286)
(0.034003595 0.017216743 0.05995496)
(0.012155556 -0.011161757 0.059821273)
(-0.011953316 0.011748291 0.059952637)
(-0.015545755 -0.01902393 0.059571283)
(0.006882503 -0.015825114 0.060255215)
(-0.031959042 -0.0099234778 0.060036138)
(-0.025420326 0.013692693 0.059737849)
(0.024481702 0.013377218 0.059680461)
(0.012154689 0.022259267 0.059715268)
(-0.011375586 0.028541682 0.060574475)
(-0.013803982 -0.011331959 0.060379466)
(0.0037757665 -0.013315481 0.060759235)
(-0.021957058 -0.012934468 0.060758894)
(-0.02635661 -0.013772957 0.060465312)
(0.024379455 0.0018788591 0.060080893)
(-0.003566944 -0.007519741 0.059772969)
(-0.03671269 0.011686867 0.059473727)
(0.032623074 -0.010279315 0.060729903)
(0.011118912 0.011385028 0.05994753)
(0.012343082 -0.02236787 0.060245842)
(-0.0020903102 0.013598412 0.05988657)
(-0.027943478 -0.006469544 0.06034956)
(-0.021890982 -0.0057788026 0.059869235)
(-0.037175921 -0.020497711 0.060671333)
(0.036910076 0.011147641 0.059543948)
(0.0190035 0.0095983076 0.060384455)
(-0.037363352 -0.011427165 0.0600047)
(-0.020605195 0.014428006 0.060291081)
(-0.013185743 -0.022284579 0.060727104)
(0.02955459 0.014516833 0.060172744)
(0.0001905767 -0.01406505 0.059862969)
(0.016354851 -0.017542832 0.060321052)
(-0.016557482 -0.032061221 0.060847608)
(-0.0029042941 0.0066442782 0.059410025)
(0.0042526055 0.01434984 0.060634666)
(-0.02537108 0.0025121364 0.060714816)
(0.027680372 0.0056182447 0.060644701)
(-0.00043010137 0.0019476194 0.060756472)
(-0.022012465 0.0063902541 0.060582713)
(-0.0092400648 0.019345071 0.059179924)
(0.020242465 -0.014486392 0.060065573)
(0.0086798604 -0.019312342 0.059142565)
(0.0045761889 -0.0087391372 0.060850676)
(0.01098206 0.031040838 0.060035641)
(0.0088752121 -0.033201668 0.059615004)
(-0.0097665348 -0.030490393 0.05970445)
(-0.016690963 0.032421184 0.060258205)
(0.033565536 -0.017786772 0.06006982)
(-0.0076253626 -0.010568693 0.060217882)
(-0.0066400148 -0.015549886 0.060765649)
(0.015513012 -0.031183463 0.058922702)
(0.01418338 -0.014365586 0.061385771)
(0.027604025 -0.0054284011 0.059332297)
(-0.0095468789 -0.018578764 0.060566118)
(-0.0058178998 -0.034777941 0.059178614)
(0.019138551 -0.034153879 0.060181813)
(-0.014110695 0.019052081 0.059463453)
(0.0036027267 0.0073065959 0.060827047)
(0.002361747 -0.0059356752 0.05884835)
(0.03755159 -0.011777102 0.060258034)
(-0.031167396 0.03134316 0.06128525)
(-0.032311383 -0.031670343 0.060095148)
(0.03227116 0.032023694 0.059883116)
(0.031720295 -0.032211966 0.060088905)
(0.043990397 -0.0059418067 0.057585051)
(-0.043826424 -0.006567646 0.058370866)
(0.044084202 0.007046198 0.060026635)
(-0.044456624 0.0062845713 0.058271803)
(0.03466871 0.025845495 0.062204151)
(0.015799637 -0.0085963787 0.06324482)
(-0.030232032 0.034279848 0.058811262)
(0.0017245688 0.034028691 0.056231507)
(0.024799876 -0.036565827 0.058476508)
(-0.016504092 -0.0082497847 0.063095184)
(0.020427195 -0.0051974459 0.05724086)
(-0.036432967 -0.025096946 0.058287604)
(0.016663276 -0.0085689279 0.057145524)
(0.0089371004 0.0089528568 0.057197955)
(0.027912968 0.0020815673 0.05771623)
(0.006350283 0.0180752 0.056869796)
(0.0081268314 -0.0083754243 0.062704704)
(0.031487204 0.0068625801 0.06319102)
(-0.038265102 0.025854461 0.057625159)
(-0.018001786 -0.0072412379 0.056908979)
(-0.020533302 0.0022257784 0.056053387)
(-0.030214008 -0.0056807263 0.057102783)
(-0.016973899 0.019338824 0.057488683)
(-0.026248868 -0.015772037 0.057010081)
(-0.0072392309 0.030629913 0.057877987)
(-0.0080702627 -0.022691288 0.056033915)
(0.015809954 -0.022069049 0.056977568)
(0.025453082 0.036633711 0.061716011)
(-0.0086033853 0.0086557343 0.057132344)
(0.01558804 0.026141248 0.056877)
(0.0066247924 -0.0079586553 0.05719898)
(0.0055542899 -0.017684001 0.056938329)
(0.018980026 0.0063393123 0.056875529)
(-0.0020882601 0.016042284 0.063056567)
(0.019311369 0.017911907 0.056983837)
(-0.019503427 -0.017793994 0.056968877)
(-0.0064857278 0.018575878 0.06309678)
(0.0055018233 -0.033049452 0.062598869)
(-0.021870991 0.016388757 0.063171546)
(-0.03191063 0.0073211973 0.056943645)
(0.027197665 -0.0010560519 0.057166221)
(0.0044303468 -0.033585453 0.058046269)
(-0.0019136151 -0.015700397 0.056945882)
(-0.019659625 0.0055752289 0.056896706)
(-0.032546561 -0.018994797 0.057482056)
(-0.008735384 -0.028023905 0.063088672)
(0.0057435721 0.017215085 0.0629962)
(-0.01822177 0.018231839 0.063019832)
(-0.0064149446 -0.0076280808 0.062902318)
(0.018673048 -0.0077361086 0.062944255)
(-0.034300712 -0.0086443573 0.063070508)
(0.005071137 0.0055782769 0.057062869)
(-0.005350395 0.0056889781 0.057021496)
(-0.0061128184 -0.0068180316 0.056878274)
(-0.0091954435 0.022722369 0.063075346)
(0.028339448 -0.016594277 0.057013741)
(0.030463046 0.01742466 0.05713112)
(0.036123547 -0.009061546 0.056927861)
(-0.017782761 0.030406632 0.05710208)
(0.018353342 -0.018732725 0.056946918)
(0.030965645 -0.018192623 0.05690024)
(0.029849096 0.0068893996 0.057146125)
(-0.0064155612 -0.018501707 0.057065402)
(-0.022170693 -0.0010911354 0.062049903)
(-0.031588772 0.0070829008 0.063078955)
(0.0029116902 0.0021512223 0.056861023)
(-0.028670495 -0.0027310605 0.062749414)
(-0.018307526 -0.018778567 0.063067339)
(0.0029022273 -0.00093850165 0.063032039)
(-0.019861565 -0.0053354802 0.063028939)
(-0.035504888 0.008904552 0.056935988)
(-0.015707312 -0.027310168 0.062648672)
(0.017777025 0.017842778 0.062606078)
(0.019224282 0.0062574946 0.063073032)
(-0.0037316513 0.0028651497 0.057451229)
(-0.021619958 -0.0013781806 0.057006595)
(0.030509176 -0.017819573 0.063080043)
(0.0094542102 0.027634144 0.057293439)
(0.026636054 0.015668036 0.062934248)
(-0.0025979612 0.015996211 0.056835991)
(0.0021217117 0.016045193 0.057130387)
(-0.0099250003 -0.0088741297 0.057166474)
(0.014900079 -0.025876191 0.057089663)
(0.0044995601 -0.0054311595 0.062910189)
(0.0050458164 0.034639949 0.061426863)
(0.015832352 0.021724381 0.062724669)
(0.03156302 -0.0078473141 0.057165213)
(0.0029613116 -0.016082843 0.063245008)
(-0.0094716748 0.0086549837 0.063107399)
(-0.028307471 0.016040561 0.057170539)
(-0.0056549575 0.017721734 0.056898966)
(-0.031923946 0.019750079 0.06387277)
(-0.0090723528 -0.02617436 0.056704067)
(0.026365446 0.015953312 0.056966248)
(0.015213442 0.0088707745 0.063246925)
(0.021547902 0.0032198809 0.063231455)
(0.0026463349 -0.016063955 0.057044485)
(0.009107938 0.027858817 0.063373071)
(0.011527237 -0.0089703006 0.056899118)
(-0.02223148 -0.016038585 0.06321959)
(0.014676048 0.0094411615 0.057137825)
(0.021472382 0.0023756396 0.057125655)
(0.008587196 -0.028793231 0.057246106)
(-0.0088226604 0.027504344 0.063339545)
(-0.0016871392 -0.035296332 0.062277042)
(-0.0054032439 0.0058999336 0.062909121)
(-0.031948997 -0.01864532 0.062508148)
(-0.015889924 -0.021759504 0.06333765)
(0.0065955809 -0.019223559 0.063622287)
(0.0091106062 -0.022901129 0.057204281)
(0.026932864 -0.016090402 0.063060064)
(0.016353609 -0.029570945 0.062875021)
(-0.028728557 0.0036515326 0.062966423)
(0.027053484 0.00044285258 0.063197693)
(0.0019204253 0.015795468 0.063130629)
(0.019443742 -0.032122547 0.056913553)
(0.033880442 0.0087790118 0.056895012)
(-0.017775132 -0.030468248 0.057032163)
(-0.027515967 -0.016200324 0.063048105)
(0.022596684 0.016204042 0.056802453)
(-0.0061889514 -0.018202604 0.063195347)
(0.0065940882 0.006912366 0.063136204)
(-0.018508195 0.0068656373 0.063118503)
(0.017558065 -0.019876749 0.063028037)
(0.036366341 -0.0090598504 0.063049181)
(0.022217209 0.016399204 0.062944793)
(-0.031946334 0.019114386 0.05737304)
(0.016136463 0.021426431 0.057176571)
(-0.034527194 0.010105031 0.062665635)
(0.022827644 -0.016004414 0.06299689)
(-0.0020945298 -0.015968997 0.062932113)
(0.010452774 0.0090298131 0.063000363)
(-0.014345182 0.0091015363 0.062959829)
(-0.01451327 -0.0089995745 0.057068883)
(0.0084952012 -0.023265832 0.064023742)
(-0.023358464 0.016083015 0.057050548)
(0.015516124 -0.024202982 0.062703822)
(-0.0092838018 -0.0085797311 0.063160841)
(-0.0033683022 0.0027010937 0.062776814)
(-0.0093584442 -0.022381872 0.063078061)
(0.00763134 -0.042155289 0.059863678)
(-0.018217173 0.0310703 0.063399044)
(-0.023194447 -0.015581771 0.057244497)
(0.03080618 0.017347406 0.062868321)
(0.016004149 0.026982334 0.063529436)
(0.039306497 0.0091947746 0.062922623)
(-0.021501696 0.0035837313 0.063030509)
(0.021545889 0.033602531 0.057111954)
(-0.021963366 -0.034413233 0.061939064)
(-0.035332926 0.024806988 0.062508393)
(0.022521006 -0.035391594 0.06199804)
(0.046142649 -0.0023951491 0.062408605)
(0.034538956 0.026596084 0.05769154)
(-0.041215829 0.0087015718 0.061067583)
(-0.047331853 0.00035198439 0.057957021)
(-0.041369919 -0.0083676771 0.061230008)
(-0.0038626163 -0.0045789567 0.06244901)
(0.04368307 -0.0086076546 0.060701266)
(0.021096359 -0.0047967543 0.062536252)
(-0.016102144 0.021137147 0.062869106)
(0.0084753187 0.020270552 0.062416154)
(-0.019905455 0.017222898 0.057274594)
(-0.00087887803 0.033845358 0.056940096)
(-0.016510329 0.0082542358 0.056877167)
(-0.034474123 -0.0087097762 0.057022861)
(-0.0063853613 0.030997495 0.063037392)
(-0.0097494835 0.024172195 0.058063358)
(0.0028553906 -0.036017968 0.061071141)
(-0.025774679 0.015764535 0.063064163)
(-0.028075603 0.00091139713 0.062948839)
(0.0096520714 -0.02609691 0.05807327)
(-0.015255326 -0.024691857 0.063079875)
(-0.029538245 0.0047565345 0.05712407)
(-0.030288983 -0.0057300817 0.063040627)
(0.0032211429 -0.0015216061 0.056822869)
(0.021733665 -0.0016472492 0.057108088)
(0.0061201448 0.032287572 0.056969556)
(-0.015516632 0.023190847 0.057666827)
(-0.00037891431 -0.034728635 0.058131981)
(0.033802263 -0.020351371 0.062861032)
(0.0091633094 -0.027784642 0.062973693)
(0.010353931 0.024982811 0.057073631)
(-0.0091696784 0.027095239 0.05692029)
(0.009773572 0.023836214 0.062960215)
(0.0002091804 0.03567702 0.062955224)
(-0.028395415 -0.0024987584 0.057250246)
(-0.0027210985 -0.0010861459 0.062985964)
(-0.0023334358 6.5298395e-05 0.057042461)
(-0.039877897 0.0094170929 0.056922036)
(0.028419491 -0.0032189031 0.062665757)
(0.006867072 -0.030849282 0.057120055)
(0.039917515 -0.0092275973 0.057193637)
(-0.015444303 0.026933742 0.057828088)
(0.006965728 0.031048738 0.063236831)
(0.039018911 -0.0084819432 0.063874)
(-0.015905534 -0.027284717 0.057382887)
(-0.024903005 -0.037028698 0.060788424)
(-0.015807952 0.027836485 0.06352991)
(0.02811945 0.0035089361 0.062994822)
(-0.011004544 -0.041562338 0.060255739)
(-0.0059623355 -0.032116647 0.062891131)
(-0.038728477 -0.0091568029 0.062998757)
(0.035313254 0.0095205985 0.062831462)
(0.021233257 0.033839049 0.061328442)
(0.033394452 0.020393359 0.062854101)
(0.017968238 0.030012483 0.063120898)
(0.021990103 -0.033717212 0.056967015)
(0.033755251 -0.020907865 0.057492955)
(-0.021276744 0.034005057 0.061935724)
(0.033368275 0.020398592 0.057222437)
(0.019855402 -0.017562164 0.062982046)
(0.03536501 0.027702112 0.060730895)
(-0.025389705 0.035362089 0.061809581)
(-0.04403249 0.010832014 0.060245319)
(-0.026434603 -0.034760728 0.058004279)
(0.04706332 0.00025768184 0.05681143)
(-0.0043437321 0.033207238 0.063405722)
(-0.015291603 -0.023660412 0.057314743)
(0.021515856 -0.016292967 0.056864415)
(-0.027966941 0.0013964898 0.057322771)
(-0.0039633131 0.032616347 0.057054087)
(-0.015283799 0.024281118 0.06306053)
(0.008041572 -0.030347402 0.06204046)
(-0.016057528 0.040347975 0.059818642)
(0.0089965743 0.021253226 0.056761029)
(0.019926725 0.038168723 0.059429074)
(-0.003341427 -0.0037733471 0.056774006)
(-0.038647451 0.0092291448 0.062940411)
(-0.039487573 -0.0093634595 0.056942872)
(0.0033847024 0.0038308618 0.062944767)
(-0.033087631 -0.020662131 0.062429158)
(-0.034314752 0.021345641 0.058395755)
(0.040271223 0.0097064268 0.059006259)
(-0.020833036 -0.033873429 0.057045855)
(0.019161718 -0.039083724 0.06015968)
(-0.0023102763 -0.042587621 0.059788902)
(0.035022957 -0.0264631 0.058223898)
(0.02641228 -0.034796449 0.061855175)
(0.036125646 -0.025747114 0.062054453)
(-0.043919626 -0.0099817909 0.06054502)
(0.041912922 -0.0078043029 0.062712111)
(0.021858332 -0.0017741023 0.062945747)
(0.030679612 -0.00606621 0.063251438)
(0.017823206 0.03103655 0.056688019)
(-0.034413367 -0.021634614 0.057720011)
(0.025101156 0.035401442 0.058390977)
(-0.022596534 0.037262674 0.058877709)
(-0.018998071 -0.037064877 0.060165516)
(-0.034894999 -0.026072196 0.061740417)
(0.0080985434 0.042140353 0.060263835)
(-0.046577589 0.0004641174 0.062059134)
(0.039387771 0.016514703 0.06000913)
(-0.020754688 0.033262723 0.057080974)
(0.04679315 0.0012392945 0.062650022)
(-0.045030419 0.0039010954 0.061648517)
(-0.0029721359 0.042817571 0.059747662)
(-0.04639129 -0.0027988023 0.061672796)
(-0.013165273 0.023044679 0.44930842)
(0.01248742 0.027535243 0.45017835)
(0.012272698 -0.027381007 0.45007075)
(-0.012819043 -0.026714099 0.44989033)
(-0.023979231 0.010213371 0.44957622)
(-0.024783088 -0.0014537035 0.45007446)
(0.030552743 -0.014958691 0.45000574)
(0.022278214 0.0062499812 0.45043675)
(-0.019276248 -0.015006629 0.45016474)
(-0.022078434 -0.0098379514 0.44994927)
(0.017357465 -0.010611269 0.44960238)
(-0.027541927 0.0063044832 0.45022743)
(0.024757823 0.013244323 0.44999286)
(0.023760142 -0.0024237488 0.45040871)
(0.028189943 0.0075854143 0.44967765)
(-0.010646221 -0.014106981 0.45089605)
(-0.0032953905 0.0071090136 0.4502603)
(-0.018156282 0.0098594032 0.44958738)
(0.00076253855 0.0098405076 0.44985711)
(0.0093262 -0.018549489 0.44987677)
(0.01993993 0.014361935 0.44984055)
(0.028395938 -0.0084112659 0.44981312)
(0.03568293 -0.022480959 0.45045856)
(-0.0040968182 0.013824093 0.45038549)
(0.0077979451 -0.010910473 0.450219)
(0.008488248 0.017264932 0.44980823)
(0.00023613555 0.001905134 0.44988364)
(-0.0008894823 -0.010419511 0.44951955)
(0.015629946 -0.018363379 0.44995875)
(-0.0060646001 -0.014586546 0.44951366)
(-0.030256635 -0.014276481 0.45005388)
(-0.028443838 -0.008817578 0.44995054)
(-0.0080927621 0.015458636 0.44957988)
(-0.031592684 0.0098784343 0.4497515)
(-0.016259128 0.01575312 0.44947996)
(-0.0092595628 -0.018721963 0.4500703)
(0.015574286 0.01223622 0.44925104)
(0.031245088 0.015221847 0.44999372)
(0.021868593 -0.0083292465 0.45023751)
(0.015536381 0.016523838 0.45002025)
(0.0063867409 0.00943718 0.44963921)
(-0.00039070852 -0.0033625778 0.45023216)
(-0.030850482 0.015035493 0.44961612)
(0.025197848 -0.013021228 0.44984457)
(0.012462413 -0.011119182 0.45010586)
(0.036065234 0.02467047 0.44823506)
(-0.01288556 0.01170707 0.45019706)
(0.02500167 0.0026726053 0.44964898)
(-0.022103611 0.0061782974 0.44971006)
(-0.013875781 -0.011455734 0.45018169)
(0.016769614 -0.032913041 0.45034043)
(-0.022425567 -0.0057266829 0.45062088)
(-0.025932848 0.013848048 0.45055801)
(-0.015523791 -0.018140101 0.44972056)
(-0.034554298 -0.017429775 0.44996462)
(-0.012900573 0.02799992 0.45015809)
(0.012339777 0.021999979 0.45000717)
(0.011255878 0.011673203 0.45049758)
(0.037586451 -0.011607596 0.4500337)
(0.002973421 0.006021202 0.44972562)
(-0.0041991263 -0.0076802559 0.45039043)
(0.012530899 -0.022418979 0.44996398)
(0.0059965994 -0.015321482 0.45003182)
(0.019300115 0.0093418284 0.4499321)
(-0.024977882 -0.013301335 0.45058539)
(-0.025399275 0.0027463743 0.44975942)
(0.0036617621 -0.0077857446 0.45005524)
(-0.036765013 0.011819659 0.45010983)
(-0.0070913228 0.01023289 0.44941088)
(-0.012841732 -0.02222481 0.44977661)
(0.00032945788 0.014114892 0.44986472)
(-0.020812088 0.014220589 0.44959246)
(0.0048187261 0.014331728 0.4500783)
(0.0078116482 -0.033657155 0.44982916)
(-0.015767825 -0.032881143 0.45016808)
(0.019219049 -0.015067728 0.44924759)
(-0.0094775997 0.019784033 0.45115388)
(0.0020059329 -0.013484378 0.44955823)
(0.0093084065 0.03226336 0.45029238)
(-0.007208139 -0.034674569 0.44998353)
(-0.0085901462 -0.010748493 0.44944689)
(0.034435019 0.011282612 0.44984301)
(-0.037104883 -0.012155408 0.45030859)
(-0.027730546 -0.0052587542 0.44923483)
(0.00033649369 -0.036369361 0.45004329)
(-0.016848293 0.033027852 0.44984362)
(-0.0079836373 0.032502099 0.44905066)
(0.034007215 -0.017746855 0.4496525)
(-0.032510181 -0.0094075804 0.45128424)
(0.015740636 0.031968306 0.45008618)
(-0.017757785 -0.0095659635 0.45059905)
(-0.001328783 -0.014796155 0.4521097)
(0.012809199 -0.015310142 0.44970196)
(0.027189603 -0.0049352162 0.45095616)
(-0.014152675 0.019104451 0.45052442)
(0.032685364 -0.010344547 0.45020701)
(-0.0093775739 -0.030105861 0.45042387)
(-0.03213397 -0.031697405 0.44998886)
(0.0315957 -0.032373996 0.45138802)
(0.043974467 -0.0072460925 0.44999382)
(-0.030478244 0.033628557 0.44975645)
(0.03324868 0.030807191 0.45005242)
(-0.04446813 0.0077155622 0.44990795)
(-0.041766803 -0.008102051 0.4522075)
(0.044289296 0.0055030575 0.44834724)
(0.034373655 -0.026312782 0.44781427)
(0.01581784 -0.0085771381 0.44678033)
(-0.018575504 -0.018393139 0.44694747)
(0.0099842532 0.0090344016 0.45303697)
(-0.022154506 0.0029194692 0.45298354)
(-0.025045869 -0.036977063 0.45159347)
(-0.031757931 0.0071874295 0.44694919)
(0.028936506 -0.034989048 0.4483448)
(-0.023568946 0.015688211 0.44707072)
(0.020357508 -0.0052921076 0.45287192)
(-0.010929426 -0.0091810159 0.44692683)
(0.016041335 -0.0085885679 0.45289106)
(-0.021105229 -0.0167424 0.45316175)
(0.029983863 0.0053391121 0.44698226)
(-0.0040595708 -0.033968273 0.45244297)
(-0.034265429 0.027271674 0.44843053)
(0.0081608757 -0.0084248322 0.44727315)
(0.019258176 0.0062745206 0.44696846)
(-0.016907226 0.019461928 0.4524337)
(0.028619986 0.0035204235 0.45302248)
(-0.0088466544 0.029474976 0.45274428)
(0.0063698838 -0.018346555 0.44696616)
(0.016556409 0.019794659 0.45245274)
(0.0055661021 -0.032642352 0.44682353)
(-0.013641747 0.0092450247 0.45314161)
(-0.0042258581 0.016455126 0.44730769)
(-0.0077130152 0.019071702 0.44710542)
(-0.0053563981 -0.017211259 0.45248437)
(0.0057371818 -0.0062352515 0.45308113)
(-0.036221878 -0.022094834 0.45121712)
(0.0063533793 0.018231319 0.45312851)
(0.016605576 0.028892775 0.4530062)
(-0.031998712 0.019329272 0.44709348)
(-0.00094342103 0.016087157 0.45307976)
(-0.028746659 0.016541389 0.4469037)
(-0.018485244 0.0072018215 0.45279312)
(-0.030937377 -0.0066776058 0.44689295)
(-0.014748521 -0.0088590747 0.44696891)
(0.0050343875 -0.033418138 0.45289159)
(0.0061300427 0.018442 0.44661362)
(-0.018497204 0.018003081 0.4468459)
(-0.017541801 -0.019395109 0.4528933)
(0.022409703 -0.016144687 0.45313244)
(-0.006860284 -0.0077964986 0.44701927)
(0.018676574 -0.0077162125 0.44707552)
(-0.009131179 0.0090722979 0.45243633)
(-0.009420607 0.022528485 0.44737735)
(-0.028595419 -0.016420801 0.45306323)
(-0.02827905 -0.0022352736 0.44704422)
(-0.0083747331 -0.022267722 0.4537702)
(0.0050668284 0.0054701067 0.45299318)
(-0.019466215 -0.0075192992 0.44732918)
(-0.0060275611 -0.0064563261 0.45328702)
(0.017126763 0.01924766 0.44759812)
(-0.02162372 -0.0018801247 0.4531501)
(0.016073492 -0.02962398 0.44730213)
(0.031725421 0.0078660281 0.45282608)
(-0.029987894 0.0059037845 0.45293467)
(0.030412701 -0.006342376 0.44689231)
(0.030520344 -0.017830632 0.44696395)
(0.0047161921 -0.0052535071 0.44691957)
(-0.016025632 0.027720206 0.45274171)
(0.0091246606 0.027639444 0.4522891)
(-0.028625086 0.002159736 0.45277819)
(-0.0033018376 0.0032625566 0.45252293)
(0.027691816 -0.0012950731 0.45247631)
(-0.0089677737 -0.026212668 0.45357611)
(0.027078482 -0.01612291 0.45313871)
(-0.026296497 -0.01584507 0.44692664)
(0.0028974793 -0.0021177297 0.45316787)
(-0.01576465 -0.02842822 0.44735968)
(0.0092582323 0.027327711 0.44797193)
(0.032014113 -0.018922754 0.45275898)
(-0.034685664 -0.0097743138 0.44723762)
(-0.0055533495 0.006122044 0.44706472)
(0.022011137 0.016307987 0.44694117)
(0.0037790127 -0.016575976 0.4531135)
(0.0071838733 -0.019396895 0.45290812)
(0.0032263541 0.016396605 0.45306504)
(0.028598024 0.0019508219 0.44683787)
(0.018913466 0.0066101281 0.45313784)
(-0.013903166 -0.0091174923 0.4531647)
(-0.0094518372 -0.0085152377 0.45294427)
(0.030379968 -0.0059670336 0.45305209)
(-0.027902859 0.016395376 0.45302792)
(0.034703141 -0.0086296114 0.44698187)
(-0.02231725 -0.016324894 0.44699523)
(0.015656127 -0.028745999 0.45251675)
(0.015089591 0.02646755 0.44800734)
(-0.0052414383 0.016999423 0.45302314)
(0.021714716 0.0021703184 0.45290502)
(0.022295221 -0.016116056 0.44701915)
(0.026854139 0.016091743 0.44686989)
(0.031096259 0.018691245 0.45380825)
(-0.021047717 -0.0030216859 0.44702456)
(-0.0019193459 -0.015117572 0.44740006)
(0.010208293 -0.008896772 0.45312082)
(0.014534925 0.0091077907 0.4530886)
(0.0093529326 -0.022598254 0.45237548)
(0.0093464465 -0.028699766 0.45260262)
(-0.030904632 -0.017057527 0.44714014)
(-0.028288319 -0.0024089019 0.45282194)
(0.021799183 0.0030648116 0.44672046)
(0.0022147833 -0.016156378 0.44689735)
(-0.010251415 0.0091649514 0.44707144)
(-0.0090164197 -0.02141568 0.4470279)
(0.014895409 0.0091329887 0.44692031)
(0.0042757044 0.033827166 0.44910646)
(0.002928207 -0.0010397012 0.44698911)
(0.016030071 -0.021367193 0.4472136)
(0.018582156 -0.017708839 0.45270743)
(0.021497725 0.016480921 0.45295589)
(-0.017801218 -0.030809933 0.45294132)
(0.02734059 0.016040643 0.45297266)
(-0.018318907 0.03146917 0.44686357)
(0.0061285411 0.0064715325 0.44681873)
(-0.019254852 0.0061074783 0.44686723)
(-0.0056359991 0.0060191254 0.45300234)
(-0.032956497 0.018239407 0.45167292)
(-0.035400401 -0.008862798 0.45302342)
(-0.015354056 0.0088403675 0.44702707)
(0.0096268441 0.0087882714 0.44705427)
(0.026882694 -0.016019471 0.44700473)
(-0.0032940348 0.0027498523 0.44728277)
(-0.02343298 0.01610946 0.4529723)
(0.018689924 -0.018410344 0.44681259)
(-0.0097470421 -0.025632625 0.44786481)
(-0.0089737135 0.04217019 0.45018788)
(-0.035642961 0.0089188804 0.44701314)
(-0.0059845617 -0.018127111 0.44695537)
(-0.019714334 -0.0054938322 0.45312101)
(-0.021637051 0.0017783247 0.44695016)
(0.030580565 0.018246495 0.44629291)
(-0.0064946218 -0.032034259 0.44687659)
(-0.038448655 0.0092282926 0.4526284)
(0.026421524 0.034976574 0.4484596)
(-0.021413451 -0.034828385 0.44829355)
(-0.020974926 0.034126327 0.45184323)
(0.038353842 0.0099564565 0.45194747)
(0.02391426 -0.035102673 0.45202869)
(-0.0040248608 0.035228832 0.45199071)
(0.0074077542 -0.042219703 0.45017365)
(0.015673783 -0.02418408 0.45304054)
(-0.04076542 0.009142915 0.45070294)
(-0.044459913 -0.0055199125 0.44836524)
(0.03524604 -0.026846919 0.45189448)
(0.034967716 0.025309929 0.45194483)
(-0.024913466 0.036526477 0.45138609)
(-0.034955192 -0.024608776 0.44818094)
(0.021205724 -0.0042753427 0.44717998)
(-0.0040544728 -0.0047672594 0.44761412)
(-0.01619493 0.021092962 0.44708114)
(0.008525542 0.020288794 0.44752672)
(-0.029181779 0.0044202946 0.44744285)
(-0.0062310768 -0.031578046 0.45289997)
(-0.01011399 0.026088906 0.44715608)
(-0.015943809 -0.021026664 0.44680847)
(-0.010139177 0.024134783 0.45195143)
(0.0091901167 -0.021721428 0.44670142)
(0.02630776 0.036403554 0.45179071)
(-0.034274146 0.0086807638 0.45299575)
(-0.028196783 0.0018899385 0.44702441)
(0.0032307504 -0.034528293 0.44747655)
(-0.03605261 0.026318938 0.45178388)
(0.032413451 0.0084658565 0.44746705)
(-0.015690077 -0.024121845 0.44683189)
(0.015335236 0.024327522 0.45227716)
(0.019483031 -0.032547545 0.44743458)
(0.03647458 -0.0091027758 0.4531136)
(0.0030606597 0.0026097886 0.45305153)
(0.033561603 -0.02023715 0.44722615)
(0.021503702 -0.0019434071 0.453009)
(-0.018149069 0.0309465 0.45287151)
(0.0075582798 0.029996863 0.45278973)
(-0.031827093 -0.01790795 0.45296152)
(-0.015581826 0.023287169 0.45272923)
(0.0089239126 -0.02892167 0.44742993)
(-0.029631013 -0.0057475782 0.45286887)
(0.018658056 -0.031707162 0.45324752)
(0.010411265 0.025106998 0.45289888)
(0.015324295 -0.025102181 0.44767571)
(-0.0028259541 0.034351995 0.44836927)
(0.0094807152 0.023584228 0.44769641)
(-0.019143647 0.016833086 0.45254958)
(-0.015824892 -0.022641083 0.45278436)
(-0.0022819203 -5.8807583e-05 0.45288837)
(0.0072739005 0.030746175 0.44715379)
(0.027680744 -0.0016711194 0.4480735)
(0.0037875204 0.016490109 0.44696224)
(-0.0025799157 -0.0013290924 0.44759789)
(-0.015998224 0.027751128 0.44738089)
(0.0035413271 0.0034227964 0.44713628)
(-0.015878232 -0.027331995 0.45266941)
(-0.005777561 0.031943368 0.45291885)
(0.016029447 -0.021088664 0.45304221)
(0.019235147 0.032223884 0.45252549)
(0.0094496795 0.041722618 0.44976177)
(0.020539437 0.033651218 0.44786396)
(-0.0036245721 -0.03351099 0.44701047)
(-0.020611204 -0.034056605 0.45185893)
(-0.01801299 -0.031004204 0.44709078)
(0.0014900065 0.034986934 0.45258635)
(0.033020158 0.021654554 0.44617707)
(0.040379361 0.0088831667 0.4483129)
(-0.038930198 -0.0092661565 0.45218338)
(0.033081401 0.021815013 0.45382263)
(0.046805187 -0.0012320856 0.4526522)
(-0.0028205238 -0.040938436 0.45003431)
(-0.044011039 -0.010004211 0.45022327)
(0.04330516 0.010079393 0.4498928)
(0.022409359 -0.00065463734 0.44714283)
(-0.015469243 0.02407798 0.44706373)
(0.00021411014 0.036429696 0.44903628)
(0.010242258 -0.025247701 0.44710068)
(0.039239757 -0.0093914924 0.44691121)
(-0.018797695 -0.03828965 0.45012651)
(0.039678238 -0.0092225083 0.45304433)
(0.035125555 0.0092222422 0.4531211)
(0.0089644171 0.021260113 0.45320756)
(-0.0034433422 -0.0038629712 0.45324949)
(-0.039620711 0.0091100275 0.44699526)
(-0.0335434 -0.020871765 0.4476344)
(0.01755664 0.03032992 0.44692182)
(-0.023207052 0.035469721 0.44826171)
(-0.035562501 0.022072329 0.44875409)
(0.005373927 0.032965656 0.45278842)
(-0.01917954 0.038903773 0.44997718)
(0.046512101 0.0012274215 0.44724015)
(-0.046407424 0.0018191213 0.45206287)
(-0.035952082 -0.026627565 0.45063908)
(0.038716222 0.016416582 0.44947718)
(-0.040959786 -0.0088314397 0.4480617)
(-0.010978364 -0.041086869 0.44980927)
(0.018519126 -0.039039729 0.44989809)
(0.021161723 0.034854983 0.45149876)
(0.04597254 0.0026209297 0.45225045)
(5.3893391e-08 0.043200802 0.45001044)
(-0.047302033 0.00038877627 0.44790673)
(0.022251606 -0.036216344 0.44845273)
(0.038647662 -0.016934352 0.44998563)
(-0.025868316 -0.034962124 0.44843939)
(0.019301383 0.038068349 0.44960404)
(-0.033839291 0.022127526 0.45294615)
(-0.039467582 0.018353418 0.45024282)
(-0.046594616 -0.0025682117 0.45153634)
(0.046688109 -0.0014452588 0.44744081)
(-0.039148521 -0.017611917 0.45011965)
(0.03320093 -0.029011784 0.44849089)
(0.0058835052 0.0093626866 0.13832569)
(0.025155635 0.0014115509 0.13806513)
(0.013004837 0.02320564 0.13795072)
(-0.012928685 0.022887313 0.13770446)
(-0.02459593 -0.0020275738 0.13779786)
(0.030750856 -0.015104528 0.13805683)
(-0.0058499635 0.0099136795 0.13823076)
(0.01399927 0.015175061 0.1377904)
(-0.0080418318 0.016962445 0.13796093)
(5.0546129e-05 -0.0026971632 0.13837955)
(-0.028016334 0.0069643986 0.13819171)
(-0.00048961587 -0.009369382 0.13772336)
(0.027917553 -0.0073667706 0.13734082)
(0.00041685247 0.0075525046 0.13741906)
(-0.0056262143 -0.015076657 0.13801305)
(0.019461074 -0.014884627 0.13797919)
(-0.018762849 0.0094398259 0.13826939)
(-0.028319263 -0.006731769 0.13841508)
(-0.018947014 -0.01510415 0.1384083)
(0.025474374 -0.013334296 0.13795419)
(0.021148404 -0.0057240029 0.13603381)
(0.02273994 0.0065721912 0.13797067)
(0.027964887 0.0065681833 0.13772493)
(0.019197694 0.014393578 0.13809043)
(0.010865138 -0.014763608 0.13825865)
(0.0096093686 0.012478189 0.1373838)
(0.025388003 0.0128937 0.13782144)
(-0.010065246 -0.012555407 0.13822294)
(-0.014671628 0.012580058 0.13816325)
(0.012796046 0.028518262 0.13822897)
(0.036736722 0.022598777 0.13798001)
(0.00479589 -0.0091889171 0.13824264)
(0.034188151 0.017634984 0.13823631)
(-0.027668292 0.012696087 0.13777653)
(-0.032158745 0.010142132 0.13867223)
(-0.025548276 -0.013046144 0.1385212)
(0.015820049 -0.018386162 0.13827706)
(-0.034621098 -0.019841203 0.13866721)
(0.03177006 0.010063752 0.13817869)
(-0.032051017 -0.01022946 0.13763596)
(-0.022836022 -0.0063072673 0.13827393)
(-0.0093836702 -0.018468532 0.13819824)
(-0.02554056 0.0026420431 0.13828418)
(0.037122822 -0.011544627 0.13795073)
(-0.018989842 0.015576966 0.13768711)
(-0.022001563 0.0065304682 0.13848166)
(0.0094495028 0.018479498 0.13869854)
(0.025289264 -0.0037165122 0.13866345)
(-0.032297191 0.016701697 0.13826104)
(-0.022891763 0.012815843 0.13878632)
(-6.8701751e-05 -0.013757581 0.13797378)
(0.0054772857 -0.015027007 0.13800631)
(-0.010722714 0.02879265 0.13752397)
(-0.0058904248 -0.0097980713 0.13793695)
(-0.0150948 0.018318947 0.13834628)
(0.018519205 0.0098029113 0.13760785)
(-0.0013172212 0.013278377 0.1381703)
(0.014005789 0.011025516 0.13807983)
(-0.014247725 -0.011506393 0.13787495)
(0.0051985767 0.014650284 0.1378467)
(0.013211512 -0.011358571 0.13814996)
(-0.037160375 -0.011290049 0.13756459)
(0.034207452 -0.018571198 0.13797394)
(0.008050092 0.034637511 0.1379489)
(0.037380163 0.010980862 0.13857346)
(-0.00063475009 0.03634445 0.1375718)
(-0.0099158886 0.01188177 0.13750792)
(-0.00056612863 0.0021349243 0.13793508)
(0.0095788479 -0.018705779 0.13738059)
(0.0083173445 -0.01100981 0.1372168)
(0.016007453 0.019132308 0.13798401)
(-0.01537778 -0.018709768 0.13732042)
(0.0031738102 -0.0057194857 0.13780781)
(0.017898738 -0.0099746559 0.13743914)
(0.022888278 -0.0096800065 0.13840754)
(-0.030819063 -0.015208563 0.1380164)
(-0.037441485 0.011645303 0.13819206)
(0.04579179 -0.0060265987 0.13840016)
(-0.016382483 0.032331813 0.13751592)
(0.030330467 0.015029236 0.13744616)
(0.042719779 -0.010587505 0.13797868)
(0.032264967 -0.0098959168 0.13856297)
(-0.019345162 -0.010166559 0.13747639)
(-0.0032463022 -0.0057667093 0.1375943)
(0.044643275 0.0096889355 0.13629842)
(0.031174965 0.032831779 0.13795826)
(-0.04420872 0.0064709248 0.13637906)
(-0.034057902 0.030242718 0.13803627)
(0.034981504 0.02715863 0.13962724)
(-0.0084875605 0.029263227 0.14063561)
(-0.030474905 -0.017851825 0.1410535)
(0.030575316 0.017861593 0.13488834)
(0.016111425 0.0083731875 0.14101458)
(0.031050903 0.0065842736 0.13487481)
(-0.028232021 -0.016483337 0.13489206)
(0.026320673 0.015818491 0.14109921)
(-0.015432017 -0.0089372424 0.14104507)
(0.024305981 0.036383766 0.13766813)
(-0.0039639415 0.016589489 0.14040218)
(0.031583882 -0.0076312325 0.13506464)
(-0.031728028 0.0078588944 0.13521142)
(-0.027292473 0.015632721 0.14107419)
(-0.027156068 0.035170982 0.13638719)
(-0.03235422 0.019283059 0.13486064)
(-0.019474235 0.017818923 0.14102548)
(0.0061637801 0.017333899 0.14088709)
(-0.0045247627 0.03358596 0.13616125)
(0.030576276 0.016947426 0.14080855)
(-0.01502441 -0.0089195944 0.13502999)
(0.0032968035 0.016500542 0.14102018)
(-0.022957983 0.015904555 0.1411603)
(0.019593659 0.005806994 0.13503178)
(-0.006884577 -0.0073377327 0.14103906)
(-0.0017163007 0.01586524 0.1349906)
(0.020079323 0.00547989 0.14102855)
(0.0056421233 -0.006048424 0.14108605)
(-0.018632416 -0.0067047986 0.14114821)
(-0.031335929 -0.018793685 0.13500188)
(-0.021712521 -0.0017334322 0.13479758)
(-0.028625718 0.016233936 0.13516774)
(0.031155462 -0.018200985 0.13502049)
(-0.0057797108 0.017990422 0.13466844)
(0.010361575 -0.0091893901 0.13497466)
(-0.017356592 0.019564077 0.13513196)
(0.0074367005 0.019492921 0.13510197)
(-0.035384084 -0.0096402019 0.14082749)
(0.017697039 0.019594254 0.13455503)
(-0.028100636 -0.0031075524 0.13558386)
(0.031750742 -0.018900372 0.14108958)
(-0.019439304 0.0059103211 0.13496476)
(-0.027770901 -0.0015301232 0.14013316)
(-0.021800587 0.0026209163 0.13513795)
(-0.001276968 0.033867155 0.14093417)
(-0.031065283 0.0066762974 0.14113964)
(0.00691968 -0.0076657891 0.13490176)
(0.0031455197 -0.016436745 0.14107909)
(-0.019504534 -0.01753665 0.14115797)
(0.0068935081 -0.018918006 0.14102294)
(0.0027682616 -0.0011419411 0.13589189)
(-0.030610781 0.017862581 0.14125479)
(-0.021432116 -0.0024391584 0.14103502)
(0.029155485 -0.0052608839 0.14059101)
(0.022489556 0.015336167 0.13534215)
(-0.030359939 -0.0057630925 0.13516649)
(-0.023222666 -0.014917484 0.13548101)
(0.023302305 0.015723499 0.14105469)
(0.020259014 -0.0066572182 0.1401997)
(-0.020345362 -0.0058783158 0.13511574)
(0.039962579 -0.0089940894 0.14110458)
(0.009947921 -0.0087996706 0.14091318)
(0.015427585 -0.0087269903 0.14106816)
(-0.0065891516 0.0071875309 0.134848)
(0.0027220051 -0.001186376 0.14018731)
(0.019771275 0.017272752 0.1405769)
(0.027982763 -0.0010962917 0.14111371)
(0.022450799 -0.0016256857 0.13587991)
(0.015709717 0.022652855 0.14102002)
(0.0011797617 -0.016088901 0.13500313)
(-0.019649034 -0.017492452 0.13503326)
(0.036116631 -0.0090446896 0.13497486)
(-0.0087275468 0.021292335 0.14031909)
(0.019922898 -0.017453979 0.14103027)
(-0.0065971067 -0.018763932 0.14114058)
(0.028464683 0.0020823235 0.13485894)
(-0.011039875 0.0096042367 0.14051563)
(-0.010582288 -0.009239351 0.14098439)
(-0.0024263365 -0.016305224 0.13481344)
(-0.023559848 -0.015866152 0.14121301)
(-0.010789112 -0.0095459663 0.13500729)
(0.0092117791 -0.021988069 0.13615338)
(0.021691421 0.0020796556 0.14075054)
(0.027940617 -0.016311477 0.14108269)
(0.013843615 -0.0089657979 0.13500579)
(0.01507532 0.025873677 0.13507679)
(0.0091185181 0.027399362 0.14099258)
(-0.015520306 0.0093860329 0.13505695)
(-0.0073308945 0.0075552868 0.14117346)
(0.021304745 0.0026246879 0.13527462)
(0.0083504558 0.030355343 0.13543485)
(-0.010312773 0.0089742349 0.13481832)
(0.031158657 0.0065654339 0.1410896)
(-0.0070176073 -0.007500646 0.13485893)
(-0.0023361266 -0.016196507 0.14093675)
(0.015533712 0.0085971452 0.13498278)
(-0.02812634 0.0025421648 0.14137303)
(0.0034740229 0.016477468 0.13482926)
(-0.02735221 -0.016222177 0.1410795)
(0.027005381 0.016092807 0.13496459)
(0.03393547 0.0086005585 0.14116102)
(-0.0033988974 0.0019021995 0.13501136)
(0.022743697 -0.016231399 0.13480053)
(0.015056043 0.026081422 0.14108013)
(0.023687875 -0.016020198 0.1409976)
(-0.008890464 -0.020780366 0.13524046)
(0.016655124 -0.020490257 0.13513624)
(-0.035121853 0.008814645 0.14122429)
(0.026967929 -0.016034038 0.13502259)
(0.011171357 0.0098323156 0.14076637)
(-0.0088416285 -0.022631555 0.13786321)
(0.010408038 0.0092744463 0.1348377)
(-0.0033577652 0.0020812208 0.14095752)
(-0.015520385 0.0087612846 0.14096302)
(-0.021750769 0.0030045294 0.14102488)
(0.013922204 -0.02182952 0.14010988)
(-0.019223349 0.0061488154 0.14106829)
(0.0040857696 0.006392792 0.14087963)
(0.0062628425 0.0067536865 0.13487223)
(-0.014175675 -0.022301266 0.13957723)
(-0.017637183 0.03035868 0.14091806)
(-0.023869797 0.01522965 0.13563455)
(-0.033613193 -0.0084817226 0.1348969)
(-0.044605892 -0.0074725539 0.13650733)
(0.014667763 0.039489703 0.13799941)
(-0.041710444 -0.0089160038 0.13910458)
(0.042737062 -0.0076130178 0.14111001)
(-0.034056604 -0.023060418 0.13660679)
(0.034132045 -0.022458767 0.13806367)
(-0.040424472 -0.019571934 0.13815831)
(0.043547364 -0.0068037672 0.13491878)
(0.040315831 0.0088453476 0.1404038)
(0.047329637 9.0326839e-06 0.14049075)
(0.034209089 0.027333669 0.13606022)
(-0.041187481 0.0091631611 0.13884354)
(0.028421637 -0.0034864097 0.13498024)
(-0.037679201 0.023915817 0.13977474)
(0.035249263 0.0095558219 0.13519221)
(0.042132801 0.0075476486 0.13494502)
(0.019457436 -0.017799524 0.13490295)
(-0.0099618651 0.025563963 0.13534066)
(-0.0055987372 0.03289117 0.14040628)
(0.019553534 0.017393385 0.13526814)
(-0.021648683 0.03576583 0.13783936)
(0.01818825 0.030629599 0.14136122)
(-0.028157501 0.0016825624 0.13513287)
(0.02825394 0.0034354271 0.14076058)
(0.021981092 -0.0024873008 0.14027735)
(0.0096203416 0.023529858 0.14084399)
(-0.004560639 -0.004612284 0.14080327)
(0.036433408 -0.0091236344 0.14111793)
(-0.0098505715 0.02530141 0.13956343)
(-0.0025156943 -0.0012074944 0.13566627)
(-0.035691676 0.0094751025 0.13518755)
(-0.0086070312 0.021192365 0.13500219)
(0.04012899 -0.0090093563 0.1348163)
(0.0092165925 -0.02178169 0.13996817)
(-0.0040565341 0.0054602266 0.13986815)
(-0.0097342293 -0.021729659 0.1405059)
(0.009299283 0.023141056 0.13562235)
(0.0030953507 0.0035650013 0.1400669)
(0.0032016702 0.0039210738 0.13573786)
(-0.015903399 0.022438115 0.1352666)
(-0.0030326712 -0.0015957281 0.14011039)
(-0.0056146734 -0.017872314 0.13491182)
(-0.017070844 0.020092868 0.14093302)
(-0.029321971 0.0046584982 0.13558919)
(0.0075798169 0.03084129 0.14075011)
(-0.015017145 0.026955204 0.13598438)
(-0.015396407 0.027175682 0.14018743)
(-0.035145357 0.02297029 0.13644787)
(0.0095151491 0.026677743 0.13577276)
(-0.038838798 -0.009085933 0.14089644)
(0.0044989112 0.033337182 0.13488036)
(0.041842111 -0.016837777 0.13785432)
(-0.015382941 -0.02235077 0.13608006)
(0.044384671 0.0091171254 0.13962825)
(-0.003711857 0.004267478 0.13543544)
(-0.016645711 -0.020623753 0.14104167)
(0.015941004 -0.022477087 0.13795091)
(-0.004215627 0.042049876 0.13800621)
(0.03421792 -0.021394203 0.13524224)
(0.047344833 0.0010531906 0.13508876)
(0.046396397 -0.0025756293 0.13478249)
(0.033691623 0.021092712 0.13551295)
(-0.045010245 0.003951183 0.13973108)
(-0.043856942 0.010871825 0.1387307)
(-0.015885436 0.023038195 0.14066892)
(0.038409964 -0.021551755 0.13697934)
(-0.038794675 0.009256139 0.14098511)
(0.020039864 0.032030487 0.13476697)
(-0.011079698 -0.022503671 0.13637185)
(-0.016154401 0.040510254 0.13798021)
(0.0028755158 0.034592054 0.14038627)
(-0.039195511 0.0084060285 0.1340377)
(0.016069552 0.022140841 0.13506067)
(0.021876455 0.033064457 0.14182224)
(-0.0061639125 0.01831052 0.1412309)
(0.033452433 0.020397933 0.14086069)
(0.038525482 0.0086208766 0.13442668)
(-0.031907483 -0.0080513893 0.14086844)
(-0.040840356 -0.008896092 0.13600545)
(0.045481026 0.004382123 0.13985415)
(-0.047843893 -0.00016545994 0.13629812)
(-0.026989702 0.034631438 0.14004326)
(-0.046964489 -0.00014530658 0.14029963)
(-0.033216665 0.021195835 0.14066659)
(0.035030935 -0.022153518 0.14057852)
(-0.04406013 -0.011756579 0.13981577)
(-0.036719502 -0.022485871 0.13556852)
(0.0036251187 0.041024669 0.13799998)
(0.042391074 0.0072838558 0.14086716)
(0.016879946 0.029105323 0.13544988)
(0.013642796 -0.022121689 0.1360619)
(-0.033703355 -0.02132751 0.13471112)
(-0.020393309 0.033162891 0.14104776)
(-0.045236604 -0.0055563123 0.13904809)
(-0.040688989 -0.012927381 0.13745442)
(-0.0066558145 -0.015824904 0.21631394)
(0.017417166 -0.015294614 0.21628067)
(0.0096548947 -0.011912917 0.21609978)
(0.010124412 -0.017547605 0.21588004)
(0.018635861 0.015187353 0.21626277)
(-0.018792162 -0.01531361 0.21577342)
(-0.025079863 0.0029722519 0.21587582)
(-0.0024168671 0.0076130663 0.21571236)
(0.024955436 0.001643606 0.21590628)
(-0.022214362 -0.0069001517 0.21592834)
(-0.027822962 -0.0061949614 0.21684668)
(0.0057575571 -0.015020173 0.21600063)
(0.0018896314 -0.011123277 0.21631999)
(0.026810946 -0.010786899 0.21618059)
(-0.012161787 -0.027744967 0.21657038)
(0.00049100037 -0.0015545349 0.21625343)
(0.023480767 0.010639432 0.21682735)
(-0.0083575975 0.017024736 0.21598604)
(0.030820288 0.014859975 0.21570713)
(0.012326106 0.014611131 0.21543331)
(0.012871339 -0.028126707 0.2158816)
(-0.02482061 0.012861291 0.21602861)
(-0.028544615 0.0069624335 0.21637797)
(-0.014686977 -0.018010153 0.21557425)
(0.030560658 -0.015076209 0.21598237)
(0.0072853236 0.01606164 0.21594637)
(-0.022192795 0.006618334 0.21622604)
(0.0343757 0.018341036 0.21568634)
(-0.0031230583 -0.012878175 0.21654997)
(0.021873262 -0.012842041 0.21550716)
(-0.027409265 -0.012452464 0.21594987)
(0.00020546936 0.012964107 0.21590128)
(-0.018347067 0.010063871 0.21594235)
(-0.012934904 0.011961684 0.21578866)
(-0.035650902 0.018676307 0.21549845)
(0.029049875 0.0081493417 0.21616063)
(-0.0046229705 0.012607939 0.21553987)
(-0.015504587 0.018657594 0.21595733)
(0.036655283 -0.025795691 0.21579161)
(-0.032417206 -0.016773339 0.21666428)
(0.025091951 -0.0032711015 0.2165028)
(-0.032052059 0.010088235 0.21573122)
(0.018355205 0.0098858268 0.21593589)
(0.0025396611 0.006700748 0.21682551)
(-0.0032060886 -0.0075192211 0.21582376)
(-0.021503768 -0.035681735 0.21664974)
(0.0027832003 -0.0059596024 0.21595572)
(-0.012760754 -0.012314656 0.21596951)
(-0.025107459 -0.0024471845 0.21619169)
(0.026413341 0.013488245 0.21643676)
(0.031472931 -0.010170746 0.21590217)
(0.01005767 0.011541101 0.21517707)
(0.015479378 0.018912849 0.21650776)
(0.0062450418 -0.009237517 0.21661809)
(-0.0075920891 -0.010675903 0.21640321)
(-0.031515221 -0.0094782112 0.21578741)
(0.033812374 -0.018206098 0.21613286)
(-0.019153833 0.01517779 0.2159973)
(0.017750078 -0.0098813225 0.21710666)
(0.025638998 -0.014557971 0.21654932)
(-0.037062828 -0.011439199 0.21626144)
(0.021912131 0.0061441752 0.21589427)
(0.036881245 -0.011352233 0.21561735)
(0.021609235 -0.0078031356 0.21543116)
(0.034958692 0.011224576 0.21595287)
(0.0058645837 0.010626619 0.21617673)
(0.015388678 -0.018986002 0.21599766)
(-0.022909924 -0.013422948 0.21656669)
(-0.012330924 -0.023019794 0.21567493)
(-0.030317853 0.014993445 0.21626698)
(0.0010180614 -0.03691726 0.21564834)
(0.014173307 -0.01155018 0.21418212)
(0.04082754 0.01192355 0.2157359)
(0.000435732 -0.014689176 0.21511441)
(-0.00038919107 0.00290498 0.21562015)
(-0.0075067275 -0.035374913 0.21621897)
(-0.0085471837 0.010566091 0.21730519)
(0.012395751 -0.022670326 0.21607244)
(-0.016007766 -0.03293814 0.21577772)
(0.0093958971 0.019723791 0.21599143)
(0.0088740096 -0.033148348 0.21601793)
(0.013855088 0.010686496 0.21759167)
(0.016218836 -0.032047043 0.21602735)
(0.045587823 0.0071720662 0.21619329)
(-0.037630815 0.011632194 0.21565786)
(-0.017665698 -0.010454175 0.21607968)
(0.022321072 0.013737841 0.21415719)
(-0.0095409078 -0.019058054 0.21622905)
(0.028400729 -0.0065876133 0.21550558)
(0.041136086 -0.012939327 0.21618965)
(0.031990241 -0.032549003 0.21620756)
(-0.033073991 -0.03073112 0.21587615)
(-0.04150249 -0.0080345127 0.21848077)
(0.0032349825 -0.0020754144 0.21293081)
(-0.031925309 0.0072445284 0.21296639)
(0.014047718 -0.0099458725 0.21816857)
(0.0073775958 -0.030623555 0.21896943)
(-0.02608692 0.015897361 0.21904872)
(0.0049949264 0.0056717525 0.21307785)
(-0.009731701 -0.0098673846 0.21311947)
(-0.015720643 -0.0087502985 0.21917841)
(0.006618208 0.0072378494 0.21899806)
(0.0186639 0.0067666909 0.21299784)
(0.0086841606 -0.0088713593 0.21313418)
(0.0032916506 -0.0018205018 0.2190785)
(0.0037392861 0.0031494312 0.2191946)
(0.030342395 0.0069206774 0.21904758)
(-0.018337829 0.018794228 0.21910935)
(-0.013686156 -0.0093041 0.21298774)
(0.020007241 -0.0055534369 0.21298157)
(-0.0052542752 -0.0072931293 0.21892903)
(-0.029506906 -0.0058986924 0.2133675)
(0.0065182874 0.018678849 0.21301107)
(-0.021557474 0.0024339806 0.21923299)
(0.009937159 0.0089339904 0.21884177)
(0.031045398 -0.018271183 0.21913976)
(0.0073401953 -0.03034053 0.21315751)
(-0.0055788739 0.0058410179 0.21245703)
(-0.010972843 -0.0094701033 0.2188299)
(0.010769523 -0.0093777341 0.21901662)
(0.03070685 0.0071559458 0.21292576)
(-0.011416124 0.0088567922 0.21917714)
(-0.0097487402 0.0084156687 0.21262845)
(-0.0053132491 0.017146195 0.21900229)
(0.031652044 0.018699071 0.21287661)
(0.0030383473 0.0028055428 0.21305477)
(0.019602616 0.0057501956 0.21912909)
(0.03486337 0.0088966387 0.21915977)
(0.015223015 -0.025943673 0.217757)
(-0.026925859 -0.035323918 0.21591527)
(-0.031601002 0.01763614 0.21310231)
(0.005300429 -0.0056410357 0.21297769)
(-0.0051968127 -0.0069348569 0.21304937)
(0.027885249 -0.0011198714 0.21913844)
(0.020689743 -0.0052144992 0.21864202)
(0.031344242 -0.018534377 0.21293893)
(-0.018476517 0.0068272438 0.21904528)
(0.0065350436 0.018686197 0.21900034)
(0.03006267 -0.0054988063 0.21256782)
(-0.030481971 -0.0059343335 0.21928872)
(0.032318644 0.019279945 0.21887725)
(0.035382077 -0.0089355923 0.21291808)
(-0.019654968 -0.0072218949 0.21893273)
(-0.031124032 0.0066184235 0.21914149)
(-0.021264266 -0.003806086 0.21296353)
(-0.027409328 0.016116849 0.2128271)
(0.016568913 0.008190013 0.21913079)
(-0.028359374 -0.00234189 0.21895678)
(0.039971234 0.01943907 0.21644921)
(-0.021552634 -0.003011942 0.21897177)
(-0.0035032048 -0.01556715 0.2132211)
(-0.0086241148 -0.030007631 0.2141989)
(-0.0013010806 0.015921028 0.21284269)
(-0.015502868 -0.027808649 0.21824252)
(0.036019002 0.0089837951 0.21296089)
(0.0071010098 -0.018991272 0.21299929)
(-0.014851067 -0.0278227 0.21346932)
(-0.019208061 -0.017842654 0.2129144)
(-0.028258964 -0.0031666934 0.21336089)
(0.013433258 0.0096658644 0.21340808)
(-0.0056674783 0.016785075 0.21332266)
(-0.0026239463 -0.034825687 0.21834534)
(-0.01835078 -0.0077262465 0.21315126)
(-0.0072380711 -0.019554396 0.21909681)
(-0.028052764 0.0023290061 0.21887267)
(-0.001273057 0.01591077 0.21896835)
(-0.03044794 -0.01741019 0.21314066)
(0.0023206837 -0.015885555 0.21880608)
(0.0033564892 0.015678816 0.21816382)
(0.021858242 0.016323814 0.21270752)
(0.018316458 0.018601503 0.21909931)
(0.022854488 -0.015761334 0.21284824)
(0.028454914 0.016129605 0.21890993)
(-0.014740254 -0.039438478 0.2160053)
(-0.022064756 0.016412021 0.21913492)
(0.028271593 0.0025663849 0.21292028)
(-0.022425416 -0.016160775 0.21918204)
(0.030100458 -0.005307682 0.21889982)
(-0.047168531 -0.0013207276 0.21457976)
(-0.015145077 0.0087345103 0.21908576)
(0.027868677 -0.016465658 0.21298191)
(0.015734269 -0.023401228 0.21302579)
(0.0036558917 -0.016648381 0.21294274)
(0.006121168 -0.018079914 0.21905785)
(-0.027664271 -0.015723496 0.21881078)
(-0.015760737 -0.023088679 0.2130121)
(-0.014466738 0.0091671412 0.21289706)
(-0.0089053607 -0.028934494 0.21872175)
(0.0032847141 0.015784245 0.2134127)
(0.026923696 0.015978062 0.2130938)
(0.0091867211 -0.022245516 0.21327999)
(0.015818252 -0.027261522 0.21288349)
(0.019786803 -0.032697678 0.21305139)
(-0.017628774 -0.018870567 0.21837204)
(0.01847055 -0.018577719 0.21915064)
(-0.022374866 -0.016305993 0.21294351)
(0.016706858 -0.0080889317 0.21320139)
(-0.015697165 -0.022468045 0.21871441)
(-0.0094589461 -0.025729551 0.21294315)
(0.021240327 -0.01569559 0.21884385)
(-0.0018611051 -0.015881648 0.21898425)
(-0.0031916575 0.0020409639 0.21885267)
(0.0090359686 -0.021768062 0.21862273)
(0.019278243 -0.031469344 0.2199839)
(0.015975207 -0.021578418 0.21888036)
(-0.014120076 0.022090285 0.21387153)
(-0.035269826 0.008782652 0.21287872)
(0.0084286416 0.023006703 0.21600173)
(0.022869864 0.0157103 0.21881859)
(-0.0091074823 -0.023409291 0.21902302)
(0.018442441 -0.01853167 0.21305047)
(0.012666583 0.022016367 0.21816704)
(-0.023060269 0.015968689 0.21301229)
(0.017664971 0.018908131 0.21324118)
(-0.0060751528 -0.018332534 0.21305797)
(-0.018495953 0.0068691584 0.21293085)
(-0.018697447 0.018499763 0.21299417)
(-0.039088702 0.0092980374 0.21846679)
(-0.004970381 -0.03318069 0.21292989)
(-0.035983577 -0.0090042237 0.21303044)
(0.044433684 0.0056269422 0.21321774)
(-0.010498691 0.021294286 0.21719398)
(-0.020102983 -0.033267767 0.21354623)
(0.044006845 0.0062732693 0.2193098)
(-0.043711246 0.0090964222 0.21470442)
(-0.034241889 0.022155343 0.21814984)
(0.028393919 -0.03440953 0.21511018)
(0.046953962 -0.0010647456 0.21347865)
(0.0105558 -0.041694857 0.21606361)
(0.047121943 -0.001303525 0.21876857)
(0.045885971 -0.006374148 0.21715729)
(-0.04475642 -0.0052351273 0.21752708)
(-0.026108497 -0.015837512 0.21289789)
(-0.042246656 -0.0085438399 0.21487211)
(-0.0086418062 0.02174399 0.21352185)
(0.0035713398 -0.034264184 0.21893122)
(-0.021637388 0.003618353 0.21320021)
(-0.028074737 0.0017101776 0.21305686)
(0.005032959 -0.0053750663 0.21910797)
(0.032168017 -0.0076382049 0.21308155)
(0.028418767 -0.016582515 0.21912337)
(0.0044876006 -0.033813617 0.21346295)
(0.028606628 0.0039382565 0.21838719)
(0.040724318 0.0093271258 0.21914224)
(-0.0045518202 0.0054459542 0.21886004)
(-0.034646599 0.022199744 0.21328623)
(0.041657212 0.0087464201 0.21329451)
(-0.035348026 0.0097089748 0.21879919)
(0.01600749 0.021085457 0.21913526)
(0.034967737 0.0218816 0.2181691)
(-0.0031054966 -0.0027172475 0.21874019)
(0.0091025814 0.021931677 0.2188434)
(-0.0029717332 -0.0020914616 0.21359276)
(-0.0082485699 0.019799276 0.21889427)
(0.033755803 -0.0085830723 0.21845087)
(-0.034385813 -0.0086566069 0.21908256)
(0.009034252 0.021889414 0.21315552)
(0.021831082 -0.0021911123 0.2136701)
(0.0098165615 -0.026606752 0.21380069)
(0.009773417 -0.026571227 0.21835706)
(-0.03660102 -0.024887381 0.21416639)
(0.021873558 0.0025358977 0.21315687)
(0.021808547 0.00277892 0.21925979)
(0.027796743 -0.0025390092 0.21319256)
(-0.003279364 0.0028570709 0.21311066)
(0.022737636 -0.033974347 0.21860261)
(-0.029055209 0.0049300701 0.21353083)
(-0.039016136 0.0092628944 0.21297945)
(0.015856175 0.021916694 0.21369335)
(0.038794703 -0.0091357041 0.21290991)
(-0.0090149845 -0.021555494 0.21306617)
(-0.016604255 -0.020341603 0.2133978)
(-0.018027115 -0.031121753 0.2188659)
(-0.043486966 0.008549769 0.21723707)
(-0.017671295 -0.030557578 0.2132119)
(-0.033299855 -0.021286304 0.21314759)
(-0.016086179 0.022810878 0.21598077)
(0.033615225 -0.021541876 0.21865978)
(0.035416679 0.021920498 0.21364906)
(0.032772666 -0.030736113 0.2139275)
(0.034147001 -0.021753437 0.21333531)
(0.020010363 -0.03745444 0.21621851)
(0.046325181 0.0023472065 0.21339739)
(0.046452973 0.002557006 0.21927142)
(-0.044470221 -0.009376639 0.21549076)
(0.0083666441 0.008829131 0.21288119)
(-0.032883234 0.018932905 0.21810488)
(0.022280212 -0.001259818 0.21911616)
(-0.022642098 0.00028267649 0.21360529)
(-0.038468774 -0.0091594392 0.21924574)
(-0.039241512 -0.0091198519 0.2130169)
(-0.006097004 -0.032338804 0.21927602)
(0.04328673 0.016791673 0.21379654)
(-0.040044208 0.016350426 0.21623729)
(0.041209206 -0.0091704062 0.21448679)
(0.025816278 -0.037233722 0.21724204)
(-0.034976985 -0.021506869 0.21701232)
(0.045714399 -0.0047030035 0.21491751)
(-0.046956933 -1.6975204e-05 0.21878445)
(0.012608471 0.021988888 0.21405835)
(-0.014890196 0.022210638 0.21845721)
(0.033797985 0.022820809 0.21556837)
(0.044256727 -0.0085177925 0.21440385)
(0.023176435 -0.035659386 0.21355417)
(-0.046890746 0.0036255585 0.21567863)
(-0.034949122 -0.025892091 0.21766082)
(0.015675181 0.022635728 0.21693359)
(-0.039033261 -0.016277457 0.21598238)
(-0.021974423 0.011924458 0.29397423)
(0.0037740111 0.010150511 0.2936901)
(0.024764029 0.002142179 0.29399021)
(0.01326939 0.023140691 0.29382483)
(-0.01217844 0.023274428 0.29443758)
(-0.03189369 0.010251578 0.29450735)
(-0.024687439 -0.0020745665 0.29386724)
(-0.0055362204 0.0094615952 0.29428885)
(0.030715169 -0.015100716 0.29403459)
(0.027142129 -0.0075477083 0.2940699)
(0.024977883 -0.013350279 0.29392733)
(-0.0090042194 0.017437431 0.29429924)
(0.016114075 0.01691616 0.29404274)
(6.0502561e-05 -0.0026896427 0.29347902)
(0.019213534 -0.014889524 0.29386352)
(0.021963952 -0.0078243882 0.29536903)
(0.00056256337 0.0067708649 0.29450957)
(0.00027911727 -0.0098721337 0.29433529)
(-0.022781002 0.0063444001 0.294361)
(-0.0057702954 -0.015181727 0.29394827)
(-0.028302191 -0.0072818538 0.29476451)
(-0.019568454 -0.014621331 0.29370863)
(0.02802098 0.0066192677 0.29400445)
(0.01038579 -0.014631227 0.2932884)
(0.022410492 0.0075889062 0.29446632)
(-0.010428745 -0.01264984 0.29455834)
(0.0060051148 0.015134889 0.29377632)
(0.011250719 0.012100672 0.29384554)
(-0.01836967 0.015514849 0.29404378)
(-0.013145833 0.012138968 0.294353)
(0.013400388 0.028240873 0.29428418)
(0.027917192 0.013087349 0.29324638)
(0.024340496 -0.0031536813 0.29394547)
(-0.025253415 -0.013070949 0.29431879)
(0.0045944042 -0.01419124 0.29361567)
(0.032276433 0.01611916 0.29455793)
(0.015287074 -0.01906261 0.29404049)
(-0.034650505 -0.01978945 0.29313846)
(-0.022269255 -0.0074595332 0.29401753)
(-0.032141829 -0.010358682 0.29368056)
(-0.027231919 0.013136767 0.29397629)
(0.036189794 0.022591572 0.29414544)
(-0.009630985 -0.019084735 0.29410704)
(0.019976683 0.014138167 0.29363185)
(0.014515307 -0.011760469 0.29391553)
(0.037003818 -0.011512494 0.29396727)
(-0.025805502 0.0026425812 0.29419555)
(0.016178341 0.010435383 0.2954939)
(-0.0055515579 0.014525567 0.29362078)
(-0.012008993 0.02872698 0.29411468)
(-0.0062604996 -0.010008516 0.2936254)
(-0.014888481 0.018190017 0.29382753)
(0.010011669 0.018677217 0.2939584)
(-0.0019721822 0.012723129 0.29370321)
(0.031798848 0.0098781268 0.29425034)
(-0.015181275 -0.011021569 0.29403061)
(-0.032654304 0.017156503 0.29486559)
(-0.00069704185 -0.013793208 0.29353661)
(0.0027759306 -0.0061437244 0.29496594)
(4.4456895e-05 0.001680357 0.29414672)
(0.03843555 0.011038608 0.29362748)
(-0.038592215 -0.011677573 0.29359687)
(0.0081232153 0.034162506 0.29395095)
(0.00064420372 0.036879003 0.29387559)
(0.017979489 -0.0093123418 0.29440186)
(-0.0091777584 0.011872472 0.29332543)
(0.0088836931 -0.019135551 0.29373642)
(0.0093805416 -0.010981553 0.29361948)
(0.0019385121 0.013667934 0.29604862)
(-0.015759312 -0.01885954 0.29350094)
(-0.037843409 0.011305415 0.29375316)
(-0.0035157756 -0.0060460898 0.29426686)
(-0.028302653 0.006572452 0.29271828)
(-0.030621469 -0.015127407 0.29417838)
(0.045692545 -0.0060370874 0.29356667)
(0.032121467 -0.0099953864 0.29463116)
(0.034187247 -0.018541627 0.29396487)
(-0.016145629 0.032289504 0.29414133)
(0.023931477 0.01316589 0.29484306)
(0.042636086 -0.010628509 0.29394546)
(-0.016557094 0.010254438 0.29327383)
(0.0077685532 0.01031385 0.29380214)
(0.0058542478 -0.0088637183 0.29380659)
(0.044750884 0.0077164914 0.29263692)
(0.02960643 0.033887781 0.29277743)
(-0.032251199 0.031430776 0.29396813)
(-0.044070748 0.0077897518 0.29474179)
(0.034123429 0.027615524 0.29661924)
(0.015075834 0.0096295994 0.29122705)
(0.0032668001 -0.0022795051 0.29073035)
(-0.019630386 -0.0073740653 0.29697387)
(-0.015544267 -0.0086139903 0.29086699)
(-0.023092308 0.015540996 0.29714327)
(-0.0086258929 0.028319844 0.29699162)
(-0.008082089 0.029382556 0.29307618)
(-0.0029568797 0.016153952 0.29077949)
(-0.028211849 -0.016505932 0.29089524)
(0.025004917 0.036701279 0.2959273)
(-0.01974884 -0.0070724397 0.29103122)
(0.029928727 -0.0073371344 0.29117661)
(-0.027259268 0.015791453 0.2908884)
(-0.015080695 -0.008799629 0.29711958)
(0.019243891 -0.0063876899 0.29738727)
(-0.017734326 0.01923339 0.29107168)
(0.0053440587 0.017546316 0.29096077)
(0.032642468 0.01866495 0.29152461)
(0.030351228 0.005729097 0.29712688)
(-0.025031365 0.037603378 0.29409045)
(-0.022408567 0.015758922 0.29105093)
(0.0011278834 0.01488091 0.29173556)
(-0.0070655228 -0.0074794779 0.29089417)
(-0.0024125406 0.034781613 0.2961256)
(-0.031826851 -0.017856662 0.29111131)
(0.027581995 0.016060186 0.29085339)
(0.03073112 -0.0064625006 0.29693973)
(-0.027254553 0.01595103 0.29703395)
(-0.021658554 -0.0022742682 0.29081525)
(0.022532875 0.015790704 0.29078383)
(0.031408505 -0.018543254 0.29097839)
(0.004602865 -0.005339349 0.29130079)
(-0.035519276 -0.0098409732 0.29679322)
(-0.018086614 0.018811257 0.29704232)
(0.00599015 0.018055078 0.29710468)
(-0.0041377294 0.016660268 0.29693282)
(0.017254947 0.019592113 0.29718984)
(0.0031768881 0.0024429353 0.29108044)
(-0.0080664266 0.020045353 0.29719548)
(0.020014319 0.0056132533 0.29712468)
(0.031736444 -0.018883524 0.29709296)
(-0.030116529 0.0059667546 0.29662334)
(0.027899673 -0.00069794145 0.29631318)
(0.021597186 0.0027406915 0.2913173)
(0.0022960993 -0.014888178 0.29664917)
(-0.028214911 -0.0033464387 0.29646174)
(0.0057944759 -0.017293948 0.2967971)
(-0.017682789 -0.017799441 0.29686282)
(0.038899027 -0.0091260164 0.29088943)
(-0.028110744 -0.0032571564 0.29137385)
(-0.021331354 -0.0031514846 0.29699549)
(-0.032026685 0.018297346 0.29109005)
(0.0092573092 -0.0085617386 0.29706015)
(-0.029945333 -0.0057813412 0.29129352)
(-0.024043021 -0.015623161 0.29099258)
(0.0094451201 0.026923446 0.29104252)
(-0.0024881238 -0.001247491 0.29631702)
(-0.045354669 0.0038364157 0.29204557)
(0.040158978 -0.0089741651 0.29707283)
(-0.0058327128 -0.0075056072 0.29684748)
(0.015250456 -0.0090147084 0.29094137)
(-0.01024895 -0.0093387714 0.29716606)
(-0.0070508669 0.0067778018 0.29026012)
(0.0029036115 -0.0011000367 0.29694455)
(0.028219879 0.003216096 0.29107562)
(0.0035846978 0.016572122 0.29715477)
(0.0055855881 -0.017035956 0.29146142)
(0.020323839 -0.0059975562 0.29188602)
(0.021635576 -0.001938617 0.29110634)
(-0.031870638 0.0083138593 0.2912046)
(-0.0060498272 0.017372414 0.29110692)
(0.018318656 0.018523657 0.29089929)
(0.0012937303 -0.016096146 0.29095675)
(0.021762537 -0.002756537 0.29691449)
(-0.019922678 -0.01721785 0.290907)
(0.018384636 -0.018834267 0.29710137)
(-0.0063163498 -0.018491302 0.29705851)
(-0.0029757213 -0.016427627 0.2908682)
(0.03591214 0.0095742046 0.29673864)
(-0.0099514529 0.008941687 0.29710873)
(0.006607835 -0.0070058982 0.29720925)
(-0.031296318 -0.018565969 0.29701238)
(-0.011285354 -0.0096945127 0.29126197)
(-0.022148611 -0.016143415 0.29710088)
(0.027158326 0.015778166 0.29701008)
(0.021570549 0.0025468094 0.29676526)
(0.013418619 -0.0092123568 0.29663377)
(0.009402828 0.026999763 0.29649127)
(0.027800408 -0.016217699 0.29709356)
(-0.0052123671 0.0065158622 0.29721088)
(-0.011183503 0.0091642451 0.29101225)
(0.031174127 0.0065411645 0.29090315)
(0.021383922 0.016284252 0.29692122)
(-0.028307548 0.0027115169 0.2973962)
(0.015159621 0.025965839 0.29105163)
(-0.026937391 -0.016063494 0.29701318)
(-0.0020470499 -0.016242856 0.29694173)
(-0.039035151 0.009176322 0.2906308)
(0.023040716 -0.016105463 0.2908632)
(-0.017597899 0.030465065 0.29110002)
(0.0030238761 0.033873532 0.29098852)
(-0.0027125841 0.00026048818 0.29099879)
(-0.034230567 0.0085810167 0.29718014)
(-0.0084597612 -0.02293362 0.2940418)
(0.016524874 -0.022928405 0.2940422)
(0.027763795 -0.016263415 0.29102616)
(0.010608369 0.009182493 0.29696557)
(-0.01436269 0.009087245 0.29704405)
(0.033991194 0.0085823488 0.29086047)
(0.010060564 0.0090439447 0.29091533)
(-0.028110384 0.0017356766 0.29121015)
(-0.015491612 0.0085064552 0.29069952)
(-0.0033789757 0.0030186204 0.29668552)
(-0.01898413 0.0072318108 0.29653864)
(0.0062427105 0.0073931193 0.29676682)
(-0.018983378 0.0075523096 0.29178393)
(0.0048324347 0.0073206566 0.29097544)
(-0.021781217 0.0018227074 0.29722666)
(0.022623893 -0.016176298 0.29694383)
(-0.013808083 -0.022162967 0.29188143)
(0.011429256 -0.021942814 0.29194857)
(-0.017858707 0.030896627 0.29706184)
(0.018637776 -0.018500041 0.29089308)
(-0.0066720974 -0.018931477 0.29086637)
(-0.03366961 -0.008525936 0.29087262)
(0.016267507 0.028111046 0.29731156)
(-0.044535466 -0.0071600773 0.29256529)
(-0.021789843 0.0029515073 0.2911301)
(0.030532393 0.017949171 0.29730929)
(0.043526726 -0.0068030806 0.29706149)
(-0.034864499 -0.022358311 0.29617197)
(-0.042476055 -0.0079632441 0.29602898)
(0.034121386 -0.022431305 0.29406947)
(0.041132544 0.0085882859 0.29601253)
(-0.040052153 -0.018976128 0.2946151)
(0.042647511 -0.007745141 0.29080904)
(0.047160084 0.00066337383 0.29693962)
(0.029172895 0.035474316 0.29594213)
(-0.046907445 0.0016044579 0.29559581)
(0.034374157 0.027675709 0.29268907)
(0.027942039 -0.0024736979 0.29088801)
(-0.036578613 0.024396504 0.29368766)
(0.019876892 0.0070977175 0.29182577)
(-0.0051243675 0.032460835 0.29519943)
(0.0092033769 0.022756617 0.29150563)
(0.028413312 -0.0041379231 0.29620837)
(0.034129165 -0.0084385159 0.2910234)
(-0.0036395044 -0.0041676371 0.29074394)
(0.0094947492 0.023278469 0.29604602)
(0.036435651 -0.0091222225 0.29711795)
(0.019327773 0.032318106 0.29562199)
(-0.0049891445 0.03224689 0.29054457)
(0.0044105246 0.042278571 0.29399633)
(0.015504254 -0.021816942 0.29673126)
(-0.0094752864 -0.021809043 0.29675498)
(0.015597829 -0.021849246 0.29131265)
(0.0031700043 0.0036500308 0.29656328)
(-0.0086802749 0.021119712 0.29164696)
(0.0080724428 0.020322331 0.29677541)
(-0.01579144 0.022300489 0.29674021)
(0.0080049568 0.030684239 0.29139384)
(-0.038788206 0.0091981717 0.29700681)
(0.0079513471 0.020119539 0.29111305)
(-0.015853327 0.022817781 0.2913654)
(-0.0094229008 -0.021929213 0.29133345)
(0.0031720756 0.033954525 0.29648383)
(-0.0099256759 0.025939606 0.29171437)
(-0.015469419 0.027221073 0.29176155)
(-0.015394133 0.027180643 0.29621243)
(-0.039063161 -0.009128712 0.29697616)
(-0.016529454 -0.02096436 0.29725078)
(0.0082773964 -0.020735925 0.29730204)
(0.021125952 0.033703383 0.29097577)
(0.041870477 -0.016755625 0.29386503)
(-0.0041659156 0.0031314838 0.29051231)
(0.033202414 0.020442288 0.2969825)
(-0.022622175 0.034006253 0.29593762)
(0.040090972 0.016458733 0.29336162)
(0.034198417 -0.021346441 0.2912694)
(0.047180807 0.0013526859 0.29100717)
(0.04638674 -0.0023191959 0.29663416)
(-0.027225439 -0.00021183968 0.29682968)
(-0.0014189403 0.033736093 0.2907332)
(0.038407973 -0.021508335 0.29299437)
(0.019819046 0.037642015 0.29384795)
(-0.010260708 0.04193445 0.29399955)
(0.015923516 0.02208116 0.29097682)
(-0.033751236 0.021536437 0.29708201)
(0.015663967 0.023791235 0.29703621)
(0.0076168744 0.030731861 0.29668744)
(-0.036109977 0.0089505304 0.29098021)
(0.010963235 -0.022361414 0.29577254)
(-0.013963691 -0.022378394 0.29571507)
(0.027997797 0.0034489784 0.29678292)
(0.017417607 0.029917577 0.29149132)
(0.039124365 0.0090844043 0.29720792)
(-0.031946398 -0.0081001855 0.29688928)
(0.033674946 0.021798555 0.29132663)
(-0.044326814 -0.0095621666 0.29562486)
(-0.040896084 -0.0083099801 0.29148941)
(0.040406376 0.0084026047 0.29079879)
(0.046265548 0.0041441042 0.29503477)
(0.046752596 -0.0014487244 0.29139121)
(-0.020856071 0.033645776 0.29186593)
(-0.041672332 0.0079412425 0.291601)
(0.0090188636 -0.022685712 0.29394164)
(-0.015942787 -0.022731512 0.29388335)
(-0.046883593 -0.00070793172 0.29153138)
(-0.042314417 0.015551544 0.29413002)
(0.035032065 -0.022144455 0.29657677)
(0.023403889 0.033797245 0.29692391)
(0.043452492 0.0089847796 0.29541801)
(-0.046843139 -0.0038513746 0.29494666)
(-0.008952909 -0.012622185 0.37155499)
(0.016810052 -0.015481456 0.37176)
(0.018581272 0.015093163 0.37175974)
(-0.018155892 -0.015960241 0.37250658)
(0.02445739 0.0016002643 0.37265249)
(0.0062531654 -0.015392642 0.37157161)
(0.012485768 -0.023264913 0.37171665)
(-0.025070484 0.0015678732 0.37163035)
(-0.0027642131 0.0067025674 0.37163379)
(0.032288655 -0.016480927 0.37200641)
(0.0040239241 -0.0092979363 0.37274824)
(0.028528777 -0.0075683132 0.37181791)
(-0.011411289 -0.027966614 0.37224977)
(0.00038639741 -0.0012284558 0.37311379)
(-0.021979813 -0.0080253195 0.37147114)
(0.0233779 0.01069993 0.37089627)
(-0.0088548197 0.016231257 0.37216671)
(0.03011742 0.015192975 0.37193783)
(0.01253736 0.014837815 0.37172015)
(-0.018346466 0.010012575 0.37194004)
(0.014765199 -0.019067581 0.37225564)
(-0.024635523 0.013442735 0.37201271)
(-0.013384014 -0.016650082 0.37217327)
(-0.028340264 0.0081439162 0.37155585)
(0.0072865963 0.016163572 0.37190165)
(0.033970878 0.017737109 0.37207616)
(-0.0058011526 -0.0094610115 0.37201655)
(-0.001356881 -0.012655204 0.37193571)
(0.018641356 -0.0096609627 0.37174102)
(0.023527093 -0.012245935 0.37215023)
(7.1748751e-05 0.012534251 0.37187772)
(-0.025589037 -0.0036787228 0.37195529)
(-0.035173465 0.017820617 0.37156929)
(-0.014246494 0.012727859 0.3719987)
(-0.031834168 -0.0099860177 0.3722583)
(-0.026645547 -0.012438793 0.37277629)
(-0.022924213 0.0063948079 0.37195638)
(0.028022378 0.0093503737 0.37206055)
(-0.0051176297 0.011802041 0.37198094)
(0.03654875 -0.026262029 0.37210182)
(0.025491741 -0.0031197239 0.3717391)
(0.018701419 0.0094448882 0.37241557)
(-0.030467702 -0.015439832 0.37122947)
(0.0025927167 0.0067051801 0.37254252)
(-0.030061965 0.014901762 0.37225298)
(-0.03725111 -0.010875022 0.37271077)
(-0.015981289 0.017877394 0.37204161)
(0.007562453 -0.01097162 0.37157963)
(0.025977018 0.013905474 0.3711213)
(0.011237684 -0.013250871 0.37217938)
(-0.0024176475 -0.0066449564 0.37174839)
(-0.013335448 -0.011272246 0.37229257)
(0.010054765 0.011193184 0.37114849)
(0.032461673 -0.010490865 0.37201213)
(-0.010200392 0.010905786 0.3720374)
(0.013769186 -0.028509986 0.37182396)
(0.014969645 0.018781846 0.37235813)
(0.02229222 0.0064411718 0.37206516)
(0.038051777 0.011541666 0.37171098)
(-0.02211804 -0.01325848 0.37184078)
(-0.028044852 -0.0075070244 0.37129035)
(0.022222739 -0.0067348846 0.37174857)
(0.0060643606 0.010617398 0.3719644)
(-0.032788462 0.010508374 0.37177884)
(0.032874924 0.010860169 0.37235901)
(0.0024710945 -0.014187118 0.37337816)
(-0.012443198 -0.022869012 0.37202989)
(-0.01775131 -0.010563854 0.37133863)
(0.020521805 -0.015049864 0.37230343)
(0.014512533 -0.011056628 0.3731424)
(-0.0049824199 -0.014917147 0.37265648)
(-0.019707693 0.015118909 0.37232702)
(0.00069631951 -0.036848503 0.37161029)
(0.037200973 -0.01190437 0.37202602)
(0.027783871 -0.01352195 0.3720507)
(-0.00014780325 0.0027938912 0.37124748)
(0.028048202 0.0046719262 0.3716206)
(0.0089850165 -0.018960546 0.37154962)
(0.04414137 0.0090915639 0.37245315)
(-0.0075172489 -0.035145621 0.37193182)
(0.0092863517 0.020230366 0.37198721)
(0.013902274 0.011062648 0.37334478)
(-0.01129949 0.019801105 0.3719322)
(-0.016142943 -0.033031822 0.37197019)
(-0.034362425 -0.018097408 0.37195713)
(-0.037318407 -0.023544214 0.37101727)
(-0.038239454 0.012803253 0.37187962)
(0.0096220172 -0.033142673 0.37231478)
(0.022197297 0.013804988 0.37384551)
(0.00285686 -0.0047969018 0.37241251)
(-0.0091179903 -0.019020287 0.37189774)
(0.032126326 -0.032749512 0.37260382)
(-0.044116879 -0.006302334 0.37074092)
(-0.033087684 -0.030912779 0.37206506)
(0.01056043 -0.041834303 0.37206752)
(0.0032720872 -0.0010581048 0.36951365)
(-0.026016673 0.016001492 0.37501521)
(0.0058165114 0.0063336733 0.36892555)
(0.011509569 -0.010122934 0.36909273)
(0.0076124936 -0.030969214 0.36883444)
(-0.016918342 -0.0083490482 0.37461404)
(-0.019112473 0.01762389 0.369176)
(0.019427123 0.0058975362 0.36902292)
(-0.026243759 -0.03621106 0.37030825)
(-0.031640494 -0.0070372991 0.36898)
(0.0062840733 0.0075187113 0.37481128)
(-0.0089912898 0.0086477934 0.37502646)
(0.028358277 -0.002974085 0.36889128)
(0.027829102 0.0015473336 0.37447361)
(0.020052642 -0.0055101369 0.36902798)
(0.0062081013 -0.0069782083 0.37533889)
(-0.008611504 -0.0088924857 0.37488575)
(-0.018495197 0.018806894 0.37517057)
(-0.0049521694 -0.0055498067 0.37487495)
(0.0064827422 0.018720281 0.37496872)
(0.030090757 0.0072534288 0.37435201)
(-0.020897948 -0.0054835424 0.37489256)
(0.0099118224 0.0088783189 0.37484355)
(0.016253064 -0.0082897589 0.36896607)
(0.0075399606 -0.030351252 0.3748777)
(0.017496568 -0.030091827 0.37560417)
(-0.0053700644 0.0060320651 0.36882061)
(-0.014070047 -0.0090924839 0.3690748)
(-0.0090295864 0.0086062032 0.36903509)
(-0.0067289192 0.018262858 0.36955612)
(0.0039244741 0.0034516342 0.375119)
(0.032090372 0.019170389 0.37486853)
(0.015727334 -0.026708472 0.36882072)
(0.0032903676 0.0034461338 0.36913816)
(0.0067199211 -0.0080120613 0.36905464)
(-0.00857584 -0.029952053 0.36909629)
(-0.032104415 0.018706375 0.36956946)
(0.030804318 -0.0063587545 0.36889462)
(-0.0052147282 -0.0057101865 0.36901416)
(0.019961812 -0.0056142957 0.37491969)
(0.031926635 -0.019158539 0.36900242)
(0.009228943 -0.0087157543 0.37500486)
(0.031571883 0.018779061 0.36883217)
(0.0065147401 0.018739583 0.36898412)
(0.03045158 -0.0060290222 0.37509521)
(0.0392262 0.0091375783 0.3750448)
(0.046673233 0.0033994472 0.37449994)
(-0.028288711 -0.0033768909 0.37544597)
(0.034718665 -0.0088157116 0.36887574)
(-0.02978678 -0.0061655909 0.37425808)
(-0.0273964 0.016093958 0.36887479)
(-0.021550576 -0.0030222562 0.36872502)
(-0.031388268 -0.017439481 0.37482854)
(0.039619852 0.01969729 0.37168977)
(0.031938594 -0.019179565 0.37503598)
(-0.031790858 0.0079271111 0.37487889)
(-0.021976748 -0.001128503 0.37494412)
(-0.0019816675 0.015884955 0.37513137)
(-0.027743387 -0.0014407209 0.36956902)
(-0.0051155333 0.0057355962 0.37496411)
(-0.015478561 -0.027971661 0.36973749)
(0.0052457914 -0.017510288 0.36888535)
(0.016537227 -0.0081942348 0.37508327)
(-0.015314261 -0.027770223 0.37417044)
(-0.030758877 0.0059658406 0.36843005)
(-0.018692805 -0.0071998928 0.36899827)
(0.015040754 0.0093169713 0.36943088)
(-0.02056596 -0.016173149 0.36923311)
(0.03465096 -0.0087719377 0.37502077)
(-0.0066729987 0.018343226 0.37515315)
(-0.0080604527 -0.030858751 0.37452907)
(0.017620506 0.018672798 0.36958483)
(-0.0020147419 0.015883572 0.36897959)
(0.03470142 0.0088488606 0.36940537)
(-0.025675117 -0.015444298 0.3698139)
(-0.023099033 -0.015652364 0.37499685)
(0.027881496 0.01639818 0.36883296)
(-0.0030686423 -0.034431518 0.3695497)
(0.0033558173 0.015614349 0.36973823)
(0.021665571 0.0020782026 0.37486274)
(0.027417888 0.0004825693 0.36907396)
(-0.00022912451 -0.015798914 0.37529397)
(0.024073711 -0.015486243 0.37424749)
(0.028214073 -0.016437125 0.3690086)
(-0.009334335 -0.0088908738 0.36876353)
(0.0016794735 -0.01529538 0.36943033)
(0.0063946402 -0.018440516 0.3749826)
(0.015845004 -0.022213629 0.36903724)
(-0.02807585 -0.015696934 0.3747914)
(-0.017886257 -0.018601869 0.37491839)
(-0.01573647 -0.022888921 0.36908217)
(-0.014256238 0.0093090357 0.36886424)
(0.028247818 -0.016429578 0.37505958)
(-0.028601553 0.0033214848 0.37451772)
(0.0032926488 0.015723899 0.37452528)
(0.025892182 0.015131489 0.37464743)
(0.022818211 0.015733443 0.3691417)
(0.018854185 -0.018038636 0.36888601)
(0.020144735 0.0053450167 0.37494899)
(0.021876593 0.016370101 0.37527616)
(0.023368781 -0.015744252 0.36897096)
(-0.03191373 -0.018932501 0.36883906)
(-0.015728842 -0.022287035 0.37474522)
(-0.022154352 0.016267213 0.37510871)
(-0.029113857 0.0019444432 0.36802317)
(0.0094340624 -0.022479444 0.37465166)
(-0.033626714 -0.0082157312 0.37511036)
(-0.018537498 0.0068330989 0.37496388)
(-0.034846712 0.0087390902 0.36895446)
(-0.0023389124 -0.016011182 0.36903587)
(-0.0066743399 -0.018997078 0.37513037)
(0.018062305 -0.01889194 0.3749655)
(-0.014233263 0.0092738242 0.37495763)
(-0.0091812168 0.022905462 0.3717268)
(-0.02146212 0.0024780429 0.3689671)
(0.012691712 0.022013455 0.37415733)
(-0.02284204 0.016100877 0.3689903)
(-0.0094568392 -0.02431505 0.37517509)
(-0.0096053738 -0.024519988 0.36991439)
(0.0094305632 -0.022807024 0.36921391)
(0.018834823 0.018052274 0.37508842)
(-0.018652951 0.0068057003 0.3689046)
(0.015513655 -0.024068033 0.37477541)
(-0.039170082 0.0095107662 0.37443926)
(0.02264566 -0.033750544 0.37538573)
(0.043746195 0.0070221663 0.36934481)
(-0.021439957 -0.034514763 0.373868)
(-0.015334006 0.022538933 0.37113227)
(-0.04413959 0.0079330153 0.37074036)
(-0.033802345 0.022481672 0.37265012)
(0.04418798 -0.0067380392 0.37299256)
(0.044429226 -0.0064607254 0.370484)
(0.028073246 -0.035094569 0.37128544)
(0.04700405 -0.0013262888 0.36957113)
(-0.043966196 -0.010170567 0.3723218)
(-0.041548471 -0.008267825 0.3748351)
(-0.0066433079 -0.017297294 0.36966525)
(0.0023873488 -0.033618702 0.36823563)
(-0.010812466 0.022371806 0.36950768)
(-0.035546102 -0.0093620068 0.36922022)
(-0.0090386792 -0.021324544 0.37473803)
(0.031195606 0.0074646821 0.36996194)
(-0.027150012 -0.00056846263 0.37479389)
(0.0041539724 -0.03401479 0.37458088)
(-0.035554454 0.0099227442 0.37489545)
(-0.029151774 -0.0044286262 0.36957387)
(0.034964354 0.021810028 0.37414958)
(-0.0031912169 -0.0017933386 0.36941453)
(0.046695137 0.0038499766 0.36960596)
(0.021852004 -0.0027138498 0.37476379)
(-0.0031607221 -0.0024775477 0.37487738)
(-0.018840137 -0.038218895 0.37188164)
(0.015837729 0.021890355 0.36975449)
(0.021977168 -0.0018634489 0.36966012)
(0.036367645 0.0097424813 0.37474304)
(0.016471509 0.020719964 0.37499396)
(0.0099129628 -0.026819881 0.37402522)
(0.021591944 0.0025424934 0.36931715)
(-0.0030163009 0.0026521874 0.36902559)
(0.0098529801 -0.026856635 0.36980702)
(0.039652898 -0.0093202017 0.37540533)
(0.039001458 -0.0085393218 0.36817269)
(-0.021067377 0.0033726698 0.37510297)
(-0.0027395924 0.0023784834 0.37470181)
(-0.039165814 0.0094169467 0.36890893)
(-0.033580975 -0.021060322 0.37489534)
(0.042500514 0.015467334 0.37327053)
(-0.0022900522 -0.034745405 0.37484151)
(0.021244702 -0.034254946 0.37005258)
(-0.017058224 -0.0194192 0.3695207)
(0.0089850942 0.021886059 0.36894953)
(-0.018028693 -0.030998589 0.36918002)
(-0.017831318 -0.030745596 0.37481388)
(0.0089719188 0.021888369 0.37503052)
(-0.043661107 0.0084593671 0.37354915)
(0.035440438 0.02187576 0.36962108)
(0.044396208 0.0055097811 0.37505)
(-0.03362663 -0.021223459 0.36897651)
(0.047018232 -0.0013299632 0.37434752)
(-0.046708829 -0.0024684339 0.37388449)
(-0.047694108 0.00096966882 0.37031829)
(0.009079592 0.0088406364 0.36885144)
(-0.032652741 0.019300918 0.37406166)
(-0.0076914768 -0.041650224 0.37200823)
(-0.0090007479 0.021908112 0.37441613)
(0.027984445 -0.0013968374 0.37454155)
(0.03937119 0.0092789924 0.36892739)
(-0.0089199569 -0.027257205 0.37531687)
(-0.039979511 -0.0091499612 0.36902501)
(0.033630336 -0.022592427 0.36888002)
(-0.020759761 -0.034023563 0.37014125)
(-0.034728543 0.022119954 0.36964355)
(0.017667601 -0.029924975 0.3687902)
(0.043957945 0.016292273 0.36969499)
(-0.01534661 0.021771201 0.37430364)
(0.02550876 -0.037143483 0.37392455)
(0.042506984 -0.014052175 0.3730121)
(0.033663016 -0.022621968 0.37513419)
(0.044642498 0.0044856445 0.3690078)
(-0.011988594 0.022535964 0.37394074)
(0.015670215 0.022624884 0.37303006)
(0.033848625 0.022751685 0.37156525)
(-0.035729202 0.022115278 0.37428259)
(0.032323379 -0.031278373 0.37026501)
(-0.027008312 -0.034380337 0.37348348)
(-0.016280459 0.020796126 0.36927599)
(0.044283859 -0.011337576 0.37024133)
(0.020458005 -0.039059748 0.37107078)
(0.001186302 -0.042702372 0.37198706)
(-0.035091557 -0.025447475 0.37395364)
(0.012576965 0.022041171 0.37003722)
(-0.046522403 0.0029083916 0.37332087)
)


// ************************************************************************* //
