/*--------------------------------*- C++ -*----------------------------------*\
  =========                 |
  \\      /  F ield         | OpenFOAM: The Open Source CFD Toolbox
   \\    /   O peration     | Website:  https://openfoam.org
    \\  /    A nd           | Version:  13
     \\/     M anipulation  |
\*---------------------------------------------------------------------------*/
FoamFile
{
    format      ascii;
    class       volScalarField;
    location    "170/fluid_1_tubeside";
    object      p;
}
// * * * * * * * * * * * * * * * * * * * * * * * * * * * * * * * * * * * * * //

dimensions      [1 -1 -2 0 0 0 0];

internalField   nonuniform List<scalar> 
76203
(
0.0066759212
0.20029056
0.074234687
0.18232129
0.0069993667
0.010445908
0.021175098
0.18589663
0.0098883654
0.18681317
0.10523377
0.11600867
0.11068763
0.20946147
0.20131436
0.020443866
0.20019838
0.17702656
0.19106872
0.020990679
0.16316776
0.12481778
0.11444701
0.12925957
0.075063083
0.11687024
0.10202875
0.0077910793
0.0073324709
0.080906989
0.0015295999
0.044846732
0.13021158
0.12547463
0.20831474
0.15968531
0.12230318
0.15648424
0.16857652
0.12275223
0.008808949
0.020706997
0.026380714
0.0040200067
0.089646566
0.10634169
0.041071501
0.20176501
0.12713207
0.041998385
0.0884527
0.10243053
0.21612692
0.10354892
0.019467581
0.12232954
0.1118572
0.13524603
0.15993813
0.025883046
0.17554336
0.21563869
0.13050143
0.042409246
0.089545581
0.14749696
0.037601584
0.019665232
0.19176602
0.10547459
0.21553224
0.038781478
0.13098328
0.21590776
0.081234745
0.135015
0.01080226
0.1088102
0.031046599
0.11752292
0.025249215
0.089584218
0.0071703122
0.063762115
0.18266703
0.12997877
0.070798173
0.12670647
0.13745981
0.090146795
0.11577109
0.033626478
0.20233327
0.1336219
0.13063603
0.12329905
0.030760963
0.02748719
0.031396383
0.1064066
0.021191909
0.1156679
0.027319808
0.16626237
0.03907648
0.12361376
0.11742395
0.12612294
0.0065523676
0.21063947
0.0084023253
0.12438325
0.1383716
0.16828748
0.10228879
0.20481687
0.1027672
0.082336733
0.023549376
0.11985709
0.038482087
0.0089094118
0.067690038
0.18999992
0.10221847
0.089393094
0.035065951
0.06825622
0.058760654
0.16585035
0.17423808
0.021572958
0.21614051
0.071155583
0.12523256
0.0090972087
0.17994863
0.13606636
0.14965962
0.19990344
0.14988908
0.074456475
0.11987348
0.21538551
0.033428452
0.063803028
0.21068527
0.20086485
0.029533182
0.038353262
0.21632708
0.2161485
0.074863513
0.0028454848
0.19733969
0.19066594
0.14101082
0.080507686
0.11033591
0.06476025
0.066955493
0.025294535
0.21583935
0.064881698
0.13225988
0.20391142
0.13060417
0.16516358
0.0028027332
0.12406514
0.021327166
0.12879775
0.11472441
0.12967301
0.10971078
0.079446403
0.11804804
0.024284159
0.19730179
0.0077663719
0.1506264
0.21566084
0.1311554
0.12287167
0.17096114
0.11553618
0.17468384
0.11774327
0.17708057
0.17803664
0.13075991
0.21534024
0.0093082003
0.13414199
0.1254883
0.044697318
0.065097836
0.20127404
0.16059854
0.16974287
0.050786304
0.04124843
0.14335856
0.058650872
0.14795677
0.019580859
0.0093877328
0.21517875
0.17443631
0.0067399649
0.19217922
0.019602322
0.15304416
0.075055274
0.1323937
0.12326443
0.021522524
0.07433358
0.0007627748
0.17956024
0.041279717
0.21023429
0.17053104
0.053783991
0.19858055
0.17685928
0.052607748
0.05288922
0.1118876
0.17050207
0.033455769
0.17716622
0.051639445
0.069311068
0.041492212
0.1640478
0.20974169
0.19643689
0.16484837
0.20874592
0.13035251
0.17860077
0.11046034
0.020525999
0.14852679
0.17419978
0.13363876
0.067482534
0.020322741
0.084812699
0.13773449
0.17598101
0.07767837
0.03157303
0.062176235
0.14327386
0.08936064
0.070929021
0.17858753
0.042482644
0.1290188
0.12587147
0.21612858
0.16529592
0.21620616
0.12610302
0.1067783
0.095662562
0.14738192
0.20465979
0.1969665
0.11571701
0.1470377
0.041622402
0.11645925
0.074440006
0.18637577
0.21529472
0.12873929
0.004818643
0.071621492
0.049453272
0.1699787
0.19647832
0.12994991
0.16859723
0.06331136
0.11652786
0.080657311
0.0027552127
0.09198878
0.19155637
0.090565844
0.030784981
0.19971737
0.0026399176
0.14662939
0.1072493
0.14648066
0.15303692
0.054153642
0.18145371
0.1473761
0.13052573
0.12359691
0.057803294
0.013029132
0.021391925
0.0092136278
0.053160238
0.14862967
0.17269983
0.16417761
0.040502377
0.20885548
0.21593342
0.16589477
0.03441575
0.13410355
0.10338012
0.19645557
0.19675473
0.13914603
0.20189395
0.12422815
0.10596508
0.15007083
0.12550218
0.1315408
0.20007284
0.10232903
0.15527713
0.19550294
0.18968233
0.18188164
0.17875993
0.21524852
0.048301887
0.033289842
0.027667184
0.081572419
0.17131165
0.040540127
0.14929272
0.0052939245
0.10968389
0.013884212
0.16412895
0.19090139
0.034289801
0.10951628
0.1897945
0.022795729
0.19065588
0.17755856
0.067614772
0.041055026
0.038476215
0.04098236
0.030278709
0.10297853
0.15538428
0.0013141709
0.11073126
0.020931353
0.036747071
0.027448268
0.1510253
0.11739012
0.039618477
0.0087909838
0.13449707
0.17356471
0.10328023
0.15674633
0.089920199
0.15086876
0.0096107155
0.067709651
0.1821248
0.13797755
0.13418062
0.19470123
0.21541322
0.15968007
0.054861452
0.083912283
0.13511224
0.20994678
0.17680595
0.022936814
0.077638876
0.14100039
0.038722316
0.0097257213
0.21517824
0.1358323
0.12203781
0.037219185
0.11730894
0.024854909
0.024597286
0.16431998
0.13614521
0.21611745
0.088262934
0.19417887
0.20177095
0.09031851
0.0038590689
0.030381992
0.090061793
0.037262836
0.024721305
0.20092354
0.21617709
0.13747348
0.10234604
0.13065175
0.21467757
0.090864221
0.080392143
0.16005485
0.020761347
0.20944672
0.066333473
0.13051697
0.1478543
0.13718567
0.12178809
0.12729986
0.21494928
0.12789301
0.18067117
0.11576795
0.17988697
0.0094462405
0.10550009
0.12660537
0.03728157
0.077378023
0.045113382
0.042172356
0.21444472
0.12237068
0.14303967
0.13200236
0.0086777104
0.096019405
0.17840456
0.12311539
0.03994434
0.17031103
0.056298263
0.073572851
0.128752
0.20226569
0.15552701
0.21574473
0.12200073
0.08999727
0.17570498
0.067689938
0.12316701
0.11206762
0.084505902
0.19196594
0.15394142
0.087808171
0.095601237
0.20014365
0.15125907
0.056405683
0.20969259
0.19660294
0.19222882
0.041956084
0.15114006
0.10650651
0.16394216
0.15356419
0.20836916
0.082742994
0.11369275
0.1822128
0.08994447
0.11256945
0.088303288
0.00048131686
0.13003063
0.21497831
0.11758432
0.089973425
0.062617636
0.21415863
0.089841598
0.019154885
0.21488717
0.099256652
0.11037975
0.058523726
0.17857763
0.12337714
0.071134525
0.13622069
0.18116487
0.023245428
0.098908081
0.013330475
0.089989831
0.21538569
0.10611718
0.17131726
0.16591741
0.085874799
0.12181727
0.033909271
0.17498517
0.14965764
0.21526314
0.16357914
0.13436947
0.21039243
0.20082966
0.13773644
0.045767591
0.1852881
0.1714479
0.005429666
0.21640611
0.2160777
0.021741195
0.17720253
0.21015425
0.0011966854
0.11643258
0.19522126
0.12560045
0.0014297927
0.17490017
0.17451953
0.04600382
0.044077914
0.18999662
0.095840944
0.0014783598
0.20950867
0.0011779937
0.0013202571
0.12802889
0.036593017
0.19805642
0.19701661
0.11660934
0.05272214
0.18239307
0.1763938
0.13442825
0.063024956
0.084036562
0.024403506
0.10113956
0.17499979
0.083731529
0.15462083
0.061143091
0.067373122
0.16537623
0.10821652
0.0012356932
0.038488981
0.13864179
0.11606235
0.16998482
0.062564347
0.20099144
0.13458831
0.041552671
0.03303296
0.15097468
0.20954023
0.20996546
0.16291221
0.098925159
0.20763732
0.041455906
0.033562236
0.12902864
0.21034016
0.0023597405
0.17611184
0.0012355852
0.20028263
0.17037602
0.052467175
0.15980486
0.18608502
0.15039802
0.073650312
0.10648275
0.11366916
0.0093324365
0.0011802509
0.20132869
0.0011639431
0.053707703
0.13908907
0.0011671045
0.20075405
0.15896654
0.054505147
0.13758134
0.17585507
0.20972255
0.19611463
0.15309751
0.15404875
0.17007457
0.0014691098
0.12833855
0.1959172
0.010320546
0.0025069701
0.00055940055
0.17765376
0.0010163171
0.048713524
0.15112682
0.13959432
0.085746923
0.01780338
0.20887111
9.7234946e-05
0.11256635
0.018149885
0.10313265
0.20019407
0.11586208
0.02007995
0.11662768
0.16583123
0.15653206
0.19118704
0.074811739
0.21548252
7.237247e-05
0.033849727
0.1168767
0.21039578
0.12533414
0.0010175821
6.9674159e-05
0.20156425
0.00053470461
0.096613298
0.17752462
0.19820486
0.0028225387
0.19643339
0.006314913
0.11259986
0.1822475
0.12560739
0.0013107067
0.0740278
0.13011745
4.0099823e-05
0.10309818
0.10726776
0.037993066
0.17715029
0.092673982
0.023725485
0.17435314
0.15546691
0.033868573
0.034426478
0.21536698
0.041582483
0.079174722
0.00050453311
0.15327339
0.10431784
0.13994705
0.11982321
0.19064919
0.16572173
0.0012186789
0.059842366
0.0075594372
0.11973965
0.18121076
0.0071417928
0.08038184
0.13246693
0.060942146
0.18179767
0.057090048
0.19337516
0.14618532
0.15466902
0.064123963
0.13590528
0.022427078
0.17672751
0.042181658
0.10211493
0.082676608
0.10958489
0.080102928
0.063366001
0.070955759
0.19144708
0.20220915
0.11520866
0.052108184
0.039332449
0.054447789
0.15071176
0.053293177
0.025313253
0.18000056
0.099502851
0.12309464
0.15552051
0.20828822
0.010694093
0.18021237
0.1386086
0.10520281
0.15536156
0.10799041
0.19850236
0.17750304
0.070920578
0.20948714
0.16638816
0.095131244
0.042088679
0.10995017
0.0026293095
0.10315274
0.15871859
0.12189671
0.19058306
0.040633725
0.0054616927
0.18170753
0.1792758
0.14997067
0.039139249
0.052542531
0.0015204484
0.15634994
0.037485017
-1.6276833e-05
0.13537079
0.10572597
0.10312825
0.1202432
0.15520303
0.11544536
0.10444032
0.040908431
0.20302787
0.13668055
0.089145235
0.17987937
0.1186407
0.04442094
0.18588407
0.081014471
0.05225102
0.14280231
0.19394761
0.15081285
0.090300153
0.15306036
0.108427
0.0556713
0.12646436
0.18036751
0.099685278
0.12841777
0.076483493
0.19612176
0.025926567
0.062152613
0.071062224
0.10342027
0.21591909
0.19000886
0.13071379
0.12202198
0.16402272
0.0010585611
0.11047603
0.057937097
0.17518161
0.10973695
0.050024504
0.098044449
0.11706454
0.18690564
0.16554367
0.0680334
0.19663768
0.17025495
0.11729771
0.029206653
0.12302747
0.11151087
0.040982522
0.0025391215
0.06761258
0.16253777
0.026143255
0.053714418
0.0018314395
0.13172533
0.1974432
0.10442171
0.0013159215
0.19700521
0.11023651
0.11022867
0.20912275
0.1920877
0.040788499
0.19971627
0.21608145
0.062618309
0.085094343
0.18179711
0.15596888
0.14792523
0.039570309
0.013825878
0.13898444
0.026732967
0.1900049
0.18516365
0.17641602
0.16403454
0.093623505
0.02553397
0.099361349
0.041087457
0.14164081
0.020847352
0.20382021
0.10998238
0.17525977
0.14520146
0.0012057628
0.13949567
0.0014310952
0.078157893
0.059583984
0.041940603
0.10464878
0.10180709
0.13157124
0.17018505
0.12303137
0.10659055
0.14540865
0.024882265
0.21634242
0.19035823
0.022694716
0.10271072
0.026018503
0.061811311
0.16542225
0.061128033
0.10348302
0.2093138
0.13659565
0.10550894
0.18972376
0.020547424
0.044483472
0.090758719
0.089165682
0.15130842
0.19105513
0.068466794
0.0012483594
0.062933497
0.17954097
0.11670364
0.17138997
0.075757301
0.1496253
0.11601107
0.20479829
0.10805336
0.12504289
0.00051228054
0.071110155
0.15631042
0.040823869
0.089946664
0.098937396
0.1157187
0.11337609
0.026883984
0.11155388
0.0010122308
0.21533959
0.049189661
0.13722154
0.19019985
0.15889783
0.20888089
0.18534956
0.14067707
0.028983751
0.067108208
0.19556533
0.060467827
0.059772546
0.12253783
0.12271838
0.21528485
0.12371449
0.11011233
0.027975314
0.05021276
0.095095232
0.1621579
0.12222057
0.13997188
0.014204861
0.19689364
0.20380799
0.2099357
0.053131529
0.081410021
0.116412
0.21535888
0.10778915
0.080659695
0.061740958
0.1888595
0.17686037
0.062192957
0.051024151
0.2033797
0.10973719
0.054892266
0.012850069
0.1323379
0.15529653
8.9738834e-05
0.036873766
0.19569234
0.18846555
0.18149531
0.21040393
0.018546801
0.1813962
0.14666381
0.13680879
0.089477489
0.048850001
0.00010495516
0.083202066
0.081505678
0.21551279
-2.4601424e-05
0.12647876
0.14990219
0.18615542
0.17547562
0.11629257
0.13794828
0.10002703
0.069878714
0.0090105388
0.1078084
0.074657143
0.0080243988
0.080947503
0.12638013
0.13485191
0.0073228849
0.13714845
0.10368512
0.094170563
0.1966517
0.029392838
0.11182229
0.15129338
0.18174618
0.20882761
0.03135095
0.19578427
0.09507025
0.0014268409
0.12155249
0.0011332828
0.10772544
0.13417575
0.18593346
0.061891657
0.14810318
0.10699751
0.00013496969
0.14879707
0.047852937
0.16633382
0.13410685
4.6800238e-06
0.20918023
0.16931591
0.15666066
0.17503071
0.0047740448
0.077158111
0.14824363
0.17036976
0.030419266
0.083325324
0.17125198
0.095557472
0.038572063
0.029036857
0.019035461
8.1843749e-07
0.096152301
0.16389204
0.025281875
0.090604639
0.18481804
0.0013300832
0.17192239
0.036771431
0.17848112
0.0094977933
0.067649648
0.21529584
0.1745467
0.17396448
0.18234468
0.093326098
0.12983093
0.069233788
0.18147533
0.0053459718
0.000845087
0.0025589719
0.16560288
0.047914368
0.20963772
0.14154363
0.086053838
0.12229693
0.11992239
0.13676523
0.014395527
0.0052815783
0.001368253
0.1744461
0.18110826
0.017378876
0.13439408
0.16854316
0.0051390969
0.095510309
0.049711758
0.065843208
0.013175858
0.19877471
0.089435936
0.20286472
0.19018847
0.15638577
0.20867278
0.12592952
0.12356887
0.20580352
0.11072272
0.20014501
0.14953312
0.18164352
0.0015235409
0.041081833
0.11627721
0.19278392
0.11672052
0.12805491
0.21499504
0.0028728862
0.034098276
0.14956539
0.098181197
0.16516864
0.0095131404
0.17673241
0.21532081
0.13347321
0.21528637
0.10409486
0.21505919
0.21470316
0.049559694
0.10966899
0.21622254
0.078719169
0.10907029
0.052899622
0.1161627
0.19151436
0.1910092
0.1135561
0.067490427
0.078800213
0.011156542
0.071515208
0.11215273
0.12302399
0.1297264
0.038019459
0.21004581
0.17524352
0.17578395
0.10810019
0.14800613
0.11693982
0.025204096
0.21490326
0.058975803
0.216016
0.11585816
0.11681852
0.19944059
0.11519568
0.20987968
0.065252866
0.088446401
0.016869
0.12715552
0.13140062
0.11634869
0.14108882
0.10927594
0.1563278
0.059543065
0.084622579
0.21530145
0.21074176
0.044466227
0.12330388
0.024827558
0.14766458
0.16432913
0.050258232
0.089164401
0.044265203
0.027250091
0.1202522
0.21417031
0.15611277
0.19539743
0.041922658
0.20526255
0.017516598
0.069291432
0.14016649
0.17966248
0.1346657
0.21566015
0.013360613
0.026399709
0.1394475
0.13974343
0.20962654
0.038179215
0.036891464
0.13566122
0.19632985
0.11683618
0.033577302
0.13639257
0.041259968
0.10381471
0.18298244
0.0015076657
0.19674564
0.065333896
0.021289623
0.18529165
0.16538458
0.133862
0.17182925
0.03029974
0.15297265
0.20513209
0.021311024
0.16025872
0.21598179
0.14994188
0.15020147
0.0015904643
0.16601724
0.18551575
0.14941744
0.21535955
0.016943498
0.16620409
0.17167489
0.17702137
0.017354857
0.1689531
0.12272657
0.15969858
0.1347666
0.14184367
0.10845112
0.14975295
0.094935014
0.13685729
0.030182929
0.20480253
0.15017283
0.056480824
0.21537001
0.067776602
0.0042314827
0.17762443
0.17376655
0.025320338
0.034452106
0.052725056
0.075741131
0.05243587
0.13526843
0.1309716
0.18420939
0.071618563
0.079614939
0.2021808
0.037975576
0.10608679
0.11577667
0.067730835
0.075703472
0.042062992
0.12374289
0.1377741
0.21531035
0.015185117
0.0014610681
0.041992514
0.036841189
0.16163164
0.13336538
0.20868014
0.1115517
0.12981469
0.2096334
0.21049224
0.083876976
0.045032041
0.15685664
0.21621756
0.16762472
0.21600183
0.20936025
0.020130744
0.10924091
0.024772077
0.21535739
0.017233963
0.04096879
0.17109074
0.21556345
0.12892497
0.0012129445
0.12286996
0.00162643
0.20491985
0.18122985
0.11282574
0.079130396
0.10228733
0.11315039
0.15454075
0.00087089787
0.17287718
0.068565353
0.0015497114
0.12331373
0.1620775
0.036508063
0.13301299
0.21595223
0.068560505
0.21537121
0.18600536
0.17037128
0.0058070207
0.19717262
0.15913405
0.19118084
0.041804763
0.18627969
0.028896201
0.13036792
0.19803453
0.0012441971
0.11959583
0.08949951
0.1250834
0.17589986
0.036794924
0.11882697
0.03148418
0.03389238
0.13698527
0.0014611132
0.036887257
0.17636258
0.051957639
0.10777278
0.039752477
0.067076585
0.10560116
0.12155019
0.1666872
0.18030836
0.12333025
0.13064556
0.18210883
0.15272901
0.13905558
0.17982071
0.20010928
0.00032802333
0.10859529
0.055281268
0.081817133
0.17028615
0.16811138
0.027275601
0.13946653
0.12633229
0.086507975
0.17969792
0.13385988
0.13041915
0.020117651
0.068462499
0.021157025
0.19956869
0.0014570062
0.015032696
0.20887835
0.0022821148
0.11905559
0.10513148
0.16081568
0.14943639
0.13316344
0.00011258431
0.040293339
0.00030540011
0.049984364
0.064029665
0.026349162
0.18587617
0.12154718
0.17246984
0.16099102
0.12033212
0.075211686
0.16720107
0.18988914
0.20082544
0.033222051
0.05001444
0.11828402
0.200027
0.041729391
0.20149364
0.11857763
0.0049844691
0.20544434
0.041672203
0.12660544
0.17067299
0.19565462
0.12529438
0.14588855
0.03469371
0.11071068
0.12276433
0.0040104542
0.071754935
0.17755019
0.11783031
0.13977283
0.13989793
0.096343808
0.052972946
0.00020051032
0.040152264
0.14383403
0.17075098
0.017638224
0.084167344
0.054222268
0.17429209
0.07127949
0.039239015
0.14669412
0.18560822
-0.00059691672
0.010074644
0.18906077
0.1496257
0.16800715
0.18165378
0.20953072
0.2095035
0.025718297
0.099975597
0.024191112
0.20885909
0.095338269
0.17650778
0.055922506
0.030710391
0.047459578
0.07544646
0.057731144
0.0016973841
0.15560661
0.024737603
0.16593131
0.056629967
0.12623128
0.025697817
0.12592443
0.16069596
0.014535762
0.11127455
0.1610066
0.15471483
0.16524187
0.014031353
0.12276526
0.16413073
0.024887947
0.1706484
0.14315644
0.19787096
0.049037488
0.16539885
0.21562204
0.020796111
0.11529415
0.10489596
0.001001227
0.080301004
0.029079105
0.13041334
0.0054545784
0.10435073
0.036337973
0.0010400242
0.17628613
0.17891543
0.096775914
0.053697477
0.15594026
0.17585196
0.13664473
0.16993163
0.049349804
0.082708313
0.034371672
0.20928935
0.060779217
0.05732433
0.12582127
0.035071292
0.15009533
0.079287451
0.10998015
0.062671527
0.12882663
0.043434275
0.062091199
0.0010140807
0.055606407
0.12553167
0.21523488
0.18220259
0.006564331
0.088789991
0.20039864
-0.00069429127
0.10534218
0.14676188
0.0053025363
0.096429146
0.12848418
0.21503728
0.18424984
0.19526995
0.13149
0.002180576
0.12143649
0.16024119
0.17633928
0.17014883
0.11642671
0.080237568
0.090933807
0.19146715
0.10535912
0.022511637
0.21473073
0.062416178
0.13796238
0.11143729
0.21537024
0.21414132
0.051490694
0.071687599
0.081566984
0.19933524
0.01350291
0.020613352
0.12588462
0.029549606
0.11078042
0.11894942
0.072960788
0.2021492
0.10304929
0.068971222
0.040653469
0.012445413
0.028162631
0.10249147
0.13549223
0.062666462
0.037648383
0.070630429
0.10328744
0.21503112
0.19383876
0.10124581
0.047896455
0.18112526
0.049055932
0.062892703
0.0065750163
0.12245634
0.085952603
0.18507878
0.040188422
0.041494679
0.1719551
0.19574363
0.081319823
0.054117739
0.089257347
0.082827989
0.19989422
0.068556241
0.01778785
0.060723777
0.077906919
0.11368592
0.1421203
0.17371505
0.21506208
0.083568401
0.068847101
0.09531683
0.022150717
0.21472679
0.16961658
0.00038206085
0.19113649
0.075348467
0.066972103
0.10608295
0.11962834
0.15166142
0.14279769
0.033595662
0.073331639
0.15001662
0.037334996
0.19304357
-0.00051995754
0.16522803
0.16980242
0.1307729
0.041087014
0.20031072
0.20091369
0.14164079
0.13176652
0.10590308
0.20453435
0.20158766
0.096059528
0.0064322407
0.1244467
0.1619849
0.073945258
0.11642473
0.13301327
0.038331577
0.038801549
0.11522289
0.12359795
0.1560501
0.21511675
0.18035023
0.12893482
0.050774361
-0.0010278595
0.2150684
0.050626697
0.15528859
0.21493753
0.16204996
0.15817588
0.14579172
0.10842922
0.14599677
0.10601838
0.057177196
0.036591243
0.10535664
0.068521585
0.10886628
0.18352764
0.13227991
0.026349985
0.1705561
0.21523862
0.15234374
0.17008389
0.1632493
0.17944419
0.12865108
0.20054536
0.043345357
0.11286105
0.18615837
0.095763826
0.063901704
0.06978899
0.15505753
0.036884105
0.16207704
0.12978916
0.022509393
0.17224605
0.080516916
0.0083766178
0.061434289
0.04495973
0.0051991702
0.15151804
0.00084049232
0.1637545
0.12979865
0.16016801
0.1846344
0.10949995
0.080034105
0.074623512
0.19540898
0.1828055
0.041142302
0.016724606
0.075426715
0.16075443
0.14261086
0.041556556
0.089475639
0.19829789
0.18409013
0.017558479
0.17800385
0.12798818
0.14114602
0.18486233
0.11629266
0.18031361
0.020212362
0.14217647
0.13228402
0.031622771
0.14544156
0.1300992
0.062967489
0.14898128
0.083738425
0.13740309
0.050512986
0.21512091
0.11643283
0.20208295
0.12233937
0.10899076
0.14199848
0.00078189103
0.028008713
0.17691835
0.1401609
0.18924119
0.0009797543
0.15304944
0.079441498
0.18653012
0.18721113
0.123023
0.13193465
0.062917231
0.092418909
0.00038647403
0.0015093322
0.092892438
0.14016883
0.13597027
0.0010640837
0.20373947
0.017999943
0.13054409
0.21505637
0.10519668
0.11701886
0.034051476
0.17668812
0.12974872
0.20080057
0.059690668
0.21199927
0.029341353
0.20249854
0.14006382
0.0099771165
0.13947026
0.14373171
0.0033666991
0.1590764
0.19699713
0.12034972
0.17874532
0.081129709
0.041719951
0.087232256
0.17307055
0.096143204
0.18960839
0.18436797
0.02519708
0.11483927
0.085471143
0.10431522
0.21516726
0.063634673
0.053669156
0.030823416
0.039170335
0.1029364
0.11608553
0.00098156191
0.16764824
0.13930135
0.20923248
0.17545376
0.062663803
0.10283016
0.20070562
0.035060259
0.091626011
0.065561434
0.18441433
0.1685037
0.14211355
0.17725521
0.01493125
0.14844807
0.18308511
0.20199475
0.16952696
0.020230383
0.1244758
0.17557095
0.11092021
0.081218686
0.15002185
0.0013557504
0.0022252797
0.069646143
0.030194244
0.074910963
0.1358744
0.20344871
0.13564584
0.14870886
0.1320401
0.03689329
0.082893285
0.14691533
0.10162803
0.21525491
0.19964552
0.14313295
0.17492026
0.064978362
0.19056652
0.01668121
0.17636677
0.0063633347
0.1366558
0.071372712
0.086621146
0.16741777
0.11448687
0.086345337
0.081637537
0.0060760639
0.18946678
0.0011567514
0.0024869842
0.1217965
0.20617493
0.072353354
0.132766
0.073434338
0.20348078
0.18894893
0.037417587
0.14339395
0.074735183
0.18095492
0.196238
0.18298614
0.014449177
0.043005727
0.069993492
0.09053925
0.18931553
0.06979785
0.026563484
0.21551105
0.16097033
0.011927097
0.073128744
0.19772942
0.041124606
0.1621531
0.055978867
0.074002371
0.21419266
0.038110497
0.00096737096
0.018490399
0.072305518
0.067379378
0.089177287
0.019948347
0.031951305
0.21509464
0.15561854
0.20362978
0.037492809
0.11514265
0.10330083
0.1148025
0.062568652
0.15603862
0.057632726
0.1153502
0.11856103
0.16008475
0.21277708
0.10216981
0.067355857
0.084496387
0.099094757
0.21451575
0.18793316
0.1860738
0.12066627
0.17919828
0.21575795
0.0030384991
0.10243307
0.016633088
0.14974287
0.073097004
0.16215235
0.081830965
0.069682597
0.080913174
0.18334564
0.19587326
0.0013579859
0.0041712344
0.12576605
0.11959267
0.015064814
0.16957829
0.086971014
0.21500498
0.13435482
0.1171846
0.14176846
0.21530452
0.14589149
0.054956738
0.045467107
0.14833482
0.17337598
0.079816428
0.055385501
0.034512283
0.17712492
0.050441098
0.18985978
0.11825518
0.12689874
0.059998023
0.17486515
0.16015232
0.16676199
0.084641959
0.11620402
0.13728995
0.0091514453
0.078776044
0.037020977
0.09800832
0.026264929
0.21473689
0.12851654
0.2013059
0.17438459
0.063015002
0.12238984
0.17869186
0.20427397
0.15566114
0.10008589
0.17580917
0.21531185
0.21530297
0.15441886
0.21496876
0.16587557
0.058789717
0.1070333
0.13707205
0.21530484
0.19973388
0.037075288
0.0016447912
0.0012036647
0.039587368
0.060070374
0.11506102
0.061775507
0.0044322389
0.17029443
0.11277629
0.1790499
0.062356699
0.030389612
0.13944722
0.21533817
0.045809551
0.041428925
0.058084617
0.021459206
0.036531302
0.18843778
0.061208153
0.041420511
0.16103586
0.15093598
0.082701892
0.070594742
0.014541055
0.17781499
0.083460311
0.20857401
0.17152103
0.1409865
0.062675158
0.086663362
0.069787563
0.12420342
0.0011888429
0.10919289
0.070133938
0.2153567
0.11793969
0.2154038
0.17725766
0.19333713
0.21539396
0.19886587
0.017927085
0.19140698
0.0012310638
0.14113206
0.084539541
0.014404197
0.17615972
0.081010603
0.048252546
0.16964029
0.10542201
0.11034344
0.18296711
0.13380947
0.0093546023
0.1703136
0.06515023
0.03050963
0.14894374
0.13107138
0.014494081
0.11348212
0.0016947952
0.11345549
0.11739569
0.12151764
0.026081165
0.11088235
0.16407109
0.10150258
0.11842129
0.014799759
0.0013978275
0.13097756
0.21522643
0.18168141
0.19696745
0.001189906
0.028967926
0.13068727
0.21530506
0.0037397807
0.21531206
0.15406331
0.17759459
0.21526883
0.057517432
0.10665246
0.08709309
0.14086423
0.19663518
0.12274366
0.14739955
0.018032984
0.14362121
0.16609582
0.059465171
0.21532451
0.18269667
0.11890188
0.038360324
0.069443738
0.14925676
0.16110487
0.19351577
0.0011231448
0.051599888
0.099153354
0.073698385
0.125222
0.1929109
0.0017694372
0.10727916
0.19998623
0.19533513
0.048519324
0.19820719
0.21496098
0.124438
0.064298727
0.14320935
0.021267561
0.032111016
0.041635042
0.11192895
0.12426451
0.15974352
0.06694274
0.11290857
0.077742577
0.14286832
0.20872764
0.11465862
0.036807513
0.11494639
0.0961624
0.1740218
0.18523187
0.21505333
0.15290593
0.10984276
0.039776805
0.018006966
0.022750686
0.19266623
0.2100812
0.093297728
0.096314733
0.00055829482
0.0018212025
0.10241493
0.10797155
0.1219449
0.17023512
0.15468514
0.070468843
0.0017629991
0.16333585
0.11702406
0.14756968
0.20890528
0.028942979
0.14094054
0.18602982
0.14198474
0.0036306832
0.18500549
0.19774631
0.11205334
0.13483867
0.12430023
0.18433388
0.15781771
0.057196536
0.14335241
0.14826071
0.13169498
0.13426638
0.039368721
0.014087457
0.16807226
0.0011327452
0.19438955
0.029077643
0.21204334
0.15247977
0.01000835
0.18213007
0.045467302
0.017200764
0.082761365
0.014609119
0.16933055
0.14981551
0.16282568
0.066487559
0.19997715
0.018082302
0.21534444
0.067455449
0.14847066
0.073836701
0.089193663
0.0015676652
0.065144949
0.10214833
0.20433932
0.065006325
0.053297252
0.15131109
0.15035279
0.1609568
0.20837532
0.21004659
0.10796218
0.036724581
0.081967641
0.16537766
0.060004726
0.1507776
0.0026027917
0.21537254
0.17276702
0.090294902
0.00093656096
0.19900465
0.15246952
0.12475726
0.14165624
0.12975443
0.14581518
0.20559384
0.0012182257
0.1718975
0.092914929
0.20896637
0.058613116
0.19547833
0.2088292
0.19577616
0.075140064
0.11259142
0.13064637
0.10707109
0.025408109
0.21053871
0.070866489
0.19964185
0.15421222
0.15282089
0.092909672
0.025185862
0.19293344
0.08826798
0.05642255
0.15232574
0.10307929
0.037668631
0.14036495
0.14137427
0.14313395
0.057599483
0.19287175
0.17424284
0.16459769
0.14323946
0.17673985
0.18621314
0.13919296
0.10523629
0.080968842
0.026452979
0.081043124
0.12452785
0.052739531
0.001299544
0.12316713
0.10177066
0.1158615
0.1914611
0.088092811
0.20165431
0.023659413
0.21176086
0.11536896
0.1384366
0.0011141681
0.049758813
0.13319063
0.013431214
0.13906341
0.13730172
0.12678955
0.12545731
0.21597271
0.11645779
0.13033492
0.037797773
0.15120467
0.014007473
0.0012423712
0.1230587
0.21532385
0.13036955
0.096166545
0.066939994
0.21532678
0.15375218
0.085411218
0.06207828
0.17095813
0.16204481
0.16451823
0.12088848
0.13981727
0.18265927
0.021528947
0.0011381985
0.078934223
0.077753698
0.15773372
0.14173625
0.039684707
0.10674681
0.12942276
0.17038805
0.12382812
0.19694268
0.069438334
0.052630878
0.18036256
0.16729287
0.06673367
0.06740501
0.18844024
0.12022696
0.19575634
0.16731444
0.0012221314
0.1126658
0.04432698
0.19364156
0.018355072
0.1022921
0.055557634
0.12271693
0.091112426
0.059916302
0.20896439
0.21444025
0.025521988
0.0011180963
0.15246658
0.026140504
0.12999214
0.11230835
0.20077098
0.10661837
0.13967668
0.027692728
0.20073348
0.070180232
0.059883212
0.15307011
0.17160792
0.18022023
-0.00038311662
0.17113998
0.018850593
0.12267045
0.041633475
0.13990808
0.10157897
0.18303655
0.025194988
0.18090036
0.038231377
0.1119718
0.1898244
0.18995124
0.12186908
0.20791269
0.13039434
0.18684894
0.17416819
0.074571362
0.14286068
0.12183288
0.13616641
0.076796628
0.12830758
0.0069802521
0.19324912
0.19393644
0.11216357
0.081408685
0.091183354
0.20917623
0.14181322
0.001139715
0.017214825
0.14772454
0.21555211
0.13389952
0.013833531
0.036558958
0.15955373
0.039596277
0.19745713
0.1150402
0.079309583
0.00504548
0.1239565
0.093587291
0.13835722
0.14290617
0.05896913
0.041866176
0.12268951
0.18101137
0.064106285
0.0011398698
0.1002462
0.055479087
0.093625116
0.11024069
0.17672116
0.21533366
0.18013506
0.15231369
0.11808967
0.064578839
0.12572625
0.11676827
0.15540629
0.21535149
0.12244921
0.16844976
0.10837783
0.12234689
0.21118882
0.13471047
0.2111784
0.12115015
0.015809968
0.0876232
0.1949585
0.15927942
0.020696727
0.0012224393
0.15525477
0.10344059
0.14131744
0.081585087
0.10083899
0.074868196
0.056739756
0.12059358
0.14592345
0.16618918
0.18505448
0.089220404
0.11278638
0.19312132
0.13206226
0.13987844
0.069600827
0.18501668
0.16894945
0.17253574
0.11858949
0.13752206
0.13438809
0.12055426
0.009680448
0.21530601
0.0697402
0.016175559
0.17625669
0.034927892
0.077815849
0.18644451
0.18047
0.16051915
0.12449914
0.15444189
0.13305149
0.18889811
0.081907567
0.10921845
0.050572548
0.066044379
0.027798445
0.10286461
0.039442525
0.1653681
0.11172001
0.13034781
0.022691866
0.0010371085
0.019615286
0.21015451
0.20498858
0.091256506
0.096834932
0.00115923
0.065591155
0.10318086
0.071295356
0.19982624
0.1283656
0.13941389
0.20894367
0.029837394
0.13009131
0.21537723
0.21533512
0.0012254994
0.18109775
0.0070123229
0.12256219
0.15033694
0.00092846611
0.066201568
0.10486107
0.1957113
0.037772816
0.08801178
0.14569074
0.00129331
0.0089232162
0.1728631
0.045749541
0.11793884
0.06365467
0.16007447
0.042011128
0.082653336
0.013257026
0.18543389
0.056120756
0.0068084924
0.053406224
0.037983679
0.0013271879
0.17142982
0.020329288
0.041922251
0.14271939
0.15119415
0.20143287
0.11542268
0.092912435
0.11252509
0.1112788
0.1904849
0.095509476
0.21519945
0.10631325
0.020474757
0.13990593
0.062800842
0.21512497
0.12385561
0.21449177
0.055335131
0.06233928
0.16327801
0.14919076
0.21530419
0.052725165
0.14728581
0.0011187532
0.070686285
0.10047651
0.14788571
0.1260003
0.14060231
0.0011810185
0.17904232
0.10445903
0.0011375167
0.18452591
0.18535695
0.020412104
0.15205706
0.061754353
0.20881132
0.026202445
0.17616099
0.15994654
0.12006138
0.20531747
0.16999045
0.1166393
0.16401532
0.20359747
0.05995454
0.025113888
0.11765237
0.21548858
0.0054719659
0.13663482
0.20405391
0.13773383
0.11613242
0.15929608
0.1990289
0.077002314
0.005569107
0.030161578
0.17686207
0.029753123
0.05609371
0.10389526
0.054149968
0.16253168
0.1998706
0.044667448
0.18018073
0.14604695
0.215484
0.037874132
0.038385305
0.13148135
0.00044650742
0.21556088
0.054329738
0.15067865
0.0011703388
0.025782158
0.037115436
0.14269985
0.19763735
0.038729335
0.10171181
0.14991432
0.077513309
0.090797821
0.031938719
0.0050800415
0.067712991
0.18935255
0.1243848
0.014442189
0.20018338
0.16285406
0.11190053
0.14741124
0.19899932
0.12194344
0.17553484
0.038591311
0.014230337
0.16671657
0.1057584
0.10298516
0.039666495
0.19626823
0.13439764
0.17860594
0.2149321
0.2154086
0.16664998
0.07188708
0.039906285
0.055913551
0.060498741
0.091056208
0.12301618
0.17301997
0.07549357
0.190292
0.16564292
0.080092868
0.0012198746
0.13931526
0.14929903
0.11520254
0.21324437
0.1483631
0.17844836
0.020293609
0.0048329637
0.00059966997
0.1897235
0.20965005
0.037203722
0.068072862
0.058886229
0.086419872
0.074790077
0.014766755
0.039168955
0.18181591
0.01806183
0.1496599
0.18604632
0.13844347
0.15058184
0.0012473448
0.11656655
0.0027215064
0.1417062
0.096742637
0.16432674
0.085562525
0.20397501
0.1165516
0.1684578
0.014141903
0.013044004
0.14132835
0.15938558
0.092604935
0.18541361
0.14134103
0.18950032
0.1157091
0.042173774
0.092917125
0.079255115
0.21493922
0.050495532
0.21410793
0.15299326
0.0599657
0.062940334
0.10456799
0.10320124
0.10917632
0.18840981
0.10490194
0.01456678
0.21446991
0.025096324
0.19439609
0.17701664
0.079384674
0.0021398846
0.066190196
0.062419968
0.053879136
0.11882594
0.15561655
0.049525374
0.082136613
0.034232324
0.17642441
0.12183524
0.019726188
0.13889124
0.025331703
0.036436722
0.090855261
0.071755542
0.014403401
0.076845974
0.0024238098
0.0065316545
0.019446562
0.21534766
0.083244459
0.17672614
0.090158716
0.074735269
0.1480725
0.12647783
0.2153682
0.0012376224
0.13800415
0.0012392735
0.10162815
0.038520758
0.043689775
0.15597876
0.16112801
0.061976967
0.076096654
0.025930782
0.069706111
0.20958629
0.082272969
0.11077262
0.21533358
0.014597699
0.1142075
0.05575664
0.01310119
0.14054447
0.085707736
0.074921117
0.10219768
0.079322475
0.19666148
0.15938313
0.0027726264
0.13993008
0.19978603
0.065897097
0.027997066
0.065152029
0.20891114
0.056029708
0.16057904
0.095362552
0.18247519
0.21531709
0.15262296
0.1772495
0.13402803
0.17390903
0.15780401
0.18390801
0.20944462
0.04954165
0.085605935
0.15118162
0.096790127
0.18434103
0.1760731
0.062294803
0.0068956875
0.21516798
0.14261495
0.12463936
0.12274568
0.2154272
0.056366837
0.019017313
0.0010762822
0.10939622
0.12554427
0.0012104942
0.2090225
0.092279729
0.189749
0.0012968013
0.14197634
0.15483892
0.067532848
0.2034133
0.067683998
0.10640147
0.13623224
0.11536594
0.14732342
0.028589291
0.10993208
0.093086421
0.21517443
0.0015163915
0.15345352
0.0012753103
0.2152794
0.049499699
0.21517043
0.17197801
0.10493349
0.055209231
0.0012217119
0.091315228
0.19412625
0.0012516836
0.2152093
0.15545754
0.1813564
0.16128591
0.11201864
0.007513344
0.054185425
0.049821471
0.063533128
0.069658199
0.18684429
0.10491826
0.003322365
0.20001573
0.11862217
0.21486549
0.0090620597
0.052839609
0.11598131
0.0012389805
0.13913955
0.11442709
0.099039009
0.12588363
0.20061035
0.18859991
0.070481664
0.044805907
0.18412112
0.21522009
0.1668074
0.046025935
0.03642765
0.1800176
0.18666469
0.14725597
0.0012776265
0.18463363
0.0074144325
0.007186353
0.21042147
0.17721262
0.04181989
0.079197215
0.20941344
0.16413699
0.19699881
0.21108061
-0.00053152649
0.19264906
0.14941982
0.013060675
0.15188825
0.14631895
0.039545369
0.042359005
0.15996209
0.021695736
0.15325854
0.0009878869
0.0009928787
0.0010511547
0.057864692
0.17662686
0.096679352
0.13052738
0.13211435
0.0010026176
0.16696616
0.15344467
0.06467364
0.20966796
0.00096529563
0.037107656
0.19976658
0.034619011
0.068345651
0.0142231
0.096130012
0.1413481
0.15133196
0.14923614
0.095270432
0.14500721
0.18525469
0.076384531
0.042180422
0.016072601
0.12090367
0.16551409
0.10654777
0.18677913
0.041263457
0.10546246
0.12334954
0.0010374025
0.12822917
0.11113598
0.20164097
0.053010907
0.18913698
0.053418678
0.18068888
0.13582157
0.069161072
0.0789578
0.17021611
0.2155797
0.20995148
0.14856176
0.12604613
0.12285332
0.14206035
0.041998622
0.099991641
0.17338645
0.11963666
0.18546141
0.1153929
0.066529628
0.20417731
0.1458337
0.073855661
0.1236951
0.00077708191
0.090564922
0.18851556
0.18580111
0.089297436
0.16929385
0.021853962
0.17001276
0.15237306
0.10486835
0.18186068
0.062217824
0.14871637
0.12596714
0.0015581014
0.12244758
0.060338151
0.092076383
0.11993208
0.15288776
0.0009359528
0.19302411
0.21157315
0.1026688
0.03116246
0.20142187
0.076618279
0.064643346
0.071292183
0.10999828
0.00086963199
0.076559873
0.19714819
0.20275603
0.18265167
0.062037122
0.057313068
0.12940425
0.15038067
0.13005459
0.14958203
0.19348613
0.041736968
0.11276809
0.013727998
0.21532704
0.15452179
0.093220837
0.031742135
0.0014489993
0.095713945
0.18833829
0.20403009
0.12929673
0.12246294
0.095686507
0.0014215924
0.11362625
0.079638472
0.17196624
0.031361656
0.027483477
0.17710126
0.088879606
0.11010211
0.089561934
0.17740021
0.16142605
0.033614033
0.057034402
0.15264556
0.10323469
0.056274408
0.12595645
0.16893234
0.1596623
0.18409698
0.17141182
0.18284491
0.21529087
0.030269699
0.21524488
0.077401392
0.092904698
0.10507351
0.18982332
0.20988366
0.013844154
0.10342757
0.078017515
0.0069146235
0.015229413
0.17322425
0.16854793
0.16551766
0.21462488
0.14999208
0.0097519788
0.01892214
0.1115966
0.07129117
0.21537357
0.11319387
0.19420488
0.087197093
0.081791775
0.0012201204
0.045480448
0.20779453
0.18962213
0.077801375
0.039054328
0.05628442
0.19186274
0.10959471
0.20295434
0.044212637
0.16446789
0.036794903
0.066760842
0.21531095
0.11822457
0.043625748
0.038125241
0.051909573
0.1830153
0.14066168
0.01257657
0.023717524
0.068805793
0.11082376
0.13894529
0.21533426
0.0070113574
0.15629853
0.1649824
0.19621464
0.015409194
0.039780702
0.080814067
0.11576815
0.11541961
0.097124905
0.18052934
0.12311329
0.2152868
0.0067988699
0.16292098
0.060517541
0.081796489
0.18282489
0.11306299
0.0073750957
0.0072454735
0.21535029
0.067395092
0.15898275
0.11199571
0.17026234
0.15731506
0.16643754
0.14591417
0.14943072
0.14595099
0.087271762
0.0020045269
0.14918583
0.16880989
0.069116169
0.11000696
0.11420413
0.10587096
0.070097999
0.15991313
0.18500947
0.11928959
0.077355745
0.084359442
0.13441164
0.13628252
0.012471607
0.0068636593
0.014238812
0.088274275
0.20879941
0.16731607
0.085834349
0.060496373
0.10491735
0.181538
0.06292101
0.18366956
0.2110804
0.19296783
0.061912117
0.11880498
0.058744296
0.1783658
0.1064891
0.10315532
0.19284102
0.044658636
0.17556317
0.16246345
0.082277744
0.10053989
0.032267955
0.12465844
0.044634767
0.14498128
0.21516835
0.072447839
0.15150439
0.21532436
0.066970459
0.076453427
0.11829842
0.11358305
0.14324874
0.19080745
0.08928351
0.02126599
0.15548674
0.017548582
0.078877033
0.11281254
0.16594774
0.11631689
0.07929243
0.092376625
0.0040863058
0.17342455
0.00076777523
0.057107518
0.098715492
0.081868348
0.12293469
0.17931006
0.15066029
0.021903118
0.073442691
0.00071427683
0.043421721
0.07183062
0.12731709
0.14588799
0.14779684
0.060217932
0.19249018
0.13279445
0.13877561
0.13041493
0.090636582
0.080759143
0.1206274
0.12431505
0.069920191
0.13785723
0.075923552
0.16454143
0.13678251
0.12215044
0.19444115
0.21092061
0.14251552
0.19426954
0.0014651395
0.17288022
0.054009328
0.18335738
0.059858551
0.2051924
0.14113486
0.20535047
0.052496515
0.001493966
0.19502602
0.18065891
0.21467913
0.16844319
0.04942161
0.020941447
0.014564863
0.1525657
0.05766203
0.12526264
0.039038607
0.025095624
0.11034272
0.14103792
0.15030189
0.028809325
0.079313176
0.026198958
0.20499947
0.080780118
0.045450694
0.050358136
0.1860669
0.11662298
0.18873466
0.085835731
0.1016987
0.18649999
0.15034501
0.18515284
0.028246424
0.073227185
0.215417
0.020472182
0.066633633
0.16924067
0.15984669
0.1710007
0.1897707
0.12122512
0.013005171
0.033787577
0.012996497
0.032367358
0.21530266
0.10657602
0.17023796
0.21533299
0.19098697
0.11918543
0.1223581
0.12622487
0.19676934
0.20955405
0.11686608
0.10243262
0.0010864419
0.16983597
0.0027901744
0.095826329
0.20878404
0.019743488
0.12885317
0.12338087
0.064922185
0.17248811
0.068379304
0.14066297
0.18626959
0.14770937
0.12737806
0.080702603
0.04074515
0.037206093
0.081516078
0.050383054
0.19941554
0.014516498
0.15496645
0.17033602
0.19375418
0.16903982
0.16006127
0.18791548
0.10406206
0.16845788
0.12292945
0.16942878
0.17402725
0.21160902
0.16574676
0.17375363
0.090933978
0.21529462
0.13594062
0.062130466
0.17594185
0.21546102
0.0069789062
0.10502354
0.069693425
0.21598053
0.20342839
0.097506846
0.21546764
0.17670703
0.18283457
0.11619772
0.10908032
0.03392383
0.18527058
0.12190264
0.11208301
0.16632192
0.052235765
0.13745446
0.10459974
0.10004454
0.17845031
0.201831
0.13971731
0.19274034
0.14877394
0.13744596
0.075837007
0.20143224
0.16468215
0.14610065
0.20162523
0.1708693
0.06783379
0.15115584
0.066336254
0.030394724
0.13876287
0.081172282
0.0072220701
0.041453159
0.0014244617
0.056643848
0.081907699
0.0029831173
0.19755577
0.10004833
0.031120363
0.14210904
0.19986899
0.19440807
0.0029717177
0.13668411
0.18475288
0.021161545
0.10032559
0.082537292
0.0069252238
0.1154981
0.14009734
0.0022643441
0.12047482
0.14684265
0.17917201
0.094730456
0.16699566
0.20400263
0.092801516
0.026036133
0.073781011
0.16455919
0.068648035
0.072409207
0.20558453
0.12577959
0.052334697
0.1398405
0.030238686
0.2104516
0.17930048
0.19093804
0.11575028
0.0028238913
0.0088809076
0.014472783
0.08213023
0.16964982
0.12849957
0.1955819
0.11057735
0.11272796
0.1251111
0.091339801
0.06953025
0.159667
0.044742616
0.030505394
0.11293347
0.11960532
0.18428791
0.16394999
0.013532382
0.13613478
0.0032576471
0.02727365
0.1180232
0.0040456789
0.137753
0.16902097
0.1960492
0.11985813
0.1735829
0.10020386
0.015492712
0.052586608
0.024591889
0.19183735
0.0027181793
0.15690084
0.092451062
0.063382647
0.157678
0.094872788
0.080766192
0.052636218
0.17461506
0.070602178
0.035106942
0.1723686
0.13350161
0.045296141
0.17759479
0.10898164
0.09244002
0.04192883
0.21561013
0.21610587
0.10898414
0.1488454
0.13277243
0.030386584
0.12646802
0.19699813
0.014591239
0.17712493
0.11700027
0.19666005
0.039153926
0.0015651688
0.16095378
0.04294733
0.11772927
0.19108203
0.12276156
0.031606088
0.0037788795
0.1314073
0.0024636896
0.18567417
0.12115728
0.13822888
0.15747067
0.023361632
0.21636487
0.15105525
0.13380203
0.012924951
0.089356372
0.21563191
0.13430279
0.12825652
0.21409903
0.16574351
0.042749806
0.073719177
0.11584964
0.011998291
0.1346875
0.18231898
0.19857157
0.096685903
0.033486326
0.13357366
0.042502961
0.08980463
0.21417636
0.110056
0.10028108
0.092378416
0.14025266
0.16578276
0.21033142
0.21510944
0.0008823225
0.00087473255
0.16895405
0.18021602
0.12931248
0.10104355
0.034003667
0.17612027
0.11725296
0.00090302248
0.11632693
0.11087594
0.07250193
0.070232085
0.11548991
0.026449587
0.021016703
0.16801643
0.15761956
0.10358563
0.13840928
0.16109867
0.21546434
0.1661024
0.13767005
0.02062061
0.14101337
0.13859449
0.21536103
0.054999645
0.21042786
0.13733993
0.05033251
0.12796014
0.042548358
0.17732377
0.20083402
0.135151
0.15425909
0.16823246
0.14410441
0.12997235
0.0072186754
0.1698311
0.16234126
0.00089116263
0.073321729
0.13937421
0.066195937
0.00090324024
0.11687597
0.0032434197
0.18424283
0.10672666
0.17192265
0.036850356
0.19916561
0.13846688
0.12263232
0.018589595
0.18556798
0.16470488
0.21588897
0.21611216
0.1801756
0.13538341
0.14101355
0.20187552
0.2002806
0.067246032
0.09763035
0.16456798
0.077864747
0.20962714
0.081899523
0.1770673
0.065874571
0.062149748
0.028440132
0.20080132
0.13519256
0.11554566
0.092698364
0.098410714
0.14089423
0.074131871
0.097504185
0.081024478
0.16116991
0.018394705
0.21554325
0.11951126
0.037024078
0.20398596
0.043571813
0.16023707
0.21559142
0.20992843
0.10505392
0.049957205
0.17949293
0.14980419
0.21553958
0.0027001632
0.0062266045
0.074372277
0.088912966
0.21514909
0.0011263461
0.097354058
0.16009153
0.20405891
0.015392576
0.00087026129
0.079898179
0.21531842
0.1501513
0.13829974
0.10249142
0.099489713
0.0011891645
0.0059754123
0.11802849
0.075540707
0.11001174
0.19705932
0.0034687491
0.0024840303
0.13746919
0.0024157824
0.0024153342
0.16744839
0.16434008
0.13542852
0.20834777
0.20893603
0.2096447
0.12525653
0.20014091
0.21569553
0.052799546
0.16556157
0.11984723
0.0013749947
0.18634975
0.013932187
0.16139374
0.12030829
0.063021326
0.11565482
0.15340154
0.11011635
0.14023037
0.12702291
0.11786059
0.12548664
0.099884171
0.0013609366
0.12502149
0.17945481
0.18561884
0.15508035
0.028820988
0.10997342
0.0021259868
0.12748189
0.21549087
0.11659343
0.096874115
0.21410067
0.14336451
0.1908748
0.20862512
0.060405102
0.1019642
0.18251326
0.11467262
0.091879793
0.17374525
0.18610761
0.0008074298
0.2152222
0.025062078
0.13023544
0.055077109
0.00091794997
0.081856372
0.063557035
0.0166149
0.16466354
0.0022045111
0.014077557
0.17394252
0.11617339
0.00094507745
0.18299393
0.19032302
0.12464329
0.11008998
0.16870337
0.0022931246
0.0044755063
0.15208266
0.10875108
0.20926771
0.010545427
0.012058341
0.12216714
0.072841365
0.026942619
0.031856621
0.01459089
0.024721228
0.067559764
0.19057412
0.00065945545
0.0033954875
0.11152065
0.11593936
0.18792503
0.044463759
0.12047834
0.1305105
0.15720868
0.072500957
0.081413951
0.201272
0.17339166
0.020922229
0.051945747
0.14101046
0.017773193
0.13266982
0.0022180461
0.21024607
0.17132841
0.1250775
0.15783073
0.16399009
0.21018926
0.20946503
0.17376647
0.099634008
0.065759848
0.031358258
0.13847919
0.0085770075
0.1894056
0.010769118
0.11607596
0.12149643
0.15371316
0.19696739
0.17467135
0.21645167
0.13650784
0.1727298
0.088979581
0.10500634
0.041885246
0.062678151
0.067458958
0.1993368
0.21494108
0.18186894
0.13817264
0.058091724
0.15576773
0.11374821
0.091839443
0.1682633
0.16853472
0.021840279
0.0020336166
0.083228321
0.024997005
0.16955977
0.02058227
0.015196988
0.006410387
0.12190754
0.10642899
0.18254275
0.20961748
0.096635791
0.21603788
0.0047310375
0.13052118
0.15186849
0.21553979
0.068793065
0.21453961
0.21497028
0.001876235
0.063712177
0.19036081
0.20046436
0.21599829
0.15927127
0.13271151
0.06156826
0.09976045
0.21624826
0.12842186
0.20907004
0.071163211
0.17028508
0.13778622
0.023156924
0.057836497
0.028652247
0.078098548
0.021572003
0.10362923
0.001845431
0.041656866
0.16910835
0.16228095
0.19508157
0.18652068
0.15600007
0.19980713
5.6307127e-05
0.00090496544
0.042075412
0.0045838521
0.14954839
0.16770736
0.0030204897
0.18092476
0.21026485
0.072813859
0.0028299706
0.071931216
0.15554971
0.1373394
0.21348608
0.0060899725
0.1131258
0.11035074
0.0056597266
0.17738043
0.022513787
0.00097239988
0.0009346629
0.12313614
0.00084456003
0.0047305562
0.0038826679
0.2092444
0.19298473
0.17607668
0.057999596
0.16991402
0.15601026
0.17641548
0.0015446869
0.10722266
0.12972622
0.17553955
0.21542334
0.19343214
0.0098315417
0.18292936
0.17721101
0.11122754
0.045296666
0.091444417
0.21556617
0.009768807
0.16425759
0.033817564
0.0010130375
0.15007107
0.17488299
0.010047068
0.21557886
0.042127204
0.13908594
0.075293249
0.0032814484
0.15682271
0.059623764
0.11685091
0.16735057
0.0023972101
0.11244104
0.0018081958
0.0018440808
0.11976523
0.15023441
0.058539654
-7.2387538e-06
0.19633453
0.0048989267
0.099119141
0.21545673
0.0024022315
0.16058392
0.18225125
0.14137463
0.13738848
0.17325928
0.0074262062
0.081647957
0.019570041
0.1687122
0.17686392
0.096515549
0.14306409
0.056624699
0.16885812
0.1185641
0.19116181
0.14663755
0.21569651
0.1904069
0.13749375
0.16510471
0.11365296
0.13051531
0.15382633
0.003309777
0.14158444
0.0096413065
0.15688679
0.15313433
0.075445177
0.18013166
0.15135689
0.11597825
0.20349011
0.18939469
0.12002533
0.20469708
0.17692244
0.18014066
0.017127081
0.0020368376
0.1907645
0.091123029
0.1105094
0.036070515
0.0099727244
0.0071083318
0.1808761
0.15518672
0.18667945
0.16415441
0.070890336
0.064029659
0.0016172821
0.00014086795
0.15757726
0.013698071
0.0014623269
0.075483004
0.001848591
0.050019193
0.1544009
0.073010959
0.032864227
0.020599918
0.14980513
0.21489469
0.13821476
0.20472701
0.044069903
0.097433707
0.16027143
0.0050792719
0.095909639
0.181608
0.18414578
0.12216324
0.15307644
0.08492026
0.21546348
0.18072234
0.20236728
0.16658548
0.08957136
0.044503376
0.1961022
0.19322247
0.00094306187
0.13698042
0.006024775
0.13811991
0.096883687
5.9774968e-05
0.001534587
0.18704228
0.18563815
0.002117039
0.048190468
0.0025412661
0.13393724
0.011897767
0.11213102
0.20472543
0.11272118
0.11796661
0.18659645
0.20944752
0.12685907
0.21575005
0.16666308
0.0018600146
0.16664894
0.2159575
0.1052745
0.19029489
0.0024904385
0.0024054051
0.1180634
0.16948373
0.011132929
0.10183667
0.067899657
0.10528306
0.17727227
0.15990221
0.14568356
0.1538059
0.15597978
0.079940312
0.19994825
0.052394307
0.13906521
0.13733296
0.12149521
0.13631659
0.051006913
0.10278424
0.03886614
0.19520686
0.11845557
0.049683985
0.20512069
0.11652846
0.17379459
0.025158667
0.0001681088
0.1405411
0.12702868
0.12908267
0.110234
-1.678515e-05
0.099802231
0.21541062
0.11101355
0.092804601
0.11691126
0.20960458
0.21557702
0.19598326
0.15417113
0.21086996
0.025200083
0.17240646
0.2152809
0.013088321
0.041514128
0.1738764
0.0789216
0.013869522
0.20110608
0.07091041
0.12449631
0.20151006
0.13626747
0.19522371
0.10934274
0.10282592
0.12450845
0.0014071603
0.204746
0.098431256
0.20146821
6.4881561e-05
0.14829486
0.19358961
0.16327879
0.12033137
0.18973866
0.078266579
0.10737974
0.10070591
0.0018502598
0.13507344
0.15366119
0.0072968636
0.0070424971
0.11952317
0.16648229
0.0032763101
0.15014421
0.028149693
0.16935474
0.060664457
0.00085366834
0.060387218
0.082873519
0.007820288
0.16198869
0.1413934
0.072652866
0.0008547079
0.079755816
0.099087332
0.18345967
0.12891334
0.11665727
0.14104092
0.13827905
0.1523446
0.067438808
0.21527995
0.19201559
0.13729125
0.11318365
0.11578578
0.20911037
0.19847298
0.0028415789
0.11783122
0.17013788
0.025233224
0.11991246
0.049120546
0.001431736
0.001541373
0.21321017
0.20402918
0.060205797
0.15388627
0.00082287784
0.074199543
0.10699603
0.10527606
0.0046028811
0.055306493
0.21399844
0.056965481
0.0022856135
0.20004785
0.20904106
0.16868194
0.077763443
0.18208886
0.066089271
0.21026228
0.1250681
0.19709891
0.12200551
0.11998073
0.060321543
0.15337824
0.0046092166
0.20924618
0.10415033
0.10554645
0.21025048
0.12148744
0.19673045
0.20424786
0.20023281
0.054263601
0.18847638
0.025199739
0.1272509
0.0026972485
0.051548328
0.018272108
0.028686949
0.18472503
0.20982282
0.16386064
0.18204
0.087426714
0.013065135
0.17391895
0.0016248993
0.11222705
0.15987197
0.18651628
0.0068318653
-0.00047949506
0.20171711
0.0027373325
0.10469145
0.0022782558
0.21566229
0.076857035
0.0022938406
0.17347719
0.21612475
0.00027660429
0.00088654901
0.013958585
0.18390931
0.1763915
0.15901209
0.16669698
0.15387829
0.21580488
0.17923494
0.070842643
0.12012134
0.18016452
0.086917817
0.14726138
0.16959798
0.13511591
0.073582613
0.18700606
0.17863241
0.08771266
0.00086918578
0.026116622
0.058246371
-0.0008312916
0.000204953
0.11802935
0.17702691
0.00085907362
0.08963854
0.0019479338
0.18045005
0.055012508
0.095936125
0.017156015
0.002479858
0.12284628
0.13086433
0.07971579
0.11899285
0.13809032
0.17603125
0.066415996
0.11082856
0.00085006006
0.19728023
0.16328934
0.11441735
0.063309182
0.057197254
0.10141339
0.0143672
0.15563645
0.089169802
0.11790179
0.030464315
0.18944383
0.17622436
0.11422776
0.080748493
0.014528205
0.052949729
0.20911091
0.093500089
0.1475206
0.12712083
0.15390414
0.14165842
0.013080794
0.12256856
0.15308525
0.18086181
0.18456658
0.13811181
0.15229533
0.058753715
0.092883271
0.056649742
0.0759526
0.21634775
0.14603959
0.21558213
0.15780612
0.041490464
0.0021893502
0.10806881
0.080938168
0.16456989
0.20417771
0.18266784
0.0021519435
0.11414609
0.0077431092
0.0075879776
0.066612065
0.095763951
0.14178762
0.15289929
0.076639688
0.21593716
0.11463523
0.12803998
0.11803412
0.12114491
0.025020145
0.1278947
0.080501747
0.21566962
0.044648358
0.10422343
0.16098314
0.2058015
0.11760614
0.19100019
0.014152507
0.18107147
3.4210832e-05
0.17532557
0.13791163
0.20029358
0.010518244
0.049602792
0.028391898
0.1276357
0.037535908
0.024336125
0.012700622
0.11461473
0.18082171
0.15146193
0.15186287
0.17936897
0.10646109
0.15745468
0.21564476
0.10048791
0.11229717
0.18261192
0.12362445
0.20896721
0.039527357
0.15510254
0.1132893
0.15003322
0.21140403
0.15853698
0.18214633
0.13661259
0.048437862
0.04052397
0.11195215
0.12085114
0.215262
0.022518653
0.17913095
0.10999324
0.17917199
0.18251835
0.21522564
0.13567611
0.12509651
0.20157065
0.18987662
0.03721648
0.19692947
0.036899887
0.0025947513
0.1498907
0.066968194
0.18462671
0.10558376
0.052512953
0.1689096
0.18537789
0.14407415
0.059939194
0.15552915
0.1364482
4.1848171e-06
0.21532479
0.024529559
0.16940791
0.087771941
0.16011384
0.16008023
0.15484879
0.034590047
0.013053614
0.1358689
0.14099463
0.14250429
0.092901517
0.081428235
0.06592159
0.091689071
0.20466531
0.028720568
0.14277506
0.20451245
0.13897804
0.10992288
0.099709746
0.031316805
0.20938432
0.2096071
0.1807257
0.13484335
0.03790931
0.05952479
0.14918183
0.17395051
0.093714356
0.12330841
0.010005477
0.17673853
0.18996484
0.037790439
0.14346206
0.18670236
0.13497398
0.16122296
0.007880242
0.1699906
0.17009746
0.13838965
0.21585185
0.0019094661
0.21183414
0.0005709906
0.12749075
0.11023147
0.028142261
0.17041674
0.0017586956
0.0013861595
0.16107961
0.067870893
0.066617604
0.11663764
0.14944763
0.21547576
0.13086856
0.010937509
0.0011909644
0.12517516
0.16272401
0.14443928
0.16675509
0.052483268
0.0024113625
0.1930175
0.054206965
0.0015098118
0.078486557
0.0019873085
0.14824318
0.088478489
0.0012595173
0.058583499
0.10141836
0.024387933
0.15418739
0.099118434
0.031344457
0.2155469
0.1683397
0.13597904
0.030706041
0.20166851
0.098128875
0.21591199
0.19323812
0.13815877
0.14204905
0.040668917
0.20841777
0.10673462
0.050547479
0.13945212
0.14606588
0.20927584
0.060248715
0.022434836
0.127908
0.0547689
0.0018247362
0.054596849
0.00093123237
0.058620038
0.083017937
0.1394917
0.11194017
0.013600174
0.21015819
0.1235967
0.00098511242
0.11317001
0.13986433
0.00098011597
0.11308598
0.089777411
0.17440474
0.1607673
0.15398637
0.015379471
0.20360044
0.10375184
0.069274232
0.12551802
0.1514703
0.12761704
0.0014097984
0.074323326
0.16090797
0.20827473
0.13418674
0.20975894
0.16375895
0.17950524
0.16208132
0.17051619
0.18574137
0.16576389
0.14948854
0.0065232775
0.16473113
0.0013764493
0.0014219937
0.19025323
0.10310232
0.060222742
0.083127013
0.19604263
0.027001669
0.18830457
0.13491754
0.095423945
0.18548536
0.053018178
0.11356815
0.13816084
0.0017132218
0.0055116422
0.059668824
0.059760124
0.16721691
0.014347877
0.16143279
0.11006269
0.12750235
0.15289997
0.19061119
0.16598877
0.1893278
0.034061822
0.17632524
0.12316173
0.17989977
0.17638473
0.079893643
0.033803604
0.20275679
0.13175083
0.11751314
0.11750396
0.21000589
0.19902976
0.11687343
0.097276983
0.13648653
0.038335421
0.0079544873
0.18229492
0.061978933
0.030493838
0.16078703
0.10894171
0.1011867
0.0013470794
0.096811342
0.048741221
0.049031063
0.0041050878
0.16018839
0.00011326239
0.15511486
0.14247011
0.16033591
0.058509802
0.13791414
0.15154611
0.0065018193
0.042124998
0.18054087
0.077984428
0.099920768
0.093083368
0.20585278
0.014781006
0.17033487
0.11305566
0.090624197
0.077631588
0.016036372
0.015368124
0.14176338
0.17015893
0.18236651
0.19924957
0.16437031
0.13687804
0.010716346
0.13702953
0.083311513
0.20530587
0.13686945
0.10562366
0.21093644
0.19150291
0.13870507
0.037507847
0.14329576
0.13428141
0.15668094
0.087944791
0.04249825
0.060907568
0.15691283
0.1180879
0.16874579
0.027979966
0.11435174
0.049823521
0.11095462
0.20287868
0.048882441
0.10835479
0.12972562
0.18252359
0.074637798
0.16357159
0.006715782
0.034095912
0.004591038
0.11935312
0.2004146
0.10002094
0.11788207
0.19747545
0.11129489
0.14467317
0.21564318
0.049220751
0.17616481
0.13726986
0.15363965
0.16834002
0.071385551
0.21073913
0.018142236
0.015428409
0.073548289
0.09042768
0.21033652
0.13991652
0.037937215
0.0029319985
0.19017992
0.2044378
0.1691885
0.20942597
0.11971721
0.18720326
0.014792062
0.18646942
0.1389229
0.058864098
0.21010252
0.10597648
0.020673199
0.032352869
0.0427031
0.041747618
0.041266839
0.01426982
0.0069585677
0.029586968
0.072621142
0.014604467
0.0046960706
0.18277451
0.17586058
0.072447022
0.2003332
0.1395203
0.11328785
0.18622168
0.11820948
0.11645867
0.10300588
0.15869342
0.00016291328
0.19410952
0.11643656
0.14345203
0.2017098
0.16738516
0.21529205
0.11671932
0.090813499
0.12638513
0.031271618
0.12504069
0.080383096
0.025162745
0.080773049
0.13330281
0.15379465
0.16737316
0.066536245
0.19454902
0.15287496
0.14012692
0.16729593
0.16999654
0.19064713
0.032797714
0.030931219
0.15945005
0.11409654
0.027763078
0.18602483
0.0026747358
0.020509664
0.18191412
0.10804128
0.20488104
0.0025270947
0.063111714
0.16226644
0.19207432
0.18555194
0.1400778
0.054269707
0.17535788
0.18962167
0.14299868
0.1357872
0.11197574
0.16743059
0.11637082
0.082427554
0.00071680567
0.13042496
0.058595376
0.06703882
0.2092839
0.17548796
0.062578335
0.056443552
0.12103156
0.096423266
0.16181791
0.098816386
0.073539439
0.0078929058
0.10455776
0.013760196
0.14959922
0.015352762
0.037622816
0.15424385
0.11987186
0.12690772
0.20971739
-2.3911854e-05
0.061726317
0.14360171
0.14189324
0.14272547
0.026104434
0.20961129
0.0011974496
0.13066118
0.1732859
0.19013037
0.00018191343
0.16722409
0.093877452
0.10036523
0.10533912
0.21247735
0.15955034
0.077685501
0.18687834
0.040514325
0.05575797
0.061176734
0.14055415
0.18941196
0.14410352
0.069173111
0.1119706
0.0049371456
0.052941402
0.15132292
0.065094552
0.093885865
3.4635339e-06
0.09393341
0.14953917
0.010678697
0.18912318
0.093501926
0.057698383
0.031075234
0.10700677
0.092059376
0.069007612
0.00020495077
0.12395703
0.045659367
0.078059716
0.21575512
0.18547652
0.18496243
0.11015314
0.097151152
0.21564346
0.11684754
0.19402569
0.083711365
0.089803278
0.045413459
0.080228634
0.14332439
0.20589905
0.1766185
0.1733572
0.095883345
0.16224218
0.092465921
0.10597875
0.21591273
0.14947273
0.0010409346
0.10680842
0.020507771
0.088538833
0.20651353
0.12650424
0.092349454
0.14259681
0.056764477
0.15877633
0.13976137
0.15183061
0.20146936
0.00097907497
0.014254919
0.12217765
0.17350114
0.022463088
0.17407767
0.16865626
0.038937408
0.13829561
0.16369416
0.072774071
0.013027652
0.12947292
0.20823925
0.0023360846
0.041030595
0.20303464
0.028605601
0.092502317
0.0022257195
0.095548981
7.0041613e-05
0.0023732006
0.010419458
0.16748306
0.095700719
0.13425331
0.21525629
0.17948975
0.062667383
0.081170348
0.12130886
0.023305514
0.079956092
0.054724131
0.082976412
0.04256223
0.16050973
0.079742763
0.16187471
0.0223623
0.12884799
0.16876863
0.12674514
0.10537253
0.21609796
0.15712282
0.15097988
0.0047988534
0.175127
0.0029926302
0.13843229
0.17652543
0.078698582
0.10106406
0.20907965
0.13394533
0.17985684
0.010294678
0.14282094
0.092610419
0.096674914
0.02155771
0.040287247
0.21514517
0.18946796
0.14978081
0.075962377
0.094146352
0.20460093
0.0010101704
0.15117054
0.17688032
0.013518226
0.14883952
0.12802788
0.12030935
0.20206282
0.20063262
0.10183282
0.098050579
0.015502504
0.16383879
0.013531318
0.13974654
0.057538865
0.1522754
0.071800042
0.17437454
0.19244362
0.21593426
0.015768109
0.0069613683
0.10857626
0.00056771207
0.10933755
0.1710431
0.18188601
0.055544463
0.082487422
0.19042169
0.13064792
0.0700517
0.068827948
0.16399791
0.092894313
0.21044034
0.18793964
0.14061361
0.20473331
0.18328086
0.14696745
0.14239934
0.21240849
0.058309206
0.0061340855
0.023023813
0.14542801
0.098939768
0.13091072
0.046605377
0.073954473
0.1827555
0.0011529662
0.14728161
0.080462087
0.074218773
0.20901942
0.18039013
0.20956362
0.031607931
0.079363755
0.14258128
0.21530354
0.15228638
0.19999367
0.031213693
0.21112038
0.0015325975
0.021694566
0.16689326
0.18144105
0.1604952
0.19306906
0.0062176817
0.075039568
0.054005071
0.01087284
0.0071466515
0.0059833833
0.0040197808
0.083537352
0.06060328
0.026694064
0.10559875
0.21458983
0.1064751
0.18135401
0.16428578
0.1364859
0.20817465
0.070186334
0.13625613
0.05270272
0.081688541
0.0027436472
0.06881595
0.14022382
0.20270484
0.17927758
0.18149421
0.10656579
0.092617896
0.21072363
0.10629513
0.095912477
0.1543144
0.10392541
0.20777266
0.11609373
0.2156633
0.20540319
0.11386321
0.0084582285
0.045729272
0.072585124
0.1509344
0.012694796
0.016853682
0.16963191
0.15730568
0.031146349
0.087884669
0.10993385
0.21610334
0.15878192
0.072475818
0.031456684
0.081200149
0.078339545
0.12347853
0.0096142723
0.06464042
0.18943625
0.18652539
0.091612821
0.11386362
0.10536618
0.019077433
0.13542495
0.10919305
0.21221549
0.004791501
0.067962134
0.13043915
0.01539402
0.19005976
0.1590367
0.011593276
0.008020315
0.048808997
0.16077943
0.18547348
0.029012888
0.18422073
0.19142543
0.17702375
0.1252904
0.11957777
0.17488207
0.028071517
0.20549719
0.17731352
0.14632738
0.02258662
0.14640348
0.015467993
0.19654796
0.02252031
0.042565922
0.13445393
0.18512803
0.015267748
0.0065593378
0.0045791766
0.05275679
0.031831904
0.088395386
0.19411155
0.21563743
0.16044409
0.214745
0.16167828
0.21561102
0.18615561
0.015795722
0.15968452
0.20983536
0.0072642872
0.067569807
0.18180528
0.0035132559
0.18584107
0.065145759
0.21399947
0.13046724
0.10988742
0.015404607
0.024170361
0.0097965994
0.1180739
0.20213854
0.14012013
0.14314524
0.0026997319
0.096650492
0.0026746345
0.002600607
0.0069530877
0.021666366
0.16128026
0.18918625
0.13081166
0.03341643
0.0077130067
0.20530024
0.18185593
0.1342876
0.15810214
0.17573037
0.15847091
0.10322044
0.10298397
0.13969581
0.12461977
0.12905465
0.20439492
0.092262554
0.11991512
0.20515779
0.030078941
0.20498713
0.12609144
0.11009344
0.13537138
0.13494436
0.19750336
0.10103287
0.14818029
0.16654708
0.14327845
0.19722409
0.12787304
0.18127627
0.10769942
0.0037212479
0.01298744
0.036153974
0.063543716
0.038895185
0.215781
0.049253553
0.0030891878
0.081014157
0.00028671443
0.0018420908
0.10778308
0.191381
0.17406156
0.067570122
0.04342119
0.18964469
0.21282012
0.050413349
0.15181644
0.071064745
0.094351961
0.15291582
0.07068219
0.15143001
0.10526832
0.025472008
0.18215233
0.13189204
0.11881851
0.13464171
0.18086446
5.5218513e-05
0.18194584
0.17410108
0.21532327
0.041295117
0.11251298
0.0012397223
0.14236547
0.035935941
0.015350422
0.2094769
0.19275134
0.056706269
0.10646933
0.21531855
0.18901039
0.12983146
0.003335723
0.070939004
0.19359517
0.036757702
0.067420909
0.18864638
0.079725258
0.17018685
0.10607111
0.21501813
0.065953537
0.16631595
0.042612677
0.079107573
0.19390835
0.07062429
0.12504651
0.11293585
0.18520002
0.10894844
0.17742674
0.002386684
0.13089031
0.12788789
0.2093448
0.093584758
0.11658895
0.044844333
0.0016273335
0.036208123
0.097958297
0.020518847
0.0042663351
0.17929258
0.17459353
0.089965034
0.16928481
0.067666604
0.014522911
0.06816812
0.0015072526
0.16141741
0.096489739
0.0021473936
0.20996364
0.20215462
0.0083248562
0.096780379
0.170604
0.16431882
0.18643488
0.19788179
0.18013184
0.11722831
0.092902704
0.040240581
0.028494684
0.059360577
0.010180305
0.1159977
0.013131034
0.21053582
0.12220051
0.020784205
0.11264498
0.12829948
0.18304963
0.14711242
0.20893589
0.060167179
0.16223258
0.21543273
0.20156651
0.17714131
0.17374693
0.062502614
0.20995249
0.090949742
0.17859844
0.20482812
0.1887242
0.19353221
0.062942581
0.1052133
0.096602101
0.13608349
0.1003272
0.20484051
0.16507725
0.10443676
0.16062492
0.11084503
0.15289246
0.021621618
0.03662366
0.2090745
0.010209769
0.080511128
0.20112094
0.0807343
0.17638556
0.01591627
0.16027686
0.20442256
0.17040154
0.12546316
0.055433723
0.19916182
0.092999177
0.15267591
0.091537399
0.01434858
0.19472856
0.089410005
0.1968749
0.037969493
0.049424769
0.15775993
0.18065669
0.1193829
0.12708343
0.092393225
0.14132338
0.10633033
0.14695978
0.18120086
0.099828508
0.063766969
0.094572411
0.15341888
0.18452006
0.18121801
0.16973154
0.092163089
0.16322484
0.16206753
0.16900313
0.19611876
0.16535868
0.04433602
0.093058736
0.041774614
0.076039303
0.21535019
0.12512246
0.20977502
0.18198577
0.20136223
0.18072771
0.17250839
0.039347951
0.1648254
0.13666622
0.067995354
0.1809285
0.21594436
0.041121475
0.11266899
0.21595179
0.027421343
0.15099133
0.11297967
0.080205469
0.16428212
0.076052925
0.15776535
0.21534829
0.089289029
0.084190496
0.17994147
0.15906485
0.15182872
0.1190306
0.21543508
0.053207751
0.061701353
0.16239211
0.061827139
0.0010509321
0.11579252
0.19400269
0.11998803
0.1581309
0.027705672
0.0048448105
0.20891975
0.16895271
0.11473264
0.020854319
0.026160373
0.032441926
0.014868737
0.21026956
0.0429984
0.19265809
0.19369031
0.033906006
0.083973837
0.086234635
0.14938346
0.17428471
0.20105628
0.096548694
0.094621496
0.093174838
0.21065879
0.12076042
0.11315878
0.2156103
0.21535209
0.05914028
0.17108165
0.17437996
0.092808431
0.10714948
0.00094648191
0.00092076778
0.13516851
0.11171732
0.11931424
0.21505072
0.16244543
0.18313081
0.0011526752
0.21534012
0.091191367
0.18969635
0.17752775
0.19955281
0.18504319
0.17412894
0.11298284
0.11968911
0.050411715
0.1360515
0.20363724
0.013205098
0.10885911
0.13092535
0.13680713
0.082343245
0.091179212
0.0020739234
0.18281969
0.14567454
0.069442583
0.13092656
0.037658683
0.023802909
0.15996544
0.091307131
0.21096885
0.12808376
0.11855274
0.13208787
0.0066939076
0.11019461
0.16984615
0.12501513
0.10472878
0.015271443
0.0021864637
0.19376845
0.090029123
0.062460795
0.15290504
0.21484334
0.13578808
0.0022428506
0.11498365
0.19070688
0.19112144
0.12810971
0.13947635
0.15217899
0.13300849
0.15805248
0.11640017
0.11827141
0.046127448
0.17979742
0.21504324
0.15295368
0.20525126
0.15928923
0.018868284
0.074988999
0.15735089
0.2038216
0.060388827
0.014382053
0.092706683
0.19435364
0.04248584
0.057671448
0.20094394
0.11971399
0.18075642
0.055090927
0.21258758
0.014123192
0.12944578
0.19597622
0.2083842
0.19081099
0.14031705
0.062956723
0.20981885
0.18699736
0.20954686
0.14109183
0.06721513
0.21580988
0.069184636
0.13000012
0.038695871
0.10084272
0.06751445
0.0022498967
0.067210436
0.1562959
0.062803068
0.13534517
0.11670147
0.15590743
0.080689291
0.15811763
0.15641253
0.16269714
0.095867799
0.20891713
0.20875365
0.16752711
0.19336534
0.11985619
0.093760704
0.028386788
0.10148395
0.083872895
0.018941029
0.18146953
0.067034109
0.042000568
0.10190814
0.19257023
0.02220111
0.0023770347
0.21531211
0.20401958
0.16033852
0.12197053
0.21535499
0.21123426
0.18520749
0.18120958
0.039530834
0.15291579
0.15264179
0.19582812
0.20042778
0.040274728
0.088124874
0.017148099
0.081222594
0.03339904
0.02531021
0.17909106
0.002040521
0.078497132
0.09288742
0.20061382
0.11656485
0.2000088
0.06284004
0.10797947
0.12939242
0.10559583
0.19579636
0.17477451
0.019000038
0.060328046
0.20042035
0.19431671
0.13000056
0.12160709
0.16958011
0.078325433
0.074799215
0.018383628
0.042711943
0.10527088
0.014325017
0.2147098
0.16418369
0.15785186
0.025062809
0.15745145
0.018771258
0.1450781
0.21540002
0.18589913
0.018812011
0.17646483
0.063619511
0.0093678282
0.092620491
0.14601702
0.16214345
0.20117481
0.11519001
0.00069688643
0.07420425
0.018553825
0.062068286
0.14983534
0.07070476
0.03466741
0.096821167
0.15381078
0.043110066
0.20490233
0.21611756
0.19285856
0.16272815
0.045149749
0.024325161
0.14735409
0.1030883
0.04885588
0.16252369
0.063192603
0.10533655
0.060386011
0.14379053
0.2153556
0.0073083012
0.00017615355
0.13504375
0.11251002
0.041773968
0.11574403
0.21525433
0.026352249
0.011447776
0.20413804
0.022563272
0.080987421
0.058960657
0.21546549
0.02217329
0.21593047
0.1842118
0.090878684
0.1637583
0.15524052
0.0070193278
0.0057046737
0.20438027
0.055461779
0.10197384
0.02825994
0.19879261
0.16137692
0.022639914
0.15083255
0.12809767
0.027029226
0.10289288
0.059703365
0.0039499586
0.17420735
0.057683648
0.06854308
0.12060851
0.040710234
0.02075765
0.083350977
0.18553952
0.18082085
0.16117948
0.10772933
0.179816
0.13045358
0.0086995621
0.0008613284
0.057389906
0.16906688
0.088306845
0.033565328
0.038297653
0.067297562
0.15787163
0.16108815
0.0020579753
0.021499822
0.14834536
0.16340717
0.11421843
0.17075959
0.012491512
0.19868573
0.18061688
0.15475874
0.17143986
0.20052079
0.20038637
0.19644077
0.0026934588
0.21483563
0.14240623
0.11192569
0.18315622
0.12228194
0.11968121
0.10534039
0.025269674
0.11606112
0.0484215
0.067522083
0.11276074
0.21286237
0.13975531
0.18651574
0.013007474
0.10184744
0.068471272
0.20594261
0.13577911
0.030926018
0.0051768394
0.062696318
0.11562019
0.20846835
0.094723083
0.055766674
0.0084923447
0.015274302
0.026339249
0.10974953
0.020345807
0.071834969
0.20947577
0.16639577
0.15194043
0.18690548
0.17971274
0.16922797
0.18025192
0.15894322
0.058377078
0.060526424
0.17818446
0.062139016
0.06472221
0.049375471
0.18799901
0.0019658719
0.21544248
0.010744184
0.21558438
0.11034992
0.17674507
0.13841878
0.17384504
0.13982283
0.10763725
0.031265458
0.11275924
0.061369165
0.077384533
0.16760689
0.054846994
0.20063809
0.2107274
0.088732255
0.021697641
0.15697119
0.074152526
0.014006601
0.16920938
0.16979259
0.090306352
0.002547265
0.060924366
0.092130126
0.19345354
0.18041605
0.061014607
0.19999177
0.012922346
0.18093937
0.050348567
0.098207578
0.19414758
0.15888331
0.11836896
0.16011561
0.019042809
0.18991987
0.20911878
0.11381307
0.11538406
0.16459241
0.13766662
0.13621032
0.063366294
0.059265514
0.065863503
0.17728501
0.13232757
0.1987704
0.15933163
0.093492807
0.17955262
0.20878142
0.077415731
0.14971882
0.068725515
0.16756453
0.040865866
0.20877943
0.15458261
0.2153048
0.013622058
0.18545861
0.13687875
0.16876581
0.15476397
0.21557679
0.0026361237
0.031965184
0.057052483
0.1264964
0.028161099
0.18444352
0.16911543
0.10398698
0.084747917
0.0067041033
0.012812446
0.072399797
0.049523845
0.13054101
0.0029449628
0.10140923
0.10488116
0.068470454
0.076631069
0.20653558
0.18582016
0.17385276
0.084712048
0.031081524
0.19444036
0.096410905
0.041098555
0.1104463
0.17387454
0.053794728
0.0544667
0.16770507
0.04265152
0.19580559
0.20139909
0.19131722
0.14841118
0.019957637
0.21548769
0.15225939
0.060305098
0.18051302
0.031758113
0.12469838
0.19140481
0.21583926
0.13861733
0.15756497
0.17884838
0.18269234
0.1641261
0.1723923
0.016970239
0.02509049
0.11065144
0.090482688
0.0041857851
0.20234032
0.17737074
0.0012987593
0.0015526763
0.0070691367
0.2154383
0.16890852
0.18515126
0.16894233
0.157614
0.053463322
0.18471069
0.15145125
0.08598086
0.06220394
0.15601385
0.082319808
0.20236554
0.16506168
0.13663611
0.2011979
0.19682454
0.21539538
0.084337856
0.094065833
0.076829167
0.026322936
0.15042895
0.14090045
0.12776198
0.18743843
0.19654073
0.15349394
0.16600342
0.19719679
0.03060363
0.0015900583
0.080754636
0.063466662
0.010955606
0.21141856
0.011201662
0.16251364
0.018181792
0.1302016
0.0044961633
0.18968967
0.14296173
0.014824646
0.177346
0.010754432
0.09005155
0.10854871
0.082183997
0.023079735
0.16858588
0.13543737
0.14137999
0.082787105
0.14968943
0.0033992035
0.20498222
0.16433023
0.17534755
0.072341495
0.13685876
0.028926753
0.087999374
0.19022505
0.1661431
0.17404618
0.033069193
0.029114185
0.059208189
0.11798253
0.17752158
0.21509636
0.18846959
0.16883244
0.089927297
0.20185556
0.11922133
0.11492179
0.21569525
0.16468184
0.14898789
0.17651009
0.19000573
0.10483807
0.075339674
0.18942519
0.079765555
0.11010159
0.15483951
0.0010567898
0.15407657
0.0036383873
0.027804706
0.024537017
0.21549007
0.0089903178
0.094946936
0.12525261
0.13991543
0.16614179
0.18064629
0.16920961
0.1642603
0.036873098
0.19292041
0.018390266
0.1689092
0.17126805
0.13971076
0.2095272
0.098494004
0.19182939
0.18763553
0.05480742
0.12269111
0.099502355
0.19146409
0.127127
0.06643187
0.011084394
0.0084212916
0.1344118
0.14524673
0.19429928
0.19523312
0.049218921
0.14606567
0.16001924
0.11995711
0.13008898
0.16047449
0.1636271
0.053124522
0.0040571303
0.012760478
0.026272093
0.058060129
0.17003823
0.21592376
0.15663979
0.018688115
0.2033456
0.16054801
0.042877587
0.020121811
0.162117
0.060205968
0.17084364
0.05602449
0.092398953
0.15376654
0.15607913
0.16001109
0.14293887
0.1279645
0.16322389
0.18053175
0.037663429
0.069198668
0.0010352082
0.21610321
0.20262952
0.16027029
0.088705274
0.15382026
0.16314391
0.036947961
0.16799845
0.08716675
0.049040835
0.00090121684
0.18238597
0.07915326
0.10059995
0.080509398
0.0022840962
-1.7593655e-05
0.16033286
0.066092487
0.12796778
0.17868163
-0.00056412808
0.16220118
0.10931199
0.10901033
0.12708577
0.1052108
0.11210664
0.19482482
0.022609636
0.1865383
0.18734226
0.068286823
0.17336935
0.10463089
0.15400269
0.18539154
0.042824725
0.16751553
0.030701249
0.19320747
0.0040576372
0.067185253
0.16814169
0.21526187
0.037099255
0.21568822
0.21309149
0.16246301
0.00089446949
0.13815656
0.00063406878
0.029645013
0.0027730887
0.081249819
0.071162737
0.0021625984
0.050012784
0.15971527
0.19236851
0.034106416
0.17993188
0.21335849
0.0021273519
0.1274442
0.04195429
0.049484189
0.0034097832
0.182092
0.19560451
0.059071498
0.18016562
0.07422524
0.20757225
0.1412501
0.12845328
0.14299249
0.10482957
0.077513634
0.10149012
0.17677436
0.00013638042
0.19272731
0.1745959
0.09141297
0.14894199
0.15525286
0.16384556
0.21574543
0.044467878
0.0055736268
0.062181481
0.13019184
0.15191905
0.11964209
0.07146541
0.15135902
0.21070767
0.16905088
0.1695801
0.10482572
0.10023071
0.1887721
0.18016608
0.11901174
0.022094258
0.11261461
0.19722654
0.0015403356
0.1283615
0.025563296
0.053485635
0.1866894
0.0057968165
0.1967984
0.12109849
0.0027146826
0.18479802
0.058108835
0.09809226
0.053745595
0.15665193
0.076667044
0.092296055
0.07953847
0.18670145
0.14714673
0.057931429
0.14103473
0.0025729965
0.15684865
0.097539157
0.0086139081
0.10340135
0.19586127
0.094569338
0.18327143
0.16577965
0.126407
0.21570462
0.0017161073
0.0020118987
0.1687571
0.053638299
0.1056567
0.11674697
0.18485855
-7.6036396e-06
0.021025978
0.16613986
0.17513834
0.21575475
0.15648999
0.15355836
0.21556213
0.059834461
0.0026869071
0.052930756
0.018384176
0.18491484
0.059838423
0.19705991
0.16025197
0.1171597
0.15997232
0.16202574
0.20881324
0.2151659
0.12120095
0.0022743989
0.14024236
0.0020351112
0.097827974
0.0040559991
0.21549605
0.21553153
0.19934467
0.16576029
0.20437403
0.096319182
0.21562456
0.2154621
0.067944179
0.012799974
0.038057315
0.072964918
0.081865215
0.16737485
0.062747439
0.10670903
0.082992703
0.086005285
0.03963928
0.045275834
0.1529054
0.033329769
0.16551629
0.030705031
0.14611733
0.063152242
0.0027846687
0.14973836
0.10870304
0.088096625
0.12664215
0.18017477
0.16253365
0.00081458062
0.0088539524
0.19695872
0.013514226
0.1956393
0.070723279
0.17677001
0.10303612
0.10550201
0.068210989
0.21009987
0.17531513
0.13687856
0.082195797
0.093543591
0.10390931
0.026389508
0.13948894
0.19604652
0.12056882
0.2010904
0.0015129537
0.11775256
0.1194057
0.21538435
0.042386221
0.039775539
0.19314248
0.059999835
0.062587506
0.057517006
0.004486427
0.17654703
0.012945275
0.18660101
0.062710461
0.030767138
0.15748719
0.12828413
0.050313399
0.11256306
0.0054761096
0.13947847
0.14419858
0.20646765
0.092672924
0.087176631
0.1678284
0.2155206
0.02380798
0.075181368
0.16924044
0.0042178565
0.06007835
0.15124677
0.21015934
0.18185548
0.03461546
0.10327722
0.050589462
0.093037181
0.062796259
0.10055095
0.1006717
0.20261933
0.057479373
0.021056161
0.15062537
0.11560221
0.18769204
0.18981136
0.20873573
0.16856723
0.073299404
0.048897151
0.081939148
0.20903004
0.015908986
0.18962505
0.18007692
0.020815951
0.093897629
0.16354668
0.057468113
0.15705955
0.14697994
0.021941706
0.12632646
0.028868564
0.10677971
0.0033650674
0.094400929
0.20445598
0.11537496
0.14533713
0.0033769807
0.20385992
0.068724076
0.06742143
0.20159203
0.16022295
0.001105504
0.13566751
0.15091175
0.20789563
0.18653713
0.0049279918
0.06784076
0.079275656
0.18527107
0.0531433
0.014688044
0.2153194
0.18250452
0.064637389
0.031782749
0.044254137
0.19572732
0.08728823
0.1484662
0.091459957
0.079464346
0.15013311
0.20833865
0.1163385
0.10567488
0.063193263
0.014753329
0.0677107
0.018209023
0.062263708
0.2040773
0.0043858352
0.0052525992
0.1301942
0.18125797
0.15715456
0.099531691
0.06164385
0.1149662
0.046645404
0.11004627
0.182119
0.087862996
0.053134003
0.094989283
0.11971562
0.15258549
0.21575882
0.079103274
0.15269221
0.04349557
0.086023485
0.20391919
0.16375035
0.0011161219
0.1751855
0.053670107
0.089068669
0.21053552
0.1288496
0.093210125
0.19951848
0.16985429
0.17264512
0.093797803
0.083376366
0.1077
0.19712948
0.077942483
0.14376119
0.18737297
0.0045470376
0.21257042
0.153122
0.20475801
0.070284463
0.1189503
0.021717596
0.070281056
0.14725864
0.020993671
0.013014972
0.16916829
0.097632973
0.026545748
0.099261749
0.038107336
0.13219464
0.0022939664
0.20231212
0.1541417
0.049857955
0.12716004
0.00093442582
0.093139937
0.10209557
0.17244531
0.058014401
0.071270055
0.20394968
0.054842923
0.17850455
0.097448071
0.19721793
0.028640763
0.090761685
0.068465675
0.19334418
0.03734305
0.098044158
0.16823416
0.16928606
0.15364395
0.083456211
0.065858394
0.18805581
0.035372601
0.035155241
0.012121435
0.20104642
0.16212144
0.098758951
0.13650603
0.0023202615
0.11517704
0.20310613
0.035358199
0.18042389
0.023093205
0.040763036
0.04198984
0.01984215
0.17472135
0.16696082
0.18011352
0.0023898106
0.18853438
0.19700907
0.18789977
0.010857142
0.037112006
0.091249686
0.038093186
0.09601339
0.044127105
0.15771347
0.11938131
0.21569741
0.19593034
0.10918498
0.15512068
0.034865597
0.1524536
0.061170329
0.067665291
0.16630585
0.037230381
0.14562098
0.19443988
0.063196153
0.10657981
0.17497915
0.16052405
0.10175133
0.023147731
0.18765016
0.2004056
0.19383892
0.15142568
0.17448569
0.10307831
0.16527549
0.19558319
0.17632752
0.21552904
0.0043640195
0.012984572
0.12318319
0.023684418
0.092360979
0.13061937
0.2153662
0.062220514
0.12361798
0.18060242
0.21568766
0.028577398
0.19467209
0.078797937
0.035559069
0.15387656
0.20344347
0.18996383
0.15643067
0.064716635
0.16949373
0.10313751
0.063277312
0.07708692
0.19611228
0.17736096
0.09626185
0.014553716
0.11947285
0.21089738
0.1476978
0.16588703
0.020727824
0.084891855
0.037735291
0.20110274
0.059860471
0.11274105
0.026846117
0.08850218
0.068848256
0.053263839
0.091234957
0.093139973
0.1513072
0.20361372
0.075146968
0.20904602
0.063538195
0.1587792
0.059549328
0.14975741
0.066189563
0.0057663107
0.20663619
0.18130999
0.0057002514
0.052719287
0.0024442375
0.062104067
0.12404585
0.11986861
0.019213531
0.088652107
0.00018464434
0.21372957
0.034906676
0.026398066
0.029278516
0.0075364599
0.16558891
0.17870414
0.014705389
0.18204302
0.18218005
0.082949439
0.055302355
0.06250791
0.16935075
0.16925498
0.15064528
0.18831816
0.16772123
0.048476589
0.16137499
0.063215626
0.19385843
0.0013322486
0.17840181
0.021312466
0.038001843
0.049463451
0.18652574
0.082207947
0.10697269
0.21543498
0.015981167
0.095822372
0.18303957
0.0011522609
0.21207692
0.15496322
0.059108595
0.088659961
0.066687369
0.19888779
0.1609473
0.074129007
0.077804653
0.20291457
0.17695571
0.10446567
0.21037655
0.0016183948
0.2157395
0.011812387
0.026203235
0.21566976
0.18930262
0.00082945536
0.21485139
0.19549941
0.12493145
0.034540824
0.0018951457
0.17429283
0.20182679
0.21571709
0.21150662
0.11327632
0.002490127
0.1400888
0.023332694
0.19366808
0.14147195
0.20898687
0.2087836
0.058565856
0.14010381
0.17774619
0.035849228
0.052155391
0.09457997
0.018406405
0.061723999
0.15197109
0.020754608
0.16371329
0.17114772
0.092239263
0.075480825
0.2155357
0.020843049
5.2170375e-05
0.14933429
0.068049233
0.16021671
0.096131231
0.16729743
0.093689691
0.014685513
0.076393884
0.17114694
0.15908339
0.18961108
0.087591985
0.022098235
0.0015074474
0.06524779
0.1276231
0.20817815
0.073852507
0.15221457
0.041243376
0.19582575
0.20002941
0.16627547
0.072466634
0.16304436
0.053356084
0.16130569
0.16126223
0.0036968048
0.19109403
0.0024642406
0.13077608
0.040694654
0.031389149
0.21561717
0.1593075
0.093254089
0.085765897
0.18357345
0.067370306
0.084250777
0.02147197
0.16882433
0.10021963
0.11093238
0.10919182
0.15111751
0.10255955
0.020105174
0.077413381
0.01278782
0.11065155
0.11475063
0.21271777
0.20243652
0.0018708765
0.20902257
0.025280239
0.11240257
0.12492262
0.11839851
0.15934368
0.15923489
0.10590722
0.066434798
0.095710954
0.16673838
0.15056048
0.096419603
0.15111349
0.0803346
0.1308585
0.16500963
0.093058822
0.20918748
0.18157919
0.15020349
0.21573062
0.11458372
0.079711011
0.003775307
0.0127325
0.13822933
0.041665336
0.11227331
0.15751447
0.20224715
0.019898942
-1.3952328e-05
0.1447954
0.075031574
0.012832359
0.028526197
0.070575257
0.21017392
0.039495003
0.13091884
0.16298772
0.006720723
0.2048921
0.0014761151
0.1061405
0.13650387
0.014084224
0.15019672
0.0065113733
0.060868629
0.12945149
0.0068339731
0.11726712
0.092088778
0.17592049
0.10520967
0.16617526
0.046086097
0.13291324
0.18020393
0.16719682
0.15312036
0.018895544
0.026166751
0.18319585
0.19517683
0.11633301
0.10028526
0.18701255
0.024929253
6.1550463e-05
0.17241882
0.10328526
0.035167499
0.21064321
0.094860732
0.1813013
0.038206246
0.18324425
1.5961033e-06
0.029374538
0.028529325
0.056001418
0.1153695
0.090402647
0.021424651
0.058992397
0.0093176375
0.020640711
0.00084211779
0.20947655
0.16346738
0.15396038
0.024948111
0.21551781
0.18634934
0.0065384292
0.006716835
0.19889882
0.16100023
0.04081688
0.12591819
0.13353332
0.1710013
0.16036874
0.021195732
0.16419543
0.043112759
0.096148909
0.18681158
0.13748322
0.15277506
0.11329451
0.15301077
0.20698069
0.052046807
0.15729049
0.0008113918
0.0072775858
0.02725409
0.021379102
0.18695351
0.14474498
0.18469325
0.16824518
0.078766559
0.039685971
0.10495894
0.12541087
0.094020766
0.20501202
0.15991093
0.0011115421
0.15545129
0.089814301
0.065042405
0.058229141
0.0068692005
0.022961675
0.1475615
0.11089372
0.16443452
0.090708606
0.16886261
0.17626752
0.17441927
0.12551308
0.20889569
0.16013093
0.17171635
0.067791636
0.0012095762
0.13676369
0.15160285
0.010551667
0.20979713
0.062816023
0.13289522
0.15754628
0.10900412
0.1284638
0.13080754
0.11931593
0.17924878
0.17199704
0.17835241
0.21556825
0.188072
0.2155887
0.21539715
0.081158562
0.019761156
0.053580217
0.13951673
0.17268971
0.1737388
0.067413492
0.064962347
0.035252536
0.2007966
0.19380701
6.1705069e-05
0.024869964
0.12357307
0.12940181
0.068811922
0.093724818
0.16739157
0.11770827
0.09204502
0.16939967
0.084125643
0.14511654
8.7030855e-05
0.14432973
0.014995654
0.14116831
0.015158906
0.15781354
0.052151515
0.20964464
0.037760623
0.030715054
0.18096109
0.13030142
0.0008443357
0.121541
0.14268586
0.17848074
0.09731689
0.21098868
0.14129722
0.20006038
0.11646629
0.0015492624
0.0048518281
0.096257628
0.15742434
0.2034229
0.14316749
0.20175344
0.059073051
0.17731585
0.1859215
0.21566696
0.011942724
0.17888732
0.049532621
0.11300599
0.096416776
0.14140751
0.1617137
0.0012239958
0.057097618
0.14723772
0.20813035
0.0010187154
0.021882429
0.17847652
0.085602781
0.1274162
0.04746521
0.0027230263
0.051481144
0.040000081
0.13542218
0.018403292
0.038371457
0.048964425
0.16597771
0.19872863
0.13590768
0.13525307
0.11358851
0.098009916
0.090673374
0.018647194
0.052208134
0.15014265
0.215363
0.19474227
0.10367751
0.20613583
0.13834272
0.13635136
0.012144562
0.18588159
0.10219656
0.11836704
0.17081604
0.14321122
0.026476632
0.14655578
0.21536739
0.009988463
0.026711363
0.063726706
0.098985389
0.20862209
0.1927249
0.069577853
0.18134253
0.21539355
0.055597286
0.03242568
0.074999923
0.10755475
0.064868062
0.1640293
0.20989969
0.070922342
0.094886996
0.17299045
0.055794148
0.026313112
0.11540217
0.085536024
0.011702664
0.087191104
0.15764085
0.20034027
0.13325326
0.010368041
0.12296963
0.182172
0.072675791
0.21562734
0.21574903
0.20461399
0.092074321
0.049636836
0.21535534
0.057494616
0.2042729
0.018544606
0.021025003
0.20500646
0.10049166
0.12624221
0.15485037
0.12934319
0.091992119
0.003081037
0.17148567
0.0030142218
0.18345319
0.011914267
0.073901241
0.18507046
0.18704431
0.19153238
0.0058741056
0.15061718
0.11580615
0.0041147694
0.00090862473
0.0039796425
0.21557943
0.16740656
0.1604816
0.005856952
0.041758645
0.024837416
0.1868367
0.037784209
0.21007425
0.18708786
0.042734933
0.17715522
0.19174861
0.13198137
0.19281763
0.080364957
0.074894454
0.17932884
0.17770052
0.0033138051
0.046125007
0.21562006
0.029476476
0.014271093
0.00054956079
0.19612017
0.18004699
0.215863
0.2153201
0.1660182
0.052867684
0.064963481
0.15295333
0.12876491
0.036937752
0.0011902357
0.0010400885
0.18285755
0.16442203
0.18996851
0.19622777
0.082232129
0.11398911
0.094159192
0.11246682
0.0015949555
0.21585746
0.21532341
0.052272089
0.077382346
0.15189808
0.15561382
0.16479397
0.18462981
0.19120023
0.014849189
0.18213781
0.17722639
1.2228998e-05
0.12822051
0.00039990064
0.10938393
0.10328904
0.0054824168
0.19978129
0.014302747
0.064026845
0.17230594
0.11862179
0.03401199
0.17978261
0.085842275
0.12855134
-0.00069550391
0.085205009
0.027445632
0.0038364497
0.086446499
0.19047399
0.058635254
0.19324708
0.028290105
0.040625854
0.16840016
0.11066792
0.12271163
0.17766365
0.16456259
0.04340894
0.19961508
0.20076529
0.16439272
0.12743916
0.15251892
0.095179027
0.20901308
0.10245719
0.1519369
0.11868295
0.0093905305
0.040335957
0.13616545
0.079472751
0.068685079
0.20397999
0.014412325
0.092276863
0.21071886
0.094036306
0.15159031
0.090015125
0.080286555
0.10259895
0.10778237
0.093807635
0.18709969
0.059484405
0.16703035
0.067806437
0.15396611
0.012452843
0.21559969
0.12396915
0.18496337
0.13641785
0.1261482
0.1076012
0.00080008047
0.064488786
0.18739408
0.038072715
0.11421967
0.072204588
0.20243475
0.06049016
0.17461766
0.11867108
0.08781151
0.14674913
0.20414105
0.18734024
0.20411163
0.21534566
0.061579089
0.20332303
0.11052325
0.2017238
0.018717494
0.10145001
0.10562699
0.11954112
0.14608154
0.0019093703
0.20915569
0.077687551
0.20158089
0.20382444
0.0030727108
0.20148546
0.19771865
0.19459048
0.11073676
0.20243419
0.10660887
0.11948341
0.1090143
0.18130373
0.12937757
0.068396053
0.040243227
0.018423133
0.079988981
0.17149009
0.062982618
0.10281655
0.15881383
0.012899699
0.0012586554
0.020462077
0.13551169
0.15301062
0.10195256
0.11671875
0.10649081
0.0006857313
0.066986475
0.13354824
0.18744248
0.20523226
0.18709101
0.1461308
0.012958529
0.17003829
0.15075143
0.16670236
0.051331228
0.20604699
0.00093268855
0.10197376
0.21515026
0.096546342
0.12760123
0.090344307
0.10994132
0.092920749
0.15672003
0.0039186872
0.11931217
0.18330812
0.002464833
0.020291587
0.19245278
0.1897194
0.19588874
0.051712585
0.089227256
0.21534805
0.046043625
0.12733095
0.1018535
0.13836004
0.1247746
0.062412288
0.01655767
0.13029554
0.18133899
0.073908268
0.16726775
0.04165685
0.0012941126
0.16696412
0.00085589845
0.16886731
0.11921597
0.20163148
0.18240942
0.15127811
0.18693613
0.17957234
0.10295962
0.002618346
0.038080527
0.13132761
0.15250341
0.2153597
0.13462142
0.093027323
0.021680418
0.048541805
0.079906439
0.16085414
0.087317868
0.063529276
0.058368764
0.15782308
0.11230524
0.16160775
0.035788211
0.026192343
0.15156458
0.06839272
0.18734588
0.20389038
0.020152593
0.031973774
0.21534535
0.091587938
0.099271694
0.18198329
0.11944006
0.065788924
0.011961219
0.14944763
0.13779693
0.20905998
0.2013341
0.17145726
0.0089335792
0.18971891
0.11928552
0.0016078094
0.014426312
0.17657476
0.21002426
0.17610074
0.16267335
0.0010495026
0.056446138
0.010028519
0.095104104
0.1583947
0.18616743
0.023840541
0.013123345
0.11079925
0.052801918
0.19153564
0.0093852249
0.21579392
0.17940865
0.15237182
0.17441599
0.019458176
0.18714554
0.15430448
0.13451062
0.084156909
0.21575427
0.1772868
0.068802432
0.011991454
0.13052626
0.013781152
0.17532879
0.095710751
0.070356913
0.18324089
0.19819467
0.13138405
0.086987389
0.056296825
0.001348724
0.0007149818
0.020172047
0.019288899
0.00097264623
0.17015967
0.18018876
0.21531294
0.0031948592
0.037630937
0.070228203
0.17368838
0.044730155
0.14910646
0.0016768284
0.17996085
0.0027123624
0.059668032
0.0011259929
0.19942948
0.054375399
0.20437404
0.014176863
0.15069606
0.097673171
0.07170743
0.0011727794
0.010111048
0.018357955
0.19428387
0.076118163
0.0018551625
0.0052632407
0.12155594
0.066980594
0.10262887
0.17004182
0.00072093323
0.1534521
0.20447236
0.012749008
0.00073396531
0.044666604
0.17716219
0.19124408
0.016715585
0.014332575
0.00016427793
0.087418009
0.18796212
0.032574766
0.15234578
0.19117018
0.00050520031
0.096050751
0.13640719
0.18068999
0.060532463
0.16389722
0.10944887
0.13011373
0.021912985
0.17822015
0.17937387
0.16715114
0.015962474
0.11966906
0.096158261
0.11256289
0.0097984825
0.099256265
0.05216074
0.17442016
0.010253615
0.12214431
0.16697513
0.1184547
0.17195861
0.11761952
0.16420564
0.12548452
0.10755595
0.17916236
0.0024444091
0.1003262
0.18561119
0.10302235
0.15816527
0.06234434
0.16734245
0.057301572
0.047965669
0.11971443
0.034352656
0.17424687
0.09239775
0.11838648
0.12971874
0.13519592
0.16859022
0.052844903
0.090992881
0.21011122
0.17858182
0.1676951
0.14653502
0.081890424
0.041672464
0.16681551
0.028426716
0.083593337
0.12391642
0.11857529
0.20963694
0.16997887
0.2154874
0.030981151
0.15217409
0.026050643
0.18339157
0.059964823
0.081675166
0.15146498
0.12242515
0.017742148
0.14932154
0.048562864
0.1151229
0.020968112
0.15738866
0.18321003
0.021721496
0.0015462751
0.0023861093
0.18573578
0.045457434
0.05097277
0.21539855
0.066080124
0.030664806
0.21324598
0.067024571
0.098932673
0.13016714
0.18058338
0.048093952
0.16315146
0.18778068
0.044560938
0.12512332
0.065982596
0.16579889
0.036457328
0.041666793
0.18312907
0.11841501
0.01303247
0.17954871
0.0012245854
0.046899803
0.16507079
0.19601648
0.053884708
0.20984083
0.064192057
0.014795774
0.18258214
0.069998813
0.051013238
0.081952873
0.029731993
0.16789437
0.080669619
0.077545144
0.12445328
0.12172313
0.21013437
0.077530965
0.077844536
0.16414741
0.19484539
0.0022921329
0.0013691556
0.030035099
0.17503897
0.016991765
0.038341189
0.022511116
0.17940081
0.16357148
0.18232131
0.18797031
0.10126779
0.041073599
0.0014924944
0.046936111
0.15522982
0.001234003
0.062269523
0.13659349
0.023888073
0.092831845
0.0011088093
0.11954009
0.21535034
0.041828291
0.05338261
0.16678078
0.0066746048
0.099608157
0.12725738
0.11127966
0.19003688
0.017129575
0.0012354309
0.086908229
0.13301109
0.049575866
0.0011512054
0.099609611
0.10765573
0.086524922
0.14537727
0.067139232
0.11229516
0.065125444
0.21532293
0.09046342
0.20531656
0.18523254
0.16057842
0.14189156
0.0028506561
0.012481135
0.020298511
0.11513644
0.074794122
0.019793419
0.21485172
0.11762658
0.17186352
0.042379572
0.16578905
0.13879919
0.07874423
0.032694478
0.15056179
0.18273887
0.16736186
0.0025732941
0.16023372
0.0059210861
0.15302799
0.12280488
0.17500153
0.081234249
0.17933057
0.13922843
0.1256766
0.10352581
0.00028030934
0.14240052
0.10018987
0.012305424
0.15365401
0.19564999
0.044738405
0.10900231
0.2050937
0.10918706
0.1460314
0.20403253
0.20484888
0.11552804
0.16680072
0.18839046
0.0021825492
0.0024572373
0.18669922
0.17924458
0.21560118
0.091590644
0.004234912
0.17624258
0.077950206
0.077480162
0.10611924
0.19891808
0.098114569
0.1981193
0.1799244
0.10044717
0.09555444
0.022143598
0.13167313
0.164028
0.12555752
0.21532766
0.062984231
0.12075113
0.022071488
0.071282239
0.086826792
0.17385949
0.013969231
0.095749698
0.11061739
0.083539618
0.1533233
0.21083028
0.1669285
0.089031531
0.16258826
0.20585161
0.18220243
0.0042346285
0.21513122
0.20959879
0.073152482
0.14850992
0.12936449
0.078453166
0.049845013
0.00090834042
0.0011294557
0.13091429
0.11810066
0.16168273
0.10485992
0.16254703
0.20346758
0.19350813
0.15790333
0.10791591
0.0015521847
0.071754008
0.080103856
0.17642142
0.0023599297
0.18154819
0.15947092
0.19552792
0.13982622
0.09514588
0.13181958
0.037014445
0.11651679
0.11774706
0.11406098
0.042532553
0.014617416
0.11802844
0.093482091
0.020189539
0.030396037
0.13018944
0.21548485
0.029235425
0.049671965
0.027049884
0.059539021
0.0024332302
0.0068352423
0.060330603
0.0057093903
0.15116172
0.16125463
0.054976858
0.17416122
0.062526189
0.20289536
0.048448976
0.18638104
0.10311573
0.17539516
0.012043306
0.065026411
0.16337549
0.21567993
0.12401141
0.11611281
0.12799406
0.18274383
0.15348619
0.045222807
0.10251344
0.12822616
0.21544433
0.15070951
0.14034311
0.14016233
0.09560193
0.052443574
0.21566297
0.020177121
0.067277262
0.17859425
0.18390703
0.10881071
0.1506792
0.20516183
0.18397887
0.0059447822
0.2082846
0.17580884
0.11396948
0.029702694
0.078680842
0.037392734
0.2089155
0.10947421
0.14669285
0.12817773
0.0072390759
0.079113169
0.042016866
0.042333065
0.092013521
0.07915128
0.20998297
0.0032048256
0.14589382
0.1047147
0.21569242
0.0055292507
0.045089486
0.050861352
0.21532785
0.17396087
0.023281189
0.13084445
0.17792408
0.11322235
0.041867811
0.19784859
0.14899334
0.062995893
0.058011822
0.16772921
0.12663292
0.0012733865
0.1634342
0.033626562
0.16691214
0.18929298
0.19901211
0.13343308
0.15847687
0.11881459
0.0013228122
0.091319843
0.14020845
0.1970879
0.13573464
0.03709606
0.11880135
0.11647568
0.21544107
0.0098179551
0.15154532
0.14122348
0.076974886
0.01851868
0.0064928297
0.20467294
0.10524309
0.18762169
0.18199004
0.18199467
0.18637976
0.048918498
0.086327471
0.0014302102
0.010519481
0.07829412
0.063342305
0.2078496
0.15743331
0.017511516
0.21005672
0.014289212
0.027666374
0.11916205
0.1225478
0.19575056
0.082494057
0.15944994
0.20881179
0.16731071
0.20441422
0.0011792513
0.086121245
0.062868031
0.20875761
0.20175395
0.17642093
0.042707091
0.0091966094
0.16944858
0.041529192
0.0019919665
0.16920723
0.20959984
0.17138291
0.20509847
0.096549096
0.086830413
0.21545326
0.14104692
0.12830597
0.1652623
0.069300333
0.062629819
0.16763632
0.00037614111
0.11610211
0.12980544
0.09274977
0.15157141
0.089788572
0.03710098
0.18582532
0.0012369142
0.12695225
0.19281578
0.20184188
0.034221129
0.028278524
0.054957727
0.010915753
0.12739563
0.042170256
0.13256818
0.019592633
0.17409977
0.05781665
0.1397544
0.16111697
0.013048894
0.040240678
0.086831895
0.17451431
0.14720486
0.0030121934
0.20285644
0.016414312
0.08111019
0.21565902
0.026887677
0.12151767
0.0034224543
0.14937667
0.08321768
-0.00023582783
0.10287974
0.10904738
0.11969432
0.1963693
0.11699409
0.1356088
0.057780394
0.19495519
0.20347981
0.011997634
0.19432102
0.1939919
0.13598317
0.10297709
0.18193282
0.17999462
0.10628822
0.20174929
0.1273221
0.11612656
0.16642685
0.20466659
0.20392926
0.21583572
0.17727323
0.02817002
0.12557816
0.1828895
0.096124012
0.20069977
0.068051779
0.12524856
0.11641422
0.053029914
0.0015350622
0.10778315
0.012442459
0.016159024
0.13759607
0.18347757
0.029865304
0.069280013
0.21549083
0.11327003
0.0053194831
0.10813344
0.031690058
0.012023841
0.18482493
0.10316298
0.03894136
0.1651038
0.078037819
0.030416986
0.088426011
0.11393402
0.169625
0.053093634
0.14136232
0.0010170084
0.075248581
0.19654291
0.20015072
0.028053452
0.08096028
0.20138061
0.16673955
0.16283037
0.024026668
0.19012889
0.0056314173
0.064850239
0.14937003
0.030142025
0.16483903
0.11823793
0.081223001
0.16343154
0.0014017362
0.10177873
0.13818057
0.18569121
0.13097642
0.15769514
0.055271638
0.11369131
0.041834177
0.16751743
0.20020428
0.1430005
0.18277128
0.055161083
0.096091735
0.20996945
0.042061685
0.10905856
0.065171599
0.00029171576
0.07581949
0.092926053
0.047210828
0.16035583
0.058067547
0.0027379116
0.18667758
0.19262133
0.19684376
0.016940141
0.15023751
0.073706966
0.14232832
0.013828462
0.12235166
0.077686725
0.1756819
0.00098327627
0.044863403
0.1617785
0.20999833
0.19276813
0.20129792
0.17085402
0.14229838
0.00096509756
0.19380802
0.13378759
0.20594945
0.046607435
0.064313033
0.0019584244
0.1485328
0.17929764
0.0022561671
0.17209957
0.080573199
0.20990282
0.18004657
0.16900203
0.11858801
0.023355269
0.19576407
0.16961459
0.061511707
0.074131585
0.038014794
0.0013202519
0.20481496
0.17453538
0.0015130778
0.11379504
0.064856546
0.11523623
0.14225417
0.023728098
0.12502185
0.13827945
0.15380761
0.077072957
0.068018893
0.042373152
0.10813653
0.16094316
0.083903044
0.20477359
0.14823771
0.0622285
0.14607105
0.0041040571
0.060892441
0.16750152
0.027163805
0.020332464
0.16878855
0.17833055
0.086420611
0.21544906
0.081237358
0.13845598
0.14983856
0.066233893
0.021890883
0.019584035
0.14223891
0.08309851
0.16279533
0.032122948
0.022899032
0.022016967
0.07489042
0.18037731
0.084902434
0.11863808
0.14932539
0.072011967
0.21543068
0.17264625
0.015572222
0.02365105
0.16893382
0.17649821
0.13765175
0.21535034
0.13965836
0.037396446
0.068025163
0.020703702
0.0014421364
0.10209745
0.11935728
0.10276188
0.02267355
0.16376903
0.0031380098
0.18890838
0.013275072
0.0015267042
0.12514669
0.11555415
0.1426709
0.024618616
0.053779875
0.127314
0.20847492
0.11720395
0.18949706
0.09364471
0.020833244
0.094600893
0.16627367
0.099409859
0.001266623
0.095932414
0.01010996
0.020889149
0.06929549
0.067641823
0.036233472
0.12190492
0.076388569
0.20348571
0.14133768
0.054105738
0.16383455
0.060374328
0.16505404
0.062418724
0.17166056
0.067683484
0.02160882
0.13931004
0.10386049
0.20068851
0.063538482
0.17058022
0.17981046
0.15397578
0.059723609
0.17857574
0.044434861
0.090631065
0.17715854
0.16964196
0.20113982
0.077035219
0.17703225
0.0011648224
0.15170196
0.15746183
0.024552082
0.086508035
0.14146302
0.1393505
0.20382641
0.20391749
-0.0007594181
0.15360203
0.073857296
0.19353374
0.01373482
0.134264
0.034698632
0.083930267
0.10112331
0.19526589
0.12117756
0.19419443
0.20871196
0.16869734
0.00072326259
0.1398349
0.03708734
0.18401403
0.03586304
0.11661046
0.013932711
0.13537484
0.18246332
0.07507307
0.052751567
0.20219407
0.0010023834
0.074814212
0.18004838
0.11492232
0.16612454
0.063677849
0.1859834
0.061477504
0.0012017779
0.16620737
0.21011925
0.061375392
0.14925591
0.16080861
0.18248176
0.14259905
0.1114116
0.16442256
0.029608641
0.052942286
0.16172215
0.0011409599
0.20903198
0.06239725
0.0038370301
0.20905403
0.16606583
0.057702903
0.11982225
0.1774322
0.16759553
0.11414783
0.032932706
0.1865466
0.11223324
0.078948688
0.11693139
0.18142823
0.045574811
0.17859376
0.21568233
0.15283235
0.16012094
0.051739607
0.024803432
0.074039596
0.20387905
0.015554576
0.010975689
0.17130473
0.0002444211
0.079465869
0.10276543
0.21014174
0.10195063
0.090821014
0.19353338
0.18950015
0.020859002
0.1259513
0.054686435
0.16936278
0.056506474
0.076587664
0.06581554
0.10204036
0.18986133
0.15623964
0.022854755
0.013557335
0.19207387
0.0070048353
0.054762722
0.10967973
0.008312516
0.0057914873
0.074508396
0.10430741
0.018315224
0.1460811
0.01105754
0.023316652
0.16348399
0.1153896
0.13247898
0.20910095
0.052495767
0.08773641
0.059390421
0.0017262559
0.1904566
0.014813747
0.13830999
0.2099357
0.16500037
0.02724078
0.0070273027
0.031067969
0.051705901
0.20461896
0.15447154
0.021758693
0.048796119
0.13579235
0.026838055
0.15528735
0.005424734
0.21240219
0.0011175991
0.0010020407
0.06127093
0.037751091
0.15784279
0.09135178
0.16505021
0.040364768
0.012726315
0.072848716
0.10116426
0.026500652
0.14946818
0.19608136
0.045304952
0.10205812
0.16277969
0.1573425
0.1309985
0.10591446
0.1983735
0.13856636
0.13962426
0.11011398
0.0013190621
0.071733173
0.0095343246
0.18765978
0.023333854
0.12235045
0.057137613
0.18318976
0.068459163
0.023417653
0.085458504
0.1683891
0.16420853
0.0963604
0.15550384
0.085425487
0.13975948
0.00068087169
0.17029646
0.11440757
0.1517561
0.18850295
0.18758938
0.059509981
0.15828606
0.027440378
0.11686665
0.035721202
0.14880476
0.098857862
0.0016936307
0.11791224
0.0043266739
0.1858323
0.057564165
0.20344835
0.032980034
0.16624946
0.1851157
0.080883831
0.10524093
0.13882011
0.12243965
0.071518959
0.13956387
0.069047901
0.030096361
0.079692571
0.19827544
0.15610004
0.1487571
0.041180141
0.12753966
0.096921391
0.16201129
0.039094307
0.024004649
0.20159838
0.055803471
0.12717048
0.18483323
0.028045792
0.0011362352
0.19313615
0.039690399
0.020033052
0.12523383
0.11603936
0.17293178
0.11928799
0.20502997
0.16323933
0.17273997
0.13264698
0.040066487
0.16676103
0.075013141
0.092313649
0.18380888
0.12714988
0.11371842
0.10429867
0.024285357
0.14619323
0.12389723
0.18475342
0.00094714261
0.091465902
0.030903555
0.014485643
0.0070654138
0.17309625
0.076862176
0.12976207
0.15650009
0.1505615
0.017780576
0.070809935
0.09053712
0.13026921
0.20057971
0.1563815
0.091733838
0.13263355
0.2093037
0.0013510841
0.1659588
0.16025099
0.12736476
0.18279581
0.032700314
0.0095579059
0.03260105
0.13423265
0.12998875
0.010038003
0.10056519
0.068084613
0.079112522
0.062453987
0.091891971
0.16874883
0.00093224296
0.079478006
0.21581294
0.052092037
0.18621298
0.0091294877
0.08127308
0.071851896
0.12309939
0.099487758
0.17515648
0.095876638
-0.00090906176
0.21170783
0.1132117
0.062094745
0.0098781734
0.017235685
0.00098576439
0.14277116
0.039310307
0.18532205
0.088865683
0.12109776
0.02764645
0.16938081
0.124991
0.11348373
0.086003594
0.16467698
0.20424569
0.1918595
0.015805346
0.1109736
0.093873278
0.031096946
0.16115667
0.11766198
0.12975834
0.19818889
0.19373137
0.18957031
0.0012309039
0.18833857
0.16517236
0.051638907
0.11800746
0.0012102332
0.16942917
0.032108444
0.078595597
0.0032634025
0.19364053
0.15157582
0.0069991159
0.081232257
0.14278413
0.060575244
0.001138066
0.17902021
0.088543631
0.081417973
0.11086802
0.12915362
0.006986431
0.058700088
-0.00073864817
0.077604197
0.067025637
0.1174905
0.029208173
0.17390741
0.063666262
0.16447496
0.0014767555
0.21544142
0.11390575
-0.00039643367
0.080836491
0.13625774
0.090850983
0.21557071
0.095749761
0.091411678
0.074178133
0.10942175
0.026402543
0.014220558
0.0031086959
0.016734623
0.12477719
0.19292681
0.11624938
0.1930804
0.06516735
0.074781622
0.087564272
0.15627412
0.14249065
0.060552876
0.066267709
0.13888793
0.096283981
0.054516074
0.080755282
0.13894359
0.15071936
0.15820832
0.07753754
0.21570147
0.078984868
0.075421004
0.054741873
0.11322203
0.0058775497
0.089705778
0.11077439
0.19193711
0.18892691
0.17849209
0.2143982
0.17450439
0.073114165
0.15822454
0.17596295
0.11093806
0.11832087
0.060315382
0.11929182
0.054292681
0.21549609
0.1600691
0.11016404
0.12589269
0.13963425
0.16875954
0.20521507
0.11229746
0.026650006
0.21566451
0.10090545
0.18212999
0.09639032
0.058598773
0.1541075
0.032915876
0.18445559
0.15303637
0.13894618
0.057339906
0.21555907
0.094916445
0.063863585
0.17712169
0.11104773
0.010339743
0.17992159
0.20664845
0.19531849
0.076562825
0.18522737
0.0572015
0.18577269
0.17878638
0.018527091
0.052516466
0.11480359
0.065476003
0.21555498
0.18215902
0.075469956
0.14178029
0.042354535
0.17406059
0.052222287
0.0045640695
0.086975962
0.095747782
0.18293394
0.020646883
0.018571312
0.1439607
0.024108657
0.034857686
0.16947116
0.12554593
0.20083146
0.0056245487
0.15191855
0.20935457
0.045809795
0.15551784
0.038119059
0.12872966
0.13770094
0.16147189
0.062766882
0.18768609
0.098980177
0.21503454
0.066180117
0.040407528
0.16209707
0.10424342
0.080542751
0.093401732
0.087560561
0.12712569
0.0029517997
0.063247875
0.099294277
0.015969935
0.13811455
0.0014555536
0.074989321
0.074872171
0.20471409
0.15275241
0.043176004
0.033470983
0.0026239372
0.088921461
0.04897893
0.20966475
0.12115116
0.18714199
0.0080123653
0.11634536
0.11993171
0.17324034
0.21539511
0.20264136
0.002946363
0.082663906
0.026443791
0.010110582
0.078750564
0.19558651
0.012835472
0.14654932
0.18609489
0.0012926228
0.10566319
0.067378831
0.14314299
0.050009744
0.15274404
0.0022966819
0.0023443318
0.15067276
0.13058311
0.080978743
0.2045859
0.031573817
0.017029966
0.15013441
0.044946678
0.20906934
0.18209149
0.21542904
0.0014545624
0.17481231
0.13082363
0.21551447
0.063152523
0.074997853
0.021075199
0.028736805
0.14339295
0.012749925
0.073018717
0.097832311
0.027322953
0.11520092
0.16620019
0.0020479149
0.028216908
0.088903859
0.11890079
0.19315752
0.0015181532
0.1758162
0.14095391
0.093031028
0.049553036
0.14236169
0.082258917
0.14693171
0.18896586
0.068583678
0.21541335
0.19424817
0.054980483
0.2157192
0.11041213
0.00085812478
0.082313487
0.082538803
0.072463125
0.022628361
0.025189312
0.20452474
0.095680291
0.080688786
0.0079692033
0.028389602
0.15214231
0.19229751
0.030233114
0.065355093
0.14630109
0.067088109
7.9106514e-05
0.10753417
0.15620616
0.16133751
0.17826334
0.017914845
0.037722086
0.039895578
0.088781574
0.15190299
0.20515433
0.10398117
0.18024552
0.13507365
0.00080121978
0.095773688
0.20983336
0.073386484
0.14427846
0.051155026
0.057038176
0.010865793
0.054195457
0.041415612
0.17453225
0.20497094
0.12093791
0.15840277
0.16295185
0.13581049
0.11269537
0.093454043
0.082556398
0.20991665
0.028737494
0.0025972637
0.16146265
0.019670442
0.10397224
0.05330095
0.0016495074
0.0018637699
0.087041466
0.048514791
0.19762713
0.11205198
0.0014805645
0.1855869
0.14345108
0.075227718
0.11475147
0.21542437
0.12864821
0.16137703
0.038967066
0.038840568
0.15887557
0.14162956
0.073697499
0.15540839
0.14672786
0.050362528
0.15926045
0.0073760666
0.20363913
0.14475327
0.0095815579
0.19092505
0.077370608
0.0071249572
0.14603914
0.21557102
0.13726061
0.04803958
0.051934106
0.045526748
0.01336206
0.075929818
0.17819204
0.095176598
0.084422378
0.11152058
0.06629174
0.13290641
0.11843712
0.16319557
0.19055604
0.079520649
0.044535162
0.20878388
0.16090621
0.16379915
0.013760096
0.16171503
0.00019100038
0.0012007849
0.12392817
0.00062821751
0.16255184
0.0092827129
0.071775719
0.064278398
0.022062558
0.14274094
0.015030391
0.16852468
0.13376598
0.045459406
0.050289778
0.017778183
0.089397523
0.1174318
0.20281482
0.16255375
0.088091422
0.096527515
0.0021515859
0.1707192
0.096051789
0.032018964
0.19351028
0.14316291
0.033766741
0.16211645
0.13653402
0.035162288
0.19557359
0.14884986
0.0026876795
0.12562708
0.13650957
0.06681038
0.088832963
0.13296661
0.060115758
0.15781508
0.15889038
0.067298791
0.073521694
0.10005589
0.17043532
0.19374627
0.036994307
0.15290443
0.10299241
0.028835857
0.15258006
0.20437235
0.065309697
0.076752445
0.20044804
0.15554484
0.18891555
0.11199293
-0.00032630298
0.095873051
0.077424636
0.023291836
0.078474812
0.13936435
0.2061763
0.060409125
0.074373408
0.080465473
0.19032494
0.18197985
0.028326058
0.097948157
0.095513914
0.20200152
0.0004700232
0.17878172
0.098324145
0.064891242
0.012836671
0.17218628
0.0015272742
0.026496055
0.10217415
0.13118593
0.14307235
0.017043557
0.21559139
0.10035321
0.20519118
0.077507134
0.18465477
0.10153683
0.021686709
0.18289899
0.21015777
0.039064956
0.071356955
0.10580239
0.029048513
0.15130106
0.067455271
0.052523857
0.12516062
0.11634844
0.054083321
0.16692328
0.019886045
0.14233952
0.12413043
0.18849647
0.19068838
0.031047083
0.033695318
0.20625841
0.028914676
0.16402844
0.0095059555
0.16020682
0.17202848
0.10624253
0.12800263
0.013670036
0.050527927
0.15862276
0.1454695
0.14685835
0.076402083
0.095188796
0.093050734
0.11846419
0.072202932
0.081139016
0.081227369
0.0087562988
0.001189893
0.12001202
0.051493816
0.037286657
0.0013557766
0.16560138
0.099210953
0.13955518
0.11710859
0.092610021
0.029135894
0.041947664
0.0054667916
0.20986164
0.017244786
0.097566954
0.012509099
0.030815546
0.077292281
0.14299137
0.19448636
0.028316631
0.11093245
0.00186838
0.14504803
0.1730164
0.090931597
0.015152182
0.11870957
0.12937453
0.18832869
0.11646989
0.090706566
0.17979691
0.1527763
0.0014085191
0.12928334
0.075331403
0.013137066
0.14284887
0.11897143
0.094902236
0.12893622
0.18827096
0.13459577
0.054032592
0.011750674
0.16862969
0.049561084
0.003891437
0.16167952
0.12083625
0.0011859963
0.15345898
0.0013042271
0.1990563
0.10798733
0.050390093
0.14069825
0.075989448
0.14536346
0.018791073
0.14238151
0.11073447
0.073001716
0.16175373
0.064125657
0.13423812
0.19428876
0.08385547
0.20479084
0.001859258
0.0024487218
0.026148858
0.0026988375
0.034146088
0.20399093
0.013019051
0.05826241
0.010450905
0.17087912
0.058451456
0.045981163
0.13992825
0.099007525
0.11939786
0.06081845
0.037551407
0.071750954
0.083999274
0.1375365
0.026752499
0.16830405
0.16976088
0.051683925
0.093426097
0.031988689
0.086728798
0.16955963
0.031876413
0.11049667
0.21579058
0.11716689
0.062901928
0.0013641489
0.10982197
0.0059377355
0.064529656
0.11088508
0.11077933
0.077425725
0.10286443
0.11847759
0.0095380339
0.20441783
0.16369489
0.031460421
0.13307298
0.10172779
0.14290573
0.031942676
0.084152384
0.21584591
0.10622263
0.020968897
0.10239337
0.038452219
0.092503358
0.08595821
0.16647071
0.091676934
0.080891625
0.18399284
0.17659788
0.15896467
0.15192409
0.20043638
0.18881512
0.042119117
0.18028405
0.13811447
0.1245053
0.048198856
0.11346155
0.02098527
0.033190627
0.015273013
0.1411662
0.14884715
0.1639353
0.16401249
0.060075716
0.051349482
0.04059861
0.15783892
0.11085167
0.13997765
0.060508892
0.10880952
0.15869695
0.049268102
0.16349108
0.14450306
0.099193859
0.071503375
0.035033435
0.0037854329
0.057481891
0.025305037
0.10235524
0.16639129
0.0050636815
0.16737317
0.20097543
0.1988203
0.067191964
0.020952382
0.20475084
0.065044649
0.042754496
0.19629482
0.01075088
0.05606895
0.040554233
0.040769037
0.19545236
0.047577079
0.002731456
0.13673267
0.0015271411
0.2098961
0.060683694
0.21546994
0.11929193
0.065158495
0.099492331
0.022213806
0.085988203
0.085436208
0.0088625383
0.061769038
0.20034638
0.12184531
0.077848477
0.1540121
0.0015944344
0.07382277
0.19781257
0.16412019
0.19271583
0.11562866
0.15125061
0.038984623
0.19489643
0.010711899
0.1032556
0.019663153
0.014363934
0.17716266
0.12501711
0.02676016
0.038416994
0.12929288
0.062812035
0.18647125
0.16491494
0.13808716
0.16105247
0.1488655
0.2094326
0.11433588
0.017230381
0.10282162
0.13472775
0.14332544
0.004164303
0.098816782
0.13943298
0.15730064
0.034072975
0.17599441
0.099098686
0.10448631
0.034513145
0.15549121
0.21556566
0.01306811
0.16330613
0.15074029
0.18232233
0.01400955
0.17301522
0.17927056
0.089114378
0.20051364
0.066664164
0.086650463
0.033405219
0.094500083
0.092736475
0.068705566
0.058636502
0.068720414
0.15414638
0.021837285
0.034604457
0.18700413
0.091670239
0.12654381
0.15219925
0.080347786
0.063684985
0.20488198
0.14566197
0.11471982
0.086674779
0.027218656
0.13677873
0.17315683
0.025506527
0.067371653
0.0012281108
0.011320874
0.0051449839
0.20911998
0.18395727
0.1472832
0.049994112
0.0073320105
0.042939141
0.07358369
0.21569922
0.18188047
0.20023413
0.06652138
0.15784697
0.10818745
0.14927384
0.052760825
0.17176855
0.18622229
0.060810292
0.15140183
0.00078429436
0.11976588
0.027046652
0.15765569
0.024058724
0.090419286
0.18616326
0.014186136
0.0012453095
0.17361125
0.00081622669
0.048054055
0.048873414
0.013754794
0.0011717282
0.0060869033
0.14726276
0.11374339
0.059323276
0.17756813
0.13137686
0.17646852
0.07209888
0.20176271
0.092120763
0.033323306
0.076070475
0.18623779
0.065856884
0.015182032
0.0011499625
0.029050352
0.14762365
0.12134805
0.091053562
0.067241565
0.18580022
0.15213602
0.14588393
0.13406988
0.17202346
0.10962464
0.16289326
0.00096345378
0.063512243
0.0086566134
0.044876673
0.18282168
0.21535534
0.11816313
0.069052555
0.11684111
0.14693153
0.17733751
0.087365406
0.15102746
0.013692486
0.052685621
0.16919752
0.088509835
0.02211144
0.13986839
0.15869694
0.0025526145
0.098792951
0.086521835
0.15193873
0.12691487
0.2045607
0.21596953
0.064003139
0.21555593
0.17103622
0.018888598
0.12673771
0.1291256
0.097240306
0.045144751
0.062372472
0.17426096
0.14435481
0.00094135979
0.13648278
0.11468887
0.046659401
0.1708504
0.12349966
0.092351517
0.13565075
0.093746927
0.09767988
0.022581648
0.19576432
0.071812185
0.14259515
0.16301452
0.15592721
0.081443915
0.083445545
0.063732811
0.038896374
0.14759781
0.11261049
0.087617754
0.15558903
0.20632652
0.15655847
0.00060392678
0.076965697
0.18033607
0.092836002
0.031043362
0.15350268
0.16530795
0.028126432
0.13775992
0.15710487
0.14487695
0.12270702
0.20627964
0.083813283
0.13658127
0.073233168
0.12998575
0.16474408
0.17455928
0.058269613
0.00010531581
0.075521646
0.098119185
0.12715415
0.1104668
0.17757798
0.11517926
0.074962111
0.17213728
0.18221269
0.059409916
0.099016222
0.14270177
0.092629252
0.05377676
0.0024882944
0.097449671
0.21495357
0.062503684
0.12577125
0.022835796
0.011049007
0.20235986
0.029627309
0.13541031
0.11066435
0.05844477
0.14586107
0.15332599
0.0024429889
0.12383783
0.09211012
0.0013890578
0.11774416
0.14942809
0.21567202
0.042365474
0.19344597
0.18149885
0.12225084
0.17313027
0.14950598
0.0038343468
0.063561293
0.095293601
0.026081538
0.20997696
0.14560029
0.11974613
0.21568538
0.0066243374
0.15956945
0.13759828
0.13227837
0.064736973
0.12229799
0.14723178
0.14500822
0.047869265
0.16919123
0.1204326
0.16414829
0.12057546
0.21133051
0.078794563
0.0018693423
0.067583474
0.0036605699
0.17118141
0.096378434
0.14323133
0.099190803
0.1083043
0.058680109
0.04898811
0.17763907
0.075634145
0.11889788
0.14622063
0.18702558
0.048162352
0.017110846
0.12348751
0.060510219
0.20554501
0.20446554
0.034558137
0.071810858
0.18199367
0.17254749
0.00089564984
0.061037644
0.063394644
0.12615137
0.12754523
0.18189915
0.18227766
0.14235811
0.10410982
0.068096854
0.11766502
0.15034386
0.021792961
0.041756315
0.0080001615
0.15460839
0.15154269
0.15006006
0.16660297
0.13811305
0.10987117
0.11851462
0.091605492
0.12975116
0.037914621
0.1208133
0.027107612
0.0024983504
0.12676206
0.018531242
0.043110226
0.001171387
0.07541255
0.21549493
0.18660576
0.080573124
0.20138106
0.202248
0.14350567
0.15304797
0.12308998
0.21287984
0.063487186
0.070306129
0.14471648
0.045396903
0.010106208
0.044854929
0.16235236
0.1267848
0.05819561
0.082224105
0.16172059
0.18006082
0.091971568
0.07449383
0.17960144
0.024727642
0.094129473
0.17309407
0.14979259
0.06231655
0.13062052
0.16333777
0.21545325
0.10613711
0.18043634
0.21527988
0.12154671
0.16256926
0.18261117
0.11318952
0.095932733
0.10560186
0.15799322
0.18721994
0.03811905
0.16756863
0.16045544
0.099019143
0.13837109
0.1942118
0.085675786
0.15495928
0.087166945
0.10921976
0.067136095
0.12668566
0.10354587
0.049112019
0.10920143
0.068150359
0.19426892
0.12128141
0.016707536
0.11354116
0.033770628
0.049292309
0.092528944
0.17190252
0.096540132
0.055155287
0.06955043
0.080504561
0.13681031
0.16307245
0.075534027
0.14389456
0.03302457
0.19577239
0.038611856
0.067911658
0.03735041
0.030660494
0.031580861
0.11660572
0.028426231
0.10753052
0.064185839
0.068521341
0.2132656
0.19588521
0.03501803
0.011076222
0.16111921
0.16109263
0.13659249
0.16129663
0.15208687
0.21567579
0.15204
0.16621219
0.0061253452
0.0012674784
0.0074698977
0.037373453
0.12861693
0.06174206
0.084623407
0.076643303
0.17190531
0.16004914
0.060091062
0.21354487
0.099944927
0.081875203
0.11326156
0.15026214
0.0074620497
0.006197561
0.11789951
0.18965491
0.082522925
0.16062737
0.18973019
0.061852962
0.0071199229
0.00096609449
0.12356093
0.13771223
0.19321546
0.012611621
0.14726691
0.13357927
0.21528433
0.062105763
0.21554442
0.094876165
0.16182156
0.14239496
0.1873156
0.011977934
0.17424281
0.21104607
0.17435169
0.10225234
0.093712852
0.21575721
0.053012292
0.061641979
0.20471508
0.0053187064
0.01299539
0.14692999
0.14000396
0.15162002
0.21573936
0.069533062
0.10186929
0.050731234
0.17076017
0.027690631
0.11715223
0.17754841
0.055258011
0.20116498
0.072425271
0.10483887
0.12288292
0.10144662
0.049004782
0.040788676
0.1727977
0.026530826
0.11484139
0.14504339
0.069190401
0.12896735
0.18067685
0.14046411
0.0016147435
0.16327712
0.19695825
0.16213712
0.0025788967
0.19079891
0.037622228
0.10875799
0.00095164288
0.15820372
0.17900623
0.21561289
0.18728003
0.19660464
0.215555
0.021495767
0.05667491
0.022356646
0.073846734
0.05721188
0.043301031
0.21568945
0.13887467
0.099107387
0.19098439
0.11955097
0.10133613
0.074996728
0.085278951
0.031024199
0.19962941
0.0045612604
0.076735266
0.070449843
0.1573666
0.059688142
0.022756796
0.17220991
0.013879567
0.00065178033
0.079996235
0.11745096
0.018400541
0.1052681
0.052399484
0.17535987
0.11094118
0.11911285
0.0094721627
0.21536819
0.064523265
0.14016901
0.12087426
0.20273369
0.042006682
0.00367856
0.025679145
0.02663696
0.1609403
0.11175742
0.18066515
0.10381648
0.015129481
0.0083059566
0.1616788
0.14204466
0.072239707
0.01818518
0.11028736
0.15767647
0.054417734
0.075776528
0.15639497
0.14914663
0.099132045
0.10455249
0.031610511
0.13090332
0.11304665
0.010637921
0.2058087
0.007246851
0.033421281
0.052998475
0.16164056
0.12119202
0.18489748
0.014662018
0.20518911
0.063011962
0.01858734
0.12926859
0.1196271
0.13635712
0.10544786
0.16430022
0.11894564
0.2159142
0.089470012
0.025540954
0.11989459
0.17161725
0.02616926
0.1082729
0.021234718
0.020837223
0.10193534
0.2158693
0.037415568
0.087545246
0.049058383
0.02642888
0.13100552
0.11392444
0.21027522
0.052181544
0.023566324
0.1204641
0.0022115756
0.20203757
0.15030929
0.01975275
0.10502649
0.07932939
0.062152318
0.052234205
0.014220653
0.050936643
0.052631488
0.086552515
0.030918629
0.13476742
0.18997765
0.042496073
0.016885889
0.11657935
0.027627362
0.091734168
0.037356835
0.10614942
0.076629481
0.2039884
0.083834335
0.11342066
0.15168442
0.21540366
0.08183856
0.15928402
0.16627979
0.17234747
0.13241778
0.028338324
0.09597568
0.20669497
0.10627048
0.06285575
0.00098977104
0.052867812
0.04328693
0.15976959
0.070932887
0.02440854
0.13725035
0.20571124
0.01051092
0.2100025
0.074971077
0.0021470357
0.022162749
0.18956281
0.1292894
0.072385631
0.17560516
0.0021823647
0.079845909
0.21588128
0.044892201
0.10138259
0.18791
0.022348869
0.15735416
0.14366225
0.063643785
0.060901202
0.16110398
0.072877023
0.14896013
0.00096327852
0.16469079
0.041037845
0.10145828
0.029012175
0.13611087
0.081733015
0.21286175
0.11796738
0.09988833
0.15624103
0.08049894
0.021924978
0.027329854
0.021488248
0.10764707
0.12885856
0.14791433
0.075719953
0.090714108
0.12027476
0.17751805
0.14459309
0.012722555
0.023569264
0.17378337
0.18196574
0.10251932
0.013966408
0.034268641
0.18921273
0.11968914
0.19092579
0.050034237
0.086987125
0.17195762
0.017346666
0.070829503
0.21590898
0.11650094
0.17157664
0.14287986
0.089122743
0.00088642939
0.048663655
0.21532013
0.20249359
0.0059878701
0.18612632
0.079127384
0.087927555
0.14367915
0.13558245
0.080534545
0.095725406
0.1965884
0.082120727
0.046087342
0.092579392
0.16788086
0.010079776
0.12274337
0.0042216396
0.14771915
0.19993028
0.14089933
0.080957931
0.15570839
0.11986282
0.13491914
0.12638632
0.20526011
0.19949606
0.053942577
0.19563693
0.0011493969
0.135325
0.19968576
0.11299887
0.13564201
0.20124665
0.15784915
0.003913051
0.20996454
0.079964204
0.053020001
0.095846963
0.044271184
0.21543624
0.13885888
0.11286042
0.038130951
0.17626264
0.072347455
0.16643512
0.068131295
0.11672248
0.0020269885
0.19462
0.070925991
0.11402263
0.059457364
0.0011967384
0.14688
0.10310812
0.13809528
0.13891791
0.16331259
0.014472171
0.2151682
0.045059678
0.090299199
0.17910975
0.16075067
0.022890111
0.155931
0.033739301
0.16568331
0.057943071
0.05203937
0.041317271
0.15586003
0.15437205
0.17783048
0.126831
0.060447876
0.066897169
0.1401939
0.058051072
0.15186422
0.062159395
0.17146849
0.19951281
0.10674998
0.1728683
0.15595757
0.13963945
0.11934749
0.082633484
0.11978474
0.16693165
0.12263271
0.11384013
0.026460848
0.077380165
0.037390267
0.07670451
0.088044863
0.12305468
0.16863355
0.05028689
0.001275807
0.043830014
0.041581766
0.060642353
0.14329313
0.027241197
0.20444828
0.14644046
0.041661799
0.087290806
0.19142552
0.1106077
0.18247527
0.11455062
0.037724005
0.12350008
0.060414232
0.12304102
0.041573956
0.095553399
0.013856523
0.11172028
0.037304225
0.11591142
0.0008975639
0.05493504
0.15180376
0.12710336
0.1105509
0.16205391
0.10783518
0.15025659
0.0011627161
0.20831838
0.18762155
0.16544012
0.10985788
0.18770209
0.21281996
0.15490665
0.12098807
0.19667686
0.16101189
0.18394789
0.078839261
0.075452677
0.020211246
0.095127928
0.06373151
0.19800818
0.057175159
0.21530088
0.038155177
0.087215939
0.036782777
0.015788506
0.067464303
0.21575908
0.1423385
0.15701539
0.00088363502
0.10444799
0.21555062
0.091580248
0.16936746
0.027593685
0.1984746
0.058743125
0.15538058
0.042329177
0.17864672
0.15506183
0.052020184
0.03811328
0.073086723
0.10582123
0.11463895
0.012698993
0.089490191
0.16106762
0.063671799
0.0012472075
0.094862863
0.042159308
0.092370496
0.11944473
0.13449398
0.20179927
0.13469872
0.14422895
0.15625293
0.21520772
0.15457901
0.20462104
0.13742276
0.11937206
0.11156138
0.11156261
0.13665308
0.17210813
0.042423042
0.07330306
0.052169954
0.016367694
0.19260265
0.0074959347
0.083197151
0.025597275
0.17761294
0.11973416
0.044463188
0.152274
0.14625673
0.022886332
0.036408083
0.10212551
0.018882432
0.027496982
0.15430799
0.18295933
0.089932179
0.021300005
0.21587476
0.052127981
0.17805494
0.062318622
0.0079017159
0.098928595
0.014068329
0.1017221
0.13803193
0.1122013
0.0227876
0.090861809
0.16265059
0.10323998
0.021638784
0.053400269
0.0096032257
0.21575745
0.00030197433
0.11971624
-0.0004566661
0.15546119
0.20563363
0.21583558
0.15206852
0.14125949
0.14568766
0.096251825
0.033712257
0.084231686
0.0060455435
0.040366007
0.1639521
0.13398156
0.14998994
0.033586046
0.061007314
0.16726561
0.085007769
0.053075313
-0.00051921712
0.19025037
0.031945869
0.19237838
0.20582496
0.21357276
0.097571037
0.17124462
0.097914629
0.16038826
0.17949946
0.14217588
0.092005448
0.0058172415
0.1949632
0.08723555
0.063779724
0.13637831
0.16632092
0.043652259
0.11740385
0.080302301
0.00089704463
0.037651488
0.200327
0.12499442
0.18153844
0.07352176
0.0545219
0.19958114
0.0013444233
0.21577315
0.21541802
0.088166456
0.060491864
0.16357372
0.20182733
0.091938911
0.084192358
0.06041792
0.048061144
0.07386694
0.21574538
0.010756835
0.041967164
0.12116887
0.1194724
0.060658536
0.018692787
0.074294161
0.09029627
0.16058363
0.10944935
0.19623219
0.13862311
0.16704502
0.076414843
0.070821563
0.040425202
0.030944541
0.060766131
0.14073176
0.17784268
0.18554095
0.065769705
0.14790723
0.029109535
0.18807007
0.14076718
0.066166793
0.067624234
0.11503606
0.19012628
0.2154296
0.025833788
0.15595849
0.044105594
0.10214036
0.038474305
0.083961454
0.20305024
0.13926244
0.037996429
0.18041622
0.077647371
0.14070344
0.010908694
0.18560969
0.065843324
0.1694638
0.14734003
0.11718221
0.040204119
0.018957797
0.19246303
0.1834497
0.16747764
0.19073076
0.10340404
0.11046906
0.090192927
0.14084875
0.17755948
0.20981629
0.0099606449
0.16808676
0.11935056
0.10727551
0.1192362
0.13239765
0.072138086
0.14545904
0.0022584995
0.17199163
0.20262778
0.14079811
0.080392652
0.053074919
0.19871632
0.21552883
0.19100005
0.11632953
0.052499049
0.12264957
0.13996551
0.02505482
0.20226672
0.049047642
0.092906656
0.19597279
0.044015885
0.16002916
0.11028115
0.041325683
0.0018695945
0.0020458355
0.01190444
0.057562438
0.20519504
0.091878726
-0.0013129496
0.0049037958
0.10678819
0.075736493
0.086537168
0.010876268
0.053994881
0.013346462
0.1896316
0.20945075
0.16154519
0.079970146
0.17477476
0.092167213
0.0023860275
0.13994168
0.19092185
0.21552721
0.15375682
0.036907756
0.093159819
0.15987098
0.026417317
0.017300136
0.15251269
0.07391498
0.19576849
0.028328742
0.030838504
0.089677665
0.21325284
0.042645144
0.14577617
0.097946503
0.078789471
0.121869
0.051967582
0.058551328
0.065177986
0.080589726
0.06712253
0.16756385
0.045095836
0.016006229
0.17219786
0.033795967
0.0012517616
0.1542514
0.051882781
0.10873284
0.072047655
0.055964447
0.17151345
0.065877294
0.17989308
0.18877489
0.12199465
0.092184921
0.052844917
0.034261792
0.13437594
0.09250216
0.1652673
0.14948338
0.13769006
0.11416022
0.10430844
0.12626926
0.044023612
0.1100418
0.095484035
0.092952187
0.21575952
0.068306706
0.092384613
0.13971279
0.18774664
0.15051074
0.11927171
0.15512013
0.12721432
0.148302
0.13231041
0.16662566
0.045021878
0.00020408953
0.10356733
0.066313323
0.18503594
0.092984148
0.099820205
0.0012031657
0.065756035
0.13715996
0.17045597
0.18959527
0.096831658
0.03075967
0.033835316
0.18758743
0.029805592
0.20537105
0.055065699
0.079582961
0.15879646
0.15611534
0.042335082
0.041770124
0.090866637
0.076061574
0.015729562
0.044184539
0.17067019
0.1870398
0.072275903
0.057787757
0.1254252
0.16594205
0.10689228
0.16393428
0.16702222
0.073870086
0.21171714
0.17654096
0.17194002
0.10099103
0.21549878
0.1355627
0.11858789
0.086254807
0.034315622
0.070876278
0.048784504
0.018502571
0.12897215
0.19190662
0.041388703
0.14873554
0.10888169
0.0019889168
0.059205413
0.0073686662
0.11768639
0.11687762
0.15088462
0.17505244
0.15536527
0.052514948
0.15556049
0.029933684
0.18024008
0.13940479
0.026110124
0.014796912
0.21581278
0.017421044
0.16387109
0.12884681
0.095618557
0.20827392
0.02632103
0.1849819
0.049688856
0.009571906
0.18831113
0.022189635
0.05433826
0.038188864
0.11919654
0.018327836
0.028829721
0.11329516
0.1573888
0.11804446
0.081657683
0.17352119
0.039964333
0.15500423
0.14412322
0.060303318
0.016023122
0.10955724
0.054825065
0.070243663
0.2153868
0.02364693
0.087084271
0.1658951
0.10983068
0.1318008
0.074900082
0.087040834
0.08064763
0.057672714
0.18008105
0.015292062
0.072693284
0.17023603
0.21564546
0.19671237
0.20338442
0.13466098
0.17010856
0.19648441
0.0052302678
0.10151814
0.19636072
0.041896988
0.065071075
0.043433517
0.012074142
0.00071611985
0.0012003033
0.020305031
0.04070717
0.0020551965
0.15746141
0.020068004
0.081426069
0.12431664
0.020821799
0.18204904
0.11621672
0.15017008
0.13187831
0.090571803
0.10714715
0.15085642
0.057684933
0.13390385
0.1581914
0.0065627615
0.08076712
0.078354731
0.095225453
0.11685696
0.11805775
0.035282157
0.21547609
0.15074569
0.1342504
0.21231219
0.00074222808
0.060290257
0.21587631
0.11722403
0.094409545
0.052861865
0.014499589
0.053328959
0.08234449
0.15768805
0.21533003
0.043186938
0.17771406
0.15513555
0.052458031
0.026724557
0.0012051829
0.16390579
0.15540787
0.073597562
0.041772824
0.18034618
0.17798904
0.08092229
0.15508652
0.057152203
0.025716604
0.11010943
0.16491454
0.067720216
0.16075261
0.016751591
0.053217667
0.020797083
0.16144678
0.083257335
0.12168427
0.16426326
0.018843316
0.15802886
0.15096627
0.051063178
0.13187374
0.15349433
0.16087813
0.020547702
0.03389008
0.2043809
0.065421834
0.11366412
0.0012422319
0.14248893
0.16355487
0.17302872
0.1407698
0.13482192
0.054514457
0.2154885
0.17158205
0.16739943
0.12007116
0.1138739
0.1317964
0.043256489
0.16455821
0.046101171
0.068857687
0.14278627
0.086611474
0.022314221
0.032154483
0.018069907
0.064413075
0.1015217
0.030702914
0.20098972
0.015623019
0.19623746
0.20223006
0.11953879
0.0054861729
0.1615703
0.081124152
0.033772139
0.02450013
0.1122817
0.16413868
0.051281976
0.12973715
0.11966576
0.15727728
0.14409958
0.11240599
0.025336198
0.091039558
0.13255094
0.16651782
0.13676379
0.21538932
0.0004618274
0.015915051
0.15494096
0.031583063
0.11023908
0.11963329
0.11422469
0.17829747
0.044986321
0.13924464
0.075787179
0.10149744
0.11560357
0.058838956
0.041546589
0.11669837
0.037983781
0.18787561
0.05128442
0.082868563
0.051796527
0.19129595
0.1593992
0.043670558
0.13800477
0.1376576
0.1832978
0.022509429
0.0046315278
0.05501028
0.075593391
0.00092388553
0.00096108086
0.19637006
0.071536037
0.18935267
0.16151988
0.17118007
0.15535138
0.19852987
0.10312452
0.1542573
0.085879102
0.00032556482
0.15730778
0.11590608
0.19935707
0.0009619364
0.14735688
0.11038302
0.18714688
0.10992064
0.014420065
0.11857665
0.17197603
0.1097738
0.14045058
0.17647309
0.030891466
0.15758786
0.12466821
0.09211746
0.013540777
0.0011399967
0.10226995
0.038524499
0.03593333
0.167178
0.038258926
0.11008015
0.16662468
0.15327616
0.00097014385
0.10859232
0.2152954
0.037734553
0.12719705
0.15391141
0.13876656
0.081510303
0.21577994
0.16352715
0.0073148539
0.0029710906
0.20255786
0.087787751
0.00093918853
0.028228267
0.071133339
0.1897994
0.14981107
0.18134324
0.17862121
0.10617111
0.014764197
0.072383799
0.039031588
0.053807147
0.095182393
0.01317877
0.063171153
0.025286473
0.21542791
0.017482076
0.10256137
0.094955679
0.038344849
0.00041011515
0.12143703
0.011138686
0.17262535
0.14104126
0.019136479
0.19015232
0.15708159
0.11917188
0.18080997
0.15211422
0.11048105
0.12192684
0.21525633
0.12890399
0.11173643
0.079146901
0.12510297
0.01950853
0.00074790874
0.1648838
0.064282359
0.149931
0.0039907436
0.1986456
0.00091542475
0.13823427
0.17971298
0.11280393
0.053512171
0.21131628
0.080586316
0.16018797
0.15227257
0.080335746
0.10991383
0.099896697
0.088156443
0.038483471
0.13631538
0.059791817
0.0088636836
0.00069520543
0.16445382
0.026401114
0.042192825
0.11181412
0.20939028
0.051405817
0.17149556
0.14004087
0.12313823
0.17820107
0.18209265
0.16965166
0.040047707
0.076107262
0.074147213
0.15977532
0.19624766
0.0022243943
0.077358914
0.031849674
0.0016162544
0.13916978
0.18272766
0.030894772
0.21236136
0.20046948
0.051412731
0.18021338
0.12340468
0.21574264
0.21581716
0.077263098
0.20954923
0.047726601
0.10000219
0.15301879
0.001502
0.060714929
0.024593358
0.070016502
0.16456356
0.11532153
0.065535233
0.14361655
0.14181198
0.11648591
0.104017
0.14486811
0.16700826
0.14344036
0.035150617
0.063358864
0.1934906
0.15277123
0.10832683
0.023004556
0.20466382
0.039301259
0.066454401
0.1726358
0.14176299
0.12180609
0.098473525
0.017666468
0.15915066
0.077683493
0.077367719
0.1968082
0.10497218
0.13138993
0.080258371
0.013239808
0.10390875
0.095938824
0.16644667
0.057612644
0.13435626
0.16555067
0.17819752
0.17376603
0.016824423
0.012017144
0.20452839
-0.00064266117
0.069287374
0.20143857
0.060155492
0.20891567
0.12167534
0.20665087
0.20204781
0.0013185802
0.092212191
0.11592739
0.0054359617
0.21557858
0.067102619
0.080715024
0.20203032
0.051276027
0.10151834
0.040863887
0.084397098
0.02254989
0.087786786
0.15243521
0.075384915
0.16133813
0.016681653
-0.00078991009
0.018441633
0.13436277
0.079019172
0.21301881
0.092880208
0.12557287
0.11289721
0.077113087
0.0063392236
0.17880047
0.072295118
0.18219319
0.023583178
0.006136304
0.15523586
0.057458252
0.069384556
0.17531817
0.064441354
0.16243565
0.15296327
0.19000649
0.16850492
0.18979336
0.046236531
0.14259146
0.01251587
0.17174399
0.13703972
0.026833347
0.033248449
0.017464448
0.15778388
0.00081451037
0.15425549
0.028813169
0.00043157527
0.14279139
0.050304134
0.18693733
0.0012508729
0.11313788
0.12726218
0.10887681
0.06845432
0.16341049
0.20940122
0.01464613
0.061401059
0.18731221
0.17267325
0.0097730808
0.10526797
0.17207009
0.071049118
0.10131584
0.064506519
0.11323477
0.072561197
0.11339349
0.13317265
0.16775351
0.2092086
0.21559219
0.070240876
0.041466691
0.16768379
0.12219555
0.034762803
0.18659748
0.17705098
0.19618295
0.11361403
0.037458933
0.016023045
0.059110862
0.037276498
0.1219976
0.19014629
0.037492048
0.13732114
0.053531543
0.040280598
0.11844928
0.13114921
0.17640105
0.13634871
0.20088142
0.20596195
0.20666197
0.13716431
0.089171861
0.14602553
0.033629273
0.13558273
0.070174471
0.16222572
0.11119686
0.032363102
0.073901872
0.067941135
0.14363904
0.025983448
0.079076415
0.16350135
0.21540193
0.20503389
0.1875034
0.00076774817
0.15621679
0.025153137
0.02353034
0.080792971
0.03857108
0.061283538
0.01240244
0.042784986
0.02676389
0.21529302
0.0099868442
0.21525203
0.083147142
0.014350875
0.13066144
0.038442236
0.16947464
0.21543762
0.11285281
0.085006412
0.21552915
0.019819612
0.13376637
0.028641101
0.083618721
0.027280114
0.084454713
0.14235772
0.12996647
0.14572837
0.049750276
0.072696034
0.11315075
0.075912274
0.16420754
0.1814204
0.18713247
0.12474475
0.062179278
0.11672441
0.011070804
0.066457725
0.022301148
0.091343924
0.042865749
0.12763912
0.063449537
0.14354923
0.18580442
0.1786996
0.066287568
0.16247779
0.20146819
0.14635931
0.19253542
0.013198163
0.066727695
0.14189654
0.042463725
0.075250766
0.10413607
0.029950885
0.096331497
0.010483
-0.00091884569
0.10994869
0.21510038
0.067009426
0.18585755
0.12311384
0.18268459
0.074765447
0.14540208
0.026852853
0.20286556
0.11840773
0.12626087
0.10950777
0.16052751
0.042176311
0.18860644
0.017720792
0.11197643
0.14451014
0.035355274
0.032744808
0.016959622
0.041389365
0.2155797
0.10298937
0.069736823
0.11960308
0.086736428
0.14744967
0.18591817
0.026640575
0.025573774
0.039899892
0.070790817
0.14438851
0.052536849
0.12455532
0.21536077
0.013781905
0.16435616
0.053022674
0.21520409
0.11851925
0.0066475824
0.11016894
0.2001589
0.18272048
0.14267175
0.053514101
0.10629485
0.12436839
0.0305255
0.11285986
0.11393294
0.00083530837
0.099460388
0.10121822
0.077071213
0.0014782563
0.11798464
0.19510037
0.064875168
0.0022654251
0.13467132
0.11565499
0.037403768
0.069968742
0.17835368
0.21293929
0.023874333
0.098273224
0.21564329
0.10955923
0.18875742
0.029943654
0.037731874
0.077436855
0.15958721
0.08569873
0.046313516
0.21570416
0.17757887
0.021942621
0.16250494
0.016825736
0.16235139
0.066708669
0.014097134
0.19648261
0.12328207
0.045313089
0.15152243
0.1124851
0.15513636
0.16397865
0.15520599
0.17105981
0.011093648
0.055121365
0.18829008
0.16583479
0.07177521
0.19758671
0.16559622
0.14299361
0.20196009
0.13033782
0.19236361
0.06805922
0.0021798582
0.082863904
0.083201025
0.14294558
0.075851221
0.19069597
0.042502363
0.10311898
0.12850249
0.14202187
0.00079214883
0.18289124
0.11895922
0.16454215
0.034064418
0.19991686
0.20400847
0.17011048
0.044175491
0.16673503
0.11661246
0.051770401
0.0021164346
0.15454738
0.030259805
0.062685528
0.21274374
0.078430566
0.012838027
0.21523356
0.20423538
0.1524734
0.0024826321
0.18951441
0.017467904
0.055494162
0.069666103
0.17959408
0.074127274
0.014611957
0.06218403
0.17258911
0.16558658
0.18978096
0.01730438
0.15461995
0.020257161
0.1430881
0.14563484
0.21532407
0.014867724
0.093103741
0.036205276
0.14922836
0.076133641
0.21535508
0.11760281
0.15535038
0.10803949
0.020011787
0.11242416
0.11760713
0.080173621
0.12536064
0.20454654
0.026770472
0.10319812
0.049444636
0.028175856
0.16476342
0.17460102
0.021993623
0.1684283
0.043303753
0.072145254
0.11731617
0.14216109
0.14866864
0.11551725
0.087617463
0.082332709
0.13943818
0.1784829
0.054952683
0.079271793
0.19536945
0.21579243
0.17853029
0.18175414
0.10996624
0.21158803
0.025936114
0.1827163
0.10947409
0.2017673
0.060295507
0.20167257
0.16210829
0.00052614729
0.091673467
0.19538116
0.060564104
0.032876245
0.12071104
0.088870221
0.15234423
0.026941544
0.16427961
0.10832654
0.060790405
0.16439635
0.10462664
0.21568083
0.02832361
0.19862968
0.14566979
0.067536762
0.12682186
0.21535716
0.16307397
0.16268883
0.14488464
0.14624232
0.097045782
0.11037203
0.14772842
0.11917842
0.028313427
0.064988219
0.10973885
0.13009137
-0.0010061674
0.076198724
0.018252283
0.074124139
0.12862157
0.065913382
0.094443364
0.20995644
0.072356448
0.144352
0.18015462
0.13990468
0.19520294
0.17803092
0.0087398175
0.13195067
-0.00051501593
0.15861936
0.18661744
0.1578329
0.081340342
0.14621684
0.19107594
0.041238539
0.13603676
0.19116515
0.21531418
0.13421729
0.094743897
0.12210362
0.16257518
0.052135855
0.21563723
0.035576949
0.14370124
0.0056071432
0.041617471
0.13289229
0.052134314
0.069333113
0.0014653148
0.20370533
0.00083420222
0.1388495
0.0053864266
0.044534717
0.14277884
0.19771895
0.026612336
0.00082411451
0.1313902
0.021104982
0.11654671
0.04928109
0.10003572
0.19487919
0.21568392
0.0075751617
0.080354892
0.16789632
0.019426149
0.1973832
0.12361155
0.076784162
0.090511203
0.14322722
0.015594434
0.17428029
0.12266
0.037496032
0.21552243
0.13271865
0.11539703
0.044664997
0.20431723
0.12011435
0.17529383
0.11010015
0.15727412
0.0010651546
0.10997595
0.11350751
0.16639575
0.10526769
0.18707442
0.11595641
0.00060984668
0.047423025
0.096673213
0.15545803
0.076142584
0.096213763
0.20375266
0.020177263
0.067209446
0.16983378
0.077942124
0.20438288
0.13071354
0.012688173
0.11817395
0.049449492
0.099751562
0.045026644
0.083969884
0.1117277
0.16887061
0.18528475
0.17857843
0.029264452
0.054440982
0.0014549364
0.00086733161
0.099764553
0.042389899
0.12158645
0.16143957
0.063163222
0.093096211
0.14199296
0.11159987
0.0048908952
0.064915931
0.03370747
0.0014899166
-0.00076966653
0.14083347
0.17084573
0.13708422
0.17060577
0.013793738
0.028942232
0.12129407
0.0015574136
0.11529867
0.17813602
0.030587223
0.0014604515
0.0014149506
0.15518122
0.16796647
0.08182424
0.017627237
0.098229715
0.12558918
0.18697004
0.21522912
0.0050509971
0.14392121
0.0014158703
0.11666291
0.19009426
0.15121035
0.04916421
0.18807604
0.0774081
0.21546638
0.083021395
0.18003933
0.16540407
0.079155448
0.20532558
0.13270885
0.091142978
0.051002246
0.2008657
0.031918587
0.0059404372
0.085480646
0.21566203
0.00039823224
0.16388444
0.14064358
0.1183047
0.19301685
0.17711218
0.17639774
0.0088022649
0.17729562
0.13304564
0.030622772
0.063262654
0.056614832
0.17804034
0.14312534
0.0007878482
0.21536425
0.11413545
0.033714654
0.023482711
0.017874128
0.13446331
0.075033961
0.21519133
0.0019369636
0.044109686
0.1306811
0.21570435
0.21255748
0.11029062
0.16747899
0.16164919
0.089852066
0.15983754
0.13289205
0.034944431
0.02961572
0.21572035
0.17353266
0.16146343
0.16024224
0.20931152
0.091958108
0.17845163
0.1165758
0.095932647
0.10667096
0.023897976
0.089341189
0.033405385
0.069847471
0.1633187
0.058186682
0.06528399
0.087364233
0.089895028
0.1882612
0.13931571
0.20727398
0.075704099
0.036809553
0.012778963
0.046297543
0.0095307296
0.071901472
0.075823026
0.18984119
0.0012869286
0.20996108
0.11198286
0.058383964
0.016664982
0.060799534
0.062246984
0.072580332
0.02493192
0.17131999
0.0011768947
0.10658266
0.0026298762
0.048637488
0.033543028
0.19724825
0.138801
0.079058075
0.17006561
0.17719933
0.12575999
0.085515613
0.15167159
0.19262506
0.0096684883
0.14621163
0.13103505
0.018194039
0.10988747
0.060913965
0.15048889
0.15759281
0.086922494
0.012418864
0.16012727
0.19038145
0.16712346
0.13838718
0.07055806
0.050434553
0.053047853
0.15717569
0.20962986
0.097802563
0.14420108
0.17824918
0.005406365
0.2040529
0.19300507
0.12477332
0.098527287
0.097571766
0.042001676
0.064073389
0.13399695
0.088705711
0.052246542
0.096227576
0.17617416
0.0046874972
0.16540905
0.00092022875
0.065198691
0.010118633
0.10659495
0.11331888
0.08505162
0.07808705
0.21536479
0.061952096
0.11456327
0.20092602
0.13525224
0.15207796
0.066658082
0.0567664
0.16846283
0.071801652
0.19402322
0.21534139
0.078030172
0.17914026
0.081437507
0.031991988
0.052413516
0.1393653
0.20277413
0.041870636
0.12013528
0.033608437
0.13371219
0.12506874
0.074447822
0.036347576
0.20695485
0.19338732
0.011356483
0.10654949
0.038539195
0.055037949
0.084673329
0.1040848
0.090170572
0.10245974
0.20746482
0.14416941
0.024523666
0.16266789
0.19964807
0.10701842
0.14071529
0.0052062948
0.1928878
0.18931435
0.014302265
0.0039299802
0.19532565
0.11498383
0.063590745
0.10275187
0.15895186
0.047690975
0.077337035
0.059203645
0.039422355
0.061822075
0.077474778
0.087947439
0.086729356
0.061920443
0.1219479
0.19917532
0.15044716
0.10997408
0.12192514
0.20293132
0.11275146
0.00075738551
0.085104602
0.13470406
0.0087076751
0.19402834
0.1802221
0.019137037
0.14353734
0.08677731
0.17865292
0.12304279
0.19638885
0.00090633096
0.037843034
0.10278076
0.12248291
0.14493913
0.16532941
0.04341221
0.10570837
0.017819711
0.16143268
0.19903342
0.021101625
0.011419379
0.1687792
0.084495784
0.11106922
0.14893363
0.16630361
0.086339155
0.021768723
0.040206211
0.18383732
0.13225147
0.09482779
0.082993062
0.2152005
0.18147186
0.064392179
0.011334676
0.034594891
0.062413097
0.016686046
0.029001162
0.059773821
0.021561918
0.10276674
0.09671301
0.025242918
-0.00085676522
0.21550043
0.08060974
0.082142813
0.18292013
0.21596753
0.17087022
0.040224093
0.070992723
0.040213484
0.12220861
0.17348004
0.081141236
0.18135826
0.067792947
0.19672005
0.094506255
0.21586639
0.041404874
0.098990912
0.20443032
0.19366591
0.14900844
0.15824588
0.2118961
0.024539451
0.10383402
0.069811707
0.18583294
0.092545029
0.13850179
0.2037708
0.18899096
0.14401873
0.065447141
0.065420184
0.19601534
0.037045037
0.095343986
0.077430614
0.035582721
0.094937848
0.17284782
0.11228471
0.043365526
0.076286825
0.07492954
0.02887015
0.15997943
0.081620353
0.10930607
0.073809764
0.0092249105
0.20184626
0.092624821
0.058015043
0.1230084
0.089076152
0.152852
0.085789362
0.098435819
0.0019583575
0.00071643588
0.10239932
0.18148447
0.10217116
0.18669433
0.19920454
0.13668496
0.18979736
0.18710441
0.12429978
0.036318498
0.10276654
0.14938199
0.015986505
0.045040927
0.038363483
0.071969506
0.16572404
0.16387522
0.065281489
0.082593098
0.017468686
0.052878172
0.066150902
0.19788871
0.09680117
0.051430673
0.097499849
0.062082884
0.090936919
0.21529856
0.17962078
0.068570435
0.15806245
0.10479033
0.073414457
0.058171447
0.19938062
0.17133346
0.10451813
0.14261156
0.17483015
0.12455382
0.12745694
0.099465993
0.11775592
0.023221234
0.15415178
0.19877554
0.16661077
0.067143359
0.20054381
0.18915075
0.16010356
0.14972044
0.14288278
0.085874172
0.0053390596
0.20089286
0.080137476
0.19171116
0.19713672
0.1708502
0.0059360915
0.16641148
0.079244712
0.12483578
0.19340897
0.18828488
0.095380423
0.027999767
0.14081194
0.016252862
0.14605081
0.17681775
0.019980519
0.019253348
0.21533349
0.10188169
0.031149624
0.041145313
0.21339167
0.018378307
0.091166948
0.0036081598
0.009989622
0.031260433
0.14365062
0.017636465
0.1731803
0.066491239
0.080813748
0.073643908
0.14132725
0.083193605
0.067549257
0.10087532
0.19549948
0.077943724
0.025521007
0.042406645
0.11552531
0.21531686
0.092718811
0.19609383
0.12484653
0.025606978
0.024512886
0.025895634
0.14395335
0.14770521
0.077958091
0.17085047
0.0081187454
0.058489648
0.15372428
0.21528662
0.16718353
0.19213626
0.14280066
0.18205111
0.2137815
0.11961658
0.13686432
0.088033584
0.043248304
0.12452348
0.024740552
0.11398967
0.2065975
0.21180576
0.12029894
0.1801694
0.07082336
0.10466034
0.053071752
0.13805966
0.052965091
0.18284893
0.0099528919
0.19124514
0.074211172
0.15813631
0.19383355
0.12142928
0.14392324
0.095358747
0.12807595
0.14317746
0.15053686
0.21530482
0.0059908196
0.064788761
0.17388747
0.15970598
0.037365264
0.15664124
0.032534623
0.14111408
0.070777292
0.10190105
0.14101939
0.13572652
0.051349452
0.11051185
0.067408108
0.19294484
0.072081064
0.11042885
0.21148897
0.026535617
0.14064931
0.18082422
0.0016092549
0.084463634
0.010588757
0.15945708
0.16113078
0.21524599
0.18144979
0.088708291
0.11517026
0.18387442
0.21564953
0.15716523
0.021182545
0.017144763
0.19394025
0.021766274
0.18749555
0.04186728
0.2154248
0.069325502
0.020436849
0.20220331
0.0069983283
0.027549946
0.084613982
0.0050837657
0.021659962
0.064599832
0.090514299
0.0014193023
0.16306641
0.18869011
0.010561634
0.074530749
0.02498515
0.12023971
0.0092838306
0.21565049
0.16614848
0.071345357
0.055614324
0.064963728
0.028028753
0.18290302
0.092269871
0.026665744
0.10326297
0.033989669
0.080693555
0.15159136
0.075929825
0.051552842
0.020140365
0.18969586
0.15468941
0.094438454
0.091521466
0.066084999
0.13657565
0.09148721
0.16630971
0.098025122
0.19293705
0.069618648
0.11191254
0.2154483
0.20900967
0.15503583
0.18592394
0.010144643
0.16239991
0.026731972
0.079715788
0.12361987
0.010115604
0.084167087
0.14450212
0.1199417
0.11847758
0.13838538
0.16113077
0.024379513
0.17029061
0.05425352
0.025190149
0.14662496
0.11482728
0.0093143009
0.13123693
0.012450825
0.17823564
0.14039268
0.17424436
0.1036363
0.043191118
0.093127552
0.13720109
0.21299746
0.15421879
0.13986128
0.12775906
0.092405002
0.0034036858
0.13706085
0.10892306
0.017286735
0.17525021
0.11210037
0.092839668
0.065445476
0.13387946
0.023182338
0.085824608
0.21571766
0.16065165
0.1964376
0.071431973
0.086867296
0.063437766
0.15515861
0.21507151
0.12460625
0.045026136
0.20516303
0.074853776
0.096368166
0.12635155
0.13346085
0.049679633
0.042206613
0.19696554
0.096418857
0.19629562
0.031918157
0.092929528
0.16074353
0.20087188
0.15427857
0.20913259
0.012308089
0.13176464
0.097304159
0.17570168
0.063920634
0.20274948
0.16421212
0.19545411
0.048776899
0.21189019
0.11494345
0.11440168
0.0010373892
0.18302641
0.18846883
0.13307918
0.17105216
0.054221523
0.15386487
0.14016555
0.098300598
0.20167873
0.13266272
0.091571424
0.059231016
0.13349515
0.077662051
0.1121548
0.019712536
0.027359597
0.033080768
0.12606208
0.14133518
0.13451118
0.060785301
0.1093695
0.21564864
0.017001101
0.10657757
0.1046655
0.021396134
0.061932685
0.18514837
0.20359581
0.11239674
0.2069999
0.0499755
0.084359375
0.038009426
0.21268897
0.059913235
0.18519753
0.039242457
0.027128057
0.15388876
0.17839193
0.16396555
0.17014128
0.0058402316
0.074608452
0.16271309
0.06274283
0.0034546029
0.16829188
0.097655823
0.0094034741
0.036843549
0.010520291
0.10964357
0.023381848
0.097890518
0.027329983
0.17844873
0.12125815
0.071371114
0.19845319
0.11367403
0.19611548
0.19591423
0.028953214
0.060156455
0.015741828
0.17481957
0.0096449548
0.067873953
0.10559745
0.026708724
0.097114967
0.0078461642
0.12583846
0.21539884
0.010899036
0.16378067
0.11496604
0.077966542
0.14837815
0.036683077
0.0092539896
0.130984
0.022085888
0.0014690081
0.16734507
0.1521643
0.039726769
0.091127856
0.21537492
0.090479764
0.21528562
0.024130849
0.15063509
0.091871329
0.13940796
0.105813
0.2152878
0.0987475
0.031815533
0.074311504
0.1551909
0.19693524
0.10722123
0.012229607
0.01138587
0.015979905
0.16916348
0.18272386
0.16704859
0.16588467
0.010735434
0.17007149
0.14730364
0.072717615
0.053905451
0.1955541
0.16012954
0.11817009
0.10185453
0.023050469
0.088893391
0.18209886
0.066886642
0.12444991
0.20234641
0.18967546
0.080392482
0.0018230066
0.17423299
0.14213827
0.026555062
0.069587044
0.21572028
0.094905507
0.031040742
0.02054028
0.013352473
0.097993521
0.1928134
0.17710714
0.073622798
0.19983983
0.038170724
0.014696325
0.074158517
0.032172359
0.022028563
0.20769753
0.19835834
0.19099886
0.12171277
0.098083135
0.20030411
0.021397647
0.1837211
0.1162579
0.022531379
0.027993879
0.14362743
0.13366829
0.015037207
0.040343838
0.14903711
0.053106018
0.13083983
0.083304448
0.14734448
0.14698721
0.11529134
0.075019013
0.10703981
0.073991439
0.14377776
0.10924705
0.0012812438
0.19894644
0.056688616
0.066602315
0.084336542
0.098142033
0.07083149
0.16670962
0.048622767
0.209646
0.11023645
0.034894027
0.14060194
0.066482717
0.17289401
0.037834877
0.075800564
0.11646473
0.083680043
0.20855156
0.17532489
0.083990989
0.092069428
0.020991269
0.13606303
0.05135441
0.18363819
0.024776072
0.039635882
0.11787267
0.16473684
0.20429723
0.082159315
0.11545895
0.17700562
0.16680622
0.15518765
0.16767214
0.042345113
0.084301239
0.17401881
0.11236416
0.05845363
0.0013812024
0.063177518
0.19800849
0.098992996
0.0032696156
0.018342822
0.11458968
0.10207388
0.12618387
0.036862203
0.0792294
0.069780256
0.065929257
0.13982315
0.13532076
0.17782225
0.059247855
0.18391888
0.14443359
0.19311219
0.17102658
0.00076911178
0.020372604
0.013937932
0.051337093
0.183658
0.070682059
0.120416
0.16625295
0.17061939
0.17559692
0.041768905
0.17722186
0.15529193
0.12062827
0.084437743
0.099592675
0.16699348
0.20261637
0.034539408
0.10732039
0.19320397
0.16347525
0.0010890422
0.047126355
0.02632006
0.13953438
0.03634884
0.064196165
0.028460534
0.1300562
0.049980956
0.0067583449
0.034622186
0.16324371
0.063881077
0.082749809
0.14911807
0.015229647
0.050279347
0.081810062
0.14441829
9.0398408e-05
0.098315036
0.030013127
0.0061067043
0.015152682
0.16305646
0.057629951
0.068934339
0.0075426273
0.10450929
0.10033848
0.087831647
0.080928323
0.1641603
0.079283181
0.21523165
0.18523734
0.037427089
0.016567344
0.019560696
0.067524365
-0.0008288727
0.14542478
0.038249569
0.10031715
0.031987002
0.023673329
0.10254913
0.21550671
0.12343299
0.070294497
0.11354361
0.1130857
0.20101677
0.18679345
0.058492147
0.18139984
0.21547932
0.15620527
0.10467349
0.10667498
0.10087961
0.092207391
0.088659261
0.053252775
0.14575651
0.11643494
0.11311884
0.068672655
0.021450642
0.18175508
0.15113802
0.01484539
0.068626895
0.11547086
0.031126205
0.1564248
0.18908686
0.053508714
0.014008189
0.098935657
0.084145557
0.13527505
0.19071985
0.057916986
0.20179336
0.16386027
0.020545077
0.093429689
0.060567513
0.098300883
0.17500087
0.20498645
0.016366711
0.088273256
0.12195574
0.17816193
0.20131723
0.10995832
0.20382019
0.11021064
0.028686984
0.0010023343
0.019645908
0.12169424
0.095672936
0.11806298
0.041479143
0.14707815
0.047594249
0.15332946
0.071682548
0.19144071
0.058681721
0.059955911
0.15366325
0.09268606
0.060137554
0.10409865
0.16305721
0.17901461
0.17652501
0.077517598
0.082107118
0.21399314
0.21233988
0.17408883
0.028483186
0.057379723
0.037188466
0.04807389
0.17529038
0.092675856
0.19236909
0.2093349
0.059789658
0.18154891
0.14462129
0.070938729
0.014519357
0.20171283
0.022661133
0.10550542
0.12744437
0.098673679
0.047838853
0.16547355
0.15061722
0.17983036
0.15562635
0.08337619
0.11645984
0.13878082
0.035851142
0.039289112
0.21186899
0.026982259
0.019771538
0.069174961
0.14388007
0.19018968
0.095897076
0.04287141
0.1441038
0.1803956
0.14009259
0.20154814
0.12545495
0.1414846
0.20410321
0.1412274
0.020647732
0.14348479
0.171432
0.075017538
0.092281862
0.11776383
0.15987617
0.081930021
0.14014382
0.013516876
0.11645611
0.060155615
0.14335774
0.13293741
0.19057809
0.086351272
0.0006558739
0.15569812
0.18826758
0.16441526
0.1240264
0.19361524
0.19322176
0.012960318
0.21558551
0.17940519
0.18157021
0.15105023
0.10963127
0.097544247
0.093053876
0.11138158
0.11465508
0.063482398
0.0025852252
0.10895835
0.145807
0.10953897
0.10471478
0.15686128
0.10185429
0.012115868
0.17357852
0.022154601
0.036138253
0.11489794
0.15978446
0.020232129
0.023455237
0.023863963
0.20759772
0.13350464
0.17264912
0.080052523
0.029443121
0.10459469
0.096637102
0.19639036
0.14110413
0.15563356
0.068377889
0.020656242
0.1396971
0.034509769
0.19558216
0.09222107
0.029843287
0.15661771
0.02038831
0.023940027
0.045267751
0.20328516
0.011203816
0.19822131
0.0043273342
0.12195521
0.16199557
0.144178
0.18265074
0.017864349
0.12234942
0.032413757
0.026446105
0.12364966
0.099258586
0.17728618
0.14201535
0.0090780837
0.17659646
0.047346173
0.0064598246
0.21070792
0.13444456
0.15747596
0.112683
0.13309962
0.008078018
0.029346485
0.054033273
0.19625972
0.12648945
0.19340415
0.0444115
0.13348061
0.1891844
0.05928214
0.1629522
0.21549646
0.12335331
0.026975209
0.00093371729
0.057420862
0.00088801771
0.20518578
0.066259431
0.0990433
0.19672608
0.21514861
0.050915884
0.04145701
0.074091675
0.16071205
0.018234101
0.0094303918
0.1472094
0.10103352
0.20893929
0.0018372904
0.074624795
0.015286495
0.13104044
0.05988792
0.14632363
0.074014182
0.14283036
0.21561473
0.1045561
0.15734756
0.0016432628
0.093259935
0.011733387
0.0069966035
0.12425486
0.015251977
0.039424994
0.038782385
0.10576604
0.12315743
0.15582135
0.11125171
0.033879083
0.21200657
0.16625089
0.078519395
0.096575699
0.043405246
0.14262203
0.12293072
0.20787638
0.063665755
0.18547335
0.050851719
0.15907757
0.18638269
0.18913899
0.17088773
0.20185909
0.063283678
0.073233379
0.10957314
0.14712686
0.00076252563
0.18248242
0.19658669
0.062711025
0.098501694
0.21539488
0.13936383
0.066179574
0.20872097
0.067504462
0.033097452
0.17778949
0.04251311
0.056759388
0.081247018
0.052882124
0.12076133
0.053983467
0.0021904646
0.17855242
0.0072901532
0.067527106
0.13583453
0.12008335
0.20387317
0.12998361
0.025372648
0.21582906
0.11336401
0.15988215
0.023029275
0.10620443
0.1100341
0.16034775
0.18021621
0.14302546
0.18089923
0.19770385
0.056586583
0.15484312
0.013579786
0.075530095
0.14890768
0.023335125
0.012196131
0.083232223
0.13292037
0.1560291
0.0016106936
0.18561351
0.068380672
0.033275364
0.014336385
0.15013784
0.19097977
0.053891923
0.07301258
0.10627001
0.038188032
0.13282039
0.16143734
0.12975683
-0.00034163118
0.065218184
0.058586801
0.053283529
0.17273133
0.16057897
0.2014868
0.035580494
0.097813257
0.093867206
0.036475403
0.15013541
0.11809926
0.14480612
0.024993534
0.1133776
0.030442634
0.049139262
0.020945219
0.18027012
0.06844876
0.10461226
0.064047344
0.044583165
0.16947514
0.0016090465
0.028325175
0.0014229864
0.0016139061
0.21567333
0.063340762
0.18543614
0.095600406
0.023417732
0.18336922
0.01698353
0.21554888
0.16131289
0.1342237
0.12068596
0.019092626
0.14661792
0.036424598
0.20603652
0.12277578
0.13420076
0.20932268
0.031916107
0.14471615
0.18214909
0.041259398
0.18051278
0.058020465
0.010316496
0.1356676
0.13197854
0.034618726
0.080405323
0.001083497
0.049970538
0.13578158
0.071900858
0.094665175
0.12190381
0.025806641
0.016669318
0.17079821
0.092572372
0.087886585
0.03732242
0.21556394
0.15775966
0.11535552
0.047133126
0.019931918
0.013965444
0.1971086
0.0230598
0.17510318
0.060134045
0.07467024
0.14872963
0.18729988
0.028751062
0.11225138
0.027645476
0.127576
0.12975251
0.058123109
0.21200794
0.001452215
0.17300793
0.075784565
0.13379819
0.16334417
0.081113754
0.21194288
0.065790609
0.18007366
0.070196344
0.15743443
0.024031668
0.16707599
0.076454052
0.12308446
0.20983703
0.1209686
0.06349229
0.03080205
0.14408254
0.17009235
0.13108128
0.13086704
0.16417378
0.0088030791
0.19747405
0.039918146
0.17635573
0.011583153
0.075234725
0.0090995272
0.0096566558
0.20928572
0.14827864
0.12404709
0.076821558
0.029050405
0.10840221
0.0007037056
0.079025664
0.18682722
0.0014351278
0.027804655
0.1825348
0.13029831
0.1987813
0.16179084
0.13980124
0.067120204
0.13369327
0.04611731
0.047402001
0.06543448
0.10305548
0.17619141
0.044773172
0.15096757
0.19784261
0.14920488
0.087426398
0.15830403
0.13416087
0.19713569
0.11722043
0.028110476
0.020294571
0.067509772
0.14385077
0.17298563
0.20997849
0.07372945
0.032366304
0.052780296
0.17559784
0.10423182
0.068924579
0.051294827
0.057081967
0.11352867
0.059355631
0.048342198
0.15542945
0.027359531
0.19211952
0.14094469
0.19290245
0.097108147
0.19193951
0.1094667
0.090351196
0.11604907
0.00073038657
0.14113131
0.041429936
0.14287115
0.02201906
0.067289716
0.15238146
0.034220568
0.14308653
0.051346213
0.074913424
0.17205343
0.090743949
0.041047587
0.071219207
0.16330468
0.010820357
0.099049354
0.14329773
0.077622028
0.12371699
0.15572922
0.026700705
0.12522055
0.0073421868
0.16427372
0.10154273
0.18204296
0.12561918
0.035664488
0.070905376
0.020456058
0.00091259149
0.079414934
0.21556025
0.026553735
0.19092406
0.041116868
0.068113359
0.11507142
0.19047283
0.070703695
0.12329517
-1.2766279e-05
0.1847758
0.16987747
0.0008931472
0.067623867
0.13086255
0.046274389
0.19943735
0.18728467
0.20171724
0.13286412
0.070448392
0.17222128
0.17464036
0.023179272
0.21588072
0.055335486
0.20433821
0.054406023
0.092448282
0.068580062
0.0025858386
0.19020321
0.024024261
0.066265278
0.051248525
0.062648599
0.039268815
0.17301888
0.15749417
0.19586148
0.059695117
0.16661343
0.082661826
0.10578185
0.028866602
0.18880559
0.012268914
0.095238844
0.11070206
0.073943806
0.1322359
0.11829905
0.17931766
0.18272639
0.032532821
0.1192287
0.1396508
0.047304129
0.18760603
0.065140412
0.13552125
0.078139886
0.14298874
0.029225906
0.1765303
0.20318658
0.16457897
0.059032983
0.099866619
0.20924334
0.14296774
0.1836552
0.13765581
0.14305972
0.20366506
0.13800943
0.19853557
0.077547211
0.00092680044
0.21557413
0.11303643
0.21525231
0.02862287
0.099925888
0.082183699
0.042332837
0.068540049
0.022436869
0.031129637
0.11642684
0.14199989
0.062593861
0.06752841
0.032011053
0.067826821
0.011613771
0.086195593
0.00051020248
0.10671441
0.10182661
0.049711274
0.17856778
0.18474599
0.079347664
0.096812609
0.13434128
0.18932207
0.05977581
0.043275294
0.18165099
0.19101231
0.18114946
0.13275815
0.13404962
0.092741245
0.032703707
0.1161458
0.13832931
0.019203262
0.10601851
0.006155506
0.20184207
0.099345387
0.11705679
0.12764589
0.070858655
0.12198521
0.081490496
0.0085862675
0.084102395
0.1731596
0.13777344
0.023624283
0.18931613
0.070799318
0.046539208
0.037477144
0.12967274
0.17824529
0.067306301
0.00090450949
0.02243764
0.0049938032
0.13293657
0.04176523
0.088919003
0.012521546
0.016342082
0.14636366
0.12075928
0.053987665
0.1670721
0.13587562
0.18308752
0.18705571
0.088906963
0.12935608
0.04174189
0.026232824
0.13361951
0.00792551
0.068624355
0.17699759
0.10187369
0.17593041
0.11949005
0.14328737
0.031404906
0.047195603
0.2011047
0.026352814
0.14062272
0.16965762
0.077680989
0.076734866
0.033887831
0.20535495
0.11295502
0.062595753
0.1305186
0.070558092
0.047465034
0.038771888
0.035368921
0.00061614968
0.079976824
0.18948236
0.17176185
0.075176048
0.13113858
0.15041053
0.0014661801
0.13984295
0.20136454
0.10462718
0.0094241222
0.15390142
0.11407185
0.15952847
0.065224494
0.13785056
0.0012932746
0.017176733
0.00089642768
0.038904022
0.15275828
0.074069216
0.121847
0.0021983904
0.023764146
0.19261022
0.00096090768
0.031157107
0.020127662
0.026437553
0.060802038
0.19207359
0.053009024
0.052266194
0.023723376
0.079800466
0.008633037
0.036218529
0.028680166
0.10458332
0.20351837
0.0013160126
0.11783342
0.048308615
0.18518062
0.17584851
0.1767726
0.1256707
0.029865109
0.00017161537
0.02128369
0.082362383
0.062169733
0.081406516
0.0086561077
0.00090657766
0.15860524
0.058388754
0.018166247
0.039315863
0.0021881899
0.12871688
0.0013059791
0.080789339
0.21531096
0.030046683
0.11700699
0.14658425
0.13990764
0.13791927
0.20246893
0.15286792
0.073355103
0.10159187
0.14671695
0.04729925
0.043619409
0.070325714
0.18199285
0.1329378
0.20631242
0.02035294
0.059007587
0.021204426
0.18168713
0.039984689
0.18909247
0.11621351
0.065032548
0.1063481
0.0045129369
0.014590882
0.17459238
0.21575354
0.08693251
0.012068449
0.0199749
0.039963583
0.19431961
0.13763127
0.095197643
0.12673087
0.16287663
0.11139422
0.11949228
0.1776183
0.14773554
0.21531519
0.031822599
0.12373674
0.069689993
0.013422569
0.17547686
0.026282291
0.18137574
0.19878623
0.11428207
0.18327848
0.048340795
0.07914753
0.17045962
0.041149794
0.077851648
0.038018507
0.050683839
0.15411009
0.20911732
0.14050377
0.10002058
0.0093618521
0.027026347
0.19754687
0.16018873
0.1382354
0.076857736
0.11873168
0.19768926
0.0092713186
0.14654939
0.15169917
0.0010358214
0.11929691
0.19876536
0.0021815683
0.14822188
0.15575938
0.17389273
0.17265951
0.20398735
0.0774603
0.062549192
0.060030382
0.064431149
0.11472684
0.19324238
0.043238009
0.15387203
0.012700083
0.21555116
0.11036193
0.044396235
0.159075
0.026070725
0.15062502
0.048757232
0.17251387
0.073387071
0.065237719
0.047327197
0.037001137
0.16043316
0.098696773
0.11033842
0.014473117
0.070964607
0.0053688768
0.15384965
0.16106865
0.071189519
0.19911122
0.001420056
0.19641231
0.093003637
0.019052857
0.11157826
0.00012119335
0.14360764
0.097832729
0.026377121
0.041854373
0.10907246
0.15856596
0.083023212
0.02401795
0.089196858
0.13776395
0.039718901
0.12114154
0.15912484
0.18931324
0.10476162
0.16136241
0.13919253
0.097494614
0.097106079
0.021120236
0.15795639
0.14520278
0.060021009
0.050862132
0.16149954
0.10467863
0.11713218
0.067752567
0.17143812
0.037100023
0.19034931
0.21431095
0.039812588
0.19349939
0.19753886
0.18431901
0.17287295
0.062739346
0.031267851
0.034194642
0.05625001
0.14574833
0.066233142
0.05068197
0.11389333
0.031343784
0.052934243
0.18953762
0.0091568191
0.077993693
0.12866976
0.049936131
0.10821432
0.050926014
0.1038342
0.17300695
0.014481381
0.097658986
0.12601136
0.21273939
0.12915598
0.010674255
0.073426254
0.00055984933
0.17718777
0.012835447
0.17925548
0.20824945
0.18542296
0.0192387
0.058235409
0.096114991
0.1492574
0.16443818
0.073701873
0.0011073911
0.18035643
0.058540408
0.018006699
0.14592681
0.0477613
0.012244397
0.012007291
0.18691037
0.010925128
0.10307783
0.15804355
0.047921875
0.088662601
0.20071547
0.017282876
0.12306822
0.10259431
0.07829459
0.10460954
0.10292171
0.036739925
0.15275472
0.1512922
0.0027395642
0.11102166
0.016523286
0.065174795
0.1020478
0.047157023
0.19538845
0.029893409
0.078902329
0.18619204
0.072824593
0.033059172
0.17235227
0.056970051
0.034589869
0.20477421
0.10194416
0.10645957
0.011480176
0.074916445
0.17989065
0.070733539
0.20241087
0.2154684
0.045882463
0.035858624
0.052227992
0.18118536
0.089677646
0.068175633
0.073024754
0.12479294
0.16982371
0.06300952
0.053812669
0.067508642
0.16407194
0.14024375
0.19810453
0.14521262
0.096117701
0.14924951
0.099150914
0.053474264
0.015726473
0.18889786
0.1365633
0.10550224
0.12964233
0.085826619
0.075859964
0.062952582
0.1552049
0.15143374
0.082640387
0.20871649
0.21527554
0.1022682
0.027042555
0.17895717
0.16647587
0.047849344
0.11306999
0.075543966
0.064788989
0.11850211
0.017111868
0.090831252
0.11266476
0.11255181
0.084932328
0.2085944
0.04909278
0.13866096
0.13858516
0.095067749
0.0014763045
0.10297734
0.068118776
0.020386916
0.069837958
0.022069756
0.19899532
0.088435915
0.087786101
0.17968335
0.11995118
0.10032814
0.1181528
0.15288373
0.18250551
0.026466228
0.13325979
0.060889037
0.074001493
0.05119245
0.039638297
0.096109692
0.16122477
0.063136329
0.19748289
0.075285588
0.010913562
0.01265836
0.072935815
0.035555212
0.19741807
0.076953591
0.026594722
0.12402171
0.13773731
0.00036052278
0.16337361
0.082086398
0.061349577
0.018001574
1.2668176e-05
0.10139805
0.033068173
0.060028359
0.036963562
0.15799401
0.090061616
0.039108814
0.037892978
0.10800433
0.12013735
0.088220841
0.051765841
0.12849807
0.10319329
0.072980864
0.083474238
0.063824041
0.00075078631
0.10210947
0.18607286
0.15444254
0.19753796
0.088833072
0.09905048
0.012010792
0.037456013
0.1959105
0.019593353
0.064938237
0.008714072
0.098046364
0.088394694
0.16069685
0.062286042
0.12073197
0.083757688
0.14518303
0.15492789
0.11669883
0.090266023
0.10164157
0.15310025
0.02797507
0.18992314
0.11811329
0.088995318
0.055076514
0.15563311
0.069247411
0.056341457
0.12500833
0.18919653
0.11947883
0.034277071
0.13600387
0.05550065
0.07516103
0.19656443
0.12311199
0.19979633
0.06034079
0.12865745
0.1321246
0.098895756
0.077425311
0.0012790878
0.17600325
0.12114366
0.16133073
0.068178402
0.20434497
0.034791552
0.020947665
0.016093228
0.027414177
0.05528893
0.17201872
0.1888083
0.10465458
0.037829577
0.062904585
0.027095847
0.11262496
0.092641328
0.18862417
0.10539642
0.018419804
0.092962574
0.12456008
0.19767797
0.10357897
0.089511472
0.075048846
0.084450342
0.080669198
0.001385833
0.10258137
0.054383481
0.13955957
0.079800112
0.19385134
0.0362127
0.17922115
0.038776405
0.13893022
0.12339576
0.12605127
0.12779462
0.077036283
0.10865827
0.042469762
0.001596448
0.014780445
0.052773114
0.093333608
0.087316361
0.098521321
0.035045798
0.2051269
0.18767146
0.14683555
0.1541122
0.034953182
0.027454177
0.1881315
0.038133241
0.095362587
0.054705017
0.017875073
0.13976886
0.19902538
0.0085219191
0.18551836
0.12249024
0.11556602
0.1519377
0.13943187
0.09267364
0.073749992
0.15750173
0.19517537
0.057436498
0.066763648
0.15112875
0.067647744
0.044124338
0.02089529
0.047702025
0.031322094
0.016872687
0.055636946
0.078874683
0.18894632
0.16971122
0.073168821
0.00011046499
0.057763256
0.0089213671
0.1709969
0.21571395
0.18567916
0.058952179
0.083454083
0.16708311
0.1811823
0.05860939
0.053024676
0.17341398
0.15361173
0.027049353
0.052076013
0.0028070383
0.10137645
0.21547283
0.16154748
0.18265298
0.030966368
0.2030861
0.16968591
0.0014712618
0.030333219
0.040163901
0.091565345
0.080915065
0.17523296
0.13795173
0.11797172
0.07102977
0.040041798
0.025559539
0.0094480671
0.17831752
0.027669244
0.04131026
0.20376143
0.054992235
0.13323635
0.056427609
0.062233279
0.15190996
0.0011518205
0.11987085
0.007835675
0.21532744
0.047201987
0.21522643
0.15021672
0.13612266
0.096733937
0.15381742
0.027442176
0.074968281
0.10129602
0.080876469
0.14533844
0.16184762
0.032029937
0.041455795
0.035449324
0.043732945
0.055288954
0.048386449
0.14561744
0.093224617
0.065221997
0.027309875
0.075106663
0.0088078967
0.18793265
0.14224197
0.15207559
0.021004162
0.088580355
0.044827371
0.13355803
0.039238042
0.098044067
0.189955
0.0033347811
0.15698045
0.038169751
0.15330575
0.033127881
0.18304344
0.047582507
0.19352702
0.1921703
0.062405277
0.12139282
0.00087902173
0.21575909
0.026692292
0.10033833
0.15638297
0.073863335
0.049759628
0.067273855
0.14635709
0.075730837
0.11340906
0.099913793
0.0011959075
0.17717073
0.052163018
0.090820933
0.1688229
0.041972012
0.17845744
0.065819715
0.075679609
0.052071185
0.046060154
0.081214258
0.061081444
0.016590052
0.13335247
0.047707316
0.020093366
0.00091334696
0.045505096
0.1098447
0.097424526
0.075213489
0.023888068
0.031417398
0.20510704
0.11708349
0.011681851
0.00013845242
0.025951877
0.13445312
0.099519319
0.15205503
0.098739228
0.015253365
0.097252763
0.024152059
0.13668495
0.19299687
0.13701662
-2.0755516e-05
0.076543672
0.041234595
0.034276358
0.0014830366
0.21579852
0.016660878
0.091298339
0.044734512
0.17076008
0.065434295
0.016328217
0.129734
0.1513502
0.12250135
0.032598153
0.012129526
0.015916576
0.17402431
0.0092974191
0.077044988
0.017410585
0.16721698
0.053691783
0.10241417
0.16826285
0.0088714532
0.15871377
0.028811199
0.19270077
0.083401288
0.025282626
0.093582751
0.097207846
0.17867962
0.0015006858
0.0054564588
0.12287489
0.17099702
0.17368301
0.20827258
0.14123732
0.054770129
0.10189447
0.0017026011
0.0013161976
0.11011709
0.11019948
0.080405725
0.034838573
0.15314085
0.03767133
0.060719361
0.073173315
0.14618693
0.13452785
0.077234034
0.081002052
0.18223581
0.077862656
0.13158567
0.21561906
0.096443377
0.13891175
0.17355466
0.054389187
0.085079312
0.11943505
0.099239683
0.11462341
0.092386443
0.096575982
1.804477e-05
0.096831191
0.071284917
0.011847683
0.20689531
0.13904556
0.13586923
0.0099135843
0.14145961
0.06887077
0.097698006
0.037677758
0.03260321
0.14812687
0.1130889
0.12131864
0.060945096
0.008883151
0.043621122
0.1361004
0.12887569
0.20397622
0.012663415
0.073960059
0.074087066
0.10712475
0.075550906
0.17490437
0.060521769
0.16909627
0.11001166
0.088814449
0.1011619
0.020201921
0.17111677
0.098251287
0.1402599
0.03583799
0.037410543
0.20677229
0.0029868376
0.21544234
0.061237354
0.15101607
0.081297367
0.11271095
0.12536504
0.17570769
0.031749063
0.14595394
0.039658392
0.069955289
0.066415096
0.033369842
0.03501651
0.16118201
0.12029663
0.1544064
0.030239954
0.1789623
0.21543566
0.10851002
0.041315703
0.12972816
0.16341649
0.04852611
0.20027049
0.083994297
0.11810059
0.0175885
0.046107607
0.02313327
0.19849094
0.001562177
0.1636454
0.068403288
0.1993826
0.061741067
0.0015033472
0.17795693
0.10501546
0.043622029
0.13441957
0.017250195
0.011457452
0.065230124
0.0012491288
0.086063752
0.087667507
0.061132514
0.045764815
0.14128388
0.086401023
0.13375344
0.16677084
0.14080507
0.10237704
0.15736706
0.009534559
0.0030881906
0.19887778
0.13959146
0.068990971
0.093474454
0.093687229
0.074294563
0.024062297
0.043449434
0.11375944
0.016918989
0.13788944
0.071646373
0.073501567
0.13861838
0.10106275
0.14578036
0.15030264
0.092605431
0.10760435
0.1329129
0.18229198
0.00053673572
0.012833563
0.13942416
0.19225301
0.019460559
0.059085014
0.042571193
0.009942441
0.049587071
0.024614061
0.00060689059
0.0011779392
0.13117383
0.012378565
0.068167948
0.07415053
0.13295072
0.064086922
-0.0013735426
0.0050405883
0.0067990045
0.00083211461
0.1751381
0.16645022
0.026788564
0.058253674
0.093465753
0.0014912355
0.13309159
0.12376709
0.1770965
0.10390713
0.18813906
0.17877024
0.088674198
0.14280598
0.17628257
0.047601735
0.17729968
0.048758945
0.073648808
0.11060107
0.083010192
0.20009874
0.065328024
0.16910901
0.18562386
0.12582552
0.16358478
0.11854373
0.18919742
0.17977216
0.11551039
0.1839314
0.064083511
0.15817439
0.09978076
0.11544446
0.048122715
0.081437072
0.11607854
0.13732975
0.10280439
0.062465824
0.13102548
0.17382008
0.10473714
0.0086221523
0.076466253
0.040227915
0.096923383
0.15084649
0.19494624
0.14056954
0.013500525
0.071715054
0.024293701
0.030861766
0.075042504
0.13884295
0.018976486
0.042543947
0.15251688
0.028551411
0.18269683
0.14518262
0.15144197
0.051327131
0.034091266
0.12130338
0.073626254
0.1247933
0.094632191
0.030821536
0.19050766
0.060241502
0.08601235
0.17356014
0.16519585
0.0082375729
0.065916107
0.14721279
0.07144291
0.031627949
0.071785092
0.019178705
0.077454904
0.01425833
0.00110298
0.0012407368
0.21234361
0.061092636
0.18858046
0.10488578
0.059233718
0.086528941
0.04258125
0.067390939
0.071205174
0.035923953
0.19079687
0.1516519
0.054579744
0.12562797
0.11668574
0.0084971003
0.087884938
0.033519246
0.099838347
0.21014443
0.010026945
0.113313
0.089241251
0.14409598
0.19221118
0.17761059
0.0011676519
0.20256695
0.042527256
0.080477761
0.097199973
0.2159515
0.21002706
0.10804936
0.13288709
0.1158609
0.15106235
0.0083716921
0.16917789
0.0017832164
0.13395217
0.12710118
0.092423814
0.19190424
0.18318847
0.10730507
0.087192057
0.054864231
0.18757855
0.20402826
0.033952088
0.086529842
0.033965871
0.047013415
0.14296503
0.12363459
0.2082341
0.098608089
0.14316656
0.037393379
0.064818952
0.037420364
0.19057912
0.061382276
0.035300666
0.071038645
0.11569165
0.13869759
0.076964738
0.090850978
0.079009933
0.020185463
0.063203281
0.072585786
0.18476454
0.01191378
0.1881116
0.14746849
0.031317673
0.15253043
0.080585833
0.012123501
0.1104368
0.032918647
0.006205479
0.16259121
0.094371572
0.051376233
0.10997918
0.025732945
0.11805732
0.045616831
0.178914
0.0073283744
0.079378232
0.061044955
0.18317009
0.15231945
0.18761697
0.10032091
0.20155334
0.037696447
0.11316454
0.074073792
0.19230467
0.077567282
0.13338516
0.15292339
0.071284515
0.0088689316
0.11434911
0.028734314
0.16787189
0.032450044
0.031466738
0.046023666
0.17812762
0.0018145603
0.17067127
0.03736752
0.21034954
0.077613184
0.095836973
0.17648536
0.17290071
0.080102735
0.12565613
0.11809426
0.047196374
0.10183473
0.025071535
0.063025598
0.11300983
0.19808107
0.00026305421
0.061714735
0.10367642
0.065970538
0.083667081
0.14523918
0.0085860796
0.069761904
0.054565451
0.065842177
0.061479257
0.12447588
0.17724392
0.018586406
0.15994085
0.11155462
0.019365564
0.087203032
0.074309741
0.00088107438
0.090454448
0.14471315
0.049433495
0.12804485
0.049916624
0.16589513
0.04589107
0.11156449
0.033517745
0.1638698
0.14786488
0.11780172
0.12529472
0.065341666
0.024745003
0.14376864
0.091050407
0.0132937
0.20444112
0.042019094
0.21571794
0.1334956
0.14649098
0.095411359
0.058871505
0.10464262
0.11004239
0.091389294
0.07836167
0.12163044
0.18962561
0.12199317
0.21511939
0.039678108
0.055120497
0.038869159
0.20329296
0.12116521
0.074769946
0.20361594
0.14623091
0.0052748772
0.032832512
0.020310386
0.15767297
0.10253048
0.17638897
0.082675336
0.19354402
0.094913857
0.067778972
0.21525908
0.096183179
0.17000612
0.20866404
0.1986319
0.11371257
0.00063289264
0.143034
0.05240409
0.18924035
0.1354372
0.094626762
0.19285591
0.17763321
0.053128972
0.042405441
0.12421517
0.058715453
0.11408207
0.086277953
0.13050716
0.20362205
0.091090242
0.0067467775
0.072427757
0.045650085
0.10287933
0.070292991
0.04030037
0.020367935
0.083253458
0.011959075
0.10061124
0.13878354
0.035786983
0.0021353666
0.054164663
0.034970281
0.053532681
0.042962212
0.011427132
0.17613329
0.19760121
0.094711152
0.040367036
0.13619613
0.055089206
0.095990661
0.16897596
0.088240423
0.061483182
0.15411428
0.014307225
0.18758425
0.020757795
0.015806153
0.12414811
0.20165115
0.18106197
0.21160039
0.12295214
0.023787067
0.06417243
0.18741166
0.10009909
0.012650304
0.14251195
0.027193595
0.00073231652
0.10548837
0.10488515
0.11617281
0.0015406002
0.11725571
0.17069463
0.084686022
-0.00055604139
0.18131163
0.15826666
0.0049425255
0.05200236
0.034781352
0.18955044
0.047524041
0.0089213593
0.052083268
0.11810527
0.17012974
0.15531655
0.076867441
0.040181586
0.10865752
0.16573388
0.022733025
0.16331677
0.073348855
0.12476176
0.14952852
0.015549013
0.1480775
0.21517592
0.080893755
0.035808754
0.1465887
0.069436102
0.12316474
0.15747309
0.020136652
0.063346016
0.17693022
0.015469176
0.020342616
0.095588132
0.072049151
0.073025693
0.0016626388
0.11591451
0.01767712
0.1586174
0.051680921
0.10159603
0.17999985
0.16617617
0.0014587421
0.17398648
0.04770122
0.11424119
0.13342119
0.1827179
0.067380232
0.073880259
0.19871748
0.08988834
0.050109707
0.15994517
0.14866691
0.065154126
-0.00069298915
0.022108827
0.023928629
0.1547412
0.18766357
0.0778962
0.00075539174
0.085304697
0.11941082
0.2157433
0.17310925
0.0072071366
0.032808187
0.046016271
0.050583477
0.070859117
0.11180359
0.16181809
0.059069392
0.19892328
0.17735914
0.042429888
0.038268039
0.068084411
0.024786407
0.18115875
0.12134628
0.047901854
0.16361162
0.027715546
0.038347885
0.1162693
0.16025505
0.14780007
0.1227378
0.090499659
0.13123663
0.13211625
0.098830129
0.011419744
0.017318504
0.037208151
0.057532717
0.00043907172
0.091189455
0.026077356
0.20806269
0.14070385
0.2009767
0.11213693
0.0013817859
0.047860252
0.027379139
0.070221939
0.18371853
0.19104907
0.0013689111
0.07762421
0.1702823
0.066247847
0.12043631
0.14807735
0.16158457
0.072077612
0.075578884
0.12605478
0.01667993
0.18353034
0.097820535
0.071154876
0.15421615
0.048136123
0.042400058
0.14925554
0.046416462
0.10578253
0.079753539
0.15845143
0.17679203
0.19043879
0.17087401
0.14832711
0.19679302
0.066933357
0.14487899
0.055186068
0.15636048
0.051338108
0.20247102
-0.00033145866
0.21565196
0.21537297
0.03298676
0.10130568
0.010812731
0.12716365
0.16349936
0.11644314
0.11158224
0.077778216
0.13260649
0.15740829
0.077778784
0.026564867
0.076172821
0.09262011
0.20935941
0.12229398
0.11597517
0.065504199
0.2091106
0.027794431
0.17949089
0.18328882
0.037125714
0.039507085
0.21526069
0.1273907
0.14609423
0.11944639
0.17917118
0.082518179
0.10194051
0.0023516839
0.07764151
0.18725999
0.1579544
0.20471103
0.15422816
0.014550972
0.20802732
0.14520238
0.074574
0.00018113807
0.067683758
0.081893449
0.12299061
0.032708409
0.11777518
0.03236473
0.093416204
0.087776482
0.079507211
0.025716004
0.11473864
0.12103701
0.17162548
0.04175346
0.018512686
0.056716742
0.11662514
0.075736389
0.093679908
0.11861385
0.21528691
0.046441169
0.019141612
0.11015691
0.014825908
0.11242245
0.16409844
0.095716996
0.058051165
0.14098388
0.049891
0.018678084
0.0039709377
0.16267133
0.13550157
0.17896071
0.020745374
0.21536661
0.14267415
0.036692858
0.018921381
0.11291499
0.13616441
0.11212995
0.18048867
0.053359606
0.13167939
0.013642524
0.083024812
0.060025879
0.2081114
0.16536355
0.088392593
0.025254011
0.034545109
0.17430977
0.013985073
0.042822633
0.10890979
0.08835411
0.064192478
0.038336094
0.096972326
0.16342104
0.11203714
0.20700605
0.024130057
0.10348599
0.00069334894
0.11785639
0.073660672
0.031750538
0.027576052
0.20238118
0.093810202
0.12726389
0.17035529
0.15162813
0.00017696098
0.034181255
0.10685971
0.075720755
0.00086768232
0.13275095
0.048028566
0.050758633
0.06635044
0.054278619
0.208065
0.14531126
0.15317366
0.038989465
0.12181183
0.063364669
0.00010895951
0.094625947
0.20458618
0.11518251
0.089036924
0.055314876
0.15832236
0.010409915
0.018327622
0.13193841
0.19605864
0.099836002
0.047853706
0.033582502
0.096117755
0.080883809
0.00027594285
0.087374473
0.12497301
0.020227317
0.20153386
0.057574931
0.10319037
0.11839747
0.085988777
0.096318459
0.18269727
0.19330412
0.10305818
0.154024
0.18229757
0.15549077
0.12545328
0.03164129
0.20889284
0.048804646
0.044946627
0.078318985
0.0011141439
0.086306092
0.0090933046
0.034517118
0.11373005
0.18393625
0.036807484
0.1165771
0.032738093
0.031228253
0.11464628
0.15013417
0.068171649
0.14465344
0.086084163
0.025515937
0.1804639
0.038112923
0.11888944
0.059660513
0.15239785
0.18906088
0.13799651
0.1354081
0.014314123
0.21595726
0.026229538
0.019863377
0.12496316
0.13586058
0.16452346
0.11732903
0.023442174
0.16501171
0.070570397
0.11830643
0.14307296
0.16974037
0.051872236
0.17850869
0.053628525
0.11940493
0.19559098
0.042450571
0.18265082
0.042392433
0.05442596
0.21516731
0.1776034
0.15109408
0.18254356
0.1959783
0.078224362
0.049742892
0.01910391
0.18595266
0.010833879
0.014068422
0.015742101
0.057424859
0.18601097
0.091031103
0.19098707
0.084243102
0.16638446
0.16405802
0.033888095
0.04365711
0.08117075
0.17933579
0.16482063
0.011199233
0.033356065
0.0072558493
0.0076431809
0.023179437
0.097327178
0.14823835
0.077945141
0.13717099
0.20677502
0.1615725
0.046950034
0.15354564
0.083058496
0.053182094
0.2093113
0.085844622
0.19585017
0.00015886864
0.061338351
0.17751286
0.1082518
0.11381692
0.01792165
0.19900136
0.14605253
0.11633744
0.14557023
0.081780412
0.076622645
0.080406894
0.083273969
0.16877897
0.058396479
0.20212496
0.11491677
0.0015874759
0.12836048
0.13956609
0.0051750332
0.02597086
0.037444911
0.029979155
0.21548045
0.20050552
0.18921703
0.19588155
0.055434998
0.16587303
0.047272745
0.0049942522
0.11891387
0.028209693
0.0016777805
0.027207652
0.01719279
0.19383987
0.11743911
0.073220759
0.13453841
0.16895559
0.19833853
0.15150756
0.046334936
0.043124003
0.11978066
0.21634946
0.092761362
0.076522847
0.14583965
0.1753381
0.050230628
0.078979391
0.0049030252
0.044036161
0.11145714
0.11136632
0.11636336
0.018559996
0.00041442007
0.17688578
0.1248335
0.024831029
0.19336732
0.10179756
0.19551784
0.085445605
0.046923635
0.082754348
0.095672235
0.01583394
0.15991844
0.042099809
0.030593105
0.0015205577
0.051281446
0.001317973
0.1625576
0.093649271
0.14648481
0.048512065
0.093854579
0.11985148
0.095092765
0.13804385
0.17938884
0.072130023
0.12447644
0.056394782
0.092979767
0.13091605
0.14550325
0.0016313707
0.12108142
0.13874096
0.057228083
0.082825031
0.11838276
0.062795321
0.037855674
0.011801777
0.022637107
0.21112282
0.018448365
0.14234779
0.15747855
0.17003934
0.038988052
0.072692971
0.020020768
0.03196243
0.18859187
0.16448206
0.024484846
0.067738461
0.10884876
0.074748051
0.068367441
0.13501005
0.092150579
0.074686839
0.035419457
0.13538452
0.055322266
0.18498989
0.041454721
0.10950645
0.002838691
0.12475018
0.16512865
0.01693026
0.09894525
0.18392184
0.10824254
0.15365799
0.16700952
0.00098294719
0.020133344
0.1322529
0.0027824004
0.0012406017
0.0013568413
0.18537609
0.18529424
0.041467302
0.17423118
0.11271372
0.1872522
0.06391839
0.069774294
0.15319287
0.038336634
0.092511838
0.087169039
0.047265521
0.13974131
0.085936745
0.14648368
0.0491701
0.13404114
0.019750816
0.14696229
0.086358548
0.16757588
0.12232101
0.00098490926
0.1889479
0.020519574
0.044531613
0.15432689
0.096907209
0.050718296
0.15526814
0.0010114653
0.13711572
0.15810465
0.075893679
0.1068416
0.020666578
0.0069557263
0.09363345
0.17783187
0.1822101
0.15423063
0.13311506
0.041569405
0.20027895
0.041007812
0.041162736
0.069268253
0.077983022
0.12159044
0.015127747
0.14727679
0.087578895
0.009580762
0.14083052
0.15217093
0.00074867356
0.12892867
0.21585062
0.15186164
0.19474099
0.10385522
0.0067802893
0.18360127
0.13425432
0.15190801
0.06788107
0.019361938
0.047122552
0.13376909
0.13506282
0.0951196
0.12716282
0.012462804
0.160481
0.037677794
0.097755826
0.16324209
0.17716547
0.090895589
0.052078852
0.047956618
0.0211734
0.047791531
0.2019588
0.11096838
0.12691585
0.097118733
0.11271643
0.064065731
0.054439246
0.028731595
0.14930842
0.19466299
0.014377647
0.0015150629
0.160749
0.024347123
0.025279491
0.099222267
0.14808016
0.1792963
0.039956703
0.10373559
0.096819685
0.080486558
0.17777955
0.18703142
0.013503197
0.0106433
0.10784485
0.14591549
0.18255552
0.18655423
0.088636665
0.076075789
0.072177897
0.16112164
0.095253344
0.13694456
0.063649178
0.17333827
0.042957547
0.13769042
0.022305946
0.002135707
0.11471307
0.20264078
0.12755863
0.1116536
0.20440155
0.18938308
0.17638588
0.031566936
0.090764966
0.20522599
0.15919033
0.15289192
0.069782883
0.037552688
0.13765924
0.10509725
0.064884414
0.078782241
0.09341633
0.072096516
0.1979624
0.14047269
0.08031173
0.093766934
0.21595435
0.087123723
0.14204253
0.074494928
0.097542763
0.022554288
0.16302146
0.025631603
0.061044181
0.025207308
0.039781121
0.080974073
0.19557108
0.10390947
0.10828049
0.2100387
0.024983288
0.013362626
0.053960725
0.16101837
0.048627453
0.063925846
0.1153969
0.098704006
0.17894883
0.083080027
0.13223818
0.11018049
0.0088137773
0.10801031
0.14958773
-5.0650941e-06
0.13669376
0.11395931
0.10403682
0.045670673
0.21378237
0.030846567
0.0061600671
0.099582032
0.11403653
0.11948822
0.13507992
0.12685447
0.19737228
0.077954571
0.11837529
0.049892824
0.023435484
0.014269731
0.18787861
0.053979837
0.12375808
0.027779668
0.13835423
0.14631612
0.043678319
0.012735653
0.21535044
0.043423105
0.14114363
0.11726816
0.040709397
0.037149092
0.21521542
0.14748059
0.022475746
0.034505732
0.079770062
0.19411738
0.11383931
0.16941284
0.080654219
0.094289097
0.084689726
0.059191084
0.20308744
0.058353852
0.20481644
0.13806203
0.002075673
0.043934626
0.097503458
0.078399121
0.13948579
0.09089133
0.17860541
0.050794738
0.02709941
0.089755286
0.071422116
0.066534888
0.036407834
0.19884069
0.20751119
0.17619461
0.15769813
0.17375937
0.069514193
0.075430022
0.12935788
0.14265186
0.16926953
0.026636507
0.054090686
0.15120666
0.17715719
0.10158079
0.096884968
0.072790895
0.048658634
0.21570812
0.071473235
0.069958946
0.10339023
0.065985423
0.15812807
0.0096292256
0.14413786
0.068627505
0.17965709
0.17900613
0.15314558
0.072344009
0.20631608
0.1010059
0.024231661
0.11172977
0.18777044
0.17387748
0.18620633
0.20789473
0.13545014
0.20684162
0.14108755
0.12796243
0.08144936
0.15022483
0.19739564
0.10993718
0.19003653
0.031738422
0.027581348
0.06717992
0.097488939
0.064717908
0.043255901
0.0015992705
0.029580615
0.085345082
0.10012079
0.12693437
0.070480102
0.10804555
0.074988086
0.21563654
0.11841987
0.093424414
0.13966897
0.0027115227
0.16558185
0.020069983
0.045925461
0.056023493
0.00079233356
0.20042065
0.073674085
0.023218589
0.065991213
0.037467324
0.015742379
0.13955913
0.10916488
0.13641915
0.046137163
0.10391295
0.11010098
0.20114108
0.20510538
0.11607831
0.068676207
0.10613771
0.08826595
0.037096231
0.031823693
0.071125172
0.084400171
0.022466189
0.0013236588
0.17856383
0.15885691
0.10445118
0.17785003
0.15931718
0.13459979
0.064138674
0.097515155
0.090448491
0.012784545
0.18738004
0.14270613
0.12909858
0.0093150349
0.19980761
0.098583729
0.12660155
0.19845825
0.18739054
0.15695271
0.050407223
0.040957051
0.061820369
0.035983414
0.065175778
0.068453095
0.14853349
0.045290989
0.09605984
0.18064334
0.052761381
0.021463128
0.18305174
0.074984845
0.010969786
0.096307557
0.065267534
0.21602148
0.065891443
0.025519635
0.12925549
0.10453696
0.13476369
0.04788412
0.098017518
0.17849519
0.19784921
0.041269847
0.051871899
0.11195615
0.023924969
0.0296237
0.11093319
0.080634549
0.09144181
0.05691235
0.134452
0.13472743
0.11695593
0.16850306
0.17013645
0.092749453
0.12079564
0.17581559
0.12913371
0.038353204
0.11007712
0.080518376
0.19133458
0.14938433
0.18808494
0.20487626
0.024652212
0.17989401
0.21532782
0.14470643
0.20262633
0.074772345
0.15711954
0.036656388
0.14037921
0.12642745
0.17492086
0.03738512
0.16355061
0.12734187
0.11577956
0.13599485
0.049361453
0.19627073
0.15546411
0.071675179
0.13884889
0.040925682
0.0010029672
0.025415704
0.073653294
0.0086016969
0.01590684
0.18039509
0.15687771
0.083111336
0.19195126
0.028385915
0.21605738
0.12023276
0.045049246
0.060305201
0.1103225
0.15067534
0.0014477943
0.19805
0.057018008
0.0067352281
0.18791959
0.179904
0.03777611
0.19378253
0.21579415
0.16098778
0.11169193
0.19867047
0.07173104
0.20804019
0.20862223
0.16926298
0.070696889
0.13613908
0.077140215
0.018015533
0.20066249
0.10569367
0.00089956877
0.15122619
0.020597152
0.025795782
0.095804856
0.01854914
0.018325566
0.058595318
0.21533222
0.12084602
0.033766114
0.17114107
0.0008895285
0.036256432
0.050597281
0.12228045
0.015771715
0.16845905
0.046240745
0.082902554
0.12672399
0.078580044
0.037703843
0.10585304
0.11076456
0.074483948
0.057064579
0.14355217
0.069375051
0.18371298
0.029260112
0.00036454713
0.039557352
0.12348595
0.035794457
0.012044684
0.028757993
0.034610448
0.086080327
0.16092279
0.13215939
0.18074827
0.067617673
0.03474447
0.065871438
0.11775584
0.17957332
0.13346684
0.070614466
0.031852356
0.14224054
0.20296554
0.01231019
0.12334189
0.012733721
0.16468311
0.028545761
0.15737607
0.081227355
0.041864908
0.092096176
0.16490286
0.16319724
0.16755745
0.078143155
0.16196993
0.17202162
0.17527144
0.14911721
0.13502029
0.019803108
0.071152765
0.17579232
0.078380009
0.14977815
0.1296248
0.051206538
0.15129211
0.024362745
0.10964982
0.077615031
0.053939207
0.21531907
0.1074516
0.078917311
0.090115003
0.19365341
0.071002122
0.03792614
0.1809983
0.17843079
0.10276697
0.088292076
0.091743727
0.038198418
0.0038475646
0.14230909
0.12616904
0.16229422
0.038448215
0.15359569
0.028154581
0.18151492
0.0032214397
0.098575819
0.020236321
0.18036261
0.20425729
0.09872252
0.11388607
0.090574968
0.19032743
0.051172758
0.12147923
0.18774091
0.14611096
0.15230135
0.15262561
0.021485967
0.081213326
0.094220878
0.16677998
0.039787006
0.19279569
0.018781127
0.14618421
0.034554442
0.20999304
0.0111119
0.12244268
0.11443183
0.1155658
0.10063114
0.1799392
0.17766892
0.11379061
0.11490133
0.041305691
0.085354
0.10370776
0.13720607
0.070502148
0.11786176
0.17876553
0.15816038
0.072584849
0.16403099
0.04098224
0.13955069
0.017892364
0.19792265
0.20379834
0.097273681
0.022786616
0.023595981
0.11336103
0.087435339
0.016744043
0.10649372
0.15966671
0.16611371
0.14726801
0.18063033
0.19135954
0.031631446
0.13173442
0.054099324
0.074837241
0.15924677
0.076482841
0.15250852
0.086262652
0.19760304
0.16414075
0.053205962
0.14613922
0.14888486
0.080919618
0.078073654
0.024219041
0.1469359
0.098895013
0.074399087
0.15080713
0.098385516
0.20298162
0.16302661
0.04897938
0.094157786
0.097467745
0.1321153
0.043237022
0.037901851
0.13389486
0.07784698
0.20792241
0.1788425
0.021720192
0.062997375
0.13571272
0.034071923
0.033827335
0.03321965
0.14376682
0.093958051
0.049625977
0.0014801332
0.041931359
0.059777338
0.061074838
0.19627684
0.0066657151
0.031560813
0.031937268
0.084243787
0.12154891
0.17330438
0.096748675
0.056796538
0.19521083
0.014803618
0.018742873
0.11461192
0.071382379
0.0029356451
0.077817691
0.20999999
0.14364495
0.1628756
0.065193463
0.18291861
0.15333178
0.16400388
0.16846273
0.21562048
0.11930402
0.036760126
0.19434371
0.16279666
0.00067807236
0.087619658
0.086738309
0.089639779
0.11019388
0.044439584
0.025215696
0.13343173
0.018960575
0.086332731
0.020569488
0.035713486
0.087934673
0.12663162
0.11758693
0.044150062
0.15107127
0.17847373
0.1689513
0.13914955
0.14580783
0.11929116
0.075353705
0.037668989
0.025735422
0.082360311
0.052038872
0.112781
0.074547251
0.14549788
0.17049814
0.11844172
0.031087803
0.057799956
0.077116817
0.17823242
0.090926634
0.035476681
0.095802419
0.21566373
0.046213893
0.059674892
0.10769979
0.15172951
0.1176608
0.049405692
0.068653936
0.085714291
0.15028452
0.17934808
0.15820621
0.16664645
0.0734215
0.12940699
0.059976889
0.099902981
0.15874197
0.066999098
0.083267918
0.19343495
0.14835547
0.14513882
0.12478104
0.030039502
0.1692414
0.14608621
0.09266024
0.18174229
0.18435186
0.022196041
0.1938645
0.03771566
0.19467084
0.1821271
0.10228705
0.13168339
0.051465195
0.056011178
0.053286951
0.048708774
0.14701277
0.031687174
0.20904092
0.14652099
0.17425249
0.018836227
0.20453139
0.014621114
0.17406599
0.17837788
0.19957916
0.016847025
0.09161662
0.0010493129
0.10184019
0.074791482
0.087093942
0.029162329
0.051088106
0.12021566
0.20000401
0.080104836
0.063524674
0.21197335
0.043371157
0.15692088
0.029797558
0.12727204
0.15876268
0.15457648
0.19824824
0.055882164
0.16859642
0.079290592
0.053986108
0.07443277
0.13666264
0.068688703
0.19842149
0.11981955
0.17390479
0.13105067
0.043223088
0.033499644
0.1443943
0.048399036
0.11278329
0.13338329
0.13872202
0.031730608
0.098064225
0.11863292
0.14473605
0.07315077
0.056583694
0.019357547
0.12757677
0.21577907
0.021833896
0.17975116
0.099412317
0.1367678
0.11230197
0.15283742
0.041044942
0.15112763
0.038469183
0.040860067
0.13822586
0.15026213
0.019365333
0.1271693
0.21606355
0.11749256
0.15409314
0.0080406308
0.12259746
0.16721981
0.13571745
0.12579047
0.14347906
0.071172703
0.19284092
0.017305016
0.17882008
0.066109676
0.17862517
0.1022071
0.16440052
0.12657798
0.18786252
0.15325331
0.073853714
0.082615465
0.20893363
0.097839162
0.11808286
0.11135169
0.18146613
0.21540724
0.082725132
0.00021041085
0.1379246
0.00095390732
0.11320308
0.10600021
0.14946255
0.21545976
0.025402669
0.17364546
0.0068052119
0.097852355
0.092924196
0.1386392
0.076727821
0.1554736
0.15342231
0.10993894
0.15745593
0.11385236
0.027731646
0.042207148
0.075252697
0.074656371
0.06585861
0.12253288
0.15126778
0.085452002
0.035449741
0.058026107
0.092572456
0.018435963
0.21559178
0.20696135
0.084420855
0.041878252
0.050827901
0.079190259
0.031897804
0.032696662
0.05325507
0.17877166
0.10349036
0.073954665
0.038125405
0.09601003
0.18562979
0.15970083
0.13965189
0.10857342
0.16832556
0.065143716
0.091628354
0.021970857
0.13299701
0.13363913
0.064658537
0.026441165
0.028231687
0.017492242
0.21559105
0.12653754
0.060786477
0.14108699
0.16948027
0.21631155
0.18960785
0.028060281
0.1245396
0.19337615
0.081041418
0.012842718
0.19736136
0.079872519
0.00070818523
0.033437466
0.14130535
0.028332735
0.10422947
0.12624708
0.12516246
0.086261169
0.017472997
0.041148719
0.050534175
0.18959741
0.011301883
0.063212992
0.076221519
0.14316
0.088661717
0.20078571
0.065311256
0.09646628
0.12185438
0.12524664
0.094837493
0.17664898
0.15099345
0.20997971
0.17901145
0.072385578
0.0015144308
0.081753706
0.20861059
0.14808668
0.17713105
0.20543031
0.10311884
0.00095968409
0.10683409
0.10757506
0.03549624
0.0075380117
0.044897045
0.037994161
0.19950857
0.093879717
0.023404625
0.20519999
0.1826117
0.10706531
0.076615054
0.043553808
0.093386532
0.14797654
0.13346259
0.11143679
0.0067527293
0.16685962
0.035352863
0.1128828
0.13427853
0.071446547
0.073431973
0.065539687
0.19398601
0.20511655
0.057489396
0.078870441
0.18725085
0.15768607
0.1936106
0.18795413
0.11284319
0.0015126673
0.19692599
0.097991691
0.094039979
0.18811101
0.095571564
0.16283354
0.14395153
0.079321984
0.16119553
0.12364349
0.016260684
0.05308101
0.21172668
0.13662301
0.087914062
0.095714821
0.00080811059
0.084733441
0.056553983
0.071451933
0.099032076
0.13363263
0.15910932
0.064001038
0.065384375
0.2153165
0.1204591
0.096917597
0.20309863
0.15594441
0.17889821
0.18317057
0.21586519
0.11997255
0.15805932
0.12582787
0.20130298
0.023725063
0.12084916
0.033969322
0.10118684
0.034029293
0.1725948
0.12529709
0.11228671
0.10339813
0.13285125
0.036345057
0.14780743
0.1664577
0.19226318
0.21475253
0.053487737
0.15293099
0.0574579
0.15800511
0.016809115
0.14853539
0.16598354
0.099773182
0.12157205
0.11440045
0.16316201
0.16399925
0.17569785
0.023402693
0.078360618
0.042580776
0.01814055
0.087788272
0.20133465
0.15865652
0.11807232
0.14375723
0.038627681
0.087330769
0.1848688
0.071056556
0.078576052
0.022587172
0.080768754
0.16885116
0.090067239
0.02611585
0.052008838
0.12813497
0.031847307
0.095532268
0.0016799271
0.1398386
0.065862668
0.18956861
0.15129181
0.09880357
0.0016690111
0.19331146
0.034966829
0.1309442
0.089095569
0.053506503
0.098487093
0.20839635
0.21593966
0.065731394
0.20479526
0.071896911
0.17919253
0.098425839
0.16513856
0.0076167487
0.1210212
0.16322361
0.13756985
0.066716507
0.0014703538
0.14604337
0.036049894
0.16486465
0.11499061
0.057143812
0.11693902
0.10873653
0.10501589
0.09543968
0.0011114587
0.060753307
0.048640109
0.049311167
0.021243531
0.087600334
0.19312478
0.12718735
0.10484288
0.19729764
0.21554174
0.02503588
0.20167262
0.14662719
0.028234624
0.062693562
0.052338092
0.11126153
0.12812625
0.13411209
0.047171114
0.069453341
0.098337684
0.15653618
0.21035155
0.11527631
0.04835294
0.13150166
0.13709838
0.0080650312
0.15692227
0.10360296
0.1896373
0.057929332
0.045454602
0.11364097
0.0012884982
0.074619356
0.19988207
0.1185555
0.18142678
0.20444449
0.14620899
0.028207966
0.14652722
0.081039607
0.10692286
0.1104116
0.057099892
0.080787607
0.06450378
0.13064329
0.081357509
0.17581491
0.099583716
0.13126021
0.13398909
0.045295349
0.12103989
0.17742762
0.12958926
0.16046758
0.011941437
0.038990198
0.075802736
0.0013098366
0.15492696
0.081999695
0.1764404
0.07455377
0.049894048
0.11577781
0.10760827
0.16699411
0.05849379
0.21566751
0.050195353
0.088045754
0.06519845
0.1502371
0.022627544
0.19401294
0.077794602
0.16860262
0.038432378
0.02645589
0.049896313
0.13635734
0.20798752
0.02943643
0.10164065
0.14545874
0.14698306
0.093545196
0.092561532
0.027598779
0.20977977
0.025129015
0.012406748
0.1656514
0.16384969
0.1101522
0.17734709
0.059720804
0.081668759
0.11702653
0.13498337
0.14754559
0.14415402
0.2081974
0.11028631
0.12241041
0.19689552
0.18345865
0.01990029
0.11929683
0.15144339
0.11493286
0.18595349
0.10517101
0.035922475
0.18973579
0.18250347
0.14029721
0.14589868
0.17725759
0.16863882
0.091793724
0.1832697
0.17475085
0.092815474
0.032707446
0.040287251
0.031135753
0.045057569
0.1469766
0.097945973
0.0014341606
0.11008008
0.17988669
0.098721172
0.040271069
0.023757662
0.15253521
0.12415324
0.19266223
0.11415406
0.15306489
0.10952693
0.097384494
0.0013082755
0.021375442
0.088478801
0.088729632
0.07911887
0.18959918
0.11557285
0.036155147
0.061282628
0.0018182657
0.052820941
0.042361743
0.13697488
0.027443633
0.045043662
0.19589759
0.10379148
0.011298261
0.07202626
0.11695848
0.16134602
0.064268208
0.16695097
0.21158658
0.12749984
0.1463386
0.081305683
0.099199865
0.056557664
0.041994214
0.19427751
0.095459415
0.13947464
0.14145362
0.20515791
0.15983576
0.10318056
0.1609671
0.077566784
0.0098064704
0.050995087
0.11408979
0.16054911
0.080296157
0.12109705
0.052301509
0.024077242
0.11971782
0.096788234
0.19495162
0.041636626
0.032901592
0.020624793
0.063177003
0.049133956
0.12517106
0.19566854
0.16796889
0.20936067
0.19064088
0.12256288
0.15110721
0.15696289
0.057544539
0.038935106
0.188039
0.056620949
0.17017131
0.05092105
0.11027349
0.15173388
0.21324822
0.12961534
0.17688811
0.16270383
0.057686081
0.12062446
0.071137668
0.18297241
0.0052727932
0.21596992
0.1323177
0.13581859
0.0048984934
0.00068098135
0.0016856004
0.079582911
0.1687745
0.15916327
0.15783037
0.054199858
0.12329664
0.15795873
0.18510829
0.17054917
0.030302226
0.11162243
0.11722495
0.11869289
0.011011868
0.095797495
0.15288077
0.14357714
0.067081915
0.10637021
0.13366819
0.12888328
0.028000854
0.10713817
0.13575238
0.13001178
0.088105822
0.075953863
0.070675147
0.19386119
0.17808065
0.099785682
0.087964972
0.088527561
0.14141582
0.0014271686
0.10870946
0.075843796
0.19705136
0.016057721
0.014984586
0.11043035
0.07053978
0.17396254
0.049708763
0.096108763
0.14525968
0.13353289
0.01980053
0.1140056
0.031896007
0.040231029
0.14206789
0.16277822
0.12349585
0.1000029
0.16679211
0.15660722
0.11116787
0.044740046
0.082753838
0.00078307236
0.18094922
0.0088681343
0.18955507
0.079937545
0.067654215
0.17494709
0.16378877
0.034570646
0.062607526
0.10262588
0.034698296
0.026441299
0.001526575
0.17927472
0.21248096
0.19566268
0.10787776
0.18126797
0.1434048
0.05193613
0.021922392
0.1859298
0.18011812
0.0012027303
0.19775379
0.14161122
0.19346833
0.11999572
0.1247222
0.19552805
0.12178191
0.21536191
0.14568825
0.078848414
0.016302517
0.02374737
0.082999222
0.16114416
0.037463322
0.071120997
0.16321027
0.16912405
0.15105317
0.015011158
0.098576867
0.024836277
0.16874431
0.21588487
0.10087275
0.060472322
0.045659499
0.099842642
0.1794982
0.016936315
0.11277706
0.019408429
0.17552621
0.04464278
0.021058624
0.13716819
0.048790889
0.089708109
0.08062803
0.034959578
0.2013662
0.16806136
0.057242209
0.13832547
0.17474235
0.058874147
0.027966286
0.022313745
0.16579802
0.057925927
0.096646785
0.055945583
0.064410281
0.11922476
0.02025407
0.011941387
0.11117348
0.19095519
0.027504087
0.18932295
0.11179692
0.18548661
0.18931198
0.19718157
0.086372326
0.18589732
0.022379118
0.031009546
0.1656341
0.17882253
0.079875898
0.1894414
0.16911858
0.026542895
0.11851449
0.044367257
0.17452927
0.17718186
0.17973434
0.093002477
0.066945622
0.12482749
0.041012393
0.18764831
0.21075982
0.072688513
0.17014727
0.050748698
0.11763
0.21601405
0.21545171
0.047977657
0.21582741
0.17718064
0.19742201
0.18619696
0.20962927
0.029993827
0.18995312
0.075636565
0.020165871
0.14280573
0.21546819
0.17234156
-0.00069740983
0.042341073
0.16694792
0.18983201
0.14041403
0.13971902
0.036910293
0.13295505
0.13118628
0.13962621
0.041979609
0.024172394
0.13436263
0.14934221
0.17704655
0.19064606
0.053652991
0.074470096
0.047791593
0.00062164031
0.17676889
0.065419985
0.03235993
0.15841942
0.030549763
0.11425433
0.018023432
0.09398829
0.0016176599
0.00028579321
0.19530075
0.17294681
0.11741528
0.060072552
0.081858458
0.055065991
0.042860085
0.21535675
0.12280976
0.02841712
0.049966888
0.18548742
0.10017676
0.034236058
0.11021148
0.17709564
0.11062442
0.12073112
0.027724555
0.1788956
0.19542704
0.084839223
0.071241657
0.15869907
0.090422036
0.1166025
0.047124982
0.12731725
0.016494974
0.080079988
0.021597183
0.15065584
0.019484042
0.022134558
0.144065
0.16205462
0.13070575
0.17423545
0.10087832
0.14957177
0.016384645
0.015880127
0.018333502
0.038246391
0.16329726
0.16344483
0.10495017
0.17894945
0.10526862
0.028921346
0.11690752
0.18625677
0.13866798
0.15695822
0.036731098
0.21535202
0.13897557
0.010410469
0.21155849
0.20438414
0.12930773
0.032708874
0.074960496
0.20159429
0.072991839
0.16997799
0.0007374297
0.051139581
0.063611189
0.098824677
0.21548941
0.020913697
0.16247974
0.20833799
0.17249766
0.084381512
0.092600426
0.18658905
0.10988252
0.1514011
0.15344548
0.0013046174
0.043378967
0.11171917
0.19756907
0.064468416
0.12690961
0.095154698
0.0014260027
0.042972662
0.16068416
0.14811622
0.037688914
0.044535016
0.15646911
0.17551357
0.11300192
0.19642087
0.053520674
0.15108309
0.093631101
0.010422656
0.12648061
0.21512648
0.034223621
0.21541073
0.0011075242
0.097752627
0.12043974
0.011330051
0.18759047
0.093049972
0.053632329
0.14356514
0.21576259
0.12786106
0.054983836
0.20718715
0.1135977
0.048797686
0.011941076
0.059762419
0.11870219
0.15062934
0.11743366
0.070985495
0.15833255
0.14414477
0.078196869
0.10934444
0.044000878
0.023085763
0.14651069
0.11775279
0.16519604
0.061883796
0.18843762
0.058162596
0.0016808411
0.11749448
0.073413995
0.13509808
0.11678291
0.1061142
0.09075368
0.095406995
0.20116768
0.18881631
0.034548759
0.016195112
0.15151883
0.053857894
0.14685221
0.14148123
0.065278261
0.0015245204
0.18840284
0.12473156
0.15055032
0.13907537
0.063697963
0.058965477
0.10719752
0.16926311
0.056993118
0.13961192
0.12215034
0.10910965
0.0056741005
0.068230018
0.15674175
0.057001413
0.12175606
0.15846722
0.16880935
0.16924685
0.053637934
0.1891433
0.080265339
0.15588812
0.14141659
0.0033119669
0.081766127
0.18502707
0.13883153
0.07716239
0.077835741
0.18589274
0.10297361
0.0036977352
0.19622369
0.099245475
0.12551984
0.11215575
0.2157757
0.0044582595
0.19203782
0.19601668
0.18898943
0.14300039
0.08708583
0.14066304
0.024138796
0.065140084
0.2158781
0.13259998
0.11555161
0.081774939
0.11443191
0.025958751
0.12234345
0.11868356
0.075826195
0.1573427
0.20547162
0.037996146
0.12430654
0.19846319
0.080556395
0.17258788
0.15847025
0.0068456304
0.21533441
0.094891026
0.19190961
0.12486524
0.16721918
0.052217499
0.03727398
0.16012919
0.038382241
0.21531068
0.13589595
0.041704759
0.1968831
0.0097133284
0.15894632
0.098830054
0.12110618
0.11477886
0.13178207
0.032553019
0.027913328
0.01566732
0.10219116
0.15119951
0.034233579
0.10203494
0.05478791
0.060311073
0.1383638
0.062718209
0.16500288
0.046935399
0.16946573
0.041733406
0.13926985
0.01736593
0.18175966
0.092629377
0.19352601
0.11531246
0.14456913
0.029467739
0.032085695
0.033756298
0.10199672
0.14084088
0.15554424
0.15646619
0.14180771
0.15793574
0.15457668
0.062917232
0.16138011
0.2146692
0.19355672
0.10283656
0.11926612
0.21560159
0.049828047
0.169594
0.086855633
0.15773515
0.080085649
0.16207367
0.14433338
0.20237044
0.0011831967
0.19352418
0.21542725
0.18263895
0.074325031
0.21578137
0.21602183
0.047353256
0.15351821
0.15102626
0.097726889
0.12253067
0.078744457
0.011342521
0.13263229
0.024615739
0.019948444
0.097390538
0.16727277
0.096123553
0.16195168
0.11128268
0.14646708
0.10203615
0.068718181
0.031226206
0.04418451
0.087624189
0.093191732
0.10113599
0.12978247
0.019051985
0.16279131
0.1545441
0.045455159
0.021142048
0.20810926
0.12087806
0.046047421
0.16305181
0.13548797
0.1860031
0.020039
0.21629878
0.05832709
0.20275864
0.20347874
0.05815559
0.18845883
0.11636715
0.12121103
0.093493563
0.0013636598
0.001470462
0.09265674
0.10985995
0.033264836
0.12807225
0.015681735
0.15331411
0.13318191
0.14489195
0.034309587
0.07378381
0.18022704
0.0011516489
0.18068399
0.13283535
0.081848578
0.13599982
0.14289524
0.00095710344
0.016646887
0.015710455
0.11254365
0.10022604
0.00077213762
0.19787655
0.047012318
0.10968312
0.0026195658
0.10690289
0.17524502
0.0067039715
0.089360761
0.21613202
0.038371361
0.0042912684
0.20272968
0.0016111931
0.1423167
0.028410556
0.011052262
0.04150167
0.13309934
0.051169317
0.040737026
0.20602566
0.20734979
0.15440283
0.18304973
0.04212307
0.092510194
0.061318988
0.0012381575
0.089597373
0.21556469
0.15905893
0.17201128
0.20239753
0.042784045
0.1168659
0.179772
0.18319914
0.11170861
0.017116366
0.0009667571
0.010004798
0.059108562
0.20291248
0.046204185
0.10990285
0.11864896
0.1236777
0.046874775
0.10896286
0.1372621
0.00080041222
0.18836185
0.20265431
0.11272829
0.20336104
0.019759879
0.18907303
0.09178255
0.11617538
0.043772571
0.099147954
0.13335912
0.076650287
0.023393319
0.083534208
0.16864486
0.094828179
0.17287278
0.17480577
0.052153622
0.1402971
0.011583236
0.16907299
0.12500169
0.12077858
0.065940558
0.0010218064
0.15190271
0.18731782
0.18513029
0.11987505
0.17361314
0.086529012
0.15859298
0.13048539
0.00087447179
0.093821585
0.044647896
0.051600816
0.094928723
0.11281645
0.037095042
0.19114767
0.12382251
0.17814913
0.023086815
0.17096485
0.14584629
0.058467543
0.1341394
0.016941836
0.06926195
0.11277103
0.02201001
0.05819179
0.17281267
0.035592191
0.00025015152
0.12503576
0.0050808835
0.13614557
0.13745592
0.16148163
0.088462772
0.032352723
0.0012994188
0.086589068
0.1436989
0.16149286
0.097974705
0.0015275423
0.072475558
0.068845818
0.20363663
0.13829112
0.20561114
0.028228141
0.065797912
0.087491545
0.059328841
0.089371114
0.16436314
0.14842129
0.051765025
0.14944348
0.11380607
0.084224573
0.19631886
0.069100733
0.086524384
0.18760414
0.14057816
0.090159715
0.019796074
0.016103435
0.12794332
0.019803392
0.153334
0.069251314
0.16336825
0.12542306
0.18055316
0.12205854
0.067645274
0.18750339
0.063633627
0.14233934
0.070806713
0.0033914647
0.18759191
0.061900189
0.047868939
0.14071328
0.14311501
0.06450094
0.19364049
0.0078812665
0.078384055
0.11156683
0.085273927
0.0015953259
0.063711214
0.0017396616
0.028800477
0.14417002
0.074613209
0.080167254
0.19771585
0.039746837
0.064419482
0.034121935
0.1527905
0.10897808
0.00059225414
0.10012179
0.093220617
0.00114115
0.13283337
0.037436377
0.20765074
0.098017158
0.18136629
0.078540188
0.049004403
0.10224118
0.037487979
0.042582773
0.1323243
0.054901548
0.13521804
0.070081096
0.043413438
0.0033104345
0.10828121
0.031354121
0.095307151
0.039105914
0.10041533
0.064979248
0.081032502
0.16630202
0.023895668
0.058758438
0.043484568
0.015405242
0.14306554
0.020865773
0.1063841
0.05067594
0.028103816
0.20322589
0.21528725
0.20989242
-0.0010683814
0.020084745
0.13653601
0.078489714
0.13994162
0.1177802
0.13710555
0.10337912
0.14541312
0.19055369
0.12053416
0.13962135
0.040936653
0.16403107
0.18999062
0.15534891
0.20752499
0.11315993
0.078692622
0.072245798
0.20149422
0.20274757
0.073579955
0.074148204
0.21532851
0.15388874
0.012354359
0.071262585
0.063161878
0.17576101
0.06360151
0.10814605
0.046707263
0.046553652
0.058718246
0.20662863
0.11808972
0.12687403
0.027262478
0.11385441
0.12539837
0.083240732
0.061015057
0.092076611
0.013651501
0.12496154
0.073542224
0.027923385
-0.00090772688
0.14511674
0.17975307
0.16261621
0.15776909
0.046231335
0.17595411
0.059964418
0.13518336
0.11597746
0.13939402
0.11975848
0.066767393
0.079385962
0.15148748
0.19270994
0.077414712
0.054347574
0.19425191
0.17667988
0.19763159
0.073192415
0.1474242
0.042477366
0.0015858888
0.060997532
0.02126967
0.10125358
0.13765178
0.058334706
0.10722696
0.12489089
0.10821383
0.13843501
0.099634745
0.13395345
0.15680997
0.010165759
0.15809217
0.070972357
0.20865945
0.18263809
0.030656299
0.19650225
0.011470259
0.066025372
0.13607247
0.093358398
0.047775027
0.094121351
0.13862122
0.033202461
0.18708337
0.20239319
0.10501802
0.17754986
0.2153457
0.040111321
0.1965776
0.13311309
0.036085916
0.13634843
0.11164778
0.01924178
0.019568588
0.1160564
0.053751013
0.17444506
0.041685623
0.062972861
0.19789488
0.13374938
0.20990249
0.18201221
0.20232093
0.047025796
0.086226649
0.16260821
0.063905855
0.00081962858
0.15238259
0.14384523
0.0014929625
0.07286727
0.11151711
0.023924599
0.052188205
0.12928542
0.15299822
0.1234586
0.0053162601
0.1532635
0.06274656
0.063291296
0.13558338
0.14587807
0.14351497
0.12538235
0.17460701
0.091396887
0.048171337
0.17848576
0.041898269
0.21577387
0.11487411
0.13576659
0.084472701
0.10096476
0.079060158
0.18547057
0.14391345
0.017302828
0.10762702
0.077878341
0.21444354
0.19275839
0.092412605
0.2015405
0.083295563
0.0062401299
0.031808601
0.10470468
0.0015588741
0.050381156
0.12150106
0.027613514
0.1972466
0.078176018
0.15206195
0.10876726
0.11353808
0.024708847
0.10083991
0.029277245
0.17480631
0.091579937
0.16586755
0.10906838
0.17762926
0.14284265
0.18120181
0.11475585
0.082517147
0.18854334
0.1441237
0.094902996
0.092243963
0.083791888
0.025658926
0.039859235
0.046622364
0.11373614
0.047723146
0.17998519
0.12969389
0.14402981
0.053632037
0.081720707
0.17953854
0.031916578
0.10957325
0.00050579861
0.11878837
0.095252036
0.049280845
0.21512706
0.080186917
0.19979403
0.045776414
0.098578352
0.21585384
0.077274447
0.074133083
0.15084361
0.076327769
0.087598752
0.02647371
0.16628356
0.11792095
0.18828047
0.11359266
0.07381354
0.20203038
0.1637472
0.076113499
0.034162126
0.086117295
0.060569814
0.14560241
0.065569637
0.15706248
0.15133727
0.13566546
0.042472862
0.20909081
0.14884714
0.075234739
0.14488559
0.1794858
0.16753591
0.082965855
0.060320865
0.11413817
0.14602605
0.00096877434
0.036552483
0.11080432
0.18817597
0.077459571
0.030114376
0.038694634
0.19725276
0.13784254
0.17065618
0.081334254
0.19968025
0.026616468
0.044335953
0.18206709
0.065151159
0.16432708
0.20007954
0.087714412
0.032780767
0.040428589
0.006650076
0.18744735
0.091775851
0.074578213
0.0055122714
0.061194646
0.15792825
0.10954857
0.18327037
0.064087014
0.18822409
0.02302018
0.15363256
0.16292877
0.016155481
0.16711348
0.078259231
0.10295317
0.039844527
0.073948323
0.021891514
0.1566994
0.113328
0.075947301
0.036174831
0.05519993
0.11526559
0.091692791
0.20941369
0.13395356
0.059226891
0.20548724
0.19309727
0.1482554
0.0068021648
0.093251924
0.16273451
0.13362658
0.12197417
0.065238979
0.1465925
0.094754463
0.15141711
0.084949102
0.17901719
0.20228842
0.15393879
0.20231006
0.098973245
0.023485046
0.06645228
0.21529337
0.16947536
0.15329326
0.073092315
0.15324783
0.011291046
0.061369015
0.17939835
0.17839605
0.14457432
0.01681458
0.14327183
0.021336508
0.11881018
0.0071410263
0.0067672977
0.20714147
0.01865642
0.17112546
0.019176179
0.20231324
0.099327436
0.031989095
0.13005788
0.11533833
0.1676525
0.11260199
0.074601077
0.093218198
0.04333177
0.028845743
0.030631982
0.0041436857
0.046145198
0.095950996
0.13616219
0.047997708
0.081710334
0.040804204
0.032597904
0.20950751
0.19127318
0.16381797
0.00092102338
0.025700192
0.058598673
0.025572717
0.037638257
0.03842702
0.13397243
0.025150875
0.11716979
0.20850584
0.19315245
0.02094675
0.13374559
0.16242613
0.0008997717
0.18836203
0.16598539
0.1806187
0.11465986
0.051027234
0.17344893
0.13991252
0.17224661
0.099142896
0.17848953
0.092702987
0.058098356
0.18265232
0.17928936
0.094270861
0.090674144
0.11776396
0.10781354
0.19769733
0.10729001
0.1243591
0.1946789
0.15093349
0.11000275
0.21138928
0.089870731
0.042552616
0.15219545
0.12765218
0.010747133
0.1653208
0.16744342
0.12733631
0.093266516
0.19916967
0.0026595283
0.038811121
0.1657054
0.19768865
0.09134321
0.142328
0.19572891
0.12497554
0.19086001
0.00094616279
0.13964227
0.0070513469
0.10847718
0.1527017
0.14472974
0.071971737
0.16547828
0.091146818
0.072767455
0.037178985
0.086049488
0.042519489
0.026153849
0.098667582
0.11491934
0.19668151
0.028384562
0.014321117
0.21575739
0.11549389
0.17914741
0.040507049
0.20150533
0.13230533
0.12456645
0.016467485
0.088501791
0.20626001
0.1161341
0.12677474
0.15377709
0.12442524
0.059115372
0.00087203115
0.13728743
0.039527859
0.2152719
0.11223693
0.00036944944
0.12587511
0.046751837
0.18448835
0.19281605
0.11581521
0.13424083
0.1598372
0.18045389
0.15948528
0.11326979
0.15408096
0.095522032
0.14774083
0.19916156
0.10621904
0.14321361
0.19213864
0.051737558
0.066046928
0.16674913
0.10854006
0.13743601
0.19248909
0.00092763681
0.17509209
0.048062569
0.20425882
0.18888959
0.16300294
0.14907984
0.16622907
0.17806814
0.094149839
0.11898698
0.15549684
0.12783654
0.054025193
0.09287665
0.063368377
0.11250558
0.02754348
0.14645296
0.20326597
0.11786599
0.041595334
0.18838556
0.084427508
0.10295822
0.087702157
0.21549911
0.077473244
0.048515623
0.045668531
0.18208843
0.11273252
0.088456319
0.05425334
0.20302699
0.14019155
0.17286552
0.17915153
0.19906841
0.12476872
0.13052956
0.12425291
0.1142352
0.1573472
0.17810208
0.21534908
0.12512281
0.20051311
0.14591926
0.027005477
0.18758892
0.20722814
0.1017764
0.13384012
0.19438307
0.091568068
0.013653729
0.1168252
0.20185951
0.034926401
0.037011843
0.063942195
0.20477726
0.092151991
0.17562418
0.0015357057
0.16650661
0.032946247
0.0615359
0.077076208
0.13544789
0.11376774
0.16613179
0.14143924
0.14313532
0.099065606
0.080094816
0.12499057
0.18494686
0.14938595
0.09246203
0.03389231
0.082705281
0.19614148
0.014341913
0.16524144
0.039721685
0.14667925
0.038248667
0.13477835
0.1915562
0.048396091
0.050378546
0.00082180448
0.11524182
0.20363077
0.14978261
0.015527212
0.11825977
0.16259734
0.20725291
0.044806288
0.0014160699
0.15205988
0.099525145
0.088705699
0.1853765
0.11747471
0.1904431
0.042061208
0.027234845
0.063147102
0.16610978
0.2153842
0.076467476
0.10253616
0.029182342
0.093434158
0.042646805
0.010165958
0.033276938
0.034592222
0.05525117
0.11017627
0.16398933
0.15913645
0.00088946894
0.16164061
0.056900399
0.19816084
0.15364621
0.077233254
0.12905221
0.1536753
0.14141888
0.20110178
0.14709227
0.20319439
0.2116069
0.011720103
0.028040783
0.079814371
0.12814052
0.089395648
0.062768976
0.14796895
0.046206915
0.029573533
0.015472905
0.022840439
0.063930299
0.11279962
0.20360775
0.075243949
0.18205043
0.074104061
0.05748305
0.18030956
0.11940476
0.11049567
0.17700753
0.16439373
0.20305409
0.20955642
0.048545362
0.18746034
0.025451206
0.10499282
0.1404522
0.12626492
0.13839712
0.053364917
0.14344748
0.19968371
0.049482826
0.020020555
0.20467761
0.021997225
0.012112168
0.18526268
0.1928289
0.048236452
0.14874629
0.01161362
0.0060898065
0.080927534
0.12221123
0.026640278
0.20478841
0.11403485
0.16550134
0.048907944
0.0089459489
0.074862767
0.14237134
0.18750808
0.16314374
0.15132563
0.14072009
0.13784564
0.16854587
0.080096142
0.16147708
0.043938979
0.10146435
0.16602787
0.18200684
0.0061399269
0.10790676
0.03552585
0.16415181
0.031415664
0.07911959
0.18229192
0.19888917
0.10558028
0.088460972
0.069106289
0.065886818
0.012555471
0.057773247
0.21587629
0.062715936
0.030908227
0.09301583
0.060340538
0.047934602
0.11026047
0.21497914
0.062150598
0.099216653
0.12723302
0.059986509
0.12993273
0.1261218
0.1590348
0.091817178
0.1106386
0.13787785
0.10911513
0.13395067
0.14379619
0.093610834
0.15740672
0.14240545
0.21241506
0.047408081
0.17289843
0.13526126
0.012866882
0.13453318
0.084322137
0.1927229
0.050002711
0.11038818
0.081422902
0.18160404
0.036497211
0.1647445
0.046586239
0.11040782
0.060940781
0.1118314
0.078323785
0.20569899
0.057541554
0.010559552
0.19813869
0.1078502
0.21339632
0.062855235
0.061393954
0.11356062
0.04623911
0.098017152
0.086039508
0.018986278
0.05129714
0.055482881
0.10795962
0.14096702
0.13249346
0.08547509
0.076986529
0.21571335
0.20099445
0.001536717
0.02338025
0.15080421
0.095538521
0.058116647
0.12420512
0.21532222
0.20908219
0.083831674
0.14246014
0.19413481
0.15504273
0.12725339
0.10058248
0.14199791
0.056460066
0.075920689
0.12307009
0.040574941
0.15486326
0.11964675
0.042566376
0.20163408
0.0091131545
0.16600606
0.11901993
0.16594049
0.09218579
0.11548451
0.14187849
0.020106967
0.15775147
0.2050958
0.1078318
0.03891143
0.065794301
0.030595859
0.18861392
0.087859159
0.029351846
0.046902782
0.073510442
0.08855449
0.16049517
0.21558107
0.035713723
0.098115452
0.041793338
0.10813784
0.18896445
0.15540576
0.019607452
0.13120708
0.086688557
0.18942477
0.15609343
0.15722598
0.10032233
0.21525043
0.13961626
0.10951758
0.12662179
0.09547798
0.13578745
0.073184364
0.2080633
0.07184543
0.023593196
0.0042552849
0.0871577
0.027628416
0.17677126
0.19359318
0.10340788
0.19062878
0.12253841
0.18528393
0.098744436
0.11639818
0.17245918
0.070919869
0.14312324
0.13506568
0.0015418059
0.0014859935
0.074286125
0.10830032
0.16378578
0.013762295
0.093439692
0.10322617
0.053721206
0.019060514
0.074221272
0.10573371
0.13311623
0.19880919
0.10820499
0.096198326
0.0046324998
0.0047686994
0.19742054
0.095313065
0.031906128
0.088130338
0.14670349
0.049389595
0.17339942
0.092475436
0.084291141
0.0014230264
0.055073413
0.048471011
0.10053532
0.14369338
0.16451742
0.17076207
0.14886511
0.16846694
0.14235114
0.081993846
0.17864845
0.04072728
0.18343639
0.047787108
0.1543653
0.020667597
0.057445587
0.17093402
0.14381953
0.061558357
0.17365511
0.15163936
0.053921137
0.024337391
0.022205733
0.21602541
0.19111184
0.079906341
0.055080966
0.14627819
0.091863694
0.043642368
0.20945825
0.21569896
0.14029374
0.21547909
0.1821714
0.10984649
0.20480056
0.10200925
0.14161812
0.051567656
0.08744978
0.13343167
0.1340504
0.068555053
0.19750902
0.11734517
0.10211053
0.20824793
0.13228089
0.16666029
0.032116336
0.0008597785
0.030364284
0.198215
0.10482723
0.0035502752
0.1622599
0.04696762
0.16900722
0.03528261
0.20477163
0.01679663
0.066586355
0.046291122
0.18667468
0.13729577
0.20466506
0.10701969
0.18323948
0.08720365
0.02135372
0.12085491
0.10881056
0.1958524
0.21566503
0.076137751
0.10054227
0.071249764
0.14012553
0.1104214
0.13364507
0.032097216
0.023746924
0.019582954
0.077954967
0.022218997
0.15202641
0.16252554
0.11974316
0.15796724
0.11719842
0.10877371
0.17029782
0.021746077
0.13753461
0.17286565
0.040977417
0.17694031
0.016754765
0.18880394
0.19277883
0.12240212
0.19567724
0.176376
0.13651864
0.022083546
0.060071483
0.18744429
0.087448904
0.06607096
0.17224338
0.063001828
0.061640362
0.19840637
0.17664745
0.18281017
0.20304437
0.13566853
0.044331073
0.17733469
0.019411911
0.12304756
0.075025221
0.07340408
0.2156636
0.035237411
0.039648249
0.049872178
0.15680383
0.1045973
0.17273362
0.15616034
0.023211362
0.023844382
0.057566933
0.038353892
0.034486893
0.11797049
0.075886893
0.11811409
0.054340432
0.060362191
0.075846735
0.010742275
0.094182284
0.11519564
0.073984757
0.14388082
0.071493586
0.12385706
0.044098757
0.10162631
0.10475511
0.082581468
0.1513332
0.088133974
0.046215493
0.028740087
0.12919866
0.15156822
0.2038697
0.14194362
0.075704495
0.20257586
0.060573686
0.16955113
0.014798882
0.18859213
0.028315212
0.0626747
0.074572003
0.022874235
0.032304609
0.16070409
0.11790616
0.18891666
0.084173261
0.087246621
0.12478385
0.21522803
0.0053244235
0.064748819
0.09886656
0.21199251
0.061043488
0.0014683839
0.20867588
0.11283082
0.00096391157
0.18811458
0.19706975
0.11128091
0.17705935
0.19891505
0.17564231
0.14937826
0.049808477
0.1317763
0.023390734
0.1912795
0.17901409
0.12544283
0.093300464
0.20004105
0.072419825
0.16886562
0.10162779
0.20068433
0.14168582
0.012164798
0.060221686
0.025632802
0.034481467
0.023841028
0.16450902
0.084122504
0.052196423
0.15191591
0.097799712
0.087269229
0.12499964
0.19484623
0.10009812
0.17777368
0.13427052
0.20813308
0.0087035803
0.12449925
0.032749922
0.00088918403
0.13740843
0.00047758781
0.076922822
0.13678836
0.092454497
0.027596723
0.07561324
0.21132463
0.16399933
0.187959
0.13220804
0.022618586
0.1180082
0.031531744
0.093241569
0.16820894
0.20383982
0.21556998
0.14963997
0.025631015
0.13577228
0.18335576
0.16681123
0.20476061
0.090908364
0.042571987
0.20191383
0.11648611
0.045065942
0.057691053
0.0054218528
0.13316941
0.06685977
0.0012853851
0.10818848
0.16071871
0.16981943
0.14577539
0.19851072
0.17046992
0.104142
0.13100708
0.19553325
0.0016644861
0.19586478
0.11572949
0.050108006
0.12074297
0.02193544
0.17641982
0.14212227
0.21577734
0.077608871
0.10946301
0.046936917
0.089659835
0.032840114
-0.00055824082
0.19538759
0.00087126379
0.024485612
0.092594551
0.21029217
0.090724083
0.023507907
0.022133944
0.075763412
0.076864892
0.11681239
0.086409642
0.17777605
0.08836239
0.19018374
0.089704569
0.031222867
0.14292566
0.077744234
0.13295462
0.1920992
0.060286026
0.14849299
0.16857189
0.10745056
0.13777417
0.014822957
0.1685836
0.20047026
0.18428634
0.097287917
0.13825969
0.17030906
0.16368077
0.11007468
0.041795098
0.10337592
0.10464403
0.05696974
0.14728452
0.021150094
0.12011639
0.067324146
0.026568683
0.2087161
0.025476417
0.19040671
0.091055302
0.1293029
0.049180248
0.072893877
0.064257369
0.16875168
0.1851625
0.037757138
0.025721839
0.14655618
0.059309916
0.044089935
0.10756336
0.0012269289
0.081519974
0.00073306188
0.057075326
0.048820876
0.034975898
0.11295989
0.10940508
0.10503692
0.1953642
0.1530361
0.095778867
0.19091343
0.21206112
0.1647234
0.096051168
0.047644124
0.014805614
0.088471453
0.14599047
0.12220626
0.096758283
0.026100848
0.040426033
0.13646408
0.19580503
0.18692654
0.14852393
0.11992111
0.051145879
0.14328218
0.0011011748
0.012382159
0.16603214
0.098756956
0.050352528
0.0013892463
0.078792745
0.067785793
0.12856085
0.076064987
0.15110742
0.20738731
0.12589694
0.10798256
0.055219194
0.16141463
0.20490738
0.20432929
0.089170864
0.17444011
0.081256757
0.2053442
0.085685785
0.12599564
0.093197445
0.089416014
0.19584068
0.069375513
0.13992367
0.077686961
0.15094641
0.21530848
0.078642391
0.20655726
0.12397246
0.039290189
0.069724055
0.053157963
0.10047845
0.069708684
0.20842988
0.21193046
0.040491453
0.16259327
0.041349443
0.010209247
0.025636338
0.020257545
0.027875862
0.058103382
0.097130753
0.069767244
0.13915795
0.031482952
0.11656877
0.00089257918
0.16719269
0.19835662
0.12995926
0.14908469
0.018349867
0.14968215
0.19601143
0.098267639
0.0099005813
0.12726822
0.12637172
0.12656916
0.00072872223
0.1458382
0.12487217
0.15576506
0.18018931
0.21600957
0.1558281
0.14872734
0.16178584
0.21106605
0.052758021
0.019849873
0.16131421
0.20683621
0.16863477
0.20039611
0.051565565
0.15587463
0.078599127
0.086851358
0.061141891
0.13678176
0.058944315
0.16589397
0.068509569
0.18177272
0.06076476
0.092640431
0.21012778
0.14461835
0.066087134
0.21537825
0.049048516
0.12299807
0.054943796
0.14608884
0.047416585
0.11328487
0.017267052
0.21561694
0.072251886
0.15090367
0.0121693
0.11746015
0.037576752
0.067196841
0.058413925
0.10181729
0.091082504
0.024736028
0.042665961
0.20707761
0.12529287
0.021318431
0.026834545
0.083771556
0.15608702
0.095412443
0.11604323
0.067774283
0.18660267
0.15553533
0.010039742
0.16317598
0.16439947
0.0807753
0.17298943
0.21505812
0.12978942
0.095870137
0.16604354
0.10804385
0.19839381
0.16275417
0.14439779
0.12360629
0.16388948
0.097326455
0.15402512
0.16518589
0.14019997
0.00033281302
0.044558761
0.18400657
0.095344668
0.20021663
0.039167321
0.10310901
0.1595399
0.14953487
0.02521499
0.033883518
0.18309656
0.13879993
0.063689932
0.00067228241
0.098903609
0.086896422
0.13609871
0.022090836
0.053970398
0.2156227
0.18774694
0.081283397
0.04671224
0.20295533
0.19998184
0.038050172
0.023512675
0.15159955
0.0096733124
0.054044991
0.15558111
0.14044336
0.090325979
0.066715448
0.012579238
0.180225
0.045504112
0.0008599749
0.024740888
0.12186909
0.11044761
0.15096601
0.081470522
0.20295185
0.078136432
0.092564496
0.073134225
0.17645487
0.0013146264
0.21569751
0.034155975
0.17658145
0.11394649
0.089255316
0.13981102
0.042763543
0.03510568
0.0013849881
0.11276008
0.018034153
0.15099249
0.065253508
0.16297314
0.14906897
0.1452872
0.11338179
0.060172399
0.015257575
0.040209956
0.14063586
0.027385826
0.094822236
0.16284204
0.081098283
0.17253871
0.046795317
0.0311919
0.21599623
0.10307185
0.114199
0.14329403
0.034307046
0.067417104
0.14473807
0.058679724
0.16794152
0.11482117
0.047095811
0.036384704
0.083450573
0.018680096
0.15546854
0.21027658
0.045812562
0.13122356
0.028141891
0.12077578
0.17263171
0.164097
0.049315835
0.076793708
0.02363632
0.13607236
0.04728038
0.12923605
0.12572231
0.06790764
0.21585803
0.12426183
0.031312211
0.089196484
0.12140309
0.12125226
0.14952857
0.11137461
0.16987814
0.025048729
0.066114099
0.13618941
0.06066702
0.18938913
0.17163081
0.013168257
0.17212118
0.12488281
0.096042193
0.16815927
0.036222451
0.21578855
0.15194436
0.10103098
0.17927007
0.056539105
0.20676991
0.047165751
0.038353726
0.18949432
0.1856333
0.10067707
0.15205016
0.12455389
0.040961908
0.11364254
0.095804432
0.093432899
0.064190299
0.056030541
0.10792158
0.15486655
0.13965674
0.0013810982
0.015863704
0.054615238
0.10334265
0.1146048
0.17597922
0.163366
0.095225593
0.0061937661
0.17353921
0.13807161
0.14284853
0.19827871
0.064610146
0.011550259
0.15227041
0.11514801
0.054487648
0.061445508
0.20224488
0.17575942
0.053453504
0.010867366
0.15269613
0.031932564
0.20701297
0.21522351
9.7700085e-05
0.047228314
0.10399941
0.1536916
0.1232858
0.18098849
0.14605437
0.10419092
0.20000839
0.13293238
0.2154241
0.16508317
0.2008635
0.062197921
0.074964468
0.13220116
0.032882717
0.011735693
0.15012914
0.00158766
0.13694678
0.082945614
0.11579762
0.0014557521
0.01159581
0.20124017
0.12735377
0.00096077641
0.04670786
0.076877678
0.17362507
0.069839699
0.0026910987
0.12992836
0.21537173
0.14985528
0.028489101
0.19447927
0.11493524
0.12067323
0.083206947
0.024553456
0.025962709
0.12992087
0.1766477
0.00083590306
0.18142947
0.14436858
0.022970639
0.015976528
0.19528867
0.090975284
0.13556918
0.14569157
0.14446824
0.17336675
0.21570602
0.13851532
0.092809492
0.080965055
0.10819918
0.12552716
0.057602884
0.02186181
0.2115402
0.10242538
0.17152899
0.05909199
0.10671992
0.19011797
0.16207693
0.1429056
0.12035361
0.19166626
0.086894089
0.17119395
0.15650164
0.20567912
0.17246145
0.16379756
0.15325835
0.084901322
0.189675
0.1723604
0.051523658
0.08822606
0.031566759
0.17673542
0.0513989
0.091814017
0.19805634
0.10074849
0.12827089
0.056398495
0.12660111
0.050626573
0.00097489526
0.17616571
0.034334295
0.18242155
0.050618772
0.042145464
0.19964876
0.079769406
0.072399043
0.082844034
0.016353312
0.030623594
0.16552029
0.017101334
0.14351239
0.033537411
0.047194804
0.15217522
0.11357489
0.11173512
0.11338095
0.16471037
0.067907238
0.092501178
0.13382817
0.033593678
0.20101132
0.11602402
0.10510926
0.11842558
0.14852272
0.15499153
0.1901364
0.17271045
0.0048586554
0.014990696
0.035425545
0.19196405
0.16012015
0.099442984
0.099492908
0.073303212
0.020572463
0.041308304
0.071432385
0.13031204
0.202692
0.11465105
0.087720196
0.21582298
0.20131993
0.058627001
0.1612513
0.035937602
0.18399305
0.078273268
0.03559116
0.10035809
0.1010795
0.17615552
0.060010763
0.19170687
0.058093635
0.021976946
0.015388249
0.18793378
0.1292348
0.087792335
0.11805134
0.19573462
0.11816832
0.053491243
0.18727424
0.14378121
0.057701249
0.10760875
0.0523626
0.16465762
0.12648257
0.067613267
0.14705389
0.13234135
0.16488055
0.15639827
0.076945216
0.21540282
0.015235852
0.092128277
0.1465739
0.065098979
0.10571133
0.17785595
0.026351875
0.21573682
0.19694526
0.030533969
0.21564663
0.064299388
0.0014285286
0.062007917
0.014804456
0.020379217
0.14601572
0.036708028
0.16681662
0.092796302
0.21526483
0.15295265
0.11166593
0.1426176
0.020450047
0.21524424
0.097435167
0.00077047061
0.14692599
0.08149457
0.028014463
0.10365495
0.11196854
0.015289022
0.16917695
0.18795378
0.16560685
0.10737831
0.16514511
0.12574237
0.054435416
0.031829747
0.093749287
0.11924483
0.011065471
0.11778838
0.11070123
0.0014890002
0.087172886
0.044946842
0.092696183
0.11879949
0.11373235
0.012123977
0.10760136
0.011715754
0.037646256
0.16665881
0.11762091
0.055544651
0.0014697507
0.072652501
0.034760262
0.074017279
0.011609312
0.094670672
0.087590548
0.099616848
0.0035544883
0.0012478314
0.062248293
0.097077122
0.078909105
0.060172518
0.054787354
0.067601101
0.18610635
0.16615894
0.12425658
0.036604573
0.16548929
0.12208202
0.13401382
0.0320854
0.10601723
0.12948023
0.17817729
0.036495877
0.085804684
0.061546809
0.055636197
0.12282312
0.14616522
0.17325764
0.016123278
0.1070341
0.11931476
0.15363263
0.00053519206
0.078020045
0.15010089
0.077798612
0.060339668
0.031012647
0.1563844
0.18598682
0.12556324
0.14959071
0.042320748
0.12920149
0.065698472
0.017890907
0.17612886
0.19694091
0.10107844
0.092790415
0.098903305
0.12907121
0.011706956
0.14319997
0.14922406
0.11360296
0.044789674
0.19417775
0.12690373
0.070445934
0.11739753
0.064937902
0.12839944
0.030114288
0.20827659
0.153926
0.15796439
0.0013869724
0.19343184
0.1979096
0.1940042
0.061389322
0.098866527
0.038067935
0.20059038
0.15123153
0.047506715
0.056488429
0.090399336
0.14510947
0.21540002
0.14581085
0.11795021
0.20935604
0.17519788
0.0012092116
0.19826831
0.03345608
0.08102769
0.1820613
0.16693475
0.033346287
0.01692563
0.013859416
0.14099231
0.10162533
0.10540838
0.20506874
0.20156873
0.099168906
0.14033884
0.14785107
0.11374637
0.077823505
0.14556209
0.065497643
0.069230312
0.18899423
0.20896736
0.11458388
0.074065305
0.19840965
0.21298285
0.046953182
0.20149805
0.036358805
0.18828553
0.089187589
0.056970289
0.00077228353
0.14513557
0.020775517
0.10837518
0.17227952
0.11982619
0.07914956
0.1254502
0.099428454
0.091074096
0.16903013
0.047785934
0.10349319
0.1867814
0.12829728
0.0056176499
0.11856143
0.069867852
0.15836987
0.13982731
0.19412161
0.20616157
0.16751524
0.16777777
0.10373301
0.18525737
0.12581775
0.05659386
0.05650556
0.20575203
0.054998683
0.13104595
0.15245127
0.20316151
0.085373217
0.079581429
0.12843714
0.088825585
0.04514739
0.15602611
0.19171831
0.1048529
0.079421191
0.18661166
0.20468293
0.066864418
0.056466578
0.091962686
0.057906475
0.15747642
0.16148915
0.20053306
0.034850597
0.035103796
0.10735987
0.16531036
0.065171957
0.052766702
0.023336092
0.038544433
0.11713459
0.00861812
0.035365828
0.17305528
0.12090165
0.082428546
0.063623798
0.10456255
0.17293395
0.16001754
0.18145507
0.13105889
0.20118108
0.15408414
0.20559351
0.10381777
0.00063836418
0.0088686561
0.088054874
0.18282244
0.10107966
0.12496632
0.00245383
0.059204966
0.050659987
0.0756694
0.11007648
0.083091989
0.076201036
0.13824888
0.080348514
0.12965307
0.098421637
0.093653869
0.085477384
0.035252283
0.11493655
0.17444707
0.066042252
0.15839946
0.13441157
0.10010874
0.039576483
0.048955722
0.098339963
0.17597297
0.15862503
0.033483416
0.064665997
0.020848679
0.079219643
0.20778872
0.20915132
0.2082781
0.072922299
0.042238535
0.1232295
0.10464896
0.10854585
0.16648153
0.023170701
0.087208942
0.17593595
0.062311542
0.18327128
0.14138943
0.16124462
0.026491533
0.096901162
0.12481554
0.0020259685
0.10488211
0.056749847
0.16771481
0.035049169
0.043760223
0.033908021
0.16652248
0.015358321
0.15136977
0.12269495
0.14256849
0.092840055
0.033692542
0.045847437
0.21400445
0.02864882
0.14622371
0.18647065
0.16436827
0.022010374
0.0010572903
0.1367307
0.054264683
0.21072761
0.1408502
0.14417216
0.10977998
0.21579835
0.11107504
0.14018558
0.076326798
0.13051238
0.18540538
0.0111513
0.14938435
0.14286199
0.12102902
0.017110125
0.092804881
0.0039762573
0.038909493
0.088827899
0.079448372
0.1131953
0.12355421
0.21168626
0.0015600764
0.18727051
0.20204724
0.17833672
0.16805403
0.10301242
0.084994737
0.087408518
0.17995025
0.066032593
0.024874214
0.16435546
0.21533545
0.039027692
0.02413745
0.031053901
0.12991244
0.16120324
0.076587645
0.00083519628
0.085423117
0.20460051
0.049493337
0.04597703
0.061835613
0.16612851
0.15920078
0.083082858
0.20038683
0.16891956
0.032884132
0.12677248
0.1908376
0.010058984
0.018505603
0.085844841
0.046556038
0.020896781
0.074008583
0.047196831
0.023187555
0.044075779
0.16626666
0.18871077
0.12728732
0.12709582
0.080225182
0.15825094
0.099128003
0.035900984
0.17571787
0.099181782
0.02112691
0.085399537
0.14604442
0.12899247
0.15907973
0.011519521
0.14933526
0.21529786
0.032543635
0.096373112
0.15987148
0.018858786
0.21296378
0.11425212
0.012268782
0.0085873807
0.061647252
0.12217889
0.070173113
0.14658423
0.18790708
0.1699373
0.19395005
0.13447588
0.0090503061
0.00087036345
0.047811458
0.096041164
0.019217669
0.0046437861
0.049363888
0.18743323
0.16735119
0.062339558
0.039778563
0.02278515
0.097652233
0.07729
0.087142807
0.08618588
0.06712747
0.026152691
0.024479995
0.18417304
0.0015283138
0.059956977
0.014833477
0.10719524
0.15130951
0.0094422863
0.21156802
0.067606228
0.12923541
0.18423231
0.02996435
0.084050302
0.14818098
0.068200775
0.15874521
0.18468127
0.065500123
0.074676846
0.017219138
0.061796055
0.14360676
0.21545077
0.10076668
0.21556431
0.01681218
0.12477756
0.081059657
0.061904467
0.17743642
0.17400187
0.037310876
0.096062399
0.17276565
0.023267755
0.094286689
0.062692459
0.15498042
0.046980392
0.049609095
0.13868075
0.073348511
0.022961264
0.067816038
0.21256502
0.067909328
0.046176588
0.21198964
0.1017482
0.21528199
0.15893531
0.17354473
0.1595049
0.062795416
0.12504423
0.13399245
0.18383051
0.15803265
0.069089363
0.21392198
0.098510068
0.19315679
0.10818976
0.18541412
0.17531129
0.17535251
0.13752019
0.1108556
0.18814655
0.04294668
0.20191157
0.065196899
0.18152512
0.085852302
0.15168391
0.12111049
0.20877177
0.10167336
0.10689201
0.13781726
0.11076755
0.079138907
0.00091963198
0.093078288
0.096751784
0.08158413
0.021520415
0.18451682
0.014019814
0.050928793
0.00069488435
0.063814427
0.12393643
0.037535499
0.11352492
0.19954369
0.19911841
0.050766049
0.21551815
0.06784879
0.15108367
0.067749605
0.069949435
0.11827787
0.21555226
0.16832584
0.13938473
0.085455599
0.16300522
0.12880354
0.070628556
0.059261543
0.084748297
0.12262502
0.11070271
0.10933075
0.086081306
0.19135399
0.13675844
0.064246473
0.17879951
0.12500531
0.026581805
0.16338969
0.058519215
0.046530631
0.13221286
0.053676423
0.20230058
0.040867968
0.20334319
0.14406266
0.18334016
0.12044328
0.0052718248
0.20334476
0.16526848
0.1355826
0.21286499
0.15171519
0.056938948
0.011382266
0.061449449
0.20812085
0.14718246
0.1060855
0.19362549
0.16423839
0.12726713
0.1328541
0.027760438
0.11342662
0.15196415
0.16985909
0.15283112
0.10122592
0.15872438
0.16345638
0.17251645
0.18801526
0.21168164
0.14010616
0.10902183
0.059254737
0.034059424
0.15231165
0.043055933
0.07161603
0.10849946
0.11099457
0.021179272
0.18708558
0.093825312
0.15649814
0.010942558
0.10214197
0.089428919
0.0011467347
0.041606937
-0.0014129233
0.015561389
0.14615528
0.18713496
0.1086224
0.15782558
0.010614623
0.12793356
0.19866422
0.0077915904
0.1792152
0.069643115
0.030758169
-0.00051460102
0.21542072
0.17972886
0.21532398
0.21556394
0.097132839
0.074428583
-1.6703248e-05
0.13014323
0.199007
0.010328202
0.18152287
0.11390619
0.14668316
0.13613918
0.008857213
0.20111201
0.17132489
0.18967263
0.19680048
0.18202035
0.00044827364
0.11683125
0.15724121
0.16584433
0.11564221
0.13039465
0.057979776
0.062958702
0.014894059
0.16071149
0.19065407
0.13901422
0.0038926995
0.053978077
0.10093956
0.040858295
0.1530998
0.1041898
0.026493454
0.044595305
0.15332421
0.10077788
0.12982911
0.010018973
0.025420394
0.12836922
0.14103325
0.013661468
0.14837714
0.11537031
0.11665899
0.18311486
0.019077321
0.12069182
0.11393479
0.17650645
0.11283051
0.12446898
0.17747593
0.10149107
0.10482679
0.12612173
0.074931266
0.14554858
0.094038263
0.12075127
0.026049118
0.099188673
0.05094403
0.0019912957
0.15587378
0.01690039
0.10114385
0.16856487
0.065573451
0.051866148
0.099803051
0.031694556
0.15188934
0.018290213
0.098916521
0.075203075
0.031740717
0.00078890803
0.00093807365
0.21555091
0.12683238
0.13007283
0.11042819
0.19046588
0.10193849
0.081016335
0.14222552
0.15995852
0.16212652
0.00089527326
0.17151177
0.16934074
0.0012671474
0.17287105
0.19831275
0.025125021
0.011154579
0.0059489987
0.037831868
0.072571441
0.1809505
0.1985873
0.13780948
0.12979343
0.0061458317
0.0052755457
0.070274341
0.099636921
0.042609282
0.12175624
0.096109797
0.19281614
0.04052414
0.17403356
0.12818566
0.1431173
0.080552893
0.13863539
0.087246282
0.0079329878
0.02839968
0.092078593
0.059967582
0.16972805
0.036566945
0.19781045
0.13539612
0.043475766
0.18093504
0.14184766
0.082139709
0.21556311
0.16445628
0.089600479
0.1928481
0.030310342
0.15208098
0.032392534
0.042503455
0.096629957
0.064257909
0.01199763
0.080717451
0.092982421
0.02018887
0.15598468
0.17058452
0.14309517
0.023519694
0.09916962
0.023125806
0.0097041025
0.15505691
0.093976375
0.076317779
0.14397932
0.077487821
0.19530341
0.11257035
0.0076120242
0.11453296
0.026067909
0.096807981
0.21541921
0.14889926
0.077604388
0.21576118
0.18145179
0.047599011
0.19657764
0.024040766
0.18524671
0.015473417
0.075758771
0.10146505
0.049364002
0.12580516
0.042037934
0.11836785
0.13653015
0.077762005
0.16936757
0.047054314
0.13633748
0.12559366
0.046087847
0.16649935
0.20883748
0.092885987
0.16457013
0.1972162
0.13351973
0.00072167205
0.15471058
0.1726495
0.12368694
0.00064058081
0.096453201
0.0083168408
0.14286256
0.047410769
0.023459077
0.1416781
0.21550616
0.16850887
0.05079191
0.16282705
0.040292331
0.12647765
0.09875248
0.20134229
0.018715929
0.10628774
0.023984946
0.0014809959
0.17950679
0.012858406
0.058211829
0.0012664422
0.16983135
0.20335748
0.15034537
0.077726599
0.00093925996
0.14023938
0.10284244
0.1452757
0.12414006
0.12312541
0.089283121
0.16337922
0.19198166
0.15050909
0.15640286
0.19364367
0.17679682
0.065371187
0.18926497
0.061240211
0.13886728
0.14000469
0.036067072
0.14642057
0.1266019
0.025808261
0.19892858
0.17582859
0.14781347
0.21240984
0.20636015
0.088567767
0.0090354858
0.18941408
0.067841082
0.11438352
0.19111954
0.12565468
0.19598267
0.026896295
0.1828952
0.16310395
0.18133683
0.028421924
0.0018902804
0.0014104001
0.012962884
0.17654812
0.096681984
0.21545338
0.064790729
0.00078806903
0.21537412
0.17153349
0.078325318
0.1540756
0.1936155
0.1409649
0.12261669
0.14609764
0.10293944
0.075891724
0.095660618
-0.00055391768
0.17841306
0.0043371759
0.1453864
0.109679
0.17519563
0.079781581
0.088165986
0.059653016
0.019996824
0.078436039
0.2152962
0.0065123309
0.046802943
0.21243786
0.083241523
0.087276858
0.17697459
0.015018265
0.20675392
0.058751328
0.14891649
0.20508178
0.031711434
0.079522132
0.17702011
0.1423869
0.17583893
0.14056348
0.14343923
0.089785788
0.17048329
0.087800961
0.026475637
0.19391642
0.12032355
0.080669477
0.20431799
0.18944386
0.094549274
0.094842797
0.18801641
0.1728154
0.11012014
0.20646175
0.18027095
0.11069631
0.18047135
0.047624467
0.014308794
0.12926402
0.075519858
0.17863482
0.050114362
0.11899076
0.215398
0.0012137634
0.2156281
0.20598144
0.1085942
0.16021599
0.13067893
0.19946215
0.050627438
0.19810853
0.073974887
0.1333184
0.11011341
0.14401912
0.047735047
0.048372598
0.012708938
0.14626877
0.068297267
0.14777952
0.04766893
0.11418225
0.20196282
0.077206611
0.014214221
0.13563152
0.11000619
0.11386269
0.039488803
0.11487681
0.06511214
0.19022917
0.093907596
0.098659334
0.10403938
0.13184239
0.085150913
0.034607088
0.034376293
0.095354839
0.21200788
0.15115907
0.0013183757
0.13392159
0.034728658
0.037110735
0.18813553
0.10377354
0.088029978
0.21535379
0.087485208
0.0010645268
0.18057377
0.19727369
0.044341718
0.063920564
0.11593605
0.078363128
0.014429207
0.18244588
0.017464455
0.074241301
0.056792038
0.062682931
0.10228971
0.14439494
0.19330375
0.050790416
0.089321273
0.10430073
0.074434444
0.16556348
0.001524361
0.10229782
0.026293199
0.055644598
0.066372835
0.15877015
0.19838474
-0.00067032858
0.051861883
0.079000113
0.20904715
0.034571188
0.047672904
0.019457776
0.099425681
0.10156794
0.080371443
0.016399416
0.13652893
0.0051102485
0.14512174
0.16156259
0.012027224
0.069569667
0.075806878
0.10246167
0.062261398
0.036022178
0.14706734
0.028853822
0.11495618
0.047298196
0.058816711
0.035882449
0.1123541
0.14811966
0.07651066
0.14631903
0.014664824
0.11498392
0.00082230967
0.10368223
0.12516647
0.11362778
0.15075648
0.090975979
0.013744599
0.06832912
0.019386743
0.18756695
0.088849539
0.071906033
0.18288917
0.15646869
0.21502122
0.17723192
0.18687764
0.0766451
0.0025384334
0.1713351
0.070234803
0.08931819
0.041656393
0.1807353
0.073930365
0.18053922
0.18148712
0.16920299
0.20156847
0.092776947
0.18615437
0.13976762
0.037383342
0.070297183
0.14494026
0.00067894954
0.15180807
0.059949041
0.10323234
0.057499947
0.20834787
0.16858381
0.14597336
0.14791598
0.11080975
0.21534388
0.094583613
0.065801568
0.064404958
0.0012792227
0.15832301
0.0030356776
0.16287604
0.11450792
0.2024321
0.15089682
0.037338077
0.1517318
0.15181865
0.034794217
0.097600802
0.036002682
0.1731022
0.16108703
0.073660452
0.13742571
0.018255246
0.0069270349
0.03578124
0.056363684
0.029440786
0.00656043
0.080777208
0.080629651
0.16700869
0.20877088
0.18431421
0.14553947
0.066516304
0.10125716
0.058165081
0.052539145
0.058256743
0.037416702
0.0013689324
0.044289107
0.12049192
0.16402194
0.085886212
0.018004823
0.0024038646
0.21539193
0.014694254
0.16784149
0.015364038
0.04659432
0.15750431
0.16143998
0.0086645314
0.047879242
0.11856522
0.14800574
0.10218856
0.17165394
0.071115471
0.20847411
0.20683078
0.015158665
0.10967875
0.042217362
0.072350942
0.10611397
0.10588914
0.014830643
0.10108626
0.10829504
0.083382644
0.028270399
0.10690207
0.016138143
0.1236939
0.048732554
0.00081628746
0.16593257
0.17883088
0.20884121
0.088736107
0.20460702
0.030115554
0.20009392
0.17215088
0.17127577
0.21260468
0.02715437
0.065680284
0.00087102917
0.21564729
0.19440483
0.16221585
0.2074767
0.1380433
0.14044778
0.1167855
0.11780896
0.028016454
0.059472832
0.13255358
0.062022416
0.042758611
0.094488844
0.095529243
0.10837138
0.056236699
0.048244422
0.19130029
0.1484744
0.18784149
0.088532678
0.011145746
0.17281122
0.049241607
0.15611118
0.01922604
0.1782489
0.038880953
0.10571891
0.014982884
0.15541958
0.14588897
0.090511264
0.048671868
0.15566823
0.1874546
0.073333098
0.086556426
0.074552607
0.063289371
0.17344887
0.13885944
0.1949406
0.007009644
0.037903287
0.12250007
0.16899061
0.01930249
0.024872511
0.17997086
0.18522994
0.049468069
0.14750975
0.17189262
0.13024698
0.15756949
0.20674014
0.093713737
0.17918314
0.172928
0.069130505
0.023406433
0.054903015
0.11534575
0.19926661
0.029366395
0.015536931
0.092406515
0.098656892
0.18572629
0.050780343
0.051942057
0.080755708
0.18462959
0.046089599
0.036623465
0.079167208
0.033505735
0.085983656
0.0094815943
0.044764553
0.00036547211
0.12232223
0.088454009
0.20806663
0.00094798137
0.081128638
0.065167853
0.070960055
0.1623458
0.05878528
0.049641346
0.078237754
0.21554992
0.145555
0.13905146
0.096964555
0.19843215
0.099611541
0.021821158
0.057714865
0.097083579
0.11477426
0.074537713
0.077646465
0.083570226
0.074701122
0.088547846
0.0065588824
0.053164943
0.15453239
0.21574009
0.19757934
0.17264025
0.18498796
-0.00060857057
0.010672195
0.00083416464
0.01358525
0.011501532
0.10124491
0.055255498
0.031953871
0.14682717
0.093502516
6.552184e-05
0.068233431
0.13720291
0.00070053663
0.12701998
0.033940819
0.15896103
0.19370925
0.12546953
0.086126545
0.20673705
0.14090076
0.061459348
0.033332331
0.19297413
0.0064415852
0.17390059
0.10271912
0.18436521
0.11550048
0.20924443
0.028619795
0.17447904
0.17519544
0.11862794
0.043351306
0.05495294
0.037723531
0.17210795
0.051692047
0.0064572365
0.1739831
0.025358634
0.12186743
0.19312584
0.1717237
0.20695682
0.18161887
0.10755408
0.14142617
0.060523578
0.085743827
0.14243425
0.15432066
0.070759408
0.025173871
0.14448395
0.023436712
0.11322915
0.020755474
0.13609654
0.19161084
0.1776638
0.11479169
0.043412479
0.1552898
0.11031199
0.099452785
0.11831848
0.062119152
0.14015203
0.0618295
0.16698947
0.028316776
0.090737155
0.1222203
0.030961177
0.17801347
0.18198958
0.015819555
0.014254216
0.093511848
0.070803481
0.078562933
0.12160452
0.18556859
0.054189658
0.13453613
0.12464741
0.085992498
0.1717953
0.0076571738
0.19108841
0.046261172
0.037592545
0.15132453
0.023065787
0.18935406
0.2074223
0.10815924
0.075841185
0.17293618
0.14678787
0.15861768
0.20855915
0.026876562
0.16996144
0.21530157
0.0026915485
0.056604872
0.088408583
0.071554016
0.13195546
0.030110825
0.11022104
0.086263001
0.069899848
0.16596164
0.019362543
0.094674952
0.092649139
0.12230875
0.1213778
0.1878147
0.21538625
0.06662074
0.0011063238
0.14862657
0.036943339
0.097687858
0.085973871
0.071951483
0.082453642
0.18651962
0.10607428
0.11924345
0.19296777
0.01529141
0.058938381
0.091974115
0.10482649
0.1990785
0.055147988
0.13650285
0.19332367
0.13522473
0.14805458
0.16828578
0.19118184
0.0083295558
0.027479892
0.056191265
0.093500092
0.14836405
0.030540633
0.0202861
0.13452607
0.14291754
0.061484146
0.21596811
0.030298963
0.035375673
0.025396515
0.022350063
0.060526241
0.13618568
0.002679121
0.05007503
0.0055105224
0.039824794
0.10970672
0.1494959
0.15779744
0.058835077
0.0068327201
0.1068722
0.079815173
0.0606882
0.036109762
0.1643903
0.19722593
0.072657479
0.11979816
0.17864374
0.1018965
0.14103934
0.027353707
0.11106621
0.11248922
0.0066089233
0.046920212
0.032544409
0.12499671
0.19950428
0.12898738
0.17553035
0.1863916
0.098271193
0.16106816
0.026688997
0.035178984
0.093728174
0.12829336
0.13086606
0.063737355
0.11114516
0.13983141
0.13336545
0.11763461
0.082346117
0.054468795
0.028828298
0.12220242
0.081138308
0.19790056
0.035531155
0.060553145
0.0064757842
0.15799035
0.057432699
0.010766152
0.11220681
0.010555386
0.17137682
0.0016019622
0.02496125
0.048351702
0.13217317
0.16191518
0.16368612
0.20045035
0.033211721
0.057435893
0.10526252
0.040264512
0.18963204
0.025929173
0.00012762307
0.094128538
0.074552404
0.21528762
0.16648901
0.12571262
0.17121504
0.0018298867
0.10259185
0.17259485
0.15203136
0.11297559
0.040691666
0.1129033
0.10752266
0.20755555
0.16280366
0.12102057
0.035039369
0.057356671
0.076831813
0.11517403
0.15720119
0.0001976219
0.15527342
0.15872674
0.095895459
0.019243698
0.062945325
0.14622713
0.086717745
0.11329637
0.21145287
0.15595889
0.15381241
0.034359735
0.14029253
0.15890416
0.13622111
0.042397735
0.18924997
0.00055570707
0.022843265
0.059442758
0.059471648
0.10676586
0.14712982
0.20311246
0.21536026
0.12358145
0.084676988
0.019561192
0.1256429
0.06442194
0.042225386
0.16989572
0.11751612
0.15919458
0.18093904
0.11696405
0.11335274
0.088399713
0.030257684
0.14961335
0.046154733
0.18908449
0.1366241
0.024474539
0.14557431
0.19711965
0.19783055
0.18865972
0.20853246
0.16088044
0.085735218
0.21417725
0.21570226
0.0066600363
0.1263641
0.016496231
0.13435208
0.18820439
0.21575238
0.096361119
0.18274028
0.088276074
0.090706859
0.054419736
0.045377425
0.10450108
0.10051809
0.20748295
0.088005084
0.075813944
0.19182006
0.00051396636
0.12815686
0.080876374
0.12339542
0.12835381
0.20775818
0.028481204
0.00094326371
0.096940187
0.2086367
0.054451978
0.13718417
0.028234074
0.12904228
0.086395875
0.134589
0.15324352
0.020199201
0.097813049
0.041820762
0.079166953
0.16789807
0.064155088
0.10578067
0.00098288477
0.022071973
0.022573131
0.063138878
0.16421636
0.18993967
0.062083962
0.11432296
0.09430503
0.079051898
0.11461533
0.12434898
0.19287042
0.0010665336
0.20750385
0.14581292
0.14916384
0.079812269
0.11791162
0.0010614768
0.060837034
0.028027741
0.069368209
0.19146886
0.072952823
0.15351514
0.16677821
0.12691032
0.079940068
0.034427325
0.090800164
0.092575509
0.034823688
0.086336064
0.18506204
0.001087648
0.062445603
0.11913961
0.17595247
0.15030409
0.11611358
0.11387684
0.21581738
0.13786489
0.15319463
0.11088338
0.067028834
0.21155221
0.046708389
0.21554748
0.13753287
0.14610328
0.21437283
0.19270005
0.21541233
0.19268855
0.21528122
0.093624754
0.17496371
0.069571432
0.14688237
0.15629283
0.1122249
0.17453201
0.19606904
0.026197878
0.20588061
0.1882028
0.10154933
0.11765201
0.17172005
0.059505695
0.0046588084
0.17003395
0.18807026
0.12403299
0.025110975
0.11449287
0.055921994
0.14646054
0.21495659
0.11385643
0.054616446
0.14972684
0.13260086
0.18922458
0.16939104
0.089907677
0.077123527
0.20696822
0.057945272
0.17354375
0.1925086
0.044815956
0.056020967
0.013063201
0.19768176
0.18256595
0.055852983
0.0015386817
0.14529572
0.010898596
0.20243619
0.031737041
0.019898061
0.10323073
0.10755135
0.047953845
0.072699206
0.05995116
0.094957865
0.046437156
0.069195139
0.18535693
0.062161721
0.022247689
0.086720856
0.19752283
0.16993514
0.16375693
0.19812498
0.065901175
0.072764269
0.19069984
0.11902062
0.008591061
0.083238913
0.040419076
0.030656039
0.21528434
0.031802001
0.21627788
0.19281067
0.047469153
0.071576667
0.00090887459
0.16148573
0.13568943
0.12709854
0.0580821
0.12031668
-4.8628677e-05
0.17703176
0.060007425
0.12272523
0.0078749708
0.13403387
0.12151434
0.19928601
0.14121691
0.020536009
0.20585787
0.18858191
0.034963411
0.11998549
0.060439628
0.20083099
0.10244294
0.070587297
0.19617723
0.10062531
0.12735154
0.082665381
0.086639552
0.17489635
0.14077586
0.084020331
0.19390092
0.13264768
0.026803905
0.17464522
0.011993535
0.10104714
0.15975463
0.15444887
0.064536732
0.093190623
0.20148159
0.13505157
0.058344964
0.17352136
0.17441577
0.12306633
0.093135714
0.038613771
0.12979576
0.075631383
0.014542708
0.19104754
0.00094060226
0.21571984
0.086182562
0.12930789
0.070511405
0.15230292
0.078158196
0.19307546
0.13540191
0.13525843
0.17694513
0.17250239
0.11474489
0.13419555
0.052256833
0.042663016
0.12167668
0.14797009
0.10345621
0.11897765
0.027844112
0.14836972
0.007526124
0.20172423
0.20169877
0.19396869
0.049108581
0.11625683
0.1253006
0.15253417
0.15864343
0.025158408
0.10036265
0.011215881
0.019391658
0.20109898
0.067270745
0.017678621
0.15232958
0.15027542
0.21600832
0.1639583
0.17898041
0.079356134
0.087420868
0.1138362
0.042628169
0.0021734194
0.19316099
0.18292546
0.2153535
0.14051421
0.18594101
0.069901755
0.18882086
0.13696135
0.10802421
0.10770312
-0.00051375473
0.14823677
0.099245736
0.17268504
0.0048269373
0.017132923
0.098065737
0.13573913
0.043369387
0.10763682
0.19653318
0.025226751
0.18845891
0.17632358
0.025526056
0.11008802
0.0091030225
0.090527992
0.038409256
0.11311364
0.20624229
0.13077158
0.21572032
0.14472155
0.043086619
0.128997
0.064797674
0.2082375
0.009189499
0.14002337
0.18599118
0.002988983
0.038171295
0.099159768
0.13078788
0.070802451
0.16908
0.054437378
0.20234961
0.11847956
0.20567285
0.13953179
0.20808175
0.084702564
0.0321192
0.21544888
0.063306883
0.066435301
0.0014225544
0.13984371
0.085074705
0.08234181
0.18744442
0.21183394
0.20145845
0.029556885
0.16690763
0.21539139
0.00059443406
0.00091751191
0.14261362
0.11475996
0.00087906551
0.064338906
0.17205324
0.18699378
0.00014160862
0.028801634
0.031515355
0.16457668
0.12249644
0.062026165
0.19246617
0.011574101
0.13463415
0.1710667
0.17620747
0.10519314
0.010742099
0.14376639
0.00030191146
0.12404824
0.004931432
0.0012923416
0.19610486
0.03058931
0.21550953
0.060337291
0.0031829121
0.20212482
0.069960333
0.096083991
0.13790012
0.033118145
0.028630179
0.092858593
0.047679609
0.051363244
0.045298236
0.18866681
0.048781953
0.045497938
0.13000559
0.00070875471
0.15211778
0.10690391
0.0014164225
0.061884077
0.15634555
0.037966802
0.041357489
0.19962855
0.057157495
0.016178722
0.19213604
0.07513388
0.026075606
0.18521692
0.032423252
0.022724755
0.16340863
0.099275563
0.19259244
0.20133143
0.043013889
0.13349241
0.21536627
0.17977639
0.032843787
0.0061938672
0.039766454
0.016771363
0.14285807
0.1064926
0.090867891
0.10851919
0.0847348
0.18710455
0.18860716
0.031638665
0.1303169
0.021639678
0.1525996
0.071810633
0.0088066757
0.042076488
0.10498577
0.1803283
0.020753723
0.020147301
0.18601554
0.04682178
0.04062989
0.1037883
0.06990865
0.10416937
0.019274351
0.17840722
0.18341042
0.034109811
0.20434801
0.055218738
0.093859719
0.036139924
0.1947412
0.15173962
0.17792951
0.13556569
0.04977182
0.14279106
0.013119483
0.13006413
0.0066400645
0.16802615
0.19352745
0.038657426
0.1090471
0.04328716
0.18151888
0.00066595419
0.17887268
0.20050256
0.092724945
0.057456411
0.13042307
0.18141961
0.088740747
0.14055054
0.060404001
0.068277716
0.099309614
0.098556667
0.053240583
0.05377672
0.094828765
0.11026594
0.15000354
0.14985342
0.18302171
0.079951586
0.20883341
0.14912164
0.15328362
0.10905736
0.082006271
0.055643013
0.07445462
0.18584933
0.1394483
0.011623362
0.022203351
0.00097155603
0.057412052
0.10141582
0.19968078
0.18569116
0.21217585
0.04800598
0.090990646
0.07604657
0.078110746
0.13501438
0.11664827
0.20918632
0.074040996
0.08453564
0.12732462
0.065853314
0.10967716
0.012039738
0.029840037
0.14408888
0.19031049
0.17548646
0.059967009
0.12412106
0.19662584
0.068061368
0.11086369
0.11432062
0.023644409
0.0062376381
0.11666121
0.10495748
0.18866073
0.13281032
0.099443602
0.081626211
0.1207387
0.11804845
0.20277868
0.12725739
0.20642364
0.086805373
0.00089143092
0.19642416
0.073218168
0.14461278
0.17994114
0.15325362
0.072049215
0.019652611
0.21569675
0.05873904
0.11133283
0.16315374
0.20383175
0.099168909
0.037913986
0.16977278
0.15448327
0.18784559
0.060306471
0.18830049
0.082551281
0.13665341
0.053936029
0.043066414
0.16627261
0.0013444074
0.18286701
0.056397329
0.094627928
0.14383653
0.055102534
0.037973531
0.21482721
0.20269735
0.20406567
0.019636546
0.11304936
0.18883483
0.00090765159
0.012371455
0.15691721
0.17735698
0.10446749
0.040306134
0.10305012
0.078052528
0.088665157
0.037578488
0.03551796
0.14187602
0.012740834
0.046619937
0.087683046
0.11942055
0.14020493
0.061645085
0.035578976
0.21591902
0.069928646
0.05364412
0.15510776
0.070009739
0.17798097
0.18580291
0.12512533
0.17825648
0.1712011
0.11645137
0.038493291
0.11243563
0.0011302296
0.19801033
0.18918709
0.10778589
0.01990666
0.18317192
0.086422206
0.17350578
0.17351335
0.057500959
0.12788403
0.16955517
0.080628709
0.039855165
0.1002643
0.094828467
0.019043942
0.14213937
0.099704168
0.019776372
0.12754279
0.064957074
0.10039529
0.059980247
0.13122785
0.20099315
0.12631959
0.023923965
0.19115755
0.17024242
0.031473558
0.19209532
0.17369737
0.070303183
0.21587077
0.005716301
0.18651661
0.037716142
0.082593917
0.12123204
0.09693931
0.18264324
0.071652259
0.021863383
0.10878012
0.1843491
0.18873865
0.16567694
0.20166195
0.063085277
0.17304868
0.014477261
0.19444114
0.055547213
0.12718266
0.064924998
0.10907041
0.044414748
0.015998118
0.16200799
0.067599328
0.11746556
0.092261534
0.13007827
0.0090562506
0.019390624
0.18818729
0.020770182
0.16726575
0.0013436549
0.061505735
0.21333148
0.083772619
0.057730057
0.12725914
0.048621039
0.15515648
0.077026839
0.026329902
0.092537977
0.014338664
0.057352875
0.18381866
0.076297734
0.14717975
0.16809361
0.056194886
0.17133591
0.11634118
0.19582891
0.07017338
0.038812872
0.1508368
0.071233163
0.057428684
0.069820747
0.20240448
0.081856929
0.070385264
0.08219249
0.080627481
0.21556591
0.16787763
0.059601584
0.080948839
0.20209406
0.15745293
0.12430225
0.080753017
0.1267889
0.12251977
0.16899071
0.13752058
0.055681969
0.15232842
0.21142942
0.084825965
0.11741188
0.077919531
0.034420795
0.143557
0.15355521
0.17567188
0.1566674
0.047564895
0.01642745
0.066730293
0.092254283
0.12738554
0.020785623
0.039587729
0.092434561
0.068954341
0.11293169
0.059888932
0.13642719
0.0048369173
0.11006769
0.07304122
0.17177788
0.20764666
0.18858584
0.077982815
0.029432986
0.19575959
0.10648099
0.11580875
0.1003284
0.1063089
0.21531547
0.0058952072
0.20354907
0.092026773
0.016855436
0.073494418
0.13825713
0.065741995
0.17504469
0.17144679
0.15515584
0.16365838
0.088930932
0.015820826
0.11228298
0.12130947
0.17272528
0.12244941
0.067186871
0.066640952
0.0053356395
0.13989225
0.093408851
0.16316129
0.082210714
0.17022716
0.028173813
0.051738221
0.15732941
0.21560763
0.11198345
0.15702736
0.075982064
0.043676612
0.21526252
0.15772
0.053060268
0.012211342
0.15397857
0.12068886
0.033628863
0.14765095
0.13928428
0.032088805
0.15412521
0.1007753
0.20765056
0.19141972
0.12510531
0.018797774
0.026484319
0.2044546
0.057848961
0.18856292
0.1231364
0.19974984
0.032002142
0.017165688
0.14721868
0.035707882
0.16018543
0.19945925
0.064646761
0.10701832
0.051853935
0.16655809
0.17550084
0.093097289
0.18864919
0.046950969
0.089434174
0.07424541
0.098183838
0.1027662
0.011339801
0.064377381
0.14312153
0.13831655
0.11956789
0.057523065
0.20657546
0.10225303
0.20708553
0.017327552
0.16291717
0.173883
0.062208891
0.17417099
0.059522866
0.11025048
0.036586317
0.15496233
0.13451472
0.16296513
0.0065561061
0.090760786
0.097022509
0.035496967
0.053615708
0.10509224
0.17266195
0.022713856
0.10812085
0.14671316
0.21124639
0.067613773
0.080727061
0.026174778
0.19347404
0.088400605
0.16102286
0.20944284
0.089443082
0.15835112
0.077623306
0.025126448
0.20616808
0.10423024
0.00038901086
0.04731364
0.00088727542
0.13300972
0.08451851
0.00057048729
0.049161641
0.041138742
0.13235032
0.045863912
0.12345601
0.18488056
0.18306631
0.00043468392
0.065785838
0.18520234
0.10931033
0.17381104
0.18776807
0.085498379
0.024693442
0.044928267
0.11382723
0.044535642
0.16396943
0.15977598
0.011743267
0.068049858
0.068841229
0.072441433
0.089573869
0.050164062
0.12671915
0.20568304
0.20380706
0.1269529
0.072864889
0.058022573
0.10159644
0.072307959
0.18799721
0.13992062
0.087784971
0.14134577
0.12798636
0.19839631
0.10155948
0.19196477
0.17958895
0.026506497
0.12175984
0.12053149
0.20797469
0.21546431
0.20151193
0.18078026
0.029231941
0.21571898
0.19321933
0.15313351
0.031739783
0.049070707
0.20180288
0.1396277
0.18486941
0.16721857
0.17608651
0.093078424
0.13390681
0.18684626
0.17422971
0.11221011
0.10462226
0.17295342
0.17957286
0.19830936
0.056759196
0.061185968
0.13345012
0.17938864
0.14736212
0.2013069
0.20743072
0.19001056
0.20464646
0.19356967
0.012686343
0.063749509
0.057684449
0.1466208
0.17343956
0.009915677
0.04031712
0.070587633
0.20037274
0.069584579
0.2035962
0.17772187
0.19251615
0.12102357
0.05541988
0.18661663
-0.00078418947
0.17667459
0.18263838
0.13585693
0.17254685
0.025625743
0.16091906
0.12799365
0.11411749
0.19720975
0.03217798
0.12457302
0.010123066
0.020201839
0.18885402
0.17691278
0.08453152
0.042636279
0.17881638
0.05722291
0.19335419
0.050627989
0.20438546
0.034801457
0.18819006
0.10453108
0.14611847
0.11573321
0.044121224
0.21535032
0.1671436
0.057063079
0.11096567
0.020374072
0.062448299
0.19692429
0.098499732
0.15557003
0.17704708
0.10664787
0.1981262
0.13283704
0.13249128
0.092780864
0.13272297
0.18924992
0.079250122
0.01173592
0.14000006
0.067935956
0.17736866
0.0010352075
0.045079392
0.082036988
0.21552162
0.18872071
0.094941283
0.17651812
0.19860445
0.036781705
0.17608429
0.08421395
0.18042953
0.091044027
0.051680231
0.17062271
0.011662887
0.060060504
0.20332158
0.12784279
0.0010704206
0.21464027
0.039784373
0.21528221
0.19739516
0.081672327
0.17531323
0.059467956
0.019117297
0.040812187
0.10152046
0.15427192
0.1326973
0.042955379
0.21527289
0.14641471
0.086703585
0.19802974
0.14044899
0.13753822
0.093550624
0.21557147
0.13089217
0.14338084
0.086858522
0.13416444
0.11113627
0.09765774
0.032462297
0.034774294
0.11792529
0.21521505
0.056756451
0.14698574
0.19585868
0.20338158
0.18971047
0.039264733
0.023722107
0.039206708
0.08676549
0.043577541
0.071693597
0.13053442
0.12799832
0.11259855
0.063094012
0.14347648
0.007816879
0.21601179
0.083523567
0.19798672
0.11105934
0.15455397
0.13325919
0.10112383
0.024437179
0.03664163
0.065299694
0.12176862
0.064847383
0.21046057
0.046558902
0.16370341
0.028300724
0.20001564
0.18453068
0.052764595
0.086928853
0.11753679
0.15471555
0.19863032
0.0019787519
0.18930869
0.054734037
0.1500044
0.15288631
0.018004916
0.046776982
0.16629573
0.15309298
0.048691972
0.1145184
0.193125
0.1898747
0.21605642
0.056548168
0.18678343
0.031952754
0.21347501
0.093784148
0.10715102
0.0086517718
0.1026584
0.10825155
0.053360637
0.19846531
0.059471009
0.13493011
0.021042441
0.035728112
0.029586893
0.055441603
0.069335453
0.1320327
0.18979172
0.17725696
0.086893067
3.6429519e-05
0.065389026
0.031122328
0.1088293
0.17296367
0.10647814
0.08255093
0.15120407
0.0013517602
0.17783911
0.20405023
0.20334324
0.021550834
0.13527291
0.16664589
0.18994717
0.18501159
0.095116113
0.14640776
0.10778154
0.0088392655
0.07724754
0.17199278
0.12943012
0.0013037885
0.026351114
0.13956211
0.061860695
6.9413321e-05
0.21577096
0.059732168
0.034653557
0.16602605
0.12926001
0.1658118
0.21541717
0.092194603
0.026372255
0.17724075
0.10854667
0.14418501
0.034879803
0.074516459
0.0014039969
0.14121452
0.030436706
0.048524616
0.089077109
0.20890165
0.025115073
0.023279651
0.17334687
0.070718282
0.18912518
0.0024984551
0.20636294
0.17845044
0.021448828
0.12944237
0.19374973
0.12932783
0.11147493
0.16899036
0.18463905
0.16646696
0.062570271
0.17161567
0.0024057916
0.072317268
0.055500491
0.045755874
0.089524348
0.10718698
0.095114762
0.15665371
0.14518457
0.15051404
0.20877233
0.14953144
0.13499886
0.11788734
0.03088843
0.13921092
0.057659468
0.15231013
0.17455578
0.029659137
0.04575675
0.08843349
0.12615213
0.046026805
0.19834959
0.033960406
0.10199712
0.18831434
0.18232165
0.1066338
0.011122463
0.17574186
0.18160372
0.016411294
0.037981117
0.067717173
0.11482008
0.11894226
0.08379878
0.011636827
0.13024446
0.11433148
0.057877173
0.18275077
0.0018485793
0.028481768
0.18468043
0.13802364
0.21178249
0.12661485
0.020744638
0.037018538
0.029075105
0.094593574
0.16336638
0.10767157
0.14094396
0.11785929
0.17355472
0.13620929
0.0014716468
0.14049368
0.069776362
0.02133249
0.1025773
0.21237482
0.1598259
0.076659921
0.19595515
0.12657446
0.069805765
0.13965171
0.12276014
0.13693971
0.049355748
0.11634014
0.087359106
0.18900113
0.17379469
0.12589794
0.18734399
0.15470789
0.18355114
0.14160771
0.14341735
0.11679905
0.15947399
0.00023676316
0.19762345
0.085728988
0.079821124
0.054168
0.17614333
0.061321729
0.13363862
0.18833371
0.041667812
0.090404366
0.16428661
0.127927
0.080947829
0.10378148
0.044346452
0.019917975
0.19677817
0.072777922
0.16985245
0.21300295
0.0010272855
0.088021894
0.2061089
0.027396984
0.10986315
0.15670715
0.2017188
0.21563368
0.0094004053
0.19862801
0.10421912
0.053344927
0.20505655
0.10265374
0.15218603
0.15001724
0.20081508
0.0078259735
0.11403396
0.21537348
0.0011180962
0.045496629
0.18974527
0.14471388
0.19878443
0.0012987676
0.0813867
0.011835758
0.10507014
0.11283847
0.054715673
0.21588561
0.10921058
0.016090001
0.20663259
0.02144108
0.065776183
0.083667815
0.13995753
0.20097293
0.079070312
0.076322173
0.17140396
0.15217025
0.070286883
0.153527
0.051334644
0.05068631
0.10624108
0.1619853
0.088905991
0.001458429
0.16985853
0.17993662
0.080065412
0.17292829
0.012976494
0.21539188
0.087090365
0.066858997
0.10097281
0.195766
0.00061658803
0.032222668
0.21401917
0.12206508
0.21533827
0.028758401
0.19267973
0.053919233
0.17612234
0.13274828
0.088175024
0.10954375
0.16383813
0.051866734
0.20555964
0.19793599
0.074093357
0.069196443
0.053798728
0.21554054
0.0067741199
0.0087002423
0.17894794
0.00148809
0.21479517
0.20820742
0.10609234
0.10274228
0.12233695
0.14693642
0.1039449
0.13368603
0.034352202
0.14914256
0.052378844
0.087205828
0.074370939
0.13110095
0.10686409
0.039858025
0.0014199701
0.093150911
0.12333114
0.14276862
0.047890846
0.032125365
0.15612345
0.019238872
0.17597257
0.19806732
0.04289
0.16497557
0.055324428
0.041811323
0.056634926
0.12957998
0.064084034
0.21396627
0.038837632
0.0014500773
0.11670521
0.075453877
0.10846977
0.20367488
0.10298345
0.044467883
0.031682182
0.12813126
0.13842105
0.11364296
0.074426218
0.1630764
0.073547344
0.13467339
0.21540688
0.0291439
0.13568219
0.013800555
0.083086578
0.19538279
0.17462205
0.0013883025
0.16941713
0.14495897
0.15513517
0.033351838
0.16569912
0.12280499
0.09041402
0.14528827
0.20734687
0.18216652
0.17323843
0.12170323
0.082355276
0.074107204
0.11555729
0.05262617
0.10822257
0.04877747
0.062721515
0.19743472
0.14487361
0.01969064
0.2157113
0.13041486
0.072085931
0.20084742
0.21537626
0.067579196
0.17453243
0.063376498
0.011327189
0.00092121988
0.17981827
0.20955266
0.12496022
0.10168026
0.14272098
0.19729242
0.037843915
0.019389387
0.12089665
0.21535208
0.15537651
0.13727793
0.18290405
0.011603142
0.0011326627
0.013278108
0.021085707
0.1743204
0.078080853
0.13623615
0.0013933123
0.12338041
0.18125244
0.18798662
0.16167135
0.11683057
0.10841824
0.0006627906
0.16428359
0.16587715
0.20554539
0.11554087
0.14246295
0.21528964
0.071432187
0.15761575
0.085510962
0.14265999
0.10325428
0.13631049
0.10083286
0.084859233
0.087742771
0.10542022
0.061975095
0.034228717
0.21587932
0.099740916
0.078974485
0.17967098
0.032920072
0.057528893
0.1022157
0.13865562
0.030130122
0.16802498
0.15792955
0.043643202
0.07801708
0.1770807
0.017377061
0.078049411
0.067870783
0.11692705
0.17063706
0.12692712
0.1378925
0.095729088
0.092713113
0.13152532
0.19483056
0.036335171
0.015332305
0.20221857
0.086731289
0.1835957
0.012235798
0.18902407
0.18732151
0.044598401
0.19162296
0.21523578
0.19844862
0.12537694
0.15275962
0.14772876
0.11445704
0.16170262
0.21549195
0.088668343
0.054447465
0.13038678
0.10443926
0.20263963
0.12493526
0.15168086
0.034605387
0.0042768
0.065071582
0.1951262
0.028452838
0.20856492
0.080954287
0.17051161
0.1068816
0.14023649
0.025033814
0.18404713
0.00099938661
0.16343209
0.07197504
0.092877741
0.21550294
0.17718083
0.21166179
0.21537685
0.050229209
0.1283314
0.052177643
0.080113094
0.10392791
0.12477381
0.12380646
0.0015249693
0.072058151
0.0348605
0.068349436
0.075515159
0.018581515
0.10421813
0.1742107
0.20833805
0.13851133
0.19602188
0.042582346
0.16382276
0.12528383
0.18924968
0.1930066
0.21418847
0.059600352
0.028640377
0.12048261
0.14756987
0.0014361997
0.13007968
0.11544479
0.0010976016
0.20269546
0.076685398
0.016255283
0.15480904
0.04150937
0.12831521
0.11446337
0.15590328
0.19489421
0.13553829
0.0013328108
0.21427705
0.17822646
0.019421411
0.008283759
0.20345807
0.0047200347
0.063363577
0.13861679
0.19297222
0.19636619
0.028428832
0.088188417
0.20484191
0.020711813
0.19367671
0.19100179
0.062778959
0.12793726
0.16590697
0.094172569
0.055152134
0.058988549
0.21557639
0.21170508
0.13345103
0.066167828
0.01762545
0.2062939
0.035215323
0.039099945
0.14889794
0.1761286
0.21485933
0.14728009
0.0036483218
0.042789288
0.19574661
0.087154531
0.13759569
0.016017665
0.19222224
0.17031389
0.11363882
0.10927908
0.13776049
0.21538826
0.006738427
0.16200053
0.21527681
0.057032785
0.052151403
0.059833516
0.040273985
0.066536409
0.14304755
0.18992678
0.20291933
0.090358087
0.086983564
0.10023223
0.029878678
0.21533076
0.14472001
0.091291318
0.15969927
0.050735716
0.21546368
0.096123753
0.16715593
0.15481689
0.15429965
0.13326557
0.090921433
0.040125836
0.053804114
0.13345924
0.10401206
0.042916374
0.215399
0.16528001
0.014482385
0.1301373
0.20007071
0.14663243
0.062015954
0.18497728
0.12529782
0.16117482
0.1468184
0.21546413
0.0779416
0.042722242
0.041208741
0.11489505
0.19017572
0.14085147
0.17784921
0.1765382
0.0040610316
0.14354853
0.055434088
0.11525273
0.16198436
0.0069601918
0.20707132
0.11594027
0.18379004
0.032439877
0.056298311
0.057871227
0.0068549847
0.12961761
0.025428439
0.1185429
0.03161776
0.15529336
0.14562945
0.12304307
0.006539352
0.13381948
0.16307543
0.10398528
0.069272691
0.030936512
0.00082406869
0.14116697
0.081180162
0.20968856
0.058126003
0.077529127
0.16121911
0.15077484
0.020886877
0.12447523
0.11507349
0.14041073
0.051745107
0.044407787
0.0889537
0.140071
0.11299401
0.1801666
0.10773707
0.071865699
0.19892065
0.037085845
0.16608013
0.16071875
0.099452055
0.026636869
0.15275132
0.09158565
0.0013354232
0.15183268
0.15795332
0.12583011
0.059938419
0.086939571
0.060020806
0.00058263589
0.16984701
0.1937667
0.216002
0.16122266
0.20976613
0.12985482
0.051636887
0.18351943
0.059264676
0.1634061
0.10584667
0.0068720672
0.076508414
0.050942007
0.073994236
0.092543845
0.053499103
0.1089063
0.18264464
0.21535549
0.13843996
0.062607581
0.18293794
0.16986134
0.20134398
0.036797891
0.078769851
0.017539373
0.15322326
0.057887137
0.034909747
0.1519077
0.079912982
0.2036912
0.18223354
0.052917173
0.091382611
0.16881679
0.054723753
0.15681596
0.1790507
0.029814492
0.15761912
0.12002293
0.12980729
0.14558258
0.18321051
0.18206226
0.04694404
0.010875241
0.010745317
0.04872564
0.21153883
0.04830415
0.011841268
0.091798138
0.10770829
0.012130494
0.21557954
0.072556148
0.12622756
0.12983598
0.14390966
0.019053989
0.092411545
0.16565141
0.054464552
0.089871829
0.10445561
0.19877346
0.030562088
0.099964439
0.059291117
0.13072412
0.015888705
0.10878075
0.044255547
0.18355602
0.04694935
0.0051203716
0.16058876
0.16779635
0.021520198
0.13400604
0.16393395
0.11388532
0.025815309
0.049741982
0.21559628
0.15785463
0.15276235
0.070509619
0.029102891
0.15491156
0.051872764
0.12578328
0.20741798
0.17000867
0.099993978
0.18419831
0.061246065
0.012727276
0.19114099
0.17708825
0.05200678
0.16272576
0.041729133
0.024920941
0.13806802
0.17697522
0.001479983
0.14427874
0.12884021
0.090326963
0.09779928
0.14258708
0.014821764
0.055155215
0.18781457
0.1352318
0.21529689
0.00038012437
0.17962446
0.20617712
0.056096113
0.12143328
0.21604936
0.14645719
0.042798603
0.039056973
0.1449278
0.054852581
0.20343561
0.1273473
0.099534443
0.10665974
0.1349394
0.098330635
0.089514597
0.14692824
0.19952088
0.12027618
0.20399103
0.20360935
0.18862218
0.080415429
0.059725107
0.0096521415
0.010846095
0.1353545
0.14149509
0.045842287
0.19022256
0.2153489
0.21527984
0.14892935
0.11975192
0.032861773
0.097207376
0.2156368
0.075042083
0.18561879
0.049944682
0.034911398
0.18089805
0.11820628
0.082588242
0.076140514
0.03672673
0.041070819
0.062215186
0.14284333
0.05475246
0.10390434
0.19900093
0.20019176
0.133323
0.0015634543
0.075710965
0.14586513
0.075013889
0.18683589
0.063064859
0.035471187
0.016203089
0.073195724
0.0014298105
0.070429861
0.11577607
0.2031453
0.053819854
0.034869801
0.2064054
0.012871022
0.13647623
0.19682424
0.030210315
0.0012692496
0.090074981
0.10362773
0.16296783
0.14016923
0.17133013
0.17015433
0.21554919
0.1679505
0.20669352
0.1572123
0.070995275
0.15211251
0.15150784
0.06464807
0.00039751305
0.060986933
0.057448207
0.073005447
0.00079042453
0.063247259
0.17268861
0.15766284
0.12274433
0.12656589
0.16638339
0.0014667125
0.05449318
0.21083504
0.15910971
0.14447655
0.032057587
0.017558516
0.058831732
0.025584973
0.12867012
0.1438514
0.0006538907
0.062525558
0.091559997
0.080317242
0.043686759
0.010274622
0.14040748
0.1816753
0.14760546
0.033927854
0.11890343
0.079786255
0.1738454
0.006398605
0.19285143
0.21598766
0.024177579
0.049948135
0.15165744
0.014878949
0.15206319
0.10115293
0.075494172
0.16922323
0.15496369
0.069468553
0.028307895
0.21565674
0.12889737
0.054969291
0.16268453
0.013133737
0.0013859204
0.11073093
0.095481706
0.016769961
0.096820733
0.1581369
0.058643755
0.17392214
0.059915352
0.15710211
0.18586068
0.045896209
0.11946914
0.082572711
0.16447005
0.14459036
0.19199668
0.20793549
0.014950183
0.0029570245
0.107341
0.20316102
0.066671212
0.103878
0.14323661
0.0010383467
0.18916008
0.0009307681
0.09269725
0.15095907
0.062559329
0.17451983
0.036927172
0.0014476436
0.024573395
0.077931371
0.21528037
0.0032439614
0.14640531
0.072420186
0.080905656
0.035865291
0.12192125
0.038727725
0.13399773
0.13057934
0.00095718132
0.084463251
0.065312988
0.10546112
0.050700471
0.11652592
0.17363896
0.0040495341
0.088272091
0.034262415
0.031598318
0.11131691
0.13067943
0.053387173
0.18554082
0.089680944
0.13399916
0.14630617
0.15815262
0.029272628
0.1568268
0.20729992
0.050528047
0.082675976
0.1328133
0.06476092
0.063518315
0.11347216
0.15200767
0.033071921
0.051021399
0.17647856
0.15291255
0.10824116
0.17687208
0.096532149
0.010433049
0.033929502
0.059738739
0.013814847
0.12742674
0.16185174
0.095708106
0.12882715
0.052691802
0.16189792
0.070459046
0.013740272
0.1395267
0.18693865
0.076135377
0.14835026
0.075062058
0.072698672
0.062192664
0.0013739486
0.18884754
0.19078384
0.037532137
0.012845735
0.0010257148
0.14063479
0.16680962
0.0051430102
0.015760649
0.01908817
0.03197308
0.06111684
0.099061298
0.075132567
0.14384273
0.092173467
0.14748161
0.2153489
0.14375587
0.038764717
0.12406927
0.19083391
0.072964071
0.17165099
0.12148079
0.021872778
0.18546183
0.19027522
0.011150244
0.17176237
0.052413036
0.10140172
0.12427287
0.055609135
0.14992333
0.12996107
0.054697556
0.14607687
0.19560231
0.042033514
0.14041697
0.18992456
0.085540928
0.1977971
0.058242904
0.06509406
0.066426518
0.14424249
0.023492312
0.21549609
0.12768988
0.20187824
0.13987745
0.061625947
0.19276317
0.0070729163
0.14665843
0.00031253818
0.19460454
0.0013993722
0.092104975
0.18866637
0.02917334
0.16583275
0.086259177
0.21537928
0.02725502
0.18301351
0.049483
0.1542734
0.081087359
0.193133
0.019077964
0.14098207
0.16985816
0.10760779
0.08011992
0.15552725
0.15635558
0.061564546
0.1282657
0.095363988
0.11309495
0.024607697
0.010726547
0.001093752
0.034914722
0.036702223
0.00076483291
0.0031497725
0.06475244
0.18989804
0.042378459
0.1079844
0.04793128
0.06946093
0.11357832
0.044852274
0.18705309
0.18811722
0.202801
0.19424885
0.18504683
0.20397436
0.20533796
0.16806194
0.081140406
0.12050109
0.16691914
0.0043351886
0.091546497
0.15558881
0.090274739
0.12116311
0.1951433
0.18633902
0.19270436
0.18662765
0.21530111
0.17385817
0.038340685
0.21557229
0.072868793
0.056169103
0.067652589
0.17153319
0.033863853
0.15723106
0.19782133
0.028837446
-1.9166968e-05
0.099093396
0.052076534
0.052307484
0.065336019
0.12973362
0.054325682
0.10516683
0.089188416
0.16894611
0.034498847
0.12591443
0.05096827
0.20660868
0.065475618
0.023171773
0.21540663
0.072779406
0.032938003
0.20527581
0.17290866
0.10582722
0.17995802
0.01522948
0.083839237
0.0029233251
0.10223295
0.083375998
0.064360063
0.16657502
0.1309775
0.078078747
0.018335315
0.1935779
0.20578675
0.19803604
0.005067296
0.1722757
0.10368883
0.20191407
0.0078450755
0.068516959
0.13915034
0.058664169
0.099324685
0.090649147
0.087784088
0.053412468
0.085453608
0.11597245
0.15884765
0.12924847
0.093087295
0.20889513
0.040512756
0.091458203
0.051895581
0.17699864
0.10415468
0.07794474
0.022305958
0.11500025
0.2148351
0.11336427
0.026527149
0.19659017
0.2075894
0.032814556
0.13557078
0.17516965
0.19240887
0.19776751
0.095540349
0.063877683
0.10123336
0.17559478
0.091276226
0.0016262897
0.065394517
0.045065776
0.00047020452
0.065847639
0.15911672
0.099915333
0.02877326
0.054765327
0.063309495
0.12085435
0.11419343
0.14570437
0.088240796
0.21538581
0.00073072538
0.19049188
0.095043728
0.19040607
0.049191869
0.077768482
0.096242462
0.15513329
0.10077645
0.0019911231
0.046574868
0.15771128
0.059662688
0.12842738
0.20880472
0.075165934
0.13687224
0.053688485
0.08881588
0.19957511
0.044729832
0.12182436
0.17910207
0.16483326
0.20798951
0.10377825
0.20454342
0.19423093
0.0014521858
0.081479638
0.19355591
0.21539165
0.19722847
0.024989628
0.054742197
0.1307685
0.097789846
0.057303785
0.11405738
0.14428701
0.15792538
0.076753773
0.16099474
0.092653395
0.00075061492
0.21528867
0.023797679
0.041386523
0.16942552
0.050744123
0.1171425
0.19816715
0.11950174
0.0031348499
0.044163763
0.19094199
0.035059322
0.06390853
0.17085696
0.16749447
0.0056000966
0.10124731
0.04310471
0.062148273
0.065547843
0.09013299
0.13967819
0.053170676
0.0019426613
0.1069001
0.20250935
0.01301508
0.055778074
0.13907837
0.052987937
0.10374957
0.13135493
0.055371364
0.085049777
0.13210381
0.03363164
0.099246493
0.14569969
0.090913506
0.19848409
0.1113082
0.084699166
0.17359063
0.21574822
0.015290197
0.028085638
0.028399024
0.14500978
0.13712274
0.051152388
0.04983939
0.20401301
0.15648615
0.18732127
0.13805919
0.13753081
0.21529245
0.077254298
0.1659295
0.10101553
0.086340168
0.17909243
0.13634031
0.070650159
0.015578399
0.013068205
0.20409188
0.15425912
-0.00075269536
0.18562609
0.04393233
0.05152664
0.17829899
0.062766341
0.0012430906
0.14441223
0.036099088
0.020779788
0.10255462
0.15808181
0.028490688
0.02479563
0.20726328
0.2153923
0.11451822
0.16127427
0.14236563
0.069559098
0.067147439
0.14041458
0.10872163
2.047636e-05
0.19162333
0.08225774
0.20860116
0.032650331
0.14684548
0.099264304
0.21586099
0.18646247
0.0131276
0.054442702
0.10403755
0.15195963
0.070549341
0.0013354335
0.10408236
0.14662508
0.020722707
0.10410448
0.21579632
0.18697461
0.17291816
0.16401729
0.18272227
0.17353397
0.013473834
0.043941351
0.20466294
0.073753524
0.16515439
0.025412
0.15303451
0.10771179
0.16529565
0.032413854
0.078330934
0.20309682
0.1379638
0.0015889393
0.0069408302
0.029308312
0.1829862
0.18249361
0.18567781
0.12340247
0.15259001
0.20357526
0.21569452
0.17722471
0.013553116
0.15770943
0.16337376
0.11336966
0.14604851
0.001025448
0.14668911
0.15105856
0.15444578
0.10507594
0.10298276
0.18001029
0.15826102
0.14336937
0.20212691
0.0038512518
0.19528628
0.09683272
0.013432449
0.11844283
0.1004738
0.13964631
0.13643992
0.071989418
0.049948551
0.21569024
0.16514771
0.062340634
0.083698189
0.059951764
0.10578669
0.14455496
0.10101838
0.13339125
0.14682906
0.15867086
0.11677303
0.17685406
0.10016206
0.21546
0.18634536
0.15746735
0.098235364
0.11793618
0.1699253
0.20235467
0.044248124
0.032713147
0.18951026
0.18806868
0.030617351
0.10017708
0.18847137
0.13850185
0.028977642
0.030958439
0.026788924
0.090912754
0.14853538
0.15974397
0.074779001
0.15625371
0.17391039
0.062975114
0.079423598
0.17080773
0.061907893
0.095254795
0.19071316
0.0013427737
0.215493
0.20208931
0.047027808
0.074878273
0.093152266
0.018005786
0.13553121
0.00092283176
0.0283136
0.026694227
0.20445151
0.17407672
0.10465913
0.027160027
0.14612965
0.21557108
0.076045209
0.12183194
0.016949411
0.13698102
0.17986287
0.054462835
0.1068439
0.00091146037
0.049980985
0.14267819
0.025336749
0.021763848
0.12378676
0.068040515
0.058229359
0.19842738
0.14893359
0.19247027
0.19968674
0.051524228
0.071434508
0.060634193
0.11113668
0.080301831
0.082527309
0.21402851
0.12806056
0.19999143
0.041030806
0.18309524
0.080886218
0.20979805
0.070457466
0.20510672
0.075825235
0.20583566
0.10419833
0.0012115095
0.049281828
0.043796371
0.063724305
0.17669233
0.17901177
0.072551689
-0.00090230264
0.13311095
0.048783435
0.19908464
0.035834873
0.057827217
0.17712497
0.16324615
0.00027480065
0.080349835
0.018025523
0.034960442
0.055668549
0.0067273101
0.16876303
0.099967723
0.13234876
0.18125505
0.12338951
0.17902354
0.095843434
0.004306016
0.090591377
0.0012668736
0.17914212
0.17953484
0.20466813
0.1360593
0.10363549
0.088181467
0.16213697
0.044016241
0.058555551
0.15655378
0.003805117
0.1533125
0.038132427
0.00089632977
0.19533413
0.10806589
0.047497842
0.10215722
0.13770168
0.12534932
0.1453938
0.0067290789
0.12835338
0.18819361
0.022186491
0.054741895
0.00055730636
0.14112369
0.18515608
0.1233337
0.20543906
0.10135057
0.18551427
0.060256525
0.19873721
0.18916617
0.001663669
0.084961496
0.013065592
0.11336892
0.078764412
0.15914912
0.027317972
0.022041421
0.20007229
0.14787907
0.10840611
0.18831501
0.21586337
0.0046878687
0.032802792
0.015104714
0.19957776
0.022132234
0.07404148
0.19635021
0.17094196
0.10878945
0.033439613
0.13061151
0.1705536
0.017994535
0.088990996
0.15091274
0.070152869
0.0073960638
0.048302031
0.21543462
0.16585863
0.066754303
0.12365831
0.066737619
0.20054842
0.090450443
0.038724974
0.12292613
0.068887904
0.0076755999
0.19335542
0.080815355
0.13747551
0.056263897
0.001393255
0.089153865
0.1724799
0.16240377
0.20076133
0.068654845
0.052459263
0.033966776
0.070808954
0.17402059
0.10868144
0.044957668
0.054692194
0.074325169
0.026969078
0.1178704
0.0038511898
0.028109407
0.11713447
0.076368955
0.1670606
0.0050637988
0.10798784
0.00094482955
0.032153154
0.024728468
0.20400895
0.13603308
0.19750316
0.19681459
0.16880195
0.006576353
0.0675729
0.11760912
0.017410306
0.17674067
0.0077774863
0.00020614643
0.20362723
0.20027613
0.075247938
0.047384256
0.057427016
0.074860001
0.10899144
0.1214562
0.19805629
0.087875634
0.021414981
0.05512377
0.023291394
0.016061123
0.15544823
0.076222039
0.10465259
0.15080815
0.16055814
0.090522944
0.10235126
0.10670726
0.053820322
0.047047295
0.046082536
0.076941358
0.15719176
0.074015812
0.13046471
0.12927265
0.21166943
0.21538853
0.18449765
0.057604727
0.16629961
0.044521064
0.18950993
0.13268959
0.013782795
0.17321145
0.12040632
0.14104958
0.14237863
0.073006328
0.00073238592
0.21579042
-0.00047014843
0.099695498
0.033838746
0.0051839174
0.0015509096
0.048486256
0.10224487
0.071689553
0.14854784
0.0013626004
0.14122621
0.051657199
0.13388222
0.18746862
0.21532321
0.11310155
0.0019573727
0.051866997
0.10207797
0.16060861
0.19420696
0.19857986
0.12602166
0.2059065
0.038706977
0.10416395
0.13663211
0.2154744
0.18508316
0.13661748
0.17851863
0.13936704
0.027974881
0.047864174
0.16686699
0.092692611
0.10055048
0.16064332
0.19051186
0.12536188
0.11694187
0.10001864
0.048801319
0.11023374
0.12890899
0.19374089
0.12239561
0.19895472
0.18479813
0.019543303
0.086835217
0.027756988
0.11834863
0.21539104
0.051368954
0.0039828412
0.0014447571
0.013914098
0.14028217
0.018814394
0.1975757
0.1843069
0.12895257
0.16691648
0.15448396
0.018670506
0.11934746
0.19794212
0.10860484
0.17390494
0.20767039
0.19428539
0.21566148
0.06669644
0.098452919
0.21550979
0.0013023705
0.0024456849
0.10458577
0.090499514
0.15480552
0.16342964
0.18845245
0.10069301
0.098736511
0.0015088083
0.15835669
0.099769815
0.057667764
0.19464075
0.14215336
0.14737071
0.13197657
0.14279231
0.19668941
0.092371169
0.049528205
0.027791563
0.05825027
0.033352424
0.14282991
0.14187382
0.17183864
0.21537763
0.16618814
0.19867096
0.076756927
0.15288328
0.044053378
0.02991774
0.12873961
0.10612129
0.18160235
0.089331329
0.080438719
0.12368427
0.020389004
0.15419213
0.010376358
0.19036703
0.1626266
0.15873245
0.14827316
0.0017788587
0.12131199
0.0036884342
0.19732978
0.11520991
0.099551888
0.17221425
0.058397158
0.18927144
0.13310202
0.14112972
0.00093281789
0.16691387
0.11565684
0.17264067
0.0014491903
0.20069743
0.057964397
0.17674435
0.19561478
0.19957093
0.071451717
0.037678489
0.0041906706
0.036750031
0.20960719
0.12238766
0.13234061
0.054256944
0.076365672
0.15555047
0.10555278
0.14322034
0.19284563
0.053466392
0.10921187
0.14047244
0.096642335
0.14987705
0.21551161
0.14529399
0.21574605
0.15985921
0.021249696
0.21542036
0.16418787
0.03636277
0.15768905
0.081651301
0.13988916
0.13556021
0.046645913
0.033791942
0.041214772
0.00051364856
0.046963269
-0.00067420171
0.072955792
0.039725925
0.080899041
0.02152769
0.074356222
0.098580043
0.035531066
0.20461858
0.099498819
0.18103544
0.14370597
0.17384871
0.11530003
0.019226953
0.083393587
0.14566106
0.034184076
0.079462189
0.17695347
0.13244939
0.0166913
0.053730763
0.17308458
0.1856041
0.037062958
0.17573317
0.200496
0.16993811
0.06770352
0.19516958
0.076454771
0.087919918
0.15393237
0.048889981
0.022620728
0.14313701
0.017517994
0.079563057
0.042064186
0.13312415
0.020565039
0.15604735
0.0029030145
0.042205611
0.089493091
0.15603963
0.1738518
0.1239499
0.17534941
0.2004366
0.053325999
0.071366271
0.070911335
0.059655987
0.15469195
0.080511766
0.11399595
0.16274168
0.17381717
0.020060236
0.084215069
0.2001957
0.17795195
0.069668904
0.18639371
0.19313969
0.091508278
0.15047612
0.065746604
0.019644402
0.14774196
0.097343312
0.011214665
0.086638609
0.14007693
0.083210499
0.013779308
0.056331956
0.13990737
0.13818036
0.20404979
0.066638359
0.037249674
0.045609156
0.062649015
0.10212242
0.038450263
0.051573857
0.10664582
0.12284951
0.10196448
0.20022141
0.12110404
-0.0007579009
0.088806944
0.016096086
0.096143742
0.11928817
0.21573167
0.089375013
0.14320968
0.089923572
0.21111781
0.15504139
0.025593145
0.19080736
0.164987
0.055210066
0.072582464
0.093767788
0.10099185
0.20307203
0.087630632
0.040305449
0.019256935
0.054170115
0.19157087
0.11832677
0.14901374
0.037410308
0.18472384
0.12301475
0.14173738
0.14284022
0.10458424
0.038330321
0.011429507
0.1955925
0.15456816
0.19017672
0.2015292
0.12336218
0.10733028
0.19014052
0.16833338
0.08987565
0.082484976
0.17147463
0.00093436762
0.036138371
0.12071197
0.2089793
0.040547799
0.055279181
0.12780156
0.031374019
0.047218297
0.1610844
0.036845283
0.00085242619
0.18362863
0.19183176
0.071425131
0.0016462722
0.020019058
0.20514588
0.20441953
0.14858684
0.060329548
0.039808964
0.065255392
0.023117139
0.1857886
0.053796522
0.12075407
0.2153326
0.19547524
0.022827018
0.16372119
0.2019306
0.041828708
0.11320707
0.016894958
0.0722469
0.017880496
0.059153157
0.15706089
0.19645507
0.15891209
0.13339036
0.077620542
0.14055651
0.017465621
0.20401723
0.18884979
0.18295273
0.095810559
0.13764339
0.031643159
0.085699894
0.053739139
0.00090559785
0.17400406
0.025750755
0.14102841
0.17694946
0.038061984
0.034531178
0.19043995
0.036911269
0.15097608
0.12772453
0.011105423
0.18078487
0.082823136
0.15779009
0.1312583
0.17266213
0.01249118
0.015116484
0.18223087
0.055557218
0.08904056
0.097577454
0.01213504
0.12099089
0.096420164
0.097339923
0.015937673
0.10330371
0.12748116
0.15865503
0.11311145
0.21532787
0.20488889
0.057059098
0.13910652
0.15108553
0.065012924
0.087862442
0.19828067
0.15236419
0.20838212
0.21209359
0.16579161
0.12113427
0.20108156
0.072662851
0.01998826
0.0076710844
0.094767416
0.061251155
0.088139266
0.11362163
0.04748192
0.15452099
0.074463092
0.076067164
0.14135835
0.059277541
0.027171874
0.074628739
0.17397263
0.16920301
0.073875115
0.086141767
0.016989708
0.18393731
0.070454959
0.15106639
0.21550357
0.026359137
0.044074601
0.081569921
0.013705008
0.0012699084
0.15721786
0.042100375
0.16451456
0.0091370766
0.12839817
0.16212833
0.080908682
0.079520515
0.13737177
0.040469101
0.21538433
0.056661787
0.00089356223
0.063981969
0.19758644
0.18848901
0.20212286
0.020491025
0.033499398
0.013590006
0.14461772
0.052792776
0.016747142
0.12581095
0.03671514
0.072290955
0.16927994
0.11282889
0.051328959
0.050612793
0.20807204
0.1287521
0.14726769
0.058152437
0.085804026
0.069111432
0.16197801
0.15859314
0.14059311
0.081387255
0.17669883
0.079298202
0.02997681
0.20237506
0.062430689
0.17212335
0.08183183
0.086192108
0.21571328
0.00087541187
0.092778688
0.15862093
0.011871351
0.17326733
0.12431724
0.00034399658
0.16421165
0.1222051
0.052072714
0.010623214
0.0023935942
0.10867129
0.055603102
0.11798111
0.039600836
0.17249074
0.14049942
0.06297134
0.10107292
0.07339149
0.09428552
0.14379566
0.088038938
0.00020169079
0.1830738
0.0186093
0.00074252461
0.1657747
0.084782032
0.097504209
0.032485322
0.11769476
0.19845194
0.039418954
0.16622731
0.16998444
0.00092586551
0.06989179
0.0274208
0.027327253
0.16886692
0.19398289
0.13285796
0.064295367
0.19008517
0.012112843
0.10029827
0.089067325
0.0041812817
0.024551581
0.076612628
0.11959568
0.15958253
0.20652895
0.19901451
0.07635978
0.15105681
0.13741668
0.20274015
0.00074171645
0.1196704
0.11237301
0.10481254
0.17463472
0.20817562
0.20764614
0.18097184
0.069065681
0.063282658
0.11939591
0.20130871
0.017083692
0.1516895
0.050214344
0.15089445
0.10218518
0.12309886
0.06672251
0.17229467
0.034516372
0.041363441
0.10543802
0.20217486
0.20109518
0.034944444
0.034785503
0.13770377
0.16217221
0.021464849
0.11048459
0.19420672
0.04761778
0.13990156
0.048139539
0.15637512
0.18006591
0.097539509
0.19348201
0.05637754
0.16339065
0.046055069
0.054957153
0.019698145
0.1752263
0.17113962
0.010380847
0.063073875
0.06124928
0.090322668
0.14424643
0.17449483
0.011015832
0.10764418
0.16263918
0.071014936
0.12681383
0.13876343
0.14819953
0.063267426
0.20215603
0.13042458
0.13685101
0.017313437
0.088971053
0.21541178
0.10480721
0.012802559
0.17276074
0.13969292
0.16270906
0.078639068
0.04884992
0.13231777
0.072608949
0.086262885
0.2153096
0.0046810938
0.059553185
0.12710061
0.17443888
0.16251372
0.11938189
0.092673567
0.072468382
0.084259453
0.099526261
0.2020232
0.0011990133
0.095124175
0.10839154
0.10029638
0.030691906
0.13924255
0.21543799
0.0090556009
0.21551955
0.14195518
0.064429655
0.058287953
0.14149372
0.071954623
0.19890406
0.066686555
0.10560731
0.0093231117
0.16972741
0.025863262
0.10920358
0.20536863
0.1952651
0.16926497
0.00084289191
0.14795844
0.17136701
0.1551452
0.0078625201
0.040432931
0.028333964
0.023812258
0.039066382
0.17126709
0.047966155
0.07759677
0.061536458
0.015426689
0.064937551
0.025208474
0.13345417
0.20683143
0.1112998
0.020703175
0.1276433
0.13779988
0.096429447
0.16240935
0.0007649868
0.14668844
0.12466065
0.21570089
0.091399731
0.20236841
0.0062230014
0.09993152
0.088559553
0.053209307
0.19096098
0.095446014
0.16733357
0.13500532
0.15696805
0.20328619
0.089084986
0.077466866
0.060280476
0.00089233552
0.14042593
0.065115151
0.17419096
0.07542915
0.17813461
0.047309778
0.022309356
0.054878672
0.0010522802
0.00082103046
0.15433181
0.0032964244
0.21548217
0.21535275
0.049042279
0.011226381
0.032758847
0.045391673
0.18184964
0.17712541
0.10698543
0.023827349
0.11144211
0.17560179
0.097229531
0.054062947
0.087562279
0.043912658
0.08146744
0.056537523
0.043431895
0.032472772
0.1807373
0.17523869
0.0063137708
0.18790975
0.019200084
0.15197583
0.028863591
0.20404217
0.1062643
0.08089304
0.096486948
0.21491074
0.072941223
0.16130849
0.046145351
0.10750714
0.073514072
0.092071007
0.020252402
0.20481716
0.13080522
0.063110984
0.056732012
0.16807339
0.21552278
0.063057703
0.053234947
0.0160228
0.038768912
0.19104147
0.040374168
0.06558892
0.1833632
0.063593636
0.18835361
0.0028919349
0.087996623
0.19425083
0.20250626
0.10492644
0.0013218742
0.067368341
0.15791015
0.021396922
0.0017918418
0.1736176
0.16372124
0.15591566
0.19401
0.13333697
0.12507563
0.021514818
0.21527433
0.0018999472
0.1242175
0.031125757
0.15382971
0.0044797083
0.023700283
0.16487849
0.096787353
0.19379204
0.095784682
0.12399614
0.1555731
0.053417065
0.16737982
0.1006349
0.077153381
0.213515
0.20456972
0.026017744
0.016729848
0.024995649
0.050383312
-0.00056158924
0.019782446
0.15781816
0.050050272
0.093826245
0.17664257
0.072935009
0.067211185
0.12553376
0.20305089
0.10093459
0.14068705
0.1555783
0.0082684944
0.00010623587
0.077242631
0.1620659
0.022552167
0.055121741
0.11592827
0.0010764453
0.040958755
0.073060168
0.1967106
0.0018748581
0.00286901
0.050588927
0.14538777
0.072386967
0.10916991
0.022555863
0.20693817
0.16899317
0.16582111
0.033056907
0.072834366
0.092283849
0.039770597
0.031824136
0.010542174
0.00090683559
0.11132986
0.041727587
0.04128117
0.025793312
0.10014667
0.042935944
0.17432898
0.12833653
0.17008933
0.13450815
0.099857722
0.14543937
0.0078826308
0.045960029
0.12038802
0.089090529
0.051721898
0.041440705
0.10722649
0.071332979
0.046332249
0.073760572
0.15711504
0.13528818
0.054192642
0.20907075
0.074779135
0.030456455
0.042308423
0.12805209
0.1250365
0.15530975
0.12969746
0.014397776
0.18227831
0.076725794
0.20283104
0.1469811
0.20019253
0.035540247
0.032675469
0.21554169
0.14536684
0.18069784
0.049134934
0.12557617
0.14933305
0.16084049
0.075102055
0.046740066
0.058087423
0.14915757
0.013486175
0.21554799
0.00073304736
0.12145934
0.051709194
0.085501706
0.011870228
0.17642926
0.19672275
0.21544078
0.0807341
0.035605144
0.015146802
0.19254334
0.10000102
0.047692242
0.0090854626
0.16334807
0.044814484
0.19403275
0.023843644
0.11460299
0.053838979
0.086249901
0.060122608
0.02259549
0.05067382
0.15124921
0.091217109
0.21536228
0.054929428
0.016767844
0.019385514
0.19598365
0.18537408
0.08685311
0.1620682
0.019252571
0.00052632277
0.1625723
0.2037339
0.10406149
0.15739189
0.08104297
0.19816975
0.0491244
0.032864782
0.11695103
0.17230861
0.042756218
0.073812991
0.20504023
0.17392733
0.18768821
0.15100706
0.094793137
0.073546149
0.17327738
0.067899425
0.10567021
0.11212342
0.031837249
0.14373224
0.035919279
0.16463262
0.13524285
0.0095917068
0.15503231
0.015878195
0.090670186
0.013338788
0.11589659
0.15760521
0.18480335
0.15917366
0.16497323
0.20711903
0.13988201
0.019301199
0.12795312
0.1179892
0.081826084
0.12736069
0.0038087931
0.21562808
0.044612017
0.11469475
0.046247709
0.057535462
0.0046482489
0.020533844
0.18915818
0.086323751
0.019214047
0.14243092
0.20165751
0.19239618
0.075148173
0.0096911627
0.18747291
0.21525315
0.099524494
0.042728858
0.064380831
0.097265936
0.0084994067
0.14184727
0.00082448535
0.061826456
0.18842497
0.0011824429
0.19166318
0.041292452
0.017086995
0.021636053
0.024654985
0.20721818
0.12324767
0.19320492
0.21164892
0.0015285411
0.21534561
0.088510629
0.092675225
0.071738298
0.021430241
0.21549529
0.12261849
0.091665453
0.19483236
0.112784
0.15809482
0.086244969
0.0067379385
0.14796
0.1029119
0.18825537
0.01322622
0.15706968
0.055870061
0.15215038
0.14919886
0.089224174
0.15395863
0.025893782
0.19188455
0.17210861
0.097888139
0.0065807774
0.18805173
0.09652444
0.0012583908
0.10345533
0.033545159
0.0092371277
0.12752847
0.069257276
0.026885182
0.017878439
0.12237488
0.14010611
0.16684956
0.058548104
0.00085961479
0.054632365
0.016462541
0.0057711032
0.019957174
0.053692048
0.14385039
0.072067556
0.15433368
0.03656036
0.208321
0.0034767208
0.18667812
0.14833861
0.054154348
0.14899052
0.028802777
0.12372998
0.047495433
0.18742497
0.19808232
0.0021226184
0.15348153
0.0011083096
0.21531671
0.033142345
0.18678543
0.17529847
0.059818368
0.016426912
0.054203833
0.025959881
0.02784065
0.14124792
0.06069558
0.069232782
0.10107887
0.04184145
0.06327141
0.096150102
0.17756201
0.1992226
0.17035627
0.0016009565
0.088159474
0.13984948
0.0072220105
0.07668739
0.0019929794
0.0014602835
0.0090406928
0.12648172
0.15938616
0.1382516
0.15890352
0.039573369
0.031409511
0.069291551
0.20579296
0.0056240869
0.018832348
0.10393547
0.21545641
0.087611349
0.20780017
0.19118125
0.17387603
0.086919167
0.15578978
0.14510068
0.035484505
0.075110808
0.12782959
0.0046937923
0.057088056
0.00097383638
0.091712739
0.032525046
0.14951074
0.19843604
0.070604248
0.018533304
0.074470748
0.19253088
0.14477298
0.0047464293
0.023037792
0.075514873
0.18887432
0.14715403
0.059919764
0.21586211
0.036837987
0.14164235
0.16061299
0.032877057
0.21528256
0.026422877
0.071592018
0.10218423
0.0014209505
0.088271138
0.065641638
0.050438704
0.002959912
0.025400662
0.17073492
0.093425924
0.1027655
3.806322e-05
0.21545905
0.20251989
0.016797313
0.046306444
0.042359601
0.051503861
0.13836656
0.1731267
0.059356211
0.098195595
0.069820061
0.024688423
0.21535489
0.20885503
0.037154095
0.21325739
0.0010802024
0.18463001
0.20002214
0.085882278
0.0049849844
0.067351598
0.011569164
0.11452341
0.038630742
0.09391011
0.073470617
0.21034958
0.062368668
0.054654428
0.036209814
0.12971904
0.010197903
0.016422232
0.043178321
0.11417436
0.0014624116
0.19972615
0.088732953
0.16662821
0.20465839
0.00092047372
0.058208692
0.15896157
0.071544272
0.1096738
0.065085689
0.079571351
0.031571683
0.10295489
0.19139456
0.091849579
0.078942433
0.081192144
0.20771241
0.046617932
0.21550819
0.21551666
0.10811511
0.074451837
0.059876309
0.12410958
0.18933074
0.079261623
0.17082414
0.11959206
0.077051487
0.19158906
0.059127751
0.20878302
0.028934342
0.032622147
0.011895006
0.20025203
0.0012202427
0.14446717
0.024934108
0.05165289
0.1224747
0.032671181
0.094499852
0.00096854155
0.16912879
0.15687108
0.0014103239
0.025668007
0.15250447
0.21523343
0.078303347
0.19016479
0.045328503
0.001509423
0.051079979
0.0014954922
0.1247255
0.1577825
0.032437662
0.19680657
0.10722599
0.16364734
0.13217048
0.1958687
0.032287543
0.058310554
0.10367622
0.02478819
0.16059546
0.10712418
0.11447377
0.12488032
0.07046673
0.0030660098
0.14602726
0.17373565
0.17819584
0.21583685
0.035071325
0.086302521
0.089830611
0.0013953277
0.16236809
0.044943597
0.010558745
0.06800232
0.042397855
0.027445663
0.092409418
0.17154287
0.058593357
0.0015838759
0.20222692
0.089297502
0.015173702
0.0263785
0.045614752
0.1157831
0.011088253
0.083832979
0.029114081
0.14377546
0.21532917
0.16286092
0.01129175
0.057588688
0.17884088
0.015184308
0.011052752
0.076801423
0.1191423
0.18961055
0.14563632
0.015305932
0.073014876
0.075540438
0.10028181
0.025864619
0.20372949
0.14829462
0.16232215
0.18286931
0.10650227
0.088893577
0.17848273
0.16088946
0.040668202
0.052814399
0.1456076
0.039820915
0.20810599
0.090847418
0.21534463
0.1408684
0.21571213
0.12343197
0.084094488
0.0015045485
0.0048795923
0.065807118
0.18427515
0.020012482
0.0014200138
0.18340398
0.017383564
0.028456338
0.12687582
0.00084991716
0.097515687
0.03659045
0.026593407
0.076971861
0.20768417
0.11221048
0.098896085
0.09103402
0.19929215
0.21579414
0.18617159
0.14776132
0.021779637
0.020342366
0.098101614
0.20318647
0.021025051
0.012319542
0.064548626
0.17227778
0.1192126
0.068920868
0.078790853
0.058207763
0.039943871
0.1833673
0.014291498
0.10393232
0.01172563
0.19706165
0.16251654
0.091779202
0.022056618
0.094638981
0.16933804
0.086215639
0.16520063
0.036186783
0.18187348
0.1133527
0.14734398
0.21577781
0.13337606
0.060837066
0.0088026278
0.041181219
0.18310495
0.10284258
0.13426459
0.023275561
0.16237182
0.011435425
0.086156472
0.097555735
0.18991831
0.049093226
0.13269954
0.20836814
0.08779918
0.12549854
0.0065705489
0.056713601
0.21532156
0.0050118832
0.16015165
0.031406
0.074424654
0.027423031
0.07676049
0.001481634
0.011985361
0.1011432
0.20963917
0.0231819
0.1540438
0.1758945
0.1217481
0.086715727
0.010156896
0.0282969
0.0064791542
0.020622375
0.033430284
-0.00034507369
0.00096719317
0.066720496
0.011235427
0.20422086
0.022984524
0.074330591
0.081271416
0.033417805
0.15695222
0.20865131
0.042674061
0.17032192
0.13900595
0.043473052
0.0258704
0.073058515
0.15842424
0.029277585
0.078481166
0.13024158
0.21548556
0.040379117
0.12511745
0.1024516
0.16846987
0.19165858
0.077178856
0.15568304
0.13803518
0.011409903
0.16513367
0.083924894
0.065904598
0.12334894
0.1799023
0.050807693
0.037967731
0.20978512
0.11554834
0.042131186
0.077240014
0.046603095
0.081441432
0.11087204
0.024523048
0.088532993
0.16606612
0.18902497
0.075498522
0.12805594
0.038749647
0.0012428748
0.10470486
0.039552945
0.060988628
0.13070768
0.040933853
0.05190694
0.20296425
0.035227504
0.046394179
0.033978502
0.0062232315
0.19617094
0.1337741
0.044560558
0.15472009
0.14556835
0.086276135
0.13767506
0.083821974
0.054085744
0.086750047
0.18939354
0.035279893
0.20772625
0.062451036
0.11440114
0.14042876
0.19632176
0.16367383
0.04368495
0.1555739
0.01119288
0.046815329
0.17074577
0.21060947
0.21544398
0.134809
0.1052775
0.042754771
0.062462426
0.047287372
0.11520213
0.015761267
0.060174289
0.15904683
0.040679022
0.21540544
0.050422026
0.056481078
0.19238848
0.21537852
0.197623
0.070054604
0.078067505
0.034582719
0.1954133
0.083573889
0.21533604
0.083480929
0.070135626
0.19004662
0.010429017
0.21529227
0.00086647128
0.19870454
0.10196043
0.14162074
0.10731974
0.16189621
0.21538825
0.029462511
0.052884437
0.011351841
0.17156728
0.039895895
0.15725319
0.14533543
0.21528271
0.089369121
0.16622907
0.15707722
0.00089688231
0.075383054
0.1849325
0.011314111
0.20962845
0.17198692
0.00098755126
0.20028058
0.12474665
0.0519678
0.14471551
0.15870618
0.0098056422
0.1034129
0.21527315
0.065532549
0.052153693
0.17340181
0.11438735
0.1550372
0.16366604
0.088116194
0.051855493
0.20838256
0.00052417891
0.084936247
0.053393159
0.14691919
0.12530024
0.199107
0.1485029
0.0806892
0.025255769
0.083443121
0.015263666
0.058031094
0.046073043
0.09818411
0.062756701
0.045079865
0.16241636
0.057852852
0.081171979
0.017317807
0.10849121
0.021247298
0.12770219
0.17029316
0.0098391717
0.055461014
0.099797376
0.031776379
0.094982085
0.17144254
0.18783484
0.17384502
0.20687038
0.087394881
0.013391783
0.077787182
0.1809289
0.11579521
0.19782472
0.028880864
0.047492987
0.051688832
0.11382585
0.11356079
0.016351078
0.10690617
0.045971939
0.032853057
0.16426773
0.016283232
0.12489644
0.13149857
0.010881532
0.20817971
0.15597351
0.098087817
0.0018693948
0.035771231
0.14921182
0.20131415
0.07054128
0.12231054
0.052152755
0.014178936
0.001468731
0.16681276
0.12727703
0.087390356
0.047796306
0.016852199
0.095690668
0.096439291
0.079002889
0.043719399
0.054096257
0.15764913
0.12639328
0.038279191
0.20459919
0.18565745
0.10182653
0.00065420128
0.042030875
0.18873517
0.17786331
0.0011339179
0.027987151
0.21275355
0.019028802
0.14807963
0.10817952
0.091432996
0.17937314
0.027795878
0.056254286
0.14957084
0.071268759
0.21594363
0.17181942
0.012802618
0.028108304
0.071654129
0.2065746
0.091248888
0.20177978
0.13666715
0.13408813
0.088124648
0.13472495
0.13267702
0.14001796
0.14589947
0.10795592
0.00032246019
0.041554724
0.18746561
0.13703381
0.013525903
0.014181628
0.029754452
0.082079089
0.14504737
0.12933036
0.15287685
0.1952769
0.13256466
0.029281338
0.10382029
0.18356256
0.031467203
0.042261137
0.1447697
0.17895122
0.20538945
0.075404858
0.18227717
0.18662698
0.19322201
0.15343507
0.089574457
0.18069244
0.18822559
0.2060054
0.01340714
0.16011529
0.035184061
0.083291746
0.1909733
0.16942433
0.088569476
0.035137854
0.15271255
0.19438168
0.066020616
0.096449698
0.11627608
0.077531505
0.2152873
0.173869
0.21548029
0.019198418
0.061870723
0.025594523
0.0043731924
0.15923348
0.061810394
0.12642165
0.15003437
0.032931222
0.036019417
0.074262423
0.21492367
0.17002366
0.020594654
0.20668755
0.077203291
0.0013054114
0.084679905
0.092771891
0.1254393
0.061879055
0.089043059
0.070216837
0.12616417
0.21578067
0.20534658
0.20024227
0.017559895
0.11652201
0.19052301
0.041374989
0.21572189
0.097205745
0.17092564
0.18417402
0.082665132
0.16883956
0.023633968
0.13326186
0.0098066166
0.007540485
0.057958914
0.076630128
0.21533713
0.065531798
0.0018192754
0.032791119
0.093313738
0.19791187
0.14052393
0.18872966
0.13035373
0.00082403293
0.0066940439
0.072991402
0.18156772
0.14166915
0.032970969
0.090384369
0.045641392
0.19218565
0.046107141
0.12779283
0.12162759
0.15264328
0.21494974
0.12363005
0.086428658
0.1273759
0.00075306503
0.12870982
0.059616162
0.062761639
0.13976159
0.071630877
0.026425632
0.16693427
0.027356874
0.013299269
0.18534939
0.001464295
0.019882942
0.18636369
0.073252565
0.14867543
0.1122045
0.11352135
0.055592806
0.0007682036
0.20969247
0.12215427
0.068774431
0.18972357
0.18023064
0.16219855
0.0072077536
0.034460046
0.1547539
0.21410556
0.086901889
0.092450959
0.12216752
0.072187195
0.061908264
0.19159201
0.16143416
0.16476992
0.21532351
0.20202765
0.16974055
0.0012026964
0.10305248
0.21538667
0.21487986
0.0062546932
0.19471402
0.10844362
0.064467192
0.087498394
0.0010909956
0.029719226
0.17186783
0.10234478
0.20413072
0.14145207
0.047996825
0.16299567
0.17184441
0.15843561
0.097923535
0.1294134
0.075861116
0.051076012
0.018813692
0.054318235
0.19508148
0.054491951
0.16638916
0.10312109
0.017522483
0.047119792
0.02698221
0.12726702
0.19605792
0.077834791
0.0058882542
0.01045802
0.062216622
0.077261577
0.21538008
0.18137588
0.19538166
0.030181408
0.2157085
0.13377861
0.043502149
0.083312402
0.1584246
0.072114144
0.049252453
0.1556155
0.19079378
0.21542587
0.18278529
0.1130122
0.19168545
0.1193727
0.1551943
0.013561735
0.17872459
0.1088722
0.087978565
0.16105175
0.099350026
0.062476869
0.13884656
0.17322668
0.038548404
0.11014489
0.00041312059
0.080181719
0.12503499
0.081920684
0.058773855
0.068967386
0.21569712
0.10646485
0.16911684
0.01396557
0.030550386
0.21545184
0.16906202
0.11532707
0.032805388
0.18865982
0.075285458
0.20583689
0.018619596
0.17680716
0.18613863
0.16110627
0.037977099
0.1160004
0.063314092
0.00084037217
0.19602336
0.047121984
0.13501523
0.16439815
0.034106053
0.1097071
0.076178465
0.20286311
0.010958659
0.21539557
0.13046306
0.14808864
0.089145741
0.029411647
0.0077542294
0.0054786216
0.11262872
0.071269402
0.10000093
0.10936432
0.17401535
0.079326623
0.0037288816
0.02483988
0.077790427
0.14494864
0.20134719
0.12965094
0.015834944
0.064462345
0.080030667
0.077548707
0.18520267
0.022281816
0.051972937
0.038365889
0.025231704
0.16332946
0.0768897
0.11515568
0.18735288
0.12017833
0.074765915
0.14918108
0.13091517
0.051951454
0.011549437
0.20105019
0.059563029
0.17251599
0.095389388
0.020645433
0.16153185
0.13555036
0.033926867
0.032343346
0.19456644
0.0006453462
0.097815732
0.056124193
0.021190179
0.056446199
0.094436299
0.17531459
0.14353957
0.17726197
0.086078631
0.048809173
0.056041989
0.1510119
0.014568155
0.081028515
0.0015822663
0.20597774
0.18880498
0.14330834
0.20328544
0.044859782
0.0014795758
0.14787964
0.19853801
0.015089088
0.097417979
0.20566782
0.10275628
0.033997393
0.14056465
0.1392028
0.16110655
0.0091728677
0.085704896
0.024183843
0.067092823
0.15570621
0.020763348
0.17526472
0.088692504
0.033346599
0.073744766
0.088701125
0.055858082
0.093049917
0.1863178
0.07557931
0.15816204
0.14479767
0.039561967
0.031457651
0.13000362
0.083805002
0.14432334
0.016015234
0.00071278968
0.10433618
0.18630504
0.036923664
0.14319089
0.195275
0.215638
0.00091420695
0.19901881
0.17446326
0.033840638
0.016944572
0.014759639
0.1925212
0.022427869
0.14503445
0.1265354
0.0018649869
0.11922808
0.0015980064
0.053120073
0.094713184
0.20727574
0.038769334
0.062247336
0.082880421
0.17527558
0.087026797
0.20874578
0.016274557
0.17977273
0.071669926
0.18962209
0.030161153
0.060941463
0.17026709
0.045480928
0.0057111156
0.17686353
0.019088891
0.044949419
0.18589594
0.17674346
0.051587348
0.034863702
0.015336973
0.11841264
0.018408163
0.18288965
0.2033302
0.12202222
0.13825943
0.11667239
0.043444829
0.019789398
0.068219991
0.033221641
0.18290616
0.20725409
0.021999671
0.16303398
0.10777053
0.013950839
0.18439383
0.18823103
0.040814217
0.085250766
0.00071688932
0.064042086
0.11046844
0.0098939143
0.078837028
0.048016417
0.13969731
0.12719583
0.087990228
0.079549578
0.139804
0.013232795
0.05452386
0.051338647
0.13682221
0.16238496
0.17195843
0.16696584
0.024847946
0.10262606
0.12564095
0.060866305
0.18274244
0.16454072
0.19303103
0.1329443
0.14903791
0.013021563
0.11254462
0.08522352
0.038410662
0.069111293
0.0089867384
0.21357283
0.12840656
0.097240711
0.17154669
0.12264397
0.1134382
0.21536372
0.04467497
0.18387162
0.019810756
0.20921494
0.05902548
0.021957143
0.07543247
0.13285069
0.041031348
0.066194195
0.15954057
0.0086280048
0.092154223
0.1562638
0.20401909
0.017197211
0.062809466
0.20155207
0.096079689
0.092670989
0.1566474
0.079579039
0.08840092
0.17816414
0.10521546
0.1489135
0.1568196
0.12800881
0.14250923
0.13173044
0.094673327
0.17194201
0.21541169
0.1162878
0.062395953
0.14201626
0.17694815
0.20111306
0.12979593
0.20821076
0.17892501
0.08542491
0.018230155
0.0013636028
0.13715199
0.039008613
0.0056853762
0.072660162
0.0013978233
0.078177012
0.026749424
0.055028131
0.047904862
0.031600247
0.1207999
0.16159385
0.14085645
0.16586361
0.16378419
0.19738991
0.14685317
0.10739163
0.054813855
0.010286393
0.11836874
0.10892554
0.053474902
0.10728298
0.0018499722
0.095183494
0.038310231
0.15512005
0.13396616
0.154791
0.017583919
0.034810706
0.10021695
0.010333411
0.1306671
0.08064547
0.033291907
0.043857347
0.13872458
0.1952041
0.17136887
0.09601062
0.14113525
0.1026473
0.028242003
0.027448079
0.010455601
0.015982765
0.026878417
0.028572871
0.041521796
0.13738536
0.18513396
0.14625739
0.047332296
0.045231393
0.015883944
0.093425913
0.010633129
0.046356816
0.17196296
0.045621892
0.20064215
0.037525303
0.054270671
0.039855438
0.10205838
0.19989986
0.05377715
0.057964251
0.036987171
0.00097520843
0.11635981
0.12289419
0.014723965
0.10624134
0.18473301
0.20055988
0.12135742
0.097032308
0.19976343
0.074765271
0.087011374
0.087255125
0.18533213
0.16977482
0.14623768
0.1804115
0.1027863
0.20689596
0.020027845
0.088431734
0.076886027
0.00067320601
0.08711676
0.16808939
0.00061974165
0.19347513
0.21541406
0.042569925
0.17261193
0.011309203
0.12377728
0.15878494
0.041714188
0.12553248
0.17724707
0.12216927
0.081570373
0.053434204
0.04598033
0.11368614
0.029765025
0.021222192
0.14084272
0.093468367
0.041246028
0.033846421
0.09068256
0.20465544
0.040027098
0.14012415
0.13066205
0.20681412
0.15187315
0.091652395
0.11883544
0.18577765
0.17950945
0.023308444
0.1643949
0.18549859
0.14074203
0.023533973
0.20805205
0.20254504
0.045359512
0.12243261
0.17607713
0.093289254
0.17221514
0.033380512
0.038526206
0.11232941
0.15047124
0.076671635
0.21151564
0.080270442
0.19321072
0.16557427
0.10515013
0.20809184
0.065559544
0.15281789
0.014435195
0.011453356
0.056402082
0.027056181
0.18723185
0.13395802
0.18946182
0.12202239
0.092862816
0.00036819493
0.17418652
0.080453515
0.17305781
0.11422721
0.20453183
0.079558655
0.17009565
0.15438948
0.04673186
0.11179227
0.20973106
0.14676998
0.083588669
0.059942641
0.097939321
0.040539974
0.19636601
0.19007232
0.045114669
0.20906315
0.10845681
0.030349536
0.097481222
0.00088726722
0.0091203976
0.13599789
0.16368144
0.044814569
0.092125199
0.05623907
0.05688482
0.19701912
0.18151868
0.15388058
0.18725707
0.006203695
0.093704963
0.17338102
0.15213784
0.010717966
0.049670446
0.0016511171
0.19113879
0.030492931
0.13038282
0.053289503
0.18846713
0.07044496
0.11649789
0.19948615
0.074401528
0.18012776
0.11251867
0.20808869
0.045751199
0.19852856
0.21520972
0.19725873
0.16473813
0.011811486
0.17270109
0.16214821
0.1414263
0.19373771
0.11732228
0.1522897
0.11384942
0.16421583
0.21590672
0.16066117
0.031252974
0.040211158
0.00089473933
0.079957572
0.16279664
0.19908324
0.15414468
0.034272702
0.039524786
0.16915399
0.153999
0.096519106
0.007215898
0.057216361
0.035753048
0.044046078
0.040532542
0.14111346
0.1593469
0.069980863
0.088007088
0.0069096295
0.00060545173
0.068032003
0.12156043
0.17495959
0.09720884
0.10326616
0.0084612351
0.1920314
0.21379623
0.0088485848
0.10427835
0.20353737
0.11956692
0.21570941
0.20889461
0.00059364618
0.074373812
0.050023311
0.20761207
0.16693008
0.16332222
0.1770414
0.11788591
0.15723579
0.080228004
0.15958254
0.012938274
0.069464649
0.17557371
0.087753871
0.19011536
0.083259771
0.20374236
0.12375166
0.15134086
0.2061431
0.11295308
0.12576731
0.20254531
0.024907052
0.031649539
0.087956707
0.17396092
0.054606306
0.17840744
0.0061320119
0.02631049
0.001352039
0.15758225
0.18657447
0.083300603
0.17820633
0.088683582
0.11572122
0.048078761
0.089059604
0.11806651
0.049243138
0.1270473
0.13886137
0.12848385
0.20815028
0.017096361
0.12195758
0.13161823
0.0013478217
0.21537152
0.18790711
0.17661576
0.093222781
0.063518605
0.13651109
0.19950667
0.08387518
0.19026717
0.075498607
0.039189398
0.16230038
0.17502227
0.044306614
0.050681189
0.026580169
0.21590706
0.20771336
0.041306889
0.13824137
0.029037525
0.035637715
0.011111341
0.07243143
0.19806284
0.10288157
0.05663572
0.17114136
0.009989536
0.16260792
0.10688247
0.029296001
0.040536819
0.16435521
0.0018836498
0.16514714
0.066855801
0.10378278
0.17943547
0.21141024
0.19726408
0.017638354
0.059559315
0.19301003
0.14968603
0.19160971
0.09831735
0.12953195
0.18929948
0.10314029
0.18188302
0.039179399
0.15169461
0.14123028
0.15826038
0.1879412
0.21577922
0.15789042
0.0083993804
0.018963648
0.14022376
0.11691903
0.16980638
0.18318029
0.21581486
0.052661721
0.10216077
0.20450604
0.21566105
0.014497811
0.031868558
0.0030434786
0.066351942
0.1138533
0.19838738
0.0540804
0.0010717823
0.18766753
0.19509157
0.039172118
0.083716504
0.19130941
0.020406295
0.14018359
0.19327793
0.15634941
0.0010834077
0.21285824
0.068823551
0.078716516
0.06481524
0.072516266
0.074802423
0.041703855
0.19421922
0.1262663
0.055990704
0.13379466
0.19331884
0.00098418731
0.19777743
0.10587122
0.14674463
0.00029771676
0.093927609
0.13945437
0.039603235
0.065984931
0.0013986533
0.0055374691
0.015168135
0.091074643
0.1070902
0.078529889
0.16154687
0.16694374
0.18580934
0.016327141
0.10443452
0.10145329
0.21569322
0.1014697
0.027641523
0.14675415
0.18869492
0.0087798768
0.060139178
0.019043457
0.084530232
0.18261409
0.026482588
0.1076576
0.066678261
0.10751556
0.11243641
0.046528859
0.20898237
0.060456518
0.20384467
0.0093952003
0.055332172
0.18741691
0.086807268
0.13255948
0.15432869
0.042230543
0.14694877
0.081406286
0.11936351
0.20010229
0.094879535
0.042670007
0.11652626
0.20167113
0.21546007
0.01347587
0.14569516
0.18164673
0.14646403
0.093918574
0.037104509
0.15433205
0.21551524
0.073303192
0.071313568
0.007788717
0.13615043
0.17711361
0.079954069
0.19444968
0.091956617
0.092638129
0.060304503
0.15619323
0.0086576374
0.01224629
0.16756351
0.14109935
0.1197764
0.11023863
0.17568747
0.081858072
0.14896579
0.027154022
0.075572307
0.038782218
0.014149525
0.11472766
0.088191349
-2.208624e-05
0.048046452
0.02625613
0.16015737
0.11237658
0.19776315
0.075367967
0.14744737
0.11226751
0.030372755
0.12309033
0.13460035
0.17761616
0.077230535
0.099704153
0.049744059
0.19120186
0.035361442
0.023699309
0.19602227
0.20807137
0.039563498
0.093461376
0.1093911
0.048713795
0.037640173
0.14963765
0.2147679
0.061969976
0.13698323
0.18241673
0.0090107814
0.06612136
0.19656252
0.19391596
0.060658565
0.20558551
0.20274441
0.012968539
0.034423794
0.017452233
0.12153795
0.0057106168
0.00064275079
0.18491521
0.16062951
0.090141503
0.023926148
0.00098614672
0.095301291
0.17694112
0.010489627
0.0661674
0.21586369
0.16279195
0.15435107
0.0049032341
0.14593265
0.20392769
0.080010493
0.077964464
0.17979363
0.20073832
0.16760463
0.19410628
0.13498097
0.16616363
0.17509184
0.083517466
0.039983499
0.060645599
0.054742108
0.13310627
0.065386961
0.1139702
0.10099065
0.21346898
0.12102661
0.10100081
0.2156482
0.033616809
0.0013722697
0.1531984
0.028536467
0.20907559
0.19775261
0.032656871
0.0061532429
0.15472481
0.16653335
0.020028477
0.045179921
0.15887497
0.10956613
0.15920875
0.20470617
0.083393545
0.13851944
0.18316272
0.18030553
0.066043293
0.040674573
0.062029815
0.078949849
0.13437557
0.12762953
0.063215751
0.11753592
0.081947414
0.057501439
0.076031965
0.20012058
0.21528795
0.11655363
0.17888612
0.1249074
0.099375038
0.12350331
0.018738569
0.046465002
0.16692797
0.2096174
0.12711549
0.055582588
0.16724438
0.136977
0.083085292
0.21537312
0.1845801
0.080215127
0.10869445
0.071037825
0.038152834
0.15822812
0.010768604
0.1014869
0.19383242
0.061326378
0.1042635
0.13423232
0.19503716
0.031686895
0.21537527
0.096273721
0.10841392
0.039057805
0.12082882
0.056747791
0.1999451
0.068120984
0.10382792
0.071374982
0.0009813818
0.16970467
0.18969731
0.010742199
0.046832049
0.11708421
0.0088602333
0.20801416
0.063056041
0.18198654
0.18314977
0.21323592
0.10427508
0.0090042737
0.14589068
0.19759024
0.21326902
0.00093138569
0.11481488
0.17715389
0.14830477
0.18458601
0.15723987
0.15490021
0.12510856
0.1271664
0.089392791
0.19637671
0.026704635
0.010604257
0.14602319
0.057473143
0.073443937
0.080597581
0.035447035
0.059228768
0.019569246
0.12909773
0.14855691
0.017112149
0.15279528
0.043259373
0.085271095
0.065993122
0.15558728
0.061997167
0.055472826
0.044962076
0.1996399
0.057751955
0.15132312
0.13092279
0.20525813
0.00057478538
0.14455668
0.14248212
0.16042409
0.071538756
0.038285598
0.077460053
0.024876344
0.10866239
0.10001393
0.18425211
0.052919039
0.00089472007
0.12595694
0.12287869
0.035040585
0.081570695
0.035486735
0.032793262
0.11314481
0.14444095
0.075752911
0.18323919
0.13117019
0.11811959
0.18832492
0.15308255
0.070188098
0.020091903
0.1623551
0.21531028
0.011657451
0.10828433
0.15107685
0.099978077
0.13869054
0.066588896
0.14907626
0.20084983
0.057563865
0.13434545
0.0060170165
0.020599014
0.059848558
0.075486086
0.0078037869
0.1830804
0.13744858
0.20970753
0.084843763
0.12979657
0.14426846
0.068235485
0.094026641
0.17692288
0.16307932
0.17106454
0.070348699
0.020717772
0.022657915
0.11953466
0.057579493
0.012191713
0.12770471
0.033569532
0.078792647
0.13745048
0.076712025
0.21598446
0.074531942
0.055929746
0.012137622
0.097095016
0.17089167
0.18213041
0.039522623
0.018674595
0.1561853
0.031734635
0.03525538
0.20168301
0.035705555
0.029738912
0.077528867
0.029624712
0.065512238
0.011640547
0.21544774
0.10615332
0.096452828
0.011434595
0.14176731
0.087990436
0.085530614
0.14531267
0.08014787
0.10442089
0.11846697
0.10255705
0.070629955
0.066507414
0.16583476
0.12602363
0.18558483
0.00087977411
0.086216781
0.057300789
0.20182083
0.10685085
0.023660279
0.15452406
0.21561105
0.11852064
0.20639727
0.10835244
0.19804441
0.087748187
0.099606487
0.00085022048
0.00090764793
0.081767667
0.038940487
0.17731494
0.06676823
0.19109041
0.13147251
0.030409835
0.13963668
0.17567641
0.080666658
0.17196541
0.099474481
0.030010574
0.16393841
0.11724794
0.087377695
0.13286252
0.12112352
0.12751866
0.064748194
0.084781432
0.087103738
0.011179286
0.15921079
0.20537917
0.087198746
0.047847343
0.11783128
0.19227356
0.11448121
0.037327418
0.032442102
0.099295283
0.15104348
0.076289083
0.046725564
0.15569111
0.21491163
0.20653075
0.046227044
0.16971416
0.07319844
0.030005382
0.11271523
0.10417696
0.18823238
0.17698235
0.13897483
0.17023101
0.1518228
0.066545197
0.0013310775
0.095668409
0.018381498
0.15420936
0.12125358
0.046165747
0.10809216
0.13959918
0.10581644
0.046681444
0.026137912
0.1855832
0.17383337
0.12692685
0.086601087
0.20396255
0.03249478
0.14342567
0.18767563
0.17881782
0.02278154
0.060221301
0.036609835
0.08515491
0.035858226
0.0038797777
0.070606654
0.07094911
0.19943799
0.16033657
0.10211141
0.080836148
0.19821123
0.19042189
0.023443717
0.0020993063
0.20562518
0.0025110733
0.046500276
0.090430969
0.12302671
0.11266498
0.043179847
0.095867133
0.0029551525
0.023479939
0.052405881
0.10144478
0.020000493
0.18815005
0.002136025
0.0059689883
0.099688455
0.14257797
0.19054443
0.19026891
0.1097428
0.12983288
0.067508515
0.072506849
0.049787325
0.0089656296
0.11245218
0.071363926
7.7874776e-05
0.057930183
0.0037043976
0.060175929
0.10926095
0.0048016419
0.13335107
0.13581496
0.16175542
0.095507728
0.17600773
0.039431733
0.0010610472
0.075276305
0.15703117
0.20294258
0.051814079
0.16328048
0.027364398
0.16142468
0.16689499
0.034941123
0.20362827
0.073676889
0.1984071
0.14129019
0.21559006
0.13031522
0.022600191
0.1725143
0.11792986
0.19683839
0.035700161
0.20307209
0.013667106
0.13236419
0.15768347
0.033144163
0.19060102
0.18396531
0.016046538
0.0063753837
0.029702477
0.10135465
0.042473954
0.085568447
0.19107259
0.16237345
0.0655054
0.023978789
0.18412023
0.13300746
0.18709539
0.20557667
0.15519073
0.2101652
0.031428438
0.0092763725
0.0093498011
0.020446797
0.1422792
0.040401391
0.20695184
0.19598777
0.10404669
0.085703472
0.059002197
0.0011255458
0.098206584
0.12910357
0.074499033
0.047807274
0.092951279
0.075506971
0.029326857
0.13591252
0.035703253
0.14066354
0.069227298
0.078710564
0.10910093
0.20724789
0.19938316
0.010350928
0.017823246
0.10181713
0.012415131
0.03343088
0.21566352
0.084223893
0.10676866
0.0014565875
0.17443822
0.034858313
0.1177761
0.081439827
0.13013599
0.0010660526
0.058449384
0.20717263
0.013365533
0.13075741
0.14009747
0.0045105036
0.056999315
0.13268036
0.19070057
0.095232928
0.21522655
0.02965516
0.21557578
0.098568958
0.00040835147
0.20422223
0.058483604
0.01447127
0.18832473
0.17105526
0.17710386
0.0072514556
0.036128818
0.026662203
0.067977422
0.16936293
0.1501378
0.21514428
0.11543619
0.07227975
0.048879829
0.0708291
0.065184623
0.062525254
0.18436832
0.013825699
0.16375665
0.058731655
0.15859202
0.067435417
0.079267905
0.065296119
0.08824816
0.07557352
0.095165573
0.13928752
0.060382361
0.11639861
0.087710391
0.0014142722
0.09850898
0.0246012
0.082753014
0.20733389
0.0015393637
0.075019367
0.12941905
0.086494214
0.0014247324
0.049091726
0.18289493
0.0009863282
0.0092554747
0.069592059
0.18923005
0.15656363
0.093229373
0.012850068
0.11105382
0.18148072
0.18547184
0.020736397
0.0044951333
0.11957721
0.037494968
0.062979878
0.061412138
0.15718915
0.077728385
0.13828532
0.047018917
0.10000852
0.11473098
0.1926289
0.010396995
0.080382646
0.061489768
0.072232047
0.046651742
0.010272099
0.16439382
0.093046658
0.18662068
0.080078094
0.032431867
0.021297834
0.036534947
0.044948966
0.16025959
0.17152457
0.07602388
0.17405863
0.021741895
0.035850556
0.15039858
0.19063356
0.1223985
0.0037798505
0.069202719
0.11825179
0.044919784
0.015120389
0.068754049
0.11354301
0.18717531
0.048357336
0.14751536
0.061045415
0.17081624
0.10673724
0.094748949
0.21198934
0.15651578
0.085549299
0.15566506
0.17101138
0.0089867693
0.15261959
0.034633834
0.13581998
0.086071225
0.045938321
0.064089268
0.099166369
0.0096430478
0.00074469941
0.18047667
0.0037263943
0.035681846
0.20324264
0.11434641
0.16625435
0.12094922
0.18048073
0.10401448
0.114602
0.21296748
0.035810493
0.034785902
0.0062697883
0.056015767
0.031846146
0.1237664
0.20390644
0.030274938
0.010224967
0.090861929
0.15720852
0.046724394
0.055024255
0.11067575
0.11306333
0.12172437
0.10282609
0.21542761
0.12483391
0.17935651
0.012680988
0.077238118
0.17026805
0.0015423317
0.051264261
0.05869921
0.060412076
0.099164695
0.14512447
0.050264962
0.18551576
0.18442417
0.15186906
0.13766303
0.044846044
0.055577663
0.020254411
0.057712434
0.18429545
0.19039277
0.078855105
0.17131719
0.0012930458
0.13776598
0.064089296
0.11503568
0.19212967
0.1234321
0.21561918
0.051722026
0.025772467
0.14826293
0.077478264
0.026186482
0.16094073
0.11657812
0.073470399
0.0066671479
0.10311499
0.093388962
0.0008513276
0.12836788
0.084935307
0.081342148
0.068415895
0.18597193
0.14808376
0.15462806
0.013071893
0.044077618
0.19359737
0.091470532
0.080025762
0.016452057
0.1877947
0.030030959
0.18999208
0.072057307
0.063532783
0.036809794
0.077521976
0.11734523
0.098484135
0.017566076
0.031414844
0.0087216995
0.047951406
0.19813189
0.0062964335
0.00082827294
0.15727663
0.037755624
0.13857327
0.011630733
0.023938255
0.063089682
0.021649039
0.17855076
0.027924263
0.1802507
0.1726129
0.13919393
0.17878463
0.029783448
0.12353633
0.21553468
0.21590172
0.18550365
0.15602959
0.020408265
0.082977093
0.11741796
0.078137227
0.083891999
0.062046534
0.028442702
0.031864796
0.0010207119
0.16052674
0.038590901
0.054249523
0.19053655
0.12892325
0.053164624
0.12336465
0.00091013511
0.053338666
0.1719031
0.11911186
0.046395774
0.018115464
0.19650577
0.100305
0.20636412
0.13376485
0.18140239
0.17589539
0.17218655
0.11181741
0.16921338
0.18390534
0.17087793
0.03488278
0.10749368
0.21539735
0.040415146
0.18721496
0.0012316325
0.10760234
0.20609034
0.097713026
0.13617991
0.075882305
0.00082385493
0.058336993
0.19412018
0.10168936
0.10968698
0.0036245407
0.096804247
0.10268768
0.12290859
0.028184031
0.08020154
0.14124645
0.1986882
0.11118649
0.15438059
0.048995252
0.043904921
0.11399743
0.072514245
0.040708253
0.17295508
0.18890996
0.071713989
0.19392532
0.14650125
0.016088282
0.21323336
0.16659513
0.18699991
0.095541264
0.1668832
0.14803128
0.048732742
0.011357459
0.00050929437
0.00082443828
0.0063041861
0.034296573
0.071736512
0.037471336
0.21526959
0.1773042
0.19622827
0.15672382
0.073037967
0.099368765
0.12813449
0.12734966
0.04779583
0.15352784
0.081293248
0.20755452
0.052025611
0.15381994
0.04124761
0.15149908
0.12677173
0.20710994
0.0085806039
0.049992112
0.20151844
0.2153796
0.10675553
0.12575918
0.0035845171
0.19032377
0.18066175
0.017836038
0.082428944
0.020032026
0.026106325
0.031248957
0.12602776
0.061161379
0.15608886
0.046552891
0.1701528
0.19368885
0.17465887
0.1340169
0.18286785
0.073614132
0.19989054
0.2010139
0.071982589
0.18900323
0.077999071
0.105239
0.024332041
0.11406319
0.11094918
0.087623847
0.042762074
0.032721384
0.12167368
0.032671555
0.0040880768
0.10741606
0.14251211
0.048931124
0.0085003496
0.00089153181
0.074166953
0.073351894
0.17547908
0.060485452
0.00090195802
0.070044848
0.0014233054
0.10061361
0.055873856
0.014640198
0.17647754
0.033464163
0.0014021599
0.086763
0.069132571
0.11647406
0.074893799
-0.00022510768
0.14720203
0.18896767
0.076718317
0.14038994
0.19649538
0.21546
0.014322727
0.011077745
0.15353391
0.15553162
0.14678961
0.016932018
0.16441664
0.047495448
0.0010003457
0.025727309
0.014089186
0.065349619
0.040298762
0.15960348
0.13665557
0.13964198
0.0074343221
0.18778506
0.17774812
0.12276499
0.070310026
0.085401399
0.11321537
0.071207779
0.00068506413
0.20726798
0.10236849
0.091007715
0.050160392
0.075528979
0.15482277
0.043907406
0.034072552
0.001364928
0.092457343
0.078812131
0.00081719592
0.085588362
0.056766768
0.16436106
0.13716404
0.19906616
0.1896671
0.15303189
0.15867196
0.15523571
0.08600787
0.11504057
0.097485622
0.0011390238
0.1091018
0.073200574
0.18780163
0.053019482
0.13492318
0.17677237
0.0795759
0.20776772
0.083470708
0.16081991
0.16875918
0.063072114
0.010374997
0.17615106
0.010799944
0.037642967
0.086755567
0.065411639
0.18766846
0.07060959
0.21572252
0.17000806
0.045015706
0.042468314
0.20004265
0.15478333
0.074999987
0.041997022
0.026575936
0.037666313
0.060159732
0.072281674
0.15385869
0.062951999
0.12333451
0.069114886
0.057124024
0.21585517
0.00094685776
0.017815808
0.050652426
0.062020624
0.03956675
0.037812731
0.043667327
0.15754654
0.10871053
0.062871869
0.16905378
0.12506147
0.084144948
0.023413647
0.17494157
0.09143633
0.0031725025
0.18426041
0.044148756
0.17993027
0.20435184
0.12339759
0.1264946
0.20144278
0.052473916
0.043944701
0.091418375
0.082993753
0.13586301
0.00085665414
0.093862861
0.21540412
0.20321228
0.076634967
0.13142062
0.075936482
0.06505706
0.08056734
0.073769664
0.06232633
0.0010429445
0.21577159
0.079615216
0.12648117
0.16742039
0.023629147
0.17732548
0.15744486
0.13650912
0.10354309
0.13056123
0.00086805859
0.0014933617
0.088477915
0.058174204
0.040367975
0.053872842
0.21572923
0.20782502
0.081154638
0.042664657
0.11476314
0.21540006
0.10552459
0.00083261831
0.065353184
0.027963126
0.1321988
0.047806806
0.074944631
0.11374939
0.17970422
0.01263726
0.14730007
0.19166744
0.21561647
0.18273606
0.1348199
0.013300326
0.08096155
0.012848965
0.13096119
0.046798744
0.17642108
0.094881223
0.21217822
0.16968579
0.11463738
0.17181836
0.11849315
0.042914535
0.049483367
0.032391573
0.17997332
0.077905864
0.033594553
0.044112091
0.14308346
0.0090966247
0.1078181
0.17483558
0.16239116
0.19383021
0.10232492
0.19688409
0.17138219
0.12992271
0.080922047
0.059031459
0.13273497
0.1942544
0.16845209
0.1330308
0.16065168
0.15975547
0.12497519
0.074993366
0.11909032
0.11084063
0.1593171
0.019243497
0.029603751
0.05195825
0.015655364
0.15807027
0.15383278
0.20046935
0.16559766
0.029733256
0.00141115
0.20535827
0.16548082
0.13461477
0.059258861
0.14953132
0.047031201
0.20788156
0.036419874
0.054827865
0.21564663
0.00097201546
0.045913146
0.0086904022
0.17129236
0.060252594
0.014664155
0.15199694
0.086217686
0.18069382
0.17351154
0.1402908
0.18907995
0.15275268
0.18942435
0.1188425
0.20503423
0.1369725
0.12959987
0.21232356
0.15334035
0.20450204
0.032870814
0.095514636
0.15163966
0.04128938
0.076120163
0.028867259
0.096500753
0.12693139
0.20266197
0.10678738
0.16680087
0.047030853
0.15549
0.1752974
0.072805102
0.055527836
0.041699731
0.019397494
0.11992282
0.11829777
0.010935367
0.11947342
0.20150707
0.11572871
0.034840226
0.0011658408
0.20929113
0.1009028
0.14992471
0.070535764
0.03496648
0.10364567
0.069332882
0.031233213
0.19050283
0.024645497
0.1842043
0.11130908
0.11829984
0.066577575
0.028409155
0.17972758
0.04174364
0.0085463411
0.16783983
0.15836168
0.095308985
0.067937832
0.15003374
0.068391111
0.19115618
0.14580353
0.10315409
0.17243362
0.088388325
0.2063201
0.12304777
0.012290234
0.12900271
0.21562541
0.082868931
0.082338226
0.053628229
0.11686861
0.0098390737
0.21000018
0.048655641
0.011256015
0.1585564
0.20500633
0.17347597
0.053332741
0.027746272
0.094939413
0.050012546
0.10112259
0.12782562
0.011751768
0.011258542
0.18870541
0.086095526
0.027819365
0.17487815
0.0014735764
0.028070968
0.024609222
0.097836673
0.026077042
0.02275471
0.10520041
0.0010194469
0.10004962
0.18477653
0.01645923
0.056273915
0.086735126
0.1107942
0.16908733
0.14131043
0.18846252
0.014948156
0.17221838
0.21553479
0.075247532
0.089001106
0.17998359
0.11189539
0.18760804
0.0011631996
0.14242502
0.20415421
0.069095463
0.00088645353
0.098348374
0.049438924
0.20420869
0.043148566
0.15863434
0.071155708
0.10245369
0.01821618
0.098728292
0.17565116
0.0063450102
0.10072171
0.10038121
0.00065496762
0.12244232
0.061507276
0.00070036747
0.13107004
0.011413152
0.080184896
0.064625707
0.059880292
0.18876572
0.12645835
0.11270108
0.14889618
0.17881128
0.12465177
0.1014049
0.00048376384
0.11740255
0.12830048
0.12876029
0.13811375
0.0098554754
0.0010621269
0.20018852
0.062830995
0.078195452
0.00089508202
0.21566999
0.20700721
0.18139798
0.064558936
0.00099079973
0.1073766
0.14505593
0.12731957
0.013415142
0.05260309
0.21379953
0.11800611
0.085654625
0.077696635
0.076279274
0.062630521
0.17581048
0.12829268
0.0048085264
0.12901953
0.10040256
0.15028612
0.18772857
0.18149293
0.10813347
0.13099674
0.012444277
0.099097586
0.022167093
0.19203336
0.00060059263
0.10061177
0.11776513
0.063711464
0.086946808
0.085211664
0.037881174
0.016412906
0.027108131
0.18453373
0.14481383
0.12777994
0.18426235
0.16721525
0.21534376
0.022543764
0.21554489
0.013087771
0.13064306
0.046404079
0.11017389
0.10694768
0.12683678
0.088978592
0.065241907
0.045750404
0.060718516
0.067820648
0.036687634
0.091766368
0.15144934
0.12029091
0.057471996
0.1330976
0.0012657497
0.11517464
0.047714609
0.053172307
0.1138162
0.20947307
0.00846168
0.048585463
0.19747761
0.15926572
0.17147536
0.037573655
0.14523543
0.024207262
0.07469697
0.042247286
0.038737399
0.061424465
0.011747358
0.07886966
0.086982878
0.21563924
0.062178244
0.12261804
0.18997876
0.19891831
0.16636588
0.10403534
0.07712612
0.11763986
0.17182392
0.087927824
0.21558198
0.075048751
0.0088270032
0.12471921
0.015945158
0.031572652
0.091891706
0.049754305
0.091691383
0.21544991
0.031874167
0.047259282
0.17947171
0.0069610395
0.11673282
0.00091828407
0.029238767
0.19634381
0.038333252
0.02414288
0.18908224
0.047447897
0.12200627
0.18060052
0.053780464
0.00097155174
0.0010186896
0.038736183
0.12636445
0.10519066
0.14959943
0.13244913
0.0044037983
0.034747899
0.03792692
0.15172071
0.041703773
0.039350961
0.082326562
0.13418735
0.090447112
0.062740761
0.1874264
0.16680524
0.00095223289
0.00086143859
0.11602136
0.065511107
0.21527816
0.12733621
0.19572599
0.15141445
0.0014697964
0.031400268
0.20343334
0.18469766
0.15141048
0.14831448
0.18941144
0.0043777866
0.13968384
0.046269729
0.17061084
0.11441813
0.19368209
0.055266221
0.11783942
0.030902105
0.15036593
0.051930061
0.055343224
0.18980432
0.054171886
0.20394472
0.03768309
0.18428668
0.082998841
0.0011234673
0.11902678
0.063343288
0.078583827
0.048700021
0.16658777
0.021937642
0.20093282
0.15101081
0.052714081
0.21555019
0.016533454
0.11525763
0.19766596
0.051839362
0.041681338
0.019789816
0.17927705
0.0010076781
0.20335367
0.098382243
0.19739929
0.10788228
0.070133248
0.1145
0.21527312
0.081930848
0.15528645
0.20466266
0.071351625
0.18959022
0.0095808875
0.094239632
0.078152585
0.10686385
0.17084051
0.12960192
0.19080527
0.16643226
0.10595192
0.12000914
0.16801336
0.20235425
0.09032388
0.051415952
0.042894683
0.14781782
0.022401637
0.086704376
0.15654035
0.20187293
0.12952349
0.09617344
0.032191198
0.018098589
0.1499137
0.06046881
0.072475408
0.19760221
0.16253366
0.17335013
0.2155537
0.094504619
0.0318414
0.18226517
0.11044533
0.016278576
0.026956181
0.17274796
0.061438714
0.025135825
0.030856429
0.20450206
0.14613588
0.20561721
0.1512881
0.04634132
0.19232249
0.092392556
0.0054966622
0.026930405
0.069783683
0.12798348
0.15556872
0.051929046
0.064962219
0.0016856446
0.10331378
0.12007044
0.15955717
0.056453644
0.15466632
0.16953539
0.036553146
0.14425207
0.035594785
0.095181434
0.17289011
0.079338281
0.14800101
0.073461388
0.14441998
0.16615284
0.17106016
0.14407711
0.089684115
0.0099762862
0.034468931
0.070129476
0.14054921
0.19620886
0.20226359
0.074124431
0.01298305
0.020259942
0.054090544
0.052215372
0.035002685
0.12286974
0.13286108
0.15081331
0.18960516
0.15789508
0.0046283238
0.0008731983
0.18319686
0.049790147
0.18179068
0.024749322
0.083017244
0.20678298
0.071530415
0.080891947
0.10434952
0.085847445
0.17966006
0.10052497
0.16712564
0.17743043
0.1581226
0.21558078
0.033706118
0.075962573
0.11474767
0.048755291
0.21526374
0.060661702
0.044945209
0.18710602
0.11044324
0.048658178
0.033395655
0.085513216
0.16265701
0.08918467
0.026879621
0.072712662
0.043537006
0.10757942
0.18173147
0.13836834
0.024632428
0.15332833
0.14936537
0.107123
0.094812303
0.0012763625
0.0013952858
0.06346196
0.0613186
0.043657902
0.15081336
0.03063016
0.17363341
0.098296105
0.17410562
0.20977175
0.1718517
0.0010961358
0.19751837
0.06629155
0.12193517
0.039193839
0.11896679
0.02997687
0.033033791
0.11871115
0.095145927
0.053142392
0.072150863
0.10168256
0.036543255
0.11316343
0.20364392
0.051617253
0.071569589
0.21556257
0.14919243
0.033195518
0.050281671
0.018848893
0.20261126
0.19083412
0.19543377
0.18758928
0.21555073
0.00078959449
0.020355049
0.018146752
0.13995466
0.10875048
0.069300578
0.043019242
0.037724378
0.14342597
0.21523632
0.043105957
0.043466396
0.14781348
0.20063617
0.17962085
0.13233314
0.18114598
0.066991836
0.023880812
0.08925733
0.047105036
0.027355857
0.030022957
0.1243845
0.18502455
0.14038757
0.17161576
0.075541518
0.059364114
0.030765585
0.077552234
0.087721094
0.024728889
0.025121297
0.009984101
0.10407358
0.032125697
0.013775322
0.091688217
0.20311905
0.00099058716
0.17159194
0.17536639
0.19995902
0.096735707
0.13210879
0.13163294
0.17109038
0.19464929
0.085872813
0.11314981
0.13026408
0.16823368
0.0079695792
0.13854791
0.030724647
0.12240309
0.026753155
0.080409145
0.18696069
0.043145909
0.079298899
0.083247343
0.10886404
0.04581313
0.19580066
0.15448616
0.010428056
0.087658285
0.022770426
0.06655512
0.17257322
0.028786885
0.0084506662
0.060287297
0.17285349
0.00096335492
0.014891634
0.13846435
0.17553733
0.206407
0.010156286
0.095124424
0.048599239
0.001804626
0.063071034
0.029145138
0.17618436
0.048503102
0.14171722
0.20411803
0.064569738
0.059441228
0.16641537
0.15217704
0.0783448
0.017887029
0.15197015
0.10347799
0.020782162
0.060945007
0.079615836
0.14888326
0.034755041
0.17233587
0.093397946
0.077463872
0.082613432
0.093203904
0.046339272
0.078910941
0.091697655
0.010494918
0.010210219
0.033406669
0.19597602
0.031585371
0.042125469
0.064810616
0.15740447
0.065500056
0.1950959
0.21529359
0.016524255
0.02156139
0.13301533
0.13986337
0.18978581
0.20196857
0.0053578564
0.054756351
0.14841908
0.096009183
0.20090115
0.15936947
0.0010226438
0.1220108
0.040811467
0.10012854
0.15898643
0.011885251
0.085814026
0.024250988
0.10213778
0.18234559
0.17105012
0.17553026
0.094805766
0.064310262
0.17698206
0.089670855
0.06568319
0.098269371
0.19892852
0.19724974
0.013585288
0.066126106
0.21565853
0.15224526
0.14983558
0.061463075
0.12976088
0.010120876
0.012079771
0.16494656
0.005634987
0.15169997
0.1648227
0.15748334
0.18460531
0.082300332
0.14887919
0.070352059
0.11501884
-0.00045734386
0.19838872
0.061657932
0.047605864
0.10011553
0.060728667
0.12992345
0.099974315
0.044936424
0.1927243
0.12954912
0.17626433
0.15887918
0.00080613152
0.00097380145
0.001393299
0.14363539
0.1985456
0.093783849
0.14097324
0.11227266
0.039245706
0.012847869
0.1605489
0.16275918
0.079130547
0.13001601
0.06396478
0.08616872
0.062420109
0.1105272
0.016347426
0.070839975
0.1119828
0.072023227
0.017085421
0.19849964
0.096822097
0.12819604
0.2068008
0.12269857
0.0012982213
0.066851112
0.057723198
0.10657148
0.076882784
0.15167635
0.17818138
0.15519484
0.19555953
0.067512239
0.09325
0.055699323
0.19628648
0.19192359
0.10679058
0.060073817
0.00073550368
0.18200784
0.0047446265
0.091228351
0.13804992
0.046411947
0.0063427162
0.053083032
0.0088375121
0.030160841
0.20352014
0.055644893
0.18464909
0.19119767
0.094141308
0.20163672
0.14261647
0.10613474
0.037953943
0.0664821
0.21526968
0.19133868
0.08066504
0.16033456
0.04989184
0.15394859
0.056307556
0.083797311
0.093772215
0.073215071
0.14296293
0.032771464
0.13007174
0.18870743
0.091774878
0.19057237
0.0014904249
0.10846209
0.02464761
0.061113075
0.055451763
0.064291959
0.14946924
0.055817122
0.095845266
0.052950007
0.09589543
0.18387493
0.17148437
0.20457194
0.17727767
0.1338206
0.057738533
0.049824491
0.16232947
0.079775155
0.19341304
0.041609589
0.18721835
0.13816999
0.11717674
0.10725158
0.15844982
0.081215518
0.1429253
0.049241052
0.030669789
0.049720782
0.16434634
0.1889345
0.07520106
0.036132653
0.028383423
0.024828503
0.021551383
0.16010264
0.069658778
0.12720095
0.21541597
0.18750191
0.14730371
0.00082303222
0.070306155
0.1434649
0.20184522
0.033890711
0.1952388
0.035571351
0.13010023
0.094181073
0.050363995
0.017629536
0.13830155
0.15428385
0.10220046
0.13232416
0.026500298
0.0090460616
0.15993425
0.040739296
0.17386361
0.091808738
0.16352284
0.020167855
0.056706056
0.0014738278
0.1865974
0.033456565
0.057775297
0.14106325
0.06345839
0.024463812
0.13950387
0.044425132
0.0010666781
0.16014674
0.043745878
0.17489682
0.041090708
0.0010337519
0.1415058
0.12777674
0.12981255
0.12559148
0.15949082
0.18669449
0.17586224
0.055324031
0.17860106
0.06617425
0.092199197
0.00079651139
0.094907892
0.035696515
0.18460409
0.040273014
0.050237825
0.03982668
0.13971992
0.081734997
0.15124722
0.11021479
0.19919561
0.19591313
0.1002887
0.21525139
0.10146616
0.15593915
0.044078026
0.060240388
0.090767454
0.10044428
0.0032394492
0.010803894
0.10715892
0.017694042
0.016565468
0.21526068
0.18738216
0.042262835
0.021596899
0.12202246
0.12544653
0.18051475
0.018876628
0.17320501
0.0066490905
0.024342898
0.078524066
0.090887285
0.015652574
0.073093253
0.14362686
0.12901487
0.074624115
0.099711925
0.022891172
0.050833038
0.10114495
0.15268207
0.061672903
0.013698338
0.016891156
0.019482106
0.010675127
0.051571231
0.18933481
0.14399536
0.035562379
0.16723879
0.063982449
0.15360941
0.0014610014
0.048939265
0.04522572
0.084389928
0.1301509
0.16612132
0.1371678
0.17564579
0.20017344
0.19699289
0.18127638
0.047686476
0.012233903
0.083058615
0.02176419
0.18471686
0.00069616461
0.12672029
0.091128823
0.043939764
0.14322232
0.1744809
0.020029247
0.20462799
0.12886408
0.063714708
0.15909926
0.040486651
0.022447714
0.14934927
0.101146
0.031560594
0.18475585
0.085392979
0.097279188
0.11410078
0.1564463
0.023083451
0.14180682
0.044705293
0.11752853
0.17146655
0.064831681
0.0053827087
0.11053101
0.081028023
0.020305686
0.20689193
0.21176978
0.04078647
0.1066923
0.18768811
0.054717933
0.065161218
0.15558545
0.016937938
0.052209572
0.00097718427
0.077188538
0.10068112
0.15037639
0.086193119
0.18116339
0.18985432
0.12071023
0.0012510959
0.21526785
0.058015093
0.17284155
0.12036125
0.063828623
0.16075206
0.041445144
0.085498445
0.16840588
0.16522447
0.00016611347
0.018502167
0.0013058239
0.21545003
0.052858622
0.14290441
0.12852106
0.16199836
0.044031214
0.0038788143
0.034687413
0.0099739826
0.019153304
0.12253114
0.14665432
0.16011973
0.19282136
0.030872403
0.19780431
0.16248752
0.19919182
0.025279254
0.032101553
0.16107357
0.011156005
0.043503271
0.19456629
0.12507327
0.040673818
0.08059528
0.19052569
0.087365435
0.038851326
0.086570444
0.070793895
0.061363671
0.098978952
0.099665161
0.10169036
0.0012819071
0.16378544
0.097201978
0.090024171
0.17034608
0.013767477
0.19340517
0.19696511
0.0012394719
0.095432457
0.09995566
0.028008901
0.14282711
0.13326895
0.11416708
0.00099661749
0.16055662
0.13689614
0.019217102
0.020364785
0.029923689
0.054187232
0.0014987336
0.099786413
0.017926837
0.15958476
0.072228326
0.16018605
0.17636276
0.18442883
0.048543095
0.20858478
0.2145882
0.047458968
0.20268794
0.13618671
0.04367673
0.0073312681
0.16350002
0.0010801526
0.0068672247
0.21524942
0.057173542
0.038709279
0.050746072
0.1889208
0.071458133
0.17570052
0.15402917
0.10709664
0.03951154
0.082855056
0.21510488
0.013547115
0.07862144
0.13478069
0.035148724
0.062077861
0.00090700859
0.12254352
0.17716019
0.12149212
0.18678682
0.06176209
0.17348054
0.17699597
0.076777414
0.024577323
0.0922594
0.1392304
0.13140185
0.13805807
0.21560171
0.13481257
0.056121952
0.0096527199
0.058328689
0.21573176
0.13095385
0.064226566
0.14010321
0.1341768
0.017236183
0.15595733
0.16488921
0.20709433
0.1965489
0.13045598
0.012273787
0.0091358612
0.15031125
0.00068520364
0.13045361
0.20050552
0.01560131
0.16746086
0.036923653
0.0020964394
0.081870473
0.20025897
0.040229328
0.064918301
0.17360837
0.14924365
0.02580798
0.042770277
0.091198113
0.13211598
0.16009091
0.13713816
0.081264944
0.16929205
0.21248137
0.17939387
0.079581087
0.084682803
0.17512965
0.10356488
0.00070977511
0.087535333
0.035012652
0.21537384
0.085603098
0.20688166
0.14187705
0.045633779
0.2152962
0.10472934
0.051197216
0.075294899
0.038397134
0.17842074
0.023262596
0.14358598
0.062905908
0.15517492
0.14228804
0.17351988
0.12924041
0.13383294
0.05551999
0.16553629
0.21574761
0.028897112
0.0052029366
0.10815128
0.1040287
0.18010532
0.025840497
0.00151987
0.13047633
0.19475034
0.0098006992
0.19481212
0.03009442
0.043586675
0.044619909
0.034262783
0.044181668
0.14619681
0.14209704
0.085555714
0.04961216
0.10653995
0.18281459
0.19773527
0.0017344162
0.050358576
0.1586109
0.061666149
0.0098147559
0.018624993
0.0066717326
0.19759555
0.020481761
0.19678895
0.077301781
0.1653707
0.094190473
0.10186375
0.074112614
0.034394552
0.1367068
0.024012292
0.19265863
0.039695463
0.21545871
0.18211755
0.16197656
0.070299834
0.06208577
0.10525856
0.10837412
0.19795853
0.15840958
0.13561682
0.12148675
0.031296911
0.21157319
0.019389022
0.11702444
0.20496177
0.02016482
0.089309072
0.097636399
0.015649992
0.015944864
0.16321597
0.20031199
0.025701294
0.045695607
0.086548614
0.088227992
0.044893069
0.051278182
0.1617778
0.21577435
0.022148023
0.092903541
0.057235936
0.21241026
0.16881022
0.015945445
0.056872629
0.064051375
0.00037320721
0.21536478
0.19139737
0.036385649
0.1561246
0.031345393
0.034134878
0.041250892
0.11512783
0.071699853
0.15602236
0.027442159
0.17343977
0.18951497
0.030288666
0.21531229
0.070543623
0.18850227
0.087805406
0.070556207
0.14863757
0.043489614
0.13202246
0.017474577
0.086601599
0.18874974
0.17342005
0.027542129
0.13317662
0.16993588
0.090394857
0.032807675
0.17924826
0.10493334
0.025181307
0.065293549
0.059389963
0.13591567
0.023333221
0.011082697
0.21591622
0.0071209411
0.014115697
0.21566183
0.13562058
0.14655453
0.17272144
0.19169308
0.027760417
0.04893838
0.20466612
0.047759131
0.14267035
0.10813495
0.067361609
0.065290781
0.14371673
0.16085773
0.10462039
0.090596767
0.20863848
0.019421414
0.037533862
0.042267032
0.02497928
0.17402786
0.030906724
0.036934171
0.027863353
0.21532272
0.15161393
0.077609913
0.16671379
0.19894875
0.172902
0.10654546
0.016386637
0.15946882
0.034539332
0.001328362
0.094851405
0.061577663
0.20488589
0.098281044
0.042416611
0.047368168
0.050480679
0.035717695
0.079358188
0.18528575
0.1875815
0.080611052
0.10983446
0.051726691
0.0287996
0.21526345
0.14937814
0.031469025
-0.00031005681
0.047707964
0.075538552
0.1377383
0.016736557
0.070157573
0.027078388
0.1421067
0.080102437
0.20536301
0.020056726
0.085665942
0.19885853
0.085416428
0.024715072
0.20791108
0.025613727
0.20409972
0.21551548
0.16015351
0.025176411
0.024190804
0.014949517
0.14780816
0.001374546
0.14603995
0.097504654
0.18256882
0.12212901
0.20219273
0.10425636
0.16773622
0.1898007
0.067180022
0.079502267
0.1590935
0.18160392
0.051232397
0.089087898
0.082937154
0.20609897
0.15683835
0.19632726
0.16250427
0.035232556
0.14831896
0.12530165
0.04457438
0.0053866307
0.066712198
0.039719318
0.054508762
0.21533862
0.087921289
0.14784537
0.043296067
0.074179941
0.019159651
0.099753112
0.09052637
0.0081178238
0.19321054
0.084533241
0.15770485
0.14617914
0.21471326
0.028368722
0.063492173
0.10225319
0.043479152
0.016664717
0.0048438629
0.12119793
0.18251167
0.13282896
0.017449803
0.077552864
0.21552702
0.21556828
0.079426129
0.080405605
0.070759579
0.12817207
0.034325306
0.14657328
0.091682397
0.19771713
0.05080134
0.084754862
0.19501994
0.024806064
0.020657019
0.20024329
0.02811941
0.034031086
0.17586471
0.00078761152
0.027187994
0.086261345
0.15521266
0.0055618332
0.044122997
0.18615077
0.16896187
0.079015636
0.1700749
0.19769606
0.19530052
0.12755739
0.10117391
0.10325218
0.067262417
0.073865241
0.03574758
0.21551008
0.059417792
0.15684933
0.12967634
0.13509693
0.067970104
0.11890739
0.015377613
0.020542344
0.12256357
0.091349395
0.084591517
0.066516715
0.10070833
0.21536989
0.19907538
0.21544806
0.0038984763
0.00086292818
0.1323837
0.0048176243
0.10309819
0.049985462
0.012164434
0.011593555
0.039896946
0.12754201
0.0019387429
0.10303281
0.17197879
0.20651963
0.18781204
0.15643848
0.00065690718
0.054656094
0.0048578514
0.17603872
0.17039977
0.023564719
0.19356949
0.098568881
0.16972817
0.13526727
0.10009383
0.1513753
0.14105243
0.026977824
0.12436735
0.059940382
0.075657657
0.088021162
0.1871688
0.17091625
0.12667341
0.078485818
0.025753993
0.12039206
0.12736316
0.13218397
0.051764471
0.099861084
0.016473456
0.14880928
0.091702302
0.034508423
0.066679905
0.10100052
0.17444489
0.19932319
0.031432997
0.12585706
0.054797047
0.048355226
0.01916563
0.079473267
0.042827124
0.036483816
0.036532817
0.15401723
0.11111018
0.041632304
0.091731795
0.15253695
0.13488347
0.16873571
0.052774843
0.21531385
0.20025053
0.022737895
0.00080376224
0.18223137
0.05655199
0.067276767
0.14565143
0.00087307657
0.16487885
0.035904594
0.049382652
0.11916959
0.010489106
0.1818482
0.028688663
0.18955254
0.15008693
0.090420747
0.13907968
0.08349384
0.15626149
0.041744915
0.16305771
0.018482071
0.13307345
0.070325328
0.058165786
0.19040203
0.016623479
0.047134894
0.050582067
0.097444271
0.15137578
0.12493325
0.20325167
0.077712842
0.020304602
0.018282594
0.028886377
0.18607887
0.060401191
0.0049734731
0.12974951
0.047701651
0.063015647
0.042947377
0.16302971
0.116972
0.0069575254
0.10358293
0.15290613
0.066434334
0.10214647
0.01261967
0.15857148
0.18224899
0.1762315
0.012957339
0.17576488
0.086466737
0.16340367
0.16900383
0.0015436149
0.027372351
0.15008967
0.057884402
0.057584365
0.067165955
0.063772254
0.16551625
0.17292901
0.21566949
0.042475513
0.18324546
0.1748425
0.010929537
0.0013297737
0.052845747
0.03221347
0.20323126
0.01066517
0.13386363
0.0014625254
0.034213819
0.1336895
0.020689547
0.019548387
0.10777561
0.048404061
0.18734441
0.13051784
0.00098720913
0.18353581
0.093121759
0.21100826
0.082655455
0.047625951
0.10529139
0.05469493
0.071324416
0.19549435
0.18904243
0.041292037
0.061595609
0.15867889
0.062840733
0.13766667
0.15862339
0.1413942
0.038399412
0.20320066
0.059014044
0.049862222
0.051692964
0.13309303
0.10729658
0.12387955
0.0011052074
0.080627411
0.18268656
0.070012773
0.10430468
0.072412266
0.11520858
0.048238985
0.00078885758
0.16036208
0.16523051
0.14324736
0.069992127
0.062164551
0.064899576
0.17118846
0.15330502
0.18118539
0.011946867
0.029176663
0.024923707
0.044825801
0.069876432
0.085662607
0.075347386
0.0065602362
0.023353849
0.034287188
0.05552408
0.0053336455
0.077750047
0.050679339
0.15306761
0.021569707
0.12668794
0.065696834
0.034574824
0.04168962
0.03324749
0.085239432
0.074110205
0.15137777
0.1478887
0.018876315
0.15706367
0.062206277
0.19853672
0.0077357544
0.045481736
0.1579045
0.05179152
0.017661764
0.14608863
0.11220862
0.055020528
0.08026007
0.092723255
0.21566999
0.18907922
0.022864575
0.20348289
0.15810853
0.19857767
0.16941406
0.095534376
0.19560701
0.17873735
0.14775364
0.21441575
0.036500505
0.15093778
0.099660664
0.061715504
0.10981793
0.004757071
0.14341024
0.0010205309
0.058572581
0.15949508
0.02470882
0.022794171
0.077166215
0.13991641
0.0054007068
0.0051864377
0.1037214
0.066401683
0.18043321
0.068146645
0.20601642
0.044089146
0.17342477
0.090604105
0.057856797
0.15325424
0.023112912
0.17106791
0.011097351
0.12842281
0.057288647
0.14566291
0.0028431947
0.1168321
0.19271042
0.046376641
0.1240842
0.20345943
0.050458966
0.11472838
0.0035709627
0.15432113
0.19691098
0.01100358
0.16238803
0.020743408
0.055962309
0.096610543
0.14680286
0.15424323
0.20292476
0.13384286
0.081746388
0.16040906
0.19002067
0.10343549
0.00068110435
0.21531188
0.036832166
0.021683965
0.098062113
0.20145013
0.067485248
0.084954443
0.18029413
0.07211256
0.16417846
0.099723893
0.011027328
0.0049495455
0.1511112
0.028556717
0.029686208
0.012390224
0.20179305
0.19637336
0.065392204
0.098455541
0.16691092
0.17129816
0.07362529
0.14258845
0.1084532
0.13271852
0.079327779
0.18789098
0.1253288
0.04304819
0.032478541
0.15953544
0.069974086
0.083568711
0.015674094
0.077649004
0.042131699
0.21502254
0.082077502
0.17175378
0.14454866
0.046801316
0.056714107
0.17945996
0.14832808
0.030680082
0.14395643
0.14981512
0.13337202
0.18995108
0.10424281
0.011810337
0.050066421
0.16014037
0.21545671
0.17607439
0.02070826
0.04027852
0.0077322203
0.13345103
0.074749783
0.093038212
0.13690241
0.10703822
0.12298677
0.14251967
0.16925999
0.20519187
0.010146268
0.033469112
0.039153771
0.059042733
0.14363879
0.033218251
0.20501269
0.14842121
0.21525995
0.018347855
0.066811218
0.10276141
0.082532106
0.19203934
0.072518613
0.13327302
0.059999286
0.00075566391
0.10826928
0.19317194
0.11382598
0.14588315
0.050848176
0.016284081
0.013422586
0.10301816
0.20101669
0.203059
0.19648697
0.042824535
0.15075628
0.088721654
0.055857116
0.052647708
0.20661142
0.13065002
0.14808018
0.17628925
0.022555285
0.078806017
0.1262253
0.19588606
0.077380534
0.052412247
0.0011903094
0.1006499
0.0075132704
0.097321839
0.023941201
0.16604861
0.058442895
0.021076968
0.019209502
0.14962603
0.090744643
0.00025711066
0.14655568
0.11659605
0.123781
0.02621163
0.073018912
0.074350949
0.21497217
0.080753044
0.066049541
0.00070248249
0.11087923
0.1422563
0.21530352
0.21504833
0.044015264
0.14374591
0.089236547
0.12154808
0.20866446
0.059284269
0.094940635
0.10566501
0.015276303
0.012499482
0.18048951
0.11534017
0.0008226353
0.012009689
0.090752597
0.086923844
0.066731431
0.10124294
0.08810208
0.010269197
0.077351901
0.16235819
0.10530955
0.13797677
0.0020298195
0.067374352
0.12201934
0.080058299
0.16629824
0.12946161
0.1567644
0.14603839
0.10430445
0.087332862
0.07812987
0.067796136
0.066577768
0.052225091
0.014599974
0.11487665
0.032460176
0.094716191
0.1552297
0.1908253
0.11186805
0.079426497
0.096653974
0.17118639
0.041696173
0.15381338
0.15547906
0.00099395191
0.052250578
0.1819977
0.10443227
0.07515636
0.070527573
0.21523399
0.073649277
0.17402956
0.015703829
0.12392276
0.12285036
0.084657506
0.20439186
0.21527631
0.18936416
0.048475794
0.21528203
0.12706031
0.10411698
0.13272095
0.19911536
0.012745143
0.10105241
0.052409683
0.14151694
0.030213959
0.18214185
0.059150144
0.063847369
0.043602202
0.025298957
0.0014064931
0.039605058
0.1934739
0.18473629
0.20313783
0.065974284
0.072652882
0.14989032
0.050297195
0.012589185
0.12589565
0.025491662
0.083379238
0.048217036
0.2151468
0.051400565
0.080574472
0.14143356
0.11858795
0.013829123
0.15935818
0.039894997
0.042457472
0.11140714
0.033312776
0.099234503
0.0087512769
0.015208075
0.063538164
0.056004826
0.20189423
0.13993107
0.0090688368
0.20955523
0.14149863
0.20035948
0.1232197
0.024148749
0.13130286
0.12346847
0.1625314
0.04831947
0.17064475
0.0011862432
0.15599536
0.16637071
0.033913229
0.046719909
0.044831902
0.060104163
0.1987859
0.05341347
0.18909511
0.10041567
0.070352246
0.048813772
0.033564775
0.00089398845
0.0089334212
0.14149842
0.21560388
0.04162097
0.1347573
0.18411972
0.1669429
0.19434651
0.21528481
0.0097249812
0.0010117994
0.1544849
0.21530218
0.073202247
0.11428293
0.033201751
0.18183069
0.21553426
0.16190303
0.040887599
0.046820239
0.017744283
0.018172743
0.13771091
0.09575354
0.028523681
0.046816476
0.023436484
0.066790462
0.13441353
0.050405724
0.084694077
0.094194662
0.00033159136
0.17595333
0.021634286
0.053878526
0.094219136
0.15902067
0.2042264
0.00078762914
0.14377533
0.18781341
0.041258706
0.09091097
0.0013843563
0.047854222
0.099946195
0.10491067
0.0052577565
0.017178138
0.082512288
0.15046271
0.1370304
0.056655763
0.13538343
0.10446376
0.079899075
0.089978676
0.11873527
0.04211814
0.07691717
0.12970809
0.068673774
0.020416461
0.079678672
0.21546989
0.052753224
0.06134974
0.099694771
0.0079459156
0.1929886
0.05964242
0.18216086
0.096925311
0.19516924
0.19353428
0.17182315
0.038035901
0.033014277
0.011511815
0.18516438
0.029693551
0.046722622
0.12671564
0.10967995
0.16891066
0.032582418
0.087387796
0.11644212
0.0010863442
0.084512088
0.037289838
0.1798301
0.11609137
0.12194653
0.21535702
0.14334696
0.16172207
0.098224622
0.087071475
0.04648415
0.15392847
0.073553563
0.19731545
0.026524252
0.063151424
0.0010522924
0.019552099
0.19420394
0.071889604
0.065171216
0.21554574
0.036700271
0.15552045
0.059298887
0.089089389
0.19540876
0.21193184
0.095801068
0.17751375
0.20506075
0.022320667
0.19571043
0.064858831
0.070375659
0.21572531
0.016420749
0.0015147872
0.19544381
0.046400606
0.17503577
0.14825278
0.17910771
0.12029061
0.21560769
0.023027656
0.18837233
0.046511878
0.18091054
0.065062248
0.21523614
0.046405959
0.0051325252
0.03578498
0.11416337
0.078358847
0.037707746
0.20532285
0.14584247
0.14660723
0.19398368
0.10758644
0.18741666
0.0013427313
0.17899532
0.094891109
0.10751359
0.20228054
0.17153722
0.03827791
0.020033265
0.18295031
0.20124692
0.11698059
0.11595968
0.0011726556
0.20486344
0.072302526
0.10165847
0.14112614
0.07779104
0.090955969
0.10054508
0.19464135
0.056871962
0.060635928
0.19063728
0.10900362
0.0044416147
0.038977574
0.17256214
0.0022142376
0.17870884
0.092351495
0.050666446
0.17397844
0.011160225
0.048659679
0.074301771
0.086478587
0.1884118
0.1562779
0.215743
0.19735525
0.05202824
0.14019973
0.097219695
0.19430938
0.17793794
0.046274533
0.16817939
0.034260111
0.21558697
0.16722578
0.051284619
0.055323591
0.15023241
0.055050009
0.11325562
0.15003577
0.025149344
0.03390266
0.19243428
0.15355915
0.19804526
0.077399907
0.18830612
0.10307143
0.0580471
0.13170371
0.12201149
0.05041012
0.18525522
0.13060254
0.0012506015
0.031895549
0.089732827
0.13606564
0.077912543
0.077720331
0.1216962
0.020229453
0.13941726
0.055002893
0.13707331
0.082437841
0.023031733
0.031542119
0.15883349
0.0013962285
0.057758487
0.089003409
0.12038647
0.21576055
0.16433227
0.055702469
0.0059276344
0.1479085
0.16502535
0.12923754
0.10813146
0.018877504
0.040110789
0.14404933
0.058005127
0.04647099
0.06408155
0.056321977
0.13346049
0.13022002
0.048992431
0.058253102
0.048631916
0.14400602
0.0056645387
0.13962335
0.087174726
0.055831131
0.03285688
0.071702307
0.0011407287
0.19485944
0.056654702
0.056362162
0.061822197
0.059001132
0.10522194
0.20133055
0.16268078
0.14342591
0.104194
0.03122336
0.0869117
0.13407274
0.019307277
0.091617749
0.017141737
0.16691785
0.088676192
0.11320427
0.10331433
0.12339096
0.11795695
0.089646967
0.057278132
0.042593473
0.01279374
0.20074081
0.096106044
0.020342278
0.12808203
0.14293573
0.06075784
0.15888195
0.017738214
0.10663004
0.027065125
0.10281763
0.1406084
0.047685055
0.1657855
0.18575042
0.14517404
0.04729964
0.00094224841
0.0056357892
0.020213971
0.12721131
0.14645926
0.09874334
0.052537664
0.19025143
0.074874583
0.1015159
0.1042823
0.077190671
0.020007249
0.033561641
0.16274557
0.12548911
0.17658016
0.07029137
0.0050317353
0.17602619
0.10353614
0.14625234
0.21534326
0.0018235135
0.10367468
0.067061921
0.18212572
0.21575646
0.056869922
0.0011039414
0.19606759
0.13683273
0.014760527
0.11127762
0.12755069
0.028436636
0.10186519
0.14570903
0.022653303
0.1884441
0.014116434
0.046950397
0.043894139
0.017883692
0.026415793
0.10242993
0.00013001844
0.036420536
0.11299993
0.11369311
0.13801637
0.025462735
0.11413645
0.17069888
0.057619691
0.055794442
0.040522129
0.11864555
0.073216029
0.039650191
0.18762417
0.19010689
0.19918046
0.0079483663
0.10537
0.20614189
0.051362291
0.066132667
0.21530052
0.1706876
0.034220417
0.052869541
0.077028424
0.15496254
0.081533275
0.20572936
0.034969003
0.0035698125
0.16664756
0.15698489
0.044197343
0.056382328
0.044257029
0.002516719
0.033670264
0.12049875
0.086175164
0.015426057
0.059886763
0.099131347
0.067281727
0.047343029
0.12557832
0.14398092
0.13462993
0.17229533
0.032067064
0.1998402
0.058058011
0.028722194
0.16949657
0.014988029
0.077788688
0.18524905
0.15756351
0.044832694
0.11492132
0.060163464
0.055151465
0.019432528
0.036361426
0.025764972
0.15275489
0.05097607
0.039910386
0.16820143
0.14125776
0.075982232
0.00098650652
0.00085301722
0.11856556
0.15559978
0.21532877
0.1864502
0.066038485
0.059844709
0.026824442
0.05760711
0.016282154
0.056099838
0.099676583
0.015046924
0.10067585
0.15096586
0.11966422
0.11097702
0.21539036
0.1360905
0.019417108
0.035765226
0.17851923
0.053314984
0.017408271
0.15834549
0.023116752
0.12297178
0.12560233
0.048572244
0.088033264
0.14598468
0.14731742
0.062851907
0.19667054
0.032957645
0.13585068
0.21571124
0.1157654
0.075092238
0.16592908
0.04898369
0.0036603779
0.12048903
0.056936329
0.09618982
0.011943905
0.094744312
0.059730636
0.0074630314
0.072530537
0.00098091363
0.076466737
0.06659662
0.1349127
0.090893672
0.19726007
0.0086564251
0.1097427
0.15921419
0.03248469
0.00078631434
0.17266405
0.020388116
0.056593954
0.05390028
0.11947718
0.020086005
0.18162851
0.21567382
0.013587367
0.090867453
0.1647616
0.2031924
0.089687248
0.050111764
0.13034485
0.13694238
0.084540102
0.055857418
0.12357093
0.12699144
0.052929793
0.13375138
0.11947803
0.15449496
0.055384713
0.14653461
0.020645254
0.064296142
0.18556706
0.19931173
0.012257896
0.21528103
0.068873194
0.097734982
0.147511
0.054876401
0.13006399
0.1311976
0.13682136
0.17401444
0.035117541
0.12199117
0.019436486
0.12492478
0.18990903
0.086556844
0.084380704
0.043949435
0.092998741
0.18469622
0.055053941
0.042175872
0.21525517
0.095381523
0.096362503
0.15108202
0.17804905
0.051543494
0.17500729
0.13447278
0.11062692
0.18740418
0.21540932
0.0074302756
0.20258943
0.21522471
0.18538641
0.16595235
0.1643011
0.18006772
0.13242107
0.0020255113
0.19844056
0.017401076
0.12781236
0.16208079
0.071818948
0.00095280518
0.056039084
0.00084258142
0.084130497
0.1491718
0.0014542598
0.19351134
0.0083084942
0.048168845
0.1737576
0.00090217146
0.020669804
0.090996412
0.041128024
0.025964926
0.096597841
0.095096711
0.13041023
0.10077091
0.11555996
0.18757572
0.045817507
0.19012592
0.12572855
0.16629748
0.0773716
0.00020247026
0.10805752
0.077736961
0.089046713
0.18267848
0.13168015
0.16597267
0.050258511
0.11525554
0.12824504
0.062813519
0.10565839
0.10825439
0.20315791
0.11931375
0.011814863
0.060980842
0.19414608
0.1602485
0.062408029
0.11931407
0.11590033
0.089387329
0.20848189
0.15659494
0.15744928
0.020999991
0.0014021526
0.070745343
0.10083202
0.00077541052
0.1784305
0.19107385
0.12024005
0.063313153
0.19871035
0.14041549
0.20382259
0.15676609
0.13310507
0.11112002
0.044445857
0.19261927
0.18415631
0.14253922
0.1453289
0.10796808
0.027736857
0.10328142
0.089562249
0.0034338842
0.012106454
0.15636602
0.040282422
0.0061344832
0.18736475
0.17057104
0.17011171
0.045395612
0.086213576
0.0014485718
0.10075358
0.024901096
0.02645182
0.12781701
0.10264377
0.15181848
0.11647679
0.022059726
0.054966863
0.031165511
0.058895054
0.012432672
0.082500057
0.12882538
0.13751236
0.16277262
0.1242905
0.072988577
0.14591714
0.14112776
0.023092015
0.16534083
0.029722483
0.14209233
0.05290026
0.14556857
0.15956951
0.11481998
0.011020379
0.077639503
0.028187393
0.13422526
0.19690512
0.05583469
0.18735917
0.2090759
0.1274865
0.073600215
0.024666534
0.15206695
0.1512611
0.18321874
0.2006074
0.11792457
0.099876781
0.11373159
0.12946581
0.19361018
0.11879373
0.089780282
0.00078288001
0.16873102
0.068585368
0.091177238
0.0049506998
0.0013903455
0.042619031
0.11563018
0.013771985
0.013109103
0.085809227
0.18299141
0.086650149
0.017690577
0.10374111
0.16873809
0.049194698
0.087165564
0.11800087
0.18785832
0.086489466
0.13082811
0.1384851
0.0009126923
0.015761125
0.033328204
0.078337363
0.015649211
0.0077572988
0.0014891645
0.053386961
0.18045261
0.12894354
0.097019658
0.14219769
0.20397676
0.21190638
0.034761077
0.043308351
0.035516448
0.15844372
0.12511015
0.10325115
0.022918344
0.21528951
0.067481921
0.15329756
0.086778582
0.21578256
0.14343798
0.069556989
0.0010687394
0.097057181
0.20312917
0.12850435
0.14608417
0.051511187
0.10366481
0.024658138
0.13756872
0.099167175
0.20622229
0.096194141
0.2092089
0.00090505654
0.028194133
0.13590853
0.11650778
0.107333
0.066102898
0.043026224
0.0034001219
0.11952743
0.073560312
0.060950086
0.10708432
0.15634115
0.038051173
0.16919164
0.11171541
0.11093599
0.094115591
0.17562262
0.14906585
0.051883819
0.13793386
0.13715367
0.15936229
0.013542351
0.21529719
0.18062783
0.082192156
0.069531256
0.18129096
0.17663569
0.21566527
0.16523853
0.15635155
0.16812167
0.16386961
0.076541609
0.02384169
0.0063354668
0.10346535
0.14081026
0.017605134
0.16203582
0.12633226
0.061475984
0.06906172
0.1721649
0.19206332
0.02804045
0.099828964
0.040674598
0.14941643
0.096292747
0.075871855
0.15909771
0.14421549
0.032869413
0.17275588
0.058928678
0.10673324
0.21586185
0.070472228
0.081937024
0.10732039
0.20391454
0.08739778
0.15331777
0.20664432
0.12814676
0.040632529
0.065887857
0.17594587
0.021414367
0.027669231
0.12487547
0.060647692
0.013139973
0.13571759
0.070775563
0.063096613
0.090666517
0.072422384
0.20041274
0.037431064
0.1812871
0.17106139
0.040252917
0.019902403
0.047585289
0.18718085
0.17358326
0.073445964
0.070810257
0.01656372
0.15726184
0.049858244
0.19287635
0.020510877
0.17423302
0.053676128
0.063357918
0.063351479
0.1636013
0.001508441
0.045095007
0.17382328
0.17258852
0.02250529
0.21543649
0.080628491
0.10101865
0.039086174
0.1158784
0.03983157
0.13295318
0.085693953
0.10710971
0.16058365
0.031904268
0.041510401
0.052069369
0.077885367
0.18019767
0.13614947
0.062545115
0.082770028
0.11435193
0.085812489
0.056940359
0.19937198
0.18863609
0.10375697
0.15401288
0.20321309
0.079623415
0.12808874
0.10611233
0.19358903
0.17341194
0.07605248
0.070453694
0.0011820275
0.14225522
0.21491475
0.081607254
0.17334794
0.043802178
0.0051842732
0.064140441
0.031558168
0.19201975
0.12928656
0.13741141
0.15330934
0.10414598
0.084148307
0.20813166
0.091101344
0.048919295
0.087139725
0.10823761
0.13343504
0.04346092
0.0079887949
0.036146874
0.15598721
0.01101806
0.13975666
0.097500154
0.1745584
0.043498358
0.065927126
0.023355817
0.019219482
0.16923337
0.040109782
0.061331119
0.11707464
0.00080052379
0.19884735
0.077747223
0.09552319
0.036765505
0.16897429
0.098247717
0.092512116
0.022033342
0.11824076
0.044394934
0.15723976
0.13643603
0.21536881
0.042237873
0.14949944
0.16680061
0.15625407
0.042277933
0.19771482
0.21526397
0.19872712
0.050392801
0.10617847
0.14956093
0.09363631
0.18940773
0.012039721
0.15541886
0.10153946
0.1329179
0.15348346
0.014096537
0.10344634
0.035459602
0.12420317
0.082810394
0.16498418
0.20183444
0.12794032
0.19971107
0.20450145
0.19653219
0.00088688227
0.201889
0.087973192
0.12621052
0.050763599
0.00093867462
0.12606746
0.019483508
0.1408021
0.17024149
0.016165333
0.20200686
0.16669128
0.023148511
0.19845684
0.078504761
0.091294861
0.16321662
0.12907964
0.14467886
0.033162661
0.03446592
0.038754283
0.19504151
0.05916407
0.063695927
0.19732215
0.081165645
0.1568008
0.10532102
0.00059881106
0.11106526
0.1758903
0.16453501
0.098513125
0.075549928
0.040960931
0.14008901
0.21515042
0.18820659
0.031632774
0.20372458
0.12533877
0.056840094
0.029780977
0.0014026616
0.20448985
0.16093689
0.20605692
0.12699475
0.11315134
0.045550772
0.18348879
0.18920969
0.073627504
0.064181804
0.094981077
0.085133903
0.21569408
0.098131135
0.17572442
0.1093489
0.078278369
0.17403381
0.11922631
0.12222775
0.16814904
0.12522021
0.12916971
0.15479428
0.14935792
0.009283294
0.049569219
0.13523135
0.18022591
0.027643652
0.11282953
0.14012897
0.046120228
0.014375214
0.00086500149
0.20138668
0.12074683
0.040112754
0.21563409
0.2062285
0.085701261
0.11585999
0.16553602
0.15009127
0.10675577
0.030195143
0.078899943
0.16558092
0.00094689545
0.00080145814
0.19152966
0.071075349
0.12941153
0.18151512
0.1790959
0.058048088
0.093393317
0.066502326
0.15252222
0.11790641
0.17127505
0.14044396
0.10818595
0.00095518263
0.097447688
0.063794707
0.1236907
0.16678666
0.054067713
0.20030548
0.001243098
0.077772568
0.11394994
0.13126712
0.15316683
0.15057418
0.14837783
0.20214349
0.087345407
0.18857221
0.15758752
0.069827193
0.094672104
0.078464077
0.19138783
0.069146076
0.09551951
0.0013862788
0.070587554
0.19741855
0.14631725
0.15806002
0.10668307
0.0013762652
0.18728979
0.10899748
0.1480428
0.099128405
0.15772994
0.10496245
0.043247184
0.072284154
0.12044809
0.075010462
0.15405525
0.0014599709
0.058870437
0.10134223
0.18856263
0.070426793
0.15499918
0.049511241
0.16185162
0.046581646
0.057771364
0.20663544
0.050356507
0.13880187
0.089181992
0.10735466
0.01424806
0.17508753
0.030573374
0.15525677
0.084847608
0.039797085
0.064474842
0.070045715
0.032536219
0.20848526
0.13943422
0.19383764
0.18115645
0.21593797
0.15078454
0.148472
0.17716664
0.029398184
0.08473218
0.014900941
0.20832107
0.0083999109
0.064955645
0.20222581
0.019904779
0.080639775
0.059148484
0.05996058
0.021952915
0.17001347
0.036334432
0.18268495
0.21531961
0.018041039
0.0780136
0.071307531
0.17124333
0.16481636
0.13958418
0.0087542401
0.20769879
0.19859166
0.16446651
0.16395126
0.0083941339
0.06614966
0.21539094
0.15331639
0.20184019
0.15940846
0.00089223386
0.082882601
0.11228786
0.20405978
0.070330108
0.20405902
0.036776709
0.068548734
0.11298851
0.089997256
0.1874857
0.1361218
0.19243601
0.0013704449
0.061554519
0.035330462
0.14989108
0.044670857
0.1422839
0.19606185
0.0010328868
0.16504355
0.16257214
0.060173897
0.13795919
0.026895143
0.043016334
0.055357867
0.12636187
0.060295509
0.069083021
0.016055737
0.05568422
0.016279827
0.21592059
0.061048802
0.20823134
0.036187935
0.066570786
0.052754901
0.21474839
0.017787478
0.13714265
0.12941003
0.21592255
0.12179296
0.19809897
0.17542835
0.14441204
0.1779532
0.061366554
0.15846588
0.048175277
0.073728094
0.0014873482
0.0051420715
0.13237638
0.03379683
0.1293266
0.14121327
0.19643858
0.0981995
0.011958848
0.13308795
0.037565976
0.1133475
0.00090925731
7.2544199e-05
0.097241025
0.12105203
0.09480877
0.10388542
0.0699511
0.026991376
0.17832557
0.047030483
0.075257109
0.13229238
0.19191845
0.09746246
0.075241121
0.099762084
0.025156606
7.8066456e-05
0.023636622
0.024654946
0.1797897
7.1986496e-05
0.014165141
0.20147697
0.14233485
0.0040463657
0.21522599
0.0016782929
0.01073836
0.034652396
0.012866882
0.12842209
0.00050656301
0.065845507
0.21486094
0.18210977
0.072312992
0.015549371
0.030571479
0.13976912
0.028733037
0.12539985
0.18421878
0.15695137
0.16269474
0.031688169
0.021463944
0.093064001
0.039229906
0.16348465
0.012078627
0.0012038723
0.044009047
0.018604606
0.047512797
0.098721212
0.20200655
0.21531222
0.032049767
0.015784065
0.028752322
0.078868681
0.12826197
0.032865921
0.019272973
0.17444866
0.0083026051
0.06132528
0.0010513161
0.038560506
0.0037968609
0.16004074
0.06974528
0.044540318
0.021765907
0.0048654725
0.079430512
0.13261141
0.073258791
0.056929075
0.00015354798
0.10632028
0.017938196
0.083092998
0.13583017
0.21576194
0.17296267
0.063861083
0.12969615
0.057580552
0.038679269
0.14012918
0.028800836
0.061131596
0.009605289
0.21580355
0.19923132
0.14682005
0.049302619
0.20670504
0.030387572
0.16865267
0.094339062
0.039110636
0.16057261
0.038794968
0.1788988
0.098024798
0.012751055
0.21527218
0.19084967
0.08195152
0.0206862
0.11728612
0.091998605
0.20310184
0.20078216
0.14016724
0.11446171
0.072550399
0.21361929
0.047467608
0.010816941
0.086861607
0.13705408
0.090666506
0.12268332
0.05750538
0.00893281
0.079993286
0.14429804
0.09664528
0.085219282
0.11714618
0.12963418
0.018957263
0.11623371
0.11095362
0.10316439
0.02354234
0.20485694
0.045991899
0.14167512
0.1040767
0.18748908
0.17813823
0.1739664
0.15836946
0.045560853
0.16927008
0.16833612
0.076313834
0.087636564
0.15833687
0.20794542
0.032027111
0.17554965
0.11272838
0.19599197
0.17300362
0.07026585
0.13884724
0.07384166
0.036966536
0.0078380737
0.0067833661
0.0918142
0.12938886
0.088780769
0.17059045
0.032060696
0.18007635
0.12966411
0.073451221
0.021590294
0.036892136
0.060788228
0.12895564
0.059954205
0.074058297
0.19353005
0.021811986
0.1396295
0.15963239
0.19955465
0.10155575
0.02932575
0.12364459
0.068887242
0.18335368
0.028057307
0.15676967
0.072782416
0.21556337
0.071484612
0.03924979
0.16142771
0.18616664
0.069502101
0.083095972
0.10621627
0.0944241
0.16175881
0.12970756
0.1372296
0.2153953
0.17252142
0.028923748
0.03510362
0.00096808753
0.14088215
0.15301673
0.204097
0.14330623
0.1783117
0.077004652
0.040784211
0.010215294
0.053724308
0.16218715
0.053405558
0.079303413
0.14606485
0.0050711265
0.071187605
0.14847674
0.11562197
0.16344892
0.033404995
0.052686964
0.10832224
0.02785037
0.1981926
0.11457702
0.15729322
0.20031614
0.17732185
0.088737427
0.2159436
0.093558272
0.069990644
0.073513742
0.088438885
0.055907036
0.19756394
0.00040652461
0.076004702
0.17990974
0.081617235
0.098564767
0.15176723
0.17080451
0.029760678
0.15568359
0.21573451
0.21558186
0.08797123
0.0592361
0.042466607
0.18483359
0.13402199
0.11282686
0.025216809
0.032663856
0.020738716
0.081406579
0.036837135
0.13385338
0.075678632
0.04987231
0.13468808
0.21570044
0.19376711
0.015939492
0.072802957
0.0052903007
0.1595617
0.13054895
0.095684455
0.033845694
0.16654162
0.10588244
0.16948018
0.1727423
0.06977338
0.024700406
0.13285704
0.19852194
0.01398646
0.12512749
0.11140197
0.16671853
0.17109878
0.059257071
0.21533007
0.12675286
0.18826902
0.14944623
0.069134996
0.13503407
0.0097631901
0.020298815
0.028461707
0.073096254
0.061066579
0.16018589
0.12082708
0.042453134
0.030720986
0.19344801
0.030924679
0.12647903
0.027271946
0.086977172
0.17224345
0.062475365
0.076228179
0.13490814
0.14655349
0.016854339
0.019954841
0.085623167
0.11323739
0.20261939
0.12754994
0.039914584
0.12364906
0.036114425
0.15587998
0.066662679
0.090200853
0.19851099
0.082676171
0.13059101
0.1965551
0.14061758
0.14422694
0.14042188
0.20201592
0.00089067289
0.15431339
0.14136464
0.10116251
0.077277527
0.18750047
0.13454176
0.18046554
0.089426824
0.025419648
0.088532875
0.045586799
0.031269578
0.19840267
0.18516145
0.13407159
0.039969868
0.12982897
0.19104437
0.14499606
0.12676002
0.028177132
0.15921047
0.021304444
0.10868392
0.15912574
0.072467846
0.098991313
0.20460865
0.16657087
0.18046763
0.010029715
0.21529158
0.11633724
0.18307982
0.085406636
0.092137558
0.030266776
0.21565925
0.06075184
0.07444937
0.19962851
0.10572864
0.076843637
0.064980734
0.16358215
0.034923719
0.17403311
0.15152968
0.090521769
0.041934055
0.077822991
0.14868797
0.10507377
0.082933646
0.086041131
0.17601174
0.19761523
0.12757948
0.1018392
0.13968508
0.00028725694
0.0841452
0.19843971
0.11772404
0.2053198
0.16912142
0.19248285
0.16421262
0.00063188935
0.047459687
0.0046982098
0.089376719
0.14276943
0.21490169
0.12503937
0.21533403
0.065432359
0.097350546
0.10373895
0.20858845
0.086579756
0.093921595
0.047541209
0.10107505
0.01458732
0.091755694
0.10320056
0.18737137
0.028433943
0.18610721
0.061041456
0.20528664
0.093448096
0.08574579
0.033272376
0.098064275
0.046537111
0.13206074
0.0604752
0.0045567217
0.03709627
0.033245914
0.076364531
0.096657028
0.014369141
0.0007057039
0.19430666
0.20371917
0.0746981
0.090657689
0.12854385
0.089148718
0.063279284
0.1650864
0.088263489
0.025540575
0.11142828
0.036829511
0.031838201
0.15143961
0.069660196
0.0084459016
0.049864691
0.10521375
0.042135939
0.1733901
0.12753501
0.0015999349
0.091787356
0.10675632
0.077762319
0.12502272
0.0983303
0.14157968
0.21570891
0.092040428
0.15679656
0.10528485
0.02284664
0.084422508
0.042668542
0.16401177
0.042090125
0.10464958
0.13124309
0.11567928
0.18672477
0.070012717
0.071002815
0.12964253
0.099686259
0.19185607
0.12235903
0.0065165175
0.17734241
0.12951071
0.11372192
0.14801897
0.10345508
0.20528683
0.18995508
0.024254496
0.20926009
0.073475811
0.032127116
0.074991168
0.051822962
0.1331004
0.096317947
0.025492598
0.029493063
0.17789773
0.20934883
0.15289616
0.053679835
0.034053155
0.016449187
0.12124693
0.075371718
0.053283438
0.2088122
0.12104048
0.0011795055
0.15293533
0.11420799
0.05214909
0.074205457
0.0089791035
0.16471728
0.16597345
0.063484105
0.21586875
0.20351275
0.018135449
0.13200943
0.21455577
0.10024727
0.017966114
0.16752758
0.078445178
0.12036162
0.016441188
0.18079305
0.089626382
0.050102278
0.1856002
-0.0010644554
0.14851129
0.17760884
0.01228214
0.07239425
0.069673334
0.16480026
0.16200952
0.02333863
0.0025791397
0.15530427
0.20486469
0.057014316
0.17800734
0.11355151
0.15798856
0.16168766
0.011784929
0.069440045
0.12585817
0.16067271
0.056673325
0.06032083
0.12143534
0.21548595
0.0042296741
0.13437353
0.20128435
0.062995064
0.092870012
0.054129463
0.10291878
0.13541516
0.06355107
0.034368116
0.19775079
0.13138344
0.19959945
0.058627062
0.084097525
0.053318645
0.12421468
0.073252702
0.020692267
0.13098062
0.1215623
0.096624471
0.19398547
0.17533429
0.21569066
0.0014929476
0.087491227
0.13158723
0.047179806
0.02441403
0.084176064
0.10626163
0.060333225
0.0092009847
0.035960912
0.16360342
0.0092960416
0.058802965
0.036036109
0.086515842
0.072269223
0.11088685
0.20396593
0.21520175
0.082594158
0.13933043
0.087405054
0.09143591
0.094799263
0.21575934
0.10089526
0.18866509
0.096771366
0.19003412
0.080886514
0.11640553
0.12277747
0.21554336
0.081073545
0.17519922
0.11829603
0.0048672341
0.034840218
0.094735115
0.13952397
0.12745643
0.05233186
0.20780041
0.13991183
0.053709847
0.11991145
0.13253714
0.12878487
0.068206313
0.033012475
0.010541118
0.1710654
0.082349513
0.16095235
0.011558802
0.2070182
0.20251198
0.081690036
0.18913145
0.14839894
0.0010018332
0.11750037
0.12968769
0.019803905
0.14814814
0.20187419
0.10571686
0.0052911997
0.090549155
0.075447202
0.004505375
0.13350975
0.12423338
0.072874314
0.099773999
0.026103694
0.19188158
0.15208508
0.039686911
0.028131167
0.16240381
0.21526909
0.15746519
0.12747444
0.0014402278
0.21484325
0.20706723
0.031258224
0.044273515
0.17643758
0.20562232
0.091247514
0.027730876
0.18521315
0.10673731
0.066297549
0.21576176
0.12883212
0.022969796
0.097301853
0.018332085
0.17829231
0.085988245
0.012511464
0.011126792
0.13947558
0.14591863
0.022162093
0.0014430183
0.081070494
0.14896889
0.11909227
0.00083388343
0.07052287
0.1557442
0.075242913
0.13838227
0.11666309
0.17771144
0.044379031
0.04930502
0.01383862
0.064005863
0.098548333
0.057875822
0.20047357
0.11269403
0.052323352
0.093061412
0.047608213
0.18022
0.14050831
0.20396604
0.074435983
0.07958032
0.17163671
0.21529171
0.054711997
0.15311114
0.080986555
0.019057492
0.079757931
0.17699658
0.18367489
0.14251008
0.016050505
0.016544909
0.20299347
0.083469038
0.097349898
0.20205616
0.010384195
0.17672637
0.079688966
0.20393856
0.17526102
0.11573765
0.086001555
0.07970847
0.17954485
0.062407653
0.13861276
0.070367769
0.10401262
0.049708844
0.024020269
0.20130162
0.15063287
0.11429667
0.15573254
0.096817714
0.040245681
0.13935344
0.10707168
0.12481104
0.03994782
0.013310555
0.20514146
0.10250513
0.050593343
0.14300978
0.11539361
0.124263
0.15663428
0.12019742
0.1475806
0.099169342
0.1932031
0.071036545
0.10771458
0.086664081
0.0071215181
0.16124131
0.10030464
0.0044724883
0.1115229
0.018510573
0.028254537
0.1834569
0.015833228
0.02814964
0.093407362
0.18718604
0.2157615
0.18248233
0.0013967702
0.0085392307
0.17577915
0.18926699
0.12326493
0.030770586
0.08813715
0.1568502
0.092900573
0.017201702
0.15859037
0.084638717
0.079903051
0.080692069
0.13425387
0.090143203
0.10829432
0.16082555
0.08623767
0.066945309
0.21540434
0.18141301
0.21538264
0.055365954
0.036692274
0.046440451
0.15606222
0.21536209
0.1659505
0.0037068247
0.12090508
0.094886044
0.023189387
0.019463928
0.0065619942
0.15229843
0.072407295
0.087598166
0.076506682
0.13522241
0.13504672
0.16376053
0.16081426
0.148482
0.18122864
0.12871112
0.022448325
0.1596993
0.017215526
0.083842293
0.025778048
0.0845766
0.0021269078
0.12479313
0.00079301266
0.21530299
0.080981996
0.11484729
0.16742188
0.072169743
0.091033803
0.14026863
0.13145505
0.095821855
0.022953018
0.08689427
0.20932899
0.062296904
0.153097
0.096902917
0.17960847
0.21541658
0.00052575317
0.060320264
0.062842545
0.2156012
0.16500755
0.10357805
0.045712131
0.13236422
0.063881732
0.034205942
0.15144958
0.18546517
0.078954433
0.17910359
0.0016362676
0.00090079872
0.14543252
0.019384357
0.13665118
0.1695715
0.12019095
0.11206925
0.081646234
0.20170636
0.00062338245
0.084156982
0.036078775
0.21525251
0.047966795
0.048853412
0.00097828014
0.042921826
0.099406727
0.11352457
0.20241426
0.025154217
0.12744187
0.10793279
0.10675782
0.16089319
0.11350072
0.17710424
0.022339728
0.062305521
0.0082631315
0.11364795
0.20332143
0.011056119
0.1810064
0.042697269
0.18776984
0.18940367
0.072224829
0.19738549
0.11626122
0.19526482
0.17826142
0.03247529
0.13288116
0.04573898
0.11941715
0.20798605
0.028503183
0.21530933
0.076939454
0.034936195
0.21561296
0.1676287
0.010033705
0.21526716
0.17982803
0.034654154
0.14208559
0.0192761
0.13714576
0.193813
0.18628379
0.17707305
0.0044444761
0.11854623
0.052338271
0.14422132
0.19634262
0.10750115
0.16849441
0.061192355
0.0014265029
0.12984852
0.14724859
0.035000726
0.018221715
0.0012953591
0.0028356256
0.073855877
0.05140374
0.15002564
0.020208982
0.1968757
0.045603299
0.088192103
0.19882587
0.18287383
0.0010562575
0.11338138
0.07819875
0.027051343
0.12185858
0.032928237
0.19396698
0.060531841
0.020604247
0.16281144
0.14473098
0.011349662
0.084375078
0.14428126
0.17838934
0.070901936
0.039895209
0.038029468
0.086801597
0.15603845
0.18361852
0.049946103
0.17153985
0.1168944
0.045089203
0.079713472
0.059203761
0.016429055
0.10174893
0.017974614
0.029306216
0.054652022
0.11530249
0.09114463
0.18223468
0.014628815
0.036185299
0.19264741
0.07721917
0.0084846844
0.007615242
0.024604244
0.10239466
0.025361018
0.17589904
0.12497125
0.20690162
0.15447237
0.19472075
0.21530446
0.0014127572
0.069435547
0.040425579
0.11027517
6.4542861e-05
0.0065789994
0.017248813
0.0063352013
0.11253874
0.00099951669
0.19539883
0.20625648
0.21571002
0.11700972
0.095938934
0.030612809
0.053446329
0.20296974
0.11792355
0.14079406
0.097389021
0.19089906
0.034232591
0.15936327
0.020539144
0.0014715732
0.17850882
0.085925662
0.17138759
0.055082286
0.14691501
0.20688088
0.14257388
0.14360206
0.038702642
0.074641121
0.10854415
0.064347828
0.054712131
0.13698259
0.17188082
0.19562149
0.12640847
0.077604894
0.17078844
0.21573252
0.10418571
0.19941912
0.00645679
0.096068971
0.084923949
0.00088665841
0.00458458
0.024755496
0.054915797
0.0013682012
0.039037482
0.18197188
0.11051207
0.20786649
0.2066475
0.085680033
0.030959029
0.11468787
0.165044
0.085241745
0.10283041
0.16396976
0.13536352
0.14974029
0.10279373
0.032289271
0.07499484
0.047875393
0.017157253
0.042066663
0.16681191
0.090340754
0.12181462
0.0076829589
0.2148646
0.072142033
0.21142528
0.11277777
0.033570132
0.20743627
0.013222706
0.14688582
0.21548704
0.21538825
0.19513294
0.12127117
0.017924718
0.18525175
0.052899624
0.010018646
0.19599626
0.025877015
0.19773442
0.084006783
0.10233737
0.1223915
0.12295481
0.17713188
0.17255632
0.19044301
0.0079968785
0.16553789
0.14571832
0.014958408
0.12737322
0.00096843714
0.014418088
0.085220217
0.12762995
0.16642097
0.21534281
0.076392087
0.1642734
0.18756222
0.13246145
0.076718252
0.077580015
0.013904164
0.02876759
0.074011813
0.20782538
0.15261811
0.04320246
0.016047477
0.015527107
0.11461205
0.11018707
0.21535683
0.03677271
0.19379679
0.17777428
0.1260407
0.038857226
0.036298341
0.21590939
0.059379028
0.17238202
0.04187652
0.047087372
0.18775835
0.011247792
0.060586549
0.042348265
0.13461311
0.20550953
0.19881386
0.11306655
0.10317666
0.16580692
0.023922006
0.074132242
0.025626578
0.03629349
0.0083562597
0.0016581547
0.071964827
0.011377638
0.0078408817
0.12138004
0.15444685
0.090268049
0.0080555973
0.20012532
0.20114896
0.16161869
0.049875002
0.14651219
0.1097621
0.17975266
0.19754317
0.09829748
0.0079169924
0.15073979
0.10973251
0.12083993
0.11281568
0.13906404
0.18398016
0.02606098
0.075182112
0.17970663
0.11245315
0.037082996
0.023031445
0.18177436
0.080466014
0.096861138
0.038554693
0.030889173
0.15095534
0.07859643
0.14531374
0.078177238
0.19660278
0.069946189
0.075981899
0.090048485
0.083985275
0.14478357
0.19886928
0.080614747
0.084692078
0.13323416
0.042357934
0.029495399
0.17881876
0.095819994
0.18391347
0.1453457
0.058048658
0.035135538
0.017088832
0.10780798
0.036663592
0.21436274
0.11688733
0.037850372
0.086768049
0.13667717
0.1648038
0.17785986
0.1624272
0.021623768
0.062926453
0.0014868102
0.031090699
0.074238708
0.015351656
0.0058769269
0.10819006
0.20761798
0.07464631
0.10580148
0.052060712
0.20728797
0.12709489
0.093782789
0.071466649
0.014199212
0.00088938574
0.098049483
0.13373974
0.039839684
0.11747041
0.011613979
0.00086787818
0.20495079
0.18880886
0.17868256
0.20827808
0.11698923
0.12363798
0.18783806
0.1818934
0.18927007
0.15902887
0.20716845
0.022451497
0.19963506
0.093748975
0.17826505
0.19897725
0.0015375324
0.078035081
0.1882473
0.12816003
0.018666639
0.15695884
0.077811031
0.186745
0.089705635
0.13951781
0.16380499
0.17667718
0.16896578
0.11919909
0.18417792
0.20718977
0.16112748
0.068598337
0.13365041
0.010439735
0.21584395
0.069065951
0.025445041
0.15156
0.12027772
0.039223826
0.087524588
0.014642672
0.20318803
0.035356997
0.026494755
0.10730548
0.19594016
0.15300033
0.12541899
0.17301005
0.04695313
0.043527868
0.1154454
0.010709835
0.0068088813
0.026241325
0.11823794
0.013474355
0.10086368
0.0082902104
0.14266039
0.13117406
0.0012116281
0.10794881
0.1694714
0.12501393
0.089257222
0.10105544
0.12495624
0.085429318
0.16214822
0.2155739
0.0012971563
0.2037963
0.18889
0.16578196
0.12832643
0.18522062
0.10981529
0.076593833
0.20847889
0.044191243
0.037151022
0.0018219023
0.044387716
0.023445456
0.074127875
0.047235798
0.0016107886
0.1755069
0.076345531
0.13634174
0.1689501
0.011021736
0.12797262
0.13516423
0.046071363
0.09003536
0.052442436
0.068962644
0.042916566
0.13035395
0.090910625
0.092951812
0.00078169957
0.11184474
0.0009749083
0.1304228
0.21588151
0.18440646
0.18800973
0.087973795
0.14843155
0.10643035
0.16001449
0.0070627035
0.15819575
0.052800346
0.039384267
0.17181817
0.20327539
0.04901127
0.11408588
0.003983755
0.099145572
0.041837815
0.10588501
0.1422157
0.00097396541
0.19555256
0.20111103
0.013488168
0.10478825
0.11021167
0.039161256
0.036333026
0.14276822
0.10360661
0.15140299
0.010532739
0.084355437
0.097552808
0.2156541
0.1562061
0.21592308
0.03640442
0.061529601
0.028083037
0.16552062
0.082053865
0.21533038
0.025271192
0.094812424
0.032564885
0.043636675
0.013415429
0.19925689
0.043531199
0.044875718
0.051981248
0.10820475
0.16529683
0.014972155
0.043080079
0.0014114883
0.082587801
0.2151704
0.0075214526
0.14210209
0.1552749
0.02516037
0.19630312
0.074782868
0.15939033
0.069771
0.16700237
0.080498939
0.20492754
0.14543927
0.00091794724
0.20242419
0.062118599
0.16434337
0.0076373149
0.083943693
0.14523107
0.18170315
0.074114277
0.19515496
0.088420133
0.002309882
0.033560145
0.075740852
0.16992811
0.10784835
0.15489555
0.098403896
0.050307085
0.12815445
0.16433761
0.048198025
0.17991535
0.060284494
0.072334824
0.046633219
0.042578242
0.10164169
0.16594706
0.11229778
0.11442814
0.18264568
0.19715415
0.01475959
0.025485617
0.032072922
0.13897213
0.21565102
0.032526609
0.046500756
0.051366617
0.038923147
0.079491481
0.011185227
0.070880203
0.098642066
0.049935179
0.14503047
0.079808431
0.16182671
0.039859019
0.013949226
0.09043664
0.16061857
0.073576624
0.18774692
0.19552326
0.1514756
0.001592615
0.02092968
0.10148599
0.0074468641
0.0079056767
0.02557254
0.029994583
0.06463863
0.00082121098
0.080845847
0.024088063
0.023217827
0.17031118
0.21051131
0.059884605
0.052477136
0.068170768
0.060406385
0.098587433
0.11372547
0.19634214
0.033087328
0.054989466
0.21358882
0.16332126
0.052346965
0.028204303
0.10360655
0.043290354
0.076996843
0.058614416
0.098879578
0.14637787
0.037295571
0.077122501
0.19358205
0.023463402
0.15156533
0.010773703
0.045039799
0.011463018
0.01570563
0.049294265
0.071859534
0.032941652
0.21520727
0.083784694
0.078574697
0.047200222
0.18508822
0.077431399
0.20808092
0.20285736
0.095175404
0.0081943371
0.071430942
0.21532052
0.039566265
0.041742112
0.12641007
0.076863765
0.11383968
0.10855653
0.14407908
0.13100112
0.14474033
0.20374982
0.077687975
0.17811007
0.21575767
0.069144819
0.094514018
0.090803775
0.17656583
0.14093018
0.060476866
0.077425463
0.076780274
0.11882607
0.13586916
0.1242698
0.20813179
0.1976551
0.016206692
0.062262137
0.061049937
0.023443546
0.087880953
0.10846425
0.018697133
0.14135178
0.18834172
0.1664701
0.10075557
0.16861806
0.19974298
0.043287523
0.19549647
0.21543905
0.00087328427
0.17098825
0.012677989
0.19796112
0.084199093
0.0042401871
0.17411948
0.076571829
0.10222728
0.21546955
0.091600981
0.19572752
0.1937668
0.17070909
0.10300433
0.047497541
0.10003654
0.072377728
0.086485354
0.083281414
0.10554496
0.17885034
0.20712741
0.031762394
0.21564671
0.20800406
0.088985002
0.088479785
0.18162906
0.082862215
0.19122983
0.019895869
0.064278068
0.019253633
0.057569892
0.0057174887
0.069679399
0.012891081
0.012172067
0.19578559
0.18794007
0.085567912
0.18000745
0.13352032
0.032830744
0.12162939
0.14430382
0.13436242
0.20985198
0.01253067
0.11023082
0.067849773
0.1211964
0.1709859
0.12896566
0.0055299092
0.1963897
0.1700269
0.15302911
0.01666275
0.078859414
0.013809654
0.15556337
0.013372299
0.021801436
0.13823243
0.12334952
0.14017965
0.16955929
0.0066687314
0.043109266
0.12358323
0.024363212
0.072627293
0.072704656
0.16061124
0.074922066
0.12623666
0.13582412
0.017120108
0.10338754
0.19107584
0.098542826
0.12706858
0.080949946
0.055714614
0.21209325
0.039446861
0.14352833
0.14600924
0.043686479
0.11555971
0.071706507
0.04158682
0.072106592
0.16354196
0.16364354
0.027258458
0.083410009
0.073489478
0.064122583
0.088707757
0.061819368
0.074529413
0.16339512
0.18478434
0.067525725
0.1154513
0.083667777
0.16836851
0.11853347
0.053696426
0.10566687
0.026200712
0.12069321
0.10480394
0.054984946
0.15939621
0.065052578
0.1385118
0.10165096
0.019128458
0.0092450659
0.20265661
0.096150584
0.00095341153
0.1087057
0.20486728
0.009110336
0.057179919
0.060728942
0.066952947
0.036173129
0.021144852
0.087156403
0.029742334
0.12627643
0.031804978
0.20356744
0.015511659
0.063682191
0.16924495
0.0090643298
0.16977935
0.14723738
0.21573738
0.16474453
0.10810363
0.11188441
0.11574275
0.17326036
0.022375443
0.13030903
0.088189037
0.094540768
0.094111091
0.062166192
0.0010172942
0.05989438
0.16005598
0.10748411
0.019378374
0.19129429
0.17579823
0.16818576
0.011505546
0.015093195
0.14968949
0.035915011
0.09760566
0.060054726
0.15541748
0.17287781
0.057802734
0.052455811
0.20342202
0.018265637
0.19324596
0.13181345
0.14788296
0.16144048
0.12254989
0.13930206
0.026221877
0.076406724
0.18133605
-0.00075968778
0.012010195
0.061890449
0.068485496
0.2124689
0.20325681
0.088599064
0.086326657
0.14713745
0.042033621
0.031747083
0.16815305
0.18324834
0.10581155
0.044585548
0.046768401
0.14153566
0.10224302
0.21534527
0.18700075
0.055381446
0.17906495
0.16891757
0.065312687
0.1816102
0.10455346
0.16540988
0.026793082
0.13374854
0.09536865
0.081495673
0.052350974
0.033586978
0.12259716
0.17201464
0.1124326
0.1303927
0.059729715
0.075409271
0.023320953
0.10654178
0.19906503
0.16949318
0.10377192
0.007214578
0.049570683
0.16665624
0.10926014
0.10747213
0.13093364
0.11809607
0.11439149
0.12744138
0.13033356
0.14441136
0.048521395
0.0039521384
0.014725454
0.098053285
0.032671812
0.018051512
0.066705979
0.034489885
0.16434127
0.065497265
0.014855017
0.14066259
0.13873834
0.2022876
0.021987584
0.19183051
0.20493421
0.1712615
0.058593692
0.0011564341
0.11208976
0.071655497
0.16700019
0.0049598936
0.020592365
0.08750476
0.05544504
0.037459676
0.17060094
0.21571429
0.19491987
0.12783517
0.023876495
0.015664908
0.11641493
0.17821423
0.061782628
0.1660973
0.1635146
0.096839891
0.17703426
0.041715864
0.16757291
0.10889571
0.038861764
0.21564574
0.029192252
0.17806795
0.12876982
0.053283871
0.20476785
0.086378153
0.0011458351
0.21537905
0.014516308
0.12969276
0.17583479
0.15181921
0.17349242
0.16342863
0.091264939
0.072858314
0.19357607
0.065985633
0.072353259
0.024832843
0.14529168
0.11073049
0.02658848
0.094442628
0.16065849
0.071330007
0.02868353
0.17463166
0.076950427
0.12655553
0.13128311
0.038790087
0.020511372
0.20342777
0.084641105
0.089484633
0.068839039
0.069024964
0.20314889
0.050710433
0.13674449
0.077390502
0.11059352
0.18722955
0.16811137
0.19750299
0.092166633
0.17520019
0.065119159
0.15759949
0.1717047
0.21523111
0.12485877
0.077364042
0.11135177
0.081413251
0.050658899
0.1968424
0.12663132
0.12658486
0.0038193928
0.04571142
0.02230464
0.014557585
0.14121012
0.20907333
0.20380391
0.15860823
0.059619327
0.16724173
0.21540305
0.17945195
0.095488254
0.14803325
0.12885797
0.18632893
0.012613478
0.042622476
0.075504766
0.079753728
0.11839682
0.20735626
0.18656153
0.17764461
0.01210055
0.051045876
0.20552852
0.087192154
0.097220707
0.16378905
0.18413978
0.1947382
0.043366451
0.062181858
0.14975968
0.025906877
0.087717733
0.044925824
0.14194033
0.088337628
0.096192094
0.048818987
0.021911931
0.11425937
0.0074008934
0.1755542
0.074435004
0.130738
0.16929562
0.032192688
0.015297862
0.0009372709
0.19825526
0.016618016
0.21535675
0.21538337
0.18945164
0.015877091
0.0298332
0.020557878
0.13926942
0.047808284
0.036404048
0.017930861
0.031993292
0.20063327
0.055346087
0.1529421
0.16966081
0.093058854
0.18661098
0.077563741
0.037123584
0.103706
0.015011626
0.044037694
0.21054186
0.023569146
0.18670926
0.20842184
0.15141844
0.023181472
0.056000431
0.11116235
0.097497081
0.089511167
0.15406508
0.032355983
0.21568584
0.10208186
0.037314115
0.055300268
0.072753946
0.10208086
0.097957648
0.054470651
0.039931893
0.0015016321
0.0534419
0.1429349
0.17169259
0.1915894
0.11356557
0.11075981
0.14570487
0.07039565
0.042550291
0.20627966
0.014878353
0.14472172
0.0037527163
0.18527216
0.039260103
0.17287763
0.13331561
0.057365004
0.14764842
0.190017
0.1774159
0.095092702
0.15696872
0.21525907
0.14601079
0.20323612
0.10104425
0.07655821
0.12974425
0.070036431
0.15211475
0.003733058
0.072974251
0.18641585
0.032994243
0.10482275
0.1793609
0.053957708
0.082192608
0.094860689
0.1125322
0.016334106
0.12635676
0.17675735
0.14191844
0.077413519
0.1233601
0.066233422
0.011489095
0.032268034
0.19874987
0.067636727
0.012399797
0.12662308
0.19303804
0.10016455
0.15963323
0.10312534
0.012761479
0.087717226
0.13541612
0.039911434
0.05252987
0.021801652
0.18700796
0.20731228
0.12670725
0.12172223
0.032815827
0.028344805
0.0010267812
0.055450217
0.025412063
0.20363083
0.039239278
0.039520447
0.016725729
0.16697865
0.10664656
0.077549166
0.071124913
0.14407638
0.025584034
0.10272313
0.19724048
0.14560631
0.014282486
0.037174736
0.017354143
0.075251341
0.061015407
0.14896471
0.066004328
0.12689783
0.066855865
0.14422021
0.03758635
0.074057451
0.042026629
0.17083279
0.035446502
0.033332905
0.20782636
0.1175237
0.15943695
0.049280168
0.00083756007
0.010565896
0.078002268
0.18738165
0.079609805
0.19458095
0.0086833402
0.031233013
0.0015141286
0.14885635
0.085905183
0.06044903
0.20294628
0.14056728
0.055063312
0.046387766
0.1130041
0.18738436
0.12103023
0.094873812
0.12234118
0.067882348
0.039296352
0.1508026
0.043450923
0.096672627
0.12363537
0.020432521
0.032374532
0.059771009
0.16033377
0.020308779
0.16407156
0.14949454
0.025876256
0.010715354
0.13940165
0.018545238
0.073709647
0.055731181
0.026937261
0.13009294
0.021211109
0.18054002
0.019277752
0.14444423
0.077648703
0.071188787
0.12534177
0.016228055
0.075413565
0.14907037
0.19586895
0.012412937
0.12387896
0.012466737
0.20570604
0.15370333
0.15142865
0.087522776
0.18584821
0.019778107
0.062409997
0.11382444
0.04468055
0.023518303
0.091017324
0.010348466
0.041626469
0.055805839
0.064892527
0.01256207
0.092299768
0.14752118
0.016787258
0.20140296
0.14607
0.078324403
0.17209169
0.030639538
0.0370866
0.016085502
0.014892555
0.034354599
0.015521688
0.041425938
0.02641517
0.0010231733
0.084491314
0.028125045
0.18604621
0.067781028
0.049651038
0.062128811
0.10635665
0.034961929
0.14626974
0.19241653
0.076555833
0.066592234
0.059766043
0.0010237745
0.023104346
0.21553341
0.14448403
0.11100497
0.12085727
0.05836853
0.18192137
0.04227726
0.19054783
0.0087223032
0.085303487
0.11993048
0.10317225
0.18520044
0.11800333
0.17181759
0.0036716142
0.001189093
0.0049081354
0.028526874
0.13100047
0.008439702
0.1982775
0.18849847
0.053477349
0.12039476
0.020850108
0.011745705
0.13739621
0.067631815
0.052755848
0.13442412
0.019892295
0.073258463
0.045433677
0.059811899
0.10359556
0.04576698
0.061462301
0.18516005
0.057792672
0.078085217
0.16238149
0.0014543797
0.12589662
0.12302297
0.18968836
0.059351633
0.0013848443
0.17927097
0.0015448762
0.17742845
0.21545658
0.015243186
0.099734436
0.098020145
0.16220899
0.062161911
0.07563714
0.15264555
0.12527246
0.08607832
0.088790189
0.0069082276
0.15959443
0.024953136
0.084533318
0.11540219
0.0085595126
0.0073665676
0.049056752
0.11390834
0.13424544
0.023743586
0.077213032
0.031980794
0.13019321
0.081840652
0.10435364
0.12517559
0.040409176
0.10713684
0.092307735
0.035297593
0.036955824
0.18115594
0.086469836
0.133258
0.03502917
0.1874116
0.13756433
0.1478023
0.14972793
0.013003424
0.066710987
0.028272789
0.09095956
0.11140278
0.13399551
0.10670382
0.079427744
0.0091026093
0.078821734
0.12215017
0.032296506
0.10390981
0.19255842
0.032303601
0.16999128
0.051836084
0.096594828
0.050321933
0.020114757
0.11135406
0.041927694
0.028682276
0.096049595
0.13768979
0.12073312
0.036060232
0.026991677
0.13110783
0.13312457
0.10499045
0.046622236
0.12291857
0.0626678
0.17253508
0.06067702
0.022275071
0.11245939
0.0013144533
0.016555791
0.18417352
0.020865745
0.061849927
0.14834663
0.20441334
0.11921967
0.04028652
0.19911299
0.0021518666
0.12388247
0.0079158068
0.10419668
0.12882289
0.017842337
0.10080346
0.006732195
0.21527466
0.035951041
0.023494089
0.1074417
0.097259327
0.17881322
0.18533714
0.20352026
0.066096492
0.20804911
0.16861272
0.02555186
0.061065908
0.047079487
0.14872127
0.098312283
0.11105873
0.095844218
0.06048422
0.13129301
0.20041347
0.14447112
0.060492868
0.20108523
0.17893693
0.21216363
0.016693491
0.042801581
0.047803877
0.1250428
0.014941244
0.060001047
0.015536831
0.20797918
0.18932509
0.14214463
0.18403107
0.14549476
0.13968051
0.0076445161
0.083814016
0.17905061
0.099302261
0.11993923
0.024293745
0.087320175
0.10691049
0.19470648
0.0013063568
0.17380359
0.181342
0.12565632
0.10731652
0.040067734
0.11464935
0.16969184
0.10625273
0.11382548
0.047511712
0.19258747
0.02805064
0.014827482
0.076290129
0.011962582
0.088396005
0.13810661
0.0074656709
0.17697197
0.17032458
0.077800989
0.1629725
0.05164791
0.10681548
0.16561776
0.0094049581
0.17388412
0.093015678
0.2015894
0.016025195
0.17552997
0.078971497
0.19474028
0.028626815
0.20840493
0.048491201
0.058745276
0.10621556
0.071143752
0.19588849
0.069120849
0.10135305
0.039985107
0.038661739
0.133207
0.11471913
0.042743799
0.0054936863
0.0011989565
0.20659496
0.11874398
0.13160314
0.084992282
0.0098537356
0.03555145
0.058427991
0.0049071682
0.173531
0.11010618
0.18038515
0.12464781
0.15176293
0.047875264
0.19386223
0.11572995
0.037139662
0.18514457
0.024010877
0.093774797
0.077045252
0.0012050836
0.0013653004
0.17091698
0.19358319
0.099007035
0.018211928
0.19183199
0.20867994
0.00097668341
0.066980205
0.11408247
0.028806477
0.083949691
0.03092657
0.18183437
0.0014716127
0.05042898
0.040186927
0.090099728
0.1153217
0.02232411
0.12905436
0.13109555
0.16570843
0.064995024
0.0011191733
0.10792241
0.21528526
0.1626948
0.14548528
0.039676123
0.021232086
0.10639473
0.020930278
0.16701274
0.0016972167
0.091729008
0.0042352381
0.0007312868
0.10894614
0.16654669
0.039018048
0.18740868
0.21531528
0.052107877
0.0066539373
0.16271018
0.049146042
0.16430738
0.18286501
0.13899071
0.13191851
0.13591698
0.0054515739
0.13284934
0.092016742
0.018367634
0.00032378078
0.20720104
0.052978473
0.034236205
0.1931888
0.14622332
0.084032577
0.01675951
0.11698047
0.069536393
0.10814448
0.11958153
0.0015045751
0.067165688
0.10537294
0.029944863
0.053202879
0.1277032
0.15316866
0.03854189
0.18485408
0.0959466
0.071624145
0.03652582
0.028479303
0.065945257
0.0044002528
0.066381853
0.09687684
0.0014121996
0.13244938
0.15240953
0.017311154
0.11400485
0.17940444
0.11763633
0.00094794495
0.1463578
0.070600631
0.029623335
0.20709182
0.08171834
0.082748087
0.060608182
0.12902048
0.14457387
0.00086602151
0.12225222
0.032812613
0.20380432
0.13850999
0.16469722
0.2067467
0.18504835
0.023280013
0.17818032
0.060137041
0.055386084
0.13440346
0.019781338
0.17105114
0.12070461
0.173993
0.070290013
0.21548134
0.20738641
0.089349083
0.15622823
0.09138397
0.17587534
0.11910837
0.029377589
0.012622929
0.031819262
0.080433207
0.1000097
0.071710804
0.10857158
0.083857511
0.03259849
0.13497937
0.10936305
0.0013153902
0.16415275
0.15626457
0.15446532
0.15033259
0.12076891
0.016478792
0.063911345
0.095406577
0.034124029
0.1455199
0.16354858
0.12312991
0.075506553
0.21529656
0.018146668
0.13211728
0.088151459
0.032658851
0.14908719
0.14355509
0.19120427
0.14835433
0.13453565
0.1307762
0.18783702
0.035369566
0.077641918
0.043659314
0.12075427
0.12091343
0.030049468
0.000667441
0.024841969
0.12489786
0.018610435
0.1388766
0.0011581601
0.02446984
0.18252795
0.21507443
0.054958347
0.079276103
0.17701097
0.16832538
0.21547177
0.07960783
0.053419841
0.026249724
0.094208914
0.17524201
0.19026223
0.013289419
0.12711774
0.06910615
0.011804969
0.0075722501
0.04014292
0.011297966
0.019392338
0.0013526972
0.085352758
0.053142657
0.12447513
0.13257093
0.10635972
0.14217988
0.060200275
0.10133737
0.14424048
0.039521951
0.032734131
0.049190545
0.054800062
0.084444295
0.072246981
0.12390885
0.084183813
0.14179286
0.019774303
0.19844749
0.029597575
0.17761188
0.20928195
0.18274623
0.19473946
0.069473236
0.040190532
0.050414914
0.0007040727
0.0082893723
0.037235888
0.0085664793
0.015745442
0.039844424
0.18715991
0.085788389
0.079342248
0.20676383
0.10985033
0.18252875
0.10657515
0.13734262
0.1076645
0.15930296
0.056668577
0.0589579
0.10000193
0.15227121
0.19109967
0.093777036
0.0013375677
0.058595512
0.11117801
0.00077250834
0.092734801
0.1182031
0.087074409
0.17496998
0.11826943
0.093059069
0.11331788
0.14190416
0.17071038
0.21544675
0.15429417
0.022290444
0.079182113
0.10813168
0.086207236
0.10297405
0.020451642
0.10416138
0.077518797
0.071119484
0.021809033
0.044389663
0.03227748
0.18742897
0.066375382
0.0013689847
0.072903915
0.071414599
0.063281432
0.19840286
0.011820442
0.17147794
0.023857195
0.1977073
0.12639544
0.17447587
0.10041939
0.080794174
0.20229431
0.17690328
0.079241531
0.1414377
0.09415262
0.1194642
0.091920584
0.087552548
0.20083738
0.17194511
0.05154375
0.052746932
0.081504538
0.070257284
0.097426678
0.20141754
0.10320695
0.020619133
0.19654632
0.00086181956
0.15084295
0.082118113
0.19786072
0.10700537
0.035037299
0.079849975
0.094601541
0.18044731
0.050725686
0.19071277
0.043474588
0.049794441
0.13332723
0.056870641
0.034202485
0.023958847
0.027766839
0.10672776
0.15355184
0.13700858
0.021374978
0.13136922
0.084901367
0.08765594
0.09462666
0.14838286
0.1599335
0.039773055
0.10956509
0.15834338
0.1170463
0.088031669
0.14960602
0.079330399
0.082844736
0.071259576
0.14694675
0.047569326
0.094805483
0.038033623
0.099782732
0.19645935
0.062043968
0.027069061
0.036185626
0.16755981
0.12078612
0.19245393
0.16258772
0.018715191
0.19982322
0.13339981
0.077555036
0.042459232
0.17905559
0.11265599
0.022160154
0.051550977
0.20046105
0.1443793
0.035352096
0.034411534
0.16717265
0.18287459
0.052220627
0.12152878
0.20018908
0.091435014
0.015297916
0.12753369
0.011643874
0.10778382
0.053081941
0.19593554
0.18284399
0.18250451
0.20870014
0.17719693
0.16698003
0.044838045
0.2017497
0.13232431
0.14657355
0.039048101
0.026810157
0.21528697
0.098389116
0.057043284
0.048160437
0.16344414
0.089792653
-0.00061598732
0.017948399
0.13858039
0.034705187
0.025758492
0.21564519
0.16165186
0.1486258
0.03303766
0.016056225
0.085700995
0.15168127
0.11408679
0.088377714
0.027898159
0.19248382
0.19930363
0.10147488
0.024455893
0.19550444
0.19961288
0.1580889
0.072558258
0.21548279
0.070042509
0.16504061
0.057981012
0.05515361
0.13329034
0.18184178
0.038514475
0.14942282
0.082005465
0.15524418
0.05703446
0.15682535
0.028059591
0.14866093
0.03061139
0.16270921
0.098287571
0.0069517588
0.17478159
0.10989127
0.20488268
0.20401719
0.020495379
0.14976913
0.2151692
0.14993602
0.19718454
0.044120753
0.0017266205
0.19535909
0.047106974
0.03113437
0.21408422
0.074847597
0.0031673319
0.1006771
0.15269135
0.1119279
0.094242164
0.1783864
0.033909306
0.057610139
0.074817367
0.21572256
0.027805832
0.16658082
0.0030495613
0.17720385
0.023798803
0.018676107
0.061077607
0.00064485777
0.19283782
0.10329118
0.11422821
0.15465391
0.096189078
0.00087890799
0.0067152104
0.16863459
0.012242694
0.004822655
0.15124243
0.10321109
0.12939978
0.17344734
0.12220885
0.0083678681
0.11854047
0.13270326
0.099618737
0.094581606
0.10810847
0.11064234
0.029116097
0.088526591
0.083039412
0.036256865
0.032437738
0.051082089
0.20699988
0.19469974
0.14355603
0.14151897
0.022513476
0.17808783
0.0049349596
0.079375956
0.18021353
0.0034092446
0.024496246
0.17425187
0.14736504
0.13290623
0.10264397
0.19793169
0.056665798
0.091463787
0.17167264
0.11404736
0.14411595
0.13980801
0.1700739
0.045208674
0.049941248
0.11128101
0.17602046
0.00083805916
0.11719291
0.041554378
0.1665194
0.046842676
0.17718773
0.072647584
0.16861033
0.20301945
0.069393633
0.0010817311
0.10737636
0.18432811
0.15959105
0.18551165
0.18718344
0.040045972
0.099328414
0.16172994
0.21539924
0.18972701
0.19004394
0.056945031
0.083940923
0.17727267
0.10605512
0.039832937
0.18613991
0.12940404
0.098820099
0.020327942
0.030667961
0.0065152397
0.10023486
0.15624461
0.023851593
0.20407356
0.11817901
0.19404661
0.02427867
0.13733381
0.093819411
0.0011925428
0.11092833
0.17847428
0.21545
0.02788116
0.19366363
0.05069601
0.056060589
0.071940639
0.10274042
0.067991512
0.001126858
0.14768367
0.18185527
0.046625982
0.13503035
0.066958691
0.04448207
0.15171567
0.14736978
0.14386973
0.16669771
0.19637846
0.13612743
0.087702872
0.19957391
0.088135597
0.12402326
0.17696368
0.067632861
0.003887762
0.11896916
0.037858279
0.149213
0.11052228
0.087895635
0.028247717
0.13581195
0.12258009
0.16867014
0.19123228
0.087175268
0.001168583
0.10697466
0.068618621
0.048303916
0.056115812
0.15309656
0.024979503
0.02150358
0.082480194
0.0010061147
0.052548928
0.026511315
0.11030006
0.074036337
0.15648682
0.12724158
0.17126358
0.15309176
0.12299848
0.074132089
0.042713831
0.05797753
0.11814295
0.21528177
0.10594618
0.030191802
0.19666492
0.19128426
0.068502236
0.12692161
0.044445884
0.14017297
0.18032985
0.1973058
0.074068302
0.048810048
0.0087907818
0.11407583
0.13168195
0.15018887
0.1293288
0.12802802
0.094294031
0.0035686527
0.057594885
0.14779174
0.001059899
0.2001508
0.062525839
0.16032642
0.081958603
0.20284923
0.11757725
0.094467217
0.15553287
0.15093942
0.029553947
0.13046324
0.20585975
0.071036773
0.059409159
0.00094881731
0.035714315
0.19729619
0.0047769736
0.031471219
0.013506671
0.041771229
0.080145508
0.095737882
0.10652123
0.18095598
0.14439834
0.15865189
0.21524316
0.009107521
0.13874553
0.18628793
0.057346106
0.11570391
0.2153857
0.077663015
0.022426851
0.060526363
0.097233267
0.094164874
0.072871456
0.15816739
0.10431995
0.020586546
0.21587064
0.043410602
0.059487787
0.060459101
0.0035598276
0.17427078
0.11381208
0.079151557
0.056343268
0.050906436
0.16796827
0.049412959
0.066325717
0.0011518448
0.097054284
0.16244142
0.11328472
0.086855032
0.18053248
0.0084409555
0.14500741
0.10992477
0.17819305
0.096996333
0.079350079
0.061439138
0.14762864
0.14703174
0.017575235
0.019227611
0.14965631
0.12949408
0.016253777
0.14687894
0.01702216
0.036597462
0.02573275
0.15547837
0.15371245
0.069460259
0.06358449
0.037919185
0.0087807384
0.13600743
0.10617977
0.079389595
0.11092819
0.12610752
0.11557636
0.096549555
0.099773203
0.09663426
0.096439356
0.079693199
0.13366772
0.12358141
0.1399893
0.13564457
0.035284013
0.16401592
0.093234046
0.0051379636
0.098276265
0.15271777
0.204991
0.11580257
0.052941393
0.15988204
0.10954504
0.13102704
0.10167075
0.020385851
0.15417813
0.19347348
0.19192035
0.21369239
0.10585302
0.15587687
0.18787862
0.075959286
0.079368812
0.19270239
0.066813552
0.086507686
0.13837164
0.14791562
0.085980253
0.050606825
0.028209764
0.083543893
0.018267061
0.15570321
0.054573557
0.18299417
0.1827927
0.19945933
0.028461502
0.025754525
0.02699704
0.2043597
0.15532474
0.014819842
0.084592741
0.067940331
0.084258194
0.072898613
0.063279964
0.13507032
0.020053289
0.038333567
0.17598425
0.019308518
0.036565166
0.19421091
0.043827215
0.11435409
0.13242759
0.083410125
0.1378459
0.1845993
0.077184274
0.025380453
0.12559208
0.00077931042
0.11068293
0.036003607
0.00088764759
0.13209247
0.029531798
0.12680179
0.021902312
0.088025249
0.064268715
0.12969943
0.067693915
0.12567107
0.040613144
0.13746293
0.10811919
0.015287388
0.152159
0.11863106
0.085162556
0.01838742
0.19559886
0.11124352
0.076728107
0.028327602
0.0083309908
0.17377026
0.1411947
0.12654942
0.17425192
0.14403387
0.16409357
0.094559567
0.092402377
0.11739651
0.1557253
0.19238976
0.0084445786
0.18231353
0.21279229
0.086665828
0.11854857
0.14827818
0.0072138998
0.061902121
0.16603987
0.014908505
0.066310995
0.11765452
0.058794126
0.1339768
0.13378471
0.098185983
0.011571654
0.066180259
0.13913036
0.17902669
0.17791794
0.09571356
0.11085744
0.20696829
0.060542526
0.037556625
0.088933066
0.14079913
0.044712182
0.21244192
0.13489482
0.050749237
0.18755441
0.05829519
0.10443584
0.12408946
0.065059588
0.11449913
0.019094652
0.054761319
0.11230422
0.086330715
0.092936599
0.10356065
0.025516684
0.10938439
0.15141812
0.13738526
0.1063674
0.030238907
0.11250256
0.18318125
0.10667352
0.12682367
0.12333857
0.025097015
0.12724942
0.056883681
0.018571424
0.014147952
0.15061402
0.1024795
0.024972302
0.044811553
0.097357335
0.073974105
0.18880741
0.18484541
0.19276282
0.083915568
0.15591465
0.13479391
0.21544141
0.080642806
0.19278202
0.19073578
0.20745124
0.11505634
0.15314526
0.1315029
0.050551939
0.15758103
0.16876788
0.096459944
0.058257781
0.161381
0.19970595
0.12908259
0.073648107
0.13416751
0.0411579
0.11388225
0.077742631
0.21469682
0.024524255
0.12721173
0.13054201
0.058885926
0.098145516
0.18527306
0.14096366
0.018859882
0.025609038
0.043706421
0.095337723
0.1295542
0.21537938
0.023312955
0.034103089
0.10739179
0.14303835
0.038013361
0.0072415343
0.18487403
0.1250442
0.029513347
0.20749005
0.04362714
0.13448108
0.13238213
0.15466155
0.00082630508
0.10818812
0.19628398
0.050947633
0.12991754
0.03490323
0.15324535
0.15403308
0.0095157815
0.17392894
0.15468955
0.15733658
0.057964362
0.0072501404
0.085608176
0.010533263
0.066522394
0.21424673
0.11892331
0.11670622
0.03236778
0.14913844
0.021848847
0.1382029
0.036211921
0.16592639
0.00097726523
0.21517634
0.16343665
0.13734548
0.05323916
0.077017863
0.1145603
0.10806139
0.21574171
0.023794364
0.032839861
0.074067089
0.21577426
0.00086346266
0.21556474
0.014432219
0.052182146
0.19807647
0.18689693
0.053615401
0.17753112
0.14583621
0.08474685
0.083453279
0.13007514
0.031590395
0.044965215
0.14736733
0.17817187
0.032365145
0.12835344
0.19206624
0.16242473
0.14926718
0.20001992
0.083773
0.11697357
0.034578575
0.11506267
0.026834063
0.17815714
0.11707595
0.07993053
0.017358182
0.05321984
0.052226945
0.1627819
0.074868594
0.11699185
0.023646349
0.16259659
0.17564027
0.12054183
0.12787684
0.021939783
0.17016265
0.18922003
0.030264999
0.042041352
0.083584751
0.13611841
0.040522091
0.044829839
0.21545069
0.031510616
0.072655382
0.16434959
0.023369212
0.044086544
0.19013304
0.19501554
0.059749253
0.16357809
0.02336973
0.14979251
0.004192835
0.11397808
0.20538072
0.13416332
0.2042491
0.046295089
0.14763789
0.11704879
0.026812111
0.10387509
0.1590233
0.12512928
0.066540257
0.054188052
0.14754407
0.18232795
0.016226435
0.020200961
0.19593234
0.13812314
0.13825065
0.15585181
0.051001413
0.037212536
0.020347515
0.023883109
0.065393855
0.21543089
0.20724454
0.023610461
0.072352352
0.18743149
0.13218097
0.16548218
0.19481649
0.16259991
0.10393013
0.21550484
0.045894143
0.1296844
0.15311033
0.17141027
0.0015529244
0.16345964
0.046286643
0.1798222
0.057946456
0.1826263
0.022612423
0.16158104
0.17567635
0.13310492
0.020204338
0.15290294
0.17790697
0.13445179
0.21538059
0.052622114
0.016155174
0.039407215
0.092390574
0.17766708
0.11790679
0.11823832
0.047085288
0.12507928
0.02099902
0.15055404
0.04902866
0.040316693
0.028791821
0.042940563
0.13226322
0.056923354
0.08530811
0.13704405
0.058289005
0.12138792
0.031761743
0.080097166
0.088009315
0.2018187
0.038689732
0.049929773
0.0075452886
0.1402294
0.18468937
0.040654064
0.032086958
0.2020724
0.012488339
0.077408056
0.20047257
0.07286635
0.040664729
0.033349569
0.042487279
0.00089590417
0.045958028
0.05173932
0.11326289
0.0085363135
0.040174891
0.0075936312
0.081865573
0.21539429
0.11425804
0.15351178
0.0069779026
0.1096834
0.028911532
0.1276757
0.074159896
0.21412349
0.057547446
0.089110636
0.0014725743
0.018259321
0.026511296
0.069318864
0.065232175
0.01123519
0.1662987
0.18498435
0.16602039
0.037183717
0.092975405
0.19787453
0.15913612
0.15755071
0.19972999
0.12423322
0.040777589
0.2154283
0.13391212
0.14588762
0.093671443
0.011065191
0.08822912
0.028669079
0.20263555
0.10552969
0.18696428
0.0008885685
0.04184154
0.089983959
0.0072477499
0.21276319
0.19894852
0.086503244
0.042764093
0.019035263
0.13731269
0.0616974
0.16557866
0.093104769
0.0095333988
0.12043785
0.026666287
0.21531615
0.1644981
0.17190839
0.10529816
0.16504201
0.081592081
0.047732607
0.1720383
0.13144898
0.070189026
0.11678533
0.10075269
0.18953563
0.035959508
0.069848231
0.073518835
0.094134969
0.11692743
0.041930527
0.20254857
0.062468187
0.039800028
0.18622805
0.092807127
0.13139743
0.067648738
0.078326569
0.20227976
0.14856868
0.035863014
0.090964447
0.014235107
0.10020546
0.21154735
0.19118131
0.080312669
0.057465702
0.014514826
0.097931198
0.018758986
0.17868668
0.051779549
0.035342205
0.036262488
0.19329264
0.018073834
0.17991656
0.081499728
0.14521577
0.063973264
0.027909208
0.12023411
0.029954454
0.035207902
0.12504479
0.16591514
0.098623164
0.12849221
0.027183368
0.10629087
0.18875868
0.048602596
0.15049445
0.1628217
0.14121772
0.15907881
0.12025279
0.051557871
0.058113913
0.17767886
0.13028718
0.11291013
0.015510146
0.089955678
0.15774372
0.12967457
0.040055879
0.067311805
0.10279573
0.20194214
0.12407262
0.14349759
0.19075492
0.026973818
0.13645729
0.030558139
0.034378265
0.11091566
0.07933315
0.10443747
0.086932351
0.024936538
0.013324083
0.040099129
0.067806738
0.13758249
0.068662847
0.0082310941
0.03048913
0.12479298
0.15010841
0.19658562
0.090379212
0.11822512
0.0013257612
0.1356825
0.187182
0.12690076
0.11102454
0.17780348
0.14317058
0.098362321
0.1770946
0.10013459
0.089567419
0.11950845
0.037789384
0.043485181
0.20282317
0.043177484
0.086355824
0.11559832
0.0015710947
0.0065126589
0.11581444
0.085950239
0.093578385
0.00094516803
0.028988254
0.12812466
0.00072904566
0.095163671
0.19783302
0.1818034
0.03415521
0.030558438
0.051695016
0.048151148
0.061264758
0.12835726
0.15601563
0.058434769
0.074144695
0.16100986
0.051105654
0.066673045
0.058688598
0.073917102
0.049999325
0.21564784
0.014403665
0.09728954
0.01918422
0.015423299
0.032132773
0.10593706
0.0015013322
0.1583134
0.099776077
0.001502417
0.06481443
0.18016406
0.087392905
0.086305441
0.2019596
0.15871132
0.055709658
0.15948328
0.073170067
0.13139989
0.075051094
0.12599152
0.10425279
0.0088919617
0.059100353
0.083513965
0.15647875
0.069456047
0.061067362
0.05028518
0.15332647
0.17696663
0.012920993
0.021850219
0.16827332
0.14171604
0.17240589
0.088294576
0.17994328
0.19992939
0.098606983
0.034430635
0.049890798
0.0865369
0.096320215
0.10502348
0.010361976
0.0015297668
0.073420058
0.053938674
0.21542233
0.092557225
0.051973078
0.054704848
0.061216626
0.10508365
0.19485546
0.12328019
0.070560565
0.049760598
0.053316258
0.067566481
0.15537869
0.14677756
0.099767255
0.14514162
0.15481413
0.12204177
0.16157312
0.21535767
0.021596243
0.20126306
0.050326845
0.20148007
0.20206931
0.091286058
0.042437907
0.18375891
0.12542846
0.11269334
0.097402495
0.13156834
0.19576828
0.060533028
0.00060059755
0.19547731
0.1850057
0.15822846
0.026522034
0.20215821
0.15105198
0.0014232409
0.08411018
0.0665681
0.047300703
0.083993963
0.1545405
0.057724088
0.12583125
0.11090613
0.124842
0.0015059785
0.15614939
0.11807082
0.070770472
0.057960509
0.082507112
0.077190454
0.052474551
0.0036700435
0.024462267
0.20659008
0.027831922
0.19803807
0.11781438
0.035583875
0.10524626
0.21359028
0.001033247
0.15829687
0.062758679
0.10009698
0.12100772
0.061792568
0.16842518
0.13162929
0.11960121
0.09859503
0.11166518
0.10348042
0.15132827
0.18287877
0.065194516
0.022599666
0.11590025
0.12550636
0.034837689
0.19086249
0.17344661
0.16625879
0.17889186
0.018140436
0.0080606476
0.0065666343
0.095493479
0.072371172
0.064888945
0.11227915
0.00052124174
0.08569934
0.21536397
0.21552015
0.14033727
0.06945514
0.12188463
0.16418133
0.19742285
0.12320044
0.13518326
0.10398624
0.061026588
0.068941539
0.0036406782
0.13508244
0.19496353
0.14911305
0.087198655
0.13955821
0.21556173
0.045908845
0.047413669
0.21547935
0.097144785
0.072297842
0.084081799
0.045389031
0.067739209
0.1557582
0.10381602
0.13895991
0.019064215
0.056056039
0.0031537714
0.15844622
0.013532032
0.19368268
0.15130245
0.12760384
0.16848316
0.10510626
0.098118404
0.062573819
0.024555501
0.047874565
0.1556651
0.13983983
0.0099370703
0.011156561
0.084023528
0.20051788
0.096794558
0.15210955
0.21567969
0.07414712
0.08355147
0.13605822
0.029662407
0.13467809
0.15811829
0.21566556
0.19802767
0.095682879
0.17804297
0.087204903
0.17108587
0.010943645
0.037398645
0.00064894529
0.018009256
0.18830163
0.068360092
0.13138484
0.12476883
0.080284193
0.00081487709
0.14113014
0.0075200213
0.092936714
0.12291913
0.10461583
0.1058426
0.12506989
0.19436431
0.15497395
0.097257313
0.087687856
0.14819661
0.10697882
0.12940413
0.0068237676
0.00032013605
0.042191327
0.19962113
0.19766339
0.078393213
0.048768458
0.14175116
0.15729462
0.070901122
0.0239768
0.19389579
0.17111975
0.14718116
0.091870504
0.15659717
0.10521942
0.087687272
0.052167207
0.020721501
0.15130757
0.10954035
0.1228955
0.09715677
0.044675712
0.073395435
0.16828444
0.10067313
0.0011929565
0.215407
0.18429163
0.092994683
0.17818576
0.035863725
0.13068468
0.1387747
0.10997704
0.004680523
0.13104291
0.13842476
0.14830384
0.077385233
0.12814493
0.051622249
0.050288355
0.011419912
0.043596855
0.15629721
0.069466054
0.034715541
0.09123558
0.13035881
0.015473678
0.037880452
0.12539719
0.026664818
0.13058407
0.036509862
0.13290907
0.013358526
0.19987713
0.19986671
0.2000786
0.19823008
0.061952663
0.083748386
0.19491544
0.19434966
0.072726109
0.053206589
0.17137579
0.0014393921
0.16921704
0.040732478
0.069562892
0.069923524
0.10959088
0.030098626
0.16089856
0.11567881
0.21396096
0.06737075
0.12307419
0.18782993
0.18195457
0.18020251
0.029419111
0.1299906
0.034034592
0.077389553
0.15958304
0.032451824
0.17821505
0.1994343
0.089282279
0.015369673
0.066934771
0.13853458
0.0010888711
0.015599762
0.061624638
0.015623361
0.10206197
0.083502418
0.17089572
0.14903935
0.12190214
0.063403386
0.10392298
0.1499227
0.08351932
0.028163773
0.054421565
0.20041259
0.025733577
0.12448199
0.11281663
0.060165075
0.042357418
0.0092302149
0.091106485
0.10636986
0.054323502
0.0055628146
0.11742381
0.20267225
0.059018826
0.17261559
0.1118335
0.057733609
0.15570681
0.14674293
0.018014872
0.15179093
0.15216362
0.19059488
0.061024051
0.01326373
0.068904302
0.15609909
0.10996389
0.10464204
0.039447719
0.18797721
0.16379038
0.15620565
0.21531491
0.13826358
0.20320085
0.04556186
0.029826443
0.080584049
0.16669699
0.0080161993
0.090344213
0.054371579
0.056896562
0.093733961
0.035911837
0.20882537
0.026917081
0.19218718
0.035085432
0.20613984
0.071110152
0.17383567
0.039030658
0.070287441
0.20329871
0.11982869
0.084965582
0.095155308
0.18767205
0.016040664
0.18163139
0.00089998378
0.097357058
0.15714033
0.17553924
0.13385541
0.13540332
0.093493721
0.20638837
0.16328427
0.18644749
0.056224182
0.17835829
0.077372691
0.15822274
0.080912241
0.048718259
0.018705028
0.062849244
0.035818312
0.1769734
0.12167255
0.19524283
0.084583278
0.15185838
0.1322243
0.0041749424
0.022529471
0.17776167
0.018202735
0.20717745
0.10617907
0.086560673
0.073732845
0.12281887
0.15269236
0.12033748
0.11235956
0.064538656
0.039975144
0.035957335
0.020744251
0.12029132
0.15685609
0.12645669
0.11091747
0.19813903
0.14968949
0.20382744
0.034677122
0.083876659
0.086431498
0.083366601
0.10431081
0.16889625
0.15101037
0.00084469665
0.092238076
0.15250637
0.089004987
0.20661816
0.069120451
0.0019058691
0.027000386
0.092007499
0.056328958
0.076971526
0.075060527
0.022956724
0.13174047
0.042753135
0.00093634504
0.14234689
0.14564543
0.2156571
0.063448014
0.11733243
0.010270867
0.090345986
0.17373064
0.05409325
0.13186416
0.089933877
0.082234889
0.091009148
0.15884933
0.086283839
0.039969591
0.11184439
0.094334487
0.13207038
0.062183493
0.1925669
0.215273
0.040742924
0.087894665
0.074415628
0.19246169
0.16071505
0.18953063
0.00072970382
0.039586857
0.067963171
0.14078017
0.10815254
0.1839827
0.19202455
0.17368784
0.013608328
0.099138103
0.0014168433
0.026309913
0.090421824
0.089534064
0.14061209
0.12060874
0.14799477
0.011121848
0.093595818
0.097338699
0.11406545
0.11564633
0.14440587
0.1964788
0.054898883
0.0013752853
0.018587852
0.0014467982
0.17880705
0.068470528
0.19174749
0.14159936
0.075688481
0.07243109
0.20834247
0.069041618
0.19894645
0.0052114994
0.13449915
0.19230976
0.043311967
0.015837378
0.046477563
0.011038127
0.039751413
0.047882417
0.01213456
0.1175195
0.2152646
0.19256196
0.18435407
0.050552351
0.042073503
0.13746781
0.19092869
0.15759708
0.030002368
0.051752453
0.001311311
0.053932523
0.061578299
0.15489325
0.0035209796
0.19966557
0.042227232
0.028564238
0.039580589
0.21543607
0.0056348413
0.092018798
0.14617398
0.15352297
0.19901743
0.09389966
0.063343899
0.011994804
0.0006913897
0.21547905
0.10230756
0.022718613
0.12184706
0.18126472
0.20342503
0.044321531
0.050588223
0.12571619
0.094146744
0.026279629
0.00083161727
0.18194501
0.082053623
0.12921357
0.19101234
0.16483284
0.16578843
0.051399532
0.019975452
0.08836368
0.021966354
0.065869676
0.014960464
0.1724798
0.090717236
0.12814514
0.19211885
0.0037365464
0.012160821
0.19770996
0.20478494
0.067740241
0.06657336
0.12164777
0.00045274776
0.20515468
0.18222684
0.094309899
0.030597644
0.0014910363
0.011894704
0.19389348
0.044813207
0.15780065
0.10825594
0.18886485
0.09033497
0.17858674
0.0050608587
0.053441347
0.12951096
0.098580296
0.097678274
0.14776439
0.01806812
0.12494952
0.17928677
0.21529392
0.13439149
0.049011986
0.12506316
0.13200395
0.14658759
0.12216635
0.20732453
0.15777211
0.17494241
0.084999305
0.19940167
0.17272208
0.17230614
0.20540156
0.10856712
0.064914396
0.038516866
0.092858282
0.1527002
0.14066259
0.0143508
0.086082609
0.17108538
0.18491763
0.072797182
0.17554991
0.17969274
0.014140907
0.026530442
0.16752496
0.027348423
0.014306225
0.19461281
0.03825373
0.13044124
0.16866868
0.067451626
0.080752718
0.11283466
0.037155637
0.046126697
0.036674324
0.20045995
0.00086516574
0.18630541
0.089150828
0.17262171
0.1656362
0.10773539
0.16355708
0.19112153
0.037111366
0.00090559383
0.21541612
0.032833336
0.021238814
0.069692143
0.10263862
0.11208623
0.16432026
0.16801969
0.014610374
0.049319704
0.13855746
0.087326199
0.022006072
0.051818261
0.046176802
0.092371862
0.12492075
0.044583218
0.095490287
0.0013189402
0.067773476
0.042959402
0.071403411
0.060802067
0.17687277
0.065506484
0.19526762
0.052353002
0.087731368
0.14207028
0.1826307
0.19827722
0.067818327
0.05821441
0.092668769
0.17392146
0.12430797
0.046182426
0.030627386
0.057438429
0.014974443
0.094746791
0.13896712
0.04378796
0.20310574
0.12745737
0.2064024
0.13345827
0.19908493
0.13845366
0.098514077
0.13415685
0.1216658
0.14125912
0.19110186
0.15656208
0.16420047
0.032817217
0.10313247
0.0050279451
0.082907724
0.15460273
0.13494183
0.014599678
0.12748253
0.12326723
0.024807833
0.088095703
0.040597698
0.029998281
0.090162834
0.096407004
0.16579512
0.068007114
0.21538405
0.18010278
0.12454653
0.093552127
0.12055381
0.18600543
0.057851252
0.03076983
0.069512822
0.082054541
0.09299354
0.1489764
0.17170541
0.17901182
0.11714649
0.11289009
0.16259838
0.15879435
0.18118814
0.15007335
0.09662253
0.068076506
0.10050016
0.090719568
0.050770168
0.18471001
0.14050243
0.028860898
0.039762468
0.18359193
0.00034452087
0.18843479
0.028168054
0.0093986666
0.14882418
0.13361083
0.1078446
0.13787016
0.21563235
0.0091988427
0.14550486
0.030860716
0.080835994
0.014038776
0.19103137
0.0089498718
0.079233291
0.037053854
0.15111178
0.0090922257
0.0052320828
0.084020177
0.14782996
0.064691549
0.056800766
0.023481599
0.19398513
0.18729104
0.14407287
0.20374853
0.082746023
0.076005263
0.14508988
0.12320056
0.044944369
0.10162938
0.073057344
0.079611394
0.16159182
0.043988279
0.18383861
0.02901741
0.015141293
0.20084283
0.089660536
0.20158189
0.071313565
0.14143427
0.069394095
0.069330975
0.14730834
0.032516414
0.19094055
0.12425584
0.085645303
0.059616613
0.034974728
0.10966144
0.0075925714
0.081271239
0.098007304
0.05803461
0.15125295
0.15794643
0.11255334
0.033416764
0.039055216
0.10047277
0.032189845
0.20062398
0.055462775
0.007513981
0.018306965
0.12982961
0.15306791
0.093551855
0.071094337
0.020396688
0.20201147
0.022555301
0.068951279
0.20731019
0.04859745
0.17120214
0.071368425
0.1937183
0.060350835
0.069061643
0.023932489
0.10043926
0.14462504
0.091208329
0.19629377
0.0089167381
0.16747749
0.1140123
0.027718437
0.082215229
0.20140915
0.20922022
0.15817624
0.0011178388
0.064025535
0.019580209
0.0902062
0.085798658
0.0021551031
0.025094571
0.067226622
0.027354056
0.14469572
0.014599316
0.064121661
0.075185295
0.17128677
0.047814024
0.16203137
0.19320563
0.077473541
0.16631484
0.046236992
0.14093005
0.10824846
0.05597332
0.057558095
0.16580881
0.14746593
0.11808023
0.13907464
0.089495353
0.16622115
0.057671397
0.21532207
0.13605712
0.12108285
0.12971732
0.16973467
0.21570025
0.10719003
0.18903035
0.095499983
0.14086136
0.21186607
0.11206041
0.19929791
0.083991696
0.075809927
0.025063689
0.027862069
0.11067724
0.044062254
0.010779742
0.12666421
0.061233882
0.099715129
0.20905393
0.012810642
0.064852806
0.17548744
0.14659876
0.15662047
0.095289812
0.087962213
0.14462426
0.13110164
0.044834804
0.21384957
0.037648267
0.079122956
0.024635351
0.16796514
0.089621698
0.011921684
0.015590782
0.018042925
0.17288005
0.14439753
0.19126764
0.20040507
0.0091666228
0.031453233
0.014668384
0.022228891
0.08194332
0.21415114
0.10423187
0.10114604
0.092321154
0.18021399
0.051711344
0.00082549734
0.086019356
0.174807
0.042763158
0.083747889
0.04245135
0.048914771
0.035059752
0.010341765
0.068689943
0.15256004
0.04996154
0.1428101
0.13123709
0.038801302
0.18831966
0.087143402
0.1020386
0.19196323
0.097295622
0.063061927
0.01135154
0.036845334
0.04747163
0.1876108
0.18916984
0.16104714
0.085375691
0.12396835
0.047417972
0.14281688
0.10136173
0.064210091
0.20650606
0.09843642
0.11377576
0.1750057
0.1076125
0.16591287
0.18910384
0.17846045
0.12551096
0.12498508
0.0017973981
0.15127495
0.073944866
0.081448449
0.15599568
0.19690659
0.13074727
0.019809178
0.0093746877
0.18311984
0.14037253
0.17428685
0.076052019
0.083274258
0.10359367
0.077321465
0.18344358
0.18303228
0.10561526
0.096957812
0.014507299
0.098245085
0.082039267
0.090787239
0.021310416
0.054802929
0.051180991
0.13187858
0.04659263
0.091243446
0.060434646
0.21580252
0.014916078
0.14347494
0.041646043
0.15384721
0.0091766681
0.0040866456
0.036175453
0.17169499
0.054804877
0.17143819
0.087920727
0.090842526
0.081587168
0.023889921
0.063031734
0.10911217
0.11833638
0.075555771
0.1764909
0.19786236
0.19047959
0.089150939
0.00092986162
0.084924941
0.090324881
0.09839305
0.089260898
0.022499053
0.12454449
0.058255284
0.025895535
0.10722252
0.14371274
0.077200937
0.057261799
0.091609366
0.1411941
0.20546272
0.13428189
0.090185616
0.20738713
0.1184926
0.081666311
0.10843529
0.094524115
0.05208368
0.049221535
0.022200396
0.028298323
0.13009604
0.034889282
0.17491325
0.19115158
0.11545295
0.069154415
0.026641022
0.13569052
0.10771995
0.13236702
0.20314191
0.022945852
0.2156225
0.07615502
0.19067591
0.20218771
0.19377884
0.16714427
0.12301587
0.084780063
0.18745879
0.045749207
0.16179277
0.051003285
0.17126957
0.027555983
0.12065924
0.13964166
0.035010775
0.15879031
0.0088471226
0.090913992
0.13295419
0.047551718
0.095892794
0.15496953
0.17710969
0.11669016
0.188698
0.2039861
0.019923021
0.035992029
0.070621968
0.13344863
0.0011008648
0.1673417
0.19301015
0.19602307
0.20140353
0.0035639011
0.1876973
0.0019791729
0.022284017
0.087633782
0.14862649
0.032436002
0.19786066
0.14607443
0.054277938
0.054372165
0.14135927
0.019022137
0.0092617722
0.13374507
0.17706563
0.12010276
0.10345174
0.17116915
0.042905302
0.040022414
0.19419756
0.097132209
0.17533964
0.10731276
0.17219297
0.17439097
0.20081624
0.19706509
0.039118212
0.09444182
0.1097772
0.069221458
0.015383342
0.17308036
0.099957725
0.21534211
0.2073161
0.17557101
0.1834778
0.088844371
0.11243225
0.19297868
0.21577464
0.137772
0.1411229
0.086528549
0.082242152
0.14812783
0.10843321
0.029186047
0.10262043
0.098703479
0.14334351
0.10866181
0.13653454
0.19676495
0.20345959
0.009356355
0.12229189
0.12509453
0.17650256
0.19789635
0.1542945
0.10951062
0.080043607
0.087962204
0.15979179
0.19562765
0.1791348
0.074187468
0.03230844
0.16233387
0.10518055
0.12537154
0.079066523
0.20251376
0.043061347
0.21553826
0.017147506
0.09287635
0.20125554
0.076126149
0.059699454
0.0089829874
0.093859827
0.049419806
0.03084879
0.0064765276
0.010796852
0.2053831
0.078694605
0.077499523
0.19599094
0.073033626
0.021360914
0.038859334
0.0371258
0.044587288
0.13509232
0.1642343
0.074656573
0.13481029
0.1997403
0.15290719
0.041648805
0.030375716
0.028601906
0.08318863
0.10332144
0.17072618
0.072432903
0.16097343
0.17750813
0.1772898
0.12313078
0.16666573
0.15612452
0.068455056
0.0014080965
0.021718815
0.00086218844
0.1726298
0.11499576
0.11297938
0.020524798
0.086911305
0.00070152171
0.13674715
0.082715027
0.0082871402
0.16954757
0.025638325
0.21532403
0.035851627
0.11043008
0.023295838
0.20079441
0.18784159
0.088698957
0.00067143435
0.18152965
0.16483407
0.083046241
0.12524215
0.14543359
0.11397197
0.17495178
0.098333579
0.085496719
0.11261809
0.13326781
0.20747989
0.10382812
0.19415943
0.017727439
0.097695391
0.19274942
0.16033242
0.068227683
0.0052373253
0.12091237
0.11187785
0.088079103
0.042839664
0.063068185
0.12940017
0.032435606
0.032151379
0.17871349
0.12757034
0.098391907
0.12711285
0.071100798
0.056907388
0.14991965
0.11879465
0.15515983
0.16402802
0.028552498
0.14545106
0.14098285
0.20922681
0.013732416
0.084217137
0.097849334
0.015558571
0.021053814
0.18375388
0.16307167
0.093360783
0.15154764
0.18040766
0.18003807
0.060958616
0.094944205
0.078737376
0.02891438
0.19361436
0.18453842
0.19665867
0.041737478
0.048015367
0.075057505
0.15873369
0.11968999
0.13323113
0.10358811
0.11525376
0.12337563
0.056631239
0.12819347
0.098907904
0.12851207
0.10982665
0.024534642
0.21532146
0.14022678
0.11970571
0.00086905787
0.037375018
0.040018591
0.024102372
0.00093516775
0.067826851
0.047117056
0.038531568
0.13684058
0.17492584
0.18903429
0.21507098
0.099936439
0.10427729
0.02852627
0.17976367
0.089855682
0.17775839
0.11186335
0.14066197
0.10476095
0.18488566
0.073052003
0.077113472
0.03602494
0.20610295
0.10110549
0.064100743
0.11203718
0.0024828944
0.12955165
0.020271802
0.01981926
0.12023607
0.066489123
0.16757427
0.14132859
0.0014288007
0.00086524464
0.050167776
0.13207265
0.022504918
0.16365457
0.21569491
0.19924714
0.051304852
0.059458676
0.17487681
0.014818823
0.11808232
0.063306117
0.11525674
0.051850867
0.16621196
0.04826582
0.20039813
0.21518313
0.14384643
0.12087046
0.093053082
0.11271181
0.084184475
0.0014505057
0.0039323376
0.094684026
0.17335117
0.035783521
0.10206609
0.15239739
0.055151777
0.023969304
0.011884534
0.041926276
0.15012212
0.13563272
0.12191959
0.19480283
0.024744518
0.015973886
0.0075231097
0.075682015
0.12219763
0.056416448
0.14589595
0.078680693
0.076625337
0.10895735
0.027440986
0.021227802
0.090054236
0.098421317
0.05649879
0.086260517
0.1722045
0.030606176
0.13231145
0.13121883
0.20025246
0.17550721
0.075707522
0.1326349
0.1589978
0.010225543
0.05912199
0.14059304
0.088957141
0.19991012
0.21545038
0.08442129
0.00087064636
0.091640416
0.095407361
0.15815247
0.16606578
0.091051507
0.1191159
0.077970276
0.037692556
0.042874016
0.015575356
0.21285384
0.0015164222
0.16287726
0.043556002
0.12362624
0.11783368
0.022532225
0.015634603
0.004108431
0.071643836
0.050412907
0.0012222284
0.07070797
0.021223046
0.0014433954
0.061104677
0.0094748476
0.10845838
0.039738529
0.15774503
0.19131909
0.12890064
0.083109594
0.18262963
0.014585919
0.045855681
0.10566286
0.014119888
0.13464602
0.16852074
0.091718577
0.044187841
0.00074094788
0.17686746
0.046657888
0.047175772
0.13320328
0.049193694
0.17052423
0.076882935
0.050582925
0.21535044
0.0013926194
0.10749903
0.14079294
0.12299748
0.14003618
0.020510186
0.083479045
0.19960536
0.012164096
0.16652079
0.098584661
0.13604629
0.10038623
0.022417671
0.063441063
0.19187251
0.054499812
0.048245532
0.0013999335
0.043391767
0.028344236
0.061598949
0.053024697
0.05865939
0.13622876
0.010314107
0.043336399
0.022342849
0.10836179
0.19699379
0.15976645
0.042694251
0.18787049
0.03095031
0.21538649
0.18955028
0.12798968
0.001554083
0.19350495
0.064474476
0.028870566
0.040682107
0.19402422
0.20296041
0.12224181
0.0099441741
0.091502756
0.11737187
0.08312041
0.030476494
0.16444597
0.14298766
0.044191792
0.092726389
0.11341154
0.040568017
0.21536989
0.062354366
0.076385076
0.088521855
0.040058588
0.087485212
0.078616172
0.17588293
0.12250034
0.12745221
0.1127226
0.1470909
0.03923044
0.083869666
0.0584347
0.16054737
0.12131841
0.013167611
0.20018801
0.17339045
0.11703325
0.20203448
0.064743766
0.0044173289
0.051846865
0.061776683
0.18906173
0.070953384
0.12254854
0.066186086
0.1148516
0.044057518
0.04301393
0.077529305
0.18159014
0.1097732
0.21534128
0.082193922
0.20288671
0.06326181
0.207138
0.024746312
0.16257456
0.14696344
0.18560506
0.088725742
0.049275181
0.1861406
0.096638424
0.11690816
0.11465683
0.016630859
0.016403354
0.055073211
0.020184127
0.10859509
0.096062437
0.07083735
0.040306838
0.11883087
0.14999849
0.069384812
0.013838191
0.012472149
0.19899405
0.03654729
0.19585604
0.18384271
0.094659775
0.0055792598
0.036298757
0.040841666
0.12760571
0.020296228
0.1920605
0.17954625
0.11493577
0.11816026
0.065290794
0.073823775
0.12761236
0.12295864
0.073936999
0.21534993
0.19947897
0.18488045
0.20943066
0.17167025
0.21169115
0.19551775
0.015179095
0.024701129
0.12430563
0.022751499
0.20635593
0.036330868
0.090731588
0.17232327
0.1716748
0.0093839812
0.0014947997
0.14873676
0.098265621
0.092042599
0.10540481
0.10053271
0.083706827
0.060051007
0.18227694
0.033280941
0.20355239
0.037200166
0.14155671
0.18376716
0.086774694
0.082587507
0.12894329
0.0095358986
0.10038357
0.063063543
0.1559125
0.0084274751
0.10200283
0.081073233
0.13578255
0.090603962
0.19881382
0.053607502
0.192027
0.056004326
0.029586116
0.018587056
0.10999045
0.076088856
0.029700307
0.042659155
0.20131469
0.03360864
0.19043978
0.029711799
0.1460172
0.20922834
0.070399992
0.11947885
0.14669984
0.081231302
0.050269549
0.079899501
0.19781136
0.12905053
0.09393949
0.19443381
0.15570408
0.077638671
0.1122756
0.053660993
0.1389291
0.18082908
0.21415897
0.07819803
0.078153501
0.011361978
0.072657725
0.00080938459
0.17736454
0.0050155519
0.12214371
0.11464015
0.1458366
0.13511201
0.11934439
0.12327762
0.042924386
0.14239086
0.14429564
0.026182298
0.066415344
0.14123813
0.18903676
0.20053618
0.033189395
0.00080239684
0.19128175
0.01014095
0.19873042
0.044400629
0.1211177
0.093172848
0.12446994
0.18607057
0.15777375
0.19278007
0.03628389
0.10390776
0.06764811
0.15263673
0.20337351
0.1858733
0.051810215
0.012611016
0.034873394
0.21530718
0.045665144
0.003739406
0.023939393
0.099127624
0.045144558
0.077198559
0.16734549
0.025709775
0.10226731
0.1850257
0.076093767
0.099639986
0.047932611
0.085969981
0.027146592
0.063379529
0.10195731
0.18410244
0.21574239
0.10453929
0.022191225
0.086815138
0.00081820781
0.080628584
0.13297025
0.091414069
0.1329901
0.18985937
0.19322544
0.21577577
0.10737084
0.12638911
0.035272349
0.1330778
0.21534771
0.16598116
0.20520218
0.20362342
0.0040189509
0.087583343
0.1141213
0.16808377
0.15871361
0.069563857
0.038409735
0.065739868
0.072009601
0.091170869
0.1386335
0.041576125
0.00094706058
0.1940554
0.13934798
0.10069645
0.0015667185
0.17674827
0.041919133
0.10783023
0.00017605031
0.077276064
0.0011241006
0.14401072
0.10109193
0.036083248
0.18847375
0.087758647
0.0081758528
0.19210461
0.13795266
0.072450589
0.035285077
0.026127817
0.11290416
0.11993827
0.062763484
0.070355416
0.13828534
0.18481482
0.054589651
0.092073102
0.083320951
0.12037432
0.16386022
0.021999886
0.21530885
0.17704036
0.13211165
0.086285037
0.05472571
0.044381362
0.099141175
0.2154596
0.18030512
0.17217207
0.094434616
0.019425889
0.10378272
0.061085464
0.0010113785
0.0047759007
0.14874373
0.022706333
0.056789235
0.016643557
0.17762462
0.12249122
0.20811143
0.00091591846
0.096266823
0.099868644
0.027146286
0.15706719
0.18150665
0.20156295
0.14728129
0.060210618
0.049067924
0.033929998
0.012770206
0.18128795
0.12240614
0.15842401
0.14576018
0.10358053
0.015113988
0.21528173
0.16641483
0.013508069
0.0010055338
0.088064867
0.052522171
0.086663299
0.17444564
0.15579897
0.096434913
0.089279603
0.068990762
0.090966807
0.03349395
0.19850431
0.043786262
0.047466652
0.20670972
0.16111624
0.10264953
0.13601619
0.097450992
0.11319112
0.18891466
0.16692919
0.021039437
0.13069817
0.18615802
0.041528175
0.075727576
0.015793691
0.022256183
0.059806637
0.14524955
0.10181787
0.15249518
0.1256474
0.022259082
0.16715389
0.044041144
0.097873898
0.13288302
0.019271569
0.012275875
0.054652357
0.16638449
0.011486335
0.19718452
0.12421948
0.019547616
0.12438702
0.1261574
0.11933432
0.052819011
0.14309982
0.17140634
0.10269915
0.21536159
0.063289141
0.10338351
0.2151911
0.15780871
0.18031915
0.18891027
0.21542002
0.10618806
0.19327902
0.040298048
0.13642545
0.058236604
0.09046961
0.21342909
0.067609476
0.15477452
0.1984178
0.11411498
0.026087578
0.11941066
0.12208754
0.021262542
0.11958288
0.04142501
0.10771584
0.12452244
0.10472034
0.061782679
0.090769261
0.12709268
0.10962489
0.1338853
0.021609346
0.0036992034
0.11882159
0.0558812
0.00081630605
0.086760501
0.080913884
0.19907101
0.20161136
0.20010532
0.10672859
0.21583974
0.20196693
0.040982457
0.19002412
0.17414388
0.11834874
0.025653664
0.072973855
0.090159701
0.10298849
0.034032401
0.00096375034
0.15297738
0.018425832
0.093495345
0.17833125
0.053265224
0.05167484
0.08619883
0.1474918
0.04891204
0.13147424
0.00043899668
0.01242371
0.21570764
0.14809401
0.051824786
0.10847201
0.051152938
0.13047555
0.17443238
0.032204562
0.05343582
0.11604132
0.090027601
0.080502976
0.1776234
0.02292997
0.02080337
0.1131746
0.090484922
0.15649514
0.066527555
0.015474492
0.0085964935
0.085610912
0.16567538
0.1072563
0.053954803
0.076402176
0.15556861
0.16722335
0.042563672
0.018558856
0.15275109
0.035112678
0.10076854
0.075317714
0.17723273
0.077344551
0.075181542
0.061133677
0.079590631
0.0088262102
0.13643618
0.017280668
0.10331707
0.1570463
0.1976635
0.1914154
0.020834799
0.18462586
0.0098991898
0.10041047
0.064439195
0.078348554
0.059599366
0.088965599
0.036618646
0.014724227
0.003058805
0.019462103
0.095945449
0.1529989
0.062022799
0.15794565
0.16961139
0.18464486
0.045661623
0.0082484768
0.030371688
0.21562649
0.021567022
0.20345142
0.029469644
0.065379744
0.21508538
0.20091124
0.12199449
0.040301562
0.10153165
0.18551706
0.21598305
0.12991742
0.12580371
0.06662706
0.21527347
0.14364582
0.089039512
0.13507756
0.17409357
0.064272195
0.043807332
0.025765143
0.049347688
0.0101384
0.12149943
0.1617461
0.15074909
0.00084113637
0.10875964
0.094349687
0.0395667
0.14101612
0.12188682
0.14024166
0.024237553
0.13844724
0.19281616
0.20497421
0.042278466
0.029469067
0.13688545
0.034231151
0.20330268
0.069767153
0.08407826
0.14699795
0.15528229
0.11803656
0.11929355
0.080782127
0.10169958
0.12555068
0.16568075
0.044467034
0.064453862
0.17114123
0.2152228
0.068311489
0.08640125
0.088573563
0.11605198
0.20828604
0.058268574
0.035968692
0.19354258
0.014188718
0.082082752
0.16615355
0.19868331
0.050827725
0.2154614
0.016723474
0.018182923
0.14763838
0.055665185
0.021553535
0.20168131
0.062282833
0.12674019
0.13610376
0.16036588
0.21533494
0.00071616755
0.11191851
0.041715108
0.1692404
0.15396304
0.0073121889
0.083373257
0.00080696424
0.10841452
0.033546377
0.06841752
0.0055242608
0.064193815
0.03324499
0.049110182
0.16463193
0.18522469
0.051791267
0.083222923
0.17640693
0.10950525
0.063855877
0.10971635
0.00096979252
0.15674699
0.072080973
0.17269009
0.073469013
0.0071856435
0.062364126
0.16613416
0.098863117
0.064123582
0.055078114
0.10605599
0.12825672
0.21542482
0.17790986
0.075793564
0.18678544
0.17896564
0.082950222
0.093125675
0.040274515
0.098000339
0.12701989
0.21549547
0.022455462
0.10403942
0.16327187
0.037090994
0.17398432
0.11155095
0.1894789
0.15285312
0.14247197
0.093543886
0.069439162
0.038861272
0.054693484
0.12354499
0.018626788
0.11726247
0.15072025
0.05156949
0.11601861
0.020435426
0.0074943767
0.08108345
0.01980956
0.10131792
0.056021372
0.10643443
0.1954202
0.066220231
0.15694919
0.18063493
0.071004748
0.12362134
0.19320005
0.012028751
0.18966913
0.094188831
0.14333202
0.19884874
0.1480253
0.0092277336
0.019535647
0.10435628
0.19397822
0.086242113
0.10762703
0.070264866
0.090565801
0.025583306
0.1000034
0.0098805572
0.15725873
0.18057245
0.092495838
0.13080052
0.012022792
0.10274377
0.16665539
0.19842888
0.042411875
0.14585993
0.00077490787
0.19715258
0.078117896
0.1968161
0.045722006
0.16441773
0.0056386212
0.19869347
0.009372628
0.10433938
0.012212471
0.12481253
0.21535562
0.18205317
0.022501664
0.045218711
0.033997129
0.19377899
0.079183272
0.070532849
0.19001668
0.078628426
0.15183301
0.1661374
0.099214945
0.048374052
0.19279624
0.15075661
0.10002746
0.18916566
0.17092587
0.11513825
0.11004657
0.11118696
0.11875863
0.050174996
0.0075607083
0.0014276828
0.055949467
0.18036397
0.050472059
0.087946365
0.10175344
0.0050506482
0.044858353
0.12141722
0.11807395
0.065342252
0.10275378
0.00097947227
0.10523256
0.15508887
0.061476488
0.086913805
0.041954052
0.13450395
0.15070627
0.047150593
0.10643258
0.19282929
0.1842122
0.078615809
0.054150961
0.17086203
0.19915535
0.1615923
0.17350096
0.011701729
0.14497766
0.015132707
0.11847725
0.13280236
0.10136558
0.0013013011
0.015405503
0.088960882
0.010568526
0.20583585
0.024963359
0.17454428
0.11093392
0.12571164
0.12282649
0.016228345
0.1950704
0.19605223
0.077106753
0.033949721
0.21537199
0.055541517
0.20427296
0.20585818
0.0061789174
0.18717782
0.16634488
0.10843355
0.054989916
0.10074021
0.035844775
0.063535249
0.20342247
0.073598016
0.20361814
0.0017520712
0.046427924
0.054109628
0.12242515
0.080333269
0.087774423
0.089895822
0.0063026805
0.16081811
0.013371489
0.032748675
0.13174267
0.079240953
0.10642838
0.00091733402
0.081398512
0.12554313
0.14275966
0.031130896
0.020506607
0.21531406
0.15357703
0.13968731
0.17321573
0.061888606
0.10977435
0.1759953
0.054805871
0.12823191
0.068971052
0.16854722
0.09331463
0.19054237
0.081699737
0.20398247
0.013360822
0.049844371
0.16728117
0.079901117
0.20590014
0.04724402
0.059670659
0.0073383109
0.0076605112
0.028725636
0.034942541
0.044859865
0.0066156835
0.17193079
0.049347189
0.21540345
0.1134162
0.068744108
0.13671109
0.00091688798
0.061196291
0.091826551
0.096187467
0.17444519
0.20618091
0.21533639
0.14641893
0.11830023
0.092197906
0.16754713
0.011003034
0.10072145
0.15129994
0.14699996
0.14098894
0.12797338
0.15152579
0.040770107
0.017899131
0.13082901
0.17813752
0.08290285
0.20678891
0.14920791
0.050168337
0.040456322
0.13578448
0.18842373
0.13686386
0.21534183
0.086681706
0.075578202
0.20685364
0.19428548
0.1940068
0.09121727
0.14218164
0.13885256
0.11332257
0.10364074
0.067168232
0.10090709
0.13060348
0.19147134
0.13230091
0.13510386
0.037257363
0.2151201
0.068123482
0.021728432
0.11789786
0.0009310333
0.18154898
0.17094414
0.036268194
0.0014552624
0.10970719
0.026823976
0.17425453
0.035357022
0.070985204
0.084269482
0.14361592
0.13482948
0.18989473
0.2061618
0.16298457
0.00037515897
0.11708756
0.10964439
0.12463121
0.19368608
0.008052798
0.074097577
0.21542332
0.12455731
0.17040921
0.011142994
0.15805456
0.18914773
0.16084793
0.072542881
0.14880393
0.20359328
0.050663915
0.037923032
0.024894816
0.11239164
0.065509909
0.083361617
0.032794829
0.065372096
0.19396161
0.17680851
0.047543364
0.054343306
0.067194109
0.086629428
0.13554541
0.013975535
0.013246041
0.2041414
0.10453064
0.096718601
0.21499294
0.094119217
0.18846286
0.15058833
0.16467301
0.10294658
0.0011805917
0.1069671
0.03857367
0.035441631
0.14530358
0.14601119
0.1215098
0.037207227
0.079596759
0.070888656
0.15075293
0.19585242
0.16788287
0.11273776
0.03257425
0.20435974
0.032572675
0.12762121
0.05135145
0.088219433
0.0079766531
0.031186479
0.056567053
0.01947053
0.031872721
0.021331638
0.018070689
0.028487624
0.050316812
0.17504298
0.077876798
0.16402125
0.1712179
0.050765257
0.033183828
0.046279772
0.12714949
0.20052851
0.19609691
0.11441937
0.10827173
0.10547852
0.06332602
0.12103062
0.07882271
0.0789976
0.20150919
0.056019805
0.16972584
0.054459913
0.15283161
0.085581022
0.090205739
0.021246433
0.13610318
0.16150118
0.10462143
0.13535921
0.1581619
0.19602077
0.19177955
0.10697937
0.17099089
0.01204829
0.13446635
0.00078185069
0.17909572
0.16108589
0.057300086
0.010070131
0.097951866
0.049830911
0.0010914628
0.19430109
0.14328017
0.023881477
0.20274405
0.10485952
0.1111782
0.055466885
0.12128619
0.11614949
0.07820206
0.070221107
0.13753009
0.18572498
0.17352553
0.057642914
0.012021461
0.15839777
0.060320843
0.1996991
0.17497119
0.11917033
0.11414732
0.035188198
0.063678264
0.04238848
0.19087295
0.055368385
0.11120199
0.081222866
0.026376988
0.050211953
0.094748252
0.001460291
0.12089906
0.043367538
0.1886049
0.072791074
0.084267673
0.0374245
0.20527129
0.0096159994
0.043049213
0.12259332
0.16611643
0.04496458
0.1050063
0.12248322
0.050060145
0.15565289
0.065869897
0.12623453
0.1622713
0.065089319
0.14422223
0.15326252
0.10276949
0.18909625
0.0011279909
0.019670201
0.084632095
0.0010096669
0.085956266
0.17278617
0.0011025546
0.082334352
0.0011405385
0.041816425
0.21526154
0.13713772
0.088155757
0.20388232
0.0007173582
0.009117255
0.0096710037
0.086693806
0.022857305
0.11255491
0.16163419
0.21552436
-0.00056044748
0.19471028
0.049937028
0.052851004
0.027546888
0.13793108
0.19788619
0.19714192
0.18258407
0.19612649
0.093533916
0.13496772
0.19376883
0.013475431
0.21520302
0.0023604905
0.00062945309
0.1509682
0.049106535
0.21348774
0.011087151
0.0011687187
0.092030844
0.13886712
0.13291078
0.15448173
0.047197807
0.090419499
0.16408443
0.024405454
0.090848472
0.027382471
0.010812033
0.10773067
0.048974971
0.11512494
0.092298065
0.19687826
0.21585596
0.058252219
0.024102127
0.16144142
0.16804068
0.13613376
0.019304891
0.068799764
0.19855906
0.21565129
0.066039714
0.0011376443
0.20084051
0.20565694
0.07730334
0.089281871
0.070700091
0.12485
0.14428296
0.19919244
0.18502196
0.11356684
0.11376414
0.18437979
0.046728253
0.012105599
0.053710176
0.10031577
0.099107753
0.053503668
0.098598383
0.1427443
0.17187996
0.18248364
0.077471274
0.1579665
0.099189219
0.017257412
0.21570192
0.10126118
0.19423265
0.012543785
0.21562437
0.20127006
0.017579893
0.0341125
0.078713185
0.0016254559
0.049711848
0.037257337
0.1390493
0.03678807
0.16769941
0.21213804
0.00059078468
0.13031082
0.12965569
0.12178864
0.21551539
0.034173569
0.12308051
0.19444291
0.16895609
0.067180667
0.18029419
0.16776965
0.053757158
0.11903946
0.1240866
0.017747146
0.12931232
0.071684651
0.049922192
0.13492731
0.052689786
0.010557704
0.073396839
0.17942393
0.058379223
0.00024202121
0.051055171
0.16028952
0.13966481
0.18213659
0.081213601
0.087368051
0.045987705
0.20031027
0.04165199
0.031693488
0.11131056
0.13531717
0.080824238
0.010760358
0.20539746
0.052208034
0.046128138
0.090945057
0.0015358466
0.20711479
0.0010120369
0.012689836
0.1420697
0.19009618
0.20714297
0.20345277
0.084526842
0.0080236314
0.011992393
0.076348233
0.04462703
0.18857509
0.20144285
0.040960428
0.14559135
0.18365156
0.079366122
0.087809214
0.13270685
0.1508151
0.043278529
0.19894527
0.045828644
0.15532485
0.18167982
0.071277357
0.10897398
0.21536398
0.18994865
0.084086455
0.093436165
0.098495286
0.13042903
0.18049742
0.040203298
0.16858598
0.18731531
0.092255916
0.14919013
0.19590907
0.14214943
0.074798466
0.002011536
0.17836178
0.10543647
0.00062529753
0.11387598
0.19431517
0.084275566
0.077879506
0.074523572
0.081747569
0.19007797
0.15806512
0.0048769326
0.08743894
0.01406649
0.094104917
0.1130082
0.10144325
0.037910404
0.054117818
0.030801789
0.18690709
0.10143407
0.076425217
0.11843667
0.041832416
0.12911873
0.11206259
0.17651177
0.19895723
0.1859524
0.033876651
0.057811989
0.074533374
0.15903678
0.032960993
0.10487289
0.15863364
0.071198719
0.048227857
0.19062895
0.045217526
0.18616498
0.049642224
0.10936846
0.092637324
0.047188558
0.082332104
0.071548867
0.12125074
0.077835256
0.13042788
0.076200427
0.083492177
0.009096743
0.057737434
0.088015539
0.1061245
0.0088300243
0.12540496
0.2071825
0.11798721
0.061580104
0.20643077
0.043084023
0.066414262
0.070768175
0.05372136
0.089873284
0.08842601
0.092609379
0.022497725
0.10804993
0.050569416
0.20269844
0.13387269
0.13766759
0.059804815
0.1581782
0.11822157
0.14856419
0.13392514
0.0044397829
0.067713143
0.21544958
0.015854563
0.042249807
0.15455795
0.029038315
0.021709714
0.18835688
0.073310995
0.010094939
0.11642693
0.20542572
0.11217462
0.028957036
0.17949945
0.18990231
0.045340417
0.17117984
0.21535104
0.092064959
0.0074614604
0.041913521
0.17164994
0.047123629
0.10442247
0.0080523199
0.15996358
0.1620658
0.11906898
0.028379074
0.0032839787
0.081046496
0.17176046
0.025141974
0.19120725
0.080069794
0.19799838
0.036386638
0.057748478
0.03407543
0.2027456
0.042471785
0.11073434
0.00064782429
0.19293193
0.0089772544
0.10858285
0.21561291
0.14123594
0.02876564
0.18533316
0.055550798
0.00057009846
0.098817775
0.0089206283
0.14356753
0.115124
0.042878296
0.076861581
0.16982856
0.15086997
0.056529227
0.047421812
0.12592488
0.043275597
0.14503683
0.026217297
0.018885395
0.19701953
0.14414302
0.011378277
0.19318056
0.16893499
0.041774399
0.20265044
0.075401405
0.12624929
0.1479532
0.043694139
0.21298239
0.0087566743
0.11898295
0.18380954
0.029051798
0.11722217
0.084579395
0.049501616
0.1632693
0.12431494
0.0093355552
0.11018723
0.044660912
0.033616318
0.028814619
0.15135133
0.17728178
0.045850797
0.099839781
0.11204174
0.11837629
0.025985508
0.083350502
0.18841926
0.13473941
0.17141324
0.10169585
0.027979492
0.053815495
0.21240445
0.18757558
0.029378307
0.1223733
0.1351569
0.045549149
0.19044414
0.10160271
0.04476616
0.20673591
0.11038826
0.018993168
0.12974493
0.088282087
0.031010789
0.035365368
0.18025051
0.21546928
0.056140609
0.16644369
0.11990546
0.18409642
0.0885645
0.046040743
0.10487149
0.03300793
0.011664527
0.081366022
0.13396862
0.19930289
0.0088598259
0.047198464
0.21513907
0.16344423
0.1108515
0.0010652484
0.011186476
0.17605942
0.17589376
0.056523348
0.18451561
0.19996747
0.067542887
0.1012336
0.024397354
0.19313697
0.026056788
0.15503149
0.016961251
0.15452154
0.064721907
0.066619995
0.056071751
0.096308125
0.020574918
0.18270897
0.12840694
0.19645239
0.20604439
0.15667872
0.09248362
0.08185963
0.19896649
0.11230893
0.05954526
0.084898769
0.17663708
0.067333195
0.055856048
0.16632614
0.00077184778
0.0051061446
0.21542233
0.19140736
0.1766206
0.1851315
0.020112455
0.19787235
0.072701744
0.095646702
0.0048859746
0.0019520626
0.050508445
0.011187808
0.099694123
0.14524959
0.046715451
0.18312901
0.023450589
0.043281047
0.18208603
0.19051863
0.0016084258
0.20152351
0.045177251
0.093722679
0.187681
0.0038848015
0.028601598
0.14180337
0.066587317
0.14490982
0.080059516
0.009145554
0.0091183188
0.092389414
0.013516422
0.16448086
0.0041363493
0.047706389
0.0010893444
0.198747
0.1580033
0.18208278
0.097953846
0.11328328
0.15977692
0.013990504
0.079566277
0.071135735
0.16883369
0.015855803
0.12269265
0.13047573
0.072872686
0.069962484
0.049242623
0.0028784875
0.0022447347
0.19971458
0.010751796
0.057803699
0.17712308
0.085080117
0.065077828
0.15423897
0.046814649
0.17554871
0.14793867
0.094963772
0.037491761
0.059804293
0.17700725
0.0015277863
0.0042513664
0.18336046
0.02486235
0.054333821
0.026314341
0.13200007
0.030060336
0.065992891
0.054452222
0.19374605
0.050182178
0.19899125
0.07178175
0.0014820773
0.096138636
0.10477727
0.058762762
0.1078161
0.081506819
0.075009048
0.15511041
0.16851483
0.20374228
0.11848949
0.12272623
0.090643846
0.20156094
0.17138981
0.054984938
0.13747331
0.022275399
0.17660061
0.12831725
0.20760028
0.16016152
0.17366038
0.085878462
0.13404208
0.064070818
0.15966853
0.090615309
0.12559973
0.038536772
0.064274532
0.18889444
0.082626066
0.12109847
0.095874717
0.035168222
0.030762902
0.16904366
0.20472994
0.095345078
0.0476553
0.046921293
0.20646647
0.17923704
0.18246327
0.078140649
0.061339946
0.025419921
0.10208112
0.035813948
0.0021078003
0.21524233
0.18239373
0.077778677
0.10121122
0.11782447
0.065968437
0.049277221
0.14716195
0.18641368
0.15538922
0.12639379
0.08598446
0.02890892
0.13409331
0.084241972
0.1601407
0.076494319
0.20046704
0.10443981
0.035840477
0.1536902
0.17913555
0.017004966
0.082890772
0.062360243
0.098308014
0.066283893
0.094198303
0.17400777
0.027170901
0.16949655
0.19736115
0.1540891
0.015802117
0.048358291
0.17682316
0.18540744
0.015638598
0.02439837
0.035673971
0.025492862
0.18225572
0.050249306
0.012889092
0.2153333
0.133763
0.18631472
0.0038867515
0.20277474
0.1382044
0.031368342
0.052812206
0.14898645
0.050326015
0.11254668
0.037570295
0.20648454
0.17718232
0.14800446
0.017126151
0.20223635
0.17927558
0.13485288
0.00084625019
0.1265009
0.055994545
0.113566
0.10571344
0.016645847
0.009900517
0.13614815
0.18208764
0.09723912
0.0080624492
0.10047926
0.1678243
0.18230064
0.071264922
0.015000194
0.18143394
0.14379877
0.11988315
0.14838209
0.16683024
0.04735907
0.018253274
0.19704984
0.0081367471
0.18075436
0.075766025
0.024183814
0.11281804
0.18470005
0.1054656
0.014909793
0.0097752045
0.037813498
0.060589681
0.18523604
0.043632219
0.20034774
0.17048909
0.10963597
0.17009667
0.099150473
0.042140633
0.082045969
0.075261634
0.099980341
0.16918079
0.052086447
0.079893367
0.10380036
0.079924821
0.12096963
0.085829213
0.1571003
0.19800567
0.2005789
0.032037296
0.16164417
0.21564662
0.091616375
0.023610567
0.20705437
0.11468884
0.18828182
0.095755533
0.10770673
0.18059167
0.16456039
0.16328237
0.11349096
0.11433546
0.0035050986
0.053726087
0.20269272
0.034492074
0.043816739
0.064390673
0.11444481
0.17806416
0.18966799
0.14381552
0.17594638
0.1984459
0.13764515
0.19355756
0.081721241
0.053344649
0.039414195
0.11428674
0.04975849
0.16404793
0.18609947
0.0087410745
0.14021944
0.21587103
0.15077008
0.10096796
0.04441583
0.005204957
0.12041246
0.095598171
0.13580252
0.18099012
0.15063629
0.026749881
0.033799792
0.0010075213
0.21523235
0.19824134
0.1879787
0.095598031
0.037477311
0.050314572
0.10178068
0.17461413
0.023315256
0.11638859
0.051560145
0.20092884
0.1638647
0.061800902
0.19042037
0.052405614
0.066313968
0.066066717
0.076894946
0.21532374
0.10983108
0.16719989
0.15829352
0.11884972
0.046695021
0.067396071
0.055204632
0.11937652
0.0095241746
0.065319875
0.0039949392
0.015437797
0.15288556
0.01320982
0.2025011
0.21538739
0.036096433
0.09566888
0.1979704
0.2153128
0.061238129
0.15443982
0.15858621
0.11246862
0.0047894855
0.022214456
0.21519502
0.058763552
0.16218022
0.032130862
0.15740567
0.20649668
0.1721119
0.0014084418
0.058382717
0.18255216
0.170502
0.12101564
0.20970765
0.042223864
0.091194607
0.13939461
0.07618644
0.0920678
0.031919695
9.9551385e-05
0.15984348
0.091161706
0.19834779
0.17692879
0.2002593
0.1098693
0.21590228
0.17690581
0.14518223
0.037362549
0.14126329
0.12840445
0.13300639
0.081364383
0.16921966
0.067573835
0.1630157
0.12362509
0.031888486
0.11609331
0.022987451
0.047376209
0.12129743
0.10755398
0.020227952
0.095614759
0.18886888
0.10338673
0.032269174
0.16593968
0.15664013
0.15602204
0.08594882
0.13524409
0.10237171
0.1934221
0.15308875
0.17294782
0.15061519
0.061075069
0.02535011
0.054828053
0.16908876
0.17372081
0.056878868
0.070668411
0.036467285
0.10592624
0.097708561
0.18019155
0.064792663
0.15296395
0.16473727
0.070496107
0.027900918
0.2153582
0.038307668
0.028164927
0.11179072
0.09740485
0.12319843
0.13312139
0.098151651
0.20073447
0.13680387
0.1290235
0.15647475
0.01386305
0.1041709
0.098768294
0.17385564
0.1321971
0.13691998
0.065200138
0.081713783
0.19228677
0.045280803
0.21539354
0.0713564
0.08789266
0.10038929
0.046400389
0.0082410655
0.13628231
0.027991948
0.13638429
0.084265069
0.0049482887
0.15222743
0.063559544
0.21472548
0.10802431
0.13446594
0.17195998
0.21576998
0.15993098
0.030748073
0.18704617
0.017110018
0.13943804
0.024758426
0.11348255
0.19554219
0.0082440587
0.12661369
0.19382017
0.059049725
0.1323284
0.099818655
0.16344336
0.072000419
0.18498307
0.13114781
0.098212148
0.11911676
0.1029088
0.079579888
0.2032477
0.036632808
0.10379135
0.13091706
0.19730709
0.2014855
0.053406721
0.043521552
0.11163954
0.062625661
0.20722112
0.14767737
0.19079237
0.1766512
0.16314336
0.21539497
0.059268035
0.2083543
0.03336197
0.013455223
0.019906291
0.084227383
0.035265573
0.096023665
0.071302549
0.082158645
0.038356066
0.087343739
0.18133298
0.10421176
0.13162573
0.13910023
0.11461846
0.08198742
0.096422003
0.088447381
0.01519992
0.11317839
0.14639866
0.16274191
0.060989638
0.16765453
-0.00024009898
0.0014323531
0.18353597
0.10474669
0.089524046
0.14656199
0.071247355
0.17833469
0.058563778
0.056081571
0.11230455
0.13965821
0.077140043
0.12468836
0.14703296
0.028271569
0.0859994
0.11930088
0.098594617
0.21538305
0.13680959
0.061570501
0.01535592
0.037032082
0.090827613
0.16660956
0.14178917
0.036551013
0.084076258
0.095441639
0.1937495
0.11142816
0.19829955
0.089523572
0.1761394
0.1803712
0.13784925
0.055860959
0.07155856
0.14463477
0.09877938
0.17110719
0.11789077
0.013125081
0.20365418
0.19057667
0.07119929
0.15996816
0.070226959
0.088468865
0.11881969
0.14709385
0.19462822
0.058276323
0.12602135
0.18009539
0.0013981705
0.02268763
0.17009498
0.15723274
0.087600872
0.21414036
0.061845671
0.001415898
0.02467764
0.094370497
0.10942686
0.13037711
0.14532776
0.072373431
0.12999733
0.13089342
0.1774611
0.077612117
0.18503069
0.19917202
0.12518852
0.19693788
0.17790845
0.10399595
0.031211157
0.13569617
0.01788796
0.15817713
0.067233953
0.0010334608
0.2064298
0.0081266535
0.052259208
0.039915009
0.075858313
0.1573068
0.042952175
0.1050264
0.14466657
0.2030036
0.03751643
0.10941464
0.014061979
0.0083052836
0.21316553
0.073709643
0.031139629
0.075279149
0.19552447
0.0086325874
0.21036231
0.14945109
0.15114098
0.15305388
0.1523883
0.10936216
0.20637357
0.14528293
0.042887933
0.16945969
0.1939104
0.06734407
0.066503415
0.097369334
0.19894517
0.056498626
0.0076281603
0.11858631
0.19089531
0.028845764
0.010576056
0.16006706
0.00046946253
0.11663743
0.11969551
0.031996334
0.21536948
0.019019326
0.074965158
0.16288436
0.1016942
0.13085212
0.18504458
0.042381059
0.07367581
0.020440457
0.098829603
0.14389888
0.18201987
0.12692382
0.059595213
0.13631698
0.060621731
0.059919185
0.026546718
0.21591495
0.068621196
0.017194709
0.098507405
0.030800714
0.05519626
0.14422118
0.102921
0.10051641
0.12937904
0.14645459
0.17376944
0.057614453
0.10937925
0.1142864
0.065122719
0.053773802
0.17120993
0.030149715
0.10514383
0.13513563
-0.00066836698
0.15439698
0.13929959
0.083188138
0.0044165646
0.13108089
0.19758681
0.17732529
0.10289535
0.1031721
0.062201679
0.15503476
0.20638696
0.00070171463
0.04995772
0.20744345
0.0012253159
0.18422146
0.15827042
0.13851527
0.10488694
0.16656212
0.032891278
0.14699827
0.021254959
0.028699672
0.17014148
0.11172149
0.021673739
0.12251016
0.020627447
0.0013437639
0.17380264
0.19029738
0.031600402
0.21575163
0.12673308
0.084642268
0.11386997
0.18436635
0.12231481
0.12052358
0.15753513
0.0057310887
0.00027321192
0.16509187
0.070823175
0.20499601
0.10465018
0.050594079
0.082739039
0.20723823
0.19007638
0.033957619
0.11656872
0.11474004
0.17214472
0.14904115
0.19457834
0.0053577584
0.10421572
0.20489622
0.20233641
0.03122889
0.18327967
0.14767128
0.084419155
0.048803228
0.0013117835
0.076922691
0.18266075
-0.00093994005
0.12802046
0.099985046
0.19302385
0.18425835
0.18393312
0.1401995
0.048702992
0.14426771
0.12169449
0.13584302
0.15982283
0.18599747
0.0014801488
0.017245206
0.16756204
0.19325992
0.10282118
0.013641445
0.10278427
0.17771971
0.0062858729
0.19180265
0.041433112
0.17016835
0.13716696
0.001450408
0.050356385
0.033365033
0.07684324
0.0080898797
0.066210073
0.0267035
0.066360964
0.16744006
0.015406017
0.2093643
0.18801867
0.15721117
0.031977451
0.13220486
0.071072781
0.14017949
0.15707634
0.04199351
0.04362825
0.13691352
0.012177631
0.21544653
0.14915752
0.00089104036
0.19143694
0.1065067
0.054109143
0.028842823
0.092752867
0.21550585
0.10744355
0.010768348
0.20622235
0.12936673
0.18006773
0.12113131
0.1840811
0.1463005
0.0048707145
0.19745798
0.21542369
0.21548816
0.001277896
0.12841868
0.19522813
0.1444335
0.037046761
0.070901586
0.10256855
0.12423624
0.11202938
0.054872799
0.14489522
0.062681641
0.057165519
0.085785661
0.018336505
0.093977291
0.035429006
0.20270731
0.1416743
0.085271663
0.051435673
0.15361249
0.13843106
0.044816804
0.16544555
0.15043607
0.16110043
0.064347378
0.056976781
0.14716337
0.11874711
0.081173312
0.10807571
0.12915404
0.0088867079
0.10044154
0.035753883
0.10035287
0.1915966
0.146798
0.033882513
0.093001338
0.058655032
0.12502135
0.059363393
0.15458576
0.094649602
0.049777716
0.20811773
0.072969219
0.19987288
0.056718145
0.058058883
0.079930476
0.009645414
0.087396365
0.053114458
0.029223761
0.17858331
0.13268315
0.20502375
0.15863879
0.17982379
0.11224082
0.21505672
0.090431924
0.12128682
0.02370982
0.087531821
0.17644637
0.0013299008
0.11193689
0.15805991
0.21524293
0.082324284
0.19857293
0.18557031
0.095389466
0.20224117
0.060611081
0.13712166
0.10528163
0.13015594
0.21523581
0.055012351
0.023509319
0.12875772
0.13385297
0.18474683
0.18075555
0.11158693
0.044802916
0.091093705
0.16461524
0.011888253
0.083099582
0.072567653
0.025538699
0.13806543
0.025723546
0.18247748
0.010570358
0.10481599
0.191343
0.0006496472
0.0056141116
0.12244296
0.087626516
0.16089274
0.033415634
0.094424395
0.090956491
0.1265838
0.19314131
0.035265602
0.17636658
0.098891136
0.093967366
0.17471591
0.11600245
0.088710746
0.18976652
0.061269279
0.15881513
0.047261698
0.0082334583
0.16429713
0.13974171
0.083113565
0.20529996
0.14359687
0.097288324
0.20912134
0.20816272
0.05892516
0.059796701
0.21541148
0.068175724
0.17456454
0.071520266
0.038673269
0.0055463243
0.14435409
0.21546755
0.18773063
0.02707866
0.1163931
0.14307713
0.070123426
0.055078097
0.1292507
0.032725213
0.13332785
0.06678935
0.10702153
0.1834985
0.15163259
0.12177244
0.12972912
0.1704762
0.040395862
0.16408786
0.058053069
0.14820907
0.11427801
0.11793123
0.16081423
0.023850105
0.06896952
0.02410165
0.1638713
0.14308861
0.15773
0.15121111
0.11828626
0.039472483
0.038612952
0.093331741
0.060432922
0.080294103
0.11426261
0.033601196
0.20096493
0.17154201
0.12595325
0.058545716
0.054673618
0.12359946
0.14263802
0.085233943
0.054107191
0.13147435
0.09299087
0.081950766
0.14178665
0.16305614
0.066193249
0.00090830982
0.044025373
0.16410286
0.015490833
0.053398844
0.11462693
0.21522275
0.11477236
0.11236408
0.0087376141
0.12024969
0.14892134
0.012218154
0.059150414
0.10215262
0.0013540147
0.19568557
0.17693962
0.19655784
0.13244388
0.033890882
0.20921961
0.168948
0.018482713
0.14347246
0.14196871
0.16548413
0.20206609
0.14182899
0.1009703
0.03856647
0.039364378
0.021564071
0.11717431
0.12129016
0.10993214
0.083419461
0.13346229
0.20235474
0.14627386
0.14549659
0.19430429
0.1827634
0.0066943055
0.0057698691
0.19463349
0.19427766
0.090876988
0.08821773
0.076123498
0.15609837
0.1708661
0.21529644
0.12996977
0.0021417298
-0.00042301642
0.20416696
0.19839749
0.063249021
0.19637013
0.030225582
0.19633267
0.12234825
0.00093590537
0.12833066
0.15767921
0.12077772
0.16339123
0.21534101
0.18543392
0.13362234
0.067465266
0.10161641
0.05414607
0.033605908
0.054738135
0.00084182197
0.15255083
0.1975512
0.20847884
0.20169966
0.00038853599
0.21512819
0.044721901
0.15383135
0.081256616
0.21536849
0.026182706
0.032232518
0.15611042
0.043671123
0.12209436
0.17434958
0.1239212
0.096843355
0.056253159
0.18774726
0.20665214
0.058042847
0.14576686
0.035515772
0.055761401
0.17418066
0.15480237
0.21540221
0.15979591
0.18615021
0.033302829
0.098716213
0.15261529
0.083045958
0.12957067
0.038830403
0.14104687
0.076065723
0.12089977
0.21559732
0.10766718
0.095752731
0.12075777
0.13654279
0.025195656
0.15721648
0.21538008
0.14876888
0.11372128
0.12424498
0.17352231
0.18716058
0.21576132
0.067104099
0.16588311
0.16920518
0.10658632
0.15807776
0.1864539
0.13648734
0.12944272
0.12627372
0.051492432
0.014636397
0.037015398
0.1835317
0.08909253
0.00049799957
0.12382549
0.18198079
0.02318229
0.073530165
0.15845157
0.085805306
0.0033934459
0.006396951
0.1273799
0.066937689
0.016674498
0.19054509
0.065326184
0.092548617
0.10108623
0.11093324
0.10890199
0.14028227
0.057527717
0.08181507
0.13653702
0.21521571
0.04792694
0.04689479
0.10120889
0.010354696
0.13707764
0.21527424
0.16261609
0.025472272
0.06071329
0.036121944
0.10784442
0.069022054
0.19902228
0.12491915
0.18880358
0.0079224169
0.071790379
0.130957
0.087659695
0.1108115
0.00033505491
0.067228424
0.02700068
0.19822935
0.0053196913
0.050973209
0.071627662
0.20010749
0.024417565
0.093538849
0.16754898
0.21526926
0.18368283
0.12454172
0.066094257
0.16252628
0.18408521
0.01477216
0.03910302
0.15615244
0.070621898
0.16074809
0.035871918
0.057712244
0.12357571
0.015273249
0.11378187
0.10573578
0.10810591
0.025444787
0.082728922
0.18492599
0.077013726
0.030941856
0.21547583
0.02397835
0.11664566
0.19817176
0.21557985
0.16611227
0.011253489
0.18604738
0.11666275
0.14460804
0.031016775
0.21306096
0.141928
0.032334692
0.10893598
0.069889893
0.052725311
0.063999551
0.18091311
0.0093120144
0.038538743
0.00080544007
0.21534433
0.16820038
0.1383424
0.16859031
0.062896887
0.14454724
0.2030713
0.059002799
0.00083679192
0.13612393
0.16371296
0.023740216
0.13280332
0.020122265
0.030063904
0.18253969
0.0076660765
0.01873065
0.099676668
0.088182938
0.14814154
0.021928403
0.11670582
0.102935
0.14740274
0.059180163
0.16932413
0.07056769
0.026858675
0.14808325
0.1759812
0.17189696
0.11869745
0.13588526
0.038409607
0.18857804
0.19435009
0.18956979
0.0995448
0.10232261
0.16360625
0.058850644
0.12764532
0.023140301
0.18816118
0.16770507
0.017773654
0.086181342
0.084317018
0.084205332
0.11671992
0.12793806
0.1146443
0.21577457
0.091049052
0.14763987
0.13568279
0.016002413
0.17412583
0.18256193
0.14595582
0.15829888
0.10963177
0.17020304
0.18348683
0.023337588
0.086908217
0.059341616
0.18500444
0.13493849
0.0046999375
0.1071184
0.18974992
0.0070998515
0.14074671
0.16117939
0.060995139
0.1458022
0.17628125
0.11125541
0.20788622
0.14540474
0.16113526
0.043688702
0.060190816
0.053052848
0.13605507
0.084820661
0.12995974
0.053334467
0.047958604
0.079968616
0.056684578
0.14485859
0.14652858
0.085934715
0.18451001
0.0004617119
0.19819493
0.077516781
0.12642168
0.14371675
0.20647811
0.049158814
0.10968939
0.17512664
0.12250033
0.12696574
0.13454729
0.12229978
0.19727103
0.056861523
0.017824075
0.11350958
0.10675634
0.05790231
0.015618776
0.026348765
0.15296879
0.02537035
0.20252358
0.00091640816
0.14045216
0.11445046
0.060980632
0.15361652
0.12258464
0.015229447
0.2145806
0.1370098
0.18346246
0.19653115
0.0063872867
0.20321096
0.019578524
0.092472299
0.20252099
0.008292639
0.0014849158
0.16128052
0.10941326
0.050789526
0.0098533434
0.20931619
0.15166818
0.0047384904
0.11863659
0.00084024499
0.19626679
0.18832037
0.00097541115
0.10030895
0.16473959
0.19130111
0.074887677
0.046469947
0.10663202
0.12384983
0.098841055
0.20757187
0.071851474
0.20631081
0.18228849
0.19846816
0.021273766
0.032225211
0.044528023
0.017567944
0.03555496
0.055276111
0.054500176
0.16595947
0.17202425
0.037965594
0.18455171
0.048944075
0.21536092
0.067511763
0.049829566
0.08117717
0.12843897
0.12233692
0.078807953
0.1537516
0.20222154
0.03466494
0.17400584
0.10554767
0.19415397
0.063047835
0.083294035
0.093108154
0.07899632
0.081987081
0.045361435
0.17312297
0.20149187
0.19424709
0.0024471936
0.072282062
0.074314964
0.15043488
0.16558223
0.184839
0.20445965
0.10732386
0.13372769
0.17674725
0.10296856
0.053337224
0.15826927
0.13700386
0.064697354
0.079728915
0.040558721
0.057982817
0.036113369
0.038010107
0.02600765
0.069220971
0.055862931
0.06302378
0.00094746754
0.18870502
0.06555807
0.1910174
0.16293871
0.010257136
0.082792022
0.17368944
0.036267588
0.13753277
0.2058301
0.050249289
0.044040222
0.10511759
0.11208319
0.08755337
0.011610944
0.15274819
0.1402895
0.11320127
0.030576792
0.0087667289
0.16220309
0.083634209
0.079496796
0.15092852
0.090805576
0.084916692
0.19885369
0.054166481
0.027017216
0.029224249
0.044729157
0.14492968
0.17819512
0.16036903
0.14764673
0.087505704
0.0014516751
0.16454494
0.067880982
0.16594292
0.0076785374
0.086939542
0.19769074
0.17646512
0.18829565
0.18603147
0.042295339
0.086579477
0.10509322
0.058493509
0.12066846
0.18382158
0.087271811
0.16365509
0.10865548
0.063491395
0.045850648
0.091159304
0.049838203
0.018150401
0.11494802
0.0067542818
0.0065307241
0.13871508
0.15096156
0.2153088
0.20012998
0.13595573
0.16062866
0.13168664
0.0015463599
0.06552353
0.053962098
0.064184629
0.19292873
0.16717263
0.0050498181
0.00098141083
0.025949538
0.16267546
0.14532747
0.0011539943
0.20577288
0.029046091
0.063272189
0.078349713
0.13607109
0.0071266484
0.11715637
0.071175546
0.057745021
0.19964085
0.054372329
0.09492786
0.14739421
0.0019487257
0.13791916
0.026304
0.14418919
0.0051108837
0.20876429
0.10365807
0.05638625
0.1750294
0.19883873
0.050058866
0.098763586
0.07808753
0.18556934
0.0067161342
0.15077083
0.090344671
0.20375025
0.060673078
0.090425465
0.071108582
0.20595962
0.037108963
0.18880401
0.17478192
0.048083834
0.069340621
0.042550089
0.2067916
0.032608317
0.15849282
0.1210519
0.16928479
0.1279986
0.16272608
0.12645482
0.055119107
0.0057301934
0.1939819
0.02326848
0.0077828916
0.013087817
0.11890165
0.039093562
0.15893627
0.022026388
0.085259624
0.055084228
0.16061071
0.0053251442
0.20782816
0.18869001
0.081237973
0.15019429
0.153416
0.066663298
0.10894554
0.081113703
0.030037165
0.11811446
0.21535631
0.13745016
0.010517948
0.099103278
0.040183445
0.12324392
0.12855467
0.077532325
0.043610596
0.19010114
0.21521085
0.12645995
0.10801006
0.17593021
0.058810459
0.17622923
0.13991871
0.053315237
0.07750797
0.042793598
0.14108195
0.039849946
0.20124972
0.16880579
0.15148916
0.024731841
0.15356388
0.16803412
0.15152513
0.14743512
0.022123991
0.15398685
0.1016215
0.095813555
0.04548001
0.18117727
0.19275337
0.21559359
0.17989732
0.11675756
0.02721437
0.1340609
0.0076242634
0.059215198
0.21549738
0.072916045
0.013753548
0.19287744
0.00076946593
0.026797341
0.093488767
0.057496378
0.19818244
0.14330971
0.1738055
0.19939606
0.052909327
0.18051375
0.168809
0.15684559
0.2152551
0.21518589
0.11687066
0.048160571
0.0051022567
0.14289238
0.079362978
0.17138568
0.18904259
0.064853867
0.20738951
0.11165848
0.13717585
0.15891298
0.029625848
0.056104265
0.043035385
0.0051915933
0.16962483
0.075987621
0.056115496
0.035089977
0.067643556
0.071974648
0.10811425
0.2073021
0.14511917
0.086258817
0.073755326
0.0015169161
0.018370332
0.058533427
0.1880487
0.20619272
0.1000536
0.19828934
0.11990081
0.21527126
0.041956172
0.17423152
0.14248498
0.1415613
0.0077163627
0.18083932
0.12485817
0.16699598
0.021006225
0.0062409685
0.17772405
0.054289113
0.054288125
0.019686007
0.0067655758
0.17198171
0.10567553
0.027118644
0.020139065
0.18685222
0.19181827
0.013884023
0.13419831
0.21488159
0.056746623
0.079167925
0.010492702
0.15165612
0.05001732
4.4782512e-06
0.12768118
0.038054237
0.15461213
0.13416942
0.14782283
0.0065148086
0.18890773
0.032709641
0.042058821
0.20411884
0.18871248
0.18252745
0.1719891
0.11772082
0.2038385
0.0014132092
0.083940364
0.20627047
0.0099587169
0.2017512
0.21580718
0.056661731
0.14918836
0.17112773
0.21579748
0.17685731
0.15983865
0.14321454
0.15504899
0.036379637
0.059276097
0.046286636
0.11130459
0.17999569
0.21533434
0.20272147
0.030735502
0.16681312
0.10244904
0.19009889
0.14023587
0.13319191
0.052273784
0.18496029
0.058292016
0.031834298
0.031608034
0.14636901
0.12165192
0.18762217
0.032507206
0.064508304
0.10462651
0.058513072
0.091937164
0.13092775
0.10533192
0.062266574
0.097774233
0.010654234
0.032101932
0.099611796
0.13973514
0.13593411
0.068604047
0.080170281
0.20504828
0.033942294
0.00073667865
0.13702336
0.08990211
0.074626585
0.038767344
0.20498348
0.076950093
0.1941145
0.14448518
0.11837968
0.12085406
0.047347654
0.13820862
0.10544093
0.06285368
0.16367177
0.079861602
0.075676537
0.1988257
0.082864562
0.083789198
0.10491564
0.075715769
0.09099596
0.20342656
0.097335626
0.1175768
0.18143581
0.0066606238
0.10573078
0.06906515
0.21539848
0.079832819
0.21529711
0.047497752
0.00099773152
0.13850488
0.18526372
0.072725791
0.082077
0.19424133
0.19013856
0.20623263
0.08961713
0.215674
0.12006735
0.059840375
0.098974052
0.013559973
0.1571336
0.16759306
0.095396678
0.00089294164
0.15495019
0.077798477
0.17952406
0.044552668
0.17992006
0.010179804
0.17569328
0.20903243
0.17275908
0.072374941
0.15827352
0.1381586
0.069991334
0.016724463
0.10824008
0.16755874
0.20329334
0.19325117
0.20088748
0.20592311
0.12904856
0.21518756
0.099585811
0.047951112
0.021991674
0.084612868
0.16598111
0.12447237
0.14432674
0.14223268
0.19600286
0.1535156
0.039351546
0.060300941
0.12775617
0.12651979
0.14203391
0.18968502
0.015388297
0.19507324
0.15489948
0.006875674
0.17368195
0.15258749
0.12441297
0.15610955
0.12776812
0.15220708
0.0062088399
0.13056068
0.10797699
0.18948175
0.10735444
0.20253317
0.018499526
0.02597229
0.13657724
0.14895391
0.0048620243
0.18715215
0.14981253
0.17592612
0.090420253
0.073313031
0.078638386
0.0012182566
0.029996632
0.12172605
0.20353754
0.053804989
0.15414921
0.048060982
0.21533907
0.11797209
0.12827871
0.0064984571
0.027986539
0.045839659
0.1008403
0.13357433
0.20281182
0.16625594
0.13914513
0.093241593
0.17075593
0.069044478
0.19824985
0.18160997
0.16891279
0.13354635
0.14691084
0.0085008857
0.13592935
0.20011249
0.006015414
0.19214903
0.065253788
0.21562827
0.0077294781
0.13625375
0.18868558
0.17740859
0.026747243
0.0062535261
0.17465254
0.12072253
0.15502565
0.12368869
0.20691449
0.022621144
0.12139905
0.010977236
0.06365413
0.17540194
0.12873245
0.024466277
0.20712148
0.013183642
0.13206272
0.048598559
0.068060258
0.017286606
0.034815767
0.11781908
0.067273049
0.17508773
0.20310332
0.077529671
0.00072457892
0.16326133
0.018375141
0.18729564
8.3759661e-05
0.094079705
0.13273487
0.15276114
0.037092704
0.13008366
0.094965826
0.04261403
0.018792097
0.045912375
0.00089504911
0.089332947
0.02400878
0.037700554
0.094743996
0.20437062
0.036751318
0.005086926
0.092477858
0.21551885
0.044160204
0.16341799
0.090550455
0.035343937
0.055180382
0.13168521
0.18033774
0.077298284
0.19849364
0.14543429
0.0028706198
0.13826803
0.03319895
0.00096567346
0.1186055
0.07466324
0.04995513
0.14393172
0.15033182
0.077275383
0.11340372
0.21545948
0.15057519
0.19757295
0.067974238
0.19965822
0.10407356
0.20291494
0.064850257
0.018802258
0.032361383
0.092000643
0.0053999169
0.032625171
0.0010463268
0.067338244
0.083408167
0.09015182
0.020808605
0.076491161
0.071923033
0.14753928
0.030758075
0.054849543
0.042999899
0.030985627
0.0013456508
0.054830411
0.057967706
0.19024825
0.15246512
0.18668106
0.081453328
0.13048019
0.090728118
0.027646497
0.18902001
0.11668571
0.12111272
0.081292172
0.084154684
0.11108641
0.031582326
0.15778101
0.012002777
0.058972088
0.051081132
0.010005695
0.0081703603
0.043729927
0.19824979
0.052854167
0.21527704
0.16232298
0.023432293
0.022227285
0.21507961
0.0012010591
0.078670141
0.12158794
0.10148814
0.094692373
0.13443091
0.10827037
0.14372994
0.021567083
0.075133008
0.20758772
0.0014297439
0.046007433
0.045357978
0.17049454
0.00093866382
0.016049345
0.045104066
0.10233771
0.111782
0.0083871693
0.0081055547
0.13017429
0.095181778
0.0083775018
0.061766353
0.12857195
0.0013839579
0.21536043
0.12549664
0.14650251
0.0013396507
0.0085290758
0.0013150928
0.12811688
-0.00084706506
0.13739902
0.067872088
0.0098913479
0.082618851
0.14414387
0.063172093
0.19668241
0.19658159
0.15058348
0.11813801
0.20465444
0.10765026
0.1226015
0.21517686
0.11777198
0.12138999
0.17306185
0.21528363
0.17056861
0.020324061
0.20092622
0.18458404
0.17573934
0.20083043
0.028250512
0.10800888
0.1321267
0.060085851
0.19156804
0.14412179
0.09314062
0.013446364
0.17428913
0.1092656
0.17671584
0.14032153
0.16353767
0.16829192
0.14128751
0.11018759
0.080037256
0.063750934
0.10036561
0.10798956
0.059524124
0.15988147
0.030477277
0.14762798
0.14407347
0.12677823
0.0065529913
0.0056748143
0.19438336
0.095934292
0.022487977
0.16920721
0.034761034
0.028005565
0.17261228
0.089480061
0.21566781
0.12296222
0.19136889
0.1642638
0.0012715891
0.033848346
0.15958336
0.042785094
0.15970657
0.18209305
0.17682289
0.18733247
0.15596994
0.1963754
0.15761721
0.13159853
0.12847695
0.090539225
0.0041378695
0.14255931
0.10399862
0.10098481
0.069527326
0.039874245
0.080133945
0.066729163
0.052387507
0.21530274
0.043512165
0.18136445
0.17341234
0.064380613
0.19309763
0.11976259
0.071144476
0.051351735
0.13036704
0.085433873
0.12013563
0.153023
0.11946464
0.023654035
0.14517642
0.070694316
0.1987369
0.02163763
0.10227713
0.13844856
0.061739308
0.19955845
0.10758439
0.080751363
0.16361432
0.11349869
0.008518525
0.17285398
0.15997142
0.1736341
0.11553813
0.06752965
0.014893765
0.11504956
0.0085174617
0.099071127
0.033686265
0.0089920494
0.029779383
0.046855787
0.005761333
0.16040209
0.1483307
0.11771516
0.085489711
0.1773895
0.20758321
0.21576557
0.15157724
0.052421779
0.19181673
0.11317022
0.0057818349
0.080304056
0.14148864
0.062937029
0.10526951
0.013964701
0.16118976
0.14858629
0.091396598
0.13817673
0.10710794
0.088692284
0.20715413
0.18291546
0.12025146
0.17649495
0.20496196
0.066867484
0.11165952
0.20687316
0.014594419
0.058358007
0.063451331
0.076531626
0.17980549
0.14629889
0.097376793
0.033039082
0.1215437
0.048487118
0.18916363
0.023672087
0.12314842
0.054165475
0.19206862
0.019700862
0.059591424
0.001009404
0.085168919
0.0009195779
0.048764684
0.031069568
0.19709502
0.17392885
0.13118381
0.00086167303
0.15475538
0.15365265
0.047540402
0.15763271
0.20458591
0.0011516136
0.15380585
0.11140447
0.10984529
0.15907432
0.20194163
0.15012647
0.099344053
0.10770792
0.0015971377
0.21530629
0.062352902
0.1349954
0.10401402
0.14854862
0.082730664
0.14157328
0.12468066
0.16412409
0.18868141
0.072760191
0.02925939
0.088972922
0.073479081
0.0011662388
0.012445515
0.063142522
0.13123551
0.0012056488
0.18612233
0.017426421
0.19924561
0.10567584
0.0014712673
0.10218323
0.2029226
0.091874024
0.15817542
0.11583946
0.067848875
0.033016418
0.023830519
0.19134618
0.073263711
0.186744
0.18624447
0.10793571
0.20311698
0.15291426
0.18860193
0.19821268
0.15972314
0.17373127
0.14608495
0.17793366
0.028239046
0.18622317
0.048531211
0.14482929
0.08332917
0.049913208
0.064401562
0.080811008
0.12454417
0.056168613
0.11802091
0.13890209
0.2157576
0.045597341
0.18032915
0.13305353
0.17136341
0.047053073
0.14286172
0.051562702
0.15553336
0.17790091
0.0011434534
0.085298351
0.16685747
0.087712963
0.088948824
0.0014550165
0.072011666
0.097051571
0.10740289
0.11586737
0.010467918
0.20700145
0.015792441
0.19845356
0.15127925
0.029733948
0.00080254175
0.20443702
0.17025043
0.14712563
0.15007152
0.058346568
0.14999147
0.16137131
0.096345832
0.19263089
0.18577592
0.066800795
0.027616073
0.17435268
0.085902507
0.16649758
0.19754163
0.09911891
0.00093295157
0.039369608
0.12078145
0.20146786
0.14747142
0.19976069
0.0037421859
0.19158347
0.16797985
0.036526871
0.093006561
0.19924004
0.063493254
0.019607625
0.014382825
0.18208619
0.0047922423
0.12159248
0.00097299649
0.10588974
0.003436597
0.19165881
0.08709252
0.00084898049
0.21013788
0.2152071
0.15512292
0.1567769
0.16153742
0.1480603
0.069537384
0.044859112
0.1011279
0.14888742
0.18553185
0.0047126748
0.021371856
0.11806248
0.02156555
0.027651775
0.13648324
0.19887236
0.0068859892
0.16358947
0.19836975
0.06345995
0.073188264
0.20379073
0.15830163
0.14353999
0.023396033
0.13824336
0.19170117
0.19894914
0.10630889
0.14514822
0.18530129
0.055079411
0.017462363
0.0038825219
0.16068685
0.13327108
0.031956971
0.19509267
0.16692241
0.16231136
0.21535496
0.21586174
0.0049817825
0.155264
0.19887489
0.035245546
0.21533513
0.17988233
0.099960649
0.19336277
0.11088391
0.15772585
0.0074430753
0.16687278
0.073923374
0.14377586
0.0089029697
0.088660033
0.1945968
0.010149937
0.12854987
0.032692822
0.045857449
0.01445171
0.047735414
0.1079417
0.16389358
0.011133689
0.1399975
0.092588831
0.08234095
0.0010320291
0.011186064
0.12416331
0.0037407381
0.11885852
0.13505697
0.19049185
0.11083073
0.024653441
0.04540622
0.016821186
0.16655199
0.00070034345
0.033920617
0.17438755
0.18794533
0.069370339
0.18470305
0.10644754
0.19266271
0.02121259
0.1494719
0.13649884
0.14681311
0.15241475
0.16710655
0.11962252
0.10817699
0.15480043
0.15946686
0.19145586
0.1920438
0.20096513
0.18882584
0.1429846
0.042490443
0.0007147698
0.20606057
0.1493797
0.14715198
0.026629941
0.039793708
0.0038039713
0.097556122
0.15665443
0.13442162
0.030584733
0.15905828
0.20984553
0.10790778
0.20477877
0.12423404
0.054836616
0.012550429
0.068375953
0.12156069
0.07876749
0.019921148
0.037443746
0.15488073
0.071785636
0.089783015
0.071135295
0.010506991
0.01937568
0.18744901
0.00096001447
0.025544496
0.071393609
0.074676003
0.00094184091
0.10027275
0.18836196
0.16993983
0.019760919
0.04357199
0.027214824
0.12892481
0.079521264
0.13194836
0.020519886
0.1316985
0.20800638
0.084518176
0.09397452
0.20707205
0.10030724
0.11500105
0.13293835
0.15650149
0.093023374
0.14677903
0.089483813
0.11411919
0.19434592
0.008361458
0.16485911
0.19136074
0.0029433537
0.0035190569
0.17987942
0.018456423
0.0009328496
0.14361062
0.21505215
0.16165514
0.012308566
0.1608289
0.1996632
0.082486795
0.060408997
0.0051630188
0.20886291
0.073659498
0.055660044
0.10327866
0.016586228
0.18031822
0.18345618
0.20651542
0.032191191
0.045852482
0.048027743
0.020067074
0.0063006885
0.047997764
0.19822091
0.16655215
0.10455721
0.029915268
0.025936366
0.063687009
0.0031658509
0.17996988
0.15048165
0.023827737
0.20202491
0.061496698
0.050143078
0.16555731
0.20377053
0.043828813
0.11413054
0.16036868
0.20322436
0.079472447
0.040208315
0.046703317
0.070733561
0.028895987
0.10342323
0.19916361
0.052956447
0.048261574
0.099489354
0.04620769
0.1380888
0.14623481
0.0023610677
0.16132433
0.052426679
0.15452976
0.15398112
0.11041824
0.10144929
0.1417263
0.0011964684
0.19708719
0.022135743
0.07731538
0.10751061
0.15422615
0.17833291
0.11082487
0.094225076
0.18305732
0.068272296
0.024194667
0.17297993
0.13820742
0.084763013
0.010195115
0.20856967
0.21523028
0.015057367
0.16200079
0.17151232
0.013697836
0.057114026
0.17960101
0.091396231
0.1916951
0.069519065
0.12863049
0.173881
0.032209071
0.14590359
0.21541741
0.15663338
0.046812467
0.035553688
0.19075157
0.074271454
0.17851847
0.0015298583
0.10319815
0.11855398
0.058634739
0.075605606
0.21566349
0.093086757
0.079493004
0.12321276
0.14833138
0.036001183
0.0053533786
0.20290566
0.047439083
0.004545605
0.10075682
0.12034503
0.089703612
0.15267457
0.0078542386
0.15836623
0.033916335
0.085208897
0.012709298
0.19208633
0.040045434
0.05095539
0.032661395
0.13747739
0.045910373
0.035650319
0.00078227769
0.18347543
0.072632749
0.013753803
0.04443944
0.14363418
0.075766805
0.0045372635
0.004659578
0.21526696
0.025837627
0.12696405
0.062196467
0.12997028
0.19093382
0.0061096118
0.13462679
0.029488327
0.1286944
0.16548827
0.13558862
0.093888772
0.0050313889
0.18064025
0.16670576
0.15262109
0.012026267
0.16500955
0.072448215
0.13192799
0.019875577
0.10304699
0.20008772
0.13731537
0.097641603
0.1285826
0.16496337
0.01761392
0.021988612
0.2155061
0.010262265
0.040932651
0.17130998
0.20750703
0.058265678
0.00090698338
0.018921791
0.095422283
0.19258131
0.1843706
0.075432261
0.12727874
0.1030403
0.2118127
0.19116718
0.11302168
0.10394483
0.21572902
0.08293737
0.029275976
0.019733577
0.062613207
0.21527365
0.086208548
0.077487995
0.19557009
0.15366387
0.045240229
0.033601414
0.17469599
0.14655501
0.14112362
0.032675837
0.16064472
0.16327624
0.069345077
0.20338823
0.053655435
0.10044535
0.05413834
0.014577857
0.05890547
0.060600309
0.16400236
0.018148224
0.10004552
0.047150037
0.051010962
0.144247
0.21521302
0.13317282
0.1301196
0.046828536
0.094429414
0.11371645
0.16833227
0.029201067
0.010500349
0.1256385
0.031773728
0.035536185
0.1418401
0.047437349
0.043973117
0.091870341
0.15819595
0.094094876
0.10811589
0.19452853
0.183234
0.063685403
0.081175501
0.12438378
0.14729168
0.16831976
0.18067269
0.19145547
0.17716766
0.16606945
0.19357456
0.11043466
0.04518892
0.090007641
0.0057014197
0.15767437
0.060057717
0.14627699
0.070103026
0.0054119454
0.13206615
0.1946601
0.037939646
0.051542774
0.16551331
0.141143
0.096841238
0.00088515479
0.17394251
0.050547289
0.11360207
0.070677149
0.0012674798
0.18479787
0.18065952
0.059413337
0.028433783
0.010625118
0.014502253
0.020336562
0.025905059
0.014193015
0.095998759
0.11391369
0.00084507985
0.087594408
0.20723421
0.072160397
0.11339882
0.17029005
0.16351496
0.056669462
0.00097998631
0.08813645
0.11957232
0.068767005
0.0014403672
0.17311454
0.033831008
0.15958845
0.027569696
0.080473842
0.17304794
0.00087980648
0.10920024
0.043985824
0.063541093
0.16279854
0.15176078
0.0059537907
0.012014279
0.14851066
0.087700385
0.083117844
0.15606937
0.049185825
0.022053848
0.15305369
0.17561982
0.035497423
0.099801851
0.027812049
0.20482489
0.0012143109
0.095398545
0.00456545
0.0012038369
0.092673363
0.16939086
0.17374055
0.056190983
0.11621156
0.18137286
0.0065910074
0.040581382
0.13268351
0.085764601
0.089477821
0.1689719
0.042108585
0.098665335
0.010644774
0.0070079738
0.19578188
0.10456044
0.079647286
0.0042588295
0.14566223
0.076552316
0.11377598
0.031647704
0.18408464
0.051319173
0.18759225
0.1287989
0.020544728
0.025575742
0.1313848
0.11472898
0.10679388
0.01820827
0.00080817634
0.094389093
0.1536375
0.0032234577
0.11172677
0.16332245
0.064944592
0.056725734
0.033296379
0.043309457
0.021537599
0.022707742
0.12794647
0.037648967
0.044188686
0.13058116
0.16471842
0.075508825
0.14617386
0.0011539536
0.01682301
0.058478421
0.19107387
0.13114488
0.19765326
0.17318497
0.14043004
0.15895742
0.17067354
0.091353903
0.13422018
0.18765988
0.049117004
0.0015011192
0.10618974
0.20720958
0.14130065
0.099610841
0.039003265
0.15309138
0.16015208
0.017657229
0.1088869
0.05785053
0.14161648
0.054448016
0.11349871
0.045452137
0.014509319
0.14283454
0.21575777
0.041114757
0.082658661
0.20528104
0.073234896
0.20128067
0.084017178
0.14545197
0.012649904
0.19009621
0.023387194
0.04574141
0.030654542
0.017829473
0.14008476
0.13604121
0.20973172
0.19969177
0.029196155
0.16823563
0.18898147
0.12923636
0.10639351
0.15891271
0.12505978
0.14111505
0.15570282
0.06339076
0.061661654
0.096041648
0.0839239
0.052659544
0.023173221
0.2141174
0.046623623
0.14019367
0.21525546
0.21524659
0.050536837
0.17773613
0.0091298382
0.17968735
0.13212437
0.10349048
0.12156917
0.12869054
0.18080747
0.010552576
0.18886642
0.10547724
0.14534921
0.062457226
0.062394138
0.053408101
0.10481051
0.18174155
0.17230471
0.086325864
0.1852187
0.20105724
0.10622511
0.00088957303
0.1330562
0.19550004
0.20850343
0.17754714
0.13830688
0.21431332
0.20102683
0.099875339
0.20492087
0.20421579
0.028221398
0.079367762
0.18727426
0.082521847
0.19453961
0.037093403
0.20414288
0.098606712
0.16086545
0.1275698
0.20138533
0.13447178
0.02827304
0.13644836
0.054110392
0.022705136
0.0084802786
0.0011484502
0.093848472
0.000908566
0.14551768
0.19025402
0.15330017
0.0015278202
0.21485601
0.18176849
0.2036362
0.040323468
0.050702166
0.158864
0.028121127
0.17069768
0.16967063
0.044802622
0.052560196
0.21330744
0.02814567
0.075925671
0.011086806
0.12273819
0.12309588
0.15030674
0.044371002
0.089491358
0.20143766
0.18155344
0.056745599
0.098253549
0.017212569
0.14039304
0.12274174
0.11171761
0.15799302
0.10544014
0.21525103
0.21561316
0.09746758
0.0015759993
0.21573926
0.13358413
0.009295504
0.02863785
0.062180497
0.085760636
0.090878873
0.082348213
0.11820333
0.095996103
0.049046133
0.16839646
0.095070282
0.047423127
0.18261415
0.20717232
0.13659574
0.12204035
0.11337412
0.17130071
0.024627823
0.20725052
0.10167139
0.011586331
0.055053883
0.018478757
0.010122485
0.12792926
0.0097497775
0.09335616
0.069389306
0.12813433
0.013813752
0.095953478
0.13985072
0.066196058
0.20754283
0.03046545
0.022284239
0.2148289
0.15296052
0.10075621
0.14769568
0.036089656
0.0057236854
0.019358568
0.20107269
0.12315469
0.12411106
0.11346679
0.12691567
0.12897925
0.054107098
0.17736416
0.17625793
0.18948568
0.19816641
0.029587599
0.040122063
0.079185454
0.093674167
0.045969638
0.11279664
9.0503771e-05
0.1506145
0.069206035
0.001465798
0.065268493
0.0060759777
0.206194
0.13293553
0.20387102
0.023956406
0.053530852
0.092763689
0.12564957
0.14818041
0.031215954
0.065804094
0.073559862
0.030967839
0.14389003
0.17668925
0.19143396
0.12857533
0.1510607
0.1911225
0.049469634
0.17685204
0.16671545
0.14509818
0.17572834
0.021955828
0.072892877
0.20636816
0.088105342
0.0092885305
0.1899147
0.1560175
0.099018547
0.14960979
0.069530613
0.072783832
0.07615232
0.15158771
0.12026497
0.14676347
0.015521033
0.0054297843
0.07522511
0.0011054451
0.04851278
0.20609331
0.17442861
0.082856976
0.087182564
0.070452076
0.064699627
0.16434619
0.11750071
0.01590296
0.14934459
0.032522253
0.18934279
0.12426669
0.064381533
0.21528503
0.16875345
0.18956184
0.07362318
0.064682817
0.13887634
0.10980869
0.14456659
0.16501242
0.20575343
0.083424002
0.034793264
0.084373524
0.18216676
0.20550063
0.20207664
0.082638536
0.057797616
0.0470425
0.096809097
0.057735523
0.17077368
0.12708608
0.023782452
0.0010785436
0.1945883
0.021891949
0.17541352
0.20598721
0.1641085
0.1774886
0.15030221
0.15831895
0.0011702483
0.20641698
0.16258934
0.018230013
0.09262759
0.073039704
0.12843349
0.10730563
0.042908862
0.19361393
0.03787469
0.18483645
0.072084372
0.11512063
0.10712516
0.18901272
0.10606176
0.12833386
0.042153446
0.16575193
0.072620351
0.0014426437
0.12973495
0.11441752
0.11849225
0.16023477
0.15376321
0.11072704
0.027451441
0.0013624706
0.093001934
0.036048362
0.18319371
0.17692695
0.00089939246
0.072397256
0.13721881
0.14718196
0.0064405483
0.10221821
0.042934826
0.014589822
0.0066529919
0.16098692
0.18298045
0.19181402
0.099136406
0.026021227
0.067885655
0.17448224
0.048286891
0.19272529
0.047411038
0.00096824723
0.15608391
0.1423935
0.20440357
0.006766764
0.15207272
0.0829661
0.21267054
0.065543667
0.0014606017
0.14178222
0.13044184
0.10225399
0.068785634
0.0012318991
0.10870618
0.13457007
0.12149931
0.11456947
0.085455528
0.0009234636
0.036986595
0.21526011
0.0073598769
0.13348467
0.0029275446
0.073303771
0.043694277
0.21525637
0.13183542
0.15168356
0.18476033
0.13659102
0.18772834
0.0013864012
0.19949584
0.10425576
0.12113665
0.016162431
0.0014563089
0.19710043
0.17209427
0.12139205
0.14508941
0.0049725915
0.056205284
0.12990646
0.078573926
0.039962563
0.042963519
0.11739231
0.11590447
0.048021777
0.0067263509
0.19869969
0.14461534
0.050063003
0.097529257
0.053179984
0.11119729
0.056964465
0.048823883
0.096767645
0.1559429
0.21013658
0.05650112
0.0010161949
0.11799678
0.021130868
0.072665231
0.017131383
0.1289133
0.021773348
0.0098692639
0.15942343
0.040434653
0.058300549
0.011392308
0.11772754
0.0060583266
0.06810344
0.029789003
0.18434374
0.19973697
0.11072794
0.0011577843
0.17396605
0.0050131561
0.00059412241
0.21551375
0.041577785
0.15031269
0.08614315
0.054978517
0.019120327
0.12613474
0.15404946
0.11423832
0.018867805
0.12651722
0.2066105
0.15928437
0.16916173
0.0057667974
0.16501495
0.12683936
0.012913986
0.12579741
0.031670935
0.058442932
0.20607137
0.19448582
0.12894255
0.21563307
0.056264658
0.00074379919
0.10609182
0.094367408
0.052555253
0.020292362
0.15734905
0.16832781
0.054783219
0.074470055
0.084182698
0.10385531
0.02875652
0.16460642
0.0066408808
0.052202911
0.19128297
0.13022539
0.045372864
0.026388076
0.21561912
0.060206651
0.1279712
0.001364266
0.11951596
0.12550459
0.18496584
0.12997913
0.080689188
0.21527009
0.18964401
0.13143892
0.12337308
0.19262438
0.028738716
0.096439839
0.1933707
0.16799585
0.094004688
0.14661241
0.04042879
0.073709816
0.018173119
0.19727044
0.18825718
0.21575498
0.11475804
0.1323272
0.064169012
0.10358009
0.12280632
0.0051870599
0.047118902
0.024335729
0.21519842
0.18472363
0.087259869
0.12523186
-0.00034278576
0.066610329
0.20811055
0.0062405267
0.18507604
0.14631803
0.18394281
0.11015227
0.14610273
0.13811864
0.10773703
0.029519199
0.1840437
0.050012875
0.17919455
0.092917874
0.025373275
0.19391918
0.021962037
0.18167398
0.13282208
0.16526438
0.16608993
0.13163039
0.048083455
0.04729618
0.074249868
0.027617197
0.024606817
0.14639074
0.12395002
0.00035816738
0.045806754
0.17474602
0.14728393
0.080560284
0.015035448
0.042201415
0.0124287
0.015739404
0.12054655
0.17405772
0.052628269
0.03697861
0.12442859
0.034621452
0.076692549
0.13285052
0.18397969
0.059840082
0.014917948
0.048078518
0.16465529
0.0009279963
0.078485846
0.012616647
0.10847929
0.00036998531
0.14164076
0.10687231
0.037336026
0.0007403142
0.20348771
0.0049768229
0.18974654
0.032740136
0.21543485
0.0010139345
0.20170042
0.16342006
0.040330431
0.17046868
0.065898817
0.16117157
0.12377873
0.0098102112
0.026155574
0.094404456
0.09679405
0.18192043
0.18450955
0.18874347
0.019362657
0.10107534
0.19143643
0.049767333
0.0011579199
0.14323421
0.15816232
0.053603575
0.07858075
0.080845493
0.17455721
0.11390914
0.027583477
0.082378012
0.1040252
0.03343038
0.11149534
0.034052264
0.13559456
0.020474787
0.17979236
0.069977273
0.17265769
0.16117254
0.14530483
0.043427492
0.1350653
0.1006748
0.20581797
0.073442418
0.13550702
0.17632866
0.095141005
0.10073858
0.10824188
0.10175014
0.1830677
0.073369185
0.1699052
0.16177804
0.10600449
0.18066954
0.084623624
0.14703046
0.064993683
0.085811452
0.00084808874
0.078607946
0.06943198
0.085019938
0.15470006
0.021714591
0.1063434
0.07225788
0.013297397
0.18810722
0.13501922
0.21563014
0.11438622
0.039999541
0.10127407
0.10803439
0.18423034
0.07765825
0.1976347
0.1969325
0.06856308
-0.00094368629
0.068212305
0.084950884
0.067022074
0.12627914
0.05433677
0.12178944
0.20247241
0.099083458
0.10779708
0.20162906
0.11216553
0.20520018
0.11866671
0.077229138
0.034679562
0.034380941
0.095495262
0.19650232
0.014944324
0.072478025
0.15389091
0.16589011
0.18583068
0.17161937
0.2160033
0.11170842
0.11166377
0.015169516
0.1979628
0.0012594841
0.014507386
0.045294468
0.13107489
0.0975751
0.10370317
0.036717891
0.20607985
0.172853
0.11726756
0.16353444
0.095257165
0.079128129
0.16975237
0.19876508
0.13748649
0.19870162
0.18181991
0.11892833
0.12598201
0.086020874
0.18266625
0.00058014647
0.12493774
0.091812886
0.027895381
0.16086154
0.074079326
0.21527897
0.025584784
0.18286389
0.0010730129
0.18749728
0.044099111
0.041794215
0.051738428
0.065686313
0.019907511
0.049219287
0.07496439
0.16767936
0.077848526
0.16606552
0.023881888
0.04630799
0.10836289
0.14693299
0.16996263
0.16283651
0.055360646
0.054303106
0.096942601
0.14506115
0.16306165
0.10505435
0.16839925
0.065351446
0.057102271
0.20281991
0.087175844
0.1415077
0.11391096
0.025582138
0.057069321
0.02766571
0.0012551215
0.10208817
0.0053540351
0.16277275
0.014559628
0.18608463
0.12302028
0.00079603821
0.035267936
0.04248891
0.00038827452
0.19476857
0.19558503
0.1233637
0.1138801
0.20008993
0.20957294
0.19536219
0.082634725
0.18331925
0.14198954
0.035433594
0.14106362
0.095178675
0.15250656
0.062124758
0.083965816
0.094248357
0.086893294
0.14850913
0.20019865
0.13720658
0.20321332
0.16608658
0.19531462
0.20526268
0.065741594
0.041726707
0.12435531
0.13198742
0.058524948
0.086010363
0.065150679
0.068268176
0.042452671
0.20726019
0.0215767
0.14164442
0.015229645
0.14827595
0.19068105
0.051613956
0.19774065
0.11571332
0.055690862
0.14130967
0.035865548
0.17199579
0.1139637
0.065138292
0.049351143
0.19558923
0.16956275
0.071855114
0.1489773
0.17442368
0.026635807
0.074779388
0.14778323
0.1444918
0.18744182
0.14230948
0.19193971
0.075532823
0.21527017
0.094112342
0.016720054
0.018733972
0.20584435
0.047289197
0.19681399
0.05896328
0.17531539
0.16462261
0.16318466
0.18472843
0.022613059
0.17426126
0.11645308
0.046686088
0.21547769
0.19607347
0.0015397122
0.17189184
0.16722743
0.20322859
0.12122479
0.061382006
0.066531291
0.21574576
0.18928867
0.1047259
0.15394445
0.070842735
0.051438234
0.11251942
0.13440045
0.068383375
0.046244514
0.14725848
0.18242898
0.039527425
0.081271729
0.0098988782
0.086745597
0.020611895
0.034585519
0.0099103678
0.19121317
0.061688785
0.20049204
0.15753484
0.032413205
0.041989681
0.068026548
0.19454788
0.065613789
0.15962033
0.16154373
0.079437418
0.15540197
0.01460566
0.068719308
0.090477171
0.0011593142
0.18415589
0.20210652
0.077471099
0.015675917
0.13553002
0.20513824
0.088812871
0.11520237
0.13737738
0.12986123
0.16543272
0.1820405
0.13651282
0.015034226
0.083826562
0.066339683
0.056282132
0.19489133
0.047358744
0.016327876
0.20807801
0.039735277
0.20650696
0.1469118
0.14035166
0.20549109
0.039629901
0.19830967
0.015176422
0.21566177
0.00075949372
0.1059692
0.11440651
0.17023003
6.0991792e-05
0.017144597
0.17530391
0.16152082
0.055913015
0.098984145
0.2069036
0.084930746
0.01716536
0.12018733
0.0014700593
0.20239819
0.19776159
0.20278836
0.21570743
0.14686175
0.080459458
0.043235325
0.16067669
0.17553641
0.099711384
0.057516589
0.053480314
0.21529812
0.17682841
0.085334243
0.15808126
0.015006712
0.038232626
0.16747271
0.20135096
0.078154962
0.08852689
0.00060209386
0.015684512
0.069894886
0.1555785
0.086124679
0.099135036
0.083752693
0.18558054
0.02355592
0.14268943
0.21538914
0.0051444178
0.02567893
0.1975063
0.063909052
0.04733281
0.17739998
0.1398721
0.0087643693
0.093041222
0.028738765
0.21543346
0.17519777
0.018345452
0.044415701
0.15525556
0.058654676
0.15946098
0.014535451
0.10051912
0.18008836
0.082037867
0.16211202
0.20150494
0.009691831
0.18754763
0.12570038
0.16692805
0.19467337
0.19069175
0.072660639
0.10371473
0.14174391
0.11859108
0.10010123
0.20126091
0.051522014
0.028551706
0.088667932
0.098171212
0.15792126
0.10349626
0.20938293
0.0045607691
0.066872275
0.016264848
0.21547469
0.025602086
0.20674652
0.029902472
0.14939686
0.11513988
0.15354122
0.14061655
0.02134553
0.1158128
0.014190548
0.15539509
0.13796819
0.085716518
0.04963604
0.12521646
0.0049827037
0.10163865
0.19216712
0.16695959
0.039253654
0.15158115
0.13907722
0.17464454
0.15575932
0.16319863
0.059012291
0.2007679
0.16521291
0.027455161
0.10970792
0.015598787
0.077152299
0.11679596
0.10923166
0.00089623194
0.11395768
0.089061421
0.062618754
0.03216877
0.21537644
0.062046733
0.049331338
0.04307775
0.029216013
0.0634847
0.034446271
0.21570318
0.19829177
0.21547507
0.0095474251
0.17676238
0.078203291
0.011799983
0.1940978
0.19183645
0.0009389759
0.081131477
0.032446345
0.14635314
0.14307967
0.035958212
0.1977023
0.10272116
0.019318776
0.041761604
0.025158641
0.13571025
0.13031018
0.10061127
0.033190165
0.014755304
0.11121414
0.043670644
0.0010464578
0.11473614
0.0994388
0.1821343
0.089331873
0.094251199
0.11216951
0.078524063
0.034793535
0.043516802
0.031583539
0.073125189
0.15534683
0.20655945
0.17534568
0.070166341
0.095939556
0.00085377478
0.11102825
0.072188042
0.059250089
0.093417168
0.20024114
0.21542331
0.073502709
0.20216162
0.19660702
0.023703256
0.027519613
0.0077277174
0.18958417
0.0086165933
0.078407038
0.01255702
0.074221248
0.044319313
0.11295946
0.10119304
0.032373375
0.062372307
0.14278656
0.12877425
0.10141659
0.043637465
0.094472178
0.12489045
0.070360451
0.08953869
0.10484448
0.070765069
0.13456846
0.13389342
0.089499285
0.1995929
0.12297963
0.13023719
0.027612748
0.183063
0.080786814
0.12954531
0.085730259
0.016556106
0.063908114
0.058107731
0.044261298
0.20421195
0.21528049
0.12687368
0.072910635
0.1459664
0.20137572
0.074480241
0.06333552
0.097869464
0.11475472
0.11405514
0.13265905
0.0032197584
0.13020228
0.14708056
0.17714528
0.046566602
0.17750195
0.10856273
0.14759653
0.1018153
0.18468561
0.14366991
0.032062382
0.18404813
0.038324025
0.10866051
0.0393405
0.043703906
0.00033185131
0.14209255
0.10859922
0.063300184
0.0026196739
0.18711205
0.12819786
0.17197948
0.089281917
0.21554166
0.18269372
0.073242678
0.0071743694
0.16437164
0.10474684
0.10794069
6.6241251e-05
0.004492628
0.033067271
0.1350917
0.16651415
0.033594662
0.067689838
0.10503859
0.047328149
0.18587868
0.20305307
0.063853382
0.055119786
0.16393095
0.025483041
0.091749777
0.033502321
0.054886433
0.14350186
0.069625643
0.21546048
0.045978775
0.080330382
0.18670827
0.03958407
0.12724898
0.13872575
0.12205472
0.21581281
0.12566596
0.023310285
0.032415507
0.1920929
0.19611772
0.10025488
0.10674083
0.093500426
0.19218367
0.15506855
0.11134285
0.0089412075
0.097442857
0.00079208123
0.162097
0.17329723
0.17610938
0.10523017
0.17387167
0.1713258
0.043763109
0.14931796
0.18599085
0.03083265
0.094452027
0.069736257
0.093563466
0.12678035
0.16470495
0.18283364
0.19976576
0.10144941
0.10936907
0.20653495
0.13681777
0.06702435
0.042136785
0.20630954
0.0097806169
0.098914128
0.15023398
0.18396312
0.15579616
0.046047431
0.11822568
0.063020072
0.035739676
0.033540025
0.072158922
0.16084562
0.066300756
0.061893198
0.21543625
0.011269259
0.039239234
0.011013008
0.062531744
0.070109025
0.09780817
0.069536327
0.21309908
0.037149711
0.0033169202
0.11322398
0.09097631
0.010452404
0.064805096
0.061665292
0.099869236
0.12150704
0.18933149
0.21570712
0.094581028
0.0073645647
0.034945165
0.18761835
0.094553948
0.18543295
0.028018772
0.14652228
0.020547359
0.011216782
0.048268614
0.1066569
0.2136992
0.066458802
0.14404796
0.19304868
0.075613171
0.1322857
0.038673764
0.13393378
0.13689943
0.16623067
0.035458658
0.1491142
0.20853569
0.130839
0.13976199
0.11150779
0.2050219
0.20398556
0.027147467
0.11191594
0.13967296
0.0350598
0.13151611
0.029312192
0.099638041
0.20192196
0.043441497
0.015371262
0.21577456
0.0069770377
0.0096076535
0.039621569
0.1483271
0.16501423
0.15117475
0.03897463
0.19243828
0.01254563
0.12038241
0.0038656323
0.0013822331
0.055406518
0.12592991
0.12654199
0.066794161
0.18425227
0.052614592
0.19722488
0.0094689546
0.13352466
0.10731855
0.20420409
0.089980866
0.055506912
0.00062147994
0.11459775
0.10341054
0.10575813
0.098599545
0.16110749
0.13120952
0.073580419
0.14250599
0.031895852
0.043834087
0.064779025
0.014469695
0.053633219
0.18086761
0.15235323
0.0090170355
0.017267687
0.10349447
0.11901802
0.090370393
0.098384141
0.21524201
0.032394504
0.085509043
0.047396977
0.085276616
0.16251107
0.15043963
0.15607786
0.055178256
0.01031881
0.12615404
0.063728649
0.05750177
0.16209718
0.12682932
0.038879271
0.10457515
0.16895166
0.081475756
0.18071509
0.16158829
0.2154336
0.14937758
0.11030403
0.18427841
0.16231798
0.026121106
0.0077522456
0.055716362
0.13227553
0.045925894
0.086628776
0.076842957
0.11434977
0.18992304
0.21551161
0.12442695
0.010729409
0.041570211
0.014665448
0.078380763
0.0087184646
0.18835284
0.011866285
0.047336061
0.065762659
0.1795039
0.035464114
0.15318339
0.07298557
0.042169682
0.1978205
0.01108693
0.15185959
0.038636304
0.010400895
0.08454178
0.059438411
0.009028105
0.19181997
0.083694849
0.11246948
0.0025328467
0.039733497
0.061063867
0.17234647
0.047645585
0.17778268
0.045868559
0.16237523
0.10035001
0.075186892
0.099603519
0.08183772
0.099698451
0.065057844
0.16185525
0.19616295
0.059540734
0.05910273
0.1167856
0.14296308
0.075635506
0.11885296
0.19767457
0.020218304
0.130229
0.16412368
0.14136762
0.16501474
0.11403887
0.063840988
0.20291928
0.056414859
0.15737768
0.13202608
0.15430893
0.10931825
0.18214207
0.055343664
0.18281461
0.20449158
0.10222018
0.055436676
0.0073602002
0.1009569
0.046609875
0.15198358
0.042586543
0.028057142
0.10688104
0.17239325
0.059581364
0.15462057
0.18108974
0.12289461
0.028152634
0.048878038
0.17884431
0.032288619
0.064503595
0.070351765
0.18063379
0.015686351
0.026233228
0.11645529
0.034198075
0.18180186
0.12925598
0.03069023
0.051370237
0.025501525
0.055758525
0.036090502
0.08498797
0.084340964
0.014792085
0.054873609
0.073115067
0.099611195
0.19736637
0.019531778
0.20291684
0.083832606
0.16500028
0.037770737
0.16464974
0.036190611
0.14138616
0.0089567796
0.10136463
0.20025637
0.08703283
0.18849156
0.20740379
0.04759114
0.10557918
0.10357515
0.093553113
0.11674687
0.19504438
0.1243649
0.21561413
0.00095507854
0.13888216
0.032459389
0.047287146
0.057565963
0.19323473
0.16332841
0.0443409
0.058509567
0.0078437234
0.00045772668
0.015168824
0.10978417
0.027023373
0.045552609
0.035866916
0.17329049
0.021698415
0.036170558
0.11798194
0.21528859
0.11923161
0.14669418
0.019221334
0.039070985
0.0051847466
0.098936152
0.16841199
0.073388086
0.20342181
0.0050170913
0.2156159
0.039483537
0.1216235
0.21568457
0.014753774
0.19985346
0.1618567
0.17407687
0.13498275
0.012843432
0.026269527
0.071600085
0.04246947
0.08421031
0.18619841
0.20449296
0.07386465
0.055362401
0.19440973
0.011182767
0.022738251
0.13013107
0.10439152
0.17108041
0.00090628575
0.083541458
0.15286329
0.14606348
0.18403735
0.088031378
0.11160068
0.09638475
0.039364426
0.13184497
0.0011931881
0.059012319
0.15963675
0.14314884
0.023730099
0.051336339
0.094292541
0.074017619
0.17130462
0.12088766
0.044413836
0.051324244
0.16039951
0.17475579
0.16251987
0.18510372
0.17174266
0.079841153
0.11271891
0.16237874
0.18402566
0.18254763
0.18462419
0.061947276
0.036400311
0.1460531
0.018460959
0.14066513
0.17575267
0.023529013
0.20745202
0.12685346
0.036644344
0.12630836
0.10483526
0.15456123
0.13291127
0.19714601
0.099272009
0.09827181
0.048947641
0.03652912
0.088206382
0.037933583
0.16220964
0.0037856572
0.056793446
0.039316774
0.1533378
0.00096215809
0.17601699
0.15878246
0.14759216
0.011579046
0.093175324
0.054340268
0.12773905
0.17491072
0.014575573
0.18652333
0.051513848
0.086246201
0.056786834
0.022752202
0.15365931
0.00071211428
0.011394827
0.14783346
0.010983188
0.098448834
0.03412541
0.11977814
0.073292343
0.064823474
0.0010920698
0.084269417
0.064098811
0.19131121
0.14702859
0.16162664
0.10137776
0.0088065912
0.18415336
0.14744724
0.021024552
0.0015012078
0.0046127193
0.045211559
0.14107356
0.089893849
0.050028904
0.014856581
0.18055222
0.046495681
0.087661021
0.094626763
0.030426393
0.11759016
0.0010922471
0.04205051
0.17344619
0.11954388
0.041436098
0.073536107
0.057343218
0.0089869844
0.0039349947
0.15250168
0.13495673
0.1014567
0.051623946
0.13133266
0.087727416
0.17590235
0.033803243
0.083584947
0.19604703
0.0051668291
0.098567613
0.18820168
0.081069917
0.12151763
0.10583823
0.17825613
0.048574998
0.13041441
0.1993002
0.010560431
0.041552426
0.21575174
0.035078914
0.055400966
0.057940013
0.08743153
0.20367632
0.10947077
0.19594189
0.1414186
0.10146585
0.13360436
0.21547626
0.00047299408
0.18013833
0.050957105
0.038409126
0.076102082
0.11257057
0.099649131
0.10438741
0.11873783
0.026615635
0.086608133
0.18905522
0.097175892
0.21561159
0.033060347
0.047105054
0.13629486
0.1679478
0.077556161
0.15406895
0.08660987
0.086790858
0.092736846
0.070924019
0.1891073
0.12665686
0.10213053
0.11384611
0.10499
0.072799424
0.092786395
0.19460511
0.025351467
0.077794594
0.14929202
0.065416015
0.12781527
0.2042668
0.044140972
0.10483876
0.15825558
0.089176547
0.047936413
0.046824432
0.035196765
0.073553303
0.13349881
0.19002343
0.0049562195
0.10068711
0.10721396
0.1935052
0.19013969
0.030475122
0.054524378
0.17246905
0.14048419
0.061539693
0.016659308
0.014470205
0.032550595
0.096067773
0.039582992
0.16037869
0.025893521
0.0011782421
0.093422514
0.088883404
0.13787369
0.20256869
0.00059996585
0.080167641
0.085856569
0.11838626
0.10749221
0.052861816
0.17814722
0.013266228
0.079765856
0.17218376
0.18613683
0.051106115
0.10815218
0.18134174
0.076993777
0.10190363
0.009069077
0.088804926
0.030839556
0.016582436
0.070318426
0.15768478
0.13387426
0.016724753
0.040621917
0.09085742
0.17955533
0.072146068
0.013184889
0.050909637
0.018127803
0.18580786
0.054161215
0.086722263
0.007590521
0.15751227
0.098829039
0.086263151
0.17097216
0.13615979
0.091638494
0.088044127
0.18815096
0.042811789
0.024595914
0.047101179
0.04079329
0.068172947
0.19139489
0.21516587
0.10497716
0.10506075
0.035079227
0.15982379
0.08494564
0.071534645
0.034746398
0.15480949
0.014995443
0.036392868
0.17442282
0.049653237
0.19662896
0.007686016
0.071708498
0.044634425
0.16466791
0.15150844
0.16047868
0.032497971
0.21544246
0.0047649057
0.050304798
0.19629137
0.053997512
0.10353551
0.14951754
0.083905372
0.18694543
0.11328845
0.049580054
0.18740861
0.094939017
0.1326524
0.051381413
0.1156611
0.13057988
0.15806662
0.18343515
0.057665975
0.16799869
0.2152707
0.00039039727
0.10238065
0.08661581
0.11968371
0.037674591
0.077314466
0.055415224
0.049863229
0.08005532
0.10621491
0.19858857
0.0014144419
0.1184038
0.048086426
0.18065429
0.08931932
0.0015087126
0.165284
0.13495497
0.13494953
0.018931342
0.00049815969
0.1181439
0.07203466
0.15658466
0.14618644
0.04159935
0.038328862
0.10697719
0.022927878
0.13603472
0.092474838
0.032919488
0.13366645
0.18830688
0.052284865
0.024789594
0.037705118
0.024072026
0.15016416
0.027957487
0.13368281
0.10421099
0.14721937
0.15918571
0.15469097
0.13502337
0.094260451
0.072090671
0.20016066
0.059139159
0.00087132047
0.0044562699
0.17952562
0.030458297
0.018943658
0.14035494
0.1230716
-0.0007057804
0.062647374
0.18065482
0.020467146
0.17950699
0.02858068
0.085453696
0.024370311
0.025833501
0.0089807187
0.17385907
0.028047596
0.12092191
0.02964457
0.066574968
0.10261788
0.20243719
0.05497193
0.0045618518
0.20591712
0.16771327
0.066491547
0.098763666
0.055268724
0.10875927
0.055428691
0.015638478
0.17496539
0.10764679
0.048971295
0.17388923
0.00094061038
0.11070032
0.20061693
0.020317696
0.18121913
0.20276945
0.0098373513
0.033759566
0.010852996
0.030141143
0.017111
0.047500664
0.07731689
0.033936523
0.13489756
0.047547704
0.062967814
0.012403269
0.047083624
0.057824196
0.084883974
0.00050331748
0.093216381
0.082811629
0.0054840555
0.063621906
0.057318404
0.11813379
0.021882106
0.080246425
0.059737706
0.074174187
0.17725166
0.061598554
0.010513235
0.10007783
0.11475136
0.081233765
0.015878393
0.00095916859
0.16740749
0.025313468
0.028270296
0.069650325
0.1480307
0.097052004
0.1356901
0.030788083
0.0014902313
0.14542641
0.20827311
0.062587764
0.028806827
0.10600878
0.10464346
0.11543859
0.061695224
0.18755301
0.0091632365
0.1267936
0.18321016
0.082393223
0.0054635083
0.075082524
0.19405977
0.08388038
0.16450458
0.0053258956
0.13832855
0.056554433
0.20993755
0.044669063
0.00089840013
0.089664288
0.067005658
0.043888435
0.09719297
0.034792838
0.029482126
0.067186153
0.21591183
0.20420064
0.16111999
0.2033355
0.0010186832
0.158566
0.14866813
0.15231626
0.048454109
0.079227005
0.1943242
0.19585359
0.15416728
0.07015344
0.19298906
0.0075325127
0.13772721
0.1739159
0.19880868
0.076513697
0.020212499
0.06897427
0.19643163
0.027732552
0.05264314
0.16136165
0.020059709
0.0050712001
0.1857624
0.04022399
0.11323082
0.098814181
0.07903115
0.19101416
0.16090157
0.18825009
0.19247685
0.10018462
0.062002346
0.053083029
0.046473448
0.04951724
0.00067349913
0.12275063
0.19241557
0.10812663
0.17854629
0.046544112
0.031688009
0.00097693511
0.20333043
0.057763761
0.16351031
0.070383637
0.086750172
0.045999858
0.12344109
0.15901583
0.079099856
0.076086322
0.033214533
0.092258176
0.21591905
0.18066186
0.028520882
0.043451701
0.01982294
0.20748824
0.049130923
0.20067815
0.023687901
0.018122528
0.025470389
0.063683436
0.1061177
0.17780225
0.11457958
0.040093971
0.00071557659
0.020210445
0.020768492
-0.00025458277
0.14978346
0.19720453
0.083182753
0.050488322
0.12626577
0.13174498
0.046397316
0.013669257
0.039038633
0.1145619
0.049265299
0.19254518
0.16871207
0.17073451
0.068554706
0.12442132
0.18388223
0.04082402
0.12342876
0.13173595
0.0647922
0.0010788318
0.13697884
0.11792637
0.020801341
0.18986002
0.20601489
0.15608471
0.08776686
0.18575181
0.00056946476
0.096817827
0.053068746
0.14075675
0.055821928
0.14528706
0.18460381
0.02567363
0.072082374
0.16840139
0.037598952
0.061614692
0.19168633
0.025481316
0.0090673137
0.051086128
0.16743565
0.00092787799
0.16070232
0.18076786
0.0071454309
0.02814015
0.17467775
0.19903043
0.0015039141
0.035715922
0.18250974
0.21537837
0.025650633
0.095154209
0.16393332
0.13776105
0.052535719
0.064873319
0.052779657
0.028666518
0.1123734
0.21583339
0.071154802
0.12623503
0.065590876
0.074159614
0.0079133899
0.001016669
0.086149904
0.11021787
0.18031212
0.21535346
0.030700051
0.038239889
0.14393758
0.09322713
0.098302204
0.091964787
0.12669382
0.025358614
0.032745906
0.1280904
0.039638073
0.169861
0.21541595
0.053142646
0.11888356
0.070978439
0.030296425
0.0088952979
0.025209626
0.05087042
0.064030835
0.015337378
0.21539164
0.097693342
0.1742277
0.14805986
0.10331164
0.12138828
0.14805559
0.030745494
0.1844105
0.055203215
0.11802261
0.017615703
0.14365068
0.12703344
0.014983398
0.15864295
0.10827767
0.063954695
0.0080788057
0.20232087
0.1685954
0.12707916
0.20477233
0.14746047
0.13462471
0.0048067369
0.14829354
0.12535482
0.12023946
0.0012594788
0.081133151
0.10890345
0.13423009
0.16904807
0.13689784
0.058470278
0.096435945
0.075090852
0.097110609
0.049983517
0.19072777
0.052783675
0.18884178
0.026799636
0.20614558
0.10990853
0.029310595
0.047273942
0.11432549
0.16682631
0.11105588
0.051379158
0.18552638
0.095817588
0.0047818706
0.14415204
0.10748775
0.030808511
0.13957441
0.11522234
0.14763835
0.02700399
0.11066015
0.1081476
0.024683303
0.069470037
0.0011877068
0.030692837
0.028316609
0.065775934
0.073384057
0.15262354
0.087985939
0.19411871
0.11416173
0.17856478
0.21545807
0.086690231
0.00089564074
0.12409204
0.016827429
0.20310044
0.17237335
0.057208262
0.062342472
0.14865998
0.025957397
0.074088816
0.052288897
0.037880377
0.0014750318
0.06422261
0.11699985
0.12536417
0.0014643017
0.14835927
0.010597664
0.10055692
0.083844635
0.081716496
0.090359779
0.11772883
0.16851153
0.029939092
0.19199211
0.038869458
0.20416469
0.1240965
0.077631717
0.062145665
0.10099441
0.10938719
0.21531345
0.082001479
0.071594595
0.023913358
0.031987076
0.081489147
0.10517796
0.13007846
0.19481934
0.093176495
0.045762066
0.14580629
0.0908284
0.15932754
0.01583792
0.069774552
0.16146437
0.13779477
0.16567787
0.2131336
0.0010189575
0.17115308
0.090909757
0.014784251
0.059644955
0.15711762
0.12612584
0.21557401
0.024802287
0.19787714
0.14157545
0.060473818
0.17773178
0.16915602
0.17658068
0.17024479
0.20924936
0.041260403
0.046440883
0.13703976
0.16138537
0.13133007
0.055130378
0.08093624
0.21477475
0.041312833
0.1779605
0.093114284
0.20559129
0.094664885
0.049286563
0.051198397
0.091237462
0.16598162
0.12909994
0.084598505
0.033920727
0.19415665
0.17863336
0.061376895
0.05339841
0.098422036
0.040357905
0.14262655
0.19417105
0.0058245019
0.19099103
0.14816944
0.10464004
0.12689934
0.087918694
0.051533318
0.12994699
0.060476093
0.02157192
0.18803
0.16359167
0.19804054
0.099631178
0.13049703
0.16388634
0.15519061
0.033899673
0.033506292
0.069686487
0.17539011
0.052112235
0.015454683
0.0692074
0.054618371
0.063557512
0.13985064
0.010087276
0.18381177
0.17004472
0.0011674138
0.15343003
0.0076314806
0.034079249
0.001136932
0.1218688
0.18294224
0.20784421
0.016343507
0.17856049
0.1016638
0.081271062
0.031847685
0.2009034
0.21575381
0.13706367
0.079374309
0.0082825497
0.039127633
0.18302596
0.10123082
0.033930651
0.024011376
0.059004245
0.066050889
0.010959183
0.085154233
0.031939659
0.03166172
0.1604955
0.13382561
0.087445578
0.17490122
0.037732347
0.10250402
0.087597776
0.17659766
0.0051136783
0.03507182
0.19073725
0.075550731
0.00091017843
0.05548738
0.070589714
0.019520772
0.081924215
0.06779446
0.15247434
0.065079434
0.12151017
0.095537279
0.015483461
0.093270501
0.02911329
0.1948732
0.028482683
0.12092287
0.097552456
0.034987752
0.033756282
0.10418338
0.0081627895
0.12130919
0.086082831
0.061413736
0.096552275
0.0011508447
0.06187086
0.051308412
0.12043212
0.1387309
0.1841209
0.034834979
0.01617016
0.12013534
0.1709758
0.062692959
0.21427919
0.082220437
0.041510438
0.18924683
0.0057253054
0.039094291
0.063628407
0.13821367
0.1195314
0.059130488
0.046410666
0.080273501
0.12162201
0.20639265
0.0095003427
0.17439654
0.039991432
0.089107184
0.18061195
0.18547193
0.038383629
0.16602683
0.015505321
0.1983924
0.055374029
0.1420585
0.056885435
0.089987401
0.077883953
0.042312973
-0.00038357067
0.0055273522
0.018804867
0.075238522
0.00643511
0.12400319
0.029161944
0.12712195
0.15898183
0.20060931
0.11820232
0.10529552
0.00330154
0.011843369
0.1940176
0.10150838
0.040907813
0.061541013
0.030431592
0.1300091
0.20381532
0.058767988
0.18191607
0.078082166
0.15372211
0.12033162
0.055229416
0.20285479
0.19944805
0.089289592
0.1796457
0.15332669
0.013808971
0.049890993
0.17165853
0.20903104
0.089319385
0.15457991
0.077952754
0.18519756
0.054440508
0.020107758
0.1238915
0.074805891
0.17902053
0.021662612
0.13289898
0.19019306
0.12210714
0.051231601
0.077386996
0.21575029
0.12122007
0.083028296
0.077863436
0.11011814
0.017895195
0.060652199
0.077906
0.12779144
0.11021946
0.0085673341
0.10663104
0.20301871
0.14138281
0.081262399
0.18646858
0.032491458
0.010454233
0.013159896
0.1612289
0.17385961
0.13883725
0.19365003
0.062552802
0.04534326
0.0096196145
0.20208644
0.13265634
0.066265284
0.074210297
0.035666122
0.12495189
0.17465507
0.080847751
0.024677556
0.19993419
0.18278138
0.042748638
0.06606882
0.035417763
0.0070247376
0.013609186
0.097663753
0.14198378
0.085995442
0.12324268
0.20698296
0.10161836
0.059546448
0.048309191
0.17001704
0.05201277
0.18579686
0.15005928
0.097344164
0.12448774
0.0082539056
0.21260882
0.14214841
0.17632252
0.063822303
0.052147217
0.14831618
0.043993491
0.019855245
0.17401577
0.01854199
0.16359097
0.010750058
0.075701354
0.081991186
0.12533069
0.16600733
0.092889711
0.02558224
0.029516243
0.10046094
0.024279225
0.066718404
0.04857364
0.18905046
0.094828322
0.087844658
0.17812644
0.20634238
0.13708321
0.14783373
0.049419294
0.13129519
0.054433032
0.18574339
0.11062532
0.11733056
0.18510312
0.040146361
0.00086649592
0.0010417105
0.18842423
0.12594768
0.18906321
0.10178465
0.066670359
0.20615819
0.092988813
0.14720497
0.066842726
0.045494548
0.19549132
0.049795816
0.08774785
0.022223986
0.041975928
0.18051707
0.0056576799
0.14189201
0.041125084
0.0083158745
0.1821654
0.13697997
0.11804428
0.12426975
0.19896951
0.04002093
0.12032909
0.075814979
0.15840993
0.059643519
0.062409334
0.20050919
0.0067800909
0.046440485
0.19152108
0.16280226
0.02875931
0.21584367
0.20598087
0.072648742
0.061675432
0.051468356
0.1778816
0.1103074
0.1841115
0.16632879
0.19379439
0.20391393
0.01346718
0.1628192
0.1040122
0.074152722
0.10694344
0.028323018
0.18713149
0.06690889
0.0061513562
0.025226058
0.19801757
0.024083935
0.12538055
0.064681983
0.1309038
0.045638564
0.00064965021
0.050259793
0.12361215
8.762876e-05
0.12992411
0.080387258
0.18455458
0.17257188
0.092794543
0.14069421
0.028859212
0.18809142
0.20145396
0.15281844
0.04494398
0.0081922736
0.047635974
0.10926004
0.029192173
0.066223949
0.16611403
0.029651819
0.019378495
0.16118919
0.18221479
0.057078019
0.033079078
0.11883738
0.13973622
0.081995313
0.14687098
0.0075659018
0.017959754
0.092228761
0.010538987
0.15918452
0.04311925
0.066313676
0.080728561
0.015808461
0.1448922
0.032016888
0.0014356595
0.19386673
0.21526389
0.087357107
0.028040895
0.18797
0.15672011
0.023225516
0.035233912
0.027828188
0.017708654
0.12783291
0.14627815
0.040189845
0.13926134
0.026416029
0.18245659
0.012418514
0.053459117
0.12205786
0.17533594
0.042264722
0.143555
0.089715794
0.059316087
0.075665048
0.033086383
0.038817013
0.052216044
0.11117669
0.10482286
0.18696667
0.19781969
0.091209973
0.012208613
0.051856363
0.20683501
0.12467804
0.12416128
0.081592448
0.031954933
0.15665172
0.17637533
0.083704076
0.071836471
0.029148641
0.1893932
0.16275409
0.093055803
0.099104109
0.017327014
0.18528305
0.088557874
0.075314804
0.13016806
0.21483133
0.00082609138
0.063427283
0.18798486
0.20522065
0.050254656
0.072228354
0.17529768
0.044727491
0.071181577
0.042115048
0.04348596
0.17785374
0.10757886
0.11756781
0.07591111
0.079591492
0.081759738
0.047147037
0.11643745
0.20668849
0.14546094
0.18253231
0.14636726
0.1497963
0.097091504
0.14068328
0.040157799
0.038607471
0.091008091
0.05619855
0.015201644
0.15771192
0.18260207
0.039313858
0.19112513
0.048111273
0.13270413
0.19977179
0.065842228
0.13848616
0.071859253
0.032816819
0.15601165
0.069559785
0.10527509
0.00039949254
0.10489007
0.12920975
0.08298575
0.033560607
0.0024867387
0.18649329
0.0012323419
0.20601362
0.20754872
0.05430882
0.047732523
0.17023066
0.0089907174
0.14934748
0.10791649
0.074082102
0.066612552
0.047148478
0.12495534
0.14059128
0.14976371
0.15583746
0.12849916
0.11161316
0.097262015
0.00082102642
0.019874362
0.12209154
0.11730804
0.00085425203
0.21543937
0.030041308
0.15284946
0.0049451622
0.043965219
0.21539237
0.050689514
0.16348232
0.084925279
0.023209933
0.029605803
0.054508347
0.03954427
0.017352483
0.17158099
0.0053768689
0.08551337
0.13091455
0.092688305
0.20396417
0.19254303
0.020340672
0.16228755
0.046859184
0.14303516
0.086759509
0.10945842
0.098915517
0.051061519
0.13758436
0.16196533
0.10430957
0.050796965
0.083095449
0.041620503
0.034828187
0.13730855
0.10573938
0.16715956
0.14311053
0.03506332
0.1669324
0.19127737
0.043659462
0.027789648
0.10135517
0.11599779
0.00081951076
0.079223319
0.078895726
0.13581967
0.026562387
0.025461359
0.054393756
0.032759256
0.16150636
0.08501611
0.18750115
0.10413833
0.19968021
0.17214709
0.087890169
0.086674509
0.066290438
0.064838338
0.078694023
0.19708298
0.16997243
0.081442915
0.087618004
0.20182753
0.14780721
0.036405809
0.16981084
0.16067519
0.19165823
0.1934161
0.025552014
0.012882618
0.082563368
0.20325275
0.00033213146
0.07712644
0.16866206
0.19711784
0.12688156
0.037931671
0.18166041
0.1856639
0.19009775
0.081363726
0.17755133
0.0016337742
0.12400716
-0.00083235317
0.021534143
0.04493363
0.027838563
0.060669112
0.14368908
0.084312528
0.019281271
0.12799762
0.11342235
0.12840473
0.16594555
0.18425441
0.21544483
0.14483091
0.1223125
0.12849601
0.19923108
0.00073871952
0.047409813
0.017380851
0.040617062
0.0044760159
0.088022188
0.032067319
0.042559943
0.17631765
0.17315008
0.081569375
0.076073713
0.10125224
0.069329152
0.17264986
0.21532017
0.12663827
0.093488448
0.20638036
0.14580465
0.025224846
0.044420522
0.073410596
0.21515732
0.17262494
0.16895685
0.050751047
0.091330118
0.19967196
0.025330384
0.16945491
0.08881255
0.042157755
0.046099655
0.1200961
0.023361697
0.018849111
0.1036524
0.20671266
0.15958792
0.013925791
0.18025439
0.060829641
0.071209358
0.023860689
0.02524368
0.095576173
0.20248267
0.17755422
0.12436361
0.059103454
0.18840232
0.045565535
0.18456003
0.15691013
0.054398112
0.18152233
0.060396538
0.041921287
0.16912665
0.014260466
0.12543643
0.086672447
0.12550385
0.066474647
0.16773034
0.12168385
0.18093137
0.032484077
0.0087648786
0.0007890309
0.13313319
0.14898124
0.0014064699
0.048026255
0.093208692
0.10694889
0.12485916
0.087823619
0.02573197
0.11678129
0.044017995
0.19660181
0.015571525
0.10452272
0.11955848
0.20157231
0.045815361
0.028126728
0.00093330453
0.064134211
0.085918888
0.2016638
0.029483542
0.20309905
0.04655728
0.009799005
0.034444287
0.20773335
0.16030632
0.10419593
0.21580638
0.076525292
0.028148808
0.011229779
0.024122856
0.10409273
0.1255413
0.18012644
0.030673518
0.035431369
0.1381221
0.0045548286
0.019396863
0.14656015
0.1489284
0.037966643
0.21534757
0.022995352
0.14369921
0.094244346
0.026667809
0.10593819
0.17218801
0.088175704
0.20146998
0.091482276
0.21548148
0.18278398
0.0402243
0.18605793
0.10055008
0.20765189
0.13680821
0.0049289439
0.086460842
0.058950783
0.033260219
0.058929507
0.088545319
0.00069169887
0.019581666
0.18272722
0.060626942
0.06207854
0.21528762
0.032259698
0.079294962
0.18064692
0.21585908
0.016022647
0.10945987
0.15127742
0.14951039
0.022607716
0.092835989
0.049051514
0.050538911
0.18764997
0.19176712
0.046438804
0.01434394
0.085129908
0.051814526
0.045679942
0.09238645
0.15825583
0.081328007
0.035745011
0.045184225
0.16571393
0.084160528
0.077665239
0.02442675
0.10441372
0.020525421
0.10665642
0.070238828
0.036752189
0.0010557751
0.18957659
0.12791437
0.082898428
0.1303357
0.095399904
0.020162926
0.12920481
0.023403628
0.033646729
0.0013850287
0.11347316
0.089347006
0.10177254
0.10843537
0.19190253
0.041032928
0.018060235
0.043240736
0.08392219
0.095070349
0.00062329421
0.21531568
0.0043202387
0.041659964
0.054738358
0.18771714
0.023313391
0.13179658
0.12042482
0.15836752
0.017437191
0.20490273
0.12080541
0.070252314
0.022135929
0.11923929
0.024999829
0.092407726
0.015909318
0.17288099
0.0058509332
0.11049622
0.095534336
0.095352008
0.054748365
0.070010451
0.14550072
0.12566147
0.080774005
0.20207149
0.0005369548
0.069712876
0.16148902
0.026026707
0.10580442
0.10837634
0.039671771
0.042512328
0.14127417
0.10998679
0.18410797
0.18098585
0.052584052
0.028765881
0.14909485
0.07919445
0.10196799
0.13004388
0.077515236
0.18142666
0.022714821
0.0404195
0.086466343
0.18702997
0.022099135
0.070422563
0.10812707
0.087328959
0.0014071826
0.18178824
0.16419305
0.086286706
0.13957449
0.051546809
0.017905525
0.034476323
0.18026476
0.096154564
0.17580519
0.073927036
0.091442081
0.05325807
0.0091288143
0.079408631
0.060163293
0.088627366
0.12478225
0.032032551
0.11138532
0.17092942
0.00098912082
0.097758994
0.076025882
0.16962532
0.13376351
0.1979743
0.057958664
0.094743491
0.21528822
0.19606355
0.1032397
0.17661071
0.17001578
0.11091143
0.19638421
0.21562292
0.065265279
0.090311705
0.13324796
0.17719811
0.13400295
0.071372847
0.16185007
0.020648839
0.035383995
0.12514684
0.075685544
0.15748271
0.090694727
0.046381107
0.1288908
0.1484447
0.018135644
0.026462371
0.1241523
0.028720273
0.10388217
0.19964377
0.088600859
0.026903588
0.096030368
0.0062907822
0.078883888
0.032826667
0.0890453
0.027696436
0.1533759
0.0010426516
0.0087576952
0.20699149
0.1709969
0.18571802
0.12897217
0.02136182
0.10650741
0.20848077
0.015580693
0.020090438
0.10477139
0.10735397
0.12749682
0.15691155
0.044260253
0.15590372
0.04191207
0.12831418
0.070358656
0.1739901
0.037019059
0.11576078
0.1042034
0.071166467
0.14724085
0.051862203
0.033072611
0.02863405
0.12322579
0.15074404
0.18413578
0.1109636
0.15293368
0.0041823862
0.19262667
0.1048264
0.059281661
0.059458684
0.025244244
0.14206898
0.20061613
0.18442392
0.0039846594
0.10602989
0.012303349
0.202171
0.013203784
0.18103403
0.21528657
0.059788818
0.15376133
0.054833619
0.0077402891
0.18337017
0.057956057
0.079451486
0.18281259
0.11576865
0.14819368
0.044757076
0.19597336
0.071186951
0.15462785
0.18318731
0.060752173
0.020197254
0.0076935339
0.008115212
0.12418399
0.03195002
0.061070187
0.099680749
0.079418186
0.02422636
0.050219396
0.11400199
0.17434432
0.051361502
0.065487287
0.000652372
0.16015376
0.07565779
0.20212447
0.15778852
0.10698531
0.014769089
0.14482857
0.17452132
0.14840518
0.046615606
0.095747091
0.067543793
0.19562937
0.12049444
0.0037398213
0.19891365
0.14144887
0.09561563
0.018627333
0.021953211
0.080751642
0.18769729
0.076508567
0.026025549
0.10778797
0.033207765
0.12000516
0.12504708
0.17553022
0.17882216
0.076285548
0.12135469
0.050406231
0.0036978748
0.04292833
0.14313907
0.17921246
0.1796038
0.010324137
0.06947853
0.15143025
0.21519828
0.037263253
0.018742488
0.16364188
0.0014902244
0.093981763
0.19917414
0.11288706
0.047353353
0.12570282
0.13782745
0.12644471
0.016260677
0.12017862
0.047178786
0.065891562
0.053450709
0.0037791048
0.069078965
0.11159997
0.00074524287
0.049930514
0.10773648
0.19091468
0.14219367
0.15356361
0.020269089
0.0064400079
0.082463085
0.018955766
0.057604591
0.079412723
0.046395844
0.046316532
0.048270045
0.20837345
0.051296109
0.00098559298
0.098508163
0.087271362
0.10103456
0.098596182
0.13226269
0.003537768
0.19813904
0.19637981
0.17748628
0.025022433
0.16456881
0.087721884
0.050409703
0.19983921
0.1515029
0.21558777
0.14394552
0.16038992
0.1000113
0.033178483
0.15007563
0.028965561
0.1227755
0.11675738
0.087720241
0.17799895
0.14775698
0.084380485
0.13243259
0.019926206
0.046641158
0.14433049
0.02914926
0.0051245263
0.11547845
0.17093425
0.0087253994
0.086668265
0.17710755
0.2074968
0.098207085
0.031371248
0.037739831
0.042678419
0.19557404
0.099910485
0.029034176
0.11628879
0.13812375
0.0076916372
0.15767015
0.21537115
0.046373451
0.1462227
0.055577153
0.053609962
0.034154702
0.11197717
0.017143438
0.0073166103
0.020359806
0.21512474
0.041735888
0.10092076
0.12753333
0.075460578
0.11423654
0.17252758
0.14763369
0.17695596
0.057736309
0.097870344
0.19136465
0.077832241
0.19269091
0.15590044
0.13234352
0.13307008
0.023205653
0.091729393
0.067564227
0.015751956
0.17728669
0.10731704
0.022202605
0.13595339
0.0070526241
0.095486503
0.020112499
0.17449037
0.16258007
0.053443157
0.094053868
0.19954991
0.18838714
0.01870447
0.01027295
0.053972717
0.12102355
0.092489424
0.11963675
0.017846566
0.14513507
0.20333377
0.02958153
0.10425872
0.15725487
0.18426192
0.21550967
0.1097969
0.00082097338
0.07301152
0.045523937
0.049248922
0.099989469
0.010017899
0.089805547
0.091394771
0.00096956494
0.16816353
0.20762992
0.21549692
0.00091378733
0.12126087
0.027315732
0.15406974
0.16267118
0.020922056
0.016455707
0.2013688
0.19675618
0.1982632
0.00087322445
0.018033891
0.17457363
0.099186955
0.047226507
0.19350488
0.14556477
0.028806588
0.034257615
0.1234017
0.05169605
0.19507448
0.15345144
0.10637391
0.20618839
0.086120251
0.13245225
0.14471497
0.091688809
0.087036446
0.048418813
0.13509335
0.12440785
0.16146789
0.11101352
0.19440114
0.16497361
0.12723972
0.050681177
0.072785316
0.0081658289
0.062328503
0.072801739
0.18014488
0.1020467
0.047398504
0.0038383267
0.095763371
0.025675101
0.021165963
0.10109938
0.20067347
0.12934412
0.049221738
0.1886261
0.052724989
0.21530522
0.011668424
0.10738087
0.0053370588
0.0034385536
0.15216458
0.16706224
0.16725661
0.20705699
0.0081991838
0.078860402
0.14795317
0.11481077
0.18563812
0.21548016
0.16020489
0.11078002
0.054400392
0.02908472
0.15731454
0.16372796
0.041761273
0.16042519
0.14864464
0.088536162
0.066909572
0.14544583
0.062128083
0.043155947
0.00096365906
0.017959333
0.16246516
0.089109768
0.039519548
0.048274847
0.21532021
0.092208803
0.14021604
0.098030286
0.21536022
0.15283619
0.049699204
0.099140386
0.011003282
0.12659255
0.083397831
0.21392254
0.053337287
0.14579198
0.00087242887
0.052943221
0.08779256
0.018487237
0.094204588
0.023239892
0.046778184
0.12984963
0.16342278
0.080634727
0.19111274
0.17125927
0.21531169
0.12951662
0.026876492
0.18783443
0.016186729
0.028415222
0.17991164
0.086403999
0.011423506
0.008347466
0.053173736
0.185117
0.068931363
0.18034043
0.14596134
0.032548898
0.060244944
0.12667957
0.0072301816
0.11761511
0.098339628
0.052073116
0.057078702
0.013049759
0.1676855
0.17876142
0.16624573
0.12279601
0.086180834
0.17782967
0.21541372
0.21530901
0.15136564
0.11222133
0.053568494
0.17825121
0.0012077832
0.077830269
0.15032078
0.084442659
0.082379158
0.19498679
0.046854614
0.062601027
0.080615938
0.17999098
0.069256321
0.16682154
0.061085572
0.14797675
0.057333688
0.059846472
0.011517283
0.067774347
0.049536265
0.1719804
0.07214468
0.0454819
0.017255886
0.10527082
0.15672379
0.12636723
0.18467541
0.065322897
0.16972745
0.10000365
0.084727296
0.11108068
0.044869233
0.17525728
0.18359614
0.097730457
0.04834982
0.099787045
0.06356659
0.19203609
0.10748485
0.025754746
0.16816121
0.099734454
0.0080323118
0.0083509641
0.20784966
0.076930089
0.18977313
0.073128539
0.038381662
0.17690738
0.0014860078
0.0017150574
0.018824481
0.10611103
0.045636005
0.19114632
0.071687054
0.079267895
0.20124336
0.1090682
0.049544904
0.071072065
0.022644172
0.0020885269
0.017102245
0.008429983
0.091907521
0.080811651
0.049375219
0.079716086
0.080721196
0.019339721
0.027932243
0.11042985
0.13465046
0.19403483
0.021486961
0.18660812
0.15863414
0.078258576
0.00095771296
0.076300635
0.15653487
0.12327653
0.0022321771
0.10690849
0.15805742
0.017768542
0.051368809
0.13596297
0.032578277
0.065401381
0.046374878
0.18252503
0.082730648
0.055191201
0.032565601
0.12114827
0.21555175
0.031880557
0.0055239228
0.13794614
0.0028082121
0.10304166
0.19011701
0.2016527
0.07605445
0.045104728
0.1906678
0.16419833
0.18318262
0.19171072
0.0078166978
0.022209689
0.079267647
0.08290283
0.086452134
0.057177108
0.11045559
0.13858388
0.092972512
0.086041002
0.038890161
0.00060708776
0.19562048
0.17235404
0.026368517
0.068048567
0.035270403
0.054359715
0.14694204
0.022914037
0.11089109
0.20898691
0.16355905
0.072146967
0.062841843
0.1571022
0.12741627
0.18776211
0.21537165
0.14520973
0.17172063
0.043835797
0.028241388
0.17912425
0.066826185
0.11888386
0.08677455
0.072564957
0.21539719
0.21533856
0.17585188
0.032327152
0.068313683
0.037870932
0.20356409
0.19392302
0.14802901
0.10695449
0.087586171
0.016525934
0.17998591
0.0652547
0.062681043
0.18372262
0.025122934
0.047322422
0.067595573
0.17640071
0.10567044
0.10535353
0.10805562
0.054357695
0.011475571
0.09454875
0.013252966
0.14827031
0.015414163
0.18040176
0.10740058
0.026819306
0.16965448
0.084424664
0.17218932
0.11695499
0.14757643
0.098078722
0.15948706
0.07256045
0.12810467
0.082141721
0.032927697
0.14828792
0.15243946
0.15171634
0.010034435
0.070387802
0.18757635
0.13796625
0.1193699
0.11109363
0.1121987
0.16810906
0.16924936
0.039789387
0.024647104
0.012281149
0.00078801382
0.18489311
0.085218887
0.1617821
0.018113048
0.048097085
0.17777539
0.0087347859
0.19379849
0.21562656
0.051367337
0.010210711
0.00031658751
0.16685776
0.060879167
0.088816353
0.11128206
0.017718791
0.075499814
0.16163798
0.039350683
0.069614646
0.043851057
0.029166842
0.069649758
0.043404734
0.19122186
0.19478687
0.050050372
0.008155175
0.014741389
0.17450826
0.0022102408
0.022908266
0.095170396
0.00084784306
0.20187709
0.1012478
0.15803237
0.12514587
0.020405706
0.054209019
0.18254025
0.1512912
0.05355167
0.045731893
0.0087024748
0.20146025
0.15763631
0.083224512
0.21532742
0.075369894
0.16601912
0.15267812
0.19106137
0.1442449
0.1802678
0.18515265
0.039654038
0.10105251
0.17702247
0.13549345
0.13548873
0.020586714
0.19179917
0.05081183
0.044554695
0.16012123
0.14957916
0.028428863
0.058625234
0.054619825
0.16143825
0.082023163
0.13418742
0.045926677
0.083378883
0.050003572
0.025957949
0.17400554
0.066684252
0.092422729
0.092153624
0.12762673
0.11725032
0.0084603401
0.1081423
0.0084057968
0.01798363
0.037896337
0.050756125
0.012980945
0.053082042
0.12350386
0.17688267
0.056595018
0.15940346
0.20089539
0.073812335
0.17821586
0.068299596
0.16482787
0.13305577
0.19824843
0.19648743
0.075326839
0.017338984
0.011923793
0.049200877
0.011823911
0.020246971
0.056711917
0.099858374
0.087226903
0.19984487
0.073858395
0.1101559
0.038975807
0.02343881
0.13511741
0.016516878
0.085328586
0.086432369
0.21566888
0.19434228
0.16614882
0.035434965
0.060972453
0.069398286
0.11937425
0.097498228
0.20252219
0.084718164
0.15158966
0.20585416
0.13130544
0.17686927
0.037018661
0.017994567
0.0010681019
0.01146083
0.19396867
0.12134586
0.090115968
0.11667036
0.07499577
0.022643913
0.21586879
0.085458717
0.070829994
0.04500637
0.16317427
0.2152332
0.035396889
0.12460252
0.056392253
0.13401374
0.03889142
0.18980337
0.14833489
0.010985476
0.048581631
0.17286555
0.018471824
0.053820652
0.0013720608
0.20154937
0.097091468
0.15540514
0.055101511
0.16537066
0.011310074
0.054284636
0.14662297
0.027353007
0.045235618
0.029451846
0.1674473
0.0438851
0.092183619
0.00074227943
0.12463443
0.08942021
0.1450421
0.18312565
0.019044418
0.18090673
0.087905144
0.19491179
0.084348255
0.018987932
0.16714418
0.023298343
0.046146875
0.10850717
0.0010631888
0.21587041
0.00081204991
0.031086604
0.01303856
0.16892619
0.085997088
0.17690278
0.14474541
0.087180445
0.011284553
0.13851737
0.21573358
0.086555637
0.046456647
0.028596173
0.083245691
0.21526924
0.16230501
0.069731331
0.045625856
0.15409112
0.049795979
0.0008455824
0.10608219
0.21490276
0.025650779
0.10171162
0.021133554
0.19927076
0.089242753
0.13851857
0.069347057
0.11937448
0.16169701
0.021944426
0.096527974
0.057180068
0.077017261
0.050166968
0.074015402
0.14174014
0.042135222
0.089426101
0.030234166
0.058641971
0.21531568
0.098059086
0.015794587
0.17386663
0.060290123
0.076601278
0.15633979
0.09669069
0.18766173
0.030003976
0.008196552
0.11917877
0.049376943
0.086169046
0.10057092
0.19208843
0.039790563
0.067415024
0.04256963
0.14718805
0.048739202
0.16391742
0.015787725
0.0083835423
0.12439996
0.11906361
0.1558309
0.10964438
0.21578158
0.12833796
0.047871987
0.045055776
0.040339949
0.089160335
0.090916414
0.05325687
0.15963336
0.21564436
0.050607501
0.10564416
0.018073762
0.081921649
0.17752968
0.084399941
0.028891199
0.028781257
0.069555986
0.18010426
0.01805306
0.0011487908
0.14988371
0.21538127
0.054807622
0.0012761703
0.14857423
0.16217173
0.21555918
0.098674601
0.067168619
0.1525159
0.067190321
0.017897856
0.12367219
0.0092278403
0.10035043
0.045803164
0.11447527
0.00098679396
0.016563477
0.14988227
0.18396986
0.099444939
0.044058074
0.020929742
0.16233742
0.077923681
0.04350984
0.20908835
0.042536131
0.092517913
0.02572044
0.029548338
0.088641581
0.0011455158
0.056820525
0.00081897989
0.20496296
0.20237581
0.012644644
0.1806532
0.088064936
0.050065364
0.14705143
0.010668405
0.047323811
0.028620651
0.12272911
0.073324877
0.098084755
0.12967387
0.18312907
0.18241137
0.052682896
0.037737525
0.11145869
0.032662841
0.14241194
0.12422886
0.065173938
0.10987337
0.084925516
0.098017946
0.20606967
0.10985555
0.032572921
0.1958962
0.073924013
0.11393657
0.090175074
0.050462934
0.13691791
0.1038028
0.074295225
0.0465479
0.091797062
0.060454587
0.074134867
0.16944384
0.046450085
0.099589477
0.14960225
0.18248969
0.099374896
0.042469468
0.15710379
0.025305143
0.19069091
0.12384374
0.17702227
0.21533048
0.037241576
0.17065579
0.010520631
0.1416165
0.14613573
0.039138881
0.031028899
0.022118636
0.025659941
0.13032247
0.058709156
0.045650504
0.11411995
0.2060993
0.19722564
0.016864659
0.098394323
0.0039998002
0.076071229
0.15344642
0.054364189
0.053452657
0.19998321
0.21549066
0.14188972
0.18607298
0.029596295
0.01145096
0.016182796
0.0010709326
0.07116363
0.077659589
0.060851207
0.069839812
0.10729292
0.057439713
0.062596061
0.13187185
0.057392016
0.13648916
0.054737242
0.08085733
0.1767482
0.13055955
0.034677118
0.038495393
0.12490123
0.12097294
0.10661273
0.049685483
0.027909865
0.057026792
0.001983943
0.11813131
0.13456032
0.085391318
0.045445542
0.093978024
0.049449274
0.018148037
0.16707051
0.070386089
0.12702927
0.096371546
0.19317599
0.063776326
0.023219245
0.046190344
0.048773175
0.073567077
0.016106538
0.023746645
0.15931266
0.01721499
0.066165909
0.0766998
0.18924663
0.14394717
0.0088879377
0.048715591
0.016240134
0.078402059
0.051926643
0.20639385
0.089114387
0.042367515
0.2002654
0.12279879
0.136423
0.13562875
0.13005366
0.019578413
0.19155199
0.079314797
0.17706507
0.029505515
0.17419126
0.044344361
0.039357231
0.049322125
0.17716042
0.10013406
0.017905444
0.08474706
0.14550226
0.080458807
0.04247542
0.065521931
0.10624782
0.011550534
0.16958264
0.0072286248
0.16359061
0.023975921
0.11961647
0.20595443
0.18453452
0.010559831
0.049078457
0.16979692
0.021542312
0.067761786
0.060186542
0.038924682
0.09308825
0.05171613
0.05953245
0.11956276
0.18146402
0.14499409
0.083213981
0.11518311
0.17090932
0.090216048
0.061645638
0.043671902
0.16340829
0.046365739
0.030269356
0.057165684
0.020664378
0.028204142
0.10829588
0.032628951
0.083015464
0.011693858
0.14765311
0.097422958
0.046476732
0.031058963
0.1482673
0.011481435
0.029291518
0.018753175
0.1633219
0.087508892
0.19164259
0.082998649
0.12959853
0.013054074
0.083034976
0.18848611
0.19837841
0.12816523
0.20356205
0.18748733
0.11070486
0.040205183
0.080429572
0.14772177
0.031695005
0.1102536
0.025852302
0.17479256
0.090299854
0.18853089
0.1255814
0.14160632
0.15950605
0.052546256
0.073588937
0.03614137
0.029758897
0.001460209
0.13288544
0.12703607
0.19196823
0.19266962
0.00097415908
0.03203174
0.097106735
0.01163012
0.090980601
0.063541744
0.12019273
0.16187265
0.0013932959
0.021665348
0.16803512
0.0584792
0.029004116
0.18495249
0.019794929
0.11033785
0.065704291
0.069153076
0.10294484
0.13816308
0.16044397
0.039320802
0.025824754
0.069742509
0.055619716
0.1545094
0.018713454
0.16563443
0.046416907
0.0213948
0.16855536
0.039642732
0.13083131
0.042016888
0.025497734
0.13364029
0.20149772
0.028882639
0.084751148
0.0010220357
0.20162475
0.1678132
0.0751831
0.2154444
0.21526684
0.029777246
0.13722793
0.058218175
0.14467669
0.093264375
0.016029847
0.16152695
0.13327831
0.08438198
0.16786757
0.013002609
0.21503716
0.047149985
0.082918852
0.02990733
0.08266996
0.010061171
0.20499563
0.083799073
0.06157895
0.017825194
0.19455236
0.1343729
0.17182204
0.16944248
0.048541233
0.091662186
0.14650534
0.055033897
0.057173823
0.18111067
0.05760294
0.0014524437
0.12520448
0.09988489
0.077856895
0.081203639
0.0845064
0.19041981
0.086771775
0.12999089
0.16692159
0.15757283
0.19139936
0.14623777
0.13236505
0.12270358
0.10675783
0.13198963
0.17515274
0.14434429
0.19804116
0.062461878
0.10314978
0.15123996
0.033771239
0.19499718
0.15840425
0.1911526
0.11456497
0.12529148
0.14239725
0.1317866
0.14591891
0.13361863
0.19709415
0.12492336
0.15272542
0.029582516
0.15395902
0.12224629
0.033819654
0.070550949
0.20702556
0.12536151
0.0046780055
0.031641269
0.088242991
0.070447273
0.01638849
0.14108393
0.14815522
0.07494864
0.048391624
0.014749235
0.14554183
0.032914228
0.035419631
0.12847619
0.17389855
0.065725298
0.044656646
0.13599568
0.19543388
0.11174787
0.01246077
0.1326357
0.18436777
0.022274452
0.10934251
0.051925838
0.03573898
0.14444137
0.033296933
0.21549726
0.096068476
0.097744115
0.085434425
0.21528163
0.13154584
0.12749373
0.13363009
0.11275513
0.02500147
0.11717495
0.025874907
0.08904631
0.18512368
0.10359905
0.1366516
0.1857815
0.019750874
0.15898212
0.206458
0.071131837
0.053106742
0.20501919
0.18759874
0.0045828765
0.21586351
0.048190785
0.17412746
0.12550418
0.1553783
0.082200031
0.20911538
0.058488679
0.11817132
0.093832145
0.13526612
0.069331098
0.05465289
0.1517248
0.067214973
0.20304663
0.14954385
0.028881156
0.036844804
0.21559388
0.14927191
0.1631828
0.05244164
0.05457273
0.069618187
0.063126256
0.14157023
0.0025303661
0.018910697
0.10071772
0.07762732
0.19010978
0.13087008
0.070802043
0.13403686
0.069159718
0.012684852
0.21536883
0.19227516
0.070661497
0.023110039
0.021693636
0.05147915
0.16398045
0.13493232
0.20456241
0.20451216
0.042239139
0.036933538
0.10689542
0.10671906
0.072646124
0.086724718
0.1615901
0.16887911
0.11034869
0.058592707
0.11621678
0.047530296
0.02801532
0.16888849
0.043230487
0.00084793779
0.12626645
0.036909025
0.11710221
0.10858862
0.00051538919
0.092541947
0.0065179538
0.12673037
0.0072133964
0.051419987
0.022802151
-0.00064314939
0.018640884
0.21530489
0.051990882
0.061686566
0.19543676
0.17168086
0.036573937
0.14457816
0.120238
0.009361899
0.02298438
0.0045790171
0.13331117
0.12477238
0.15780917
0.070253535
0.086783156
0.10106463
0.054754161
0.1330523
0.0068667859
0.064631791
0.14520397
0.19542291
0.21575184
0.045414727
0.15530444
0.014085166
0.18718885
0.21542506
0.039551884
0.00089617357
0.12355751
0.14475665
0.11773175
0.017619949
0.00085679697
0.018724061
0.015596447
0.15414108
0.011700516
0.10943982
0.09999838
0.21556267
0.16482053
0.050220272
0.042699992
0.16685643
0.04743159
0.13100044
0.023583037
0.039538976
0.16202044
0.0073359743
0.16538487
0.02154656
0.10683808
0.15890451
0.0023416047
0.067489823
0.031653247
0.12313609
0.065018748
0.076238738
0.098198913
0.17823957
0.1551836
0.1891944
0.098881593
0.049697924
0.041945035
0.18341374
0.19663718
0.21573972
0.06427407
0.13518676
0.049623608
0.12590981
0.0016091777
0.073303362
0.089446414
0.15645157
0.067053355
0.17974037
0.0067253256
0.13204309
0.070675956
0.20521969
0.016190162
0.023154272
0.075795517
0.039852045
0.19331643
0.090671663
0.082273104
0.20464431
0.089424183
0.1440805
0.031944601
0.041294763
0.0069248442
0.047412453
0.20880471
0.02514931
0.21535681
0.078666642
0.19716211
0.082110409
0.12913004
0.092562697
0.1820728
0.21535209
0.1979829
0.11402075
0.039525533
0.028201103
0.054792735
0.01336636
0.14686267
0.16564012
0.15241713
0.048656936
0.046094135
0.19260003
0.037933417
0.086218373
0.011177839
0.00070130752
0.21589285
0.0091470004
0.2068476
0.11214054
0.084880478
0.18605466
0.17399661
0.03136445
0.10659198
0.03758085
0.20462287
0.098271557
0.098382455
0.024526355
0.0072654783
0.18828911
0.14165894
0.13191916
0.096692956
0.18679153
0.13364391
0.12560831
0.065076963
0.081824434
0.085246012
0.018950481
0.050393688
0.1655704
0.068783845
0.064104281
0.17471702
0.12183347
0.044865275
0.14828201
0.18049761
0.030239201
0.21543453
0.017344562
0.033220996
0.17842456
0.13233851
0.10239677
0.0079570719
0.11911063
0.11160054
0.0097726989
0.087979539
0.014784804
0.11923664
0.17245388
0.01979927
0.079297884
0.17178102
0.2028114
0.16065477
0.077976639
0.11300975
0.14664424
0.074247965
0.010221934
0.16085286
0.099800827
0.14185171
0.08543088
0.08073182
0.15666564
0.125514
0.034943025
0.11137362
0.18197473
0.1201008
0.1684208
0.08918588
0.10691562
0.21547429
0.20185192
0.031376297
0.16355529
0.017345804
0.20876347
0.013019409
0.0043849739
0.19208235
0.02574299
0.073685025
0.030927512
0.0023853952
0.15679045
0.14075223
0.14642158
0.1777274
0.14912089
0.12458251
0.080551457
0.073608199
0.10972415
0.095462864
0.1148322
0.00082379503
0.19576667
0.004693232
0.21026715
0.0013211892
0.16345842
0.032495254
0.088708617
0.056786182
0.089512462
0.13480521
0.19643064
0.029045385
0.0043785043
0.12693151
0.072139135
0.057638068
0.18897159
0.11027191
0.12499676
0.0071317362
0.010437199
0.0067334875
0.12370638
0.19718995
0.17396628
0.038497089
0.18595497
0.00088045209
0.19157071
0.1720718
0.040128371
0.019083295
0.10169323
0.18832052
0.18519498
0.11092708
0.11493592
0.15321254
0.14394209
0.077443207
0.14810556
0.016652829
0.019193429
0.21545559
0.18267695
0.06783512
0.059059305
0.088129424
0.21536426
0.18340842
0.10404509
0.044224434
0.14009089
0.13760081
0.18369205
0.009712769
0.061537657
0.020761304
0.16385958
0.025667949
0.086550294
0.16858076
0.16050791
0.18361242
0.13060788
0.21574057
0.12431403
0.02321103
0.13222838
0.10644105
0.21536489
0.036703292
0.088068341
0.13623693
0.03946592
0.086945726
0.11126512
0.056738508
0.21250264
0.00518744
0.031343264
0.044426865
0.17422784
0.16477683
0.2152411
0.005358063
0.090097515
0.20808747
0.12007211
0.14465048
0.13638171
0.17390958
0.17766535
0.011423524
0.072512912
0.15543503
0.061272456
0.090936472
0.042975521
0.015606023
0.18650244
0.13076663
0.16563487
0.070055751
0.036338866
0.10656622
0.188994
0.20167941
0.1580925
0.14385624
0.15443553
0.14419932
0.13033667
0.095468977
0.035851327
0.078131393
0.19782569
0.055518925
0.051418893
0.024092246
0.07597786
0.021487716
0.17386311
0.044717028
0.035932587
0.056868868
0.12239253
0.048485073
0.13029455
0.10732671
0.083129767
0.18282953
0.18053437
0.0010206926
0.038952721
0.14954806
0.019464569
0.097308539
0.083576432
0.019227448
0.064648352
0.049618324
0.12840107
0.090886199
0.14428297
0.00036866142
0.14454078
0.10249405
0.033420605
0.13442348
0.10029512
0.073644636
0.00082870446
0.076181329
0.0079006689
0.078006767
0.060979984
0.045789437
0.024420994
0.16416375
0.041879263
0.18897697
0.17511781
0.1296731
0.070156639
0.17404368
0.19531178
0.19537451
0.06890622
0.010333808
0.05178959
0.06145906
0.07052773
0.075403007
0.063685305
0.0075712345
0.096860581
0.15619124
0.044408985
0.10445579
0.032499221
0.17958261
0.0048078581
0.11972282
0.071907637
0.0046009381
0.12800278
0.097060111
0.14206383
0.0006677252
0.16824001
0.1902647
0.025251324
0.17436792
0.044054322
0.1476145
0.028273322
0.029091309
0.15475551
0.013449549
0.10584757
0.069864753
0.1071315
0.1646004
0.022960089
0.0012449587
0.011582904
0.14340184
0.12871886
0.087777593
0.13404862
0.16919074
0.084717189
0.2153449
0.008399495
0.0012756613
0.0014863075
0.047753929
0.09184514
0.09994318
0.050081872
0.083440525
0.12215713
0.018536479
0.051396788
0.12074824
0.15425088
0.08276417
0.043228202
0.17071652
0.0081347472
0.0073952105
0.0070245436
0.092566445
0.08224139
0.21567297
0.018338764
0.0044732714
0.1742172
0.18706686
0.14784791
0.046427066
0.17048285
0.044939102
0.053727284
0.19310007
0.074464804
0.10278818
0.078069538
0.0382779
0.05031349
0.21136781
0.17729719
0.062008375
0.15318743
0.12013627
0.025735414
0.089406201
0.062024932
0.012225173
0.18785947
0.056237505
0.14883985
0.042374653
0.018072157
0.058817028
0.081767054
0.026387709
0.11432394
0.15208491
0.050529558
0.098650638
0.0074379244
0.040405491
0.064072648
0.073752786
0.07308271
0.069207178
0.043030761
0.1196969
0.011703442
0.043405381
0.029601649
0.15050887
0.17549379
0.037792288
0.11274654
0.18857925
0.12923435
0.20868117
0.19220463
0.1552327
0.065674456
0.032374055
0.11511864
0.015752422
0.13575392
0.2156196
0.20719126
0.057746162
0.17888038
0.16813274
0.05514792
0.2154368
0.19415613
0.00036513857
0.17448906
0.17426695
0.10874256
0.046326449
0.045630037
0.067623879
0.17343251
0.071710556
0.06507668
0.14143883
0.20105643
0.071073589
0.13172326
0.097498709
0.11161474
0.1937049
0.18189198
0.042521868
0.17560284
0.18525951
0.090370223
0.08298224
0.19649808
0.15925901
0.065455878
0.19188729
0.050375219
0.018402708
0.20310662
0.17304646
0.19466557
0.027444983
0.057109302
0.11339252
0.08809706
0.21039624
0.0099105724
0.19298632
0.077392538
0.0047556512
0.032485622
0.077897318
0.13609366
0.1906495
0.016650258
0.065617662
0.0053341937
0.1213289
0.021925367
0.17536469
0.19591602
0.13553531
0.00097129043
0.072648554
0.058896457
0.19418276
0.042017843
0.050835573
0.15717557
0.028466385
0.058085471
0.19154809
0.011644683
0.00092765502
0.086454917
0.18835168
0.17964742
0.041135324
0.12084603
0.031503456
0.19894359
0.17129259
0.16818776
0.020113666
0.13567494
0.13023977
0.20627915
0.14781768
0.18790734
0.030279725
0.16178092
0.13648834
0.16904894
0.13664934
0.054043323
0.011302722
0.17382033
0.0077064449
0.01853094
0.17522591
0.014424133
0.0194101
0.14465684
0.022324273
0.073333397
0.052718263
0.2151883
0.20189543
0.17330232
0.20640043
0.19308613
0.20661466
0.024122971
0.037178174
0.065008106
0.083513589
0.15991358
0.07511778
0.1241982
0.19850101
0.21525634
0.082564361
0.18270835
0.20014747
0.064555669
0.069363162
0.21572027
0.18288373
0.034105314
0.098411223
0.018173326
0.032258015
0.16352662
0.10401793
0.0016313902
0.12778923
0.015511242
0.10295519
0.015991766
0.10647911
0.087345147
0.15796393
0.13074111
0.017094186
0.02602775
0.19343999
0.087041175
0.086721109
0.16327196
0.08769174
0.17054502
0.088521581
0.14211919
0.19535832
0.089060849
0.057836067
0.11764756
0.082379961
0.15700091
0.07457435
0.17997406
0.00040341521
0.03281855
0.090714251
0.16350131
0.09334303
0.013536522
0.094883004
0.19087539
0.19386579
0.079224862
0.14738586
0.11514328
0.21559338
0.028066906
0.15460531
0.02702392
0.19467297
0.025158452
0.019057985
0.079899455
0.21512187
0.075136229
0.070368965
0.17219936
0.022756759
0.1562569
0.086638294
0.070504052
0.084207109
0.10362368
0.0090349359
0.1765841
0.087349076
0.080927243
0.032088961
0.15095423
0.10994275
0.19203886
0.070552441
0.10863381
0.035811061
0.13141247
0.15142935
0.10673455
0.14563153
0.11936257
0.040613697
0.049883388
0.11372717
0.075343932
0.16088367
0.014969135
0.00088349236
0.16573117
0.19588876
0.078503328
0.046806005
0.10948118
0.044823668
0.065914313
0.080899054
0.14456228
0.078046051
0.018761357
0.010889543
0.062184204
0.083961455
0.0027796124
0.084513714
0.15427385
0.12742745
0.03912833
0.039476896
0.087252706
0.10689112
0.092088597
0.16160114
0.010160615
0.046959857
0.10383063
0.080348429
0.16969342
0.038492054
0.01234151
0.072586423
0.032046326
0.07010609
0.10804162
0.19330699
0.15904091
0.0189085
0.14159562
0.012178965
0.012582103
0.07083276
0.20035671
0.03680163
0.057696279
0.080324364
0.20753377
0.17828107
0.11875892
0.096654519
0.069438484
0.091668179
0.092494086
0.1474644
0.18030762
0.018150779
0.1844777
0.10760864
0.20714494
0.11372436
0.099560719
0.052460685
0.12395134
0.17191039
0.010653773
0.010308362
0.029446796
0.039905021
0.010914283
0.1161161
0.10444637
0.08323396
0.046716438
0.10302285
0.067879459
0.19972703
0.035101617
0.015969704
0.11886505
0.025454158
0.14717324
0.21535844
0.17095763
0.07417458
0.094649238
0.015767306
0.10859284
0.20601659
0.11958108
0.010750625
0.20409238
0.043311158
0.061376999
0.028321631
0.016368341
0.061134757
0.0160058
0.093626466
0.19068956
0.19466584
0.17226519
0.066437298
0.078482697
0.16828847
0.20284705
0.09388857
0.015591165
0.046810376
0.059502762
0.19428438
0.1606145
0.083426414
0.042666294
0.0084267829
0.053195774
0.21574619
0.10707011
0.027662878
0.10723324
0.14227627
0.038683579
0.032801618
0.032761263
0.066553508
0.017180915
0.12499649
0.16213633
0.0011836679
0.183358
0.0086078565
0.18918757
0.010531866
0.0089293307
0.087720055
0.071174875
0.066231663
0.1816257
0.0016433131
0.070687901
0.15948958
0.13251144
0.19809376
0.037895445
0.038738313
0.055685877
0.13149019
0.044782748
0.13806283
0.16559321
0.17969002
0.16246867
0.19821938
0.0076234712
0.088575957
0.21573406
0.084052449
0.018894539
0.11959995
0.050031988
0.051785925
0.034115307
0.081400116
0.10864746
0.16919612
0.18144961
0.094843562
0.040609138
0.063059598
0.13173596
0.059817474
0.071891524
0.15254736
0.082897944
0.15760197
0.037129834
0.057680151
0.19457445
0.015344645
0.15440081
0.0084006225
0.00082135598
0.12633609
0.038671581
0.095320869
0.20351973
0.045212237
0.10615188
0.20954078
0.11476569
0.13668602
0.12847364
0.031561317
0.073477427
0.10592721
0.1535197
0.13249677
0.16017611
0.040461755
0.15589661
0.11289131
0.054805718
0.075676083
0.11590234
0.081528083
0.092053594
0.14207739
0.072485546
0.066365392
0.18517298
0.068123931
0.10958256
0.063466423
0.038454506
0.066998295
0.093155838
0.20908758
0.14414999
0.10118026
0.17362929
0.059439284
0.074926641
0.095489727
0.045400242
0.20558697
0.012033608
0.19308133
0.049807361
0.09199439
0.13476577
0.20544354
0.17361468
0.19893713
0.13334445
0.16448786
0.089983915
0.090216399
0.15313606
0.12900692
0.050111733
0.096648836
0.17413486
0.13109422
0.070660085
0.0090232741
0.050337668
0.035788373
0.023891365
0.0080596965
0.16063447
0.090258876
0.18787902
0.00096582975
0.1331433
0.19632203
0.037040719
0.17164215
0.036582209
0.027501533
0.12746496
0.14628619
0.12284887
0.051117463
0.037590385
0.075175381
0.032501714
0.021934297
0.10582258
0.13477275
0.03138448
0.01904381
0.18057244
0.072660208
0.14422454
0.034914863
0.10517283
0.13817197
0.1054259
0.13748356
0.097517217
0.019210036
0.088342866
0.090939321
0.18627635
0.19180276
0.087632036
0.1638935
0.21540566
0.030184835
0.17167947
0.044395432
0.11912506
0.10352
0.083289305
0.2035268
0.18373394
0.03657876
0.17223304
0.017143286
0.18057438
0.027222486
0.18950156
0.073308493
0.18495957
0.077840982
0.10460762
0.14531819
0.15879354
0.17829905
0.020076551
0.13309307
0.097782886
0.038726663
0.16677686
0.020245947
0.1243765
0.012549145
0.088000245
0.028250906
0.050190105
0.075221794
0.066215615
0.13873771
0.027840283
0.060219742
0.1566554
0.21474701
0.19443545
0.092180042
0.13594755
0.042784016
0.012665651
0.00082094407
0.050220831
0.057296909
0.19502309
0.069347337
0.017771136
0.13181735
0.0014836136
0.080585628
0.18575989
0.086679526
0.079331422
0.07827699
0.14676189
0.016355208
0.12371677
0.16591394
0.20584813
0.032737738
0.14804257
0.0011816919
0.0097117359
0.20690666
0.171268
0.087396853
0.008735859
0.076140201
0.041424476
0.0011379337
0.21522753
0.14695116
0.043090901
0.029439054
0.099562897
0.18717714
0.0017871086
0.098352256
0.058965063
0.21544445
0.051147502
0.10607154
0.088249112
0.044164144
0.023200015
0.039861879
0.099562739
0.099256716
0.041961415
0.019141699
0.042347857
0.18725323
0.012434635
0.16248126
0.047131986
0.20968148
0.19078943
0.026398164
0.19628906
0.2001667
0.086975598
0.0014302301
0.069593013
0.17370215
0.073228393
0.078232611
0.11887563
0.025804986
0.084336296
0.033107209
0.20135038
0.15570776
0.066294046
0.09513495
0.20669977
0.027216866
0.13643761
0.185196
0.13573985
0.086881487
0.10418357
0.015725258
0.19184485
0.13526351
0.050716473
0.066971047
0.20811144
0.00069913892
0.091464928
0.013516061
0.1383775
0.076247125
0.10510522
0.17822671
0.12644684
0.13630779
0.012813955
0.062590333
0.065630016
0.13637933
0.055566047
0.12998509
0.12521247
0.16462465
0.089716668
0.19205945
0.00090759979
0.14458077
0.11663658
0.11852584
0.21560761
0.18277084
0.00075011475
0.073149061
0.048527809
0.17102628
0.022008619
0.13202274
0.045247696
0.026023271
0.065675083
0.13564003
0.039486286
0.14178974
0.053465556
0.16427645
0.084078757
0.18559992
0.041746764
0.012701715
0.16206915
0.001118896
0.078696972
0.087013931
0.098100942
0.026863404
0.073313879
0.160263
0.20158991
0.13439163
0.063521242
0.17587801
0.1033665
0.0014720565
0.13125129
0.0052601241
0.010655849
0.066325329
0.16974954
0.032152033
0.10561453
0.16421993
0.046664765
0.15444487
0.20593239
0.099719196
0.086610132
0.00080132402
0.056292663
0.19688488
0.17203819
0.10240668
0.016530986
0.13868882
0.085312234
0.029046013
0.12534311
0.070212905
0.10454244
0.102348
0.06637139
0.05373715
0.047124532
0.11614647
0.10323189
0.19608938
0.17792915
0.11785089
0.052117666
0.15887434
0.079700066
0.12270751
0.10719793
0.19261691
0.0015117427
0.0019892563
0.043827513
0.10443891
0.15912127
0.10871775
0.094938948
0.10924076
0.18377647
0.15864159
0.065887215
0.0010308062
0.09157146
0.00093659615
0.19264432
0.17784233
0.037813817
0.046635862
0.21550844
0.033430495
0.051291606
0.11669868
0.039383736
0.0014044884
0.20777481
0.093612992
0.18006277
0.10430685
0.123121
0.15724157
0.17292792
0.0041232103
0.035394261
0.0010989546
0.078469666
0.13234424
0.1995099
0.12557324
0.057783032
0.2033454
0.0010209367
0.069427306
0.19761421
0.10951208
0.11949321
0.19656046
0.19253077
0.092537218
0.20632701
0.13230749
0.054689916
0.048133079
0.20802103
0.08644459
0.20370022
0.028321403
0.19129026
0.15956376
0.18556003
0.12214893
0.097122351
0.036792726
0.055421551
0.12560163
0.0080919723
0.15435963
0.17575329
0.016876042
0.073907878
0.06356825
0.074947355
0.00089694216
0.15912043
0.19494448
0.083134425
0.01396005
0.1957321
0.17263998
0.044326874
0.20344145
0.03168586
0.0050860815
0.1336969
0.19094314
0.059842431
0.13288305
0.13574678
0.20602406
0.09174326
0.0041094426
0.13962833
0.16158002
0.03992348
0.028404893
0.048662369
0.036697658
0.038663947
0.070707712
0.11473493
0.09322928
0.16209332
0.049815973
0.061500653
0.095166258
0.1153041
0.16786536
0.0095594554
0.215817
0.13615336
0.15653587
0.11847347
0.15326143
0.071176972
0.082286046
0.022416445
0.00057560665
0.14750566
0.081918334
0.036963142
0.06218944
0.18933951
0.026080384
0.11443021
0.15104082
0.20770705
0.000861206
0.0016345205
0.11959607
0.12227415
0.031489413
0.011995038
0.016563792
0.0020556069
0.16960953
0.11777173
0.073429045
0.19359108
0.055569434
0.20496512
0.21575882
0.047686356
0.0031690258
0.11123666
0.15225467
0.096930892
0.012135979
0.074344322
0.19572411
0.074360442
0.082845301
0.028440922
0.070226691
0.0034170729
0.062272355
0.17852148
0.13831392
0.0078572821
0.070889041
0.024750632
0.10076711
0.09387974
0.018592367
0.09946697
0.0088803422
0.13213658
0.16683091
0.1996571
0.039174003
0.19583212
0.12718472
0.12540273
0.062239087
0.14783104
0.17123107
0.10942103
0.10391576
0.095299745
0.028176383
0.11684548
0.18839565
0.016286178
0.18981001
0.11913323
0.0052083048
0.018256657
0.028665391
0.043241114
0.043151836
0.14499283
0.1396393
0.11704888
0.05854033
0.13893345
0.096005184
0.0084149456
0.0089666008
0.038519705
0.13819795
0.21519829
0.030967509
0.05700264
0.030112726
0.047400194
0.14384904
0.12752896
0.10433208
0.19781856
0.15873644
0.21531398
0.093132156
0.13839199
0.11072447
0.096587223
0.024612769
0.01710695
0.097095011
0.16148209
0.12142784
0.11269522
0.062883185
0.19720986
0.20252451
0.15290826
0.10731315
0.049830429
0.063691488
0.081979194
0.14725981
0.027564197
0.053729978
0.023368355
0.14288102
0.20296376
0.13829153
0.080713737
0.18503041
0.002902941
0.002065602
0.047293217
0.1840257
0.017770883
0.18408668
0.0086840166
0.11128158
0.090991964
0.0060262077
0.12420861
0.06864398
0.19791396
0.19951562
0.07630456
0.1801786
0.12044979
0.056827422
0.11895632
0.13642692
0.062200597
0.092585858
0.13929875
0.16169469
0.028565547
0.00029454563
0.096741375
0.20857101
0.048444445
0.00047510218
0.058500236
0.064735682
0.16834163
0.062054189
0.13126503
0.19295423
0.019843772
0.11162781
0.14210865
0.16089949
0.13122914
0.023093351
0.075982103
0.066135662
0.036355041
0.16781882
0.15485779
0.17208401
0.16744171
0.12630938
0.014544205
0.077288164
0.081690938
0.1259942
0.038903817
0.0078959424
0.20419946
0.19578495
0.10238216
0.16261524
0.051814193
0.044310592
0.0084704318
0.043794208
0.082682262
0.030105245
0.039018039
0.00041132576
0.17860401
0.10182797
0.20393224
0.082327823
0.046395541
0.074026811
0.18707568
0.21570305
0.2011033
0.04412448
0.010618565
0.18015574
0.0012930724
0.077706721
0.042007901
0.12297962
0.045944941
0.040656477
0.20975905
0.17057092
0.049564467
0.021937126
0.02642323
0.072310503
0.011888039
0.20239434
0.086875512
0.11124714
0.17224303
0.17415192
0.05677148
0.026114936
0.066664212
0.058004395
0.06614794
0.10392682
0.16387681
0.038935966
0.037398995
0.21547796
0.14468818
0.21517477
0.10429602
0.066318103
0.056603646
0.18516308
0.17232912
0.20276651
0.025231278
0.00094381616
0.17020686
0.10688031
0.095105372
0.089616035
0.10021927
0.047795565
0.1617226
0.08047461
0.064429259
0.12462843
0.035265851
0.11160091
0.075217045
0.08011517
0.008206835
0.048802441
0.17127953
0.11166933
0.011702568
0.016731593
0.093520007
0.0010982003
0.080464877
0.13210061
0.11771776
0.12848886
0.019947037
0.21538854
0.048689109
0.089002601
0.20213983
0.065435592
0.18435985
0.011319296
0.050581236
0.142736
0.04708367
0.11615786
0.07222159
0.10364929
0.13042005
0.10181919
0.13563185
0.068786398
0.12999795
0.12641413
0.05774165
0.19494525
0.19298168
0.049965941
0.16288326
0.053829516
0.13515667
-0.00077849759
0.032587388
0.19070741
0.035964671
0.10797344
0.1649729
0.077605039
0.064853637
0.059987294
0.11229743
0.068492399
0.065088455
0.10834776
0.092613922
0.026397893
0.1613349
0.10844755
0.15016825
0.15335061
0.14884112
0.042274843
0.11077768
0.056946617
0.052166247
0.20310932
0.13967448
0.072108092
0.16691981
0.11469865
0.122775
0.011152512
0.12550143
0.17678854
0.071777031
0.091880092
0.12127787
0.040210365
0.039302014
0.047240065
0.085451156
0.098454279
0.14822214
0.074296465
0.090758295
0.17407671
0.1760291
-0.00023351293
0.161474
0.034438082
0.14256137
0.069174072
0.21564095
0.068126766
0.10208882
0.054760323
0.089419579
0.087519555
0.16144189
0.17436342
0.12302748
0.095063533
0.02827415
0.12422128
0.019857109
0.070656028
0.17503733
0.032780807
0.067272789
0.18563795
0.21560236
0.064390692
0.10021317
0.14785844
0.085293107
0.17689264
0.041921156
0.12348593
0.054921526
0.15085049
0.18106332
0.015533627
0.065267685
0.17784425
0.13880588
0.1201928
0.21534727
0.145357
0.12357944
0.076181778
0.077706637
0.016522
0.13635873
0.17704646
0.05755204
0.03107615
0.0078584477
0.11133334
0.20332726
0.21536346
0.13111016
0.12354643
0.16557269
0.20315878
0.029310254
0.11891271
0.077053444
0.12981056
0.080884318
0.10739276
0.19261745
0.17815803
0.078402151
0.10076808
0.10144433
0.028833103
0.17957656
0.20475025
0.21347623
0.14855385
0.033409569
0.14420622
0.12931215
0.16098717
0.0290823
0.17410494
0.20357202
0.014885022
0.12386228
0.16801281
0.1625429
0.18807313
0.16970037
0.20546615
0.18137147
0.15504636
0.085749587
0.16307548
0.035622099
0.016372844
0.21491748
0.047575886
0.2152322
0.0012350897
0.12920251
0.19104959
0.14471626
0.20810027
0.20751649
0.03365615
0.20185257
0.17921585
0.11312205
0.15642466
0.21559153
0.19486392
0.21587534
0.068952098
0.024954013
0.20716932
0.19084455
0.12634668
0.13097186
0.13898881
0.047243632
0.088540466
0.021042958
0.036170986
0.12310559
0.13545138
0.1590424
0.022613628
0.12045317
0.076160648
0.15854862
0.0010175185
0.068749077
0.067737131
0.14263317
0.12580532
0.20506029
0.16160178
0.20769726
0.19237382
0.092516504
0.19454947
0.12795334
0.1741175
0.15432637
0.007448979
0.13565674
0.12256626
0.18423769
0.18019088
0.19119299
0.11269076
0.069920122
0.098132034
0.14014544
0.043386613
0.01077902
0.084708374
0.045598211
0.20299826
0.17453501
0.032192862
0.056308695
0.14157007
0.12405561
0.13144835
0.045243107
0.047452047
0.1038341
0.21540117
0.20293503
0.069473669
0.12804307
0.20085744
0.056618227
0.16660727
0.033759259
0.042807449
0.028556572
0.20004919
0.21519032
0.16967682
0.18713024
0.19563201
0.20251574
0.16864509
0.098785008
0.18161443
0.0095710929
0.19360109
0.077932064
0.050178273
0.085283674
0.035117589
0.19819047
0.092829128
0.007695633
0.036295393
0.14904314
0.14671466
0.00056698416
0.1705395
0.12997405
0.026715124
0.21536204
0.012732888
0.12237385
0.14214919
0.14711677
0.03308091
0.030373969
0.012193845
0.10396681
0.072726633
0.19725891
0.094590715
0.024933552
0.21575536
0.21551239
0.049842366
0.11509347
0.087058538
0.061550803
0.20609423
0.20865848
0.0006268689
0.05478664
0.12586715
0.092414537
0.13109842
0.12588051
0.048682917
0.21558726
0.16046614
0.12963836
0.073483352
0.17457101
0.0050053308
0.0080941907
0.1915374
0.061792457
0.0092113165
0.15155933
0.20953113
0.079619217
0.00091089035
0.070206301
0.1765672
0.086871226
0.072332016
0.13946137
0.17168014
0.16574258
0.0014638174
0.12288691
0.21532504
0.18911002
0.20489864
0.036206713
0.0080948663
0.17409641
0.091545272
0.017642102
0.18013402
0.12742974
0.17185326
0.13478872
0.028336659
0.028728634
0.12777645
0.19162774
0.035023531
0.01189132
0.069392518
0.19830155
0.19108626
0.15288776
0.19914294
0.0041471226
0.075562249
0.050462277
0.13084054
0.15419537
0.046104476
0.025151042
0.10280646
0.15771844
0.031981964
0.18610858
0.055056331
0.13555037
0.099673896
0.11664753
0.094787402
0.10730186
0.1607722
0.16909565
0.17611155
0.17432553
0.19320726
0.13304189
0.016315725
0.15475627
0.0013216193
0.047314678
0.046187117
0.0082721157
0.0077423505
0.074860613
0.12919945
0.17117768
0.02356468
0.0079951108
0.076134788
0.18368568
0.06826264
0.032666121
0.19107991
0.14197034
0.043636898
0.08120864
0.0077990662
0.079071336
0.10395542
0.036759131
0.057620269
0.12435446
0.15491169
0.059923737
0.16320185
0.077277397
0.19967511
0.023183462
0.17498432
0.08753179
0.10720941
0.032799668
0.19251609
0.20655515
0.0053180206
0.20495757
0.10291559
0.12309024
0.082899439
0.11605216
0.15461618
0.12657072
0.11160693
0.12398294
0.098600829
0.11625462
0.043948497
0.020917306
0.061331343
0.17935594
0.056932039
0.12911511
0.18985243
0.0612784
0.11238031
0.047405959
0.098558703
0.044980045
0.044630394
0.0012729725
0.053126127
0.021943434
0.18867814
0.02903963
0.033159513
0.18161368
0.048661365
0.069027488
0.12438143
0.21529122
0.16220372
0.11076719
0.11873755
0.012309224
0.10333756
0.063387611
0.19237058
0.074881699
0.16542763
0.19078379
0.16487871
0.18836792
0.083871167
0.19671551
0.16180429
0.18895631
0.11783855
0.12431923
0.028604617
0.0086020848
0.18741864
0.18459573
0.07242762
0.20789909
0.096401554
0.15950625
0.086594126
0.12580988
0.20911091
0.0087584014
0.067212571
0.011498564
0.058102161
0.13906635
0.18651117
0.15480891
0.0425091
0.062873192
0.11292154
0.06293604
0.048617967
0.11298709
0.064141149
0.026768882
0.035711619
0.014584894
0.10379435
0.022081562
0.1023785
0.028051249
0.17387513
0.0063486114
0.12460981
0.13654338
0.053727884
0.20910342
0.20365402
0.20046048
0.080824591
0.071841418
0.14347208
0.087302843
0.14950187
0.00093551511
0.11479299
0.0085954291
0.094536029
0.085580896
0.15073765
0.21548733
0.004810437
0.013721491
0.13605683
0.098703436
0.11484643
0.16892656
0.093827652
0.074463097
0.088014901
0.044084737
0.10189851
0.19353504
0.17463677
0.011665461
0.20463946
0.085635027
0.067852212
0.14097562
0.11491148
0.14205895
0.189859
0.14134034
0.064695494
0.035666646
0.20693652
0.16714541
0.020621255
0.082829384
0.14140802
0.12748134
0.19590806
0.10150576
0.20593137
0.074337684
0.11813132
0.043024106
0.19867016
0.14756684
0.00079766071
0.16831777
0.16860345
0.18419741
0.1732463
0.051976667
0.19203702
0.21527064
0.10917596
0.1216073
0.064871432
0.0057721224
0.19450421
0.072983446
0.19588626
0.0020610562
0.073779529
0.07929734
0.19224089
0.0046412657
0.00068348353
0.19335208
0.17615131
0.11689628
0.098164625
0.12840292
0.099505643
0.10149059
0.15843139
0.11390036
0.085670746
0.010941517
0.21526077
0.21543992
0.09708604
0.19845155
0.0042956041
0.20223685
0.078154121
0.056944512
0.033050473
0.097961453
0.14668674
0.10105875
0.20903021
0.19122586
0.1335796
0.10488463
0.047259545
0.17132019
0.001557296
0.0042243175
0.060426061
0.11792063
0.17191354
0.00074889088
0.12321683
0.17398295
0.047581892
0.1438083
0.13342413
0.026142624
0.2060524
0.055968223
0.063861455
0.10258451
0.15839625
0.057089188
0.19747893
0.022230058
0.089660581
0.036941729
0.077448629
0.18510607
0.093764902
0.19941017
0.12867265
0.0045108067
0.17456254
0.15973143
0.1614845
0.15422893
0.074200624
0.070150149
0.082111171
0.043576486
0.0031802109
0.045975633
0.012389472
0.14391169
0.091082833
0.19354592
0.1898541
0.13561944
0.043121657
0.14073629
0.03311332
0.0011186333
0.14432902
0.19229023
0.032165615
0.12904571
0.19335213
0.17248747
0.10693062
0.20647598
0.15281403
0.11018472
0.14530329
0.10010182
0.042871907
0.14430177
0.20359958
0.15688386
0.043966863
0.081832431
0.087819837
0.079895401
0.21530925
0.21474371
0.0085826452
0.066145158
0.046855067
0.023107589
0.10508677
0.077965361
0.081692754
0.1512906
0.19276993
0.09844263
0.032405441
0.129977
0.20338428
0.20749967
0.020466379
0.18490493
0.029824262
0.084498445
0.1248762
0.025334146
0.10186147
0.00068894791
0.14283935
0.034562835
0.19235062
0.10454448
0.085166239
0.10821558
0.17357183
0.2037301
0.1898979
0.1768848
0.094027943
0.14635092
0.10363586
0.031411741
0.046965277
0.074917685
0.11351136
0.042307754
0.2140373
0.086646799
0.14587656
0.0030369795
0.1972915
0.15102895
0.1084425
0.12313935
0.072564492
0.0081418648
0.13901345
0.027428086
0.16044447
0.083330221
0.070909461
0.06370849
0.13624398
0.062353685
0.1347918
0.097660054
0.073924833
0.012185948
0.076079853
0.02110516
0.0018277235
0.10804866
0.12014879
0.21542067
0.13788004
0.022308154
0.07637762
0.21526604
0.17601254
0.20061706
0.088183201
0.15210705
0.11216941
0.05018342
0.11458463
0.19594647
0.14507793
0.067017785
0.14471082
0.039841066
0.022551811
0.13189426
0.031118194
0.055966378
0.070545252
0.044062344
0.027043236
0.051668124
0.093034934
0.0013455655
0.20478001
0.14888874
0.074259115
0.0055257628
0.1089686
0.058096035
0.09266273
0.018040719
0.19847317
0.19840262
0.21531511
0.16668585
0.21429247
0.19117406
0.13219642
0.11895422
0.10988713
0.00034554822
0.10877972
0.062692076
0.04284538
0.029993888
0.00094072693
0.10254607
0.049584652
0.1235487
0.097278246
0.0012848019
0.081391521
0.041150643
0.05082307
0.064601976
0.0086721445
0.0095186793
0.14664718
0.18267598
0.13312467
0.11906822
0.075741385
0.026648032
0.12570122
0.011438588
0.064795449
0.10643501
0.094656949
0.18526044
0.16328478
0.19735037
0.082614796
0.0865188
0.10820758
0.15029535
0.20111358
0.0011943815
0.031317676
0.051715945
0.02817091
0.13167389
0.040233522
0.088782686
0.19452421
0.081787228
0.087325028
0.0947557
0.053426063
0.20078663
0.17908984
0.19310071
0.17501259
0.056891495
0.21567765
0.1702511
0.035953281
0.047814005
0.13404866
0.070057134
0.028217663
0.025823517
0.21581938
0.12754197
0.11583834
0.21559119
0.0087282332
0.090371779
0.058920751
0.19345426
0.163024
0.21541969
0.13245749
0.0038482479
0.0070412699
0.085822738
0.069717534
0.20475975
0.079838332
0.20098896
0.059546409
0.0010308266
0.028244474
0.082615331
0.17988432
0.070122003
0.1710527
0.067532344
0.044442979
0.16186842
0.2155345
0.16852677
0.1921459
0.19757219
0.094773722
0.20726651
0.18767662
0.10940821
0.012286769
0.1579596
0.00098422824
0.16761652
0.0014346253
0.14650202
0.081649706
0.05389754
0.15673293
0.030376085
0.1942825
0.124711
0.21557935
0.16183426
0.086667089
0.015759181
0.14336014
0.060928494
0.2013617
0.10161362
0.021665763
0.17149036
0.032465029
0.045911999
0.19604834
0.0063319479
0.09958409
0.15916471
0.1037703
0.10324209
0.20523604
0.092805168
0.1326099
0.05350678
0.075354162
0.16161831
0.19185777
0.056449348
0.12793772
0.14451764
0.16023353
0.046168801
0.057574704
0.015866133
0.087494996
0.11363969
0.0314445
0.01187761
0.10121768
0.0088015138
0.10823618
0.17466442
0.10715962
0.061027612
0.011537887
0.096914168
0.1672222
0.17390606
0.1232811
0.099264615
0.2153149
0.03113738
0.16918551
0.17591365
0.074689737
0.215661
0.022251033
0.14325902
0.050364282
0.12829966
0.12109795
0.11292732
0.11504156
0.16238096
0.0011053156
0.057302437
0.20590612
0.20443487
0.1680058
0.17580121
0.1246658
0.18995865
0.093951411
0.13546892
0.081854133
0.050765096
0.086740261
0.12601316
0.010772551
0.19506444
0.061962166
0.19552315
0.081905121
0.13827162
0.16525006
0.015227933
0.1205279
0.082309513
0.034727518
0.025879017
0.010559394
0.10494175
0.068195138
0.052166303
0.051883056
0.057745091
0.15305426
0.0081596896
0.0079472123
0.056985493
0.058325579
0.11731937
0.061196462
0.052048591
0.10260399
0.094988539
0.023898246
0.045532492
0.13548864
0.016240744
0.16083052
0.011310156
0.1870115
0.042609142
0.042381878
0.047496956
0.029918963
0.18963923
0.2147623
0.076980486
0.10832563
0.19045907
0.10714891
0.0088964417
0.008495994
0.079506031
0.16537548
0.089420895
0.19569763
0.057991608
0.15553317
0.14161021
0.17644064
0.14067282
0.1239357
0.0013886391
0.069730722
0.14089235
0.02399771
0.19018654
0.19044924
0.12142706
0.059862704
0.085590947
0.15582933
0.037730762
0.15727619
0.18511178
0.07068442
0.10240258
0.08214323
0.21547228
0.089179591
0.16562788
0.080397538
0.00098972338
0.066015259
0.12957838
0.12412378
0.18450996
0.043029217
0.18746412
0.052040862
0.12581665
0.013627568
0.13051482
0.13365201
0.12758575
0.016204244
0.1923127
0.14090242
0.15245606
0.16175405
0.15614588
0.061726403
0.028032074
0.040457856
0.045587843
0.18404867
0.036317001
0.17670341
0.066368458
0.12351435
0.18731961
0.015093484
0.046248155
0.055452095
0.11384047
0.17076276
0.07032017
0.058321784
0.10410432
0.11976913
0.16115493
0.11124647
0.083143621
0.093071029
0.11286311
0.014093515
0.15463347
0.13256929
0.026540604
0.19183614
0.082511409
0.031583913
0.0010459476
0.099766262
0.08236467
0.17813689
0.044750449
0.10350641
0.20396798
0.16758619
0.18543642
0.19445968
0.069899571
0.0601266
0.17247178
0.14230654
0.10942897
0.07493921
0.19259434
0.039812003
0.066370489
0.00036781388
0.056288803
0.01772103
0.1503155
0.011656763
0.059253788
0.12018884
0.018233788
0.16047623
0.050234121
0.047536116
0.027842918
0.16511967
0.16841474
0.19367751
0.19859019
0.044901226
0.20809115
0.03894383
0.10153242
0.091059658
0.10293804
0.18373725
0.12878428
0.011230271
0.073808085
0.20792561
0.082648939
0.13562104
0.081767959
0.12823567
0.074396272
0.041203928
0.056581347
0.20068409
0.14295255
0.071195634
0.17050271
0.18037665
0.073388662
0.063520853
0.15259438
0.11846964
0.12812446
0.0011315351
0.10346492
0.041142401
0.097099331
0.078623541
0.031716035
0.14618359
0.023954494
0.04996335
0.15462034
0.16638312
0.18802016
0.048451738
0.062272142
0.16573466
0.19926364
0.17095846
0.00074720523
0.062383315
0.13686727
0.17726542
0.018057069
0.18083779
0.044859499
0.073023068
0.05677599
0.14302926
0.010474834
0.11889208
0.068047662
0.008575511
0.0086528787
0.0089042029
0.19699252
0.032285954
0.13211256
0.039355201
0.10546586
0.1647721
0.21536504
0.13782577
0.045126294
0.098554719
0.1331117
0.20031693
0.10986444
0.11092306
0.076324866
0.11689865
0.17733211
0.072549807
0.18123587
0.13768482
0.19061493
0.083715077
0.17914075
0.07318307
0.14406527
0.048958481
0.10840253
0.16634765
0.0067167299
0.084138415
0.18406522
0.149576
0.14581495
0.094474324
0.13329406
0.0051433889
0.15308237
0.061296867
0.11859293
0.086593596
0.077458404
0.070625723
0.10063954
0.085291264
0.20115667
0.1777968
0.18222445
0.00041357411
0.0079255293
0.12517197
0.096492297
0.0054157541
0.10648699
0.16479747
0.00084586524
0.17379736
0.18994651
0.20783889
0.076635219
0.18168015
0.085579562
0.11781062
0.015152857
0.12841173
0.19708453
0.076709017
0.0086239367
0.13596167
0.10689661
0.17831752
0.21223745
0.16055196
0.20306783
0.17208562
0.13283865
0.17748412
0.11097928
0.011080023
0.085506436
0.12853619
0.0038125832
0.060665426
0.066583736
0.096811973
0.18313039
0.10129011
0.073625506
0.086688027
0.16194794
0.050398239
0.02364192
0.12379374
0.16207917
0.11151873
0.19778363
0.13748134
0.14388971
0.010046138
0.095709216
0.10233397
0.051012126
0.081669182
0.032341706
0.086754092
0.16919342
0.0068030304
0.073240456
0.069643645
0.16535726
0.17716158
0.12498622
0.084312868
0.0050142902
0.16275375
0.0039398639
0.048602195
0.0076414994
0.031202616
0.15950105
0.017232241
0.19309839
0.2154307
0.066764581
0.072844047
0.16097945
0.17591678
0.18367554
0.060891302
0.0096833876
0.18683289
0.021642787
0.1071339
0.17125402
0.030307682
0.022490156
0.13239995
0.10111449
0.051843926
0.078336879
0.18036254
0.060611247
0.15536636
0.10121456
0.095958951
0.1479824
0.027877226
0.19879747
0.11264852
0.14790326
0.016093323
0.12449224
0.12407247
0.097803065
0.13722443
0.035062775
0.21553168
0.088768317
0.19347813
0.0022336535
0.20605514
0.2055836
0.12603897
0.060948257
0.14018883
0.084973181
0.056442742
0.10391953
0.13431073
0.05216157
0.06585486
0.12785122
0.042552014
0.13412289
0.083881221
0.064765373
0.025100674
0.20348025
0.051332645
0.16414833
0.16955504
0.091141794
0.015549052
0.0038873049
0.084152524
0.19406716
0.00083947196
0.065317592
0.15946942
0.046093069
0.066263859
0.19305386
0.052450554
0.1735741
0.20291986
0.071441328
0.20230313
0.17231723
0.20715652
0.036960607
0.059844441
0.0638733
0.018705605
0.18320094
0.17818419
0.03582426
0.11123029
0.0011969857
0.055587217
0.10176893
0.011497491
0.21572816
0.21572641
0.17555741
0.19868157
0.15742915
0.077552652
0.065163801
0.0049910184
0.11226296
0.12034812
0.033025076
0.18103697
0.11903934
0.016962547
0.010591724
0.042078157
0.15316808
0.042895816
0.0049116991
0.12782494
0.04464292
0.17829032
0.063499052
0.068914953
0.1041179
0.03498258
0.025598611
0.11425526
0.090798144
0.077949627
0.069851096
0.015414987
0.097291357
0.13902376
0.17867693
0.13748872
0.043214678
0.0041494886
0.127996
0.051804749
0.0015771954
0.13730029
0.096920465
0.1581207
0.11033019
0.20731616
0.022293292
0.15430164
0.13293311
0.031693744
0.077362712
0.21530555
0.00094331663
0.15367772
0.21561864
0.068215394
0.12832988
0.13738762
0.069147709
0.014461212
0.055202566
0.16290763
0.21529586
0.071127047
0.15725863
0.086267499
0.16662086
0.093372205
0.015120753
0.18010254
0.11800321
0.011340513
0.039053268
0.21546755
0.026696254
0.17035769
0.12360585
0.16822871
0.15934186
0.0076961032
0.0074804218
0.19530233
0.20349367
0.20374844
0.18263372
0.036216582
0.13937458
0.054159214
0.015212451
0.081876519
0.053657518
0.15072531
0.10605506
0.17628248
0.18377806
0.059397238
0.075266771
0.10127423
0.00093266058
0.1379859
0.20210376
0.12229437
0.1459837
0.19693619
0.023996264
0.20235118
0.11089616
0.15132002
0.056718764
0.19841721
0.100158
0.071559302
0.072821999
0.010459152
0.076063193
0.027751945
0.00056641346
0.17649227
0.20271356
0.0027160785
0.14825647
0.1885235
0.20255235
0.2153158
0.00093060814
0.01944411
0.06014936
0.21571017
0.060179592
0.17294217
0.17718046
0.12062788
0.15417726
0.087492851
0.12836593
0.15640307
0.14689192
0.086413526
0.055386702
0.1350518
0.20165376
0.036957949
0.19663315
0.18282851
0.14173795
0.096915406
0.095873694
0.12844592
0.15965433
0.036839269
0.070507313
0.18147088
0.02836419
0.052924845
0.0082127244
0.14265805
0.15425434
0.20417675
0.046665887
0.0039692415
0.17994214
0.058345889
0.19185641
0.091413129
0.035588337
0.18423503
0.15485871
0.15144928
0.13173991
0.21535506
0.19344919
0.15569903
0.18426065
0.19284071
0.083956458
0.10810151
0.024515854
0.022750519
0.20651877
0.12361735
0.073765115
0.0080243468
0.092035598
0.10678948
0.15469794
0.14827271
0.18759263
0.036190844
0.13496993
0.029926085
0.11269468
0.16190334
0.0014004334
0.19164582
0.11700429
0.0024479577
0.12012979
0.17522833
0.057527564
0.02779325
0.15593653
0.20139655
0.0015322934
0.12654231
0.029072508
0.079407226
0.031337299
0.13282024
0.18269791
0.14642804
0.162246
0.20370668
0.058365489
0.10704709
0.12757005
0.19038176
0.0064213445
0.14974196
0.21536063
0.047826356
0.17588575
0.049684445
0.13557563
0.083041881
0.19989193
0.20579303
0.10093126
0.04633535
0.11160155
0.18901096
0.18234804
0.078061012
0.17928383
0.14455391
0.067831126
0.084207402
0.035427641
0.031093248
0.21571676
0.21544904
0.17435355
0.1069633
0.0099706238
0.1416583
0.16055078
0.12462784
0.18087918
0.17201568
0.10052621
0.19651701
0.09089697
0.0050391629
0.18459904
0.18865026
0.001517301
0.16573797
0.10136633
0.072252697
0.15181212
0.20877466
0.12008853
0.09878159
0.10723197
0.061609383
0.19271198
0.19141391
0.10873558
0.044635328
0.04694457
0.088674014
0.060130056
0.072345819
0.14845016
0.1151699
0.0082705648
0.011831222
0.10346646
0.083356651
0.13761475
0.018637648
0.13334035
0.1505482
0.20805047
0.0007738354
0.10705416
0.022532465
0.1670994
0.14585791
0.19543634
0.11858211
0.066593144
0.01623947
0.18126118
0.20536195
0.1618913
0.20379385
0.14509418
0.19618956
0.1195783
0.045670085
0.1589184
0.018041134
0.055595046
0.11666227
0.084444339
0.15675168
0.11595307
0.11486832
0.020285404
0.06686226
0.20467552
0.093523793
0.13032265
0.19694269
0.13686279
0.010008824
0.12694095
0.17754216
0.04667976
0.026985279
0.10944085
0.07785867
0.015349467
0.031628916
0.17675395
0.077728976
0.033610381
0.18284664
0.034026156
0.13191029
0.1362657
0.016523043
0.18155554
0.12809689
0.032239763
0.13160833
0.0085315165
0.0042469251
0.017148974
0.077107644
0.087479244
0.17893958
0.053363277
0.1130144
0.035154437
0.10084395
0.11505923
0.033066246
0.043946798
0.10784055
0.14934348
0.099133245
0.19984441
0.062070811
0.025958013
0.098242068
0.19141078
0.066545389
0.043637835
0.16039972
0.11430096
0.11403564
0.14809897
0.012201534
0.182399
0.085344575
0.19508766
0.072035831
0.16431548
0.047573353
0.19191728
0.19830621
0.10594615
0.077406275
0.029475875
0.014631774
0.12691733
0.058277129
0.06508934
0.15653313
0.19019469
0.046933158
0.070426001
0.15359384
0.065096637
0.052660065
0.15545733
0.11180788
0.17127119
0.00094506909
0.1058029
0.048028457
0.11426084
0.16015237
0.19846766
0.035908837
0.11886258
0.075523118
0.0039480756
0.10924334
0.064004576
0.13809456
0.011483688
0.17019444
0.036817166
0.042673122
0.098815435
0.029453712
0.15057026
0.11508428
0.12537667
0.0010476909
0.075278721
0.0080191067
0.1731128
0.1477953
0.12296911
0.089595302
0.01368504
0.035499389
0.1192669
0.043355137
0.15634964
0.12104911
0.14800781
0.1934841
0.2039719
0.2153945
0.16642909
0.086949579
0.12280927
0.09532356
0.087563702
0.097177073
0.089401843
0.041618481
0.11998328
0.050184642
0.0078037003
0.21524087
0.14210729
0.14053557
0.025045197
0.13050501
0.018405824
0.0011830454
0.080833027
0.073664257
0.040714844
0.1126101
0.15814853
0.0004774184
0.18402975
0.15815606
0.045596924
0.19014937
0.063053243
0.007935954
0.059890963
0.11104997
0.12871093
0.1759845
0.046004521
0.18859591
0.02467904
0.19050454
0.019296931
0.14211114
0.10570612
0.16705067
0.061813176
0.029725776
0.16698625
0.11195351
0.12189786
0.0081326339
0.011712185
0.069999404
0.19393345
0.14961506
0.089087938
0.086692337
0.088062641
0.20680726
0.21470093
0.17828361
0.050287134
0.1626993
0.039021469
0.078899468
0.0041230578
0.038608431
0.10016127
0.019762382
0.1145114
0.18493995
0.17369791
0.0039816727
0.10714509
0.042639573
0.12917497
0.01455805
0.17131359
0.00077118728
0.13360027
0.10179653
0.087383225
0.094518127
0.061392333
0.15046007
0.11226425
0.13203146
0.2158475
0.15094598
0.065653449
0.14253304
0.21591562
0.024205791
0.19371719
0.091589266
0.0041475397
0.17903977
0.20672804
0.095265724
0.00096113935
0.13204568
0.028839281
0.1774116
0.0075876432
0.018554402
0.0024259361
0.11997942
0.0086289386
0.025175222
0.12810259
0.12480492
0.19653827
0.1228686
0.21545469
0.12958633
0.023522681
0.080760779
0.070257648
0.18711209
0.19207015
0.19783694
0.072544956
0.20765955
0.21554139
0.12697335
0.17992494
0.17027696
0.058111406
0.071878287
0.08824659
0.18749668
0.11219063
0.05547776
0.0683585
0.19039984
0.00064948564
0.046165423
0.1490328
0.1790755
0.19057641
0.046368993
0.19219086
0.11060191
0.1727214
0.12809283
0.067916425
0.024884475
0.15792812
0.21552046
0.00093360043
0.10686818
0.15157413
0.14956826
0.18117336
0.00067380409
0.12878685
0.098797704
0.024065094
0.15718908
0.012126487
0.065116416
0.096523319
0.08892691
0.14675165
0.040059217
0.15940493
0.087583052
0.11496898
0.16865365
0.14774976
0.14705809
0.14604604
0.15037535
0.19397381
0.062742118
0.21534934
0.14127089
0.10345037
0.0086252883
0.1928124
0.0010679076
0.095941463
0.030397585
0.13714122
0.1351638
0.095237395
0.10587512
0.034787833
0.16836187
0.17727111
0.12090298
0.096364655
0.16425548
0.20213669
0.00076457408
0.21556036
0.13245691
0.17407678
0.048073309
0.057415367
0.018888681
0.055140599
0.049825643
0.082397467
0.084299036
0.10135822
0.089808406
0.0048329175
0.018537006
0.19642838
0.094402415
0.060265136
0.14721022
0.17756523
0.21532289
0.10613223
0.062619917
0.024481693
0.12485057
0.00069770659
0.039040394
0.12829203
0.13759687
0.21533907
0.081637098
0.032124841
0.09625294
0.1890941
0.1211958
0.12445086
0.21561981
0.083002825
0.013593556
0.026892035
0.051674874
0.16401738
0.093420133
0.058929823
0.13908822
0.12658881
0.14157074
0.14350549
0.13334797
0.17716305
0.15088123
0.19906138
0.11072655
0.091577846
0.094074999
0.16932727
0.21582919
0.043176229
0.18440753
0.14076694
0.13240411
0.13109452
0.069143109
0.19726233
0.15741483
0.10716001
0.13824233
0.034643737
0.15210866
0.19442796
0.050434597
0.084199492
0.077896388
0.12969512
0.15854208
0.17872498
0.14611935
0.20478272
0.046630999
0.19164922
0.1532129
0.20553682
0.16460702
0.00040774736
0.19719439
0.20595168
0.20837671
0.00077708689
0.0011243913
0.074262364
0.12495793
0.10665624
0.0043747659
0.043527217
0.078423668
0.038977121
0.17829885
0.042970852
0.20646026
0.12655325
0.0013671786
0.050814231
0.17518986
0.047226829
0.20942494
0.0048055922
0.19704859
0.16673148
0.17813946
0.063988622
0.18227774
0.20594478
0.20169727
0.024849036
0.21537298
0.1387391
0.17491938
0.047081238
0.14730769
0.045859489
0.15702176
0.05727085
0.091784847
0.10600307
0.088981947
0.00041958447
0.09640085
0.20033477
0.055757726
0.15848028
0.10748382
0.018502244
0.0046114082
0.14411718
0.031380465
0.079286745
0.10003063
0.13283058
0.08704496
0.0047928345
0.080264508
0.16904169
0.20538549
0.20114907
0.17008149
0.065289306
0.12831837
0.10715743
0.11099361
0.12824387
0.10103367
0.0043394412
0.18723518
0.034575076
0.024600275
0.094646126
0.035107631
0.15661791
0.10411661
0.11698123
0.12912049
0.0003078262
0.066313808
0.15651176
0.1396794
0.12523635
0.17205128
0.071726211
0.0043524921
0.16667451
0.073220063
0.17153222
0.033429836
0.18506291
0.089847546
0.060287419
0.02359706
0.051926062
0.08262435
0.17084124
0.073154732
0.16443893
0.13057284
0.12102294
0.17926465
0.13876736
0.039681342
0.0241185
0.03713585
0.099875851
0.060321997
0.21527396
0.050601292
0.03451733
0.017126087
0.096714247
0.077507898
0.14003148
0.1971443
0.08771957
0.1436401
0.20311847
0.098133603
0.18803464
0.1551682
0.070433981
0.060289981
0.046246051
0.10288003
0.10541933
0.094650732
0.13171548
0.046246204
0.11792463
0.14120803
0.12944724
0.18006864
0.041907888
0.183058
0.13208339
0.051834152
-0.00032100291
0.16190146
0.066288635
0.036698437
0.09040916
0.094829481
0.1288982
0.027738812
0.069235976
0.11343041
0.16770963
0.15890594
0.032256792
0.13737405
0.18278042
0.2155178
0.15261907
0.10382988
0.043476094
0.18262039
0.19895539
0.13014447
0.16727418
0.082493705
0.035795621
0.1725862
0.14044064
0.062946366
0.017624256
0.11984266
0.05717626
0.0066798554
0.15827194
0.10085201
0.041102126
0.084151189
0.085789835
0.17971093
0.064223733
0.16888566
0.20410612
0.05351283
0.1684677
0.18460721
0.1696504
0.1447543
0.18820519
0.14444749
0.14827898
0.19065869
0.21546067
0.096123077
0.039566769
0.18932147
0.2070858
0.14148953
0.19789448
0.19984994
0.044850889
0.19961013
0.080911808
0.088331954
0.0084252114
0.068597226
0.18672531
0.18399001
0.11829536
0.1969061
0.19791749
0.083988245
0.090217679
0.069312047
0.067713906
0.19914508
0.04750732
0.082814658
0.21528112
0.090242649
0.14423329
0.044858719
0.20459085
0.094899909
0.072439413
0.024800832
0.15602536
0.17935709
0.0013913246
0.19766495
0.068201691
0.18342647
0.18188401
0.1447628
0.12494552
0.15153883
0.04483844
0.00099989079
0.070374381
0.055256056
0.085217683
0.055665396
0.11253208
0.12927619
0.038021366
0.19174051
0.069528171
0.016984334
0.038538847
0.11853372
0.017018457
0.086013881
0.024640969
0.19754606
0.14946602
0.0012208836
0.17813943
0.032148808
0.086547034
0.17345289
0.10357595
0.10502683
0.16436085
0.0773015
0.20693839
0.16840634
0.14975185
0.18417933
0.082760297
0.19115547
0.14980981
0.015946504
0.021313028
0.089798188
0.048177124
0.20056347
0.2033755
0.06764845
0.032802316
0.0067394834
0.18762807
0.088243748
0.14765206
0.21533683
0.093992343
0.092007982
0.20061599
0.17580204
0.022687701
0.065701578
0.17583804
0.039936915
0.12498628
0.068741627
0.10577646
0.097711944
0.040222166
0.072361953
0.09491786
-0.0005326809
0.20073871
0.1839386
0.10499089
0.051070936
0.20067809
0.10759488
0.11594519
0.15498663
0.072359799
0.032918628
0.20806535
0.0076045029
0.03557212
0.050458579
0.00084209529
0.1125278
0.046518917
0.15668517
0.033172653
0.042636092
0.032689921
0.15009505
0.13922063
0.16315582
0.12619078
0.1809444
0.10154989
0.20326025
0.058183923
0.029528175
0.19837896
0.079676316
0.05100167
0.10989126
0.13479677
0.090544681
0.2157134
0.083491696
0.12714878
0.0035658239
0.20350311
0.18407284
0.15658886
0.064935158
0.078761413
0.1124093
0.046307362
0.1458735
0.18583115
0.0014133358
0.0019374936
0.045856226
0.12861315
0.064052833
0.10786953
0.1472832
0.059230146
0.078061851
0.1683391
0.12591296
0.058847996
0.058078001
0.18318676
0.065002827
0.036365132
0.13672174
0.14848107
0.018070924
0.18378918
0.21529749
0.18000266
0.19538716
0.19562665
0.11989644
0.17090264
0.074240191
0.072517302
0.1740921
0.035068663
0.077206044
0.18566974
0.04251484
0.21583321
0.1890375
0.10832809
0.0042850162
0.00089286495
0.082815514
0.19631563
0.083616152
0.010556785
0.052288553
0.14904393
0.10827302
0.036765378
0.0097343493
0.073429184
0.074002239
0.15722188
0.055376529
0.17221198
0.040922289
0.032770523
0.19619774
0.035921495
0.19386435
0.015827648
0.18469891
0.20033318
0.05705805
0.088664359
0.2154532
0.090567561
0.12478424
0.048711774
0.078789974
0.073046
0.047516906
0.08278863
0.19428894
0.03366931
0.1594459
0.0014165636
0.17833075
0.18010393
0.066449265
0.0073148694
0.0075736097
0.1895789
0.045316361
0.12343385
0.17229024
0.043217935
0.073933598
0.13616309
0.0014820167
0.043828061
0.15946802
0.15182647
0.046574501
0.036984289
0.17534133
0.07762581
0.069576675
0.10831919
0.0064739583
0.088191446
0.2157273
0.1038797
0.13287117
0.029588502
0.14055691
0.00064283096
0.12900498
0.093505494
0.052950176
0.00044355186
0.083182911
0.012689929
0.013157264
0.11077004
0.0014274714
0.0053486076
0.091387686
0.14364976
0.072557762
0.13551613
0.0068336334
0.16405149
0.091875947
0.10366846
0.14893811
0.17826239
0.20728545
0.20536367
0.19105501
0.04135101
0.1838131
0.082387362
0.15280612
0.13801713
0.17025343
0.025919961
0.133343
0.066964516
0.13414671
0.025855011
0.1092146
0.066511211
0.21520011
0.068111056
0.20869065
0.070205067
0.043057377
0.16832708
0.19634297
0.08189081
0.14145287
0.072956903
0.14707488
0.10100259
0.15174674
0.12036708
0.14986833
0.099429158
0.17926658
0.083452708
0.17416594
0.2129098
0.02380594
0.11828646
0.060662788
0.082656784
0.14192124
0.0079468052
0.18268465
0.055948212
0.11148139
0.1850749
0.040301226
0.10659047
0.069849031
0.11677142
0.13779127
0.15113446
0.026121269
0.21529685
0.04985033
0.14489121
0.13347771
0.069116276
0.010790904
0.15891242
0.15682432
0.077993813
0.0062939496
0.054819219
0.15839726
0.087235245
0.14834988
0.21540924
0.14759956
0.14743578
0.058473632
0.13185611
0.11469282
0.16659526
0.14876138
0.18230164
0.1490617
0.20416413
0.012778359
0.048096607
0.047968834
0.14284387
0.08958814
0.15937772
0.083842393
0.16617903
0.043369501
0.16738656
0.075582143
0.093186361
0.048643708
0.14190209
0.15727818
0.031817627
0.11080643
0.18143604
0.17805521
0.091581242
0.098271955
0.019433548
0.20276677
0.13545664
0.079262164
0.1888391
0.001910159
0.18220401
0.19726552
0.21525631
0.16702472
0.043416785
0.13399419
0.032848097
0.024666309
0.11429699
0.04577548
0.098538878
0.00058486284
0.090956746
0.18746732
0.072590355
0.10264055
0.097280619
0.025959204
0.19609351
0.071441073
0.18774486
0.087034145
0.062093597
0.10234084
0.1333238
0.14085414
0.11578568
0.037535411
0.15611658
0.13975992
0.0012896656
0.0008851508
0.064764279
0.091728134
0.11038459
0.10725203
0.19937136
0.025768676
0.14450345
0.20480849
0.14884786
0.11774128
0.064997511
0.14652773
0.15157732
0.040536289
0.21531681
0.042683125
0.080608915
0.031458193
0.15373776
0.18724093
0.16052763
0.18851607
0.21356075
0.12263335
0.13684355
0.021287292
0.062317258
0.13419087
0.20143142
0.1750193
0.016851295
0.014588095
0.1545569
0.027768798
0.071214331
0.098316733
0.078295096
0.14919974
0.21528788
0.17522215
0.16641293
0.14512767
0.066338007
0.12929684
0.1624071
0.18519264
0.086699733
0.056685723
0.015677117
0.13918657
0.13003578
0.18645417
0.10173124
0.12610695
0.17134784
0.1555873
0.21569139
0.15717749
0.10983749
0.1368695
0.17253343
0.20760972
0.085465205
0.048926976
0.11729451
0.0015653429
0.040884012
0.18829418
0.084448013
0.11407051
0.0012733898
0.16789679
-0.00060838681
0.080240258
0.066071098
0.19210595
0.13488689
0.19873237
0.063599414
0.071002655
0.17548717
0.034634667
0.098273039
0.054579072
0.045577033
0.11089969
0.027801128
0.17904255
0.072082882
0.1603831
0.14337482
0.15532308
0.19737721
0.21518285
0.094679623
0.13571456
0.0056777039
0.13079428
0.15522955
0.15361987
0.0032625822
0.0042985111
0.083821564
0.079604353
0.12729252
0.14469043
0.16924458
0.02016686
0.20878826
0.017067536
0.050617188
0.13338573
0.11841502
0.20007214
0.15709453
0.17289809
0.21587994
0.15381806
0.14354034
0.12272078
0.11829695
0.033529704
0.071855679
0.1709756
0.1693125
0.19450501
0.20335819
0.13731323
0.12879828
0.074539969
0.072425507
0.04749515
0.20183462
0.0083942198
0.08250572
0.0040017336
0.041926282
0.20059805
0.00061694283
0.14528625
0.1743544
0.042335954
0.03119733
0.21525926
0.06881478
0.0084718034
0.19449171
0.13403316
0.024430829
0.017863235
0.0011931642
0.035686094
0.080839524
0.10337429
0.15911272
4.906316e-05
0.11231651
0.14610156
0.062703553
0.017473757
0.001073126
0.00088302573
0.14144899
0.012777736
0.12773028
0.18747367
0.064492547
0.075485689
0.0032155345
0.04465243
0.058981456
0.05692815
0.0011196292
0.038723258
0.15332705
0.047208169
0.18425858
0.13772759
0.060607208
0.21215589
0.12779418
0.15940728
0.171462
0.0465964
0.17859253
0.066339163
0.1838861
0.18713188
0.16131556
0.17653212
0.0036893017
0.14771297
0.097096504
0.008160766
0.11941798
0.084524169
0.065381731
0.13744309
0.015692179
0.16099006
0.10996644
0.15467105
0.16781692
0.033880637
0.20041055
0.17269178
0.10825728
0.0375994
0.067056136
0.098679219
0.056462588
0.064815744
0.12617266
0.10806452
0.1483768
0.089515457
0.026456453
0.098381616
0.1463227
0.21535976
0.20018802
0.0086828683
0.02312246
0.067510661
0.013421376
0.022409868
0.146904
0.10702208
0.014791928
0.1612228
0.022094386
0.040699396
0.00083160905
0.18170752
0.19117909
0.19275792
0.039283173
0.0043921029
0.036013259
0.19010616
0.093368076
0.091800475
0.06308437
0.13810688
0.2033577
0.011800788
0.11280739
0.020637347
0.069288871
0.012808335
0.14433988
0.08284849
-0.00074598291
0.0082672141
0.013001652
0.03519881
0.047113014
0.097521047
0.12084366
0.19677661
0.18593847
0.19841595
0.10673316
0.039389916
0.10243088
0.047953192
0.16947935
0.0525914
0.062308231
0.09690284
0.057495219
0.059233597
0.19262529
0.10307415
0.1751902
0.069579926
0.12673413
0.084575217
0.10755799
0.16682823
0.15171889
0.083282043
0.095946922
0.028949463
0.2156275
0.14840122
0.13828292
0.052235351
0.001468134
0.21544946
0.074037094
0.21516976
0.10047879
0.050058626
0.092503061
0.14753067
0.20207482
0.15728537
0.13023884
0.16371136
0.13838955
0.025720795
0.081451209
0.098766202
0.0079809986
0.008245441
0.042373381
0.06588434
0.056371057
0.085021289
0.087403202
0.06948422
0.11697664
0.0010569198
0.094397235
0.085717381
0.15041699
0.088362652
0.079702429
0.16326047
0.089032641
0.10020619
0.16537869
0.10992856
0.012660286
0.11953951
0.091271979
0.058057115
0.0066073846
0.20001941
0.21470598
0.18434118
0.11721597
0.026673569
0.17338
0.19738909
0.031047378
0.071495576
0.11055459
0.0015495562
0.13100379
0.092835046
0.20879899
0.16579198
0.11600192
0.008274073
0.0042460964
0.088439956
0.16221537
0.034799911
0.024664912
0.011457249
0.13953521
0.1249917
0.0012710245
0.19686295
0.13233831
0.14782212
0.069166307
0.043170093
0.02791108
0.047711852
0.11017987
0.14551398
0.19770682
0.154193
0.085457936
0.13819724
0.21544701
0.0011337364
0.035333068
0.081798943
0.019626343
0.034238025
0.073589755
0.071914064
0.18424859
0.11682597
0.07435887
0.12551066
0.0086656603
0.071879463
0.13390271
0.0084829764
0.019209232
0.16421891
0.12701691
0.080709796
0.10904685
0.072459973
0.10152452
0.11176608
0.013788738
0.00068483788
0.083654333
0.16990463
0.058613607
0.11864691
0.095187938
0.036216326
0.037231301
0.11001541
0.045915328
0.10729297
0.15531757
0.02537517
0.18760081
0.16512192
0.064958231
0.024394758
0.047885225
0.030491438
0.0010563337
0.098773962
0.20141193
0.18479898
0.056348756
0.12498844
0.10190134
0.15219083
0.05355714
0.047475516
0.20343714
0.12260558
0.060796481
0.20655296
0.087862965
0.16341262
0.12296646
0.21530239
0.20585953
0.078109944
0.14734109
0.077860015
0.19371525
0.12356685
0.13632693
0.12386742
0.00041820251
0.19206343
0.087369674
0.11154315
0.21573764
0.16989065
0.032486647
0.11795251
0.083482484
0.046741521
0.1875897
0.072217547
0.073891675
0.0077709593
0.13440065
0.038327823
0.030822139
0.072916793
0.086688326
0.097197134
0.16931629
0.016234606
0.11561373
0.048623461
0.0082520382
0.19372489
0.15906727
0.030740815
0.17112191
0.003567616
0.12638479
0.10940039
0.017654997
0.018571294
0.15808367
0.16836634
0.00080727984
0.16900474
0.020240423
0.15018143
0.16162145
0.18485524
0.16316103
0.083265309
0.1704709
0.033809334
0.00083809416
0.12045418
0.11416999
0.068269305
0.18992386
0.15143314
0.00082278405
0.11337186
0.092282362
0.14384931
0.21561804
0.047900569
0.14178067
0.15812758
0.0014734191
0.11199427
0.21569326
0.17202007
0.18859169
0.17854626
0.057446794
0.10542394
0.000931849
0.12738753
0.059679344
0.17901625
0.18209398
0.21560637
0.0082183653
0.16215518
0.20219856
0.059263945
0.082769957
0.069925107
0.16539344
0.069019166
0.11533569
0.12299392
0.067818616
0.079464075
0.17579176
0.20085162
0.062664201
0.15997284
0.1731071
0.0009124705
0.082676588
0.11558146
0.065911413
0.093739315
0.12754194
0.17650987
0.14293446
0.17393789
0.17865997
0.20659919
0.030060324
0.12757288
0.10586524
0.11209245
0.0079330714
0.037000217
0.2061797
0.19461496
0.062345819
0.054239591
0.049215623
0.0011427468
0.034818169
0.048586089
0.20359053
0.11233512
0.0082749513
0.0083682268
0.12464512
0.0013990495
0.027775203
0.082759215
0.086961497
0.20648767
0.15569827
0.051600836
0.11353725
0.20088625
0.10499916
0.18783969
0.014354456
0.045435806
0.053662893
0.054847484
0.12398126
0.10587385
0.097599459
0.062152381
0.023034675
0.20697481
0.12710551
0.17994987
0.056121143
0.12211437
0.20621055
0.010391271
0.1369644
0.055322623
0.086107144
0.16331029
0.093101254
0.065846315
0.15182456
0.086993645
0.18978736
0.18516311
0.19533345
0.11834868
0.18338421
0.023426938
0.10908874
0.011921182
0.092107309
0.1798984
0.00041138487
0.16866106
0.11690165
0.19430563
0.043511677
0.00042889107
0.20365843
0.15704382
0.054185298
0.0086972782
0.15256004
0.20296508
0.04395295
0.075553262
0.18133732
0.1710629
0.053860094
0.19256255
0.026989645
0.16898992
0.14336538
0.01544068
0.16692335
0.085265235
0.090606627
0.039863004
0.16296888
0.080207807
0.17204361
0.20770521
0.0027535828
0.074964552
0.073308851
0.13616561
0.19671021
0.07799425
0.19963241
0.025052642
0.038139849
0.099928302
0.11537897
0.0015354747
0.20338708
0.056668218
0.097462522
0.20246225
0.14285968
0.072099941
0.11699537
0.087484774
0.0060610982
0.21533659
0.1359853
0.10573235
0.14274048
0.15217127
0.087861561
0.1253029
0.18598841
0.11106235
0.18887816
0.15260285
0.04761869
0.0015101129
0.12178734
0.18773206
0.11271233
0.14321495
0.18498212
0.00077475507
0.13566034
0.098701117
0.19780634
0.00079155226
0.056082772
0.0060901379
0.12382465
0.012129638
0.04863859
0.028789709
0.091805376
0.036427912
0.053010043
0.066975402
0.19195848
0.18579161
0.031427195
0.10647694
0.15590919
0.21544067
0.1884403
0.12222747
0.054665394
0.048795684
0.1949231
0.12947648
0.14967161
0.17242468
0.049998253
0.13008199
0.16740167
0.081611946
0.017539072
0.13505714
0.19499264
0.19985565
0.11545937
0.046158854
0.11072407
0.14086028
0.1128765
0.11061242
0.12855195
0.16527131
0.14803205
0.21564688
0.065418009
0.12577156
0.061650328
0.069230002
0.031989549
0.065179779
0.20294221
0.046659979
0.11456408
0.03006475
0.0029043363
0.15447912
0.18761916
0.13165675
0.1303463
0.020264625
0.13546376
0.012864606
0.10540005
0.016958803
0.09364235
0.11131598
0.17122591
0.10188187
0.20034869
0.1143215
0.042789311
0.2029993
0.2014587
0.033096248
0.16568218
0.068259816
0.0054469176
0.068227676
0.083787444
0.13119188
0.13170433
0.1981619
0.049925099
0.20440344
0.069848363
0.18818317
0.1102501
0.18574192
0.011467468
0.0055367325
0.2061773
0.1268311
0.13764743
0.015122336
0.067673709
0.02915526
0.11120989
0.18302749
0.0038378056
0.034159932
0.2003315
0.077793986
0.20491956
0.1387395
0.016403889
0.12851721
0.018226462
0.13429571
0.20286858
0.098559118
0.028619732
0.043944383
0.12022723
0.21589441
0.016967065
0.20788879
0.080247839
0.17210634
0.16543379
0.19431501
0.081152129
0.20845815
0.04303482
0.10018478
0.096557303
0.056647401
0.053281475
0.10307903
0.0083312779
0.0094112586
0.1945492
0.042275633
0.17077515
0.0826838
0.14814382
0.16136721
0.19341761
0.19091546
0.095188214
0.0083173527
0.086937328
0.13789915
0.18805481
0.025475966
0.20416537
0.07710978
0.062695421
0.18385149
0.16862374
0.18925652
0.140052
0.18705406
0.17334413
0.07501784
0.093366518
0.0012897613
0.1711026
0.028777842
0.035101343
0.13051001
0.10705481
0.036050944
0.044616653
0.001026856
0.050521718
0.031090501
0.2083327
0.00064417013
0.13472292
0.15266688
0.21339469
0.13916363
0.046557293
0.087424495
0.18189244
0.067063263
0.043933801
0.039970896
0.11565555
0.012068283
0.04808982
0.016595587
0.068623587
0.12960994
0.065117732
0.19949922
0.062866981
0.057913693
0.056095975
0.094687123
0.18744912
0.10382784
0.053470978
0.17836413
0.14213674
0.0925492
0.038119721
0.058556505
0.15988529
0.094714633
0.083923962
0.051636953
0.21555322
0.076054211
0.075990626
0.013621498
0.21571979
0.0598843
0.20775277
0.047950425
0.047732029
0.0010827714
0.15886805
0.15826332
0.077283796
0.10524222
0.21375948
0.076445044
0.091077269
0.0019876752
0.18972517
0.053924527
0.14650987
0.111634
0.17681798
0.01208013
0.20244432
0.17212064
0.18534506
0.023294965
0.14882227
0.16186129
0.042947427
0.013807101
0.21516783
0.093364299
0.041822751
0.02021135
0.058734684
0.045713947
0.16686966
0.023084155
0.10320077
0.041409706
0.020795593
0.085303285
0.19615641
0.017794299
0.1066258
0.11290999
0.17603586
0.024271216
0.054113222
0.026143382
0.15187405
0.17218922
0.093310037
0.10167483
0.15830792
0.024542731
0.12563015
0.10180296
0.11666408
0.2015871
0.21584164
0.064918403
0.1804946
0.1944303
0.091425267
0.010679398
0.15282655
0.012143727
0.090450923
0.11596418
0.1790298
0.21513287
0.061492597
0.058086362
0.15484903
0.016869072
0.093318916
0.082506707
0.071647926
0.17163766
0.026139362
0.14867055
0.21553928
0.21527385
0.11565342
0.14654771
0.048186568
0.12436887
0.059448236
0.058858946
0.075470949
0.043295845
0.08681611
0.17173071
0.032751321
0.17238478
0.030833561
0.0008853757
0.0031757074
0.054647227
0.20051493
0.087011923
0.17446226
0.13790806
0.056672022
0.078769877
0.029924824
0.001499615
0.14903033
0.16551214
0.098453395
0.018030649
0.079986181
0.13870912
0.18291207
0.20481753
0.073017672
0.044602464
0.14972966
0.094788411
0.029179383
0.060598328
0.070380868
0.14474544
0.13091906
0.0081684173
0.0064737639
0.00099823846
0.12014166
0.059805057
0.012291949
0.062273748
0.18908733
0.040027237
0.17858458
0.14425655
0.018144551
0.040067417
0.13588784
0.068504829
0.04817388
0.04577347
0.1114953
0.16368199
0.20768473
0.043393604
0.16489381
0.0010783237
0.18076396
0.0062925982
0.034740028
0.0061512335
0.10038946
0.15022455
0.20933348
0.0040874083
0.030411212
0.0094887216
0.0010439776
0.17895919
0.024457389
0.065358325
0.17288147
0.0018488162
0.00147191
0.17690694
0.075055677
0.013006428
0.05485751
0.038287006
0.047565366
0.13706097
0.20243594
0.12848507
0.20452215
0.01978011
0.0019060163
0.14432872
0.18253795
0.20452879
0.11923277
0.11932838
0.094701064
0.074105148
0.086764664
0.17657733
0.0046737
0.015204303
0.032438499
0.08958243
0.17300567
0.19433327
0.010427711
0.091379594
0.1382786
0.053093322
0.10243927
0.21392579
0.058131299
0.15610972
0.060124266
0.16232697
0.020089999
0.12029647
0.21519655
0.16975431
0.19745845
0.034444029
0.14087542
0.15951982
0.072715273
0.083163682
0.014252719
0.11747721
0.060354346
0.10493404
0.019099768
0.14358536
0.12994324
0.030882554
0.0014989736
0.1023148
0.21578287
0.20598892
0.17534923
0.047683357
0.026491768
0.15284542
0.21546024
0.066344249
0.057278076
0.11506993
0.15064665
0.16549868
0.088005031
0.13697286
0.10242799
0.082073162
0.044074663
0.10526786
0.19979483
0.051011737
0.16072323
0.1520085
0.15259262
0.20279211
0.18267516
0.085792529
0.10726225
0.03122826
0.16000107
0.2053825
0.013163091
0.12385274
0.17428578
0.020249216
0.035595665
0.069369231
0.00087262404
0.084762149
0.10251704
0.10289535
0.15225191
0.019071199
0.20873904
0.010649699
0.16860286
0.11762909
0.16776108
0.053660703
0.19433027
0.13769572
0.16561384
0.072289303
0.11893084
0.049273523
0.065463475
0.055507293
0.16208732
0.073128654
0.21541984
0.20154241
0.14117394
0.047783916
0.18522749
0.078733987
0.065941248
0.060672418
0.10211525
0.046932532
0.058484436
0.099968586
0.14016712
0.13021021
0.19920693
0.14346345
0.012282107
0.033044725
0.036834643
0.16193921
0.086570523
0.13495578
0.10177587
0.05934309
0.036725655
0.13708228
0.024285928
0.064499094
0.052064222
0.067477338
0.083044735
0.065252163
0.058239052
0.0011327288
0.1530346
0.018672193
0.21521407
0.094515653
0.011843881
0.0049104514
0.19402712
0.051848458
0.00065713033
0.18234438
0.073589969
0.0050298682
0.20281446
0.059280616
0.19585548
0.037837071
0.20135017
0.11273204
0.13742312
0.14917089
0.020261454
0.11987558
0.019337943
0.035914398
0.12256815
0.0075791639
0.12393611
0.10523635
0.13770825
0.19712336
0.052208996
0.097995743
0.040581973
0.092851972
0.18274016
0.15943623
0.036693692
0.20909113
0.10384165
0.0010035025
0.079119211
0.04225332
0.057458525
0.1028963
0.033000975
0.070280563
0.10296941
0.20015606
0.012051537
0.049118158
0.028640563
0.19315824
0.035158782
0.027281151
0.08820614
0.15796998
0.032714325
0.12144967
0.19042645
0.042851165
0.032663699
0.13342699
0.14653376
0.21516254
0.12053805
-0.001044091
0.074850955
0.0674802
0.084992434
0.19332695
0.14791672
0.12086772
0.035111934
0.089130445
0.084637886
0.17528788
0.10842211
0.097239338
0.12758333
0.074581592
0.026164426
0.056198017
0.12247194
0.18074117
0.037149515
0.10091583
0.18137552
0.010327252
0.054156934
0.11940468
0.16475283
0.12837542
0.046232647
0.13089416
0.081133801
0.21301635
0.081930818
0.16553399
0.14410175
0.10278734
0.18160264
0.18907558
0.13138202
0.087666012
0.0097617395
0.17952138
0.027024213
0.099115132
0.14526801
0.025844546
0.0010186912
0.21566925
0.083116539
0.0066731668
0.15473899
0.078408254
0.16029199
0.19486664
0.11746864
0.14053361
0.043302439
0.072172477
0.19187488
0.087479547
0.13694131
0.040170192
0.17184405
0.19885997
0.034314263
0.15458569
0.18017175
0.15240205
0.090970491
0.19535725
0.14482663
0.11876614
0.20145107
0.1843807
0.19814159
0.12401172
0.11188829
0.1531775
0.17515557
0.040088951
0.0088912539
0.069276872
0.19909468
0.065374151
0.00047657985
0.2152828
0.20632247
0.0040940209
0.17488928
0.072906144
0.21282084
0.14940437
0.1435454
0.14952409
0.15958821
0.072731753
0.21193768
0.0046749627
0.015372123
0.021708318
0.12841818
0.19787713
0.1488418
0.13333722
0.0013484814
0.14702956
0.065146159
0.0080185648
0.097466817
0.097137233
0.037738151
0.08524884
0.14313872
0.07088304
0.10398785
0.071902035
0.1290978
0.016887431
0.15243731
0.19878239
0.097819519
0.17435714
0.14718228
0.00093224474
0.13301058
0.071096216
0.13833016
0.0025323301
0.093819688
0.094484441
0.052083724
0.16158138
0.18608946
0.045942565
0.13646869
0.13168235
0.03430671
0.16318013
0.20715984
0.10851076
0.18575294
0.0057396369
0.12935695
0.037441554
0.099023594
0.17749157
0.18333693
0.06054191
0.16336738
0.21577311
0.056293813
0.21559699
0.022219768
0.15265719
0.045507124
0.21539188
0.067569346
0.19371463
0.065602525
0.18370644
0.052195657
0.12021025
0.10875133
0.00042067272
0.2087666
0.20930147
0.13655531
0.11079352
0.082842312
0.15812042
0.00085060714
0.09056726
0.13318946
0.00085613302
0.095893204
0.17281354
0.21528526
0.13021506
0.061657733
0.093422085
0.13352772
0.013223113
0.069443653
0.10812516
0.1073479
0.049851739
0.17043765
0.15693698
0.072637004
0.1988444
0.094286179
0.14824609
0.071505098
0.20333108
0.12947247
0.05852304
0.1325625
0.00063585971
0.086742486
0.12304758
0.062928091
0.20765532
0.050151529
0.13490807
0.15513039
0.17139332
0.014740586
0.02951958
0.123175
0.16186882
0.079328076
0.20801237
0.094818971
0.17569201
0.00096575919
0.07376152
0.13988663
0.020500552
0.032951649
0.021330393
0.17442827
0.026983407
0.17973851
0.1765278
0.18384213
0.17415144
0.087778064
0.16052865
0.1005271
0.059225916
0.1144501
0.19214209
0.12277843
0.06949836
0.0037627027
0.038660418
0.21512711
0.0055943498
0.11486235
0.1633566
0.17345324
0.13000756
0.093658344
0.12706659
0.013254449
0.029062512
0.058299631
0.14993565
0.00084146291
0.097776825
0.12923569
0.21564109
0.18682895
0.064970989
0.068103233
0.078837463
0.14312933
0.19333543
0.04846764
0.01959314
0.072662846
0.15994822
0.0037242197
0.016873588
0.082057261
0.063448431
0.12540849
0.15072649
0.00077740398
0.13491327
0.12121731
0.075998512
0.19775955
0.0463044
0.023537666
0.016826194
0.001512786
0.051398978
0.019658755
0.057312854
0.13081095
0.20542368
0.20757896
0.098901068
0.10025767
0.1883702
0.056183205
0.037033031
0.023237624
0.12990398
0.00090261674
0.030478372
0.084374351
0.14239419
0.077055309
0.16972874
0.20664768
0.15271529
0.17216968
0.1154476
0.084261124
0.040658169
0.1265631
0.0072525892
0.14249795
0.15435281
0.09118317
0.14013986
0.0012996824
0.18155345
0.034308505
0.13219965
0.19308465
0.21529688
0.011291331
0.12661319
0.0058771967
0.19323537
0.026108975
0.043199919
0.04062754
0.017288311
0.13364533
0.09134287
0.062115764
0.013058504
0.093663465
0.00099282367
0.13618659
0.13038765
0.058284612
0.022066273
0.051158826
0.13415383
0.039094453
0.11676835
0.08892538
0.20793935
0.090172849
0.01433794
0.020488483
0.058989533
0.091235317
0.2069687
0.031247798
0.033848978
0.20786516
0.075982566
0.13653807
0.022912291
0.16651505
0.05801475
0.14095508
0.073254761
0.10822975
0.00075015432
0.1532294
0.13080715
0.0095821431
0.062852745
0.21561176
0.090788834
0.034213569
0.21529054
0.16549369
0.16871559
0.065322882
0.17219176
0.055312232
0.048414178
0.15539948
0.065149034
0.18365617
0.20484104
0.18756401
0.010122765
0.088457511
0.022723104
0.064782181
0.00084198853
0.0003125489
0.13383627
0.10672352
0.16861252
0.16710372
0.13430042
0.13409246
0.20589321
0.00094535015
0.060929177
0.065132564
0.15311304
0.20816517
0.032907232
0.18420771
0.10474772
0.19034746
0.065007875
0.072456777
0.12069006
0.008894165
0.14178753
0.12304106
0.049930858
0.0025326043
0.21459784
0.031831027
0.09573873
0.08606939
0.13243787
0.091044023
0.20609684
0.14023793
0.14715451
0.14989104
0.12351973
0.16312798
0.11788315
0.13682388
0.029345915
0.020769664
0.18185265
0.024059765
0.10069728
0.059229514
0.090316197
0.21523987
0.053223535
0.19856704
0.096074522
0.013036267
0.21532056
0.10755404
0.085023604
0.16201921
0.21537364
0.1606732
0.091008944
0.052782353
0.0089809163
0.01098018
0.001031122
0.08922879
0.021247393
0.09309566
0.13525125
0.022478408
0.099200869
0.040333964
0.21526078
0.043392483
0.1349223
0.10381607
0.18615163
0.13724957
0.038270003
0.078796589
0.032731206
0.070091329
0.12019975
0.21543658
0.11640314
0.096763846
0.073612294
0.0089444918
0.21533668
0.050541213
0.034335642
0.18309864
0.17478995
0.13093082
0.12786647
0.13120259
0.17893668
0.076037496
0.11974651
0.15603497
0.13695585
0.13620345
0.13140641
0.20792902
0.20587651
0.065377967
0.17650597
0.14167736
0.021777849
0.074868544
0.14032388
0.010606994
0.19904014
0.091891464
0.086546235
0.14464242
0.12095679
0.19425787
0.14853086
0.20359186
0.18030802
0.12798618
0.20258406
0.094964977
0.16907121
0.0012754424
0.09096411
0.11097252
0.15785871
0.048198267
0.18180295
0.072770274
0.12902651
0.21518718
0.004658006
0.13571597
0.06582091
0.19456357
0.1937808
0.0085644233
0.11190701
0.21455331
0.1559939
0.066479056
0.12551032
0.088743554
0.12765233
0.1739432
0.031755043
0.039897837
0.17388832
0.023807336
0.098506918
0.058153187
0.18705481
0.21544906
0.093594718
0.14557445
0.19058881
0.047025247
0.015487795
0.056192769
0.010146119
0.13722183
0.17238435
0.013361008
0.12155191
0.049943186
0.15520949
0.031215456
0.025104852
0.020084782
0.15160314
0.0012804619
0.057277405
0.12970982
0.059455683
0.14811979
0.062554765
0.012279594
0.20509331
0.16859624
0.076867265
0.012059905
0.11911991
0.17151684
0.0094703531
0.13450286
0.0011350926
0.11787095
0.10607464
0.059559281
0.18629421
0.16788664
0.046530687
0.0013997127
0.023155716
0.00056294066
0.070296498
0.058808534
0.06326228
0.098456398
0.16510865
0.0052783685
0.025056688
0.1588951
0.095166951
0.15579538
0.072589093
0.15847815
0.14620618
0.21532328
0.086017835
0.2077123
0.17712451
0.057181774
0.047795606
0.11225657
0.093469311
0.18723148
0.15091311
0.015696087
0.042826672
0.18026157
0.11825551
0.12983573
0.19029832
0.18211508
0.0012535761
0.010645079
0.093340551
0.045491611
0.030208272
0.17032037
0.0013386035
0.21542959
0.13284887
0.035068234
0.10370013
0.12002227
0.097613094
0.066924195
0.044921761
0.16005514
0.01636324
0.16184039
0.059303547
0.21534462
0.12036194
0.2057235
0.1236614
0.070182412
0.20068324
0.00080125033
0.064379596
0.028646816
0.18452878
0.21529606
0.12551498
0.19624646
0.026496818
0.18554578
0.04453142
0.20029021
0.00099827758
0.13981043
0.027969374
0.059561755
0.070665918
0.1647774
0.00086071234
0.11669802
0.013081034
0.071854171
0.026252062
0.10859558
0.088685335
0.15224109
0.009296521
0.18305725
0.075441644
0.046335694
0.2152801
0.012665382
0.20018699
0.039416012
0.13697899
0.15719524
0.14842972
0.082113237
0.15874229
0.057076235
0.001476214
0.043111711
0.12657056
0.085020457
0.11105207
0.0578444
0.17922359
0.086291758
0.00094850024
0.14756364
0.19382854
0.20832311
0.17581417
0.049252901
0.13506046
0.13418233
0.17103093
0.18165839
0.16632044
0.064367455
0.00097594102
0.11167352
0.021469476
0.13813341
0.1329972
0.20016368
0.074310104
0.15016297
0.063950232
0.18850451
0.10934255
0.090348649
0.060171887
0.090737348
0.18694953
0.167965
0.040502878
0.18077576
0.15019385
0.057742371
0.18926402
0.21153666
0.054739411
0.17759374
0.14981434
0.082463828
0.12983447
0.21574542
0.013840233
0.18324095
0.07281533
0.098234594
0.053286348
0.087283332
0.048027015
0.15625445
0.16493055
0.13365994
0.047622532
0.11993373
0.00062681541
0.051499011
0.05679781
0.079795566
0.070291196
0.078705671
0.1802348
0.20079635
0.17877978
0.0076360516
0.13952922
0.097980231
0.13759267
0.04668263
0.0035273009
0.15590829
0.089920226
0.11038657
0.10535562
0.13700848
0.006802219
0.036519356
0.19711741
0.15142989
0.20333006
0.081164742
0.030361758
0.15433662
0.023861495
0.15294648
0.087970697
0.14949056
0.0121372
0.16561698
0.035108171
0.1676806
0.11697232
0.094045382
0.059548619
0.040942865
0.0073552252
0.007040715
0.015301876
0.17565005
0.10935604
0.1555366
0.054027689
0.080593418
0.12005209
0.085233715
0.014801449
0.014269014
0.12915407
0.15015285
0.15825279
0.089426262
0.16543707
0.00090970822
0.20407407
0.10833072
0.15259854
0.17235969
0.077344637
0.068843799
0.21550899
0.059640195
0.21524898
0.0071229033
0.09351529
0.065765847
0.070676887
0.0053888619
0.084833171
-0.00067070751
0.13971442
0.13400341
0.0158654
0.13886459
0.11736308
0.13001369
0.075437234
0.0068780797
0.12048861
0.14738978
0.21532984
0.070482134
0.0070128446
0.13393946
0.15683265
0.11653841
0.01698466
0.19112568
0.18070798
0.027836481
0.17322394
0.085443595
0.17251319
0.085239471
0.21471912
0.12164324
0.029484657
0.00099921648
0.15599313
0.19405657
0.20643886
0.13233245
0.13236545
0.16369562
0.054781419
0.006343821
0.033726355
0.12655249
0.00076195136
0.051089258
0.13873831
0.16988304
0.016625499
0.070182029
0.077583074
0.20772836
0.21545936
0.022030542
0.16870226
0.028664963
0.14634595
0.0022786675
0.10953783
0.0013772627
0.13188411
0.00066207196
0.19446955
0.020675639
0.073237212
0.1874479
0.16986752
0.038500439
0.19049182
0.0011446151
0.18219011
0.030124447
0.001218094
0.0049486726
0.062725194
0.093477859
0.16939505
0.16482491
0.10464164
0.20541109
0.2010736
0.0047233895
0.19445677
0.13976328
0.16376246
0.049520244
0.18778442
0.088791765
0.11430729
0.011766006
0.17236765
0.11089424
0.00091033339
0.084263273
0.11154246
0.15044192
0.0061519993
0.043740652
0.20441388
0.086692069
0.1921299
0.11885402
0.19434436
0.06504919
0.19953707
0.13059028
0.10637781
0.011985986
0.051421261
0.12496128
0.18595208
0.082599433
0.17136906
0.13022252
0.09752565
0.14956039
0.17218356
0.13222608
0.011035449
0.10581465
0.05193856
0.16147868
0.15711487
0.012325823
0.064667349
0.09584064
0.15902879
0.13793577
0.062263745
0.0055832853
0.21521451
0.077046618
0.017362388
0.16352197
0.16811072
0.021003938
0.17471924
0.087359885
0.09197162
0.1761637
0.12151525
0.16879777
0.14630011
0.046344999
0.14478088
0.11212505
0.21532932
0.1420228
0.064793522
0.11414859
0.024089949
0.17189988
0.096388703
0.093128169
0.012441414
0.16031816
0.16736316
0.12046977
0.13238634
0.13481854
0.0075439785
0.21566605
0.083714492
0.0014516178
0.12778176
0.20158109
0.044040515
0.056627663
0.085071744
0.044215364
0.099908953
0.13465054
0.028300511
0.13254844
0.038972899
0.1421296
0.015802961
0.20423399
0.13562946
0.092679574
0.16448225
0.20406024
0.21540003
0.14385777
0.0068174711
0.00039284208
0.15931548
0.041576015
0.19842998
0.0010777293
0.10276528
0.065438171
0.10474714
0.1838934
0.04760018
0.14750484
0.20148074
0.18176931
0.21560118
0.16662862
0.071621877
0.041222088
0.21559299
0.081930675
0.10423781
0.20954679
0.10364244
0.1510137
0.024188139
0.19919915
0.1604161
0.16365122
0.0015164065
0.02279056
0.034615356
0.04192564
0.18692809
0.045834098
0.19913425
0.033904069
0.12595282
0.12436676
0.11671923
0.11089167
0.073046983
0.16179268
0.215533
0.14241236
0.026327192
0.21541347
0.09130192
0.16376153
0.057354889
0.17560972
0.06021576
0.20019229
0.027779143
0.12525268
0.10202108
0.18449057
0.16317509
0.17799371
0.084931533
0.085279907
0.025464158
0.1314997
0.13252938
0.096880691
0.07533638
0.14884449
0.022390269
0.2074963
0.013388463
0.21526413
0.093096695
0.005703542
0.17950715
0.13851772
0.046753524
0.10837437
0.13876609
0.028330775
0.027960285
0.12049438
0.10371381
0.12880766
0.068653838
0.09775931
0.09116629
0.21532827
0.07198505
0.10362589
0.15638747
0.031001547
0.071576104
0.085045426
0.12851763
0.12987439
0.10802988
0.0399361
0.077564921
0.021518453
0.064499308
0.17110739
0.12318843
0.13283631
0.022884904
0.079796779
0.15520848
0.21568275
0.09172517
0.18760147
0.10384006
0.2069914
0.21468845
0.034708379
0.10986256
0.068089316
0.085460862
0.094580932
0.12198106
0.11901406
0.082720254
0.15032125
0.01050704
0.13422051
0.15126782
0.12695341
0.078748166
0.14632714
0.09070164
0.056325031
0.057115377
0.041320526
0.082057445
0.099248784
0.1153642
0.1434563
0.13536822
0.19937776
0.069621762
0.20208082
0.070214165
0.091722861
0.035470976
0.14572473
0.0068274266
0.14560738
0.050285588
0.15360952
0.0774809
0.12925556
0.10529713
0.15964844
0.20374858
0.088700561
0.13003424
0.038057662
0.09698696
0.026377822
0.10263923
0.21478586
0.13100949
0.10662149
0.17958264
0.091285404
0.08745998
0.0814578
0.069990307
0.057932962
0.093860823
0.0015269141
0.19796777
0.017053016
0.057848167
0.16847068
0.013751865
0.15155529
0.021913822
0.041578205
0.20718587
0.062029135
0.20135177
0.012230346
0.067227374
0.11930561
0.15906416
0.03058217
0.1633273
0.16101259
0.17617921
0.061676956
0.098094099
0.20190795
0.13902226
0.084403631
0.092341039
0.024446212
0.19038286
0.0051351101
0.029537104
0.16670627
0.044857424
0.0012288958
0.032039081
0.0015001955
0.13495512
0.11417468
0.14578214
0.095048122
0.15131794
0.13077134
0.0045914128
0.014998976
0.14277481
0.1530101
0.052493892
0.16730959
0.12367343
0.18064158
0.13268856
0.012357964
0.021588064
0.13695264
0.1079638
0.005360116
0.0051366436
0.042697433
0.036392756
0.15718504
0.21568855
0.19773694
0.050109818
0.12778773
0.14270979
0.17752208
0.026542582
0.12802414
0.16144184
0.097338751
0.0051951326
0.19893729
0.12817617
0.047658132
0.028034856
0.16930717
0.016205873
0.12821911
0.0009250784
0.11390613
0.2048152
0.043493353
0.073735005
0.15510256
0.1722375
0.10241832
0.042965394
0.18626478
0.13737921
0.0028953171
0.1590698
0.20943145
0.0072212564
0.00098609777
0.17093098
0.085989511
0.063191041
0.061184038
0.065610717
0.0025874341
0.12261585
0.015295378
0.0056507024
0.10636563
0.16716622
0.17827383
0.16979102
0.007639043
0.11921074
0.15357829
0.17147747
0.1934355
0.19162537
0.17260239
0.10713817
0.12093784
0.11263305
0.045597937
0.20281561
0.027280605
0.048172284
0.0099340197
0.16834913
0.048680839
0.042321911
0.11336364
0.1431412
0.11115978
0.11911542
0.1654184
0.11045894
0.011065185
0.0010062172
0.15370374
0.10123882
0.20222216
0.1397329
0.030967826
0.10775804
0.17968805
0.065694447
0.0010738163
0.12359555
0.038132917
0.041182937
0.084446244
0.023978829
0.080120381
0.080890449
0.0050054998
0.015156696
0.0056167159
0.025884347
0.1024455
0.062745397
0.042260738
0.17428661
0.0044242341
0.0014184646
0.20742143
0.20780286
0.16504734
0.086953833
0.19210145
0.010744006
0.043814184
0.12672897
0.080579697
0.18117567
0.11381101
0.16221182
0.16596977
0.14606542
0.14253405
0.20712828
0.19859025
0.1036927
0.10680026
0.029074218
0.0012168346
0.03505833
0.16907787
0.00094635864
0.088461237
0.0041827838
0.013166328
0.1941436
0.1366707
0.18573776
0.11624411
0.015023866
0.085885119
0.1230459
0.040677864
0.088685742
0.20323194
0.12593086
0.058476325
0.044104881
0.071186126
0.064518234
0.20884019
0.11986956
0.21525079
0.14193233
0.196055
0.12993436
0.071138287
0.20196978
0.20032239
0.067360353
0.059831928
0.12657994
0.071737654
0.15301135
0.077892808
0.10544361
0.094581976
0.081716659
0.11886205
0.14385415
0.014140276
0.19937644
0.13848726
0.14235148
0.14274629
0.21569325
0.20611809
0.19514036
0.17389767
0.071120079
0.20687416
0.19828036
0.2159314
0.12237863
0.18791195
0.18787259
0.13029963
0.13861811
0.18798766
0.21547825
0.080507592
0.1290362
0.12759704
0.0065332018
0.1510495
0.13665925
0.16992791
0.12566404
0.00063529485
0.0760322
0.19067836
0.075377717
0.042278827
0.031817981
0.13670865
0.018030386
0.0042424995
0.1881595
0.16603431
0.11839484
0.094172912
0.18370293
0.094354102
0.066073472
0.022282638
0.15918396
0.0022271676
0.085391665
0.15621769
0.10823637
0.069069601
0.059399858
0.038065571
0.0064344154
0.086928158
0.206564
0.080229195
0.17221078
0.069315947
0.069705617
0.032552587
0.17084933
0.046174285
0.05413037
0.17797333
0.072289798
0.12490399
0.054868693
0.016339056
0.010307309
0.11854579
0.14595909
0.12309768
0.12519589
0.16723934
0.14968894
0.073434731
0.085280687
0.15108902
0.12346168
0.0015367971
0.00067495198
0.083327954
0.21559271
0.18252866
0.145697
0.19316331
0.15027455
0.1901374
0.076250646
0.030593793
0.082678691
0.16192995
0.19132168
0.025623923
0.11816809
0.082166688
0.0051214146
0.018167753
0.068887799
0.1483842
0.20320467
0.035675781
0.15573348
0.058677408
0.1156682
0.055529732
0.12505764
0.11448296
0.13483073
0.15706097
0.17007533
0.14268996
0.18796815
0.18708622
0.0064463932
0.00076103127
0.12814791
0.12022792
0.083530756
0.069963138
0.060197699
0.18827962
0.0011329472
0.049828649
0.19227631
0.164798
0.19238551
0.20486247
0.20030555
0.21285254
0.036303583
0.1132539
0.11080466
0.096578561
0.076820751
0.024897312
0.19646539
0.16515678
0.21549005
0.14535931
0.17485629
0.0039841131
0.045315876
0.14010736
0.058016264
0.12081918
0.020467945
0.018851472
0.16629886
0.13268115
0.068133593
0.13819629
0.15420577
0.16252034
0.053066492
0.051704487
0.13094453
0.18122379
0.018035273
0.099499239
0.040009931
0.15670909
0.001304371
0.0013352583
0.020632551
0.17526367
0.0699399
0.21428191
0.13284887
0.050969283
0.12409209
0.00090763836
0.19108943
0.16376219
0.081383817
0.14159364
0.11567725
0.11531557
0.11251793
0.026178217
0.16778263
0.030114007
0.13455658
0.010314734
0.12914232
0.088122018
0.13879165
0.077150407
0.21192814
0.154222
0.12718935
0.001232404
0.014636926
0.0054500803
0.030214494
0.014154106
0.08878762
0.17442377
0.17421761
0.041623136
0.16589523
0.098915127
0.091164218
0.11807747
0.014300752
0.13536987
0.11064741
0.19231154
0.076032927
0.14168667
0.13317777
0.095462158
0.15636524
0.15729976
0.13954791
0.15180757
0.18002464
0.098112147
0.146067
0.16412412
0.19034231
0.091613078
0.082062765
0.0010743006
0.16344762
0.19628697
0.035593103
0.10786271
0.14546131
0.19176774
0.12794384
0.13882196
0.12816415
0.031949116
0.14998403
0.0075843943
0.0065236847
0.12909088
0.17827874
0.18128893
0.13870158
0.15335304
0.15760796
0.029201645
0.19183602
0.20694388
0.193975
0.05783213
0.18021807
0.20198196
0.13016049
0.21543247
0.21508478
0.21527975
0.00072433599
0.019941607
0.20717161
0.090596024
0.16469536
0.047039586
0.14155949
0.0011903969
0.17016628
0.16410289
0.15160475
0.19848138
0.19541616
0.17840934
0.16760514
0.053837637
0.051821429
0.16666929
0.21026475
0.082136906
0.17452314
0.017360211
0.037614781
0.012960844
0.14194355
0.060735913
0.10652988
0.13769107
0.041521853
0.12427196
0.066568758
0.022971044
0.036375511
0.016962428
0.085502376
0.02707495
0.14369141
0.017222974
0.16799581
0.097247053
0.10646644
0.045383079
0.097028342
0.19055171
0.17565596
0.027952521
0.013290888
0.13190024
0.15635065
0.11811924
0.10554145
0.017256419
0.144059
0.10738967
0.07636246
0.02330578
0.064646444
0.10137345
0.21556059
0.14650751
0.069045555
0.14224194
5.1912723e-05
0.02664568
0.16657702
0.19921172
0.20540689
0.10183743
0.044435671
0.17150613
0.11101089
0.0050522551
0.13384459
0.094385347
0.088889948
0.07683685
0.14428048
0.1495386
0.07982755
0.17930559
0.19908073
0.046255827
0.14940853
0.1426759
0.21474161
0.0005882701
0.075847259
0.023251118
0.03137421
0.20051764
0.12004029
0.0014857865
0.0076255635
0.0080149722
0.11561036
0.036380011
0.17892057
0.15372782
0.057431675
0.00062542248
0.14803532
0.07463669
0.15885189
0.073057085
0.15011027
0.1715452
0.069416357
0.029701369
0.091647296
0.1645368
0.025697719
0.00034477383
0.1754009
0.20410079
0.15381509
0.16725845
0.043979157
0.13750508
0.040520477
0.17606907
0.069913547
0.10421745
0.077354016
0.19210642
0.20573131
0.11045809
0.034116393
0.13799065
0.0067588764
0.14119681
0.1735444
0.20608595
0.15008977
0.12075359
0.039383998
0.14427382
0.14143711
0.17929781
0.056164002
0.063492876
0.053503227
0.17789461
0.21494362
0.19232646
0.12807308
0.035590488
0.00079280761
0.087473586
0.21579798
0.16515039
0.10884742
0.17385144
0.048215127
0.20094589
0.20964179
0.083089597
0.015405991
0.11768081
0.16740943
0.090606652
0.047080814
0.07271769
0.045328009
0.20183429
0.18247064
-0.00091403673
0.089594436
0.045714916
0.088743551
0.19091382
0.146363
0.17720527
0.19321416
0.030142731
0.020981255
0.06742489
0.14666999
0.015276985
0.0080271392
0.1060824
0.0013950523
0.18347876
0.0046331437
0.21600557
0.20759654
0.001026344
0.097672798
0.012582529
0.14643075
0.16454649
0.09166481
0.19521644
0.053847484
0.0077593011
0.0080437051
0.14766263
0.00065926744
0.036350194
0.20915883
0.20288533
0.0041680136
0.00083304521
0.18450358
0.083335198
0.14493218
0.019922634
0.18849275
0.21582843
0.18696951
0.14589157
0.19975662
0.10455146
0.14129929
0.00087829092
0.15680439
0.13419047
0.0072654033
0.12499909
0.12027769
0.20526936
0.14702197
0.19315047
0.11923628
0.0016360142
0.17091411
0.018163332
0.11288938
0.042097323
0.10719256
0.094057843
0.084594662
0.1551439
0.00098944977
0.21521159
0.13056921
0.13834957
0.031862032
0.13894771
0.00093269434
0.19176837
0.20787218
0.10776282
0.10156931
0.19045841
0.15186269
0.17127817
0.025271804
0.0033213587
0.061502791
0.20586067
0.12095813
0.068754825
0.21548697
0.08651783
0.11060041
0.07613196
0.0026127384
0.051755264
0.027959761
0.15551521
0.027896779
0.031543037
0.06588323
0.21588367
0.14791632
0.18218295
0.15526446
0.059283184
0.051314156
0.13305385
0.0064749127
0.12062463
0.054862704
0.087838656
0.17178975
0.1699657
0.19154738
0.17405167
0.20462814
0.06245344
0.19730151
0.011800747
0.064678144
0.069292896
0.044323812
0.19538575
0.023071914
0.15423931
0.087563045
0.026804829
0.014648642
0.00023154994
0.023569745
0.18538919
0.18355961
0.031855488
0.022499687
0.21548147
0.060349876
0.11732584
0.0079422887
0.070413427
0.20552075
0.16331881
0.2088912
0.18465452
0.077522008
0.029601326
0.12732105
0.10013236
0.032507598
0.095241351
0.025857599
0.14872697
0.21563397
0.18588813
0.14885294
0.19836347
0.013767816
0.062043524
0.071109215
0.0077632809
0.055207301
0.12801298
0.10189512
0.14052728
0.10890094
0.0035604138
0.0246426
0.12266271
0.21538616
0.034743777
0.07644951
0.18715769
0.035914741
0.00079606565
0.18768001
0.12369659
0.0055499207
0.029256848
0.17470522
0.0075463612
0.084680496
0.2156659
0.056750379
0.040295714
0.13759513
0.10746154
0.1196013
0.17154791
0.15258817
0.06973389
0.14363487
0.0015828697
0.086429251
0.01350924
0.11988584
0.18008116
0.04037042
0.021280801
0.019172312
0.037763391
0.19116458
0.0017895595
0.046201696
0.03890606
0.06824817
0.031966141
0.036386964
0.18052604
0.0056166878
0.099331025
0.15321287
0.082108113
0.072244308
0.017611746
-0.00043895935
0.061470688
0.17507728
0.11114455
0.091167273
0.17811088
0.087659729
0.065867308
0.084603771
0.10930201
0.03926893
0.15654484
0.072012296
0.032930558
0.087881282
0.035527509
0.053731989
0.085042644
0.12694448
0.16891994
0.14499054
0.18193471
0.0069856507
0.015673949
0.011981931
0.081869907
0.0010664374
0.08440768
0.16929026
0.078216642
0.14384415
0.21534838
0.19876594
0.086917284
0.061166839
0.17076064
0.16022921
0.051191664
0.091825493
0.0089256347
0.079932565
0.0660814
0.21533976
0.074791619
0.16024831
0.14780939
0.041035141
0.21550114
0.047250114
0.10094837
0.14523549
0.12959537
0.0731676
0.10576534
0.12742063
-0.00040304638
0.051602801
0.16270093
0.047819075
0.12347546
0.1588397
0.027896081
0.085509659
0.10742451
0.21553409
0.0059536702
0.0051761425
0.15475616
0.17939211
0.022177235
0.0093071764
0.20395125
0.16277848
0.16317736
0.14562992
0.0069563731
0.0040410234
0.035465219
0.095352501
0.1201178
0.062433259
0.047892345
0.034101397
0.15763364
0.098442264
0.090774958
0.14387405
0.049296191
0.15726746
0.12950186
0.19657892
0.10807574
0.12868065
0.038031728
0.062475177
0.03805846
0.0071896561
0.19292131
0.013571756
0.17916983
0.079749797
0.16056031
0.21546109
0.098648904
0.09188978
0.13340512
0.14840951
0.20528424
0.087685024
0.11669892
0.085020347
0.20103959
0.0021459119
0.083315573
0.083399097
0.068111037
0.1313161
0.14400915
0.17949119
0.0011096984
0.17899824
0.20775724
0.06366063
0.076833112
0.013822861
0.19772218
0.12043904
0.20404156
0.094286599
0.066194782
0.045341215
0.0010199244
0.06153079
0.0061766461
0.023639446
0.18147236
0.030585134
0.16878738
0.052748627
0.00028120567
0.095159131
0.11927393
0.069626216
0.040479379
0.18237843
0.083801783
0.091849789
0.20635667
0.072500486
0.063896519
0.0063935855
0.072140265
0.19077664
0.056108989
0.11356205
0.025907051
0.15968131
0.040516332
0.028906026
0.0046332123
0.12976886
0.17224282
0.043019729
0.12507628
0.16689926
0.15439413
0.1297554
0.027208762
0.094715067
0.11245957
0.10565766
0.048830474
0.04556529
0.13264472
0.051594834
0.1965293
0.042618676
0.03095607
0.060456428
0.13079287
0.21528315
0.1437368
0.1839153
0.00084405552
0.19245087
0.18564065
0.13548267
0.17364402
0.167006
0.17645419
0.0095844122
0.053017266
0.14407864
0.11454515
0.12457203
0.16372213
0.12287436
0.21531437
0.15936041
0.094420253
0.17940225
0.1678872
0.067382316
0.1216106
0.00077931302
0.14809095
0.075131055
0.10022647
0.084000376
0.031944661
0.21583411
0.067289555
0.20863562
0.049792263
0.02577754
0.020285992
0.12449512
0.18739808
0.10050588
0.1403078
0.14884486
0.050311419
0.093745975
0.143441
0.044633213
0.19134359
0.18548343
0.16219993
0.13772844
0.20533094
0.16062849
0.14251113
0.14887605
0.02048481
0.21529134
0.030147195
0.13743605
0.030055117
0.066840494
0.1474982
0.16029959
0.084977681
0.10100438
0.16753289
0.037739842
0.034529538
0.091439992
0.17776649
0.11510091
0.060371089
0.20731261
0.097653278
0.013807829
0.037800254
0.013801054
0.0033969348
0.17806712
0.2048959
0.10602433
0.04608738
0.063338021
0.17361242
0.18351279
0.19997713
0.1619567
0.080011216
0.057172973
0.031545417
0.072557444
0.1041989
0.098936475
0.01620564
0.0924285
0.035183394
0.078022422
0.094509883
0.19761829
0.16510712
0.12235146
0.043204349
0.050553824
0.079935302
0.14425642
0.19341197
0.15405354
0.20809704
0.10899761
0.2157116
0.049114708
0.051245743
0.18968051
0.097028343
0.18591893
0.041732572
0.10909805
0.20218768
0.070274602
0.1440779
0.064356691
0.10845882
0.13245117
0.16874504
0.037634123
0.21535443
0.058036916
0.085495607
0.16904147
0.066929539
0.12901233
0.12782104
0.075170373
0.053079252
0.13104389
0.0910259
0.10123501
0.14475729
0.0089234101
0.19280828
0.20946172
0.17930967
0.21540907
0.21482696
0.20667529
0.15103003
0.021423382
0.10479177
0.032309262
0.081556342
0.053455573
0.029900918
0.13203622
0.15807591
0.14881664
0.10500042
0.17876536
0.17665898
0.1252644
0.14498928
0.19293209
0.090961822
0.040207977
0.02902863
0.10859416
0.15865205
0.075155749
0.089254956
0.064108835
0.0015485927
0.03682467
0.074035989
0.0014490271
0.035524963
0.055285439
0.10598688
0.12596253
0.012357918
0.15002899
0.15149586
0.16424321
0.096178227
0.021962184
0.083287281
0.20623224
0.036206532
0.16731019
0.095755414
0.18497058
0.063657696
0.097607756
0.15456563
0.1625981
0.14816832
0.0035480177
0.11342171
0.098513973
0.19195791
0.092124452
0.1980158
0.18088341
0.092560186
0.1373089
0.21589958
0.17860372
0.045055402
0.18141201
0.05849741
0.060992333
0.13735442
0.08721166
0.091272558
0.030496537
0.21578325
0.054946209
0.0075280405
0.19968365
0.053927954
0.039509133
0.16894638
0.016823994
0.12610673
0.15965711
0.19921623
0.20762613
0.066230438
0.12349195
0.19865936
0.0072398167
0.13190539
0.065042033
0.18036123
0.035353205
0.094375125
0.19194468
0.16997
0.051449756
0.0075010394
0.012630711
0.060807479
0.17548247
0.17246304
0.21576257
0.12089908
0.12251486
0.098802168
0.092162991
0.15067499
0.11591848
0.18069855
0.2152902
0.19857312
0.1277368
0.19649369
0.15868842
0.0099275307
0.0073301123
0.16212605
0.091036594
0.09487345
0.1762244
0.072927896
0.006184909
0.17893394
0.17323797
0.12129901
0.1808242
0.20742708
0.16767938
0.057751679
0.08972403
0.11421293
0.18535537
0.20512819
0.18646324
0.1981742
0.031164483
0.00779318
0.11655335
0.15912328
0.18261415
0.088494196
0.0014243631
0.039205442
0.071873702
0.21592121
0.21488967
0.097740973
0.10344306
0.19353604
0.039000522
0.036235115
0.11780412
0.040418592
0.20710818
0.05295385
0.12897441
0.13465675
0.08668136
0.051931465
0.20909252
0.12745304
0.16871435
0.00096615666
0.05101646
0.20631846
0.20966548
0.14180114
0.057743786
0.08307044
0.16610771
0.030297141
0.16776736
0.022244145
0.017425089
0.16522758
0.14113795
0.16539577
0.18727179
0.009563222
0.15949196
0.060148766
0.073360484
0.018824727
0.10143484
0.087785935
0.16141158
0.15442886
0.21369488
0.012814646
0.091209286
0.054751939
0.13300481
0.12000638
0.14926534
0.21595224
0.070387064
0.096676161
0.11880431
0.059911791
0.21570689
0.16099968
0.048948788
0.094186975
0.030126686
0.16375571
0.20761022
0.070436096
0.13132734
0.15834061
0.10817906
0.027051241
0.090255953
0.10304806
0.10331218
0.12676484
0.096819342
0.063620449
0.1925574
0.13554737
0.020850523
0.062450381
0.038344913
0.17362668
0.058829756
0.12871628
0.16288227
0.1728023
0.082431055
0.0071719006
0.10502626
0.083021892
0.15081286
0.0026766154
0.15287999
0.0065316168
0.12968409
0.1042238
0.14109923
0.11453094
0.037232973
0.0010203074
0.025527051
0.18912073
0.11384652
0.0011004295
0.14837851
0.15313819
0.078495009
0.10583441
0.12697901
0.076292107
0.20378309
0.17192855
0.19974855
0.00089319169
0.065204158
0.045582448
0.10345006
0.12773285
0.20538287
0.057536448
0.055655764
0.0080605087
0.077239114
0.011983122
0.0099198736
0.12361938
0.18061042
0.15399832
0.17967603
0.14105584
0.099083457
0.10013599
0.063370395
0.00040124226
0.2152055
0.093783138
0.074079372
0.19862178
0.15978838
0.024756663
0.17883362
0.054793004
0.18253769
0.16501194
0.097098321
0.11250979
0.043060202
0.036164418
0.0970536
0.1428001
0.1617077
0.053700254
0.093875795
0.18433726
0.043707495
0.065710106
0.18563216
0.12021175
0.072670871
0.09001488
0.10866842
0.093967724
0.028880572
0.036775277
0.15452683
0.16846872
0.0011176217
0.10890362
0.14030053
0.1198715
0.12991466
0.0069081315
0.17880788
0.19343179
0.025816295
0.070534756
0.052247207
0.05121447
0.11573463
0.16654261
0.025098906
0.055181173
0.15987248
0.067620498
0.11312491
0.080784123
0.0069060917
0.015499356
0.17559279
0.015682395
0.20989118
0.054958589
0.062107006
0.026134483
0.1998982
0.20800093
0.12026847
0.098203045
0.19909005
0.19672613
0.087518683
0.16925435
0.040348415
0.013536679
0.21524281
-0.00074322925
0.04440672
0.16093692
0.0052959748
0.030045473
0.015541434
0.10205484
0.15129698
0.00010202561
0.17236474
0.098246721
0.12652512
0.084513236
0.13084778
0.21532574
0.20496926
0.022780983
0.19225645
0.0014244591
0.18118245
0.12762506
0.12421961
0.033222753
0.090539604
0.028653936
0.19030468
0.18389134
0.16751386
0.025309313
0.017214628
0.017207502
0.079653272
0.049781007
0.070604501
0.19145712
0.078981058
0.13288942
0.076120296
0.12086533
0.077039516
0.016440884
0.16721582
0.1179469
0.061791853
0.0078607535
0.2157578
0.13937495
0.19390664
0.0070710721
0.041327046
0.079048885
0.10537983
0.15879961
0.14454935
0.0079367287
0.14751558
0.1354715
0.0068062309
0.0013513643
0.21517056
0.022045835
0.016691874
0.0099892184
0.10381143
0.010758648
0.16866447
0.20858859
0.1411336
0.0040555493
0.19603786
0.19871962
0.1192837
0.023757023
0.070298597
0.10992919
0.13167952
0.09776312
0.19097879
0.0014332696
0.18977502
0.033467938
0.098125825
0.088256548
0.20023314
0.090212791
0.041800905
0.13189843
0.21505608
0.0036198845
0.089029967
0.057962509
0.10073944
0.095745585
0.059438341
0.066079389
0.1502973
0.013452893
0.20278207
0.15581731
0.0082428795
0.15842075
0.077422462
0.085803896
0.063632268
0.03645474
0.19139181
0.076462033
0.17526106
0.0069091452
0.178376
0.10181853
0.19888236
0.20595503
0.17432976
0.094701738
0.16441284
0.023715603
0.024154309
0.0090929326
0.0077380549
0.095904284
0.12196316
0.016576307
0.098121046
0.0013527768
0.21530536
0.10215123
0.15184237
0.18287901
0.080362783
0.027145881
0.075088077
0.074557061
0.083268591
0.00097196004
0.039008311
0.054803156
0.074745699
0.039170938
0.20749944
0.073104268
0.020502623
0.084222711
0.081603163
0.13489267
0.11533206
0.030144767
0.052155018
0.21578869
0.015135967
0.17007297
0.03210317
0.078190734
0.2031968
0.012035494
0.084775431
0.093236869
0.15909197
0.021260495
0.032941022
0.065126501
0.21584038
0.088968722
0.0082610053
0.093872377
0.19155847
0.18568759
0.020864261
0.20969217
0.046275324
0.10795733
0.11802984
0.21456735
0.15715037
0.18426209
0.15161409
0.14780109
0.15644248
0.032493385
0.18532934
0.18792234
0.014935449
0.091267341
0.019631726
0.19408927
0.14156602
0.2016877
0.0044851181
0.018132548
0.060173099
0.11227454
0.17175228
0.13540948
0.0074383534
0.0075466448
0.087772346
0.071346214
0.21540439
0.10867052
0.14019527
0.001408861
0.20645974
0.075927028
0.12123562
0.17647365
0.0012565718
0.01344338
0.045162596
0.1214274
0.19864299
0.15439533
0.010796297
0.098056035
0.19223363
0.01235931
0.19123092
0.0015150584
0.12076546
0.0067639431
0.18338487
0.087507313
0.14163072
0.11923386
0.010490682
0.0071246782
0.016719415
0.20914213
0.1340726
0.0011853226
0.17881157
0.16775692
0.065430062
0.20905789
0.054898431
0.20289427
0.19582485
0.00088078476
0.0066951587
0.061085468
0.16380145
0.078813687
0.16738181
0.013895788
0.11888109
0.17120145
0.017735058
0.045869868
0.035323355
0.12810567
0.050272423
0.21530818
0.1810012
0.20098138
0.17911558
0.20866396
0.13544211
0.14593862
0.028927505
0.070263758
0.028575181
0.001757587
0.06740933
0.19071797
0.10595333
0.033846466
0.17168672
0.10572289
0.12123683
0.15726221
0.043736275
0.061837013
0.084020899
0.10925166
0.14986901
0.054882128
0.0074705567
0.033129725
0.10177306
0.11873567
0.027964518
0.11514169
0.11074389
0.12057155
0.05637641
0.11379012
0.21530879
0.00091611274
0.15807944
0.025646271
0.091856757
0.10668066
0.17584331
0.039280532
0.17120137
0.20041594
0.086768909
0.18553123
0.16201409
0.098454676
0.10612562
0.025474627
0.14944923
0.13083758
0.098469886
0.2156256
0.13724978
0.0010415572
0.15671314
0.15194498
0.10672282
0.17497484
0.1722675
0.086418359
0.10065536
0.074063587
0.11775278
0.21550459
0.14701182
0.21531954
0.1619363
0.0016780228
0.11881328
0.077895405
-0.00049097078
0.18362938
0.055177551
0.20629278
0.17474413
0.053804863
0.14360091
0.16637602
0.049172327
0.15153429
0.012512939
0.084805104
0.017706834
0.08488732
0.20901096
0.056395334
0.20256803
0.044283887
0.15810032
0.065595876
-0.0005890774
0.12172893
0.096518137
0.12895466
0.15432736
0.21218621
0.17527093
0.0014677496
0.11097896
0.022619084
0.089444881
0.049738069
0.058239924
0.12269186
0.061521682
0.068120515
0.11923792
0.062904184
0.19265731
0.069344888
0.21564218
0.10321272
0.20453745
0.065467762
0.089057239
0.20499704
0.0071752715
0.033937858
0.011854073
0.049130497
0.0090093536
0.10819191
0.017150851
0.14330444
0.10419828
0.17872794
0.19631333
0.15654061
0.097720807
0.13370716
0.21549405
0.029480904
0.05098376
0.18485595
0.21568504
0.17355293
0.048998928
0.14646332
0.11131177
0.13413675
0.016871601
0.056660892
0.021215691
0.098775029
0.2153277
0.020398991
0.12731892
0.049523184
-0.0005843525
0.16738568
0.19276282
0.011264521
0.19608079
0.11341165
0.15390693
0.030009408
0.20719657
0.073477469
0.08666351
0.029082579
0.046168419
0.11752759
0.071879664
0.02881258
0.21537998
0.080591206
0.17177094
0.044368343
0.12745266
0.13005869
0.0014471348
0.10331117
0.13695832
0.09602744
0.13722941
0.15781592
0.19069502
0.075580589
0.16983243
0.065628306
0.011907256
0.056840368
0.029994529
0.11139678
0.17292797
0.21575204
0.013080394
0.1524843
0.14551011
0.19601909
0.021082604
0.00092166921
0.029504361
0.00084114527
0.21540472
0.029452894
0.13098557
0.10746392
0.083276937
0.053600209
0.18455434
0.043092454
0.10118859
0.13939894
0.20742576
0.015741987
0.0015407909
0.013433664
0.028610001
0.053178667
0.17387128
0.030139028
0.027609235
0.14501113
0.13187424
0.12071465
0.062317656
0.20660795
0.17741422
0.11677684
0.060296511
0.029437484
0.046835113
0.048945942
0.17495088
0.20726505
0.11968561
0.091310527
0.00074108236
0.13608576
0.11075739
0.043347427
0.19845342
0.1466257
0.086735853
0.00088551186
0.10022589
0.062486085
0.21540144
0.13708004
0.15003952
0.16735347
0.20741238
0.017318307
0.10649873
0.15552642
0.089267485
0.044593303
0.10822995
0.017898227
0.15857694
0.13109831
0.15684035
0.0571851
0.17782
0.031761045
0.10957705
0.057142873
0.17132816
0.04262532
0.035869636
0.1346712
0.10761444
0.20695378
0.071149892
0.063730453
0.03124051
0.071215989
0.18156476
0.090489825
0.036771758
0.020588564
0.013035416
0.21537888
0.13158266
0.071554884
0.001500012
0.21539248
0.15491271
0.063291682
0.028513298
0.089324436
0.21529367
0.18352162
0.082010247
0.022129736
0.047505924
0.11335989
0.083252587
0.19847789
0.033903592
0.026897967
0.060269776
0.017485605
0.15618229
0.2074552
0.14559113
0.10723739
0.1689011
0.062653728
0.10877453
0.023589275
0.07165784
0.041760928
0.089544421
0.10274448
0.031368869
0.015380379
0.062893952
0.088462587
0.075251255
0.19743289
0.032371984
0.14217848
0.042268571
0.15665993
0.0015008902
0.14864263
0.036088778
0.044474703
0.06342209
0.028901597
0.15585991
0.21357548
0.079543464
0.016552099
0.15620074
0.10664901
0.017784662
0.1369131
0.11004078
0.17773508
0.19638322
0.21509261
0.10028266
0.043194071
0.0050185774
0.21299781
0.03027497
0.11026297
0.069911588
0.20941914
0.050417736
0.11400825
0.18519233
0.082048671
0.037123021
0.045957631
0.0014712166
0.0048276703
0.20697265
0.15076975
0.1569546
0.050575397
0.13522751
0.079223229
0.20712105
0.071155859
0.0010404264
0.14886388
0.069379777
0.14162808
0.16925595
0.21383851
0.082690998
0.19796395
0.032125578
0.076933282
0.21555135
0.21534219
0.10660358
0.1207753
0.16944341
0.061626779
0.14424862
0.19379127
0.21545588
0.045279437
0.20475593
0.19122005
0.046765127
0.19619029
0.075055227
0.076226262
0.00098279063
0.065701101
0.038740798
0.076835688
0.13287384
0.15354417
0.023217122
0.098774452
0.02521037
0.14418881
0.084687331
0.034060619
0.029863481
0.010162169
0.18249976
0.20618887
0.15748995
0.00060777807
0.076612967
0.12146667
0.051595002
0.056860216
0.03310925
0.11384253
0.21280405
0.0035189504
0.21567344
0.058605014
0.092824305
0.17616375
0.05931385
0.0081538206
0.21469424
0.13327019
0.16661514
0.059497011
0.052629136
0.088164366
0.16956252
0.083305358
0.12122282
0.15784754
0.013077104
0.016195527
0.14017324
0.00086764392
0.11561602
0.034550711
0.088380725
0.20716299
0.021516635
0.13250823
0.036394562
0.04513007
0.077770211
0.0001280892
0.1746424
0.20544782
0.042708089
0.070165881
0.0011767813
0.032046777
0.039934688
0.20261133
0.13514785
0.20865889
0.09945909
0.091586786
0.076138245
0.08479491
0.0064472767
0.077158478
0.11741086
0.022305093
0.086975493
0.086547258
0.00092618386
0.045270958
0.043518453
0.18476603
-0.00036076469
0.045754831
0.20176008
0.18797505
0.01699114
0.025138944
0.016551089
0.047204767
0.027152287
0.17649817
0.03507364
0.16759094
0.078762091
0.0084616648
0.1981611
0.1592155
0.15093524
0.16600306
0.10312969
0.1123706
0.047644186
0.13323268
0.064519071
0.17639397
0.087052364
0.12256586
0.10580854
0.065788854
0.16859195
0.069237789
0.17643963
0.0011091269
0.20240735
0.011356187
0.17085246
0.14157207
0.13167666
0.033056726
0.070856709
0.077815515
0.16527125
0.047331929
0.070428476
0.14617265
0.10305538
0.051748926
0.018991187
0.10830416
0.088901813
0.051368261
0.06566423
0.028519631
0.12485127
0.14608152
0.020059334
0.21529517
0.12672632
0.021799251
0.17122574
0.043495375
0.12744136
0.11193234
0.21507925
0.05033309
0.11368216
0.17792649
0.037491827
0.21526307
0.046047326
0.15364767
0.068763061
0.032501281
0.15809513
0.18653106
0.18497891
0.048095475
0.045115794
0.020530208
0.12194871
0.076078354
0.1825036
0.16733016
0.050556045
0.10546594
0.15640434
0.0061213593
0.048441262
0.18449675
0.018841394
0.097853692
0.18468034
0.01332382
0.025013611
0.064601798
0.21519726
0.068675449
0.00097656272
0.15282042
0.14820228
0.14155057
0.028897484
0.18369229
0.016728197
0.005743575
0.033221801
0.043916262
0.10853183
0.0080967303
0.016538833
0.046603081
0.19508189
0.11668754
0.19523939
0.19501163
0.18526526
0.20685726
0.042403266
0.091864633
0.035165547
0.10934208
0.11348467
0.087779263
0.062284504
0.053160331
0.15211474
0.0011137308
0.045981176
0.19978735
0.12016046
0.067511379
0.050109786
0.058023119
0.19127864
0.1766978
0.10739085
0.026949877
0.01085558
0.19365893
0.13173264
0.1851349
0.029091687
0.18702555
0.08487109
0.11174415
0.12000429
0.015704694
0.16192225
0.18148444
0.055734256
0.18119653
0.06371865
0.096541478
0.074962176
0.18494053
0.056383406
0.042822604
0.090832066
0.065682302
0.10883649
0.12931841
0.20092305
0.14575318
0.025756221
0.12755678
0.093550962
0.014979137
0.12406336
0.046854838
0.082715685
0.056219164
0.14589454
0.15273932
0.1816191
0.10948257
0.086436092
0.049590664
0.15992509
0.14634515
0.020510641
0.029290534
0.20641511
0.030040016
0.21508613
0.20466811
0.20262949
0.067157899
0.060175454
0.05010678
0.0016977424
0.1911621
0.15493934
0.018714573
0.062668803
0.096576885
0.1712928
0.089086207
0.11494891
0.068484738
0.078126357
0.0014451818
0.18352724
0.097607971
0.11807525
0.041822664
0.10945455
0.040772278
0.030376514
0.1705478
0.038704125
0.15232466
0.051105607
0.16516565
0.001014245
0.042073308
0.17651799
0.01997444
0.19458025
0.18489391
0.18879581
0.2154408
0.13825842
0.2153701
0.15167477
0.21176542
0.14638272
0.060866507
0.097041516
0.16302112
0.013623537
0.044000478
0.023357991
0.18344603
0.12187609
0.20503778
0.13366689
0.0088248687
0.018977558
0.20054209
0.032597168
0.13507545
0.019409744
0.14821979
0.012333063
0.050851214
0.13870632
0.063095595
0.017498805
0.018547568
0.070990785
0.086463759
0.093985433
0.014167705
0.0073448603
0.0072440955
0.21336928
0.076902435
0.17665918
0.2019687
0.15310089
0.0016919251
0.16752291
0.11055605
0.19696157
0.094289587
0.038994855
0.042726437
0.10346469
0.15936091
0.12182196
0.033351187
0.052910467
0.052189207
0.08232023
0.13457313
0.10738638
0.064521502
0.061221046
0.19290925
0.059600365
0.10024956
0.0042938136
0.047927472
0.011778406
0.0032089907
0.10051951
0.13213172
0.017732497
0.0069231389
0.033372955
0.076630057
0.019348079
0.067449114
0.038694119
0.0072364114
0.13749825
0.15668341
0.20602072
0.19764792
0.052193359
0.065206997
0.043024326
0.074781049
0.052092917
0.14759641
0.012997559
0.026241325
0.21535728
0.0010755101
0.091711451
0.1516703
0.080790395
0.11133096
0.038321843
0.095399184
0.10283829
0.033268311
0.05008491
0.010022596
0.00085980802
0.0026507801
0.053479089
0.21520936
0.17691475
0.075027299
0.19331465
0.14838176
0.0695344
0.095029322
0.0012541254
0.0014305608
0.054607759
0.13810988
0.024148919
0.00064450915
0.096769155
0.19328738
0.0014635759
0.14711389
0.082229409
0.011650711
0.089333399
0.018386029
0.20155738
0.00088877047
0.17207868
0.096489465
0.080781887
0.00071811095
0.012339853
0.14969759
0.053518371
0.033684656
0.0039883419
0.080034706
0.0065559546
0.028888014
0.11686084
0.0051483604
0.034843176
0.20909965
0.056895915
0.19659796
0.10418141
0.14826097
0.13790864
0.092674383
0.18955326
0.11050023
0.093033083
0.15593256
0.092970601
0.17308807
0.063293329
0.097531269
0.039430706
0.00046611622
0.12718189
0.028011075
0.082998731
0.10131163
0.032886005
0.12805625
0.18585752
0.14883241
0.10057981
0.056195689
0.20759344
0.20608821
0.088960548
0.099391189
0.085614425
0.20875898
0.0076584316
0.0073286197
0.18743796
0.047354363
0.069487276
0.10434722
0.15982543
0.0049452353
0.13233493
0.14234261
0.1588458
0.11434339
0.077551622
0.18837957
0.070276271
0.020825909
0.161694
0.2135275
0.031397707
0.016720219
0.088268269
0.0096915686
0.082603345
0.21531392
0.078602687
0.044339985
0.018075907
0.17023516
0.015002347
0.084066487
0.036223942
0.16859294
0.043578509
0.050930254
0.0011151173
0.17174938
0.15661824
0.0072346337
0.16248188
0.13676317
0.054640141
0.032468666
0.14475139
0.012389631
0.013533215
0.075917908
0.024295555
0.037180537
0.1724868
0.002732031
0.16488304
0.15852311
0.01733228
0.12255132
0.21565851
0.18943416
0.015545709
0.035057347
0.090464187
0.021658444
0.18509269
0.036156315
0.21514425
0.19212323
0.055364174
0.054930043
0.0024662069
0.08188471
0.026199792
0.065107139
0.062168756
0.16238981
0.011392917
0.15887244
0.095330184
0.00086837099
0.1291539
0.0045912902
0.070733755
0.088331904
0.00095223295
0.036594214
0.02588864
0.031396655
0.21523329
0.030907661
0.0013445881
0.16781079
0.055992146
0.13240087
0.025752677
0.12065748
0.054901568
0.21563297
0.19627082
0.062815032
0.010595017
0.21548457
0.14297843
0.0010912609
0.01265019
0.032472715
0.19191803
0.061986414
0.046030315
0.20803635
0.215671
0.15628882
0.0047340984
0.11030488
0.018003208
0.061624935
0.073611648
0.20154962
0.1109626
0.1579945
0.044044766
0.10291002
0.048931619
0.042839396
0.044131805
0.14947299
0.039849673
0.13972779
0.035726628
0.053102077
0.082052471
0.081583533
0.20818111
0.037765545
0.083246529
0.067265358
0.084633296
0.0037579076
0.14625544
0.093070035
0.21566032
0.044523662
0.19162127
0.15126465
0.042689439
0.0086153165
0.171804
0.022645467
0.0010834489
0.075869065
0.12288008
0.042107577
0.1838232
0.043336318
0.028476196
0.12446737
0.19790837
0.019423143
0.20375162
0.19525227
0.20530699
0.070088911
0.14391245
0.04170524
0.061855867
0.1314785
0.17328376
0.029947233
0.024879117
0.12182348
0.051421305
0.15359377
0.00053870208
0.032386025
0.15303566
0.1587971
0.15623626
0.093890885
0.15216514
0.086986041
0.07918247
0.089010951
0.036279018
0.11703767
0.15146487
0.10700235
0.070055504
0.15218399
0.17863912
0.2152754
0.016665443
0.073664681
0.070359211
0.18214684
0.001571965
0.029842985
0.027374594
0.13458395
0.13327788
0.17462311
0.043351917
0.145587
0.14630906
0.069652197
0.080554882
0.04631431
0.1878707
0.18782696
0.004218891
0.20223036
0.078248484
0.14070999
0.098483079
0.095059821
0.099149076
0.19651521
0.026554732
0.034242851
0.029499345
0.06941234
0.086970669
0.16364667
0.015963048
0.03579445
0.02457222
0.031043541
0.11815338
0.18310113
0.17385102
0.14473983
0.01416082
0.16424512
0.067128262
0.17173579
0.17500069
0.030173612
0.094826399
0.074412458
0.19356106
0.12905809
0.04223851
0.18719023
0.022237817
0.022645611
0.0042175867
0.083364846
0.075357703
0.050094299
0.079093225
0.015348885
0.20017211
0.11609839
0.15877886
0.021374252
0.024577904
0.18366881
0.05627451
0.10601638
0.0012265818
0.04499647
0.083496512
0.13094597
0.1714741
0.028744511
0.11586068
0.1477427
0.037896689
0.10226394
0.070926587
0.14676359
0.11718284
0.094695493
0.15640579
0.11436534
0.13470094
0.05206756
0.0043779878
0.088294633
0.19615477
0.011995372
0.015567886
0.00099782381
0.074995078
0.018912934
0.12996627
0.070625761
0.0070551925
0.0067669494
0.047930659
0.094541852
0.081338524
0.1481064
0.0083373415
0.16105999
0.15569917
0.20183899
0.02583297
0.0076505355
0.14828667
0.056437146
0.19733782
0.081304907
0.00092614773
0.13331681
0.027660939
0.21532726
0.037083486
0.18789165
0.049855061
0.050833887
0.00091695824
0.017595074
0.017157396
0.056647738
0.089649312
0.050352195
0.00088415334
0.046911637
0.11927485
0.065320337
0.13773365
0.019212911
0.20183811
0.044619229
0.086723585
0.11850565
0.083031623
0.065408443
0.069926029
0.12777379
0.14408537
0.085046673
0.10991729
0.12816328
0.16458289
0.17450221
0.0044013719
0.019259823
0.020181372
0.12821963
0.070802576
0.062144602
0.11242955
0.028874977
0.1821532
0.20260914
0.16875643
0.14757511
0.10941176
0.078651516
0.092938738
0.029328583
0.04306439
0.10456199
0.019959725
0.21384845
0.10670532
0.13534054
0.090661624
0.15184227
0.07436948
0.063158429
0.02528404
0.022796285
0.046763237
0.065985767
0.15508243
0.060197858
0.042346289
0.10344876
0.037031697
0.08161666
0.080003708
0.048715239
0.17981778
0.0084990264
0.2022133
0.016594422
0.0080285851
0.04540497
0.15617637
0.04399807
0.069019308
0.064860224
0.040155251
0.077333729
0.16037304
0.011298999
0.1685667
0.20212786
0.18284518
0.077934911
0.16127609
0.082905825
0.050416907
0.073579701
0.19559121
0.15876724
0.12371278
0.19828851
0.051267928
0.067660202
0.083912247
0.019465442
0.17084076
0.15984297
0.14935433
0.13102778
0.20213487
0.056821901
0.021924215
0.11855279
0.033655743
0.19444225
0.18471797
0.15155107
0.081395995
0.022126745
0.034226293
0.074647074
0.012226474
0.096820476
0.2154847
0.066223501
0.11812245
0.033789087
0.17870693
0.08034675
0.061073561
0.069711952
0.05854962
0.064931903
0.15235197
0.067529054
0.016930983
0.073684445
0.040415212
0.051718386
0.10269166
0.024678914
0.05505911
0.11140447
0.0037528197
0.0048696114
0.1043419
0.18077347
0.023931147
0.19586081
0.10272367
0.13038452
0.049247376
0.064793683
0.066664328
0.17117937
0.19974844
0.15893018
0.039322793
0.11178941
0.17214576
0.21575477
0.17069548
0.075129415
0.095839074
0.044224013
0.008420255
0.16356677
0.13902342
0.20869518
0.14003597
0.162474
0.03954136
0.086231664
0.082035156
0.14587607
0.090694918
0.18055349
0.067338714
0.20362681
0.13412413
0.034380367
0.19597828
0.00086867423
0.13835346
0.037604301
0.065716493
0.063213336
0.011796345
0.11157979
0.13955191
0.19000034
0.18580525
0.16762445
0.008369063
0.086196579
0.035603444
0.21489906
0.061817421
0.090795281
0.13720873
0.095604109
0.087776324
0.18486349
0.18048169
0.11027526
0.10912715
0.028085959
0.12924325
0.043323306
0.11574731
0.21528883
0.0087873837
0.14561846
0.21521861
0.10853943
0.050743512
0.016429645
0.18535754
0.19116036
0.20629641
0.13470583
-0.0014896461
0.0094361677
0.10110095
0.11837995
0.16008387
0.10730901
0.0044084449
0.16862791
0.082471698
0.04699858
0.11371486
0.018584192
0.065695708
0.21577407
0.15782535
0.035357395
0.16372375
0.13065491
0.11737627
0.092821252
0.074752898
0.09705714
0.00019263439
0.21597286
0.081479621
0.072247998
0.09790889
0.11014985
0.025479395
0.21567902
0.10728373
0.026777825
0.074147083
0.15416668
0.055631568
0.19996246
0.14426666
0.1675398
0.1861961
0.18230957
0.05336163
0.18207144
0.00055220917
0.11206646
0.17548443
0.049938851
0.19800295
0.049862373
0.039218607
0.21544613
0.0014573763
0.053629928
0.019937196
0.19933741
0.13236799
0.17781156
0.029747419
0.14681963
0.0017407719
0.15928485
0.18454638
0.14559238
0.18573214
0.18944582
0.18548179
0.13971347
0.017228137
0.16253102
0.067627964
0.020608091
0.20055555
0.192279
0.099174978
0.19603185
0.057294938
0.094434444
0.21574626
0.13909328
0.11797006
0.11363891
0.20975865
0.13523732
0.073927004
0.2033833
0.12382112
0.12372112
0.15965358
0.078661994
0.059819792
0.10682429
0.18352426
0.080011654
0.20677597
0.00072451062
0.19700889
0.15748481
0.059583787
0.037851156
0.14966197
0.0045052932
0.15885281
0.20249344
0.13022408
0.0012996673
0.1516795
0.073877115
0.21471206
0.19107492
0.20123132
0.1477248
0.041423466
0.0065166787
0.19833376
0.19524924
0.0011855689
0.077552407
0.15188356
0.01954082
0.18405618
0.10934987
0.060046768
0.18387871
0.015417521
0.21541145
0.16101075
0.00013415417
0.011458002
0.11042093
0.12365397
0.051332248
0.099999829
0.087995262
0.20107985
0.00082339176
0.093559114
0.0061562586
0.20216754
0.13170956
0.1018831
0.11979583
0.13499237
0.071106783
0.20939222
0.03841652
0.13335698
0.20317909
0.17589333
0.077760441
0.052735242
0.023999062
0.037061497
0.11281936
0.088908305
0.028688756
0.17926881
0.001511132
0.0046373411
0.12504762
0.060081197
0.16473889
0.20061426
0.094534526
0.16867775
0.082423313
0.0012633597
0.011965764
0.00032523585
0.16789166
0.017394238
0.029368164
0.06185025
0.0088182204
0.017753825
0.010081493
0.085234989
0.0079822946
0.0086063713
0.11525822
0.058981574
0.12376315
0.20284658
0.11122784
0.20589788
0.14238064
0.11912634
0.017465073
0.14783112
0.0034585922
0.17749184
0.016065135
0.078537126
0.052091807
0.14002329
0.16416221
0.20335872
0.19704648
0.026158879
0.16782348
0.13238913
0.089325406
0.073214921
0.11229512
-0.00039152103
0.12004119
0.070103372
0.057818663
0.11775888
0.031263022
0.19650238
0.19527599
0.056351869
0.082157796
0.191997
0.00088429904
0.092828642
0.17269246
0.075717581
0.068615735
0.2157515
0.10895308
0.085717459
0.1871506
0.040614692
0.096096797
0.16048273
0.21545974
0.010622651
0.052655138
0.13926387
0.096098552
0.061451898
0.21540773
0.18771172
0.045499582
0.18580619
0.1371765
0.02512314
0.0011127269
0.010854871
0.18492657
0.021715306
0.045305425
0.084360647
0.066494514
0.041997216
0.18401523
0.1584836
0.11395418
0.06549228
0.0098498879
0.020875049
0.059822713
0.079523173
0.014367045
0.17606422
0.022253953
0.071770431
0.092117694
0.19548694
0.084369146
0.11058382
0.031684541
0.022402431
0.00087908095
0.10224337
0.17137076
0.041937387
0.066070172
0.11073592
0.0087824736
0.14540081
0.037050266
0.028747786
0.032368349
0.11527248
0.04490046
0.037979093
0.083033115
0.081357513
0.00072471845
0.14276583
0.11060984
0.061183769
0.052237153
0.065047294
0.12504035
0.18388937
0.18490347
0.12186424
0.12438785
0.067428325
0.015590778
0.010830092
0.21535024
0.10565668
0.21537215
0.069393126
0.14205225
0.14781663
0.011963273
0.098367095
0.1162425
0.016777119
0.13745891
0.052628145
0.012479153
0.15517821
0.19470797
0.097614367
0.051555496
0.12336301
0.1011236
0.051872682
0.17383878
0.20093013
0.13448375
0.083593544
0.082402253
0.059212421
0.17683083
0.15247317
0.017820389
0.13627657
0.0015161156
0.10809637
0.047401373
0.015879072
0.14663783
0.10996762
0.099701856
0.027639053
0.21540663
0.19622321
0.0077587648
0.11891627
0.10308131
0.17539054
0.094729176
0.06875517
0.11198041
0.075016844
0.0053158377
0.053831171
0.076134095
0.20164634
0.07559322
0.052007437
0.072216769
0.036309628
0.19985072
0.18890329
0.1168989
-0.00067497518
0.10493558
0.10692626
0.075947959
0.13435418
0.1338562
0.0053207997
0.0014531069
0.18437688
0.043200686
0.14551841
0.19825089
0.20914977
0.055100476
0.042494762
0.049283831
0.099638142
0.21579587
0.056786782
0.034210066
0.056890934
0.012011977
0.15343621
0.14459218
0.12567471
0.0009044239
0.0014400202
0.0015952392
0.13094503
0.079634782
0.19057312
0.12598024
0.15139527
0.0007787564
0.073294041
0.063792224
0.056820843
0.15024232
0.008412567
0.19181348
0.00064152376
0.12514985
0.024025093
0.12432745
0.16950801
0.21567219
0.038835176
0.19087061
0.11887196
0.047199261
0.015810438
0.088034899
0.20012582
0.0085730022
0.18058109
0.16155511
0.10516374
0.00092914546
0.00097187082
0.023126533
0.21550457
0.17128833
0.13482585
0.038863258
0.092235703
0.18020926
0.19501971
0.09750919
0.10791879
0.02252096
0.1395402
0.17663252
0.06342108
0.055050134
0.14098474
0.11771313
0.060887012
0.10567966
0.13375305
0.21565693
0.039055695
0.052352636
0.012109819
0.16718662
0.053809117
0.066232973
0.21574335
0.015224563
0.1781005
0.14108262
0.0094880151
0.0279465
0.093682939
0.13281991
0.15983789
0.053940977
0.16178893
0.015507705
0.20704388
0.0045774444
0.19300165
0.17559296
0.15127009
0.072908547
0.00029456727
0.17168136
0.1028043
0.11766396
0.13697924
0.17080612
0.011227558
0.0014793663
0.0580182
0.11571899
0.049874849
0.091639536
0.033450127
0.17532375
0.032177292
0.078416574
0.11160859
0.0025621328
0.1190243
0.0085873054
0.043836309
0.028528731
0.10047149
0.19240155
0.0065462474
0.19638773
0.090744112
0.064957097
0.12342068
0.0098161007
0.016786873
0.044578854
0.046242428
0.089547857
0.035495144
0.043528029
0.19333477
0.058527231
0.1200482
0.078827508
0.0088328028
0.16329393
0.17462226
0.21551807
0.20152054
0.17008444
0.055601266
0.052296832
0.11517505
0.046298119
0.02560229
0.12435419
0.02428988
0.17889735
0.00098180511
0.046456325
0.13117523
0.10437697
0.037836548
0.1466255
0.016841488
0.13702594
0.16220831
0.16472616
0.17498613
0.21553265
0.030321831
0.17339907
0.12909855
0.089195285
0.13307804
0.018409002
0.15508282
0.12716739
0.029463255
0.029245345
0.12819496
0.095077821
0.08568418
0.11552964
0.001422491
0.076009319
0.01944593
0.098624244
0.066011195
0.21542334
0.17884015
0.12881119
0.15627595
0.12188271
0.085298777
0.045482772
0.13757664
0.15958174
0.20035361
0.063186382
0.061290891
0.00049119546
0.1418122
0.02385737
0.16032292
0.10047375
0.14244005
0.17471835
0.15191296
0.14806308
0.09598495
0.03724584
0.08784006
0.062390513
0.13238699
0.19927362
0.032021542
0.0012916421
0.19289612
0.17026505
0.069970836
0.075702489
0.1533401
0.046623661
0.18523851
0.030176995
0.12228518
0.19249184
0.10895185
0.1417056
0.21545323
0.10548016
0.07350267
0.088582799
0.18133453
0.059732106
0.14569747
0.091812077
0.023119631
0.10982601
0.00048068869
0.14979706
0.16903524
0.041425949
0.029215137
0.032561763
0.00036603479
0.015787832
0.092222816
0.045096422
0.022818387
0.020171758
0.18409798
0.19869978
0.031387717
0.00083572873
0.12567454
0.1043028
0.011944012
0.046270789
0.069981744
0.17388182
0.13256707
0.083587179
0.11410143
0.018474159
0.16078489
0.043002518
0.0184835
0.047869375
0.17707378
0.11697012
0.00053880247
0.099985112
0.034692291
0.13154827
0.1207143
0.21544803
0.19752651
0.11191367
0.14469797
0.051874058
0.035077812
0.046241884
0.068829891
0.00077151
0.10630729
0.19965392
0.067940274
0.10310574
0.0062407981
0.092536249
0.18710687
0.00069162901
0.14924642
0.17578758
0.086156897
0.075965643
0.045317115
0.044747284
0.19683028
0.19121256
0.086621559
0.028749538
0.077154778
0.21530559
0.036542408
0.14032407
0.042593863
0.088198141
0.0067168523
0.048459822
0.1780308
0.20592105
0.19945422
0.062568432
0.020481131
0.012526046
0.095320417
0.028973314
0.037048621
0.0066318265
0.02885702
0.044616866
0.13253861
0.098378746
0.1355041
0.19786798
0.11667809
0.19557345
0.047071249
0.043923758
0.067146437
0.18479393
0.074748535
0.13319985
0.00058164045
0.17900926
0.00086058186
0.1071778
0.12327568
0.022315025
0.14992564
0.021467343
0.02155819
0.21595702
0.17379904
0.19345282
0.12395512
0.063896592
0.1867893
0.090516888
0.19491707
0.047613081
0.079889311
0.16803198
0.11698496
0.047266847
0.14138205
0.071896142
0.022605638
0.064931178
0.10262734
0.024289243
0.048019713
0.12496366
0.005455597
0.15843674
0.016340844
0.11912465
0.18872393
0.044005749
0.13180944
0.21510508
0.200282
0.00087587246
0.080621669
0.1847271
0.20287028
0.11592638
0.17841139
0.11194755
0.13530211
0.005354904
0.041592721
0.21501264
0.17360463
0.023560708
0.15199366
0.093359569
0.19457866
0.025866402
0.012479318
0.024431539
0.19053337
0.089862304
0.10678414
0.045301296
0.02441898
0.13016022
0.1350701
0.17936835
0.062309034
0.044092226
0.12113677
0.038140629
0.082853383
0.093497632
0.012537118
0.016235889
0.11247222
-0.00097089749
0.090855415
0.13666899
0.044414011
0.043513485
0.046867042
0.1106968
0.061357875
0.14866262
0.071035475
0.0014723135
0.047842601
0.2014613
0.16828041
0.21538717
0.065631633
0.1396432
0.17917127
0.038967191
0.19174209
0.10265547
0.0011643784
0.059048432
0.035977565
0.0098537558
0.10000724
0.10901959
0.0024386226
0.14816037
0.13018738
0.089267393
0.12157335
0.042223739
0.090760102
0.066649328
0.058862228
0.10596809
0.026147756
-0.00015298315
0.097202909
0.11967521
0.10700686
0.18585067
0.054928022
0.064655698
0.024785761
0.069432213
0.031667216
0.14093148
0.12054358
0.1905694
0.02751635
0.15680846
0.14708368
0.0011723323
0.035213419
0.20303493
0.084483451
0.047311109
0.21547228
0.18730716
0.16718168
0.097060369
0.15502841
0.083073623
0.1992076
0.1430414
0.10537892
0.18192655
0.053706241
0.037127516
0.13232589
0.10890829
0.049978539
0.060253691
0.077762282
0.045864779
0.18381491
0.15307316
7.8049957e-05
0.097957481
0.12122187
0.0015183675
0.15458646
0.043093535
0.15903507
0.07271748
0.091867158
0.052161002
0.054152856
0.12826903
0.14440626
0.15490592
0.067136741
0.11405457
0.15000702
0.19460528
0.095597698
0.042312208
0.10097985
0.15422406
0.00097848686
0.04368903
0.21575144
0.20696313
0.035071383
0.2154852
0.12822975
0.18056492
0.13798859
0.066650914
0.19461983
0.050109115
0.13442826
0.1100803
0.13933923
0.066047107
0.18854592
0.0087060528
0.0087657307
0.11184814
0.060955387
0.19816474
0.064904636
0.0041325501
0.068560013
0.12059697
0.039864653
0.12191241
0.18730234
0.030968394
0.0058866681
0.050797468
0.21551466
0.1296883
0.05402545
0.12407312
0.21551815
0.11175572
0.080152989
0.056622665
0.00069528455
0.0057695434
0.10129753
0.015315749
0.18642467
0.12327923
0.13672085
0.080945806
0.15734179
0.12565625
0.12942291
0.19807299
0.083893268
0.02143357
0.15449306
0.10482901
0.0067256612
0.13870888
0.17461034
0.090276813
0.07717402
0.13364187
0.011367465
0.00061906818
0.10169707
0.046910002
0.14581381
0.0073825175
0.1283557
0.17934767
0.029116197
0.0078947948
0.015966066
0.048738099
0.081791737
0.07074221
0.0014456578
0.073481399
0.011912552
0.019060643
0.055791147
0.11251417
0.17455118
0.13830977
0.075298513
0.035556515
0.1544264
0.04656476
0.00094600007
0.055061843
0.1825173
0.054035326
0.14792973
0.010577519
0.17881757
0.17946145
0.058963136
0.086232412
0.1603208
0.17734068
0.20007855
0.12742198
0.022861571
0.18169538
0.13796844
0.022702212
0.050276857
0.057621273
0.084299199
0.080102746
0.12298073
0.12638058
0.040259776
0.0083911365
0.05802788
0.13731276
0.2028441
0.21532501
0.16381206
0.038612917
0.14056619
0.082322976
0.20598182
0.19666334
0.15612219
0.17394749
0.0061722226
0.030144554
0.11929944
0.086796881
0.059043181
0.087233983
0.19201453
0.11911172
0.19467958
0.0048673296
0.18813884
0.079535887
0.17381524
0.17539391
0.12884116
0.1212834
0.041159438
0.067470806
0.057040701
0.069105787
0.1950143
0.018783871
0.14945935
0.19460631
0.029298448
0.11162779
0.063383776
0.055675465
0.10034898
0.17878264
0.11308717
0.088601742
0.2072845
0.018578489
0.019176608
0.19996844
0.0046684578
0.045698426
0.020729233
0.14938381
0.204601
0.14798569
0.0070226861
0.0081803636
0.0078846417
0.19322557
0.13852262
0.0083036
0.0076417071
0.17550701
0.032660219
0.17204657
0.061739571
0.19233672
0.131661
0.031513635
0.1681747
0.15161464
0.17685619
0.050607042
0.025232533
0.059228928
0.13960643
0.16357151
0.16713718
0.18826782
0.10472225
0.039320521
0.035618114
0.016595792
0.097709949
0.031855755
0.18275583
0.062826762
0.21505077
0.1840777
0.10780174
0.079528566
0.17473397
0.1492727
0.14027486
0.082156092
0.21591016
0.10486087
0.010320147
0.18210859
0.014451838
0.084909969
0.11189885
0.075998726
0.1369051
0.21559122
0.16830954
0.051851271
0.17598621
0.074796681
0.10870187
0.091280095
0.051069459
0.019088863
0.12213587
0.15155789
0.011656244
0.15916413
0.10526803
0.18080895
0.083572259
0.036032439
0.079516284
0.13803347
0.011688455
0.11533154
0.13899896
0.035679859
0.16296724
0.18830518
0.029265279
0.21511661
0.068742088
0.019915273
0.0048582472
0.18562333
0.067351656
0.047519534
0.15245466
0.17430408
0.1585424
0.077438565
0.026048499
0.14073917
0.0045629989
0.088641688
0.027052281
0.12448011
0.16152217
0.012128233
0.03492632
0.020618599
0.020633963
0.04092463
0.19095689
0.087979558
0.12340081
0.0011313523
0.097140721
0.041821018
0.039242081
0.061780265
0.032677934
0.14946786
0.18867659
0.11590264
0.18089106
0.085497956
0.17274843
0.017533757
0.092787473
0.20211904
0.05959641
0.068766731
0.18838637
0.20900776
0.044095861
0.008691564
0.17553901
0.028596555
0.080611986
0.012120184
0.20830451
0.16639671
0.19745215
0.11928891
0.065384436
0.032202705
0.0085686981
0.19534797
0.12596987
0.05207114
0.05517412
0.096077806
0.047666445
0.017277107
0.14689793
0.20152314
0.055701929
0.033274327
0.16993616
0.16362106
0.026764296
0.06083923
0.20268874
0.069026111
0.071397251
0.035827574
0.17553123
0.067025045
0.024435084
0.082711396
0.0055535715
0.10445638
0.1093078
0.14734667
0.00140664
0.035877995
0.21531813
0.11599617
0.15753325
0.085882336
0.15078953
0.15565631
0.20755448
0.071784126
0.15554609
0.13939655
0.01112094
0.049396077
0.21531449
0.13160055
0.12421373
0.20452915
0.14318892
0.053277563
0.085306854
0.057034285
0.14636706
0.097038092
0.02763562
0.020345634
0.19302726
0.069955643
0.089299168
0.192005
0.14745466
0.0056176388
0.19902455
0.1282494
0.14467758
0.022081515
0.13088061
0.080374755
0.10512958
0.16578653
0.21532031
0.070703186
0.043302281
0.087514378
0.10682705
0.20553063
0.1673904
0.12024487
0.084604612
0.13676539
0.062820318
0.19681385
0.13939181
0.079574249
0.16052331
0.13790142
0.20481532
0.091815434
0.078155018
0.12557493
0.21586412
0.21375858
0.20079295
0.13766944
0.04722332
0.21533518
0.10471922
0.18199226
0.00029183124
0.12765752
0.14354573
0.017665292
0.033243134
0.13348063
0.083440373
0.067132391
0.038979149
0.18754825
0.2053978
0.13492496
0.051807787
0.18059649
0.21557696
0.046613291
0.21475458
0.028901875
0.092109933
0.15073414
0.11198337
0.083864715
0.079723524
0.10006162
0.073296958
0.042982768
0.016282166
0.034456064
0.059314015
0.079603398
0.21524675
0.0091050088
0.017443245
0.1564864
0.17515639
0.10484186
0.06253891
0.033152243
0.16319668
0.077425048
0.050653193
0.11244523
0.14710639
0.0003998096
0.078203333
0.098570994
0.12571503
0.013823662
0.20506877
0.088958583
0.023474525
0.15617266
0.096731975
0.053572045
0.21328926
0.084156293
0.06492237
0.2105522
0.15465272
0.083115358
0.14919762
0.057337336
0.010774312
0.01835497
0.036020661
0.066487337
0.11434459
0.16889419
0.12158618
0.063775494
0.057571471
0.18532051
0.21504714
0.096309246
0.11723277
0.10713824
0.14184589
0.15441895
0.054484574
0.10794601
0.19666775
0.12713957
0.080050042
0.16270216
0.0035885741
0.13663874
0.12236192
0.11450125
0.20416408
0.091284719
0.0012416087
0.06931497
0.094697267
0.16728729
0.11260337
0.0071085503
0.0073498801
0.0066869623
0.13109645
0.030099822
0.067964707
0.084677575
0.1732934
0.10560304
0.082237314
0.030199463
0.0014315254
0.099457103
0.12580061
0.00077578261
0.16527264
0.21549997
0.10370771
0.03575439
0.16902552
0.010600358
0.18677554
0.10477904
0.20323629
0.078336164
0.10524055
0.097705405
0.05311944
0.060583963
0.15804237
0.21557566
0.062255545
0.02565275
0.000694117
0.13645925
0.088448819
0.15421877
0.048290999
0.1923918
0.20021075
0.025127568
0.2051465
0.019400573
0.023165169
0.020857013
0.00866412
0.029589112
0.048759213
0.044239772
0.094837397
0.064557124
0.20319798
0.035848443
0.011346396
0.08643317
0.2152447
0.090158435
0.061211458
0.006553886
0.098284318
0.073691612
0.14437721
0.18945942
0.030263708
0.0071475314
0.18842558
0.16235951
0.017223737
0.097212273
0.18469447
0.19594061
0.096744897
0.19432819
0.069934233
0.015375744
0.13128432
0.0036369044
0.10834117
0.15207839
0.10963324
0.037088492
0.15335576
0.00042292285
0.083092978
0.091861245
0.16472225
0.052967075
0.046012878
0.17143277
0.068961929
0.18359867
0.15835223
0.053009815
0.12855258
0.12447324
0.10539711
0.010219167
0.14349315
0.16068745
0.034895121
0.19543898
0.20701509
0.1882299
0.011826459
0.0013178982
0.13878561
0.04023809
0.16700957
0.040442541
0.059543763
0.027686154
0.13554094
0.069262411
0.16890282
0.00095552664
0.095295948
0.0013821893
0.00091156446
0.099182285
0.21179305
0.01158609
0.18516613
0.068963648
0.11423223
0.02139086
0.099237139
0.11344903
0.091798186
0.16530059
0.039008368
0.072324722
0.11228665
0.06171651
0.12208959
0.14162627
0.029765104
0.037114275
0.11129078
0.076941936
0.17033809
0.053029308
0.13922284
0.0010050352
0.011117864
0.077359887
0.016024574
0.083263418
0.016782396
0.12945255
0.18589575
0.13162212
0.013820956
0.00092198961
0.048389016
0.18761612
0.012760417
0.10846991
0.02114537
0.13501186
0.19996324
0.2076522
0.028728253
0.10020098
0.085126551
0.10821781
0.02230436
0.15137302
0.10842515
0.20029328
0.012539349
0.068537354
0.070990614
0.17375699
0.014467599
0.20335118
0.21579705
0.058660697
0.014039591
0.067155071
0.172723
0.11060963
0.15807848
0.16952814
0.0673702
0.061290361
0.1968482
0.14337156
0.053710051
0.18278157
0.050209096
0.082543252
0.11887816
0.15080089
0.055315055
0.011939989
0.030621533
0.15322996
0.11412468
0.18907296
0.0033356439
0.02399697
0.051319816
0.18614901
0.027489779
0.13020284
0.14725761
0.086188929
0.13992475
0.091224307
0.071029304
0.078879247
0.13438236
0.093840227
0.065337235
0.20314287
0.080004135
0.18474803
0.096315694
0.020669835
0.036371677
0.028798354
0.027631211
0.080179995
0.061060801
0.057431129
0.14836867
0.092921117
0.18204488
0.028280061
0.14639758
0.058190197
0.022602127
0.20325201
0.094530101
0.16094231
0.12793792
0.19604495
0.093637891
0.19975484
0.12276488
0.09007584
0.17611398
0.20779663
0.024835833
0.040314618
0.15421966
0.094737911
0.15171094
0.21569371
0.076726768
0.094695454
0.0010032618
0.078607303
0.046805726
0.11858083
0.032480223
0.21522148
0.083589256
0.16922545
0.16213017
0.00055054103
0.084815853
0.20457538
0.00098317209
0.018645288
0.10668505
0.14090849
0.032741998
0.039562053
0.20695625
0.15107813
0.13015894
0.061548212
0.10630667
0.14972075
0.13250074
0.18467283
0.064956063
0.19652657
0.08028015
0.04262511
0.17109323
0.056195771
0.109394
0.21534283
0.084159567
0.06839326
0.13593894
0.16825082
0.015246327
0.12071456
0.0061888115
0.015533192
0.15700196
0.10868175
0.17666008
0.00081871588
0.1147959
0.029316485
0.092677514
-0.00030082262
0.13522639
0.033753446
0.042222504
0.070107071
0.009041847
0.16604538
0.091048961
0.15519044
0.16796239
0.059238655
0.12867193
0.0091053067
0.1911377
0.1325605
0.21580627
0.080656606
0.1196059
0.1509827
0.022532999
0.15045057
0.0052998272
0.068140335
0.17442568
0.10446346
0.04887754
0.065616676
0.21530705
0.013342123
0.019805071
0.0098065212
0.13771724
0.14483702
0.015104359
0.20575146
0.16729505
0.15101672
0.10113537
0.19081929
0.14891139
0.07697366
0.21407028
0.19347141
0.15249548
0.1381099
0.052350145
0.12581775
0.20969974
0.00088870061
0.14929692
0.079555499
0.056866288
0.079227152
0.20110651
0.026465412
0.12950645
0.076644736
0.028671469
0.028428546
0.14816223
0.08372843
0.19337885
0.022986401
0.19759756
0.060179833
0.084986039
0.10298412
0.15174644
0.086047165
0.048827268
0.13377131
0.00098604959
0.14860414
0.067451132
0.12958431
0.15638884
0.18823408
0.035218947
0.00078370912
0.040367547
0.21529117
0.1872273
0.19245146
0.11568831
0.13382281
0.093438066
0.073333585
0.2048286
0.043951327
0.057328237
0.07009168
0.014913443
0.17242389
0.110479
0.031980675
0.020185889
0.130879
0.0012702864
0.013729644
0.11795905
0.21545112
0.0011890315
0.093167442
0.022238299
0.12561438
0.00088246563
0.010972414
0.046331664
0.090980053
0.0063208762
0.2000032
0.015789631
0.18346353
0.14538912
0.19210449
0.17333033
0.16267827
0.20894124
0.077406332
0.1252759
0.070279291
0.11264867
0.080956502
0.047693386
0.098482279
0.00085799225
0.14548647
0.14096506
0.026051595
0.18459133
0.14807855
0.00078638213
0.21524484
0.1793578
0.025535303
0.11533896
0.047528017
0.029882597
0.16523028
0.019331541
0.10262389
0.015258425
0.062387562
0.025575037
0.13498505
0.10151616
0.064713539
0.12147132
0.15897891
0.19478727
0.14650724
0.14475848
0.10411297
0.16251501
0.15348149
0.11383703
0.12562999
0.053100996
0.066022
0.12846276
0.2014232
0.045094312
0.15357387
0.1298356
0.059011647
0.17861604
0.094014379
0.15787912
0.1402741
0.02243308
0.17843588
0.20537308
0.083722686
0.19715832
0.045140571
0.16206143
0.011737692
0.073391892
0.0094695697
0.082317251
0.0097598005
0.13139765
0.11540794
0.082048728
0.16192221
0.047584265
0.04875549
0.20984756
0.1004512
0.071277187
0.0014894447
0.16737795
0.013176289
0.095414459
0.012457316
0.00089453065
0.16897914
0.19728339
0.12587033
0.0012976219
0.077621192
0.00079478108
0.17970499
0.10513867
0.014808511
0.02642274
0.055524866
0.027419293
0.036879208
0.10381507
0.15958735
0.15882432
0.1949103
0.033017364
0.16203318
0.0014101084
0.0022621231
0.14282222
0.077951743
0.00034343017
0.20841643
0.16368018
0.059705619
0.072800768
0.12688284
0.12861597
0.051491448
0.15268382
0.075241926
0.076079278
0.015230982
0.024153451
0.083181379
0.035225178
0.021529163
0.040783761
0.0096587494
0.20433428
0.03530464
0.16476599
0.039124972
0.08788135
0.026475301
0.12318699
0.0013224561
0.1687643
0.063910622
0.016576459
0.017368301
0.030633635
0.072052033
0.12576307
0.10851712
0.039893849
0.025868494
0.012025284
0.14105686
0.1056509
0.00049972846
0.06742008
0.032304015
0.092648467
0.17854295
0.17069254
0.10610091
0.1650364
0.10546744
0.11050017
0.14551054
0.059513309
0.058997547
0.025671709
0.019090992
0.14104921
0.028617123
0.12462845
0.18157343
0.13388316
0.21533822
0.081893498
0.018077628
0.20805217
0.078121773
0.13514725
0.18202062
0.096054137
0.13692836
0.061675028
0.14209767
0.18177544
0.030101872
0.17563291
0.089309227
0.2152466
0.14401436
0.0033750486
0.19221105
0.17719633
0.13086587
0.18506418
0.038980679
0.11299318
0.21539765
0.18021822
0.084963902
0.090377015
0.072430244
0.11148733
0.12585748
0.17844798
0.063704889
0.15273339
0.20064929
0.094348782
0.11928638
0.13802158
0.14249201
0.17304451
0.139136
0.0077967465
0.13516537
0.19518029
0.14215902
0.093886211
0.016955327
0.14253738
0.2153238
0.04757238
0.028283841
0.023786597
0.17380141
0.19532083
0.18464866
0.19484489
0.21553352
0.10497481
0.19660012
0.16365333
0.12840934
0.0013602118
0.12776144
0.089585519
0.086781482
0.14333136
0.080235288
0.15514
0.13853031
0.1497738
0.07187245
0.088106862
0.00086986391
0.13991314
0.058404539
0.13568745
0.14282859
0.12850712
0.12581929
0.017673562
0.10675329
0.16635478
0.1367621
0.080026797
0.1850083
0.10230794
0.044423997
0.21563592
0.075425927
0.044017571
0.18207737
0.11188214
0.058657814
0.053812711
0.15254527
0.031796595
0.17130612
0.11698992
0.1009344
0.038399092
0.12133208
0.18220755
0.10794625
0.0098776142
0.060463826
0.086279947
0.013235854
0.14121454
0.0010752596
0.068224437
0.098742587
0.013358994
0.16116528
0.089682256
0.056540591
0.082829968
0.027256108
0.1138356
0.089430725
0.039988397
0.20726597
0.21526781
0.14639865
0.11281041
0.15021856
0.11532499
0.074396361
0.090583958
0.21544282
0.10434595
0.054210676
0.16764407
0.00092114415
0.010609004
0.13465502
0.12755522
0.023862393
0.0074446996
0.061865076
0.16722696
0.19231782
0.03350912
0.12043874
0.086463623
0.031368589
0.13111175
0.11574336
0.1642182
0.20701695
0.016485458
0.1012772
0.19893272
0.046097096
0.11372303
0.07730234
0.026034094
0.19259356
0.11808743
0.11523841
0.19167171
0.20044246
0.20377388
0.1153353
0.16890713
0.036620654
0.070487918
0.019052143
0.1922739
0.070835553
0.05574293
0.11775674
0.00647187
0.090911156
0.00091889903
0.051031602
0.094133901
0.068618821
0.029760438
0.18294936
0.11136825
0.13544845
0.077708178
0.15909086
0.1519664
0.15057016
0.062802188
0.13191685
0.028707659
0.097540366
0.18909712
0.079326082
0.17177966
0.012021993
0.12135355
0.18699962
0.0013219852
0.20691442
0.17582471
0.086397289
0.20221226
0.0014556453
0.20325481
0.19559558
0.096852818
0.084512575
0.0011172133
0.21577167
0.11073342
0.0031989249
0.071953409
0.157228
0.1334533
0.051161887
0.11509943
0.14924377
0.022792128
0.18811793
0.081648186
0.08446149
0.02348213
0.17762244
0.20898876
0.083283488
0.14420562
0.084488595
0.17213407
0.00086349195
0.073844608
0.20583356
0.16574865
0.016626764
0.012258088
0.19574181
0.011803498
0.020399082
0.059492797
0.052854573
0.043309182
0.1065014
0.10795035
0.20034234
0.031203121
0.047114019
0.18283939
0.10435755
0.094704408
0.050081377
0.077152085
0.10005231
0.12059428
0.18075517
0.10671702
0.21542606
0.038558383
0.10362251
0.15906964
0.16091039
0.20483131
0.0050707323
0.094564225
0.12498954
0.11039495
0.10524455
0.17390632
0.13882695
0.081680012
0.040962465
0.080141468
0.054738314
-7.374125e-05
0.059138162
0.015005528
0.17600034
0.1252688
0.17343045
0.14559242
0.0014486199
0.10963525
0.13060506
0.028827378
0.16342418
0.11662982
0.14543066
0.12343716
0.16600402
0.14423582
0.2067735
0.13173046
0.078499546
0.015860998
0.10832377
0.01777771
0.2152788
0.019613769
0.033511397
0.14576848
0.09425967
0.14861434
0.0093620321
0.069479524
0.013987314
0.17301965
0.0048669164
0.10644518
0.011258923
0.0925801
0.21551536
0.035830124
0.12975925
0.015652838
0.14060207
0.16291757
0.081416673
0.029373665
0.12100742
0.12734741
0.21545683
0.21528993
0.15261886
0.070823289
0.017934691
0.045439293
0.2153858
0.057696228
0.21580332
0.1215708
0.11116955
0.079761669
0.0056709297
0.059440696
0.12327568
0.19443302
0.024594999
0.15890933
0.00069763965
0.21528902
0.0014627797
0.18926361
0.054198664
0.11942949
0.11305988
0.078129085
0.20547668
0.036832749
0.093043989
0.073162599
0.19765641
0.0013498525
0.017309958
0.20401962
0.078631873
0.12960426
0.05971433
0.11997388
0.013093371
0.061211564
0.1389537
0.038707755
0.1962464
0.02168638
0.1845605
0.11137424
0.07155343
0.10111421
0.0080351881
0.17021449
0.051129537
0.21575656
0.08167755
0.013965817
0.21564328
0.089777018
0.13816222
0.046126752
0.066315335
0.21528905
0.11234387
0.2002186
0.1281226
0.2155874
0.0078256114
0.1740417
0.072853457
0.046351093
0.00094841671
0.20243981
0.16934807
0.017725393
0.15325148
0.034811879
0.10451701
0.17450167
0.10171299
0.10958583
0.17007961
0.18966672
0.0010102055
0.19795678
0.051551923
0.0050494861
0.033993622
0.21559113
0.11040466
0.010634774
0.075189716
0.1382365
0.067428687
0.018091686
0.13106195
0.13833862
0.087731583
0.19531546
0.17044248
0.11743965
0.17816863
0.033804817
0.13813939
0.21563365
0.060062613
0.015222339
0.042889293
0.0052476002
0.20634352
0.1251084
0.094534904
0.011118569
0.00054876085
0.0011679548
0.08519264
0.013047544
0.09216265
0.01685357
0.067039634
0.15584409
0.20340754
0.10123567
0.029803662
0.016349086
0.0064477969
0.086870231
0.0084054817
0.10276112
0.15323463
0.05018487
0.066660275
0.028046166
0.010398902
0.14962484
0.092357282
0.11932828
0.11088678
0.1387296
0.077888146
0.10758883
0.0081809275
0.011907632
0.12549776
0.18731111
0.065981896
0.025964691
0.072217781
0.10089386
0.043996665
0.068870388
0.094804595
0.20703104
0.10258131
0.031869492
0.11318588
0.15788903
0.0038722035
0.16346008
0.069818271
0.065705104
0.14451544
0.00092457294
0.16123168
0.12109596
0.020934894
0.09374189
0.075528937
0.15962409
0.01165986
0.10312423
0.030061226
0.1804549
0.0010190017
0.21441634
0.1254905
0.006709808
0.037706356
0.0869633
0.09903227
0.0010611826
0.044669322
0.062299802
0.082776138
0.071397961
0.0066709999
0.063317505
0.21538332
0.2152878
0.091380446
0.08978462
0.17878222
0.030049701
0.0039301546
0.054783722
0.06872996
0.0079281865
0.08678707
0.21602792
0.17204663
0.018284815
0.069852277
0.056363488
0.14168784
0.10809731
0.18411662
0.12267786
0.21522092
0.12323222
0.043415448
0.062779929
0.08681605
0.2023917
0.054019833
0.12559906
0.18413614
0.051967669
0.1077918
0.10108351
0.20582692
0.16022258
0.094323226
0.089914236
0.012786041
0.12434057
0.11441216
0.13182994
0.21543815
0.20534462
0.054900624
0.18729878
0.072321118
0.082672416
0.10382266
0.036964716
0.03884344
0.1853542
0.16921564
0.072705735
0.0069119874
0.019665779
0.10376277
-0.00056899963
0.065257606
0.21547252
0.19052015
0.024723995
0.13246785
0.1350449
0.18024452
0.06645626
0.093230144
0.0090030804
0.15307424
0.17227325
0.17123039
0.14426068
0.092969173
0.19537878
0.035640113
0.19930676
0.14912979
0.0080751911
0.18335232
0.0011575355
0.074974701
0.079423462
0.19370563
0.0011172982
0.042924499
0.11495282
0.0037442544
0.18594743
0.12691024
0.15882348
0.12846449
0.045047019
0.0014122947
0.03778703
0.19899074
0.054311395
0.20065592
0.18426985
0.17527214
0.007754458
0.078322602
0.084851559
0.0092754081
0.0013447648
0.17298077
0.10385448
0.13818591
0.041552788
0.1549062
0.031991513
0.084035426
0.19387069
0.031842513
0.0015568658
0.046923051
0.173051
0.10037544
0.1015972
0.10200623
0.04923712
0.20537974
0.03673185
0.15000161
0.1420376
0.053004532
0.068168012
0.050383236
0.10881635
0.1223413
0.041988722
0.1955189
0.069223821
0.020310436
0.037564885
0.013206403
0.09649255
0.11615521
0.11088452
0.21483643
0.12037645
0.057375813
0.069353199
0.037843047
0.086378497
0.1276485
0.17136319
0.0060358191
0.1596237
0.1090124
0.15470702
0.063272947
0.005000035
0.21169663
0.064200535
0.044492653
0.18394713
0.10210551
0.0010063731
0.01277504
0.088433929
0.00069057269
0.0036599768
0.069245614
0.023528373
0.024352584
0.14501286
0.019567827
0.040827421
0.15105614
0.035438124
0.16650542
0.016975013
0.13859805
0.032590452
0.21007722
0.06212543
0.036925182
0.10689571
0.18797876
0.16982542
0.078582197
0.074813574
0.087655236
0.1289094
0.023961643
0.15635067
0.06538098
0.21555433
0.1307702
0.08843301
0.027331672
0.16418959
0.0040808323
0.077857872
0.090301435
0.11338294
0.20377345
0.12690693
0.043989623
0.091519097
0.08304094
0.20533045
0.0050544167
0.10435201
0.20262395
0.00067894391
0.20467964
0.0014776873
0.0599363
0.14192393
0.19599814
0.19499235
0.16833974
0.11268123
0.1230685
0.18650611
0.15344493
0.20182065
0.083729504
0.2058729
0.0087866284
0.1515764
0.20303227
0.056082461
0.042909411
0.13491324
0.0038258524
0.18143396
0.013162872
0.18131839
0.016507665
0.090246402
0.21567037
0.05189165
0.063642127
0.18703367
0.01830896
0.003777073
0.11987564
0.066131697
0.21542592
0.022568597
0.045146359
0.028178599
0.21537816
0.15297177
0.066289946
0.018125197
0.0038968886
0.0015810701
0.15675995
0.071794269
0.081029153
0.15388932
0.061273074
0.066381402
0.10754514
0.17582558
0.20118669
0.12479054
0.057073569
0.15944661
0.030329693
0.12325048
0.19177372
0.11131429
0.11793048
0.16577481
0.10555257
0.19052554
0.21521856
0.14404962
0.14644252
0.1910475
0.04423252
0.0013263467
0.01435014
0.098509036
0.18966116
0.1835552
0.19570469
0.14848822
0.1709392
0.2037512
0.10478627
0.13140687
0.10026935
0.12973787
0.055330416
0.071820732
0.039337711
0.05829702
0.00073649943
0.057948842
0.20699556
0.11559485
0.13518679
0.076498791
0.08816599
0.18500667
0.19903211
0.059436897
0.15898454
0.18150899
0.10243878
0.096988308
0.015451201
0.085311439
0.050701155
0.030500644
0.045676578
0.085266678
0.079762817
0.0065007564
0.078029459
0.011489011
0.031307853
0.13117407
0.17982237
0.016634887
0.0012438309
0.21550827
0.1594871
0.032067685
0.082119743
0.06600889
0.013872365
0.21549937
0.19595103
0.13270708
0.10863488
0.0014186416
0.010061237
0.096887171
0.10784129
0.073783979
0.025866067
0.12486803
0.06315441
0.022239705
0.16817488
0.17262028
0.16603043
0.080519416
0.14341529
0.198153
0.027541929
0.1244954
0.00091477012
0.0236882
0.163153
0.18144132
0.21525484
0.054757976
0.077540739
0.17819473
0.19845068
0.032825705
0.15854499
0.066113752
0.17772695
0.00035690517
0.12560234
0.050191281
0.083770958
0.079376497
0.19901032
0.085914652
0.072810602
0.054672013
0.083864557
0.00088663699
0.11170901
0.19744598
0.16206992
0.073882199
0.19675559
0.14993622
0.17871766
0.021058339
0.047578249
0.055424196
0.0065056703
0.17296724
0.019097413
0.035971629
0.028333498
0.024038813
0.14322644
0.12254577
0.012753718
0.20132703
0.050065374
0.053530002
0.071657551
0.17854493
0.12282829
0.058821425
0.03861508
0.0772142
0.031053268
0.017823277
0.056881217
0.079029088
0.10422505
0.18457066
0.11524525
0.029391228
0.0031986456
0.14869816
0.026201087
0.084048825
0.058023873
0.21551721
0.0014843593
0.16745101
0.082845524
0.17425921
0.21578424
0.15079915
0.012886092
0.13034466
0.1128374
0.014913967
0.21518651
0.074460966
0.18598352
0.098495638
0.036315887
0.21505647
0.11793256
0.084025915
0.064390193
0.10048406
0.016844109
0.18059777
0.0015150355
0.15274615
0.02371183
0.18255606
0.0011778
0.21431335
0.17239365
0.17495063
0.15773943
0.1754532
0.056596648
0.083751231
0.17552747
0.12470487
0.042702296
0.00089502475
0.097004538
0.19348073
0.19143233
0.13263943
0.1849957
0.11157699
0.21585839
0.19742481
0.19783377
0.094967165
0.0014596415
0.10012536
0.074320215
0.14344007
0.093225225
0.098880801
0.084502482
0.1111045
0.10946269
0.14947891
0.04376349
0.16017569
0.13225612
0.14362526
0.060572851
0.13263059
0.19583482
0.012695891
0.00093538449
0.016026494
0.11537217
0.17402335
0.10315789
0.017891073
0.089888784
0.029126503
0.20525737
0.0014623232
0.21432556
0.060340431
0.17562257
0.092472915
0.19855219
0.094469185
0.0011788793
0.057495245
0.0019936241
0.20584318
0.033687595
0.095749084
0.032738882
0.044582776
0.051332656
0.11214452
0.1755819
0.1805834
0.028658899
0.11492851
0.20930222
0.1305782
0.21400971
0.041776058
0.20137075
0.16430757
0.025849406
0.060945424
0.045583508
0.01576003
0.19177416
0.00051206798
0.16125982
0.060215917
0.13800674
0.11163982
0.18074846
0.065820867
0.021817624
0.098069479
0.151995
0.11395066
0.033310539
0.031168979
0.18382659
0.080713517
0.084679276
0.089003606
0.082793626
0.21571349
0.11112273
0.0049742182
0.0034433519
0.19792301
0.1102828
0.21539061
0.099585319
0.024163435
0.18258385
0.0034728195
0.026043904
0.11353449
0.067303203
0.0042522403
0.0010747811
0.00084313586
0.11773825
0.092964401
0.072800278
0.16096582
0.010436353
0.062785232
0.058239333
0.16577042
0.20664997
0.04783304
0.030273223
0.13701497
0.010647244
0.14247818
0.1713748
0.061120964
0.1564943
0.052351282
0.18450162
0.078025529
0.021784695
0.14380661
0.11013445
0.13204973
0.19143148
0.085170074
0.1167918
0.17469122
0.020210278
0.10072119
0.0014455591
0.074362203
0.1264169
0.1340764
0.078697363
0.15173438
0.028977924
0.17456951
0.023196782
0.056629257
0.0044617721
0.020505605
0.19112547
0.052272748
0.047666442
0.039150772
0.13535904
0.15705486
0.050931467
0.094197746
0.20807188
0.14060276
0.042959982
0.21552598
0.09417643
0.079235225
0.019880172
0.16241461
0.031215813
0.042578609
0.10742845
0.039225528
0.15901882
0.14856707
0.077852437
0.1196783
0.031205186
0.095326017
0.0576649
0.043197185
0.080594505
0.11183339
0.12287303
0.17402841
0.16792628
0.0099778513
0.18292829
0.069323421
0.046951147
0.060215546
0.054901462
0.15423848
0.1754142
0.077808993
0.036589147
0.13551798
0.17300436
0.095343103
0.080997
0.12016054
0.18537232
0.1201628
0.18055622
0.13304812
0.11474538
0.10606871
0.041960836
0.15634198
0.20357245
0.07622587
0.050533255
0.19663835
0.060341692
0.10703837
0.1697285
0.10962423
0.071165387
0.12097496
0.14981651
0.046259916
0.13019194
0.00077041591
0.19607349
0.11251081
0.022125877
0.21571422
0.21571635
0.12306492
0.16085134
0.2135922
0.19725358
0.034319653
0.1376403
0.2033087
0.091486311
0.035334652
0.13133293
0.0085572091
0.12876742
0.16753686
0.0065180176
0.019372709
0.20145353
0.0013742442
0.16945526
0.20185106
0.014453186
0.070306133
0.15953275
0.1105501
0.084461432
0.21550078
0.1519599
0.19441461
0.1759176
0.19381016
0.0080996164
0.020402703
0.2034328
0.21551161
0.10845007
0.080660118
0.055210855
0.047339019
0.011516676
0.012923842
0.089660511
0.044380044
0.12146256
0.052991306
0.18055056
0.089523697
0.067294987
0.037632983
0.1517311
0.03962423
0.10532683
0.17675065
0.096491466
0.12817895
0.063189519
0.20475206
0.13748557
0.097883352
0.15577229
0.15762553
0.00035717504
0.089418968
0.0018111165
0.023066962
0.015288185
0.21581036
0.21563258
0.0048626872
0.016887161
0.11902543
0.02191016
0.049896502
0.098179598
0.066067568
0.0048466391
0.076879627
0.011788052
0.070067789
0.037199949
0.19790579
0.094338432
0.14480529
0.1944567
0.0034657037
0.21549569
0.10360987
0.12636335
0.10570704
0.14100697
0.093362684
0.18951524
0.13741089
0.14143561
0.17889657
0.10851175
0.0013514537
0.0011118688
0.11454277
0.00086936644
0.158046
0.050399789
0.0327655
0.21542812
0.20726265
0.12518885
0.19651838
0.14249019
0.075563239
0.10831977
0.05500642
0.14051603
0.056510253
0.13637806
0.029838263
0.020465808
0.12228182
0.19366725
0.015866335
0.066052378
0.00079323332
0.024919885
0.14659489
0.015718297
0.14831967
0.17009736
0.049980008
0.1092233
0.1218259
0.21346954
0.0099412211
0.075865992
0.032914654
0.075589338
0.21183626
0.1225049
0.11041696
0.16304439
0.14675724
0.013241008
0.059573812
0.066780859
0.14853872
0.11422608
0.089146821
0.018987407
0.084696933
0.046199224
0.1719804
0.067165217
0.012575288
0.20420505
0.012289179
0.20552648
0.013295084
0.011292261
0.18328146
0.1846934
0.1227139
0.18151855
0.19621126
0.034108205
0.097406706
0.029257667
0.11283938
0.028916138
0.044542486
0.016302845
0.18840469
0.027919016
0.099820979
0.00049493667
0.092838976
0.20237739
0.069164332
0.12359034
0.025739461
0.025011174
0.14368742
0.00090509686
0.14950935
0.19230232
0.0013640136
0.029535077
0.021809232
0.035658102
0.029424746
0.10420159
0.0097039904
0.2034203
0.046807069
0.077332284
0.14179576
0.089815411
0.065219927
0.10581785
0.21491072
0.068019578
0.055313042
0.091666602
0.14995254
0.18191512
0.059781641
0.15166512
0.19478528
0.086224542
0.011421283
0.15523487
0.17593173
0.054374702
0.011912233
0.15445281
0.18408903
0.036236029
0.029147046
0.090148739
0.036122288
0.094646845
0.012562624
0.0091627479
0.030377839
0.21532836
0.10057328
0.00056468592
0.008050062
0.07499822
0.17926025
0.0098526746
0.1405133
0.011961577
0.21559809
0.0034869504
0.15182504
0.015716133
0.046842765
0.026223798
0.11957359
0.20390442
0.20380937
0.05774249
0.11504778
0.17674189
0.18497949
0.10411779
0.0051554666
0.12316073
0.14680062
0.0407479
0.20388189
0.054204683
0.094408399
0.085072571
0.19255565
0.084737134
0.078442322
0.015226432
0.072664957
0.083537113
0.097488765
0.20596058
0.13396086
0.015570272
0.20828266
0.15219047
0.08558593
0.14585159
0.028272708
0.14400545
0.11548556
0.18943453
0.14111621
0.17054761
0.076490794
0.047693491
0.21322195
0.074309372
0.1098946
0.008146168
0.0085256514
0.024912453
0.16950377
0.032200714
0.020753589
0.049106883
0.077626962
0.14255898
0.065064274
0.094143033
0.18395374
0.014432602
0.05861334
0.062215964
0.074238909
0.10700876
0.13943048
0.17589004
0.07289211
0.17410541
0.061790051
0.1490142
0.029133145
0.0038158042
0.097877086
0.18227261
0.057017563
0.0087798643
0.14284397
0.10225253
0.17750323
0.20074081
0.0011293723
0.21512271
0.15453501
0.06599318
0.07792985
0.00035918047
0.13090066
0.11503251
0.13196051
0.057532751
0.19849093
0.17806267
0.065512346
0.10727643
0.13863043
0.0049926616
0.18296846
0.042012002
0.047426042
0.02469966
0.02571498
0.12356275
0.087965795
0.0017013037
0.091282631
0.095581736
0.052659651
0.082146204
0.010981566
0.084448822
0.0006186277
0.11705328
0.084183668
0.040490839
0.090423742
0.14869774
0.19478782
0.17038504
0.0014574845
0.023196712
0.089004709
0.076792532
0.2152535
0.023552844
0.036094254
0.099809849
0.01360749
0.044394584
0.1436504
0.015423414
0.00076263492
0.20352976
0.078492803
0.037196872
0.020870572
0.082785432
0.1584872
0.080923129
0.1902959
0.17559568
0.039733218
0.21557025
0.011239838
0.0015028595
0.03114482
0.12480783
0.10756251
0.032036748
0.019035942
0.16494519
0.14907772
0.17226579
0.18457429
0.14730939
0.063383691
0.11533791
0.081054149
0.16448813
0.19368204
0.17355947
0.001509771
0.12210999
0.033295996
0.1040367
0.15715434
0.033387552
0.018689045
0.15496293
0.022707665
0.013129834
0.033633686
0.18749044
0.030950631
0.014852007
0.10034989
0.021127964
0.1682774
0.0087164051
0.19736178
0.12545181
0.17751684
0.12747559
0.0087863674
0.086198256
0.085110885
0.036499063
0.19518322
0.081536048
0.037817397
0.19555605
0.053889343
0.039084065
0.13883407
-0.00095683174
0.0711149
0.1361889
0.076161437
0.039819947
0.17186002
0.20676858
0.19855426
0.070497259
0.081383018
0.20059544
0.00062707754
0.13132439
0.016873861
0.070943049
0.058699514
0.012939366
0.014662589
0.024709396
0.037195444
0.00069562716
0.039518003
0.19103842
0.21533639
0.16586555
0.13537153
0.10267967
0.21452887
0.04432729
0.060880833
0.022041491
0.028162908
0.087818139
0.07568343
0.21520451
0.10200306
0.19474458
0.10146139
0.065457345
0.085292664
0.099540084
0.089210509
0.0011491111
0.041752293
0.18254946
0.00037561702
0.035766104
0.14482965
0.00098606215
0.067587823
0.056363324
0.001101764
0.00088206603
0.08464099
0.12385423
0.055923264
0.005272879
0.024788945
0.13689421
0.1828989
0.20008673
0.012505717
0.11648121
0.042586172
0.00085319107
0.15870985
0.14181289
0.091153384
0.095171716
0.073046388
0.078940549
0.00077616774
0.03958539
0.21516411
0.017960845
0.070987991
0.032475519
0.16183599
0.025201331
0.028396548
0.21491479
0.16101922
0.090349468
0.11190207
0.17172405
0.064526798
0.21553572
0.16409859
0.10816843
0.17646896
0.12398358
0.1784358
0.084683665
0.011966958
0.20361577
0.089609388
0.059443216
0.0014353416
0.21565357
0.039279848
0.21536621
0.077970616
0.18065099
0.014761063
0.18707532
0.1773678
0.11182345
0.093051217
0.19560862
0.051630817
0.10617793
0.14156199
0.14572335
0.10715485
0.069366621
0.023084235
0.12914013
0.13504936
0.12536001
0.012127388
0.16034833
0.015206138
0.039956206
0.043284067
0.16755315
0.13317979
0.2155941
0.023365425
0.18050205
0.16120728
0.20651043
0.1231076
0.19683181
0.1611794
0.066645116
0.14461957
0.11251644
0.064858567
0.0011040911
0.028479565
0.21529918
0.20484004
0.096020566
0.034876539
0.042365217
0.075740743
0.087776966
0.034532769
0.11208031
0.18042783
0.099734439
0.013471117
0.059535503
0.01362397
0.10127433
0.20840516
0.059760784
0.16260898
0.068252812
0.13343134
0.11303239
0.17079781
0.026534075
0.19620652
0.00032612811
0.12893618
0.14871296
0.18447511
0.087893838
0.078159145
0.001164654
0.18797089
0.1198467
0.091336063
0.14123666
0.19315293
0.037078805
0.088295945
0.19989564
0.047268765
0.18114745
0.090565148
0.098053407
0.066661141
0.082435506
0.13144424
0.19790146
0.21542433
0.13100618
0.17913609
0.12222561
0.17378029
0.011438859
0.059511399
0.1151703
0.10494254
0.0063559283
0.011760838
0.1858006
0.018514294
0.024151725
0.11756394
0.070074553
0.2074134
0.047330511
0.18794573
0.135882
0.14436713
0.16608034
0.095501747
0.18394824
0.1764718
0.070634834
0.17522845
0.19430279
0.062811605
0.091925918
0.14234229
0.051334983
0.012249723
0.16381736
0.021738729
0.067259254
0.084226594
0.05791146
0.19662743
0.017575631
0.051864705
0.19508888
0.086379786
0.11666017
0.090091449
0.11148397
0.071186723
0.13580662
0.08553383
0.16062625
0.019534654
0.13665695
0.21522971
0.12260572
0.16976359
0.18546144
0.10811098
0.042068592
0.091908715
0.097141435
0.1828746
0.00034044528
0.03951127
0.10345163
0.032978703
0.046522716
0.20717672
0.13072453
0.0081755126
0.11478511
0.0062365919
0.0089135652
0.07932261
0.19906735
0.1049737
0.19538839
0.069576699
0.021719383
0.17793873
0.088224406
0.029635369
0.049437514
0.02237739
0.14960555
0.015665147
0.18357066
0.20431029
0.10186658
0.13988318
0.15081001
0.0011912582
0.18465247
0.087939317
0.18720454
0.080201691
0.096555633
0.033843957
0.046710345
0.062028978
0.1214365
0.099610118
0.027364638
0.032024569
0.071429025
0.046344417
0.012147708
0.1169786
0.055091771
0.11093792
0.089657974
0.12127929
0.11806182
0.19216844
0.15773142
0.039022452
0.15756836
0.20774506
0.11768071
0.090245901
0.083914401
0.1666735
0.21534793
0.11589699
0.086686765
0.0014441049
0.21564698
0.092832014
0.13038016
0.077882763
0.00029098733
0.2029702
0.173232
0.039574985
0.061972869
0.043060917
0.12335791
0.11140584
0.18084539
0.099655701
0.16864961
0.088155367
0.12066763
0.0013442502
0.12422822
0.17923173
0.18123727
0.1555966
0.15424117
0.20770732
0.16314418
0.12106765
0.026750372
0.026127469
0.047970916
0.20173439
0.050132809
0.18870313
0.028009204
0.10928383
0.15732887
0.060096274
0.025180786
0.094217254
0.13786424
0.08326266
0.21547038
0.12117027
0.040076594
0.07671806
0.10612398
0.047644595
-0.00052062149
0.09448463
0.0077709356
0.21551802
0.19758143
0.15244674
0.1877744
0.19523697
0.090848085
0.19462368
0.18182305
0.086951178
0.0090181171
0.086255021
0.051256963
0.16205377
0.15681081
0.15036324
0.0014840812
0.073468282
0.19114892
0.04791242
0.087819276
0.1035966
0.030822138
0.21540818
0.12225374
0.010679852
0.13322025
0.088152169
0.15540826
0.12514003
0.21526405
0.052145653
0.12392171
0.1303194
0.0045328709
0.073426076
0.01891651
0.12513995
0.026410415
0.10109281
0.14499668
0.17954948
0.030989657
0.19997733
0.060340781
0.0048269826
0.020894333
0.13746303
0.11522913
0.17962197
0.13735074
0.088485715
0.054694398
0.06819559
0.069476103
0.17600426
0.15752152
0.16110807
0.17228284
0.07276369
0.13819906
0.09651911
0.011963074
0.025903628
0.20411759
0.010352799
0.12085437
0.088108298
0.10801663
0.077304618
0.14462364
0.1043397
0.20146264
0.21535839
0.13038432
0.01144092
0.1863037
0.024528433
0.053955014
0.21540789
0.14282224
0.18074278
0.12708953
0.013200936
0.085550506
0.084141284
0.094108003
0.00098032836
0.031177704
0.11430887
0.055515772
0.084590096
0.18520778
0.037198338
0.10770238
0.025509546
0.064404404
0.014528002
0.14202959
0.12425402
0.15126455
0.11703921
0.16676556
0.20820938
0.029924744
0.15577695
0.017146338
0.099951427
0.0050670425
0.12707619
0.080877203
0.12444944
0.16255161
0.11954075
0.082377258
0.00072642767
0.035719784
0.14285839
0.10524264
0.015367099
0.053165896
0.0062990789
0.14159271
0.096057404
0.00099372528
0.1883106
0.071672486
0.12550267
0.088398678
0.083376826
0.053186177
0.14184247
0.095981126
0.051877097
0.0701025
0.19967462
8.4844523e-05
0.19402267
0.11457048
0.20829987
0.21532041
0.11596845
0.14525518
0.12980377
0.17854622
0.001470648
0.21530211
0.023652733
0.0045600719
0.19278555
0.18154945
0.059021493
0.0072415305
0.028109861
0.2152685
0.14568638
0.010246459
0.12586098
0.17368301
0.083057751
0.093583527
0.010749497
0.12780931
0.046376928
0.11053276
0.10076541
0.035304802
0.044262893
0.059668665
0.10793067
0.07287588
0.044409364
0.19027565
0.071650097
0.13928647
0.085011608
0.17458699
0.16668152
0.16673553
0.079837595
0.079801147
0.058982713
0.19786399
0.18184609
0.004668846
0.097215869
0.18590765
0.18492029
0.21304478
0.13456241
0.20873669
0.15250164
0.13590815
0.030903307
0.09646153
0.17389085
0.14448828
0.16449202
0.17387484
0.10927041
0.10305014
0.059376913
0.049030975
0.00045409759
0.043585663
0.098473462
0.10252124
0.12418525
0.07371629
0.11884763
0.17705078
0.17982326
0.11007331
0.14660873
0.21510593
0.058563926
0.039941841
0.11817947
0.076058223
0.17745609
0.11102841
0.19378471
0.21517555
0.15345895
0.066584601
0.19234331
0.0030694264
0.023544311
0.02228679
0.17313038
0.062440055
0.0008638026
0.20825547
0.127555
0.096856676
0.013656447
0.11840607
0.084511733
0.033375044
0.1990346
0.19004118
-0.0010519068
0.054566527
0.1739563
0.18590778
0.21529519
0.00085784118
0.11661214
0.15555694
0.21541327
0.030495676
0.055711268
0.16080725
0.12337623
0.018440876
0.21533315
0.093017433
0.19811534
0.15664682
0.0064332013
0.21538841
0.13246758
0.14655085
0.19561308
0.20727633
0.12546696
0.0037782652
0.028541223
0.11367885
0.15834533
0.092396595
0.18552964
0.1042901
0.051612574
0.11291691
0.066643954
0.0048109364
0.11440917
0.21551439
0.054667363
0.062939655
0.19848773
0.12273886
0.051510514
0.16417001
0.055738925
0.0010063954
0.17528402
0.10734079
0.17775588
0.20736184
0.017482431
0.056371346
0.037915934
0.00046395879
0.021496719
0.066102737
0.075599152
0.073777227
0.14740999
0.206675
0.070825566
0.21550023
0.019814898
0.011788231
0.1571274
0.16489347
0.17084916
0.052079845
0.19243774
0.21543502
0.0013412859
0.090319047
0.075409433
0.063848095
0.055458045
0.14209001
0.21605422
0.17538219
0.21594594
0.15616176
0.10322556
0.10848489
0.18057978
0.19126658
0.12878326
0.027406395
0.092117205
0.16628202
0.041697717
0.084146174
0.0083750696
0.18062813
0.12226073
0.10212277
0.18640594
0.11099471
0.14122566
0.191482
0.12019074
0.15282504
0.030982459
0.16841263
0.0012563889
0.20086168
0.066486213
0.043981531
0.20818435
0.090846757
0.13512922
0.071377638
0.039150181
0.082083454
0.17831665
0.066703945
0.040038254
0.20179394
0.10691472
0.15363647
0.12858374
0.15721184
0.095319322
0.18060296
0.11959738
0.07254575
0.095283536
0.043901343
0.17033077
0.021022664
0.09734551
0.15053681
0.1839778
0.00094263818
0.15507372
0.036532541
0.072726429
0.13465241
0.087071601
0.21511649
0.14824515
0.20774002
-0.00048485611
0.087940696
0.0559514
0.2072029
0.070649182
0.03982085
0.1287916
0.069738554
0.11166735
0.11548532
0.14096453
0.19238683
0.047797624
0.061997869
0.067112879
0.10752162
0.10277609
0.07177137
0.0144747
0.073803673
0.16081525
0.1999641
0.12408517
0.21571879
0.025031775
0.083891303
0.13105415
0.18730821
0.091979308
0.11783362
0.19285409
0.20434549
0.075022358
0.21531265
0.027078045
0.15736875
0.19325717
0.095422936
0.18471355
0.051728302
0.086888272
0.1183366
0.11357787
0.10295744
0.015753326
0.14529261
0.071370238
0.17120299
0.13697142
0.041110831
0.074533549
0.05789923
0.17037603
0.094502632
0.17912214
0.12852129
0.13003387
0.18059398
0.19508097
0.15630391
0.19752528
0.02610956
0.099280621
0.1740749
0.1418724
0.040171277
0.21474673
0.045394649
0.049513157
0.10886085
0.21465022
0.038242006
0.076706804
0.077417245
0.18239642
0.19556226
0.056241679
0.047479395
0.12241185
0.10400771
0.059741012
0.0015672613
0.1311762
0.17865195
0.032559783
0.18065888
0.15409687
0.039208576
0.21289886
0.15322245
0.12352111
0.1726517
0.15355652
0.10661243
0.11016485
0.21528422
0.039445228
0.17008999
0.02889001
0.0013651258
0.11734675
0.07912615
0.038934834
0.16339711
0.13083961
0.0089766963
0.12583314
0.049153357
0.10473362
0.044251092
0.00090043508
0.12374923
0.039082592
0.042278781
0.12939244
0.009378803
0.20629745
0.18735613
0.19201374
0.025139618
0.061962455
0.019139767
0.19079184
0.083794961
0.13479501
0.050228005
0.034245772
0.17151648
0.069464449
0.12443644
0.14817403
0.032933269
0.058753839
0.15590373
0.013095046
0.081249607
0.13244955
0.046172518
0.055676669
0.14919742
0.19935509
0.19378071
0.18230733
0.09357299
0.19028508
0.19979258
0.026155724
0.1809111
0.15630626
0.10578835
0.14477108
0.099903183
0.10150092
0.001413134
0.1638538
0.16050999
0.00072419646
0.20275336
0.19629133
0.19416808
0.17257557
0.088695772
0.0022231433
0.13163961
0.0012092138
0.08399302
0.21515994
0.11186143
0.12413097
0.21546708
0.20607303
0.10683844
0.19993872
0.11179372
0.022282457
0.21267113
0.17811506
0.20711736
0.039518488
0.19575178
0.17011379
0.12658528
0.093045012
0.13913863
0.16029955
0.022448013
0.15565942
0.17538457
0.14185853
0.14965146
0.13839309
0.015724005
0.13298273
0.17051698
0.12467912
0.18097248
0.21563065
0.15264812
0.17182022
0.15666297
0.096926892
0.10048162
0.069900891
0.08207371
0.047044463
0.17796429
0.070588334
0.018317004
0.18346717
0.19290733
0.12779888
0.21364396
0.014605158
0.15302129
0.17805933
0.079869046
0.00099952372
0.1015842
0.024199486
0.016855017
0.042568768
0.11729245
0.14229957
0.1961106
0.14585763
0.08578626
0.094828467
0.054705564
0.20216728
0.095955782
0.030881355
0.17415673
0.12280921
0.0081380401
0.09630038
0.072127917
0.046495881
0.17146824
0.21458821
0.18949259
0.11049337
0.14117611
0.11202054
0.064551981
0.1979021
0.087794085
0.14984531
0.18571914
0.19692282
0.00094434496
0.20206198
0.079998108
0.0406111
0.20015025
0.06101756
0.024200809
0.080397559
0.047329747
0.076979534
0.20007795
0.18490361
0.15063847
0.078170881
0.19679259
0.07538374
0.12062766
0.12028728
0.049844588
0.072165015
0.10008848
0.15824004
0.10833705
0.012328323
0.014877401
0.20173315
0.11028952
0.11827458
0.17712506
0.13686446
0.034690137
0.052937674
0.19416193
0.10978063
0.13346254
0.094671397
0.1849317
0.075775727
0.076847713
0.15309849
0.06121432
0.001598549
0.071041811
0.0077666584
0.21567459
0.13127086
0.13205971
0.10986301
0.1804981
0.21325398
0.0069195889
0.075630964
0.094065761
0.053427407
0.14529659
0.056889731
0.13013279
0.1659389
0.00067377418
0.11155232
0.035313407
0.1664627
0.0037933081
0.054997641
0.10678589
0.18966603
0.020214206
0.21527494
0.075655484
0.099518656
0.10573992
0.19027101
0.16216433
0.1483336
0.16411396
0.024794673
0.054687517
0.052083351
0.21529495
0.10144862
0.14348753
0.033661668
0.064317892
0.043268704
0.040205048
0.039543457
0.015068826
0.086275781
0.069203821
0.0015091055
0.20537354
0.12931073
0.17288515
0.15570645
0.018633916
0.12239417
0.17339893
0.027467203
0.16643578
0.085031142
0.21582837
0.13746007
0.031696017
0.16943542
0.099296188
0.18327325
0.14867498
0.10578901
0.18250532
0.030479556
0.15471261
0.18614188
0.1478356
0.067813775
0.00076515862
0.0008395768
0.132854
0.1363586
0.14478783
0.19406279
0.11776354
0.083893967
0.063938304
0.16465905
0.19114224
0.13164888
0.10287336
0.21358512
0.18757468
0.058699402
0.0031451905
0.18228462
0.0059453629
0.033701779
0.12655124
0.18261108
0.1283218
0.144918
0.10598194
0.20253085
0.008394699
0.00092315169
0.068314418
0.099649089
0.0010227956
0.1964344
0.20668713
0.14839893
0.02385403
0.11756541
0.053762219
0.15479821
0.030661235
0.0012428374
0.00054760222
0.10957934
0.15476527
0.0034901886
0.18630118
0.1618963
0.088076231
0.058013903
0.20245966
0.17157269
0.098978631
0.16341806
0.10813528
0.029621063
0.10364014
0.023969585
0.17130283
0.18530497
0.018355204
0.036140309
0.00092955827
0.0091596976
0.1418604
0.051585094
0.092396154
0.18412116
0.15046179
0.011338488
0.18553054
0.21573771
0.21537086
0.0059260932
0.18610935
0.21540061
0.12264482
0.21561747
0.050790057
0.060933276
0.07854979
0.207536
0.03671447
0.21576168
0.086910144
0.048091138
0.00097496966
0.10126318
0.21493315
0.033337527
0.064981219
0.16042709
0.19449231
0.016826604
0.016042675
0.031412469
0.16687748
0.00070962464
0.20713576
0.1539022
0.089766481
0.11667023
0.19840604
0.18446557
0.19177084
0.069708635
0.1022787
0.10504281
0.067405156
0.017966872
0.081846901
0.13444788
0.11196748
0.11985621
0.10776615
0.13024826
0.18839677
0.1204642
0.052242253
0.0008360815
0.070013426
0.14877227
0.014891644
0.1153413
0.093139228
0.014402856
0.089871288
0.19575615
0.058856683
0.14815602
0.11789927
0.097970171
0.15001173
0.20400121
0.035126359
0.15367505
0.040271324
0.17609916
0.12488214
0.15662522
0.21586206
0.19359998
0.10337008
0.15929112
0.12722073
0.15197127
0.215316
0.095025206
0.20740247
0.00015260808
0.15932827
0.19534911
0.05247929
0.16626867
0.0099188351
0.18886043
0.147536
0.15087561
0.052724075
0.1751646
0.15959836
0.20732282
0.12013798
0.12815628
0.10595814
0.096375383
0.21549491
0.16550038
0.18037705
0.0049987511
0.092037647
0.21353292
0.11825863
0.066097492
0.14093035
0.10801769
0.032214964
0.032657723
0.00095510424
0.0013214116
0.085516669
0.085327096
0.18195229
0.17976163
0.18458163
0.023140542
0.062613593
0.17364942
0.14862082
0.060849572
0.056036943
0.12282829
0.18013597
0.0015139907
0.068098841
0.1581997
0.13749827
0.00097264953
0.055055663
0.15578289
0.0050111988
0.21552507
0.0067079922
0.0084729327
0.1818258
0.028321932
0.017567003
0.044461622
0.0078952851
0.16401354
0.15778745
0.070609572
0.058492995
0.16359602
0.21544589
0.092443058
0.0015630344
0.1679379
0.20520415
0.085548713
0.072387858
0.095122222
0.12668326
0.16352058
0.13461648
0.19184403
0.19338996
0.19433873
0.039241114
0.20763021
0.17600723
0.13446708
0.11317493
0.16437358
0.00072942048
0.19599642
0.1243202
0.025850705
0.090603106
0.10234602
0.0011052114
0.077604835
0.071479772
0.057163586
0.11357282
0.17170205
0.0034374391
0.004841227
0.033047627
0.010479176
0.04029077
0.098002115
0.19434043
0.085571069
0.044669851
0.17834917
0.1591162
0.0552252
0.21272039
0.19130164
0.12675191
0.12477089
0.18880065
0.12145068
0.21528003
0.12571022
0.070648853
0.17227732
0.091897543
0.092544656
0.16898133
0.21573122
0.090327187
0.1235229
0.11881815
0.20557762
0.17980686
0.068393246
0.091488504
0.21555988
0.020303718
0.17216056
0.074800228
0.050757962
0.008809651
0.1382995
0.20471879
0.090607609
0.18192606
0.15159408
0.17708697
0.12262245
0.12083875
0.08127027
0.13029953
0.1325997
0.12745278
0.065019748
0.14834995
0.11440952
0.1339531
0.19839406
0.1444745
0.19888794
0.13340428
0.051111715
0.19121758
0.01054502
0.16240319
0.083796089
0.025572707
0.031623933
0.13505762
0.12861195
0.13133177
0.1074705
0.20519104
0.18357629
0.026637565
0.00090749674
0.13582302
0.13764523
0.089644677
0.1353371
0.16196335
0.084708247
0.0015000301
0.16282648
0.11764198
0.21557661
0.00086708024
0.13588212
0.047884637
0.1813392
0.18423084
0.0059078539
0.00084896658
0.068008667
0.05748507
0.17974215
0.13026009
0.015656664
0.043669946
0.019542946
0.010326986
0.1814059
0.15675334
0.19585041
0.096777619
0.19028826
0.1650826
0.081967775
0.18479586
0.18208069
0.091557207
0.068455552
0.098473668
0.090121709
0.18282626
0.20154887
0.13844223
0.019117527
0.20346234
0.21506284
0.056416189
0.13063989
0.075396
0.0068045548
0.16123702
0.16629825
0.15725345
0.050988562
0.007589743
0.20091354
0.19037823
0.031572751
0.11034032
0.097905475
0.10761191
0.00081483795
0.021789179
0.20718318
0.16282501
0.17873505
0.016290269
0.1073614
0.11179275
0.18202801
0.081133178
0.15761313
0.068305682
0.12995969
0.20642878
0.15723311
0.17423036
0.0014957297
0.14203785
0.032414166
0.055861066
0.21541149
0.11295725
0.19281561
0.01241001
0.12628839
0.084218413
0.095390395
0.21534335
0.16789397
0.15266863
0.16503189
0.03841342
0.083293794
0.13767912
0.041680848
0.13757701
0.14513706
0.14990723
0.10325264
0.12881822
0.11955735
0.091198371
0.1459306
0.05436761
0.19102955
0.1668444
0.006132631
0.092342219
0.044472183
0.0059211133
0.097674246
0.10828383
0.1960852
0.19378942
0.010049542
0.12623819
0.20611072
0.0041573164
0.12207496
0.038864204
0.00069624788
0.16158901
0.016156784
0.16436373
0.032250792
0.13633564
0.00077682833
0.029504095
0.16131382
0.14684774
0.15867047
0.15436848
0.13568939
0.17000193
0.1296473
0.011281804
0.046764537
0.05493307
0.0011791955
0.11004695
0.077192899
0.1526041
0.13485589
0.011300039
0.044664141
0.096943914
0.18070597
0.089086909
0.11735056
0.010600317
0.009995721
0.12329212
0.16350285
0.13237088
0.21522043
0.091770861
0.19418725
0.043330739
0.026408948
0.096484942
0.1221129
0.13184656
0.21582699
0.098490476
0.14091942
0.075996635
0.061937325
0.067884701
0.033963465
0.21545679
0.048108506
0.053167663
0.023380284
0.0060777264
0.11126899
0.12617617
0.20206358
0.054748955
0.11305612
0.13193886
0.07612468
0.1331621
0.15107161
0.015162068
0.13320241
0.1992839
0.21503816
0.10857541
0.011122226
0.20379741
0.1337686
0.17300175
0.061299052
0.14763357
0.20226454
0.21520481
0.12715473
0.1466561
0.017399068
0.1775602
0.19820918
0.15914717
0.10250456
0.040400381
0.067171401
0.11213748
0.05453975
0.21566314
0.0016359771
0.016245591
0.13583179
0.21531023
0.013937981
0.083004531
0.018305751
0.1615305
0.077776372
0.17287811
0.15139581
0.00088508739
0.074277843
0.0013128611
0.032853012
0.067118167
0.094813273
0.19882324
0.07118657
0.18310904
0.030681005
0.015656699
0.13591655
0.12335252
0.0035524966
0.075326618
0.20665975
0.20720125
0.16239277
0.13551538
0.045106507
0.1165185
0.18107026
0.047107461
0.18034414
0.050201947
0.050015617
0.021610313
0.04004069
0.098822251
-0.0010532831
0.20664492
0.0062753578
0.15031461
0.20607357
0.11706314
0.0012551637
0.010017086
0.00090284813
0.0085222846
0.043053175
0.0053493098
0.014438672
0.010183431
0.11803654
0.098479321
0.13976968
0.098687981
0.11760661
0.039371974
0.014473026
0.00055847385
0.15346524
0.10843406
0.086419114
0.18433303
0.12050885
0.043399705
0.10097494
0.17916701
0.014994912
0.036000242
0.20426422
0.13631346
0.097990297
0.09161049
0.025923032
0.1394444
0.018451984
0.03270284
0.18440344
-0.00059602541
0.032740587
0.072998581
0.026782096
0.15709176
0.1304653
0.091598189
0.18028057
0.040619511
0.015887479
0.16284859
0.13318042
0.1038914
0.16559003
0.050205744
0.17367524
0.17405961
0.16853063
0.10708367
0.044552235
0.015962935
0.1512331
0.047648287
0.14735202
0.067434359
0.022865014
0.21528529
0.0081500441
0.054367525
0.093722749
0.10167381
0.11425391
0.079869667
0.16976239
0.064797574
0.1422531
0.044629252
0.05059982
0.019965011
0.20702548
0.0839956
0.20981859
0.015934408
0.14030696
0.060646558
0.00091863946
0.061254142
0.12650168
0.12076762
0.16989169
0.13055529
0.10143987
0.1700556
0.21560588
0.2157435
0.21542234
0.14145568
0.042454023
0.16175619
0.00076888743
0.055286529
0.13067887
0.067821203
0.10888292
0.049898388
0.098034973
0.14056057
0.17779773
0.07850914
0.082072187
0.078512461
0.17013984
0.14782294
0.1761252
0.055465384
0.17542084
0.1135194
0.20671634
0.17721441
0.10274492
0.022731234
0.21576636
0.0013873123
0.052866379
0.024035426
0.083242207
0.13455858
0.16051177
0.042870004
0.2140692
0.096600174
0.21513088
0.045622556
0.12217391
0.16031804
0.11633628
0.055254217
0.12835679
0.14228196
0.064198768
0.10090955
0.054942027
0.092837704
0.07705029
0.031808688
0.018151501
0.11559488
0.10672402
0.10859002
0.047182535
0.016345274
0.17817961
0.11871422
0.21566227
0.20378626
0.1350546
0.021967766
0.15234014
0.071243136
0.12951537
0.12451882
0.098173926
0.083381822
0.00068371537
0.14440102
0.15669973
0.033262723
0.03054191
0.067436947
0.10729952
0.17365593
0.035518282
0.0090424409
0.01936257
0.10314497
0.013265639
0.21534664
0.16710089
0.21553244
0.00057516941
0.16888377
0.10161798
0.21004339
0.10589243
0.10720076
0.17711494
0.13105328
0.078517598
0.18295366
0.16171707
0.1360011
0.092949718
0.10091736
0.049721546
0.0064651165
0.00097304093
0.089710967
0.17420917
0.19179325
0.16173911
0.094830751
0.19671045
0.19048164
0.0042770046
0.11717855
0.066286632
0.07925245
0.17101741
0.19547123
0.13212316
0.19801174
0.091720305
0.08571703
0.14508531
0.05305092
0.020369825
0.19830317
0.098178769
0.0662921
0.1225545
0.14224035
0.16292008
0.098557352
0.031941518
0.1142991
0.016248936
0.011780872
0.18451851
0.21521109
0.099896942
0.12296552
0.18492024
0.094071278
0.1015769
0.19701014
0.13410079
0.21573188
0.0014811515
0.17883958
0.070359679
0.010871694
0.14193235
0.0038292229
0.035194501
0.10937283
0.19930213
0.010027434
0.19555955
0.16091838
0.022828363
0.19204757
0.10029373
0.20847061
0.064488944
0.14390093
0.033844094
0.12297953
0.16431336
0.19062472
0.020781748
0.016099017
0.084079694
0.14157217
0.13372814
0.1691563
0.01906267
0.0011170942
0.08268414
0.11821068
0.19243729
0.0015081327
0.095979916
0.079415267
0.033353295
0.19260847
0.022950219
0.050163288
0.16273341
0.13992287
0.057017473
0.060691721
0.14247942
0.082866677
0.033249509
0.18585922
0.11202098
0.00098662921
0.01364668
0.0015082255
0.073818055
0.032129756
0.070576093
0.071072198
0.0038352643
0.071021878
0.12327345
0.039408226
0.17205501
0.066467675
0.036333596
0.042535951
0.14781464
0.1851976
0.0090028764
0.063740448
0.11368164
0.049057931
0.035265357
0.19099174
0.20193441
0.021750346
0.1548825
0.0014547397
0.20252077
0.21531431
0.067202662
0.084814216
0.20658571
0.066650189
0.047380612
0.066751884
0.027434654
0.10004713
0.18352701
0.0052383457
0.06887094
0.16302351
0.1954814
0.16265291
0.086441264
0.083062476
0.13278453
0.14815718
0.036826309
0.00086617693
0.18846122
0.019757396
0.1571841
0.21546383
0.14649971
0.17990579
0.052376832
0.058798427
0.04441176
0.068590442
0.050922121
0.018871357
0.043981537
0.21524543
0.032852141
0.059579341
0.016265017
0.11106285
0.19427133
0.11448029
0.039504636
0.045642648
0.19658737
0.0056429924
0.11950406
0.11469868
0.040579714
0.071545975
0.029709671
0.1230946
0.038863304
0.042960231
0.18772079
0.20301183
0.036579618
0.10159608
0.16435009
0.18045211
0.19882359
0.048438957
0.10721857
0.15832525
0.17171666
0.016386591
0.15494306
0.16551952
0.10616275
0.044410783
0.085080069
0.11121016
0.20020201
0.14851028
0.11233838
0.014267348
0.0060444041
0.023310687
0.019081977
0.040363876
0.18279372
0.1073393
0.0063893909
0.17157937
0.086978931
0.1031158
0.21489547
0.068691709
0.010950068
0.030686901
0.1212357
0.20795163
0.1688035
0.20499512
0.15178791
0.19482688
0.15472646
0.12582923
0.19957213
0.012078457
0.0084774614
0.097387217
0.16955301
0.12566666
0.13762631
0.2088248
0.21528121
0.10257193
0.18670222
0.097977394
0.16905252
0.055325566
0.19792181
0.082145089
0.095314059
0.031000666
0.015526329
0.025030133
0.21544769
0.045490193
0.05878835
0.12911978
0.082124469
0.021938706
0.11077479
0.1538319
0.17516641
0.19727329
0.16519995
0.051895613
0.15567122
0.031053482
0.013223464
0.084115397
0.098582885
0.17959902
0.0041862409
0.0046316352
0.19595191
0.05099502
0.15049508
0.050460931
0.064535337
0.17783362
0.082205753
0.11022491
0.044237021
0.10836577
0.028958447
0.066685137
0.13715627
0.090544872
0.080250095
0.21526426
0.011798022
0.089652527
0.17104605
0.19861825
0.0039161676
0.15931264
0.00093193026
0.18427862
0.09764207
0.15652165
0.13211946
0.13542078
0.064851749
0.19197605
0.070492117
0.21522086
0.069095199
0.16558469
0.12043524
0.12510433
0.094399227
0.21541006
0.20372435
0.001408463
0.033500322
0.1528494
0.083521228
0.19716388
0.18149761
0.0086569566
0.08369041
0.072663088
0.09999442
0.067093443
0.013132457
0.19264759
0.20361127
0.15470104
0.079077258
0.18597947
0.15749248
0.19843542
0.17117419
0.10117049
0.040170582
0.15651113
0.13112805
0.03870225
0.059971236
0.055417852
0.11795026
0.074113999
0.032111391
0.13941477
0.18119926
0.090049757
0.21542393
0.031499981
0.14805497
0.033568854
0.19907042
0.21512613
0.18450462
0.18383862
0.21531991
0.17159585
0.19096707
0.16279033
0.10910844
0.030999254
0.093401851
0.10448426
0.21307581
0.13774939
0.12634073
0.0013328352
0.0036570376
0.18454746
0.15757293
0.029931152
0.15716359
0.15583168
0.11869261
0.12708355
0.14492438
0.07581537
0.14116333
0.00083820862
0.054441054
0.081533679
0.11376961
0.1721824
0.19347132
0.14089723
0.10387693
0.0020930469
0.064488581
0.018839574
0.11057454
0.10398391
0.12908712
0.1685899
0.043879702
0.12410774
0.001057385
0.12162047
0.20854781
0.17292665
0.075964837
0.0098546544
0.05628564
0.031152182
0.12740231
0.060140377
0.064618127
0.1505535
0.020384213
0.17796462
0.097171479
0.069654349
0.10332827
0.083249652
0.019691902
0.15430902
0.12014898
0.11203003
0.13530919
0.03815647
0.20161544
0.15816411
0.13560273
0.11401964
0.19055524
0.05184918
0.029164745
0.014234387
0.016150518
0.1767223
0.066698955
0.18164008
0.10352664
0.12788945
0.010626049
0.12758333
0.16888551
0.19363441
0.14016406
0.02614011
0.0037963673
0.20649206
0.17084365
0.1869823
0.20687839
0.19059343
0.16578403
0.069434651
0.10610437
0.017035645
0.19343381
0.15959695
0.092216768
0.12148876
0.21508983
0.12043608
0.10650904
0.00036155631
0.18596131
0.10213346
0.010690551
0.14314875
0.1794196
0.11429035
0.10532725
0.059802521
0.1907615
0.0018281616
0.1455911
0.15418283
0.10480375
0.17296116
0.06265869
0.18688399
0.013215025
0.14853364
0.21548205
0.12160544
0.21490461
0.051871392
0.20255537
0.20442854
0.10308622
0.12768942
0.08564235
0.21549259
0.12685225
0.15428307
0.039402534
0.006306772
0.097677734
0.081575167
0.14108428
0.055367097
0.19258979
0.18771326
0.082435533
0.052549987
0.11944644
0.14564468
0.19968464
0.21563727
0.16600104
0.16704756
0.10110683
0.077044404
0.17845639
0.15250779
0.12564986
0.084543225
0.085298448
0.035113318
0.0060689586
0.13903502
0.13612494
0.19404775
0.12839032
0.07329619
0.090897651
0.098995668
0.21586949
0.10357762
0.12242425
0.0013931608
0.19258863
0.023534412
0.14917
0.19290256
0.13487998
0.15960216
0.1939497
0.073257864
0.12701968
0.21324058
0.091273178
0.10731261
0.090653667
0.14035872
0.055698286
0.050535519
0.1072965
0.16333236
0.1671022
0.17315627
0.0052025385
0.078748507
0.15772399
0.050645209
0.099044418
0.010242782
0.21542931
0.21552819
0.043168859
0.070852529
0.09853583
0.054401964
0.19024685
0.12762405
0.00088353018
0.13143059
0.038540879
0.078144414
0.13338107
0.10412503
0.094761114
0.069505527
0.17903164
0.077150966
0.097802851
0.11700125
-0.00084671157
0.032706487
0.15739677
0.19574818
0.10116135
0.10039889
0.21568836
0.18111813
0.0010035184
0.20782838
0.13740957
0.050001477
0.21564428
0.016767734
0.14306151
0.13106542
0.21562053
0.11831783
0.19690812
0.10905972
0.14793027
0.12021215
0.015829189
0.032469316
0.20887367
0.201727
0.077744835
0.0054670806
0.064448682
0.052037242
0.061860899
0.0040398486
0.19644167
0.064620928
0.14136165
0.17505307
0.14070934
0.071878526
0.048240528
0.096035691
0.01868322
0.20309399
0.0033773489
0.13437001
0.066711201
0.19580311
0.033896564
0.079526449
0.095995193
0.00096019775
0.06139146
0.10315444
0.046072887
0.18509217
0.13731648
0.19660672
0.090692536
0.043111045
0.018143921
0.048939381
0.20657505
0.041191738
0.21261483
0.014739326
0.052018126
0.11014434
0.082303102
0.18644447
0.20651217
0.024216091
0.00468658
0.098567712
0.17391931
0.04060883
0.13421781
0.10746004
-0.00037145814
0.1918542
0.14380274
0.022847027
0.11560202
0.093672114
0.0039150229
0.0009488619
0.19611222
0.21529676
0.16569557
0.10127648
0.1942814
0.13403516
0.054201804
0.15779381
0.044427725
0.0010298586
0.1608427
0.20412258
0.19972497
0.097070598
0.20639588
0.15811999
0.1003348
0.00087137672
0.072941855
0.11580647
0.034447374
0.090633418
0.10906243
0.15082793
0.060228042
0.12048559
0.21520402
0.054093726
0.019710987
0.19677805
0.20544137
0.023771144
0.1568268
0.071051839
0.021982425
0.17666473
0.039236995
0.20154856
0.13392915
0.20167646
0.028636209
0.19686656
0.2073161
0.0007357298
0.1834053
0.0012024633
0.16345424
0.065816763
0.024622674
0.051561085
0.13045509
0.060170163
0.19915154
0.18348441
0.0080332994
0.17835384
0.13496102
0.019943446
0.12570334
0.060067058
0.20205809
0.054383425
0.0021728568
0.11821001
0.13740417
0.066082179
0.21527647
0.023053175
0.20831182
0.21538049
0.090420863
0.018572354
0.014720365
0.013708268
0.029208867
0.034063047
0.018747341
0.067019658
0.11784568
0.0565149
0.11647841
0.15825469
0.047196458
0.11075968
0.16900717
0.040846809
0.16408642
0.11827542
0.061334722
0.0074742719
0.12237003
0.076382069
0.18442892
0.20617863
0.20049909
0.077689722
0.0040327896
0.1314898
0.0085364516
0.11701807
0.12030759
0.20810317
0.16783272
0.17404123
0.076122065
0.14952487
0.10097508
0.063817108
0.050287776
0.00059766786
0.082468422
0.1355242
0.038569803
0.19746484
0.10139686
0.18104956
0.18847061
0.096096067
0.080407931
0.053085654
0.20315173
0.021245283
0.13251176
0.17736224
0.20342082
0.02781958
0.020749205
0.05441524
0.0014770028
0.21273823
0.20767936
0.17149161
0.11868593
0.012294271
0.1776578
0.10571799
0.17204741
0.15961583
0.12809513
0.11163353
0.074304011
0.12069323
0.050688225
0.21535135
0.13256183
0.13068971
0.018830917
0.044344618
0.054585309
0.20153247
0.21536677
0.12425258
0.028216739
0.18190404
0.0010045326
0.1876214
0.18006283
0.18021158
0.17459441
0.035181066
0.049346168
0.16244806
0.13455302
0.021382647
0.079403637
0.060000606
0.20521683
0.0075370929
0.0080690055
0.19270442
0.013805323
0.20362119
0.0370305
0.19975715
0.21575288
0.14815716
0.053635239
0.10289756
0.011532737
0.16901967
0.030076786
0.16542633
0.00083737362
0.022905219
0.058553785
0.21578168
0.098501864
0.17396977
0.11145063
0.016702779
0.21539642
0.048959246
0.20767992
0.21521869
0.088619552
0.13639749
0.00075611759
0.15131426
0.11251683
0.12879619
0.12742569
0.14727476
0.0011604309
0.10426382
0.09536632
0.068185383
0.012505659
0.15485579
0.050222992
0.089671602
0.081483133
0.097497193
0.20605804
0.14806077
0.018949272
0.16118154
0.010879747
0.18418609
0.18753604
0.052220764
0.09960867
0.14425237
0.070739875
0.065158349
0.12781973
0.057615078
0.040682841
0.0005026169
0.17756824
0.21496378
0.16029735
0.16082475
0.07601956
0.19481767
0.13890716
0.064727961
0.12292108
0.11507831
0.08320191
0.096860263
0.13549402
0.039932904
0.12798013
0.038252848
0.081964145
0.06762543
0.20165741
0.19812754
0.050785178
0.15040505
0.067408622
0.086213418
0.076099229
0.16021492
0.1011415
0.00013353731
0.074456555
0.052921257
0.070989287
7.9803148e-06
0.1176764
0.039301214
0.19655579
0.16047752
0.016569151
0.089297273
0.21561703
0.082509308
0.077163284
0.20061188
0.021606152
0.099427382
0.16716024
0.13844991
0.20761799
0.15139942
0.10987001
0.21571623
0.17938888
0.028995832
0.17349676
0.16695719
0.0009360844
0.0014139776
0.074423099
0.12704938
0.030281825
0.066604132
0.20932493
0.060764113
0.071108587
0.19861496
0.21476833
0.10958525
0.053499091
0.19271258
0.053656707
0.093038193
0.10541263
0.01686172
0.13084576
0.00086496413
0.1881733
0.061390087
0.088389081
0.12374097
0.084664226
0.1323785
0.0063821916
0.14220755
0.13638593
0.18753477
0.064342207
0.10949877
0.047286024
0.21533258
0.082613078
0.0010201002
0.015466998
0.21526913
0.19732615
0.1016876
0.10410349
0.19056041
0.043447708
0.13634782
0.064644693
0.081038637
0.19080604
0.01423451
0.18225478
0.10236354
0.13461314
0.086921067
0.001417364
0.1086079
0.18661164
0.0059074712
0.10172647
0.031509314
0.1465833
0.20526566
0.023157567
0.078517711
0.18223217
0.13274177
0.18575968
0.13858546
0.00079351957
0.057164112
0.21548181
0.020803133
0.14605156
0.15810733
0.18563951
0.15689713
0.18840722
0.10138898
0.11366167
0.00090981962
0.10436543
0.08218795
0.12043305
0.0056116117
0.0010156187
0.021107298
0.0050137495
0.10092491
0.18083139
0.001385006
0.19667118
0.18487175
0.11186291
0.055680751
0.11093445
0.10128659
0.068532274
0.20715823
0.12060285
0.014351253
0.12290546
0.084456322
0.16622465
0.20171736
0.054949632
0.0010840373
0.20191534
0.15670237
0.21552199
0.12672693
0.17469848
0.1098517
0.16261993
0.19405135
0.00095847011
0.012343291
0.18759087
0.10193513
0.1039122
0.00068574701
0.19768031
0.13570585
0.00059632636
0.033993535
0.0075252484
0.054640519
0.026258568
0.056113062
0.0062250773
0.12003716
0.20486946
0.15820183
0.21528697
0.096378222
0.017822791
0.12695303
0.030432798
0.058070269
0.14897683
0.19943811
0.2048859
0.19132614
0.20697023
0.014459255
0.16952439
0.13183357
0.14059625
0.20751104
0.075902633
0.14284256
0.035154667
0.13751033
0.096888564
0.07039075
0.16220329
0.12981652
0.12620905
0.089069734
0.0059830069
0.060068305
0.1254316
0.11089549
0.18528494
0.01292973
0.18541286
0.20357931
0.068035371
0.010220029
0.023756921
0.061816077
0.064389386
0.18021322
0.17291339
0.14749164
0.024079288
0.15834464
0.008666783
0.010599453
0.18873804
0.07460651
0.19172098
0.16842243
0.042190124
0.00098316743
0.15574785
0.043643292
0.08885886
0.1861649
0.025035312
0.00088693666
-0.00055439205
0.21532494
0.11612845
0.11704568
0.0010294951
0.21544747
0.088501043
0.042796423
0.15397155
0.10836901
0.00098104759
0.12203655
0.21530462
0.0511622
0.19295421
0.099276418
0.12179361
0.12590127
0.072123106
-0.00092228088
0.147952
0.14099683
0.054163544
0.089696841
0.21524921
0.098821863
0.11578088
0.14039086
0.021826059
0.12591537
0.036271011
0.1458051
0.13489549
0.11032656
0.10647645
0.043707948
0.13964418
0.11032759
0.19442811
0.0295059
0.13823104
0.16097813
0.083541423
0.13675333
0.096068053
0.00089953824
0.20181954
0.095109817
0.18635606
0.11513253
0.071921923
0.013347717
0.04731216
0.10461895
0.11831891
0.081233057
0.084367524
0.19963231
0.028792667
0.20287955
0.20504335
0.21554422
0.032351354
0.0016208305
0.15932738
0.14564353
0.070762404
0.15533042
0.029814648
0.051809904
0.1906152
0.14818708
0.13520138
0.20800042
0.070480649
0.16090384
0.17504241
0.16173855
0.14476108
0.12597536
0.10502041
0.0046658572
0.14689413
0.14552819
0.051024037
0.15863858
0.21545547
0.16820005
0.17937513
0.067275998
0.07472137
0.1685623
0.15022395
0.10932642
0.033849841
0.17319869
0.067813781
0.21532858
0.017193244
0.0003457184
0.13694248
0.19336167
0.19274524
0.13427152
0.021518331
0.0094876561
0.078320408
0.2040585
0.098707544
0.097524379
0.00015012817
0.19757681
0.1572941
0.017394443
0.072511556
0.13377001
0.039152895
0.15034461
0.18164534
0.17911528
0.00072486106
0.21540482
0.17420914
0.13127027
0.15834138
0.04436329
0.11699385
0.058221112
0.1899696
0.029282321
0.074904429
0.20217207
0.021422096
0.16726571
0.00084854528
0.089530938
0.10476466
0.19207323
0.16892863
0.00075039516
0.14002665
0.07868229
0.054775606
0.13827701
0.21553446
0.16839782
0.00081794806
0.11541145
0.14045654
0.0015244424
0.16474435
0.14389222
0.16455454
0.044321648
0.0040180296
0.0047602456
0.13989723
0.060463345
0.079917179
0.1161105
0.096758231
0.044892469
0.0015398108
0.0510995
0.19751267
0.079615737
0.1708751
0.142186
0.1109265
0.028265647
0.093796365
0.11899725
0.13241927
0.14861998
0.16398433
0.0011314281
0.10835118
0.0010117984
0.097110455
0.13013569
0.0012077623
0.077779041
0.10043153
0.10777826
0.16303809
0.11318082
0.069520118
0.20199782
0.20903866
0.023170599
0.023305747
0.035788692
0.071050409
0.16643085
0.090069486
0.20490744
0.20615928
0.13878021
0.14922227
0.10664615
0.14524744
0.017736958
0.21544764
0.13282855
0.057466128
0.09273681
0.058253097
0.17080012
0.043761261
0.0018153591
0.0083532839
0.15415044
0.088433375
0.14942723
0.060127266
0.056807558
0.064632337
0.087295416
0.0014788414
0.12356182
0.16324221
0.046695785
0.001515849
0.088761515
0.048130794
0.056990742
0.0016045325
0.017555849
0.12305783
0.048801365
0.047357024
0.14306136
0.21526493
0.12368461
0.064750667
0.10064631
0.14737405
0.078202499
0.1644074
0.094904617
0.00084133768
0.15169847
0.095453158
0.1140701
0.0012622039
0.13723819
0.14498234
0.13115289
0.011117242
0.19326593
0.055531316
0.0012645365
0.0014942678
0.036769265
0.095897929
0.12323152
0.12182336
0.095100648
0.18677917
0.14477768
0.14338435
0.15301626
0.037536828
0.077745209
0.14470373
0.17725387
0.090380836
0.14932048
0.10975281
0.16126871
0.11544953
0.038491502
0.00056383039
0.20350412
0.040585647
0.11488331
0.074328236
0.17295192
0.086558044
0.16200711
0.17144094
0.0015059186
0.076147277
0.064691446
0.1329486
0.01040161
0.13193822
0.094030163
0.074528407
0.12143792
0.11825134
0.11586641
0.038668482
0.090236358
0.10360625
0.15058415
0.097197832
0.11762968
0.16910164
0.1480516
0.03412804
0.0082838004
0.10791999
0.066086012
0.075777204
0.064038114
0.13884398
0.10781449
0.12559919
0.036986325
0.19564218
0.085066612
0.21543963
0.19117222
0.114287
0.18839382
0.21555123
0.00097116168
0.16628381
0.20312629
0.094606815
0.15375584
0.093034233
0.10739079
0.00087283558
0.16061302
0.20811338
0.077879997
0.043007795
0.043188499
0.18848203
0.21497296
0.15701406
0.12698936
0.082141747
0.12220441
0.18694333
0.024719176
0.15462575
0.084120258
0.10731836
0.012195976
0.0012866238
0.14004844
0.18944489
0.064411162
0.21578799
0.10543676
0.090008776
0.2156337
0.13896738
0.21565865
0.073898046
0.003679217
0.027879396
0.10360064
0.090554069
0.1625322
0.10740501
0.11106564
0.029029013
0.13300786
0.14356364
0.1415323
0.06141132
0.18874888
0.16990035
0.15991599
0.13823799
0.17813732
0.10040627
0.07791898
0.042006477
0.13541507
0.087304405
0.15336203
0.12099571
0.1995495
0.084447221
0.18146207
0.052032428
0.027307229
0.18304337
0.127269
0.10338337
0.0050956636
0.17275538
0.14507387
0.18882005
0.140379
0.084951872
0.11750492
0.13443534
0.21548855
0.14261345
0.13909173
0.023119325
0.16114442
0.16659029
0.17662522
0.094256942
0.14382835
0.21514511
0.057101077
0.054470534
0.20634703
0.10793432
0.056734562
0.1531578
0.1712525
0.00091857638
0.01612602
0.20853175
0.058716591
0.003785842
0.1768117
0.17689687
0.14231952
0.12719233
0.14138292
0.19715473
0.024459965
0.19910834
0.11246373
0.090517528
0.0070659502
0.032484345
0.089343067
0.02681331
0.1862464
0.17018848
0.19653414
0.081939785
0.21531038
0.18547985
0.1327541
0.0068099869
0.21475987
0.19097512
0.012983451
0.17138239
0.20743007
0.00082310452
0.18828547
0.13643028
0.15439997
0.0078665452
0.15789411
0.16583309
0.17020629
0.13933884
0.20773658
0.00092716035
0.027445507
0.1473558
0.055028634
0.21381394
0.12939976
0.12763828
0.18121592
0.020820021
0.10732061
0.068445625
0.16830242
0.13397823
0.0015398228
0.0014451483
0.11441499
0.019721121
0.14396543
0.13357499
0.18572886
0.12401619
0.025179158
0.18846944
0.13774407
0.18500367
0.083775825
0.094164534
0.13146642
0.00091685768
0.17974449
0.16730233
0.20624296
0.1419295
0.013136801
0.0056194591
0.033106158
0.1812333
0.15592663
0.1484002
0.02776617
0.15378548
0.21559737
0.09462823
0.15577368
0.10506138
0.12479341
0.17395485
0.051404904
0.15590636
0.13415202
0.20801793
0.11255446
0.023549537
0.17704894
0.086364985
0.00085670807
0.093249
0.061728594
0.19823746
0.094010042
0.015085471
0.084476943
0.15175456
0.14515379
0.15345464
0.20664398
0.042750597
0.081895918
0.076491177
0.079813606
0.09015182
0.056040632
0.13356237
0.20762475
0.041419538
0.060919408
0.15038051
0.091686815
0.15574944
0.00088599669
0.051188727
0.0008382859
0.10282568
0.12056478
0.13252359
0.039034842
0.030448072
0.13484935
0.024115676
0.098518676
0.12740297
0.10432174
0.20802574
0.0066334388
0.066407687
0.044816082
0.18542344
0.0087235283
0.0033420025
0.18762885
0.18843157
0.05559873
0.10421245
0.006860276
0.21523075
0.21577101
0.01197144
0.19642387
0.082332222
0.027391627
0.064686346
0.0014218093
0.20634253
0.21539982
0.17974338
0.093047458
0.16717904
0.20015487
0.099142324
0.13941103
0.082446461
0.00073522065
0.12420089
0.10895069
0.15133481
0.0013887476
0.13608498
0.19241116
0.018839956
0.21508219
0.026956192
0.13111993
0.17393388
0.15211679
0.15068552
0.063660889
0.16039641
0.11791585
0.028545783
0.0014419562
0.16887491
0.14797832
0.13678199
0.15852397
0.095863537
0.063862439
0.044436082
0.012832673
0.077081026
0.0040613989
0.014026211
0.20512777
0.041718868
0.17684662
0.19324617
0.10147959
0.1531532
5.4579567e-05
0.045615818
0.015024528
0.0060006477
0.14391388
0.16559389
0.15485502
0.15851449
0.2004411
0.024114686
0.00091442463
0.070450466
0.14611886
0.1946344
0.098425909
0.14696368
0.14175421
0.095479452
0.10255989
0.21487612
0.085105004
0.17234154
0.15652972
0.19510865
0.12365487
0.12574242
0.12174798
0.085922379
0.12203987
0.15614657
0.12905881
0.14605304
0.0038913083
0.17799563
0.031225971
0.014301927
0.13506253
0.099340838
0.17598815
0.10715109
0.00083389656
0.20021466
0.17966022
0.091630278
0.16189309
0.17119647
0.00058235757
0.00091107158
0.00083973525
0.19679084
0.18845574
0.0092164758
0.0014030206
0.17885836
0.043374431
0.042926802
0.086110155
0.0094922762
0.0010615995
0.20855834
0.21542213
0.17546058
0.026219113
0.18420636
0.20691026
0.03696212
0.047887896
0.10567303
0.15897675
0.17438664
0.14321514
0.11156086
0.0082247814
0.046384261
0.029959865
0.089362293
0.14768427
0.0079588158
0.20700926
0.19384288
-0.0012335693
0.20280308
0.18188312
0.14135792
0.0013314478
0.14732147
0.02542181
0.18324009
0.045663658
0.11461057
0.13501207
0.21539637
0.037741125
0.084176221
0.0094526414
0.1492373
0.14568084
0.13538429
0.16203134
0.060387809
0.1592903
0.05444122
0.2156672
0.0014835555
0.18742073
0.10371827
0.021906019
0.02578234
0.17891498
0.097114789
0.2147177
0.11315091
0.035563409
0.056457419
0.19570729
0.024561989
0.071842131
0.19575265
0.20261777
0.091032556
-0.00027294859
0.11860997
0.060600431
0.1750208
0.13403278
0.19256832
0.18101757
0.0011444897
0.063696869
0.091801257
0.024364509
0.17153218
0.11128684
0.19398629
0.090836332
0.13315163
0.04879189
0.21541297
0.060671631
0.17431459
0.14802337
0.055098953
0.075596525
0.0030247524
0.081061939
0.14606994
0.18270985
0.057780082
0.13230785
0.00057948731
0.15339784
0.21521789
0.13989281
0.12222608
0.12949813
0.16233488
0.015742095
0.10883027
0.057164542
0.16690211
0.2080878
0.146787
0.17828203
0.15649961
0.012379317
0.19399863
0.069427702
0.19461964
0.090815824
0.13210527
0.076276248
0.053785811
0.20814186
0.00069576201
0.00067400482
0.18350289
0.1234871
0.14313622
0.20359109
0.062207429
0.17584861
0.087978902
0.00090034326
0.050406232
0.084171203
0.022600436
0.064822274
0.21573254
0.050067104
0.14598717
0.082610829
0.026112566
0.089275234
0.12179476
0.00087559897
0.2148675
0.21537861
0.072008421
0.21516092
0.21530692
0.077706808
0.16914254
0.16573112
0.0047830892
0.14354518
-0.00012642761
0.13299997
0.21557822
0.052642376
0.19721253
0.021798493
0.10096223
0.13718049
0.10529502
0.16849311
0.215611
0.05088966
0.17159361
0.17958889
0.021347632
0.16057066
0.083635882
0.18986174
0.17639342
0.19485609
0.090380843
0.20727692
0.120352
0.2031354
0.00083289077
0.16709993
0.18633645
0.039824851
0.21554088
0.028852366
0.048521143
0.16503594
0.21303394
0.11304277
0.063916531
0.11470483
0.18662226
0.070427208
0.11178305
0.16067502
0.0097217209
0.0060173448
0.013275891
0.00096999069
0.13204627
0.1524788
0.14046868
0.13486726
0.2156827
0.070809423
0.016617762
0.13435158
0.1465929
0.17343087
0.098660618
0.20352315
0.21528734
0.089188925
0.21538097
0.027480575
0.078025258
0.19896936
0.023811457
0.037591052
0.027608483
0.0084994337
0.18711998
0.10702683
0.045395274
0.10883572
0.21564057
0.16052599
0.09460579
0.0010785449
0.061008115
0.084307721
0.0015271819
0.06185956
0.21540157
0.0082083329
0.019232742
0.050311295
0.004054208
0.17370744
0.19990684
0.098322711
0.079389597
0.15744423
0.07674837
0.072957754
0.12853785
0.053512139
0.075259454
0.00063026159
0.030413229
0.050584808
0.00086708977
0.19310544
0.00085147282
0.15016823
0.1090159
0.21568688
0.07820017
0.0010225413
0.095781473
0.2154549
0.15285915
0.015649483
0.0010813688
0.11594161
0.053667627
0.07055691
0.21541482
0.033730528
0.18164648
0.18828455
0.18915872
0.11754101
0.10594462
0.053186565
0.034970239
0.21541257
0.21533012
0.10739277
0.015314593
0.095839596
0.20709303
0.13463012
0.17373188
0.03249887
0.19004135
0.21545268
0.20939181
0.10929094
0.049512246
0.015184315
0.04257702
0.11993959
0.16446055
0.14825075
0.17424284
0.14189881
0.15889692
0.00088545621
0.17586891
0.067067456
0.043707354
0.19969368
0.19472496
-0.00083422286
0.060818124
0.17291319
0.0066488527
0.032846733
0.11132948
0.0015511996
0.15160507
0.14643616
0.15990217
0.088111748
0.13417542
0.063393928
0.15686413
0.036142399
0.01566389
0.031860091
0.17853109
0.099270579
0.11964685
0.21543681
0.059483347
0.0010579783
0.076734655
0.0063846819
0.069095642
0.20300258
0.077696941
0.11807674
0.1150938
0.0898359
0.040503794
0.19884743
0.13122087
0.21556254
0.15799923
0.038377757
0.0012656324
0.04989256
0.038420987
0.13754078
0.17477538
0.04293846
0.068992671
0.14320144
0.21520632
0.0097807551
0.073038927
0.17089062
0.18780832
0.19995936
0.042740774
0.094235663
0.023243416
0.1941335
0.083227163
0.04812214
0.19402608
0.21496515
0.16193541
0.0011459857
0.12851111
0.058810554
0.030814439
0.09176043
0.13834508
0.15217188
0.16915203
0.1440832
0.13283991
0.0013837076
0.0056309076
0.11553177
0.11934184
0.18513756
0.052392639
0.095946673
0.0010397074
0.21580743
0.1285197
0.0050889022
0.022108178
0.00097349252
0.14365421
0.146287
0.051568377
0.17247365
0.21560338
0.15041846
0.20159096
0.18564713
0.069397215
0.18666518
0.10901096
0.21479352
0.00093034535
0.11714127
0.040941092
0.0014948881
0.012279263
0.01210706
0.20931672
0.06479231
0.086486451
0.092676734
0.21195267
0.022079964
0.13616929
0.013889675
0.21542781
0.11146684
0.10177966
0.12988914
0.10265256
0.00097764309
0.082236183
0.18509989
0.18480098
0.080174191
0.12844277
0.1880838
0.13388265
0.18323083
0.21549419
0.11320805
0.071609109
0.17544916
0.025792192
0.21531692
0.18099671
0.2154176
0.15166907
0.08508951
0.15359558
0.12414457
0.0019976136
0.10699438
0.19277295
0.050946904
0.13896894
0.13453208
0.16927979
0.19052322
0.17069967
0.12143482
0.18664424
0.20825954
0.1471705
0.13231248
0.0014593961
0.19078107
0.21538501
0.2059031
0.10787884
0.0076425188
0.13574024
0.15972129
0.1899692
0.1612474
0.057602574
0.1883743
0.13451288
0.13472574
0.19206264
0.11921911
0.097338404
0.18097517
0.098965955
0.19598933
0.1184652
0.13665838
0.001324225
0.062008764
0.11800377
0.10474031
0.048242199
0.1943508
0.14474334
0.1835354
0.19386129
0.19382033
0.11726836
0.036072968
0.17597478
0.14565491
0.014255964
0.14892221
0.2152081
0.2093998
0.21540353
0.10501902
0.20245664
0.056738086
0.070688082
0.044927931
0.10447904
0.13541508
0.00037998783
0.10152981
0.0797885
0.04435599
0.18540063
0.21500137
0.12498792
0.14821049
0.17016526
0.21528946
0.00045263898
0.037544518
0.060010257
0.090973431
0.13906929
0.20885622
0.15335435
0.20782341
0.17567493
0.083334445
0.13536583
0.038464285
0.11467209
0.00088563906
0.13203805
0.16733601
0.14019982
0.21582802
0.19654344
0.092454066
0.11223971
0.1419857
0.089362578
0.12648482
0.032847555
0.12150876
0.21547091
0.2141919
0.2072553
0.17037789
0.15650011
0.111455
0.11426384
0.12771584
0.14856638
0.15194745
0.066842188
0.081113942
0.062546103
0.00059701388
0.13071328
0.18569602
0.07986816
0.00091760121
0.13163568
0.17608668
0.11205099
0.096170506
0.21536994
0.043754522
0.042313871
0.045189473
0.02215918
0.16677313
0.078571811
0.13200062
0.14351226
0.10156405
0.14553138
0.040226023
0.090636997
0.20208429
0.20072633
0.15034234
0.14760352
0.11119499
0.15301963
0.20724674
0.14812311
0.20119422
0.1121589
0.1016704
0.16747134
0.17260595
0.17912379
0.15583415
0.053234998
0.14672062
0.097508321
0.21493044
0.071182829
0.012029463
0.21556724
0.17374306
0.018232016
0.033727806
0.20260579
0.21511998
0.21502704
0.01230043
0.19036301
0.0010361538
0.0090234888
0.082226071
0.015328546
0.013945385
0.0001699501
0.21586325
0.17823498
0.18971787
0.024157435
0.20530462
0.18956466
0.12275761
0.10927092
0.12554632
0.12573388
0.1703191
0.10464193
0.18567557
0.083631275
0.058042841
0.16293199
0.092090835
0.14471121
0.14517712
0.1742802
0.058045982
0.030266054
-0.00074119349
0.09194615
0.20911699
0.16535147
0.20842843
0.00084470953
0.00070260833
0.2014585
0.16259176
0.00082728621
0.1478737
-3.3473963e-05
0.11195857
0.021103369
0.19490053
0.0016439268
0.1179817
0.017346009
0.12558877
0.21547267
0.044293696
0.12543736
0.05137599
0.067619021
0.026442621
0.12386404
0.14222692
0.14007389
0.16994298
0.093364789
0.12718066
0.080896424
0.13671434
0.027130069
0.0014355299
0.12445447
0.11448913
0.10870512
0.19355099
0.0021688767
0.0012048813
0.063069501
0.12736284
0.045953639
0.11293803
0.039772579
0.19327144
0.12162801
0.13897639
0.098506689
0.12645444
0.1152065
0.062706896
0.19348828
0.059971469
0.20157471
0.00093606414
0.15886127
0.070093795
0.19844377
0.0011153254
0.034303816
-0.00064044847
0.0059755705
0.14767672
0.12655039
0.13099861
0.098606714
0.067809981
0.00080622144
0.21216463
0.18186929
0.1415075
0.10977866
0.093401447
0.00043127472
0.090783551
0.058254586
0.19392872
0.21573578
0.12608604
0.0092815542
0.0011873465
0.0014546121
0.17415163
0.02300487
0.15780968
0.094419229
0.19633564
0.083170737
0.20760528
0.14100323
0.17056224
0.11576775
0.033793446
0.16548709
0.083810778
0.076529414
0.10108754
0.0015201328
0.089384519
0.16333124
0.00084482243
0.10956563
0.21545819
0.064817395
0.19245934
0.15842842
0.17855795
0.19004239
0.056526826
0.011732417
0.072416185
0.083537382
0.17547123
0.11560578
0.12909807
0.16635662
0.0015641231
0.16225499
0.11044481
0.10083838
0.1050297
0.097983114
0.064309877
0.14966197
0.055392012
0.073913494
0.14983351
0.043882103
0.11647199
0.17298601
0.096128807
0.0015475673
0.11407653
0.16560652
-3.60375e-06
0.21587056
0.059146922
0.030225348
0.023826271
0.098726913
0.10819575
0.0084219128
0.105731
0.1500307
0.10831282
0.21581339
0.09604017
0.039226999
0.035102549
0.11898341
0.0076272731
0.21567464
0.20449651
0.020400424
0.052887498
0.0010754004
0.18569436
0.031352457
0.16443465
0.076504015
0.060924763
0.15886695
0.014972105
0.15177279
0.080962421
0.19405267
0.069514143
0.21158598
0.12152135
0.18363077
0.055990067
0.20784277
0.018286715
0.17183242
0.11113412
0.17385169
0.18076845
0.1564404
0.15165736
0.11777416
0.19726419
0.19594867
0.11937225
0.13196122
0.21519768
0.0026010152
0.17375005
0.12941426
0.068172401
0.03736403
0.16334431
0.073775339
0.08437945
0.10259387
0.16220408
0.15424374
0.055173957
0.035151232
0.0160464
0.0082744867
0.1918336
0.0012688856
0.047812576
0.20146291
0.051651048
0.18131546
0.1634626
0.12034069
0.20605511
0.13063595
0.18475209
0.21537681
0.21535925
0.07259615
0.21561889
0.17208625
0.059733887
0.10479137
0.18069894
0.16844689
0.21522348
0.16946306
0.12258282
0.12665168
0.19628596
0.070322854
0.13139186
0.042912922
0.00083228387
0.18501623
0.13920197
0.09345938
0.20160286
0.14995963
0.034499502
0.19086563
0.18225487
0.21525056
0.022216769
0.053910735
0.14168849
0.19554037
0.00061099425
0.21498881
0.090829756
0.067430799
0.16671442
0.17426084
0.082525713
0.069952074
0.094017801
0.12602601
0.0044708925
0.064599813
0.1834769
0.15043084
0.087494126
0.21588289
0.10837668
0.20728548
0.12408878
0.19343319
0.053705823
0.090373952
0.1862469
0.030151171
0.13862123
0.21276725
0.020018353
0.00072308777
0.2070457
0.12514572
0.15655433
0.14953247
0.078222017
0.19267098
0.10487386
0.094833494
0.0015590351
0.20535027
0.093052455
0.21539553
0.13417318
0.0048175723
0.065906171
0.11466877
0.036617445
0.16858324
0.15453163
0.1459271
0.20777853
0.17383494
0.089717429
0.0032106789
0.18594461
0.052475929
0.14435105
0.16577124
0.099778144
0.18366508
0.044833395
0.00091521147
0.10398015
0.09595789
0.080569509
0.12797082
0.19270084
0.00025647654
0.020697529
0.00090307201
0.10210818
0.13870828
0.0023349877
0.0074374468
0.19059786
0.11549368
0.07248645
0.092044471
0.053404308
0.0012500728
0.070531328
0.18123685
0.13815867
0.21508993
0.0032316174
0.12867639
0.07971061
0.02689182
0.10849746
0.079856231
0.13619191
0.0010297805
0.19545756
0.18222367
0.15080447
0.17849664
0.11866209
0.1763239
0.13205409
0.21541105
0.15825682
0.15899102
0.1536814
0.03916928
0.00632926
0.14793774
0.15725068
0.11896752
0.089607367
0.16584402
0.0760831
0.16186955
0.19962542
0.16875989
0.066705939
0.067545543
0.065514797
0.00080381124
0.16096014
0.052048726
0.056248051
0.20830037
0.068846535
0.18829647
0.025935504
0.12282318
0.094004107
0.023939227
0.00079652363
0.044966611
0.10509429
0.0054099992
0.087469156
0.10006135
0.030972354
0.095501099
0.19654755
0.074626272
0.21545292
0.11454076
0.040121862
0.01413039
0.12964981
0.032956058
0.19172586
0.1584749
0.045201441
0.10858241
0.1900183
0.16863827
0.21569854
0.16249962
0.193718
0.00031338047
0.20342327
0.17739273
0.11074927
0.015799687
0.15899614
0.16833128
0.0011211592
0.18902192
0.043379393
0.082216683
0.0050761784
0.062703461
0.10875109
0.11244193
0.1003091
0.19387046
0.19130743
0.076429788
0.18373207
0.19117721
0.19656964
0.13539626
-2.5451567e-05
0.15326418
0.1585701
0.1249741
0.16532547
0.16674422
0.092911911
0.032450298
0.0097344582
0.044347923
0.11843009
0.12378825
0.097177742
0.21574778
0.079388361
0.10910212
0.064692745
0.18821562
0.00093664336
0.20611539
0.073258654
0.075750787
-0.0007823527
0.15663428
0.045192491
0.16773393
0.13526061
0.1247751
0.063705747
0.2146516
0.011200351
0.04852577
0.068633519
0.084135603
0.1621017
0.1320391
0.0041262536
0.17088539
0.14105468
0.16968128
0.21190096
0.061933882
0.064455308
0.040971825
0.00037918467
0.18662278
0.0010050022
0.085473355
0.15031657
0.00092759877
0.14156935
0.042712412
0.02420983
0.093846486
0.020614465
0.20822886
0.03707271
0.17235425
0.034459176
0.098212945
0.11688317
0.09080243
0.013305334
0.12597895
0.14678735
0.21531703
0.0080386131
0.19670113
0.1408781
0.2154081
0.024357364
0.10830177
0.047645938
0.099146989
0.076573806
0.091722078
0.12129238
0.18115423
0.18508595
0.051922947
0.050799649
0.12409928
0.15660265
0.17462849
0.001372577
0.13043626
0.048683024
0.07851171
0.01967907
0.14837962
0.049794239
0.19254141
0.029165943
0.13671925
0.13797662
0.049839473
0.14834606
0.20534623
0.18452483
0.018998695
0.0012925408
0.20068493
0.075964764
0.1240088
0.20407544
0.19882419
0.1053941
0.13772929
0.16409777
0.10416353
0.10332127
0.13377344
0.10736997
0.044565167
0.21517837
0.071702299
0.09384914
0.19336717
0.051422735
0.069570332
0.15156371
0.18426436
0.056601804
0.15723421
0.17006258
0.0012922091
0.19973629
0.12823698
0.1479264
5.9386359e-05
0.1887665
0.21597736
0.18554463
0.085423009
0.13452329
0.15973201
0.10000762
0.18861012
0.018751201
0.17474716
0.028593959
0.0064551247
0.17468276
0.19904871
0.0095853231
0.17537346
0.089885162
0.050002958
0.21516195
0.024568504
0.044471479
0.0063495614
0.0036894501
0.12347886
0.0053302341
0.15224351
0.21579967
0.19034846
0.13837158
0.17422347
0.15647014
0.055328033
0.025917568
0.042871196
0.019146425
0.089355751
0.016694306
0.044128869
0.19469733
0.081214123
0.16583222
0.010279342
0.033493191
0.10827957
0.054713772
0.071998671
0.08574855
0.082190376
0.17174323
0.17824982
0.13824653
0.15127372
0.029985808
0.21576763
0.17284985
0.014744443
0.15601303
0.083160419
0.2154977
0.096765116
0.029807811
0.15754143
0.0016097396
0.19682329
0.20356524
0.1839873
0.003786505
0.10066308
0.0011138688
0.022077306
0.19347933
0.1052611
0.022374731
0.015487642
0.17954337
0.04579584
0.11027031
0.061471555
0.0010608208
0.099521527
0.20531272
0.067699803
0.16050673
0.00089169344
0.14537853
0.1640761
0.0014161724
0.10349786
0.019572629
0.13127627
0.12276456
0.0035565896
0.13684951
0.073297934
0.12290562
0.031934818
0.075379035
0.1664682
0.023346181
0.11475316
0.047835899
0.21540244
0.16758162
0.15222411
0.19952552
0.080582045
0.010310545
0.15014064
0.21561626
0.020509615
0.13748986
0.20652318
0.21557708
0.21574551
0.20824991
0.19450971
0.19915637
0.12127931
0.15473707
0.18978427
0.010730389
0.1737207
0.12905063
0.087981235
0.10747164
0.0033044588
0.0026870199
0.11821188
0.088067973
0.12020225
0.19275242
0.20505122
0.13304795
0.15234504
0.11777537
0.10441106
0.16476589
0.13905198
0.010720762
0.00064290323
0.19880244
0.054233268
0.1125596
0.13558955
0.1339806
0.00070551044
0.01794037
0.11630173
0.13314134
0.21526401
0.16035126
0.21551331
0.11437319
0.19283224
0.044673434
0.14684907
0.12230591
0.068363103
0.20612642
0.16003449
0.21294711
0.19908264
0.14806653
0.017049404
0.1747043
0.21554872
0.00096524646
0.16127905
0.015210949
0.17634752
0.042725326
0.050023272
0.21536201
0.038471215
0.0015015129
0.00066239396
0.20974447
0.21295193
0.2007247
0.11281684
0.026215652
0.18205957
0.18724262
0.054164827
0.13427459
0.21531972
0.13223998
0.075466102
0.0065826135
0.075268011
0.044943331
0.092993802
0.19784954
0.16313408
0.1511302
0.21557693
0.19513101
0.073576427
0.067791728
0.032248201
0.10285412
0.021811526
0.20103477
0.19244709
0.18098164
0.076903821
0.074026824
0.18107437
0.0015796747
0.19158128
0.20459672
0.21567799
0.21546186
0.10226129
0.20634753
0.12292395
0.11604346
0.0010464069
0.076113353
0.1479797
0.18868455
0.0014215949
0.086678192
0.17704678
0.088759206
0.00094930652
0.0014121318
0.065372306
0.18915917
0.03258944
0.0015045879
0.18382106
0.11076136
0.0011677419
0.13781178
0.043484755
0.13839065
0.007986232
0.052241765
0.1179839
0.17267222
0.14180257
0.20078148
0.20571511
0.082991388
0.022418464
0.011736229
0.07817308
0.091414595
0.16637105
0.0016044421
0.21528966
0.055998818
0.17640304
0.11442864
0.21561736
0.13318365
0.10128431
0.15850582
0.15280706
0.12260274
0.12373781
0.048997999
0.15033786
0.14613458
0.1474073
0.0049901161
0.19030863
0.15927964
0.21559993
0.19790814
0.098118555
0.0048603765
0.00053623959
0.017862186
0.21426033
0.061135781
0.054422853
-0.00053765552
0.18685254
0.14956449
0.02082974
0.14648167
0.16599358
0.066502575
0.2153008
0.09088026
0.027829533
0.0095726709
0.21530955
0.036993914
0.17075995
0.062333798
0.0012790182
0.15830173
0.13329789
0.0490658
0.15867539
0.12563581
0.16572249
0.14495048
0.21531378
0.15899266
0.16852707
0.15517577
0.00065569961
0.063613696
0.21574053
0.19655519
0.1367466
0.19583245
0.14712981
0.0011692477
0.085433458
0.19283143
0.0581522
0.19373173
0.2090959
0.038579744
0.1608267
0.12098157
0.14627725
0.13381893
0.21521613
0.15786261
0.00082899677
0.024202896
0.21533617
0.071319555
0.18233565
0.2056677
0.17493817
0.19097447
0.12034211
0.06242435
0.059418867
0.022132471
0.094529807
0.13845744
0.13768372
0.0035296531
0.16063177
0.2093837
0.20832768
0.20584387
0.19700679
0.022614759
0.19972106
0.10213342
0.18293456
0.16812991
0.18045657
0.026809207
0.12780619
0.20144915
0.17011845
0.14466528
0.0087748111
0.14603504
0.011839623
0.14780886
-0.00066298745
0.011325396
0.14358963
0.13402601
0.099651551
0.089695722
0.18680848
0.11889776
0.1611654
0.083704633
0.068458992
0.19831876
0.00038748425
0.14726308
0.21539913
0.039296656
0.16063943
0.19199043
0.15847993
0.085519928
0.15803054
0.093947295
0.084543602
0.083980513
0.022917241
0.15389176
0.2031642
0.10549988
0.10541317
0.12442248
0.15528385
0.14571046
0.0013099562
0.084644282
0.043871772
0.039422848
0.17712072
0.20883825
0.081935264
0.17293655
0.18399615
0.17938733
0.10402725
0.086982936
0.17830784
0.12706687
0.091335331
0.14450114
0.14023975
0.15681298
0.15234295
0.00013564086
0.17166597
0.08423439
0.15607825
0.21526924
0.013278337
0.12125007
0.215564
0.19876404
0.21545168
0.16217242
0.0013891
0.17862985
0.15800777
0.14009211
0.099947051
0.11417829
0.20469956
0.18712261
0.10073122
0.16253092
0.2154236
0.14930595
0.10111768
0.099753298
0.12356714
0.15964697
0.072339952
0.095913429
0.21551473
0.17299682
0.083900951
0.01238385
0.12560673
0.11729139
0.20838793
0.15065146
0.099735219
0.091272475
0.16158159
0.21318311
0.19875685
0.20433838
0.0012059553
0.079747537
0.21010362
0.040310059
0.17757313
0.01368457
0.00092834992
0.13426124
0.1595954
0.014734229
0.18323539
0.11969446
0.07429214
0.20698018
0.21560592
0.14193418
0.14884911
0.11055543
0.11912602
0.20058216
0.0026580314
0.052199383
0.18140837
0.20492813
0.082309857
0.086089745
0.19144877
0.18433934
0.014665817
0.12895128
0.09039844
-0.00040524414
0.0014592832
0.058289677
0.12772756
0.20665245
0.04767644
0.20728077
0.001303484
0.2128794
0.014811901
0.10877
0.1330565
0.21475325
0.090754957
0.13191722
0.10636667
0.00079256273
0.19666026
0.071652231
0.15711195
0.12107006
0.13600924
0.063915226
0.11840293
0.03222395
0.11126486
0.00098523988
0.00088573844
0.058390091
0.20869777
0.021047303
0.022740816
0.2044543
0.16921564
0.20259244
0.20870936
0.074069476
0.016055531
0.20917853
-0.00024193241
0.01702365
0.11173971
0.12228351
0.077527683
0.11998446
0.15309206
0.16951591
0.13275126
0.17587058
0.046812036
0.085771838
0.16755719
0.14149981
0.18156453
0.087038401
0.027534915
0.0062604435
0.16193606
0.033095947
0.091200277
0.12954318
0.15589535
0.21490893
0.20793726
0.11891997
0.12481833
0.15537307
0.084364516
0.15334883
0.13762767
0.21512324
0.059225769
0.076671457
0.17005561
0.108278
0.21533445
0.14704964
0.069296449
0.11452863
0.14176646
0.14639928
0.20728065
0.089986741
0.12124937
0.14734714
0.12601909
0.031772029
0.17455306
0.0034684824
0.022364493
0.11179278
-0.00022787082
0.14901894
0.0026028425
0.076478088
0.12942016
0.18092958
0.0228531
0.14669408
0.092807371
0.0015127158
0.1789201
0.21281093
0.011001672
0.10373141
0.00068612515
0.0089754736
0.14699358
0.12273962
0.21529698
0.07146132
0.094968958
0.060288681
0.20376914
0.085313191
0.019013252
0.0077098202
0.044727368
0.041773729
0.17563754
0.17536883
0.040550818
0.19490147
0.18154211
0.13368504
0.089441255
0.097607302
0.15914843
0.19907147
0.21539359
0.028038441
0.077712849
0.14395142
0.18278134
0.00087276101
0.090199658
0.039420083
0.054343353
0.21547932
0.0571992
0.030487467
0.18201593
0.023906684
0.18104654
0.12523032
0.13633785
0.18163881
0.11897879
0.039226478
0.066642765
0.12114929
0.062372213
0.010447818
0.20680959
0.00096937751
0.046137168
0.2152375
0.13210441
0.19674498
0.11290655
0.004757442
0.13744083
0.19200204
0.00096748068
0.20734223
0.19202288
0.1844973
0.11455834
0.02690102
0.080531772
0.15899866
0.15457956
0.068414167
0.16011608
0.17952363
0.21581191
0.0015143494
0.11064182
0.055354784
0.053797016
0.1624742
0.1697929
0.010087711
0.00086551398
0.15544079
0.16230635
0.14912962
0.042915219
0.17605013
0.076320763
0.05976999
0.057129429
0.090461107
0.0011812581
0.19652639
0.03451214
0.010592071
0.2152955
0.13023271
0.12498195
0.081487253
0.15625787
0.053325363
0.20877322
0.0010238053
0.190807
0.19011294
0.12564197
0.0081364616
0.079547582
0.21531745
0.010638787
0.21510586
0.044271456
0.11161534
0.0013930693
0.023102737
0.089366241
0.11653692
0.17881108
0.12126759
0.082906657
0.087498946
0.062586623
0.11571447
0.21538007
0.0011747872
0.21528394
0.19808744
0.091530742
0.054037192
0.19425218
0.19738616
0.20904708
0.0046048501
0.18364629
0.14540064
0.13412357
0.18690465
0.014964817
0.00418763
0.067187297
0.0010963477
0.018842702
0.038994556
0.14929778
0.039911885
0.096957814
0.19250321
0.03900635
0.081187357
0.21584086
0.20856622
0.20673574
0.0061717826
0.066931041
0.057373466
0.093340146
0.17801895
0.06647089
0.16511949
0.15350946
0.059237943
0.10638838
0.19712595
0.097242455
0.038764847
0.20628603
0.19506319
0.1506451
0.00099301265
0.10496637
0.11812983
0.15984958
0.044734472
0.17564035
0.18106877
0.11822963
0.14485364
0.085542919
0.20929925
0.054758608
0.10585522
0.21522534
0.043531882
0.096507569
0.19159249
0.17815405
0.18991537
0.16277644
0.10895394
0.078573912
0.17898364
0.0016094848
0.17013501
0.049571436
0.066402779
0.14918951
0.16643892
0.074062737
0.18402284
0.19409662
0.0434692
0.017913852
0.17502914
0.15660637
0.126273
0.018116957
0.2152759
0.055514403
-0.00023470546
0.16959513
0.13472453
0.056691411
0.18377407
0.00080176524
0.085184197
0.00075209388
0.20154047
0.11360738
0.17413955
0.080295668
0.18275974
0.109761
0.018195376
0.075198015
0.21532875
0.15147437
0.068018216
0.16059873
0.017381724
0.16824508
0.18365779
0.0095825743
0.10699203
0.16975524
0.11082253
0.00096374594
0.075360866
0.03612354
0.18504108
0.01628962
0.097348239
0.21543334
0.058182434
0.16575514
0.0097281873
0.18716155
0.00023552927
0.13206601
0.18908837
0.12432603
0.19779892
0.0014338824
0.0018710203
0.11194574
0.060504108
0.10476046
0.15707641
0.0021697063
0.00090345146
0.051106429
0.13541714
0.0007048303
0.15329691
0.042622076
0.0010577326
0.11291795
0.00057032055
0.08453675
0.15826288
0.17324854
0.18544429
0.066559121
0.18628428
0.13413533
0.01743297
0.030357375
0.04018399
0.15372303
0.035536891
0.21560545
0.15688587
0.172175
0.01449858
0.00094575767
0.12252051
0.15039364
0.11037499
0.15772202
0.041964439
0.12375325
0.15296158
0.068532391
0.016863298
0.20209678
0.016239818
0.044526866
0.1947736
0.15878496
0.1448738
0.2153166
0.092716319
0.077455826
0.091910686
0.19010015
0.0011337713
0.057227733
0.14411193
0.016990314
0.11212799
0.18996408
0.19882541
0.02951863
0.12431915
0.17613678
0.018351927
0.14838684
0.019666437
0.14139028
0.0013547479
0.21498938
0.18263915
0.16979277
0.070473859
0.10818199
0.010330939
0.17985188
0.19201429
0.19315718
0.076565907
0.21534245
0.13866619
0.081752168
0.21541165
0.0014476519
0.076295485
0.18482605
0.21553974
0.10314367
0.036369344
0.21611605
0.07783694
0.21573126
0.11198493
0.200342
0.21598612
0.049837001
0.12127923
0.0055527615
0.19691134
0.17169452
0.0014818563
0.099420822
0.098377341
0.038708028
0.032336214
0.1697612
0.055404263
0.017910432
0.19430125
0.13478227
0.14845923
0.051296665
0.067024524
0.21571452
0.21338946
0.21525124
0.15520912
0.1738127
0.13604944
0.19363008
0.01828148
0.21535258
0.093085001
0.17827062
0.15686167
0.089244887
0.039732656
0.034938023
0.00078849329
0.20123925
0.19438505
0.06792445
0.084084321
0.059226014
0.17577643
0.21575147
0.00017126087
0.18329352
0.15652776
0.098456407
0.090995274
0.00082988834
0.12990589
0.18407605
0.07387098
0.082839575
0.094441007
0.089701775
0.013987602
0.21559845
0.1839025
0.044973827
0.15428872
0.21537775
0.08505103
0.00099344083
0.21524301
0.12127848
0.018220578
0.0012912828
0.20878307
0.0010090031
0.21548854
0.075261321
0.10685681
0.19430974
0.18717822
0.00080973769
0.14358173
0.0043826672
0.10196461
0.045251836
0.09131629
0.085001805
0.064727565
0.20291849
0.13071234
0.0010028818
0.18764861
0.1870267
0.044390108
0.21508857
0.21533445
0.057867481
0.11775968
0.14258915
0.21528488
0.00098535489
0.051890875
0.029705024
0.052033851
0.048734289
0.20360848
0.10013709
0.14192259
0.042054559
0.21580829
0.0040692885
0.17598104
0.1339546
0.011887437
0.14581275
0.02137631
0.17547928
0.15024434
0.14800705
0.089247025
0.11769409
0.0012577884
0.20955466
0.06374578
0.11494166
0.16512909
0.17415912
0.086633556
0.18038558
0.16608692
0.08173686
0.15284653
0.06696726
0.075572321
0.023619037
0.14898099
0.021994988
0.10047311
0.19525604
0.081935326
0.054214272
0.18016357
0.040143673
0.0013600079
0.14188626
0.036420513
0.21413353
0.16332514
0.14170715
0.050309913
0.20636884
0.055618289
0.12248048
0.15624686
0.18544448
0.046931877
0.0011481902
0.11872273
0.10257328
0.14279626
0.14261987
0.17068828
0.11988454
0.17785481
0.0090943716
0.19563637
0.11893482
0.11555446
0.21535771
0.021440393
0.21528243
0.18015889
0.156374
0.083528761
0.090539783
0.0046359304
0.00090321068
0.13105817
0.084083722
0.022707972
0.15950798
0.023096487
0.070133394
0.15811815
0.18580364
0.20755707
0.063059527
0.0061503212
0.011512852
0.086129283
0.14795141
0.21528975
0.14409004
0.0010268346
0.16893487
0.092298559
0.018396802
0.20915307
0.087201263
0.16250988
0.032190034
0.17517108
0.17778096
0.12667687
0.20846439
0.030986204
0.16219186
0.17561141
0.098324702
0.053742584
0.15044895
0.08200919
0.18891948
0.19575134
0.087235383
0.018029925
0.032753058
0.0094180915
0.13370453
0.097177172
0.18384253
0.025823823
0.14949458
0.0046026718
0.17239999
0.10283417
0.06165161
0.10406072
0.16607933
0.091766595
0.05377931
0.19020614
0.21592974
0.17054339
0.13808015
0.12424999
0.21534204
0.033424101
0.0013168605
0.041643698
0.17370327
0.12064382
0.16287176
0.0045899378
0.13710934
0.05652907
0.044538464
0.20622652
0.019806334
0.057417726
0.21496999
0.033391328
0.065684488
0.1076673
0.023227975
0.046139044
0.11299516
0.070399929
0.0043645181
0.022024282
0.18347184
0.21564888
1.9674953e-05
0.21597788
0.10875648
0.030213009
0.21574574
0.043006534
0.0046641607
0.21572847
0.14900415
0.15270163
0.029432394
0.13125874
0.090027572
0.0083739119
0.11047298
0.050886889
0.05688978
0.074029548
0.1443523
0.00097499792
0.033391996
0.21515717
-1.860324e-05
0.039548818
0.11099404
0.16532166
0.13386511
0.0025157762
0.18159805
0.21474523
0.21506863
0.21517442
0.11087795
0.064501422
0.030167451
0.19903707
0.13631655
0.13935979
0.098883366
0.00075892855
0.19916452
0.13358491
0.20407863
0.095335909
0.0036428408
0.01537633
0.001399401
0.14169346
0.18034178
0.21563337
0.034649367
0.004444404
0.064595113
0.05000518
0.1260192
0.081008343
0.089163653
0.20691746
0.048787897
0.025119034
0.13130942
0.18982611
0.0011011597
0.16297958
0.14159574
0.11713856
0.039447101
0.21463445
0.061028961
0.16906459
0.0011665757
0.15065966
0.03718866
0.040220694
0.19723138
0.071827481
0.092212652
0.075458678
0.00090688753
0.12405087
0.04250666
0.1154805
0.031426147
0.1047022
0.045101397
0.079255071
0.070288976
0.17971276
0.14288441
0.10611239
0.10946302
0.033412127
0.19601909
0.11917303
0.033938407
0.21518583
0.18840953
0.0044535259
0.12982387
0.0092741448
0.15538592
0.16328643
0.14860416
0.18716756
0.050488737
0.20384925
0.013849187
0.075396249
0.056189087
0.13954916
0.077883698
0.11290153
0.19744935
0.11284817
0.080778268
0.11289776
0.044935092
0.049505087
0.19508957
0.12554142
0.079281077
0.094309671
0.084257274
0.1996929
0.039088876
0.19205804
0.039875003
0.060833002
0.14561923
0.11156205
0.17430401
0.031148669
0.12500559
0.15703291
-0.00031576874
0.19038433
0.21569335
0.018155246
0.044488095
0.13806071
-0.00034165711
0.023167012
0.1421744
0.19520385
0.10324062
0.10203366
0.13340198
0.012495188
0.044213754
0.12561664
0.0193835
0.1781077
0.19089489
0.083819543
0.0095652989
0.10461402
0.1440868
0.16159361
0.13268677
0.15390432
0.2092906
0.14433517
0.16343423
0.13480712
0.044460181
0.06056425
0.20453797
0.1073739
0.21162178
0.19197172
0.21324725
0.054325036
0.13817246
0.082383185
0.044122684
0.093189147
0.040862171
0.17695841
0.0011216131
0.12432799
0.1516375
0.11838436
0.084877602
0.085242249
0.19417159
0.17812925
0.18151669
0.11573794
0.04052218
0.139114
0.043919699
0.16157455
0.15849195
0.060766955
0.055456595
0.16653187
0.15045626
0.022770565
0.041666366
0.18300026
0.12751207
0.19547428
0.17624747
0.084700161
0.00082947898
0.054791156
0.15438475
0.087291767
0.17076577
-0.00029734059
0.041448512
0.071786256
0.1887971
0.075341592
0.14035468
0.070101695
0.11673991
0.17834437
0.16472974
0.18738113
0.18179283
0.074581899
0.21526358
0.028187815
0.17862602
0.11153718
0.06719698
0.15670089
0.15226101
0.054021965
0.055185032
0.0014550359
0.050899592
0.046317498
0.00074989791
0.00076705619
0.21352258
0.0039508874
0.061280999
0.21530384
0.16703537
0.05558018
0.12423365
0.10994635
0.035435303
0.00037966842
0.0010903352
0.07798131
0.12405445
0.1000967
0.17427702
0.18378812
0.19168711
0.16306639
0.14628009
0.00074532219
0.14397092
0.21302927
0.21538487
0.0045848772
0.010501477
0.14111463
0.21019388
0.010730489
0.19703826
0.10291444
0.15338552
0.21547052
0.18945988
0.092320417
0.0027281251
0.019974438
0.10445664
0.14110911
0.11999548
0.13227612
0.20425904
0.21533547
0.0014530424
0.17576652
0.096663297
0.052954977
0.01072897
0.1965159
0.037791278
0.20720556
0.085591671
0.21564246
0.13854674
0.037212085
0.040078596
0.13115517
0.14732759
0.020201508
0.00087163476
0.19193399
0.0041462977
0.0041266772
0.18138807
0.10920886
0.15041296
0.097124294
0.21533245
0.17833529
0.12594843
0.040861789
0.17461737
0.15342888
0.19106704
0.037841408
0.14509587
0.20872823
0.21541999
0.069803555
0.001688299
0.035492877
0.2154883
0.018967483
0.033343874
0.18964427
0.054353366
0.21501312
0.1346224
0.011872826
0.0014428085
0.20622636
0.19249161
0.15723874
0.16805893
0.21559439
0.16433342
0.048910412
0.079048714
0.16487483
0.12437279
0.20763217
0.20645701
0.10330653
0.081414238
0.21570999
0.078324576
0.044599063
0.20367364
0.20338448
0.077869303
0.079671054
-0.00029962919
0.15195756
0.055597469
0.15498786
0.093413017
0.18735233
0.13773076
0.035318863
0.067413362
0.13385027
0.072928132
0.001492545
0.14834806
0.17305132
0.1635287
0.059190518
0.032316851
0.08567059
0.12021242
0.018786142
0.041738428
0.015940585
0.018576003
0.14060485
0.15101495
0.050303333
0.10811795
0.12519436
0.0598354
0.081354206
0.0015246312
0.044645168
0.0014929266
0.02756512
0.020837067
0.16104378
0.052474675
0.0022045808
0.026849703
0.18765201
0.12149268
0.022041761
0.12794511
0.1046784
0.061626949
0.054415213
0.0045505242
0.20835802
0.039129957
0.036351194
0.10992754
0.10833347
0.19362338
0.16085689
0.019769744
0.1720044
0.034905999
0.017415859
0.00093651237
0.016617135
0.023186034
0.063437638
0.094802865
0.19198069
0.1960794
0.10451211
0.080853194
0.12402998
0.0053194594
0.21345824
0.12414084
0.17788952
0.11173686
0.20790699
0.11823562
0.08955884
0.058719217
0.0047993252
0.15270598
0.0027241438
0.11565909
0.030173944
0.00028083447
0.21609071
0.21462033
0.14790691
0.1828053
0.2092287
0.2154111
0.20323904
0.000850524
0.087851304
0.16204542
0.086016535
0.0046849087
0.17143596
0.0022438727
0.00039817016
0.19141252
0.21565954
0.11313099
0.17273118
0.0098813737
0.0053861466
0.055533349
0.010090245
0.055697298
0.18722239
0.2095651
0.2159487
0.21363061
0.0014705598
0.11125762
0.061866087
0.0063924123
0.044043956
0.096641065
0.21527527
0.10477637
0.15083595
0.059998809
0.13614342
0.0011401951
0.0014582018
0.12024921
0.10690102
0.084229717
0.070018125
0.19971563
0.10296022
0.18011561
0.17856214
0.13200277
0.035362431
0.057997818
0.11413128
0.21521212
0.20214835
0.096554413
0.21551806
0.11094674
0.072819009
0.14460801
0.00072092583
0.11962795
0.0062221311
0.14985889
0.13476518
0.078560283
0.12309615
0.014564782
0.0015022178
0.19317042
0.02030823
0.016180423
0.2153672
0.18530866
0.0011586258
0.16560714
0.17849865
0.0016121517
0.0023399083
0.19867785
0.21297435
0.10594779
0.17723435
0.21473187
0.010711205
0.050383613
0.20911812
0.17993997
0.044394255
0.056562824
0.0048157943
0.051099368
0.15684002
0.076565295
0.12858435
0.19842118
0.048061811
0.14106661
0.085552039
0.21548878
0.075729444
0.09766185
0.20091766
0.004636551
0.064818174
0.17020457
0.015022235
0.094347727
0.022475478
0.00097401773
0.09105802
0.016216524
0.16143419
0.20787582
0.0010288916
0.17074498
0.097401651
0.10142739
0.1224899
0.00067923503
0.21540342
0.085120214
0.042745214
0.06744904
0.062545284
0.075767747
0.21528162
0.19710333
0.0011944121
0.15110935
0.1612156
0.024533276
0.00071709395
0.00050973471
0.1964678
0.06094086
0.19804134
0.15915042
0.0039278368
0.062748984
0.11724644
0.024244703
0.10045234
0.05858879
0.03785548
0.0038473994
0.12719185
0.18385467
0.1964313
0.1116944
0.046727036
0.17446787
0.20258475
0.02869449
0.074569358
0.10137211
0.19095217
0.0030824462
0.19371517
0.02117937
0.21568165
0.050557692
0.011892344
0.18861941
0.19066637
0.0049028621
0.15634486
0.2154753
0.19429751
0.084796908
0.1179664
0.032165535
0.09868994
0.18820443
0.090893633
0.18142271
0.064476409
0.19023717
0.10503603
0.19038026
0.016050232
0.21535243
0.065337793
0.1124573
0.16928506
0.074624701
0.10823933
0.0068621827
0.016977179
0.20766584
0.21219004
0.18495547
0.14339871
0.18754644
0.072496707
0.1125629
0.074860348
0.048536066
0.1509141
0.21530069
0.06622629
0.16448578
0.11678419
0.021972742
0.017686288
0.16764015
0.11910322
0.12401754
0.12636883
0.1252513
0.21569209
0.10016118
0.054250297
0.21516119
0.021001161
0.049484265
0.07561198
0.21546406
0.044004782
0.209135
0.095585902
0.0013685012
0.20110547
0.045287795
0.091289103
0.036414028
0.082761065
0.049900004
0.21580105
0.014985536
0.15409328
0.00021970643
0.013765376
0.13451941
0.00082822889
0.00033863124
0.13553813
0.14498201
0.12794595
0.098263275
0.10515216
0.038727565
0.066665816
0.19911213
0.055009095
0.05773466
0.060169794
0.11675273
0.21527318
0.11087921
0.21532552
0.031940886
0.12561988
0.10280678
0.044609005
0.0013164207
0.12984108
0.00081939199
0.21524117
0.20399059
0.10101574
0.095057911
0.2153647
0.00078714221
0.15313731
0.2147701
0.13702027
0.025520358
0.034817926
0.20509145
0.050363259
0.12461141
0.084139415
0.19423879
0.039002402
0.10321824
0.067637978
0.21406755
0.12046524
0.11904939
0.14474669
0.058549761
0.20457019
0.010106042
0.10813413
0.049386274
0.00097688798
0.16910817
0.0329872
0.132822
0.040032355
0.21532579
0.019625132
0.21508053
0.13988823
0.13016324
0.21530824
0.20010831
0.1973507
0.098631772
0.043510785
0.14926664
0.11440678
0.13525351
0.00070141316
0.18321722
0.080681392
0.038002527
0.1914246
0.068294311
0.074820575
0.032746556
0.07288469
0.085845816
0.066697452
0.10434951
0.15678615
0.2030949
0.12621798
0.00092605188
0.16774351
0.059069643
0.18598383
0.11469573
0.13896636
0.1153232
0.00143121
0.0011101498
0.11253182
0.11280744
0.10209944
0.056882608
0.21531133
0.18544363
0.023191957
0.10428285
0.013763668
0.036476068
0.14672771
0.084411054
0.043259448
0.12576133
-0.00034582237
0.17261071
0.10625222
0.033913072
0.0010899729
0.13653266
0.044068341
0.090657942
0.19177231
0.024423784
0.049399503
0.16328365
0.1521281
0.18267187
0.13700154
0.21514032
0.00061876101
0.17131844
0.21526545
0.20787791
0.00062789515
0.11966941
0.083721172
0.11986864
0.20780972
0.061312061
0.00090888492
0.012854586
0.015701258
0.13911511
0.058514929
0.029459701
0.16505465
0.12288512
0.042233888
0.21576208
0.11323169
0.18931775
0.21361581
0.0050042756
0.016922502
0.0088866554
0.026068149
0.0013563343
0.2158631
0.001271786
0.020182298
0.0014185909
0.15925411
0.083043749
-6.1634183e-05
0.12376448
0.066868426
0.19690506
0.050012962
0.20844912
0.14847336
0.13851435
0.077702834
0.025667389
0.21525082
0.13250957
0.13062274
0.21558065
0.026562646
0.024722004
0.055507865
0.011628226
0.018289091
0.098143709
0.097462045
0.1384623
0.00048964774
0.17199922
0.21533558
0.00062067763
0.18491972
0.038614315
0.12984446
0.0050889214
0.030218223
0.065518747
0.14522447
0.063731882
0.18073092
0.13752179
0.001278348
0.14861518
0.16022916
-0.00018194548
0.1655632
0.21542044
0.19281571
0.10138305
0.18333822
0.084680949
0.0091846134
0.00099680394
0.0011581408
0.17158458
0.17967797
0.0052989803
0.14001565
0.17371163
0.060325904
0.19137084
0.00044596888
0.049110291
0.19803154
0.17214867
0.11095788
0.082590795
0.043770571
0.18948941
0.11428012
0.10464129
0.10508088
0.19165749
0.027412626
0.17693662
0.076005823
0.17860957
0.00092159987
0.2014225
0.025382258
0.079992045
0.087385404
0.10685231
0.21543001
0.018289605
0.12455344
0.13754909
0.097502504
0.036812825
0.0038801963
0.0020151468
0.11696114
0.092208496
0.084669531
0.16283592
0.10779698
0.168157
0.00033551822
0.17605795
0.21191398
0.048452841
0.0016029533
0.028460468
0.090857083
0.0042598987
0.2153193
0.00084305981
0.082594197
0.11699212
0.082858815
0.052974871
0.14944172
0.071679161
0.17273361
0.0019032718
0.15628792
0.00081173486
0.21525725
0.15422481
0.12478832
0.09967205
0.20724116
0.02942306
0.16899323
0.020308227
0.045915997
0.012233687
0.18011574
0.15681683
0.062219941
0.15139537
0.039653667
0.2035221
0.18197137
0.19207123
0.11302967
0.037702849
0.053392347
0.039296762
0.157053
0.029519213
0.067998623
0.030691593
0.01460637
0.15745738
0.16886847
0.015727698
0.15280808
0.0010299134
0.21542694
0.13312615
0.019877277
0.097863845
0.12046101
0.20032246
0.031818293
0.16074184
0.031848567
0.050559048
0.085311617
0.094192072
0.09241753
0.0073199329
0.00086772178
0.18340145
0.052693324
0.10878527
0.11835473
0.0047192028
0.00077629037
0.092383672
0.0079611401
0.21576113
0.062021274
0.0011812833
0.19887497
0.10970568
0.20022067
0.21537586
0.15356627
0.060016509
0.0050576514
0.17817605
0.03642804
0.10499333
0.15418377
0.016965274
0.02177943
0.0014663878
0.18816545
0.027802682
0.20636046
0.067207513
0.11405584
0.027514734
0.11186019
0.0011598915
0.015074586
0.0098002965
0.17560829
0.094814857
0.17932508
0.19390956
0.085763936
0.060636093
0.03486775
0.15306699
0.064464382
0.0021998569
0.09469173
-0.00081581542
0.11055784
0.21459811
0.031519856
0.16101893
0.20360522
0.059666524
0.080310342
0.031419555
0.13826602
0.20754915
0.10191438
0.21052946
0.012996763
0.17818029
0.14710481
0.023849469
0.074779998
0.1919913
0.11130255
0.18425607
0.10559311
0.0043368729
0.053910675
0.04000371
0.0010337802
0.016444484
0.15614051
0.00085682731
0.15711742
0.0012593558
0.12127271
0.022543056
0.21342282
0.15749565
0.08200833
0.18134157
0.038144989
0.18199599
0.0007010944
0.13622235
0.084979186
0.00086354907
0.0097755315
0.20338297
0.064916679
0.03175136
0.20357404
0.1609822
0.041472193
0.048471043
0.18788387
0.0042252542
0.16699549
0.14982842
0.20735231
0.20915687
0.20800342
0.14308186
0.011176133
0.0009186216
0.029880078
0.099003281
0.11937816
0.13873285
0.179974
0.11466793
0.012075859
0.1364173
0.067620872
0.20732473
0.18514645
0.20195212
0.17765933
0.01347578
0.14546019
0.14469903
0.14294896
0.17716806
0.075858647
0.20718073
0.18595689
0.00085212696
0.050077282
0.17540671
0.0076196493
0.071600495
0.21564691
0.043893603
0.0015056281
0.11876795
0.20118892
0.076029065
0.094165409
0.13673784
0.21543185
0.19692019
0.19026672
0.046144862
0.14776584
0.033264527
0.14187976
0.21543088
0.0029410624
0.015886665
0.040258332
8.433462e-05
0.20699275
0.020228696
0.082898613
0.13470143
0.016111905
0.025552184
0.21594607
0.14916344
0.074702669
0.1427707
0.089160585
0.10430355
0.013217116
0.043260623
0.083084815
0.045965681
0.06637731
0.081675623
0.14528012
0.00094867541
0.18246566
0.020878205
0.069420404
0.17817088
0.071348233
0.17231183
0.004604343
0.21531934
0.090540535
0.00096308216
0.17110685
0.17152455
0.10152052
0.18129613
0.018070599
0.15298352
0.20150475
0.12772256
0.0014780278
0.013674266
0.20953085
0.14207513
0.15534904
0.039024644
0.13382114
0.11465905
0.078590153
0.16600572
0.039043216
0.0046232948
0.05052601
0.036589468
0.17585234
0.0016183451
0.0043677209
0.21532154
0.20369688
0.045911724
0.13264067
0.0075441581
0.15112023
0.21521265
0.048685149
0.0039742798
0.003885445
0.024456733
0.1114059
0.11265615
0.064977502
0.20387632
0.030938929
0.17096901
0.21523869
0.15560886
0.12932402
0.0052261693
0.1638058
0.1803028
0.0011339625
0.10545646
0.115482
0.18691106
0.16246453
0.082559142
0.16106227
0.15329408
0.13781556
0.16003123
0.20021848
0.0080045097
0.036054325
0.10915859
0.18148935
0.022794663
0.00088934738
0.04043161
0.14590531
0.081096372
0.050926088
0.086040528
0.20808142
0.00077517547
0.16184565
0.13377165
0.0081315801
0.18152342
0.15202584
0.21532113
0.12316654
0.08132575
0.00094520037
0.017527342
0.00026255712
0.018233513
0.0015098529
0.2084032
0.2089539
0.083174585
0.079058072
0.049468588
0.21516173
0.11404771
0.014473082
0.044386754
0.0019289505
0.015847424
0.0075425112
0.0078748023
0.0078904846
0.16781723
0.20934026
0.11952074
0.10529923
0.030272328
0.14062069
0.21569472
0.021003677
0.12440834
0.0082307103
0.08049759
0.0014491707
0.20052851
0.0065190684
0.040882931
0.0079739522
0.2060668
0.068670417
0.00053103931
0.014276534
0.099337796
0.024378791
0.095689264
0.21111795
0.055415589
0.039060561
0.050403505
0.079847506
0.0501049
0.12187346
0.10075263
0.075317391
0.17930068
0.0015044381
0.087918808
0.012152046
0.00079969297
0.055661796
0.1644432
0.082479113
0.066376305
0.18934697
0.12096811
0.1184764
0.05946361
0.047075027
0.028226583
0.0097998589
0.10878507
0.14016244
0.0010671725
0.18880509
0.18197662
0.046027814
0.050173568
0.0019601538
0.15120734
0.035952882
0.20936654
0.17726322
0.12937119
0.0054821029
0.21527184
0.086877482
0.010121564
0.063382482
0.17172982
0.15687563
0.20206964
0.063086718
0.17942204
0.018941445
0.061208815
0.18989792
0.0012592746
0.019303597
0.21574828
0.11858718
0.14817183
0.16777585
0.21515822
0.1830802
-0.00075728497
0.091118212
0.10733997
0.040235158
0.17428996
0.21474473
0.03101772
0.069360462
0.092533351
0.034631654
0.067537314
0.14437171
0.012591103
0.08502235
0.13700378
0.1330661
0.12853633
0.032049358
0.13183747
0.18868486
0.19219478
0.0012823204
0.024804968
0.10869153
0.0084552708
0.052667537
0.19436939
0.1490216
0.012084691
0.0041893468
0.005484335
0.032930809
0.16757194
0.18587432
0.195336
0.16783656
0.017704772
0.035830791
0.092306191
0.088344197
0.18279752
0.2012683
0.092396481
0.13366099
-0.0015485252
0.06286643
0.061400976
0.0067104565
0.038545999
0.054543379
0.036215493
0.024160924
0.20789138
0.14447517
0.14111971
0.059411331
0.065324243
0.097325772
0.00092616178
0.00070859514
0.0097889762
0.1304527
0.025374027
0.069253449
0.16762002
0.13445982
0.09771186
0.091142098
0.1178172
0.21327541
0.14679459
0.062414873
0.15046045
0.015336813
0.058776635
0.21517754
0.14480059
0.21372151
0.16261907
0.03512421
0.0013660031
0.024204194
0.006375282
0.0011224342
0.0014227433
0.18494397
0.09144384
0.00095476969
0.18412822
0.20666247
0.11159539
0.12153326
0.19577658
0.15613339
0.16867531
0.078331411
0.21525869
0.21534724
0.11091649
0.14771125
0.13562761
0.0007177228
0.026982954
0.16148992
0.013318934
0.04950691
0.0016991623
0.015761358
0.026266537
0.053502206
0.0041471048
0.12576296
0.14940235
0.13236186
0.047973855
0.023230723
0.095619191
0.035970142
0.18059857
0.025663011
0.17225707
0.084855015
0.040163984
0.076047709
0.094456192
0.18608881
0.21533283
0.1169746
0.00038202175
0.2155596
0.00089596788
0.011652887
0.00075594834
0.0019345061
0.054044734
0.0015829218
0.091563397
0.21562009
-0.00076566438
0.20283678
0.12579203
0.081206241
0.030029458
0.043237297
0.027903524
0.10357742
0.035476382
0.13744074
0.18634303
0.10643719
0.17902011
0.054771382
0.16226999
0.21202371
0.1947234
0.048428663
0.21535868
0.21000164
0.13032392
0.090819945
0.12154087
0.00087720133
0.086362748
0.0010093322
0.075813196
0.052281829
0.21564183
0.006814197
0.0014231904
0.16923866
0.18876823
0.041621258
0.2035281
0.022403379
0.071145022
0.15672084
0.040774434
0.0036676744
0.085368384
0.21572128
0.052264224
0.18411884
0.16914135
0.065761552
0.15123985
0.016717355
0.015042359
0.21543443
0.0021871544
0.029564878
0.068778356
0.035533529
0.11225376
0.00079252327
0.16135619
0.13050826
0.0081141282
0.049393481
0.024258954
0.032902524
0.057543518
0.0012286635
0.014879813
0.00052621614
0.13646454
0.14958641
0.13182814
0.073058756
0.20254791
0.0663914
0.031854112
0.13693781
0.068986911
0.12699526
0.14147599
0.2132301
0.0088402224
0.097028908
0.18653487
0.011115962
0.090897171
0.077673797
0.15840084
0.036732628
0.11087111
0.16544845
0.00097908547
0.15854153
0.020670989
0.010938519
0.072786873
0.025504829
0.10389365
0.05729768
0.19527036
0.072856798
0.19546781
0.13997718
0.020522487
0.1732717
0.14625064
0.014646333
0.051148761
0.0011728596
0.11055332
0.18065085
0.0038304088
0.011281572
0.14748444
0.19254312
0.13213031
0.029095578
0.042540219
0.010532141
0.093940194
0.076428325
0.0013039721
0.029641614
0.16951122
0.043790877
0.027491568
0.21576708
0.17583285
0.051996245
0.039622885
0.14109107
0.14761869
0.036075076
0.2026247
0.15725374
0.066358418
0.12611597
0.19968863
0.025437731
0.17776406
0.16453428
0.045080438
0.18032297
-0.00038425136
0.063591525
0.15963211
0.032216259
0.00092190462
0.10785156
0.19997144
0.025549063
0.13726385
0.020875537
0.069409814
0.040593506
0.045224099
0.19267211
0.012937293
0.20058368
0.12872609
0.013851391
0.15018357
0.19155268
0.16434035
0.20633778
0.056398157
0.043616176
0.21568588
0.02953425
0.0068119617
0.14739197
0.078138088
0.0022732349
0.036682532
0.10591209
0.11954716
0.093029611
0.087849554
0.035994469
0.18110649
0.066766505
0.047068509
0.1283009
0.031260738
0.0013055058
0.043578702
0.17715347
0.014048702
0.17798765
0.049997344
0.10087786
0.037887967
0.15234595
0.13622593
0.10902482
0.028240415
0.12543746
0.18463808
0.1475999
0.21570386
0.21546684
0.066237907
0.1115924
0.00054083023
0.21553217
0.1174739
0.19012772
0.18417655
0.00097155584
0.083299227
0.15417775
0.040800329
0.11539401
0.18838599
0.1895939
0.056449219
0.083788022
0.070964962
0.00084364071
0.13224755
0.075861681
0.063106378
0.057441087
0.11618883
0.18120552
0.058362798
0.083022086
0.0008251758
0.077371818
0.15934141
0.010762342
0.15011655
0.20270605
0.11308242
0.1055884
0.097771064
0.077688279
0.03110975
0.19719163
0.063899687
0.084952539
0.010957412
0.19203575
0.00088124861
0.0021046375
0.077856149
0.023257911
0.081547475
0.17781011
0.14958068
0.14717453
0.09394243
0.14968932
0.15288115
0.15711039
0.084658396
0.15555762
0.16031707
0.10361278
0.039010033
0.20289403
0.10966291
0.012331806
0.00088356432
0.00064820892
0.034182349
0.030104724
0.069858259
0.21507274
0.13138709
0.12128497
0.20846788
0.059817163
0.17005678
0.167312
0.0013357925
0.18438739
0.054839239
0.00085127342
0.11064164
0.11136592
0.084028436
0.033208078
0.061007808
0.19310546
0.20359748
0.18770873
0.17116494
0.20297568
0.20399912
0.12847952
0.049710784
0.13233809
0.072510577
0.172012
0.031632026
0.12689496
0.10070645
0.17028629
0.1591741
0.16572256
0.062949556
0.14669673
0.13540032
0.043337062
0.026183563
0.20351453
0.17107469
0.21392536
0.0014918407
0.19910834
0.16067242
0.00081931437
0.19891455
0.059029435
0.14017152
0.17282894
0.1254627
0.16889904
0.078923089
0.015030511
0.19194629
0.16403809
0.2087776
0.17013362
0.20905469
0.074086341
0.13555634
0.16010508
0.21375187
0.061635162
0.21522724
0.087980344
0.0044326648
0.07167688
0.21539601
0.15317075
0.089367772
0.17332196
0.045276495
0.12928446
0.14436964
0.022977202
0.0380733
0.083845462
0.18196377
0.031698984
0.15008233
0.056971018
0.054980934
0.020272997
0.15661323
0.18047162
0.1227151
0.011031569
0.025269241
0.074674345
0.14466738
0.20367279
0.19721787
0.036366484
0.036665805
0.073085658
0.0002853026
0.0040301975
0.079974419
0.046410186
0.15072472
0.21534685
0.12049593
0.16483503
0.057516011
0.0038867441
0.13963526
0.031424928
0.19194645
0.030904183
0.056030603
0.045859203
0.12155391
0.16102288
0.097474969
0.14320836
0.083228858
0.095717807
0.11450613
0.052858301
0.15386592
0.097767566
0.16247619
0.035462873
0.21530593
0.17895788
0.071434794
0.13229681
0.2154618
0.15593635
0.20926171
0.16166908
0.042596813
0.18715248
0.13885254
0.10958305
0.060932409
0.14854332
0.055242147
0.11738044
0.051700484
0.00094186007
0.056559793
0.079072699
0.21529779
0.0022344113
0.090844334
0.066504909
0.011307923
0.21513888
0.21540593
0.15944503
0.20377155
0.21531414
0.040120041
0.11136694
0.04946911
0.14228798
0.039285695
0.16438833
0.14544475
0.12044489
0.16407063
0.13153131
0.0029408617
0.1903916
0.12159463
0.10131636
0.02711924
0.016137674
0.018065517
0.1429472
0.16864805
0.12399165
0.09052349
0.14466983
0.12164464
0.021970906
0.094066069
0.20905165
0.11550294
0.073195983
0.061806069
0.12430989
0.020242024
0.14424189
0.046826756
0.18565951
0.014863462
0.19136655
0.011537655
0.045028678
0.063710497
0.002958131
0.14472543
0.086938719
0.048196869
0.061758398
0.020023955
0.200178
0.20048435
0.12159809
0.048847518
0.1115056
0.028218306
0.047328797
0.00089252065
0.049990535
0.033012602
0.20814835
0.1169989
0.00080944962
0.17331861
0.066402433
0.0463489
0.046092667
0.18837634
0.025058873
0.0010843255
0.00066708284
0.025038284
0.075278095
0.21560043
0.12949134
0.21571285
0.012594113
0.21592526
0.14969399
0.051363655
0.17479653
0.16270118
0.20600415
0.21542291
0.00082464657
0.16405265
0.14335204
0.050055228
0.035367215
0.14543912
0.01090608
0.090956586
0.00065350545
0.1593474
0.17088044
0.020092131
0.047124619
0.034760501
0.05015229
0.025751515
0.043844712
0.1481605
0.017006816
0.16592577
0.046421975
0.10502302
0.21520256
0.00085531793
0.19209823
0.081175343
0.033313757
0.0010635151
0.10045584
0.033149638
0.14995254
0.032338448
0.18540817
0.20192313
0.046657288
0.070150582
0.20168731
0.078130452
0.21548563
0.085955904
0.21558685
0.20824112
0.18532497
0.09626033
0.03949911
0.0015210203
0.0043794068
0.20851084
0.21470168
0.11148877
0.19234005
0.20191405
0.15856511
0.0092604639
0.011743414
0.057156526
0.1873735
0.15423555
0.12215128
0.11728638
0.0093329802
0.20816499
0.10621705
0.12770814
0.020453148
0.033600098
0.094262072
0.13964364
0.039238921
0.14576778
0.0075757091
0.20635757
0.089399568
0.21542169
0.014190641
0.14547746
0.16433685
0.10651541
0.077080649
0.026581514
0.12951695
0.02411469
0.032433595
0.0037290972
0.14565738
0.20081245
0.081239138
0.012409541
0.054274987
0.15227761
0.019512054
0.082885185
0.013408259
0.21558736
0.052257889
0.16954579
0.08323094
0.13888289
0.21522366
0.19983254
0.16886648
0.14586909
0.051375578
0.0037148247
0.062536143
0.031799129
0.12499684
0.21565505
0.2153417
0.014107346
0.018896777
0.0043895798
0.00090191502
0.0013357749
0.016384205
-0.0012372917
0.066953026
0.2077855
0.071990405
0.00096524679
0.19384195
0.04381818
0.10664396
0.1871459
0.19851308
0.0036224903
0.0012120269
0.13573986
0.20401682
0.10352884
0.025089808
0.01870651
0.17566998
0.069944165
0.067580167
0.12452749
0.035708778
0.16169434
0.0038767412
0.14995515
0.0095862313
0.048144784
0.089342076
0.0014644623
0.085220912
0.085968221
-0.00065521175
0.16992959
0.0050603618
0.17155051
0.20743646
0.065158252
0.05694711
0.0014288753
0.1744103
0.031816728
0.098192892
0.073962864
0.084260368
0.058715683
0.15410683
0.12791072
0.18490891
0.097729927
0.072349602
0.20686554
0.055888918
0.09983709
0.099521149
0.15648214
0.057232351
0.10345839
0.00089345107
0.1025383
0.0041848345
0.044060215
0.16240538
0.050837047
0.056825737
0.0079596538
0.16964278
0.15429282
0.077314308
0.10683787
0.17042667
0.043183617
0.015194989
0.20355034
0.011181579
0.18451667
0.037785984
0.052810316
0.05310111
0.064448852
0.08390904
0.046684689
0.024505693
0.17513818
0.024278707
0.12062706
0.11706094
0.1719276
0.055646313
0.0020187742
0.13497411
0.10184141
0.070144851
0.013542105
0.032321902
0.20816441
0.0031040189
0.096406375
0.21495812
0.010746269
0.10148345
0.085306063
0.012239067
0.001032719
0.21519744
0.0010856868
0.21563537
0.13655645
0.0056174463
0.19003405
0.098797406
0.018386219
0.00084989378
0.080686476
0.019327723
0.20903799
0.062139146
0.056312618
0.14159971
0.16261723
0.0029749148
0.14547796
0.18753633
0.18844349
0.081765388
0.10222271
0.15941552
0.12069132
0.1453432
0.025078202
0.20493038
0.16470355
0.00099544394
-0.00041277918
0.082679452
0.17329427
0.21454872
0.10777692
0.0028675018
0.063576088
0.21564612
0.004721259
0.12855899
0.0017823288
0.0044602402
0.21535259
0.0011014786
0.00098027894
0.13848914
0.20643236
0.19687878
0.16215789
0.13622337
0.060281137
0.035580172
0.0076646601
0.14559968
0.095105064
0.075599871
0.086235975
0.030596849
0.047128714
0.16632808
0.10255041
0.1604427
0.21503507
0.034235468
0.025662153
0.16166358
0.20628156
0.17268001
0.18638539
0.0038730822
0.106995
0.09332407
0.0024627909
0.0014900456
0.073732542
0.13019633
0.18706291
0.030357838
0.069774736
0.019189089
0.08236061
0.14252635
0.031242458
0.046291969
0.06209991
0.21505704
0.087485157
0.018952279
0.090525414
0.0095556566
0.043282798
0.091818452
0.010816836
0.19868395
0.074662856
0.14787875
0.15656345
0.17332662
0.085485975
0.17338841
0.21541846
0.21541382
0.21532434
0.18458082
0.046553952
0.17251772
0.057093237
0.16570109
0.21558224
0.17816802
0.049123576
0.20602121
0.13615795
0.044600528
0.030389522
0.076270175
0.036683617
0.18818768
0.057043932
0.05115723
0.050107091
0.19382194
0.075705271
0.011623169
0.047422785
0.19936554
0.10725996
0.060591638
0.20234768
0.093533696
0.059391891
0.14847881
0.19117359
0.18897415
0.06517545
0.067290018
0.020824713
0.15677563
0.13525045
0.20129053
0.19119126
0.19215492
0.05190291
0.2152785
0.027185533
0.074896614
0.010020684
0.078703706
0.051336107
0.17737119
0.031827823
0.20417829
0.10428797
0.12266234
0.050267437
0.1658291
0.17578436
0.2155698
0.020908378
0.18753689
0.070128524
0.00091414072
0.1704167
0.018777306
0.039920642
0.017872227
0.14163825
0.14784101
0.1156493
0.00081322116
0.096851205
0.0022034616
0.13080085
0.16611896
0.067097845
0.094603349
0.15783439
0.078779607
0.06664394
0.1055172
0.048211321
0.0014448017
0.082140843
0.21498525
0.088233233
0.20109145
0.18487456
0.0078560793
0.047755614
0.15617374
0.001310594
0.098359608
0.056504097
0.0014829351
0.074434422
0.13366956
7.2331176e-05
0.11105979
0.038464808
0.1604094
0.12706032
0.079404151
0.21515973
0.061956249
0.21540096
0.0010925387
0.0078281974
0.12198669
0.0336993
0.068620945
0.00075219641
0.016838882
0.21586173
0.099915433
0.20870945
0.10527583
0.078432501
-0.00052733093
0.074795045
0.046457574
0.15860122
0.00092748233
0.061983356
0.0013331777
0.12762876
0.072721383
0.0092126326
0.036721384
0.0083925854
0.00094408068
0.054516837
0.0066368562
0.10079082
0.098736212
0.022162017
0.17345376
0.010108493
0.072464665
0.013420742
0.16804483
0.21509094
0.11565701
0.1677592
0.055185563
0.081425512
0.19565867
0.073858162
0.10362451
0.14810809
0.080288304
0.043925287
0.21209131
0.11577829
0.022742903
0.15932534
0.084645493
0.16068449
0.15984153
0.10046086
0.032079816
0.0012013968
0.10144699
0.084140997
0.031475147
0.1849611
0.0044357472
0.074576898
0.032760791
0.0045028849
0.039273089
0.0091834698
0.17387935
0.12597051
0.084262252
0.03477415
0.07768206
0.017585012
0.0039504203
0.12629096
0.060992909
0.04544879
0.024483113
0.15583748
0.0010565017
0.06062355
0.074032215
0.14163322
0.077884582
0.18410262
0.11502389
0.061124323
0.11400083
0.21545331
0.056389191
0.086320343
0.087573373
0.047411947
0.048141489
0.19862416
0.046292119
0.046915461
0.066603303
0.1894657
0.19208712
0.0011549979
0.16505875
0.10589149
0.093332323
0.00065671454
0.0875865
0.00090184027
0.20736232
0.071752193
0.16873774
0.051132987
0.21537417
0.059835734
0.055277336
0.19780339
0.061645158
0.01494373
0.015979463
0.21534331
0.17584145
0.00054942389
0.045122683
0.1751928
0.19562633
0.014325704
0.043463777
0.19115765
0.04329822
0.036060582
0.00024689055
0.19041607
0.00066073013
0.012078675
0.10615234
0.11323542
0.019609264
0.10640382
0.080432296
0.21522089
0.20788296
0.18085418
0.023899038
0.1539263
0.037420573
0.091910715
0.20455897
0.041726454
0.078882805
0.09350715
0.082332026
0.001172195
0.15441141
0.1188251
0.20812154
0.00061157167
0.072795515
0.11813214
0.17274331
0.033176647
0.083382206
0.20182613
0.028567647
0.063594259
0.13549378
0.1126071
0.19077043
0.19513764
0.18116661
0.13241723
0.21562604
0.20352587
0.0008377698
0.0011438489
0.10936272
0.011567306
0.17563741
0.015517098
0.082345499
0.15824744
0.00056134775
0.011124028
0.16589947
0.0013359708
0.13891517
0.13540468
0.022022759
0.035063589
0.013889585
0.050820813
0.062744782
0.01271029
0.04776266
0.06357034
0.030072567
0.068913858
0.19766943
0.053274438
0.19873365
0.21231943
0.05835184
0.21527718
0.082170001
0.05356122
0.21524831
0.20176493
0.029757362
0.10817155
0.089135326
0.035519419
0.14704872
0.056162174
0.076085716
0.019922682
0.10862789
0.19082535
0.12733619
0.022340097
0.11126561
0.12431987
0.021592364
0.1463037
0.21569777
0.21549508
0.21522534
0.00090403781
0.011205859
0.033272088
0.0012942639
0.15192436
0.19309535
0.14173401
0.025861082
0.1055166
0.21379333
0.1356972
0.00086024857
0.1305658
0.092502579
0.053299984
0.15487606
0.1646645
0.11776434
0.20500815
0.00037206545
0.053890771
0.054119584
0.1667842
0.099917853
0.030783448
0.010826363
0.00071366313
0.055710174
0.036126393
0.21563539
0.016470145
0.17334924
0.060475782
0.027194708
0.068925575
0.084650412
0.13873029
0.14960882
0.074052644
0.022695836
0.0060039309
0.18606376
0.026564679
0.14805473
0.0014446583
0.054321512
0.11836817
0.14201285
0.00087432836
0.10519435
0.19646452
0.026538676
0.022553481
0.058218082
0.10125718
0.21589482
0.21567051
0.19196988
0.20025283
0.0016151791
0.14497107
0.14253374
0.17344362
0.0012947459
0.028240681
0.19440664
0.071053055
0.20029809
0.028284883
0.062408887
0.17168128
0.20791517
0.020305883
0.070795137
0.15303051
0.016764254
0.14726917
0.14174938
0.11701817
0.13733524
0.15106686
0.0025322364
0.18922075
0.032653057
0.048104514
0.14481145
0.12746714
0.1449663
0.067862194
0.1006809
0.0069724755
0.041934331
0.21561327
0.1601399
0.056257371
0.10146161
0.064142798
0.022186856
0.13779336
0.11002619
0.0052262442
0.0051675177
0.083856303
0.10505595
0.04505484
0.21496488
0.20245323
0.08455593
0.12049121
0.036627337
0.036699667
0.12386796
0.084435022
0.025013268
0.17488555
0.12562894
0.20029321
0.10036724
0.084247721
0.026404624
0.00148205
0.15341555
0.070319239
0.20944344
0.20743391
0.0014699436
0.0017091102
0.15411394
0.090579967
0.096043141
0.02633825
0.21555476
0.16224106
0.035324383
0.10245443
0.040384817
0.10316599
0.00097502978
0.17804958
0.19033212
0.00077859216
0.037590945
0.1705716
0.11417829
0.19514854
0.20572352
0.079604588
0.072020431
0.18563199
0.17331729
0.030994593
0.0082615915
0.058967575
0.042146123
0.074170347
0.17573157
0.00096450107
0.076236983
0.1751872
0.17476158
0.20508157
0.12145026
0.1571914
0.0093348729
0.14556103
0.042622619
0.008604623
0.0014463225
0.036996798
0.18900082
0.10721967
0.044142577
0.10346405
0.2150076
0.13274542
0.0088144151
0.1956738
0.012715753
0.20893881
0.12244286
0.085434783
0.21526419
0.20185905
0.030612188
0.21521107
0.1410646
0.18577796
0.15673117
0.035936861
0.150231
0.093046626
0.14072585
0.066972613
0.016061045
0.20801422
0.14014828
0.21529884
0.2159759
0.19730177
0.19307125
0.090660276
0.15055762
0.099922611
0.090629411
0.16788974
0.0015265706
0.12028099
0.10808849
0.00097425281
0.0010460216
0.16556695
0.14329483
0.00070728256
0.17567153
0.076494532
0.067413965
0.18046198
0.0013835447
0.10578429
0.058314252
0.072477394
0.13600535
0.035859424
0.14789563
0.0025279429
0.10725544
0.16618552
0.21524805
0.010682238
0.17892361
0.031755672
0.037147838
0.10428183
0.21481877
0.20743754
0.13477852
0.21526968
0.053103436
0.10113019
0.19503108
0.020672847
0.025363954
0.11700665
0.00076704595
0.00093137427
0.077535494
0.069664595
0.0012238626
0.14110021
0.19073788
0.2034238
0.18463512
0.16656262
0.1634001
0.12927631
0.16016709
0.12288745
0.0015268088
0.12947602
0.074874261
0.027508538
0.20766843
0.088688002
0.034103826
0.015372224
0.011668152
0.19184097
0.21578244
0.16098696
0.025908881
0.17221824
0.034226751
0.18078101
0.056642414
0.21582177
0.16581326
0.11961032
0.14879124
0.19597914
0.17090366
0.19716681
0.01951365
0.13092337
0.016084618
0.05585744
0.0019142563
0.055283742
0.086280311
0.089337245
0.10325656
0.14837574
0.085967359
0.016230644
0.032692417
0.10783032
0.19863872
0.072783344
0.038686897
0.041830616
0.097015632
0.20296941
0.011233037
0.13381456
0.054766046
0.14530078
0.051009371
0.21511262
0.06093422
0.1045696
0.022658139
0.055185951
0.0042305882
0.060728991
0.00099467407
0.057319558
0.13443121
0.064031057
0.11902176
0.025718686
0.19877923
0.14199765
0.01103145
0.16723164
0.16623919
0.0042017093
0.011230565
0.17149031
0.16258931
0.17744179
0.063873993
0.074854607
9.7854383e-05
0.078712133
0.16556713
0.076735675
0.028344629
0.12665851
0.16488512
0.10648847
0.0064864663
0.054523617
0.010604392
0.17810235
0.1319358
0.12927744
0.072943407
0.1550379
0.19973531
0.018243087
0.00051879137
0.095913835
0.19559681
0.070488072
0.093632299
0.13795349
0.10583084
0.17230154
0.074192755
0.21350138
0.026111703
0.032437682
0.21609631
0.089203333
0.077890992
0.10365696
0.17544935
0.010420148
0.061756417
0.1909139
0.0361123
0.055975262
0.060723177
0.038528567
0.21503936
0.12836301
0.040918114
0.16934516
0.098488423
0.021050025
0.10343899
0.00082891559
0.14408898
0.19565849
0.20602135
0.021253301
0.0041249609
0.12101544
0.18454841
0.21298892
0.10254221
0.00066788303
0.099615806
0.10359636
0.091829948
0.090325303
0.20258696
0.051051973
0.089182108
0.16193041
0.0092401543
0.16309612
0.17877817
0.17319139
0.012362482
0.12521529
0.10748724
0.15009158
0.21543935
0.15163945
0.18146446
0.03048964
0.051758487
0.12549397
0.20713952
0.00057596797
0.19491657
0.0032166241
0.057273402
0.17017906
0.045433308
0.04728389
0.17513134
0.21553806
0.03527733
0.14162915
0.00020715645
0.21481342
0.21336245
0.042767707
0.12276984
0.21599603
0.12917967
0.027675861
0.14992061
0.087408153
0.13304023
0.20026128
0.04122398
0.065103565
0.066870551
0.099203212
0.014337964
0.11160162
0.069773139
0.0011210656
0.042587756
0.071031236
0.0093663744
0.045662794
0.047428196
0.066545007
0.060255272
0.16743708
0.1734671
0.21535065
0.0013827809
0.08735429
0.048530576
0.13964713
0.047725294
0.050071902
0.12131785
0.15978147
0.1591857
0.043958088
0.0003249135
0.13788478
0.0014599492
0.13700727
0.14215091
0.20977931
0.21521007
0.21538515
0.044080911
0.011951048
0.11311067
0.14805773
0.09495445
0.15496567
0.17313392
0.0840641
0.096837994
0.067921911
0.048922961
0.10370226
0.099977182
0.2153207
0.029707243
0.068891925
0.00098816745
0.19695788
0.094887795
0.092157129
0.16614796
0.050784446
0.18426874
0.027755935
0.055286787
0.18684732
0.074192347
0.11603619
0.0012153176
0.17567165
0.018951632
0.01635997
0.12685222
0.20442263
0.06463233
0.21529594
0.064223982
0.080964717
0.030034652
0.022945685
0.0010816138
0.11001813
0.035613863
0.19212427
0.047191338
0.16806848
0.049628427
0.045027163
0.20082663
0.083423056
0.12216488
0.0042927823
0.001040366
0.046488288
0.21543063
0.07883788
0.092876655
0.020858234
0.09602243
0.087066066
0.13682568
0.15230368
0.21529106
0.14438199
0.16911748
0.15553314
0.1609214
0.00099083975
0.10198663
0.0040703455
0.054026429
0.068130715
0.09478508
0.10689965
0.10713622
0.034502257
0.084215256
0.096506121
0.019149298
0.13832733
0.21515092
0.16773914
0.0009053985
0.073635099
0.045575119
0.0010538132
0.16749035
0.089594397
0.050583575
0.010130011
0.18874109
0.036301711
0.19519953
0.16676876
0.18752005
0.00085428091
0.037345964
0.18618433
0.084127128
0.019290359
0.16339817
0.069879978
0.050706696
0.18713829
0.19503098
0.11324892
0.062347637
0.053861707
0.18653286
0.065780152
0.20513958
0.01044481
0.13526016
0.11231266
0.20514283
0.20012705
0.057296834
0.17808945
0.029375927
0.14403459
0.049962611
0.21521298
0.070567679
0.058606151
0.12603619
0.17506764
0.081073824
0.14500823
0.091834295
0.16131813
0.075867651
0.012071742
0.20346906
0.0010676144
0.099303982
0.153516
0.15972686
0.032196361
0.098007153
0.11521787
0.18235053
0.015195209
0.062300883
0.21024503
0.029202825
0.14410398
0.001229035
0.045936509
0.030817616
0.0014703661
0.13536872
0.19281188
0.16105191
0.19763733
0.15131206
0.0093396835
0.10083294
0.076500304
0.088366724
0.1034837
0.0740586
0.0537393
0.19058033
0.0013753419
0.025842817
0.038041525
0.21437787
0.14732858
0.13980898
0.0042136355
0.10793261
0.00099407229
0.17819432
0.076962878
0.20221072
0.18568574
0.064001682
0.0013971261
0.066462865
0.0010301177
0.20416238
0.17360019
-0.00024767883
0.21580185
0.064100181
0.14313941
0.040678878
0.19878586
0.13072644
0.14332311
0.21531063
0.14922028
0.020939618
0.17383898
0.12128103
0.1281392
0.049280403
0.090609631
0.069367697
0.0295915
0.030780745
0.00081781304
0.13191522
0.017239882
0.10586458
0.11796308
0.21398785
0.18498976
0.0012030575
0.09381752
0.20025937
0.16539397
0.165661
0.14701359
0.086471476
0.15356893
0.0059972066
0.0044086997
0.042998425
0.001359867
0.023706364
0.046087704
0.086663918
0.1280504
0.14887508
0.11087199
0.054694735
1.8402462e-05
0.0059983076
0.18865638
0.15406368
0.0014111582
0.16908466
0.21569294
0.079136085
0.06416771
0.050313471
0.19409444
0.0014158325
0.041830613
0.111196
0.11495381
0.14365891
0.012441447
0.0065703825
0.19181903
0.090819648
0.058867536
0.046415877
0.10964184
0.13148524
0.0067424942
0.11396167
0.20738728
0.02885351
0.14852022
0.12907757
0.18171541
0.19417208
0.11134213
0.10128285
0.012400438
0.2080892
0.18843043
0.18581124
0.13946048
0.090813058
0.17430339
0.13004947
0.20309938
0.11804394
0.12727793
0.10771999
0.20278173
0.2096424
0.066869755
0.13545746
0.20742104
0.0013994367
0.10609761
0.16435704
0.0091690067
0.055120375
0.067176475
0.11960163
0.036852552
0.077299784
0.0015234181
0.00094847381
0.023409623
0.21557973
0.040715192
0.098480744
0.21526497
0.0073795001
0.12794459
0.19078371
0.070233324
0.12040296
0.16799812
0.052361652
0.21574773
0.21568206
0.1609936
0.061632859
0.18617784
0.042513344
0.19887165
0.062701739
0.15905586
0.20062335
0.058487089
0.00079494989
0.21562445
0.10716999
0.0009021488
0.20384143
0.18147983
0.091000273
0.085444111
0.15306963
0.028043473
0.032588289
0.14195428
0.12828305
0.043121751
0.062457939
0.06725771
0.14353744
0.06236026
0.15909775
0.1056772
0.018288433
0.037796675
0.11066143
0.080840791
0.094352668
0.20378199
0.068885272
0.13109906
0.18528417
0.04128923
0.049738313
0.015939537
0.0014623199
0.2148598
0.11166696
0.18892511
0.051963379
0.013535582
0.032978662
0.097660618
0.21530629
0.053246048
0.10407134
0.043853187
0.13632902
0.016637645
0.08667804
0.056173639
0.16183467
0.17833652
0.13467702
0.18681185
0.0015297347
0.17646595
0.15160238
0.13039058
0.050453024
0.17686411
0.15924024
0.070292521
0.10444243
0.21520667
0.10673055
0.10660974
0.034048716
0.081567124
0.10775732
0.15714274
0.017184791
0.18953322
0.19837922
0.10827335
0.0026378488
0.062448759
0.15940877
0.068043597
0.059164827
0.0065581001
0.047360793
0.077143457
0.15550861
0.19732264
0.19721304
0.11972439
0.21560659
0.069373539
0.13082345
0.21530959
0.21568602
0.098570328
0.21529946
0.21525434
0.0088791343
0.058244104
0.19982686
0.1976099
0.20012036
0.073437034
0.063552937
0.001010018
0.049144407
0.038305607
0.21550308
0.06101801
0.012630488
0.16464493
0.18781806
0.19341261
0.17155588
0.020305141
0.033621015
0.056949486
0.099890743
0.11943856
0.11929722
0.0077880424
0.043263988
0.038110296
0.21557605
0.017680077
0.023450938
0.16126805
0.056623054
0.086866032
0.077387611
0.14733515
0.16063093
0.0091381945
0.041933527
0.19004605
0.10377474
0.087042737
0.13503477
0.00055476418
0.12558478
0.047360205
0.039318192
0.00089633441
0.17327943
0.085122629
0.17534043
0.21549749
0.20899268
0.051698145
0.043715902
0.02163619
0.14986754
0.0036962301
0.070708724
0.025675206
0.10103309
0.1344684
0.18944849
0.18934697
0.033608659
0.041670062
0.11954128
0.0009795833
0.10205842
0.12007667
0.15951867
0.056074936
0.20227803
0.21576943
0.040813612
0.032185489
0.12300741
0.20760443
0.063026533
0.013880475
0.20097962
0.11535662
0.059180191
0.12418348
0.13206024
0.21521835
0.13941094
0.024710234
0.17301268
0.11685171
0.04522618
0.17072091
0.19075554
0.17381999
0.15280748
0.027189499
0.17029353
0.10818088
0.0018819221
0.16645219
0.097508343
0.20740055
0.14999582
0.1446152
0.052743857
0.17295341
0.16596582
0.074390777
0.0033682131
0.012810748
0.20681001
0.060578522
0.072683542
0.0006463199
0.016149921
0.036880166
0.13697499
0.055332887
0.11585559
0.15799203
0.11467145
0.064271656
0.12812748
0.14753403
0.00085292956
0.063358772
0.012567626
0.0012285557
0.061688184
0.06999405
0.10161078
0.16860367
0.16460939
0.20179753
0.17776538
0.085855322
0.16086823
0.0013312054
0.022364073
0.1910386
0.14696522
0.037940228
0.19921622
0.092671722
0.20468166
0.1328074
0.20067163
0.16134698
0.028261943
0.029321713
0.21540481
0.18843676
0.065229397
0.16446182
0.060258101
0.18640032
0.15772702
0.036127294
0.17627588
0.15979613
0.088106544
0.12150811
0.023943083
0.068011376
0.048155888
0.085465852
0.052629572
0.00088478082
0.20761869
0.20181217
0.08439013
0.14839984
0.034590999
0.079431632
0.21516616
0.20966897
0.16304474
0.099063916
0.0013271529
0.13638804
0.14270672
0.20118638
0.058194252
0.10527172
0.15381538
0.13431654
0.04420728
0.12964421
0.061637942
0.1018433
0.0013957644
0.051360997
0.12449384
0.046922516
0.11703909
0.2081519
0.20241917
0.17306886
0.15264664
0.0098309196
0.022858979
0.071749228
0.15591199
0.0013984126
0.13351024
0.11243074
0.16719796
0.14275921
0.033502854
0.17699227
0.0009393364
0.21489449
0.064380486
0.14741294
0.18437211
0.19539164
0.018292038
0.18293036
0.20831519
0.14235586
0.085520832
0.11885512
0.1840901
0.14158134
0.12422687
0.15571868
0.11973208
0.18693293
0.20118259
0.025226146
0.0021705216
0.14815872
0.076838534
0.14008527
0.21525549
0.053797099
0.18140459
0.068324494
0.014123764
0.19716196
0.21549831
0.18516321
0.19491315
0.1306224
0.058428164
0.10669073
0.022650308
0.13239037
0.074834792
0.07470024
0.035026204
0.064403541
0.15645521
0.018382963
0.081867766
0.10312514
0.21542993
0.051398929
0.035734654
0.033595674
0.061434772
0.18388812
0.21193175
0.21342446
0.21550313
0.056086529
0.21555057
0.0071585844
0.20494321
0.21532614
0.076293169
0.14273198
0.035043731
0.0010914668
0.13355431
0.047410526
0.21357098
0.055769437
0.13683547
0.058768453
0.15587285
0.21526293
0.10351601
0.10243523
0.0013858084
0.21389127
0.10652946
0.029192573
0.066051456
0.0014026571
0.090162163
0.1426254
0.001584372
0.21526626
0.001694634
0.08564613
0.1447465
0.032504246
0.010127797
0.074870217
0.046491381
0.15761975
0.19940211
0.20338391
0.19576706
0.19696511
0.087336929
0.0023549663
0.18318956
0.084002265
0.14708722
0.055594723
0.21465018
0.18400042
0.1453495
0.10786471
0.00089857465
0.2156269
0.073812988
0.14735479
0.066143229
0.069905659
0.20906452
0.11201826
0.082130141
0.00090370651
0.17809272
0.17449534
0.17111049
0.19574891
0.17694849
0.0033992435
0.05444163
0.0015310857
0.15303151
0.018186918
0.16403624
0.12331465
0.079978711
0.12409477
0.15778595
0.094870366
0.075955309
0.18470171
0.13537339
0.073148259
0.084407493
0.096730473
0.17819932
0.10660236
0.17199024
0.17519494
0.17310772
0.1449924
0.10145413
0.15996302
0.073524278
0.20779248
0.21535865
0.045565877
0.048971135
0.12792537
0.16527762
0.059133099
0.080359472
0.099081957
0.15681951
0.056806949
0.04694678
0.10021528
0.046520939
0.12780241
0.076167005
0.1793344
0.14320869
0.13314241
0.19054902
0.18031954
0.045804848
0.082757887
0.12430416
0.039769747
0.19359853
0.19151765
0.15347885
0.064367164
0.14463952
0.20593049
0.16295543
0.15740591
0.017534898
0.19051909
0.0010635157
0.0015281683
0.094344512
0.18571772
0.18498616
0.055356545
0.13457171
0.06507002
0.10055007
0.12690655
0.00063397017
0.19788408
0.00092677769
0.048927754
0.16825121
0.19059648
0.006427975
0.083408195
0.029695771
0.1631459
0.11270454
0.21555045
0.17296662
0.19954318
0.0014945381
0.2156096
0.040045724
0.15874703
0.21561666
0.15134718
0.059201725
0.068927008
0.0014907248
0.19823016
0.0012250035
0.20783138
0.16024388
0.13802901
0.13625802
0.084535979
0.16215308
0.19393845
0.12938482
0.16608344
0.067505552
0.047411856
0.056320749
0.14312367
0.10838734
0.16867034
0.21526911
0.067414251
0.0014478795
0.050433977
0.086891302
0.10029957
0.065661556
0.069329555
0.13027708
0.0010024265
0.19159597
0.078836187
0.0070164157
0.18160463
0.05914245
0.079361801
0.18363251
0.084075753
0.20750987
0.094224917
0.18446059
0.18124054
0.1300486
0.098901058
0.14248747
0.087147569
0.16258688
0.098822788
0.21520167
0.0042613849
0.20609173
0.00073569753
0.00098387782
0.076712395
0.14731555
0.20737769
0.1143783
0.18761569
0.030231655
0.0042944494
0.023609313
0.13016435
0.097528723
0.019280039
0.1921863
0.20523952
0.053837447
0.031532541
0.11584508
0.0065807469
0.10299604
0.0062799075
0.0060138486
0.15048301
0.12332551
0.07251814
0.10526411
0.21573564
0.14454971
0.092129209
0.063521222
0.019219889
0.10585926
0.14830404
0.10643464
0.20652861
0.12802158
0.10658995
0.0062257932
0.13367263
0.13169345
0.045004876
0.14699048
0.090552422
0.085544241
0.18096012
0.19190991
0.1376041
0.015113996
0.099934139
0.16967022
0.093121934
0.047127383
0.16541624
0.19403049
0.078657297
0.030757776
0.20874968
0.15826276
0.046628589
0.14837825
0.095212695
0.11374598
0.16025272
0.10365223
0.010707518
0.21553632
0.0035557167
0.05316264
0.079649017
0.047785327
0.034770102
0.057602059
0.14062674
0.10452078
0.20591091
0.013469741
0.20244813
0.094222228
0.18908168
0.003746411
0.14622793
0.11845889
0.17915419
0.16035767
0.031978325
0.056476869
0.032253869
0.16606501
0.091483365
0.1097471
0.14041353
0.061628372
0.081767673
0.018263854
0.21513982
0.11299228
0.10491606
0.16757638
0.21562113
0.00049131972
0.18120589
0.082397491
0.12400085
0.20453518
0.089242362
0.18623884
0.14434905
0.0013182956
0.1207966
0.10173655
0.047940784
0.00069126199
0.15203538
0.072318532
0.10164153
0.095404926
0.04341757
0.15980123
0.034445628
0.20060025
0.13812244
0.14857404
0.061422565
0.084871142
0.15635247
0.0014858746
0.15907223
0.053632694
0.19017517
0.12420502
0.00049008224
0.0012385987
0.11226367
0.079317598
0.072809828
0.068753143
0.18798159
0.021240391
0.16091222
0.19699624
0.16874203
-1.5505676e-06
0.20328752
0.20844438
0.095337793
0.20158725
0.020807867
0.16217481
0.17366856
0.0011165542
0.071966006
0.085576601
0.15609325
0.10106537
0.18699057
0.0013372121
0.21570944
0.19387365
0.20736728
0.15607602
0.20394446
0.063806057
0.1709532
0.2050435
0.17909425
0.030136799
0.086896523
0.11959788
0.0012292466
0.010319245
0.083175511
0.12869136
0.18831143
0.0012968224
0.15856335
0.15141122
0.096916544
0.03306368
0.18322053
0.18326822
0.12589814
0.19882961
0.14188782
0.17545032
0.0055615118
0.2155543
0.17131405
0.021359347
0.0015475391
0.20952218
0.19575042
0.21542637
0.18182905
0.15053617
0.071569824
0.057347258
0.047699373
0.18132058
0.21564633
0.0012792683
0.2157519
0.21542301
0.20329657
0.00085256348
0.042931721
0.090633287
0.013386643
0.21570266
0.1753304
0.05756625
0.11167699
0.12824653
0.15807829
0.0021297196
0.10098702
0.20544769
0.074224356
0.047808281
0.00089286249
0.099926685
0.21517387
0.0055851302
0.21517344
0.15764437
0.084702281
0.1254249
0.00075854082
0.15272385
0.12660316
0.12752511
0.17731063
0.057275647
0.0023456721
0.072901785
0.21554945
0.092485281
0.09250996
0.14701411
0.053333571
0.00081744075
0.00084056716
0.14575857
0.087651109
0.19833637
0.048060185
0.14486004
0.16166901
0.094679316
0.15639709
0.068286741
0.14529244
0.21529879
0.088077164
0.0017861118
0.083198487
0.19158586
0.03456419
0.19935512
0.033783607
0.04499555
0.1025077
0.02593745
0.10110274
0.13495022
0.031502639
0.20168787
0.071759983
0.0072469632
0.004083693
0.082079377
0.0075235983
0.01567546
0.18301197
0.088350671
0.12712022
0.19495403
0.15555757
0.21534079
0.06360033
0.20515518
0.21320224
0.0040704539
0.10425953
0.1502252
0.073451611
0.20911544
0.0064050536
0.1991129
0.14458987
0.0061082765
0.029883342
0.13528863
0.19252645
0.18743594
0.1986286
0.00088270903
0.1950547
0.0038483278
0.13730503
0.079778968
0.00098724365
0.16828279
0.0081391566
0.0011940557
0.17983751
0.20405981
0.18629212
0.19328957
0.15783709
0.10379228
0.099009585
0.0038547169
0.16497651
0.07866449
-0.00031656919
0.045560947
0.036720734
0.017554081
0.16085562
0.00063974298
0.066805182
0.0012156255
0.20585611
0.19077763
0.00081697385
0.063136333
0.16076129
0.20943926
0.084292542
0.1718607
0.16933286
0.001425413
0.1063405
0.21569383
0.018589271
0.0070411441
0.063837928
0.031395762
0.11633935
0.17775833
0.198703
0.065419397
0.059865244
0.098564101
0.15402127
0.04724215
0.21495239
0.21554963
0.04501559
0.095869364
0.0066311206
0.088783702
0.037571086
0.14803836
0.029175545
0.082678095
0.13189746
0.16152126
-0.0013387195
0.21443651
0.1951291
0.018192345
0.076594576
0.13458184
0.13615303
0.21536778
0.20916775
0.00071845789
0.083546325
0.17363169
0.20225502
0.057436851
0.030982542
0.15965066
0.13669684
0.033421346
0.078445216
0.047313753
0.10829462
0.20906911
0.14842936
0.058986596
0.18576373
0.18926721
0.087769654
0.10321981
0.13629368
0.00083369804
0.14152622
0.11426351
0.19028953
0.1467768
0.036318615
0.20810562
0.011012341
0.083687194
0.064746802
0.00061951231
0.032353564
0.11577964
0.0036540526
0.10982027
0.16549496
0.18747537
0.00093255233
0.21530868
0.097870633
0.21547859
0.0034414864
0.20645953
0.19997284
0.098587059
0.0013175063
0.16262657
0.0011052394
0.20220608
0.059355883
0.0043440771
0.010689939
0.029706336
0.10992164
0.16422559
0.20036377
0.0017267161
0.060763307
0.056516415
0.17343497
0.10696336
0.20226038
0.00047482191
0.17018215
0.13630614
0.0094216634
0.21535979
0.0014984897
0.21571767
0.071212883
0.21551241
0.09398744
0.004076182
0.19162979
0.002065877
0.2152694
0.04456994
0.200535
0.0016876367
0.083663013
0.015759954
0.056100611
0.13399891
0.2152732
0.12020215
0.2038301
0.070165016
0.01792109
0.20675035
0.044974091
0.052123408
0.069949295
0.20237764
0.0014872275
0.14640762
0.029552878
0.0049667957
0.0007133692
0.15338788
0.1548857
0.095161077
0.12663547
0.16506322
0.20200829
0.18748546
0.085508552
0.00058755378
0.01057617
0.040629184
0.093948898
0.0010666395
0.097421029
0.079408318
0.21265838
0.16753631
0.19813579
0.21557331
0.064878759
0.21533357
0.0014618944
0.0010835777
0.1334546
0.034144877
0.034675638
0.085013881
0.017569913
0.029834541
0.12359519
0.20771413
0.12166822
0.13094067
0.030473439
0.10232999
0.20889592
0.028707001
0.010877164
0.079201845
0.052556401
0.045478185
0.053603828
0.13661466
0.21563367
0.10295554
0.021957806
0.054400149
0.071738963
0.15329949
0.14778937
0.075609349
0.010593334
0.10584127
0.00087577971
0.087143463
0.042722188
0.13063495
0.0010942287
0.18899137
0.18738843
0.21543095
0.040233713
0.13113148
0.15930428
0.034721173
0.058392533
0.13841269
0.083360118
0.0015101039
0.16703759
0.092264232
0.00085821954
0.19595675
0.086996472
0.03795041
0.20219014
0.054275084
0.2064373
0.20584213
0.12943758
0.001967787
0.20644598
0.092256424
0.19326059
0.21525201
0.081473409
0.0012852843
0.013785903
0.21532437
0.089415548
0.013559583
0.092175432
0.040097787
0.21544441
0.088942528
0.20689706
0.088172314
0.13537596
0.12255133
0.054880143
0.2153826
0.19114225
0.10084728
0.09682346
0.15108225
0.11889567
0.16921496
0.0013463008
0.070870424
0.091574585
0.00092819841
0.01600079
0.16728008
0.17412317
0.19334227
0.048397154
0.080078834
0.21513483
0.21524048
0.11869747
0.0009535633
0.096871252
0.18190459
0.09746201
0.18949517
0.12392644
0.16444571
0.07306344
0.20214752
0.19769223
0.082215326
0.081234574
0.026147119
0.15477596
0.21562077
0.11846493
0.055971109
0.070561542
0.10052409
0.047800495
0.21535985
0.13204103
0.18234701
0.0043724123
0.21603367
0.0043513916
0.038470687
0.17298422
0.18627494
0.090073791
0.10133169
0.1832321
0.20702957
0.035561773
0.001789167
0.0014961464
0.076473927
0.11570857
0.085243823
0.1373443
0.11032962
0.044559554
0.17450646
0.0015377832
0.2146114
0.029828595
0.17296592
0.1324092
0.0008902189
0.21248649
0.21538481
0.075866666
0.050322243
0.10831086
0.080878581
0.13416484
0.14715849
0.12829687
0.049806419
0.045675699
0.10190044
0.13120259
0.14666893
0.1361703
0.0066708612
0.0083636221
0.04868523
0.20040251
0.065388494
0.17129024
0.17165695
0.13540942
0.055733102
0.049641236
0.037301757
0.087949478
0.18015754
0.029025791
0.0011288018
0.05423269
0.20063123
0.054780812
0.13067416
0.12880287
0.1663294
0.054158869
0.12322216
0.21568091
0.15557266
0.11180858
0.00090426752
0.09235288
0.082622306
0.13334401
0.079066429
0.050209443
0.063808003
0.21481346
0.21519295
0.0042624376
0.21489677
0.0078029603
0.21555207
0.0044616314
0.10302647
0.062685411
0.020301717
0.087974133
0.16202823
0.18414191
0.11723059
0.062946758
0.00076420085
0.074425965
0.18727878
0.1451708
0.0014752239
0.21027256
0.064395437
0.10093776
0.19864239
0.12943032
0.18015965
0.012901633
0.18729634
0.00083911213
0.054323652
0.030842105
0.19023863
0.15484176
0.21465918
0.16623071
0.15880771
0.14721374
0.19641073
0.0010655846
0.057558784
-0.00044064178
0.14765477
0.21521003
0.16866707
0.060253091
0.04885673
0.04428029
0.11957951
0.15235321
0.14238625
0.069894041
0.15813673
0.065020702
0.18883548
0.20888164
0.21301806
0.11518094
0.091323234
0.076743685
0.19653509
0.14959059
0.21535418
0.11298157
0.003346028
0.18645249
0.024799079
0.19958044
0.1309178
0.00090602683
0.14444676
0.18457122
0.00057760332
0.066483475
0.034246506
0.19634657
0.11673761
0.079174484
0.11697948
0.12201549
0.18310835
0.18015131
0.11177031
-0.00033739331
0.00099051637
0.056791285
0.055957698
0.15712711
0.058445895
0.15147758
0.057090832
0.097163328
0.04885548
0.026001214
0.21529126
0.030337911
0.071359229
0.1063172
0.082009935
0.17551546
0.15892104
0.19829033
0.10173427
0.036824039
0.21538181
0.0017580122
-0.0011271192
0.009240397
0.038498071
0.21556279
0.048581044
0.064475241
0.21526306
0.11875939
0.00092082887
0.21564745
0.20057804
0.034888597
0.12967146
0.022194044
0.20680393
0.011230929
0.074805538
0.18961009
0.15281868
0.16622604
0.21535358
0.21554305
0.057575958
0.13622006
0.0086505153
0.14026256
0.059686161
0.048519174
0.075723982
0.149853
0.076665286
0.19964778
0.11864895
0.16707995
0.10131522
0.10157207
0.13254226
0.058461681
0.075874616
0.022158925
0.061799773
0.12491101
0.21563061
0.037966503
0.14662483
0.15432869
0.12028598
0.1027856
0.038810487
0.18105436
0.024387678
0.0005329053
0.11496808
0.064323324
0.094811519
0.10641934
0.20839599
0.013334867
0.21497854
0.10785448
0.065024323
0.00022068252
0.21510143
0.065374429
0.0098491746
0.21530625
0.045095442
0.073279186
0.00099562056
0.1217969
0.0090591648
0.071901527
0.034082004
0.1193921
0.084666941
0.0086869748
0.12662626
0.18423505
0.14341049
0.060460629
0.0014392583
0.11186854
0.00039455606
0.078979814
0.21284682
0.20663603
0.20763811
0.021091371
0.21550644
0.19160208
0.15823948
0.010613685
0.035157935
0.058083382
0.07865067
0.12879735
0.13898204
0.18531277
0.01058024
0.18172439
0.059589167
0.014407609
0.21526756
0.19807544
0.14785374
0.21547994
0.21539805
0.022436725
0.16512559
0.0010981856
0.039173172
0.15925839
0.13565523
0.084939378
0.010414841
0.0808901
0.15514799
0.071853165
0.086490143
0.013262431
0.2152582
0.0014734173
0.038595818
0.053526235
0.15804229
0.089398585
0.043490036
0.21592869
0.19066134
0.024384164
-0.00046162808
0.2152602
0.031331262
0.16023306
0.11603236
0.00090157663
0.082020901
0.011043341
0.21556536
0.018817012
0.010718389
0.0037340101
0.048197934
0.17615275
0.15623966
0.049020635
0.040275486
0.17594197
0.16535079
0.062610332
0.0008233174
0.1484642
0.10558862
0.053356448
0.21548418
0.19902652
0.0007075062
0.050327647
0.04109907
0.032168912
0.14802176
0.034485009
0.1306018
0.001568674
0.009804598
0.07860704
0.1206105
0.14286567
0.13997771
0.029691389
0.20933157
0.15287005
0.027299928
0.14298851
0.013657213
0.13488721
0.0011185721
0.030303938
0.11634697
0.0557278
0.17175047
0.0093515679
0.099749577
0.18926867
0.21562248
0.036986154
0.21544284
0.19995988
0.19733428
0.04333851
0.0014938147
0.20494947
0.0059384865
0.018286254
0.12544031
0.2146122
0.061797212
0.072872772
0.049484722
0.01670257
0.035690585
0.0014982549
0.19018969
0.216105
0.026329975
0.044885916
0.12572129
0.1131086
0.00076456583
0.088125568
0.061995448
0.20620395
0.1793786
0.037355926
0.092894668
0.21525625
0.026756799
0.1480276
0.21558837
0.12369231
0.21550177
0.093986025
0.19105182
0.044922028
0.12272041
0.2081066
0.086031021
0.09167646
0.03417172
0.00084956106
0.029340491
0.13552512
0.060759838
0.081162472
0.035091052
0.13970921
0.010201709
0.01811626
0.18370918
0.013177564
0.089022753
0.013103504
0.21525059
0.00036683031
0.10754728
0.010356206
0.12346434
0.081655635
0.1763167
0.17171313
0.21561161
0.038802322
0.14026121
0.072061392
0.068188335
0.030875329
0.040382183
0.014984146
0.19494623
0.20745256
0.14227917
0.001285498
0.0031280642
0.0015761112
0.19849957
0.13268181
0.12316945
0.017998477
0.16502137
0.045118962
0.025332425
0.14409192
0.033118233
0.13171246
0.12744881
0.00068328739
0.010238708
0.0073437978
0.19183189
0.19625454
0.063320884
0.034620077
0.052423531
0.10101455
0.1771586
0.051874354
0.0007950264
0.015740485
0.14247644
0.027359211
0.027716695
0.17650559
0.084213709
0.089501397
0.033260508
0.017296568
0.010433216
0.087804714
0.064578887
0.036670183
0.038353931
0.19218131
0.074272206
0.027924716
0.039404989
0.034561474
0.17718454
0.10705731
0.14815531
0.082342614
0.055232067
0.12363747
0.0034007436
0.010227323
0.045451217
0.17064404
0.096247595
0.06917104
0.18657952
0.043818584
0.0010077854
0.13251559
0.13250227
0.097326525
0.16731968
0.18044744
0.022916746
0.19408646
0.076996392
0.18723381
0.03790148
0.030930678
0.084425553
0.21383267
0.027634648
0.19899483
0.05253972
0.076218247
0.013463472
0.14047668
0.21558583
0.19624492
0.15267256
0.054292399
0.080767956
0.0092730327
0.01701019
0.13059485
0.078354748
0.19386142
0.042117248
0.10328083
-0.0011040836
0.013722536
0.12731959
0.10590705
0.034677279
0.023290831
0.037217958
0.1111176
0.014062917
0.029330295
0.093371499
0.21533252
0.076333372
0.014112017
0.13968697
0.042281855
0.039869329
0.19357113
0.18370943
0.086260383
0.024320852
0.00045762989
0.087800258
0.0008147247
0.1857313
0.075592936
0.045166179
0.14664562
0.093011579
0.0063573817
0.044800135
0.21545665
0.048451534
0.11109272
0.0012127045
0.056606881
0.020089851
0.17948432
0.040564421
0.085311059
0.1057215
0.0052747836
0.1050701
0.0034716067
0.024330777
0.17147085
0.035116904
0.013596078
0.031651392
0.21567029
0.026126659
0.17701034
0.12643945
0.1319757
0.0040957638
0.19388504
0.088446105
0.0071374054
0.20323144
0.119396
0.10384455
0.11616357
0.0055396065
0.12519146
0.072419624
0.17863094
0.13844431
0.14502077
0.2154041
0.034555436
0.04712408
0.096367118
0.056537587
0.0041512418
0.10614422
0.050397455
0.0034947983
0.20297886
0.20601509
0.061089703
0.067595589
0.016705486
0.034120127
0.10225174
0.12172095
0.05325351
0.098815323
0.067840451
0.021670779
0.10955591
0.21570198
0.065188278
0.023412919
0.0025300412
0.16171291
0.023813384
0.063669722
0.1220618
0.1236731
0.14255723
0.077722598
0.031355709
0.1174093
0.001506163
0.016486452
0.10125184
0.14533693
0.20842662
0.13110903
0.065734254
0.0008797691
0.17731521
0.08625429
0.040426669
0.21496728
0.091814522
0.086697389
0.048843284
0.041004185
0.093710593
0.082277532
0.16496586
0.20833906
0.04799442
0.14915892
0.18652811
0.04014376
0.071794675
0.11538793
0.19589237
0.087933888
0.031407914
0.1975456
0.059021783
0.19583696
0.14019124
0.078450235
0.067734329
0.12868865
0.027758547
0.13828223
0.0042635969
0.147675
0.096497387
0.012425308
0.064646682
0.026106933
0.12580797
0.050876099
0.06955315
0.17271236
0.1992874
0.072254359
0.09050841
0.09497398
0.21521197
0.031965557
0.053599231
0.15388513
0.0014312433
0.20545199
0.06796522
0.17226506
0.017842522
0.18986997
0.067501271
0.21523748
0.0034556031
0.13434897
0.046316729
0.16447911
0.21530854
0.049146316
0.083669745
0.0015066333
0.12574062
0.20163729
0.15067171
0.19886149
0.084908265
0.10908671
0.018104337
0.0011266262
0.15530266
0.00050394415
0.044013628
0.071354164
0.17703854
0.0062242853
0.19026108
0.13672412
0.085261968
0.20486986
0.18660105
0.10761874
0.17369906
0.11265334
0.20473363
0.13491631
0.056282126
0.053785969
0.18428841
0.12181838
0.010250148
0.20666466
0.20556999
0.21468005
0.00086330235
0.028891633
0.020113167
0.19256826
0.058189464
0.21583061
0.053568314
0.13383651
0.16503471
0.17402885
0.20441361
0.094650589
0.017552264
0.041133203
0.12298261
0.21160139
0.05421338
0.12919663
0.19111985
0.0847886
0.17872115
0.027344838
0.21423719
0.20517382
0.021867234
0.070045132
0.079459759
0.21545703
0.17790491
0.0017190062
0.16261205
0.022359359
0.07121293
0.070932821
0.20626614
0.051938633
0.0011429296
0.12703326
0.16200188
0.062406821
0.094321557
0.1740344
0.1709166
0.18662156
0.11011636
0.051828954
0.20780296
0.12183294
0.11255902
0.17243191
0.080318764
0.014363055
0.0014076204
0.027155085
0.03068774
0.036501581
0.21574687
0.013948881
0.13728208
0.13713974
0.17695214
0.03057662
0.010296288
0.20701101
0.21559055
0.0014304332
0.21562871
0.17601105
0.093855069
0.16543537
0.027213023
0.18353921
0.095103593
0.016476488
0.20054154
0.16433509
0.188385
0.18252859
0.018148988
0.061310887
0.17706273
0.13055184
0.16567469
0.0527786
0.19254362
0.17250579
0.0092302567
0.086553662
0.018839893
0.04506645
0.18205224
0.035345686
0.012655805
0.046173529
0.06794776
0.15599614
0.16257908
0.19243698
0.13113908
0.12388231
0.21594278
0.089258228
0.18478961
0.066648618
0.073827517
0.0057545914
0.00096019875
0.0013701679
0.0010091204
0.067867397
0.063795858
0.18999031
0.0301272
0.12073467
0.036865931
0.15455271
0.06731008
0.11843008
0.04579939
0.16125558
0.13710607
0.19256006
0.096053176
0.1307754
0.0093343922
0.19411876
0.12721356
0.10541011
0.039050234
0.17401911
0.18653341
0.049753641
0.21521606
-0.001032626
0.10354586
0.18371661
0.12089677
0.0010359029
0.023752393
0.14087441
0.13308469
0.12721385
0.12452396
0.21351077
0.052778287
0.072769773
0.18677892
0.14421132
0.05968468
0.15901036
0.14389722
0.1753969
0.12561842
0.046162311
0.1411654
0.20860887
0.15718082
0.08562755
0.16701003
0.13292943
0.056847448
0.20092082
0.088230927
0.032651745
0.051885222
0.069196806
0.024213383
0.016265725
0.14313269
0.14323699
0.17840112
0.070168805
0.13316843
0.15406554
0.039210724
0.014585032
0.082213352
0.13149058
0.07621269
0.12301484
0.00088260207
0.020270981
0.042033574
0.045648172
0.088868899
0.018701044
0.021529247
0.035594081
0.19590374
0.078501699
0.031380914
0.1435936
0.042384618
0.15846688
0.030130647
0.1624886
0.14816507
0.0072998181
0.097125744
0.11988804
0.00021522421
0.2152703
0.15255987
0.058961235
0.15418954
0.0013031447
0.10889926
0.056699112
0.14012411
0.21521337
0.05136489
0.12587504
0.00090613103
0.13191471
0.0068655694
0.080525684
0.0014265682
0.118444
0.13168745
0.13255224
0.1347887
0.20795415
0.00057399944
0.0717925
0.047623964
0.049542919
0.20644802
0.10049252
0.029965116
0.00072668855
0.11883408
0.15523871
0.10790208
-0.0003470123
0.098500409
0.13923094
0.10840124
0.052075965
0.0010739195
0.10310258
0.1366727
0.12079052
0.094022871
0.060083929
0.10876638
0.18132027
0.15827521
0.21465329
0.15036963
0.20389273
0.18687265
0.18154857
0.058638937
0.17684253
0.026183034
0.13848993
0.21556058
0.19768857
0.11236259
0.063804744
0.083212497
0.12264588
0.15943306
0.080067367
0.025513655
0.013735828
0.027205781
0.11221374
0.13621273
0.10906099
0.14870138
0.1947856
0.18654619
0.0014565568
0.11419391
0.18245961
0.050080219
0.05511759
0.05043773
0.00085671673
0.11255551
0.0075772246
0.20791901
0.058725062
0.0083791159
0.040834836
0.13186607
0.12080827
0.16728318
0.085170925
0.1580877
0.048188208
0.18479851
0.19718181
0.17928294
0.017627598
0.13163394
0.16819856
0.010423414
0.041502036
0.03182501
0.14332137
0.03098318
0.073491667
0.002556812
0.033365433
0.20037955
0.11560945
0.18538468
0.103976
0.21533793
0.034107973
0.0233023
0.052516038
0.19721644
0.21466303
0.0060271021
0.21530067
0.026474945
0.13300054
0.19440242
0.1269767
0.038579507
0.14957755
0.058819955
0.05039048
0.11734952
0.13333269
0.00082649549
0.061631377
0.14409383
0.11320459
0.19583682
0.096100163
0.17625937
0.16889759
0.1384195
0.1459467
0.083868198
0.071204119
0.1827697
0.21547473
0.086012907
0.000918457
0.091167867
0.0090937535
0.20246409
0.048710992
0.12614497
0.17546616
0.21501166
0.17283199
0.0093032387
0.11639629
0.084758916
0.034098452
0.10207379
0.12940417
0.097007959
0.15726918
0.19438323
0.13675247
0.13466069
0.097042144
0.091315904
0.029770414
0.0789977
0.18361695
0.18846249
0.11897001
0.00085818951
0.10981
0.053348435
0.18988715
0.044414438
0.038386081
0.15984695
0.12683973
0.14314012
0.099822255
0.21534133
0.074391436
0.19780766
0.029121969
0.030954619
0.1578626
0.11260494
0.10090242
0.14914381
0.013291163
0.14182807
0.019411138
0.063017586
0.18877739
0.12773082
0.067994852
0.15720906
0.019083337
0.18491559
0.11961866
0.21622882
0.074233093
0.1150601
0.085025245
0.19904342
0.12427642
0.092494355
0.19532859
0.1645168
0.13999488
0.017928263
0.21530439
0.16840802
0.088161953
0.011623253
0.18335986
0.0010094666
0.16059655
0.0097972109
0.0010601772
0.0022767757
0.18060179
0.17862837
0.19403563
0.19938055
0.18569054
0.18451559
0.11122965
0.040626764
0.19567726
0.052774812
0.11104947
0.052520454
0.17718922
0.19279717
0.10389517
0.072730104
0.15449203
0.11788564
0.21505863
0.15619867
0.092863048
0.011314867
0.095419046
0.067957747
0.18060333
0.15569044
0.04814211
0.089843196
0.15917889
0.076825843
0.16201761
0.0010420294
0.036660015
0.056904809
0.12945735
0.018066561
0.08652467
0.021048849
0.13386211
0.00088992572
0.0018303973
0.001419668
0.12932452
0.048444852
0.11622838
0.20909491
0.0007469604
0.11862666
0.10475405
0.13093206
0.15668187
0.13199227
0.015453181
0.0013367689
0.19683177
0.0013108635
0.044485448
0.13454061
0.15925901
0.00016062069
0.12829212
0.022339072
0.045081468
0.049110218
0.19221264
0.12214738
0.18701297
0.21424686
0.10332728
0.20890423
0.10664506
0.097099068
0.16543626
0.089984989
0.18396494
0.060867448
0.12431511
0.0026484891
0.086975963
0.027174891
0.013691334
0.21477329
0.048391595
0.10644051
0.099340525
0.056566756
0.071166866
0.049445811
0.21587879
0.16190845
0.19962866
0.1452379
0.17057601
0.040375178
0.13972712
0.14439092
0.13130868
0.06495884
0.10975512
0.12433086
0.087383159
0.00071524893
0.069282259
0.11637929
0.12717361
0.19083839
0.021478571
0.049952816
0.20967774
0.19903343
0.17161515
0.19173632
0.16199339
0.0010822864
0.21532596
0.15208732
0.017605489
0.001517123
0.077248511
0.083196758
0.0565172
0.11104477
0.10630254
0.066051961
0.21527357
0.12442424
0.033762303
-0.00080609623
0.082037769
0.079932234
0.16064132
0.21466862
0.17316667
0.028217536
0.15798245
0.068537658
0.0020334988
0.19072227
0.14956729
0.069621614
0.21516406
0.21543588
0.16607634
0.18225848
0.026071266
0.11050878
0.068082492
0.20477217
0.10116137
0.17054176
0.078018829
0.0079272153
0.17950053
0.15005478
0.043531198
0.19303906
0.082759911
0.15415982
0.007005319
0.0066851997
0.1984605
0.19109488
0.017223612
0.1489378
0.069200099
0.10999525
0.1533046
0.081659145
0.19481181
0.1756888
0.0098060603
0.20378384
0.21553013
0.0008715478
0.13964718
0.1552547
0.12061049
0.21531762
0.00054541326
0.00061411931
0.018622429
0.21531998
0.010192863
0.0036944193
0.18975015
0.038135207
0.2083268
0.007649981
0.13282169
9.1661639e-05
0.21590602
0.093572725
0.0067916664
0.082795162
0.0015234002
0.14812773
0.21353674
0.0010361283
0.14707576
0.04273713
0.099887145
0.14939774
0.10543663
0.076464939
0.12696634
0.067845287
0.080374522
0.0066121988
0.0050589973
0.18471064
0.01711071
0.050424022
0.043643103
0.1791002
0.13124286
0.1358444
0.11730202
0.049378436
0.1610127
0.072706882
0.21535136
0.20408209
0.20876269
0.010035662
0.044059156
0.069090581
0.17991691
0.017900976
0.21529776
0.1387963
0.19402842
0.057376871
0.11370116
0.16208395
0.0011705597
0.05616776
0.087394402
0.0059898062
0.13396989
0.045418399
0.084208933
0.21342577
0.00810157
0.0085804836
0.12131251
0.092655762
0.11195221
0.00097225403
0.1240821
0.00091513073
0.15536208
0.13472245
0.084698128
0.0011417646
0.16805865
0.21425467
0.064143164
0.18904752
0.12190191
0.0063621489
0.020761967
0.10728241
0.14613386
0.064218416
0.17268096
0.052984487
0.060879203
0.0012686568
0.055911124
0.12583201
0.067881953
0.037376517
0.0031926396
0.085588111
0.051864797
0.18248898
-0.00065397011
0.215781
0.12278495
0.00087353175
0.2081789
0.003057637
0.14049356
0.019744656
0.14262786
0.0077811904
0.18583365
0.19392391
0.0010516242
0.21500722
0.21582201
0.10807708
0.20566095
0.17286228
0.0060055459
0.00060048886
0.20527361
0.014375336
0.2154902
0.10544937
0.005992634
0.095045307
0.10156577
0.20643241
0.20875082
0.11644657
0.018229248
0.0010433417
0.05095705
0.074037812
0.18164405
0.14646964
0.10819952
0.20234232
0.00063551644
0.044004769
0.061111734
0.067734292
0.0010968364
0.0034683268
0.13072294
0.11067126
0.091673304
0.00029431915
0.10580489
0.17933241
0.0050565187
0.059686712
0.023898471
0.1561722
0.0048862447
0.0082520866
0.16328712
0.0035439287
0.16507933
0.20596802
0.13988629
0.030521866
0.085113073
0.097035737
0.2154943
0.001108013
0.13711423
0.20410321
0.026467563
0.005470763
0.032939078
0.0010956896
0.0012860739
0.066273247
0.068093242
0.1155814
0.037033483
0.19890378
0.1707687
0.13454385
0.18021897
0.17650114
0.16012328
0.091429882
0.00094105635
0.044123711
0.099053759
0.21534379
0.20763494
0.059402454
0.067261764
0.052357073
0.13398515
0.0016185328
0.053295331
0.21504755
0.012914103
0.0036315106
0.21367062
0.2153774
0.0013164391
0.207509
0.0014676236
0.14946602
0.074234977
0.17070851
0.063077454
0.075665792
0.1334303
0.18001817
0.14038555
0.18927016
0.028581929
0.11583705
0.20731372
0.033003776
0.013431493
0.12605135
0.10900642
0.21529696
0.15583753
0.21595039
0.062298416
0.0006318084
0.0008075959
0.0014187815
0.076153134
0.16718068
0.12612898
0.16756681
0.207868
0.078193947
0.18027929
0.020602395
0.21561363
0.08140452
0.11719847
0.2153092
0.18316543
0.17549587
0.00084375212
0.21530824
0.00087048185
0.079019988
0.195227
0.15187835
0.035638582
0.043919731
0.12757368
0.17051461
0.1605492
0.21482969
0.19054799
0.17946053
0.09256279
0.13325293
0.13656928
0.21522558
0.043149958
0.066911668
0.052452181
0.08449644
0.033254841
0.078701633
0.051712528
0.1743329
0.17455899
0.00099906394
0.0013782919
0.033701028
0.0011315712
0.0021806928
0.2152279
0.026992248
0.19065319
0.003442783
0.14620387
0.10012132
0.006355607
0.092097899
0.21529086
0.0012233211
0.088840318
0.21523388
0.05027729
0.098610217
0.19073675
0.17791202
0.038314892
-0.00058185056
0.17358441
0.21536223
0.18577764
0.11201958
0.094648068
0.13869427
0.07904262
0.21555273
0.12425494
0.12036035
0.0003860438
0.21539939
0.14327332
0.041628956
0.21513057
0.087831157
0.079109782
0.02252417
0.083634715
0.2154952
0.16952749
0.19945417
0.19031745
0.21561152
0.13522889
0.1509803
0.21542986
0.13328574
0.21601689
0.01028998
0.001063078
0.00084860181
0.060409518
0.0045668386
0.099022629
0.0092434916
0.1598765
0.0045238788
0.21566533
0.187112
0.15812231
0.2151653
0.022415488
0.086403169
0.11008046
0.098503465
0.059514602
0.085972396
0.19341115
0.14321952
0.13197315
0.0045661141
0.18402314
0.17104415
0.004523173
0.010711343
0.1487162
0.026517285
0.2153153
0.17657348
0.21520448
0.21507947
0.094799551
0.0018497003
0.1245874
0.1535379
0.12982737
0.0053333335
0.12313115
0.079142165
0.071784191
0.15281881
0.20771065
0.0014388645
0.00010125131
0.034533491
0.16158757
0.00088345899
0.12152006
0.00091197614
0.010222899
0.11230506
0.17137939
0.00058522386
0.11326234
0.079028607
0.0009759782
0.21530421
0.19099617
0.070559214
0.21513869
0.13416311
0.21504936
0.11588036
0.20589029
0.080109377
0.13180068
0.0012683213
0.20658348
0.15329249
0.039652684
0.14020244
0.1578175
0.11318279
0.21562954
0.09680301
0.11923269
0.041130224
0.09031876
0.15910333
0.055845581
0.21295218
0.21338164
0.18190134
0.16013514
0.0089737483
0.19913968
0.17131374
0.0061975027
0.055523086
0.0015422636
0.053976643
0.008734679
0.21536597
0.11923811
-0.00076553415
0.21557423
0.19289306
0.21566079
0.089597334
0.12590136
0.13638464
0.087379505
0.0012134774
0.08813605
0.13940202
0.15594985
0.00075080456
0.1470722
0.17962321
0.02197823
0.038449655
0.045531476
0.016274279
0.16913197
0.17368908
0.096963789
0.16539622
0.20582013
0.17948874
0.045928596
0.21529888
0.0012549951
0.14769714
0.20667741
0.0033361425
-0.0001878129
0.20629512
0.10243871
0.16818974
0.029190894
0.14841144
-0.0010655806
0.2156327
0.04747561
0.21532109
0.082078404
0.21532715
0.20577997
0.091386883
0.21548162
0.026039117
0.0099341457
0.19648715
0.075689185
0.0047601224
0.00084909469
0.021818701
0.00053244871
0.19471911
0.075660689
0.21566414
0.11237574
0.068446066
0.17400486
-0.00036028087
0.20763665
0.093678408
0.13693391
0.030218884
0.15634138
0.20874592
0.099479814
0.031660072
0.15831332
0.001647703
0.16722786
0.0091270565
0.0096850158
0.18230417
0.12079902
0.050502525
0.033979233
0.13847062
0.018405455
0.17906039
0.0098315835
0.12704935
0.017586932
0.20483399
0.18359844
0.21468975
0.021180553
0.21480205
0.20042236
0.045950178
0.19118101
0.066191033
0.21575048
0.0047621423
0.15218305
0.059339352
0.21389019
0.12518537
0.059895799
-0.00097761274
0.21489527
0.0064463573
0.12336534
0.055063412
0.12054469
0.10359371
0.21328178
0.004891617
0.19992065
0.21527359
0.0088679445
0.19273027
0.21554818
0.013556812
0.034092546
0.013384404
0.19180511
0.13126749
0.010396179
0.022005936
0.014169894
-0.00055472291
0.013287865
0.014665841
0.18365146
0.21523366
0.12020544
0.083635051
0.048781939
0.18393685
-0.0010899979
0.013553932
0.14015593
0.080890205
0.021923911
0.10634987
0.017550186
0.079234747
0.10586771
0.19054491
0.20861929
0.030697887
0.00063435083
0.030809827
0.13279549
0.16060781
0.050590175
0.076395613
0.089753211
0.17473315
0.045665333
0.20549201
0.04574314
0.15011351
0.20885267
0.16842781
0.025013081
0.0065620171
0.010337457
0.00080557456
0.0092423055
0.010113461
0.077784293
0.027664649
0.010294191
0.19866241
0.089701871
0.0091728368
0.0010404456
0.015771146
0.096971338
0.093106022
0.20203761
0.021681519
0.15219677
0.19521728
0.033372726
0.040601281
0.082065885
0.11643836
0.051851278
0.10407284
0.17370641
0.17668045
0.048098446
0.095777953
0.19829979
0.20897068
0.11708877
0.13271319
0.15056765
0.06385895
0.034460879
0.034896222
0.1513219
0.010607699
0.091724661
0.097014235
0.10105985
0.19911076
0.091537647
0.039048829
0.12367935
0.016931231
0.0094131677
0.026962449
0.20517001
0.19836532
0.19616709
0.12931297
0.021984071
0.096120077
0.044075863
0.11378941
0.069153688
0.12057254
0.074328325
0.19587611
0.001000647
0.17101027
0.19818026
0.013613073
0.070594535
0.18568448
0.076035628
0.078277608
0.03799137
0.0011155636
0.17683788
0.038428345
0.15921078
0.13021644
0.017077258
0.20590929
0.02762853
0.21456808
0.047153692
0.052532538
0.041595542
0.045933739
0.0012240397
0.12210154
0.13490309
0.027236098
0.044358887
0.038488974
0.04044135
0.010021507
0.15133405
-0.00091289592
0.20998238
0.19658276
0.16991799
0.046050686
0.0092676674
0.014759646
0.0012829477
0.037651102
0.0012831673
0.20494907
0.027684583
0.035199124
0.0014321328
0.10322868
0.07547223
0.011765896
0.017080739
0.10029978
0.089586708
0.043595466
0.082710731
0.055853532
0.072461627
0.023475013
0.087889012
0.0009539462
0.11979328
-0.00049123728
0.0011970158
0.076855172
0.00095579325
0.071498231
0.03131873
0.21555218
0.013740237
0.14337527
0.086815936
0.21531314
0.061126611
0.053219042
0.066998593
0.014081248
0.031225114
0.092653842
0.040753682
0.056619744
0.10735086
0.0035677307
0.14356341
0.14633014
0.20456818
0.054659635
0.10227276
0.01972203
0.045426654
0.031762161
0.0022797128
0.18986959
0.1195002
0.15914177
0.030475578
0.12388161
0.095202618
0.10337358
0.04520663
0.024318687
0.18194533
0.085253395
0.052368824
0.20985631
0.15897295
0.13369906
0.11250458
0.06712971
0.041359505
0.10760719
0.020141944
0.093534226
0.19424248
0.10801838
0.17014094
0.04902407
0.029961645
0.013098987
0.17672353
0.068073605
0.027232827
0.029930254
0.037855404
0.099291711
0.036931015
0.15466291
0.0070404705
0.20038747
0.026661555
0.16512768
0.078410914
0.15489455
0.029641794
0.010451584
0.11315299
0.16742603
0.03723954
0.030671454
0.068662188
0.037406197
0.00026271093
0.21528493
0.1609434
0.062141306
0.089209896
0.053655425
0.18007312
0.14969466
0.12202933
0.014828248
0.20288125
0.13408689
0.067734546
0.11543672
0.03402648
0.12595819
0.1899148
0.20901709
0.035051262
0.16536911
0.12131164
0.13462255
0.18315503
0.17292229
0.050454599
0.20778384
0.10161127
0.18068103
0.086557546
0.19347144
0.16341667
0.05345191
0.029892672
0.12283415
0.13712516
0.17975346
0.2059337
0.034404964
0.13776426
0.018172944
0.098330419
0.082210272
0.17858611
0.030982598
0.18611614
0.04742025
0.051711239
0.13844378
0.20788737
0.020052417
0.11533093
0.215425
0.14038994
0.07216902
0.12686504
0.080787969
0.16238641
0.21543236
0.11549733
0.1096578
0.050960093
0.089863941
0.071773397
0.051664477
0.096750929
0.047630867
0.1712439
0.0067940763
0.10923916
0.0011044573
0.0013239426
0.047179831
0.18654036
0.19669172
0.16559707
0.17801601
0.03501432
0.001695854
0.097489072
0.029536558
0.2090279
0.027097997
0.21542505
0.059020871
0.038699549
0.0061569108
0.10156233
0.15519037
0.068172524
0.21516265
0.050213727
0.021039842
0.092682076
0.083708539
0.029683661
0.10580275
0.14322917
0.13302596
0.068153795
0.15421085
0.19724318
0.191283
0.018232011
0.17658348
0.072718164
0.10966235
0.088768527
0.1209058
0.12728678
0.19020473
0.045263408
0.12649223
0.17749492
0.19259844
0.096499772
0.038140447
0.083481021
0.21530984
0.046150174
0.065250485
0.047894848
0.088367487
0.071273059
0.16399111
0.055129423
0.10318631
0.019409238
0.14900841
0.039927371
0.078815398
0.16883265
0.045958682
0.088311435
0.20847663
0.065142617
0.20029203
0.086945771
0.094210008
0.14840981
0.13009291
0.21553926
0.15093931
0.05332528
0.08850555
0.041479881
0.178401
0.21576968
0.056465203
0.029705376
0.083711487
0.080562751
0.19079631
0.0008737705
0.085973327
0.048026317
0.017196763
0.034520561
0.001912611
0.044427293
0.16509513
0.085211638
0.012132017
0.18897608
0.085300237
0.071622136
0.056429363
0.071184993
0.20150411
0.10692619
0.16119959
0.069648884
0.12132843
0.063830664
0.17398498
0.13044991
0.17316522
0.19969104
0.1356554
0.10532332
0.065446875
0.084693748
0.031403841
0.12921201
-0.00073075924
0.10901615
0.12901061
0.0068561163
0.021252867
0.2144513
0.044830057
-0.0014928837
0.058487844
0.071633519
0.044820361
0.074463744
0.19317314
0.017615411
0.10866196
0.1337862
0.093097538
0.18231851
0.21564434
0.13154474
0.18394408
0.20908429
0.071126187
0.075724047
0.10556055
0.17259132
0.17234131
0.20072074
0.2051539
0.21525267
0.09011292
0.083561964
0.0011222755
0.072155839
0.17699079
0.098888537
0.13502583
0.017753194
0.18705532
0.13180008
0.041326246
0.15655465
0.023445866
0.023192158
0.21526948
0.21553117
0.19217536
0.19259678
0.013225697
0.029842784
0.014706542
0.056786342
0.04149026
0.12926282
0.12768231
0.00056259234
0.10756186
0.18646115
0.10815482
0.18970194
0.027096689
0.023957825
0.12832471
0.054127886
0.0013808922
0.15500813
0.0021566711
0.055902899
0.17048421
0.066841932
0.10844431
0.01024764
0.1272481
0.14679091
0.022733027
0.13713205
0.024259501
0.14053585
0.20033713
0.12824605
0.095352909
0.14097427
0.11850061
0.19513656
0.15453572
0.049661974
0.1311826
0.17631442
0.20501755
0.027281306
0.15718699
0.20462939
0.049112179
0.11110869
0.098919863
0.21321721
0.05176129
0.016602854
0.040654188
0.13839072
0.21543736
0.19296095
0.013468833
0.1593521
0.016564677
0.053962595
0.1831314
0.10899083
0.19719361
0.14604435
0.18360072
0.17258561
0.152582
0.19415174
0.13074926
0.063194537
0.21578254
0.053327499
0.13229187
0.1304316
0.052328278
0.066488735
0.056601815
0.03613175
0.071592808
0.00059246424
0.091731936
0.11301907
0.024937442
0.05394064
0.16516211
0.069340837
0.041251301
0.12382673
0.026481588
0.16308691
0.16052609
0.16682695
0.19863458
0.016861698
0.15647428
0.10182199
0.001322131
0.0080662485
0.10450355
0.016274363
0.084415139
0.030054075
0.00079309222
0.1949496
0.12618056
0.093993927
0.21536673
0.0074950815
0.18153303
0.17929777
0.068027393
0.10534989
0.19535282
0.13288264
0.00090240414
0.19803185
0.21518418
0.038502349
0.063238632
0.0015190208
0.13576406
0.0020300198
0.08931234
0.045926345
0.15150272
0.12007239
0.16849044
0.17869256
0.10876594
0.16228664
0.14253915
0.15025287
0.13995495
0.074434321
0.13087418
0.085992146
0.1371019
0.1190686
0.14631475
0.023298479
0.1974499
0.04575027
0.084584538
0.056089965
0.045924193
0.21518348
0.077820188
4.0855113e-06
0.0057823541
0.0055775651
0.13105034
0.070377719
0.027083437
0.08567562
0.13132606
0.11211306
0.21559507
0.21488325
0.11454099
0.045170308
0.062964017
0.090196859
0.15937737
0.21543315
0.090192837
0.20336055
0.0047131372
0.066755001
0.1185245
0.15446238
0.15554318
0.21542321
0.071948758
0.12730285
0.15907195
0.15723462
0.17587666
0.076116787
0.19989333
0.059769285
0.15888126
0.063579541
0.00097579371
0.21530847
0.18010335
0.099859248
0.019366269
0.14302174
0.10540498
0.070302153
0.13347007
0.032681368
0.16559814
0.00089791579
0.01592681
0.12414394
0.0011468425
0.2152969
0.21517553
0.096544478
0.063681757
0.10980375
0.049649102
0.12687489
0.1372426
0.081273954
0.08536974
0.18287263
0.030118968
0.0064231413
0.0014851903
0.0012151485
0.12448678
0.1316726
0.024549842
0.21543992
0.19952691
0.018513849
0.04476118
0.074095167
0.11118879
0.11941654
0.13488044
0.093126251
0.061170708
0.10951072
0.098918539
0.21476947
0.0016031887
0.10205757
0.20852085
0.081872124
0.21541827
0.16391985
0.031146938
0.12427758
0.0015069651
0.1772344
0.13634882
0.20652239
0.17276401
0.049086436
0.09775034
0.065505367
0.067959638
0.1163051
0.16409857
0.085992108
0.19090705
0.076856997
0.1097514
0.070582313
0.19405677
0.21400714
0.0061016739
0.021682263
0.19145332
0.047213344
0.14303362
0.11593553
0.00098640486
0.14611054
0.18559258
0.097375205
0.1236152
0.13721198
0.19707726
0.095200959
0.15395018
0.13200177
0.21459308
0.1925211
0.13910684
0.089175207
0.15771218
0.031782393
0.057055006
0.11282382
0.16155588
0.13301162
0.096762149
0.085482427
0.14324791
0.0010953271
0.027578176
0.045168663
0.11959858
0.044381629
0.20051069
0.038890448
0.0050172589
0.1644794
0.21540162
0.078290434
0.13840055
-0.00079933283
0.042135692
0.18436755
0.0048090168
0.1819912
0.13999972
0.21522443
0.013633193
0.048592405
0.20776046
0.030096607
0.12243446
0.08205116
0.082899392
0.12000692
0.1665987
0.089520736
0.12901739
0.047983454
0.19424829
0.099611925
0.21533286
0.0022012279
0.11464072
0.1965016
0.2152064
0.17459829
0.057050182
0.001443655
0.070379252
0.19873641
0.083482305
0.12819635
0.14994821
0.18411463
0.21537078
0.068054363
0.00036014977
0.091445172
0.0011271928
0.093406574
0.21547971
0.054717236
0.19633129
0.19579127
0.041049743
0.017702598
0.14937207
0.15232951
0.16916348
0.21470661
0.095063569
0.049779468
0.05617537
0.08824475
0.022959682
0.035571129
0.13638866
0.089731202
0.027178095
0.096374671
0.21528729
0.049320184
0.052322572
0.059640324
0.12717101
0.11668061
0.080917015
0.18561212
0.082690445
0.012501763
0.21565704
0.21528252
0.16825858
0.16993903
0.20309951
0.13779492
0.14613419
0.11748847
0.18314826
0.099544525
0.10123481
0.11944509
0.14966844
0.0068836634
0.006556893
0.15367558
0.12126243
0.2151582
0.21029673
0.1865426
0.0045392683
0.055895146
0.072126467
0.14926878
0.18914795
0.0013851986
0.14278497
0.0065176002
0.20426324
0.0068314903
0.0013486335
0.079897286
0.0046220689
0.068335522
0.13574032
0.0060849676
0.096162699
0.20621159
0.16179998
0.048243426
0.058692484
0.10095201
0.14652565
0.18659184
0.16329604
0.21578227
0.098683855
0.11910762
0.21550865
0.11316209
0.10318958
0.017772524
0.011941549
0.13602441
0.19424915
0.14953791
0.050459549
0.038708246
0.11848674
0.10041185
0.15352727
0.072708157
0.04886842
0.11349118
0.077891488
0.076644679
0.095063903
0.12031749
8.0168328e-05
0.2055333
0.20874327
0.001164091
0.00097626506
0.089513777
0.079865829
0.14429264
0.1111234
0.18246792
0.10999727
0.0012272734
0.0014793469
0.16644629
0.16042533
0.00069758884
0.18886519
0.0014602981
0.2155892
0.21276269
0.084828131
0.20905986
0.05490409
0.16489527
0.00086016985
0.0016475885
0.13988569
0.064723337
0.21566387
0.013824682
0.21610201
0.21539385
0.13455881
0.00093682454
-0.00055281914
0.17905404
0.12597682
0.0010047493
0.15701219
0.069455736
0.014351554
0.19864534
0.076708336
0.082007689
0.091667709
0.12451674
0.19299281
0.13903044
0.15601853
0.11006844
0.099529966
0.17739227
0.1794528
0.21530879
0.17942949
0.064448893
0.068824499
0.00081641043
0.12375421
0.00089172635
0.005235488
0.19705991
0.11308036
0.11597938
0.037930112
0.096571068
0.15270034
0.21512194
0.070591128
0.11285503
0.069423909
0.20238411
0.20482309
0.005478758
0.0021264571
0.048874384
0.044828293
0.18975759
0.08613722
0.082764695
0.049355361
0.084531465
0.035446471
0.20344001
0.12193117
0.085565068
0.12957244
0.040775132
0.14810679
0.0015641568
0.08475649
0.20936621
0.21311744
0.0012691266
0.17265151
0.009116103
0.15610001
0.16384464
0.11628233
0.048601296
0.10549088
0.19949629
0.046132632
0.1113167
0.065995416
0.17262101
0.20846683
0.21608887
0.13766409
0.18527788
0.0054902284
0.15008389
0.0052755129
0.0004552267
0.13705137
0.14353518
0.094893792
0.132718
0.14379236
0.0015384591
0.00080178224
0.010498315
0.15610337
0.11421407
0.18377937
0.01447084
0.21531505
0.077147355
0.21526556
0.08841228
0.022649829
0.19484183
0.010633234
0.0015543983
0.17368385
0.0014654344
0.11714279
9.6017159e-05
0.0024932744
0.056265135
0.0021689451
0.17954116
0.022367544
0.19532638
0.17264017
0.077430278
0.12333885
0.21527681
0.059365879
0.034533129
0.12931706
0.023578306
0.0046734852
0.004677329
0.088899411
0.17473306
0.020994887
0.0308712
0.17727377
0.17286659
0.14202257
0.17365436
0.03549935
0.20836454
0.044179755
0.001470262
0.00085803356
0.15555945
0.18986726
0.13530692
0.12079358
0.0096277844
0.0090852684
0.0612836
0.0049847786
0.020648261
0.11111227
0.20814644
0.00087817658
0.1221156
0.16481037
-0.00024706987
0.11947035
0.17110413
0.17588329
0.0070947886
0.089799971
0.057064852
0.20803496
0.14623537
0.05463006
0.0079181324
0.14232695
0.20817191
0.20795494
0.18681293
0.052985586
0.19539638
0.16393121
0.17903906
0.026617823
0.091875554
0.20866314
0.079269119
0.082386457
0.10856693
0.0011710962
0.10508437
0.01249116
0.00145644
0.14326142
0.1240486
0.1225457
0.20605008
0.001123761
0.15010732
0.10578543
0.20771618
0.12888027
0.13371982
0.19026401
0.075332792
0.21543899
0.16791613
0.2158611
0.0043370906
0.2077703
0.059890505
0.034186787
0.0010186248
0.019578483
0.178631
0.16998112
0.14787095
0.0010861503
0.020918115
0.19661173
0.18089452
0.21514428
0.20845911
0.095504311
0.16642886
0.15802554
0.0050667967
0.055521756
0.21530949
0.21539183
0.0048988089
0.12383835
0.0014555607
0.15303506
0.024651936
0.099904598
0.015747881
0.11559997
0.080679027
0.020411987
0.0042821366
0.16799097
0.18651192
0.2153436
0.052580336
0.21572538
0.15979934
0.097251008
0.12300132
0.21151898
0.16162168
0.1682194
0.098603637
0.18250432
0.19859939
0.12899724
0.0011893834
9.6190194e-05
0.21604964
0.0015024677
0.05957769
0.21568478
0.0014613951
0.001576563
0.16387696
0.095284409
0.066547558
0.21549912
0.00084736686
0.16552037
0.070730755
0.0014606832
0.00089073783
0.16109446
0.13634055
0.21455846
0.0015118075
0.048600951
0.059555547
0.0015087563
0.025132507
0.21522077
0.16172334
0.17942343
0.060671823
0.09485495
0.060457357
0.1980058
0.052564226
0.11225756
0.06907876
0.13419525
0.082509372
0.0011293398
0.017415739
0.092006581
0.10844445
0.071760418
0.11097727
0.001548237
0.10936215
0.21530861
0.15172619
0.16748207
0.1061153
0.14699461
0.0066686589
0.11123698
0.1750199
0.061225116
0.20517768
0.07874836
0.18261728
0.14636082
0.0014898578
0.0011359478
0.10677976
0.20559577
0.0012667589
0.027717771
0.21601491
0.12126046
0.21537631
0.0010111893
0.094989404
0.18756632
-0.00055724551
0.00044514952
0.19482942
0.048493636
0.15113369
0.027276188
0.1409993
0.02363292
0.19266614
0.17434947
0.12578225
0.21524387
0.21530205
0.12231871
0.11762064
0.067920065
0.184815
0.17963022
0.12941189
0.11661405
0.0066466158
0.001701477
0.00013167652
0.0010173935
0.15805659
0.00065240413
0.21554147
0.054985311
0.20801419
0.17007997
0.0013884261
0.001111637
0.056424452
0.11732185
0.20887608
0.0021944414
0.080216589
0.16792257
0.018235603
0.14960558
0.11328167
0.21536596
0.10178643
0.00056969145
0.18559122
0.0014710633
0.17075474
0.085114604
0.00064868015
0.10945921
0.060302448
0.089698318
0.0058543289
0.0055804801
0.090111739
0.16948551
0.0014844134
0.20015901
0.045040787
0.17298247
0.20189302
0.042213892
0.0017334856
0.21508549
0.00062714018
0.092576703
0.0014215408
0.11005049
0.0010194289
0.14043197
0.21529588
0.16513011
0.21546761
0.13902538
0.07483045
0.0010205249
0.045532321
0.13051265
0.19128471
0.069236945
0.15936134
0.026444577
0.17589841
0.17271739
0.2037575
-0.00085237576
0.0013732029
0.21536528
0.17911239
0.21513607
0.089197713
0.21528758
0.15413909
-0.00082218191
0.13185237
0.16796227
0.1705344
0.12009017
0.0010086486
0.17175055
0.1898287
0.16043888
0.21542049
0.099850717
0.21518734
0.063349692
0.21535523
0.19241423
0.0013206288
0.02338429
0.099211027
0.17466568
0.052635111
0.21558929
0.14725211
0.0001854567
0.10733983
0.12798891
0.21375461
0.0010014779
0.21363753
0.21559164
0.067208125
0.21526058
0.15771731
0.10644359
0.19379373
0.17610916
0.11341327
0.00022383084
0.2159026
0.016977892
0.12245604
0.21406316
0.21587203
0.0015150194
0.030724532
0.1515178
0.043445609
0.14850959
0.21532765
0.016809981
0.16367931
0.00087232595
0.19001296
0.11645923
0.18646055
0.19524544
0.15699156
0.12349151
0.2155754
0.068074534
0.16897997
0.14893717
0.0015029469
0.0011320925
0.0014593565
0.0010417794
0.00074969995
0.00013753008
0.1263956
0.14257914
0.063322302
0.14858012
0.21545749
0.15170361
0.13876108
0.0055524171
0.21545811
0.16028325
0.00097383447
0.17395649
0.10191688
0.030089046
0.00095271512
0.0015073512
0.12043351
0.11330761
0.18667701
0.096807811
0.084586468
0.0012867436
0.086080723
0.0053312425
0.083532976
0.12653108
0.21528006
0.21533265
0.0014515542
0.21579148
0.20658659
0.075531434
0.0013785829
0.12663091
0.12913295
0.18299552
0.21520574
0.12564257
0.0012596417
0.21458477
0.2056101
0.17036407
0.00093103087
0.0012788585
0.0012190303
0.0014639672
0.078008718
0.19968873
0.0010554528
0.0034964885
0.1066178
0.0031840957
0.2039609
0.21557505
0.0013437105
0.0027233044
0.12308903
0.0013831481
0.21530613
0.0018876179
0.0010321614
0.06648415
0.016251074
0.12916103
0.014131847
0.15832486
0.12229496
0.071489876
0.16756406
0.20570038
0.21351858
0.21618388
0.0032458703
0.20879921
0.12279876
0.12258442
0.069336038
0.18394869
0.00070532124
0.088784866
0.0014465397
0.21539177
0.0013738421
0.13489063
0.12851814
0.0014259545
0.139035
0.21561081
0.01361265
0.0012054146
0.16061817
0.19526094
0.0035899681
0.13272077
0.17596582
0.21533439
0.098740538
0.18242939
0.0010425423
0.00070926895
0.18169134
0.20874766
0.13247369
0.18670938
0.017631155
0.089576312
0.00086641669
0.0013210167
0.19435528
0.21575742
0.20769564
0.10361543
0.02320986
0.088203165
0.19044595
0.20874241
0.00065507153
0.02451079
0.21539471
0.21537506
0.083739073
0.10860321
0.18355332
0.14892642
0.21427977
0.1339056
0.070983641
0.14874486
0.21611625
0.12970176
0.20030056
0.0010703976
-0.00092077428
0.11948529
0.1495521
0.2138939
0.086358683
0.0022370442
0.21533502
0.21558082
0.15176032
0.054563753
0.034451514
0.21521654
0.15484725
0.0020536733
0.0015805802
0.027693918
-0.00063653465
0.10632287
0.21501288
0.0045565254
0.0042674134
0.18695638
0.21555926
0.21492652
0.00092392363
0.037703789
0.13516827
0.15792828
0.00088572758
0.21538998
0.17031603
0.037345616
0.00080449401
0.20573127
0.0010909757
-0.00049222389
0.16659919
0.21559694
0.00081518531
0.0013196087
0.0013849267
0.0010706272
0.0012564229
0.0015304303
8.3231846e-05
0.21616526
0.2153003
0.20793954
0.0033138483
0.00010521517
0.21606262
0.2139422
0.077488936
0.21519895
0.21542798
0.1591766
0.0010712226
0.003487865
0.17265779
0.15083862
0.00096060073
0.2152644
0.0010404302
0.18311755
0.20160081
0.12597774
0.21522183
0.17047069
0.00012048566
0.068082407
0.19352501
0.21530315
0.21543078
0.001890938
0.0011716149
0.089501392
-0.00051056051
0.017724725
0.0014037895
0.0009846151
0.00081314483
0.0019083626
-0.0010120349
0.15664351
0.0054403544
0.0025812077
0.21491045
0.017105322
0.20717888
0.0055371377
0.18364807
0.21500155
0.13012755
0.16400827
0.00092776843
0.12747399
0.0014972988
0.21561401
0.16286682
0.0057140995
0.0055003883
0.18094579
0.18126496
0.20179731
0.21607641
0.079873613
0.21523752
0.17491233
0.18086565
0.20135159
0.2028173
0.0008981117
0.21524662
0.21299808
0.21516003
0.054692332
0.21531753
0.00070024202
0.21563275
0.0014810552
0.18624768
0.21477867
0.20523517
0.21529882
0.0041490439
0.0020002311
0.0039058173
0.0009919804
0.0012618417
0.0841617
0.00079359428
0.0010050139
0.21554427
0.14402549
0.0010384994
0.0010341203
0.10421388
0.00033379085
0.10964176
0.21474929
0.14940649
0.21527753
0.21557731
0.1862626
0.21526865
0.2153417
0.10461821
0.21498538
0.18403084
0.21531516
0.21524786
0.00076423047
0.20194082
0.20150747
8.8934504e-05
-0.00018664677
0.0015808636
0.1947994
0.0020806718
0.21569579
0.10594953
0.20594617
0.15515491
0.21526659
0.04057589
0.15675682
0.0018455856
0.2093473
0.0011716564
0.13706804
-0.00029432644
0.0012949234
0.21502463
0.21527002
0.0007896789
0.19447203
0.0016040945
0.0015090144
0.00069415331
0.21525941
0.20879268
0.16048969
0.16013672
-0.00038992489
0.047862815
0.17938642
0.20850868
0.19819355
0.16394767
0.0013192413
0.21535041
0.0014840481
0.00070205328
0.20837286
0.13715897
0.19347067
0.092658176
0.00080277321
0.21520289
0.18324641
0.00052226799
0.21520087
0.018693849
0.21527873
0.1275474
0.15710836
0.2146286
0.001466184
0.21531519
0.0014544126
0.21551558
0.0010575761
0.21461301
0.21608259
1.5785877e-05
0.0011078522
0.0011211653
0.2153932
0.21535053
0.0010578408
0.20942715
0.21527186
0.00089933753
0.214303
0.0012525828
0.21603511
0.00011550607
0.18114797
0.12764111
0.12782889
0.16035515
0.0014207802
0.1442577
0.21068326
0.215406
0.2148021
0.0010867795
0.001039828
0.0025834853
0.00052611216
0.20828366
0.21524622
0.21548618
0.14957891
0.0011044527
0.21506435
0.20744885
0.21533331
0.13062842
0.19456223
-0.00023655849
0.12903682
-0.00071251192
0.00048848603
-1.0356928e-05
0.001558857
0.21344997
0.0011561085
0.21301743
0.0013220645
0.18235628
0.00090513262
0.0014733725
0.12778112
0.21453328
0.21523422
0.0013216757
0.20150232
8.611754e-05
0.21548997
0.18216198
-0.00080698095
0.20903724
0.21603887
0.20846523
0.20863149
0.21533213
-6.8032461e-05
0.00095601
0.038203722
0.21542479
0.00091854271
0.21524312
0.21615428
0.0013853676
0.21526079
0.21555127
-0.0001306063
0.0013710745
0.21516681
0.21550669
-0.0007116986
0.0011040733
0.0013309179
0.0014049889
0.038426987
0.20514909
0.21570147
0.21527503
0.038379927
8.3051544e-05
0.21604859
0.00098527746
0.0010749752
0.0014349679
0.21373436
0.20681835
0.00077035328
0.21531535
0.21542562
0.21553599
0.20134772
0.21543618
0.002159092
0.21543319
0.0014082381
0.0010180462
0.054686644
0.0014577947
0.21490423
0.0011997787
0.20727475
0.001201984
0.21506743
0.095556031
0.21471414
0.2137562
0.00030515443
0.16258581
0.0014552844
0.0014694616
0.00099363835
0.21508885
0.21528943
0.21472453
0.21518302
0.21530973
0.0008932984
0.0010110312
0.21483772
0.0021683288
0.21552638
0.21525009
0.0015944038
0.21528492
0.2149814
0.0010660637
0.00094382205
0.0015510883
0.001093047
0.00059714347
0.16262059
-0.00037086113
0.0011024777
0.0015930303
0.21534847
0.21525193
0.00089154373
0.00091660386
0.21555205
0.00081093213
0.21469437
0.00041513635
0.00088472879
0.0014149659
0.21521458
0.05448934
0.012656585
0.00081445324
0.21512765
0.21508357
0.19605873
0.04772619
0.0013483492
0.21528102
0.21516546
0.21535634
0.21534531
0.21487808
0.00088168167
0.21542102
0.21536415
0.00058521881
0.21537284
-0.00053361227
0.0010441522
0.0013716486
0.21511048
0.21525539
0.00091635014
0.077601423
0.001993296
0.00072798938
0.0009245673
0.21501468
0.21533877
0.0010821396
0.21549389
0.2142501
0.0011373258
0.21537549
0.0012190862
0.0010436051
0.001114455
0.0013118088
0.21539928
0.00086201924
0.0014872252
0.21554004
0.21532589
-0.00063421715
0.0015755209
0.0027283555
0.093377416
0.0012335776
0.0012553405
0.19720576
0.00079703227
0.21527538
0.0014321891
0.21532746
0.21449874
0.0008469248
0.0014025626
0.21538024
0.21487755
0.0011553904
0.21536418
0.21526766
0.21515609
0.0015004431
0.0014331128
0.0011119283
-0.00075037531
0.00022164654
0.21528564
0.00081921545
0.21508459
-0.00040130291
0.21516649
0.12859968
0.21456009
-0.00065182227
0.21529484
0.21610575
0.21528376
0.21531839
0.0011443763
-0.00040683412
0.0012776528
0.00087481772
0.21532891
0.00035054749
0.0014729699
0.21513603
0.0013280919
0.0015148474
0.2152919
0.046766074
0.21490441
0.2153347
0.21605762
0.21613896
9.3115388e-05
0.21529053
0.0010267681
0.21535622
0.0012407821
0.0012042044
0.0011519205
0.00084670014
0.0014465542
0.00011259723
0.12854583
0.21530769
4.3429018e-05
-0.00066941131
0.00067528858
0.21527363
0.0011979864
0.0010163774
-7.1011819e-05
0.0010984016
0.21527767
0.0013765504
0.21532136
0.21533603
0.2152193
0.21536355
0.00093349746
-0.00089659703
0.0012904644
0.0011861308
0.056013156
0.21534443
0.0011205131
0.046376665
0.0011270676
0.0011652817
0.21461002
0.21520459
0.0013587713
0.001432409
0.00089302198
0.00046592438
0.21353902
0.00093073366
0.21534323
0.00091359522
0.21509652
-6.0159432e-05
0.0015581586
0.2152745
0.001442816
0.21530336
-0.00042343889
0.21536088
0.21536114
0.21531144
0.21535113
0.00025508836
0.0013849078
0.0010882479
0.00062086282
0.0011352012
0.0011940751
0.0014386023
2.2919269e-05
0.0011455205
0.2140414
0.21528852
0.21529989
0.00061905263
0.055751987
0.21528889
0.16008765
0.0011143441
0.21497254
-0.0013806573
0.0011134669
0.0013588562
0.13732147
0.21529722
0.21533688
0.21538057
0.0014136722
0.21488616
0.0444129
0.21509836
0.21461073
0.21529729
0.00079083175
0.21526513
0.0010234717
0.0014798686
0.21514136
0.21477136
0.21441846
0.0012556672
0.21506396
0.0011667023
0.044156527
0.21570243
0.0012972147
0.21529057
0.21505323
0.15985015
0.21580461
0.21563441
0.00072514336
0.0020431123
0.21489981
0.21562976
0.00092209458
0.21532668
0.21575163
0.00084979223
0.21336319
0.21560142
0.21456804
0.0011711803
0.21541537
0.0011232075
0.21438892
0.00088885941
0.0017388055
0.0011770975
0.21466594
0.0014660308
0.21521909
0.0010521315
0.0007983762
0.21397394
0.21535319
0.21535692
0.0012888264
0.21539074
0.0012450053
0.001258963
0.21536388
0.21533793
0.0012861479
0.0012409263
0.21527056
0.21472428
0.21565262
0.21484667
0.0012804148
0.21527895
0.21503912
0.21535196
0.0010899125
0.001094531
0.21279052
0.0010394255
0.21528228
0.21523303
0.21526217
0.00122897
0.0012845546
0.0012104282
0.21596852
0.17907832
0.21537916
0.0012476211
0.2145196
0.21527035
0.0012634491
0.00075453178
0.21531958
0.0011846045
0.21520097
0.19437077
0.0011206324
0.21528396
0.21492344
0.2150518
0.21516067
0.0012386382
0.0012651496
0.001343285
0.21460157
0.21503939
0.00096637321
0.21519687
0.21474274
0.21534314
0.21502283
0.21558417
0.0021277489
0.0011095467
0.2153222
0.00084354677
0.21517603
0.00078240281
0.0012291572
0.001216957
0.0011690107
0.0012917617
0.21524171
0.0011259441
0.21464638
0.0011099764
0.21462616
0.2152399
0.17899485
0.00051008269
0.0011331753
0.00095571829
0.21524823
0.18444433
0.21387357
0.21515792
0.0011902453
0.0010788644
0.21534909
0.21530811
0.21538462
-0.0027293874
0.0013491684
0.21528987
0.21537243
0.0011965346
0.0010711197
0.21507401
0.0012539226
-0.00022121511
0.2153712
0.21528884
0.21523404
0.000183758
-0.0012512174
0.00098826874
0.21557718
0.00095221816
0.21519939
0.0011159587
0.0012806483
0.0012672909
0.21522906
0.21506624
0.00097915143
0.2156312
0.21414318
0.21538836
0.21485463
0.0011096911
0.21505688
0.21513081
0.00073829804
0.001152272
0.21543599
0.0011405687
-0.0019794156
0.0012486668
-0.002089672
0.21532862
0.21524723
0.19394671
0.0012595362
0.0010868583
0.2152694
0.00062559138
0.21530017
0.21514345
-0.00062507063
0.21524724
0.21533664
0.21538186
0.21521074
0.21502072
0.21534935
0.0012958029
0.00098804064
0.0011686495
0.00070713183
0.00095922872
0.21531588
0.21538511
0.21574128
0.21510687
0.00075833212
-0.0013677599
0.0011492032
0.21547491
0.0012948879
0.21540462
0.0010955613
0.21529007
0.20701808
0.00059265172
0.21512696
-0.00010935099
0.21399098
0.2147237
-0.0024951639
0.21485123
0.00094018228
-0.0020442703
0.21521902
0.21502497
-0.0012911632
0.21535074
-0.00043881495
-0.0011046835
0.21524002
0.21492727
0.21506109
0.21538122
-0.0016546438
0.21528688
0.21545805
0.21522438
0.215347
0.21532452
0.21521843
0.21519448
0.21530932
0.21513101
0.21527965
0.16508252
0.16504893
0.20758023
0.021263621
0.041218816
0.080678902
0.065589359
0.065583364
0.0042131393
0.0049888274
0.023108188
0.023338867
0.056464145
0.055637232
0.15176255
0.15165302
0.11582868
0.11492008
0.12278464
0.11382685
0.12137082
0.12165465
0.11410962
0.074971332
0.12231978
0.12212392
0.17078277
0.17114923
0.1108375
0.11117784
0.16775768
0.16745302
0.20957761
0.21078833
0.21546716
0.21540707
0.13178796
0.13216448
0.037737313
0.038297253
0.038276033
0.037307674
0.033349373
0.033008303
0.16454411
0.16446354
0.10394878
0.10344174
0.10314921
0.068124353
0.15382382
0.15354466
0.21053174
0.21005952
0.18187503
0.18210569
0.13177489
0.13194674
0.21472129
0.2142003
0.069142901
0.069062768
0.10650978
0.036737022
0.15121994
0.15121939
0.19027437
0.18988073
0.059247167
0.059361278
0.11756814
0.037213746
0.02516745
0.025128572
0.12629809
0.12618587
0.083107706
0.083365924
0.021480709
0.067896451
0.041373096
0.041583029
0.21021512
0.20901508
0.095634883
0.095777698
0.072760128
0.072387404
0.049490073
0.029652297
0.048457529
0.050180479
0.095713893
0.096043181
0.15626234
0.15616506
0.17764877
0.17771457
0.073599523
0.073215976
0.10858951
0.10850372
0.15690901
0.15718626
0.19688882
0.19675319
0.17534078
0.17528252
0.13478158
0.13490969
0.21014501
0.20932416
0.13419116
0.1341808
0.13424649
0.13413681
0.086156916
0.086373686
0.071571106
0.071433119
0.041445867
0.04174205
0.11582945
0.11548819
0.057552956
0.057320008
0.065815961
0.065617861
0.090366316
0.090127333
0.074860369
0.074270761
0.015219144
0.015318673
0.04852292
0.19370817
0.047522922
0.049044435
0.087821415
0.088222951
0.089017748
0.096135281
0.096275492
0.19409663
0.2152056
0.067630322
0.067954889
0.081837178
0.082222009
0.14674455
0.14692175
0.017263091
0.017356029
0.013329819
0.09092324
0.066091724
0.065289508
0.12579428
0.1257229
0.029494137
0.029413493
0.043574099
0.043548514
0.068781347
0.068839096
0.095617493
0.013296299
0.17480765
0.17487663
0.08806056
0.087871847
0.21189444
0.20905992
0.14131767
0.14281829
0.084894503
0.084532445
0.21525156
0.21438999
0.099470162
0.098983736
0.047282121
0.046860686
0.046680627
0.046291622
0.030084029
0.1766376
0.17540997
0.17549672
0.086099317
0.086153039
0.074591344
0.074559197
0.027146737
0.02644377
0.013631293
0.013494812
0.044134787
0.013712344
0.17514614
0.17523598
0.066835237
0.066625516
0.08763383
0.087035975
0.088211144
0.014190947
0.10325295
0.10319307
0.01289099
0.012947478
0.012797298
0.15081466
0.15091302
0.079167539
0.079087934
0.19963599
0.20007616
0.1825457
0.18246924
0.16298076
0.16275573
0.1360313
0.13618222
0.1165976
0.11647717
0.21453881
0.21460036
0.14920216
0.14872265
0.16717727
0.16674615
0.16886635
0.1691329
0.17393333
0.21516815
0.16211009
0.1616544
0.19758563
0.19721372
0.18936602
0.18949438
0.06669151
0.15577751
0.0053181936
0.0056773766
0.1556244
0.15563942
0.15570908
0.15536982
0.066585527
0.14256974
0.081165726
0.081016397
0.075205737
0.074862387
0.13612015
0.13639644
0.16878744
0.16882944
0.13946478
0.13966999
0.13046388
0.13064021
0.19104111
0.19070969
0.12776162
0.12711362
0.027608084
0.027522729
0.089293036
0.08933456
0.19951903
0.19913044
0.13858717
0.13886745
0.075511457
0.075797301
0.18246975
0.1816626
0.14258762
0.14265202
0.19061073
0.2147901
0.19124587
0.21521432
0.096305259
0.12962712
0.12912941
0.11696059
0.11665152
0.069898136
0.069583823
0.15270404
0.15346466
0.014143315
0.013863254
0.19249714
0.19225445
0.17019094
0.17008709
0.16059982
0.16081012
0.15707462
0.15705695
0.21533957
0.20462926
0.09667128
0.096522746
0.0054764108
0.20236526
0.15283963
0.15278977
0.16103451
0.16104371
0.14117153
0.14149667
0.17057269
0.17088683
0.07983271
0.080384613
0.089252316
0.08859909
0.1790071
0.17956094
0.075735372
0.075405487
0.020611971
0.020445003
0.18126632
0.18147546
0.17926468
0.0028172878
0.049474959
0.048572495
0.21340498
0.21531379
0.15271568
0.15300189
0.011755442
0.011647318
0.17431903
0.13704444
0.20469757
0.21542897
0.058468469
0.05782657
0.005271032
0.057265196
0.056666071
0.05680256
0.13996217
0.13943555
0.023000615
0.02231574
0.023384066
0.17005373
0.1527541
0.1523671
0.15946073
0.15909825
0.15225236
0.15205381
0.16979083
0.096486826
0.033829406
0.033552955
0.050144321
0.050338226
0.1485986
0.14815194
0.1698579
0.14781952
0.12791265
0.12815633
0.048036727
0.093324674
0.17880236
0.046337657
0.047048415
0.047656732
0.12684911
0.1265721
0.058629394
0.058746272
0.14045346
0.14075746
0.15962715
0.15981126
0.10380175
0.10399864
0.19947533
0.1996249
0.20921689
0.21062896
0.07031614
0.070720101
0.067476839
0.067195307
0.17987771
0.17913153
0.061960013
0.062061828
0.0023299542
0.0027307068
0.095605821
0.11975554
0.11928734
0.15249059
0.15274212
0.1278336
0.12658715
0.16021224
0.16046863
0.15094493
0.15092474
0.14821006
0.14830381
0.18832354
0.18784136
0.091382082
0.091471019
0.10601171
0.10621977
0.15571222
0.15593359
0.20960187
0.2085389
0.092441498
0.092894605
0.09255093
0.057743244
0.031941817
0.046721529
0.034803069
-5.5396904e-05
0.0004716245
0.20378316
0.2044065
0.12863663
0.12823399
0.14125185
0.14134869
0.021937348
0.022110384
0.12000191
0.11971606
0.046446637
0.0012134297
0.128905
0.12924023
0.17123728
0.17095782
0.12575002
0.052466312
0.052496938
0.19685099
0.19659649
0.15221179
0.15285903
0.11532575
0.11543921
0.12850027
0.008863335
0.068926839
0.069104902
0.049038766
0.049483076
0.064870379
0.064733677
0.064420822
0.20919464
0.035127618
0.21525427
0.077922196
0.2150192
0.21538904
0.21474898
0.022368878
0.077637121
0.17039617
0.17032848
0.10670588
0.03503386
0.16225003
0.16117296
0.0058940933
0.0058137331
0.098210437
0.09850756
0.042426068
0.042059869
0.21062267
0.21062836
0.14820356
0.14763505
0.036796242
0.036798768
0.047727947
0.048896705
0.12653241
0.12669783
0.04869533
0.049937002
0.012737193
0.012101128
0.11100634
0.11076432
0.13897576
0.13808609
0.1397109
0.13932354
0.12321461
0.12328217
0.18790976
0.18832649
0.064109141
0.064083736
0.057740464
0.057539423
0.15196183
0.15203012
0.10646567
0.0085655544
0.13971534
0.0010264811
0.11197464
0.11194102
0.17679986
0.17680977
0.096030692
0.097577604
0.0046507394
0.0045748117
0.18466653
0.18460975
0.16001548
0.16031915
0.10988529
0.21534457
0.16498225
0.16537285
0.11019339
0.062271234
0.13948627
0.13928799
0.0017117322
0.0013082801
0.10471538
0.10472721
0.19608887
0.19576625
0.09611878
0.094843873
0.19579894
0.13273647
0.19578362
0.13272236
0.1684244
0.16758779
0.16722811
0.16833334
0.12751818
0.12714614
0.065258237
0.065394716
0.14598093
0.14596236
0.056132984
0.055836975
0.14116481
0.11403455
0.11419469
0.0059274355
0.0060128727
0.0061427613
0.006515233
0.0063378415
0.0067797436
0.015002159
0.015304114
0.12114344
0.12117548
0.07377474
0.074057685
0.10882388
0.074439622
0.0062715763
0.0064942014
0.17889494
0.16925682
0.17422485
0.10800805
0.062399458
0.062152791
0.079761094
0.07995379
0.2062442
0.20626014
0.12176429
0.1209991
0.21505224
0.21447572
0.21507064
0.21487557
0.08630321
0.086359514
0.058519827
0.058558889
0.076111086
0.076098285
0.17791131
0.17795844
0.10136227
0.10073814
0.14086094
0.14104757
0.1088711
0.14119513
0.20965453
0.21255167
0.2159867
0.21584644
0.0011759357
0.0011880587
0.015698617
0.015500008
0.13698704
0.1366971
0.037842518
0.037371898
0.091889027
0.091617989
0.019660035
0.019828778
0.062843526
0.06291901
0.16022355
0.16014043
0.20499059
0.20509376
0.19952111
0.19978342
0.074682276
-0.00072136472
0.11269345
0.11265677
0.16471439
0.0025671827
0.09344934
0.093324197
0.154371
0.15423128
0.175861
0.17561048
0.0017929948
0.0017848654
0.0011721423
0.0012085039
0.21565528
0.21566247
0.040254259
0.04018599
0.10591857
0.10543023
0.10646993
0.18511786
0.056700981
0.057026985
0.18524962
0.057585538
0.037927228
0.038037195
0.016771823
0.016533153
0.16446974
0.16471702
0.20961303
0.20772098
0.024639109
0.023336873
0.20123863
0.20161028
0.21537727
0.21458672
0.21574819
0.21537567
0.030499506
0.02983463
0.15725842
0.15684391
0.21481369
0.21516879
0.093492434
0.092752178
0.075575415
0.075496245
0.092530732
0.092860814
0.099927372
0.10051101
0.21334508
0.21401134
0.21597749
0.21586509
0.056980695
0.057082865
0.19436657
0.19429673
0.034908317
0.034445698
0.0027089633
0.0034644717
0.11320617
0.11300535
0.12367045
0.12344738
0.13329801
0.13249359
0.15288142
0.15308876
0.0048643117
0.0048549326
0.037364684
0.037034221
0.048511135
0.048365985
0.051992275
0.051634133
0.21492925
0.21438526
0.051015703
0.050772972
0.18972467
0.18966122
0.14942703
0.14928791
0.016899321
0.016808273
0.0013958743
0.0013176111
0.061750211
0.060987209
0.0099385005
-0.00047354473
0.10566337
0.10587646
0.12628446
0.12654385
0.16199591
0.16165403
0.19708939
0.19689932
0.092839754
0.092639123
0.0016972754
0.0019184668
0.097260639
0.097264187
0.081721082
0.081673484
0.00063665338
0.00066091264
0.20694572
0.0010441182
0.041817311
0.041880981
0.14604385
0.20364514
0.065891969
0.065974808
0.064715716
0.064329849
0.21546241
0.21536402
0.1106319
0.10917966
0.0015220801
0.0015971925
0.12689352
0.12669396
0.15395554
0.15417575
0.15340642
0.15339625
0.15463756
0.15500318
0.024224834
0.024412687
0.15299746
0.15290282
0.18062305
0.18039095
0.17241705
0.17230268
0.11273075
0.11234078
0.037895576
0.078476578
0.076824654
0.077594426
0.18638741
0.18669191
0.085605984
0.085566128
0.072531864
0.072691413
0.13823825
0.13813242
0.027834923
0.077947298
0.11985568
0.11955859
0.17054122
0.17093444
0.12676412
0.12700521
0.063911425
0.063907987
0.00086810546
0.0015690179
0.21535441
0.078031435
0.047440493
0.047197066
0.0083317601
0.0080025105
0.0084633424
0.14417169
-0.0010127009
0.0010077737
-0.0006242516
0.00013020841
0.048596626
0.048839589
0.0035160312
0.0027981197
0.047483938
0.04843478
0.10030936
0.10078222
0.16850517
0.16925398
0.16945166
0.16944526
0.20899419
0.21088129
0.095841336
0.095827729
0.063304479
0.063604695
0.10194459
0.10192539
0.054595068
0.054437463
0.17895531
0.17751543
0.12116309
0.12123384
0.11658529
0.11680484
0.072065273
0.071986323
0.017016635
0.016847178
0.07300666
0.072761283
0.10017087
0.14461576
0.070377488
0.070377577
0.0046184797
0.0046372428
0.15087646
0.15102258
0.0010432432
0.0010305018
0.1255813
0.12595942
0.1134563
0.1131239
0.19351898
0.19365557
0.13636722
0.13606209
0.20337603
0.20300051
0.20348478
0.13032327
0.14130605
0.20359393
0.026084927
0.025545052
0.21173373
0.21220107
0.026929137
0.02736785
0.027002749
0.027288591
0.14421772
0.14401032
0.14542127
0.14564594
0.10581576
0.10545747
0.13018835
0.10489252
0.092019742
0.134763
0.027879271
0.028105087
0.11525779
0.11482429
0.11563589
0.17242559
0.19161176
0.19174418
0.11950261
0.11975494
0.057789475
0.058060318
0.021933023
0.021839863
0.016111388
0.016574708
0.17010644
0.17002547
0.0096204686
0.0010243352
0.015108936
0.01608313
0.00092663897
0.0011414785
0.18775749
0.18791886
0.16571536
0.165976
0.18279184
-0.0011622062
0.01096681
0.011082225
0.20736148
0.20736489
0.20696373
0.20759787
0.058060351
0.058417236
0.1788753
0.17855061
0.17902229
0.17226715
0.0010005747
0.0011656177
0.14059192
0.14019562
0.11526558
0.11517127
0.115076
0.11514408
0.10931634
0.10906256
0.19675027
0.19713594
-0.00039927537
0.040223429
0.039638441
0.0015597911
0.0014186524
0.20215114
0.20213009
0.16234873
0.1623915
0.053574693
0.053872191
0.1901648
0.19012093
0.075007637
0.075007161
0.001241444
0.061237197
0.012092372
0.012250428
0.11832553
0.11820064
0.086570588
0.086057751
0.21538444
0.00091885973
0.18235733
0.1824322
0.067868248
0.067427962
0.17557667
0.17545265
0.040290152
0.04051669
0.0094714807
0.085382145
0.13871012
0.13839802
0.014443387
0.014952793
0.20639491
0.20671239
0.014277115
0.014092098
0.13510342
0.19628215
0.025654425
0.025151598
0.063881004
0.06376489
0.011096921
0.010931801
0.093213466
0.093360746
0.14780343
0.14771971
0.085409183
0.085734061
0.19792237
0.19823076
0.14233675
0.14255405
0.14225422
0.19642812
0.14278623
0.14259596
0.12109853
0.14245424
0.036442374
0.035568709
0.10717614
0.10704101
0.035375936
0.037477536
0.037648957
0.21050836
0.20997425
0.21570201
0.21565828
0.15185102
0.15211553
0.19186591
0.1913703
0.17986897
0.18011563
-0.001036259
0.01397646
0.013752785
0.059341799
0.058596835
0.17449515
0.17454391
0.21591772
0.21305692
0.0081914764
0.0083515277
0.036974183
0.057069346
0.056836787
0.10057081
0.1006786
0.14246685
0.14263994
0.14968494
0.14975733
0.096546325
0.09653453
0.06561675
0.066171401
0.13822815
0.13866921
0.06227202
0.025741461
0.025749962
0.19620046
0.19478638
0.19377959
0.19359325
0.12126667
0.017199716
0.089088312
0.089360886
0.036109418
0.036110874
0.14008219
0.14010506
0.11554098
0.11518369
0.11591315
0.11582762
0.18559337
0.019767461
0.019829645
0.1492864
0.14954429
0.19097092
0.19080868
0.19208604
0.19211095
0.16759505
0.16766504
0.16743281
0.1215394
0.086494616
0.086377651
0.027424465
0.027376224
0.1960784
0.19612633
0.1683889
0.16839378
0.03159059
0.20725825
0.20781678
0.20781307
0.12148251
0.062010106
0.0621124
0.031598402
0.032005658
0.068892461
0.19084058
0.1901202
0.19065336
0.20373587
0.20391289
0.18939913
0.18937236
0.053446419
0.053609312
0.054605996
0.054693939
0.10815946
0.10871769
0.10869717
0.10882868
0.036862283
0.062093428
0.14160211
0.141381
0.08378248
0.071086732
0.071144129
0.2149568
0.21455957
0.052617778
0.05272636
0.19386696
0.19464993
0.18919947
0.18954715
0.16601949
0.1654991
0.018666622
0.018676161
0.03296113
0.033073408
0.035400966
0.06889023
0.027559021
0.015788832
0.015774746
0.032848207
0.033517881
0.066196478
0.065999919
0.21527973
0.21529421
0.011772047
0.011433838
0.079726151
0.079519733
0.19308431
0.19277501
0.2061832
0.2060303
0.00096159884
0.00099455536
0.077235821
0.077164842
0.076722071
0.03397988
0.034465718
0.11464066
0.11420757
0.11429986
0.15635496
0.15671231
0.1562285
0.15619617
0.17565383
0.17565115
0.14462253
0.14414754
0.0096586781
0.010020877
0.029185911
0.028579725
0.011332008
0.010800871
0.0089279124
0.198242
0.19792261
0.031509739
0.031933068
0.095372619
0.095322639
0.095182571
0.095306214
0.084320385
0.036264043
0.036233584
0.021544414
0.02147246
0.20750569
0.20789892
0.20810833
0.10626708
0.18578097
0.1861866
0.19718028
0.19703999
0.19692169
0.10637446
0.04585073
0.045729686
0.036437262
0.036485813
0.074444378
0.039053051
0.068301828
0.068074273
0.065781333
0.065733086
0.16037552
0.16032509
0.12777363
0.12790648
0.032422448
0.010560516
0.012172193
0.0007233533
0.0010653421
0.099918954
0.099860443
0.051699025
0.060531368
0.060850814
0.15984548
0.15956534
0.16018156
0.15997038
0.13202109
0.13188536
0.10663445
0.10718831
0.090070304
0.090302396
0.091822758
0.091993034
0.18941703
0.091960744
0.0075864167
0.18924943
0.19895796
0.19910852
0.038993179
0.039536606
0.037113173
0.037095478
0.064201778
0.063909724
0.21289644
0.21376684
0.21221792
0.070511304
0.078475624
0.078243661
0.14772658
0.14665303
0.0085217832
0.18667631
0.18664683
0.069160075
0.069482314
0.069145515
0.06795777
0.085161522
0.084935026
0.099023956
0.098644808
0.033750472
0.033651774
0.059718398
0.070743476
0.18980019
0.12663067
0.18940953
0.18992324
0.16333359
0.16350974
0.014639101
0.014940139
0.049910029
0.049948148
0.061161818
0.06106253
0.05630287
0.1488613
0.14900363
0.05481594
0.054478229
0.16657288
0.16643223
0.070671398
0.070714203
0.12659861
0.071039242
0.011407787
0.027668292
0.027652667
0.12084386
0.12051333
0.046993982
0.0043176101
0.0042723188
0.038303103
0.038337775
0.023980804
0.024022667
0.13877617
0.13862725
0.097615298
0.097455331
0.015607189
0.015778036
0.083260333
0.083117046
0.0008694321
0.083339828
-0.00025106426
0.00073566621
-0.00023180885
0.0012710375
0.051343772
0.051812423
0.049562407
0.035351834
0.035314323
0.081275595
0.081006548
0.16896211
0.0037528838
0.21506431
0.21418905
0.043094197
0.00090031187
0.185058
0.18512094
0.047382791
0.047401889
0.04762137
0.12389491
0.15552517
0.15534463
0.21527872
0.21559193
0.0089347953
0.031954298
0.031988477
0.098820289
0.098805115
0.064734262
0.064773824
0.21534674
0.2153087
0.14153678
0.056579122
0.056404435
0.038102543
0.038167302
0.041316036
0.0008968107
0.18037024
0.18051471
0.10481764
0.10473365
0.15053267
0.15071468
0.061197506
0.061291269
0.18216061
0.18263174
0.055234628
0.054850896
0.030090713
0.028635921
0.12946563
0.12904836
0.1113817
0.11154347
0.099093286
0.099407468
0.086004486
0.085894172
0.03122664
0.031195423
0.031066745
0.030796698
0.07234716
0.072148675
0.12990248
0.00063985406
0.00055802088
0.086638103
0.08651965
0.12705461
0.21538503
0.21537092
0.054738522
0.076618956
0.076612025
0.077352095
0.077360072
0.12410141
0.00086893004
0.18318786
0.18276768
0.047297679
0.047319754
0.00075668811
0.047560344
0.027331711
0.027313043
0.043661407
0.043694001
0.11269186
0.043990692
0.21507272
0.21479256
0.21500742
0.00039832061
0.2149231
0.0012534643
0.20963567
0.20933895
0.21004469
0.20832668
0.015054552
0.014820036
0.15915872
0.15782263
0.15886748
0.11278075
0.11213089
0.14185439
0.11263528
0.11222658
0.13640268
0.13775654
0.16865566
0.16860255
0.16839196
0.141527
0.0007631605
-0.00048963019
0.0013489581
0.15567489
-0.0006896984
0.12781372
0.12775183
0.12149665
0.12121592
0.12195391
0.15550495
0.13027629
0.14782599
0.14787256
0.14760731
0.14734143
0.056389685
0.056557645
0.21330584
0.21160913
0.075933255
0.076200068
0.032418408
0.032427525
-0.00023590511
0.0008308956
0.18253658
0.00051130969
0.19392427
0.19401318
0.1266128
0.1267952
0.006384669
0.0060086112
0.031275435
0.031272009
0.14511202
0.14483181
0.062538592
0.18250629
0.10130583
0.10108362
0.048069929
0.048297678
0.10285403
0.10302627
0.00031788123
5.0524172e-05
0.1554943
0.1557338
0.029210995
0.02975156
0.028803154
0.028914801
0.044151093
0.044031918
0.043903306
0.11954446
0.072155564
0.072123269
0.0099496906
0.010016437
0.02390689
0.023633143
0.086070544
0.086401475
0.015339665
0.096096447
0.095996086
0.013741106
0.013472507
0.011785564
0.011561449
0.15469397
0.15454255
0.14661215
0.1463827
0.14688338
0.11957102
0.19702753
0.19697018
0.141294
0.14116058
0.098846213
0.098962335
0.16824738
0.099117287
0.11493369
0.1153895
0.020357812
0.020317424
0.11767871
0.11751323
0.11796423
0.1178873
0.20296298
0.20314664
0.095609992
0.095792674
0.067756882
0.067979599
0.09475977
0.094713527
0.056791629
0.056523789
0.08985894
0.090691618
0.16786205
0.16776522
0.18315275
0.18309213
0.12773847
0.12768038
0.10540317
0.10572929
0.12663546
0.032134321
0.14294377
0.14184588
0.17521504
0.17528066
0.2156861
0.21567362
0.15174822
0.15044482
0.18037443
0.18007224
0.042167903
0.042313748
0.17825373
0.1785974
0.10420996
0.1042882
0.068306523
0.068756537
0.1335556
0.1681286
0.13497144
0.13495125
0.06675897
0.067014547
0.075493595
0.075366282
0.049397582
0.049330694
0.10151052
0.10182376
0.11194352
0.11199652
0.20294078
0.20325044
0.0015053878
0.0014458065
0.11457922
0.11529173
0.14726667
0.11560206
0.20078162
0.20093842
0.14612258
0.14595369
0.074119024
0.14768701
0.056992263
0.057395587
-0.00034554007
0.00080912037
0.097517627
0.09728701
0.12509238
0.12491803
0.12430394
0.124273
0.13246304
0.13240123
0.1322349
0.12853488
0.20036465
-0.00076200628
0.051805282
0.051879526
0.20210402
0.20252508
0.18334399
0.1832964
0.17434904
0.17422265
0.087149023
0.087275402
0.030175835
0.030264744
0.030224759
0.030308795
0.14987832
0.14945909
0.04894962
0.048967524
0.17552618
0.17540945
0.04802916
0.12852952
0.046547975
0.14899208
0.13365876
0.13268377
0.10114185
0.10185346
0.13873256
0.13909279
0.1987801
0.19808645
0.012627826
0.012589153
0.14159612
0.14261808
0.15454226
0.15477913
0.054019422
0.053441971
0.0042626429
0.0047916026
0.12012241
0.12021559
0.18227171
0.18218738
0.18252701
0.14774579
0.20213792
0.20223363
0.1872671
0.18751362
0.071398179
0.071256425
0.17745762
0.17791054
0.13729002
0.1373664
0.2137838
0.21185102
0.11430962
0.11415684
0.016736363
0.016555334
0.048191739
0.16824857
0.04861997
0.088043915
0.088476395
0.12317297
0.12305093
0.10687567
0.10670249
0.10031635
0.10053663
0.10040654
0.10016545
0.10012976
0.0012922269
0.18415427
0.18421262
0.18392269
0.0010831801
0.0030544729
0.0037311402
0.0032186336
0.0032983226
0.095273932
0.095170899
0.19295148
0.19298747
0.019602495
0.019561609
0.11656646
0.11637027
0.079170412
0.00063485833
0.18951296
0.18935154
0.0076075182
0.0078434135
0.12595675
0.12510931
0.16485964
0.16498355
0.010342335
0.010222735
-0.00046575608
0.00053282155
0.09871337
0.098532713
0.14702879
0.14782514
0.14687449
0.14687324
0.036387585
0.036269772
0.053594634
0.053126183
0.12557026
0.12586398
0.13280769
0.13238438
0.036787111
0.036655954
0.0657301
0.13041064
0.1299038
0.19059942
0.19095159
0.084452981
0.084290416
0.1326823
0.13235691
0.13292372
0.089705868
0.075604489
0.075423712
0.061172933
0.062691176
0.01442459
0.01435658
0.17394589
0.1740141
0.057562496
0.057370865
0.19740268
0.19744901
0.13534125
0.13563008
0.13446278
0.20136542
0.20149732
0.0011455275
0.0011594994
0.087508987
0.087646466
0.047477056
0.047676972
0.10496446
0.10472397
0.10481375
0.1045579
0.099657447
0.099975352
0.0076068565
0.0077792929
0.21535994
)
;

boundaryField
{
    bc_inner_outlet
    {
        type            zeroGradient;
    }
    bc_inner_inlet
    {
        type            zeroGradient;
    }
    fluid_1_tubeside_to_solid_shell
    {
        type            zeroGradient;
    }
    fluid_1_tubeside_to_solid_baffles
    {
        type            zeroGradient;
    }
    fluid_1_tubeside_to_solid_pipes
    {
        type            zeroGradient;
    }
}


// ************************************************************************* //
