/*--------------------------------*- C++ -*----------------------------------*\
| =========                 |                                                 |
| \\      /  F ield         | OpenFOAM: The Open Source CFD Toolbox           |
|  \\    /   O peration     | Version:  2506                                  |
|   \\  /    A nd           | Website:  www.openfoam.com                      |
|    \\/     M anipulation  |                                                 |
\*---------------------------------------------------------------------------*/
FoamFile
{
    version     2.0;
    format      ascii;
    arch        "LSB;label=32;scalar=64";
    class       vectorField;
    location    "constant/bottom_fluid/polyMesh";
    object      points;
}
// * * * * * * * * * * * * * * * * * * * * * * * * * * * * * * * * * * * * * //


17244
(
(0.0499375 -0.0025 0)
(-0.0499375 -0.0025 0)
(-0.0499375 -0.0025 0.2)
(0.0499375 -0.0025 0.2)
(0.0496999 -0.00546966 0)
(0.049286 -0.00841991 0)
(0.048697 -0.0113403 0)
(0.0478787 -0.0144094 0)
(0.0464512 -0.0185009 0)
(0.0443894 -0.0230127 0)
(0.0418888 -0.0273007 0)
(0.0389753 -0.0313197 0)
(0.0356777 -0.03503 0)
(0.0320284 -0.0383951 0)
(0.0280634 -0.0413817 0)
(0.0238219 -0.0439604 0)
(0.0193455 -0.0461059 0)
(0.0146785 -0.0477969 0)
(0.00986678 -0.0490168 0)
(0.00495782 -0.0497536 0)
(-2.43729e-16 -0.05 0)
(-0.00495782 -0.0497536 0)
(-0.00986678 -0.0490168 0)
(-0.0146785 -0.0477969 0)
(-0.0193455 -0.0461059 0)
(-0.0238219 -0.0439604 0)
(-0.0280634 -0.0413817 0)
(-0.0320284 -0.0383951 0)
(-0.0356777 -0.03503 0)
(-0.0389753 -0.0313197 0)
(-0.0418888 -0.0273007 0)
(-0.0443894 -0.0230127 0)
(-0.0464512 -0.0185009 0)
(-0.0478787 -0.0144094 0)
(-0.048697 -0.0113403 0)
(-0.049286 -0.00841991 0)
(-0.0496999 -0.00546966 0)
(-0.047 -0.0025 0)
(-0.0440625 -0.0025 0)
(-0.041125 -0.0025 0)
(-0.0381875 -0.0025 0)
(-0.03525 -0.0025 0)
(-0.0323125 -0.0025 0)
(-0.029375 -0.0025 0)
(-0.0264375 -0.0025 0)
(-0.0235 -0.0025 0)
(-0.0205625 -0.0025 0)
(-0.017625 -0.0025 0)
(-0.0146875 -0.0025 0)
(-0.01175 -0.0025 0)
(-0.00881249 -0.0025 0)
(-0.005875 -0.0025 0)
(-0.0029375 -0.0025 0)
(2.51882e-15 -0.0025 0)
(0.0029375 -0.0025 0)
(0.005875 -0.0025 0)
(0.00881249 -0.0025 0)
(0.01175 -0.0025 0)
(0.0146875 -0.0025 0)
(0.017625 -0.0025 0)
(0.0205625 -0.0025 0)
(0.0235 -0.0025 0)
(0.0264375 -0.0025 0)
(0.029375 -0.0025 0)
(0.0323125 -0.0025 0)
(0.03525 -0.0025 0)
(0.0381875 -0.0025 0)
(0.041125 -0.0025 0)
(0.0440625 -0.0025 0)
(0.047 -0.0025 0)
(-0.0499375 -0.0025 0.197015)
(-0.0499375 -0.0025 0.19403)
(-0.0499375 -0.0025 0.191045)
(-0.0499375 -0.0025 0.18806)
(-0.0499375 -0.0025 0.185075)
(-0.0499375 -0.0025 0.18209)
(-0.0499375 -0.0025 0.179104)
(-0.0499375 -0.0025 0.176119)
(-0.0499375 -0.0025 0.173134)
(-0.0499375 -0.0025 0.170149)
(-0.0499375 -0.0025 0.167164)
(-0.0499375 -0.0025 0.164179)
(-0.0499375 -0.0025 0.161194)
(-0.0499375 -0.0025 0.158209)
(-0.0499375 -0.0025 0.155224)
(-0.0499375 -0.0025 0.152239)
(-0.0499375 -0.0025 0.149254)
(-0.0499375 -0.0025 0.146269)
(-0.0499375 -0.0025 0.143284)
(-0.0499375 -0.0025 0.140299)
(-0.0499375 -0.0025 0.137313)
(-0.0499375 -0.0025 0.134328)
(-0.0499375 -0.0025 0.131343)
(-0.0499375 -0.0025 0.128358)
(-0.0499375 -0.0025 0.125373)
(-0.0499375 -0.0025 0.122388)
(-0.0499375 -0.0025 0.119403)
(-0.0499375 -0.0025 0.116418)
(-0.0499375 -0.0025 0.113433)
(-0.0499375 -0.0025 0.110448)
(-0.0499375 -0.0025 0.107463)
(-0.0499375 -0.0025 0.104478)
(-0.0499375 -0.0025 0.101493)
(-0.0499375 -0.0025 0.0985075)
(-0.0499375 -0.0025 0.0955224)
(-0.0499375 -0.0025 0.0925373)
(-0.0499375 -0.0025 0.0895522)
(-0.0499375 -0.0025 0.0865672)
(-0.0499375 -0.0025 0.0835821)
(-0.0499375 -0.0025 0.080597)
(-0.0499375 -0.0025 0.0776119)
(-0.0499375 -0.0025 0.0746269)
(-0.0499375 -0.0025 0.0716418)
(-0.0499375 -0.0025 0.0686567)
(-0.0499375 -0.0025 0.0656716)
(-0.0499375 -0.0025 0.0626866)
(-0.0499375 -0.0025 0.0597015)
(-0.0499375 -0.0025 0.0567164)
(-0.0499375 -0.0025 0.0537313)
(-0.0499375 -0.0025 0.0507463)
(-0.0499375 -0.0025 0.0477612)
(-0.0499375 -0.0025 0.0447761)
(-0.0499375 -0.0025 0.041791)
(-0.0499375 -0.0025 0.038806)
(-0.0499375 -0.0025 0.0358209)
(-0.0499375 -0.0025 0.0328358)
(-0.0499375 -0.0025 0.0298507)
(-0.0499375 -0.0025 0.0268657)
(-0.0499375 -0.0025 0.0238806)
(-0.0499375 -0.0025 0.0208955)
(-0.0499375 -0.0025 0.0179104)
(-0.0499375 -0.0025 0.0149254)
(-0.0499375 -0.0025 0.0119403)
(-0.0499375 -0.0025 0.00895522)
(-0.0499375 -0.0025 0.00597015)
(-0.0499375 -0.0025 0.00298507)
(0.0499375 -0.0025 0.197015)
(0.0499375 -0.0025 0.19403)
(0.0499375 -0.0025 0.191045)
(0.0499375 -0.0025 0.18806)
(0.0499375 -0.0025 0.185075)
(0.0499375 -0.0025 0.18209)
(0.0499375 -0.0025 0.179104)
(0.0499375 -0.0025 0.176119)
(0.0499375 -0.0025 0.173134)
(0.0499375 -0.0025 0.170149)
(0.0499375 -0.0025 0.167164)
(0.0499375 -0.0025 0.164179)
(0.0499375 -0.0025 0.161194)
(0.0499375 -0.0025 0.158209)
(0.0499375 -0.0025 0.155224)
(0.0499375 -0.0025 0.152239)
(0.0499375 -0.0025 0.149254)
(0.0499375 -0.0025 0.146269)
(0.0499375 -0.0025 0.143284)
(0.0499375 -0.0025 0.140299)
(0.0499375 -0.0025 0.137313)
(0.0499375 -0.0025 0.134328)
(0.0499375 -0.0025 0.131343)
(0.0499375 -0.0025 0.128358)
(0.0499375 -0.0025 0.125373)
(0.0499375 -0.0025 0.122388)
(0.0499375 -0.0025 0.119403)
(0.0499375 -0.0025 0.116418)
(0.0499375 -0.0025 0.113433)
(0.0499375 -0.0025 0.110448)
(0.0499375 -0.0025 0.107463)
(0.0499375 -0.0025 0.104478)
(0.0499375 -0.0025 0.101493)
(0.0499375 -0.0025 0.0985075)
(0.0499375 -0.0025 0.0955224)
(0.0499375 -0.0025 0.0925373)
(0.0499375 -0.0025 0.0895522)
(0.0499375 -0.0025 0.0865672)
(0.0499375 -0.0025 0.0835821)
(0.0499375 -0.0025 0.080597)
(0.0499375 -0.0025 0.0776119)
(0.0499375 -0.0025 0.0746269)
(0.0499375 -0.0025 0.0716418)
(0.0499375 -0.0025 0.0686567)
(0.0499375 -0.0025 0.0656716)
(0.0499375 -0.0025 0.0626866)
(0.0499375 -0.0025 0.0597015)
(0.0499375 -0.0025 0.0567164)
(0.0499375 -0.0025 0.0537313)
(0.0499375 -0.0025 0.0507463)
(0.0499375 -0.0025 0.0477612)
(0.0499375 -0.0025 0.0447761)
(0.0499375 -0.0025 0.041791)
(0.0499375 -0.0025 0.038806)
(0.0499375 -0.0025 0.0358209)
(0.0499375 -0.0025 0.0328358)
(0.0499375 -0.0025 0.0298507)
(0.0499375 -0.0025 0.0268657)
(0.0499375 -0.0025 0.0238806)
(0.0499375 -0.0025 0.0208955)
(0.0499375 -0.0025 0.0179104)
(0.0499375 -0.0025 0.0149254)
(0.0499375 -0.0025 0.0119403)
(0.0499375 -0.0025 0.00895522)
(0.0499375 -0.0025 0.00597015)
(0.0499375 -0.0025 0.00298507)
(0.0496999 -0.00546966 0.2)
(0.049286 -0.00841991 0.2)
(0.048697 -0.0113403 0.2)
(0.0478787 -0.0144094 0.2)
(0.0464512 -0.0185009 0.2)
(0.0443894 -0.0230127 0.2)
(0.0418888 -0.0273007 0.2)
(0.0389753 -0.0313197 0.2)
(0.0356777 -0.03503 0.2)
(0.0320284 -0.0383951 0.2)
(0.0280634 -0.0413817 0.2)
(0.0238219 -0.0439604 0.2)
(0.0193455 -0.0461059 0.2)
(0.0146785 -0.0477969 0.2)
(0.00986678 -0.0490168 0.2)
(0.00495782 -0.0497536 0.2)
(-2.43729e-16 -0.05 0.2)
(-0.00495782 -0.0497536 0.2)
(-0.00986678 -0.0490168 0.2)
(-0.0146785 -0.0477969 0.2)
(-0.0193455 -0.0461059 0.2)
(-0.0238219 -0.0439604 0.2)
(-0.0280634 -0.0413817 0.2)
(-0.0320284 -0.0383951 0.2)
(-0.0356777 -0.03503 0.2)
(-0.0389753 -0.0313197 0.2)
(-0.0418888 -0.0273007 0.2)
(-0.0443894 -0.0230127 0.2)
(-0.0464512 -0.0185009 0.2)
(-0.0478787 -0.0144094 0.2)
(-0.048697 -0.0113403 0.2)
(-0.049286 -0.00841991 0.2)
(-0.0496999 -0.00546966 0.2)
(-0.047 -0.0025 0.2)
(-0.0440625 -0.0025 0.2)
(-0.041125 -0.0025 0.2)
(-0.0381875 -0.0025 0.2)
(-0.03525 -0.0025 0.2)
(-0.0323125 -0.0025 0.2)
(-0.029375 -0.0025 0.2)
(-0.0264375 -0.0025 0.2)
(-0.0235 -0.0025 0.2)
(-0.0205625 -0.0025 0.2)
(-0.017625 -0.0025 0.2)
(-0.0146875 -0.0025 0.2)
(-0.01175 -0.0025 0.2)
(-0.00881249 -0.0025 0.2)
(-0.005875 -0.0025 0.2)
(-0.0029375 -0.0025 0.2)
(2.51882e-15 -0.0025 0.2)
(0.0029375 -0.0025 0.2)
(0.005875 -0.0025 0.2)
(0.00881249 -0.0025 0.2)
(0.01175 -0.0025 0.2)
(0.0146875 -0.0025 0.2)
(0.017625 -0.0025 0.2)
(0.0205625 -0.0025 0.2)
(0.0235 -0.0025 0.2)
(0.0264375 -0.0025 0.2)
(0.029375 -0.0025 0.2)
(0.0323125 -0.0025 0.2)
(0.03525 -0.0025 0.2)
(0.0381875 -0.0025 0.2)
(0.041125 -0.0025 0.2)
(0.0440625 -0.0025 0.2)
(0.047 -0.0025 0.2)
(-0.00110593 -0.00503085 0)
(0.0108731 -0.00467916 0)
(-0.0133298 -0.00488697 0)
(-0.0222092 -0.00495782 0)
(0.0188635 -0.00515461 0)
(0.0279529 -0.00502598 0)
(0.00730411 -0.0451403 0)
(-0.0111511 -0.044475 0)
(0.0238261 -0.0389342 0)
(-0.0273072 -0.0374649 0)
(-0.030677 -0.00481428 0)
(-0.0367892 -0.0261691 0)
(0.0377012 -0.0264373 0)
(0.0367982 -0.00504971 0)
(-0.0442662 -0.0155068 0)
(-0.00724138 -0.00536214 0)
(-0.0368366 -0.00499687 0)
(0.004401 -0.00514539 0)
(0.0440587 -0.0150065 0)
(-0.0424059 -0.00509787 0)
(0.0425068 -0.00495696 0)
(0.0149356 -0.0435243 0)
(0.0309571 -0.0337882 0)
(-0.0202246 -0.0410268 0)
(-0.00205128 -0.0454307 0)
(-0.0464253 -0.00933059 0)
(0.0463785 -0.00927845 0)
(0.0467467 -0.00612586 0)
(-0.0467894 -0.00613198 0)
(0.0308613 -0.00505559 0)
(0.0293804 -0.00763392 0)
(0.0263004 -0.0073573 0)
(0.0276678 -0.0101103 0)
(0.0308543 -0.0102188 0)
(0.0293355 -0.0128999 0)
(0.0259281 -0.0127809 0)
(0.0277958 -0.0158162 0)
(0.0242554 -0.0158085 0)
(0.0262253 -0.0190373 0)
(0.0224357 -0.019146 0)
(0.0204464 -0.0158878 0)
(0.0185748 -0.0192142 0)
(0.0206005 -0.0225367 0)
(0.0167093 -0.0225628 0)
(0.0147349 -0.0192551 0)
(0.0128503 -0.0225722 0)
(0.0109264 -0.0193977 0)
(0.00902982 -0.0225853 0)
(0.00711759 -0.0193643 0)
(0.00522621 -0.02256 0)
(0.00332633 -0.0194206 0)
(0.00144177 -0.0225845 0)
(-0.000456897 -0.0192931 0)
(-0.00233868 -0.0225793 0)
(-0.00422521 -0.0193041 0)
(-0.00612199 -0.022583 0)
(-0.00804784 -0.0193252 0)
(-0.00992579 -0.02262 0)
(-0.0118632 -0.0193324 0)
(-0.0137419 -0.0226291 0)
(-0.0156963 -0.0193321 0)
(-0.000305371 -0.0259335 0)
(-0.0175919 -0.0226633 0)
(-0.0195215 -0.019337 0)
(-0.0118509 -0.0259961 0)
(0.0108529 -0.0259525 0)
(-0.0214715 -0.0226975 0)
(-0.0234336 -0.0193093 0)
(-0.0177013 -0.0158051 0)
(-0.0197834 -0.0260381 0)
(0.0017094 -0.0157452 0)
(0.0186888 -0.0259944 0)
(-0.0097599 -0.0159672 0)
(0.0324098 -0.0128961 0)
(0.0127214 -0.0165326 0)
(-0.025418 -0.022744 0)
(-0.0273497 -0.0192891 0)
(-0.0254004 -0.0159774 0)
(-0.0291958 -0.0159121 0)
(0.0299701 -0.0188731 0)
(0.0283912 -0.022337 0)
(-0.0277154 -0.0125058 0)
(-0.031331 -0.0128675 0)
(-0.0329721 -0.0158626 0)
(-0.0346588 -0.0127561 0)
(-0.0238288 -0.0127826 0)
(-0.0255773 -0.00998811 0)
(-0.0366609 -0.015779 0)
(0.0339511 -0.0102589 0)
(0.0355115 -0.0128879 0)
(0.0370578 -0.0102591 0)
(-0.0379614 -0.01242 0)
(0.0226988 -0.0259476 0)
(0.0207602 -0.0295569 0)
(0.0165841 -0.0296293 0)
(-0.0295643 -0.0228647 0)
(-0.0274091 -0.0263875 0)
(-0.0349284 -0.0190425 0)
(0.0186216 -0.033236 0)
(0.0143882 -0.0332783 0)
(-0.0330089 -0.0101186 0)
(-0.0224018 -0.00988342 0)
(0.0248228 -0.0294896 0)
(0.0386156 -0.012912 0)
(0.0369071 -0.0156673 0)
(0.0401784 -0.010309 0)
(-0.0387487 -0.0189651 0)
(0.0322537 -0.0220205 0)
(0.0306117 -0.0257928 0)
(-0.0358402 -0.0097077 0)
(-0.038974 -0.00930676 0)
(-0.0285901 -0.00912457 0)
(-0.0267194 -0.00723155 0)
(-0.0410111 -0.0115135 0)
(0.0166569 -0.0369369 0)
(0.0121585 -0.0368666 0)
(0.0099544 -0.0332903 0)
(0.00771402 -0.037038 0)
(0.005533 -0.033243 0)
(0.00330415 -0.0370297 0)
(0.00113405 -0.0332913 0)
(-0.00109046 -0.0370128 0)
(-0.00325835 -0.0332733 0)
(-0.00548399 -0.0369871 0)
(-0.00760959 -0.0331894 0)
(-0.00987857 -0.03688 0)
(-0.0120137 -0.0331548 0)
(-0.005614 -0.0295822 0)
(-0.0142691 -0.0366735 0)
(-0.0164873 -0.0331709 0)
(0.00335267 -0.0294744 0)
(0.00107163 -0.040872 0)
(-0.0203851 -0.012685 0)
(-0.0193445 -0.00970996 0)
(0.0223666 -0.0127698 0)
(0.0189713 -0.0127169 0)
(0.0203929 -0.0099601 0)
(0.0177006 -0.00970818 0)
(0.0159357 -0.0120866 0)
(0.0147632 -0.00932105 0)
(0.0129351 -0.0115847 0)
(0.0117691 -0.00909258 0)
(0.00993962 -0.0113101 0)
(0.00873438 -0.00863208 0)
(0.00690434 -0.0109522 0)
(0.00792147 -0.0138098 0)
(0.0135574 -0.0065567 0)
(0.00484221 -0.0134214 0)
(0.00380483 -0.0104449 0)
(-0.0319365 -0.026516 0)
(-0.0290748 -0.0301856 0)
(-0.0250443 -0.030097 0)
(-0.0346839 -0.00744398 0)
(-0.0417466 -0.00833206 0)
(-0.0175476 -0.0120884 0)
(-0.0163714 -0.00942836 0)
(-0.0144682 -0.0116773 0)
(-0.0178407 -0.00723382 0)
(-0.0134045 -0.00904869 0)
(-0.0113882 -0.0113579 0)
(-0.0104072 -0.00878343 0)
(-0.00855625 -0.0110238 0)
(-0.00745176 -0.0083663 0)
(-0.00567739 -0.0107516 0)
(-0.00446742 -0.00806014 0)
(-0.00271011 -0.0104916 0)
(-0.00408939 -0.0132726 0)
(0.0104809 -0.0411583 0)
(0.0238405 -0.00954908 0)
(0.0235205 -0.00671359 0)
(-0.0394659 -0.00657296 0)
(-0.0138699 -0.0160451 0)
(0.0165112 -0.0156542 0)
(0.0384789 -0.00764699 0)
(-0.0214486 -0.016016 0)
(0.00816851 -0.0295957 0)
(-0.00586922 -0.0161977 0)
(-0.00812976 -0.0408312 0)
(-0.000823323 -0.0129999 0)
(0.00062165 -0.00986336 0)
(-0.0339306 -0.0305635 0)
(0.0323881 -0.0076545 0)
(0.00568763 -0.00796885 0)
(0.0165875 -0.00698788 0)
(-0.00229244 -0.0161354 0)
(-0.0103918 -0.00487234 0)
(-0.0251366 -0.00493713 0)
(0.0338517 -0.00507928 0)
(0.00784113 -0.00551801 0)
(-0.00412127 -0.00513756 0)
(0.00155854 -0.00501783 0)
(-0.0140418 -0.029598 0)
(0.0340645 -0.0183569 0)
(0.0362797 -0.0220723 0)
(-0.00976965 -0.0295372 0)
(0.0442291 -0.00718434 0)
(0.0434741 -0.0103356 0)
(0.0417175 -0.0128467 0)
(0.0029375 -0.0075946 0)
(0.0354597 -0.00768639 0)
(-0.0335332 -0.0225058 0)
(0.0423744 -0.019134 0)
(0.0244958 -0.0224645 0)
(-0.0400137 -0.022967 0)
(0.00535391 -0.0410803 0)
(0.0146463 -0.0260891 0)
(-0.00342884 -0.040858 0)
(0.0396562 -0.00494867 0)
(-0.0079166 -0.0260255 0)
(-0.0187171 -0.0368576 0)
(-0.0212844 -0.0327989 0)
(0.0233068 -0.0339579 0)
(0.0123639 -0.0296918 0)
(-0.045523 -0.0123595 0)
(0.0338429 -0.0295637 0)
(-0.00173645 -0.00770912 0)
(0.00251601 -0.0453127 0)
(-0.0228431 -0.0370292 0)
(-0.0312572 -0.0192461 0)
(0.0275117 -0.0365653 0)
(-0.00413192 -0.0259015 0)
(-0.0406057 -0.0151859 0)
(-0.0162808 -0.00481237 0)
(-0.00103849 -0.0298502 0)
(-0.0235057 -0.0261634 0)
(0.019066 -0.0408415 0)
(0.0459866 -0.012162 0)
(-0.0157023 -0.0433367 0)
(0.00700462 -0.0258421 0)
(-0.0159528 -0.026135 0)
(-0.00666733 -0.0452101 0)
(0.00333637 -0.0257589 0)
(0.0266711 -0.0259215 0)
(-0.0425108 -0.0189889 0)
(0.0413902 -0.00766731 0)
(-0.0279062 -0.00479051 0)
(-0.0239971 -0.00758531 0)
(-0.0305084 -0.0342297 0)
(0.020916 -0.0072312 0)
(-0.0443258 -0.00726553 0)
(0.00203095 -0.0124949 0)
(-0.0314601 -0.00764076 0)
(0.00532486 -0.0166007 0)
(-0.0208145 -0.00731639 0)
(-0.018243 -0.0294596 0)
(-0.0436684 -0.0103274 0)
(0.0114532 -0.0453273 0)
(-0.0337812 -0.00465516 0)
(-0.0125878 -0.0403351 0)
(0.0249032 -0.00481551 0)
(0.0402257 -0.022802 0)
(0.0270545 -0.0327383 0)
(0.0289933 -0.029549 0)
(0.00900754 -0.0167517 0)
(0.0220443 -0.00481915 0)
(0.0204228 -0.0367526 0)
(-0.0371763 -0.00754477 0)
(-0.0192221 -0.00488673 0)
(0.0403352 -0.0156912 0)
(0.0383644 -0.0189539 0)
(0.0157566 -0.00466296 0)
(-0.00701787 -0.013368 0)
(0.0310525 -0.0157102 0)
(-0.0149964 -0.00715153 0)
(0.0110682 -0.0139682 0)
(-0.0290706 -0.00672033 0)
(-0.0257307 -0.0336643 0)
(-0.0118874 -0.0141461 0)
(0.0133249 -0.00417976 0)
(0.0341378 -0.0251773 0)
(0.0339891 -0.0151037 0)
(-0.0119878 -0.00697983 0)
(-0.0216681 -0.0289414 0)
(-0.0244936 -0.0402875 0)
(-0.0163002 -0.0396459 0)
(0.000574244 -0.00711299 0)
(-0.0157048 -0.0139965 0)
(-0.0396562 -0.00415945 0)
(0.0145798 -0.0398161 0)
(-0.00920964 -0.00690146 0)
(-0.00972192 -0.0131726 0)
(0.018705 -0.00771125 0)
(-0.0368437 -0.021335 0)
(0.0105301 -0.00704505 0)
(-0.0306007 -0.0104844 0)
(0.0139371 -0.0139428 0)
(-0.044758 -0.00460116 0)
(0.0447552 -0.00458453 0)
(-0.0429785 -0.0131636 0)
(0.0438092 -0.0125877 0)
(-0.0497504 -0.00499012 0.0729983)
(-0.0497415 -0.00507771 0.0910448)
(-0.0497388 -0.00510426 0.108377)
(-0.0497415 -0.00507771 0.126866)
(0.0497415 -0.00507771 0.126866)
(0.0497415 -0.00507771 0.108955)
(0.0497118 -0.005361 0.0911006)
(0.0497415 -0.00507771 0.0731343)
(-0.0497415 -0.00507771 0.0552239)
(-0.0497398 -0.00509481 0.14502)
(0.0497374 -0.00511787 0.0548049)
(0.0497415 -0.00507771 0.144776)
(-0.00248197 -0.0499384 0.00429846)
(0.00248197 -0.0499384 0.195702)
(0.0497427 -0.00506557 0.0403049)
(-0.0497415 -0.00507771 0.0402985)
(0.0497415 -0.00507771 0.159701)
(-0.0497415 -0.00507771 0.159701)
(0.021634 -0.0450774 0.00432429)
(-0.0216355 -0.0450766 0.195697)
(0.0259747 -0.0427237 0.195702)
(-0.0259747 -0.0427237 0.00429846)
(-0.0497415 -0.00507771 0.0283582)
(-0.0497422 -0.005071 0.171642)
(0.0497434 -0.00505892 0.0288226)
(0.0497479 -0.00501423 0.170959)
(0.0374178 -0.0331648 0.00436194)
(-0.0373456 -0.0332461 0.196088)
(0.0404819 -0.0293464 0.195702)
(-0.0404771 -0.0293531 0.00388825)
(-0.0497423 -0.00506951 0.117962)
(-0.0497415 -0.00507771 0.1)
(0.0497415 -0.00507771 0.0820896)
(0.0497415 -0.00507771 0.11791)
(0.0497335 -0.0051552 0.100182)
(-0.0497415 -0.00507771 0.0820896)
(0.0497415 -0.00507771 0.0641791)
(0.0497415 -0.00507771 0.180597)
(0.049743 -0.00506253 0.0188513)
(0.0497601 -0.00489185 0.135715)
(-0.0497667 -0.00482451 0.180539)
(-0.0497415 -0.00507771 0.019403)
(-0.0497415 -0.00507771 0.135821)
(-0.0497415 -0.00507771 0.0641791)
(-0.0454763 -0.0207824 0.195976)
(0.0454763 -0.0207824 0.0040239)
(-0.0471858 -0.0165379 0.00401556)
(0.0472093 -0.0164707 0.196749)
(-0.0497435 -0.00505808 0.190153)
(0.0497413 -0.00507948 0.0104406)
(0.0483122 -0.0128814 0.00266531)
(-0.0483 -0.012927 0.197078)
(-0.0497383 -0.00510891 0.00979343)
(0.0497415 -0.00507771 0.189552)
(0.049741 -0.00508285 0.0492587)
(0.0497317 -0.0051728 0.150795)
(0.0497423 -0.00506963 0.165669)
(0.049742 -0.00507247 0.0343593)
(-0.0497415 -0.00507771 0.0462687)
(-0.0497478 -0.00501542 0.153912)
(-0.04972 -0.00528383 0.0343564)
(-0.0497332 -0.00515846 0.16566)
(0.0338948 -0.0367579 0.195702)
(0.0300631 -0.0399526 0.00426703)
(-0.017005 -0.0470195 0.00429285)
(-0.0339338 -0.0367219 0.00396562)
(0.017033 -0.0470093 0.195702)
(0.012337 -0.0484541 0.00420257)
(-0.0123302 -0.0484558 0.195931)
(-0.0301138 -0.0399144 0.195711)
(-0.0490775 -0.00956052 0.00348086)
(0.0490132 -0.00988447 0.19742)
(0.0497415 -0.00507771 0.00447761)
(-0.0497396 -0.00509649 0.194962)
(0.0497443 -0.00505059 0.195141)
(-0.0497453 -0.00504069 0.00501209)
(0.0473504 -0.0160606 0.00323109)
(0.0468017 -0.0175955 0.00748707)
(0.0451661 -0.0214481 0.00843954)
(0.0464977 -0.0183839 0.0114159)
(0.0448942 -0.0220116 0.012642)
(0.0462144 -0.0190849 0.0153448)
(0.0446164 -0.0225693 0.0166862)
(0.0459217 -0.0197788 0.0193256)
(0.0443147 -0.0231562 0.0206651)
(0.0456482 -0.0204021 0.0231965)
(0.0440145 -0.0237218 0.0246009)
(0.0424979 -0.0263425 0.0227327)
(0.0421133 -0.0269531 0.0263134)
(0.0438446 -0.0240344 0.0288633)
(0.0417932 -0.0274469 0.0301113)
(0.0400186 -0.0299751 0.0274354)
(0.0396614 -0.0304463 0.0313653)
(0.0376877 -0.0328579 0.0288873)
(0.0373012 -0.033296 0.0328821)
(0.0392945 -0.0309183 0.0352037)
(0.0369442 -0.0336916 0.0366959)
(0.0348129 -0.0358896 0.0342573)
(0.034434 -0.0362533 0.038143)
(0.0321655 -0.0382803 0.0357728)
(0.0317679 -0.0386109 0.0395127)
(0.0293681 -0.0404662 0.0371857)
(0.0289489 -0.0407671 0.0410216)
(0.0313514 -0.0389499 0.0432694)
(0.0285626 -0.0410387 0.0447131)
(0.0260788 -0.0426602 0.0424191)
(0.025666 -0.0429098 0.0461331)
(0.02309 -0.0443492 0.043874)
(0.0226654 -0.0445677 0.0475811)
(0.0252368 -0.0431637 0.0497747)
(0.0222727 -0.0447653 0.0510061)
(0.0196395 -0.0459814 0.0489443)
(0.0192165 -0.0461598 0.0524249)
(0.0165335 -0.0471873 0.050356)
(0.016123 -0.0473292 0.0539738)
(0.0133732 -0.0481784 0.0518235)
(0.0129468 -0.0482947 0.0553476)
(0.0101651 -0.0489558 0.0532157)
(0.00974796 -0.0490406 0.0567444)
(0.0125098 -0.0484098 0.0588531)
(0.0093182 -0.049124 0.0602483)
(0.0120618 -0.0485233 0.0623625)
(0.00890568 -0.0492005 0.0637276)
(0.0116017 -0.0486354 0.0658051)
(0.00847051 -0.0492773 0.067139)
(0.0111738 -0.0487355 0.0692222)
(0.00808243 -0.0493424 0.0705387)
(0.0107202 -0.0488372 0.0726072)
(0.00767924 -0.0494068 0.0738917)
(0.0103146 -0.0489245 0.0759321)
(0.00725558 -0.0494708 0.0772178)
(0.00989113 -0.0490119 0.0792396)
(0.0068621 -0.0495269 0.0805315)
(0.00947073 -0.0490949 0.0825272)
(0.00643169 -0.0495846 0.0838134)
(0.00905338 -0.0491735 0.0858075)
(0.00605567 -0.0496319 0.0870769)
(0.0086389 -0.049248 0.089059)
(0.00565889 -0.0496787 0.090322)
(0.0082275 -0.0493184 0.09229)
(0.00525192 -0.0497234 0.0935519)
(0.00781651 -0.0493852 0.0955121)
(0.00485166 -0.0497641 0.0967674)
(0.00740834 -0.0494481 0.098722)
(0.0044508 -0.0498015 0.0999718)
(0.00700246 -0.0495072 0.101923)
(0.00404876 -0.0498358 0.103159)
(0.00659865 -0.0495627 0.105115)
(0.00363388 -0.0498678 0.106375)
(0.00620721 -0.0496132 0.108368)
(0.00320617 -0.0498971 0.109637)
(0.00582547 -0.0496595 0.111638)
(0.00277169 -0.0499231 0.112923)
(0.00543368 -0.0497039 0.114966)
(0.00232978 -0.0499457 0.116269)
(0.00384013 -0.0498523 0.081821)
(0.00188595 -0.0499644 0.0980215)
(0.00577841 -0.049665 0.0650777)
(0.00503593 -0.0497457 0.118349)
(0.00187536 -0.0499648 0.119682)
(-0.000353432 -0.0499988 0.114252)
(0.00462882 -0.0497853 0.121791)
(0.00141643 -0.0499799 0.123135)
(0.00993116 -0.0490038 0.100671)
(0.00421509 -0.049822 0.125292)
(0.000930461 -0.0499913 0.126685)
(0.00815773 -0.04933 0.116985)
(0.0115965 -0.0486366 0.087797)
(0.0133278 -0.048191 0.0746394)
(0.00379228 -0.049856 0.128856)
(0.000463067 -0.0499979 0.130231)
(-0.00241982 -0.0499414 0.128033)
(-0.00289235 -0.0499163 0.131468)
(-0.00577768 -0.0496651 0.129398)
(-0.00626547 -0.0496059 0.133019)
(-0.00910547 -0.0491639 0.130818)
(-0.00956826 -0.0490759 0.134234)
(-0.0124021 -0.0484375 0.132244)
(-0.0128824 -0.0483119 0.135797)
(0.00336262 -0.0498868 0.132459)
(0.00669358 -0.0495499 0.130881)
(-0.0156373 -0.0474918 0.133609)
(-0.01609 -0.0473404 0.137232)
(0.00628775 -0.0496031 0.134551)
(0.00963918 -0.0490621 0.133235)
(0.00919714 -0.0491468 0.136906)
(0.0125282 -0.048405 0.135457)
(-0.0188074 -0.046328 0.135022)
(-0.019248 -0.0461467 0.13863)
(-0.0183523 -0.0465101 0.131413)
(-0.0214035 -0.0451873 0.132817)
(-0.020967 -0.0453914 0.12927)
(0.0120958 -0.0485149 0.139142)
(0.0153848 -0.0475742 0.137713)
(-0.0165301 -0.0471885 0.140924)
(-0.0197352 -0.0459404 0.142327)
(-0.023895 -0.0439207 0.130596)
(-0.0234764 -0.0441459 0.127112)
(0.0149544 -0.0477113 0.141384)
(0.0181933 -0.0465726 0.139928)
(-0.0262835 -0.0425344 0.128446)
(-0.025883 -0.0427793 0.124993)
(0.01777 -0.0467357 0.143635)
(0.020939 -0.0454044 0.142174)
(0.0213296 -0.0452222 0.138502)
(0.0144925 -0.0478536 0.145122)
(0.023957 -0.0438869 0.140721)
(0.024331 -0.0436807 0.137101)
(0.0235946 -0.0440828 0.144356)
(-0.0169714 -0.0470316 0.144632)
(-0.0202254 -0.0457267 0.146075)
(0.0268304 -0.0421916 0.139249)
(0.0271783 -0.0419683 0.13568)
(-0.0285708 -0.0410331 0.126311)
(-0.0281874 -0.0412974 0.122891)
(0.029538 -0.0403424 0.137825)
(0.0298648 -0.040101 0.133861)
(-0.030752 -0.0394248 0.124193)
(-0.0303875 -0.0397064 0.120805)
(-0.0311227 -0.0391328 0.127574)
(0.0105892 -0.0488658 0.0496655)
(0.00731814 -0.0494615 0.051068)
(-0.0174185 -0.0468678 0.148398)
(-0.020718 -0.0455056 0.149887)
(-0.0328304 -0.0377116 0.1221)
(-0.0324795 -0.0380143 0.118729)
(-0.0300342 -0.0399743 0.117443)
(-0.0321342 -0.0383066 0.115395)
(-0.0296958 -0.0402264 0.114119)
(-0.0317886 -0.0385939 0.112089)
(-0.0293448 -0.0404831 0.110812)
(-0.0314415 -0.0388771 0.1088)
(-0.0290109 -0.0407231 0.107531)
(-0.0310986 -0.039152 0.105539)
(-0.0286718 -0.0409625 0.104287)
(-0.0307556 -0.039422 0.102293)
(-0.0283323 -0.0411981 0.101062)
(-0.0304144 -0.0396858 0.0990657)
(-0.0279783 -0.0414393 0.0977744)
(-0.0300763 -0.0399427 0.0958241)
(-0.0324062 -0.0380767 0.0970502)
(-0.0320828 -0.0383496 0.0938639)
(-0.0297389 -0.0401945 0.0926313)
(-0.031774 -0.0386059 0.0906683)
(-0.0294031 -0.0404408 0.089436)
(-0.0314505 -0.0388698 0.0874186)
(-0.029069 -0.0406816 0.0862463)
(-0.0311099 -0.039143 0.0842779)
(-0.0287194 -0.0409291 0.0830594)
(-0.0307916 -0.0393939 0.0810683)
(-0.0283614 -0.041178 0.0798728)
(-0.0304521 -0.0396569 0.0778613)
(-0.0280249 -0.0414078 0.0766529)
(-0.0301199 -0.0399098 0.0746429)
(-0.0276713 -0.0416449 0.0733956)
(-0.0297854 -0.04016 0.0714137)
(-0.0273125 -0.0418811 0.070161)
(-0.029449 -0.0404074 0.068168)
(-0.0269441 -0.0421191 0.0668977)
(-0.0291137 -0.0406497 0.0648907)
(-0.0265734 -0.0423539 0.0636192)
(-0.0287667 -0.0408959 0.0616046)
(-0.0312351 -0.0390431 0.0628835)
(-0.0309321 -0.0392837 0.0595325)
(-0.0283876 -0.04116 0.0582582)
(-0.0305957 -0.0395463 0.0559696)
(-0.0279919 -0.0414301 0.0548316)
(-0.0302291 -0.0398272 0.0527378)
(-0.0275768 -0.0417075 0.0513482)
(-0.0327654 -0.0377681 0.0791057)
(-0.029896 -0.0400778 0.0491628)
(-0.0271504 -0.0419864 0.0477709)
(-0.0340021 -0.0366586 0.0919154)
(0.0320834 -0.0383491 0.136306)
(0.0323909 -0.0380898 0.132825)
(-0.0334593 -0.0371548 0.0609478)
(-0.0337583 -0.0368833 0.110024)
(0.00774222 -0.0493969 0.0474422)
(-0.017868 -0.0466983 0.152287)
(-0.0212175 -0.0452749 0.153781)
(-0.0239753 -0.0438769 0.151569)
(-0.0244681 -0.043604 0.155081)
(-0.0271395 -0.0419934 0.15303)
(-0.0295396 -0.0403412 0.0455784)
(-0.0322054 -0.0382467 0.0469475)
(-0.0267213 -0.0422608 0.0441496)
(0.0344884 -0.0362015 0.134995)
(0.0342 -0.0364741 0.138456)
(0.0347752 -0.0359261 0.131552)
(0.032731 -0.0377979 0.129459)
(0.0350603 -0.0356479 0.128139)
(0.0330329 -0.0375343 0.126057)
(0.0353579 -0.0353528 0.12477)
(0.0333805 -0.0372256 0.122711)
(0.0356188 -0.0350899 0.121404)
(0.0336728 -0.0369613 0.119401)
(0.0358617 -0.0348416 0.118119)
(0.0340023 -0.0366584 0.116126)
(0.036114 -0.0345801 0.114755)
(0.0343071 -0.0363734 0.112874)
(0.0363975 -0.0342815 0.111387)
(0.0345896 -0.0361048 0.109655)
(0.0366877 -0.0339708 0.108304)
(0.0348816 -0.0358229 0.106432)
(0.0369485 -0.0336869 0.105142)
(0.0351675 -0.0355422 0.103259)
(0.0372055 -0.0334028 0.101996)
(0.0354591 -0.0352513 0.100076)
(0.0374615 -0.0331155 0.0988292)
(0.035706 -0.0350011 0.0969522)
(0.0377147 -0.0328268 0.0956617)
(0.0359741 -0.0347255 0.0937073)
(0.0379688 -0.0325326 0.0924845)
(0.036261 -0.0344259 0.0905658)
(0.0382233 -0.0322333 0.0893106)
(0.0365544 -0.0341141 0.087405)
(0.0384749 -0.0319324 0.0861467)
(0.0367889 -0.0338612 0.0842186)
(0.0387238 -0.0316302 0.0829703)
(0.0370459 -0.0335798 0.0810203)
(0.0389732 -0.0313224 0.0797569)
(-0.0347894 -0.0359123 0.120038)
(-0.0276095 -0.0416859 0.156811)
(-0.0301109 -0.0399166 0.154299)
(-0.031859 -0.0385358 0.0433251)
(-0.0344108 -0.0362753 0.0447865)
(-0.0305353 -0.0395929 0.158068)
(-0.0329107 -0.0376415 0.155774)
(-0.0269368 -0.0421237 0.0882029)
(0.0389171 -0.0313921 0.0390729)
(-0.0333105 -0.0372882 0.159542)
(0.0364477 -0.0342281 0.137027)
(0.0361794 -0.0345116 0.140503)
(-0.0250975 -0.0432448 0.0721521)
(0.0376797 -0.032867 0.120089)
(-0.0183379 -0.0465158 0.156199)
(0.0373021 -0.0332949 0.0778029)
(0.0392237 -0.0310081 0.0765266)
(-0.0340782 -0.0365879 0.0411111)
(0.0383913 -0.0320329 0.110332)
(-0.0252084 -0.0431803 0.0535507)
(-0.0355205 -0.0351894 0.157294)
(-0.0358951 -0.0348072 0.161071)
(-0.0364989 -0.0341735 0.0425528)
(0.0390675 -0.0312046 0.10081)
(-0.026151 -0.042616 0.103024)
(0.038282 -0.0321635 0.139113)
(0.0380328 -0.0324578 0.142534)
(0.0375574 -0.0330066 0.0745669)
(0.0394714 -0.0306922 0.0732859)
(-0.0361747 -0.0345165 0.0387733)
(-0.0337097 -0.0369277 0.0370617)
(0.0398117 -0.0302495 0.0912365)
(0.00436553 -0.0498091 0.0488782)
(0.00480958 -0.0497681 0.0451868)
(0.0323733 -0.0381047 0.110918)
(-0.0278333 -0.0415368 0.160257)
(0.0335643 -0.03706 0.0984307)
(-0.0379287 -0.0325794 0.15877)
(-0.0375748 -0.0329869 0.15503)
(-0.0382762 -0.0321704 0.16249)
(-0.0148547 -0.0477424 0.154665)
(-0.015338 -0.0475893 0.158657)
(-0.0384607 -0.0319496 0.0403324)
(-0.0387322 -0.0316199 0.0438805)
(0.0349847 -0.0357221 0.0853346)
(0.0405304 -0.0292794 0.0817026)
(-0.0382559 -0.0321945 0.0360103)
(0.0399892 -0.0300145 0.141123)
(0.0397569 -0.0303214 0.144549)
(-0.0117386 -0.0486025 0.157103)
(-0.0122371 -0.0484794 0.161145)
(-0.0085339 -0.0492663 0.159572)
(0.0378117 -0.0327151 0.071324)
(0.0397168 -0.030374 0.070049)
(0.0357627 -0.0349433 0.0726158)
(0.0377888 -0.0327415 0.145921)
(0.0395376 -0.0306069 0.147998)
(0.0374933 -0.0330795 0.149363)
(0.0393127 -0.0308952 0.151459)
(0.0372498 -0.0333534 0.152837)
(0.0390881 -0.0311789 0.154949)
(0.0369599 -0.0336744 0.156395)
(0.0388693 -0.0314512 0.15863)
(0.0366552 -0.0340058 0.160044)
(0.0386263 -0.0317492 0.16238)
(0.0363089 -0.0343753 0.16381)
(-0.023081 -0.0443539 0.12364)
(-0.0397762 -0.0302961 0.156367)
(-0.0394536 -0.0307151 0.152686)
(-0.00904542 -0.049175 0.163626)
(-0.00520841 -0.049728 0.16199)
(0.0146866 -0.0477944 0.0644942)
(0.041235 -0.0282786 0.0720135)
(0.0414471 -0.0279667 0.0687748)
(0.0399642 -0.0300477 0.0667844)
(0.0417062 -0.0275788 0.0655229)
(0.00136976 -0.0499812 0.0466944)
(0.00181758 -0.049967 0.0428972)
(0.0310036 -0.0392273 0.124016)
(0.00533266 -0.0497148 0.0413839)
(0.0022547 -0.0499491 0.0390165)
(0.00586395 -0.0496549 0.0375195)
(-0.0362605 -0.0344264 0.164879)
(-0.0386552 -0.0317139 0.166281)
(0.041022 -0.0285867 0.153501)
(-0.0405072 -0.0293116 0.041748)
(-0.0407517 -0.0289706 0.0452982)
(0.00271452 -0.0499263 0.0351432)
(0.00638226 -0.049591 0.0335414)
(-0.000953314 -0.0499909 0.0367089)
(0.0383783 -0.0320486 0.166094)
(0.0360178 -0.0346803 0.167643)
(0.0337471 -0.0368935 0.164876)
(0.0415645 -0.027792 0.143191)
(0.041775 -0.0274746 0.139839)
(-0.0125858 -0.0483901 0.165393)
(0.0297734 -0.040169 0.033407)
(0.0405393 -0.0292671 0.164553)
(-0.0414391 -0.0279786 0.15403)
(-0.0411413 -0.0284146 0.150413)
(0.0403079 -0.029585 0.168338)
(-0.0391716 -0.0310739 0.149121)
(-0.0408713 -0.0288017 0.146949)
(0.0402044 -0.0297255 0.0635098)
(0.041939 -0.0272236 0.0622373)
(0.0430829 -0.0253744 0.0675107)
(-0.00577552 -0.0496653 0.166216)
(-0.00186408 -0.0499652 0.164959)
(0.0248057 -0.0434129 0.0533872)
(-0.000488254 -0.0499976 0.0327176)
(-0.00420768 -0.0498226 0.0343067)
(0.0334157 -0.0371939 0.168956)
(0.0309393 -0.039278 0.166538)
(-0.0423396 -0.0265962 0.0432088)
(-0.0425525 -0.0262543 0.0466764)
(-0.0366049 -0.03406 0.168779)
(-0.0390265 -0.0312559 0.170161)
(-0.0408954 -0.0287674 0.167765)
(-0.0426718 -0.0260599 0.148302)
(-0.042418 -0.026471 0.144821)
(0.0058141 -0.0496608 0.138374)
(0.0431924 -0.0251877 0.141842)
(0.0433798 -0.0248635 0.138564)
(-0.00373674 -0.0498602 0.030256)
(-0.00749155 -0.0494356 0.0318684)
(0.0422819 -0.0266879 0.166727)
(0.0420711 -0.0270189 0.170535)
(-0.0412345 -0.0282792 0.171559)
(0.0404421 -0.0294013 0.060223)
(0.0421716 -0.0268619 0.0589323)
(0.0305727 -0.039564 0.170832)
(0.0279103 -0.0414852 0.168311)
(-0.00861028 -0.0492531 0.127474)
(0.0129418 -0.0482961 0.131801)
(-0.00245409 -0.0499397 0.168887)
(0.00144336 -0.0499792 0.167167)
(0.000937749 -0.0499912 0.050331)
(-0.00205115 -0.0499579 0.0481442)
(-0.00247291 -0.0499388 0.0518177)
(-0.0406189 -0.0291565 0.143475)
(-0.0421731 -0.0268594 0.141368)
(-0.0437979 -0.0241194 0.142716)
(-0.0435788 -0.0245131 0.139306)
(-0.0428757 -0.025723 0.169547)
(-0.0431935 -0.0251858 0.173179)
(-0.00542558 -0.0497048 0.049613)
(-0.00583653 -0.0496582 0.0532103)
(0.0275028 -0.0417564 0.17251)
(-0.0439544 -0.0238329 0.0445927)
(-0.0437682 -0.0241732 0.0411598)
(-0.0441435 -0.0234809 0.0480493)
(-0.0427817 -0.025879 0.0500801)
(-0.0443289 -0.0231289 0.0514157)
(-0.0430124 -0.0254938 0.0534541)
(-0.0445106 -0.0227773 0.0547741)
(-0.0432342 -0.0251158 0.0567878)
(-0.0446885 -0.0224263 0.0580716)
(-0.0434487 -0.0247428 0.060067)
(-0.0448637 -0.0220737 0.0613294)
(-0.0436684 -0.0243531 0.0633071)
(-0.0450353 -0.0217214 0.0645595)
(-0.0438572 -0.0240114 0.0665359)
(-0.0452031 -0.0213702 0.0677566)
(-0.0440639 -0.0236298 0.0697149)
(-0.0453672 -0.0210194 0.0709225)
(-0.0442442 -0.0232906 0.0728674)
(-0.045529 -0.0206666 0.0740823)
(-0.044439 -0.0229167 0.0759931)
(-0.0456878 -0.0203131 0.0772159)
(-0.0446115 -0.0225792 0.0791109)
(-0.045831 -0.0199881 0.0802988)
(-0.0447888 -0.0222253 0.0822152)
(0.0385494 -0.0318425 0.0615305)
(-0.0459825 -0.0196369 0.083412)
(-0.0449631 -0.0218705 0.0853317)
(-0.0419556 -0.027198 0.137981)
(-0.0433653 -0.0248888 0.135945)
(0.0446285 -0.0225455 0.14048)
(0.0448058 -0.022191 0.137188)
(-0.00701578 -0.0495053 0.0277308)
(-0.0107876 -0.0488224 0.0293942)
(-0.0426295 -0.026129 0.0678496)
(0.0246679 -0.0434913 0.17004)
(-0.0436277 -0.0244258 0.0841221)
(-0.0438225 -0.0240747 0.0872121)
(-0.0451364 -0.0215106 0.0884398)
(-0.0440119 -0.0237267 0.0903312)
(-0.045306 -0.021151 0.0915377)
(-0.0442007 -0.023373 0.0934279)
(-0.0454733 -0.0207889 0.0946308)
(-0.0443886 -0.0230141 0.096522)
(-0.0456244 -0.0204551 0.0976907)
(-0.044568 -0.0226649 0.0996171)
(-0.0457863 -0.0200902 0.100802)
(-0.0447469 -0.0223095 0.102711)
(-0.0459436 -0.0197278 0.103966)
(-0.0449211 -0.0219567 0.105815)
(-0.0461131 -0.0193282 0.107015)
(-0.0450949 -0.0215976 0.108917)
(-0.0433819 -0.0248598 0.101425)
(0.0251065 -0.0432396 0.165875)
(-0.00321377 -0.0498966 0.0261323)
(0.000897062 -0.049992 0.171408)
(-0.0369844 -0.0336475 0.172762)
(0.043575 -0.0245198 0.135298)
(0.0449702 -0.021856 0.133944)
(-0.0047494 -0.0497739 0.157957)
(-0.0462671 -0.0189568 0.110121)
(-0.0452647 -0.0212392 0.112026)
(0.0438559 -0.0240137 0.168993)
(0.0436665 -0.0243564 0.172927)
(0.0418525 -0.0273564 0.174393)
(-0.00305635 -0.0499065 0.173117)
(-0.0450272 -0.0217382 0.140642)
(0.0440256 -0.0237012 0.165239)
(0.0435007 -0.0246513 0.176681)
(-0.0417337 -0.0275371 0.134628)
(-0.0431517 -0.0252573 0.132601)
(-0.0464184 -0.0185832 0.113239)
(-0.0454308 -0.0208816 0.115143)
(-0.046568 -0.018205 0.11635)
(0.0242322 -0.0437356 0.174183)
(-0.0297536 -0.0401836 0.150127)
(0.0388123 -0.0315215 0.0581845)
(-0.0441347 -0.0234974 0.113925)
(0.0247263 -0.0434581 0.133508)
(-0.0112341 -0.0487216 0.0334559)
(-0.0144436 -0.0478684 0.031065)
(-0.0140244 -0.0479929 0.0269457)
(-0.0176412 -0.0467845 0.028624)
(-0.0271729 -0.0419718 0.112822)
(-0.0452115 -0.0213523 0.0425516)
(-0.0450444 -0.0217026 0.039132)
(-0.0446364 -0.0225297 0.170775)
(-0.044903 -0.0219936 0.174478)
(-0.0434912 -0.0246681 0.176936)
(0.0346768 -0.0360211 0.154097)
(0.0444696 -0.0228573 0.143855)
(0.0459098 -0.0198063 0.138882)
(0.04377 -0.0241699 0.132043)
(0.0451368 -0.0215097 0.130745)
(-0.0456723 -0.0203479 0.0525254)
(0.0217596 -0.0450169 0.167542)
(0.0222259 -0.0447885 0.163484)
(-0.00873795 -0.0492306 0.0510809)
(-0.00914228 -0.0491571 0.0546923)
(-0.04432 -0.0231461 0.117083)
(0.0451312 -0.0215216 0.175113)
(-0.00672328 -0.0495459 0.136307)
(-0.045172 -0.0214358 0.178304)
(0.0302221 -0.0398325 0.174996)
(0.0367631 -0.0338891 0.059495)
(-0.0343306 -0.0363512 0.17132)
(-0.0347361 -0.0359639 0.175333)
(-0.0318477 -0.0385451 0.173775)
(-0.0172276 -0.0469384 0.0245091)
(-0.0208 -0.0454682 0.0261774)
(-0.0463531 -0.0187453 0.0690068)
(0.0449847 -0.0218261 0.17893)
(-0.0465909 -0.0181463 0.0958352)
(-0.0443709 -0.0230483 0.16688)
(0.0439604 -0.0238218 0.128833)
(0.0452969 -0.0211705 0.12757)
(0.0463238 -0.0188178 0.129488)
(0.0464627 -0.018472 0.126315)
(0.0454613 -0.0208152 0.124413)
(0.0465995 -0.0181243 0.123165)
(0.0456237 -0.0204568 0.121262)
(0.0467332 -0.0177767 0.12003)
(0.0457814 -0.0201013 0.11814)
(0.0468732 -0.0174041 0.116918)
(0.045936 -0.0197454 0.115036)
(0.0469934 -0.0170768 0.113804)
(0.0460855 -0.0193941 0.111943)
(0.0471103 -0.0167518 0.11072)
(0.0462316 -0.0190431 0.108857)
(0.0472364 -0.0163928 0.107631)
(0.0463744 -0.0186927 0.10579)
(-0.0423653 -0.0265553 0.0856774)
(-0.0415091 -0.0278747 0.131295)
(-0.00627305 -0.0496049 0.0567801)
(-0.00952182 -0.049085 0.058212)
(-0.00669488 -0.0495498 0.0603268)
(-0.00989469 -0.0490112 0.0616957)
(-0.00714417 -0.049487 0.0638116)
(-0.0102771 -0.0489324 0.0651672)
(-0.00753325 -0.0494292 0.0672328)
(-0.010646 -0.0488535 0.0685614)
(-0.00796883 -0.0493609 0.0706059)
(-0.0110281 -0.0487686 0.0719292)
(-0.00833631 -0.0493002 0.0739525)
(-0.0113922 -0.0486849 0.0752727)
(-0.00876693 -0.0492254 0.0772672)
(-0.0117783 -0.0485929 0.078566)
(-0.00915811 -0.0491541 0.0805618)
(-0.0121281 -0.0485068 0.0818671)
(-0.0095915 -0.0490714 0.0838137)
(-0.0125206 -0.048407 0.0851158)
(-0.00997091 -0.0489957 0.0869596)
(-0.0128566 -0.0483188 0.0883861)
(-0.010308 -0.0489259 0.0903385)
(-0.0132209 -0.0482204 0.0916262)
(-0.0106844 -0.0488451 0.0935746)
(-0.0135888 -0.048118 0.0948634)
(-0.0110918 -0.0487542 0.0968027)
(-0.0139565 -0.0480127 0.0981027)
(-0.0114263 -0.0486769 0.100054)
(-0.014329 -0.0479028 0.101351)
(-0.0117912 -0.0485898 0.103318)
(-0.0147367 -0.047779 0.104609)
(-0.0121581 -0.0484993 0.106602)
(-0.0150781 -0.0476723 0.107898)
(-0.0125235 -0.0484062 0.109889)
(-0.0150268 -0.0476885 0.0831757)
(-0.046782 -0.0176479 0.078455)
(0.0410441 -0.0285548 0.0376846)
(0.0407008 -0.0290422 0.0413852)
(0.0426071 -0.0261656 0.0400426)
(0.0422986 -0.0266614 0.0436485)
(0.0439889 -0.0237692 0.0423425)
(0.000402447 -0.0499984 0.175693)
(0.00413651 -0.0498286 0.173716)
(-0.0399518 -0.0300641 0.133312)
(-0.00364073 -0.0498673 0.17742)
(0.0416122 -0.0277205 0.178333)
(0.0019895 -0.0499604 0.162974)
(0.0453685 -0.0210167 0.167417)
(0.0455122 -0.0207036 0.163861)
(-0.0461087 -0.0193387 0.0624147)
(-0.0458672 -0.0199047 0.168264)
(-0.0456379 -0.020425 0.164621)
(-0.047011 -0.0170285 0.105308)
(-0.0154898 -0.0475402 0.111198)
(-0.044627 -0.0225485 0.133903)
(-0.0390362 -0.0312437 0.0475112)
(-0.0335859 -0.0370403 0.0641647)
(0.0435318 -0.0245963 0.0609614)
(0.0437422 -0.0242203 0.0576739)
(0.0449567 -0.0218836 0.0596854)
(0.0451425 -0.0214978 0.0564114)
(0.0462039 -0.0191102 0.058388)
(0.0463663 -0.0187127 0.0551526)
(0.0460391 -0.0195039 0.0616618)
(-0.0452249 -0.0213239 0.143924)
(-0.0462908 -0.0188988 0.141921)
(-0.0464584 -0.0184828 0.145179)
(0.045234 -0.0213046 0.106995)
(0.0453941 -0.0209614 0.103918)
(0.046516 -0.0183374 0.102708)
(0.0455545 -0.0206105 0.100847)
(0.0466548 -0.0179813 0.0996393)
(0.0457124 -0.0202576 0.0977791)
(0.0467912 -0.0176234 0.0965786)
(0.0458719 -0.019894 0.094733)
(0.0469091 -0.0173072 0.0935012)
(0.0460151 -0.0195603 0.0916319)
(0.0470491 -0.0169228 0.0903624)
(0.0461768 -0.0191755 0.0885068)
(0.0471953 -0.0165106 0.0872628)
(0.0463157 -0.0188376 0.0855361)
(0.0473109 -0.0161765 0.0843104)
(0.0464668 -0.0184617 0.0824794)
(0.0474374 -0.0158017 0.0812257)
(0.0465932 -0.0181404 0.0793524)
(0.0124552 -0.0484238 0.0812791)
(-0.0243254 -0.0436838 0.134106)
(-0.0330759 -0.0374964 0.103534)
(-0.0462759 -0.0189352 0.0896154)
(-0.0333841 -0.0372223 0.0855175)
(-0.032143 -0.0382992 0.0726669)
(0.0107582 -0.0488289 0.0942778)
(-0.0129911 -0.0482828 0.0632786)
(0.0317056 -0.0386621 0.117136)
(-0.0444339 -0.0229267 0.130606)
(-0.0457364 -0.0202035 0.132018)
(-0.0112592 -0.0487158 0.153089)
(0.00952346 -0.0490847 0.0360277)
(0.0100535 -0.0489788 0.0319804)
(-0.042776 -0.0258885 0.0920508)
(0.0330226 -0.0375435 0.104856)
(-0.0432484 -0.0250914 0.0774376)
(0.0268008 -0.0422104 0.0348799)
(0.0272298 -0.0419349 0.0309766)
(0.0380682 -0.0324162 0.0249162)
(0.0341032 -0.0365646 0.0917136)
(-0.0242331 -0.0437351 0.0460794)
(-0.0463141 -0.0188415 0.0404542)
(-0.046169 -0.0191944 0.037129)
(-0.0448858 -0.0220287 0.0357469)
(-0.0460358 -0.0195118 0.0337105)
(-0.0447053 -0.0223927 0.0322863)
(-0.045897 -0.0198359 0.0301741)
(-0.0445143 -0.0227701 0.0287905)
(-0.0457573 -0.020156 0.0265938)
(-0.0443138 -0.0231578 0.0251604)
(-0.0456007 -0.020508 0.0229206)
(-0.0440952 -0.0235715 0.0213889)
(-0.0425495 -0.0262591 0.0237051)
(0.0352427 -0.0354677 0.079083)
(-0.0437677 -0.0241742 0.107705)
(-0.0128904 -0.0483098 0.113225)
(0.017367 -0.046887 0.14742)
(0.0140055 -0.0479984 0.148952)
(0.00885362 -0.0492099 0.110327)
(0.0447213 -0.0223608 0.116279)
(0.0370475 -0.033578 0.0561056)
(-0.042877 -0.0257209 0.115834)
(-0.041596 -0.0277448 0.0555142)
(0.0355899 -0.0351192 0.146991)
(-0.0135479 -0.0481295 0.0230321)
(-0.0454625 -0.0208125 0.0191399)
(-0.020392 -0.0456527 0.0219304)
(-0.0238982 -0.043919 0.0237125)
(0.0187761 -0.0463407 0.165053)
(-0.0437791 -0.0241535 0.180847)
(0.00388158 -0.0498491 0.178061)
(-0.0322834 -0.0381809 0.177957)
(-0.0291519 -0.0406222 0.176459)
(-0.0352039 -0.0355061 0.179552)
(-0.0463766 -0.0186871 0.175885)
(-0.0466046 -0.018111 0.179604)
(0.0077961 -0.0493885 0.176559)
(-0.0421104 -0.0269576 0.0620752)
(0.0475578 -0.0154356 0.0781453)
(-0.016419 -0.0472273 0.0961443)
(0.0463956 -0.01864 0.177184)
(0.0462698 -0.0189502 0.181061)
(-0.0119771 -0.0485443 0.0525333)
(-0.011594 -0.0486372 0.0489314)
(0.00267013 -0.0499287 0.0915882)
(0.0467305 -0.0177838 0.0762559)
(0.0471257 -0.0167082 0.0604303)
(0.0470691 -0.016867 0.0636768)
(0.00107156 -0.0499885 0.104417)
(-0.0258448 -0.0428024 0.0788977)
(-0.0468828 -0.0173782 0.0248828)
(-0.0474184 -0.0158586 0.11446)
(-0.0475447 -0.0154757 0.117556)
(0.047676 -0.0150665 0.0750404)
(-0.0422989 -0.026661 0.0198116)
(-0.0404723 -0.0293598 0.0219662)
(-0.0237166 -0.0440173 0.0425503)
(0.0466416 -0.0180156 0.165894)
(0.0467594 -0.0177075 0.162392)
(-0.0467175 -0.0178178 0.11947)
(-0.0476729 -0.0150762 0.120669)
(0.00461714 -0.0497864 0.0752071)
(0.00737962 -0.0494524 0.180833)
(0.047572 -0.0153916 0.121976)
(-0.0430856 -0.0253698 0.119033)
(-0.0136506 -0.0481005 0.0699311)
(-0.014336 -0.0479007 0.0765991)
(-0.0159679 -0.0473817 0.0893939)
(0.0348443 -0.0358591 0.0574323)
(0.0345474 -0.0361452 0.0608463)
(-0.0470817 -0.016832 0.0317298)
(0.0443535 -0.0230818 0.12248)
(0.0477149 -0.0149427 0.0953767)
(-0.0242835 -0.0437071 0.0275713)
(-0.0272068 -0.0419499 0.0252661)
(-0.0268582 -0.0421739 0.0212075)
(-0.0243036 -0.043696 0.0656118)
(0.0131746 -0.0482331 0.0344973)
(0.0136961 -0.0480876 0.0304716)
(0.0105491 -0.0488745 0.0279549)
(0.0142779 -0.0479181 0.0263443)
(0.0110413 -0.0487657 0.0237375)
(0.0148712 -0.0477373 0.0221274)
(0.0255373 -0.0429866 0.161882)
(0.0473431 -0.0160819 0.128206)
(-0.0396939 -0.0304038 0.12992)
(-0.0469108 -0.0173026 0.165953)
(-0.0467059 -0.0178482 0.16261)
(-0.0402032 -0.0297272 0.0180911)
(0.0448231 -0.0221561 0.182255)
(0.0474619 -0.015728 0.101431)
(0.0424021 -0.0264965 0.0556263)
(-0.0472681 -0.0163013 0.0384895)
(-0.0473881 -0.0159488 0.0417814)
(-0.00702714 -0.0495037 0.08578)
(0.0424617 -0.0264008 0.130079)
(0.0456789 -0.0203333 0.160365)
(0.0468823 -0.0173796 0.158905)
(0.0458598 -0.0199217 0.157006)
(0.0470028 -0.017051 0.155505)
(-0.047358 -0.016038 0.143157)
(-0.0475007 -0.0156104 0.146354)
(-0.0466305 -0.0180443 0.148447)
(-0.0476444 -0.0151661 0.149676)
(0.0470163 -0.0170137 0.0218009)
(0.0467803 -0.0176523 0.0255969)
(-0.0300334 -0.039975 0.0230403)
(0.0114173 -0.048679 0.179317)
(0.0478884 -0.014377 0.112465)
(0.011563 -0.0486446 0.0194964)
(-0.0158431 -0.0474236 0.11454)
(0.0430636 -0.0254071 0.0141093)
(0.0404053 -0.0294519 0.0449694)
(-0.0296213 -0.0402813 0.180351)
(-0.026274 -0.0425403 0.178953)
(-0.0257971 -0.0428312 0.174721)
(-0.022773 -0.0445128 0.177367)
(-0.00487367 -0.0497619 0.0692728)
(-0.0180973 -0.04661 0.108884)
(0.0456672 -0.0203595 0.0774247)
(0.0480498 -0.0138282 0.0861809)
(-0.0297185 -0.0402096 0.0186883)
(0.045157 -0.0214673 0.0867196)
(-0.0327344 -0.037795 0.0540968)
(-0.00954374 -0.0490807 0.108563)
(0.0169557 -0.0470373 0.151254)
(0.0135472 -0.0481298 0.152792)
(0.010509 -0.0488831 0.150286)
(0.0169456 -0.0470409 0.0468078)
(0.0446568 -0.0224893 0.0959135)
(0.0442625 -0.0232557 0.0388283)
(0.0454737 -0.0207881 0.0410778)
(0.045708 -0.0202677 0.0375937)
(0.0467302 -0.0177844 0.0398059)
(0.0465301 -0.0183017 0.0432332)
(0.0469037 -0.0173219 0.036486)
(-0.0380018 -0.0324941 0.132184)
(-0.00349309 -0.0498778 0.0589724)
(-0.0132544 -0.0482112 0.116571)
(-0.0472164 -0.0164502 0.139907)
(-0.0228852 -0.0444552 0.143593)
(0.00533143 -0.0497149 0.165515)
(0.0154499 -0.0475531 0.0178174)
(0.0187068 -0.0463687 0.0205301)
(0.0441202 -0.0235246 0.105132)
(-0.0179436 -0.0466693 0.127888)
(0.0476027 -0.0152964 0.042014)
(0.0474293 -0.0158259 0.0453418)
(0.0453395 -0.0210791 0.053151)
(-0.0475704 -0.0153966 0.177495)
(-0.0478473 -0.0145134 0.181035)
(0.0189923 -0.0462525 0.0561102)
(0.0351493 -0.0355602 0.0539791)
(-0.00137405 -0.0499811 0.120895)
(0.0472249 -0.0164259 0.131365)
(0.00745829 -0.0494406 0.123886)
(-0.046794 -0.017616 0.151713)
(-0.0477143 -0.0149446 0.152932)
(-0.0414995 -0.0278889 0.117793)
(-0.0412734 -0.0282225 0.114578)
(0.0476208 -0.01524 0.0141431)
(0.0325037 -0.0379935 0.0587818)
(0.0321969 -0.0382539 0.0621536)
(-0.00774162 -0.049397 0.0922897)
(-0.0084825 -0.0492752 0.0987632)
(-0.0354992 -0.0352109 0.0621478)
(-0.0357895 -0.0349157 0.0654365)
(-0.0468495 -0.0174679 0.183327)
(0.0439398 -0.0238598 0.10822)
(0.0480964 -0.0136652 0.130141)
(0.0479967 -0.0140115 0.133241)
(-0.0481195 -0.0135838 0.141118)
(-0.0480005 -0.0139984 0.137956)
(-0.00513373 -0.0497357 0.0458849)
(0.0468653 -0.0174253 0.073145)
(0.047793 -0.0146912 0.0719222)
(-0.0382784 -0.0321677 0.135427)
(-0.0361806 -0.0345103 0.134029)
(-0.0364663 -0.0342083 0.137418)
(-0.0342218 -0.0364536 0.136074)
(-0.0345211 -0.0361703 0.139522)
(-0.0232633 -0.0442586 0.181685)
(-0.0195745 -0.0460091 0.179993)
(-0.00558344 -0.0496873 0.0762644)
(-0.00710377 -0.0494928 0.174688)
(-0.00770162 -0.0494033 0.179048)
(-0.00421156 -0.0498223 0.181859)
(0.0474567 -0.0157435 0.17944)
(0.047346 -0.0160734 0.182219)
(0.0475514 -0.0154552 0.175759)
(-0.0148624 -0.04774 0.0351694)
(-0.0321157 -0.0383221 0.138159)
(-0.0239173 -0.0439086 0.0623438)
(-0.0188587 -0.0463071 0.16022)
(0.0292144 -0.0405773 0.141361)
(-0.0136453 -0.048102 0.143155)
(-0.047778 -0.01474 0.163731)
(-0.0479344 -0.0142229 0.166667)
(0.0459398 -0.0197367 0.153869)
(0.0471164 -0.0167345 0.15229)
(0.0479526 -0.0141616 0.154128)
(0.0480455 -0.013843 0.150906)
(-0.0479642 -0.0141223 0.184443)
(-0.0263157 -0.0425145 0.0403562)
(0.0355046 -0.0352055 0.0263887)
(0.0359249 -0.0347764 0.0223237)
(0.0331252 -0.037453 0.0238285)
(0.0335783 -0.0370472 0.0198585)
(0.0306571 -0.0394986 0.0227093)
(0.0476871 -0.0150315 0.164345)
(-0.0454424 -0.0208564 0.16111)
(-0.0468624 -0.0174331 0.122585)
(-0.0477981 -0.0146745 0.123777)
(0.048365 -0.0126817 0.0769276)
(-0.0172 -0.0469485 0.102643)
(0.047936 -0.0142176 0.0627831)
(0.0480314 -0.013892 0.0594973)
(-0.0264802 -0.0424122 0.0169167)
(0.0357333 -0.0349733 0.171634)
(-0.0420916 -0.0269869 0.0156503)
(-0.0222753 -0.044764 0.173021)
(-0.0148109 -0.047756 0.0504317)
(-0.0151762 -0.0476412 0.053983)
(-0.0144367 -0.0478705 0.0467099)
(0.0479006 -0.0143363 0.0242985)
(0.0483161 -0.0128669 0.0441355)
(0.048181 -0.0133639 0.04718)
(0.0300474 -0.0399644 0.0601388)
(0.0297027 -0.0402213 0.063555)
(0.0274418 -0.0417965 0.0616603)
(0.0271004 -0.0420187 0.0649527)
(0.0293783 -0.0404588 0.0669127)
(0.026772 -0.0422286 0.0682911)
(0.0290577 -0.0406897 0.0702795)
(0.0264424 -0.0424358 0.0716327)
(0.0241153 -0.0438001 0.0696077)
(0.0237734 -0.0439867 0.0729619)
(0.0261322 -0.0426276 0.0749424)
(0.0234433 -0.0441635 0.0762723)
(0.0257974 -0.042831 0.0783329)
(0.0231143 -0.0443366 0.0795616)
(0.0254292 -0.0430506 0.0815359)
(0.0227837 -0.0445073 0.082832)
(0.0250827 -0.0432534 0.0847885)
(0.0224523 -0.0446754 0.0860836)
(0.0247611 -0.0434383 0.0880257)
(0.022121 -0.0448404 0.0893207)
(0.0244298 -0.0436255 0.0912592)
(0.0217817 -0.0450062 0.0925456)
(0.0240979 -0.0438097 0.0944857)
(0.0214521 -0.0451642 0.0957698)
(0.0237683 -0.0439894 0.0976991)
(0.0211037 -0.0453281 0.0989692)
(0.0234397 -0.0441654 0.100912)
(0.0207454 -0.0454932 0.102142)
(0.0231126 -0.0443374 0.104136)
(0.0204248 -0.045638 0.105428)
(0.0227838 -0.0445073 0.107377)
(0.0200704 -0.045795 0.108678)
(0.0224208 -0.0446913 0.110642)
(0.0197029 -0.0459543 0.111959)
(0.0221212 -0.0448403 0.113933)
(0.019343 -0.0461069 0.115256)
(0.0217847 -0.0450047 0.117274)
(0.0189655 -0.0462635 0.118601)
(0.0214465 -0.0451669 0.120617)
(0.0185858 -0.0464173 0.121971)
(0.0176321 -0.0467879 0.106716)
(0.0247529 -0.043443 0.062842)
(0.0261563 -0.0426128 0.0996043)
(0.0266607 -0.042299 0.093204)
(0.0273167 -0.0418783 0.0867478)
(0.0213699 -0.0452032 0.0709546)
(0.0254093 -0.0430624 0.106078)
(-0.010226 -0.0489431 0.115212)
(0.036484 -0.0341894 0.017964)
(0.00761679 -0.0494164 0.0211773)
(0.00814789 -0.0493317 0.0168133)
(0.00408632 -0.0498327 0.0185244)
(0.0211046 -0.0453277 0.124023)
(0.0100282 -0.048984 0.154251)
(0.0069153 -0.0495195 0.15195)
(0.0426926 -0.0260259 0.106342)
(-0.0431111 -0.0253265 0.0309119)
(0.0108393 -0.048811 0.183801)
(0.0148938 -0.0477302 0.181671)
(0.0279991 -0.0414252 0.0806522)
(-0.0417253 -0.0275499 0.121007)
(0.0182807 -0.0465383 0.169137)
(0.0248079 -0.0434116 0.11261)
(0.00655221 -0.0495688 0.0581483)
(-0.0351193 -0.0355899 0.123352)
(0.031042 -0.0391969 0.016963)
(-0.0482528 -0.0131023 0.115655)
(-0.0481462 -0.0134888 0.112575)
(0.0372069 -0.0334013 0.126769)
(-0.00833483 -0.0493004 0.18354)
(0.0472462 -0.0163644 0.148914)
(0.0481416 -0.0135051 0.147624)
(0.0242116 -0.043747 0.119264)
(0.0167661 -0.0471052 0.0329583)
(-0.0162651 -0.0472805 0.117907)
(-0.0187795 -0.0463393 0.11587)
(-0.048468 -0.0122821 0.121867)
(-0.0303355 -0.0397461 0.02702)
(-0.0329695 -0.0375901 0.0247347)
(0.0276369 -0.0416678 0.0520189)
(0.0192821 -0.0461324 0.0163706)
(-0.0117185 -0.0486074 0.0375545)
(-0.0215384 -0.0451231 0.0643277)
(-0.0433037 -0.0249957 0.122256)
(0.0187338 -0.0463578 0.0970544)
(-0.0211371 -0.0453125 0.0610336)
(0.0477826 -0.014725 0.0279455)
(0.0194125 -0.0460777 0.0906203)
(-0.0232713 -0.0442543 0.0388772)
(0.0385328 -0.0318626 0.135942)
(0.0168459 -0.0470767 0.113257)
(-0.0481702 -0.0134027 0.039804)
(-0.0482697 -0.0130396 0.0430064)
(-0.0475161 -0.0155635 0.0450312)
(-0.0483619 -0.0126937 0.046232)
(-0.0200809 -0.0457904 0.184131)
(0.0484546 -0.0123348 0.04107)
(-0.0488365 -0.0107237 0.11377)
(0.020073 -0.0457938 0.0841437)
(0.0227055 -0.0445473 0.159452)
(0.0259219 -0.0427558 0.158067)
(0.00467506 -0.049781 0.0140567)
(0.00047435 -0.0499977 0.0158249)
(-0.048359 -0.0127047 0.147453)
(0.0428923 -0.0256953 0.103233)
(0.0360373 -0.03466 0.0693393)
(0.0162085 -0.0472999 0.0368116)
(-0.0324348 -0.0380524 0.141565)
(-0.0136235 -0.0481082 0.119972)
(-0.0238243 -0.0439591 0.186145)
(0.042491 -0.0263536 0.109461)
(-0.0397735 -0.0302996 0.116533)
(-0.0395147 -0.0306364 0.113318)
(0.0373664 -0.0332227 0.052963)
(-0.00478087 -0.0497709 0.186345)
(0.0130753 -0.0482601 0.15636)
(0.0207227 -0.0455035 0.0776)
(0.00741689 -0.0494468 0.147951)
(0.00380522 -0.049855 0.149493)
(0.0354677 -0.0352427 0.0508959)
(-0.0295477 -0.0403352 0.0147577)
(-0.0325358 -0.0379661 0.0167884)
(0.0160142 -0.0473661 0.119922)
(0.0156201 -0.0474975 0.123335)
(-0.0485689 -0.0118769 0.12497)
(-0.0479229 -0.0142616 0.126893)
(-0.0486672 -0.0114677 0.128092)
(-0.0480407 -0.0138595 0.129801)
(-0.0418334 -0.0273854 0.179416)
(-0.0421681 -0.0268673 0.183477)
(0.0444567 -0.0228823 0.15889)
(-0.0487487 -0.0111161 0.110698)
(-0.0487667 -0.0110365 0.130979)
(-0.0400925 -0.0298763 0.0141718)
(-0.0347612 -0.0359397 0.143398)
(-0.0252948 -0.0431297 0.170476)
(0.0487209 -0.0112373 0.131954)
(0.0486415 -0.0115762 0.135075)
(0.042002 -0.0271262 0.0471898)
(-0.0298671 -0.0400994 0.140281)
(-0.0417362 -0.0275334 0.157634)
(-0.0431891 -0.0251933 0.155405)
(0.0483813 -0.0126195 0.177856)
(0.0484479 -0.0123614 0.174707)
(0.0152018 -0.047633 0.16674)
(-0.0258942 -0.0427726 0.0365546)
(0.00678539 -0.0495374 0.185489)
(0.0490043 -0.00992862 0.176301)
(0.0473697 -0.0160035 0.145686)
(0.0482353 -0.0131664 0.144374)
(-0.0205121 -0.0455989 0.0413124)
(-0.0470686 -0.0168684 0.187048)
(-0.0481507 -0.0134726 0.187977)
(0.00328574 -0.0498919 0.153464)
(0.000201501 -0.0499996 0.15103)
(0.000677373 -0.0499954 0.147134)
(-0.00296644 -0.0499119 0.14863)
(-0.00243178 -0.0499408 0.144771)
(-0.0179372 -0.0466718 0.0518858)
(-0.0375809 -0.0329799 0.0634124)
(-0.037843 -0.0326788 0.0666758)
(-0.0373051 -0.0332915 0.0601588)
(0.0486674 -0.0114668 0.0611931)
(0.0486153 -0.0116857 0.0644142)
(0.0480797 -0.0137238 0.0209772)
(0.0487628 -0.0110541 0.0230696)
(-0.0487412 -0.0111488 0.139192)
(-0.0476404 -0.0151788 0.0483034)
(-0.0484571 -0.012325 0.0495021)
(-0.0111615 -0.0487383 0.176661)
(-0.0332327 -0.0373575 0.0288446)
(-0.049078 -0.00955796 0.123004)
(0.02241 -0.0446967 0.0188965)
(0.0233868 -0.0441934 0.0143559)
(0.0218742 -0.0449613 0.0232435)
(-0.0485024 -0.0121455 0.178123)
(-0.0483752 -0.0126426 0.175054)
(-0.0490247 -0.00982727 0.1764)
(-0.0488305 -0.0107509 0.185899)
(0.0487601 -0.0110658 0.0580744)
(-0.0476174 -0.0152508 0.160295)
(-0.0484819 -0.0122272 0.161529)
(-0.0218124 -0.0449913 0.168798)
(-0.0186944 -0.0463737 0.171386)
(0.0285894 -0.0410201 0.160287)
(0.0289527 -0.0407644 0.156398)
(0.0263524 -0.0424918 0.154114)
(0.0293109 -0.0405076 0.152572)
(-0.0477588 -0.0148019 0.051547)
(-0.0485478 -0.011963 0.0527529)
(-0.0478798 -0.0144058 0.0547255)
(-0.0486367 -0.011596 0.055959)
(-0.0479743 -0.014088 0.0579119)
(-0.0487258 -0.0112159 0.0590831)
(-0.049068 -0.00960916 0.0508624)
(-0.0480928 -0.0136778 0.0612377)
(-0.0356601 -0.035048 0.0264424)
(0.0103414 -0.0489189 0.188199)
(-0.0359108 -0.034791 0.130635)
(0.0465849 -0.0181616 0.0291796)
(0.0458842 -0.0198655 0.0648583)
(-0.00602891 -0.0496352 0.146228)
(-0.0360883 -0.0346069 0.0686781)
(-0.0381085 -0.0323688 0.0699394)
(-0.0363823 -0.0342976 0.071904)
(-0.038369 -0.0320597 0.0731463)
(-0.0366707 -0.0339891 0.0751088)
(-0.0386278 -0.0317473 0.0763549)
(-0.0369539 -0.033681 0.0783002)
(-0.0388815 -0.031436 0.0795296)
(-0.0402008 -0.0297304 0.0744071)
(-0.0372321 -0.0333732 0.0814757)
(0.000484113 -0.0499977 0.0540073)
(-0.037873 -0.0326441 0.115277)
(-0.0347157 -0.0359836 0.0484268)
(-0.0318041 -0.038581 0.134669)
(0.0488012 -0.0108831 0.128919)
(-0.0455743 -0.0205666 0.129004)
(0.0463719 -0.0186988 0.0469432)
(-0.0314231 -0.038892 0.169658)
(0.0487076 -0.0112947 0.152804)
(0.0486368 -0.0115958 0.156013)
(-0.0369529 -0.0336821 0.121294)
(0.0146596 -0.0478027 0.170581)
(-0.0488064 -0.0108598 0.0622167)
(-0.048208 -0.0132662 0.0642604)
(-0.0488866 -0.0104927 0.0653432)
(-0.0483058 -0.0129056 0.0672506)
(-0.0489622 -0.0101343 0.0684484)
(-0.0484018 -0.0125406 0.0702364)
(0.0491993 -0.00891209 0.154782)
(0.047897 -0.0143485 0.136331)
(0.048561 -0.0119092 0.138193)
(0.0160086 -0.047368 0.0133899)
(-0.0480734 -0.0137458 0.0368096)
(0.0481489 -0.0134789 0.0562393)
(0.0488597 -0.0106175 0.0548815)
(-0.0419564 -0.0271967 0.123792)
(0.0426675 -0.026067 0.126856)
(-0.0227339 -0.0445328 0.0350652)
(-0.0391243 -0.0311334 0.0830448)
(-0.0374813 -0.0330931 0.0848466)
(0.0202606 -0.0457111 0.149717)
(0.0217155 -0.0450382 0.0676137)
(-0.0219534 -0.0449227 0.0677291)
(-0.041045 -0.0285536 0.111374)
(-0.0392937 -0.0309194 0.110113)
(-0.0408184 -0.0288766 0.108169)
(-0.0390451 -0.0312327 0.106848)
(-0.0354263 -0.0352842 0.0224164)
(0.0309232 -0.0392907 0.0470109)
(0.0475926 -0.0153278 0.167861)
(0.0484545 -0.0123354 0.166407)
(0.0485597 -0.0119147 0.162422)
(-0.0488371 -0.0107209 0.142243)
(-0.0405882 -0.0291992 0.10498)
(-0.0387936 -0.0315446 0.103727)
(-0.040354 -0.0295221 0.101803)
(-0.0385498 -0.031842 0.100553)
(-0.0401237 -0.0298343 0.0986362)
(-0.038306 -0.0321349 0.0973911)
(-0.00465071 -0.0497832 0.038321)
(-0.0191209 -0.0461995 0.0664364)
(-0.0195417 -0.0460231 0.0697764)
(0.0492327 -0.00872614 0.05993)
(-0.0488103 -0.0108424 0.0377536)
(-0.0487322 -0.011188 0.0346297)
(-0.0398865 -0.0301508 0.0954742)
(-0.0380588 -0.0324273 0.0942256)
(-0.0396548 -0.0304549 0.0923145)
(-0.0378053 -0.0327224 0.0910711)
(0.0235 -0.0441333 0.0401955)
(0.00950581 -0.0490881 0.158694)
(-0.0456144 -0.0204775 0.150482)
(-0.0408009 -0.0289013 0.0261401)
(-0.0366138 -0.0340504 0.0993031)
(-0.0306691 -0.0394893 0.0312238)
(0.0492725 -0.00849816 0.130884)
(-0.0492735 -0.00849255 0.0601976)
(0.0339213 -0.0367334 0.141896)
(0.0178215 -0.0467161 0.173318)
(0.0489876 -0.0100106 0.0430269)
(-0.0394181 -0.0307606 0.0891593)
(-0.0489587 -0.0101513 0.173336)
(-0.00655312 -0.0495687 0.0235471)
(0.0240685 -0.0438259 0.0324807)
(0.018904 -0.0462887 0.0689615)
(-0.04929 -0.00839606 0.140411)
(-0.0166221 -0.0471562 0.121317)
(-0.0139912 -0.0480026 0.123381)
(-0.0111547 -0.0487398 0.0452526)
(0.0110831 -0.0487562 0.046009)
(-0.0458037 -0.0200505 0.153815)
(-0.0373434 -0.0332486 0.124758)
(-0.0490064 -0.00991849 0.120085)
(-0.0371227 -0.0334949 0.105653)
(-0.0441244 -0.0235167 0.18496)
(-0.0425181 -0.0263099 0.187595)
(-0.0402793 -0.0296239 0.186137)
(0.0488744 -0.0105496 0.0197975)
(-0.0109105 -0.0487951 0.122003)
(0.0410294 -0.028576 0.128128)
(0.041254 -0.0282508 0.124887)
(0.0488858 -0.0104967 0.146502)
(0.048923 -0.010322 0.143109)
(0.0396998 -0.0303962 0.176139)
(0.0394201 -0.030758 0.180203)
(0.0414145 -0.028015 0.182444)
(0.0391591 -0.0310896 0.184302)
(0.0369074 -0.0337319 0.181773)
(0.0366108 -0.0340536 0.186063)
(0.0340955 -0.0365718 0.183585)
(0.0411973 -0.0283334 0.185746)
(0.0445375 -0.0227247 0.0353214)
(0.0489859 -0.0100191 0.179368)
(-0.0470516 -0.0169159 0.0572777)
(0.0314633 -0.0388595 0.158812)
(0.00876749 -0.0492253 0.0123303)
(0.00508156 -0.0497411 0.00989347)
(0.0469976 -0.0170654 0.0700346)
(0.045926 -0.0197686 0.071195)
(-0.0260719 -0.0426645 0.0124993)
(-0.0228987 -0.0444483 0.0151293)
(0.0477924 -0.0146931 0.139185)
(-0.0489262 -0.0103067 0.189113)
(0.0338617 -0.0367884 0.0706596)
(0.0335402 -0.0370817 0.0736072)
(0.0129886 -0.0482835 0.121265)
(-0.0483592 -0.012704 0.158455)
(0.0267862 -0.0422197 0.150287)
(0.0296586 -0.0402538 0.148816)
(-0.047084 -0.0168255 0.136709)
(0.0185331 -0.0464384 0.0723075)
(-0.0223485 -0.0447275 0.0103392)
(-0.0191021 -0.0462073 0.0133009)
(-0.0419125 -0.0272644 0.0110298)
(-0.043895 -0.0239422 0.0132378)
(-0.0436905 -0.0243133 0.00894966)
(-0.0454692 -0.0207979 0.0105297)
(-0.0421509 -0.0268943 0.0825203)
(-0.0489511 -0.0101876 0.0441889)
(-0.0182742 -0.0465409 0.0557511)
(-0.0483812 -0.0126199 0.191184)
(-0.0490571 -0.00966419 0.192269)
(-0.0466358 -0.0180305 0.0475536)
(0.013381 -0.0481762 0.11784)
(-0.0302083 -0.0398429 0.143855)
(0.0337718 -0.036871 0.187701)
(0.0310044 -0.0392266 0.185335)
(-0.0480436 -0.0138495 0.109529)
(-0.048686 -0.0113873 0.107558)
(-0.0162187 -0.0472964 0.182694)
(-0.0167568 -0.0471085 0.187191)
(0.0203727 -0.0456613 0.0416441)
(-0.0358665 -0.0348366 0.0309775)
(0.0413342 -0.0281333 0.104452)
(-0.00898739 -0.0491856 0.188074)
(-0.00536347 -0.0497115 0.190926)
(-0.0010459 -0.0499891 0.189136)
(-0.0490254 -0.00982397 0.0713213)
(-0.0485105 -0.0121132 0.0731845)
(-0.0491027 -0.00942974 0.0743972)
(-0.0486049 -0.011729 0.0760746)
(-0.049175 -0.00904522 0.0773623)
(-0.0486905 -0.011368 0.0792016)
(-0.0477492 -0.0148328 0.072111)
(0.0035708 -0.0498723 0.0229249)
(-0.0155487 -0.0475209 0.0577668)
(0.00116077 -0.0499865 0.143298)
(0.0330655 -0.0375056 0.05214)
(0.0125847 -0.0483903 0.12473)
(0.0251016 -0.0432425 0.0594217)
(0.0223008 -0.0447513 0.0607815)
(0.0482381 -0.0131563 0.0532298)
(0.0489009 -0.010426 0.052024)
(0.0305742 -0.0395628 0.1899)
(0.02764 -0.0416657 0.187179)
(0.0280426 -0.0413958 0.182667)
(0.024531 -0.0435687 0.184506)
(-0.0415877 -0.0277572 0.0969905)
(-0.00186458 -0.0499652 0.141016)
(0.0465329 -0.0182946 0.0518801)
(0.0463294 -0.0188038 0.146946)
(0.01525 -0.0476176 0.12681)
(0.0335375 -0.0370842 0.0456305)
(0.040799 -0.028904 0.131323)
(-0.045764 -0.0201409 0.121395)
(0.0401181 -0.0298419 0.048483)
(0.0383659 -0.0320634 0.04631)
(0.0341431 -0.0365274 0.0675378)
(-0.0322914 -0.0381741 0.0124804)
(-0.0442556 -0.0232689 0.127359)
(0.0198503 -0.0458908 0.153573)
(-0.0142398 -0.0479294 0.0434845)
(0.0240881 -0.0438151 0.189018)
(0.0208186 -0.0454597 0.186395)
(0.0212752 -0.0452478 0.181791)
(-0.0377533 -0.0327825 0.0162303)
(-0.0374119 -0.0331715 0.0122513)
(0.0437631 -0.0241825 0.111343)
(0.0422893 -0.0266761 0.112584)
(-0.0406826 -0.0290676 0.19041)
(-0.0381388 -0.0323331 0.18865)
(0.0490763 -0.00956619 0.173389)
(0.0485775 -0.0118419 0.171708)
(0.0491308 -0.00928257 0.170234)
(-0.0385619 -0.0318273 0.13876)
(0.0344504 -0.0362377 0.179545)
(0.0363306 -0.0343524 0.0660223)
(0.0490894 -0.00949909 0.040034)
(0.0486011 -0.0117445 0.0379427)
(0.0479071 -0.0143146 0.068809)
(0.0485603 -0.0119121 0.0708744)
(-0.0444624 -0.0228713 0.188582)
(-0.0108196 -0.0488153 0.172524)
(-0.024777 -0.0434293 0.166342)
(-0.0235562 -0.0441034 0.0589619)
(-0.0490091 -0.00990471 0.159378)
(-0.0489326 -0.0102764 0.15641)
(-0.0491149 -0.00936617 0.162454)
(0.0302384 -0.0398201 0.0571051)
(0.030247 -0.0398136 0.0294654)
(0.0276592 -0.041653 0.0272018)
(-0.0394971 -0.0306591 0.0647138)
(0.011447 -0.048672 0.168869)
(-0.0494329 -0.00750904 0.0698852)
(0.0192387 -0.0461505 0.0655855)
(0.0491601 -0.00912593 0.157664)
(-0.0289039 -0.0407991 0.0380427)
(0.049057 -0.009665 0.164947)
(0.0475289 -0.0155243 0.0312124)
(0.0484413 -0.0123873 0.0303093)
(0.0156965 -0.0474723 0.163068)
(0.0491989 -0.00891462 0.0370495)
(0.0487571 -0.0110789 0.0349869)
(0.0494649 -0.0072957 0.17464)
(-0.0486483 -0.0115476 0.136028)
(-0.0492849 -0.00842586 0.111843)
(-0.00262819 -0.0499309 0.0218537)
(-0.0061126 -0.049625 0.0195809)
(0.0159866 -0.0473754 0.0703042)
(-0.0402367 -0.0296818 0.122647)
(-0.0491371 -0.00924921 0.178923)
(-0.0492331 -0.00872341 0.129272)
(-0.0493143 -0.00825242 0.131958)
(0.0363637 -0.0343173 0.190519)
(0.0491169 -0.00935553 0.162425)
(0.0435797 -0.0245115 0.00559736)
(0.0197058 -0.045953 0.03544)
(-0.0453148 -0.0211322 0.00722674)
(0.0417072 -0.0275773 0.0507021)
(0.0434081 -0.0248141 0.0489939)
(-0.0474824 -0.0156661 0.0659742)
(0.0491418 -0.00922404 0.136977)
(0.0464797 -0.0184292 0.143962)
(0.0415593 -0.0277997 0.101337)
(0.0430914 -0.02536 0.100287)
(0.0417706 -0.0274812 0.0982137)
(-0.0183657 -0.0465048 0.167264)
(-0.0274863 -0.0417672 0.142435)
(-0.0271241 -0.0420034 0.138823)
(-0.0483265 -0.0128279 0.172005)
(-0.0489536 -0.0101756 0.170362)
(0.0493495 -0.00803886 0.0216821)
(0.0492502 -0.00862678 0.0248092)
(0.0254399 -0.0430443 0.0216247)
(-0.0064001 -0.0495887 0.149751)
(-0.00952998 -0.0490834 0.147584)
(-0.0495056 -0.00701368 0.177362)
(-0.0494876 -0.00713969 0.121348)
(-0.0493756 -0.00787715 0.115743)
(-0.0377029 -0.0328404 0.1845)
(-0.0353279 -0.0353827 0.187283)
(-0.0278379 -0.0415337 0.146082)
(0.00669607 -0.0495496 0.190919)
(0.00982822 -0.0490245 0.19295)
(0.0320399 -0.0383855 0.151343)
(-0.0436402 -0.0244036 0.158688)
(-0.0420364 -0.0270729 0.16121)
(0.0485876 -0.0118003 0.15923)
(-0.049246 -0.00865065 0.0803451)
(-0.0487826 -0.0109663 0.082137)
(-0.048174 -0.013389 0.080842)
(-0.0482 -0.013295 0.0837288)
(-0.0488732 -0.0105553 0.0851851)
(-0.0483051 -0.0129082 0.0868096)
(-0.0489571 -0.0101586 0.0882172)
(-0.0484152 -0.0124888 0.0899867)
(-0.0493847 -0.00781979 0.0863497)
(-0.0490344 -0.00977878 0.0911779)
(-0.0485232 -0.0120622 0.0930136)
(-0.0491173 -0.0093538 0.0942013)
(-0.0486265 -0.011639 0.0960189)
(-0.047499 -0.0156155 0.0859363)
(-0.047787 -0.0147106 0.091993)
(-0.0492003 -0.0089067 0.0971505)
(-0.0487264 -0.0112134 0.0990093)
(-0.0480335 -0.0138847 0.09798)
(-0.0481431 -0.0134995 0.10083)
(-0.0488288 -0.0107585 0.102021)
(-0.0482609 -0.0130725 0.103923)
(-0.0472976 -0.0162154 0.0997671)
(-0.0495512 -0.00668434 0.0955218)
(-0.0467883 -0.017631 0.00820398)
(-0.0469181 -0.0172827 0.0120282)
(-0.0479366 -0.0142156 0.00993883)
(-0.0480332 -0.0138857 0.0135413)
(-0.0487815 -0.0109711 0.0118873)
(-0.0488329 -0.0107401 0.0148558)
(-0.0481841 -0.0133527 0.0169618)
(-0.048914 -0.0103642 0.0182002)
(-0.0487013 -0.0113217 0.00806831)
(-0.0483332 -0.0128023 0.0202105)
(-0.0490035 -0.00993241 0.0213711)
(-0.0484784 -0.012241 0.0233014)
(-0.0490988 -0.0094502 0.0243535)
(-0.0486168 -0.0116795 0.026311)
(-0.0493552 -0.0080038 0.0160051)
(-0.0474555 -0.0157472 0.0192038)
(-0.0492137 -0.00883219 0.027322)
(-0.0487415 -0.0111474 0.0291698)
(-0.0492961 -0.00836042 0.0302519)
(-0.0209091 -0.0454181 0.053644)
(-0.0207254 -0.0455023 0.0504057)
(-0.0493844 -0.00782159 0.187554)
(-0.049307 -0.00829574 0.184198)
(-0.0487768 -0.0109918 0.183095)
(-0.0480353 -0.0138784 0.0282673)
(-0.0474752 -0.0156879 0.156977)
(0.0226636 -0.0445686 0.0573302)
(-0.00906616 -0.0491712 0.143832)
(-0.0471571 -0.0166194 0.12882)
(-0.0472923 -0.0162307 0.131963)
(-0.0496015 -0.00630029 0.0785149)
(-0.000385145 -0.0499985 0.154997)
(0.00274285 -0.0499247 0.158006)
(0.0271978 -0.0419557 0.146546)
(0.0495755 -0.00650167 0.156346)
(-0.0459287 -0.0197626 0.124541)
(-0.0492937 -0.00837471 0.0360995)
(0.0323481 -0.0381261 0.147354)
(0.0408982 -0.0287635 0.110812)
(0.0406748 -0.0290785 0.114055)
(0.0420941 -0.0269832 0.115752)
(0.0404443 -0.0293983 0.117205)
(0.0418939 -0.0272929 0.118937)
(0.0402189 -0.0297059 0.119938)
(-0.0494852 -0.00715679 0.0223481)
(-0.0492552 -0.00859801 0.00953094)
(-0.0492239 -0.00877516 0.00650047)
(-0.0493432 -0.00807768 0.0129164)
(0.0407965 -0.0289076 0.00487973)
(0.0388751 -0.0314441 0.00865688)
(0.0357254 -0.0349814 0.00838232)
(0.0369697 -0.0336636 0.0136963)
(0.0339831 -0.0366763 0.0122571)
(0.0401049 -0.0298596 0.0129503)
(0.0388846 -0.0314323 0.115482)
(-0.017572 -0.0468105 0.0445308)
(0.0206088 -0.0455552 0.190275)
(0.0169515 -0.0470388 0.188602)
(0.0392105 -0.0310248 0.129235)
(-0.0254662 -0.0430287 0.0326277)
(-0.038113 -0.0323636 0.0282158)
(0.0492677 -0.00852596 0.151663)
(0.0455094 -0.0207097 0.0498509)
(-0.0496747 -0.00569402 0.129651)
(-0.0354731 -0.0352372 0.126737)
(-0.0151584 -0.0476469 0.169927)
(0.0109706 -0.0487816 0.172641)
(0.00757077 -0.0494235 0.169844)
(-0.0154842 -0.047542 0.173926)
(0.0463834 -0.0186703 0.0327099)
(-0.0412773 -0.0282167 0.128304)
(-0.0394709 -0.0306928 0.126652)
(0.0058653 -0.0496548 0.160932)
(0.00912207 -0.0491608 0.163181)
(-0.0383325 -0.0321033 0.0321754)
(0.0487056 -0.0113035 0.0260652)
(0.0491126 -0.00937847 0.0287852)
(-0.0437677 -0.0241741 0.162531)
(-0.045111 -0.0215638 0.157315)
(0.0273833 -0.0418348 0.0551728)
(0.0482563 -0.0130892 0.0177723)
(0.0490031 -0.00993479 0.0166114)
(0.00166608 -0.0499722 0.139804)
(-0.00133092 -0.0499823 0.137649)
(-0.0491327 -0.00927233 0.0538838)
(-0.0495246 -0.00687862 0.0521492)
(-0.0494811 -0.0071848 0.0492602)
(0.0237537 -0.0439973 0.151728)
(-0.0456307 -0.0204412 0.0150081)
(0.0496509 -0.00589785 0.0236129)
(0.0153942 -0.0475712 0.177563)
(0.0203937 -0.0456519 0.0318284)
(0.0398033 -0.0302605 0.051683)
(-0.0492304 -0.00873914 0.13742)
(0.0418774 -0.0273182 0.00949472)
(0.0411277 -0.0284344 0.0170635)
(-0.0411473 -0.028406 0.0904028)
(-0.0354912 -0.0352189 0.0834177)
(-0.0357508 -0.0349554 0.0865989)
(-0.049208 -0.00886431 0.0572447)
(-0.0496226 -0.0061317 0.0582066)
(-0.0473581 -0.0160378 0.19683)
(-0.0467158 -0.0178223 0.193293)
(0.0491709 -0.00906742 0.0629206)
(0.0491146 -0.0093678 0.0659483)
(0.0490896 -0.00949783 0.139913)
(0.0495303 -0.00683748 0.138842)
(0.0494956 -0.00708434 0.141649)
(-0.0493449 -0.00806727 0.0389584)
(-0.0489143 -0.0103632 0.0408478)
(-0.0493932 -0.00776584 0.0427967)
(0.0493117 -0.00826773 0.0567549)
(0.0496807 -0.00564121 0.0588861)
(-0.0495914 -0.00637949 0.0252463)
(-0.0494224 -0.0075783 0.15805)
(0.0454763 -0.0207824 0.195998)
(0.0466105 -0.0180959 0.192705)
(0.0449079 -0.0219836 0.191885)
(0.048017 -0.0139415 0.193847)
(0.0474811 -0.0156699 0.18963)
(0.0484889 -0.0121993 0.190582)
(0.0488281 -0.0107619 0.193306)
(0.0491767 -0.00903629 0.190775)
(0.0489785 -0.0100549 0.187762)
(0.0435573 -0.0245512 0.195483)
(0.0428583 -0.025752 0.190921)
(0.0443126 -0.0231602 0.187723)
(0.0494256 -0.00755716 0.194133)
(0.048167 -0.0134143 0.186716)
(0.0488225 -0.0107871 0.184692)
(0.0493657 -0.00793896 0.185614)
(0.0493059 -0.00830223 0.182493)
(-0.0496998 -0.00547105 0.0146849)
(-0.0444457 -0.0229037 0.152559)
(-0.034878 -0.0358264 0.0770578)
(-0.0459122 -0.0198008 0.135374)
(-0.000843897 -0.0499929 0.15974)
(-0.00455529 -0.0497921 0.154248)
(-0.0281141 -0.0413472 0.168104)
(-0.0491558 -0.00914943 0.126324)
(0.0478127 -0.014627 0.0102852)
(0.0485335 -0.0120206 0.0125397)
(0.0487232 -0.0112271 0.00932894)
(0.0490941 -0.00947449 0.0111869)
(0.0493727 -0.00789557 0.00888044)
(0.0489657 -0.0101171 0.00621067)
(0.0493752 -0.00787939 0.0536684)
(0.0492159 -0.00882041 0.133704)
(0.0496227 -0.00613096 0.132691)
(-0.0481599 -0.0134396 0.0315027)
(-0.0434892 -0.0246717 0.00491862)
(0.0493279 -0.00817041 0.0338998)
(-0.0406529 -0.0291091 0.0813718)
(-0.0490118 -0.00989145 0.0477455)
(-0.0407454 -0.0289795 0.0841982)
(0.0493343 -0.00813158 0.127829)
(0.0488884 -0.0104843 0.125921)
(0.0493968 -0.00774303 0.124831)
(0.0489725 -0.0100845 0.122919)
(0.0494567 -0.0073508 0.121782)
(0.0490523 -0.00968878 0.119946)
(0.0483317 -0.0128082 0.123531)
(-0.0461076 -0.0193414 0.171985)
(0.0464981 -0.0183827 0.172915)
(0.0311053 -0.0391467 0.162591)
(0.0338173 -0.0368292 0.161032)
(-0.049367 -0.00793107 0.143612)
(-0.0489446 -0.010219 0.145558)
(-0.0497095 -0.00538164 0.141682)
(0.0497032 -0.00543955 0.18365)
(0.0452909 -0.0211833 0.170766)
(-0.0493982 -0.00773446 0.0668278)
(0.0315383 -0.0387987 0.0720186)
(0.0312047 -0.0390674 0.0752574)
(-0.0493417 -0.00808659 0.0633566)
(-0.0342583 -0.0364194 0.0706659)
(0.0483913 -0.012581 0.180898)
(-0.0374186 -0.033164 0.00403436)
(0.0373218 -0.0332728 0.195745)
(-0.0496902 -0.00555769 0.113054)
(0.0424753 -0.0263789 0.163018)
(0.0407845 -0.0289245 0.160872)
(0.0426642 -0.0260723 0.159458)
(-0.0152709 -0.0476109 0.039139)
(-0.0180535 -0.0466269 0.0364656)
(0.0481696 -0.013405 0.00585164)
(-0.00808443 -0.0493421 0.0359652)
(-0.00814734 -0.0493317 0.0400332)
(-0.0367425 -0.0339115 0.0462463)
(-0.0372241 -0.0333822 0.0497821)
(-0.0393593 -0.0308358 0.0510185)
(-0.0376229 -0.032932 0.0532995)
(-0.0352051 -0.0355049 0.0518864)
(-0.0356589 -0.0350492 0.0555708)
(-0.037939 -0.0325673 0.0566621)
(-0.0422381 -0.0267572 0.106381)
(-0.0336521 -0.0369802 0.0573791)
(-0.0396455 -0.0304669 0.0543504)
(-0.0399211 -0.0301049 0.057905)
(-0.0394068 -0.0307751 0.0612582)
(-0.0433049 -0.0249936 0.195548)
(-0.0406639 -0.0290937 0.194788)
(0.0488964 -0.0104469 0.046044)
(0.0494034 -0.00770108 0.0446629)
(0.0493633 -0.00795417 0.0476315)
(-0.0339265 -0.0367286 0.195917)
(-0.0323605 -0.0381156 0.190189)
(-0.0283056 -0.0412164 0.191431)
(-0.0302846 -0.0397849 0.187477)
(-0.0261315 -0.042628 0.19572)
(-0.0238014 -0.0439715 0.190191)
(-0.0192957 -0.0461267 0.191423)
(-0.0324872 -0.0380077 0.151961)
(-0.0321869 -0.0382623 0.148459)
(-0.0346663 -0.0360312 0.149608)
(0.0477764 -0.0147451 0.160932)
(-0.0300776 -0.0399417 0.00390983)
(0.0301833 -0.0398619 0.194472)
(-0.0486189 -0.0116705 0.164513)
(-0.0492469 -0.00864544 0.16548)
(0.0414691 -0.0279341 0.0337629)
(-0.0351008 -0.0356081 0.153466)
(-0.0473426 -0.0160834 0.173382)
(0.043708 -0.0242818 0.0453973)
(0.0471058 -0.0167643 0.0667046)
(-0.0334863 -0.0371304 0.0331516)
(0.0259497 -0.0427389 0.00426333)
(0.0280441 -0.0413948 0.00831282)
(0.0238518 -0.0439442 0.00912748)
(0.0196287 -0.045986 0.0085731)
(0.0171756 -0.0469574 0.00417781)
(0.0146321 -0.0478111 0.00866257)
(-0.0496843 -0.00560996 0.185154)
(-0.0371123 -0.0335064 0.150982)
(-0.0368562 -0.0337879 0.147247)
(-0.0387814 -0.0315595 0.145522)
(-0.0169862 -0.0470262 0.19573)
(-0.0492528 -0.00861186 0.10891)
(-0.0491684 -0.00908116 0.105931)
(0.0338406 -0.0368078 0.00425603)
(0.00395951 -0.049843 0.0525441)
(0.00343663 -0.0498818 0.0561652)
(0.000114675 -0.0499999 0.057479)
(0.00300023 -0.0499099 0.0596989)
(-0.00023708 -0.0499994 0.0611006)
(-0.0035429 -0.0498743 0.0623179)
(-0.000649255 -0.0499958 0.0645839)
(-0.0493743 -0.00788538 0.0837627)
(-0.0147736 -0.0477676 0.191968)
(-0.0472445 -0.0163694 0.169769)
(-0.0124306 -0.0484301 0.0561271)
(-0.0218164 -0.0449894 0.00551205)
(0.0213149 -0.0452292 0.194992)
(0.0298932 -0.0400799 0.145318)
(0.0476149 -0.0152585 0.171399)
(0.0318065 -0.0385791 0.154938)
(0.0410446 -0.0285542 0.157155)
(0.0428375 -0.0257867 0.155711)
(0.0428401 -0.0257824 0.15208)
(0.0443254 -0.0231357 0.153236)
(0.0443225 -0.0231412 0.150181)
(0.042904 -0.0256758 0.148731)
(-0.0494906 -0.00711874 0.12455)
(0.0469849 -0.0171001 0.137511)
(0.045321 -0.0211188 0.0298951)
(0.0126913 -0.0483625 0.0384697)
(0.0158258 -0.0474293 0.040375)
(0.00909145 -0.0491665 0.0399949)
(0.0181674 -0.0465827 0.0248412)
(-0.028624 -0.040996 0.172202)
(-0.0309383 -0.0392788 0.16542)
(0.0121418 -0.0485034 0.128209)
(-0.0281153 -0.0413464 0.00779577)
(0.0460451 -0.0194896 0.188727)
(0.0157172 -0.0474654 0.0575373)
(0.0183395 -0.0465152 0.0596605)
(0.0318144 -0.0385726 0.00849412)
(0.0299135 -0.0400647 0.012503)
(0.0274658 -0.0417807 0.0159134)
(0.0365997 -0.0340655 0.0404631)
(0.0341232 -0.036546 0.0419116)
(0.0364072 -0.0342712 0.0442642)
(-0.00545597 -0.0497014 0.142652)
(0.0433636 -0.0248917 0.0323509)
(0.00260515 -0.0499321 0.0630994)
(0.00215828 -0.0499534 0.0666167)
(-0.00101627 -0.0499897 0.0679453)
(0.00179596 -0.0499677 0.0700001)
(-0.00133191 -0.0499823 0.071389)
(0.00145202 -0.0499789 0.0733879)
(-0.00171635 -0.0499705 0.0747356)
(0.00106061 -0.0499887 0.0767837)
(-0.00201592 -0.0499593 0.0780678)
(-0.00563427 -0.0496815 0.0801291)
(-0.00249779 -0.0499376 0.0814194)
(0.00489047 -0.0497603 0.0686421)
(0.000692064 -0.0499952 0.0799047)
(0.00023836 -0.0499994 0.08334)
(-0.00273184 -0.0499253 0.0846138)
(-6.66966e-05 -0.05 0.0866193)
(-0.00301768 -0.0499089 0.0879881)
(0.00290239 -0.0499157 0.0852541)
(-0.000357631 -0.0499987 0.0899071)
(-0.00336118 -0.0498869 0.0912304)
(-0.000692537 -0.0499952 0.0931731)
(-0.00365815 -0.049866 0.0944694)
(-0.00595244 -0.0496444 0.0893753)
(-0.00452303 -0.049795 0.0727159)
(-0.00101123 -0.0499898 0.0963492)
(-0.00391961 -0.0498461 0.0976394)
(-0.00131807 -0.0499826 0.0995756)
(-0.00426045 -0.0498182 0.100927)
(-0.0065935 -0.0495634 0.0958245)
(-0.0339887 -0.0366711 0.088664)
(0.0487849 -0.0109561 0.149671)
(0.0493414 -0.00808862 0.149082)
(-0.0119341 -0.0485549 0.128856)
(-0.0151267 -0.0476569 0.129997)
(-0.048383 -0.012613 0.118986)
(-0.0489275 -0.0103005 0.117339)
(0.0185939 -0.0464141 0.136278)
(0.0158245 -0.0474298 0.134083)
(0.0189833 -0.0462562 0.132674)
(0.0162784 -0.0472759 0.130455)
(0.0193729 -0.0460944 0.12906)
(0.021979 -0.0449102 0.131342)
(0.0223452 -0.0447291 0.127677)
(0.0248463 -0.0433897 0.130104)
(0.0252161 -0.0431758 0.126758)
(0.0275601 -0.0417186 0.128404)
(0.0278999 -0.0414921 0.125024)
(0.0255664 -0.0429693 0.122892)
(0.0282452 -0.0412579 0.12181)
(0.0217281 -0.0450321 0.134829)
(-0.0166297 -0.0471535 0.0684567)
(-0.0170845 -0.0469906 0.0718214)
(-0.0199544 -0.0458456 0.0730851)
(-0.0161463 -0.0473212 0.0646583)
(-0.0174689 -0.0468491 0.0750122)
(-0.0203661 -0.0456642 0.0763574)
(-0.0179573 -0.0466641 0.0783847)
(-0.020772 -0.045481 0.0796212)
(-0.0183214 -0.0465223 0.0815483)
(-0.0211705 -0.0452969 0.0828554)
(-0.0187395 -0.0463555 0.0848788)
(-0.0215727 -0.0451068 0.0861056)
(-0.0238764 -0.0439308 0.0840631)
(-0.0190034 -0.0462479 0.0884524)
(-0.0219713 -0.044914 0.0893588)
(-0.0196662 -0.04597 0.0917767)
(-0.0223877 -0.0447078 0.0926136)
(-0.0201021 -0.045781 0.0950346)
(-0.0227895 -0.0445044 0.0958201)
(-0.0205113 -0.0455992 0.098224)
(-0.0250329 -0.0432823 0.0937754)
(-0.0231808 -0.0443018 0.0990029)
(-0.0208708 -0.0454358 0.101009)
(-0.0227305 -0.0445345 0.0743327)
(-0.0160007 -0.0473706 0.0863531)
(-0.0151192 -0.0476593 0.0798368)
(-0.0458107 -0.0200344 0.0561185)
(-0.00532618 -0.0497155 0.126014)
(0.00424979 -0.0498191 0.145629)
(0.00785163 -0.0493797 0.144408)
(0.0308599 -0.0393404 0.120621)
(0.0291095 -0.0406526 0.118246)
(0.0299627 -0.0400279 0.114924)
(0.0272815 -0.0419013 0.115773)
(0.0281676 -0.0413108 0.112449)
(0.0264027 -0.0424605 0.109528)
(0.0291674 -0.0406111 0.109346)
(-0.021179 -0.045293 0.0303377)
(-0.0453721 -0.0210089 0.0459595)
(-0.0455409 -0.0206403 0.0493515)
(-0.0469594 -0.0171703 0.0278764)
(-0.0150101 -0.0476938 0.178388)
(-0.040269 -0.0296379 0.0379238)
(-0.0466941 -0.017879 0.0508195)
(0.0281719 -0.0413079 0.0483938)
(0.030449 -0.0396593 0.0502981)
(0.0402146 -0.0297118 0.13789)
(-0.0358214 -0.0348831 0.00790427)
(0.0193158 -0.0461183 0.161246)
(0.0367249 -0.0339305 0.133674)
(0.0369945 -0.0336364 0.13017)
(0.0393447 -0.0308545 0.125994)
(0.0378323 -0.0326912 0.123221)
(-0.00546096 -0.0497009 0.0828344)
(0.0153005 -0.0476014 0.0607331)
(-0.0484733 -0.0122612 0.150574)
(-0.0490064 -0.00991809 0.148685)
(-0.0491035 -0.00942563 0.151869)
(-0.0494869 -0.00714489 0.149947)
(-0.0494153 -0.00762414 0.146777)
(-0.0464429 -0.0185217 0.159168)
(-0.042322 -0.0266242 0.164827)
(-0.0332875 -0.0373088 0.0822752)
(-0.0179338 -0.0466731 0.0328083)
(0.0109237 -0.0487921 0.146686)
(-0.0459642 -0.0196798 0.0593727)
(-0.0470575 -0.0168994 0.0600824)
(0.0313548 -0.0389471 0.181354)
(0.0474593 -0.0157358 0.125065)
(0.0318675 -0.0385287 0.0656052)
(-0.0388937 -0.0314211 0.00760561)
(-0.0463074 -0.0188579 0.0658976)
(0.0476769 -0.0150637 0.11878)
(0.0483681 -0.01267 0.120648)
(0.0485935 -0.011776 0.117743)
(0.0491889 -0.0089693 0.117139)
(0.048801 -0.0108841 0.114851)
(0.0493942 -0.0077595 0.114164)
(0.0489951 -0.00997408 0.111998)
(0.0479334 -0.0142263 0.114961)
(0.0494767 -0.00721513 0.110505)
(0.049148 -0.00919106 0.109108)
(0.0494737 -0.00723524 0.106436)
(0.0485212 -0.0120702 0.110196)
(0.048741 -0.0111498 0.107055)
(0.0490963 -0.0094632 0.103888)
(0.0484233 -0.0124574 0.104467)
(0.048755 -0.0110881 0.101515)
(0.0495674 -0.00656301 0.103434)
(0.0460381 -0.0195063 0.0680529)
(0.0448334 -0.0221353 0.0694128)
(0.0447021 -0.0223991 0.0725945)
(0.0434701 -0.0247053 0.0707479)
(0.0433353 -0.024941 0.0737694)
(0.0446077 -0.0225865 0.06609)
(-0.0496985 -0.00548217 0.0314984)
(-0.0344442 -0.0362435 0.1167)
(-0.034133 -0.0365368 0.113374)
(-0.0359384 -0.0347624 0.111671)
(-0.0482908 -0.0129614 0.00301587)
(0.0482618 -0.0130691 0.196913)
(-0.0217057 -0.0450429 0.164606)
(-0.0244884 -0.0435927 0.162565)
(0.00388598 -0.0498488 0.0784733)
(-0.0496905 -0.00555432 0.0373135)
(-0.0123023 -0.0484629 0.00426328)
(-0.0146785 -0.0477969 0.00848464)
(-0.0100326 -0.0489831 0.00844136)
(-0.0122747 -0.0484699 0.012491)
(-0.00785404 -0.0493793 0.0123134)
(-0.0101126 -0.0489667 0.0165872)
(-0.0149844 -0.0477019 0.015748)
(-0.00526113 -0.0497224 0.00835748)
(-0.00314593 -0.0499009 0.012674)
(0.00747063 -0.0494387 0.00426981)
(0.00265426 -0.0499295 0.00484526)
(5.47088e-05 -0.05 0.00881158)
(-0.007375 -0.0494531 0.195653)
(-0.00274234 -0.0499247 0.195855)
(-0.00284616 -0.0499189 0.0554146)
(0.0275094 -0.0417521 0.131749)
(0.0300162 -0.0399879 0.130293)
(-0.0141934 -0.0479432 0.0732426)
(0.0452403 -0.0212911 0.0440659)
(-0.0440172 -0.0237169 0.146017)
(-0.0315789 -0.0387657 0.0661817)
(0.0484638 -0.0122987 0.0738639)
(0.0490011 -0.00994428 0.0756354)
(0.0489295 -0.0102909 0.0787458)
(0.0494222 -0.00757927 0.0774181)
(0.0490712 -0.00959273 0.0727462)
(0.0491523 -0.00916777 0.0696084)
(0.0493743 -0.00788523 0.0804149)
(0.0488609 -0.0106121 0.0817286)
(0.0493166 -0.00823856 0.0835062)
(0.0496837 -0.00561476 0.0851722)
(0.0493069 -0.00829612 0.0865386)
(0.0488159 -0.0108172 0.0849724)
(0.048801 -0.010884 0.0879737)
(0.0492959 -0.00836128 0.0895429)
(0.0487848 -0.0109566 0.0909729)
(0.0492846 -0.00842781 0.0925789)
(0.0487728 -0.0110098 0.0939629)
(0.0492701 -0.00851225 0.0956005)
(0.0487617 -0.011059 0.0965962)
(0.049266 -0.00853586 0.0980375)
(0.0481399 -0.0135111 0.0924077)
(0.0496674 -0.00575717 0.0941053)
(0.048067 -0.0137681 0.0897976)
(-0.046486 -0.0184133 0.0723355)
(-0.0466369 -0.0180278 0.0756803)
(-0.0476053 -0.0152883 0.0765737)
(-0.0464457 -0.0185148 0.0927245)
(-0.0448254 -0.0221514 0.137285)
(-0.0475134 -0.0155718 0.0829201)
(-0.0397176 -0.0303729 0.0679086)
(-0.0412598 -0.0282423 0.0660089)
(-0.0205384 -0.045587 0.125668)
(-0.0201953 -0.04574 0.122294)
(-0.0227067 -0.0445467 0.120203)
(0.0476 -0.015305 0.0984562)
(0.0122135 -0.0484854 0.0417612)
(-0.0410187 -0.0285914 0.0487338)
(-0.00378731 -0.0498564 0.0660067)
(0.047329 -0.0161236 0.0486876)
(0.0465383 -0.0182809 0.169356)
(0.0386014 -0.0317795 0.107141)
(-0.0489945 -0.00997697 0.19738)
(0.0490101 -0.00989977 0.00309251)
(-0.00845675 -0.0492796 0.140064)
(-0.0471549 -0.0166258 0.0351981)
(0.041018 -0.0285923 0.0752529)
(0.0407848 -0.0289241 0.0784763)
(0.0421983 -0.0268199 0.0804531)
(0.041971 -0.0271741 0.0836344)
(0.0434965 -0.0246587 0.0824103)
(0.0436702 -0.0243499 0.0792296)
(0.043271 -0.0250523 0.0856364)
(0.0417521 -0.0275093 0.0867719)
(0.0430626 -0.0254089 0.0886868)
(0.0448667 -0.0220677 0.0811985)
(0.0415307 -0.0278424 0.0899088)
(0.0428771 -0.0257207 0.0918207)
(0.0442976 -0.0231889 0.0906062)
(0.0424068 -0.026489 0.0772004)
(0.0388542 -0.0314699 0.103851)
(-0.0334272 -0.0371836 0.106792)
(-0.0231041 -0.0443419 0.077605)
(-0.0471501 -0.0166392 0.10827)
(0.0474151 -0.0158685 0.104261)
(-0.00144324 -0.0499792 0.0406431)
(-0.0126234 -0.0483803 0.0595136)
(-0.0157245 -0.047463 0.0610764)
(-0.0254974 -0.0430103 0.121573)
(-0.0251154 -0.0432344 0.118169)
(-0.0223191 -0.0447421 0.116862)
(-0.0247531 -0.0434429 0.114817)
(-0.0219909 -0.0449044 0.113479)
(-0.0243764 -0.0436554 0.111457)
(-0.0215898 -0.0450986 0.110187)
(-0.0240158 -0.0438548 0.10816)
(-0.0212808 -0.0452452 0.106847)
(-0.0183058 -0.0465284 0.105827)
(-0.0236479 -0.0440542 0.104856)
(-0.0190076 -0.0462462 0.112449)
(-0.0266532 -0.0423037 0.10944)
(-0.0277894 -0.0415662 0.119489)
(-0.0461475 -0.0192459 0.086558)
(-0.0399577 -0.0300563 0.0712831)
(-0.0416718 -0.0276307 0.073241)
(-0.0418916 -0.0272963 0.0759565)
(-0.0223317 -0.0447358 0.0709867)
(0.0428717 -0.0257297 0.123634)
(-0.0327492 -0.0377822 0.10031)
(-0.0349562 -0.03575 0.101547)
(0.0393217 -0.0308837 0.0974801)
(0.0395632 -0.0305738 0.0942349)
(0.0412964 -0.0281888 0.0929166)
(0.0427007 -0.0260125 0.0949716)
(0.0481572 -0.0134493 0.0831052)
(0.0129039 -0.0483062 0.0779522)
(0.0153962 -0.0475705 0.0800433)
(0.0149591 -0.0477098 0.0832598)
(0.0158529 -0.0474203 0.0766748)
(0.00592968 -0.0496471 0.0615861)
(0.0287554 -0.0409039 0.0737298)
(0.0289449 -0.04077 0.0770101)
(0.0306952 -0.0394691 0.0793145)
(0.0298312 -0.040126 0.082863)
(0.0322867 -0.0381781 0.082077)
(0.0315004 -0.0388295 0.0855711)
(0.033074 -0.0374981 0.0773448)
(-0.042939 -0.0256173 0.129704)
(-0.0421371 -0.0269159 0.0395604)
(-0.0419776 -0.0271639 0.0361229)
(-0.0418054 -0.0274282 0.100052)
(-0.042668 -0.026066 0.112694)
(-0.0289588 -0.0407601 0.129735)
(-0.0315096 -0.0388219 0.131122)
(-0.00837314 -0.0492939 0.155689)
(-0.0404445 -0.0293979 0.0779533)
(0.0461828 -0.0191611 0.132625)
(0.00705519 -0.0494997 0.0254721)
(0.00312645 -0.0499022 0.0272212)
(-0.0234955 -0.0441357 0.080859)
(-0.01253 -0.0484045 0.185227)
(0.0020824 -0.0499566 0.0947808)
(-0.0335589 -0.0370648 0.129099)
(-0.0375316 -0.033036 0.128198)
(-0.00204912 -0.049958 0.124665)
(-0.004699 -0.0497787 0.122351)
(-0.00405314 -0.0498354 0.11877)
(-0.00732292 -0.0494608 0.120144)
(-0.00694942 -0.0495147 0.116532)
(0.0419798 -0.0271605 0.136627)
(0.0111853 -0.0487328 0.0910316)
(0.0136679 -0.0480956 0.093026)
(0.0132519 -0.0482119 0.0962377)
(0.0161126 -0.0473327 0.0950052)
(0.015705 -0.0474695 0.0982114)
(0.0181125 -0.0466041 0.100268)
(0.0152517 -0.0476171 0.101424)
(0.0165263 -0.0471898 0.0918219)
(0.0351694 -0.0355403 0.0304372)
(0.0212281 -0.04527 0.0269882)
(-0.014386 -0.0478857 0.150347)
(0.0249497 -0.0433303 0.180027)
(0.026994 -0.0420871 0.0899765)
(0.0291329 -0.0406359 0.0919279)
(0.0288232 -0.0408561 0.0948372)
(0.0311899 -0.0390793 0.0938725)
(0.0314797 -0.0388462 0.0903962)
(0.0308847 -0.0393209 0.0970739)
(0.0334316 -0.0371797 0.087891)
(0.0335201 -0.0370999 0.0949229)
(0.0316377 -0.0387176 0.100274)
(0.0291636 -0.0406138 0.0997427)
(0.0298569 -0.0401069 0.102582)
(0.0120172 -0.0485344 0.0845386)
(0.0145158 -0.0478465 0.0865408)
(-0.0224131 -0.0446951 0.140014)
(-0.0261071 -0.0426429 0.082112)
(0.00695287 -0.0495142 0.0545342)
(-0.0461134 -0.0193275 0.138628)
(-0.00751932 -0.0494314 0.00422963)
(-0.0478812 -0.014401 0.135099)
(-0.0324634 -0.038028 0.0758484)
(0.0447917 -0.0222195 0.0628251)
(0.029348 -0.0404808 0.0883549)
(-0.0343097 -0.0363709 0.0951112)
(0.0482881 -0.0129714 0.0798354)
(-0.0472853 -0.016251 0.111361)
(0.0229198 -0.0444374 0.155536)
(0.0371813 -0.0334297 0.177919)
(0.049653 -0.00588063 0.0967964)
(0.0400709 -0.0299052 0.0879761)
(0.0411818 -0.0283559 0.150001)
(0.041429 -0.0279936 0.146606)
(-0.0337904 -0.0368539 0.167009)
(0.0140925 -0.0479729 0.0897961)
(0.0169629 -0.0470347 0.0885806)
(-0.026689 -0.0422812 0.131902)
(0.0103384 -0.0489195 0.0974759)
(-0.037898 -0.0326151 0.0242224)
(-0.024642 -0.043506 0.0905569)
(0.021028 -0.0453632 0.0742762)
(0.018938 -0.0462747 0.0938207)
(-0.0356052 -0.0351037 0.108308)
(-0.0242626 -0.0437187 0.0872065)
(-0.0492755 -0.00848085 0.10012)
(-0.0493556 -0.00800156 0.10308)
(-0.0234587 -0.0441553 0.147527)
(-0.0497443 -0.00504982 0.105701)
(-0.0339069 -0.0367468 0.0673526)
(0.0263359 -0.042502 0.096417)
(0.0204084 -0.0456454 0.0808904)
(0.0472228 -0.0164319 0.0181392)
(-0.0160836 -0.0473425 0.0929162)
(0.0264933 -0.0424041 0.14281)
(-0.0497412 -0.00508073 0.0880484)
(-0.0275142 -0.0417488 0.116205)
(-0.0413473 -0.0281141 0.0522081)
(0.000118484 -0.0499999 0.110895)
(-0.00298062 -0.0499111 0.112182)
(-0.00251203 -0.0499369 0.108859)
(-0.00555587 -0.0496904 0.109982)
(-0.00509872 -0.0497394 0.106926)
(-0.00203309 -0.0499586 0.105866)
(-0.0184497 -0.0464716 0.0591696)
(-0.0345839 -0.0361103 0.0738769)
(-0.048243 -0.0131381 0.144302)
(-0.0497409 -0.00508346 0.0850683)
(-0.0366223 -0.0340412 0.118187)
(0.0442998 -0.0231845 0.102046)
(-0.0325925 -0.0379174 0.0505374)
(-0.0497415 -0.00507768 0.174627)
(0.0497414 -0.00507831 0.0670924)
(0.0497426 -0.00506701 0.0432894)
(-0.0497416 -0.00507634 0.192516)
(0.0497415 -0.00507768 0.114925)
(0.0497445 -0.00504778 0.0373338)
(0.0497412 -0.00508082 0.0700805)
(-0.0497415 -0.00507768 0.168657)
(0.0497415 -0.00507768 0.177612)
(0.0497439 -0.00505368 0.162682)
(0.049743 -0.00506295 0.0134253)
(0.0497393 -0.00509966 0.0519927)
(0.0497416 -0.00507684 0.0162545)
(0.0497409 -0.00508395 0.0315607)
(0.0497415 -0.00507768 0.00746275)
(-0.0497424 -0.00506853 0.00733327)
(0.0497415 -0.00507771 0.147761)
(-0.0497396 -0.00509612 0.162529)
(0.049745 -0.00504371 0.168326)
(0.0494106 -0.00765463 0.167164)
(0.0257133 -0.0428815 0.103141)
(-0.031829 -0.0385605 0.0693568)
(-0.01679 -0.0470967 0.0994142)
(0.00148643 -0.0499779 0.101221)
(-0.0418744 -0.0273228 0.0588265)
(0.0326853 -0.0378374 0.107714)
(0.0306586 -0.0394974 0.106128)
(0.0279725 -0.0414432 0.104485)
(-0.0218537 -0.0449713 0.136412)
(-0.0351808 -0.035529 0.0803364)
(0.049741 -0.00508254 0.0462659)
(0.0128242 -0.0483274 0.0994333)
(0.0441505 -0.0234678 0.125668)
(-0.00923976 -0.0491389 0.105297)
(0.0474979 -0.0156189 0.142695)
(-0.0486032 -0.0117357 0.194358)
(0.0282071 -0.0412839 0.16432)
(-0.0493715 -0.00790305 0.154642)
(-0.0434391 -0.0247598 0.0805818)
(0.0472736 -0.0162852 0.0572568)
(-0.0295114 -0.0403618 0.136741)
(0.0477606 -0.0147961 0.0387213)
(0.0403161 -0.0295738 0.0848194)
(-0.00884541 -0.0492114 0.102019)
(0.0445455 -0.0227091 0.119354)
(-0.0476094 -0.0152758 0.0690535)
(0.0176281 -0.0467894 0.103469)
(0.0147567 -0.0477728 0.104632)
(0.0146732 -0.0477985 0.108018)
(0.0119707 -0.0485459 0.106252)
(0.044245 -0.023289 0.161776)
(0.00952973 -0.0490834 0.10387)
(0.0450721 -0.021645 0.110094)
(-0.0339112 -0.0367428 0.132653)
(0.0461792 -0.0191697 0.15027)
(-0.0276828 -0.0416373 0.0295475)
(0.000628796 -0.049996 0.107489)
(0.0479473 -0.0141796 0.157374)
(0.0444858 -0.0228256 0.098979)
(-0.0476359 -0.0151927 0.088956)
(-0.0132985 -0.0481991 0.0665472)
(-0.0272935 -0.0418935 0.0914112)
(-0.0331721 -0.0374114 0.125456)
(-0.0310635 -0.0391798 0.0352995)
(0.0245016 -0.0435852 0.116229)
(0.0171864 -0.0469535 0.109979)
(-0.0254893 -0.043015 0.0756436)
(0.0143211 -0.0479052 0.111335)
(0.0411459 -0.0284079 0.107651)
(0.0205533 -0.0455803 0.145858)
(0.0497428 -0.00506448 0.0791045)
(0.0497429 -0.00506366 0.153731)
(0.0197619 -0.0459289 0.0873529)
(0.0242662 -0.0437167 0.147988)
(-0.0400052 -0.029993 0.119753)
(-0.000806109 -0.0499935 0.117579)
(0.0432805 -0.025036 0.0642435)
(0.0493839 -0.00782484 0.14426)
(0.038678 -0.0316861 0.0427491)
(0.0380686 -0.0324157 0.0680616)
(0.0496666 -0.00576404 0.0881473)
(0.0244542 -0.0436118 0.066195)
(0.00708413 -0.0494956 0.127454)
(-0.0497414 -0.00507869 0.102951)
(-0.0358434 -0.0348604 0.0349342)
(-0.00992115 -0.0490058 0.111869)
(-0.0186904 -0.0463753 0.0628189)
(-0.0497422 -0.00507061 0.0612064)
(0.0439542 -0.0238334 0.0543894)
(-0.020959 -0.0453952 0.0442758)
(-0.0455968 -0.0205167 0.118266)
(-0.000552397 -0.0499969 0.184568)
(-0.0327022 -0.0378228 0.0206217)
(-0.0247338 -0.0434539 0.0689093)
(0.0317771 -0.0386033 0.139866)
(-0.00540681 -0.0497068 0.0420995)
(0.04974 -0.00509271 0.186898)
(0.00780332 -0.0493873 0.120437)
(0.0355102 -0.0351998 0.0757634)
(-0.0470204 -0.0170024 0.125655)
(-0.0105926 -0.0488651 0.118637)
(-0.0454487 -0.0208427 0.182028)
(-0.0398509 -0.0301978 0.181933)
(-0.0395902 -0.0305387 0.177737)
(-0.017658 -0.0467781 0.0479293)
(-0.0267844 -0.0422208 0.183377)
(0.0164766 -0.0472072 0.116577)
(0.0328171 -0.0377232 0.0553586)
(-0.0439637 -0.0238157 0.110809)
(-0.0464765 -0.0184374 0.0440992)
(-0.00659201 -0.0495635 0.170681)
(0.0349914 -0.0357155 0.0825397)
(0.0173011 -0.0469113 0.0289466)
(0.0471106 -0.016751 0.134424)
(0.044344 -0.0231001 0.14711)
(-0.040194 -0.0297396 0.136644)
(-0.00162805 -0.0499735 0.0444354)
(-0.0293745 -0.0404615 0.133132)
(-0.0424247 -0.0264602 0.109433)
(0.0422492 -0.0267395 0.133258)
(-0.0402752 -0.0296295 0.0299106)
(-0.0191786 -0.0461755 0.175655)
(0.0165221 -0.0471913 0.155121)
(-0.027663 -0.0416504 0.094599)
(0.0430129 -0.0254929 0.145325)
(-0.0358016 -0.0349034 0.191739)
(-0.0217051 -0.0450432 0.157698)
(0.00849458 -0.0492731 0.113657)
(0.021303 -0.0452347 0.171314)
(0.00643275 -0.0495845 0.155877)
(0.0200548 -0.0458018 0.0453378)
(-0.0435975 -0.0244798 0.0376619)
(-0.036122 -0.0345717 0.0926741)
(-0.0245142 -0.0435782 0.0496525)
(0.0182103 -0.0465659 0.125373)
(0.0264881 -0.0424073 0.0386891)
(-0.0479388 -0.0142081 0.00599848)
(0.0406821 -0.0290682 0.0570916)
(0.0474079 -0.0158901 0.0540952)
(0.0346906 -0.0360078 0.150647)
(-0.0400778 -0.0298959 0.15997)
(-0.0486309 -0.0116203 0.153793)
(-0.0367546 -0.0338984 0.14084)
(0.023703 -0.0440247 0.0363302)
(0.0457894 -0.0200832 0.0743743)
(-0.0495473 -0.00671288 0.0755888)
(0.0449142 -0.0219708 0.113152)
(-0.0435931 -0.0244876 0.1046)
(-0.0133173 -0.0481939 0.139457)
(-0.0139123 -0.0480255 0.147367)
(0.0385062 -0.0318947 0.0205336)
(-0.00790529 -0.0493711 0.123621)
(-0.0444997 -0.0227985 0.120219)
(-0.0479159 -0.0142853 0.0949398)
(0.0220552 -0.0448728 0.0642768)
(0.0381204 -0.0323549 0.169922)
(-0.0401026 -0.0298628 0.0345168)
(0.0403642 -0.0295082 0.0238435)
(0.0428867 -0.0257047 0.0364828)
(0.0482088 -0.013263 0.126916)
(-0.0454317 -0.0208797 0.147245)
(-0.0158373 -0.0474255 0.162673)
(-0.0265211 -0.0423867 0.106219)
(0.0497469 -0.00502446 0.192537)
(-0.0291605 -0.0406161 0.04191)
(-0.000154733 -0.0499998 0.180038)
(-0.0262028 -0.0425842 0.0603012)
(-0.00345432 -0.0498805 0.115377)
(0.0497471 -0.00502285 0.0761194)
(0.0139724 -0.048008 0.114584)
(0.0123984 -0.0484384 0.102745)
(-0.0253828 -0.043078 0.0969402)
(0.0359325 -0.0347686 0.143709)
(0.0325604 -0.0379449 0.0319657)
(-0.0419749 -0.0271681 0.103061)
(-0.0102983 -0.0489279 0.0252574)
(0.0218044 -0.0449952 0.177973)
(0.0479372 -0.0142136 0.0358689)
(-0.00833245 -0.0493008 0.0474707)
(-0.048701 -0.0113231 0.0051268)
(0.00688749 -0.0495234 0.0295602)
(-0.0234854 -0.0441411 0.0194126)
(-0.0415794 -0.0277697 0.17554)
(0.00504293 -0.049745 0.0719369)
(0.0137976 -0.0480586 0.0482591)
(-0.0363996 -0.0342793 0.0961323)
(0.0383488 -0.0320838 0.0648217)
(0.0460326 -0.0195191 0.135811)
(0.0173508 -0.046893 0.0854096)
(0.00819555 -0.0493238 0.0437758)
(-0.0327402 -0.03779 0.182184)
(0.0461419 -0.0192594 0.184888)
(0.0433352 -0.0249411 0.180666)
(0.0121128 -0.0485106 0.0151593)
(-0.0446082 -0.0225855 0.123587)
(0.00309947 -0.0499038 0.0884327)
(-0.0432192 -0.0251416 0.0984079)
(0.0494225 -0.00757742 0.0149254)
(-0.0196474 -0.045978 0.0174876)
(0.0330633 -0.0375076 0.173223)
(0.0454907 -0.0207507 0.0264531)
(-0.0199085 -0.0458656 0.118973)
(0.0116593 -0.0486216 0.142822)
(0.0271524 -0.0419851 0.176031)
(0.043565 -0.0245376 0.114395)
(0.00876746 -0.0492253 0.140566)
(0.0497499 -0.00499445 0.123881)
(0.0400777 -0.0298961 0.172005)
(0.00464408 -0.0497839 0.141917)
(-0.0211275 -0.045317 0.0576662)
(-0.0352207 -0.0354895 0.0181432)
(-0.040455 -0.0293836 0.140019)
(0.0493767 -0.00787013 0.0186398)
(-0.0493444 -0.00807007 0.0331385)
(-4.1817e-05 -0.05 0.133471)
(-0.0430273 -0.0254687 0.0953107)
(-0.0496087 -0.00624294 0.138336)
(0.049746 -0.00503313 0.129773)
(0.00294344 -0.0499133 0.136069)
(-0.0176231 -0.0467913 0.124525)
(-0.0345677 -0.0361259 0.0982057)
(0.0389015 -0.0314114 0.188486)
(0.0365431 -0.0341262 0.0627758)
(0.0446056 -0.0225907 0.07552)
(0.012334 -0.0484548 0.161472)
(0.0405272 -0.0292838 0.134571)
(-0.0412905 -0.0281975 0.093574)
(0.0495791 -0.00647381 0.0619076)
(-0.0497466 -0.00502712 0.0433211)
(-0.0314958 -0.0388332 0.0394601)
(0.0032065 -0.0498971 0.0311973)
(0.0494146 -0.00762901 0.0507471)
(0.048833 -0.0107394 0.0489191)
(0.043401 -0.0248265 0.117474)
(-0.043905 -0.0239239 0.0171499)
(-0.0428643 -0.025742 0.151655)
(-0.0404154 -0.029438 0.163555)
(-0.0479016 -0.014333 0.106684)
(-0.00600238 -0.0496384 0.113044)
(0.00337196 -0.0498862 0.182681)
(-0.0149783 -0.0477038 0.126611)
(-0.0096035 -0.0490691 0.167708)
(0.0489213 -0.0103297 0.0320655)
(-0.0494425 -0.0074458 0.170351)
(-0.0426351 -0.0261198 0.0891122)
(0.0344798 -0.0362097 0.0641269)
(0.0245623 -0.043551 0.028601)
(0.0113553 -0.0486935 0.112531)
(-0.0377099 -0.0328324 0.087984)
(0.0390198 -0.0312643 0.132576)
(-0.0497553 -0.00494064 0.0671642)
(0.0177658 -0.0467373 0.0821624)
(-0.00983254 -0.0490237 0.0209925)
(-0.0429311 -0.0256304 0.0273492)
(-0.038782 -0.0315588 0.142075)
(-0.0258368 -0.0428073 0.0569504)
(-0.0189029 -0.0462891 0.00917047)
(-0.0266709 -0.0422926 0.0851295)
(-0.0113499 -0.0486948 0.125323)
(-0.0115715 -0.0486426 0.180778)
(0.0299676 -0.0400243 0.127003)
(0.0486815 -0.0114067 0.0679)
(-0.0369754 -0.0336573 0.102706)
(-0.0494218 -0.00758204 0.0895423)
(-0.0442836 -0.0232157 0.149318)
(0.0319003 -0.0385016 0.0687902)
(-0.0497581 -0.00491275 0.147761)
(0.00902001 -0.0491797 0.107049)
(-0.0471407 -0.0166658 0.0154105)
(0.0110143 -0.0487718 0.115598)
(0.014087 -0.0479745 0.0680933)
(0.0494829 -0.0071721 0.197044)
(0.0494946 -0.00709116 0.00249643)
(-0.0494946 -0.00709116 0.197504)
(-0.0492865 -0.00841699 0.194905)
(-0.0494946 -0.00709116 0.00249643)
(-0.0167302 -0.0471179 0.0208414)
(0.0273476 -0.0418582 0.191588)
(0.0432238 -0.0251337 0.120575)
(-0.0270383 -0.0420587 0.135234)
(0.0431999 -0.0251748 0.184546)
(0.0199531 -0.0458462 0.157299)
(-0.00641013 -0.0495874 0.103934)
(-0.0259032 -0.0427671 0.0999591)
(-0.0497601 -0.00489202 0.156716)
(-0.0360389 -0.0346583 0.0895802)
(-0.0497453 -0.00504019 0.133323)
(0.0329923 -0.0375701 0.0280371)
(-0.0337584 -0.0368832 0.16329)
(0.0181489 -0.0465899 0.0788525)
(-0.0351624 -0.0355472 0.104571)
(0.0387837 -0.0315567 0.0171296)
(0.0346954 -0.0360032 0.157732)
(-0.0493822 -0.00783569 0.0188234)
(0.00985759 -0.0490186 0.00853935)
(0.0136284 -0.0481068 0.189311)
(-0.0434578 -0.024727 0.0343574)
(0.0390248 -0.0312581 0.0552884)
(0.0493911 -0.00777922 0.0306171)
(-0.0457916 -0.0200781 0.185725)
(-0.0428883 -0.0257021 0.191288)
(-0.0474717 -0.0156984 0.102619)
(-0.0264634 -0.0424227 0.1489)
(-0.0382206 -0.0322364 0.0203575)
(0.00283797 -0.0499194 0.187245)
(0.0494404 -0.00745993 0.04185)
(-0.00135596 -0.0499816 0.102601)
(-0.0494472 -0.00741428 0.173134)
(0.0494515 -0.00738561 0.0745436)
(0.0164462 -0.0472178 0.158866)
(-0.0493964 -0.00774553 0.190277)
(0.0381713 -0.0322948 0.0495939)
(-0.039458 -0.0307094 0.173968)
(0.0453615 -0.0210317 0.0838607)
(-0.0488798 -0.0105245 0.167491)
(-0.0493881 -0.00779871 0.118333)
(-0.049392 -0.00777358 0.0457092)
(-0.0324172 -0.0380673 0.144578)
(0.0322615 -0.0381994 0.114183)
(0.0484507 -0.0123505 0.141071)
(-0.0488551 -0.0106385 0.0318315)
(-0.0478802 -0.0144045 0.0253293)
(0.0120025 -0.048538 0.109308)
(0.0480336 -0.0138842 0.106903)
(-0.0310477 -0.0391924 0.161768)
(0.0264505 -0.0424308 0.0121883)
(0.0176739 -0.0467721 0.0631122)
(0.0273845 -0.0418341 0.0834623)
(0.0305671 -0.0395683 0.0256834)
(-0.0469923 -0.0170799 0.0541718)
(-0.0375541 -0.0330105 0.10911)
(0.0494435 -0.0074394 0.00559475)
(0.0378551 -0.0326648 0.173437)
(-0.0372531 -0.0333497 0.176578)
(0.0185516 -0.046431 0.0756825)
(0.0497706 -0.00478435 0.120896)
(-0.0494214 -0.00758438 0.13482)
(0.0416158 -0.0277151 0.1218)
(0.0105478 -0.0488748 0.119066)
(0.0398465 -0.0302036 0.123128)
(0.0479621 -0.0141292 0.0659433)
(0.0449172 -0.0219647 0.0926445)
(-0.0497668 -0.00482306 0.0701014)
(-0.0205716 -0.045572 0.103462)
(0.0494426 -0.00744521 0.179316)
(-0.0282133 -0.0412797 0.0336854)
(-0.0246244 -0.043516 0.137358)
(-0.0237142 -0.0440186 0.102226)
(-0.0476934 -0.0150114 0.0223354)
(0.0129415 -0.0482961 0.195298)
(-0.0351158 -0.0355932 0.0143549)
(-0.000204985 -0.0499996 0.0289656)
(-0.0391517 -0.031099 0.0859131)
(-0.0378446 -0.032677 0.112432)
(0.0142907 -0.0479143 0.0449332)
(0.0222441 -0.0447794 0.0538106)
(0.00681047 -0.049534 0.196057)
(0.016041 -0.047357 0.0736877)
(-0.041054 -0.0285407 0.0875807)
(-0.0369306 -0.0337066 0.144177)
(-0.0276756 -0.041642 0.163826)
(-0.0494526 -0.00737819 0.0923817)
(0.0481325 -0.0135374 0.0500613)
(-0.0497603 -0.0048896 0.0973423)
(-0.00988618 -0.0490129 0.191922)
(-0.0353741 -0.0353366 0.0591724)
(0.0364169 -0.0342609 0.0476157)
(0.0429999 -0.0255149 0.0182056)
(0.0101637 -0.0489561 0.122502)
(0.0434031 -0.0248228 0.0971662)
(-0.046026 -0.0195348 0.189352)
(0.0267822 -0.0422222 0.119113)
(-0.0321241 -0.0383151 0.00901085)
(-0.0421337 -0.0269212 0.0797795)
(0.0487016 -0.0113203 0.16906)
(0.0492991 -0.00834245 0.101043)
(0.0336201 -0.0370093 0.10138)
(-0.00805326 -0.0493472 0.0441283)
(0.0494482 -0.00740812 0.188518)
(-0.0417779 -0.0274702 0.0325219)
(-0.0376974 -0.0328467 0.180852)
(0.0134783 -0.0481491 0.0716796)
(0.0481687 -0.0134082 0.0998093)
(0.0497793 -0.00469291 0.105682)
(0.0468648 -0.0174268 0.140392)
(-0.0433674 -0.024885 0.124629)
(-0.0497825 -0.00465852 0.150746)
(-0.0474389 -0.0157972 0.0632076)
(-0.0494277 -0.00754359 0.160576)
(0.0335426 -0.0370796 0.0487874)
(0.00979011 -0.0490322 0.126528)
(0.0275082 -0.0417528 0.0584527)
(0.0494529 -0.00737643 0.027114)
(-0.035961 -0.0347391 0.114713)
(0.0472228 -0.0164319 0.18604)
(0.0497836 -0.00464661 0.11194)
(0.0497748 -0.0047405 0.174416)
(0.038934 -0.031371 0.192544)
(-0.0247412 -0.0434497 0.158892)
(-0.046856 -0.0174504 0.15417)
(0.000294266 -0.0499991 0.0246355)
(0.0409597 -0.0286758 0.0959433)
(-0.0432505 -0.0250877 0.0747247)
(0.0174851 -0.046843 0.0435704)
(-0.0497847 -0.00463554 0.120896)
(0.0184081 -0.0464881 0.178785)
(-0.0417851 -0.0274591 0.00751251)
(0.0338634 -0.0367868 0.144401)
(-0.0270147 -0.0420738 0.187091)
(0.0494782 -0.00720489 0.164179)
(0.0352717 -0.0354388 0.175168)
(-0.00358008 -0.0498717 0.134948)
(-0.0489328 -0.0102751 0.133736)
(-0.0250873 -0.0432508 0.14098)
(0.0494468 -0.00741731 0.0714144)
(0.0301292 -0.0399028 0.0539467)
(0.0389092 -0.0314018 0.118213)
(0.00970869 -0.0490484 0.129977)
(0.0317372 -0.0386361 0.142948)
(-0.043059 -0.0254151 0.0715773)
(-0.0497859 -0.00462167 0.0495413)
(-0.0497848 -0.00463343 0.0226404)
(-0.0466685 -0.0179458 0.0210575)
(-0.00465299 -0.049783 0.139095)
(0.0489975 -0.00996207 0.0140287)
(-0.0497571 -0.00492272 0.0170886)
(0.0342122 -0.0364626 0.0160079)
(-0.0494222 -0.00757941 0.0726426)
(0.0190184 -0.0462418 0.0383996)
(0.016853 -0.0470741 0.066626)
(-0.0384581 -0.0319527 0.118671)
(0.0482656 -0.013055 0.0329099)
(0.0478352 -0.014553 0.109436)
(0.0181807 -0.0465775 0.18369)
(0.0494693 -0.00726542 0.119219)
(0.030445 -0.0396623 0.111978)
(0.0334096 -0.0371995 0.191463)
(0.0410445 -0.0285544 0.0540445)
(0.0281486 -0.0413238 0.0233197)
(0.000694575 -0.0499952 0.0200974)
(-0.0411465 -0.0284071 0.0693023)
(0.0497899 -0.00457935 0.141477)
(-0.0496268 -0.00609731 0.182937)
(0.0448896 -0.0220209 0.0473172)
(-0.0110636 -0.0487606 0.0419875)
(0.0456674 -0.0203589 0.141884)
(-0.0102618 -0.0489356 0.137504)
(-0.0478228 -0.0145939 0.19381)
(-0.0474609 -0.015731 0.190554)
(0.040893 -0.0287708 0.190734)
(0.0293378 -0.0404882 0.0860164)
(0.0494784 -0.00720346 0.0389391)
(0.049428 -0.00754132 0.0676809)
(0.0427984 -0.0258514 0.0527274)
(0.0023538 -0.0499446 0.191184)
(0.0200948 -0.0457843 0.0123994)
(-0.0353064 -0.0354042 0.183618)
(-0.00250935 -0.049937 0.0181015)
(-0.049787 -0.00461063 0.177781)
(0.0277997 -0.0415593 0.102075)
(0.0250865 -0.0432512 0.0249929)
(-0.0497692 -0.00479842 0.115411)
(-0.0426696 -0.0260635 0.0652137)
(-0.0494551 -0.00736187 0.167637)
(0.0140104 -0.047997 0.174028)
(0.031427 -0.0388889 0.0879032)
(-0.0387309 -0.0316215 0.121835)
(0.0455275 -0.02067 0.145166)
(-0.0497662 -0.0048293 0.093968)
(0.0497656 -0.00483578 0.0262618)
(-0.017525 -0.0468281 0.0413161)
(0.0443049 -0.0231748 0.0512814)
(0.0123888 -0.0484409 0.164737)
(-0.0493146 -0.0082507 0.181691)
(-0.0255396 -0.0429852 0.144561)
(0.0140471 -0.0479862 0.185731)
(-0.0451966 -0.0213839 0.192387)
(0.00411087 -0.0498307 0.170271)
(-0.0386862 -0.0316761 0.192294)
(0.032585 -0.0379238 0.176598)
(-0.0458949 -0.0198408 0.00367365)
(-0.0475689 -0.0154014 0.0790331)
(0.0402503 -0.0296633 0.102673)
(0.0404869 -0.0293395 0.0995106)
(-0.0467793 -0.0176551 0.0811934)
(0.0437263 -0.024249 0.0101187)
(0.0400212 -0.0299718 0.105782)
(-0.0482483 -0.0131186 0.132676)
(-0.0498022 -0.00444277 0.0522388)
(-0.0208049 -0.045466 0.187808)
(-0.0346855 -0.0360127 0.14662)
(0.0393537 -0.0308429 0.112112)
(-0.00562557 -0.0496825 0.0159882)
(-0.0406787 -0.0290731 0.0628988)
(0.0484874 -0.0122053 0.0150491)
(-0.0248844 -0.0433678 0.0079307)
(-0.0235847 -0.0440881 0.0557288)
(-0.0465795 -0.0181754 0.0983552)
(-0.049793 -0.00454505 0.123472)
(-0.0111017 -0.0487519 0.141712)
(0.0494974 -0.00707136 0.161387)
(-0.04663 -0.0180455 0.101536)
(-0.0468272 -0.0175275 0.134195)
(0.0494427 -0.00744454 0.17212)
(0.0398093 -0.0302526 0.108861)
(0.0498057 -0.00440313 0.138806)
(-0.0482424 -0.0131404 0.156124)
(0.0454044 -0.020939 0.148473)
(-0.0494979 -0.00706817 0.15237)
(-0.0471888 -0.0165291 0.0939112)
(-0.0470882 -0.0168136 0.0908809)
(-0.0038075 -0.0498548 0.103575)
(-0.047318 -0.0161557 0.0971217)
(-0.0498063 -0.00439699 0.0763718)
(0.0238415 -0.0439498 0.192223)
(0.00132231 -0.0499825 0.012357)
(0.0122888 -0.0484663 0.0114572)
(-0.0469394 -0.0172248 0.0877553)
(0.04818 -0.0133674 0.18364)
(0.0231869 -0.0442986 0.122557)
(-0.046796 -0.0176105 0.0846615)
(0.0437535 -0.0241998 0.0938265)
(-0.0157658 -0.0474493 0.0120875)
(0.0494511 -0.00738816 0.0650716)
(-0.0479155 -0.0142865 0.0341369)
(-0.0494958 -0.00708305 0.106785)
(0.0250364 -0.0432803 0.0566346)
(0.0409337 -0.0287129 0.0203236)
(0.0295531 -0.0403313 0.178313)
(-0.0494671 -0.00728034 0.163544)
(0.0377239 -0.0328162 0.113269)
(-0.0483385 -0.0127824 0.16935)
(0.0451948 -0.0213876 0.089183)
(0.0277116 -0.0416181 0.107148)
(0.0202876 -0.0456992 0.0620235)
(-0.0116262 -0.0486295 0.145334)
(-0.0494493 -0.00740067 0.192787)
(0.0374158 -0.0331671 0.116721)
(-0.0479458 -0.0141845 0.0744404)
(0.00767534 -0.0494074 0.173184)
(0.0442306 -0.0233164 0.088027)
(0.0494919 -0.00710986 0.012085)
(0.0279749 -0.0414416 0.0201359)
(0.0481695 -0.0134053 0.0971378)
(-0.0304219 -0.03968 0.183988)
(-0.032771 -0.0377633 0.18528)
(0.0498158 -0.0042882 0.102986)
(0.0442959 -0.0231921 0.0848498)
(0.0497806 -0.00467902 0.00218625)
(0.0497768 -0.00471935 0.197609)
(-0.0497806 -0.00467902 0.00218625)
(-0.0497806 -0.00467902 0.197814)
(0.0494533 -0.00737396 0.135521)
(-0.0217099 -0.0450409 0.161171)
(-0.0301257 -0.0399054 0.146736)
(0.033524 -0.0370964 0.0800181)
(-0.00676189 -0.0495407 0.100609)
(-0.0488144 -0.010824 0.10438)
(0.0488218 -0.0107905 0.182348)
(-0.0495239 -0.00688364 0.0985074)
(-0.0481891 -0.0133346 0.0779591)
(0.0170744 -0.0469943 0.192022)
(-0.0465302 -0.0183014 0.0181307)
(-0.0127738 -0.0483408 0.0194261)
(-0.0114827 -0.0486636 0.150055)
(0.0253769 -0.0430814 0.0182393)
(-0.0465682 -0.0182046 0.130426)
(0.0497819 -0.00466504 0.02167)
(-0.0124175 -0.0484335 0.188814)
(-0.0231567 -0.0443144 0.0521059)
(0.0457038 -0.0202772 0.0348401)
(-0.049647 -0.00593054 0.110735)
(0.0487877 -0.0109436 0.0989606)
(-0.00902746 -0.0491783 0.0954146)
(0.0494762 -0.00721827 0.158906)
(0.0485049 -0.0121355 0.112412)
(0.0473181 -0.0161553 0.0338335)
(0.0215972 -0.045095 0.0381304)
(-0.038893 -0.0314218 0.124283)
(-0.049457 -0.00734905 0.0553011)
(0.0242832 -0.0437073 0.109223)
(0.047377 -0.0159818 0.0515634)
(0.0498217 -0.0042188 0.156716)
(0.0495227 -0.00689203 0.0359414)
(0.0495397 -0.00676887 0.191076)
(-0.0464241 -0.018569 0.127516)
(-0.0487542 -0.0110918 0.180623)
(-0.0494747 -0.00722897 0.127568)
(-0.0494679 -0.00727483 0.00504746)
(-0.0206252 -0.0455478 0.0383459)
(0.0491097 -0.00939323 0.195497)
(0.0206174 -0.0455513 0.0592269)
(0.0458409 -0.0199652 0.0806756)
(-0.0187101 -0.0463674 0.163351)
(0.0111383 -0.0487436 0.175749)
(0.0311147 -0.0391392 0.109081)
(-0.0083534 -0.0492973 0.152513)
(-0.00533689 -0.0497144 0.0926813)
(-0.0408038 -0.0288972 0.0604232)
(0.0331813 -0.0374032 0.0842157)
(-0.0453736 -0.0210056 0.126681)
(0.0317673 -0.0386114 0.102698)
(0.04478 -0.022243 0.0788481)
(0.0498161 -0.00428492 0.0613865)
(-0.0425074 -0.0263272 0.126812)
(0.0495425 -0.00674812 0.116419)
(0.045313 -0.021136 0.151631)
(-0.00755819 -0.0494254 0.10712)
(0.020782 -0.0454765 0.174824)
(-0.0498268 -0.00415799 0.0791039)
(-0.0418618 -0.0273421 0.0293481)
(0.0231873 -0.0442984 0.125131)
(-0.0472637 -0.0163139 0.0738283)
(0.0481133 -0.0136055 0.169397)
(-0.0493796 -0.00785182 0.175148)
(0.049524 -0.00688295 0.169958)
(-0.0498274 -0.00415151 0.0253723)
(-0.040759 -0.0289604 0.125359)
(0.0464902 -0.0184029 0.0495649)
(0.0486819 -0.011405 0.00443246)
(-0.00837345 -0.0492939 0.0889277)
(-0.0444652 -0.0228659 0.155159)
(0.0283079 -0.0412148 0.0972944)
(-0.046251 -0.0189959 0.156391)
(0.0486715 -0.0114492 0.19543)
(-0.0495025 -0.00703581 0.179581)
(-0.0186795 -0.0463797 0.100403)
(0.00874743 -0.0492289 0.166529)
(-0.000840908 -0.0499929 0.192643)
(0.042087 -0.0269942 0.0738502)
(0.0490671 -0.00961332 0.160135)
(-0.0497883 -0.0045965 0.187404)
(0.0436153 -0.0244481 0.0769252)
(-0.0201083 -0.0457784 0.0345847)
(-0.0182719 -0.0465418 0.0974486)
(0.0351964 -0.0355135 0.0887717)
(-0.0471401 -0.0166677 0.0708139)
(-0.0297315 -0.0402 0.0110509)
(0.0205061 -0.0456015 0.126348)
(-0.00799011 -0.0493575 0.110422)
(-0.049502 -0.00703903 0.105036)
(-0.0178879 -0.0466907 0.094251)
(-0.00462848 -0.0497853 0.0861895)
(0.0490299 -0.00980125 0.167124)
(-0.0219981 -0.0449008 0.0475339)
(-0.034721 -0.0359785 0.0113621)
(0.0494809 -0.00718612 0.153358)
(-0.0157404 -0.0474578 0.165383)
(0.0419847 -0.027153 0.193768)
(0.0486762 -0.0114293 0.0282302)
(-0.0498283 -0.00414035 0.183284)
(0.0422707 -0.0267056 0.0706008)
(-0.00624671 -0.0496083 0.0981424)
(-0.049483 -0.00717177 0.00792464)
(-0.00268359 -0.0499279 0.151474)
(-0.0174804 -0.0468448 0.0911033)
(0.042819 -0.0258174 0.187509)
(0.0220331 -0.0448837 0.03418)
(0.0475012 -0.0156088 0.0921787)
(-0.0495438 -0.00673872 0.10135)
(-0.008368 -0.0492948 0.113702)
(0.0483132 -0.0128778 0.0950298)
(-0.0470261 -0.0169866 0.0677278)
(0.0480685 -0.0137631 0.102398)
(0.0498379 -0.0040232 0.132837)
(0.0389548 -0.0313453 0.121305)
(-0.0401019 -0.0298637 0.0108399)
(0.0446142 -0.0225737 0.0326733)
(-0.0497927 -0.00454842 0.0125122)
(0.0494953 -0.00708628 0.146665)
(-0.0498389 -0.00401013 0.138805)
(-0.049839 -0.0040089 0.0582083)
(0.0494851 -0.00715744 0.108566)
(-0.0077342 -0.0493982 0.082396)
(-0.0386801 -0.0316835 0.0590309)
(-0.0120869 -0.0485171 0.169378)
(0.0448927 -0.0220147 0.155968)
(0.0493759 -0.00787507 0.177243)
(-0.0473521 -0.0025 0.129851)
(-0.0473521 -0.0025 0.0611939)
(-0.047352 -0.0025 0.108955)
(-0.0473525 -0.0025 0.147761)
(-0.0473522 -0.0025 0.0910447)
(0.0473521 -0.0025 0.0761194)
(0.0473526 -0.0025 0.0492525)
(0.0473566 -0.0025 0.0999926)
(0.0473523 -0.0025 0.120895)
(0.0473523 -0.0025 0.138806)
(-0.00123927 -0.0025 0.00243009)
(0.00160956 -0.0025 0.197651)
(0.0473252 -0.0025 0.153721)
(-0.0473523 -0.0025 0.0462687)
(-0.047542 -0.0025 0.0759277)
(-0.0473525 -0.0025 0.162688)
(0.0130258 -0.0025 0.00240482)
(-0.0132203 -0.0025 0.197381)
(0.0160204 -0.0025 0.197652)
(-0.0162049 -0.0025 0.0024253)
(0.0473523 -0.0025 0.0343284)
(0.0473523 -0.0025 0.168657)
(-0.0474411 -0.0025 0.0313431)
(0.0473527 -0.0025 0.0611938)
(0.0473523 -0.0025 0.0880597)
(-0.0473967 -0.0025 0.174555)
(0.0249687 -0.0025 0.00254395)
(-0.0251618 -0.0025 0.197368)
(0.0279528 -0.0025 0.197775)
(-0.0280109 -0.0025 0.0024131)
(0.0473523 -0.0025 0.0223881)
(0.0473551 -0.0025 0.180601)
(-0.047628 -0.0025 0.019113)
(-0.0470584 -0.0025 0.183311)
(0.0473523 -0.0025 0.129851)
(-0.047352 -0.0025 0.11791)
(0.0473186 -0.0025 0.108904)
(-0.0473521 -0.0025 0.0999999)
(-0.0473516 -0.0025 0.138806)
(0.0338589 -0.0025 0.0027123)
(-0.0337718 -0.0025 0.197406)
(0.0365892 -0.0025 0.197643)
(-0.0367622 -0.0025 0.00237762)
(0.0471632 -0.0025 0.0136324)
(0.0473559 -0.0025 0.189555)
(-0.0476211 -0.0025 0.0101771)
(0.0473652 -0.0025 0.174664)
(0.0473526 -0.0025 0.0283559)
(-0.0473523 -0.0025 0.189552)
(0.0472877 -0.0025 0.162661)
(-0.0474902 -0.0025 0.0372276)
(-0.0475465 -0.0025 0.0250752)
(0.0473528 -0.0025 0.0402977)
(0.0472977 -0.0025 0.147731)
(-0.0473524 -0.0025 0.0522378)
(-0.0473523 -0.0025 0.156717)
(-0.0473523 -0.0025 0.168657)
(0.0473529 -0.0025 0.0552234)
(0.0473524 -0.0025 0.0671638)
(-0.0473523 -0.0025 0.0671642)
(0.0473523 -0.0025 0.0940298)
(-0.0473523 -0.0025 0.0820895)
(0.047359 -0.0025 0.0820895)
(0.047349 -0.0025 0.114915)
(-0.0473521 -0.0025 0.123881)
(-0.00463374 -0.0025 0.197341)
(0.00740578 -0.0025 0.197766)
(-0.00748923 -0.0025 0.0024128)
(0.00428867 -0.0025 0.00235594)
(0.0192992 -0.0025 0.00238163)
(0.0222532 -0.0025 0.197325)
(-0.0217656 -0.0025 0.00244421)
(-0.0189473 -0.0025 0.197655)
(0.0394034 -0.0025 0.00279739)
(-0.0400469 -0.0025 0.197663)
(0.0428495 -0.0025 0.197339)
(-0.0422741 -0.0025 0.00244787)
(0.0471948 -0.0025 0.00763991)
(-0.0474229 -0.0025 0.195402)
(0.0454718 -0.0025 0.00221767)
(0.047477 -0.0025 0.1955)
(-0.0475065 -0.0025 0.0044635)
(0.0473771 -0.0025 0.192533)
(0.0447822 -0.0025 0.191046)
(0.0447775 -0.0025 0.188071)
(0.0421866 -0.0025 0.189587)
(0.0421976 -0.0025 0.186596)
(0.0396106 -0.0025 0.188111)
(0.0396243 -0.0025 0.185119)
(0.0370577 -0.0025 0.186606)
(0.0370578 -0.0025 0.183635)
(0.0344938 -0.0025 0.185119)
(0.0344896 -0.0025 0.182157)
(0.0319269 -0.0025 0.183641)
(0.0319228 -0.0025 0.180679)
(0.0293601 -0.0025 0.182164)
(0.0293569 -0.0025 0.179201)
(0.0267717 -0.0025 0.180689)
(0.0267865 -0.0025 0.177724)
(0.0241846 -0.0025 0.179223)
(0.0242144 -0.0025 0.176247)
(0.0216345 -0.0025 0.177745)
(0.0216486 -0.0025 0.17477)
(0.0190712 -0.0025 0.17626)
(0.019082 -0.0025 0.173292)
(0.0164926 -0.0025 0.174789)
(0.0165117 -0.0025 0.171817)
(0.0139364 -0.0025 0.173309)
(0.0139445 -0.0025 0.170338)
(0.0113801 -0.0025 0.171822)
(0.0113765 -0.0025 0.168859)
(0.00881212 -0.0025 0.170342)
(0.00880803 -0.0025 0.167377)
(0.00624236 -0.0025 0.168862)
(0.00623532 -0.0025 0.165899)
(0.0036687 -0.0025 0.167383)
(0.0036647 -0.0025 0.164414)
(0.00622434 -0.0025 0.162931)
(0.00365898 -0.0025 0.161445)
(0.00622222 -0.0025 0.159956)
(0.00365428 -0.0025 0.158474)
(0.00622635 -0.0025 0.156984)
(0.00365127 -0.0025 0.155501)
(0.00622465 -0.0025 0.154011)
(0.00364738 -0.0025 0.152527)
(0.00621066 -0.0025 0.151037)
(0.00364517 -0.0025 0.149559)
(0.00621793 -0.0025 0.148062)
(0.00364979 -0.0025 0.146584)
(0.00620494 -0.0025 0.145086)
(0.00364143 -0.0025 0.143601)
(0.00619786 -0.0025 0.142108)
(0.00363665 -0.0025 0.140624)
(0.00618695 -0.0025 0.139118)
(0.00363492 -0.0025 0.137637)
(0.00619539 -0.0025 0.136136)
(0.00362569 -0.0025 0.134654)
(0.00618504 -0.0025 0.133167)
(0.00362403 -0.0025 0.131683)
(0.00617317 -0.0025 0.130177)
(0.00362308 -0.0025 0.128696)
(0.00618323 -0.0025 0.127194)
(0.0036136 -0.0025 0.125712)
(0.00617229 -0.0025 0.124225)
(0.00360334 -0.0025 0.12274)
(0.00615808 -0.0025 0.121233)
(0.00359651 -0.0025 0.119758)
(0.00616828 -0.0025 0.118249)
(0.00359439 -0.0025 0.116775)
(0.00617539 -0.0025 0.115281)
(0.0035935 -0.0025 0.113797)
(0.00617396 -0.0025 0.112301)
(0.00359848 -0.0025 0.110814)
(0.00617208 -0.0025 0.109319)
(0.00360081 -0.0025 0.107824)
(0.00616966 -0.0025 0.106335)
(0.00358901 -0.0025 0.104839)
(0.00616479 -0.0025 0.103351)
(0.00358834 -0.0025 0.101863)
(0.00616136 -0.0025 0.100369)
(0.00358958 -0.0025 0.0988732)
(0.00615848 -0.0025 0.0973847)
(0.00357736 -0.0025 0.0958881)
(0.00615343 -0.0025 0.0944007)
(0.00356725 -0.0025 0.0929121)
(0.00612742 -0.0025 0.0914181)
(0.0035586 -0.0025 0.0899297)
(0.00610851 -0.0025 0.0884164)
(0.00355138 -0.0025 0.086943)
(0.00612254 -0.0025 0.0854289)
(0.00354992 -0.0025 0.083958)
(0.00613262 -0.0025 0.0824624)
(0.00355003 -0.0025 0.0809781)
(0.00613171 -0.0025 0.079482)
(0.00354607 -0.0025 0.077994)
(0.00612829 -0.0025 0.0764986)
(0.00354229 -0.0025 0.0750102)
(0.00612451 -0.0025 0.0735148)
(0.00353847 -0.0025 0.0720263)
(0.00609723 -0.0025 0.070531)
(0.00353058 -0.0025 0.069042)
(0.00607708 -0.0025 0.0675271)
(0.00352358 -0.0025 0.0660546)
(0.00609306 -0.0025 0.0645396)
(0.0035232 -0.0025 0.0630705)
(0.00610439 -0.0025 0.0615764)
(0.00352388 -0.0025 0.0600931)
(0.00610394 -0.0025 0.0585996)
(0.00352166 -0.0025 0.0571129)
(0.00609917 -0.0025 0.0556205)
(0.0035182 -0.0025 0.0541346)
(0.00609441 -0.0025 0.0526431)
(0.00351544 -0.0025 0.0511586)
(0.00608971 -0.0025 0.0496678)
(0.00351303 -0.0025 0.048184)
(0.0010964 -0.0025 0.165902)
(0.00108552 -0.0025 0.151056)
(0.00107328 -0.0025 0.133166)
(0.000941217 -0.0025 0.0556261)
(0.00103228 -0.0025 0.112304)
(0.00099265 -0.0025 0.0944058)
(0.000960726 -0.0025 0.0705374)
(0.000967747 -0.0025 0.0824735)
(0.00608505 -0.0025 0.0466945)
(0.0035102 -0.0025 0.0452118)
(0.0060717 -0.0025 0.0437391)
(0.00349624 -0.0025 0.04226)
(0.000936722 -0.0025 0.043729)
(0.0059805 -0.0025 0.0407604)
(0.000922856 -0.0025 0.0407789)
(-0.00163581 -0.0025 0.0422476)
(-0.00164055 -0.0025 0.0392825)
(-0.0042069 -0.0025 0.0407646)
(0.0086074 -0.0025 0.0452094)
(0.00862656 -0.0025 0.07199)
(0.00873039 -0.0025 0.143585)
(0.00874855 -0.0025 0.104841)
(0.0087066 -0.0025 0.125684)
(0.00868169 -0.0025 0.057106)
(0.00869483 -0.0025 0.0839404)
(-0.00421096 -0.0025 0.0377987)
(-0.00677828 -0.0025 0.0392827)
(0.0190708 -0.0025 0.170323)
(-0.00679794 -0.0025 0.0362996)
(-0.0093523 -0.0025 0.0377989)
(-0.00937716 -0.0025 0.0348017)
(-0.0119257 -0.0025 0.0363156)
(-0.0119118 -0.0025 0.039289)
(-0.00425066 -0.0025 0.0347968)
(-0.0119347 -0.0025 0.0333355)
(-0.0144943 -0.0025 0.0348364)
(-0.0144977 -0.0025 0.0318718)
(0.00110038 -0.0025 0.16887)
(-0.00147159 -0.0025 0.16739)
(-0.0170637 -0.0025 0.0333599)
(0.00109198 -0.0025 0.142117)
(0.00104715 -0.0025 0.124229)
(0.00103594 -0.0025 0.103343)
(0.00868052 -0.0025 0.092892)
(0.00872311 -0.0025 0.134628)
(0.00875085 -0.0025 0.116768)
(0.00877238 -0.0025 0.152513)
(-0.0119476 -0.0025 0.0303597)
(-0.0170666 -0.0025 0.0303954)
(-0.00146704 -0.0025 0.170358)
(-0.00403917 -0.0025 0.168878)
(-0.0196337 -0.0025 0.0318815)
(-0.0196297 -0.0025 0.0348486)
(-0.0196361 -0.0025 0.0289159)
(-0.00403459 -0.0025 0.171845)
(-0.00660657 -0.0025 0.170365)
(-0.00661158 -0.0025 0.167398)
(-0.00917987 -0.0025 0.168886)
(-0.00918414 -0.0025 0.165919)
(-0.0117542 -0.0025 0.167406)
(-0.0117586 -0.0025 0.164438)
(-0.0143197 -0.0025 0.165926)
(-0.0143336 -0.0025 0.162954)
(-0.0142888 -0.0025 0.168902)
(-0.0168818 -0.0025 0.164448)
(-0.0169076 -0.0025 0.161472)
(-0.0194672 -0.0025 0.162967)
(-0.0194862 -0.0025 0.159989)
(0.0267871 -0.0025 0.174758)
(-0.00660114 -0.0025 0.173331)
(-0.0220487 -0.0025 0.161481)
(-0.0220622 -0.0025 0.158512)
(-0.0219948 -0.0025 0.164459)
(-0.0194927 -0.0025 0.157015)
(-0.0220562 -0.0025 0.155537)
(-0.0194958 -0.0025 0.154039)
(-0.0220632 -0.0025 0.152555)
(-0.0195003 -0.0025 0.151061)
(-0.0220778 -0.0025 0.149582)
(-0.0195082 -0.0025 0.148083)
(-0.0220713 -0.0025 0.146605)
(-0.0195126 -0.0025 0.145104)
(-0.0220782 -0.0025 0.14362)
(-0.0195132 -0.0025 0.14213)
(-0.0220931 -0.0025 0.140646)
(-0.0195157 -0.0025 0.139152)
(-0.0220852 -0.0025 0.137667)
(-0.0195163 -0.0025 0.136166)
(-0.0220909 -0.0025 0.13468)
(-0.0195202 -0.0025 0.133183)
(-0.0221101 -0.0025 0.131697)
(-0.0195326 -0.0025 0.130202)
(-0.0221187 -0.0025 0.128715)
(-0.0195394 -0.0025 0.12722)
(-0.0221246 -0.0025 0.125733)
(-0.0195447 -0.0025 0.124238)
(-0.0221298 -0.0025 0.122751)
(-0.0195494 -0.0025 0.121256)
(-0.0221318 -0.0025 0.119774)
(-0.0195535 -0.0025 0.118274)
(-0.0221217 -0.0025 0.116792)
(-0.0195556 -0.0025 0.115291)
(-0.0221266 -0.0025 0.113804)
(-0.0195601 -0.0025 0.112307)
(-0.0221431 -0.0025 0.110824)
(-0.0195681 -0.0025 0.109323)
(-0.0221362 -0.0025 0.107841)
(-0.0195728 -0.0025 0.10634)
(-0.0221419 -0.0025 0.104853)
(-0.0195775 -0.0025 0.103356)
(-0.0221585 -0.0025 0.101873)
(-0.0195784 -0.0025 0.100379)
(-0.0221508 -0.0025 0.0988906)
(-0.0195869 -0.0025 0.0973884)
(-0.0221567 -0.0025 0.0959014)
(-0.0195891 -0.0025 0.0944048)
(-0.0221729 -0.0025 0.0929205)
(-0.019595 -0.0025 0.0914209)
(-0.0221662 -0.0025 0.0899368)
(-0.0195981 -0.0025 0.0884368)
(-0.0221711 -0.0025 0.0869488)
(-0.0196026 -0.0025 0.085452)
(-0.0221874 -0.0025 0.0839672)
(-0.0196093 -0.0025 0.0824681)
(-0.0221814 -0.0025 0.0809834)
(-0.0196126 -0.0025 0.0794839)
(-0.0221861 -0.0025 0.0779959)
(-0.0196171 -0.0025 0.0764992)
(-0.0222037 -0.0025 0.0750113)
(-0.0196243 -0.0025 0.073515)
(-0.0222109 -0.0025 0.0720274)
(-0.0196301 -0.0025 0.0705314)
(-0.0222161 -0.0025 0.0690441)
(-0.0196354 -0.0025 0.0675484)
(-0.0222207 -0.0025 0.0660613)
(-0.0196405 -0.0025 0.0645659)
(-0.0222252 -0.0025 0.063079)
(-0.0222029 -0.0025 0.0333676)
(-0.0222004 -0.0025 0.0363365)
(0.0113748 -0.0025 0.17479)
(-0.00403132 -0.0025 0.17481)
(-0.0196367 -0.0025 0.0615878)
(-0.0222284 -0.0025 0.0600984)
(-0.0246268 -0.0025 0.151076)
(-0.0246351 -0.0025 0.14213)
(-0.024661 -0.0025 0.133192)
(-0.0246972 -0.0025 0.112292)
(-0.0247139 -0.0025 0.10334)
(-0.0247302 -0.0025 0.0943873)
(-0.0246113 -0.0025 0.160005)
(-0.0247465 -0.0025 0.0854335)
(-0.0247975 -0.0025 0.0705396)
(-0.024691 -0.0025 0.121256)
(-0.0247741 -0.0025 0.0348547)
(-0.0247714 -0.0025 0.0378251)
(-0.00659545 -0.0025 0.176295)
(-0.0248092 -0.0025 0.0615924)
(-0.0248139 -0.0025 0.0586109)
(-0.0040285 -0.0025 0.177773)
(-0.0196325 -0.0025 0.0586147)
(-0.0170541 -0.0025 0.0630733)
(-0.0273466 -0.0025 0.036342)
(-0.027349 -0.0025 0.0333698)
(-0.0273436 -0.0025 0.0393147)
(-0.0273933 -0.0025 0.0601054)
(-0.027398 -0.0025 0.0571244)
(-0.00658982 -0.0025 0.179256)
(0.0190232 -0.0025 0.17924)
(-0.0247666 -0.0025 0.0407985)
(-0.0169293 -0.0025 0.146599)
(-0.0169685 -0.0025 0.11976)
(-0.0170333 -0.0025 0.0779869)
(-0.0170141 -0.0025 0.0899242)
(-0.0169229 -0.0025 0.137665)
(-0.0169554 -0.0025 0.128707)
(-0.0169832 -0.0025 0.107842)
(-0.0169942 -0.0025 0.0988898)
(-0.00418985 -0.0025 0.0437343)
(-0.00402559 -0.0025 0.180732)
(-0.0299224 -0.0025 0.0348581)
(-0.0299247 -0.0025 0.0318849)
(-0.0299772 -0.0025 0.0586187)
(-0.0299816 -0.0025 0.0556379)
(-0.0117558 -0.0025 0.161472)
(-0.00658503 -0.0025 0.182215)
(-0.00914654 -0.0025 0.180743)
(0.0344905 -0.0025 0.179194)
(-0.032561 -0.0025 0.0571321)
(-0.0325653 -0.0025 0.0541513)
(-0.0325551 -0.0025 0.0600966)
(-0.032499 -0.0025 0.0333736)
(-0.0325007 -0.0025 0.0303999)
(-0.0299264 -0.0025 0.0289113)
(-0.0325017 -0.0025 0.0274271)
(-0.0299303 -0.0025 0.0259391)
(-0.0325033 -0.0025 0.0244558)
(-0.0299338 -0.0025 0.02297)
(-0.0325037 -0.0025 0.0214878)
(-0.0299368 -0.0025 0.020003)
(-0.0325041 -0.0025 0.0185226)
(-0.0299392 -0.0025 0.0170406)
(-0.0273741 -0.0025 0.0185185)
(-0.00402308 -0.0025 0.183688)
(-0.00146451 -0.0025 0.182207)
(0.0267467 -0.0025 0.183654)
(-0.00914321 -0.0025 0.183697)
(-0.0117029 -0.0025 0.182227)
(-0.0273768 -0.0025 0.0155576)
(-0.0248143 -0.0025 0.0170342)
(-0.0274025 -0.0025 0.0541437)
(-0.0325048 -0.0025 0.0155614)
(-0.0116997 -0.0025 0.185179)
(-0.014261 -0.0025 0.183706)
(-0.00146154 -0.0025 0.185162)
(0.00109446 -0.0025 0.183682)
(-0.0170697 -0.0025 0.0274313)
(0.00623191 -0.0025 0.171834)
(0.000943903 -0.0025 0.0615868)
(0.00866879 -0.0025 0.0511509)
(0.000864379 -0.0025 0.0377896)
(-0.0170498 -0.0025 0.0690353)
(0.00863741 -0.0025 0.0630318)
(-0.0247536 -0.0025 0.0764962)
(0.000960073 -0.0025 0.0765055)
(-0.0170238 -0.0025 0.0839554)
(0.00871456 -0.0025 0.0779874)
(-0.0169783 -0.0025 0.113798)
(0.000975573 -0.0025 0.0884415)
(-0.0142546 -0.0025 0.180749)
(-0.0168218 -0.0025 0.182234)
(-0.0168229 -0.0025 0.185191)
(-0.0193919 -0.0025 0.183726)
(-0.0193891 -0.0025 0.180762)
(-0.0219453 -0.0025 0.182246)
(-0.021953 -0.0025 0.179287)
(-0.0245144 -0.0025 0.180773)
(-0.0245218 -0.0025 0.17781)
(-0.0270854 -0.0025 0.179299)
(-0.0270927 -0.0025 0.176333)
(-0.0296585 -0.0025 0.177822)
(-0.0296619 -0.0025 0.174851)
(-0.0296517 -0.0025 0.18079)
(-0.0322246 -0.0025 0.179313)
(-0.0322178 -0.0025 0.18228)
(-0.0347903 -0.0025 0.180804)
(-0.0347812 -0.0025 0.183771)
(-0.0322109 -0.0025 0.185246)
(-0.0219377 -0.0025 0.185204)
(0.00101695 -0.0025 0.118273)
(0.00874125 -0.0025 0.0988747)
(0.00875572 -0.0025 0.110807)
(-0.0169232 -0.0025 0.152545)
(-0.024705 -0.0025 0.127229)
(0.00879326 -0.0025 0.158468)
(0.00108476 -0.0025 0.156994)
(-0.0324965 -0.0025 0.0363478)
(0.0139262 -0.0025 0.167366)
(-0.034799 -0.0025 0.177834)
(-0.0351448 -0.0025 0.0556454)
(-0.035149 -0.0025 0.0526644)
(-0.0325699 -0.0025 0.0511706)
(-0.0351321 -0.0025 0.0496873)
(-0.0350694 -0.0025 0.0170414)
(-0.0350716 -0.0025 0.0229721)
(-0.0350743 -0.0025 0.0348626)
(-0.0350718 -0.0025 0.0378385)
(-0.0350724 -0.0025 0.0289139)
(-0.03507 -0.0025 0.0140812)
(-0.0248161 -0.0025 0.0140783)
(-0.0222562 -0.0025 0.0155527)
(-0.00914001 -0.0025 0.18665)
(-0.0347729 -0.0025 0.186736)
(0.00109721 -0.0025 0.186635)
(0.00365274 -0.0025 0.185156)
(0.0319163 -0.0025 0.186604)
(-0.0373679 -0.0025 0.179327)
(-0.0373764 -0.0025 0.176353)
(-0.0325009 -0.0025 0.0126028)
(0.00365034 -0.0025 0.182203)
(0.00620897 -0.0025 0.183678)
(0.00621109 -0.0025 0.18663)
(0.00876673 -0.0025 0.185152)
(-0.00661168 -0.0025 0.164436)
(-0.0245172 -0.0025 0.174838)
(0.00876898 -0.0025 0.188104)
(0.011324 -0.0025 0.186626)
(-0.0222599 -0.0025 0.012599)
(-0.0197007 -0.0025 0.0140727)
(-0.019688 -0.0025 0.0170329)
(-0.0171395 -0.0025 0.0155451)
(-0.0376346 -0.0025 0.0155621)
(-0.0376351 -0.0025 0.0126009)
(-0.0322053 -0.0025 0.188209)
(-0.0171387 -0.0025 0.012592)
(-0.014583 -0.0025 0.0140631)
(-0.0145806 -0.0025 0.0170155)
(-0.0120274 -0.0025 0.0155356)
(-0.0120212 -0.0025 0.0184865)
(-0.00946711 -0.0025 0.017007)
(-0.00946251 -0.0025 0.019958)
(-0.00690751 -0.0025 0.0184789)
(-0.00691283 -0.0025 0.0155264)
(-0.00435398 -0.0025 0.0169974)
(-0.0043473 -0.0025 0.01995)
(-0.00179308 -0.0025 0.018468)
(-0.00178665 -0.0025 0.0214214)
(0.000768764 -0.0025 0.0199388)
(0.000774886 -0.0025 0.0228931)
(0.00333007 -0.0025 0.02141)
(0.00332367 -0.0025 0.0184563)
(0.00588499 -0.0025 0.0199269)
(0.0058919 -0.0025 0.0228808)
(0.00844768 -0.0025 0.0213971)
(0.00845501 -0.0025 0.0243528)
(0.011012 -0.0025 0.0228679)
(0.0110195 -0.0025 0.0258258)
(0.013585 -0.0025 0.0243285)
(0.0135871 -0.0025 0.0272981)
(0.0161548 -0.0025 0.0257993)
(0.016156 -0.0025 0.0287727)
(0.018719 -0.0025 0.0272841)
(0.0187222 -0.0025 0.030245)
(0.0212897 -0.0025 0.0287607)
(0.0212881 -0.0025 0.0317253)
(0.0212931 -0.0025 0.0257796)
(0.0238625 -0.0025 0.0302372)
(0.0238556 -0.0025 0.0332066)
(0.0264521 -0.0025 0.0317155)
(0.0264625 -0.0025 0.0346856)
(0.0135739 -0.0025 0.0213724)
(0.023864 -0.0025 0.0361774)
(0.0265143 -0.0025 0.0376239)
(0.0238846 -0.0025 0.0391485)
(0.0265712 -0.0025 0.0405286)
(0.0239126 -0.0025 0.0421049)
(0.0265315 -0.0025 0.0435209)
(0.0239147 -0.0025 0.0450795)
(0.0265564 -0.0025 0.0465576)
(0.0239042 -0.0025 0.0480712)
(0.0265641 -0.0025 0.0495469)
(0.0239209 -0.0025 0.0510473)
(0.0264775 -0.0025 0.05253)
(0.0239159 -0.0025 0.0540263)
(0.0264674 -0.0025 0.0555097)
(0.023917 -0.0025 0.0570057)
(0.0264993 -0.0025 0.0584895)
(0.0239268 -0.0025 0.0599858)
(0.0265126 -0.0025 0.0614699)
(0.0239363 -0.0025 0.0629667)
(0.026519 -0.0025 0.0644513)
(0.0239433 -0.0025 0.0659484)
(0.026524 -0.0025 0.0674334)
(0.0239504 -0.0025 0.0689307)
(0.0265309 -0.0025 0.0704159)
(0.0239576 -0.0025 0.0719134)
(0.026536 -0.0025 0.0733989)
(0.0239641 -0.0025 0.0748967)
(0.0265428 -0.0025 0.0763823)
(0.0239712 -0.0025 0.0778802)
(0.0265479 -0.0025 0.079366)
(0.0239779 -0.0025 0.080864)
(0.0265546 -0.0025 0.0823498)
(0.0239851 -0.0025 0.0838478)
(0.0265598 -0.0025 0.0853338)
(0.0239918 -0.0025 0.0868319)
(0.0265665 -0.0025 0.0883178)
(0.0239971 -0.0025 0.0898159)
(0.0265713 -0.0025 0.0913019)
(0.0240054 -0.0025 0.0928001)
(0.0265782 -0.0025 0.0942861)
(0.0240127 -0.0025 0.0957842)
(0.0265834 -0.0025 0.0972702)
(0.0240186 -0.0025 0.0987702)
(0.0265995 -0.0025 0.100254)
(0.0240277 -0.0025 0.101752)
(0.0265979 -0.0025 0.103238)
(0.024033 -0.0025 0.104738)
(0.0266013 -0.0025 0.106223)
(0.0240393 -0.0025 0.107723)
(0.0266076 -0.0025 0.109207)
(0.0240461 -0.0025 0.110707)
(0.0266127 -0.0025 0.112191)
(0.0240529 -0.0025 0.113691)
(0.0266193 -0.0025 0.115174)
(0.0240599 -0.0025 0.116674)
(0.0266245 -0.0025 0.118158)
(0.0240668 -0.0025 0.119658)
(0.026645 -0.0025 0.121141)
(0.0240751 -0.0025 0.122639)
(0.0266397 -0.0025 0.124124)
(0.0240815 -0.0025 0.125624)
(0.0266429 -0.0025 0.127107)
(0.0240879 -0.0025 0.128607)
(0.0266645 -0.0025 0.13009)
(0.0240967 -0.0025 0.13159)
(0.0266579 -0.0025 0.133073)
(0.0241029 -0.0025 0.134575)
(0.0266609 -0.0025 0.136055)
(0.0241091 -0.0025 0.137554)
(0.0266841 -0.0025 0.139036)
(0.0241184 -0.0025 0.140535)
(0.0266762 -0.0025 0.142017)
(0.0241243 -0.0025 0.143517)
(0.026679 -0.0025 0.144998)
(0.0241305 -0.0025 0.146495)
(0.0267035 -0.0025 0.147977)
(0.0241401 -0.0025 0.149473)
(0.0266943 -0.0025 0.150956)
(0.0292491 -0.0025 0.0448846)
(0.0291244 -0.0025 0.0719011)
(0.0291694 -0.0025 0.104615)
(0.0291839 -0.0025 0.125502)
(0.0291904 -0.0025 0.134452)
(0.0291976 -0.0025 0.143398)
(0.0290703 -0.0025 0.0361223)
(0.0291302 -0.0025 0.0569291)
(0.0291553 -0.0025 0.083725)
(0.0291631 -0.0025 0.095662)
(0.029177 -0.0025 0.116551)
(0.0241454 -0.0025 0.152452)
(0.0267275 -0.0025 0.153934)
(0.0292756 -0.0025 0.152413)
(0.0293093 -0.0025 0.155413)
(0.005877 -0.0025 0.0169741)
(0.0241567 -0.0025 0.155429)
(0.0318545 -0.0025 0.153866)
(0.0318912 -0.0025 0.156891)
(0.0161323 -0.0025 0.0317468)
(0.021314 -0.0025 0.0406493)
(0.02156 -0.0025 0.147991)
(0.0215376 -0.0025 0.139055)
(0.0215148 -0.0025 0.130111)
(0.0214909 -0.0025 0.121161)
(0.0214117 -0.0025 0.08833)
(0.0213644 -0.0025 0.0674453)
(0.00331565 -0.0025 0.0155045)
(0.0058697 -0.0025 0.0140226)
(0.0344673 -0.0025 0.155395)
(0.0344489 -0.0025 0.158381)
(0.0318993 -0.0025 0.159876)
(0.0344495 -0.0025 0.161363)
(0.0343978 -0.0025 0.152314)
(0.0319062 -0.0025 0.162856)
(0.0344846 -0.0025 0.164341)
(0.0264332 -0.0025 0.0287458)
(0.0291591 -0.0025 0.0896934)
(0.0291393 -0.0025 0.0778679)
(0.029173 -0.0025 0.110583)
(0.0291091 -0.0025 0.0659358)
(0.0291101 -0.0025 0.0511361)
(0.00587886 -0.0025 0.0258408)
(0.0290065 -0.0025 0.0302239)
(0.0289993 -0.0025 0.0272526)
(0.0315588 -0.0025 0.0287028)
(0.031565 -0.0025 0.0257545)
(0.0341258 -0.0025 0.0272054)
(0.0341316 -0.0025 0.0242606)
(0.0315584 -0.0025 0.0227885)
(0.0341243 -0.0025 0.0212954)
(0.0315521 -0.0025 0.0198192)
(0.0341163 -0.0025 0.0183281)
(0.0315451 -0.0025 0.0168526)
(0.0341084 -0.0025 0.0153625)
(0.0315381 -0.0025 0.0138895)
(0.0289778 -0.0025 0.0153772)
(0.011025 -0.0025 0.028786)
(0.0342284 -0.0025 0.0300501)
(0.0215762 -0.0025 0.153947)
(0.0215842 -0.0025 0.156923)
(0.0214782 -0.0025 0.115196)
(0.0214636 -0.0025 0.109228)
(0.0214493 -0.0025 0.10326)
(0.021436 -0.0025 0.0972944)
(0.0213196 -0.0025 0.0495724)
(0.0213333 -0.0025 0.0555266)
(0.0214005 -0.0025 0.0823707)
(0.0213853 -0.0025 0.0764034)
(0.0213521 -0.0025 0.0614818)
(-0.0043605 -0.0025 0.0140459)
(0.0366803 -0.0025 0.0168376)
(0.0366715 -0.0025 0.0138718)
(0.00330955 -0.0025 0.0125546)
(-0.0120248 -0.0025 0.0125824)
(0.0367277 -0.0025 0.0256236)
(-0.00178109 -0.0025 0.0243764)
(0.0370123 -0.0025 0.156797)
(0.0190042 -0.0025 0.155442)
(0.0289698 -0.0025 0.012417)
(0.0264122 -0.0025 0.0139031)
(-0.0247996 -0.0025 0.0200069)
(0.0264181 -0.0025 0.0168605)
(0.0238546 -0.0025 0.015386)
(0.0238496 -0.0025 0.0124294)
(0.0212932 -0.0025 0.0139113)
(0.0319178 -0.0025 0.165832)
(0.0344978 -0.0025 0.167314)
(0.0293399 -0.0025 0.16435)
(0.0370617 -0.0025 0.165784)
(0.0370743 -0.0025 0.168793)
(-0.0273406 -0.0025 0.0422886)
(-0.0247609 -0.0025 0.0437683)
(-0.0221886 -0.0025 0.0422816)
(-0.0221843 -0.0025 0.0452539)
(0.019012 -0.0025 0.158417)
(-0.0193776 -0.0025 0.177792)
(-0.0373435 -0.0025 0.185262)
(-0.00146087 -0.0025 0.188114)
(0.00586185 -0.0025 0.0110739)
(0.00841852 -0.0025 0.012542)
(-0.0377289 -0.0025 0.0541587)
(-0.0377246 -0.0025 0.0571404)
(-0.0116933 -0.0025 0.18813)
(-0.0373346 -0.0025 0.188226)
(-0.0376508 -0.0025 0.0363524)
(-0.0376484 -0.0025 0.0393296)
(0.0212978 -0.0025 0.0168677)
(0.0187169 -0.0025 0.0154014)
(0.0186881 -0.0025 0.01246)
(0.0215914 -0.0025 0.159897)
(0.0113223 -0.0025 0.183675)
(0.0138798 -0.0025 0.185149)
(0.0138808 -0.0025 0.188101)
(0.016436 -0.0025 0.186625)
(0.0396297 -0.0025 0.182155)
(-0.0273722 -0.0025 0.0630771)
(-0.00146624 -0.0025 0.176289)
(-0.00916501 -0.0025 0.174819)
(0.00093894 -0.0025 0.0496733)
(-0.0196111 -0.0025 0.0437655)
(-0.0196053 -0.0025 0.0467354)
(-0.0170328 -0.0025 0.0452489)
(-0.0170299 -0.0025 0.0482231)
(-0.0144559 -0.0025 0.0467332)
(-0.0144528 -0.0025 0.0497076)
(0.0345057 -0.0025 0.170288)
(0.0370835 -0.0025 0.171769)
(-0.0118784 -0.0025 0.0482171)
(-0.011875 -0.0025 0.0511921)
(-0.00930023 -0.0025 0.0497011)
(-0.00929626 -0.0025 0.0526765)
(-0.0118719 -0.0025 0.054168)
(-0.00929193 -0.0025 0.0556531)
(-0.0350692 -0.0025 0.0408148)
(-0.0196113 -0.0025 0.0496973)
(-0.0376456 -0.0025 0.0423073)
(-0.0248171 -0.0025 0.0111255)
(-0.00913621 -0.0025 0.189601)
(0.00621467 -0.0025 0.18958)
(0.0315273 -0.0025 0.0109315)
(0.0084115 -0.0025 0.00959438)
(0.0164369 -0.0025 0.189575)
(0.0189915 -0.0025 0.188099)
(-0.0402008 -0.0025 0.0140816)
(-0.0401998 -0.0025 0.0111197)
(-0.0402014 -0.0025 0.0170463)
(0.0392432 -0.0025 0.015346)
(0.0392332 -0.0025 0.0123809)
(0.0392546 -0.0025 0.0183144)
(0.0370434 -0.0025 0.189572)
(-0.039948 -0.0025 0.177848)
(-0.0398908 -0.0025 0.174873)
(-0.0373724 -0.0025 0.173378)
(-0.0398865 -0.0025 0.171897)
(-0.037376 -0.0025 0.170402)
(-0.039958 -0.0025 0.16892)
(-0.0373937 -0.0025 0.167425)
(-0.0348131 -0.0025 0.168907)
(-0.0348224 -0.0025 0.16593)
(-0.0373358 -0.0025 0.164447)
(-0.0348186 -0.0025 0.162952)
(-0.0373306 -0.0025 0.161468)
(-0.0348212 -0.0025 0.159973)
(-0.0373335 -0.0025 0.158489)
(-0.0348264 -0.0025 0.156993)
(-0.0373863 -0.0025 0.155509)
(-0.0348405 -0.0025 0.154013)
(-0.0373552 -0.0025 0.152528)
(-0.034842 -0.0025 0.151032)
(-0.0373534 -0.0025 0.149547)
(-0.0348464 -0.0025 0.148051)
(-0.0374065 -0.0025 0.146566)
(-0.0348603 -0.0025 0.145069)
(-0.0373738 -0.0025 0.143583)
(-0.0348614 -0.0025 0.142087)
(-0.0373718 -0.0025 0.140601)
(-0.0348658 -0.0025 0.139104)
(-0.0374263 -0.0025 0.137618)
(-0.0348802 -0.0025 0.136121)
(-0.0373925 -0.0025 0.134635)
(-0.0348814 -0.0025 0.133138)
(-0.0373904 -0.0025 0.131652)
(-0.0348858 -0.0025 0.130155)
(-0.0373954 -0.0025 0.128668)
(-0.0348918 -0.0025 0.127171)
(-0.0374006 -0.0025 0.125685)
(-0.0348982 -0.0025 0.124187)
(-0.0374071 -0.0025 0.122701)
(-0.0349048 -0.0025 0.121204)
(-0.0374127 -0.0025 0.119717)
(-0.0349113 -0.0025 0.118219)
(-0.037472 -0.0025 0.116733)
(-0.0349269 -0.0025 0.115235)
(-0.0374357 -0.0025 0.113749)
(-0.0349278 -0.0025 0.112251)
(-0.0374332 -0.0025 0.110765)
(-0.0349321 -0.0025 0.109267)
(-0.0374917 -0.0025 0.10778)
(-0.0349472 -0.0025 0.106282)
(-0.0374542 -0.0025 0.104796)
(-0.034948 -0.0025 0.103298)
(-0.0374515 -0.0025 0.101811)
(-0.0349522 -0.0025 0.100313)
(-0.0375112 -0.0025 0.0988269)
(-0.0349674 -0.0025 0.0973288)
(-0.0374727 -0.0025 0.0958422)
(-0.034968 -0.0025 0.0943442)
(-0.0374697 -0.0025 0.0928576)
(-0.0349722 -0.0025 0.0913596)
(-0.0375306 -0.0025 0.0898731)
(-0.0349876 -0.0025 0.0883749)
(-0.0374911 -0.0025 0.0868883)
(-0.0349881 -0.0025 0.0853903)
(-0.0374879 -0.0025 0.0839036)
(-0.0349923 -0.0025 0.0824056)
(-0.0374926 -0.0025 0.0809191)
(-0.0349983 -0.0025 0.0794211)
(-0.0375862 -0.0025 0.0779347)
(-0.0350195 -0.0025 0.0764366)
(-0.0376098 -0.0025 0.0749503)
(-0.0350317 -0.0025 0.0734522)
(-0.0376203 -0.0025 0.071966)
(-0.0350402 -0.0025 0.070468)
(-0.0376237 -0.0025 0.0689894)
(-0.0322416 -0.0025 0.167413)
(-0.0322617 -0.0025 0.155498)
(-0.0324318 -0.0025 0.0809074)
(-0.0322815 -0.0025 0.146554)
(-0.0324073 -0.0025 0.0898614)
(-0.0323871 -0.0025 0.0988153)
(-0.0322991 -0.0025 0.137607)
(-0.0323653 -0.0025 0.107769)
(-0.0323451 -0.0025 0.116722)
(-0.0400479 -0.0025 0.151011)
(-0.0400665 -0.0025 0.142064)
(-0.0402266 -0.0025 0.0408207)
(-0.0402239 -0.0025 0.0437999)
(-0.0401426 -0.0025 0.133013)
(-0.0401649 -0.0025 0.112123)
(-0.0401745 -0.0025 0.103168)
(-0.0401842 -0.0025 0.0942141)
(-0.0401938 -0.0025 0.0852596)
(-0.0402083 -0.0025 0.0704811)
(-0.0402178 -0.0025 0.0675107)
(-0.0398459 -0.0025 0.186753)
(-0.039886 -0.0025 0.189716)
(0.0138811 -0.0025 0.19105)
(-0.0402123 -0.0025 0.0556531)
(-0.0402551 -0.0025 0.0526698)
(-0.0402684 -0.0025 0.058813)
(0.00330588 -0.0025 0.00960672)
(0.0289636 -0.0025 0.00946265)
(-0.0399978 -0.0025 0.159985)
(0.0109668 -0.0025 0.0110611)
(0.00620638 -0.0025 0.180724)
(-0.0196383 -0.0025 0.025952)
(-0.0296442 -0.0025 0.186721)
(-0.0296383 -0.0025 0.18968)
(-0.0273371 -0.0025 0.0452461)
(-0.0401475 -0.0025 0.127045)
(0.0293478 -0.0025 0.167324)
(0.0267688 -0.0025 0.165842)
(-0.0222043 -0.0025 0.0274354)
(-0.0145634 -0.0025 0.0199814)
(0.0109774 -0.0025 0.0140085)
(-0.0118684 -0.0025 0.0571449)
(-0.00928754 -0.0025 0.0586307)
(0.0396545 -0.0025 0.170281)
(0.0396619 -0.0025 0.173253)
(-0.0401537 -0.0025 0.121076)
(0.01902 -0.0025 0.16139)
(-0.00672169 -0.0025 0.051185)
(-0.0324442 -0.0025 0.0749386)
(-0.00671049 -0.0025 0.0571381)
(-0.00670563 -0.0025 0.0601169)
(-0.00928503 -0.0025 0.0616095)
(-0.00670109 -0.0025 0.0630969)
(-0.00928099 -0.0025 0.0645904)
(-0.00670103 -0.0025 0.0660702)
(-0.00927748 -0.0025 0.0675712)
(-0.00669447 -0.0025 0.0690594)
(-0.0092733 -0.0025 0.0705546)
(-0.00669228 -0.0025 0.0720501)
(-0.00926956 -0.0025 0.0735389)
(-0.006684 -0.0025 0.0750272)
(-0.00926467 -0.0025 0.076521)
(-0.00667891 -0.0025 0.0780095)
(-0.00926057 -0.0025 0.0795045)
(-0.00667454 -0.0025 0.0809929)
(-0.00925635 -0.0025 0.0824882)
(-0.00667029 -0.0025 0.0839768)
(-0.00925219 -0.0025 0.0854721)
(-0.0066661 -0.0025 0.0869608)
(-0.00924779 -0.0025 0.0884563)
(-0.0066619 -0.0025 0.0899448)
(-0.00924357 -0.0025 0.0914404)
(-0.00665775 -0.0025 0.0929288)
(-0.00923982 -0.0025 0.0944243)
(-0.0066537 -0.0025 0.0959127)
(-0.00923568 -0.0025 0.0974082)
(-0.00664961 -0.0025 0.0988965)
(-0.00923148 -0.0025 0.100392)
(-0.00664549 -0.0025 0.10188)
(-0.0092273 -0.0025 0.103376)
(-0.00664141 -0.0025 0.104864)
(-0.00922307 -0.0025 0.106359)
(-0.00663735 -0.0025 0.107847)
(-0.00921882 -0.0025 0.109342)
(-0.00663325 -0.0025 0.11083)
(-0.00921422 -0.0025 0.112325)
(-0.00662915 -0.0025 0.113813)
(-0.0092099 -0.0025 0.115308)
(-0.00662512 -0.0025 0.116796)
(-0.00920593 -0.0025 0.118291)
(-0.00662113 -0.0025 0.119779)
(-0.00920171 -0.0025 0.121273)
(-0.00661711 -0.0025 0.122761)
(-0.00919753 -0.0025 0.124255)
(-0.00661315 -0.0025 0.125743)
(-0.00919324 -0.0025 0.127237)
(-0.00660922 -0.0025 0.128724)
(-0.0091889 -0.0025 0.130218)
(-0.00660519 -0.0025 0.131705)
(-0.00918405 -0.0025 0.133199)
(-0.0066012 -0.0025 0.134686)
(-0.0091795 -0.0025 0.13618)
(-0.00659734 -0.0025 0.137666)
(-0.00917562 -0.0025 0.139159)
(-0.00659347 -0.0025 0.140646)
(-0.00917148 -0.0025 0.142139)
(-0.00658971 -0.0025 0.143624)
(-0.00916707 -0.0025 0.145117)
(-0.00658602 -0.0025 0.146603)
(-0.00916255 -0.0025 0.148095)
(-0.00658211 -0.0025 0.14958)
(-0.00916152 -0.0025 0.151072)
(-0.006579 -0.0025 0.152557)
(-0.00915766 -0.0025 0.154048)
(-0.00657539 -0.0025 0.155532)
(0.0164323 -0.0025 0.156936)
(0.0164243 -0.0025 0.153962)
(-0.0402959 -0.0025 0.0794196)
(-0.0323304 -0.0025 0.125673)
(-0.0323157 -0.0025 0.13164)
(-0.0350423 -0.0025 0.067493)
(-0.0324593 -0.0025 0.0689715)
(-0.032252 -0.0025 0.161457)
(-0.0222637 -0.0025 0.00964846)
(-0.0376369 -0.0025 0.00964109)
(-0.0373244 -0.0025 0.191188)
(0.0189907 -0.0025 0.191049)
(0.0215457 -0.0025 0.189574)
(0.0418215 -0.0025 0.0168209)
(-0.011687 -0.0025 0.19108)
(-0.00913147 -0.0025 0.192549)
(-0.0428905 -0.0025 0.0571482)
(-0.0427906 -0.0025 0.0424745)
(-0.0427714 -0.0025 0.0155633)
(0.0418162 -0.0025 0.0197652)
(-0.0248192 -0.0025 0.00817597)
(0.021546 -0.0025 0.186624)
(0.0138791 -0.0025 0.182196)
(0.0187331 -0.0025 0.018351)
(0.0241017 -0.0025 0.188099)
(0.024101 -0.0025 0.191049)
(0.0266567 -0.0025 0.189574)
(-0.0325405 -0.0025 0.0481995)
(0.021302 -0.0025 0.0198245)
(-0.0118541 -0.0025 0.0720496)
(-0.0117536 -0.0025 0.140653)
(-0.0270804 -0.0025 0.188195)
(-0.0270725 -0.0025 0.19115)
(-0.0296276 -0.0025 0.192635)
(-0.0245193 -0.0025 0.189667)
(-0.0117647 -0.0025 0.131713)
(-0.0118282 -0.0025 0.09293)
(-0.0117821 -0.0025 0.122768)
(-0.0118133 -0.0025 0.101887)
(0.0215993 -0.0025 0.162871)
(-0.00658175 -0.0025 0.191072)
(0.0241691 -0.0025 0.161378)
(-0.0273721 -0.0025 0.00965183)
(0.0161272 -0.0025 0.0169068)
(0.000756742 -0.0025 0.0110851)
(-0.011882 -0.0025 0.0452433)
(0.0366598 -0.0025 0.0109097)
(0.0391802 -0.0025 0.00934532)
(0.0418234 -0.0025 0.0108774)
(0.0417386 -0.0025 0.00784011)
(-0.0273609 -0.0025 0.0244518)
(0.0289887 -0.0025 0.0213022)
(0.00109608 -0.0025 0.171842)
(-0.00691734 -0.0025 0.0125755)
(-0.00436349 -0.0025 0.0110966)
(-0.00692212 -0.0025 0.00962713)
(-0.00436955 -0.0025 0.00814968)
(0.0267774 -0.0025 0.168814)
(0.00877002 -0.0025 0.191052)
(0.00110111 -0.0025 0.189585)
(-0.00146065 -0.0025 0.191063)
(-0.0144489 -0.0025 0.0556594)
(-0.0117544 -0.0025 0.149581)
(0.0293568 -0.0025 0.170297)
(-0.0142571 -0.0025 0.18961)
(0.0264279 -0.0025 0.0257666)
(-0.0196144 -0.0025 0.0407924)
(-0.0376528 -0.0025 0.0333757)
(-0.0401435 -0.0025 0.0348656)
(-0.0401251 -0.0025 0.0318863)
(-0.037718 -0.0025 0.0601448)
(-0.0118637 -0.0025 0.0660811)
(0.0241971 -0.0025 0.167331)
(0.000778537 -0.0025 0.0258437)
(-0.00176703 -0.0025 0.0273483)
(0.000787384 -0.0025 0.0288159)
(-0.00433815 -0.0025 0.0258621)
(-0.00432368 -0.0025 0.0288368)
(-0.00147265 -0.0025 0.164428)
(0.0113195 -0.0025 0.180721)
(-0.011793 -0.0025 0.116798)
(-0.0118427 -0.0025 0.0810001)
(-0.0118039 -0.0025 0.110835)
(-0.0399358 -0.0025 0.180821)
(-0.0425194 -0.0025 0.179344)
(-0.0118346 -0.0025 0.086968)
(0.00364781 -0.0025 0.179248)
(0.00620455 -0.0025 0.177767)
(0.0345121 -0.0025 0.17326)
(-0.00688892 -0.0025 0.0273468)
(0.0190319 -0.0025 0.164362)
(0.0164545 -0.0025 0.162883)
(-0.0299147 -0.0025 0.0437756)
(-0.0299607 -0.0025 0.0496849)
(-0.00401369 -0.0025 0.145114)
(-0.00400001 -0.0025 0.154042)
(-0.00412229 -0.0025 0.0645802)
(-0.00402737 -0.0025 0.136173)
(-0.0402045 -0.0025 0.0619018)
(-0.00403827 -0.0025 0.12723)
(-0.00413137 -0.0025 0.0586224)
(0.0366533 -0.0025 0.00794692)
(-0.0401988 -0.0025 0.0081611)
(-0.00406514 -0.0025 0.106352)
(-0.00403664 -0.0025 0.121266)
(-0.00410781 -0.0025 0.0735327)
(-0.00404415 -0.0025 0.115301)
(-0.00407713 -0.0025 0.0974011)
(-0.00409261 -0.0025 0.0794974)
(-0.00408404 -0.0025 0.0854652)
(-0.00407572 -0.0025 0.0914332)
(0.0138665 -0.0025 0.155466)
(-0.00399632 -0.0025 0.157016)
(-0.00657625 -0.0025 0.158507)
(0.0422279 -0.0025 0.171762)
(0.0422312 -0.0025 0.174737)
(0.0396637 -0.0025 0.176225)
(0.0422273 -0.0025 0.177702)
(0.0422315 -0.0025 0.168785)
(-0.032471 -0.0025 0.06599)
(-0.00413824 -0.0025 0.0556432)
(0.000746974 -0.0025 0.00813936)
(0.0138574 -0.0025 0.152481)
(0.0164183 -0.0025 0.150987)
(0.0138417 -0.0025 0.149499)
(0.016409 -0.0025 0.148009)
(0.013834 -0.0025 0.146538)
(0.0164017 -0.0025 0.145034)
(0.0138751 -0.0025 0.158445)
(0.0109584 -0.0025 0.00811417)
(0.0135147 -0.0025 0.00958113)
(-0.0298946 -0.0025 0.06751)
(0.0138183 -0.0025 0.143551)
(0.0163935 -0.0025 0.142055)
(0.0138144 -0.0025 0.140564)
(0.0163855 -0.0025 0.139076)
(0.0138127 -0.0025 0.137598)
(0.0163776 -0.0025 0.136096)
(-0.0298814 -0.0025 0.0704938)
(0.0138109 -0.0025 0.13461)
(0.0163727 -0.0025 0.133116)
(0.0137933 -0.0025 0.131623)
(0.0163617 -0.0025 0.130134)
(0.0137896 -0.0025 0.128656)
(0.0163537 -0.0025 0.127154)
(0.0137881 -0.0025 0.125666)
(0.0163471 -0.0025 0.124172)
(0.0137689 -0.0025 0.122677)
(0.0163376 -0.0025 0.12119)
(0.0137659 -0.0025 0.119711)
(0.0163295 -0.0025 0.118208)
(0.0137638 -0.0025 0.116733)
(0.0163214 -0.0025 0.115225)
(0.0137658 -0.0025 0.113756)
(0.0163133 -0.0025 0.112242)
(0.01376 -0.0025 0.110773)
(0.0163052 -0.0025 0.109259)
(0.0137529 -0.0025 0.107791)
(0.016297 -0.0025 0.106276)
(0.031516 -0.0025 0.00797862)
(0.0137456 -0.0025 0.104807)
(0.0162888 -0.0025 0.103292)
(0.0137383 -0.0025 0.101824)
(0.0162807 -0.0025 0.100309)
(0.0137309 -0.0025 0.0988402)
(0.0162725 -0.0025 0.0973251)
(0.0137236 -0.0025 0.0958565)
(0.0162643 -0.0025 0.0943413)
(0.0137074 -0.0025 0.0928516)
(0.0162594 -0.0025 0.0913565)
(0.0136817 -0.0025 0.0898573)
(0.0162478 -0.0025 0.0883734)
(0.0136796 -0.0025 0.0868927)
(0.0162411 -0.0025 0.0853901)
(0.0136823 -0.0025 0.0839099)
(0.016236 -0.0025 0.082405)
(0.0136562 -0.0025 0.0809207)
(0.0162252 -0.0025 0.0794201)
(0.0136347 -0.0025 0.0779366)
(0.0162144 -0.0025 0.0764363)
(0.0136265 -0.0025 0.0749528)
(0.0162056 -0.0025 0.0734526)
(0.0136508 -0.0025 0.0719528)
(0.0162032 -0.0025 0.0704675)
(0.013626 -0.0025 0.0689667)
(0.0161926 -0.0025 0.0674835)
(0.0136293 -0.0025 0.0659996)
(0.0161856 -0.0025 0.0645036)
(0.0136081 -0.0025 0.0630212)
(0.0161753 -0.0025 0.0615234)
(0.0135996 -0.0025 0.0600402)
(0.0161662 -0.0025 0.0585429)
(0.00840169 -0.0025 0.0066476)
(0.0135916 -0.0025 0.0570598)
(0.0161574 -0.0025 0.0555632)
(0.0135709 -0.0025 0.0540806)
(0.0161464 -0.0025 0.0525847)
(0.0135634 -0.0025 0.0511028)
(0.0161371 -0.0025 0.0496079)
(0.0135559 -0.0025 0.0481267)
(0.0161283 -0.0025 0.0466325)
(0.0135486 -0.0025 0.0451523)
(0.0161316 -0.0025 0.0436592)
(0.0135672 -0.0025 0.0421796)
(0.0161292 -0.0025 0.0406874)
(0.0135396 -0.0025 0.0392087)
(0.0161063 -0.0025 0.037717)
(0.0135271 -0.0025 0.0362395)
(0.0109699 -0.0025 0.037715)
(0.0109543 -0.0025 0.0347606)
(0.00839803 -0.0025 0.0362346)
(0.00838183 -0.0025 0.0332839)
(0.00582661 -0.0025 0.0347578)
(0.00581781 -0.0025 0.0318086)
(0.00330344 -0.0025 0.0332815)
(0.0289601 -0.0025 0.00651662)
(0.0264056 -0.0025 0.00800073)
(0.00618848 -0.0025 0.192476)
(0.0443931 -0.0025 0.0182817)
(-0.0423596 -0.0025 0.182167)
(-0.0142734 -0.0025 0.1925)
(-0.0168142 -0.0025 0.191091)
(-0.0426644 -0.0025 0.0394347)
(0.0421803 -0.0025 0.192509)
(0.0187312 -0.0025 0.0213159)
(0.0138806 -0.0025 0.179245)
(-0.0222073 -0.0025 0.0244718)
(-0.0196438 -0.0025 0.0229897)
(0.0187227 -0.0025 0.0451314)
(-0.0424148 -0.0025 0.170822)
(-0.0425424 -0.0025 0.168008)
(0.0266291 -0.0025 0.192477)
(0.0292063 -0.0025 0.191042)
(0.0447751 -0.0025 0.18509)
(-0.0270804 -0.0025 0.185231)
(-0.0068762 -0.0025 0.0303035)
(-0.0244657 -0.0025 0.192538)
(-0.0219533 -0.0025 0.191123)
(0.0242104 -0.0025 0.170306)
(0.018787 -0.0025 0.0719508)
(-0.0426914 -0.0025 0.0185328)
(-0.0401871 -0.0025 0.0200133)
(-0.0426755 -0.0025 0.0215044)
(-0.0401809 -0.0025 0.0229839)
(-0.0322358 -0.0025 0.170389)
(-0.0296618 -0.0025 0.168895)
(-0.0296686 -0.0025 0.165919)
(-0.0270948 -0.0025 0.167411)
(-0.0270872 -0.0025 0.17038)
(-0.0245171 -0.0025 0.168897)
(-0.0426705 -0.0025 0.024478)
(-0.0401924 -0.0025 0.025965)
(-0.0424966 -0.0025 0.027593)
(0.00364674 -0.0025 0.17629)
(0.0188409 -0.0025 0.0928324)
(0.018974 -0.0025 0.143537)
(-0.00690023 -0.0025 0.0243876)
(-0.00943177 -0.0025 0.0258821)
(0.018951 -0.0025 0.134598)
(-0.00672957 -0.0025 0.0482101)
(0.0189251 -0.0025 0.125651)
(-0.0144457 -0.0025 0.058637)
(0.0392456 -0.0025 0.0212521)
(0.0419355 -0.0025 0.0226062)
(0.00106219 -0.0025 0.192458)
(-0.0377026 -0.0025 0.063109)
(-0.0424685 -0.0025 0.188243)
(-0.0424595 -0.0025 0.191209)
(-0.00401507 -0.0025 0.15999)
(-0.0427701 -0.0025 0.0456443)
(-0.0402221 -0.0025 0.0467904)
(-0.0426004 -0.0025 0.048631)
(-0.0424839 -0.0025 0.0336914)
(-0.0041502 -0.0025 0.0496923)
(-0.0271156 -0.0025 0.164454)
(-0.0350697 -0.0025 0.0437771)
(0.0112831 -0.0025 0.148037)
(0.0112713 -0.0025 0.139085)
(0.0112514 -0.0025 0.130143)
(-0.0427072 -0.0025 0.0689961)
(-0.0427752 -0.0025 0.0719787)
(-0.0427028 -0.0025 0.0661113)
(0.011231 -0.0025 0.121196)
(0.0111572 -0.0025 0.0883723)
(0.0111153 -0.0025 0.0674733)
(-0.0426863 -0.0025 0.00963822)
(-0.00145585 -0.0025 0.193969)
(-0.045174 -0.0025 0.0414263)
(-0.0219608 -0.0025 0.193978)
(0.00323794 -0.0025 0.00676713)
(-0.0377053 -0.0025 0.00680004)
(-0.0350863 -0.0025 0.00818283)
(-0.0272983 -0.0025 0.00683276)
(-0.0299246 -0.0025 0.00819444)
(-0.0427818 -0.0025 0.00689573)
(-0.0223477 -0.0025 0.00683924)
(-0.0197208 -0.0025 0.00819513)
(0.0135885 -0.0025 0.00677722)
(0.0160718 -0.0025 0.00811971)
(-0.00684827 -0.0025 0.00681638)
(-0.00946158 -0.0025 0.00818053)
(-0.0453785 -0.0025 0.0704917)
(-0.0170393 -0.0025 0.193728)
(-0.00634928 -0.0025 0.19451)
(-0.008996 -0.0025 0.195254)
(0.0160917 -0.0025 0.00548863)
(0.0185785 -0.0025 0.00678238)
(0.023897 -0.0025 0.194437)
(0.00877697 -0.0025 0.193801)
(-0.00437972 -0.0025 0.00520473)
(-0.0199592 -0.0025 0.00512606)
(-0.0172502 -0.0025 0.00679255)
(0.0292426 -0.0025 0.193804)
(0.0317687 -0.0025 0.192491)
(0.0321233 -0.0025 0.195384)
(0.0346154 -0.0025 0.193728)
(-0.00917408 -0.0025 0.00495913)
(-0.0119731 -0.0025 0.00665106)
(-0.0119124 -0.0025 0.00361252)
(-0.0450928 -0.0025 0.180839)
(-0.0450731 -0.0025 0.178231)
(0.044439 -0.0025 0.00930421)
(-0.0296638 -0.0025 0.00495666)
(0.0444082 -0.0025 0.0153141)
(0.000429585 -0.0025 0.00505024)
(0.0314272 -0.0025 0.00493264)
(0.029098 -0.0025 0.00349804)
(0.0444208 -0.0025 0.00642791)
(-0.045305 -0.0025 0.0736737)
(-0.0427834 -0.0025 0.0749628)
(0.0417728 -0.0025 0.00496602)
(-0.0352868 -0.0025 0.00491596)
(0.0471214 -0.0025 0.0166128)
(0.034318 -0.0025 0.19105)
(-0.0450763 -0.0025 0.0232387)
(0.0292124 -0.0025 0.188099)
(-0.0451896 -0.0025 0.0172866)
(-0.0452123 -0.0025 0.0144024)
(0.0241163 -0.0025 0.185143)
(0.0215519 -0.0025 0.183677)
(0.00838322 -0.0025 0.0303168)
(-0.0451946 -0.0025 0.00839125)
(0.0164395 -0.0025 0.180718)
(-0.00429496 -0.0025 0.0318075)
(0.0135408 -0.0025 0.0332587)
(0.00590089 -0.0025 0.0377367)
(0.016075 -0.0025 0.0110305)
(0.00580057 -0.0025 0.0288492)
(-0.0222214 -0.0025 0.0214988)
(0.0212966 -0.0025 0.0228)
(0.0238632 -0.0025 0.021302)
(-0.0196547 -0.0025 0.02002)
(0.0187197 -0.0025 0.0510883)
(-0.0194561 -0.0025 0.192487)
(-0.0194174 -0.0025 0.189625)
(-0.0147539 -0.0025 0.00489265)
(-0.0146165 -0.0025 0.00811954)
(0.0187414 -0.0025 0.0570433)
(0.0472093 -0.0025 0.0106385)
(0.0187148 -0.0025 0.0391854)
(0.0186923 -0.0025 0.0361999)
(-0.0325197 -0.0025 0.0066626)
(-0.0324291 -0.0025 0.00350862)
(0.0370973 -0.0025 0.192456)
(0.0396421 -0.0025 0.191067)
(0.0396999 -0.0025 0.194041)
(-0.024774 -0.0025 0.0259535)
(-0.0247703 -0.0025 0.0289201)
(0.0447484 -0.0025 0.17019)
(0.0187586 -0.0025 0.063007)
(-0.00402868 -0.0025 0.192542)
(0.0216145 -0.0025 0.165846)
(0.0190577 -0.0025 0.167346)
(0.0241409 -0.0025 0.182191)
(-0.00194608 -0.0025 0.00678524)
(-0.00402247 -0.0025 0.189593)
(0.0164664 -0.0025 0.17776)
(-0.035084 -0.0025 0.0645397)
(-0.0245135 -0.0025 0.171863)
(-0.021936 -0.0025 0.17037)
(-0.0219399 -0.0025 0.173342)
(-0.0193673 -0.0025 0.171853)
(-0.0193829 -0.0025 0.168901)
(-0.0193687 -0.0025 0.17482)
(-0.0167906 -0.0025 0.173326)
(-0.0167988 -0.0025 0.176296)
(-0.0142351 -0.0025 0.174819)
(-0.0142494 -0.0025 0.177789)
(0.0267568 -0.0025 0.162864)
(0.0113314 -0.0025 0.177766)
(-0.0170269 -0.0025 0.0571508)
(-0.017033 -0.0025 0.054164)
(-0.0299342 -0.0025 0.0111293)
(0.0445915 -0.0025 0.194497)
(0.0340648 -0.0025 0.00649458)
(0.0365691 -0.0025 0.00456006)
(0.0390915 -0.0025 0.00613292)
(0.00620315 -0.0025 0.174808)
(-0.0325058 -0.0025 0.00964905)
(-0.00180655 -0.0025 0.0125655)
(0.0188031 -0.0025 0.0779194)
(0.0344709 -0.0025 0.18809)
(-0.00416781 -0.0025 0.0467123)
(0.0188194 -0.0025 0.0838807)
(-0.0474265 -0.0025 0.192517)
(-0.0444845 -0.0025 0.193717)
(-0.0450631 -0.0025 0.197199)
(-0.0422262 -0.0025 0.195591)
(0.0447945 -0.0025 0.176194)
(0.00364816 -0.0025 0.191035)
(0.0034536 -0.0025 0.193687)
(0.0113212 -0.0025 0.192525)
(0.011614 -0.0025 0.195392)
(0.0319355 -0.0025 0.171779)
(0.0319349 -0.0025 0.174748)
(0.0293593 -0.0025 0.173267)
(-0.0350725 -0.0025 0.0111263)
(-0.0347662 -0.0025 0.189698)
(-0.0347945 -0.0025 0.192588)
(-0.0372069 -0.0025 0.194028)
(-0.0322029 -0.0025 0.19117)
(-0.0323117 -0.0025 0.194606)
(-0.0295896 -0.0025 0.19539)
(-0.0273546 -0.0025 0.0274241)
(0.0289939 -0.0025 0.024273)
(0.0188553 -0.0025 0.0988043)
(-0.00402281 -0.0025 0.186642)
(-0.0065839 -0.0025 0.18517)
(-0.0473567 -0.0025 0.186557)
(-0.044779 -0.0025 0.18541)
(-0.0247862 -0.0025 0.0229808)
(-0.0398431 -0.0025 0.192611)
(0.0340969 -0.0025 0.0124015)
(0.0264046 -0.0025 0.0109478)
(0.0238474 -0.0025 0.00947564)
(0.0237831 -0.0025 0.00664503)
(0.0212307 -0.0025 0.00807334)
(0.0209284 -0.0025 0.00500158)
(0.0212508 -0.0025 0.0109805)
(0.0293211 -0.0025 0.185129)
(-0.0171253 -0.0025 0.00964323)
(0.00584396 -0.0025 0.00814524)
(0.0056814 -0.0025 0.00487622)
(0.00852331 -0.0025 0.00353301)
(0.0113019 -0.0025 0.0049101)
(0.016481 -0.0025 0.192447)
(0.0190169 -0.0025 0.193922)
(0.0141173 -0.0025 0.193727)
(0.0215424 -0.0025 0.192525)
(-0.0145078 -0.0025 0.028905)
(-0.0145139 -0.0025 0.0259347)
(-0.0170758 -0.0025 0.0244673)
(-0.0145374 -0.0025 0.0229522)
(0.0319269 -0.0025 0.168805)
(0.0188706 -0.0025 0.104772)
(0.0473535 -0.0025 0.025372)
(0.0447875 -0.0025 0.0268913)
(0.0447715 -0.0025 0.0298488)
(0.0422093 -0.0025 0.0283858)
(0.0421907 -0.0025 0.0313375)
(0.0395454 -0.0025 0.0298799)
(0.0395961 -0.0025 0.0328256)
(0.0421831 -0.0025 0.0343122)
(0.0396009 -0.0025 0.035798)
(0.0421819 -0.0025 0.0372936)
(0.0395991 -0.0025 0.0387751)
(0.0370213 -0.0025 0.0372824)
(0.0370177 -0.0025 0.0402607)
(0.0395949 -0.0025 0.0417539)
(0.0370131 -0.0025 0.0432396)
(0.0395913 -0.0025 0.0447331)
(0.0370092 -0.0025 0.0462194)
(0.0395873 -0.0025 0.047713)
(0.0370278 -0.0025 0.0491997)
(0.0395873 -0.0025 0.0506936)
(0.0370279 -0.0025 0.0521805)
(0.039585 -0.0025 0.0536747)
(0.0370015 -0.0025 0.0551618)
(0.0395777 -0.0025 0.0566563)
(0.036993 -0.0025 0.0581436)
(0.0395727 -0.0025 0.0596385)
(0.0369877 -0.0025 0.061126)
(0.0395684 -0.0025 0.0626211)
(0.0369829 -0.0025 0.0641089)
(0.0395706 -0.0025 0.0656148)
(0.0369796 -0.0025 0.0670939)
(0.0395647 -0.0025 0.0686056)
(0.0369753 -0.0025 0.0700791)
(0.0395563 -0.0025 0.0715713)
(0.0369703 -0.0025 0.0730602)
(0.0395523 -0.0025 0.0745554)
(0.0369659 -0.0025 0.0760439)
(0.0395482 -0.0025 0.0775395)
(0.0369616 -0.0025 0.0790281)
(0.0395601 -0.0025 0.0805239)
(0.0369601 -0.0025 0.0820125)
(0.0395591 -0.0025 0.0835083)
(0.0369568 -0.0025 0.084997)
(0.0395396 -0.0025 0.0864928)
(0.036949 -0.0025 0.0879815)
(0.0395323 -0.0025 0.0894774)
(0.0369449 -0.0025 0.0909661)
(0.0395329 -0.0025 0.0924621)
(0.0369415 -0.0025 0.0939507)
(0.0395297 -0.0025 0.0954467)
(0.0369376 -0.0025 0.0969354)
(0.0395191 -0.0025 0.0984314)
(0.0369324 -0.0025 0.09992)
(0.0395162 -0.0025 0.101419)
(0.0369283 -0.0025 0.102905)
(0.0395073 -0.0025 0.104401)
(0.0369234 -0.0025 0.105889)
(0.0395133 -0.0025 0.107385)
(0.0369208 -0.0025 0.108874)
(0.039511 -0.0025 0.11037)
(0.0369172 -0.0025 0.111858)
(0.0395136 -0.0025 0.113354)
(0.0369142 -0.0025 0.114843)
(0.0395107 -0.0025 0.116339)
(0.0369104 -0.0025 0.117828)
(0.0395114 -0.0025 0.119336)
(0.0369072 -0.0025 0.120814)
(0.0395046 -0.0025 0.122329)
(0.0369029 -0.0025 0.1238)
(0.0394816 -0.0025 0.125302)
(0.0368956 -0.0025 0.126783)
(0.0394978 -0.0025 0.128291)
(0.0368944 -0.0025 0.129767)
(0.0394938 -0.0025 0.131283)
(0.0368908 -0.0025 0.132753)
(0.0394693 -0.0025 0.134255)
(0.0368832 -0.0025 0.135735)
(0.0394645 -0.0025 0.137228)
(0.0368787 -0.0025 0.138716)
(0.0394696 -0.0025 0.140221)
(0.0368764 -0.0025 0.141701)
(0.0394559 -0.0025 0.143195)
(0.0368713 -0.0025 0.144683)
(0.0394518 -0.0025 0.146177)
(0.0344359 -0.0025 0.0417455)
(0.034402 -0.0025 0.0626132)
(0.0343454 -0.0025 0.101409)
(0.0420351 -0.0025 0.144692)
(0.0420489 -0.0025 0.147672)
(0.0421025 -0.0025 0.13578)
(0.0343176 -0.0025 0.122301)
(0.0421238 -0.0025 0.126836)
(0.0343051 -0.0025 0.131253)
(0.0420976 -0.0025 0.105884)
(0.0342936 -0.0025 0.140205)
(0.0421468 -0.0025 0.0730858)
(0.042174 -0.0025 0.0462347)
(0.0421425 -0.0025 0.117869)
(0.0421103 -0.0025 0.11187)
(0.0421323 -0.0025 0.0969611)
(0.0421249 -0.0025 0.0909816)
(0.0421623 -0.0025 0.0850265)
(0.0421734 -0.0025 0.0790572)
(0.0421684 -0.0025 0.0641481)
(0.0421671 -0.0025 0.0521929)
(0.0421596 -0.0025 0.0581553)
(0.0344441 -0.0025 0.04782)
(0.0394504 -0.0025 0.149159)
(0.0420478 -0.0025 0.150654)
(0.0344101 -0.0025 0.0538257)
(0.0343973 -0.0025 0.0685811)
(0.0343903 -0.0025 0.0745482)
(0.034384 -0.0025 0.0805166)
(0.0343775 -0.0025 0.0864856)
(0.0343706 -0.0025 0.0924548)
(0.0343544 -0.0025 0.107378)
(0.0343486 -0.0025 0.113347)
(0.0394431 -0.0025 0.152141)
(0.0420553 -0.0025 0.153636)
(0.044665 -0.0025 0.152176)
(0.0446368 -0.0025 0.155155)
(0.0420365 -0.0025 0.156618)
(0.0446028 -0.0025 0.158123)
(0.0420474 -0.0025 0.159601)
(0.044593 -0.0025 0.161093)
(0.0420457 -0.0025 0.16258)
(0.0395431 -0.0025 0.16118)
(0.0445972 -0.0025 0.164095)
(0.0420581 -0.0025 0.165602)
(0.0446271 -0.0025 0.146186)
(0.0446222 -0.0025 0.143218)
(0.0394285 -0.0025 0.027012)
(0.0472529 -0.0025 0.159658)
(0.0369283 -0.0025 0.031433)
(0.0472682 -0.0025 0.144739)
(0.04723 -0.0025 0.165639)
(0.0473527 -0.0025 0.0313405)
(0.0473127 -0.0025 0.150715)
(0.0446724 -0.0025 0.0239844)
(-0.0474152 -0.0025 0.0281586)
(-0.0449647 -0.0025 0.0293803)
(-0.0273499 -0.0025 0.0303996)
(-0.0117649 -0.0025 0.194509)
(-0.00168225 -0.0025 0.0363063)
(-0.00170318 -0.0025 0.0333262)
(0.00366408 -0.0025 0.170355)
(0.0369004 -0.0025 0.150702)
(-0.0405517 -0.0025 0.00510591)
(-0.0268367 -0.0025 0.194533)
(-0.0474785 -0.0025 0.0343142)
(-0.0450166 -0.0025 0.0354526)
(-0.0248516 -0.0025 0.00556291)
(-0.00947012 -0.0025 0.014055)
(0.0267847 -0.0025 0.171786)
(0.0242167 -0.0025 0.173276)
(0.0188861 -0.0025 0.110739)
(-0.0474282 -0.0025 0.17163)
(-0.0448513 -0.0025 0.172807)
(-0.0197015 -0.0025 0.0111251)
(-0.0348073 -0.0025 0.171883)
(0.0473522 -0.0025 0.0373103)
(0.0447687 -0.0025 0.0388027)
(0.0447678 -0.0025 0.0417853)
(0.0473525 -0.0025 0.0432806)
(0.0473514 -0.0025 0.0462661)
(0.0447676 -0.0025 0.0477613)
(0.000763223 -0.0025 0.0169853)
(-0.00146911 -0.0025 0.173325)
(0.0473557 -0.0025 0.183586)
(0.0447762 -0.0025 0.182114)
(-0.0474214 -0.0025 0.165672)
(-0.0449089 -0.0025 0.164077)
(-0.0448622 -0.0025 0.161178)
(-0.0423506 -0.0025 0.162311)
(-0.0473682 -0.0025 0.159699)
(-0.0448574 -0.0025 0.158206)
(-0.0447839 -0.0025 0.155224)
(-0.0421846 -0.0025 0.156715)
(-0.0423318 -0.0025 0.153327)
(-0.0448683 -0.0025 0.152172)
(0.00365416 -0.0025 0.188104)
(0.00879364 -0.0025 0.173314)
(-0.0299815 -0.0025 0.0526583)
(-0.0273939 -0.0025 0.0511658)
(-0.0248236 -0.0025 0.0526486)
(-0.0248019 -0.0025 0.0496774)
(-0.0222062 -0.0025 0.0511714)
(-0.0222214 -0.0025 0.0541434)
(0.00094635 -0.0025 0.0645681)
(0.000957815 -0.0025 0.0675519)
(-0.00158482 -0.0025 0.0690494)
(0.0370889 -0.0025 0.174743)
(0.0370934 -0.0025 0.177716)
(0.0109797 -0.0025 0.0317778)
(-0.00183033 -0.0025 0.00963692)
(-0.0474401 -0.0025 0.0492534)
(-0.0449583 -0.0025 0.0504594)
(-0.0447676 -0.0025 0.0537289)
(-0.0474493 -0.0025 0.0552229)
(0.0164443 -0.0025 0.159913)
(0.0138798 -0.0025 0.161415)
(0.0139019 -0.0025 0.164388)
(0.0113274 -0.0025 0.162918)
(-0.0348038 -0.0025 0.17486)
(-0.00930866 -0.0025 0.0467266)
(-0.00932341 -0.0025 0.0437462)
(-0.0118992 -0.0025 0.0422637)
(-0.0144638 -0.0025 0.043758)
(-0.0170404 -0.0025 0.0422751)
(-0.0170495 -0.0025 0.0393001)
(0.000753578 -0.0025 0.0140351)
(0.0215683 -0.0025 0.150969)
(0.0161184 -0.0025 0.034724)
(0.0110386 -0.0025 0.0407052)
(-0.00916443 -0.0025 0.171853)
(-0.0196223 -0.0025 0.0378191)
(0.0189017 -0.0025 0.116705)
(-0.0474654 -0.0025 0.0582087)
(-0.045098 -0.0025 0.0595246)
(-0.0450276 -0.0025 0.0624647)
(-0.0296546 -0.0025 0.171869)
(0.04468 -0.0025 0.149183)
(-0.0117202 -0.0025 0.170378)
(0.0293573 -0.0025 0.176236)
(0.0267378 -0.0025 0.15691)
(0.0293206 -0.0025 0.158393)
(0.0267469 -0.0025 0.159888)
(0.0241843 -0.0025 0.164355)
(-0.00146697 -0.0025 0.179251)
(0.0113246 -0.0025 0.189576)
(0.0473532 -0.0025 0.0522377)
(0.0447684 -0.0025 0.0537313)
(0.00094339 -0.0025 0.0586039)
(-0.0168555 -0.0025 0.188145)
(0.036874 -0.0025 0.147674)
(0.0343159 -0.0025 0.146172)
(0.0343233 -0.0025 0.143188)
(0.0317536 -0.0025 0.141783)
(0.0317424 -0.0025 0.138833)
(0.034328 -0.0025 0.137242)
(0.0343327 -0.0025 0.134242)
(0.031756 -0.0025 0.132834)
(0.0317442 -0.0025 0.129883)
(-0.0475953 -0.0025 0.0432228)
(-0.00915918 -0.0025 0.157021)
(-0.0117376 -0.0025 0.155536)
(-0.00917499 -0.0025 0.15999)
(-0.0142649 -0.0025 0.18666)
(0.0370235 -0.0025 0.0343528)
(0.0344617 -0.0025 0.0358273)
(0.0344436 -0.0025 0.0387739)
(0.0318778 -0.0025 0.0402832)
(0.0318487 -0.0025 0.0432666)
(0.0292544 -0.0025 0.0418559)
(0.0318206 -0.0025 0.0462259)
(0.0292624 -0.0025 0.0480364)
(0.0317751 -0.0025 0.0494547)
(0.0317924 -0.0025 0.0524284)
(0.0344286 -0.0025 0.0447528)
(0.0318519 -0.0025 0.0373742)
(0.0317544 -0.0025 0.0345056)
(-0.0222342 -0.0025 0.0571173)
(-0.0196228 -0.0025 0.0556433)
(0.047353 -0.0025 0.0582082)
(0.044768 -0.0025 0.0597015)
(-0.00401427 -0.0025 0.148089)
(-0.0014624 -0.0025 0.146603)
(-0.0248156 -0.0025 0.0556314)
(-0.00400659 -0.0025 0.151065)
(-0.022194 -0.0025 0.0393089)
(-0.00946964 -0.0025 0.0111089)
(-0.0091457 -0.0025 0.177785)
(0.000938392 -0.0025 0.0526497)
(0.0343365 -0.0025 0.128291)
(0.0343417 -0.0025 0.12529)
(0.0317591 -0.0025 0.123883)
(0.0317463 -0.0025 0.120932)
(-0.00402086 -0.0025 0.139145)
(-0.00147311 -0.0025 0.137643)
(-0.0270814 -0.0025 0.182264)
(0.0343152 -0.0025 0.149193)
(0.0317431 -0.0025 0.147771)
(0.0317857 -0.0025 0.150836)
(-0.0170542 -0.0025 0.0660531)
(-0.0144573 -0.0025 0.0645739)
(-0.0144666 -0.0025 0.0675435)
(-0.0144616 -0.0025 0.0705256)
(-0.0118639 -0.0025 0.0630957)
(0.0238636 -0.0025 0.0272582)
(0.0473526 -0.0025 0.0641787)
(0.0447653 -0.0025 0.0656658)
(0.0447572 -0.0025 0.0686494)
(0.0473503 -0.0025 0.0701476)
(0.0447578 -0.0025 0.0716332)
(0.0473503 -0.0025 0.0731327)
(0.0447558 -0.0025 0.074612)
(0.0447626 -0.0025 0.0775901)
(-0.0322566 -0.0025 0.158477)
(-0.0296901 -0.0025 0.15699)
(-0.029696 -0.0025 0.154015)
(-0.0271485 -0.0025 0.155534)
(-0.0296933 -0.0025 0.159982)
(0.0343448 -0.0025 0.119338)
(0.0343539 -0.0025 0.116335)
(0.0317847 -0.0025 0.11493)
(-0.00402276 -0.0025 0.142128)
(-0.0322689 -0.0025 0.15252)
(-0.0297099 -0.0025 0.151045)
(-0.0322748 -0.0025 0.14954)
(-0.0297069 -0.0025 0.14805)
(-0.0297135 -0.0025 0.145072)
(-0.0271647 -0.0025 0.146597)
(-0.0322874 -0.0025 0.143575)
(-0.0297336 -0.0025 0.142091)
(-0.0322956 -0.0025 0.140592)
(-0.0297347 -0.0025 0.139096)
(-0.0297335 -0.0025 0.136123)
(-0.0271899 -0.0025 0.137641)
(-0.0323067 -0.0025 0.134626)
(-0.0297458 -0.0025 0.133154)
(-0.0297534 -0.0025 0.130173)
(0.018723 -0.0025 0.0243021)
(0.0161656 -0.0025 0.022805)
(0.000945941 -0.0025 0.0466971)
(-0.0170382 -0.0025 0.0750026)
(-0.014452 -0.0025 0.0764906)
(-0.0144471 -0.0025 0.0794745)
(-0.0322464 -0.0025 0.164436)
(0.00868859 -0.0025 0.0600872)
(-0.0323201 -0.0025 0.128662)
(-0.0297595 -0.0025 0.127192)
(-0.0297661 -0.0025 0.124208)
(-0.00403145 -0.0025 0.130204)
(-0.00148382 -0.0025 0.1287)
(0.0187784 -0.0025 0.0689687)
(-0.0323332 -0.0025 0.122695)
(-0.0297795 -0.0025 0.121212)
(-0.00403761 -0.0025 0.133183)
(0.0421584 -0.0025 0.0671331)
(-0.0273653 -0.0025 0.0214885)
(-0.0323405 -0.0025 0.119709)
(-0.0297798 -0.0025 0.118212)
(-0.0297858 -0.0025 0.115225)
(-0.0272407 -0.0025 0.116745)
(-0.00403782 -0.0025 0.124248)
(-0.037708 -0.0025 0.0511802)
(0.0086154 -0.0025 0.0481648)
(-0.0324337 -0.0025 0.077923)
(-0.0298603 -0.0025 0.0794135)
(-0.0298585 -0.0025 0.0823945)
(-0.02731 -0.0025 0.0809353)
(-0.0298725 -0.0025 0.0764452)
(-0.0298761 -0.0025 0.0734809)
(-0.0323568 -0.0025 0.113738)
(-0.0297841 -0.0025 0.11224)
(-0.0323615 -0.0025 0.110753)
(-0.0297971 -0.0025 0.109255)
(-0.0298051 -0.0025 0.106271)
(-0.0272584 -0.0025 0.107792)
(-0.0170437 -0.0025 0.0720192)
(-0.00404013 -0.0025 0.118284)
(-0.011749 -0.0025 0.143632)
(-0.0143372 -0.0025 0.142144)
(-0.0143379 -0.0025 0.139162)
(-0.0143312 -0.0025 0.145123)
(-0.0169284 -0.0025 0.140646)
(-0.0143392 -0.0025 0.136178)
(-0.0169297 -0.0025 0.134682)
(0.0343587 -0.0025 0.110363)
(0.0317844 -0.0025 0.108961)
(0.0212815 -0.0025 0.0376765)
(0.0212822 -0.0025 0.0346946)
(0.0187356 -0.0025 0.0421577)
(0.00867472 -0.0025 0.0541275)
(0.0344272 -0.0025 0.0566875)
(0.0344109 -0.0025 0.0596372)
(0.0318217 -0.0025 0.0611177)
(0.0318164 -0.0025 0.0641)
(0.0344026 -0.0025 0.065597)
(-0.004058 -0.0025 0.109327)
(-0.00151031 -0.0025 0.107823)
(-0.00406289 -0.0025 0.112309)
(0.0343613 -0.0025 0.104394)
(0.031766 -0.0025 0.102992)
(0.0317629 -0.0025 0.099913)
(0.0187508 -0.0025 0.0600234)
(0.0343856 -0.0025 0.0835011)
(0.0317883 -0.0025 0.082005)
(0.0343968 -0.0025 0.0715649)
(0.0318067 -0.0025 0.0700682)
(0.0343786 -0.0025 0.0894702)
(0.0317841 -0.0025 0.0880696)
(0.0343905 -0.0025 0.0775323)
(0.0317973 -0.0025 0.0760362)
(-0.0324151 -0.0025 0.0868768)
(-0.0298421 -0.0025 0.0883632)
(-0.0298381 -0.0025 0.0913478)
(-0.0272944 -0.0025 0.0898844)
(-0.0298478 -0.0025 0.0853786)
(-0.00406988 -0.0025 0.100377)
(-0.00152208 -0.0025 0.0988718)
(-0.00407636 -0.0025 0.103359)
(0.0343706 -0.0025 0.0954394)
(0.0317837 -0.0025 0.0940385)
(0.034367 -0.0025 0.0984241)
(-0.0170191 -0.0025 0.0869396)
(-0.0144372 -0.0025 0.0854434)
(-0.0323772 -0.0025 0.104784)
(-0.0298042 -0.0025 0.103287)
(-0.0323812 -0.0025 0.1018)
(-0.0298171 -0.0025 0.100302)
(-0.0298251 -0.0025 0.0973172)
(-0.0272766 -0.0025 0.0988383)
(-0.0117775 -0.0025 0.12575)
(-0.0143624 -0.0025 0.124263)
(-0.0143668 -0.0025 0.121281)
(-0.0169185 -0.0025 0.155522)
(-0.0143438 -0.0025 0.15403)
(-0.0143382 -0.0025 0.157011)
(-0.0143433 -0.0025 0.151063)
(-0.0117518 -0.0025 0.152559)
(-0.016927 -0.0025 0.149573)
(-0.00407704 -0.0025 0.0944173)
(-0.0324043 -0.0025 0.092846)
(-0.0298328 -0.0025 0.0943324)
(-0.0473694 -0.0025 0.150735)
(-0.0448602 -0.0025 0.149241)
(-0.044783 -0.0025 0.146267)
(-0.0421234 -0.0025 0.147793)
(-0.0423273 -0.0025 0.14438)
(-0.0448686 -0.0025 0.143217)
(-0.0323975 -0.0025 0.0958308)
(-0.014456 -0.0025 0.0735091)
(-0.00407985 -0.0025 0.0884492)
(0.0214196 -0.0025 0.0913225)
(-0.0118085 -0.0025 0.104871)
(-0.0143981 -0.0025 0.10338)
(-0.0144005 -0.0025 0.100395)
(-0.0117536 -0.0025 0.146606)
(-0.0474515 -0.0025 0.0640454)
(-0.0324236 -0.0025 0.0838921)
(-0.0248017 -0.0025 0.0675565)
(-0.0170068 -0.0025 0.0929147)
(-0.0144222 -0.0025 0.0914249)
(-0.0170284 -0.0025 0.0809713)
(0.000963912 -0.0025 0.0794894)
(-0.011822 -0.0025 0.0959199)
(-0.0144105 -0.0025 0.0944261)
(-0.0169697 -0.0025 0.116784)
(-0.0143852 -0.0025 0.115302)
(0.000961411 -0.0025 0.0735216)
(-0.0299387 -0.0025 0.0140829)
(-0.0169139 -0.0025 0.158498)
(0.000971618 -0.0025 0.0854575)
(-0.0117722 -0.0025 0.128732)
(-0.0143523 -0.0025 0.130226)
(-0.0118047 -0.0025 0.107854)
(-0.0143949 -0.0025 0.109338)
(0.00871849 -0.0025 0.0809714)
(0.047344 -0.0025 0.117904)
(0.0447514 -0.0025 0.119391)
(0.044742 -0.0025 0.122379)
(0.0421164 -0.0025 0.120857)
(0.0447548 -0.0025 0.116388)
(0.0447421 -0.0025 0.113393)
(0.042129 -0.0025 0.114869)
(0.0447081 -0.0025 0.110391)
(0.0473481 -0.0025 0.123879)
(0.04473 -0.0025 0.12536)
(0.0473454 -0.0025 0.126863)
(0.0447671 -0.0025 0.128358)
(0.0447424 -0.0025 0.131336)
(0.0421634 -0.0025 0.129842)
(0.0473481 -0.0025 0.132834)
(0.0447242 -0.0025 0.134313)
(0.0473444 -0.0025 0.135818)
(0.0447671 -0.0025 0.137313)
(0.0421135 -0.0025 0.138762)
(0.0421064 -0.0025 0.108876)
(0.044692 -0.0025 0.107375)
(0.0446896 -0.0025 0.104381)
(0.047328 -0.0025 0.105919)
(-0.0473839 -0.0025 0.0790725)
(-0.0448604 -0.0025 0.0805917)
(-0.0448694 -0.0025 0.0835812)
(-0.0421843 -0.0025 0.0822068)
(-0.0446902 -0.0025 0.0771939)
(-0.0473694 -0.0025 0.0850744)
(-0.0448738 -0.0025 0.0865669)
(-0.0473729 -0.0025 0.0880596)
(-0.0447884 -0.0025 0.0895521)
(-0.0448554 -0.0025 0.0925371)
(-0.0421348 -0.0025 0.0910757)
(-0.0473669 -0.0025 0.0940297)
(-0.0448689 -0.0025 0.0955222)
(-0.0423909 -0.0025 0.0876524)
(-0.0473716 -0.0025 0.0970148)
(-0.0447871 -0.0025 0.0985074)
(-0.0448532 -0.0025 0.101492)
(-0.0421134 -0.0025 0.100043)
(-0.0423812 -0.0025 0.0966093)
(-0.0473664 -0.0025 0.102985)
(-0.0448664 -0.0025 0.104477)
(-0.047371 -0.0025 0.10597)
(-0.0447865 -0.0025 0.107463)
(-0.0448512 -0.0025 0.110448)
(-0.0421111 -0.0025 0.108998)
(-0.0423752 -0.0025 0.105564)
(-0.047366 -0.0025 0.11194)
(-0.044864 -0.0025 0.113433)
(-0.0473705 -0.0025 0.114925)
(-0.044786 -0.0025 0.116418)
(-0.0448491 -0.0025 0.119403)
(-0.0421087 -0.0025 0.117953)
(-0.0423693 -0.0025 0.114519)
(-0.0473658 -0.0025 0.120895)
(-0.0448621 -0.0025 0.122388)
(-0.0448606 -0.0025 0.125373)
(-0.042135 -0.0025 0.123977)
(-0.0473677 -0.0025 0.126866)
(-0.0448631 -0.0025 0.128358)
(-0.0448595 -0.0025 0.131343)
(-0.0421304 -0.0025 0.129946)
(-0.0473674 -0.0025 0.132836)
(-0.0448613 -0.0025 0.134328)
(-0.0473702 -0.0025 0.135821)
(-0.0447854 -0.0025 0.137313)
(-0.0423691 -0.0025 0.135404)
(-0.0421812 -0.0025 0.138804)
(-0.0448615 -0.0025 0.140287)
(-0.0473849 -0.0025 0.141778)
(0.0473523 -0.0025 0.0910448)
(0.0447672 -0.0025 0.0925373)
(0.0447633 -0.0025 0.0955169)
(0.0447672 -0.0025 0.0895522)
(0.0447533 -0.0025 0.0865473)
(0.0473511 -0.0025 0.0850713)
(0.0447759 -0.0025 0.0835585)
(0.0421872 -0.0025 0.0820379)
(0.0473524 -0.0025 0.0970128)
(0.0447556 -0.0025 0.098478)
(0.0421327 -0.0025 0.0999402)
(0.0289841 -0.0025 0.0183375)
(0.00867388 -0.0025 0.0749903)
(-0.0247852 -0.0025 0.0735229)
(0.0214994 -0.0025 0.124147)
(-0.00408827 -0.0025 0.0824813)
(0.0293309 -0.0025 0.161373)
(0.0241649 -0.0025 0.158404)
(0.0421418 -0.0025 0.0939768)
(-0.0473773 -0.0025 0.144763)
(0.0187318 -0.0025 0.0540632)
(0.021339 -0.0025 0.0585042)
(0.000979572 -0.0025 0.0914254)
(-0.0245153 -0.0025 0.186703)
(0.0213222 -0.0025 0.0465911)
(-0.0324555 -0.0025 0.0719675)
(0.011004 -0.0025 0.0199109)
(0.0135655 -0.0025 0.0184085)
(0.0084386 -0.0025 0.0184434)
(0.0087125 -0.0025 0.0958895)
(-0.0118175 -0.0025 0.0989037)
(-0.00409703 -0.0025 0.0765138)
(0.0421184 -0.0025 0.0879887)
(0.00102848 -0.0025 0.121255)
(0.00102367 -0.0025 0.115291)
(0.00874474 -0.0025 0.101858)
(0.00875193 -0.0025 0.107825)
(-0.0118598 -0.0025 0.0690638)
(0.008759 -0.0025 0.11379)
(0.0421565 -0.0025 0.0760733)
(-0.0117866 -0.0025 0.119785)
(0.0187249 -0.0025 0.0481039)
(0.021322 -0.0025 0.052551)
(0.0473593 -0.0025 0.0791008)
(-0.0245124 -0.0025 0.183737)
(-0.0246981 -0.0025 0.124246)
(-0.0401987 -0.0025 0.0734646)
(0.0447599 -0.0025 0.0626702)
(0.0473565 -0.0025 0.186573)
(-0.0246867 -0.0025 0.13021)
(0.00109425 -0.0025 0.159972)
(-0.00414847 -0.0025 0.0526661)
(-0.0324937 -0.0025 0.0393224)
(-0.0373554 -0.0025 0.182296)
(-0.0117577 -0.0025 0.137671)
(-0.0169603 -0.0025 0.125726)
(-0.0143568 -0.0025 0.127245)
(0.0189417 -0.0025 0.131616)
(-0.0401201 -0.0025 0.0762928)
(-0.0376263 -0.0025 0.030401)
(0.00877567 -0.0025 0.155493)
(-0.0118499 -0.0025 0.0750324)
(-0.024791 -0.0025 0.0645724)
(-0.00179955 -0.0025 0.0155162)
(0.016436 -0.0025 0.183673)
(-0.0169432 -0.0025 0.131695)
(-0.0299589 -0.0025 0.0615766)
(0.00446762 -0.0025 0.197757)
(-0.0014729 -0.0025 0.197003)
(-0.0350687 -0.0025 0.0200051)
(-0.0169645 -0.0025 0.122744)
(-0.0296477 -0.0025 0.183755)
(0.0447659 -0.0025 0.0328246)
(-0.0351428 -0.0025 0.0586222)
(0.00108505 -0.0025 0.154024)
(-0.0376458 -0.0025 0.0452816)
(0.0238654 -0.0025 0.024274)
(-0.00413066 -0.0025 0.0616009)
(-0.00671729 -0.0025 0.0541605)
(0.0190674 -0.0025 0.196993)
(-0.0473748 -0.0025 0.153719)
(-0.0296853 -0.0025 0.16296)
(-0.0350709 -0.0025 0.0318878)
(-0.0350709 -0.0025 0.0259421)
(0.029038 -0.0025 0.0331302)
(-0.0401035 -0.0025 0.0378598)
(0.00109645 -0.0025 0.162941)
(0.0189649 -0.0025 0.140557)
(-0.022239 -0.0025 0.0185242)
(0.0345152 -0.0025 0.176227)
(-0.0160901 -0.0025 0.197692)
(0.0213595 -0.0025 0.0644632)
(-0.0398916 -0.0025 0.166136)
(-0.0144514 -0.0025 0.0526814)
(0.0189964 -0.0025 0.152467)
(-0.0299197 -0.0025 0.0378312)
(-0.0118461 -0.0025 0.0780149)
(-0.00174031 -0.0025 0.0303393)
(0.0250888 -0.0025 0.197454)
(-0.00658119 -0.0025 0.188121)
(0.0340864 -0.0025 0.00944379)
(-0.0143373 -0.0025 0.159985)
(-0.0168152 -0.0025 0.17927)
(0.0447673 -0.0025 0.035812)
(0.0421594 -0.0025 0.0611447)
(-0.0143731 -0.0025 0.118294)
(0.0087646 -0.0025 0.182199)
(-0.0220061 -0.0025 0.197021)
(-0.01202 -0.0025 0.00962455)
(0.00842703 -0.0025 0.0154916)
(-0.00404216 -0.0025 0.165913)
(-0.021965 -0.0025 0.188181)
(0.00333023 -0.0025 0.0243595)
(-0.0144439 -0.0025 0.0824592)
(-0.00434243 -0.0025 0.0229048)
(0.010992 -0.0025 0.0169555)
(0.01354 -0.0025 0.015464)
(-0.0117936 -0.0025 0.113821)
(0.0447692 -0.0025 0.0567129)
(-0.0118376 -0.0025 0.0839822)
(0.0396969 -0.0025 0.197007)
(-0.0423865 -0.0025 0.176533)
(-0.0222023 -0.0025 0.0304013)
(0.0135766 -0.0025 0.0302697)
(-0.0170279 -0.0025 0.0511905)
(-0.0169818 -0.0025 0.110821)
(0.0189917 -0.0025 0.185149)
(-0.0144316 -0.0025 0.0884329)
(0.0161494 -0.0025 0.0198599)
(-0.0118637 -0.0025 0.0601191)
(-0.0369977 -0.0025 0.197051)
(-0.0169917 -0.0025 0.101877)
(0.0187662 -0.0025 0.0659866)
(-0.0118327 -0.0025 0.0899449)
(-0.0169981 -0.0025 0.0959066)
(-0.0143906 -0.0025 0.106364)
(0.0238587 -0.0025 0.0183411)
(0.0421746 -0.0025 0.0432505)
(0.00845293 -0.0025 0.0273137)
(-0.0144054 -0.0025 0.0974094)
(0.0418522 -0.0025 0.0138497)
(0.0421796 -0.0025 0.0402742)
(-0.0247745 -0.0025 0.0318872)
(0.0010921 -0.0025 0.180727)
(-0.00690237 -0.0025 0.0214317)
(-0.0273745 -0.0025 0.0126036)
(0.0421988 -0.0025 0.183627)
(0.0421629 -0.0025 0.0551755)
(0.0447701 -0.0025 0.0507414)
(0.0266574 -0.0025 0.186624)
(0.0447687 -0.0025 0.0447676)
(-0.0117592 -0.0025 0.134692)
(0.0369944 -0.0025 0.153793)
(-0.0219464 -0.0025 0.176315)
(-0.0426564 -0.0025 0.0126534)
(-0.0322306 -0.0025 0.176341)
(0.0317779 -0.0025 0.189573)
(-0.0299173 -0.0025 0.0408047)
(0.0189884 -0.0025 0.14949)
(-0.00944574 -0.0025 0.0229137)
(0.0421699 -0.0025 0.0492148)
(0.021633 -0.0025 0.168826)
(-0.0322357 -0.0025 0.173366)
(0.0366864 -0.0025 0.0198001)
(0.0213743 -0.0025 0.0704302)
(0.013522 -0.0025 0.0125181)
(-0.0376323 -0.0025 0.0185245)
(-0.0170584 -0.0025 0.0363266)
(0.0319194 -0.0025 0.177719)
(0.0318127 -0.0025 0.0582997)
(0.00876436 -0.0025 0.179244)
(0.0189806 -0.0025 0.146514)
(0.0213817 -0.0025 0.0734136)
(-0.0270906 -0.0025 0.173359)
(0.0445115 -0.0025 0.012295)
(-0.0324899 -0.0025 0.0422897)
(-0.0398266 -0.0025 0.183763)
(0.0216446 -0.0025 0.171801)
(0.0215526 -0.0025 0.145016)
(0.0187907 -0.0025 0.074932)
(-0.0144862 -0.0025 0.0378084)
(0.0370584 -0.0025 0.180675)
(0.0215453 -0.0025 0.142036)
(0.00875979 -0.0025 0.176286)
(0.0213949 -0.0025 0.0793838)
(0.0264228 -0.0025 0.0198195)
(-0.0145847 -0.0025 0.0111041)
(0.0190015 -0.0025 0.182202)
(0.0366817 -0.0025 0.0227204)
(0.018809 -0.0025 0.0808976)
(0.00109031 -0.0025 0.177769)
(0.0189548 -0.0025 0.137578)
(0.0214043 -0.0025 0.0853559)
(-0.01712 -0.0025 0.0185169)
(0.0215308 -0.0025 0.136077)
(0.0188173 -0.0025 0.0868743)
(-0.0144751 -0.0025 0.0407824)
(0.021523 -0.0025 0.133095)
(-0.0170992 -0.0025 0.0214879)
(0.0188328 -0.0025 0.0898482)
(0.00108843 -0.0025 0.17481)
(0.0214258 -0.0025 0.0943099)
(-0.00403412 -0.0025 0.162956)
(0.0188491 -0.0025 0.0958179)
(0.0189328 -0.0025 0.128634)
(0.0396437 -0.0025 0.179193)
(0.0214463 -0.0025 0.100278)
(0.0215069 -0.0025 0.127129)
(0.0291253 -0.0025 0.0599042)
(0.0188625 -0.0025 0.101788)
(0.0189173 -0.0025 0.122669)
(0.0214609 -0.0025 0.106246)
(0.0214901 -0.0025 0.118182)
(0.0214755 -0.0025 0.112214)
(0.018878 -0.0025 0.107755)
(0.018909 -0.0025 0.119688)
(-0.0093391 -0.0025 0.0407702)
(0.0188936 -0.0025 0.113722)
(-0.00918091 -0.0025 0.162956)
(-0.0117573 -0.0025 0.158502)
(0.00365507 -0.0025 0.173323)
(-0.0376284 -0.0025 0.0214927)
(0.0473321 -0.0025 0.111914)
(-0.0143486 -0.0025 0.14809)
(-0.00676492 -0.0025 0.0422555)
(0.0164986 -0.0025 0.168841)
(-0.0143391 -0.0025 0.133204)
(-0.0119995 -0.0025 0.0214474)
(0.026427 -0.0025 0.0227896)
(-0.0169253 -0.0025 0.143624)
(0.0370054 -0.0025 0.162767)
(-0.00674737 -0.0025 0.0452308)
(-0.0219638 -0.0025 0.167425)
(-0.0143896 -0.0025 0.112319)
(-0.0376285 -0.0025 0.0244637)
(0.0290998 -0.0025 0.0629218)
(0.0164785 -0.0025 0.165864)
(-0.0169856 -0.0025 0.10486)
(0.0213203 -0.0025 0.043619)
(0.0421235 -0.0025 0.102911)
(-0.00161855 -0.0025 0.0452177)
(0.0420403 -0.0025 0.141725)
(-0.0119613 -0.0025 0.0274093)
(-0.0170256 -0.0025 0.0601104)
(-0.0247444 -0.0025 0.0824485)
(-0.0144517 -0.0025 0.0616016)
(-0.00684432 -0.0025 0.0332841)
(-0.0116961 -0.0025 0.179267)
(0.011358 -0.0025 0.165895)
(-0.0376268 -0.0025 0.0274264)
(-0.0196204 -0.0025 0.0526683)
(0.0318197 -0.0025 0.067115)
(-0.0247282 -0.0025 0.0914012)
(0.039622 -0.0025 0.167249)
(0.00878757 -0.0025 0.164416)
(-0.0247118 -0.0025 0.100354)
(-0.00659922 -0.0025 0.161476)
(-0.0400584 -0.0025 0.0289424)
(-0.0221923 -0.0025 0.0482094)
(-0.0247649 -0.0025 0.0467236)
(-0.029922 -0.0025 0.0467249)
(-0.0194091 -0.0025 0.186691)
(0.0290846 -0.0025 0.0689183)
(-0.0246952 -0.0025 0.109307)
(0.0262652 -0.0025 0.00480014)
(0.0139073 -0.0025 0.176286)
(-0.0324966 -0.0025 0.0452459)
(-0.00160449 -0.0025 0.0481892)
(-0.0246811 -0.0025 0.11826)
(0.0421569 -0.0025 0.0701131)
(-0.00160036 -0.0025 0.0511638)
(0.0422057 -0.0025 0.180666)
(0.0318216 -0.0025 0.0730822)
(-0.00146477 -0.0025 0.16147)
(0.00331821 -0.0025 0.0273154)
(0.0447696 -0.0025 0.0805724)
(0.00109355 -0.0025 0.145104)
(-0.00159754 -0.0025 0.0541414)
(0.0161115 -0.0025 0.0139635)
(-0.00146183 -0.0025 0.1585)
(0.00329341 -0.0025 0.030323)
(-0.00146018 -0.0025 0.143642)
(-0.0246373 -0.0025 0.139139)
(0.0186491 -0.0025 0.0095744)
(0.0421164 -0.0025 0.123844)
(0.0187059 -0.0025 0.0332226)
(0.0472638 -0.0025 0.141762)
(-0.00146568 -0.0025 0.155526)
(0.00877403 -0.0025 0.161442)
(0.0420923 -0.0025 0.132799)
(-0.00146748 -0.0025 0.152551)
(-0.0246159 -0.0025 0.148093)
(0.0291062 -0.0025 0.0748567)
(-0.024601 -0.0025 0.157025)
(0.00107708 -0.0025 0.136154)
(-0.00146924 -0.0025 0.149575)
(0.0446932 -0.0025 0.140264)
(-0.00159262 -0.0025 0.0571195)
(0.0113003 -0.0025 0.151014)
(0.0010904 -0.0025 0.14808)
(-0.0116868 -0.0025 0.176306)
(0.0472821 -0.0025 0.156682)
(0.0113234 -0.0025 0.159957)
(-0.0015893 -0.0025 0.060099)
(0.00106345 -0.0025 0.127213)
(-0.00146523 -0.0025 0.140637)
(0.044792 -0.0025 0.179156)
(0.0318151 -0.0025 0.0790624)
(0.00108371 -0.0025 0.139135)
(0.0473684 -0.0025 0.177646)
(-0.0116981 -0.0025 0.173343)
(-0.0351315 -0.0025 0.061584)
(-0.0376424 -0.0025 0.0660349)
(-0.00147605 -0.0025 0.134662)
(-0.00158602 -0.0025 0.0630807)
(-0.00147863 -0.0025 0.131687)
(0.0215894 -0.0025 0.180713)
(-0.00413243 -0.0025 0.0705793)
(0.0447914 -0.0025 0.173206)
(0.0473626 -0.0025 0.171674)
(0.00107023 -0.0025 0.130191)
(-0.0015032 -0.0025 0.125736)
(-0.00413817 -0.0025 0.0675311)
(-0.00150686 -0.0025 0.122754)
(0.00104064 -0.0025 0.106336)
(-0.00158076 -0.0025 0.0660609)
(-0.00150987 -0.0025 0.119771)
(-0.00941142 -0.0025 0.028838)
(-0.00151465 -0.0025 0.116789)
(-0.00157525 -0.0025 0.0720349)
(0.00102377 -0.0025 0.0973871)
(-0.00150977 -0.0025 0.110816)
(-0.0273634 -0.0025 0.0482038)
(-0.00151258 -0.0025 0.113802)
(0.0113215 -0.0025 0.156979)
(-0.00157094 -0.0025 0.0750181)
(-0.00151923 -0.0025 0.101864)
(-0.014252 -0.0025 0.171876)
(-0.00156653 -0.0025 0.0780017)
(0.00104202 -0.0025 0.109319)
(-0.00156242 -0.0025 0.0809855)
(-0.00151575 -0.0025 0.104846)
(-0.00155841 -0.0025 0.0839696)
(0.00103272 -0.0025 0.100367)
(-0.00155441 -0.0025 0.0869537)
(-0.00154237 -0.0025 0.0959057)
(-0.00155037 -0.0025 0.0899377)
(-0.00154641 -0.0025 0.0929218)
(0.029129 -0.0025 0.0807893)
(0.0112647 -0.0025 0.142037)
(-0.0168215 -0.0025 0.170398)
(0.0447974 -0.0025 0.10144)
(0.0113156 -0.0025 0.153991)
(-0.0168439 -0.0025 0.167419)
(-0.0401613 -0.0025 0.064712)
(0.0317639 -0.0025 0.085101)
(-0.0119816 -0.0025 0.0244232)
(-0.0194224 -0.0025 0.165936)
(0.0337297 -0.0025 0.197802)
(0.00873678 -0.0025 0.149544)
(0.0112586 -0.0025 0.133138)
(-0.0325214 -0.0025 0.0630453)
(-0.0245447 -0.0025 0.165945)
(-0.0350929 -0.0025 0.0467331)
(-0.0299225 -0.0025 0.0645445)
(0.0291648 -0.0025 0.0867068)
(-0.0245752 -0.0025 0.162976)
(-0.0376725 -0.0025 0.0482071)
(0.00872484 -0.0025 0.14657)
(-0.0273285 -0.0025 0.0660622)
(-0.0271378 -0.0025 0.16149)
(-0.0401259 -0.0025 0.0497704)
(-0.0273174 -0.0025 0.0690467)
(-0.00939524 -0.0025 0.0318111)
(0.0112794 -0.0025 0.145095)
(0.0112383 -0.0025 0.124194)
(-0.0273108 -0.0025 0.0720303)
(0.0317619 -0.0025 0.0910858)
(-0.027147 -0.0025 0.158504)
(-0.0273055 -0.0025 0.0750103)
(-0.0273014 -0.0025 0.0779653)
(0.0087328 -0.0025 0.140584)
(-0.0246079 -0.0025 0.154051)
(-0.0247462 -0.0025 0.0794708)
(-0.0271568 -0.0025 0.152558)
(-0.0273201 -0.0025 0.083895)
(-0.0271635 -0.0025 0.14957)
(-0.02729 -0.0025 0.0868998)
(0.0291695 -0.0025 0.092678)
(0.0446192 -0.0025 0.167083)
(0.00873171 -0.0025 0.137616)
(0.0473558 -0.0025 0.10294)
(-0.0247327 -0.0025 0.0884174)
(-0.027297 -0.0025 0.0928541)
(-0.0272723 -0.0025 0.0958543)
(-0.0246224 -0.0025 0.145113)
(-0.0271811 -0.0025 0.143597)
(-0.0272881 -0.0025 0.101798)
(-0.0247164 -0.0025 0.0973711)
(-0.0271853 -0.0025 0.140616)
(0.011268 -0.0025 0.136112)
(-0.0272542 -0.0025 0.104806)
(-0.0272699 -0.0025 0.110752)
(-0.0247 -0.0025 0.106323)
(-0.027188 -0.0025 0.134682)
(-0.0272303 -0.0025 0.119741)
(0.0317575 -0.0025 0.0970389)
(-0.0272361 -0.0025 0.113759)
(-0.0271967 -0.0025 0.131701)
(-0.024642 -0.0025 0.136167)
(-0.0272038 -0.0025 0.12872)
(-0.0272191 -0.0025 0.122747)
(-0.0272119 -0.0025 0.125735)
(-0.0246839 -0.0025 0.115275)
(0.00872042 -0.0025 0.131645)
(0.00871626 -0.0025 0.128675)
(0.0290978 -0.0025 0.0987563)
(0.0112484 -0.0025 0.12717)
(0.00870382 -0.0025 0.1227)
(0.0291656 -0.0025 0.101628)
(0.0111711 -0.0025 0.0913822)
(0.000788759 -0.0025 0.0318184)
(0.00871148 -0.0025 0.119715)
(0.0317562 -0.0025 0.106008)
(0.011244 -0.0025 0.118247)
(-0.0189867 -0.0025 0.00241221)
(0.011242 -0.0025 0.115275)
(0.00335605 -0.0025 0.0362926)
(0.00342015 -0.0025 0.0392697)
(0.00146875 -0.0025 0.00244014)
(0.00848077 -0.0025 0.0392468)
(0.029182 -0.0025 0.107599)
(0.0112372 -0.0025 0.112293)
(0.00854845 -0.0025 0.0422221)
(0.0131763 -0.0025 0.197805)
(0.0112262 -0.0025 0.109313)
(0.0111265 -0.0025 0.0704811)
(0.031759 -0.0025 0.111977)
(0.01122 -0.0025 0.10633)
(0.011214 -0.0025 0.103347)
(0.0112079 -0.0025 0.100364)
(0.0291876 -0.0025 0.113568)
(0.0112105 -0.0025 0.0973748)
(0.0112009 -0.0025 0.0943744)
(0.0317525 -0.0025 0.117955)
(0.00865127 -0.0025 0.0898851)
(-0.0395373 -0.0025 0.00240145)
(0.00865202 -0.0025 0.0869145)
(0.0291329 -0.0025 0.119613)
(0.0111775 -0.0025 0.085431)
(0.000812802 -0.0025 0.0348087)
(0.0111959 -0.0025 0.0824193)
(0.0111899 -0.0025 0.0794353)
(0.0291631 -0.0025 0.12256)
(0.0111765 -0.0025 0.0764567)
(0.0344129 -0.0025 0.0508182)
(0.00860724 -0.0025 0.0660211)
(-0.0248916 -0.0025 0.00279135)
(0.0111468 -0.0025 0.0734706)
(0.0110829 -0.0025 0.0436818)
(0.0111072 -0.0025 0.0466506)
(0.0086083 -0.0025 0.0690039)
(0.0111117 -0.0025 0.049629)
(0.0317464 -0.0025 0.126907)
(0.0111238 -0.0025 0.0526074)
(0.0111328 -0.0025 0.0555859)
(0.0111581 -0.0025 0.0645189)
(0.011141 -0.0025 0.0585694)
(0.0111516 -0.0025 0.0615373)
(0.0291387 -0.0025 0.128563)
(0.0291699 -0.0025 0.131509)
(-0.0043844 -0.0025 0.00273471)
(0.0317448 -0.0025 0.135857)
(0.0291453 -0.0025 0.13751)
(0.0469565 -0.0025 0.00451144)
(0.0291775 -0.0025 0.140456)
(-0.00754623 -0.0025 0.197458)
(0.0317433 -0.0025 0.144799)
(0.0291528 -0.0025 0.146452)
(0.0395502 -0.0025 0.155165)
(0.0455584 -0.0025 0.197527)
(-0.0452693 -0.0025 0.00275946)
(0.0291979 -0.0025 0.149418)
(0.0395121 -0.0025 0.158205)
(0.0161222 -0.0025 0.00275962)
(0.0220627 -0.0025 0.00236698)
(0.0369952 -0.0025 0.159782)
(0.0291638 -0.0025 0.0539978)
(0.039556 -0.0025 0.164193)
(0.0469639 -0.0025 0.0195918)
(0.0420346 -0.0025 0.025495)
(0.0445222 -0.0025 0.0211029)
(0.0393423 -0.0025 0.0241182)
(0.0368307 -0.0025 0.028534)
(0.034313 -0.0025 0.0329495)
(0.0316498 -0.0025 0.0315937)
(0.0292871 -0.0025 0.0389523)
(0.0425937 -0.0025 0.00233367)
(-0.027988 -0.0025 0.197513)
(0.0270682 -0.0025 0.195345)
(0.0317894 -0.0025 0.0553614)
(-0.0448877 -0.0025 0.19055)
(-0.0453688 -0.0025 0.188062)
(0.00604039 -0.0025 0.195161)
(-0.0421885 -0.0025 0.185132)
(-0.0476037 -0.0025 0.180393)
(-0.0475933 -0.0025 0.177462)
(-0.0104233 -0.0025 0.197494)
(0.0106827 -0.0025 0.00216959)
(-0.0423625 -0.0025 0.173741)
(-0.0450661 -0.0025 0.169996)
(0.0102963 -0.0025 0.197848)
(-0.0150022 -0.0025 0.195295)
(-0.0449729 -0.0025 0.16691)
(-0.0310364 -0.0025 0.197568)
(-0.0396958 -0.0025 0.163062)
(-0.0428505 -0.0025 0.159679)
(-0.0392973 -0.0025 0.156945)
(-0.0397672 -0.0025 0.154339)
(-0.0428463 -0.0025 0.150709)
(0.0308437 -0.0025 0.197881)
(0.0312143 -0.0025 0.0022286)
(-0.0393047 -0.0025 0.147999)
(-0.039767 -0.0025 0.145398)
(-0.042861 -0.0025 0.14175)
(-0.00982764 -0.0025 0.00219689)
(-0.0393295 -0.0025 0.139044)
(-0.0398069 -0.0025 0.13642)
(-0.0428726 -0.0025 0.132807)
(-0.0476243 -0.0025 0.00732021)
(-0.0394413 -0.0025 0.130065)
(-0.0428273 -0.0025 0.12694)
(-0.0394488 -0.0025 0.124097)
(-0.0350165 -0.0025 0.195136)
(-0.0452015 -0.0025 0.0114492)
(-0.0428217 -0.0025 0.120959)
(-0.0393542 -0.0025 0.118145)
(-0.0477297 -0.0025 0.0133236)
(-0.0398175 -0.0025 0.115537)
(-0.0476729 -0.0025 0.0162339)
(-0.0303583 -0.0025 0.00217568)
(-0.0428721 -0.0025 0.111904)
(-0.0451844 -0.0025 0.0203439)
(-0.0393668 -0.0025 0.109192)
(-0.0475517 -0.0025 0.0220911)
(-0.0450283 -0.0025 0.0263206)
(-0.0398289 -0.0025 0.106583)
(-0.0428766 -0.0025 0.102949)
(-0.045264 -0.0025 0.00573664)
(-0.0393787 -0.0025 0.100238)
(0.0211554 -0.0025 0.195041)
(-0.0398402 -0.0025 0.097629)
(0.0373496 -0.0025 0.195008)
(-0.0428849 -0.0025 0.0939917)
(-0.0393943 -0.0025 0.0912812)
(-0.0398559 -0.0025 0.0886717)
(-0.0425706 -0.0025 0.0307217)
(-0.0429025 -0.0025 0.0850534)
(-0.00369873 -0.0025 0.195046)
(-0.0451783 -0.0025 0.0476307)
(-0.0449926 -0.0025 0.0324839)
(-0.0451434 -0.0025 0.0444445)
(-0.0395309 -0.0025 0.0823417)
(-0.0425796 -0.0025 0.036599)
(-0.0475333 -0.0025 0.0401272)
(0.000844893 -0.0025 0.195027)
(-0.0428138 -0.0025 0.0792351)
(0.0167022 -0.0025 0.195013)
(-0.047665 -0.0025 0.0727518)
(-0.0480541 -0.0025 0.0701412)
(-0.0446486 -0.0025 0.067571)
(0.0419776 -0.0025 0.19504)
(-0.0240862 -0.0025 0.195088)
(-0.0425031 -0.0025 0.0515707)
(-0.0196838 -0.0025 0.195058)
(-0.0426645 -0.0025 0.0605761)
(-0.0455342 -0.0025 0.0567667)
(-0.0421257 -0.0025 0.0541541)
(-0.0425047 -0.0025 0.198091)
(-0.0450763 -0.0025 0.0383779)
(0.0366723 -0.0025 0.00198906)
(-0.0396632 -0.0025 0.195049)
(-0.0450455 -0.0025 0.0651166)
(-0.0425335 -0.0025 0.0635721)
(-0.0344081 -0.0025 0.00216044)
(-0.0138617 -0.0025 0.00218609)
(-0.0425065 -0.0025 0.165059)
(-0.0448871 -0.0025 0.175542)
(0.00302127 -0.0025 0.00429793)
(-0.0174638 -0.0025 0.00435089)
(0.00663617 -0.0025 0.00215303)
(-0.0477568 -0.0025 0.197807)
(0.0477568 -0.0025 0.197807)
(-0.0477568 -0.0025 0.00219311)
(0.0234462 -0.0025 0.00426329)
(-0.0379687 -0.0025 0.0043202)
(0.047842 -0.0025 0.00200351)
(0.0442431 -0.0025 0.00409134)
(0.027195 -0.0025 0.00213333)
(-0.0269296 -0.0025 0.00452639)
(-0.00646379 -0.0025 0.00454501)
(0.01813 -0.0025 0.00449732)
(-0.00230632 -0.0025 0.00455035)
(-0.0418819 -0.0025 0.193447)
(-0.022751 -0.0025 0.00458754)
(0.029599 -0.0025 0.19612)
(0.0139962 -0.0025 0.00454494)
(0.00901932 -0.0025 0.196125)
(-0.0444333 -0.0025 0.183156)
(0.0348814 -0.0025 0.195913)
(-0.0432282 -0.0025 0.00458912)
(0.014326 -0.0025 0.195918)
(-0.042171 -0.0025 0.0773077)
(-0.0175541 -0.0025 0.19594)
(0.0029375 -0.0025 0.195965)
(-0.00110527 -0.00503042 0.2)
(0.0108731 -0.00467916 0.2)
(-0.0133298 -0.00488697 0.2)
(-0.0222092 -0.00495782 0.2)
(0.0188635 -0.00515461 0.2)
(0.0279529 -0.00502598 0.2)
(0.00730411 -0.0451403 0.2)
(-0.0111511 -0.044475 0.2)
(0.0238261 -0.0389342 0.2)
(-0.0273072 -0.0374649 0.2)
(-0.030677 -0.00481428 0.2)
(-0.0367892 -0.0261691 0.2)
(0.0377012 -0.0264373 0.2)
(0.0367982 -0.00504971 0.2)
(-0.0442662 -0.0155068 0.2)
(-0.00724138 -0.00536214 0.2)
(-0.0368366 -0.00499687 0.2)
(0.004401 -0.00514133 0.2)
(0.0440587 -0.0150065 0.2)
(-0.0424059 -0.00509787 0.2)
(0.0425068 -0.00495696 0.2)
(0.0149356 -0.0435243 0.2)
(0.0309571 -0.0337882 0.2)
(-0.0202246 -0.0410268 0.2)
(-0.00205128 -0.0454307 0.2)
(-0.0464253 -0.00933059 0.2)
(0.0463785 -0.00927845 0.2)
(0.0467467 -0.00612586 0.2)
(-0.0467894 -0.00613198 0.2)
(0.0308613 -0.00505559 0.2)
(0.0293804 -0.00763392 0.2)
(0.0263004 -0.0073573 0.2)
(0.0276678 -0.0101103 0.2)
(0.0308543 -0.0102188 0.2)
(0.0293355 -0.0128999 0.2)
(0.0259281 -0.0127809 0.2)
(0.0277958 -0.0158162 0.2)
(0.0242554 -0.0158085 0.2)
(0.0262253 -0.0190373 0.2)
(0.0224357 -0.019146 0.2)
(0.0204464 -0.0158878 0.2)
(0.0185748 -0.0192142 0.2)
(0.0206005 -0.0225367 0.2)
(0.0167093 -0.0225628 0.2)
(0.0147349 -0.0192551 0.2)
(0.0128503 -0.0225722 0.2)
(0.0109264 -0.0193977 0.2)
(0.00902982 -0.0225853 0.2)
(0.00711759 -0.0193648 0.2)
(0.00522621 -0.02256 0.2)
(0.00332634 -0.0194218 0.2)
(0.00144177 -0.0225847 0.2)
(-0.000431475 -0.0193257 0.2)
(-0.00233565 -0.0225832 0.2)
(-0.00421924 -0.0193268 0.2)
(-0.00612199 -0.022583 0.2)
(-0.00804685 -0.019329 0.2)
(-0.00992562 -0.0226206 0.2)
(-0.011863 -0.0193331 0.2)
(-0.0137418 -0.0226292 0.2)
(-0.0156963 -0.0193323 0.2)
(-0.000305239 -0.0259337 0.2)
(-0.0175813 -0.0226443 0.2)
(-0.0195198 -0.0193338 0.2)
(-0.0118508 -0.0259962 0.2)
(0.0108529 -0.0259525 0.2)
(-0.0214695 -0.0226938 0.2)
(-0.0234337 -0.0193059 0.2)
(-0.0177012 -0.0158049 0.2)
(-0.0197813 -0.0260343 0.2)
(0.00171375 -0.0157646 0.2)
(0.0186888 -0.0259944 0.2)
(-0.00975973 -0.0159679 0.2)
(0.0324098 -0.0128961 0.2)
(0.0127214 -0.0165326 0.2)
(-0.0254176 -0.0227428 0.2)
(-0.0273496 -0.0192883 0.2)
(-0.0254005 -0.0159767 0.2)
(-0.0291958 -0.0159119 0.2)
(0.0299701 -0.0188731 0.2)
(0.0283912 -0.022337 0.2)
(-0.0277154 -0.0125056 0.2)
(-0.031331 -0.0128674 0.2)
(-0.0329721 -0.0158625 0.2)
(-0.0346588 -0.012756 0.2)
(-0.0238288 -0.0127825 0.2)
(-0.0255773 -0.00998806 0.2)
(-0.0366609 -0.015779 0.2)
(0.0339511 -0.0102589 0.2)
(0.0355115 -0.0128879 0.2)
(0.0370578 -0.0102591 0.2)
(-0.0379614 -0.01242 0.2)
(0.0226988 -0.0259476 0.2)
(0.0207602 -0.0295569 0.2)
(0.0165841 -0.0296293 0.2)
(-0.0295642 -0.0228644 0.2)
(-0.027409 -0.0263872 0.2)
(-0.0349284 -0.0190425 0.2)
(0.0186216 -0.033236 0.2)
(0.0143882 -0.0332783 0.2)
(-0.0330089 -0.0101186 0.2)
(-0.0224018 -0.00988341 0.2)
(0.0248228 -0.0294896 0.2)
(0.0386156 -0.012912 0.2)
(0.0369071 -0.0156673 0.2)
(0.0401784 -0.010309 0.2)
(-0.0387487 -0.0189651 0.2)
(0.0322537 -0.0220205 0.2)
(0.0306117 -0.0257928 0.2)
(-0.0358402 -0.0097077 0.2)
(-0.038974 -0.00930676 0.2)
(-0.0285901 -0.00912454 0.2)
(-0.0267194 -0.00723153 0.2)
(-0.0410111 -0.0115135 0.2)
(0.0166569 -0.0369369 0.2)
(0.0121585 -0.0368666 0.2)
(0.0099544 -0.0332903 0.2)
(0.00771402 -0.037038 0.2)
(0.005533 -0.033243 0.2)
(0.00330415 -0.0370297 0.2)
(0.00113405 -0.0332913 0.2)
(-0.00109046 -0.0370128 0.2)
(-0.00325835 -0.0332733 0.2)
(-0.00548399 -0.0369871 0.2)
(-0.00760959 -0.0331894 0.2)
(-0.00987857 -0.03688 0.2)
(-0.0120137 -0.0331548 0.2)
(-0.005614 -0.0295822 0.2)
(-0.0142691 -0.0366735 0.2)
(-0.0164873 -0.0331709 0.2)
(0.00335267 -0.0294744 0.2)
(0.00107163 -0.040872 0.2)
(-0.020385 -0.0126849 0.2)
(-0.0193445 -0.00970995 0.2)
(0.0223666 -0.0127698 0.2)
(0.0189713 -0.0127169 0.2)
(0.0203929 -0.0099601 0.2)
(0.0177006 -0.00970818 0.2)
(0.0159357 -0.0120866 0.2)
(0.0147632 -0.00932105 0.2)
(0.0129351 -0.0115847 0.2)
(0.0117691 -0.00909258 0.2)
(0.00993962 -0.0113101 0.2)
(0.00873438 -0.00863208 0.2)
(0.00689092 -0.0109493 0.2)
(0.00781413 -0.0138486 0.2)
(0.0135574 -0.0065567 0.2)
(0.00480734 -0.0134327 0.2)
(0.00380389 -0.0104304 0.2)
(-0.0319365 -0.0265159 0.2)
(-0.0290748 -0.0301855 0.2)
(-0.0250443 -0.030097 0.2)
(-0.0346839 -0.00744398 0.2)
(-0.0417466 -0.00833206 0.2)
(-0.0175476 -0.0120884 0.2)
(-0.0163714 -0.00942835 0.2)
(-0.0144682 -0.0116773 0.2)
(-0.0178407 -0.00723381 0.2)
(-0.0134045 -0.00904869 0.2)
(-0.0113882 -0.0113579 0.2)
(-0.0104072 -0.00878343 0.2)
(-0.00855625 -0.0110238 0.2)
(-0.00745176 -0.0083663 0.2)
(-0.00567739 -0.0107516 0.2)
(-0.00446742 -0.00806014 0.2)
(-0.00267553 -0.0104979 0.2)
(-0.00407592 -0.0132932 0.2)
(0.0104809 -0.0411583 0.2)
(0.0238405 -0.00954908 0.2)
(0.0235205 -0.00671359 0.2)
(-0.0394659 -0.00657296 0.2)
(-0.0138699 -0.0160451 0.2)
(0.0165112 -0.0156542 0.2)
(0.0384789 -0.00764699 0.2)
(-0.0214485 -0.0160157 0.2)
(0.00816851 -0.0295957 0.2)
(-0.00586456 -0.0162223 0.2)
(-0.00812976 -0.0408312 0.2)
(-0.000806265 -0.0130124 0.2)
(0.000628933 -0.00985485 0.2)
(-0.0339306 -0.0305634 0.2)
(0.0323881 -0.0076545 0.2)
(0.00568524 -0.00796122 0.2)
(0.0165875 -0.00698788 0.2)
(-0.00228062 -0.0161575 0.2)
(-0.0103918 -0.00487234 0.2)
(-0.0251366 -0.00493713 0.2)
(0.0338517 -0.00507928 0.2)
(0.00784078 -0.00551634 0.2)
(-0.00412084 -0.00513761 0.2)
(0.0015329 -0.00502333 0.2)
(-0.0140418 -0.0295981 0.2)
(0.0340645 -0.0183569 0.2)
(0.0362797 -0.0220723 0.2)
(-0.00976964 -0.0295372 0.2)
(0.0442291 -0.00718434 0.2)
(0.0434741 -0.0103356 0.2)
(0.0417175 -0.0128467 0.2)
(0.0354597 -0.00768639 0.2)
(-0.0335332 -0.0225058 0.2)
(0.0423744 -0.019134 0.2)
(0.0029375 -0.00757026 0.2)
(0.0244958 -0.0224645 0.2)
(-0.0400137 -0.022967 0.2)
(0.00535391 -0.0410803 0.2)
(0.0146463 -0.0260891 0.2)
(-0.00342884 -0.040858 0.2)
(0.0396562 -0.00494867 0.2)
(-0.00791657 -0.0260256 0.2)
(-0.0187171 -0.0368576 0.2)
(-0.0212844 -0.0327989 0.2)
(0.0233068 -0.0339579 0.2)
(0.0123639 -0.0296918 0.2)
(-0.045523 -0.0123595 0.2)
(0.0338429 -0.0295637 0.2)
(-0.00184037 -0.00762719 0.2)
(0.00251601 -0.0453127 0.2)
(-0.0228431 -0.0370292 0.2)
(-0.0312572 -0.0192459 0.2)
(0.0275117 -0.0365653 0.2)
(-0.00413178 -0.0259017 0.2)
(-0.0406057 -0.0151859 0.2)
(-0.0162808 -0.00481237 0.2)
(-0.00103849 -0.0298502 0.2)
(-0.023505 -0.0261619 0.2)
(0.019066 -0.0408415 0.2)
(0.0459866 -0.012162 0.2)
(-0.0157023 -0.0433367 0.2)
(0.00700462 -0.0258421 0.2)
(-0.0159507 -0.0261313 0.2)
(-0.00666733 -0.0452101 0.2)
(0.00333637 -0.0257589 0.2)
(0.0266711 -0.0259215 0.2)
(-0.0425108 -0.0189889 0.2)
(0.0413902 -0.00766731 0.2)
(-0.0279062 -0.00479051 0.2)
(-0.0239971 -0.0075853 0.2)
(-0.0305084 -0.0342297 0.2)
(0.020916 -0.0072312 0.2)
(-0.0443258 -0.00726553 0.2)
(-0.0314601 -0.00764076 0.2)
(0.0053189 -0.0166088 0.2)
(-0.0208145 -0.00731638 0.2)
(-0.0182423 -0.0294583 0.2)
(-0.0436684 -0.0103274 0.2)
(0.0114532 -0.0453273 0.2)
(-0.0337812 -0.00465516 0.2)
(-0.0125878 -0.0403351 0.2)
(0.00202953 -0.012499 0.2)
(0.0249032 -0.00481551 0.2)
(0.0402257 -0.022802 0.2)
(0.0270545 -0.0327383 0.2)
(0.0289933 -0.029549 0.2)
(0.00900754 -0.0167517 0.2)
(0.0220443 -0.00481915 0.2)
(0.0204228 -0.0367526 0.2)
(-0.0371763 -0.00754477 0.2)
(-0.0192221 -0.00488673 0.2)
(0.0403352 -0.0156912 0.2)
(0.0383644 -0.0189539 0.2)
(0.0157566 -0.00466296 0.2)
(-0.00701708 -0.01337 0.2)
(0.0310525 -0.0157102 0.2)
(-0.0149964 -0.00715153 0.2)
(0.0110554 -0.0139729 0.2)
(-0.0290706 -0.00672032 0.2)
(-0.0257307 -0.0336643 0.2)
(-0.0118874 -0.0141461 0.2)
(0.0133249 -0.00417976 0.2)
(0.0341378 -0.0251773 0.2)
(0.0339891 -0.0151037 0.2)
(-0.0119878 -0.00697983 0.2)
(-0.0216676 -0.0289405 0.2)
(-0.0244936 -0.0402875 0.2)
(-0.0163002 -0.0396459 0.2)
(0.000561596 -0.00710007 0.2)
(-0.0157048 -0.0139965 0.2)
(-0.0396562 -0.00415945 0.2)
(0.0145798 -0.0398161 0.2)
(-0.00920964 -0.00690146 0.2)
(-0.00972173 -0.0131731 0.2)
(0.018705 -0.00771125 0.2)
(-0.0368437 -0.021335 0.2)
(0.0105301 -0.00704488 0.2)
(-0.0306007 -0.0104844 0.2)
(0.0139353 -0.0139434 0.2)
(-0.044758 -0.00460116 0.2)
(0.0447552 -0.00458453 0.2)
(-0.0429785 -0.0131636 0.2)
(0.0438092 -0.0125877 0.2)
(0.00187553 -0.0262025 0.0988745)
(0.00440176 -0.0260377 0.0735171)
(-0.00330847 -0.0260698 0.0511787)
(0.00188965 -0.0262004 0.122736)
(0.00410004 -0.0259873 0.0288258)
(0.00194006 -0.0261946 0.176289)
(0.00790785 -0.0255819 0.145076)
(-0.0108783 -0.0247146 0.157025)
(-0.0161601 -0.0237425 0.0854461)
(-0.0161172 -0.0234244 0.109331)
(-0.0162063 -0.0234135 0.0348417)
(-0.0152075 -0.0234694 0.134691)
(0.0170213 -0.0233489 0.0570505)
(0.0190312 -0.0227818 0.109247)
(0.0189685 -0.0227994 0.0883605)
(-0.0179182 -0.0225502 0.0645632)
(0.020653 -0.0218877 0.128622)
(0.0181697 -0.0230673 0.16288)
(-0.0176621 -0.0224403 0.177778)
(0.0221485 -0.0215532 0.0242908)
(-0.0239532 -0.0206933 0.0185163)
(0.0198752 -0.0205267 0.180727)
(0.0254884 -0.0200399 0.0722369)
(0.0258442 -0.019877 0.146495)
(-0.0254549 -0.019571 0.149581)
(0.0144129 -0.0194391 0.0406862)
(-0.0265159 -0.0195377 0.0496936)
(-0.00605836 -0.0193552 0.0170011)
(-0.0264304 -0.0188651 0.0973475)
(-0.0271623 -0.0192141 0.121243)
(-0.0281635 -0.0183323 0.076489)
(-0.0279606 -0.0185714 0.165939)
(0.00280617 -0.0179502 0.159961)
(-0.000732698 -0.0177973 0.0854605)
(-0.00346345 -0.0337006 0.0856204)
(0.00531754 -0.0172647 0.110811)
(0.0101303 -0.0177751 0.0154863)
(-0.00487042 -0.0173647 0.143624)
(0.00266327 -0.0172744 0.0615816)
(-0.00335287 -0.0172259 0.0392805)
(0.0300677 -0.0175759 0.10017)
(-0.00464602 -0.0340302 0.11081)
(-0.0105965 -0.0173754 0.12184)
(0.0303971 -0.0174019 0.117377)
(-0.0109584 -0.0169228 0.0974105)
(0.0300818 -0.0174306 0.0525492)
(0.0301391 -0.0174879 0.0374637)
(-0.00649838 -0.033542 0.0647903)
(0.0302105 -0.0170909 0.168808)
(-0.0307822 -0.0171833 0.0333722)
(-0.0309527 -0.0170959 0.135258)
(-0.0305057 -0.0170396 0.182274)
(-0.0128313 -0.0323621 0.0974996)
(-0.00784759 -0.0167829 0.0730253)
(0.00789156 -0.0168445 0.133137)
(-0.00603766 -0.0333929 0.143395)
(-0.00487767 -0.0169292 0.185165)
(0.0121393 -0.0163571 0.0986774)
(-0.0159182 -0.0313396 0.122006)
(0.00997834 -0.033856 0.113006)
(-0.0308044 -0.0162291 0.0630712)
(-0.0127353 -0.0161535 0.0497056)
(0.0100179 -0.0329906 0.0470061)
(-0.00746627 -0.0161213 0.168883)
(0.0151367 -0.0320991 0.098823)
(0.0326543 -0.0160264 0.0865793)
(-0.0327141 -0.0160035 0.109262)
(0.0298288 -0.0163341 0.0138948)
(0.0128262 -0.0158474 0.0704665)
(0.0326015 -0.0160564 0.134349)
(0.0108696 -0.033862 0.0837994)
(-0.017272 -0.0307642 0.0522999)
(0.00797061 -0.034151 0.0616389)
(0.0112493 -0.0331145 0.132395)
(0.00966323 -0.0159627 0.171833)
(0.00667004 -0.0333924 0.15893)
(0.0147011 -0.0152568 0.150986)
(0.0174589 -0.0315288 0.0716352)
(0.00791536 -0.0153594 0.186629)
(-0.0163892 -0.0321882 0.0744337)
(-0.00932885 -0.0329653 0.0243128)
(0.0326387 -0.0160138 0.182159)
(0.00522946 -0.0149546 0.0481825)
(-0.00258821 -0.0348771 0.0389806)
(-0.0337504 -0.0151895 0.0875415)
(0.0150816 -0.0153166 0.119017)
(-0.00690361 -0.0149358 0.109339)
(0.0332417 -0.0154373 0.15625)
(-0.0342107 -0.0150726 0.012603)
(0.0110866 -0.0149479 0.0827647)
(-0.00528878 -0.0357962 0.129743)
(-0.0186311 -0.0146427 0.1585)
(0.0181036 -0.0144134 0.139071)
(0.0131983 -0.032359 0.0184555)
(-0.00399417 -0.0145917 0.131694)
(0.00752922 -0.0146126 0.0318)
(0.0159384 -0.0319842 0.0340644)
(0.0335397 -0.0147384 0.0641053)
(-0.0102618 -0.0145528 0.0273659)
(0.0190058 -0.0308358 0.151458)
(0.0004859 -0.0142394 0.0988787)
(-0.00855101 -0.031231 0.185381)
(0.0332696 -0.0148036 0.0257313)
(-0.00914984 -0.0146085 0.0611763)
(-0.0160601 -0.0141187 0.142135)
(0.00242135 -0.0141904 0.121814)
(-0.0356946 -0.0140842 0.146564)
(-0.0195952 -0.0141716 0.128711)
(-0.0176999 -0.0143744 0.186659)
(-0.0213315 -0.0140456 0.0407937)
(0.00428597 -0.0375752 0.102794)
(-0.0101029 -0.0331591 0.169814)
(0.0227395 -0.0286122 0.0460244)
(-0.0204091 -0.0137903 0.113801)
(-0.0178905 -0.013938 0.0794805)
(-0.0278991 -0.0257743 0.0875301)
(0.0216078 -0.0140811 0.0629719)
(-0.0154329 -0.014027 0.0125841)
(-0.0236576 -0.0296173 0.102167)
(-0.00743853 -0.0137082 0.154046)
(-0.0185248 -0.0137746 0.170373)
(0.0222556 -0.0136107 0.0808756)
(-0.00033264 -0.0256404 0.135714)
(-0.0211461 -0.0304848 0.143922)
(0.0195924 -0.0138417 0.0495977)
(0.0149048 -0.0322302 0.173682)
(0.0208519 -0.0307539 0.119238)
(-0.0357037 -0.0135424 0.125681)
(-0.0359378 -0.0139029 0.0452484)
(0.0355495 -0.0140118 0.0755175)
(-0.0209373 -0.0138124 0.0578728)
(-0.0356365 -0.0140077 0.158485)
(0.0215083 -0.0292983 0.139011)
(0.0222821 -0.0133356 0.0928144)
(0.028142 -0.0253753 0.0616058)
(0.0204228 -0.0135993 0.0332082)
(0.00280108 -0.0137562 0.0752005)
(-0.0357991 -0.0133414 0.0988254)
(0.00535449 -0.0133504 0.143599)
(-0.0261012 -0.0273422 0.130439)
(-0.021348 -0.0134483 0.0289178)
(-0.0260711 -0.0280058 0.113542)
(0.0224472 -0.0132738 0.158408)
(0.0282938 -0.0258701 0.0819896)
(-0.0191995 -0.01365 0.090588)
(-0.0359187 -0.0133469 0.0244573)
(0.010627 -0.0287311 0.186501)
(0.0351594 -0.0133497 0.144682)
(0.0366631 -0.013537 0.109146)
(0.020594 -0.0131249 0.104757)
(0.000157478 -0.0376724 0.0744259)
(-0.023299 -0.0286364 0.158867)
(0.00773098 -0.0243875 0.0892794)
(-0.0204938 -0.0131167 0.0690414)
(0.00146207 -0.0377516 0.12023)
(-0.00133579 -0.0377545 0.0544571)
(0.000239858 -0.013159 0.17629)
(0.011911 -0.0131127 0.0570755)
(0.0199173 -0.0130885 0.16883)
(0.0258244 -0.0283431 0.101576)
(-7.67176e-05 -0.0130817 0.0243694)
(-0.0282177 -0.0262339 0.0681275)
(-0.0356575 -0.0133058 0.173373)
(-0.0370311 -0.0131089 0.0734561)
(0.0121737 -0.0130412 0.161437)
(-4.37185e-05 -0.0316387 0.0138809)
(0.0195567 -0.0134119 0.0110052)
(-0.0155617 -0.0345943 0.108175)
(0.025796 -0.0128403 0.125617)
(-0.019301 -0.0132484 0.103117)
(0.022398 -0.0131166 0.188099)
(-0.00638229 -0.027396 0.0766823)
(-0.0183319 -0.0339364 0.0632684)
(0.00453264 -0.0386402 0.0916702)
(-0.0241619 -0.029038 0.042297)
(-0.0062644 -0.0249723 0.0916342)
(-0.00561072 -0.0365762 0.156011)
(-0.0147632 -0.0285007 0.0131382)
(0.0360553 -0.0126228 0.125289)
(-0.00958265 -0.0127062 0.0869647)
(0.0166717 -0.0227368 0.0778263)
(-0.00543939 -0.024062 0.115025)
(0.0202468 -0.0335681 0.0893227)
(0.0153076 -0.0126702 0.0242991)
(-0.0368662 -0.0126015 0.0556483)
(-0.0200525 -0.0334632 0.0891381)
(0.005586 -0.0374116 0.142474)
(0.0378047 -0.0125485 0.0954442)
(0.00160649 -0.0127009 0.012561)
(-0.0108492 -0.0125357 0.177789)
(-0.0163177 -0.0348302 0.132998)
(0.0369384 -0.0132231 0.0447294)
(-0.00701792 -0.0240513 0.104077)
(0.0288453 -0.0265462 0.111808)
(0.00940943 -0.0258174 0.106224)
(0.00398095 -0.0246387 0.0429793)
(-0.0364758 -0.0127669 0.189704)
(-0.00110267 -0.0242703 0.151588)
(0.0155057 -0.0122935 0.128646)
(0.0303517 -0.0250055 0.0924632)
(-0.00294493 -0.0124691 0.0535281)
(0.0191829 -0.0337604 0.0607391)
(-0.0259882 -0.0274355 0.028586)
(0.0379449 -0.012422 0.173255)
(-0.0046061 -0.0391275 0.0971298)
(0.00670543 -0.0124289 0.0913312)
(0.0191307 -0.0333457 0.108748)
(-0.00502485 -0.0232342 0.0653356)
(0.00673554 -0.0237588 0.0540927)
(-0.00740626 -0.0255467 0.127807)
(0.0272308 -0.0249688 0.156453)
(-0.0253051 -0.0263722 0.0578344)
(0.0101799 -0.0242 0.116815)
(0.0216332 -0.0254917 0.0125877)
(0.0312562 -0.0234929 0.126431)
(-0.0234262 -0.0248537 0.188049)
(-0.0263451 -0.012031 0.142105)
(-0.0119532 -0.0123735 0.0378025)
(-0.0260627 -0.0296862 0.0778832)
(0.00992053 -0.0241877 0.0647601)
(-0.0118177 -0.0256033 0.0444967)
(-0.0114843 -0.0234735 0.0567003)
(-0.0148203 -0.0350312 0.03765)
(-0.0152053 -0.0237668 0.167117)
(0.0259282 -0.0119548 0.176241)
(0.0383421 -0.0122759 0.0558185)
(-0.0179294 -0.0239224 0.0953745)
(-0.0132274 -0.0235903 0.146526)
(-0.0383681 -0.0122531 0.116336)
(0.00193675 -0.0119368 0.15254)
(-0.0319539 -0.0242612 0.103688)
(0.0225379 -0.0119436 0.114054)
(0.0147344 -0.0119816 0.180721)
(0.0260833 -0.0276178 0.17313)
(0.0117749 -0.0376083 0.122782)
(0.0387396 -0.0119228 0.0343132)
(0.00131837 -0.0378358 0.0277924)
(-0.0160561 -0.0222473 0.0743296)
(0.0266829 -0.0276732 0.0330662)
(-0.0251385 -0.0288486 0.171156)
(-0.0384531 -0.0118239 0.0348646)
(0.0120486 -0.0115537 0.10782)
(0.00795636 -0.025324 0.166303)
(0.0362051 -0.0115133 0.164291)
(0.0370703 -0.0120356 0.190577)
(-0.00328402 -0.0257233 0.165104)
(0.00219289 -0.0372716 0.182438)
(0.00182975 -0.0369832 0.169916)
(-0.0021932 -0.0117173 0.0675544)
(-0.0257172 -0.0117292 0.0841355)
(-0.00612127 -0.0236958 0.0311739)
(0.0103519 -0.0239948 0.155373)
(-0.0256693 -0.0119188 0.00965132)
(-0.0239532 -0.0113816 0.0185163)
(0.010394 -0.0383587 0.0745887)
(-0.0384898 -0.0114782 0.0645888)
(0.0207229 -0.0206793 0.0988159)
(-0.0253769 -0.0116588 0.176323)
(0.0109324 -0.0242901 0.12694)
(-0.0100656 -0.0377578 0.0476688)
(-0.0387433 -0.0118985 0.137843)
(0.0247148 -0.011859 0.0227874)
(0.0372229 -0.011946 0.00942705)
(-0.0289504 -0.0114783 0.116717)
(0.00195506 -0.0115497 0.167385)
(-0.0302075 -0.0252846 0.141988)
(-0.0183724 -0.0218798 0.118515)
(0.0375423 -0.0112566 0.0183171)
(0.0222365 -0.0114898 0.0719198)
(0.00933792 -0.0115271 0.0407157)
(0.0308712 -0.0250147 0.139122)
(0.0224136 -0.0114298 0.146501)
(-0.00991478 -0.0116778 0.190875)
(0.0175604 -0.0344479 0.162193)
(-0.00930696 -0.0385299 0.0785563)
(-0.0203602 -0.01136 0.149574)
(-0.0288628 -0.0113374 0.152526)
(0.000215741 -0.0114924 0.19101)
(0.0270741 -0.029621 0.0704556)
(-0.0113466 -0.0384598 0.0896488)
(-0.0150702 -0.0237252 0.0240233)
(-0.00532412 -0.0114231 0.117525)
(-0.0124472 -0.0116802 0.133996)
(-0.0280913 -0.0112453 0.103311)
(-0.0321505 -0.0227239 0.0418187)
(-0.02448 -0.0198778 0.107169)
(-0.0070395 -0.0117053 0.00907167)
(-0.0262246 -0.0117565 0.18967)
(-0.0342014 -0.0223072 0.115969)
(0.0274743 -0.0116889 0.0450316)
(-0.0115782 -0.0383941 0.116475)
(-0.0230792 -0.01119 0.0496863)
(-0.00503149 -0.0110092 0.0452296)
(-0.0163368 -0.0351798 0.152937)
(0.028125 -0.0256277 0.18798)
(0.0212758 -0.0333913 0.129369)
(0.00775498 -0.0383644 0.0376888)
(0.0194583 -0.0355513 0.0800373)
(-0.00471472 -0.0114527 0.0795302)
(0.00255051 -0.0281462 0.112218)
(0.00977068 -0.0113807 0.00900177)
(0.0139049 -0.0232 0.137645)
(0.00404071 -0.0397662 0.129827)
(-0.0395229 -0.0114186 0.0818646)
(-0.00237162 -0.0109564 0.0914309)
(-0.00603327 -0.031791 0.120664)
(0.00690385 -0.0110696 0.0660377)
(0.0015684 -0.0264094 0.0824736)
(0.0268302 -0.0181514 0.109018)
(-0.028708 -0.0111512 0.0714493)
(-0.0177789 -0.0340589 0.178522)
(0.0142299 -0.0223657 0.0308183)
(-0.00767808 -0.0220116 0.176991)
(-0.0286083 -0.0112093 0.0935189)
(-0.008686 -0.0200036 0.0815367)
(-0.0272004 -0.0112934 0.125341)
(-0.0319819 -0.0234971 0.156582)
(-0.0336765 -0.0226728 0.127189)
(0.0001643 -0.0289485 0.0596428)
(-0.0338244 -0.021863 0.0557111)
(-0.0226561 -0.0202728 0.139466)
(0.0258241 -0.0109317 0.137552)
(0.0220173 -0.0215368 0.118038)
(0.033703 -0.0230153 0.0751178)
(0.0346499 -0.0219636 0.106652)
(0.00193677 -0.0407067 0.111329)
(-0.0103765 -0.0112507 0.162055)
(0.019281 -0.0239535 0.0662364)
(-0.00775758 -0.0109432 0.0199568)
(-0.00302322 -0.0113016 0.0326081)
(-0.0164797 -0.0110299 0.121251)
(0.0317809 -0.0240683 0.0450379)
(0.00200919 -0.0235465 0.18955)
(-0.0023072 -0.0106741 0.159984)
(0.0399645 -0.0109615 0.132773)
(-0.0385277 -0.0111254 0.181352)
(0.000526267 -0.0111345 0.106977)
(-0.0199159 -0.0332216 0.0215585)
(0.000829828 -0.0402058 0.0648736)
(-0.0342534 -0.0223712 0.0819442)
(-0.0348055 -0.0213607 0.09434)
(0.0149887 -0.0108883 0.0891566)
(-0.0114281 -0.0384027 0.0575628)
(-0.0290603 -0.0108264 0.0393173)
(0.0157985 -0.0365819 0.143533)
(0.00752697 -0.010854 0.115914)
(-0.0109498 -0.0106857 0.103378)
(0.0135505 -0.0386593 0.0927461)
(0.0382594 -0.0109475 0.117169)
(-0.0400213 -0.0110547 0.091705)
(-0.0159812 -0.0106089 0.0204824)
(0.0282334 -0.0109522 0.0584152)
(0.0394651 -0.011417 0.0831081)
(0.00759037 -0.0108978 0.0199229)
(0.0217967 -0.032974 0.0252128)
(-0.0255573 -0.0317516 0.122152)
(-0.0023059 -0.0107302 0.139142)
(-0.0121965 -0.0110439 0.0683609)
(0.0158739 -0.0206176 0.19003)
(0.00284135 -0.0225644 0.0101358)
(-0.00878154 -0.0399955 0.105231)
(0.0170518 -0.0231355 0.146477)
(-0.0237071 -0.010753 0.164452)
(-0.032146 -0.0109376 0.165924)
(0.0403237 -0.0107107 0.156695)
(0.0346078 -0.0214538 0.14926)
(-0.0100311 -0.0106069 0.146608)
(0.0145694 -0.0110345 0.191595)
(-0.029119 -0.0104832 0.0571271)
(0.0104122 -0.0248531 0.0975834)
(0.0178526 -0.0107268 0.0406777)
(0.00364223 -0.0109283 0.0831385)
(-0.0118716 -0.0212203 0.190433)
(0.0404945 -0.0104182 0.180678)
(0.0131895 -0.0381376 0.0545473)
(0.0281479 -0.0107127 0.0316865)
(-0.0396215 -0.0110229 0.107892)
(-0.00833463 -0.0105225 0.125745)
(0.0154155 -0.0108696 0.0768103)
(0.00146275 -0.0104222 0.0392732)
(-0.0037722 -0.0320354 0.102279)
(0.0283186 -0.0105674 0.106111)
(0.0270745 -0.0292883 0.146701)
(0.00270867 -0.0214358 0.0204382)
(-0.0238032 -0.0103478 0.134674)
(-0.0126606 -0.0107704 0.113662)
(-0.0258427 -0.0290314 0.0111841)
(0.00428183 -0.0404589 0.0824274)
(0.0139991 -0.0246908 0.0483545)
(0.0127288 -0.0389744 0.105967)
(-0.0120767 -0.0316408 0.0837375)
(0.00788959 -0.010319 0.127182)
(0.0104358 -0.0104907 0.1376)
(0.0204363 -0.0310431 0.182805)
(-0.0320024 -0.0103313 0.079415)
(-0.0268614 -0.0313352 0.094207)
(-0.0182752 -0.0103345 0.179717)
(0.0284758 -0.0102697 0.162864)
(0.0118795 -0.0102675 0.0481386)
(0.0404315 -0.0106416 0.0671119)
(-0.0119328 -0.0274216 0.0686385)
(-0.0327386 -0.0229598 0.174358)
(0.027561 -0.0102559 0.152436)
(0.00437967 -0.0102471 0.0556227)
(0.00731289 -0.0104451 0.101357)
(0.0300532 -0.0104447 0.0941719)
(-0.0354095 -0.0209138 0.0692455)
(0.0232165 -0.0197419 0.0434784)
(0.00341266 -0.0401549 0.0462593)
(-0.0147318 -0.0375952 0.142192)
(-0.0240098 -0.0336324 0.0703066)
(0.0102514 -0.0217803 0.179653)
(0.000467056 -0.0203059 0.104676)
(0.0293505 -0.0104901 0.00798917)
(0.0019995 -0.0304323 0.0913942)
(-0.0091377 -0.0379911 0.0144113)
(0.00278146 -0.0101775 0.133169)
(0.040649 -0.0104838 0.102764)
(-0.0282147 -0.0103982 0.0259397)
(0.024636 -0.0195494 0.13613)
(0.0259118 -0.0312859 0.0545435)
(-0.00893913 -0.0299242 0.135567)
(-0.0194757 -0.0227447 0.127121)
(0.00162971 -0.0201668 0.0931104)
(0.0129902 -0.0101928 0.145049)
(0.0171725 -0.0213663 0.171919)
(-0.0234289 -0.019872 0.0833695)
(-0.0128828 -0.0387367 0.0689604)
(-0.0210776 -0.0352684 0.115219)
(-0.01273 -0.0102192 0.0556574)
(0.0144701 -0.0100905 0.0645043)
(0.0179483 -0.0362588 0.0425157)
(0.00705783 -0.0102829 0.179245)
(-0.0189026 -0.0208029 0.0533824)
(0.00170681 -0.0197241 0.128156)
(0.0355496 -0.0211016 0.0583773)
(0.0126286 -0.0382768 0.15274)
(0.0267785 -0.010401 0.0868253)
(-0.0180642 -0.0373993 0.0811416)
(-0.0336903 -0.0217974 0.0198328)
(-0.00163515 -0.020553 0.0771169)
(-0.0153163 -0.0101905 0.0452479)
(0.00902185 -0.0228793 0.0811692)
(0.0301624 -0.0256719 0.0187984)
(0.0255619 -0.0099907 0.0153835)
(-0.00398598 -0.0198591 0.0572566)
(-0.0122713 -0.0294102 0.114343)
(0.0010033 -0.0334352 0.149863)
(-0.0196521 -0.0216981 0.0447043)
(-0.0215641 -0.0204889 0.00925059)
(-0.00232945 -0.0184994 0.0477725)
(-0.029499 -0.0282933 0.049816)
(0.0175005 -0.0101961 0.0981754)
(-0.0154158 -0.0103648 0.0968057)
(-0.040712 -0.0104869 0.0185323)
(0.0308995 -0.0101127 0.113461)
(-0.00565085 -0.0184616 0.160891)
(-0.0263291 -0.0100039 0.064252)
(0.0403147 -0.010125 0.0255374)
(-0.00730883 -0.020873 0.13631)
(0.000813633 -0.0191213 0.069342)
(-0.00307225 -0.0414665 0.0890884)
(0.0327444 -0.0100434 0.0388209)
(0.00960784 -0.0101375 0.154002)
(-0.0205389 -0.0360572 0.0974917)
(0.0141531 -0.0379849 0.0666214)
(0.0348094 -0.0227409 0.0666897)
(0.0340556 -0.0224858 0.162272)
(0.0334621 -0.0252454 0.118489)
(0.0127883 -0.0183902 0.0909464)
(0.0146921 -0.0102888 0.016439)
(0.0195609 -0.0164032 0.0185201)
(-0.000610948 -0.00985689 0.183684)
(0.000455786 -0.0197166 0.170384)
(-0.00423902 -0.0261173 0.0397663)
(0.0015922 -0.0319698 0.0677302)
(-0.0403549 -0.0106624 0.164563)
(-0.0181742 -0.0342428 0.189349)
(-0.0275905 -0.028518 0.150216)
(0.00803801 -0.0383986 0.0109324)
(-0.0117443 -0.010287 0.0761837)
(-0.0331628 -0.00987782 0.133136)
(0.0295192 -0.0101922 0.189571)
(-0.00247533 -0.0100111 0.146686)
(0.038194 -0.0181847 0.12019)
(0.0173082 -0.0377049 0.115507)
(0.0410443 -0.01015 0.148931)
(0.00690232 -0.0183167 0.150211)
(-0.0369564 -0.0195995 0.140455)
(-0.00787408 -0.00993618 0.0965131)
(0.0300639 -0.0103566 0.0703969)
(0.0142755 -0.0285765 0.0915293)
(0.0217827 -0.0274274 0.0944165)
(-0.0125938 -0.0390335 0.125461)
(0.0411944 -0.00992306 0.140221)
(0.0326805 -0.0100923 0.0509363)
(0.00315226 -0.0310862 0.129854)
(0.00141927 -0.0179695 0.138066)
(0.0291424 -0.0175555 0.079072)
(-0.0243226 -0.0214713 0.0373506)
(-0.00234724 -0.0403533 0.137765)
(-0.00747727 -0.0394614 0.0316446)
(0.0131032 -0.0182521 0.111925)
(-0.0312292 -0.00978971 0.180558)
(0.00707945 -0.0322166 0.0974244)
(-0.0173871 -0.0358598 0.163117)
(0.0225722 -0.0351954 0.0970632)
(-0.0119972 -0.0186563 0.114142)
(-0.0100034 -0.0203072 0.00885527)
(0.0112108 -0.0295376 0.0767232)
(0.0248519 -0.00989477 0.099518)
(0.0115806 -0.0379943 0.0269243)
(0.0119626 -0.0262603 0.0108018)
(-0.022965 -0.0206299 0.0705313)
(0.00502508 -0.00978498 0.160846)
(0.00149349 -0.020568 0.11704)
(-0.0146542 -0.0171093 0.151588)
(-0.0311631 -0.0097665 0.0191634)
(-0.037749 -0.0189501 0.103985)
(-0.00136577 -0.00994575 0.0603616)
(0.0134436 -0.00979587 0.0347487)
(0.0287048 -0.0296676 0.132056)
(0.0201196 -0.0101378 0.0564256)
(-0.0317201 -0.00982598 0.0324588)
(0.0364171 -0.0206485 0.0959263)
(-0.0113148 -0.0184321 0.129779)
(0.0248573 -0.00983593 0.0383098)
(-0.00750959 -0.0309495 0.0566768)
(0.0205741 -0.0279893 0.0824619)
(-0.0125803 -0.00966505 0.168902)
(-0.0263382 -0.0181989 0.128993)
(0.0130874 -0.00985882 0.168857)
(-0.0366871 -0.0183909 0.166342)
(-0.0258803 -0.00974698 0.110211)
(0.0197711 -0.00983258 0.121176)
(-0.00798384 -0.00978214 0.184008)
(0.014583 -0.0179413 0.0628893)
(0.00733461 -0.0097017 0.191502)
(0.0211946 -0.0199519 0.153481)
(0.0335074 -0.00985082 0.100857)
(-0.0350883 -0.0223433 0.148221)
(-0.0124524 -0.0181535 0.104942)
(0.0116739 -0.0275359 0.0406369)
(-0.00734372 -0.0388918 0.178229)
(0.0217029 -0.00968833 0.131602)
(0.00468598 -0.0178103 0.0386587)
(0.0263 -0.0308315 0.164046)
(0.00151259 -0.0318141 0.0469973)
(-0.0410028 -0.0102494 0.00964012)
(-0.0327432 -0.026134 0.0748892)
(0.011419 -0.024062 0.0221607)
(0.0355032 -0.0225282 0.082895)
(0.0251058 -0.0180523 0.0872218)
(0.0227715 -0.0177117 0.0558904)
(-0.0226436 -0.00961855 0.097397)
(-0.0231815 -0.00978464 0.076264)
(-0.014391 -0.0261191 0.102098)
(-0.0179171 -0.00953238 0.0348448)
(-0.0410212 -0.0106067 0.130527)
(0.000363045 -0.0185775 0.0305527)
(-0.0234734 -0.0345103 0.0566114)
(0.00885064 -0.00978238 0.073487)
(-0.0158217 -0.00961889 0.0622159)
(-0.0115947 -0.0195228 0.0901126)
(-0.0306262 -0.0195644 0.190971)
(-0.0307363 -0.0101839 0.0495806)
(-0.00315351 -0.0255474 0.143584)
(-0.00499542 -0.00964628 0.166634)
(-0.0280387 -0.0289404 0.180478)
(0.0157114 -0.0095573 0.113736)
(0.0307196 -0.00986915 0.120895)
(0.00778977 -0.0310847 0.120245)
(-0.0190832 -0.0243615 0.152743)
(-0.0289328 -0.00968106 0.159567)
(-0.0264404 -0.0173926 0.157691)
(-0.0134659 -0.0096884 0.155519)
(-0.0271636 -0.0186991 0.0259816)
(0.0339985 -0.0225271 0.0307497)
(0.0312223 -0.0100512 0.0805284)
(0.00929695 -0.0172747 0.1239)
(-0.00413371 -0.0202654 0.0981118)
(0.000693169 -0.00958406 0.114013)
(0.0310732 -0.00979574 0.170294)
(0.0326745 -0.00965745 0.177321)
(-0.0242322 -0.0334542 0.136346)
(-0.00100375 -0.00984402 0.126779)
(-0.0412581 -0.00996663 0.0489725)
(0.0175615 -0.0310193 0.052827)
(-0.0123821 -0.0402457 0.0981752)
(0.0119077 -0.0179135 0.143295)
(0.0370045 -0.0197759 0.140071)
(-0.00646721 -0.0327637 0.0928549)
(0.00836581 -0.0411166 0.116289)
(0.0416489 -0.00972448 0.0898889)
(0.0312935 -0.00948772 0.0213044)
(0.00457681 -0.0303346 0.0363855)
(0.0255144 -0.00960135 0.0516586)
(-0.0160575 -0.00966786 0.0852678)
(-0.0414483 -0.00987894 0.0414681)
(-0.0381212 -0.017892 0.131893)
(0.0124377 -0.0377654 0.18197)
(0.0337444 -0.0226658 0.175555)
(-0.0268896 -0.0176676 0.0898151)
(0.0157463 -0.0285567 0.113416)
(0.037888 -0.0189721 0.129421)
(-0.033985 -0.0236352 0.0283906)
(-0.00396291 -0.0408735 0.148154)
(-0.0245116 -0.0096005 0.183094)
(-0.00798793 -0.0290056 0.150346)
(0.0279109 -0.00948084 0.182645)
(-0.00373541 -0.0208661 0.122755)
(-0.0107155 -0.0251287 0.120718)
(0.0415395 -0.00973918 0.0745815)
(0.0162045 -0.0255429 0.102667)
(-0.0153593 -0.00936701 0.0274216)
(0.0255517 -0.0335832 0.113466)
(0.00240134 -0.0193493 0.181621)
(0.0304561 -0.00985502 0.130695)
(-0.012049 -0.0184649 0.0669828)
(0.00985081 -0.0311349 0.0689082)
(0.0167836 -0.00967358 0.155448)
(0.0190373 -0.00973648 0.175261)
(-0.0132357 -0.0282134 0.0910098)
(0.0389342 -0.0176777 0.102396)
(0.00551382 -0.0318678 0.0541554)
(-0.0272618 -0.0181552 0.113866)
(0.0197446 -0.0257412 0.0384837)
(-0.0342973 -0.0246601 0.134891)
(0.0418878 -0.00956166 0.168082)
(0.0278928 -0.0312828 0.0879899)
(-0.0412739 -0.00982287 0.0282612)
(-0.00454756 -0.0257676 0.0227952)
(-0.0229345 -0.0094883 0.155866)
(-0.0178285 -0.00987929 0.192659)
(0.0120667 -0.0175702 0.0507345)
(0.0330883 -0.00972714 0.138124)
(0.0288642 -0.00964609 0.143921)
(-0.0164017 -0.0307873 0.0295603)
(0.00449364 -0.0329978 0.0791524)
(0.00838674 -0.0415071 0.0976458)
(0.00345657 -0.0303672 0.105018)
(-0.0356564 -0.00936663 0.152523)
(-0.0240413 -0.0193601 0.173303)
(0.0346797 -0.00948619 0.184493)
(-0.00579216 -0.0416485 0.112294)
(-0.0194356 -0.0361121 0.045344)
(-0.0248618 -0.00944334 0.0338728)
(0.00616306 -0.0301849 0.138333)
(0.0331711 -0.0261795 0.100302)
(-0.0377512 -0.0192047 0.0375211)
(-0.00555714 -0.00962655 0.173832)
(-0.0325638 -0.00948747 0.140108)
(0.0278285 -0.0178255 0.192049)
(-0.0294199 -0.0306374 0.107147)
(0.0284585 -0.0304548 0.12272)
(0.010071 -0.0392319 0.165666)
(-0.0170317 -0.00932552 0.162961)
(0.0181697 -0.00943515 0.16288)
(0.00554136 -0.0195978 0.0993607)
(-0.00915869 -0.00946933 0.139761)
(-0.0380037 -0.0184706 0.0612851)
(0.037844 -0.0197725 0.112964)
(-0.023146 -0.00940086 0.119986)
(0.00582381 -0.0411668 0.0574163)
(-0.0193343 -0.0297714 0.0817404)
(-0.0204579 -0.0366325 0.126218)
(-0.0338913 -0.0251512 0.0628272)
(-0.0102869 -0.0182219 0.0426321)
(-0.0312337 -0.0268628 0.164871)
(0.0209718 -0.00927113 0.182187)
(-0.0384879 -0.0183582 0.120669)
(0.0406831 -0.00951684 0.0496127)
(-0.00582757 -0.0265161 0.0842081)
(-0.033518 -0.00941528 0.111719)
(-0.0276707 -0.0320154 0.0628004)
(-0.00168945 -0.0423558 0.10346)
(0.0153301 -0.0181676 0.104981)
(0.0253847 -0.0314109 0.0776577)
(0.0323488 -0.0093762 0.0141348)
(-0.0193294 -0.0205718 0.101858)
(-0.0242392 -0.0197143 0.0613871)
(0.0114243 -0.0231945 0.0722306)
(0.025624 -0.0196469 0.162495)
(-0.00488675 -0.041635 0.123876)
(-0.0415103 -0.00940597 0.175144)
(0.0158046 -0.0394242 0.0854993)
(-0.00566552 -0.00927772 0.0730257)
(0.0111038 -0.00930276 0.0956736)
(0.0228069 -0.0355015 0.067482)
(-0.0265198 -0.0329322 0.0849039)
(0.00495021 -0.0299686 0.0209801)
(-8.7454e-05 -0.00930145 0.0184637)
(-0.00582396 -0.00930017 0.03859)
(-0.0222992 -0.0164752 0.181147)
(-0.00426563 -0.009322 0.102359)
(0.0349638 -0.00928022 0.0879777)
(0.0382774 -0.0182362 0.0388902)
(0.00173732 -0.0402745 0.0182623)
(0.0178032 -0.0342449 0.00985289)
(-0.0418846 -0.0101278 0.10062)
(0.0129329 -0.00915741 0.121195)
(-0.018123 -0.0093598 0.108849)
(-0.0104787 -0.0405955 0.134038)
(0.0343144 -0.00934326 0.150754)
(0.0104709 -0.00908119 0.185151)
(-0.0185545 -0.00977606 0.00737224)
(0.0175051 -0.0378113 0.135416)
(0.0312938 -0.0254278 0.0530098)
(0.00961506 -0.00927616 0.0263608)
(-0.0389461 -0.0179091 0.0785969)
(-0.0320874 -0.0275664 0.121327)
(-0.0396037 -0.0171135 0.111407)
(-0.0232651 -0.0354049 0.107364)
(0.00257965 -0.0408255 0.155217)
(-0.0177441 -0.0165885 0.13541)
(0.0203643 -0.00917998 0.0273958)
(-0.00662125 -0.0341245 0.0726273)
(0.0389782 -0.0174249 0.0698443)
(0.0271966 -0.0187144 0.0650125)
(-0.0414585 -0.00982964 0.122693)
(-0.0365317 -0.0212236 0.0482716)
(0.0404588 -0.00909125 0.0402657)
(0.00965214 -0.0404681 0.135909)
(-0.0056205 -0.00934917 0.0264188)
(-0.00962638 -0.00939056 0.0320343)
(0.00234705 -0.0262363 0.158946)
(0.0293864 -0.0164202 0.140999)
(-0.000546924 -0.0327902 0.190521)
(0.00889642 -0.016557 0.0246792)
(0.00890877 -0.0174829 0.076337)
(-0.0420541 -0.00941076 0.192298)
(-0.0100597 -0.00926004 0.0494705)
(-0.0270904 -0.00930123 0.170174)
(-0.0278856 -0.0286303 0.0199049)
(0.026247 -0.018442 0.0304818)
(-0.0423111 -0.0091794 0.0760919)
(0.017542 -0.016434 0.0854439)
(-0.0198946 -0.0274106 0.0698826)
(0.00510745 -0.00910332 0.172863)
(0.0393372 -0.0166967 0.0895704)
(-0.00572372 -0.0401558 0.164916)
(-0.0204928 -0.0090717 0.140436)
(-0.041518 -0.00991497 0.144477)
(0.0152168 -0.0307174 0.124901)
(-0.0209881 -0.0215463 0.161947)
(-0.0233559 -0.0336927 0.0345748)
(-0.012279 -0.0187273 0.182672)
(0.00883006 -0.0310442 0.15126)
(-0.0144625 -0.0282205 0.128793)
(0.0378973 -0.0184243 0.0507261)
(-0.00485296 -0.017647 0.0915121)
(0.0010775 -0.00932972 0.0481855)
(0.0159666 -0.00927565 0.00680329)
(0.0137732 -0.0185223 0.0081424)
(-0.0324702 -0.0276909 0.0972225)
(0.00224893 -0.0175127 0.0543149)
(-0.0074294 -0.020271 0.150182)
(-0.0171538 -0.0277401 0.0591801)
(0.00958929 -0.00902551 0.0856188)
(-0.00614957 -0.0308732 0.0456861)
(0.0419467 -0.009498 0.123001)
(-0.015309 -0.0180353 0.0595501)
(-0.030603 -0.00898737 0.146497)
(0.0229416 -0.0208166 0.0808916)
(0.0164218 -0.0353876 0.190456)
(0.0261928 -0.0192552 0.0942832)
(0.0419976 -0.0095214 0.111376)
(0.00618496 -0.0179132 0.0869037)
(-0.0331867 -0.00894569 0.121204)
(0.0252098 -0.0332173 0.0393293)
(-0.000795527 -0.0094158 0.00685185)
(-0.00185491 -0.0167441 0.00738579)
(-0.00959715 -0.0305178 0.106581)
(0.042196 -0.0093214 0.0606362)
(-0.0307934 -0.00890192 0.0126048)
(-0.0345263 -0.0106143 0.00687036)
(0.00683596 -0.0244049 0.133385)
(0.0175665 -0.00916267 0.0830749)
(-0.0154061 -0.0160067 0.0324187)
(-0.0423322 -0.00926832 0.151203)
(0.042501 -0.00901183 0.0123571)
(0.0195384 -0.0374531 0.122942)
(-0.0293337 -0.0278252 0.0360568)
(-0.00316277 -0.0422429 0.0814047)
(-0.0341361 -0.00892176 0.10479)
(-0.0151569 -0.0154518 0.0729196)
(-0.0148148 -0.00934071 0.1277)
(-0.00209221 -0.0310496 0.0313501)
(0.0177515 -0.0387225 0.0735234)
(-0.0325494 -0.00913021 0.0664185)
(-0.0339078 -0.0089479 0.0902372)
(0.0155376 -0.0222569 0.121525)
(0.00181902 -0.02024 0.145136)
(0.0136912 -0.0272655 0.084468)
(0.0189736 -0.0175697 0.0735513)
(0.00326122 -0.00914583 0.0288189)
(-0.00531631 -0.0416846 0.0699689)
(-0.0131308 -0.0183314 0.162227)
(0.0217002 -0.0260385 0.073766)
(0.00757978 -0.0397095 0.190307)
(-0.0396026 -0.0160265 0.152556)
(-0.0332957 -0.0239272 0.0110623)
(0.00620223 -0.00909863 0.109682)
(0.0196497 -0.0161618 0.12438)
(-0.0225756 -0.0234239 0.0771602)
(-0.0134458 -0.0178751 0.0190951)
(-0.00232282 -0.00894733 0.0851461)
(0.0305039 -0.0246354 0.00939496)
(-0.0208034 -0.0164512 0.122204)
(0.0114691 -0.0285909 0.0576934)
(-0.0059069 -0.0401474 0.187597)
(-0.0312132 -0.0173656 0.102181)
(0.0168394 -0.0392863 0.0993509)
(-0.0419881 -0.00925272 0.0589856)
(0.0122518 -0.00902445 0.175359)
(0.0364558 -0.0197688 0.0194054)
(-0.00344213 -0.0248966 0.183481)
(-0.00559128 -0.0304476 0.177147)
(-0.023775 -0.00887015 0.089727)
(0.0399769 -0.0163196 0.167768)
(-0.0303779 -0.0180571 0.143378)
(0.0247614 -0.0197015 0.174197)
(0.0128013 -0.0403527 0.0470048)
(-0.00729729 -0.00886141 0.0645836)
(0.00860977 -0.0166911 0.104793)
(0.0255769 -0.0331395 0.156059)
(-0.0424415 -0.00914777 0.0694263)
(-0.0316794 -0.0090083 0.187117)
(0.0086518 -0.0328363 0.0904976)
(0.024298 -0.0151237 0.181956)
(-0.00530677 -0.00887362 0.111498)
(-0.0219159 -0.0226851 0.0896727)
(0.00725529 -0.0180221 0.0668185)
(0.0347966 -0.024801 0.132824)
(-0.0209771 -0.00883083 0.0133302)
(-0.0395646 -0.0177004 0.0901355)
(0.0151022 -0.018699 0.157578)
(0.0254466 -0.00911458 0.0655706)
(0.0352682 -0.00898267 0.0611277)
(-0.0361324 -0.0233069 0.109273)
(0.0159829 -0.00883261 0.134607)
(-0.0156596 -0.0165293 0.0854452)
(0.00268333 -0.0239969 0.064307)
(0.0101237 -0.0324433 0.103818)
(-0.0395462 -0.0166071 0.0296747)
(-0.0131853 -0.0182196 0.173373)
(-0.00748852 -0.027738 0.0980433)
(0.0394757 -0.0166563 0.152012)
(0.016752 -0.0276729 0.131993)
(-0.00647711 -0.0157413 0.102606)
(-0.0126153 -0.0255869 0.0795719)
(0.0267872 -0.00899524 0.0758671)
(-0.0145344 -0.0283426 0.140612)
(-0.0111746 -0.00901848 0.0140598)
(0.00279345 -0.00878928 0.0705361)
(0.0142483 -0.0291166 0.142543)
(0.0163543 -0.00900715 0.0706421)
(-0.0352603 -0.00890735 0.0397211)
(-0.00197258 -0.0194848 0.111123)
(-0.0375354 -0.0186225 0.178954)
(-0.0422774 -0.00953632 0.158066)
(-0.00688131 -0.0287243 0.00884611)
(0.0290502 -0.031753 0.106942)
(0.0318993 -0.0174964 0.0705084)
(0.0248505 -0.0224532 0.0503605)
(-0.0156625 -0.0265519 0.184971)
(-0.020176 -0.0159505 0.0969251)
(-0.00104054 -0.0331737 0.162101)
(-0.0208317 -0.0287932 0.108708)
(0.016273 -0.0180707 0.133032)
(0.00263928 -0.00904907 0.0953448)
(0.0357079 -0.0207006 0.189074)
(-0.0276617 -0.0170477 0.0429082)
(-0.0174265 -0.00877268 0.0735116)
(0.0422519 -0.00927682 0.187147)
(-0.00560882 -0.0408496 0.0233323)
(0.00955766 -0.0418442 0.087826)
(0.00844219 -0.0175725 0.116901)
(0.0197516 -0.00874464 0.0201133)
(-0.00492479 -0.041975 0.0599319)
(-0.0129862 -0.00883878 0.0909549)
(-0.0172555 -0.00893552 0.0512593)
(0.000448761 -0.0417916 0.0352022)
(-0.00777606 -0.0164762 0.0337532)
(-0.0260221 -0.00873175 0.0445541)
(0.00144205 -0.0429548 0.0965119)
(-0.0204404 -0.0210862 0.0288567)
(0.00449154 -0.00867858 0.139159)
(0.00807252 -0.0236688 0.0351325)
(-0.0344885 -0.0087847 0.0602747)
(-0.0192581 -0.0283726 0.115665)
(0.000373122 -0.034203 0.0970674)
(-0.0103414 -0.00899999 0.120145)
(0.00759955 -0.041701 0.0682343)
(0.0206843 -0.00863918 0.140548)
(0.0225282 -0.0358269 0.0491085)
(0.0123226 -0.0192573 0.165638)
(-0.00364435 -0.0273526 0.109175)
(0.0224569 -0.0350228 0.170551)
(0.00717186 -0.00872037 0.0353925)
(0.0270006 -0.0328142 0.0618354)
(-0.0192204 -0.0195261 0.145834)
(0.00889555 -0.0191722 0.0589549)
(-0.00925008 -0.0315293 0.161632)
(-0.00221811 -0.0267891 0.0708853)
(-0.00778604 -0.0207152 0.051486)
(0.036131 -0.00867917 0.0713843)
(0.0427819 -0.00885195 0.0969714)
(0.0327356 -0.00865686 0.158381)
(0.0249356 -0.0089406 0.168201)
(-0.0148802 -0.0388358 0.0271093)
(0.011317 -0.0292861 0.0281687)
(0.00655125 -0.00886857 0.0139368)
(-0.00483497 -0.00882437 0.0142791)
(0.0265868 -0.0193905 0.123018)
(-0.00163306 -0.0177802 0.154421)
(-0.0219912 -0.0179322 0.192314)
(-0.0292277 -0.0178132 0.0696269)
(-0.0194722 -0.0357588 0.0093502)
(-0.0318863 -0.0289577 0.0826826)
(-0.00671173 -0.00884526 0.0571256)
(-0.0224566 -0.026171 0.0498255)
(-0.0066447 -0.00883773 0.133196)
(0.0219015 -0.00864617 0.0451047)
(-0.00840619 -0.0408988 0.0400162)
(-0.00130372 -0.033157 0.135626)
(0.0275758 -0.0181562 0.129882)
(0.00621857 -0.00905147 0.148485)
(0.0429248 -0.00865624 0.161989)
(0.0228647 -0.00864191 0.108669)
(-0.0244819 -0.0254288 0.096785)
(0.0174533 -0.00862965 0.149247)
(0.00669099 -0.0334245 0.176127)
(-0.0212823 -0.00900883 0.0240511)
(-0.020251 -0.0156391 0.0224754)
(-0.0242758 -0.0253592 0.119721)
(0.039993 -0.0159247 0.0615918)
(-0.0179137 -0.00861482 0.133163)
(0.0278178 -0.0308716 0.0953481)
(-0.0177707 -0.0383985 0.0531924)
(-0.0180402 -0.0170703 0.108467)
(-0.0193087 -0.0384763 0.0726732)
(-0.0103969 -0.0287877 0.0355191)
(0.0357915 -0.00864675 0.0297418)
(-0.00477654 -0.0168064 0.192633)
(0.0208922 -0.00878706 0.0884232)
(-0.0283692 -0.0174232 0.0561561)
(-0.0156375 -0.0086004 0.174286)
(0.0239857 -0.0224696 0.104549)
(-0.0215979 -0.0266633 0.136128)
(0.0208109 -0.00915537 0.193319)
(-0.00373694 -0.0421909 0.0485397)
(-0.00465651 -0.018795 0.0251667)
(-0.0341275 -0.0243874 0.183967)
(0.00387071 -0.0186019 0.080636)
(-0.00134547 -0.0398696 0.00925025)
(0.039143 -0.0169751 0.16035)
(-0.0337603 -0.0273031 0.0905772)
(0.0148802 -0.00858201 0.0533698)
(-0.0106139 -0.00867408 0.0821976)
(-0.0122223 -0.00895415 0.006356)
(0.0192049 -0.0162863 0.110376)
(-0.0221699 -0.0225123 0.112954)
(0.00628215 -0.0423274 0.123126)
(0.0428801 -0.00881823 0.175007)
(0.00741698 -0.00861718 0.166513)
(0.00680337 -0.0147337 0.164574)
(0.0243368 -0.0193116 0.00795666)
(0.0393855 -0.0175932 0.0800117)
(-0.0129318 -0.0201517 0.140428)
(-0.0368327 -0.00849831 0.0140813)
(0.0306292 -0.0157338 0.149411)
(-0.029459 -0.0233004 0.110129)
(0.000420993 -0.0311974 0.118109)
(0.036761 -0.0230096 0.0895595)
(0.0162283 -0.0229069 0.0944319)
(0.0128547 -0.0284083 0.161193)
(0.0283971 -0.0319961 0.139641)
(0.0149253 -0.0292477 0.0642619)
(0.00816787 -0.00855172 0.0795638)
(0.0418849 -0.00890173 0.193631)
(-0.0314916 -0.0106984 0.193479)
(0.0131931 -0.00867817 0.102413)
(0.00359451 -0.0346175 0.0861004)
(0.0327145 -0.0163447 0.00664997)
(0.00888284 -0.0200228 0.0449754)
(-0.0108449 -0.0279108 0.0511651)
(0.00862734 -0.0164361 0.156608)
(0.0330218 -0.0263563 0.0375844)
(0.0065747 -0.0085527 0.0454106)
(0.0253912 -0.0247265 0.0879402)
(-0.00960845 -0.0272879 0.0621397)
(-5.74545e-05 -0.00862147 0.120199)
(-0.00442471 -0.0283453 0.156807)
(-0.0325521 -0.015603 0.120317)
(-0.0205306 -0.00846952 0.12551)
(0.0318422 -0.0292366 0.0772264)
(0.00599697 -0.00868713 0.121513)
(0.0223073 -0.0267649 0.113689)
(0.00846238 -0.00884901 0.0602895)
(-0.0160553 -0.00856319 0.145113)
(0.0110293 -0.0415605 0.0808099)
(-0.00313782 -0.00843505 0.15261)
(0.00268486 -0.00850597 0.0887466)
(0.0251843 -0.00851301 0.118476)
(-0.0217904 -0.0153646 0.0137241)
(-0.00355962 -0.0169765 0.0637906)
(-0.0143856 -0.00889892 0.185183)
(0.0283375 -0.0183815 0.0211103)
(-0.00488106 -0.00857632 0.18918)
(-0.0308198 -0.00844706 0.0985558)
(-0.0355437 -0.00841966 0.161463)
(0.0142711 -0.0152144 0.0306004)
(-0.0294275 -0.0170827 0.0828799)
(-0.00249273 -0.0328397 0.0787415)
(-0.000282319 -0.0247773 0.0886769)
(-0.0174352 -0.039194 0.103077)
(0.0367876 -0.00861261 0.0783278)
(0.000641132 -0.00857947 0.0779979)
(-0.00384695 -0.014221 0.123083)
(0.0164727 -0.00861857 0.186296)
(-0.021263 -0.00840936 0.171857)
(-0.00579235 -0.0176365 0.116877)
(-0.0210306 -0.00846958 0.0818661)
(0.0302796 -0.0286696 0.180393)
(0.0182466 -0.0165998 0.14543)
(-0.0127498 -0.0269888 0.17378)
(-0.0312291 -0.0084111 0.174595)
(-0.0325892 -0.0174445 0.152806)
(-0.0228421 -0.00858505 0.105019)
(-0.0386541 -0.0166697 0.00699693)
(-0.0322855 -0.008458 0.127243)
(0.039569 -0.0165142 0.028808)
(-0.0427289 -0.00882391 0.113078)
(0.0240344 -0.0333792 0.0164129)
(0.00721753 -0.0214084 0.139606)
(0.0321821 -0.0274686 0.16811)
(0.0203562 -0.0278334 0.190697)
(-0.00770836 -0.0302795 0.0167973)
(0.0394114 -0.0172274 0.178468)
(-0.0207298 -0.0360407 0.170866)
(0.0133466 -0.0395686 0.129656)
(-0.0217744 -0.0158802 0.0747198)
(-0.018802 -0.0155465 0.0470658)
(0.0183905 -0.0162314 0.162996)
(-0.0236959 -0.0361226 0.0774128)
(0.0038918 -0.0344039 0.110318)
(-0.00971358 -0.0248894 0.110053)
(-0.0412271 -0.00849805 0.186246)
(-0.0367768 -0.0083646 0.16891)
(0.00100375 -0.0232445 0.0358947)
(-0.0230945 -0.00845398 0.0556266)
(-0.0160908 -0.028332 0.161148)
(0.0196941 -0.0279881 0.168709)
(-0.0114369 -0.0231686 0.0955376)
(0.0230761 -0.0087995 0.00807712)
(0.0191113 -0.0156771 0.193397)
(-0.0201267 -0.00852819 0.187183)
(-0.0410506 -0.0152981 0.0689312)
(0.0041325 -0.0138063 0.00655719)
(-0.00982563 -0.0362488 0.149268)
(0.0407993 -0.0153051 0.0140365)
(-0.0159493 -0.017721 0.038949)
(-0.0241876 -0.0346837 0.153834)
(-0.040326 -0.0171409 0.0964388)
(0.0152791 -0.0395368 0.0359469)
(-0.00868965 -0.0151949 0.0547453)
(0.0321069 -0.0289722 0.0658664)
(-0.0307657 -0.00849121 0.0850648)
(-0.033074 -0.0162908 0.0513976)
(-0.0276325 -0.0231135 0.135651)
(-0.0100078 -0.00846026 0.0428926)
(0.0241763 -0.035638 0.103829)
(0.0328083 -0.0084986 0.0449294)
(-0.00550739 -0.0263121 0.191283)
(0.0293373 -0.0299253 0.0256991)
(0.0173305 -0.0253419 0.156153)
(-0.0327937 -0.0282849 0.113199)
(-0.0429226 -0.00874301 0.0865331)
(-0.00252504 -0.0300341 0.126236)
(0.00850573 -0.0204541 0.192447)
(-0.0204717 -0.00826607 0.0422799)
(-0.0305567 -0.0303084 0.136993)
(0.00161198 -0.00844615 0.101268)
(0.00460105 -0.00834083 0.186305)
(-0.0235689 -0.00844894 0.194009)
(0.0173462 -0.0166747 0.095038)
(0.0115907 -0.03995 0.1739)
(-0.0177811 -0.0393172 0.0920462)
(0.0215469 -0.0272454 0.0605716)
(0.0334061 -0.00850874 0.19401)
(-0.00777126 -0.02327 0.0716906)
(0.0429718 -0.00869969 0.0310197)
(0.0352903 -0.0256712 0.111959)
(-0.0125727 -0.0400288 0.158169)
(-0.0246239 -0.00832878 0.146603)
(-0.0180014 -0.00843209 0.115585)
(0.00687132 -0.0425879 0.106832)
(-0.0174461 -0.0320454 0.102306)
(-0.0292913 -0.0181574 0.00725995)
(0.019584 -0.020846 0.140383)
(0.0225847 -0.0363698 0.140712)
(0.0417042 -0.0136841 0.127521)
(0.0171039 -0.00841563 0.106969)
(-0.0010406 -0.0431959 0.116951)
(-0.0221649 -0.02762 0.0636004)
(0.0237575 -0.014617 0.119731)
(0.0345392 -0.0253916 0.155503)
(-0.00266118 -0.0425472 0.130789)
(-0.0279521 -0.0239815 0.0809195)
(-0.0367098 -0.00827878 0.194261)
(-0.00743926 -0.00836669 0.157019)
(0.0209827 -0.00829583 0.0772367)
(-0.0148978 -0.00841747 0.138387)
(0.0225531 -0.0358393 0.0324535)
(0.0216776 -0.0114336 0.152456)
(0.0333049 -0.0277442 0.0864015)
(0.00320222 -0.0293902 0.183537)
(-0.0252842 -0.0343329 0.0494662)
(0.0429351 -0.00863703 0.020067)
(-0.00936373 -0.0422477 0.0843033)
(0.0160906 -0.0166282 0.0793044)
(-0.0144772 -0.0306992 0.147504)
(0.00916703 -0.0265667 0.173768)
(-0.0207629 -0.0294221 0.12643)
(0.032084 -0.0165998 0.093099)
(0.0280933 -0.00831467 0.0262131)
(0.000851762 -0.0314603 0.142974)
(-0.0178279 -0.029204 0.0454287)
(0.020153 -0.026838 0.0293296)
(-0.0178193 -0.0203399 0.080229)
(0.0235058 -0.0256186 0.12348)
(0.0244017 -0.0359118 0.0845825)
(-0.0307839 -0.0280779 0.190874)
(0.0414479 -0.00863721 0.0061909)
(-0.036091 -0.00831283 0.0515284)
(-0.0117881 -0.0146338 0.0806872)
(0.00358413 -0.0213675 0.0487534)
(-0.0263426 -0.0342593 0.129234)
(0.0413418 -0.0145947 0.144461)
(-0.00423854 -0.0369622 0.116813)
(-0.0202481 -0.0300607 0.094777)
(0.0147615 -0.00826541 0.0291582)
(0.022537 -0.0195571 0.0364218)
(0.0106295 -0.00831673 0.132067)
(0.0314605 -0.0172406 0.0458125)
(-0.0294764 -0.0321903 0.100835)
(0.0182392 -0.0202623 0.0511742)
(-0.0115273 -0.0168985 0.145886)
(-0.0326448 -0.0214887 0.0880958)
(-0.00447344 -0.00826934 0.17949)
(0.0101612 -0.0402297 0.0189018)
(0.033571 -0.0271019 0.145243)
(-0.0282646 -0.0321202 0.143691)
(0.030829 -0.0308901 0.116345)
(-0.0105944 -0.00822042 0.108742)
(0.00209138 -0.0293236 0.169264)
(0.0299555 -0.0172986 0.0591653)
(0.00676312 -0.0234269 0.111499)
(0.0138938 -0.0327179 0.118235)
(0.0197581 -0.00819753 0.0142295)
(-0.0215038 -0.0082419 0.0613197)
(0.0257266 -0.0315625 0.00829838)
(-0.0172462 -0.0378383 0.120286)
(0.00737255 -0.0284841 0.0843277)
(-0.0273035 -0.00825834 0.130404)
(0.0253078 -0.00821817 0.0815349)
(0.0401251 -0.0169734 0.135149)
(-0.0342163 -0.00811471 0.0274284)
(0.0156085 -0.0155699 0.175047)
(-0.0300705 -0.0314052 0.0718599)
(0.0227078 -0.0137252 0.0422003)
(0.0297047 -0.0306902 0.0478986)
(-0.0162886 -0.00816803 0.103367)
(-0.0219106 -0.0209717 0.132925)
(0.0158558 -0.0225309 0.0163236)
(0.0433609 -0.00822037 0.0800042)
(-0.01351 -0.0409198 0.11027)
(0.00493992 -0.0427295 0.0757485)
(-0.041112 -0.0148793 0.185839)
(-0.0333134 -0.00811358 0.0734564)
(-0.00215115 -0.0329924 0.0214384)
(0.0227303 -0.020404 0.187469)
(0.00341441 -0.00820898 0.023035)
(0.00688312 -0.0417363 0.148805)
(-0.0261585 -0.00801068 0.00558157)
(-0.0253049 -0.0336456 0.164764)
(-0.00677503 -0.0147131 0.137303)
(-0.00403082 -0.0209546 0.130781)
(0.0271963 -0.0219041 0.180886)
(0.00545976 -0.0352202 0.125044)
(-0.00113993 -0.0365112 0.106046)
(0.0354736 -0.00833242 0.106348)
(0.0133444 -0.0210748 0.0853201)
(-0.0364075 -0.00826658 0.146819)
(0.0359822 -0.00831204 0.129318)
(0.018177 -0.0273998 0.0216164)
(0.000312679 -0.0140933 0.0442049)
(0.0363172 -0.00831901 0.112144)
(-0.0080298 -0.0429108 0.09307)
(-0.0101181 -0.0327056 0.126049)
(-0.0384575 -0.00818772 0.0234089)
(0.00907553 -0.00818245 0.052823)
(-0.028941 -0.0160375 0.0170693)
(-0.0426732 -0.00825588 0.169452)
(0.0159869 -0.026011 0.177584)
(-0.0172519 -0.00818634 0.0676989)
(0.032683 -0.0176257 0.123301)
(0.0317687 -0.0158042 0.105943)
(0.0433269 -0.00835421 0.0548465)
(-0.0196663 -0.0160482 0.0635764)
(0.0268669 -0.016727 0.154816)
(-0.000458416 -0.00813448 0.171441)
(0.039997 -0.0156945 0.185318)
(0.00902651 -0.0323744 0.16889)
(0.027057 -0.0259085 0.117982)
(-0.0287357 -0.0227713 0.0929916)
(0.00733854 -0.0180335 0.0937185)
(0.00171658 -0.0225779 0.0581604)
(-0.0395708 -0.0160132 0.0507785)
(0.00198046 -0.00822277 0.064801)
(-0.0240293 -0.0243223 0.144836)
(0.0125353 -0.00822672 0.0214364)
(0.00763006 -0.0268218 0.0481806)
(-0.0162966 -0.0161182 0.117767)
(0.0214225 -0.0182046 0.0677588)
(-0.00843081 -0.0232191 0.169448)
(-0.0341498 -0.00807516 0.0453696)
(0.0199318 -0.00812873 0.0639624)
(-0.015643 -0.0176253 0.125422)
(-0.0204661 -0.0372864 0.14703)
(0.0152368 -0.014725 0.0449652)
(-0.0293215 -0.0153075 0.172258)
(-0.0435256 -0.00817487 0.0953735)
(-0.0130931 -0.0379675 0.184049)
(-0.0107871 -0.00816714 0.0240549)
(0.0316934 -0.0205558 0.112133)
(0.0120528 -0.0413227 0.0607548)
(-0.0156324 -0.0211266 0.013145)
(-0.0237947 -0.00820417 0.0692948)
(-0.00143786 -0.0353892 0.0607568)
(0.02658 -0.025143 0.0403208)
(-0.0344646 -0.0148708 0.0679386)
(0.0193194 -0.0369706 0.155508)
(0.0258187 -0.00834937 0.157845)
(-0.0308925 -0.0139598 0.129307)
(-0.00925506 -0.0222327 0.0371693)
(-0.023133 -0.0156372 0.0347631)
(0.00282689 -0.0151726 0.0185081)
(0.00575439 -0.0309877 0.00798169)
(0.0275528 -0.0248243 0.0758055)
(-0.0190162 -0.00805793 0.0929117)
(0.0153835 -0.00819987 0.0591171)
(0.0190715 -0.00818936 0.126676)
(0.0165533 -0.0225154 0.115042)
(0.0219651 -0.0203033 0.0617989)
(-0.0274004 -0.0338437 0.116216)
(0.0287871 -0.0238641 0.0683794)
(-0.0155545 -0.0402315 0.0627791)
(-0.012962 -0.0289082 0.192045)
(-0.000932701 -0.0151784 0.11569)
(0.014455 -0.0294534 0.107303)
(0.0240508 -0.0355468 0.14901)
(0.0132836 -0.0414774 0.111987)
(0.0232326 -0.0281605 0.10747)
(-0.0300074 -0.030486 0.156779)
(-0.0152902 -0.008111 0.0397695)
(-0.0330975 -0.015456 0.093683)
(-0.0146173 -0.011153 0.150061)
(-0.00555141 -0.0160628 0.175172)
(0.0213325 -0.0147054 0.0990368)
(0.0316399 -0.0298326 0.0580396)
(-0.035878 -0.00811043 0.0956657)
(-0.010623 -0.0322645 0.0774329)
(-0.00729814 -0.00827143 0.0899359)
(0.0233765 -0.0257116 0.133543)
(-0.0258652 -0.0238443 0.102614)
(-0.00839347 -0.0417077 0.14209)
(0.0432841 -0.00808454 0.116838)
(-0.012843 -0.0325407 0.060056)
(-0.0319956 -0.0286444 0.0569128)
(-0.0433536 -0.00847366 0.0337658)
(0.00614564 -0.0218998 0.121046)
(-0.03686 -0.023574 0.0998389)
(-0.0311536 -0.0295957 0.0430801)
(-0.0392596 -0.0198377 0.0844027)
(0.0372551 -0.0228468 0.124415)
(0.0198955 -0.0389429 0.0926889)
(0.0204834 -0.0157624 0.0269764)
(0.0365454 -0.00815557 0.169667)
(0.0153547 -0.0151004 0.186482)
(0.0052183 -0.0198699 0.175357)
(-0.0278462 -0.024402 0.124988)
(-0.0245946 -0.0161129 0.102423)
(-0.0157378 -0.00809049 0.0796747)
(-0.0391403 -0.0175492 0.0174154)
(-0.00122677 -0.0358329 0.0912026)
(0.0133257 -0.00814778 0.0430304)
(0.0294462 -0.0253171 0.105695)
(0.0252861 -0.0080478 0.0920471)
(0.00317514 -0.0138769 0.128418)
(0.02 -0.0306164 0.102604)
(0.0145946 -0.0190639 0.126962)
(0.0201277 -0.008023 0.0505157)
(-0.000941399 -0.0157812 0.148538)
(0.00555379 -0.0342777 0.0727818)
(-0.0436384 -0.0080264 0.0142397)
(0.036138 -0.00812705 0.121707)
(-0.00946963 -0.0207365 0.0618543)
(0.00236188 -0.00801862 0.14441)
(-0.00597815 -0.0234461 0.0459863)
(0.0233535 -0.0156476 0.142085)
(-0.0434319 -0.00805879 0.180897)
(0.0150263 -0.00805624 0.140172)
(0.0227396 -0.025007 0.149414)
(-0.0363341 -0.00804928 0.177092)
(0.0343162 -0.00874442 0.00557659)
(-0.00856311 -0.0357367 0.100627)
(-0.0364384 -0.00800534 0.0852225)
(-0.0409672 -0.0145552 0.169775)
(-0.0137513 -0.0144238 0.0928093)
(-0.00951278 -0.00814803 0.151719)
(-0.00450955 -0.00816717 0.0501383)
(-0.0263434 -0.0220947 0.179466)
(-0.0197861 -0.0385329 0.137633)
(-0.00145627 -0.0247393 0.0155326)
(0.0249078 -0.0244265 0.141836)
(0.0159542 -0.030315 0.0451054)
(0.0334162 -0.00804209 0.0664247)
(-0.0119126 -0.020824 0.0292348)
(-0.0137273 -0.0223835 0.0501141)
(-0.013883 -0.0390433 0.173657)
(0.0116583 -0.0156066 0.0364816)
(0.0436845 -0.00813571 0.0449177)
(0.00142681 -0.00809993 0.0340907)
(-0.0137136 -0.0131328 0.107946)
(-0.0193127 -0.0264594 0.0186088)
(0.0188048 -0.0395719 0.109394)
(-7.29128e-05 -0.0418852 0.176128)
(0.0110237 -0.00807242 0.0685334)
(0.00736178 -0.0376392 0.0511445)
(0.00154041 -0.00813158 0.156708)
(0.0413504 -0.0149586 0.113898)
(0.0220174 -0.0159417 0.131731)
(-0.0287541 -0.00806849 0.136179)
(0.0174011 -0.0288537 0.0772174)
(-0.002614 -0.00795485 0.0971272)
(0.0176445 -0.0384576 0.02112)
(0.0100823 -0.00794216 0.159172)
(0.00204506 -0.0141744 0.0344761)
(-0.0409933 -0.0164799 0.125849)
(0.0242073 -0.00794848 0.186622)
(0.0047251 -0.0150752 0.19381)
(-0.0341102 -0.0184123 0.0747603)
(-0.0238566 -0.0367163 0.0647475)
(0.030905 -0.0219801 0.0870528)
(0.00200249 -0.00785933 0.179143)
(-0.0317358 -0.0288128 0.127652)
(-0.00858085 -0.00793407 0.194652)
(0.0317169 -0.0159206 0.162572)
(0.027707 -0.0146664 0.0739435)
(0.0204343 -0.00798189 0.102446)
(0.0221416 -0.00805039 0.0332117)
(-0.0369884 -0.00814759 0.0777885)
(0.0355415 -0.0214871 0.168947)
(-0.00743796 -0.0145074 0.0675529)
(-0.0208554 -0.0167358 0.152927)
(0.020205 -0.0381953 0.0553411)
(0.0196799 -0.0372484 0.177755)
(0.0433027 -0.00817587 0.128815)
(-0.0147758 -0.0148156 0.00627298)
(-0.0166441 -0.0142874 0.0537828)
(-0.027121 -0.0132886 0.147539)
(0.00542969 -0.0246529 0.151082)
(-0.0330617 -0.0156909 0.039905)
(0.0325813 -0.0080475 0.0562235)
(0.0334216 -0.0139635 0.0318701)
(0.0175049 -0.0154415 0.0580965)
(-0.0269182 -0.00803707 0.0800764)
(-0.0416326 -0.015222 0.141822)
(0.00757974 -0.024421 0.0161412)
(-0.00893863 -0.0251789 0.1408)
(0.00445699 -0.00803276 0.00867118)
(-0.0148488 -0.0157192 0.192413)
(-0.00267037 -0.00797757 0.194313)
(0.00830857 -0.021292 0.160933)
(-0.00255195 -0.0142527 0.0728386)
(-0.0177021 -0.00807624 0.0571529)
(0.0350955 -0.00800449 0.0934751)
(-0.0344084 -0.027125 0.0688934)
(-0.0253406 -0.0234835 0.155053)
(-0.0195215 -0.0274956 0.00738579)
(-0.0172737 -0.0191402 0.0918791)
(0.00165049 -0.0144927 0.0903625)
(0.011133 -0.0215449 0.102469)
(0.0178139 -0.0080007 0.0930339)
(0.0217231 -0.0192703 0.167724)
(0.0123009 -0.016334 0.137377)
(0.0405125 -0.0178657 0.10807)
(-0.0250474 -0.0155257 0.0660627)
(-0.0378674 -0.00802975 0.126639)
(0.00670898 -0.0417801 0.0311312)
(-0.00101847 -0.0166727 0.164941)
(-0.022266 -0.0281719 0.0869089)
(-0.0419167 -0.0136314 0.0235807)
(-0.0345702 -0.0165218 0.114844)
(-0.0130517 -0.00786653 0.179876)
(0.00264964 -0.0418057 0.163347)
(0.0279287 -0.023232 0.0987333)
(-0.00230697 -0.0281175 0.094951)
(0.0152015 -0.0193173 0.0249543)
(0.0416384 -0.0143427 0.0214591)
(0.0239022 -0.0365194 0.0738504)
(-0.0378914 -0.0199561 0.19004)
(-0.00565907 -0.0210226 0.0866168)
(-0.0249113 -0.0162948 0.135433)
(-0.0348271 -0.0150019 0.0816802)
(0.00197099 -0.0432995 0.0521706)
(0.041065 -0.0171929 0.0963528)
(-0.00533739 -0.00789325 0.121844)
(0.0265274 -0.0082233 0.194209)
(0.0437345 -0.00789095 0.13562)
(0.0133653 -0.00797964 0.0115509)
(-0.0259654 -0.0231466 0.04433)
(-0.00386569 -0.0325321 0.051537)
(0.0111969 -0.034648 0.138977)
(-0.0161363 -0.0206429 0.156499)
(0.00813193 -0.00804298 0.143341)
(0.00290263 -0.00799795 0.194421)
(-0.0433654 -0.00850863 0.135754)
(0.0234879 -0.00781278 0.16287)
(0.0238622 -0.0133489 0.164579)
(-0.0244259 -0.0149852 0.117866)
(-0.0107268 -0.0242687 0.0186057)
(-0.0182075 -0.00784814 0.153295)
(0.0377916 -0.00820512 0.144566)
(-0.0246805 -0.0347455 0.0272154)
(0.00364774 -0.0196086 0.0745498)
(0.0057705 -0.0268565 0.0943718)
(0.0182133 -0.00776494 0.168838)
(-0.0237761 -0.0348476 0.183712)
(-0.0229308 -0.0140335 0.1076)
(-0.0189837 -0.0298837 0.16756)
(-0.0128384 -0.0230157 0.126041)
(0.0167305 -0.032505 0.0845063)
(0.0128386 -0.00788546 0.126592)
(0.00108087 -0.0428517 0.143506)
(-0.00136487 -0.0259147 0.103864)
(0.00475465 -0.0359617 0.135277)
(0.0237967 -0.00803735 0.0599959)
(0.0257699 -0.033302 0.188377)
(0.0250244 -0.0167727 0.103211)
(-0.0438415 -0.00793564 0.00548022)
(-0.0385701 -0.00769774 0.00510121)
(-0.000586581 -0.00780393 0.0553256)
(0.0437417 -0.0077912 0.14468)
(-0.0183167 -0.0290237 0.0384512)
(0.0133088 -0.0239502 0.110287)
(-0.00876474 -0.0426279 0.0530222)
(-0.0199709 -0.0158691 0.16457)
(-0.0370607 -0.0239707 0.122365)
(-2.01244e-05 -0.0254783 0.129555)
(0.0438576 -0.00795881 0.153286)
(0.0339246 -0.0280143 0.0716172)
(-0.0370492 -0.00797363 0.0693968)
(0.0247244 -0.0174842 0.114574)
(-0.0150001 -0.0411009 0.0767679)
(0.0223592 -0.0293778 0.0663777)
(0.0252702 -0.0164086 0.048595)
(0.00287156 -0.0435256 0.0878728)
(-0.0273859 -0.0235314 0.0734827)
(-0.00959015 -0.0423998 0.0645743)
(0.00310983 -0.0152533 0.103899)
(0.00558157 -0.0337674 0.0420485)
(-0.00473483 -0.0147669 0.0965003)
(0.00575945 -0.0135591 0.0968567)
(-0.0233987 -0.00781904 0.114725)
(0.0239223 -0.00778365 0.124132)
(-0.0204904 -0.0076837 0.0303994)
(-0.0179171 -0.0183509 0.068658)
(0.00276932 -0.0256407 0.141267)
(0.0175385 -0.0138743 0.067684)
(0.0272361 -0.0230028 0.168023)
(-0.00704988 -0.00780146 0.00534933)
(-0.00571987 -0.0154609 0.0836129)
(0.0254183 -0.0350607 0.134423)
(0.0313081 -0.0160809 0.175467)
(-0.00695504 -0.0150561 0.0490916)
(-0.010889 -0.00788301 0.0605517)
(-0.0414596 -0.015145 0.160482)
(-0.0380431 -0.020404 0.157638)
(0.0105846 -0.0141933 0.0627061)
(-1.22231e-05 -0.0077476 0.163988)
(0.0322439 -0.00889952 0.0752571)
(-0.0181728 -0.0157311 0.176393)
(-0.0255894 -0.0357576 0.090218)
(0.034903 -0.0149632 0.114545)
(0.0136062 -0.0348816 0.0784406)
(-0.0218875 -0.0235482 0.168389)
(-0.0118484 -0.0189444 0.0767196)
(0.0109552 -0.036365 0.0993576)
(0.00679454 -0.0342412 0.0307664)
(0.00622227 -0.0281256 0.0611382)
(0.0252577 -0.0133338 0.0107688)
(0.0355123 -0.00779243 0.0243459)
(0.00888185 -0.030308 0.127199)
(0.0376676 -0.00772611 0.176229)
(0.0414423 -0.0156135 0.0748688)
(-0.00963954 -0.035792 0.138447)
(-0.00101496 -0.00780663 0.0433769)
(0.0247999 -0.023643 0.0565502)
(-0.0386002 -0.0193298 0.0237427)
(0.031294 -0.0213936 0.144077)
(0.0130188 -0.00785528 0.163777)
(0.00366977 -0.0247656 0.106711)
(-0.0260452 -0.00775805 0.0150237)
(0.0309992 -0.0301195 0.159055)
(0.0248563 -0.0358851 0.119521)
(0.00746108 -0.0148555 0.0536326)
(-0.0408675 -0.0161172 0.0420292)
(0.0382171 -0.00777275 0.0450654)
(0.0125187 -0.0210807 0.150274)
(-0.0149499 -0.032877 0.0684026)
(-0.0117869 -0.0339459 0.0530105)
(-0.00760162 -0.0434188 0.100299)
(-0.016211 -0.00786231 0.0157838)
(0.0138609 -0.0322635 0.155677)
(-0.0035799 -0.0263263 0.120265)
(0.00495679 -0.0347741 0.116273)
(0.0377267 -0.00785111 0.160546)
(0.00757748 -0.0206167 0.0294916)
(-0.00172944 -0.0418882 0.0418473)
(-0.0221347 -0.0381358 0.0857062)
(-0.0203075 -0.0133754 0.0846279)
(0.010656 -0.00790514 0.112575)
(0.00594365 -0.014146 0.137886)
(-0.01056 -0.0245667 0.0871871)
(-0.0397337 -0.0187103 0.146507)
(0.0102232 -0.0156368 0.178299)
(0.0121217 -0.00773945 0.149821)
(0.0171409 -0.0392797 0.167739)
(0.00879713 -0.0321131 0.144748)
(-0.0126827 -0.0395634 0.191958)
(0.0111111 -0.0416691 0.142625)
(-0.0439047 -0.0078786 0.02228)
(0.00217297 -0.0222861 0.164709)
(-0.012431 -0.0154629 0.156958)
(0.0438697 -0.00767024 0.0701144)
(0.0259706 -0.00783469 0.113067)
(0.0268883 -0.012731 0.110889)
(-0.0256439 -0.0177082 0.186761)
(0.0047178 -0.0264675 0.117504)
(0.0308302 -0.03162 0.101221)
(-0.00936582 -0.0150312 0.0138663)
(-0.014729 -0.0340058 0.0919835)
(0.0291315 -0.0079523 0.125753)
(0.000149895 -0.0143224 0.0802004)
(-0.00491802 -0.0257507 0.0585496)
(0.00387923 -0.0143167 0.0696251)
(0.0120093 -0.0340653 0.0408679)
(0.0237693 -0.00789441 0.173383)
(0.0260226 -0.0141502 0.0684083)
(0.0440112 -0.00776812 0.0853907)
(-0.0106763 -0.0272877 0.0277141)
(-0.00632376 -0.0300024 0.114938)
(-0.0311732 -0.0140752 0.189164)
(0.029652 -0.0324827 0.0821064)
(0.0375312 -0.00783234 0.014132)
(-0.0118142 -0.0347792 0.00771922)
(-0.0399335 -0.0193387 0.0730111)
(-0.0226423 -0.0162485 0.0527451)
(-0.0298722 -0.0214747 0.0603159)
(0.0378098 -0.0213109 0.0447518)
(-0.0249831 -0.0361795 0.101607)
(0.0255541 -0.0356242 0.0916866)
(-0.0304191 -0.0118927 0.0444507)
(0.0434828 -0.00771576 0.106477)
(-0.0122417 -0.0321778 0.0431629)
(0.0378653 -0.00774474 0.136569)
(0.00465007 -0.0440572 0.101511)
(0.0355402 -0.0261586 0.0617299)
(0.00925332 -0.0415822 0.158579)
(0.0198568 -0.0315898 0.144966)
(0.0288514 -0.0237751 0.15046)
(0.0307543 -0.029977 0.152314)
(-0.00920638 -0.0233452 0.163073)
(-0.0154287 -0.0393888 0.0191489)
(-0.0424824 -0.00786534 0.0641809)
(-0.00292022 -0.0142114 0.0163052)
(-0.0376077 -0.0078775 0.14131)
(-0.0354446 -0.00772454 0.116463)
(-0.0104048 -0.00772423 0.175192)
(-0.0284673 -0.0233794 0.116174)
(-0.0180481 -0.023909 0.19294)
(-0.0436782 -0.00796613 0.105487)
(0.0376663 -0.00768706 0.0982002)
(0.00693811 -0.0276091 0.101305)
(-0.000506232 -0.0264032 0.0768834)
(0.0324788 -0.0145155 0.194141)
(-0.0234457 -0.0151444 0.0801439)
(0.0322792 -0.00788361 0.0338387)
(-0.0260091 -0.00769266 0.0218474)
(-0.0133937 -0.0155591 0.167636)
(0.0289228 -0.0230321 0.1334)
(0.00163742 -0.0171452 0.187835)
(0.028583 -0.0231225 0.0260535)
(-0.0214424 -0.0142227 0.144536)
(-0.0106299 -0.0346709 0.111749)
(-0.0246702 -0.00774883 0.0389677)
(0.0324788 -0.00783339 0.165494)
(0.0357568 -0.0202845 0.0121141)
(-0.00287442 -0.0357779 0.1241)
(0.00932081 -0.00775264 0.0908396)
(-0.0119673 -0.0172954 0.135449)
(0.0140377 -0.0135221 0.0119197)
(-0.0419245 -0.0143594 0.08614)
(-0.0217043 -0.0282612 0.177343)
(-0.0080888 -0.0132601 0.0414281)
(-0.0439328 -0.00776212 0.118292)
(0.0200754 -0.00771584 0.116255)
(-0.0175258 -0.00777607 0.168068)
(-0.0291464 -0.0137693 0.0984479)
(-0.0409194 -0.0077643 0.0538988)
(0.0139594 -0.0416979 0.118755)
(0.0138682 -0.0273112 0.150097)
(0.0167031 -0.0407793 0.0790519)
(-0.037099 -0.00759948 0.0318931)
(-0.0279898 -0.00765395 0.121483)
(0.0347113 -0.0276923 0.105891)
(-0.0135059 -0.00774811 0.190334)
(0.0222534 -0.0274429 0.16005)
(0.0378141 -0.023296 0.102053)
(0.0195207 -0.0392149 0.0637193)
(-0.0381065 -0.00788027 0.134228)
(0.00977392 -0.0136183 0.148429)
(0.0166541 -0.0253711 0.184807)
(-0.00273943 -0.0288137 0.06494)
(-0.0281186 -0.00774461 0.164476)
(-0.0261142 -0.0141843 0.0603243)
(-0.00279489 -0.0364995 0.0454255)
(-0.0330228 -0.00761558 0.156825)
(0.0172555 -0.0228474 0.0716355)
(-0.0354149 -0.0253284 0.0367011)
(0.0113579 -0.00794269 0.194704)
(0.0103396 -0.0134902 0.194419)
(-0.00122994 -0.0216438 0.0427653)
(0.0038702 -0.0148048 0.171929)
(0.000973817 -0.0434764 0.0705672)
(-0.0116907 -0.0311311 0.155453)
(-0.0143209 -0.0239659 0.114862)
(-0.0183439 -0.0205559 0.184477)
(-0.0360789 -0.00760301 0.184488)
(0.0392779 -0.0201458 0.145657)
(-0.016924 -0.0404377 0.129965)
(0.0370132 -0.00779357 0.0531523)
(-0.00241567 -0.0136761 0.170759)
(0.0370483 -0.0139517 0.139147)
(-0.0318971 -0.0186808 0.160849)
(0.0391124 -0.0209413 0.0744892)
(0.0259886 -0.00777659 0.147994)
(-0.0256864 -0.0342249 0.176045)
(0.00758507 -0.0221228 0.18591)
(-0.00500884 -0.00771338 0.142602)
(-0.00843308 -0.0299035 0.088172)
(0.0355157 -0.0263674 0.0949162)
(0.0212756 -0.0187481 0.0915497)
(-0.0151611 -0.028812 0.107242)
(6.7515e-05 -0.00758674 0.0125594)
(-0.023477 -0.0373003 0.120505)
(0.0405944 -0.017741 0.0559962)
(0.00600861 -0.0293561 0.192621)
(0.009755 -0.0283402 0.111384)
(0.0439343 -0.00784063 0.0362905)
(-0.0421052 -0.0147078 0.0752729)
(-0.00397311 -0.0076462 0.0216729)
(0.00382776 -0.011857 0.0610039)
(-0.00124694 -0.0206306 0.176501)
(-0.0196489 -0.0224391 0.0589627)
(-0.014385 -0.0141237 0.100733)
(0.00124356 -0.00758051 0.149569)
(-0.0164855 -0.0282388 0.0650035)
(-0.0215428 -0.00772058 0.160672)
(-0.0223607 -0.00756541 0.1778)
(-0.00168448 -0.00779976 0.134764)
(-0.0065173 -0.0177763 0.126705)
(-0.034623 -0.0127748 0.184658)
(-0.0103179 -0.0137792 0.117657)
(-0.0310224 -0.0179957 0.12527)
(0.0206144 -0.00754942 0.158428)
(0.0263424 -0.00778513 0.133319)
(0.00175165 -0.0270546 0.0542017)
(0.0261774 -0.0339782 0.176789)
(-0.0265444 -0.00770667 0.0516733)
(-0.027256 -0.0130178 0.0526748)
(-0.00660386 -0.0148215 0.148473)
(0.0169227 -0.00965692 0.0466211)
(-0.00382054 -0.0227336 0.00961036)
(-0.0303228 -0.0320295 0.0894042)
(0.0424237 -0.0134253 0.043336)
(-0.042376 -0.0135702 0.0140504)
(0.0157814 -0.0134891 0.102187)
(-0.00235183 -0.0158219 0.106305)
(-0.00710842 -0.0421508 0.118224)
(-0.00541041 -0.0224519 0.155516)
(-0.00441815 -0.0288654 0.131791)
(0.0142099 -0.0339602 0.0894785)
(-0.0424166 -0.0130901 0.0548993)
(0.0340357 -0.0151071 0.081015)
(0.000386203 -0.0313924 0.0736939)
(0.0274908 -0.0142239 0.0908883)
(0.0126433 -0.0263472 0.193014)
(-0.0139403 -0.0208233 0.100196)
(-0.0300028 -0.00755301 0.107764)
(-0.0272413 -0.023204 0.161268)
(-0.0181226 -0.0271297 0.0767085)
(-0.00262466 -0.0253843 0.171633)
(-0.0083472 -0.0134506 0.0922884)
(0.0286659 -0.0078219 0.0415079)
(-0.0107019 -0.0271759 0.180303)
(0.0245174 -0.0201858 0.0157565)
(-0.0149907 -0.00773073 0.0106639)
(-0.0240314 -0.0143561 0.0932485)
(-0.0147689 -0.0406842 0.148173)
(-0.0193001 -0.0388617 0.110553)
(0.00349594 -0.00776074 0.128547)
(-0.0434766 -0.00773079 0.0812107)
(0.0427546 -0.0133742 0.0528369)
(0.0264984 -0.00774903 0.0200424)
(-0.0331775 -0.0284233 0.146865)
(-0.0268536 -0.0218433 0.0315149)
(-0.0157714 -0.0170216 0.0264004)
(-0.0131208 -0.010641 0.194959)
(-0.021956 -0.0263708 0.0336651)
(-0.0203095 -0.0076306 0.0190704)
(-0.0269569 -0.0137761 0.0305472)
(-0.020747 -0.0388 0.0599529)
(-0.0179001 -0.0234115 0.141423)
(0.0297012 -0.00783085 0.0625416)
(0.00904762 -0.00770511 0.105491)
(-0.000228932 -0.0138881 0.143298)
(-0.0243206 -0.0144879 0.169082)
(0.000698508 -0.0296349 0.0412146)
(0.0365515 -0.0226967 0.182197)
(-0.00418857 -0.0144397 0.0586082)
(-0.00562668 -0.0167863 0.0781491)
(-0.0245955 -0.0356803 0.0409495)
(0.0132785 -0.00771136 0.0804177)
(0.0341096 -0.00773882 0.116876)
(-0.0154464 -0.0358426 0.0862405)
(0.0179723 -0.00769953 0.036387)
(0.0255703 -0.00765515 0.0706095)
(-0.0203721 -0.0304432 0.150489)
(-0.00993017 -0.0122862 0.172615)
(0.00745158 -0.0194936 0.00657522)
(-0.0313139 -0.0298291 0.174338)
(-0.0372401 -0.00764934 0.100731)
(-0.00868026 -0.0363818 0.0847828)
(-0.0278349 -0.01279 0.0766853)
(-0.0102708 -0.00759027 0.129628)
(-0.0441499 -0.00754644 0.162596)
(-0.00259518 -0.0363674 0.0685826)
(-0.00674837 -0.0204489 0.108359)
(0.0208746 -0.0281003 0.0880924)
(-0.0288955 -0.00748476 0.0898504)
(-0.0174857 -0.0195003 0.113474)
(0.0264848 -0.0140625 0.0963039)
(0.01169 -0.0131903 0.113314)
(-0.0250394 -0.0345223 0.0162337)
(-0.0308825 -0.0223138 0.0984065)
(0.0321665 -0.0149496 0.128764)
(0.0181044 -0.0232397 0.0439263)
(0.00603875 -0.0440366 0.0930281)
(0.0302492 -0.00765979 0.0896978)
(-0.0197719 -0.0258522 0.103947)
(-0.0104864 -0.00755925 0.071886)
(0.0107652 -0.0141774 0.0881477)
(-0.0351285 -0.0263101 0.0515636)
(-0.0394228 -0.0196625 0.0555604)
(0.0119117 -0.012738 0.12487)
(-0.00874312 -0.00770316 0.115255)
(0.0122806 -0.0133001 0.0200304)
(-0.0168938 -0.0256274 0.122745)
(0.0222056 -0.014187 0.00575627)
(-0.0422885 -0.0145011 0.11953)
(0.0174984 -0.0243943 0.0067965)
(0.0118218 -0.0270187 0.121759)
(0.0288622 -0.00755404 0.174451)
(0.0368966 -0.00768359 0.0367269)
(-0.0225893 -0.0380611 0.131816)
(0.00637199 -0.0136904 0.0793159)
(-0.00901404 -0.0422018 0.152667)
(-0.0341593 -0.0148377 0.139311)
(0.0114966 -0.0324652 0.0529368)
(0.000729535 -0.0438018 0.125657)
(0.00346526 -0.0422568 0.135741)
(-0.00078708 -0.00746089 0.0260147)
(0.0118813 -0.00765343 0.180358)
(-0.0104899 -0.00747998 0.0367987)
(0.00579705 -0.00771922 0.040322)
(-0.0282721 -0.00728667 0.195126)
(-0.0119555 -0.00766865 0.0190164)
(-0.0439779 -0.00777572 0.127005)
(-0.0371653 -0.0229071 0.0764982)
(0.0235435 -0.0171329 0.0767349)
(0.00616354 -0.0194712 0.168321)
(0.0351644 -0.0247756 0.0241819)
(-0.0395223 -0.0206664 0.115701)
(-0.00661177 -0.00766262 0.162106)
(0.0165348 -0.0352344 0.103563)
(-0.0137774 -0.0302309 0.0199184)
(0.016693 -0.0186739 0.0349796)
(-0.0221554 -0.00752495 0.130359)
(0.0247215 -0.00767236 0.178947)
(0.00630147 -0.0273563 0.078787)
(-0.0290167 -0.0126786 0.088323)
(0.039815 -0.0176035 0.00655921)
(-0.0253627 -0.00759989 0.151687)
(-0.00589176 -0.0137591 0.180426)
(0.0324942 -0.0303304 0.0920368)
(-0.0116863 -0.00767813 0.0992139)
(0.0142042 -0.025056 0.167429)
(-0.0247715 -0.0130795 0.13005)
(0.0349276 -0.0130512 0.16908)
(-0.0359859 -0.0254779 0.140546)
(-0.00766323 -0.0341019 0.192166)
(-0.037017 -0.0247025 0.0863507)
(0.0127745 -0.0130449 0.00503603)
(-0.0294174 -0.0126783 0.00543172)
(-0.00782525 -0.00703962 0.0771367)
(0.00513283 -0.0243011 0.127159)
(0.0423011 -0.0144396 0.120466)
(0.0100616 -0.00757625 0.0312404)
(0.0169702 -0.00748485 0.179436)
(-0.01474 -0.0293602 0.134586)
(-0.0184641 -0.0325576 0.138302)
(0.0253923 -0.0142565 0.170798)
(-0.0284561 -0.00754602 0.0751569)
(-0.00473553 -0.0191221 0.069061)
(-0.00218077 -0.0222595 0.0824152)
(0.0386991 -0.00757852 0.152892)
(-0.0280265 -0.0155659 0.10658)
(0.0125777 -0.0425268 0.101448)
(-0.0358017 -0.00751359 0.0190386)
(0.0115125 -0.021249 0.131888)
(-0.0385814 -0.0202155 0.172518)
(0.0247532 -0.0118549 0.0279576)
(-0.0140481 -0.0146076 0.0636389)
(-0.0115928 -0.0139228 0.185816)
(-0.0322399 -0.0214882 0.121112)
(0.0228362 -0.0161808 0.149573)
(-0.0129949 -0.0276022 0.0742444)
(0.0119773 -0.0289597 0.136839)
(-0.0231062 -0.030248 0.192961)
(0.0361899 -0.00743379 0.0833168)
(0.019528 -0.0161863 0.115877)
(0.0245478 -0.023144 0.110068)
(-0.0329678 -0.00744786 0.0555356)
(-0.00968322 -0.042857 0.0741706)
(-0.0291042 -0.00744795 0.113509)
(0.0220078 -0.00745165 0.0959803)
(0.0349725 -0.0150435 0.0995236)
(-0.0343009 -0.028845 0.106789)
(0.00554615 -0.0423064 0.024036)
(0.0132428 -0.0136516 0.0933975)
(-0.0145885 -0.0406491 0.0432239)
(-0.0329564 -0.0176415 0.027665)
(-0.00986449 -0.0248428 0.132985)
(0.0137745 -0.0207007 0.0677459)
(0.00376814 -0.0137137 0.182755)
(0.0270992 -0.0146712 0.0833255)
(0.0163181 -0.0354578 0.0486208)
(-0.0244951 -0.0215145 0.0547629)
(-0.016771 -0.0193286 0.130631)
(-0.00523169 -0.0074455 0.128453)
(-0.0031279 -0.00751244 0.10704)
(0.000636877 -0.0184764 0.013972)
(-0.0261512 -0.00743476 0.100457)
(-0.00811145 -0.00738032 0.170005)
(-0.0203002 -0.00754967 0.0473625)
(-0.0336422 -0.0165818 0.0581433)
(0.00364703 -0.0203477 0.154662)
(-0.00842825 -0.037259 0.121485)
(0.00600809 -0.0360131 0.0670263)
(-0.0349929 -0.0142967 0.10462)
(-0.0227873 -0.0244222 0.0237529)
(0.0076082 -0.0387521 0.11108)
(0.0140213 -0.0334159 0.148652)
(0.0203357 -0.0256977 0.0526287)
(0.0181423 -0.031657 0.0941333)
(0.0329533 -0.00746387 0.14616)
(0.0289109 -0.00767212 0.101853)
(0.00528666 -0.0074827 0.153273)
(0.00676048 -0.0421936 0.179148)
(0.0287534 -0.00767404 0.0480773)
(0.0429073 -0.0129408 0.0374916)
(0.011075 -0.00781915 0.00525017)
(0.001567 -0.0270447 0.14698)
(0.0168333 -0.0074147 0.0241184)
(-0.0167315 -0.029204 0.0867044)
(0.0204332 -0.0212343 0.0311547)
(-0.0272376 -0.0215198 0.0127081)
(0.013411 -0.0341335 0.059046)
(0.0221054 -0.0136284 0.0862981)
(0.00104191 -0.016647 0.132706)
(-0.018727 -0.0389292 0.033122)
(-0.00289788 -0.0212044 0.139903)
(-0.0128265 -0.0131641 0.124528)
(0.0361475 -0.0251962 0.0492291)
(0.0350447 -0.00749252 0.189231)
(0.04133 -0.0150731 0.193909)
(-0.0253381 -0.0075036 0.139945)
(-0.0389275 -0.0133329 0.19463)
(0.00917296 -0.0126389 0.120482)
(-0.0248024 -0.0284725 0.0724984)
(-0.00192093 -0.0442148 0.108899)
(-0.0254454 -0.00755862 0.0291601)
(-0.0132175 -0.00747895 0.160115)
(-0.0212302 -0.0143456 0.139035)
(0.0286231 -0.0127553 0.0401646)
(-0.00907844 -0.0135227 0.130185)
(0.0181181 -0.0383899 0.149304)
(0.0270479 -0.0137673 0.132631)
(-0.000678947 -0.026494 0.0459775)
(0.0282238 -0.013376 0.0633903)
(0.0277194 -0.00735231 0.0116262)
(-0.0264712 -0.0212853 0.0662475)
(0.00314546 -0.0180144 0.0253057)
(-0.0154408 -0.0339748 0.116247)
(0.00536367 -0.0275714 0.0680063)
(-0.0204482 -0.0179374 0.0875332)
(0.033101 -0.0294842 0.135984)
(0.0328441 -0.0137105 0.0558383)
(-0.0275737 -0.00738277 0.177974)
(0.000939287 -0.0318517 0.156111)
(-0.0240195 -0.0365184 0.141865)
(0.0195074 -0.0393289 0.128868)
(-0.0257416 -0.026487 0.107501)
(0.0139266 -0.0190384 0.0749384)
(0.012022 -0.0216245 0.054805)
(-0.0268466 -0.00744509 0.187057)
(0.0238621 -0.0365016 0.161546)
(-0.00407711 -0.0290151 0.138853)
(-0.0296484 -0.00756838 0.0612631)
(0.0423594 -0.012903 0.107232)
(-5.32838e-05 -0.00737119 0.188068)
(0.0342151 -0.0279581 0.123768)
(0.0365775 -0.0252498 0.138295)
(0.0429696 -0.0134542 0.0797657)
(0.0049306 -0.00734424 0.0755888)
(-0.0105842 -0.0341319 0.131762)
(-0.00223376 -0.0131332 0.111005)
(-0.0395571 -0.00753437 0.0373678)
(0.0334793 -0.026531 0.192858)
(-0.0129318 -0.0407023 0.166507)
(0.0104619 -0.00753641 0.0168671)
(0.0102466 -0.0429344 0.0521565)
(-0.0129825 -0.01862 0.054608)
(0.0134564 -0.0420067 0.0709833)
(0.0344161 -0.0137566 0.119852)
(0.0226323 -0.0262608 0.178688)
(-0.0318017 -0.00749824 0.169637)
(0.0146446 -0.0357455 0.110285)
(-0.0192067 -0.0120575 0.0168334)
(0.0146669 -0.0153573 0.169115)
(0.00454885 -0.0432633 0.0406132)
(-0.0207947 -0.0310124 0.132157)
(-0.030429 -0.0149119 0.0227331)
(0.0183558 -0.0149516 0.155108)
(0.0143489 -0.0272585 0.0695501)
(0.038994 -0.021418 0.0629724)
(-0.0107358 -0.0145265 0.141043)
(-0.000183468 -0.0348439 0.176293)
(0.0382848 -0.0229006 0.117426)
(0.0181401 -0.0221906 0.083027)
(-0.0440948 -0.00754206 0.0453176)
(0.00495965 -0.0228239 0.084831)
(0.011924 -0.031085 0.180078)
(-0.0308982 -0.0229365 0.0476066)
(-0.00887554 -0.0430698 0.1285)
(0.0208091 -0.00732876 0.0688931)
(0.0312148 -0.00756863 0.109051)
(-0.00671345 -0.0296408 0.0689103)
(-0.0031357 -0.0294037 0.089646)
(-0.0315807 -0.0311525 0.0773984)
(-0.00261206 -0.0428712 0.0298971)
(0.0153525 -0.0206445 0.0992422)
(-0.00116088 -0.0325913 0.00684288)
(-0.0134774 -0.0265469 0.151838)
(0.0274046 -0.034223 0.12777)
(-0.00837816 -0.0329579 0.0308334)
(-0.0380946 -0.0223956 0.0425948)
(-0.0413086 -0.0167063 0.136391)
(0.0429791 -0.0128967 0.136443)
(0.0437542 -0.00742194 0.0650609)
(-0.0215912 -0.0150796 0.00615838)
(0.0121488 -0.0134895 0.132749)
(-0.0374055 -0.00741247 0.189346)
(0.0419791 -0.0159504 0.0843779)
(0.01413 -0.0238305 0.0366242)
(0.00492089 -0.0372619 0.0973517)
(-0.0381895 -0.00749389 0.111244)
(-0.0317793 -0.0294612 0.0255004)
(-0.0427579 -0.0134663 0.0376632)
(-0.000465625 -0.0371497 0.08205)
(0.000936995 -0.0440112 0.059973)
(-0.00275963 -0.0429459 0.0753602)
(0.0176934 -0.00732738 0.144385)
(0.0205948 -0.0183584 0.105683)
(-0.0158495 -0.0221001 0.0063495)
(-0.0147117 -0.0227465 0.069066)
(-0.00033574 -0.0227961 0.026338)
(0.00752343 -0.0311844 0.0146706)
(-0.0142989 -0.00752596 0.031982)
(0.0015426 -0.0194968 0.122711)
(-0.0420521 -0.0144618 0.0612922)
(0.0173276 -0.0272396 0.0975878)
(-0.0194682 -0.0397379 0.0670215)
(0.0225814 -0.021073 0.193865)
(-0.00105031 -0.00730835 0.07343)
(-0.0141238 -0.0124774 0.181631)
(-0.0200184 -0.0385145 0.157502)
(0.0150771 -0.0235992 0.0624031)
(-0.0220413 -0.0204806 0.0946176)
(-0.0160194 -0.0255594 0.0541343)
(-0.0383195 -0.0219278 0.0321911)
(-0.0102258 -0.0364352 0.0947221)
(-0.0278386 -0.0347976 0.11065)
(-0.0264751 -0.0241844 0.00662752)
(0.00959267 -0.00733968 0.171443)
(-0.0399911 -0.0200348 0.0662305)
(0.0237727 -0.0374288 0.0600054)
(0.0255044 -0.00730437 0.141012)
(-0.0380268 -0.0073844 0.156481)
(0.0104536 -0.0293313 0.0348852)
(-0.0206526 -0.0244951 0.0824021)
(-0.0133424 -0.0422488 0.120574)
(0.0015375 -0.0354775 0.0341563)
(0.0257315 -0.0145827 0.0351854)
(-0.0179811 -0.033188 0.0575942)
(0.0301724 -0.0199919 0.158525)
(-0.0390933 -0.00729556 0.0450627)
(0.00655439 -0.00731532 0.134803)
(0.0432689 -0.0126669 0.0708072)
(-0.0289404 -0.0136008 0.111949)
(0.00450563 -0.00734914 0.0182342)
(-0.00877297 -0.0162233 0.0220482)
(-0.0284277 -0.0264469 0.0625114)
(-0.0068576 -0.0218652 0.0768168)
(0.00431323 -0.00742693 0.0514918)
(-0.0313511 -0.00722239 0.151155)
(0.0115978 -0.00748006 0.189741)
(-0.0156766 -0.0233261 0.040694)
(-0.00441083 -0.00728764 0.00955177)
(0.0272847 -0.012815 0.116223)
(-0.0144291 -0.014172 0.129788)
(0.00363863 -0.00742314 0.105726)
(-0.0257338 -0.0365351 0.0956827)
(0.00403238 -0.00747208 0.117078)
(-0.0418013 -0.014798 0.104062)
(0.0112169 -0.0074265 0.0385511)
(0.0129676 -0.0236373 0.0899867)
(0.0210478 -0.0393934 0.0872886)
(-0.00604333 -0.042356 0.171901)
(-0.0312567 -0.00728522 0.0234944)
(-0.0435976 -0.00736565 0.140658)
(-0.0289579 -0.00731248 0.0357722)
(0.0101106 -0.0124782 0.0152051)
(0.0285113 -0.0250142 0.162412)
(-0.036789 -0.0121483 0.0294255)
(0.00981338 -0.014424 0.0452979)
(0.0336805 -0.00744593 0.133693)
(0.03861 -0.00724913 0.0578501)
(0.00533725 -0.0115462 0.156181)
(-0.0372954 -0.0126856 0.133127)
(0.0153961 -0.0139612 0.0530184)
(0.0308551 -0.0309817 0.041545)
(0.0407448 -0.0182883 0.12492)
(0.0360686 -0.0261934 0.0788815)
(-0.0339516 -0.0157091 0.193728)
(-0.00455076 -0.00739845 0.0685139)
(-0.0233666 -0.0202134 0.117623)
(0.0201311 -0.0395604 0.103917)
(-0.0279483 -0.0232564 0.170198)
(0.0209818 -0.014878 0.177178)
(-0.0304624 -0.0210157 0.131381)
(-0.0185855 -0.00722601 0.0990396)
(0.0279519 -0.0124135 0.0190317)
(0.0331984 -0.0148221 0.0198947)
(-0.0326896 -0.0303201 0.064624)
(-0.00650119 -0.00732076 0.147842)
(0.0301693 -0.00735389 0.0846614)
(0.00982712 -0.0204335 0.108359)
(-0.0156405 -0.0336872 0.127387)
(-0.0107291 -0.00728638 0.135575)
(-0.035806 -0.0128132 0.0174086)
(-0.00558305 -0.00726677 0.034041)
(-0.0202127 -0.00729499 0.0866312)
(0.0328584 -0.0288046 0.0316296)
(0.00661437 -0.0153341 0.0116834)
(0.0157598 -0.0405441 0.15997)
(-0.00150318 -0.02108 0.0525311)
(-0.00865629 -0.0202153 0.100838)
(0.0165884 -0.0252904 0.126327)
(0.00684925 -0.00742433 0.097434)
(-0.0246535 -0.027112 0.0916464)
(0.0120292 -0.0337892 0.0946722)
(0.0352967 -0.0135181 0.0690867)
(-0.00695393 -0.0106147 0.106341)
(0.00271728 -0.00733273 0.0592838)
(0.0326554 -0.0200839 0.130627)
(0.01316 -0.00737427 0.0740857)
(-0.00121032 -0.0371606 0.144079)
(-0.0273694 -0.0146808 0.194592)
(0.0163618 -0.00751908 0.195003)
(-0.0106024 -0.00728653 0.165026)
(-0.0068593 -0.0314367 0.0818627)
(0.0147351 -0.0177997 0.181329)
(0.0201913 -0.0319595 0.113781)
(-0.0283873 -0.0127279 0.13382)
(-0.0424215 -0.0140837 0.148063)
(-0.0148425 -0.0416496 0.0862298)
(0.0432049 -0.0131663 0.0994308)
(0.0221774 -0.00741425 0.135982)
(-0.00383595 -0.0445128 0.0962625)
(-0.0029695 -0.00721868 0.116368)
(-0.0039346 -0.0317056 0.167878)
(0.0430522 -0.0130394 0.0937585)
(0.0269181 -0.0142568 0.145838)
(0.00411215 -0.0146676 0.116905)
(-0.000331917 -0.0255033 0.115914)
(0.0132039 -0.0136522 0.155887)
(0.0445403 -0.00735097 0.180634)
(0.00537003 -0.0220158 0.0699894)
(-0.035998 -0.025243 0.161097)
(-0.0089956 -0.0121761 0.00467513)
(-0.0109123 -0.0130217 0.0458751)
(-0.0148676 -0.0191027 0.045567)
(0.00366112 -0.0184828 0.0440441)
(0.0229441 -0.00731428 0.0236103)
(-0.0431201 -0.0133617 0.110777)
(0.0326661 -0.0303264 0.110791)
(0.0278219 -0.0151396 0.186745)
(-0.0255493 -0.007367 0.0940903)
(-0.0225724 -0.00736345 0.00890225)
(-0.0293401 -0.0235377 0.147564)
(0.00853958 -0.036743 0.0796826)
(-0.000375573 -0.0315975 0.108601)
(0.00874828 -0.0432854 0.128532)
(-0.00589026 -0.00722759 0.082193)
(-0.0306778 -0.00747279 0.00776488)
(0.0150653 -0.00719538 0.159344)
(-0.0226039 -0.0214399 0.122971)
(0.0344555 -0.00741556 0.0181388)
(-0.012593 -0.0073011 0.0651557)
(0.0182421 -0.0380549 0.0278003)
(0.0246899 -0.0271387 0.0220505)
(0.02404 -0.0372447 0.109327)
(-0.0302405 -0.00724465 0.042488)
(-0.00662687 -0.0350255 0.105831)
(0.0286589 -0.0327384 0.16989)
(0.0110012 -0.0215606 0.17084)
(-0.0185125 -0.0196202 0.171234)
(0.00712562 -0.0194015 0.128404)
(0.019039 -0.0197533 0.0115365)
(-0.0354306 -0.0185547 0.099294)
(0.0387019 -0.00711862 0.0641313)
(0.0020439 -0.0315949 0.0264695)
(-0.0281854 -0.0125734 0.163488)
(-0.0246293 -0.0126273 0.159672)
(-0.000202745 -0.034665 0.11393)
(-0.0108301 -0.0369611 0.0631478)
(-0.00487636 -0.014399 0.0284611)
(0.0133779 -0.0428338 0.0961363)
(0.0170571 -0.0319361 0.136108)
(-0.0257695 -0.0284644 0.139839)
(0.0180661 -0.0148381 0.0902967)
(0.0362566 -0.0128856 0.104038)
(0.0259446 -0.0242082 0.12859)
(0.0166114 -0.0270658 0.118784)
(-0.0139727 -0.00731301 0.123291)
(-0.00929818 -0.00724405 0.00989601)
(0.00369573 -0.0357894 0.0580491)
(-0.0126782 -0.0365329 0.074232)
(0.034554 -0.00731548 0.0102653)
(0.029384 -0.0332728 0.0741115)
(-0.026787 -0.0144101 0.0475067)
(-0.0155596 -0.0148422 0.112436)
(-0.0187018 -0.0259078 0.146996)
(0.00070173 -0.013499 0.0572323)
(0.0212586 -0.0256131 0.100861)
(0.0359153 -0.0262414 0.0561158)
(-0.025053 -0.030004 0.0533193)
(-0.034749 -0.0127176 0.178343)
(-0.0429234 -0.0130336 0.178877)
(-0.00855753 -0.0415989 0.00779563)
(0.000220764 -0.0143077 0.0497233)
(0.00957657 -0.00709973 0.118289)
(-0.0320877 -0.0126466 0.0282708)
(0.0275825 -0.00726148 0.0351358)
(-0.0285397 -0.00722337 0.0685108)
(-0.0064692 -0.0425363 0.158777)
(-0.0416943 -0.0126969 0.0050587)
(-0.0249269 -0.0184998 0.144184)
(0.00402801 -0.0443304 0.114983)
(0.0425755 -0.0133662 0.00889542)
(0.00545102 -0.0428122 0.171757)
(0.0282966 -0.0336999 0.0338696)
(-0.0352458 -0.0262792 0.0457868)
(0.0126004 -0.0335253 0.0732203)
(0.00774253 -0.0226543 0.0760197)
(0.018898 -0.0226333 0.135072)
(-0.0284311 -0.0125192 0.18498)
(0.0390112 -0.00724527 0.184095)
(0.0367992 -0.0122029 0.178009)
(0.00651435 -0.0438062 0.0627405)
(-0.0235129 -0.00711406 0.167689)
(0.00457233 -0.0297863 0.163563)
(0.000161628 -0.0402503 0.192363)
(-0.0434434 -0.012519 0.0452429)
(0.0302966 -0.0108863 0.14843)
(-0.00958421 -0.021698 0.0239408)
(-0.0175055 -0.00864181 0.15807)
(-0.00564118 -0.0135525 0.163029)
(-0.000694837 -0.0377876 0.100879)
(-0.0358297 -0.0249194 0.169008)
(0.014132 -0.00727576 0.0859866)
(0.0368204 -0.0200386 0.155958)
(-0.0116314 -0.0330327 0.176263)
(-0.0379108 -0.0233873 0.130796)
(0.0232693 -0.00706492 0.153901)
(0.0201588 -0.0378998 0.184878)
(0.0291495 -0.0337154 0.0670528)
(-0.00930484 -0.0235968 0.185244)
(-0.0205544 -0.0115129 0.175561)
(0.0176429 -0.0336181 0.0664508)
(-0.0137388 -0.0239436 0.0615287)
(0.0209435 -0.0196719 0.159196)
(0.0386057 -0.00717761 0.165324)
(-0.00258838 -0.0326147 0.182706)
(-0.00603437 -0.0364387 0.0574816)
(-0.0261295 -0.0071642 0.0858085)
(0.0351522 -0.014332 0.014164)
(-0.00845543 -0.0213683 0.144873)
(-0.0178106 -0.0408592 0.0973514)
(-0.0432892 -0.013073 0.0965078)
(-0.0116702 -0.00736315 0.143364)
(0.0311882 -0.00734203 0.153935)
(-0.00935129 -0.00719264 0.187882)
(-0.0129697 -0.0414001 0.035251)
(0.0394499 -0.0204182 0.0857709)
(0.0278394 -0.00720853 0.0552618)
(-0.0443357 -0.00734242 0.0384301)
(-0.031451 -0.0293316 0.00674294)
(-0.0377644 -0.00727213 0.12075)
(0.00480901 -0.011989 0.0424456)
(-0.00847054 -0.0355039 0.0366563)
(0.0286947 -0.0146802 0.121544)
(0.0213464 -0.0276707 0.128525)
(-0.0320416 -0.0213093 0.13864)
(0.0248125 -0.00728486 0.104431)
(-0.0146035 -0.0121305 0.159818)
(0.0314598 -0.021185 0.0626799)
(0.0126473 -0.0234355 0.143072)
(-0.0317955 -0.0296512 0.0144271)
(0.0198194 -0.0134161 0.0763947)
(-0.00130795 -0.0218773 0.159447)
(-0.0292341 -0.0324379 0.0313662)
(-0.0283952 -0.00718406 0.155447)
(-0.0027323 -0.00710557 0.0640365)
(0.00519275 -0.012727 0.0253201)
(-0.020425 -0.00707593 0.182566)
(-0.00332876 -0.0300245 0.147163)
(-0.0109153 -0.00727295 0.0868438)
(-0.0134999 -0.0425147 0.0933033)
(-0.0323812 -0.0119817 0.0538143)
(0.00306372 -0.0127892 0.110972)
(0.0330101 -0.0137311 0.187416)
(-0.0320693 -0.0177363 0.0461633)
(0.0121206 -0.0284168 0.101042)
(-0.0377794 -0.0236003 0.0591892)
(-0.0349275 -0.0267157 0.152395)
(0.0286269 -0.0128041 0.101478)
(0.0287403 -0.0202281 0.104583)
(0.0213131 -0.00734183 0.0404758)
(-0.0187277 -0.0267259 0.0909455)
(-0.0291659 -0.0246232 0.0540986)
(-0.0142813 -0.0273391 0.0969902)
(0.0115415 -0.0203217 0.0955098)
(-0.0132881 -0.0206727 0.118796)
(0.0201503 -0.00706741 0.189042)
(0.0321749 -0.0295003 0.174258)
(0.0280385 -0.00713336 0.0971026)
(0.0290994 -0.0125749 0.158072)
(0.0276349 -0.0203957 0.0832419)
(-0.0314251 -0.0071028 0.093952)
(-0.00537888 -0.0071733 0.137815)
(0.0226499 -0.031282 0.0730266)
(0.000680409 -0.0212569 0.0996261)
(-0.00459511 -0.0427987 0.0166903)
(0.0147529 -0.0312217 0.166723)
(0.0119596 -0.0421018 0.0408505)
(-0.0123791 -0.0430937 0.102726)
(0.0218442 -0.0383074 0.0381197)
(0.0171194 -0.0408037 0.0510215)
(0.0244396 -0.0135765 0.193933)
(0.0185531 -0.0160397 0.0394361)
(0.00344449 -0.00710744 0.168797)
(0.0153025 -0.0331206 0.0247273)
(0.0306515 -0.00715621 0.185933)
(0.00631454 -0.0212156 0.10415)
(0.0274049 -0.0354366 0.0994889)
(-0.0301353 -0.0126461 0.176757)
(-0.0286373 -0.0344178 0.0675743)
(0.0110918 -0.0275118 0.13151)
(-0.036425 -0.00712743 0.0643668)
(-0.0277285 -0.0158035 0.0376328)
(-0.00345427 -0.0199783 0.034404)
(0.00628818 -0.0357872 0.0237197)
(0.000784262 -0.0139275 0.15726)
(-0.0311799 -0.0200689 0.106538)
(-0.0127695 -0.00704437 0.148345)
(0.0107764 -0.0128437 0.077005)
(-0.00160889 -0.0432115 0.182898)
(-0.00608245 -0.0379594 0.0917393)
(-0.0133556 -0.0355521 0.103261)
(0.0357473 -0.0106338 0.155175)
(0.0368038 -0.0125491 0.159549)
(-0.00164395 -0.0070685 0.0377942)
(-0.00173558 -0.0179342 0.020398)
(0.0243931 -0.00713607 0.0290568)
(0.0190809 -0.0113081 0.110511)
(-0.0129971 -0.0280844 0.00636913)
(-0.0229133 -0.0174578 0.111345)
(0.021714 -0.0304573 0.0351916)
(-0.00659221 -0.0125402 0.143326)
(-0.0390114 -0.021615 0.135829)
(-0.0350718 -0.028112 0.10175)
(-0.0282796 -0.0346474 0.0800138)
(-0.0154691 -0.03291 0.0796899)
(0.00109442 -0.00728542 0.109806)
(-0.0216077 -0.0315466 0.07553)
(-0.018717 -0.0260313 0.131402)
(0.000242571 -0.0357661 0.128772)
(0.00681156 -0.0183394 0.144863)
(0.00179618 -0.0315933 0.123345)
(0.0253452 -0.00854139 0.128669)
(0.0276059 -0.0221369 0.0348701)
(-0.0300355 -0.0220654 0.036442)
(0.0370055 -0.0121919 0.0511939)
(0.0405998 -0.0145587 0.0482193)
(0.0444087 -0.00747118 0.101478)
(-0.0119004 -0.0232633 0.10564)
(-0.00883594 -0.0126008 0.195388)
(-0.0169817 -0.0149614 0.147267)
(0.00594321 -0.0365279 0.152149)
(0.0354796 -0.00702908 0.180446)
(-0.0294143 -0.0130829 0.0668246)
(0.00423919 -0.0240267 0.171397)
(-0.00330231 -0.0440908 0.0546774)
(0.00464671 -0.013945 0.148658)
(0.0157087 -0.0415319 0.124218)
(-0.00806161 -0.012185 0.113642)
(0.0313411 -0.0222617 0.0797295)
(-0.0366557 -0.00719179 0.00946975)
(-0.0135054 -0.00704996 0.116591)
(0.0158056 -0.0399821 0.0141019)
(-0.00991618 -0.0333137 0.117236)
(-0.00148249 -0.0157742 0.127371)
(-0.00318205 -0.0212982 0.146962)
(0.037618 -0.0106182 0.19519)
(-0.0317342 -0.0209685 0.0653635)
(0.0398372 -0.00717899 0.0935508)
(0.0235887 -0.0239827 0.0692864)
(0.0311821 -0.0155561 0.111045)
(-0.0361138 -0.0267889 0.118002)
(-0.010645 -0.0174892 0.085526)
(0.00162212 -0.0231825 0.111171)
(0.0065661 -0.0123019 0.105903)
(0.023281 -0.0255531 0.0787192)
(0.0102293 -0.0132368 0.141949)
(0.000859874 -0.0300797 0.0862305)
(-0.0147903 -0.0416374 0.137911)
(-0.0108739 -0.0280301 0.166605)
(-0.0246938 -0.0275601 0.164724)
(0.026818 -0.0352152 0.0448426)
(0.0392071 -0.0219604 0.133598)
(-0.0237092 -0.0136716 0.0882952)
(-0.0027375 -0.0135243 0.0871435)
(0.0267569 -0.00746817 0.0049733)
(-0.0183962 -0.0207199 0.0202905)
(-0.00962847 -0.0291702 0.144856)
(0.0264056 -0.0140593 0.0544692)
(-0.0139269 -0.0417913 0.0499877)
(0.00822544 -0.0146403 0.0722028)
(-0.0189501 -0.00710107 0.120083)
(-0.029727 -0.0238927 0.0240007)
(-0.0250823 -0.00702596 0.125736)
(-0.0249414 -0.0145047 0.071019)
(-0.0145732 -0.00714798 0.111181)
(0.0433292 -0.0129263 0.152489)
(-0.0252486 -0.0159174 0.124593)
(-0.0440204 -0.0125602 0.0802035)
(-0.00961662 -0.00714831 0.0537332)
(0.0289973 -0.00731274 0.137313)
(0.0169865 -0.0293421 0.0581229)
(0.0390902 -0.0226349 0.108983)
(-0.0445497 -0.00728921 0.147301)
(-0.0208477 -0.0294436 0.120746)
(0.0336625 -0.00719736 0.17335)
(0.0247199 -0.0365627 0.0792097)
(0.0332651 -0.0210236 0.136373)
(-0.00315351 -0.0252042 0.0991059)
(0.0113119 -0.00708557 0.0568927)
(-0.0258388 -0.0228648 0.193624)
(-0.0200521 -0.007174 0.147311)
(-0.00311172 -0.0179316 0.135554)
(-0.0156525 -0.0131027 0.0585791)
(0.0110471 -0.0267968 0.0525018)
(0.0303449 -0.0224781 0.0574992)
(0.019551 -0.00703459 0.00462876)
(-0.0172862 -0.029311 0.155371)
(0.0272399 -0.0220716 0.114427)
(0.0445757 -0.00728647 0.092806)
(0.0158509 -0.00708594 0.172916)
(0.00987308 -0.0362153 0.117802)
(0.00220203 -0.021826 0.133014)
(-0.0107503 -0.0298116 0.101544)
(-0.0280143 -0.0137053 0.121066)
(0.00738262 -0.0358858 0.106685)
(-0.0363393 -0.0186528 0.125352)
(-0.0382772 -0.00719043 0.0895381)
(-0.0277798 -0.0208948 0.0859121)
(0.0410178 -0.0170202 0.0341781)
(0.00117547 -0.0440406 0.149596)
(0.0108397 -0.0435733 0.0758264)
(0.00132121 -0.0121348 0.162701)
(0.0159474 -0.00723556 0.130129)
(0.000139223 -0.0324839 0.0553714)
(0.00168245 -0.0138218 0.0651178)
(0.00725889 -0.0120313 0.131859)
(-0.0389452 -0.0070705 0.105208)
(-0.033804 -0.0069978 0.0356374)
(0.0213333 -0.0123554 0.135833)
(-0.0109389 -0.0199879 0.15433)
(-0.044736 -0.00720333 0.0907694)
(-0.00429305 -0.0115636 0.00446725)
(0.0228634 -0.0383887 0.114733)
(0.0334579 -0.0200739 0.0412976)
(-0.0190344 -0.0273995 0.0990555)
(-0.00146726 -0.00722716 0.17598)
(-0.0194871 -0.0391658 0.0394382)
(0.0199971 -0.0120406 0.0235757)
(-0.0360286 -0.0130588 0.163449)
(0.0156366 -0.00717767 0.117838)
(0.0177788 -0.0311683 0.0395851)
(0.00230303 -0.00706861 0.124009)
(-0.0162813 -0.0130139 0.0410376)
(-0.0247757 -0.0120923 0.0231384)
(-0.0373606 -0.0122001 0.121197)
(0.00707678 -0.0269872 0.179484)
(0.0384633 -0.0071513 0.0206774)
(-0.0233091 -0.018005 0.0457682)
(-0.0261537 -0.035578 0.148183)
(-0.0359186 -0.0269746 0.0797596)
(-0.00506814 -0.0203051 0.166108)
(0.0448591 -0.00720703 0.157938)
(-0.016958 -0.00714501 0.0235586)
(-0.0100806 -0.0231886 0.0663492)
(0.0203333 -0.0400292 0.0689926)
(0.00922214 -0.0207062 0.0395705)
(-0.0221885 -0.0342207 0.0821333)
(0.0380331 -0.0117117 0.00465684)
(-0.0023604 -0.023084 0.0942773)
(0.0163539 -0.0138657 0.107162)
(-0.00259435 -0.00715284 0.0303758)
(-0.0320682 -0.0138291 0.0741187)
(-0.0376902 -0.0122069 0.0875028)
(-0.0305277 -0.0140241 0.156857)
(-0.0329155 -0.017406 0.175959)
(0.0355456 -0.0134764 0.0909085)
(0.0355421 -0.00707348 0.0412222)
(0.00686881 -0.0343277 0.186305)
(-0.00184685 -0.0213833 0.0617062)
(-0.0211954 -0.012674 0.189995)
(0.0387066 -0.00717988 0.125592)
(0.0238812 -0.0256159 0.00639416)
(0.00801884 -0.0436329 0.0468456)
(0.0230966 -0.0312019 0.124436)
(0.00853834 -0.0440219 0.111753)
(0.00820333 -0.0368394 0.0871673)
(-0.0316247 -0.0130965 0.143617)
(-0.0242201 -0.0121603 0.152184)
(0.0140552 -0.0197646 0.0462878)
(0.0225742 -0.0370521 0.193347)
(-0.0305546 -0.0326278 0.12039)
(0.00724261 -0.00692608 0.182516)
(-0.0167167 -0.040911 0.11536)
(0.0312291 -0.0196618 0.153169)
(-0.0386218 -0.0228146 0.0910049)
(-0.0170509 -0.0340495 0.0157374)
(-0.0149004 -0.0234 0.0903784)
(0.00794705 -0.00702818 0.0225775)
(0.0350845 -0.0121124 0.132476)
(-0.00476767 -0.0339723 0.097588)
(0.0224838 -0.00710496 0.144626)
(-0.00882156 -0.0432215 0.0455302)
(-0.0121342 -0.0127038 0.0176358)
(-0.0148234 -0.0338863 0.0480684)
(-0.0300064 -0.031831 0.168523)
(-0.0389097 -0.00703393 0.0736276)
(0.0124163 -0.0316098 0.00656463)
(-0.0182802 -0.0253148 0.172685)
(0.0130046 -0.0198649 0.117706)
(-0.00266842 -0.0116508 0.0411954)
(-0.00724398 -0.0070279 0.0464264)
(-0.0221536 -0.00698663 0.109394)
(-0.0123485 -0.0287265 0.0563594)
(-0.00422839 -0.00706565 0.184779)
(0.0144549 -0.0425575 0.0894246)
(-0.0255839 -0.0282099 0.0828726)
(0.0370517 -0.011955 0.038714)
(0.0333589 -0.0146048 0.0412283)
(0.0342631 -0.0196619 0.102138)
(0.000266169 -0.00697543 0.140331)
(-0.0252817 -0.00704094 0.173881)
(0.00975658 -0.0155939 0.109469)
(0.0115006 -0.034178 0.162529)
(0.0157075 -0.0344381 0.129152)
(-0.0164244 -0.00699083 0.00437993)
(0.0087072 -0.00697674 0.0645935)
(-0.00269733 -0.011479 0.0109755)
(-0.00665966 -0.0377556 0.0522494)
(-0.0274361 -0.0354926 0.0738024)
(0.0130815 -0.00699642 0.154359)
(-0.0140408 -0.00699953 0.0484426)
(0.00315887 -0.023098 0.0782753)
(-0.0357416 -0.018631 0.18464)
(-0.0196611 -0.0111262 0.0647234)
(0.000540798 -0.0195485 0.193955)
(-0.0379956 -0.00719013 0.0575545)
(0.0252879 -0.0150347 0.0594985)
(0.0189892 -0.00717754 0.00971468)
(-0.0363209 -0.0134484 0.111423)
(-0.0447882 -0.00732154 0.0509998)
(-0.0107734 -0.0433767 0.114336)
(0.0140035 -0.0397086 0.00715654)
(0.00945091 -0.0221086 0.0498315)
(-0.0209967 -0.0069501 0.136283)
(-0.0116102 -0.019876 0.0717865)
(-0.0146946 -0.0406036 0.0110317)
(-0.0383119 -0.0239654 0.104711)
(0.0186027 -0.012094 0.143415)
(0.0294218 -0.00720148 0.116868)
(0.0336515 -0.0291187 0.129306)
(0.0129677 -0.0257406 0.0796494)
(-0.0339491 -0.0116553 0.0361558)
(0.0158879 -0.011699 0.124112)
(0.0215984 -0.00702224 0.0841387)
(0.0103432 -0.0290124 0.0946928)
(0.0306128 -0.0214676 0.120547)
(-0.0357989 -0.0132086 0.168409)
(0.0253333 -0.0298962 0.0836147)
(-0.00547196 -0.0169125 0.043986)
(-0.0280803 -0.0274228 0.099767)
(-0.0166686 -0.0309459 0.11184)
(-0.0200829 -0.0129083 0.118575)
(-0.00757632 -0.0127921 0.0758152)
(0.00643411 -0.0280988 0.155478)
(0.026666 -0.013174 0.0785875)
(-0.00830423 -0.00696858 0.102361)
(0.0129458 -0.00703278 0.108595)
(-0.0157011 -0.0180573 0.0964649)
(0.00500709 -0.0149284 0.177755)
(0.0313894 -0.00713242 0.0293108)
(-0.00393732 -0.0380129 0.07797)
(-0.0108522 -0.00687873 0.0946175)
(0.0235933 -0.0231603 0.0923983)
(0.039006 -0.00711664 0.0870407)
(-0.0213909 -0.0289598 0.18365)
(-0.00793683 -0.0439487 0.0792709)
(0.00801916 -0.00710975 0.175939)
(0.00840647 -0.011685 0.174975)
(-0.000199803 -0.00692427 0.0923148)
(0.0211488 -0.0214867 0.075868)
(0.034304 -0.00694514 0.141697)
(-0.00784214 -0.019812 0.0948374)
(0.000515173 -0.0134956 0.0295091)
(0.0358208 -0.026758 0.150292)
(0.0390874 -0.0209185 0.164489)
(-0.0269348 -0.00705785 0.0105057)
(0.00535819 -0.00709951 0.0851866)
(-0.0403265 -0.0205852 0.107915)
(0.021194 -0.0126347 0.127584)
(0.00286148 -0.0326373 0.0625226)
(0.0191091 -0.018069 0.0464101)
(0.0207684 -0.0201525 0.113115)
(0.0205032 -0.0212515 0.123122)
(0.0442817 -0.0113664 0.00420707)
(0.0110699 -0.0129557 0.103015)
(0.0311273 -0.0123603 0.166255)
(0.00237452 -0.0352913 0.051187)
(-0.00297148 -0.00704499 0.157136)
(0.04449 -0.00748226 0.0263971)
(-0.0292714 -0.00713103 0.142428)
(0.0164419 -0.0134389 0.072754)
(0.0232031 -0.00704277 0.0547971)
(0.00292542 -0.0310071 0.100034)
(-0.00530655 -0.0389224 0.0645124)
(-0.0164279 -0.00687009 0.195724)
(0.00100294 -0.00715782 0.0824191)
(-0.00761026 -0.00699061 0.0175213)
(0.0164045 -0.0117053 0.171778)
(-0.0302381 -0.00712629 0.102983)
(0.00896324 -0.00703477 0.0104198)
(-0.0304874 -0.00685673 0.191061)
(0.0397953 -0.0196186 0.172882)
(-0.0172134 -0.0127164 0.154075)
(-0.0266714 -0.0168369 0.177777)
(0.00966758 -0.0150867 0.128692)
(-0.0085589 -0.0245635 0.0129399)
(-0.00420374 -0.0201124 0.103056)
(-0.00755917 -0.0308099 0.0401034)
(0.0339021 -0.0275147 0.185668)
(0.0185923 -0.0404818 0.14038)
(-0.0234502 -0.0321618 0.111739)
(-0.00323227 -0.0442538 0.064915)
(0.0118744 -0.018755 0.0206102)
(0.0423979 -0.0138944 0.163497)
(-0.0111836 -0.0312527 0.0651612)
(-0.0281528 -0.0159025 0.139339)
(-0.0210004 -0.0233718 0.108142)
(-0.0203489 -0.0115896 0.183687)
(-0.000493657 -0.015989 0.0944393)
(0.00632587 -0.0130843 0.0865466)
(-0.00401618 -0.0349032 0.0269705)
(0.0350564 -0.0186993 0.0775141)
(0.0180647 -0.012433 0.132526)
(0.0313132 -0.0210329 0.0955651)
(-0.0369089 -0.0259601 0.0952816)
(0.0103452 -0.0285937 0.0883866)
(0.0299347 -0.0197116 0.0745864)
(0.0354691 -0.0069799 0.0487914)
(0.00689478 -0.0136243 0.0367619)
(-0.000696211 -0.00686755 0.130327)
(-0.00926457 -0.0437934 0.108904)
(1.78838e-05 -0.0226914 0.0728389)
(0.0391762 -0.00691927 0.108766)
(0.0429429 -0.0129872 0.171872)
(0.0206313 -0.0301404 0.174377)
(0.0167828 -0.0128124 0.159398)
(0.0025023 -0.00709158 0.00458147)
(0.00662526 -0.00962735 0.0046476)
(0.0287592 -0.0121016 0.0494737)
(0.0389813 -0.022531 0.069634)
(-0.0283668 -0.02288 0.185132)
(-0.0197637 -0.00698398 0.0776626)
(-0.0435932 -0.0123741 0.0658668)
(0.0118182 -0.0189822 0.0800252)
(-0.0113008 -0.0170654 0.10957)
(-0.0170473 -0.0312576 0.173166)
(0.0267552 -0.0350031 0.0281186)
(-0.0135073 -0.0204884 0.0827428)
(-0.0427765 -0.0135115 0.0324162)
(0.0227064 -0.0277053 0.154403)
(0.0375897 -0.023111 0.0354955)
(-0.0282736 -0.00694555 0.182689)
(0.0335486 -0.0304258 0.0971545)
(0.0217136 -0.00686704 0.149479)
(0.0102601 -0.0355679 0.127606)
(0.0450198 -0.0069584 0.0406743)
(-0.0254893 -0.00702113 0.0593151)
(-0.0113227 -0.00695344 0.0284868)
(0.00122848 -0.013213 0.136744)
(0.0296788 -0.00680014 0.0168559)
(0.00759988 -0.0443286 0.0836468)
(-0.0280292 -0.0286252 0.118293)
(-0.0207879 -0.027562 0.0553184)
(0.00633949 -0.0230492 0.0245045)
(-0.0149375 -0.0276694 0.118417)
(-0.0300406 -0.00711082 0.0291235)
(0.00830516 -0.0378449 0.0447748)
(-0.0110418 -0.0316086 0.0715789)
(-0.00856438 -0.0214333 0.123961)
(-0.0307803 -0.0322729 0.131842)
(0.0198475 -0.00691301 0.111711)
(-0.0447989 -0.00712938 0.189116)
(-0.00466913 -0.0172912 0.0120879)
(0.00161434 -0.0445352 0.0797926)
(0.0105898 -0.0292857 0.11635)
(-0.030895 -0.0188687 0.117068)
(0.00735257 -0.0144423 0.058602)
(-0.0272976 -0.0122383 0.180498)
(-0.0307207 -0.0070052 0.117814)
(0.0239856 -0.0306706 0.0911822)
(0.0327775 -0.0127852 0.0470077)
(0.0191056 -0.0142315 0.18279)
(0.0102814 -0.0374679 0.146639)
(0.0164806 -0.0285831 0.0145779)
(0.00881113 -0.0376444 0.0941575)
(0.0395472 -0.00701729 0.190126)
(-0.00451256 -0.0171409 0.0528844)
(-0.0179286 -0.0184539 0.140168)
(0.00225068 -0.0205434 0.0882453)
(0.0336757 -0.00708167 0.125491)
(-0.031428 -0.0220727 0.0776972)
(-0.034247 -0.00703628 0.136593)
(-0.0073755 -0.025081 0.0541159)
(-0.0377852 -0.0248327 0.113679)
(0.0312677 -0.0319728 0.144298)
(-0.0336006 -0.0284166 0.0319334)
(0.038987 -0.0070667 0.0326648)
(0.0429453 -0.0136267 0.0579544)
(-0.00986419 -0.0181446 0.194758)
(-0.0217501 -0.0183429 0.127128)
(-0.0330466 -0.0202958 0.111635)
(-0.0201317 -0.0250745 0.0128349)
(0.0145627 -0.00676346 0.0973463)
(-0.0336688 -0.0121025 0.117246)
(0.0185924 -0.025903 0.142074)
(0.00202728 -0.0404362 0.106288)
(-0.0130182 -0.0385179 0.0823515)
(0.00484942 -0.0360099 0.164337)
(-0.0348097 -0.0134965 0.0618884)
(0.00656697 -0.00693176 0.0686676)
(0.0405428 -0.00684242 0.171556)
(-0.00719547 -0.0109187 0.0526719)
(0.021776 -0.0395554 0.0821742)
(0.00229933 -0.0379674 0.0396956)
(0.0193534 -0.0314687 0.157156)
(-0.0382197 -0.00699626 0.173044)
(0.0228522 -0.00685071 0.0173255)
(-0.0319738 -0.0318696 0.0942699)
(-0.00386875 -0.0322629 0.152654)
(-0.00279016 -0.013356 0.152421)
(-0.0355888 -0.00702083 0.13049)
(-0.00539227 -0.0437996 0.0354642)
(0.0233564 -0.014847 0.108341)
(-0.0386475 -0.0206534 0.0119187)
(0.0415481 -0.0173335 0.140095)
(0.0046369 -0.0185795 0.0335157)
(-0.0202798 -0.0070336 0.0378717)
(0.00886436 -0.0355537 0.0565006)
(0.0292755 -0.00707679 0.17899)
(-0.0142004 -0.0129272 0.0882675)
(-0.0325742 -0.0114409 0.149833)
(-0.00253971 -0.0228444 0.107599)
(-0.038979 -0.0216097 0.152221)
(-0.0155908 -0.0251147 0.029482)
(-0.0209675 -0.031394 0.0668482)
(0.0348317 -0.0194522 0.116836)
(0.0438673 -0.0121048 0.064137)
(0.0305337 -0.0305057 0.013514)
(-0.042888 -0.0148665 0.0920899)
(-0.0215831 -0.00690747 0.0730851)
(0.0138141 -0.00690766 0.091091)
(-0.0109647 -0.013189 0.0724583)
(0.0355429 -0.014237 0.149738)
(-0.0238952 -0.0112895 0.101474)
(0.0450248 -0.00695888 0.0758621)
(0.0147576 -0.0126353 0.084731)
(0.0303451 -0.0128384 0.0355496)
(-0.00416923 -0.0148002 0.15774)
(-0.0343507 -0.00689335 0.081308)
(-0.0212598 -0.00695551 0.0657004)
(0.0136041 -0.0112984 0.0390703)
(0.0326522 -0.0210638 0.0494607)
(0.0449182 -0.0072047 0.170324)
(-0.0110074 -0.0174086 0.0376222)
(-0.00697111 -0.0172972 0.00532159)
(-0.0156391 -0.0363943 0.0987989)
(-0.035968 -0.0162713 0.0335258)
(-0.0177637 -0.0119235 0.136688)
(-0.0211991 -0.012774 0.195031)
(0.0443652 -0.006814 0.0492517)
(0.0173225 -0.0411251 0.0590282)
(0.0135949 -0.0421081 0.148305)
(0.0411495 -0.0190813 0.116448)
(-0.0403894 -0.0202673 0.100141)
(0.0263373 -0.029003 0.193488)
(0.0450112 -0.0071857 0.140198)
(-0.00570384 -0.00683915 0.0939625)
(0.0112894 -0.0126831 0.0671839)
(-0.043438 -0.00684516 0.131494)
(-0.0101425 -0.0429437 0.0271247)
(0.0187358 -0.0133223 0.149068)
(0.0148893 -0.0119369 0.165078)
(0.00752009 -0.0310343 0.107832)
(0.0305812 -0.0204962 0.185767)
(0.0326606 -0.00703119 0.0972873)
(-0.0109246 -0.0302568 0.121271)
(0.017959 -0.011885 0.117256)
(-0.00921948 -0.013162 0.0997204)
(-0.0291037 -0.0335057 0.0555788)
(0.0394574 -0.0113591 0.0298441)
(-0.0294369 -0.0331469 0.0386591)
(-0.00185072 -0.017364 0.119944)
(0.0167578 -0.00677638 0.12268)
(0.0176898 -0.0192604 0.149789)
(0.0178178 -0.0115987 0.0614398)
(0.00969956 -0.00687938 0.123451)
(-0.0367759 -0.0115751 0.0107175)
(-0.0177356 -0.0410541 0.124633)
(-0.00343548 -0.0212637 0.188952)
(-0.0117672 -0.0119072 0.0101928)
(0.0269483 -0.0342974 0.0218899)
(-0.00619445 -0.0212826 0.0412635)
(0.0217519 -0.0116834 0.0671719)
(-0.000869019 -0.0284362 0.0360577)
(0.03392 -0.0297012 0.0817962)
(0.00691709 -0.0270073 0.123204)
(-0.000870572 -0.0254187 0.0311727)
(0.00284535 -0.0448296 0.120063)
(-0.0240098 -0.0131433 0.185928)
(-0.0426303 -0.0158399 0.114922)
(0.0316899 -0.0118456 0.153505)
(0.0255843 -0.016523 0.0253699)
(-0.0248472 -0.0122472 0.114062)
(0.0048012 -0.0339997 0.0933972)
(0.0377833 -0.00695777 0.102684)
(0.0448766 -0.00691333 0.165783)
(-0.00701109 -0.0221889 0.11931)
(-0.0312877 -0.0161886 0.148036)
(-0.0159092 -0.0140501 0.0680167)
(-0.00426343 -0.0122968 0.0633114)
(-0.0209631 -0.0246168 0.0402834)
(-0.000898966 -0.0153154 0.180946)
(-0.0190364 -0.0189608 0.034854)
(0.0141912 -0.0304636 0.080676)
(-0.00756167 -0.0118412 0.121462)
(0.0176726 -0.00681042 0.0431522)
(-0.0244105 -0.0229181 0.128486)
(0.0327106 -0.0204873 0.194241)
(0.0449719 -0.00680936 0.120886)
(-0.0166345 -0.0415432 0.0575532)
(-0.0450001 -0.00695598 0.0995316)
(-0.0227437 -0.0321742 0.0611851)
(0.0349967 -0.0180562 0.109465)
(-0.00871777 -0.00674473 0.179264)
(-0.00530912 -0.00679324 0.0423327)
(0.00608526 -0.0206928 0.0627781)
(-0.0222032 -0.0237836 0.0667633)
(0.0145697 -0.00678182 0.0492201)
(-0.0218788 -0.00696867 0.0044165)
(-0.0212944 -0.00691327 0.0517499)
(-0.0397677 -0.021881 0.0956169)
(0.0388873 -0.0223669 0.0541002)
(0.0050914 -0.00684722 0.0922213)
(0.0186512 -0.0277621 0.109427)
(0.00934019 -0.0242851 0.0596188)
(0.0133954 -0.0230808 0.160293)
(-0.00295608 -0.0250592 0.125465)
(0.0353319 -0.0161508 0.0595522)
(-0.00155117 -0.0449483 0.0855407)
(-0.0203901 -0.0400175 0.0774223)
(0.00078562 -0.0389193 0.0867537)
(-0.000655306 -0.044893 0.0921651)
(-0.0240207 -0.0325366 0.0981332)
(-0.0268831 -0.0349902 0.159159)
(-0.00477043 -0.0199135 0.171534)
(-0.0443742 -0.0067627 0.00988729)
(-0.0265266 -0.0364121 0.0603281)
(-0.0312752 -0.0120832 0.106943)
(0.0290477 -0.00690455 0.0674758)
(-0.0186432 -0.0142159 0.0365412)
(-0.00918544 -0.0113559 0.166424)
(-0.0205936 -0.0386718 0.0245597)
(-0.00472833 -0.018965 0.180233)
(0.0124742 -0.0102581 0.116825)
(0.0391397 -0.00707984 0.00986412)
(0.0239319 -0.0243015 0.0642315)
(0.0054246 -0.022152 0.0952912)
(0.0222186 -0.0236478 0.171164)
(0.0179861 -0.00678163 0.0319594)
(0.00723183 -0.0288504 0.0432696)
(-0.00505232 -0.0360799 0.172374)
(0.0263346 -0.0274365 0.137652)
(0.0280846 -0.00682014 0.165754)
(-0.0207373 -0.0191732 0.0403079)
(-0.00777634 -0.0355415 0.0430743)
(0.0202925 -0.0170648 0.172364)
(0.0258845 -0.0309738 0.117951)
(-0.00436648 -0.0121016 0.022902)
(0.0117586 -0.0166853 0.190247)
(0.0229081 -0.0250998 0.165116)
(0.0155484 -0.0248706 0.0259297)
(-0.0223363 -0.0118224 0.0449588)
(-0.0098942 -0.0436154 0.0582959)
(-0.00781426 -0.0173076 0.132943)
(0.0226763 -0.0257696 0.184704)
(-0.0279679 -0.0351972 0.105552)
(0.0311267 -0.0319717 0.053027)
(-0.0336212 -0.00681016 0.143583)
(-0.00309574 -0.0366397 0.0163279)
(-0.0341915 -0.00694285 0.165502)
(-0.0044006 -0.0399732 0.107739)
(-0.0185638 -0.0284078 0.024643)
(0.0168874 -0.00669474 0.0779257)
(-0.04491 -0.00704917 0.056143)
(-0.0389952 -0.00693471 0.0816524)
(-0.00973291 -0.0292695 0.130429)
(0.0146869 -0.0206677 0.176707)
(0.0182007 -0.017458 0.101282)
(0.0199242 -0.0398787 0.0462816)
(0.00892981 -0.0393918 0.102764)
(-0.012341 -0.0128525 0.02312)
(0.037595 -0.0244573 0.143318)
(-0.0213105 -0.01413 0.133166)
(-0.0138277 -0.00689541 0.132318)
(-0.00310925 -0.0430171 0.153757)
(-0.023352 -0.00683818 0.189818)
(0.00357156 -0.0432771 0.0124575)
(0.0391752 -0.00690413 0.115355)
(0.0400522 -0.00695988 0.119783)
(0.00609036 -0.0217194 0.115992)
(-0.00712733 -0.0444146 0.0883091)
(-0.0260131 -0.0346731 0.00696722)
(-0.00119797 -0.0127769 0.102971)
(-0.0255742 -0.00675876 0.158924)
(-0.0101097 -0.0207332 0.0470061)
(0.0104154 -0.0344079 0.193364)
(-0.00900424 -0.0286089 0.0934598)
(-0.03152 -0.0124048 0.123895)
(-0.0369172 -0.0248781 0.0235414)
(0.0113955 -0.0356291 0.0340571)
(-0.016069 -0.0233669 0.161927)
(0.0159512 -0.00683801 0.190592)
(0.00908717 -0.0276748 0.0725229)
(0.0366966 -0.0124272 0.0230564)
(-0.033056 -0.0298047 0.141697)
(0.0212657 -0.0396494 0.0771181)
(-0.021481 -0.0202948 0.156813)
(-0.0138752 -0.031808 0.182562)
(-0.024495 -0.0143539 0.097941)
(0.0414226 -0.00693251 0.016193)
(-0.0224489 -0.0122943 0.123604)
(-0.0162504 -0.00675 0.08868)
(0.0120445 -0.0335576 0.0648425)
(-0.00884208 -0.0194046 0.0572043)
(-0.0450556 -0.00704063 0.122644)
(-0.00758265 -0.0202263 0.113084)
(-0.000157705 -0.0217751 0.00538381)
(0.0381407 -0.0240521 0.129185)
(-0.0323596 -0.0117054 0.101506)
(0.0361525 -0.0259408 0.0421593)
(0.00391765 -0.0389681 0.0709096)
(-0.028696 -0.00673666 0.0475564)
(-0.0140084 -0.0113904 0.0493698)
(-0.0347218 -0.0269659 0.178487)
(-0.00608532 -0.0442409 0.105028)
(0.0125179 -0.0113121 0.0713191)
(0.0347639 -0.0184787 0.0346831)
(7.80648e-05 -0.0114902 0.195669)
(0.0124519 -0.00673377 0.06216)
(0.0288588 -0.0188532 0.0902245)
(-0.0374925 -0.0139289 0.0944617)
(-0.0234822 -0.0386225 0.0698547)
(-0.0225029 -0.0118304 0.179761)
(-0.0322771 -0.0195403 0.169797)
(-0.0336642 -0.0179597 0.129357)
(0.0226029 -0.030377 0.0983554)
(0.00861232 -0.0066658 0.139116)
(0.0365095 -0.010937 0.0649645)
(-0.00284345 -0.0127558 0.187181)
(0.00636543 -0.0305552 0.114175)
(0.038476 -0.0119726 0.121548)
(-0.00440477 -0.0312174 0.0607382)
(0.0391712 -0.0224128 0.0791613)
(-0.0374941 -0.0133872 0.0395265)
(-0.0441381 -0.0116787 0.139047)
(-0.0177146 -0.0180763 0.0760069)
(-0.0192015 -0.0392135 0.182215)
(-0.0266576 -0.0362585 0.124462)
(-0.0272848 -0.0161475 0.152846)
(0.0166471 -0.00688002 0.0667231)
(0.00521216 -0.0386633 0.0622691)
(0.011706 -0.0234217 0.0056829)
(0.00227967 -0.0448279 0.130771)
(0.0126266 -0.00671778 0.136654)
(-0.0022974 -0.0295271 0.0824367)
(0.0276554 -0.0209204 0.0461293)
(-0.0384208 -0.00669806 0.180798)
(-0.0438019 -0.0117159 0.18856)
(0.0400768 -0.0206856 0.0925072)
(-0.00317674 -0.00683924 0.0889883)
(-0.0370277 -0.0128306 0.0781445)
(-0.00419739 -0.0386486 0.0850743)
(0.00129658 -0.0200287 0.150178)
(-0.0191805 -0.0401521 0.151926)
(0.0239117 -0.0173139 0.126644)
(0.00809104 -0.0117319 0.170133)
(-0.00548974 -0.0255277 0.135454)
(-0.0287854 -0.034228 0.0451146)
(0.00695466 -0.0107906 0.0495315)
(-0.0434685 -0.0125274 0.126898)
(-0.00911174 -0.0167638 0.18956)
(0.0193606 -0.00678176 0.0730816)
(0.00313191 -0.0155019 0.0840896)
(0.0196507 -0.0406686 0.118961)
(-0.019303 -0.0250746 0.158099)
(-0.0283764 -0.0158519 0.0942916)
(0.016327 -0.0359356 0.0957731)
(-0.0307928 -0.0224822 0.0700583)
(0.0122335 -0.0429184 0.0658567)
(0.0336704 -0.0113393 0.0966436)
(0.00161939 -0.0274826 0.0054608)
(-0.0398909 -0.00806302 0.116433)
(0.00604638 -0.00689977 0.157618)
(0.0299906 -0.0111944 0.135065)
(-0.00191181 -0.0299426 0.112903)
(0.0161679 -0.0137922 0.035683)
(-0.00803693 -0.0369016 0.0684576)
(-0.0385539 -0.0116037 0.149466)
(-0.0297046 -0.027522 0.0932363)
(0.0103278 -0.0365811 0.0697617)
(0.019422 -0.0343601 0.0752144)
(0.00688361 -0.00673817 0.0567096)
(-0.0422031 -0.0162778 0.081738)
(-0.0160632 -0.0279258 0.178379)
(0.00450444 -0.0427326 0.18532)
(-0.00116906 -0.0387816 0.15962)
(0.0428654 -0.0146521 0.132027)
(-0.028551 -0.0116717 0.0349785)
(0.0309565 -0.0122914 0.124995)
(-0.0326022 -0.0111129 0.0954738)
(-0.00541594 -0.0367029 0.135119)
(0.0271664 -0.02815 0.0656647)
(0.0385142 -0.0122336 0.0875715)
(-0.00137199 -0.0401805 0.0935458)
(0.00932598 -0.0260645 0.140158)
(-0.00425164 -0.0352778 0.148159)
(-0.0274459 -0.0212339 0.14076)
(0.0277606 -0.0175296 0.042124)
(-0.0146953 -0.0134579 0.173571)
(0.0276449 -0.00678219 0.121739)
(-0.00794954 -0.0101474 0.0693141)
(-0.00599903 -0.0439657 0.135225)
(-0.02347 -0.0308188 0.116733)
(-0.0071644 -0.0277868 0.123379)
(0.0117614 -0.0436575 0.107665)
(-0.00686205 -0.011446 0.0348405)
(0.0129677 -0.0117486 0.0990448)
(0.0218223 -0.0396431 0.0992149)
(0.0264036 -0.026073 0.0950935)
(0.0159246 -0.0068336 0.0189348)
(-0.0389717 -0.0229014 0.143744)
(-0.0108862 -0.014195 0.150666)
(0.0400609 -0.0193113 0.0238334)
(0.00371685 -0.0283996 0.13419)
(-0.00037785 -0.0437063 0.16886)
(-0.0377109 -0.0125316 0.142491)
(0.0195912 -0.00679837 0.0593017)
(0.0392716 -0.0219174 0.151681)
(0.0127362 -0.0421625 0.0311391)
(0.00335236 -0.0394853 0.115953)
(0.00646262 -0.00677071 0.113441)
(0.0335857 -0.0116304 0.173455)
(0.0253113 -0.0191822 0.0990329)
(-0.0058846 -0.00676986 0.060947)
(-0.0268167 -0.0297502 0.186464)
(0.0281094 -0.0161075 0.136287)
(0.029189 -0.00677621 0.160243)
(-0.0236922 -0.0245439 0.150125)
(0.0291059 -0.0343265 0.0573167)
(0.0254019 -0.0367857 0.0539937)
(-0.00516835 -0.0280365 0.0278329)
(-0.0325481 -0.00688149 0.0161189)
(-0.0399096 -0.00767881 0.161318)
(0.00610314 -0.0139199 0.124734)
(-0.0407363 -0.0187349 0.0465123)
(0.0395913 -0.00687632 0.0692879)
(-0.0395257 -0.0222877 0.126278)
(0.0358486 -0.0251236 0.016145)
(0.0373319 -0.0067826 0.148745)
(0.0387707 -0.0124689 0.0720114)
(0.016244 -0.0141596 0.113272)
(0.0139154 -0.0147314 0.146286)
(0.00132565 -0.0105559 0.0524324)
(0.0038552 -0.0379501 0.0779721)
(0.000296816 -0.0384162 0.133475)
(0.0019781 -0.0285774 0.152054)
(-0.0202371 -0.00667757 0.16476)
(0.0262846 -0.0342609 0.144168)
(0.0278834 -0.0210186 0.139663)
(0.0233512 -0.00686829 0.0120368)
(0.0211296 -0.0206398 0.145106)
(0.0269013 -0.00683626 0.108319)
(-0.00333513 -0.00676169 0.0786212)
(0.00804075 -0.0152799 0.100456)
(0.0250606 -0.0102705 0.19043)
(-0.0109667 -0.0065718 0.183702)
(-0.00520597 -0.0393082 0.101974)
(0.0147023 -0.0422167 0.136979)
(-0.00970627 -0.0145022 0.105682)
(-0.0425008 -0.0153557 0.13089)
(0.00910626 -0.00686486 0.0486095)
(-0.0218056 -0.0212228 0.0493119)
(0.0344376 -0.0280488 0.162993)
(0.00557138 -0.0286302 0.0887624)
(0.00301612 -0.0449567 0.108942)
(-0.0374102 -0.0242595 0.0661936)
(-0.0203955 -0.0115604 0.0534641)
(0.0190143 -0.0189465 0.00586222)
(-0.0148204 -0.00664657 0.0541364)
(-0.0164866 -0.0205129 0.10563)
(0.0142289 -0.0226709 0.105843)
(0.0371281 -0.0158894 0.0846831)
(0.00958574 -0.00670329 0.100818)
(0.0130479 -0.0435105 0.0848499)
(-0.00267103 -0.0154316 0.139549)
(-0.0313804 -0.0130303 0.0841428)
(-0.0104338 -0.0245435 0.0999799)
(-0.000768429 -0.023417 0.067689)
(0.0201641 -0.0175727 0.135955)
(-0.0173988 -0.025818 0.0492255)
(0.0243954 -0.00689879 0.0483269)
(-0.0397267 -0.0102835 0.0966436)
(0.0310955 -0.0131895 0.0769069)
(-0.0293876 -0.0215452 0.152388)
(0.000944179 -0.0263601 0.0222845)
(-0.0370985 -0.0227371 0.00615696)
(0.00729929 -0.0141055 0.152641)
(-0.0257874 -0.0303849 0.0670531)
(0.0400264 -0.00669706 0.0283563)
(-0.0122248 -0.0329026 0.142091)
(0.00421764 -0.00680892 0.190403)
(0.0223288 -0.0240012 0.0843724)
(0.00199588 -0.0121656 0.186766)
(0.0076012 -0.00666401 0.162574)
(-0.0136361 -0.0355052 0.0318572)
(0.0143125 -0.0258708 0.0750181)
(0.0387673 -0.00672521 0.132363)
(0.01078 -0.0218083 0.122695)
(0.00937127 -0.0190911 0.0709503)
(-0.0314552 -0.0068178 0.16176)
(0.0440148 -0.00687089 0.148999)
(0.00574114 -0.00689148 0.0316615)
(0.0208582 -0.0231289 0.0189747)
(0.00135264 -0.0176836 0.108415)
(-0.0395436 -0.0115528 0.154475)
(-0.0124101 -0.00685611 0.104975)
(0.013765 -0.0410683 0.187784)
(-0.0075292 -0.0284017 0.171796)
(0.0108088 -0.0440605 0.0922256)
(-0.010551 -0.0177431 0.17785)
(-0.00832286 -0.0186843 0.140503)
(0.0132862 -0.0177533 0.057447)
(0.00134706 -0.0257744 0.0930247)
(0.0192438 -0.0273763 0.0697426)
(-0.0138791 -0.0066123 0.0749991)
(0.00769014 -0.0159835 0.0197687)
(-0.0313197 -0.0154327 0.0785181)
(0.0383297 -0.00672762 0.0746608)
(0.0225154 -0.0244016 0.0340583)
(0.0286392 -0.0352135 0.110208)
(0.0184857 -0.0112513 0.189361)
(-0.0164652 -0.0420312 0.0704176)
(-0.0231975 -0.0216733 0.0993629)
(-0.0178228 -0.00658404 0.177501)
(-0.0103933 -0.0195574 0.16641)
(0.0267199 -0.0207659 0.060545)
(0.011253 -0.0436402 0.122695)
(0.043707 -0.0117701 0.0162995)
(0.0013426 -0.0358864 0.139479)
(0.0247111 -0.00668914 0.0879161)
(0.0450904 -0.00694997 0.18992)
(-0.021371 -0.0385951 0.176427)
(-0.0337664 -0.0067991 0.00444499)
(0.0247301 -0.0117222 0.103638)
(0.0211299 -0.00959238 0.166115)
(0.0190026 -0.00685361 0.152938)
(-0.0133749 -0.0120308 0.0308106)
(-0.0177597 -0.0112013 0.0307077)
(-0.0335893 -0.0218769 0.14335)
(0.00747971 -0.0180307 0.182108)
(-0.0439801 -0.0119053 0.195672)
(-0.0448088 -0.00736135 0.195399)
(0.0241346 -0.0112474 0.0478369)
(0.0230014 -0.0161084 0.0716453)
(-0.0227155 -0.0390346 0.0926172)
(0.0104433 -0.0134619 0.182776)
(0.0209848 -0.0195792 0.0856491)
(-0.00982029 -0.00609983 0.124169)
(0.00804101 -0.0184556 0.0826791)
(-0.0203525 -0.0237957 0.0729582)
(-0.000247856 -0.00665299 0.0682251)
(0.0329633 -0.0113982 0.0102964)
(-0.011016 -0.0112444 0.0635836)
(0.0364942 -0.0182642 0.0657301)
(-0.0240909 -0.0379608 0.11209)
(-0.0180003 -0.00672961 0.129205)
(0.0267711 -0.0274141 0.0509494)
(0.0022023 -0.0386832 0.148269)
(-0.00151455 -0.0377751 0.152371)
(-0.0396414 -0.00704614 0.0936964)
(0.00609275 -0.044006 0.140685)
(-0.00557248 -0.0285173 0.104963)
(0.0107456 -0.0121515 0.188867)
(-0.0245342 -0.0169582 0.162452)
(0.0217203 -0.030724 0.133918)
(-0.0213633 -0.0184868 0.0568091)
(0.0307489 -0.0120536 0.0848358)
(0.035152 -0.0116782 0.0842198)
(-0.0356281 -0.0181002 0.136043)
(-0.00690926 -0.00683615 0.0297547)
(0.0292164 -0.0126061 0.0243331)
(-0.00307481 -0.0122421 0.0368801)
(-0.0419584 -0.0162191 0.191088)
(0.0280366 -0.00666035 0.170259)
(-0.0212012 -0.0311437 0.0488964)
(0.0424385 -0.0153159 0.156871)
(0.00237719 -0.00666464 0.135908)
(-0.0110484 -0.023356 0.0751353)
(0.0126208 -0.0196672 0.185882)
(-0.00637829 -0.025182 0.147459)
(0.00520927 -0.0193069 0.0163691)
(0.0182508 -0.0260849 0.0916334)
(-0.0303781 -0.0131628 0.0102151)
(-0.0276093 -0.0122345 0.0140706)
(-0.0318461 -0.0121605 0.0154626)
(-0.00744606 -0.0240818 0.00537554)
(-0.0279519 -0.0065582 0.0556349)
(-0.044696 -0.00720289 0.15474)
(0.00777663 -0.026662 0.16052)
(0.0375533 -0.0253857 0.0734199)
(-0.00662545 -0.00964982 0.0858026)
(-0.0115025 -0.0337404 0.0882856)
(-0.0054029 -0.0343521 0.0110298)
(0.0181148 -0.0163285 0.128939)
(-0.019127 -0.0339556 0.0707556)
(-0.023179 -0.0382163 0.0526406)
(0.043727 -0.0122808 0.0280144)
(0.0428453 -0.0130971 0.0324967)
(0.0304503 -0.0066887 0.149668)
(-0.0140994 -0.00662077 0.15248)
(0.0404892 -0.00673433 0.0829463)
(0.0389685 -0.0120026 0.152414)
(0.0299786 -0.00665803 0.192069)
(-0.020794 -0.0172961 0.104766)
(-0.0286698 -0.0338496 0.0227983)
(0.0150185 -0.0327698 0.185094)
(0.00709245 -0.00861214 0.195819)
(-0.0175953 -0.0168903 0.0162477)
(-0.00465676 -0.0124735 0.127676)
(0.00195514 -0.0388968 0.125155)
(0.0327047 -0.0117011 0.107752)
(0.0179287 -0.0285116 0.163205)
(-0.00573799 -0.0107669 0.192882)
(0.0433411 -0.0132135 0.177524)
(-0.0307415 -0.032036 0.162312)
(0.0347461 -0.0181905 0.145558)
(-0.0249522 -0.0257193 0.0159049)
(0.0107431 -0.019628 0.0334166)
(-0.0348671 -0.00678981 0.108517)
(-0.0237769 -0.0176205 0.0302188)
(0.0296167 -0.0130074 0.179492)
(0.0188958 -0.0217479 0.10297)
(0.00622738 -0.0193198 0.0522456)
(-0.0215312 -0.0398849 0.100429)
(-0.00807341 -0.0245906 0.080502)
(-0.0350035 -0.0184073 0.0906464)
(-0.0099159 -0.0255476 0.115989)
(0.0284486 -0.0253966 0.122757)
(-0.0403792 -0.0142698 0.174742)
(0.00619878 -0.0149134 0.0635515)
(-0.0266945 -0.0116351 0.137735)
(0.0315669 -0.0119879 0.0893025)
(0.0313136 -0.0117425 0.00417543)
(0.027496 -0.0154156 0.00541865)
(0.0148668 -0.0159318 0.016414)
(0.00286704 -0.0262291 0.0494379)
(-0.0221553 -0.0112271 0.0371972)
(-0.0402889 -0.00677262 0.148225)
(0.0181458 -0.0123163 0.0942603)
(0.0353808 -0.0219268 0.00614001)
(-0.0344664 -0.0237843 0.193821)
(0.0206887 -0.0112933 0.0371422)
(-0.00348391 -0.025433 0.178001)
(0.0421434 -0.0163853 0.0660975)
(0.00755215 -0.0205571 0.0117739)
(-0.0274111 -0.0195935 0.103598)
(0.00759277 -0.00662604 0.129456)
(0.0111099 -0.0123263 0.0522398)
(0.00581864 -0.0172372 0.120765)
(0.0448385 -0.00707238 0.0088913)
(0.0451612 -0.00686521 0.00443392)
(-0.0132552 -0.028027 0.0399629)
(0.0226219 -0.0370675 0.0062586)
(0.0211549 -0.0318121 0.056413)
(-0.0400812 -0.00678006 0.016378)
(-0.00456003 -0.006544 0.0541561)
(0.0346066 -0.0291579 0.140771)
(0.0306882 -0.00656589 0.00663362)
(0.00311549 -0.00655365 0.0437377)
(-0.038542 -0.00660473 0.165324)
(-0.0239889 -0.0299927 0.0238998)
(-0.0220523 -0.0191325 0.0661817)
(-0.0312504 -0.0177855 0.0973992)
(-0.000299907 -0.0440765 0.0227689)
(0.0241674 -0.0149684 0.0164028)
(-0.0368381 -0.0263453 0.126621)
(-0.0171557 -0.0166318 0.18136)
(0.0162234 -0.0225698 0.130845)
(-0.0287171 -0.0196326 0.0209818)
(0.0291825 -0.00692334 0.0729003)
(0.00605804 -0.00679029 0.0264789)
(-0.0108768 -0.0199243 0.0150056)
(-0.0240011 -0.0239397 0.0856524)
(-0.0193699 -0.0118499 0.0952871)
(0.0145855 -0.012326 0.141449)
(-0.0445881 -0.0104096 0.166018)
(0.0286934 -0.0067094 0.0791315)
(0.0121191 -0.0236774 0.0438138)
(0.00877009 -0.0310557 0.0805454)
(-0.0338947 -0.0302259 0.0868148)
(-0.0401794 -0.00672817 0.0120022)
(0.00638261 -0.0378649 0.120936)
(-0.0324174 -0.0257873 0.0861462)
(0.0173207 -0.0269699 0.137249)
(4.48582e-05 -0.0064881 0.0512646)
(-0.0294102 -0.0334007 0.152103)
(-0.0274944 -0.0257417 0.175276)
(0.0239193 -0.0379787 0.126059)
(-0.0383208 -0.0067647 0.0274868)
(0.040403 -0.0207096 0.0992542)
(-0.00151767 -0.0128245 0.119488)
(-0.0092161 -0.0429626 0.182849)
(0.00330487 -0.027078 0.0135337)
(-0.0129718 -0.0352221 0.120751)
(-0.018304 -0.0129593 0.0750578)
(0.0173476 -0.0140142 0.00662925)
(0.000890015 -0.0151226 0.0396071)
(-0.0448584 -0.00716222 0.0268176)
(-0.0347961 -0.0186069 0.0845917)
(-0.0151741 -0.00676002 0.0944229)
(0.00540521 -0.00647731 0.101861)
(0.0216505 -0.0109886 0.0169394)
(0.014224 -0.0170749 0.194935)
(-0.044978 -0.00690438 0.176755)
(-0.00203403 -0.00651088 0.124246)
(0.0167909 -0.0111592 0.0320045)
(-0.0324279 -0.0214614 0.179636)
(-0.0400691 -0.00665047 0.137924)
(-0.0323102 -0.0198623 0.0147722)
(-0.0285174 -0.0346404 0.139109)
(-0.0312558 -0.00663701 0.131018)
(0.0128924 -0.00655013 0.0256618)
(-0.0264214 -0.00665732 0.117584)
(-0.00327226 -0.0289395 0.055179)
(0.00979349 -0.0204508 0.0881526)
(0.000391929 -0.044673 0.0460118)
(0.00363822 -0.0368852 0.00644188)
(0.00636947 -0.0430251 0.0063523)
(-0.0217421 -0.0189768 0.0781693)
(0.0098505 -0.0291331 0.0643686)
(-0.0441545 -0.0121877 0.0722107)
(-0.00245026 -0.0108616 0.0757336)
(0.0290418 -0.0280484 0.127206)
(-0.015065 -0.0335906 0.0246832)
(0.0375114 -0.0257018 0.0857551)
(-0.0252794 -0.0311214 0.0891391)
(-0.0164934 -0.0213669 0.14964)
(0.0181532 -0.0240579 0.151329)
(0.0451709 -0.00686207 0.184943)
(-0.0388673 -0.0235747 0.0814211)
(-0.0223012 -0.034149 0.0933233)
(-0.0383366 -0.0113074 0.103387)
(-0.00101169 -0.0112949 0.131033)
(-0.00468273 -0.0163784 0.113029)
(-0.0321515 -0.0119477 0.161607)
(0.00435645 -0.0065586 0.0797842)
(0.03497 -0.0185971 0.0898658)
(0.0321267 -0.00989297 0.0260518)
(-0.021519 -0.0239013 0.181446)
(0.00846519 -0.0120496 0.159256)
(-0.0230519 -0.0154229 0.148882)
(0.0444555 -0.0113405 0.195985)
(-0.0244274 -0.0065664 0.0481006)
(-0.000893167 -0.0117019 0.0955307)
(0.0155684 -0.018275 0.140259)
(-0.0197496 -0.0330314 0.158835)
(-0.00199057 -0.00675582 0.167671)
(0.0182768 -0.0188087 0.119671)
(-0.0360703 -0.0128393 0.0499282)
(-0.0390524 -0.00672317 0.15235)
(0.0199194 -0.0174669 0.0816702)
(0.0296671 -0.0210534 0.17242)
(0.0359852 -0.0276046 0.0903743)
(0.0087859 -0.0195212 0.112772)
(-0.0348472 -0.0167758 0.0206694)
(0.00928951 -0.00671777 0.0426243)
(-0.0126193 -0.00646037 0.171747)
(-0.0378221 -0.0246409 0.0717499)
(-0.0127058 -0.0432482 0.0806879)
(0.00359436 -0.0346489 0.0175324)
(0.0117795 -0.0120418 0.172327)
(0.0212713 -0.0317105 0.0851757)
(-0.0258554 -0.00652242 0.107273)
(-0.0192513 -0.040552 0.142632)
(0.0198355 -0.0254846 0.105559)
(0.0378879 -0.0121925 0.129184)
(-0.0305082 -0.0273437 0.132905)
(0.0154514 -0.00667677 0.0395921)
(0.0187196 -0.0114067 0.179211)
(-0.00767588 -0.0186473 0.0655471)
(0.00416222 -0.0352711 0.193968)
(-0.0380886 -0.0110535 0.0594981)
(0.0182046 -0.00672549 0.137614)
(0.0301685 -0.0202795 0.164789)
(0.00215796 -0.00662272 0.183238)
(-0.00979049 -0.0375795 0.0204179)
(0.0199017 -0.0142759 0.0542483)
(-0.00368725 -0.0186421 0.0734945)
(-0.0154483 -0.0118106 0.116984)
(-0.0179276 -0.0138203 0.124514)
(0.0223292 -0.030187 0.0509527)
(-0.034994 -0.0291936 0.0606353)
(0.0140814 -0.01107 0.195877)
(-0.0130774 -0.027035 0.0840439)
(-0.0145659 -0.00679403 0.0707567)
(-0.0450948 -0.00696592 0.109681)
(-0.00227006 -0.038422 0.111759)
(0.000231992 -0.0454541 0.100388)
(0.0335898 -0.0118913 0.180987)
(-0.00328282 -0.00659846 0.0175845)
(-0.0179536 -0.0209494 0.12308)
(0.025681 -0.020114 0.151424)
(-0.0311821 -0.0065143 0.0517516)
(-0.0168747 -0.00650133 0.0437616)
(0.0346205 -0.0181577 0.0544681)
(-0.0425711 -0.0114114 0.116496)
(-0.0176682 -0.0112974 0.0243654)
(0.0101697 -0.0244222 0.085363)
(-0.0303523 -0.0201347 0.0526317)
(-0.00748814 -0.0185561 0.0292465)
(-0.0361158 -0.0188646 0.108242)
(-0.0088057 -0.0245268 0.152458)
(-0.0336249 -0.0276268 0.0195849)
(0.012214 -0.0152681 0.0412836)
(-0.0259839 -0.0127608 0.0422248)
(0.0442938 -0.0110321 0.0236315)
(0.0369205 -0.0267044 0.0681921)
(-0.0189679 -0.0354615 0.0768341)
(-0.0233557 -0.0259541 0.124384)
(0.0316606 -0.0115945 0.0611868)
(0.0175824 -0.0238203 0.194472)
(0.00739618 -0.0127417 0.111906)
(0.0161529 -0.0422999 0.104808)
(0.00262834 -0.00646004 0.1751)
(-0.00137335 -0.0294684 0.0992735)
(-0.00850376 -0.0385351 0.109813)
(0.0317905 -0.00665447 0.104885)
(-0.00369127 -0.0446018 0.141156)
(0.00644436 -0.0249682 0.00663868)
(0.0103921 -0.0296337 0.0225747)
(0.0192154 -0.00652217 0.133034)
(0.0304258 -0.00654727 0.0518825)
(0.00346271 -0.0173403 0.096081)
(0.0441611 -0.0115203 0.158808)
(-0.0389055 -0.0160309 0.100724)
(0.0313982 -0.0181464 0.0293639)
(0.0381732 -0.010497 0.186743)
(0.0374212 -0.0124873 0.182952)
(0.0235694 -0.0310257 0.0300905)
(-0.0330565 -0.0113206 0.0703137)
(0.0385047 -0.012848 0.0788439)
(0.0104676 -0.0434476 0.152758)
(0.0180999 -0.0065414 0.055304)
(-0.0156159 -0.0345109 0.168568)
(-0.00297563 -0.00680225 0.00409914)
(0.0109849 -0.00646907 0.167379)
(-0.0305169 -0.0120637 0.061191)
(-0.0175908 -0.0065524 0.189993)
(-0.0165381 -0.0105028 0.188576)
(0.0403322 -0.00642827 0.15668)
(0.0295529 -0.0119465 0.140017)
(0.016175 -0.0268578 0.032807)
(-0.00580999 -0.0218747 0.194541)
(-0.028346 -0.00665016 0.0184375)
(0.0109907 -0.0328194 0.123542)
(-0.00707224 -0.0119667 0.187628)
(-0.0341694 -0.00670548 0.180507)
(0.00119137 -0.029622 0.138333)
(-0.00249404 -0.0178684 0.0812661)
(0.00608681 -0.0351732 0.130453)
(-0.0208938 -0.0107751 0.167978)
(-0.0167545 -0.0119905 0.166609)
(0.0432675 -0.01408 0.0886242)
(0.0354156 -0.0203314 0.0716996)
(-0.0010676 -0.0171266 0.101925)
(-0.019021 -0.0214469 0.136655)
(0.00257311 -0.00643003 0.0378446)
(0.0429056 -0.0155489 0.103365)
(-0.0441169 -0.011835 0.154554)
(0.00226712 -0.00654778 0.160595)
(0.0384915 -0.00663913 0.140651)
(0.00387988 -0.0239223 0.194776)
(-0.01642 -0.0191005 0.165883)
(0.0108525 -0.0137131 0.166824)
(-0.0115432 -0.0123626 0.0960416)
(-0.0286649 -0.0131494 0.168082)
(-0.0247531 -0.0310017 0.106544)
(0.0293275 -0.0117219 0.173676)
(-0.0412852 -0.0179657 0.0341812)
(0.0177058 -0.0125813 0.0802245)
(0.0261995 -0.0208023 0.0776218)
(0.0243393 -0.0106861 0.0566988)
(-0.0252081 -0.0379375 0.0817042)
(-0.00853439 -0.0147646 0.159513)
(-0.0352978 -0.0281478 0.131274)
(0.020772 -0.00667763 0.177677)
(0.0264192 -0.019662 0.118351)
(0.00966993 -0.0433887 0.0357885)
(0.0349892 -0.0287068 0.115608)
(0.0248937 -0.011445 0.142721)
(-0.0326625 -0.00684742 0.195294)
(0.0014755 -0.0122565 0.0867512)
(0.016021 -0.0108359 0.0204841)
(-0.0227002 -0.00668617 0.143182)
(0.0386603 -0.0203816 0.194231)
(0.0352056 -0.0172257 0.166105)
(-0.0259661 -0.035286 0.189881)
(-0.00380088 -0.0116998 0.135067)
(-0.00183245 -0.0207949 0.0902304)
(0.0168073 -0.0189491 0.0890675)
(0.0306078 -0.0140664 0.0676492)
(0.0302025 -0.0335108 0.134987)
(-0.0255106 -0.0161792 0.0849758)
(0.0441827 -0.0110825 0.183367)
(0.036078 -0.00665416 0.156659)
(-0.0320496 -0.00667685 0.0772493)
(0.0372416 -0.00659966 0.193725)
(0.0135213 -0.0430247 0.0561254)
(0.00723607 -0.010363 0.0297134)
(0.0259266 -0.0289287 0.0589227)
(-0.0440553 -0.00670325 0.0728036)
(0.0321751 -0.0192498 0.0832167)
(-0.0137897 -0.0138378 0.137757)
(0.00296999 -0.0224764 0.137688)
(0.0290147 -0.0115647 0.0122529)
(0.0159481 -0.026567 0.17226)
(0.0121245 -0.00658432 0.142937)
(0.0105227 -0.0134544 0.0283469)
(-0.00773386 -0.0290705 0.110597)
(-0.00706068 -0.0429078 0.193658)
(0.0318582 -0.0322999 0.0622724)
(0.00166269 -0.0180093 0.113336)
(0.00590871 -0.0313483 0.049241)
(-0.0346603 -0.0112551 0.136864)
(-0.0175299 -0.019581 0.189736)
(0.0304929 -0.00652937 0.196162)
(-0.0166899 -0.0186567 0.0498574)
(0.0166597 -0.00666211 0.101032)
(-0.01256 -0.022451 0.17899)
(-0.0338239 -0.015564 0.00519482)
(-0.024609 -0.0160375 0.0201226)
(-0.00700187 -0.0162657 0.0878306)
(-0.0366934 -0.0245766 0.0157199)
(0.0192808 -0.0329277 0.0198771)
(0.0144758 -0.0123994 0.136934)
(-0.0388749 -0.0231664 0.0521432)
(0.0212243 -0.0321832 0.165557)
(-0.00847903 -0.0371447 0.160918)
(-0.0171765 -0.00664848 0.141497)
(-0.00952216 -0.0278815 0.0224562)
(0.00952631 -0.00650708 0.0761009)
(-0.00394472 -0.0358037 0.0334887)
(0.0407512 -0.00657998 0.1789)
(-0.00985806 -0.0203661 0.159136)
(-0.0305013 -0.0331432 0.125398)
(-0.00620999 -0.0108784 0.150506)
(-0.00749848 -0.0064165 0.106483)
(-0.0141878 -0.0139272 0.0769961)
(0.0247131 -0.0325124 0.10886)
(-0.0311618 -0.032781 0.113448)
(-0.0200088 -0.0341346 0.121995)
(0.0326579 -0.0104986 0.1622)
(-0.0267847 -0.0112795 0.156249)
(-0.0115674 -0.00670198 0.0785599)
(-0.0333141 -0.0121783 0.0579723)
(0.00973167 -0.0379316 0.0643466)
(-0.00276568 -0.0204281 0.115488)
(0.00140182 -0.0340205 0.103145)
(0.020951 -0.0312234 0.0791136)
(0.0278235 -0.0234315 0.193401)
(-0.0324045 -0.0300892 0.184386)
(0.0110866 -0.0114415 0.178636)
(0.0172936 -0.006584 0.088709)
(-0.0255439 -0.00658043 0.133863)
(0.0171535 -0.0180977 0.069391)
(0.0277656 -0.0242723 0.145756)
(0.0190028 -0.0281049 0.123016)
(0.0236501 -0.00666729 0.0742461)
(0.0374104 -0.0259041 0.120891)
(0.0150824 -0.0158842 0.123621)
(-0.00982066 -0.015448 0.16415)
(-0.0205594 -0.0355492 0.103389)
(-0.0114554 -0.0243813 0.0329875)
(-0.0146233 -0.0349204 0.158162)
(-0.034974 -0.0112312 0.129357)
(0.0403958 -0.0210559 0.104937)
(-0.0410368 -0.00649003 0.0308444)
(-0.0440968 -0.00653032 0.0182229)
(-0.0191981 -0.0257356 0.164441)
(0.00983615 -0.0238211 0.0932293)
(-0.011982 -0.0261159 0.13715)
(-0.000735822 -0.0142243 0.0614054)
(-0.0114779 -0.0273756 0.125307)
(0.0137843 -0.0109321 0.152424)
(0.0342376 -0.0288701 0.0460405)
(0.0139723 -0.0296533 0.0496385)
(-0.0220905 -0.00668403 0.101327)
(-0.0119704 -0.0155727 0.0578037)
(0.0149511 -0.00649259 0.182995)
(0.0117604 -0.0178677 0.161012)
(-0.0357364 -0.0182021 0.0430505)
(0.00638436 -0.0264311 0.0389608)
(0.018227 -0.0273457 0.0484137)
(-0.0361117 -0.0178334 0.149551)
(0.0288394 -0.0162935 0.12586)
(0.000674919 -0.018405 0.036169)
(-0.0100835 -0.0321931 0.0485808)
(-0.0268453 -0.0099719 0.0971521)
(-0.0106339 -0.013067 0.0338514)
(0.015702 -0.0368629 0.120017)
(-0.00664968 -0.0113399 0.17013)
(0.03799 -0.00667005 0.00427728)
(-0.00196342 -0.0450206 0.121556)
(0.0301055 -0.00653886 0.141325)
(-0.043795 -0.0115994 0.183903)
(0.0229395 -0.0114912 0.179185)
(-0.0379809 -0.0160198 0.0651888)
(0.0158644 -0.00664703 0.0146716)
(-0.0212364 -0.0114532 0.0330852)
(0.0123715 -0.0344245 0.0127252)
(0.0261408 -0.0151968 0.160786)
(-0.010607 -0.0429373 0.0176435)
(0.0164644 -0.0291356 0.0875678)
(0.0255701 -0.00661791 0.0442154)
(-0.0215505 -0.0301979 0.0149184)
(-5.97347e-06 -0.00633778 0.0214175)
(-0.015704 -0.0216505 0.0567386)
(-0.0215111 -0.0113032 0.00995882)
(-0.0188459 -0.0401516 0.166985)
(0.0109746 -0.0364658 0.157609)
(0.033039 -0.00659292 0.0787756)
(-0.0217809 -0.0111387 0.110637)
(-0.0267561 -0.0290124 0.12595)
(-0.0321953 -0.0159305 0.165089)
(0.029107 -0.0337536 0.148876)
(0.0415423 -0.0066445 0.0235069)
(-0.0189979 -0.0283506 0.189349)
(0.0334909 -0.0169589 0.138842)
(-0.0267069 -0.025362 0.0397396)
(0.00156208 -0.0246822 0.18146)
(0.0306036 -0.00649234 0.0379926)
(-0.00972447 -0.0370511 0.144091)
(0.0325915 -0.0199696 0.0241272)
(-0.0137675 -0.00642017 0.0838575)
(-0.0063119 -0.00668409 0.0986707)
(-0.0307271 -0.0112997 0.171409)
(-0.028115 -0.0188874 0.109552)
(0.0224909 -0.0389284 0.136218)
(0.0217805 -0.0381705 0.0128896)
(-0.021492 -0.0397316 0.105817)
(-0.0153575 -0.0188996 0.0639651)
(-0.0190378 -0.0390988 0.193773)
(0.0373578 -0.016759 0.0936995)
(0.0347494 -0.0109813 0.0352461)
(-0.0200604 -0.0115293 0.0209159)
(-0.027886 -0.00650046 0.148515)
(0.022258 -0.0177027 0.095813)
(0.0174474 -0.0372201 0.0891918)
(-0.000672091 -0.0162938 0.0763064)
(-0.0014081 -0.00641835 0.103355)
(0.0360023 -0.026151 0.171894)
(-0.000393106 -0.0229665 0.120446)
(0.00495305 -0.0308006 0.147896)
(0.0275529 -0.00648444 0.188664)
(-0.0133961 -0.0224617 0.130578)
(0.00644622 -0.0108388 0.0702077)
(-0.00418379 -0.0301737 0.0735448)
(0.00447674 -0.0107133 0.032861)
(0.0457682 -0.0060888 0.109217)
(-0.0147351 -0.00660168 0.165169)
(0.00327254 -0.0163591 0.152354)
(0.0121814 -0.0180326 0.153897)
(0.0374022 -0.0114814 0.100161)
(0.00397541 -0.00666753 0.164667)
(-0.0152688 -0.00647091 0.0359167)
(0.0298978 -0.0110106 0.19552)
(0.0271522 -0.0260151 0.0460388)
(0.0190018 -0.0209724 0.0396114)
(-0.039472 -0.00664156 0.0614773)
(0.00189114 -0.0295861 0.095851)
(0.0314773 -0.0205604 0.0170886)
(-0.0191678 -0.0258254 0.111821)
(-0.0159451 -0.0154594 0.104935)
(0.0223749 -0.0121935 0.173457)
(-0.00725736 -0.0107293 0.0608307)
(-0.0167235 -0.0413127 0.161785)
(0.0133947 -0.0120592 0.0804738)
(-0.0445465 -0.0108846 0.0619844)
(-0.0452831 -0.00665058 0.0609999)
(-0.0263288 -0.0165818 0.0116755)
(0.0130931 -0.0376161 0.082174)
(0.00627279 -0.0336253 0.101684)
(0.0261404 -0.0369655 0.064241)
(0.00885159 -0.0336125 0.0761293)
(-0.00192461 -0.00656667 0.0472663)
(-0.021857 -0.0306672 0.0302354)
(-0.00701759 -0.0387425 0.0742259)
(0.0442879 -0.00666145 0.125025)
(-0.0137961 -0.0335371 0.137038)
(0.0288679 -0.0222198 0.108978)
(-0.0451349 -0.00732464 0.184806)
(-0.045026 -0.00867923 0.172928)
(-0.018836 -0.00660269 0.111915)
(0.0242951 -0.0235902 0.0288771)
(-0.0238107 -0.0282445 0.153735)
(-0.00864609 -0.0277155 0.0726538)
(0.00505996 -0.0064124 0.0626247)
(-0.0283455 -0.0119628 0.0808142)
(0.00989157 -0.0250254 0.030571)
(-0.0162839 -0.00664293 0.182223)
(-0.00826927 -0.0123494 0.0819074)
(0.00780171 -0.0065513 0.188289)
(0.0204917 -0.0221681 0.175836)
(-0.0307004 -0.0188713 0.091891)
(0.0127876 -0.037402 0.114269)
(0.0294182 -0.0207133 0.0052994)
(0.017693 -0.0420057 0.113594)
(-0.00925623 -0.0412397 0.147401)
(0.0439944 -0.011982 0.0838706)
(0.0218171 -0.00644725 0.119834)
(0.0223205 -0.0262835 0.118438)
(0.00310329 -0.0237676 0.102402)
(-0.00183932 -0.0307324 0.172936)
(-0.00839626 -0.0116818 0.0241956)
(0.0186816 -0.0316518 0.0290753)
(0.0199555 -0.00649024 0.172415)
(-0.0389867 -0.00646856 0.0491533)
(-0.00632316 -0.023787 0.0962626)
(-0.0108179 -0.0363917 0.154578)
(-0.00207078 -0.0063851 0.112377)
(0.0452797 -0.00701687 0.195721)
(0.00280027 -0.01306 0.0937502)
(-0.0192491 -0.00663965 0.105886)
(-0.02491 -0.0124401 0.0564116)
(-0.0189666 -0.0411956 0.0838811)
(-0.0405695 -0.00669132 0.195271)
(-0.0174454 -0.0322897 0.0976938)
(-0.0427465 -0.0148609 0.165242)
(-0.030847 -0.028649 0.103323)
(0.0115323 -0.02823 0.0455552)
(0.00867674 -0.0170989 0.140057)
(0.0453534 -0.00648019 0.0611989)
(-0.0351566 -0.0288785 0.137053)
(-0.027795 -0.0357725 0.133751)
(0.0229888 -0.00644168 0.19578)
(-0.0147253 -0.00653793 0.0596317)
(0.00745851 -0.0156123 0.0415595)
(0.044519 -0.0110609 0.0481007)
(0.0100376 -0.0134424 0.0962833)
(-0.0205247 -0.0169402 0.11687)
(0.010045 -0.0180791 0.0632218)
(0.0221136 -0.0332284 0.0435816)
(-0.00544761 -0.0246414 0.160024)
(0.0124717 -0.0380458 0.0883315)
(-0.0147181 -0.010961 0.177612)
(-0.033396 -0.021398 0.0328129)
(0.0163014 -0.0193365 0.109108)
(0.00612574 -0.00645137 0.125556)
(0.032478 -0.00695422 0.0703418)
(0.0177213 -0.0197347 0.0599282)
(-0.01095 -0.0438002 0.0693039)
(0.00205426 -0.0451591 0.0648178)
(-0.000755645 -0.0280342 0.187399)
(-0.000206168 -0.0276534 0.193132)
(-0.0193919 -0.0174917 0.0832465)
(0.0169496 -0.0205348 0.167003)
(-0.0224397 -0.0110168 0.0722286)
(0.00260082 -0.00961221 0.0152408)
(0.005755 -0.0126317 0.0162266)
(-0.0123601 -0.0213078 0.110549)
(-0.034674 -0.00665491 0.124347)
(0.0351427 -0.0173244 0.172112)
(0.0379326 -0.0239665 0.159159)
(-0.0342658 -0.0100837 0.0221554)
(0.00342375 -0.0109964 0.0199365)
(0.0115591 -0.0110135 0.12903)
(-0.0345668 -0.0187811 0.0792322)
(0.0260887 -0.0107073 0.121977)
(0.00977246 -0.0199782 0.136002)
(-0.0291855 -0.00647725 0.125293)
(0.016489 -0.0307353 0.194159)
(0.0306015 -0.024989 0.0724132)
(0.0116596 -0.0330097 0.108112)
(0.0223626 -0.0272912 0.14501)
(-0.00116374 -0.0275685 0.0102687)
(-0.00944084 -0.044052 0.123453)
(-0.00684123 -0.0346179 0.0886382)
(-0.0214349 -0.00635765 0.151144)
(0.00110816 -0.0327473 0.0823844)
(0.0101311 -0.019497 0.175236)
(0.017643 -0.0194376 0.185158)
(0.00455555 -0.0206988 0.108157)
(-0.0384706 -0.0138628 0.129069)
(-0.0107291 -0.0243992 0.194819)
(0.017947 -0.0419599 0.0956803)
(-0.00153009 -0.00655568 0.144569)
(0.0327572 -0.00638114 0.113162)
(-0.007744 -0.0383621 0.126276)
(-0.0242271 -0.0065834 0.163625)
(0.00267776 -0.0112674 0.124999)
(-0.0111174 -0.00645372 0.156673)
(0.00294973 -0.0169476 0.142218)
(-0.0126585 -0.012018 0.0840119)
(-0.00693702 -0.018031 0.155779)
(-0.0331546 -0.00654489 0.0696132)
(-0.022184 -0.0397607 0.116568)
(-0.0104605 -0.0441903 0.0967692)
(0.00924088 -0.00658766 0.147066)
(-0.0343486 -0.0298368 0.072636)
(0.00310312 -0.0161034 0.167133)
(-0.0148938 -0.036822 0.112397)
(0.0310815 -0.00641025 0.0240684)
(-0.00923779 -0.00664621 0.0675033)
(0.0157183 -0.0357555 0.0704721)
(0.00918719 -0.0105629 0.163173)
(-0.0172717 -0.0418894 0.107216)
(0.0197142 -0.0359642 0.0845802)
(-0.00552762 -0.030691 0.0352818)
(0.00376953 -0.0107686 0.176562)
(0.00513567 -0.0303295 0.075321)
(-0.0160509 -0.00633291 0.0196144)
(-0.0111587 -0.0120839 0.0523024)
(0.020619 -0.00628912 0.185017)
(-0.00371277 -0.0258765 0.0800896)
(-0.00246407 -0.0062817 0.0586785)
(-0.0132925 -0.0104794 0.164899)
(0.0339964 -0.00659218 0.161842)
(-0.0199608 -0.00645647 0.193603)
(0.0184181 -0.0197373 0.0646508)
(0.0323148 -0.0322598 0.0869244)
(-0.0179821 -0.0165986 0.100645)
(0.00770157 -0.0447912 0.0722816)
(-0.00277319 -0.0064129 0.161217)
(0.0291997 -0.0276864 0.0984294)
(-0.0334741 -0.0306398 0.117244)
(-0.0253993 -0.00635102 0.0659604)
(0.0272352 -0.0193068 0.0558428)
(-2.28561e-05 -0.0133649 0.00455107)
(0.0444323 -0.00663585 0.113115)
(-0.0219173 -0.00655458 0.0341087)
(-0.035524 -0.0138985 0.153782)
(-0.0030824 -0.0453505 0.113308)
(0.0152594 -0.00640143 0.00389064)
(-0.00396705 -0.0243433 0.0743109)
(-0.0042857 -0.00658985 0.17134)
(0.023984 -0.0389172 0.0947764)
(-0.0171829 -0.0404996 0.187877)
(0.0271166 -0.0174261 0.178239)
(-0.00792987 -0.00648935 0.0216012)
(-0.0382404 -0.00641127 0.0411187)
(0.0085648 -0.0106178 0.0562696)
(-0.0156778 -0.0290104 0.0707843)
(-0.0211864 -0.0382223 0.0187163)
(-0.0149727 -0.0146255 0.0449809)
(-0.0224172 -0.0274004 0.0793726)
(-0.0379612 -0.0155701 0.0846979)
(0.0299406 -0.0108852 0.0542315)
(-0.00923444 -0.0104989 0.028069)
(-0.0253993 -0.0291399 0.0471193)
(0.000246469 -0.0190525 0.0649028)
(-0.0408725 -0.00657436 0.0984532)
(-0.0241709 -0.00633506 0.0184124)
(-0.000102309 -0.0178107 0.0581078)
(-0.0311735 -0.0332291 0.0844669)
(0.0157215 -0.0266382 0.0537466)
(-0.0230954 -0.0188865 0.167046)
(-0.0135619 -0.0427541 0.142998)
(0.00599047 -0.0453527 0.0973722)
(-0.0328429 -0.0218077 0.165032)
(0.01525 -0.0377018 0.0618548)
(-0.00256232 -0.00634685 0.148573)
(0.0069211 -0.0279155 0.0564246)
(-0.014628 -0.0203859 0.194841)
(-0.0195457 -0.0338744 0.0404454)
(0.0321293 -0.0322193 0.0704071)
(-0.0264832 -0.0358955 0.170589)
(0.00723795 -0.0369902 0.171714)
(-0.0441876 -0.0114151 0.0897488)
(-0.0189246 -0.00651231 0.0106146)
(0.00754271 -0.0447788 0.119233)
(-0.0444576 -0.0116224 0.0513742)
(0.0364853 -0.0170734 0.12561)
(-0.0010503 -0.0107805 0.179562)
(-0.00306997 -0.0119094 0.0991897)
(-0.0303024 -0.0333619 0.0499416)
(0.00807566 -0.0118963 0.0828173)
(-0.0415695 -0.0126762 0.134459)
(0.0182897 -0.0111093 0.196071)
(-0.0378232 -0.012308 0.0691949)
(0.0251061 -0.00645735 0.182876)
(-0.0262152 -0.0291669 0.134998)
(0.037997 -0.0140237 0.155881)
(0.0253711 -0.0277645 0.0163531)
(0.0206235 -0.023138 0.0480744)
(0.0133769 -0.0357064 0.169657)
(-0.0365411 -0.0169891 0.0712861)
(0.0414728 -0.018293 0.0427309)
(0.0254336 -0.0205503 0.157492)
(-0.0244242 -0.0201141 0.074749)
(0.0181306 -0.0278142 0.147647)
(-0.0139579 -0.0106481 0.0346458)
(0.0316997 -0.0311249 0.0204317)
(-0.0391078 -0.0112362 0.0523593)
(0.00271764 -0.0175992 0.00950335)
(-0.00888508 -0.0109511 0.135929)
(0.0278684 -0.0359152 0.0876716)
(0.0187222 -0.0348742 0.0995429)
(0.0135949 -0.0421229 0.02327)
(-0.0109936 -0.0356116 0.107236)
(-0.0123133 -0.00671068 0.1959)
(-0.026844 -0.0103471 0.0482502)
(0.0444226 -0.0105885 0.132267)
(0.0453514 -0.00654733 0.132039)
(-0.0062287 -0.0175101 0.121414)
(0.0126596 -0.021159 0.0124717)
(0.0275402 -0.00641782 0.0593105)
(0.0230552 -0.0288308 0.0409042)
(0.0314614 -0.0319927 0.165217)
(0.00556519 -0.0210276 0.0910631)
(-0.0168357 -0.0129109 0.195717)
(-0.0446262 -0.0110852 0.0834787)
(0.0381381 -0.0121717 0.113)
(0.0211821 -0.0207692 0.071387)
(-0.0271528 -0.00644308 0.025592)
(0.00751973 -0.0233377 0.100508)
(-0.0131685 -0.0109572 0.14145)
(-0.0139048 -0.0123601 0.145538)
(0.0087696 -0.0216723 0.147519)
(0.0407822 -0.00637863 0.0522793)
(-0.00746518 -0.0102151 0.177434)
(0.0385546 -0.0118975 0.0602727)
(0.0354313 -0.0270271 0.178736)
(0.0420568 -0.017349 0.148173)
(0.00305888 -0.0303698 0.0314161)
(0.0259219 -0.0171892 0.166624)
(0.0142689 -0.00658116 0.146521)
(-0.0169458 -0.0333578 0.143936)
(-0.00627283 -0.0178562 0.060439)
(0.0255562 -0.0120579 0.155747)
(-0.024232 -0.0380576 0.0459725)
(-0.0282784 -0.0234964 0.120635)
(0.0242121 -0.0210074 0.131634)
(0.0116768 -0.0184564 0.0281383)
(-0.0231992 -0.00639029 0.185507)
(-0.0244832 -0.0292372 0.0371434)
(0.033956 -0.0157104 0.0505023)
(-0.00224993 -0.0156055 0.0339097)
(-0.02042 -0.0119649 0.161636)
(-0.0172415 -0.0177846 0.00962628)
(0.021465 -0.00657094 0.0918277)
(0.0252882 -0.0310162 0.151295)
(0.028373 -0.0278473 0.142219)
(0.0201751 -0.00633039 0.0803532)
(0.0127073 -0.040275 0.193973)
(0.0317763 -0.0244008 0.114427)
(0.0153971 -0.0430475 0.0752386)
(-0.0348664 -0.0286167 0.157266)
(-0.0257797 -0.00628802 0.0723225)
(0.00163775 -0.0111941 0.147242)
(0.00451992 -0.0190611 0.0578853)
(-0.0128468 -0.0198391 0.0338725)
(0.0169869 -0.0115088 0.0278917)
(-0.0447759 -0.0106154 0.0173802)
(-0.0429481 -0.0145407 0.019121)
(0.0308079 -0.0305771 0.18958)
(0.0278193 -0.00632255 0.0311535)
(0.0226038 -0.0234231 0.13786)
(0.0293196 -0.0269791 0.0884831)
(-0.000188844 -0.0295436 0.0507321)
(0.028787 -0.0244348 0.17646)
(-0.00188699 -0.0160782 0.0677326)
(0.031812 -0.00632771 0.182104)
(-0.0287111 -0.026109 0.0769794)
(0.0123869 -0.0265227 0.0174453)
(-0.0298591 -0.00812802 0.0037856)
(-0.00359113 -0.0122976 0.0491272)
(0.00759676 -0.0449067 0.0789719)
(0.0155093 -0.0306066 0.103067)
(-0.00861 -0.014667 0.124557)
(-0.0430264 -0.0160474 0.0995726)
(-0.0209027 -0.020318 0.0144636)
(0.0322025 -0.013579 0.0726089)
(-0.0320966 -0.00639029 0.184011)
(0.021859 -0.00644993 0.12911)
(-0.00266703 -0.0400234 0.120039)
(-0.0247187 -0.0239083 0.0630079)
(-0.0290746 -0.0350931 0.09301)
(0.0165806 -0.00654599 0.165295)
(0.028467 -0.00630517 0.130129)
(-0.0338792 -0.00909364 0.190567)
(-0.0212177 -0.0173127 0.0917622)
(-0.0182452 -0.0064136 0.0629873)
(0.00349907 -0.0122064 0.101013)
(0.0303391 -0.00635428 0.0936225)
(-0.0135935 -0.0140903 0.12041)
(0.024988 -0.0350279 0.182629)
(-0.0222972 -0.0248894 0.140464)
(0.0174636 -0.0407352 0.173488)
(0.0390351 -0.0104752 0.106603)
(0.0181669 -0.011249 0.0865695)
(0.0230481 -0.00645335 0.0368732)
(-0.0178278 -0.00646824 0.0834206)
(-0.0224154 -0.0124381 0.0616801)
(-0.00844536 -0.0304463 0.140347)
(-0.00254863 -0.012607 0.0829988)
(0.00960437 -0.00625505 0.0826191)
(0.00189086 -0.0285731 0.0645663)
(-0.0237722 -0.00624848 0.0782021)
(0.0346981 -0.0287911 0.0521612)
(0.0236528 -0.00667091 0.191755)
(0.00851186 -0.00630664 0.151069)
(0.0157139 -0.0331617 0.113989)
(-0.0352467 -0.0129576 0.0909429)
(0.0396485 -0.011107 0.162115)
(-0.0224703 -0.0195402 0.0245979)
(0.0388775 -0.0218856 0.0284618)
(-0.0141154 -0.0342899 0.194477)
(-0.0302263 -0.0245431 0.0166392)
(0.00750144 -0.0443941 0.13339)
(0.0382294 -0.0242743 0.0977406)
(0.000746 -0.0342918 0.0428122)
(-0.0225048 -0.0232934 0.17625)
(0.00840418 -0.0136008 0.00542871)
(0.01649 -0.00641537 0.0626101)
(-0.00165032 -0.0243901 0.0556692)
(0.0362346 -0.0185891 0.133582)
(-0.0225864 -0.0381954 0.162606)
(-0.0268603 -0.024304 0.0499189)
(0.0275178 -0.0148567 0.106238)
(-0.00358337 -0.0352607 0.139503)
(-0.0384867 -0.016575 0.116713)
(-0.024607 -0.0192703 0.00513153)
(0.0420976 -0.0177666 0.12905)
(-0.0335155 -0.0298843 0.0384247)
(0.013298 -0.0168284 0.0859221)
(-0.0193592 -0.0354237 0.0288767)
(0.000454761 -0.0393529 0.058681)
(-0.00127728 -0.0107656 0.0147311)
(0.0275177 -0.00619317 0.152436)
(-0.00986532 -0.0130724 0.181952)
(0.0350425 -0.0212439 0.120903)
(0.00312063 -0.0111283 0.118989)
(0.0455985 -0.00630919 0.0224915)
(0.0316098 -0.0130206 0.116614)
(-0.0185617 -0.011421 0.0993967)
(0.0200327 -0.0354107 0.118668)
(-0.00380652 -0.012133 0.176704)
(0.0181621 -0.0120895 0.0147886)
(-0.0100995 -0.0122401 0.109942)
(-0.0153544 -0.0182302 0.143879)
(-0.00644758 -0.00627483 0.118287)
(-0.0339026 -0.00630258 0.0123216)
(-0.0154185 -0.0285189 0.0341487)
(0.0308189 -0.0147089 0.0968897)
(-0.0288403 -0.0197265 0.17441)
(0.00591701 -0.0272652 0.109538)
(0.00421044 -0.01159 0.196036)
(-0.0166337 -0.00766526 0.149469)
(-0.00184986 -0.0333814 0.0649346)
(-0.0345996 -0.00871727 0.172332)
(-0.0136652 -0.0268068 0.110966)
(-0.0353639 -0.0108646 0.0823114)
(0.00563254 -0.0184287 0.136652)
(-0.0144315 -0.0424615 0.153328)
(0.03222 -0.031424 0.0365013)
(-0.00700919 -0.0272471 0.0485411)
(0.00634682 -0.0276972 0.130117)
(-0.0229595 -0.0104312 0.00625851)
(-0.0257171 -0.0203746 0.0795901)
(-0.0165217 -0.0105005 0.11241)
(0.0229726 -0.00630039 0.0997554)
(-0.0153401 -0.0366064 0.0596588)
(0.04417 -0.0112227 0.190631)
(-0.00124886 -0.00637988 0.181057)
(-0.0166312 -0.026215 0.0814479)
(0.0447036 -0.0113746 0.102864)
(-0.0186079 -0.0062262 0.0271326)
(-0.0389447 -0.022425 0.182519)
(-0.0427053 -0.0169571 0.108347)
(-0.00745082 -0.0270204 0.0431828)
(-0.0119607 -0.0200597 0.149244)
(0.00471441 -0.0354421 0.046954)
(-0.0178302 -0.00625184 0.171813)
(-0.0133428 -0.0393879 0.105885)
(0.0184688 -0.0335608 0.140603)
(-0.0405867 -0.0065162 0.0203914)
(0.0299725 -0.0105717 0.0982885)
(-0.00751117 -0.0209505 0.0905499)
(0.0194118 -0.0130982 0.0451776)
(-0.0401948 -0.00655054 0.0672641)
(0.0309425 -0.0201639 0.0670234)
(-0.00837094 -0.0217967 0.13006)
(-0.0396257 -0.00681722 0.130093)
(-0.0332364 -0.0142139 0.132952)
(-0.0303292 -0.00644714 0.0815889)
(0.0358881 -0.0169758 0.105378)
(-0.00689901 -0.0363648 0.183378)
(-0.00803634 -0.00623579 0.0135868)
(0.0155803 -0.0354087 0.124507)
(0.0216002 -0.00961796 0.170415)
(-0.00216354 -0.0324249 0.0938881)
(0.0295322 -0.0342615 0.119736)
(0.0229711 -0.0240789 0.0970693)
(0.0402504 -0.0219407 0.121292)
(-0.00834349 -0.0337206 0.0605008)
(-0.0184394 -0.0113666 0.0479354)
(-0.0224899 -0.010102 0.0933721)
(-0.0456599 -0.0061996 0.114947)
(0.0101482 -0.0102255 0.0444708)
(-0.0122934 -0.0119286 0.0420115)
(0.0311721 -0.0153766 0.144976)
(-0.021525 -0.0261253 0.0450937)
(0.0219514 -0.0108981 0.117927)
(0.026131 -0.0364745 0.166629)
(0.0196957 -0.0299901 0.00595985)
(0.00687608 -0.0109797 0.183826)
(-0.0334519 -0.00623631 0.100685)
(0.0119661 -0.0222842 0.0771423)
(-0.0110918 -0.0328391 0.0130135)
(0.0217339 -0.0173771 0.051481)
(-0.00851973 -0.0318145 0.0966602)
(-0.0341629 -0.0208266 0.0615607)
(-0.0411046 -0.00637472 0.17779)
(-0.0123429 -0.0343451 0.188617)
(-0.0192385 -0.0324613 0.106492)
(0.0401151 -0.0215408 0.0585242)
(0.023942 -0.0154426 0.137684)
(0.00868246 -0.0392365 0.131276)
(-0.0203928 -0.006386 0.156365)
(-0.0412029 -0.00708793 0.108569)
(-0.00379976 -0.0107815 0.0191161)
(0.0205483 -0.00644177 0.106186)
(0.0123768 -0.0154142 0.106173)
(0.037368 -0.0254001 0.166226)
(-0.0144269 -0.0380738 0.0947927)
(0.045607 -0.00642606 0.176828)
(0.00859853 -0.0310258 0.0390975)
(0.0330269 -0.0316765 0.105042)
(-0.0449808 -0.00966498 0.0301325)
(-0.0402658 -0.0200151 0.162585)
(-0.00858613 -0.0377828 0.0266608)
(-0.0383118 -0.0234211 0.176768)
(-0.0347037 -0.0169139 0.14324)
(0.000269794 -0.00638538 0.153298)
(-0.0456743 -0.00616862 0.0850729)
(0.032946 -0.00638219 0.169231)
(0.0266365 -0.0140026 0.150255)
(-0.00587127 -0.0452419 0.0839471)
(-0.0275451 -0.0111231 0.0203557)
(0.0326799 -0.0107248 0.142539)
(0.0418718 -0.0187474 0.112014)
(-0.0239424 -0.0109842 0.0802061)
(-0.0276179 -0.0275724 0.145431)
(-0.0449226 -0.00652709 0.158739)
(-0.0393123 -0.0157374 0.0578781)
(-0.0125549 -0.0383219 0.130272)
(-0.00421704 -0.0109425 0.155899)
(0.00904089 -0.00626031 0.109262)
(0.0169154 -0.0417281 0.132387)
(-0.0307629 -0.0130058 0.137401)
(0.0203414 -0.0385236 0.144734)
(-0.016691 -0.0200814 0.0876942)
(0.00521318 -0.029416 0.142992)
(-0.00464808 -0.0293501 0.161797)
(-0.00644722 -0.00637915 0.153653)
(-0.00496462 -0.0356074 0.081733)
(-0.00072084 -0.022673 0.0483806)
(0.0117896 -0.0440667 0.115473)
(-0.0187255 -0.0330476 0.0848195)
(0.018197 -0.0258326 0.0853682)
(0.0240456 -0.0116801 0.0321329)
(0.00934537 -0.0433849 0.0139163)
(-3.08918e-05 -0.0393855 0.0500415)
(-0.0158746 -0.0302035 0.0939849)
(-0.0162644 -0.0111314 0.0921931)
(-0.0115062 -0.043081 0.0891385)
(0.0088776 -0.0445865 0.103219)
(-0.00801208 -0.0106811 0.0159372)
(0.0447321 -0.0107195 0.125844)
(-0.0147212 -0.0114447 0.0717054)
(0.00609497 -0.0315496 0.065695)
(0.0384092 -0.0152539 0.117036)
(0.0260683 -0.0341521 0.0704965)
(0.000168746 -0.00638561 0.191957)
(-0.0153615 -0.0169489 0.081189)
(0.0401923 -0.00643123 0.0782387)
(0.0013029 -0.0454829 0.104786)
(-0.0173341 -0.0127757 0.132551)
(-0.0374966 -0.0106527 0.0429323)
(-0.033326 -0.00621084 0.03172)
(0.0171519 -0.0258312 0.0808521)
(-0.00753038 -0.0279489 0.11892)
(-0.0293035 -0.0277266 0.110504)
(0.00317036 -0.00636514 0.0552021)
(0.0171295 -0.0191032 0.055428)
(0.0137554 -0.0263823 0.0952655)
(-0.017706 -0.0182879 0.161275)
(-0.0129487 -0.00633101 0.0446277)
(-0.0339758 -0.020591 0.102776)
(0.0160743 -0.0116468 0.0566041)
(0.0158826 -0.00638147 0.111269)
(-0.0106151 -0.00636133 0.00373172)
(0.0288187 -0.0345389 0.16113)
(-0.00268172 -0.0318329 0.0694959)
(-0.0134615 -0.0290593 0.047345)
(0.0287999 -0.0352567 0.103911)
(0.0343278 -0.0126131 0.00670449)
(0.0144919 -0.0220631 0.154394)
(0.00379851 -0.0285312 0.126146)
(-0.0106254 -0.0247539 0.0915499)
(-0.0452489 -0.00673571 0.0672582)
(0.0226233 -0.0189421 0.109429)
(0.0066058 -0.00931708 0.0883089)
(-0.0317716 -0.0262642 0.117058)
(-0.0236243 -0.0105477 0.127037)
(-0.00231135 -0.0393651 0.127109)
(-0.0116176 -0.0063105 0.139374)
(0.0074188 -0.00956427 0.0940703)
(0.0218392 -0.0235398 0.156555)
(0.0303494 -0.0130727 0.028616)
(0.0191817 -0.00634111 0.0469798)
(-0.00537546 -0.00631915 0.176099)
(-0.0417146 -0.00631442 0.102383)
(-0.0267273 -0.00821849 0.191524)
(0.0338479 -0.0302966 0.119796)
(-0.00940501 -0.0120625 0.0574647)
(0.0226449 -0.0155185 0.153989)
(0.0128684 -0.0426656 0.169138)
(-0.00258425 -0.0240423 0.111764)
(0.0327215 -0.00638953 0.120424)
(-0.0386777 -0.0153329 0.107453)
(-0.00236018 -0.0103303 0.123022)
(-0.0137805 -0.0318548 0.164365)
(-0.0231792 -0.00617288 0.0261569)
(0.0121312 -0.0261438 0.182083)
(0.0324091 -0.00643408 0.129269)
(0.0297159 -0.0338451 0.0912715)
(0.0118074 -0.0362534 0.050022)
(-0.0246023 -0.0382535 0.137029)
(-0.0446012 -0.0111797 0.0263984)
(-0.0198668 -0.0102902 0.144446)
(-0.0149179 -0.0363682 0.0653116)
(-0.0234239 -0.0135007 0.155913)
(0.00691212 -0.0319242 0.133963)
(-0.0207392 -0.0340734 0.0526806)
(0.00601853 -0.0235177 0.157361)
(-0.0400727 -0.0222974 0.119702)
(-0.00244181 -0.0199968 0.126831)
(-0.015551 -0.00622556 0.107397)
(0.000368577 -0.0274597 0.107529)
(0.0161788 -0.0419673 0.0436185)
(0.0102051 -0.010917 0.0368423)
(0.0443855 -0.0117163 0.142722)
(0.0446061 -0.0112754 0.14693)
(0.00597106 -0.044241 0.0185742)
(0.0167951 -0.0418917 0.0664881)
(0.00267318 -0.0219298 0.053851)
(-0.0338865 -0.0109117 0.0866229)
(0.00745983 -0.0324682 0.0862518)
(-0.0225527 -0.00648583 0.122673)
(0.0166559 -0.0349157 0.0555457)
(-0.00231951 -0.011032 0.163982)
(-0.0378382 -0.0108312 0.186338)
(-0.010815 -0.00617321 0.112182)
(-0.015832 -0.038504 0.00570526)
(-0.00118829 -0.0168292 0.173892)
(0.00749264 -0.0207727 0.0203653)
(-0.0341506 -0.0190726 0.009141)
(9.00994e-05 -0.00618541 0.0867613)
(-0.00307794 -0.0286393 0.0186521)
(-0.0403008 -0.0107643 0.072557)
(-0.0314118 -0.00631533 0.0387742)
(-0.0242623 -0.0110279 0.0271488)
(0.00239407 -0.0215783 0.0399434)
(0.0140518 -0.00643121 0.0326531)
(-0.00686861 -0.00619655 0.165917)
(0.0387488 -0.0223655 0.177304)
(0.0390221 -0.0239251 0.113286)
(-0.0232382 -0.0147805 0.173604)
(-0.0354577 -0.0109146 0.108216)
(-0.0129534 -0.0244356 0.010112)
(-0.000803969 -0.0381975 0.0227053)
(0.00913928 -0.0445551 0.0585559)
(0.011018 -0.0178171 0.147651)
(-0.020137 -0.0218912 0.0858138)
(0.0195622 -0.0141012 0.120591)
(0.0383221 -0.0253762 0.105772)
(-0.0367057 -0.0270633 0.0560381)
(0.0162242 -0.0141388 0.0981181)
(-0.0333832 -0.00636788 0.087223)
(0.00401686 -0.00642804 0.0476314)
(0.0227319 -0.0245771 0.0432433)
(0.0227383 -0.0330312 0.0635866)
(0.0425938 -0.0170665 0.0923431)
(0.00161768 -0.0295542 0.0792718)
(0.0166257 -0.010455 0.0107497)
(0.0367395 -0.011308 0.0269022)
(-0.00571942 -0.0242382 0.0181509)
(0.0224334 -0.0115469 0.0965657)
(-0.000706339 -0.0108634 0.0713276)
(0.0453971 -0.00632528 0.0138366)
(-0.0065407 -0.0343254 0.0772011)
(0.00727468 -0.00622636 0.0725433)
(0.0208387 -0.0217924 0.0550081)
(0.00418127 -0.0262533 0.0337608)
(0.0405137 -0.00618372 0.0375247)
(-0.0261705 -0.0198225 0.133096)
(0.013457 -0.0338579 0.0295764)
(0.020299 -0.0215637 0.0946378)
(-0.0124133 -0.030976 0.110006)
(0.040439 -0.0215813 0.137869)
(0.00458064 -0.0139744 0.159722)
(-0.0209414 -0.00630702 0.0959449)
(-0.0188614 -0.0131545 0.107269)
(0.00387091 -0.00643458 0.0122736)
(0.0234976 -0.0115415 0.0758836)
(-0.0377782 -0.0106235 0.0469839)
(-0.00498693 -0.0442397 0.178241)
(-0.0301918 -0.0175423 0.0870775)
(0.0157545 -0.0162026 0.0212494)
(0.0180653 -0.0107175 0.137451)
(-0.00785854 -0.03734 0.114127)
(0.0225276 -0.0108792 0.0126989)
(0.0234015 -0.0384055 0.0429252)
(0.0224898 -0.0115492 0.123651)
(0.044301 -0.0126693 0.0758195)
(0.0162313 -0.0227499 0.0214032)
(0.0185205 -0.00626613 0.0975213)
(0.014987 -0.00999455 0.0950339)
(0.013579 -0.00630402 0.00794727)
(-0.00631682 -0.0315377 0.128353)
(0.0323208 -0.0248436 0.108908)
(-0.0384575 -0.0134655 0.0208623)
(-0.00744981 -0.0399331 0.0879219)
(0.0143177 -0.0139193 0.0605399)
(0.0053335 -0.0190452 0.163694)
(0.00497121 -0.0180782 0.12491)
(-0.00235207 -0.0342673 0.119889)
(0.0251739 -0.00634873 0.0402514)
(0.0377932 -0.00921943 0.0907941)
(-0.00374426 -0.024694 0.0352154)
(-0.00782132 -0.00612267 0.0257187)
(-0.034946 -0.018874 0.118369)
(-0.0113488 -0.0146811 0.113078)
(-0.0284622 -0.0233211 0.105971)
(-0.0339477 -0.0062235 0.0488946)
(-0.0129401 -0.0227058 0.171358)
(0.0249752 -0.0110797 0.160827)
(-0.0130994 -0.0433146 0.130941)
(0.0025751 -0.0121647 0.140625)
(-0.041287 -0.0194138 0.129172)
(0.0110876 -0.0164573 0.120088)
(0.0234233 -0.0179504 0.0211709)
(0.0282939 -0.0309134 0.111229)
(-0.00654248 -0.0147575 0.0376459)
(-0.0425414 -0.0148754 0.00934697)
(0.000996434 -0.00645172 0.0978769)
(-0.01872 -0.00981065 0.0893418)
(0.0109877 -0.012706 0.0241136)
(-0.0263452 -0.0309343 0.0584075)
(0.0332969 -0.0107541 0.190717)
(-0.0395785 -0.0107144 0.171255)
(0.0199111 -0.0401598 0.033656)
(0.0172369 -0.0311993 0.17845)
(0.0300256 -0.0200442 0.148198)
(0.0087364 -0.0248103 0.0690339)
(-0.0245953 -0.0246854 0.0703153)
(0.00272914 -0.0402392 0.0996919)
(-0.0232695 -0.0112867 0.0666516)
(-0.0294238 -0.0348807 0.0973744)
(-0.0143613 -0.0416191 0.179242)
(-0.0116531 -0.0215683 0.136461)
(-0.0172095 -0.0235465 0.0995943)
(0.0127767 -0.0368928 0.134997)
(0.0407603 -0.00621139 0.146798)
(0.016348 -0.027055 0.0416073)
(-0.0307196 -0.015033 0.115439)
(0.0440521 -0.0125759 0.116692)
(-0.0145352 -0.0357071 0.147647)
(0.00750633 -0.0392274 0.126467)
(0.0256528 -0.00610468 0.0629556)
(-0.0331424 -0.00619444 0.147754)
(0.04428 -0.0129763 0.110927)
(-0.0183022 -0.0164487 0.0428226)
(-0.0195509 -0.0342971 0.110668)
(-0.0347476 -0.0208153 0.132612)
(-0.0339055 -0.0300042 0.0486294)
(-0.0349664 -0.0119622 0.195747)
(-0.0447742 -0.0107319 0.132455)
(0.0435197 -0.0062768 0.089076)
(0.0244716 -0.0199338 0.142279)
(0.0028625 -0.0362318 0.0120779)
(0.0324243 -0.00633896 0.0599126)
(-0.026134 -0.0204279 0.125278)
(-0.0238207 -0.00614338 0.042499)
(0.0278433 -0.0292501 0.0377019)
(-0.0248379 -0.00645502 0.180695)
(-0.0234269 -0.0331004 0.0449708)
(-0.0210323 -0.0207295 0.150519)
(0.0152573 -0.0104095 0.109876)
(0.00561458 -0.00623267 0.178968)
(-0.0189249 -0.0405458 0.0483779)
(-0.0212396 -0.0246114 0.11667)
(-0.0313543 -0.00607885 0.177793)
(-0.0264137 -0.037166 0.0861239)
(-0.0198185 -0.0410298 0.0883513)
(0.0310836 -0.0116358 0.184338)
(0.0310577 -0.0226211 0.101738)
(0.0240964 -0.0064578 0.0781871)
(0.0200109 -0.039882 0.163217)
(0.0165431 -0.0416334 0.15464)
(-0.00609198 -0.0121071 0.0890601)
(0.0408252 -0.00626608 0.100189)
(-0.0102489 -0.043798 0.137909)
(0.0145796 -0.00618899 0.16903)
(-0.00608171 -0.0123288 0.0128784)
(-0.0283906 -0.00617004 0.168132)
(-0.0104401 -0.0169387 0.0932604)
(0.00571 -0.02687 0.18755)
(-0.0297365 -0.0249146 0.129114)
(0.0352661 -0.0295422 0.102026)
(0.0092907 -0.00643199 0.155383)
(-0.016881 -0.0132944 0.162858)
(0.027808 -0.0179948 0.0692248)
(-0.0288134 -0.00636214 0.172207)
(0.0239703 -0.011189 0.0897322)
(-0.0276629 -0.00626504 0.0321775)
(0.0274049 -0.0347453 0.049834)
(-0.00372581 -0.0452324 0.126902)
(-0.000817806 -0.045078 0.134931)
(-0.0287653 -0.033784 0.0120552)
(-0.00845118 -0.00627808 0.0399756)
(-0.041372 -0.0192804 0.140019)
(0.00693158 -0.0438758 0.166405)
(-0.00710651 -0.015009 0.0179657)
(-0.0173498 -0.0261149 0.137761)
(0.0229547 -0.0381545 0.0231528)
(-0.00312697 -0.0106146 0.114321)
(0.00430279 -0.0103407 0.0782746)
(0.00428924 -0.0142158 0.133972)
(-0.0117939 -0.00645641 0.056969)
(0.0122676 -0.0432898 0.132836)
(-0.00830282 -0.0188349 0.104797)
(0.00323693 -0.0390651 0.0539905)
(0.0346576 -0.0182593 0.159739)
(0.0152013 -0.0128999 0.0488572)
(0.00402644 -0.0310506 0.0583984)
(-0.00637892 -0.01314 0.0717093)
(0.0314852 -0.032123 0.126147)
(-0.0445185 -0.00643639 0.166414)
(-0.0251911 -0.0230348 0.109969)
(0.0124415 -0.00624831 0.115695)
(0.0201509 -0.035859 0.0710635)
(0.00490622 -0.0384837 0.159515)
(-0.00162372 -0.0366356 0.18654)
(0.0182431 -0.0420075 0.0829534)
(-0.0449441 -0.0106422 0.120889)
(0.0142134 -0.0149846 0.0759429)
(-0.000946826 -0.0256636 0.0623963)
(0.0239017 -0.0383848 0.131029)
(0.0213243 -0.0135703 0.0587141)
(-0.00663742 -0.0333575 0.00558472)
(-0.0410912 -0.00623769 0.19015)
(-0.0217186 -0.0246017 0.0934976)
(0.00197378 -0.00986001 0.0743741)
(0.00711107 -0.011024 0.187777)
(0.00685457 -0.0452022 0.0888355)
(0.00125074 -0.00623857 0.0306013)
(-0.017758 -0.00624496 0.123762)
(0.0128242 -0.00611041 0.186273)
(-0.0094874 -0.0286692 0.0796873)
(-0.0383448 -0.0108004 0.158943)
(-0.0363809 -0.0277703 0.110802)
(-0.0383554 -0.0117543 0.00704789)
(-0.0350433 -0.00630483 0.0240201)
(0.0242368 -0.037692 0.153803)
(0.0155701 -0.0103312 0.177072)
(-0.0188371 -0.0109141 0.0598255)
(-0.0261163 -0.0218746 0.08973)
(-0.0181294 -0.033064 0.0340163)
(0.00666183 -0.0294419 0.0260637)
(-0.045522 -0.00657229 0.0767193)
(-0.0360633 -0.019553 0.0524845)
(0.0315371 -0.0115246 0.103921)
(0.0456332 -0.00608337 0.0969997)
(0.0258903 -0.0278606 0.168099)
(-0.0335204 -0.0312796 0.10996)
(-0.0106709 -0.0349316 0.0810364)
(-0.0202166 -0.00624811 0.0694411)
(0.0398969 -0.0107524 0.0214515)
(0.000800561 -0.0228861 0.125322)
(0.031417 -0.02991 0.00590296)
(0.0223893 -0.00606444 0.167332)
(0.00464883 -0.0449107 0.0356303)
(0.0040838 -0.0162791 0.029381)
(0.0192748 -0.01669 0.188722)
(-0.00999571 -0.0117728 0.156853)
(0.00820824 -0.0202025 0.154121)
(0.0201215 -0.0100937 0.185957)
(0.0238023 -0.0115543 0.184398)
(0.0271453 -0.0106465 0.186389)
(0.0225815 -0.0119604 0.13956)
(-0.0279468 -0.0281585 0.160737)
(0.0387005 -0.024172 0.147745)
(-0.00203104 -0.0302187 0.12164)
(0.0128164 -0.0243299 0.188119)
(-0.0190902 -0.0202982 0.097643)
(-0.040844 -0.00641953 0.0080976)
(-0.0279129 -0.00617113 0.0971574)
(0.0124502 -0.021952 0.11397)
(0.00265272 -0.0309538 0.178505)
(0.0114146 -0.0284981 0.146255)
(0.0232561 -0.00632684 0.00382768)
(0.0238679 -0.0105422 0.00424872)
(0.027909 -0.0291367 0.0747934)
(0.0131736 -0.0360043 0.0450714)
(0.0392578 -0.0227156 0.0403746)
(0.00273733 -0.0444667 0.028319)
(-0.021165 -0.0260309 0.0282401)
(0.0296891 -0.0346605 0.114426)
(0.00410918 -0.0382945 0.176061)
(-0.0184753 -0.0105464 0.0387132)
(-0.0245484 -0.0293888 0.00572409)
(0.0019189 -0.0284546 0.0707036)
(-0.024401 -0.0383472 0.127913)
(8.58707e-05 -0.00609012 0.196285)
(-0.0326311 -0.00640742 0.0635669)
(-0.0233889 -0.0392202 0.0742505)
(-0.0223685 -0.0221836 0.10432)
(-0.0421775 -0.0187968 0.0931397)
(0.00930578 -0.0110207 0.0330045)
(0.0128468 -0.0113264 0.0310289)
(-0.00148307 -0.0204631 0.184477)
(-0.0238487 -0.0115239 0.0131255)
(0.0408963 -0.00620718 0.0474897)
(-0.00513477 -0.0169976 0.15195)
(0.00969758 -0.0151587 0.0919857)
(-0.0179413 -0.0102716 0.0112714)
(-0.0343129 -0.0218302 0.152841)
(0.0170868 -0.0412176 0.181174)
(-0.0454427 -0.00914123 0.143804)
(0.0018997 -0.0102346 0.0444404)
(-0.00216148 -0.010641 0.0282357)
(-0.00130905 -0.0317711 0.130239)
(-0.0126354 -0.00618803 0.126815)
(0.00102024 -0.0163864 0.0724904)
(0.0360987 -0.0258148 0.0103883)
(-0.0192823 -0.0197269 0.0724294)
(-0.0189553 -0.0224458 0.069172)
(-0.0106223 -0.0166232 0.101541)
(-0.0143038 -0.0176783 0.186829)
(0.0238604 -0.0174011 0.0832247)
(0.0120212 -0.0174817 0.102633)
(0.00438858 -0.033915 0.12059)
(0.0037305 -0.00639298 0.132227)
(0.000364743 -0.0129486 0.00863593)
(0.0457622 -0.00609349 0.0822873)
(-2.28572e-05 -0.0402644 0.0787238)
(-0.0372103 -0.0204802 0.112194)
(0.0329734 -0.0102632 0.127698)
(0.0325936 -0.0256143 0.0821306)
(0.000842296 -0.00640351 0.00885095)
(-0.0233871 -0.0331332 0.125932)
(0.0144289 -0.0142645 0.0648987)
(0.0194306 -0.0126458 0.0197311)
(-0.0210118 -0.00613841 0.0580311)
(0.00998487 -0.0249013 0.150551)
(0.0400813 -0.0105427 0.0154011)
(0.0359922 -0.0172969 0.046678)
(0.0347029 -0.0109014 0.0422673)
(0.014265 -0.0315936 0.0685315)
(-0.0144225 -0.0219683 0.0782492)
(0.0157308 -0.0178712 0.115192)
(0.0266501 -0.0295674 0.184431)
(-0.0415527 -0.0062655 0.121039)
(-0.0162736 -0.0202637 0.0307549)
(0.0117131 -0.0353479 0.176748)
(-0.0168547 -0.0322588 0.00564483)
(-0.0226153 -0.0257009 0.100596)
(-0.028505 -0.0344638 0.180825)
(-0.00191596 -0.0418849 0.0991446)
(-0.0171579 -0.00614561 0.13612)
(-0.0258971 -0.011607 0.00371157)
(-0.00785825 -0.00610488 0.0501777)
(0.00923036 -0.00609574 0.0943986)
(-0.0208491 -0.0302071 0.162932)
(0.00618337 -0.0447311 0.0541301)
(-0.00310851 -0.0103976 0.0568661)
(-0.00251553 -0.0445373 0.162649)
(-0.0401885 -0.0209842 0.027915)
(-0.0339151 -0.0059949 0.188215)
(0.0240071 -0.0312462 0.104386)
(-0.015656 -0.0235521 0.0457225)
(-0.00266279 -0.021592 0.0385144)
(0.0386552 -0.0115696 0.169387)
(-0.0138245 -0.011562 0.191208)
(-0.0147095 -0.0168345 0.08957)
(-0.0457233 -0.00623378 0.150987)
(-0.0243758 -0.0106598 0.172662)
(-0.0180719 -0.041645 0.134441)
(0.00947024 -0.0297931 0.164618)
(-0.00931826 -0.0157398 0.0092827)
(-0.0107857 -0.0325208 0.0929658)
(0.00840041 -0.0399329 0.0839924)
(0.0377029 -0.0163694 0.142756)
(0.00488643 -0.0293749 0.173558)
(0.0261399 -0.00612509 0.0153396)
(0.0395459 -0.0128497 0.0914801)
(-0.0324153 -0.0137515 0.0478058)
(0.0142798 -0.0221248 0.0813546)
(-0.0224318 -0.0216537 0.0330636)
(0.0148848 -0.0193221 0.146204)
(-0.0046966 -0.00606317 0.0750254)
(0.0153198 -0.0289971 0.18915)
(-0.0277829 -0.0361357 0.120051)
(-0.0307756 -0.0258052 0.137515)
(-0.0418112 -0.0173187 0.181413)
(0.0133784 -0.0276155 0.154814)
(0.00258979 -0.00624423 0.113268)
(0.00273305 -0.0223789 0.0316954)
(-0.0426804 -0.0160101 0.156063)
(0.0096625 -0.0196301 0.09912)
(0.00507333 -0.0453674 0.126489)
(0.00158349 -0.0207021 0.0834794)
(-0.0409882 -0.0210384 0.0880314)
(-0.0310646 -0.00615935 0.138696)
(0.0196316 -0.0321783 0.0475371)
(-0.0242863 -0.00638351 0.0824493)
(-0.0414264 -0.00620091 0.0251047)
(-0.0159269 -0.0149862 0.021469)
(0.0366577 -0.0103388 0.141177)
(-0.00810072 -0.00620204 0.144456)
(0.0110232 -0.0173736 0.00432634)
(-0.000730976 -0.0378041 0.165093)
(-0.0242296 -0.0153559 0.026114)
(0.0357254 -0.0287562 0.0754484)
(-0.0291385 -0.0296371 0.0859775)
(-0.0380301 -0.0249009 0.155713)
(0.00889204 -0.00620823 0.192238)
(0.0192253 -0.0300232 0.0632276)
(-0.0419432 -0.0184873 0.118321)
(-0.032479 -0.011105 0.154599)
(-0.0367144 -0.0253542 0.188888)
(-0.0407747 -0.0100719 0.140641)
(0.0121303 -0.00624252 0.0462208)
(0.0194071 -0.0359667 0.111965)
(-0.0116466 -0.0189855 0.125603)
(-0.0257068 -0.00626403 0.111979)
(0.0370707 -0.0108606 0.147748)
(0.0254535 -0.00994927 0.0421722)
(0.0407029 -0.0122554 0.18915)
(0.0440289 -0.0128883 0.186965)
(0.0386707 -0.0167349 0.19002)
(0.00555475 -0.00627632 0.145824)
(0.00456055 -0.0105323 0.164655)
(0.0177899 -0.00626503 0.0277232)
(0.0447266 -0.0108482 0.120331)
(-0.00109406 -0.0160541 0.160602)
(0.0399329 -0.0203749 0.0154175)
(-0.0255634 -0.0111955 0.106457)
(-0.0418129 -0.019691 0.103976)
(0.010226 -0.00633152 0.0349371)
(0.0409479 -0.0104556 0.144084)
(-0.0171178 -0.00627717 0.186128)
(0.0122238 -0.0104206 0.0604298)
(-0.0332933 -0.0189209 0.0367275)
(0.0038847 -0.0106739 0.18995)
(-0.0236355 -0.00613509 0.0124369)
(-0.00757315 -0.0266729 0.0658962)
(0.0428676 -0.00635002 0.0581777)
(-0.0283792 -0.0156878 0.0731893)
(0.0247348 -0.011445 0.0621953)
(-0.0112439 -0.0224554 0.0412584)
(0.0228308 -0.00623024 0.0657468)
(0.0129831 -0.0312793 0.0864237)
(0.0410088 -0.00620243 0.0428334)
(0.000786854 -0.00629786 0.0161557)
(-0.0294806 -0.0271128 0.0721913)
(-0.000699089 -0.0300477 0.104375)
(0.0109038 -0.0321065 0.0992962)
(-0.0322807 -0.00612012 0.0199275)
(0.0053818 -0.0223025 0.143526)
(-0.0340697 -0.00604215 0.0420596)
(0.0137734 -0.00609548 0.0704578)
(-0.0113822 -0.0272122 0.16114)
(0.0179068 -0.0354521 0.0370482)
(-0.0164874 -0.0131677 0.083227)
(-0.0154844 -0.0235444 0.0174586)
(0.0411127 -0.019169 0.0473537)
(-0.015045 -0.0178765 0.121318)
(0.0312904 -0.00607221 0.0124114)
(0.0035679 -0.0141018 0.0522508)
(0.0429258 -0.0168357 0.0711389)
(-0.00442036 -0.0248724 0.0878355)
(0.0394969 -0.0149294 0.0993984)
(-0.0221299 -0.00619257 0.118027)
(-0.0278169 -0.020903 0.0403412)
(0.0200418 -0.00604573 0.162597)
(-0.0118258 -0.010202 0.187816)
(0.0233911 -0.0133215 0.0515131)
(0.0057748 -0.0355591 0.147015)
(-0.00636394 -0.0110683 0.159878)
(-0.00448665 -0.010472 0.0946659)
(0.0265244 -0.00999048 0.171599)
(0.0113429 -0.0112266 0.0908154)
(-0.00642232 -0.0327689 0.13304)
(-0.0115329 -0.0387247 0.0527838)
(0.00939379 -0.0365001 0.0055881)
(0.0136817 -0.015962 0.129683)
(0.00524124 -0.0446434 0.15283)
(0.0458135 -0.00605557 0.162107)
(-0.00591338 -0.0105844 0.0300996)
(-0.00434688 -0.0450511 0.0445733)
(0.0244982 -0.0387857 0.0699738)
(0.0173119 -0.0327915 0.121224)
(0.0308845 -0.011397 0.0430867)
(-0.00279548 -0.0221911 0.134758)
(0.0174809 -0.0106928 0.18316)
(-0.00301112 -0.0110418 0.142964)
(-0.0270855 -0.0103827 0.0604535)
(0.00549012 -0.0162425 0.090557)
(-0.00573499 -0.00623222 0.192352)
(-0.00435125 -0.0103843 0.182753)
(0.0236323 -0.00624427 0.115731)
(0.0287684 -0.0179034 0.113546)
(-0.00112296 -0.0166485 0.0268233)
(0.0340559 -0.0229066 0.0928707)
(-0.0394195 -0.0111124 0.112592)
(-0.0357233 -0.00619543 0.09229)
(0.0143226 -0.0246863 0.0990391)
(0.0255018 -0.0224277 0.0207506)
(-0.0300523 -0.00611379 0.0719151)
(-0.0150899 -0.00622821 0.156217)
(0.00545628 -0.0224246 0.179463)
(0.0269062 -0.00634433 0.144503)
(-0.0058238 -0.0347555 0.0477966)
(-0.00681997 -0.0291855 0.052527)
(0.0271319 -0.0117839 0.166358)
(-0.0441175 -0.0117644 0.161373)
(-0.0327953 -0.0063479 0.113984)
(0.0245301 -0.0165014 0.0391136)
(0.0412808 -0.0143926 0.00395548)
(-0.000898125 -0.0107685 0.150154)
(-0.0145173 -0.02909 0.0779742)
(-0.0365133 -0.0267036 0.0411718)
(-0.00344122 -0.0396747 0.0376381)
(0.0195472 -0.01077 0.00794351)
(0.0184479 -0.0110101 0.00390962)
(0.00734099 -0.0358722 0.181029)
(0.0342469 -0.0118019 0.111907)
(0.00300555 -0.0262059 0.0864412)
(0.00168576 -0.0374054 0.0945864)
(0.0185726 -0.0109658 0.0906461)
(-0.01533 -0.0247994 0.155717)
(0.0186828 -0.0419174 0.0898364)
(-0.0313092 -0.0271048 0.169979)
(0.00163449 -0.0110503 0.173196)
(0.00670535 -0.0126516 0.0754026)
(-0.0331346 -0.0314338 0.0687914)
(0.0151443 -0.00610475 0.104554)
(-0.0136696 -0.00609902 0.176489)
(0.00302694 -0.0359984 0.106504)
(0.0130829 -0.030711 0.128935)
(0.00474658 -0.00609374 0.142037)
(0.0170647 -0.00989978 0.10329)
(0.0284294 -0.0130465 0.128876)
(-0.00662913 -0.0400369 0.131349)
(-0.0216379 -0.023446 0.00506645)
(0.0146945 -0.0285328 0.0370964)
(-0.0107179 -0.0432954 0.162189)
(0.0136066 -0.0145405 0.110034)
(-0.0131608 -0.0433649 0.0547929)
(-0.0136856 -0.0202759 0.0936072)
(-0.0339349 -0.0223928 0.0730467)
(-0.042228 -0.0165847 0.0650138)
(0.0252601 -0.0302187 0.128925)
(-0.010232 -0.0178889 0.117776)
(-0.0393987 -0.0222958 0.0195389)
(0.0145808 -0.0061334 0.176652)
(0.0293801 -0.0242404 0.0307844)
(0.00828043 -0.0179543 0.0487094)
(0.0282468 -0.0237133 0.0141797)
(-0.0397638 -0.00633499 0.144293)
(-0.00414382 -0.00616382 0.131939)
(-0.0175525 -0.0155483 0.0938141)
(0.00239212 -0.0247371 0.154493)
(-0.0316864 -0.0228495 0.00600509)
(-0.0178455 -0.00624408 0.0328189)
(-0.0330447 -0.0317861 0.0984466)
(0.0209939 -0.034476 0.13669)
(-0.0285275 -0.0323425 0.194433)
(-0.0058888 -0.023155 0.0264906)
(0.0307397 -0.0339249 0.0968806)
(-0.0401577 -0.0220243 0.0624148)
(-0.036147 -0.0282053 0.122751)
(-0.0212898 -0.0264312 0.059508)
(-0.0029052 -0.0355667 0.194845)
(0.0352326 -0.0180353 0.152058)
(0.00143236 -0.0349179 0.071115)
(0.0100838 -0.0450603 0.09917)
(0.00753777 -0.0263914 0.114382)
(0.0263343 -0.0115611 0.0716298)
(0.029985 -0.00623395 0.133709)
(-0.0343515 -0.0106396 0.0762808)
(-0.0215037 -0.0167304 0.070711)
(0.00533459 -0.0179685 0.0710805)
(0.0338567 -0.00628706 0.0902079)
(-0.0137878 -0.0062788 0.0255896)
(-0.0305639 -0.0110224 0.0227732)
(-0.0246921 -0.0310332 0.147217)
(0.0128848 -0.0217846 0.0590864)
(0.0308201 -0.0107816 0.0650351)
(0.0313799 -0.0247933 0.0650524)
(0.0276786 -0.036688 0.0953311)
(-0.0180246 -0.00616267 0.160983)
(0.0195561 -0.018096 0.0776053)
(-0.0412495 -0.00616596 0.0783779)
(-0.0437098 -0.0146358 0.123381)
(-0.00754353 -0.03469 0.165478)
(-0.0142401 -0.0152641 0.178257)
(-0.0289983 -0.0264939 0.154326)
(0.0224906 -0.027505 0.0561625)
(0.0031609 -0.0181914 0.00469952)
(-0.0152467 -0.00599872 0.119882)
(0.0204397 -0.00618201 0.123676)
(-0.00872766 -0.0181154 0.172722)
(-0.0131607 -0.0243238 0.14209)
(0.00452805 -0.0101739 0.113491)
(0.0153145 -0.0061804 0.151322)
(-0.00604962 -0.0446539 0.14559)
(-0.0385108 -0.0122313 0.014378)
(-0.0122081 -0.00603726 0.0407776)
(-0.000766295 -0.0108407 0.0640723)
(0.0119169 -0.0285346 0.170133)
(-0.00335247 -0.0120757 0.107307)
(0.0309028 -0.0103941 0.0175695)
(0.0451563 -0.0100039 0.0730251)
(-0.0112691 -0.0168119 0.0310446)
(0.0357889 -0.00984801 0.0574001)
(-0.00834775 -0.0292338 0.194811)
(-0.0286947 -0.0163658 0.131864)
(-0.0140386 -0.0426654 0.0232991)
(-0.0210542 -0.00618207 0.0902273)
(0.0155128 -0.0225502 0.181068)
(-0.00173906 -0.0094225 0.0809177)
(-0.0193717 -0.0170523 0.0306574)
(0.0236919 -0.0395094 0.0905939)
(0.0222374 -0.0101091 0.156038)
(0.0295512 -0.0290112 0.084677)
(-0.014696 -0.0117061 0.10434)
(0.0260277 -0.0101695 0.0953869)
(0.0144323 -0.0380848 0.139263)
(0.0456323 -0.0059402 0.0313384)
(-0.0409898 -0.00665543 0.124836)
(-0.0145809 -0.0438406 0.0978762)
(-0.019415 -0.0103825 0.129925)
(-0.0318853 -0.0254726 0.0802279)
(-0.0137163 -0.0286125 0.0616823)
(0.00101422 -0.0184159 0.0503676)
(-0.0149649 -0.0108071 0.00833699)
(-0.0151579 -0.0110162 0.00411861)
(0.00753461 -0.00638207 0.0067635)
(-0.0368271 -0.0207403 0.0876876)
(-0.0100948 -0.0268914 0.104504)
(0.0459188 -0.00616689 0.0528239)
(-0.00395977 -0.0454462 0.101458)
(-0.00752947 -0.00593225 0.08547)
(-0.00351025 -0.0139318 0.145878)
(0.0310903 -0.0255905 0.130404)
(-0.0420155 -0.00623041 0.172704)
(0.00498887 -0.0397481 0.0874913)
(0.0136362 -0.00609591 0.132991)
(0.0303129 -0.0226138 0.0387674)
(0.0358983 -0.00604511 0.0685863)
(0.0373145 -0.0102397 0.0478854)
(-0.025919 -0.019721 0.0933049)
(-0.0202218 -0.0107945 0.078733)
(-0.0103918 -0.00603928 0.0904528)
(-0.0196148 -0.00993548 0.0273984)
(-0.00863328 -0.0400896 0.0961862)
(-0.00576631 -0.0220117 0.0603752)
(-0.0138193 -0.0250174 0.0656154)
(-0.0336548 -0.0107856 0.0426769)
(-0.0191803 -0.0322322 0.117778)
(-0.0195759 -0.00603632 0.0155523)
(-0.0346609 -0.0105976 0.144128)
(0.0336368 -0.00625744 0.0859686)
(-0.0161164 -0.0105142 0.170727)
(-0.0204668 -0.0175191 0.130965)
(-0.0445517 -0.0113415 0.00776251)
(-0.04035 -0.0101022 0.0319892)
(0.0287967 -0.0217379 0.0523961)
(0.0184429 -0.0168262 0.0308174)
(0.0347333 -0.0062153 0.100439)
(0.0244663 -0.0115796 0.0836818)
(-0.00716232 -0.0170306 0.0988258)
(-0.0173303 -0.0178405 0.0558887)
(-0.0397012 -0.0126078 0.125199)
(0.0388884 -0.0247261 0.0927746)
(0.0105569 -0.022715 0.0265574)
(-0.00186537 -0.0226701 0.0204166)
(0.0450222 -0.00972966 0.0516767)
(0.0436695 -0.0134908 0.167625)
(-0.0114358 -0.0433174 0.171143)
(0.0049918 -0.0361224 0.0822094)
(-0.0145583 -0.0370568 0.0784813)
(-0.0225724 -0.0399191 0.124026)
(-0.0400556 -0.0112502 0.189509)
(0.0411289 -0.00613073 0.13787)
(-0.0294536 -0.00951873 0.0534187)
(0.0198266 -0.011637 0.101041)
(0.0143878 -0.0384954 0.0762163)
(-0.0305017 -0.0191594 0.156509)
(-0.0247085 -0.00614589 0.155238)
(-0.00997833 -0.00594287 0.161472)
(-0.0112533 -0.0149516 0.0688269)
(0.0326204 -0.00596598 0.137363)
(-0.0180339 -0.0180755 0.00452641)
(0.00414231 -0.0148954 0.107747)
(-0.0169391 -0.0104402 0.140935)
(-0.0423538 -0.0162835 0.195808)
(-0.0258751 -0.0148674 0.00652201)
(0.0260785 -0.0287771 0.114247)
(0.00184334 -0.0357983 0.0654809)
(-0.0215493 -0.0188355 0.177202)
(0.0421344 -0.017658 0.0518278)
(-0.0136801 -0.031406 0.1042)
(0.0406973 -0.0108169 0.0458296)
(-0.00882406 -0.0384093 0.169229)
(0.0341416 -0.0229107 0.141124)
(-0.00387989 -0.0136823 0.166831)
(0.000332033 -0.0453089 0.038793)
(0.0176797 -0.0060876 0.156449)
(0.0100636 -0.0305334 0.140664)
(-0.0177632 -0.0290823 0.194595)
(-0.0412427 -0.0060342 0.183308)
(0.035781 -0.00604715 0.185764)
(-0.0417369 -0.00601669 0.0841418)
(-0.0317993 -0.0327268 0.0607054)
(-0.0226193 -0.0104357 0.086262)
(-0.0199645 -0.0102894 0.00378998)
(0.00582603 -0.0258559 0.137449)
(0.00594024 -0.0279662 0.0521085)
(-0.0117102 -0.0182899 0.0047592)
(0.0113566 -0.0355925 0.0222159)
(0.0269298 -0.0364481 0.138735)
(0.0142733 -0.0106804 0.148629)
(0.0451681 -0.0095142 0.0580985)
(-0.0138841 -0.0378545 0.135461)
(0.0286289 -0.00610988 0.15651)
(0.0322015 -0.0207681 0.18013)
(0.012181 -0.0160842 0.116164)
(-0.014853 -0.028055 0.169476)
(-0.0129602 -0.0109193 0.0799113)
(-0.0417873 -0.00622025 0.0425578)
(-0.00434786 -0.0318062 0.107264)
(-0.0382471 -0.0157524 0.139411)
(0.0218166 -0.0400269 0.0512466)
(0.0285324 -0.0344762 0.0783)
(0.0378273 -0.0104935 0.0751559)
(0.0182644 -0.0108066 0.0528504)
(-0.037152 -0.0261044 0.146522)
(0.0230436 -0.021245 0.0887983)
(0.0169267 -0.0420342 0.144716)
(0.00382837 -0.0160652 0.100061)
(-0.015087 -0.00626584 0.100267)
(-0.0144274 -0.0100805 0.100548)
(0.0256394 -0.0261111 0.0722838)
(0.00390424 -0.0205061 0.0663585)
(-0.000855281 -0.0179262 0.0979551)
(-0.0215671 -0.0298498 0.0907254)
(0.00150252 -0.0230167 0.0960333)
(0.0280119 -0.0107542 0.0824939)
(-0.0299938 -0.0254453 0.0305335)
(0.0192346 -0.0236164 0.0611509)
(-0.00280951 -0.0287658 0.116913)
(0.0364699 -0.026554 0.0287947)
(0.00118414 -0.045541 0.0751972)
(-0.0125838 -0.0443191 0.0617676)
(-0.0145352 -0.0437055 0.0661632)
(-0.0386203 -0.011487 0.177238)
(0.0388428 -0.0155059 0.131488)
(-0.0288387 -0.0265096 0.0455781)
(0.035069 -0.00625283 0.152949)
(0.0283799 -0.026297 0.056279)
(0.0285312 -0.0156714 0.0871153)
(-0.0266493 -0.0105418 0.0682826)
(-0.0341925 -0.020944 0.0244801)
(0.0442438 -0.0106352 0.0676802)
(-0.0456291 -0.00632699 0.0419556)
(-0.0451954 -0.0101773 0.0426168)
(0.0449517 -0.00630354 0.0176992)
(-0.0360944 -0.0168591 0.0483785)
(-0.0363964 -0.0174358 0.161668)
(-0.00380272 -0.0111944 0.196288)
(0.0402019 -0.00999583 0.053376)
(0.0273946 -0.0280661 0.10815)
(-0.0279832 -0.0103002 0.173877)
(-0.0408989 -0.0214482 0.0776118)
(0.0122216 -0.00612727 0.0521567)
(-0.0201815 -0.0199496 0.0622454)
(0.0207314 -0.0348649 0.0932951)
(0.0123567 -0.0261331 0.113808)
(-0.0265912 -0.0183315 0.0341883)
(0.0266614 -0.0302158 0.0437601)
(0.040285 -0.00640206 0.196321)
(-0.0193979 -0.00931413 0.196151)
(0.00767237 -0.0106509 0.140414)
(-0.010864 -0.0156021 0.0894723)
(-0.0129109 -0.0177571 0.0114327)
(0.0398611 -0.0108538 0.176164)
(0.0152672 -0.0184813 0.082802)
(-0.0217851 -0.0178748 0.100102)
(0.0129885 -0.0098565 0.157173)
(-0.000493333 -0.0275525 0.0268986)
(-0.0125277 -0.0182868 0.0235082)
(-0.0185335 -0.0120873 0.0440949)
(0.0160731 -0.0170806 0.0492771)
(0.0384965 -0.0143227 0.0664767)
(-0.0421894 -0.0182943 0.122392)
(-0.00698856 -0.00620501 0.0711936)
(-0.00190641 -0.006238 0.0340768)
(2.28916e-05 -0.0283249 0.16267)
(0.0047535 -0.0167153 0.0771612)
(0.0105942 -0.0430546 0.183383)
(-0.0420161 -0.0185374 0.0385076)
(-0.00103383 -0.0182355 0.142192)
(0.0239737 -0.0215737 0.125735)
(0.0344388 -0.0206492 0.126776)
(0.0346252 -0.00624905 0.0739045)
(-0.0286791 -0.0146324 0.0266759)
(-0.0204804 -0.00614092 0.174812)
(-0.0290524 -0.00619987 0.0648717)
(-0.00271711 -0.0343575 0.074626)
(0.00511397 -0.0240656 0.0603137)
(0.0417153 -0.00629153 0.0729496)
(0.0373685 -0.0116921 0.135798)
(-0.0114817 -0.0321292 0.150851)
(-0.0357796 -0.00614859 0.150497)
(-0.0177245 -0.0423964 0.0798946)
(-0.039902 -0.0143514 0.046834)
(0.00895832 -0.0134574 0.135257)
(-0.0336272 -0.0243156 0.112402)
(0.0234801 -0.0168111 0.190722)
(-0.00731261 -0.00618787 0.182747)
(-0.00340388 -0.0328647 0.116036)
(-0.0123791 -0.0114424 0.059925)
(0.0377204 -0.0170956 0.0737854)
(0.0134238 -0.0387225 0.0969315)
(-0.00946499 -0.0100099 0.0394555)
(-0.0381813 -0.0258189 0.13639)
(-0.0297859 -0.0104697 0.190081)
(-0.016498 -0.0141415 0.0973728)
(0.0181315 -0.0230276 0.0344743)
(-0.0304145 -0.0197019 0.0732013)
(-0.019997 -0.0201019 0.110336)
(-0.0303723 -0.0211149 0.0826842)
(-0.00188261 -0.0442396 0.188632)
(0.0394301 -0.0150168 0.105406)
(0.0101624 -0.0158954 0.00891955)
(-0.00481267 -0.0266786 0.152604)
(4.55051e-05 -0.0252906 0.0405798)
(0.035076 -0.00610675 0.0636056)
(-0.024261 -0.0246307 0.133326)
(-0.0259163 -0.022909 0.165867)
(-0.0330871 -0.0318188 0.105206)
(-0.0412456 -0.0207588 0.11204)
(0.0265138 -0.00624492 0.0845765)
(0.00379996 -0.0296503 0.120152)
(-0.0274025 -0.0156667 0.079494)
(0.0177994 -0.0304701 0.128602)
(0.0114157 -0.0205461 0.139933)
(-0.0359035 -0.0196937 0.0652352)
(-0.000466875 -0.0131359 0.0201727)
(-0.0182678 -0.0354827 0.093901)
(0.0254158 -0.00606125 0.137427)
(-0.0353634 -0.0108805 0.0327134)
(-0.0199061 -0.0398668 0.0133542)
(-0.024411 -0.0169583 0.0401033)
(0.0275917 -0.0111654 0.00468787)
(0.00460097 -0.0170378 0.130655)
(0.031508 -0.024433 0.158901)
(-0.0259159 -0.0152456 0.109944)
(-0.00980666 -0.0240319 0.0497048)
(-0.0452314 -0.00951581 0.102359)
(-0.0311376 -0.0328001 0.147578)
(-0.00167214 -0.026378 0.0850909)
(-0.00551146 -0.00613417 0.196241)
(-0.032542 -0.0245369 0.107732)
(0.0334707 -0.00594898 0.177414)
(-0.0236401 -0.0382574 0.036714)
(-0.0236902 -0.0379653 0.0313719)
(-0.0119329 -0.0175102 0.0617444)
(-0.0102515 -0.00589615 0.0333632)
(0.00985724 -0.0180227 0.0550229)
(0.0130087 -0.00623732 0.0658764)
(0.0316009 -0.0194737 0.107711)
(-0.0150789 -0.0426921 0.0306401)
(0.0102746 -0.0298604 0.157541)
(0.000575942 -0.00595281 0.116781)
(0.0313477 -0.0330804 0.130599)
(0.00990712 -0.0436694 0.0268413)
(0.0291612 -0.00608271 0.111909)
(0.0347472 -0.00617317 0.109408)
(0.0287601 -0.0149478 0.0321491)
(-0.00948804 -0.0158251 0.0776207)
(0.0125519 -0.0217875 0.195069)
(-0.0103329 -0.0154621 0.0649263)
(0.0260166 -0.0188644 0.18437)
(0.0245171 -0.0303962 0.142346)
(0.000354999 -0.00621678 0.062028)
(0.012873 -0.0311329 0.111662)
(-0.0392208 -0.0234339 0.0383137)
(0.0261214 -0.0207901 0.0389855)
(0.00478815 -0.0448115 0.158326)
(-0.028576 -0.0251094 0.0963871)
(0.0181893 -0.0406374 0.192143)
(-0.0369157 -0.0271316 0.0755396)
(0.0395149 -0.0139308 0.148861)
(0.00210318 -0.0172545 0.119234)
(0.00497765 -0.0437594 0.194336)
(-0.00384424 -0.0229315 0.0704195)
(-0.0128425 -0.00598751 0.187048)
(0.042566 -0.017258 0.0384031)
(0.0342767 -0.0225346 0.0544272)
(0.0243249 -0.0336224 0.0881536)
(-0.0258106 -0.00987884 0.0735354)
(-0.00488362 -0.0455384 0.0917928)
(-0.0443025 -0.0110101 0.0117091)
(-0.0202619 -0.0287809 0.139797)
(-0.00901748 -0.0266714 0.0579875)
(-0.0364183 -0.0177587 0.0954074)
(-0.0152931 -0.019577 0.137019)
(0.0033493 -0.0281292 0.045532)
(0.0313922 -0.0282163 0.10349)
(0.00247367 -0.00598259 0.0730536)
(0.00758894 -0.0168647 0.160756)
(0.015739 -0.0195488 0.161848)
(-0.0110955 -0.038833 0.101919)
(0.0122734 -0.026825 0.0615877)
(-0.00731706 -0.0322099 0.15724)
(-0.041512 -0.0187972 0.176143)
(0.041615 -0.00600139 0.00350648)
(-0.00267398 -0.0373534 0.180277)
(0.0146072 -0.0299944 0.0743028)
(-0.0225838 -0.0151964 0.0487332)
(-0.0182834 -0.0173944 0.195214)
(0.022983 -0.018603 0.120936)
(0.0335315 -0.0186905 0.0981721)
(0.0109898 -0.0245408 0.134696)
(0.0134371 -0.0181823 0.172253)
(0.00326189 -0.045616 0.0838723)
(-0.0191314 -0.00606992 0.00686069)
(0.0420065 -0.0144927 0.181553)
(-0.0064469 -0.0190143 0.0479419)
(-0.0034412 -0.0204876 0.0291389)
(0.0355855 -0.0145697 0.00354436)
(0.010963 -0.00623628 0.0877819)
(-0.0075681 -0.00611522 0.110249)
(0.00570575 -0.0176216 0.190042)
(0.00126136 -0.0172112 0.17763)
(-0.0343887 -0.00956056 0.0991394)
(0.0164441 -0.0346763 0.152523)
(0.0318016 -0.0251109 0.0963925)
(0.0178963 -0.0156327 0.0621744)
(-0.00809275 -0.00596622 0.140686)
(-0.0129316 -0.0212912 0.0866949)
(-0.0414287 -0.01996 0.0506452)
(0.021098 -0.00993545 0.0815709)
(0.00277976 -0.00613475 0.120381)
(-0.0135587 -0.00611458 0.0137538)
(-0.0219441 -0.0269702 0.0751026)
(-0.0101601 -0.00613925 0.191559)
(0.0116912 -0.0166881 0.0666612)
(-0.0301429 -0.0211623 0.0284175)
(0.0348425 -0.00618393 0.196565)
(-0.016317 -0.0428414 0.090081)
(0.0265508 -0.00620749 0.0234876)
(-0.0253741 -0.00614334 0.0356274)
(-0.0289547 -0.016244 0.0505969)
(0.0273817 -0.0226391 0.0908762)
(0.0102945 -0.00913461 0.0134396)
(-0.00615087 -0.01092 0.14672)
(0.0186536 -0.0251385 0.112627)
(-0.0268924 -0.0276502 0.103741)
(-0.0354542 -0.027103 0.173518)
(0.00746294 -0.0138541 0.190865)
(-0.00761801 -0.0399386 0.137679)
(0.0408652 -0.0214118 0.127594)
(0.017756 -0.00593579 0.085021)
(-0.0225264 -0.00624645 0.0218052)
(0.0183507 -0.010139 0.0741418)
(0.0454591 -0.00948336 0.0898101)
(0.0229742 -0.0156686 0.0896333)
(-0.0244886 -0.0156258 0.14124)
(-0.0185316 -0.00596322 0.0541383)
(-0.0348255 -0.0102539 0.181785)
(-0.0325019 -0.0133535 0.181451)
(-0.0187244 -0.0334674 0.183639)
(0.0142448 -0.0102784 0.131581)
(-0.0206941 -0.0113168 0.153376)
(-0.0448765 -0.0102145 0.0478839)
(0.0165959 -0.0240702 0.0116649)
(-0.0209649 -0.0177128 0.187139)
(0.00777803 -0.0143079 0.068233)
(0.0216933 -0.0309836 0.0120239)
(-0.0138039 -0.0434977 0.125025)
(-0.0329901 -0.0250907 0.094016)
(-0.00882755 -0.0181119 0.0693606)
(0.0386807 -0.0162727 0.111238)
(-0.0115199 -0.0114959 0.12785)
(0.0160993 -0.0428962 0.109065)
(0.00481909 -0.0320233 0.153483)
(0.0412954 -0.0106757 0.114917)
(0.0448924 -0.0103713 0.113702)
(0.0267312 -0.00603935 0.0511894)
(-0.0362008 -0.028112 0.0838834)
(-0.0428469 -0.0176127 0.0778849)
(0.021977 -0.0203651 0.149293)
(-0.0247792 -0.0224019 0.0274126)
(0.0192794 -0.0181718 0.0233229)
(0.00512962 -0.0449437 0.145456)
(0.00803994 -0.0112667 0.145702)
(0.0440364 -0.0108467 0.0407209)
(-0.027217 -0.018123 0.0637306)
(0.00797336 -0.0176555 0.0359749)
(-0.0219504 -0.0352961 0.0736044)
(-0.0242845 -0.0387399 0.0573799)
(0.0140858 -0.0213476 0.0510489)
(0.0422028 -0.0185598 0.120301)
(-0.0362502 -0.00595041 0.0544566)
(0.040335 -0.00595371 0.0609406)
(0.0183082 -0.0414835 0.0392484)
(0.00761429 -0.0291358 0.0311076)
(0.00821529 -0.040573 0.0776386)
(-0.0257934 -0.00937332 0.161631)
(-0.0358622 -0.0104505 0.156128)
(-0.0197283 -0.0348228 0.130185)
(0.00792347 -0.0242363 0.044721)
(0.0231114 -0.00598134 0.132629)
(-0.00675899 -0.0398598 0.0817975)
(0.0412293 -0.00602954 0.103946)
(0.0319888 -0.00610477 0.0421097)
(-0.0458354 -0.00623242 0.170119)
(-0.00623182 -0.0244526 0.10803)
(-0.0322276 -0.00607516 0.0589624)
(-0.0416571 -0.0195138 0.0592456)
(-0.0401345 -0.0105627 0.119242)
(0.00335698 -0.025649 0.0181538)
(0.0286352 -0.00975028 0.037822)
(0.00808208 -0.0407623 0.091537)
(-0.00595466 -0.0208548 0.0213085)
(-0.0334 -0.0311272 0.153461)
(-0.0260971 -0.0222904 0.0585972)
(0.0263748 -0.0108271 0.0350078)
(0.0298289 -0.00608236 0.0205411)
(0.0350508 -0.00965714 0.0211063)
(-0.0161884 -0.0245754 0.105419)
(0.0201165 -0.0196861 0.132285)
(0.037612 -0.0154235 0.01989)
(0.029602 -0.0188811 0.133497)
(0.0225165 -0.0167502 0.0124067)
(-0.00899918 -0.044398 0.0318908)
(0.0417744 -0.0190991 0.0770236)
(-0.00793985 -0.0325209 0.147444)
(0.0313811 -0.0320431 0.184383)
(-0.020465 -0.0244121 0.121037)
(0.0084385 -0.0270652 0.119308)
(-0.00597425 -0.0108557 0.138312)
(0.0249851 -0.0137836 0.100264)
(-0.00566569 -0.0400135 0.0438574)
(0.0187152 -0.0124713 0.165209)
(0.0201083 -0.0125935 0.161516)
(0.00375605 -0.0244985 0.0900332)
(0.0118142 -0.00981534 0.141035)
(-0.0367089 -0.0108003 0.0036426)
(-0.0359758 -0.015759 0.122369)
(0.0330131 -0.0247732 0.0892859)
(0.0209104 -0.0321094 0.0692622)
(0.0353359 -0.00610946 0.0325036)
(-0.020481 -0.0356102 0.0670819)
(-0.0298295 -0.0100379 0.110726)
(-0.0422255 -0.0173702 0.0261098)
(0.00320616 -0.0109625 0.0673098)
(-0.00720684 -0.0451554 0.049441)
(-0.0146641 -0.0297967 0.10027)
(0.0323499 -0.00589822 0.00333799)
(-0.0240573 -0.0203378 0.18319)
(-0.0416268 -0.00990452 0.0244824)
(-0.0461343 -0.00602372 0.103411)
(0.0334275 -0.0307176 0.148397)
(0.0263909 -0.0291599 0.158501)
(0.0143185 -0.0304347 0.0951751)
(-0.0171013 -0.00981158 0.124753)
(-0.00484859 -0.0277973 0.0135873)
(0.0211741 -0.012401 0.0295252)
(-0.0331559 -0.0313041 0.0531434)
(0.0353721 -0.0196072 0.0858519)
(0.0407764 -0.00602078 0.112058)
(0.000737012 -0.0248981 0.168363)
(0.0135821 -0.0384664 0.101881)
(-0.00999634 -0.00594821 0.075238)
(0.0203908 -0.0325716 0.188025)
(-0.0140093 -0.0221594 0.185399)
(-0.00618429 -0.00616219 0.125061)
(-0.0243185 -0.0256905 0.0536889)
(0.0138445 -0.00999363 0.183779)
(-0.00342937 -0.0315185 0.0420223)
(-0.014801 -0.0102748 0.0657687)
(0.0162231 -0.0107781 0.120395)
(-0.00783096 -0.0323823 0.102907)
(-0.00406118 -0.00601673 0.0271218)
(-0.000703543 -0.0103775 0.154705)
(0.023349 -0.0231352 0.160779)
(0.0191873 -0.00605801 0.0172562)
(0.0125456 -0.00986791 0.0834279)
(-0.00618772 -0.0287033 0.181785)
(-0.046129 -0.00602123 0.136655)
(0.0166587 -0.0365398 0.032247)
(0.0190752 -0.00596432 0.192445)
(0.00354679 -0.0305417 0.109083)
(0.0142669 -0.0158725 0.163735)
(0.033742 -0.0107507 0.122972)
(-0.0396513 -0.0208806 0.195047)
(0.00444021 -0.0165032 0.156379)
(0.0353794 -0.0218906 0.110602)
(0.000271865 -0.00983996 0.0309752)
(0.0309748 -0.0329899 0.0297611)
(0.00470424 -0.0407834 0.0951996)
(0.0119574 -0.00922884 0.0771855)
(0.0347081 -0.0225144 0.0991874)
(0.0396816 -0.00891054 0.129456)
(-0.0074816 -0.0452073 0.0617515)
(-0.00136723 -0.0216859 0.086324)
(0.0258787 -0.00624585 0.00847613)
(0.041448 -0.0104035 0.0861237)
(-0.0448236 -0.0120193 0.0759422)
(0.00100105 -0.0218002 0.141329)
(-0.0315506 -0.0118709 0.0911155)
(0.0240712 -0.0161522 0.0654563)
(-0.00826762 -0.0230062 0.0842291)
(-5.56239e-05 -0.0354969 0.109887)
(0.0191768 -0.0239386 0.120102)
(0.0110498 -0.0202493 0.157453)
(0.0010301 -0.0460696 0.112528)
(-0.00181287 -0.0168115 0.0891309)
(0.0172397 -0.00596803 0.0517095)
(-0.0214531 -0.0127736 0.0250732)
(0.00606816 -0.0303648 0.0711559)
(0.032333 -0.0174989 0.190352)
(0.0303666 -0.0278412 0.119843)
(-0.0449157 -0.0108818 0.056955)
(0.0273854 -0.0361335 0.123475)
(0.0133583 -0.0428979 0.163954)
(-0.0447695 -0.00605683 0.0312311)
(-0.00273759 -0.00602984 0.119907)
(-0.00810733 -0.0170577 0.182232)
(-0.0280669 -0.0100039 0.0309578)
(0.00271062 -0.0352928 0.090078)
(0.00728815 -0.0199589 0.0790405)
(-0.0198566 -0.00946206 0.102763)
(-0.00561771 -0.00609539 0.11398)
(-0.00722273 -0.0455888 0.1121)
(-0.0231676 -0.0264203 0.11111)
(-0.0292449 -0.00945367 0.0159661)
(-0.00121207 -0.0251016 0.139833)
(-0.0242274 -0.0193023 0.0872747)
(0.00779064 -0.00587277 0.0377449)
(-0.0324054 -0.0110041 0.00369003)
(-0.0397275 -0.0228131 0.148067)
(0.00335435 -0.0109578 0.104536)
(-0.0436028 -0.0120328 0.106758)
(-0.0287548 -0.0148562 0.126097)
(-0.0337118 -0.00946537 0.0103349)
(0.0151259 -0.0244755 0.0665068)
(-0.0254485 -0.0102437 0.117162)
(0.0132574 -0.0102419 0.0263241)
(-0.00994034 -0.0215244 0.116076)
(0.0277957 -0.0122163 0.192445)
(0.0280912 -0.0149158 0.195794)
(-0.00463168 -0.0456931 0.11741)
(0.036913 -0.015215 0.195368)
(0.0257959 -0.00593399 0.175826)
(-0.0090187 -0.0059066 0.0630996)
(-0.028124 -0.0162862 0.118107)
(-0.031813 -0.0249925 0.0664323)
(0.0184639 -0.00999147 0.0677178)
(-0.024332 -0.0191858 0.153747)
(0.0122718 -0.025247 0.103483)
(-0.0062189 -0.0384025 0.151605)
(-0.0155986 -0.010352 0.0765362)
(0.0348617 -0.0107563 0.0538964)
(0.0141959 -0.0149277 0.0898396)
(-0.0203736 -0.0351072 0.134836)
(0.0267817 -0.0276842 0.0786391)
(0.00109484 -0.034239 0.0768342)
(-0.000845184 -0.0391856 0.115656)
(0.00438789 -0.00918966 0.181691)
(0.0141788 -0.0355486 0.085553)
(-0.0123843 -0.0255927 0.188408)
(-0.014927 -0.0182907 0.110591)
(-0.0326967 -0.0130629 0.112747)
(0.00447899 -0.00581967 0.109272)
(0.0242828 -0.0091881 0.151001)
(0.0170713 -0.0338339 0.0151312)
(0.0293905 -0.0112007 0.0740894)
(-0.00709967 -0.0119276 0.102708)
(-0.0273732 -0.0192181 0.137001)
(0.0371798 -0.0060352 0.172944)
(-0.0308405 -0.0245536 0.0900287)
(0.00833902 -0.0363106 0.0158098)
(0.0233463 -0.0097502 0.0200267)
(-0.0293744 -0.0303194 0.0972314)
(0.0407697 -0.00979472 0.0366125)
(0.0316212 -0.0278237 0.0617945)
(0.0251154 -0.0230879 0.120483)
(0.0341323 -0.0240563 0.0705253)
(-0.0219924 -0.0317415 0.173759)
(-0.00450804 -0.0139546 0.092699)
(0.00163487 -0.0331742 0.0384568)
(-0.0096404 -0.00985121 0.0925247)
(0.0261832 -0.0271914 0.0911391)
(0.0449604 -0.0108457 0.139022)
(0.0409391 -0.0059802 0.160327)
(0.0301611 -0.0139523 0.0807734)
(0.0305185 -0.0337127 0.15562)
(0.0218386 -0.0402124 0.0729536)
(0.0342582 -0.00614602 0.0146497)
(0.00239439 -0.0315404 0.114524)
(-0.00283264 -0.019171 0.0945458)
(0.0073153 -0.0340967 0.0357918)
(-0.0154949 -0.0357743 0.0424481)
(-0.0352621 -0.0294292 0.0937766)
(0.0208992 -0.0060639 0.0297579)
(-0.00246766 -0.00584224 0.0826208)
(-0.0371636 -0.010112 0.0263265)
(-0.0396564 -0.013191 0.0268458)
(-0.00592428 -0.0453258 0.0728547)
(0.0403757 -0.0110264 0.0634054)
(-0.00804434 -0.027962 0.0315419)
(0.00862875 -0.0104778 0.123504)
(-0.0263282 -0.010883 0.195989)
(-0.0243173 -0.012039 0.192961)
(0.00299473 -0.0109311 0.00382865)
(-0.0317961 -0.00979018 0.115003)
(0.0182142 -0.032529 0.170012)
(0.0384072 -0.0252081 0.0645993)
(0.0396441 -0.0234788 0.0830747)
(-0.0292242 -0.00602686 0.158887)
(-0.0185376 -0.0231573 0.0774037)
(0.0269461 -0.0244966 0.102527)
(-0.0167743 -0.0251763 0.0715968)
(0.0427183 -0.0175582 0.0999447)
(-0.0300027 -0.0334084 0.0176953)
(-0.0187505 -0.0408027 0.172296)
(0.0389324 -0.0147782 0.0412967)
(0.0258863 -0.0375186 0.0355909)
(-0.0396245 -0.00993223 0.0852775)
(-0.0422586 -0.0179435 0.149843)
(-0.0164406 -0.0368703 0.124483)
(0.00254311 -0.00584501 0.0257588)
(0.00376772 -0.00983449 0.0364089)
(0.00453464 -0.0218013 0.148035)
(0.0107645 -0.0440744 0.138646)
(0.0409816 -0.0100409 0.0571927)
(-0.0105738 -0.00593041 0.0476506)
(0.0061759 -0.0204915 0.132266)
(-0.0417156 -0.0195723 0.133348)
(0.0072016 -0.00594175 0.0161158)
(-0.00482787 -0.0283354 0.101008)
(-0.044107 -0.0131412 0.144404)
(-0.0258556 -0.0109223 0.0374305)
(-0.00247922 -0.0363244 0.0950579)
(0.0123781 -0.00586836 0.173408)
(-0.00172734 -0.0248625 0.156173)
(-0.0028794 -0.0173681 0.1687)
(-0.00281696 -0.0204328 0.151089)
(-0.00167315 -0.0105725 0.168489)
(-0.00355801 -0.0283601 0.00473146)
(0.0343631 -0.0148867 0.0370409)
(-0.0236989 -0.0108358 0.139785)
(0.0343785 -0.0117992 0.0787599)
(-0.00191994 -0.0103623 0.174036)
(-0.00945837 -0.016774 0.046399)
(-0.0191293 -0.0168712 0.0597025)
(0.0176804 -0.0423803 0.0713484)
(-0.0116665 -0.0243183 0.0712409)
(-0.0128993 -0.0088355 0.0518291)
(-0.0198993 -0.0412627 0.120844)
(-0.00865414 -0.0263553 0.0388901)
(0.0290541 -0.0131809 0.169582)
(-0.0190218 -0.0299677 0.0621751)
(-0.0420523 -0.0191509 0.0695835)
(0.00974592 -0.0404359 0.120286)
(0.0108336 -0.0369797 0.109108)
(-0.0331883 -0.00593098 0.0969978)
(0.0415668 -0.00589157 0.167275)
(-0.000474277 -0.0162145 0.123579)
(-0.0138431 -0.028284 0.0243424)
(0.00238785 -0.016337 0.146225)
(0.0106681 -0.020178 0.126468)
(-0.00154034 -0.0175472 0.0429585)
(-0.0278766 -0.0061245 0.0398649)
(0.0330419 -0.0171244 0.0743749)
(0.0140698 -0.0238051 0.11803)
(0.0223423 -0.0195962 0.102307)
(-0.00133816 -0.0457929 0.0501401)
(-0.0177264 -0.0265427 0.126756)
(0.0366434 -0.0279668 0.0985096)
(-0.00101279 -0.00968299 0.0229314)
(-0.00932283 -0.0286622 0.0843623)
(0.0242284 -0.0120235 0.129873)
(0.0119113 -0.0175046 0.133479)
(-0.0181269 -0.020595 0.0250385)
(-0.0226361 -0.0322245 0.0861502)
(0.0160556 -0.00608031 0.12625)
(-0.0284392 -0.0306609 0.0811358)
(0.0222377 -0.0394669 0.16804)
(0.00534247 -0.0107961 0.13602)
(-0.0448209 -0.0112539 0.0935151)
(-0.00587337 -0.0405833 0.0557749)
(-0.0323966 -0.0246852 0.0587385)
(0.00611323 -0.0303338 0.0923705)
(-0.0212384 -0.0177948 0.142514)
(-0.0125053 -0.00606088 0.168071)
(0.00172549 -0.0342066 0.132611)
(0.00459569 -0.00605652 0.14993)
(0.00668638 -0.0345976 0.139121)
(0.024837 -0.0203963 0.0678542)
(0.0236989 -0.00593935 0.159687)
(0.00503569 -0.0316279 0.0830128)
(0.0348112 -0.0112474 0.115617)
(0.0411447 -0.0104859 0.119449)
(-0.00508691 -0.0263393 0.0626257)
(-0.0254093 -0.0384701 0.105079)
(-0.0366081 -0.00987076 0.165428)
(0.00351961 -0.018932 0.102682)
(-0.0429104 -0.0176188 0.0880884)
(-0.0199112 -0.00999368 0.12219)
(0.00247607 -0.0422039 0.0920257)
(0.0355996 -0.0184951 0.027371)
(0.0445023 -0.0125549 0.0123866)
(0.0127235 -0.0333021 0.142962)
(-0.0269745 -0.0211159 0.0702605)
(0.0113382 -0.0219108 0.0172367)
(-0.029571 -0.0212005 0.12738)
(-0.0312092 -0.00599411 0.122235)
(0.0230343 -0.0321004 0.160047)
(0.0410299 -0.0210316 0.141968)
(-0.0238692 -0.0388109 0.151138)
(-0.0123958 -0.0295202 0.0872234)
(-0.0430394 -0.0121362 0.172659)
(0.0395782 -0.0113516 0.165809)
(0.019571 -0.0254551 0.077141)
(-0.0133567 -0.015815 0.0414404)
(0.0195819 -0.0337261 0.125307)
(-0.0234854 -0.0102716 0.143665)
(-0.0147178 -0.0103952 0.1313)
(0.0197459 -0.00587252 0.022442)
(0.0461589 -0.00593864 0.11754)
(-0.028439 -0.0199147 0.0459337)
(-0.0357374 -0.00588829 0.0751424)
(-0.0219999 -0.0403742 0.0636829)
(-0.0262032 -0.00602255 0.144177)
(0.0238121 -0.033162 0.0814791)
(0.0089807 -0.0382393 0.0600051)
(0.00838815 -0.0315915 0.0581744)
(-0.0322735 -0.03138 0.179082)
(-0.0345359 -0.0059237 0.119559)
(0.00524671 -0.0114587 0.0109289)
(-0.00655526 -0.0189638 0.0371119)
(-0.00340147 -0.00580376 0.0127572)
(0.0052219 -0.0193888 0.195672)
(-0.0353014 -0.00615343 0.154312)
(-0.0171691 -0.0168288 0.154945)
(-0.0142938 -0.0225335 0.122272)
(0.0225211 -0.0174137 0.032581)
(-0.028921 -0.0101139 0.140268)
(0.0337566 -0.00616354 0.0215387)
(-0.00536852 -0.0248447 0.131359)
(0.0231823 -0.0395623 0.0658635)
(-0.0271363 -0.02719 0.122045)
(-0.0206564 -0.0310363 0.0998344)
(-0.0274816 -0.00953899 0.144591)
(0.0196744 -0.00776892 0.196491)
(0.0221503 -0.0107936 0.196608)
(-0.0112546 -0.0153659 0.127352)
(0.0129542 -0.0241657 0.147303)
(0.0406582 -0.0058749 0.175115)
(-0.0213963 -0.018178 0.136219)
(-0.0207754 -0.0407982 0.127919)
(0.0298704 -0.0267428 0.135328)
(-0.0155355 -0.0113752 0.016855)
(-0.0146384 -0.0102747 0.0133895)
(0.0288475 -0.0198754 0.0103228)
(0.00200826 -0.0275775 0.102595)
(-0.0359583 -0.0278563 0.165167)
(0.0380383 -0.00590477 0.0172337)
(0.00285611 -0.0403085 0.139974)
(-0.0410306 -0.0192427 0.168406)
(0.0239037 -0.0243357 0.19032)
(0.0247953 -0.0335948 0.0581137)
(-0.0151052 -0.0271753 0.144811)
(-0.00869332 -0.0206309 0.0328696)
(0.0193018 -0.0135001 0.0836305)
(-0.0157576 -0.0365488 0.0712577)
(0.0252273 -0.00590637 0.0950515)
(-0.016655 -0.0310051 0.131155)
(-0.0346389 -0.00603819 0.140122)
(0.00599467 -0.0419356 0.0505477)
(0.00948685 -0.0335849 0.026744)
(-0.0280248 -0.0178818 0.0302064)
(-0.0242483 -0.00615251 0.0975698)
(0.00697062 -0.00610022 0.169168)
(-0.0260927 -0.0117964 0.0906654)
(-0.018345 -0.0421867 0.0744363)
(-0.0340965 -0.00611614 0.174893)
(-0.0125046 -0.00599995 0.00855283)
(0.0423762 -0.018351 0.0875569)
(-0.0292801 -0.00610133 0.0144499)
(0.0217664 -0.0317817 0.19407)
(-0.0423946 -0.0171972 0.0537481)
(0.0440771 -0.0106163 0.165096)
(0.0178817 -0.0111463 0.152094)
(0.0394021 -0.0145804 0.124404)
(-0.00547872 -0.037839 0.142713)
(0.0212991 -0.0103771 0.0613757)
(0.0204505 -0.0344616 0.0528521)
(-0.0224518 -0.0164608 0.158791)
(-0.00884724 -0.0401619 0.0608408)
(-0.0142133 -0.00968608 0.0238624)
(0.00395817 -0.0245144 0.114113)
(-0.0396355 -0.00612157 0.169715)
(0.0147669 -0.0102948 0.161483)
(-0.00859364 -0.0265943 0.176072)
(0.0171885 -0.00604086 0.114697)
(-0.0193074 -0.0143346 0.0508241)
(0.035506 -0.0225729 0.114498)
(-0.0016595 -0.00972981 0.109595)
(0.0171805 -0.0188068 0.153932)
(0.00326412 -0.00592732 0.067381)
(-0.000173309 -0.0284362 0.132559)
(0.0458925 -0.00585451 0.0676232)
(-0.0362136 -0.0280399 0.0648053)
(0.000773992 -0.0458085 0.0557853)
(0.0356345 -0.00594941 0.056059)
(0.0169844 -0.03263 0.0786665)
(-0.0100187 -0.043268 0.176401)
(-0.0450849 -0.0105859 0.0988202)
(0.00945281 -0.0268891 0.0812615)
(-0.0451685 -0.0108353 0.148937)
(0.0184535 -0.0344203 0.132671)
(0.0252545 -0.0385057 0.101122)
(0.0225509 -0.0167388 0.162411)
(-0.00503649 -0.0207005 0.0801441)
(0.00249818 -0.0225931 0.0146988)
(-0.00676094 -0.0105456 0.0484499)
(0.0198287 -0.00592926 0.181154)
(-0.00654177 -0.02349 0.100196)
(0.0225613 -0.0153412 0.112131)
(-0.0150936 -0.0356567 0.0553646)
(-0.0414911 -0.00610519 0.0571376)
(-0.0282436 -0.0148928 0.102036)
(0.0279991 -0.0208546 0.126692)
(-0.0132607 -0.00591284 0.0219703)
(0.00980993 -0.00590812 0.0279259)
(0.0109529 -0.0230965 0.163962)
(-0.0236327 -0.0101886 0.0590308)
(0.045182 -0.0101447 0.150495)
(0.0184612 -0.00991319 0.129871)
(-0.0405198 -0.0143756 0.0787909)
(0.000802997 -0.0415981 0.121988)
(0.0180593 -0.023506 0.0995333)
(-0.0387125 -0.0249642 0.048207)
(-0.0434733 -0.0159908 0.0718788)
(0.0305125 -0.0212541 0.0709129)
(0.00725853 -0.0258494 0.0208114)
(-0.0154735 -0.0191549 0.071633)
(-0.00835119 -0.0283165 0.154708)
(-0.0318267 -0.0244219 0.123962)
(0.0133796 -0.0106582 0.00902664)
(0.00974532 -0.0211675 0.0674756)
(-0.0306447 -0.0104564 0.0759471)
(0.0410472 -0.00581135 0.143157)
(-0.0355982 -0.00589246 0.158798)
(-0.0305269 -0.0102561 0.130097)
(-0.0141556 -0.0132775 0.0269655)
(-0.0193345 -0.00979176 0.070413)
(0.0163744 -0.00606038 0.0815082)
(-0.0450419 -0.0108464 0.176259)
(-0.0105494 -0.0431902 0.188275)
(0.00478835 -0.0452216 0.0688218)
(0.0145385 -0.00578502 0.0557355)
(-0.00504616 -0.00602081 0.103774)
(0.0320606 -0.00597812 0.0475996)
(-0.00868464 -0.0328052 0.180321)
(-0.0462275 -0.00585826 0.181661)
(-0.0397396 -0.010354 0.0562623)
(0.0376112 -0.00906644 0.00717479)
(-0.00943224 -0.0103641 0.0790405)
(0.0290472 -0.0101739 0.177023)
(0.00716026 -0.0214759 0.124935)
(-0.0395278 -0.0234082 0.139602)
(-0.000373646 -0.00989319 0.0889166)
(-0.0196059 -0.0358039 0.141227)
(-0.0378224 -0.0166585 0.0750151)
(-0.0255451 -0.0319438 0.0745189)
(0.0221049 -0.0259415 0.195011)
(0.0178325 -0.0272199 0.0735362)
(-0.0317607 -0.0201792 0.146752)
(0.0144564 -0.037864 0.163876)
(-0.000616862 -0.0152548 0.193319)
(-0.0356046 -0.0107739 0.11442)
(-0.0241099 -0.00597163 0.0625476)
(-0.0179763 -0.00577257 0.0495631)
(-0.0222071 -0.0264675 0.129073)
(0.00917537 -0.0140964 0.049227)
(-0.0306945 -0.0172955 0.112299)
(0.0434853 -0.0153477 0.124257)
(-0.0434339 -0.0151347 0.0491368)
(-0.00540369 -0.030357 0.0236907)
(-0.0237892 -0.00964422 0.18733)
(0.00903545 -0.0395736 0.054723)
(0.0359642 -0.0186207 0.081925)
(-0.00497017 -0.0299832 0.0860945)
(-0.0268308 -0.00599937 0.10377)
(0.00530339 -0.028695 0.0978568)
(-0.0410454 -0.00605414 0.070813)
(0.0135256 -0.0170511 0.0951631)
(-0.0206339 -0.0407254 0.0557227)
(-0.0279641 -0.0367288 0.0642015)
(-0.0246937 -0.0163332 0.0572731)
(0.0290286 -0.00969789 0.15577)
(-0.0260894 -0.0248542 0.034854)
(0.0277242 -0.0345747 0.194506)
(-0.0113541 -0.0255655 0.128871)
(-0.00129485 -0.0158354 0.0547579)
(0.0201365 -0.041217 0.125014)
(0.0459879 -0.00584959 0.0724974)
(-0.0336966 -0.0316303 0.123025)
(0.0303455 -0.0275254 0.0692393)
(0.0361347 -0.0287449 0.109504)
(-0.00624663 -0.0333274 0.124561)
(0.0221378 -0.00966725 0.105223)
(-0.0255654 -0.00583031 0.170436)
(-0.00826481 -0.0214769 0.181417)
(-0.017999 -0.0137082 0.00881439)
(-0.00777337 -0.00596429 0.17336)
(-0.032243 -0.013731 0.0192396)
(0.00438358 -0.0141316 0.0560755)
(0.0139695 -0.0102189 0.0681344)
(0.00122819 -0.0333891 0.166526)
(0.0093454 -0.0209037 0.118891)
(0.0130112 -0.0125907 0.175736)
(0.0136766 -0.0100617 0.188176)
(0.0411815 -0.0196925 0.157289)
(-0.0425489 -0.0061553 0.0483401)
(-0.0326186 -0.0163763 0.071119)
(-0.00571567 -0.00582532 0.0374137)
(-0.0190164 -0.0292769 0.0733801)
(0.0248007 -0.0315605 0.137079)
(0.00404761 -0.00941227 0.0987074)
(0.0365695 -0.0059678 0.0273529)
(0.00556595 -0.0378562 0.0335394)
(-0.0366989 -0.00972097 0.0924798)
(-0.0133611 -0.0209124 0.0379342)
(-0.0256515 -0.00580415 0.089681)
(0.0132605 -0.00603752 0.123463)
(0.0233683 -0.00605884 0.111209)
(0.0424063 -0.00605686 0.0334855)
(0.0454023 -0.0107286 0.0952711)
(0.00527729 -0.0176075 0.114669)
(0.0418037 -0.0195773 0.0825842)
(-0.0394993 -0.0148239 0.145334)
(0.000418723 -0.0417338 0.083609)
(0.0394968 -0.0109569 0.125888)
(-0.00470759 -0.0149237 0.119003)
(-0.0211425 -0.0106022 0.137175)
(0.0239108 -0.0278152 0.0266525)
(-0.0366592 -0.015129 0.181518)
(-0.0168839 -0.0105703 0.183095)
(-0.0210765 -0.0106191 0.11574)
(-0.0010134 -0.0326966 0.0886687)
(-0.0362199 -0.0287944 0.097996)
(0.0321335 -0.0135095 0.137455)
(0.0117434 -0.0360625 0.187848)
(0.0191547 -0.0284722 0.115804)
(0.0165193 -0.0109452 0.1682)
(0.0433165 -0.0152572 0.190283)
(0.0121359 -0.00601537 0.129656)
(0.0222856 -0.0404084 0.107336)
(0.0137443 -0.04383 0.0495859)
(-0.0269911 -0.0239717 0.0201203)
(0.0307924 -0.0245199 0.182964)
(-0.0462314 -0.00604185 0.0939713)
(0.0450259 -0.00974882 0.109203)
(-0.0107638 -0.00587375 0.0160784)
(0.0145502 -0.0436704 0.0810272)
(-0.00450686 -0.0103035 0.130616)
(-0.0313467 -0.00602399 0.134617)
(-0.0452542 -0.0102619 0.124566)
(0.00595319 -0.00613415 0.00332079)
(-0.0192749 -0.025543 0.0871734)
(-0.0117303 -0.0136568 0.193384)
(-0.0320318 -0.0236498 0.188449)
(0.0197183 -0.0142246 0.0708578)
(0.0298144 -0.0243454 0.049057)
(-0.00559889 -0.0290968 0.143302)
(0.00623735 -0.0312319 0.124111)
(0.0219833 -0.0153119 0.145795)
(0.00688928 -0.015409 0.168658)
(-0.00484356 -0.0306957 0.188808)
(0.0374218 -0.0182031 0.0988193)
(0.00727549 -0.0253517 0.0114267)
(0.0408906 -0.00589509 0.186921)
(0.0181932 -0.0165336 0.167174)
(-0.0260745 -0.0155294 0.182994)
(0.0170691 -0.0057901 0.00697119)
(-0.00146911 -0.0104734 0.0458306)
(0.0032485 -0.0222566 0.160483)
(0.00473062 -0.0104543 0.169491)
(0.0410193 -0.0097877 0.0709673)
(0.0326109 -0.0325179 0.138987)
(0.0248236 -0.0287024 0.0874472)
(-0.0204445 -0.00596453 0.169282)
(0.0401049 -0.0198549 0.0667672)
(-0.0313667 -0.0193993 0.186292)
(0.0354083 -0.0059525 0.166577)
(0.0278738 -0.0363852 0.0821102)
(-0.0163747 -0.0105699 0.0545906)
(0.0233116 -0.0229509 0.114498)
(0.0411102 -0.0059416 0.123131)
(0.0328409 -0.00630551 0.0824078)
(0.0340466 -0.00595149 0.0520167)
(-0.00611269 -0.0122297 0.0559004)
(-0.0234516 -0.0238292 0.159051)
(-0.0132693 -0.0132573 0.153733)
(0.000380501 -0.00606862 0.126938)
(0.00129893 -0.0102994 0.0917218)
(-0.0299497 -0.0142665 0.0579497)
(-0.0311327 -0.0341615 0.108314)
(0.0156341 -0.0329793 0.107253)
(-0.0363617 -0.00590181 0.0379857)
(-0.0081711 -0.00577103 0.131975)
(0.014288 -0.0380966 0.0402756)
(0.0137654 -0.00614059 0.0362788)
(-0.0358802 -0.0170223 0.170821)
(-0.013124 -0.0136957 0.162923)
(-0.0154112 -0.00602467 0.0288595)
(0.0293974 -0.00619401 0.0447485)
(-0.0383689 -0.011195 0.145833)
(-0.0240536 -0.013506 0.0767149)
(-0.0206727 -0.0405412 0.0438945)
(0.0375252 -0.02671 0.126008)
(0.0217478 -0.0398221 0.158648)
(0.0115572 -0.0406729 0.125854)
(-0.0448628 -0.0116916 0.0217716)
(-0.0310223 -0.0058856 0.110837)
(0.017777 -0.0176512 0.178207)
(-0.0437565 -0.00589753 0.144009)
(-0.0345931 -0.00979559 0.0485534)
(-0.0148069 -0.0166884 0.132791)
(-0.0412319 -0.00833701 0.154786)
(-0.0299568 -0.0105997 0.120229)
(0.0350764 -0.019376 0.0620568)
(0.0349661 -0.0123917 0.0598763)
(-0.0120326 -0.0318195 0.0280353)
(-0.01278 -0.0100171 0.172523)
(-0.0325855 -0.0137778 0.0320851)
(-0.00720933 -0.0135343 0.133578)
(-0.0460824 -0.00618432 0.0352087)
(0.021985 -0.0101544 0.0530271)
(0.0196167 -0.0170521 0.141687)
(-0.00457777 -0.0224879 0.0496958)
(0.035147 -0.029987 0.0632495)
(0.00616031 -0.0381457 0.0744158)
(-0.044855 -0.0111068 0.00356746)
(0.0422238 -0.0192821 0.132708)
(0.0262022 -0.0274343 0.0113035)
(0.0308064 -0.0136713 0.190559)
(0.0366776 -0.00600555 0.118794)
(0.010345 -0.0257163 0.0758056)
(-0.03466 -0.0178364 0.156629)
(0.0205236 -0.0277564 0.0172876)
(-0.0185585 -0.0310183 0.0109057)
(-0.0270042 -0.0226463 0.0990344)
(0.0157351 -0.0151043 0.190777)
(-0.00306548 -0.00598591 0.100149)
(-0.0224192 -0.0387493 0.187405)
(-0.0250294 -0.00609856 0.196479)
(-0.00377259 -0.0329118 0.0569168)
(-0.0253793 -0.0377079 0.0231448)
(-0.0274616 -0.0153608 0.144093)
(-0.0290182 -0.0155474 0.160545)
(-0.0261613 -0.0326263 0.103055)
(0.00603204 -0.02743 0.105102)
(0.0156019 -0.0358549 0.158159)
(-0.0137566 -0.00948042 0.107242)
(-0.0237722 -0.00984097 0.0418601)
(-0.00457273 -0.0444382 0.0110483)
(0.0283764 -0.00939106 0.110512)
(0.0106621 -0.0102419 0.0643195)
(0.0406449 -0.0113365 0.184201)
(0.0317582 -0.0239568 0.147401)
(0.0112532 -0.0139779 0.152455)
(-0.0121781 -0.0203449 0.0590428)
(0.0305026 -0.0212986 0.116572)
(0.0452315 -0.0103247 0.0336652)
(0.0344071 -0.0244804 0.103633)
(0.0123555 -0.00583702 0.0142902)
(0.0463581 -0.00579384 0.137087)
(-0.0248527 -0.0245469 0.115044)
(0.00507979 -0.0414221 0.119209)
(-0.00592271 -0.0219505 0.12691)
(0.0245629 -0.0239136 0.153197)
(-0.013167 -0.0406226 0.0728626)
(-0.0259593 -0.0378184 0.116606)
(0.0454404 -0.00999502 0.168358)
(0.0192157 -0.0104697 0.114045)
(-0.00100032 -0.0286322 0.180564)
(-0.0272793 -0.0372377 0.0701483)
(-0.00986989 -0.0109913 0.142991)
(0.0408035 -0.00591563 0.150428)
(-0.0130289 -0.0435133 0.106919)
(-0.0239782 -0.0110127 0.0532026)
(-0.0451364 -0.0106181 0.0364832)
(0.0159838 -0.0194564 0.0927778)
(0.000999715 -0.00961375 0.137769)
(0.0110406 -0.0358993 0.0913612)
(-0.0382179 -0.02361 0.165042)
(0.0312333 -0.0253167 0.0772013)
(0.0332236 -0.0318261 0.0743492)
(0.0193 -0.0236636 0.188481)
(-0.00294709 -0.0149168 0.0462568)
(0.00791856 -0.0304669 0.182816)
(0.0193863 -0.0159141 0.158932)
(0.0341172 -0.0300512 0.155567)
(-0.0271211 -0.0100565 0.149454)
(-0.0416784 -0.0193283 0.185932)
(-0.025185 -0.00939829 0.12299)
(-0.038226 -0.0248495 0.0288549)
(0.00483282 -0.00597335 0.0350479)
(0.0281751 -0.00598924 0.105006)
(-0.0185519 -0.0228331 0.0916674)
(-0.0213062 -0.0139847 0.0999743)
(-0.0394933 -0.0059837 0.0340885)
(-0.0214405 -0.0389669 0.00512666)
(0.0276531 -0.0227323 0.0646488)
(0.0390898 -0.0151978 0.0530431)
(0.00757818 -0.0105429 0.0235789)
(-0.0329278 -0.0109738 0.158198)
(-0.00850029 -0.00603534 0.0585505)
(-0.0341084 -0.0104903 0.175502)
(0.00919943 -0.00980843 0.150411)
(0.0168923 -0.0104048 0.146133)
(-0.0114867 -0.0348945 0.0671998)
(-0.0234273 -0.0160928 0.0625669)
(0.00485318 -0.0214247 0.0365684)
(0.0159573 -0.0432763 0.0992755)
(-0.0265622 -0.00563483 0.00308537)
(-0.0334357 -0.022487 0.0509549)
(-0.0186071 -0.0259272 0.0624736)
(-0.00599362 -0.0325056 0.137289)
(-0.024289 -0.0371709 0.0115123)
(0.016993 -0.0149666 0.135338)
(-0.0199293 -0.0165827 0.0265382)
(0.0108874 -0.0102601 0.191957)
(0.0373958 -0.015532 0.0323912)
(-0.0180981 -0.00575733 0.0404483)
(-0.00934375 -0.0171246 0.0514026)
(0.0244145 -0.0292868 0.0627721)
(-0.0332102 -0.025039 0.100038)
(-0.0415983 -0.0201346 0.0812534)
(0.0302454 -0.0168505 0.0631564)
(0.0162734 -0.0214767 0.142774)
(0.00834878 -0.0280576 0.134873)
(-0.0113926 -0.0371277 0.0403113)
(0.0131693 -0.0438748 0.128508)
(-0.0024888 -0.0259967 0.0916686)
(-0.0444374 -0.0131359 0.101552)
(0.00127416 -0.0446879 0.139153)
(-0.0245105 -0.0105836 0.167979)
(-0.0219447 -0.0403598 0.0811962)
(-0.0385585 -0.0156937 0.0114346)
(-0.00485003 -0.00955832 0.125536)
(0.0238932 -0.0102058 0.13444)
(-0.00258113 -0.0167673 0.188867)
(0.0324285 -0.0100093 0.187281)
(0.0219004 -0.039119 0.0180762)
(-0.0235409 -0.0322618 0.140596)
(0.0209817 -0.00990526 0.0933889)
(-0.0103856 -0.0258719 0.148735)
(-0.0238861 -0.0115717 0.148327)
(0.0137377 -0.00977696 0.00354534)
(-0.00385334 -0.045788 0.0786944)
(-0.0135814 -0.0261526 0.132171)
(0.000376233 -0.00605344 0.106481)
(-0.0299402 -0.00988848 0.0640265)
(-0.0176094 -0.0305365 0.0903841)
(-0.0183186 -0.0238829 0.187873)
(-0.041763 -0.00600755 0.0888213)
(0.00813054 -0.0231543 0.129705)
(-0.0368088 -0.00944652 0.123481)
(-0.0239552 -0.0292564 0.0959151)
(-0.00163876 -0.0206869 0.163557)
(-0.00219153 -0.025313 0.147659)
(-0.0146678 -0.014964 0.0362666)
(-0.0220968 -0.00595083 0.139576)
(-0.0358816 -0.00597578 0.103633)
(-0.0253229 -0.0261768 0.183355)
(0.00123128 -0.00993043 0.159833)
(-0.0178529 -0.0132367 0.0275647)
(-0.00819474 -0.0138367 0.030744)
(0.0179215 -0.00562253 0.140876)
(0.025637 -0.0187226 0.05204)
(0.0339826 -0.0303305 0.0270379)
(0.0110112 -0.00610757 0.097547)
(0.0162806 -0.0157809 0.0269527)
(0.0376363 -0.0175786 0.148437)
(-0.0173278 -0.0107436 0.147702)
(0.02024 -0.0338447 0.104474)
(0.0255952 -0.0170214 0.133174)
(0.0128252 -0.0239491 0.174217)
(-0.0387006 -0.00590658 0.186319)
(0.0328411 -0.0243387 0.122434)
(0.00893263 -0.0158019 0.113568)
(0.0352223 -0.0183601 0.176687)
(-0.027232 -0.0199748 0.117472)
(-0.0293005 -0.0190004 0.195586)
(0.0174265 -0.0220161 0.158838)
(0.0268048 -0.037373 0.116025)
(0.0464078 -0.0057309 0.143252)
(-0.00845549 -0.0145309 0.0959044)
(-0.0105562 -0.0220061 0.0787611)
(0.0222957 -0.0335147 0.100919)
(-0.00889416 -0.00920633 0.111774)
(0.0231665 -0.0395265 0.121429)
(0.00435262 -0.0205972 0.112449)
(-0.00682294 -0.0337 0.0201782)
(-0.035941 -0.0102943 0.0668592)
(0.0167415 -0.0311625 0.11049)
(-0.00849735 -0.0193199 0.186008)
(-0.0181837 -0.0232128 0.114607)
(0.0407759 -0.0100514 0.0781554)
(0.0031163 -0.037035 0.189014)
(-0.00703857 -0.0449308 0.0673261)
(-0.00293418 -0.0455754 0.0693194)
(0.000143983 -0.0274279 0.119371)
(0.0319346 -0.0105135 0.0310564)
(0.0294739 -0.0347561 0.0382524)
(-0.0173896 -0.0132034 0.0624927)
(-0.0185014 -0.0309125 0.0779867)
(0.0128225 -0.00572672 0.0943566)
(0.00424895 -0.0107048 0.0471419)
(-0.0211928 -0.00931165 0.19139)
(0.0224353 -0.0157967 0.045714)
(-0.00146328 -0.0398556 0.0709861)
(0.028015 -0.0104608 0.0909645)
(0.0408902 -0.0142537 0.174811)
(0.00852887 -0.0273597 0.0916676)
(-0.0466134 -0.00578994 0.119654)
(0.00610621 -0.0212143 0.0421955)
(0.0129416 -0.012697 0.121676)
(-0.027311 -0.0187839 0.170337)
(0.0360215 -0.00571344 0.059824)
(0.00455481 -0.00568071 0.171906)
(0.0302991 -0.0257329 0.172091)
(0.0125239 -0.00985569 0.134725)
(0.0249119 -0.0115432 0.1074)
(-0.00753435 -0.0336999 0.0534009)
(-0.0281928 -0.0101331 0.00772866)
(-0.0118327 -0.00946291 0.0462366)
(0.00987413 -0.0177405 0.195727)
(0.0102101 -0.0312479 0.173701)
(0.0106286 -0.00600636 0.183296)
(0.0264492 -0.0107699 0.179608)
(0.020046 -0.0087182 0.14674)
(0.0148859 -0.0243424 0.0867023)
(0.0241257 -0.0226182 0.100533)
(0.0244834 -0.00608929 0.170352)
(0.0053903 -0.0244136 0.0812483)
(0.0127347 -0.00594688 0.119578)
(0.027257 -0.0313918 0.099326)
(0.0289961 -0.0144889 0.00923393)
(0.00163118 -0.0166607 0.0468912)
(-0.0150498 -0.0257805 0.0934824)
(0.0279954 -0.00955289 0.0228075)
(-0.0197133 -0.0247406 0.0525304)
(0.0218838 -0.0163596 0.185307)
(0.00979361 -0.0299332 0.0499994)
(-0.0347149 -0.0234646 0.0908388)
(0.0224806 -0.0299108 0.111085)
(0.0408236 -0.0099238 0.136566)
(-0.0281136 -0.0183781 0.146742)
(0.0161741 -0.0259155 0.10697)
(-0.0289192 -0.0361087 0.101113)
(0.0091728 -0.0385621 0.139978)
(0.00527075 -0.00599347 0.0887229)
(-0.0235804 -0.0102821 0.0306093)
(0.0119801 -0.0433649 0.178125)
(0.012101 -0.0281028 0.125763)
(0.0122889 -0.0309927 0.0615459)
(0.0462873 -0.005886 0.0438658)
(-0.0031667 -0.00563213 0.188117)
(0.00228229 -0.0450391 0.179734)
(0.00225134 -0.0245192 0.0700693)
(0.0230928 -0.0284386 0.0702181)
(0.0226507 -0.0287772 0.0764836)
(0.0182634 -0.0301326 0.1062)
(0.0162598 -0.0286664 0.00948553)
(0.0391276 -0.0102073 0.0119429)
(0.0355646 -0.0107033 0.0128477)
(-0.0103639 -0.00588525 0.117904)
(-0.0292436 -0.0262756 0.0838563)
(-0.0455352 -0.00998848 0.191294)
(-0.0328672 -0.0127545 0.0651372)
(-0.0296661 -0.0211132 0.113296)
(-0.0389551 -0.0106257 0.0759544)
(0.0047959 -0.0453879 0.0582864)
(-0.00890264 -0.00583082 0.0808121)
(-0.00599074 -0.0240999 0.122608)
(-0.00117363 -0.0345665 0.048892)
(-0.0215291 -0.0216337 0.195325)
(-0.0305983 -0.032919 0.18857)
(0.0187171 -0.0302051 0.0905627)
(0.0450281 -0.0109662 0.1552)
(0.0170465 -0.0380756 0.0819602)
(0.00685807 -0.0110021 0.0531237)
(-0.0297548 -0.0298507 0.0673191)
(-0.0227554 -0.031389 0.0793615)
(0.0266353 -0.0355952 0.0120221)
(-0.0317311 -0.0237375 0.161093)
(0.0261707 -0.0059733 0.126284)
(-0.0333368 -0.0242666 0.130937)
(0.035204 -0.0223533 0.078973)
(-0.00307162 -0.0208757 0.0141204)
(-0.0284791 -0.017322 0.0600894)
(0.00416361 -0.045368 0.0483267)
(0.011061 -0.00543182 0.176991)
(-0.0376483 -0.0266952 0.091399)
(0.0408522 -0.00581717 0.0127949)
(0.0220598 -0.031367 0.0945679)
(0.0417416 -0.00579371 0.182264)
(-0.0124144 -0.0344241 0.0175652)
(0.0156564 -0.0330853 0.0628367)
(0.0114271 -0.0288972 0.104872)
(-0.0350109 -0.011591 0.0138514)
(0.0163398 -0.0374131 0.106989)
(0.00328524 -0.0268886 0.0579886)
(0.0424867 -0.0133476 0.140046)
(0.00445484 -0.0154732 0.0223065)
(0.0383275 -0.0258266 0.134634)
(-0.0207184 -0.0342741 0.166315)
(-0.0154233 -0.0298639 0.0825018)
(-0.0224449 -0.0326798 0.17946)
(-0.00376371 -0.0453576 0.149685)
(-0.0313864 -0.0186844 0.042203)
(0.0131111 -0.0341728 0.101864)
(0.0386268 -0.0144049 0.163733)
(0.0140285 -0.0114433 0.104708)
(-0.0316814 -0.015844 0.105619)
(-0.0461281 -0.00569571 0.00699949)
(-0.0412166 -0.00585263 0.134299)
(0.00299282 -0.0222844 0.185182)
(0.025286 -0.0322738 0.0667536)
(-0.0409866 -0.0104701 0.0622124)
(0.00500141 -0.0096332 0.142588)
(-0.0031187 -0.00579549 0.140234)
(0.00615909 -0.0381486 0.0279582)
(-0.0112136 -0.0218263 0.0531154)
(0.0306524 -0.0134903 0.132016)
(-0.0125247 -0.0366105 0.163735)
(0.0462337 -0.00574979 0.154912)
(-0.0461636 -0.00600007 0.047893)
(-0.036057 -0.018933 0.030238)
(-0.00347495 -0.0359056 0.102935)
(0.0321216 -0.0149456 0.102167)
(-0.0452784 -0.0113216 0.0688863)
(0.0184831 -0.0216674 0.0267651)
(0.0463841 -0.00571374 0.173395)
(0.0177023 -0.00573321 0.0700815)
(0.0312756 -0.0284161 0.107652)
(0.0131106 -0.00570444 0.192467)
(-0.0116752 -0.00962406 0.124792)
(0.0384712 -0.0252062 0.0590915)
(0.0186215 -0.0163752 0.0142834)
(-0.0315566 -0.0109129 0.184011)
(0.008633 -0.0245515 0.194939)
(0.0307097 -0.0265005 0.041425)
(0.0181042 -0.00585298 0.175423)
(-0.0325803 -0.00589519 0.105909)
(-0.0241241 -0.0165199 0.131666)
(0.00734183 -0.0281678 0.169863)
(0.00155504 -0.00978819 0.0100438)
(0.00991407 -0.00580611 0.126858)
(-0.0383256 -0.00572415 0.192357)
(-0.00426453 -0.0453395 0.0398632)
(-0.00604411 -0.0454852 0.131005)
(-0.0239524 -0.0308015 0.129386)
(-0.0220931 -0.005749 0.127224)
(-0.00580416 -0.0450368 0.0259708)
(-0.00577808 -0.00594643 0.159073)
(0.0463064 -0.00586715 0.128042)
(-0.0190575 -0.0365541 0.107119)
(-0.0121899 -0.0103306 0.117188)
(0.022606 -0.0195166 0.0480595)
(0.00996558 -0.00979062 0.0990371)
(0.0405807 -0.0224295 0.0890604)
(0.00931564 -0.0284741 0.0983812)
(0.0448596 -0.00986953 0.177947)
(0.00954583 -0.0167456 0.0856863)
(-0.0409888 -0.00978282 0.127022)
(-0.036542 -0.00919123 0.0363664)
(-0.0397579 -0.0151489 0.122332)
(0.00955239 -0.0103929 0.110179)
(-0.0223508 -0.0318232 0.187743)
(0.0243714 -0.0230887 0.074384)
(-0.0278238 -0.0355941 0.0347823)
(-0.0149601 -0.0317907 0.0638389)
(-0.0269427 -0.0309314 0.110258)
(-0.00851115 -0.0165728 0.114338)
(0.0038275 -0.0215468 0.0276357)
(0.0437352 -0.0162409 0.109136)
(0.0298656 -0.00851328 0.00346667)
(0.022113 -0.033711 0.15315)
(0.0329669 -0.0225819 0.0351313)
(-0.0307665 -0.0154713 0.0902057)
(-0.0184667 -0.0371893 0.0886319)
(-0.00504364 -0.0219033 0.0540564)
(0.0147236 -0.0194281 0.136493)
(-0.0364098 -0.0165884 0.0552036)
(-0.0252502 -0.017855 0.0691313)
(-0.0218061 -0.0405292 0.0963586)
(0.0265925 -0.00606125 0.162595)
(-0.00145302 -0.023642 0.19542)
(0.00983105 -0.00589998 0.134579)
(-0.0232631 -0.0274419 0.0678167)
(-0.0183083 -0.01774 0.149922)
(0.0220956 -0.0300505 0.148426)
(0.00412581 -0.0230895 0.0987952)
(0.0421163 -0.0181654 0.163204)
(-0.0402654 -0.0140725 0.0894915)
(0.00928024 -0.0211778 0.14333)
(0.0229112 -0.0187373 0.17808)
(0.0339969 -0.011626 0.196321)
(0.0344869 -0.0150009 0.0956814)
(0.00170023 -0.0101351 0.0256474)
(-0.0449743 -0.0117814 0.113634)
(-0.0348797 -0.00573803 0.170395)
(0.00847281 -0.0167536 0.0970455)
(-0.00920216 -0.0442266 0.0223561)
(0.00636038 -0.00591129 0.119293)
(-0.0148311 -0.00916824 0.134891)
(-0.0064306 -0.0132221 0.184125)
(0.0374226 -0.00576936 0.0804016)
(0.00032062 -0.0060169 0.0405875)
(-0.020618 -0.0103614 0.158446)
(0.004637 -0.0331341 0.170619)
(0.0384562 -0.00571529 0.0906001)
(-0.00126167 -0.0392403 0.0315516)
(0.0403221 -0.01144 0.0979046)
(0.036287 -0.0274521 0.0344624)
(-0.0180362 -0.0139297 0.00365502)
(-0.0270578 -0.0371809 0.0543777)
(-0.0164097 -0.0429707 0.101555)
(-0.037143 -0.00870245 0.137863)
(0.0343701 -0.0107131 0.0167622)
(0.0331775 -0.0118299 0.0232379)
(0.0130878 -0.00571735 0.100423)
(0.00362941 -0.0157061 0.0145093)
(-0.0187692 -0.00582121 0.102319)
(-0.0292585 -0.00573683 0.0867606)
(0.0425068 -0.0186079 0.059927)
(0.0307495 -0.023771 0.154309)
(-0.0414201 -0.0059643 0.00347246)
(0.00366851 -0.0118472 0.0895417)
(-0.0262173 -0.0290076 0.032896)
(-0.0101627 -0.00909658 0.159213)
(-0.00231562 -0.030146 0.0471843)
(0.0459528 -0.00648138 0.056382)
(-0.00936511 -0.0400986 0.07094)
(-0.0117246 -0.0363669 0.0983638)
(0.0372557 -0.00930533 0.0680527)
(0.0394425 -0.0223906 0.0497739)
(-0.00357281 -0.00578896 0.164631)
(0.0228748 -0.00590662 0.0514154)
(-0.0177213 -0.0097884 0.0821106)
(-0.0117086 -0.0100838 0.182986)
(-0.0213191 -0.0218396 0.142979)
(-0.0201149 -0.0227766 0.0364987)
(-0.0300037 -0.00591478 0.187662)
(-0.00717326 -0.00987203 0.153793)
(-0.0325061 -0.0149457 0.0996252)
(0.0305155 -0.00573818 0.163383)
(-0.0166008 -0.02135 0.0611111)
(-0.0344896 -0.030725 0.0801593)
(0.019738 -0.0247556 0.131548)
(-0.0128076 -0.0130635 0.170392)
(0.0156099 -0.0430327 0.062499)
(0.0352803 -0.0103294 0.119033)
(0.0328731 -0.0254436 0.058721)
(-0.0229267 -0.0142281 0.126999)
(0.0355085 -0.0293811 0.0592364)
(0.0214847 -0.015247 0.0367541)
(0.017053 -0.019357 0.123823)
(-0.0159118 -0.00587613 0.114234)
(-0.0104532 -0.0338572 0.0569348)
(0.0132886 -0.0250633 0.0566518)
(0.041061 -0.0205837 0.16847)
(-0.0185862 -0.0135092 0.192499)
(-0.0460397 -0.00580341 0.129217)
(0.00548488 -0.0109194 0.151696)
(-0.0320162 -0.00595557 0.090632)
(0.0224698 -0.0169997 0.196061)
(-0.00380317 -0.0154574 0.100035)
(0.018744 -0.030874 0.0979215)
(-0.0358685 -0.0147735 0.118735)
(-0.0311469 -0.0341172 0.0746711)
(-0.00810721 -0.033241 0.109046)
(-0.0237695 -0.0173426 0.115008)
(0.0122457 -0.00577873 0.160991)
(-0.0157996 -0.00578819 0.0655011)
(-0.0249374 -0.0173087 0.0159888)
(-0.0051999 -0.0245045 0.139371)
(-0.0260422 -0.0103499 0.0874071)
(0.033781 -0.00595409 0.0364461)
(-0.0214715 -0.0310149 0.0574483)
(0.0124789 -0.0210943 0.0640271)
(0.0190466 -0.0418449 0.136228)
(0.0215564 -0.0206519 0.163716)
(-0.000105546 -0.0100293 0.098577)
(0.0273781 -0.0272248 0.152709)
(-0.00775013 -0.00963265 0.100061)
(0.00559839 -0.00584581 0.19354)
(0.027966 -0.0237263 0.0852108)
(0.0285539 -0.00573551 0.183425)
(0.0224432 -0.00949486 0.176277)
(0.00612305 -0.00980791 0.0627991)
(0.010188 -0.00595578 0.0200374)
(0.042633 -0.0158984 0.0255661)
(-0.0264487 -0.0177037 0.191273)
(0.0122959 -0.0110546 0.0867992)
(-0.00953274 -0.0195028 0.0194493)
(0.0452515 -0.0115428 0.0549227)
(0.00268717 -0.0460034 0.0941589)
(-0.00301799 -0.0372078 0.00495642)
(-0.0379886 -0.0265528 0.0616947)
(-0.0131054 -0.0160543 0.0153715)
(-0.023514 -0.0384612 0.167504)
(-0.0177767 -0.012751 0.0872756)
(-0.0176456 -0.0145502 0.120869)
(-0.0248393 -0.00574726 0.0541083)
(-0.000556872 -0.0435627 0.158089)
(0.00356396 -0.0356878 0.156053)
(-0.0202753 -0.00596608 0.132943)
(0.00030507 -0.00996534 0.142258)
(-0.0350356 -0.028784 0.0104615)
(0.0307082 -0.00586503 0.123325)
(-0.0376043 -0.0261863 0.0329919)
(0.00307234 -0.0348631 0.099759)
(-0.00780258 -0.0307445 0.075083)
(-0.0205354 -0.0350167 0.151042)
(0.0221184 -0.00588287 0.0622775)
(0.00621027 -0.0237475 0.0661426)
(0.00367307 -0.0167028 0.0666474)
(0.00324159 -0.0155664 0.163081)
(-0.010321 -0.0202713 0.133051)
(-0.0347507 -0.016893 0.188751)
(-0.0240773 -0.0237092 0.0807358)
(-0.00684762 -0.0297866 0.0635329)
(-0.0411253 -0.005885 0.15816)
(0.00184615 -0.0130716 0.114454)
(0.0103409 -0.0351763 0.150476)
(-0.0159759 -0.0210509 0.127235)
(0.0170101 -0.0431393 0.0865032)
(-0.0393786 -0.0153482 0.0365649)
(0.0184287 -0.0340346 0.148408)
(-0.00201191 -0.0176994 0.130643)
(0.0385808 -0.0101523 0.110111)
(-0.00843111 -0.0158949 0.143816)
(0.0238089 -0.0381567 0.174585)
(-0.0148041 -0.023181 0.138643)
(0.0249498 -0.00587774 0.0331966)
(-0.000694901 -0.00563658 0.0765376)
(0.0406245 -0.0132035 0.110475)
(0.0170548 -0.0270438 0.0614883)
(0.0156572 -0.00595047 0.0459449)
(-0.0234996 -0.0171802 0.0956715)
(0.0132677 -0.012007 0.0430592)
(-0.00197762 -0.00924407 0.0523887)
(0.0349061 -0.0300869 0.0684098)
(-0.0397273 -0.0239305 0.110485)
(0.0263592 -0.01405 0.140317)
(0.0371107 -0.027559 0.0823662)
(-0.0155311 -0.0189692 0.17677)
(-0.0204082 -0.0148028 0.110222)
(0.0130844 -0.0194519 0.0367936)
(0.0413995 -0.0190453 0.0109505)
(0.0194631 -0.0162509 0.151576)
(0.040925 -0.00583316 0.0966594)
(0.00908613 -0.0162172 0.0798604)
(-0.0129189 -0.0148509 0.0542048)
(0.00970774 -0.0203111 0.0919034)
(0.0265998 -0.0183099 0.170648)
(0.0252321 -0.0117196 0.00745956)
(0.00266518 -0.0056171 0.0944841)
(-0.0292134 -0.00952955 0.167341)
(0.0207205 -0.00891898 0.0989432)
(0.0312944 -0.0226019 0.190094)
(-0.0101289 -0.0093138 0.132726)
(-0.0170762 -0.0255336 0.0677353)
(0.0226168 -0.00583147 0.139585)
(-0.000988671 -0.0100695 0.117098)
(0.0120059 -0.0101201 0.0549983)
(-0.00868162 -0.0101645 0.0118121)
(0.0169023 -0.0289139 0.0831389)
(0.0134684 -0.00598592 0.0773299)
(0.0304763 -0.00586321 0.076104)
(0.00994506 -0.0442445 0.146336)
(-0.0461343 -0.00592027 0.192304)
(-0.0224848 -0.00882994 0.0165397)
(-0.00568759 -0.00585245 0.0655358)
(-0.0045478 -0.0271439 0.112906)
(0.00527744 -0.0457922 0.105055)
(0.042107 -0.00791109 0.13247)
(0.00265927 -0.0371496 0.112858)
(0.00869226 -0.0149901 0.145005)
(-0.0148846 -0.0220868 0.0967326)
(0.0381484 -0.0265099 0.116033)
(-0.0365308 -0.00960007 0.0726148)
(-0.0309499 -0.0265189 0.0399379)
(-0.0251157 -0.00582054 0.129064)
(-0.0116849 -0.0166561 0.0737351)
(0.00855837 -0.0326558 0.116702)
(0.0415631 -0.020416 0.0715614)
(-0.0313683 -0.014688 0.0364322)
(0.0134055 -0.0190022 0.121951)
(-0.0185854 -0.0183335 0.119796)
(0.0349998 -0.0157714 0.131252)
(-0.000873223 -0.00597433 0.18493)
(0.00522431 -0.0389013 0.107967)
(0.0255606 -0.0165691 0.0799179)
(-0.0209109 -0.0176443 0.0187911)
(0.00197389 -0.0219381 0.0451387)
(0.0140473 -0.031373 0.0560181)
(0.0258383 -0.0233121 0.0805089)
(-0.0117913 -0.022903 0.00424204)
(-0.0317179 -0.0173163 0.066687)
(0.023494 -0.0263268 0.104008)
(-0.0142555 -0.0192221 0.169458)
(-0.0238334 -0.0177093 0.12038)
(0.00533713 -0.00559862 0.137643)
(0.00523491 -0.0178849 0.105816)
(0.0158985 -0.0289735 0.158112)
(-0.00434645 -0.0176321 0.108902)
(-0.029273 -0.0213193 0.0563593)
(-0.0457208 -0.00937444 0.0789479)
(0.0109215 -0.029792 0.0835047)
(-0.0288198 -0.00567425 0.0782671)
(-0.0144417 -0.0262805 0.0878224)
(-0.0297447 -0.0141367 0.0413058)
(-0.0417238 -0.0105872 0.104127)
(-0.00346675 -0.023083 0.118161)
(-0.0309174 -0.00569572 0.165108)
(0.0319646 -0.0261069 0.0273432)
(-0.0364116 -0.0286574 0.114596)
(0.0265212 -0.0234666 0.136682)
(0.0352038 -0.00591086 0.0454076)
(-0.0460807 -0.00570205 0.0129056)
(0.0408452 -0.0116401 0.196634)
(0.0177643 -0.0294789 0.0252704)
(-0.0227291 -0.0278298 0.105474)
(0.0250286 -0.0158196 0.123218)
(0.0324453 -0.00955859 0.0917202)
(-0.0233111 -0.00580692 0.0874526)
(0.00204124 -0.0211179 0.0617595)
(0.0405604 -0.0137549 0.0176826)
(-0.0169375 -0.0285008 0.103805)
(-0.00459077 -0.0301453 0.0972837)
(-0.0289144 -0.0195612 0.100121)
(0.0460465 -0.00595603 0.104447)
(-0.00898586 -0.0169995 0.152615)
(-0.0115014 -0.0395011 0.139898)
(0.0180534 -0.00940209 0.0170831)
(-0.0199284 -0.0366886 0.056459)
(0.0169256 -0.0347466 0.0921316)
(-0.0362075 -0.00569045 0.0604739)
(-0.0399282 -0.013763 0.0979539)
(0.00347022 -0.0312341 0.188109)
(-0.00444515 -0.0208918 0.00423294)
(0.0382123 -0.0198598 0.032316)
(0.00494326 -0.00560902 0.0212468)
(0.0075054 -0.0374951 0.114861)
(0.030019 -0.0188846 0.0333841)
(0.0208657 -0.0174359 0.0593289)
(-0.0362224 -0.00567384 0.016077)
(-0.0187665 -0.0295873 0.135455)
(0.00561178 -0.0123596 0.121422)
(0.0371186 -0.00575799 0.095296)
(0.00171244 -0.00900654 0.0853879)
(0.021351 -0.0410931 0.112139)
(0.0282201 -0.0103372 0.0673842)
(-0.0241048 -0.0245649 0.172207)
(0.0213939 -0.0160009 0.102529)
(0.0448363 -0.0119606 0.0199549)
(0.0316237 -0.0231202 0.16781)
(0.0318136 -0.00602062 0.189094)
(-0.00846135 -0.0162798 0.0811946)
(-0.0250238 -0.0389599 0.0987586)
(-0.0154415 -0.0184236 0.102703)
(0.0434826 -0.00579945 0.19289)
(-0.0354301 -0.00954082 0.0569572)
(0.0234942 -0.00984503 0.0789797)
(0.0192869 -0.011531 0.0646492)
(0.0098541 -0.0278843 0.00447926)
(-0.00950474 -0.00588859 0.149011)
(-0.00628119 -0.0236328 0.173206)
(-0.0314013 -0.00571522 0.15434)
(-0.0403463 -0.00952039 0.0790046)
(0.0272802 -0.0057872 0.0901841)
(0.0309684 -0.00952969 0.180881)
(0.0287639 -0.0184052 0.144326)
(-0.0345977 -0.00607657 0.192372)
(-0.0463878 -0.00566495 0.106799)
(-0.0180981 -0.00571124 0.144768)
(-0.0330979 -0.0108651 0.0255987)
(-0.00903238 -0.0101783 0.0738478)
(-0.0297608 -0.0268758 0.106535)
(0.00369328 -0.0248132 0.130839)
(0.000512958 -0.0443297 0.00561795)
(0.000514456 -0.0229174 0.173286)
(0.00779118 -0.0456899 0.115329)
(0.00587172 -0.024213 0.175472)
(-0.0314202 -0.00584756 0.0455025)
(0.0163 -0.00584537 0.0745564)
(0.028677 -0.0344853 0.00484591)
(-0.00451455 -0.0106115 0.0699695)
(-0.0389433 -0.0057202 0.0863501)
(0.0259868 -0.00574123 0.101491)
(-0.0134829 -0.0224493 0.15223)
(0.0193661 -0.0100233 0.0341295)
(-0.00602753 -0.0141314 0.10587)
(-0.0392728 -0.0100289 0.196344)
(-0.017398 -0.04278 0.0939186)
(0.01971 -0.0378173 0.0964494)
(0.00105782 -0.0123974 0.0169699)
(0.0348683 -0.0296694 0.0399991)
(-0.00408664 -0.010302 0.00775267)
(0.0136059 -0.00590849 0.196524)
(0.0156012 -0.0435869 0.0930141)
(0.0164486 -0.0345333 0.00472842)
(-0.0429062 -0.0168005 0.145189)
(0.0417806 -0.00581944 0.163752)
(0.0410623 -0.018431 0.0194308)
(0.0172005 -0.017568 0.0429036)
(0.0339436 -0.00602375 0.149526)
(-0.0405795 -0.0104919 0.0448364)
(0.0051396 -0.0185545 0.185713)
(-0.0385495 -0.0163189 0.156586)
(0.0203148 -0.0106252 0.0478446)
(0.0230879 -0.0190298 0.0277115)
(0.0107258 -0.00979325 0.166246)
(-0.0238822 -0.0233067 0.137114)
(-0.0385089 -0.010828 0.0999026)
(0.0227021 -0.0118765 0.11039)
(-0.0185553 -0.00564743 0.0746483)
(-0.0204755 -0.00587605 0.11494)
(-0.0120886 -0.010133 0.137138)
(-0.0292256 -0.0357734 0.0885832)
(-0.0454671 -0.00949781 0.0650865)
(-0.0409164 -0.00997404 0.0131487)
(-0.00791449 -0.00878209 0.190954)
(-0.0420261 -0.00996355 0.0379966)
(-0.0402136 -0.0226806 0.0692178)
(-0.00295515 -0.0333953 0.157951)
(-0.0252316 -0.00965765 0.179289)
(0.0116798 -0.00592444 0.103988)
(-0.00868765 -0.0103869 0.117531)
(0.0250726 -0.015808 0.0932899)
(0.0031754 -0.0233365 0.119092)
(-0.0464282 -0.00565874 0.125592)
(0.0141872 -0.0316786 0.13919)
(-0.0325651 -0.0111391 0.0393497)
(-0.00480636 -0.021306 0.14336)
(0.0277789 -0.0134617 0.183016)
(0.0246763 -0.0104848 0.0687187)
(0.00794599 -0.0279455 0.148529)
(-0.0288407 -0.00560929 0.128681)
(0.0325416 -0.0325411 0.0793533)
(0.0194538 -0.00977165 0.134361)
(0.0407592 -0.0058065 0.128131)
(-0.0132173 -0.0312647 0.11816)
(-0.0424808 -0.00593515 0.152319)
(0.00926021 -0.0139511 0.117009)
(-0.00800065 -0.0181263 0.146972)
(0.0370237 -0.0275457 0.130873)
(-0.0231884 -0.0291565 0.019274)
(-0.00196102 -0.0228448 0.101778)
(0.0361537 -0.0153478 0.135667)
(-0.0413569 -0.00977856 0.178638)
(0.0204403 -0.0236321 0.0803635)
(0.0112819 -0.0159999 0.0738636)
(-0.00128299 -0.00991049 0.00328786)
(-0.0383951 -0.0145192 0.00347927)
(0.0360222 -0.0185057 0.184695)
(-0.0145397 -0.03832 0.0471232)
(0.0350069 -0.0221772 0.145345)
(0.0223973 -0.00937796 0.126899)
(-0.00755503 -0.00579484 0.13543)
(-0.0124973 -0.0249928 0.0370716)
(0.0366185 -0.0106282 0.0812027)
(0.0226236 -0.0213281 0.00411686)
(-0.0283262 -0.00579398 0.152223)
(-3.86673e-05 -0.0451442 0.0176688)
(-0.0378598 -0.0265495 0.107494)
(-0.0157175 -0.0275623 0.11421)
(0.0234199 -0.0237191 0.0603056)
(-0.0339271 -0.0311836 0.0905788)
(-0.0105483 -0.0200949 0.10751)
(-0.0186067 -0.014701 0.0718047)
(-0.020001 -0.0101803 0.164633)
(-0.0398679 -0.00969722 0.167905)
(0.0107279 -0.0057297 0.072163)
(0.0245295 -0.0190894 0.106163)
(-0.0210616 -0.0316213 0.154746)
(0.00868364 -0.0339926 0.154643)
(-0.0282679 -0.0288014 0.0898926)
(-0.00766185 -0.00988725 0.129132)
(0.0212769 -0.0407492 0.0602716)
(-0.032172 -0.0151412 0.169198)
(0.0453214 -0.0101548 0.172493)
(-0.00330159 -0.0133484 0.191087)
(0.0240873 -0.0289394 0.121077)
(0.0192179 -0.0107633 0.157805)
(-0.0378002 -0.00597515 0.114442)
(-0.0190505 -0.0407609 0.028649)
(0.0245269 -0.0155598 0.174669)
(-0.00521962 -0.0446676 0.167364)
(0.03847 -0.0242997 0.0203876)
(-0.0345847 -0.0100617 0.0635863)
(0.0208816 -0.00596504 0.0261012)
(0.0228663 -0.0333555 0.116547)
(-0.0277491 -0.0113201 0.192809)
(-0.00778051 -0.0128835 0.064258)
(-0.00562695 -0.011281 0.0666305)
(0.00137637 -0.0298779 0.0179703)
(-0.00248584 -0.00561729 0.070716)
(-0.0242179 -0.0392817 0.0889205)
(-0.00985833 -0.00998766 0.179999)
(0.0250796 -0.026857 0.110998)
(-0.00156051 -0.00952452 0.0352568)
(0.0100107 -0.00573633 0.059853)
(0.0180577 -0.0157612 0.104528)
(0.0244393 -0.0264174 0.0822714)
(0.0271218 -0.0210547 0.1888)
(0.0146056 -0.0298173 0.120942)
(-0.0182815 -0.0223441 0.13258)
(-0.0129973 -0.00964326 0.0943694)
(0.000389972 -0.0239725 0.144662)
(-0.00606516 -0.0454217 0.057664)
(-0.00298062 -0.0458174 0.0607541)
(-0.00151737 -0.0146557 0.134615)
(0.0178046 -0.00565393 0.14745)
(-0.0170854 -0.0203993 0.0839507)
(-0.0240706 -0.0241466 0.0105844)
(-0.0239806 -0.0201904 0.0424587)
(-0.0453983 -0.0103767 0.128971)
(0.0335621 -0.0102982 0.0693082)
(0.0115078 -0.0265973 0.177631)
(-0.0183395 -0.0360052 0.0495765)
(0.0304445 -0.0156421 0.153403)
(-0.00257319 -0.0460479 0.105438)
(-0.00628971 -0.0149489 0.0248266)
(-0.0375238 -0.00583187 0.0977526)
(-0.0345551 -0.0216595 0.106311)
(0.0239555 -0.0381943 0.188446)
(0.00567824 -0.0393704 0.167763)
(-0.00181978 -0.0221564 0.180509)
(0.0158465 -0.0425701 0.0187356)
(-0.0041557 -0.0140886 0.0761381)
(-0.0362245 -0.0195914 0.0579151)
(0.0085261 -0.0328184 0.0194935)
(0.0251613 -0.00959221 0.0107792)
(0.0183548 -0.00595637 0.119675)
(-0.00166421 -0.00965006 0.104682)
(-0.0335162 -0.00576181 0.00888643)
(0.0024903 -0.0117865 0.179874)
(0.0407172 -0.0102721 0.172557)
(-0.00855654 -0.0324916 0.0852329)
(-0.00202499 -0.0393004 0.0620048)
(-0.00737049 -0.0335054 0.113561)
(-0.016312 -0.0311608 0.0417637)
(-0.0277707 -0.00901133 0.0833288)
(0.03937 -0.0147734 0.0370583)
(-0.0449976 -0.0111607 0.169644)
(-0.00931217 -0.0205166 0.0872906)
(0.0322316 -0.0333267 0.108424)
(-0.00386427 -0.0371304 0.0886462)
(-0.00528371 -0.0291355 0.0927897)
(-0.0231819 -0.0355234 0.194672)
(-0.0161231 -0.0300035 0.0560515)
(-0.027284 -0.0135774 0.0638087)
(0.00890921 -0.0353 0.1355)
(-0.03578 -0.0224636 0.137972)
(-0.000946285 -0.0156997 0.011391)
(-0.0117894 -0.00566124 0.121697)
(0.0050492 -0.032371 0.0893215)
(-0.0124973 -0.02139 0.0640441)
(-0.0406192 -0.0112962 0.0673558)
(0.00562014 -0.00906551 0.130998)
(-0.0203512 -0.010318 0.0567314)
(0.0385964 -0.00560944 0.040383)
(-0.0339418 -0.0211975 0.0451358)
(0.00733851 -0.0231593 0.107823)
(0.00936075 -0.00960864 0.181786)
(0.0126184 -0.0154269 0.0792241)
(0.0382578 -0.0105242 0.0427358)
(-0.0412482 -0.0094877 0.00365209)
(-0.0310771 -0.0097728 0.0883614)
(0.0359378 -0.00584394 0.11458)
(-0.0413262 -0.0100991 0.147962)
(-0.0191786 -0.0415948 0.147626)
(-0.0218537 -0.0305201 0.0710722)
(-0.000875334 -0.0403192 0.0459257)
(0.00929835 -0.045485 0.0954448)
(0.0032521 -0.0321443 0.135823)
(-0.0274174 -0.03728 0.0772687)
(0.034433 -0.0252751 0.128167)
(-0.0422502 -0.0179435 0.0217757)
(-0.0274269 -0.00564781 0.0437674)
(0.00446391 -0.0255165 0.16302)
(0.040944 -0.0209016 0.0369103)
(-0.0158927 -0.0236145 0.181665)
(-0.0354613 -0.02209 0.0394134)
(0.0106395 -0.0445994 0.0693261)
(-0.0230605 -0.00562095 0.148148)
(-0.0126443 -0.0317712 0.129251)
(0.0270517 -0.0159278 0.118368)
(-0.00546873 -0.0459797 0.108552)
(0.0455251 -0.00993764 0.0777532)
(0.0241991 -0.0269421 0.0371589)
(-0.0104537 -0.0434911 0.012372)
(0.0347478 -0.0100151 0.167195)
(-0.00414833 -0.0175931 0.147403)
(-0.021009 -0.0241574 0.097547)
(-0.00405278 -0.00597648 0.0857259)
(-0.0245533 -0.0126787 0.120669)
(0.0245498 -0.0306251 0.180063)
(-0.0376499 -0.00979971 0.131142)
(0.0152149 -0.0317987 0.13236)
(-0.0208924 -0.00564149 0.0445188)
(0.0401488 -0.0195813 0.182553)
(0.0292365 -0.0160283 0.0489036)
(-0.0235739 -0.0340774 0.132306)
(-0.00611528 -0.025862 0.0693697)
(0.010766 -0.0157997 0.0594643)
(-0.00311642 -0.0290792 0.0779623)
(-0.00247103 -0.00558278 0.0945848)
(0.0138496 -0.0224302 0.125072)
(0.0131123 -0.0195288 0.0712791)
(-0.00648465 -0.0271578 0.186139)
(0.0219596 -0.0247784 0.0894412)
(-0.0306571 -0.0058927 0.0108643)
(-0.0200549 -0.0317399 0.113736)
(-0.0112608 -0.0118425 0.0900171)
(0.0245342 -0.0321912 0.0477631)
(-0.0368908 -0.0201144 0.128929)
(0.023501 -0.0170468 0.157587)
(-0.0306608 -0.0174126 0.0113957)
(-0.0363585 -0.0222996 0.11906)
(-0.0375616 -0.0061968 0.196861)
(-0.0300699 -0.0252844 0.113307)
(-0.00319389 -0.0393627 0.169128)
(-0.0116134 -0.0319653 0.0384869)
(0.00110991 -0.00567631 0.146659)
(-0.00288046 -0.0185085 0.158088)
(-0.0294463 -0.0295337 0.114771)
(0.0229755 -0.0103151 0.0253843)
(0.0277462 -0.0366049 0.060499)
(0.00166728 -0.0188859 0.0776333)
(0.0358505 -0.00592881 0.00720882)
(-0.0229148 -0.0209212 0.146731)
(0.0410043 -0.00569109 0.0663278)
(0.0376478 -0.0162951 0.0108441)
(0.0250056 -0.0386887 0.0469608)
(-0.0359232 -0.0171077 0.111471)
(-0.0345355 -0.0151733 0.0766042)
(0.00127145 -0.0349545 0.117525)
(0.0266967 -0.0371244 0.158008)
(0.0335617 -0.0109571 0.146875)
(-0.0146915 -0.00567196 0.143733)
(0.0139207 -0.0255577 0.129365)
(-0.017925 -0.0257954 0.0431116)
(0.0162772 -0.00976052 0.0501063)
(-0.0180562 -0.0204524 0.153295)
(-0.018795 -0.0379363 0.0634777)
(0.0310312 -0.0329442 0.177787)
(0.0463765 -0.00580987 0.0376922)
(-0.000199095 -0.0215542 0.154436)
(-0.0294712 -0.0210054 0.12362)
(0.00239216 -0.0336478 0.0222908)
(0.000214271 -0.0244825 0.0517061)
(-0.0296478 -0.0247321 0.181169)
(0.0245075 -0.0240277 0.175262)
(0.0170253 -0.0240858 0.0509292)
(-0.012972 -0.0430911 0.00495505)
(0.0175798 -0.0199112 0.0801602)
(-0.0153321 -0.030422 0.151707)
(0.019852 -0.0242276 0.116225)
(0.0454924 -0.00998297 0.0617923)
(-0.0136306 -0.0309404 0.125272)
(0.0157427 -0.0138941 0.0408611)
(-0.0452724 -0.0106168 0.109685)
(-0.039205 -0.0135416 0.0317532)
(-0.000272544 -0.0272818 0.0675422)
(-0.00981788 -0.0448319 0.133347)
(0.0290687 -0.0180873 0.0965154)
(-0.0288087 -0.0296295 0.0751039)
(0.0274837 -0.0133312 0.0153175)
(0.025867 -0.0248048 0.106901)
(0.0257314 -0.0058778 0.0676278)
(0.00846839 -0.0118309 0.0122016)
(0.0129736 -0.0186697 0.107736)
(-0.000285956 -0.0150071 0.184956)
(0.00535933 -0.00955993 0.0588885)
(0.0122616 -0.00580148 0.157517)
(0.00732405 -0.0369994 0.100285)
(0.0462324 -0.00561991 0.0869948)
(-0.0115142 -0.0149836 0.132578)
(-0.0423414 -0.0180023 0.0127434)
(-0.0283951 -0.00579947 0.0928507)
(-0.0358073 -0.00566528 0.0716764)
(0.0279632 -0.0226173 0.094649)
(-0.0312549 -0.0250996 0.151014)
(0.0172821 -0.0207108 0.0747237)
(0.0108556 -0.0341645 0.0876961)
(0.0206309 -0.0404624 0.152672)
(0.0424963 -0.0183288 0.144382)
(0.00534415 -0.0100845 0.0734461)
(-0.0372754 -0.0179276 0.0819127)
(0.0325975 -0.0144203 0.141559)
(0.0315974 -0.0200099 0.14042)
(0.0127286 -0.0323873 0.036942)
(0.0151874 -0.0280934 0.00448073)
(0.0248619 -0.03891 0.0869666)
(0.0104791 -0.0362492 0.104398)
(-0.0140109 -0.0196908 0.0417626)
(-0.0130156 -0.0157669 0.116162)
(0.0405926 -0.0105482 0.0944583)
(-0.0256906 -0.0313266 0.156294)
(0.0230891 -0.0261172 0.0495613)
(0.000483055 -0.0142072 0.108878)
(0.0329349 -0.0125388 0.158868)
(0.0182816 -0.00574173 0.108843)
(0.0282865 -0.0101913 0.11836)
(-0.0392691 -0.02493 0.117135)
(0.022658 -0.00566632 0.0205759)
(0.0345084 -0.0175032 0.120025)
(0.0150742 -0.0206592 0.00432742)
(-0.00163789 -0.0454936 0.0332458)
(-0.0248397 -0.0182337 0.195826)
(0.00264329 -0.0055684 0.186903)
(-0.0315619 -0.017649 0.139737)
(0.00672672 -0.0151869 0.0836006)
(0.0215453 -0.025447 0.110202)
(-0.035725 -0.00998957 0.119078)
(0.00177195 -0.0345777 0.145789)
(0.0219281 -0.0212725 0.065511)
(-0.017057 -0.0421246 0.157188)
(-0.0110258 -0.0290588 0.0978495)
(0.0223861 -0.00853159 0.113438)
(-0.0431495 -0.0142782 0.0284949)
(0.012074 -0.0316454 0.091563)
(-0.0364945 -0.0144703 0.136317)
(0.0358663 -0.00561347 0.145829)
(0.030749 -0.00572535 0.172197)
(0.0233785 -0.00929851 0.0860584)
(0.0161605 -0.00595198 0.0112921)
(0.0166595 -0.0353018 0.181165)
(-0.00994331 -0.0251334 0.144724)
(0.0393685 -0.0126486 0.141705)
(0.0181035 -0.0354685 0.195302)
(0.0303274 -0.00568762 0.144702)
(-0.0304233 -0.00914431 0.123454)
(-0.0151493 -0.0324545 0.0880907)
(0.0121744 -0.0162858 0.126136)
(0.0247565 -0.0213493 0.0854577)
(-0.0249236 -0.0378132 0.179856)
(-0.0440516 -0.0138009 0.0414172)
(-0.0254164 -0.0289222 0.0617123)
(-0.00905913 -0.0199785 0.0744893)
(0.0440938 -0.0151738 0.0965223)
(0.0199554 -0.0172459 0.0882809)
(-0.021632 -0.0264237 0.19559)
(0.0370659 -0.0256583 0.189275)
(0.0104588 -0.0410447 0.0945012)
(-0.0135195 -0.036655 0.179207)
(-0.0213002 -0.0167312 0.170614)
(-0.0151422 -0.011016 0.0378832)
(-0.0302022 -0.0188751 0.0796345)
(-0.0444654 -0.0137742 0.151278)
(0.0196873 -0.0238003 0.167674)
(-0.0264204 -0.0380492 0.108886)
(-0.00774522 -0.0223157 0.189202)
(-0.00487609 -0.0156415 0.021185)
(-0.0190737 -0.0239051 0.0317364)
(-0.00253135 -0.0222412 0.168844)
(-0.0272455 -0.0216987 0.144714)
(0.0363083 -0.00938867 0.172897)
(0.0205029 -0.00560877 0.0871043)
(-0.00573128 -0.0102087 0.0419321)
(-0.0116564 -0.0237822 0.0827497)
(-0.000850135 -0.0197722 0.0102204)
(-0.00527082 -0.0359459 0.0618171)
(-0.000426013 -0.019476 0.0239521)
(0.0442125 -0.0104019 0.00767447)
(0.000852115 -0.0390117 0.0906429)
(-0.0336178 -0.0105703 0.169437)
(-0.0344761 -0.0172052 0.0627199)
(0.0273612 -0.0373589 0.107039)
(0.0155185 -0.0156543 0.142986)
(0.0281965 -0.0149728 0.164202)
(-0.0287896 -0.00564217 0.0217148)
(0.0295803 -0.0273651 0.115484)
(-0.0291319 -0.0258143 0.0122293)
(-0.00354001 -0.0306035 0.195512)
(0.0218142 -0.00574978 0.00695031)
(-0.000478968 -0.0234539 0.0792538)
(-0.0171882 -0.0149815 0.138707)
(-0.00517775 -0.0191172 0.0834836)
(0.00388107 -0.0111186 0.107999)
(-0.0278897 -0.0106892 0.113518)
(-0.00775528 -0.0230463 0.0573049)
(-0.0244546 -0.00583264 0.137055)
(0.0376023 -0.019807 0.106962)
(0.0100677 -0.0453873 0.0864067)
(-0.00718195 -0.0172588 0.0405304)
(-0.0259135 -0.0182367 0.0532836)
(-0.0366182 -0.00560343 0.0467864)
(-0.0370869 -0.017027 0.174986)
(0.00727813 -0.00566181 0.0512852)
(0.0112755 -0.0143326 0.0328624)
(-0.00706212 -0.0219623 0.0682334)
(-0.0357331 -0.0109038 0.140147)
(-0.0223639 -0.012121 0.104614)
(-0.0210433 -0.0104295 0.10733)
(0.0149717 -0.0246872 0.134046)
(0.0178211 -0.0297053 0.0668976)
(-0.0109671 -0.010234 0.0212128)
(0.00723149 -0.0404481 0.154458)
(-0.00719793 -0.0100301 0.197001)
(0.0230536 -0.030495 0.170522)
(-0.0080843 -0.0239895 0.0632258)
(-0.0112777 -0.0384423 0.112573)
(-0.00934484 -0.045523 0.10326)
(-0.0459945 -0.00772522 0.133649)
(-0.0305267 -0.0351836 0.0709221)
(-0.0368543 -0.0168103 0.0265309)
(-0.000641028 -0.0388549 0.0972264)
(0.0358477 -0.00579677 0.13859)
(0.0156124 -0.0261036 0.122504)
(-0.0234647 -0.0056042 0.0311853)
(-0.00292887 -0.0411722 0.143921)
(-0.02638 -0.021573 0.188961)
(-0.00738684 -0.0138913 0.0450339)
(0.0358874 -0.0278169 0.158878)
(0.010438 -0.0202808 0.0743695)
(0.0366493 -0.00920677 0.133505)
(-0.0276537 -0.0363707 0.144205)
(-0.0149322 -0.0356454 0.011514)
(-0.0307682 -0.00578193 0.145229)
(0.0149704 -0.0176093 0.0125258)
(-0.00787049 -0.0339862 0.152444)
(0.005363 -0.0412005 0.113101)
(0.0216327 -0.0100137 0.190074)
(-0.0146745 -0.02509 0.0580168)
(0.0302888 -0.0289291 0.0807449)
(-0.0120397 -0.0439691 0.149757)
(0.0316753 -0.00947258 0.0869369)
(-0.0296906 -0.0258226 0.195396)
(0.00047822 -0.0121136 0.0773897)
(0.00138907 -0.0108674 0.0804987)
(-0.0318628 -0.00576447 0.0265268)
(-0.00670421 -0.0269195 0.167684)
(-0.00329644 -0.00973315 0.119752)
(-0.0245706 -0.0382096 0.156791)
(-0.0281309 -0.0124293 0.108649)
(-0.00104797 -0.0458592 0.146114)
(0.0175101 -0.00938109 0.192331)
(0.00765727 -0.0341197 0.110024)
(0.0187995 -0.0134886 0.174269)
(-0.00913596 -0.0179917 0.0256318)
(-0.0121233 -0.020333 0.144207)
(-0.0148919 -0.00971933 0.058302)
(-0.0316632 -0.0158959 0.0549365)
(-0.0130227 -0.021633 0.0209777)
(0.00251318 -0.0266718 0.037594)
(-0.00644885 -0.0364131 0.0951987)
(-0.0185378 -0.0100873 0.17315)
(-0.0154386 -0.0309264 0.18708)
(0.03126 -0.00814298 0.00965013)
(0.0180503 -0.00554645 0.159831)
(-0.0389016 -0.0140869 0.166038)
(0.0248912 -0.0177976 0.0621072)
(0.0105638 -0.00588778 0.079329)
(0.0286354 -0.0256727 0.00465819)
(0.00651209 -0.0195902 0.157811)
(0.0162207 -0.00946718 0.0798957)
(-0.00851892 -0.01047 0.045387)
(0.0326274 -0.0129372 0.0932298)
(0.00896798 -0.0454492 0.0656383)
(0.0400278 -0.011512 0.0074651)
(0.00870011 -0.0245729 0.190283)
(0.0189578 -0.00993564 0.043849)
(-0.0424481 -0.00589632 0.0359041)
(0.0346115 -0.011081 0.0736159)
(0.0437861 -0.0149972 0.0615137)
(-0.011213 -0.00995053 0.003178)
(-0.0123679 -0.0134921 0.0036686)
(0.000331745 -0.0136645 0.0692762)
(-0.0113118 -0.00589162 0.0510131)
(0.0344597 -0.0183229 0.1131)
(-0.0117391 -0.0183068 0.0803511)
(0.0156124 -0.0349932 0.0751418)
(0.0456557 -0.00957723 0.0111045)
(0.0458308 -0.00892865 0.192777)
(0.0147822 -0.00567036 0.0219695)
(0.0406692 -0.00560273 0.0556334)
(-0.0280103 -0.0202456 0.0167637)
(-0.0104872 -0.0440462 0.156774)
(-0.0463426 -0.00578949 0.0238633)
(0.00100999 -0.035468 0.123427)
(-0.000551884 -0.0128486 0.12485)
(0.0192002 -0.0419319 0.100968)
(-0.0428388 -0.00569971 0.192982)
(0.0239181 -0.0233185 0.146017)
(-0.041151 -0.00959106 0.182978)
(0.0384572 -0.00564009 0.0498511)
(-0.00715828 -0.0205503 0.0131015)
(0.030494 -0.0282265 0.0945579)
(-0.0245915 -0.0338541 0.11897)
(0.0151188 -0.0163884 0.00392756)
(0.0248855 -0.0185645 0.0908592)
(0.0408664 -0.0223109 0.0958447)
(-0.0180716 -0.0220365 0.0484188)
(0.038098 -0.0260993 0.0526844)
(0.0142376 -0.0339874 0.0820681)
(-0.0114581 -0.0275312 0.107977)
(-0.00332075 -0.0249492 0.0434481)
(0.0200139 -0.0093223 0.0308197)
(-0.022185 -0.0241 0.0565257)
(0.012632 -0.0154271 0.0476448)
(0.0366927 -0.0179402 0.0426764)
(0.00824723 -0.0407723 0.0721316)
(0.00854665 -0.0448861 0.0423842)
(0.0384456 -0.0253943 0.0456775)
(0.0383179 -0.0057842 0.0243839)
(0.000935071 -0.0340006 0.030022)
(0.0192788 -0.0248944 0.181257)
(-0.0114054 -0.015094 0.174892)
(0.0338128 -0.0205689 0.0455781)
(-0.0185971 -0.0424165 0.0641816)
(0.0104769 -0.0243854 0.0383447)
(-0.0152135 -0.0239264 0.118878)
(-0.0138193 -0.0165225 0.140356)
(-0.0264233 -0.00960721 0.055175)
(-0.0383702 -0.0263528 0.101834)
(-0.0456334 -0.00957992 0.15234)
(0.00778215 -0.0121108 0.196645)
(0.0463555 -0.00582327 0.0788696)
(0.0173451 -0.005621 0.187708)
(0.0103237 -0.0108872 0.00354417)
(0.00662671 -0.0119257 0.167026)
(0.0119594 -0.0270331 0.108667)
(-0.00408874 -0.015296 0.196407)
(-0.0263496 -0.0231549 0.0771025)
(-0.0368947 -0.0281621 0.0879573)
(-0.013488 -0.0309494 0.0509102)
(-0.0374535 -0.0103145 0.174084)
(0.027712 -0.0311387 0.103401)
(0.0216399 -0.0104867 0.143286)
(-0.0131622 -0.0102849 0.121764)
(-0.0413925 -0.0201137 0.0421673)
(-0.00201954 -0.00888098 0.191061)
(0.0279055 -0.0369427 0.0729252)
(-0.0323304 -0.0280715 0.160801)
(-0.0113722 -0.021586 0.175072)
(0.0179862 -0.0194683 0.195545)
(-0.0350302 -0.0169026 0.0163901)
(0.0268306 -0.00565691 0.0750597)
(0.0303291 -0.0103585 0.0465166)
(0.000156007 -0.0272708 0.126011)
(-0.0149249 -0.0251863 0.0763775)
(0.0358279 -0.00557757 0.0770471)
(0.00636172 -0.00893857 0.0824621)
(-0.0109958 -0.0205304 0.0980388)
(0.0356187 -0.00566729 0.131482)
(0.0226904 -0.00558808 0.0578624)
(0.01799 -0.0359358 0.173427)
(-0.0103438 -0.0110056 0.106745)
(0.00535731 -0.00802659 0.0656435)
(-0.0012188 -0.0340967 0.100462)
(-0.00219602 -0.00588846 0.00732249)
(0.0146478 -0.0234946 0.0406395)
(0.022839 -0.00563325 0.0710775)
(0.0252496 -0.0199609 0.111854)
(0.0430636 -0.017156 0.0799034)
(0.0176263 -0.0318526 0.117208)
(-0.0356131 -0.0202531 0.122074)
(0.0200149 -0.00568461 0.0345021)
(0.0011351 -0.00585283 0.166601)
(-0.0137479 -0.00587356 0.136392)
(0.000706566 -0.0212738 0.108192)
(0.0196016 -0.0159703 0.0654399)
(-0.0172787 -0.00952468 0.0421853)
(-0.00665033 -0.0234758 0.111576)
(0.00662883 -0.0162804 0.174385)
(0.0076257 -0.0194331 0.172078)
(0.00580185 -0.0111072 0.0390964)
(0.0195857 -0.029182 0.0432798)
(0.00684896 -0.0220816 0.0575344)
(0.0447856 -0.0124343 0.129102)
(-0.0133612 -0.0379039 0.151244)
(-0.0276178 -0.0312358 0.0264973)
(-0.0166636 -0.0124234 0.127577)
(-0.0109864 -0.0274753 0.0154179)
(-0.0112565 -0.0391566 0.0857934)
(-0.00877901 -0.0382294 0.195109)
(0.0261945 -0.0113008 0.196472)
(0.0232508 -0.0386627 0.0283004)
(0.010469 -0.00559374 0.164109)
(0.0306053 -0.0128647 0.0211874)
(-0.0290266 -0.0288143 0.0539527)
(0.00911099 -0.00557599 0.115257)
(0.0245005 -0.00555583 0.150962)
(-0.034093 -0.0310539 0.133814)
(0.00483254 -0.0138016 0.188352)
(-0.0401784 -0.0229304 0.0741982)
(0.0331931 -0.00577629 0.0267117)
(0.0301252 -0.027498 0.148976)
(-0.0153592 -0.0058161 0.192573)
(-0.00130915 -0.0419419 0.113001)
(-0.0124785 -0.00577277 0.0682286)
(-0.0426819 -0.0185556 0.0845598)
(0.0223726 -0.00575172 0.0433248)
(0.0225263 -0.018668 0.139217)
(-0.00948725 -0.0369619 0.174266)
(-0.0172834 -0.0425004 0.111421)
(0.00791648 -0.0167915 0.0285122)
(-0.010468 -0.0111141 0.153404)
(-0.011117 -0.0107471 0.149958)
(-0.00499741 -0.0182884 0.13879)
(0.00467415 -0.0397659 0.0661567)
(-0.0163036 -0.0364776 0.138527)
(-0.0247864 -0.0170776 0.0772981)
(-0.015807 -0.00626751 0.00767334)
(-0.0288568 -0.0228565 0.0637216)
(-0.0215981 -0.0066645 0.19667)
(0.00685202 -0.0168171 0.0452852)
(-0.013429 -0.00959025 0.0875703)
(0.00946641 -0.0444523 0.0220227)
(-0.00156787 -0.0326768 0.0353657)
(0.0224297 -0.011883 0.00942423)
(-0.00784952 -0.0254464 0.0348831)
(-0.0260142 -0.0215591 0.113237)
(-0.0163223 -0.00576156 0.0772377)
(0.0284307 -0.0361474 0.13151)
(0.0286846 -0.0300422 0.0917058)
(0.0356492 -0.0300271 0.0940607)
(0.0362938 -0.0117326 0.0316166)
(-0.0172102 -0.0426867 0.0534164)
(-0.027307 -0.0248697 0.139189)
(-0.0361328 -0.0197931 0.145456)
(-0.00319842 -0.0200505 0.0658229)
(-0.043865 -0.00950693 0.0540004)
(-0.0291153 -0.036418 0.11391)
(-0.0310579 -0.0339601 0.0644309)
(-0.0238822 -0.0328637 0.064801)
(0.00605817 -0.0239496 0.0502719)
(-0.0310228 -0.0340386 0.135481)
(0.0302571 -0.00573805 0.0572985)
(-0.0103365 -0.014237 0.136618)
(0.0158803 -0.0308672 0.145943)
(-0.0141096 -0.0347781 0.0827807)
(-0.0066376 -0.00556146 0.186646)
(-0.0163237 -0.0219531 0.144724)
(-0.00773691 -0.0409408 0.0492573)
(-0.019155 -0.00553325 0.021503)
(-0.0245075 -0.0333869 0.0207388)
(-0.0160353 -0.042705 0.0389376)
(-0.0368436 -0.0170772 0.0878095)
(-0.0398834 -0.0151436 0.0723969)
(-0.0340159 -0.00984475 0.0171828)
(-0.0159932 -0.0144955 0.0492132)
(-0.0100944 -0.0267424 0.0765)
(0.000965944 -0.00997872 0.0576746)
(0.0140362 -0.0372485 0.0178872)
(0.0202192 -0.0199412 0.0161281)
(-0.00526156 -0.00563201 0.150539)
(-0.0130859 -0.00561036 0.0968761)
(-0.0296281 -0.0300144 0.12318)
(0.0148253 -0.0433769 0.141162)
(0.00712111 -0.0138276 0.180813)
(-0.00266311 -0.0194223 0.106252)
(-0.0225992 -0.0274087 0.147275)
(-0.0105655 -0.0446201 0.118396)
(0.00232986 -0.00565579 0.103108)
(0.0345244 -0.0220136 0.15327)
(-0.0298732 -0.0120108 0.196626)
(0.0270924 -0.00576435 0.196666)
(0.0386475 -0.00553125 0.169025)
(0.00736256 -0.0363449 0.0907874)
(0.0432536 -0.0168349 0.153276)
(0.0207048 -0.0368518 0.107359)
(0.00269116 -0.0170778 0.0873138)
(0.0163148 -0.0225004 0.0908232)
(0.0296883 -0.0211392 0.0425582)
(0.00891415 -0.00586861 0.179741)
(-0.0034834 -0.0406373 0.052381)
(-0.0310306 -0.00991821 0.0365489)
(-0.0179739 -0.0331475 0.148119)
(-0.00684165 -0.0134549 0.190843)
(-0.0197685 -0.0265618 0.143147)
(0.00984466 -0.018031 0.168466)
(-0.0061238 -0.0334991 0.0686819)
(-0.00808142 -0.0056667 0.127854)
(-0.00010919 -0.00562588 0.158329)
(0.0345635 -0.0127951 0.0875518)
(0.00662841 -0.0105663 0.00793343)
(0.00347697 -0.0304385 0.15938)
(-0.00966186 -0.0289042 0.0459875)
(0.0267003 -0.0180232 0.0750664)
(0.0374515 -0.00553912 0.0715851)
(0.0254528 -0.0138256 0.0877103)
(-0.0150714 -0.0182999 0.147744)
(-0.0179476 -0.0264686 0.108134)
(0.0202826 -0.0252996 0.0253085)
(-0.0375816 -0.00984342 0.0171879)
(0.0179886 -0.037678 0.0772173)
(-0.0163949 -0.00893072 0.118558)
(-0.0296506 -0.0167463 0.122159)
(-0.0206947 -0.0412727 0.0703676)
(-0.0160088 -0.00565461 0.126641)
(0.0120784 -0.039862 0.0850399)
(0.021974 -0.0343144 0.12207)
(0.0149253 -0.0102367 0.0734901)
(0.0320281 -0.0208587 0.0904591)
(-0.00615655 -0.0169347 0.0567615)
(0.0329216 -0.0327424 0.11374)
(0.0297419 -0.00951877 0.0774974)
(0.0212766 -0.0226501 0.00875313)
(-0.027329 -0.00589775 0.161719)
(-0.00609537 -0.0152424 0.14088)
(-0.0342068 -0.00565175 0.066495)
(0.0191398 -0.025005 0.0952809)
(-0.0202615 -0.0203972 0.115689)
(0.0129297 -0.00574694 0.0831844)
(0.00979977 -0.00577125 0.196881)
(0.0378043 -0.0269367 0.102493)
(0.0452585 -0.0101912 0.0992463)
(0.00828801 -0.0213183 0.0849374)
(0.00183688 -0.00543312 0.0899323)
(0.0295222 -0.00952208 0.167266)
(0.00469611 -0.0105955 0.145849)
(0.016019 -0.0424081 0.0275146)
(0.0180591 -0.0375117 0.0669697)
(0.00931292 -0.0315141 0.0729153)
(0.00625408 -0.0172733 0.0607081)
(0.0174569 -0.0200667 0.0963367)
(0.0337547 -0.00578336 0.191931)
(-0.0252318 -0.00581732 0.120669)
(0.0226278 -0.022945 0.0394498)
(0.0384683 -0.00554896 0.181199)
(-0.00496368 -0.0394851 0.0279686)
(0.0128212 -0.0162579 0.0239681)
(0.0297708 -0.0224849 0.0218548)
(0.014964 -0.0389865 0.177343)
(0.0178631 -0.0370883 0.0587817)
(-0.0191275 -0.0329452 0.125667)
(-0.0251706 -0.0233078 0.0938305)
(-0.0346337 -0.0107232 0.187618)
(0.0220706 -0.0311336 0.0601977)
(-0.031058 -0.00913216 0.046351)
(-0.0161878 -0.0218937 0.173859)
(0.0327748 -0.00578276 0.156531)
(0.02373 -0.0154495 0.0293339)
(-0.0463111 -0.00577159 0.080146)
(-0.0302708 -0.0111788 0.126823)
(-0.0297727 -0.0342692 0.173613)
(-0.0278518 -0.0294659 0.0401669)
(-0.0218663 -0.0147803 0.17727)
(0.0119448 -0.0297087 0.0140072)
(0.0175442 -0.021272 0.106302)
(0.0162462 -0.0149572 0.0824591)
(0.0292649 -0.0142965 0.0569511)
(-0.0326167 -0.0149031 0.0436822)
(0.0231265 -0.0135371 0.0197679)
(0.0437195 -0.0164798 0.135883)
(-0.00217694 -0.0351696 0.132237)
(-0.0403814 -0.00970297 0.0885949)
(-0.016312 -0.0377016 0.075053)
(0.0140363 -0.0154128 0.159139)
(-0.0180386 -0.00572533 0.0596523)
(-0.0313195 -0.0222027 0.134954)
(-0.0414517 -0.00559618 0.163666)
(-0.00607561 -0.0448395 0.121187)
(-0.0432841 -0.0157361 0.057735)
(0.0294274 -0.0134146 0.113372)
(0.0377198 -0.00581224 0.105892)
(-0.00527476 -0.0105445 0.0827849)
(0.0191301 -0.0420717 0.074992)
(0.0264054 -0.037376 0.0399257)
(-0.00730271 -0.0457999 0.095418)
(-0.0232043 -0.00954619 0.0212885)
(0.0034266 -0.0236545 0.00380106)
(0.00709313 -0.0411032 0.144419)
(0.0169445 -0.0199854 0.0856169)
(-0.0461046 -0.00826348 0.0877828)
(-0.000392383 -0.0110585 0.134487)
(-0.0040738 -0.020326 0.0449248)
(0.00672419 -0.0253414 0.0975577)
(0.0176411 -0.0101531 0.140785)
(0.00191684 -0.0165804 0.126313)
(-0.0151802 -0.0159235 0.159603)
(-0.0456235 -0.00952864 0.157144)
(-0.0447388 -0.012984 0.157976)
(-0.0101351 -0.0354326 0.0714416)
(0.008536 -0.0387846 0.184874)
(-0.00255572 -0.00934604 0.186752)
(0.0326164 -0.00949366 0.083586)
(0.0371067 -0.0100227 0.180615)
(0.0160986 -0.0388511 0.112036)
(-0.0354687 -0.00580819 0.133666)
(0.0258079 -0.0114128 0.147828)
(0.0148781 -0.0256701 0.140627)
(-0.0133975 -0.0279837 0.157579)
(0.0388946 -0.00965089 0.192184)
(-0.0271839 -0.0147743 0.115012)
(0.015665 -0.0291359 0.182291)
(0.0342641 -0.0128573 0.184187)
(0.0273154 -0.0175513 0.149103)
(-0.0457348 -0.009549 0.0737378)
(-0.0460081 -0.00837479 0.070512)
(-0.00629107 -0.0167138 0.165214)
(-0.0351568 -0.0278543 0.0278423)
(-0.027241 -0.0231166 0.131424)
(0.0336567 -0.0119778 0.0283965)
(-0.000607941 -0.00576908 0.137272)
(0.00641795 -0.00561086 0.104988)
(-0.0155356 -0.00557207 0.147025)
(-0.0431839 -0.0177013 0.111862)
(-0.0204055 -0.0178646 0.0502096)
(-0.0240348 -0.01969 0.102287)
(-0.0308856 -0.0206556 0.0951129)
(0.0081924 -0.010072 0.0166712)
(0.0113725 -0.0268834 0.067116)
(0.0286774 -0.00898937 0.0144512)
(0.0460112 -0.00558663 0.151485)
(0.0302331 -0.00570342 0.0993474)
(0.0311847 -0.0058126 0.0649565)
(-0.00603156 -0.0143409 0.115615)
(-0.00173949 -0.0282351 0.150447)
(0.00896585 -0.0393806 0.106601)
(-0.00977978 -0.044336 0.0370991)
(0.0373667 -0.0276768 0.146359)
(0.00585673 -0.0382859 0.019663)
(0.0330859 -0.0314821 0.170194)
(-0.000100996 -0.0415863 0.0552775)
(-0.022519 -0.010817 0.131462)
(0.0297082 -0.016743 0.0247064)
(0.0352766 -0.0231725 0.0391298)
(0.0251659 -0.0101952 0.115458)
(-0.00696206 -0.00567966 0.00799602)
(0.0176926 -0.0295061 0.14041)
(0.00805867 -0.00956303 0.156973)
(0.0085291 -0.0127964 0.155899)
(-0.0241694 -0.0199489 0.159797)
(-0.0307719 -0.0144223 0.15137)
(-0.00421375 -0.00585804 0.109798)
(0.00837928 -0.0333873 0.0941546)
(0.00415531 -0.00550788 0.0289896)
(-0.0417011 -0.00571722 0.0750428)
(-0.0365194 -0.0284237 0.143268)
(0.00620424 -0.00912339 0.104285)
(-0.0101412 -0.0208397 0.120692)
(-0.0128199 -0.0218776 0.164151)
(0.00864221 -0.0347405 0.121153)
(-0.0118778 -0.0302398 0.13828)
(-0.00869127 -0.0285488 0.00448901)
(0.0248374 -0.0220713 0.0115868)
(-0.00373109 -0.0176146 0.124378)
(0.0110267 -0.043811 0.00885857)
(-0.0203112 -0.0301252 0.103769)
(-0.0337754 -0.0128476 0.00945298)
(-0.0318167 -0.00939961 0.136797)
(-0.04244 -0.00584204 0.111477)
(0.00561365 -0.0410388 0.103602)
(-2.1075e-05 -0.0203621 0.017562)
(-0.0314475 -0.014422 0.184699)
(0.0353367 -0.017237 0.069112)
(-0.0173519 -0.0358692 0.174173)
(-0.0306076 -0.0125488 0.147028)
(0.0231264 -0.00933415 0.121048)
(0.0286858 -0.0129176 0.154706)
(-0.0154705 -0.0276004 0.165292)
(0.0370384 -0.014051 0.0629426)
(-0.0280853 -0.0306522 0.129357)
(0.0274452 -0.0155614 0.0454735)
(-0.0203005 -0.00553013 0.179555)
(-0.00245405 -0.0156694 0.177435)
(-0.0124712 -0.0446389 0.111019)
(0.0314964 -0.0184133 0.127466)
(-0.0227721 -0.00547188 0.106348)
(-0.0226904 -0.00845269 0.0451306)
(0.0193555 -0.0174616 0.0978938)
(-0.00473111 -0.00580062 0.145385)
(-0.03528 -0.00583049 0.11174)
(-0.00259217 -0.0405763 0.0671075)
(0.038543 -0.0260043 0.110309)
(0.0114317 -0.0450483 0.0793014)
(0.00741909 -0.0239906 0.0724898)
(-0.0427332 -0.0057741 0.0931081)
(0.00444038 -0.0334367 0.142396)
(-0.0265177 -0.00964137 0.0770664)
(-0.0383344 -0.0147566 0.0616767)
(-0.0364696 -0.00547087 0.162879)
(-0.02849 -0.00553484 0.0588168)
(-0.00772377 -0.00554552 0.121337)
(-0.0398195 -0.0235077 0.0558906)
(-0.0341679 -0.0305881 0.170829)
(0.0100457 -0.011396 0.0800403)
(-0.00938533 -0.00588073 0.0975007)
(-0.0464575 -0.00569751 0.00352012)
(-0.0104733 -0.0056034 0.0838125)
(-0.0380911 -0.0058011 0.108227)
(-0.00224362 -0.0332899 0.144938)
(-0.0182327 -0.00880405 0.137926)
(0.00896993 -0.0378202 0.161473)
(-0.0183025 -0.0174745 0.127901)
(0.0204856 -0.0146337 0.0955889)
(0.0366991 -0.0154741 0.122122)
(0.0328457 -0.0327251 0.0664648)
(-0.0123922 -0.0312794 0.0324299)
(0.0122576 -0.00875367 0.10576)
(0.00836424 -0.00564267 0.0857034)
(0.0148317 -0.0254766 0.163354)
(-0.0443617 -0.0142804 0.136366)
(-0.0114856 -0.0334096 0.10083)
(0.0153604 -0.0210566 0.102824)
(0.00884502 -0.0171622 0.0891595)
(0.0347322 -0.00955954 0.109416)
(0.00675602 -0.0458424 0.108874)
(-0.000822206 -0.0406072 0.108757)
(0.0146979 -0.0130174 0.116296)
(0.00285397 -0.0319707 0.00428381)
(0.0116978 -0.0175641 0.0442714)
(-0.0311398 -0.0343002 0.116979)
(-0.00994812 -0.0300727 0.059514)
(-0.0337179 -0.00552468 0.12811)
(-0.0463815 -0.00552725 0.140008)
(-0.0422829 -0.0189728 0.158996)
(-0.00906798 -0.00955025 0.00742919)
(-0.0127077 -0.0145831 0.103813)
(-0.0215265 -0.0212617 0.189571)
(0.0187322 -0.0197643 0.116151)
(-0.0170101 -0.00832861 0.04751)
(-0.0408409 -0.010931 0.161225)
(-0.000473617 -0.0462389 0.0967287)
(-0.0338287 -0.0124261 0.121213)
(0.00797977 -0.0260444 0.183773)
(0.0226643 -0.0340491 0.0772039)
(0.0162197 -0.0221137 0.111447)
(-0.0210957 -0.00569282 0.0837903)
(-0.0168694 -0.00580699 0.013193)
(-0.00418931 -0.0411883 0.115821)
(-0.0294741 -0.0087689 0.132948)
(-0.0139691 -0.0280335 0.122114)
(-0.0344751 -0.0119492 0.192359)
(0.0261648 -0.0177104 0.139637)
(0.0393127 -0.0138795 0.0255358)
(-0.0240683 -0.00559286 0.00651287)
(0.0121582 -0.0152987 0.0541309)
(-0.0251518 -0.014301 0.165261)
(0.0041928 -0.00582347 0.0987754)
(0.0246464 -0.0272385 0.098193)
(0.0109161 -0.0102253 0.019062)
(0.00777063 -0.0187604 0.102014)
(-0.0270165 -0.00904437 0.0413374)
(0.0218351 -0.00979586 0.160663)
(0.0309812 -0.0289461 0.139256)
(-0.0199277 -0.0202202 0.106718)
(-0.0146323 -0.0364193 0.0513372)
(0.00250881 -0.0120656 0.0970694)
(-0.0345133 -0.0179834 0.105167)
(0.0202925 -0.00546703 0.0123173)
(0.0195885 -0.00548157 0.0944153)
(0.015578 -0.0169304 0.0725264)
(-0.0465726 -0.00556703 0.163875)
(0.0158994 -0.0192639 0.0289025)
(-0.0277424 -0.00872963 0.105542)
(0.0129451 -0.0309712 0.151835)
(-0.00406037 -0.0272727 0.128355)
(0.040055 -0.0132499 0.178691)
(0.0423946 -0.00586424 0.109091)
(0.012501 -0.00550971 0.0411028)
(-0.00408734 -0.0371079 0.0721559)
(-0.0386261 -0.0195078 0.0931305)
(-0.0436278 -0.0163363 0.0952106)
(-0.0180996 -0.0140997 0.150723)
(-0.00906453 -0.0190399 0.162748)
(-0.0233572 -0.0307491 0.167538)
(0.0136129 -0.0383912 0.0724069)
(0.0278859 -0.0371677 0.0686124)
(0.0131166 -0.00889299 0.172095)
(-0.0356964 -0.00578267 0.0293613)
(-0.0284354 -0.0055313 0.13249)
(0.0319424 -0.0128713 0.0151004)
(0.0410255 -0.0105653 0.00334683)
(0.00790637 -0.0406048 0.0414247)
(0.00251138 -0.0333385 0.126748)
(0.00725366 -0.00551769 0.0783951)
(-0.0127663 -0.00563368 0.0622267)
(0.0376565 -0.00976333 0.085433)
(-0.0293976 -0.0122955 0.0177858)
(-0.0206819 -0.032104 0.0261246)
(0.0296513 -0.0133333 0.108685)
(0.0461346 -0.00553915 0.146661)
(-0.0286111 -0.00569626 0.00576973)
(0.017059 -0.0429784 0.120816)
(-0.0115338 -0.020968 0.10288)
(-0.0319894 -0.0250932 0.0342627)
(-0.0054014 -0.0337008 0.161619)
(0.021017 -0.0339326 0.0395279)
(-0.0212111 -0.0122154 0.172126)
(0.0184017 -0.0421179 0.0549486)
(0.016894 -0.0276323 0.152784)
(0.00149045 -0.0454068 0.173076)
(0.0381935 -0.0255187 0.153493)
(-0.0150228 -0.0190455 0.116077)
(0.00878528 -0.0100207 0.13453)
(-0.0214964 -0.0156067 0.0666439)
(0.0140213 -0.015054 0.178515)
(-0.0102635 -0.0239751 0.0602178)
(-0.037957 -0.005662 0.117795)
(0.0185806 -0.00587021 0.0391548)
(0.0201242 -0.0421087 0.0797311)
(0.0159269 -0.00936013 0.127033)
(0.0105456 -0.00968902 0.14732)
(0.0203654 -0.024377 0.125553)
(0.0310577 -0.0305571 0.195253)
(0.0228756 -0.014833 0.11622)
(-0.000428777 -0.0218533 0.130362)
(-0.00445021 -0.0157461 0.0702027)
(-0.0420616 -0.0170843 0.00406681)
(-0.0291748 -0.0224481 0.10227)
(-0.0277399 -0.00573657 0.138384)
(0.0179339 -0.013537 0.126233)
(0.00701284 -0.012139 0.0453065)
(-0.0177851 -0.0372029 0.116382)
(0.00428519 -0.012596 0.0296808)
(-0.0110164 -0.023481 0.113173)
(0.00707628 -0.00556941 0.0127803)
(0.0269546 -0.0261218 0.131903)
(0.0244738 -0.00559008 0.0260658)
(0.00389694 -0.0146917 0.0447657)
(0.011125 -0.0303632 0.190949)
(0.0440594 -0.0145434 0.0466012)
(-7.23844e-05 -0.0354411 0.0854393)
(-0.0195699 -0.0127521 0.141819)
(-0.0308682 -0.01862 0.0243246)
(0.0370226 -0.0208772 0.136462)
(-0.000495397 -0.00550048 0.0799063)
(0.0250415 -0.00543978 0.12993)
(-0.0227205 -0.00581513 0.0931294)
(-0.0205183 -0.00550492 0.188598)
(0.0089932 -0.0179018 0.164208)
(-0.0137489 -0.0103447 0.1105)
(-0.0167481 -0.0127979 0.0337984)
(-0.014989 -0.03741 0.0902351)
(-0.0258743 -0.0266841 0.0652409)
(0.0153394 -0.00562222 0.162306)
(0.029151 -0.00800364 0.14685)
(-0.0283144 -0.0100052 0.100185)
(-0.0108621 -0.0398116 0.0931457)
(0.0103571 -0.0313716 0.0433465)
(-0.0272446 -0.0302559 0.0155209)
(0.0361372 -0.00933159 0.12609)
(0.0270273 -0.00925058 0.0610619)
(-0.00949259 -0.035546 0.0911408)
(-0.0388765 -0.00555672 0.0523903)
(0.0012739 -0.046281 0.116852)
(-0.00432142 -0.0172303 0.0310576)
(-0.0194347 -0.0199646 0.180551)
(-0.0179744 -0.00562641 0.0801669)
(-0.0390343 -0.0176985 0.142951)
(0.021049 -0.041021 0.132628)
(-0.0182818 -0.0260118 0.118466)
(0.046013 -0.00953128 0.038554)
(0.0271681 -0.0125668 0.189155)
(-0.0326078 -0.00585652 0.0839908)
(0.0264299 -0.026379 0.181192)
(0.0122446 -0.00553852 0.139675)
(-0.0299712 -0.0178411 0.12877)
(-0.00800186 -0.0276607 0.158785)
(-0.0226473 -0.0400254 0.140194)
(0.0216297 -0.0215062 0.1071)
(-0.00478423 -0.0415088 0.0942628)
(-0.0375435 -0.0100634 0.191481)
(-0.0326041 -0.0325935 0.0456121)
(0.0410185 -0.00548666 0.134556)
(-0.0105119 -0.0454849 0.0918698)
(0.0168745 -0.0221764 0.0475208)
(-0.0179478 -0.0103075 0.105524)
(-0.00401543 -0.0147484 0.0805995)
(0.0412574 -0.00579958 0.0193632)
(0.00861972 -0.0339094 0.0506091)
(0.0432071 -0.00568944 0.0289775)
(-0.00793231 -0.0273612 0.163614)
(-0.0364498 -0.0054844 0.144889)
(0.0332924 -0.0105733 0.134873)
(-0.0131128 -0.0347472 0.124616)
(0.0258753 -0.0185199 0.0344683)
(0.0245752 -0.0287143 0.188614)
(-0.0135976 -0.0327574 0.113141)
(-0.0109846 -0.0385413 0.00456297)
(0.0310413 -0.0137829 0.052018)
(-0.0105665 -0.00550018 0.153499)
(0.0183758 -0.00566134 0.103743)
(0.0207996 -0.00539974 0.155437)
(-0.013171 -0.0436934 0.0460818)
(-0.0114726 -0.0436432 0.041891)
(0.0336209 -0.0241127 0.0856799)
(-0.00824366 -0.00567223 0.0435208)
(-0.00543072 -0.00560222 0.0572595)
(-0.033624 -0.00984772 0.124487)
(-0.0278872 -0.0101423 0.0114513)
(0.0360125 -0.0215829 0.131343)
(-0.0257812 -0.0055674 0.0756009)
(-0.0121766 -0.00998147 0.026523)
(0.0129936 -0.0380968 0.0585574)
(0.00689151 -0.0307468 0.103842)
(0.0310848 -0.0190393 0.055911)
(-0.00783816 -0.0325347 0.173745)
(-0.0136713 -0.00891855 0.0426046)
(-0.0139857 -0.0202219 0.133446)
(-0.0113601 -0.00912873 0.192525)
(-0.00305412 -0.0337026 0.127368)
(0.00500822 -0.00548835 0.184551)
(-0.0354809 -0.030053 0.126202)
(-0.0442521 -0.0146446 0.175471)
(0.0427586 -0.0055333 0.00667874)
(0.0351506 -0.0306818 0.0851368)
(0.0126704 -0.0056841 0.0296796)
(0.000564264 -0.00978061 0.176789)
(-0.0126412 -0.00556605 0.108937)
(-0.0258962 -0.0297511 0.176591)
(0.0196004 -0.00540116 0.0764224)
(0.00254475 -0.00975308 0.122001)
(0.00167544 -0.0107396 0.128853)
(-0.042377 -0.00566108 0.115987)
(-0.00492421 -0.0054272 0.0482468)
(0.000663448 -0.0158858 0.1701)
(-0.0319046 -0.0335321 0.0806956)
(-0.0169438 -0.00566439 0.0917842)
(-0.0339541 -0.0288934 0.195003)
(-0.0315967 -0.00947868 0.143326)
(-0.0373897 -0.0145935 0.186508)
(-0.0395371 -0.0144672 0.113796)
(-0.00122429 -0.0162416 0.112337)
(0.0251635 -0.0335386 0.0948359)
(-0.0122988 -0.025404 0.0535707)
(-0.0274353 -0.0112969 0.128781)
(-0.00671806 -0.0114856 0.109695)
(0.00112288 -0.0339873 0.0933486)
(0.0357781 -0.0172507 0.0232882)
(-0.0324633 -0.0148951 0.126255)
(-0.00719793 -0.0100301 0.00287277)
(0.00266665 -0.0346844 0.160252)
(0.0149781 -0.0164405 0.0381407)
(0.0236149 -0.0204509 0.0583817)
(-0.0462901 -0.0055402 0.173439)
(0.00464367 -0.0301654 0.0404373)
(0.0172043 -0.0429734 0.0474938)
(0.0427217 -0.0171629 0.170946)
(0.00562869 -0.00968057 0.124783)
(-0.00143711 -0.0285361 0.141713)
(-0.00687178 -0.0350238 0.118799)
(0.00405024 -0.0457166 0.0440724)
(-0.0278859 -0.0192245 0.16191)
(0.0196329 -0.00951507 0.0711523)
(0.0387017 -0.0152528 0.0581101)
(0.029597 -0.0162264 0.159323)
(0.0148563 -0.0361251 0.0992009)
(-0.0203037 -0.0349678 0.0601131)
(-0.00768224 -0.0263492 0.0885615)
(0.0344435 -0.0272414 0.0201722)
(0.022118 -0.0107811 0.0403345)
(-0.0378955 -0.00569962 0.123771)
(-0.004665 -0.0449169 0.0209856)
(-0.0154785 -0.00556629 0.16953)
(-0.0261655 -0.0270037 0.191295)
(0.0253581 -0.00556407 0.156045)
(0.0128778 -0.00541337 0.112374)
(-0.0298332 -0.0143148 0.0701729)
(0.0233586 -0.02192 0.182868)
(0.0374216 -0.00546228 0.128275)
(0.00134086 -0.0415816 0.0741755)
(0.0195247 -0.0108619 0.107124)
(-0.0199362 -0.0211 0.165828)
(-0.0028711 -0.00835093 0.0406385)
(-0.00913497 -0.0290579 0.189433)
(-0.0138517 -0.0173683 0.0994092)
(0.0299871 -0.0256278 0.0347319)
(-0.0419952 -0.0100009 0.110026)
(-0.0198984 -0.00962826 0.0756073)
(-0.0056125 -0.00553791 0.0908798)
(-0.0385454 -0.0100627 0.0395453)
(0.0141802 -0.030656 0.0414441)
(0.0140745 -0.043761 0.0350976)
(0.0454986 -0.0106575 0.0810978)
(-0.000993151 -0.0405529 0.0141414)
(-0.0374641 -0.0101197 0.0206705)
(0.016473 -0.00552395 0.134669)
(0.0400512 -0.00903794 0.0184092)
(-0.003765 -0.00988299 0.171013)
(0.000534121 -0.0058021 0.133251)
(0.0282701 -0.0361402 0.152586)
(0.00512107 -0.0316669 0.0453735)
(-0.0244915 -0.0128213 0.0328953)
(-0.0418956 -0.0191338 0.153662)
(0.000180631 -0.019436 0.134935)
(-0.0460559 -0.00560531 0.0641482)
(-0.0316111 -0.0337269 0.141768)
(-0.0139475 -0.00577802 0.017081)
(0.00423467 -0.0408071 0.0370603)
(-0.02457 -0.00881976 0.0246518)
(-0.0182823 -0.00878888 0.0960949)
(0.0360267 -0.0134842 0.0480954)
(0.0172993 -0.0118622 0.186291)
(-0.00851855 -0.0289701 0.126691)
(0.0327514 -0.0156049 0.0108913)
(-0.0247089 -0.0165817 0.105922)
(0.005331 -0.00550371 0.122449)
(0.0276751 -0.00548533 0.0279284)
(-0.0289279 -0.036133 0.0834584)
(0.00667425 -0.00555487 0.0598276)
(-0.00789259 -0.026526 0.101602)
(0.0422304 -0.0195098 0.063621)
(0.00559097 -0.0358548 0.0542413)
(0.0164802 -0.0190921 0.0184476)
(0.00165766 -0.0094043 0.0616877)
(-0.0306146 -0.00548152 0.0335257)
(-0.0292048 -0.0353539 0.0278049)
(0.0129506 -0.0401405 0.0510413)
(0.0275757 -0.022987 0.0726668)
(0.034925 -0.00579452 0.104021)
(-0.00595387 -0.0413112 0.0770615)
(-0.0211948 -0.0273637 0.170264)
(0.0291534 -0.0167497 0.103595)
(-0.00940957 -0.0336325 0.12237)
(-0.0314563 -0.0106968 0.00819447)
(-0.0176504 -0.0106273 0.151456)
(-0.00234582 -0.0462915 0.0890324)
(0.00929954 -0.00540397 0.0675123)
(0.0304254 -0.0350822 0.141059)
(0.012355 -0.00936215 0.0513219)
(0.0011081 -0.0235076 0.148519)
(-0.00933591 -0.00561612 0.196926)
(0.0231496 -0.0119983 0.167799)
(0.0310545 -0.0251339 0.143012)
(-0.0351106 -0.0303642 0.0763005)
(-0.0273454 -0.0212957 0.157746)
(0.0450888 -0.0114042 0.0445908)
(0.0177491 -0.0168013 0.0525798)
(-0.00939333 -0.0367622 0.134556)
(0.00598802 -0.00554442 0.196959)
(0.0191376 -0.0209895 0.0683674)
(0.0380837 -0.0186912 0.0599036)
(-0.0336888 -0.0257664 0.143692)
(-0.00132642 -0.0377381 0.0417309)
(0.0260821 -0.0193343 0.195696)
(-0.0366428 -0.00542426 0.00379773)
(-0.0114098 -0.00581197 0.101967)
(0.0236637 -0.00576919 0.107173)
(-0.0101123 -0.0359443 0.128295)
(-0.01139 -0.0278461 0.184673)
(0.00597596 -0.039291 0.137433)
(0.0284854 -0.0192849 0.0866117)
(0.0198586 -0.0259475 0.173909)
(-0.0113058 -0.0448229 0.0772714)
(-0.0135606 -0.0441961 0.134933)
(0.0245089 -0.00565102 0.121635)
(0.0278405 -0.0362963 0.172918)
(-0.0184968 -0.0375915 0.0848815)
(0.00455328 -0.010135 0.092453)
(0.00194929 -0.0419301 0.102897)
(-0.0461833 -0.00870621 0.0198557)
(-0.00478124 -0.0350059 0.176877)
(0.0315106 -0.00968343 0.117657)
(0.00448894 -0.0375942 0.0431893)
(-0.00656395 -0.00906387 0.0232293)
(0.0440936 -0.0143195 0.14908)
(0.0257554 -0.00907878 0.164968)
(-0.00537965 -0.0153304 0.00866578)
(-0.00965112 -0.0127636 0.0491726)
(0.00569175 -0.0460955 0.122385)
(-0.0289953 -0.00570619 0.175469)
(0.0153678 -0.0264516 0.145206)
(-0.0197304 -0.00968468 0.112832)
(0.0414647 -0.0211014 0.148651)
(-0.00814831 -0.0392942 0.0997532)
(0.0170244 -0.0350173 0.16655)
(-0.0298742 -0.010025 0.156384)
(0.0270004 -0.033126 0.0847719)
(0.0303746 -0.0349078 0.0849692)
(0.0242783 -0.00950762 0.181806)
(0.0310305 -0.0092101 0.0589395)
(-0.00341954 -0.0154857 0.00385126)
(-0.030392 -0.0099815 0.0688171)
(-0.00279266 -0.0056559 0.0240656)
(0.0162446 -0.0171872 0.0660114)
(0.00602313 -0.0137441 0.102807)
(2.86758e-05 -0.0223292 0.114274)
(0.0198899 -0.00875126 0.0241216)
(0.0131441 -0.00567838 0.0175189)
(0.0420154 -0.00873302 0.158781)
(-0.0086811 -0.00919606 0.172745)
(-0.00555954 -0.017432 0.13015)
(-0.0105055 -0.00964341 0.196777)
(-0.00933624 -0.0455467 0.0824202)
(-0.0288843 -0.00920723 0.185075)
(0.00257914 -0.00557225 0.0771457)
(-0.0198521 -0.0154843 0.0548802)
(-0.0155473 -0.0263882 0.0206822)
(0.00908669 -0.0190054 0.188142)
(-0.0183707 -0.0161656 0.144102)
(-0.010811 -0.028293 0.0109961)
(-0.0176711 -0.0275372 0.0956861)
(-0.0102074 -0.0395353 0.0437167)
(0.0241996 -0.0227489 0.046499)
(-0.0308285 -0.0055995 0.181041)
(0.0300921 -0.00998571 0.159947)
(0.00319918 -0.0131244 0.0376962)
(0.0148628 -0.0165665 0.100839)
(0.0303558 -0.0343117 0.0254963)
(-0.0322484 -0.0130301 0.174018)
(0.00409422 -0.0234042 0.123727)
(-0.0134038 -0.00564852 0.0918263)
(0.00118758 -0.0317117 0.195407)
(-0.0113031 -0.0449073 0.0506887)
(-0.0348054 -0.0144021 0.150164)
(-0.0249372 -0.00566904 0.176891)
(-0.0354531 -0.0157202 0.101417)
(-0.0234647 -0.0150425 0.0436083)
(-0.032466 -0.00991956 0.196568)
(-0.022672 -0.00944842 0.151023)
(0.00732385 -0.00952837 0.0764654)
(-0.0258455 -0.0215439 0.0232747)
(-0.0230557 -0.0150254 0.0099127)
(-0.0310526 -0.0100784 0.104293)
(-0.0224973 -0.00546036 0.112331)
(0.00954099 -0.0382847 0.0309286)
(0.00279005 -0.0110417 0.193074)
(0.0193891 -0.0306918 0.0746865)
(-0.000110915 -0.0055275 0.173469)
(0.0426401 -0.0086921 0.196868)
(0.0333557 -0.0255271 0.136277)
(0.0247866 -0.00939952 0.145346)
(-0.0178796 -0.00974739 0.176464)
(0.0144355 -0.0374501 0.147444)
(0.0206995 -0.0244963 0.0577205)
(0.0322056 -0.0147459 0.171419)
(-0.0040788 -0.0178539 0.0866175)
(-0.0190318 -0.0338618 0.0801942)
(0.0464777 -0.00570658 0.0642301)
(0.0198167 -0.00539204 0.100455)
(0.0394516 -0.0236008 0.171161)
(-0.0163903 -0.00548484 0.0972452)
(-0.0336058 -0.0246147 0.11977)
(0.00305114 -0.00572557 0.154988)
(0.0378846 -0.00540467 0.1225)
(0.000903883 -0.0172634 0.081997)
(0.0298725 -0.035427 0.0635885)
(0.00188357 -0.0132017 0.131618)
(-0.0271479 -0.0118285 0.0452428)
(-0.0151565 -0.00536436 0.179354)
(0.0231948 -0.00565294 0.0815652)
(-0.0256633 -0.00538098 0.0691278)
(0.00904599 -0.0262239 0.0248469)
(-0.0136781 -0.00542521 0.0870333)
(-0.0171837 -0.0156889 0.167375)
(-0.0134596 -0.0148306 0.148173)
(0.0248951 -0.0392318 0.104835)
(-0.0202142 -0.0118482 0.126215)
(0.0307547 -0.0154444 0.0899489)
(0.0346165 -0.0305671 0.0556311)
(-0.00511364 -0.0421807 0.0860054)
(0.0391741 -0.0225343 0.186251)
(0.00390969 -0.0198178 0.140087)
(-0.040258 -0.0233179 0.0852002)
(-0.0231088 -0.00919105 0.0640738)
(0.00485997 -0.0193839 0.0839556)
(-0.008657 -0.0243116 0.137128)
(-0.0371637 -0.00578506 0.0215217)
(-0.0176305 -0.00572126 0.0714585)
(-0.0243029 -0.038881 0.145571)
(-0.0212314 -0.0212797 0.0808892)
(0.00921908 -0.0445067 0.162305)
(0.00468761 -0.0243523 0.0466929)
(0.00968114 -0.0110379 0.105445)
(0.0288289 -0.00943224 0.051455)
(-0.0227386 -0.03421 0.145189)
(-0.0188467 -0.0243703 0.0223108)
(-0.0174835 -0.00571967 0.117438)
(-0.0236415 -0.0325564 0.160633)
(-0.0372493 -0.00562257 0.136505)
(0.00947921 -0.0443502 0.174048)
(-0.0170456 -0.0164046 0.17277)
(-0.00275642 -0.02957 0.135237)
(-0.0124231 -0.0292185 0.0945063)
(0.03594 -0.00953745 0.158307)
(-0.00594852 -0.0352172 0.187883)
(0.0108307 -0.0105897 0.196788)
(-0.0179331 -0.0161012 0.114676)
(-0.0141875 -0.0168575 0.0692836)
(0.0166211 -0.0377819 0.131287)
(0.0216662 -0.0414998 0.095994)
(0.010174 -0.0224376 0.111279)
(0.0438828 -0.0159637 0.0552356)
(0.0143129 -0.0292745 0.116807)
(-0.00141914 -0.0463862 0.130059)
(0.034808 -0.0308917 0.0892441)
(0.00697305 -0.0203503 0.0733433)
(-0.0226067 -0.00538276 0.171855)
(0.0259849 -0.0381148 0.142489)
(0.0230948 -0.00560065 0.188673)
(0.0376378 -0.00922739 0.0952466)
(0.0169249 -0.0434504 0.117036)
(0.0278662 -0.0211425 0.154494)
(-0.0329488 -0.00932345 0.0519045)
(-0.00066477 -0.0207787 0.0560665)
(0.0444057 -0.014471 0.040451)
(0.0423281 -0.0203111 0.102133)
(-0.010172 -0.0401999 0.119624)
(-0.00319531 -0.00539174 0.0513706)
(-0.0262618 -0.0384395 0.131345)
(0.00313627 -0.0271863 0.0768282)
(-0.0252681 -0.00569008 0.193164)
(-0.022618 -0.0274068 0.114589)
(0.0184359 -0.0259866 0.160033)
(0.00632714 -0.0159672 0.127685)
(-0.0236892 -0.013231 0.136736)
(0.000391365 -0.00540229 0.0452148)
(0.000865908 -0.0129738 0.0834216)
(-0.0289756 -0.00570753 0.100264)
(0.0351046 -0.0304575 0.132724)
(-0.000867944 -0.0177848 0.0615925)
(-0.0125805 -0.0445263 0.0844166)
(-0.0264455 -0.0384776 0.0925979)
(0.0303378 -0.0276596 0.155755)
(-0.00438156 -0.0198028 0.119426)
(-0.0383714 -0.00564676 0.176066)
(0.00230967 -0.0124053 0.0720495)
(-0.0254082 -0.0131443 0.103774)
(-0.0353035 -0.0150362 0.0369887)
(0.042106 -0.020924 0.108446)
(0.0261715 -0.00898979 0.0464584)
(0.00360876 -0.0326867 0.0965432)
(0.0356744 -0.00823857 0.164185)
(-0.0132831 -0.0313888 0.160151)
(0.0121583 -0.0295426 0.0715251)
(0.0214005 -0.0101701 0.1494)
(0.0109325 -0.0183916 0.129661)
(-0.000229166 -0.0193427 0.0740624)
(-0.0206428 -0.0156249 0.0780533)
(0.0138369 -0.0262532 0.0294405)
(0.0176151 -0.018759 0.112337)
(0.0221721 -0.0155757 0.167111)
(0.0299657 -0.0191993 0.137181)
(-0.000559572 -0.0268888 0.110947)
(0.0113718 -0.0451198 0.119148)
(-0.0388588 -0.0246128 0.172208)
(-0.00523479 -0.0233896 0.150661)
(0.0140491 -0.0273953 0.0227973)
(0.0115243 -0.0186724 0.0835133)
(-0.015146 -0.0345533 0.0956378)
(-0.0165825 -0.0128064 0.10984)
(0.0287525 -0.0155769 0.0939666)
(0.028582 -0.0155835 0.172634)
(0.0308701 -0.0226408 0.0833136)
(-0.0101392 -0.014413 0.083988)
(-0.00846313 -0.0150351 0.120348)
(0.0294389 -0.0357979 0.0533987)
(-1.23021e-07 -0.018713 0.039798)
(0.0018675 -0.0283895 0.116284)
(-0.0211234 -0.0233673 0.0630533)
(0.0254702 -0.028966 0.13415)
(-0.0124472 -0.0147729 0.18951)
(0.022607 -0.00542765 0.126056)
(-0.0411938 -0.0125599 0.151557)
(0.030625 -0.00949662 0.151422)
(0.0410917 -0.00975695 0.153614)
(0.0332091 -0.013449 0.177505)
(-0.0237719 -0.039195 0.172471)
(-0.0274691 -0.00571648 0.0831005)
(0.0209864 -0.0266254 0.0642292)
(-0.0219005 -0.0406248 0.134963)
(0.0250682 -0.00548637 0.165476)
(0.0286001 -0.0057555 0.0871263)
(-0.0219794 -0.027782 0.0832876)
(0.0117198 -0.0384854 0.0788195)
(0.0147296 -0.0404482 0.115298)
(-0.00628386 -0.0449849 0.186366)
(-0.0164046 -0.0241339 0.129229)
(-0.0169393 -0.0351707 0.104336)
(-0.0404484 -0.0225366 0.045699)
(-0.0278197 -0.0264008 0.16735)
(-0.00305062 -0.0157411 0.0499341)
(-0.0159843 -0.0384367 0.108572)
(0.0270226 -0.00575694 0.118646)
(-0.0351743 -0.0256861 0.104397)
(-0.00958044 -0.0103807 0.0664408)
(-0.0138577 -0.00554144 0.0806602)
(0.024743 -0.0125657 0.0655346)
(0.00390303 -0.0462243 0.134317)
(0.00744998 -0.00545178 0.0461282)
(-0.036727 -0.0185903 0.153365)
(0.0234545 -0.00889712 0.138654)
(-0.0249811 -0.0219034 0.120334)
(-0.0198273 -0.0111915 0.134144)
(0.00865023 -0.021948 0.0966769)
(0.00907593 -0.0394326 0.0233376)
(0.016634 -0.0107739 0.0373955)
(-0.00647864 -0.0106997 0.0920316)
(-0.0279489 -0.00554841 0.109648)
(-0.00400759 -0.00983601 0.0878536)
(0.00995085 -0.00542906 0.0246606)
(-0.0102702 -0.0446019 0.144982)
(0.0187803 -0.00554739 0.129905)
(-0.0151645 -0.00541191 0.173571)
(0.0152265 -0.00547101 0.143202)
(0.00766799 -0.0186507 0.178209)
(0.0150459 -0.0339728 0.0520585)
(0.0385663 -0.00873429 0.0612461)
(-0.0353723 -0.0104998 0.102157)
(0.00054614 -0.00559052 0.0575027)
(0.00784231 -0.00536693 0.16608)
(-0.000744989 -0.0290046 0.158636)
(0.0324364 -0.0327456 0.0451999)
(0.0132678 -0.00566239 0.0591431)
(-0.0384661 -0.0254107 0.150911)
(-0.00566607 -0.0100718 0.0762878)
(-0.018004 -0.022725 0.00997879)
(0.0456748 -0.0105698 0.086538)
(0.0094378 -0.0357743 0.142989)
(0.0300458 -0.0200082 0.176534)
(0.0396771 -0.024399 0.14021)
(0.0358281 -0.02491 0.108275)
(-0.0351245 -0.0147522 0.129963)
(-0.0409851 -0.0217676 0.0352003)
(-0.0286779 -0.0147798 0.085535)
(0.0250008 -0.0155822 0.129664)
(-0.032033 -0.00563904 0.172358)
(0.0415386 -0.0215971 0.114033)
(0.0175697 -0.0284578 0.100995)
(0.0138487 -0.0185692 0.0538136)
(0.0361914 -0.00556961 0.134733)
(-0.0388029 -0.0153022 0.148976)
(0.0132704 -0.0296861 0.031831)
(0.00532416 -0.0157761 0.0738249)
(0.0079282 -0.0098863 0.119077)
(0.027579 -0.0276319 0.0288705)
(0.00599828 -0.014858 0.0936726)
(-0.0266267 -0.0310462 0.0705848)
(-0.0152664 -0.0210748 0.0531577)
(-0.030239 -0.0349093 0.128935)
(-0.0465653 -0.00564401 0.0534491)
(0.0365241 -0.0289541 0.137513)
(0.0304267 -0.0160954 0.0837025)
(0.00894913 -0.0399245 0.0481953)
(-0.0416455 -0.020292 0.143608)
(-0.0212755 -0.00559296 0.0802622)
(-0.0294976 -0.0295489 0.0603267)
(0.00461053 -0.0196364 0.11845)
(0.00242187 -0.0181212 0.173319)
(0.0010785 -0.0054354 0.170356)
(0.0457736 -0.009072 0.0158525)
(0.0119134 -0.0121792 0.185621)
(-0.0143985 -0.00933304 0.082429)
(0.00825426 -0.0356117 0.0970864)
(-0.0201138 -0.0290492 0.0420847)
(-0.0101109 -0.0306102 0.0538816)
(0.00342863 -0.0137361 0.081131)
(-0.0337439 -0.019754 0.195708)
(0.000489761 -0.0263112 0.0733375)
(0.0297141 -0.0160123 0.0180147)
(0.0290745 -0.0181819 0.120667)
(0.0123243 -0.025946 0.0336777)
(-0.0175744 -0.0303121 0.0678772)
(0.00352735 -0.0463565 0.0904103)
(-0.0120108 -0.0394408 0.030487)
(-0.0244707 -0.0118557 0.0955515)
(0.0369234 -0.0141977 0.187283)
(0.00147809 -0.037605 0.0620588)
(-0.016003 -0.0113758 0.156883)
(-0.00279481 -0.00556493 0.154196)
(-0.00538572 -0.0054088 0.0153515)
(-0.0417153 -0.00549476 0.127868)
(0.00971182 -0.0109584 0.0695582)
(0.0361202 -0.0290277 0.168023)
(0.0386349 -0.0154424 0.127934)
(-0.0255019 -0.0261788 0.075247)
(-0.0306032 -0.00959481 0.163331)
(-0.00694725 -0.0144379 0.172146)
(-0.0204329 -0.00536213 0.0245323)
(-0.0314266 -0.00952527 0.0592856)
(-0.0213202 -0.0163928 0.0379154)
(0.0270926 -0.0102168 0.13106)
(-0.00474233 -0.0145975 0.04132)
(0.029506 -0.0125896 0.151145)
(0.0194837 -0.0325912 0.0821403)
(-0.0177678 -0.0253008 0.00395707)
(-0.0402352 -0.0094579 0.136196)
(0.0307828 -0.0266305 0.0230923)
(-0.0191545 -0.00567182 0.00316856)
(0.0418077 -0.0055035 0.0863576)
(-0.0291955 -0.0183219 0.150384)
(-0.006019 -0.01937 0.00883046)
(-0.00297645 -0.00555775 0.17838)
(0.00617382 -0.00567894 0.0428809)
(0.00892424 -0.0297381 0.053721)
(-0.0246532 -0.0290503 0.119773)
(-0.0202539 -0.00951707 0.0500109)
(0.0428257 -0.0184774 0.105414)
(-0.0125839 -0.0237188 0.0144244)
(0.0169879 -0.028268 0.094175)
(-0.0208016 -0.0131628 0.0812008)
(0.0358388 -0.00963809 0.103271)
(0.0327721 -0.00878687 0.0632761)
(-0.040995 -0.0129525 0.157558)
(-0.00660167 -0.0199088 0.0719541)
(0.00621364 -0.00542173 0.0096139)
(0.00101717 -0.0383636 0.0683347)
(-0.0280477 -0.0361867 0.155147)
(-0.0397074 -0.0208424 0.12298)
(0.0195588 -0.0410875 0.0244863)
(0.0458158 -0.0100135 0.186229)
(0.0228967 -0.0296104 0.116095)
(0.0282142 -0.00893351 0.140076)
(0.00802698 -0.0266708 0.12678)
(-0.0116859 -0.0332781 0.146092)
(0.0431271 -0.0167323 0.0307318)
(-0.0310229 -0.0344375 0.103636)
(-0.014655 -0.0123885 0.185091)
(-0.00425038 -0.00780669 0.0452858)
(-0.0128964 -0.00917345 0.145831)
(0.0162585 -0.0133061 0.193938)
(0.0431323 -0.00541228 0.172996)
(-0.0087858 -0.0176859 0.137079)
(-0.0349663 -0.00560919 0.0783401)
(0.0102665 -0.0296286 0.195647)
(0.0159736 -0.0394535 0.0696205)
(-0.00107126 -0.0383113 0.173311)
(-0.0147712 -0.0173024 0.0777499)
(-0.0225463 -0.00899075 0.174835)
(-0.0250539 -0.0167808 0.0737304)
(-0.026372 -0.0305752 0.100015)
(0.0258674 -0.020163 0.102459)
(-0.0148364 -0.0440211 0.074075)
(-0.0134398 -0.00603545 0.00539459)
(-0.0293565 -0.020574 0.0890785)
(0.0414482 -0.0057399 0.153656)
(-0.00807434 -0.0264424 0.113031)
(-0.00412817 -0.00563757 0.135187)
(-0.0214904 -0.0173957 0.108172)
(-0.0226769 -0.0404411 0.109451)
(-0.0151014 -0.00539993 0.0511095)
(-0.00270442 -0.00543234 0.127867)
(0.0323833 -0.0163482 0.0780646)
(-0.0452262 -0.0110926 0.180717)
(0.0287931 -0.00549271 0.0822462)
(0.0267406 -0.00944351 0.0289943)
(0.0338638 -0.00974327 0.0478378)
(0.0385861 -0.00538528 0.162558)
(0.0121067 -0.0449137 0.111156)
(-0.00801516 -0.0133518 0.175578)
(-0.0132723 -0.022203 0.158789)
(-0.0286452 -0.0250504 0.0590069)
(0.0351813 -0.0116842 0.19325)
(0.0342678 -0.0141188 0.190898)
(-0.0320016 -0.0324287 0.0349738)
(-0.0102136 -0.0213813 0.0927634)
(-0.00373664 -0.0381743 0.04898)
(-5.99383e-05 -0.00590577 0.00295773)
(0.0279758 -0.00544725 0.0702215)
(0.0361879 -0.00569831 0.0879657)
(0.000671649 -0.0326795 0.0591291)
(-0.000432821 -0.0243501 0.162474)
(0.0404072 -0.0133648 0.159278)
(-0.0125018 -0.0398477 0.0652156)
(0.00261044 -0.0100518 0.184322)
(0.0355214 -0.0269332 0.00470569)
(-0.0140777 -0.0429947 0.184535)
(-0.0398529 -0.0160993 0.093181)
(0.00958951 -0.0252963 0.0560031)
(-0.00413155 -0.0363738 0.108091)
(0.00482184 -0.0144403 0.113419)
(-0.0415706 -0.00565672 0.0392677)
(0.0160919 -0.0385808 0.126906)
(-0.0112688 -0.027952 0.118424)
(-0.0377001 -0.00930109 0.0622537)
(0.0308371 -0.00539024 0.16693)
(-0.0432586 -0.00549484 0.0533023)
(-0.003422 -0.0399715 0.133814)
(-0.0355812 -0.0102035 0.149344)
(-0.0325047 -0.00951866 0.108593)
(0.0281082 -0.0290844 0.0621572)
(0.00920563 -0.0217017 0.1672)
(-0.0186369 -0.0189707 0.0652613)
(0.0103734 -0.0408678 0.109726)
(0.0196397 -0.0136994 0.112926)
(-0.00993394 -0.0443931 0.166755)
(0.0241612 -0.0255704 0.053247)
(-0.00518923 -0.0213534 0.0931438)
(0.0121963 -0.0219615 0.0985251)
(-0.0425975 -0.00912281 0.0923658)
(-0.0291333 -0.0304066 0.0464377)
(-0.0070607 -0.0308359 0.0997716)
(-0.0237715 -0.00950396 0.159044)
(0.0187764 -0.0391614 0.00888294)
(-0.0263665 -0.00922616 0.0179456)
(0.0225318 -0.0100877 0.0644076)
(-0.0244394 -0.00915292 0.0109289)
(-0.00162521 -0.0319028 0.139762)
(-0.0172094 -0.0270997 0.15051)
(-0.0189011 -0.00571151 0.138867)
(-0.014183 -0.0312521 0.00949264)
(-0.0205992 -0.0209962 0.0754769)
(-0.0109147 -0.00562198 0.146041)
(-0.0098663 -0.00993429 0.0851703)
(-0.0141653 -0.0165556 0.107694)
(-0.0169189 -0.0297434 0.016817)
(0.0225178 -0.01491 0.0683661)
(-0.0283346 -0.032909 0.0767488)
(-0.0159351 -0.0223663 0.102672)
(0.0349192 -0.0306385 0.144353)
(-0.0167644 -0.00554659 0.132913)
(0.0391435 -0.00861368 0.0806146)
(0.0208842 -0.0170365 0.0422405)
(0.00400771 -0.00569602 0.0154566)
(-0.00140088 -0.0461539 0.0817763)
(0.0136 -0.0272052 0.0883376)
(0.0296379 -0.0221733 0.129809)
(0.000685067 -0.0190485 0.157075)
(-0.0337719 -0.0174764 0.179918)
(-0.0219664 -0.036529 0.0899833)
(-0.0184082 -0.0381295 0.132755)
(-0.0344157 -0.0217364 0.0979131)
(0.000592838 -0.0414352 0.128827)
(-0.00176336 -0.0140314 0.0649504)
(-0.0183941 -0.0289751 0.12355)
(-0.033203 -0.00876714 0.178144)
(0.0307478 -0.00980527 0.192589)
(0.0364419 -0.0143624 0.0289963)
(0.0256199 -0.0331978 0.0743442)
(-0.00124229 -0.0284043 0.154402)
(0.00484191 -0.0231581 0.167547)
(0.0419599 -0.0111589 0.130176)
(0.0306876 -0.0206273 0.124154)
(-0.0251445 -0.0261733 0.178847)
(0.0107323 -0.0226107 0.105776)
(0.0111175 -0.0399574 0.0993991)
(-0.0184038 -0.0055265 0.10885)
(0.00767975 -0.00776716 0.0189481)
(0.0145188 -0.0321734 0.160432)
(-0.0351591 -0.0212224 0.160507)
(0.00256009 -0.0264936 0.0615883)
(0.0133415 -0.0217264 0.092877)
(0.00803904 -0.024164 0.170137)
(0.0369172 -0.00564081 0.0117836)
(-0.0433487 -0.0163612 0.0449671)
(0.0336475 -0.0121381 0.0664179)
(-0.0249898 -0.013401 0.133506)
(-0.0198543 -0.00984505 0.0846008)
(0.034676 -0.0264045 0.0652953)
(0.0160405 -0.0262004 0.0453975)
(-0.03825 -0.0145994 0.0813909)
(0.000532804 -0.030869 0.14688)
(0.0454381 -0.00545782 0.034573)
(0.0234158 -0.031459 0.0212012)
(-0.00845379 -0.00534274 0.0929998)
(0.0258677 -0.0284371 0.124901)
(0.00467798 -0.0281895 0.0819199)
(0.0196574 -0.00563817 0.0663289)
(-0.000109703 -0.00552154 0.12179)
(-0.00406792 -0.0276369 0.0324052)
(0.0173531 -0.0216305 0.126816)
(-0.0337761 -0.0101845 0.0299315)
(-0.0422137 -0.0199678 0.0971908)
(0.00954362 -0.0214373 0.0618889)
(-0.0142055 -0.0439642 0.116557)
(-0.00807557 -0.0180125 0.110451)
(0.0212371 -0.0353985 0.0578865)
(0.0223413 -0.0365137 0.0890672)
(-0.0275477 -0.0252957 0.157864)
(0.0334402 -0.0318156 0.0495031)
(0.029017 -0.0137163 0.0707937)
(-0.0458668 -0.00946298 0.116013)
(-0.0116737 -0.0123002 0.00679743)
(0.00244357 -0.00990832 0.00689232)
(0.0112314 -0.0173083 0.183054)
(-0.0178071 -0.0114514 0.159728)
(0.0358425 -0.0148889 0.180494)
(0.0306297 -0.0294763 0.0723432)
(0.0262237 -0.0264149 0.0687124)
(-0.00695218 -0.0105254 0.16396)
(0.0044009 -0.00529864 0.0704985)
(-0.0193799 -0.0139278 0.179969)
(0.00289903 -0.0169905 0.0927005)
(-0.0121601 -0.0369278 0.0241372)
(-0.0164898 -0.0375522 0.023117)
(-0.0353108 -0.0133699 0.084675)
(-0.0355212 -0.0113279 0.0528621)
(0.0113504 -0.0400618 0.0683496)
(-0.026216 -0.00529766 0.165865)
(-0.0150035 -0.00557547 0.162079)
(0.0323214 -0.0330052 0.122327)
(0.00838199 -0.00904229 0.0388112)
(0.0195688 -0.00535568 0.165849)
(-0.0129076 -0.00924127 0.0733083)
(0.0231126 -0.0105667 0.035066)
(-0.022437 -0.0158276 0.0833966)
(-0.0378185 -0.0249826 0.0102414)
(-0.0418339 -0.0113281 0.0348698)
(-0.0454009 -0.00875206 0.138305)
(0.00665976 -0.0193805 0.0259836)
(0.00967042 -0.020265 0.0236057)
(0.0161873 -0.0384733 0.0459913)
(0.0222467 -0.0348958 0.144526)
(0.0223885 -0.0151171 0.0236385)
(0.0118212 -0.0160677 0.174917)
(-0.0413228 -0.00594536 0.166917)
(-0.038759 -0.0115758 0.0236883)
(-0.00986103 -0.0140886 0.147271)
(-0.00410414 -0.00929238 0.0620275)
(0.0151809 -0.027005 0.110236)
(-0.0371081 -0.00571211 0.0124101)
(-0.0262249 -0.0385248 0.0668821)
(-0.0213441 -0.0054176 0.0405004)
(0.0401898 -0.0145634 0.0816564)
(0.00141959 -0.0334044 0.184689)
(-0.0378461 -0.0105126 0.16247)
(-0.0128674 -0.0312296 0.0747307)
(-0.0254599 -0.017526 0.0817411)
(0.0290593 -0.027955 0.165352)
(0.0408787 -0.00964546 0.0333475)
(0.0421263 -0.00955626 0.0827217)
(0.00102361 -0.0368655 0.046495)
(0.0259594 -0.0160167 0.111649)
(0.0160764 -0.00574712 0.0946367)
(0.0213553 -0.0233828 0.142533)
(0.00235372 -0.00888283 0.153631)
(0.00350912 -0.0267217 0.00925065)
(0.0325882 -0.0169593 0.0667877)
(0.0194889 -0.0104693 0.12437)
(-0.0227713 -0.0331097 0.101903)
(0.0348733 -0.0137593 0.153363)
(-0.00968864 -0.010601 0.0362483)
(-0.0339564 -0.0314871 0.129582)
(0.011563 -0.0407769 0.0906188)
(-0.00623609 -0.00976316 0.114861)
(0.0238803 -0.0294311 0.0803127)
(-0.0211989 -0.0116281 0.186871)
(0.00776377 -0.045534 0.0503712)
(0.0141659 -0.0235976 0.0698917)
(0.0180387 -0.00748204 0.183405)
(0.0175088 -0.0370746 0.0523255)
(0.0200257 -0.0358624 0.045948)
(0.00863569 -0.0441179 0.18797)
(-0.0162059 -0.00527311 0.0467352)
(-0.0242218 -0.014122 0.0378638)
(-0.00462556 -0.0370017 0.121035)
(0.024135 -0.0174145 0.00388102)
(-0.0219502 -0.0116599 0.0903981)
(0.0459527 -0.0091551 0.162937)
(0.0355045 -0.0103931 0.00294065)
(0.00791307 -0.00964699 0.112904)
(0.0230063 -0.00543773 0.180595)
(0.012823 -0.015306 0.140721)
(0.000171836 -0.0147547 0.153841)
(0.002013 -0.00541982 0.0190379)
(0.00720014 -0.00976566 0.0424443)
(-0.0375287 -0.0181527 0.0680387)
(-0.0149619 -0.0246172 0.195991)
(0.0154941 -0.00938045 0.143119)
(-0.0144997 -0.0271744 0.0511373)
(0.0193517 -0.0107591 0.0781215)
(0.0210377 -0.0369098 0.10154)
(0.00537182 -0.0399411 0.0152696)
(0.00861181 -0.0362694 0.0410521)
(-0.0257254 -0.0198837 0.00914)
(-0.0254545 -0.0327496 0.0814139)
(-0.00559534 -0.00547878 0.0195766)
(0.0426177 -0.0158582 0.117159)
(0.0274353 -0.00563102 0.0379819)
(-0.0109045 -0.0162701 0.17032)
(0.0207709 -0.00565626 0.142264)
(-0.0362826 -0.00545049 0.0341997)
(-0.045222 -0.011252 0.0331372)
(-0.0229239 -0.0326983 0.0111998)
(-0.000124774 -0.00551696 0.0651738)
(-0.00721376 -0.0250715 0.179707)
(-0.0162193 -0.0426378 0.0153809)
(-0.0184437 -0.0252 0.0568662)
(0.0135338 -0.017178 0.0336759)
(-0.00713306 -0.0138077 0.079041)
(0.046025 -0.00904449 0.0191046)
(-0.0351791 -0.0296838 0.0435805)
(0.00877965 -0.0304781 0.13099)
(0.0324806 -0.0249679 0.151064)
(-0.0250958 -0.0394385 0.0618942)
(0.0191596 -0.0424037 0.107002)
(0.0262209 -0.0370809 0.11235)
(-0.0266924 -0.0153682 0.0232249)
(0.00995918 -0.00547838 0.0544057)
(-0.0427289 -0.00556583 0.186211)
(0.0299316 -0.00562042 0.0335535)
(0.0204515 -0.018525 0.127104)
(0.00443644 -0.0415632 0.126426)
(-0.0441262 -0.0159253 0.127258)
(0.0357178 -0.03021 0.0787308)
(0.000343138 -0.00985463 0.0684096)
(-0.00439578 -0.00565464 0.181417)
(0.0198851 -0.0354673 0.0640362)
(0.026198 -0.0377903 0.0313256)
(0.00255686 -0.00549814 0.08475)
(-0.0394544 -0.0248836 0.0976489)
(-0.019231 -0.0184487 0.0947114)
(0.00625567 -0.0220094 0.136111)
(0.0105287 -0.0209828 0.00892014)
(0.0296404 -0.0097778 0.0344933)
(0.0422659 -0.00851732 0.183977)
(0.0192981 -0.0121579 0.193026)
(-0.0362074 -0.0138235 0.058779)
(-0.0239748 -0.0245288 0.0307226)
(0.00972172 -0.0277566 0.153288)
(-0.0010274 -0.0138269 0.0910688)
(-0.0374128 -0.0089952 0.0544285)
(-0.00486602 -0.0449368 0.005666)
(-0.0180625 -0.0116455 0.115044)
(-0.0185936 -0.0349263 0.100372)
(-0.00959379 -0.0102377 0.054771)
(-0.00628638 -0.0123444 0.098265)
(-0.00742887 -0.0396303 0.0360225)
(-0.0264184 -0.0265374 0.0244451)
(0.00542888 -0.0394408 0.133518)
(0.0386144 -0.0158797 0.0769992)
(-0.00945627 -0.0364246 0.104064)
(0.012991 -0.0382248 0.117881)
(0.0147841 -0.00910269 0.0996023)
(0.00509623 -0.0267751 0.0643713)
(0.014668 -0.0199087 0.078236)
(-0.0240438 -0.0397672 0.0778359)
(-0.0414204 -0.0127177 0.181841)
(-0.0333363 -0.0313007 0.165747)
(-0.0158013 -0.00994781 0.196778)
(0.0152834 -0.00536503 0.138016)
(0.0334865 -0.0142131 0.1235)
(0.0346779 -0.022866 0.0630452)
(0.0198319 -0.0100036 0.0110955)
(-0.0258126 -0.0285563 0.0867097)
(0.0108766 -0.0418671 0.10461)
(0.0262487 -0.00956648 0.125659)
(-0.0235109 -0.019731 0.0906783)
(-0.00904655 -0.0249587 0.124633)
(-0.0371065 -0.0286169 0.104737)
(0.0225397 -0.00554213 0.102889)
(0.0207444 -0.016592 0.00872408)
(-0.0286603 -0.0364707 0.0415792)
(-0.0408223 -0.0227542 0.102579)
(0.000207053 -0.0282603 0.0892184)
(0.0138779 -0.0327471 0.0473008)
(-0.00911873 -0.0258135 0.0955916)
(0.0285356 -0.0302531 0.136204)
(0.0204736 -0.0353828 0.159262)
(-0.00204749 -0.0449031 0.19399)
(0.0267773 -0.0102119 0.0545954)
(0.032078 -0.0277019 0.0492661)
(-0.0325921 -0.0317167 0.0215246)
(0.0102506 -0.0399115 0.113365)
(-0.0249853 -0.023254 0.106387)
(-0.0201245 -0.00535336 0.185306)
(-0.0436678 -0.0166037 0.139151)
(0.0269093 -0.00574185 0.115386)
(-0.0127727 -0.00533446 0.037657)
(-0.0255026 -0.00905154 0.103205)
(0.0133183 -0.0416739 0.0779384)
(-0.0108166 -0.01274 0.121824)
(0.00382775 -0.0104368 0.0503566)
(0.0171157 -0.0325791 0.0880178)
(0.0454037 -0.0107955 0.135467)
(0.0140594 -0.0284695 0.0980942)
(0.000558221 -0.0236394 0.105652)
(0.00503776 -0.0335234 0.10499)
(-0.0164246 -0.0366639 0.129649)
(-0.0216782 -0.00561954 0.0548895)
(0.000248936 -0.0120037 0.036587)
(0.00239194 -0.0222598 0.176889)
(0.00236386 -0.014673 0.0265808)
(0.0465969 -0.00559501 0.0471423)
(-0.0310671 -0.00552877 0.0673353)
(-0.0092059 -0.0236958 0.0286421)
(0.0402292 -0.00553242 0.192953)
(0.0187789 -0.00949723 0.172028)
(-0.00180236 -0.0240573 0.0592689)
(-0.00752149 -0.0384994 0.117645)
(0.00096052 -0.0447528 0.153962)
(0.0240886 -0.0212585 0.0322368)
(0.00648081 -0.025668 0.0862459)
(-0.0228021 -0.00569769 0.0155413)
(-0.00329067 -0.0079013 0.0920595)
(-0.00378471 -0.0322588 0.0161849)
(-0.0179185 -0.00531737 0.151294)
(-0.0248829 -0.03145 0.151336)
(-0.0429588 -0.018313 0.0744528)
(-0.0186494 -0.0421673 0.138979)
(-0.0350467 -0.00552603 0.0574442)
(-0.0216581 -0.0333672 0.0049339)
(-0.0187195 -0.0280483 0.0316631)
(-0.016928 -0.0301739 0.12681)
(0.00754487 -0.00549467 0.173161)
(0.00317488 -0.00907344 0.0416849)
(-0.0128903 -0.0254269 0.048087)
(0.0368498 -0.0285527 0.118613)
(-0.0454168 -0.0113041 0.0866815)
(-0.00763123 -0.0197638 0.0445508)
(0.0175681 -0.0234248 0.138511)
(-0.0210524 -0.0302598 0.0526169)
(0.00535971 -0.00557838 0.160498)
(0.00644379 -0.00571227 0.0821206)
(-0.0335831 -0.0319968 0.138609)
(-0.0374001 -0.0140615 0.0527144)
(-0.00828147 -0.0190267 0.0782268)
(-0.0108286 -0.00547524 0.0121349)
(-0.013813 -0.0245182 0.0990275)
(0.042218 -0.00944583 0.100115)
(0.0195006 -0.028467 0.186347)
(0.00733978 -0.0245071 0.103769)
(-0.0395205 -0.0145397 0.179192)
(-0.0405186 -0.00644563 0.141135)
(-0.0303438 -0.0192898 0.049036)
(-0.0300679 -0.00944993 0.177478)
(0.000797019 -0.0151548 0.140086)
(0.0333856 -0.0215932 0.156983)
(-0.00207916 -0.0279926 0.168407)
(0.0404181 -0.0142294 0.0694349)
(-0.0242215 -0.00884363 0.00304266)
(-0.0282425 -0.0298567 0.164943)
(0.0035826 -0.00538522 0.0407464)
(-0.00592393 -0.0052864 0.16888)
(0.013628 -0.00535838 0.165879)
(-0.039745 -0.0138657 0.0174368)
(0.0101414 -0.0138432 0.138515)
(-0.0325149 -0.00931343 0.0824555)
(-0.0374125 -0.0172261 0.195938)
(0.00645993 -0.0100107 0.0265803)
(-0.0197616 -0.0274478 0.0662809)
(0.0100205 -0.00929206 0.102729)
(-0.0424535 -0.0091995 0.196866)
(-0.0121517 -0.010422 0.175688)
(-0.0022467 -0.0110759 0.193442)
(0.0324057 -0.0277555 0.113293)
(-0.0325946 -0.0262773 0.0486227)
(-0.0263734 -0.00541521 0.18967)
(0.0204642 -0.0242266 0.0709668)
(-0.0272277 -0.00547901 0.0618036)
(0.0169676 -0.0424256 0.128012)
(0.0392712 -0.0162218 0.0450555)
(-0.023828 -0.0234573 0.0736689)
(0.0140592 -0.0142113 0.00829368)
(-0.0145032 -0.0174924 0.128718)
(-0.0242042 -0.0151048 0.189323)
(0.0333454 -0.00545538 0.0945144)
(0.0343455 -0.019366 0.0933048)
(0.0314336 -0.0224236 0.105251)
(0.0107547 -0.0447892 0.0621651)
(0.0138746 -0.0100671 0.045588)
(0.0290699 -0.013104 0.143304)
(-0.00983382 -0.0218658 0.139596)
(-0.0254909 -0.0154491 0.0507689)
(0.0236923 -0.00562136 0.147239)
(0.0242888 -0.0146084 0.0744869)
(0.0213721 -0.0330164 0.177835)
(0.0179269 -0.0237975 0.0305836)
(0.00640613 -0.0236546 0.0316186)
(-0.0295187 -0.0350271 0.165418)
(0.0200824 -0.0140918 0.107957)
(-0.00149454 -0.00865595 0.00992613)
(0.0301885 -0.0350314 0.0423675)
(0.0199692 -0.0273119 0.134447)
(-0.00691108 -0.0160992 0.0633438)
(-0.0157779 -0.0341176 0.0203781)
(-0.0208278 -0.030092 0.0352566)
(-0.0269032 -0.0321765 0.132693)
(0.0254645 -0.0121237 0.0926506)
(-0.0259152 -0.0263623 0.0791951)
(-0.016696 -0.0160305 0.0653144)
(-0.0206028 -0.00961596 0.0674339)
(0.0413942 -0.00879964 0.16497)
(0.0255363 -0.00880733 0.0319368)
(-0.00359598 -0.0126848 0.149114)
(0.00792421 -0.0383996 0.195157)
(0.0315679 -0.015911 0.114474)
(0.0143677 -0.00562528 0.179932)
(0.0444602 -0.0142217 0.0677929)
(-0.0163182 -0.0304055 0.116426)
(0.0224053 -0.0402852 0.141728)
(0.0226307 -0.00553886 0.175286)
(-0.0112733 -0.00532774 0.180748)
(-0.0175777 -0.00527737 0.165943)
(0.00486761 -0.0106864 0.128294)
(-0.0125025 -0.00927553 0.038596)
(0.0265444 -0.0110501 0.0253584)
(0.0377964 -0.0195091 0.123429)
(-0.0312836 -0.0222313 0.117855)
(-0.00799328 -0.0274253 0.107293)
(-5.6569e-05 -0.0201828 0.0803642)
(0.0147937 -0.0131926 0.0696001)
(0.0428124 -0.00554077 0.11881)
(0.0111447 -0.00838579 0.00844027)
(-0.00533402 -0.0140156 0.0328804)
(-0.00543777 -0.0214499 0.184356)
(-0.0169275 -0.0116443 0.144615)
(-0.0160411 -0.0435377 0.0831305)
(-0.000980739 -0.0180833 0.145781)
(0.0282779 -0.0296396 0.176489)
(-0.0178247 -0.0159546 0.0884693)
(0.0276893 -0.0105539 0.113457)
(0.0464976 -0.00523454 0.182094)
(0.0353931 -0.0152025 0.161887)
(0.0440563 -0.0150068 0.16028)
(-0.0134117 -0.0139001 0.196654)
(-0.0231097 -0.0299435 0.137474)
(-0.0115961 -0.0195219 0.0500167)
(-0.0295824 -0.0287423 0.140386)
(-0.0332227 -0.0320921 0.158935)
(-0.00734102 -0.00933673 0.144157)
(-0.00487739 -0.0198663 0.175401)
(0.0163358 -0.0139628 0.0874084)
(-0.00525032 -0.017406 0.105318)
(0.0416179 -0.00851604 0.12607)
(0.0323353 -0.0127908 0.0994774)
(0.0107452 -0.0339358 0.183867)
(0.0336363 -0.00951241 0.1312)
(-0.0182128 -0.0100548 0.0144909)
(-0.020487 -0.0122216 0.0131046)
(0.0268308 -0.00988138 0.0790802)
(0.011607 -0.0092125 0.0289126)
(0.0364922 -0.0090105 0.0333586)
(0.00319636 -0.0147722 0.0592577)
(0.022421 -0.0338413 0.111472)
(-0.00394508 -0.0336323 0.0904805)
(0.00344458 -0.0247788 0.134845)
(0.0168424 -0.0123324 0.0177341)
(-0.00642182 -0.0130166 0.0858288)
(-0.0459579 -0.00921139 0.160404)
(0.0263179 -0.00562202 0.185783)
(-0.0145532 -0.0391654 0.100873)
(-0.00449651 -0.0305007 0.11055)
(-0.00571341 -0.0139912 0.0521332)
(-0.00461324 -0.037586 0.0204328)
(-0.0245683 -0.0348445 0.114042)
(-0.038691 -0.00543698 0.0764742)
(0.00617742 -0.0212814 0.0876724)
(-0.00672785 -0.02844 0.0601703)
(0.044616 -0.0107858 0.106104)
(0.0133699 -0.0331027 0.13566)
(-0.0156894 -0.0383172 0.155781)
(-0.0200221 -0.0359017 0.0366632)
(-0.0142365 -0.020577 0.0261354)
(0.00737006 -0.0106848 0.0971858)
(-0.00819577 -0.0175979 0.0907547)
(0.0251691 -0.00979709 0.110624)
(0.0408705 -0.0128753 0.117267)
(-0.00944867 -0.0320037 0.0683015)
(0.0220621 -0.0180195 0.117557)
(-0.0229021 -0.0245813 0.0195894)
(0.00434318 -0.0270942 0.166746)
(-0.00897411 -0.0368559 0.055047)
(0.0121465 -0.00568007 0.00292035)
(-0.0242167 -0.0280287 0.143456)
(0.0260786 -0.0204288 0.0242694)
(-0.0301324 -0.0184742 0.0386823)
(0.0302367 -0.0333378 0.00943148)
(-0.0116399 -0.0308665 0.133192)
(-0.023032 -0.0104501 0.196706)
(-0.0243099 -0.0138437 0.196563)
(0.00092929 -0.0238797 0.0848246)
(-0.0431247 -0.0172801 0.0308844)
(0.00475684 -0.0461762 0.111915)
(-0.0443455 -0.0148793 0.0680827)
(-0.0329246 -0.0255415 0.0547096)
(-0.024039 -0.0236587 0.0475184)
(-0.0135107 -0.0151162 0.0961141)
(0.00416484 -0.0264862 0.0247804)
(0.0297553 -0.0123988 0.187201)
(-0.00047687 -0.030741 0.0627831)
(0.0375306 -0.00966021 0.150713)
(-0.00545625 -0.0199075 0.0631536)
(0.0275579 -0.0052983 0.149337)
(0.0288918 -0.0102841 0.123528)
(0.00103427 -0.00545111 0.0483751)
(0.00473167 -0.0333027 0.0692656)
(-0.00375915 -0.02331 0.0776743)
(-0.0317825 -0.0184445 0.0186345)
(0.0278424 -0.00935738 0.0175832)
(0.00930122 -0.0053886 0.141916)
(0.0291501 -0.034305 0.0171266)
(0.0250456 -0.0392056 0.0763964)
(-0.0167096 -0.0434645 0.0609401)
(-0.0060412 -0.0371076 0.0396308)
(-0.0259499 -0.00533502 0.18422)
(0.00754337 -0.0179096 0.108317)
(0.0292051 -0.0183472 0.181731)
(0.0463394 -0.00556025 0.028213)
(0.00079438 -0.015946 0.0222086)
(0.0261362 -0.00836219 0.154631)
(0.030436 -0.00553307 0.176409)
(0.00715845 -0.0168651 0.00352262)
(0.0189415 -0.0282683 0.0550503)
(0.0466249 -0.00638821 0.0903179)
(0.006469 -0.0240487 0.09248)
(0.0129139 -0.0402453 0.156621)
(0.015798 -0.0113991 0.0922412)
(0.00497221 -0.0254964 0.147438)
(-0.00416487 -0.0120605 0.104141)
(0.00281395 -0.01198 0.0230813)
(0.0254372 -0.0325684 0.121473)
(0.00983209 -0.0171274 0.0392452)
(0.0213618 -0.0136774 0.0145979)
(-0.0229881 -0.00529446 0.0377327)
(-0.0119464 -0.00877043 0.0109349)
(0.0081707 -0.0337487 0.0108427)
(0.0263234 -0.015075 0.0213349)
(-0.00200093 -0.0332419 0.10507)
(0.042353 -0.00936122 0.0279213)
(0.0432508 -0.00538652 0.0780658)
(0.00935868 -0.0317619 0.136913)
(0.0132154 -0.0220011 0.128708)
(0.0458403 -0.0101713 0.0297629)
(-0.0178157 -0.00943527 0.0181005)
(-0.0209569 -0.0233337 0.130363)
(-0.018508 -0.0273772 0.0842303)
(-0.0376562 -0.0161768 0.191831)
(0.0108895 -0.0455696 0.0828266)
(0.0205168 -0.0100013 0.0847441)
(-0.0373645 -0.0209782 0.0794918)
(-0.00637293 -0.0305741 0.0783923)
(-0.026543 -0.0101967 0.132913)
(0.00745565 -0.00535886 0.132411)
(-0.0413863 -0.00889359 0.133236)
(0.0142752 -0.0224553 0.0741613)
(-0.0159266 -0.0430315 0.169276)
(-0.040739 -0.0130567 0.0943126)
(0.00381421 -0.0386803 0.0498618)
(0.00342693 -0.0110173 0.0640923)
(0.0120674 -0.0443493 0.0456938)
(0.0222513 -0.0186329 0.0738938)
(-0.00669597 -0.0381574 0.146601)
(-0.00982443 -0.0111963 0.169581)
(-0.0363314 -0.00935473 0.0881494)
(-0.023135 -0.0282102 0.133063)
(0.0107119 -0.0152672 0.0126545)
(-0.0362706 -0.00551526 0.167501)
(-0.0162411 -0.0311667 0.0601092)
(0.0201294 -0.005455 0.0530457)
(-0.0184828 -0.00533215 0.0358289)
(0.026875 -0.0229549 0.184961)
(0.0387455 -0.0258708 0.0890469)
(0.0223595 -0.039689 0.148578)
(-0.00582688 -0.0392073 0.0110479)
(0.0374897 -0.026555 0.0383052)
(-0.0421235 -0.0198878 0.125617)
(-0.00858325 -0.0397361 0.156217)
(0.0423543 -0.00856531 0.190461)
(-0.0429572 -0.00556274 0.136996)
(0.0230976 -0.0138259 0.0556743)
(-0.00310041 -0.0453061 0.174072)
(-0.0262321 -0.0383067 0.0495264)
(0.0255668 -0.0051982 0.0183413)
(-0.0383246 -0.00931532 0.0294563)
(0.00942418 -0.010878 0.0882502)
(0.00111675 -0.0268398 0.172348)
(0.0207191 -0.0418824 0.115667)
(-0.0239921 -0.00530704 0.0510326)
(-0.0275487 -0.00849221 0.1272)
(0.0351863 -0.0153586 0.0720786)
(-0.00281662 -0.0054012 0.191301)
(-0.0176545 -0.0199991 0.0421297)
(-0.0372365 -0.00532422 0.0675096)
(0.0244344 -0.00968156 0.0734269)
(-0.0247845 -0.0249851 0.0888859)
(0.0185498 -0.0131185 0.129395)
(0.00109106 -0.0192643 0.166692)
(-0.0396104 -0.0137866 0.110405)
(-0.0334894 -0.0111872 0.0458675)
(0.0208484 -0.0273604 0.0978205)
(-0.0325126 -0.0253511 0.0713847)
(-0.0232722 -0.019506 0.130055)
(-0.0156867 -0.0228536 0.0813819)
(-0.0144792 -0.0283121 0.0436692)
(0.0206467 -0.0413734 0.0425713)
(0.0373034 -0.0233703 0.0763151)
(-0.0283051 -0.00523778 0.0527293)
(-0.00670697 -0.010325 0.18056)
(-0.0327084 -0.0177319 0.0819651)
(0.0252923 -0.00738732 0.0572211)
(-0.0222376 -0.0197947 0.052593)
(-0.0267163 -0.0106427 0.16562)
(0.0414148 -0.00929516 0.00934099)
(-0.0123236 -0.0308085 0.0802475)
(0.0420618 -0.0057328 0.00981409)
(-0.0133122 -0.00908222 0.016464)
(-0.0247633 -0.0132447 0.144968)
(-0.0267247 -0.0103253 0.120144)
(-0.0170076 -0.011076 0.102193)
(0.0420736 -0.0207631 0.0546573)
(0.0084467 -0.0119735 0.0608474)
(-0.0030874 -0.0237899 0.128809)
(0.0107707 -0.0192656 0.10523)
(0.0210673 -0.0128884 0.089426)
(0.0321911 -0.014518 0.059237)
(-0.0350176 -0.0153943 0.0297879)
(-0.0193009 -0.0290239 0.158834)
(0.0357356 -0.00981879 0.0451147)
(0.00909984 -0.00678602 0.00289707)
(0.0451472 -0.00918234 0.12305)
(0.0320771 -0.00528484 0.0183346)
(0.0123456 -0.0321272 0.115061)
(-0.038334 -0.0265464 0.132734)
(-0.0342181 -0.00550254 0.0520116)
(-0.00603153 -0.00526462 0.0795003)
(-0.000720974 -0.0255812 0.0966808)
(0.0199481 -0.0202488 0.190758)
(-0.00643634 -0.0167704 0.0943705)
(-0.0466211 -0.0056736 0.0162049)
(-0.00195873 -0.0249387 0.132561)
(-0.0303766 -0.0160625 0.17854)
(0.00288964 -0.0315753 0.0514749)
(0.0319937 -0.0251936 0.164395)
(-0.0433569 -0.0129108 0.192126)
(0.0117084 -0.0110165 0.0744667)
(-0.00862884 -0.00533736 0.176385)
(0.028954 -0.00569107 0.00918111)
(-0.0388078 -0.0257734 0.04446)
(-0.0365582 -0.00550254 0.0831977)
(0.0116552 -0.0158382 0.186502)
(-0.0446451 -0.0054764 0.0967046)
(0.0238127 -0.0207802 0.0963221)
(0.0260295 -0.0223343 0.0429195)
(-0.0283728 -0.0163873 0.0665772)
(0.00952652 -0.0295317 0.123034)
(0.0138889 -0.0206471 0.088651)
(-0.035447 -0.0205351 0.176091)
(0.0342056 -0.0174224 0.0167963)
(-0.0315718 -0.0290864 0.150503)
(0.0171008 -0.017865 0.170526)
(0.0128877 -0.0103184 0.112185)
(0.00397704 -0.015203 0.041288)
(0.027404 -0.0299197 0.0197566)
(0.00854835 -0.0386046 0.177001)
(-0.00949115 -0.0348392 0.0750334)
(0.0393909 -0.0227655 0.00865863)
(-0.0142175 -0.00792067 0.141487)
(0.0155391 -0.0374084 0.18546)
(-0.0116183 -0.0109829 0.099049)
(-0.0239559 -0.00522204 0.0571469)
(-0.0166998 -0.0341941 0.119745)
(0.000427929 -0.0141439 0.105543)
(-0.0139153 -0.0387266 0.121903)
(-0.00594348 -0.00551839 0.00311655)
(-0.0330705 -0.0318604 0.0290835)
(0.0355338 -0.0101077 0.17593)
(-0.0233263 -0.0139406 0.111611)
(-0.0092098 -0.0230507 0.0443295)
(0.0241394 -0.0335477 0.0518688)
(0.0100169 -0.0256851 0.100909)
(0.0376996 -0.00555706 0.111269)
(0.0268216 -0.0061523 0.191773)
(-0.0118692 -0.0124976 0.0137074)
(0.0271087 -0.0162086 0.0989651)
(0.00622444 -0.0403552 0.100191)
(-0.0448037 -0.00534407 0.0880473)
(0.0335549 -0.0148673 0.108694)
(-0.0220839 -0.0144019 0.0173308)
(-0.012637 -0.0218286 0.0446119)
(0.041921 -0.00999008 0.0429789)
(-0.0225237 -0.0127723 0.00359756)
(-0.0366242 -0.0182853 0.00373293)
(0.0111666 -0.0258898 0.158707)
(-0.0175199 -0.0157763 0.130912)
(0.0101728 -0.0171082 0.151068)
(0.0466894 -0.00584767 0.193081)
(-0.0144128 -0.00561276 0.12943)
(0.0275364 -0.0216556 0.143233)
(0.00829433 -0.0363614 0.0836066)
(-0.00630816 -0.00525419 0.0111003)
(0.0093625 -0.0121394 0.0933114)
(-0.00419341 -0.0353263 0.0540495)
(0.00425509 -0.0461351 0.0774676)
(0.0244398 -0.0335397 0.0352987)
(-0.0224596 -0.00878376 0.180766)
(-0.0419584 -0.00530233 0.0142484)
(-0.0149468 -0.0169264 0.0523059)
(0.0379409 -0.00525024 0.187991)
(0.0100949 -0.0322266 0.0320441)
(-0.0302968 -0.00612379 0.197194)
(0.0252102 -0.00831981 0.197132)
(-0.00515746 -0.0218405 0.162609)
(0.0185362 -0.00534582 0.0913909)
(-0.0174108 -0.0296431 0.142883)
(-3.93407e-05 -0.0123533 0.0742332)
(0.00266527 -0.0456642 0.165941)
(0.00867215 -0.04562 0.124913)
(-0.0259456 -0.0222738 0.0832964)
(-0.0275899 -0.0253667 0.0909738)
(0.016652 -0.0402938 0.0922416)
(-0.00773536 -0.0246817 0.074908)
(0.00529986 -0.0314331 0.117458)
(0.0113975 -0.0356988 0.0618148)
(0.0315122 -0.00935496 0.174349)
(-0.0285892 -0.00829482 0.0948535)
(-0.00786077 -0.00538141 0.0886062)
(-0.020387 -0.0360537 0.118809)
(0.0374546 -0.014694 0.00687174)
(-0.0111429 -0.00532755 0.133078)
(-0.00209914 -0.031311 0.0260544)
(0.00423687 -0.0293795 0.0856101)
(0.0117902 -0.00531234 0.170317)
(0.0237435 -0.0122264 0.150139)
(0.00188258 -0.0307252 0.0100401)
(0.036256 -0.0158363 0.0880956)
(-0.00937701 -0.00548578 0.167765)
(0.0113224 -0.0305975 0.11964)
(0.00993104 -0.00876393 0.115575)
(0.0385564 -0.0108228 0.138643)
(-0.000517931 -0.0109957 0.0550195)
(-0.0363877 -0.019372 0.115316)
(0.00604997 -0.0326734 0.127694)
(-0.0358921 -0.0114451 0.0960562)
(-0.0134112 -0.0346011 0.172465)
(-0.0157204 -0.00537713 0.138948)
(0.00526079 -0.0454059 0.175977)
(0.0246618 -0.0210206 0.165959)
(0.00217276 -0.0111591 0.155877)
(-0.00425864 -0.0127104 0.173412)
(0.0114588 -0.00552624 0.15203)
(-0.00984144 -0.00646746 0.00683726)
(-0.00673064 -0.0452927 0.15483)
(0.00295932 -0.0230636 0.0747524)
(-0.0264915 -0.0272584 0.0946036)
(-0.00366385 -0.00919224 0.149544)
(-0.011536 -0.0277065 0.0651081)
(-0.00669524 -0.0458722 0.0538125)
(0.00961444 -0.00862274 0.178266)
(-0.0236732 -0.00936719 0.0834343)
(-0.00986111 -0.00890239 0.0576965)
(-0.00299866 -0.0192613 0.196058)
(0.0104621 -0.0246281 0.0473518)
(-0.0391661 -0.0055109 0.064437)
(0.0147167 -0.00896494 0.166252)
(0.0174895 -0.0158682 0.0760885)
(-0.025681 -0.00877065 0.13673)
(0.0196508 -0.0270826 0.0347361)
(-0.00529231 -0.0417764 0.127737)
(-0.0370396 -0.0157971 0.0913312)
(-0.0151726 -0.0198652 0.0672554)
(0.0239551 -0.0102792 0.193592)
(-0.0206843 -0.0143772 0.0935101)
(-0.000777395 -0.0111141 0.0500864)
(0.0071545 -0.0132969 0.0280223)
(-0.00288062 -0.0392431 0.104634)
(0.00990277 -0.0231019 0.137846)
(0.0252181 -0.0126795 0.0401495)
(0.018201 -0.00896051 0.118529)
(0.0168959 -0.00557739 0.0581004)
(-0.0424755 -0.0192339 0.114818)
(-0.0343613 -0.0317882 0.0836006)
(-0.0370929 -0.00961063 0.105796)
(0.00906981 -0.0253521 0.109827)
(0.0226054 -0.0102309 0.101769)
(-0.0229307 -0.0233195 0.0599963)
(0.0397155 -0.014004 0.136914)
(0.0333899 -0.0180464 0.148926)
(0.00738128 -0.0417972 0.0810108)
(0.0247304 -0.0291705 0.0952471)
(0.00137005 -0.0125319 0.0470473)
(-0.0187993 -0.00901864 0.0449518)
(-0.0294869 -0.0152051 0.0453373)
(0.014938 -0.0252946 0.0922427)
(-0.0422254 -0.0177741 0.172143)
(0.039151 -0.0134815 0.10242)
(0.00448776 -0.0215804 0.129342)
(-0.0374163 -0.0265215 0.181949)
(0.00234997 -0.0390794 0.144243)
(-0.0152897 -0.0199427 0.180529)
(0.0146024 -0.00964201 0.0234601)
(-0.0058826 -0.00840829 0.108389)
(0.0155992 -0.0176432 0.0977412)
(0.0376096 -0.0205073 0.160913)
(-0.00375215 -0.0367136 0.0995305)
(-0.0306111 -0.022873 0.0856583)
(0.0385411 -0.0170224 0.138292)
(-0.0270402 -0.0126849 0.171367)
(0.0389595 -0.0246614 0.0317348)
(-0.0459609 -0.00560375 0.020675)
(0.0102705 -0.0455386 0.0550018)
(0.0428474 -0.00532882 0.0628188)
(0.012958 -0.0442212 0.159519)
(-0.0443319 -0.0145709 0.0885179)
(-0.00794491 -0.0242731 0.0214227)
(0.030546 -0.0278127 0.0451407)
(-0.0273998 -0.0246933 0.151277)
(0.0158212 -0.00539161 0.030075)
(0.00816202 -0.00562096 0.185268)
(0.0354564 -0.00531328 0.00288564)
(0.0324 -0.0333972 0.0587638)
(0.0388639 -0.0159456 0.171594)
(-0.0230868 -0.0295096 0.123622)
(-0.0231352 -0.0320622 0.0397592)
(-0.00461053 -0.00973661 0.0541269)
(-0.025381 -0.0338607 0.0533067)
(0.0446767 -0.0148402 0.0732449)
(-0.0226202 -0.0056369 0.158516)
(0.0361437 -0.0151066 0.0555938)
(-0.0169783 -0.0386457 0.145424)
(0.0115744 -0.00938704 0.124075)
(0.037817 -0.00533586 0.0302356)
(0.015861 -0.0100868 0.043089)
(0.0208275 -0.0163081 0.0847022)
(0.0116638 -0.0095473 0.161433)
(-0.0185916 -0.010149 0.155474)
(0.00792604 -0.0308257 0.100503)
(0.00450309 -0.0426547 0.0719097)
(-0.00163698 -0.0371251 0.065036)
(0.0357384 -0.0101877 0.161425)
(0.00316671 -0.0419329 0.0623369)
(-0.0317976 -0.0184348 0.0605073)
(0.0387703 -0.00922264 0.123141)
(0.0199285 -0.0231133 0.0916201)
(-0.0106522 -0.0200022 0.17012)
(-0.00807526 -0.0458591 0.115799)
(-0.0132972 -0.0433882 0.195406)
(0.0174657 -0.00535749 0.170784)
(-0.0129614 -0.0161838 0.0834467)
(0.0238355 -0.0142953 0.134409)
(-0.0341408 -0.024395 0.0776776)
(-0.0193118 -0.0182548 0.124715)
(0.0182173 -0.00965531 0.0589412)
(-0.0330575 -0.0206833 0.1244)
(-0.00480738 -0.0271768 0.174567)
(-0.0381607 -0.0155292 0.104051)
(0.0153835 -0.00522751 0.107636)
(-0.0355054 -0.0143298 0.108226)
(0.0191574 -0.0088715 0.0957929)
(0.0420324 -0.00559087 0.0918339)
(-0.0139307 -0.0199437 0.107795)
(0.0111377 -0.0395032 0.0355515)
(-0.00765605 -0.0277257 0.132977)
(0.0353998 -0.0105276 0.188318)
(-0.000982307 -0.0217512 0.032137)
(0.0324549 -0.00890827 0.197048)
(-0.0121549 -0.0124534 0.167246)
(-0.0344858 -0.0314385 0.113409)
(-0.0367235 -0.0229448 0.0629227)
(-0.00744711 -0.0276739 0.138103)
(0.0336242 -0.0229969 0.0199506)
(-0.00652182 -0.021978 0.133056)
(-0.0173714 -0.0293501 0.182207)
(0.0176829 -0.0187051 0.174568)
(-0.0110964 -0.0135427 0.0757808)
(0.032673 -0.023174 0.0136366)
(-0.0462386 -0.00883872 0.107202)
(0.0236114 -0.0114786 0.0445275)
(-0.0309433 -0.0133912 0.0509564)
(0.00867993 -0.0166955 0.136574)
(0.0144113 -0.00525505 0.0884337)
(0.00417826 -0.0105694 0.0866667)
(-0.009609 -0.00837043 0.10511)
(0.00537741 -0.045907 0.0314603)
(0.00320079 -0.00951624 0.110669)
(0.0392822 -0.00908124 0.11303)
(0.0342348 -0.0302592 0.0164971)
(0.0302422 -0.0150171 0.0431491)
(-0.0429438 -0.00531963 0.149225)
(0.0169562 -0.0428706 0.0319548)
(0.0117424 -0.00550557 0.0104073)
(0.0127126 -0.00926963 0.0929238)
(0.00580855 -0.0284351 0.151694)
(-0.0365826 -0.0102379 0.111436)
(-0.0141554 -0.0340543 0.0765446)
(-0.00352614 -0.026007 0.0669548)
(0.00551937 -0.0351049 0.0763443)
(-0.0410629 -0.0125615 0.058575)
(0.00579376 -0.00559137 0.0950582)
(-0.0295542 -0.0227257 0.177057)
(-0.0081633 -0.00539324 0.156146)
(0.0263473 -0.0261506 0.148786)
(-0.0220861 -0.0173959 0.146058)
(-0.0414977 -0.0139224 0.138579)
(-0.0105893 -0.0342228 0.158786)
(-0.0152793 -0.0218732 0.112295)
(0.0132351 -0.0106917 0.0134746)
(0.0301464 -0.00528443 0.127268)
(0.00389839 -0.0275698 0.0915756)
(-0.0263471 -0.0315485 0.113711)
(-0.0035786 -0.0297644 0.0385365)
(-0.025934 -0.0132071 0.0739508)
(0.00875755 -0.0287739 0.0180232)
(-0.0178851 -0.0114127 0.0679355)
(0.018634 -0.0219515 0.155311)
(-0.00985962 -0.0312197 0.112464)
(-0.0367172 -0.00534892 0.0439053)
(-0.0111464 -0.0261305 0.170166)
(0.0121542 -0.013315 0.191642)
(0.0421129 -0.0056841 0.115091)
(-0.0145807 -0.0395488 0.118339)
(-0.0168164 -0.0425878 0.118998)
(0.0260401 -0.0226617 0.171827)
(0.0203925 -0.0139843 0.196882)
(0.025677 -0.0053713 0.098334)
(-0.00283221 -0.00532017 0.0668294)
(-0.0374496 -0.005382 0.147904)
(0.0253227 -0.0389161 0.0827318)
(0.0276713 -0.00546978 0.139585)
(-0.0170947 -0.0211538 0.0379974)
(-0.0146308 -0.0245896 0.176344)
(0.0403566 -0.0125971 0.0759612)
(-0.00107602 -0.0239199 0.186771)
(-0.0186874 -0.0054331 0.0667778)
(0.0250511 -0.011738 0.118297)
(0.0407371 -0.0231172 0.124546)
(0.0360361 -0.00523162 0.038553)
(0.0107047 -0.0340057 0.0802674)
(0.0109057 -0.0225669 0.183595)
(-0.00330663 -0.0390266 0.05813)
(0.01782 -0.00871873 0.1598)
(-0.01979 -0.015302 0.183681)
(-0.000866558 -0.00536114 0.0283993)
(0.0215719 -0.0364122 0.165141)
(0.0249352 -0.0336706 0.130778)
(0.0204997 -0.0420305 0.0659492)
(-0.0289414 -0.00518223 0.11972)
(0.00680094 -0.0169801 0.0562979)
(0.0460271 -0.010173 0.180913)
(0.0343489 -0.018374 0.14201)
(-0.0159076 -0.00546462 0.0568814)
(-0.00630769 -0.0280479 0.0810718)
(-0.00247855 -0.0131158 0.00684073)
(-0.00537538 -0.0235879 0.0824217)
(0.0319978 -0.0054573 0.116128)
(-0.0214413 -0.037017 0.0800372)
(0.0225889 -0.0273457 0.0851914)
(0.0010314 -0.038141 0.103875)
(-0.0272489 -0.0148311 0.0339453)
(0.0090193 -0.0354015 0.0729553)
(0.0348338 -0.00936177 0.144438)
(-0.0182536 -0.0415863 0.0219616)
(0.026464 -0.00550126 0.172757)
(-0.00114836 -0.0210673 0.0967666)
(0.0329854 -0.00528492 0.00840337)
(-0.00539002 -0.0382064 0.191849)
(0.00861492 -0.0243682 0.121582)
(-0.00138473 -0.0286308 0.176457)
(-0.00123776 -0.00982452 0.101538)
(0.0197054 -0.01511 0.0792901)
(-0.017723 -0.00548907 0.15782)
(0.0024223 -0.0414638 0.0313891)
(0.0162729 -0.00864634 0.0338764)
(-0.0284831 -0.0207992 0.00391006)
(0.0121443 -0.0267541 0.118255)
(0.0353116 -0.011221 0.0938466)
(-0.00272778 -0.00526972 0.0441702)
(0.00711096 -0.0239753 0.118431)
(0.00579964 -0.021721 0.189605)
(-0.0302923 -0.0138261 0.118649)
(-0.0407991 -0.0206314 0.00786635)
(0.00249009 -0.00918268 0.162661)
(0.0132558 -0.0140042 0.096668)
(-0.00817511 -0.0408842 0.114956)
(-0.026863 -0.0052546 0.0496901)
(0.015383 -0.0145734 0.132327)
(-0.0188334 -0.0403891 0.00880161)
(-0.0224218 -0.00860401 0.0280534)
(-0.00158484 -0.0391939 0.123482)
(-0.00576503 -0.00942233 0.18625)
(0.0261809 -0.00922346 0.102322)
(0.0163627 -0.00966263 0.0138128)
(0.0438141 -0.0120627 0.123118)
(0.0283843 -0.00871846 0.19716)
(-0.0276831 -0.0147567 0.187918)
(-0.00355784 -0.00540802 0.0396931)
(0.00816005 -0.0322243 0.00417629)
(0.000171685 -0.0055119 0.178072)
(-0.0139575 -0.00562337 0.18411)
(0.0375208 -0.00792374 0.196943)
(0.00553211 -0.0209975 0.0457731)
(-0.0209478 -0.0143975 0.167742)
(-0.011936 -0.0451592 0.0998604)
(0.0255244 -0.0171105 0.144392)
(0.037235 -0.0203458 0.10363)
(0.0440728 -0.0158325 0.0769693)
(-0.0130711 -0.00962123 0.152371)
(-0.0347013 -0.0222807 0.0853977)
(-0.00534441 -0.0132742 0.11211)
(0.0134526 -0.00953873 0.13785)
(0.00287627 -0.0102651 0.150012)
(0.0212254 -0.00926694 0.0742085)
(-0.0287652 -0.0114313 0.0853026)
(-0.0307833 -0.0232281 0.0744173)
(0.0137571 -0.034189 0.12158)
(0.00707086 -0.0137998 0.108798)
(0.0139141 -0.0146727 0.18311)
(-0.0221969 -0.0263078 0.161895)
(0.0362335 -0.00521814 0.12529)
(-0.00769045 -0.0184789 0.0540979)
(0.00712445 -0.0463116 0.100529)
(0.0313571 -0.0104622 0.110342)
(0.0281993 -0.0195214 0.0495034)
(0.0358324 -0.00884845 0.191988)
(-0.0409294 -0.0211107 0.0156193)
(-0.0142541 -0.0156943 0.183466)
(0.0379059 -0.00525025 0.143435)
(-0.0184982 -0.0133909 0.1737)
(0.0129959 -0.0448659 0.0731915)
(-0.0139063 -0.033652 0.0722929)
(-0.00791334 -0.0447141 0.149366)
(-0.00222618 -0.00864902 0.0667587)
(-0.0382082 -0.0170958 0.127829)
(0.0395106 -0.00562554 0.00696773)
(-0.00959391 -0.00974562 0.0883226)
(-0.0200293 -0.0188717 0.0468235)
(-0.00532579 -0.0405555 0.182271)
(-0.0173485 -0.0080866 0.0302883)
(0.00666824 -0.0144841 0.11906)
(0.0301034 -0.0242338 0.118451)
(0.0166395 -0.0388078 0.103708)
(0.0417867 -0.00987124 0.108176)
(0.0168522 -0.0124725 0.162592)
(-0.0182707 -0.0107745 0.185937)
(-0.0364367 -0.0108392 0.17086)
(-0.0341302 -0.0103746 0.163518)
(-0.0187867 -0.0337078 0.195737)
(-0.007064 -0.016686 0.17849)
(0.000580835 -0.022899 0.0913777)
(0.00596859 -0.0338406 0.113066)
(0.0266817 -0.0269465 0.0848826)
(-0.00433497 -0.0252307 0.102332)
(-0.0139264 -0.0298116 0.0669123)
(-0.0345342 -0.0131848 0.142146)
(0.0123349 -0.00880497 0.0890296)
(0.0322504 -0.0200602 0.0593573)
(-0.0181316 -0.0127847 0.0563661)
(0.0357453 -0.023662 0.19569)
(0.0416918 -0.0191072 0.187694)
(-0.0128275 -0.0242136 0.108797)
(-0.0180763 -0.0242526 0.0265334)
(0.000861708 -0.0183385 0.090423)
(0.0378733 -0.0114927 0.144622)
(0.0026869 -0.00521569 0.139319)
(-0.00757818 -0.0404547 0.0671601)
(0.00888678 -0.0294069 0.0108573)
(0.0222067 -0.00554056 0.0464819)
(-0.00954342 -0.0131047 0.0215429)
(0.00227425 -0.014646 0.190983)
(0.0415139 -0.0220676 0.117996)
(0.0207035 -0.0167677 0.18046)
(-0.0381886 -0.00848374 0.149864)
(0.00843934 -0.00532612 0.159837)
(-0.0342064 -0.0315788 0.10182)
(0.0383679 -0.00880013 0.0234205)
(0.0340937 -0.00875268 0.0808369)
(0.00924619 -0.0342805 0.0671099)
(0.00713118 -0.022098 0.00351906)
(-0.0229397 -0.00529022 0.0707311)
(-0.0182147 -0.00533864 0.0946638)
(-0.00722851 -0.0146264 0.127614)
(0.0332876 -0.0264256 0.0746349)
(-0.0184574 -0.00883238 0.0213391)
(-0.0365325 -0.0200784 0.0728936)
(-0.0326967 -0.0272826 0.109867)
(-0.0467819 -0.00645879 0.145079)
(-0.0103652 -0.0333488 0.135638)
(0.03204 -0.00720172 0.101777)
(-0.0267539 -0.00554212 0.123493)
(2.78948e-05 -0.0358962 0.0573762)
(-0.000305224 -0.0166802 0.0172136)
(0.0267601 -0.00564766 0.180292)
(0.0064198 -0.0121755 0.193578)
(-0.00809175 -0.0126194 0.140233)
(0.000193301 -0.00551663 0.100786)
(0.0380762 -0.00528522 0.15871)
(-0.031312 -0.0282656 0.0883116)
(0.00481131 -0.0419834 0.109681)
(-0.039019 -0.0255646 0.0782978)
(0.000807222 -0.00866765 0.168008)
(-0.021901 -0.0252388 0.155241)
(-0.00242595 -0.0330719 0.0822837)
(-0.0102274 -0.0101689 0.0181372)
(-0.0276217 -0.0145957 0.129221)
(0.0101294 -0.0129222 0.0851738)
(0.0117209 -0.0265704 0.0925441)
(0.014065 -0.0436035 0.173321)
(-0.0294656 -0.00877001 0.0783498)
(0.0209932 -0.00976487 0.00531573)
(-0.0200077 -0.0147781 0.0333105)
(0.0258882 -0.0252824 0.114026)
(0.0293381 -0.0286508 0.0534584)
(-0.0276561 -0.0147152 0.0912164)
(0.0293077 -0.0221088 0.0769653)
(-0.0103149 -0.0385136 0.187808)
(0.00418805 -0.0190151 0.012715)
(0.00899395 -0.0390051 0.151004)
(-0.0148997 -0.0332703 0.100152)
(-0.0382343 -0.0194868 0.0976652)
(0.0299012 -0.0098684 0.0284104)
(-0.0155408 -0.00527047 0.104384)
(0.0380513 -0.0263807 0.16238)
(-0.00560685 -0.00962036 0.0113186)
(0.034088 -0.023133 0.185801)
(-0.000572786 -0.0363892 0.156221)
(-0.040356 -0.0229181 0.0243679)
(0.0196941 -0.00966084 0.154216)
(0.00946981 -0.0130805 0.0183613)
(-0.0323226 -0.0196721 0.0999825)
(-0.000491539 -0.0218591 0.137408)
(-0.0038226 -0.0258337 0.047617)
(0.0121401 -0.0451508 0.0891967)
(-0.0189165 -0.0226187 0.104536)
(-0.0264624 -0.0164463 0.0996635)
(0.0227639 -0.0289046 0.163777)
(-0.0334375 -0.0102803 0.147024)
(0.00115825 -0.0134168 0.117658)
(-0.00319587 -0.022084 0.0239324)
(0.0373782 -0.0284074 0.0717084)
(-0.0356534 -0.00546631 0.0892206)
(-0.0147005 -0.0191473 0.0749212)
(-0.0265351 -0.0127739 0.100186)
(0.0251361 -0.037486 0.0977663)
(-0.0342757 -0.0155886 0.0968341)
(0.03161 -0.0156937 0.120077)
(-0.0386387 -0.0262073 0.120273)
(0.00102029 -0.00552038 0.143027)
(-0.0287821 -0.00541406 0.1159)
(-0.0148377 -0.00890792 0.192953)
(0.00442198 -0.00550821 0.00664862)
(-0.00179971 -0.0203086 0.0711896)
(-0.02993 -0.0133338 0.14068)
(0.0123494 -0.0450689 0.103963)
(0.0261425 -0.00899909 0.17515)
(0.00439385 -0.0180615 0.0495488)
(-0.0151655 -0.0151069 0.123166)
(-0.042065 -0.0102813 0.0213781)
(-0.0137851 -0.00809728 0.00300504)
(-0.0272167 -0.0187091 0.181115)
(0.00359979 -0.0187357 0.133833)
(0.0433754 -0.0053193 0.0385367)
(0.033224 -0.0269533 0.0923752)
(0.00880443 -0.035164 0.165677)
(-0.0120255 -0.0359931 0.0445672)
(0.0401399 -0.0146969 0.0942572)
(-0.0264505 -0.00874667 0.0913978)
(0.0441752 -0.01525 0.050139)
(0.0263806 -0.0382802 0.0573601)
(0.00339778 -0.0465271 0.0993893)
(-0.043733 -0.00540421 0.179229)
(-0.0107295 -0.0332242 0.104675)
(-0.0161534 -0.0186185 0.0224912)
(-0.0264324 -0.0324483 0.0424178)
(0.00800353 -0.0283517 0.075864)
(-0.0310908 -0.016877 0.0753971)
(-0.033022 -0.0279456 0.0779377)
(0.0359405 -0.0219251 0.0510968)
(-0.013645 -0.0380986 0.0151462)
(0.0376752 -0.0272615 0.141067)
(-0.0422764 -0.00902346 0.189175)
(-0.0199513 -0.0250284 0.124473)
(0.0137089 -0.0390683 0.109394)
(0.0460966 -0.00911774 0.117997)
(-0.00156589 -0.0343043 0.170454)
(0.0225862 -0.00526915 0.0146273)
(-0.00658607 -0.0311713 0.0493783)
(-0.0233041 -0.0125974 0.182809)
(-0.0450961 -0.0131175 0.118097)
(-0.0377625 -0.0169132 0.0403324)
(-0.0123517 -0.0175587 0.0276186)
(0.0461572 -0.00526986 0.187477)
(-0.00840656 -0.00531023 0.0358525)
(0.0152726 -0.0374847 0.0246525)
(-0.0108225 -0.00526747 0.0253552)
(-0.0149151 -0.0138673 0.134599)
(0.0424922 -0.0180455 0.175712)
(-0.0175527 -0.0252754 0.0379422)
(-0.0302873 -0.0212835 0.0098548)
(0.0281898 -0.00979269 0.128134)
(-0.0398222 -0.0248129 0.093654)
(-0.0294226 -0.0158474 0.109567)
(0.0317622 -0.0196813 0.0774977)
(-0.014828 -0.00952642 0.0692055)
(-0.0467047 -0.00528888 0.0448034)
(-0.00679624 -0.031739 0.0272718)
(0.0174272 -0.00831358 0.00276271)
(-0.0281335 -0.00919882 0.180489)
(0.00591016 -0.00528603 0.0540936)
(0.0124145 -0.0245798 0.0828047)
(0.0342593 -0.0102572 0.170556)
(-0.0233592 -0.039643 0.0408589)
(0.00374077 -0.0365647 0.127996)
(-0.0333097 -0.0176712 0.132789)
(-0.0130536 -0.0149744 0.143512)
(-0.0361198 -0.00526268 0.178518)
(0.022173 -0.013047 0.191476)
(-0.0338487 -0.0130952 0.0791228)
(0.013116 -0.0334933 0.126496)
(-0.0202214 -0.0097028 0.118696)
(0.0034506 -0.00804231 0.147367)
(-0.0387017 -0.0053553 0.102344)
(-0.0445426 -0.0148041 0.0776674)
(-0.0181942 -0.0230848 0.169504)
(-0.0268059 -0.0372395 0.162863)
(0.0382567 -0.00529092 0.0351744)
(-0.0407782 -0.02336 0.114123)
(-0.0305946 -0.0133467 0.103758)
(-0.02128 -0.00530576 0.0285044)
(0.0268102 -0.0274023 0.104781)
(0.0117386 -0.0443955 0.0177221)
(0.0148675 -0.0441582 0.1137)
(-0.0307924 -0.0139182 0.0955463)
(-0.0128591 -0.0275686 0.0310416)
(0.00054144 -0.0122461 0.170303)
(-0.04623 -0.00809018 0.179413)
(-0.0143561 -0.0394276 0.0552946)
(0.0274137 -0.0154476 0.0284955)
(0.0462613 -0.00875351 0.0467194)
(0.0138307 -0.0199625 0.168987)
(-0.0352256 -0.011542 0.160718)
(-0.0424444 -0.00541358 0.0620283)
(0.0381995 -0.0199134 0.0889634)
(0.0275201 -0.0220533 0.160271)
(0.00212243 -0.0355701 0.0800756)
(0.00911885 -0.0150461 0.0652299)
(-0.014054 -0.0123958 0.188181)
(0.00543103 -0.00532211 0.175963)
(-0.0423485 -0.00827972 0.165071)
(-0.000455718 -0.00864092 0.0949409)
(0.037157 -0.0270046 0.18277)
(0.0342488 -0.030119 0.181645)
(0.0460243 -0.00888598 0.0429507)
(0.0366924 -0.00537598 0.190877)
(-0.0221893 -0.0367644 0.0490997)
(-0.0204526 -0.0417494 0.0918405)
(0.0190031 -0.0369604 0.138865)
(0.0229591 -0.0098276 0.0298328)
(-0.0305625 -0.00522682 0.0748884)
(-0.00451093 -0.0149604 0.0895564)
(0.0327754 -0.0123319 0.150252)
(0.00189789 -0.038199 0.108935)
(0.00205993 -0.0407816 0.0425391)
(0.0209684 -0.00545696 0.114261)
(-0.0212001 -0.0220049 0.17279)
(0.0320379 -0.00562587 0.159582)
(-0.00769153 -0.0306179 0.166139)
(0.0256862 -0.00521231 0.054066)
(-0.0300589 -0.0268087 0.186123)
(-0.00660746 -0.0244503 0.143479)
(-0.0423732 -0.00563861 0.0280876)
(0.0297799 -0.0165603 0.0758753)
(-0.0142593 -0.0115916 0.0524988)
(-0.0314364 -0.0105768 0.0729052)
(-0.0307867 -0.00536974 0.0546491)
(-0.0196678 -0.0323996 0.0440816)
(0.0200459 -0.00524108 0.14529)
(-0.0459532 -0.00957684 0.187144)
(0.00710388 -0.00768965 0.116438)
(0.0159121 -0.0126414 0.154286)
(-0.00197303 -0.00770662 0.0149491)
(-0.0241466 -0.0391258 0.0271383)
(-0.00319255 -0.00542014 0.174036)
(0.00791964 -0.0462208 0.0756073)
(-0.0418463 -0.00967491 0.0830677)
(0.0204204 -0.0272999 0.151383)
(0.0119129 -0.020658 0.190403)
(-0.0172682 -0.0370238 0.0679949)
(0.0304223 -0.0354716 0.0706747)
(-0.0205628 -0.0417051 0.131589)
(0.0320235 -0.00551138 0.054412)
(0.00308956 -0.00528766 0.180562)
(-0.0462866 -0.00952123 0.0961019)
(-0.00560665 -0.0373582 0.111424)
(-0.00547788 -0.0269703 0.0954075)
(-0.0323124 -0.0193727 0.0694095)
(0.0153929 -0.0257709 0.115477)
(0.00123728 -0.0408878 0.118494)
(-0.0127456 -0.0239574 0.0271789)
(-0.0116419 -0.021344 0.0687291)
(0.0283089 -0.0193264 0.0272826)
(-0.0281301 -0.0153407 0.135983)
(0.00889926 -0.00971762 0.0473089)
(0.0180081 -0.00925147 0.166012)
(0.00580295 -0.0155219 0.141005)
(-0.0218208 -0.00972787 0.146841)
(0.0355866 -0.0134926 0.175256)
(0.0354445 -0.0143139 0.128166)
(0.0318367 -0.0188266 0.104376)
(-0.043262 -0.00523909 0.107036)
(-0.0361917 -0.0218788 0.03533)
(-0.0210371 -0.00525161 0.0621491)
(-0.0311969 -0.0293193 0.0999694)
(0.0217645 -0.0210013 0.0515925)
(-0.0417844 -0.0121328 0.0701502)
(0.00141429 -0.0135962 0.149628)
(0.032888 -0.00523687 0.184847)
(0.0203467 -0.00525575 0.169566)
(-0.00440138 -0.021226 0.112662)
(0.00733699 -0.0456016 0.137216)
(0.0381831 -0.00535883 0.084573)
(0.0340437 -0.0321185 0.100105)
(0.0151712 -0.0160079 0.154317)
(0.0264028 -0.011904 0.0747498)
(-0.0270787 -0.0313942 0.137893)
(-0.0345206 -0.0294264 0.188467)
(0.0198115 -0.0121916 0.0267054)
(-0.00128056 -0.00891425 0.197083)
(-0.037245 -0.028315 0.0491581)
(-0.0307012 -0.0155414 0.0295543)
(-0.0275376 -0.00524588 0.0289121)
(-0.0360332 -0.00530708 0.00694706)
(0.0279706 -0.0100381 0.0639499)
(-0.0330407 -0.0125278 0.109594)
(0.0376327 -0.027949 0.112972)
(0.0196538 -0.0330438 0.0328573)
(0.0235575 -0.0125927 0.0374566)
(-0.0362468 -0.0299962 0.0682082)
(0.0212794 -0.0289238 0.0237578)
(-0.0300186 -0.0360062 0.0612817)
(0.0379014 -0.0184007 0.116016)
(0.00661822 -0.0225853 0.164061)
(-0.0382145 -0.00557412 0.0185811)
(0.0174299 -0.0267242 0.0650061)
(-0.0105341 -0.0393982 0.0751746)
(0.0266894 -0.00546645 0.158884)
(-0.0135562 -0.0189544 0.158683)
(-0.0374916 -0.0112494 0.127231)
(-0.0378218 -0.0263666 0.0195383)
(0.0464319 -0.00864917 0.147669)
(-0.0141178 -0.00986879 0.161936)
(0.0460174 -0.00956702 0.129713)
(0.0166021 -0.00559198 0.0345107)
(-0.0171257 -0.0108669 0.0792266)
(-0.0420923 -0.0132019 0.0830184)
(-0.0268556 -0.0143971 0.0825153)
(0.0161063 -0.0166563 0.148149)
(-0.0429011 -0.0053824 0.196914)
(-0.0448039 -0.0142117 0.186166)
(0.0211692 -0.0417515 0.084769)
(0.00942894 -0.0140853 0.106569)
(-0.00956008 -0.0402555 0.123528)
(-0.037017 -0.0280857 0.0710932)
(-0.0463036 -0.0083729 0.0827341)
(-0.0467058 -0.005224 0.0386894)
(0.00117142 -0.0326462 0.111497)
(0.0374101 -0.00895371 0.0395471)
(-0.0360778 -0.0276484 0.0056623)
(-0.004966 -0.00951039 0.0984975)
(0.0248562 -0.0209097 0.0636649)
(0.032445 -0.0338129 0.117677)
(0.0311684 -0.00930382 0.106441)
(0.0139262 -0.0315864 0.0774042)
(0.00790688 -0.0456829 0.149676)
(0.0466812 -0.00554605 0.123252)
(-0.0270905 -0.0253606 0.111618)
(0.0205028 -0.0250578 0.00378803)
(-0.026718 -0.0147119 0.174781)
(-0.0274958 -0.0149288 0.00316698)
(-0.0306365 -0.0087403 0.0261656)
(-0.0460969 -0.00941997 0.0595707)
(0.032796 -0.00960224 0.155394)
(0.0261967 -0.00539994 0.0804965)
(-0.0230801 -0.0250546 0.0371613)
(0.0339445 -0.0116925 0.0633303)
(0.00889082 -0.041601 0.0646835)
(0.043614 -0.00528588 0.0462248)
(-0.0050316 -0.016696 0.0667795)
(0.0288698 -0.030939 0.0781784)
(-0.000570895 -0.0133619 0.165857)
(-0.017453 -0.0312411 0.048571)
(0.0290332 -0.0173424 0.0723251)
(0.00554043 -0.0325349 0.166572)
(0.0428021 -0.00558013 0.130496)
(-0.0218397 -0.00548877 0.0758618)
(-0.00080578 -0.0411244 0.0259133)
(0.0102199 -0.0150527 0.159375)
(-0.0217181 -0.00923458 0.0395743)
(-0.0133893 -0.0265347 0.105339)
(-0.0405541 -0.0131505 0.101189)
(0.0385175 -0.0265839 0.0764971)
(-0.0199408 -0.0377133 0.122759)
(-0.00515356 -0.0218392 0.105763)
(-0.0337564 -0.00910913 0.0933614)
(-0.022864 -0.0408046 0.06711)
(-0.0289541 -0.0272658 0.0805617)
(-0.033152 -0.0330136 0.0718878)
(-0.00754124 -0.0194838 0.191901)
(0.044055 -0.0162672 0.112454)
(-0.0150425 -0.00933822 0.115105)
(-0.00755999 -0.00531751 0.189817)
(-0.000630663 -0.0233703 0.0118939)
(-0.0107424 -0.0379367 0.0341559)
(0.00856861 -0.00973351 0.130182)
(0.0235908 -0.014462 0.105075)
(0.00977357 -0.00523634 0.120792)
(-0.021078 -0.0205959 0.120078)
(-0.0105407 -0.0157036 0.0189192)
(0.032919 -0.0329088 0.0834705)
(-0.0459369 -0.00902405 0.0244593)
(-0.019713 -0.0173732 0.11219)
(-0.0231742 -0.00840685 0.0362975)
(-0.0332928 -0.0177338 0.122807)
(-0.0162358 -0.038963 0.0366288)
(0.0229612 -0.00919896 0.0498927)
(0.02992 -0.0258682 0.101428)
(0.0324805 -0.0336136 0.0936687)
(0.0262268 -0.0335807 0.105847)
(0.00769478 -0.0052017 0.0916513)
(0.0320914 -0.0283447 0.132632)
(-0.0399294 -0.0174456 0.086618)
(-0.0117502 -0.0113297 0.130966)
(-0.0029787 -0.0105194 0.0252176)
(-0.0354909 -0.0289824 0.0232768)
(-0.0124215 -0.0281121 0.196266)
(-0.0201316 -0.0410803 0.113589)
(-0.0135372 -0.0407984 0.0596153)
(0.0280075 -0.0155525 0.0660112)
(-0.0117212 -0.0318649 0.00429698)
(-0.0305956 -0.0270073 0.177786)
(0.0160387 -0.0251389 0.190751)
(0.0157545 -0.0316356 0.0914195)
(0.0288227 -0.0133042 0.176409)
(-0.0325099 -0.00554793 0.159109)
(0.0121551 -0.0187575 0.0605758)
(0.00760735 -0.0217805 0.150933)
(-0.0229819 -0.00513106 0.0675539)
(0.0170201 -0.0159398 0.00984662)
(0.0204705 -0.0245212 0.146546)
(-0.0220654 -0.0320667 0.108523)
(-0.0268548 -0.0339233 0.0994694)
(-0.0200081 -0.019979 0.0901455)
(-0.0354627 -0.0297671 0.149862)
(-0.00645945 -0.0208109 0.116368)
(-0.0138238 -0.018009 0.154918)
(-0.0236857 -0.00519581 0.131769)
(-0.0188077 -0.0145179 0.0193999)
(-0.0249053 -0.0132451 0.0158487)
(-0.033921 -0.0256464 0.0830271)
(-0.00102115 -0.0463517 0.0425338)
(-0.000907778 -0.0145661 0.13042)
(-0.0073613 -0.0210679 0.0978875)
(0.0303684 -0.0207788 0.0988874)
(-0.035121 -0.0101674 0.0792737)
(-0.0014902 -0.0269772 0.122964)
(0.00445291 -0.0182262 0.0198296)
(0.000260699 -0.00921663 0.193279)
(0.0357185 -0.009373 0.0507863)
(-0.0293784 -0.00549487 0.105501)
(-0.0200733 -0.00556434 0.141922)
(-0.00928836 -0.0414979 0.111628)
(-0.00616272 -0.0422038 0.0973536)
(0.0216478 -0.0364139 0.133437)
(-0.00119567 -0.005221 0.109319)
(-0.0365051 -0.0206867 0.0170458)
(-0.0253437 -0.00980437 0.153901)
(-0.0320915 -0.0259899 0.0437225)
(-0.0271771 -0.0217624 0.0524125)
(0.00140315 -0.0186364 0.163182)
(-0.0107764 -0.0241613 0.166516)
(0.0295339 -0.0231865 0.112173)
(-0.0281774 -0.0356884 0.185467)
(0.0439571 -0.014904 0.018066)
(-0.019077 -0.0191801 0.133615)
(-0.0052603 -0.027009 0.0725215)
(0.00202002 -0.0146424 0.196408)
(0.014758 -0.0147436 0.056248)
(0.0223907 -0.0219094 0.134603)
(0.0436814 -0.00531675 0.0993253)
(-0.00947902 -0.022434 0.148158)
(-0.0390642 -0.0140161 0.119035)
(-0.0329663 -0.0327091 0.041257)
(0.00811466 -0.0240416 0.0410919)
(-0.0229509 -0.0182775 0.124006)
(0.0170405 -0.0217943 0.118402)
(-0.00351777 -0.0356902 0.113654)
(-0.0397019 -0.00870174 0.102339)
(0.00494474 -0.0136638 0.0665762)
(0.0365701 -0.0203793 0.0684619)
(0.0225793 -0.0278863 0.0322396)
(-0.0088583 -0.0201985 0.127107)
(-0.0233659 -0.00867732 0.111723)
(0.0369422 -0.0287095 0.0872817)
(0.0146195 -0.0219362 0.164468)
(-0.00189093 -0.0252337 0.00690654)
(-0.0206651 -0.00515123 0.0127886)
(-0.00208846 -0.0460841 0.0731116)
(-0.0395434 -0.00856403 0.0649688)
(0.00296025 -0.0203166 0.0974263)
(0.0229193 -0.00848974 0.0146694)
(0.0174914 -0.0240979 0.0748259)
(0.0359779 -0.00518604 0.0924376)
(-0.0319507 -0.0220179 0.0921869)
(-0.0094261 -0.0358961 0.0504735)
(0.00534974 -0.0423336 0.0900829)
(-0.0299102 -0.0357492 0.122955)
(0.0425296 -0.0196109 0.0945367)
(0.0298822 -0.013152 0.161442)
(-0.00834938 -0.0156409 0.186135)
(-0.00219752 -0.00516218 0.0556314)
(-0.00255088 -0.00518416 0.061592)
(-0.0132615 -0.00526859 0.0338608)
(-0.0179951 -0.0296796 0.0207837)
(-0.0200025 -0.0418976 0.103172)
(0.0192553 -0.0146933 0.00340929)
(-0.00972546 -0.00551693 0.0192578)
(0.036705 -0.00880332 0.115202)
(0.0102212 -0.0201689 0.115736)
(-0.0327206 -0.0146922 0.0255492)
(0.00424086 -0.00864003 0.197242)
(0.000978899 -0.046632 0.0875634)
(-0.0147231 -0.0406191 0.133029)
(0.00255845 -0.0260127 0.109624)
(-0.00987641 -0.00861888 0.167751)
(0.0156888 -0.00882501 0.170332)
(0.00237203 -0.0119418 0.143919)
(0.0102059 -0.0103515 0.143653)
(0.019692 -0.0161717 0.092808)
(-0.039428 -0.0153279 0.133826)
(0.0276322 -0.00783068 0.0940902)
(-0.0274004 -0.0364109 0.0195007)
(-0.0427173 -0.00541329 0.160811)
(0.0466005 -0.00555371 0.168102)
(-0.0240274 -0.0161448 0.0904671)
(-0.020069 -0.0143098 0.155325)
(-0.0417054 -0.0218325 0.0918298)
(0.00764854 -0.00912723 0.137292)
(-0.00590139 -0.0232606 0.0382021)
(0.000263031 -0.00528218 0.0360979)
(-0.00952611 -0.00527336 0.0303984)
(-0.0119626 -0.0162632 0.034443)
(0.0242189 -0.00522094 0.0913074)
(0.00867593 -0.00820152 0.0705803)
(-0.0267001 -0.0106457 0.186787)
(0.0273042 -0.00537644 0.135045)
(-0.0264702 -0.00830531 0.114938)
(0.0198512 -0.0179993 0.15611)
(0.0413298 -0.0220555 0.13092)
(0.00954786 -0.0232129 0.176131)
(0.0114113 -0.0366362 0.131041)
(0.00615845 -0.0245751 0.14088)
(-0.0111712 -0.0177396 0.142169)
(0.0464956 -0.0051336 0.101456)
(0.0310854 -0.0174881 0.19642)
(-0.0215071 -0.0123944 0.0750237)
(-5.79471e-05 -0.0116219 0.0335099)
(0.00905335 -0.0407434 0.170258)
(0.0402275 -0.0119491 0.0388888)
(-0.0153044 -0.0160802 0.16439)
(0.0173527 -0.0103881 0.0249818)
(-0.0331107 -0.019793 0.150094)
(-0.00973845 -0.00529824 0.104636)
(0.0151855 -0.0230994 0.0539793)
(0.0274701 -0.0310198 0.0310076)
(-0.0294256 -0.0124074 0.047543)
(0.0105196 -0.00509329 0.188101)
(-0.015542 -0.0319645 0.140591)
(0.0430836 -0.00511563 0.0835421)
(-0.00333426 -0.0152138 0.103264)
(-0.0422741 -0.0120892 0.167845)
(0.0287186 -0.00520534 0.0138978)
(0.000740966 -0.0406359 0.187174)
(0.0118436 -0.0211322 0.145803)
(0.00522631 -0.0123613 0.173905)
(-0.0117446 -0.00851561 0.0341431)
(-0.0240201 -0.00853403 0.170414)
(0.00656858 -0.00518693 0.0660359)
(-0.0330125 -0.00911368 0.117824)
(-0.0407629 -0.00920853 0.00671521)
(0.0129287 -0.0142971 0.196653)
(0.0245174 -0.0147201 0.178279)
(0.0434541 -0.00527158 0.0949136)
(-0.0077877 -0.0456113 0.0422444)
(0.0100977 -0.012865 0.0999556)
(0.0436284 -0.00522894 0.0547218)
(0.012668 -0.0434092 0.00429949)
(0.0280408 -0.00531666 0.0649072)
(-0.0193449 -0.0228192 0.0170874)
(-0.0445004 -0.0142738 0.18184)
(-0.0447153 -0.0102247 0.0395419)
(-0.00778527 -0.00518525 0.0552851)
(-0.0130473 -0.0123192 0.157129)
(0.0255701 -0.0315678 0.0261476)
(-0.0460668 -0.00873614 0.112743)
(0.0433818 -0.0052409 0.156037)
(-0.0316435 -0.023335 0.168572)
(0.0154004 -0.0118319 0.134017)
(-0.00383646 -0.0258881 0.10615)
(-0.00755909 -0.00833296 0.0361951)
(0.0275066 -0.0101993 0.134469)
(0.0335926 -0.0318528 0.161717)
(0.00150063 -0.00872567 0.190398)
(0.0267436 -0.0228224 0.00785432)
(-0.000232746 -0.0349376 0.0252462)
(0.0146675 -0.00888322 0.180992)
(0.0201479 -0.0258674 0.0455899)
(-0.0268242 -0.0309447 0.0501172)
(0.0267561 -0.0380784 0.0254052)
(0.0248583 -0.0326331 0.167477)
(-0.0355278 -0.0305697 0.120156)
(0.0307031 -0.0257905 0.0849933)
(-0.00587327 -0.0461503 0.0986027)
(-0.00860566 -0.0205667 0.00374216)
(-0.0118768 -0.0352068 0.115001)
(0.0340753 -0.00559506 0.0296977)
(-0.0434667 -0.011004 0.142106)
(0.0066442 -0.0124842 0.162063)
(-0.00581778 -0.00526942 0.0235134)
(0.0105746 -0.0176499 0.0939035)
(-0.0117883 -0.0156762 0.16038)
(-0.0109996 -0.0281177 0.141608)
(-0.0120925 -0.0147495 0.0865758)
(0.0306475 -0.0351436 0.100888)
(0.0209695 -0.0350622 0.0286996)
(0.035925 -0.00522397 0.175662)
(0.0155405 -0.0436951 0.0529537)
(0.0270196 -0.0384083 0.0900481)
(0.0392024 -0.0234365 0.0245008)
(-0.0316931 -0.00536243 0.141629)
(-0.0191006 -0.00547392 0.126451)
(-0.040661 -0.0233159 0.0655404)
(0.022374 -0.0276982 0.0910974)
(-0.0218972 -0.0090908 0.184693)
(0.0440499 -0.0153109 0.0350514)
(0.00295651 -0.0442344 0.189809)
(0.00344072 -0.0414519 0.0789943)
(0.00265716 -0.0282978 0.155776)
(-0.0170597 -0.0426827 0.0345398)
(0.0225438 -0.014582 0.125161)
(0.00930099 -0.00913774 0.168927)
(-0.020262 -0.00854213 0.0541847)
(0.0338414 -0.020738 0.165636)
(0.0242041 -0.0207088 0.0546192)
(-0.0246322 -0.00519834 0.0096506)
(0.0149626 -0.00529933 0.0429872)
(0.00882798 -0.0363071 0.124388)
(-0.00393192 -0.00903496 0.176529)
(0.0426392 -0.019707 0.136063)
(-0.0167676 -0.0164159 0.0620336)
(0.0439352 -0.0157655 0.142271)
(-0.00874943 -0.0227662 0.106627)
(-0.0220191 -0.00525237 0.153981)
(0.0142888 -0.02252 0.00869417)
(-0.0393023 -0.0135715 0.162706)
(0.0116964 -0.0392185 0.0434503)
(0.0390406 -0.0255712 0.0804023)
(-0.0397344 -0.0234433 0.160105)
(0.0444342 -0.0149252 0.0823721)
(0.0402258 -0.0123177 0.0511406)
(0.041521 -0.0118969 0.0129958)
(-0.0264495 -0.0161927 0.149422)
(0.0348746 -0.00980564 0.00843982)
(-0.0285244 -0.00874904 0.0233282)
(-0.0358256 -0.00516448 0.18261)
(-0.0465405 -0.005506 0.0583503)
(0.0346528 -0.017605 0.128417)
(0.00695332 -0.016092 0.016183)
(0.0177361 -0.00854992 0.110047)
(-0.0077005 -0.0457468 0.142)
(0.0105847 -0.00968036 0.0234098)
(-0.0213896 -0.0270464 0.0958194)
(-0.00284809 -0.0152619 0.0240611)
(0.00194138 -0.0323365 0.173712)
(-0.040233 -0.0242995 0.123496)
(0.00968348 -0.00932699 0.188143)
(0.0158001 -0.0432071 0.0102644)
(-0.00640118 -0.0101772 0.141315)
(-0.0207475 -0.0412072 0.0518111)
(0.00365117 -0.0176845 0.149166)
(-0.000884134 -0.0462052 0.0265588)
(0.0315671 -0.00877579 0.123971)
(0.00361415 -0.0411584 0.151243)
(-0.012709 -0.0394693 0.145025)
(-0.020577 -0.0143505 0.0877225)
(-0.00848951 -0.00939542 0.149012)
(-0.000964504 -0.0345158 0.0525407)
(-0.0232404 -0.013525 0.162602)
(0.0430427 -0.00509385 0.0685922)
(-0.0358116 -0.0288607 0.015993)
(0.0106681 -0.0317648 0.148025)
(-0.0269628 -0.00868441 0.0707474)
(-0.0189285 -0.00520489 0.196247)
(-0.0131701 -0.00917739 0.0296111)
(0.0176522 -0.0168137 0.107573)
(0.0073269 -0.0240591 0.0279924)
(-0.0120451 -0.0357045 0.0854452)
(0.000524004 -0.00517605 0.0541383)
(0.0276166 -0.0311446 0.0511182)
(0.00260774 -0.0208985 0.0715972)
(-0.0242477 -0.0205436 0.163493)
(-0.00448409 -0.00991868 0.16206)
(-0.00372376 -0.0285412 0.0441778)
(0.00487649 -0.0353018 0.0385566)
(-0.0314527 -0.0339532 0.155471)
(0.0250115 -0.0335175 0.140293)
(-0.0183635 -0.0383841 0.0997849)
(-0.015055 -0.0147032 0.0180278)
(0.0311915 -0.0336223 0.173431)
(0.00256691 -0.023131 0.0238664)
(-0.0247697 -0.00525855 0.0453127)
(0.0115394 -0.00922703 0.0409368)
(-0.00512866 -0.0260966 0.19569)
(-0.00981282 -0.0333193 0.19606)
(-0.00303939 -0.0136377 0.183208)
(0.0436476 -0.0102823 0.0922954)
(0.0198378 -0.022754 0.184608)
(-0.0382344 -0.0052504 0.160324)
(0.00954177 -0.0448077 0.0318322)
(-0.038689 -0.0186381 0.137558)
(-6.57434e-05 -0.00525597 0.162159)
(0.0460076 -0.00979287 0.0650171)
(0.00885974 -0.00526778 0.112188)
(0.0324011 -0.00942751 0.0722075)
(-0.0213176 -0.0102109 0.100134)
(0.00253058 -0.00889922 0.171154)
(0.0187179 -0.0157671 0.132523)
(0.0418036 -0.00937382 0.178071)
(-0.000909279 -0.00509498 0.0110264)
(-0.0139625 -0.0190263 0.00787878)
(-0.00150963 -0.0100898 0.0384659)
(-0.0185636 -0.00516621 0.0300243)
(-0.0316933 -0.0345819 0.099884)
(-0.0247194 -0.0177093 0.13854)
(0.00734305 -0.0273268 0.0354543)
(0.0130912 -0.0349518 0.0681858)
(0.00678472 -0.0368005 0.0704738)
(-0.0151759 -0.00544505 0.0414055)
(0.0164831 -0.0262628 0.0180104)
(0.0425617 -0.0053024 0.140496)
(0.00593679 -0.045848 0.130199)
(0.00636724 -0.0173059 0.153607)
(0.0156741 -0.0243873 0.0834657)
(0.0249433 -0.0243539 0.0249194)
(0.0330002 -0.011538 0.0196255)
(0.0380234 -0.0261135 0.175568)
(0.000458196 -0.0289412 0.129101)
(-0.0321629 -0.0161645 0.0848176)
(0.0353158 -0.00874061 0.0756073)
(-0.0170312 -0.0201813 0.108895)
(-0.0188058 -0.0181526 0.157836)
(-0.00685064 -0.00784559 0.0525308)
(0.00169272 -0.0329206 0.106307)
(-0.0220104 -0.0277192 0.117981)
(0.00917296 -0.0139924 0.123501)
(-0.0467559 -0.00563586 0.187028)
(-0.0175218 -0.00888983 0.0646971)
(0.0381449 -0.0087496 0.155703)
(-0.0269249 -0.0325855 0.125397)
(0.0200433 -0.00517396 0.135682)
(-0.0185185 -0.0171191 0.0800872)
(0.0381329 -0.0147464 0.145788)
(0.0155623 -0.0125524 0.00327833)
(0.00321019 -0.0387295 0.0240675)
(-0.0237737 -0.0352759 0.0873144)
(-0.0212597 -0.00828056 0.153562)
(0.0180809 -0.0200537 0.13731)
(0.0158462 -0.0308361 0.0212872)
(-0.00708502 -0.0457262 0.161736)
(-0.0244957 -0.0279788 0.0989819)
(-0.0307234 -0.0102343 0.0418573)
(0.0171202 -0.0260152 0.088508)
(0.00472551 -0.025819 0.120862)
(0.0141411 -0.0192603 0.130592)
(-0.0192209 -0.0290724 0.12962)
(-0.021896 -0.0264739 0.0898044)
(0.019476 -0.0339154 0.0963398)
(-0.0231165 -0.0360633 0.123863)
(0.00212814 -0.0463519 0.123363)
(0.014522 -0.0239395 0.151282)
(-0.0189971 -0.00957712 0.170106)
(-0.0177649 -0.00543503 0.0863308)
(0.026472 -0.0170094 0.0118102)
(0.00285001 -0.00520028 0.0644086)
(0.0128177 -0.0282164 0.174184)
(0.00122626 -0.0465686 0.0682972)
(-0.0210459 -0.00518751 0.0492034)
(0.0183733 -0.00517564 0.195371)
(-0.0148262 -0.0135164 0.0804615)
(-0.041353 -0.00751082 0.0508482)
(-0.0239456 -0.0228982 0.0515632)
(-0.0350387 -0.00812496 0.196936)
(-0.0363203 -0.0220642 0.125106)
(0.0223095 -0.0178439 0.0994893)
(-0.0153285 -0.00985613 0.18052)
(0.0105097 -0.00551318 0.00731825)
(-0.0361252 -0.0292032 0.160979)
(-0.016835 -0.0265568 0.134318)
(0.00511755 -0.0352787 0.0635828)
(-0.0194969 -0.0256839 0.0794472)
(0.0266558 -0.0143713 0.051029)
(0.013159 -0.0318047 0.105214)
(-0.0360576 -0.0207753 0.169479)
(0.00412725 -0.00930253 0.157928)
(0.0114357 -0.0268619 0.143009)
(-0.0250607 -0.0197733 0.110409)
(0.0261639 -0.00535274 0.00278311)
(0.0324816 -0.00517082 0.107529)
(-0.0108873 -0.00925447 0.0965937)
(-0.0186952 -0.0190528 0.174875)
(-0.0457423 -0.00511769 0.112062)
(0.0423314 -0.00558664 0.189637)
(-0.0448358 -0.0141998 0.0845758)
(0.0173677 -0.0425305 0.150452)
(0.00971592 -0.00932733 0.0823114)
(-0.0367533 -0.0194446 0.0765633)
(-0.0216036 -0.0227057 0.18524)
(0.0204929 -0.0138617 0.141322)
(0.00546016 -0.0088429 0.0208084)
(-0.0240197 -0.00893117 0.107884)
(-0.000808573 -0.0182188 0.116942)
(-0.0406074 -0.0228762 0.132975)
(-0.0114583 -0.00530268 0.115075)
(0.0313763 -0.00825696 0.135583)
(-0.0292863 -0.025772 0.102393)
(0.0167288 -0.0339725 0.0452129)
(0.00720739 -0.00524559 0.0294787)
(-0.0140619 -0.0243614 0.191972)
(0.0240045 -0.0297551 0.00448011)
(0.00331017 -0.0218095 0.105331)
(-0.030257 -0.00879104 0.153579)
(-0.0221873 -0.0357688 0.138492)
(0.0196749 -0.00518062 0.126977)
(0.00361935 -0.0351371 0.178966)
(0.0323478 -0.022348 0.133272)
(0.00809721 -0.0098054 0.172546)
(-0.0198337 -0.0305773 0.0872775)
(-0.0208511 -0.0327098 0.0968566)
(-0.0180308 -0.029639 0.14664)
(0.0025137 -0.0406036 0.179511)
(0.00681394 -0.0334296 0.190764)
(0.0259336 -0.0225457 0.148842)
(0.00198889 -0.00542443 0.129876)
(0.0408152 -0.00524924 0.0309663)
(0.0433453 -0.0118061 0.180381)
(-0.0252861 -0.0352637 0.0675393)
(0.0229532 -0.0408816 0.102299)
(0.044721 -0.0146546 0.0856289)
(0.0152971 -0.0162993 0.0925586)
(0.0080556 -0.0138765 0.0225619)
(-0.00597491 -0.0124664 0.124741)
(0.00897017 -0.0212534 0.0531716)
(0.00512982 -0.00516013 0.128331)
(-0.0301639 -0.00954212 0.149501)
(-0.046824 -0.0054432 0.0716564)
(-0.0120779 -0.0241969 0.182498)
(-0.0463261 -0.00868473 0.00818896)
(-0.010731 -0.0406795 0.108099)
(-0.00101191 -0.0345972 0.0107629)
(-0.0265573 -0.00542576 0.0130852)
(-0.0335515 -0.00887561 0.0139885)
(-0.00940445 -0.00970059 0.122704)
(-0.0249128 -0.0054919 0.0237033)
(-0.0105516 -0.0148826 0.0430776)
(-0.0105475 -0.0205281 0.0842212)
(-0.0363905 -0.00530292 0.12655)
(0.00691262 -0.0157298 0.196752)
(-0.0468739 -0.00533549 0.160812)
(0.0375475 -0.0165116 0.108146)
(-0.00955722 -0.0455919 0.0859793)
(-0.00683613 -0.0125143 0.157007)
(0.00356444 -0.0379019 0.0848724)
(0.0348634 -0.00897584 0.0982275)
(0.0152955 -0.00990962 0.174028)
(1.8678e-05 -0.0103658 0.0419987)
(-0.0150655 -0.0256501 0.125364)
(0.00563414 -0.0285588 0.00446751)
(0.0381451 -0.00523881 0.154841)
(-0.0252151 -0.0274464 0.116787)
(0.00728206 -0.032699 0.162862)
(0.0347179 -0.00554365 0.122621)
(-0.00972854 -0.00845475 0.154781)
(-0.00113661 -0.0368556 0.136693)
(-0.0242308 -0.020101 0.135921)
(0.0380339 -0.0126857 0.013881)
(-0.000649547 -0.0181902 0.00399974)
(-0.0164777 -0.0265359 0.00996769)
(-0.0197888 -0.0111532 0.041437)
(-0.0383216 -0.00962422 0.0498505)
(-0.00343207 -0.0142991 0.142595)
(0.00102244 -0.00818927 0.104284)
(-0.0146999 -0.0385593 0.195896)
(0.0319277 -0.0159803 0.0345355)
(-0.0157554 -0.0436072 0.128264)
(0.0151771 -0.0289702 0.135043)
(0.0245377 -0.039863 0.0625433)
(-0.0139179 -0.0151943 0.060415)
(-0.0119703 -0.0236722 0.117926)
(-0.0110272 -0.0294969 0.148276)
(0.0116466 -0.0266835 0.165096)
(-0.0338189 -0.0192451 0.049625)
(-0.0295142 -0.0262852 0.00400841)
(-0.033219 -0.0257044 0.0249874)
(-0.00542143 -0.0459989 0.0306182)
(-0.0372633 -0.0205737 0.101153)
(-0.0273244 -0.0217142 0.0958361)
(0.0117875 -0.00546842 0.0491826)
(0.0135588 -0.0102115 0.0576594)
(0.038323 -0.0195911 0.0774925)
(0.0122234 -0.0187505 0.178744)
(0.0238545 -0.0225012 0.178853)
(-0.00260917 -0.00521243 0.0202404)
(0.00755002 -0.00544024 0.0336927)
(-0.0279135 -0.0374147 0.127679)
(0.00920299 -0.0100373 0.00628659)
(-0.0373142 -0.0106004 0.135441)
(0.0304874 -0.0102644 0.101312)
(-0.00606361 -0.041263 0.0907768)
(-0.0332367 -0.0275941 0.12468)
(-0.0462221 -0.00837923 0.0326431)
(-0.0241622 -0.00969058 0.190658)
(-0.0319435 -0.0113154 0.0984774)
(-0.0296616 -0.0110088 0.0964168)
(-0.0255374 -0.0259444 0.127126)
(-0.0306484 -0.0174132 0.00353804)
(-0.0227408 -0.00776337 0.133375)
(-0.0413513 -0.0209304 0.179601)
(0.0123141 -0.0347732 0.0556327)
(-0.0075325 -0.00870494 0.11984)
(-0.0211191 -0.00511302 0.145297)
(-0.0348828 -0.0139658 0.071092)
(0.0114555 -0.0205234 0.0423246)
(-0.00640932 -0.0358391 0.0237266)
(0.0151029 -0.0101441 0.06149)
(-0.00949463 -0.0300174 0.116302)
(0.0375588 -0.0195849 0.0558685)
(-0.0103392 -0.0406271 0.0812657)
(0.039158 -0.00881524 0.100648)
(-0.00226314 -0.00854912 0.141317)
(-0.0110907 -0.0306884 0.0901279)
(0.0267274 -0.00854728 0.160782)
(0.0146455 -0.0443077 0.0683186)
(-0.0175158 -0.0372625 0.149765)
(0.0410579 -0.0232947 0.102052)
(0.00907699 -0.0298836 0.177392)
(0.00590846 -0.0126925 0.00321037)
(0.00226599 -0.0159161 0.110955)
(-0.0322243 -0.0117179 0.0123474)
(-0.0302201 -0.0141435 0.0133714)
(0.0301793 -0.0226482 0.136641)
(-0.00906817 -0.0215348 0.110442)
(0.0237381 -0.00521037 0.0854017)
(-0.018599 -0.00518643 0.0183379)
(-0.00742416 -0.0340865 0.014848)
(-0.0333134 -0.0050438 0.0734564)
(0.0192964 -0.013643 0.0417855)
(-0.00638382 -0.0213505 0.158829)
(-0.0193758 -0.0325262 0.0925533)
(-0.016161 -0.00539919 0.0685292)
(0.0457423 -0.0118154 0.0364696)
(-0.0210809 -0.0355032 0.0142499)
(0.0086323 -0.0228747 0.11419)
(-0.00048833 -0.00524206 0.150551)
(0.0253719 -0.0135209 0.113672)
(-0.0151082 -0.00944986 0.167161)
(-0.0045907 -0.00959832 0.0357867)
(-0.0241564 -0.0291787 0.109365)
(0.0382126 -0.00942556 0.119842)
(-0.0130733 -0.0135681 0.0665409)
(-0.00145137 -0.0325946 0.124126)
(0.0330544 -0.00519524 0.0393479)
(0.0147734 -0.0405758 0.0824542)
(0.046032 -0.00893778 0.142712)
(0.0263435 -0.00530141 0.110933)
(0.0213407 -0.0128226 0.132567)
(0.0184784 -0.0414839 0.187487)
(-0.0325854 -0.0141272 0.197027)
(0.0108785 -0.0054948 0.106923)
(-0.0274967 -0.0327134 0.0911652)
(0.0316267 -0.0294919 0.0888274)
(-0.0289389 -0.0244138 0.0425322)
(-0.00424005 -0.0405047 0.175504)
(-0.0326005 -0.0152059 0.160072)
(-0.015609 -0.0182875 0.0354652)
(0.0298436 -0.0184925 0.110332)
(-0.00617978 -0.0188583 0.0756435)
(-0.0414718 -0.00533338 0.0455311)
(-0.020013 -0.0237836 0.101359)
(-0.0242998 -0.0210517 0.169918)
(0.0232159 -0.0170931 0.170228)
(0.0363544 -0.0189468 0.180574)
(-0.0236841 -0.0310694 0.0930689)
(-0.0288688 -0.0104803 0.0905433)
(-0.0442828 -0.0163078 0.117691)
(-0.0319052 -0.0190433 0.0564014)
(0.0258134 -0.00510508 0.0124269)
(0.00287166 -0.0465611 0.0718856)
(-0.0382784 -0.00535003 0.132459)
(-0.0188986 -0.0215761 0.158996)
(0.0268023 -0.037974 0.128571)
(0.0140207 -0.00852468 0.193283)
(0.0388904 -0.00892674 0.167836)
(-0.0015191 -0.0152472 0.037211)
(-0.0161144 -0.0401699 0.0820931)
(0.00648794 -0.0426955 0.0864835)
(0.00684548 -0.0103312 0.0851587)
(-0.0179205 -0.0345581 0.113795)
(0.0292835 -0.0308814 0.0649562)
(0.0155399 -0.010055 0.116763)
(0.0329482 -0.0229376 0.171474)
(0.0361379 -0.021065 0.172813)
(0.0159219 -0.0348319 0.138181)
(0.0257032 -0.0333817 0.101694)
(0.0283387 -0.0325258 0.181242)
(0.0113024 -0.039266 0.0139972)
(-0.0105556 -0.0147886 0.0397029)
(0.0235958 -0.0140896 0.0779312)
(0.0157326 -0.0343798 0.0400163)
(-0.0331483 -0.0194565 0.114785)
(0.0028876 -0.0101451 0.116088)
(-0.0258901 -0.00529338 0.114883)
(-0.0310228 -0.00528498 0.0489407)
(-0.0172611 -0.0382923 0.177762)
(-0.0289115 -0.0110221 0.00270265)
(-0.0197907 -0.035419 0.154962)
(-0.0461985 -0.009713 0.163458)
(-0.00854274 -0.0169653 0.107426)
(-0.0206856 -0.0236926 0.134644)
(0.0333894 -0.0159902 0.117303)
(0.0262677 -0.0158624 0.071222)
(-0.0384858 -0.00542767 0.0247362)
(0.011151 -0.0128737 0.145538)
(0.000383003 -0.0136648 0.0529444)
(0.0237784 -0.0342254 0.126634)
(-0.0324413 -0.0324053 0.00986831)
(0.0181129 -0.00526601 0.150474)
(-0.0207101 -0.00516995 0.162141)
(0.0375552 -0.0155834 0.0967926)
(-0.00486758 -0.00551096 0.0316261)
(-0.0396556 -0.0122568 0.0115306)
(-0.00861129 -0.0151815 0.0580084)
(0.0147196 -0.0186896 0.151489)
(-0.0231728 -0.036571 0.0613176)
(-0.0373975 -0.0220564 0.186395)
(-0.00676129 -0.00922115 0.0800287)
(-0.0258243 -0.028159 0.195956)
(-0.00643817 -0.0237519 0.165568)
(0.0462056 -0.00904853 0.175264)
(-0.000264709 -0.022367 0.0645209)
(5.92332e-05 -0.0151353 0.0871051)
(-0.0237485 -0.00833091 0.0505751)
(0.0358051 -0.00516716 0.182842)
(0.00201262 -0.0223518 0.157109)
(-0.00880399 -0.0251844 0.0251868)
(-0.0266171 -0.0137936 0.0683239)
(0.0208528 -0.0278148 0.079134)
(0.0374464 -0.00548645 0.17831)
(0.00783152 -0.0181436 0.0320273)
(-0.0140195 -0.0436903 0.159626)
(-0.00433398 -0.005153 0.122757)
(-0.00464299 -0.022503 0.0901088)
(0.0358778 -0.00523533 0.170293)
(-0.0263684 -0.00517831 0.0166307)
(-0.0377749 -0.00536381 0.139532)
(0.0308469 -0.0115839 0.145411)
(0.046539 -0.00815911 0.111407)
(0.0241008 -0.01579 0.0977019)
(-0.0416403 -0.0205322 0.0316128)
(0.0137209 -0.0053814 0.189099)
(0.0195198 -0.0194805 0.108558)
(-0.00939294 -0.0252327 0.0689334)
(0.00713702 -0.00530504 0.0996249)
(-0.0453538 -0.011142 0.136016)
(0.0101046 -0.0147037 0.163619)
(0.0196747 -0.00508727 0.0497388)
(0.0201954 -0.0177242 0.14802)
(-0.0404826 -0.0238464 0.107239)
(-0.00637076 -0.0213106 0.139555)
(0.0395885 -0.02256 0.155399)
(-0.0213283 -0.0272944 0.00372515)
(-0.0182256 -0.0174202 0.0526995)
(-0.0150159 -0.0156327 0.0565974)
(-0.00203932 -0.00852607 0.0698605)
(0.0222393 -0.0361698 0.0819387)
(-0.00436281 -0.0114094 0.0596358)
(-0.0273822 -0.0131995 0.095818)
(0.029939 -0.0356923 0.144993)
(0.0266313 -0.0376266 0.146541)
(-0.0223503 -0.0237236 0.164675)
(0.0252412 -0.0131482 0.186718)
(0.0216503 -0.0262399 0.0675747)
(-0.000252547 -0.0414794 0.146956)
(0.000374245 -0.0302604 0.0230666)
(-0.0266919 -0.014927 0.0880937)
(-0.00210853 -0.0320517 0.178595)
(-0.0421509 -0.0200364 0.136741)
(0.00807249 -0.0300018 0.0465677)
(0.0339699 -0.015087 0.044647)
(0.0139251 -0.0133515 0.0276992)
(-0.0457949 -0.00859612 0.168171)
(0.0287918 -0.0179782 0.162343)
(-0.00308853 -0.0280423 0.0603785)
(-0.00294143 -0.0249212 0.0280552)
(0.0268016 -0.00558035 0.0468714)
(0.0434913 -0.00523155 0.178691)
(0.00706699 -0.0130118 0.128779)
(0.00396238 -0.0464323 0.0618182)
(-0.00911166 -0.0251957 0.00893897)
(0.00731634 -0.0158639 0.147947)
(0.000188574 -0.0118481 0.121953)
(-0.0342433 -0.0171858 0.146622)
(0.0422179 -0.00820179 0.0675918)
(-0.00983537 -0.00800382 0.126626)
(0.0322218 -0.0186088 0.0204392)
(-0.0318361 -0.0198284 0.0853673)
(-0.00170204 -0.0242256 0.191307)
(-0.0447903 -0.0141568 0.141253)
(-0.0132688 -0.0320923 0.0556621)
(-0.0146752 -0.0147859 0.126624)
(0.0174636 -0.0130629 0.0220983)
(0.00890757 -0.0105337 0.194275)
(-0.0198503 -0.0225629 0.147658)
(-0.0207552 -0.0288263 0.112114)
(-0.0412293 -0.0132512 0.197107)
(0.0298063 -0.00549279 0.119952)
(0.00849935 -0.0248272 0.0784753)
(-0.00241858 -0.00506224 0.0913516)
(0.00173414 -0.00512767 0.0334151)
(-0.0128529 -0.00899422 0.0626194)
(-0.0407652 -0.012324 0.142729)
(0.000186306 -0.0469756 0.109167)
(0.0230833 -0.0402169 0.117864)
(-0.0105403 -0.0289512 0.0423568)
(0.00215701 -0.00822797 0.0202453)
(-7.57251e-05 -0.0359295 0.0192069)
(0.0363368 -0.015708 0.102409)
(0.0373356 -0.00554078 0.0431689)
(-0.00482284 -0.0303089 0.123672)
(-0.0119575 -0.0359327 0.0281248)
(-0.033149 -0.00537403 0.167906)
(0.033551 -0.0267158 0.0685137)
(0.0420654 -0.0113006 0.0188383)
(-0.0209633 -0.00531605 0.0988363)
(0.0235038 -0.0400472 0.0546938)
(0.0215279 -0.0310697 0.10677)
(-0.0336499 -0.00526343 0.11671)
(0.00625863 -0.00783413 0.0491663)
(-0.0245296 -0.00933582 0.129696)
(-0.0437781 -0.0165169 0.0362143)
(-0.0218311 -0.0126808 0.0971216)
(-0.00745713 -0.0458136 0.126225)
(-0.0394737 -0.00979931 0.0697751)
(-0.0258251 -0.0227183 0.147866)
(-0.00452297 -0.00873402 0.15916)
(0.0207087 -0.00827362 0.0376263)
(0.0141382 -0.0280912 0.0775427)
(-0.0320848 -0.00554198 0.125527)
(0.0350673 -0.00537838 0.159248)
(0.0332956 -0.0052587 0.144054)
(0.00446736 -0.0094106 0.101785)
(0.00635117 -0.0302897 0.110858)
(0.0428848 -0.018562 0.0739572)
(-0.042228 -0.00549861 0.155334)
(-0.016362 -0.0132334 0.190224)
(-0.0187337 -0.0160647 0.189804)
(0.046668 -0.0056009 0.011023)
(-0.0123856 -0.0291562 0.177189)
(-0.030327 -0.00520937 0.194022)
(-0.00484969 -0.0115592 0.0161009)
(-0.0119327 -0.0053077 0.150772)
(0.0365578 -0.0288794 0.0489443)
(0.0328469 -0.00888261 0.00289927)
(-0.00469181 -0.0311734 0.0665544)
(0.0022528 -0.0232944 0.0814835)
(0.0215127 -0.00533026 0.152108)
(-0.00410386 -0.0164432 0.172029)
(-0.0224432 -0.0189474 0.0357609)
(0.0258771 -0.0116914 0.169143)
(0.0466749 -0.00551243 0.00685157)
(-0.0268807 -0.0129633 0.150675)
(-0.0266933 -0.0132013 0.153786)
(0.0358056 -0.0299379 0.126434)
(-0.0122634 -0.00531949 0.163392)
(-0.00942253 -0.0197733 0.0396332)
(0.00238838 -0.00508062 0.0228159)
(-0.00633767 -0.0276895 0.0560952)
(-0.0202091 -0.0141158 0.147659)
(0.00243237 -0.0424656 0.067323)
(0.0303993 -0.0167111 0.131038)
(-0.0138864 -0.0267501 0.148221)
(0.0320068 -0.0247405 0.179025)
(0.0445747 -0.0148113 0.00592544)
(0.00655214 -0.0162016 0.0080634)
(-0.0194723 -0.00850898 0.15022)
(-0.0464985 -0.00881908 0.0926932)
(-0.00588417 -0.00857789 0.0194792)
(0.0318502 -0.0216164 0.0276032)
(-0.0364872 -0.0103112 0.179185)
(-0.0385198 -0.00908107 0.0109821)
(-0.0238438 -0.0054246 0.103488)
(-0.0378779 -0.0167847 0.0453946)
(0.0382112 -0.00923501 0.055564)
(0.0355351 -0.0155386 0.111424)
(-0.0011241 -0.0297058 0.0922781)
(0.0147799 -0.0354991 0.116369)
(-0.00815857 -0.00824698 0.137147)
(-0.0174203 -0.0320292 0.161939)
(-0.0349276 -0.0254451 0.115224)
(-0.00725686 -0.0197263 0.168921)
(0.0420726 -0.0198153 0.151856)
(0.0227815 -0.01858 0.129646)
(-0.0301995 -0.0138919 0.192583)
(0.0183194 -0.0143811 0.100495)
(-0.0067143 -0.0287539 0.146965)
(-0.0232847 -0.0407856 0.119944)
(-0.00263274 -0.0126467 0.116604)
(-0.018163 -0.00515226 0.154704)
(-0.0112221 -0.0356829 0.0598693)
(0.00447627 -0.00502516 0.115323)
(-0.0378177 -0.00518722 0.0794124)
(0.0326292 -0.00901203 0.094965)
(-0.0173832 -0.00794241 0.0375541)
(0.00142371 -0.0181873 0.100201)
(-0.0197372 -0.0109767 0.0923858)
(0.00291845 -0.00531203 0.197251)
(0.000221019 -0.00859219 0.146509)
(-0.0315496 -0.0286489 0.0699579)
(0.00234225 -0.0385358 0.136664)
(-0.000458977 -0.045664 0.0130007)
(0.0357712 -0.0114752 0.106868)
(0.0379818 -0.00531466 0.0664825)
(0.0284603 -0.0206514 0.0800415)
(-0.0279333 -0.00529358 0.180156)
(0.0369509 -0.0138434 0.0820479)
(0.0111821 -0.00552615 0.0917891)
(-0.0156893 -0.00959781 0.0896192)
(-7.62826e-05 -0.0104202 0.188169)
(-0.000149173 -0.0135467 0.188634)
(0.0177028 -0.0118543 0.0701845)
(-0.0251728 -0.0330219 0.0309316)
(-0.0101946 -0.0456041 0.0551503)
(0.0266948 -0.00904585 0.00758302)
(0.0317536 -0.0348539 0.111353)
(-0.0223828 -0.0244702 0.192028)
(0.0217905 -0.0173775 0.0633695)
(-2.96241e-05 -0.0171922 0.151488)
(-0.00250829 -0.0157551 0.0837039)
(0.0260933 -0.0318483 0.173134)
(0.00868491 -0.0453311 0.156326)
(-0.0400582 -0.012835 0.0424236)
(0.0171688 -0.0138409 0.110241)
(-0.0239933 -0.0112304 0.0696133)
(0.0111959 -0.0196714 0.0481726)
(-0.0255207 -0.00515395 0.14988)
(-0.0259748 -0.0222224 0.174989)
(0.00464198 -0.0159957 0.0357585)
(0.0281566 -0.00910659 0.149675)
(0.0163855 -0.0433589 0.166881)
(-0.0107817 -0.0384462 0.0101983)
(0.0425115 -0.0203318 0.12305)
(0.00906063 -0.0421763 0.100876)
(0.000916497 -0.0334951 0.120615)
(0.00989274 -0.0089289 0.121202)
(-0.0100727 -0.00516556 0.170707)
(0.0380917 -0.00857589 0.0269347)
(-0.0229785 -0.0310215 0.0829848)
(0.000343828 -0.00940286 0.124081)
(0.0196158 -0.0200684 0.0435402)
(0.0219756 -0.0416208 0.0926186)
(-0.013808 -0.0118591 0.0745837)
(0.0242888 -0.0394514 0.164419)
(-0.0217495 -0.0283377 0.010807)
(0.037429 -0.0283737 0.0652917)
(0.0267106 -0.0312879 0.0808092)
(-0.0303755 -0.00765041 0.0571251)
(0.0227081 -0.00867043 0.0708632)
(0.0285295 -0.0354168 0.18545)
(-0.00846358 -0.00504051 0.113816)
(-0.0150606 -0.0054682 0.18843)
(0.0160611 -0.00863002 0.056178)
(0.0224963 -0.0193152 0.0399955)
(-0.025994 -0.00515156 0.0802627)
(0.0156886 -0.0054363 0.154246)
(-0.00607771 -0.0136913 0.0610775)
(0.00831955 -0.0129558 0.177943)
(0.0250206 -0.011622 0.0180662)
(-0.00213854 -0.0413031 0.01996)
(0.0380548 -0.00529842 0.046845)
(-0.0224062 -0.00528224 0.192244)
(-0.0162847 -0.0249424 0.0138655)
(0.0245491 -0.026229 0.0754825)
(0.0325613 -0.027312 0.0557281)
(-0.029122 -0.0231247 0.0672075)
(0.0323153 -0.00910273 0.0416854)
(-0.0249029 -0.0309772 0.182445)
(0.000149824 -0.00878041 0.13254)
(0.00977288 -0.0315621 0.11047)
(0.0276806 -0.0126612 0.0371817)
(0.013969 -0.0360525 0.037005)
(0.0432344 -0.00850273 0.00263039)
(0.0134654 -0.0293337 0.0531526)
(-0.0082104 -0.0181789 0.123933)
(-0.0174384 -0.0127091 0.177687)
(-0.0394968 -0.00896957 0.0346834)
(-0.0274461 -0.0319283 0.11908)
(-0.0337115 -0.0184435 0.0876576)
(0.000312572 -0.0113423 0.111436)
(-0.00513253 -0.0051697 0.156112)
(-0.0327032 -0.0325271 0.0568686)
(-0.00984965 -0.0050686 0.107852)
(0.00643177 -0.00865491 0.0109026)
(0.013706 -0.0357283 0.10544)
(-0.00133236 -0.0210331 0.144113)
(-4.63064e-06 -0.0192271 0.0454438)
(-0.0168001 -0.0434012 0.150264)
(-0.0427617 -0.00551753 0.0660575)
(-0.00251148 -0.0141547 0.0308661)
(-0.0192051 -0.038591 0.0951262)
(-0.0045109 -0.0087554 0.135364)
(0.00753381 -0.0456718 0.0384699)
(0.0381021 -0.00511747 0.0540862)
(-0.0132609 -0.0407957 0.114412)
(-0.0268949 -0.0378857 0.139938)
(-0.033182 -0.0148612 0.136174)
(-0.00864612 -0.0350871 0.0973455)
(0.0326186 -0.0124272 0.0822225)
(0.0337992 -0.00920474 0.113603)
(0.0040072 -0.0241076 0.0561292)
(0.0134131 -0.0445942 0.0595286)
(-0.0116948 -0.0120385 0.0930212)
(0.0142505 -0.0234195 0.170796)
(0.0372511 -0.0136171 0.166706)
(-0.0160375 -0.0141151 0.0905974)
(0.0044307 -0.00531556 0.0577956)
(0.0023747 -0.0262108 0.137844)
(0.0124388 -0.0380897 0.142521)
(0.0127632 -0.0233202 0.0956384)
(-0.0390767 -0.0138336 0.075885)
(-0.0224214 -0.0170146 0.0595643)
(0.00702635 -0.0204652 0.110229)
(-0.00301228 -0.0393874 0.0747527)
(-0.029477 -0.00543291 0.00263073)
(0.0186988 -0.0353083 0.023657)
(-0.0238548 -0.0253984 0.0423751)
(0.0155303 -0.0157406 0.12692)
(0.00285545 -0.0142175 0.00285106)
(0.0144072 -0.0274853 0.104648)
(0.030126 -0.0354047 0.0470238)
(-0.00152525 -0.0379421 0.147813)
(0.0159784 -0.00883898 0.152638)
(0.00648087 -0.00533704 0.155054)
(-0.0116383 -0.0246247 0.0227829)
(0.0170235 -0.0136796 0.146292)
(0.0348291 -0.00785707 0.136477)
(0.0221589 -0.0267282 0.141454)
(-0.0328094 -0.0334162 0.0874819)
(0.00820473 -0.0193714 0.121589)
(0.0351496 -0.00530935 0.0975676)
(0.00397305 -0.0210415 0.126086)
(-0.0169188 -0.0195756 0.0999362)
(-0.029435 -0.0234896 0.164418)
(0.00754044 -0.025228 0.0624816)
(0.0178198 -0.0197122 0.129676)
(-0.0316461 -0.0277973 0.0624484)
(0.012718 -0.0409906 0.0745028)
(-0.00660334 -0.0275905 0.0199069)
(0.0396961 -0.0151841 0.0866484)
(-0.0457806 -0.0119482 0.0541671)
(0.0415919 -0.00512319 0.0806075)
(-0.0425285 -0.0193416 0.062728)
(0.00339333 -0.00548133 0.157991)
(-0.00486994 -0.00525752 0.096414)
(0.0346616 -0.0182954 0.0383356)
(0.0470854 -0.00514969 0.113416)
(0.020039 -0.0277819 0.15704)
(-0.0116721 -0.0158548 0.180655)
(0.0300105 -0.00830442 0.0318621)
(-0.0020729 -0.0198651 0.100556)
(-0.0170566 -0.0208734 0.0946292)
(0.0101753 -0.0364667 0.0532492)
(0.0463044 -0.00874416 0.0543855)
(0.0218007 -0.0120495 0.120734)
(0.0323351 -0.0052662 0.15201)
(-0.0288472 -0.0120503 0.0286149)
(0.0167127 -0.0135324 0.122064)
(0.00301048 -0.0259037 0.0958294)
(0.0168815 -0.0085025 0.0863902)
(0.0414336 -0.0120316 0.192441)
(0.0445206 -0.0136173 0.193246)
(-0.0219056 -0.0415823 0.0856547)
(-0.0124777 -0.0168462 0.0449725)
(-0.0176016 -0.0295817 0.119539)
(0.0383415 -0.00924342 0.00262707)
(-0.0272224 -0.0317351 0.0356429)
(-0.00282863 -0.0383641 0.130586)
(0.00967591 -0.00518386 0.0400282)
(-0.0230131 -0.0121752 0.117678)
(-0.035906 -0.00809101 0.00265487)
(0.036113 -0.00547318 0.0197666)
(-0.0469578 -0.00516285 0.155215)
(0.0212994 -0.00552385 0.109057)
(0.0240548 -0.0385802 0.179431)
(0.0222922 -0.00504446 0.164355)
(0.0190905 -0.0292709 0.0855791)
(0.0271241 -0.011997 0.0986743)
(0.0133786 -0.00852936 0.0185357)
(-0.0388049 -0.0153993 0.0238673)
(0.0255531 -0.0051718 0.0723515)
(-0.00774692 -0.0158672 0.196806)
(0.0347785 -0.0178324 0.0309795)
(0.00386144 -0.0398809 0.122356)
(-0.0011499 -0.0360685 0.0787951)
(-0.0239816 -0.0155724 0.15217)
(-0.0183684 -0.0162103 0.012734)
(0.00960889 -0.0289096 0.0606527)
(0.0333531 -0.0210357 0.0691668)
(-0.00793305 -0.0455888 0.0759526)
(0.0379353 -0.00535381 0.100116)
(0.031932 -0.00789365 0.143335)
(-0.0201027 -0.0279145 0.153337)
(0.0208666 -0.0149717 0.0737743)
(-0.0284115 -0.00514451 0.135489)
(0.00761413 -0.00858474 0.186045)
(-0.0220893 -0.0297285 0.0456131)
(0.027395 -0.0212248 0.0698072)
(-0.027128 -0.0192725 0.0730169)
(0.017863 -0.00511981 0.00296885)
(0.0347872 -0.0312842 0.107834)
(0.0224806 -0.0287306 0.101302)
(0.000595139 -0.0419983 0.132507)
(0.046318 -0.00919116 0.0837713)
(0.00336925 -0.0232295 0.0930152)
(-0.0421767 -0.0100979 0.0159049)
(-0.0074109 -0.00703276 0.0740809)
(-0.00592902 -0.018266 0.188443)
(0.0225427 -0.017786 0.0797654)
(-0.0125363 -0.00541774 0.0725499)
(-0.0211501 -0.0177341 0.161815)
(0.0117005 -0.011766 0.150163)
(-0.030178 -0.0214815 0.142879)
(-0.0229581 -0.0352203 0.128769)
(0.0237704 -0.0053401 0.142529)
(-0.000391032 -0.0373635 0.0369554)
(-0.0160199 -0.00986049 0.153894)
(-0.0281185 -0.0242416 0.0274398)
(-0.00321892 -0.0174698 0.0593472)
(-0.00916234 -0.00527086 0.137941)
(0.0339006 -0.0141389 0.164929)
(0.025362 -0.0167587 0.151754)
(0.0336841 -0.0200077 0.0650639)
(0.00541137 -0.0130222 0.0722587)
(0.0395074 -0.0215245 0.004295)
(-0.000257518 -0.0421944 0.0872011)
(0.0340268 -0.0302646 0.0100582)
(-0.0365387 -0.0211744 0.0273329)
(-0.0362877 -0.0138686 0.114568)
(-0.0196298 -0.0201974 0.12922)
(0.0158634 -0.0303672 0.149593)
(-0.00342676 -0.0346929 0.165092)
(-0.0242713 -0.0195501 0.058054)
(0.0294012 -0.00562327 0.00261513)
(0.02348 -0.0241451 0.0159912)
(-0.0332221 -0.00887126 0.130095)
(-0.0154257 -0.0198985 0.0166632)
(-0.0120716 -0.0267142 0.0594261)
(0.00348993 -0.00943956 0.0123494)
(0.0330025 -0.00528637 0.0677823)
(-0.018875 -0.0138626 0.0661545)
(-0.0256411 -0.0275972 0.0507085)
(-0.0438341 -0.0142188 0.00302845)
(0.0254129 -0.0388246 0.0507597)
(0.0272893 -0.00514075 0.0421329)
(0.0284534 -0.0245826 0.0789633)
(-0.0220935 -0.0219952 0.153709)
(-0.0468833 -0.00534409 0.196703)
(0.0430829 -0.00897367 0.10375)
(-0.00471505 -0.0151967 0.134836)
(-0.0159525 -0.0399166 0.0663305)
(-0.0175927 -0.0147406 0.0244753)
(-0.0406798 -0.0221854 0.155566)
(-0.0345072 -0.00517924 0.185368)
(0.0171113 -0.0143926 0.179953)
(-0.0358502 -0.0290548 0.03522)
(-0.0178189 -0.0334968 0.06663)
(-0.012635 -0.0306092 0.171823)
(-0.0114111 -0.0357918 0.0777596)
(0.0394023 -0.0131541 0.0111918)
(0.00358254 -0.0138542 0.154638)
(-0.043953 -0.0100734 0.146271)
(0.0145652 -0.021092 0.133479)
(-0.0158828 -0.0386737 0.16981)
(-0.0177414 -0.011612 0.072335)
(-0.0327011 -0.0248256 0.14706)
(0.037989 -0.0279255 0.0930005)
(0.0102959 -0.0354128 0.0377522)
(0.0406009 -0.0232559 0.0763096)
(0.0291765 -0.0135627 0.0602232)
(0.00105974 -0.0172454 0.105283)
(0.0298078 -0.0190025 0.0934066)
(0.0204213 -0.0268267 0.00872439)
(-0.014971 -0.017361 0.0932295)
(-0.0436175 -0.00515022 0.124545)
(0.0419779 -0.00703653 0.0758712)
(-0.0406467 -0.00673189 0.113747)
(-0.0252052 -0.0149633 0.0543375)
(-0.0375032 -0.0158954 0.0978153)
(-0.00250118 -0.00809743 0.137663)
(0.0293453 -0.00517819 0.109018)
(-0.00370331 -0.0163831 0.162814)
(0.0190089 -0.0392202 0.08461)
(-0.00108865 -0.00937976 0.157536)
(0.0213012 -0.0113972 0.00264555)
(-0.0178118 -0.0303317 0.108709)
(-0.0463686 -0.00869108 0.0155463)
(-0.0457683 -0.011684 0.0145027)
(-0.0107327 -0.0344518 0.183664)
(0.00333192 -0.0157036 0.136711)
(0.0441293 -0.011632 0.162017)
(-0.0100998 -0.0153298 0.00585184)
(-0.0298713 -0.020669 0.033115)
(0.0169444 -0.0232728 0.175169)
(0.0172543 -0.00945992 0.0635035)
(-0.00348712 -0.038742 0.0813495)
(0.0300631 -0.0126665 0.119425)
(0.016459 -0.0391316 0.0560113)
(-0.0228829 -0.00533148 0.1827)
(-0.00607175 -0.0251075 0.11809)
(-0.000132832 -0.0138048 0.173102)
(-0.0398554 -0.0122289 0.0376619)
(-0.0199068 -0.0142737 0.136081)
(-0.0241116 -0.0104029 0.0469544)
(0.0265975 -0.0216014 0.106674)
(0.0322422 -0.0104222 0.00704193)
(0.0019854 -0.00513158 0.194038)
(-0.0273473 -0.0179258 0.14191)
(-0.000409581 -0.0465077 0.142266)
(0.00506043 -0.00507397 0.0242108)
(-0.0380333 -0.00898254 0.114231)
(0.00844665 -0.00868483 0.0670749)
(-0.0456643 -0.0125589 0.0595372)
(-0.00757103 -0.0184522 0.0855346)
(-0.0378736 -0.0086934 0.144209)
(-0.0137166 -0.0135725 0.0335256)
(-0.0285228 -0.00865137 0.087086)
(0.0254471 -0.0230629 0.117117)
(-0.0270317 -0.00542745 0.141336)
(0.0248408 -0.0115043 0.152862)
(-0.0312312 -0.0133526 0.0809564)
(0.00547262 -0.0336285 0.0270158)
(0.00335091 -0.03955 0.195939)
(0.0247412 -0.00805464 0.0971221)
(-0.0305775 -0.0052248 0.149024)
(-0.00762997 -0.00506459 0.163234)
(0.0217217 -0.0124374 0.182053)
(0.0210532 -0.0130889 0.185154)
(0.0107067 -0.0253666 0.0884234)
(-0.0037643 -0.00967833 0.0476292)
(0.0190894 -0.0128832 0.0977969)
(0.0316214 -0.0132357 0.0386625)
(-0.0250905 -0.00865212 0.176431)
(0.0343372 -0.0122341 0.139836)
(0.0144447 -0.00895015 0.0383512)
(0.00720434 -0.0296187 0.0953656)
(-0.000743897 -0.0266405 0.100754)
(0.0215859 -0.0409533 0.172086)
(-0.0114353 -0.00843702 0.162359)
(-0.000249604 -0.0195152 0.190196)
(0.0290796 -0.0176721 0.106715)
(-0.0263058 -0.00822651 0.167387)
(0.0109927 -0.0243462 0.0141316)
(0.0020555 -0.0361646 0.152469)
(-0.0198242 -0.042313 0.0593496)
(-0.0266823 -0.0254475 0.142684)
(0.0367091 -0.0288997 0.153182)
(-0.0363085 -0.0293927 0.0532074)
(0.00394296 -0.0204445 0.171003)
(0.0135603 -0.044052 0.144817)
(0.00096214 -0.0118447 0.0600496)
(0.0285703 -0.0312841 0.0590518)
(0.0225861 -0.0246591 0.107176)
(0.0283157 -0.0129916 0.137196)
(0.0449219 -0.0142543 0.0225424)
(-0.00720292 -0.0407952 0.0193887)
(0.0182027 -0.00514013 0.0199557)
(0.0015603 -0.0164498 0.129522)
(0.0405346 -0.0231919 0.144619)
(-0.0175956 -0.0231023 0.0885537)
(0.0414072 -0.00818941 0.0633224)
(-0.013514 -0.0084004 0.119292)
(0.0330555 -0.0142122 0.147492)
(-0.0129662 -0.00766761 0.113685)
(-0.0060318 -0.00543617 0.178901)
(-0.0230145 -0.00842248 0.138104)
(0.0050057 -0.00518219 0.167077)
(0.0298337 -0.0298237 0.0338671)
(0.0191874 -0.00526883 0.061876)
(-0.0091352 -0.0155402 0.156297)
(-0.0128299 -0.0373713 0.109632)
(-0.0230893 -0.0184619 0.0120289)
(0.0328945 -0.0199218 0.00896995)
(-0.018401 -0.0152302 0.0397143)
(0.0340837 -0.0217832 0.0880128)
(0.0158566 -0.0348012 0.176838)
(-0.0334149 -0.0052603 0.152139)
(0.00895875 -0.0172776 0.0519014)
(-0.0351686 -0.00932367 0.127026)
(-0.0332699 -0.0116989 0.126878)
(0.0136997 -0.0402803 0.0638628)
(0.0441748 -0.0158299 0.127421)
(0.0408408 -0.022935 0.0654386)
(-0.0303174 -0.0245364 0.0507322)
(0.00961613 -0.0435578 0.195839)
(0.0258833 -0.0257168 0.159854)
(-0.00227899 -0.0131665 0.0784971)
(-0.0327108 -0.00877593 0.102135)
(-0.0364618 -0.015922 0.0790681)
(-0.0266697 -0.0128665 0.118333)
(-0.00297172 -0.0396762 0.15608)
(-0.00368329 -0.0194416 0.0506474)
(0.0418419 -0.00542991 0.0262757)
(-0.00290388 -0.0288309 0.184097)
(-0.00669576 -0.0109298 0.00617707)
(-0.0134237 -0.00500665 0.158408)
(-0.00901708 -0.0130434 0.0699779)
(-0.0100553 -0.0314252 0.0207069)
(0.0208725 -0.00929462 0.179173)
(-0.0101158 -0.0172436 0.149447)
(-0.0164479 -0.00805315 0.121735)
(0.0135292 -0.0193383 0.0156252)
(-0.034377 -0.0227516 0.0665677)
(0.0213784 -0.00846532 0.152015)
(-0.0356245 -0.0148332 0.0419834)
(0.00719612 -0.0119676 0.149245)
(0.0288101 -0.00910633 0.0442323)
(0.0425958 -0.00524256 0.170034)
(-0.0350501 -0.0132611 0.0211452)
(0.0150624 -0.00511915 0.0271766)
(-0.0288445 -0.0051146 0.185005)
(-0.0460434 -0.0086958 0.0125487)
(-0.0400384 -0.0179338 0.106057)
(-0.0179425 -0.0196825 0.0585224)
(0.0443641 -0.01155 0.175103)
(-0.0389727 -0.0129809 0.184072)
(-0.000659219 -0.0272501 0.0801193)
(-0.0393378 -0.0253025 0.0887806)
(0.019286 -0.0376046 0.0491265)
(0.0270542 -0.033949 0.116581)
(-0.00159496 -0.017124 0.0707635)
(-0.00759249 -0.0231316 0.0881483)
(-0.0125048 -0.0054245 0.0307924)
(-0.046798 -0.00545846 0.148242)
(0.0430678 -0.0180286 0.166752)
(0.0110683 -0.0367241 0.0854819)
(0.00486319 -0.0463451 0.117681)
(0.00885795 -0.00514592 0.103288)
(-0.0160224 -0.0288914 0.0748042)
(0.00826517 -0.00524174 0.0886905)
(0.0451098 -0.0130286 0.0911654)
(0.040484 -0.00786107 0.106219)
(0.0311977 -0.0091934 0.140409)
(0.0146158 -0.0388721 0.0295509)
(-0.0352559 -0.00544194 0.195179)
(-0.0373308 -0.00534597 0.0947438)
(0.0223257 -0.00507518 0.00984255)
(0.0386944 -0.0205261 0.0818633)
(-0.00584234 -0.0152984 0.014715)
(0.0319269 -0.0196341 0.16166)
(0.0309812 -0.00919596 0.0677723)
(0.0195506 -0.0167945 0.0342995)
(0.0413619 -0.0210207 0.160832)
(-0.0359802 -0.00521076 0.0862387)
(-0.00597451 -0.0310515 0.0900662)
(0.0444279 -0.0144039 0.145748)
(-0.034313 -0.0116313 0.0733486)
(0.0358254 -0.00511814 0.163718)
(-0.0332738 -0.0184523 0.0949397)
(0.0119929 -0.00834651 0.0713722)
(-0.0281106 -0.0379038 0.0975162)
(0.0332549 -0.0219728 0.118241)
(0.00491298 -0.020029 0.0229074)
(-0.0311515 -0.00872767 0.091431)
(-0.0360356 -0.0134244 0.0654799)
(0.0151184 -0.0297391 0.0284655)
(-0.0127072 -0.0197194 0.122621)
(0.00407846 -0.0212948 0.0067434)
(-0.0263559 -0.00507156 0.0200451)
(-0.018759 -0.0259114 0.176475)
(-0.0382413 -0.0273228 0.0674617)
(-0.000574676 -0.0274706 0.05666)
(-0.024699 -0.00889762 0.0615336)
(-0.0337371 -0.031716 0.144962)
(0.00674568 -0.0407635 0.163545)
(-0.00605236 -0.0426559 0.109046)
(0.0402738 -0.0243173 0.0618056)
(0.028532 -0.0287647 0.161649)
(0.00618025 -0.00828199 0.0542222)
(0.011311 -0.0234077 0.119834)
(-0.0276279 -0.0203132 0.106718)
(0.00932233 -0.0450149 0.169798)
(0.00696093 -0.00514196 0.0753299)
(-0.0161297 -0.0298339 0.137816)
(-0.00824838 -0.0222782 0.0162266)
(0.0414019 -0.0217474 0.0440272)
(0.0148526 -0.00910905 0.124196)
(-0.033206 -0.00827232 0.153887)
(0.00572702 -0.0422911 0.044108)
(-0.0105631 -0.0105129 0.0709432)
(0.00110987 -0.045822 0.185525)
(0.0126612 -0.0191724 0.100032)
(-0.0321423 -0.00902555 0.0621657)
(0.0252498 -0.0146197 0.0628128)
(0.0181167 -0.0299587 0.0802485)
(0.0267645 -0.022677 0.12404)
(0.00952906 -0.0453057 0.14223)
(0.0193985 -0.0312917 0.160995)
(-0.033321 -0.00507054 0.163328)
(-0.0127522 -0.00846091 0.102452)
(0.00467072 -0.0423988 0.0980938)
(0.0469567 -0.00556716 0.0251762)
(-0.00203098 -0.0431395 0.0579907)
(0.0349507 -0.0116267 0.12951)
(-0.0302704 -0.0309408 0.110773)
(0.0158389 -0.0166696 0.110753)
(-0.000730257 -0.0396291 0.141174)
(0.0388572 -0.0103553 0.159305)
(0.00275558 -0.015228 0.175163)
(-0.00762572 -0.0206216 0.153608)
(0.0403024 -0.016702 0.122139)
(-0.0120291 -0.0140659 0.0986677)
(-0.01494 -0.00522881 0.149952)
(-0.0301866 -0.0192094 0.120177)
(0.0401406 -0.024615 0.11946)
(-0.0199774 -0.0279296 0.0479676)
(-0.0464157 -0.0095089 0.0523456)
(0.0285766 -0.0368929 0.13537)
(0.0404355 -0.0234985 0.0726011)
(0.0333306 -0.0325094 0.0328813)
(0.040947 -0.0132342 0.154709)
(0.0201319 -0.0298502 0.125944)
(0.0301482 -0.00509189 0.102866)
(-0.0183073 -0.00913331 0.127424)
(-0.0304754 -0.00511837 0.095997)
(0.046655 -0.0083086 0.126163)
(0.0166562 -0.0328557 0.0584273)
(0.00153808 -0.0280339 0.143575)
(0.0445855 -0.0150895 0.106165)
(-0.0429867 -0.017556 0.0165969)
(-0.0447273 -0.0150629 0.162162)
(-0.030794 -0.00998222 0.0296023)
(0.0121102 -0.0131266 0.118122)
(-0.00607125 -0.0423745 0.0635826)
(-0.0278702 -0.0177908 0.124634)
(0.00634337 -0.00957775 0.175562)
(-0.0389614 -0.0261067 0.0837127)
(-0.0237811 -0.0358755 0.0983275)
(0.00186769 -0.0466185 0.127642)
(0.00196062 -0.0153558 0.0778086)
(-0.00250821 -0.0273464 0.0743826)
(-0.00402124 -0.0112405 0.179567)
(-0.0122812 -0.0338446 0.0631871)
(-0.0296424 -0.00905683 0.197132)
(0.0225438 -0.0107067 0.163565)
(-0.0216957 -0.0120022 0.128826)
(-0.0430476 -0.0052136 0.169346)
(0.0245502 -0.0165538 0.0430536)
(-0.0418113 -0.0121283 0.0770287)
(0.00809922 -0.0267574 0.0661098)
(0.0460179 -0.00930652 0.159865)
(0.016139 -0.00941919 0.197325)
(-0.00427793 -0.0147891 0.0552954)
(-0.0224134 -0.0214728 0.126276)
(-0.0283842 -0.00887281 0.118103)
(-0.0330509 -0.00842524 0.159785)
(0.0420728 -0.0195322 0.0280998)
(0.0136128 -0.0207813 0.110044)
(-0.0194495 -0.0183537 0.168041)
(0.0251058 -0.00849878 0.0264756)
(-0.042074 -0.00932913 0.172194)
(-0.0321657 -0.0147973 0.0604589)
(-0.00978363 -0.0402921 0.0235691)
(-0.00271422 -0.00527384 0.195602)
(-0.0314896 -0.0120423 0.0344742)
(-0.0294728 -0.0126128 0.0320918)
(-0.039103 -0.00532546 0.0554176)
(0.00324532 -0.0430842 0.0556184)
(0.0221888 -0.0311163 0.0882846)
(-0.0152359 -0.0311281 0.0371226)
(0.0118751 -0.00543672 0.147917)
(0.00449696 -0.0166021 0.180836)
(0.0314951 -0.00551024 0.087971)
(-0.00635333 -0.0401045 0.121026)
(-0.0086385 -0.0166605 0.12966)
(-0.0396154 -0.0251092 0.128305)
(0.0151747 -0.028304 0.127457)
(0.0233814 -0.0223673 0.0780651)
(-0.0154283 -0.032379 0.0847378)
(0.0463061 -0.00848847 0.00668655)
(0.0262579 -0.0209423 0.0883259)
(0.0244351 -0.0174214 0.0690597)
(0.0184131 -0.0275778 0.19613)
(-0.00188932 -0.033003 0.0449683)
(0.00489253 -0.0178731 0.0638706)
(-0.00449433 -0.0377207 0.16182)
(0.035882 -0.0205652 0.0749415)
(0.00477079 -0.0113799 0.18593)
(-0.0251716 -0.0094402 0.00803095)
(-0.0273892 -0.0260895 0.133844)
(0.0314084 -0.0244321 0.0616713)
(0.0313036 -0.0242834 0.195937)
(-0.0103606 -0.00883521 0.18558)
(-0.0251019 -0.0330797 0.0776503)
(-0.00117854 -0.0187008 0.179795)
(-0.0304542 -0.0357372 0.0776057)
(0.0322685 -0.0201461 0.0528127)
(-0.0379372 -0.0157352 0.124923)
(-0.0291722 -0.023352 0.191334)
(0.0350796 -0.00860018 0.147948)
(-0.029511 -0.0129281 0.0550175)
(-0.0414475 -0.0128794 0.0506149)
(-0.0155035 -0.0127318 0.0947671)
(0.0285764 -0.0126577 0.0882791)
(0.0246185 -0.0400511 0.111364)
(0.0428667 -0.0090107 0.155916)
(-0.0107972 -0.0272825 0.0890175)
(-0.010685 -0.0280583 0.111751)
(-0.0229332 -0.0136688 0.0645686)
(0.0209147 -0.00978381 0.137323)
(0.012182 -0.0105289 0.181339)
(-0.0430357 -0.00515714 0.00574836)
(-0.0377508 -0.00941339 0.0805069)
(-0.0441821 -0.00541858 0.134264)
(-0.00165857 -0.00512903 0.0974356)
(-0.00757103 -0.0307132 0.0124276)
(-0.0308795 -0.0269355 0.157516)
(-0.0223154 -0.00868886 0.0791637)
(0.0248396 -0.0323401 0.147119)
(-0.00600813 -0.0381811 0.104995)
(0.025882 -0.0177495 0.0183056)
(0.0356581 -0.0174466 0.192411)
(0.000502179 -0.00544348 0.0708622)
(-0.0247706 -0.014511 0.179602)
)


// ************************************************************************* //
