/*--------------------------------*- C++ -*----------------------------------*\
| =========                 |                                                 |
| \\      /  F ield         | OpenFOAM: The Open Source CFD Toolbox           |
|  \\    /   O peration     | Version:  2506                                  |
|   \\  /    A nd           | Website:  www.openfoam.com                      |
|    \\/     M anipulation  |                                                 |
\*---------------------------------------------------------------------------*/
FoamFile
{
    version     2.0;
    format      ascii;
    arch        "LSB;label=32;scalar=64";
    class       faceSet;
    location    "constant/polyMesh/sets";
    object      walls_coolant_interfaces;
}
// * * * * * * * * * * * * * * * * * * * * * * * * * * * * * * * * * * * * * //


53814
(
262145
262150
131078
393227
262155
393231
262159
393232
393235
393236
262165
393238
262166
262169
131097
27
131100
262173
262175
393252
393255
393257
262185
43
262188
393260
393261
393265
51
393268
393269
262198
393274
393276
262205
393278
262207
63
262210
262213
262215
262217
393290
75
393292
393296
393297
262226
393301
262230
262233
393306
393307
393308
262236
393309
393315
262243
99
103
393324
393326
393327
111
262257
393332
393335
262264
262265
262269
262273
393346
393347
393348
393351
262279
393354
262283
393356
262286
262290
393364
393365
262294
393368
262297
262300
131232
262305
393377
393378
393379
262309
262312
262314
393389
262318
393391
131248
262322
262325
393397
393398
393402
393406
262338
393416
262347
393420
262351
393423
393426
393427
262355
393428
262358
216
393433
262361
393434
393436
393437
393438
262367
393440
393442
393444
262376
262379
262381
262384
393457
262387
246
262390
262391
393466
262399
262402
393475
261
262406
393479
262410
262415
393489
262419
393492
262422
262425
393499
393501
262429
262432
290
262435
393509
262438
393517
393519
393524
262453
262455
262458
393531
262461
393533
393534
393535
262464
393536
393537
262467
393539
393543
262472
393544
262474
262481
262483
393556
393559
345
262491
393567
131424
393568
393569
356
262500
393574
262504
393577
393580
262509
131438
393582
262515
393588
262518
393592
262522
393594
393596
262524
262527
131455
262529
393601
131460
262533
393607
262535
393608
393610
262539
393612
262541
262544
393616
393617
262546
393619
131476
262552
393626
262558
393630
393633
262563
393636
262565
393639
262569
262573
393647
131503
262577
393650
262580
262584
262586
393659
131516
262590
393663
262592
393665
393668
262596
131524
393671
393672
262600
393673
393675
393676
262604
460
393677
393684
262615
393688
393691
393693
393696
262625
262628
393703
262634
393707
262636
393710
262639
499
262644
393716
393719
393722
262651
262652
393724
393726
393728
262662
393737
262666
393742
262670
262674
262677
131607
262682
262685
393759
262691
393763
393764
393770
262699
262704
262706
393780
262708
262712
393786
393787
393789
262719
393791
393795
262723
393797
262726
393798
393803
262732
262736
393813
393815
393816
393818
262747
393819
393822
262751
393824
262756
393828
393829
393830
262758
262762
131690
393835
262765
131695
262768
262773
393845
393847
262777
393849
131706
393854
393855
393856
262787
131720
262794
393868
262796
262799
658
262804
393879
262807
393880
393881
666
262813
393885
670
262815
393888
393891
262819
262821
393896
262825
393899
262829
393902
262831
688
131761
393905
262835
694
262839
393911
393913
262844
393916
702
393919
262848
706
262850
262853
709
393927
262858
393932
393933
262861
393935
393937
393938
262866
393940
262870
262874
393949
262878
262880
262883
393958
262887
393960
393962
393964
262894
393967
393968
262897
393972
262901
131830
393975
393977
393978
393979
393981
393982
262910
393986
393988
393990
393991
262920
262923
393997
393998
262927
131856
131857
262930
394002
394003
394005
131861
262933
394006
262935
394009
394014
262942
262944
262948
806
262952
394024
262955
394028
262959
394031
262962
262963
394036
262965
262969
394043
262972
262975
394048
262979
394052
394054
394055
394058
262986
131916
394060
394062
394066
394067
262995
394068
394070
262998
394073
263001
394074
394075
394077
394080
263008
263009
394082
263013
263019
131948
876
263022
879
394099
263031
131962
394107
394108
893
263042
394116
394119
263048
394121
394123
394126
263055
394128
912
394129
263057
263059
263063
394138
263066
263069
131999
394143
263073
394150
394152
263086
394159
394160
263088
263090
394164
394165
263094
394166
394168
263098
263100
394172
263102
132032
263105
394177
394178
263108
394181
263110
394183
394184
263112
263116
394189
263118
394191
394192
263121
978
394196
394197
263126
394198
394199
984
263129
394202
263131
394203
394207
394208
263138
394212
263141
394213
394216
263145
394217
1003
394219
263153
394227
132084
394228
263161
263164
263168
263170
263172
1028
263174
263176
394250
1036
263180
394253
263182
263184
263186
394258
394262
1047
394264
394266
394271
394278
263206
394280
1064
263209
394287
263216
263218
263220
394292
263221
263223
394295
394297
394298
263226
394299
394303
263233
263234
394306
263238
1098
394316
394317
394318
394319
394322
394324
263255
394328
1112
263259
394331
263260
263262
394334
394336
394337
394338
263267
394339
394340
263271
394344
394345
263275
263277
394349
394351
394352
263282
132210
394355
263286
1147
132219
132221
263293
394366
394368
1154
394371
263299
394373
394374
1165
263313
394386
394388
263321
394395
394397
394398
394399
263328
394400
394403
263332
394404
263334
263341
263343
394415
394421
132279
263356
394431
394434
263364
263365
394440
263368
394441
263373
263378
394450
394451
263381
394456
394457
1243
263387
394460
394462
263390
394463
263392
394464
394466
263396
263400
394474
263407
263409
394483
263412
394487
263415
263417
394489
132345
394490
394491
132348
263420
394496
263428
394502
394504
394505
263434
1292
263437
263441
263444
394516
394518
263447
394520
263449
394522
1307
263451
394524
263455
394527
263457
394530
263461
394533
394534
394536
263465
394537
263468
1324
394542
263471
394546
394549
132405
394551
263479
263481
394554
394555
394556
263488
394561
394563
263492
394564
394570
263498
394573
263502
263505
263507
1365
394581
263510
394582
132438
394585
263514
394588
263518
394591
263522
132450
263529
394602
394604
263533
1391
263536
1395
263540
394614
263545
1402
394618
394621
394626
394627
263555
394628
263559
132487
394633
263562
263566
394640
394641
263569
394644
394645
263575
394647
263578
263582
394658
394660
263588
263590
394663
263594
394668
263597
263601
394677
394679
263610
263613
394685
263617
394691
132548
394692
263621
394693
263624
394697
394700
263630
394703
394705
263633
394710
263639
394715
394718
1503
263648
263652
394725
394726
394729
132587
263660
394735
263664
394738
263668
394741
263672
263677
394750
394756
394757
1542
263686
394760
263690
1549
394765
263695
394768
263699
394771
1556
394772
263703
1560
132634
394778
394779
394780
132638
394783
394787
394791
263719
394795
394797
263726
394798
394802
263730
394804
263734
132663
394811
263739
394813
1597
263743
132672
263749
394823
263757
394833
263763
394836
394837
263767
394841
263770
394845
1632
263777
394850
132710
394855
263787
394859
1644
263793
263795
394870
263798
394873
263803
394875
132732
394877
263805
394879
394881
394883
263813
263817
263820
394893
263823
394895
394899
263829
394902
263832
263834
394906
263838
394913
394915
394916
263846
263850
394922
394925
132784
263858
394931
263862
394934
263866
263868
394941
263870
394943
263872
132800
263881
394953
263884
394962
263893
394967
394969
394970
394971
394972
394973
394979
263909
394984
1770
394989
263918
394991
394992
263922
395003
1787
263931
263933
395009
132866
395011
1795
132870
263944
132873
395018
263947
395020
395023
263951
263954
395030
263958
132889
263962
395036
395038
263966
263970
395049
132907
395051
132909
263982
263985
395057
395058
263988
395060
263994
395066
132923
395068
263997
395072
264001
395074
264003
264006
395083
264013
395085
395087
264016
264019
395093
264021
264024
264028
264029
264036
264039
395112
395113
395115
264043
264047
1904
264051
395124
395127
264055
395132
264062
264064
395136
395138
264067
132996
264069
395143
264073
264076
264079
264082
395155
395156
264086
395161
395164
395168
264099
395172
395175
264105
395181
395183
395185
264116
1973
395191
264119
264120
133049
264122
395196
395198
395201
264129
395203
264136
395215
264144
264146
264149
264157
264158
395231
395232
264161
395234
2023
264169
395241
264173
2034
395250
395251
395255
264183
264186
2046
395262
395263
2049
133121
395268
395269
264198
395271
395273
264201
264203
395276
264206
395279
395281
264212
395287
395289
133149
395296
395298
264227
264233
395306
395312
264241
264249
395322
264251
395324
264254
395333
395334
264266
264268
395340
395343
264273
395345
2129
395349
264279
264283
395356
264285
395359
133217
395363
133221
264293
395366
395367
395369
264297
395370
395371
395372
264303
395377
133234
395379
395382
395383
264312
395386
395387
264315
395390
264319
264321
395397
264325
264327
395399
264329
395402
264332
395405
264334
395410
264341
395416
395419
264347
264352
395425
264354
395429
395433
264363
395436
395437
264366
264374
2231
264378
395451
395452
264382
395457
2242
264386
264389
264391
264392
264393
264396
395468
395471
264402
395477
264405
2265
264409
133339
395484
264413
395485
395486
395488
264419
395492
395494
264423
264428
264431
395503
395504
395506
264435
395507
395508
264439
2298
395514
264445
395520
264448
2306
395523
264456
395529
395531
264460
395533
264464
264466
395538
264470
395543
264474
395550
395551
264480
395554
395557
264485
133415
264488
133417
395562
395565
2349
264494
2355
264501
395574
264503
395575
395576
2361
133434
395578
395579
264511
395584
264518
264522
395595
2380
395597
395599
395601
264531
395603
395604
395605
264533
264535
395609
264539
395613
264541
395615
395618
395620
264550
264553
395626
395630
395631
264559
395637
395638
264566
2422
395639
395641
264570
395643
395644
395652
395657
264589
395662
395667
264597
395669
133529
264601
395674
395675
395676
2461
2464
264609
133539
395685
2470
395687
395688
264618
2474
395693
264621
395695
264625
264627
395700
264631
395703
395704
395706
264635
395713
395716
395718
395724
264652
264653
395726
395729
264658
395733
395736
395739
264667
395741
264670
395745
264674
2532
395749
264677
264680
395755
264684
395758
264687
395760
395761
264690
264692
264699
2556
395774
395775
264703
395777
264705
395778
264710
264713
2570
264715
395789
264717
395792
264721
395795
264723
395799
264727
2583
395800
264731
395804
133661
395806
264735
395810
264739
395813
395814
395816
395818
395819
395820
264749
395822
395823
264752
395827
395830
264760
395833
264762
395836
264765
395838
395840
264768
395842
395844
395845
264773
395848
395850
264778
264781
264785
395857
133716
395861
395871
264800
395876
264804
264806
395880
395882
395884
264813
395886
395887
395890
395892
264820
264824
395899
395902
395903
264833
395907
2693
264846
395918
2702
133776
2705
264852
395925
264854
264858
264861
2720
264865
133793
264867
133796
395941
264870
395943
395945
264873
264875
395949
264879
264881
264882
395956
264886
395962
395963
264891
395964
395966
395968
395969
395970
2756
264900
395979
264907
264910
395982
264912
395986
264914
2771
264920
395999
264928
396001
2785
264934
396008
264938
264941
264944
396017
133873
264950
264953
396027
396028
264960
396032
2817
396035
264963
264965
264967
396040
264970
396043
264973
396052
396057
264987
264991
396065
264993
396066
396069
396072
265003
396075
396077
396080
265009
265011
265013
396086
396088
265016
396089
396090
265019
396092
396095
396097
265025
396099
265028
396100
265031
265034
265035
396108
396110
265039
265041
396117
265047
265050
396123
265053
396126
396127
265056
396128
396129
265059
396133
265063
396136
265068
396140
396141
396142
265071
396145
265077
265080
134010
265085
396158
396161
265089
265093
396166
265096
265099
396172
2958
265103
396177
265106
265107
134035
265109
396181
265112
2969
396185
265114
396187
396188
265119
396192
134049
396195
265129
134057
396202
396204
396208
265136
396211
265139
265143
396215
396217
265146
396219
3006
265150
396224
265153
396226
265158
396233
265164
396237
265166
396239
396241
396244
134100
265174
396246
3030
396247
265177
396249
3035
265180
265183
396255
265184
134113
396258
265188
3047
265191
396264
396266
134122
396268
265196
396269
265199
3058
265203
396277
396278
265209
265214
396289
265218
265223
396299
265227
396303
396304
396305
265233
396308
265236
396309
396310
265240
134168
396313
265242
396315
396319
396320
265250
396323
265253
265256
265258
396332
3117
265261
396336
265269
396342
396343
396347
265276
396348
265279
265282
396355
396357
265286
265289
265292
134227
265299
396372
265302
396377
265306
396378
265311
265314
265316
134245
265320
396393
265323
265325
134256
265329
396402
396403
3188
265335
396408
396411
265342
396414
396415
396416
265347
396420
265353
396426
265356
396431
265361
3221
265367
396442
265371
265375
265376
396448
265380
265384
396457
3241
265386
396458
396462
265391
396464
134321
265394
396467
265397
265400
265403
265405
396477
396478
265408
396482
265410
265411
396486
265415
396487
3272
396489
396490
265419
396495
265423
134351
265426
134355
396500
265430
396502
265431
134363
265435
134366
396511
265442
396517
265446
396520
265450
396523
396524
396527
265457
265460
396534
265464
396536
396537
396542
265472
396544
265478
396550
396551
134408
265482
396555
3339
396558
396559
265487
396561
265489
396568
265498
3354
396574
396575
265505
265508
3365
396582
265512
396587
265515
265518
396591
265521
265523
265526
396604
396607
265536
396610
396615
265543
396616
265547
265550
396624
3409
265553
265554
265556
396628
134485
265561
396633
396634
265567
396640
265571
396646
265575
396647
265577
3436
265580
265584
396657
396660
396661
265592
134521
396666
265595
396669
396670
265600
396673
396677
265606
396681
265609
134539
265612
3470
396688
265617
3474
396690
265620
396692
265622
396695
396696
265626
396700
265629
396703
396704
134565
396710
265641
396714
265644
3501
396718
265647
265650
265654
396726
265658
265662
265665
134595
396740
396741
265671
396744
3528
396745
396747
265675
396749
134605
265678
396751
396755
265685
265690
134618
3548
265693
396766
265697
396769
265701
396776
265704
396777
265706
396780
265708
396785
3571
3574
265718
265722
396795
396796
265725
396797
396798
134656
396801
265729
396802
3590
396807
265738
396810
265742
396823
265752
396827
265755
265758
396830
396831
396834
265762
396836
396838
265768
396842
265771
396845
265774
265775
265780
396852
134708
396853
396854
396856
396857
396859
396862
3648
396866
265794
265796
396869
265799
396873
396874
265803
265806
265809
396882
396884
3670
265818
396893
265824
396900
265829
265832
265845
396917
396918
396919
134775
396920
265848
265851
265854
265856
396932
396933
265863
396937
396940
265868
265875
265878
265881
265883
396955
265885
396958
396959
265887
265889
265892
396965
265895
265897
396969
396971
265900
396975
265907
396979
396981
265910
134839
396986
265915
265919
396992
265922
265927
265930
397004
134861
134865
265938
397011
397014
265942
397017
134874
265948
265951
265955
397035
134891
265966
397040
397045
265974
397047
397049
3833
265981
397054
397057
397058
265989
397062
397066
265994
3852
265996
397073
266001
3858
397076
266005
3861
397077
266006
397080
266010
134940
266013
397090
266019
397092
397094
134952
266026
266028
397102
3887
266031
266033
397107
397108
3893
266038
397110
397113
397114
397115
266049
134979
397125
266055
134983
266058
266059
266062
266067
266069
397142
266071
397143
397145
135002
266075
3932
397149
397150
266079
397161
135023
266095
397169
266104
266107
397181
3967
266111
266115
397188
266118
3976
135050
397195
266123
266125
266131
397207
266135
397208
397209
397211
266141
397214
266145
397217
266147
397220
266151
397223
397224
397228
266161
397233
266167
266169
397243
266171
397245
135103
397249
266180
397253
266182
266186
266191
397266
135122
266195
266197
266198
397273
266202
397275
397276
266204
266212
4069
266217
397291
266220
397294
266225
266228
397301
266235
4092
266239
397318
266246
397320
266250
397324
266254
266258
135188
266262
135191
397336
266265
397340
266269
266272
397345
397347
266277
397349
4133
266280
397354
266286
397360
266290
397364
266292
397367
397368
266298
397370
397371
397373
266302
4160
266308
397383
266311
266313
397386
397393
266321
397395
397399
266327
397402
266330
266333
397407
4194
266339
397412
266345
266348
397425
266355
4211
397429
266359
397431
266361
135291
266363
397435
397439
397440
266369
397442
397444
397445
266373
266375
266377
397450
4236
135310
397456
266384
135313
266392
266394
397467
266398
397471
397472
397474
266402
397478
266407
397479
266410
397484
4269
397485
397487
266416
135344
4273
397490
266418
397491
397494
266424
397499
266430
397502
266432
397504
397507
397510
266438
397511
397512
397513
397515
266445
397521
266450
266454
4310
266459
135389
397533
397538
266476
397552
4338
397554
266484
397561
266493
397566
397569
266497
397570
397573
266506
397579
266510
397583
397584
397585
266515
397587
266519
4376
266522
397595
397597
397599
135456
397606
397608
266538
266540
397612
397615
266546
266549
4406
266553
397629
266560
397634
266564
397637
397640
266568
397645
266575
266578
397654
266582
266586
397658
266590
397664
266594
266595
397668
266598
397670
397672
266602
397676
266607
397679
397680
266609
135537
397682
397685
397689
266620
266624
266628
266632
397705
266634
266635
397709
266641
266643
266646
266650
397722
397725
135583
266656
266658
397737
266665
397738
397742
397743
266673
266676
397749
397751
266680
266683
397755
266685
266690
266693
397766
266700
266702
397775
266707
4563
266712
397787
135646
397790
266719
266723
397798
266726
4585
266732
397807
397811
135670
397816
266748
266751
266754
266761
397833
397834
397837
397838
266767
4628
266772
266775
397851
397853
397854
266783
266785
397859
266789
266790
397863
397865
397868
397874
4660
266806
397879
266808
266812
397886
266815
397888
397889
266817
135749
135751
397895
266824
266829
397903
266833
266837
4694
266840
266842
397915
266848
397921
266850
266855
397930
266859
397934
266863
397936
397938
266867
266870
4727
266872
397947
266876
135808
266882
397955
266888
397963
266892
397966
266895
266902
266906
397980
397983
266911
397984
397987
266917
266921
266923
397997
266926
266929
398005
135866
266943
266947
398019
266951
266955
4812
266959
398033
266964
398037
266973
4832
266976
398049
266978
398051
266981
398055
135911
266984
398060
135925
4855
135928
398074
267004
267007
398081
398084
267017
135948
267024
267026
267028
398102
267031
267033
398106
267035
398109
267038
267042
398119
267048
398120
4905
267051
267053
398126
267058
398130
267062
398136
4922
267067
398141
267071
4930
398149
267078
267081
398155
267085
267088
267090
398165
4949
267094
136024
267096
267100
398178
267107
267110
267114
267119
267122
398197
4981
267127
267131
398207
267139
398214
267143
398215
267147
267151
398223
267153
398226
267155
398228
398231
267161
267163
398235
136091
267167
267172
136101
398245
267175
398249
267177
267180
398252
267189
267191
398264
136127
267202
267206
398280
398281
398282
267211
267215
267216
398289
398290
267219
267222
398295
267225
398302
267232
267235
136163
267239
398315
5100
267247
267249
267251
398328
136189
267264
398338
398339
267268
398345
267277
267280
267283
398363
267291
398366
267295
136233
398377
267305
398378
267307
5166
136239
398383
267314
398388
267318
398390
5176
267322
398396
267327
5185
398407
267342
398415
398416
267345
267347
398421
267355
5213
267360
398434
136290
267363
267366
267369
267371
398443
136301
267374
398448
267380
5241
267385
398458
267391
398465
267396
398471
267400
398474
5259
136333
398477
5262
267411
267413
398486
267421
398493
398497
267425
267427
267431
267433
398505
267436
398509
267438
398513
267442
267448
398520
5305
398524
267452
398525
267455
267458
136387
398532
267461
267464
398538
267466
398541
267469
398544
267473
136404
267476
398549
398552
267480
398555
398556
5344
267489
398562
5347
267492
267496
398569
267499
267502
398574
267506
398579
398586
267517
398591
267519
398593
398594
267524
398600
398601
267533
267539
398614
267546
398618
398621
398625
267554
398628
267557
398629
5415
267560
398634
267563
267566
398641
267570
398644
136500
267573
398646
267575
398651
398654
398657
267586
398659
267591
398663
5448
267593
398666
136525
398669
267599
267603
398677
267607
398681
267610
398684
267615
398687
398690
267619
267622
267624
267626
267628
267630
267634
267638
267640
267644
398717
267646
398721
267649
398724
267653
398728
267657
5514
267658
398731
267661
267664
136593
267666
398739
398743
5531
267679
398751
267680
267683
398755
398758
5543
267691
136621
398766
267695
398773
267702
267704
398778
267707
5566
267711
398784
267714
136646
267718
398792
267721
398795
398799
267729
267733
398807
267741
398814
267745
398821
267753
398827
267758
267764
398839
398841
398842
267771
267777
267779
267782
398856
267786
136716
398862
267791
267798
398871
267800
5657
267803
398877
267807
136738
267811
267815
5672
267817
398894
398897
267827
398909
267838
267840
267841
267845
398922
267850
398925
398926
398928
398931
267863
267866
267868
398943
136802
267875
267880
398953
398957
5742
267886
398960
398963
398964
267897
398971
267899
267905
267907
398983
136841
267916
398989
5775
398992
5781
398998
267927
399002
267931
136862
267939
267942
267945
5805
267949
267951
399026
267955
5811
136889
267962
399037
136893
267967
399042
267974
5831
399047
267977
399050
267979
267981
5837
267982
267986
267988
267991
399065
267995
267997
267999
5857
268001
399074
399076
399079
5863
268009
399087
268015
268020
399095
268024
399098
268028
399102
399105
268034
399109
268040
136969
5901
268046
268054
268058
268062
268064
268067
399139
268069
268078
399150
399151
5938
268084
268087
399160
268089
268092
399168
268097
399170
268098
268100
399172
268103
268106
399178
268109
5965
268112
399186
399191
399192
268122
399199
5984
268129
268133
399206
399208
268137
399210
5997
268143
268146
399218
268149
399221
268153
268157
268160
399235
268164
268165
399239
268169
268172
399244
268173
268176
268180
399259
268189
399262
399264
6049
268193
6052
268197
268200
268204
399277
268207
268210
268216
6073
268223
268225
268228
268231
137163
137164
268238
6107
268252
268255
268259
268262
399335
6120
268266
399338
6123
268269
399342
399344
268273
268276
268279
268286
268288
399362
268291
399364
399365
268295
268299
268303
399376
6163
268308
399380
399383
268314
399386
6170
268316
399389
268318
399395
268323
268326
268330
399403
268332
399407
268337
399410
6195
268341
268345
268348
6205
399424
268354
268360
268361
399435
268365
268368
268370
137301
268375
268379
399453
268382
268385
399458
268389
268392
268397
268399
399471
137329
268402
399475
268403
6260
399478
268411
399485
268415
268420
399496
268424
268429
268433
6290
399508
399515
268449
268454
399527
268458
268460
268462
268465
268469
137398
399542
137404
399548
268483
268484
268486
399558
137423
399567
268498
399571
268499
268501
268505
399577
268508
399583
268511
268513
268517
399593
268525
268531
6388
268533
268542
399615
268546
399618
268549
268552
268555
268558
268561
137493
399639
399640
6425
399641
268571
399644
268576
268584
137514
268587
268588
268591
268598
399670
268600
399674
399676
399678
399681
268611
268615
268617
399692
268626
399698
268629
137559
6488
268632
268635
399707
399708
268639
399716
6502
268648
268651
399726
268655
6512
268658
268662
268665
399739
268667
399740
137597
268673
399749
268678
268681
268684
268688
268691
6549
399765
399769
399771
268702
137635
399781
137638
268710
6568
268713
137646
268720
399792
268723
399795
6581
268726
268732
399805
268734
268735
268740
6596
268743
399816
268745
399821
268753
399826
6611
268756
399829
399833
268771
268773
399846
137702
6631
268776
268779
268783
268786
399861
268794
268798
268802
268805
399880
399882
268812
268816
399892
268821
6680
268825
399897
399899
268828
268830
137759
6687
268832
268833
268834
268835
399908
268839
6697
268841
399914
268843
399918
268847
268851
268852
399926
6711
137783
268856
399930
268860
268861
399933
399935
268863
399936
268867
399941
399942
268870
399944
268874
268876
399950
268878
268882
399955
268884
399958
399959
268887
399960
399961
399962
399967
399970
268900
399974
268903
268907
399980
268910
399983
268913
399989
399990
6779
268923
399996
399998
268927
268930
268936
400009
400011
400014
6798
268943
137872
268946
400018
268947
137876
6806
400023
268953
400026
268956
400030
400032
137889
400033
268963
268967
268970
137900
268972
268976
6832
400051
268981
268984
6842
268990
268994
269000
6857
400083
269013
6872
400088
269017
6876
269021
269027
400100
400102
269031
269034
400107
400108
269037
6893
400111
269044
269046
400119
269048
400122
269051
269055
400128
400130
269062
269065
269068
269071
400145
269075
400148
269081
400156
269085
138016
269089
269091
400163
400166
269094
269097
269099
269100
400175
269104
400178
6963
269111
269114
400187
269117
400189
400193
400195
269124
400197
400199
269127
269133
400207
400213
6998
269143
400217
269146
400218
269148
269151
400227
269155
269158
269161
269164
269165
400238
269167
400239
400243
269171
400246
138102
400247
400248
269178
400252
269180
269182
138113
269186
400260
7046
400263
269192
269194
400269
138125
269198
138127
400271
400274
400276
400277
7062
269206
400279
269207
269211
138140
400284
7069
138148
269223
269227
269230
400303
269235
269238
400312
269242
269246
7102
269249
400325
269254
400328
269258
7115
138188
269262
7119
400336
269265
400338
400342
269271
400344
269273
269276
138206
269278
269281
269284
400357
269287
269288
400361
138218
7146
400363
269294
400370
269299
269305
269307
269308
269310
269314
7171
400388
400389
269317
138247
400395
269324
138253
400397
400399
138257
400403
269331
269333
400406
269335
269339
269341
400415
269343
269354
400429
269357
400430
269361
400435
7220
138293
400438
269370
269374
400447
269377
269379
400451
400453
269383
7241
400458
400462
400464
138321
400466
400468
269397
7257
400474
400476
138335
269409
400482
400485
269414
400487
269416
269419
269425
400497
400498
269430
138359
269434
138362
269437
269439
400513
269445
400517
400518
269447
269450
269454
400527
400531
269459
400533
269461
269464
400538
269473
269475
138404
269478
269481
269484
269491
269493
269496
400568
269499
400572
269502
400578
269507
269511
400584
7368
269514
269517
400591
138448
269520
7380
269527
269530
138459
400605
269534
400607
269536
269537
269538
400610
269541
269543
269549
400623
7410
269554
269558
269560
400632
269566
400638
138495
400640
400641
269570
7427
400644
269573
138502
7431
400653
138511
400656
269584
269594
269596
138526
269598
269600
269602
269605
400680
269608
7466
269611
400683
269614
269616
400692
269623
400699
138562
138564
400709
269638
7495
269642
400714
269645
269646
269648
400720
400723
269654
269657
400730
138587
269659
138589
269663
269664
138593
138597
269670
269673
7531
400747
269677
400755
400762
269692
400764
400765
269696
400772
400775
269703
269707
400784
269712
400786
269727
269731
269732
269735
400809
269740
400820
269751
400826
269755
400828
138686
269760
269763
400840
400841
269769
7625
400845
269773
269775
400849
138707
400851
269781
269784
269785
269786
400860
7645
269792
269796
400870
138727
269799
269800
269804
269806
269809
138738
269814
400889
269817
269819
269821
400894
400903
269831
138766
269838
400912
269842
269844
269847
269850
400922
400929
269860
138798
269871
269873
400946
138802
269876
400949
400956
269886
269888
269891
400965
269894
269896
269898
400971
400972
269900
400975
269903
7766
269915
269917
269920
400993
269924
400997
400999
269929
401002
138859
401005
269933
401009
269938
401014
269946
401019
7804
269948
269954
401027
269956
269959
401034
401035
269965
401038
269969
269972
401044
401045
269975
7832
269980
269984
269987
269991
138919
269995
269999
401071
270003
270005
138934
7862
401078
270009
7866
401088
401093
138949
270022
401097
270026
270028
270030
270036
401109
270039
401112
401115
270046
270048
138977
401122
270051
270054
270057
270058
401130
270061
270064
270067
7923
270070
138999
401146
270074
270076
270083
270086
270088
401163
401165
270094
7951
401171
139030
7959
270106
7969
270116
270120
401194
270123
270126
270127
270134
7991
270136
270139
270143
401216
270145
270147
401221
270150
401224
270152
270156
270159
270163
401237
270167
270172
270180
270183
270185
401258
270188
270193
270195
401268
401270
8055
270199
270203
270207
270212
270214
270216
270219
270223
401300
270229
8085
139159
270232
270235
401308
270242
270246
270250
270254
401327
8112
270258
270261
270266
401339
270269
401342
270273
401346
270276
139207
8136
270283
270287
270291
270294
401367
270298
270304
401377
139234
270307
8164
401381
270310
401384
401388
270317
401392
270328
270330
401406
270334
139265
401410
270338
270339
401411
139269
270342
270344
139273
270347
270350
8208
270353
270357
270364
270367
401439
401441
401443
270374
270375
401447
270379
270381
270385
401459
401463
401464
270395
8252
401470
270399
270404
270410
270412
270413
401485
270417
139346
270418
8275
270419
270423
401495
139351
270426
270427
401501
270430
401502
401506
270434
8292
270438
401513
270443
270446
401522
270451
401525
270460
401535
270465
270468
270470
270473
401545
270474
401547
270478
270480
401554
270483
270486
270489
139418
270492
401565
270495
270497
8354
139426
401571
270501
401573
139430
270503
270507
270509
270512
401588
270518
401591
270521
401598
270529
270532
270535
270536
270538
401611
270543
401618
270547
270548
270551
270555
401629
270558
139487
270562
270567
401640
270574
139502
401647
401650
270578
401654
270582
270584
401657
270588
401661
270591
401663
270598
401670
401674
270602
270606
401680
270609
270614
401687
270618
401690
401692
270622
270624
270626
401698
270629
401702
270631
270633
8490
401707
270635
401709
270639
401714
270645
139573
270648
270652
270653
401726
270654
270657
401734
401737
401741
270670
270672
401746
270676
401751
270679
401752
270682
401755
401757
270686
270688
401762
8547
270696
8554
401771
270699
270701
401776
270705
270708
401780
401781
270712
401786
270715
401788
8574
270718
401793
270722
270728
401800
270733
401806
270740
401817
401818
270748
270750
139679
401826
270754
270756
401837
270767
270770
401842
401844
270784
401856
8642
139716
270789
401863
401869
401874
270802
270804
401877
270808
270810
270813
270816
270818
8675
139749
270823
8683
401901
270833
401907
270836
270838
401910
401912
401915
270844
270849
401922
401924
270855
401928
401930
270858
401932
270860
270862
270864
8721
401939
270868
401942
270871
139801
401949
270877
270883
270886
401958
401960
270889
8746
401964
270892
401969
270900
270902
401974
401976
8760
270905
8763
270907
401982
270910
401985
270914
270918
8775
270921
270925
270934
402007
402008
270938
8795
270941
270949
402028
402029
270958
402031
402036
270969
8826
270971
8829
270977
402049
270978
402052
402055
402056
270986
270988
402061
270991
139919
270993
402067
270996
139927
270999
402073
271001
271003
271005
402081
139940
402085
271013
271018
402092
271022
271025
402097
402099
271028
402104
271037
402109
402111
139969
402115
271043
8900
271048
402121
271051
402126
271054
8911
271057
402132
271060
271064
271068
271072
402145
271077
140006
271079
402153
271083
271086
271089
402163
140022
271096
402169
402170
271099
271104
140033
271107
271111
271115
402187
271117
402189
271121
402194
271125
402198
8982
402201
271129
271132
271135
402210
271139
8998
402221
402225
271154
402230
402234
271166
271168
271179
402257
271186
402258
271190
271196
402270
140127
271200
402275
140131
271204
402277
271207
271211
402283
140141
271221
402293
402297
271227
9086
402303
271231
271234
271235
402311
271239
402314
402316
402321
271249
271251
402325
271256
140186
271259
9117
402334
271262
271265
402339
271268
271274
402348
402352
271282
271286
9142
402358
402362
271290
271294
9152
402368
271298
140230
402374
271302
271304
402377
140234
402379
271308
402381
271312
402388
271316
140245
271319
271322
402394
271324
9184
271328
271330
271333
402405
402407
271336
402410
271338
271340
402413
402415
271345
9204
271348
271351
402424
271356
271358
402430
402432
271362
402436
271367
271375
402448
140304
402451
271380
271383
271384
402457
140314
402464
271393
140322
402466
271398
271402
271406
402480
402481
271410
271413
9271
271417
402496
271426
271430
9287
271433
402507
271437
271441
140370
271445
140374
402519
271449
271453
402527
271456
402529
271459
402531
271461
9319
402536
271465
402542
271472
402546
140403
271475
9332
402548
402552
271484
271486
271489
271492
402566
271495
271496
402568
9353
271500
271502
402574
402577
140433
271506
9362
402581
271510
140439
271515
9373
271517
271519
9378
271523
271526
402598
402600
271529
402602
271532
402605
271537
402612
271541
9398
271543
271547
402620
271550
140480
271553
402627
271557
271559
271565
402639
271567
402641
271571
402643
271573
402645
140501
402647
271577
402651
271579
402653
271583
271587
402660
271590
271591
140519
402666
271594
271597
402670
271599
9457
271602
402674
402676
402677
402679
271611
402683
402684
402685
271615
271617
9475
271619
402695
402697
9482
271627
271631
402705
271634
9491
271636
402709
140566
271641
402713
402715
271648
402720
271653
402727
402729
271659
402732
271663
271665
402738
402740
271669
140598
271671
402743
402745
271675
402748
271678
402753
402755
271683
402757
402760
271690
271694
271697
402770
271701
402775
140633
402777
271707
271710
402783
271713
140641
271715
402789
271717
140645
402791
402793
271725
402802
271731
402805
9594
402810
402814
271743
271748
271749
402822
271751
402824
140681
402828
271757
402832
271761
271765
402838
140695
140699
402844
271774
402846
402848
271778
402852
402855
402856
271785
402858
271788
402862
271791
271795
402868
271799
402872
271804
271807
402880
271809
402882
271811
271814
402886
402889
271820
140750
402895
402896
402897
271826
9685
402907
140763
9691
140768
271844
402917
271848
402924
271853
140781
402926
271855
140785
271857
271858
402931
271863
402935
402937
271865
9723
402941
402943
271872
402954
271882
271888
402960
271892
402966
271895
140826
271898
271901
402973
271904
402977
271907
402980
402981
271910
402990
402993
9777
140852
271925
402999
271928
403001
140857
271930
403003
271933
403007
271935
403009
271937
403016
271946
271955
403033
271962
403035
271964
403037
9821
403039
271968
403041
271970
403045
271973
403047
271976
403050
271979
271985
403059
271987
403061
403065
9850
271995
403069
271999
140927
403072
140928
140930
272002
403077
272005
272007
403079
403082
272013
272017
403093
272022
403095
272026
403099
272029
403101
272033
403107
403109
272040
403113
272044
403117
272046
140974
140976
272049
403122
272052
403124
403126
272055
403130
403133
272061
403137
272069
403143
272072
272073
403145
272075
403149
403151
272079
9936
403159
272088
272092
403165
403167
272095
272098
272102
403175
272105
403179
272111
272114
403186
403188
272121
403195
272124
403197
403199
403203
272134
403207
272135
272136
403209
403210
403213
272142
403215
272145
403217
10001
272149
403223
403225
272153
403228
403230
403232
403234
272162
403236
272166
403240
272172
403245
10031
272175
272177
403249
141106
403251
272181
141109
272183
272186
403259
403265
141121
403267
272195
403268
272198
10056
272202
403274
10062
272207
403279
403281
403283
272214
403289
403291
272219
403293
272223
403297
141154
272227
272229
272231
403303
272233
403305
272237
272239
403311
141168
272241
403316
272244
10101
272247
272249
141182
272254
272255
403329
272258
141188
272260
10118
403335
272264
403339
272267
403341
403343
272273
403350
272281
10140
272285
403358
403359
272287
141216
272290
403362
272292
403364
272293
141221
403366
403369
272299
403371
272302
403375
403377
403379
141238
403385
272314
10172
272317
272319
403391
272321
272323
272325
403399
10185
403401
403403
10188
403405
272333
272335
403411
272339
403413
272342
403417
141275
403424
272354
10210
10213
403429
272357
403435
272366
272369
403441
10227
272371
403444
272373
141303
272377
403449
403451
272380
403455
272385
403457
403459
272388
403461
141318
272390
403464
272392
272396
141325
403469
403471
272400
403473
141332
272405
403477
403479
141336
272409
403481
403483
10267
141346
403492
141353
403500
272428
403504
272433
403506
272437
272439
403511
272441
403517
272445
272447
403522
272450
272451
272454
403526
403530
272460
403534
272463
403535
403537
403538
272466
141395
403540
272470
141399
272475
403548
272477
403552
272481
272485
272487
403560
141417
272490
403564
272493
272499
403572
272502
272509
272512
272516
272521
403593
403595
272524
272527
403599
403601
403605
272535
403609
272546
403619
272548
403623
272551
403625
141482
403626
272558
403630
272559
10417
403634
272563
403638
272567
403640
272571
403643
272575
403651
403653
272581
272582
403655
272584
403659
272588
403661
403663
272593
403665
141526
272600
403673
272604
272606
272608
272609
141537
403681
272611
403685
272619
403693
272621
403695
272624
10481
403697
272629
403703
272633
403707
272637
10494
403711
272641
272644
403716
272646
272650
403722
10509
272655
403728
272657
141589
272663
403736
403738
272667
141596
403740
403742
272671
403743
403745
272674
403747
403749
272678
141607
272682
10541
272686
403759
403761
403762
272690
10548
403767
403771
10556
272702
403777
272708
272713
403785
403789
272718
403793
272722
272726
272728
272730
403802
403804
403807
272738
403811
272741
403813
272742
403815
141672
272744
403817
272747
403819
403821
272750
403823
272754
10613
272757
272760
403833
272763
403835
403837
272765
272767
403841
403843
272771
403844
403847
272776
10633
403849
403851
272780
272783
141711
272785
403859
272789
403861
272793
403865
141725
403871
272800
403873
272802
272805
10663
403879
272807
403881
272810
403882
403884
403886
272814
403887
272822
10678
272825
141756
272828
272830
272834
10691
272838
272841
272843
10700
272849
272854
272856
141786
272859
272863
272866
272867
272869
272873
272876
272877
272885
272889
272891
272895
141829
272901
141836
272910
272915
10772
272918
141848
272921
272923
272926
272927
272929
272932
10791
272937
272943
10799
272945
272949
141880
272952
272958
272962
272966
272970
272973
141902
272976
272978
272982
272992
272996
272998
272999
141930
273004
141934
273009
273012
141941
273015
10872
141944
273016
141947
273023
10885
273030
273034
273036
273046
273049
10905
273051
273052
273061
10918
273065
141994
273068
273071
273075
142004
273077
273084
142012
10942
273087
273090
273092
273095
10951
273097
273099
273103
273107
273113
273116
273118
273120
273123
273125
273128
273131
273135
273138
273141
273144
273146
273150
273154
273157
142086
273160
142090
273168
273172
142104
273177
142107
273190
273193
273195
273197
273200
273205
142134
273210
273212
273222
273227
273228
142158
273236
273238
273241
273244
273247
273248
11107
142179
273253
142183
273257
273265
273267
11124
273271
273273
273275
273277
11134
273281
273284
11141
273290
273300
273302
273305
273307
142236
273308
273310
273312
142240
273314
273317
11178
273322
11181
273325
142255
273327
273330
273333
273335
273341
273345
273351
273357
142290
273363
273366
11225
273372
273375
273378
273380
11237
11241
273386
273388
273390
273393
273396
273400
273402
273406
273407
273410
273412
273415
142344
273418
273420
273422
273425
273427
273431
273435
273448
11305
273451
11309
273461
273462
11320
273468
273471
273478
11335
273481
273482
273487
273490
273493
273497
273500
273506
273511
11368
11376
273529
273530
11387
273533
273536
273539
273541
142471
273543
142473
273547
273549
273552
142481
273555
273559
273562
142494
273569
273574
273578
273580
273582
142514
273588
273591
11451
273595
273599
273604
142533
273609
142537
273621
273624
273625
273628
273632
273634
142563
273640
273643
142573
273646
142575
273649
273651
11509
273654
273656
273660
142588
273662
273665
273668
273671
11530
273674
273676
11536
142610
273684
273688
11546
273691
273692
273695
273698
273702
273705
142634
11563
273711
273712
273716
273718
142647
142652
11584
273728
273732
273735
11591
273738
273741
273749
273751
142681
273754
273758
273761
273766
273773
273777
273781
273784
273788
273791
273793
142723
273797
273800
273805
273807
273810
273814
11672
273818
142748
273821
142752
273826
273831
273837
142773
273845
273848
273851
273854
11712
273858
142788
273861
273867
273869
142798
273872
142801
273876
273878
273882
273888
273890
273893
273895
273897
273898
273899
142828
273905
273908
273911
273917
273920
273923
273926
273929
273932
273935
273938
11794
273940
273942
273944
273954
273960
273962
273963
142892
273967
11825
273970
142898
11827
273975
11837
273982
273986
273987
273991
11853
273999
142927
274006
274010
274013
274016
274019
142949
11880
142953
274025
274028
11886
274032
142962
274034
274036
274038
274042
142975
274048
274052
274056
274063
274067
274068
143000
274072
274079
274082
274084
274086
274089
274092
11948
274094
274100
274102
274110
143044
274117
274119
274128
274133
11992
274137
274141
274143
143074
274147
12005
274153
274156
274159
274163
274166
274170
274173
274176
274184
12040
274188
274191
274193
274195
274199
274203
274205
274211
274215
12073
274219
274222
274227
143155
274229
143159
143166
274242
274249
274253
12110
274257
274261
274265
143196
274270
274274
274277
274281
274285
274288
274289
274292
12148
274305
274307
274311
143243
274315
143255
274329
274331
274334
274339
274341
274345
274347
274350
274353
274358
274359
274362
274366
274370
12231
274379
274381
143310
274383
274392
274396
143327
274400
274403
274406
274408
274419
274423
274426
274430
12287
274437
12294
274439
274441
274444
274446
274450
274453
12310
274456
143389
274461
274465
274467
274480
274484
274486
274488
12350
274495
143425
274499
274502
274506
274509
274513
274516
274518
274522
274526
274529
274536
274537
274542
274544
274548
274550
274554
274557
12419
143493
274566
12422
274568
12425
274569
274570
274574
274578
274581
274582
143511
274590
274594
274597
12454
274599
274605
12461
274613
274616
274620
274624
274627
274630
143562
274644
274648
274651
274653
143582
12511
274657
274664
274667
274670
274676
12537
274685
274689
12548
274692
274694
274698
274702
274708
274712
274716
274720
274723
12579
274727
274730
274733
274734
274738
274741
274752
274756
143687
274759
274763
274767
274770
143698
274772
274775
274778
274781
274785
274788
274792
274797
274800
143729
274804
12661
274805
274807
274809
12666
274811
274812
274816
143744
274819
274823
274826
274828
274832
12689
274835
143764
12694
12697
274841
274845
274849
274853
12713
143787
274859
274862
143791
274866
274874
274877
12735
274879
274882
274885
274889
274893
12751
274896
274897
274903
143835
274913
274921
274929
12785
274935
274943
274947
274952
274955
274957
274959
274962
274965
143894
274972
274974
12831
274977
274980
12838
274983
274985
143916
274995
275001
275006
275013
275017
275020
275023
143958
275030
275034
275038
143967
275047
275051
12909
275054
12912
275059
275063
12921
143994
275067
275071
275073
275075
275080
275083
275084
275091
275094
144023
275097
144027
275101
275106
275109
275112
275115
275119
275121
275128
275131
275134
12992
275140
275143
275147
275152
144080
275157
275160
144089
13018
275162
144093
275165
275167
275168
13026
275172
275176
275182
13039
275186
275190
275196
275199
275202
275208
275213
275216
275218
144151
275228
275231
275234
144163
275242
144171
275245
275247
13104
275253
275256
275257
144185
144187
275261
275264
13121
275272
275276
275281
275283
13141
13145
275290
275294
13153
275303
275307
275311
275313
275316
13176
275320
275322
275326
13184
275330
275333
275340
144271
275345
275347
275351
275355
275358
275361
275365
275369
275372
275373
275377
144306
275383
275386
275387
275390
275392
13249
275395
275398
13255
275400
275404
275411
275414
275417
13273
275418
275420
275423
275426
275430
275433
144363
275447
275449
275451
13307
275459
275462
275463
13319
275466
144395
275468
275471
275475
13332
275479
275484
13340
275486
275491
275495
144425
275499
144428
275502
275505
275506
275511
275515
275518
275520
275523
275526
275529
275533
275536
275539
275542
275545
275548
275551
275554
275558
275562
144495
275570
275573
13432
275577
275580
275582
275596
275599
13457
275602
275604
275607
144536
275610
144540
13470
275615
275618
275620
275622
144553
144555
275630
144559
13488
275634
13491
275636
275644
275647
144577
275651
144581
275655
275657
275658
144588
275662
275670
275673
275676
275682
275687
275689
275692
275695
275698
13557
275702
275706
275710
144643
275718
275721
275723
275725
275731
275734
275743
275747
275748
275751
275753
275755
275759
275761
275764
275768
275774
144704
275781
13638
13641
275787
275794
275798
275811
275815
275818
275820
275822
275827
275831
275835
275838
275844
275845
275852
275855
275863
275866
144799
13729
13732
275877
275883
275891
144821
275901
13757
275904
13761
275908
275911
275918
144847
275921
275925
275929
275938
13796
275941
275943
275946
275949
275951
144881
275955
144885
13813
275960
144889
275963
275966
275969
275971
275977
13839
275985
275988
275992
276001
276004
276010
144940
276018
276026
144956
276030
276033
276045
276048
276050
144979
276053
276060
276063
276066
276072
276075
145005
276080
145009
276082
276084
276091
276098
276101
276103
276106
276108
276109
276112
145042
276115
276119
145050
276125
276127
276130
276134
276138
276142
276144
276148
276151
276153
145084
276157
276160
276164
276167
145098
276171
276175
14034
276182
276184
276190
276193
145123
276198
276201
276204
276207
276211
276219
276222
145153
276225
14082
276228
276231
276235
276237
276240
145169
276245
276248
14106
276252
276255
276261
276263
276268
276274
276278
276282
276285
276291
276293
276296
276299
276302
276311
276316
145246
276320
276324
276326
276329
14186
276332
276334
276338
145267
276341
145274
276348
276353
276355
276359
14217
276363
276366
14224
276370
276372
276378
276380
276384
276388
276392
276396
276398
276402
276405
276408
276413
14269
145342
276416
276419
276424
276434
276441
276444
276448
276451
276455
276459
276464
276471
276474
276476
145406
276482
145414
276491
276494
276496
276500
276503
276506
145438
276513
276517
145446
276523
145453
276528
276533
276536
276539
276542
145476
276548
276550
14410
276555
276558
276560
276563
276565
145496
276572
276574
276577
276579
276582
276585
276588
276591
14449
276594
145524
276598
276600
276602
145532
145533
276606
276609
276610
276612
14468
276616
276619
145548
14477
276622
276626
14484
276632
276634
14490
276637
276639
14496
276640
276644
276646
276647
276649
145580
276652
276656
276660
276663
145592
276671
276674
276677
145606
276680
14538
276688
276692
276695
276699
276702
145632
276705
276710
276716
14574
145646
276718
276721
276729
276733
276734
14590
14596
276741
276747
14604
276750
276752
276755
276769
276771
276773
276774
276781
276794
276795
276798
14659
276807
276810
276817
145748
145750
276824
14685
276831
276833
276837
145768
276841
276845
276849
276853
276856
276860
145791
276863
276866
276873
276888
276891
276893
14752
276897
276901
276905
276908
276914
276916
276922
14783
276928
276931
276933
145863
276936
276939
276941
276944
14803
276950
14806
276958
276960
276961
276964
14823
276968
276971
14827
276974
276975
276976
276980
14839
276984
276987
145915
276991
276993
276997
276998
277002
277005
277007
277010
277014
145944
277017
277024
277028
277032
277034
14895
277040
277042
145974
277046
277048
14905
277054
145983
277065
277072
277074
277077
277082
277084
277087
277092
146023
277095
277099
277102
277104
277106
277109
277117
277119
277123
14982
277127
277134
277137
277140
277146
277152
277155
277157
277160
15017
277163
15021
277169
277173
277176
277180
277182
15038
277185
277188
277191
277192
277195
277199
15055
277205
277207
277212
277216
277219
277220
277222
277224
277226
146160
277232
277234
146169
277241
277243
277245
277249
146179
277252
15119
15121
277268
277272
146206
277282
146210
277288
15147
277292
277298
277301
277303
277306
277312
277318
277320
277323
277326
15182
277329
15195
277340
277344
277346
277350
277356
15216
277360
277363
277366
15227
277372
15230
146304
277376
277381
15237
277386
277390
277392
277395
277403
277404
146339
277415
277418
277420
277422
15279
277424
146352
277426
15282
15284
277432
277433
277435
277439
277441
146370
15298
277445
277447
146376
277450
277452
277458
277461
277463
277469
277472
277482
277486
277489
15348
277493
277497
15357
15360
277504
146435
15364
277508
277511
277517
277519
146447
15384
146457
277531
277534
277536
277542
146480
277560
277566
277568
277571
15428
146503
15447
277593
277595
277599
277604
277607
277609
277616
277619
277622
15484
277628
277632
277635
277638
146568
277642
277644
277649
277653
277655
277659
277662
277665
277667
277670
277675
277678
277683
277691
277693
15553
277700
277702
277704
15564
277711
277716
277719
277721
277724
277728
277732
277736
277740
277743
277745
277748
277750
146678
15607
277754
277763
277765
277767
15629
277773
277777
277779
277781
277783
146717
277790
146721
277795
277797
146725
277800
277805
146736
277809
277813
277816
277818
277821
277826
146755
277830
277832
277834
277838
277842
277844
277848
146778
277851
277857
277859
277865
277869
277873
277877
277884
15743
277888
277890
277893
277896
277900
277904
277910
277914
277916
146849
146853
277929
146860
277935
277937
15794
277942
146875
277948
277955
277957
277960
277968
277973
277977
146908
277980
277983
277989
146921
277997
15854
278000
278004
278007
278010
278014
278018
146946
278021
278023
278025
146958
278031
278035
278039
278043
15900
278046
278049
278051
278053
278057
278060
278061
15920
278064
278068
278075
278078
278081
278084
278089
147017
278094
278096
278099
278102
278104
278107
15966
278115
278117
278120
15980
147053
278125
278128
15984
278133
15994
278138
278142
278144
278147
278148
278150
16006
278152
278155
278158
16017
278171
278174
147103
278178
278180
278182
278193
278195
278199
278203
278205
278209
278217
278225
278231
16087
278234
16090
16092
278240
278244
16101
278247
278249
278253
147182
278257
278261
278263
278265
278267
278270
278274
278279
147212
278287
147218
278291
147221
16154
278299
278303
278306
278310
16167
278314
278317
278321
278323
16181
278331
278337
278343
278346
278349
278353
278356
278359
278366
16222
278370
278372
278377
278379
278384
278387
278389
278398
278401
278403
278407
278410
278414
16270
278420
278426
278429
278433
278443
278447
278450
278452
278456
278460
278464
147393
278467
278469
278471
278474
278477
147407
278483
278486
278489
278492
278495
278498
278501
278503
278505
278507
278510
16370
278514
278519
278520
278529
278533
278535
278537
278540
278543
278546
278550
278553
278567
278570
278572
278576
16433
278580
147509
278584
278588
147519
278592
278593
278595
278599
278602
16461
278608
278611
278614
278618
16479
278627
278628
278632
278636
278638
278640
147569
278642
278645
147573
278649
147578
278652
278656
147588
278660
278663
278665
278666
278668
278670
147603
278676
147609
278681
278684
147613
278689
278691
16548
278706
278708
278717
278720
278727
147660
278732
16589
278733
278735
147667
278739
147669
278743
16599
278746
278755
278757
278760
278762
278764
278766
278768
278771
278773
278775
16634
278779
278781
278783
278788
278789
16645
278798
278802
278806
278809
278814
278817
278818
278820
278824
147754
16683
147758
278833
278836
278842
16701
278849
278852
278859
278861
278867
16725
278870
278873
16730
278876
278878
278881
278884
278889
16747
278893
278896
278899
278901
278904
278908
278912
278916
278918
278920
278923
278928
278929
147859
278934
278940
278943
278945
278951
278954
278960
278965
278968
278971
16829
278973
16833
278979
16840
278985
16847
16855
278999
16857
279002
279008
279010
279014
279017
147954
279030
279034
16896
279042
279044
16903
279053
279057
147992
16922
279066
279071
279074
279076
279081
279084
148015
279088
279091
279095
279098
279102
279104
16961
279107
279113
279116
279118
279124
279128
279132
279136
279139
279142
279144
279150
279152
279158
279160
279165
279171
279174
17032
279176
279178
279183
279187
279190
279191
279200
279202
279205
279211
279217
279219
279223
279227
279230
279234
279242
279245
279246
279250
279253
279256
279259
17122
148195
279267
279269
279270
279275
279278
279282
279286
279290
279297
279299
279300
279303
279306
279309
279313
279314
279317
279319
279322
279325
17183
279330
279332
279336
279340
279343
279345
279351
279355
279357
279363
279365
279370
17228
279373
279375
17232
279380
279383
279385
279391
279395
279401
279403
279406
279410
279414
148343
279418
279419
279421
17280
279430
279431
279434
279435
279436
279440
279447
279452
279454
279457
279466
279468
279471
279476
148405
279480
17340
279485
279487
148419
279493
279499
279502
279505
17363
279512
17369
279515
279518
279520
279523
279526
279529
279530
148460
279534
279544
279547
279551
279554
279556
148490
279562
17421
279565
279569
148497
279571
148501
279574
279581
17437
279583
279588
279589
279593
279598
279605
17462
279608
279611
148540
279614
279616
279619
148548
279620
279621
279629
279633
279638
279639
279642
279646
279653
279655
279658
279659
279662
279664
279667
279674
279677
279680
17536
279681
279686
279692
279700
279705
148634
279709
279712
17571
279715
279720
279723
279727
279731
279734
279737
279738
148672
279745
279751
279757
279760
279763
279766
279771
279773
17632
279779
279782
279786
279789
279790
148719
279793
279796
279800
279803
279807
279811
279815
279821
17678
279825
148754
279829
148758
279833
279835
279838
17695
279841
279849
279855
279858
279860
17719
279866
279869
279871
279874
279877
279880
279882
279883
148812
279886
148819
17748
279896
279898
279901
279903
279904
279907
279911
279914
279918
279923
279924
279926
279931
279933
17789
279936
279939
279941
17797
279942
148871
279944
279946
148875
279947
279949
148878
279951
279954
279955
279959
279963
279966
279967
17829
17832
148909
17848
279993
279996
17854
280001
280005
280006
280008
280010
280017
280020
280023
17884
280029
280033
280035
280038
280040
17899
280045
17903
280051
280054
148984
148988
280061
148992
280067
148996
280070
280072
17930
280076
280080
280083
280084
149020
280094
280097
149028
280106
280107
280111
280115
149044
280117
280119
149047
280122
280126
280128
280130
280132
280134
280136
280137
280140
280142
149070
280145
280147
280151
280153
280155
280157
280161
280171
280175
280182
280185
149116
280188
280191
280195
280198
280202
280209
280213
280215
149148
280222
149153
280227
280229
280231
280233
18093
280237
280251
280254
280257
280259
280261
149191
280265
280268
280271
280274
280281
280282
280285
280288
280289
280293
280297
280301
280304
18161
149234
280312
18170
280314
280316
280321
280323
280329
280335
280337
280339
149271
280344
280346
280351
280353
18211
280356
280361
280362
18219
280370
280374
280375
280378
280381
149310
280384
280386
280390
280396
280399
280406
149335
280409
280412
280414
280418
18277
280424
280432
280436
18293
280439
280441
280443
280445
280448
18305
280451
280456
280458
280461
280465
280468
280471
280473
280478
149407
280481
280483
149415
280487
280491
18347
280495
280500
280502
280505
149435
280510
280515
280519
280520
280523
280529
149459
280532
280539
280541
280544
280548
280550
280554
280557
280558
280560
280570
280573
280577
280579
280582
280586
280590
280592
280595
280598
280601
280604
280607
280610
18468
18470
280617
280623
18481
280629
280632
280635
149564
18493
280639
280642
280647
280650
18506
280653
149582
280656
280657
280660
280663
280666
280669
280672
280675
280677
280679
18535
280683
280687
149621
280694
18558
280703
280706
280707
280711
280713
280716
18572
149647
280720
280724
280727
280728
280730
280733
149669
18601
280748
149677
280751
280757
18616
280760
280761
280763
280766
280770
280773
280775
280777
280780
18637
149709
280783
280788
280791
280793
280795
280803
18660
280806
149738
280813
18670
280816
280822
149752
280825
280830
18687
280841
280845
280848
280853
280856
280860
280862
280865
280869
280872
149802
280875
280878
280882
18739
280884
280889
280892
280893
280894
280900
280902
280906
18763
280909
280910
280913
280914
18770
280917
280922
149850
18780
280927
280932
280935
280938
149869
149872
280945
280949
18809
280955
18812
280958
280960
280965
280967
280972
280978
280982
280984
280987
280994
280998
281000
281003
281009
18868
281012
281017
18876
281021
281024
281027
281030
281032
281035
281037
18901
281045
281049
281053
281056
281058
149989
281064
281066
149995
281068
281070
281074
281078
281081
281082
281083
281087
281089
281094
150026
281098
281101
281105
281109
18966
281112
281116
281119
281121
281124
281127
281130
150060
281133
281135
281138
18996
281141
281145
281148
281149
19011
281157
281160
281164
150092
19022
281166
150095
281168
281171
281175
281178
281182
281187
150117
281194
19051
281196
281202
281205
19064
281208
281212
281219
281228
281232
281241
150171
281246
281248
281251
281260
281266
19124
281270
19126
150199
281274
281277
281280
150209
281290
281293
281296
281300
150230
281302
281306
150238
281312
150242
281315
19172
281318
281322
150251
281326
150257
281330
281337
281339
281341
150270
281346
281349
281352
281353
281357
281360
281362
281367
281370
281373
281375
281377
281380
281383
281385
19241
281387
281390
281393
281395
150324
281398
281401
281403
150335
281408
281411
281415
281418
281422
281427
281433
281436
281440
281443
281445
150374
19303
281448
150378
281450
281453
19312
281457
150386
281459
281463
281467
281471
150400
281474
281477
281480
281483
150419
281493
281496
281500
150429
281505
150434
281509
281512
281513
281517
281520
19377
281523
281526
281529
19386
281531
19389
281534
281537
281544
281546
281549
281552
150481
281556
281559
281562
281567
281574
281576
281579
281582
281584
281587
19448
281598
150531
19459
281606
281609
281613
281616
281620
150550
281624
281627
150556
281630
281633
281636
281638
281641
281645
281647
150577
281650
281653
150582
281656
281657
150592
281665
281670
281672
150602
281674
281678
150607
281687
281693
281695
281699
281704
150633
150636
281711
281714
281719
281724
281727
150658
281730
281734
281736
19594
281739
281742
19601
281747
19603
19611
281755
281757
281760
281763
281769
281771
281777
281778
19636
281780
281787
281792
281795
19652
150724
281798
19655
150728
281801
150732
19661
19662
281809
281813
19670
281815
281819
19677
281823
19684
281832
281835
19692
150766
281838
281841
281844
281850
150780
281852
281854
281858
281860
150789
19719
281864
281866
281870
19727
281872
281876
281880
19740
281884
281888
281890
281898
281901
281906
281908
281911
281918
281928
19787
281931
281934
281938
281941
281943
281945
19805
281952
150882
281955
281958
281962
19820
281964
281966
281968
281970
150903
281975
281981
281987
281990
150919
281997
19853
282000
282003
282004
282006
282009
282022
282025
282032
282039
282041
282042
282046
282048
282049
282055
282065
282068
282072
282075
282078
282081
282087
151016
282096
282099
151028
282102
151032
282104
282106
282116
282119
282123
282125
282128
19986
19989
282133
282137
282140
282150
282156
20014
282158
282160
282162
282164
282169
151098
282171
282174
282176
282180
282183
20040
282185
282189
282192
20050
151122
282197
20056
282202
282203
282206
282209
282212
151142
151146
282218
282222
282226
282228
282230
282235
282237
282239
20098
282243
282246
20104
282249
282253
282259
282262
282265
282272
282274
282279
282282
282284
282287
282289
282290
282296
282299
282301
282304
282307
282310
282312
282314
282320
282323
282325
282328
282331
282334
282337
282345
151274
282347
20206
282351
282354
20213
282361
282364
151297
151298
282371
282373
282376
282379
282382
282384
20243
282387
282388
282396
282398
151328
282401
282403
282407
20268
282415
282418
282421
282425
282428
282430
282433
282436
151372
282444
282447
151376
151380
282453
20309
282457
20315
282461
282465
282469
282475
282478
282481
282486
282489
282491
282494
282497
282499
20355
282505
20366
282514
282517
282520
282522
282525
282528
282531
282534
282537
282540
20398
282542
282547
282550
282553
282556
282558
282561
282564
282567
282570
282573
151503
282576
282579
282582
282585
282587
282590
282591
282594
282598
282600
20459
282605
20466
151542
282615
282618
20474
282622
151550
282625
151554
282628
282631
282636
282637
282639
282641
282644
282645
20502
282648
282651
282657
151586
282660
282663
282666
282670
282675
282677
282680
282683
282686
282690
151620
282693
282696
282698
20557
282702
151632
282708
282711
282714
282719
282724
282727
282732
282734
282738
282740
282743
282748
20605
282756
151685
282758
282761
282762
20622
282771
282774
282779
282785
282794
282798
151735
282808
282812
151742
282822
282827
151757
282833
282838
282840
282842
282845
282846
282847
282849
151780
282859
282863
282867
282870
282871
282873
282875
282877
282882
282884
282887
282890
151820
282893
20752
282905
282907
151837
282910
282913
151841
151843
282916
282924
282927
282930
282934
282937
282940
282947
282952
282955
282958
151886
20818
282962
282969
282974
282976
282978
20840
282985
282986
282989
282993
151923
282995
20853
282998
20856
283001
283003
283008
283012
151942
283015
20873
283017
283020
283021
283027
283030
151961
283033
20892
283036
283038
283043
283045
283054
283055
283058
283059
283062
283068
283071
283072
283074
283076
20932
283079
283082
20942
152014
283087
283088
152018
283093
152027
283100
283102
283105
283109
283114
283115
20973
283119
283123
283126
283131
283134
283138
283140
283142
283145
283150
21007
283154
283157
283159
283160
283162
283164
283166
283169
283171
21029
283175
21035
283179
21038
283186
283191
283196
283199
283202
283205
152136
283209
283213
283218
283226
283229
283236
283239
283242
283244
152172
283246
21103
283252
21109
283255
283261
283265
283267
283269
283273
152207
283280
152210
283286
283291
283298
283303
283306
283309
152240
283314
152244
283321
152251
283324
152255
283328
283329
283333
21190
283336
283338
283340
283342
283344
283347
283352
283359
283362
283365
283367
283369
21228
283375
283378
283381
283382
283384
283387
152316
283389
283392
283400
283404
283410
283412
283415
283417
21276
283423
283426
283429
283433
283435
283438
283440
283442
283446
283450
283452
283455
283457
283461
152391
283466
283476
283480
283483
283486
283491
283495
283498
283501
283504
21361
152434
283509
152440
283512
21368
283515
283517
152447
283521
283525
283528
21390
283534
152464
283542
283544
283547
283551
283555
152486
283560
283571
283579
283583
152511
283585
283587
283594
283598
283601
283606
283609
283612
152542
152548
283621
283630
283632
283638
283640
283643
283650
283652
283654
283657
283661
283664
152592
283666
283670
283674
283678
283686
283688
283692
283695
152626
283699
283702
283705
283707
152637
283710
283714
283718
283726
283729
283731
21594
283738
283741
283744
21600
283747
283757
283758
283762
283765
283768
152698
283776
283784
283787
283790
283793
152721
283796
283799
283802
283804
283810
283816
283827
283830
283834
283837
283843
21701
283848
283851
283856
283859
283864
283867
21725
283871
283873
152801
283877
283880
21739
283883
152811
283886
283889
21747
283891
283898
152828
283901
152831
283904
21762
283908
283911
283913
283915
283917
283923
152856
283928
21786
283931
283933
21789
283935
283938
283940
283942
152872
283947
283949
283952
283953
283956
152886
283959
283961
283963
283965
152896
283969
21825
152900
283972
283976
283980
152910
283983
283984
283988
283991
283994
283999
21856
284003
284004
152934
284008
152938
284012
284016
284019
152948
284025
284031
284035
152965
284037
152973
284045
284047
284050
284053
284056
284058
284060
21916
284066
284068
152997
21925
284071
284074
284078
284084
284086
284087
284093
153023
284096
284100
284102
21964
284110
284112
284114
21972
284117
284121
284124
284127
284129
284132
153060
284135
284141
284144
284146
153075
284149
284150
284153
284156
284160
284164
284168
284171
284172
284177
284181
284184
153113
284185
284188
22045
284190
153128
153131
284208
284211
284214
284218
284221
284226
284229
284233
284237
284241
153172
284249
22105
284251
284253
153187
284261
284265
284268
284270
22127
284272
284274
284279
284282
284285
284290
284297
284302
284305
284307
22163
284314
284317
284323
284325
284329
284332
22188
284334
284337
284341
284345
284348
22206
284351
284353
284355
22211
284360
284362
22219
284365
284368
153299
284374
284377
284380
284383
284388
284390
284393
284396
284400
284403
284407
22264
284411
284412
153341
284415
284420
284422
284424
284427
284431
284435
284436
153364
284437
153367
284441
153370
284444
284448
284451
22310
284455
284456
284459
284461
284463
153392
284466
284469
284471
284473
284475
153404
284477
284480
284484
284487
284490
284492
284496
284498
284502
22360
284506
284509
22366
284514
284515
153445
284518
284521
284525
284527
284529
284531
22388
284533
153463
284535
284538
284541
284544
284547
284549
284551
284554
284557
22414
284560
284566
22423
284568
284572
284575
284578
284583
284584
284587
153517
284593
22451
284596
284599
284601
284603
22460
284606
153535
284609
284614
284621
284625
284634
22492
284636
284638
284640
284643
153571
284645
284646
284648
22507
22509
284654
284657
284659
284662
153597
284670
22526
284672
153600
284674
284680
284682
284685
22543
284688
284689
284692
284696
284698
284701
153633
284705
284708
153637
284710
284712
284715
284717
284718
284722
284724
22583
284728
284734
284739
284744
284748
284751
22608
153681
284754
284759
284764
284768
284773
284775
284777
284780
153713
284787
284791
22647
284792
284799
153728
22657
284802
284806
284811
284813
284814
284819
284822
284825
284827
284832
22689
284836
22695
284840
153770
284843
153773
22702
284847
153780
284854
284859
284860
284863
284868
284871
284875
153804
22733
284881
284886
284890
284892
22749
284895
153823
284898
22757
284902
284904
284907
284910
284914
153843
153849
284922
284925
284932
284936
284940
284943
284952
284955
284957
284959
284961
153891
284967
153895
284972
284975
284978
284981
22841
284985
284986
284989
284993
284995
284996
284998
285000
153930
22861
285007
285012
285017
285019
285021
285024
22881
285026
153957
285030
285031
285039
285040
285042
285045
22902
285048
285051
285053
153984
285062
285066
22924
285068
285070
154000
285073
285077
285081
285083
285086
22943
285088
285092
285096
285100
285103
22962
285108
285109
154037
285112
285116
285119
285122
285125
154053
285128
154057
285130
154061
285134
22992
285138
285141
285142
285144
285146
285148
285150
285151
154087
23015
285162
154094
285166
285168
285170
154102
285176
23033
285178
23039
285184
23041
285187
285189
285195
23053
285199
154128
285207
285213
285218
285221
285224
285228
285234
23093
285238
154174
285247
285251
285253
285264
285265
285268
285269
285272
23129
154202
285275
154220
285297
285303
285306
285312
154247
285322
285324
154253
23184
285328
154259
285334
23192
154266
285351
285362
285364
285366
285369
285378
285380
285384
285386
285387
285393
285396
285398
285403
23261
285405
285408
23265
285414
285418
285420
23279
285424
285427
154357
285432
285436
285438
285440
154370
285444
285448
285451
154380
285453
285458
285462
285466
285469
285472
23329
285477
285481
23339
285484
23341
285486
23344
285488
285491
285495
23352
154424
285497
154429
285502
285504
285508
285511
285513
285517
285522
23379
285525
285527
285531
23388
285534
285539
285543
23402
285547
285552
285555
285556
285557
285560
23419
285566
285568
285570
154499
285573
23431
285578
285581
285583
23440
285586
285589
285592
285595
285598
285601
285604
23460
285608
285611
285615
285618
285621
154549
285625
23484
285629
154557
285632
285636
154565
285639
285640
285642
285646
285650
285652
285654
285656
285660
285664
285674
285676
154605
285679
285681
285684
154622
285694
285697
285700
285704
285707
285716
23577
23579
285727
285731
285739
285742
285746
23605
285752
154682
285755
285763
154695
285767
285773
285778
285785
285788
285790
285792
154722
285795
285798
154729
285804
285806
285813
285817
285822
285825
285826
285827
285831
154762
285834
23691
285838
285841
154770
285844
285848
285852
23710
285862
285865
154794
285868
285873
285876
285878
285882
285888
285892
285897
285900
285902
23760
285905
285909
23766
285916
285919
23779
285924
154852
23781
285938
285940
285942
285945
285948
285955
285958
285961
285964
285965
285966
285969
285980
285983
285985
285988
285991
285998
286000
286005
154935
286011
286014
286015
286019
286021
286023
286027
286031
286035
286042
286044
23903
154976
286049
286053
286056
286059
286061
154989
286065
286069
286072
155002
286075
286079
286080
23943
286090
286094
286097
286099
286101
286103
286106
23965
286109
23969
286114
23972
286116
286119
286121
155049
286124
286127
286130
286134
23990
286138
286142
286147
286150
155079
286153
24011
286156
286157
286159
286162
286164
155095
286168
286170
286173
286175
286178
286181
24039
286184
286187
24045
286190
286192
286195
286199
155129
286202
286204
155139
286212
155141
286215
286221
24078
286226
286229
286232
286235
286240
155169
286243
155173
286245
286247
286248
286251
286255
286256
286266
286268
286271
286274
286279
24135
286282
286285
286288
286292
155221
24150
286296
155228
286307
24165
286310
155238
286312
286319
286322
286325
286326
286328
286331
286334
286336
286339
24199
286345
286348
286351
286354
24210
286357
24213
24217
286361
286362
155292
286365
286368
286373
286376
286378
155309
286381
286385
286388
24244
155319
286391
286394
286404
155335
286412
286414
286419
24276
286422
286425
286427
286430
286433
286436
286439
286443
286449
286454
286457
286460
286463
286470
286477
286479
155410
286484
24340
286487
155416
286500
286503
286507
286509
286512
286515
286518
286521
286523
286527
24384
286530
286532
24395
286540
286550
286551
286553
155484
286557
155488
286560
286563
155494
286573
286576
286577
24433
286580
286582
286586
286590
286592
155522
24453
286600
286605
286607
286611
286615
286619
286622
286624
286627
155558
286633
286636
24494
286639
286646
286650
286653
286655
286657
286659
286662
286664
286666
286669
286670
24528
24533
286678
286681
286684
155614
286692
286695
155624
286698
286700
286702
286703
155632
286705
286707
286717
286719
155647
24578
286724
155654
286728
286730
155660
286733
286737
286739
286742
24598
286745
286747
286749
286752
24610
286755
286756
286757
286760
286761
286763
286766
286770
286773
286776
286779
286782
286789
286791
286794
155722
286797
286800
155729
286804
286806
155735
286808
286811
286815
24674
286818
286820
155748
155751
286827
286831
286833
24691
286836
286845
286848
286851
286855
286859
286862
286865
24723
286869
155797
155800
286873
286876
286882
155813
286886
286889
286893
24750
155826
286899
155829
286902
24759
286907
155837
286911
286912
286913
286916
24773
286919
286922
286924
155855
286931
286935
155864
286937
286943
286946
286949
286953
286956
286960
286961
286964
155893
286967
286972
286975
286978
286981
24838
286985
155916
286988
286991
155920
286994
286998
287001
287008
287011
287019
287021
287023
24882
287027
287034
287038
287045
155975
155978
287052
24910
287055
287057
287061
287063
287066
287068
287071
287081
287087
287091
287093
24951
287096
287098
156027
287102
287104
287106
156035
24965
287112
287116
287118
287121
287126
24984
287129
287132
156062
156064
287139
24997
287141
287143
287145
287146
287151
287153
287160
156094
287166
287170
156098
287173
287175
287178
287180
287182
287184
287190
287193
287196
287201
156132
287206
287209
156139
287212
156147
287222
287225
156160
25090
287236
287238
287242
287245
287250
287253
287256
287261
287264
287267
156195
287268
25124
287270
25128
287274
25131
287280
287282
287285
287288
25145
287290
287293
287297
287300
156228
287302
156231
287306
287310
287312
287316
287320
287322
156251
287326
287336
25194
287340
25199
25204
287348
287351
287358
287361
287364
287366
287370
287373
287376
287378
287387
156319
287392
287396
287401
287403
287407
287409
287418
287419
287421
156351
287424
287428
287432
287434
25291
156364
287436
25293
287440
287444
287448
287449
287451
287455
287457
287460
287461
287464
287467
287470
287473
287476
156405
287478
25334
287482
287484
287486
25345
287490
287494
287496
287499
287501
156431
287505
25361
287508
287512
287516
287518
287521
287523
287526
287529
156462
287535
287536
25393
287541
287542
287546
287548
287551
25409
287555
287557
287560
287561
287569
25426
287572
287574
287589
287592
287594
287597
156525
287599
287601
156532
287604
156538
287610
287613
287619
287625
287630
287631
287633
287636
287639
287643
287645
25504
287650
287652
156581
287654
287657
287663
287666
287671
156601
287675
156612
287686
156616
287689
287692
287696
25552
287697
156630
25559
287704
287707
25563
287710
25566
287712
287715
287717
25574
287721
287724
287728
25587
287732
287733
287740
287743
287747
287751
287753
287754
287761
287771
287774
25631
287778
287782
287784
287789
287793
156723
287796
287799
287802
287803
25660
156734
287809
25666
287813
287815
287819
287822
287823
25685
287831
287832
287836
25695
287840
287845
156774
287849
25706
156780
287852
287856
287860
287864
287874
287877
156806
287882
287884
287887
156818
287892
287895
287897
156826
287899
287901
287903
287907
287909
287915
287919
287922
287924
287925
287928
287930
287932
25794
287939
287941
287944
287947
287950
287953
287956
287958
156888
287961
287964
287967
25824
287970
287973
25830
287975
287976
287979
287982
25839
156914
287987
287990
25847
287994
287997
288000
288003
288006
288009
156938
288011
25868
288012
25876
288020
25878
288024
288027
288031
288035
288038
288041
288042
288045
25905
288049
156980
288054
288057
288066
288068
156997
288071
288074
288075
288079
288085
157017
288091
288093
288094
288095
288101
288103
288107
25965
288112
288114
288117
25974
288119
288122
288125
288127
288131
288133
288140
157069
288143
288146
288149
288154
288157
288162
288164
288171
288176
288181
288184
288186
288189
157126
288203
288206
288209
288213
288218
288222
288226
288231
288234
288237
157172
288244
288245
288247
157177
288251
157181
288255
26119
288265
26121
288267
157196
288275
288278
288281
288283
288287
288290
157218
288293
288298
288301
26159
288304
288306
26165
288310
288313
288316
288319
288321
157250
288324
26181
157253
288326
288329
288332
288337
288339
157268
26196
157270
288343
288346
288349
288352
26210
288359
288362
288365
288368
288372
288375
26234
288378
288380
157310
288383
288387
288388
288391
288394
288397
288401
288404
288407
288409
288412
157342
288415
288419
288421
288424
288427
288430
288433
288436
26293
288439
288443
288446
288449
288452
157382
288457
26318
288465
157396
288469
288472
288473
26329
157404
157408
288485
288488
288490
157419
157422
288494
26350
288503
157433
288508
288514
288522
288523
288526
26382
288529
26387
288532
288535
288538
288540
288544
288547
157476
288554
288556
26413
288560
288563
288566
288569
288572
288574
288578
288580
288583
157516
288589
288590
288593
26449
288596
157525
288600
288606
288609
288610
288618
157547
288621
288624
288629
157558
288636
288639
288641
288644
288649
288651
26508
288653
288654
288656
288659
288661
157591
26522
288667
288670
288674
288679
288682
288686
288690
288693
288697
288701
288704
26561
288708
288711
288714
288718
288721
288724
288728
288731
288734
26590
288736
288738
288742
288746
157675
288749
157678
288753
26613
288758
288764
157693
288768
157700
288780
288783
157711
288788
288792
288795
288798
288803
26662
288808
26673
288817
288820
26679
288823
157754
288830
288833
288835
288839
157769
288842
288843
157772
157775
26708
288852
288854
288857
157786
288865
288868
288873
288875
157804
288877
288879
288882
288888
288889
288893
288899
26756
288901
288905
288907
26764
157838
288914
288915
288918
288920
288922
288926
157854
288928
288932
288934
157864
288938
288941
288945
288948
288950
288955
288958
26819
288968
157897
288970
157901
288975
288978
26836
288981
288984
26842
288994
288997
157927
289000
289003
289006
26863
289009
289012
289014
289017
157946
289021
289024
289028
289031
289033
157965
289039
289045
26903
289053
289058
289066
157996
289070
289073
289076
289082
289087
26946
289091
289093
26954
158027
289100
289105
289112
26969
289115
289118
289120
289124
289127
289128
289138
289141
289148
27005
289150
289154
27016
289160
289165
289167
289175
158103
289177
289181
289184
289187
289191
289196
289202
289206
289210
289213
27069
27074
289218
158149
289221
27085
289232
289235
289238
289241
289243
289248
158177
289251
158183
289256
289258
27117
289261
27119
289264
158197
289271
289275
158203
289278
289287
289288
289290
289293
289296
289299
289302
289306
158236
289312
289315
289317
27176
289320
289325
158254
289330
27189
289334
289338
27194
289348
289350
158280
289354
27218
289364
289367
289370
289372
289373
289375
289380
289383
289385
289389
289393
289394
289397
289400
158331
289407
289410
289413
289417
289420
289421
289423
158353
289429
27287
289433
27290
289436
27293
289440
27299
289443
289446
289450
289451
27307
289454
289458
289462
289468
158396
158400
27332
289479
289482
289485
27348
289494
289497
289499
158429
27359
289503
289510
289512
289517
289521
158450
27378
289524
289526
289529
289531
289534
289538
289540
158468
27398
289543
289546
158475
289552
158482
289559
289561
289564
289566
289571
289573
27429
27431
289581
289585
289588
289589
289593
289598
289601
27460
289604
289608
158540
289616
289619
289622
289625
289627
27486
289630
289633
289636
289639
289641
289646
289650
158581
289654
158584
289657
289659
289661
27518
289663
289666
289673
158601
289676
158605
289679
289683
289685
289692
289695
27555
289702
289704
289705
158636
289709
289716
289719
289722
27579
289725
27583
289727
289730
289732
289736
289741
289744
289754
289758
289761
289767
289773
289776
289779
289784
158714
289786
289788
289792
289795
289798
289800
289802
289805
158735
289807
289811
289814
158744
289817
289820
289824
289825
289827
289829
158757
289832
289838
289844
27702
289847
289857
289858
158789
289861
27718
289864
289866
27735
158813
289890
289897
289899
289902
289904
289907
289911
289913
289917
289921
27782
289927
289933
289936
289939
289942
158872
289945
289949
27807
289953
289957
27816
289961
289964
289965
289969
289972
289978
158907
289982
289984
289987
289992
27854
289999
290003
290006
27863
158936
27865
290012
158944
290017
27877
27879
290024
290034
290037
290039
290042
290048
290053
290054
290060
290061
290069
290073
290076
27935
290080
290083
290085
27943
290088
290092
290096
159029
290108
27966
290110
159039
290112
290113
290117
290121
290124
290128
290130
290137
159072
290149
159078
290151
290154
290158
290161
290163
290168
290171
290174
159107
290180
28037
28040
290185
290191
290193
290197
290198
290200
290201
290205
290208
290210
290213
28072
290217
290221
159151
290228
290231
159162
290235
290238
290243
28103
290248
290250
290253
290256
290259
28115
28117
290262
290265
290267
290270
290273
290280
290283
290291
290293
290297
290300
290303
290304
290307
28165
290311
290315
290318
290321
28179
28181
290326
290328
28190
290337
290340
28197
290346
290348
290350
290353
290356
290359
159289
290365
290373
159304
290382
290386
28245
290394
28251
290397
290399
290402
290409
290414
28271
290417
290419
28279
290426
290431
28288
159361
290437
28293
159368
290441
290444
290448
28305
290451
159380
290452
290455
290458
290460
290461
159390
28327
159401
290473
290476
159404
290481
290486
290492
290495
290498
290502
290506
290510
290515
28373
159445
290521
28378
290523
290527
290529
290535
159463
290540
290542
290544
290546
290549
290552
290559
290562
159493
290565
290568
290571
28429
290574
290577
290580
159510
290582
290584
290586
159514
290587
159517
290594
290597
290603
290605
290612
290615
290617
290623
290629
290632
290634
290636
290637
290640
290646
290649
290650
159580
290653
290655
28512
290657
159587
290661
290665
159595
290669
290671
290673
28530
159606
290684
290688
290690
290692
159622
159625
28556
290701
290705
290707
159639
290713
290716
290719
290722
290726
290730
290736
28594
290739
28601
290747
290754
28612
290760
290765
290772
290774
290777
290780
290782
28639
290786
290795
290797
290799
290802
290806
290809
159738
290812
290816
290819
290824
290830
290834
28694
290841
290843
290845
290858
290861
290864
290869
290872
290873
290876
159805
290879
290883
290886
290896
290901
290910
159841
290916
28775
290919
290922
159852
290924
159856
290929
290931
159860
290933
28790
290934
290935
159864
290938
290941
290943
290945
159873
290946
290952
290954
290957
290960
290966
290968
28824
290970
290972
290975
290977
290979
159909
290985
290988
290996
290998
291000
159930
291003
291005
291007
291014
159946
291020
28880
291024
291027
291029
291032
291037
291039
291044
159978
291051
291055
291058
28914
291060
291064
291068
28926
291072
160002
291076
160006
291080
291083
291086
291090
291093
160024
291098
28958
291104
28962
291106
160037
291110
291113
28973
291120
291122
291126
291133
291137
291140
291141
291142
291149
160078
291153
291156
291158
29014
291159
160088
291163
291166
291171
291173
291179
291180
291183
291187
160119
291194
160123
160127
29055
291201
291204
291208
29065
291209
291212
291214
160145
291222
29079
291225
291229
291231
291234
291236
291239
291247
160177
291250
160181
29109
291257
291260
291264
291277
29133
291279
291283
291286
291291
291293
29149
291296
291303
291312
291314
291318
291321
160259
29187
291332
160263
291335
291338
291342
29203
29205
291352
291358
291361
291364
29222
291367
291370
291372
291375
291378
291380
291383
29239
291386
29246
291394
291397
160329
160333
291407
291410
291417
291419
291423
29281
291429
291432
291437
291439
29298
291445
291447
160378
291455
291456
291459
291461
291463
291469
291471
160401
291473
291478
160407
291480
291484
160414
291491
160422
291498
291504
29360
291510
291514
291519
291523
291530
291534
160462
29390
291535
291541
160470
291545
291548
291551
291555
291557
291561
291565
291567
29430
291576
291578
291584
291586
291592
291594
291598
29458
291606
291609
160539
291613
291620
291622
291626
291630
160561
291633
29490
291636
291643
291648
291652
291655
291658
291661
29522
291667
291670
29529
291682
29539
291685
291687
291694
291701
291704
291705
160634
291708
29566
291711
291714
29572
291716
291719
29576
29580
291729
291732
29588
291735
291738
291741
291744
291746
291750
291752
291756
291765
291768
291772
291774
160705
291778
291781
291784
291786
291789
291796
291801
291804
291806
291808
29666
291811
291814
160744
291820
291825
291827
291831
291844
29701
291847
291849
291851
291853
160783
291856
29713
291860
29716
291864
291866
29724
291868
291873
291876
291880
291881
291887
291891
291895
160824
291897
291900
291906
291910
291914
29771
291917
29773
291920
291922
291925
291931
291934
291938
29797
291942
291946
291954
160884
160888
29816
29819
291964
160896
291970
291974
291975
291979
291983
160913
291987
291988
160918
291990
291993
291994
291997
292000
160930
292003
292006
292009
160938
29867
292012
292015
160946
292018
292025
292026
292029
292032
292037
292042
292045
292052
29910
29911
292056
292059
292066
292069
160997
292071
161001
292074
292079
29936
292082
292089
161019
292093
161023
292099
292103
29959
29962
161034
292107
292117
29976
292120
161051
292124
292126
292128
292135
29992
292138
292141
161073
292145
292148
161077
292152
292155
161084
30014
161088
292163
292172
292175
292178
30036
292181
161112
292184
292187
292192
292194
292196
292199
292202
292204
292208
292212
292214
292216
292221
30082
292227
292230
292237
30094
30097
30101
292247
292249
30107
292254
292256
292261
161196
292268
292276
30133
292280
30143
292290
292292
292295
292298
161229
292301
292305
30167
292313
292316
292320
292322
161252
292326
292330
30187
292332
161262
292335
161266
292338
292341
292344
292349
292351
292352
292355
161285
292358
292359
292362
30220
292366
292370
292375
161305
292378
292380
292381
292389
30248
292395
292399
292401
292403
292407
30263
292411
292415
292418
292421
292423
292426
30286
292430
292432
292434
292439
292441
292445
292447
292449
292451
30313
292459
292461
161391
292464
30322
161394
292467
292469
30326
292474
292475
292479
30336
292480
292481
292484
292489
292493
292496
292499
292502
292504
292509
161439
292512
30369
292514
292515
292518
292522
161454
292526
292530
292531
292535
292538
30397
292541
30402
292546
292552
292556
292557
30415
292560
292563
292569
292572
292576
292580
292582
292584
292588
292591
292594
292597
161527
292600
292601
30461
292608
292613
292619
161548
292623
292626
292631
292634
292636
292639
292644
161574
292648
292654
161583
292656
30513
292658
292663
292667
161600
292673
292675
292677
292680
292681
292683
292685
30541
292687
30547
292691
292694
292700
292703
292708
292710
30568
292713
292719
292722
292725
161665
292738
292741
30598
292747
30608
161682
30611
292756
30614
161686
292760
292761
161690
292764
30622
30627
292771
30635
292779
292784
30642
292791
292794
292796
292800
292803
292806
292812
292814
292816
292819
30675
161748
292822
292826
292829
161762
292835
161767
292843
292844
292846
292849
292852
292855
292866
30724
292868
292872
292880
292881
292884
292886
30743
292888
30747
292894
292897
292899
161828
292902
292905
30763
30765
292910
292912
161842
30771
292917
292924
161853
292931
161860
292934
292935
161866
292939
292942
161873
292946
292950
292954
30813
292958
30815
292965
292967
292969
292972
292975
292977
292979
292982
292984
292986
292988
292991
292996
30855
293000
293004
293007
293009
293010
293020
161949
293023
293026
293030
161960
293036
30896
293048
293051
293053
293056
293060
293063
293065
293068
293070
162001
293074
30931
293078
293079
293081
293085
293088
293091
293092
30948
293094
293098
293100
162028
293106
30963
293110
30967
162042
293116
162046
293118
293120
293124
293128
293131
293132
293135
293140
293143
293145
293148
293150
293153
293157
31014
293160
293162
293165
293166
162097
293169
31029
293174
293175
293178
162111
293190
293197
293199
293202
31058
293204
293206
293210
293212
293216
293219
293227
293230
162160
293232
293235
162167
293239
293247
293248
293252
293255
293258
293262
293265
293268
293271
31128
293274
293276
293280
293283
31148
293298
31157
293301
31160
31163
293308
293311
293315
293318
293321
162251
293324
293330
293332
293334
31190
293337
293344
293347
162275
293349
162279
293353
293356
293360
293363
293366
293370
293377
293378
293379
293382
293386
293389
293390
293395
293398
293406
293409
162339
293412
31268
293415
293417
162345
293420
293424
293427
293428
293434
293437
293441
293444
293447
293453
293458
162388
293460
293469
31329
293474
293476
31336
293480
293481
293485
162414
293486
293487
162416
293491
293493
293499
31357
293502
31359
293506
162434
293509
162437
293510
293516
293519
162452
293527
293530
31389
293533
293539
162471
31399
162474
293548
31404
293552
293554
293560
293563
31419
293565
31424
293569
293571
31429
162502
293575
293578
293581
31438
293585
293589
293591
293597
293600
293603
293606
293609
293616
162546
293622
31480
31483
293628
293632
293636
31495
293639
293643
31500
293647
293650
31512
293658
293663
293666
31523
293669
293670
293672
162601
293674
293677
293680
293683
293686
293692
293695
293698
293699
162629
293704
293710
293717
31576
162649
31579
293723
293729
293732
293737
293740
31598
293746
293749
293756
293760
293769
293771
293773
293777
31633
31635
293782
293787
162715
31646
293792
293793
293796
293800
293803
293807
293809
162739
31669
293815
31672
293820
293821
293824
293826
162755
293828
293832
162761
293837
162769
293844
293845
293846
293849
293851
293853
293858
293859
293862
293866
293869
293872
162804
162807
293880
293888
293891
31749
293894
293898
293907
31764
293910
293920
293923
162856
293930
293933
31792
293937
293938
162867
293940
293944
293947
293949
162880
293952
293955
293957
293960
293964
293967
293971
293976
293981
31839
162912
293985
293988
293991
162921
293995
293999
162929
294003
162933
294010
294015
162943
31873
294018
31875
294021
294024
162953
294033
294035
294041
162970
294044
294047
31906
294051
294053
294054
162984
294059
294062
162991
294064
294067
162995
294071
294074
294077
294080
294084
294086
163019
294093
294096
163024
294098
294105
294107
163037
294111
31967
294117
31976
163049
294123
294126
294129
294131
294133
294136
294139
163068
294143
32002
294147
294151
294155
294157
163086
294166
294173
294175
294178
294182
163110
294184
294191
294197
294200
294203
32062
294212
294215
294219
294222
294227
294233
294238
163166
32096
294242
32099
294247
163181
294253
294257
294260
163190
294263
294266
294272
294276
294279
32137
294282
294285
163216
294288
294290
32147
294294
294296
163226
32162
294306
163235
294310
294319
294320
294323
294325
294327
163256
294330
294334
294336
294339
294341
294344
294346
294348
294350
294359
163287
294367
32228
163303
294376
163307
294383
294387
294391
32248
294395
163325
163327
294402
294404
294407
294409
294412
32273
294420
294424
294428
294434
32291
294436
294438
294442
294445
163374
294448
294450
294453
294456
163384
294460
294461
294466
163396
32333
32337
294483
294486
294489
294493
163424
294497
163428
294500
294502
294505
294507
32366
294511
294514
294518
32379
294523
294526
294534
294543
294546
32403
294549
294552
294554
294560
163493
294568
294572
294576
32436
294580
294582
294585
294588
294593
294595
294604
294606
294609
294612
32472
294619
294623
32480
294626
294629
294635
294638
294639
163568
294642
294646
32502
294650
294652
294658
294660
294664
294668
294672
294675
294676
294677
163609
32541
294690
294695
32552
294701
163632
294705
32562
32566
294710
294714
294717
294719
294723
294726
294730
294732
294736
294740
294748
294751
294753
294758
32614
294762
294765
294769
294772
294774
294778
163707
294782
163710
294784
294787
294795
294796
32654
294798
163728
294802
32660
294804
294811
32668
294817
294824
294829
32688
294834
163767
294840
294846
294849
294852
294855
32712
163786
32717
32721
294865
294869
294872
294878
163806
32737
294882
163813
294886
294889
163817
32747
294893
294899
163829
294902
294904
294906
294909
294915
294918
32774
294920
294922
32779
294927
294929
294931
294932
163868
294944
294945
32801
294949
294953
163882
294956
163886
294959
294962
294965
32823
294968
294971
163901
294973
294975
163903
294976
294980
163912
294985
294987
163915
294990
294993
294997
32853
295001
163932
295008
295010
163939
32868
295015
295018
295021
295025
295029
295030
295040
163969
295042
295045
295048
295050
295053
295055
295058
295060
295063
163994
295069
163998
32927
164002
295078
295080
32937
164010
295084
295088
295093
295095
295098
295101
32958
295103
164033
32962
295107
295111
295114
295119
295122
295125
164054
295130
295132
164060
164063
295138
295141
295144
295146
295150
33006
33010
295155
295156
295164
295165
295170
295173
33033
164105
295177
33036
295180
295186
164116
295188
164120
164124
295197
164128
295201
295207
295212
164140
295215
295223
295226
164166
295241
295253
295257
295263
295266
295270
295273
295277
164206
295285
295287
295290
33146
295293
295298
295301
295306
295314
164243
295316
295319
295321
295324
295329
295332
33192
295339
295343
295347
295354
33212
295357
295360
295362
33219
295367
295370
295374
295377
295380
33239
164312
295389
295392
295395
295400
295404
295407
164338
295414
295417
295420
33279
295428
295432
33291
295435
295438
164367
295442
295444
295458
295462
33321
295470
33328
295473
295476
295478
164407
295482
295485
295492
295496
295500
295504
33362
295508
295512
164441
295516
295518
295521
33380
295528
295534
295537
295540
164473
295548
295554
295557
295559
295561
295563
295565
295571
295574
295577
295579
295581
295586
33447
33450
295597
295610
295613
164543
295617
295620
295623
164552
295627
164555
295630
295632
295634
164562
295636
295641
33500
295644
33502
164577
33506
295654
295657
295658
295666
295667
33523
164598
295670
295673
295677
33535
295681
295685
33542
164625
295697
295699
164629
33558
295702
295706
295715
33573
295718
295722
295725
295727
33586
295730
295731
295735
295738
164668
295741
295743
295744
33601
295749
295750
295753
295757
164686
295760
295762
295765
164696
295768
295772
295773
295774
164707
295780
295783
295785
295787
295791
295795
295799
295800
295807
295810
33668
295812
295814
295817
33675
295820
33679
164752
295825
295828
295832
33689
164764
295837
295842
295844
164772
295847
295850
295857
295861
295864
295867
164797
295871
164804
295876
295882
295886
295890
295893
164821
295897
295901
295905
295909
295912
295915
295917
33777
295925
33785
295929
295933
295938
295941
33802
295950
295959
33817
295963
295969
295972
33832
164904
295979
295981
295985
33844
295989
164927
296002
164930
296005
296008
296010
296014
296017
296020
296023
296026
296028
296033
296034
33896
296041
296043
296046
296052
296056
164985
33914
296059
296062
296065
296071
296074
165005
33934
296080
296084
296087
165016
33944
296093
296096
296099
296100
296102
296105
33961
33963
296109
33966
296112
296116
296118
165046
296121
296124
33983
296128
296135
296139
33998
296146
34003
296160
296167
34026
296172
296174
296176
296178
296179
34037
296183
296186
296189
296193
296198
34056
296201
165131
296204
165135
296208
296211
296212
296215
296219
34078
296222
34082
296229
296235
296238
296241
165173
296245
296247
296250
34111
165184
296262
296274
34132
296279
296282
296284
165217
296290
165223
296296
296301
165232
34162
296310
296313
296319
296323
296326
296328
296331
296332
165262
296335
296337
165266
296340
296347
165277
34210
296356
296359
296364
296365
296368
296371
165299
296373
165303
296377
296390
296392
34251
296396
165326
296399
296400
296402
296413
296415
296418
296421
296425
34281
296430
296433
296434
165362
296437
165366
296441
296443
165374
296447
296453
296455
296457
296459
296463
34320
296468
296470
296473
165403
34332
296477
34334
296482
296485
296487
296490
165419
34349
296494
165425
296498
165428
296502
296507
296515
296520
165448
34379
296524
165455
296527
296531
296534
296537
34394
296540
296543
296544
165475
296547
296550
165482
296555
165486
296559
296561
296566
296570
296574
296576
34435
165509
296582
296585
34441
296588
296591
34448
296593
296595
296599
296600
296604
296606
296609
296611
296613
296621
296622
296625
296626
296629
296635
296638
296642
296643
34499
296645
34502
296654
296656
296659
296662
165590
296665
34522
296672
296676
296678
165608
296682
165612
296685
296690
296693
296696
296699
296705
165634
296707
34565
296709
296717
296720
296722
296725
296728
296730
34586
296733
34591
296737
34594
165670
296743
296746
296749
296753
296756
296758
165691
296766
34623
296771
34627
296774
296778
296779
296781
296782
296785
296788
296790
165721
296794
296796
296799
296802
34664
296814
165744
296816
296819
296823
296825
296828
296830
34687
165762
165763
296835
296844
296848
296850
296852
296854
165783
296863
296865
296869
165799
296872
296873
296877
34735
296880
296883
296887
296889
296898
296902
34763
165835
296907
296910
34766
296912
165842
296918
296920
296923
165851
296935
296938
165868
296941
296944
34802
296947
296950
296952
296958
296965
34824
296971
296977
34834
296980
296984
296985
296987
296990
165922
296996
296999
297002
297004
165934
297009
165937
165939
297014
34876
34879
297024
297026
34888
297035
297039
297043
165976
297048
297050
297053
165984
297057
165991
297064
297067
297071
297074
297077
297079
297081
166013
297085
297086
297089
297092
297095
166023
297103
297108
297114
166045
297117
297119
297123
297127
166055
34985
297132
34990
166063
297138
166066
297140
297143
297144
297149
297152
35013
297158
297160
297163
35020
297166
166095
297169
166099
297175
297179
297181
166110
297183
35040
166113
297185
297187
297193
35050
297195
35053
297202
35061
166134
297208
297211
35069
297222
297225
297228
297232
297237
297240
35096
166169
297242
166171
35105
297251
297254
297264
297268
297272
166202
35132
297277
297279
297283
297290
35151
35156
166230
297304
297306
297308
297311
297315
297319
297323
297327
297330
35192
166266
297343
166272
297346
166275
297350
297351
297360
166303
297375
297377
297381
297384
297386
297390
166318
297394
297397
297399
35255
166330
297403
297405
297410
166340
297418
297420
297423
297428
35288
297439
35295
166371
297444
297446
166376
297449
297452
297456
297459
297462
297464
297466
35323
297472
297475
297478
297484
297487
297489
35348
297492
297494
297496
297498
297501
35359
297504
166434
297507
35363
297509
297512
297513
297516
297519
35375
166448
297524
35384
297528
297529
297531
297535
166467
297540
297550
297554
297560
166488
297561
297563
297566
166494
297568
297571
297582
297585
297587
297590
297593
35449
166524
297596
297599
166528
297601
35458
297604
297607
297610
297612
297615
297617
297620
35477
297622
297623
297630
297633
297637
297643
297646
297649
297656
297663
297666
297673
297675
297680
35537
166609
166612
297690
166619
297694
297697
297700
297701
297702
297706
297710
297713
297719
297721
297725
35583
297729
297735
297739
297743
297746
297753
297758
297761
297765
297768
297770
297774
297778
166706
297780
297787
166717
35648
297793
35650
297798
166730
297806
297811
297813
297816
297821
297823
297826
297831
297838
297841
166770
297845
297847
297848
297851
297853
166783
297856
35714
297860
297862
297865
297868
297870
166798
35728
297872
166800
297875
35732
297878
166808
297881
35740
297886
35743
297890
297893
297894
297897
297900
297904
297908
297909
297913
297914
297915
297917
297918
35775
166848
297921
297923
297924
297927
297930
297934
297941
297943
297947
297949
166878
297953
297956
297958
297961
297963
297969
297972
297975
297981
297983
297988
35844
297996
166926
166934
298010
298013
298018
298027
166959
298031
35889
166963
298039
298042
298043
298047
298053
298060
298063
35919
298066
298068
35924
298070
167000
298073
298077
35934
298079
298081
167010
298085
35943
167018
298091
298094
298096
298100
167029
167032
35963
298109
298112
35973
298121
167055
298129
35987
298133
298137
167065
298139
298142
35998
298149
167077
298155
298157
298159
298163
167093
298166
36023
298169
298171
298175
36034
298179
298182
36043
298191
36047
167121
298194
298196
298198
298200
298205
298206
298209
298213
298215
36073
298218
167147
298223
298225
298228
167157
167161
298236
298238
298244
298250
167180
298257
298258
167187
167191
298266
167195
298273
298280
298284
298287
298291
298297
298299
298302
167231
298306
298310
298313
298316
298318
298323
298326
298328
36185
298330
298331
298334
298341
298343
298348
298354
298358
298362
298366
298367
298370
298374
298377
36236
298380
298383
298385
36247
298391
36253
298397
298399
298406
167335
298407
36268
298423
298428
298434
298437
298440
298442
298445
167373
36304
298451
298455
298457
298458
167387
298461
298464
36325
298469
298472
167401
298474
36331
298477
298486
298488
298491
36350
298497
298500
36358
298507
298510
298515
298518
298519
298527
298530
298533
36391
298539
36397
36399
36401
298546
298549
36407
298551
298557
298558
298562
36424
298570
36428
36431
298575
298577
298579
298580
167511
36441
36446
298592
298594
36452
167525
298598
298601
167529
36469
36472
298617
36476
298622
36479
298624
167556
36485
298630
36492
298641
298646
298649
36509
36512
167584
298657
36517
298664
298665
298668
298674
298677
298679
36537
167609
298683
167617
298689
298696
36553
298699
36557
298702
298706
36563
298713
298716
298719
36575
298721
298724
298729
298731
298732
167660
298735
167664
298739
298743
298746
298748
298750
298752
298754
298755
298760
298762
298765
298766
298771
298775
298777
298780
298783
298785
167715
298789
298793
298796
298800
298802
167732
36660
298805
298808
298812
298815
298818
298820
36680
298824
298830
36687
167759
36691
298838
298846
36715
298859
298861
298864
298868
298870
36729
298874
298876
298882
36739
167811
36741
298886
298892
36750
298895
298898
298900
298904
167833
36763
298909
167837
298915
298918
36777
298924
36783
167855
298932
298934
298936
298940
298943
298946
298950
298957
298959
167889
167893
298965
167899
36827
298974
36830
298978
298984
298986
298990
298992
298995
298996
299002
167930
167934
299009
36867
167939
299011
299012
299013
167943
299016
167945
299019
299025
167959
299034
299036
167968
299040
167972
299045
299051
299053
167983
167985
299057
299058
36915
299064
299067
299068
299072
168002
299078
168006
299083
36941
299091
36948
299094
299097
299101
299105
299108
168038
36967
168042
299116
299120
299122
299124
299126
168056
36988
299141
36998
168074
299148
168078
299151
299154
37010
37014
168088
299162
37020
37022
299166
37030
168104
299184
37043
299192
299194
37052
299197
299200
299207
299210
299211
299213
299240
299243
299246
168176
299249
299260
168188
299267
168200
299273
168204
299279
299280
299284
37140
37143
299287
299289
299292
168221
37150
299295
299297
299299
299302
299305
299311
299316
168246
299318
299321
299323
299325
299328
299330
37189
299334
299338
37196
299345
299350
299353
299356
299357
168289
37218
299364
299368
299370
299373
299376
168305
299379
168309
299383
168313
299388
299389
37246
299395
299398
299403
168332
37263
299412
299416
299419
37276
37279
168356
37287
299431
299436
299442
37300
299446
299448
299450
168379
299454
37313
299459
299462
299465
299469
299473
299475
168403
299478
299483
299486
37345
299492
168422
299495
299499
299500
299503
37359
299509
299512
299516
299520
37378
299523
299526
299527
37384
37388
168462
37391
299542
299545
299548
299552
299556
299559
299562
299566
299570
299573
37430
299575
299577
168508
299583
299586
299589
168518
299591
299596
299598
299604
299610
37467
299620
37478
299627
168555
299630
168562
299634
37492
299636
299642
299648
168576
299650
299655
299658
299659
299660
299669
299674
299677
299679
299682
299686
168617
37546
299694
168626
299701
168631
299703
299706
168638
299713
299715
299718
37574
299721
168655
168659
37588
299732
299734
299737
37596
168668
299745
299747
299752
299753
299756
299758
299760
299765
299768
299771
299773
299774
299776
299786
299789
37646
299792
299795
299799
37663
37666
299814
299818
299821
168750
299825
168754
299828
299831
37689
299833
299834
299838
299842
37699
299843
299850
299852
168781
299854
299855
37713
299859
299865
299868
299870
37727
299874
299876
299878
168807
299882
37739
299884
37741
37744
168819
299893
37753
168825
299900
299907
299910
299913
299915
299918
299920
37779
299923
299926
299932
299934
37791
299939
37797
299942
168876
37806
299950
299952
299955
37812
299959
37815
168891
299973
37839
299983
299986
299987
37850
168923
168927
300001
37858
300002
300006
300008
300015
300018
300021
168951
37880
300025
300028
300029
37887
300031
37890
300035
300040
168970
37898
300043
300046
37906
300051
300053
168987
300060
37917
168990
300066
37925
168998
300075
300081
300085
300088
300094
37951
300099
300101
300102
300107
300109
169040
300117
300120
169049
300122
300124
37985
300130
37989
300134
300139
300141
300143
300146
38004
300153
300154
38013
169088
38023
300168
300174
300177
300178
300182
38038
300184
38041
300188
300192
169121
300194
300198
300202
300204
300205
300210
300211
38070
300216
300222
300224
169152
300227
38086
300231
300233
300237
300240
300244
300245
300248
169180
300252
169191
38120
300267
169195
300269
300271
169201
300276
300281
169214
300287
300289
300292
38151
300299
300304
300309
300311
300317
300320
300323
169253
300326
300328
169257
38185
300337
300345
300347
169280
300353
38212
300356
300359
38216
300361
169290
300366
300368
300373
169308
300380
300383
300385
300387
169315
300392
300395
300398
300401
300406
300410
300414
300416
300420
300423
169353
300426
38288
300433
38293
169367
300440
300443
300449
38308
300455
300465
38327
38342
300488
169416
300491
169420
300494
300498
300500
300502
300507
300509
38367
300512
300515
300517
300520
300521
300524
38380
169452
300526
300529
300533
300535
300540
300543
300546
300549
300556
300558
38415
300562
300566
38431
300575
300579
38436
38437
300582
300584
300590
300593
169522
300601
38458
300605
300607
300609
38466
300612
300614
169547
300619
300622
300627
38484
300630
300633
300636
300641
169570
300644
300646
300652
38508
169582
300655
300657
300663
38525
300671
169600
300674
38536
300682
300689
38546
169619
300693
38555
300699
300701
300703
38560
300705
300709
300717
38575
300728
38587
38591
300737
300741
300747
169681
300754
169685
169689
300773
300774
169702
300777
38633
169706
38635
300780
300782
300783
300786
169717
300791
300795
300796
300798
38659
300805
300810
300813
300817
169745
300819
169748
38681
300826
169758
300833
300836
300840
300843
169774
38704
300853
38710
300856
300859
300862
300872
300874
169802
300875
300879
300885
300888
300904
300907
300913
300915
300917
169846
300919
300922
169850
300927
38785
300932
300934
300937
300941
300947
169875
300950
300956
300960
300963
300969
38827
300973
300976
169905
38837
300982
300985
300988
38845
301000
169932
301005
169935
301007
301009
301011
169939
169943
301016
169947
301020
301027
301028
38887
301034
301042
301046
169976
301050
169980
301053
301054
301056
169984
38916
301060
301063
301066
301072
38930
38934
301082
301090
301097
301105
301106
170040
170047
38977
301123
38981
301127
301131
301134
301137
301138
301140
301145
170074
301148
301151
301154
170084
301158
170086
39019
301164
170095
301168
301172
301176
301179
301182
301187
301189
301195
170124
301200
301206
170136
301210
39067
301213
301216
39073
301220
301222
170153
301225
301227
301231
170161
301236
170165
39098
170173
301246
301249
170177
301251
301254
301258
301261
301263
301266
301273
39133
301278
301280
301283
39143
301288
301293
301295
170224
39154
301298
301301
301303
301309
301313
39171
170248
170249
301325
301327
170259
301334
170263
301336
301345
170274
301348
301352
301354
301358
301364
301365
301369
39229
301374
170305
301378
301384
301387
301390
301398
39255
301400
301403
301405
301407
301414
301418
301427
301432
301434
301438
301442
170374
170378
301452
301454
301461
301462
301465
301469
39325
39329
301474
170404
301477
301480
39337
301490
301493
39351
301505
301507
170436
301511
39371
301515
301517
301521
301530
301534
301538
301540
301543
301546
39407
301554
39411
301558
170490
301564
301566
39423
170496
301568
301574
301577
170506
301582
39438
301585
301586
301589
39448
301596
301599
170528
301601
301603
301606
301607
301609
301611
301613
301616
170546
301619
170550
301623
170553
301627
301630
301634
39491
301638
301642
170572
39501
301646
301650
301651
301654
301656
170584
301658
170587
301661
301662
301665
170593
39527
39531
301675
39540
301685
301689
170618
301692
301695
39553
301697
301699
301702
170632
301706
301709
301712
170641
301718
301725
301731
301740
301743
301746
301749
301752
301755
39615
301760
301763
170693
301767
301773
301776
301783
39643
301789
170719
39649
170723
39656
301802
301805
170736
39664
301812
301813
301815
39675
301822
39679
301824
301829
301833
301837
301839
170769
301844
301846
170778
301851
39708
170781
39711
301860
170792
170796
301870
301871
301873
301877
170808
301881
301885
301888
301891
301893
301900
301901
301905
301907
39765
170838
301912
301922
39780
301925
301926
301930
301939
39795
301942
301946
301949
301952
39810
301960
170894
301968
170897
39828
301976
301980
39838
301984
301988
301990
39854
301999
302002
302006
302012
170941
170945
170949
302021
170955
302029
302033
39892
170964
302036
39897
302045
170975
302047
302053
170982
302056
170985
302060
302063
302068
170996
39927
302072
302075
302078
302081
171011
39943
302089
171018
302092
39949
302098
302100
171028
302107
171038
39966
39970
302116
39974
302119
302122
302124
39980
302127
302129
302135
171070
302143
40000
171074
302147
171078
302151
302153
171086
302159
302162
40018
302164
171094
302169
302174
302178
302180
302186
40045
302191
40054
302201
302209
171139
302216
302217
302220
302224
302230
171160
40089
302236
302238
302239
302242
302245
302249
171180
302254
40113
302258
302259
171188
40119
302263
40122
302272
40129
302273
302275
302276
40138
302285
302289
302293
302297
40154
171226
302304
302308
171239
302311
302314
302318
302322
40180
302324
302329
302333
40192
171266
302340
40199
302345
302349
302353
302361
302363
40222
302366
302367
302373
302376
171308
302383
40241
302386
302390
40252
302409
302412
40270
302416
302418
302420
302422
302425
171358
40287
302433
40290
171364
302437
302440
302443
302447
302450
171381
302458
302459
302463
171394
302467
302473
302483
302487
302492
171420
302501
171431
302503
302507
302510
302512
302514
40372
171447
302521
171451
302524
40384
302530
302533
302540
40399
302546
302551
40413
302557
302558
302561
302564
302566
302569
302575
302578
302581
40440
302586
302588
302593
40451
171526
302598
302601
40458
302603
302608
302611
302612
302615
171545
302619
302626
171554
302630
171561
302635
171564
302638
302641
171570
302645
302652
302656
40515
302662
171594
302666
302668
40524
302670
171600
40528
302673
302679
302682
40541
302685
302688
302691
40548
302694
302699
40557
302703
302706
302714
302716
40572
302720
40578
302727
40583
302728
171656
171660
40598
171670
302747
40605
171678
302750
302754
302758
40616
40620
302764
40623
302769
171700
302774
40633
302777
302780
302785
302795
302798
40654
302800
40659
171731
302804
302806
302812
171744
302818
171748
302820
302823
40680
302826
302830
40693
302841
302844
302845
40704
302854
302857
40715
302863
40723
171796
302871
40730
302878
302881
40738
171814
302889
40751
302895
171825
40755
302899
302902
171833
302906
40764
302911
171840
302913
302915
40774
302921
171852
302924
40782
302926
302927
40787
302944
302947
171879
302955
302958
40815
302960
302963
302966
40828
302976
302979
40838
302987
302992
302996
171928
171932
303006
40866
171955
303027
40885
303033
303035
40891
303040
303041
303043
171975
303049
171979
303052
303055
171985
303058
40915
40917
303062
303064
303067
303069
303072
303076
303081
303085
303092
303095
303107
40964
172036
303109
40968
303113
303123
172053
303127
303129
303134
303140
303144
303145
303147
303148
303152
303154
172083
303156
303159
303162
41018
303168
303171
172099
41027
303175
303179
41037
303183
41040
303186
303189
303192
41054
303203
303204
172133
172140
303213
303215
303218
41076
303221
303225
303228
172162
303236
303238
303241
303246
303261
303264
303268
41126
172199
303272
172204
303277
303281
172210
303283
41139
303293
303297
303300
303302
303305
303314
303316
41173
303323
303328
303330
303333
41189
303338
41196
303340
172270
303344
172274
303347
303351
303354
303358
303364
41229
303377
172308
41239
303386
303388
303389
303391
303393
303397
303400
303401
172330
172332
303406
303409
41272
303416
303418
303425
172353
303429
303431
303433
303439
41298
303444
41302
172376
303449
303453
303459
172389
41317
303463
41323
303467
172396
303469
172399
303472
303474
303477
303481
41338
303484
172412
303488
303496
172427
303503
172433
303506
303514
41376
303521
303525
303531
303541
303545
303547
303552
303555
41414
172486
303559
303566
172497
303572
303574
303576
303579
172508
303581
172510
303587
172516
172518
41446
303592
303595
303597
303599
303602
303605
41461
303609
303612
303616
172549
303621
172556
303629
303633
41493
303637
303639
303646
303647
303651
303653
41514
303666
303668
303670
172598
41527
303674
172602
303678
303680
41540
303684
303686
303687
303691
303700
303702
172630
303710
303714
303717
41577
303722
172651
303727
303730
41596
303743
172671
41602
303756
41616
303761
172690
303763
303767
303776
303781
303784
41644
303789
303791
303795
172724
303799
41659
303803
303807
41667
303811
172741
303816
172746
303826
303835
303838
172767
303840
303844
303850
303853
303855
303857
41715
303859
303861
41718
303864
172792
172795
303869
303872
303880
303882
303884
41744
303889
172818
303891
303894
303897
172829
303903
172834
303906
303910
303913
41770
303917
303920
172849
303922
172857
303930
303934
303937
303940
303943
172875
303948
303952
41809
303956
41818
172891
303966
303974
303975
303980
172913
41846
303990
303993
303996
172925
304003
304008
172938
304012
304014
304017
41873
304020
304023
304025
304029
41887
41889
304033
304035
41892
172964
304039
304043
304053
172984
304056
304057
304059
304060
304064
41923
304067
172998
304071
41930
304074
41933
304077
304084
304089
304091
304094
304097
41954
304102
304110
304112
41970
304119
304120
304127
304131
41988
173062
173065
304138
173068
304141
173072
304144
304147
304153
304157
304161
304163
304167
42024
304172
304175
304177
42038
304182
304185
304189
304193
42051
304196
173128
304203
304206
304209
304211
304215
173146
304219
304229
304240
304244
304247
173177
304251
304255
173184
42114
304260
304265
304268
304271
173204
304278
304280
304283
304286
42145
304290
304292
304294
304297
42153
304301
173229
42158
304303
304307
173241
304318
42176
304321
304325
173257
304329
42191
304339
304344
304347
173277
304349
304356
304362
304364
304366
304368
42226
173302
304377
304380
304382
304385
304410
173339
304419
173349
304423
304427
304432
304434
304435
173363
304438
42296
304447
304452
304455
304457
304461
304464
173396
304469
304470
304473
304476
304484
304490
304493
304495
42353
304499
173431
304503
173435
173438
304513
304516
173445
304519
304522
304526
42383
173456
304530
304534
173474
304546
304551
304557
42416
304562
304568
42425
42428
42434
173506
304578
42436
304580
304582
304586
304589
304593
42451
304597
173529
42457
304601
304604
173533
304606
173537
304609
173541
304616
42472
304622
173551
304625
173555
304628
304631
42488
304635
42492
173565
304645
304655
304658
304661
173596
173598
304678
304685
304688
304696
304708
42566
304712
304714
173644
304723
304726
42584
304729
304732
173662
304735
304738
173666
42599
304747
173676
304754
304757
304760
304762
304765
304767
304773
42631
173704
304776
173708
304784
42641
304786
304789
304791
304795
304799
173727
304802
304804
173736
304810
304813
304816
42679
304823
304830
173759
304834
173765
304838
42695
304840
173769
42699
304846
173776
173784
42713
304860
304863
304864
304871
42728
304876
42732
304877
173807
304879
304881
42738
173811
173813
304888
304889
304892
173825
304902
42758
42762
304907
42766
304910
42768
304913
304916
304919
173847
173850
304923
304925
304927
304931
304933
304935
304938
304941
42797
304945
173878
304951
304954
304957
304959
304965
304968
304971
304974
304977
304979
42836
304983
42840
304990
42849
304994
42856
305006
305008
305010
305012
305017
173947
305022
42880
305029
305034
173965
305038
305042
42899
305046
305048
305050
305058
173987
305067
305071
173999
174003
305078
305080
42939
305083
305086
305090
174019
305093
305095
305099
42956
305103
174032
305107
174036
42966
305110
305113
305117
305119
305123
42981
305126
305130
305133
305135
305137
42997
305141
42999
305144
305150
305153
174083
305159
43017
305161
43019
305164
43025
305173
174103
305177
305180
305182
305184
43042
305187
305190
305198
305205
305207
43063
305211
43069
174145
305217
305220
174149
305222
174153
305226
305229
305230
305231
43090
305235
305240
305244
43103
305250
305254
305255
305257
305259
305261
305263
43123
174200
305275
305278
305283
305287
305294
43155
305300
305304
305307
43165
305309
305313
305317
43178
305327
305337
305340
305341
43198
305346
305352
305355
305358
305361
305363
43223
174296
305371
174303
305377
43233
305379
43238
305382
305384
305388
174318
305390
305391
305398
305401
305407
305412
174343
305415
305417
43273
305420
305423
174359
305433
305436
305446
305448
174381
305461
305464
305466
305469
305474
174403
305481
43339
174412
305484
305490
305492
305496
174426
305498
305502
174431
305513
305517
305520
305523
305529
305534
305536
305548
305551
174480
305554
43413
174486
305558
174490
305563
305565
305567
305576
43435
305583
305586
43447
305594
174523
305599
174527
305604
305608
305612
305615
305623
43481
305629
305630
305633
305636
305637
174572
305644
43502
305647
43507
174579
305652
174583
305658
305660
305663
174592
305671
305674
305677
305679
305682
305687
174616
43548
305696
174625
305699
43555
305703
43562
174637
305711
43568
174641
305713
305716
305725
305726
174656
305729
43587
174660
305732
305735
305737
305739
174667
305741
305745
43604
305750
305753
43609
43613
305759
43617
305764
305767
305770
305772
305775
305778
305781
305785
305788
43652
305800
305803
305812
305816
305820
43679
305823
305830
305840
305842
174770
43698
174771
43700
305846
43704
305853
305856
305860
305863
305865
174794
305872
174800
43730
305875
43733
305880
305885
305888
305891
305898
43757
305902
305905
305908
305911
305915
305921
305923
174852
43780
305926
43785
305930
305932
43789
305937
305940
305943
305946
305949
43806
305952
174880
305963
305966
305968
305970
174900
305972
305980
174911
305984
305986
174918
305993
305996
306008
43867
306012
174944
306017
306018
174952
306025
43884
306029
306031
306034
43892
306037
306039
306042
306046
174977
306060
306066
306070
306072
175001
306075
175004
306077
306082
306087
306093
306097
175025
306099
306101
175031
306104
43960
175034
306107
306110
306114
306117
43974
306120
43979
306124
306126
306128
175058
306132
175062
306136
306147
306149
175083
306156
44013
306160
44016
175090
306165
175094
306168
306174
175109
306183
175113
306186
306189
44045
306191
306193
306196
175131
306207
306213
44072
306216
44079
306223
175152
306227
44084
44087
306231
306235
306238
44094
306240
306245
306247
44104
306250
306253
44111
306256
306258
44115
306268
175197
306269
306272
306277
175210
44139
306284
306291
44147
44149
306294
306297
306299
306301
306304
306307
175236
306308
306310
175239
306312
44169
44171
175243
306316
175247
306320
306322
175251
175253
306329
306333
306339
306342
306346
44209
306354
306357
306361
306364
175300
306378
306385
306390
44246
306394
175322
306397
306400
306404
44261
306406
306408
306414
44270
306417
306427
306430
306431
175363
306437
44294
44296
306448
175376
306450
306451
44308
306455
44314
306459
306462
175394
306466
306468
306472
306476
306477
175407
306480
44339
175411
306483
306487
175417
44349
306494
175423
306497
175427
306499
175432
306506
306509
306512
306513
175442
306515
306518
306526
175455
306529
306531
306533
306536
175465
306539
44397
306541
175472
306546
306548
306555
306557
306560
306566
44423
306568
306572
175501
306575
44432
306577
306580
306584
175515
306587
306590
44446
306592
175520
175521
306596
306599
175530
306604
175534
175541
306617
175545
175549
44479
306623
44481
306626
306627
175560
306633
175564
306645
306647
44503
306649
306653
306661
44517
306663
44523
306671
306673
306676
175605
306681
306684
306686
306687
175616
44545
306691
175620
306693
306695
175624
306698
306699
44556
175629
44559
306704
44561
306709
306713
306717
306720
306723
306725
306729
306730
306732
175661
44590
175664
44593
306737
306747
175676
306751
175680
306753
306757
175687
306760
44620
306764
306765
306769
306771
175701
306774
175703
306777
175707
306782
306786
175720
306793
44662
175734
306809
175738
306813
306816
306820
175752
306825
175756
306831
175759
306835
306838
44697
175770
306843
175773
306846
306850
306853
175783
44713
175786
306859
306863
306868
306871
306873
175803
306880
306883
306884
175813
306887
306890
175823
175826
306899
306903
306906
306908
175839
306912
306913
306916
44777
44779
306924
306928
306930
306935
306938
306943
306945
44801
175876
306950
306954
306958
306959
44817
306966
306968
175897
306971
175901
306975
306982
306988
306991
306994
306998
307000
307003
307005
307009
307014
307018
307021
307023
307028
307031
44888
307034
307037
44895
307040
44902
307050
175979
44908
307052
175981
307054
307056
44914
307060
175992
175993
307067
44927
307071
307073
307074
44932
307076
44935
307080
307082
307084
176017
307091
44948
307093
176021
307096
307103
44962
307121
307124
307126
176056
307128
307130
307133
176062
44993
307139
176068
307144
176073
307149
45007
176080
176084
307157
307159
307165
307167
307169
45028
307173
307178
307184
307186
307190
45056
45059
307205
176136
307209
176140
307214
307216
307220
307225
176154
307227
307231
307235
176164
45094
176168
307248
307249
307251
45110
307255
307259
176188
307262
176192
307265
45123
307267
307270
307272
307275
307277
307278
45135
307282
176216
307289
307292
176223
307295
45154
176227
307301
45159
307303
176233
307306
45168
176247
176253
307330
307332
307335
176263
307338
176267
307344
307347
45203
176277
307350
307352
176281
307354
45211
45213
307358
176288
307361
307367
45223
307371
45229
307374
45231
307378
307380
45239
307384
307387
307393
45252
176328
307400
176334
45264
176336
307411
307413
307416
307420
307421
307423
176351
307425
45282
307428
307431
307438
176366
307440
307444
307447
176376
45305
307453
307457
307458
45315
176388
307463
176392
307466
45325
307473
307475
176411
307485
176416
307488
307491
307496
45354
307500
176430
307504
176434
45362
176441
307513
307516
307524
307528
307530
176464
307537
307540
45399
176471
307548
307553
307559
307562
45423
307569
176499
45427
176501
307573
176505
307587
307590
176519
307595
45452
45459
307605
307607
307608
176538
307612
307616
176547
307619
176548
45476
307622
45478
45481
307626
45484
307629
307632
307637
176567
307645
307646
307651
176583
307656
307657
307660
45517
176592
45525
307670
307676
45532
307678
45535
307681
307685
176618
307698
45560
307706
45562
307713
307715
176643
307719
45576
307721
176650
307723
45583
307729
307733
307740
176669
307743
45602
307750
307756
176689
307765
45624
176698
307772
176702
307775
307778
307780
176709
45638
307783
307784
176713
307788
307791
45650
45652
307799
307801
307808
307812
307814
307820
176748
45676
307821
176751
307825
307828
307830
176764
307840
307841
307844
307846
307848
307851
307852
307854
307858
307864
307869
307872
307877
45735
45737
307883
307886
307890
307892
307894
307898
307903
307905
45763
176835
307908
45770
307917
45774
307922
307928
307931
45787
307936
45793
307937
176867
307944
307945
176874
307948
307956
307957
307960
176892
307965
45823
307968
45826
307971
307972
307976
307980
176911
307984
307986
45843
307988
45849
307995
307998
308005
176934
308007
308014
308016
308024
308032
308033
308034
308037
176967
45895
308043
308045
176974
308047
308051
308055
308059
176993
308066
308068
45926
308073
308077
177012
308087
45945
308097
177028
308105
308107
308113
308116
177047
45976
308121
45978
177051
45981
308125
308130
308135
308136
308139
308141
308144
46001
308147
177077
308150
177081
308154
308170
308173
308176
177105
46034
177109
308184
177113
308189
46045
46047
308199
177127
308202
308204
46061
177134
308209
177138
308213
46075
308220
308222
46082
308227
177164
308238
308244
46103
308249
308256
177186
308259
46116
308260
177189
308264
46121
308266
308269
177198
177201
308273
308274
308277
308280
177209
308282
308285
308288
177216
308289
308294
308298
177226
177229
308303
46159
308309
308311
177242
308315
308317
308320
308323
177252
308327
308333
308334
308337
46193
308339
308343
308345
46203
308348
308357
46215
177291
308363
308367
177299
308373
46232
308376
177304
177305
308378
177309
308381
46239
308387
177318
308391
308394
177322
308397
308399
177332
308404
308411
308414
177343
308417
46274
308420
46277
308422
46279
46283
308430
308433
308436
177366
308440
177370
308444
177374
308458
46316
308462
177395
177399
308472
177401
46331
308475
177403
177407
308482
308486
308491
308492
308495
177425
308499
177429
308502
177435
177443
308519
46378
308526
46383
308529
308531
308540
308541
46399
308545
177476
308551
46409
308554
308557
308560
177489
308563
177492
308565
308569
308571
46428
308574
308577
308581
46440
308588
177517
308591
177523
308595
308602
46460
308607
177536
308611
177540
308614
177544
46473
308623
46483
308631
46490
308634
308636
46493
177570
308644
308645
308647
177576
308654
46510
177582
308657
308659
308662
308670
177602
308674
46535
308680
308685
46543
308693
177623
46551
46552
177627
46557
177633
46562
308707
46564
308709
308714
308716
46573
177647
177650
308723
308724
46581
177653
308727
308731
177659
308734
308737
46602
308746
177683
308757
308759
308760
177691
308764
308767
308770
177701
308775
177707
308781
46639
177711
308784
308785
308788
308795
308799
308805
46667
308812
177741
308814
46672
308817
308818
46675
308820
308822
308824
177753
46681
46683
308827
308830
308834
46692
308841
308845
177773
308853
177783
308855
177786
308861
308866
308868
46727
308871
177805
308879
177809
308884
308887
308889
308891
46748
308893
308896
177825
177828
308902
308905
308908
177839
308913
177843
308916
308919
177847
308925
308934
308935
177864
46793
308939
308943
308949
308951
177883
308960
177894
308966
46824
308969
46826
46827
308972
308979
308985
46844
308991
308993
177925
309002
177932
46863
309008
46866
309011
309018
309019
177948
309022
309024
177962
309040
309052
309054
46914
309061
309063
309064
309065
177996
46926
309071
177999
309073
178002
178005
309077
309080
309083
309090
309096
309100
309103
178033
309106
46963
309113
309117
309122
46979
309125
309129
178058
309133
178064
178069
309141
309143
47001
309148
309151
178082
309154
47014
309159
309166
178101
309178
47036
309181
178111
309184
309185
309191
309194
309198
309201
178131
178133
47064
178137
47066
309211
309212
178141
309215
309222
309223
309226
309230
309234
178164
309238
47096
309242
178171
309246
178175
309249
47106
178179
309253
47113
309259
47117
309262
309265
309271
309275
309277
47134
178212
309285
178214
309288
47145
309299
309306
309310
178238
47166
309314
309320
309322
178255
309329
178258
309332
309340
178272
309348
178276
309350
309352
178282
309355
309356
178285
309358
309360
309364
309368
178300
309375
178304
309379
309384
47243
309388
309393
47250
309395
309400
178328
178331
309404
178334
309408
309410
178340
309413
178345
309417
47275
309420
309425
47282
178356
309428
47286
309431
178360
309435
47292
309438
178367
309441
47298
309444
178373
309445
309447
47306
47307
309453
47309
178383
309456
178388
47316
309461
309466
309471
309474
47331
309476
309480
178409
309488
178419
309495
309498
309500
309503
178431
309506
309509
309511
309515
178446
309521
309526
309529
178458
309534
178464
178467
309541
309544
309546
309548
47404
309551
47409
178485
309557
178489
309561
47420
309567
178496
47425
309570
178500
309573
178507
309587
47444
309590
178519
309592
309597
47458
309603
178534
309606
309610
178540
309613
309616
309619
178552
309625
309629
309632
309634
309639
178569
309644
178583
178587
309664
47520
309665
309669
47527
309671
178600
178602
309674
309676
47532
47536
178612
178615
309688
47544
47547
309699
309702
47559
309707
178636
309711
309727
309728
309731
309734
309744
47601
47607
178685
309757
178687
178690
309764
309767
47625
309770
178704
309777
309780
309783
178713
309789
309791
309793
178723
309795
309799
309810
309813
178741
47672
178749
47678
309824
178759
309831
309834
309837
309841
47699
309848
309854
178787
309860
309862
309864
309868
309870
309873
178803
309878
47737
309881
309887
309891
309893
309897
309909
47768
309913
309917
47777
47780
309928
178861
47791
309936
47793
309939
309941
178875
309948
309951
309953
309957
309959
47815
309963
178894
309966
47824
309971
47835
309981
178912
178914
309986
47843
309988
309990
178924
47854
309999
178929
310002
178933
310006
178937
310011
310015
47874
178946
310024
178958
310030
47887
310031
310034
178962
178964
310038
310044
178972
178975
310050
178978
178982
178990
178994
310067
310070
179000
310075
179005
310079
310082
47938
47941
310085
179017
179019
179021
310095
310099
47955
310102
310105
179036
179038
310111
310116
179045
310120
179049
47978
179052
310125
310126
179055
310129
179065
310138
179073
310148
310149
179077
310153
48013
310157
310160
179089
48018
310163
310166
310169
310173
48030
179103
48032
48036
310193
310196
48053
310199
310202
179132
310204
310208
179137
48066
310210
179141
310213
310217
310220
310223
179154
310226
48084
310228
48089
310235
310239
310242
310245
310249
179177
310251
310254
179183
179190
310262
310265
310270
48126
310273
179203
310275
310278
48135
310281
179214
310292
48150
310295
48155
179228
310302
310306
310309
310310
310312
310314
48171
48172
310319
48178
310325
48181
310329
179267
48197
179275
310350
179278
310353
310356
48213
310358
179291
48222
310367
310370
310372
310375
310376
179307
48235
310380
179310
310383
179313
310388
310391
179322
310394
310397
179326
310401
310405
179334
48263
310409
310414
179342
310418
310434
310436
310442
179370
310446
179374
310453
179383
310456
310462
179391
48320
310466
179395
48323
48327
310472
310478
310482
48342
310486
179417
310491
310494
310496
310501
179431
310503
310512
310514
310518
310524
310529
48389
310535
310539
179469
179472
310551
48407
310552
179480
179486
48414
310561
310564
310566
179499
310575
179503
179505
310579
310584
310588
179516
179523
310596
179524
310601
310604
310607
310611
179540
179542
310615
179546
310618
310622
179552
310625
48481
179556
48484
310629
310635
310642
310645
310647
310650
310652
48509
310655
48512
48517
310661
179591
310664
179594
310668
48529
310675
179604
310676
310678
310682
48539
310686
179614
310688
310690
310692
310696
179627
310703
310707
310709
310713
310715
310718
179646
310721
48578
48581
310725
310731
179667
48600
310745
179673
310748
310751
179683
179687
310759
48618
310762
310766
310767
310770
310774
310778
179711
310788
48647
310792
179721
310796
179724
310803
310805
179737
179742
48671
179745
310820
310824
310834
48698
310842
179773
310845
179775
48706
310850
310853
179782
310857
310860
179795
179796
310870
179800
310877
310878
48735
179807
310881
48740
310884
179812
48743
310887
179815
179818
179821
310894
179824
310897
310900
310902
179830
179833
310908
48765
310914
179843
310917
310918
179847
310919
310923
310926
310929
310932
48791
310936
179865
310942
310945
48810
310955
310956
179886
310961
48818
48822
310967
310968
310974
310977
179906
310980
310982
48841
48842
310986
179918
310992
310995
48853
310997
311000
48858
311003
48859
179933
311011
179943
311017
48874
311020
48877
311023
311024
179954
311027
311029
179958
311031
179960
311033
311037
48894
179970
179973
311046
311048
311052
179981
311056
179984
179988
311066
48923
311069
48929
311074
311076
180006
311080
48938
180011
311083
311089
180026
311102
48959
180032
311105
48965
180043
311115
311118
180049
311121
48979
311124
180053
48982
311127
311131
180059
48987
311137
311144
311147
311150
311154
49010
49013
180089
311161
49017
311163
180093
49022
49026
311170
180101
49032
311178
49034
311182
180110
49040
180114
311186
311191
311193
180123
311196
311202
311204
311206
311209
311212
180142
311216
49076
49081
311226
49087
180165
49093
180169
180171
311243
311246
49105
311249
180179
49111
311255
311258
180187
311260
311263
311269
311276
49133
311279
311282
311285
49142
311288
49144
311290
180221
311294
311296
180225
311298
311301
311304
311309
180239
311312
49169
180243
311315
311325
180255
311328
49191
180265
311339
49200
311345
311348
49204
180278
49207
180284
311358
311361
311364
180293
49221
311368
180299
311372
311375
311378
311382
311386
311387
311388
180324
311396
311401
311404
49263
311408
180337
49265
311412
49269
311414
311416
49280
180353
311427
180356
180362
311435
311440
311444
311446
180376
311452
180380
49309
311455
49312
180389
311461
180391
311472
311474
49335
311480
180409
49338
311482
180412
311484
311486
311487
180415
180418
311493
180422
311500
311502
180430
180434
49362
311508
180436
311512
311515
311517
180446
311521
311524
180454
311527
311530
49386
180458
180459
49389
311533
311536
180471
49414
311560
180489
311564
180495
311568
49425
180499
311575
49435
180507
49437
311581
180512
180519
180523
49451
180525
311597
311600
311602
49459
311606
180536
311612
311614
180543
311616
311620
311623
49481
311627
180556
311630
180558
311634
311638
311642
311652
311654
311657
49514
311661
49517
180591
311664
311666
311668
311670
180598
311673
49530
49532
311676
311679
311682
49541
311689
311691
180619
311699
180627
180631
311705
180634
311709
180638
311711
180641
311714
311718
311721
49579
311726
49585
311729
180664
311743
49599
180673
311746
311750
311753
311756
311758
311772
311774
180703
311778
180709
311781
49637
180712
311785
49642
180715
311789
311791
49655
311799
311805
49666
180738
311812
180742
311815
49672
180746
311818
180749
311822
49679
180752
311826
49684
311830
49686
49692
311836
49694
311840
180768
180771
311846
311849
311852
49716
311862
311864
180797
311871
180804
49734
311878
180807
311882
180816
49748
311896
180826
311898
180828
311900
180830
311907
311916
49772
180853
311927
180857
311931
180859
311933
311936
180866
180867
311940
180868
311943
180871
49801
311947
49806
311952
311954
49813
311958
49816
311961
180893
311966
49823
311969
180897
311972
49829
311980
49836
49837
311983
311987
311991
180920
49848
311994
49850
180924
180927
49858
180935
49864
180937
312011
180945
312021
312025
312030
312033
312035
312039
312042
312044
180974
312047
49905
312057
312061
180990
312064
49921
312067
312070
181001
312073
49929
312075
312079
312085
312088
312091
312095
312099
312104
312105
312107
312110
181039
312116
312117
312119
181048
312121
181050
312123
181054
49985
312130
181058
49987
312134
312138
49994
312139
49999
312144
181075
312147
50003
312154
181086
312158
312162
181091
312165
181095
50025
312170
181099
312173
50030
50032
312176
312179
50036
312181
50038
312184
312186
181123
312195
181127
312200
312203
181131
50061
181134
312207
50066
181138
312210
312213
181145
50073
312222
312223
181152
312227
181156
312232
181160
312233
50091
312237
312241
50100
312244
312247
50105
312249
181178
312251
312255
312258
312261
50118
50124
312272
181202
312278
181206
312281
181209
312291
50148
181222
312297
181225
312301
312302
181231
181235
181239
181241
50170
312320
312324
181253
312329
312332
181267
312340
181271
312343
312351
181280
312353
181282
50211
312360
312363
181292
50221
181295
312368
181298
312371
181301
312375
181304
181312
312385
50244
312389
181320
312392
50250
312395
312397
50256
312400
312404
181334
312408
312411
312413
50273
181345
181349
312421
181358
312435
181365
312440
312443
50302
312448
181383
312455
50316
50321
50322
312468
181399
312471
50328
312474
50332
312479
312481
312483
312485
50346
312490
312491
181420
312494
50351
181425
312498
181433
312506
50365
312509
312512
181441
181444
312518
312520
50376
312522
181450
50380
312526
312538
181467
312539
50396
181470
312545
312548
181478
181482
181485
312559
181489
50417
312563
50425
312569
181498
312570
312571
181501
312576
181504
50435
312583
181515
181519
181526
312599
312601
312604
50463
181539
312613
181551
312624
181554
50482
50484
50485
181558
312635
181568
50499
181571
312643
312645
312647
50504
50506
312651
181582
312657
181585
312664
50524
181597
312672
312676
181604
50534
312682
312686
181618
181622
312694
312701
50558
312704
50562
50565
312713
181646
312719
312723
50581
312727
181657
181661
312734
181663
312741
312744
181672
50601
181674
312747
312750
312753
312755
312757
50615
312761
181689
312764
181694
312767
312775
181704
50633
312782
181710
50640
312788
50648
181720
50651
312795
50655
312799
181731
312804
312808
181740
312813
312815
181746
312818
50678
312822
312826
50682
312828
181759
50688
181763
312838
312843
50700
312846
312850
181781
312854
50717
181791
312868
50725
181802
312877
181808
312882
312888
50748
312892
181821
312896
181830
312903
50759
181832
50762
312908
181838
312911
312912
181843
181847
312920
50777
50779
50782
312926
312928
50785
50788
181863
312937
312941
312944
312951
312955
312958
50818
312962
312970
312976
312979
312990
312995
181923
312998
313001
313005
313007
50864
181937
181941
50869
313019
50875
181949
313023
313028
50884
181959
313032
181963
313036
313039
181970
313043
313046
50903
313054
313057
50914
50917
313062
313065
181996
313068
50925
313070
313071
182000
313074
182004
313077
313080
182014
50944
313091
313094
182023
50952
313098
313099
50955
182028
313101
182031
313104
313107
313110
182038
50970
50975
313123
182054
313127
313128
182057
313135
313138
50996
182071
313145
313148
182077
313150
51008
182083
313156
313166
313168
313171
313179
313187
51043
182116
313190
182120
313197
182126
182129
51057
313203
313205
182133
313207
182139
313214
182143
313216
313218
313224
51082
51084
313233
313237
182167
313240
51098
313243
51100
182175
51106
182179
313253
182183
313258
51114
182187
313265
313268
313276
182205
51135
313280
182209
313283
51142
313287
182216
313291
313293
182223
51152
313299
51158
313302
51161
313306
182235
313312
313314
182242
313324
182252
313326
182259
313333
51190
313334
313336
313341
51197
313343
182273
313347
51207
313354
313356
51212
313358
51217
182290
313362
51221
313366
313368
313371
313375
313379
182309
313385
51241
182314
51248
313392
313394
182323
313397
313399
313401
182333
313407
51263
182336
313412
313414
182342
313415
313418
182349
313421
313424
313425
313426
51286
313430
313431
182360
313433
313436
313440
182370
313445
182374
51304
313448
313451
313466
182398
182409
313482
313484
313485
313488
182417
313490
313492
313493
313496
51354
313498
51357
51361
182435
182438
313511
313514
313515
182444
182451
313524
182455
313529
313530
313538
313541
313543
313545
313551
313553
182485
313557
313559
313560
51417
313564
182496
313570
182502
182506
313578
313581
182509
51439
313584
182512
313585
313590
182518
313594
182524
182531
313604
313607
51464
182536
313609
313611
313616
313618
51480
313625
182555
51485
313632
313636
182567
313640
313644
182572
182575
313649
313652
182581
313656
182585
313659
182595
313673
182605
51534
313680
51536
313685
182614
313689
313693
313696
51554
313702
51560
313708
313713
182641
313717
182645
182649
182651
313724
51581
51585
313730
313735
182664
51593
313739
313740
51598
313743
51601
313747
51605
182681
313757
313760
51618
313763
182696
313768
313770
182699
313774
51630
182702
313779
182708
313784
313790
313793
182722
182731
313806
313808
182737
313811
313817
313819
313821
313824
313826
313828
182759
313831
51690
313836
182766
313839
182768
313842
313844
313852
182784
313856
51713
313858
182788
313861
313866
313867
313870
51729
313873
182802
51733
313882
182812
182819
313893
313897
313905
313909
182838
313913
182842
313916
182845
51774
313920
313922
313928
182857
51786
313932
51790
313934
313939
313941
313945
51802
313954
182882
182888
51816
182892
313967
182895
313970
313973
313976
51833
313978
182909
313984
51844
313989
313991
51849
313995
51852
313998
314000
314004
314007
314010
314012
314015
182948
314020
51878
182951
314026
51885
314033
182967
182970
314044
182973
314047
51903
314049
182977
51907
314052
314054
314055
314058
314060
314062
182991
314063
182995
314070
314074
314076
314079
183007
314086
314089
314091
183021
314096
314100
183034
183038
314110
51967
183041
314114
314118
314123
314125
183058
314132
183062
314134
314137
183066
51996
314143
314144
314146
314148
314153
314157
314160
314165
183095
314167
183102
314174
52032
183105
314180
52036
314183
314186
52045
314190
314193
314197
314201
183129
52057
314202
314205
183135
314214
183142
314216
314220
52079
314223
183151
52083
314227
314231
183161
183164
183167
52098
314245
183173
52104
183177
52112
314260
314265
183193
314268
183196
52126
314271
314273
183205
314277
52136
314280
183209
314284
52141
183214
52148
183222
314299
183228
314301
314303
314305
314312
314313
52170
52172
314316
314320
52176
52181
314326
314329
183262
314336
183266
314340
183272
52201
314352
183281
314354
314357
314360
183288
183292
314366
314368
314373
314374
52231
183304
314380
183313
314387
183317
314390
52249
52252
314397
183330
314403
314405
314408
314409
314417
52274
183347
314421
314429
183363
52293
183366
314439
183369
314443
52300
314447
183377
314450
314452
314454
314456
52318
314463
314465
183394
314468
183397
314474
183404
183409
183412
314488
183416
314496
314503
314505
52364
314508
314512
52369
314514
314516
314517
314520
314523
52379
314530
314537
314539
314540
52396
314543
183477
183480
314553
52409
183485
314560
183489
314564
314566
314570
314574
314576
183507
314579
183509
314582
183511
314587
314590
314592
314593
183521
314597
52459
314605
52463
314607
314609
314611
52472
314617
183546
52476
314622
314628
314630
314632
183560
314640
314643
314645
314647
183577
314653
183581
183587
52516
314668
183596
314671
314674
314681
314683
314692
183620
183622
314698
314701
183630
314703
314705
52566
314712
314714
314716
183648
314726
183655
314729
183658
52592
314739
183669
183673
314749
314751
183680
314753
52610
183686
183689
314764
314767
183695
314770
183698
183701
314773
183704
52636
314783
52641
314786
183715
314789
183719
314796
52654
314798
314804
183732
314806
314808
314810
183742
314817
314819
183748
314821
314826
183754
314830
52688
52690
183763
314837
314841
183769
183773
314846
52702
314849
183778
183782
314855
183786
314859
183788
314863
183791
183793
314867
314871
314873
183802
314876
183806
314879
314883
183814
314887
314890
314894
183823
314896
314900
314903
314906
183838
314911
183840
314916
52777
314922
314925
314927
52785
183857
314933
314936
183865
52795
183869
52799
52801
314945
314948
314955
183883
314957
314960
52817
183891
314965
52822
183895
314968
183899
314974
183904
183907
314979
183910
52839
314984
314986
314988
314992
183921
314996
183925
314999
183928
315001
52859
183932
315004
315010
315012
315013
315017
315019
52875
315021
315022
183951
315024
315030
315037
52893
52896
52899
315044
315046
183974
315049
183978
315054
183982
52912
315058
52915
315061
315064
315067
315070
315073
315075
52934
315085
52943
315088
315093
315100
315103
315106
315108
315111
184040
52969
184043
52974
184046
315119
184049
52981
315125
52984
315131
315135
315145
53003
315148
53006
315151
184082
53011
315156
53013
53018
315164
184093
184096
53026
315170
184099
53027
315173
315174
53030
184103
184106
53040
184114
315189
315191
53049
315193
315197
315201
53059
315208
184137
315214
184143
53072
315216
53077
184149
184157
184159
315232
315236
184165
315239
53095
184169
315242
184172
315245
315247
315249
184178
315256
53117
315261
53119
315264
315265
315268
184196
53125
315272
315276
315280
53138
315282
315283
315285
184218
53146
184221
184225
315299
315301
53168
53169
315315
315316
315317
315320
184250
184251
315327
315332
184264
315336
315341
53199
184271
315344
315353
184283
315357
315360
184289
315373
315377
53235
315383
184312
315384
53243
184316
315388
315390
184320
315393
184327
315401
184332
315406
315409
315411
53267
315415
184343
184347
315419
184353
315427
184357
315431
315436
315439
184372
315447
315450
53308
315455
53317
184389
315463
53320
53322
184396
53324
315469
184399
315474
184403
315477
184406
184410
315484
315486
184414
315487
315491
184420
315494
184424
184428
315501
315502
184437
315510
315514
53372
184447
315524
315529
315532
315534
184466
315538
184470
184472
315546
315551
315554
315557
184486
315563
53421
315567
53432
315576
315580
53437
315582
184513
315585
315588
315592
315596
184526
53457
184529
184532
315604
315608
315616
315619
315621
315623
53480
315630
315632
53489
315634
53491
184563
315640
184573
315645
53502
315648
53505
315651
315657
184587
315660
315664
53521
315667
315673
184606
315680
53536
53538
315684
184614
315687
315689
315692
53551
315696
315700
315704
315707
53564
184636
184639
315713
184643
184648
53576
53578
315724
184652
184654
315728
53587
315735
315738
53595
315742
184670
315746
53604
315750
315753
315756
184687
315759
184691
315764
53620
315765
53623
315769
315771
315773
315776
184706
184712
184715
184717
53646
315790
53647
315795
315798
315799
315802
53659
53664
53669
315816
184745
315820
184748
315827
315829
315832
315835
53692
315836
53695
315839
184774
53702
315847
315850
53708
315853
315856
184790
315863
53719
53721
315866
315870
53726
315871
315873
53730
315876
184806
315880
315882
53740
315887
53746
315891
315894
315897
315903
315905
184835
53765
315912
184842
53773
315917
184846
184850
315924
184853
315926
184856
315932
315936
315942
53799
315946
315948
53805
315952
315956
315960
315961
184890
184893
315966
315968
184896
184900
315972
315976
53835
184909
53839
315984
315988
315991
184919
315992
315998
184927
316005
184935
316008
316011
53874
184948
316024
316028
316031
316034
184964
316039
316043
53903
184978
316051
184986
53914
316061
184990
53921
184994
316070
184998
185001
316074
53931
316084
185013
316091
316094
316098
185028
316102
185035
316108
316112
53970
185042
316115
316118
53977
316121
185051
316124
185054
53982
316126
185057
316129
316132
316135
53991
185064
316136
185065
53993
316139
185071
316144
185075
316149
185078
316150
54008
316156
316158
316164
185095
316170
316172
316175
185104
316179
185112
185116
316188
316192
316196
185125
316200
316204
185133
185134
316207
316208
185138
316213
185142
54073
316217
316220
54078
316223
316226
316235
185165
316239
316243
316245
185173
316248
316253
54111
316256
316258
316260
54116
316263
316267
316270
54126
185199
316272
185202
316277
185206
316280
185209
316284
185216
316291
316293
185224
316296
54152
316299
185228
316302
54163
185235
316309
316311
185239
185243
185247
316319
316320
316323
185251
185255
54189
185264
316340
316341
316344
316352
316354
185286
316362
185290
316369
316371
316373
316380
316383
316387
316389
316400
185330
54259
316403
54261
316406
185336
185339
316415
54275
316421
316425
316429
185357
316431
316434
316436
316441
54298
316443
185372
54301
316446
185376
316450
185386
54318
316463
316467
316470
185399
316474
316479
316483
185413
316491
54349
316495
316501
54358
316505
316507
54364
316510
54366
316511
316513
316516
54372
185445
316519
185448
316523
185451
316526
185454
54382
316529
316532
185464
316538
185468
316541
316544
185472
185478
316551
185484
316562
54420
316566
185495
185498
316570
316575
316578
185509
316581
316583
316586
185515
54445
316590
54447
185519
185523
316599
316608
54468
316613
185543
316618
54475
54481
316625
185554
54483
316630
316636
316642
316644
316650
54511
316662
185591
316666
54522
316669
316670
185598
185602
316677
54535
316683
185614
316687
54543
185618
316692
316697
316699
185628
316701
316705
316709
185638
316713
316714
185646
316720
316728
316732
316735
316739
185669
185673
316749
316751
185690
54620
316768
316771
316775
185704
316777
185707
54637
316781
316783
316784
316788
316791
316796
54653
316798
54655
316800
316805
185733
54662
316807
185736
316810
185741
316814
185744
54675
316821
185754
316829
54686
316831
54690
316835
185763
316836
316839
185767
316841
54701
185773
185777
316850
54707
316852
185780
185784
54712
316857
316859
54716
316863
316868
185796
316872
316875
316877
185805
316879
54736
185809
54740
54743
185816
316889
316891
185819
316893
185823
54755
185827
316901
316904
54765
54766
316914
54771
185843
316918
316922
185850
185854
316929
54787
316933
185862
316937
316941
185874
316951
316956
316958
316959
316962
185891
185895
316968
316972
316974
185903
316978
316981
316983
54842
316986
54845
316991
316993
185921
316995
185924
317001
54858
54860
317004
317010
185939
317012
317015
185943
54873
317019
54880
317025
317028
185958
317031
317034
185964
317038
185970
317043
317051
317054
317058
317062
54919
317063
185993
317066
317069
317074
54932
317078
54936
54937
317086
317089
186019
317092
54948
317102
317106
186038
317114
317115
186046
317121
317125
317128
317130
317132
186063
317136
317138
317141
317145
55005
317150
55008
55010
317156
55018
317165
55021
317168
317172
55029
317174
317176
317179
186108
55038
317184
55043
55046
317190
317196
317199
186127
317203
317206
317209
186141
317213
317215
186144
317221
317223
55084
186157
317231
55088
186161
317234
186167
317240
55098
317243
186171
317246
186175
55104
317249
317251
317255
55111
186184
55114
317258
186188
186191
317269
317273
186204
317277
55134
186208
317284
55142
317288
186220
55150
186224
317297
317302
55159
317306
317311
186245
317318
317321
55179
55180
317327
186256
317330
55186
186259
317335
186263
317341
317345
186275
55203
55205
55207
186286
317358
55222
317368
55225
186298
317374
317376
186306
317380
317383
55244
186317
317390
55246
317401
186330
317403
55259
55261
317407
317411
186340
317415
186344
317418
317420
317422
186350
55279
317424
186353
55281
317427
317430
186362
55290
186366
317439
55296
55299
317443
55304
186377
317450
317453
186381
186384
317459
186388
55319
317465
317469
317473
186402
317476
317479
55337
317482
317485
317487
317490
186418
186422
317497
186425
317500
317505
317512
55371
317516
317518
55378
317522
186451
317526
186455
317528
317531
186461
317535
55392
186465
317538
317543
317546
317549
186479
317552
55410
317558
55415
317562
55420
186492
317565
317568
317573
317576
55434
186506
317585
317587
317590
55446
317591
317594
186522
186526
317598
317601
317603
55459
55463
317607
186538
317611
317619
317623
317625
317629
186558
317631
186563
317638
317643
317649
186579
317651
317652
317654
186586
317660
55517
317664
317668
186597
55526
317672
317674
317675
186603
55533
317681
55539
317685
317687
317690
186622
317696
317697
55553
186626
186629
55558
317704
186634
317708
186638
317712
55569
317716
55574
186647
317719
317723
317726
317728
317732
186662
317735
186664
55594
55595
55597
317743
55599
186673
55601
317746
186679
317756
186685
55614
317759
317761
186690
317763
317766
55631
186703
55633
317778
186707
317782
186711
317784
55645
317789
317792
317794
317797
186726
317798
317802
186730
317808
317810
317812
55669
186743
317817
186746
317819
317820
317824
186754
55685
317830
186763
55691
317835
55700
317846
186774
317850
186781
55710
186787
317859
317864
317867
317871
317873
186801
317876
186808
317882
55739
186812
317885
317886
186816
317896
186825
55754
317901
317904
317907
317910
186842
317916
186845
317920
317923
186857
317929
317932
186861
55790
317934
317938
186867
317941
186872
317948
317949
317953
55810
317957
317959
317960
317962
317964
317967
186895
55827
317973
317974
186903
317976
317979
186910
55838
317984
186914
317988
317989
186921
317993
317996
317997
318000
186931
55863
318009
186937
186941
318013
318016
55874
318019
186948
318022
318026
186955
55883
318030
55895
318041
186969
55897
186981
318054
186987
318059
55918
318065
318068
55925
318077
318081
318082
187014
318086
187018
55949
187022
318095
318098
318100
187029
318103
187032
318106
318109
187038
318114
318117
318120
187049
318123
55980
187052
318131
318138
318144
318147
318149
187079
318153
187085
56014
318159
318161
187098
318172
318174
318175
318180
187113
56042
318186
318189
56048
318193
187122
318197
318199
187131
318203
318207
318210
187143
318217
187146
187148
318222
318229
187159
318233
318237
318240
318244
187172
56103
56106
318253
318257
187186
318262
187193
318265
187196
318268
56126
318271
187200
56129
187207
318281
187211
187214
318290
56147
318293
318295
187226
318299
318301
187230
318304
318308
318311
187241
318314
187244
318317
318320
318323
187252
318326
56182
187256
187259
187262
318334
318336
318339
187268
56197
318347
187276
318352
318355
187284
318359
187287
318365
318368
318370
318373
318376
318377
318378
56236
318380
187310
318386
318392
56250
318396
187325
318398
56256
318402
318405
187333
318407
56264
56266
318411
187340
318417
318420
56277
318426
187357
318429
318432
187360
56289
56293
318439
318442
318446
318451
187380
318453
187383
318456
56314
187386
318460
318476
187404
56332
187408
318484
187412
318488
318491
318493
187425
318501
187429
318503
56359
318508
56365
187437
318509
318512
318516
56375
318521
318525
187454
56383
318531
318537
187471
318548
318551
318554
318558
318561
318564
318569
318572
318573
187503
318583
56439
56440
318586
187514
318588
56446
318591
318595
56451
318602
318605
187536
56470
318615
187546
187550
318625
318626
187563
318635
56493
56495
187573
318645
56505
187577
318651
187587
318663
318666
318669
187598
56527
187601
318675
187604
318677
187607
56536
187611
56539
187617
56548
187623
318695
318698
187627
318705
318708
187637
318710
187640
318713
187643
318717
318720
187650
318724
318725
318728
318731
318733
187661
56591
318739
318742
187670
318745
318749
318753
318757
318761
56620
187696
318771
318772
318776
187704
318778
187711
318784
187714
187719
56649
187723
318795
56652
318798
187727
56655
318800
318802
187730
318807
318811
187743
318816
318820
187748
318824
187752
318826
318833
318838
318840
56703
318851
187779
318854
318855
318858
318861
187793
56723
318873
318876
318878
318881
187809
318885
187813
318888
187817
56746
318891
318895
318896
187829
318906
318909
318912
318915
187843
318920
318924
187853
187856
187863
318936
318939
318941
56798
187872
318946
187877
56810
318955
318957
318958
318967
187897
187900
318972
56830
318975
187906
187909
56839
318985
187918
187920
318993
318995
187924
318998
319002
56859
187933
319006
319007
319012
319014
319017
319024
56881
187954
319027
187957
319030
319034
319038
319041
319047
319050
319053
319054
319058
319061
187990
319064
187997
319069
187999
319071
188005
56934
319080
319083
56940
188013
319090
56947
319097
188026
319100
319101
319102
319107
188036
319110
319112
56971
319116
319120
319124
319127
188058
319132
56991
188067
319142
319143
319146
188077
319151
188080
188083
319157
319160
188091
319163
188095
319167
188099
319171
188103
319175
57033
319179
188108
319182
319185
319188
188120
319194
57050
319196
188128
188132
319204
57064
188136
319210
188139
57068
319216
188147
319224
188153
188156
319232
319235
319237
319243
188173
188176
319249
57105
188182
319255
57113
188185
319258
57117
319261
319266
319268
188206
57135
319280
57137
319283
188215
319290
319292
319295
319297
57153
57155
319301
319306
188235
319308
319310
319313
188243
188246
319319
319322
188250
319326
188254
319330
188258
319331
319341
319344
57203
319348
188276
57208
188281
57210
319356
319357
319360
57218
188292
57222
57225
319372
57229
319376
319378
319384
57240
319385
57242
319387
319389
188318
319391
57248
319392
319393
319396
319399
57257
319405
319406
57265
319409
319412
188345
319419
319421
319424
57283
188356
57285
319431
319434
57295
319448
319454
188388
319460
57318
319464
319468
319473
188408
319482
319485
188418
57349
319494
319496
319498
188427
319502
188431
188438
319511
57369
319517
57374
319520
188450
57379
188458
319532
319535
188465
57394
319540
188470
57399
319543
188472
319546
319548
319551
319556
188490
319567
319571
188502
319581
57443
319588
319593
188522
188528
319601
319602
319603
188531
319606
319608
188538
319612
319621
319628
319631
319634
57492
319637
188569
319641
188573
188574
319647
188578
57507
319654
188588
57517
319664
188592
57521
319667
188596
57525
319670
188601
319674
319677
188608
188612
188615
319687
319689
188618
319691
319692
57549
188627
319700
319703
57562
319707
319711
188644
319719
188648
319722
319726
319730
319731
188663
319735
319738
319740
319743
319747
188676
319751
188679
57610
319756
319758
188688
319760
57617
188691
188694
319767
188697
319770
319772
188704
319777
188711
319785
188718
319790
319793
319796
57655
319799
188728
57658
188730
319807
319808
188738
319812
188744
57676
188748
319823
319826
319830
57687
319837
319840
188769
319841
319844
188773
319847
57704
319852
319854
188785
57714
57715
188789
319862
188793
319865
319874
319876
319881
319883
188816
319891
188819
319894
319897
188827
57758
319905
188834
188836
319909
319911
319912
319915
319918
188847
57777
57779
188851
57784
188859
319932
319937
188866
319939
319941
319944
319945
57802
319948
57806
319951
188879
57808
188882
319955
319958
319962
319966
188898
319970
319973
319977
188905
188908
319981
319984
319989
319992
319999
320001
320004
320007
320008
188937
320011
188941
188944
320019
320022
320026
320030
188959
320038
188966
320049
188978
320053
188987
57918
320062
188991
188994
57925
320069
188998
189001
320074
189009
320082
320084
189016
320089
320092
189020
320095
189033
320106
320108
189036
57969
189042
320116
57973
189048
320125
320128
57987
320134
320135
320139
57997
320142
320145
320151
320155
320158
320161
320164
189092
189096
320169
320171
320175
189104
320179
189108
189115
320188
189118
320191
320193
189126
189130
320202
320205
320209
320212
189142
320216
58076
189151
58083
189156
320232
189162
58090
320236
189165
320239
189168
189172
58101
320247
320259
320260
320263
189191
189196
320270
189199
189208
320280
320287
320288
189217
320291
189221
320297
58155
320300
189230
320306
189235
58164
320312
189240
58173
320319
189253
320328
189257
320332
189262
320336
320339
320342
58199
320349
320352
189281
58211
320356
189285
320358
58214
320360
320364
58222
320366
189295
58224
189299
320371
320373
189302
189304
189308
320380
189312
58245
320390
320395
189326
320401
189330
320407
320411
58268
58270
320419
320425
320427
320430
320434
189364
320438
189368
320444
320448
58306
189378
320453
189385
320460
189389
320463
320467
189399
320472
320475
320477
189406
320479
320482
58342
320488
189416
189417
320491
189420
58348
320496
189428
320506
189437
320510
320513
189443
320516
320522
320526
320532
189461
320538
189466
320541
189474
320548
58404
320549
189478
320555
320558
320561
320563
189491
189497
320577
320580
189518
320592
320595
189524
320601
189532
189535
320609
189537
320613
58472
320616
189546
320618
320621
189551
58483
320629
320630
189558
320631
320634
320637
58499
189571
189573
320648
320650
58508
320653
189581
320655
320658
58516
189590
320663
320666
320669
58526
320674
189604
320682
189610
58542
320686
58544
189616
320696
320700
189628
320703
320705
189635
189638
320713
189642
320716
189645
189649
189651
320726
189655
189657
320734
189663
320738
320741
320745
189675
320750
189682
320754
58612
58613
320759
320762
320764
189693
320768
320771
58629
320774
320777
189705
320785
320787
58645
320793
189721
58651
320796
320797
58654
58656
189730
58659
189732
320805
189734
320808
189739
320816
189745
320819
320821
189749
320825
58682
189755
320828
58686
189761
320833
320836
189765
320839
189768
58699
320845
189776
58705
320849
320851
58709
320853
320857
320858
320860
320865
189796
320871
189801
320874
320880
58737
189809
189812
320885
320897
320899
320901
320905
189833
58764
320908
189840
320915
189844
58776
320920
189850
58779
320924
320928
320931
189860
189862
189867
189869
320943
189873
320948
189877
320951
320953
320957
58814
320960
320964
320967
320970
189898
189904
58837
58839
320991
189919
320994
320997
189926
320999
189932
321006
189936
321008
189939
58869
321013
189942
321015
58873
189946
321019
321023
321025
321027
321029
189965
321037
321040
321043
321048
189977
189980
321054
58913
321058
189989
321064
321066
189998
190005
321079
190007
321081
190010
321083
321085
58943
190019
321091
321093
190022
321096
190025
321098
321101
321103
321105
190034
321107
321110
190040
321113
190043
190049
321122
321128
321134
190071
190073
190077
190081
321158
321161
321162
321163
59020
321165
59022
190095
190098
190106
190108
321183
59039
190112
59041
190118
59047
321192
321196
190124
59054
321200
190130
59061
321206
321211
321215
190145
321217
321220
321222
190154
190157
321232
190161
321235
321240
190168
321243
321246
321249
190178
321252
321254
190182
190186
321263
321264
190193
321268
321271
190200
59128
321276
321277
190206
321281
190209
321286
190215
321288
321293
190223
321297
59153
321301
321302
59161
321307
59166
190239
321312
321313
190242
321315
321316
321318
321321
321324
59181
321327
190255
59185
190258
321331
190261
321335
190264
321336
59194
321339
321342
190272
321345
190276
321349
190280
59208
321353
59211
190284
321357
321360
190291
59221
190295
321373
321376
321377
321380
190308
321381
59240
59242
190315
321388
190318
321391
190321
59252
321397
190336
321409
190340
321412
321416
190346
321419
321425
321432
190361
59297
321445
190375
321453
190386
321458
321461
59320
190392
321469
321473
321476
321478
321479
321481
321485
321491
190419
59352
321498
321501
321503
190433
190434
321506
321508
59367
321512
190442
321516
59375
321520
190451
321525
190455
321527
321529
190459
59395
321540
59397
321543
321548
190476
321550
321552
190480
321556
321559
190490
321566
190494
321569
59429
321576
190505
59434
321578
321582
321585
321588
321591
321594
321595
321598
190526
321600
321602
321607
59464
190538
59466
321612
190541
321614
190544
190547
321620
59481
321628
321631
321635
190565
321639
190568
321644
59504
190577
321651
190580
321654
59511
321656
321660
321663
190593
321667
321668
59527
190603
321676
321680
190611
321684
321687
190615
321689
59545
321691
190619
190626
321699
190631
321705
321707
190636
321711
190640
59569
321715
321719
321724
321727
190655
190657
321729
321732
321739
190667
59599
190672
321760
321764
59621
190696
190699
321774
190704
59633
190708
321783
321785
190714
321787
190717
321792
321796
190726
321801
190730
321803
190734
321807
190737
321810
59667
321817
190745
321820
321826
321829
59691
59693
321840
190768
59697
190771
321843
190774
321847
321849
321851
190781
321855
321859
321861
321863
190792
190796
321870
59728
321872
190807
321880
59741
321885
190817
321892
321894
321898
321902
190830
321905
321912
321917
321919
190847
321925
190853
59782
190856
190860
190864
321936
59793
321938
190874
190878
321952
321962
190893
321967
321969
321971
59829
190901
321975
59833
321978
59838
321988
321991
321993
59853
322001
190932
322004
322005
190935
322009
190942
322015
190945
322021
190953
322027
190956
322029
322032
322034
322038
190969
322043
190975
322051
322054
190984
322058
322060
190990
322064
59921
190996
322072
59928
191001
322079
322081
191014
322087
322090
59953
322097
191028
59960
322104
322106
322107
322113
191041
59970
322116
322119
191057
322131
322133
59989
59993
322142
322146
60004
60006
191080
322153
191083
322156
191086
322162
322163
322168
322173
60033
191106
322178
191108
322182
322186
191121
322200
322202
60059
191132
322205
191136
60070
191143
322215
322218
191147
322221
191151
322224
322227
322230
322234
191164
191171
60101
322245
60103
322247
60105
322251
60109
322254
322257
322261
322264
191193
60122
322267
322270
322272
191200
191203
191209
322282
322285
322289
191217
322293
60151
191223
322296
191226
322302
322306
191235
191239
322312
322314
191243
322317
191246
322321
191250
322325
322326
322327
60185
191258
322331
322332
322340
191270
322344
322347
322352
60211
322360
322362
60222
322368
60224
60227
322375
322377
191305
322379
322383
60239
191312
191315
191318
322391
191324
322399
191331
322403
60260
191335
322416
322421
322425
322428
191360
60291
191364
191367
322439
322444
60301
191376
60304
191380
60318
191390
322463
191393
191397
322471
322488
191417
322491
191420
322493
191426
191429
322502
322504
60360
191433
322508
322512
60371
322515
191443
322517
191446
322526
191456
191469
322544
322546
191475
191478
322550
322554
191482
322558
191493
322565
60424
60426
191499
191503
322575
322576
60434
322581
60437
191510
322582
322585
60443
322590
322593
191522
191526
322599
191533
191537
322609
60467
322614
322617
60475
322620
322624
60481
191554
322627
322629
322633
60491
322636
322639
191567
322641
322643
191574
322650
322651
191580
322655
191587
191590
60518
322667
322669
191597
60526
322672
322674
322678
322681
191609
322684
191614
322688
191619
322691
322695
322701
322704
191632
191635
322712
191643
322719
191647
322722
60580
322725
322730
322735
322739
322742
191671
191673
60602
60604
322749
322752
191684
322758
322762
191695
191698
322772
322779
322784
322786
191719
191730
322803
322804
322805
60662
322808
322811
322815
322816
322819
60677
60684
322830
191758
322832
191770
322847
191776
322850
191779
322852
191783
322857
191786
322861
191789
60723
191796
322870
191802
60731
191806
322878
322882
322884
191821
322899
191830
322907
191836
322908
60768
191840
322912
322915
322918
322920
191848
191850
322925
191854
322929
322933
322936
322939
322942
60803
322949
322953
322955
322957
191887
322961
322968
191897
322972
322973
322977
322980
322983
322985
60841
322987
191917
322990
191921
322994
191925
322998
322999
323000
191928
323002
323004
323006
191934
60864
323016
191946
323021
191949
191953
60882
323026
323028
60885
191960
60892
323041
323045
191973
323051
323054
323057
323064
191993
191996
60924
191999
323075
60935
323084
192016
323089
323094
323098
192028
323103
192034
192038
323113
60970
60973
192046
323119
323121
192050
60981
192054
60983
192057
60987
192061
192064
323136
192066
192068
192072
192073
323149
192080
323155
192084
323157
192088
323161
192094
61025
323170
323174
61030
192102
192106
323179
323181
192109
323183
323185
323191
192121
323196
192125
323199
323202
323205
323210
192139
323213
323215
323219
192147
61075
323221
192151
323225
323230
192159
323232
61091
192164
323238
192168
61096
323241
61103
323247
192176
323248
192180
323257
192187
323260
323264
192194
192197
323269
192198
192201
61130
323276
323280
323288
61148
323297
192227
323300
192231
323303
192235
323307
323310
323314
323316
323318
192246
323320
323323
323325
61184
323328
323330
323334
61190
192267
192271
192275
323347
323349
323351
192280
323354
61212
323358
323364
323366
323368
323370
192299
323375
323379
192308
192309
61239
323383
192313
323392
323396
323398
61258
192332
61260
323411
323415
323423
323426
61285
323431
323435
192368
323443
192375
192379
323451
192381
61310
323456
323462
192391
323464
323465
61323
323467
323472
61328
323474
192402
323478
61334
323483
323492
61352
192426
323499
323501
192429
61366
323510
323514
192444
323517
323519
192448
323526
192456
323529
192459
323536
61393
323540
192470
323542
323545
192474
61404
323548
192478
323551
323553
192484
61413
61415
61419
323566
192494
192498
61427
323571
61429
323573
323575
192504
323577
192508
323581
323585
192519
323593
323595
192525
61453
323599
192529
323602
192531
323607
61464
192536
323610
61469
323613
192551
323624
323626
192556
192559
323633
323636
192565
192569
323654
192584
323661
323662
323664
323666
192596
192599
323672
323675
323679
192608
323683
192618
323693
192622
323696
61553
323699
323702
192636
323709
323711
323713
323715
192646
192650
323725
192653
192659
323736
192665
61594
323739
192669
323746
323749
192680
323752
192683
323757
192687
323760
323762
192691
323763
192693
61621
192699
323772
323773
192703
323778
323781
323792
192721
323796
61654
323798
323805
323806
323807
192742
323816
192749
192752
192756
323828
323837
61698
323842
192773
323845
323846
192777
323850
323854
323857
323861
323864
323867
61724
61730
192810
323886
323890
323893
323895
323897
323900
192830
323907
323909
192840
323913
61769
192844
192847
323920
323922
192851
61783
323930
61787
323932
61791
323936
323939
192869
192872
192874
323951
192879
323953
192881
323955
61816
323962
192892
323966
192896
323970
192899
61833
323984
323989
61848
323994
192924
323997
323999
192929
324002
324004
192933
324006
61862
61864
192941
61870
324016
192945
61874
324024
192958
324031
192961
324039
324042
324047
324049
324059
324061
324063
192994
324067
324071
324073
193001
61930
324076
193004
324077
324081
193011
324083
193015
324092
193026
61954
193034
324108
193038
61967
324111
193042
324115
324118
193046
324119
193049
324123
193053
324127
324129
193059
324132
193063
324135
61992
61994
61995
324140
193074
324150
324158
193094
324168
193097
324170
324175
324177
193107
324179
324180
324183
193111
62040
193122
324194
324201
193130
193133
62062
324209
324213
193145
324220
62076
193149
62081
62083
324228
193158
324231
324233
193162
324236
193169
324243
324245
193173
62105
324249
193184
62116
193188
324260
324262
324273
193204
324277
62135
193208
324280
193213
324294
62151
193225
62153
324300
193232
193235
62165
324310
193240
324313
324314
62171
193243
324316
324319
193253
324331
324334
193262
324336
193265
324339
193269
324343
193272
193284
324361
324364
324366
193297
62226
324374
193306
193309
62240
324389
193317
324392
193321
324393
324398
193328
324401
324406
193336
324410
324415
324427
324430
324435
193364
324440
193369
324443
193373
324446
62303
193376
62312
193384
324457
193386
193388
324464
324467
193396
324472
193400
324479
324482
62338
324485
193413
324495
324499
324502
193433
324506
324508
193439
324511
324514
62370
193442
324516
62375
193452
324525
324528
324531
324535
324536
62393
324537
193465
324540
324543
324545
193477
62407
324552
324553
324555
193483
324557
62414
324559
324561
193490
324563
324565
193494
324568
62426
324571
324572
324575
324578
324580
324584
62442
324587
324591
193520
62450
324594
193524
324597
193525
62455
62458
324603
193533
324606
62463
324609
324617
193547
193551
324624
193555
324628
324630
193562
193566
193567
324639
324640
324641
324645
324651
324654
193585
62513
324658
193588
324661
324664
62520
193594
324671
324673
193604
62534
62536
193612
193616
62547
324692
324698
193627
324700
324702
62560
324706
324709
324712
324715
324723
193651
324725
193655
324729
324736
324742
324744
324752
193683
62611
62615
193687
324760
324762
193693
324765
62623
324767
324779
324782
324786
324788
193718
324790
62650
193723
324803
324806
193735
193739
324814
193748
324822
324824
193752
324827
193762
324835
193766
324839
324849
193778
324851
324854
193782
193786
62714
62715
324863
324867
193795
62726
324872
62730
324878
193809
324881
62737
324884
193812
324887
193817
193819
324894
193825
324898
324900
324904
193832
62761
324906
193836
324908
324911
62769
324914
324917
324921
193850
62779
324925
193854
62787
193867
324940
324942
193871
193877
193881
324953
324956
62813
324960
193889
324963
324969
324970
324972
324975
324980
193911
324986
324992
193920
324994
193923
193929
193930
325005
325009
325013
193945
325018
62875
193949
325024
325031
193960
62889
325034
325039
193969
62898
325042
325047
193975
325048
325052
325055
193984
325056
62913
325060
193990
325063
325071
325073
62930
325076
325079
62937
194010
194014
325086
194018
325091
62948
325093
194023
325096
325098
325100
194029
325103
325105
194037
325112
194041
325115
325118
325121
194050
194053
62984
325129
62990
325135
325142
325144
194073
325148
194084
194088
325161
194092
325164
325165
63027
325172
325175
194107
325185
194116
325192
325199
325201
325205
194136
325210
325215
63076
325220
325224
325231
325234
194163
325238
194174
325247
325251
325254
325260
194190
194193
325265
63124
194196
325271
194199
63128
325273
63130
325277
194207
325282
325284
63140
325286
325289
194217
194220
325293
194223
325296
194226
63160
194235
325310
325314
325315
194246
194249
194253
63181
63187
325332
325333
325337
325339
194270
325343
325346
194278
194281
325359
194287
325363
194291
325365
325367
194298
194301
325374
325376
63232
325378
325380
325382
194314
325388
63244
194327
325402
325403
63260
194333
325406
325409
194340
325412
194342
325416
194345
325423
63280
325427
325432
325437
325440
325443
325444
325446
194375
325450
325453
325454
325456
63312
63318
194393
63322
325467
325470
194402
325475
194405
325478
194413
194418
325490
325496
325497
194434
325510
194439
325513
194443
325517
325518
194446
325519
63377
194450
194453
325527
194457
325533
194463
325539
325542
325544
194472
194474
194478
325551
194485
325558
63415
325560
325562
194491
325564
325566
325568
194500
63431
325578
194508
325581
325585
63441
63447
194520
325594
325600
194529
63460
194533
325606
194535
194539
325611
325614
194543
194551
325624
63481
325626
194555
325629
325635
63491
194566
325640
194572
194574
325647
194580
325656
325658
325667
325671
194603
325675
325677
194607
325680
63539
325684
194614
325693
325695
325697
194626
63556
325701
325710
194640
325712
325715
325718
194647
63578
325723
325726
194654
63583
325728
325730
325734
325738
63597
325742
194675
325748
194678
325752
325755
194685
63616
194688
325764
194692
325771
194700
325774
194704
325782
194711
194715
325789
325792
325794
194723
325797
325800
194729
194732
325804
194734
194738
325813
325817
194749
325823
325826
325829
325831
325834
325838
325841
63697
194770
325843
63699
194774
325846
63703
63705
325849
194778
194782
325855
325857
63717
194790
325864
325867
325871
63728
194800
325878
194806
194810
325885
194818
325898
325904
325906
194834
194838
325910
194839
325913
325916
325919
325921
194853
325927
194857
194861
194865
325940
63799
194872
63801
325945
325948
325951
325953
325955
325958
194887
194891
325963
325969
325972
325975
194904
194907
325982
325985
194920
325993
63853
325997
326001
63857
326003
326005
326007
194936
326009
326010
326013
326016
194946
326021
63880
326025
194953
194958
326033
194962
63892
326037
194967
326041
194969
63897
326044
63904
326048
326051
194981
194985
326058
194987
326061
194990
326063
326069
63926
194999
326072
63929
326075
195004
326081
63939
326089
63946
63949
195022
326095
326097
195028
326100
326103
195035
326110
326112
63973
195048
326124
195055
195059
326135
326141
195070
326144
326147
64004
326152
326154
195092
326166
326167
195098
326171
326181
195110
195114
326193
195122
326195
64054
195126
326200
195138
195142
326216
64074
326220
195150
326224
326228
64087
195160
326232
326233
326234
64093
326237
326239
64097
326242
195173
326250
326255
195184
326259
195188
195192
326265
64122
195195
64124
326268
195199
326272
326275
195206
326281
326286
326288
326292
326297
326299
195231
326305
326307
195237
326319
64178
195252
326325
195254
326327
195257
326330
195260
326334
326336
326337
326341
326342
326347
326358
326360
326363
195293
195296
64230
326377
326380
195310
326386
64247
195320
64249
326396
195327
326399
326402
195332
326405
326408
326410
64267
195343
326415
64272
195346
195350
326425
326429
195357
64287
326436
326439
195367
326442
195371
326444
326446
195375
64304
326451
326462
195390
326464
326471
326473
195403
326477
326481
326484
326487
195415
326489
195419
64348
326494
326496
326500
195437
326510
326514
64372
326516
326519
326521
195450
326530
326533
195462
326541
195470
64399
326544
64402
195474
326548
64413
64417
195490
326563
64419
195492
326565
195495
326568
326570
195498
326574
326579
326583
195512
326587
195516
326589
195520
326594
64451
326596
195527
326600
195533
326606
195536
326614
326619
195549
64478
195554
326631
326634
195564
326638
195567
64497
195570
326642
195574
64503
326647
326650
326653
326657
195585
195589
195592
326666
195596
326669
326670
195600
326674
326679
195608
326680
326684
326687
195615
326691
195620
195628
326700
326702
195631
64562
326707
195640
195649
64577
326727
326732
195661
64591
326735
64598
326743
326744
195674
326747
326749
64605
195677
326755
64612
326756
195685
326765
195694
64623
326769
64627
195701
326773
195704
326778
326785
326787
326790
64649
326793
195722
326798
326801
195729
326803
326807
326809
64666
326814
195743
326817
326837
64694
326847
64704
195780
326854
195784
326857
326859
195788
64716
326862
195792
326865
195796
326870
195800
326873
326879
326882
326885
326887
326894
195824
195830
326903
195833
326906
326909
326912
326915
64773
326919
326922
326926
195857
326930
64787
326932
326936
64795
195874
326946
64803
326951
326953
195881
326959
195888
326962
195891
64820
326965
195895
326972
195903
326975
195906
326979
326982
195910
326984
326985
326989
326997
195928
327000
327011
327013
195943
327019
64875
327021
195950
327023
195954
327026
327029
327031
64888
195962
327035
327040
195968
327043
64901
195974
327046
195978
64913
327058
327060
64919
327063
327069
196000
64936
196009
64940
327085
327088
327091
327094
196030
327106
64965
327112
327116
327118
327120
196055
327128
64987
327132
327141
196071
196078
327150
327152
65009
327155
327156
327166
327169
327171
196108
327184
65042
327187
196115
196119
327191
65050
196124
196127
327199
196130
327203
196134
327211
327215
327217
65074
196146
327220
327223
327226
65082
327229
196159
327232
327234
196163
327238
196166
196167
327241
327244
65104
196178
327251
327253
327254
327256
327259
196189
65117
327263
196193
196196
327268
327269
196201
327280
65137
327284
65140
196213
327285
65145
196217
196220
327297
65158
327303
65161
196234
327307
196238
327313
327315
327316
65180
65182
327328
327329
196257
65186
327333
196265
327338
196270
327342
327347
327350
196280
327352
327354
327360
196289
327363
196293
196297
196305
327380
327385
327388
327393
327395
196327
196331
327404
196335
327413
327414
196344
196348
327420
327423
327430
196362
327434
327438
65296
196372
327444
196376
327450
65307
327454
327458
327462
327463
196393
327468
196397
327471
327475
196405
327478
327481
196412
196416
327490
196420
327493
196422
196424
327503
196435
327507
65365
327513
196443
327518
196448
65378
327522
327524
196455
327527
65384
327529
327539
327543
196472
327548
327554
196487
327561
327565
327570
196500
327573
196509
327582
196512
327590
196519
327596
65453
327602
327604
327608
327614
327615
327619
65479
327625
327627
196556
327629
327633
327635
196564
327638
196569
65499
327651
327655
327658
327661
327663
327670
65526
196599
327674
65532
65533
327677
327679
196608
327683
196615
65548
196626
327705
327707
196636
327711
65568
196642
327717
327721
196650
327724
196654
327730
196658
327731
327734
65590
196662
327738
196667
65597
327741
196671
327743
327745
327753
196682
327756
327761
327768
196699
327771
327776
327780
327788
65646
196724
327799
196730
327803
196731
196735
327808
196739
327811
327819
327822
327828
327832
196761
65696
196768
327841
65697
196773
327848
65704
196779
196783
65712
327857
196787
327865
327869
327872
327875
65735
327879
327881
196810
327884
65740
327886
65742
196818
327892
327895
196825
327898
327900
327902
196832
327904
196838
327911
327913
196844
327917
65779
327923
327926
196854
196860
327932
196864
327939
196869
327942
327945
196873
327948
196880
327954
196884
327958
327962
65820
65823
196895
65827
327974
196904
327977
196908
327981
196910
65839
196914
327991
196921
327994
196924
327996
196928
328003
328009
65866
65867
65869
328016
328018
196948
196951
328024
328027
328032
196962
328038
328039
328047
196977
196979
328058
328061
196989
328064
328066
328068
328071
197000
328074
197006
328079
328082
65939
328085
197015
65945
328095
197025
328102
65958
328106
328108
328112
328115
328117
197048
328120
197052
328124
65983
197056
328131
328136
328139
328143
197074
328151
197080
328154
328156
328159
197090
197094
328171
197100
66035
328181
197110
197111
66039
197114
328190
197118
328199
328201
328205
197136
328208
197138
197141
328214
328217
197148
328221
328232
197160
197163
197166
328238
197169
328242
328248
197182
328255
328259
197188
328263
197192
328266
197195
197199
328277
328280
197210
328282
328284
328287
197216
328289
197220
328294
328298
328302
197237
328309
328312
197243
328319
197247
328332
197260
328334
197266
197269
328341
197272
197275
328349
197279
197289
66219
328364
328367
328369
328372
197302
328376
197306
328378
328384
328386
197314
197318
328392
197322
328396
328399
66257
66258
328403
197334
197337
328410
197344
328417
328422
66279
328426
197356
328430
197360
66289
328433
328440
328443
197372
328449
66306
197382
328458
66316
197390
328466
328468
66327
328471
328474
197402
197406
328479
328482
328484
197419
328492
197423
328496
328498
197427
328502
197434
197436
328508
328510
328513
197444
328517
328518
328520
66376
197451
328524
197455
197458
328533
197462
328541
197471
328544
197478
328550
197480
197483
328557
197485
328561
197489
328563
328567
197497
328571
197501
328574
328577
197505
66438
197516
328588
328592
197520
66448
66450
328596
197524
197528
328601
328603
328608
66468
328613
328615
197545
328618
328620
197549
328629
66489
328635
197568
328640
66498
328643
197571
197574
197578
66507
328656
197586
328658
328661
328666
66522
328671
328672
66530
197606
328679
328680
197610
66540
197613
328686
328689
197617
66546
328692
197620
197624
328701
197630
197634
328707
66570
328715
328720
328726
328727
197660
197664
197668
328741
66600
328745
328751
328753
197683
328756
197685
197687
197690
328763
66621
197694
66623
197701
328775
66636
197708
328782
328784
328786
197715
66645
328790
66646
197719
328794
197723
197728
328801
328802
197731
66661
328806
197734
328809
328812
328815
66671
328816
197748
197750
66679
328824
197754
328826
328829
66688
328833
197764
328836
197767
328840
66696
328841
197771
328846
328850
328852
197781
328862
66719
328865
328867
328871
328873
197803
328875
197806
328880
66737
197810
328885
328887
197816
197818
328891
66747
197822
197825
197826
197827
66759
328906
66764
328909
328915
197846
66775
328920
197854
328929
328930
328931
66792
197864
197869
197872
328947
197876
328950
197879
328952
66809
328954
197882
328958
197886
328960
328965
328967
197896
328971
197900
66830
328976
197906
328980
328982
197911
66839
328985
328988
197917
66846
328993
328997
66854
328998
329001
329003
197935
329010
329012
329014
197947
329021
197952
329026
329029
329031
197961
197965
329037
329040
197973
329048
197977
329050
197980
329055
197984
197987
329064
197993
329068
197997
329072
329075
198005
329080
198009
329083
198013
329086
198017
198025
329098
66954
329101
329104
198032
198036
329111
329113
198043
329117
329123
329126
329132
329133
198062
329139
329142
329146
198075
198078
329151
198081
67012
198085
329159
198092
198096
67029
329175
198105
329179
329182
67039
329184
329189
198118
67047
198122
67053
329198
198126
329200
329201
198130
329205
329208
329210
329214
329216
329217
329223
329226
329229
67086
329235
67093
329237
198167
329239
329243
198173
329245
329247
198182
329258
329264
67120
329266
198197
329270
198200
67129
329274
198203
329278
198207
67135
329284
198213
329288
329292
329298
198228
329300
67156
329303
198232
329310
329312
198243
198246
329319
67175
329322
329324
198253
329327
329331
198262
329338
198270
329344
329348
329351
198280
329353
329354
198284
329361
329362
329364
329367
198299
329372
198303
329376
198306
329379
329382
329386
67245
329390
67247
198322
329395
67253
198326
329398
329400
329406
67263
329409
329411
329417
329421
198353
329428
198360
67289
198366
329440
198369
67299
198372
198375
329447
198376
329450
329454
329458
329464
67321
329468
329472
198401
329483
198412
329485
67343
198421
329495
198425
329500
198431
329503
67359
329504
198435
329508
329511
198446
329518
329519
198449
329523
329527
67384
329531
198461
198465
329537
329540
198472
198476
329549
198483
67416
329560
329562
198491
198495
329570
198499
67427
329572
329578
198512
67441
329591
198526
329601
329604
329607
329609
198543
198550
329624
67481
329626
329629
198559
329633
329636
67494
329638
329641
198571
329644
329648
198577
329652
329655
329658
67516
329660
67518
329663
67521
198595
329669
198599
329674
198603
329678
67536
329682
198611
329686
329688
329693
198621
67553
329698
329700
329705
67564
329709
198637
198641
329716
198645
329721
329723
198652
329726
329730
329732
67589
198665
198667
329740
329743
329752
67609
329754
67612
329756
198689
329762
329765
67623
198697
329772
329774
198702
329776
329779
198708
329782
198712
67640
329785
67642
198716
67645
198720
329792
329794
329796
329799
198728
329802
198734
329807
329810
329812
329813
198741
329815
329818
67675
329820
198754
67683
329829
198761
329839
329841
198771
329843
329845
198779
329853
198783
198787
198793
198796
329870
198799
67731
329876
67734
329878
198809
329882
329884
198813
329888
198819
198823
198827
329903
329909
198837
67768
329912
198841
198845
329918
198847
329921
198851
329924
329926
198855
329930
198859
329933
329935
329937
198866
329940
198870
329942
329945
329946
198875
329950
67806
329952
198882
329956
198885
198891
198895
329968
198898
329971
329973
329977
198906
329979
329981
329989
329995
329998
198927
330003
198932
330005
330008
330010
330012
198944
330018
198948
67877
330021
330025
198954
330028
67885
330030
198960
330033
330035
330046
330048
67909
330055
330061
67921
330069
198998
67928
330073
330075
67931
199006
330084
330092
199030
330104
199033
199037
330112
199041
330116
199044
199045
199046
330119
330123
199052
67980
330125
199056
199059
330134
330136
199064
199067
199070
199074
330147
330150
199078
330153
199081
330155
68014
330160
199088
330164
330166
68024
330169
199100
330175
199104
330177
68034
199107
330181
199111
330184
199115
330197
330199
68057
330201
199129
330205
199133
199137
199147
330220
199151
330229
199158
330234
199162
68099
330247
199176
330249
199180
199183
330256
199186
68116
199190
330267
199197
330272
199201
199209
330281
68144
330290
330298
199226
330300
199230
330305
330306
330309
68166
330312
330316
199245
199246
199249
330326
199255
68186
330335
330337
199265
68197
199269
330343
199278
330351
199282
330355
330357
199286
199289
330367
199297
330370
330373
199301
330376
199313
199315
330388
199317
330390
330393
330395
199323
330396
68255
199327
330402
330407
330408
199340
330412
199343
330416
330423
330425
199354
199355
199358
68288
199361
330440
199368
330444
199374
330447
330450
330452
199384
330457
330460
199388
330462
199398
330470
330476
199407
330479
199410
68341
199414
199417
330494
330496
199424
199427
330501
199430
330504
68362
330508
68365
199437
330518
330521
330524
199452
330532
199462
330535
199464
330539
199468
199472
330544
330547
330551
199481
330556
330560
330565
330570
199503
68435
330579
199510
68440
330584
330587
199516
330588
68446
68448
199520
330593
330595
330597
199534
330608
68465
330609
199537
330611
330615
68472
330618
330622
199553
330628
199556
68485
199559
68488
330634
68493
330638
330640
330642
330644
330645
330650
330653
330655
199583
68513
199586
330659
68516
330661
68520
199600
330676
199607
330682
330686
68543
199616
330693
330695
199625
330698
330702
330704
199632
330707
330708
199640
68569
330713
68572
199644
330720
330723
199651
199655
330727
68585
330730
199660
330736
199664
330740
199671
330746
330749
330753
330755
199686
330762
199697
330770
199701
68631
199705
330779
199708
330784
330787
68644
330790
330793
330797
330799
199732
330807
330808
199736
330809
199739
199741
330816
68674
199752
330825
199757
330831
330835
199763
330836
199766
330839
330844
68702
199775
330847
330851
330856
330860
330863
199792
330867
199796
199804
330879
68736
68738
330886
199814
330889
68745
199818
68746
199822
330896
199828
68756
330901
330905
199834
330911
330913
199843
68772
330916
68774
199847
330919
330923
199853
68781
330926
330927
199860
199862
330935
330942
199873
199876
330950
199879
330953
330955
68813
199886
330959
330966
199894
330969
330973
199902
68831
330975
199905
330977
68835
330979
330983
330987
199915
330992
199921
199928
331003
199931
331008
199940
68871
331015
199944
331017
68876
331025
331030
199958
331034
199962
331041
331044
331047
331051
199982
331055
199985
331062
199991
331065
200000
331073
200003
331075
331078
200007
68939
331086
200014
200018
331093
331096
331105
331108
200037
68968
200040
331112
331113
200044
331116
331121
331123
200051
331125
200056
331130
68987
200060
331135
68996
331141
200070
331143
331145
331149
69007
200080
200084
331161
331163
200091
331167
200095
331171
200099
331173
69031
200103
331176
331182
331185
331187
331190
331193
200122
331203
200131
331209
331211
69068
200142
331215
69073
200146
331218
200150
331223
200156
331230
200160
331233
200163
69094
200167
69096
200169
331243
200173
331246
331255
200189
331261
200193
200197
331269
331271
331273
331274
331275
331276
331286
200214
331291
200223
200226
331299
331302
200230
331305
331306
200237
200240
331313
200242
331315
331319
200247
69178
331323
200253
331326
69182
200259
331339
331345
200273
69205
331349
331350
200279
331352
200285
331359
200291
331366
331368
331371
331373
200302
331375
331378
69236
331381
200309
331382
331383
200312
200315
69244
331389
331390
69251
200325
69254
331400
331402
331403
200332
331405
200335
331407
200338
69269
331416
69272
200345
69275
331419
200348
331420
331423
200352
200355
331428
331429
200359
200361
331433
200365
331439
200369
331442
69300
331444
200373
200376
331449
200379
331453
331456
200386
69315
331459
331462
200390
200394
331467
331470
200401
331477
200405
200409
331481
331488
200416
200419
331493
200422
331495
331497
200426
69355
200430
331505
200437
331512
69371
331515
331517
331521
200455
331530
200459
69387
331533
331534
200463
331538
200468
69399
200475
200479
331552
200483
331556
331558
200491
331563
331566
200494
69423
331570
200499
200507
331579
69436
200509
331584
331587
331589
200522
200525
69454
331599
331601
200532
200535
331609
200539
69468
69470
331617
69473
200546
331619
200551
331623
331625
200555
200559
331633
331634
69494
331641
200570
331644
331646
331655
69513
200585
331658
331662
200593
331669
200602
331679
331681
200610
331685
331687
331689
331691
331693
331695
200624
331697
200626
331699
331703
69560
331706
200635
200639
331712
331714
200642
331719
200649
331723
331725
200653
331731
200660
200664
331741
69600
200673
69603
331750
200679
200682
331757
331759
200687
331760
331762
331764
331765
69621
331769
200698
331771
331775
200705
200710
331787
331790
200719
69648
331794
200725
331802
200733
69661
331807
331814
200743
69674
331818
200747
331821
69682
200755
331829
200758
200761
69693
331837
69695
200772
331844
331847
331850
331851
200780
331854
200783
200786
331860
200792
331865
200800
331872
331876
331878
69734
200808
331884
200812
331888
200816
331891
69748
200821
331895
331897
331900
331901
331907
69765
331913
331915
200845
331921
331923
331925
200860
331936
200870
200873
69804
200876
331949
200880
331952
331954
331956
331962
200891
331964
331968
200902
69830
331975
200906
331981
200910
331985
69844
331991
69849
331993
331996
331998
332001
200932
332004
200935
332010
332014
69872
200946
332018
200949
69879
200956
332028
200960
332036
200964
332045
200974
332046
332047
332050
200980
332061
332064
332067
332070
332073
69930
332077
69933
69934
332080
201010
332082
332086
332089
201018
332091
332095
332101
69957
201036
332108
332111
332114
201042
332119
332121
69980
332125
201055
69984
332128
332131
201059
332132
332134
201063
332138
69994
201067
201070
332145
70005
201077
332151
70009
332156
332160
70019
201091
332164
201094
201098
201102
332178
201106
332181
332183
201115
332190
70046
70048
332195
201124
332197
70053
332201
201130
201138
70066
332213
332217
201146
332221
70077
201150
201158
201161
332236
201169
332242
201172
70100
332246
201176
332249
332254
201184
332257
201187
332262
201192
332266
70122
201194
332269
201198
332270
201201
70132
332278
332279
332285
201213
332295
201226
201230
201232
332304
332306
332309
70167
201240
70171
332318
70174
332321
70177
332331
332336
332338
332341
332344
201274
332349
332350
332353
201282
332355
201285
201289
332363
201293
332367
201296
70227
332371
201299
332372
332373
332376
332377
70235
332379
332382
70240
332388
332391
201320
332393
332394
201322
201325
201329
332405
332408
70267
332413
201342
332416
201346
332418
332419
332422
201350
201353
332428
332430
332432
332434
332437
332441
201369
332444
332451
332456
332459
201388
332462
332465
201394
201398
201401
201405
332479
332482
70338
332485
201416
332489
332491
332497
201428
332501
332503
201432
70362
332506
201435
332508
201437
332523
201454
332529
201458
332533
332536
332540
201468
70399
201472
332544
70403
201476
332552
201480
201484
332556
70413
332560
201491
201492
332565
201499
332572
332576
332578
70435
201512
332586
332587
332591
201519
70449
332595
332599
332603
70460
332606
201534
70467
332612
332614
201542
332615
332617
201546
332628
201559
332632
332633
332634
201565
332640
332642
332645
70503
201575
332650
201583
201587
332659
332662
332666
332668
332671
201600
332675
201604
332678
201608
332680
332681
201614
201616
332692
201622
332695
201625
332697
201629
332704
201633
332706
332707
332708
332710
70568
201640
332715
201644
332718
201651
201653
332730
70587
332739
201668
332744
70600
332747
70609
332754
201682
332757
201686
332760
201690
332769
201699
70632
332778
70635
201712
201716
332791
332794
201724
332799
201728
332801
332807
201742
70671
201746
332819
332821
332829
201759
332832
332835
332838
332840
201772
332845
332848
70708
332854
70710
332856
70715
332860
332861
201789
201791
332864
332866
201795
70723
70724
332872
332875
332877
201806
332879
201810
70739
70741
201814
332888
201818
332899
332904
332909
70767
332911
332913
70774
332920
332923
332926
201857
332929
332935
332938
332940
70800
201872
332946
201876
332949
201883
70815
332962
332964
201894
201902
201905
332977
332979
201909
332984
332987
332992
70852
332997
201927
333000
333002
201931
70860
70862
333013
333016
70874
201946
333019
201950
333023
70883
201957
201959
201961
201962
201966
333039
333041
201970
333043
201978
333051
333054
333057
333061
201989
202001
202005
333080
202009
202010
333083
333086
333088
202022
333094
202026
333102
333103
202034
70963
333111
202041
202052
333125
333128
202066
202070
202075
333147
202081
71012
333156
202087
202090
333163
202094
333167
333170
333173
333175
71034
333179
333180
202109
333183
202112
333186
333190
202118
333192
71048
202122
333198
333200
202131
333203
333209
333212
333214
333221
333224
333227
333231
71089
333236
71093
202168
202174
333247
71106
202179
202182
333255
202185
333258
333265
202195
333269
202198
333271
333273
333275
202204
202208
333282
333287
202218
333292
202221
333294
202223
333295
333297
71155
333299
202227
333302
202231
333306
202235
333309
333310
202239
333311
71172
202245
333318
333320
333322
333325
202255
333329
202259
333336
202267
333340
333341
333346
202274
202278
71207
333354
333357
202286
71220
333366
333368
71226
333372
202300
71229
333374
202303
333381
202310
333384
333388
333390
333393
333395
333397
333400
333402
202332
71261
333408
202344
333418
333421
202350
202354
333427
333429
202357
202364
333437
333438
202368
333446
202374
202378
333452
71310
202382
333455
333456
202386
333461
202390
333464
333468
333470
202399
333473
202403
333476
333479
333483
333487
333491
202420
333495
333499
333503
202433
333506
71364
333513
202444
333519
71375
333525
202455
333527
333530
202460
333532
202464
333544
202474
71402
71404
202482
202485
333558
333561
333563
202499
333574
333576
202505
333584
71440
202517
202521
202525
333598
202530
333604
202536
333610
202540
333613
202544
202547
202550
333622
333625
333627
71486
71490
71495
333648
71507
333652
71513
333657
333659
71519
333666
202595
71527
333672
202603
333680
333685
333688
333690
333692
71549
202622
202628
333707
202635
333709
333713
202642
333718
202650
333724
202656
333730
333734
333737
202665
333739
333741
333743
333746
71605
333754
202685
333765
202694
333769
333772
202701
333776
333783
202713
333786
202718
202720
333798
71660
202733
333807
202736
333809
202740
202745
333817
333823
333825
71682
333826
202754
71685
333829
202758
333832
202761
333834
333836
333837
333839
202769
333842
202774
333850
202779
202781
333854
333857
202786
71722
333866
333868
202797
202800
333875
333879
202808
202811
71739
71743
333890
202822
333895
71754
202830
333903
202832
333905
202835
333910
202841
71769
333917
202848
71776
333924
202855
333927
202859
333932
333933
333935
202863
333942
202873
333948
202876
333951
333958
202896
333970
202899
333974
333977
202905
333979
202908
71838
71840
202912
333985
202914
202918
333991
333998
202927
334000
202931
334007
334010
71868
334013
202943
334020
202950
334023
202953
334026
202956
334029
71888
202961
334035
71894
334040
334056
334059
334063
202996
334068
334072
334073
334076
71940
203023
334097
71957
203029
334102
203033
334108
203037
334111
334113
334115
203051
334126
334130
334136
203065
334139
334141
334147
203077
334150
334152
72010
334157
72015
334164
203093
334170
203099
334173
203103
203106
334180
334182
203114
334187
334188
203123
203125
334202
72060
203132
334205
203135
334208
203138
334211
334213
334215
203145
334217
203149
334222
334225
203153
72083
334228
334233
334236
334237
203166
72094
203169
334241
334243
334245
203175
334251
203190
72119
203193
203197
334271
203202
203204
334279
334281
334287
334288
203218
334293
203222
334298
334302
334304
203232
334306
203235
334308
203238
334310
203243
334317
203249
334323
203254
334330
72190
334334
334335
334337
203268
334345
203275
334348
334351
203280
334354
203283
72213
334361
334364
203292
203295
334368
334371
203299
334379
334385
203315
334388
203318
334392
334401
203331
203334
334407
203337
203341
334413
203344
203345
334417
334423
334426
203355
334429
72285
203358
334432
203361
72289
334436
334442
334443
203371
334445
72302
334450
72307
334453
203382
334456
334457
334458
203386
203389
334461
334465
203395
72323
334472
72333
72334
203406
334479
72337
203410
72344
203418
334492
203425
203427
334500
334502
203431
334505
72361
334508
203437
203439
334514
334520
203448
334524
203453
72383
334529
203457
334532
72388
72396
334540
334543
334546
72402
203476
334549
72409
334555
334558
203487
203490
334566
72423
203497
334570
203501
72432
203505
334578
203509
334585
334588
334597
334600
334606
203535
334608
334610
72470
334617
203547
334619
72477
334624
334626
334629
334631
334634
72491
334637
203568
72497
72499
203573
334645
203577
72508
334654
203585
203596
334671
334674
334678
203608
203612
203618
334690
334694
203622
334700
203628
334704
72562
203636
203643
203650
334723
203654
203658
334736
203665
334740
203669
334742
72601
203677
334751
203680
334755
203684
334758
72614
203687
72625
203699
334775
72632
334778
203708
334782
334784
72650
334795
72652
203725
334799
334802
334806
203734
334808
334810
334813
72670
203742
203746
72674
334824
203752
334827
203756
334829
203760
203762
334835
334838
203768
334843
334845
334847
334850
72707
203781
334853
203785
334860
203795
334876
203806
72736
203810
72740
334886
203816
72746
72750
203822
334900
334903
334906
203837
334909
334912
334918
203846
72776
334921
334925
334926
72786
203859
334932
72791
334937
203867
72797
203871
203875
334949
334951
203890
334962
203892
203899
334976
334982
203910
334983
72839
334987
334990
203920
334998
203927
203933
335010
335012
203940
72871
203943
335015
203951
335024
335027
72883
335029
335031
72890
72891
335038
203968
335044
335046
203976
203983
335059
203992
335069
335070
204001
335075
204005
204009
204013
204016
204020
335092
204024
204030
335103
335105
204034
335108
335109
204038
72968
335113
335116
204047
72975
335120
204061
335134
204064
335137
204069
335141
204071
73000
335144
204073
335146
335147
73003
204077
335151
204087
335163
204092
335165
204096
335171
73030
335175
335177
204107
335179
335182
204110
204114
204122
335196
204125
73056
204131
335205
335207
204137
335218
204150
73078
335224
204153
204159
335233
335237
204168
73101
73103
204176
335250
204179
335258
204189
335264
204193
335267
204197
335270
204200
335273
335276
204204
335279
335283
204212
335286
204216
73146
335293
204224
335297
73158
335303
73160
73163
335309
335312
335317
73174
204247
204253
73183
335327
204257
335329
204261
335333
73191
73193
73201
335346
335348
335355
204283
73213
335357
204285
204288
335364
204293
335369
335372
204300
204304
335377
335382
204311
335385
204318
335397
204325
335398
204333
335410
335413
335415
204345
204349
335423
204353
335428
204357
335432
204361
204365
335437
204367
335441
335443
204375
204377
335450
204384
335457
335461
204390
204393
335467
204397
335470
204401
73331
335482
204414
335488
204417
335489
335495
204423
335499
204428
335500
204431
335503
335505
204439
204445
335517
73378
335527
204458
335531
204461
335533
335534
335536
335538
73398
335543
335547
204478
335552
335556
204485
335561
335566
204499
73433
204506
204511
73439
204516
73444
335588
335590
204521
335594
204524
204528
335604
204532
73461
204536
73464
335612
335618
335619
204549
335622
73481
335630
204558
204562
335636
204566
335645
204575
335647
335650
335654
204585
204587
335662
204590
335665
335672
73530
204607
335680
204609
335686
204616
335688
204619
335692
335693
204623
204630
335703
73560
335705
204633
204638
204641
73570
73573
335720
204650
335722
335724
204653
335726
73582
204656
335728
204659
204661
204663
335736
204666
73601
335753
335759
204690
73619
335769
204698
335770
335772
335773
204702
335777
335781
335784
335786
204716
335789
204728
335802
204732
335804
335809
73670
204745
204748
335820
335822
335825
204754
204758
335832
204762
335834
335838
335841
335844
204772
335846
73702
204776
335852
335856
73713
204789
335862
335865
335866
204796
335869
335871
204800
335873
335876
335879
204807
204820
335893
204824
335902
73760
335907
204835
335914
204843
335918
204849
335922
335924
204853
204855
335938
73797
204869
335942
73798
204873
335945
73802
335947
204877
335955
204885
335958
335967
204899
335973
335975
204906
335981
335987
73844
204916
335990
335993
73852
335996
204932
204935
336011
336013
73870
336015
336017
336020
336022
204953
336025
336030
204960
73889
73892
204966
336039
204969
204975
336047
73905
336053
336056
336059
336062
204991
336066
73925
336070
73927
204999
336074
336076
73933
336078
73937
205010
336085
205019
336096
336097
205026
73958
205030
205035
205039
336112
336113
336116
205050
336125
73982
336128
205059
336135
205064
336138
336142
205081
205085
205089
336165
336168
205101
336174
336177
336179
74035
205109
74038
74041
336187
205115
336197
336200
205134
336207
205140
336215
336219
336223
74079
336227
336228
74085
205160
205167
336243
205171
205174
336247
336249
336250
74108
336252
336260
205190
336265
74121
205194
336267
336271
336274
205203
336277
205207
74136
336283
205219
336292
205221
336295
205227
336304
205232
205236
336309
205239
74169
336315
336317
336323
336326
336329
74186
336333
336336
336338
336341
205273
205276
336350
74206
205280
205284
336367
336370
205306
336379
74241
336387
336393
336394
336397
74259
205332
336405
205336
74265
205339
336411
205344
336418
205346
336421
205356
336430
205360
336434
205364
74293
336438
336440
205372
336445
205378
336451
336453
205382
336455
336461
336465
336468
336470
336473
205401
205405
205406
336480
336481
205411
336484
336487
205415
336490
336494
205425
336498
336499
74358
336509
205438
336511
74369
336514
205447
336520
336523
205451
74379
336526
336528
205458
205462
336536
205466
336539
336542
336543
205473
336547
336548
336550
74408
205480
205483
205487
336559
336562
205492
336565
74422
336572
336574
336575
205504
205508
336584
336587
336590
336592
205521
74450
336596
336599
205530
336603
74461
74463
205537
336611
74468
336619
205548
205552
74480
336626
74484
336629
336630
336631
336636
205565
336644
74500
74502
336647
74505
205578
336652
74509
336656
74512
336659
336661
205589
336664
336668
205599
336675
205603
336679
205609
336683
74549
205623
336695
74552
74553
336703
336708
205641
205645
205648
336721
205650
74581
205656
205668
336741
205674
336746
336747
205676
336748
205680
336752
74609
205682
336755
74614
336759
205688
205699
336772
205701
74633
205705
205709
336782
205711
336785
74643
205715
336788
336790
336793
74651
336801
336804
336809
205738
336812
336814
336821
74678
205753
336828
336832
336835
205767
336841
336846
205774
205777
336855
74712
205786
74714
336858
74718
205792
205796
205800
205805
336878
336880
336882
205812
205814
336887
336889
205818
336892
336895
205829
336901
74758
336903
336908
336909
336912
336915
205847
336920
336923
336932
336938
336942
336943
336947
205877
336951
336955
205884
205887
336962
205890
336965
74824
74825
336972
336977
336979
205910
336983
205911
205915
336988
336998
336999
74855
337001
205931
205936
74867
337014
337015
205946
337018
337020
74876
337022
205950
205954
337030
337031
337033
337034
337036
205965
337041
74900
205977
337049
205980
337052
74913
205987
337060
337063
337065
205995
337069
205999
337072
206003
74933
337078
337080
206008
337082
337087
337089
74948
337093
206024
337096
337097
206028
337100
206032
337107
337110
337113
206044
337117
74981
206055
337127
337129
337131
337133
206063
74993
206067
337140
206070
337147
337151
206081
337153
337156
337165
206097
337170
206100
75030
75031
206104
75035
206108
337185
337188
75044
206117
337190
75050
337195
206123
75056
206128
337202
337205
75062
337208
75064
206138
337212
337213
206142
337215
337217
206145
337223
206152
337225
337227
337229
337230
206161
75091
206165
337237
337240
337247
75105
206179
337251
206185
75113
337257
337262
337269
75125
206207
206210
206214
337290
75150
75153
337298
75154
337302
206232
337305
337310
337313
206243
206246
75178
337322
206252
337328
75186
337330
206261
75190
206264
337341
75198
206270
206272
337352
337356
206286
337360
75217
337363
337367
206300
337373
337378
337379
75236
337381
337386
75242
337393
337399
75255
337404
206335
75266
206339
337411
337413
206343
337415
337416
206347
337424
206353
337427
206356
337429
337434
337435
337439
337441
206370
75299
206372
75301
337445
337448
206379
206383
337456
206387
75319
206395
337467
337469
206402
206406
75334
337479
206410
75339
206414
206418
337490
337494
75355
337506
75368
337512
337516
206446
337520
337523
337526
337528
337531
337537
206468
337540
75398
206471
337544
337547
206475
337551
75409
337554
337556
337558
337565
206495
337569
206498
337572
206501
337573
75431
75433
206508
206512
337589
337591
206522
337594
337598
206536
337610
206540
75470
337615
206543
206545
337620
206548
206551
337626
337627
337628
206559
337636
206566
337639
206570
337644
206574
337649
337654
337656
337660
75517
337665
206593
337667
337668
337674
337676
337677
75536
206609
206616
206625
75554
206627
337701
206630
337704
337706
337708
75566
337712
337716
337719
75576
206652
337724
75582
337727
206655
75584
337730
206658
337732
206665
337739
337741
206669
75598
206673
75605
337749
206677
75607
337751
206681
337755
206686
206690
337765
337771
337773
337777
337779
337782
206710
206714
206718
337793
206724
75652
337797
337799
206728
206732
75662
337807
206737
337812
75670
206742
337816
337819
206749
75679
206752
75683
337827
75686
206758
206762
337835
206764
337837
75694
206768
337845
337847
75704
206777
206779
337853
337855
206783
337859
206787
337866
337869
337873
206801
337876
337880
337881
75739
337884
75742
337887
206816
337889
206819
75751
337897
206827
206828
337904
206833
75761
337906
206835
75763
337914
206846
337921
75779
337928
206857
75786
337933
206868
337940
206872
75802
206879
337953
337955
206883
337958
337962
206892
75823
206896
75829
206901
75830
206904
337976
337980
206909
206913
337985
75844
206917
337990
75848
337996
75853
337998
206927
206930
338008
206937
338010
338015
75872
206949
338024
206956
206959
206963
338036
338040
206968
206970
206972
338045
75902
75905
206979
338056
206990
206994
75923
338074
338081
207010
338085
338089
338092
338095
207023
338099
338105
338108
75964
207038
75966
338111
75967
207042
338114
75971
338116
207046
338121
338124
207053
207059
338133
338137
207066
338139
207070
75999
338143
338145
207073
338147
207077
338150
207081
338153
207085
338157
338160
207089
338163
207091
76023
207096
207100
338174
338179
207107
207111
338185
76043
338188
338192
207121
338195
207124
76056
338201
338205
338208
207136
207143
338215
338221
207150
338224
76082
207160
338232
338234
76090
338238
76099
207173
207176
338248
207183
207189
207193
207196
338268
207200
338273
207204
338278
207208
338281
207211
338284
207215
207220
338296
338302
338305
207234
338315
207244
338316
76172
207248
338321
338325
207254
338327
76191
338336
338337
338339
338344
76202
338346
207276
207282
338357
207288
338362
207292
338368
76225
338371
338378
207307
338380
338382
76238
338385
338388
207318
338405
338406
338409
207338
338416
207346
338420
76280
338424
338429
338433
207362
338436
207367
338439
338441
338442
207371
338445
207376
338452
207380
338454
207384
338458
207386
338460
207390
338462
338466
338468
338472
338474
76334
207406
338481
207410
338483
207413
76342
207416
338490
207420
338494
207423
338496
207426
338499
338501
338503
338505
338506
207437
338511
207439
76368
338515
338519
207449
338522
338524
76381
207453
338527
207457
338532
76391
338538
338541
207471
207475
338548
207479
338552
338556
338558
207489
338562
207495
338568
338571
338573
76430
338582
338589
207518
207522
338595
207524
338599
338602
207536
207540
338617
207547
338619
76476
207550
338624
207554
338630
76488
207563
338640
207569
207572
338645
207577
207579
76509
207590
76522
207596
207599
338676
207606
338679
207610
338682
338684
76540
207614
338687
207621
207623
207629
76558
207633
207637
338712
76574
207651
338724
338727
207657
207664
338737
338738
338743
207671
338746
207679
338754
338756
338758
207686
338760
338762
338765
338768
338770
207699
207703
76633
207707
338782
76640
338785
207721
207725
338798
338803
207731
338807
338810
207743
338815
207749
338821
338824
207761
338837
207769
338848
338849
207783
338855
207790
76725
338871
207799
338876
207810
207814
207817
338893
207823
338899
207830
338902
76767
207840
207843
338916
76776
338921
207850
338923
207853
207856
207860
338933
338935
338942
207871
207876
338948
338953
207883
338955
207886
207892
76828
338973
207902
338976
338979
338980
207911
338986
207914
338991
76849
338993
207922
207924
76854
207927
339000
339010
207938
339011
76869
207942
339014
339017
339022
76878
207954
207956
207958
207961
339035
339039
339040
339041
339042
339045
207975
207979
339053
339055
207983
339057
207987
339060
207991
339065
207995
208001
208003
339077
76934
339080
339081
339082
208010
339085
208014
339091
339092
339094
339098
339101
339104
208032
76961
339106
76963
339108
208037
339111
339114
208043
76976
339120
208050
76980
339124
208053
339127
339129
208057
339132
208061
339137
339140
208069
77000
339144
339146
339150
339153
208081
339156
339158
339162
339169
208097
77027
208101
77030
339178
208108
339181
77039
208112
339184
339187
339188
77046
339195
339197
339200
208133
339205
339208
339217
339220
339223
77079
208155
339229
208158
208160
339235
339247
208177
339249
339251
208185
208187
339267
208195
339272
77134
339283
208211
339285
339286
77144
208217
339290
339292
208222
339299
208235
77168
208242
208244
339318
77179
208253
208256
339328
77186
339331
208264
208267
339342
339345
339352
208280
339355
208290
208294
339369
339371
208304
339379
339383
339384
339385
339390
208319
77248
339393
208321
339401
339403
339404
339407
339409
77265
339410
208338
339411
339415
339416
339419
208349
339423
77280
339427
339429
208365
339437
339438
208369
339442
208372
339447
77306
339451
339455
208386
339459
208390
339475
208404
339478
339479
208408
339481
339484
208415
339488
208418
208421
77351
339498
208430
208435
339508
339511
339516
208445
77374
339519
208449
339523
339527
208460
208464
339537
339539
208468
77398
339543
339548
208478
339551
339552
339560
339561
339569
208500
339572
339574
208503
208506
339581
208509
208512
339584
339589
339591
208519
208523
339601
339605
77463
208537
339614
339617
339618
339619
208549
339627
339631
208561
339634
339635
208564
339636
339637
339639
77500
339647
77504
339651
77507
339653
208585
339660
339667
339671
339677
77535
208608
339682
339686
208614
339688
208617
339692
208621
339695
339699
208627
339701
208635
339712
339714
208646
339721
208650
208654
339729
208664
339739
208668
339751
208684
339757
339760
208688
208691
339764
339767
208695
339769
208698
339771
339774
339775
77635
339785
77641
208715
339788
339790
208720
339795
208724
339799
339801
77657
339803
208735
208737
339810
208740
339819
77683
339830
208760
208763
339838
208766
339840
339842
208770
339844
208773
339849
208781
339853
77710
208785
339857
208789
77717
77718
339863
339866
77727
208800
77728
77730
339874
208804
208811
208812
339889
339893
208822
339895
77754
339900
339905
339907
208835
77767
339916
208845
77775
339920
339924
208856
208860
339937
208867
339941
208870
208873
339948
339950
339953
339955
208886
208892
208896
208899
339973
208903
339978
339981
208911
339987
208917
339990
208921
339994
208927
340003
208932
208936
340010
340014
208948
340024
340026
208955
77887
208959
340033
340036
208967
340040
208971
208975
340058
208986
208990
340063
340065
208998
340072
209001
77934
340079
340082
209011
340084
340087
209018
340091
77948
340094
209024
340098
77956
209028
340101
77958
340104
209032
340108
340110
77969
77980
340125
340127
77984
340129
209057
340131
340135
209066
340139
77996
209073
209076
340149
78008
209085
340161
209091
340165
209094
340167
78026
209101
340174
209105
340179
340184
340186
340187
209119
340192
340195
340197
209127
340199
340202
209131
209134
340207
209139
209144
340216
340221
209152
340226
209156
340229
340231
78089
209161
340234
209163
78092
340238
209166
78106
340252
78108
209181
78109
340257
209185
340259
209188
78116
340260
340263
340265
340272
209204
340276
209207
340284
209218
340291
209222
78152
209227
209231
209235
340314
209242
78171
340327
209262
340334
209270
340344
209273
78202
340348
340350
209280
78209
340354
340356
209286
340359
209290
78220
209294
340367
340369
209298
340372
340375
340376
209308
340385
78243
340393
209322
340396
340398
340399
340401
340406
209335
78265
340410
209339
340413
78271
209345
340419
78275
340422
340428
209358
209362
209366
340438
340441
340446
209376
78304
340455
340458
340462
78319
209392
209394
340468
340469
340473
209405
78337
340492
340496
209425
340497
209428
340500
78358
209431
340505
209434
209437
340509
340517
340519
209449
340524
209454
209457
340531
209461
340534
209465
209468
209472
340548
209478
340552
209481
209484
209490
78424
340569
209498
340572
78428
209503
78431
340576
340582
209513
209516
340590
209520
340595
209530
209534
209539
340612
209545
209548
340628
209561
209565
209569
209573
78501
340646
209577
340650
340655
209585
340660
340661
209592
209595
340669
209598
340672
209601
78531
340675
209603
340682
209612
78541
340685
209616
78547
340692
209620
78550
209624
340700
78557
340703
209631
340705
209635
209639
340711
340712
340713
209643
340719
209653
209657
340730
209663
340736
209669
340741
209672
340744
340745
209681
340757
340760
340763
340765
78621
209693
209695
340770
209699
340774
209704
78636
78641
209715
340793
78650
340796
209728
340800
209732
340805
78663
340808
340809
209738
209745
78676
340822
340825
209753
340829
209763
209765
209769
209770
340843
209777
209781
340856
340859
209790
209794
340868
209798
340871
209802
340875
340877
209806
340880
340885
209813
340887
209817
340890
78746
209825
78756
209836
340908
340911
340912
209841
209844
78776
209852
340929
209859
209863
340936
340943
340945
209874
340946
209875
340949
209879
209883
340956
340960
209889
78820
209893
209895
340968
209897
340971
340974
340976
340980
209909
340983
78844
340991
340994
209924
340996
209927
340999
341002
209933
341005
341008
209938
209945
341017
341023
341026
209955
209956
341028
209960
78888
341036
209964
78894
209968
209971
78900
209979
341053
341055
209984
209986
341058
341061
341063
210002
341076
210006
210009
341082
341083
341084
210012
210014
78943
341089
341090
341098
341100
341101
210035
341111
210042
341115
210046
341118
341125
341128
341134
341139
341143
210072
210075
341155
341157
341166
341169
210097
210104
341179
210108
341183
341185
210116
341188
341190
341193
210123
79052
210127
79055
341202
210133
210137
79067
79072
341217
210148
210151
341224
210157
341235
210172
210176
341250
210180
341253
210192
341264
341266
210195
79123
341270
79128
341279
341282
210211
210213
79142
210217
341289
341291
341294
210224
341304
210236
341308
210239
341313
341316
210247
341320
210251
341326
210254
341328
210257
341332
210261
341334
210265
341340
341347
79205
210277
79207
210283
341357
210293
79223
341369
341371
210303
341378
210307
341381
341385
210313
341388
79244
210317
341390
341392
210321
341397
210325
210328
79258
79263
341411
210339
210347
341422
341425
341428
341429
210359
79289
341433
210362
341436
210366
210370
341446
341450
79306
210381
341459
210388
341462
79318
341467
79325
341473
79331
341475
341483
210412
341486
210416
341489
341491
341495
210425
341498
210429
341505
210435
341509
341510
210439
341514
341517
341520
341521
79377
341525
210453
210455
341527
341529
210459
341531
210462
210468
341542
210471
210477
341552
210480
341555
341558
210487
79418
341562
210491
341565
341571
341573
79432
341577
210506
341579
341582
341585
341588
79445
210519
341591
341598
341601
341605
210535
210538
341610
210542
341616
341618
210550
341623
341627
341634
210563
341640
341641
341642
210577
341651
79507
341653
210581
210584
210586
341661
210590
341664
341666
210594
210600
341673
341678
210606
341681
210611
79542
210614
341691
341693
341695
341696
210624
341698
210628
341700
210631
341704
341705
210633
210635
341710
210640
341715
341718
210652
79583
341727
341730
341732
210661
341734
341737
341740
341745
341748
210677
210681
341759
341760
210694
210696
341768
341777
341780
341781
341784
210715
210717
341792
210721
341794
210727
341804
210732
341807
341811
210739
79668
210742
341815
341817
210745
79674
210748
341823
210752
341825
341828
210756
341831
341834
341835
341836
210765
341839
341841
210772
341847
341850
210779
341855
341858
210787
210792
210796
341869
341872
210804
341878
341881
210811
341886
341888
341891
210825
341899
210828
341901
341904
210832
341908
210838
341912
341918
210849
341923
210853
341927
79784
341929
210857
341931
210861
341933
210865
341943
79801
210874
341947
341950
341951
210881
341955
79815
210888
79823
341968
210896
341972
210900
341976
210904
341978
341980
341983
341986
210917
210919
210923
79851
210925
342000
342003
342005
342007
342010
210938
342012
210941
342015
210945
342018
210949
342026
342028
342030
210961
342037
210968
342041
342044
210974
342052
210986
79915
79920
210992
342067
342070
342072
342074
211003
342079
342083
79940
211012
342086
342092
79949
211026
79960
211034
79963
342109
211039
342112
211042
342117
211048
342120
342123
211054
342128
342131
211060
342135
211071
342145
211074
80007
211081
211084
211087
342160
211090
342164
211096
211102
342174
211104
211107
342184
211116
342199
211129
342201
80061
211135
211140
80070
211144
342217
211151
342227
211155
342230
211161
80089
342234
80092
211165
211170
342247
211176
342250
80109
342253
342255
342257
80116
211189
342267
80123
342269
342274
342278
342279
342282
211211
342285
211215
342288
211217
342289
342292
211222
211225
342297
211229
342303
342311
211242
342315
211246
342322
211254
211257
211260
342334
342336
211264
342338
211267
80198
211270
342343
342346
342347
211278
342352
211281
342355
211284
80213
342358
211290
342362
211294
80231
211304
342378
342381
342384
342386
211316
342389
342394
342400
211329
342404
342408
342411
211339
342415
342419
342423
342424
211355
342428
211359
342432
211361
342438
211368
80297
342441
342442
211374
342447
342448
342450
211378
80309
80311
211386
342460
80318
211391
342468
211397
342470
342471
211405
211413
342485
342487
342491
342493
342495
211425
342500
211429
342504
211433
80364
342510
211441
342514
211443
342522
211450
342526
342530
211464
211468
342546
342549
211477
342553
342556
342560
211491
80420
211495
342570
80427
80429
211504
342581
342582
342588
211522
342596
211528
342602
342606
342611
211541
342614
211544
80473
342619
211548
211555
80483
342629
80487
211562
342634
211566
211570
342644
342646
342649
211579
211582
342655
211586
342659
342663
342667
211596
80531
342675
342678
342682
211613
342688
211617
342692
80549
211621
342696
342700
342704
211633
211637
342711
211648
211652
211656
342728
342732
211661
342734
342737
342738
80595
211671
342743
342745
211674
80604
342749
342752
211680
342753
342754
342757
342763
211691
342765
211696
211702
211704
211706
80638
342783
80641
211714
342786
211717
342794
342796
342801
211731
342807
342814
342817
342819
342821
211752
342824
342830
211759
342833
211763
342837
211766
211774
342849
211777
80708
211780
342855
211790
211793
342869
342872
342875
211804
342878
342881
342882
211814
342889
342898
342901
342904
211834
211836
342909
342913
342916
211844
211847
342920
211851
342927
211856
342930
211859
211862
342935
211865
211869
211873
342945
342946
211875
211879
342954
342957
342961
342965
211893
211897
342971
342974
211906
342978
211912
342984
342990
211919
342998
80855
211927
343000
343007
211935
80866
343011
80867
211941
211945
343018
343021
211951
343024
343026
80883
211956
343029
211960
211966
211969
343042
211974
343059
211988
343061
80918
211991
211995
343070
80928
212005
343077
343082
212011
212014
343093
80950
343097
212027
343101
212031
343104
343106
212035
343108
212038
212040
343115
212044
343117
212051
212056
343132
343134
343136
212066
80994
343139
212070
343147
212075
212078
212081
212085
343158
212092
343167
343168
212099
343172
343177
343187
212115
212121
343194
343197
343199
343203
343207
212136
343209
343214
212146
343219
81080
81086
343233
212163
343236
343237
212169
343245
212173
81101
212176
343250
212179
343253
212183
212186
212189
343261
343263
212191
212193
343266
212197
343269
343270
343273
343276
212206
343280
343284
343286
343290
81147
212219
343293
81150
343295
343301
212235
81164
212239
81169
81175
343321
212249
343322
343324
212252
81182
343328
212257
212261
343333
343336
81198
343344
212275
343347
212278
343350
212281
81209
212284
343356
81214
343360
343363
343366
212294
81225
343369
343372
343374
212302
343376
212307
212314
212317
343394
212324
343399
81257
212330
81259
343405
343406
343414
212343
81273
343418
212347
81277
343423
212351
343428
212361
343433
81292
343436
343441
212370
212373
343449
343450
212379
343454
212383
343456
212387
343460
343464
343472
212402
343475
343477
343479
343485
343489
343490
212423
212425
343498
343500
212429
343503
343504
212433
212439
343512
343514
212443
212447
212453
343528
81386
343531
343533
212462
343537
343539
212468
212471
343545
212474
212478
343550
343552
343557
212487
343562
343564
343567
212496
343569
212503
343576
343579
212507
343586
212516
343588
343592
212520
212523
343596
343598
212526
343604
212534
343608
212538
343612
343616
81472
212547
343623
212551
212554
343626
212564
343637
343638
212567
343640
212573
343645
81503
343647
212577
343650
212579
343654
343658
212589
343661
343664
212593
81522
343668
343672
212600
343676
81534
212607
343680
81538
212618
212622
343695
343699
81558
212630
212634
343709
212638
343711
212641
343714
212644
212648
343721
212651
343723
212653
81582
343727
212656
81585
81586
343730
212659
343735
343739
212670
212671
343744
343747
81604
212680
212685
343760
81622
212696
212700
343776
212707
212712
343785
81642
343789
343790
212721
343796
212725
343798
343800
212730
343804
81662
343807
212741
212743
212745
212749
81678
343825
212755
212757
343830
81688
343836
212767
343841
343852
212782
212787
343861
212791
81720
343864
343871
343876
212806
343878
212813
343887
212817
343891
343896
212828
343904
212834
343907
212838
343915
81771
212844
343919
81776
212848
343924
81782
212855
212858
343932
343933
343937
212866
343939
343941
81797
212870
343944
343946
343949
343953
343956
343963
343968
212898
343971
343975
81831
212904
343977
212908
343987
343988
343990
343992
212921
343994
343997
81853
212929
212931
81860
344006
212941
344013
212943
344015
344018
212947
344024
212954
344028
344030
344033
344035
344036
212971
344046
81902
212975
81905
344050
344051
212979
344054
212984
212988
81916
344061
212992
344065
212996
212999
344071
344078
213007
344089
213017
344091
213021
344096
81955
213027
344099
81956
213031
344104
344108
344110
81969
213045
344117
344120
344122
213052
344125
81981
344129
81986
213058
344134
344136
213066
344140
344142
344153
213085
213089
344163
213093
344169
82031
344175
213104
344177
213108
82037
344183
213114
344186
344188
344190
213121
344198
344200
213129
344207
213136
344209
344210
344211
82067
344212
213140
82069
344214
213144
344220
213150
344225
344226
82084
213157
344230
344234
344236
213165
213168
213172
344245
344247
344248
213176
344252
213183
344255
344257
213186
344259
213190
344270
82132
82141
213214
213218
344294
213225
344299
213228
82161
344306
344309
213237
344314
213244
344316
82172
344320
213248
344325
344332
213264
213267
344339
344341
213269
344343
213273
344345
213276
344350
213279
344356
344359
213287
344364
344368
213302
344375
344377
82236
344380
213309
344386
213315
344389
344392
213321
213327
344399
213331
344405
344409
213338
213342
213346
344421
213351
344424
213355
344430
344435
344437
213371
344444
213375
344451
344453
344454
213384
213386
344460
344461
213390
344463
213394
82323
82325
213398
344470
213400
344473
344475
213404
344479
213408
344489
213417
213422
213427
344501
344506
82362
213443
344523
213453
344532
213461
344533
344535
344538
344541
213469
213471
344544
213475
344548
82404
213478
213480
213484
344556
213488
82418
344562
344566
82424
213498
82427
213504
344576
213507
344582
213510
344586
344590
344592
213520
213524
344597
213531
344604
344608
344611
213539
213544
213548
344621
213551
344624
82480
344626
213560
344643
213571
213573
344651
213584
344657
213586
344660
344668
213597
344671
213604
344682
213612
82542
344689
213620
344694
213624
344698
344702
344705
213635
344709
344712
344715
344722
213651
344725
344730
213667
344739
82597
82598
344744
82600
213674
213678
344751
344752
213681
344756
344763
213693
213697
213700
344775
82632
344778
344784
213713
213716
213723
344796
344799
344802
213733
213737
344815
344818
213746
344820
344825
213757
344830
344833
213764
213771
82699
344844
213775
213780
82709
213783
213786
82715
344860
213790
213791
344869
82726
213800
344874
82730
213803
344884
344887
344889
344890
213819
344892
82751
213828
213833
344905
82763
344909
344911
213843
213847
344922
213851
344931
213862
344935
213865
344939
213868
344941
213872
82806
344952
82812
344956
213885
344957
344959
213889
82818
213894
344969
213898
82828
344974
213904
344976
344977
213908
82838
344986
344987
82847
213921
82851
344995
213925
344999
213928
213931
213933
345015
82874
345019
213949
345021
213951
82880
345024
213955
345029
345035
345038
82900
213972
213976
345049
345052
345055
345060
213988
345062
345064
82923
213999
82929
345075
214003
345076
214007
345083
214013
214015
345087
214017
82947
214019
345092
345095
214031
214034
345110
345112
345114
82971
214044
82973
214046
345118
214049
345125
345127
214055
82985
345131
214062
345135
214065
345139
214073
345146
214076
345150
214080
345153
83014
345158
345164
345171
214099
345174
83032
214111
345184
214116
345191
214120
214124
345196
214126
345207
214136
214141
345214
345216
214145
345218
345222
345225
345226
83082
345229
345232
83088
214162
214166
345240
214174
345250
345252
214181
345255
214185
345260
214188
345265
345268
214200
345274
214203
345278
214212
345286
345287
214217
345298
83156
345303
83168
214241
345314
214244
214248
345320
345321
214258
214260
214262
345337
345340
345342
214271
345343
214274
214278
345354
214282
214286
345358
345361
83217
214292
345365
345383
214311
214320
345396
83252
345398
345399
214327
345400
214329
214332
345405
214338
345411
214342
345417
214347
214351
345437
345440
83298
214372
345446
214379
345460
214390
345463
214395
345467
83324
83327
214399
345472
214404
345480
345484
214415
345489
214419
214423
214429
345502
345505
214436
345508
214440
345513
345514
345519
345521
214450
345530
214459
214465
214469
345544
214473
214477
83409
345555
214484
83413
345558
214488
345562
345564
345566
345568
345569
345572
214501
345576
214506
214514
345587
214518
345590
83446
345593
83449
345595
345598
345600
214529
345602
214536
214539
83468
345613
214542
345616
214546
83476
345621
83479
83482
214555
345629
214558
345631
214561
345635
214564
345638
214568
345649
345653
345656
214584
345658
83515
345662
83519
214592
345667
214596
345673
345678
345683
345686
345689
214617
214621
214625
345700
214629
214633
345706
345709
214637
83566
345715
214646
345720
214650
83580
214655
214658
345730
83588
345738
214668
345741
345744
345747
214675
345752
83611
214689
345762
345763
214693
345770
214698
345773
214702
345776
214706
345780
214710
214712
345789
214719
345793
345798
214728
345801
83657
83659
214732
214736
345810
214740
345813
345816
214745
214747
214751
345824
345827
214755
214759
345834
214763
345836
345838
214766
214768
345841
83699
214775
345847
214779
345853
214783
345856
214787
345859
345862
345863
345864
214796
345869
214799
214801
214807
345880
214812
345886
345889
214818
345893
214823
345896
214825
214828
214829
214835
83763
214839
214846
345918
345921
214849
214855
345928
345931
83791
214863
345936
214867
345940
214871
345944
345948
214878
345953
214884
345957
83815
345959
214888
345962
214892
214896
345973
345976
214905
83837
345981
214909
214914
345988
214917
345991
214921
345996
83854
345999
346002
214931
214934
346010
214944
346017
214947
346020
346021
214954
346030
214963
214967
346040
346048
346052
214980
346057
214987
214991
214994
214998
83928
346075
83934
215009
215013
215016
346090
215021
346093
346097
346100
346103
215032
83961
346106
215036
346113
215045
346120
215056
346129
346135
215065
346140
215069
215072
346144
215074
346148
84004
215078
215081
346155
84018
346163
215092
215095
215098
215107
346182
346185
84041
84045
346191
215121
215125
346198
215128
346202
215132
346207
215136
346210
215142
84073
346222
215150
215154
346230
346234
84090
84092
215164
215167
346240
346243
215171
346246
346250
215179
84108
346254
215183
346257
84113
84116
215190
346265
215194
346270
215200
346274
346276
215205
84135
346281
346283
346286
215215
346289
215219
346292
215224
346297
215228
346302
215231
215234
346308
215239
215242
346315
346316
346317
215246
215248
346320
84176
215252
346327
84184
346329
215261
346334
215264
346337
346340
215272
215276
346349
84206
346353
346356
215287
346359
346362
215291
346365
215294
346367
346369
346372
346373
346376
215305
346378
84234
346379
84238
346382
346383
346385
346393
215322
346397
346401
215330
215334
346408
346412
215341
346415
346425
215357
346430
215359
346434
215362
84290
215364
346437
346438
346440
215370
346448
346453
215382
84312
346456
346459
346463
215391
215394
84322
215397
346469
84326
215400
346473
346476
346480
84341
346487
215415
346490
84348
215421
346493
346496
346501
215436
346511
346512
215442
215446
215451
346523
346525
215453
215455
346530
215459
215463
84392
346538
215469
346545
215474
346548
346551
215479
346552
215487
215490
346562
346563
215492
346566
215494
215498
84428
215504
346577
215507
346583
84439
346586
346589
215517
215527
84456
346601
215529
215533
215538
346616
215545
346617
346620
346631
346633
215562
346638
346649
215579
346653
215582
346656
346659
215588
346662
215593
346666
215598
346672
84529
215601
346674
215604
215608
346682
346683
215615
215618
346690
346692
215623
346695
346696
346700
215632
215638
215645
346718
215647
215650
346724
215654
215656
346733
84591
215664
346737
346742
215672
215676
346749
346750
215680
346752
84611
346758
215686
346761
215691
346763
215694
346767
346768
215705
84634
346780
346784
346786
215715
346788
346790
215721
84650
346795
215726
346798
346808
346810
215741
215744
346818
84674
346820
346829
215758
215762
215763
346838
215767
215771
346845
346846
215775
215779
215780
346852
346855
215784
346857
346859
215792
346867
215796
346869
346872
346874
346878
215809
346881
346884
215812
346887
84744
346890
346891
215819
346895
215827
346901
215830
346904
215837
215841
346915
215844
346917
346923
215852
346927
215858
346931
346935
215865
215868
346941
215872
215880
346953
215885
346958
346960
215889
346962
346964
346966
346968
84825
346970
346974
346976
215905
215909
346981
346988
215917
215924
215928
347001
215936
84866
347011
347013
215944
347018
84875
84878
347022
347025
84883
84885
215958
347031
347032
215962
215971
347047
215975
84907
347053
84910
347057
215988
347061
215993
84922
347075
216003
216006
347080
347088
216017
216019
347094
347096
216025
347098
216028
216031
347103
347106
216035
216038
216042
216047
216051
347126
216055
347130
216059
347133
347136
347151
216080
347153
216082
347154
347155
347160
216092
347165
347168
216096
347170
347172
216102
347175
347177
216112
85041
347185
216118
85048
216122
216123
347197
216127
347201
216131
347205
347214
347216
347219
347222
216152
347225
216155
216159
347234
347239
216167
347240
216169
347243
85101
85104
216179
216181
216183
347258
347261
347263
347264
85122
85123
347268
216197
216201
347274
216205
347277
347278
85139
85140
216213
347286
216216
85145
347296
347303
216234
347308
347310
216238
347312
347314
216245
216248
347320
347322
216255
347329
347333
216263
347341
216271
347345
347348
347351
216279
347353
216282
347356
216286
347361
347362
85221
347366
347370
216299
347373
347376
85232
347377
216308
347382
216312
347386
216316
347390
216319
347394
216324
85254
347399
347404
347408
85265
347410
216339
347412
85269
216343
347415
347417
216345
347418
347422
347425
216356
347429
216358
347432
216364
347438
347441
347442
347444
347447
347448
85306
216379
216385
347460
216388
216392
347467
85324
216399
347473
85331
347475
347480
216412
347484
347491
85349
216421
216426
347501
216436
347508
347511
347514
347517
216450
347525
216454
347527
347532
85388
347534
216464
347537
216467
347541
216471
347545
85409
85413
347559
216490
216493
347569
216497
347572
85429
347575
347578
347581
216514
216518
347590
216522
85454
347601
85457
216530
216534
347607
347608
347616
216545
347625
347628
216560
216567
347641
216571
347644
216574
347651
347657
347661
216591
347664
347667
347669
216600
347672
85532
347677
347678
216608
347681
347682
347686
347693
347697
347699
347701
347704
85560
216633
85568
347717
216645
347719
216648
347720
347722
85579
216655
216658
347731
347737
216666
347741
216670
347748
216678
216679
347752
347759
347762
216691
347765
347769
347773
347776
347778
85638
347783
347785
85642
347788
347791
216719
85650
216722
347797
216725
347800
85657
347802
347805
347811
216739
347814
216742
347817
216745
347819
216750
347822
85679
216754
216758
216761
347836
216765
347840
216769
347844
216775
347852
347856
216785
347860
216788
347862
347864
347865
347869
347871
216801
347874
216805
216816
216820
216823
347898
216827
347906
347909
347911
216841
85771
347915
216849
347921
216852
216853
347925
85784
216856
347932
347933
216862
347936
216865
347940
347942
216873
347948
216876
347958
216888
347964
216896
347971
216900
347974
216904
216905
216909
347987
216916
216919
347991
216930
348006
85862
216934
216937
348010
348015
85872
216945
216957
348031
216961
216963
348041
216970
85900
348045
85901
348048
216979
348051
216982
348057
348061
348064
348069
348071
348076
348078
217008
348082
348083
217011
85940
217014
348087
348092
217022
217029
217033
348108
348110
217039
348112
85969
348115
348118
85977
348124
217054
348127
348130
348134
217062
85991
348139
217068
217072
348148
86008
217081
348156
217086
217090
217093
217095
348170
86027
348172
348177
348182
217112
348186
348187
217116
348190
348194
217125
348197
86056
217132
348205
348206
86062
217138
348211
348212
86068
348215
348217
348220
217151
348226
217158
217161
348238
217167
217169
348244
217173
348252
348255
217184
348257
348259
348270
348273
348274
86132
348277
217207
348281
217210
217213
348286
348288
217219
348293
217229
348301
348304
217233
348307
217237
217242
348317
348321
348325
348327
217257
217262
348335
86194
217269
348345
86205
86207
348351
217279
348352
348355
86211
348358
348361
217292
348364
348367
348374
217304
348378
348380
86236
348384
217315
217319
217323
348398
348402
217331
348405
86264
348409
217338
348411
217341
217344
348418
217348
348422
348424
217354
348427
348430
348433
217362
348439
348441
217372
348447
86303
348448
217378
348451
348455
217389
348464
217392
217396
348470
217399
217401
348474
348483
348485
217416
348489
348491
217420
348494
348497
348498
217429
348501
348504
217433
348509
217443
348515
348517
348519
217447
348521
217451
348524
348530
348534
217463
348536
217467
348540
348542
217471
348551
217480
86411
217484
348556
86414
348558
217488
348561
348568
217498
217502
217508
348581
348584
217512
348588
217520
348592
348593
86449
348594
348597
217527
348600
348602
86459
348603
217537
348610
217540
348613
217544
348617
217548
348625
217556
217559
348632
217562
348634
348637
348640
348644
348649
217578
217582
86510
348656
348658
217588
86518
217600
348672
348675
348678
86537
348681
86538
217610
217613
217617
348692
86549
348695
217625
217628
86558
217632
348705
217635
348718
348721
217651
217661
348739
348743
217672
86601
217676
348748
348751
348754
217686
348760
217689
348762
217691
348763
86619
217695
86627
348774
217705
217708
348780
348782
348784
217712
348785
217714
348789
217718
348794
217722
348796
217726
348800
217730
348806
217736
348813
217741
348815
348816
348817
86675
348820
217750
348823
217752
348825
348826
86683
217756
348833
86692
348839
86700
86703
217779
348851
217781
348854
348857
217787
348861
348865
217797
348870
348873
348877
348880
217808
217810
348882
86739
348885
348887
348888
348890
348894
348898
217830
348902
348904
217833
348907
217836
217841
86772
217848
348922
217855
348927
217859
348934
217863
348936
217866
348941
348945
348948
348952
217888
348961
217890
348964
217896
348970
86827
217900
348974
217904
348979
348982
348985
348987
217915
348988
348992
348995
348999
349001
217931
349005
349009
217945
349017
217949
349021
349024
217953
217956
86889
217962
349037
349039
86902
217977
349050
217979
349052
217982
349056
349060
349063
217992
349065
349066
349067
217995
349069
217997
349071
218000
349074
349079
349084
218013
218015
218019
349095
218025
86956
349104
218039
86976
218049
349122
349126
86982
349128
218057
349131
218060
349133
86995
349140
349142
218072
349147
218079
349151
218082
218087
218091
87020
349165
349167
349168
87024
218097
349176
218108
218111
349187
349188
218120
218124
349198
218128
218129
349202
349203
349205
87062
349209
218139
349211
349216
349221
218150
349224
218153
349227
349229
87087
349235
349237
87095
218167
349240
349244
218173
349247
87104
218177
349253
349257
87114
349259
349261
218191
349264
349265
218195
349268
349270
218198
349272
218202
349277
349280
218211
349283
349287
218215
218218
87147
218220
349302
218232
349307
218236
349311
218244
349316
349317
218246
349323
218256
349331
349334
218262
218267
349341
87204
349351
349354
218284
349357
349361
218291
349364
218294
218297
349374
218305
349377
87234
349382
349383
218313
349388
218317
349391
218321
349395
349398
218330
349404
87260
218334
349407
349413
218341
349414
218344
349418
87275
218348
218351
349424
218355
349431
218361
349433
349435
218363
218366
349442
218370
87299
218374
218378
349451
218382
349455
218385
218389
349463
218392
349465
349466
218395
349470
218399
218404
349480
349484
218413
349496
349498
349503
218433
349508
218437
218439
349512
349514
218443
218445
349519
218447
349522
349527
218457
349531
349532
349533
218462
349540
349542
218471
349545
218474
218478
349551
218480
349555
218483
349556
218487
218489
349561
349564
218494
349568
218497
349577
218506
349587
218516
349591
218520
87451
218523
218526
87459
218532
349604
87462
87463
218536
218539
349613
218543
349616
349618
218547
218553
218557
349630
218561
349636
218571
218573
349645
218577
349652
218581
349653
349655
349659
349663
218593
87525
349670
218600
87529
218603
349680
349684
349685
218615
349689
218619
218626
218630
349704
218634
218638
349711
349714
349716
349717
349720
349722
87582
218656
218662
349736
218666
87596
218670
218674
349748
218676
87604
218684
349757
349762
218692
349768
218696
349770
349771
349772
218700
218704
218708
218711
349784
87642
87644
218720
349798
349800
87661
349805
218737
349810
349812
218744
349816
218751
349824
349826
218754
218757
349830
218761
218772
87702
349846
218775
349849
349852
218780
349855
349859
218788
349862
349867
218795
87724
349870
349878
218807
349887
349893
349896
218827
349900
218830
218836
349910
218841
349916
349920
349921
87779
349924
218854
218857
349931
349933
218861
218863
349936
349941
87798
218871
349944
218874
218878
349951
349952
218881
349954
218884
349956
349962
218890
349965
218893
87823
349970
218902
349974
218905
349981
349984
218916
349989
349992
87848
218920
218924
349997
349999
218928
350003
218932
218935
87863
218938
350020
218948
87877
350026
218955
87883
350030
350033
350036
350038
218967
350039
218969
350042
350053
218981
350055
350059
218987
87916
350063
87921
350066
218998
350071
87930
219004
350081
350082
350083
219013
219016
350092
219020
219026
350100
219030
350103
350104
219034
350109
219038
350115
219044
350119
350124
219052
350127
350132
350133
219062
350136
87993
350138
350140
219069
219073
219075
350147
88006
350151
219080
350154
219082
219086
350160
219095
350169
350175
219104
350177
219108
350181
88037
219112
350184
88042
350187
219116
350190
219120
350196
219125
350198
88056
219130
219134
219138
350214
219143
219146
350221
219149
350224
350228
350231
350232
88092
219165
88094
350239
219169
219172
350246
350249
88107
219180
350257
88115
219188
350267
219196
219199
350271
88129
350278
350279
219208
350283
219211
350287
219215
350288
88145
219219
350291
350293
350295
219223
219227
350302
219233
88162
350310
350313
219243
219247
88175
350319
350322
350325
350326
219255
219258
219261
350334
88193
219267
219270
350344
219274
219275
350348
219277
219280
350353
219282
350361
350363
350366
219301
219307
219315
219318
219321
350396
219325
350399
350403
219332
350405
219334
88263
88265
219337
350410
219340
350413
350416
219346
350418
350421
350423
88280
219352
350426
219355
88285
350430
219359
219364
350436
219369
350443
350445
219375
88308
219384
350460
219388
219391
350465
350469
219402
88330
350477
350481
350486
350490
219420
350495
219426
219436
350510
219444
350519
219450
350523
219457
350529
88386
219459
88389
350536
219472
88400
350548
219476
219479
219483
350555
350558
88415
350561
219489
219493
219499
350573
350576
219505
350579
350582
350584
219513
219517
350590
350595
219533
350607
219536
219540
350613
219546
350619
219550
350624
88484
219557
88486
350630
350632
350633
219563
350635
88491
219568
350642
350644
219572
350647
219575
350650
219579
350653
350655
219583
350657
219591
88522
350670
350674
350681
219610
350689
219618
350693
219626
88555
350703
219633
350707
350711
350716
219644
350721
219650
219654
219657
219662
350735
88595
350742
219671
350749
219680
350752
350755
350758
350761
350764
350767
88628
219705
350778
350780
219708
350782
350784
219713
219717
88645
350790
350794
219725
350798
219729
350802
88658
219732
219736
350810
350812
219742
350815
219746
219753
219757
219759
219763
350837
350838
350839
219769
350843
219772
219776
219780
350853
219783
350856
88714
350859
88717
350865
219794
219798
350874
219803
88731
350877
219807
350880
88737
350883
219811
350888
88744
88745
88747
350891
219821
219826
350899
350902
219830
219833
219836
219839
219842
350920
219849
219851
219854
350927
350930
350939
219869
350941
219873
350947
219875
350950
219884
350958
350959
219887
350963
219892
219893
350967
219895
219899
350971
350974
219903
350977
219906
350980
219908
350982
219911
350985
219916
219924
219926
88854
350998
351001
219931
351003
219934
351011
88868
351014
351020
351021
351023
351025
219954
219958
219963
219967
219971
351047
88905
351050
351052
219983
351056
88913
351063
219992
220000
351073
220004
351081
351084
220018
351091
351096
220024
351099
220028
220031
220034
351107
220037
351111
351113
220041
88970
220047
351120
351124
220053
351128
351129
220060
351133
351136
351140
220070
220074
351153
220082
351157
220090
351162
351163
351170
351175
351177
351183
220113
351190
220121
220124
351197
220128
351201
89069
220144
220148
351221
351228
351230
351235
220165
220169
351243
220172
351245
220179
351251
351253
220182
351256
220184
220187
220190
220192
351265
220193
220194
351267
220199
351271
351273
351276
220205
351279
220209
220212
220214
351294
220222
351296
220226
351300
220229
351301
220232
220237
351312
220243
220246
220249
351325
351327
351331
351335
220264
351338
220267
351340
351343
220275
351349
220279
220283
351355
220286
351362
220292
351366
89223
351368
220296
89225
89228
220302
89234
351379
220309
351382
220313
351389
351397
351399
220330
351402
220334
220342
351415
220345
351420
220351
220353
351425
351426
220357
351432
351434
220364
351437
220367
351441
220372
220375
351450
220383
351457
220387
220390
351462
351467
351473
220406
351478
351481
351484
351488
220417
351491
220420
351493
351494
220424
351500
220429
351502
89360
220432
220434
220438
351511
351513
220442
89376
351525
351528
220459
351533
89391
351542
220478
351554
351557
220491
351563
351566
220496
351568
351570
351572
351575
220504
89433
220508
351584
220512
351587
220516
351590
220518
351593
351594
220525
351597
351600
220528
220535
220538
351614
220543
220548
220551
220553
351626
351629
351632
351640
220573
89503
220579
351652
220587
220591
351664
89521
220603
220607
351680
220611
351686
220615
351689
220619
220622
351696
351697
220628
351704
351705
351710
220640
351712
89569
220643
351719
351721
220650
220655
351729
220658
351732
220662
220664
351737
351738
351739
220668
220673
351747
220677
351752
220681
351756
220685
351760
220688
220696
220700
351775
351777
351779
220708
351782
220710
351785
351786
351788
351791
89648
220720
220723
351796
89653
220728
220731
351805
220734
351808
89667
89668
351812
351815
220744
220747
220750
351823
351827
220758
351830
351831
351832
89689
220761
351834
89691
220768
351841
351844
220774
220777
351851
220781
351854
89712
351856
220784
220787
351860
89719
351865
220794
351869
220799
220804
351878
89739
220811
351885
220814
220818
351892
351893
220822
351896
220825
220828
351902
351904
220833
89763
351908
220837
351912
351914
220844
351916
351917
220847
89776
351921
351924
351925
220855
220859
220863
351937
351939
220867
220870
351943
351945
351948
220877
351951
89808
220883
351961
220890
351963
220893
351965
220895
89827
351971
220903
351979
220907
220914
351987
220918
351993
220921
220924
351997
220928
352003
352005
220936
352010
220938
352013
352016
352018
352021
220952
352025
352027
220960
352033
352037
220967
352041
352046
89905
220979
352053
220983
352056
220990
352062
89919
220993
352067
220997
352071
89928
352073
221001
352077
221008
352081
221011
352085
221015
221025
352098
352101
352105
221034
352108
221038
352117
352119
221049
221055
352127
352131
221060
221063
352138
221066
352140
221070
352144
221074
352149
221077
352152
221087
352162
221091
221094
352169
352171
352175
90032
352177
221110
352183
221114
352193
221125
90056
90060
352205
352206
352208
221137
352209
352211
352213
221146
352220
221151
352223
221153
221155
221162
90091
221165
352243
221172
352250
221180
352253
352255
90112
352257
352259
352260
352262
90119
221192
90122
221196
221199
352271
352273
352277
352281
352283
352284
221214
352287
352291
221220
352295
221227
352301
221232
221234
352310
221240
352314
352315
221243
352318
90176
352322
352325
221255
352328
221259
352332
90188
352334
221263
221266
352339
221270
352344
221274
352347
221277
352349
352352
221281
352356
221286
352361
221290
221294
352368
221298
352372
352374
221309
352382
221311
352386
352395
352401
90257
352406
352408
221337
352413
221342
221345
221348
352423
352427
352428
352429
90286
352434
221365
352438
90296
352440
221369
352445
221373
221376
352449
221379
352451
90307
352453
352454
352457
90314
221387
352461
352463
90323
221397
352472
221400
352474
221403
221405
352478
90336
221410
352482
352484
221414
352487
221418
221425
352500
221429
352505
221435
221439
221442
90374
221449
352526
352530
221458
352532
90389
221465
352538
90395
352540
352542
221473
352546
221477
352550
221480
352552
352556
352559
221492
90421
221497
352572
221501
352574
221505
352578
352581
221511
352589
352591
221520
352593
221523
352601
352603
221532
352604
352606
221536
352609
221544
352622
352627
221557
221559
352631
221562
221569
352642
221573
352646
221577
352650
352652
352654
90512
221585
221592
90521
352666
221597
90528
352675
221604
221607
221610
221612
352685
90543
221622
352695
352698
352699
352701
221635
352709
352711
352717
352721
221649
221652
352725
90582
352729
352736
352740
221669
352744
221679
221683
352756
221687
352761
221690
352765
90625
352771
352775
221708
352781
221711
352787
221719
352800
221729
352803
352806
221735
352809
221738
352812
221743
352818
352820
221748
352821
221751
90682
221758
221760
221762
90692
352838
221768
221774
221777
352854
221783
221785
352857
352861
90721
352875
221803
90733
221806
352879
352885
352886
221816
352890
352894
221823
352896
352901
352902
352907
352908
90769
221841
352913
90770
221844
221847
352920
90777
90780
352928
221857
221860
352936
221864
221867
352940
221869
352944
352947
221876
352949
352951
352960
221888
90820
352964
352966
352969
352974
352978
221907
352982
221914
221919
352992
221922
352996
352998
221927
353001
353002
353003
353006
221936
90864
353010
221940
353012
90869
353014
221945
353018
221947
221951
353024
221954
353030
221960
353033
353035
90894
90895
221968
353046
221974
353049
221978
353052
221982
353064
90923
353068
222000
353072
222002
222006
222013
353088
222017
90945
353092
222025
353101
353110
222038
353113
222042
353116
222048
353121
353125
222055
353129
222058
353131
90991
222065
353139
222069
353142
353145
91003
353150
353153
353156
222084
353159
222090
353162
222096
353172
353174
222103
353176
222107
222111
222114
353189
222118
353191
222122
353198
353200
222128
222131
353203
222136
353209
353211
222140
91070
353216
353219
353222
222157
353229
353231
91090
222163
353236
222166
353238
353239
353241
222171
222173
353245
353247
222176
353252
222188
353260
353261
222192
91121
222194
353267
222198
353276
222204
353279
353282
222211
353285
91141
91142
222215
353293
91150
353295
222225
353297
222229
91160
91165
353311
353316
222244
222247
353323
222251
222255
222257
353335
353338
222267
353343
222275
222279
353352
353356
353358
222287
353361
353364
222295
222298
353372
353373
222303
353376
353379
222310
353382
353384
222313
91243
222323
353397
222326
353403
353405
222336
353409
91267
353414
222348
222351
222354
353427
222357
91285
353429
353433
222363
353437
222368
353440
353443
222372
353446
91303
222376
353449
353452
222382
353459
353462
222396
353472
222400
91330
353474
222403
353476
353478
222411
353485
353487
222417
353490
222420
353496
353499
222428
91357
353502
353509
222438
353512
91371
353515
353518
222447
353522
222452
353524
353525
222456
222460
353533
222463
222466
353540
222470
353544
222476
353549
222480
222484
353558
222488
222491
353564
222494
91425
91427
353576
91434
222507
353582
353585
222513
222516
222521
353594
353599
353603
91462
353608
222537
353611
353616
91473
353619
222548
353623
222555
353629
353631
222559
222561
353635
91496
222568
353641
222572
353645
353648
91504
222579
353653
222583
353657
353659
222590
353665
222597
91528
222601
353673
222605
353677
353678
222616
91550
353698
91559
222632
222634
353709
91566
222639
353712
222643
353716
353721
222654
353726
353731
353734
353737
222671
353743
353745
222673
222678
353753
222683
222686
353762
222693
222696
353769
222699
353773
222703
353776
222709
353782
353783
222712
353794
353796
353798
353809
353814
353816
353817
222750
353822
222755
353830
353833
222767
353842
353844
353847
222776
222779
91709
353854
353856
222787
353861
222790
222791
353863
353866
222799
91728
353873
222802
222805
91740
353890
353893
91753
353898
91756
353904
353907
222835
222838
91768
222843
353921
222851
222854
353926
353929
222858
91787
353932
222861
353934
353936
222865
222868
353941
91797
222873
353946
353948
222876
222882
353954
353956
353958
353960
353963
222896
91826
222898
353974
222902
222909
91837
222913
353985
222915
353987
91846
353991
222921
222923
353996
222926
222928
222934
222936
222939
222943
354017
354021
222953
222959
354036
222967
91895
354042
222973
354046
354049
222977
222980
354052
354060
91918
354063
354065
222994
222998
354071
354072
354075
354078
223007
354081
91938
354084
223016
223019
354091
91950
354097
354100
223029
354103
223033
223037
223041
354113
223044
223047
354119
223053
354125
354127
223060
91990
223064
354138
91996
223068
354142
91999
223076
223079
354153
354154
223085
354159
354162
223096
354172
223103
223111
354183
354186
354189
92045
223118
354192
92048
354194
354200
223130
354203
223137
354210
92066
223140
92069
354215
223144
223147
223154
223157
354230
223161
223163
223167
354245
354247
223176
223178
223181
354254
354261
223192
223194
92124
223197
354270
354271
92130
354275
354278
354280
223209
354283
354285
223217
354289
354290
354293
223221
354299
354302
223231
354304
354306
354308
223238
354311
354314
354316
223245
354319
354322
223256
354337
223268
223272
223278
354350
223280
354352
354355
354359
354362
354366
354368
223296
223299
354374
223302
354376
354380
354383
92240
92243
354388
92246
223326
354398
92256
92257
223332
354404
92262
223337
354411
223341
223344
223346
354421
354423
223351
354425
223354
354426
354432
223361
354435
354438
354443
223376
223380
223383
354458
223389
223394
354466
354468
354469
223398
223402
354478
223407
223410
354486
223415
354488
354491
223420
354494
354497
354502
223430
354505
92361
223436
354509
223440
354518
354521
223450
354526
92385
223462
354535
92392
354539
354541
354544
354547
92405
223477
354550
223480
354554
354560
223491
354563
354569
223497
354572
223501
223505
354580
223511
223514
223519
354596
223524
223527
354603
354606
223534
354607
223537
92470
354614
223548
354620
354623
354630
223560
354634
354637
223566
354641
223570
354644
223574
354647
354648
223578
354650
354653
223584
354657
354662
223598
354673
354676
223604
354679
223608
354683
223612
223616
223618
354692
354694
354695
92551
92558
223631
354710
92566
223641
92573
223645
92575
223650
92579
92582
223668
354741
354743
223672
92601
223677
354752
223685
354758
92622
354767
354773
223701
223705
223709
354784
354786
354790
354792
223723
354796
223726
354800
223732
354806
223738
354812
354814
223748
354820
354831
354833
223763
354838
223766
354841
223771
354849
223779
354852
354857
223785
223789
354863
223792
354867
223795
223798
354872
354874
354877
223807
354879
354882
223810
354883
223813
354886
92744
223817
354889
223820
354893
223823
354896
92755
354901
354903
223835
223838
92768
354913
223842
92772
354918
354920
223848
354923
223852
354926
354932
223862
92794
354939
92797
354942
354952
223881
354956
92812
223885
223887
354966
223894
223896
354968
92825
92827
223900
354974
92830
223903
354984
354986
223919
354993
354996
92853
223927
92856
355002
223931
355004
355007
223938
355011
223941
92870
355017
223945
355018
223948
355024
355025
223954
223958
355033
223961
355036
223965
92895
355040
223969
223972
355045
92904
223976
223983
355055
355062
223992
355064
92924
92926
355073
355079
355083
92940
355086
224018
224022
355094
355097
355101
224030
355104
355108
355114
92970
355116
355120
224050
355124
92980
224054
355127
355129
224058
355132
92993
355137
355139
355140
224076
224079
355154
355160
93016
224089
355164
93029
355173
224102
224106
93035
224116
355189
224119
355192
224125
355198
224128
355201
355203
355205
224137
224139
355215
355220
224149
355224
224153
355227
355228
93087
355233
224164
355238
224167
355243
224174
355246
355247
355255
355258
224186
224190
224193
224200
224203
224206
355278
224209
355287
224216
224221
355296
355299
355302
224234
224238
224243
224245
93173
355317
224251
355324
355325
355328
224258
224262
224266
355339
224273
224277
93206
355350
355352
93209
224281
355356
224285
355360
355361
224291
355366
355370
224299
355372
355374
224303
355378
224307
355381
355388
355389
224319
355391
224326
224330
355406
355410
355413
355415
355417
355423
224354
355428
224357
355429
224365
355438
93294
355440
224369
224373
224374
355447
355451
224381
355457
224386
355460
224389
93323
355469
224399
355474
355477
224406
355479
224410
224413
355485
355489
355492
224422
355498
93360
355507
355509
224439
355511
355517
355521
93379
224453
224457
224459
224464
93393
355537
224468
355541
355546
355548
93406
93409
224482
355557
224487
355561
224491
355567
224500
355572
224504
355577
224507
355581
355591
224520
224522
355597
355600
355601
224530
224532
355606
224535
355609
224539
355613
224543
355616
224547
355621
224552
355627
93485
355630
224561
224564
355637
224571
224574
355646
224578
355652
355654
224582
355656
355660
93519
224591
355666
224595
355670
355671
355674
355676
224606
355686
355687
355694
355695
355698
355701
224630
355706
224634
224636
355709
224639
355712
93570
224645
355718
355721
93578
224651
224654
355726
224658
355735
224666
355741
224669
224671
355744
355748
224676
224678
355751
224681
355756
224687
355760
93618
355763
355764
355766
224696
355769
224699
355771
355773
93630
355774
224703
355776
224705
355779
224709
355781
355783
355784
93641
355786
224716
224718
355795
93652
355799
224730
355805
355808
224741
224744
355821
355824
224753
355827
355830
224758
93689
355834
224766
355838
355842
355844
224775
355848
355849
224779
355851
93709
355859
224791
355873
224804
355877
224807
355880
224810
355884
224814
355887
355890
355893
224822
355897
224825
355899
224831
224834
355913
224842
355917
355918
224849
355921
224853
224857
355935
224866
355940
355944
355949
224882
355956
224886
355959
355961
224890
224893
224899
355972
224902
355975
224905
355978
224909
355984
224913
355988
224917
93847
224920
355994
224922
224926
355999
224927
356005
224935
356011
356013
356016
356017
356021
224950
356024
224954
356027
356031
224960
356035
224964
356038
356048
93907
356052
224981
356058
224992
356069
356072
225001
225005
356080
225008
93937
356083
225012
356086
356088
225017
356096
93954
356102
225033
356106
225039
356112
225045
356118
93976
225049
225060
356132
225063
356139
356141
225069
225075
225079
225081
356153
225083
356162
225091
356165
94023
225099
356173
225101
356175
225104
356178
225107
356181
356182
356183
225114
356186
356191
225121
225124
356197
225127
225131
356207
225136
356209
356212
225140
356218
225152
225156
356229
225159
356236
356239
356242
225176
356249
356252
225181
356255
225187
356260
225191
225194
225197
356272
356278
225208
356281
94137
356284
225212
356287
356289
225218
356299
356301
356308
225238
225240
225243
94177
225250
225256
94184
225260
356333
356335
225263
225266
356339
225272
225275
356354
356355
225284
225287
356361
225289
356366
225297
94225
356369
356372
356376
356378
94235
225308
356382
225312
356385
356388
356389
225317
225320
225321
356394
356399
356401
225330
356403
356404
356406
94263
225335
225338
356412
356415
225358
356432
356437
356441
225371
225374
356446
356449
356452
225380
356455
225393
356466
225395
356468
225401
356474
225404
356477
225408
356481
356483
94341
225416
225420
356493
225424
356503
356505
356515
225443
356516
225449
356525
225455
356529
225459
356533
356536
225466
94395
356540
225469
94398
356546
225477
356549
356557
356561
225491
356565
356568
225499
356572
356574
356578
225507
225510
356583
225513
356587
225517
94445
225520
356596
356601
94459
225532
356607
356609
225541
356617
225552
356624
225555
356628
356634
356635
356641
356646
225574
225575
356648
225578
356651
225581
356657
356660
225589
356662
356665
225593
356668
356669
225600
356674
225604
94532
356677
225606
225608
356687
225616
225620
356693
225623
356696
225626
356699
225630
356702
356705
225634
356708
356711
225648
356727
356731
225660
94588
356734
225664
225667
225669
225675
356748
356750
94608
94612
225687
356762
225692
356766
225695
356769
356772
225702
356777
356780
225709
225711
356784
356786
225714
356788
225717
225720
225722
356795
356797
356800
356803
94661
356806
225734
356809
94668
356814
225744
356819
225749
356821
356822
94678
225752
94680
94683
94684
356829
356831
225759
94695
225769
225772
356849
356852
94709
225781
225788
356861
356864
225792
356867
225797
225801
356877
225806
356881
225810
225817
356893
225821
94752
356897
225826
356902
356904
94765
225837
225840
356913
225843
356918
225847
356921
225850
94779
356924
225861
356933
356935
94793
225867
356940
225874
356946
225878
225883
356957
225886
356959
225890
356962
225894
225898
356972
225901
356973
225905
356987
225915
356990
225920
225924
357000
225931
357004
357007
357011
225942
357019
357022
225952
225958
357031
357036
225964
357038
225968
94896
357041
225970
357044
225974
94911
357055
357063
357066
225996
357069
226002
357075
357077
226012
226015
357087
357090
357095
226032
357107
357110
357111
357112
357113
357115
357117
226048
357122
226052
357125
226056
226060
357139
226069
357142
226071
357144
357146
95004
226082
357156
226084
357158
357159
226092
357164
357167
357171
226102
357174
95032
357182
226112
95046
95048
357196
357199
226128
357202
357205
357208
357209
226139
357212
226143
226147
357224
95081
95082
357227
226156
357230
226164
357241
226171
226175
357249
226178
226180
357257
357259
95115
226192
357267
226195
357270
357272
226201
357275
226203
226204
226206
95137
357282
226214
95146
357291
95148
226220
226225
357300
95156
357301
226230
226231
357306
226235
357309
357312
226240
357313
357317
226245
357318
95176
226248
357321
226252
357325
357332
226262
357335
226267
357340
357342
357345
357347
357350
226283
357357
226286
357362
226290
226292
95225
357371
226301
357375
357376
357377
226305
357387
226315
95247
357391
357393
226325
226327
357399
357404
226334
226337
357412
226344
95272
357417
357422
226352
357430
95286
226359
357433
357436
357438
226366
357441
226369
357442
226372
226375
357447
226378
226381
357454
357457
357460
226389
95317
357462
357466
226396
226398
357470
357472
95329
226402
357478
226406
357481
226409
226411
357486
226414
226416
226419
357493
95349
357496
357499
357500
226430
357505
226434
357506
357508
357511
226441
95372
226445
95374
357518
357521
357523
226452
357525
226456
357533
95390
226464
357540
226468
357543
226475
357548
226478
95408
357552
357556
226484
95415
226489
357563
226493
226496
226499
357573
357575
226503
357576
357579
357581
226519
357592
95450
357595
357598
357601
357603
357607
226538
226541
357614
357617
357626
357627
357630
226558
357636
226566
357640
95508
226581
357653
226585
357659
95516
226589
357663
226592
357666
357668
226598
226602
226606
357680
226609
226616
357689
226619
357691
226621
357696
226625
95557
357702
95560
226632
357706
226635
95564
226639
95568
357713
357716
226647
226652
357726
226659
357733
226665
357739
226670
357742
357743
226677
226681
357754
357760
226694
357770
357773
357777
226712
357786
226719
226724
226731
357803
357804
95661
357810
95667
357812
226741
357819
95676
357823
357825
226754
357828
226757
357831
226760
357835
226764
357840
357842
226774
95702
357850
357854
357855
226786
226790
226794
226798
226802
226805
95736
357881
95738
357883
226815
357888
226817
357889
226820
357896
226824
357899
357903
226832
357905
226836
357909
226839
357911
226841
357920
357923
357926
226854
357928
226861
357935
226868
95797
357943
226872
357945
226875
357948
357950
357952
226881
357959
357960
357962
357966
357969
357974
226903
226907
95836
357980
226910
226917
226920
357996
226925
226927
358003
226932
358004
358006
226936
358009
358015
226945
95873
226949
358022
95882
358030
358035
358038
226966
226969
226973
358046
95902
358049
226978
358051
226980
226984
358056
95912
358057
226988
358061
358062
226992
226995
358068
358073
227005
358079
95936
227009
358082
227013
358088
227016
227018
358093
227024
227030
358105
227040
358115
358119
227047
227049
95979
358124
358128
227057
358131
227061
227063
358137
358138
227073
358148
358152
358154
96010
227085
358163
227097
358171
358179
358180
227111
358186
227115
358191
227119
358193
358195
96052
358197
227127
358201
227131
227134
358206
358208
227136
227139
227141
96069
358214
96071
227144
358217
227147
358223
227153
358226
358231
358238
227166
358240
358241
227173
358246
96103
358249
227177
227180
227181
358253
358255
358261
227190
358267
358270
227201
358274
227205
358278
227209
227213
227217
358292
358293
227223
358297
227226
227228
227232
358305
358307
227236
358310
227243
227247
227248
358321
96180
358324
227259
227265
358338
96195
358339
227268
358341
227271
358345
227279
358353
358356
227285
358358
358360
227289
358362
96222
96225
227298
96227
358371
96228
227302
358375
96231
358381
227311
358383
358385
227314
227316
358392
227320
358394
227326
96255
358400
358403
96263
227336
358409
227340
227344
96274
358418
227347
227351
227355
358429
358433
227361
358436
227367
358439
358441
358447
358450
227379
358453
96310
358455
96314
358459
358460
227388
96317
358465
358473
96331
358476
227404
358478
227407
358481
227409
227412
358491
358493
227424
358497
227426
227433
227437
358512
227441
358514
358516
227445
227448
227450
358522
227453
358534
96392
227467
358539
227471
96402
227475
358547
358549
227478
358550
358553
227482
227486
358561
227490
227494
358568
227497
227499
358572
227506
358580
227508
96437
358582
358586
227517
358589
358591
227522
358595
358598
227527
227529
358601
227533
358605
96462
358608
227537
358617
358621
227549
358623
358626
227555
96484
227562
358635
227565
358639
358642
358643
358648
358654
227583
358656
358661
358664
227594
358668
358672
227602
358674
227604
227605
96535
358679
358682
227612
227616
358690
358700
227634
358707
227636
358714
227644
358717
358719
358721
227651
358724
227655
358727
358730
96586
227659
358731
96587
96592
358738
227670
358743
358744
227675
358748
358752
227681
227687
358762
227691
358765
96623
227695
358767
96627
358775
358778
227707
358781
227710
358784
227714
358788
96647
358795
227725
227728
358803
96659
227732
358807
227738
358813
358816
358818
358821
227750
358822
227752
96683
227760
358837
227766
358839
358841
358846
358849
358852
358855
358862
358863
227804
358876
358879
227808
358881
227812
227814
358887
358889
227818
227820
227823
358897
358902
358906
96764
358909
358910
227841
358914
227842
358916
227846
358919
358922
227851
358925
96781
358926
96783
358929
358934
227864
358937
96795
227874
358947
227877
358951
227880
358957
227887
358960
227890
358967
227898
227901
358976
227904
227906
358982
358983
358987
358992
227921
358993
227926
358999
227929
96858
359002
359005
227940
227944
359020
227949
359024
227953
359027
359030
359032
359033
359034
227963
359037
359039
359041
227970
359044
227973
359046
227977
359052
227985
359057
359060
227990
359063
359065
227994
227997
359070
96928
359073
359075
228007
359081
228011
359083
359088
228018
96950
359096
228025
228027
228029
359103
228032
359105
228036
359110
359115
228044
359117
228046
359120
359122
96978
359128
228058
228062
96991
228065
359138
359139
228068
228070
359143
359144
228073
359147
228076
359150
359152
228080
359154
359156
228084
359158
359159
228088
359161
359163
97022
359167
359168
97025
228100
359174
228103
359177
228110
359182
228113
359188
228119
359193
359194
228125
228127
359199
359202
228133
359206
228136
228140
359213
359215
359219
97075
228149
97077
359222
228154
359228
228159
359235
228163
228170
359246
228176
359249
97105
228180
359255
97112
228186
97114
97117
228190
228194
97124
228198
359273
228201
359275
228203
97132
228206
359281
359284
359286
228218
228222
359294
97151
97153
359302
228231
359304
228235
359310
359311
97167
228242
359314
359318
228249
359321
359325
228254
359328
228257
359333
97191
359335
359338
228269
359342
228273
359345
228276
228284
228289
359363
228293
359367
228297
359369
359375
228304
97236
228308
359382
228311
228314
359386
359390
359392
228323
359395
359398
228326
359400
228330
359404
97261
97263
359409
97266
228339
359411
359413
359414
228342
228349
359424
359427
359428
97285
228357
359433
228362
228367
359442
359451
359452
359455
228383
97313
359460
359463
228399
97331
359475
228404
228408
359483
228412
359490
359492
359496
359498
359501
228430
359503
228436
97365
359512
359514
228445
97374
359520
97376
97378
228455
228457
228459
359532
228462
359537
228465
228468
359541
359547
228475
359551
359552
359555
228485
359559
359563
228491
359564
228493
359566
228496
359574
228505
359577
228511
228514
359592
228521
228523
359596
359598
228527
228529
359604
228537
359611
359613
228541
228545
359620
228549
359622
228554
359631
228561
228564
359638
359641
359642
228575
359648
97507
228582
97512
359657
359661
228590
228597
359674
228603
359676
228606
228608
97539
359683
228611
359685
359687
359689
359695
228625
228629
228633
359708
97565
228639
97567
228645
359725
359726
228654
359729
97585
359733
359734
359738
228669
228674
359747
359748
228678
359752
359754
359757
359760
228689
228691
359766
228695
359768
359773
359775
228705
359780
228711
359785
359788
228717
359790
228719
359793
359794
228723
97653
228727
359801
228731
97663
228735
228739
359813
228742
228745
228748
359821
228752
359825
97682
359828
359829
359833
228761
359835
228766
359839
228768
228771
359843
359845
359847
359848
359849
359851
228781
228785
97717
359867
359869
359872
359873
228806
359878
97740
359885
359887
228818
359890
359896
359899
228829
359902
359906
359908
228840
359912
228844
228848
228851
359927
359930
228861
359936
228865
359939
228868
359940
228871
97799
359945
97802
228877
228880
359952
359955
228883
359956
359957
228889
359962
359965
228893
359971
228901
359975
359978
228906
359979
97836
359981
97839
359983
359986
228914
359988
359993
228922
359996
228929
228932
97862
228935
228938
360011
360015
97876
360026
360035
360037
97895
228968
360042
228972
360045
228976
228979
360051
360053
228981
360054
228988
228990
360062
360064
228994
228996
228999
360072
360073
360080
97939
360084
229013
229017
360089
229021
360094
360096
229025
360101
360104
229035
360107
97963
360111
229043
229045
360121
229054
229059
229063
360137
360139
229068
229070
360143
229073
360146
229077
360150
360153
229086
360160
229093
360166
229095
360167
98024
360173
360174
229106
360178
360181
360182
360183
229113
360187
229117
229121
360195
229125
360198
98054
229135
360208
98064
360213
98071
360216
229145
360220
229149
229154
360228
229157
360230
229160
98088
360239
229168
229173
360248
360252
360257
229187
360260
229190
360263
360265
229193
229198
360276
360277
229206
360278
360284
229213
229217
360291
360292
229222
360295
360296
229225
229228
229234
360309
360312
229240
360318
360324
360329
360330
98187
229262
98191
229266
360342
229270
229274
360348
360351
360353
229281
360359
229288
229292
360367
229296
229300
360373
229304
360381
229310
229313
229320
360395
229324
360398
229327
360402
229332
360405
229336
360409
229339
98268
360412
229342
360418
229348
229358
360434
360440
229371
360444
360447
229375
229378
360450
229390
360466
360467
229395
360469
360472
229401
360474
229404
360476
360478
229407
360480
360483
229418
229423
360497
360498
229427
229431
360504
360507
229435
360508
360513
360517
229447
360521
360523
229453
360527
360528
360533
229462
360534
360535
360539
360543
229472
229474
229477
360555
229485
98420
98421
229495
360569
229499
229505
360578
229508
229510
360582
229514
360588
229518
360594
229522
360596
98454
229526
229528
98457
98459
229531
360607
360611
229543
229544
360618
360621
360627
229557
360630
360633
360636
229566
360639
229570
229573
360647
229576
98504
360655
229587
360663
229591
360666
229595
360669
229597
229599
229602
98531
360676
229605
360682
360685
229614
229617
229621
229625
98554
360699
229631
360704
229634
360707
360710
360711
229641
360714
229648
360720
98577
360724
360727
229657
98588
360736
360738
360742
360743
98601
229679
360753
229682
360756
229685
229689
360761
229695
360768
360769
229698
360772
360778
360783
360784
229714
360792
360793
229722
229725
98654
360801
360804
229733
360807
98673
360825
229753
360828
360830
360833
229761
98690
360838
229768
360841
229770
360843
360846
229774
229779
229781
360855
229787
98716
360860
229791
360864
98721
229797
360874
360876
229809
360884
229813
98742
98743
229816
360888
360890
360893
229823
360896
360899
98760
229834
360912
229840
360917
360920
98777
360922
360926
229855
360929
229857
360934
360936
229865
360939
229867
229869
98798
360942
98799
360946
229876
360949
360952
229882
229883
360955
360958
229886
360960
229890
360963
229894
360971
360973
98834
360978
229910
360983
360987
98843
229917
360993
360996
229926
229930
98858
229934
361009
229940
229943
361020
229949
361023
361024
229957
361032
361039
361042
229971
361044
361047
361052
361057
361058
361060
98922
229995
361069
229998
361076
230005
361079
230008
361081
361084
98951
230029
361101
361104
361108
230039
361112
230047
361121
230051
361124
230055
361127
230058
361132
230061
230064
361138
230066
361140
361143
230071
361144
361152
230082
361157
361160
361161
230090
361162
361163
361168
230097
361170
361172
230100
361175
230103
361179
230107
361185
230117
361189
361190
230122
361197
230126
361201
230129
99059
230133
99061
230137
361213
361215
230144
361222
230152
361229
230158
361230
361231
361235
230164
361240
230168
230172
361245
99102
361247
230175
361253
361255
230187
361262
230191
361265
230194
361269
230199
361276
99134
230207
361279
361281
230211
361285
230218
230220
361292
361295
230224
361300
361302
230231
361304
361305
361308
230237
361311
99172
361317
230246
361320
230248
230250
230255
361327
361331
361336
361339
230267
99195
230269
361343
361346
230276
99208
361354
230283
230285
230294
361367
361370
361373
361376
230308
361382
230311
361386
230314
361388
230318
230327
361400
99257
230331
361406
361408
230342
361415
230345
361417
230347
99276
361422
99278
230351
230354
361427
230357
361434
230363
361436
361443
361446
230375
361448
361450
230381
361454
361456
99313
230385
361458
230393
230397
230400
230410
230414
230417
361489
361491
230423
361496
361499
361501
230431
361504
230436
230441
99371
230444
361523
230455
361529
361532
230460
230463
361536
361537
361539
230471
361543
361545
361547
230475
99403
361548
361549
230478
361555
361556
230485
361558
361560
230489
361562
230493
230497
230499
361571
230502
361575
361580
361581
230510
361594
230524
361598
361600
230530
361602
361604
361607
361610
230539
230543
361617
230546
99477
230550
361623
230554
361627
99483
230556
361637
361640
361641
230574
99503
230576
230579
361652
361655
361658
361660
230588
361662
230592
361665
230595
361668
361671
99529
361674
230603
230606
361679
230608
230611
230615
230618
361693
361695
361698
361706
230635
361707
230639
230642
361725
230654
361728
361732
230660
361735
230664
361736
99592
230667
230669
361744
230672
361746
230675
361751
99610
361757
230687
361762
99619
361765
230693
361767
361770
99628
361776
361779
230709
230712
361784
361786
361789
361794
230722
361795
361797
230726
361800
230729
361803
230736
361810
361812
361815
361819
230749
361822
230752
361825
361826
361829
361831
230760
361841
230769
361844
230773
361846
361849
361852
230783
230787
230794
361868
361872
99731
230804
230808
361881
99739
230814
230818
361890
361893
361897
230827
361900
230837
99770
230842
230845
361919
361922
230850
361925
361928
361932
361935
361937
230866
230870
361943
230874
230877
361951
230880
361953
230884
361956
361958
230888
361960
361963
230895
361969
361970
230898
361973
361976
230905
99835
230911
361985
361988
230916
361993
361998
230928
362001
99858
362003
362006
362009
362012
362015
362019
230949
362022
230953
362025
230955
99884
362029
362032
362034
362037
230965
230968
99897
230970
362043
362045
362053
230981
230985
362060
230992
230996
362068
362072
231000
362074
231003
99933
99935
231009
231012
362086
231016
362088
231019
362096
362098
231026
231030
99965
362109
362110
362114
231044
362118
99975
362121
231051
362124
231055
362131
231060
362135
362139
362141
231071
362143
362145
231075
362150
362151
100008
100009
231081
362155
231085
362158
231089
362161
362166
231094
362168
231097
362171
362174
362178
100035
231109
362185
362187
362190
231120
231123
362195
362197
231130
231132
231135
362209
362212
362215
231144
231147
362219
362221
362224
362227
362228
100085
362232
231163
362235
362238
362239
231168
362243
231172
231177
362252
100110
231185
362257
362259
231189
231192
362267
231196
362273
231201
231204
362276
362280
231214
362289
231218
362291
362295
362299
362302
231234
362308
362309
231237
362311
231240
362315
231244
362320
231250
362322
362325
100185
362333
231263
100191
362337
231267
100196
362341
231271
231274
362351
362354
362356
362358
231288
231289
362363
231292
362368
231296
362369
362371
231300
362374
362375
231303
231307
231310
100239
362384
231314
362389
231318
362392
231322
362395
362398
231326
100255
231328
231331
362404
362407
100264
362410
231339
362413
231341
362419
231348
231355
231359
100288
362433
231365
231367
362439
362442
231371
362446
231374
362452
362453
100310
231382
362456
362460
362464
100322
362467
100327
362471
231401
362479
231408
362483
362484
362488
362492
231422
362495
362498
231431
231434
362507
231438
231444
362517
231447
231451
362524
362526
231456
362529
362533
231465
231474
362549
231478
362551
231481
362554
231484
362557
231490
362562
231492
362564
231495
362569
362573
231502
362575
362578
100434
231510
362584
100442
231520
362593
362594
362597
362600
231528
100461
362607
362611
231540
100468
362613
362615
231546
362618
362621
231549
362623
231552
100482
362628
231558
362633
362636
362639
362644
231576
362653
231582
362659
231594
362667
362669
362673
362674
362679
231610
231614
362692
362694
231622
100551
362697
231626
100555
362702
362705
231633
231637
362709
100565
362710
231640
362715
231644
362717
231647
362719
231650
231653
362726
231660
362733
362737
231665
231667
362740
100597
231670
231676
362749
231678
362751
362753
100611
362762
362766
231695
231700
231703
362779
362780
231708
100642
231719
362792
362794
362795
231724
362798
231728
231732
362805
231735
362808
362812
231743
362815
362818
231747
231749
362823
231752
362827
231755
231758
362835
231766
362839
231768
231771
362845
100702
231775
362848
362851
231780
362853
100710
231786
362858
362862
231791
231794
231796
362868
362871
362876
231806
362880
362885
231817
362892
231824
362897
362900
231840
362914
362917
231851
362923
362926
231854
362929
231857
100787
231860
231863
362937
362942
231872
362946
231875
231879
362953
231882
362954
100812
362958
231886
362961
231890
362963
362966
362969
231899
231903
362975
231905
231911
362984
362985
362988
231917
362991
362993
231921
100849
231925
362999
363001
231929
363004
363007
363008
100865
231937
363011
231942
363014
363022
231950
363027
231958
231965
363037
231968
363040
231970
363043
363044
231972
231975
363047
363050
231979
363052
363054
231984
363061
363065
231996
100924
231999
363073
232002
363077
363078
232008
232011
363086
232015
363092
363094
363095
363097
363100
232028
232033
363105
363107
363109
232037
100967
232040
100970
363116
232044
363117
232048
363121
232052
232057
363130
232062
363134
232066
363139
363141
232071
363148
232077
363154
363156
363162
232090
363169
232102
232104
363177
363183
363187
232115
363189
232118
232121
232123
232126
363200
232129
232137
232141
363218
232151
363225
232155
363229
232158
363230
363232
363234
232162
101092
363239
232169
363241
232171
363244
363249
101106
363252
232186
101114
363261
232189
363264
363266
232195
232200
363273
363276
232209
232212
363288
232217
363291
232220
232222
363294
232226
363301
232229
232232
363304
363309
232237
363311
363313
101174
232248
363322
101180
101183
363329
232259
363332
363335
232265
363340
232269
363341
232272
363346
363348
232277
101205
363354
232283
363358
232286
232291
101219
363364
363366
363370
363372
232300
363377
232307
363380
363383
363386
232315
232317
363391
232320
363395
232324
363398
232328
232332
363405
101266
363410
232340
101269
363414
232345
363417
232347
232350
232353
363427
101285
232359
232365
101296
232371
363443
232372
232373
363448
232383
363455
363457
232386
363466
363469
363471
363474
232402
363476
363478
232409
232413
232415
363492
232427
363501
363504
363505
363507
232435
232437
232443
232447
232451
101381
363525
232457
363533
232464
363542
363545
232475
363548
363551
101410
363555
101419
232493
363567
232498
363572
363573
363576
363577
232508
232512
232514
363589
232517
232521
363598
101455
363600
363602
363606
232536
101465
232540
363621
363623
363626
232554
101486
363630
232559
363635
363638
363640
232568
363642
232572
363645
363647
363650
363651
363652
232581
232584
101517
232591
363665
232595
363667
363669
232599
232603
232607
363680
363681
232611
363686
363689
363692
363695
232625
363700
232631
232634
363712
363714
232643
363717
101574
363724
232656
363730
101586
363732
232660
232665
363738
363740
363743
363744
232672
232677
363749
232681
363757
232685
363758
232692
363764
363766
363768
232697
363770
363771
232700
363774
232702
363778
101636
363780
232710
363786
232715
232719
101652
363798
232730
363806
363808
232736
101666
232741
232743
363816
232746
363819
363823
232753
363826
363828
232757
363830
232763
363835
363838
363846
232776
363851
232780
232784
363858
232787
363862
363865
363869
363872
363879
232811
363886
363888
363892
363895
232823
232829
363903
363908
232837
363909
363913
363916
232847
363919
363922
232852
363927
363934
232865
363937
232870
363944
363946
232877
232882
363955
101812
363957
232889
363964
363966
232895
363968
363970
363971
232899
363974
232902
101831
232904
363978
232910
101838
363987
101846
363991
232921
363996
232924
364001
232931
364005
232934
364006
232938
364013
364015
364017
364021
232950
232953
364026
232956
364029
364030
232959
364033
364036
232968
364044
232979
364052
232983
364060
232990
364065
232993
232996
364070
233004
233009
364083
101945
233017
364091
233021
233028
233036
364111
364115
233048
101978
364123
364124
233056
233060
364132
364134
233064
364137
233068
364141
233072
364148
233079
364154
233084
233086
364158
364159
364163
233097
364172
233100
233105
233111
364183
233115
233120
364197
233129
364202
233132
233136
364210
364212
233142
364220
364224
233152
364227
233155
233156
364229
233164
102094
233167
233170
364245
233174
364250
233178
364255
364258
364267
233198
102126
233201
233204
233207
233211
102140
233214
364296
233230
364308
102165
364311
233241
364314
233243
233246
233249
233253
364325
364328
102192
364341
233273
364347
102206
233281
364353
364356
233292
364364
364365
233295
233301
233305
364379
233308
364382
233311
102239
364386
233315
364389
364390
233319
364393
233322
364397
364399
364403
233334
364412
364414
233343
364417
364421
233354
233355
233358
364432
233362
364434
233368
364443
233375
233383
364457
364460
364463
233391
233393
233396
364468
102324
364470
233400
364479
233408
364482
364483
364488
233418
364491
364494
233422
102352
364497
364501
233431
364506
233438
364512
233441
233447
233450
233454
233458
233461
364535
233464
364537
233466
364539
233469
364546
233475
364550
233478
364553
364556
233485
364562
233492
364566
364570
364572
233502
364576
233505
233508
364581
364582
233511
233514
364589
233520
364594
233523
102452
233527
364600
364602
364603
233533
364605
364610
233541
102471
233545
233547
364621
233550
233556
364628
233559
364634
233562
364636
364639
233567
364643
233571
364644
364646
233574
364648
233577
364652
364655
364659
233591
364665
233595
364667
364670
233599
364672
233602
364677
233606
364681
233610
364683
233613
233617
364689
364691
233621
233625
364698
102555
364703
102561
364707
364710
364718
102575
364725
102582
233657
364730
233660
364733
364734
364737
233669
364742
364745
364746
233679
364754
233687
364761
102619
233694
364771
233701
364777
233705
364780
364781
233715
364789
233719
364793
233723
233728
102658
102660
364807
364809
233738
364812
233740
233742
102670
233746
364819
233750
364822
233752
233756
364828
364829
233759
364831
364835
233763
233767
364841
233770
364844
364846
233775
364848
233784
364857
364863
233791
364865
233795
364868
364870
233804
364879
233808
364883
364885
102741
233819
364893
233822
364898
233828
102759
364904
364907
233835
364911
233840
364913
364916
233844
364918
364920
233848
233852
364929
233860
364932
364938
233868
233870
364943
364947
364951
233881
364955
233889
233893
364966
364967
364972
364974
364976
364979
233910
364983
364990
233921
233923
233927
365000
365002
233933
233935
365013
102870
365017
365018
233947
233951
365027
233956
365030
233962
365034
233963
233966
365039
365041
233969
365042
233972
365045
233975
365048
365049
102907
102910
233984
365057
233987
102918
233991
365065
233994
365069
365072
365073
365074
234005
365077
365080
234009
365087
365089
102945
365091
234022
365097
365100
102960
365105
102961
365108
234036
234039
365112
234046
234050
365123
234053
365128
365133
234061
234064
365136
365138
365139
234067
365140
102996
234070
365143
234073
365148
365150
365153
234084
365158
234087
234091
365164
234094
234097
103027
365172
103029
365179
234108
234111
365184
103043
234115
103044
234117
365190
103047
234120
365195
234124
365201
365202
234130
234133
365206
234139
365212
365218
365221
365224
234153
365226
234157
365229
365241
234169
234173
234178
365251
234180
365253
234186
103115
234190
365264
365267
365275
234204
234208
234214
365287
365289
365292
234223
365296
234226
365302
234232
365307
234243
234246
365318
365326
365327
365331
234261
234265
365339
234269
234271
365345
234274
234276
365349
234278
103206
234283
365356
365358
103214
365361
234290
365362
365363
234294
365368
234298
234300
365375
234304
234306
365378
234309
234312
103240
365386
103242
234315
365388
234318
365391
234321
234324
365397
365401
234331
234334
234341
365414
365416
234344
103275
234347
234350
365427
234360
103288
365434
234363
365437
234367
365440
234369
365443
365445
365446
365448
365451
234379
234381
365454
234384
365456
103318
234390
365463
365465
365468
234405
234407
365483
365485
234414
365487
234418
365492
365493
103349
234422
103353
365499
365502
365504
365509
234438
365513
234442
365515
365517
103373
365518
234447
365519
234449
365522
234459
365533
234463
103392
365538
365543
234476
365549
234478
234481
365554
234484
365557
365560
234488
234492
365564
234496
365570
234499
365574
234503
365579
234508
365582
234513
365585
234519
365592
234525
365597
365600
234528
234531
365603
103464
365609
234538
365613
234541
365618
234547
365621
234555
365629
234558
103490
234568
365642
103500
365646
365647
103504
234580
365652
234582
365657
234587
234597
365669
365671
365673
234604
365680
365682
234612
365684
365687
234615
103544
365692
365694
365695
234624
234628
365701
234633
234636
365715
365717
234646
365720
234649
365726
234655
365729
103585
234659
234662
365735
365739
365746
234677
365751
234681
234684
365757
234687
365760
365763
234696
365769
365772
234700
365775
234703
365780
365782
234711
365785
234714
365789
365793
234721
234728
365801
234732
365806
365809
234739
365813
103671
365817
365819
234748
234750
234753
234759
234761
365833
234764
365836
234767
365840
234769
234774
365849
234778
234781
103713
234787
234791
365863
234792
365867
234798
234807
365880
365882
103738
365885
234817
365890
234821
234824
234826
365900
365905
365906
234835
365909
234839
103768
365917
234846
365920
365924
234853
365926
365929
234861
365937
365942
234870
365945
365946
365948
365950
234879
365954
234882
365957
234887
365960
103818
234891
234894
365967
234897
365970
365973
234903
365979
234907
234917
365992
234921
234928
366001
234931
366003
103861
103862
234935
366010
234939
366012
366014
366017
234946
366020
234948
103877
234954
234957
366032
366037
366039
234967
366045
366046
366047
234978
103906
366052
234983
366060
103917
234993
366066
366071
235003
235006
366085
103941
235015
366087
366094
235022
366097
235026
366099
366101
366104
235033
235037
366110
366117
366119
366121
235051
366124
366129
235058
103989
235062
366139
366143
366146
366149
366151
235080
366154
235084
366158
366161
235095
104025
366176
235106
366179
235109
235112
235115
235117
366191
366195
366197
366199
235133
235136
366208
235139
104079
366223
366224
366226
235155
235160
235162
104093
366238
235167
366240
235172
366245
366246
366248
235177
366251
235188
104116
235191
235198
366271
235202
366277
235207
235211
366283
366287
366288
366292
235222
235225
366302
235230
104158
366304
235235
366307
366310
235241
366319
235249
366323
235252
235255
366332
235260
366336
235266
366341
235270
366344
235273
235277
366354
366355
235283
366360
366363
366366
366372
235301
366374
235303
235305
235307
235312
235315
235318
235322
366396
235334
366408
366413
235345
366418
235349
366421
235355
366430
235359
366433
366435
235367
366439
366443
235373
235376
235379
366451
366452
235386
104315
366459
235389
366463
366465
235393
366467
235397
366472
235403
235406
235408
366481
235413
235417
235420
235422
366494
366497
104356
366501
366502
235430
366505
235433
366506
235439
366511
235443
366519
235448
366522
235454
366528
235460
366534
366538
235466
366542
235470
104399
235473
104401
235477
366550
235480
366555
366557
235486
366560
235490
235494
104422
104423
366567
235502
366574
235505
235508
366581
366584
235512
366588
235516
235517
366595
235524
366602
104459
366605
235536
366608
235538
235541
366613
235545
235547
366620
366623
235553
235558
235560
104492
366638
235567
235572
366645
235576
366651
366660
235588
366662
366663
235592
235595
235599
235603
366676
235605
235608
366680
366682
366686
235615
366690
235619
366692
235625
366701
235629
366705
366706
366709
366712
366717
235647
104579
366723
235653
366728
235659
235666
366741
235670
366746
366749
235678
366751
366754
104611
366756
366758
235688
235690
366766
235694
104625
366770
235699
366774
235704
366778
366781
366782
366787
366792
235723
366797
366798
366801
104664
235736
235740
366814
366819
235750
235754
235755
235760
235762
366835
235769
104701
235773
235775
104703
366847
366851
235779
366853
235782
366854
235787
235788
366860
366863
235792
235796
235800
366874
235803
366877
235806
366879
104742
366889
366890
366894
235825
366898
235829
366902
235839
235844
235847
366920
366923
235851
366926
366929
366933
235865
366937
104794
366941
235872
366944
235874
366947
235877
366950
366953
366960
235890
366965
235895
235899
235902
366975
235905
366979
235912
235917
235920
366993
366998
367001
367008
104868
235943
235945
367021
367024
235952
367034
367038
235974
235978
367050
235984
235987
367059
367060
367061
367064
104921
235994
235998
367070
367072
367075
236004
367079
236008
367081
236012
367084
236016
367089
367091
236022
367094
236025
367098
367099
236030
236033
367106
236038
367111
104969
236042
367116
236045
236049
236051
367123
367124
367127
236056
367130
236059
236062
367135
104993
367138
367139
367142
367146
236074
236089
236092
367164
367168
236096
367169
367172
236100
236103
367175
105031
236105
367180
236108
367181
105037
236111
367186
367187
236117
367192
236121
367195
105055
105058
367202
367205
236135
367208
367209
236139
236146
367221
367227
105083
236157
236159
236163
367238
367239
367246
105102
236176
105106
236178
367251
367254
367260
236189
367265
367267
236196
367270
236199
236201
367277
367278
367279
236213
236217
236220
105150
367303
236234
236238
367311
236246
367322
367325
236254
105185
367331
236261
367334
367338
236266
236270
105200
236273
367353
105210
236283
367356
236287
367362
236291
367366
367367
236300
367373
236303
367377
236307
367382
236311
367391
236322
236331
367404
367405
367406
236335
367413
367417
105273
236347
236350
236353
367425
105282
367427
236356
236358
367436
367441
105298
367444
236374
236380
236383
367455
367458
236388
236392
367465
236400
367474
236403
367476
367479
367481
236409
367483
367484
236414
236421
367495
367500
236429
236431
236434
236438
367511
236442
367519
236450
367522
367523
367526
236456
236459
367534
236465
236468
367541
236474
367547
367552
105408
236480
367554
367556
105412
236484
367557
236488
236495
367567
236498
367572
236501
367574
236506
367583
367585
236514
236516
367589
367595
367599
236528
367603
236538
236543
367620
367622
236551
367624
105485
236558
367632
236562
367635
105492
236568
367640
236571
367655
236583
105515
236587
367666
236596
367675
236607
236610
367683
367686
236616
236618
367690
236620
367693
236626
367699
367701
367704
367706
105565
236643
236646
367721
236650
367727
236656
236660
367732
367734
236664
236668
367743
236673
236677
105609
105610
367754
236684
105616
367761
236691
236696
367769
105627
367771
236701
236702
367776
367781
236715
367787
367788
105645
367791
236720
367794
236722
236724
367797
367807
367814
236743
367816
367820
236748
236751
236754
105683
236757
105686
367833
236763
367838
236767
236770
367843
367845
236773
236777
367849
367852
236784
236788
236793
367867
236797
367870
236800
236804
367877
367879
236808
367884
236813
367887
236817
105747
236821
367897
236825
236828
367900
236831
367905
367907
236836
367911
367915
367919
367921
236853
236856
367928
236859
367936
236865
367945
236876
367949
105807
236881
367953
367958
367966
236895
367972
367976
367985
236913
236916
367992
367994
236925
367998
367999
368002
236932
368006
236938
368011
368014
105873
368018
236949
368023
368026
368029
368032
236960
368033
236963
236966
368044
236972
236975
368047
368048
368051
236979
368053
236982
368055
236986
368058
105916
368060
236990
368063
368065
236997
368074
368084
237013
237015
237018
368091
368097
237025
368099
368102
237032
368105
368108
237040
368115
105973
368118
237049
237053
368125
237057
237059
368135
237063
368137
368141
368143
368147
237078
368153
106011
237091
368163
368167
237099
368173
368174
368175
237103
237110
368183
368194
368196
106054
368199
237127
237131
237134
237137
106067
237142
106070
368217
106077
237149
368222
237152
368228
368229
368230
237160
237165
368239
237172
237177
368258
237186
368259
368262
368265
237194
368269
237202
368275
368278
237208
368281
237215
237219
368295
368296
237229
368301
237232
237236
368314
237246
368319
237250
368323
106179
237254
106183
368329
237260
368332
237263
368336
237266
368340
237270
368343
368350
237281
106210
106211
237288
368361
237290
368363
237293
368365
237295
368374
237302
368376
237305
368379
368382
237310
368384
237316
368392
237320
368396
237328
368402
237331
106260
368409
368411
237341
106269
368417
237348
237353
368425
368427
368428
368432
237361
368435
237364
237376
368448
368449
368451
237380
237382
368454
106310
106313
368460
368463
237395
237402
106332
368477
237405
106333
368480
237410
368482
368484
237415
368487
368490
237421
368494
237424
368498
237427
237430
237434
368506
106363
237437
368510
368511
368513
368515
237445
368518
368520
237448
237452
368524
368527
106384
237456
237460
368534
106392
237467
368540
106402
237474
368548
237477
237481
368553
368559
237487
237492
237496
237499
368572
368574
237504
237508
106438
237511
368584
237513
368590
237519
368594
237525
106453
237528
368604
106461
368607
237537
237544
237546
368618
368624
368625
368626
237558
237561
237565
237569
368643
237572
368646
237575
368649
237581
237585
368661
237591
368664
237600
368674
368676
237606
368679
237609
368682
237614
368689
368695
237624
237631
368703
368709
237637
237639
237641
237644
368720
368721
237651
368724
106582
106583
106587
368731
368732
368733
237662
368736
237666
106595
106596
106598
106600
368745
237676
368750
106607
368761
237690
237694
368768
106628
237701
237704
237708
368781
237711
368787
237723
106655
368801
368805
237733
368808
237736
368811
368814
106684
237757
237763
368839
237772
368845
237776
237779
368853
237783
368855
237785
368857
237788
368861
368865
368868
237797
106727
368871
237801
368874
237805
368878
237808
368881
237810
368883
237814
368888
237818
237822
368894
237826
368899
237830
368902
368903
237834
368909
237838
237840
368914
237845
368922
368924
237854
368926
368931
237863
368936
368938
237867
237873
368945
368948
368949
237879
368953
368962
237892
368966
237896
106824
368969
237900
106836
368980
368981
237911
237915
368988
237918
368992
106848
368993
237928
369000
237931
237935
237939
237943
237946
369020
237951
237954
369026
369029
237958
369030
237963
369037
237966
237970
237972
369044
237974
369048
237977
237981
237985
369063
369065
237997
369069
106925
369072
238000
369075
238004
369078
238008
369081
369087
369089
238019
238022
369098
369101
238029
238031
369103
238033
369105
238035
369110
238039
369113
238044
369116
238047
369120
369122
238051
369124
369126
238056
369132
106988
369137
369140
369143
238072
238076
238080
369153
238086
238090
369166
369168
107027
369176
238113
369185
238117
238120
238122
369196
369198
238128
369202
369207
369209
369212
369213
369216
238144
238148
369223
238152
369225
107081
369227
369229
238157
238161
238166
238169
107101
369245
238177
369249
369251
238182
369256
238186
369258
369262
238190
238194
238200
238203
238209
369282
369283
238213
107145
238218
369291
369292
238222
369295
238223
238227
369302
238231
107161
369310
369314
238243
369316
238246
238247
369320
238251
369324
238253
238260
238264
369339
238268
238269
107198
369343
238272
238274
107203
369349
369353
369355
238284
238288
369362
238291
369365
238295
369369
369372
238300
107229
369375
369376
238304
369378
238308
369381
369382
369385
238315
369389
107249
369393
238322
369397
238327
369401
238330
369402
238332
107262
238334
369408
107265
369411
369414
369417
238346
369418
369420
369424
238354
238358
369432
369433
369436
238368
238376
238379
369451
369453
238382
369456
238389
369467
238396
369471
238401
369476
369479
238407
107336
369481
238412
369486
238418
369491
369493
369495
369501
238430
369502
238433
238435
238437
238439
369518
238447
369520
369522
238452
369526
369527
238455
369529
238460
369535
238464
369536
369538
238466
238470
369543
369545
238478
369552
238481
369554
369557
369562
238491
369564
369567
238498
369570
238501
369574
369578
238508
238510
107439
238514
369589
238521
369595
369598
238527
238529
369601
369604
369605
238533
369611
369614
238543
369617
238546
369622
369626
369629
107486
238561
238564
238567
238575
369648
238577
369650
107509
238581
369655
238586
369660
238590
369663
369665
238596
369668
238600
238603
369678
238607
369679
369680
238613
238616
369689
369692
369694
238623
369697
238626
369699
238629
238633
238636
369712
107569
369713
369717
238645
238647
369721
238651
369723
369724
238655
369728
238657
369731
238661
369735
238667
369743
238672
107603
238676
369752
238682
369755
238686
369759
238694
369767
238696
238702
369775
369778
238706
369780
238710
369782
369785
238713
238714
369791
238727
369802
238731
369804
238734
238736
238740
369812
369813
238744
238745
369818
369820
369821
238751
369824
238753
369828
238757
238759
369833
238762
107692
238766
238770
238772
369844
238774
369847
238776
369849
369851
369853
238781
238788
238796
369870
238799
238803
238807
369880
369881
238810
369888
369889
238821
369894
238822
369901
369902
369906
369907
238839
369911
369914
238843
238847
369921
369926
238859
369934
369936
238864
369941
369944
238874
238878
369960
107818
238891
369964
238897
369973
369975
369979
238909
369981
369984
238914
238918
238921
369996
238926
238928
370006
238938
370011
238941
370016
238945
238953
370029
238957
370031
238960
370033
238963
370036
370039
370043
370049
370054
238987
107917
238992
238993
107929
370075
370077
239006
239008
239011
370084
239012
370087
370090
370093
239026
370100
239029
370103
370110
370118
239046
370120
239050
370123
239053
239058
239061
370134
370136
370139
239070
239073
370149
239077
370151
239086
239088
370160
370162
239096
239100
370174
239104
370178
239114
370188
239118
370194
108053
370198
239128
239132
370205
370208
239136
239139
370212
370216
239145
370220
370221
370224
239156
370231
239160
370237
239166
239170
370242
370245
370248
239178
370253
239182
370255
239186
370260
239190
370263
239196
239201
370273
370280
239210
239211
239220
370292
239223
239226
370299
370301
239230
370304
370311
239241
370314
239244
370319
370321
239249
239252
370325
239254
239256
108185
370329
370330
239261
370336
370339
239273
239276
239279
239283
370357
239287
370360
370361
370365
370372
239302
370374
239305
239308
370382
239312
239314
370386
239317
239320
239322
370398
239328
370400
108257
370402
239332
370404
239334
108263
239338
370410
370418
370420
370426
370427
239357
370430
370432
370435
370436
239365
370438
108294
239368
239371
370444
108300
239374
108306
239378
239380
370453
239382
370457
239386
239389
370462
239391
239393
370466
370470
370472
239401
370474
239405
370478
239407
370480
239413
370485
370490
370495
239423
239425
370498
239434
370508
239437
239441
370516
370518
239448
370526
239454
239457
370533
239466
239469
370542
239471
370543
370544
370547
239476
108405
370551
239482
370554
239484
370558
239487
239490
370563
239494
239501
370576
370579
239513
370587
370588
239517
370593
370598
239528
370601
239535
370609
239538
239541
239543
370615
370620
239548
108483
239559
370634
239563
370637
239567
370642
370646
370650
239580
239582
370655
370657
239585
108513
370658
239588
370661
370664
239592
370668
108525
370677
370679
239608
239612
239615
370688
370689
239618
370691
239621
370697
239626
370699
370703
239632
370705
239638
370713
239641
370716
239645
370719
239648
370723
370726
239654
239657
370732
239661
239664
370737
370739
239667
370740
370742
239671
239675
370751
239685
370757
370760
239689
370763
239696
239699
370775
239706
239709
370781
370783
239712
370787
239716
370789
239723
370795
239726
370800
239731
370804
370806
239735
239736
370809
370813
370814
108671
239744
370816
370819
239747
370823
239751
239754
239757
370831
239763
370836
239767
370842
239771
108700
370845
239775
108704
239782
370856
370857
370861
370867
239796
239799
239806
370879
239811
370886
239815
239819
370891
370893
370896
370897
239827
370899
370902
239833
239835
370908
108766
239842
239845
370918
370923
239853
108783
239857
239859
239867
239871
370943
370945
239877
370950
239879
370954
370958
370962
239891
239894
239895
370967
370969
108827
239899
370973
239901
370977
108834
239907
370985
108845
370991
239922
239925
371002
239933
371005
239936
108864
108867
239940
371013
239945
239951
371026
239955
371038
371041
108897
239973
371045
371047
239977
371056
239988
371063
239991
371067
239998
371073
240002
240005
371078
371081
108938
240014
371089
371091
240020
371094
240024
240026
240028
240032
240035
108965
240042
371120
240049
371124
240053
371127
371129
371134
240064
371136
371139
371146
371150
240081
240086
371159
240090
371164
240099
371173
109029
240103
109032
240108
371182
109039
371187
240115
371189
240119
240122
371195
371197
240128
371202
371203
240131
371205
371207
240135
371214
240143
240145
240146
240150
371225
240154
371228
109086
240160
371234
240164
371237
240168
240172
371245
240175
240179
371254
240183
371259
240187
109117
240190
240197
371271
240200
371274
240202
371277
240206
371280
240210
371285
240215
371290
371292
109152
240234
371308
240237
240238
240242
371315
240244
109179
371325
371327
371330
240259
240262
240268
371341
240274
371348
240277
109207
240281
371353
240287
240292
240295
371368
240299
240302
371377
371378
240308
240314
240315
371393
240323
371396
371397
240326
371400
109268
371413
240342
371416
240344
240353
240355
371429
240359
371433
240363
371438
240370
371445
240373
371450
240378
371452
240384
240388
371461
240391
371466
240395
240398
109327
371473
240402
240408
240411
371483
371487
240415
371490
240418
240422
371495
109353
371498
240429
109358
371505
109365
371510
371512
371515
240444
371517
371519
109375
371521
109377
371525
371530
240459
371534
371537
371541
371542
240471
371548
371549
240478
371553
371555
371557
371558
371559
371561
371563
240494
371567
240497
371571
240500
240502
371579
240515
371590
371592
240525
371597
371601
240530
371607
371610
371613
240543
371617
240547
371622
240551
109486
371632
240560
240562
240564
371639
240568
371645
240573
240576
371654
240583
240584
109515
240587
371660
371662
371663
240594
371668
240597
371670
371674
371676
240605
240610
371683
109542
371687
240621
371697
240626
371700
240631
240634
371710
240638
240641
240644
240646
240650
240652
240654
371727
240658
371732
240661
240663
371737
240666
240670
109599
240673
371745
371746
371749
240679
240682
240685
109617
371761
240693
371765
240696
371769
371773
240705
109634
371778
371781
240716
371790
371793
240723
371797
371798
371803
240732
371806
240736
371811
371818
240746
371822
109679
240753
371827
371832
240762
240765
371838
240768
371843
240779
240782
240786
371859
240791
240792
371871
240805
371878
109735
240808
240813
371886
240817
240819
371892
240823
371895
371898
240827
371901
240830
371905
240834
371908
240837
371911
371916
240848
371923
109782
240854
240858
240862
371934
371938
371939
240869
371942
240872
240875
371950
371951
371953
371954
240882
240886
371958
109814
371959
240888
371961
371963
240891
371965
240894
240897
371971
371975
109834
109837
240909
371982
371983
240913
109841
240917
371991
240919
371998
371999
372001
109859
240933
109861
372007
109869
372016
109873
240946
372018
240952
240955
372028
240960
372033
372035
240968
372041
240972
372045
372048
372050
240978
372055
240985
372064
372066
241001
372074
241004
372079
241007
241011
241013
109944
372088
241019
241022
241025
372098
241029
241031
241034
241038
372112
109970
241042
372116
241045
372119
241048
372121
241053
241055
241061
372135
372138
241067
372141
241072
372147
372148
241079
372153
241082
241085
241088
372163
241092
372164
241095
110023
372169
372170
372171
241100
110028
241101
372174
241104
372179
241107
110037
241114
372188
372189
241120
372194
241127
372200
372202
241134
372207
241135
372210
241139
241142
372214
372215
241146
372219
110085
110087
372234
241164
372239
241172
372248
241181
241185
372257
372265
372268
241198
372271
372275
241206
372278
372282
241213
372285
372286
241216
241218
241220
372294
372297
241227
110160
372304
372306
241235
372309
241239
372311
372314
241243
241246
372319
372321
372323
241252
372327
241257
372330
372332
110188
372333
241267
372339
372342
241271
372347
241275
372350
372352
241285
241287
372362
241290
241292
241296
372370
241299
372373
241303
372377
241307
372383
241311
372385
372390
241320
372393
372405
241336
110272
372417
241346
372422
241352
110280
372426
372428
241358
372432
241361
372433
372437
241367
110296
110297
372441
241370
241372
372446
241375
110304
372448
372449
110306
241379
241384
372456
372457
372459
241392
372469
372470
372471
372472
372473
241402
372477
241409
372481
241411
372484
241415
372488
372492
241421
372495
241426
372500
241430
241433
372506
372507
372509
372512
241441
110371
372520
372524
241453
372526
241457
372531
241460
110389
241467
241473
372546
372549
372555
241489
241492
372566
241495
241498
241501
372575
241505
372579
241508
372581
241510
372584
241512
241514
372587
241517
372591
241520
372594
241527
241531
372607
372610
372613
372616
372618
241547
372623
372626
110484
241556
372632
241561
372635
372639
372642
372645
372647
241580
372653
241584
372657
372659
372661
241591
372665
241596
110526
241599
372674
372675
241603
241605
241610
372682
241614
241617
372690
372692
241623
241625
372697
241627
241629
241632
372707
241637
372711
372714
241643
372717
372722
241656
372728
372730
110587
241662
372734
372735
372739
372741
372742
241671
241675
372748
241679
241680
372756
241684
241691
372767
241699
241704
372776
372778
241708
241711
372786
241715
372788
241717
372790
372792
241721
372794
372801
241729
372803
241733
372809
372812
241741
241749
372825
241754
372829
241760
372832
241764
372838
241771
372844
372846
241778
372851
241781
241784
372865
372867
241797
372872
241801
372874
110731
241805
372883
110740
241812
372889
241818
372892
241820
241822
372896
241827
372899
372900
241830
372902
372908
372911
241839
241842
372914
372915
372917
241848
241851
372923
241854
372926
372928
241862
372938
241866
241872
372945
241876
372948
241879
372952
241882
372960
241890
372964
241892
372966
241894
372967
372970
241899
241902
241905
372982
241911
241914
372988
372993
241925
241927
241929
373004
241941
373014
110871
373018
110881
241956
241959
373033
241962
110892
241968
241970
373042
373045
241973
241975
373049
241977
241980
241984
373061
241992
373068
241998
373076
242005
373079
373081
373082
242011
242013
373087
373088
242017
242020
373093
242024
242025
373098
242026
242030
373103
242034
373107
373109
373121
242050
242054
242056
373130
242059
373131
242066
373138
373141
110997
373147
373150
111008
242081
373153
242085
242087
373159
242088
373162
242092
373165
242095
373168
242102
242106
373180
242118
373194
242122
373198
242127
373201
242130
373204
242133
111061
111063
373209
242140
373212
373217
242146
373222
242150
373225
373228
373231
373232
373236
242166
242170
373247
242175
373250
242178
373254
242182
111113
242185
242188
111120
242194
373270
242202
242205
373282
242215
373288
242219
373292
373295
373297
373301
242230
242234
242236
373308
242241
111171
373318
242248
373321
242251
373324
242253
373328
242256
373337
373341
373342
373344
242274
373348
373351
373354
373360
242288
242291
242294
373366
242298
373373
242301
373375
242315
373388
242317
242321
242324
373396
242326
242328
373401
111258
373403
373405
242334
242336
242340
111271
242346
373421
373423
373424
373427
242356
373431
242360
373433
373435
242364
373437
242366
242369
373443
373447
373450
373453
242384
242389
373463
242395
373470
242398
242401
373473
242405
242409
373486
242415
373488
373489
373493
373497
242426
242428
242430
111359
242432
373508
242436
373510
242439
373512
242443
242446
373520
242449
373524
242453
373529
373537
242465
242467
242469
373546
242477
373550
373554
111410
373555
242484
373559
242489
111418
373562
242492
242496
373568
242501
373573
373574
373576
242507
373579
242512
242514
373597
373599
111455
242530
373603
242534
373608
373610
373613
373615
242548
373621
373624
373626
242554
111484
242558
242561
373634
373635
242565
242568
242574
373646
373649
242578
242584
111515
373659
111517
242592
242594
373666
242598
373671
242602
242605
373677
373678
242609
242613
373685
373687
242618
373690
373691
373694
242623
242626
373699
242629
373704
242633
373706
242637
242639
242645
373719
242648
373723
242653
373726
373730
242662
111590
242664
373742
242670
242672
373745
373747
242678
373754
242685
373757
373760
111616
242689
373766
242697
373770
373771
242702
373777
242705
242708
111638
373785
373788
242716
373790
373793
242721
111649
373795
242723
373797
242726
242729
373808
242736
242743
242747
373819
242750
373825
373827
242755
242759
373831
373832
373835
242763
373837
242767
373843
242772
373846
242775
111704
373849
111707
373852
242784
242787
373859
242791
373863
373865
242794
373867
373868
373870
373873
242802
373876
373881
242810
373883
373886
242814
373887
242818
373893
242824
373898
373899
242827
242828
373901
242829
373904
373905
373908
111766
242838
373913
242842
242848
242852
242855
373928
242861
242865
242868
373943
242871
242873
373946
373947
242877
242880
373954
373956
242884
373959
373960
111820
242895
373970
242902
111833
242907
373983
242911
373986
242915
373990
242922
373994
373995
373996
373999
242931
242934
242937
242940
374012
242943
242950
374023
242955
374030
242962
111893
374037
242967
374040
111900
242973
374046
242976
374049
242980
374055
242984
111912
242990
374062
374063
374066
242995
374070
374073
243002
243004
374076
243008
374085
243015
243018
243023
374096
374098
374104
374107
243037
243041
374116
243046
374119
374122
243050
374125
111983
243055
374127
374130
243059
243062
374135
374136
243066
111996
243069
243073
374146
374147
243077
243080
374152
374154
243083
374157
243088
374166
374169
112026
243107
374182
243114
243116
374191
374194
243123
243131
374205
243134
374208
374211
374213
112072
374216
374217
374220
374228
243157
374231
112089
243163
243166
374238
374242
243171
374245
243174
374249
374252
243181
374257
243191
374266
243196
243199
374272
374277
243206
374282
243210
243218
374290
112150
243224
374297
243227
112159
243231
374304
374308
374310
112177
374323
243253
243256
243262
374334
243270
112198
112204
374348
243276
374349
243279
243285
374361
243290
374364
243293
243295
374369
243299
374372
374375
243305
243308
112238
243312
374386
243318
374392
243320
374394
243324
374398
243327
374400
112258
243334
374409
243337
243339
374413
243343
374417
243347
243351
374424
112281
374426
243354
374428
374431
243360
374433
243363
374436
374441
243371
374446
243375
374448
243377
243383
112313
243386
374459
243390
374463
374464
374470
243399
374474
243403
374475
374476
243407
374481
374483
374488
243418
243421
374495
243425
243430
374502
112359
374504
374507
243437
374510
243441
374513
374515
243444
374521
243449
243452
243455
243458
374530
374534
243462
374536
374538
374539
374541
243473
374548
243480
374554
374559
374564
243495
374569
243501
374575
243503
374578
243507
374580
374582
243513
243517
374590
374592
243520
243523
243526
374601
243529
374603
374604
243533
243535
374607
243537
374610
243540
374613
374614
243544
243546
374619
243549
374628
112485
374630
243558
374631
374633
112490
374634
243566
112495
374640
243568
243571
374645
243575
374648
243579
374651
374654
374656
374663
243592
374667
243596
243598
243600
243603
374675
243606
243610
243614
374690
243619
374691
374694
243622
374697
243629
112558
374704
243633
112561
243636
243639
374716
243645
374719
243650
374727
243655
243658
243662
374735
374737
374739
243670
374750
243678
243686
374760
374763
243692
374767
374769
112627
243699
243703
374775
243707
374781
243714
112647
374793
243722
243726
374799
243728
374801
374803
374806
243736
374810
243739
374811
374817
243746
374819
374824
112684
374829
243757
374831
374832
112689
243761
374834
243765
112694
374839
243775
374849
243777
374850
243780
243784
374859
243788
374867
243795
374869
243798
374871
243802
243806
374878
374882
243810
243812
243816
374889
374891
243819
374892
374893
374898
243830
243836
374910
243839
374913
243842
374917
243845
243848
243852
374926
243856
374930
243862
374936
112795
374940
374943
243871
374945
243879
112807
374953
112809
374956
243885
243887
243890
243894
243896
374971
243901
243903
374978
243910
243913
243927
375001
375003
243931
375006
375007
375008
243937
243942
375015
112873
243946
375022
243951
375025
375029
243960
375032
243962
375039
112895
243971
375048
243977
375052
375054
375056
243987
375062
375066
243995
375071
244003
375076
244005
244009
375082
244013
244018
375092
112948
244022
375097
375099
244029
375101
375102
244035
375111
244039
112970
244043
375117
244045
244048
375120
244051
375125
375128
375132
244061
375141
244071
244075
375147
244079
375151
244081
244083
375156
244086
244095
375168
375173
244102
375177
244106
375180
244112
244119
375192
244122
375194
244132
375205
375208
244136
375210
244140
375213
375214
113070
244144
113073
244148
375220
244152
375226
244156
375230
244160
113090
375234
244163
375238
244166
375242
375243
244176
375248
375249
244178
375251
375257
113114
244187
375263
244191
375265
244194
375270
244201
375275
244204
375277
375282
375286
244214
244217
375290
244220
244222
113150
375294
113151
244225
244229
375302
244233
244237
244239
244243
244245
244253
375328
244257
113189
244261
375333
375338
113203
113207
375355
244284
375359
244290
244294
375367
244299
375372
244303
375376
244304
113232
244309
244311
244315
244318
375395
244326
244334
244337
244341
375416
244345
113274
244349
375423
244352
244356
375428
244357
113287
375431
113293
244366
244370
375442
244373
375445
244378
244385
244387
244390
375463
244393
375469
244397
244400
375473
375477
375480
244409
244413
375488
375489
375491
113349
244421
244424
375503
375505
244437
244446
244451
375523
113381
244454
375527
375530
375532
244461
375534
375536
375537
113395
375539
244468
375544
375546
244475
375550
375551
244481
375554
375555
244484
375556
244488
244492
375567
375568
244497
375576
244504
375579
375581
244510
375583
375585
244515
375590
375593
244521
244524
244529
375607
113465
244540
375613
375616
375619
244548
375623
375627
375628
113485
375629
375630
375631
244561
375636
375641
244570
375644
244574
244578
113508
375654
375657
113513
244587
375660
375665
113526
375673
375674
244607
375680
375683
244611
375685
244617
375689
375691
375694
244624
375697
375700
375705
113561
244635
375709
244639
244641
244643
375716
244646
375719
244649
244651
375724
244655
375729
244660
244663
375740
244670
244673
375745
375746
244677
375750
244680
113609
375755
375756
244685
113614
375759
244689
375765
375769
244698
244701
375775
244703
244706
375780
244708
375783
244712
244715
113644
244718
244721
244726
375799
375804
375809
244738
375812
244741
375814
375816
375820
375821
375825
244756
375833
244762
375836
244764
375839
244767
375841
244772
244774
375849
375852
244781
375856
244784
244786
375860
244789
244796
375876
244804
375880
244811
244812
244817
244820
244823
113757
375902
244832
375906
244838
244841
244847
244850
244855
244857
113788
375933
113790
375934
244862
244865
375939
244869
244871
375945
244874
113803
375948
244878
113810
244882
375956
244885
244889
375963
244898
244901
375980
244911
375983
244914
244917
244920
244928
376001
376006
244936
376008
113866
244939
376014
113870
244946
244950
376023
376026
376027
376029
376032
376033
244961
376035
376038
244967
376044
376045
244973
376047
376049
244979
376052
244981
376055
376062
244990
244992
244994
113923
244998
376071
245001
376074
245006
245008
376084
245014
376088
113947
376093
245022
245026
376102
245030
245033
376106
245036
376111
245040
376112
376114
113971
376116
245046
376118
376119
245049
376122
245052
376124
245054
376126
245058
376130
113988
376133
376136
113997
376142
376143
376145
245076
245082
376156
245085
376160
376167
376169
245098
376172
245101
376176
245104
245109
245112
376185
245122
245126
376199
376201
245131
245138
376212
245146
376219
245149
245152
245156
245161
376233
376235
376237
376238
245167
376242
245171
376247
376248
245178
114107
376251
245182
376254
245186
245188
376261
114118
376263
245192
376266
245196
376268
245199
376277
376279
245212
376285
245215
245217
376292
376294
245225
245228
376300
245230
376307
245236
376309
245240
376312
245242
376317
245246
376319
245248
376322
376323
376327
376330
245259
245268
245272
245275
114205
245279
376351
245280
114210
114211
245283
376356
376359
376366
245296
376368
245299
376372
376378
376381
245310
376384
245317
376390
376391
376393
245323
376396
245326
376400
376402
245336
376409
376411
245340
376413
245343
245345
376421
245351
376428
376431
245363
376436
245372
376448
245378
245381
245389
245395
376473
376477
245411
245417
245421
376494
376495
376498
376501
376503
376505
245437
376509
376514
245444
245449
245453
376526
376527
376528
245457
245459
245462
376534
376538
245466
245468
376540
376541
245473
376546
376549
245477
245479
114409
245483
376557
376561
376567
245496
376572
245500
376578
245508
245510
376584
376587
245518
245519
376591
376593
245526
245528
245531
245536
245538
376610
245539
376613
376616
376618
245548
376623
245553
245556
376628
376630
114486
245561
376634
245565
376639
245569
376643
245573
376646
376649
245577
376650
245580
376654
245583
376659
376662
245592
376664
376669
245601
245605
376682
245614
114542
376686
245616
376688
376690
114546
376697
245625
245627
245629
376702
376703
245632
245635
376707
245638
376712
376717
376718
376721
376726
376729
376732
376734
245663
376735
376736
376738
245667
245671
376744
376746
245674
376747
376748
245678
245682
376756
245685
114616
245690
376766
245696
114625
376769
376772
245702
245705
376779
376780
245708
376787
245715
245719
376792
245729
376806
376810
245744
245748
376823
245752
245757
376829
245761
114689
245764
376841
245771
376843
114699
245774
114705
245782
376855
376857
245786
245790
245792
376865
245795
245798
376875
376876
245805
245808
245810
376882
245814
245817
376889
376891
376893
245823
376895
376897
245827
245831
245833
376910
376913
114769
245846
245849
245851
376924
245855
376928
245857
114788
245860
114790
376938
245868
245872
245874
245878
376951
245880
376953
245883
114812
114818
376962
376965
376967
114823
245897
376972
245901
376978
245906
376980
376982
376983
376985
245913
376989
376992
114851
245924
376996
245928
377003
245932
377007
245938
377010
114867
245942
245945
245948
377020
245952
377028
245959
377031
377034
245966
377040
245969
377043
245973
114902
377048
245976
377052
245981
377055
245984
377057
114915
245988
245991
245999
377073
246001
114931
377075
246004
377076
246007
377082
246010
377084
246013
246016
246018
246021
246025
377097
246029
377103
246033
377106
377109
246038
246040
377112
246042
377115
377116
246046
377120
246049
246052
114980
246056
377128
377131
246060
246062
377135
246065
246069
377141
377143
246072
377145
246075
115004
377150
246079
377152
377155
377158
377161
246092
246097
377170
377172
377176
115034
377180
377183
377187
246115
246117
246121
377195
246128
377201
246132
246134
377207
246137
377209
377213
246145
377221
246151
246154
246155
246158
246161
246164
246166
377240
377242
246172
246173
246179
377253
377257
115118
377264
246193
377266
377267
377268
377270
246200
377273
115129
246202
377278
246209
115138
377286
246216
377290
377294
246227
115156
377302
246231
377305
246237
246241
377314
246243
115171
246247
246250
246253
377326
377328
246256
246258
377331
246260
246262
377337
246266
377340
246270
377346
246277
377350
246283
377355
246286
115215
377363
246295
377368
377369
377371
377372
115230
246306
377381
246310
377386
377396
377400
377402
246331
377406
246340
246342
115271
377416
246345
377418
246347
246351
377424
246354
246359
377432
246363
377439
246368
377443
377445
246375
246379
246382
377455
377456
115314
377459
377464
377465
246394
246401
377474
115330
246404
246409
246414
377487
246416
246419
246422
246424
246426
377499
246430
246434
377510
246438
246440
377517
246450
246453
377526
377529
246461
377536
246466
377539
246470
377543
246475
377547
246477
377549
115407
377551
246480
246483
377557
377560
377564
246492
246495
377573
377575
246504
377579
246508
377581
115438
377584
246512
377586
246516
246527
377600
377602
246532
377604
246536
377611
246539
377613
246543
377615
377617
246548
377625
246553
246554
246556
246558
246561
377633
377634
246563
377641
246570
377644
115501
246574
246576
377649
377651
246579
246582
377656
246586
377662
115519
377663
246593
246596
377671
246602
246604
377679
246608
377681
377684
246614
377687
377689
246618
377691
377693
246622
377694
377697
246629
377703
246632
246635
246639
377713
246642
377716
115572
377717
377722
377723
377724
246654
115585
377730
246658
377733
377734
246664
377743
246673
246676
377748
246680
246686
377759
377766
377768
377770
246698
377772
246704
246708
377782
246711
377784
115641
377786
377788
377791
246721
377796
377797
246725
246729
377801
377803
246733
246738
377812
246741
246744
377819
377821
377822
246751
246753
377826
246761
377835
246765
246767
377842
246771
377846
246775
115704
246779
246782
246785
377857
246787
246789
246791
246795
377870
246799
246804
115735
246807
377882
246811
246814
246819
377892
246823
377896
246827
377901
377903
115760
377905
115763
377913
377917
377921
246850
377924
377926
377930
246860
377933
246862
377934
246864
115794
377942
115799
246871
246874
377946
377948
246878
377950
246882
377957
246886
377960
377962
246892
377965
246898
246901
377975
246905
377981
246911
377983
377984
246915
377990
377996
377997
115854
246927
378002
378005
378006
246935
378009
246938
246939
378016
378018
378020
246950
246959
378032
246960
378037
115897
246970
246973
246977
378052
246983
378058
378059
246992
378064
378067
378070
246999
115928
115929
247002
378081
247010
378083
378087
378088
247017
378091
115951
378097
247027
247030
378105
378108
247037
247039
247045
378120
115978
247053
115987
247061
378134
378138
247067
247069
378144
378146
378149
247077
247082
378156
378159
247089
378165
378166
247098
378170
247102
378180
247108
378183
247111
247114
378187
247120
378194
378196
378197
247125
247127
116056
247130
247133
378208
247137
378211
378212
247140
247142
378215
247145
378220
247148
378221
247157
247160
378235
247163
247170
378242
378246
247175
378249
247179
247182
378256
247187
378259
378264
247197
247202
247206
247208
378281
378284
247212
247215
247218
378294
378297
247226
247228
247231
378305
247235
378308
247238
378311
247240
378315
247244
378316
378318
247248
378320
247253
247254
247257
378331
378335
247264
378336
378339
247270
247273
378347
247276
247279
378356
378358
247290
378363
247292
247296
378371
378372
116231
247307
247309
116237
247310
378383
378390
247320
378393
378395
247328
247332
378406
247337
378410
247341
247345
247347
116279
247352
378425
378426
247357
247361
247365
247367
378440
247371
378443
378452
378453
378456
378458
378461
378464
378465
247394
247398
116330
247403
247406
378480
378482
247413
378485
378487
378489
247418
378491
378492
247422
378496
247424
378497
378499
247428
247432
378505
378506
247437
378511
247441
378514
247446
378518
116374
247451
378525
247454
247456
247460
247464
378536
247468
247472
378545
247475
378549
247478
378552
378556
378558
247486
247488
247489
247493
247497
378572
378573
247501
116429
378575
378580
378582
247512
247523
378595
378597
247526
378599
378604
247534
378606
378608
247537
378613
378614
247544
378618
247547
247550
247555
247559
247564
247567
378639
378640
247571
247575
378647
247579
247582
378655
247586
378661
247589
247593
378666
247597
247604
247607
247612
378687
247616
378690
247619
378692
247622
378696
247625
378697
378699
247628
378701
116558
247635
378708
378712
378714
378715
247643
247645
378718
247651
378725
247654
378728
378729
378732
378734
247664
378739
247668
378746
247674
247678
378753
247682
378759
247689
378761
247693
247696
378772
378776
247705
247709
378783
247712
247715
247718
378794
116652
247725
247732
247734
378806
247738
378811
378815
378819
247750
116678
247759
378836
116694
247766
378839
378840
247769
247773
247782
378855
378859
378864
247796
247798
247800
247802
378876
247804
247808
378884
247812
378897
247826
378901
247830
247831
247834
378907
247838
378920
247852
247863
116793
247867
378940
378942
247872
378946
247875
378952
247881
247884
378957
247891
116819
247892
116821
247894
247897
378973
247904
378976
378979
247908
378983
378985
247920
378994
247924
378997
247927
379001
247930
379004
379007
116866
247943
247944
379017
247948
247953
247957
247960
379033
379035
247965
379038
379040
247968
379044
247975
247977
247985
379057
379060
379063
379066
116927
379078
116935
248014
248017
379090
379092
248021
248023
248026
379100
248029
248032
379105
248036
379108
379109
248038
248042
379114
379119
379121
248055
379128
248058
379130
248061
248064
379137
379138
248071
379147
248075
379150
248079
379152
248082
248085
379158
379162
248091
379164
248093
379167
248098
379171
248100
379173
379174
379178
379180
379182
379185
248114
379192
379200
248130
379202
379204
248134
379207
248137
379211
248141
379217
117081
248153
379226
379228
248157
379234
248164
117093
379238
379241
248172
248177
117107
248181
248189
248192
248196
379268
248205
248210
379284
248213
379289
248217
379292
248221
379295
248225
248228
379305
248235
379310
379311
248241
379315
248245
379320
248250
379323
248252
248256
248259
379336
248267
379342
379349
248281
379355
248284
379358
248286
248288
379361
248291
248296
248299
379372
248302
379376
248306
248309
379381
117238
379385
248313
117244
248317
379390
248321
379394
248323
248327
248330
379402
379404
248334
379409
117268
248340
379413
248343
379416
379418
248347
248350
117279
379425
248353
379426
248356
248358
379430
248362
117291
248366
248368
248370
379445
379446
248375
379447
248380
248384
379460
248390
379464
248393
248397
379470
379472
248401
379473
379474
379477
248407
248409
379484
248413
379486
248417
248419
117347
248423
379495
248427
248433
379505
379506
248436
248442
379516
379519
248449
248452
248456
379528
379529
248459
379534
379536
248465
379538
248469
248471
379544
248478
379553
248481
248484
379559
248487
379562
248491
379565
248495
379567
248501
379575
248504
248507
379580
379583
117439
379586
248514
248518
379593
248524
379596
248527
379601
117459
248533
379613
379614
379616
248547
379620
379622
248551
379626
248555
379628
248559
248562
379634
379636
248565
379640
248571
379646
248575
379648
379651
117507
248579
379656
248584
379664
248593
379666
379669
248597
379673
379685
379686
379687
379691
248620
379692
379693
248623
248628
248631
379705
248634
379708
248637
248640
379716
248644
379719
379721
379724
379728
248657
379732
248660
379735
379740
379742
248672
379745
248676
117605
248678
248680
379756
379759
248691
248699
379775
248705
379777
379779
379787
248720
379798
248728
379800
379802
248731
248733
248735
248737
379809
379812
248741
379816
379820
379825
248754
379827
248757
248761
379834
248765
248772
379847
248775
379848
248779
248783
379856
248790
379865
248794
379867
117724
248798
379872
117729
379874
379876
248806
379878
117736
248808
379881
379884
248815
379888
248819
379892
379895
248824
379898
248830
379905
248833
117761
117762
248837
379909
379912
248843
117772
248847
248852
248854
248855
248858
379930
379937
379938
379941
379944
248873
248877
379952
248881
248884
117817
248890
379963
248894
379968
248898
379972
117831
379978
248911
379985
248915
248918
379992
379993
248921
379996
248924
380000
248928
380004
248932
380009
248938
380011
248940
380014
380016
248946
248949
380025
248954
248957
248960
248962
380036
248965
248969
380044
248974
380049
248977
248979
380053
248982
380055
248985
248988
380065
248994
248997
380071
249001
380074
249008
380080
117936
380081
249010
380082
117938
380085
117942
380087
380088
249017
249020
249022
249026
380100
380102
249030
249032
249036
380109
249038
380112
380114
117970
249044
249051
117979
249054
249058
380134
117990
249064
117994
380138
249066
380139
380145
380149
380152
380156
380162
380164
249093
249097
380170
380172
380176
249105
118035
380182
249112
249114
380187
380190
249118
249122
380196
380199
249131
380203
380206
249135
380209
249138
380210
380212
380214
249144
249152
380229
249158
380233
249162
118091
380237
249166
380241
249172
380247
249176
380250
249179
249183
380255
380258
249188
380260
380263
380266
249196
380269
249198
380272
380275
249205
380277
249208
249215
380288
249219
380292
380294
380296
249227
380301
249230
249232
380304
249236
380308
380312
380314
249244
249248
249253
118182
249259
380336
249267
380339
380342
249270
249273
249276
249278
380351
249284
380356
249289
380364
249293
380368
249297
249300
118230
249304
380377
249308
380380
380385
380389
249318
249322
380395
380396
380398
249328
249330
249333
249341
249344
380417
380418
380420
380422
118279
249353
380425
249356
249357
380431
249360
380433
249364
380437
249367
249371
380445
249374
249379
249383
380458
249388
380461
249391
380465
380469
249398
380471
380472
380474
249402
249406
380482
249410
249414
380487
118343
380490
249418
380491
380498
249426
380501
380502
380504
380506
380510
249442
118371
380521
380525
380532
249460
249461
380534
249463
380536
249465
380539
380543
380545
249474
380548
249477
380551
380554
249484
249486
380561
249490
380565
380569
249498
249501
249504
380576
380578
249507
249511
380587
380588
249516
380589
249518
380596
380599
249527
118456
249531
380604
249535
380608
249537
380612
249541
249547
380619
118477
249550
380625
380627
249556
249561
380634
118492
249564
380637
380639
249568
380641
380643
249572
380645
249588
380667
249596
380669
380671
380675
249603
380677
380679
249610
380686
380688
118549
249622
380695
249629
380701
249632
118561
380705
380709
249637
380710
380712
380713
249641
380718
249648
249651
249654
380727
380733
380734
380741
249671
380743
249675
380748
380750
249679
380755
249683
249685
380760
249688
249691
380764
249693
380766
380767
249697
380770
249701
249705
380786
249716
249718
249725
380799
249728
380801
380804
249735
249738
380812
249745
249750
380823
249753
380825
380829
249758
380833
249761
249765
380839
380841
380843
380846
249776
118705
380851
249779
249782
380854
249785
380857
249789
249790
380873
249803
249804
380881
249810
249813
380886
380898
249827
118755
249829
380906
249834
380909
380916
380919
249848
380926
249855
380928
249857
380931
249861
380934
380935
249865
118794
380939
249868
380945
380949
249878
380951
249881
249884
380957
249885
380958
118815
249888
249889
380966
249894
249898
380971
380976
249904
249906
380981
249910
380985
249916
249918
249920
249924
249927
381000
249930
381003
249933
249936
381009
249941
249945
381019
249949
381022
249952
381026
249958
381032
118892
381038
249966
381042
249972
249974
249977
381051
381055
249985
381059
118916
381061
249990
249995
249998
381078
250011
381086
381087
250015
381088
118946
381094
381095
250027
250029
381103
381104
250034
381108
250037
381112
381116
250047
250058
381132
250062
250066
381140
250070
381143
250072
381148
250077
381154
381157
250086
119016
250089
381163
250092
381166
250095
250099
381173
381175
250107
381179
381181
250113
250117
381192
250121
381196
250125
381199
250129
381204
250133
381205
381206
119066
381211
250144
381217
250147
250150
381222
381229
381232
250160
119089
381235
250164
381238
250167
250170
381244
381247
250175
381249
250179
381251
250180
250184
381256
250188
250190
381263
250192
381266
250197
250208
381283
250211
250217
250220
250222
381295
381296
250226
250228
381301
250229
381302
381303
381304
381308
250237
381310
250241
381313
381315
250245
250247
250252
250257
250258
250260
250265
381339
381344
250272
250274
381352
250283
381357
250291
250295
250298
381370
250300
250302
250306
381379
381383
381384
250313
250316
381389
381391
250320
250327
119257
381402
250330
250334
381408
250338
250342
381417
250346
381425
250353
250357
381432
250361
381435
250364
381438
250366
381445
250376
381452
381461
381463
381465
381477
250405
381481
381482
250411
381485
381488
381492
119348
250421
381494
381496
381498
250427
381500
250431
381507
250435
381514
250442
381516
250445
250447
381522
250452
250456
250458
250460
250463
381538
381540
250469
381543
381545
250476
381550
119412
119413
250488
381569
250497
250501
381574
250505
381578
381580
381582
250513
250518
381592
250521
381595
119455
250531
250534
381606
381607
119464
250537
381610
250541
381616
250545
381619
250549
250551
381625
381629
381632
119489
250564
381638
250568
381641
119497
250571
381647
250577
119508
250582
250584
381657
250587
381662
250593
381668
381669
250599
381673
381677
250606
381682
381684
381687
381688
119545
250619
381695
381701
381703
250632
250645
381719
381720
250649
381721
381722
250653
381730
250661
381733
250662
250664
381736
250668
381743
381744
381749
250678
250681
381754
250685
381758
250689
381762
381764
250693
381766
381769
381770
250700
381776
119635
250707
250712
250716
381789
250719
250722
381796
381797
119654
381799
250728
250731
381803
250736
250739
250741
381815
381821
250750
250755
381831
250761
381834
250764
381838
250767
381841
250771
381845
381846
250775
381850
250778
381856
250785
381859
381861
250789
381864
381865
381869
250799
381872
381875
119733
381879
250808
381881
250812
381885
381891
250820
381893
250824
381897
250827
250831
381903
381906
119762
250835
250840
250842
250843
381916
250846
381919
381923
381924
250855
381928
119788
119791
381935
250867
381939
381940
250870
381942
381944
381946
381950
250880
381952
250883
250886
250889
381963
119819
381965
250893
381970
250899
381973
381974
250903
250907
381981
250913
381986
250914
250917
381993
119850
250923
381995
250927
250929
382002
250930
382003
250931
382004
382008
250937
250939
382013
250943
250945
250948
382022
382024
382031
250963
382036
250967
250971
382046
250975
382047
382051
250982
250986
250990
382063
250992
382067
250996
382075
251004
382077
251010
382082
382084
251013
382088
251016
382090
251019
382092
251023
382096
382106
119962
382108
251038
382110
251042
251046
251050
251053
382127
251059
251063
382136
382137
251067
382140
251070
382143
382144
120002
382149
382155
382157
251085
120013
382159
251088
382161
251095
382170
251101
382173
120030
251103
382176
382180
251112
382184
251116
382190
251120
382193
382195
251128
382200
251131
382203
251135
382212
382213
251142
251144
251146
382218
251150
251154
251161
382234
251165
251169
382241
382244
251173
251177
382249
382253
251183
382256
120114
382258
251187
120116
382260
382261
382271
382277
251207
382279
382284
251215
382290
251222
120152
251228
382300
251230
251232
120161
251234
382306
251239
120167
382312
382314
251243
382319
382321
251249
251253
382327
382328
251257
382330
251261
382333
251264
251267
251271
382343
251274
251276
251279
382353
382357
251286
382362
251291
382366
251295
382368
251299
251301
382373
251304
120233
382378
382380
251309
120237
382385
251313
251317
382391
382396
382397
251326
251328
382401
382402
251330
251333
382406
382408
382410
382414
251344
382416
251348
251352
382424
251354
251355
382430
382432
382433
251362
251364
251368
251371
382445
251374
382451
382454
251382
382456
382462
382465
251393
382469
120328
251400
382473
251403
251404
382476
382478
251408
251409
120338
382484
120341
382486
382488
251418
382491
382493
251422
382502
251431
120360
382504
120361
382506
382509
251437
251440
382513
251444
382519
251447
251451
382524
382528
251458
251462
251464
382539
251468
251471
382544
382546
251475
251478
120417
382564
251494
251496
382568
251498
251499
382571
251503
382575
382577
382579
251513
382592
251523
382595
251527
382600
251530
382602
251531
382607
382614
251543
382616
382618
251549
251552
382624
251555
251558
251559
382632
251562
120495
382641
382642
382647
251578
251582
120512
120513
120514
382658
382659
382662
382663
382665
382673
251603
382677
251609
120539
251611
251614
382687
382688
120547
382693
382694
382695
251624
382702
251631
382708
251640
382712
382714
251644
251646
251651
251654
382728
251657
382729
382732
251661
251665
251669
251672
382747
251677
382750
251680
382754
120611
382756
251684
382761
382764
251692
251694
382768
251698
251702
382774
251703
382777
382779
251707
382781
382782
382783
120640
251714
382786
251716
120646
382791
251721
382793
382796
251725
382799
382802
251733
251741
251745
251749
382827
251757
382830
382835
382842
251772
251775
382851
251780
382857
251786
382858
120715
120717
382862
251790
120719
251792
382867
382870
120727
382872
382873
251802
382874
251805
382879
382882
251811
382883
251814
382887
251828
251830
251834
382909
251838
382914
251845
382920
251850
382924
382925
251853
251857
251862
382938
251867
382940
382942
382943
251872
251876
382948
382950
251886
382960
251888
251890
120821
251893
382969
251898
251900
251903
382975
120834
382978
251906
251907
251910
382983
120843
251917
382990
251922
382995
251924
382998
251928
251932
120863
251936
251940
251943
383016
120872
251945
120873
383018
383021
251950
383023
251953
251958
383031
251962
383036
251965
120895
251969
383041
383043
383045
251975
251978
251980
383055
383060
251990
251992
120924
251996
252000
383074
252003
252010
383083
252016
383089
252020
252027
252031
383105
383107
252035
252038
383111
120970
252042
383115
252044
383116
383119
252048
383122
252052
252055
252058
120987
383134
383138
252072
121001
383146
383149
383151
383153
252082
383158
252086
383159
383162
252090
383165
252095
383169
252098
383173
383174
252102
252106
252109
383182
252110
121039
252113
121041
383186
383188
252117
252120
383192
252128
383205
252133
252135
252140
252143
383215
252146
252151
383224
383229
252158
383231
252161
252165
252167
383240
252171
383247
252175
383249
121106
252181
252183
383255
383256
121115
252187
383260
383262
252191
383265
383268
252197
252199
383275
252203
252207
383279
383282
252212
383285
383286
121142
383290
383291
252220
252225
252228
383301
252230
383303
383304
252233
383308
383309
252241
252245
252247
383319
252249
383324
252253
383326
383331
383333
252261
383335
252264
383337
383343
252271
383346
383347
252276
383350
252278
252281
252283
383360
252289
252291
383364
383366
383367
252295
252297
383373
383374
252304
252308
383382
383383
252311
383384
252314
383387
252316
383391
252320
383393
383395
383397
252329
383401
383404
252333
252339
383411
252342
383414
383415
383416
252345
383422
252350
252359
383433
252362
383434
252364
383438
252368
383441
252369
383443
252374
252379
252382
252385
121315
252389
383462
383465
383466
383471
383472
252401
252404
383479
383480
252409
252414
383492
383500
252430
383502
121360
383506
252435
252439
383511
383512
383513
252444
383518
252446
383519
252448
252450
383522
252454
252457
252460
383534
383535
252464
252468
252474
383546
383553
252484
252488
383566
383571
383573
383580
252509
252512
383586
383587
252515
383589
252517
383592
252521
383594
252525
383597
383598
252528
252531
383604
383607
383614
383615
383617
252546
383619
383620
252549
383622
383624
252556
383632
252560
252564
383639
252569
252573
383646
252575
252580
383656
252584
121513
383662
252591
383664
252593
383666
383668
383671
252600
383673
383675
252604
383677
252610
383683
252613
383685
383687
252617
252620
252623
383695
121552
383699
121556
383701
252629
252635
383707
383710
252639
121568
383712
383714
121571
252646
383720
252650
252654
383728
383731
383735
252664
383737
121594
252668
383741
383742
252672
252674
252676
383749
383752
252684
383759
121616
383762
383765
252694
383766
252697
383773
383776
252704
383780
252710
383785
383787
252715
383788
383791
252730
383803
121660
252734
121662
383808
252736
383809
383811
252742
252745
383819
383821
252751
383829
252761
383835
383836
252765
383838
252772
252775
252778
252780
383855
252783
252785
383857
383859
252789
383862
252794
383868
252798
383870
383872
252801
383874
383875
252804
252808
252814
383887
383890
383891
252822
383897
383899
252827
252828
252832
383905
252835
252839
383911
383914
252843
383916
252847
383919
121775
252851
383927
252856
252858
383930
252862
383934
252865
383938
383945
252874
383948
252879
383952
252882
383955
252886
252889
252893
383965
252896
383971
383972
252900
383973
383975
252904
383980
252911
252914
383988
252917
383992
252926
383999
384000
252928
384002
252931
384004
384005
252933
384006
384010
121870
384015
252943
252949
384025
252954
252960
384033
252963
384037
252966
384039
252971
384043
384045
252973
252977
384050
252979
384053
252983
252986
384058
384059
252995
384067
121924
384069
384071
252999
384072
384074
253003
384076
253006
384080
253010
384083
253012
384086
384088
253016
121944
384090
121946
384095
253025
384099
253029
253030
253032
384105
253034
384107
384110
253040
253043
384118
253047
384120
384122
253050
384123
384124
253053
253055
384127
384132
253062
384136
253065
253068
384140
384142
253072
253074
384146
384148
384150
253080
253083
253086
384159
384160
253088
384164
253093
253095
253097
384171
384174
253104
253107
253110
384183
384186
253118
384190
384191
384195
253126
384200
253130
253135
253137
384210
384213
253146
384219
384220
253150
253158
253160
253162
384237
122094
384241
384243
253171
253173
384252
253182
253185
384259
253188
122117
253191
384265
384267
122124
384269
253206
384279
253208
384284
253216
253219
384291
384292
253221
384294
253223
253227
384301
384303
122161
253237
384314
122171
253244
253246
384324
253253
253257
384329
384335
384336
253270
253272
384347
384349
384350
384353
253282
384355
253285
253286
384359
253289
253295
384368
384371
253300
253303
253306
384382
122239
384385
253314
253317
384392
253321
384395
384396
253328
122256
384400
384403
253331
384406
253337
384413
384414
253343
253348
384423
253352
253355
122283
384427
253358
384432
253361
384436
384442
384443
384444
253372
253382
384455
253383
253386
384460
253390
253394
384467
122325
253400
384473
384475
384477
384479
253408
384481
253411
253413
384486
384488
253416
253422
384495
384496
384501
122358
384503
384504
253436
384510
253440
253443
253445
253446
253447
384519
384521
253450
384524
253456
253459
122388
253462
384534
384535
253467
384541
253470
253472
253473
384547
253476
122408
253480
384552
384554
253483
384559
384561
384563
384569
384572
253502
253505
253509
384582
253513
253516
384589
384591
253520
384595
253527
384601
253531
384603
384605
253535
253537
122466
253540
122469
122470
253543
384615
384617
253546
253549
253551
384625
384630
253560
384633
384634
384635
253564
253570
384643
253573
122502
384646
384647
253577
384650
384652
122509
253581
384657
384661
384666
384677
253606
384679
384682
384683
253611
253615
122544
384688
384690
253619
122548
384694
384695
253623
253626
384705
253635
253639
253641
384713
384715
384717
384718
253647
384722
253655
384728
384734
253662
253666
384741
253670
384745
384749
384750
253679
384754
253682
384763
253693
384765
384767
253696
253699
122627
253703
384775
384777
384780
384782
384787
253716
384792
253721
122649
384793
384794
122652
253727
253729
384802
384803
384804
253733
384807
384808
253736
384809
384811
122668
253742
384818
253746
384821
253750
384827
253756
253757
384838
384841
253771
384845
253775
384851
384852
384859
253791
253794
253796
384868
253798
384873
253801
384875
122732
384878
384882
253812
253816
384891
253820
384895
253824
253830
253832
384906
384907
253835
253841
253845
384921
122777
253853
253860
384935
253863
253866
384940
253869
384944
253872
384946
384950
253880
253883
253886
253889
384965
384967
253897
384973
384976
384978
384981
384986
253916
122844
384989
384990
384992
253920
384995
384998
385000
253929
385005
253935
253938
253941
385014
385016
253944
385017
385020
253950
385023
385025
253953
253954
122883
385030
385032
385037
253965
253970
253973
385048
253977
385051
253981
385059
385065
253993
253998
385071
254003
385078
122934
385081
254011
385083
122940
122952
254025
385098
254028
385100
385102
254033
385108
254037
385111
254040
254042
385116
254047
385119
254049
385123
254052
385127
254055
385134
254063
385138
254066
254070
385145
385146
385147
254076
254078
385153
254083
385157
123016
254088
385161
385166
385168
385169
385171
254099
385173
254102
385175
385176
385177
254106
385182
385183
254112
254114
385186
254117
385190
385192
254123
254132
254138
385213
385218
254146
254150
385223
254154
385228
254158
385230
385232
385233
254162
254164
123093
385238
254168
385247
254177
254180
385252
123112
385256
254185
123115
254188
385260
254193
385266
254195
385269
123126
385277
385279
254207
385280
254209
254212
385284
254214
385290
385292
385295
385297
254229
385301
385302
385304
254235
385307
385310
254239
254244
385316
123172
385320
385322
254251
385324
254254
385327
254257
254261
254264
123194
385338
254272
385344
385346
254275
254276
385350
254279
385352
385353
254283
385356
385357
385359
385362
385364
385365
385366
385370
254299
385371
254302
254304
385377
254307
254310
254313
385386
254317
385389
385390
254321
254324
254330
123259
385404
254332
385406
385411
385413
385417
123274
254349
385424
254352
385425
385428
385435
385438
254367
123297
254371
385444
385446
385450
254379
254380
385455
254384
385458
123315
254388
254390
254393
385472
254402
254405
385477
385480
254410
385483
254413
254417
385490
254421
385494
385495
385500
123361
254435
254438
254440
385514
254443
385517
385520
385521
254451
385526
254456
254459
385532
385533
385536
385537
254466
385538
385539
385541
385542
254471
254474
254477
254480
385552
385554
254487
385567
254497
385569
385571
254501
254505
385580
254509
123437
254511
254512
385585
254515
254519
385595
254523
385596
385597
254527
385599
385604
254532
385609
385610
123466
254539
254541
385613
385614
254545
385617
254547
123477
385622
254550
254556
385629
385633
254562
385636
385637
385639
385642
254572
254573
254576
254580
254582
385661
254590
123519
254593
254595
385669
254598
385672
385675
385676
254607
385679
254612
385685
254620
385697
385698
385699
385704
385706
254634
254638
123566
385712
254641
385715
254644
385718
254648
254652
385725
254656
385729
385730
254660
254669
254672
254674
385746
385747
254676
385748
385749
385751
254680
123610
254683
254687
254689
254691
254693
385765
254695
123625
254700
385773
254703
254708
254711
385784
254715
254717
254722
254723
385798
385801
254729
254731
385804
254735
254739
385811
254741
385814
385815
254745
385818
385819
254748
254752
385826
385827
254758
385830
254764
385837
385839
254768
254770
385844
385846
254777
385851
385852
385854
254782
385857
254786
385860
385861
254791
254794
254801
385875
385877
385879
254809
254813
254817
123746
385892
254821
254823
385895
385898
254827
385903
385904
254833
385906
254837
385919
385920
385927
123784
254857
123785
385929
254860
123789
385934
385935
254866
385938
385940
385941
385942
385944
254873
385947
385950
254879
123807
254881
123811
254886
385960
385961
123819
254892
254895
385967
385969
385970
385974
254903
385977
254908
385980
385982
385986
385987
385990
254922
385996
254926
385998
386002
386003
386008
386009
254937
386010
386016
386017
254947
386024
386026
386027
254958
254960
386032
386035
386039
386040
386042
254970
386044
386045
386048
254977
386050
254979
123910
386054
254984
386057
254988
254992
386066
386067
254996
386068
123925
386070
254998
386073
255001
386076
255009
255012
255015
386088
386091
255020
386093
255023
386097
386098
386099
386102
255030
386106
255037
386113
255041
123970
386114
255044
386117
386119
255047
255048
386121
386123
255052
255056
255060
386136
255067
386140
255069
255071
386144
386152
255081
386156
255085
386162
255092
255095
255100
386172
386180
255111
386184
255115
124046
255121
255124
386199
255130
386202
386204
386207
386208
386210
255141
386215
255146
386218
386219
386221
255150
386224
386226
255154
386230
255160
124090
255166
386240
255169
386241
124098
386243
255173
255176
124105
386255
255183
386259
255187
386261
255193
255197
255198
255203
386276
124133
255205
386278
255207
255211
386284
386285
255215
386289
255218
386293
255225
255237
386310
255241
386313
386315
255245
386317
386319
255248
386321
255251
255252
255255
124186
255258
255259
386332
255263
386336
255266
386339
386340
255269
255273
386346
386348
255281
124211
255284
255288
124217
386362
255290
386367
255297
386376
386379
255307
386380
255310
386382
124242
255316
386388
386390
386392
255325
255327
255330
386403
255333
386406
255336
255337
386413
255342
386415
255345
386418
386419
124275
255349
386422
255350
255352
386425
255355
386428
386431
255360
386432
255364
386436
255367
386442
124298
255370
386443
255373
386447
255377
386449
255381
386453
386456
255389
386461
255393
255395
255399
386473
386475
255403
386478
386479
255407
386484
386488
255416
386490
255418
255420
255423
255426
255428
386501
255431
255434
386512
386515
255446
255448
386521
255455
386528
255458
124386
386531
255462
386540
255469
255471
124399
386545
255475
386547
386550
255479
386552
386553
386554
255483
255487
386559
386561
386567
255495
386569
255501
386573
386575
386578
255508
386584
386586
255515
255520
386597
255529
255533
386606
255535
386609
255538
386611
386613
386614
386615
386622
255552
255554
386626
386628
255558
386632
255560
386634
255565
386639
255569
386642
255571
386644
255577
255582
255586
386660
255590
386662
386663
255592
386668
386670
255603
386679
386680
386683
255611
386684
255614
386687
386690
386694
255622
386697
255626
386699
386700
255631
386703
386705
386706
255635
386708
124565
255639
386713
255643
386715
255647
255653
386725
386726
124584
255656
386729
255661
386733
386740
386741
386743
255674
386747
255677
386750
255681
386753
386754
386757
386759
124615
255688
386761
386764
255692
386765
386768
255700
386775
386776
255707
386780
255711
255714
255717
386790
386792
255721
255726
386802
255730
386803
386804
255735
386807
386809
386811
255740
386814
255747
255752
255755
255759
255764
255768
255772
386846
386847
255779
386852
386853
255782
255784
386857
255791
255795
386867
124725
386870
386871
386875
255804
255808
386884
255813
386886
386887
255815
386893
386898
255827
386901
255831
386905
255836
386910
386913
386914
386915
255844
386917
386918
255851
386927
386929
255857
386931
255860
386935
386938
386940
255869
386943
255871
386947
255876
386952
255880
255882
386954
255886
124817
255889
255891
255893
386967
386971
255900
386973
255904
124835
255907
386985
255914
386988
386990
255921
386994
255926
386999
387003
255936
387012
255944
387016
255947
387025
255955
255956
255958
387030
255960
124889
255962
387035
255964
255967
255970
387042
387045
255974
387046
387050
255978
124909
255984
387056
124914
255988
387062
255992
387065
387067
255995
255998
387072
124928
256002
387074
387076
256006
387078
124936
387080
387081
256009
387085
387087
387088
387090
256021
256025
387099
256029
256032
387107
256038
256041
387114
256044
387117
256046
256049
387122
256054
387126
256057
387130
256063
387142
387145
256075
256078
387150
256080
387153
256082
256085
387157
387159
256088
256089
387162
125019
256092
387164
256093
256095
387170
387171
256099
387173
256103
387177
387178
387179
256107
256113
387185
125042
387186
387191
387192
256125
387200
256129
387201
256131
256137
387210
125069
256142
256152
387225
256154
387226
387230
256161
387235
256164
387238
256167
256170
387247
256175
387248
387249
256181
387255
256185
256187
256190
387265
256196
387268
387269
387272
256200
256204
387279
387281
387282
256211
125139
256215
256216
387290
387295
256225
387298
387300
256229
387302
256232
387305
256235
256238
256241
256245
387317
125174
387320
256249
256253
256257
387329
387333
256261
387336
256265
387341
256269
256272
387346
256276
256280
256283
387355
256291
256293
387365
387366
387369
387373
256301
387375
387377
387378
387380
387382
256312
387385
256316
256318
387392
256320
387393
387399
256329
387402
387403
256332
387411
256341
387416
387417
387419
256347
387421
387422
256350
387425
387426
256355
387427
387429
256358
387431
387432
256362
387434
256365
387438
256368
256374
387447
256377
387449
387453
125309
387455
256383
256385
256389
387463
387469
256398
387471
256402
256406
387479
387481
256410
387485
256414
387487
256417
387492
387493
256423
387498
387500
387501
256431
256432
387506
256435
256437
387509
256441
387515
387518
256446
387522
387523
256451
125380
256453
387535
387536
387538
387541
256469
387542
256471
387544
387546
387548
256477
256480
387553
387567
256497
256502
256504
256508
256512
387588
256518
387590
387591
256522
125451
256525
256530
387602
387605
256533
256536
387610
256540
387613
125470
387615
256546
256550
256553
387626
256556
256559
387633
256565
387640
387642
256571
387645
387647
387649
387650
387652
256581
387655
387660
256588
256590
387663
387666
256596
387669
387670
256598
387674
256604
387678
256608
387683
387685
256614
256616
387688
387695
387698
256627
387700
387703
256632
256635
387711
256641
387714
387715
387716
387719
256650
387724
256653
387726
387727
256656
387730
256660
387736
256664
387739
256668
256670
256672
387747
125604
256676
256680
256682
387754
256684
387760
387765
387766
256695
256696
387770
256699
256700
256705
387779
256708
387783
256712
387786
256716
256719
387791
256722
387794
387795
387797
256725
387800
256729
387803
256734
387806
256736
256740
387814
256743
387816
387817
387818
125677
256749
387824
387826
256756
387829
256758
387831
256760
387832
256762
387834
387837
256765
387840
387841
387844
256772
125700
387845
256774
387847
256777
387849
387850
256781
387858
256792
387866
256794
256797
387872
256800
256802
387878
256808
387883
256812
256813
387887
256816
387890
387891
256823
256826
387900
387901
256833
125763
256835
256838
125767
387911
387913
256844
387919
256847
256850
256852
387924
387932
256861
125790
387935
387937
256865
256867
256871
256874
387947
256884
387956
387959
387960
256888
387961
387963
387967
256895
256897
387970
387971
256900
387975
387981
256909
387983
125841
387986
387991
256923
256926
256928
388004
388007
256939
256943
388019
256948
256951
388023
388024
388029
256958
388033
388034
388037
256967
256972
388047
256977
388051
256981
256988
388061
388062
256994
388070
256998
257002
257006
257008
388082
257014
388086
125943
125944
257018
388091
388092
257021
388093
388097
257030
125959
257032
257034
388108
257038
388112
125972
257047
388122
257051
388124
388125
388126
257055
388129
257061
388135
257063
388136
388139
257070
257078
388151
388152
257081
388155
388156
257084
388157
388161
388162
257091
257095
388168
257099
257104
126032
257106
388178
257109
388181
257114
388188
126051
388200
388202
257132
388207
257136
388213
257143
388216
388217
257146
388218
388221
257150
388222
257154
388228
257156
257163
257166
388240
257170
257176
257180
388253
257187
257190
257195
388268
257200
388274
388275
257204
388276
388277
257206
388281
257210
257213
257216
388289
257218
388290
388296
388297
257225
388298
388300
126156
388302
388305
257234
388308
257236
388309
257240
388313
388315
388318
388320
388322
388324
257252
257254
388328
257256
388329
257260
388333
388334
388335
388337
257265
388338
388346
257278
388350
388351
388352
257283
126211
388356
388358
257287
388359
388360
257288
257292
257295
388368
257297
257299
388372
257303
388376
257304
388377
388379
257309
257313
388385
388386
388388
388389
257318
257321
388395
257324
257328
388401
388403
388405
257333
388409
257340
388416
257346
388418
388421
388422
257353
257356
388428
257359
388432
388434
388435
388436
388439
257368
388441
388442
257370
257372
257373
388445
388450
388456
126312
388457
388459
257389
388463
388464
257392
388465
257394
388467
257397
388470
388471
257400
388473
388476
388478
126334
388480
388482
388483
257412
388487
257416
388492
257420
388494
257423
388500
388505
388511
257439
388513
388514
257444
388517
126374
388519
388521
257449
388522
388527
257455
257462
388535
257464
388538
257469
388544
257473
388548
388549
257478
257480
257482
257485
388561
388564
257494
388567
388568
257501
388574
257506
388581
388583
257512
257514
388588
257517
388590
257522
257524
388599
257533
388610
257539
257542
257544
126473
388617
257546
388619
257548
388621
257551
388626
388629
388630
388632
257561
388636
257565
388639
257569
388642
257572
388648
257577
388650
257579
388652
388653
257587
388661
388664
257594
388670
257605
388677
257607
388680
388683
388686
388687
257621
388693
388695
257625
388706
257635
388709
126566
388710
257641
388713
388715
257643
388722
388724
388726
388728
126588
388732
257660
388733
257662
388738
257666
257668
388742
388746
257675
388748
388751
388752
257681
388756
257685
388758
388762
388764
257694
388767
257698
388772
388775
126632
257704
388777
388778
257707
126638
257711
388785
257715
388788
388790
257719
388797
257725
257727
388801
257733
257734
388806
257737
257740
126668
257743
388815
388816
388824
388827
257756
388828
388830
388834
257766
388839
257769
388841
388842
257772
257774
388847
257776
388849
388851
257779
257782
388854
388857
257785
388858
388859
257788
257793
388865
257796
388870
257799
388873
388875
388878
257806
257808
126738
257812
257815
388888
388890
257818
388892
388896
257831
388903
388905
257835
257837
388909
257838
126766
388912
257841
388914
388915
257850
388925
257854
388931
126788
257860
388937
388938
388940
257868
388943
388949
257877
388950
388951
388952
257881
257888
388961
388962
257892
388966
388970
126828
257900
388973
388975
257903
126832
257906
388981
257912
388984
388988
257917
126845
388992
257921
257924
257927
389002
126858
257931
257935
257937
389009
389012
389019
257953
389026
257957
257960
389034
389036
126893
257966
389039
389040
257970
389042
389043
257972
389045
257974
389046
257977
389049
257979
389054
389055
257985
257988
389061
257992
389065
389066
257994
389070
389072
258000
258002
389074
258005
389080
258009
389084
258012
258013
389087
389090
258025
389098
389099
258029
389104
389106
258036
258038
389111
258042
389120
258048
389121
258050
389123
258053
258057
258060
258062
126991
258070
389150
389151
389152
258082
389156
258086
389160
389161
258089
389162
389164
389165
258097
258099
389171
389172
258102
389175
258104
389181
258110
389184
258114
389187
389189
258117
389191
258122
389196
258127
258129
389201
389204
258133
389206
258137
389211
258142
389214
389216
258146
389219
389220
258150
389224
258152
258154
127085
389229
258159
389232
258162
258164
389237
258168
389242
258170
258173
389247
258176
258180
389254
258184
389257
258188
258190
258192
389267
258195
258198
389272
389274
258205
389277
389279
389280
258210
127141
258214
389287
389290
389291
258221
258222
258225
389297
127155
258228
258230
389304
389306
258237
389311
389314
258244
389320
389322
258252
389325
258254
389327
389328
258258
258260
389332
389339
258267
389340
258270
389344
258276
389349
389351
389352
258281
258282
389354
389362
258292
389368
258296
389370
389371
258301
389374
389376
258304
389378
258307
389379
389384
389386
258316
258318
389391
258320
258322
258325
389400
258330
389403
258333
389406
389408
258336
389409
389411
389412
258340
389414
258344
389418
258347
258349
258351
389424
258353
258356
389428
389432
389434
258363
258365
389437
389439
127298
389443
389444
258372
389446
258376
389449
389455
389458
258387
389461
258390
389463
389465
389467
258395
389468
389469
258397
258401
389475
258403
258405
389478
258408
389480
389482
258411
389484
389488
258417
389493
258421
389494
389496
258424
389498
389499
389500
389501
258430
258433
258435
389510
389514
389516
389517
258445
389521
258451
389523
389525
258455
389529
258457
389532
258461
389534
389537
389542
258471
258474
258477
389552
389555
258483
127413
127415
127418
389563
127422
389566
389568
389570
258500
258503
389575
389577
389578
389579
258507
389581
389582
389583
258511
389585
258517
389593
258521
389597
258527
389599
389601
258531
389603
389605
258534
389608
258539
389613
258543
389617
258548
389620
389623
258552
389626
389627
258556
389633
389634
389636
127494
389638
389641
389648
258578
389651
389653
258582
389655
127512
389656
258586
389659
389660
127516
258591
389664
389665
258594
389668
258596
389669
258598
389671
258602
258605
258607
258612
389686
258615
389688
389691
389693
389696
389699
258628
389700
389702
389703
258632
258639
258643
258646
258649
127581
258655
389728
389731
258659
389734
389736
258664
389738
258667
258670
258674
389746
389747
258678
258680
389753
389756
389759
258687
258689
389770
258698
389774
258702
258707
389779
389781
258711
258713
389787
389793
258723
389797
258727
389800
389801
258730
258733
389806
389807
258736
389808
389809
389814
258742
258746
389819
389821
127679
258752
389827
258756
258760
389836
389838
258766
389841
389843
258772
389844
258774
258777
389850
258780
389853
258783
389857
258785
389861
258790
389863
389864
258793
389866
389868
258798
258803
389875
389877
389878
389880
258808
127737
258810
389882
389884
127740
258814
389889
389894
389895
258823
258826
389903
389904
389905
389907
389908
258839
389912
389913
258843
389917
389918
258847
389920
258849
389922
258853
389925
389929
258857
389931
258861
389933
258862
389935
389936
258865
389937
389939
389940
258868
127798
258871
389945
389946
389948
258878
258880
389955
258884
258886
389960
389963
127819
258892
389967
258896
389969
258898
389971
127832
258906
258910
389984
258914
389986
127843
389987
258916
258918
389990
389992
258921
389995
258924
389997
389998
389999
258928
390000
390001
390002
390003
258933
390008
390010
258939
390017
390019
390020
390021
390023
258954
258956
390030
258959
127887
258962
258969
258973
390045
258976
390050
258980
390056
390059
390062
258994
258997
390069
258999
259000
390072
390073
259003
390076
390077
259006
390078
259009
390082
390083
259013
259015
390089
259017
390090
390091
259019
390094
390097
259027
390101
390102
127959
259031
390104
259033
259035
390108
259038
390112
390115
390117
259047
259050
390123
390124
390125
390126
259056
259059
390132
390134
259067
259072
390144
128001
390145
390146
259075
128005
259079
259083
390156
390157
390159
390161
390163
259091
390164
259093
390167
259097
259100
390174
259103
128031
390178
259107
390181
259110
390183
390184
259115
390189
259118
390191
390193
259122
390195
259129
390202
259131
390204
259133
390207
259137
259140
390214
390215
259144
259147
390220
259148
259151
390226
259155
390228
259157
390231
259160
390234
390235
390236
390238
259166
390240
259170
390243
259173
390248
390250
390252
390253
390254
390256
259185
390260
259190
390262
390266
259196
390269
390270
259199
390271
259203
128135
390281
259209
259211
390286
390288
390292
390294
259224
390297
259227
259228
390301
390302
259231
259233
390306
390309
259237
390311
390313
259241
259244
390317
390321
259249
390323
259255
390328
390331
259259
390333
390335
259266
259272
390344
390345
390346
259275
390349
259278
259281
128209
390353
390356
390360
259289
390362
259293
390367
259297
390371
259301
128230
390375
390377
390379
259313
390385
259316
390390
390392
390393
390396
259330
259333
390407
259337
390410
128266
259341
390414
259344
390422
128280
390425
390426
259354
390428
259357
390429
259359
390432
390435
259365
259369
390444
390445
390449
390450
390451
259379
259381
390453
390454
390455
390456
259385
390457
390459
259388
390461
128317
390462
259391
259393
259396
259398
259400
390474
390475
259404
390479
259408
390485
259414
390487
259417
390491
259420
390494
259424
390498
390501
259430
390503
390504
259434
390507
259438
390512
390513
390515
390517
390518
259447
390521
390522
259452
259457
390532
259463
390536
259470
259473
390546
259476
390549
259480
390552
259484
390559
390560
259492
390564
128421
259494
390568
259498
259502
390574
390575
390577
259505
390578
259508
390580
390581
259510
390583
390585
259514
390586
259517
128446
259519
390592
390594
259525
390600
259528
390602
390603
259532
390604
390609
259538
259542
259544
390618
259546
259550
390623
259552
390625
259555
128486
259558
390632
259565
390638
390640
259569
259572
259576
390648
259578
259582
390655
390657
259588
390660
390663
390664
259593
390665
390666
390667
390668
390669
259598
390672
390674
259603
390678
259611
390685
390687
259615
390688
259617
390689
390691
259620
390697
390698
259628
390700
259631
390704
259635
259637
390709
390710
259640
390713
390715
390717
390725
390727
259660
259663
390735
259665
390737
390739
259669
390741
390745
259675
390750
259681
390756
259686
390760
259690
390763
390764
259694
259697
259699
259703
390777
390778
259706
390781
390783
128639
259712
390785
390787
259721
390795
390797
259725
259727
390806
390807
390816
259748
390820
390822
128679
259752
390825
390827
259755
128686
390830
259758
390832
259761
259762
390835
390836
390838
390840
259768
390842
259771
259772
259773
259776
390850
259778
390852
390854
259782
259784
390856
390859
259790
390863
390864
390866
259796
259801
390873
390874
390876
259804
390879
259808
390883
259811
390888
259816
259819
390891
390892
390893
390894
259823
390897
259827
390900
390902
390903
128765
259837
390910
390912
259840
259842
259847
390919
259848
390922
259853
390927
259855
259859
390933
390935
390938
128795
390941
259870
390943
259873
259875
390948
259878
259881
390954
128811
390956
259885
259890
390964
390966
259896
390969
390972
390973
259903
390976
390978
259907
390980
259910
390985
259914
390988
259917
390992
259923
390996
390998
391000
391001
259930
391003
391007
391008
259936
259940
391014
391015
259944
391017
391020
391027
259957
391030
391033
259962
391035
259965
391038
259968
391041
259971
391043
259974
391048
259976
391056
391058
259987
391060
391062
128918
259994
128922
391067
259998
391078
391079
260009
391082
260013
391086
391088
260016
391089
128948
391092
260022
391096
391098
260027
391100
391102
260031
391104
260034
391108
260037
260040
391114
260044
391117
260048
391121
260051
128981
260056
391130
391133
391138
391139
260070
260073
391149
391150
391151
260079
391152
260082
391156
391157
391158
391160
260091
260098
260101
391174
391175
391177
260105
260108
260109
391183
260111
260114
391186
260118
260120
391193
391194
260123
391196
391197
260127
391200
391204
260134
391206
391209
391214
260145
260147
260152
260157
391231
260160
391235
260164
391238
260168
391243
260173
391245
391247
260178
391252
260181
391254
391255
391257
391258
391259
260192
260195
129125
260198
391271
260200
391275
260203
260204
391277
260206
391279
260209
260212
260215
391288
260218
391292
260221
391295
391296
260225
391299
260228
391302
260230
260231
391303
391304
260235
260238
391311
391315
391318
260249
391322
391323
260255
391329
260258
260261
260264
391337
260267
391339
391343
391347
260275
260279
129211
391355
391357
260288
129219
391364
391365
391366
391368
391370
260298
391373
260302
391376
391377
260306
391381
391382
391385
260316
391390
260320
129250
391395
260324
391397
260332
391405
391407
391409
391410
260340
391412
391414
260345
391421
260349
260350
391424
260354
260357
391432
260361
129291
391435
391437
391440
391441
260370
260374
391446
391448
260377
391451
129309
391454
260385
260389
260391
391464
260396
391470
260399
129327
391473
391477
260406
391480
260409
391484
260413
391486
260415
260417
129348
129349
260423
391496
260427
260429
391504
260433
260434
391507
260435
391508
260438
391512
260442
391515
260444
260446
260450
391522
391526
260455
391528
391530
391532
391533
260462
391537
260468
391542
260471
129399
260472
391545
260475
391548
391551
260479
391555
260483
260487
260491
391565
260494
391566
391567
391569
260498
260502
391574
129432
260504
391577
391579
260508
129439
260512
391585
391587
260516
391588
391591
391592
260522
391594
260526
391599
391600
129457
260531
391604
391605
260535
391608
260541
260544
391616
391617
391621
260560
391632
391634
260567
260570
260571
391645
260574
391647
391648
260578
391651
260581
391653
260583
391655
391658
260587
391661
391662
129520
391664
260596
391668
260600
391672
260602
391675
391677
260607
391681
391687
260615
391690
260619
391692
129549
260622
260624
391697
391698
391700
260629
391702
129559
391709
391710
391711
260640
391713
260642
391714
391717
260647
260649
391724
391730
260660
391733
260664
260666
391739
260668
391741
260670
391742
391744
391748
391749
260677
391750
391752
260680
391753
260684
260688
391761
260691
391763
391765
260693
391766
391767
260697
391770
260700
391773
260704
129633
391777
391780
260708
391782
260710
260712
391785
129642
391787
129645
260719
391791
391797
260728
260731
391804
391806
391808
260737
260738
391812
260741
391814
260744
391820
260748
129677
260751
391823
129681
260755
391829
129685
391830
260761
391834
391837
260767
391840
260769
391841
391842
391845
260773
260775
260778
260780
391855
391858
260786
260788
391860
391862
391864
260792
391865
391866
260794
391868
260797
391869
391871
260800
391873
260804
391877
260806
260810
260814
391886
260818
391895
391897
391900
260829
391903
391904
260836
391911
260840
391916
391918
129776
391923
260852
391925
260854
260856
391929
391931
260859
391932
391933
260862
260871
391943
391945
260874
260875
391947
391949
260878
129811
391955
391956
391957
391958
260886
260890
391963
260893
391966
260897
391970
391971
260901
391979
260912
391984
391986
391987
260921
391994
260925
260928
260932
392005
260939
392012
392014
260945
392019
260952
392026
392027
260955
260959
260962
392042
260970
392045
260974
392048
392049
392054
260985
260988
260990
260994
392070
260999
392071
129927
261002
392078
392080
261011
392084
129943
261015
392088
392090
392091
261021
392096
261027
392100
129959
261031
261034
261041
392114
261043
392116
261044
392118
392119
261048
392121
129978
392123
261052
261054
392127
392129
261058
392131
261061
392134
392135
261065
392139
392143
261074
392148
261079
261081
392154
261084
392158
261090
261094
392170
261098
392171
261104
392178
392182
392185
261115
392187
392190
130046
261122
392194
392196
261125
392197
392200
261128
261130
392202
392203
261132
392206
261135
392208
261137
392211
392214
261142
392218
261146
392225
261154
392226
392227
392229
261157
261160
392233
392235
261163
261168
392241
130099
392243
261171
392247
261176
392250
261181
261185
392258
261188
392260
261194
392267
261197
261200
392272
392273
261204
130134
392279
261208
261209
392282
392284
261213
392289
261217
392292
392294
261223
392296
392298
261227
392300
261231
392304
261234
392309
392310
261238
392311
130169
392313
130170
261242
392314
392316
261245
392318
392320
261248
392322
392323
392324
261253
261256
392329
392333
261263
392336
392337
130194
392339
261267
261270
392342
392346
261275
392352
392354
261283
392358
392360
261289
392364
130222
392366
392367
392368
392369
392372
392375
261306
392379
392381
261313
392386
392388
261316
392392
392394
261322
392396
261326
392400
261328
261330
392402
392404
392406
261335
392408
392410
261339
392414
261344
392416
392417
392418
261347
392420
392426
261355
392428
392430
392433
261362
392434
261366
392438
261369
392442
392445
261374
392447
261377
392450
392452
392454
261382
392455
261386
392458
392459
261388
392468
261398
392472
392473
392474
261402
392475
261403
392478
261407
392480
392481
261411
392483
392485
392487
392489
392491
392496
261425
261426
392499
392501
392502
130359
261431
392504
261434
261437
392510
392511
261440
392514
261443
261447
261450
392523
392525
392527
392529
261460
261463
392536
261467
261471
392544
261475
392550
392554
261483
392556
261486
392558
392560
392564
261494
261498
392572
261500
130428
392573
130431
392576
261505
392583
261511
392586
392587
261515
392588
392590
261518
392592
261522
392595
261524
261526
392601
392602
392603
261532
130462
392606
392608
261538
261539
392613
261541
392614
261544
392617
261547
392623
130480
392626
261556
392629
392630
392632
392633
261566
392640
392642
392644
392645
392646
261579
392652
261581
261584
392658
261587
392661
261591
261593
261595
392667
261596
392669
392670
392673
130530
261603
392675
130534
261607
130539
261611
392683
392684
392689
261617
392690
392694
261626
392700
392701
261630
261632
392705
392706
261635
392708
261638
261642
261644
130574
392718
261647
261650
392725
261653
130583
261656
392730
261659
392731
261672
392745
392748
261677
392751
392752
261680
392754
392756
261684
392757
392759
261688
392761
261691
392765
392768
392769
261698
392771
392774
261706
130634
392779
392781
392782
392783
261712
261714
261717
261723
392796
392798
261726
261729
261731
392803
392807
261735
392809
392813
261743
392818
261746
392819
392820
261750
392823
392826
261754
392829
392830
392831
261760
392832
392834
392836
261764
261766
261769
261772
392845
261778
392850
392854
261782
392857
392859
261788
392860
392863
261791
261795
261798
392872
261801
392878
392881
261809
261812
130742
261816
130744
392889
261820
392893
261822
392895
261824
392897
392898
261829
261832
392907
261836
392908
261841
392915
392916
261845
261847
261849
261852
261854
261859
392931
392932
261862
261866
261869
392944
392945
392946
261875
392949
392950
261878
261880
392954
261882
392957
392958
130814
261889
392962
261896
261897
392971
261902
392975
261905
392978
261907
392980
392982
261911
392985
392988
261918
392991
261920
392994
261922
392996
261929
393001
130857
393003
261933
261937
393010
261941
393015
261948
393020
393022
393027
393030
130888
393033
261965
261967
261970
393044
130900
261973
393046
261975
393048
393049
261982
393055
393057
393058
393059
393060
393062
393063
261993
393067
393069
262003
393077
262006
393079
262010
393083
393088
262016
262018
262021
393093
262024
393101
262030
393103
393105
262033
393109
262042
130971
393115
262045
262047
262050
393122
262052
393126
393127
262057
262061
393133
393134
393136
262065
393140
262068
393142
393144
393145
393146
262076
262079
393153
262083
393157
262086
393159
393166
262095
393168
393169
262103
262107
393181
262111
393184
262113
393185
393186
262115
393188
393189
393194
262126
393200
393203
393204
393206
262134
393212
262141
)


// ************************************************************************* //
